887009886
65313703
782523998
952119072
884116671
613556401
16104904
997913986
798737546
825716435
588153430
500026268
218331285
847225897
762442151
994109427
219817949
388470644
213151319
954962551
936307118
94660391
135931214
733738848
20542027
763581658
837057775
391982423
560088213
833254093
65178145
470916188
829151646
37345126
148993549
298708587
125397283
870699829
240861956
786075053
375117498
344228865
980357573
608213905
838420296
913231179
431014741
794474256
509479244
570857197
486459681
555191813
33526475
735797823
428058993
210504128
899685920
383392461
247777495
698719923
330800306
385730838
997138441
432779856
924585800
145227555
556756787
992237212
219935198
377457380
558095143
26894169
948709443
818951306
512012284
452605798
804511662
401318065
773929347
740268820
155873620
554687769
849818144
685804367
55225732
361240584
31148699
34430036
180022108
975701172
863936894
587250541
884987627
615341811
957536086
990061139
512071839
564270906
569112405
661825913
182961164
969842260
522066857
293170582
975329756
975412308
240026672
478673261
885849165
926237802
982262082
241482657
478465772
701507953
128802163
104457785
554995310
836196513
253310432
66426698
244636462
97391361
159930050
218066823
174060682
127903925
892501041
509767935
72858793
936923047
512909900
612184031
670375647
432080112
735206339
217413477
385519338
828049008
922662274
587097846
990696495
3869062
32097750
694007715
170535800
667088234
859854878
667145604
241971748
630059780
797995323
15358911
371775960
800875178
66663926
626677790
733811432
923718122
245323882
516728371
700904560
518454022
587047969
597961085
47009685
743700412
58571248
293818256
178049469
831231921
337960618
438760259
150551012
424591990
368549717
396194690
473358126
42071593
752806811
884844719
553366348
734830436
594965591
530038422
181161670
410786233
710983046
252503485
118167349
658046300
214105858
720015283
166461406
304744512
451331646
424697316
931630328
984310639
732956701
582073154
1256872
878298496
544897929
654598752
700120790
514545571
645196794
206540483
41111537
490124581
330258306
68895560
353125099
534770729
156573851
408618160
891831719
735838991
85363772
578019278
829932042
345395191
540670368
417797110
442206879
63923764
534137227
375035082
257725
996056570
944166232
532777173
68378779
303315792
539534546
392823344
550329770
630609724
783129909
83403746
788927042
587522263
726326446
417136716
178049469
130712893
412497840
280750397
427255127
751426755
12304883
824688907
374422716
291807193
557200638
755793490
594132092
167734700
760421718
612187498
655077026
727326608
283707807
284266389
27761870
642255575
720874978
23463161
89713828
9229012
581464548
281966982
63741128
315848180
523582481
442921480
713087150
946745682
424099743
673029793
269082757
184948418
64453962
375974845
411413373
425791597
901003720
950128182
136497274
533367202
726090121
179104044
382696878
234640722
391940177
701592033
950505198
455793912
330291821
896581147
320378549
159939505
681566042
623736078
872835490
532021900
451820607
439991918
567922174
194380990
815989494
76337338
552699431
199092763
25935659
943950633
568094841
380103627
144747373
34173460
409853329
137627474
524258263
666066638
492746495
165839797
948598750
710410072
213947960
460185690
563642326
127359140
633660615
707767190
727260891
407070879
121634894
782364846
540406997
124782852
533407321
401284133
462808160
375107473
914898695
897584833
343273557
937785818
225368396
348400098
49444303
83186822
800701337
849620622
934407105
960634367
914565425
123692606
494648289
711503854
382463427
23872532
940689654
126907188
296662417
766312832
432523709
350167618
677831128
116011955
834680735
54411745
29580423
323245015
305517529
504064844
76597527
480747609
443646839
247556472
397932873
816784148
111677304
481997708
140744426
89620901
164983190
147856711
717543436
372380253
750638551
200967815
433548910
568189018
796012134
102018991
722341084
395826521
395890675
587579951
441879521
927866847
711053358
672748329
943986848
150785783
347695277
499934392
249906954
30261363
284335035
52960180
97803049
751009309
291201569
650232698
364880789
436740856
476889564
810254350
21385900
742783571
570639336
171025653
312408139
67708966
412288250
264059776
947546638
88128509
85928496
777869768
113355444
358639426
320485157
891683006
434339078
479253466
170844355
2173015
795184361
509931453
524308398
990956315
177781005
512311605
117335491
349638245
636248389
869800371
857930739
371750376
455329805
591005616
345442358
996138929
646911911
253722716
452463472
706150459
423307443
841338569
681791117
331176339
486870250
675522686
658820345
674119869
610911118
954006078
480063317
651165371
792436549
754501584
563138713
228484612
174938599
741870821
940157086
563673356
610551044
742566067
168092324
314256875
32628627
159498085
812311950
702231550
506298818
57374242
39963324
543249155
684304360
225931828
572997181
394060663
23145889
969343629
717547151
936598732
690063492
334702506
486990367
114423095
801966816
745654979
273566499
943751615
250883065
918467194
894876555
578182562
711143711
31351104
568709959
195157474
76866728
38019842
532326878
500552859
290144505
62520320
147913171
103237886
139691602
93411359
851568074
423611742
911555962
968035935
891349347
521225180
236370621
293026664
705860265
313963212
122338560
724583549
621926830
844621795
286376935
432757180
133207046
624464787
226193995
467861843
433612029
353359289
942484699
592241000
872925213
918775676
161415586
296282681
770101657
878265664
632182673
820337265
932241554
55297540
814710843
316897608
593569556
939672647
495707295
320206583
149624464
3032643
177253274
721398336
455412251
986436913
217431191
958884512
432190797
593852126
236275053
954162282
839607236
249188373
637958746
419007451
499012593
80735466
803195816
578322541
782613643
514515720
993901935
264601387
161537501
379029853
576110182
454550433
977952713
892002765
486609210
768764529
550782874
88819658
202013000
236937213
110967274
434845213
317206312
620037628
352985410
643382271
69124062
104802983
133365251
956047599
430587827
72392365
513539031
236925771
239392968
783690186
608434853
806188496
935061308
606531262
714739687
994095736
128136876
724921440
775153176
969787776
529106078
606926687
893113533
189338541
179198778
356650756
437805978
737385357
95766442
907700679
609691761
8613349
948111771
763735072
160676572
933653929
668300140
674731714
978067230
174494846
262210519
105591955
372413028
230376148
784266798
337183954
576331208
319989131
681195581
252317862
201173219
988427916
19444583
751916819
409509856
581830500
31994245
749592786
122750819
104339898
582975367
255248779
426291693
372332329
122000398
324775990
348537130
408402437
165082626
259967325
259109187
587237463
996565902
907501507
515649052
197406876
756426424
355221314
169881529
873924404
934669171
657039497
843178748
410998856
220358516
919178911
990450913
520604403
865279427
93326399
188238594
629326697
605739956
915835712
521966187
765852681
348000572
386269392
356305179
181232902
883390857
778434236
302625177
366471691
863481874
729715147
625185318
202603545
11101732
228590334
323279653
465004646
227557308
334217654
538447764
90881717
614627270
438527565
246901846
525998752
544095316
443949275
403384299
158860181
981717539
417570551
713282847
911017051
258030446
391584764
906492784
655065409
824402450
446874019
556078301
453839972
970326613
596698521
165064571
562341196
15563927
333732311
175674650
761006890
820744546
270816080
787218286
323138309
713449779
903686665
884291297
980240792
388338182
260610073
458369864
912180510
675965222
608058143
530112496
83141556
119998361
887046712
471356832
445543260
92061787
731464465
340310894
608905651
772521790
835544143
222949987
410666179
748536587
921015175
846885705
898804405
120176500
588855488
153676363
988455833
859451096
229302906
671219447
692472569
84780850
474892350
154303898
668586240
270555253
8072282
239333988
60207235
301259832
488582223
818482142
204423967
829791893
167083368
642166533
130340212
720246621
878441827
80417056
238380224
808523585
630370016
20793816
923800177
166832602
230497067
523843313
729885262
157784055
341358824
828357161
292811948
302527632
462080558
590909986
29381224
815192798
677563621
677482952
709085615
515469707
78146507
86316437
337952321
58631341
534321215
133259115
126063353
637806434
318743305
98947627
882429070
361031591
468483257
240262577
707683586
726552917
776137062
414859230
6651377
571654154
228093406
879709798
917139077
106510726
452654171
91272724
344550150
48239033
662122258
772079703
848000229
656442850
122370636
528384401
67556077
6201569
852833049
875253309
923000349
976872835
119225721
507803242
922084378
510238065
429048426
248692518
280479289
245440575
255242223
302466565
684785975
759593168
251426573
322635756
824491662
390737426
524212362
260591078
504911044
445173608
181559910
266547639
11704767
688112837
114231777
825757364
226904513
806449729
40717259
121129962
534245351
566092860
337557009
946540231
299283006
849185028
33293748
324781494
44793115
161760140
643955617
55862703
172035675
551369897
182647714
536614845
994563133
947655741
648179706
34313374
507661538
915665971
592964445
655465168
875870960
793884148
357991948
201832581
477983910
146144855
583615291
57961996
716955658
943114453
67378711
270560742
105470776
82955056
590105170
887787576
826753151
766865044
688123367
325344583
720088233
842551680
364187586
660955682
652240514
952743698
293143129
834204113
455196076
836829508
576346973
93495606
974790660
210396478
109881954
518228151
664180526
295000491
298163473
129929741
691266971
895164142
824344339
839870516
353504045
80575016
16014730
635177908
647182431
278047430
557405911
428577145
600510942
120754097
164648736
643726959
701030182
647332936
409687302
904834533
317044648
678967152
250971446
675301114
861988761
113480728
36030992
301504233
199074839
512101851
940787105
176252833
641988893
851363821
484988547
98072733
485108396
215834805
112955005
781349507
315752821
767102143
845927622
519199544
699161550
173256382
532865527
313107859
382848534
709341218
114299022
266750406
187893132
240802329
160785177
879595670
418771389
101109942
54935710
431745008
386600015
87648272
543532151
654497573
333853298
59180469
861828132
148343992
141427562
937731036
159431755
507266647
151307326
624221030
259967325
966636796
34400007
755556258
972788522
834049571
687682837
171936244
432113525
715626210
242183386
296460712
803808496
211775502
285553997
320332740
421298464
577784137
403635969
550722438
380947987
53066096
547937705
845176473
722379423
885462069
578557625
275464837
882205851
648590535
15680010
239702799
427450335
425756408
60716849
318527350
263013367
880495026
331564383
851028995
126065819
388159368
199086526
152515044
25089764
37446443
23735498
462957337
107792113
157284757
481514712
768265832
338975056
491281708
779059949
139253281
461529003
809721893
552121570
511280431
884998797
865974167
928232716
101876821
485611726
549636354
313178071
823401789
212097649
632679439
880769802
436267278
357348248
240205126
303453076
130415438
822869262
355603183
99407946
969939458
831647290
735550800
764512455
36532947
612260863
229624073
559143713
467268243
630542108
348797673
752876964
930210269
532275993
569301988
629435563
179718441
671601242
978319498
164478388
207724778
645585009
758622900
333442694
67987739
563590795
578046227
282217776
713890150
99438780
776886183
633597535
653709975
313032267
293442979
843066852
899752145
699007293
366831772
897933974
845247997
197772498
731918044
817317479
529475302
148716368
309316290
374970629
492818076
937271915
712262938
189477622
339248070
668760840
337757019
633073607
166027916
189505524
601231274
458462843
968155824
99149398
431391984
848570215
62143456
711947388
718302922
423858584
668097416
704300448
558318354
607339170
251426573
135604227
429231455
924575234
6717164
185733856
87999092
148182487
424901333
291250688
952167230
305125486
535175035
994001486
863579210
541772037
36498169
635912410
202515139
470138738
173810188
702966514
409909308
236611381
269233702
964906509
192566028
496264243
290513048
212627246
631572973
337078904
466661333
597703739
316404999
184203568
66682536
416978569
442017688
572145636
810813610
956238010
295927257
132504035
299517916
595444556
10340995
272811201
732380541
901839242
521146999
956825272
160905948
479862172
513704120
365832787
996950349
22650381
471738937
857449749
19250290
414565834
597953220
395107772
804234558
850028218
299707160
200398890
307799365
412876699
772272702
426481871
568655758
279615722
851498674
828860287
6971323
50180708
367190774
282331531
992424641
406376112
39529828
601267953
335060657
745595372
379309628
866486373
44789291
999818135
219022194
112809457
242711459
903157168
78853750
684887930
593306963
837051807
445556596
371015568
276875318
737063402
520283891
590627562
86129959
595003161
474681025
340497674
678405814
218789179
344589631
383366707
634065119
889391346
848839535
43407508
336538952
299616596
189973788
979956543
773655186
21884082
216467179
553373188
310336017
731637431
139618218
183374327
805516476
284982115
46835263
493307867
286202609
409233024
674640541
492382005
218790691
631922878
905653324
223641008
634634333
789503653
483781938
907029324
463255727
205947025
11887616
369916507
489088634
133854101
167830898
763753564
55601976
752505031
305999547
458694940
259460812
82447861
370604485
474948455
980289398
775323045
752453443
918507990
664353385
177540623
129392633
770818881
306029217
63214957
258107666
991828403
301454831
890338224
128901537
341278883
273480478
314997550
410512157
737101913
80941490
731974696
202857923
315944851
361877212
998761381
457276045
471606862
798540167
457669914
499780555
127982326
97865005
205993750
258465733
921200963
632428715
180748879
4373784
108844418
805431644
177170864
557236653
125808345
19226143
256680144
338563129
86219354
452082550
551835430
202727945
673591854
853556032
455429238
452893788
968847696
436267278
633142855
916557603
364362297
471008577
552884490
967830771
436170670
254552969
35313001
426150435
520952140
203004607
502223370
811100033
443601959
367283472
720417514
851255974
303356779
607939305
920579813
494052141
548301140
280572330
972056264
771037272
846149680
246381666
761519549
279559065
334449018
894604502
27182928
749895243
838172814
631457373
50732646
180319318
847276623
971553986
515445533
935712067
368826287
790449981
5265347
896051630
476385439
967296291
367668381
83712275
763958795
999133150
979718900
176102838
226832808
384663051
465609698
854263931
689193012
502502668
526501075
337930916
611301467
347737633
25784273
423153579
463666048
703887102
932752891
610654530
813945803
950684696
625508370
535168727
312811699
885073626
285997131
745793828
402064771
132669757
628766852
405977058
754030581
875277789
762205597
36994001
951295347
327635467
396749501
202135093
759550651
17973087
795543010
575458039
84120098
874568386
796723302
799758193
468532609
631638825
433299824
756156300
300377335
683521288
976722493
487492048
386229906
770612675
786636642
412288843
276827417
106750008
767304234
83499695
710708273
597031909
59813791
852290285
729154548
244040433
205181531
542603920
683963919
449554901
490902685
279615722
647668763
45621957
181205464
791198092
32757850
533881405
177928195
24755867
725865981
860612113
406647616
521760532
376907125
614001392
420314758
200591958
334012743
750020826
73641525
814741606
401585342
629588518
286825855
678368333
322442007
375358968
101062713
148837676
773075145
717991817
241034531
703376890
25320664
996651711
287908234
651126258
716459930
743389390
247989307
468905793
332692221
314546421
808202709
892422827
387673459
866051802
404625957
127034717
846961595
118274502
573391147
865197606
5387228
318595478
772521790
137092146
216295273
943922732
817715761
843427116
188193181
122891556
511967931
173512079
53670955
97855577
808581576
521218379
896088904
663049489
502059667
678945195
400706467
65486854
470836751
91596771
463198926
251559424
917818633
879728635
926393149
375868256
398017903
964389515
495310515
789724754
272602728
518087434
436097569
83551366
866899814
107363472
18805721
174637897
387128799
234863402
790710119
439391087
272251923
452188487
247353321
165182514
531895815
389543185
786421522
764463558
729977006
27492529
173034708
632718693
567101718
913931397
946341671
114643472
76280623
564007597
39542881
937779186
401275719
928880950
752929973
393522367
688056908
93126151
732979259
597238675
12290373
608568705
376966933
620231764
243787857
83575517
531385567
706836736
938990995
359958523
372250494
208968668
154896961
280486575
267442588
849538225
894096329
765057969
109622500
482397016
180401553
332321226
95429380
291211820
762021836
332589306
914854870
581847800
530367932
876087755
149759761
675911113
368995686
359514958
644826685
133872100
237503703
352088318
51382076
673183044
972216554
621172589
662349869
338413714
150753832
688511910
178751536
431498207
162205737
497533408
592661012
75928196
823085873
617738572
398553080
539441246
121552354
685152340
480727178
181087904
491543986
961195515
971110696
492221616
909590938
965808121
741988293
230825762
697582994
540674831
556334659
429523595
627845474
567118358
162146905
161337651
211592011
131338264
350058449
615619172
589250280
232143366
509244669
757856604
583593747
734456408
76823265
663320211
226160993
382210807
668457228
855043634
172023274
141965654
928580737
898038805
847985730
705825690
658088444
445657167
815985431
622327736
333730895
219236430
534915549
363801868
698998034
135275393
656409298
52780480
297695210
344356438
792241535
827800514
79280323
184044856
1378903
493070771
901989520
544825678
410785804
793312673
942448822
566071277
158810746
45853627
440566382
319103168
744773514
936424302
36372421
384603038
862755201
482502422
126688749
227942979
289284727
82606508
240292295
730561020
714441735
706012146
527615539
118563284
735341250
155337957
221430339
973727819
448498259
903651439
686398604
143961243
230626100
577085045
97860425
313608887
847449506
596274175
790307943
124392884
290446881
73888023
96957602
525139211
366827674
393422163
739222892
101465697
324856956
826126785
375797741
61673428
407373215
305701845
39993111
138428960
461576302
857076208
85389473
285985953
229668716
617572960
101288898
347346030
166972095
498718658
796205971
615997412
556402579
13785849
921674401
971080682
90824263
341186331
606752899
757103915
217035273
438221357
335845964
320036403
678338323
98696428
748988254
410444013
674113959
258396389
536307411
83949439
413149340
663704811
117293624
514664894
223827114
593447028
788064298
241110534
720012008
107940377
584666760
89497409
343188890
599205932
546729083
628059194
859885206
409584469
152402095
928453843
42412437
722192466
779648401
399054541
672999877
13993314
609015521
125348489
32635587
416619171
351702745
141202522
299445205
11156793
352084454
563964942
773371106
386508640
486986755
442788059
330801462
286183759
931471530
688727230
691949457
208002734
74767969
471731723
876393519
141775875
986158790
431968283
146672959
791270259
503557079
908253745
669711328
571505406
471967108
918131214
739742688
205617884
63158998
574335009
413455421
343267254
116909414
334418999
424959309
175319778
494064502
53911188
899208489
750649135
7528058
925428697
936165445
940149956
217368061
865934271
778715959
451660118
959659431
722861587
509695609
49632927
319493366
505458017
90601255
898293707
889009086
178236184
727137405
531501748
530471175
345747994
401014200
889710232
730860969
146653853
127916490
355122572
520796719
914497900
368857422
715709820
739344134
526728617
824674177
248152355
103238639
796849474
419736288
133239880
113928171
795580969
217122526
228356878
139807666
766520443
736293454
314052364
666241059
940072959
762653537
137449958
493981803
289758793
864607524
863366234
494281471
817027781
70981690
395093175
134083493
585539612
554689952
70322708
909303329
274825297
702559601
484853092
177966385
394415391
498764052
862327974
374481738
690405134
699051095
308535117
414947325
332427944
65642872
598520175
988105539
12151804
429350301
854608082
190108482
356585853
82369755
831236377
915962523
606766829
96968814
476890531
479037132
650632321
940586869
614811273
794770238
136371090
670954902
903471204
164607239
317105374
378166784
769897808
654112976
424585111
391420821
902469460
709196677
195903678
6870128
419825546
61522823
210323290
158679379
461941108
799728232
333017482
765586435
117664328
522636595
468400956
152310590
550443349
773745077
994195321
300124953
531072361
403063922
774930915
238428324
273044272
71745804
208151568
326663022
576392723
591120471
149035944
530794368
480431262
803549908
927497994
596126391
380787641
642251352
297603455
871438633
644839689
778669145
171878800
262169749
617808709
531287295
347278943
181934776
996869605
981478336
742818057
901953576
428872702
887067647
599451641
194463482
778345488
15452057
245471330
698441406
300229240
31793776
542204183
522567044
117859138
909777180
297259379
614629901
611224335
774298619
193201557
580751456
500139029
363133214
46994600
417521021
907250937
117613935
703601003
134052070
960619157
131798425
382027323
67236162
123718624
978692268
964818613
687648392
787549321
667915119
941202349
346474534
814629010
283653721
706716468
858606384
593444232
336729157
285846443
66330324
530539217
50690692
297362114
197961273
85601248
587720463
842038345
269917665
495694950
724736905
921727376
239838184
611613045
989912512
535910247
430365512
194160912
589949593
245069815
128961317
137891806
923606619
320179991
132852168
802779486
966052430
914787374
884285402
36431100
465881270
537257090
638713170
464621773
816352990
366354245
135761218
656074372
839073578
88914108
872429905
420516246
472372475
739547645
801333300
274418195
389890614
210025508
795057714
241437157
679531229
9572001
959778158
986494442
776927099
142973477
520324796
259292892
636806314
420464687
886885369
665950355
909356586
32702574
708768664
699159667
750562881
411379108
128161486
394098441
658104048
335172618
786781213
967159411
151742589
440731954
648102231
253242153
816085124
74953227
789146861
518012060
374983214
976270871
966150800
752350578
956497578
170502959
982461674
784128179
795319658
790846519
641289734
304994768
42910324
609691761
241076358
299834860
792349789
508236189
377908742
918629560
151957531
752658748
390642287
554233359
44292809
663029002
704501268
826439989
267461024
240130834
141722618
767528076
157313505
838389760
565629854
415872659
139338439
352997809
389830851
500568413
941565733
243617593
512829467
829643818
540486513
774125898
980709866
15475850
179404651
5583484
228981603
976906273
682926025
249224422
106022476
327313973
922825792
895604086
465516180
551461791
250435801
833683582
229328341
344417601
398181390
381229988
351621218
407653850
948023317
804286940
655832587
519792999
799632899
889256272
965031596
91171516
165109803
870187262
825231568
604127609
677458697
107257217
361658849
57882046
315400984
592185134
897951006
844191593
534693357
11913576
331124390
497475534
146514449
796584492
422070273
368008840
419771367
588356660
607061638
984741463
958256589
167461140
171880496
867570432
843998885
904751109
178113652
180066096
332943214
722530136
647821822
856444991
719382548
255486443
173833735
972725883
377247012
445928232
970223636
855974300
690052888
152852822
518329110
824435155
996689078
109267988
544200746
903050776
36096358
562291870
68080266
192004330
723832666
836722234
916895354
300725392
840677510
411199816
318942136
521483474
414002487
313795018
725704807
628036498
387954160
553648281
876407112
964063864
194173212
850761011
474288939
937652269
13554321
516874548
61370868
763066000
852901786
291211820
108580162
995883591
232753127
757166987
501000308
666815029
63711061
44400514
528710957
399857943
336055936
478775485
414979864
658283651
450755648
448682031
246538383
502816326
3934532
192942376
484959191
631298621
286152990
308864400
239618386
705142101
224095391
113444342
34092122
652630167
839196078
536766988
654112976
704300448
276153119
199488464
647384270
927860261
473163985
842817949
882940298
532119038
720206128
682137195
756508318
473400660
47190640
216127275
851555061
779485679
403290701
265583742
516981663
14369445
23163088
190348153
523363686
846041338
16335627
212562804
114745672
706646905
936878445
453308411
323068409
227872789
994199766
224576085
19971808
161396673
598505470
93968482
936692648
921340478
271570641
559156532
478240122
666536189
578317623
301323251
443049592
324458401
710580564
532984416
587747020
234710420
118629576
978776543
760501232
63672640
73151471
242151925
711630964
79099090
968102824
736521787
271761161
24930326
419386108
677946366
573884419
752138741
494010846
22302393
219568003
337029271
470913253
123598907
341808342
924686790
602351666
66506705
11121492
553288243
503340272
702186868
634653383
909777180
813279997
239640229
277793123
127524979
3317167
681426964
648355973
561226868
31775211
423140571
455972702
918965652
155400490
638376017
700732273
250500082
708768664
321843666
17341332
499903037
977596620
853824188
996587919
575304339
921666534
840337121
951888905
55894161
681161137
964750332
766641137
881045021
285880658
834994919
829044231
986888425
326622580
551676028
528148270
901075952
650165831
991321565
23081566
424427794
396663839
703830462
894620013
656830200
397478905
422906578
400570138
812545533
431607575
309777226
608124113
763465222
869976047
190063746
105887165
922368832
852303200
653880921
28249956
419156987
922333094
8728435
105178280
859148251
913551113
565337253
347634339
826336618
688737093
278629582
337460011
587143894
201305093
341182007
452601995
759811290
134617909
785862588
581428810
663500388
890445807
199636574
530430346
157786490
927775565
377194324
745499449
311595560
415572865
271045647
675278288
190590252
881132413
678814209
447967636
663573953
833894305
805085897
628665032
788784425
748538573
715514220
651770889
566316605
427346494
976741970
825326703
120541900
479915580
714996505
136206442
730092954
536554180
57647421
780269844
771606811
695509076
999583044
704879882
944474798
287932176
395621461
256972839
163794910
467637079
852531546
826501989
8598110
223740966
204650758
763062324
43479736
845597445
680149412
755037487
481750391
462600868
269133302
747321021
539645365
266343635
59050497
569476436
142718838
567487409
319208036
700061823
283675949
587815567
684453661
574457420
390350646
261901792
738512103
374213772
137398509
861518007
63115540
512913713
997588853
4371309
570186880
701455149
55008353
429457221
623300632
479231872
818011068
241357944
306628518
945796196
15143725
873492218
431065237
351945501
656272877
750549115
77315425
582446673
408261903
147557719
280500382
673659957
618969499
775237682
41603461
674205003
210323290
565721799
967692397
375675844
821314498
118436403
894700756
404933222
460993284
75222847
185171880
126428649
619124514
418137363
175253007
8340726
125327357
62857814
949710662
863018723
244177561
992580052
41878540
320622104
990248277
598389900
130308580
14687076
235500210
917005717
477419807
54177735
342662337
35803093
729194533
118476824
34285105
841593762
41062216
297617888
279349266
844338986
774337712
987307102
200693227
748674259
934930853
269107312
366008984
328001496
733500617
626336228
400748603
581891818
91502754
198090168
685741139
128848455
784663614
583952206
410955426
943251595
492045049
396785882
217229108
170114780
841510507
134537114
392608530
678891095
887189926
89450008
445404007
437260078
801086576
969490593
20630175
903861491
144920533
712170159
99060048
230959432
992360842
606584612
857051083
239711287
125775562
30425283
158369788
374964938
747295908
148301748
707463550
235363264
62291469
795109725
743243795
515052528
546778262
383762561
946388932
454056604
602128101
904286982
539057124
549039180
805133673
742223532
176094990
194102714
862683070
850195132
709557298
739799740
855987265
240047239
432692747
699615093
538239783
488672209
491792837
715160347
299471895
553673394
453289623
243604698
461887016
753676159
961505607
407404117
509444210
23528907
431579065
875436385
88866777
935930280
60094624
447531735
934645581
924686790
597762711
974687605
77305903
549282179
16966652
910535212
218757032
490458164
274564529
85020462
564625641
530625565
665691315
271395228
92051871
988208880
741017270
394961569
716060694
305539235
457376728
417500250
381529490
670081250
471779193
677989007
210053622
444306955
850059182
237495603
257604567
14560598
346519038
683440767
351234085
880343638
625281541
887890343
809235774
24892783
420456721
840678686
558150326
228887773
876098658
638560094
914581762
753464089
218436169
556893742
680545346
542237191
453637310
721991168
254206539
580237790
540400423
512036374
394031163
350992325
829850784
271391754
757856604
755563425
786513180
78337210
473562846
478663275
750123390
574179238
128642459
466983414
316255109
236453702
993463898
720287594
352554242
163130503
560034936
248611200
26865361
197535176
413572022
334219850
13587157
671519152
959946604
252318931
549956062
314440797
401420592
565725261
374958092
420663906
958717675
410610497
415102813
413654654
203921055
280568872
744970529
13785849
672708770
475077924
615304883
231567289
255956207
583962066
513096075
313988514
680954978
840592986
572568043
686564043
560714539
61702418
381144741
826509109
890699169
792805813
681167151
701571275
416582919
373392483
228510760
249876696
554150803
544857737
28245604
580729483
76083957
496570861
116243840
105032775
172174779
900496654
922867033
76913431
972659950
948545710
162440665
140982131
16876788
697772322
792975522
547053963
478520920
435569274
752851477
937779186
47002815
292432777
65996390
305298449
540003527
920185346
974551769
751031899
385829211
426837573
873920145
419812376
40392917
675246675
327375992
734527958
684577160
431938097
958635623
147184128
731350893
982345846
808179778
793244477
404086871
655981473
827911747
860369144
422470099
110874620
562620644
738364977
430904908
979314707
333906916
213654904
857761052
849074614
435509035
77563262
428536636
936623904
501818967
550466274
903178216
514851759
253545468
311076345
143604871
290832895
771703209
360636897
48460159
561411013
944390404
600510942
842135923
909501517
673699723
243236499
363518147
505333167
530695684
168830138
835001794
421895691
34235592
102828208
440085390
267778570
292428321
809765243
587124361
197305338
321820185
446290144
373205260
674418054
755273375
540347131
381867707
408415311
865245004
945160254
590435355
693641152
997712224
974701451
437715135
967184303
947821333
503262585
684795000
305514416
29040567
300124953
44454370
763276979
596075517
24199618
950280425
829962754
731391724
234415023
851085359
409209086
71348155
456748077
33782079
289854768
662364716
713485922
923392244
875090761
871638664
188793219
368904516
963494328
160014845
661455342
147295212
293181999
226324509
812038056
781420132
58644783
536939142
554344349
281052950
27417357
204404475
357259094
387890834
597756024
719934435
999487804
609404906
68854681
466601701
532133424
507053990
903478376
827911747
435017058
341574084
418103262
667638669
728691253
710823179
632780187
567318295
627225928
553109328
868880145
353292218
160667847
115275699
820982331
428935844
244220325
629183660
310246276
959807796
139363535
707748511
801507241
707259433
196176529
701822760
645055080
355846958
37965661
528115741
891819296
494559049
418554669
394602364
779344570
980725533
993096080
26336943
327436358
369971114
183756258
289498375
421235523
650541602
377971148
615848215
53196517
563475506
164965134
368678490
519753680
922225542
597755436
804616638
419479474
186986205
346099181
427037096
708349590
92331175
213716893
453970790
36980900
307921433
646894918
911212032
244584313
454557276
660073784
63197507
279706451
558276349
938281662
955962666
439329617
980882262
550839133
156549540
807781886
432248318
956264414
214075940
156046127
267498816
616750554
788049066
37449287
435783686
175813187
799293685
276194878
349848125
433299824
961798938
602596619
936388594
60461748
736412904
310072780
704802339
770592657
485896079
82639366
615661319
638861678
579100341
844157874
624507543
479424485
428630770
74287172
609325590
508893354
274463273
816625419
992105307
117113919
776410099
185857283
219754214
481662096
9051052
851349190
808353858
701261950
695002785
718356964
257425071
903327757
539457013
797848332
493854186
177425747
424527486
72105503
19414631
877747956
610391854
783731594
26814671
894640136
640200162
190079788
667408867
557334870
204794720
877047287
934903756
582577299
231587537
215457928
188819001
395132158
329904196
316946091
232932535
265592549
482926275
125654266
43389953
53247294
305872673
985977573
269193010
66581728
33168224
54110335
176503017
548630749
3008991
456559619
726204995
992687704
849581218
834234755
928344020
744689578
26527169
366024928
60229502
963467918
447713811
132116772
177919420
938402596
904332205
589114458
10363508
556021293
894522828
192018089
854994062
852124463
869128742
122056086
497279943
169970312
66306564
991236173
367287326
418335432
841706657
648356949
169416004
591073140
214260811
859396486
622678138
474762225
722861587
421013154
442927602
309274067
348392970
50227476
906153985
477910633
364373418
223776862
519916482
724664102
485100894
594742227
99752137
97946728
200518786
738158146
410384036
290204832
905580570
318405398
838012243
6671211
798019460
230839936
460178560
328143303
829256125
688499625
64997204
378953342
203063641
875060732
16966652
615041639
481730958
146147799
692451579
712102402
112977557
44956227
521650486
738139752
440924350
173900643
892433848
122669055
836952577
815063659
709119672
579265946
530065212
436113489
196959912
914493267
304210304
390007050
75223671
691889962
378928923
915771256
567385890
965573137
724784711
914975139
494888102
702980602
163938820
842229570
771498377
593811526
396289820
65275816
714483361
904945936
466627752
871998503
635360202
270864831
457650599
172174908
812169116
662442525
18041908
688403504
880662146
950077941
313948763
913258085
97809304
982864291
941656389
807763490
681217250
368851280
630226044
836503399
23207900
434102044
370037616
908271283
845016871
583040099
18984362
194241084
221902258
676509867
396684646
934119864
907649056
411106290
26974406
586882106
396044628
886695345
720619291
946686728
30052869
940360056
172150571
882967781
613449663
245799236
832724612
559362335
406385731
202439343
537032963
273290569
791850756
258100699
60876869
935338513
532879928
371372320
260432269
811274386
643888084
67667188
841175668
2822655
331945722
657604122
262750659
474434184
588960405
440119628
554662359
879819204
12730528
2254461
873652257
781673138
245022504
920241340
545612665
91658350
866672790
73071121
416546087
173642224
28890379
326523894
870278463
892591371
251547651
283175961
843923589
530046283
817361007
515571583
408815424
28108327
779736362
805267389
614021257
109689309
675930623
546072372
11839458
453011957
428191749
173250242
190087169
936089820
503359297
213100606
496557129
551704334
233082193
894335593
35110369
566834273
445587136
161382415
64337675
734749504
784216819
310905082
327934871
270787765
562007423
269356742
90965999
781888503
291367446
127489771
976121619
42578809
760908540
170169887
665809642
404658891
660799043
395916422
745488527
939696353
501582130
688038690
57437713
886086397
803392790
973844018
40786446
322595481
809225947
874353582
135991492
750449711
353133194
935553042
902193107
900214645
727374249
679717152
407732071
445767877
163588357
930269445
563997091
290256625
561662051
494871874
251426573
805105437
393372232
827683774
150003579
572971506
624106694
842216193
465448082
455179223
928209793
132232226
212444009
78924785
651953673
517858694
476926593
719401006
302343470
565242532
764493540
313758616
679824612
557411303
830286934
655159212
720249390
702165485
622236294
493981803
351781635
192104887
687749245
921785860
759516409
246962785
8464856
61530694
967581657
277125135
984908530
372506606
733076233
922749662
417360454
143575695
230211904
206516760
971543858
839386025
570639336
105834916
216673379
545369332
72804483
724549355
672505770
408228301
92685195
631572973
752154766
230725913
299581034
102030396
411605280
589993769
285436967
698215699
907793107
880643310
673192451
566118728
526432685
655891899
151280174
918284612
528186238
573941079
143594863
164086949
938576650
354868803
809421919
627830835
93637784
775392720
335480040
199399214
349203808
145673135
972615048
947753551
286374794
885735491
261957100
818972732
223213198
858978375
85396551
80325181
417339590
219522354
302981634
723137454
17398116
636069223
233028568
751427037
615242744
582388184
59674006
689804784
519093808
853179360
153749406
583431221
538410155
60047868
362099432
126674691
371730750
54507395
644067261
507363964
160759632
486193362
833002735
867572813
709047863
557001140
501722899
788267344
139103273
733706937
905175127
290567967
713528820
166320959
434798963
471307899
657612137
989005187
741095407
292915204
637051315
865454165
748968084
1875760
590304390
822272389
35609803
883381091
908789234
338912414
838211605
426542255
720723576
700815785
480683216
975197012
527362749
460322192
300709229
34151417
957083620
836039166
491169570
938386093
642284344
287879534
918184811
655194623
259085304
740917062
51195393
577841664
752743356
159331323
679065218
713722724
990351373
394707565
643949531
902116154
541412446
620740685
146106163
262014830
338793346
394025413
100682169
382551134
454826034
149730801
56564989
63305337
674253280
660749790
326691880
749963365
704414761
505790878
542081061
736211998
347833780
532188280
968669970
637472462
97109254
861934142
363428067
914282098
155122331
685714428
36948792
866008926
307477897
474904413
289948390
586816685
623178463
837739425
517653477
840343414
882260157
624018769
786383495
737810209
45117220
182274052
450263908
980708885
61468036
384696285
222339640
699504282
477366341
937043989
847079498
906796746
222307792
63236824
187032732
56982196
670876733
752377635
432426700
972671330
457040595
84020346
589222940
314981089
456704377
308221328
526658207
964617851
48535413
593850263
546392516
923606619
438980312
642348352
528134137
560752368
867736110
579942410
911040550
671295780
428136047
744435002
174919847
184522435
419007451
197185919
651228118
996402021
330279996
659583896
40074269
349818108
752206015
441984130
172440572
68976143
399359799
363015207
975788029
469422414
355468346
458874759
121657130
672804667
858140938
532824634
257648522
544219273
131682624
121987570
956910841
830076525
486409672
495202693
16232150
826192297
846370353
688197467
559207207
722150274
195994796
984674603
792345345
774025443
766507408
852624427
367387013
733233563
824006910
561443899
611373923
253708563
592807734
289084993
649335407
68002085
142284827
406816432
607216530
610391976
852211261
667280513
563776579
705904905
525669268
282373818
931122849
241906693
548190864
530584734
836196723
422648986
307797897
98099894
925334494
277641304
174213944
71493746
84213246
227664388
452861139
527773940
706116846
581379565
928391253
912273978
242974815
814457942
837117800
155916252
197009507
500208625
628186965
838332619
835114471
489148501
997323367
411471335
80807600
524204063
304459864
688355223
288382280
904916081
426700254
912367135
242738933
364959772
510009720
760429174
72105503
550763778
609769130
569802306
151565261
333795349
230578704
952583121
76587375
552154177
667876649
841668911
275658688
383544770
943438336
835165734
982132616
503909791
737854274
256865943
531791758
278373779
812012342
738061132
821071792
230228316
766150530
208861668
226498105
297742363
87414817
62655227
531629352
404940199
206633050
511876738
710008138
679725237
893924132
256861558
114026853
115244735
372345881
219925192
647332936
802845132
29042413
636525792
583796768
893329139
210504128
106973404
399097487
135368807
674061640
99432793
58029833
107386887
606524601
493614623
737891548
375716997
676870741
621577282
625696435
434827909
938825315
730872590
195765925
815851100
118988160
579430268
337184463
455078816
150098371
304073961
172304956
686175501
553586675
42165014
247761787
663154391
220712691
829583390
701643837
687779876
510277470
416433403
435460486
400708706
157808654
714940828
618150029
881026547
780740731
675589826
215124725
352252121
626660995
342882342
975836498
655869374
584010478
734200064
570335284
677158309
90358209
352500145
9861101
642671322
518169912
668073382
869052647
76108273
819611472
26950215
129088903
2171348
977529486
839030428
905888668
632883303
645737222
11101732
285561018
823644224
495033713
793070398
435810342
897563779
348410480
228365444
480431262
202531360
47974248
582243096
907594559
868811651
419156216
681493351
68587545
274713990
824090923
777246348
103418594
990360417
788293582
951323139
569065761
582490676
312354042
94294002
56340894
166759919
279908396
947442965
788010633
339359934
500195813
835207670
377812034
241742693
320536463
941958899
789994727
671139466
755683756
20383663
767482859
195858784
273637472
380650272
341279711
19602288
9301128
566875631
991142224
555741790
30725545
14639496
672447656
666527044
44980018
666357350
748895497
865847214
927187337
372396266
956459290
252107649
74597451
537067020
645816681
128095603
750497080
723659544
78579659
644008349
395434127
136514393
437017291
986129746
756335632
386973017
687125061
822642518
58482481
318377669
68018567
795714924
348299907
78191230
828357161
27089269
888144752
102916993
397414827
624666449
672132997
145286864
495777515
383325191
397479703
932244470
525669268
263221125
96819420
468400956
997528163
987916706
88007375
226857477
723628164
507400134
208734499
373294750
179085325
377812034
558965855
910199783
601976445
807489772
936016897
559564284
571869103
769672227
110328012
933047209
772332353
389222818
689193898
481679754
970118963
915284129
46417253
736548815
86824557
716386885
537829989
974189189
363722452
595522678
123096351
464775623
568586307
259292892
718434297
638142667
821269449
522419075
513716017
443159535
996056570
573234604
855255464
637896007
854881331
322160608
326857526
305595834
562933535
266809683
865526952
326078147
442761969
688867348
520582450
153197995
450782428
367070235
697578154
404144216
161475940
907631057
735937651
534046868
651635697
687404388
435702994
241906693
383245277
813531522
361410377
818508119
920524331
980199052
882847766
772258978
169521776
945529095
410987358
920784375
30744143
641950904
281225298
146347806
900966336
695716707
419304751
422470505
312162299
689788007
914282098
704931254
358832319
801878358
636594839
83949439
356286213
768565269
838172814
472410382
943025541
559386539
472101045
568856042
908931616
913387985
777913902
827481890
180295670
558476154
230893101
306981814
698828149
320197833
572817579
362655433
254991307
69289657
927123577
966124065
475123272
533641725
377248889
709610941
558761276
623245303
315791157
679135210
291128974
97032426
522871815
339287509
976106981
710076031
476183305
243495289
796849699
22267160
424946681
870296412
429596471
111647614
751260393
11275215
649052718
846920515
308236901
808837339
46648905
313105166
824922797
146454709
887812480
913141302
291128974
421394117
897403781
673510412
753546625
280781388
814520033
840119656
130252107
380834307
975868409
903338362
291694366
403940968
753101752
313114288
490202189
966705706
995819095
504030834
822266651
780695247
486242443
298281257
694843901
421383740
992936224
940608699
776927099
825995609
398687394
812010591
908590120
736732570
378835653
629424170
146366172
402740472
212753688
141561584
992078633
925908277
155334010
575743757
414862969
777095457
584032456
412573071
292669208
916533953
435646299
364663827
944820200
167328166
956393101
312223184
504664733
989878121
386085453
691820557
144351321
232442186
187173081
375419314
254494947
606507794
386517395
704460372
157515007
575338241
152299291
26562941
169183101
713165453
163709844
305735069
480003810
12754100
374363741
660638270
620603040
587920376
161748348
924808942
609096433
258898631
528351597
275373008
981253359
266363837
931556279
236031091
248849208
508803893
534940530
980129435
255425756
179610297
612267062
941428428
729126693
686528890
440886306
673562457
440731954
823083132
127382765
428934978
423869745
417099955
660690130
657339878
591866664
354416754
800895914
859185491
577536886
879397997
741690205
610728296
559915933
719141959
38410622
316802074
470522201
484988547
745499449
168873525
790965187
6839079
17595643
88757867
608186717
867329510
135352038
685465109
80265313
190079788
235460251
410091568
911662081
288914452
314687417
835668521
87126465
977542215
955047217
681917615
92144578
831548916
230959432
172061334
440201942
74252713
331811493
936294669
299307034
390512224
267181914
991677409
1242141
963685004
617200689
327581423
933345686
528222849
465199182
948256907
261280686
8834599
662574770
659966119
583371510
512109363
163376382
746118555
398575165
248890481
214503412
162019756
582083270
153192498
301611755
157913736
945057696
243755578
127585303
909669765
665026379
783441608
231304503
970043029
273418720
624804744
600873601
936600013
491442165
883084068
620197145
419415827
887811216
396450216
762666067
716358354
237468368
6951499
740279967
717347986
127254092
305205535
819862803
12285008
985465033
508421744
517757345
304034885
907719618
700971623
671698615
395758001
907490646
248132927
919442279
63344406
883400323
206629090
698652451
330530023
239702799
689754973
896170496
355775110
815792537
642840506
593826725
677249347
782027711
283467852
299168190
601217476
428279762
771498377
329693212
489267421
789503653
680914912
489891179
573918599
703080823
700103985
812131796
817971725
239485002
819963053
877680921
122564465
577922214
12810958
956937858
739203087
103284484
188968505
810311857
60130035
658426909
365931145
408917142
182269561
729609128
129860152
314102810
931731019
506186289
926105839
433395776
179423429
763326372
39483344
140520204
496933626
717046384
385560592
379856906
648769501
143430422
110476706
371750376
38738092
855417101
661055026
472642548
367836037
119341436
764095545
673778744
205122138
937985417
718378225
342134296
507562369
641813968
304994768
315848180
870086905
341817603
630500897
278098482
639745673
331785231
461859560
843609594
397932873
611348677
303535385
703689609
22118816
88825939
481493402
189467377
66420877
978550532
782391994
156468765
392244608
427861180
531526147
956673278
132181976
429376122
570916552
60026355
901506830
348128000
764050597
254192167
55810088
811273684
645196794
256609812
410573738
362815468
367149730
698613076
579565563
458958228
93126151
101292147
100271372
922767768
490538364
356812255
942152632
242123429
704965513
771637170
187782277
224603189
374831024
411629365
736347227
831355298
838365240
541464954
252977609
397065672
374410291
208870734
306376420
232050479
703064832
158137613
281682514
108496996
940534610
52170315
703732924
244740649
341130734
397104037
599121248
892376771
262834078
703476921
617539721
886506666
665752104
854510205
983084093
332686459
187719181
807091909
284347936
532928574
761736544
115057107
263307978
285971221
895143464
469540867
717571577
751219983
112735398
464079534
313685458
810311857
722908909
824455494
600288444
871882286
159279025
571521400
901239724
155322970
463162097
57457325
676211860
939429915
824933432
208796776
823271492
686836669
16925852
38027451
267996163
166346799
125508290
898815557
698220776
558961983
952874217
220474262
754494524
322611409
944608551
304034885
97137896
807431683
38104851
722426445
952497663
764572159
596236527
838012694
160285356
125318901
920844958
463011394
315710735
667073563
591037601
683119504
479097602
7327117
234487017
722705875
881128618
580340567
481255911
185276309
513348627
484366718
284142205
330515859
237289750
139930923
160368210
775319388
465046802
157868799
456764768
643060949
758714052
340480773
478480854
169707065
409663150
452697773
572072516
999714449
962466550
7547340
272297723
989939990
308078374
183200060
278262969
292470750
142013136
987504399
750628644
86877788
83026115
865928430
925956266
352180440
71228017
739760996
103304781
18699835
781388998
994210553
321489062
893620643
742080227
260977767
38489624
960129667
490333816
113903164
824499205
79088793
393371789
555007276
136780873
869806128
700030374
785068742
525766546
27974023
672619952
151495614
883032355
834049571
629556333
184762815
83893279
353562980
839477693
53733441
212413036
165183884
416242139
132857062
252707320
454971788
165596586
802976809
167261137
149783743
70088367
154084800
517696852
707091681
541413514
588087215
602492699
120197227
764673039
949613361
954313015
450977226
653844881
467521561
633179243
25895843
35147502
869984855
824816334
154999154
953863279
432948974
937509269
957702217
561501231
409725914
855078131
223740966
139553178
290769242
681465699
759809566
684210163
713201262
58819157
479799423
115024160
949187040
789694903
525726840
134664833
746677104
846680099
480360767
146808970
728140415
940046014
590814850
955063501
732915844
541557767
401146791
365110057
784894045
202862985
713969608
413932
371556957
201982690
932341915
853484993
257796005
342778949
857906469
190761458
99828431
688355223
349280231
282345947
907214652
191377880
287674622
812486088
463854550
502816326
997332385
25247921
137911841
895513917
177720415
840321065
834329449
384309433
556786929
847526698
63971571
387303197
829524508
250753901
830987478
443888601
270711785
497557997
567876077
14647336
294035191
535271928
766206145
951280405
122282444
278390622
821620947
247425692
715313189
149550892
19407716
205985199
261459089
547683609
623803588
53477646
612581188
281945879
734104427
297896786
576101130
844156181
476628250
195858784
853219310
390751056
306200724
325093239
776446545
929107181
87447001
614237537
817707895
653786126
523830862
100341462
30008621
440300368
370253669
576553817
343547903
175931699
317649215
690680313
834474578
894614680
645926806
299944762
381466660
414855183
333055591
141108059
398050246
156778699
940827413
236693005
274863952
533627325
914950272
221714767
593573642
290495341
62246624
318138748
868734687
835814956
812357278
467303324
287965671
32169414
807728124
714801909
976317978
969644178
185909570
523843726
184967208
102997768
707796083
929189031
986145849
946143201
936008079
124394148
785258602
777997488
79064232
600756332
514751460
947911060
576784412
517757345
553442822
465993598
647342851
209553486
97855577
803935024
368308145
473836154
826822830
90239139
841818595
994808087
218331945
249818724
758792803
516191189
293152130
685708960
291954418
933999351
973702587
324047934
987786942
24751882
128244932
986642130
189632146
191392994
571424375
708713211
99997317
660297546
445159774
492924982
587242761
123599708
274324159
177012861
944610757
304634474
570782537
340496849
284385446
115024160
993087239
447970814
353131930
659879301
326996925
624064592
612553996
607147846
780108872
738791784
601217476
45577351
646308212
23181442
874497198
264832648
924272350
184507137
766223090
925029777
121736132
160312182
165832410
616485033
649953615
303953449
687789615
293559817
33950704
84246004
320197833
239157884
970312189
777183332
296784127
900147534
616856661
584519789
106436504
804719403
104282468
685206993
360621939
844774742
816623003
555023519
631876193
801024529
493489814
654357342
691904354
305383080
242671473
461779720
762447878
452390732
419524705
654251774
232266577
153693114
217077000
783629339
351781635
593436805
517653477
278559108
941140551
662693995
143233916
920979300
691304353
620682360
97860425
89484090
902083175
511262311
153894652
78244716
299548561
581641012
140270907
723366108
582322768
164473961
998518184
853778786
347251262
832037372
592674480
699785384
886850071
372559176
606588259
270368802
599376741
614916554
612672891
639307282
246132639
89462311
355779670
250593632
507755219
838297194
206669468
84978066
428285128
87900762
470147732
93905217
891225003
97396887
21561678
752596844
318774083
146860013
23801296
568449000
473065385
958642649
155299240
548520948
253940975
519224851
282833615
831420937
25583573
764716836
432628024
391829808
802930778
232861713
194292649
754456857
92528131
423703493
888017783
837581086
121466383
981560074
841390653
442471180
822502438
633438029
993734653
116365116
141823585
793982682
564813100
461679458
291669210
279865082
539126614
943634638
824006910
50914771
631827719
519502443
389320006
453443153
449909001
545676367
110905733
18984362
548692216
185369479
652406309
680914912
942092341
580782256
348574257
530584734
790709890
636872305
533715401
462334018
671649187
870756849
362923521
891257762
265965221
990237398
177849884
627481228
768652234
696794361
304366688
291912986
396165722
670049673
337980593
603715345
72776401
176144797
691469659
508877199
120054141
596771645
757604619
327012349
691060374
122826652
869365404
936664219
252977609
308691977
823091033
764233844
79948979
960061302
162369307
821588508
258893964
346542053
581004249
941958899
839636165
547952332
48056800
647027291
852774302
530518334
417608583
745333759
386790002
219976842
877702160
688054569
512530161
650577942
527506520
867703875
83831448
763745653
677140830
355701127
504715142
583344681
106706474
521205964
990427568
848918379
759064975
595919697
613013644
664710545
966391557
477384204
468537572
289319265
207538557
884536411
10873792
571204863
487337363
62556519
402007259
548246783
849124863
956497578
825612477
396351943
917996585
677194301
912757082
957774416
689291773
132838999
162547173
13077992
885601612
659801082
686856572
439282025
438313430
645080956
652890708
912056533
784718756
937570465
751624580
847509477
767388115
674912827
264477459
75476061
363599131
560178721
21890701
23872532
443421889
206785283
432270428
233186754
830887630
166027916
61454289
162753354
560779763
424959309
404895136
933852554
590465636
708178067
809361736
956987093
820389595
419380477
951086495
470103885
372523980
310162297
892965626
108321791
271242094
969473011
418554669
973118017
505937004
438313430
203778986
192876681
823486817
62440675
840535583
954155505
285959470
947911060
903739814
375821084
316212902
395983044
135920428
869737604
370040152
443336286
632366871
143072326
487257521
943520281
620515340
190962355
869984186
414377887
189757941
71176026
194752545
670739576
153882586
415838151
521225180
805381072
782950018
59845212
624234799
123214208
33006433
33966621
603015620
463084639
708259890
537222825
915539425
318395632
510959465
591035765
354612823
318820073
723425243
677843018
242096495
254985107
191704614
670876733
548810830
163880271
111501992
111677304
568924412
503055510
762825263
252122341
435534541
239463994
361655088
631585628
615697811
554484443
421160031
554417943
795543633
982253512
737872815
269474983
318851776
691903121
898957488
715165599
249413444
806673467
315710735
716010080
670446565
509380346
882877018
925863658
744061936
118053486
177716151
107658687
95859536
262515978
794391135
402289868
211041866
742049466
77826215
741136110
311623001
130629442
527812868
181954260
174140407
712858372
21483429
293434831
434501597
320645499
97265922
219824963
254278418
559846061
340882037
791568286
8287661
927616281
217885110
738729224
71015214
158178012
864021569
673239628
454669771
474459955
863126476
881587336
107975644
963270148
590215744
264038279
585594872
181545195
446594137
15993124
843522882
566166747
384956780
725141600
459971768
413836477
184249014
612403804
268834145
426034056
362339317
715950272
261865492
632748531
16537574
820617090
375797741
166451250
453637310
980957592
628650992
672308213
64561420
64096067
149824262
555955525
977762198
826985258
271092716
499849547
958707245
343039426
66745236
430847882
549562718
127364503
685558380
616247089
389740580
816388062
186568575
967099526
588349377
461415953
34033295
456874419
236214599
660974240
748166736
441615066
625275268
820938369
856372279
807601817
222101507
681908398
126120138
420413458
489052025
828483558
492668492
754078256
613014337
593116528
971562475
526951246
738770516
649811097
913703599
626781590
408910576
247655500
382208693
481468566
6518352
940652507
833456287
955739385
742759206
233036789
719351072
741479630
928213914
557989330
993173893
172667486
46442675
717308476
163741065
760923600
904823143
921479147
186587274
835984600
591141509
362468408
109902743
429713700
803901054
501519517
810767112
73851252
656285937
543178770
852866878
505340917
19942263
463129370
10825671
306609094
497317716
356987264
187845061
965488948
846787326
688511910
486609210
561842443
441856637
97927030
840898993
247154794
156593960
665999076
859683757
919245923
821651246
517312926
740843602
720394481
706900267
643169600
519172835
263550988
692823243
94249485
928036306
131798425
733304236
985539025
419524705
786903867
312449970
581650255
707423604
620378966
6848030
216616800
918544292
639844569
560981984
429025142
766029517
709195026
98184310
656716191
972718457
329735184
383822383
533799656
183272135
568575618
395820928
10770309
908709238
224689240
249056766
331170033
516468438
1895240
165350227
423208028
509050310
80418467
524615321
546642102
809395417
881696135
862889419
917652501
551288294
387555832
195335227
321946974
872038799
793982682
778877894
216383622
814290378
751346775
928677944
96259161
136941779
302485441
671279249
130683073
743926818
973073784
823778872
230518505
107641571
443746176
610078526
938792938
748814308
872370034
965815779
342414049
543823904
349112124
841709352
317549242
185015615
85410401
556282726
65789126
447772155
601221467
18450011
404015318
755443556
842710269
307944396
579265946
872264733
678370231
92083155
153175809
938669514
441707825
59224920
846320489
680997370
992439499
584735885
73731095
942086078
882287547
856162753
311495409
321918399
639542947
143269556
265562492
188083707
677148406
798673759
664221747
887250417
997797719
861798794
745650996
852341081
594217038
141492775
902014848
893727661
53491531
259580100
829281305
14897277
729269479
567330695
32442453
774490814
588313196
833180311
238085625
771471987
482000228
15893660
780157267
277152875
607153675
458143360
329816882
116705630
794812798
15735550
963766293
674568734
251074380
854152807
135068188
241766753
22749011
948877484
694937568
455909205
203917621
15985338
892007003
604295000
71508806
809568779
544218346
246789830
708419058
444542181
95874116
713980672
788137806
312441498
154321435
164098441
217594913
91426930
83003382
756931541
66156375
102319903
274862466
223459037
254302574
977127019
505055301
195064362
16973402
445454076
827362038
867798499
558586115
69502867
653294032
167985808
459182803
318913412
719774509
38526905
91953360
503205201
180396292
336057437
830864224
172663773
147274843
334775166
117949002
441597910
349057097
244246564
621468141
249039502
565588724
882057218
751940461
27956915
224727381
216533271
221557204
274461579
121551682
662720816
649244085
673202616
227943868
928413926
920030264
76787178
48430571
516815908
345886530
67264796
235969541
722011734
75505930
50238793
613544572
66254796
200312741
927274766
218851384
415679001
231878585
456138019
467606446
878273342
361759909
612752220
370087444
267633643
412108453
620621334
787513512
849470944
421363912
990470818
379373246
672038747
974058200
247759553
520736546
577756136
692966095
454271067
176097715
510959465
534225753
656849570
141887419
503375733
358960929
84636690
650539790
998811296
302774399
61189327
736845638
357950923
564174183
327934871
385520598
834870685
667073563
729876888
215763705
619166578
759983634
125955495
25207510
116034758
836456604
612895757
323977712
950600126
728722570
719564718
689331608
464921193
762098865
802464951
349603864
822703685
756652589
210381422
481163020
882303766
33259880
567384756
456406184
509895810
213774313
443645687
485619501
460977915
746969751
781382487
823373195
733882900
375275117
653391847
369956783
744819747
750006353
953911056
595210900
988065628
511815760
60949931
19611163
119537558
662603636
578189743
30546893
633281914
622054405
701284012
504416982
34664709
616634904
568559447
111196743
233816870
262996723
842747625
78585365
711502126
664457048
922980336
144228819
626004511
906559441
597263172
946336825
693841874
208609087
488707807
279080772
571447774
815359684
542154169
759874207
59573818
461609549
334458789
124762829
582737957
795333560
237359790
429739519
820409448
864365094
190666012
390381121
503370009
572781170
762143042
804268334
644023382
645985754
220049731
302799743
19666638
785971172
441114057
842005403
583133733
553759844
236055014
187933403
356886707
209702957
773080418
270344781
700842239
174819404
170282815
537731873
923546840
368182812
745499449
26907468
606948249
980676321
254005526
751981471
278038585
887225302
357487550
324096587
546573257
475083127
469476482
791832635
671099803
902154778
449417324
93846755
284610862
509487592
835601297
83213629
642455763
24116309
708720389
133272734
653207252
937245733
2162492
213450532
630063515
125521854
691630029
219446239
646024583
559018528
200341485
94521124
488363106
546596487
54867054
537650447
617436806
697505274
759319669
580635850
920292847
825611070
415451241
288462245
494566733
722453377
503462909
547683609
94992938
383117802
88945436
344728157
139920791
75071200
573306740
235945876
168304042
116244343
79521190
25967485
276414721
14743468
366013933
820464870
263935464
463487976
83666518
215164794
439226992
882226401
288105052
430155138
230178269
792457077
950258727
283467275
230220278
135429590
51630781
957407819
983555127
837711044
972570573
682913489
683386578
703862862
793908734
491179332
265423229
850647872
315045931
453479722
551175903
345132954
703323667
425626143
622173193
681218716
467640833
124231255
849612417
953936217
757385396
104995572
769540297
44002761
640099862
898018951
613102145
793733352
162697268
276841120
484576809
579648026
418266829
988484226
226279983
119170957
687014582
175365801
509641715
12165158
117823412
546955510
627779938
19841079
737890356
393608068
551073009
889686114
281288016
479636441
920524331
316059743
696612261
528632623
611514844
650079176
861672286
485509919
594582825
970600396
63428939
148716982
880331565
802686492
351559166
216039503
508325180
38992820
552147745
474953198
528952537
34117106
206069407
19573871
137507918
690300089
362224385
279559108
50332294
823111138
451356945
45736354
351119725
36721164
248197656
724357060
559434739
721407670
812499174
943735322
607308325
529103670
390353825
928359552
27102428
428453523
445836695
249443828
323436991
385738828
69193481
886432731
991663150
97675674
104583634
828130030
486625158
904564338
325283837
233192680
412548670
427076018
311311551
751880495
588921925
75649742
55178290
571062461
393924481
586417546
443685049
788898164
382348844
718977421
383248664
798564964
775181771
398426353
639354042
310869972
904070070
774583941
44533281
957526033
629899977
85599786
562837743
502466674
417006484
339412442
177716151
625637442
764535571
468335964
283541894
288079677
295495858
814338906
290388201
904823143
445273824
626205749
539135345
538569611
976270871
546441110
398738378
609448721
844652262
302785604
510298505
779348553
323059081
712266271
703292564
276400051
520679776
475587545
336084467
531340202
602859566
675562490
782572130
148744877
722557918
42164421
188968505
554016398
967734346
373531772
645176732
715566994
728305740
813305753
464708756
499844826
903048434
855254334
674539520
686687324
115916360
439391087
591381390
934930853
182518707
976482211
894438142
832155751
64005242
692497740
747523774
743883893
333207962
674170573
438785593
673952693
973324544
337757019
638504863
985213793
464667421
488759631
170169434
94561862
691608044
947518356
490425081
600365229
553462453
279602786
886514680
502266675
15815221
38772538
812261139
751215006
72088484
628803969
52510078
867730910
269121907
845638736
286397752
433988564
399292803
588967363
355997290
672856722
401558515
41945003
662198526
224299556
941977706
2390160
680253966
545369332
650237872
527338716
367361832
956504974
350738096
850968629
285112339
857617506
793841084
243434821
958875483
461162179
34344618
173754499
162268068
433263770
244779614
303953129
918872770
984827732
470973571
585966692
502476045
223067056
76139999
915581068
795489190
755856057
336151200
532740657
848048928
213618756
526117818
716310617
975062815
820896228
828276485
984891831
249873641
617362419
402324258
37734192
137859136
589924339
785013764
216562463
605995868
407969944
298691588
946453522
921771318
535105524
245928620
265135596
930307761
267228201
362607149
870960067
472484479
543601375
832257338
930782815
682329621
749881333
882786791
111410009
70169656
844644028
69038183
540751038
610925023
408483107
724892871
720206128
923210287
794812798
829758596
394904448
756662446
418335386
587353145
142159774
313325602
481418143
501941561
152225763
971329556
51653123
118827882
470785952
815329043
869110065
295339210
524786538
936692648
104773976
402899834
289648728
557699876
749695139
941656389
119649094
720043496
575293688
899837184
127083753
575309987
229699015
18501719
597149700
959411156
402721511
700039482
555915958
381300032
824230113
249958044
950427842
131791282
113297318
164415110
541510881
61613332
311458528
616449162
606193794
912971042
464284214
239615782
398589781
270279010
872649446
878301633
644892764
322697059
841705494
873893231
681647749
195546983
327446020
575087802
43577545
677156737
657291582
24247846
237923756
572391248
273661497
223064822
105599297
686787001
658776598
61430027
461896103
561239859
395922390
338713518
667544260
149273624
147983604
509557965
312364228
779067806
212616330
713421823
248389861
680450837
892193946
17004300
382348844
85935482
689388564
883143381
615517956
818180404
243274309
561863295
150796094
25594231
121195984
834064426
780744479
459672631
717974406
127451806
939167235
486545849
561289181
923606619
407620795
651283307
599133792
560169032
880095644
154166664
499344803
412779267
183923578
58229214
604385155
460580210
753579387
583583459
314340725
450961195
505859133
90855847
27368794
864877109
910616440
59099766
652983790
910968572
570351671
109834216
366645855
195377569
212078610
120989380
439947231
980505550
784968919
172570934
225848935
13835989
265292346
664307968
683662222
779101679
814594597
881820173
196721590
830161482
522710256
903771819
810780794
111487730
602319270
524746151
811776733
19491874
122339658
764577750
138463975
529529706
828871611
761346247
471748807
89103199
816961154
630634115
206116305
293875090
928518866
814056294
187092028
901804263
535819591
171749978
897165158
312209114
205008883
126390715
659443116
262319423
931899602
972337376
574305532
191826589
702949478
182754748
525651981
299205243
787217379
562187984
637074727
351142765
258472567
429569788
358222358
604168054
262220429
451518229
597993605
587047969
915379485
818922952
638996975
642733107
597248303
194530930
29314707
527216719
868083398
238115442
733372809
798783013
995494878
844885488
58535155
776450270
579956342
452117116
782672271
665526723
210420839
105292453
225410574
228237116
541781706
571012777
477655504
626694718
782474411
341540375
320053244
568154604
420399414
143285357
87592987
988936966
684136531
508940643
221468863
760596845
982232663
680640672
561283542
975339362
853674091
807511361
401752973
659662973
489052025
299376042
330517264
963499828
153534293
456004405
788008266
513205802
569168908
442004274
857037077
671909206
691917040
512275403
797914150
911615908
96789296
37158929
825418466
380087339
12400669
184104181
198636189
605067819
716445077
437659268
549101836
762267064
93894613
344537933
59527422
906871659
50009547
887282757
900838395
532272863
757707016
13973933
635926198
239457750
946733966
876544913
68079517
573518820
484724066
571580756
598684222
35232294
258310163
765001369
440751038
271451628
247646757
272723407
363759192
542237191
941400926
58489112
201336695
352645608
880034269
692792687
819242692
729857671
506098436
713180065
96727846
48250765
620476503
994078369
587187214
257853244
388297122
912513701
690303770
335057638
94835436
577394674
844652262
6155088
85711101
671676625
633524319
792627020
339793845
402549765
327122987
19411854
91373100
313885336
831236377
711387408
162299845
741792689
897251899
504488277
542618462
252572255
585871263
212657187
368824407
622962273
948269560
950278635
364263037
712173531
596250634
215128188
585514527
879960152
386638444
671804464
650235728
361389603
929102808
384326113
495689972
753477459
995107129
77027080
601147298
577062205
404815359
614367898
869891735
537573316
894577041
976378041
28723359
34368517
916132685
359710853
783945288
20641096
509833213
381480569
341910255
586254334
522567044
151857968
329816882
611708016
290819810
887067647
641173397
553639477
494879193
753044378
929102808
623926010
176562497
178018269
118622331
852424277
638247944
382918548
821770027
832918617
916340844
714056823
561797329
642058359
887563324
793552799
61530694
873492218
805741278
381015879
134134566
913585920
862736109
422900518
338894367
585356061
852821746
919712981
622823704
547677968
166253493
662053625
906170538
574772898
705825690
278951372
499890567
905424113
833913316
559327099
704300448
949332425
590284219
282610946
604395251
708199141
914662302
262490974
214490979
61637130
493441313
136682492
935948119
695140018
426740263
976238270
807667979
738137083
814840088
185908225
295886507
511773900
742273637
962070819
955717594
767852048
831414772
701284012
406316074
657604122
462635862
786636642
842922039
988952736
116639053
123863321
221889725
861411935
563984954
617961194
22302393
378967895
906856242
417608583
982350974
659566110
241704003
465646708
989878121
315824954
926856679
473477006
706106410
282751414
586049839
375765307
463269464
776939689
125110101
781811436
278352393
136340818
643536403
769957854
476826853
432059537
777059274
770954621
721273775
866154016
783778973
741618720
902507392
200898107
734903493
125169459
656891210
947574554
677964441
954969486
720526825
368851280
550289127
267809982
97188336
814570724
993028882
477880857
307570770
234599352
344676251
65767157
971476296
740000721
276675009
299406088
964473389
378063966
625138197
751314165
454243673
55527432
425155970
26004997
407396518
446040501
621411604
770336915
726298895
298310485
522692179
364656635
624343521
358688981
430669599
712086875
436097569
945431460
361469955
825852384
213041114
22954162
806659321
981714277
41878540
406346940
496896287
566316605
192959435
686845836
175704427
89041338
811161261
311202717
531094204
818571394
352290250
573603450
87603225
329707546
473765885
495289815
972076974
17589546
390993729
401693425
466591757
113398507
864426280
546716798
272438003
924508923
668554016
208317834
695742296
539106026
120288017
950121530
196058113
229275039
222982866
384728250
317629804
851497024
976498859
558045657
247408098
142752324
306939461
580395421
988977138
180268756
117043975
786413378
387025328
864227453
452277388
889156300
981630399
837145853
913931397
585247780
45733026
503562954
991236173
789072044
623782281
746974741
210953772
192133051
885187725
301611755
750557564
349530127
973252220
957112123
66329097
758729200
157277494
981606954
55009704
483976841
850335073
182366590
274509116
304868311
902523447
744721747
63805508
811038843
213119422
17576
8143282
612209985
931303726
942399103
442959700
845523313
913258869
94343550
392606538
543691497
752604770
655025226
19882446
212669223
604162013
410834903
451140581
774757573
43715423
652313656
40482403
576885671
136537607
916937441
700069475
713208755
852743941
933702218
206368317
326311899
822876853
578381317
139433435
467413170
628471148
808460758
375992998
946233276
288270214
79486859
996139994
448887778
389761501
541729257
790529781
556000411
297286995
251567692
912395003
713872809
368995255
85266656
523218925
363966762
390161480
476337074
485102603
818693422
311462566
175056166
185017740
870851578
704965513
674875268
775702355
205150149
636372038
503061907
665435478
751077813
111772889
991543613
24146876
894511173
394440072
278748711
234125272
235324687
706534555
741256695
179068890
706570689
20789819
160133050
762035481
567487409
377121580
794776971
123512211
950692028
123306887
562104144
311846881
892635755
198211802
74883402
523105548
330794150
34776487
387048883
43064208
551136420
121249847
198224272
611797862
127025739
851781014
926243744
532145292
164429579
405503175
105278583
700376037
956709641
307048433
806706927
764395919
717102213
597110811
434686052
356195989
239112085
337822029
825158892
946466179
975130509
480727178
924884168
627008128
459625261
31922116
563572668
110070910
523166863
526950304
264397226
946205946
202013000
199368660
381438011
878162227
60930383
250500131
644053839
513415591
969948511
533294950
927171741
877692447
525115568
984595767
620242581
600263510
876035105
329853698
829156299
621801277
182894131
321059409
699051095
802779486
202744296
984174799
147733217
839770222
587070697
396487646
566642947
999239522
192614593
912472387
475922426
20313322
945304883
305363262
703161427
14177025
485852962
660619331
790240789
820445329
542151122
590611952
300257988
226507236
657990878
810622671
57882046
772494125
663745930
561276812
795068075
391912169
612732590
858520007
318671880
303132838
709610941
74808108
799346725
60549604
449377188
228899986
423210214
780644483
851989538
814839675
511501932
110499537
966516462
949397051
908447732
900437543
640737089
85960854
68209826
187014898
356593669
884648771
892805226
894386869
520156588
514545571
154818532
194850406
209692608
982007109
730140879
542266892
575959563
86698291
275289561
996927360
873479722
655867270
46596251
200526928
718164416
899870070
916662154
600568799
418268723
662967873
807308185
2161213
192919197
608864084
773363905
822408624
735719159
198688327
654656725
559686481
511971614
754470578
229430220
947252971
902879104
756256515
140864200
746931462
816452948
354319692
526906376
482673030
673380213
238189426
470804495
231521869
85608274
45286195
810054885
243256799
872696346
693885006
626520143
512506298
632631405
497376483
556964872
852290285
512311605
354041529
927682355
112854504
678087269
277491912
473805941
636315057
32891647
370514815
696010578
447835510
758394226
888355619
861249177
602329812
139437011
401725952
479775764
94149532
691102527
77344731
198131726
82978357
312337145
700666882
631139576
422001261
829255273
684695044
465240420
968983000
928561752
114781710
82545839
65647355
752682268
233036789
400359106
751124463
636846900
968262620
97472584
835114471
796266027
174562146
353273488
419158478
769464809
327739448
11332318
520330896
863018097
379421224
711427940
642598781
207678040
14842915
617414632
293990794
989091357
708175288
973832985
924082067
233550635
411661824
751241093
687789615
364505001
33603056
454393520
863809317
595563668
905357663
891219968
4388186
984154635
432615815
900243080
614723497
88547112
77533440
235991692
540063072
644334514
784197289
790420493
118943265
533011022
138852255
257968726
40533651
979479307
885980761
465620516
406816432
542630460
344922539
226273740
337454825
727837611
933880901
125010046
238586747
83894873
509621218
705010124
447970814
404962399
393176307
696870373
170597739
954198085
581315341
244456885
445194055
865387052
752619387
149217947
526932239
990724303
469088975
52917181
10695052
416666628
551768136
227027275
387634586
664322354
158455798
769410008
86885264
31465622
986942436
481882117
680965179
999335853
970137571
766829555
439168403
835492977
800727530
475705121
735926997
527773940
795871239
635715059
61698347
523252923
522654953
635279291
332935633
247427748
835014005
368160368
547298813
209337038
588724438
41325527
499792958
395742705
638169238
1944826
585014291
636018707
670372034
221981208
843184228
167289817
875392320
952183046
229464123
945453397
12922291
13543510
67609825
35430896
870759348
466396722
866001070
740233807
976121619
797599921
766507408
672506464
644794769
882377166
542605344
531655614
263523445
471530684
916551788
346617410
128911826
201963993
878220213
60622118
395000044
202108850
720615711
208641138
599179004
787371934
963668961
285049354
591751068
389767799
440404868
441194090
846327971
934645581
165235492
677962563
890804030
916655542
818859865
155788220
892225296
825017240
480431262
189333807
699027163
980510578
849340365
67109316
965476686
511321440
656042013
314422808
656006131
537820759
457725638
989669224
850579328
321368311
658093924
180412853
323888615
166885787
817978992
851376651
970611494
382094981
437478118
764531045
503978924
26896663
86637457
174306913
719184542
980958539
925286050
879152732
660391986
31720505
894854278
682598752
986526547
724507737
975725892
797642505
431340866
645098552
388473510
339476264
138414541
318595478
191874985
31888598
977971557
700077145
752154766
251411
195136826
160223312
368209519
296521493
909783744
590604078
132240627
459904920
534359143
914815405
772949714
770348820
235595390
325449843
915348775
359025490
695321097
810508084
6500161
667210636
327446020
581609133
922642454
881373399
980522581
872479002
211925575
525235414
455833657
340897149
28511675
636532994
932436798
326488958
620154687
293980569
818147279
459982851
218037259
793517679
123741417
960658901
900190124
586935026
501736768
645600654
193597246
981208048
149373111
683142850
227853591
571714008
130978064
928439873
9268324
229446732
505626539
859553409
586999141
891125355
371293185
931974578
600946250
908772926
796881922
753523389
653335277
205181480
532280135
549976715
913081718
607582657
458325056
548747932
995560331
49040706
832193931
393269329
450742673
562101744
778053308
519681108
269063885
316669152
301309809
389128755
218824654
394997966
469780101
377066939
520156588
17666657
640725517
627048967
251423465
132852168
372780587
551620715
471296287
830821622
597239140
671771884
369899581
905009825
747319887
368097015
384649800
291319798
346936211
19369836
907087431
411565376
36498169
307505448
238648437
449125757
493368363
675962580
889313123
60094624
871172981
372731864
174462833
2619562
374085021
302089013
913714893
231131623
396355534
903489573
803891969
651978633
153133517
973695172
201617724
810177681
418847898
821925282
512702368
902176265
135534336
213734973
410984290
913040768
70254109
844655982
402584488
374957973
483365502
205925198
362559078
431340866
392849638
755553938
637635639
85297792
163185032
93629942
894429008
200617753
670433950
27562610
618931398
206374198
615199265
419392900
242096495
540798761
760726713
990905118
225093576
377352631
610157505
893567520
217357718
663263755
245566133
321583868
551369897
818236455
95928825
69417268
234183281
774560716
488211534
584316190
826837818
295432353
875783616
900255804
866642502
188567285
885559372
446540052
985828232
516895162
460012143
413223562
299168190
647451776
146942530
94045287
656336481
379126100
904302453
325563043
168465559
103199802
782441729
894087311
524173687
461758427
206782490
457435738
531008954
396512253
935700463
292199536
175424896
924468083
41970028
616733804
689808270
115498599
408991989
951549050
972530603
525075425
491961911
77302356
149570643
30426397
189239944
111621519
601954864
739581217
493927616
271094664
33214363
476114902
639196965
963329701
565508613
917508144
651965909
918740027
840817388
849874941
169198423
517958318
348983975
661702206
748976808
540539702
343712098
943350783
624376568
815503213
162802166
381540667
111809482
550009464
135041830
507261983
594803232
190626471
525181001
727163805
71508806
58666794
15325505
384789610
910588754
503671729
632713131
515627575
299380669
938028257
218580991
625690939
438713164
931469999
387687681
907779075
946515960
324005178
975654193
529856092
172898644
235543896
594705225
977065539
145657126
368027428
567234701
560713303
407894259
130758897
482187082
245143687
67997110
998203976
545096065
624293842
29382726
889767501
799982747
773597845
803746490
881107262
541188284
540258777
565429135
777508057
168952956
371300672
327276476
990817221
761232445
207331815
864235390
482122174
337983087
645365247
644626876
470589108
98778804
648696229
249678082
111790898
891531186
820300314
679944671
273567707
873707290
200315934
440674991
168718668
586609597
397567831
202599841
325285274
206628116
610774598
572107698
993452548
448793219
979715956
669320320
736667735
131338264
942981087
766950611
360535851
392125070
613893267
647656693
737633521
647699246
952399181
56877451
352088318
920774593
708249889
996372833
99377695
169592071
581176113
823560066
481438107
2628447
145178527
41950415
333937831
226556973
75276790
374064029
911256642
142692209
44741752
54632161
799225757
829028596
327340472
554451971
342411300
935133463
447074611
783112578
593543124
330611086
500568413
313316518
116113112
853133743
124581074
764913395
150214324
440993581
420543170
357635230
747053596
248081906
890636109
124474437
904021211
82292014
95369993
281653687
936664219
522937033
389597042
946357017
804335462
109258488
948564515
164208202
832343471
578367062
69873990
927841606
948269560
759875023
409909308
882421448
633983817
539813253
279336883
80557686
524912973
273251248
568359172
227359447
793989051
359347187
811015727
148656680
270040141
850622484
285674822
343168397
585050914
281230317
665464559
156937714
877776297
867529867
312616892
902326252
874313039
690755178
888149896
688989929
405156307
459870149
26115378
6329321
672310220
872119442
361017847
138613562
378634388
864717060
842249027
747700291
319521630
246105769
922767768
962339512
372375337
293276517
876087755
289341708
645176732
140649531
270470216
396951566
164060623
547913575
399418907
385488550
143319158
329536472
176980453
679267427
347927308
963149763
747173142
978092183
334656188
442310433
279525408
653739604
500969232
893071595
495475653
897893725
350580308
780948207
575063797
481021886
175695451
799414850
210402538
684495706
579620671
745178542
393345476
706788458
403174919
875291143
160223312
368249972
116011955
226855511
829531933
244912044
20290954
760734551
407640213
107916817
203708260
810451495
914950272
500000319
448509323
751070382
192829330
980584524
885037488
947478139
957030185
582089673
482886642
545359710
793852716
698904641
891662528
592050921
529120778
781209976
432488844
581235474
251531077
124108966
373606175
557177306
264642082
35915640
816351782
320564718
406052631
947637898
19444379
306307395
267721979
310277101
702326860
774231102
347088333
145723403
972806734
352975392
276380718
975739017
548879060
987293174
765068204
630312073
984319405
461550146
722011734
489155347
374422716
570861166
101658256
234113188
40423328
762132647
713007352
629431499
424603950
605644591
268248581
116595309
87567437
327473978
253657679
801943623
435373539
255958627
357755942
646624163
741190291
150603678
386365938
402811233
925850392
499732498
21495782
110545534
163228448
361112287
654951930
559288810
296385324
737086949
429231455
620231869
995390635
251428712
44218461
938138242
919216121
151035325
253998006
653714050
162487038
237304922
552889004
488462109
418577285
679797853
614995365
329095062
403987593
950955916
398929256
444449982
218560960
703223819
632051003
435914486
544853896
871180608
189351767
268762001
177540623
286438194
107365474
53880871
87843595
612249577
694092481
335910387
214798200
127437559
949873686
687967225
182899012
980521945
168656227
997508052
202235208
512646857
233170854
441306905
909154067
380492261
280663629
474524645
108103603
403021419
265965221
314060519
722783014
939631148
952024040
168880627
545960991
158277752
549993142
990722500
49394077
460125341
586872587
160739724
596157841
238448670
466027161
61997076
740795548
16165206
900295690
306046988
336816725
895201192
786056487
616647999
229704074
940551347
112671207
488113734
598495861
593387648
524743447
776939689
32642193
256023856
28163756
862566014
899633160
970416348
729194533
769755580
373156519
794957841
371389798
930548105
464667421
155786720
437194048
874563923
304918693
717923538
16547695
890012640
667455736
484366718
6949971
404223415
737747327
163185032
129860219
456317368
886664666
565458203
398824605
47923183
593751288
727825049
709187697
952145405
138680098
156226180
199933834
181521942
719885681
586924642
336426998
753680509
27899868
159787106
828052790
419987522
209687787
204983728
993971287
332433118
103326776
655663307
728380627
118436403
336544860
909328014
903449062
687342147
481611755
5997884
794493447
570011833
276061274
962815937
654472432
181334012
964390337
799066939
342717202
840631654
165267086
651178679
981666108
441730889
683612581
364881901
225950874
874272149
623289443
673384820
727797428
597596474
255940912
521989222
875783616
706604281
532525454
105032775
727471200
579638804
179085657
921764312
506093628
817808432
301612836
317678267
19150220
850839062
126929875
181015970
381602018
137370965
992893367
471511577
140135469
421649003
573230942
916150514
30256386
563019805
248944130
51705343
948184784
824143028
928475359
201641971
351103783
853970494
617253396
100876018
479826025
698963591
384596528
160298044
269296716
920929060
821776001
394398994
195645154
360617383
133595862
392600052
781672797
995659656
91089723
365741009
266019179
897207773
592270060
799029415
512874754
276524767
916832035
197785364
600263510
294232283
644095855
260071572
758486294
808720728
894127900
192761353
837020761
401099658
922289552
322207662
460808385
978177629
777073569
19002720
649302
68632689
66520501
292898577
166574372
436646722
906199266
68748508
157946930
487415245
929624579
498860255
980514125
329807178
821624357
486222306
115499366
382949721
861413893
580911152
256964377
152673096
437387501
265592549
422578747
236417993
43488177
497493853
407624627
911595668
564929962
468826762
182172963
434029514
621342810
981365116
457535438
46788257
45970756
226584539
899030013
265224148
343678289
96005919
369399537
442042602
891723427
143017536
886100826
630741977
85710484
32606396
79161963
804045455
788051526
736468764
978490465
734905617
522699916
429943359
952598100
495166175
857138858
509508385
282093698
826411869
649523869
487821577
950933031
364624151
200612398
196667866
362104647
652934113
630338138
546945187
305575742
365630948
590792585
774900344
445566987
922207353
376819278
824263123
114399847
422734061
104090961
213654904
55803424
190057291
161436698
773131791
294654599
316020234
199123168
870510788
492593135
456075851
215474422
302103426
173467815
821161260
431336203
736900641
975530847
596651816
406623657
413347877
546468978
692406375
862736109
630274545
792603357
874386138
778066999
55659348
684537499
861364491
886336080
635921067
611650406
516152836
257441487
711632591
428700091
390494073
634310779
94445382
200523456
940409381
527299663
857222066
107799106
532720677
212226949
869269534
304844597
306123819
17208856
581704517
14089621
730329759
401441271
503742865
798442693
655173816
520427700
100857722
147499505
753251049
449748265
926094608
28157720
698855316
958235388
939013615
72644068
532617992
627662689
326852876
656139502
242183386
875601807
279758402
189227895
645756536
977319824
220796776
245799236
418818698
463880213
652395310
621483360
644015985
709438406
102407484
27842397
355145753
760273283
183860397
1266019
333240650
436599842
975754776
903030694
704324607
666999494
758958673
687715674
892259585
290611850
693401052
284304369
356254793
380630336
471707839
125413837
654229808
128347771
895511918
524705446
114000531
910250812
802974005
818145713
129374197
837025796
122290453
135479471
57137284
88007375
303885050
766632421
547625760
349183182
459577434
997526865
800486767
399817153
10519341
287949176
303138223
565037443
554442049
613290623
608681515
130243510
952321796
348367290
834548663
368613171
144709348
291433833
866706358
753778265
272825086
485193221
617446891
946958512
663390558
248538613
169970312
104517385
577335163
329668593
414002487
919204181
634690335
543907287
665237332
193315079
372907234
267189177
182049550
904613556
406113207
917520322
3478900
152961891
635685356
347566787
631678851
542872937
885255453
829151610
348949462
984761565
725136329
348832997
994333156
513379244
263358773
210487505
476444971
881841197
263306357
345205258
208570606
149605113
454946525
933235575
71603254
959417071
904003235
846140013
476747420
616189138
987498116
473876900
83001548
747839468
232926611
783900953
848611712
167344835
447447569
767989770
975739017
677140830
240097908
530626033
620903918
960495451
455955065
250916861
46803399
703734199
580886858
18628144
312166114
281493456
125534613
62566842
329495022
182672609
313143495
464218666
293947077
190550176
162952909
206031704
732844208
238031943
167792373
456138019
405438553
689885495
206923433
646285428
993243417
595061393
14533968
351444850
246014331
533306286
679239103
568198258
500877245
913231179
48130837
522386100
723618490
550597689
138963124
158566191
276277853
731828364
917921081
109347078
351677426
440156645
683882148
913682536
728562489
817890668
977933120
651460651
478477245
236489499
792658059
463736428
589993769
357707176
669391674
505949315
282468576
818175004
185978755
844790479
439136578
563088926
544757484
88768042
615293640
598932589
217114853
884388559
306868715
100070546
439303135
261666549
190730610
104838468
805772846
581790540
670185911
473273207
30233907
132241637
471584779
105143223
440301593
468352500
495123359
846469754
683149051
234194184
892483032
446428190
348949462
925740982
854894934
91983572
151565261
483195373
977814027
969824558
401105111
706639513
903881250
735203629
188497449
54288055
410562471
475526772
987558662
744841640
576724029
945406450
3828254
933194976
773230300
11779471
246135626
12065938
220180908
283826256
10445380
569286997
885464112
478774525
877122382
770926009
37397052
393488262
683279350
551531453
237086276
635912410
555646938
34851485
863275885
346770910
992171226
673238616
68071792
739783289
590016979
105184054
687469017
833902642
626324795
441541613
136363494
268532900
513942894
505690028
301921229
812261407
547740284
947190392
833796032
917747851
821538376
153576556
620308721
443913897
534159916
621406773
849701371
575850462
430963757
467348173
844709101
811296449
662333173
859216591
5927683
120651271
563369129
6911730
926610673
501318939
298529255
601650386
610120576
891666964
860796587
287996528
369562399
716238672
19839140
359388313
833630198
943205888
193538589
833515902
430602986
214598511
959736986
189772540
396269270
910121315
432052832
615690232
889047447
191083604
904040388
555771658
614099794
887554537
100160338
331607038
707709342
108496996
839269764
72316421
336463846
649523869
865875172
932883085
704476813
140111351
492100427
378031257
793715259
55471077
210325655
833713454
459921742
247769847
710463703
150442325
877104637
379225552
930032378
586162643
201227976
913813483
34507786
566909720
88273100
757643050
105231342
449155486
332198710
613290623
803915964
267141500
740126130
733215101
475647346
835177763
450390784
74116226
180902088
63676848
522808436
964696884
768437212
238392689
891441968
513030845
757160336
197653940
75977539
490113875
947180159
608524477
631646107
822942207
576574627
832718596
776835133
604251172
491673867
176617796
54388394
150637123
116224622
361465816
485719645
357373635
678849850
847321067
174993464
110712163
915014555
632400341
659825453
849092029
632953432
736518980
494993837
574340395
729015050
188903876
314652399
236474270
310072780
409584106
683745557
301687172
193085413
631148224
61679825
770810871
269572781
329792094
83925578
215122743
477802344
611348677
845121642
69558220
729331225
337499605
244077162
566587956
65063706
772331299
153252659
597123711
343145984
634520165
610477412
248541464
707777976
472147236
825251213
258753529
223903863
82573168
477642502
623998716
947180159
95809594
446115676
936244597
556644044
140924889
534813942
190221237
110016002
56166128
855282591
404836414
329217611
572718464
654856231
118671119
66487125
470407549
681642231
19220756
31455130
726058707
386158256
977572701
824159272
980043234
61895292
582554089
288396318
48430571
627694475
322496919
797743774
267743316
978151283
686581825
210585917
106380548
878570393
860370829
237908557
301155262
452283571
182619635
36334992
711668668
613495893
980803630
351207494
52290644
366677687
672818184
197439826
406094871
467757443
561434306
407534466
904802176
586163186
812385205
846874073
66766838
694838893
405822961
397490886
709970043
710092982
992240511
974648378
261512266
544931082
595511922
297651415
158472960
762628878
945998987
567498334
807469468
130482041
954053925
744455816
647927622
762279758
687420158
478067875
211892641
767441700
237129464
265532911
565011561
674229912
784410384
861452365
150582879
243495289
707315596
413392460
184556921
304171415
948431667
974378388
643752976
404412018
623311342
459174374
309734602
599972763
483937022
642755768
497144169
575492266
517470106
577410717
100594338
366271142
769188285
668401406
322744419
410526087
740279967
39888508
475598203
127740805
508463816
922876180
898476199
74532862
550515714
762519878
225931828
165304659
726762711
585563566
302020167
700192424
40309183
367678415
972659950
874801206
569205530
58676023
391047035
751217331
995094660
281688572
876395260
287397867
403459483
358470810
385163967
841232884
570970495
616360725
807090252
456326259
312206700
112542362
262270926
787436902
12629161
758610885
851541802
536698255
486545849
403235378
160759632
585645276
586372126
240178158
591935754
95915697
335798031
695298025
881829985
787916017
235116616
8059952
216452171
153636402
66682536
251115940
745785442
314094871
164046679
156131772
227164698
502332226
749045569
245788214
521925880
563662690
507697195
318924553
210750863
714908596
783628373
579630593
748538933
466883433
228747634
719409854
367434929
9744872
496410436
143470559
523957589
912997712
899184327
523828593
529357450
945950805
35060574
881127496
286682296
327214386
599569304
452788406
871635112
637343513
987488113
769826055
10764289
849205441
162173053
770658349
958738394
377736665
745969008
859203647
153232555
478327530
762252020
107996503
225947125
244177561
153111674
236794027
134770567
980586427
961301520
986545328
794567786
646988880
263638857
989554733
91597085
851179699
22670717
313368730
241034531
359624497
869371020
857635944
830902831
850936314
100356069
725494789
809633358
636898451
349101426
316514906
880514635
83225410
565384223
832269072
556106687
734796943
287672744
994204209
330417537
850445695
673040126
537113588
21010072
786194675
464926493
468634085
352200829
729084361
616585768
147789352
628862983
76874324
529438961
444145912
840237657
546391384
319085920
650498794
280157416
649401012
918222178
864063673
615782620
523111077
967189934
685761239
297231683
913387985
138649214
527170578
437861462
526872818
179130894
10844044
303670442
316606500
165178936
964999990
457180282
784903686
513672702
751676239
705153317
200674496
187994067
407293988
394045515
590390291
800664826
956453961
60762777
825087389
310804666
664001096
916241443
714594722
337047687
926262246
322207662
65590712
65019191
198259987
601471241
937112027
905505324
299200411
716040405
366333692
77565769
363569081
272602728
780695247
102867271
474114126
298972890
146836224
435840412
846062042
418882292
81815736
478221541
455911700
514409122
110967274
226937814
220158838
600861340
155348830
585196745
539760965
806706927
339303593
759053268
454702228
77807728
681454620
68639064
35862135
323114410
361795974
869610975
94432905
257282373
629903782
350509254
286376935
428577677
856675561
18919994
148068183
343485413
32439636
529734363
415973006
623506573
330474246
469357297
572867058
543117058
906740773
742991147
872987522
922212062
253001356
469965316
76085327
638685113
633385150
463029843
736137629
654885445
208888062
734796943
329742125
745811449
819493939
386194822
604440116
965009240
552581438
518706009
779536800
303442013
419154734
706574940
629865313
715856020
63029922
669182266
714940967
340779018
551075291
935072210
339563511
505197760
212962272
561663581
620185365
859918640
510377106
688569191
972780070
261120092
434737803
578182562
73313119
134460716
864348941
907906634
383822369
374287192
675500692
634985494
528764506
958516452
968397481
901638809
504896819
548241627
859958063
53080756
349486142
786915946
873662362
165762170
13277565
367734898
796411065
444529670
408919261
987309693
627117822
783571404
1575751
1374985
863127068
580566687
502673593
112948003
850634462
793330763
431251410
732483359
942945577
423999871
818586673
372725525
888022226
873580964
415223293
520149743
789251419
92799317
490548776
441123028
233661153
753529935
835015226
901661928
400700882
777923870
858298282
791591361
153219585
25381672
88099083
824970415
383761068
609707678
828535389
339831097
447779026
315348304
473518855
971594768
840332072
124070763
371341912
902109116
84218136
11101426
65338211
952070981
307737588
253186265
626496368
775926360
860344117
468954873
402541309
565429135
77320635
774769225
455014186
815578019
740160742
461242265
225574731
97316828
917747851
722281004
646780796
656894736
466107145
761093120
493727753
642325197
758005171
317423286
407709437
814143318
494438851
70987528
275274668
940412221
10695052
70569393
817051284
922021792
455050475
53171100
373214481
319411407
225472708
149763926
57648722
732954292
976481398
216716480
294678821
750294901
758927899
599708433
978206775
745166818
859662366
832269072
123607549
682826795
696227371
912206343
913399859
670750311
211320243
333085420
352464539
892172864
496913282
856516190
911178104
77371972
784573073
603049870
823438281
788405888
383474223
691540067
692274870
956567361
454296370
787312358
801192200
795257303
260528902
779865990
94891338
329737784
328992236
56615572
399316253
472950159
314660709
298350569
566972192
100656578
647528994
67432327
716666874
582885595
153251189
904813287
833121478
839603942
325713514
329560881
931770328
596605098
458893811
759390366
644253350
149814785
134212840
403899519
171549870
517426174
45232658
640050596
767379877
484635236
927340108
394615729
616029660
540200735
127796807
350351034
768905080
746604500
329421412
612543378
105211952
963309126
924868980
407213188
105032452
567945777
660869722
913172336
613894667
873867638
861642763
975978698
145478205
566241085
208692396
479721454
865912783
765820967
332176204
640598652
73888023
164835923
754441309
299587374
408371998
223641008
267538088
967276363
8864742
96005919
105128833
980581676
905934696
199940075
128745590
340215085
269055296
374829848
990316713
53826134
886760959
742277484
521293304
106690250
759095998
622691578
42460119
414094424
988387012
676492514
337573808
450911988
94432905
382348844
550823111
856505661
68924514
735730082
269370026
724968620
151446321
847134693
922458230
413238046
136312899
96927295
666543048
350601867
221136843
150478834
625597492
993878216
953081394
6406344
154968529
82415714
379065139
416496599
240325586
37091993
373586605
5871919
670041434
625812107
586735913
861541974
942535371
777013055
968372878
480970620
660272385
4566590
53990566
262332883
171457322
145981065
442925589
659960801
177358072
29014924
941246136
389851744
562473518
866342707
658754703
672363271
701013711
272032045
442439126
254707940
113591414
895234135
59481237
604076333
407142372
882802631
876103589
790069174
804983991
864641258
44588114
893483363
364568523
424407147
650167779
126604908
807954882
18367094
848216602
167743008
187921259
405637737
947536370
444202917
625088318
477181696
17386326
711676546
75577351
771936478
246490816
85150778
465046802
206272528
526027029
649485196
519755508
919502491
209085719
624491153
355578937
64584021
770149913
559553118
103222850
271578466
898795005
630753769
862141575
958124457
51145977
654232452
407311037
249206373
668960452
993850278
386365938
679885799
482120172
669505615
957149891
940724654
415973006
278175975
179130375
919379712
824503187
575184086
253112479
850807150
103659719
33782079
911789900
248890481
843493100
410420550
371074155
956819981
605623445
711868329
725854066
132873288
167257919
779915892
484999872
367470100
935782456
735252795
482909330
955896151
581398133
475101083
311129219
748166891
429605871
154207456
81792922
406857132
272276926
611106654
153759414
507845564
45289157
791192258
90856877
678021
303796624
431557572
166265152
830864545
203378356
766829555
476318583
89907838
253938696
313370018
997686751
980259272
129702460
525438302
390075031
52789030
332333902
455408037
570937991
885944264
979207063
589495278
980510578
503881198
368755346
68176251
120351584
332693757
881680557
267214511
881128107
205809899
131272229
851751368
118718951
84635729
314111360
535787670
822588288
57159535
128583172
188497449
512156931
301021406
17576190
168517138
649580105
833831854
816550023
782316593
534835178
589329883
668417085
945435758
94928837
31310134
630594397
268553870
900885374
90664103
836039166
378379614
996289624
956846140
269891443
148923025
981459732
484642743
403146383
871260115
963577239
120014782
538328099
234229528
150896810
951393443
30725545
435868001
654082176
987533013
726543188
169922029
106893870
369359582
53957896
940420268
714570267
481361356
27126117
941309064
835743634
607891035
162245727
704973063
937290877
889722419
8080695
160014845
48041037
202592702
583845343
286831157
13553220
179488420
435969723
608114822
977513776
464072627
548486826
66761706
61962004
444151299
115324
299900791
43367441
851463228
54998672
49106298
435593829
247764053
494551925
366720094
183009615
35370909
632376699
226921051
819594114
246106475
622912616
223002969
311722619
511204400
194489201
361114635
333060494
44635089
109954372
495469451
691824668
950218106
707152557
753911211
281903287
814793539
602101672
116390870
648078305
523564859
797838108
177919420
964753302
44696609
190693345
293979380
416421522
488355938
946100204
131479447
16774400
664355630
933590675
600576927
341310862
990180484
199636574
418048343
409936977
907702703
862615508
853396444
440106088
326845370
51207997
853304178
316271912
93285807
571528174
99623309
803306305
46725828
654257318
739709465
751719022
945071794
749312296
83114454
153640394
375233487
424519836
80172851
309147853
7313029
789225658
943560245
471961288
524802303
912856898
67439172
309511659
518671461
688251830
882032664
916149898
644625725
709178419
467023336
569360233
46859391
529908496
758944403
744433797
834685210
939797507
568323120
212356648
332398551
600789412
209602446
236266907
438402856
288524779
437944620
532530551
788371372
986201016
760596845
131672061
263678478
517526970
579845800
835394383
878325039
887479899
265918358
935023888
357466057
91911600
979796144
109814019
594303636
673557992
345767265
84173556
618626548
523582481
462260852
957208843
981228154
895455998
445295507
443099464
247878431
366522428
46942497
844324515
227693415
172486293
72104862
993334910
600420600
955198833
103205312
288466679
55766088
921764479
373982764
432456902
48742578
377925741
992311454
109862291
110026116
812156250
208595872
618419692
918926040
337888986
887069596
451572700
114017927
650387599
515269988
935832090
134090331
310071606
503626015
935633416
847829715
274543574
422509121
674545863
717704968
398515614
400365481
465333550
207447710
947620091
412433906
820477550
283357792
359678107
313899630
939157458
382564856
398555265
892005323
625088318
244650917
971767561
937665186
224505453
863063420
18330036
436971591
735364480
425420592
347288602
853942819
209318351
842172753
457983697
958024394
416218089
755683756
525623855
162136188
764594776
790088907
575517284
104475911
739091147
685143174
32191559
643029606
704833952
135636331
717815864
262490974
297737293
484562605
930086674
432145057
843156941
899172531
815910821
851715921
848523022
540539702
659945629
125217738
806013031
345213442
695535692
39636566
709719767
746358411
390944038
840959530
677121892
768705317
707039593
864252843
115619481
350438594
105285360
701061853
287925558
365866577
181831279
315064719
556872277
987288876
94658989
45959500
593866286
696662083
80602480
776903923
824809044
731211915
225158594
727963411
754511384
723321240
9541650
402328265
148108564
195671048
298360815
322515586
674667347
731885947
960777732
421741791
306878280
15990330
407993072
48323374
483065900
159831010
143220547
607544868
834330862
69680592
889960889
114303570
67360825
465726821
307229432
938886013
533045206
570782537
614553954
832037372
662063655
166296899
8165352
575941496
86593155
705452307
749516476
90625681
79391413
210087731
918824532
315925270
688874383
102584537
685891339
764533028
946946447
403331812
450866679
166004879
741879109
853486136
470033795
767995159
64875198
921081905
488407250
866078739
979951773
128628743
472692596
294232283
152231213
659903968
869692847
442504190
984827732
50419332
320972322
16288086
386297741
296242362
17947393
469236833
473013433
683070958
44146188
608353528
361214328
695702209
52018932
238340690
456874419
821474724
108168209
555218407
521321207
300254638
423689826
181174017
876797931
605582802
996902371
788160099
784796897
712778005
580189940
276330621
246334094
960619805
531719599
791119554
328007670
945606080
601361321
318660116
767035452
825607578
668231437
722366838
287674622
371462610
756046867
393461432
366042386
959348316
480660366
619987418
141808737
849398809
435559688
827729277
116482813
885549272
192836548
699963228
245079200
875391922
951849682
576039890
855244341
689872610
590967904
970069084
383574768
236579553
410198846
440290143
577555769
453121824
419675784
67771438
710519155
313637038
430613078
382196687
587218035
386451295
920804187
847022334
388857949
247416868
278429113
445943482
738832213
284142205
528967662
948229573
559581854
861862218
734472143
494017009
196268029
101366485
152598950
720601308
799650717
495880874
162309735
533242863
56492244
492813059
856744892
342137875
850746568
211049722
717977719
695648276
110537834
426673938
844655269
7549625
41378641
753109705
699532250
239094187
841540929
956264414
374406826
826157689
106061532
568094841
415721514
103043557
328486729
913590926
641931672
975773419
115374557
53139661
360809679
862403027
305686312
136080708
313609816
705623880
499636168
744521644
605666440
558596881
450497779
17501369
885106594
351594558
664049675
965594348
182140381
477769810
467529096
183594240
209716748
875809620
55618380
757879042
373687912
628803969
69886031
964031358
941160236
566412581
817472408
913078560
961560689
248999778
894220964
166657635
681298817
970069084
606524601
403137146
969768667
195292957
642227089
204219989
411756719
185423290
101120777
555486094
850622767
91976437
117508894
934675840
887150921
912491689
147499505
568679139
878095010
280295331
479530333
961071262
260977767
496993345
808921024
470600194
579249465
638109807
441391982
774315614
190903267
636617769
336982633
105839644
983315351
842584364
454270205
716055875
261977928
876514100
692423427
779278647
433620870
326333467
633423150
581253860
585295636
178956014
37514344
987379317
944437330
422537042
58597403
706150459
694490541
641438742
594868118
753502592
789156031
185956885
848121238
262214260
627444057
931190270
810471342
840509571
757381380
701870917
702562409
288741253
745413745
488791556
940748476
593658850
313251568
920726998
905424494
807967698
83209217
815215053
754664315
563834756
114266471
148535822
368240287
154145728
60251358
898308022
196518819
617213355
247429171
91872411
103630471
413230865
718011636
30122525
902837789
223500419
987112692
200502448
526942071
232350154
800941071
225001626
516481179
606392307
9112697
565721799
19971808
361465816
487694599
302767799
869674071
110359763
959934057
779869483
370466217
834847386
159944576
939793957
592530744
595902284
938838977
867329510
174465035
212128214
507939963
94578070
328256167
139447636
650567629
794692596
552447970
844910701
621629227
102030396
962727491
471356832
147380822
470182284
758429729
65437157
661539383
210710317
893560307
910635849
68712816
22158861
448067287
421298464
931554122
468069464
364541353
205902628
625279669
76170058
922556738
95435900
24477063
271013797
882996599
844261200
44125550
347422353
126158129
558062312
275187680
889185981
541368408
574936861
707803242
693078642
616477101
91714716
674912827
596771645
51537775
237146237
768310658
557809608
833259885
904666819
804574995
440141663
766573629
151276734
130547160
30439985
408509847
875060732
90857400
680965624
799892969
654604633
444693752
749488575
778705008
351400687
437267928
202697453
434239973
954258462
868582640
146514449
721466899
964914340
128265060
773941048
451457077
338146998
217508759
256548779
651246115
294412105
570878366
874676407
445029343
246520707
614485291
561237490
12623223
218868786
500301098
768102177
63986590
165797319
49641676
589010192
166218571
339239295
413968663
154121274
556893742
287525435
793023162
813165625
93899324
383145904
449708936
906202971
199892096
751001434
30797879
778258777
19181384
656651553
505992189
516556445
734971004
386854340
665728863
570061319
523181206
2326763
840624356
117275195
49628687
306912836
543652646
70099944
506632759
955058223
241479960
810609082
976509715
868364945
180619376
377112141
272756755
545680508
395214184
383407394
382793240
220872993
366691725
362797530
397712221
348586989
490455857
969094503
886859767
80848585
791697761
684307514
89498186
93772521
260032646
20265816
634815299
667562554
533680745
911013199
705080474
669353907
316931350
673858989
735371793
299576171
286951067
690321389
868015678
18500781
731417206
65719121
294561073
271155442
812011792
765808850
584821286
838292312
72486980
479995178
981122932
373466688
535026259
69727510
82400755
609834269
303063675
89014753
586814225
184028741
396498410
116764936
673968435
413199798
179105052
426685259
58223865
721714151
962731508
524006508
440323030
214554510
150562103
190759183
934499092
681692151
561265414
79817331
472894225
690028106
596789563
295953827
555466766
918821836
659746276
50521705
302041912
977945559
798442693
627413105
478708125
786148618
697702782
978326666
150006978
180940766
728777559
368258522
433732907
676452936
505949890
782642935
530850122
457585686
165119833
476708207
554146714
609108416
63207726
425927568
54771523
313894039
637920021
977938238
340683740
261942051
609992560
576106501
292844030
201891339
569365198
934882163
789593458
238377888
35874088
159490674
845927622
60565958
928497691
592281392
564007597
707551392
413828321
735405419
724428585
405232985
294678697
848639403
868317247
542259435
85901407
907702703
800248144
922662274
565074771
956819981
380219137
718625426
511132327
775675507
254010575
860163238
957094327
797416551
701915157
875092982
161228832
746421501
171462785
536821748
580815089
954200358
680988485
787874020
416294042
748882018
301347182
720633598
235569990
192271926
818246845
943596751
775041368
900412319
657089086
705925294
500337332
997745952
345203863
636718092
864056856
672248945
52590872
990251777
492952669
205132774
178655284
271918336
255908510
35559966
114777893
242255018
690939728
143722566
745020849
599029734
122429722
621767893
389230227
556644294
281947539
830201886
148605295
203008440
432037212
646247759
432561769
34501361
448681740
665554112
486693581
140576114
458522751
578961075
563608313
176914618
474314075
958906018
328277325
540278003
159861170
519341572
401763963
904487039
310681845
105151598
984617564
770711007
692098631
813920963
573306740
798159915
483404313
113631372
852148602
450645968
629099825
315233077
852648443
912111934
809653868
37105408
489117410
630226044
51868484
936854462
454083778
771252811
670124501
235669156
105146201
627855869
82777634
452904095
433409372
592403369
263243644
630996046
575646734
483279526
452118007
423948404
508779607
944440200
837263670
865628855
761062235
320323670
371683560
587557624
22267531
523937716
166618728
680202583
265491804
657768940
711294456
875295525
793693474
645537624
369281287
546185462
71106875
511243223
634992920
64757086
314340725
442172710
677740781
894078579
368613171
790069174
908530435
110502278
459172595
474910923
608373680
648359659
245557036
847487466
830523479
27891890
997312982
322112634
206619244
419855359
655814955
258230938
541973644
592773173
718151884
644726241
801414936
95696091
507755219
158903214
237472860
387101733
986543061
176847121
549976715
58089011
620655099
804618167
781448992
952258702
193817184
952919269
505813114
642426140
715146071
756200385
182290935
315667727
983125269
600406974
709103906
69512878
484536169
520853454
773421952
667058203
265222563
378103790
329507724
723150814
986140303
697031625
622878794
572013956
718901141
950604361
615598637
419778030
276395474
807175585
576966983
461380789
600864781
339535390
814497847
356698790
273090029
361796286
514469840
446330922
827569112
421448771
900305466
705794976
772937478
683112442
732136152
837393314
526514187
257632402
783290666
52054181
918442396
709013687
560230762
159762872
494178149
14842915
837472476
208450938
949729850
714112355
903949001
943828890
125508290
47867763
28434926
417492895
862393257
129985984
844697281
60650999
446852559
260755938
567369701
815071851
994188888
891701963
537571273
588285752
545369332
706977445
328218662
326675477
800137159
378509211
193217324
432142431
649400047
389246617
657321797
689989214
181924761
818268707
163425206
449787832
810607602
806457090
128598332
996471216
624895956
209960551
498870288
117738280
243295132
365229149
236270743
611784480
886217079
781051371
716626192
67871782
14933516
738550518
39787150
761142900
492418347
692948371
595144562
906258404
717676076
627497047
832461025
898749858
956373194
901695257
674488189
144892103
766658212
455485979
170808051
159100181
61043601
341919531
654625617
920829527
648894700
479874775
66949511
786423947
440698828
147223885
530764924
3085567
503407257
975148980
374492277
604757822
140669091
350930532
360576155
164223007
129573580
189246996
350618833
578393804
606086695
976944169
457346143
835249822
189522750
4796062
815651339
859807200
621088046
916176023
502401243
953582383
745860728
350514055
395562995
284568615
965897691
510996481
731429772
572075011
664386796
684935605
694397480
661665945
956942034
268113063
585180709
157545641
124140987
422609636
725114326
473603160
59243811
313134742
518081457
591277806
109901712
700048855
316245973
374399379
805955319
563363933
994300050
851952885
552175467
97977584
122610679
577089279
384394684
134615043
981282325
610161197
329964542
629383614
721794605
117335491
550258670
76470448
953898769
860612556
273265579
767734894
319419109
693830002
1475243
295722723
635803394
338492117
198900148
162731798
430155138
214695979
469144494
241517371
508360155
174519624
586662603
358450829
237464219
592345171
992966401
148061526
832780924
775853526
148041361
854429394
128490308
318197822
338559587
450630447
963309126
167041015
829704858
615479845
972926263
688056432
30722503
698366448
777214868
374628176
693961271
281741580
17200129
681802791
348393796
601380316
411608492
649050340
736162393
297449764
893833727
736753764
293350521
709059580
568485930
604535992
640773204
832155751
85915674
153681264
525106133
810993131
420292823
762783832
402562309
499726974
542436675
375244816
766282214
205857018
913264596
143901247
680965179
75998835
490962523
777214868
672604651
338418381
181334012
212632887
887637465
21950859
734903493
546019726
82105326
83212448
763261411
394117785
561763340
194854291
328625652
377501963
702951808
98771789
400070529
324080937
186755502
298739534
974050923
979375765
136365065
304905925
985629028
355693345
331958596
291448442
567412196
797700478
47467654
937466868
721646027
307208927
936787536
83613679
386579897
869861318
313397030
35790585
240712980
321007484
848505214
349996495
463290661
680473240
724098689
601618557
904293929
721714151
755250091
97926422
840542576
275970610
321490356
635242510
119596617
717392609
664187429
971077360
86240696
42192660
187128229
590191554
203357875
993615916
746974741
582099594
713019019
423744943
835309237
665795946
923198595
554773817
449539142
905331538
915007844
546601383
572935628
674520059
297433164
4876408
752073336
679944671
129577029
331994596
933517583
821172895
905717473
539553991
128327582
725246416
881646570
874607085
116035803
137511871
195759252
778064445
508210857
812649341
831715917
659660771
219713180
826558951
43244979
212608552
378321438
998420830
308958784
672133577
728872554
329880740
159408356
423571822
247416868
650668690
950295900
576858244
778609689
92561503
442512231
719917464
257060282
245340304
602923375
115628377
688975870
46611939
674771634
773769386
298925722
680122792
873381356
32175626
103459305
557399208
40722452
630707258
303984457
828595137
559017698
445212126
619088558
862073683
540539702
320934451
247279169
774464723
97363269
428536636
114454550
880575223
652942735
453887453
92325706
511863236
215109529
265027399
453017648
509378984
122807915
919044365
329441574
986742637
839501015
327232919
899184327
675157057
871183057
563339308
872069283
456387976
555815926
906389075
119633240
223091188
772284650
639495585
381782203
661322115
473400660
193032156
60041900
1378903
439589434
970913921
711712223
718455556
113443078
673224962
675541822
324893557
779278647
746115786
180489497
359498358
625221917
666828957
599528147
541967583
470303086
176598626
717049663
948664839
689340210
424883214
460683108
730375880
114035211
977950808
795583858
665413478
857796987
156426878
321764582
16009984
680703864
45186623
89023687
596129677
412055269
191059218
849122263
403236203
103678572
812872086
343476500
559413548
361259203
546908607
594486417
756871343
126960901
257417972
652131962
279710110
19229286
176252833
97819418
559029811
826558951
126543927
756861748
61679825
425346080
712639311
717586231
301201434
824062104
597412304
554346413
930790066
392446487
356419128
566454105
569160546
260935610
559053702
321526992
569797845
188694559
392846458
394113691
37952018
434090483
112351839
500173264
467761374
895977713
692687002
427514542
242658478
711676546
535828541
930056750
957313058
339104763
322639507
542297216
783034967
544065564
569141512
467571381
878894383
963647908
718944782
683627718
925737334
359207591
16447197
338243411
262258903
341828446
441862042
297524583
464565743
766493486
340121696
396749501
303772250
764524558
537973613
447750557
485346168
724061435
223537707
549787165
682327001
76059879
228253700
590116483
881963660
387080870
485346168
480276877
864538047
383145904
903489573
330262128
673071044
959609550
984563203
754516782
771519568
164680830
572576375
227991845
646238583
371406154
931907525
885308649
363647685
42986049
759006438
970398997
761333055
957487515
157331536
457212653
672706555
506132223
984611976
445664649
115362516
740316715
136756265
444632807
571832982
239447880
63022399
673355371
335798031
93326399
354011300
502742428
415298466
742277484
342968949
768678999
795469081
222055051
715004892
957387221
938356622
143648448
220667467
141532648
411806229
621629227
872674253
165790875
943867175
558144476
122396133
949700168
753453163
786530146
217077000
72466158
394803775
188355915
291350165
941856795
210420839
559898351
740194148
21066139
58391295
47522234
121178367
338498707
749210541
122370636
702428315
75620328
954948543
363201280
574990132
25039105
168482688
835922234
27761870
237913970
377457380
834358623
641858949
793653606
20924636
899708342
955602744
992237212
472699381
772121245
431579065
422052972
701585328
423997462
161537501
209150072
761135314
110723550
939503286
513152559
867798499
358832319
692406375
629116624
680252335
321433051
553461821
283664531
141956321
235633984
693671175
566442356
387293549
449816214
722851460
619101024
669041432
526417978
567879390
970705778
188206710
383675775
533441520
69121492
410834453
511007048
972423058
362817742
917809062
518176800
445310063
515690867
893975650
878144812
484652614
637387184
167138141
986534131
791332457
840828404
641970822
901420101
620655099
837256915
240713887
442402597
802409046
418827930
51018532
236574101
348014439
121191633
524354955
7121833
742435008
766672837
982122192
736293454
256038416
910531665
13282799
867533083
165797319
269093942
798632157
85146282
910705581
163960468
509099524
757775392
740815249
299412184
273069737
114268490
606821750
972595212
163707685
386085453
324484146
617164095
528213622
704965513
411911070
904282679
132287899
985898388
646652587
121328492
936496065
711998752
435914486
633660615
176011184
995054568
867856523
506530657
718434297
495746744
98512985
144321387
192667894
602362037
691295354
621515128
557975416
912702053
336426998
941623408
6635213
429099827
370032164
194463482
235673658
83590147
18379666
401645566
53111208
691588569
52322857
292251996
875490778
455948987
952343123
467109682
56112300
525472649
178826168
136756265
2173015
223032209
124562962
212841377
978575369
762188372
615584435
610543556
18430503
436087014
636178018
547420887
414661995
449292490
121095722
17849740
644958121
620722366
101598691
889905870
562950111
768479864
671880878
142424742
1641322
535081063
21317577
338358358
128803572
256429160
342797715
891893242
145218201
208438362
46319063
626898895
41175760
540891729
518808544
264783133
17676140
113179867
116756710
195995931
921681775
166446665
722567826
446793744
248611200
805491738
890280245
145602453
281998017
620633351
278929800
527928035
275741578
59979390
58243774
105086823
381483806
423069490
350617762
304368633
386120116
952761278
523598349
805664275
959994755
829555182
391342557
44789291
165279888
672328709
191550220
495689217
833615880
269528514
607115257
216450300
318769905
760752034
565173769
405473022
46996666
830037606
52498493
880905259
522904224
944766133
69680592
401014200
582001597
142004664
576471560
509649942
502478269
927531459
837256915
684690787
332248354
452082269
979879594
96850845
904560487
553824026
216688056
498202950
804175574
310597957
937958523
343886601
236706374
70011121
996824892
322624364
683720991
272243784
567698870
523632850
770794605
699023110
735882349
796981223
426361328
996627406
503911671
297172724
734527958
38375427
244849058
989423068
437201990
838850292
620615804
30431298
219236430
551980634
947681619
542052851
470140964
335249089
660979568
689388564
525219485
356535465
387326798
908906553
371750376
47871224
509208035
944230374
924578139
358380885
213396986
53982863
17667069
99625867
50568590
64359966
866216607
263853694
497317716
203123181
685918992
623887224
223614639
309069657
6091942
325411515
722876073
634082646
762228418
494270724
194017338
876531828
300623623
349369726
878162227
169236763
790412414
427521208
88920073
586163186
872357328
128802163
719917464
591561159
966598434
296769050
105184834
202592702
522543787
838800856
373692609
326674590
466858960
194489201
711068327
802963104
844011922
90639169
577740010
141921122
396669266
878013930
928515173
711148642
307156138
122420233
369759625
170984490
134192786
441324700
424934383
679988906
915007844
287585408
722932262
789278438
306060914
654796567
53571440
667787633
191068761
72769066
697567387
210102089
554929809
251531077
959715208
995654171
338197591
305947009
818288336
802775474
949285938
568443149
689564155
135486901
925613587
173670706
119596785
622530082
720345217
854803813
745307418
414083436
85919316
546448420
396591077
103702896
490020653
715748556
448218071
400570138
499680369
998420830
527177495
278262969
245075102
487353133
225974682
773425142
627915620
898386902
396602720
823305384
851190884
78757848
467629196
805082576
137891839
221183066
343147401
250419462
673430389
830347697
591295149
125533666
363759192
237017545
412479360
446043069
739069918
316954251
671371701
155103219
763464382
352248812
147034139
400838129
394585303
529720789
955985976
279015150
179896802
618630544
608440493
443773217
47743432
821269449
76076567
530699980
579526646
830207293
54513406
102381667
393858096
617400066
662574770
731963891
706027128
758907934
344961091
94784236
451196967
534044137
534394248
132945446
268250314
244572328
671321057
430423933
850886520
844165371
690916828
316876801
67575457
844871343
936750200
15115634
534915549
845186020
584116464
704232719
629000223
597762711
787852888
184228505
509208035
518087434
585790882
530837589
860086902
70701725
299942226
322430396
931207820
221755545
659891300
102094785
652559783
43692243
934053874
668308398
97536263
186062488
656849570
741342675
682612033
157783980
617306747
722366838
704870090
759425366
756941952
609116830
440993581
485706488
698219306
490951720
511351484
676722162
861318259
214520349
575097288
915475671
498748723
4454147
790507905
739164167
408065628
809910207
391005608
970671552
566746227
480961446
955454900
523815659
607691329
186178956
769186517
360428046
246539086
585989401
725366206
540531837
813575228
148829924
751696781
719794873
645662483
674116719
450495647
970741132
863613373
271702366
540638879
868022061
10994477
154476924
577038156
42186389
484605150
459209082
150434784
581691638
522654953
664761143
541301863
327961236
739089970
687927323
14018209
547542923
475365435
920715037
665305748
231641107
33453295
561014525
623908308
403988473
574411422
620271225
222343568
299843262
147329211
98072733
898978837
819475381
695459151
680283295
388783625
62912415
352020259
987346067
926226669
794065306
878089621
372302399
648261802
340281283
922120273
620733265
104978136
472776593
389561039
475822362
861452365
518235954
727878550
248273342
90930352
228966017
215467353
290181540
497786387
729301906
720195727
861484285
589168840
517284335
281157708
696853798
884355666
666521601
807873389
416730130
59431859
168388533
585356061
129470962
26022752
412123070
486337370
15139309
613466913
417252330
193087912
866342707
341232293
816777927
284860934
357440326
495298562
72200558
355137375
729887978
612840281
992959386
338120958
485775140
962070819
263598029
16277295
986138626
294982067
787210624
577098088
471945409
99763822
264611896
549608515
864180799
390369459
831313521
795461788
286108229
978951346
353998756
200875408
644383886
445811982
456384640
886533001
378854986
745369566
493254815
663717582
834026574
490716615
321686585
540216882
32420406
918239077
513745964
94830792
745595372
620977020
101475268
416325182
626321777
744947156
658749984
67225403
780740935
993972536
260784077
514949618
219617040
748166891
900108769
794493447
341101244
454826307
276581812
79337395
717786255
559734690
378941547
669759203
62505751
105591955
769008856
348005550
657729748
435438471
704180684
722934104
18695958
875337766
535854998
153038397
660974240
314065859
460876910
212286599
840148321
3337593
809285031
950821677
362098846
375908074
181889739
984966018
168901923
889864202
517773182
541156048
730268661
571159387
668568271
841579343
603362504
566612121
822392104
513359665
461908862
331153761
665377273
458395168
696333102
202872456
539695043
417594227
343005730
35451484
93274950
887006529
682794725
995134016
192483217
907631057
943270943
298378914
931993997
200250533
661626154
345244585
579176919
26858554
579117278
167810325
24493435
253177607
143023122
367886341
751528431
964801259
567879390
970997245
720545346
424060029
152444564
142745548
405792954
597399019
25880125
564880064
438236556
285692013
886213785
637731443
64572296
536349705
907681837
862435647
561158551
418570560
843386640
817296340
115533214
804871119
219290102
801094576
448829021
37932630
231819646
285695207
851616021
382667771
601809596
656814479
696284457
322564163
497557997
873208060
445532685
18753152
126574828
860067144
689840989
600667991
130806640
185929370
651228118
218490502
784787281
946667734
933438225
970470114
103134027
933170320
374431776
289808917
700557243
57861934
870956369
606034707
181923065
187833290
347973435
442483254
665461476
873071244
966489160
234317341
737086949
984294667
185569382
958153876
702883300
149400419
610866183
970221371
844790479
490923226
290663935
558632019
9212799
545597542
283515310
686486118
853033493
735886735
202801001
216037485
825666260
330623699
766443352
400064576
167554126
289760841
586372126
267673547
250635420
221033071
336673468
964992228
831890979
44593509
262750547
410206029
891759282
481955642
844633204
286533578
336732023
269662866
806788421
635804266
372365308
118346823
669937682
585396411
337683730
828220450
111697269
110541248
935141916
582493074
514385948
63583064
190341408
874862251
515020704
670779280
410455148
942617533
591870231
728305740
286183759
469163804
711894532
87556517
479441843
519437496
688019444
767701815
781108606
479646121
949703365
933622533
185464868
726279327
323414711
23728782
193833398
419489286
885258773
226863376
756217998
805186642
715353131
784545026
173036500
46933692
112973904
791438086
474045976
906145117
484785564
656286967
87211105
728512855
62791613
103374056
975412308
164667460
936050941
769533150
645829977
804646127
111237318
138766775
968942459
232938446
377812034
729234727
158657543
349869697
159379556
595211406
710263010
866420932
558480242
636100020
348661057
90112689
462285410
741180103
217734792
940008086
402358418
782344405
246276410
910691079
578834088
485328259
590801722
155423984
418679853
64367450
283437400
994657771
68397493
502366320
155720031
312462371
955660948
202911025
36133467
171878800
866250556
17830551
956125731
524272870
353467134
310712963
676709600
533864984
105209833
767760265
580856543
341029457
445429754
874478648
659474774
776763597
287962494
450084406
375060314
984969757
618018869
169790219
602269845
807630359
683497891
829935126
435840412
930348601
575583883
257768486
371579335
411157843
150680872
240344719
563223132
23256042
298417057
715387350
229150264
705210665
491293396
363941798
932155331
193639368
63562411
792276673
543239139
253463723
593503429
404296132
534003140
327809518
414855183
726877439
869125206
750233796
757879042
158369788
240587743
376484526
699372248
368655707
561100154
815632977
524918736
631753820
44583553
180064445
714298770
441997538
614586313
250006089
863015117
914909519
990390045
796017871
23412015
861052464
730717779
147089090
563422870
193783660
452537823
64986815
438124859
95798717
833036514
937113918
900652541
857072054
681384270
774655169
197936590
985941603
675487447
170367994
118285231
811573865
697824666
772571946
538825248
78483883
492042869
27645798
702597320
929624579
826338834
109849084
644325890
505191909
77307831
771128392
86692147
147124133
408992140
82639288
42890089
52472676
286741381
604096874
74461078
722771998
686907873
714185281
42301311
845959553
204639644
294022169
42851953
44696609
11052393
330812001
679267427
99722961
847526698
422205678
434902788
309279538
20143125
358792436
81385979
313591855
27564170
674731714
630137833
909541402
889124343
862448301
53539376
534533263
63981877
47132009
671326355
933056383
73569415
332249441
470605500
794798969
947442634
127900243
771153865
258895051
624779103
506353984
85208680
888966759
89998779
351280495
525271600
988908837
746078510
452433910
665337897
301850352
541435745
627415507
330030183
301773276
159193884
769803671
660549940
821093190
212907067
490962317
473369867
431902565
122062837
163649383
833486476
917124751
345428833
166253493
881116745
949702071
380990117
999802584
934619652
50969156
824435155
67580118
707856081
985596938
540005631
885559372
684665764
772826159
834011893
622886863
20936940
79891387
63351382
342266682
211019657
875150756
381766740
999393112
275905864
550515714
850704955
802678221
329117249
972725883
264425677
118420825
868677966
824537406
285778842
138588787
697542783
372286727
634647699
374159844
452699714
214695979
572510917
597961085
630489299
270158132
764462599
257302509
297906738
601843567
958164422
888618627
91874306
633977732
187393915
753404999
108700021
236549674
130563904
27830401
566081522
489334816
737872815
78913631
563552239
485030272
322820278
22886577
384280118
741106286
715712942
771257994
521374144
84841768
9977344
685161025
887362282
391334288
178109983
996982300
13542200
647839520
493216455
590124508
494438851
35781841
42866031
137762268
153484439
847158374
656068598
649046486
144380987
604938980
960777732
126725790
383472716
261959346
976587589
288722716
464424047
421331239
129434574
608000936
622012230
693530057
349193147
848297820
313665873
396616214
431900951
476952063
634620340
221489319
383218491
108525098
427785622
10428905
19932412
940794727
310271697
253998665
999673955
335592133
71964091
638272272
209582763
558449068
27539571
714451676
232372306
599966441
869609096
201305093
914466301
114309152
604653976
607117914
474157970
116572312
968325086
342314674
268646319
671567823
275510178
712566356
466985520
704902987
767117015
4503126
808672571
200690649
108115103
535641710
155192970
498558418
148941005
377667951
843924177
101642856
892225323
624580519
884432983
23191659
181635625
881531038
367335088
801522109
534735226
234749516
409972428
349016651
225664347
758907934
809343844
337717899
645148774
32599052
912184014
187554752
537650447
495563039
33629389
537678214
70705332
49594454
517642608
670571432
215932454
481244818
302107800
726552917
376219635
570812753
358373735
165020568
896402877
891494600
980032296
840809418
509869272
491977719
341130734
814849087
907317597
280890789
71780551
530844406
81516629
512370569
584769873
59982812
453531512
681587627
541686828
854163084
527532870
403077223
574945557
171649649
809590188
846080337
736676576
129552119
375554700
664386796
763244639
391005608
581139087
523399132
47815199
85144383
72602863
520844578
380581305
753013830
963895987
29712641
952382907
577136168
799722852
378576726
10485649
913307099
634692668
806228176
79244854
823520386
667055780
254836678
240644726
632564970
348586018
478650997
192305610
16063673
968588467
176163826
1328920
191202745
983618255
896050891
416200887
275479211
152852822
92296639
467761374
482919475
635538522
26635083
632059919
447970814
254740911
553677573
420928979
318665787
612191429
359528883
604757822
23247754
522790558
920844958
542805413
633228082
337297636
881475854
230734890
588422210
396747289
114171842
264585600
682178060
548095517
349227153
495374549
807893917
397906202
926298603
377230905
596180197
154967672
419452021
552774228
823468137
290586669
666315627
433818165
287712851
536519310
580744718
202194717
604164453
915166435
603341966
678526776
997578351
921094256
213548228
214174624
234874732
547190408
181126562
700971623
971801001
710978474
172709743
485827652
708744234
58694627
935878863
992637881
365996516
227791724
112978325
27784002
455140883
850382613
900503868
729513064
902116154
984319405
497425528
843504876
407636905
265537927
783774838
325030665
281572428
376932445
592945023
196775964
731452013
812131796
24344389
773092930
72454711
897463994
522080487
6277544
705422185
96616702
515315668
225664347
676267017
550885088
737750791
37193769
826626297
789994727
969343629
354910900
595955178
370754455
35220475
746669267
360010045
222990038
283661532
344175078
530933327
681522763
534660673
158955390
116104226
620284416
591201200
60242913
496998120
871489854
999146194
151446242
416744969
930250449
349143795
190329754
605314615
138692297
106434271
502097211
909585595
867814064
913803030
30934458
423513798
757138564
522577943
724166985
945971003
149622263
493194471
162289005
813859880
13726530
373213656
97321012
725027070
139871167
680674019
308962666
907650860
911208140
986289582
697824993
289639378
359355651
482162388
326439372
604655263
28812465
299523478
621367564
853202244
106358850
570373073
238027125
187480000
375916735
880690865
854488187
560592197
572717230
225286681
94942926
789362040
188497449
116393706
620445563
921321035
958435380
932225280
157682496
366930100
525165149
325120896
543483753
91688285
849671570
516310508
530518334
431484902
806038538
51341581
466777514
427432078
482162388
905345427
579894515
908472250
600488112
640253868
700786618
742387568
272338885
242706567
588960405
402482161
137760635
660062645
906727922
366287276
445463524
792173271
348097927
793803701
705990482
511753249
455902301
547558887
318363660
892057952
912758528
755228636
797157842
859801485
293806212
705319667
120032890
94227467
788391801
452391289
239751884
427213386
320662603
529512020
538461972
628603078
117506347
195294539
730076227
298402160
651863246
642704519
404890414
596585472
831481155
694319466
833259885
975297696
88697937
840968851
626605610
254267926
292277452
463304924
905318802
617808709
195647875
882274263
37894405
774793147
319016536
123858479
764941954
85699995
720417514
715947296
608064764
808302189
440260962
916308355
861152445
75928196
169036931
156855368
319550566
802892556
272747855
791165312
391257555
801333300
247854339
918157481
147642134
373682967
657125827
126632160
646205432
422843870
926335149
345945594
688100661
641163502
251074380
502912023
3921175
363096599
644544422
249025680
609943725
279109593
881475854
234782189
322151450
10155359
592000420
4038294
372742674
823288029
766704461
770508744
529856092
324439666
948689116
133554530
696784574
547642580
488990201
81274777
404437977
469854350
72902226
493203127
585563566
605438917
874714738
816913911
590949444
830765554
484386767
497557997
958794077
838817634
990061139
525960019
536058634
943242656
121935865
388827110
732072698
317816446
868718559
524296800
651751844
220216658
336096115
554068906
98947627
580860169
814888133
51677606
205252471
340159143
411888754
321167166
372111764
520520710
446801315
151763838
168898998
747670627
300492979
58644783
345420409
397006149
310683174
560074341
496134432
44006261
644961157
685660623
961522621
759892548
582446117
21206052
597569221
875430826
383089103
255089959
972830029
64253734
829875841
952497663
927494305
590527539
317245193
715082586
170630457
157568070
878220518
304793140
182712467
657639336
131861602
442418232
482887104
803094123
53437482
788267344
402197880
126548496
535862637
843221400
216950185
211255388
364250712
521708067
738253366
33651704
324439666
192100015
567253761
389112053
4425722
960678437
664634984
50101763
804055150
778340209
357076494
32002336
303857481
561116240
15447927
199171888
838347360
710991143
433337207
159939505
735985979
919502491
133826178
851660175
36260666
2492975
437216625
804425464
687955612
800080527
622606146
684202721
289721571
592283488
449772851
350653393
268173257
661896285
506416349
302945549
587980123
387566399
811589970
962144342
299931606
530043095
192108130
422260944
926801229
447844348
518706009
743436096
200262450
395522442
766766076
579472353
847042988
888089154
771992514
871117571
1761766
732799870
823868238
557580579
318498481
554834204
289538757
113152168
836665252
37238220
628165212
967136717
198202673
578183053
306618124
738240290
506563230
992104231
968428654
629428861
84128809
246565382
72910669
302424569
485214296
458697166
408261666
160368210
904371390
654112976
552574808
114741795
727706993
630136969
89589100
559664370
416755222
830984520
273396152
76159576
50969156
499627489
895871283
726077183
495239148
784968919
82745037
372745797
202280863
182805733
460171187
374456766
781974902
183304090
214659198
560049849
881213164
81107220
993347113
550104090
615085819
329837456
832946312
127437559
203367223
970580177
364171716
48986052
576708065
67286248
531137370
945431460
878851809
37640883
212351217
97614461
367412767
373278513
524393723
102182450
29609852
63562411
962232696
61695950
550578156
663804988
261440764
678166631
73557503
165520022
29229413
119549848
801338110
420766990
232406781
444951323
70915365
520638026
597004732
29294588
429399384
631362827
560122762
550524114
625505857
188872601
341358824
63851363
322574029
82496637
610900851
278528769
797852823
636442637
55250962
951433017
998194770
734112155
223469212
779675363
251466316
744637667
720269200
688544094
966710558
649617432
186986494
371706625
940755267
753078958
413461786
281940449
513906616
829925411
217958473
801833132
380906569
934738827
42960948
177720415
562276828
898876812
864284315
762440658
502342873
9800655
667820805
352995711
57450948
941142812
627896530
223311214
753078102
549389124
241705090
275792040
189110708
41554856
579164713
260432269
638692775
203984663
558937401
891257321
874473190
578552996
254337205
581377923
864227453
291555504
913892329
197484001
781959414
181575711
87497233
742895746
476301350
919556454
64124736
415536959
664441099
450556527
532316835
780053857
309237394
639858797
529537319
859348498
694992867
878089621
692824733
255589559
622078028
642681065
80481658
864875156
810889671
383035514
781591538
690834264
608789391
887337127
649617432
382911783
175849627
672805137
930106644
757612137
883828081
301547564
502618885
240178158
445115645
216042206
446074202
274369981
178771944
139059724
172111635
142253754
64590951
250281553
197759484
529529471
670435465
172101067
554993529
565037499
710628656
488313319
915974135
151783856
119690029
395650738
221664459
750095302
912507083
464458324
665504962
976861141
565917198
2202739
385373436
659900029
528468958
120890660
765990082
363206066
963815676
467697171
91957010
716408541
168907856
905127563
611638572
142482380
205022349
405245270
221727593
493585028
611732866
698364199
992285025
501147926
271070366
901774963
114948950
573825386
946350129
775681583
984541033
992803805
451486311
384309433
631228011
655596802
472710985
210027760
428132014
956107435
577229535
627075466
896690840
88420565
102154240
131989106
121434773
545614603
431626540
833349240
264422208
49591123
598342755
411661824
49281735
261701310
389309245
255167594
756652589
232943416
130983305
452157381
954537463
717978207
495289815
48863218
395454177
990781627
875974493
503119337
75530974
428880626
515928820
264839469
655190754
918965652
433230498
437399975
147878821
96402321
83241912
119507994
298161544
491084110
328655615
60419929
895194676
418283578
514105442
26446842
194460774
801128067
557859900
223330145
608347952
616183951
298106789
824333002
37514270
291919548
359210904
597828727
274629428
139615047
907779075
71521389
549819027
714475573
417954132
733685328
901428307
924141695
375137977
639522202
670436192
207548130
330291821
693981717
71783638
470233138
973979613
132259121
123182556
730343654
260724474
828967543
49741104
647721902
597666286
159927781
511879285
312540686
282670196
466885295
658314558
649410540
510466916
335390802
40904481
123982175
311493700
248867493
939730307
394985646
185105342
782312516
732117087
170119860
361823241
533669294
351363354
689936369
494737765
476729069
915383956
879735672
90358209
826703607
504785231
960129667
423701832
969248060
971110696
407729515
892847253
558888444
115469547
237208431
432429668
262968992
542603920
10460385
168623499
978646477
107972885
429048426
134863444
575925000
769132596
725746099
315667727
193092802
698550936
874834796
101951497
715055623
79328867
914988507
174973938
11954618
837205742
973303280
809738475
822353541
254685933
337095138
615303863
356455260
932589618
835177763
303885391
922807860
778455666
261557384
751423477
325571605
151763838
38643515
942152826
864240128
395098303
67093708
4970211
890380398
946510685
503887747
202029141
825530728
415639626
99892147
950306094
718449965
454726356
249060804
809665697
319345514
685803687
91592658
667479991
375935562
771096912
197187541
301227429
205667003
801433392
53514584
801878358
776713578
861028207
262353546
385146947
811001562
667006287
367678415
682612033
839240572
54651202
719586211
765030915
618554932
382839136
786004852
788327647
982625857
261562083
832724612
480608170
446171017
652139616
230616816
376899247
761244308
173032371
471440342
394752941
339464219
905744045
207293668
341279049
219689892
738215767
633858207
547056864
471568803
402549765
702850575
670572273
644826685
277987070
47484867
99066861
632035773
318910544
116547317
152689363
129749513
265135596
310584993
651028789
750741801
692552847
691753261
275305656
759702099
962250939
448266842
846777668
65540057
300054469
896264464
339023408
758732044
437626209
276092882
242824457
831204948
205336825
437869317
16900563
176238391
726348134
151479959
256895317
411780572
679692250
110654458
640099862
359569661
507025481
776794473
815212336
645196794
404386640
171032846
449229559
621555767
15331066
203091036
500787578
915096398
99254749
813279692
794766506
311765959
872673743
465239134
571389565
137905854
811575670
15010896
699539628
139270317
137512039
843511767
701051629
66146557
8806201
44130508
646741704
866331141
35027110
510778315
376562022
435613242
629693879
558324282
417056627
221981131
572631290
348298555
201543376
968888953
115115961
579666210
262103244
466267011
608516693
193912353
598822142
888509882
609898249
827800514
808753972
690226294
352775216
454705476
982432134
684810022
142076354
760975470
359690590
73294712
715011630
416736797
83150744
418204345
480431262
543091398
691660928
290142231
53551681
868311423
94775634
211269263
298269860
446652323
966579794
781297117
794567786
509058785
651810180
357009483
26034997
391005608
881703475
315017997
929138354
516081763
804806761
534812738
112809410
236136643
828932874
990608811
322493338
904302453
26468542
48521950
594658639
745822684
595978117
240126514
20071193
993807447
745835134
819820673
191818444
691197570
577225907
283808216
459930360
888826056
357440326
753566023
404227613
429723472
213926884
854354261
442017688
968370050
638094977
128505897
751217331
55319305
806941552
252880666
973695092
440193493
85358082
61607133
108267523
679473663
957856973
534604354
214307054
352111311
259399434
708001908
27407165
2040288
617484731
382666225
75998835
185105342
322589437
130472428
265466701
845177327
457376728
93043555
230105242
128561924
161549554
984939225
254361848
954877656
165105100
809490504
330302035
203602831
729301906
948278782
101876821
386005633
129602554
588826457
397879213
708467425
172351598
140172353
473429884
522503683
106506051
703441724
830759802
577098088
666825625
983972642
83831219
925703217
675558242
737601977
740758347
912714398
66473586
918663027
204533808
343708285
319280902
887250417
965388596
984870967
478380909
13728333
739915064
768512530
429236745
941785961
721014348
529174108
101230047
423153579
870907990
241537761
265233869
243807346
816104236
323747144
537159532
811485769
588081615
741256695
165781922
147844230
857893134
370635738
710414544
820940130
934661832
562765344
588915666
301473085
285054569
94244043
243369133
627554678
554993529
733618044
813985315
177493837
607898500
789779928
452961033
189391755
620827522
19822868
121158868
675535243
247989307
45965179
70681232
956673278
736843095
557221880
645822559
363756372
159633653
623769947
103765350
408768754
512730870
829553279
723272744
987222679
59505308
670786581
87345797
802361680
365587350
461498660
596698521
747957416
631457373
179613750
58743027
876208869
69444485
522685185
558677322
750860779
662529508
349483516
241283064
872597056
222360650
605995868
494038927
821179841
961519658
866880115
101626247
475661966
989298582
874899452
740199750
670457671
331555257
20364566
198096150
367207352
665592472
885083025
584317164
147563685
724478889
162062654
448979884
884997797
337562224
616414734
57445044
687064442
310533211
484635236
238581576
44878159
992746074
32429199
248952611
777806479
616804868
292130382
922728223
322068937
670949750
125274917
992793431
595848565
230638375
30744143
601169939
522496204
639687850
198180250
440711012
499449594
710140597
800441645
403899519
118984761
964425
341869216
553663040
858580806
832769911
941985333
309729544
493129359
784395646
914317774
703146840
899024116
928843059
709292476
868025231
654807795
359933170
436002447
856376835
360365798
33868885
814217732
915166435
567534326
720257310
328947925
472368233
436365921
609558358
955795969
44789291
777425697
712910943
675363922
253968459
967476229
480637641
611998705
693603816
18067173
632548077
226263187
321433051
707793157
182998955
436599842
560830680
302647750
667692109
922988051
717145629
594930733
547053963
316266178
554648091
239442751
266412148
655270428
788570912
244482245
484143871
759314123
860207454
159818537
618061192
156912619
438652917
627396576
501398721
50238793
905888626
442730458
424064064
538781846
305019707
861443429
445261091
381952339
27607692
28717327
895612178
501941561
150779959
947189444
241768191
801789069
844699820
671403495
140315100
701672840
19653860
499103387
498529200
187032667
570439587
568595730
672197847
615894951
707781749
803827661
583654699
137273577
944563233
336278460
712173273
195205250
815489503
388336967
760596837
783844883
729902169
914715189
548191706
423528877
556215683
599434966
408555625
735609418
970203743
626694718
676
429024723
252091484
590717575
858517035
733061963
470872726
413346991
185553968
471577804
198781124
896693665
908066798
324629335
287389588
480435168
942216419
707454353
781394740
505949315
79474362
473911599
777163764
842892786
493669275
249997603
297711424
783527583
354520984
276257331
968474713
424682991
579587931
834375035
59723084
910103016
393080160
971455973
917396249
544321820
885126182
203259749
243818517
27102428
939984696
823542513
406857713
344392180
935601419
467303324
291870113
429837766
734216669
604466768
962116443
558232709
5997522
763697696
601631276
300314146
706502384
293161323
487138992
827362038
78816570
620744741
574834089
528329586
162165567
60653385
970426710
426894496
656285341
15019551
951205796
182404130
840639355
807489772
150886813
605784090
323082373
159993439
424210841
370552030
394223454
91089723
323886991
832956961
2559609
590318050
143266092
81113549
167840560
663159773
821632265
677363540
522082464
119618558
563608313
664776274
897275890
18954344
616160494
811958420
141809754
723883680
274745796
799728232
564927208
306595914
555215561
409971971
872512087
255254068
135390892
618831511
788116481
535326753
981206477
533618074
935877520
814546424
603037770
727810181
969343629
965573137
175026003
784387384
354720620
766545953
944545471
337291262
271426308
963702868
850512100
873208060
777899340
852069331
904323303
353759912
167328166
442017688
612976142
14227426
86703632
578535679
924945208
848157954
210435692
151311503
243277512
407653850
480474077
596258245
224271128
264284366
301914776
346474534
793671920
519511914
13483843
233181674
864075965
308501
410378959
552958076
840187292
611292861
851597447
336244931
766970340
814090441
40697129
568271532
398803305
255599912
681478036
91960423
126629635
380765201
765692082
246037750
219541470
152215776
650529090
745565813
396047245
144492678
179606293
849439987
973641173
94923113
312039089
11916071
65947434
708363637
812952782
203668033
556223928
594084249
122830474
249920066
832348254
418998306
996094515
491257167
436109925
713143793
175369901
125763558
192893521
679502813
317804022
451331646
673325325
554081306
540781687
870946855
367367359
685646004
667037605
323975436
56757722
257116868
956152367
991046303
761573909
62165152
662238017
824232821
765647877
211157808
150591294
948238976
877484223
246275238
659179559
94745878
102517715
455672407
188827414
377540890
44006243
257679822
937015279
496943045
547819703
152662063
76159576
3698402
833960419
537321331
817260678
61787646
384231805
636456407
739147090
911167963
753672661
539216834
777336050
775614544
678706966
292509425
534285564
672619952
789970891
447917670
575081040
585742397
324741564
886354451
728962125
55276334
421940185
950398796
123607579
360790254
556153036
987733001
461103744
707613854
252738603
622288241
928195976
411483108
257811517
238031943
954574640
958808439
268917015
403562736
225250068
853185971
862136071
333099093
154566265
672562606
165009005
961591618
382793240
889459165
378523779
934760347
13250282
135894682
968161619
931763556
351017188
155700771
231630251
261391440
336472946
837609922
222316639
232329869
400779234
735479566
607524336
264783133
736036076
505781738
913150008
615432118
310311851
670933612
181592199
991848989
66723349
255022014
869357629
367224509
858094949
412812482
203653741
215819159
91011678
299146783
762854888
604315945
950144860
736677372
706074177
175674650
545181353
611348677
869443641
718487158
997055868
946446335
596369579
817890668
495757641
378000918
877733554
835304729
14771799
776001533
317876223
339715033
474625392
756582460
782694111
635861367
433740866
93037388
332674
634605450
759411917
905135356
457103987
264607073
841818595
64277427
83975244
681326685
720310070
253687287
707613854
267778539
210206354
750185861
143722674
716877986
241248139
246846507
248972706
183093417
741595445
357365327
331394784
158701044
449019836
748709756
5283486
356555130
389524979
361355318
542592373
166721702
785486487
914821463
585847189
37393818
699412560
189209081
859802997
927631975
71106875
589315661
713391032
356515522
649828638
233290597
719856283
312226359
233426616
867910727
788580437
586336696
475875163
859564103
515769748
199574835
687887053
252637895
365431276
235502792
959417071
47522234
384309594
420340168
255395248
299701188
775803827
680802072
338016903
706834597
835552320
723995701
486459681
56181042
657137493
703060811
845845168
703450684
108502312
519561514
334583732
617083555
501126505
364568523
616037882
775207730
299038026
10115723
52656502
23648365
971399641
737640672
848504188
321334418
563694923
987419410
45142296
525139211
387420130
742664495
419921187
376770879
626573011
602467106
757451303
273967161
54677030
51117903
439022280
32753609
555663969
463416641
60059349
781011864
516108146
941339834
178200217
814764516
251331307
833735879
126932072
491169267
285944705
944950118
451300168
316897608
626793176
689832241
559519488
650514338
921733772
770016825
776686428
791396113
588161738
621440124
986323519
781417655
839840872
615532219
273254676
579672573
611354074
937653626
872049643
413347877
225250068
738292459
948151022
466601743
765500495
801021725
864685594
403734850
362241397
252231354
698352648
49549245
304461910
408383317
180612376
819028667
807955122
876646753
302817226
523925757
918111068
859483212
838443806
858221498
210008443
475055318
182625940
373408054
999421966
578156403
221178434
571336046
668434365
643798633
527457986
385161612
669144598
452835685
124213145
606209142
353801992
778381462
581300801
647311416
69145405
20700786
254267091
605732926
17018544
144056318
134695064
983875607
148427991
640773204
943638846
425413069
840476154
687232114
228376195
328999089
337291262
402055459
752916996
874750419
899981197
634469844
824642992
947512831
813128249
473560443
522388957
376834687
578537208
418323984
593486873
61388126
971936286
877844094
779233016
864156040
177733571
906588507
726298895
380782213
505790878
553628505
309355544
613146861
108926234
785307266
72084115
896194594
366316461
953530657
863433142
156927876
432067763
551709591
970350880
493441313
399478530
525711282
727323130
83712275
829825941
300623623
465597030
546765948
756705777
630837474
407559645
91916454
317797813
480733966
388959043
838607711
22029494
8880122
819406947
978824987
607992142
113948472
910154104
497116232
567642052
968674784
562608443
408125376
481611755
238517128
249063979
663837202
957765310
62487709
822392104
698283630
460786411
829557019
773052819
659875820
169283973
526835055
436130768
394143290
27272662
812759558
692687002
616135998
739431823
797102893
817648949
58204679
652572019
995545299
468966034
345216139
250821033
436526617
826501989
616170794
22455303
139582779
716026382
288741253
399040390
337579166
655445064
348237486
814143318
277120837
62926623
202332497
992868811
37783871
567184719
352653354
313490484
586044858
282345947
6901047
408399405
663834562
353465337
404139364
328349086
886242974
824688907
658399452
759795258
234742899
547553735
198814817
443424397
513111866
280059955
889600201
197120902
787637228
156426878
95095005
81761347
599278266
114767223
220998473
211523743
389265819
745308086
19558123
81062514
277167191
92799317
331762412
919354201
438929502
101826980
940662940
919235320
388438989
323775234
350011549
330391765
339618780
319768935
740126130
616325199
302114225
727535396
849437553
136800417
256548779
883657293
474785854
671279249
284468118
598115113
993192960
211195995
872229498
689388564
822457605
195245733
97372272
647046274
599556152
759844378
194217763
780948207
702269026
466314842
764963398
627028156
334995157
277353557
666415810
828160613
91835059
866440352
947841600
86589190
938928182
101464140
137245863
954856347
429756256
755623597
293979380
658347582
46736985
478644654
216167297
708595446
574492006
506810643
79212090
248297775
76017728
451562630
351701534
743004951
430575318
92335429
926618039
302452940
50371971
627871757
270424883
937557748
700106289
43553353
364760526
832963496
120715466
364218656
694863861
39245883
168611599
778790231
619968520
897694920
499029543
983652140
962104221
614012361
778199831
83854007
79434926
708084814
148505091
488681251
505558089
492941075
959694990
41234594
736795949
228573631
738170381
828713692
478221063
962811656
111940691
44958669
941663970
2601682
167161735
120126000
475959499
372492101
880204054
704110254
431002778
909248169
17308245
352331812
594525927
100355826
920995529
49730554
64590951
271929184
399719961
603627008
181227715
243638580
871123953
422551077
970743119
618416016
171936244
915962523
952285314
83285217
931940808
148111284
206870614
944975800
616512363
868289988
63157575
806591559
994147544
575900482
637619770
315289967
336096115
808690370
882429070
76913431
373667994
300681925
480360767
779174286
517328492
374869017
658915054
663651944
536612551
138700697
775846854
892875824
306307395
455819013
659807285
795074083
325274783
93870637
73959466
897083348
272231265
702464963
432288353
577346844
124099291
500855360
288513971
708159836
708697777
435101621
724805971
836726906
940308176
785491155
562208845
393573726
377728453
51832974
895238480
524644682
985162959
485055900
997071238
139672666
767336475
957566198
77401229
342567864
531951928
689119923
673224962
543922223
173096995
407692817
312047822
714412025
208837966
135150818
989150673
80008787
991949030
386006154
942965728
449668056
528579541
92660846
206330840
786085819
575842498
617306747
81307046
639484121
267149671
238947653
908447732
948930884
158393028
666495084
388168228
519069601
326696809
475406261
120282874
893787951
326944180
568687690
499128918
8707741
147350184
9605484
42649085
89400665
277255137
320442518
409564273
770040744
378745370
935921915
382564856
445212126
776844183
524722420
453034884
118203961
887793768
821327689
784179633
398738378
258432918
139392124
44836480
747451399
804809313
144936572
114523955
257638569
87177813
201011639
548141632
227578045
700444684
540901258
343469683
485706332
949825793
878929515
817528130
322628207
705935757
475474798
307391815
993251005
169083449
950126893
903305786
668916203
470788627
449176773
799202127
544264465
902099238
800392617
478586263
944408040
177358072
526049059
889934766
763376973
119600967
188753787
376917874
603167770
527994209
850909320
275680859
94471594
859189385
605645174
847679932
545289473
725246416
726489934
414316684
798673759
197178969
149266450
735747951
965189773
381604981
351083624
375826079
530518334
71610594
255396620
928693114
721667626
80371529
43843759
23755458
858696769
867880432
431184657
117912568
858037094
95888844
394235837
587143171
996494013
877518368
345242432
246844226
28006965
782708879
720886029
184704750
345346651
485905739
889463637
283544441
305656750
977732184
252098719
132905726
140975863
719081575
37932630
843241543
456116121
653406830
548101537
899036220
795995639
732969605
832063062
810120890
445356988
979824371
492413987
138080795
380726758
203340154
793501515
877424364
89717040
533783160
795012578
186159055
697631160
48962490
516561716
725027070
185047179
698269414
175866274
156548992
693231221
439579693
213178982
564353407
374375332
148704750
233052437
977534049
594808673
485696489
714693478
815359684
360288726
302546879
15562460
311697616
607084020
873918644
559143713
637675449
406699659
706656066
305322267
620954849
928585272
896160990
769470811
414169192
589645902
539286304
197169349
693189651
188158790
826415151
678087269
444635992
63481579
612384465
538687156
159124015
378147779
650221737
173797921
236825318
436305888
587607233
944895613
376311773
733932089
314339608
138461181
700201517
221530939
44536662
415261606
165438831
81347737
583738722
508082381
29526732
69140904
495467282
696068197
725394182
570557590
796193108
627548403
503024657
765762104
241702891
272478007
23304167
355843861
95708166
428272623
245973694
73641525
710990531
154350145
784861347
96715999
336482239
998570007
110237830
95180170
288844331
968942459
222995226
180074082
241021893
104361636
324785556
738063038
95246377
524048422
308759704
409726515
326950975
272174122
409477220
440534785
372605952
179081622
379184073
15977898
444416649
331142078
624464787
946510685
847198603
602741711
730445992
561345881
805382803
778128039
893172866
223125207
893331703
932970454
93656994
43511873
959609550
888199675
608038328
195454810
330474246
186116344
44564977
913227667
418925100
32347013
730459143
582791298
985491254
223158648
572171643
281618708
6199078
79746824
124378924
837786084
367666999
388918957
61821155
787389260
635029646
790985303
496048334
319485566
37461219
894863273
463269464
915134028
379982454
804872486
827555649
598119385
879130444
277028052
752461565
484566496
772186381
363053093
86695917
35266577
878113561
189019189
910603699
365772282
879740494
969341521
571339382
906601694
111697269
807573029
901731652
152169178
373410626
287118788
42977761
103311117
831279193
187468065
757853435
543608734
927531459
382847330
977995167
469344798
723972275
338197591
654965906
917073823
112839822
342224866
232127929
718110057
481460037
353998756
768833492
860553973
229242725
635001521
74275462
500984859
105068707
251574354
877638186
233061568
489697531
837036350
313095518
570933193
277715934
301121981
988824476
32296115
668526006
356629780
42514631
757707016
998350883
904365837
180850358
946222533
725960737
454946525
283546976
926448556
732551853
75258958
317521366
617879865
15327146
599338678
399644630
595100611
688116689
361616869
239574132
567971235
794794397
139129152
624607484
102506526
294654599
806221387
798485018
877231821
138640495
764122519
517600359
684581465
157391886
247429171
918758732
370734478
236300592
695024780
102749887
556868489
772949714
854439447
441585022
300088945
353047476
724222257
334521571
530896306
358993502
584837964
300956713
928704688
117866053
399223179
771583333
682711235
968482295
700282603
798876363
183304368
882502703
502644536
672791118
989790280
178538466
366322103
525271600
710861759
335157426
66280584
370691965
534236609
83213629
822490312
928722733
629583737
473343431
765427748
890201098
460492652
431133903
32856226
644828326
898020842
102090554
56781640
545670031
527407083
698452690
909532676
720673602
365887128
635312926
397607089
508374508
256661697
181232902
67801688
799059895
173322558
426461474
618926270
17398758
195892521
420201749
106077800
147690695
756200385
864462454
858840702
870956369
796993561
478662400
461634072
997687180
457211040
796684656
220078199
219321033
570416411
570707917
281361571
851255974
480678395
485230615
851193601
15126014
96716951
39113729
719991345
360686869
15219259
685369650
719857659
467584233
63520040
387255041
901609721
111553723
305517774
542222382
424268448
999071385
687910820
494681164
537222825
734361875
921362492
506577598
891605894
750157612
173675270
44354781
482147792
459981195
418175687
925168537
608994198
756240563
73172875
538492522
393552587
641231248
393007192
384418063
619138879
913704881
485081847
91113691
751750751
951634764
304647807
274956927
323130418
956985832
436435282
413739031
918812078
203516292
724987733
93401427
166337826
508901634
573362603
399201613
847788342
517526867
349480045
158142853
146246608
605266387
682018885
582994362
934606845
997559973
820118274
670767581
808173588
33460999
775823290
578344267
519625442
97481373
343562744
15208072
822844707
865847214
906275011
548709621
484239190
299517916
819639120
548712956
718794983
694007715
758622900
972402973
779335499
628650992
859893135
481099699
22730087
254173677
577229535
636594839
428367103
817370292
916886078
498684565
428178530
93411359
274097963
96506590
642348248
153737637
97363269
517972761
121409430
445608344
416480398
281940449
809160611
850391383
102168869
740696757
771527601
875774943
484830499
316845185
245915804
578082655
698264239
589784977
117687912
689318568
863459216
16166390
687689125
96485771
357132782
331394784
319011373
662117022
763263368
28095561
702176091
211808682
567871291
444164377
575982497
277693329
470417631
686429308
52166934
679729652
862683070
124627366
67182720
890027765
389493775
164729409
575830304
878195322
976428283
708285770
169299169
831026436
840833778
423172880
643715719
489553552
771918205
69439313
993889578
718783244
359070722
41862460
385435368
975852961
445501167
611020615
716196921
721190517
151925740
232667720
625899035
827699185
890138385
949338270
727347332
190297942
474672641
818129210
912020643
289792239
741659878
595876650
528836015
579192083
474921874
104112329
357872112
889124555
749340787
87044080
940523748
138613562
63734374
40509324
832049014
693483500
561031951
379691600
596762622
896651947
670646267
685194467
621361819
756199908
598508385
698220776
941843647
100628509
718633889
561795384
352393016
785742290
281919607
668516218
855900986
991050772
401166469
450065936
686635454
602959392
637809917
539534546
71536076
404778388
911002559
834798174
277518141
608022142
763267368
280554879
731097364
53993796
751314165
899462816
92642504
688028184
688656962
137911066
392288756
858665830
68853489
824143028
566148690
306362401
20242853
845074741
381321210
644171806
188334528
362104647
25830161
376528296
252503485
194176978
376779551
896692356
800440547
150785783
648001424
57215268
767581221
178896173
664184464
218837732
76289097
433048873
768413214
124036706
639611377
531910073
549826296
658957779
426354590
311644645
369684261
165431321
509759885
241305732
688212224
295304132
129909992
128433081
437663303
173673172
359721491
927682355
141888302
502603481
307934638
147563685
715393839
193499395
150981299
910990094
956777536
996700219
961842800
896554969
662349869
815159697
910770137
886424854
718255520
486330142
357296023
444164694
754501456
29382726
364646915
90459825
189330871
655837999
713980672
171284445
980083608
469060139
339095665
427494407
945907024
522880536
771800929
540132522
208359890
228284579
741803915
140893428
606884422
259676649
369187999
420893206
70780708
39864280
216796892
421633193
28280178
484326266
613367528
138917909
346184213
305955202
134272132
131938365
141708758
542592916
610821033
233201285
526908714
440114453
976854868
830522042
260823018
365980519
436986091
154240830
814800782
593992477
705967728
751623679
542803238
978352020
543439458
884521378
713560558
378022976
173679159
55910622
679518969
928261649
456874419
4844802
215117440
957764846
946655255
160390185
126554622
74291539
667137116
557729162
857583060
71543408
520591647
588285752
665490108
972036176
275024192
797095130
561765836
645495890
199746545
802174054
310591542
235439734
771705438
692302672
208033977
4800097
181788440
916700289
934961908
819913653
965940993
505582539
495029632
791102068
155377338
887050654
226716004
767451647
120351584
237309869
938253789
264611896
536798750
26810506
768726226
264769076
734112155
110988527
403112126
617961122
544565021
916811281
400394722
619631747
917067406
101013996
635001521
472642674
300027537
746842885
865923602
617554366
949186991
705808071
146140970
806547923
939908060
580275482
36889589
188307095
490220904
924749963
561349452
229765455
96232352
856465849
927014348
789624210
99461082
110548346
498901162
514751460
979207063
841232868
165198438
621799857
678208129
70368169
11291241
838514724
914618309
584637524
10435299
52753236
427879930
345131712
240179783
739723644
572683035
23631519
30126656
980357573
278756340
344479929
166621640
770283745
568850589
859111404
507053990
173390597
544417195
999712698
907156313
127801525
424670117
828230758
842428279
107984614
674409061
811743112
401406744
993446064
926006278
202741996
878219541
133932091
544144961
661432078
133812752
279678032
635964047
627090529
120294517
751224263
141809754
799892969
443546196
434190642
407760681
867914710
420018792
965976529
153565478
739322510
30096418
558713110
758486294
274869636
973266235
570467250
960426026
457815146
757829233
492813059
327619457
962495093
697657220
466632714
498452161
167957777
439580552
742058217
93279423
561799716
895646880
936397651
319979178
274739658
927889066
730565107
791764893
324366513
671765398
772949714
509720141
149550892
470743422
497252053
296662417
929618424
935828822
20115359
575257524
410432159
328209971
512292580
165797319
912782551
857802843
479273102
27324157
100527303
217713923
381215426
61487895
596215295
59482360
523168987
762109398
890346995
736439782
461579525
462728562
79479822
749340787
782770863
539534764
702231550
807359578
262357590
464449072
450679611
451777463
334399698
947461955
410495076
133272734
698998034
188902039
61254004
811137330
736645185
522732229
204053528
186233370
292806902
434703757
291383936
704001942
445886580
149722354
550748742
815212336
602772995
627304375
591195435
292020985
951736038
84287616
871950461
459143807
814545684
915428430
557162018
424814227
484150558
420274555
850067588
706319467
3774429
857153551
564520688
894867005
848570215
342880610
883062851
598898997
454305770
128053519
687606174
446710897
464120174
837840206
92995178
188869181
435155210
504868218
709418212
901686298
49562285
504238612
51793709
497569708
797937122
914917264
393769882
48975113
130540740
273774247
687703700
598463847
660164560
688680554
821022217
746493347
82099384
430769399
510842751
823522619
578267257
533272037
298758779
486242382
685176613
354348760
608527616
420674667
873010430
564884379
165332576
116629182
185958286
970234799
536347786
458269428
405516656
813143777
325719036
621925638
932809872
354515100
678370958
240545110
734957337
961152285
653188369
678774318
364302028
788008266
133259115
313006050
552127030
978865547
886549669
998671023
174539742
256751284
78337982
787945197
839552319
2093220
412451196
332607813
591899431
491898528
583001038
451926692
405160444
482076132
443656254
120110069
95074834
515015588
43049241
502478269
844324515
815945485
589581388
281742227
483285630
654666889
55558080
946937992
90722135
427005480
925981356
85224069
556741698
778124860
985309433
34228171
56274012
206804999
705346916
497562307
366843080
535315968
9385793
825461499
288882565
288195580
555823762
651102523
111261844
458687316
391881046
659325223
683364205
464424047
198398383
599420923
815535514
233181221
280611713
783290666
707494869
193642499
578528240
715695220
735920963
325209822
127536088
732896981
535715940
623763777
157895629
846140013
890182555
674205003
467303324
320482287
179260160
586708548
176589550
676096376
834169795
77200310
472285079
877682621
131597130
473621694
628813463
798981054
113379571
86807625
271794221
629824715
498072223
851751368
446626089
566536730
953067650
653311502
867633880
766704375
536200341
95789541
149959586
853849276
666524515
317137473
690178731
859854349
334219850
13238924
671938854
381661728
284335035
808725946
189489629
26022609
585136416
435265512
366885273
202031426
332910171
493325325
502809043
684889713
701583174
689581905
610370416
428806864
527234100
244832832
441633507
915096235
814517767
334000178
573185192
899014061
793580883
582554089
407817913
699007293
729840432
676373883
1747015
433001982
438948042
949197623
480477403
141775875
305063816
11820597
305586045
734805246
117324347
466923108
705887385
250022958
846041338
394302281
659143336
109490161
418190556
346589208
68946089
343548609
441818962
242151925
80265313
310804666
171014841
847399639
996450213
640990535
375788075
90386057
746910973
626977718
960312762
376147132
939305459
215139483
153299089
739900674
34206044
118670602
166043157
632971636
806356676
337113337
871087485
207809425
982337471
215505711
558761276
233036789
426849253
859256349
657939029
413512826
24760837
738295554
781404059
694458028
137578737
845272349
127031391
671553667
729860783
832056136
930653677
15624033
857286548
5179075
113749251
526432685
260395534
898314730
854733447
108441452
409879179
574772898
909696169
892154583
78483883
264839469
193782127
698385508
261614281
615416995
305278439
629234172
148364132
384879107
51145977
731737480
67913531
995872024
512078975
81174338
172641979
758922049
530783759
396581362
664510612
671333301
270523381
351018837
38991685
115469547
719264077
55250962
859813984
520008799
25757366
741620723
755148730
195161361
812880253
372907234
494215112
496551076
226558188
128117099
10105337
423656296
206134507
302377480
974895021
308689153
119456155
683449922
921195861
976040788
675857134
30224086
6937090
260789369
584873088
359794245
570751655
566583842
787194548
122448335
375012434
274642776
482256426
338427616
272838532
267343183
222241951
479394519
419923509
803960218
528150838
728638847
145981026
548017864
742237162
570274206
441825188
427132473
641928775
445014420
778118422
825882017
848801467
287209473
809284014
242471299
908262752
995749908
624797932
629852813
781672797
360882382
41137705
403215380
390412796
89501426
988735011
865848786
386066526
624459996
695783151
427941676
859490953
346725164
960824462
690063492
467661166
257425387
26506785
303152715
925193964
880789589
184754594
867329945
705343860
89497409
699217930
476985925
887546332
528963552
954353070
926856679
973861818
735893752
181579935
56485435
117059816
580004036
960857419
233688836
46591059
427830096
850647872
484351734
118708817
596890980
582965340
315396938
775766754
137810051
602291309
45843513
350208540
6472059
882794291
90938959
272469054
545943605
874082821
41544075
32599052
138613562
659547989
630131615
750710638
903878518
183756258
444520349
226303847
385354340
517236926
660256424
991053844
473324187
17575434
374053374
700554415
681517898
494767369
224021831
445657167
922585279
82205848
202259116
183456770
959514053
378664467
346465028
546778262
811213593
859622967
413956387
278134160
316691696
633924725
548556567
12134276
678126333
932497455
744213325
484082229
788596129
136405565
57374242
75614297
437659268
779907018
236807843
366942477
415243895
310091405
840380186
117930850
62564244
237020392
267107313
241800804
694392525
834035833
502940148
618727820
743657883
753857978
108859993
830234932
681167151
456253967
803219339
818043192
664821826
834680735
13289013
654940178
94432851
335940253
317099629
617253396
759359516
883373073
775585722
199104681
830522042
966028119
955716371
215122743
496329563
484172992
462786686
235423915
871615967
156090028
337578319
317100806
914553958
435455868
575247873
485971664
824714848
781363391
17018544
153240864
894883889
683001384
105830245
932244470
603897656
254403818
542715733
9268324
5683369
551095867
927515897
717046384
262872432
232900484
593696358
249236140
67315650
983754267
576829076
803497276
83811900
756016885
489806457
425835574
137505759
736056161
957065795
797980044
645936384
659862535
273729174
570423061
535675419
883768457
299774192
457356337
173760832
402324258
566183331
275492284
743153138
748436764
219422434
254761605
663063716
836657989
170329372
743525417
116553093
177469980
857409991
53710028
543758850
795632828
246274153
481574783
866641864
522171191
316154356
979981453
889009086
186681410
157302581
385440746
900227670
384226758
961645343
18727394
309018162
659713818
818609917
706787497
594483999
684174764
793228154
328625652
657458963
781029476
639392749
853649220
320370451
445173608
72905997
252584908
116490185
634961024
604938980
259326954
66399813
793027997
473867585
21990650
839793460
343468011
240297753
57215398
774521381
939782480
448979884
472570124
408261666
784577663
448149017
171871178
722861587
535801130
283831956
929367868
345395191
997353755
613665345
666440993
486925178
22858748
939392069
994664450
82852271
397970101
852156835
776886376
672030699
114069287
955633716
465751573
877142344
973949431
303772250
646593597
136224871
852314325
991279636
491343798
523873901
765735671
114232433
604898567
975678642
352554242
997797719
623112004
844782094
567100103
69965471
292436851
154389194
449292490
945137386
533131956
563366000
872895824
234061944
693919965
602325892
129296701
288604314
731540129
633519203
375481319
986036849
346194741
103290560
835742178
301434378
550479985
672452411
992469475
193258905
134564380
311896128
170234281
432636885
856299815
528607490
993086006
584217839
33651704
416369114
477993766
155389458
712131548
288318133
950760305
350349945
26709320
666633427
576212154
409571173
310596051
137257130
885640978
124765018
788427059
891662528
515690867
281249444
337963122
104712731
399984306
586577494
762642253
581753759
941745390
166850253
351774943
831049222
541469274
703401786
441997538
867770925
451097813
152994214
798944505
85739311
340607896
346984904
968650974
792675892
251496394
234734527
86881080
885844096
716355737
515256246
702268845
774307270
122656563
810311857
707273418
734962185
88946849
869861318
664634984
358687325
69203474
745387538
950497910
508055808
854010626
753187629
140518275
742441726
372093967
854465856
459023078
881949124
194560188
105887165
542414661
503658674
936008079
33950704
918005100
305206834
712785979
405773934
496064244
829783743
845776048
900586938
661387658
165904890
337636273
368405325
659772658
584741759
194641538
893220108
865387052
688634811
725394182
544537114
789932883
442789635
901645787
376290052
204504305
252191320
943950633
853947936
519611071
686202003
530558759
936970571
347833780
22612566
447173495
40954144
488893109
458453129
490962317
581017264
763777487
7688944
139433549
668434834
617623244
533455688
344017371
413842026
786116183
190205676
560815923
25320664
347573287
561127957
876137582
141569414
665052358
901923216
803317616
858153857
2346113
703223819
431607575
777573728
48167962
415631338
170439972
83509997
50405254
330095013
364656635
471392313
704176847
494334890
415497676
84058403
409835680
863050295
739123873
151822516
536762222
267538088
285661066
138047238
848512548
520551153
332735865
15446837
247547384
694557100
477579081
45071803
194537414
268586898
393461277
696286370
19772122
795959790
46692708
33784921
190693345
160175065
24848826
12845956
145148000
535583565
900835893
375535058
545792575
889854533
478742412
413456337
893483363
199903401
149106463
573603450
25647839
811070458
570360747
875342356
197665680
411482676
32047291
395093175
62926623
386839927
854645335
958516452
88006018
115350066
146187474
495664293
230574608
274666633
727392073
717937224
218580991
530807285
37579731
459914633
381844842
968689935
71520578
805602738
728242868
35280144
511439277
135647788
671598016
102527754
274740647
719283807
788031430
149326401
706068973
235778884
242117954
326743560
825618408
414778750
554988321
338639080
347549085
680520901
453906217
130629442
35171416
936073359
667861513
635508876
526032402
316059953
122891556
140485122
25091440
671473429
439613750
787510997
361372426
735787481
750294901
966288893
502644536
748941091
587047969
524758761
911842607
418389670
940827413
505627117
850389873
26363043
265114618
76570586
151311503
232791033
395073195
99439870
731417206
473188738
117361291
607931498
17021811
346014951
385510301
106500452
775501868
406699659
311897583
500259797
437698556
574115137
701915157
125783447
500598347
6203213
655569215
927372983
517216336
417737827
248990354
242629791
698688184
681908398
417116282
827481890
226716584
938158825
627703598
572239904
868434993
581082702
570711801
102397569
965488948
712904263
274986474
147078171
799264959
347211411
121238288
137942050
515315668
12130545
731405153
268117972
355252570
134778492
997233907
785035603
956013532
463488318
565730111
254035289
99481843
34034936
819232995
14882432
93910214
240324510
272553067
492497975
702006467
62325006
54513406
155715597
945025839
745301456
922357001
907025626
288173160
106908042
188334528
349876740
99101659
457103139
129982932
44463836
474421388
214236706
527756333
679896487
313615172
569654556
419168267
667087685
608864084
87146001
561116240
11363659
870121342
478816893
302799743
97216896
452785676
977841509
145516531
472033205
883956621
396303690
818145675
909231085
52434571
151000297
133838433
638293758
723577177
644544422
587466566
994438249
602105389
97802316
819365863
80353165
274684237
805405361
495467282
440221911
227346771
107996503
649407307
782129563
10844426
633728630
154186264
27939188
660121941
282740349
521255633
844770714
622094056
370773174
567798423
575269815
728622095
110157275
87577756
799527933
406376112
68836404
300241031
705054299
42411952
640216015
905696498
130664626
972582125
268352388
467943078
537731873
569893046
308537758
10207671
463936610
778638052
32556829
820390393
290696490
211903291
79146175
869806128
642943375
93031477
111444236
618973578
292880902
814846548
16166390
632576133
104367801
402210919
425268135
4075695
508869562
938034003
585005594
484742812
954799835
699022786
401082212
730179974
15964006
568212510
379946176
1149634
553649925
416200887
856128726
579245094
977189023
191968830
639149452
705944928
79432025
799632899
207062224
936169073
260462817
379894124
661872616
778028627
385073104
738850819
632843770
105082119
183077999
545937983
830234932
51046782
566693258
917617228
181340225
621292293
364606339
533275292
120591310
879317026
208037138
856029761
189204649
897845914
897584833
713489544
805047851
911068948
157129651
415182805
689460911
542237191
494274409
887942473
581305480
522939636
416950570
836979874
140880551
587658306
482863946
424320343
951272775
835352957
665464559
775322239
169127600
790188890
990652127
847436512
782740388
720150801
697298735
52254722
265822479
739798356
923257251
880432352
298419034
925760321
643611770
442761969
332926115
552694931
308104621
460113281
204980550
142692209
90403332
186957357
358539527
456381545
876518903
835922234
93771014
453241425
371212611
461658815
966948521
803605571
838405841
812069276
647192109
928763284
537976972
756954889
764580575
151636624
457547856
466487771
921094256
192667789
620603040
107377508
398066401
638617987
37480343
115442905
355678761
586641602
406272062
163989105
341199208
649805135
794167818
280718900
463880213
626977718
481460037
87055646
474116685
90987103
998945755
555935293
568982376
465250821
743999593
742963263
595620736
885685219
980752440
468916604
576101130
538920898
562950387
476693066
672197847
297358562
859227837
843924177
650506959
785483730
371217741
826184044
209257637
379765975
913019000
270258619
482227682
708692782
320793669
944275151
717526405
571887500
590849242
289498375
950989967
182105357
104589730
534761817
532617992
362565903
338865589
426320808
254740911
16916660
378881627
987246880
343712098
525165149
974638290
835851233
277837494
340338403
656824930
105969594
661991499
246332222
20145850
468899611
818077647
243045635
363446530
836787095
182112473
805497714
792148335
520452635
326196962
900849873
24911052
293464191
555085793
669752802
838532843
969436216
847223024
960777732
753542977
652933089
160724819
796954471
230949393
600873601
839552319
10605665
15087844
23028099
692014598
591531742
382521210
656095331
214554510
22736074
654397492
841965252
826574131
997936251
932426659
811799538
137841265
828237764
63698997
930170040
275970610
294367283
410097434
111378009
43623305
366854171
51492852
323496767
7018030
921733772
215606379
994142379
50384828
885106594
310629436
27693329
265147973
400779234
478575524
191033816
132181976
413581591
694286118
624490009
367957168
839216578
72750460
324046188
188902039
915746353
264361507
866879121
925286050
439303989
511936637
183046421
274275097
312279187
266049665
351682611
785019302
220085214
800076969
372115593
666315627
726090121
590035819
371416736
776127949
315365331
330611086
682658230
792142165
410339023
819600626
81792917
504883332
267301423
65302738
155266468
687703700
920955351
213476829
699380210
62520320
41018874
320034342
803151178
386854340
827780961
285131661
882147516
480349298
972983015
508021878
190632243
63105444
903885819
515620320
328305236
774757573
727106655
583292348
346720667
531864801
17027459
395375884
540475739
345299395
783338083
970479261
232857252
620484561
211107113
255786985
937959737
213956264
316831639
830864224
577350183
565634014
669701025
659120502
713451917
347760939
42657580
214392814
718974409
852048785
634324718
32435551
789218200
814570305
368405325
851334913
844729
993948991
380815049
673039259
830940693
202587632
796240909
588823083
40943989
206729434
832746965
351505863
372910302
548687793
796962831
177926716
830984520
707528814
676022698
447844348
572855530
926810377
529537481
346837844
671084236
621816422
814459948
169671094
184992245
930847995
349585422
245580940
146163072
679422825
725482601
602687099
864401073
798678738
783187833
103570143
856904239
494124855
256366231
514620455
857620307
418548420
357607789
909567926
33599857
634050208
966124065
988065628
420559242
223584715
860756189
122841569
158958785
968105120
950628892
920826093
191433919
200782525
677482952
269806718
568835013
148998916
231846410
538472988
840423816
339702570
981085514
197617527
683890894
631072540
141653961
676440890
134563134
871172981
551913170
541775538
923079255
165518696
17686478
927531459
783961987
918442396
778742378
601027584
233891073
74277779
905933589
990523696
418325165
50678951
950933031
466267011
188081597
698269414
556917410
545784116
870698660
366986413
411025101
32016717
453015770
659713818
529120778
471685959
26022752
909662650
416833736
977526891
809798912
421505424
30224086
198249407
636597241
399253762
173842130
857168205
244746896
308593635
701752395
545670031
625621504
953337934
330807668
919451777
935097546
671910719
679317157
643436045
997547111
555268125
545040244
566590876
216998093
528032434
188227749
216493379
117727196
373152789
946273537
492846271
404485031
513819616
636912495
901149280
333698005
998784528
312098300
575030345
787119470
819035972
553677573
975208830
479357132
681192962
481059265
107201482
935515831
983175566
237916931
74529536
487694599
396988314
471255244
747204415
165797319
662122258
244130288
569255061
19165167
219906483
547055678
984731698
157291259
763396119
853060954
394487550
218194729
397595070
98757320
415973006
379267906
959564774
940194428
312527582
231170615
245340304
968915695
246731417
492177021
621835155
72098811
110638365
775906198
28046048
209735434
733566146
444092287
680678914
327437252
162667661
344835095
71950633
992303937
941159844
331133436
643077350
915954035
865939031
307048433
642794146
305514416
369304068
971217320
420138854
893770602
789099011
584365920
818145713
324958613
310304142
402109864
403956662
844438332
480104337
287479859
786728910
691801552
613838885
490756486
827481641
486925178
898626556
993312975
913432219
657725450
538410155
312668223
416903148
363801868
732895628
281118037
358717070
627397615
830554272
735651655
845887394
865308856
279929311
709994729
580639500
579091715
136358170
694258977
358641247
722716757
774793147
920579813
632715581
153126666
795296526
695998093
17261617
336591883
819484937
169578704
793388133
982356671
115544686
587658306
580324792
934207593
592493028
509989656
936746488
86768037
421927156
493227175
452706833
642798089
139870771
355300665
172461411
811161261
804236641
212740929
513727817
996829617
920435083
937776085
479544910
675184826
774027196
383671002
809311832
765732602
667105846
292844030
520605043
362051098
883260876
974916599
364898373
967889968
838512808
986655499
258399105
185527823
316271912
16936950
569967604
258054537
793715259
213073812
222755422
801585030
884836667
687230428
264410135
950309597
541404071
353619353
797917911
740681706
611879706
48207260
737883346
502915995
906157186
26865361
186159055
433093079
324668282
644356281
194056556
97566574
294264044
101779584
58045810
77556282
498299298
4391194
775052140
712868351
825808729
64056888
806830231
878007650
594255428
103787460
171171840
669106619
928439873
482199486
577070553
67311514
635291851
489046765
795775079
80758663
163174176
148529589
737747327
415639626
214392814
241364993
257007430
140735623
107514409
737382552
912717109
912813709
503205201
823529506
509727156
753086112
198947721
93893372
26044798
918766273
295530820
92439275
616414734
183039537
800839603
796516523
596454985
338567339
928486180
10547894
376314085
278727863
326575856
542325133
326881327
458685904
116846392
640318549
226649043
555156541
492426617
809880824
818910874
902787655
690017357
830164252
394947207
423140571
68207662
363745605
516787988
653582656
212254203
277168437
87345797
822022199
204465683
555935048
912020831
426948529
638259734
20259112
171131319
28435692
93278932
306868715
267361927
573408177
980783438
34414217
781972021
418536378
972673104
963606190
83104245
987985446
652535006
635454323
201440811
349714071
480184940
5113749
719060348
220377641
500942826
348083016
723541973
681208504
194184640
685296996
106869925
434655061
558940834
294232283
638301590
446653996
186290268
290514051
309523477
532767071
850000759
911756135
102457167
904816465
13876100
689421163
150537878
9974120
159491708
623005055
636564067
847717250
636020196
691917040
914990390
829127203
393829816
392297523
663842960
951127603
241051986
130247487
934848044
725104945
250883065
241460179
659772658
68238433
743842038
167646145
656493112
744401468
56697767
494912529
896836528
254059822
433845163
69496176
951265878
449222348
759519521
477868907
982070676
96217012
629372365
909858120
558503106
352761342
470989189
259397750
471939279
605220554
474114126
574682458
793424089
887620520
483544073
602679992
520575432
552870427
993114626
620599929
894429911
371183245
368569021
85650216
762899041
946686728
948521618
773235556
363518147
50686351
393714198
125331648
307703882
797202740
459736693
538411643
682975831
149813312
314887675
147730470
137597403
709833777
412418907
771257361
804754774
724892871
976626131
654653200
571789921
784499446
309197837
260346884
929090380
112595497
99793130
317482282
888076480
399106106
146700019
935414332
380947987
383956525
498528589
954072267
547241099
923027462
380863426
862032207
335823151
522660142
325898820
89416501
317415595
847845895
431480996
513906616
4089779
853630298
301375285
596236527
598679397
182203714
262662255
331342637
68900882
562335974
145069984
636020452
176337015
127695257
443324808
984104064
458143360
277431732
474808085
256514643
617703915
943360681
628635134
651671581
789026277
821452507
958804800
222826209
735609418
876327545
987377672
955932794
271510458
37461219
335381241
111148561
616458234
626401249
274533715
584388388
277106612
427623150
354903147
144446523
902611124
516184167
914637968
602107249
984789753
856186537
426089488
324034094
767860730
804952715
642426403
636192982
402867670
234055363
779344570
763690647
366407250
178751536
232052304
998144155
58904061
325620349
530221059
73153614
451848385
358152199
866689413
273249463
992343458
533240027
107925173
406930991
260109806
597309159
47157685
423399143
176072012
191668612
18333058
442457142
616245107
32169414
988252926
205026505
883084068
122215476
109999082
734673850
185860539
447508635
382385020
485117091
434923151
72379257
342617776
299873278
202103908
877437514
919691581
283572175
222133045
738261696
848490208
239121111
31280625
582524579
527002785
186239085
348623507
465260572
765137228
999093659
61848120
305744766
941631996
818227190
775802424
715425072
485735159
132083150
971660950
124633908
817076665
477615348
437572939
656429627
477571769
969169519
568676085
341692646
260755938
844653233
197559414
259090794
301375285
619155776
442439126
548106461
158443235
225323486
521987282
802880705
950128182
701440027
5825061
198592558
509547010
102966861
36756637
880552232
458740343
708413068
521356253
427144933
470794365
922598817
392063773
789250084
835320102
950389486
804120951
927492154
821314498
256213337
777624667
851000812
389761501
155192970
253376058
563808767
314848207
36594124
213460906
411324048
394223454
176954177
763081486
109844273
561171068
73140907
803022068
785009915
555924853
861272269
819372765
454412664
907252237
222118513
524899765
173225664
545640625
904463178
722726116
978247122
32111404
150028798
182513486
480814927
132346612
65852780
664178248
649408893
559168581
509931453
229687344
555598011
381813504
370323331
66116980
87512299
251243251
33714886
898961462
703797223
79895274
151674848
103076295
138067230
61303822
244077162
242545483
223882122
314945583
998911674
865308856
271224926
855215590
277148472
302552797
65411415
40433100
220558619
597877686
545961781
828622860
765763487
679845465
612619666
619509362
23770529
87713715
552327600
360591407
708778991
205545901
738292459
44021143
199498706
848082988
684717810
494300386
737675756
791417654
112509830
673355371
747249642
943510192
676718746
935151086
108701844
943690027
234875739
946420265
956450882
167193546
994660649
984138148
51284492
894433548
828112395
280796854
429285141
67731075
211429645
32607702
949018673
661289772
549352559
386208190
304304075
590625469
357210518
190350930
1754646
886506666
897712244
253795715
518446878
784630576
314345161
140452954
315064828
72265486
366931836
641444020
205951112
503626015
702231550
906908984
855417665
620734561
537649842
733664759
259646608
262395581
833144572
641548083
836131466
598313144
61020159
250607562
544799462
955763897
443362663
769222877
781133169
415124723
916264090
142219139
925415386
754406125
672077377
284248938
881940541
794041522
377811529
585607026
934961908
80869704
591366815
115024160
600605635
928673389
801013921
129346668
254803985
664819601
238079163
990295362
521788080
501741726
56375466
425157
128364552
53867790
333027789
165530424
972505991
888426065
473841418
261666549
247639631
700997839
921775384
860707347
317461264
928814593
53575001
952955490
767035452
824124394
344937215
608105140
304004801
217775540
26141817
628666100
535810493
415006704
381669146
864040620
639600050
276437693
822450102
729297893
425499030
361261708
174591050
644853750
555817536
152124054
157231831
678849850
199405813
79640664
344447296
12091768
489163082
393453472
938856662
193254135
770991109
904726375
287372897
442676146
699384545
285846419
689164700
600141090
737805290
521337816
148416771
252880666
575402873
271398262
949168953
274518768
616150086
338939412
552618703
492513073
819109655
705955517
804840040
188793219
906600731
146813456
279230001
223753250
483947408
67960120
401270207
275910463
800234539
978511606
899685920
747527934
874082795
777059179
617465192
486051169
641556465
499499790
282765203
495826806
533896931
209220529
165276342
614096068
296517979
548520948
378262357
462743537
135255737
168482688
598193034
430867213
905286468
112192104
243177066
399516900
604073075
157808654
856789982
965015275
334283204
303549963
150154212
192483217
985595128
517596956
242321205
98053494
932100232
178192931
528243646
272964308
847617493
679966396
221541741
849809400
6155088
501020066
442596495
194095673
693961271
930936244
989744956
483316414
591001364
525228431
647528994
248975127
253628215
304304075
585185610
545161014
602607841
380990117
422024180
753453163
975723870
70676591
628351172
432902815
194162997
638775236
994280935
819265943
253244653
630863861
461831178
33083407
443197151
325421238
920388435
575154452
543643612
531344040
931365521
87975959
346504016
400379096
228029920
15361377
97946728
617772724
653815523
421146979
204504305
586813949
395105273
904426727
816930385
905999458
862026671
108051357
460521516
214026724
388496791
387037034
943989147
28657188
484850244
402407894
737371202
11303939
843592470
737633534
162279678
715425072
188067306
745818210
597263172
401258671
171649649
789224729
343675937
984617564
697228990
730913028
884388559
50326274
569023441
379735134
167796182
61198900
940234060
701915157
884165045
135790802
465883718
964717176
14338116
206530475
399220405
112861117
92463191
761929695
609558358
810741467
405593484
264246350
456790106
119414766
664140951
391952767
539168584
67708895
347723223
822652254
135136093
558761276
950706871
760040120
957522750
866672790
551063886
870325274
625535041
21990650
677767647
857095066
120890660
160929406
7035467
187271269
988925428
19658010
698672497
256802950
957954005
882330620
130336607
686456444
337031811
988087741
247639631
19398984
723628164
491150592
463106079
837466303
212525877
115821608
220913002
476349585
622927455
46316189
379013387
133744219
302532304
387860159
965274946
738550518
857482146
461264877
593388506
548844951
358960929
938309763
977223769
444150592
873342077
840286897
560074341
808782316
528963552
346227593
580553484
570761552
402541309
29793899
487307811
266241810
43363044
943908256
444150592
280030307
856945198
853125329
931176503
665008017
691119954
170483758
44814689
333777922
10405032
961462146
834477692
26907468
933218093
893699777
846598767
815797401
219530511
188454635
238056597
431884176
807206153
905907472
142330945
256405027
182404130
916754343
542712969
990642550
875607423
40992841
359993313
264495496
49999496
862494033
991037494
651817980
801258144
942531416
401940705
500080271
6901378
813089312
880976836
18353149
926160458
437570261
174561737
483733670
177809233
119891134
953459454
745758614
176730816
594267296
521591183
577136971
580956917
298814999
210302859
225131618
101164769
267745812
123967098
743657883
981857203
340186189
661714563
67226790
399352128
398760096
661619877
442583620
342458700
771745100
606604970
535208293
206229182
346736062
183599393
701056060
490783260
938894825
235056179
199525918
504716833
588645836
758911796
725004403
116432874
976311999
185138646
45513008
258172053
683715874
412573563
591747098
801045602
637393601
830781563
145127561
812168009
246789830
674043605
188377011
728580021
26320253
642007879
491674642
316683528
33848210
79340278
771223904
606130412
514678864
670777234
629380135
111261844
454444129
32640394
350167618
994382130
170756601
670140118
224955798
596186930
314318708
22858298
294490358
98404930
502755813
122258989
152451229
612747514
866326907
727053689
875454991
885083025
458034991
247708133
969932936
862073113
908832692
721349601
920887952
823442581
318600020
237958298
718363801
216815146
168080394
201608718
898415060
431681390
827277207
121095722
299085242
902859280
59319441
496120123
781809694
536131734
155120695
230422851
404834756
322081182
765814796
782474411
799000337
818128509
764590429
630041532
733839269
278519426
424427794
479993612
151548754
530565175
821368415
359135860
724586882
341574106
427187414
407802690
957995554
789316448
123751488
685488961
612011023
560590840
745117528
787478737
771243909
116705630
83982940
810054885
771906832
330561318
952936576
856884576
534738723
303885391
338554898
562079183
675299263
845887934
321364703
227513667
913549095
959088937
579457814
945818021
879595670
121940145
647151198
238703206
210859327
501224261
117680439
168201625
422511757
904985257
871940445
948480842
966664258
992129678
934673516
640598551
101633557
904674673
611316453
575976108
362051098
887679994
613838885
335738695
139472048
780313103
193349913
243699200
114911810
261852062
349143795
517473609
817860722
989042952
97941524
389203701
353342219
614302755
988520895
531334357
29469238
770785601
405523716
45773289
939950571
824296389
572589386
135042364
736982883
643173457
127695342
194807130
721507571
553872943
194810659
827661650
877917399
622401658
200189585
154093019
794474256
40225817
460079443
690108204
935562878
326513043
649996039
211725895
522564703
946331702
765069448
648960517
48965675
39847524
923079255
73885231
326029810
276602546
50087340
789100043
935347814
809507140
655005970
596801857
816523968
325637051
474777561
470639939
102220915
468804585
665752104
182026927
518423459
201776087
705663119
274866023
195059119
770499731
653802547
12445259
973260881
699657480
381669146
570705978
482781218
637362171
775316847
385708029
94785804
695431683
719094051
328250492
164051140
184166704
681604222
501210532
587437116
807393502
483899182
383523755
504542536
326124865
210720192
557310536
763765899
426734757
336110245
673749877
664763195
452746023
684675140
722574810
196240635
120018867
264358504
185819315
73791787
532048899
917012389
234647740
403980498
219463944
694831072
523143853
888278161
920664389
848064099
264187849
314487408
631853617
693345615
145446387
37519741
825650285
801590088
176730735
132809971
321867086
91953360
51398309
90555770
929132724
137051098
960104630
719382548
148922545
420817799
61176406
912244009
323645354
905120318
820509758
261098934
953824725
141426083
370896088
859888952
682327001
467180822
499412180
938420582
265493598
680591255
941244472
92996007
188695005
426135372
33283085
130756574
66524474
587617982
677465286
630289297
102261495
587729705
749728406
631472243
751439389
309569780
967425287
382308721
25366331
833443351
925349780
212907067
494698003
701247015
889233405
859348498
290494739
454553864
711314518
311561440
492827326
157231831
625709495
562811879
936356655
6834373
208157070
119104533
151631815
774359259
706167287
738865260
930088811
943464642
501985338
542259435
95710762
999131632
336482239
403579292
207026330
530793004
126922603
89526283
854247532
477347436
529440565
576008849
20988694
966081123
403502538
968915949
774900344
645982642
691747712
96727035
912505138
937892942
627115744
757184470
233177147
44833833
624397020
19719517
355618884
894439943
968879653
423099033
202921681
894433548
586731020
15967855
491986993
425673579
918020379
147968171
23925046
463660918
817047112
696735473
781534219
109658306
948564515
333078538
344042399
894199517
841185129
965897691
71469935
155480306
744888864
485861577
4309917
991167571
502239990
246223136
719222425
781663578
44970580
644680716
884127325
673239628
770016825
159538111
994815095
831420937
390024505
427565724
269617967
355023665
264325086
107792113
479197134
986016391
484380544
989236444
947294359
188715525
746864349
42961631
763087008
720832123
54167788
172810377
356723205
578305631
57909972
108684359
221108125
758052958
753821563
417011658
529770830
815047881
63805508
216861962
970413177
176841034
491098283
476525867
184656128
384716202
793374504
74851374
591980440
636107267
944763356
331691968
404110956
71060025
722538899
112859612
405160444
384310416
708447895
844438332
310533211
969513764
814188130
792440681
542618462
969343629
874806159
1545100
545783420
725498639
127451806
707694697
185394316
500717915
452549017
751260393
233545538
159630290
6517992
823039965
16073044
104848808
118187476
417521021
866578105
220774114
787242011
845433065
136587372
386768912
740598243
581473745
108502312
608734589
79886033
787796210
423246032
700811734
572762153
656172527
742693463
987651532
864372850
473502171
24344633
415076881
141255725
819129447
960495451
124571232
311565267
940654352
233054698
254730844
836076369
545596709
674979520
802401924
160752849
490543040
758435324
48800836
955821344
375449311
843592470
105247918
91032080
634087956
150681673
271171217
309018162
866203893
646889485
11109547
318811404
187213674
981717539
274467019
292867722
213857879
554865498
927776056
22527950
792651396
667062688
344228865
376529774
623936524
829910965
245323004
552659575
209772433
529372527
642007879
167594972
144406712
971574837
476487374
879318540
294806086
840721033
155011043
927773192
546995891
130835986
477084404
962878248
939305459
504892657
160209271
857092365
124493973
829874547
878267798
545068369
451153908
609345486
334736121
442494966
600909038
606827442
114026853
663207055
845745608
258118665
382214604
419229222
373773384
326015814
879015891
625748833
425641321
973185717
967830771
179286277
377810192
523834455
989899681
788753140
951408919
578577626
369654164
667667779
334679618
276111377
215599700
680004225
493321496
725805114
232506918
912705417
494297418
955573138
316394476
949187040
444046310
457562781
406363081
22307936
688532660
318774083
636556950
35862135
57907270
294065641
904783173
804996006
848111641
709511176
74611444
237067018
479781205
771631701
852441439
399850842
543758850
911502743
246248073
471833760
371755351
3470202
648273547
435535961
573095188
318884855
306376420
978002187
374044452
123132508
310244861
973886863
649985430
430147184
662050423
701815222
153636402
59341816
19839140
185584235
502070781
681601694
798850203
12362940
465659562
83003382
876064977
521528176
37952774
238490859
575706940
83443126
18062280
716810309
163580382
150808489
497362868
12554822
413332877
890692369
94529501
596899615
354580204
251697204
359748153
94942926
775686143
332891338
706668366
420068807
707702972
306323164
329311050
227702703
284406838
700357125
722247760
46584721
657435552
938736580
64167041
997743736
687776207
158696525
938296585
488391572
558370683
407599476
128567054
635294488
122606059
473130487
964229329
664026557
602267645
273892495
797468870
909880197
962500192
370418239
142558661
55365989
477011526
545882834
819227681
121609605
164208202
517459297
722868627
186499949
647229867
615714801
198631997
325289264
492029040
564189821
598457973
29986613
431643136
39022172
373982764
544274762
795163438
868020899
727963411
739216999
209623956
345385220
839196078
98158319
193821297
706242218
860614213
579099424
722679503
401270207
702201818
33670863
207059830
123875735
43977362
339775390
659852401
873682606
442420182
256810497
74116226
591381390
487451842
976032923
11169260
522620321
457673294
525941873
20880904
91592658
533092852
385419164
404393804
953935986
352100475
475228301
712086875
122656563
289306164
983263734
477976164
705860265
575894183
648466541
510162169
685524198
867441298
27261628
95710762
536809630
375065628
933621660
448840481
876602089
203375034
414422130
896027737
682586263
259234432
676453435
857170345
601558288
565256458
759904552
816985332
987015868
298263588
966927576
700674001
512366221
247894366
849074327
818129210
775234799
847743940
44397027
234875670
292880012
794688033
476046059
388870203
964421924
824811220
849590609
686383817
288578480
374800625
205670380
946747250
368466267
741581807
6243449
689900631
90906675
781710252
314167423
774205856
166383300
834962109
977481531
944669727
440204422
515078833
882878617
322056838
221143031
507474197
338288855
408097636
945233557
545040244
61690844
783877463
624835449
728836239
384362949
406753043
913141302
157798222
713685215
98072733
233181674
408285006
125331648
936465504
604187924
222712993
33947435
338324847
953175504
59395014
697008570
868735971
299198693
313373250
359827603
204053974
666653178
139618218
569415352
727545260
750619126
537720603
358498130
819041495
417974759
310752317
759306520
837857436
989194806
214668306
742864853
155370749
832585954
463661105
844161981
402113177
474039072
878154801
390059167
156458752
988101670
737083151
571358474
744970487
165424012
484966416
353446971
131112286
914073787
989133452
38265345
435509035
429489222
872252424
552423314
605664592
897348776
698702126
768088642
107285346
261907730
100269368
691033708
202404751
661829505
250255101
128224691
634081988
218451576
577640036
85975717
346388724
833589204
74808108
952881709
904945936
360371963
968477642
907343210
755867197
366520199
390061034
217538022
17942233
459000334
794101440
606959599
191438484
73864635
467571381
186605312
564880064
132838999
984480745
847255403
352296397
14649143
881494126
557560769
483415780
436274880
432046678
763451853
839030428
319861762
462806926
779278647
432980700
151514152
976823
983114713
157682496
261356904
704058834
730573755
109226634
7337666
700883124
808514209
643862176
370738798
106087887
230805170
849310457
816108164
369040643
821904196
905951323
965398995
664961255
925952947
750551232
739897532
39144138
377524129
684922055
569790970
525491960
203593635
883606218
940608699
101434608
3085176
294197621
400172223
230839936
387605880
437054082
826483644
58195657
557405911
242149329
76729703
44435274
650896622
854790011
238428324
860968412
329546499
542664843
455407662
618544561
482222309
508715623
332830007
660793893
582449724
289755063
526835055
405029765
19683685
503521426
27487660
167747020
846771504
621609307
134352927
486989755
617299931
53835100
299354411
335480040
860179880
711141961
540200735
499744879
113174288
904641054
292147399
864515134
767026342
45186623
200828088
855528584
317322257
787818389
662597431
852484562
927242509
423175515
848301
977646942
342820848
928396781
323495634
35266577
906803801
32792871
667899179
854370560
971133765
272602728
759169257
47348067
596261196
350662996
718456173
878090443
918907514
477826776
67744580
104134382
201375990
293560513
200523456
132640373
326625067
438193058
535275815
358857266
947337366
9118965
974552176
203305685
137319827
612730493
530831672
13292163
861023462
720662920
535356579
56328371
130568682
280657414
862974074
309377027
507132067
668026283
951662344
995863736
82110331
445530077
940303424
932251853
432067763
292248759
160124376
548060991
231739682
357570274
500855360
635507906
21371949
648992640
131806010
768413214
48214396
222445365
428228086
461466007
854295732
451163611
696584928
217340250
992488921
445708530
805424890
327961236
760183142
138214146
586511542
83255330
945238062
1751713
580712117
965031596
691598478
858613341
856529705
197015089
633900035
766372757
875585873
104291997
507532992
906584168
312554708
289077596
230038461
633367326
832997878
543514447
774793147
523597231
140670691
874681124
221183066
172031210
855734684
307742555
167499040
616341908
595091811
201759796
476699174
166625434
652928866
428233053
675873658
82173205
526111029
546243881
877469380
420846845
911512377
873770993
611527137
216779460
71240746
328520406
671553667
645766154
15050023
902044299
219233178
73372395
833926803
186487948
731844528
501462004
208609087
32539401
917124751
408782198
992240511
780093277
787442310
627772459
733839269
102547772
521915179
139692384
584821286
829825941
764608728
386968147
561364318
963411499
393810215
220563649
97205764
157422023
943973236
819781867
853190651
269931645
407190776
870669216
615537593
716887768
572220160
735066722
884334315
485269647
898405447
786702256
79187898
872270926
536216980
568431526
649933154
564306175
268451622
539877431
910973247
239504050
852915432
384915812
564333282
753172194
527714002
971738725
85492448
242371352
347932354
384670946
933242278
796517727
758831098
990668569
940726081
19627388
722576682
417358894
174970413
191222359
490999807
659590199
674580805
669268017
145830526
97017596
470897382
172690419
728178524
269171536
606614353
893543607
272352603
812659547
708624218
185251931
441196323
671933048
236081305
210025015
600753697
732162611
947881760
71638948
818386083
948637688
533272164
771586654
351037662
193460779
49720567
732033438
787850227
65830789
111541607
653195344
275317834
347767030
384179291
288152900
350471978
307408033
128409379
115902500
90890710
150981138
223337369
48176
145891838
412668926
351486944
420513291
585524192
725247129
330159571
884067192
572568043
236300592
572949954
172487896
326035511
499625042
687815236
42379348
630242681
522510827
952544352
408123587
818998467
777587901
30097594
545079906
620220497
360198605
447090664
448910966
752500975
804618167
562623155
979936237
757141135
665391732
680746259
26414907
155613533
210504128
50197646
906307775
384534018
457152519
246962785
252192335
7449165
426793258
199663605
849114369
353239835
500259797
624434862
725587829
45574895
990879297
768573507
54465516
92249647
149632177
481730958
835095969
409675895
44044181
714300270
674748462
960523539
143123395
860471522
409547576
588377921
420327066
375715640
898823018
435799690
638309183
145305842
947566712
391990584
973028565
122802307
268857517
758343826
332883469
264720648
197665680
300525480
636564067
623394557
94126906
559184832
261961891
57000857
859846034
325111711
817370292
215084131
749255130
101219146
922395889
13837344
69893130
758283870
725494789
456925376
237832720
742781846
331224129
82285441
962844361
595414179
320743852
216143158
368308979
901352531
541108005
207188778
553664592
82732954
120541900
714382133
720483271
701177473
4776926
580729483
386120116
850113371
37468107
114168926
481651933
564867672
297935685
970742049
774778071
989258984
746603069
466579203
666625732
26894169
499677709
855255464
176000031
116067445
557729162
7563821
4268960
108267523
779278647
756275480
363641357
557024643
476423398
726081703
638684975
223551131
985631686
444387506
388147798
781997539
460357792
228158883
202277950
817121068
803569343
745970580
630705583
907367857
250348592
818253174
113957693
804566203
237335246
753968941
351218928
936256962
867688538
378788720
332074888
952995162
673028845
264517192
216592916
614772800
829904609
344017371
717122670
58136543
400934419
33824739
400505040
609282664
240943603
730847678
523530030
566254084
799662385
789832416
614360173
266065956
921094256
366804031
870746366
88914927
94462116
103178832
723497799
366859795
69898889
11880050
344838255
784564361
94126906
865606625
239630153
182165664
770553521
46481973
191705458
19700872
978506912
495519459
179288460
745868613
686509955
95323575
192305610
973264470
62749812
361298736
853050457
926294898
408283123
464154482
794021280
248890481
329070128
307171956
773425142
626162951
964102380
238577386
151517143
349508600
752350578
384051100
83639550
471047642
767630788
212430619
873133205
904786124
401648847
402443345
979718900
727471200
26814942
716618075
104308248
135346740
171701937
710644648
76280870
12016694
256035649
659674989
716445077
67584636
587242761
409942763
851692534
250520175
567879390
596803586
446328505
937597063
684914973
853845831
559434739
36783449
998101974
725143187
3233521
60973409
85928496
574020937
214026724
722602000
532188280
475720058
634545810
439345887
792581656
776654346
210265633
758557678
208981196
467698692
753264172
463373113
868025231
783624352
638418552
347090132
996982300
140070343
807537532
380865476
323265068
534009896
641885590
801383820
176558271
969203991
984304070
683258390
314470588
686408083
51953615
939458357
996839376
103868035
533379227
73056324
352750108
677682880
582257390
387698289
916770208
953893283
344759590
562190861
748425249
136780873
536219848
459494940
176775180
259239427
438616300
261889071
11101426
121642669
505776437
404232367
883110937
451507440
315875496
170146848
628059618
174385895
469466504
962591373
805622834
988686387
627050367
423973982
592314645
398948706
176736588
901572259
704051402
144229997
705889634
786455897
620845678
296824503
856835940
788362387
788136329
400964452
658252633
688190978
962360470
626083839
305705596
464733142
660201272
963371386
619385644
629114082
335747708
411130131
190380035
113199493
741007723
608810086
721623317
712207910
418799776
709611399
620442595
87809745
493161313
78949355
806437904
503919003
883693008
390008967
974648378
239467714
227791724
621280719
181161670
407843960
511111868
670964710
100513602
718633889
412272423
440955103
257432770
990401200
125318901
816447488
756887361
326319511
858243389
464402972
523166442
663141642
233290597
154402801
224431365
363813765
914599565
90082807
579962532
636523472
130986923
639573341
256603864
658183878
669915709
381185544
446115676
737226273
870745724
779228720
54851744
635442433
830382708
850512100
681752397
518845953
97358313
509737457
63305889
32517102
637190690
505191909
891059234
209729540
730327726
188628562
666653178
263113672
984933146
710926162
779586080
70780708
673697677
582702762
509833213
267538154
773658553
924868980
983488700
246400906
18788084
322028236
568504555
116660031
824694978
774882821
184855975
100269368
536689563
18317024
516221463
971293859
833995160
249522969
361237203
484109419
619929110
964251209
411081254
353224612
336984174
75868913
984212893
475769386
156741309
279111179
815661521
942934889
882933940
534103325
145475327
686238806
173091874
101421985
680285228
509824870
139818717
765564279
757783499
159733379
507941745
196935574
7528058
56338599
289236567
271377085
322458523
60235111
160676572
178403499
750923229
332198710
99900655
135765510
282682971
591665223
488706893
862526092
207056388
987988058
58015555
704392171
827590801
173165822
918034855
211375779
718727283
938838977
741537334
687954563
975291838
715926979
466626741
372492101
299786546
430390467
888894692
553946953
950585267
448464321
891107063
422319077
886885369
113441489
334736121
237505405
757408123
103272042
399611512
965413373
421789498
326138934
620682360
315680017
736705877
33988487
607421813
184387532
624635041
725662880
886052501
137270010
591829864
126735054
616922679
622493020
53481620
519748776
324360330
476433846
526307470
697334992
595995694
637096956
845724346
721044482
799758493
877129167
58373421
906276993
856883235
454047575
583399987
569768098
267273535
456533172
50359271
945087967
543476395
836395124
776568691
356814179
425835574
62853430
914918912
561057682
58702828
201978978
166574372
834685492
964098940
551713749
254023222
160178038
886281826
994418805
244670532
946233276
644187583
357603940
536364265
525831328
600520467
883409298
197185919
542316339
785108784
121516539
8704651
269120064
850419476
924274610
179401604
777161217
96789296
883565626
435673104
533981516
636594780
849097761
44825445
613038524
14436296
472650119
117395900
687515613
130195211
396086713
304755591
589269712
767344721
80762979
505257177
515787676
77124201
453844310
248368491
895994600
845165650
895390765
851660175
443934870
659852401
440286363
34585087
677063589
163274584
576653871
123410695
550714248
209433822
200490522
532657822
241831141
464839765
362268411
719401006
559664370
352452008
775146936
957287408
930819865
507400134
529621602
528901118
164300593
442278438
507637120
389708392
82097964
369359582
961361238
527984483
270569121
921640862
561376236
129315178
887783600
683206021
333638943
430971385
419452021
101230047
923714887
606727205
7341151
916836254
691889962
927235455
558586115
143868211
736180791
283653721
449577822
528495036
169848929
540955097
604186171
205481322
767203604
808202709
847387714
520522170
937018938
788166901
583533957
393453472
781672797
216127275
792530019
859918640
115901934
496822329
253696547
207050867
318849488
435726494
478365016
952610997
38326253
596993351
462791991
740376803
175605345
312954425
595982807
132475018
577067508
114005864
59180469
129189203
270994022
168880627
5013615
736268845
174201998
841301326
65726243
939997570
963274280
221136843
145657126
566512260
554923414
764673039
230083362
1144135
721718223
637021013
890637894
118436403
701442894
379665419
254225420
643752976
295558667
777624263
17326763
970412145
397690881
955890461
799475735
557633689
479082210
589615277
748185000
889355615
790720499
486180555
393425444
185661631
323253456
215066996
26135577
940664951
376278085
478334491
983345690
222826209
890376996
351241842
425245018
522728347
352790909
747753368
529481747
404863475
217056651
426626597
897119244
280479289
534021243
56338599
590939465
641917490
352337924
894837160
838779913
353696042
587779142
41603461
238947653
953873473
286567117
788972795
972261168
249308826
749479011
193642499
101460815
678238487
538165630
70347419
364516383
405156307
524821223
830016367
413862845
840321065
651059343
567798398
305064295
701591266
184501
101724751
900658137
291162346
241051986
161267838
786651606
590267589
997439349
83940370
735403636
905823658
700983054
419954917
429384890
637071415
256341414
96918219
736102256
903284690
891006383
330975989
454995769
129146613
463854550
185642044
178872390
109233113
235945876
891619686
42368935
830781563
886469397
515586364
611624617
400684106
107061415
564305554
766092281
250205369
77028087
717977719
209029725
510133019
321167166
741818467
879174913
234875670
108337653
469805361
52909857
69779776
722145476
889348300
801186306
599927531
959514053
206592524
403077223
287744519
987448502
660666505
439971656
815395137
59198763
195327031
3599921
584681267
389527584
410284387
850051612
726369443
638991405
621363763
959438595
563234365
727470054
140345908
460882807
296719468
964395520
727326608
640943539
806334672
66818956
33632972
568584029
11190279
447779026
383407394
209710939
40247236
465046802
528838386
143285357
949782259
158076952
986240814
131243051
418818698
824263123
989709104
783506980
594444993
845268577
551823153
148440141
613938726
23425066
153686079
784866614
434586881
419961374
244714647
452453762
405288868
576559148
52725606
397443561
212059400
282619110
781388998
751127693
408497974
682802610
632366871
536312751
278980244
85873019
924985316
198913873
658575794
404721300
371439739
277351996
359831236
604665383
268137909
772258801
266668886
702808806
873071244
542316339
932168735
553589205
680018149
2473190
50524614
974603401
329151439
433434563
819109655
623556726
862707431
204611776
42192660
47988901
978433320
325394815
277826409
483759145
839514087
74532862
184173174
460010988
741840696
376456344
164498697
804207918
182758444
630122788
88025270
898013899
746645858
770157902
701179331
655152838
99850498
407697416
499267852
45677854
823902104
382463427
366613242
616848461
354924870
724571304
322081182
477732886
540568688
437733821
190345693
473713117
672623492
744810551
515034827
289137978
528071038
894466031
135894682
824501007
305622883
518463480
131943630
114581466
248947965
170572830
854390473
841120063
936363230
662309245
283546857
531127294
238426140
838633238
821846547
268985910
410949812
952848095
519573833
476995750
971252884
214017035
119082011
597325977
163032943
607815954
778786918
756608431
950814855
125375103
329569992
294393409
6671500
359299406
493590467
282190327
57574995
730417864
265881392
640773204
723296101
190087169
806391717
5119751
109617567
174363092
482936939
867609891
211573722
402953474
213340729
439168403
725215635
464036122
317533221
252961072
479334504
330761982
464487367
74371514
862450348
975849510
78729545
858350353
459422841
40177999
832631315
487594027
484955738
429462935
636846900
915017625
547992240
434381693
362333213
538295430
843622245
699386298
333306445
565988158
980584524
928213914
693452522
555030959
410834453
731572330
772479940
634746532
631644259
290811669
327265886
351118439
341795772
122229702
792658059
934079378
203778873
559340899
422964944
473252061
988381563
227589031
279736896
817962850
279109211
82149067
470557408
521350376
64953284
442438275
176329422
380058460
153379216
167792373
861868603
820163494
303634990
396333745
362551586
214545182
807745930
18753152
681882603
540152937
744440613
61787646
769493825
566599429
339786580
318377669
88983122
667902890
818934401
527417405
552659575
789191535
690663861
866167590
809909311
434338508
958603250
714026971
923006833
861615296
229656087
445550108
178985659
685997359
198335841
187142541
467277970
97856967
832591458
374490267
366404603
566817364
975277454
240071745
444089176
229915755
248537368
251795675
167822552
145486627
733936004
356413378
252940176
183810361
318774083
174519624
237405267
710580564
968385829
169045455
322482727
243671114
858760939
458807744
824726723
309030644
331392925
266856775
154205681
891976666
703091258
984046361
426528473
46595098
276324055
950692028
645042136
588600275
346837844
359290553
300677683
863845386
310068745
50718262
889604041
206464262
159847634
456466214
191677166
309699897
755695950
223942076
110246023
995157823
342272861
162405384
424032569
156952958
434900851
501019359
177416019
881033751
340906814
115915362
403641429
823477437
804955690
623823310
313923127
316993394
163590715
622288241
791120578
392523689
66179197
813303771
157477256
828025635
380468888
394836055
661054602
463846969
43991083
30251821
575304339
198907832
446341695
928169348
991503020
328980532
537886896
565406125
945526701
587834693
884889895
439591303
714365641
459808386
237089648
113802709
569205530
317800784
235704474
892752993
869291738
752342000
585451631
386887238
911828282
630482384
206180643
715420432
296274475
251204652
261689242
645658273
896288045
150131322
229251603
537066427
791210020
363596885
750745274
118513449
424563428
854920339
226630185
83209217
335528087
298318645
59966297
682989105
628401200
966124065
723966978
620819709
713172381
439436921
985719499
906959525
681218716
6480478
825194007
468927189
926432570
234309381
109397140
493295205
793782508
878969655
18454803
909433843
240436015
281448786
465549379
434833877
292428321
935248385
298015699
271810404
145517542
355931304
116650411
769843265
356900815
882057702
845551769
103256721
17261617
364300732
320053244
374731106
385604834
588081615
278394558
312436200
221655712
663875965
392471981
163599923
341186331
977733190
709546582
169612988
110085838
467841731
920076842
418191782
401671931
653630689
345231475
325952730
317678267
472035869
830984520
162674146
617685636
309460761
377443106
240297914
858817347
16717427
107365474
237713170
48622842
428548738
294466619
859807200
844420767
899965178
596658831
741187947
82165471
238449752
688874383
896157143
690094063
413502738
8615572
814115022
314924871
450381094
432535733
521234663
918030144
440296318
409761784
44006261
182529345
709994729
237713170
951790912
58695563
388338182
970130848
759779490
230113958
795098792
790231554
943828890
485756362
936353926
741031871
640166596
753353162
883429015
716395567
450578522
17716592
233046003
457050803
19611163
996562761
196683397
435593829
451313821
22333942
446513576
892532246
777470268
105630490
549483141
470476137
467695132
574116979
556558741
588881374
312351702
898013899
70781413
240932535
725370758
848852112
195720133
273874342
885254648
226163840
83002884
582842110
466547849
613309746
658501384
184899371
295941283
887298041
63704081
333351142
647756793
973973091
768578091
757710701
143141974
242245443
919931897
53684113
87428738
19139062
393512630
502474247
460215131
229045348
911638640
796884291
192798965
883665776
582627582
190214002
693565960
492489868
105056065
338585809
257417972
85354435
609720976
991465557
419457850
660160342
701626097
651212653
732473244
386973017
828052790
145538363
521019450
75922078
13225774
883856542
367036418
43140941
319119543
717659005
76669077
149813312
356196165
680253966
400996236
308083860
28106937
317948406
908102560
780744479
554836284
602376411
979121680
33182878
875303874
994640651
550006380
788137806
456221834
488994259
915038127
647932103
461133948
91373100
42301066
902960040
554662149
290345173
31825041
573884419
155514655
288824674
438364239
769576379
706604281
961009767
205336825
713722724
323281322
844299680
283710358
71473155
201641971
437447879
422793894
28259683
318837515
373169230
537337370
572533925
394469497
283899581
335585840
990610885
171014841
795240452
431831741
806010723
35708286
623908308
559889320
633389934
525961409
166878143
468744954
103812078
163106372
406665646
431108097
305562366
994498606
347383104
731711658
140413998
823144794
101724751
7845053
567437698
508605982
499975736
265817485
182481853
790433491
25693731
981459363
796187337
979331640
53722003
568790869
286183759
964319993
425927568
806278467
298267674
150032004
223391506
97186471
219553499
422373800
185092215
902294864
79296429
250597482
895021109
498029699
540966529
230518505
297884154
155891405
899907508
158245220
452413843
742609997
719987004
453961817
663577923
603359751
383696966
879473687
234580915
662305024
793589133
315852747
802122484
408174604
278578148
960694817
24290388
991089903
260314922
479032642
946332430
333322641
61009493
385284129
779382143
361880331
498788978
518271158
376612087
14098009
946177102
821314498
459982851
881883740
5861257
975450329
361867564
148279513
597325977
608185780
854558961
485599635
217767640
972323253
26405877
926335149
439005430
894199517
14906466
487255205
470249635
285781682
908157946
353715
31037450
312221344
694685357
590060251
113817519
10040559
136760226
240503071
508189305
641163502
73963489
548712956
882970508
625894547
690486392
759461661
811700238
708771231
783406859
392303125
252577450
620857731
964103492
39320887
435023638
131010701
424307585
522975985
858403088
344543977
393557898
12168498
115911583
749625707
104616746
484491397
568938660
490111305
801076740
429348854
921444855
910203928
30136683
154790566
345702711
193749672
598521715
614001392
865454165
227119275
205679164
829332798
871176872
137594073
335281801
432795476
428499314
824811220
689164700
820540502
970159605
881963660
424759616
997634657
196035559
864552462
861541001
228850666
150657873
975009479
188328641
176375385
174385895
232465121
668457074
95163404
81904264
386310665
19615610
902294864
989376250
125581216
818887152
210281025
485775140
463205508
202386493
736225347
692841737
380474677
18514892
197462519
94404534
647848273
267619905
806209899
486168991
10442857
788525499
62886626
219754933
52637977
115540082
562052037
399424617
167152104
502038885
208789573
249961746
482296033
734849002
241749613
122282661
437510876
747377705
520401965
506058564
880643310
257332491
672411451
702718304
452410442
493722212
975091128
432985465
452399953
366756832
394031163
230851373
991152115
234458814
765797977
976674617
324687560
791020446
640773204
124316514
236208344
124232589
336675566
702428315
141089571
394752941
187912717
725161992
924942978
691980260
231259912
313759695
509160023
720369691
166833202
73872342
627373871
886378097
969092503
127080838
325763990
443776729
79439973
640036761
451985161
663447828
325270448
275878533
885825274
126802026
635185995
535083003
820288594
291039638
646522055
753116101
161096621
82097964
969550809
814531961
17521162
659055655
850579328
650675055
759702099
283183273
25768549
963122089
683796950
956034792
558813468
430918207
550946812
503988078
583594151
9872555
505301980
676642049
670983271
287958447
674461623
787064249
683182903
947637898
948702453
478140956
547161750
303199794
925400861
275656680
34106500
196003212
234425761
838974632
806553173
727616660
472959768
952955490
455377772
264996233
137597403
254086037
577978930
146155081
112961610
155170063
580869346
947499110
559382111
485841172
997743736
298708587
723259627
940693668
362621907
333438054
969767186
642655685
621555767
719289120
868502456
726532152
551077334
666447682
518081457
646994304
654086684
892646127
122842642
339239295
290694890
476150527
525831328
587166249
211877388
243080613
663167084
15088685
771443986
384366596
408614577
516944414
25065799
781011864
751655140
125117216
415170804
543663919
26814671
70920267
889363458
96223967
254960534
437216625
520543483
656335290
15932978
276749813
932346957
427528102
247521034
149208246
551412160
324751383
414497002
972620522
429769891
68691603
717977719
573387538
370359281
729701214
378943971
225925601
418550751
459792030
847447895
818663815
873304408
973241593
571511318
834283036
447917670
772184417
873193714
26551300
528997879
149400419
518538822
556536042
101768588
609827324
342429777
758648952
446864409
368879081
296229797
230596216
396863186
510960955
565074771
39304141
50153096
973467399
522668123
362955010
625496716
481502206
946335999
276617848
338787989
428363673
580322339
585024182
53114872
870507049
877985878
326247923
384733696
344989778
16434323
531202047
121277879
432628024
401145276
521200369
756215775
264488244
510072171
906297266
391878834
598851437
165198438
103696097
28896055
674605830
209161888
862428560
736833214
890576292
238639664
939973098
816254383
53052182
424918749
557777690
652802027
886553038
56005942
56864530
582256694
174602917
13761728
2543992
855353588
145386114
258385444
193863077
207293668
70118117
831481155
924700148
87624875
370980392
748442857
265562492
981920700
997712224
677783387
865676955
972712940
437411014
932809890
210480794
596761605
274039768
149379830
545553092
697880117
614685756
518045962
530221059
166461406
600756394
661465547
532970544
583062548
67237412
888264539
17958914
341126152
626701393
97669154
321078757
429033019
80346223
854464268
445126552
451820607
917013284
955911455
85546681
972567586
511526809
533887191
812362384
234983214
341821285
951694664
465265587
709546582
907800342
530361851
817121068
899835285
298143493
375173433
410338439
202840288
652951369
801094009
512864008
392174132
148238167
813920963
74523245
988791202
505909714
788280578
612662810
998466078
131641362
462242597
705953441
82639366
156449992
755608857
11629982
962039238
726249741
704538381
435781000
611412075
64250332
178443505
1206975
801785919
127445152
79100571
568087807
181065685
627225928
628960472
127260314
155611748
243776319
884349511
217255648
129179198
603109583
655859503
743136447
710736466
813170144
739040586
22564185
724607924
89503942
594988193
809470296
222309734
318464205
503912507
421331239
79110903
151240247
158362823
421111900
450105850
813559355
7890555
395725019
846030603
732287366
417594227
177970891
444782110
200630414
722317884
82067855
805700249
54033377
525405854
4373784
990443050
334842911
285862067
562291870
803573101
551040597
658949570
135991492
146246608
555087407
996352249
789832416
56856069
56982196
2491332
372453335
18097193
600086893
75268184
78618870
261406887
845121642
449904719
48994237
620547650
484346653
392198659
678119588
706277653
708808801
890462651
12825356
788867010
298760712
732730317
852094532
876223204
505071173
251383226
424625336
362374205
685366811
794391135
559054901
990003744
206696180
677057080
129705435
97472584
453592021
562598127
999921111
925207391
174752952
931414718
89895408
147076399
771908425
695853384
912710249
347374998
848322194
860139339
172676280
727214408
821314498
689289620
315318131
405029765
15269850
863490917
723017950
800523170
383675982
894220017
479178705
661387340
147948584
652253420
905134096
181787423
399968553
565591518
898049771
985768954
316551134
330619451
735560406
531547695
883673551
567760028
406230981
394517542
56203429
549832815
87460180
948762341
585636148
153493368
61009493
870022906
737343145
784901964
199229995
167942786
780637606
281255764
198392973
405554571
791332851
692899745
390616221
464733142
745974480
829281305
952055245
731088438
708494210
875060732
781060241
928473127
928344020
320810501
135193041
969660207
852398617
916966436
987835002
254188924
110683588
782724925
940073741
988718471
49323432
554667765
301309809
719359368
608181965
312438068
629126677
557135325
944225464
744324723
547740284
409997446
429622476
436427923
173546252
640614061
971961496
485050638
902200064
327453707
545440038
170597739
745654979
151613303
97473987
386447381
586837916
214901060
820999236
951964171
667105846
502603481
333288610
778265197
138104173
222291467
507029393
804065489
320002306
119409527
354019688
750172638
898109567
979161407
588761458
870809775
984490612
139675140
969651555
662548572
236081125
177079713
662261914
733215975
858613341
161748348
194784196
506067322
612168682
184141043
903949001
960862794
210426168
535662900
36038629
375045300
493231831
932588860
619212800
604614023
853947092
724212197
970642117
976665944
764608728
198602510
753580994
802518141
514579712
513636952
364518410
485735159
215518669
755593351
81770675
73895806
741412900
32494372
267230891
587047855
205141302
974488297
604463907
670282494
338939412
537576795
569630772
809851811
378645547
480030632
591744031
949919753
726350973
367918730
528883457
511963581
804758076
330358294
665554112
897794770
498395247
963201682
936970521
903660262
693139450
405515677
408170079
415322696
626434049
237240229
224342614
936531231
19738806
714474737
184367473
294905938
109082245
430203679
808325892
419304751
674488189
77592478
219384656
24848675
303939329
563110045
214652942
65339217
879373838
872082052
398803305
295183361
520841931
958865242
625584889
462916648
774480868
455429858
952839069
41080185
27261201
187234866
97755475
622645417
898109567
976074054
952797150
8944937
724376077
685722199
234113188
9212799
544274762
545688866
746432715
817490203
226524592
438858092
240933512
73624799
588290059
711730293
151013517
686797558
316252581
109843194
965728784
794248493
589286074
209459342
347904759
646627554
845968196
218419750
826801833
471816921
328054946
753151265
161165191
299523241
885867803
968161619
238822636
128940606
820479314
489046765
106719676
984594252
985519670
411114441
951084683
853517377
495880874
115572202
62071281
42721124
793080947
243250987
299520905
714838514
677115585
87429791
365959096
759923027
41775012
72291491
752178215
687085638
36539038
909337477
299724698
804730082
661092138
961694996
247799918
357489737
920152516
621864138
66536633
225678931
429577392
46442198
700366419
519445345
376035311
297162859
958441551
62504400
562442022
362580176
516087058
75815640
244155518
879184300
414092903
536649619
258465733
127258125
779571795
917626263
612473545
748433495
824481015
569584332
995787861
318820073
13483843
707614659
976454942
247924232
574305532
669296836
500374968
872082052
294666880
728302880
539730968
78982960
32306572
885404280
442059069
41948551
946499415
151149951
664044206
603844183
826170352
688391571
351485787
857512168
12360809
121578884
328603186
836019685
332482544
396529895
925377233
118075418
338808891
636277145
499726822
964423413
99830486
220916679
726473813
964251209
768541539
642613209
702733074
333099093
750287589
640849002
304867138
906492098
844530273
61671266
916754343
931078716
322574029
401047438
795498634
627777934
708322311
627845474
549629911
308318400
214994269
391160102
938761030
788459212
241251909
136064966
875207008
329468411
600086893
837839949
859413505
516455515
753672661
889763719
194928527
862954981
175425025
928261649
202857923
393567873
236126143
163263727
940341284
651158228
543692186
268811655
314126405
333793694
752434658
630059780
67261902
363319901
405710842
392794954
674062157
888017783
754727902
738104693
333202975
298796348
620582935
786925054
663644563
266603387
937175214
513537183
896250292
72473862
824344339
355111780
94149532
920543058
234813955
971971574
657252704
648102231
856332500
895649046
315729820
417887448
375430677
816523660
417844978
555802447
107390161
675806937
673150071
820969611
116805094
907719618
365020765
41389265
248692518
830478677
572156399
858226695
314891874
202989140
609607747
854113634
321638000
988252926
630474940
976106
659668768
779170348
149378843
820942551
748166736
752392166
445488215
841550430
335185984
210490059
855394701
306146813
326035511
597434450
143269556
343263656
312570357
997344617
897845914
918005100
564216075
217210828
612823683
247132707
28293151
865180786
819684611
258310163
45091478
885212237
430503025
312977176
28916594
200917401
766999043
471566937
51802080
303939329
536527307
680424836
126583509
756371216
414079061
81184773
222778386
402255378
52974614
338514244
70864509
532971431
868761571
32370948
586853695
730561020
186700409
935660164
136706101
295705163
754086460
916551788
877438304
685396676
108879105
250744417
663735500
133324035
525865523
979936237
398524238
199988736
247574279
242198359
949245014
762895396
968348048
358493081
334912925
22527950
415246112
691194601
393844817
721967839
603236415
851987844
345345573
65451709
189103365
336462713
568150639
174924080
518295730
926250893
155379740
78213709
775846470
774778115
391065697
835457489
580635850
967068265
113885893
984514408
798075875
630490547
750322345
993308477
39433694
909357468
984387420
78841768
248906131
15322049
697031625
479895491
835682527
409818422
872673743
106113719
933282970
199940075
267015789
76359507
723675245
465367291
151663249
657647151
637499685
150728122
100957107
305357063
209662308
478269092
969473011
627535940
606558960
895950347
905933589
161527982
958075474
392116793
189462985
687617444
344830097
574423838
287248758
401555040
488951072
753698425
695040663
850839062
712701641
692405095
540978407
569250661
373230056
691260003
498121980
142692209
86961378
166142258
720639626
924240402
17541257
675791764
289240
81792922
48985022
935544450
63313281
928968374
909850949
696681685
54110335
951672369
506307909
1149634
927067176
236572921
414173159
27899868
336447315
560359627
45049736
395692824
1332938
433788655
451338132
610449333
952297018
372851338
650226388
702419143
782309647
423023876
277645787
291003677
371290986
277344382
537111411
506391614
222911249
977071272
450125603
726363773
925520065
251738734
235502792
508236189
252874804
829685192
422532678
685865700
403681134
413572022
755728379
847478673
948364118
997541208
935782456
856386352
18500781
442719967
690490167
356041091
415981697
890059489
410561999
236484598
462583692
672505770
295083206
166039727
977017436
618220736
414083436
222045287
645234518
178236184
124099291
417099268
151059042
573898939
784434112
53676000
299098728
991627816
427770566
553109328
558469931
474743109
842176556
162674146
629608605
88986207
228432072
74721390
501741726
628130714
576700926
602949924
570283553
882854505
234777599
799774766
114321677
836975094
239149812
530390660
955163068
883759592
471544798
856105811
73561768
377636228
425498208
221578498
487795412
581753317
454780983
341319779
827195990
397111073
559519488
587932098
391257555
297691761
625565356
7126627
511851976
941631996
137883134
254463008
836127947
844106282
268470852
225886589
214199428
449137310
609834269
738422764
892682275
996466573
545270773
288820735
892986089
882009396
553963524
815868820
266091960
37747847
29578430
239265439
541182042
79513504
564201211
968211765
988735011
445943482
776686428
86208156
833639270
116773012
247079910
70624624
683355925
310253796
359393724
316691696
218525376
865563673
855866975
732277511
93177688
753313046
620678604
914557276
829862895
970426710
886344291
512849631
600667991
285064615
659062867
187750189
158142853
791362447
878918179
68749952
108496996
253015385
985437510
25167072
963853771
205147568
646625370
475538077
427913643
409725914
842651904
72461616
733431275
471598298
327943525
382856757
857571048
269663574
963344237
328123995
383523755
184288838
653705190
299085242
496233688
948290152
523873901
39928523
604385155
564927208
479597662
359222072
601822034
18167274
989237349
35556433
521374144
120725709
976249636
169978980
441856097
865099691
709765655
844521331
835083865
147499505
644332836
695689251
323867086
429553657
863163094
831027041
75707255
884621984
228432072
501805791
715650601
350611201
419787703
443107389
416722097
327794470
657055888
543061681
698880349
240004132
278511918
183511866
368444324
181079198
389468465
340662820
934020199
866149551
151761732
424003059
347374998
564885988
831553227
500026268
432574378
84095475
894866660
540501221
308668076
138698433
288599167
259799334
380551274
556382981
508861736
881839147
630707258
177377058
434969636
344897724
107153928
674385060
614836141
907131778
268285081
745100466
818282474
402235546
76307270
765346974
164345420
674607514
501303881
300623623
880413008
84098425
345503108
649538576
640195320
93589641
736262661
820172692
256411367
903651439
953433670
291082085
946667734
4326060
703091258
628960472
244377465
756042880
934669171
567023384
66502629
415050949
650499096
88506528
339467965
405416562
316140133
259256170
692111407
176819769
355817012
470029713
281118037
929258494
242096495
388536034
916771851
522507289
895527843
830201886
273706208
922637547
779633633
716177943
989078355
253429891
804074626
151956323
49065299
77210158
414816189
143045006
409371380
259601537
638617987
197252367
241602722
231878585
50806748
326439372
526593405
682544282
969530020
774492997
878878858
433245126
229222526
699517080
964535974
239259853
29828689
485680987
185399453
247646465
316510209
288391755
148470521
601822034
70915365
115777164
933350598
621816422
635141551
880318151
746565547
59961416
993667525
155613533
730375880
59917934
403348029
168030869
13612719
772679376
786698608
767600893
695947292
344119632
432796017
19075921
775703209
712565540
518231217
739900674
278671555
828648167
926055198
194575503
976994375
260098575
210093919
159011539
4354248
573151107
523198946
271966781
396775051
119524000
407158311
952835252
452791840
60208421
919796907
219730387
592805208
713576636
829322479
473601559
713180065
799207612
326709912
421407652
766933619
347870448
774124319
752593833
691780799
242903635
524380855
558427806
116714305
127353292
231706606
795276807
277810465
60702009
447698282
478439450
190486787
535052258
262201603
937604755
84018402
56540090
848561888
297120490
18864910
846633132
664739461
21781339
415863685
213204217
130194732
218416010
907909029
791934808
896947645
379613654
930035464
672071584
554397869
466485927
561800891
470794365
554162191
811210268
550147246
999266597
584735885
192182100
332040617
785159225
177316501
940878027
516745216
627748658
56334317
539565917
752993925
111434772
90781430
819153247
945656868
458240328
956004771
65466308
189285932
528013249
845372219
280306611
504474107
579069388
814244246
148061526
797855073
641230151
306613553
276095304
162690589
475126326
423768975
373658819
751075491
355378492
447624094
947037684
175738388
308691977
930048836
330967756
175026892
831363424
702006467
171260492
600219075
7084549
976287557
923343847
663354046
550365010
941365695
331669495
590939465
554490050
231834288
54020045
659862535
120883440
812933114
598750129
98125881
886420383
56512131
441088750
292082325
417580426
698349308
663501116
533637848
864253211
121111572
221597250
557851637
607475921
548095517
292584558
1837839
480972536
197040204
522805876
546207187
236440875
522416805
102600658
594555250
91916056
645943452
153377367
632883303
377963150
531644748
434131455
968155824
758883277
651540810
690226294
911040550
139825092
296647675
975972389
732351015
583711046
473076472
72084865
201268411
659219954
757114651
291036848
957287408
547721354
924329437
189182031
800593552
665052358
736527457
402808150
338000700
190958857
710377771
918958130
536514867
95674909
161722759
491154424
289948390
569740799
362955010
72677748
724035273
280621131
738074776
909054996
63335535
46436339
498356141
960523799
739134383
112526368
610361881
207677495
490514553
844621795
126989748
345026063
537534112
174569007
566834273
336751819
254522880
739136586
899095171
435126610
19900098
331419615
984392636
661974096
177695596
450607539
955013818
931949445
285174701
872436498
676821826
60726644
704191640
900015335
435327156
818391490
579940671
476498767
22062146
813091462
940843139
487710574
586831067
572244187
849020216
71543408
694007715
557212183
458009430
550543872
335799751
894079990
829304912
396838221
184023901
426154957
855461154
583468538
820613415
572105401
535865815
108314645
898314730
212826026
740555530
826315260
1288449
53983101
94516730
621175489
417585125
813144800
36223938
92228952
576829076
546204038
451353663
995545299
161319362
50998081
65060149
436741532
651288478
353784816
435423130
695266808
387508887
749522886
522261552
485971664
116705630
447599041
593842552
969812565
754077694
63198914
472514514
243877373
241503965
42258198
729892308
320448755
157052865
427950227
616475241
391005007
960829653
602295738
385387395
538401805
310765272
339376722
337662868
832591458
208076902
180505985
655146196
203318373
159446168
291728126
183374327
444667670
530113495
750185861
967834195
356702421
191641323
33991294
626076915
957466585
735440716
989231570
473169585
797194213
295691681
85495851
454147264
761962080
183524664
113100148
361498802
545178799
967804448
23755458
898122023
655057222
752662935
598544382
545591326
454543674
607840921
176182029
366111712
390724073
258064273
143062089
378492534
104892499
309683397
274213018
42058768
778827144
357814985
834936362
714425950
453479722
120176500
956125731
931326710
59422118
992240511
346034157
982181937
121731817
751000669
338131651
928314908
534805665
210404587
577662944
432576592
409037381
73548987
546726686
726639947
633350939
54700076
218505494
562289584
654985338
141269461
98404930
701684625
908256476
673702443
328450524
761227651
173945027
623535613
470802907
687074466
384945223
222854084
28807666
767103366
808026213
629563159
682766513
312621942
64998258
455050475
399819281
178626698
679953126
910814640
626611486
525028867
151289719
436267278
293333383
325397568
837412242
534029527
305763544
846151304
45480050
555928723
190951451
130661578
162674146
785312625
399984306
668488607
289359023
828052790
206894250
222055051
93744530
619935806
337157547
281381213
938188913
41196913
929180971
403641429
419537500
119117345
298880564
602022159
736127591
935065234
180721756
979207063
909551163
670331472
91946501
56340894
531014996
949782259
394235837
50348932
435215760
38036835
519760096
111372384
387126352
272926345
288619192
86571107
723859641
602927992
517696852
216861962
841076219
171757821
646832887
954931162
663860737
387390685
602225459
365207620
215390112
200990766
344045637
863111332
986874104
56579921
95055096
789932883
849733626
418548420
261462744
367477530
949624061
707801517
56166128
431276249
841631522
640056832
905612907
238511586
39415887
723722497
541783890
45574098
171370437
998982665
904038970
162369307
973713170
875819191
104856390
214205809
7142616
747246731
490468342
361923464
70359516
734916042
618779900
390515560
989303369
484606335
248932560
484143871
712626359
751194724
725027070
401125720
622568547
96069007
769609912
657554593
478022639
561006691
387605880
261154008
639526960
936313656
359550475
792183097
447826361
193908680
159471344
326904301
162547173
259525246
637361208
518220382
741537334
286471570
488340403
213122469
318988159
501423145
125522379
279642882
912419026
557012125
939294714
597887625
61389801
861052464
521379509
309738198
659078842
951740440
43548126
112961610
262517200
530896306
916375517
133465218
193988068
702326860
218526940
982850712
671084236
619704111
651523830
307322771
90676501
172031210
6573607
544921768
326684588
244482245
764003990
798077164
955621253
461935555
548625426
682887694
916512816
861900121
415268017
57224970
47995438
597652296
380492261
307160580
539029909
377647053
307429942
642427202
92771046
510307238
297135259
948013330
857844028
945448080
595486616
249758829
999764197
692650880
121461242
818171777
316466394
871895676
103311117
172025379
615911022
85329594
151000483
594683050
845150482
528377409
571737506
675656835
851194563
854143186
704974786
663023832
563696211
645617902
481471057
89284695
814742015
932541580
684664141
831163227
339991550
251115940
816108164
556829136
332412828
568168275
256964377
414545573
919497022
274794798
646247759
554262992
249149084
280611713
116122240
937597063
879660595
958057950
643259151
802440802
843135283
932972366
945415452
570744242
496080746
444706721
108820189
634936828
741926255
977017436
302055552
251683624
192713426
94425342
26105644
6374787
730844080
373228541
358086990
47988901
345732090
515269988
989939990
47406641
862428560
707077070
252845245
201933992
972316887
911140575
233264724
598292436
803134930
814793794
581176113
277474170
973193384
789331720
350702726
25830932
733985447
792485044
148094300
666259806
900295690
498332725
881963660
804470715
35300473
648522400
342661863
376120338
521866166
449201788
854402764
218765674
687172032
128854022
747377705
32537269
476173831
453281942
25312491
774617910
579092192
541769499
595166212
419183283
140949799
419159297
582980433
569015660
610772006
215924271
97659980
288524131
404962399
353231417
271610659
737656879
715111994
544431284
644480971
3227198
72816526
550429374
816318470
415674291
776160291
271539882
536891566
630334494
209692314
347928583
27120803
2478885
842406
546401927
692854218
507375786
402586460
516689844
748813223
479022178
127415968
884295331
22455303
738394314
935633306
836657989
133350224
594592017
862384908
736452787
520736546
289948801
365980519
721034594
736370692
65813911
533496226
184044856
925988896
45108829
234875670
208037810
426059179
709786535
67732189
885151313
386512795
895100201
971834408
210995108
152929986
890702910
806216484
437944620
662888695
873303210
596771645
454687660
322634555
123374411
414169192
330960379
955621253
40664905
987018625
16653938
361585840
751322766
745252035
433975492
934464242
288843863
583872793
219387800
722321114
962770241
790114196
858827596
800248144
284854854
830772022
964261513
287320952
887793768
26414907
651966171
63351382
996499852
199443707
119955358
590809594
154392140
511702983
980174115
65193967
87333407
118638159
334458789
574562760
666192714
141880800
889973578
573193315
216456481
537680111
907777897
63207726
488440479
854994062
904526089
68541215
12166479
420432782
351379928
292150486
813767118
606339537
470029713
627373871
229957899
50032356
710989649
552195620
287311270
126067579
714329232
993926414
706471571
493885863
316697627
873884087
743804277
943464879
124756891
452303570
237804596
36713807
5357037
689019308
487280882
965086547
531792836
204049699
978387969
281525653
448372560
333954575
266402340
636556950
51677606
185754960
335940253
892215290
267177401
881619404
150982913
644826685
857715319
460931008
279250324
522880536
809844104
14051002
465356752
762533012
62025608
460355182
928782533
412366153
850104054
831714462
102609032
919065305
679892345
739052833
631617923
675190843
179165794
778754626
640200162
578528240
721980614
661029317
238212062
494259242
339197189
942949521
529440565
49617011
937867696
886868674
342414049
184355195
933433581
717133304
231858015
319692580
16945206
113129070
964425315
266594555
585778114
976046969
50609804
3708850
580566687
264447604
411485579
601830407
796836087
978081933
89928658
737382552
506120910
249876696
59804917
129954891
701697680
435808614
888324491
854483975
713969608
463018567
740843602
27177211
698385508
834115407
755682746
783324195
271451628
899738160
752783951
338824430
874772964
649788890
489052403
987126789
425490566
185376373
559599252
777880444
599370821
153030351
567077713
43844323
721646027
590090041
42623055
713020413
681161137
298561552
824348199
523131190
935627818
310216436
460062481
213802050
43710254
518571554
825645955
787334778
973443298
277367786
681149927
274039768
746163074
837180422
447620792
986314564
863902012
95172486
124362253
493435388
711657885
48321689
789071674
125783506
73791787
255467145
518471133
341995985
933234125
394455220
554171666
829215959
392232566
117335828
594489624
709313081
973039453
454228370
504879890
575864184
623051903
38367163
186036299
482023162
626213375
179317229
383245277
670805466
877171034
703851703
629287922
337963122
299903067
803542905
111484249
627234441
116944013
25860751
51939724
847168867
540177763
900652541
667055780
937230512
324583973
854668162
170524783
841973738
164202613
570530531
740096746
257817634
325316301
347542433
146845298
601223043
955058223
991909888
752669574
234333981
689772466
164528429
727863922
347717212
910657141
392586216
299318873
460427670
364080429
854426964
132625627
884218194
478357214
884521378
153379216
959330030
185399453
207331815
286414990
743352570
681217250
799059895
748077068
354301304
282084206
608713088
971599043
675428204
40606452
552563547
162070667
164060623
263398694
227744094
820841444
689028119
483899182
127143183
459315378
149097558
954464426
216604766
179330236
102729478
119760076
849366247
129716349
507239669
752854755
82867966
659097559
154476924
613138393
230226451
798428134
215527625
195180277
61894513
827555649
516430120
310198788
118308792
42164421
354076988
623001666
634019301
745925431
629057559
834934121
215377934
88443594
918246708
919103809
605390381
369188709
105997362
24908905
261238440
60546272
414087989
228709837
681638348
418137363
822392104
95747663
157206842
633481177
650798104
84431383
252589277
429458204
563926874
583877484
351110587
76105565
923550779
4389771
430003901
823666861
50786225
902354211
676390486
12790809
731797838
450313678
716467529
926875947
406453365
71366089
49889843
564755971
519155239
323728935
160905173
488739508
273497746
681392350
595884154
675930623
228597994
144693408
697146181
188869181
649767050
25856518
143511872
728329825
455475706
89722124
133493874
625604636
56391577
981441960
506307909
589815227
411415109
556624816
624062242
522328799
141215832
992526230
768306726
293355045
466520459
61009493
558130857
696314825
432196846
657921209
414737690
517324773
803576351
132945146
559170553
246085151
521128579
793235505
513024467
622012230
230478269
410204205
214743056
72584979
42957258
449232471
587210893
543063215
732896981
951808154
819900904
342732802
473518077
748906233
143965023
792805813
172788564
642298645
240235612
770224376
869117593
288430084
887896325
946358554
615078226
725482601
921427818
489549043
83639550
122219011
660792636
692719953
475385278
582215138
357549336
232107798
308685370
492689400
619474896
671255667
836792499
204365589
356455260
616733804
698328031
619496154
212277013
208194500
404537733
825728027
159974510
92765920
25167072
254480781
915991271
296055820
337817356
851074228
206618622
396227358
697298735
922444792
376565867
959977814
221685660
601992119
904019550
593090893
256828567
534160045
2163830
91162085
659163342
41944572
43030892
480123087
73999280
257293342
994849711
975497466
38874226
871948272
289620318
236203826
637453347
456491285
475128897
147784491
139398433
108103603
213307155
225114086
479626247
878404454
839879906
670457671
389447226
112854504
540400427
12730528
16242336
680321066
429233877
689184293
324158580
774743804
101990964
79021588
616206528
183750137
404433126
595904389
544476257
456287381
893918194
993734653
954381758
227989219
428405091
419251764
223614639
960806275
980564483
847519856
492422294
299766214
669338669
432731350
855335924
206889734
497442844
621280719
123468451
238413285
516185878
920692517
306296869
719005648
667765080
252318931
558095143
321307054
861636362
66181915
289625570
397603054
464358644
592761184
414510606
781422965
763475285
870987083
963443397
505385208
767882533
121008680
154182520
319923552
28376613
281036796
406770061
89263046
6911730
563776892
18890807
495348341
99870632
750823854
207869749
497863641
770796341
765128732
533934534
183728906
779367512
332238320
286374179
456193792
554145890
48775019
479484545
972680480
196182536
494987215
422535583
227478542
655380438
815579507
574472759
318315995
42581281
944729633
363641357
361559577
262103244
475769386
689399370
973143246
577827600
625887775
980201098
342432438
525569903
314438179
305877340
931326151
215973929
628894697
931147340
347294517
388266827
381537349
894389212
823556999
32770132
659713818
230260597
95475752
52153487
270068985
499053557
637071415
602899644
966617778
240875404
765785326
122863380
3283577
238421681
394577444
41298065
988473289
912413936
781968237
398292524
558256952
895163376
922222235
90664103
394878158
6146290
124845116
951328413
467504712
505398110
431607889
32891647
259152081
967709179
624924731
856425880
465542805
576708065
180087584
96484181
245255554
883155646
660816767
321867086
698688184
373124275
873174013
970943977
803559267
270961145
604089977
46825131
89378569
687233633
13536435
97345752
846592522
961753392
751025594
486829378
231588093
602084225
857327938
877751449
779059949
179681693
171747837
462496845
414863967
733478131
8243345
307523076
649415895
191956162
746969463
853595281
685102282
323853417
631632543
192046036
89023464
579881585
33293748
550193427
357666874
922021524
197732934
853916505
621348487
453717882
536069934
699979107
912952633
364948025
250666881
171559976
532275993
219697296
346837093
277667716
838325136
105101390
713387269
633610379
821819987
816771528
742301959
157615320
844192741
858864709
776888946
436507351
158455798
237593321
834123503
899868330
504090606
981467125
897412097
757089271
820617090
411032200
93289435
231385159
917834028
826689409
542461700
400123840
317351251
102030396
962685348
714703366
895657121
910992456
977596620
6911730
540865619
41427119
661244500
319371175
42701718
583431221
955655608
343907520
771459196
330889878
641860107
334284333
223339991
876509407
971599688
611321627
2708521
39171219
966895863
666454244
108870703
382473439
90527723
450979714
116295200
628877182
498213804
435861558
24689807
655595526
931640213
454946525
763387138
248947965
511368774
487489846
929710338
513361930
526910091
762897897
372375504
828220450
776134066
461758712
250572481
153798786
951382228
69364380
491565601
425420592
483580783
331874234
694661761
146692694
137922372
257696075
79800282
599270312
629186592
441410090
620614684
998885775
632225514
507765661
14828584
351335634
105316926
448202444
827654050
324640673
914650563
386065295
726685437
365688427
86524943
291571746
265964039
253677663
599822137
800319819
628894697
993656880
965009240
648386032
545596709
104659125
474117192
532449932
433367874
589285402
222126463
486655754
126503773
939580534
188763850
773160639
160699898
656437127
640498830
898002077
921076605
319218939
477093850
616447601
525871033
120112292
439224933
438999205
436087014
104221093
11530639
356665173
844289122
311166085
488791556
507629902
222206240
626898895
644088494
435685135
355704888
696296074
236921070
255192991
219716766
760906143
526806544
772331299
106945885
64277427
930883991
811366562
825620913
161143651
139007381
632883303
815572553
611135543
460243309
459422841
11465431
152982141
821710795
461096606
898804405
371290986
431676068
812527806
329000874
715960691
706668366
726245378
177635061
54407630
632030266
884965133
141314254
943081938
7284709
398023985
134342063
649828638
646358725
823438281
717145629
462728562
455713709
129629561
789914134
198616480
566047668
174286226
34235592
513942894
786762675
884692711
35944482
924524239
580504341
348511098
978197400
667188816
443045179
451802821
30314204
368037168
633241488
470743926
632993177
710520098
777733024
603221973
40517675
504472377
665894869
608189408
117293624
383441417
484654855
675509137
550653714
465081890
207572467
499736264
512730870
432645788
468128211
527194945
594729373
96134070
169885641
163048414
313915251
839224269
214199428
902723776
378794228
325588822
837000960
135591764
158880976
960678437
496261478
896266204
143648448
627667594
233438589
903543915
514244870
739050001
39798927
827150854
207398843
128972716
526534816
312385340
581300801
597285938
972601989
186568575
786842103
177809233
590627562
677454912
870119089
774432604
875846742
849391670
843520106
228126041
732743594
526333300
380477656
158638681
419536751
476301350
923718122
24514092
652978535
574798932
643262273
403547791
804236641
20667212
241082738
871912804
686661557
492413167
672506464
258030446
109460980
787127086
962227197
329668593
940392089
680479305
284268951
302668475
485685712
367699362
959795433
481823669
212277013
892096510
652523722
432257520
784682084
608633895
810081607
66008971
568835013
562161668
595605895
502564000
530762785
324958613
847019562
437971374
756243774
89692575
989434056
714693478
705545934
864183463
752622299
176036040
302403265
926423716
261551132
886444962
371310824
80816576
550948611
803867903
97697713
854925914
973443298
603401649
125653709
414772015
548072020
580678413
610543556
350085495
337291262
808151503
234194070
497353591
930571483
315886066
729715744
570937991
112027808
736211998
560812887
832510090
649796223
267665311
217357718
251828078
60762777
206349620
432147255
278270796
826257378
741061216
27492529
512125230
82733042
879156616
192943716
540622457
749106155
868011213
138547785
747585718
914680134
786425870
239124473
774774141
934390392
718011636
813165625
622366196
791381480
478662400
955129401
576004835
593111358
135337119
76543842
210045788
102729478
327488007
455989976
315277462
910381981
73474276
507560365
604822908
251853743
388028651
174250592
437985458
821878200
502664858
158809945
245133260
743602927
566841522
332252668
707097337
672308213
550546186
666940912
503561325
827799189
619024352
165513585
307682951
830881121
395981138
558817080
158810746
538760131
919451777
893866671
534595632
596226387
735781892
450847626
969517278
158869331
242570971
43971790
7463401
436407033
36480485
520465707
306868715
406925565
584087081
135034234
79886033
834358623
926535067
206188867
519625442
354901479
327042612
269474556
473257029
1580498
325093239
40902968
723995701
341828446
26333618
828160613
115354512
308372698
178538466
63158998
82227191
647366567
358219879
825868683
498682102
313996923
536072105
243878242
810050445
388246163
727128363
458275464
433372464
282406143
379340420
78586350
684922121
638142667
450096693
863879498
554950695
548191706
813559355
571810939
696528789
250905554
622341308
905590971
381578363
570761552
974378388
870123856
213122469
533570241
386598576
202740835
109571040
781629492
525577153
995102248
99147333
965552146
636750088
540018337
775802424
44098555
601598720
587522263
867533083
8017978
766038037
923079255
144743081
98513913
794289938
914436282
906422375
596942147
839794796
794970978
509230304
204785724
280995701
404869836
12016694
415343222
755643642
162235715
254522880
906204873
79875472
569268274
362258477
813282489
976142006
78779090
273056778
816386685
861029032
344391990
144486231
832648505
71022449
213863223
855030090
747485249
208654339
285502603
909585595
495949170
318439296
48056800
328250492
398825540
377095250
836979042
779571524
547864374
143175131
719712425
182027793
881891214
710708273
393907973
405847028
495023071
909276876
137728668
937712008
955717594
222661635
356070081
348894088
714026971
548686412
315557809
123424668
610696715
914223942
9188737
794887162
714354537
76971454
897831085
381483806
442129193
445957893
597310902
898324924
106809118
667125181
520099582
602917301
100203816
985925156
848566701
570799801
228475125
934628712
398922019
535142356
537681493
838342712
557283223
526076507
443106064
850382613
422324249
23464819
13801569
93170515
932434196
861590096
976171619
375947100
529364854
777126563
70258713
575637600
300805848
699860172
795924493
545018289
193899188
39689123
593389822
759932403
149002469
573513055
621074708
371427572
917989287
707613223
316063128
315871897
818303324
820862455
389066884
755594538
862698947
605468247
724479528
370651114
121962920
404471107
37138903
478823237
635818493
362520120
738822313
275703720
220132283
795345449
220788599
813880914
490478674
359498358
930262889
859650028
608682881
970747119
628722138
676227253
132766160
668218379
740577154
671892728
369758598
19683685
390350646
29486281
210417552
588316322
457787010
311579041
600562582
4945639
308969474
805741278
946048712
242527380
14907098
164802467
896268709
827416008
213586662
280561901
397909767
345650225
20836123
69437569
552405413
229753971
790687175
280720790
641681454
874365887
396539335
482909330
770264098
73800585
331924253
922157236
964906509
608590046
799163863
813101020
103640121
865562376
982686047
73480147
321686585
145371741
305575742
981031944
952808338
618254248
167039952
659165594
840599153
134942988
256045045
689118466
533181977
74477785
336844203
524001392
37032781
909328014
994618209
581212741
946341671
182698031
481353098
921936942
985633909
840058624
753070389
959312086
768833492
9541650
565453173
237769068
496264243
983445935
636714688
919791286
295163708
249777674
891610753
624779103
959077970
994480339
498244065
629072363
626185505
412229380
758675274
588217006
622995345
436248389
544219273
945780116
714801909
473444204
81490045
8406367
704750264
10347344
55232329
131014007
828112783
558623906
464874335
949220726
46801767
346127916
678689792
160198871
926420142
903441738
96561071
365742728
671828017
261380423
8932463
624260681
481900320
548346336
209945347
943059124
511820604
547947527
996982300
366522428
106690250
139862312
233299453
103079587
180769538
978646031
867481000
776335073
429836200
709082242
84367117
424372512
876646753
715848239
454941583
256483665
95346994
435751815
579015715
934431907
468897641
184946566
899024116
464997055
355799133
231235522
742760887
68643444
750272775
853649220
695902985
161315214
949551704
834260264
161306932
673858989
821604503
38447909
414751924
693812418
515297145
556604120
363575384
411330084
615586376
120778681
139017696
952650478
713560032
366153552
597314748
674592503
109215690
415220571
610285093
845925878
52475214
442838799
230478269
581905738
228907607
120117434
128156707
284448977
589589815
297461882
596146703
933976175
242796431
451930498
208799491
554199649
9613495
360718555
908820859
606499747
567584677
426843421
446368904
525726840
484239190
573253932
932729438
164856017
454531302
384186037
382208693
164519078
923725703
623532051
334006565
435760298
628761085
270118373
853649220
897563779
402683758
772402041
597643105
310554073
388560571
907108517
791426968
528387937
619285133
711185295
548725071
60615977
915528251
396303690
128412013
860491201
215278178
306878280
356356763
729482491
523838311
647620893
177874091
986494442
785436728
915724588
995477535
948480842
746405445
846004820
349985172
813410101
578590475
863372052
582001597
394566122
639328269
122357790
587437116
433442085
353742487
488746551
372662535
365978087
875647272
570783420
798226666
116674326
250230872
199456992
177260228
125595652
814584020
663554528
632003543
850708560
90878605
719039738
388783625
697662150
224829823
855316085
649527689
794875466
991247536
436658797
404616359
226718691
995906391
607765175
53052182
21831292
92715307
109037814
621348487
908932335
604565501
227249677
645674436
2559609
873709330
783113250
240554753
404681033
557555771
602652822
827180986
124751497
807307897
991373332
49620263
353990622
210316220
756069232
562335094
26686990
833961294
228758307
836619725
23333842
953524918
243536578
166102326
180489497
567390201
56817514
500765064
295704721
360601950
885603470
459751553
570878792
86092961
71022449
373214481
101579237
333114241
212096157
964533777
85494227
704281535
19944903
817700904
796876692
466008457
594834653
83742328
913468004
261928742
968356107
977734274
73025936
305564641
361130519
853985902
943199718
927728943
493138148
313247717
115096187
997488211
494888102
779274672
230226451
445120498
798540167
662978581
82993103
645982642
925269426
307185759
33766669
463170478
322352111
212702993
244509661
868521118
200855743
989795821
664816151
479650337
672097832
211505407
372073929
230137558
767609662
996392498
511926527
980522581
701098864
357564198
347742112
202981420
665084001
189545893
508949594
62331510
795937545
411409475
40915796
276753440
697433516
915772862
938047745
450065936
135604227
469436175
715128122
738438305
845017222
168548091
112646676
856924491
671393699
499725323
347714836
652612528
78337210
447038560
52727030
439353330
579940671
912010349
781682650
7547340
594258972
548346336
767926879
700596560
598717277
861230199
915529535
756344271
303686888
580715912
877508129
753193305
332168869
959596832
961715208
53512121
584317164
747783109
3889445
263803396
232728479
687766987
777552226
93253635
219282858
263343959
392250663
148435717
328007581
337460011
340640564
806143084
298013223
17611890
601458390
160265310
790114196
694815439
657404588
460219122
509798709
155989484
894283484
330756072
84885827
569607196
767105608
818882553
315875496
556681295
626357867
378269293
121578274
312369079
951027239
942611088
504194685
594778888
105552235
233867695
347539705
294106791
401192552
612909188
288883948
606153788
995774164
709814016
91068790
364643928
371809491
878114678
288719471
144986804
882462518
978865208
56196711
675487447
560299271
688833629
124926669
973226067
607141241
154496426
199663605
452200723
412836431
235569909
140118714
732794074
533805397
819795114
787392123
662794116
750350165
417054582
972567555
957107603
668967794
100099748
290843144
249119471
776330631
961169563
649445857
656715900
829282650
285974623
578945551
803803783
325563043
579663916
676500491
163475974
935023487
45810777
200064930
826501989
870821483
15735912
918679281
8187932
672123025
408201712
844166634
457055730
999266597
868187088
131701887
465552656
890132816
877639612
665883938
657333668
588094691
815072577
20413367
177737963
36844463
855079213
568850589
718580888
432355139
568723563
545937983
568239906
988718471
963822003
233181674
522736299
353953956
324528599
875293701
654588087
832963496
934381212
438073837
152377211
595639478
399187565
309207184
658628935
952935464
475096644
96164208
447257150
808690370
612916212
628533536
141043587
653658355
854483975
344079877
17209422
220788599
182469740
564377170
104274277
264518485
466078758
238356101
937373842
45098299
825039284
903192830
956114350
231706606
259930680
207157806
509908280
773941048
812387760
878626212
575087947
841401750
5967038
381786819
208744602
515444498
370484245
160820583
592910961
454220661
246956246
754699164
337649089
210977816
274010028
307976406
254702019
872628062
957325686
536101707
408618069
188380403
828022658
115359288
892239051
201971227
11426410
31515186
229559366
647229185
487964319
971042918
662955070
283353015
60734859
836489313
438357507
329176871
762854466
135402846
490248508
669919510
141880800
672240337
846589298
573087835
646601516
757710701
70313193
850104054
61699529
706534555
993243417
491762240
655142884
8283967
180157705
77689788
401887641
545570696
391277581
881652404
380177647
667693914
660862599
214598511
680919404
454124809
854873378
285859981
103357927
504757621
460762325
947052067
934267720
795859013
315256397
273056778
102589272
145836461
778669145
548285300
671877471
571896747
191939256
866551953
162242323
377127989
336805818
110705483
106622680
532008150
682573353
412123070
843364664
152689363
363652670
956514655
640701695
139044735
340750963
332645803
571333141
933580825
414598102
470836751
660272385
972718457
792251323
511360698
939541756
892019346
548486659
932773003
152081327
73647127
445831069
562736098
245415139
137299403
151836606
828396153
640054873
592570201
590611952
904246831
401242195
301905120
110967274
605961959
264529487
6433057
527846660
78924785
619772905
590719626
491081778
33359718
537731873
342646025
561461894
632146576
477293298
19068356
824064002
645748591
9333202
86771063
338726785
693082759
211195182
399857943
605385105
355997290
916310067
961973765
957753770
686691813
817622110
46991804
853133743
600538112
729401590
162141348
633423150
963043636
726049375
98777967
29711552
105013487
633610379
34120420
52752210
867432156
445713938
444063280
820395072
695119513
786143636
630255876
926726034
55559933
799558903
640292454
738253366
132773556
240858986
224252713
50562947
715926979
767982153
4287119
30618212
473170136
885653388
4268960
380893778
156573851
905960872
902755689
464240817
617622037
777164131
860308549
773243440
484573441
935877520
563019805
533184337
481389354
533681881
562840629
455827041
386631844
829231560
127147494
679460943
853603575
331234684
182628772
708020119
507932627
537159532
619828183
596283553
436312199
856495973
223369308
972570573
76517470
317492568
331519863
567835298
833082957
895266028
891501508
602142063
865005445
645176732
141295052
414254542
335972451
748204405
22228329
603794068
857039497
276510894
262078220
22772693
395034967
813279997
660916831
99463690
338380215
993650798
409728836
991152115
377245536
871837941
438855655
456839846
121021661
943973236
135706593
545969074
828516232
449581054
147815725
314308378
129131927
872052811
358487639
94943356
671913982
548413911
654469993
227869441
459095969
201961912
572345515
729084361
679211270
875770645
704220342
277256814
812512172
849104080
313841594
43676851
656763614
631564746
954374810
571345597
995233099
981262854
44060582
796516523
429670417
79948913
559937165
83747168
366592863
315495176
611229089
488984639
971042918
228979418
179151543
991690686
801045602
171346028
230819991
647821822
235119509
948419990
245534574
721096423
616786758
412798623
665064900
889692904
473419926
808915153
715740700
868014768
554950695
392627468
65970694
470549
908185713
190723549
633368621
168721373
374642484
885443015
355798291
929360210
650735010
170247254
231361611
555214744
360985191
265539139
396858252
552757377
758851332
705595808
471745262
786747023
386564859
223420520
895853613
31936528
574688975
716459930
695829393
506686966
683169773
147857930
510674616
898876812
180018904
427943654
602747801
592248406
965898495
907571527
83057077
875536421
535865815
919242271
535573475
166167179
114277869
265386200
219935198
300447986
335000836
876064977
709346046
24036055
741468439
18593404
871235707
788158576
782310289
266019179
807559166
12913944
590675838
48879608
679585713
489690394
603411966
626134007
799756047
506386558
47288185
994403255
556428815
230283425
793184400
509598449
672251801
681641239
575439893
983501946
17240500
127002074
672460122
895542817
87878863
441290092
292915204
516531083
837260049
90638899
112202944
906808220
797416551
9827468
121429742
919088688
606982757
468134126
978875195
530929871
704182918
232310422
446852559
566399411
8591669
943874346
252854028
417887448
239640229
859668430
789026932
551175903
643026863
222283227
975934199
123222705
495723476
828216652
982864291
911871255
329560881
963274280
989423068
474493841
748135964
917214761
331534820
275274668
926826763
13895534
957357390
373294750
854141068
740028246
649812309
893100840
335738695
63126112
82488671
993463898
726684637
456387976
692274870
153201762
865974167
968428440
608155623
807064486
628904143
498190566
480092574
680300522
949272124
371002798
630028510
999156573
431529822
238341676
734800910
623665259
642099725
623668293
423333030
805433358
896177685
192919197
357532423
443715044
622058067
244003901
105834916
9307786
207826244
107067713
641555994
1510976
88227141
393525328
613432325
40090421
195347351
803599091
600365229
16185911
673737486
264848875
403053424
348750618
926752621
825728027
141543239
550009464
827886677
93900799
944509491
817047252
824688907
413980736
667039759
205168534
587143894
376565867
799456690
814752591
772458802
61000388
519029336
753341910
649256166
66027344
475309703
730968292
795482052
254380200
54421657
587834693
514530518
910810734
347194413
553734326
637429106
847272797
480088678
480019842
715367890
929107181
593268770
858579015
144997683
440476076
158369788
617572960
986214689
463443169
760409805
539123008
65302738
561057682
268195316
988777160
925406947
161155836
875436385
727140168
33180116
822198066
877295105
248322062
137376555
89057291
601476004
241021893
699739081
926619645
255635899
80255610
32517102
563644470
612336464
893232125
241553283
981680486
823624047
662924916
726726867
341524316
515505414
363596885
407432706
261391440
720345217
334005494
179009942
271613553
897229504
579822771
75397764
617840348
567261203
867796886
616650363
154657835
481843609
638259734
372735744
983077923
891467572
93712750
768686273
614265900
549525914
447006835
270726842
279559065
185106616
458178699
191649801
677357606
175674650
903407525
811273597
53763659
466129740
819242692
649538576
187212426
849610809
318884855
685592290
411223000
596823991
946077584
712365803
939491959
249223540
475228358
906567790
138848644
755443556
195720133
218890222
785040337
154968529
965670830
357585755
869016260
116270338
467053657
663129915
766377681
466220176
329569992
902912850
939947068
59482360
271665653
426923776
451091000
777628422
818059852
236060440
577347006
910217859
736932846
102177978
202741996
303343055
142885691
251208744
908974543
686609195
73764668
902343195
574564924
843525597
43363044
108820189
552081174
731323648
397943759
549280884
440018707
947261428
943206126
659698436
911680325
211174848
457208241
867778091
298760712
101428875
97472584
619701153
248798535
633889199
361260617
358210976
373539624
37394429
435366993
981028785
469499856
439672455
658083055
806580141
792175452
244617420
870064535
272837562
693859286
586563140
493780479
148444861
352764034
469854350
414210550
931047703
218788173
483551576
936896884
707983932
532175671
268324215
646199659
284165189
587748421
17148398
857589604
599787154
416288340
40955817
176832120
97843062
67575457
970963714
966791859
933345686
433874862
790198964
759116915
482382564
188607362
30491719
953839906
544933989
677548968
146975477
647404018
640459868
743999593
543241683
302453565
880789589
593566267
152779071
818452320
245282035
205621950
825515364
759906489
927018175
867134057
526922531
734112155
325289264
683449922
618104889
242378288
681478036
292436851
14146188
718606780
680578514
582341750
807396870
368977320
241473517
643763868
15882384
823911953
42627026
486801415
324176503
644544878
604464686
863105992
367089272
697474150
159307446
704679458
707136074
376219635
346723809
609797207
992066751
914506084
203377245
862151874
873272488
148009541
604088057
508105904
615846252
698107148
455537901
780458533
457981196
920099552
494467776
585660946
426983526
275616475
600161494
240953281
112330632
106858053
587122943
114880603
916013145
486271295
314532673
657793876
985213793
806160978
443969207
654532469
197772498
249667550
779855764
523943642
353673779
86823743
862953846
664396873
863951720
725544457
19165167
823914285
612514893
288849319
662691376
238703206
380606545
408067113
471676447
679706897
465236767
306811566
270980792
298257422
76105565
908905004
866084587
816738818
589178659
389810762
890027765
570444664
492952669
459801194
139529735
65525513
372596009
236578921
241682427
970396578
670649481
574511202
364590896
355603183
413455421
660724315
752989795
678811471
464120174
756136853
44714661
204949980
707779349
229275039
613483840
638581080
980708885
513691460
154903462
707404051
581564441
249736764
154496426
674749487
217930748
557947285
601122142
90593763
209015004
846913635
180850358
28475693
982356671
433756532
640060875
507239669
614733134
824390274
483505000
688275688
362011942
656185163
867796886
753925721
691850584
826508614
81792922
672236230
575394795
415879268
880115707
368353059
307971680
608346788
582814204
487023875
513868441
903937580
328054946
438328116
853002796
593292073
466078758
958936693
297332595
318733161
961583863
900116084
972419246
179112296
887006529
227019719
640443433
905080170
151780276
435460357
33593302
150562306
651671581
639485690
224020633
586972677
617083555
47035482
982539749
275298041
223500743
459247902
37132332
527360666
633929382
892127678
284496757
236573318
804972299
411038421
235913315
740950213
684411964
911457109
378954693
196298226
726076208
371364514
246259013
821781709
205829344
848637475
504531844
545943605
144043396
690090650
592274375
714982977
650264187
89279471
118254682
734280891
133536470
667864533
750172638
74223129
389066810
941958899
71374998
690702143
914557276
611335748
280160210
285150270
159471344
114834415
456402324
218827606
834280784
877680921
185860539
959780412
485404780
986329944
632250298
366891922
154896961
472704290
731202979
489763430
654726286
547101364
605015490
420511351
414349332
144129070
969793147
702795660
199549818
38633552
762067593
627570425
842831566
673139569
197928756
362333213
828890333
947379218
412095433
629778837
300638634
961155265
414598102
288722716
795944503
376602760
390595012
401270207
569984517
622660825
185579000
894031318
35754812
77494936
584408303
55153873
554391723
263310493
148172253
788766210
208823536
812499174
338902094
492554623
734427632
558469931
700858809
630996046
777961387
644223888
770516289
681467786
5484901
963287324
359638101
340327637
206895192
703570836
237809898
627303805
280871543
455924740
951273308
314458908
236778720
737938848
843202576
281277096
930277321
711475653
775150724
843710393
397618385
748930792
150164810
258733904
717466416
229016026
834042289
681722745
543532151
423372566
171147697
321508583
165350227
665171343
123424668
244980262
585178694
67790227
158814337
662423795
116736359
745506547
775234799
617162964
967973
346046698
151154195
487621574
472086306
971031662
356324559
819900904
270440402
2916522
807284636
765504288
79688401
139553178
966474335
463143792
890050214
323164123
129455244
944514619
454076824
384388688
698187
996689078
740288041
435967633
777630522
958043610
802145336
662361604
604457627
773640697
589382134
4452687
907705165
253330425
638274352
552488259
360455391
934724227
481392745
682454595
310725600
928843059
57909883
495883681
617667722
464402972
70455967
245439030
24911052
317800448
578198069
924657468
876087755
829992817
218030012
285094286
498498331
491077706
811009232
956617578
898459
491694065
661778976
926902029
733820671
810631413
918434849
853855080
598751168
663538968
74639963
978759544
670661430
923497080
709028477
680221550
150786100
57585231
293060935
398760096
686438128
613654233
303652018
907087431
473601559
502567883
363595891
673462752
806515525
381943529
558412747
307457742
501251095
880731858
158387672
855915731
574877516
271070366
400973888
412812482
955970439
535814601
327126345
879089392
204259765
729033696
468777357
491293487
416644667
941248954
84964597
647384270
770629724
879473687
798418002
503362470
459122485
161164765
514424385
702740672
153673947
284787336
396506829
320018212
556896757
562335094
96188886
983449207
579956342
626559517
955826823
813082232
288672000
545264530
571676205
704057855
526377988
103884864
35716402
316510209
216518512
241158473
463255727
657928324
522472671
913420993
649940630
448692712
32409193
634081988
298266376
161537501
19931675
170996218
86514333
29281860
506731541
503019385
834760755
558993742
857168205
715097831
394030841
803935024
837075906
472016682
577367376
593987900
111347734
859922103
561474504
51881011
109298667
110758091
645130736
879567340
882304623
712266649
426639437
215084131
908832692
338211154
140199700
493319891
992768537
540718478
428288614
81204168
697054761
676372561
777127492
35790585
571581153
189413854
917124751
704650976
842508464
793759936
316352971
50790800
632039854
905801557
691169345
922176413
369839954
24754406
759702099
945613968
719788235
670652016
721336985
86246974
651716442
553963524
510789855
691397216
574512583
999875949
210289889
276684274
605007406
972124249
638960040
79674366
180907157
629699846
739759889
984411745
348586018
806756442
130898036
769471149
856180588
92743949
930896908
216456481
919613696
21490874
805287819
719748888
698087806
638720619
853732266
378206750
4222860
145359331
695416391
497937045
771909266
466161590
266395553
132419422
92273782
487272882
311606739
414173789
687915169
917195094
650839748
150590156
266414911
805351
259560196
636891064
175594695
937712008
785171594
611552433
430249383
880593888
834707665
602484620
790923458
710659347
344837283
272358901
626594932
114712078
924884272
657091253
908576538
696571602
952041431
698760924
533268930
764247958
786602151
113566100
355559378
822470834
985038127
182580444
118824742
398536032
532241545
610543135
874077609
155931080
881246028
114795606
806941552
462632387
86330657
903818403
258552288
921674401
753574658
903658303
629981102
697004797
352401181
838262046
603349817
571791296
58953506
618078088
365164045
330812074
520171520
923972043
758958980
517473609
793718168
285988068
672488466
563809235
298305867
562724597
658099834
931712816
291448442
837536159
390529790
699046040
162654439
439123273
572867609
937239170
459744592
561244186
373546168
965388596
927890145
665858112
133787721
552305073
79171731
121567804
156246556
185448056
170701927
765647532
519273053
491049518
804715231
477466855
152962375
918464871
451459547
495459878
745560001
785484261
751580835
717870014
716446952
46425363
157926292
50963002
908976426
507897776
729123859
305248739
67575457
557858256
619385644
38035150
128481207
757487763
96103866
544379928
644358643
65343955
400926776
835648336
61062430
32382522
921071804
463314078
980979926
485057675
895071283
512840603
883984119
514878578
721432199
552057679
662207298
49562285
861161058
444891583
128871636
499395688
206060548
695508650
412955664
475162554
763379057
990390045
156851219
154256682
704295294
677964441
858706777
646624163
826190653
838355816
410841689
773960499
666189996
7471949
947442965
12252893
31083192
551690907
90906675
6748999
630955933
282241686
603497936
86513940
614249402
341110550
903681581
147499505
84665738
31972476
511323182
157371433
540348290
818711352
35709521
240545110
200622889
834483963
496062666
227778856
133174172
204049699
648179706
962196486
185139144
306701501
289836810
514609473
722247760
383642314
968783024
870836870
49900524
497641409
297931202
820484407
766833338
567163149
787083726
185256215
132222000
574142726
244066747
985046146
12037172
351444458
430601256
640114166
364844065
23049800
135867715
124656546
23759297
384818362
237240229
134342063
47633098
388110003
469965316
852895430
602208571
905266819
801252996
365207620
620714195
460329076
87820160
470897294
460356894
500307022
743940946
601553661
708419058
429233877
992931734
229276176
857400661
54168502
511166228
317138485
227680401
472913604
770951771
584739672
401125455
938886013
275030673
279759367
254950609
595260197
941582942
675484601
426689586
73067049
180439764
223903380
354021788
573026566
848992904
599525606
189859740
383419218
704234980
214598511
855152623
451277247
558965855
644329338
733343098
872449320
306176022
104353160
921181398
127336767
778443746
997309053
470895951
454497173
946063809
926347448
96780036
516815115
704476813
175056166
412969817
613351636
652526009
331636167
990450913
311669530
267827150
976253718
194601267
896035008
44182457
921611561
66473586
34802680
33384198
558680922
291798561
994448168
17658835
309051625
948492684
68159796
638696999
591271423
733326762
793412250
683333165
662075024
890279011
526668632
972897036
289670333
559580928
492482526
718110964
459308233
511915195
467011762
148404694
119954172
520171520
386995894
4309917
858609176
271754262
199988736
339305035
528126845
867339721
121409430
594134462
210856969
801936791
543933269
310071606
695589211
208027785
962811656
949675814
228134549
189232935
597192923
490174167
478146946
202732078
498177781
91881995
836327089
318354592
121125889
130008764
149593562
812872086
239541674
439446157
761483411
810528602
930295703
799808514
898941254
793662220
923755265
866410682
223963402
395681723
603988385
384728869
952887449
288230030
230233227
134283512
892404647
840130528
297449764
623347739
257428532
210435692
591342991
573845203
998734299
910703958
965031596
125234082
466108279
319460111
455454529
154166664
336019306
213302710
489047739
894433548
898459
411843653
537321331
117765787
843574007
218215478
246827062
198893038
911842607
762533012
44493434
967362745
684861865
530000311
833052593
559054437
17296073
510042688
608332048
658365673
665728863
700922372
464914635
507670529
816508462
345650225
310355114
149271149
40288879
506016593
887311288
264897628
704901747
532934138
472982972
760671444
566071277
684174737
219033543
163566879
879174913
47988901
734014578
587711037
481654432
31444935
525016282
884118902
393844817
534286348
797037421
637889465
386364011
396631412
435591911
209692557
435769871
391695287
969812565
258868237
582975744
342919590
465260572
401476077
198587941
549434143
944766133
18418474
753925721
424675227
548002104
139260914
683818702
860436957
675992809
17504694
433089386
182732972
790740724
492657512
978133169
428024196
908836147
350167618
792712429
497585658
571552136
281136500
19792082
447563115
221559847
460210720
238047162
730078954
691295354
937130479
959063483
170014256
994246263
717389706
626786336
323019335
711475653
482333488
135867715
170234281
661778976
375441032
621923515
292888500
769933043
980958539
986019946
374751139
337744969
505958596
517920081
544887183
104142879
379919793
909127292
948229858
941176452
751194724
602434578
124179049
479851816
581975067
751373102
103302010
385196979
900317901
559410596
161198201
901600631
715012818
822844707
662301583
777636103
715012818
467390169
783395754
733472537
670457671
206052451
788897645
329998284
331914574
232379750
608478799
331847992
375292949
399768848
880176217
662978581
300437149
104926975
976767980
850218112
605333269
459568022
861336009
220523574
222992321
561663581
642033640
48500418
171765219
983910040
157334163
248355232
251954677
669759203
185333977
53646290
393243522
664278536
872467024
446726242
248466071
472633908
501889175
253280015
440857151
663748895
197962776
726379920
53715452
694236546
344912075
626512323
623951265
650230525
850814886
942668212
146640308
245033157
383873003
972033629
284332631
196577456
829452724
281015385
999353876
266461380
696024923
341190399
227152636
468659812
756752580
841120063
364441764
947500314
802444569
901428307
35064017
450742680
64337164
99454409
554149672
751636228
744636364
672953543
674062157
808224010
160413856
798159915
547349486
610947831
364253135
739564264
702535244
734138642
897895543
226752998
179743536
329092259
627577924
100355826
732476915
539226192
448631957
132512103
863693908
493296081
135177816
49769849
609295735
305379001
5583484
397958390
357802215
965566483
430766872
625825892
587894090
947166698
495181251
70581572
486594964
379915389
375781898
212128214
623535613
467531569
183599304
268252154
16314386
123160004
112739331
543599689
482613025
666636991
926875947
470109398
661790516
59291382
280916005
465517284
293025455
144129070
910578584
784578102
827142921
314458908
324703291
950091424
138982852
8903788
623505551
635568221
121176427
953931828
586518194
771615864
680493562
602839943
948145820
348542145
644462538
512612457
774876831
673370356
540193615
2093220
557977691
752355023
333049554
252629701
405942172
407833343
938273295
343435936
90966894
954311469
611383111
117300168
68630767
584605822
112237943
110119776
261280686
751324393
309498098
170904477
793551077
923699334
126554622
36129590
147956023
200381357
651645266
220172644
248809114
946234087
544630342
962194418
64958082
443599469
183207761
123389081
102708990
229491577
665439941
588044012
887296781
322408861
836466412
401225967
536732187
636132082
711364595
269252187
206617141
272543373
33009023
494235709
874581444
191535445
468452435
401366846
185037472
980615968
652838495
377434796
699796611
698719923
562191800
933706577
736114181
769301165
984867040
1403151
46135895
179955525
531912333
962112954
827397848
128213682
22766750
108334923
468209245
100876018
401555040
262662255
531725615
805797700
440929013
57907270
667946370
297961541
105806987
618392745
531583244
149688661
4454055
679502813
566067380
614021257
706150459
563129009
930941195
634047532
102530237
672505770
542751114
456874419
46921626
936415495
320298451
735277397
910199999
187614261
81844209
409532249
928608826
379788422
72088661
462213986
106211417
243159953
428790208
556678266
885037488
44702297
108103603
921329864
440028462
615738434
474073905
934642866
590949444
524189708
45432203
42354656
355634069
112236582
718239668
947216284
251441523
119395905
298011902
158137613
644556272
938386093
492224713
675902107
128866965
520284138
101562721
478739632
354071846
575482687
823164404
783956732
350929359
573917171
368829315
954198085
263852297
973226559
54620784
38447909
757765579
795573059
815607413
614318728
273250438
943914893
102168869
530986594
310533211
284165189
944696687
960349218
654332504
462720375
319731852
485460108
192425475
771312586
945449500
982071912
198299598
109399389
772909589
81217927
352042299
173885234
213736487
806246608
534422406
739588658
566573770
696903297
986900294
542430946
627319469
394223454
178892467
374501276
883628106
958779520
879302420
484684004
685127230
53744256
347742112
376093621
86208156
122282661
773798407
92653142
858801
633924725
837145853
752505031
970038654
233071156
152451229
563392958
95995611
672791118
243177066
160605075
628877182
264374729
33270824
322868567
835249822
797916745
289622977
281653687
548350204
979094290
990971475
199369628
672551888
30183671
281162499
803882935
717777588
392600052
569728371
675760713
757236452
545466186
65183775
647269722
404964010
540666655
88128509
613418775
180159740
148396492
861779680
164965134
121609605
807429603
888111133
411107250
90554556
950137606
476173568
53140076
797351903
909673212
637892604
898659920
160790516
686609195
452413843
259525246
836156372
898526867
330692320
750719411
225067174
810159459
465235759
336662422
483197347
967899575
455256277
819042150
583366625
975372317
374970629
256211348
519698207
715978074
540381584
504711941
370725062
895100201
938774748
376553474
878969655
231836135
922767768
751624580
3289234
80018872
108669244
478922500
288513971
876641649
643927063
651102523
101912126
772649128
388823082
947746898
73761527
50046276
181951142
37069121
719991219
123883717
225760603
270920993
300003201
562388721
132191868
974005000
640300990
13113799
322581491
220523574
46299665
404433126
709052286
171777158
527615539
669535143
828490987
155309652
472266218
344243016
203986810
352510678
482220715
66473586
288553129
275024420
712118210
578233053
957085719
662597431
980318869
425370607
719529636
432522547
879152732
18628144
538919450
502471896
796929376
158500178
779011438
555618073
938636893
13554321
63608828
591661544
432067763
411730037
818466899
678206354
891976666
732800849
858108959
639910784
344716182
568558254
344072371
883792188
878982820
476385439
126731529
278003962
594595426
213947960
327473978
277167191
702762568
800525178
504747397
466267011
553052372
303428080
500610223
23862051
722941016
492771621
774174355
952838963
977617232
402527539
283710358
265732438
810201571
284854854
532486212
139775262
409233024
939949381
611373923
29530702
419147873
918491238
477222421
525196074
849479098
660976515
997921188
111262621
690827539
466918370
736448901
550211019
114126065
909758458
227710896
62165152
794864869
131843438
106419139
40628372
70211647
493209773
814846548
68127916
884410045
789486520
526506848
506016593
98418020
953608556
590116483
947313127
794152667
562443381
344550913
234487017
215331258
217504881
747716666
328004523
538056408
12564339
572239904
883762230
111487730
362114051
723796334
166489980
483279526
116366779
52900718
142527840
850618417
423656296
908249241
420259594
204121897
412617051
810129041
585309251
443791140
9047178
805017739
579778809
234445615
470004852
221714767
178490513
383842384
565568243
72844801
725743901
419483338
991358845
481688676
253628215
129046025
931983723
421138667
772613950
479667749
368592710
975464291
457109519
636564067
656489274
781825552
426948529
453217898
236075331
517526867
751190410
265534928
702445290
186663921
157500382
437187022
529120778
138778568
556156951
418094531
409998065
288337125
676074053
365742728
512526492
621811239
250515811
953803276
600079224
799771713
383822369
240634410
774655169
366739037
167558621
589949593
483931511
561148945
340933675
674057751
541855871
383698130
671515956
453613634
690061702
464112370
329602422
478291752
55308549
567610954
474958876
554244955
79097973
931690037
578754452
2580598
866889186
228664516
700232947
705778311
91871589
379986800
122298810
364563700
776733507
621570479
69236381
9811191
938576650
753473012
385334036
83535624
848457503
875392320
748988254
194560188
961913414
345240116
770901954
86733012
82507233
597136216
77320635
572141317
785258602
138848644
656621096
921124055
799640225
221199779
577633095
76945564
281638309
248486020
270896412
356505210
238862548
318848732
889984918
326836385
389301793
35708286
426227578
609685253
975533508
338793346
297466378
529023503
373687912
995527378
198746326
176772502
936370425
586917170
88969606
992613376
396995331
291046306
569413282
239829060
254037142
609486278
765809976
68079517
881175945
155921931
888101931
438233834
796506337
235394489
22574408
763948999
173596551
172928813
705386950
456948433
7804991
900075974
653113783
87320060
784680121
819356849
688154409
992828199
725928338
956212573
980068780
990020582
538295430
463512968
248866048
245616347
607901216
381760380
761037575
272059906
761989598
297097975
988103027
332908446
120161209
744137705
823239936
195856936
302147934
641890902
178520362
233925971
641152516
802347095
592117732
280139046
264397226
499336126
447365912
559729464
611248660
689450231
639567638
157179693
360093907
901455414
232430476
646151812
656161441
226858945
873825199
640536063
142753814
996824892
735317412
198175863
308871231
641765263
320645499
251842561
499005099
282358363
418827930
610030183
288180349
684596470
559560048
181563640
952743698
709719767
776230996
767852048
148783143
668489262
559611085
445295507
327399197
752566113
826877213
121319068
935948119
203008440
79612266
250324397
41669045
450083062
743153138
906145117
452673937
988652692
898284865
150605638
288168068
826689409
838837451
945791390
245599144
636653823
38069006
129577029
158190939
178765625
826602304
594289251
223469212
732194802
109711041
367553612
233442685
721284841
235104258
472764702
802705873
892797836
211473600
165718947
421440557
162116007
912233118
677148406
358087825
250803523
129261026
630421127
492986447
749081016
821302508
847759109
724728391
228317988
124686681
754593841
720028788
745707368
767059570
593751288
843760129
404198647
609299975
682764771
236941518
770188946
199310449
921731959
741226008
740792036
711740955
438228916
225832194
206060548
9418658
431607575
961693617
329117249
762563615
774583941
82314306
990683664
200693227
807573029
808975990
37986044
171799635
732885861
708249889
765606856
667562554
998643710
116682036
747623633
909149543
35448522
904212091
110314388
258601047
609182461
203357875
111932707
948095195
65305225
427139839
489988460
754392347
869740617
608590046
464553513
971165898
540638879
29030797
850886520
735639763
286016436
351258775
388445796
945413036
391741781
282304255
72745927
311839066
350471978
178087551
766327033
122284401
357476452
700282603
638639681
667287954
973669904
967530229
348367290
660171068
971275609
840197111
853839229
835739055
402050674
203937593
213867221
963999891
961265345
379009803
808216559
144026107
489218695
715146071
12768346
304042886
423174979
82262128
256810497
397152890
760793991
29700989
233948522
530314509
740963996
124768755
412033597
41666787
709637000
117892796
322339309
228329048
492139752
176963951
651551323
972402973
468563815
973769803
259524868
409021816
631638136
820558631
333232184
193654596
88852452
585176272
394598363
10805625
7970621
384543945
688498649
566717374
947418123
189284971
742926000
864236524
41569980
733013202
715082586
313586042
502081574
573804353
562749815
205651017
16774400
972585732
194007278
618727820
85726432
178755981
523899323
29474292
740832523
725207206
268678954
402432522
472253383
437340740
130052302
883342287
817715761
580317134
841269838
461685219
238421681
269719223
165999872
614926855
1863606
795860158
946100204
420143187
887938379
68018567
581904872
54851744
595974566
215261276
570857197
212585880
337100257
688385260
373816035
492177021
15268523
412497840
697558172
365742728
899728372
858516254
771876339
253687287
599358148
422264059
766492437
912929458
820916031
546027162
459813763
377535159
271702366
59431859
680287129
360002839
588296514
606189459
105058291
596668387
20940974
867680547
542845312
935158770
437767850
216037485
774452456
450740194
100622499
261977928
860868930
991465557
729610107
975799997
740832523
749107021
765321044
50803807
165737248
682887694
277367786
251202915
364332478
417057643
722124169
915937187
76702975
21873033
786264575
427081296
375954955
464483018
900838395
187544494
901962236
327433577
689164184
698044950
167562734
239541674
774649482
551690907
128802163
403507203
785741985
408509847
718568803
729741831
918758457
873006903
288907619
787350106
128788705
241147320
875846742
896027737
882161121
407814530
928722733
928728579
852516164
486152483
394079966
324594703
148682442
281703696
709866643
358149529
966899465
587159642
931347481
774895377
878089621
95348992
605210495
30982251
989847512
905625117
480745078
156423682
779001177
248675776
611721064
558202224
77302837
649132020
194447790
135878645
959330030
406198356
410279228
771705438
975148980
603015620
396725639
972978169
33461839
289909591
108451527
873574871
45677854
891323711
847809147
754206022
362885279
827712830
104654145
518980309
201023312
740977555
102438129
520130276
283088151
929124976
391231033
787916017
964425315
50179248
725967359
307828584
532117660
430511393
194700059
376316459
653270692
29979092
115298360
958990997
698601198
833577058
950070335
226822937
779898775
188227749
3859257
426813844
204131339
739216373
432231032
208595872
207347094
130592630
849458675
375331699
516107795
435405129
672591565
503881198
659329210
508948032
381692141
165498888
336997848
818468492
351517278
609771117
31057300
381015879
100316184
252693684
794565058
969651555
623672184
244327444
238407552
681984319
904816465
752750650
662989553
690493700
821071792
69628246
288016586
536857181
613507571
904813287
895476204
347294517
278531336
618591312
56086712
138697594
667638669
779354950
34684731
888161055
508189305
713667605
334588779
244600241
393660150
376013456
202128663
594676677
119078693
492322726
534129489
412542755
336228163
994652565
927429259
74450155
849587232
650073219
761715185
260165299
820862455
732550205
13343928
618969332
572105401
520177765
672328709
43966907
603320469
2133045
308168926
782185428
642737823
876734820
282355255
268374884
207540674
415247545
225635881
818071669
807804669
272915661
602291309
794248493
692400463
283570129
340588753
749201236
877288837
544814415
570901559
817210069
428728791
778485046
75954548
415226652
9861101
447727531
87384273
720309940
710410072
227268180
644414903
16235021
185866074
457648688
186968113
734521258
513654880
465663098
876451422
89870369
668356779
894158209
528202876
801858357
383742727
169638637
126813382
319550566
402172643
952314889
105338511
649286517
177781005
272382837
838347360
844186429
345542010
149109515
272482679
102875756
818896542
482980899
291600583
563805428
307048433
652088606
899872013
81886758
530399443
37810548
115960039
989065274
409669335
61176406
680479305
283675949
581450552
510602319
493850388
251204652
169726425
336048629
261025251
417812816
580072822
301902298
40795233
81991278
602194161
629183660
909933403
182306278
79475690
70198145
282899190
699331220
973759652
161270177
485265692
964078963
364854493
931529134
319996941
908043689
937275153
817150926
500378855
303126945
423801929
111799236
463267322
512051453
377570374
547721354
251181807
702220057
651740724
583900540
318465994
767847641
83225612
609690956
297501334
421875554
212583553
217922790
927157922
380986278
121305058
890574152
316939304
90349123
74127003
976407009
37436684
826360983
486287489
327042612
117973029
476566915
11225010
580715912
744574850
563159184
822642405
199320772
368934095
771374288
274769329
4179075
792071973
349357098
700368620
942106317
10858354
332315554
706307170
594971235
404144216
452961033
615399877
674205003
369022157
319175647
623826370
796470779
816351782
607661290
853376451
799115899
234803230
129146613
149378254
860810930
669535596
160752849
115021559
69158325
497530142
980318869
36104681
437054082
312866773
840536876
160805504
567202573
288801197
92699701
186577652
505742740
725010692
965192951
850180117
522688833
548520948
236089582
483494415
311232631
270364787
746061749
395782386
364033986
496069864
546082543
56982196
526733578
942982824
371955345
633888682
475588431
650137652
442282965
771812754
418000572
516384519
337473953
982967427
470460218
288980428
742068882
140485122
212097649
688343188
378114326
9184630
249633484
560051897
219612665
515629216
990967750
61412303
670584700
580275482
379866834
574744403
587218035
173390597
710299846
383765272
124782852
309306406
937074105
627460055
249413444
222394164
383896619
241583172
891352470
904426727
225647316
138477105
670661430
751427037
211605451
519502443
462644732
934953596
455048164
804259223
460129010
829764579
631317955
439660619
116359689
145548641
190011327
299444411
698352648
32055384
518176800
432014229
574918082
82186242
201933992
609736020
822389602
73628680
582077842
173982377
889020511
577764806
451304001
202045766
388954756
135569952
876579104
691046280
687102110
411193469
314772382
660724315
157471811
600291521
218863626
739948389
905230753
230681172
297315459
812381129
384392010
75009245
878108454
75947900
38828688
771119539
364624151
666641668
533275292
391448713
39209451
926247692
542108380
379612662
461915717
290649973
574216695
423172880
670743524
796572286
817210069
561674353
500438462
210790943
665498689
6827289
93629942
461307782
242848626
357148594
902012534
709458856
59932643
471437085
525910957
310081386
390269817
125406045
714933345
923174415
952517484
829236064
333395124
20127034
463734618
54250512
207489817
158263154
225075870
460195135
399576985
188771815
224592346
663163498
557292728
252629701
920243327
979740416
699174247
280359111
119993011
302238216
57962823
208162854
369192571
287522181
520465707
706388062
386576534
70321154
655659758
164027042
715190779
896041712
272469054
997721852
962178367
283646261
121502636
19690119
707803242
930263621
744497568
555623081
620208512
844622927
48501355
646151812
200989374
273029294
468378056
361015714
9503695
121463198
198548426
554149672
707684849
886005405
52400360
513860541
971964353
123432510
203987436
729320920
285253336
170572830
277037789
957544752
492136482
613309746
169777320
837405345
274133675
663362187
182969514
440221911
937860452
61756457
872234883
382851590
26891078
198271469
204785724
141671301
404794465
517010170
391488577
534761817
552639873
971267989
522116423
42460119
923992992
477876412
305521311
510457536
209999743
442310957
202541288
541047700
313853382
519087658
841827171
682798186
372848122
332896265
83249337
292336320
184012431
848284125
986360720
970263866
874073428
603061444
597629594
979960606
28999524
651316082
508105904
452569408
614580760
596830514
657547286
243163790
324788658
26092452
62835673
952089858
101637870
45685486
148616283
22360785
809977427
811053112
11843561
31209294
890132110
191933648
263021868
824143597
751866560
911617396
626520366
65028561
981980525
986340078
247697809
883569395
667689096
403445436
678515642
45810777
11585789
635301945
304202481
119144372
774649486
378640862
374053374
816318470
548927534
784188658
415585459
19519213
333288534
455206123
661317465
923643938
978461894
900762350
119657475
741258604
766388159
647384270
668637253
134564380
507660738
730945427
791816959
388902017
227478542
673014108
99443544
327106195
503436458
324941727
688028184
725250271
29662834
300778115
403349496
345032889
711295744
153192498
304454013
264023521
149378779
94432905
755165655
428829994
748621946
486928482
156504132
395957222
2289257
697128039
210904256
193805281
423445676
369709350
751131633
744985665
280635788
980178699
220255597
98499159
134659729
147394036
944900115
152622807
68599285
662362106
680283295
715415611
669508411
375415469
508603440
713340039
997963801
604326607
607615989
671003767
103459305
76367244
753262572
928692545
999619229
191720152
709921887
516513592
842831566
945399510
962653706
385387395
262515874
14668795
161337651
636991678
773431906
934656531
888397669
156688848
385007207
655152838
903335346
58192825
786456268
97501397
551713749
215020388
95984352
529371054
976854868
218446947
147157853
726058707
236626895
956304829
712688387
698780701
239553908
474032824
321311920
436138360
339801913
206023276
471833760
745840975
221714767
121802471
51364771
891674488
285842122
414329913
673600509
723373948
583683837
281653687
194979863
383118932
128598332
112352826
259067336
655579340
386985013
266308506
405160444
626473134
636083910
144884503
99338843
234905226
964617851
635664703
134280690
760220306
372894158
179830102
379754474
178055938
624002250
952387925
318990355
393096670
548345641
624387477
800677926
866848222
397443472
838476610
940555520
249997603
342220035
921696439
142250583
716238672
807574430
130276469
426392280
387134165
667200435
833589798
786293864
999777836
185838145
983344037
655878291
581235474
500356818
851929823
639418855
823271492
559323522
157313505
745998952
265082654
456890048
204465683
257302509
342661863
330403773
965611456
183798829
205324345
493499452
312276636
732116854
540193615
674503250
254808870
400979221
856236811
288340720
702464963
982788499
740244740
123439680
881440642
614702532
987246880
403535140
290820097
458864775
389398012
377513926
992844654
632282746
84831838
881510532
722834940
276441804
607367322
959707838
122168058
707010173
317053899
517731982
551835430
877874703
755996398
355195937
777271060
502033942
17462913
23631519
904298575
938761030
158041200
873092525
206371331
760034308
43331891
872704582
58362034
892169122
585295636
979201379
182937428
246521517
737849988
784105841
618592174
496034221
459182803
70161525
558813468
911789900
355384774
252555955
335769802
922632519
468352500
861222427
832136928
517530236
330523501
894073164
846775408
613744263
470478010
365472884
191875744
286415697
805878679
9146549
753370802
981121580
420928979
921487868
588912239
181358766
963443397
540450149
302629607
331251056
274133675
531526147
32127778
215854913
106612925
610411035
828453604
713100967
226077168
158431596
217897018
86988333
962475707
96732004
206194992
325798756
684869922
380726758
304902714
988830495
26907468
615716886
751318856
969550809
239333988
736717947
919495005
699789364
314848207
845638736
310216720
255669898
885762422
321078757
532776720
932514113
269544266
15149917
10172160
849018497
401148523
113566100
131137959
447317969
466398422
966705706
328453188
790393275
424292826
700971623
272405287
989723351
429527337
988886179
198486911
458455978
815388445
128583172
329672183
964925757
818853476
362564743
529666231
853996804
19291012
976270181
604750828
169989044
764286265
392297523
89082860
566084235
723481082
454952398
280891161
876962493
140820901
170546097
923694655
605372011
449504400
770080671
207910081
301562133
816745132
3004175
249941191
344961091
312659138
768515023
83356876
106432169
10380475
341471341
128243724
284164419
797197999
625206357
606910979
171662947
420395768
837539679
277715934
21151500
229840528
992110548
301090403
662364716
579771460
529908496
887114281
696696352
602859566
667076225
800445472
89057291
908739906
994849711
499012593
246753191
793110726
502827231
887942473
825253329
98824682
574703894
34623007
545882834
345216139
807905220
611952204
731771925
955705059
120161209
288801979
873707290
157129651
929924601
438489851
766853159
456253967
372159459
326904301
332398551
566941573
703917789
809074633
109613685
884291297
393520128
591072400
507063790
547562183
591150451
18988749
519680049
403187260
662531339
462214818
379347947
221210522
569148629
544754201
174687018
748709756
663049284
800869154
558542414
484116902
158676945
505367238
267734796
848082988
853578765
437094401
889207052
596139893
745014583
364668111
48451175
332532833
581307133
748440361
753204118
178176298
242226259
972552727
808842003
408261666
326865699
19407858
545229758
339941255
778098705
39846348
38601644
739321278
614298181
693435007
249997603
987344527
530594573
177085075
961718232
677337308
57701298
151237577
594476215
121728705
523748835
600568799
922736657
734021173
283767900
989992418
916515114
727119473
922667692
211787185
184211600
492007756
170262385
883886565
624740580
964709226
695325721
356821605
363652670
382498231
964625657
126571972
10397028
415176256
171415239
197338122
425951773
11585789
696517137
798282064
801940691
932541580
356728432
762129641
175126468
501845248
826456310
554179635
788596494
162531636
684795000
851279522
590630338
257780669
629949690
437998599
542664843
240823630
61540293
399037926
314045681
998823144
438428323
139473769
711462465
751919973
930361033
672523365
376528296
222354307
728888589
570895220
381540231
166556264
543241683
776216973
629692720
592153531
586784406
511351484
707647041
762956142
646584343
326858050
304515747
165848992
278659751
528517077
490918679
958606433
865755316
854320271
848855244
544151153
911524562
134970322
430130927
925349780
931326151
163027303
962770241
53959472
115706356
430178498
902195674
274489437
684505120
101919595
643143582
88336249
50678951
391518293
944787882
498827827
317030246
235857048
988618745
122372764
732371354
207846869
672708770
15735191
824952764
312275725
709960509
324531865
750649135
262283193
926747515
959866877
748068489
389026754
569778344
716714689
874238533
719305002
177995946
539699223
903899571
365332654
608186717
58683810
923800177
976074054
106790788
613643503
299834860
654553739
366325133
715012818
815351008
583970516
1767411
467231476
501016764
756255298
998727950
516874548
988655076
478086744
42780064
988940908
401571099
184942361
244482245
880301134
475162554
227117656
126726517
81569545
483188930
39680995
960349218
784968919
612163696
573815964
906492098
649750153
556469100
892073443
562050990
659846973
384317521
351137817
663028615
242746220
457159435
583980492
642546167
819326243
482438691
293808893
933282970
870561162
719502741
891388507
547558887
480635191
16234111
999767997
312117250
708936628
170756601
220250663
486835720
949674266
368866385
304867138
503477074
136768514
475731882
941200715
884844719
46709009
338211154
38973563
388350186
702926307
516468438
126884879
467342592
751453900
227668440
520213149
115864808
708587936
269457593
225036053
638392978
247327387
520695240
232899853
105966900
746566864
982356671
752133770
862393257
59221653
956626295
936896884
672407627
515571583
879620396
441041223
385180691
445699034
482383549
172710570
746565547
476063244
107005534
645408750
608332048
630140212
421862027
990234321
521895881
647928563
605017704
921324367
417769574
183511866
999921111
730961243
236167144
941937992
106892553
50392077
746864349
34188756
212010496
694661761
312524874
193425428
508998605
317439502
61137112
478140956
748392995
737511588
539993650
644073219
805916052
469168716
306471630
514393772
95970185
758054857
601324749
897262210
146390159
994499753
618998469
697107937
864989291
709083816
396176427
713019065
888584656
82584580
182877560
492322726
467515290
770844764
936970521
669729716
196935574
687329830
677121892
846711743
167530462
478984846
626210280
878232615
543547436
497518038
670763770
553771664
995018943
78124016
431959293
731797
50462436
316978785
64317325
792482470
51953615
792390229
813145989
238713653
74232531
165819228
695452118
126820668
918333336
685040991
865303345
946293051
428132632
657734731
360537590
451459547
352290250
898226540
844759443
912509307
934343675
770800502
961276824
286686200
477784337
792959061
701814714
974221596
256440557
462285410
734952347
43413627
10586813
611604567
401239422
839923202
860934203
808914379
710487337
173070051
165631037
103462159
222055051
60678125
122758159
324288131
286555127
482582418
5423630
568461814
68436330
184899371
633978991
235400188
84135624
376094931
361885614
726335647
805942323
713349094
738261696
960086577
245862801
181311857
83156180
78368163
22915157
827404242
650984974
342237585
59190074
518280167
78516650
485693508
950574189
550546186
528351597
376326441
119867111
569371648
659365092
447508635
561344227
442575426
340474956
630731105
932232956
753567806
311965368
846761657
556021293
222012017
34266117
600514327
52600773
153251189
109251676
804176716
806815023
430968202
601270039
130926852
446680590
414366821
95746555
294603867
473765885
968262620
532009028
804686502
743472098
166436227
790381416
805031490
950084692
576889133
140962401
34762224
214786870
109835242
59543073
444089176
413154997
208645023
854773851
278761851
87634842
986001470
88691245
18847295
973695092
5646311
409891327
778821965
686125908
425599034
190657043
522116423
170372689
884118902
710321800
599208851
218628614
442029176
980252592
607575461
724335832
42097562
293037524
151228100
928497691
513156197
968777120
499841256
309628138
956278488
875766755
149460463
806853976
647110498
571314216
810972220
102427797
509767935
482886642
159277622
74291539
981656834
468225956
561800891
80064822
306701501
985596938
440221911
755124721
851234550
952825376
984718686
143252826
418882611
270198749
795299079
499078461
373175406
662109802
842008964
691258272
972390422
706215452
694368239
637687720
37720328
243495184
428220343
736813947
672419042
506905064
369263677
789071674
389723313
115222731
237909076
137247129
687604346
737245063
912740136
81858192
557666679
53864450
327106195
639569284
963448553
745755754
477960554
651537770
640867658
415671685
877673253
76346585
287804788
706215452
499585552
421921392
409868837
752207899
615433545
567330695
287992188
551288852
694028653
960240812
995390635
693859286
98648620
414254575
750865391
133932091
52946327
285939694
666843526
949397051
199706832
973267116
105730581
848919067
35122910
652828744
199629474
576911574
767504065
187219699
731844528
555562362
651597049
561605506
501770435
486169416
754441463
783213737
990481708
103205766
237274606
147369579
443545116
168684817
201781292
486088032
335421703
992905953
745252838
782287981
979094290
864641258
466579203
85984505
509833213
853704628
386774437
155549071
300520948
301678480
302485441
544565021
29148346
302701960
357279347
337573808
476395036
561178212
840542576
547558887
171512027
876571016
523172301
891467138
193743727
626520366
415713711
26551300
515476877
21884082
233327415
609401729
192610083
211774741
422184068
133969374
386985013
380542694
676277917
53838236
222124602
526370117
261250689
545644456
772079703
166737412
889590226
734014779
102050844
231331871
50437182
402575615
957525626
97136865
807482293
503521426
191921908
283969049
810586345
243214546
148551506
548254590
791057465
77993549
434838164
657160560
498001938
211158399
452014170
265050838
500996388
554991386
505949890
789099011
676213273
815796699
749353784
708297911
957550777
186046047
665116272
121560370
26238642
590792585
339322400
480461601
657690713
581466547
349530127
343253582
370648212
923699334
504303964
643771624
258266150
386269392
856346009
720027179
215179339
470902305
306365991
316895443
613369410
572391084
592638888
754351085
582918502
577343720
2254461
516981663
944356050
694640381
79244854
18706372
479769366
141625065
372892127
397518232
930450691
924328379
504107530
974279384
852500223
708395174
585700702
166634251
238448670
200341485
956399083
734556475
737790317
598123203
979368025
480184940
927251673
475200523
355025628
658867037
211749736
965594348
36185269
544472321
911214722
574216064
400092200
982057059
794687820
626698068
769727292
558069660
479993612
379506070
483197669
924433134
125951390
873920145
953694735
338899368
924667468
262967677
572632214
401099658
20807988
990620205
313114288
619937124
945691760
864207200
537318282
152073143
929338585
99295905
620396683
449323869
314144543
756442958
899030013
460943181
308532825
38050127
130438717
883543911
678457704
620859698
634428750
76547474
210093919
924789953
57130522
253657679
517989804
164006201
834477692
195157474
397054434
163475974
363566074
727102588
350490836
588632123
597599302
739147090
230379759
201978978
452893936
617284989
918528760
519029336
949044985
955058223
900885280
860990113
240324510
524354955
277987070
893724771
516583421
21670242
211566343
396077888
366606005
697916373
647110498
130616454
622020674
95455389
773745077
396783673
282345947
841439642
571445518
398023985
928677944
156131150
861479996
857893134
284081077
404251390
134969133
283940481
93106781
422199624
565731561
926048049
878860754
22612566
575850462
393510263
807465965
94005034
484096260
621850745
150486491
960853450
932541580
270243400
402168582
888486719
211625286
157710194
54298553
80050033
473309858
729912723
733747226
788062418
967831003
595308144
118469890
356596650
695877100
270072934
902264714
650239439
991321565
894430037
150814919
526091529
670547855
95209081
545799709
297271850
837099074
302820498
429769914
508023732
185421731
463114370
436274908
621195240
464926129
277810465
621080257
324333087
449757921
248796182
97501397
51552042
647891984
832280726
154663357
68633967
857400661
829287018
830864545
92670408
817941378
433679783
40217083
842863117
597412304
201196090
484491397
108990083
518795302
778788817
884476470
544746349
788236785
105213164
21982725
992009683
615026075
143886463
464365809
895860670
609241728
477464491
468876674
705300440
520850392
570068784
52900718
977998558
846596196
85281334
978579650
582044858
959835296
782628841
563582278
415057525
935158770
408172070
887828971
650334260
296028214
874718787
25344632
906276993
355799133
762008650
367063110
155764508
612273592
264305670
302452940
137464678
794175941
403480873
793724723
664051909
596490818
636718092
632805778
893254168
203170525
500742394
68206755
535498975
627952262
23558926
383964698
181230555
480003810
849134069
791184551
951591022
254626271
740406229
824642557
61698828
968836125
727994000
961671747
874889868
559875556
105240608
876504559
604247712
23509627
2130799
941664410
555730235
670623858
230185074
862410515
383078194
965145658
323135483
915303609
373067707
5726796
732530717
577920941
152415245
610214702
124362253
136152641
819352133
310957360
777190446
756367006
588756110
716714689
476191272
267172727
93274950
779922521
401816242
891831719
174030098
498215299
403801763
656929989
701892061
140720774
549265985
681754302
397111073
304034885
518674393
420164147
193086244
494297460
112341449
422158893
380630336
769344477
263558807
282811500
733594741
118490245
463356328
861026260
752145426
455742959
134929875
896581147
261716129
356821453
178118961
731185002
675856983
528419546
271624124
795828487
48849108
889582858
196344268
899062927
719974490
609802595
10806140
524510932
804810109
866697264
146347806
654461188
700528040
120351584
916863052
15780214
149943329
952713358
302373542
791940459
720588472
457229581
3750099
298261894
792526298
875315467
226118587
456302279
454019741
60255607
564525472
428733869
970118963
487385463
660903862
621007865
577122655
167523197
429568149
330416764
336447315
50532524
186916298
562442225
422912966
216462590
867282450
934656531
261725660
310216720
38341571
9723591
324741564
758895499
957503095
988178005
701965432
676058405
717775654
666521601
823476532
211688886
844669476
142342724
772142240
325642456
915641366
34708233
76987468
970076841
931715669
731987533
400754509
160116031
205008883
730743919
453017282
370320373
971562475
564900420
870119089
850973756
247916289
295303287
371416658
988575611
250305763
433620870
355310297
285558468
231869304
126065819
805826805
16160520
87239861
154836480
182178588
481163020
471415111
955602879
567815452
473687715
808226871
593414298
737420463
83509997
687446837
483273221
344854658
22617575
84830931
261512266
38372065
80954214
39357798
667982315
420301797
552608581
68268699
779359374
30925898
383449675
121014556
911717065
48208101
480479005
376456344
11872440
841748646
638544822
953278446
997981886
657406785
218619040
169834227
222357050
670646267
726279168
364647681
300180604
102977139
399754073
15408310
619755480
484256483
859216591
87486068
256770678
345362954
562677156
935522650
261260891
379804534
100012283
546058077
462285410
113720373
635926198
754537493
339568810
199411758
781747991
344615613
896953676
481183779
301077011
229270744
534173800
95440986
695716707
691194601
705052851
694623105
754044233
316862539
552989716
141704580
600075732
487236687
938856662
936030274
718109642
904959874
367748448
232060083
250566349
336909575
829550140
501270022
682908805
96463717
563809235
72873982
137012196
815071851
719580382
854295732
408788113
812742821
805025662
202622155
269617967
32667094
104772927
47995597
328143303
196814342
258040513
593917528
396449622
765808850
174274336
166236483
668201000
900839516
248357985
692948371
845578367
912419026
496458481
393678592
294751520
266604296
474079911
764892492
909661775
736648477
154162099
59373792
150272291
856593683
221871747
933261099
105242168
439477869
498252403
187234866
832176373
462930894
213548228
311005886
932802139
854109237
218552828
720240640
351889051
188403546
646174504
62504400
972456986
210093919
247761172
254285813
814546424
34246072
279372975
920510709
39245883
296663867
976594494
403303993
516947745
359714211
441330232
419988229
349411542
414377272
250052969
315430538
513318125
336604844
421727526
312056538
479424485
301364068
268294876
11322488
111577962
647656693
572948290
647839159
337888986
320473964
419542128
916937441
326691385
895201192
933128597
417898778
385400696
466887019
349985172
245504300
955053561
371028572
12653880
777636270
294742022
641564166
149269694
83530886
373182216
585451114
133627339
579962433
252018152
718826602
194176978
441258209
505975342
950093672
949115922
55894699
248679753
509421674
2202739
563432510
973826551
65036049
961919396
563528454
343943384
685836316
482487569
723427561
268662398
523252869
406665646
985786024
121728705
529533063
372040384
64253998
390749262
533591083
709609866
218537845
583136698
58971905
466116483
201254538
135591764
637515510
211582018
150695929
248542828
544172892
432842282
475041445
177592028
201375990
142726170
202398739
659560159
858178537
858226695
324331797
880585393
80326379
67190263
842730084
808011130
686988208
546716798
643000666
991647493
453850694
935333562
886246690
754094272
286249461
88646367
678592969
957536086
514678864
914618087
150695176
579167920
408065628
502454391
971596868
31465622
186379652
241761018
872479002
766961174
315997427
370722942
529720789
953861019
431902565
380828970
876175788
759276801
680945707
232818440
947636314
846295293
423755939
791679663
114767223
917834028
876984240
251986230
638893252
873342077
753462817
866932444
952289229
956747390
740828053
89056338
949059116
251492166
218081508
519045524
270505721
45739948
523829136
842754868
58948225
176928308
362468408
847789075
287399166
435175342
581310178
441513567
116322197
846004820
536323485
2254461
207268778
227052141
547942013
887637465
80562117
631827719
587768788
412373828
417086408
170618322
675536862
530673906
926610673
317632516
865931519
215935246
434116387
827371657
131933767
877639612
67221695
141809754
624002250
37101224
540333757
807494471
907730195
172025379
494259242
781382487
913694636
458599033
250124160
819248532
427232709
684980128
580831580
871107630
173034708
524962632
517046504
572414346
802408997
662121864
455704778
37180076
231167147
412373797
882221049
592557595
648793287
502595740
790522341
523772227
153900536
117043621
767464849
3070368
830166330
184596619
828601267
864375177
484408328
284259411
413339289
644605346
386329471
99517613
609771720
886435342
205041341
181889739
97148055
296960534
805138946
211320243
962090413
490783260
481987035
815921091
284470993
983826600
926406177
346565522
371836618
20018690
714859572
712635550
363641357
293934750
121277879
55538516
389730773
847798850
756448350
809490504
203357875
461677129
345524424
257663392
931531754
791154224
42184109
349016651
191995160
850785188
121459267
770138883
934514393
744423632
202734135
214163605
929096877
350795015
348938939
125194792
916754343
992469475
535318111
78877907
791673860
562050990
81867174
474682555
928644050
330081661
715028814
227303845
75336630
558494148
69446113
90602369
813750704
48002174
881711583
273249163
144196846
590486595
297698132
575063508
282380828
527018829
482296033
861797882
901010780
211195182
348977986
264495496
492643069
241289670
547061660
61166022
884038531
917034943
992303937
57258893
155301206
866498253
47325569
225678931
167823677
713598769
726822564
616647999
391630813
918334297
921759582
138640495
828379394
937629333
829368225
82510088
528068277
554680756
594065588
807787045
946243363
45948748
426694445
850404956
937894260
444910008
79027921
954271810
437046051
948693854
57330463
636958026
905999261
849120997
64093775
26570509
516308615
310144186
704724481
325384893
524258269
502650496
78224830
753011658
242356131
459281452
535497633
298310421
334961517
214458536
140863353
950691926
751863730
842472772
621772900
862617095
994946100
282607054
114568042
781588231
751958113
307823273
526091529
67167378
469243164
594181520
557745878
892128182
420807852
906786212
876651342
19234131
111169342
182369180
437939355
109516631
864607524
685876004
497983755
486386981
787218390
128232704
640881616
47391060
363103624
716887768
812343955
69052385
947689633
170473333
6792164
279111179
541994943
123486163
675807379
914821463
525669268
553602039
176015464
730474097
599179559
369341490
352702301
428632570
794776971
632216404
33016675
833777049
501043999
411278970
886261824
688112837
824846155
866051802
794316776
529866235
94132226
405605427
201445986
3478900
477086908
415246112
291477134
396669266
815179111
892644714
947743065
100766529
119331832
395234979
595138148
483839837
100964007
439185682
216675712
380945274
334323826
252164324
60289990
155921931
561654719
618067740
955748524
92797140
707159426
549124539
183233404
45632691
71969884
809027912
926525134
35942179
443096952
511596468
750761759
756004357
58573277
915360445
512737911
207784832
610143657
842744141
720269200
876528145
769632564
150856913
772770671
17718510
949777037
508669310
973470815
215881471
786551177
346992240
167273139
309541954
634749809
232209570
410878466
219296005
841579343
151015699
780788635
941695228
38175311
740926978
122905285
189489629
776382226
494419815
908772926
927706636
378063966
820212807
222055051
392476012
654624044
373840699
63923764
432177471
387644914
727000023
284555303
805740616
793312673
737533800
714828606
279298660
98158319
206924275
743330746
307115662
131561565
484998979
71659087
526823785
496833836
199353139
90509314
964607793
438341746
290610680
821790224
145733815
971988788
632688807
725385192
819058002
877185256
653335513
688804129
518433897
9680118
148401340
302776508
648389946
3612358
72200558
337925356
665869848
899700225
953871237
814857530
550466274
759407682
527704809
723923824
530494544
377991670
97109604
155131132
277518141
78768139
955661150
743374917
855173931
767315128
230109932
466900766
735761256
774583941
299581034
191861978
302767799
341853039
816319170
66565451
512408925
228573631
349974543
761962079
791543043
157288606
943653243
196298226
923751800
199874229
946884329
594428688
290787240
949212173
148025332
252559240
722922599
4598736
751558887
435590151
93498290
407229118
270727221
936832035
11965837
794701457
818268707
454964318
340781612
927127082
649516057
958642649
857137812
247092421
34623007
532034052
262527236
467228085
190047361
20242853
293161323
955284524
639852821
270764751
517529305
649796223
950691926
847225897
606558960
191046458
520535132
233005204
145549986
816129119
606958445
54750185
138308961
669038172
821559745
987477558
697614860
7661929
200741030
370128131
701359699
624014277
574153416
570362224
825105453
129342180
849220505
335488553
398516396
930618133
348567186
750617674
512773846
554182152
544835160
692011281
738555306
841948797
609510190
572590488
242123429
410551998
397875390
554083144
887099469
181712379
336472946
524504335
412710961
103290560
83211278
906000483
442598694
91349336
914513635
771437832
786046257
64273706
656155927
89589100
613094879
363642324
236997492
519402190
12196632
713784872
775102725
602295738
164996085
318989601
4487829
636723357
616633396
978126182
874375495
191781404
730842969
470067902
200560853
563451220
458058300
898164885
416915289
156444006
468804585
667692109
419891180
296467410
263189745
272609856
263407022
460521516
230781168
870836870
34733725
225675736
454993594
75007462
895604086
118081371
840806147
434338508
923343847
520521317
185492310
904400555
423023876
519931886
143164380
4415851
44789291
940141926
816104236
729331225
662962111
219749691
426874927
71380399
666536189
562685464
308839223
509893302
394319247
788650111
170081540
181463780
844871343
359265322
922784761
320957688
33259880
566473926
936752381
732979259
558030460
248962022
957777620
116709317
635776357
583468538
906146105
125951390
507854410
74720507
888509882
160828274
298555777
162740675
645416474
632485498
992667403
135346740
632039854
158638681
831163227
30299130
350098616
490761421
30392068
496970579
156165552
990925551
861713576
760231849
677039270
568094841
217710563
318238970
53898702
948229858
663399770
682137195
651667024
252543026
295751417
581365402
389770227
843828508
315432860
376429189
760989766
983622717
378049643
591414158
930329868
941462185
527171365
707375208
376278085
649676890
567138807
252455438
538203116
173942800
459798961
118817748
989912512
180885914
349310415
983871979
677964441
761740138
135716215
495996072
918900939
778663268
328303793
459020160
149273624
710382619
519826987
351870941
243752277
422648986
398713421
382563188
48302262
2308325
87497233
595764528
77893526
173817804
102867271
582856081
703505641
702568800
478775485
181243326
524655551
998112520
352176611
925901405
474309309
148961338
366763545
495416000
360316548
381741570
102441470
473888336
697861278
852670588
833961294
524839566
870333157
751964541
59550174
820300314
751991825
911140575
917476423
50860634
36882406
562424784
250577324
514572531
737275087
79821280
570173293
819542776
597692120
923236494
522952155
40177999
673472623
941695228
106622680
292006530
566512260
175799335
922749401
35912683
224414971
412700226
928852768
132724047
805887761
924657468
139383678
542138719
989155905
412606710
376008818
756111701
685016001
758846606
620571753
71415132
135059858
897831085
883777806
103205312
68439075
26571413
155103219
911630128
250068756
906909107
267753160
856128726
550472349
615507632
609182461
736080459
252714738
559581854
275232675
467467148
169246031
242401017
684346035
242250415
930495623
536216739
58204679
360500342
59717054
334972058
510641300
269180815
574981348
577392374
161744070
952135784
799287555
288722716
782651251
9510488
571231841
746729494
427545439
702837871
151495614
641705516
340031339
466549975
961521783
968820390
891583192
515165909
348064238
460895380
881302362
941744071
356886707
246637504
772173313
167378107
529593612
300983186
356110173
240627767
336002119
123413921
571872024
490998740
750864138
487138992
271139014
932083605
381116776
383929343
160739367
861343671
233342752
826408711
116331710
567100103
935476779
54969918
44146188
158903214
413455421
783134720
201216366
100656578
249723255
584907402
106061532
340266643
524799333
344835737
552356216
585002778
210489841
827572890
233344206
708192484
202379848
131338264
579169768
656929989
974577119
647177927
532777173
109501766
180022876
120591310
380036892
206016661
713217150
110718897
309643338
974131763
461294585
725189645
140492959
228899986
695496785
831784304
120101367
672862138
394313609
996413165
725957694
716508710
847509477
162693216
215764826
880860805
186009179
781826157
994808087
255138287
241285848
937188479
641173397
945359173
294348256
232128969
667062688
337474005
309018162
227944884
292575106
284160973
926226203
682983135
793735768
124286237
250765534
567254657
838299892
934782183
747221133
942152826
889722419
260823164
287227019
902402008
407237116
176939198
851410179
207080423
153238743
270326035
855407491
545026407
770658349
250905554
922864284
228755690
508554428
223087089
275901439
246422038
613764925
170465728
180107255
730450072
650733492
955781094
834534752
217586008
209703255
889601308
151666985
174061773
712173273
888387551
959262339
953342017
1090354
207046582
448499154
795051365
489982067
855152623
606604970
925425989
791838730
562495216
6881697
442281284
648496414
258022351
898504898
41970028
707487444
157139578
583209393
757380615
538493518
671393699
803985693
734248057
534450172
828595137
827874852
347521084
829866014
502623628
611508160
354633079
922830954
209207829
30504817
175194922
22581462
909172192
523198946
347600689
596913614
488793003
429836200
428433947
363777778
705380268
797167807
355678761
928949647
887774910
35934969
97964093
67562242
798568618
472773651
287381821
274184387
267007708
452188278
436232516
954763645
887637465
681465869
776830568
217901133
109881056
962801756
656163931
829287018
697280731
240118010
323638508
556894716
890132110
425308348
311939289
175249771
985579109
674912827
134929875
273926202
703917789
35648705
650235728
803765255
950760305
983371385
121395456
156915606
559094805
173907411
159476530
788270384
258844726
199935443
583814439
938280061
76597527
859815814
229279528
920277287
208452697
397761098
970440235
595249912
695088546
52075961
863291611
107706708
925196027
82829737
152360562
336956977
292098370
974872407
835082028
492781242
751124794
588774143
486088032
431276249
318671205
46803399
857760826
227863358
151559959
300657058
879832724
423498256
421948262
91263852
238976827
774719554
778693185
632564970
749085093
445600898
960857439
224871661
489879606
585447126
435348578
837643057
657554215
317086291
77094044
103725494
352876459
784648606
915965016
784578102
655870891
741793729
900496654
274232631
42058768
3316760
765300500
744057626
162904015
398901933
659280482
840381162
219690655
227680401
421367816
695132794
602454986
979138049
170249731
104516568
203643698
743140769
738444351
727902407
61006773
989581218
300681925
174683617
515090623
724538618
280197153
814012603
91486576
608657983
59550174
158132173
16026689
192018089
76390430
47822827
294213771
621580855
136712333
554638872
250657638
300529091
52524697
388336967
397242216
754339254
104475911
531856155
412352531
661886188
321078757
385195510
329714688
135596991
245913898
528001019
620220497
424842108
307530403
812548818
762098865
671586195
847632456
227907700
602534381
811782121
108669244
191152777
963223861
874739055
479631091
575244498
401927233
220800593
137177758
571417939
660566849
904322621
577121657
288611623
688597244
647327064
736569127
48679952
823836063
474981434
89451834
32857735
709517144
73220688
12134276
955475427
197439826
898049771
54436539
402432522
790462090
799207612
39339120
22617575
12168498
151565793
196868178
633068825
875153289
474405173
495189440
834680735
962366643
819264
751064427
283892150
492362314
788327647
238701148
441688065
111924065
112400452
271570641
228317988
351924413
281859631
864722407
954470856
102457167
11574658
393269201
440334978
670633413
579091966
270327815
461866496
903807882
200271272
111998229
922266169
98308048
193963240
970743119
498107214
713251326
993308477
486693581
88946849
803719792
401986696
842178052
883102062
813550857
877605122
966184080
252040367
836575067
177232990
802441740
524146894
160209271
656336481
779744343
318127863
562124326
7153977
949830279
143220547
740154935
394415391
752787901
365150172
348073619
991264506
156583108
225016723
479440141
596646114
345819170
75572274
755152576
629955431
226324631
343866129
63278481
512829467
361321055
97820039
367466729
858018929
235117162
632548951
261822650
855541259
822845359
991588215
524146894
20502623
476059744
612317541
514111264
163580382
661387340
764387798
871352379
88897447
86559678
698402381
369177214
701835808
347479552
485757663
693205566
238565686
577422542
40532439
243808614
764126060
66228124
677964441
864077150
300165707
449334985
815465210
458715015
292631634
818370216
918059418
722635105
66818956
147789352
204838656
294635453
650638581
511407637
454516576
155775012
557441695
997912402
692746583
587748421
806343738
762711387
185369479
852989092
799608565
743556487
465159515
35874088
933128657
742886903
392371003
668470066
41271414
482134578
521418634
875708674
20327977
629383614
724038582
28940400
703328287
195549596
390515560
697644925
26318691
217193058
104361067
309628138
317833855
278554220
814289954
458463856
481662096
663916035
703869117
626075372
961358936
722323840
970088686
560021178
552824932
382385020
724709429
930873120
670905567
205274328
862297478
180046888
368588304
13088522
251986230
861112361
760765555
717673546
130592388
922992408
55485374
426837573
882878617
850901236
825053669
210600932
467432588
756051865
900116084
533202447
982499795
61462162
580597664
379894124
735854361
517987147
514614909
559859489
676937469
759364891
492567732
181831279
908931616
901749741
251210955
285247288
26405877
235675718
627661298
380736276
83811900
276803039
753398736
287601120
788709374
894431715
678030679
793847130
893596718
662149481
294550314
125355402
116121979
552767497
974687605
73789505
188509990
893300892
783145142
94488753
307774598
346094559
553793807
804432360
569778344
968688817
579135307
91099901
466168447
913615174
428012849
826368608
346575935
399679509
389308889
377367263
306146849
76085820
309148881
470490534
8086004
151582888
432734295
838033221
570794784
613781168
148644623
752473467
425135594
651999142
556883806
88575018
248538471
773803262
566817364
705319667
408815424
958631352
719358913
268327159
261462129
105448377
110683588
689410579
751101546
156591999
659634481
444470507
115595946
436338509
434546335
217641672
101514904
704788828
14956988
138028484
396390243
937860452
372549643
146347806
649879922
875080859
215474422
253176092
152673096
552257339
421338317
395380258
679729652
843719888
456313923
228707884
628794140
106184326
319485566
211508005
209650939
670243017
803390383
307669448
302704300
538662819
635282513
709684849
2276730
726132928
758796549
468452068
914484176
857466193
883275864
208205770
291532978
851476586
175093769
245164206
886809335
713517121
980807575
743159073
433988564
526611406
469763341
803735487
697008570
138637669
973278320
920653792
433110908
9743717
68853489
557434978
663201988
979796144
604168054
519921325
498453581
747285896
422968932
227281481
165105100
124368105
515445533
967787701
690739978
74808108
794682983
388851953
596196689
759181055
982850712
182763916
901143980
531631516
899609541
470638000
254795525
267843680
778032856
684872997
104847039
174960732
647684217
337976486
368068735
728050842
346303477
767707348
197206043
245856570
777618609
336746706
541526352
518733697
360521137
128232704
113479549
772423972
167244413
148688560
370647112
299448356
185860539
625200330
875177094
326944180
217767640
853477770
581078358
715794777
554145890
799006334
328540947
309177068
784775565
554262992
431179950
614312053
160804573
187765713
668468169
619882476
31146333
922606888
583980492
99030177
218738234
544537114
907468019
969097355
829695081
463743407
639819268
744150022
219618570
186609117
616856661
688779568
493922578
740998278
833383433
998177227
44134468
784556759
920106616
368824407
471030984
810508084
361214328
271929184
276622184
736080459
386029397
93383405
24113994
722768965
825686105
130864393
184658315
702761100
682586263
730620607
564255026
763443509
195235683
816918739
791979400
126000309
107052064
249539441
807298161
653380040
328469370
179759868
543243726
940505763
767963369
578574128
238964753
713160577
563369129
544571508
873574573
844689494
659474619
880764515
827981997
181009252
261238440
693640035
882735916
973879280
311035407
749671117
593179852
712798483
173822063
19510691
368279407
16918853
664535338
244403000
786142780
972323253
752387376
443143812
173036973
62351281
672060246
34369029
351939093
608821726
343168397
48829068
3022049
731714946
145128635
574564924
209804083
107484612
744201320
942976318
381897154
658466803
11421807
934749181
621416877
212216604
197567951
301547564
446674810
909691371
336679833
454826307
412896604
537866573
873673638
488296273
587660371
270586037
347593635
258964944
580849509
262979791
904977302
10456232
901440929
252062932
592626803
165341469
407440304
145918062
155113402
702980602
608614628
406338842
963781635
969169519
463504498
240206659
994595331
968268503
188947598
134613283
50232906
42996352
587148309
116083406
444299017
95311038
686354728
787188931
182724893
786243757
292474757
709231984
54693628
103112184
921404401
293669010
329546499
590482667
456123933
944950118
829156299
110481683
97519304
325977539
903324885
858696790
48605142
944035797
824524261
466704722
969480710
507329336
670905567
38767608
946843543
829181679
318698990
715529303
588421367
802164657
911114293
409322822
122263809
931630328
540413841
903576826
146773403
445434248
599464427
383053932
552330801
160290989
476891620
720916032
139431368
69886031
596684519
655709030
314362558
951244914
508480986
823586939
520507369
932528931
102236508
601042449
221168190
385829211
629116624
750157612
759636546
284235591
398250868
563661382
586311359
762463777
777732016
384203830
310633656
691194601
796562195
637068332
388820011
440296318
190952632
983138509
878114678
546874641
537321331
630140212
329247875
940490386
112434722
472710985
917857715
175149434
850117886
704974786
238215683
845493199
206080048
672465206
625304176
570263102
596592469
650678433
175365801
813082232
897533570
303494283
428990453
741711121
436288855
208248475
67801632
978141996
50479193
124288439
211375779
273457702
18157500
123432510
711269866
463919429
574038049
54642054
447772503
38265345
165177386
632696103
528273335
297524583
128496351
729999564
993690075
446548413
965138787
805199126
190599487
292750328
762878058
352641336
264391
265160037
963825815
95494468
261133166
448629666
441200463
375422371
687735848
987003412
296974240
335047410
1363777
301475460
74317594
352081513
912191365
341828446
190926354
311467893
466034100
334569750
42614249
668061450
922425274
212117246
833887646
680232689
596397679
35128363
444135323
98180764
796835619
100166751
364789007
847119213
544186270
915710982
619013495
827519126
563509935
232923109
232309133
631183706
69154613
729877134
913199748
446980612
295157907
958164422
485716261
617761230
202559692
900210641
80819807
268886699
455078816
315133437
605806186
998243585
607691329
780837408
705370109
833215582
807804669
90671149
475879032
790660941
934220110
382956088
774195805
311794997
618583728
476348059
98569124
524816055
507485001
616647999
108596618
493098889
872924664
609774167
255034632
922775417
799678740
692115880
806701633
84636690
509191701
827318608
843786102
911354391
489137899
280097072
830250453
39280178
637063662
648498665
984889187
523011434
941128415
424737047
957488854
821474724
125862099
333375643
385741091
649538203
666393383
733772316
142490754
358280846
664442590
828160327
179563289
159415883
965920655
300368571
230885233
313591855
510735695
46054186
289021247
382856757
705987032
416303807
206667213
482651282
941855302
609805692
826439989
894807415
803570323
359582778
802078321
199391434
571374193
166037552
476837259
706875015
65834574
285760434
295191825
648670534
597785081
327508342
384194828
867596988
302452940
37002601
340237634
165431321
632666116
812816045
801690769
337458293
763615073
252345716
655813821
503262585
552460450
522277141
675817035
633739245
454652904
173866429
712437758
738772180
465983554
639393648
48972568
211749736
917951931
748132477
662744100
160977453
321898988
52473790
487658958
741941497
271922188
689836008
54388394
959793890
407691011
254392232
202697453
6093377
572658635
948507772
265449065
682817152
681923189
765875523
341170054
674253280
796466030
686557105
617886118
951357582
486386215
807537532
511539128
251683624
123876717
268991104
394295596
83210217
511942937
362875490
504915200
346535956
28177391
646569180
892536196
593547209
341117331
757832730
84718194
77742481
489697531
712182765
668965473
199440310
958862441
636067202
112351839
688560841
625054419
47103141
771105613
904890681
437813936
434945762
544565021
691944161
375115727
780279193
966398268
195582375
717445547
978389631
337389849
706427855
103326776
671634494
783216636
452537823
310824666
354658426
57640549
722912237
282183330
617858604
49659683
454664636
12091768
783520598
56565326
119144372
841116373
984725133
384837649
612017985
67968872
96164208
941535842
292775871
329662397
357893880
210409293
641395459
493844875
216579381
256534908
23112108
690063492
663980600
164307558
62332511
726077183
286344200
158543786
415505760
676216077
151052706
370968836
806054626
266980148
44922848
680455914
604891766
811111696
833894305
428804513
596797800
590259278
134747817
886494722
503119337
87939221
647689355
506633959
248566005
98184310
184148019
724005605
659228358
748433631
344759590
680130172
278531336
239533564
663729420
482926275
598684798
693774974
44986898
709529375
550377893
418679765
776599027
482137283
541176144
807699780
382593352
119117345
763300932
703734199
640388387
579948159
326317911
978084071
588379405
931439006
889459165
156277780
430870338
974920821
640528350
218323264
841880967
32702574
350644598
744595878
912008537
652031514
182958140
424424748
623902291
652690636
83731642
689064092
353925987
349328804
512755331
382471076
720022642
642418177
510418421
511204400
180505068
437240482
810780794
562070771
935412722
413326155
93905217
227646178
312488327
155101472
718942343
461697937
285340901
528874189
74974012
818325499
208151568
775400610
288230061
969742008
325978207
25320664
378374627
834829677
868413559
275736681
995576319
573918599
647636565
57814272
496326100
898121121
500906656
586770891
547332560
20748956
396872586
556158083
819232995
912466221
623971237
420764212
791323135
462045039
729535092
464903723
92339989
520604403
47833390
574526736
786787336
524441163
547880821
896966172
287525109
495475653
469062999
414033858
284126177
979793516
704296898
312635629
595318936
713174989
779210671
806363929
535164280
987307102
773075145
660792636
311423750
825902512
683206021
550518235
499053557
475723628
29756894
752652044
576829076
999337191
169145061
127211482
569861608
76505883
338039477
876077721
901562248
487151114
331015848
63116811
315053164
179524246
801283538
194339564
317326092
364397870
123907778
731255603
952608120
731539332
171374649
263013367
740794089
608000748
246293335
876646753
211882037
926365741
488328243
962459790
343466203
549143390
994657771
39052008
453882160
335908660
575119939
328313486
469400152
502737577
752942524
785654776
559429773
535032856
233785404
804616638
82971415
767967626
869737604
76367244
744094040
157757620
101753074
852555739
262988863
418277730
544803490
500996388
456166230
156987934
642554014
290489739
348627095
894574020
129338116
822313573
156026939
236346306
206023085
995364384
740232888
556973771
280705324
60860722
10256180
646574717
881647128
975764616
585463957
491874878
393461277
986399380
791387085
952289229
214125608
979274614
455198672
553389592
387629927
153109181
845662193
3947627
262192681
517402838
903509080
424312918
937419676
445664649
934058014
182584373
879519326
679205630
287397867
263669270
600532464
854426964
950629589
719409200
774361913
469372452
297464381
444383421
613290623
557678009
366976735
232616798
580478746
909243175
894891992
815237493
762253976
109743389
935522650
822178871
43155210
934488480
670743524
97879975
308611770
911000848
704234980
492513073
343364970
235136051
709047986
602292008
26482809
554145890
269249021
864617433
420306137
160859189
422530610
45499434
840538607
471356832
285774591
434402412
482343627
551925629
650465300
420310194
523665377
812099171
503626015
923392244
395421231
511087590
641158196
381399427
568236678
191874985
243600594
632435485
280891161
200875197
81488573
459450182
545826938
951894799
841413775
199621541
569768098
284008881
749375774
523802623
271590525
850622484
14167670
70454458
675879850
774608893
599249718
610640903
922362754
101177582
406689995
511927530
307677262
699516499
638664036
1969804
710097699
410045136
96228904
583166404
922548815
799074864
783699958
600873601
532485796
523829136
96850845
437859621
131479447
298079917
438081193
583753573
508258013
942689091
944761123
759911149
712138933
176915594
580255657
797430357
366333692
810948634
882166682
312731323
530851315
903251397
846521637
381096693
41870325
710074120
694601739
764928023
69869630
633103287
425490566
835154415
704386969
861326019
209664010
518183387
154922209
867798499
704286361
831787278
217388291
106358452
473252061
57643166
387638028
662626986
7449165
569955155
637063784
329880740
691895323
371155943
639398605
361769573
598076689
520655258
917200081
218368410
105040810
530115231
562475700
356213931
766324129
459914633
397850562
103374056
99426309
487468493
362241397
553945065
384628354
541676730
783961987
818412863
28458323
655461358
709511176
244030385
779278647
92384713
423425652
940868567
125221567
617078758
665498689
5591088
994847599
30569019
150944611
248778435
138305012
716445077
454664636
931223041
65834574
133626593
741980313
834423043
800367703
7644163
759845872
900523082
701346375
98252333
787218865
834354920
71753497
850741834
827886677
878902489
406133376
615848215
493596641
226556973
137702741
431108097
111677304
855582031
96479809
471831479
882283355
325885785
537603515
175728004
727700954
215390112
180268756
475096644
452358694
690513756
738561097
5388848
452769251
882432264
148878308
512914701
430305855
78662997
717187806
976454942
849874941
186454128
722632614
527714002
803600088
235704474
33991294
359938507
99002110
220670283
183287490
542380665
57715132
983414713
150624799
730050598
684374015
989048562
773862532
429943359
699482673
286349859
198782246
376797284
134061054
731572330
595247695
955232012
97855577
309030644
373415069
669679719
97669154
199448796
411774106
103570143
723360057
774354137
501347675
996867441
824994378
892570864
199492227
998347759
233295567
112112771
495406210
715606369
211040890
993642619
216108218
196678322
59812085
188010471
745262072
733045145
639726953
867577909
336077373
684869922
836789849
851896938
537402296
787354943
379894124
606734996
397518232
68748691
371908673
186136528
297520414
26051223
442833244
667508203
508003417
154351316
336034549
358976418
492944986
460012569
892831040
425453801
21495782
18887862
38495580
821540712
397745225
967828455
466613496
761212666
606248512
476075589
392527693
417085601
988357577
900329869
960619805
416716417
46423839
54677030
543580992
602128101
18531759
421601210
26771930
449827514
400649414
811382318
738139752
117052120
82262128
899553634
214921405
200793694
52075961
931044638
933762166
142084455
782577141
498948838
849507516
839880560
513205802
865481974
708084814
38427651
570713539
455811531
229704721
817064057
698173685
921785860
765112975
933320490
35964028
115863826
993075299
716053775
503557079
735371793
435014907
591980440
687376484
627830835
643173457
137597403
235713063
70277164
818227983
531588415
595427636
85156732
899567093
684966360
644053839
909175138
473911599
552618703
58708005
990251777
606507794
243578427
42543858
264958969
196518819
286772382
67130766
976498281
781424851
805988476
426293178
525870981
977894107
188432051
259156093
847039103
115295593
293281034
558033016
134272090
603515363
540670083
420800751
844332712
871635926
493209773
811453527
609634879
140258064
512543274
182049550
993270134
525343613
861558333
114841135
352060727
808041637
928815817
220811976
809110218
581580682
283773458
531256053
651716442
710837121
704918109
804803142
7284709
186696022
70050148
932457384
320446431
111655603
451501227
809627595
14708953
581253860
889944190
765254449
552893861
20509553
277857203
813707005
477117022
946100204
501728209
263304424
721935672
212583553
499807264
25535147
361505320
775366437
82283829
477413856
860183283
612577398
319246886
575969664
407772691
409521095
401911774
95712900
147766473
607308325
18628537
792658059
318435278
866370607
20145850
770926666
740321534
543224528
673283086
629213708
696445356
468863879
790800044
700778660
10367491
492378260
118989529
100044707
308336043
209047208
318894367
748165859
907223598
665956183
258886861
551514833
385195510
227008775
325080348
907086619
349291668
106436504
822994659
497485459
636649967
37125938
165177386
536101707
350014010
228709837
670652016
240382610
830939224
843948777
96168734
762054196
53238428
648549666
941037263
771678200
289073827
605651430
541654920
779247368
74101791
777582794
939147516
502355288
21369990
622645417
856468981
447835510
213043144
601971828
854894934
48052013
418570560
83836262
504806729
392351958
884410045
959417071
568619468
451059618
358739296
165663431
151949481
701455149
409639056
243025523
164537579
75448674
594518994
824435155
250513904
270764751
398846833
14956289
275851318
544095316
144309034
747020830
304109050
839793460
912702053
495273715
548584205
699313056
473379162
63214957
14917131
957325686
547724894
199525918
209474297
668073382
575083744
700571294
713451917
911023674
1877650
169876087
141208280
568450113
373646289
129237020
404417518
449905434
991058845
184508996
690628178
690827539
723672320
416433738
853531398
791362447
488129214
200875408
960697389
927483726
741422363
672352835
358857513
82227191
642426140
473867585
716459930
609179486
405422019
783229264
641080066
337845105
816100722
651509422
781554193
338985333
406133376
474144503
54151811
840456904
544746073
681575689
878900843
201832581
392521542
184082766
280008433
732852094
176250551
436150865
264356439
361852917
638196041
429563240
349382587
231651675
79099090
700116143
62573624
459531485
459979388
593486873
555559480
632611882
6128724
957187337
515962785
422524427
191072258
909175138
413956387
769186517
506283470
906276993
577015523
937694484
371462610
737071499
594317230
321395524
305007792
752987407
630237345
302527632
568766022
921948972
36104681
767495425
98333614
996803061
557269796
188715525
28063122
642426140
563904781
732116854
472604433
793446452
55225732
640340637
709614990
2130799
512238443
249427796
720874978
764880564
692937423
671698615
260966925
665581157
240832618
516941544
499804149
804754774
666865939
737819245
236289922
711959697
923934166
223313880
416993257
294875826
529182360
247387210
360435926
828135506
582160973
947974655
187594782
247672490
397126621
85131033
185754960
381786933
698050256
334903546
963497520
734438812
306043115
498602602
528495036
701534966
442439126
445840076
344320836
21563335
898358238
885360363
282439503
538206963
367114875
180178996
377335974
943358784
295690409
842726829
753242383
733746171
102349523
571838504
333232184
866203893
229942315
305593887
437817302
784539139
111684421
992105307
672272681
60607971
427854229
306721077
298622244
396049660
270440402
964251209
400386923
832278773
970567005
968828384
783536475
566992687
568152006
149382595
801648058
724608391
13095775
79387942
144534155
598463847
935627818
110278448
884218845
312745122
34362790
566786267
605930093
204692378
834932432
57631644
452170840
73696017
400260613
729016903
38000542
424494710
97345752
581594063
222856832
311431128
595930739
855030632
343623861
817628737
240921956
918093666
395936890
778753772
818587162
91867736
220375732
48869895
228598463
821936268
485879703
616414734
605877337
819834996
180933853
616656191
944870295
850835987
458889180
419264719
199659286
465737783
63462854
8970659
433263770
257548257
246590037
930782370
595953220
589092320
880164205
459413681
300011221
738687054
674804877
396344479
411263796
590386092
611205897
456790106
731708945
586609597
521727854
233327415
118536716
638735046
73895464
47713516
65614070
122734715
863217767
620853882
446951438
539506400
299765648
808647916
624950470
957230993
379946176
548704018
379354400
271359385
730008891
548195683
836580337
604757229
325397568
883363921
845838546
581702068
526504369
162173053
485415392
683037093
315667727
287787407
590505640
679039702
130492776
324752302
652662864
626317390
534925956
206617141
326333467
459045984
635117765
513539031
386580132
952289229
453734197
301121981
845226555
959564774
305881135
378931180
875766755
520112515
253682010
462017201
466530412
309316290
444187060
555527871
811070458
406405869
4796556
314915634
974214633
807175585
593862278
446794024
586036177
951829630
512652953
437297781
422562764
151548754
229915755
74753589
446626089
39889185
620582935
554808493
206895192
244162214
89488649
582678436
209491669
691447824
848092018
873574573
814012603
869788836
926113006
689608814
500497218
201084393
669994669
226273740
342386206
652930601
345552060
484100968
827792518
115554091
226153107
767822779
467019251
480162853
744401468
281209436
215139747
601287927
451338219
764448343
819995874
304994768
680879582
133102751
478644247
94718012
174263519
689922655
333599487
929090380
997523207
861541974
519584923
877174396
825469286
302058982
448005077
388379390
11110164
210496573
489458244
85389473
401776575
896123264
748400611
489300898
894311625
900813704
121095722
261622974
291916462
48793656
555535858
600843487
250149132
666540849
280359458
196631436
981910887
346114476
247768637
908476702
527846660
502642389
105269147
153870358
501270022
28245604
744680611
64561420
633367326
980484951
314340725
27974023
301328349
307892122
800585526
518233543
835641048
436937092
502567883
266317346
8165352
660642886
363898595
250748843
458175046
357720094
321781297
270059490
592626803
712635550
940957206
997557523
403446585
319081563
190896432
605237615
876797931
827348966
627309111
334773883
514299875
716761053
779233016
64986815
707596226
284384444
308299418
224227919
820645879
200774589
252118357
724638690
968983000
374642484
589820760
186135167
824099906
337454703
651110988
337989752
726098214
887287150
290538314
775225
527310255
551595756
878011083
476665309
179412646
559749711
742927133
781088275
289460711
677597668
815468401
107920177
611681371
804424827
372894158
195047586
990785232
551926556
89571170
526333590
325953012
747431699
960379142
760049698
765324707
635320124
657035943
835049924
136879067
360806952
316503570
803599091
359831236
808793700
54992944
464543001
884638031
242255018
362953817
623700970
823434304
67358569
535492210
989400258
641595734
176327043
562176484
851023276
807434283
356723344
201196885
449213660
359890903
818071470
248999778
813847294
958112289
527360666
870876704
922761185
732057457
31340742
826926941
260719142
409606007
244348065
954378694
903739814
1638609
309675828
454241006
911080880
508178345
46436339
575001445
355831418
31653736
704541153
233483454
226161999
500139838
656663535
891626088
967183862
852526710
666080129
621007865
780643708
409266067
645055080
112623890
184542570
326307333
688028173
200842852
206392052
829452724
122592135
958703222
132795369
236060440
640352704
151765924
29040567
659678525
795070455
739798356
28511675
734980679
111932707
755553872
483290364
471611230
370379291
566948093
72626196
326017311
701199713
659689268
664480341
955896151
139302032
855282591
623099810
82349349
923736975
980399921
799057920
688517993
696319854
625635203
970343886
573930133
550863516
69942222
683574999
617984565
22494753
686352871
407291529
641597397
832685975
993960613
636020452
854339429
371537208
10775110
385370121
840139183
637227805
165390336
96681856
621685887
636104203
622698990
573850355
515019048
958428856
301694581
709620786
909833364
723018415
274509116
313193205
937446890
377924981
741226008
381113912
28434926
483010261
270727221
730961069
677961997
173142632
312727044
43944299
217175551
434257415
462218087
589090663
752817900
605709630
566591962
816916018
788426555
194045529
896234247
878013930
231701535
562249258
844981684
553892085
197251706
545018289
712331736
557107436
391488577
382696878
882245501
591342991
985088253
806732897
402097186
682076994
963041054
835846033
798077106
288801197
152769174
250293047
939392069
218886091
976400385
217664223
274869636
834235788
928264618
871440738
148294072
332604995
621052413
651288478
472161856
763824511
30136683
800823054
530631324
928526630
241831141
340700531
635291851
835666658
117626490
254114705
806768981
52078736
494473224
906231964
262006168
913042093
995271326
105297720
96939943
429142159
464289053
911828282
705984297
668071051
316020234
541783890
368959960
791853527
747033890
575247873
336108501
956704537
882771333
436769726
912997712
712287964
17422406
649319114
427205399
312535041
193733304
366910209
213036863
792675892
208390575
238639664
939487989
437626209
24721215
94846504
735403636
807573029
98781267
229064680
65854456
463730373
512701434
122658009
269017437
676979913
332252668
344759590
788427059
436548586
35981966
636923334
870684912
592539467
320060446
804475146
812852019
183992024
8173196
230957743
800139345
621548490
703593821
551596594
333526897
881222684
450755648
684466390
867408412
389309245
823119885
174962213
130782756
459102455
35298171
384440744
436244665
397712221
910015353
959514053
431495949
136060615
842205830
276428080
142050099
747901576
172558639
236980156
343781248
84058403
68946089
614302755
636473120
530558759
160290358
806280683
197797062
670964710
24541523
613748925
402328351
779221554
176730816
987631536
297091301
659630482
692753927
361740191
526910091
485400934
387910146
724508003
413673580
254609948
549510691
888404023
627908409
753221137
891962505
110719057
198202952
906559441
69606000
292991333
241483801
483858667
302100534
49446930
774549322
973036158
896743096
935633306
725573745
123863321
309789415
18910127
672498040
304109050
480468556
45523707
817131261
825017240
317129504
239121111
932467481
959063483
88651850
265732643
952825376
330156625
720162618
11468292
709866643
648055969
119625451
997990124
381738650
341706517
670953093
730585164
27182928
999464715
519761581
936787536
496768724
814115022
126308551
651228118
699705454
411634349
855332706
550344613
635861367
143032506
974163582
185683153
438867745
307825402
508610011
933435788
546355273
242499154
92876065
6307772
134280690
360538378
824694501
243849146
409755154
39036445
924985316
464305491
684392904
460544866
421383740
427724503
642139445
995860212
998173078
223517415
339249712
606991432
155100556
752090310
69175951
152451844
72456815
593543152
191356333
578005728
435342386
229366500
337474005
515019433
176242458
154629633
144124366
298417057
939330819
350240778
397932873
46731706
671584109
847526698
514105442
222642560
595535631
933539142
752621660
866466344
582410652
993191691
568803208
461034540
574308882
738174375
702668697
943247630
223709907
525432916
441433081
787915820
495882787
966351287
878626294
929455955
565961202
924769466
341605450
897306790
359572272
833576413
938747614
597502495
434512035
147589975
950195289
307260056
292584558
236345664
226674803
667129340
720938287
882751886
788802579
590604664
559712940
666293665
558689289
45360264
134778492
27220882
175870295
703089773
84138743
599270312
424540291
220300776
866032771
908271283
265106508
971629996
239809698
750620808
605385818
862120605
262123208
667107948
922280092
712418466
816711447
972611782
505620449
89503942
956985832
689193898
481514543
498378674
696761911
351462294
251564887
60601963
635591363
250873322
491679467
289386646
854339429
159818537
925793514
200543401
410834903
473571490
37832481
478377354
292987675
828648167
496653071
590108000
463875290
185769064
790780769
781424851
463186382
265265274
618347119
626277526
59982812
51293478
158958785
377601041
499823292
509128672
864401073
849206700
652754479
765499190
682429535
990296742
76587375
644329338
948848458
649892811
639495585
600092168
194105353
898563476
607420729
155682757
807781886
229816402
855767416
745417446
785483730
408067262
334019790
266447406
859564103
204669593
749248220
471357803
523943642
731537303
400964452
644244708
561226868
417536432
702876357
801180649
262251316
244040433
795989759
645274421
216647538
377539298
452497759
356718140
566209987
587432676
698387278
993656629
551195183
829614153
671129162
542588895
743625916
696153763
839695280
200703664
104394205
338215832
780114650
193217324
383642314
35221780
314900085
86216715
938613195
682989556
260953521
796669246
209747662
757921957
107342104
903744017
109806127
650295112
613385450
856020447
210008443
833777049
284918441
805893664
951159861
387919866
874238533
32576029
576941652
319549999
569050288
13359607
723838107
250381638
898563476
199557612
153636402
301573231
827126680
95143654
844903406
753095570
548766699
792159274
453692350
176504806
735403636
245197600
824537406
680901881
756217998
684410979
951888905
76968742
462017201
248187076
424962035
685010984
687480623
515700002
607844717
10420671
146043403
57236677
717570543
748448200
449265298
3112605
543552160
459209082
342434723
197340721
321454031
579234052
394940502
744897878
53053150
820160200
805602738
787478737
470159003
307275991
52041328
484334450
390610569
207729520
487175510
681620874
324987151
514244870
827451016
15348751
917220102
897790924
197155352
136771056
127687897
250873322
822198066
611746273
393734400
86438365
30990371
567472049
157895629
249006919
160619006
581467810
521924702
282670196
552773888
504341810
145790234
535352724
240517550
29396287
181610998
768456040
676787433
710817257
181395144
378100688
456950
538146500
466485412
520514152
184200075
606036547
253582614
190781825
124756861
378917003
992419038
462011638
90001902
174250592
244056763
483822056
404204383
155027793
41275727
595004880
537408223
547732699
962174030
527028961
188177286
557633689
663613817
831998938
750226473
701508264
346150734
756198736
828351927
282833615
878088456
875186695
856293578
892218234
669326258
293380220
264607073
832368574
583112115
555118559
348375747
671828017
460239544
805920815
966218404
947656254
725500588
787577846
319175647
423209306
72163307
632182673
299254937
407894259
695129375
52803605
643775717
675817035
422289590
663875965
115916360
147926993
988823168
960580817
372886353
686537908
229699015
47156355
783042754
647204615
929928505
769763324
67461654
68552218
203145326
528513344
251383226
129705435
358623331
563602887
284881277
917795688
965258933
912758528
283811252
483318019
420327066
689931798
482499173
727301022
270928940
104329180
480974090
552600249
394348154
419465759
717916191
527396576
836076369
146093196
143533926
449396288
453148857
912273978
695481060
198873416
540497478
366056522
72910669
208625125
681566042
762895396
423844774
606787268
174315084
204809132
938642214
428628789
757689979
351310719
506391614
185350676
586949920
598562730
312497220
561866840
861138319
649363508
543736441
637287520
472338803
331175790
874193220
967982710
565725261
235991233
20035366
531874063
770637045
389675861
585452654
20782819
665956183
93811508
200021060
807165569
993891693
534339209
897182283
897901867
145542330
371579335
29205686
716571462
94202103
257838267
22417227
474892756
682855246
949746801
432760778
956419578
725084839
781826249
996521651
567163149
730176111
736916415
849378630
974214633
77998220
422057855
32175626
974053056
927072824
543653498
318953140
465250821
709584169
627152832
289828625
798774032
331785231
723454313
337579166
342662148
55728238
357022161
723606260
142331214
874059125
357751886
127516355
127014943
246334094
538384430
497442844
613556401
758621932
553448833
939698996
415854540
199986288
453489989
548699938
462593158
848973020
18699835
961521783
890601323
771383864
824564847
715028814
894031318
448593610
734501757
690964976
645719606
820357064
417859822
63425438
387863738
848016304
891692428
477011526
289832836
357119804
566941573
878789227
780223132
510237538
828395770
630135831
927492154
527266444
600946250
342266682
388316293
176546518
393856359
676696519
602808920
31161116
387190890
717715654
741622400
348403252
626071470
878265664
524475903
157949724
586922170
566785146
44913638
378719738
79541130
615030
175813187
7084549
787687090
457014716
652773106
854382467
289191275
600776776
254173677
253455995
446193070
620414568
263772056
609662159
690850164
887670555
561815977
822110881
329735184
735479566
626317089
539581787
479514810
943937267
782597386
941606812
301481053
429241424
134066858
545161014
395105273
90937822
252068842
479867087
166465286
388088223
314800808
424522176
280371389
339076341
647222674
834444795
135591764
916842534
358149529
113577790
787013797
588710628
263075243
360183390
878813614
821224269
194871496
292932682
492986447
384417282
267816858
958861060
781501032
202976316
622264953
515548281
73511683
603558130
233925971
629918694
348926548
482844321
880545567
893362823
154700018
985916115
170051215
364849478
633641361
587516357
105101390
314422099
187079044
519667038
597375738
863555994
338837930
712016571
847907033
854003605
470410698
100513602
820618943
602490303
921868438
918537351
741231214
494667694
136706521
904426727
807134155
218990155
148340399
589298181
572339097
480906905
925029777
232445125
554068906
487593756
156155899
174296468
499053750
422958321
924578139
457658330
526644101
391238952
391148904
223561782
288513763
791423347
459979
575517284
904040970
606149613
558681990
505440140
835999151
884241579
52890038
557717788
760620006
661223296
961747223
671789243
874999353
694662893
141060737
4388276
754456857
654061561
536006757
44598117
118401550
446036702
671553419
440700083
185378816
709637000
687954563
985955239
247505710
459930360
568271532
548276391
771749434
182945591
164748630
312364312
766312832
844112693
621586994
638217889
833672919
282880715
924700148
810414412
558331821
529689118
938736580
240464545
700959016
767135833
271092716
147287269
904907961
689900631
847857056
999994990
966545130
419996007
322396146
569050288
687622296
502506454
319996941
239339453
524797100
444416649
709798716
971502230
411513396
215852133
926761659
535801130
801547079
948451422
182461361
249563041
869117593
756513079
968343011
377938053
537580371
776245877
837203885
889047447
956626295
432746577
295356798
836168483
518220382
91597374
42881406
205829344
98384436
894878867
578465748
276644947
619267457
364187586
211581394
381903566
538165630
369020194
433959113
399623244
774876831
880416838
400420940
870689841
512949416
475135620
288318133
509607393
491005136
887020403
59359265
926098985
237664723
948111771
393470168
800573786
680339884
203248098
36273035
439007517
247031439
757143107
185111123
488746551
31905024
212461626
572781170
842764506
965463943
323788690
378640862
222755422
470955383
416756045
11792745
726204995
587416579
509587872
937395447
700877412
557534931
886415616
441051089
788098757
812414119
748801481
829857394
662149481
93905217
246661494
381507798
471779193
869225927
634402280
719705765
990430989
852774433
583209393
330191600
821620947
109024603
437398603
303147596
768929764
148398757
67126332
980707003
550797422
877573954
711486315
595340044
49115038
28514491
430422880
761686077
875106847
323464727
106684825
631228011
882057218
289034011
580522544
981293573
740950213
650424231
183524664
799441369
803576351
344318502
753130651
422675266
522699916
710909415
234110593
724571304
932583453
288037086
345246311
217240378
510303846
765762104
571293401
817490203
805945860
946991129
955720469
189385076
377535159
282505834
159712899
544966862
223997846
421048884
129963637
918309358
634402280
959063483
276580367
411038791
718391272
38493214
670184632
874004067
970864425
432108452
190865969
406066024
855262766
331244838
83487070
860620459
173614308
76835955
370522948
457388043
308992731
217457537
552027902
417585125
525960734
332419582
113389175
872958674
436418858
424766501
973667786
829028596
2317354
78703024
609173952
756136853
103775218
386088382
537938847
385465011
805158511
166723613
799640225
922084378
500452070
403258480
493826463
76500950
900659767
27830401
316176941
538708844
584084089
867165678
950566408
308379129
469724132
198224272
74702899
135512457
346253977
351476930
725094262
357021615
157913736
108125758
794101440
252758910
615630713
197438505
962500192
650309119
402317924
396978116
909899563
598961387
4885505
106593537
82925552
645617902
566573770
618137358
388609597
175862788
216252867
122241690
187128229
43675680
83261556
460192939
100607274
459314168
364235650
136321393
173461606
894532006
578864386
595995694
926493325
391594674
578632834
686380430
688408025
609827324
339421980
606106831
437526866
88073793
820704386
302701960
732371354
384513348
677117954
366062780
691595456
766641393
877001805
872392295
600576927
378057389
610562589
298146348
940421293
279162945
410045136
475217949
618018869
396992839
792402281
584032456
46044061
708604913
2805241
665484497
618857797
584179092
979441030
353854629
235640318
840698306
517323118
724762884
162771994
520846560
824952764
309593521
883941558
774905881
435569274
984737551
8642615
706410711
133726182
61367767
12109234
446854853
455548897
751604755
306358197
943936410
201809536
612318
874497198
59539357
700811681
26829415
43873776
707627829
763426828
887303633
887906804
817719957
820067551
775817921
464591925
298443999
706822593
483835196
152962655
517108707
378835653
372605027
788250517
21242761
205679164
618020620
411324048
760148321
580916848
891747088
536038175
268407286
243404667
567833760
41821745
359967772
623668293
198753563
383596160
443989207
457028021
866561149
105216155
957384935
106847550
122229702
889488955
581198930
919895239
197711922
486967652
366108920
536527307
122636366
111595987
37064472
729060358
580020555
446530696
449491331
696619589
154121922
658597243
202981420
607313537
595247695
73835808
220377641
358518671
536901951
994198039
140688939
44753080
110668212
60384313
19486279
969128772
978678386
200431930
586799894
94914063
880487496
764542255
766865044
633179243
649040978
975329756
396640971
312922337
656499827
272837885
34006608
903989363
396725639
396605319
738154353
479788686
271150625
394647914
957920735
139848050
596600821
682329621
428577677
905286099
904996756
862759478
993098549
669895775
888020041
244560472
678543206
528489403
668880304
465569913
95984352
4920095
757492014
407229118
960150273
137911066
544026713
895010464
510238065
669966379
106917611
561981388
833542992
891610753
548697850
859326088
585514527
852516647
871895676
155758999
25873066
753013830
933711953
73370084
208849506
313018924
279732286
478266646
562473518
869334009
437267928
393394340
149927165
837962406
129349514
140811582
950691926
920551721
580869346
911212032
551746007
951688732
914097869
162299280
611527137
949825948
407285812
355116681
735985021
794309451
740916454
248077750
701325596
980638212
203894626
967039637
786456268
236507713
598189379
561726515
630780975
944479838
185941858
181787423
516854717
821238934
831029216
607850189
573260410
469328318
774876831
74152251
593093630
850665137
766661979
88874967
436788497
513036387
989271514
562515624
65135143
624292401
589877582
739728544
13647501
253976377
49831689
638578141
615697811
675134166
871255797
159714553
896565762
173750308
283515310
122429722
397850009
884133536
389681118
426400285
145747524
853236877
673684492
897904586
587242055
264602454
940214534
741694501
544572547
832280726
895050706
126989748
222653783
670063029
726543188
300180604
133474741
598535721
58023009
337862423
811098383
557678009
539553991
473518077
430510288
607434321
730529049
497678959
368752959
810918838
834734500
76747449
190903267
341821285
611468763
917648265
309189205
987126789
995390635
496943686
946027179
560974261
155017373
501080658
264192448
619649934
888278161
855003888
230766988
723590165
197173915
41636719
283237392
971119219
68946089
500181915
316154356
223843321
44666647
385966112
896341066
725856990
243613465
492567732
544095316
448803164
875182819
30316329
98279819
872118346
802761096
564242550
960780904
38303907
459248972
576505178
826157689
457779169
184824930
802087727
687125271
271391754
967973
457731073
287266748
58362034
20716378
757190521
998165436
833841395
596933414
657998738
34033295
27126117
977071638
819574226
9418658
930871378
437858761
902507392
540436451
558874001
850381583
153625919
809834388
493614623
115328217
938105507
323090446
532582156
642987150
490962317
81247622
11867175
692072958
425756818
58547890
430923655
126953610
581722842
704750264
478978090
572107698
923336215
535662900
944038075
136953627
64634729
651157726
755806664
622955385
793576021
28511675
302328152
835275518
351800003
270546650
405011877
780500016
713900270
135566291
147856711
821969438
171512027
242255247
359993313
55140232
726790936
261392015
999377289
583450615
242539710
640881795
513039531
517130544
662406603
473973241
38693996
623506573
691046279
610177679
37854975
291502866
287320952
48673872
451394182
123231995
353278726
615110223
271666715
117971252
903020699
10308578
104339876
247676141
366454821
411057114
918246708
235007852
993452548
145039124
928843059
200930245
757190521
859556841
565000838
294806086
137166397
437859621
268327469
403382421
284923898
690905596
717923824
78125664
691175422
227303845
38256508
822070516
418847898
95455389
11152953
222955242
603341966
140738839
668110155
721667626
597925424
145134697
308236901
969117283
342844819
499065375
536710778
406384756
773110315
561390437
88665114
739316741
504418873
557745878
839895291
706896797
485030272
759622666
922011383
777499514
792125316
500331870
897433768
293577540
27905593
18648576
789503653
507765661
337488159
710292773
752599721
650841088
46316366
734840373
913764089
518087434
985722447
693012247
359447031
894153498
353995300
922120273
683733498
605715812
40264729
62671459
583528804
265539139
623195844
642760792
696461542
749591403
68709984
847541531
788650111
599521711
567287991
204515715
805363889
255635899
960986387
748442961
562389992
48778171
213283064
442172710
841401750
160300194
603167770
693737746
634054994
906428024
985023887
684258790
566941573
391990584
736029336
642152518
287426880
594783853
203358126
802712140
59625814
402327716
272233887
257695382
409169673
462954916
661192528
467880123
454580336
265223927
974031247
167097309
666073930
236240290
851497024
490370682
328370089
93131228
371859874
718261247
131190054
720944426
734962185
115545542
270603308
251969533
446196091
62566842
620232564
560105398
280450781
817491035
418190556
910651465
476434445
802268554
605438917
740205483
2568932
760707607
891636419
466728572
129971727
242072786
232188243
195391710
867265385
751743813
152929986
453581675
146743141
504563744
112010701
911785991
859713474
910611672
602355516
554069528
553586675
317724723
17341088
203262607
68075999
685214355
945097875
336215381
564612591
948278782
335408987
624856405
988173286
164519078
260711185
524691457
76159576
859343127
473404639
260127192
94516730
735909878
780734888
620521612
696314825
885866605
18494631
389911089
202031426
58526943
15290511
428279762
669523523
543329540
947791821
160768928
927965112
808650692
871684207
574990132
196778693
757622122
754441463
40392917
11791792
185399453
198804279
266321218
981204649
562176484
16723538
487296483
920979121
866203893
26445101
449439049
663961456
121962920
841505681
140738839
27963747
260406471
954706044
869295132
798475752
279695525
379612662
82733042
355259530
580715912
216366684
595799452
469505419
917818633
772630968
775237682
310351814
959252291
237380475
447624094
9706586
347623168
102986565
889856265
332734966
540729868
843770859
97365571
410405598
381766740
730642209
629759308
493231831
884207380
37238220
713489544
610287927
989006644
650908184
891209735
641532389
581059089
605872708
653944158
499104173
781869408
658815285
624981414
55133970
959680549
582011171
359862303
397736596
154454803
58678854
856683745
105101390
820865249
304106034
345267418
721819759
952875807
379004295
962005718
96639906
938919140
874502004
981279436
136965288
873561121
314855111
26363043
274497067
34926913
969625119
873939593
995776489
151172093
947413547
28768430
471920198
848273273
130975536
91109369
559005990
657623352
467397260
173885234
507599652
41715761
566271764
104652102
383392461
601716713
447508635
698500083
934397232
47306271
117930850
114671943
517381010
422733613
753799719
425884524
945777455
10775110
139949023
395990071
998361970
364697834
875150756
485307484
692604452
347669678
950091424
606763416
529310417
406398370
195942312
203126557
779692680
368992208
823058610
385335132
477029325
899030013
595541337
513061584
667006287
915495771
880310690
30201141
609371870
571498976
226814223
788031430
570520083
226263187
716877986
56293305
966955900
6445383
298298424
328004523
627844416
979470050
307645185
484316520
198112218
35298171
996373583
879130444
116383605
519489379
866804963
697223138
105802570
900169196
89416501
267646850
38681284
160368210
604831565
195198681
150502091
400940030
84427679
23859000
636621789
400516796
225218520
141551262
842249027
566045812
849772964
820409448
313230989
977438740
751396259
72332969
150122062
470138138
806053818
387673459
151006447
53584164
368763698
193836788
428132737
111551653
884854598
920099552
537896850
963652406
527831177
800139345
940522113
89689227
267264162
117168232
109529472
476994707
69484650
749957887
349171471
212583553
420200416
507586714
787968193
826360983
435400875
996587919
787188931
170072852
697695801
788054186
443515174
432488844
541250456
854532332
716184197
896193849
321422043
48204958
149184833
570687995
569753811
554199649
952474622
405217197
785265248
754450150
303428080
527332897
536026417
553913298
548835664
411843827
370754455
608793426
297934868
885123585
487451842
604414847
1792665
959763542
109093758
256073350
209467630
589140332
578194670
875080859
850130938
925440088
1075324
861298266
296605854
417127735
261934565
965139471
683149051
353765139
204706346
937476990
138820916
921362492
78541606
102325169
987304995
909570857
574868031
962280294
719776190
917419854
920681824
763765899
116945714
866782573
693603816
570373073
179809812
173501058
284205954
956484987
285239637
162773108
145993443
498742712
178525743
424129814
85928496
799527933
996289624
166193528
598214232
745793828
865969467
386545248
615846252
109782141
111806913
37313578
442910714
614685041
725708436
462682419
912971524
111657096
423533503
155021938
550731846
833603393
514846019
371451995
149028338
33225172
631515134
167535641
518743537
483835196
225259244
86418394
411157843
239485002
840878861
556705934
91826992
403834907
923650501
248444278
136436869
261407489
60658252
304090115
598604973
265835608
19135709
830958400
106790788
102674288
208260687
283892150
810340840
38263597
877508129
808831344
340607896
408383428
725571723
296894455
37676029
337723806
903407525
766723434
149547693
756778920
805497714
315796966
493286201
607968787
567361435
487279741
616160494
410785804
367734898
908739906
637470992
503016093
474265971
118827882
423579148
251044750
120459029
145830526
289769096
293934750
249281593
914333502
475228301
819747180
882054135
783321999
203548380
590583396
902838628
114035211
350662996
895630022
966041731
680018149
458631918
928730900
126223851
738104693
159507389
18197965
723618490
97203278
717750411
675248539
841631522
866826272
76449997
854173890
481527846
869861318
430407490
399680217
91881995
404252568
208239034
95511368
245767213
211157808
824481015
869400811
782453385
596771476
269572781
236997492
895079308
676265810
934060954
164862245
937093275
542047288
773142270
48052013
177796642
349390404
377751296
799559741
532880018
44729010
238066454
582554089
307313217
125744106
610657226
304845419
564115972
984503401
442418232
953035766
535672028
606727182
901095667
310244861
89958362
74073117
707327289
708631948
816984257
702842739
833576413
259395048
286191394
226283699
635343555
764407881
613708661
35370909
926004463
343464484
491663347
421789498
767581221
342549158
206742813
365281405
498148238
83227417
269105013
132765000
645810274
720156925
115911583
131373016
297640084
550042345
911109198
235673658
71244743
741192848
224950981
973454157
105211952
481075842
736393830
914411382
278723424
170582744
176139627
615202724
675817606
203778986
114491719
736648477
820154135
836886049
878925806
110063545
76065406
527808007
240197049
80643720
462162325
17066326
372412739
684337925
317549242
617416606
805895039
221489319
787047533
546833902
205541492
263799457
829850781
417547744
596216568
444309867
249777674
187315186
715160347
645804955
50988947
703759788
373392483
64953284
200822122
487599550
33688401
286652135
614012361
668993216
841362510
755268636
538007771
117861192
100021964
109540502
365499162
302767799
155847311
173365046
715420109
249993588
102547253
751629004
602426788
63207726
157104671
468659515
595117229
779109058
630028510
179925304
489489573
17662804
550782874
85929759
8275716
435729070
47874407
961801378
273912754
395818635
932382769
485971402
306125620
878826829
567500082
198537330
200747356
332262646
846552733
507949056
756547222
81843113
249759582
789191496
832202227
929455955
863056516
690563068
674657280
518245516
936385407
930941195
626587247
60074606
683652540
695236081
681421101
208239034
414256821
531362983
974546744
344856673
856252254
687662337
173500274
152921137
47622668
49101274
380765201
688494023
391673434
365503456
460938406
9556296
556153036
607872693
574782289
261407559
968013244
348592970
822174817
780404424
702396678
829849747
598645655
44702297
918499735
842032782
856372279
10844044
552013262
456183366
151785015
400331218
958440603
911130896
719401006
799515117
98037068
290477388
587210642
194964
266845904
310964744
444207406
664788053
178072550
701696210
674652618
172304956
948029815
188011297
90671149
629920368
570068784
71054544
551246225
802880705
209313701
560177521
402336834
125651125
696575727
976317978
126903470
383589248
254145591
173365046
915288976
764896670
76879091
670076713
952360936
497252053
348386084
127566999
719661700
536139379
221307567
846988447
439516717
293592963
675323800
459899956
183097790
35426433
308817378
244852629
264366353
549225547
868011213
438926580
823083132
938822676
765514905
962914278
656026822
935160023
922415532
561928953
52742295
744595454
337654345
326560230
676515881
617823029
96924063
766950342
924940172
782176858
700090443
443496914
20814758
971538047
878753397
148098148
83261556
468827521
239294069
141516866
767743640
790750248
530904269
54946462
533297590
519445669
847555923
227584090
395829799
935065234
939893745
52261471
85778215
593007996
413588703
535715940
841547413
759699321
340582327
358981848
281493456
756159504
308046089
519560280
928515173
871627487
360897976
952422222
596257938
379936516
979740416
964436288
942529537
694685357
899700225
266658524
674694722
625458318
267827150
70271643
338097051
305595834
62545567
334218009
387289121
822741185
436248389
482781750
986019946
857400661
85331268
42820921
462156859
266729766
177796642
117336057
116506814
141816744
502047385
360442785
942928786
619223854
611046691
501884280
437319135
42794880
503387265
547020434
457164231
920204117
185276309
182355151
9501583
180430256
2845021
792138543
80634749
903543982
829067311
780751362
464160676
114266829
7031612
938312675
216779460
539276229
824018708
612402810
419573414
309224305
87707179
399981126
806943079
528149131
674830320
490936100
872544698
984718686
250246799
57067028
298088050
396994604
924715336
464155080
15477608
225629112
720170481
213396986
771164081
135589210
376415063
575744866
538751128
206398976
366190964
800834175
594443332
802776014
171889008
211613244
546461339
50226857
114736067
962280294
454603876
4311961
185612403
341716222
443004103
460506001
423153579
957920735
507796917
678057183
679846175
387841273
97046757
161579386
850130938
401911774
474819687
849340365
541613409
125452330
269838495
120331369
60655550
614400487
134633652
61237323
537379083
824977505
668026283
793251846
272256134
99958837
936221821
205716130
9834045
6223753
285395380
144909182
154162099
37410186
926674801
431199909
151141677
279675809
802174054
809183289
327658588
678547468
628108069
115641722
916061537
797283203
988106696
704229341
659920021
381872612
328434324
318616721
284081077
158668052
581927389
895962322
799207014
641882195
839594190
828617658
237304555
665976663
404041158
519819203
196323266
128182457
999862175
388185176
678669072
581300801
796757803
774507969
52091093
781085364
450015676
812607976
617102057
173036827
326845370
691944052
614395520
356305179
361033041
677249347
460864534
296205300
730418999
758665274
97742875
619195218
104978136
401811296
764431267
465633190
273729174
987064241
223963402
47494630
915038601
216852877
328718650
770514117
140950300
48851331
99254749
337784695
672888923
152432858
36719246
423277352
222992321
780024057
416923538
593573642
606734996
437817302
275090839
142158053
183027187
753007433
990725670
343823355
404987222
642568822
935188494
511984201
468537587
243581029
872377157
231331871
704236913
260712265
741037402
691284406
890595346
242592394
387422150
675650280
167858547
304482375
861904096
92022418
721541969
369376589
650541602
854714788
733185386
679966396
190491623
800440547
966402506
649040978
493286201
210489841
276891945
672335096
698050256
717203224
654357342
897012441
883275864
693943903
647132781
512755331
731566923
987392530
887218420
671579746
72578877
189585391
496123658
482487369
414724465
906020581
932491401
588853493
21741875
7493128
696506072
319038079
702746432
518826317
190796911
262975345
899156024
762899041
896243462
796932772
76862025
129877070
489279613
900266679
950603152
247894366
647115823
530786371
887782125
577200754
635308663
198227500
531137370
316242977
175425025
460538993
368517965
807438387
615857435
845721291
471819773
473625927
851134872
514584851
757080336
388211128
181924295
794706535
140111351
891630374
682105126
892381061
524847506
108524793
323155741
128443418
447705008
357564198
318395632
698412089
50266920
41799197
64003717
632524447
771206103
351137817
998527194
355590451
682913489
825523081
902261978
311725237
441226343
766642830
530904269
591504597
810684950
154320376
475496094
811743112
35614126
719383942
715165599
301404761
218560960
90628030
874019517
331767644
701915157
246789830
832024723
448655855
608008763
29286351
950644516
57236906
16026074
354107209
288086347
511353596
722281004
326509237
172174779
576023026
624760262
686746758
709469568
176148908
748293195
528934673
934428151
854880217
83725539
214126482
27303749
888353839
992780146
865755316
60225993
297487431
89378569
838636195
848727300
604575094
402121976
398269421
366932349
562480585
723954552
320791673
665230022
988432494
25734930
814245025
288162398
106404762
127404630
617685636
119360235
966672805
632908598
361036519
621428728
191875328
616825858
47890218
276116486
252922001
196565634
260235844
708836123
930044600
52656502
843952732
234245379
799559632
236074493
778083313
475945687
549425654
560262247
981265097
294317325
850775789
253826218
403608081
81311675
153238471
734890782
125110101
747804081
274214709
168316051
341089697
685057762
79000367
160917309
547676090
672008362
508102991
103556276
805534988
343646011
42239229
316136448
652951369
717503276
96638712
154258778
587956111
807355271
921740571
368298292
396765258
650228139
962847613
290845950
665305748
711351597
397478905
362607149
930583191
643065838
64901509
271332039
680699752
778769765
985769244
958041777
917047949
799430605
155952642
707841824
72138424
973327999
613998005
518353001
167717459
879033416
729701214
266459884
224999808
343886601
585298638
3580880
316597912
913695831
561866840
484998979
973692961
965154083
987934954
454324360
726319311
866807189
787239647
219033172
609404906
131814342
114200770
82391103
440548642
936350116
841076219
369320506
642478077
387954160
336843214
672460122
531669961
871676727
641244256
963371386
694685357
352817492
360849461
981656834
24277264
476635545
777234264
665956309
794566122
772096974
829908010
131992679
426461474
417608583
700199980
345499883
840690029
80288334
141331470
371750376
925873709
649862322
350643495
890702910
460825896
859668430
196770352
37205509
637164670
351262978
574549610
979879594
426355450
947908236
435395027
188284200
68088167
19471540
658805277
173485496
890277079
607087795
573602500
952230680
174856799
50679287
420674667
15126667
435923675
787932160
760108597
620098749
581305480
747051788
156155899
947366061
395551992
319917771
29503472
516382004
399396775
93224710
59072782
271395228
963213544
36818291
797878848
254543604
315225312
473144706
866334629
828535389
493363043
126819724
433004914
126820668
341907058
320139700
949696211
942908027
223250114
717333935
30516863
176170950
758907831
756256515
227200757
250565985
779441129
667773463
205021954
297386371
385956221
315752821
374252962
347927440
225789051
447128959
272414438
847999164
956463768
709182783
56492244
126063353
894252785
30656775
131953150
713961461
14227426
385770344
954377999
470740378
677792379
780497251
66487125
164161588
385753633
561927168
889345258
884834435
398714284
42771845
959408359
56835323
875601807
495664293
213394125
21056036
643300383
228497663
73294999
988591464
223511871
985358737
112735398
155210259
693789917
556827652
335445186
264305670
18472229
368492301
70338342
784865534
409266067
774774202
796193108
743128700
842976132
287161777
175846142
617626523
785886823
209449254
529886816
162718924
241673659
200967815
852885178
566262235
474977997
686687324
274350969
923927181
281812916
396539335
861161058
619986203
790865442
765128732
951911165
259852469
264106079
46029707
944744641
793741949
2919794
997488211
124536888
299085242
434913354
597873276
798207152
281873185
839344914
74115693
146112226
520130337
179563289
825628484
600471623
841076219
328452429
599578562
657445548
420503227
512351235
86105809
851486789
51991469
360370796
629865313
962382675
928402880
991250966
40153616
143788428
678220070
856104340
635063718
482487014
777411352
669638334
893701008
278723424
469997941
213256172
717308476
235032218
45833949
511879285
487128375
880896148
401843595
246996469
174856799
511370086
998893311
691046279
504232258
178239898
214260811
861169205
501587271
356748039
903273980
278109963
553791018
85905007
927250636
952933559
419183283
979016247
902334458
362761018
709003637
78841768
186496355
240393432
106705448
569431848
148332130
845351251
305357520
802430201
625986093
967553070
363751426
718156143
705931612
878860754
191473608
84368421
15208072
467228085
901060786
107900255
643181791
561171068
825110285
955429628
909857353
504606272
952390348
256166501
779441129
249513941
695339076
398762194
858258570
419242986
916886078
856029761
95307433
171749978
962287933
504293923
429576913
167748853
720019439
89769074
154311283
107431931
356812255
969155968
956028718
749354622
473223742
570799765
116717531
984108813
409758509
919340246
859009308
165848992
289379125
315933418
859760522
514334202
702135669
977841509
783244946
840272177
139810688
329053672
195733013
855380546
440301593
366095910
562093346
907386931
814629010
997039557
227898839
187851209
41823912
783813388
604501866
986539933
200694893
126309239
593653395
229536114
160963885
971356354
377124888
908194455
925009890
482844321
156545653
666653178
69598662
354575903
799662385
815975701
216295273
499909454
345933297
827239744
183696377
233253431
659515799
848702436
461908862
62229258
370177674
125802586
460411210
319856199
917749371
375450898
467575041
747285746
359266054
835232749
485619501
210067635
765251902
627201219
578376739
54309709
924571977
796808119
751940581
81923343
350013446
993243417
312788056
758005171
848216926
830658387
532615237
496943045
715146071
414250616
790172362
274863952
10105337
5742626
491834417
560247080
771070239
892096510
408174604
364979037
305296789
111515599
423175515
660794924
502142679
985068581
899120795
873580964
186664976
696472083
380294419
905427692
653244965
541140254
407104325
796367568
783584328
222777905
782904617
348457402
786046257
194340944
480113060
307619960
9551831
902334458
44934244
189441392
855876155
328083917
171633794
197585975
159930797
657942909
410878397
976214048
122205696
742309772
435303933
599259701
371859874
914250786
205849753
348756170
783540748
782457207
925168397
46892771
687778638
793144078
271329516
437219598
309562674
914135997
628591872
464952196
67498749
967325322
374935463
521478210
434118805
219713352
626427299
564641790
708963397
737405150
227578045
338111657
46736985
69634593
739195926
842984543
526005599
695459786
468585116
765562140
760161952
863824906
321876670
711927524
824462905
720067117
270798065
924769466
610800002
660093649
795051365
508493197
418431043
788362387
999604085
347039844
599373955
148108694
914909519
917373231
307190884
66299746
62602841
622076792
407300179
828484064
670274696
534872846
262583072
317977199
464530093
714103414
833320030
886242974
107526949
715396200
229965209
141819724
920845134
702535244
325299344
396277125
897548575
382911783
589641495
485191821
160413856
543243726
244876837
171406023
629492146
297740541
209676310
748848447
866649873
251780325
211892641
587353145
589635048
950684696
292911157
105882096
351622707
35430896
572697218
966055313
633821946
77974028
836441370
703082169
882057702
981673025
307505448
565037499
21950859
873302936
145548848
590319074
465050650
688889743
741995443
529381514
567361435
85713994
835824367
356143075
915216977
376694255
650241776
29629490
936204864
273574849
979821301
977391940
989554717
722797700
219339958
517622855
152342112
311358367
165113992
476191272
583709112
154715576
983575371
139125910
450716996
392546579
27089269
788953650
2202935
447395444
51147233
742232314
347261153
544219063
347226083
66818956
919246842
406533150
811142724
521623416
611128481
520516986
551708835
114007851
391920527
876242902
910965578
356799468
202005981
729760450
435371685
532316835
194049961
975339362
630312073
796962831
993767155
606932337
953238609
976872835
711959697
125534613
978211535
5289717
779122781
571417939
943417558
577512610
772194578
929574833
178379612
67967548
562973303
103944699
723893215
97596643
216240583
273441923
361151764
755304588
319335630
670347380
639675588
355912873
756200385
943393045
115721516
945071794
509963913
263986828
812321248
853832197
70491201
37251195
15191534
986593393
334651593
963051719
513024467
630989315
212281092
722731270
4136998
373646289
723577177
736544783
163709997
411763680
866342707
59959439
324848437
892598363
885363037
970035338
851762109
661748671
783410869
959468540
973150552
105028586
234183281
998839596
892426940
11534463
281624214
611855085
100165255
808315701
914950272
864392624
755898587
954313015
402203841
947316039
927740110
547061660
498258271
729857671
471530684
714833370
780130897
285933309
982955976
516350858
507941745
759118420
724549355
754149737
874113618
460942565
567139342
173376491
470955383
506954200
695710767
622701452
938356622
739271379
410096065
747027743
958847089
589669054
505116848
346545930
398032739
373108060
115869783
671926535
867898367
106752898
644839689
685892473
299727614
424524064
68580833
642537954
130616454
792653491
869400811
9485325
606827442
869227114
194410000
412325180
135208392
573027159
103863430
605633447
992343458
240334474
345705893
552614690
717777366
461764154
156406287
760337182
915330373
173651663
671257974
271908994
63924605
927507531
559036288
801371746
473873612
874192721
380576278
112283665
535897772
644209390
244820843
310236615
246184992
427521208
94649146
257272951
902937546
582282020
583430189
372603233
661822572
854540524
45843513
750923453
473919717
952183958
701299928
977023810
42712743
286686200
9112697
831787278
952103592
895815481
740696757
892546652
666393383
828171475
932433098
240798023
952086646
228175700
583168644
651480533
177483116
405158046
41270035
124912127
343831814
504883332
698352265
752996718
336865307
200309712
874835135
725967359
105030496
868276413
830772022
107526949
297957183
579249465
918059418
562132801
144510141
649586420
397571890
228807364
868102691
682731942
979724950
708177392
756581364
801585030
955633716
507472786
8198848
188568738
965429074
685058273
992343458
296690588
490885819
138369676
869725320
151557425
137627474
917508144
317724146
596772250
298616044
965571712
706989676
108194347
262718379
584365920
324288131
895836306
475200628
759923027
860213195
904465639
523498236
934687392
532902985
288422894
245616347
213302710
836722234
804502885
144053091
41316724
454305770
656325345
28471770
685808770
63446740
315294596
248256922
103942125
421134131
435366993
631457373
2472380
293636676
499903037
309446824
20022817
979565135
2603864
522224006
918536737
194242291
778803374
721935672
900688104
256942259
677049416
526169409
449738195
875523310
590835192
447274907
19683685
307182748
277660995
859160904
319576859
373260282
943134702
285615833
891732388
386464100
796012134
542151122
670820099
28049522
806785962
285746471
349025210
729126693
816209523
261284774
10952051
425681905
169881529
689900631
199935443
941535946
500877613
139036084
40173847
178106835
992814428
591998911
753078128
496572677
541464954
198534213
416716417
547283113
998203976
655672126
437528197
367321505
373531772
583431221
24247846
545289473
546310827
601324749
459337243
201286577
102055353
158019783
603932217
97742875
404689121
800447541
149159319
543818128
139410290
237396502
721060740
326873000
514224082
759695168
298691588
209905364
454187693
626777370
470109398
953722183
134650242
554994150
238341676
11081606
17066326
695528887
107777865
640167499
242404649
588834881
947037684
827484625
60898777
706875015
162136188
172888726
578573985
929513081
349382587
630063515
78841335
747745241
347064038
517312525
791421458
157005052
118826794
356491820
501786830
703064832
642336069
815489503
355798291
740741085
556905852
239504050
500650823
762272000
725960737
763861738
180145378
63409547
403608081
322319248
719989069
223106278
841732467
12160529
781167676
521350376
716408541
60094624
932146892
949464115
596483051
766803193
783194593
940046014
22263906
637419169
715201381
484652614
967530229
247570938
340829297
923183634
182336585
4267201
460938406
137254909
846021818
959017842
713251326
454412664
927866847
331262437
855537211
809311832
507624579
279899799
260406471
508480986
281552913
915474017
360604260
179563289
572147502
910719836
741620723
500139191
874966369
86219354
154589982
145446387
398655134
347526059
756437530
728046532
141775158
827555649
338093727
24700670
908905915
207614431
464365809
109165416
454841489
770501296
52554287
514801217
894430037
927384036
207069681
298760712
268542661
18367094
540670083
794537409
315174207
693683482
169695677
259880449
703023170
93669168
740151127
138575409
457211040
183670748
331368168
531951928
40298789
926420142
122918666
335169543
860200208
307389681
544476257
697587514
431061221
616037086
665226318
870443497
181057616
22899534
480136209
707377533
640060875
327961236
801535021
774743804
393614414
405968787
276061274
786046257
380777614
24678919
907063935
882861018
368173409
854603340
465599110
28245604
153604768
835231781
239396561
903324885
342585612
965698376
264606757
775875289
916620813
281781281
981444248
301667658
87297501
110509067
964022277
676231306
32439636
9992336
959070144
135438839
82187996
886608006
837864638
135412898
751924953
682561609
884385600
8737421
804173670
71897434
795014171
308713245
824333002
395463989
197065433
380682641
402123373
143229116
199659286
526668158
466314842
529743819
132045971
661406409
965086547
838633238
545628335
502355288
422062197
97865005
959328087
731158645
7327117
959202940
75712660
890637894
910631691
629017360
43822734
23158813
466420073
353396733
251086054
573916810
654907847
674319410
600982467
971877555
528434152
706224050
508751526
232202789
242902812
829582515
307237860
504906394
628128222
601048490
703534413
186255342
487511102
816047707
119114264
768746802
43734035
11267848
987410274
73511683
743650295
246380272
915942012
755220301
245601796
264585600
288316274
354676802
556088167
630118971
966081706
251650044
151543146
724376077
680019963
93893372
130756574
238615059
866084587
903516482
997043813
477838533
489664028
626399388
435962434
358553831
408177595
271754262
462104473
56174214
39292472
561273429
927741742
204304186
623927394
494388506
564900420
13970455
62853592
576576275
462143765
215465334
823393775
688494122
346625602
625570651
773336534
285415341
672569690
449065873
185273536
504535208
688013399
866531712
129930875
913590926
217767640
82665568
739071486
326692223
869088877
439211103
820053995
492461621
971329556
846971731
947653057
504953515
107777865
348641644
117565627
944593256
894386869
506186289
256895448
104746646
569255061
668061450
764395919
441706035
888020041
696029739
340223662
481129768
342939283
798590765
862992491
392357471
290010272
175489582
894777835
627025129
953839906
446215439
967089449
571412192
29354431
201902288
188509990
820464870
608987087
549857210
923640625
40777497
735408862
167296535
356795438
843928848
971374785
498322154
826257378
817036872
969479114
10092872
304647807
87355091
797187260
7804991
113436004
703350752
371859874
148798135
823028022
168201625
933254987
148388488
59187500
324060963
559816713
892532246
86950601
225059930
481927143
249336820
51705343
664717049
999071385
664984623
326622580
169274358
929360210
15077633
136728155
940421293
771914819
244162214
942977483
715884192
698497304
787560507
76796621
258661684
228061473
966402506
212038193
772756914
4591579
570098909
331511726
936465504
694258977
692841737
317423286
950510581
702926307
753821563
991617017
660738371
13364316
589739091
731885947
511513131
900682299
381684196
870699829
633977732
672869745
225250068
184872522
832221067
951271899
121157846
411162178
525767645
519753680
41099728
746903678
225868604
29814319
307653754
449881961
501170763
209186368
784118390
643763868
841347446
738298555
802122484
332332806
336918617
913873558
819078111
714998374
939967116
896789373
858604599
31074358
857968721
430582196
141956321
350413220
194945727
295376080
517374332
633318938
342706184
567953892
106266783
183274594
519961190
464243830
713980672
799753524
149400419
560830680
491275509
117952101
825266863
917168671
526417978
484803667
513536826
676166265
92384713
331937613
379630643
579185753
73761527
9501583
405711677
557432300
165264521
178490513
226102137
801887174
640253868
839240572
493742770
449029382
760908540
667277780
614892502
583292348
198643575
151265119
973489602
287623813
802930778
834451154
415940031
706319467
485827587
882711889
346258125
188171448
267952589
988952736
16547695
208861019
271590525
116289825
6516428
552124000
97897880
8103294
585770344
487495402
24285963
380671397
297027084
319140098
351137817
697143037
910162345
708263120
559599271
205577967
119114264
257780669
319827099
797421144
345837583
27737852
538846247
491837467
746974449
198318635
143800551
827404242
568756944
778517954
10744313
104027938
177929920
384808142
95675697
315578700
311889825
11956875
48798399
622336362
17838760
298136208
809834388
547748218
553914719
594829799
684906911
471714525
418730398
470743926
667052670
14882432
390772924
157007465
757026746
861364491
798791537
245356586
706857743
312497220
384794010
61715708
28458323
112634792
748256137
914775974
658847892
754868707
568739319
459737178
185571314
956747087
351715063
809127464
884742770
40342274
636633550
353670204
38894735
102092977
173085684
789571449
940776224
52752210
660540919
27801363
319506331
871684207
198168535
942878196
145108022
197236957
779367512
799756047
472710985
789624210
749456374
728027521
470089242
618589235
147243500
825468218
90887940
728822010
509989656
102729478
163579941
470623225
79584945
30433944
229965209
897654256
33882927
979020423
202363292
530635511
112044959
993002
346046698
694723291
791822903
41258297
76464728
736087004
872971398
136054372
241503965
393261922
704295294
44508880
875493244
323139853
43292913
939325273
830858544
570047036
862974074
27731081
763788165
408476596
565738082
959254015
154663357
573808405
206480361
162235715
109968999
46411407
930103771
501215733
942166423
188311363
751284443
538612942
341260348
789370243
933194976
50963002
850327605
158057700
880994638
313573386
782194757
2257301
745880805
29166910
611321627
695376063
56350222
920374472
810508084
463024815
425871521
366488654
323582507
142715519
629955431
84131710
686954573
443167831
923297987
953631630
17253395
312999595
804970779
692472569
573075786
287701635
3422801
763788165
546681707
472764702
221771858
806004271
814090441
445948312
991321047
973568083
21764727
414366821
400779234
768608908
169998866
566976772
332242423
644358643
86453633
644866338
419394738
599765051
865244673
300751946
945841466
395450227
136436869
236266907
236337197
417536432
945849663
984767138
583058169
341342533
441138164
452162178
964490178
167902296
530474461
709418212
937230512
611708016
347597607
737612868
736850581
44514779
737176984
202386493
380787641
467069572
490346399
787888150
952040869
634647699
550466274
600277062
166439741
498490101
335974871
241783679
346694384
523143163
367705734
20704572
355737375
547001075
826569144
555108839
919180464
60131882
586609597
480393637
342880610
767156641
754688838
892815299
396785882
289213678
821204484
947585486
624864046
366301197
26964654
524362731
328987181
907154520
634690335
690651843
718156143
3939148
542494318
722157664
947326706
160325292
65842794
546581192
45736354
655461358
732980381
872297870
871180608
632059919
119008173
430944574
558318354
790102785
534891343
905367387
344550150
946663619
601230758
956127408
691892022
61372403
468840114
123473600
872133108
449757921
599796303
713188682
514148236
856299815
446622696
824143028
785916326
751580835
929243078
141823585
371427572
179085325
294232283
389516779
270039931
505497022
395883687
784150784
720673602
10055301
909904827
115166341
93411359
122682284
967817578
415389978
720320719
756163245
160979373
836445841
282497800
210064311
361395091
101201686
963045087
722511210
279681849
526366220
814276534
327101160
857094466
370044979
132846319
320727774
271250812
700360037
906584168
666150482
48770210
818183182
757531938
732363777
491465352
720827489
587401154
667946370
13161210
791123814
503307928
92061787
906894396
162690589
580385021
390699
169271965
306323164
884442147
304119720
314636617
657125827
326833640
425672873
664737938
850113371
440053750
561148945
320132326
796338758
608401543
526202889
495802291
554368264
135172898
876195369
314687837
576653871
572533925
462865360
682327001
175633910
823548142
54632161
764815718
790269055
39110072
391829866
156953777
116365590
680653761
628665032
915438362
147784491
881800543
29253441
534781859
589615245
271036595
404233567
908735062
21472598
662579217
192018089
526658207
136180161
497078252
99671402
995531211
53498356
859425636
867366602
160841422
70167891
995851700
842170750
286497276
289007039
232209570
261903670
846325595
744264756
220675207
80164871
330801396
142736121
454589485
285977353
202734135
107938374
854932316
264860677
896481533
159580327
360940747
590390291
899255811
873116246
453131090
908093201
777627382
723802806
466983414
225323486
794687820
454848172
35498436
962720415
558257347
351483804
684415498
447852403
3365523
795259905
905446255
261977251
292480500
51683974
252589277
299594485
266348547
853219310
530699980
92994001
571012777
656721404
625169624
732168680
176097077
947848173
856314523
906170538
539845552
135461389
936441902
975464523
711054709
847960697
110559508
401624293
651164531
70491201
325176322
583402549
747319887
723272730
585436690
482639597
709047863
566888808
222924068
889788787
562328822
461375285
553180694
92957960
143976835
545233442
716177943
868642207
297070115
169270288
208395459
67190263
994734069
5827840
66021526
621684898
621684898
812668432
959709096
95776892
111697691
675134166
76364392
724790484
378007095
328595381
461106793
931176503
187113770
641555994
227734399
710900128
761212666
806419103
659115837
697350742
982262940
94447465
70291771
705536650
21853339
609344290
66399813
482499173
20771174
707684786
849446363
974920821
463170478
825763728
839477181
227022324
859418934
676969443
947477604
524484936
827059530
977799972
346416523
774959903
928039448
727681247
184800241
638186435
344955787
721967839
577155169
864183463
968841865
668435831
215885292
873614413
982360500
48133722
628472293
156061496
657905539
715695220
152917831
162320763
237909076
830980608
359276202
905563013
299153945
442860316
346936211
260082859
541558943
236758347
128042637
313938436
755081971
876524142
808563455
925616607
649415895
59132972
934843651
201113780
984900678
756954303
929979535
215818406
713674676
961154649
372607096
127949865
771004413
125335925
869582348
492050376
253191057
100306560
53694798
550013649
692803936
762831629
565731561
195582375
256407843
441636976
753247177
542814172
411324048
667318415
349858194
151054401
382043537
531522075
163542760
727301022
867749298
822958147
310186245
596561759
310651555
473447651
765481292
309875490
563957449
367957541
689591722
397633842
393856816
603352603
140785188
758907831
812441429
655500694
310251389
508146350
647865521
690226294
121038723
692570060
6881697
915939672
434853210
550420916
630335778
203082994
427831366
169022190
79168363
211255388
472971738
699456192
504509552
90676501
95674909
606186254
630851292
701821737
249997004
775712099
122159225
231753051
787796210
285978361
674418054
694370682
962553156
385387395
961513238
772885549
757184470
53627724
649565403
203899272
155927651
759100106
489000432
110893491
987622339
474757948
385784674
741909519
293026664
381773243
590009954
993721094
275766127
898848491
293424278
868015678
665464559
18435591
366677687
833592021
165034206
129211395
369211533
187216146
757089596
953012528
747804081
234965606
566875631
6592950
714474737
502085374
563793631
547060066
819807117
3841803
779013013
995266381
986340078
264303280
508082381
430064744
438867745
292750328
204483323
649029101
439377580
772027405
455140883
151218134
918462403
999881587
884227090
253520640
52163877
666940290
577304692
403407758
290355613
886430057
992907814
374675213
531093484
946784209
457681539
981771137
425934479
629699846
394713298
815779593
748175557
528559266
158724583
295620333
810767112
201165363
21977037
236957104
852090724
675195238
817281972
612803244
324544140
418250712
284146795
78758644
132617313
714556841
400889184
941429227
57898571
920586600
451507440
632608923
869912708
495771178
626632104
299074839
108683606
227062138
430407490
819656041
353399397
973779080
577136971
957229291
611651548
831611027
222329756
773491726
308143027
992576899
237624743
123669490
50850215
66487125
455873346
854774879
32775711
425413069
266276478
768939658
360026484
904996756
462720375
373690224
531909583
210735109
241468876
245920038
789420019
960954263
376752193
929013545
360953251
578334625
316394476
834279859
15358277
173773589
761806819
444790104
784579439
163125626
330380206
746078510
86420353
569565345
27272662
12106694
9106396
760766569
562736098
26971931
32740167
253760331
40548541
583605012
945325308
33416109
160297565
345705893
940192285
980619633
556893742
268756547
550543675
125783447
959959089
656172527
132135238
52026772
432434337
458611345
488791556
238360196
267338614
439535659
66550607
681554402
943167984
529515633
465756223
163303509
141043587
275157976
139327892
413658557
558548102
368308979
210544073
377977767
434425100
169566193
781929907
441784089
494215112
261535239
344694749
936496065
527342319
194380990
731431226
84515077
400585466
481950860
513813064
594705225
525139211
5462023
749107259
472440357
893892091
5278364
209580981
147089090
60130035
314470893
841401750
774989320
753291636
644866338
314855111
913227667
615026075
252081024
93516833
290169565
165008655
187633827
858272971
848930861
480399774
217473844
847408121
374970629
21389048
306048411
193262688
970830440
835620806
850355764
204532536
172801773
657476576
367864569
92731135
801803142
500262488
116094229
927157922
555653648
526501075
931965779
773742136
851194563
731902884
61292543
52444479
571168991
658023752
384484265
737477836
963257801
581398133
526960260
282005050
4945639
325609938
329692758
19792082
297463754
319896514
641119931
972742436
381863674
667201545
681233710
470723973
203373216
609997665
443609138
298804964
730894942
864409990
872907256
51912780
224870074
323853417
378278108
163794910
277810465
306808812
70182481
848494786
403407758
11392831
441306905
78224741
623067394
172609469
81822084
847119213
685882057
875313642
109773439
626848139
503169273
392688671
299268016
34350413
79669541
224689240
646308212
55585245
315857471
455205224
308561712
736509741
959916001
589615277
755161529
352975392
927283200
357601555
541640601
346046698
854842211
524228421
955058223
651460651
833349240
732486472
718233257
302937402
26511311
888867840
336139553
182274052
404282840
985660948
584050435
786046257
351137817
660828288
562625195
761167922
501462081
811855816
59373469
603483465
271475128
792648649
685916061
298558918
787968193
847284312
106815990
65377050
473076472
824326318
23230293
466400139
751940581
12201319
39280178
841434929
566285062
249149623
810204024
758470202
677900047
737395001
438458724
708756858
392479193
862362744
261689242
170078654
464333528
835086731
265299152
791955371
844261308
696096972
177673794
800853026
560835627
855268174
750177638
889342598
770796341
306396735
779700622
107203997
660081663
21467568
95894924
748703718
728580021
802097806
31720505
456901429
816625419
131767216
73937545
556765470
869146138
707417637
949208319
800444088
496829865
96891993
346128785
960638465
613801182
331224129
74277779
821420910
170372689
577225907
142941665
506686966
62732414
595478376
601334095
7401213
832972577
328151658
552152717
19491137
254652643
976632174
888461967
151742589
966131763
401700556
979212698
406118628
103863529
936844512
527197329
671371701
110305602
933345686
733671188
142885691
950691926
617476135
961154649
904154724
457388043
802845132
287273358
90452103
478557650
401722772
231132715
106258318
979793763
775729030
665719448
301914734
916805318
19819601
222606156
853243393
629693879
880174469
212832157
739085196
785425088
497894922
867727320
176450878
768668939
588915666
502915995
694725715
12669503
126059838
511616571
908671139
537359861
684118077
44805579
745183250
250697266
76669077
544648863
479056028
145329221
103956016
141077166
554021961
588213383
345863972
703335641
163925404
155699917
202567655
299482010
903889938
193524957
444777462
560900595
437704018
989229927
334310179
485373015
910103191
161865539
956119127
857985169
952695409
817534284
89748883
406410000
874025614
356795438
831989237
277148118
689021954
212173146
912847240
527407083
234360269
808282449
852605510
546134918
845305964
873947384
623858697
76752209
981547049
964684841
190388663
232506918
807905220
696318794
525526677
454169383
601708686
896570792
483313401
839904233
384214951
890207108
298324259
742301959
913693677
29243355
238392689
339245994
24013605
185443690
43941197
224746424
827453476
980222187
95541504
137693727
983888734
926263372
543599689
133130340
645082559
704229341
518962324
266065484
730942371
655500694
100950153
839892263
312606911
641880410
704579675
587894090
560848222
824236555
154476464
133390106
245653602
600946098
321232792
259395048
470089242
768485157
340022946
251044362
958441551
272915661
980264356
22738997
442418232
621053889
168727681
409606007
666293665
305628652
170559949
91184854
192116613
711361825
846761657
662265995
774102375
1723718
8584399
325602767
52205611
789204367
732149065
892306679
988393230
877826429
947711293
839747976
319277522
413749393
888144752
767017046
672692483
19011845
621428728
771128392
236078751
872903606
842490752
451422799
706574940
363474393
672279605
840678686
82303638
669923745
981193463
804758742
477089129
491543986
978924929
255473171
765212936
791936139
950963606
900384414
391317508
450822514
820148799
9249340
819129447
571358474
213438274
908271283
231385159
902282570
253998665
617989785
418485929
363759192
408627305
653567474
444108769
10138108
810889174
89907838
602643918
53684691
11960755
121802471
961541133
363428067
462644732
215574197
678960653
460479134
383149041
13541527
360783371
99388529
585607026
217336806
643378384
382911783
586622115
494281471
116019659
424494584
853125329
966236954
707136225
646472070
406753198
752588835
504953515
454274001
61923847
775574981
593894449
40943989
337711856
158847695
11364842
557969405
695596168
491858265
70760990
388783625
811305559
129604481
733749123
217888087
308423113
784735231
126929875
495316476
528068277
316947756
517561937
601323854
272836481
270071849
584445815
637987690
606451942
177769389
333613773
763539649
556755770
804489493
23710163
27191418
64250332
364711322
839796997
195432064
888618627
414698969
185754960
883176874
771038222
45469221
928608826
434697932
550817288
141421767
448441331
871888161
175927235
209764680
65763454
587480173
224962956
730302559
541108005
658593933
690706280
335065138
707983932
568623029
685015455
36425246
567369701
913494198
737582660
35280144
852090724
110398395
95435900
463722236
558993742
674675359
133816202
876345168
654935519
102530237
533283503
879960152
486672405
117496759
423224365
513991945
389489983
447086120
575169135
351964930
44223097
807107032
784202816
663689747
431371360
485102691
826616842
291900262
649256166
529010215
266660146
370513212
116860124
802890501
132031677
420306137
434192207
818357080
427699766
365110057
264440324
573744901
818377567
402123373
594406037
579848582
603594404
569592211
168718668
17878672
157297249
566194139
951740440
459492925
20477757
461482390
422551077
678256299
951974454
502816326
875083330
781585832
159475227
57572430
903542664
736183198
796919857
879745924
398131736
496579764
855169141
693230400
650440859
992727765
595759119
877793498
777814399
772826034
395933120
701108354
471285696
809851858
492032653
772831787
838039479
120536652
514384700
733746171
403719571
159291910
634327543
678203235
957219359
708178067
738101738
659280482
908675923
43363044
123481907
549808966
952233778
956017535
657860226
162381803
164473363
304064992
523172301
946667734
46562711
33268800
228672941
994998729
872884955
338871300
861518007
514592666
808826365
291040108
636923334
915005110
611717979
913479279
902256796
412305053
573631362
223945842
321133714
365229149
202968821
526987052
181316425
292586402
937701756
524751181
860639742
768403133
294015186
11574658
486222306
832405333
740850309
521041438
457228711
679985232
303902169
275069880
537384006
201788458
258380921
392543341
826124800
446733517
2016508
777140388
406301920
394015556
506384913
802787723
629557430
723239779
303199794
171618331
720384580
933483454
446407544
74152251
187959484
201590980
321374440
680607570
202301064
707404051
139800035
697147394
807893917
825721102
835082028
602643918
943059683
883759592
608790136
977150292
845379745
132705336
55726587
126065819
374965117
23386094
155491151
68337090
501267959
86451458
262885639
372729744
529288534
273425121
802397636
611968631
560831142
19823084
426620565
427886671
248873517
554691582
304866222
769748608
349064149
226934430
406894144
950409194
606784014
161932881
656798607
518441725
596942147
169061943
975675614
661872718
486118769
289830062
527338716
382201227
373233404
320145962
484369790
362700811
213549514
154256682
298331653
50609804
205498481
167550313
213101876
548498693
213802050
143990013
54218248
588285752
39171219
432406679
639649144
198237833
270837361
130745080
851413767
499873332
618876757
406011095
316911875
174834903
801333300
365906025
602741711
111921674
123521970
990962328
333024992
105298511
29393783
501921185
76601447
209467630
387698289
826863891
392935154
379380948
932681970
289298408
228339507
717213703
295083206
493619543
411130131
900027669
595764945
375821758
177337869
230758672
81164629
423269508
927160958
727731989
532449932
792536528
819166577
569010224
815215053
393844817
330801396
896690840
106280427
134061054
936256962
496313946
718032175
426794265
265513636
626788711
811506357
870150769
580048427
484257777
785846519
274854101
703651420
876826346
724784711
307660801
962483597
120087721
802761096
243807346
878932766
752417006
210326926
14533968
592145681
504147989
352271568
582903771
694187874
550365010
682984692
342792354
856585473
165350227
627786440
893568988
119188565
653914313
612669420
399316253
911256642
260959218
597243749
418795531
121560370
277873554
918821836
92458142
515627902
853801485
966218409
111718806
237172495
643526170
86950601
727341225
807579481
134778492
349025210
860481001
155622728
701733063
594050274
153104323
565078304
375901964
556481749
707328727
779050706
143618922
424223318
244377465
336818456
182284668
128955914
907001294
288052701
385826149
810289369
792142165
843026876
325827812
181090759
521744825
726999028
759407682
34106243
676779463
650984974
925082114
19365909
446745922
629539241
314363689
359193033
917937537
900472494
967353525
612352110
42549371
101254651
394512914
518603939
743602927
831667752
431825953
8570497
172351598
901628599
329737784
206011024
803134930
273254676
944793167
290197084
422377616
303199794
711526314
961671747
209994351
894051894
842651307
623793263
447417882
292470750
202567655
974227618
825302589
418179568
676870741
135912703
903542664
45999386
604739131
829448183
982099858
764800102
631406159
182743566
231509461
358919768
705452307
958906018
806306765
32109831
23421755
817589264
473330516
260434710
879542972
748951804
596358351
124286237
835433224
186010251
39053352
523843313
995233099
25892696
486090269
555598011
720069396
881349222
300241031
519195797
278126661
739248700
346970765
493988373
22772693
191535445
891794906
464591925
891381821
766150427
904332205
311561440
436583809
349571675
725522858
854170883
510563440
834280784
710094334
292509425
230555085
203986810
888765091
728514959
954442390
82792641
16572625
138463975
165290999
397994508
887265849
444979227
277548644
874642286
857467348
111565247
229227132
202557408
335338449
92465439
317183328
395108915
268031851
207437234
560305885
888149896
588735568
711778389
901544863
339797827
438428323
224535062
87556517
263431593
630699493
736172469
527171365
43450435
611234726
39840401
620926705
813081564
736789748
654631627
209957670
986668663
139338439
707758872
756230997
866379790
440089090
250241469
603532474
305335886
680290242
185256215
937614861
219976842
551396977
468352500
761962080
587181902
879738036
327116611
610513854
618042166
110343645
315966648
830850649
840639915
18197965
454589485
985993353
827746603
926493297
419342126
660638270
831899053
481808692
690534942
220064609
84508165
155141616
497835522
492221749
136444245
686759851
217133602
119998361
645943452
77031457
68000568
639687850
578600997
538207901
854439447
767737840
877910732
976215631
687927261
845074239
931044638
822845359
222167899
52655672
128556650
148534233
318213693
672815828
419253920
34927181
616482452
42101965
220996249
586682031
397982181
946361324
778007805
320288159
661247059
634620340
363989861
882582349
331308162
859714105
602968837
776288063
985633809
265670167
953756840
825659409
410280699
693629116
442172710
595444298
121032157
485442999
61871155
48824812
76413039
650148631
67363258
385925449
237309869
450961195
602378285
230916086
990180484
988294006
211892641
359290813
962132903
712209954
565157079
912813709
500198871
34646184
904529895
723462028
685465109
310982690
937212848
166941864
148293230
207774432
557900167
831917550
36109762
734650196
504764401
169925053
940289384
377248889
327853444
217972641
265354003
735909878
221210522
267137407
188335694
913810647
27833568
83227417
803501439
396375680
729701214
520069842
3290509
968437515
857074706
460411210
309367610
641461310
349848125
892668264
593425452
926144572
892787505
769689514
127037702
138067230
324849862
364318684
341227612
306689667
806467956
96469641
216613806
66711133
617310516
646425560
389176323
192077737
284711619
726070166
126830251
28304517
995894656
591366815
891962505
251672992
828446246
202382554
895604086
355984950
367064528
160408498
865960793
589512152
719775077
132541628
132226635
518911123
174420451
667479991
932058248
87592987
690232216
408908301
105671828
885481281
14852181
654276777
362885279
849843844
830600958
227008775
357950923
940374449
481489034
261503950
697587514
502544552
865532087
283458956
135812283
437128047
861845203
597516812
481884389
354459646
550903485
617083555
129975553
270123661
757395030
828617658
680444652
96065456
43548126
370787766
875181620
332432249
818711352
216348598
640701695
489163082
82293118
1203554
655076783
895140845
166214786
934457917
50524614
60700471
266308506
813497397
251667869
362410264
618249841
231156446
664117350
433277671
843335196
69303893
836840700
114304366
436937092
205132774
407181042
174776570
280030307
742062831
275187680
420216925
967624048
426464356
440389249
648182873
482875139
326528035
987430423
444768004
108598205
952314889
108537630
511938663
192791886
423500567
412504293
880438610
925037527
612207854
481688676
269806718
780734888
57763479
920152516
361599771
447832672
361051274
250106533
495357536
819790898
222666539
121378949
57152804
68333457
41760552
365365306
280268953
630871939
666298106
88006018
307975580
412430188
200176969
216616532
586365238
948162801
956066706
585994004
708619846
354524925
192512017
139823565
19519213
578522411
808826736
963233605
688871785
557515255
499738168
888629666
704569623
231589934
886288465
738541992
802347095
886288465
366930100
249413444
245856570
224705845
28812465
187265677
479037338
368196571
227427725
45499606
442798571
183905814
425871521
624695460
160461773
378514007
677654798
477249413
244825265
968010724
696826128
414465062
619625427
560546729
117404251
211949208
55575873
805599084
874772964
815788492
831636312
472985778
551665881
402737758
879317026
416555619
534940530
283835984
872685637
717862728
494569539
806768981
717831367
181635625
621500742
280981863
515693925
353750825
151015699
691133456
269296716
352726979
572149420
679224013
585752533
365437051
446671197
51239817
145942289
266310973
864705887
441539994
681638348
390018740
80212183
972036176
465004646
924495505
720415399
399367904
381358336
2057218
299406088
365799630
537032963
295821210
341810521
805753018
757385396
43046429
135660057
495101939
606612220
885395091
59511626
223714192
471162837
821684800
226209311
208575963
410378959
159379556
361762178
198263211
731257034
356886892
212781537
175674650
377674673
568627774
110882181
793842687
860762147
651927762
334480683
393777106
559598540
806708450
966072159
976833975
844796235
349215519
454016412
130052302
80313481
428132014
582364993
865526248
269273268
88724569
91595528
445444389
242615817
553666350
75376806
453206947
202277950
918938049
115147259
269837262
891861766
800104528
761014523
69623898
261622974
862323102
835000714
479951241
72514564
289876721
664044931
565406125
999219625
860902678
111515599
214653163
341948883
906559441
694801332
53247294
154351440
922395461
705058007
689561577
917258176
487089992
477128996
254660344
116036658
732056077
695002785
314607821
768024110
873461252
499583426
651109504
74708792
919596379
63532684
432377673
623931032
103503261
515577063
96425637
929102808
439839653
934207593
382885402
597358201
906010357
81036722
704268149
925616607
647800938
253727693
562694446
749069473
695909934
82496637
367857027
231762062
681430538
983697691
501805791
34792706
718391272
90628030
887519065
256593231
397204550
648142215
636894013
935136715
8926373
476063244
2332528
406085187
480113060
341257247
618621180
143474841
258424151
964250439
748109941
897598363
253938696
217267418
950309597
487009084
476020972
340750963
227688853
573835295
383605358
396987065
892702347
475361819
270364787
522577694
217172278
445989341
855025865
50563690
318527350
519742750
352163284
224366384
394475066
579015715
613346217
573513055
178004518
560565567
326706437
961658774
865093512
64922071
224114054
338842714
333431424
47178099
175446036
710727856
171453610
163435474
386631844
479763140
895760702
557372160
161418290
737762953
822687012
529886816
672149539
947911060
998570007
424697316
849399515
757762903
594134462
698364199
998990651
88557798
945928957
546580829
82528011
664953842
911630128
364467851
246274153
831472570
391669373
708494210
449137310
373074454
335928145
234180809
48181328
19226143
142100306
684869922
720122249
485933568
722567826
894601111
486279091
244650917
346892489
815632977
342211203
34835482
391414499
720589732
289841540
457384114
174399292
608925244
432794153
202691051
328358077
766040640
1185589
254380200
372483380
188319947
618416237
471790596
808793700
338416903
758597209
275898804
215939349
149585380
925377233
147104181
656598554
474193954
770106133
464835826
529890280
272319064
963296827
924282907
146643836
278088703
216154120
369839954
101859362
988830495
219422434
236794027
47467654
480276877
750350165
889767501
275609684
158638192
679067567
375974845
653075780
649807806
959024996
346654252
619466165
829054167
154557792
953236656
334173072
689608814
462857202
136666548
102860037
939463803
163453629
34253057
177253274
981386130
403601598
366539685
511193025
459044335
921283791
16651521
180533276
75054377
396648546
206397205
227018165
414561718
532928574
115494810
684495706
970234799
911151223
404386640
861399198
898324249
629527596
683839541
620859698
181712379
944974617
970946277
774477103
520284138
116736359
550525208
241343088
565376817
35739399
27177211
772213543
765763487
934178071
407373215
295004258
274086085
393682865
414033858
927167399
932163377
67047813
539581787
554542907
937036631
279051031
123170386
611651548
895761664
343610057
188075273
391974906
815441571
523957589
104926975
128323067
501033112
169551052
36675774
241262479
871180608
389391100
405426066
260390720
319965191
830920719
99372323
249993588
637959960
708085518
150432062
477430819
157137703
536312751
251786967
894587470
9379184
804905790
626517789
493844875
864819445
639317957
688800779
597488834
470153617
691260003
36675606
426194305
786747416
505385208
839832248
794759084
351551141
227939016
59651880
778616674
338290348
461260874
369472112
965571712
651540810
186957936
389681118
543243726
140720774
247302535
95429380
115147259
84477150
227335079
23582878
681745758
751991825
922113166
349310415
549595070
264873533
86911588
516607207
289584768
908463141
14836808
444829694
333994713
720636589
884135580
898593582
227767998
289068388
736325333
728651603
147893263
539857173
186080385
582596246
462174268
531397265
532263895
602827263
517809910
228895203
100583627
182890589
959913079
265034639
90944110
106416610
959875314
820902408
552600249
198712379
254807760
357932301
674621631
437391922
267633643
676420593
461380789
570263102
672653105
653278796
920516886
160739724
359268854
644790680
317579602
240975015
284628338
864811926
399739244
362418529
268607898
433548577
495746042
130142362
465452243
932887119
229241728
834358623
37664060
482536914
894459023
106332429
357666874
496026431
298310607
918434849
536991934
86097260
472525114
502038885
138834669
661277106
390944038
468090609
567837759
938255598
911289659
577888775
404233311
556874053
583792224
205951112
111906718
1568563
401330897
38633552
704694144
597961085
648070619
215834805
71420274
127907606
158142853
696152551
676779463
814256812
840278431
530962266
669248341
654632030
717510781
186976301
68811717
234051347
231736112
504024117
947084646
942555310
552257339
978743043
377924806
725889745
870577666
549698199
407969944
742005809
806906000
947384537
958717675
794522152
335585840
724940431
823039965
149585380
747080232
173063624
992610046
4976974
362197248
671922048
669610992
603200687
189913376
363313582
326247923
355325837
226476312
255571207
795343522
303112930
814055583
877387010
582451414
696631903
668324724
831715917
843482532
147104181
929740446
361762178
249519023
862953711
735729125
409605435
799579306
336739839
671089846
701456223
921777522
922637821
356220031
835605198
518563929
41797475
779571795
664354294
546527788
998515536
380929234
734922895
206480361
296188220
430840168
916770208
641579221
754406125
162273491
29081022
43975483
348526324
15223395
50940100
811852285
622850074
114572093
345877093
294218661
780283359
843334754
161267838
24982149
718625426
823731271
365020765
68871741
527617107
869741181
769132596
595318936
747212098
976953120
293563528
389614300
812135736
183473384
736398367
799117421
91724529
122897074
259239427
668712326
850788651
494010846
756437530
969064474
107777865
30997845
93123652
33836991
706909840
554476853
833344412
584968309
554673244
499440064
885867060
671109212
590900493
931404678
306112000
438819110
446161439
720872637
649813564
199405813
135672418
770936478
715445446
585883701
307796462
696330999
574934739
653971268
177727138
825443228
930716384
778387941
700271009
867644544
964078738
587172761
698352648
262309437
594272101
727975780
518271158
846971388
4943460
696591856
98499159
632881059
210504128
753801249
650295112
484366521
100068734
567737641
504120259
875940559
109149645
435760298
325753942
448498259
853855080
75971869
331767644
335972451
85443760
924938439
674163981
471296287
995364384
994274516
257573812
332932968
615300544
658801847
543509768
190656844
338016668
849241142
89937564
538094668
635871392
606011361
207347094
657125827
144575848
451999009
986999584
961598951
865207914
351986075
252462074
677903715
869698720
97321370
716887768
999568333
403858169
169780132
745914347
201543376
993737324
565291001
670997647
141546885
672136006
88752616
185806126
773000027
129716349
161095512
666189458
13129458
311462566
679306183
210639
593022340
278414593
314438179
650235728
59961416
206989007
940064758
168582007
489739189
841788155
368334648
658399452
231098958
645152385
679624369
28592531
834421467
516572548
877070676
824435147
28536195
447930693
203091036
530000311
630552770
822833499
33197652
324656827
269720518
539168584
855550915
888404023
994577563
867432165
721523624
297091301
12710652
457544688
175842681
21475624
931365521
955018022
151822516
854319842
898408475
659713818
480069741
954612736
594483999
965561697
799646541
799266886
304974677
391715446
45792981
219590211
192997298
959975656
436418858
743525417
952936576
958842824
61129587
68027094
404429725
563808767
455833657
299095554
737582660
331573373
357596160
171763576
11272209
351731772
399598878
716573327
531176781
584602428
601715575
836980409
42280682
291881034
682499045
334887348
765248088
646933254
67667188
649401012
65375670
209290367
651500449
668641129
89260114
806677993
457180282
526345963
515620320
176886151
915893014
646113322
476516670
812099171
739709465
804347427
223470473
291791727
602267645
976777341
51216066
243343101
977734839
268471499
32429199
140792513
691892022
752876964
535657663
628679910
115322889
282315271
648860162
895413048
709931306
104866393
87437875
743132936
810464585
395298448
899707550
582044858
682924321
189973788
201848258
365300993
947349279
166502241
38175870
398269421
664670205
630122788
267848711
675929080
68073774
874236524
22736074
335028611
364262204
268793594
904934922
966299959
818253174
519750366
289673184
464089703
592909106
674174188
717232887
929347683
591921305
169312556
125160769
26019821
24861005
585970956
108820189
827880353
753752414
814479287
886415616
102193154
835478825
990802721
452135234
877329558
680561340
901953513
106768187
709967086
178532332
763883462
17308245
192841968
672734470
921553004
441803572
80746449
377237384
666757339
668093640
757425148
922292539
901562248
257417972
787661546
18289687
533773951
588573338
32257635
290769242
497831143
733358643
841547413
535100147
257817634
878878858
806848956
187212426
678669072
29712641
948392712
106982947
638366479
281292310
215711512
544680833
736811459
787503371
414979864
843427116
871087485
729060358
317975129
568107774
959152502
170282815
281682514
909442587
6417482
248809114
396413266
549956062
284205954
934584631
822076862
518391885
685394017
990245485
560543321
240003350
350389870
545509348
944790728
857099672
463896649
456786072
163010302
785654776
73086490
673957375
875376228
745454443
913348901
515177824
22639404
307569969
421970261
773960499
664161776
269774677
411246968
39380772
57303656
263586897
924578139
744213325
317521366
760299524
834071423
833000224
368270287
210122290
684154680
268387490
769430015
971270669
951217437
218191099
199061285
986610826
501354856
744745429
805728725
667622913
861558945
382890967
211778578
581125909
406143588
679016241
357767795
159769276
746146206
977307432
95583175
150077597
741868697
790530224
512530161
989819545
347593635
348083016
777962352
959946604
933092091
412875221
908915638
61198900
315011264
728102947
816897351
828395770
268536963
67504683
962015282
827582062
437733019
402849417
994045980
707250025
858332001
449800890
838403174
560177521
344079877
325525594
390501128
454781923
789904070
657133387
995755779
807494471
619527607
905563013
879613712
347101755
340496849
400996236
551264529
96288900
399959993
900436211
543738625
700655883
716801907
440496586
427639477
690052888
234702711
786442107
110951269
556562651
189666704
462150401
595166212
680418570
545228298
235580195
637851067
789838876
390486122
409304107
522171191
486015456
62332511
837472476
269662866
591257899
886122536
275707968
761328688
302308062
781011864
710707166
137245863
875605914
329871113
299765648
313938436
472019835
72461616
111273236
897106972
717638809
610224509
67407011
579353163
537657736
116685259
571562104
196717763
104786176
339750432
775045792
212444009
502474247
476368413
930272411
721286441
543532151
429743893
495917052
422448988
850973756
673510412
507803469
732161706
147287269
123214208
390067886
395581699
245592386
775146936
730000082
948682385
489148501
465590696
754885056
42143768
613309746
839788859
753264172
776169047
412975217
91839587
355440959
922907204
646853375
885765018
188793219
638300940
812393047
907963777
908102560
340480773
738633755
543205907
750556747
390442631
426469994
473859800
482752006
849809400
966790652
547864374
844309280
258778493
562480947
831605375
147962302
537431648
169294294
961560689
99892147
142037718
725008839
980484951
550387485
323649791
897098685
72218705
755161529
21490874
485015116
938613195
122377983
458221740
695156354
282813257
165664327
112542362
519742750
213057238
523737537
631228011
442944129
941695031
276100511
639803219
729064119
282217776
876826346
290670032
693358306
348160968
488043870
588820842
202013000
599362884
646784339
68135509
272836481
699047252
982756617
746279661
156444006
355812676
244489467
282254586
884351552
638162182
324958613
996869605
535281925
11169260
924868980
667188816
696826128
413532770
795005525
217638101
532811546
8267842
323950829
737592770
3527170
419870805
267952589
225367489
454083778
550002399
188841998
54079964
118791038
284921748
569999402
72879094
191766769
53777392
736135338
48148328
109384599
23935004
288652610
688154409
91162085
358545395
770074731
596505513
171948534
310128747
94270927
824694501
929041791
424144181
571697425
309148881
595215544
811463153
263534119
548191706
154566265
915581068
698565644
444312429
890654647
316252255
27802933
154097799
162921842
713019065
201242780
40678304
38651789
911514591
376579682
996373583
481654432
943157462
455413979
611383493
77706752
188815951
910822682
986247437
825418466
531644748
518867301
557859900
659913787
608189408
436998533
122282661
881318910
197955506
216220330
531462993
773254461
546605810
451461623
483056766
198826875
820199645
478864784
979905178
523921045
635454323
210713615
753035356
791387085
807804669
458715015
611483623
14395934
987559601
634044349
300639551
397879213
897477480
597510477
32539401
602666547
700619324
470241991
39242549
918958130
310843032
956773549
18842252
534935584
144124859
417866162
551945749
264708271
834557907
68084160
725941149
106768187
858222910
843108520
864031902
686318783
865955937
533429744
172107046
30132067
279700721
428058993
212921020
750063265
480979199
401105
758022368
647009345
611229192
24123530
482229113
346046698
164431982
741679076
336249952
25215199
20724174
251697204
227988769
144383366
358727433
515035341
105426327
774881188
780997638
703234286
526940487
924894486
842610643
313032908
562771172
110595563
307619960
675118173
462189125
179668754
202574561
390265833
624353893
984824188
720043835
235638119
811305559
880877830
98936198
896947645
861764251
850556448
447750557
495074969
870473021
372939630
446021730
764816300
82373192
488945515
830479869
811601704
631145299
389890614
875436385
766521833
191491125
357037032
264516255
802118156
176144797
689463075
266856775
296519146
944760254
196574074
589739820
196370633
976472240
733478131
635649316
265144655
377462691
888627033
720846428
724393655
883847932
786935246
384845278
116034862
820256293
421803752
941359926
657734731
338917015
408483107
596535898
956999620
194703977
40370453
177400937
139929301
664748998
112546802
834011893
350644142
625397855
513479216
21029073
164942322
85329594
258673884
33373672
693290531
335672875
98098918
606223700
369774327
845382098
330598900
785147724
877573954
70023487
893427461
103304781
569941101
52564381
778591788
198893038
505186649
438148401
544537114
666728040
707158856
152995772
934790823
616021150
248849422
900739979
237760915
721190517
357971022
406353314
617622037
856370659
891112921
643898047
268174911
23403737
993765475
321934887
257989477
807699780
884334315
96255416
1751713
672383853
843334754
886250364
996047971
118624653
661490459
286016973
405866835
573380948
59189224
627961893
320208152
352792076
970194581
582165811
188970865
940308176
216467179
586791793
57783089
439186678
436567265
134784831
663613791
95475752
849426025
302206249
762923721
213178982
658710921
904939358
410375220
554550168
85183831
983049979
742886903
338915226
846209316
203643042
239977553
852774433
395922390
249143512
573187458
8357049
234562389
267936603
934186321
155921931
415106229
74614598
544165542
163190684
949464115
667350283
456085318
416316789
396608196
995294334
986954290
348124271
558909046
751419925
207029676
257223649
249346092
163841097
232864381
73586234
122444703
281911132
480976403
101161773
370657591
56166128
761975289
298720891
368556636
362246872
691980260
888234586
271677831
719183096
234924687
321619106
192314382
160792069
60866956
674090467
523143163
491281708
53513930
307329772
729331225
222863656
743696966
716420016
471063025
752771492
185439471
201240174
173928155
609774167
411575089
921063379
997790005
757241816
922084378
837901648
941376094
322519399
207798726
633968292
343588904
146416021
161865796
719564718
300310821
192050800
53491326
738512287
759115313
430769399
432575990
162309735
531392919
629699846
894885335
434402412
915102101
718843996
196812750
20448787
117516889
280995701
957013115
109578522
287164517
958237416
974786939
817491035
690508053
273498780
319177059
592896551
288599167
46235484
335719948
493596641
999999662
359553453
678332154
353975323
961366944
88402291
195695586
13272565
914333502
416889504
978951346
3716212
702482852
782306773
886859767
456458527
165030745
509197316
218590692
431751602
506711453
300657058
530822885
478377354
974341820
205238691
251101823
213802050
785519432
966006984
337531319
902334458
604280580
287966780
873376611
418549025
958850682
822019225
815829071
797599921
321167400
219030770
786976328
283505570
708587936
911586395
520541261
545688280
552594373
702892037
871089865
419381313
145188202
593852126
133590107
217294752
568359172
250570738
559816713
545081248
707027137
304834431
158814337
748594663
164422796
619252541
958284080
941368944
660192950
474178774
412548670
816209523
787000282
144228819
504341810
532509606
676844067
308662204
235269801
589235056
717999198
312797109
438051024
581041197
952083449
554391723
481514543
638056844
61129587
521432716
767847805
810728585
681601694
812770150
878207332
392545225
682457549
828580739
361443066
195924250
207970889
82161869
150003059
208264440
655322214
335381241
73386858
515456640
991301849
577634735
159689280
607544010
40193451
397805479
625397936
863016665
829469043
51579179
377519455
864423912
164134332
829322479
589614486
494088219
604575094
261909203
487005778
294263817
750620808
367470871
531645366
56876036
491694065
855915731
86733012
65909628
414713917
826704713
724486997
954198085
291728885
686411118
884987140
664977212
704281424
730263706
833615880
985490522
175695451
649832578
194032542
925908768
190477083
271075574
47618971
714601361
32826133
489725533
81461376
730221043
736609653
835979311
537472759
564929962
999146194
877295728
830552442
468804585
30673693
221541741
74116086
989736770
947753551
18514892
945645553
389124114
453759313
21058622
629583365
564550486
936380602
487800412
503708018
768759448
151249526
680995639
123495521
547860074
454702901
916175734
500378640
247700973
768047815
74495262
586107501
431608175
16752147
76945564
973974673
594456701
942578012
583632098
912265094
599088774
774271766
162057043
183696377
139253281
425740076
211892641
684349842
841321663
572374630
693051561
741733920
29352794
531719599
602920237
347704685
757704194
572506591
171612987
869949795
112864708
40693190
518563929
275841703
662175760
61696277
726423546
607198085
815583770
556910075
110752556
745914347
51723006
58694627
246106475
530335034
157103367
683254118
678508284
646710273
551721505
501665496
565021147
667259008
228497663
855233386
30977727
840592986
956575488
491732439
505620918
765619526
792003043
873385144
367623122
628435922
150016333
77809689
652938894
645008589
217530935
656188750
46942599
415973006
445731381
216161509
124288439
195492628
151566612
255956207
974740250
666610164
221557737
63488059
316172368
584648628
261054901
413716596
603569817
731111461
978193596
111624141
793101943
259491513
976433009
199074839
168611599
11860236
954722120
84256230
105277507
596512575
66778015
872476202
811588464
186650578
785341141
2752395
418961674
529647082
887207244
937036631
696386458
855759725
261462129
937143655
463516064
223882122
42489555
203373216
419526790
20456072
870175500
463612978
209563306
334381642
11791792
821368415
909154067
681985084
971542955
201026895
669276696
409266067
366854171
769132596
506093628
196333397
103704308
771572382
496897117
548993542
352898368
519577641
314514172
270759374
965323746
428386145
508242074
877295728
636621362
192538487
194820098
85775088
146439295
817066552
508747073
149271999
682018885
652219216
583967594
994474479
666459210
21495782
314038072
961652005
834026574
812160955
164289593
367883595
12141836
452876919
994072722
171929165
959444988
45295914
517444687
917857715
534693357
842745173
987498116
688212224
331839390
961597501
230178269
116366779
61698788
288524131
100491881
208692396
904910202
314256875
273352785
516350858
788899890
612636475
699579544
778654582
353447011
693603816
461036630
546983559
637554835
855350922
674399631
155131132
162212005
350912645
978090364
253727693
673749221
190759183
255022014
353673779
502246449
618296370
682102578
729643507
794604592
270733812
575231434
499583426
362033890
678736734
701013711
776894322
246699400
376665248
106432697
417594227
338917015
297935685
744574850
979824371
79891387
679502271
478129627
516196772
610900851
407159194
479981711
556088167
106719676
764271873
714171310
265881392
163477531
662390713
376899247
383348702
573884419
807254265
438848726
387679209
718744163
927157922
602592529
945684104
409761784
898044071
294678821
664062613
100560420
628811267
891430614
157878051
436458728
312829119
239070603
640519641
597743253
479166898
598562730
515422534
27151741
268583245
341470883
516917547
383174494
785425088
5540966
593757579
86798538
52045469
278578422
692433838
765407059
724786384
683796950
36547639
638776715
861289582
176731538
809951293
137028397
228370378
640809391
355257258
219870170
62733608
333979394
129182707
746280843
750916553
911989375
184960658
107505123
987415782
150032004
752831831
525082945
993926414
354021788
518874639
197928756
379593760
944155789
998921755
309547282
230723028
1688702
458772259
668000981
832093332
319521630
719607664
391594674
884747308
543035263
697411433
120566499
814015112
231467053
829783174
772027405
930385383
128623645
746270931
536938276
394590595
337582625
358518905
621685887
565213161
772194578
457674294
671765398
660355698
344751977
864704261
958159371
744875607
375197989
449049796
542929941
467757473
811539030
691170061
516272586
824062104
579052785
336002119
420893904
860868810
627481228
792959071
297271850
643163326
342137875
384464952
643733215
300378761
500497218
933879548
493682867
709798716
306260040
704656927
797440909
803296469
233821710
621764404
174760847
917314731
903361874
946048712
40923253
80256812
642122079
831223362
611311709
595955178
803178905
880232406
164391799
362852412
115244735
766641137
533923198
340952433
877038697
562335974
914227109
62705085
62617856
147214963
651079222
228520266
94603528
548572252
36719246
258010769
205349408
925014189
245323882
641701360
38411027
300638634
676138534
940748476
853520758
920703725
349593086
589655637
358682318
18541192
771703209
327941069
591898244
97449327
435527293
473948604
241979371
886533001
189146062
79875716
838342712
498783862
459237596
793455880
370513212
720414433
395773143
887066443
184824930
14635467
169978980
971518738
255507727
58898360
364944026
937570465
355554400
530247468
240497817
388849658
918284612
931423381
663554528
543751267
368592710
409099054
75661549
942575405
398993879
821944296
903881250
850907068
547004515
163841097
141215832
64326753
87567437
201305093
359736084
696096972
923887181
770965698
655158547
747221133
665175418
329000874
654587228
372574346
928139974
776678586
861012509
741115953
442746272
471768491
655414014
401277151
678863046
686687324
346836800
234773477
899046311
68238433
609898534
180128517
349339550
480287616
893291881
287623813
485102603
653016821
839681621
749516476
124111616
174752952
791832635
407992893
737506740
954724019
481451391
614516308
908702537
769299158
739262491
193826900
575273545
861469776
654965906
327472808
535660819
290120262
10547894
691269367
966565397
176717993
929597813
501462004
708328418
382279131
347693004
297294568
279719084
793599343
537286461
599925270
467841731
647855319
650632131
457651934
863105992
488245848
420974653
802932696
572480969
564235514
103009509
215141881
363642324
575482687
530695684
945567551
240861956
230697899
450934230
483634421
502664858
962132903
632196225
442530302
108598205
948160275
981822987
723923824
679247897
37125938
929017636
749021026
861779680
391932834
347551307
825870661
190796037
930307761
830781563
16653938
781644644
164978066
741575358
90171596
644237222
399547145
501450479
190469930
820484407
774272930
888838834
859340202
799753524
565902962
773752848
881380834
761732764
203614404
545583057
117823412
215141881
88968598
235116616
224005091
617724835
48093122
294145965
824730010
801546794
141948758
647158792
931644803
124507585
391518293
925623378
350189459
800282791
323827851
323068409
127533300
252604513
264870018
315814810
303607188
424125345
216133008
492534336
176703312
52592640
44873801
414173159
96728917
209691631
365900614
540144119
464911532
223766186
823267078
420662294
905266819
367152514
734742576
219544360
616957280
913092745
985912127
521980742
552809733
621350409
868486134
422078849
385566540
477854327
936173869
164491072
454950635
227854383
63224211
222133045
707228109
230977235
331084320
673155614
306828489
545236389
726813777
889142418
902401793
510011232
967476327
407817913
15882616
668110155
432610576
584707664
512864008
437009949
207138270
443047406
80953249
7150490
481481815
322053139
859413505
921777180
54631299
307190336
745993738
687927261
137786748
578882387
627599137
943324516
253015385
811140822
571010282
936073394
579526646
510798304
230846628
383118932
158903214
310335809
299127458
64832177
545448418
374287192
374252962
695702209
260421901
311561440
881389170
928036306
91413431
583471197
557066215
727650431
184158232
281072761
556481749
721264526
103784202
214014771
280668487
461515998
39689123
136584193
931190270
190199858
242103523
970988787
771839746
560482317
93961315
56781640
408064797
833376417
632828937
663328902
389025290
612681282
97175655
195064362
460943181
151747078
106178812
734364715
285273609
566313351
882275345
592285601
376370732
576708065
509393609
782086194
972878106
28192217
345182407
726372992
309268249
107320163
413037656
282919098
912380059
6128724
232695780
185830741
842831566
398589781
218990155
22125755
697001114
334277194
393073946
290332740
954080646
552423314
194775695
165811918
843555256
266721515
667957458
35783213
174760847
318660838
95971486
14842915
586178718
872430693
429928377
335747708
480105143
574772898
904610732
104667730
64657639
452503871
320662603
78799575
969022502
609169580
495585365
305322267
129540479
335248671
655270428
766255119
238215683
142082070
85538780
6792014
421311814
331683971
254482876
715486551
108287980
218788173
789367523
132851933
105723413
240205126
64233390
137166397
811825485
653125922
562851345
526202286
602045542
484316520
305980768
288117591
126196281
311015672
9513428
655252591
597785701
69942222
251733479
487100787
738555306
631638825
270420230
936853384
963668961
784113231
970141509
440735348
27678806
259012885
489055364
247342124
873580964
25781169
367699362
654756770
311353286
49628320
628498922
483733670
136591643
950737225
314454464
938884617
781388917
679488240
333045703
445443039
799717599
419103704
352166027
103542242
469516316
754512298
725143187
110481683
430840168
303351376
513160937
731915242
146478654
211882037
555746285
685326517
432229367
659551334
537782088
906915177
610597033
348436798
126978071
178292434
648612308
958990997
341240829
233192265
395650738
707329691
236289922
847591839
232436089
18015096
882123779
281869233
892215290
897904586
767512804
83764285
61138766
142392167
646988880
630226044
825612353
427576141
130369829
986234697
930230582
481451391
963443397
302453565
306072698
404940199
902787635
173298778
994892496
796998644
282021056
270985463
161320751
154796905
898920655
758486294
525474609
149062917
688673321
173773589
693025449
962754792
932168735
464893184
640342777
467737208
805600994
294706134
554323215
193783660
257663392
330313767
968057760
719571231
383174494
200457553
230517869
258067075
203986810
903568135
966738913
9063798
121747429
150214324
330123706
74983824
790531453
890965401
92197470
70433975
28264174
289915574
212880304
479277267
4537373
102353011
407285812
200631603
526823785
294835983
863955467
492643069
651249053
904796425
804409217
81761347
510288295
509695609
161545341
17430472
208594046
333728820
768812989
231701535
162409969
964186973
651683882
999610190
825763728
822970386
177444126
119123144
495374273
760399266
929660915
41878540
614097888
998361970
19061346
800895914
862953846
704732909
725431012
351505747
111690627
296400794
306308654
936811721
258241534
48985022
520003746
12845956
698264239
51426065
330777003
983125269
704474495
914959016
31519523
995067874
32745729
26772684
562395371
378380427
444361968
335200604
65803814
126454374
555397886
192097573
964261963
534805665
33337738
157151059
474948455
244793561
489342998
527954410
198390423
295925349
529151197
736396600
382848534
545486657
500638786
95777001
303229217
284405008
983114713
234194184
437783450
768546991
843387850
888051098
593417908
866637576
820896228
609839004
74073117
284814932
784842538
361828532
494581797
62125797
993650798
500543205
965967163
503995116
121894631
602294918
76470448
668293715
5273666
673761616
989230949
936926281
90749027
992783857
62680304
567642052
734869627
648261802
396501413
739270540
483117640
413796688
76835664
557817493
644187583
597963779
50730357
139108733
299917119
680644994
870525346
54813523
934488480
856994923
551585084
906421210
878145066
605732926
52848529
65122688
886328232
211613244
413287344
89717040
275136916
593407565
477769810
492796995
667081927
358375938
482722653
383456968
520651576
239702799
481851671
442608845
584051511
548079236
221132426
598935892
744185819
646119421
65642872
617587852
367394143
219149382
760865697
751024983
743140769
149091708
289639378
707510772
197774510
604665383
409998065
948675586
481709217
573728466
155391693
709251617
776308375
973027909
130276469
486016306
215490226
183599304
200536918
875171850
78758473
335823532
21132074
523111077
17665789
178783943
184667175
842005403
825060738
739341695
544560415
196049494
517386245
281453492
65171577
894078579
466591757
900918443
275422830
893069259
380838889
621045508
789707192
346014951
376938985
640724821
107574924
317787654
228272360
152917979
423208028
74960654
543372671
164341163
450548477
516727989
362629279
350471978
990505640
476621463
113945109
245788214
889401066
475251919
84975482
633438029
842710269
85457330
126903470
321128841
440143907
389563124
129091730
173743375
273417330
175894188
781976960
57141388
741578737
378833257
664710694
525223553
226303847
932203449
603407916
318238970
815416930
293336919
461040648
141523788
188711895
771762217
753116101
954910619
592954967
236507713
941507279
494948813
817280455
747632673
916514085
842964211
345231475
994154749
401513655
798791537
706900267
429324746
14866093
967335866
610866183
401581365
901673044
345484072
964261513
431074760
352666870
770842912
484468402
180301988
738154353
274339846
299707517
892662034
351734676
315495176
9047178
805824074
899835285
684218390
732550205
199843128
781068834
566177143
736502274
686012910
265292346
296394577
53673801
341838233
568189018
109482836
227909181
849863369
909229092
759898593
520465707
757548258
39142176
499336126
124946265
119643311
817082862
26718127
113192312
596968180
695034200
298128683
555800939
939643129
80329094
97605882
742309772
461537981
316182305
641240221
426778228
30122525
490368537
256758054
721591871
678029847
272442428
793855876
319381547
889384341
9343612
848475610
949702071
652503578
978453905
539165531
162154151
530558759
869992826
582342054
463504498
37373926
284332631
334582900
688423925
71013530
329162097
764178815
709382598
885123585
910588754
702813590
6180139
914586859
2472380
30954926
122906732
667340550
651685092
213990962
37064472
466400139
437261796
30956185
602518707
883260876
294149768
323496408
846550527
113931236
78337496
468199621
356403677
696654681
173790298
167522207
582504681
635970862
120216371
163542760
281574045
594756159
739495726
952057109
332933260
513515859
399468037
915313838
37234817
945021690
855158073
121449915
476394064
966281054
213429803
631572973
825105453
680922197
922454372
556295810
668806415
437954484
654910908
406847248
256609812
916361906
670577659
943831445
538509516
774981474
783174584
111924065
172031268
681896867
77124201
849018497
549629032
399363249
565439652
847599736
942199537
275616475
71001396
695015341
235969541
551144657
965031596
184473536
938646936
81738469
996889961
787547027
73372207
870333157
264990840
711053358
453815900
684307514
392910045
921206665
182093723
427745831
367359406
12016694
197783657
305821739
738826636
681491722
667390818
933047209
274297135
545185957
366516045
872234224
801103049
12350450
215418954
340613163
41650073
750967889
464679065
387928651
114213222
455907874
601758350
184946566
287161777
980032296
392650395
799650717
589784977
55059906
795632828
592382131
561109805
542489315
408174604
166113888
262321901
655929969
160759632
651242419
663345115
889868204
8678803
997714100
559036288
167734700
380893778
890950643
291119935
742068882
791611921
63729528
410920258
890956976
824344339
917420332
993336427
195283011
40153616
802276547
926237802
38081774
213296630
426296449
741473588
45723276
838419260
950379536
175594181
259099204
378541299
377407122
597510477
763267368
57206544
392814002
165431321
493379840
527591175
110359763
740017390
599955806
611919090
788678716
528236643
760087998
284951774
265754877
648741478
913409745
729427500
318427404
880285166
832088043
76823265
773083463
915192865
304192058
901915933
907636697
451359620
939634415
948229573
561392733
682055476
399756559
347927440
428536636
618979876
890108809
664856898
850907068
198796687
38911143
132638787
948637688
582910113
200336949
548457664
613023864
661894387
628140650
282304255
288849319
680957898
174210956
27762335
662507852
447832672
727062331
204131339
423835314
133912185
127534658
222360650
837604068
398230583
734039018
432108452
340282228
986586708
277914160
241672022
343282621
315137945
613749413
500443003
272558434
724200690
404721162
76615812
756628335
270216329
330253446
9540065
354414255
360428046
435037903
826390372
217541667
198265701
903250459
479528520
326425763
702810800
152921137
22670717
280229397
335484678
539619396
88784096
850679584
770151970
118599215
997341345
679750441
480105143
479725826
986560650
547541314
272345923
898308698
630818837
471825386
415594864
630237345
799515117
376278085
349646657
308243365
607763293
177682971
176357878
628436095
270956633
239632041
968058521
358015656
800507033
293577540
772576657
303320525
854335731
92743949
490693731
100861389
639611377
30541259
292750328
301090403
592510916
189391755
615359720
984994446
951087581
662001098
783194593
248949793
529898133
956216729
658628935
710140597
228183139
49793223
847363222
922444749
780255090
137249347
476354222
45417007
724189640
229328341
26067982
278145993
993891693
934966329
601217476
940007074
891532907
877379466
795257303
703147690
326684430
507740335
186596594
615129837
354295013
435588255
749675228
906715796
166952403
227034660
386566791
411562489
431323044
975291838
659055421
956107435
913136671
750243519
398249002
868515811
11274042
283653721
884274757
874663768
567686686
209578841
308688254
232039986
624329110
277880712
332623996
464735891
108762736
147789352
891521356
433434563
660191467
513678996
333901489
128414142
666479004
109658306
75495670
868014768
875090761
232926611
683642619
268970247
207733972
491782094
218833261
752709994
305934851
544200746
715529303
984235322
220661159
224727381
682402390
820464836
331273608
378680218
157565783
423019903
30261363
742722360
4063881
990879297
248950968
960432854
845641276
931103678
433747016
173136068
160047404
220375732
84868379
757394571
349314070
674274469
14942381
328859553
923866262
69292143
502130930
901498234
718878214
300525480
337001714
462755679
748594663
351215213
653619258
823267635
201776087
212833093
271721167
116349162
919980722
242047350
799207014
683841683
442182011
843489313
414173159
835546117
661549105
589734618
654289416
42813113
657160560
429376122
704663949
56460235
828344281
2243499
531399679
248102644
596284097
728684985
946177102
683913419
211204852
16966652
29253441
945985082
626337463
774774024
665508350
279824744
63425438
3208495
888951973
476650076
222584886
949220726
181103321
720019439
157291259
928899311
1091472
134373361
462801352
601054060
516247989
133596773
654436876
617962740
320682536
392874700
256603505
441857035
781363391
268015715
510959465
543300515
590090041
328419133
948290152
105448377
23051890
651059684
331914390
975412308
642560078
251343151
106663613
874919936
180340251
350580308
229566542
223459037
885212237
283194152
455725223
203518278
140137789
475988161
102505014
442917666
690564756
806883501
806228176
152451229
187032732
122832162
405440122
175968499
998353722
991431946
75653972
59384206
844156181
278748711
398606510
358073996
534299649
347937673
425245019
576739973
339384177
64399853
303070114
583344681
609558358
104987577
244779614
758907033
157662323
920178689
76752209
303145546
420883333
940379344
240517992
705380268
856869149
250775724
456153308
805147354
265122963
495862142
467731786
711351328
209000608
933217427
123964827
30797879
403582886
777082993
189391755
13876100
818861869
953200702
579284243
861469776
491087855
664620578
249292850
127382765
460867133
715926979
542772031
526006573
340745993
725573745
806143084
325612812
414598102
808925130
527629847
683886699
353880798
83254970
482023162
75707255
176235221
751545556
964022899
390903101
920769114
299548561
256688327
294646466
923262824
575355454
630396710
298689844
439891564
64780105
80194271
265058347
927519695
350393317
723675245
782047096
32860361
45426884
253308309
151269591
776830568
317307772
599042723
862174080
858636843
57962823
494085427
327200315
913297129
700664767
9316626
28677415
301143925
766058099
315424602
483392949
98968965
200885150
267141500
738791578
971260948
688173172
190378070
241705090
588538631
34933769
235964793
712102402
439565002
551916658
756752580
317313474
172788564
991250966
437975665
398115334
601748047
922546006
243831520
156818676
293972930
255254068
641731993
460178560
695148941
179385111
466660925
644933945
845715338
388195608
559165913
809851811
194162997
183974317
727491147
897288648
709401198
2509362
895143464
378100688
828135506
285049354
786453455
320466221
371590591
111948780
573544880
441388987
887348405
282608332
388160847
510081670
208987145
222949987
466870002
14257451
430470030
867282450
732195751
837585352
894205996
863307953
338171485
384914942
242201443
70570860
50589577
484020289
439501274
408005824
182630111
815361645
604836374
228320786
349505623
160548920
606769785
29793899
898100721
630700948
883059905
439556874
255315335
642365492
651597049
861642763
67462881
133846251
245083690
41898660
61135535
201665518
111389442
789151998
20700786
235091450
851228149
892752993
565946489
102987064
807247200
576140697
232974845
476820061
504154609
124780163
727898307
379968111
899981197
256923522
611301467
99002110
859712168
497585658
743806043
118665134
782361903
489130520
823396314
333951016
280353918
253450632
351207494
200083111
432538567
511814081
758648952
981812918
240333699
264225095
582934635
319228579
430348928
453752514
779035821
434029514
563392958
867096082
232391845
583615291
407213777
501417123
606528153
946233276
373169230
642356928
541509331
759969295
399855986
354462349
766209240
834964961
770785601
47560078
56106114
541672247
89503942
617320070
930079403
744123847
756461260
78605362
715753032
859160904
114649542
366592344
176980453
341053602
327658588
79565194
157291259
38730904
453685364
849484813
915870521
169036931
133812752
541492657
832249903
288516864
512619120
882050993
120694434
435683304
702866557
456330781
744078524
862002188
589113000
145904898
22527503
10188522
675563133
236758347
548636604
631472977
20309409
676302810
895673388
83979728
336782439
533700540
851359635
105887603
144028837
528217842
584815506
688381526
207002758
57674060
499770136
208558848
652842725
545868052
573475361
203566466
235427873
499890567
456297162
805055565
188091199
202834777
62960570
442355540
203534840
177023744
781051371
415135679
721371642
668300140
156036164
610214702
498065947
591307627
838596120
243274309
545925550
860565435
507782763
568821116
786747543
913348901
174476114
731360699
766699244
57523200
79077412
168716580
363463832
682232166
17775126
130603246
618925545
985036727
370722366
584327550
393598457
935877520
175343011
682442821
859667784
294490358
648691265
258875655
468133889
363489700
490869853
60403764
151318258
958875483
848876223
216875701
202563716
684923286
993721094
732026378
323610817
46029707
776487675
626774651
313651850
371830882
120525673
121070625
715190779
932428778
849223671
816606908
757357275
297362114
765306529
31571585
181867114
288605309
698565644
637000151
502110582
987344527
995491289
812110983
567750614
417513672
933550431
880818737
487296452
995842849
992387731
826146543
29030797
660682309
488911938
479335997
594157969
281741580
962604277
693458750
100336097
328329830
668093640
854159483
621750129
687420158
968895127
373758183
294038188
122886574
302172052
230312755
122128298
182063504
787158139
33603056
228254409
300244770
351852901
817161771
361355318
430563951
108762736
859778581
231878585
234745555
485433304
763575862
939475689
244876556
235461387
462999752
624835449
203292615
607115257
255851324
196531488
725967359
997574624
176426403
305980768
94992105
937899929
197961273
926930502
771154349
574770450
904925158
432216841
290500975
578156403
191068761
892599429
216171489
583366625
743281329
849381461
429994795
435101621
858624967
305206108
154566265
247570938
333452592
934201661
933648833
835507967
56070236
500288275
248565163
222374659
179839755
832582184
825283638
593825672
724987763
201404759
573187458
694604692
284468118
218077452
378151700
405881731
875766755
718843996
898147170
639340637
72978465
444261122
603061444
517526073
643436045
564461125
275686435
739734365
3485902
601357730
816463655
718651887
798410546
355823429
784645694
576257187
175960212
808837339
810728412
817924057
926237802
283194152
644755844
710647075
223095896
115520584
791781485
804344101
376314085
623940349
741941497
953384397
420364194
312006913
767982153
223511871
600028859
330812074
495416000
783409432
826146543
924044887
152160936
189282377
486115233
32517102
807396870
314313228
552460450
837670399
713292531
503896193
392404484
523122579
271220415
991050751
478557650
962104221
391532943
191723189
195573767
21454733
897067227
124660016
387840705
54320823
295788926
219445424
730050598
344287161
631723976
610551044
868503848
373216249
971414816
268583245
349986971
651568919
713319644
41395229
670876733
559643390
793637280
97009345
61292543
576153202
954910619
228339507
943896042
544853896
487818700
767105608
497518038
849657936
940707612
627537794
710976125
142000821
643300383
789708966
688727230
336214970
822539413
213256172
92797140
81529800
984680434
532970544
175114481
254026921
457259600
999812966
427214397
612267062
88872293
527615539
569630368
569278698
612209985
362668293
449292490
850074631
418518592
261573054
774271766
18954344
935640011
591561159
578139644
507217039
720217540
844761149
78458000
785860671
391823356
327998971
505071725
826424992
176589550
661465547
39658971
158245220
632489735
32614351
102023668
636556950
521930895
753190249
148655663
321380274
966915029
928852768
42478894
983899611
152254908
425836031
433242185
638639681
715078718
676844067
792750286
354480390
130539557
339230721
203390756
457078871
525425498
567740696
586246725
104953709
217897018
835825621
268831315
721651845
830330207
737213307
258607556
907001294
994757552
197660884
994532434
68506848
965594348
914505507
929880601
701292054
866419265
745272025
587479792
515494723
754655673
758133754
367494931
75448674
288849319
527629502
536339360
214756173
637054533
334515746
674756412
836158859
962071282
670134167
943596751
399692480
661322115
83569599
920071244
345454686
584602428
115555423
375137977
96812678
503588483
467185154
296917806
466360260
684935605
167362420
456083634
67950770
725186025
622847474
760455678
34002448
697311821
748385093
620148191
973332073
191860824
366361099
715019510
683867753
497618714
950379536
224476746
12432584
530788756
186210890
979314707
10893858
178928203
991925617
814828228
325028795
477465300
161315214
137029302
354376970
189666704
472692
386111420
590447045
851509100
605011271
181966856
396141533
222236674
608181965
488029037
744831379
692512162
202245429
36549259
378590005
117318925
542243429
880387442
734968850
794898167
25820092
798130709
443888601
764979210
721179372
267253372
399570152
599291789
264934541
914183350
9599914
735308684
862838841
15942386
595340007
660542044
669952873
7986690
478662400
443247160
702721171
931937653
842976132
66766838
9567682
959262339
724293684
45513008
921181398
106108802
910359405
281427675
898827319
600582917
45604976
512818634
713129474
563327437
827558686
678458894
427400876
816503038
698942045
503383592
294078020
941792972
772947340
974005000
908217336
271884744
685319757
880769802
864390249
999239522
688499721
641538178
948956717
763315105
511963581
216504917
441135827
904511593
883497596
587105882
342061637
240464545
764545481
4429129
791654244
145945782
152486672
351082024
84666959
295726181
394198731
640816904
239618386
927266874
961396874
903319493
334471406
442952758
300944796
289945175
339921973
865920520
178803849
158461260
368983031
989721121
471941352
701404939
194570632
545331654
965840851
249353523
924868980
163294283
723268609
146390159
338751876
818056816
818067317
214853195
609592927
665490108
843511767
309310697
560211254
207589201
939486275
720944426
245527697
282610946
403605858
92218161
926752621
410619330
732997307
980037908
721470926
600456021
670851990
610334618
556092905
362803342
259882174
771591607
163804738
722505720
345110337
50363208
953946655
685102282
562483225
527832202
354396748
9785134
940707612
248984870
829773287
356017432
967668866
856455203
958029821
540556981
973039453
291659451
960546552
124926669
990653065
516937926
490083509
145500377
139650845
503635805
14969478
892825207
871823059
670291961
202323654
907764320
646236507
84590939
899707847
921404401
78273137
129722579
531865547
475219348
221666708
960344961
999591264
461218584
276841120
913054136
808650692
778253166
145607356
59505308
703797223
753568931
869825676
313339619
883936010
280883867
623692963
297916011
666620158
433734863
645922998
952797150
399981126
148616283
844912121
448408497
333633736
622185811
648738263
302204187
189332600
64251484
445421059
449357470
485905739
560194597
473858057
144086076
736414416
702258504
621395513
810057768
37436684
615270325
722163015
590368507
335928145
536527307
340950039
410832227
570901559
28916594
75614297
216908102
703301864
398475712
732268200
231542667
108655986
180192191
429028542
264708456
218711168
39389922
33840376
736653259
944608551
103338094
931390462
128739874
75608535
502099212
187277288
684052871
147737323
314306060
138664072
790190549
503787349
610449333
718116276
882147516
684723787
992868811
368258522
637976668
363163503
846543647
143072326
34894684
58317492
739164167
638578141
52928245
852602431
993966115
655704781
535773574
765091415
574032664
112278973
689285697
750744091
982436532
396476274
958822218
998000518
474079587
31819794
456962053
708711300
800812012
945940599
428733869
895593588
390555691
745286941
162953878
357327510
121250231
653525657
553858492
269006085
506563230
991192476
223064822
184888906
286414990
701334007
798558266
322359154
855152623
724498419
990697743
922212062
949370117
379998442
539889354
293276540
563539450
698904859
473429884
832016492
332259334
30969967
852613088
507059883
977293377
526668158
579246625
35558619
391770849
722020208
187173081
11920457
767586581
491400125
547564183
652978535
465552656
39512473
140508976
119430874
59547126
346203971
357011275
162236836
686256557
225176689
444742748
262430629
753327843
976101719
841299599
53451072
499581214
868736095
553217989
38910726
293592963
752139696
478878703
60461393
786087431
960805186
930670930
612532503
903489899
540112561
652822434
201775456
570677562
978357865
290059426
494476027
264789725
920783921
188365467
685094410
837373844
737747327
206664552
543353163
311623484
240271908
35312677
331713886
544946221
855184892
368160558
970708110
482140999
790241341
843426625
263387416
775240426
405915242
722932251
383880581
876386416
783595987
796120097
879354727
575277144
650436432
840635528
85012992
28471770
169286971
638713170
356041091
54209588
987584478
439648088
227664388
163841097
775102725
530112496
300293864
109333509
921441842
829799537
922767768
270531954
907667022
142372866
721729194
487165417
945184271
592241780
224234027
324656890
279900443
915957462
181358766
521360508
778228903
885867803
713759739
54724439
473763086
244636462
786110398
734305611
535431462
515127044
990852393
442028763
447967636
918750931
798586060
568996778
727325446
306700449
432130309
531702310
294875826
411278970
277939686
854390473
444320578
598481635
101769378
856588407
34933769
721596332
975978698
440061999
894838746
623594400
694286118
306528185
938735291
746603069
415471801
126970142
888684246
806021446
18319225
364609240
532577111
110719057
282829490
987344573
990029739
942611088
796584492
946479215
656780015
684881881
801940691
444344703
99763259
65556024
779909473
314221838
588580151
619289484
141417739
344589794
867660550
536697946
216805925
641444020
558476154
890737311
309724662
612318
429640767
134859548
243787857
715140078
608156317
814882141
145958609
104065944
934123215
10308578
805934287
654028127
796901738
19173424
999555297
586625396
253392570
299153945
980246206
419719891
299340973
208968668
66197127
401736300
751361148
794152667
445087863
391148904
620803438
760329018
578383454
834534732
157301718
387344634
899036220
143074219
831759854
505992189
437055437
184933394
820426725
114747051
759548997
372927148
638473862
510380243
46316189
904560487
828557381
917322491
699178098
933971821
709287629
366773711
277219451
535227782
684346624
495585365
53180234
306111558
100484366
38340625
765627243
206416155
306365749
427833066
282436431
99807235
391395525
905996496
205300385
475586466
171799635
154657835
859059983
482267378
449520844
211473600
91712546
860215888
344211289
222863656
509695918
382277827
453265373
342662148
143441468
419736288
723757636
358277421
242690088
419825546
825995609
776444322
804018119
72084115
596520671
102805842
553426057
575583883
155620692
593457032
476318583
461831178
799257361
572029455
25989962
192342430
150272870
144629943
164130512
342935025
759083672
600023445
347383104
237760915
105554120
594161078
141096048
907047432
668694008
477552891
800118260
496833836
347959013
936929189
268793594
752221730
35558619
628545834
465944523
461870016
576503835
556297711
589171219
593393813
825428188
694513384
376908986
939653252
107202996
613921493
215188599
327718288
825612353
796737677
44864932
313107859
713961461
779832683
586791306
120169236
494649477
276724790
895021109
349366083
987193187
911281292
717878610
723490670
871193762
937827242
664991464
124114040
538716864
79424211
803078815
618989990
683901039
844758346
418249707
423718118
168470552
989431779
26082046
615857435
176409088
456023653
435593829
666561886
572072516
857968982
249002489
297524583
355137375
827133580
793228154
619205946
740096746
91055439
838039172
27074685
258474475
72879278
700912095
534938363
144272546
723722687
877438304
638839216
669098134
963527821
630131615
439824506
636898451
531644748
703161647
306465574
699505536
7214449
473620249
751023363
84415118
168705608
215911960
171828290
355257258
305501460
728630202
887779514
611139093
926666639
393809129
373840699
233342752
611959068
658597768
936089820
185595804
110157275
441283314
158882930
420674667
330611086
9974120
622263996
798022208
984889586
966274599
184838379
984104064
919223010
89865131
162953878
255842249
722530136
468087235
940597512
857090573
491087855
317676907
707092532
627498876
738342424
846450071
423251567
624666449
139670230
654796567
45107700
159113319
509146612
929034858
661080294
553756027
150624799
243348285
511133733
402133366
881588877
41899978
242687735
367705734
904996756
114063551
442583620
835657885
387752426
502296726
777736287
147310218
689877261
737176984
454010458
757441619
984629534
497755840
734158562
74317594
15918738
82265133
347484191
788763256
612168682
536058634
426461474
987641633
862491902
786161493
446729155
124633908
46828945
899327677
759873164
586308281
658700090
44048174
810149069
820969611
776450270
548584205
811293988
532889992
120803080
870510788
781930237
905214814
391073296
512454722
670307004
759919581
460215131
189394658
676870741
528997879
423948404
744060462
534766440
426700254
399881234
458958228
948492684
718151516
424649948
364441764
414958281
377913899
213219666
453736587
581650255
104995572
600750220
310291036
181205464
491354980
655503069
898960690
765800150
440089090
368103652
117040359
333634116
325906813
859078386
859778581
558677322
962339512
352747928
707974565
128007112
688660839
549125005
410378130
365917041
184788769
635591363
263209876
282496236
223644231
503436458
764395919
57017203
238612884
693051561
332409675
465676023
862428086
122858802
419596698
653112832
241557725
344058864
134240242
687278460
343052095
382759555
672995788
448746526
237791897
319306675
469054915
386101466
416672101
485351125
712090612
474227068
523217969
494648289
193499395
288391755
913764089
648142215
818366389
587400173
446631521
999451357
781060241
397538076
119891134
291158045
300687429
959531743
105710451
216452582
697432109
289883432
331383761
675544746
212019898
734039018
609859907
483666842
88560057
919701862
119690029
791634740
261928742
719927113
520427700
240235612
349824735
753291636
759118420
156077313
451639631
591493587
976741970
406909617
861824755
634791676
778330646
223968660
820395642
736357858
645490846
657392206
361268325
154311283
886755966
929813441
843434243
995937410
482057177
452063474
375849172
662529508
661716254
426140536
889633674
94588145
435534541
141915717
575159231
249693804
487694599
437748076
799662385
417490733
139672666
940308176
43832629
812674122
464621773
788977865
718122260
912298966
140784037
634591469
537321331
504937190
598374212
506747598
493410320
510520649
54687158
546671933
986080300
945551144
181340225
934126895
992490252
840162850
71838964
372647833
969823775
399399811
169352861
383805432
280479289
853202244
736780012
879567340
20271570
590322498
427217130
200861204
245282035
916013145
639304442
718919200
948712243
121073925
110536185
345235544
123713604
13426805
29986613
912188939
40923253
603846806
631228011
666758030
887020403
629305943
548572252
284304369
258399105
167768005
759118420
796410153
982055988
215881471
962099517
920386511
53886298
781085125
303132838
456581538
347598365
961884581
459315378
898807115
965951991
299397992
5726796
986636635
259560196
79242417
231441551
350618833
548015746
312438068
814286274
311018465
204120067
216507035
188922849
160990506
899328872
466165626
657004998
567286348
317030420
936766382
642737823
231156945
180402542
410218594
396206955
301340420
305999547
388966551
390529790
171802480
834587539
138455891
736213687
300088945
572107837
615050788
351774943
97768245
139233967
319066074
234529580
739840482
571103603
424897178
211404468
116667811
907821106
888510838
840045363
36927427
845731065
524839566
484253481
828903442
83229050
209528037
394366479
339248070
700444684
979317711
588548734
127826250
102295405
826091468
978852246
174094765
656295224
522237888
1045015
138298877
94409010
525036991
244432064
58948225
675902107
60927181
762463777
632830695
29840635
378621942
388496791
646030249
804889169
984870557
131088792
539303180
546681707
829979329
164548435
311358367
929344391
64367526
481099699
105997362
647581532
852137427
28621469
531152466
498177781
118713403
588632123
161808182
720414433
846077313
95143502
455177890
278592312
93322258
326448904
530525702
786841946
59431859
385939342
843522882
154169763
645192706
973260881
380085152
466547849
403287138
693333950
186364569
135704558
263849023
968565672
340745993
655634164
899175138
58899774
273868818
389052770
962847613
67551555
484496070
136363494
474173020
676804545
985925156
372690958
619155776
43923636
699634520
95314563
355580494
308703178
390119994
468763543
120382000
493982887
570238709
184967208
228412380
82125363
158810746
189172153
623274345
270730109
14533968
192829330
400342339
166033135
805137310
764407881
878220213
962594277
917200081
653802547
154858478
95556969
755282706
874833458
799753888
321614695
599110215
772389491
681856784
521770785
665047862
550387485
402409347
626594932
871383087
701851893
706425173
836787095
296969000
574655058
812311950
518448798
995938363
42945226
596592469
164498697
338750710
67516359
142019859
561153535
709195026
455798400
302213742
638402769
148513759
515075945
584729872
228365444
230638648
838389760
784607004
633979533
570883849
872127415
176823200
3578735
632648459
682540188
231364030
642981596
426870246
320796060
607683294
535252200
962837894
47182794
593228970
105056065
252072346
441692964
622481668
424494584
717328939
814306733
240870238
559381081
848768505
58602267
347862394
715209402
678491599
266019179
445931844
764892492
601567093
720940275
192404249
445754743
478861626
615989713
355511254
23317159
832374198
898930028
574834089
992407498
619043614
847081416
749684621
764376463
682062981
984833156
637535801
151834782
970188278
604425818
845975943
722880342
240285013
662121864
619831242
126737250
130440578
126830678
828202685
675090600
657819434
430155138
756461260
203643691
553492721
918586459
659887643
332821778
765014365
454087443
512818634
147539143
35594113
266459884
218172126
104778342
244077162
251969533
977717383
304651515
348405049
124466930
323627389
100456009
461630592
107740427
888151904
225101964
796773452
965562100
652899406
113224356
372761759
897608406
78271873
805827203
638402769
688829276
46942497
732530717
362233836
9224478
820371342
539438111
984833156
198087337
695217745
751462446
496472986
85331268
59554436
258886861
644462538
975062815
480961446
293187163
746186465
248566005
520112515
741342675
936234810
650892877
629268191
714528817
361151764
683236587
386020268
319675398
588548734
697793177
396743056
234524159
314877540
944914009
513444368
887218429
206392052
877844708
890485190
872429905
299593738
60496823
817528130
354575903
697772322
247234746
185365068
931190270
840379039
600399499
315667727
651795281
800281236
861510102
843702243
195979643
947559673
192043459
398616486
687075898
40153616
845340361
723335001
297501334
752978000
812741113
888750036
900474930
861138319
487357796
394674859
577062187
798107456
116408345
84735982
731540129
833929933
993875755
713556158
203917621
496826482
327980065
79171731
648283076
990732195
479672725
475131162
510569413
638377708
651075717
359078357
33487412
130202664
656068598
540759476
524818909
362861182
951829337
42922719
981122932
553576988
179198627
324245187
740828053
522134136
824715594
186401481
376969886
260935610
528280657
236470536
14937632
508751526
561312553
433215796
473404639
512292580
107179440
76377354
73436400
653412231
318537930
471786954
50761760
405637737
784550632
378754607
896513920
91026957
927650751
343294011
722963800
294428161
58659052
956614628
461292397
935440103
793482289
375947079
290282037
833003125
962885354
773800974
856180588
878905844
581148207
655931911
256548779
667333285
604247712
329093328
145958609
645313257
383696966
598040616
528426686
874891774
953471794
536231834
550258670
153950701
642426140
746557826
979956543
238495355
223239570
854532332
618042885
271267571
622834864
447627184
649314667
369273934
563164415
547165119
828944137
809835277
550998350
825637731
496572677
388633437
667919750
878201033
199359470
781121895
3813836
759151591
113087052
647463048
821785495
589417050
159756645
819819639
249047667
822298140
928036306
458304474
343831814
262479564
724986377
709287629
179428450
799652006
165735550
544966862
515628024
568907397
677944236
433083358
19615610
435598940
486973139
133737164
744842181
172599006
157775786
412215568
548589181
288799944
756755005
544549211
702619635
432951463
623787192
929737596
988845789
271475128
151097005
326306581
142206543
651723682
718766830
558787981
201529589
841257710
141366604
136396718
243509156
125037995
879930991
622674818
985803697
293659471
242877713
399787337
497124292
27830401
212078610
902279758
952935464
619130049
194055055
518446878
366165988
343570404
292018724
234091158
665047862
866419265
148150700
56589095
266305638
924715336
539187941
960506590
269951203
669959394
767926181
363566074
989511756
810512710
310072780
396515722
604320976
859564103
288315311
549067610
663211958
292414686
581476652
212210659
176615578
850104054
152948736
927235455
850647872
244799696
834923758
788091911
478172581
227426130
765286853
719564718
570693958
577275093
272427162
976596776
503652817
86881080
898605020
309367610
383370124
929252200
678210245
829060006
85899501
614433998
518441725
937853168
567716485
700690411
580628014
927324844
139513191
377042914
924227298
247761787
127056508
155642539
403379980
630687469
905424113
513431044
128763092
34109124
255501462
374803097
626216098
232904955
619496194
954006078
351035769
171849112
352363446
563693487
164023958
664175616
979845385
855882492
664023003
916864833
278701353
529120778
133272734
713064641
612681282
861636362
719358913
796684656
874951085
175540364
179911594
114560355
433617556
106939742
346303477
598537961
833006183
460808385
220299923
600204915
437366052
749331194
653270692
30132067
741477053
970969094
114310163
619985221
46933692
159393183
514299875
870116257
969273700
219589043
10898379
689316283
166070965
68080266
563524571
552884490
152201287
434895154
840474173
8955945
151033462
370869232
351668426
141570905
174297565
529494011
151035325
406466825
130821912
321183917
799506183
965463943
258471460
988115087
618925090
154952712
44260262
183185222
23827757
398299305
758022368
731276426
149348318
441344086
600294941
590100977
742480953
896267039
230514867
987006587
486386981
187315186
430963757
459798961
276300202
265636621
853418539
433363712
964561162
931138691
990719400
393572196
542527809
523223509
451555052
891544817
646848195
707407656
964490178
810927996
699046040
150460865
959268764
74684805
854230678
507622416
896796432
330223798
844603079
391942108
682357768
739547645
401648847
620461895
804626151
12767459
922174327
677893301
732926741
78584565
825395228
489649230
510597629
855119850
940765694
343300833
293145383
926247692
990250920
571795764
374629366
22935956
697057914
304929097
320103876
552884490
112265257
456978471
635366024
425370607
703626139
484429973
782432269
210673404
580766194
664779993
169694766
688403504
610370416
263310493
50690692
630863861
122564465
390369459
302926618
80934940
958939250
884702375
296711889
756798627
894220017
432596432
275792040
336529874
290514051
50941337
261701310
424776157
765229631
386835777
172539174
790231554
337014829
845345760
210750863
783311504
748516531
330853823
253223913
648066631
192798132
94521124
85497409
420403658
191222359
383880581
632775632
36646065
436939108
561625840
251136191
335141881
70454458
121502636
520416422
434230095
814455398
115833141
791679663
772618316
856779038
450841565
320208152
394199071
811949026
437320251
958090004
469854350
44578059
983182487
345194143
363294022
973000580
454862686
682855392
80758663
675323052
935050970
840660198
44133760
124498454
152514426
727397969
639573341
790036793
957885367
128777334
602234521
438663557
824373416
902398365
526202889
775465052
10605665
813165625
982942536
877530313
263280563
557295757
674119869
209887303
615763248
108410008
434083721
3770569
208645023
439959623
45499606
139780949
777534018
733814758
595096875
74067681
78351461
579164713
729887978
468014402
562296283
30908235
685860693
351889051
689019308
110302073
521550757
977623935
913082687
527194945
816258502
565714567
572783764
194198538
784113597
593424803
510634836
379817964
868501224
513151812
404658891
100393461
843134746
279271663
12484541
864528633
54264729
279329137
788062418
482316837
98968965
988984409
614367898
727078510
703292564
797213075
87825095
337772180
219986004
892404647
7089183
395374494
411401668
290283014
586917170
488375466
164305382
274086085
939950571
878863601
248990354
316294466
629404450
986127584
517426260
258655389
28650856
619998083
172023274
832896952
447658458
786293864
737510240
849843844
419396268
825717542
452799779
775512405
582309327
451583799
220553911
477089129
391317508
546893052
562608443
594283145
791816959
658443904
63971571
494572919
717466416
862953711
299958592
592031441
426995042
553311444
935337327
399128742
987344573
1895821
500867074
473449209
175077738
846913046
799083059
369831030
855671870
369327510
913202006
718216609
586972677
908427559
204049699
850059182
956018031
121888002
840337121
880545567
449967184
673469514
842754868
977400358
700014706
222788056
905600674
36818291
946377990
838606967
260582011
495029632
954179297
767640881
472902807
64453962
433812487
139552600
227875022
731185002
796266027
913387985
146497308
914821463
161315214
731140052
304227964
909299809
623819048
50562947
635865402
591792755
574500468
104481124
578600997
662322957
353675993
986698632
14282237
895225002
123160899
566071277
817731510
96103866
526533751
631612581
373466688
374794573
969151943
2529875
216062785
936806943
595020545
239530705
121158868
752566817
962163650
459230284
807759650
96065407
983920546
115944498
738897342
648769501
225832194
713631015
664086237
71454870
940214534
681825746
358995148
860665908
489047739
431676068
881035823
661626154
526942071
675047138
391065697
500032400
914902262
827462376
156272166
63289630
276841120
732072518
749670704
984272896
533115247
542131597
908447732
718870061
534424428
111018777
846062243
85146282
372424758
709144097
125413837
800033053
632035773
183781365
190060701
683211640
598254623
969341521
29382726
100351014
7314752
978374090
800248444
792557677
587250541
712687274
950167554
141274700
112521174
399291989
137119134
983740208
476666285
216577229
921727376
559599252
295894457
84373586
75998835
497877676
221685660
552086330
620744200
896070151
711397700
467467148
701836952
494667301
878656535
753566023
612101089
758403381
632376699
607106525
258369851
853916505
161760140
808514209
781882589
956315615
877913232
259384849
860637833
794195558
400118729
12845956
149634978
362700811
543424581
544219063
541458984
647080402
730352320
887861459
690662868
336343626
903868870
468270143
905256901
752621660
888237688
755547687
339974244
745252035
678960653
370108461
556990422
851747455
720795231
889129640
861028207
632255077
362299235
816215853
774268726
200190003
235118077
769033132
321113499
558704900
836777300
929864161
997443868
596092810
875124493
631383484
697638652
847102438
422694801
592072253
873728207
330798692
563782998
19510691
170701927
553667195
579318297
540687086
266397624
928553377
618432399
487866870
233385778
980875264
49741104
294159602
714948003
648143869
994740283
486625158
56693893
281965530
611106654
712635550
43118048
44435274
7214449
709787514
627952262
267692832
617102057
153059777
233358479
196335957
405792954
34067530
361769573
507084393
784912434
382463427
40495924
990237398
879230902
228940206
379464484
132429187
131861602
439757073
738050241
247767631
653124653
357349838
482790552
341550792
543129724
668249302
657272383
945526701
35892704
306446457
517282356
214830756
954053925
579940671
384317521
879114764
908957230
651995400
222655064
5044598
56373958
612425796
775052140
947478139
745787925
4980511
548875690
86208156
492535767
228747634
536751600
641224141
803178905
465684833
242198338
47494630
577564501
134052070
190731230
358038268
563467317
265093408
332572134
431884176
949671617
882015423
282076912
391871544
572501490
749891044
873338943
383204470
210117666
889864202
250070694
403747220
394731070
668806818
550008133
174213944
89106823
485804182
689012881
54771523
327773662
82201457
20218232
760575436
176506638
267843680
71015214
991185913
534219351
129602554
263423918
453293619
753868577
678065203
113467312
284365888
572094282
339353072
194020645
192450951
791781485
747848478
836019685
498452161
672503998
825986975
804582972
326788905
520593252
721282971
414760768
833218446
665101033
283544441
538773896
80174692
814216989
451945484
774039940
726204995
987938408
910808556
524258413
353877628
9205630
593419176
883385990
377833061
118817748
725628679
533421314
704036304
628435922
112241222
578856201
219016016
48356047
620631192
70754387
822472553
459413681
656865335
95094743
530695684
771233641
324528599
252205243
72371352
188681767
740115386
647821344
433513525
712437758
903250459
567419083
42489555
474116755
892797836
870759710
158268014
142434484
440700564
450676017
111378905
290144505
671159529
440726262
310304142
436050658
974345028
849391670
46440352
230615242
814463938
65079974
532173730
391952767
209519086
62442208
48707034
281703696
104213084
396141533
916863818
368456935
587124361
539802715
361048446
934710422
170997431
445321098
636877224
369268654
815578019
840464847
59764163
256372998
517511581
965570587
73250894
349051042
668343526
978342020
240130834
299790038
104667730
600956586
747428499
639489073
260413552
577000145
635074758
852865482
827987492
528963552
137797355
388177372
564496538
258336968
968268503
958699037
83575517
539545659
748790608
636342924
591826449
760785237
417285872
164305664
732980404
611740806
421741791
737171828
302909236
960750239
837472778
583822235
919318402
495305346
273894936
321359579
299612973
13611816
42030327
576415988
14502265
402507498
821224269
206629090
588491001
737071499
594157969
521594873
301662898
698643654
558499591
7200602
345877118
88752616
683882148
760073356
112074200
341476659
250520175
322146383
395458651
87750992
267114535
638888599
619685659
93322983
920510725
850195132
926621423
226937814
474827261
207513011
20327899
909033726
152681842
126568881
211164983
295864523
337723806
283844635
957939044
564002830
43822127
1915298
654841053
201608718
729977006
843929828
237304922
229664054
679301432
509000332
890496385
941158009
673262027
519711388
988124385
953689651
830255085
911348841
19229107
342953876
645411235
672310220
406203323
704805786
564642617
398769963
98555261
134071800
651979887
108210904
639449736
725745939
876580117
970783236
908455153
668200032
330910308
23410288
940860160
883916280
957774043
997034657
734303989
759746057
987344573
262853893
554484443
887876311
862060568
636021094
489613826
723360057
786362232
403217153
129436385
714687884
486684014
128248859
64561420
707447512
614617557
447213091
893651047
602730778
949830279
735838991
794566122
126884879
52767710
596267683
404003306
862560562
465916539
616174709
158847695
267268771
33868885
673600509
168638150
33150049
812366392
886644937
9040725
902528661
840900980
246386253
392536205
196565634
598544613
505973933
772096974
776083433
828400041
332958915
363026768
866649873
531952832
400844087
696497605
896770408
76017728
216793798
205092692
115678630
306708097
330424785
653672318
139126798
255038317
734971032
599846109
254140876
128042637
819001254
431580206
336805818
272249505
60280687
837857436
492100316
227478542
287950481
567865175
810345707
349229049
736121589
48948652
171521493
712227729
976249636
996869605
706324180
667759369
741690205
619916481
269327925
402586460
674516343
2095712
974399507
901951605
5742626
513605119
903548331
812571619
35935143
98594710
323138309
745840975
384507814
368492301
91477478
635460502
685783625
536318849
774860012
215918778
183696377
676779463
336487393
303404463
919546108
48134908
639730211
826314502
504822308
897580681
464839183
256777645
686175501
767340270
389208783
221359255
295702062
590479621
946311442
243348285
275854100
994074681
394664165
163359553
477477260
864877109
491257167
694289515
670833191
258624145
675471536
464992560
425388788
517127749
785175054
51626080
353771670
929690350
452893395
940346460
107341886
917450693
277782455
314160329
469791793
526716714
44992746
732765712
253677663
439055440
831550078
712521669
773900263
388744626
178877796
841885719
765212258
917204130
176267161
323680107
232027148
753911404
354231820
739715791
988679980
452489602
627115744
393562396
557947285
653578753
652019493
772319896
762044718
771153865
803387113
918093666
375450399
753581502
230487029
608170183
168405317
276661201
404413140
663313727
764938488
557673743
68469261
104444307
669479987
291728126
807420159
848674805
703516261
374757845
67937165
695414947
142213781
334577238
261596375
69274954
685914597
178490513
341990690
775161004
186166850
4727286
777252811
489047739
364216290
419565262
602392628
985829680
909336278
342478222
222856832
373981570
560299065
556505182
857482146
213340729
234580915
31645236
388185176
467175023
934890467
629563922
308935188
591366815
968069609
765384345
7403048
549711390
326852876
449552720
60131882
813334810
298815567
1938829
495597928
527221839
771128392
283474072
432760834
82937127
349776853
71366089
516749451
971502230
842425998
582882912
464853064
830874919
646086392
312831328
745754858
780969801
10952051
889401066
624265488
496032528
850679584
687321960
736314476
612284452
78858818
128213682
476496618
830960785
112859612
4645698
105764788
688494623
778486683
524393941
484587101
751792265
147993525
175799335
47086343
641968565
176904935
946027179
497528150
523896308
195244827
757994147
306542032
544716303
152083862
621274935
304627912
831300269
371208758
174727873
279450071
888901096
851521556
922611159
399754073
798200843
636442637
114287130
829755517
1385687
254803398
391542185
42082651
21315361
881060066
993028882
144316204
465597030
923741630
825905416
43860915
608346788
29746087
559500609
171374649
299398196
543339686
198159496
479718099
51537775
337636273
287917597
344903944
656155927
923524355
381241879
667999378
633179243
486961966
214933986
713102782
875246893
554989293
718032175
320564718
122841569
440902021
504563744
298009702
549887711
724699494
137170391
31244264
509353199
191831602
853798053
878968855
216592916
621832139
383004840
253460754
75947900
262348117
776100091
728650839
911425116
435485054
615981792
818005260
719833910
498258271
141810856
98072733
650391228
335285907
478984846
163503290
67864543
90727748
159393183
703427752
134814125
906959525
476628250
664026086
299151151
99660795
635001279
894584940
254995069
713208755
470343960
600829153
551980634
369023126
980014409
542440540
23665392
543323778
733478131
733044178
717715654
165342299
407643496
461711277
534926541
144352106
548002104
653619258
899095171
387255041
562796064
401655262
219824963
868486134
192951705
493784945
123967098
160299696
493980478
977135788
70277164
905934696
438449772
27388804
669391674
323055686
796613405
528384401
462917160
645656691
909617329
241168013
630909150
497546467
704278976
4254800
100324634
822756292
818339086
511167221
45952509
249287046
657055888
669601479
445931844
502862474
108125758
873410639
783027997
477594988
990608811
741522864
688918423
934602054
574321339
420858825
69597383
630428516
580869346
594296534
408726428
187463794
621767893
309257852
36420900
807804669
528780261
801389726
446635655
872314552
528126845
755331496
934535206
449656243
438535459
485088582
602242843
749340787
568362453
386101466
939947068
527590415
314640517
583341174
720797938
467926792
429366698
463948462
623826370
937424180
658314558
534071478
945270260
288457243
99060048
432293127
100161488
563159184
301862477
713019019
848851103
525603777
641833761
440347986
119596617
746572005
671912943
61540293
877282952
993068149
637463689
385765864
545126253
925014189
810664542
177218459
779119935
483314691
617093886
739069918
647475348
909777180
193469743
41608153
309351766
858123705
293935106
125363561
830689336
380768365
396756251
292211188
84514049
106934180
469092898
477404850
541549184
273133211
276895843
751409472
284554808
788051526
355262435
533455688
142492004
710472214
372387821
673168089
572867260
133296693
347714310
22884812
953105719
421235783
680337394
164938892
100732519
201203898
512913713
667861513
542081061
652736431
134876539
252609429
90890710
307825402
636298269
82369755
554691582
691007767
357670185
167765319
379774405
276153214
20316614
320758630
765091415
614182111
143614736
954107522
246392574
296432809
974707982
835933471
680068770
662234502
948079065
23962165
132521788
632723174
287117633
130590842
886005405
923237475
902528661
107915288
806586392
785670459
404394896
651795281
697937932
85971349
245556416
572982280
849458675
77397876
192039463
335683940
97080753
340524249
598768763
645071218
73475728
340776638
712209954
748165859
724641831
120832461
231311102
665056147
505869156
875171935
124753337
899963243
536697946
643274779
369485162
131767216
82161869
2163830
968388968
308083860
188141776
97768245
504846090
173107036
458632522
214385263
115979560
686865097
418335386
8123447
747077182
389933002
646511005
930859124
675696801
495972115
136152641
298925722
330784117
54226343
136267432
924765429
803353772
150109071
915519824
774090565
822687012
604188912
515577063
950347285
482875139
579504983
804259223
592031441
754279780
196173393
165961258
356513364
181575730
429237728
780734888
918337536
354772854
369923616
174163513
871614488
976991253
307437246
162653874
67282729
635425839
638109807
566387270
581806613
187014898
290027143
490926875
748869898
927429984
367556427
286711889
627570425
596236527
895440386
42769932
300633678
79683978
453441988
400445510
180928593
341920006
590258591
122905285
387029734
304347806
703023170
753925721
509556720
617382547
17667069
712873882
34756168
773304920
446312994
128323919
111718806
429221088
768088642
377925741
893739013
250531383
609427243
22283433
150551012
382402440
382864827
715050326
454243673
487791709
520003746
8082594
27802933
101408886
82149067
426350076
77500510
38175870
240705532
312477089
417503328
475486007
752362483
407993072
884982979
668712326
26318691
578981797
809858226
715718427
662636274
44598117
912646966
631105162
787196758
552436377
543907287
394325048
112621685
898122514
851117298
763781668
688164774
363545042
181285004
896681346
776686428
431963077
696930295
914091093
766639750
967953469
629981102
909758458
73696120
628682839
90174104
769933043
371738608
283379673
550032004
228572434
862168745
40451762
188753787
132633086
282005050
774102375
198405134
141992985
457625929
47080224
715392260
830161482
967691420
627530783
518980309
117395900
440221911
620378966
777668916
648055969
15735550
747409031
726760201
653207252
87109238
749280839
37434068
484026375
632830695
999696877
722163015
524105968
621944868
259458882
581212741
446950760
210729249
998104975
218638554
404471107
383211214
166037552
447591154
387687681
400297535
471415278
432378139
918726089
427583923
189115552
808909383
570362224
132438014
889657090
908944293
909086197
115759172
816697605
184781323
590505640
655672573
249777148
849758030
686581825
376429189
105506837
906804488
22087835
840219151
957230993
46927448
733500617
964851749
549467927
28129327
976826308
730860969
276666601
716103603
326276270
472331842
433341796
158689106
175435204
828325705
947216609
277077236
283066696
511136703
979733592
2869274
349020592
718302922
64126586
340950039
66122679
986252554
857646888
8569049
198445983
459487461
433420615
449162181
390007050
121966378
957187337
189385076
533441520
849273343
865912885
42543858
155011043
459500874
326699509
911785991
797009862
737349268
381598690
570148606
684806451
716319583
216114174
374644426
95384486
278674667
955527376
336463846
930134195
583584037
122592135
44997639
759958564
470410552
604624646
683901039
867841176
558689289
909229511
192919197
321101767
149002469
814692024
5367791
984671145
397547988
873918644
440514668
46492847
117506347
554061615
459008724
409684638
382277827
105781448
636950294
709778853
455907874
639307282
106560788
784059566
461420090
374858268
795893969
566717374
601530363
941142812
225089812
842532793
162753354
965705126
693565960
870151577
572670627
666729467
795573059
78229134
614128877
945126562
498409354
586851161
776429099
207826244
348421948
517511925
838778778
814570724
645292004
705265199
449176361
674936251
685504284
313071498
158877984
672103775
20820591
237987818
431236273
921948972
942527366
655252591
478575524
169061943
956797310
837099074
809445585
342655920
929857292
91971307
901932102
435013556
848437510
549832815
979432732
264404042
165868260
530434849
574818657
305146083
419353681
322318986
732244445
377346271
64734715
615429887
18446562
258091692
398293042
817724454
176832468
727170869
224971796
437299534
134782912
496357821
805827203
695659133
915053687
523403650
213623117
881098647
26405877
432121460
93629942
20259112
676804545
12949253
78657468
397440126
474785854
543823904
497863641
938865687
950737225
757905993
167229018
392527693
73233092
713349094
538716864
661855037
672550477
465597030
227019719
856469263
936970521
295784562
690987787
399863192
695409003
395218813
648498665
142644930
179809470
150109071
161577444
320192114
95166147
929360684
865581242
988124385
694327156
153432584
568790595
847790524
866981004
557639371
483937022
542977869
410110986
492007756
970749062
969292454
58037681
743672717
83231941
329525505
818973138
705918154
944011739
40072983
656163931
751437676
588148643
124992150
23920392
488582223
979229957
28914793
998548528
33370439
562476488
79213066
558993742
134770567
933259125
203402562
134814125
136783287
877295728
276504641
891842091
311722619
687264586
296785864
345161317
266934022
336170768
176506638
216060002
526080962
495435759
781297117
325028795
587858975
850927340
955739385
400892465
450247119
14274370
970203743
304791769
705522052
822202843
688240551
291547538
395073195
14669843
650632321
934233112
428738440
176735100
741213145
482498222
885128998
66841272
971130564
23928169
41298065
826732016
509735359
816968155
431824125
305201494
736617516
882010505
281898242
249118784
265369165
460274849
967628983
571134954
970013194
667479991
844532453
83000419
106109067
224837500
875124493
580661562
950014475
527517592
433391873
31493742
959230042
224062894
306457966
213789188
116297256
93516833
663848180
198893038
561312553
662703064
512256645
135139980
28717327
591356621
797718775
288475947
926869264
180686033
358543395
817683338
596572762
621531232
210598272
563552239
179610297
294065641
352231337
436482044
39840401
260823018
820509758
301346077
433110908
886457941
313316518
157665866
900074936
489613826
956330492
975387328
816055761
142187814
279271663
443777843
607590955
729978828
947477604
178783943
853052133
619051543
839655682
566044702
261909203
755556045
942512587
650498794
930670113
379718012
616425564
672550477
330960379
861754683
464218666
505497022
995895249
318076939
146043583
853985902
986392421
142899899
736742652
523290923
391717453
705967728
754096791
449164491
382839136
420909467
624402976
698220776
630004867
269716417
814846548
738942008
83057077
514307236
258747887
500307022
900838342
331782367
651548549
630518002
169777320
834210030
179809812
78303395
836722234
864792282
470176703
234055363
598667768
756398000
786671707
267673547
460895380
340382576
93997771
585074351
561623825
620607907
58712767
102737210
764247958
823542513
101469676
470913253
244513997
779766590
560082935
547294177
969721124
995939719
527364907
936378224
705382725
211203862
466619164
594439705
110682383
354979897
29629490
266324265
907202439
946488600
518797673
157679977
642255575
470743422
495056527
67154859
73067823
459139656
154640673
308366022
705615892
349791567
857956696
31271392
250408890
998147324
188912966
512522349
950937509
407980224
39447088
299146783
421013154
456967491
524611734
260890816
157442208
288668192
473479970
259399434
337001061
787511611
563852466
543329540
476541775
43790416
205134777
694242060
617200689
572744754
685016001
911079215
935560551
412515871
783566695
121390988
308688254
650601573
892847240
204120067
550026052
882296131
354524925
567511411
479530333
636038983
269119507
186608707
823253252
63420934
860535971
375195550
35102242
578564139
57556948
956246964
173919236
931686216
973947787
675442996
269519543
451897776
309960370
986006421
531288903
152042447
829365511
480792814
186725025
475879032
36773981
237024581
163308656
960565222
564587832
206471604
946843543
370297183
717443239
124708146
775463692
479335997
533239735
927889066
352361487
670052007
885281378
377846813
956271365
544422112
66540285
334511532
12886523
452308397
510724861
988823168
171341991
774778071
809260093
148354750
286009635
766657871
822979746
293783182
462839403
200063298
193855362
86944572
726645781
861390315
456506653
208479276
795545898
319923552
667849191
957842544
854608082
270569857
889445185
250635041
29373756
423910433
102018991
186756905
170510400
369684261
704143646
577449392
16288086
415526630
232753127
611134370
40997603
297421290
145444454
111591035
515444498
129790387
405432315
125039903
873335236
557839347
564489140
700022058
825986975
672861068
364863387
742664495
694007715
675155134
597507251
666758030
940366706
58899774
870373287
14411413
980303690
127746254
162180852
358277421
933194976
603998988
937958523
696761911
368308979
502373502
936773639
621429614
675487447
97697713
308112767
639598937
92700659
767190751
619130049
822838717
602398177
538577128
639719426
82304204
648497513
826763841
52931311
63297716
322595189
325664689
967108827
239993392
842784072
241044490
208744602
979758819
771631701
111434772
751981471
898846288
380947987
545614603
94559469
326545320
353417694
505620918
433442085
777768046
155322970
768830796
60649984
43788325
709059580
314378608
860191495
45604976
997875693
115733393
325563043
65614070
298436859
635702061
871912804
170053928
421527569
536250617
983766206
540936537
360946671
731918044
552977526
529078446
111503400
970177107
317844374
911595668
301921229
869602233
671359072
958784541
819574226
64697364
816731448
55727446
868761571
777827472
873125508
558320059
468659812
402417399
558557423
320708762
641896823
829448183
15985338
505593200
321611797
272297723
682016705
469068367
787324275
463560614
19819601
721778640
940586681
352898368
200579014
449331999
155408263
730667329
969793147
936020318
360680432
210435692
898979873
336213456
353511034
905982193
368979326
750562881
136515899
609984351
319917771
188509990
167140166
259746283
701467554
982043461
601843567
82155030
668806415
536630753
797456337
730255433
550217154
373419610
690523806
340795829
863160968
85687817
134794973
698699013
996455286
28117641
526954202
970395047
904902427
437267110
938978336
633158395
882730886
207062224
426058705
66119134
512849441
222661635
662080620
292746675
409605435
567351671
793787926
170560434
709188588
561561002
539165531
514348959
354394624
729903644
292161248
557880687
758053917
469744633
477642502
963332835
129709771
571867395
586731020
329880740
40886686
825612477
378102680
844547367
408634619
87245211
801884153
83572606
65736903
234782189
669547646
39550639
416479331
713901300
953403586
779909473
185595804
461294585
153868964
454284010
660843512
848854532
491161526
121894631
820387566
814961941
561902268
582177519
648455367
884392423
433489579
905622966
807386595
171231467
113216460
62608485
510789716
708604913
928115028
373724085
660945060
721667240
692405023
354795823
349144570
975587258
497994816
789100043
222145140
386554093
204716948
391160102
566937158
570416411
433215796
633025041
454519225
140518275
712138933
437398603
468551869
204166217
281361571
717923325
721543711
598561836
752681694
416117030
407213777
264673018
933615004
677135787
819862084
197711922
56596759
18641219
33947435
963652406
847770771
376046005
274410926
312542629
137760635
627094681
311064823
801483776
369062872
541257886
541503784
680828922
748621946
927377391
653559643
122639519
46235484
618925090
912273978
923717943
165988974
28131130
373534816
700778660
112859612
525074939
149824262
718937244
92940491
878412932
985490522
566166747
643740133
543117058
130247487
805471170
377846813
423635563
532930661
190590252
62608998
516778182
511678892
225423813
874386138
497697689
970345036
1182286
211079536
968903177
684984960
103884864
794687820
289775500
523503835
788201797
874891774
714335295
802900136
153485177
582424851
41271414
728648322
584340910
627008128
772650745
494195942
729610107
83162443
581390409
974526219
129119350
955766978
218244543
25199099
15740259
579141911
839977815
520405484
876103589
131800052
932232956
583796768
196611662
363171405
730028553
394816543
106515953
675889016
569329744
302628117
22975490
723017950
790088907
31526317
207271492
350229951
155491151
972951378
802465169
912415313
576418207
932530186
553513589
991464707
943121063
843710393
650982538
772294145
106103558
193639368
187171260
696426836
80071746
769482618
346979120
641672220
464167065
363642324
740233807
866899814
580789795
194871496
492643069
535185563
531359887
212655028
666033200
306668821
54860790
752862681
346832360
589324496
549965280
454005808
262662255
702908367
495240015
797186667
590475946
818071470
811683602
809245983
913702232
548106170
558937401
816408324
822512394
329090139
307561783
725947110
792632261
204777382
52755360
664607852
284268951
370604485
3394608
798427363
10405032
345670242
497528150
72454711
293090304
699245115
116660031
348641644
41862012
238862548
516586006
46932757
152769174
513537183
617924791
898121964
458632522
491734188
456499553
413358697
109321418
824772556
908066903
343695039
834609897
993214295
271159371
134830418
310751759
441167136
789942161
729088558
659532803
848707817
672866914
322765303
806713275
555771373
21039157
130128896
403369543
175853993
772756914
18753152
156433465
540751932
938649753
875082143
452699714
813831469
161825520
477128996
859490953
75979225
491898528
871771080
283599660
459054401
105439959
513941402
41592243
264936748
8670404
760756034
424320343
683112442
305674001
205849753
264700750
376694255
188368172
686571505
334983140
577424717
500173095
475705121
77681977
360002839
696426836
864852799
672071584
437715135
728614774
851626048
260148450
956459290
772563535
233617360
39356861
49672797
956279789
84468307
34188756
598301707
701927412
759425366
86514333
277956242
573057037
586130154
523389606
398023985
449569826
964069877
240472658
208823536
905005700
149358612
457647111
749134844
667667779
947327872
299318873
328249279
674574487
140082058
988565488
102916993
824899795
964041532
297415622
433734863
962600370
290446881
677798438
799699782
562191800
765692082
757832730
722529643
584821286
274713990
786110398
89639887
900758622
442509705
269706327
254795093
539169055
512287353
704465961
418199219
824734392
824835319
982994566
116555145
517372665
456874191
82087435
685349780
653682268
924241734
566013930
845237438
755331496
777118874
872704582
24481830
885907828
332115294
29229413
91426930
41691619
663617089
622752528
913799505
850391383
108947639
879197252
296136356
399837685
240974010
529314061
539277140
156835329
827282672
131954761
77617651
814125908
458824654
662537979
648687335
325629012
359672439
575619487
301479160
388305818
926436367
751123304
605103279
706875015
64953284
708528383
650618161
476527303
433330038
546720553
394615729
526162438
138820916
60899637
810093578
737010279
290367199
4191099
189566625
367794241
305509355
970782252
414891045
791938185
266998768
798673759
22029494
438402856
485440964
648759794
867872454
624376568
961112816
777796443
752120697
597963094
523593268
371106655
921668564
832785899
118703080
386191582
905424269
849818144
986978897
647026987
154973943
814545684
646112510
755772205
677697411
325283837
337674751
720916032
968292909
10649788
635218834
585939898
867339703
695279317
129115412
743650295
830358579
476615403
447872943
859141520
718651887
538753839
606292733
769822978
76949650
309628752
556301974
379919129
130170654
854885921
88075996
273673437
968273611
524603897
408460675
773621294
243138343
511528895
359290813
573711864
968064895
744833932
571347941
891544817
17398116
453197138
390397109
577404205
169612988
939918692
951382228
896480448
99487575
810109562
908418048
586044817
747214769
491436093
280703184
357830113
187173081
603538898
86885264
123989148
930225934
677769917
28723359
471279106
9766350
783057102
836146120
9053486
715984854
316586426
758166415
127282761
165207888
402035513
617789508
991444596
594255428
137449958
864029179
238030299
425329961
517515720
146079192
360426333
231378989
329710886
375827748
531061583
52422921
529376720
398181390
694020208
14563405
365638144
125413837
286027433
662919759
274666633
944034865
311262138
854745700
270825909
873376611
687125061
925399400
491977719
114898194
458775520
412118008
654396527
749021375
399181929
333433038
721056422
284143819
521513587
145459720
297330700
579463686
529249086
155131132
329796694
511553497
468510368
926901434
334550877
320945310
309123200
386580132
933275978
905134096
415637836
696363452
943584146
289851289
867986385
923958695
367984973
948302493
482000228
966139050
528445595
766966405
876907221
320758630
342349840
710872695
19746020
53022475
130039134
554326040
106616700
589972726
140923887
373734269
587712854
494912529
166199378
105359734
852156617
144645988
172174779
780033504
192893521
691537714
113815815
775641816
63320006
256498463
914588269
693358306
132749357
162021622
302957627
896063454
845132826
84359435
109226634
326951491
779313678
437275290
898446510
293149057
178609577
110298143
207407753
816921804
220220806
450513326
562534887
483313401
472276865
461915717
368941620
329442757
107756624
231542667
209667446
960092558
942689669
517100711
381545424
675242039
33924508
215764826
737176984
999097739
296786388
888664511
27586194
314139054
349843563
173434890
52946327
407802690
960271876
151905919
48712048
796833733
619641216
340487767
727868522
988520895
906097564
373053928
127555210
723490670
16277295
931176503
264611896
514792443
510985028
236676761
406052631
587210893
11922403
68639064
452165908
694607450
114125367
337327400
102860037
909912887
905150131
715978074
478341120
523387631
720520855
723659544
811592372
772587759
273031714
364193334
606521543
54947373
154638453
340897149
383366707
496896287
643382271
594632042
672306686
33180116
50437182
974601421
550107056
311839066
837833994
986980707
268886699
369648545
684459947
971607500
118141898
447994022
20062379
819647824
189982767
852396590
857432424
816108728
58960435
396951566
488511434
931489439
519137320
501882908
411284677
795596568
257780669
440068692
839796997
403780558
976433488
473611791
439965691
907397955
114745672
394512914
200341485
770991636
497475534
436726625
182087442
446907318
366606995
812416903
492324790
309022236
734971032
575352664
909816632
972626621
608685310
525623855
425778674
122796183
69997305
571117435
728140415
526685256
118887198
44729948
39950013
575521640
152227179
341135013
251907554
966016345
267692832
383365415
50751445
708804401
258465733
370734478
682905276
530420481
613432325
642589095
898630597
386579897
522314355
327150555
791639125
62569694
452622657
357279347
447274907
205181531
816631768
27891890
147350406
753956090
925574063
58907497
57572430
433263770
961819344
832894157
591531742
684522940
262602945
997108720
921325837
851129756
466153141
16056622
28977765
758498287
977150292
185037472
993601294
988865791
633889199
106643844
293266268
376608995
173322558
269552457
127254384
656074372
925569650
257418971
354502987
205095431
867437779
336919735
938184089
398558126
517958318
128802163
408541049
484775553
774251507
379754474
918030144
494118767
250753901
449738195
930272596
520852430
404972686
590157881
441539994
477875838
55830138
851851234
965808121
955127611
94108185
301479160
843184228
704705605
631753820
939917578
798400964
122568010
806966933
707061792
32702574
88668350
554264094
263117225
938224161
57527841
993767155
605007406
544285
11110164
452270585
166534378
762470238
372241607
540400423
533268930
590647428
323747144
767406118
842948150
215124725
147737323
203244119
478775600
386856634
644057622
577735116
442583620
751687528
140270907
13263243
597317951
431327014
962425064
409384619
46345173
741988427
835086731
833754097
852107045
364785047
655017478
566083552
351666496
195903678
57648722
832011461
377749761
505385208
276827417
781826492
583356684
926214841
904916081
92180725
286812597
878584652
398730484
108029002
794565058
202426653
652563345
993170195
464853064
308147155
909054315
350490836
576829076
696209923
707748511
924533300
199838792
205829395
926262246
268583245
864236850
343538622
727229962
779369996
929236272
36755938
731771925
168940836
81249967
311181386
368763698
567515872
311952229
750619126
196767990
436250919
247121176
592217866
505900401
401487360
714265836
458213252
885774858
856225045
665883576
767970352
585247780
420258966
20930194
110279779
645754466
45919660
446950760
964867124
219070006
29362126
350857245
803082443
750366297
189657319
896698528
454820751
372450197
895144763
213802050
69588558
318694277
22607873
913133512
302724465
941176452
270255386
61902396
756513079
322168601
91960423
618376444
977120778
55544774
102716432
657133387
703575308
861633611
269983015
81844209
930046507
722343023
70424257
12016694
359086346
740427306
82416627
289832836
550903485
837002763
601572173
53036830
973010531
550008133
515379860
360016723
63660645
332391997
996137062
852555049
505991830
779221554
795327144
396800774
671534567
595138941
960154207
786362232
309244733
896837694
751940581
91011678
960619805
559793233
268059566
725212573
573916810
347590592
602964349
723410206
970506155
261392015
801868592
482803190
128490012
452590380
407599476
711251867
898979873
977617232
672847342
828269604
295611849
404863475
348386084
932844558
274369981
376353037
995431511
576063691
315480390
744553134
404449319
5553359
163355265
442411509
252774148
170524783
577343720
270269424
31499810
373186636
997703008
889340004
267871453
814223806
112787742
882013852
198665674
37069121
301536241
283458956
501288122
441592262
851517249
403107459
993978171
823144794
408150501
507863963
381185544
241442442
160979373
679516
56757722
991170373
458079454
194815497
260375603
551794559
76339290
819236701
56338382
205026505
79340278
902418915
730455147
991864426
69417268
445421059
271132973
580160090
927438961
487172770
172218374
140242126
319054554
373186636
501408765
532133557
123421159
718680294
533916244
264069837
587780260
604034971
131875754
115281528
757217830
944137323
741836691
776222703
458986385
641244256
165471314
248468755
467380773
849439987
836829508
167703226
307364720
872296597
702201818
495801774
733233563
738725343
66228841
724428585
530215158
649975519
816968155
779276219
6329321
739157820
419230702
761200852
703316342
432409207
832213237
65774841
57236906
622678138
316766096
237927646
316917831
769434348
531042604
528089624
143223567
416755222
938768931
517426174
416868450
405747833
625244269
445959349
387854700
989004765
357348248
409322375
545721854
251633195
4269518
698555432
867730910
258750844
671790827
212199774
522344304
660898106
40717259
991742640
998733897
588774143
149170069
110927605
948003907
650733492
963370588
625171811
604715784
70455967
806081219
334862462
698373478
582524579
986999584
837360590
235590739
745106326
345779831
374472420
111750916
360783371
950850671
129973456
24095586
146458866
798092050
561345881
23559139
314660709
743374917
833601640
780283359
964412195
945589212
527641828
322569229
511820604
670949750
347950945
311049987
404625957
278078991
251954677
509768775
875825322
693316472
27491906
270276281
393073946
534767626
179136026
300461260
909070543
529215411
646844529
307981827
253191057
870884728
977320616
862889419
142100306
832000422
43450435
971479976
540781676
941638050
174061773
600406974
414368987
868642084
826456310
345280948
690755178
567716485
15499901
607992142
267447155
263458201
801620032
125149159
586946345
603362504
661299661
990401200
750246706
37533270
585924289
663947908
75445858
640603033
686564043
37185014
882357580
468898706
145822620
863370885
966601402
416278713
37420163
475864028
581365071
243080613
457198229
622973352
944610267
565885567
374494309
362908931
683830103
750922159
887225302
874487745
969368107
204219989
375283266
615303863
936726649
997755571
663875965
511141487
871969233
927171741
204312213
338016903
642224172
679227835
250797989
370555141
591535580
240788206
466118928
374422716
989170038
312718176
652190791
270390809
755639214
982043461
143868211
554682974
723675245
754248027
689266734
731438577
657321839
263955737
769450382
972780070
303794762
317195960
996151508
431274508
110448356
149926424
518562943
993750102
593407497
848400764
538206963
483197347
746577443
890344012
173723855
915348775
596766498
512646857
938719233
576441616
132969397
788511148
317816446
859227588
109093758
362551586
768769673
533934233
105798554
761529540
321422549
670996913
227485970
805323368
764355153
335346645
752182675
647496263
145241558
844498574
63067088
76337338
328083917
403213508
21019590
37313578
729505024
133779206
344803556
899738160
328717466
240762487
285317091
546039058
450019181
6758606
447677772
351048623
35128363
926487321
715749368
758907033
705387843
254971566
577957862
631912759
352181146
597643105
303147596
753010904
83063120
189566625
588005168
146652301
679451560
72559262
506883199
263659680
663166432
431403028
424946681
309336192
592637526
899872013
761972138
636264184
554850142
389753314
197131141
295751417
373690629
70532370
677069609
440296318
188954403
651597049
528462530
557432300
196298226
697824666
175909058
691956458
564929962
912273978
882985424
437359587
700435510
110050340
121298144
72669265
840631654
729895695
338322910
913757059
800782302
322589437
94070031
37884981
669316162
779623721
899731245
860562627
740880118
448872549
388849658
155629031
625665876
114879506
103808535
202893224
148827026
956504974
802238587
36866960
262431503
208255291
584998791
56835323
332908446
499971533
35594113
227806433
758927899
671491682
775794352
294065641
71228017
788320926
111503400
615661319
485932981
268833950
517111522
597605456
599232934
202473309
408966136
999012908
409656416
97525048
165839797
27658995
8313345
683841916
458167557
164204377
989230949
460705144
662597194
684353417
31420639
987246880
952314618
920485787
542648093
791202211
831029216
464375842
409517151
934547612
151049557
993452548
319520274
262514492
829891568
866486435
368701844
932282356
725573745
331153761
629681717
564473478
746445863
56969808
476464024
989974259
367357150
913618640
49174249
556765470
496764427
832305891
411459144
945784929
159431755
75054377
33946529
562962664
135368998
122568010
244040433
345933297
837076384
910649516
187946332
293025455
36447783
317875990
421326716
738540549
123748739
485885458
891412695
851721786
905577029
346963085
794655579
683933635
771532341
310335809
892255744
147817408
34894684
883275864
711941570
895285526
106207235
924763650
870972213
966693913
745764008
932280020
812941638
222657857
313637038
784603594
980174115
620442595
995907515
455972702
830135071
589097029
895100201
293685632
795685048
795163438
568050268
494698003
150210450
931716863
879568127
429360843
158131325
908051726
516196772
563305267
784820800
973143246
305483979
770664970
787981853
501845248
419808901
704105698
263343959
877529120
443088232
750280682
209451574
204669593
702926307
338206521
162931239
678833268
447534066
695809045
515202647
455325038
253685551
962254818
20887471
667176002
646793586
983902419
17386326
94448845
768732261
515787387
90128143
145717418
736389755
836757337
236716216
177124701
671331552
522242513
764054383
340567938
552202506
513271106
54250512
241917283
955654003
81203741
809633358
550042345
509621218
285344864
682220330
307414729
964490178
513624130
370149909
741848630
199606755
620688644
233862049
455983567
9211014
977047785
834097611
628910862
823760955
198375677
377934675
355304007
1324337
415775781
196412083
688680554
355798291
255023006
177012861
287307291
671690422
961366944
841889861
192529776
10674641
65626300
802667522
488835941
235152707
744726295
159808019
688317522
476566915
656598554
999958558
189351767
208075961
649996039
295398040
385056348
155648912
324582765
288706740
789632191
816823458
274871844
534533263
553935660
518590854
729578887
721348128
485498979
493784945
286945254
771606811
976891878
174706535
623556726
209597686
110026116
239630153
96458053
228463735
34362790
82138485
408095514
216815146
183905814
566630011
795046775
19949740
676718223
104474216
596256962
508319402
472677147
359621764
547050483
39362758
75045114
243124519
455317805
607961490
505797250
238610818
176488091
153109181
53711379
913542100
181701841
562495216
549467927
240360189
594021037
794938378
586810338
514792876
36461362
778043397
159461491
748209217
96192834
872003203
656961423
667333517
857432424
148888706
43492119
239187613
702031830
783771845
569581725
117335491
310235158
680648799
931326151
199185223
633393180
56368526
358230958
144363651
275840624
160069740
911072602
431657199
64253734
97362949
844699380
141255725
792876991
226663278
560397713
385503482
923918279
601893071
593306963
295726181
494667702
13227058
322954510
666777590
673812116
926430636
721614907
804125667
826308175
80759409
972659950
993418739
450421057
545776272
483131626
446138252
470554794
576724029
433460534
744290224
242332922
24386553
544153626
909737851
354200718
338759706
418048342
800464605
847473395
124917216
88692773
817755049
680439804
273503595
270793271
210550498
926022839
258369851
884510228
56880599
203750071
265069343
988106696
480280615
182743875
395046986
756162113
20145850
477022865
29734959
593547492
445468911
73457222
279051031
980199052
18628537
536855164
255167594
726945940
439488268
182567255
35874088
267747315
512945223
861563019
20435926
157581580
872253497
221324508
474682555
375798575
270430155
47733395
822719932
508802812
461029727
383566076
534801000
406363081
72563275
821230216
224576085
276138146
309278958
400764388
267480907
727307580
754388604
459808386
791639125
503307928
801186306
838168928
344072371
819594114
397057519
57892661
373975455
172732443
141421767
778266445
451165031
953388997
170905243
121091566
307371320
292153026
808944881
301069872
27802933
737377637
566448521
638271474
775153176
950121530
219757986
363277650
791020446
124766595
56548647
153979944
870869241
882066049
729015050
766900491
38703753
302937402
242921683
717586315
326335978
579630593
495223207
699178098
319411969
388552396
473621694
997327553
122327125
158996455
317023214
233283186
274210672
937680387
462741238
372038666
319212764
829984989
20374695
712529159
771565857
832587442
879975068
177426762
646317307
313301132
114745672
24114352
299678653
647595607
628398143
228370378
483527177
324408933
378523779
951627411
523076831
34474776
85531171
827594635
858578073
687590226
771824638
474481367
502955956
950030349
535158280
568619468
16761337
593614887
638376017
875625863
234372486
779369257
519909060
878663150
130046310
930571483
42234541
350783265
373667994
968780488
206109913
707376854
41665015
659009396
93682867
850983670
156547300
831986501
984459050
44668449
487633159
535321834
292633387
764908671
731300564
827952811
804598232
553431929
482155747
571455988
433008980
50363208
669750615
544315452
526389752
929332438
359115909
186837468
875591108
729877134
781106146
372680288
820417771
766924468
566590369
251331695
847791350
9999845
426638732
587143105
944848204
188681767
458458634
613269906
673257085
970696480
522377717
914668493
292545737
982071912
689525671
911897365
901752802
893221353
243907714
663837202
339095665
892133990
452785676
982520491
544350356
29014924
936784843
905284256
131832146
421213145
124768755
927429259
417502553
184800241
40347874
879918505
452580626
617095611
854458636
400895632
465530469
635343555
855374056
461034540
571336046
37201702
130034972
647106410
417459832
737750102
841467494
556511801
105908412
361750307
138132364
882862269
60986314
324209948
960853450
587747259
900708317
405711677
121884365
129296701
485269647
897385443
166762478
600845028
500052236
76950816
601375406
957034546
452746023
437928956
197907734
45075819
301999157
205723390
351214339
747716666
297101188
494346039
527299663
102609032
656096694
999620611
976196210
130997747
138940379
157419778
402305046
845127429
648339834
467894698
303793759
77945885
202322039
144429519
273633490
938719233
806166573
771548623
188979565
177620586
532293557
41116824
831136913
703448189
705954438
742750315
703187480
925597473
20574339
132586259
756235528
706578130
634779597
445989341
911516009
351436549
474485289
392507047
637190690
846774750
684261194
1518177
977378172
658522938
206978595
782067892
448370347
754268111
379630643
183977098
769103366
825492124
516823540
896118347
22880112
714594722
955527376
223292516
823061220
240861956
176158323
242890365
878108454
804717514
456779819
312033015
548986640
577128808
844664147
710382619
356098167
546166646
329987821
863301348
171927455
803376443
713759739
472353189
220447395
864822035
266401671
738988670
23430264
790031651
750095302
288766464
680640672
146539541
319411969
863278145
110099657
653303443
316320520
848174818
864125278
755302729
843311550
853455577
313853382
615110003
354306692
71050649
617876225
573391147
198599573
542696342
202732078
242371352
103290560
265933249
245323882
52630061
254193430
866404050
727049627
201336695
579556941
695282404
632489735
258747887
79733098
233550635
342717202
234557659
889659310
900555502
388161503
495948398
457736695
366311697
461939267
302812025
324752406
274437762
737226600
315860350
105470234
546181521
942214297
55999025
196173393
587143152
545801011
390040241
651537770
600518500
140487957
664462005
284088059
689069783
720614870
324622087
94294002
687875757
289708101
203869328
269282819
737899724
908094780
305273608
347726468
104090961
891974273
981672409
661179725
449830718
710825879
238822636
179031968
58069
983050961
771156383
217313515
851194563
131671867
390780387
35594113
593162320
253219336
83026115
205610294
470894457
299517916
830738676
666158988
160325292
708345671
927610005
984019357
240704802
287875836
141887419
141108059
791412970
844645273
952490532
891730539
2109963
994668099
391594674
450755648
699419451
955545534
577483200
342807884
40772243
721371642
325444245
237289750
491558315
13263243
940999854
198894641
769826055
86610805
62229258
404084461
787911844
211436598
697008570
250015944
439433729
820406451
526049059
651382334
685596951
287050126
139810688
969343629
222999828
621121275
64407333
757905993
767752034
195574361
880647656
93454699
832778170
906894396
784573073
400570138
662193847
168684817
101514904
575882853
162551419
101460815
734214555
305499071
694685357
156328333
725543473
450775999
686188716
68837615
748555920
649163550
262492844
91666013
151446321
826827826
634958701
448629008
596483051
589495278
884116671
179341128
800346261
588710628
46709009
512981174
865749139
54928009
92267153
515754740
623532051
307866669
330830781
53421883
791530763
330635108
167224070
208264440
743789186
269052717
708014739
284028538
616746112
403328370
290726176
442879282
291146273
191936901
48898630
470623225
906805908
759735386
120989380
348418508
710817257
222405641
572266229
50359271
45281402
830336328
640943539
634309373
220794802
447534066
88128509
759100106
808059958
243687122
430785658
288168068
897578673
727353409
625185318
326901780
993734653
337845105
590847394
67115015
658624063
819227681
824921852
832522308
95184318
391878834
643610269
37345126
219175972
919914876
37747847
281945879
472971738
643401928
143319158
268264101
506550967
926525326
318595478
716678334
548413911
211644624
197449428
943721447
295544135
954235253
361991980
463834853
430390467
729840432
466888811
905524766
804690328
558726835
933160188
439757073
35650970
690785924
587226830
488211534
524259132
582720154
69593982
847541531
872517803
264927897
243954002
464336956
454229483
694316529
564365774
322956518
123543069
726970659
143266092
249252294
966524346
500732223
522696358
344937215
172709743
161382415
95466987
694512961
923703886
775309129
545125180
1789148
794812798
860486898
738139752
528680078
583780214
32232337
485980510
893069259
591678103
209860340
657910508
706222869
213863223
257798606
299636019
884037677
858921452
320127238
633900035
805587067
290256625
899074547
121838160
786149491
630800774
221557204
279359532
44536662
550006380
979756266
684984960
348542079
532866069
474948455
695452380
988782880
66231916
327658588
12754100
270550490
3622985
856425847
775829977
902507392
496026431
30673693
531172752
548810830
669200301
214943619
318435278
203880451
351668508
973884612
348977986
52656502
211890948
698069077
41512237
806334672
131420466
97525048
668967464
441312434
541447454
53375050
737562964
83774392
130937589
923336215
331153761
45577351
223614639
721541851
288837662
520262519
783395754
97691168
562837743
673772476
243055584
435559688
194629576
526624537
666650656
121335691
964531828
740096746
239339453
168164214
101655720
733004126
539531723
950867113
142521268
151222771
888388574
145199781
385483346
950283718
43577545
567433162
18508117
282373818
448792500
780458946
883704116
428288574
475733062
375827748
766699244
500884391
381873091
516081763
948195104
589495278
520700235
146885924
469997941
216613806
6091942
809922261
411582143
995783975
372125079
71556067
895279676
902834737
666977222
236082003
662217269
776823645
191130082
104204108
951612026
355860042
432158581
505797250
202191579
176382749
452699714
113183980
443336286
388220612
718439280
980709866
257634897
693169629
649122891
791355514
646236507
891323711
952450603
291040108
784312910
292660788
299913290
574834462
433317426
402210919
210437677
345442358
317121405
499111702
253463723
135486901
246085151
264728957
751023363
406140709
656465892
952057109
552011786
814629342
970945655
166759393
968273611
243382030
132213337
439991918
8388658
990025012
912505138
377282605
719518776
471245039
553408687
418447585
77016510
965469647
112634001
470973668
73044862
737694517
285710337
441263266
240815172
395318909
277068746
334679618
514851759
103935251
945950805
113748836
302228753
721734485
428169800
593731790
869773189
961841790
964240296
155607781
903599631
844410118
720832123
719227391
411702105
961305622
895956150
241240682
288180341
930618133
467600593
998873006
730459143
362964519
89863744
747527934
202426653
274812537
655859503
729169123
790114196
431608175
28192217
311373192
240720980
72254897
952535187
452267928
578100489
15943220
585507581
272023887
8143282
669194466
182302272
646144229
776090767
904627848
973724665
195677374
246490816
716159597
412299977
412272423
751636943
772164
138151641
704390128
654135796
562424784
427240286
406038925
655031065
104892499
771967195
242509041
101919275
934642866
796266027
168638150
375549368
958973558
676033839
907700679
953459454
746163074
206411702
539391718
177615750
444998696
289736237
338207649
929093209
279923309
826038876
856331830
916655542
633118586
449421445
345140446
37063842
193659367
304108749
352518668
111122806
953266362
868119405
445248074
912612805
759927767
375115727
467606446
949088154
628492587
285442765
371931416
442780024
553164527
751023363
12151804
383310373
657877952
193148389
4508994
73192781
844826013
641418908
159100937
692507290
758216742
180841263
608789391
779313898
987858204
516596608
560892367
497080305
286945699
12432584
328047253
530822885
236468493
630705386
476184672
814188130
909176190
781870132
923667733
711000779
638317241
718366072
894867005
938832508
18043534
136130587
398378693
745164743
473394021
758572323
37374282
277290941
562485156
59133402
243766189
681527264
951964171
173993951
687866738
835605198
79088793
538697852
872243228
551288294
752357963
615124140
469857623
827278153
794655485
316795129
878601925
3599921
629695411
582204673
10166575
362560920
943270943
74937748
518087434
659764315
483880173
923918279
838514724
851622709
641320151
889574332
755843109
746115786
665432373
442608603
516221463
121689005
788096749
460509593
467387762
858139190
474183817
99958837
140301367
153460171
957834489
428548738
413921054
439477869
267573921
85228684
913082687
183886528
192640108
818050185
80172851
822472553
232062596
250705276
66480391
813341608
579090825
752612031
197610698
957372077
604530193
99431016
998811296
730427226
222973984
570051900
474493120
311562485
369239085
424910230
638878574
229446732
378885656
372289879
424563659
99338843
179956770
622346582
10347344
378821398
151890516
200631603
198587941
554885936
59629926
202493251
511464233
902834737
952177075
22440986
271863293
621733982
583592898
376245351
302812025
316271912
387316472
209960551
24541523
37585215
108101117
901531174
485775140
881963660
499038602
781638019
366550761
157955996
657584528
403445436
735560324
216793798
716783299
776702394
349848125
70987528
775516846
503335781
362202386
323926719
913795290
571953723
399253762
230207161
912581366
809198952
701504692
223867044
382669155
749231250
574967225
763866700
801258144
413518406
946567911
71791703
170169434
10741128
625138197
699796611
635360202
49566052
812661098
258857876
186084082
621977407
353847276
362202049
137257130
228707884
786751627
688544094
752989795
100122269
699719408
348856546
158132173
313544122
793023162
324935277
122719815
356389148
349571675
924940313
641931672
648612308
96769025
451666097
810247431
360193977
777913902
827234389
502678622
337376763
192840616
682907357
444329469
247736406
499856463
147135654
883292617
697009199
447062523
714631542
204650758
682429876
351814503
532119730
128285824
264505367
851673150
786426199
964065598
363535102
689872610
704232719
662987907
487721541
770013235
665705580
192104887
501748143
342546893
160893812
723640743
211219422
177447704
337966026
925307041
724324208
626190500
874005836
627303805
291574412
484491397
808224010
27551039
725012911
35944296
543536854
162057872
188903876
729277437
235964793
740294257
58069
552355126
866685755
980094603
824255529
294678697
577815439
663512967
726822564
750287589
353195599
546365198
128910734
277122200
33688401
434101433
252725402
479913068
997329778
375244816
268469894
729877134
246346473
659078842
750860779
894878374
191837800
660160342
532091267
543401543
623186310
719892927
639571946
313978397
85900173
429609287
756477017
284243217
753480545
3942340
56635140
277394473
974715957
898581872
450681633
545611547
239219795
393086748
76085820
242440812
897943218
810294212
151035325
92533611
166436543
330800306
593124727
649807726
380836760
805887761
214056927
437536877
243671114
672795541
861672286
211675647
456885415
931655724
737371202
45793240
187609843
819555189
70347419
515664380
920948345
336732727
392643450
468554052
122298810
969167466
612929680
526159773
649996039
439997804
357055900
863316581
904614869
906981810
842508464
230870285
480474077
831279193
284205954
49106298
255368688
323784510
170701927
98747961
574954932
929236272
724618844
206830273
941689356
85376824
216579381
872552572
874497198
489361446
635695568
684391987
557201042
208012316
850372930
561344227
372387821
230725913
390531091
656734527
763883462
323552248
312246869
120068445
142076711
475604817
766964053
674748462
430995581
235569990
977379668
939995113
203432258
855444930
917818633
795074083
947773395
115996476
942945577
730576451
602482189
561486362
745787925
583456585
214782631
133322783
477442797
19837702
16089426
452893547
811730167
490869853
927679938
554633064
191295590
642637568
759356055
55317808
573934546
402172643
767740893
473440383
715201757
707933816
202022875
188571102
106205333
645754466
231137163
741749023
724033855
904465639
177874091
33460999
516108146
271094664
152058357
371473932
135208392
626611486
319148641
892634840
109881954
623956072
87501413
627584208
996915371
738000817
815913127
120496932
309078836
466116483
603632199
795487476
683236587
327998971
516799258
568663824
944638104
905147592
116891321
928515173
864235390
977927567
358299111
658892457
753187629
877844708
369724662
896198385
325095545
630922615
119331569
338829356
514949618
312438266
589852192
855726029
696227371
133771250
430377995
398264760
75560931
422796555
801364886
420231073
151663131
495303529
682735563
936491220
594226248
616475241
292135205
301733741
780943862
833383433
924985316
663958323
736055446
626945187
875279731
987101685
253024417
804803142
11798991
67708895
492413987
183576945
807465965
829935126
423447126
12886157
975292744
792959061
273507067
690302181
267658310
153470491
969721124
335792295
829365874
243961404
908203445
256715710
211488833
84227980
441856097
313586042
457002778
599774870
705963892
311086375
388273621
432727754
686428190
356563835
774072242
535076590
948609265
792125316
961143689
518355966
538472988
448041329
497382625
198375677
786824833
682294587
254757259
222239107
320141630
419044655
879960152
76220306
113007773
700101356
102909505
230690962
374672711
632062265
456615327
400450676
852802217
277043040
698941194
601012371
459259240
181625089
767382367
928693114
663964708
765500495
847406837
570687995
737074643
107377506
895604086
279681849
274030329
604143076
700776183
667727340
747119892
929212231
980484951
361828532
410555218
362794142
193265809
520848047
914626431
199266781
277148472
776420724
630095203
79985473
35937513
165182059
695450094
451741427
834203794
18339713
718743059
882369582
326697786
493675071
446215439
934855542
801878358
44538030
778502296
169876931
943572275
636877224
675543975
614710804
903280107
327808561
532219692
435114507
786686139
721582209
573545130
665285935
460278171
347213587
337674751
536261395
561474504
710496184
839498072
840917065
764608728
781814031
368993327
848284125
426165681
113814783
669105998
663871099
626935577
204559947
55953942
31518012
83238172
204809132
748946839
151078352
284626629
296504704
326819450
789224729
905826093
65878213
566418755
392479193
364656635
676722162
511528895
408269716
24541523
225462101
972244317
994150389
638936548
402943806
831594169
677223067
234054206
928886589
239469362
450313678
100521280
359442568
477515388
525814254
479062562
530399443
89836934
749149276
784775565
861192258
37105649
999328440
309597536
424125345
610673479
931552412
780637606
460314426
313237663
236794031
167830898
197607876
311952229
207225211
886491725
216694275
21061044
868381958
611968631
982288525
759841386
872016312
415161330
15856675
985624270
63981877
170354722
750162722
310684702
862594273
176377648
80160167
861764251
134371154
982225332
381185544
856346009
453016348
4661965
125596525
409101686
839814711
109681425
291461036
559179220
893277179
955632215
565508613
985833344
611260449
11867175
980805431
795289337
845922048
283232491
280597600
263703890
259239427
77490437
569149509
281966982
43378047
759872171
332409675
381783172
55023192
982580209
228783240
806699074
110476706
289496086
117516889
572781170
72076284
634391321
519163057
568585156
854125803
80110358
410878559
985912127
773258626
782972166
204701742
445248086
111711795
593387648
900210641
150129547
979240687
37514344
349020592
754493893
109812850
231156945
11008384
281966982
791656120
618973356
689093978
550949026
315667727
458379729
815279021
905591361
653880921
61715708
665885394
403349496
832685975
812497236
717448597
269621486
919144222
956819981
84439827
951873398
536990955
719442919
925288081
587981967
429236339
188014622
703161427
88565135
401330897
352234434
786638620
465081890
298281257
348567186
227312766
425782771
461952810
671271607
870983860
824143597
726096852
428517377
548555283
710388198
884742213
645537624
133262315
200930245
845311121
574082066
963786307
133580062
539656987
950015299
735553102
538774474
825260472
955890929
727825049
62358378
966274599
378865459
443949275
64248971
860541271
453145819
104403760
974050039
959445415
535752651
757241816
941219977
349290887
986542204
578874291
456636119
807161834
931482650
581964295
366947947
939381066
828453604
725280594
715308901
532191616
375372149
315502682
979730367
506388283
893074801
140373777
276684274
657189856
966579127
308810946
572526105
251502769
312553118
794008745
207069681
988742878
18919994
278577871
217972641
852901786
123869954
319103168
617512953
752604770
528334807
595422833
490266753
424190312
228066264
140630584
643114604
863951720
546578095
328625652
166024964
923800577
627965227
407515336
633481177
420399414
610351652
874238738
301213382
138635825
47579821
81510433
535514794
646295189
797590982
210213007
577735116
520583600
585447126
973264532
878298496
410345108
157876934
764878360
652294231
294742022
194528911
5223408
853860446
408146429
73153614
491558315
476070696
646560841
995749908
901774963
688019444
434288822
582410553
392370518
781809694
317035803
763094157
942531416
181553934
459527985
916700289
373286880
477021027
84341118
796678127
140854278
653303443
274392770
326035511
981253359
527364907
693750727
998722914
633247564
513672702
402924379
58977214
287987415
349961679
342306111
714933345
390903156
914245430
178361792
997983198
225538663
463875290
437411014
621548490
798946873
87713715
178595291
758009166
434757108
180544008
856403967
629404450
197120902
291168034
266302186
902261978
227117475
930124109
721083975
154830941
249459605
193744384
352749535
74636146
860729975
919712981
61786785
580921460
989199136
146497308
609460506
261274969
387928651
240982983
241618219
649538203
318848732
955353431
996250027
10004742
928825276
174286226
802299172
57582080
363531474
112513095
474549855
700362745
887303633
922864284
559570805
260789369
570274206
445407249
482229982
917921090
278342045
37018255
914588269
140373708
699356501
282689085
28261460
826411869
498764052
219010654
149750518
944527870
229126455
911671736
359748153
814058356
680694234
942399103
843819233
587210893
817727756
898100721
59372559
641457784
442081426
135569952
87500032
808720728
330601720
391542768
351449547
344589631
87898741
420766990
499665439
118943265
505206732
247908558
489436313
979453880
727035660
203105162
724254268
214994269
101992018
696960718
96917977
70872969
652224812
484929522
948151022
475088182
271006305
940888050
135412898
719879554
779704316
78928633
631423416
348160968
773563910
989611310
255352445
811172329
927319537
32508272
810026218
164431982
548776620
309036411
12119657
681401988
134726014
967233377
910504380
274078239
433903629
680810322
753254906
223807075
736195690
886867117
921543196
594285087
794158630
996521651
44506440
832280726
576359342
799231830
593592044
625244269
126526076
626365247
546906135
576609957
742817191
588815510
104987548
451879425
115525874
27482160
534225753
513515859
295894664
512216514
739684825
758621932
843418851
702914211
443360167
606391188
846226436
871890224
399296464
528569374
257983504
915033454
572145636
195286520
228605927
516578595
104417132
877538934
742964970
873692846
30258225
335534102
690818428
545369332
192719956
260197287
548224878
337740653
112538260
117466153
920692517
289013527
309224305
582334438
46596251
374396134
779037409
149115611
790855214
750447109
364357282
187719181
302065577
684346035
257780669
260724474
394847130
530992580
85801854
962509153
631423416
408627305
240022424
850556448
150973146
881481661
102997768
12185232
758232384
509587872
597483816
818194653
692588948
456704377
252060975
564174183
504723103
673957375
751931429
892971551
137649833
265882750
390009508
962144342
383906198
482306380
735574936
157946930
291337217
326091077
804524625
500771452
813831469
942214297
252951624
91106797
771010626
714432894
850597914
638860995
950552014
765564279
600875776
738324136
756241741
372108949
44328100
650618161
437717709
263659680
213781021
34798774
848966029
656555010
205369224
8224092
956991747
271734457
239447880
642602199
293636676
514579712
889208197
788613455
974669843
985695786
435198264
321451361
20242853
60059349
622687486
164996085
846062042
319132333
785312625
74694926
902279758
969449894
726244401
99986265
484387664
478618763
552374032
963303741
663802726
606348194
926192581
811075831
841362676
150055648
33351351
144985405
276803039
684048785
635906860
18367094
806003634
75496682
655503069
626324795
145232761
171103219
151931976
818468492
596083209
599239086
683275689
444847565
152547654
264663505
609328741
930567717
830984520
563168759
354440361
295541985
495262957
906258404
261223989
480307307
573054896
75580759
302224036
755496769
59209291
824646314
629301312
678057183
192405074
619263401
42853043
176558501
941245324
5791702
86186496
95988771
471422346
411659348
42368935
894601111
387629927
907631057
321133714
508105904
874883278
751373102
977957517
388382013
850013531
386297741
986145849
119328989
625482572
511750142
81792452
573944044
717564207
459568217
242890365
841076219
350738096
865283194
908256476
170195106
196752403
66565451
650939467
444574881
495393062
628941362
724749178
962868138
114781710
862713384
358958719
348113096
692841737
23658501
968428654
213302466
597456959
375890415
966197642
110967274
738800963
414217068
257095902
310904759
796773452
636568678
141753691
120211466
399145582
348128000
125757517
642741617
49202697
468634085
406515523
713992457
307095810
792977471
576124537
239453317
419128898
209628792
153958244
369581711
761715185
445254718
561123148
128675595
507938773
251564887
135226292
681604222
748704913
889912963
376870514
524328864
91905560
479730145
659600578
763443509
563808767
212674584
266797509
893451009
645674436
992907814
40063905
729606551
187750189
365037645
283203701
837206393
920842673
114268490
419016723
91854518
249997603
655052933
944429507
365442675
614586313
512179999
632944962
899965178
447599041
968408377
573813626
280087230
692687002
775675507
386668288
156851219
142124967
749787118
122822161
169875139
15917913
147730470
896627094
436484049
204980550
364279007
381681028
867359360
800318308
540172494
144867922
965566483
925300786
601909458
53718502
307156138
380958309
77735395
605561455
400072204
552779999
499934392
2359571
605543057
108944060
422470099
158429372
664516271
856272453
245079299
556905852
532617992
316862539
904799556
738825498
885588014
471784536
347130165
453775497
612382392
535272220
299978528
149308158
275659337
896553984
51783982
520248107
8670404
921430470
166405683
886709024
118573962
523271132
549595265
594296534
469167208
475309703
235045994
209729540
766259865
560404034
220976627
986911796
635299771
644271394
46567664
469835707
360452735
715963357
502401243
591343767
448370347
606925036
163631046
458325056
370790502
949702071
550513855
494017009
128689877
692655786
653944158
569853737
260763635
977832052
650252476
4695774
978067042
730942140
372722632
859278423
824231390
649336532
390265833
139637964
233551731
663566708
894439943
827930864
498577203
55733117
705556374
836196723
112217685
782129381
777882482
632995485
778277009
743590042
320474093
281230317
658183878
503051373
935050970
493864350
330241720
502466674
447560063
486190081
201906834
634292336
967112859
388511604
183774984
252670899
995190402
189728129
910997427
627838964
912428023
582749396
495041268
908266600
942727494
272868687
771152903
191541501
658550324
336419094
528032434
673749987
512612457
909171075
960599566
59983144
387088050
676
938348359
748848447
423291194
122742349
779399801
924424068
174061773
265627190
397633842
63644578
730000082
233681197
378993411
793372657
189047479
164729269
302539161
751806798
191558138
811366562
664462005
563068219
863118461
438571921
913141302
234458814
698406889
113164950
753128658
481260094
301143925
132169691
849812307
444693634
546929134
812759558
155728025
553238327
735261801
627460055
780977575
767917280
626720313
503835146
879889195
5581396
140678172
192791886
90925442
940769450
14167080
975329756
314910494
993173584
12980059
730140596
649811097
327640284
302652772
6729500
904244749
636156044
955826823
420930934
22110063
149400419
632778097
758907033
665583323
300657524
122297094
348103931
673557992
408992021
714614725
132599296
734760119
951314629
298769053
995067032
439845271
589181055
67551555
272864920
518461120
886200898
224663385
773261382
883078618
885485550
147238398
478987947
529440565
679480857
827299032
407822793
75872376
172655849
784578102
412019603
798346780
843246970
360521032
953756840
653056879
808583441
952132393
693831520
488764045
334270144
815802003
556621640
237366050
307481964
948777500
35194792
830782219
627917770
183979714
466450922
159465517
169970312
736094985
486925666
850719652
826199984
445532685
591143998
737385357
362662709
535152016
113582773
896142811
578754452
74881834
751852954
877680921
851912727
374696085
591557917
843122097
173488109
371389452
206060548
554773817
696417583
375745170
778606021
277081323
246521226
313841594
942476619
575163399
285326600
236791095
658443904
137836228
867933995
345268388
704208652
120470219
302170484
266153625
706542425
824608561
495843338
720088233
510162169
23253450
59045890
725571723
846337261
528280657
866193761
17311779
469233499
736267501
51385341
286558291
482494180
999451357
550809593
464105776
168453087
16383954
379254007
498058909
507599652
289932179
453980520
694897672
950497600
88671900
643287400
69912072
111274156
834306148
550970816
532870752
445031224
416281340
29897198
476602388
488839124
787888150
770895402
339768480
621115888
466576770
973467399
767523760
194162997
488408685
445194055
371416658
934267720
616442423
766862660
220291753
74306996
678753596
422155645
315483394
643022224
835312067
319160303
358986828
181778973
241457560
204861302
564054993
554132864
987344573
722896436
619969553
385870592
827015838
609827324
503807817
278837960
40890339
833380917
865407532
742435008
30964070
153604768
126346927
46531396
60905905
420310638
597762711
397878242
714816034
290027143
444318986
843694778
320053244
457873483
475311650
556424648
308633005
150077597
560177521
404303494
642939634
594139318
893787951
572141400
423606744
375869269
823760955
362759750
98037068
805697837
222315183
622427673
412215568
694766999
303562526
809378606
96484181
52742295
896828833
95166147
716668978
526389752
333360468
832374198
137512039
53355670
343411765
276337345
245512924
196642729
971427332
98439386
454354776
946285470
941368944
80232166
559708418
402902656
18339713
596050326
986593393
656720857
425839579
61809361
440296318
991600923
100782690
264235851
324784375
482417955
39807188
892645496
69801436
224271128
791309986
703194160
784749677
804374278
568982376
694197968
879050532
363985914
654910908
714265836
766156181
596709701
951148578
516953310
285380258
493052438
656437127
711525312
14767036
875421248
32736730
164219660
614723497
187953075
849104080
302058982
599531998
514385948
811009232
550754776
348154984
864452094
14677447
462233200
401677355
354205275
170525726
101919275
482833383
869819311
685020649
773431091
791439819
929929657
748370502
690068441
422906578
602734659
993170195
765586435
980174115
735824359
958800345
526685258
250160094
865568632
847699063
210859327
934768007
606352523
441855182
474361067
724110717
473888336
345509245
317931472
95894924
983979122
700612258
941442549
134416081
643649751
378226173
271152346
708184452
811514871
578458668
149661121
143750966
873004310
413567136
707556916
802006782
753752181
795819269
268957898
231156811
468165983
293145383
70368169
294035191
573890491
808144934
610551044
621415832
999988928
667102205
798687690
713681898
934828856
778907419
191104727
470410698
22510182
947320973
911470594
459494903
172520685
167805789
695411033
123587235
26417422
765053556
718558783
476829197
499662610
41474152
86449078
312246869
851500363
786660807
909437014
990694858
480806893
972216554
562724597
327619543
334580526
34120420
835055377
170538004
271123374
329554949
815892422
535541787
306574273
428776702
605340642
780868259
336368486
243741039
447863235
975978698
924787585
777669277
990402323
152058357
885676837
106207235
28095561
773919203
430725217
107441691
623606663
380951797
810602088
15411212
100469787
785484261
259150277
981056537
367217940
623305748
928497691
963497520
877944102
601844505
137241815
2308325
940993133
500237697
832037372
498028181
494640972
638737665
416932930
695260098
870660850
423399143
724050747
565173769
981199031
98053101
723066121
681079991
557674553
539674277
469927071
779211673
362939941
178430580
165645478
104926975
535625091
716985229
258739025
176409088
564613062
528384401
826926918
912175557
644914165
73535485
13559002
132635321
891722062
37514270
353666352
52900718
179770691
75380105
114274625
26849161
396429491
775678352
702430065
962702274
808563455
494008854
772677482
852048785
461826741
546096129
707454353
869889701
956536377
894883233
70050148
479277267
723713701
285815748
283196702
147212415
270742505
421651954
912606311
867644544
707022396
83815878
404106169
584815506
126674691
93509073
367434929
552611796
881611588
764195173
81891315
411669505
221832620
640338147
51807849
935633416
910965578
899928717
554707428
110502278
82262128
386447381
189282131
296257435
923694655
998350883
149824673
975914027
135150818
81707422
10517583
285378428
452538067
103460164
677724317
691443379
603421882
570146646
132907773
380991739
585563566
441921751
668538916
894617921
670135846
407499684
21418516
525551866
66372807
335039258
508664966
623897707
141923646
346303477
932267536
431828211
622687486
939725944
382480203
701030182
729716552
605985450
99149935
190090042
114979634
430130927
760299605
775174259
937759657
509569457
504107530
683112442
82020844
103083569
724757161
125322093
828138390
819102834
721482607
833497454
587563841
152544441
316484728
619087190
1106803
594898898
264980594
916581796
90509314
891006383
494178149
91365002
194480431
645496437
692335365
579096246
63919123
663565657
538687156
975217272
788663106
904827142
570424324
262030966
637071415
524800443
259151401
799906172
668967464
678238487
57375216
976498859
822678555
768184932
898446138
168411262
824209625
58395192
857759492
711215271
440393588
177972211
759035310
965594348
893282813
242826784
956423458
515379597
872430693
478645315
790985303
89043691
145538363
734439498
341387051
364745380
919954068
898983041
672593681
165877843
700116143
657121670
837745886
135352038
158503983
688258786
730611582
837174426
482830961
510789716
987418852
155101472
912020831
651002627
672363271
775892703
920755788
112822154
762697296
322141638
169657656
779157258
290133263
613801182
378722661
63749375
548622793
217478051
862368964
667358483
383474223
388015084
405396909
810585304
700357125
234313220
490951720
513258451
441909491
79875472
122377983
29746087
996339131
167063521
551060528
984955667
665802142
867814064
178109983
62609125
957491439
901276775
950089269
985937867
799496413
587552330
13365488
518074454
703147690
914069782
832007478
110572100
146019656
779488902
511262311
574868031
824189725
503931025
117585206
801626373
268451622
716645625
818128509
465792847
349038253
956114350
638611554
710356492
440700564
293276540
355660533
51939724
563582278
492513073
687776815
908686425
337157892
943103477
137619941
456299953
748620851
604009054
372779883
918574524
373198820
445029343
34842363
747451399
140244455
587739602
439204896
841531049
882125758
438330033
32016717
476962476
483959232
99057661
626955597
682975831
833960419
477249413
232459238
310605233
403187127
977373334
148711055
331683971
817528130
848895204
4439535
538802788
22069621
792779563
403635969
630030178
452590380
271677831
798670429
238281815
550250303
483347410
921232856
677900047
897767063
676979913
22858298
10542340
284236336
493584959
217843071
866990779
324582765
730709593
73226629
110453585
66312846
732984771
123844932
323934582
126888987
717030442
876289669
488561600
44872638
280169583
554651844
574346936
363619753
217346419
331751366
606421444
210152553
609426472
209131405
257814844
915033454
291397441
293506673
219541470
366931759
285661651
166073296
141885857
985215868
657583897
78637441
755518192
764622695
779683261
990622719
139317263
473329512
59573818
916811281
993461511
810549639
55531932
943173830
739580864
331207302
78754775
761704578
226273740
955964113
380083935
884234090
533016439
982902005
804297608
621375851
722233569
402327716
697545639
279023871
978583566
646024786
495774259
315249821
32770132
941349412
431688269
683018627
328395954
141938343
15356618
333638943
688391571
824361673
763618715
904164040
626931648
117565627
631990878
628811267
870808105
624329110
572590488
825447719
317100806
699253850
295588563
131508080
113566100
534590009
14754289
733905750
5550471
148696136
232112744
635276954
725628679
201759796
755148730
97895751
769158623
908022332
746108225
339392164
705052851
689428657
996782223
783187833
803546537
557140198
956372592
71567405
28657188
502314149
917504870
540891729
959835296
175093769
5472401
924809199
137398509
732109882
764328565
687910820
272659390
121302465
688588243
230804696
557461064
483217388
775647303
554542907
619527886
76170058
643708695
453646643
247302535
374456766
949272124
447967636
357804302
490873400
312507319
919680924
305763544
51592555
452537823
654264891
884132233
369192571
98097739
388382013
662548572
13796196
719443144
505593200
971866426
994730809
207221845
299360097
586976011
880188399
921948972
807494471
769903483
765251902
957015467
485440964
171791122
650675055
363141787
896266204
798850203
605726911
885123585
895164142
245771608
627222650
873449829
933197187
613180690
989472465
77556282
52041328
763847381
530123438
329695397
713915088
18730371
379732866
604831565
756011782
531916090
872824722
82935498
806192788
647103754
465936331
66691318
511378006
687258668
215964766
984998118
1798461
168778726
321408363
461570257
921771318
949346614
52501558
571411817
502772074
202605885
423548276
350872624
292586402
18168941
626363881
415637836
701943037
568079736
824296060
27467074
802502349
411694928
354301304
973073293
581450552
602649828
496529091
976054261
455752680
759773575
19414631
554950695
404605348
717659005
598537961
775361339
780734888
702829202
30491719
820387318
943441242
516350858
720366589
61756457
316947756
905058070
192063836
67551555
635347839
775574981
209602446
452434414
548337763
594054353
961255443
737770175
899014061
594801116
885344343
834338378
60059349
458217205
234863423
536165101
22228329
534717059
924504102
568530233
617645037
578388806
701892882
752847762
712385460
769467254
522093856
500665316
501978014
311378958
724694916
80803993
702693368
870168978
411490591
607483
556612425
940652507
282022169
882373260
998830430
334580372
256029253
760766569
787436902
100812683
132881710
721477131
525267245
806212649
937604755
474307997
445173608
917436198
555827292
570794784
803672075
248776659
609281862
96228904
794699337
766661979
74101791
407861794
62428827
149730801
358914619
207605695
994679795
454473407
446998946
941143436
778109446
612553996
971286474
983914597
65857416
466131918
642446853
248635575
168463099
175253007
893248199
108194347
201240174
95341219
410776586
923343653
131740725
654135796
776467756
173182646
202605885
716694206
592382905
683882148
924710039
961759210
920681824
310728903
663166432
918654095
94905524
768652976
803362291
680561340
288447064
282856817
451997686
235471348
977964501
581267615
802286991
156778699
69869441
637592663
911484971
84075823
45186623
991786858
758621932
726326446
73372395
965940518
561883635
784434112
607961490
466661333
287339347
807042207
469302488
565408642
94992560
604076333
229206706
715566994
312047822
717328939
193044913
234602483
415033323
741107708
275867746
193875693
712287964
818071669
969263312
891377193
89928658
676339892
46680704
178703383
197962375
404089778
382410543
336239617
691780799
551910115
229689468
879461607
511136703
227480823
569592211
708973604
862457348
166493494
424745350
45574895
862667747
17902112
367335088
866659312
327881800
573800837
577489488
766379875
896035008
379817964
737172965
613288958
800501751
492272465
767580442
999213483
359442568
847162982
327566423
753175916
485933568
471492485
149835831
128717029
227229187
835605198
394143290
351622707
289191275
574305532
141132843
242370032
428500709
210480794
710138266
392320838
779421643
460274849
207570646
992907518
25289956
345945594
198204493
966791859
534975200
575104422
712412773
794204225
492817779
333478336
723875033
503652817
298310485
111734216
113764854
4075091
363217151
466900766
858889944
513835796
114147001
343623861
441842839
826309823
238565686
98667563
490278071
693176483
859464751
221945943
59104454
148716982
473403522
256123876
532652391
837405345
479251016
468551869
698302641
73983941
88511249
336108501
831627632
990905118
295384985
603200687
219757986
329594207
89001809
376421655
793841084
327961236
423797764
357076494
576356876
953820681
135801363
748820947
816318470
118817748
886097820
669945200
517958318
548357904
506342562
915665971
307669430
199227646
828637068
816212955
966821123
481675888
527860771
214842718
99874824
539028780
960125
521223224
270806123
739900674
848475610
265106508
355369847
192278213
221270484
104204108
463785175
847255403
689410579
829304912
67732189
617593621
979453880
596718761
933398848
724771732
11011542
31351104
502316150
689069901
137352504
429028542
185434088
824772556
298775756
530439552
341008576
938339194
416188010
194762615
141992985
520902981
5413712
371715199
211903291
829444141
258399105
440604326
692966095
855066392
759231412
966197642
685632613
74663008
460926906
311532847
254837962
725269330
357136298
913704881
828405203
337502263
908384054
227898214
27233414
129147761
608479996
761227651
956238010
681480149
899198005
521184137
11274042
508712831
351118439
919467160
474162222
650392778
246513598
367070235
533789661
44126288
135950368
19888564
819739155
961513238
807104325
505992189
79357307
916886078
484832355
446911905
67154859
461882725
153578223
330192191
512366221
398730484
90087205
27830401
432566085
474359629
619060513
786099870
72600138
264607073
276593766
36447783
339859674
787969561
450278672
171104322
56697767
940469530
278475565
852238629
687009099
926828900
143834673
283968943
427168945
280748857
805778367
387146291
450458478
982723966
678420318
64347698
368866385
871552450
889343590
860620459
497353591
89163776
333404822
258054537
436820665
290177171
228951666
462824253
94615462
232299796
418950163
104980824
323901543
205902628
552121570
212507900
713470934
755652761
211721221
266421357
88762726
238602131
636677697
835713458
188701183
319298645
37447808
667432939
856891534
117574897
444435415
370736960
833995966
445216921
130415049
620826446
777679572
388600627
781735356
431974175
947379218
344974397
152917831
951188622
740477872
803720075
151955433
756643231
835758976
114330491
716164384
200395971
103578345
61602451
455124700
76500950
8737373
786883740
622385632
881440642
733352585
375167440
721650380
686179434
919467160
825819646
616634983
705876101
173186069
447886406
281305071
781417655
567629245
467380773
960273010
787053783
209614301
911040774
201808231
2619244
866642997
330807668
274654184
684891514
399356166
358087825
809794955
212728671
321892371
593743740
404579743
100812683
152219939
725745939
687472405
182093723
666653682
428485114
928413926
338492117
491054957
239026668
704229341
528326879
740308185
470136246
210392415
174163513
386445755
682606473
985790761
663613817
812152669
408391654
419304751
780401442
488705923
467877845
820569385
957834489
114649542
79765203
73489727
861222427
660077533
187433238
966374141
903194104
975277454
645016586
909570857
551786385
42813113
238804620
452258258
80057137
248593845
518503242
415024545
163061278
459526900
885584100
354394624
521493803
335129366
198802504
854155644
305826407
947742614
50615093
940149956
848016304
471424487
107681221
895440386
461630592
443555346
892450642
771096912
569075596
774673166
990983236
108894231
792052364
83803086
616029660
710380480
521391425
744694691
930530263
40421422
207197404
559499412
213893690
540854265
48204958
269566817
52022024
230566827
140631638
791438086
820319937
433312904
693202639
642468705
18285419
585328552
50242963
211890531
629000223
946499415
418735666
7295052
294891088
564902265
124756891
21717345
571281773
666033200
276234640
986494442
651632477
491102147
817690354
288157529
692963966
35915640
757417779
92683350
882736886
259430721
900224784
112237943
502645831
758787019
964991996
35498436
960359279
641090141
712219251
821362956
897333793
353721420
329934539
180944942
217295397
446003102
695648148
279728968
165399567
899521324
502701985
487285915
32325639
864452094
389318283
750690966
466681903
824391465
232589624
970145449
731902884
280200536
930277321
590191554
364944657
587471385
335056532
453685610
590462663
277077236
708085518
749723924
660538554
258284970
614710995
333360468
365839984
431828211
499647264
294966945
440260962
959328087
155644147
411179557
606769785
848084138
373410273
39755935
653335513
198973367
593423196
899649191
184284181
818833387
218174948
926436740
332598524
335114578
646250529
761549939
140923887
560659521
175823943
952943211
894140505
364803696
776939689
473262805
198361480
228664516
202323654
344076631
639418855
788115721
928959796
361321995
562244844
674748462
395001199
285009490
284144873
74857209
668663737
191068761
627067093
546081943
732865309
222241951
884519539
934244516
982569033
418219073
767760265
617373888
482852572
133254139
387434116
649132020
655503069
170226413
91336209
813983297
992541825
208910720
612766983
150742989
758633631
531434940
796644163
720257310
218110384
371880745
286374179
822180794
649848521
712970451
450589806
219648898
487226517
14633766
895153983
737405150
237670486
687616824
586487923
823278623
166062467
33214363
398230583
540001300
42730856
826573223
82564738
9743717
553642871
105291147
877906374
170173588
554342927
679117007
329053672
782136697
945818021
443159535
404413140
445358908
960123624
136233954
245042429
216955778
730306925
312436200
875181990
693458750
79019239
646645101
168785878
339845157
534162452
131717120
919488584
141507350
1781530
10029200
661121661
856476291
286686200
190499407
180761717
366747424
99782323
486013830
970528042
837745886
379456292
773938846
758751062
936424302
639594618
496844348
164426363
292390464
281541846
561809201
484314528
379788422
493325325
385488550
656365820
370847875
912322311
690079403
260413552
97079535
56217546
756705777
220237900
206369057
277347207
416585505
618797686
725364416
955303648
598159170
944194947
23625960
22384690
271508347
597728811
679440397
392538855
736819578
847022334
1480918
61388126
506271351
808501336
10004742
428696947
412828945
678350440
619969251
923525749
971660793
208861019
782744553
992793431
705175417
563194603
306502307
97372272
710108547
199308725
635291851
253275590
975185596
103679808
852803265
262353167
173533445
253974068
871561015
705332638
898135182
182049550
596772250
918635653
395121671
888218480
781121895
962875179
878301633
903658303
604741550
346474534
889253640
861479996
548556567
993283659
181629450
795937545
187393915
331420884
593486873
935921915
397547988
871531501
456754060
400096536
291372788
437448584
362565903
639539381
966948521
910618830
352220238
195586922
496211862
347343219
615772847
52656502
761483411
44130508
859564103
131597130
496633885
89014753
445750502
41795843
155699965
670027077
54309709
228982574
42565834
120800930
435901294
962801756
921181398
616470270
706763678
960329466
245799236
617484731
796536078
366217813
376093621
735937651
745307418
195047586
593362201
768257650
209433822
29514085
349025210
811852285
115629357
979777971
791554005
493528002
168248555
835198951
115788893
572369841
138519748
86512994
692274870
607071621
242848626
218423018
172030578
808411896
274372852
121603146
559681044
139260914
566473790
177483116
457350371
195852902
572817581
290631735
965178842
57742118
644714070
231531555
914990390
83731642
194636966
676885487
846368633
688246240
115368480
298691588
725801667
248457879
720246621
725646976
783891412
358478918
109358501
886705299
391196772
998514593
312856167
888937797
203248098
417534005
283208800
64492979
222092627
947334945
296628462
824209625
827572890
746751185
168873525
338751876
524655551
15045114
216269559
81113549
660330707
510117893
567686686
109905033
893543607
826327480
429296598
167880181
531362983
870628076
49980171
700477125
517139699
454561142
153914293
565034230
461022059
17496598
375823818
993729980
157682496
23463161
524813780
920007870
743809152
186986205
460931230
906721393
664468309
845345760
933429911
741188674
884203938
977977090
59424103
236252073
192692996
97672479
694250768
547428900
485318818
673066504
74477785
185859519
430628286
394598866
306301229
541662514
352960002
835106496
79640664
299940177
243614143
41329363
309435697
549385327
27232595
504704307
327362361
334580526
701975699
77663010
827533891
287281948
603552369
128583172
900278828
329837456
885510736
654229808
308935188
99276813
632895975
82611355
129604722
700700043
854389098
877174396
11606539
236031091
205236480
505313476
579573980
125346747
861161058
539393537
162817089
108440614
710520098
440290143
968370050
866188023
362848118
544780638
573203573
850526627
262334352
375974845
849168000
245449670
829506742
900472494
203684470
56092198
929847138
214527988
567737641
805929583
688498649
864056856
779700622
467857392
688499721
425757764
570264450
187552027
335270851
618235152
14063944
2830116
865614080
744226221
529198018
847387714
454271067
724033397
843568856
849896689
100040222
962774174
460860804
132019821
158638192
477277182
144738198
356426696
655484099
680285318
470241991
640854125
911080880
174464236
485230615
540056264
875295463
91051634
57814033
863316581
819948679
145281098
167132713
705851419
768443303
264607857
107285114
309311447
193572698
211615431
170078654
289819095
799108326
233264122
902297013
493123383
2568932
280656301
155491151
450716782
313192148
986018878
611855085
747088374
289215836
786889606
734047790
214443191
982788499
100656578
940714061
696227371
9080717
949709737
319864252
339920242
674756412
860829834
198660451
363360102
145479797
883834868
892303768
191767862
586372126
835019307
288373388
71521389
616197307
332972117
777147359
782570756
105120311
990059495
274956622
594112307
626604974
665200202
523399132
207240721
720557658
122536396
522997204
656774752
239139431
253165633
431570353
972383752
691820557
477039646
675544746
948531265
965193808
608785745
918152189
61597785
899148646
802518141
434601611
706104150
264673768
419664638
411280704
102297954
302722847
543441626
747431247
206116305
644147697
218505494
136143594
703137792
42484642
997062901
848925727
55002992
621982577
885145407
576721103
712604359
944975800
87488102
480832758
927754156
788566584
453685610
70313193
219463944
746127339
465519913
285294791
888413574
647223652
330064814
299283585
192736100
135626458
273946724
90051002
361750307
468659812
233599479
961462581
821209025
953382123
542549780
595138148
620355667
976475762
969008833
824018708
634485301
249466236
824656307
157288606
302957627
620434959
881073472
91240635
515627902
395450227
553651563
48428657
488364288
190590252
111524125
972558374
641555994
512698201
662296166
455212466
15219816
974649941
151688762
479771786
18255862
172032755
375392460
448682031
817047112
39993111
50046616
56124363
574068006
688654400
488243540
794631683
372392072
638744589
159787775
461722443
7760401
875583116
634653383
110536641
302397904
508399093
924533300
237211873
847548982
132270121
359133365
16277295
847606642
409556252
324145805
58606381
984878282
379441638
331117318
717445547
754224349
502411078
234759289
460325375
780643708
197001153
983114713
253300723
426620565
963647908
76064595
110062934
484374343
835884559
860278735
416695630
848121688
31495317
957581692
892662467
752653718
271296147
565918761
493203315
160820583
404059442
522026430
85096485
410546341
398391089
124174130
849695182
248849208
276602546
202967869
22886292
344506721
786830367
148994942
844551120
132550114
529322297
926088899
580628014
922073936
86622825
653525657
542898311
598295861
56985509
230563920
88214132
616184692
984870967
721784959
718452823
434921725
525340557
998490837
627050367
111591035
459001571
279724569
578339088
282652860
370411793
450656428
126513988
304814343
724293684
362424396
525293873
469639292
765476744
205541492
588361729
965826437
193837890
381741570
807711685
228667505
890314498
629085753
775798837
2425426
259150277
50510894
371220190
346090542
56499377
874379712
498618499
365229149
160905193
346063821
299369019
49161534
119092512
645709979
713282847
303536173
532299327
720886029
425233401
253280015
679855213
472496950
777539298
94974554
751016111
377389608
544350356
286083502
384639327
57402870
778776833
314682633
850051612
623611514
321181473
771038222
616074593
583872793
919154737
752026663
499771184
595363100
84708220
589720019
102583605
666311134
67471236
623345167
911502743
936644266
684785975
113704559
305186902
332682688
580912343
411179557
670983271
904567323
298925345
616552383
50460512
759035310
167394959
630426127
848322194
211955296
760820028
22899534
395790164
810109562
223513433
136535620
328412903
234360269
83891521
199059635
619704111
939503286
347293963
460722071
823401789
916512816
106658516
47071392
981341002
892267981
749905098
182268693
160739724
399274916
148752438
328584005
205317165
209938454
364954004
247234746
757256252
465343746
51502759
878329437
638692775
694648191
926764474
430415778
248866306
67488705
621755461
867889875
394295448
471125669
307941600
535561158
324751383
280471188
283382875
946420265
379919049
324103290
149251510
969551595
748779717
727500909
697638652
682508560
655672126
927547679
623793263
675155180
664342347
532470621
627197737
459417485
222990038
936152123
611613045
327997556
404121508
174378547
335673704
471782783
596428790
197772498
989266795
180439764
914481369
258780303
577381199
684532161
760323764
369408748
166173090
266149178
448602362
122814521
644057622
665727867
678736734
938402596
723555798
389212088
200584242
692262603
701900862
869238903
1568563
459244425
1879466
549808966
327753677
610536678
108532630
393764579
15446837
228701721
319833239
172693348
725805114
420347462
605556144
491150592
898526867
727000023
365539330
453450807
691263326
39677936
443045179
204432568
571708220
707251146
50070475
10681163
799646541
326578492
485636566
914644937
260720996
284798187
314296333
808690370
37315071
769362312
515219728
986833147
755354537
974424648
411863794
518222476
453383517
54828222
290545895
923718122
167152104
67246909
613647064
350349945
60120465
566792312
709341218
349337625
364209476
560971956
879968694
162760849
219210681
105277507
359557402
417608070
300165021
798219695
250556623
699379095
585628796
645082559
770926009
546758966
88496857
349177292
653244965
969787776
321773420
974745624
955475427
619998083
734527958
843971920
120169236
374852096
617686935
351545345
487376680
431028941
402987634
703166391
478394697
963447652
377932972
260093905
541858966
496508315
68551299
584885712
353019295
859185491
670786581
479771786
280851799
444140748
371537208
41263675
844892745
848328250
425641321
985504064
335218546
247327387
876509407
851634499
566673270
595260984
612719210
458240328
215261276
496173016
703223819
698087806
292221831
45022056
196049494
55796016
401545628
587432566
278541642
856029805
635258243
103222850
760148321
303178348
255205540
248819290
578263050
503896193
377409307
404401059
357044342
345242432
915018338
891680121
348705974
863705249
934499092
105316926
441475691
258624145
323627389
936060897
922752468
622366196
918506156
654276777
155873620
438013695
12777629
983510026
380813808
593373894
609507317
119618558
372860769
209157062
761125378
998531695
64042783
640202502
343418417
668516218
354060675
916249146
556769673
839731904
834631244
541007336
877303304
109449418
16668055
174752952
646733949
242977101
737883346
571274878
460562720
10712552
410206029
976449094
46794586
237726074
999732253
469581383
719400035
14677447
337164316
705708681
587455589
8550240
203255096
90966894
866167590
532133557
821944296
808983951
201833270
37791069
641996223
672325402
171337084
751294
106318885
366153552
992145150
436688552
736770713
324692309
465040371
92419081
43449821
413842026
765296704
809549897
941856795
907963777
172135489
396021849
76559534
671808618
358568017
549212668
359121929
899731245
210856969
974657463
667032474
825607225
652219216
379274011
359187123
588720843
252884052
518948627
289165327
950503993
371935019
436252956
525106133
738261696
184692555
751000669
167438354
638475419
589787564
668265332
578012591
873130216
657998738
21887049
887620520
956325842
743949740
645381843
954856347
23925046
111169342
769609912
744429313
790930012
747745241
655551542
324643564
903628746
189157916
12843290
573917474
591916664
387826778
487810263
129442670
222901373
269931645
570906626
369864366
349366083
660171068
34798774
788977865
890705933
406852725
932514113
320514369
191671277
316702701
758504044
567279727
45480050
673894614
255284542
867921222
264980594
813568183
374819610
992678339
655077026
882139432
885601612
737381605
289992063
8871477
442393109
639026350
712590361
653887038
316375969
691269367
894457557
934159822
727470054
717764037
899851359
538920898
613138393
795068075
427821587
853606002
635836508
729867988
204861302
909176190
884023279
15992128
822631013
221371032
46390917
160225094
947190392
157955996
470140964
557066215
318519143
925979768
104236309
939815921
648197920
498783862
15932108
400747523
50197646
595401464
681220632
949767053
29613020
854020886
639283622
229796532
937106364
396800774
745772441
427654186
289498375
222955141
36816960
38137906
493924565
221976459
297878283
940347206
608151174
884645447
710251268
771677333
638775236
383392914
979693908
229362745
176468680
544199082
308674999
362380085
690662868
881800543
971599043
633330210
420635608
109881056
851192935
265825407
608138364
233253431
302328152
397791823
718333149
126304336
992800345
742886903
36815236
14477148
916720617
393573563
515445524
37331612
811601704
532870752
927616281
14049144
565563403
216578524
167405916
493809773
338445518
743867413
137381038
653311502
107234844
904328664
513397255
124694065
313988514
592188531
752111841
607844717
973287359
226370265
129874906
497272154
654590813
391005007
24034838
366550761
491647717
426837573
373181039
926042116
96877237
250797989
841185129
369264602
97820039
916222736
902381294
70675307
373836017
841503639
137594073
586135036
733618044
558828599
899317426
746723632
963141821
50201607
359556380
196180096
611842291
70147331
178595397
652254413
253376058
531027393
513512051
606891986
384440744
706090995
753712601
475352353
472894225
458137736
931867081
845994731
11654914
132169691
225036053
259118524
927948525
382446407
551655893
48694623
203593121
529294710
580057548
981421607
949709791
510765771
769467254
380908337
988317790
362106799
890789720
71962407
45621612
301739098
847212893
38341571
271319821
829929612
429252073
674241588
720002688
47757338
845175236
982806678
934675840
257343745
596284097
650073219
623116143
470784617
156328333
804732245
845532655
313068179
726049375
571714008
838839531
818005260
117070723
632074279
475096644
957292694
939431136
421609696
360628614
702904865
730349866
299429557
114035211
982598053
968915695
94149532
204008747
411465109
398139926
956004771
699300573
522552215
627577924
688355223
1488712
136256533
236167144
182743875
150831895
996276136
243536578
205497782
707460909
585742397
752203920
942241803
763441086
883766767
449166001
300682873
721768481
866909855
420883333
393086748
343464754
365817176
919571726
662535459
834928852
157895629
42987306
316182633
305061766
51612730
2719040
470330936
128460249
115197570
829509883
192379827
304118800
855573425
214340515
130223264
796876692
482613025
905521830
654656725
423819001
264069837
910258289
160617837
843970509
806337453
713489544
155387758
73071121
984169828
955545534
841631522
949245014
746585135
656175044
280668487
588541276
990371126
781388917
266311011
759527674
202689052
588245424
665261910
842083225
89895408
170593564
885907828
316033928
154303898
222911249
486925178
497682284
858432074
753445831
692892624
101254651
875190315
505705997
351211177
997137384
976046969
252983592
580237717
352692014
396137332
786787336
158942368
83999228
745860728
779736965
813170144
713906988
866903787
8806201
442608845
166862042
138149779
53710028
78928633
31831429
972569229
173008996
233911190
834720759
403582886
889124343
669038172
23145889
546551056
787929323
52091093
105292453
965072754
281883160
847530285
750761759
560830680
927628327
274416081
312209114
109399389
100468620
345819170
207020200
856107143
700368620
259081965
370037616
351400687
248448916
615257572
436241768
310363118
150939268
544139342
81872663
487301899
496054259
608347131
458606622
604891910
957525629
868014768
27177211
125309574
382791227
345848564
778379919
193356208
212709430
122297094
214757857
521880000
257798606
182116097
978821123
159218457
468997525
628130714
758787019
864422992
810169136
913454822
320667126
656397845
83112840
327904735
692893353
740343270
638274778
11779783
280524678
803078466
229619718
330262128
84037591
934619409
326596243
170044944
154333691
983585412
549668821
338903610
900148914
901443209
325518017
470476137
783969232
943934640
61894513
186233370
656430519
544976763
236048345
755228636
817954112
54507395
490875373
485379688
771070239
685536235
936754756
461700050
556756787
102048880
41562799
388168941
742486914
12024811
554086275
188681767
342084402
558413781
570905896
214923762
713245998
777027181
759924915
716549146
495644375
22891623
796633729
228158883
195093630
610680026
597596474
768635328
797206633
981528495
472496950
419159719
814256812
949070934
255067660
357446920
966106002
775382972
973156381
172663773
571511318
70979046
77273300
260789369
783050547
266083268
216295828
785429997
66961417
140487957
254337205
11956875
817351348
296138864
182275113
999714449
722135140
851028995
192025964
46054186
347288602
272364553
976751020
506374036
963606190
389685745
835876442
795989759
829557019
528015663
990697743
713627577
294387224
688886526
405987649
949634250
15536916
969678412
779474544
433460534
982917286
49716768
118787065
531695793
806591559
65726243
655843978
424043124
441728761
439032492
768265832
498863277
751125967
931899842
402064771
983585970
996562761
8023963
511503707
246497274
836650589
34505706
371265533
331262437
126925617
11166698
822386131
373658819
724728391
84948573
905120318
516854717
344785974
47156355
59729876
602767139
906361768
854982032
3008991
298999383
724255704
935930280
158678988
57473675
893698735
922109806
997861175
988735011
439233398
60350552
811707323
488753067
434058010
403235378
356352275
153768861
196574074
299137760
138455891
65544010
713815080
575609233
31275536
132955801
475318993
385360979
358294075
794135644
733681924
687258668
529475302
784411177
375043519
688197467
252472750
402323832
776222348
708177392
89290200
727755687
173333007
270412861
161971991
882940298
490995257
98682968
834362131
546355273
245109232
824922797
251204652
122270119
32642193
616462938
68751993
8733455
96428485
883936002
384484265
376905503
751596046
326327488
376124056
570263379
304042886
808977950
454359397
136246587
339638385
457428127
273926202
626831896
397204550
261641121
350791672
757989836
55185344
530951867
995628626
923111389
227358235
582852210
285384849
120081807
815812681
536737951
473119681
619205946
875596170
875451700
352081513
516547289
575575497
374570618
477347436
855677513
953228894
821914005
431132908
437635416
533591083
272705826
719199454
356615182
662963357
243944388
36605568
167731821
423226588
254795093
1723718
85613521
626268156
62358378
362410264
713135784
352500527
543387237
668677737
290212455
759801084
859656277
157545641
439006021
431520546
307677262
809886324
206941401
51083742
122227896
801242693
243741039
990034724
604541134
27980384
254492713
869631971
509970660
373230056
583119147
353725194
67516359
860086902
287410939
795583858
276092882
833481045
651699857
522069592
957741714
795728899
900169428
335320800
298406295
941499747
197993994
869082847
482229982
490885819
996186020
244956646
952320635
33269677
877674891
721096116
497007088
239219795
598740003
147824351
423608995
143567044
659925186
399321401
294677365
517059291
79293220
614784094
61137112
268178555
329495554
972882222
218108757
447578379
651683882
791478992
26495190
850035608
725421139
221519038
292050428
236077758
142057521
615078717
856775994
723427561
335512967
312423389
869609096
267944189
768309290
533783160
149199750
179313738
157043880
530803999
6502259
132023908
357228539
740509266
158378503
837098671
117243597
832963496
937553183
756264854
111591035
146337298
119478665
447698282
934675840
699240108
149159319
10385104
751389878
545110221
872264089
29526732
859745647
321183917
830919586
237519078
566573770
19864606
603104732
4316251
289605272
204754977
373598943
534245351
866032771
767886109
147650047
8530479
996821622
548458401
528548115
999983564
657181743
513454922
554052340
438315618
691888589
708619846
907705165
581806613
80276282
193265809
153442588
128617212
568486729
4919243
226202833
606582708
361769573
997138441
905147501
294752782
990112392
32051811
929928505
776911279
288255713
634152330
409790238
817325036
164098441
22915157
802085176
568687690
701892882
413749393
938424215
621276356
487131763
3336844
209710939
716160985
728103624
148590753
173032827
115865808
670447410
984514408
58644783
57924547
698588298
130827765
494518616
390203095
682232166
293303189
231194652
894511173
535321834
686058591
417503620
265122763
468963364
112032099
330632635
384603038
666148191
264987429
47082745
908564132
643342181
300525480
593095582
620881912
43895164
814268745
524525774
839658185
444704385
653311843
146861901
384739325
313104945
325143893
149358612
856346009
165959774
645922212
236794031
479022178
687776815
832797287
374081370
296944987
401536739
375534432
434535199
341134365
322172768
708323945
195611141
821528571
323524901
706685585
676821826
672498040
509893101
243669427
31378761
871022280
442216411
452267928
677148406
428287761
236023089
950628892
117626490
137985327
783290666
63844254
976084415
889185981
278867025
412817166
130363983
736502274
358167190
478071567
841621550
163979957
815583770
147747342
672197847
768388715
992034679
500378640
535070228
741580318
106436504
993962484
875828454
180018904
510939263
792883699
554707428
163417592
327836253
389614300
759901273
650719462
110806088
219690655
335141881
224962956
254803398
791562262
124349143
648957115
644726922
347586473
785912044
676479120
819042150
802086891
263335221
421013154
648393934
423774958
28492993
697542783
755623597
628971745
665892756
485735159
503307928
711294456
331420884
684984626
450078113
906564817
606292733
449967184
526881808
183465814
606212273
942976785
246284963
819790898
624851968
504779190
363623666
982477057
205679164
536963615
473888336
383956525
618388954
954080515
823239936
881246028
125406045
849395048
936644266
902163372
76366064
876059898
990659776
668483721
14116329
872377157
146932043
829705028
743169210
223963038
989291464
877273709
442043844
707709342
300377335
982497171
874862251
407070879
217820807
607071977
316697627
763639596
613434354
881274579
416800114
219355099
770893200
620803438
703316342
233426479
797528418
31607336
986954290
176569506
354976553
288536384
771876226
28592531
756275876
711437194
537110725
400445510
794504559
439345887
680337207
26869623
976298395
252800806
260042095
739520636
35084623
404089778
476541775
840957736
291695322
912579808
600096451
591158130
864412894
682944605
908060352
680296286
398553080
811884294
37682320
502809043
580237210
120046656
293410737
95647778
750642692
728339988
526028687
531689443
12669503
71567405
626952189
324362552
106056243
100283495
785172235
5409647
311865247
708859297
946916448
772294145
817624800
805741278
688517993
61891958
127014943
446516711
418133802
852594636
16945206
580038295
217351122
828400041
475954790
85394754
994907714
956127085
468042153
142124967
379987778
31195717
27407643
93846755
440154909
730981746
1492861
973215381
395034919
409059703
51231274
691897798
106496901
599353943
49999496
413763152
192233058
148994942
222338615
499564457
544571508
582504681
177735403
915383956
248876005
597103515
407624627
173637543
959858983
880896308
492109773
215898946
518353001
111221957
701671014
311697616
221714767
188274778
420858825
755796449
246127372
162969815
126986741
211612547
701591574
942371196
887379408
941792972
908162793
399659973
523273926
487599550
878134507
41799274
925440823
670274696
661621182
721437357
399857943
842936569
246411740
480347727
870050487
908859481
900488406
217550161
900902427
927607700
470048830
112620060
585036406
220045288
711158977
112595497
686125908
181390889
734038049
356314908
181808386
15407995
87486068
580541472
174477462
195856151
436883014
411013754
76621709
648063547
30688435
849786048
883621368
120334161
769805153
871047997
686689248
897712244
39434797
332668975
387806221
588761458
377124888
446599287
924051037
773651810
998344304
832288974
510213951
418372314
494464876
401816242
917134607
742694702
310136260
870956369
704882537
467697171
643394722
108413937
978472178
703005897
932457384
733215975
93126151
262217992
446513341
30165000
676074053
712111778
331039582
504723103
234619199
671579699
703412761
24229818
512619120
850164810
850660236
785520703
650175986
577957862
401176977
884081785
841964331
357764698
361403295
261764063
186837468
287864410
153133517
558079674
634631154
489346740
977625343
205292070
377202511
958440603
251770250
294480796
279888204
875631566
351622707
179192363
179741628
641207908
738782162
870062116
845946536
649987284
630495538
918257146
575375673
799000337
298622244
121839467
456672212
579671201
577771706
119722345
885145407
598668758
801543036
178396940
217972641
679620966
10302266
249636393
72553356
566888808
64785334
657321797
284536588
312162299
820409448
256045045
72290938
704629346
348257479
600104293
623096372
156505995
590191554
901578866
928103570
393641985
389623488
459564373
499910073
997235928
702570707
948992090
774024387
426626102
350183805
989518773
530442745
327006770
865319310
778404946
400996236
123185499
303343055
987838595
65346720
841006445
274813916
289491328
185054398
860612556
454848172
109453398
822761202
551040597
896033262
865197606
894687892
215650407
46964582
679725237
467698670
472982355
429199266
368389241
476926593
419304751
620246181
712598534
186489530
868019828
262438159
925548275
184838379
304973424
138463975
91883223
870616864
407017078
711400337
726387343
570523265
701049835
824997887
654124719
910335285
805945803
813573082
547152186
719094051
212155257
749293913
620080338
57445044
505301980
480037795
304801299
426040159
799345550
92103733
934453369
253112479
668680067
436291589
121966378
712271621
894923244
354045516
811825485
971889331
8538886
318384215
265670167
85148465
731686969
403601523
937550324
960151391
252462074
912189726
123739947
656585211
126548496
53886298
134979300
453489989
299666654
58899774
926184007
910997427
815797401
806204891
406301920
297420891
643786000
922562970
129257130
856700976
564042234
141992985
12845956
697091945
97494309
431403028
79027240
314587582
786713133
203044187
692812056
621429614
142622031
230382549
663098910
650951058
739157841
653324209
453230637
671553667
229624993
135591358
739372690
689187617
237089648
470966853
686578022
569353728
434196842
764417772
835288413
565779461
792735038
429489222
288907619
821846547
119226900
253968459
140688939
191049199
279419811
238885087
614477135
814364625
916919860
512549543
616482452
366886098
470215848
75189151
877701660
584365920
316268496
116068551
49741104
365534775
691084717
781805649
587275531
378206750
211253196
400763009
558137193
508230770
358038268
845016871
824804179
478551073
515286964
703575308
975497466
942734742
418712823
3939148
577876849
699618426
477117928
889976147
638763790
359335575
784144070
408618069
642358070
36663983
581922317
38367163
849120997
618885558
956146398
529197216
845150482
963051719
981932891
519997992
589829474
642874938
873019214
523975892
114931151
743758246
44087134
175251064
79229594
929393922
774880439
328965113
440271774
883925009
455504213
972000121
301921229
871614488
599571642
499677095
175960212
474299638
748601483
727960761
249886612
672530280
480762790
214304094
821172895
89863744
372413028
533072802
140514477
584562025
629991736
767777502
267646850
70981690
152113407
296784127
376602760
633715827
114268490
517600359
357994909
973372636
964962015
242551886
278176514
806306765
575275203
248131964
463028343
249025680
613364416
446874019
25246356
565675502
892949285
893291881
26044798
269279280
785172235
120635675
995806376
565244005
680378208
521450209
893632259
157005052
987234694
882052917
594139318
383929343
957284023
639638683
885437974
323638508
446054642
187017295
370559180
76033224
315502682
800612087
456622193
253280651
479531478
905166108
316911875
627687063
82291805
93005636
485015116
622927455
77324995
73531545
338243670
332318362
913656123
661953923
825984372
550008133
670983271
486925178
352510678
998722605
991421531
113266229
158286712
402132253
802775474
680617634
442145088
346911521
946453522
405622889
733006854
516384519
731342553
258064273
582935095
494265588
534197216
374057461
471473682
868631591
477810830
376184720
318315995
112237638
354533662
72351965
89605934
228463735
9418658
349380405
590179060
531362637
538981926
454044456
744801052
837660113
747802840
452117116
51130034
703588772
374472420
963818325
510581110
221541741
450313678
851470389
478922500
230178269
997327553
143229116
82198652
958364966
362955010
296628318
293677241
743209009
879348011
117204291
469081676
950581276
979690800
565787096
545670031
477589967
722381416
61462162
23546109
883915856
978357865
868187088
342751358
650823538
233653161
787307841
805047851
156585700
950195289
202834777
367287326
463278520
296769578
170114780
460215131
70061628
781628046
774749404
400070529
362026507
375292949
721451274
837429860
849202480
830505712
924128156
243277512
146299469
526501075
545799709
73731095
197489068
126442886
210117666
9091410
963811649
891053988
797735370
554496167
131992679
404106169
621115888
812156250
925920421
233523273
597963312
705398264
143164380
145561770
351877749
605623445
794062775
522570543
658283651
912903578
966028451
676479120
128017803
684202721
464779159
80256812
602360677
646502298
769957996
958717675
292291577
175695451
718486403
462841789
60552012
610449243
122270119
538846033
501882908
702682640
110997477
513152559
651896133
212220871
205829395
908905004
237927646
719163133
69502867
132304698
920717601
729088558
632944962
523807284
974897798
410841689
965570587
314910494
962801756
413295184
806147304
452668177
311582896
623001666
994356070
47075867
611524499
397618385
866846494
144446523
744885920
552083164
821327689
237034701
225946914
359742365
862193229
913716962
645365247
908689520
550813946
324656827
726191757
19690799
828229048
317970319
420984855
963233573
548826075
247182333
439477869
53913353
102133813
700163920
168407620
202431503
936717354
554770240
404611215
914585317
919944291
59839884
823875624
856752258
853714921
270258277
528346310
905717473
486204170
364944026
688240453
471021066
340640564
189275536
463011394
57892661
881538220
968507126
863882882
117565627
103222850
393699615
924061558
17296073
195252005
663418689
505347462
722881518
902430974
805206113
286016436
785822137
543401543
138855155
160510196
74999412
416428565
109188482
346741187
891504198
750724841
300241031
435525498
537021414
728962125
989137555
219196269
331827141
626418136
717647279
981416040
158426821
638274778
470919281
441953800
368209519
184687780
921224407
55799052
49584631
143470559
701058969
514379744
994796333
824694150
143086845
675537191
518987118
88280462
977645452
765800150
849648243
421933158
459577434
768784647
108598521
388236242
500359832
163308656
57797712
768893327
315471849
646298578
837825950
440674991
255688892
100810015
5550471
696594551
411769380
886394970
997358281
337052618
583402549
203041268
785307266
195706042
254494947
493801184
493321909
181788440
664977212
580767277
429583440
257497380
752309619
773392232
526848229
341550792
492902624
696447424
990845270
669391674
336057437
115322889
838747696
323223491
246658273
564054993
58156955
335260792
539749111
673832282
961597501
573882128
166061149
81275908
419300208
69746500
469068367
611234726
973570452
383114355
737038676
291270927
949390033
201165363
139196778
445959349
651277525
872531188
680502589
303843610
550924119
480591265
811721377
434900851
287479859
935243888
92228952
145112615
448639365
399286177
655681820
537049434
608008981
496458481
222329756
683695318
604069318
954107200
420315261
723496230
639181743
590862829
365551613
122029494
119891134
623685354
729019011
495379217
272370509
895746385
801817685
285220863
825309593
322028236
639868910
488218557
74747842
391878167
350815772
881463302
296517979
496472986
95628994
475497595
482612035
636104667
818105219
612636475
843655463
324060963
292402082
438461549
672827853
595768642
405438553
257690218
667787633
165452248
677604454
681752397
802667522
259530905
565675502
107431931
899878636
648612308
938312675
837188447
362582384
117269281
732773566
675806937
807392282
891782942
731257034
105971407
214643791
602916369
938649753
500233271
463239926
757898679
479062562
818071470
738417703
134070775
678267485
313456101
247444055
730050142
466107145
113731538
246660458
857066483
321573420
75307324
965698376
135474814
466985520
235969541
980676321
402090794
524573798
974707982
520700235
397712221
236265253
705851209
309513226
593192309
59983144
168690724
901230488
952567446
460460324
611345665
939932703
291910008
283170705
458458759
66006351
759435854
255191607
298667757
713002381
133466027
565000838
854186653
660861809
153768861
742431795
347737897
149750520
189330871
669406074
967673991
311765959
407676622
98103124
45876241
578553417
136363494
144618882
556829136
382410543
891612511
753101752
565221932
731126947
127739488
447180198
87556517
498814938
238012217
24554392
99803812
501728209
615359720
181006970
607198085
431575599
205662609
888861959
215296876
592733489
370833587
939717612
85073231
252205243
656271117
106726143
729154548
986045787
744595454
434575044
168386523
598717277
115622652
677509554
760966000
82725376
800188316
336730647
538462843
134962344
35909670
622567715
704648231
371676934
201709191
658497197
807307897
585332931
83764285
672189075
954362811
976121619
821936268
813983297
378306824
56228011
797486124
415691572
861477868
63420934
861636362
928886589
808716766
138149779
868123138
958845464
940150701
921916480
618606689
556794105
670275177
710872695
191933648
502665336
858112388
23694360
531380226
237786802
63586706
424744220
506756083
375534432
536990955
532806140
566574667
402133366
701851893
154256682
300314146
753550636
749579384
487885162
792876991
766961174
389418048
217071799
431450967
213945368
105285360
312438068
471706330
401725658
57618958
437497529
281303717
921271010
391143258
889085711
927706636
407237116
373415069
762519878
489699277
492453532
453265373
679845465
836822469
167985808
127404883
713279652
959815116
375328448
616790450
366986413
351485787
887382297
945103212
989273555
780751362
240154451
196010710
434445581
393996114
526373992
902233805
422793894
105584316
364725918
815128440
229848143
758818883
310336017
435646299
131874490
249493874
162717787
96949014
140743932
303489264
738668745
17641906
855287471
397155708
896472003
746236695
808858799
935414332
336087761
699178465
491679467
429344148
496478453
850659915
602592529
258857876
310481288
462889552
626751195
987340058
616413660
120832461
927563834
148319227
745014583
932421915
640196217
574946132
96370571
757425893
709458856
992342961
190378070
356550799
744949189
105643758
78957527
99958837
194356668
735519256
372673202
176137540
370070937
778403391
560284392
732853909
712031429
667919750
478816893
970278273
202946044
973269570
885281378
564659749
3213186
73044862
856588407
557140198
953374436
461223995
740860072
71610594
274444336
375076254
478357214
648389946
967114084
227646178
232675462
451470419
319303910
71914103
359584848
709866643
205253161
423942228
444835490
489602422
582095378
891797177
586246296
243228501
979331640
39887438
467249400
106651229
189034414
413882634
243055584
248474433
200136129
583844384
624650536
782614453
715035860
788405888
410880507
55562940
306320933
426190339
397059884
605732926
856862392
201002283
645082559
21873033
460125341
772838746
317519093
772374704
487574585
376046005
342454131
727642887
833929933
878190110
524226293
192919197
373169230
185553968
973568083
570504021
841705494
22242722
30491719
407730160
374635162
105808574
993593628
387737122
531094204
68552169
351227561
83338624
564175845
894254574
921318186
322542214
518081457
516440363
666269566
899981063
913542100
11729059
407844340
707304119
400889184
582468022
693943561
739564264
693002302
125595652
830161482
740248199
943785956
934454750
740205483
526373992
430856031
835796474
623311342
156813579
549425661
59913331
888394387
874189031
811829010
483622770
420372051
754086506
518674393
412424401
446397676
764439791
562459227
112256250
881668698
327806643
804516943
633773344
209551586
402683758
329513515
832186930
597968958
859452033
133710247
180055682
570526815
451661055
170354722
470122878
997533737
182063504
619043614
369756796
913542100
608657983
763604678
30901540
501976658
790984651
49721498
556612425
735730082
791822903
479116506
762883610
143232565
192976841
380468888
629783227
663103244
590900493
315642077
151174733
557817493
688056908
602092324
618797686
557859900
581253860
869365404
658545246
640705021
902426590
577434834
736674124
581228982
437922886
459581192
873071244
82460740
699846584
200143003
781826157
340382223
305499071
564978278
860206577
612236638
826597270
23520138
88496857
95736633
503073552
321698022
714279826
501438465
152299291
434658880
159620177
807001202
767430943
274274186
760364161
438056079
558469931
646151812
165939347
990523696
219590211
715086080
805510990
409807822
668954266
752699830
760846661
84477150
365563066
938669514
181936865
871308670
620599929
889131680
885849165
751863730
477875838
381300032
870972314
629116803
82616422
654361398
729099722
488099490
844832571
779190329
562430207
685660623
160905948
467304095
18723505
612538592
201775456
815857557
124140987
333758469
969005878
441752371
698688184
711637702
960029498
91697754
469499856
609010125
641232273
248501831
809080883
848542379
159473392
845551769
625557619
85766104
321650166
308381606
887404936
26891078
898522885
202892527
450105850
168721373
374851660
977674521
24116309
787638998
731313696
662063176
717122670
796688260
374928354
122444703
436251287
688867348
639792582
444460339
169970312
729505615
610092240
589175321
35791535
210253392
398475712
269391862
372108949
842497462
721661256
889692904
194105353
725743901
708110839
901643963
808826365
855520978
585127603
521900179
386814292
939519984
775400610
735787986
219690655
520059846
724817864
459109651
348586989
172530050
536004259
516353715
554480566
279989930
259433403
241635508
719571231
331918054
996556528
997508052
847638037
569087403
225033566
125076456
83350974
421412428
598108018
228165956
605215645
573234604
278418125
43379510
382649260
969346466
694637570
615757520
769772668
666640195
859557220
35075919
771745100
89152494
293682192
676919335
273936099
583908975
592475038
692472569
468199621
386005633
868169945
350988139
896267039
791124209
985241542
984499870
507738836
11729059
830478677
823533160
890822634
373606175
634000647
181520035
784486300
845379745
749255444
484605150
379958243
557402388
742237162
521866166
848969239
853094600
415161330
889788787
266924880
204778695
989955745
609722389
489497429
834260264
559307164
414941889
742744047
848156172
318206013
931878634
239977553
530670356
401973295
14101100
956658984
302403265
610619838
101919595
477014694
229150264
723718669
784218447
134575480
815361645
384189435
612017985
329772065
268901626
615377054
623868138
176170950
239516971
598717277
219684319
18139492
542854710
443969207
922879054
104294328
106939742
663928744
840960288
784631520
562578785
24329223
461545681
834999534
724151984
256035649
975012405
779122781
162842361
746061749
829582515
79950523
243739479
578557625
885663590
726700695
166904840
384239833
32558816
913931397
667064146
622043804
384758106
298949977
20932
555486094
40798080
874528470
203091036
58573277
311261909
444533769
332350500
94182475
168912263
37832481
881136004
259486870
710615439
518420827
234881541
716435670
56550123
262528646
973098622
63792305
782628841
739570899
566112608
464359262
516021946
444891583
410235811
129684169
39142176
319412832
703231904
767029493
956419578
669917847
371274592
296269881
323639945
587151918
529357450
558331821
391479771
254756326
359716397
925234425
659474631
182693216
134110826
582001770
370904514
991082146
495760562
432692747
851243984
491777307
787491127
14063944
757612137
221979749
163535288
608154079
833995363
140893428
74814635
183167184
118780175
743666911
491786657
94462116
465308902
165123426
900382807
588290690
95493381
724618844
352337924
721482801
146724418
919693765
993784970
530844179
757527993
913747845
392984359
523975892
899209407
793158329
870711934
349974043
220220806
150796004
365818581
132724047
169847514
660662327
837840206
616591355
8914288
167790023
970006584
180505985
737936962
569581942
547073749
776568691
177370586
62681071
278028325
178705294
687038637
250715367
269552457
212632887
512986168
86529365
144743081
91195719
506626601
742296448
736794965
857070258
708376850
861052464
741428244
82616422
571549650
399282140
528533744
574073747
69273717
935948562
845186020
315894548
623819048
133207046
524504335
285774591
403295169
962637215
4883712
870062116
474360590
476820061
911256642
963783425
297690084
434488749
178751536
24277264
709385600
120739539
766140501
737837858
345542010
753155508
349456455
306317710
523847262
419500034
930998851
649734477
118157087
357990317
48291921
219458316
554368264
53036830
73586234
591032312
590227977
328773847
949046207
970410308
845206373
386926131
327658588
791674401
290185834
587815567
173182646
217984364
545018289
856668760
402516738
288890971
986831203
201476621
5646289
382744224
574216695
508455748
459013515
758372593
757369473
864765605
295157907
197299034
213433905
579117278
401477733
804803142
532963363
522869189
985286949
69319298
589615245
633249892
500103774
412297130
398916918
921713733
552355126
762988014
217825857
671716722
649527689
289281544
571841873
650516387
398365492
277095416
469518443
435989660
677736197
983618255
488829638
573637820
246349332
222559700
160223312
942481993
504725450
132669757
626213375
133771691
12251173
915495771
97614461
974647542
105032088
588430794
856675561
604038381
907159371
461986572
693899411
447563115
482199486
616203306
463896649
357843060
836365081
351416018
156952150
320514049
615010948
608702633
368353059
431825953
913875710
766076679
516635637
648466541
21336587
848317454
302602291
617284989
954327878
322106334
774459908
452118007
113952787
635765907
61022609
984623286
608188629
89199533
99657936
889257078
320940106
119713247
915216977
723996665
860591174
4727286
231762312
549225547
688456616
294890793
17878672
180954756
87876809
589739820
2336239
577089279
714489745
630837469
36857653
122906732
685512279
973290970
953100646
466394838
310700314
680986961
491738890
233243748
343708450
565653975
611947848
49768699
660297546
726362970
629118190
105297720
930938478
492136939
555397886
739971549
699641975
448612640
192240060
558633587
912841855
730569616
225884082
941291023
294480796
622195669
316669152
890247174
968010724
909696169
397870066
471466744
700282603
597398723
110278448
942358206
154055198
656309851
45698711
671976679
630737207
551768136
842936296
141053241
432778890
207485411
700320548
839638310
237874112
60778993
75407085
450889238
852603453
673137443
194426439
601567093
915313838
186776902
668359562
817040051
897341742
671912943
643980017
618925545
829448183
533920306
360673589
570067619
882260157
32731228
693202639
496553600
958720123
735910374
497901172
64278762
868425324
143696107
408020987
828601267
460900504
796557361
110859009
802283562
98988021
619677535
948510095
317691144
929955573
292300882
235181973
655237429
593852126
284642333
65947434
257586721
708859297
763081486
516620843
594115773
228414906
160332951
128316375
439079664
257064091
56749032
912472387
377963150
550180018
947791298
993972536
733952902
434686052
415560646
628159802
682095399
160247755
892154991
294930785
627359034
658021296
166737623
766016765
492781242
222133045
943638846
474057325
700278610
842856435
868584010
966747864
873239800
813688129
234464565
926260903
624400588
442550493
47406641
952136509
939138225
721875237
501297351
888750036
863278145
618372339
671729278
648467417
941235000
619553968
332592914
58115330
269391862
847026294
893124228
302466565
631307712
87690396
885987130
836763340
327220182
862792098
698411374
950258727
995919068
198282927
28266930
421124502
772027405
276220187
695236081
849091846
895985367
183341164
31747602
515294798
417845902
979207063
760583798
906981810
672623492
815206449
551363765
558542088
346997091
842058570
690323613
932384226
849399515
102133813
672631479
411114441
434757108
54448714
203984663
754536198
373664282
936073359
951967950
262713878
87779006
437698556
70205647
93894613
406925027
811683065
973667786
202293649
205341572
180311050
554575121
771383864
934409052
70814485
304830978
509730884
511284699
881388514
285442765
250654480
735265141
466154462
159949826
612189314
534173800
705775611
432852235
119395905
432050215
126543927
90638899
722536020
335469389
533669294
981073019
376811925
232791033
684189331
112241222
773075145
906466604
647618426
701878329
454393520
845495926
27747424
186255342
866467334
483901170
381952339
836561083
434703764
415482176
505870928
418805869
375068272
961872895
430557568
616923632
822823648
582080884
926049448
115060676
891592648
207846869
284626629
566047451
28655244
160231353
112662151
57384270
752023389
95209081
842595912
830767041
904099524
463278520
689340210
342424598
603420622
763087008
209939245
382551134
25370247
519976555
303125718
97870863
37226823
713875100
217709774
937575300
776885374
296314772
723481082
262772461
158689106
901060786
538612942
314318708
728840072
251848740
21963135
537569958
766031213
332055703
169238698
340561010
729899542
954475002
715313189
383471262
744356742
994305709
976065726
593537310
837266656
804559194
179768155
858910394
664607852
8903788
766862660
646889485
241673659
241474465
672844820
707068450
400508852
523951155
148798135
277664042
929782801
666393383
754501584
746760084
803672075
304171415
860933471
161808182
366173362
83626230
284640799
151765924
921195861
482211389
7773493
666196441
863104984
872574551
682936258
118809212
986611933
126402493
244567657
35021712
466097367
465603142
245378445
386944629
694937568
526067602
957005591
112649484
942637290
993637826
960514672
204121897
878201825
797852444
25594847
783438980
738709049
373380905
443782738
374397138
441597910
154883383
739751618
32471557
819728321
622263996
27231857
293739394
689421163
713715579
852753978
547633150
321920927
16409699
37028288
70359516
331937613
679839406
60631825
20198856
13271279
912705417
764126060
945147025
329268304
360069858
863746061
802706896
302817226
580438644
181484598
415200097
808858799
94861432
475261004
64336750
134613283
836788852
137716123
898184143
37697030
785787814
280635788
70005061
975277099
433618367
209887303
799349542
783741292
557181634
831870275
591752977
244194097
916015849
495725067
232009330
300241957
469062999
186062488
369375467
765502191
626652177
241335526
229624162
76794459
191377880
897459838
883353813
923353777
570283260
502454391
40451734
390861944
345244585
909741904
203866044
693530057
117707788
842081875
968592836
591209024
180927442
77315425
397633842
494274409
383433617
824972001
631922878
628371922
866134705
478763294
32904787
16301718
237282956
185245444
448627885
409577917
631958147
433812487
709196677
589949593
77393288
242062596
837263670
941990703
564216075
472650119
726425741
90727748
767811344
711230659
645674436
960665720
463879652
96085221
985195683
203920336
358641247
924051037
44126288
774755283
816930385
249873641
777385366
672530280
812099171
253990875
861479290
160932328
677606717
421609696
786627513
204483323
212430619
819639120
165999872
87598145
280245211
918871237
697188061
710375636
788792425
66615012
659443116
452399953
791369103
105166456
935109201
102609032
560889367
510487996
217885110
544571508
890678165
8126554
799963767
455048935
706613059
146563362
821468719
165431321
979911098
960631049
288524131
347103760
455317805
419855116
23550291
219124288
854894934
846685208
521233746
283854218
669072484
789707192
332819208
345720792
671037158
672514115
401883672
757688611
551040597
466148466
531760877
337488159
116063918
478645315
702381206
952518222
393211617
341785887
697246505
603805648
220172644
991772019
646690955
769639148
643998345
752978000
445669126
323465699
425973233
43269946
639108011
136575144
92170681
161171456
494227561
681144041
879338242
774092794
444164265
263087552
855866975
136497274
253299458
399223179
234026214
411791913
38601644
135438839
807494471
113001201
664175616
421925787
455426969
506542401
866672338
871344554
277148118
783968080
861468805
59839884
938309763
181625089
244455455
284101805
114922122
965976529
792561097
447886406
944578830
164523929
690446988
436580215
861614152
360822514
733103926
720633598
18319225
285774591
6619009
19903143
972673104
317579511
336916205
179390444
856907090
852421093
17632638
410835326
306465574
110441456
200140941
865316796
872248435
377002084
456299953
719592990
953612669
420572250
284707750
632308291
520730661
941176452
644790680
450270
101655720
275526652
968576021
392850267
24186824
296969000
76806494
497518038
565062927
962466550
684052871
901101079
674062157
616455565
506809547
618989990
174216545
385520630
418433074
173556491
899545539
391525388
436423397
387687681
899602991
708154310
425177687
806188496
899059050
731896539
375790020
944787882
764232270
648403384
65757892
512163769
46442675
814925900
724303026
755883824
485575995
837472476
593048825
168624919
16377797
525551947
456466214
669584932
282660029
618729797
152698469
696683139
750549115
807951873
558814310
155725750
783844883
492513073
532883302
560456152
740619626
319067765
315852747
292281558
279211168
130616633
138375485
983084093
949962441
66975288
803901054
130769064
654064373
488010447
500638786
532809966
842390005
175602025
12498517
471767946
965192951
275545103
93170515
519819203
514535612
279628317
809909466
705250329
290212455
832014980
214610342
62732414
12926569
362474427
303167670
704420105
674995052
78412006
760455678
243484113
594068291
887219592
561349452
533278594
213768693
669351853
377991670
50052144
579742597
36668953
151154195
302361133
807873389
904663515
89958362
163806318
534718122
900926267
297733418
550507693
989871462
359070647
559661999
409564752
823663922
948145820
874249680
432426700
715978074
433618367
579232545
344956482
923236494
185722468
782064396
753815327
979818486
825883189
886709024
424675227
135129837
638702788
594683050
469144494
771415256
590949444
80767071
582072660
296690588
643641790
537064049
556659416
641925414
578874291
309456303
809966641
353691919
549160750
373407693
204018361
909840773
879492701
540328076
51438681
639542947
853751633
883102062
561118403
80418467
834364071
763809006
922723613
517738949
487127304
893369538
851783359
602846894
479363839
691125629
975999841
697604291
564415332
35102242
566846097
929826088
814411069
275327666
859747228
916147467
591653733
780544560
594804156
970963714
473383057
470895951
330163697
547004515
151021400
298310607
509353199
523905261
40433100
317979284
644259221
805794497
837206512
73557503
734595465
697034012
196631436
715986800
436688552
637283822
782321608
722567003
179231927
103532978
879633990
349603864
183496361
850391315
112812386
54224453
674958974
633858207
410984290
608671797
462293955
388815254
294218175
327475474
771613839
127756514
311289853
233806540
15232127
745420144
530442745
550392485
480928166
378563714
447507938
584367398
808436449
556105662
833718921
39051439
835800546
58800205
481504483
90351994
825628484
658539416
259211175
481016991
941855302
906827175
92164703
911413714
369280465
34963661
926908606
497872910
468715354
893848944
25295529
455389159
720134358
541251455
537243360
135486901
45570066
451265397
440185148
753801424
307303736
586110510
23796073
261901854
647557254
835183192
69126800
169385861
927251775
985038127
24382037
182518442
979757510
460618517
658545246
553359806
200989374
124191790
51231274
513865230
523970102
213356200
163426505
804690954
836408035
428594702
421789498
769713628
51286408
933111851
942419880
941343257
301799714
634520974
570677562
973028565
701663920
223776862
960917785
842378581
925289443
233890555
283945419
4305676
720417514
121335691
717187806
458295463
166381871
552102825
272349367
570418726
843493100
718239668
215748380
123165773
690371439
146497308
595799452
755233404
915532845
387092138
715138505
286643890
369177214
357698941
496356098
582979366
613404335
374661328
227880763
187033636
266302756
377245536
100295445
91936208
116585577
17156263
3763186
79816379
450355136
429743893
266197561
227942979
244832832
186909724
321904827
371676934
989314016
909081514
763217960
3828254
118248550
909865844
253803780
499611872
576194679
302821977
670408885
6792164
845477028
607434321
546128631
782514075
675147344
366740094
210104064
305125404
883759592
810360823
781591538
161752041
117072169
763263368
805985456
986664023
302425156
914952153
500471663
63367419
242564691
632548951
223421564
480674441
58768275
72371352
774154498
661961202
436739720
743193066
428421315
253658175
600520467
818896542
677268056
963309126
135474814
53646290
515758727
967699492
827076698
820960217
551034686
252072346
925577164
212633473
589603628
587560701
82831110
300649337
428421315
599056833
900137224
358739296
855390339
72814945
913334657
5092960
934425520
185951571
690695325
996104871
166573035
411046373
719661700
926861814
210953772
896063454
918586460
194313762
892813771
258758902
905569833
302466565
492513893
142015247
642560655
74291539
28193583
147932241
41812373
193837890
658203662
470557408
340434066
322954510
736135338
142751298
125528475
195047586
845502804
194506797
92709191
616870407
358020857
821382539
916401040
932462282
792298196
479277267
423048499
532607886
749675228
376191086
353386742
529010615
736180791
389524979
219167292
447084647
447728535
313107859
399187565
487810263
192211905
48455558
597239140
42459970
737764075
118302673
770423753
64250332
794038915
200083111
131558581
194681676
49935110
223863293
496270003
594783853
16537574
238115442
824750523
934831514
835654630
429667343
937557748
723108574
313391613
197245619
871853573
195514619
756339656
742457340
600695351
237972461
451777463
475162554
901474122
177522535
110062377
756375862
550026052
11940173
504087867
415149595
810130695
339152914
570548902
434331411
433669202
168670717
924998567
191576177
730530798
990059495
427092700
302170484
513044362
413775895
890576292
275675841
464284214
939461350
803616061
472559134
880022518
178826168
610698277
673212985
529167901
608403572
817423376
725741424
298417391
623803588
889093435
194463482
29835499
116770782
765143884
162817089
662531339
556705934
883635730
683422501
334972058
800026269
954706044
67225403
286080184
567729785
451424558
16987123
369621765
433245126
91578965
78227200
513400188
397478905
753752181
588967363
347343219
896565762
796835955
420365750
681992978
774463955
102193154
16932600
249609540
777932976
764908671
948642381
491343798
15611893
477921671
534270337
97953802
23352603
294615311
544055598
526390799
902174061
820730322
211625286
50718262
159691813
833604271
591719010
687719161
216062785
909233722
546285527
258476308
955752517
90330342
522921867
811524900
145227555
836447247
607416573
808122481
231361611
619582427
25719369
456640466
429344148
919016860
830238644
430568564
444220999
399181929
382503167
426978209
167216895
511558150
277019196
297565449
505958596
331244838
538383404
226472507
306486308
799495162
553587199
792402281
813895138
568002501
594883667
243452853
490575984
244055114
263598029
338743625
403747220
242398068
917139077
818202744
227333841
455999551
299277626
601857771
847530285
754100994
119300610
70891920
413148289
86462975
553667195
534160444
719241516
825548597
936392482
640946201
139135885
21684472
687896110
381375270
888398605
412792347
988777160
808915153
507856112
213340773
261098905
551655893
10372801
47395161
136267058
330632635
980259272
770050644
310385696
818414354
298088050
480603570
486669562
270975854
981253359
325112000
673952693
567575310
406140709
750580549
276120914
837466303
15269850
880791008
666903809
508374508
400420940
480832758
875615207
891445299
52652159
173256382
947838926
938428118
486090269
962122632
457050803
31936528
710007759
242551886
708692782
36719246
648994594
281461075
253198094
144911547
773105147
318707544
721523624
196448208
1510358
734165268
821683292
547466179
960565222
530215940
446368321
265212196
162769164
249281593
396259382
285862067
228803419
524296800
17752362
616691162
345656994
177705564
295114832
703509768
362008275
772696688
415958732
837224727
484757942
663538968
861797882
994830112
359121929
950015618
623409539
399739244
869942707
308468115
383004840
761529540
538508879
753611958
477910633
60216382
648848299
938348359
359636648
231374520
535758891
359748153
436883014
174210864
861404258
413176663
927429491
103973105
793285926
423213810
812152669
760108597
850423076
535052258
12068549
333938788
412026323
142757626
191151508
198332815
292573071
47247335
762240606
128723131
436193901
562677156
74684805
394015556
276335469
274392770
330335300
558095219
993744009
372013366
906357455
699772047
137786748
366487426
140030714
876531828
265651206
143054221
932855135
80270311
813575228
227898839
176369392
736468764
874314219
316898207
390990660
786935034
944820200
123557182
764095545
926088899
665519532
297472962
309547128
930263621
928318073
679816053
901643963
451782780
476808167
39309119
997029906
603778995
471207256
992613376
906999648
629967658
73641525
929434813
474741367
843796338
169252101
991053844
599126833
180932210
285859981
470408713
720303736
212417885
152908663
683652540
372492101
914854250
740832523
347533073
223466583
94501918
687887053
752702450
296167555
296927932
810868226
137139304
18257521
48779408
645118807
960349218
916880217
975587258
764800102
954465956
133933385
792513440
323549605
870410806
210585917
306988726
308610667
446465070
604131543
674217303
285086594
536526920
571888670
422162390
355554400
680965624
67902038
755385604
744616497
915919002
326439372
463040463
950902505
610161197
229581306
369783251
964707078
363136119
225391043
566574667
511348341
115525416
639852821
416868450
848793803
828186300
955238975
925428088
355724997
770329982
200519385
283890136
757031398
82937127
239694130
253149513
739425193
379230845
772747562
665691315
44547926
847791350
236209150
357228539
370954688
328879077
533569976
428408166
735802418
948495978
619483219
492459259
450607801
546729083
512487369
332278818
472914001
174210956
933435788
641171567
816211335
847181326
508802812
459809564
147743882
822574390
679227835
125539857
591005845
57814272
559937165
76470448
625112813
896193849
644161096
29828831
877468469
573910049
381500884
810508084
49891452
959443428
248481305
646277669
264930833
321297779
294333383
252880666
509819913
278728066
540400427
859854878
501184210
774548664
701672840
362587630
401621016
401596656
665567878
354623341
275984181
793396409
392624660
435386472
469356866
274444336
847173566
784972850
251434002
309456303
956337743
43104290
791940459
214749624
128136139
508664966
410598519
887811216
76537827
589655637
559890035
140811582
73056324
193997866
683037093
432113525
415873793
443628675
67261902
770463208
401477733
881130028
555598011
980249190
338637978
617751388
304679531
79688401
92963896
406314525
991600923
276234640
406398370
309451875
621495631
667857404
71787511
925421643
716645245
741909519
200168309
413956387
371424369
380032063
551024236
264934068
175219132
647587577
477603519
292472233
864524859
997094130
541404071
677650147
265271467
546326746
498790153
132336448
344479929
710222273
492602836
355164120
590439406
752835032
554263720
559994982
304736503
695627606
691897798
768140289
970580177
134131046
303505713
971012572
948038704
27663099
40509324
329792094
480387796
141861767
687910820
106688357
584321223
103246859
124789506
624066230
427139839
206963023
644095855
930075917
15452057
62010022
310590010
189204649
171522783
14722540
167563333
641564166
613147690
841633953
89817458
928769282
558712346
833601640
151039460
207032354
519703870
664091699
27120803
792553551
811797924
466148466
952891691
8973038
213864678
681312032
582749396
127353292
579942410
979780279
274430875
473644201
287372897
540952312
753526684
256215896
995787925
212199774
818222256
135055996
420193277
215881471
230885233
618616303
383713929
374277613
151996620
227265615
418142672
531725615
961196897
309204413
472677147
874400690
787637228
218356718
566854121
620242581
670633413
355221314
205617884
936073359
902757499
134278732
55691944
214437613
253172441
148914453
826703607
819275070
508104370
355634016
175728004
150387420
959979421
982071013
806056436
931381686
838047489
528350805
706849600
300184668
641218600
613160451
934440337
390724587
273548749
457736695
486655754
263347873
791480441
527749772
907261995
968885361
519658845
677249347
907649056
168458823
418335386
569461793
401146791
905068841
171053736
589087074
507226401
205974493
501258629
577121241
206903708
428208725
931089422
16717427
397525123
515650473
960154207
567938812
340758934
907487158
970886065
258901863
184089482
752779675
988511010
614526103
888452419
804181995
709588337
103086263
538498658
853996804
679205630
841158394
210102089
44006261
616197389
768758816
115244735
219744628
80104885
327822689
920460297
711868329
647420077
100850930
309224305
406288413
521356253
301601505
936958561
719184542
429400503
360446171
177426762
472982355
225900323
198669083
753961092
503941657
532897833
801817685
981421607
356031711
620857731
496309880
182140381
642358066
812993321
517529305
89284695
379994832
622898690
602677588
662406786
291531432
954353309
314514172
974741007
644094175
174188246
889408659
683176064
141704580
388161503
757606906
739321278
156246556
316799394
529322297
10397028
562950111
883880991
351759912
792975522
431001597
697502131
572386313
192104887
209197322
195229582
59723084
851626048
92642504
968607413
931790174
605468247
343781316
958896748
485630016
662209207
262601798
610912081
526202889
871180608
119360235
160185321
247518118
29444260
450676017
957189502
57523200
707801517
193838488
864561109
251443234
726313610
976498859
289701753
604685662
181978134
24206180
369134898
368080666
450606228
814676662
744694691
558033016
161929436
21113606
888033703
853942819
552384379
50417622
935211870
242756650
829608250
530758114
838168928
827065302
532120687
660263766
119507994
756595335
951486052
115166341
339501720
178235420
883606218
942178486
308440464
831153922
80550285
436570734
145931233
325043680
274061519
364354247
15734712
267296825
96913684
529770830
714256057
392247767
172820727
385413054
503697830
486891228
33670863
876137582
566591962
110359763
236722555
288862660
29288068
701591574
698574339
431574892
886532660
919775474
425964908
401843595
847759109
6957444
475771574
456611118
98656570
643280290
670902578
789244197
474924992
548678969
371038712
329445762
965842468
282331531
356613112
454799091
865923602
117451655
853473605
707250025
182763916
179741628
898795005
509278880
976743668
777763630
332198710
99000053
309565716
229532355
748026072
195656312
885123585
857589604
676421064
181064985
690209075
953911291
929212231
220618418
44984973
476650076
228640005
848857681
388180680
33784921
163542760
401366846
121946858
937516457
222101507
405384639
638218928
848113983
291158045
511119320
188345750
375163069
599538091
481336370
169274358
162862693
213041114
151035325
462056172
946100204
859922103
547633150
110930302
325918981
887570593
835000714
499677709
193524957
686319449
493270325
525391622
366436249
193663793
641143207
538411643
932009748
721917982
975711968
429862614
855169141
499987125
13641819
805548607
952906955
37604568
475269550
894941975
793715259
898504898
373868303
130394742
785862998
163015741
289884768
58554305
361655088
287958447
676964987
998466078
252776797
735261187
614774848
405410823
752817900
498567985
815015595
252488547
411566673
519693265
699096523
97255601
467342592
740268820
639354042
687523048
366585681
289841540
523215441
253072779
591705285
182565158
290033693
331754756
114657502
105351798
83209217
753523389
409870546
275821947
502062223
651194068
9468042
695077942
703117276
695977191
760777319
828400041
953416027
121871641
808810577
769429099
347921197
788419069
678941363
973434568
495485272
972757648
941085652
316336495
522567701
1669977
513583719
308124477
681384270
236730051
694648191
369783251
901722780
631982241
594096620
912200088
728600902
195695586
886029286
240334474
767967626
586030467
893483942
847603460
945691760
621458080
674839515
781116173
924468083
933615004
397518127
723499099
735322834
346504324
207773678
490506259
613023864
746118555
901121095
464597753
60778993
609711217
297934868
315200764
355089900
395782964
67686631
821172895
438819110
242249139
488200857
323496408
348061657
680916176
207972552
279888204
485346168
630396710
713292531
497485459
765814246
730290027
794674101
434368897
762895396
914245599
650719462
437051608
118285231
291056458
428777488
41234167
767977505
870350857
851497024
138692297
324557649
556097318
38036835
620548168
998101974
863978416
882536519
522389008
395757979
175171513
379571298
533188308
661906317
717050939
889455338
135346740
538758602
886006889
625812107
96839757
180395513
772529388
423214364
154700018
572395054
85306014
172888726
590939743
387190890
992844654
960857439
223213198
28948607
474057325
30850512
28592531
349567990
338093727
128443418
365846541
387797740
16087190
210381422
241474465
608864084
697626268
35154237
734361503
287132871
584739672
951445149
464414752
904323303
180954198
3740192
986674705
523879860
603882113
670881763
637429106
350093588
829681551
638611554
152254908
88425527
936455501
598252290
565329376
410984290
979149122
207774432
792653491
565714567
18353149
357858143
582601322
996234687
98882306
216199995
935047511
958407156
133580062
761212666
568478841
659844238
242771278
70201622
507459240
462356659
217979931
546778262
124376738
512481976
392910045
725189645
395607723
419163832
257925385
54733917
51652119
401245672
454697480
978328381
780637606
909691371
264033080
579712147
780470793
409835680
336824232
747339772
495377695
912200480
789081265
556813990
562667386
438929502
651158228
132628020
256723338
64167041
245069815
778118422
878053401
112074200
137026753
210490059
836815032
641579221
371661055
425805121
697107937
159548045
26267840
231412765
547459497
814286274
786842103
991595253
261062959
589321211
569050288
171649683
117297833
733496904
887045066
814796130
486265391
535063486
331526719
768321083
477995599
661225115
420363476
264371039
709571265
907329853
229513078
511028688
913040768
579948164
87730159
44087134
637000151
400172223
799708216
498577203
827246401
881582275
692753927
133582173
178375920
53250845
526517183
396275329
732447929
861282691
259676649
837827341
584976051
518485239
902462245
720756813
622808630
758685391
375075883
643110787
704532113
82925524
727600242
562126574
336734669
640816904
808526630
710872695
343199700
694897672
969514433
574544206
185229035
610401509
971854075
780778679
416359892
171079381
874528470
478878126
880202152
264709948
944065362
994556180
894866660
82831110
709157013
848007627
835065475
873749959
78854221
971290175
225101964
320622104
68055548
362655433
717200892
347762729
647712203
805071247
731351738
650982538
864085055
221088470
737273024
853050457
78924785
508747073
267137407
629128627
946527675
780387904
917603408
311207313
724084045
115824696
58751738
236368524
720601308
356465213
351759912
827325293
760732668
600291521
703003524
895153954
626935577
698692353
295778503
646906722
761975206
494530515
887620520
640431575
517239922
525707279
177277675
779625664
272358413
403956662
732705209
893254168
752709994
589812823
423710182
566112608
827416008
888461967
611898316
260876134
598684798
441310525
143229116
759519521
910668157
787748799
901025258
861976462
470791740
512530161
139929301
776921198
833193733
986422484
232060083
922530318
774098735
869688592
751365279
28916594
603400058
670417499
245303261
250712270
433871149
135285558
859323257
444460339
303428080
801449677
360910088
79021588
21113606
824694978
869440187
721151438
41887447
754294053
19295460
165448631
452980850
562712742
714699514
807431683
143024987
811799538
669652100
145452343
653027211
875337766
406628869
150753832
326909979
991132831
787969561
345312932
326764456
229668716
922736657
11447081
799117421
877681413
769078701
671398750
60179487
374602030
124708146
774750033
218638554
440177771
444063280
389369445
898913195
445751877
104159192
201035825
899786075
330339489
108056644
569609756
902715812
376481282
435418136
369211533
9418658
381255046
281569759
675035904
851255532
644334514
703895804
799963767
116414169
337444185
302668475
289835620
658539416
520266302
165082920
880596336
409045914
455568673
753448136
59420279
567350483
413580531
256436788
132931888
981206477
289959515
488482913
750961565
392743316
63320006
441194090
720109638
499602432
166736809
221559847
51868484
80172851
872512334
716571462
439224933
652454754
782682416
16405438
921674401
581704517
672118977
846948662
104079104
861399822
288301804
141517571
804966605
279428728
573311028
356723451
48579530
538146500
269554298
840473969
920844958
145777724
904786124
147355908
374511394
499550367
373247901
914484176
117930850
726078422
690108204
278954806
931306113
88531167
745752771
867368070
319010635
144867922
901923670
670185911
593540469
614617832
890462651
639638683
623068861
203739046
633103487
961426793
799066939
156019814
144072796
367217940
954629502
804297608
326909979
735434026
142485124
847977347
20259112
525129208
33633365
231304503
54072288
490756486
253167609
571832982
745860728
847475000
563451220
64716529
444563969
746219432
903914797
922329292
196767990
508534510
675965222
939263294
356115371
612278618
785176982
575374792
78667507
885577749
927698912
141753691
217219939
15673629
757212383
693032936
518178778
456330781
613518891
974279384
438697231
78301847
413330808
554922179
959906138
161475940
635567
582696008
129464019
734361503
784480770
466178820
589922490
774444787
806391717
372024230
113772609
372101882
703406595
754075640
576653871
297154526
462017201
471021066
118806702
806143747
316939304
945291795
395334809
649040978
130097157
215899098
617867612
195675598
167500823
463909095
616719677
797814636
319797129
101605028
40744592
990033251
968432887
852172596
501215733
268031851
981896664
128432667
419466464
856299815
520575432
675800250
745821286
489706624
961649402
318605743
418591333
255738226
39548972
447560063
654069935
470784617
47048965
63546152
960829653
988841372
405095583
895822944
525238617
967543984
553087203
74999907
727229490
137493193
190253688
843408740
814479287
361017847
97474630
163096467
221671902
281255764
123172986
697054761
846191625
478221541
701984559
848817723
557177642
985797588
510520649
387277694
388600627
166844315
137245863
787992092
51341581
365471015
154576487
98932743
719834924
235688857
649463884
858315843
927502053
559553118
228482987
205478590
497544092
23546109
526927315
97362984
520786499
184422161
908301070
43630374
114339671
959626721
204453159
29661065
337562224
96188658
53889898
934628712
443756394
469377895
743867413
472692
144111883
588706707
103545545
142014427
568806778
967270695
289363194
816823465
417492895
855246306
710120649
389575887
67068680
924276391
339425802
7845053
932375313
105783311
787973955
409997446
673093509
106658516
655749128
764233844
42087349
546925256
218842446
517637585
794917455
432271280
890277079
274825297
534286348
447888116
163017232
476733760
221664459
219794619
983791864
327570628
351877749
395001199
30911705
820916031
714692011
890968116
70864348
951148578
560717480
290624644
97964093
593748654
646092475
912929458
569250661
951585221
485251444
747883222
174167911
81822084
948836460
684413358
636216260
421972265
194198538
775798837
195564981
182112473
770092966
383477990
724376780
629017360
422465567
369703933
759402491
360199149
575966519
481844896
777588678
211575193
509846505
108349923
461703320
469302488
880149034
175056166
295937415
460262497
582077842
899215022
944521279
639941571
803573101
257555550
237680104
319269721
28106937
640219316
201254172
9526730
990835353
393345476
638064443
735327705
799543004
451156491
883320445
194197890
467108365
334807306
77853439
653971268
954362811
626210073
63462813
866000809
198307517
245548400
748396268
475500952
873005147
875181770
732109882
998726859
736745085
710815863
637216672
799499804
540588222
206505334
886533001
218172734
685016001
191449621
375809180
113477863
359462498
559314494
735533679
661406409
520824651
806820929
872758667
348261083
939242626
80049593
426019612
817689705
103395240
395357185
327924574
827551791
799059895
948244599
804403149
274479059
920173238
19552472
469130240
309035560
96463717
564242550
54473901
625819421
508105008
320443466
431867603
876089083
814840088
291058259
96020320
508018803
762113835
864528633
892358802
7092504
828606619
237293843
86226149
832152873
999063775
991969015
367366850
87903915
162050451
138273453
94891338
214379533
641418908
44343541
58037681
729780368
14011244
622866541
597418216
801894737
644204149
631239343
200131806
422403908
17442181
812428938
645090237
788386726
733015301
509186520
300376734
892708914
818497376
652273731
979027855
634602011
863693908
833846766
438800171
176489456
440730510
872556547
891974273
967907591
596762622
212802320
270943072
154818131
881481661
875497986
897882418
693679909
660256424
492356006
161735031
245440187
505220737
785868661
155867731
151005431
199047218
556078301
59375925
787619254
643904091
105211952
111430258
167289817
812809349
331914390
915630577
635338559
190595865
641224141
818077481
393499516
298981971
828130030
3483346
246226395
196724550
248513018
376967922
397474325
180201345
627999361
353405907
96001063
766829545
353975323
154207456
577508244
351939093
844356955
571361801
663928744
261282902
754940518
570548902
711628856
569717553
434097094
751101546
302653724
235102685
638858469
95513168
653944158
330262128
52803047
229416710
810988033
662575778
566081844
380611151
262517200
78528469
413968663
641290459
179933973
17376478
481675888
436002447
988295119
625092319
606744561
870842059
35020430
261996006
625599113
544144961
572706634
96253459
400191392
620185365
405816506
928475359
367361832
368750626
465886712
899647906
776396264
770357043
865974167
177987295
407620795
924909761
873391176
465944523
827797209
472914001
490837267
558130857
952743698
720238149
262515978
20067217
823556999
549421823
475107181
937170832
344119261
782671734
522468859
777349262
146065659
14816731
516467758
575792831
299873278
361470423
898002077
843583118
404381317
524153451
715112682
707450810
940597512
922156021
342751358
699792786
359684656
307010708
468863879
102335687
229150264
552599443
586810338
165051629
256089376
317861115
200967815
830987164
19503021
118984371
154647246
844669476
36198208
281874655
862139529
2601682
350079906
414182464
945644543
345312932
220661968
932163377
290900279
321023298
320911401
975800359
653424853
468452068
965628881
648848299
938179877
516352978
828202685
860491201
872159198
790295060
251819130
412876699
57168585
150852331
249550410
97449327
179839755
351831691
618007931
200273375
518066663
265187640
788906275
938047889
256958350
476205188
786178930
12768346
266809683
200917023
509942149
183465814
868773687
56391577
449905434
254819051
644618935
391125003
824124394
318420332
791674401
756009908
543300515
728273306
762342274
282271395
552279865
544685839
16271972
215179339
658203662
645188143
1210692
872175063
137574900
459237596
288516864
204706346
337817356
750979716
366839652
234025247
43961935
292507741
394457557
366706564
908880943
904137285
455101173
546983559
401688200
199074839
459346528
790392988
192787277
464105776
992390212
646601516
753580994
412373226
79007574
638154544
437559553
631435203
37769184
900878807
920001659
979492628
624088416
939715987
377998675
653341743
353852955
254442590
743637810
839879906
974288842
432161879
407786603
987493941
391695287
985186840
340952433
463960055
665956309
342576797
477530505
998003181
766872970
181747408
517600359
788376804
316831639
718079593
429746628
856849582
359864810
313454021
283710358
429272767
438013695
398589104
277447301
148196395
818854705
1922234
827271056
886664666
963021316
203972255
804896950
848604434
584926647
658881632
746205101
893240610
341448471
199606755
41795551
80626858
977584716
787773700
638124436
881172738
911256642
17736333
43197719
278306420
904516658
453336613
557067438
694052619
704902987
715443092
520551153
989284263
635577576
421060727
647721285
986593393
283457046
358166072
552374032
242826582
426392280
194641538
253730266
505050612
803317616
833328533
729440733
175864000
432177471
181747143
444257202
489410913
258857876
331711807
417780247
22681700
54226343
279613354
184967208
75997803
640292454
621280723
312206700
6526163
16185911
71090482
460774246
531251270
258881566
823127269
728614894
783414097
344419149
104645016
572621470
355659505
617400066
104399449
531791758
194575503
850580294
660286311
410326645
575802836
349177292
946774344
487778030
154421897
918775676
967099526
202650603
217594913
279774099
820744546
906899898
595475383
740096746
822985324
464155080
520183740
886863814
543130455
595666130
211566147
500026268
910710514
673120268
928895898
216796892
608000936
887944738
91845725
962592313
926939739
905497734
588217222
908225589
994998729
509989656
807903437
369624103
376361111
301385516
297160586
593547492
577645272
231465365
922753437
137983784
120803080
950933031
536216980
762867049
152994214
258519624
139877890
450603270
928815817
365793114
871849953
569365198
920798935
207835544
275109801
111549596
617518250
832746965
547282090
684891514
337030132
309535403
533485044
731926347
225101964
582215138
122298810
662888299
365366924
863477828
700201517
820759181
156953777
898891580
873479722
136556941
571581153
309078105
560053997
14816731
855065180
150052340
14205617
803524227
815237493
615757571
312679057
587047855
738896825
997874077
971363102
781554142
251411
420694917
591143998
570067619
54444770
654999349
738070229
248091678
813089553
458177960
145218201
78565196
578904144
81717785
963045087
503217642
170662205
308938672
688456616
241875372
413588703
263937630
319025977
23042238
653418482
259909271
28710716
646174504
70595596
878765143
967114084
346847656
359026756
170502959
634019301
746036563
196577456
814571638
731484762
24504699
792257147
988114931
735273170
568050268
530803999
894941614
462035077
909179837
305122650
674453439
454228370
51603114
637554835
570693958
73056324
207490099
437207659
641541894
198606683
630688003
804787865
573890491
315104849
943831445
816707668
72114056
643708695
552614506
275741645
392317399
427991692
841497846
866134705
919895239
3224462
336621988
268392556
478927792
364354247
115628377
519997992
865197606
912430825
219904342
874140889
908230735
648389946
50596105
156583108
754078005
31596147
327050224
187572437
376252296
325982831
194557660
8357049
738108316
496134432
786887544
601540391
832385615
365394375
885836187
324552313
768326729
886108079
489205759
352263246
994572352
859154930
428691595
541084698
937616257
192309747
872035033
198196708
386269216
181654693
386325101
743758246
525232723
431778585
176748764
288571109
557067438
952259508
267230891
582563990
693877749
321650166
281647917
289893893
670547957
266766922
47822827
761539535
505206732
452590380
293577540
875845206
899409147
178057495
52058597
325411515
77484115
339412442
488200857
841088239
802775996
103542242
443143812
549586981
635879039
270267933
709858933
707326333
473273207
912502886
464326981
560299065
586304853
298753031
741587794
424946681
298104891
447432425
303515715
827333242
809526574
792269995
118838382
552870427
996860128
922212062
937548298
449613902
921241515
212669223
653021776
806332186
829927615
775016466
88521829
397400672
975965669
453145819
329599614
811212316
229559366
435002966
981193463
786056487
334355054
325629012
421706335
186403471
281276755
71783638
120042238
887874482
723232367
15221551
634591305
448021333
829632780
28168817
143937674
501745827
112202944
7696287
915974135
906155380
252062932
612207854
520291115
968507126
529215411
706487642
718931049
912350400
75451831
550480947
829582515
918981240
156048452
562108743
913279343
321679782
61211409
451338052
123543069
892025530
179136026
690699805
247005816
237239407
314800808
320907685
334035737
922225542
526065240
517561937
731657552
913172336
811012295
666625732
847952501
688156609
553729453
560597670
162753354
832618807
573695260
908194455
29675279
513783548
431345144
388438989
694225096
383032716
667818452
424745350
501314745
869068632
222183
806260811
767787188
385500597
724597790
924942978
978731588
147292802
533903356
819698905
674926640
883354514
405049993
164606977
285880658
543691497
744745429
50786225
535234368
610698277
748601483
924883207
972075147
454258481
867150808
165581650
30909968
414529551
797829958
233550635
941040474
966973996
482108566
468840114
821785495
640519641
137512039
419004951
73225879
451179827
315419491
328722571
801114891
129902727
808758916
222851269
60685247
450681633
159498085
716629158
420741546
973273849
444257202
917140967
206934067
364646915
566013930
528236643
572518690
767752034
482523220
419355162
298479653
192547716
560194597
95381775
91837669
141648867
95777001
870291828
866838249
10985757
421607102
99953736
728389762
844796235
122669055
205918251
877803160
79948979
858836550
577475870
36062821
399686751
220313279
607003911
845873978
671553667
234983214
735787986
963517280
364253135
731892910
729145376
16756513
714703366
14127323
715628510
489016467
817467715
258372070
345848846
147968862
462732840
160807383
206776228
770459073
306291772
633344489
486625158
354719852
99815589
336710632
271332039
887638005
34113509
203694854
223096132
585003874
853620281
977117210
686439989
848334642
107307341
298643555
850010083
160905948
594829799
785413764
792334549
260538644
898749858
151562562
696296074
765762104
47288185
695095379
390219207
690423436
197508085
185414490
96156220
370833587
921535895
791542876
947580763
388115609
431199909
865395269
35196044
817888876
877313378
246731417
113749172
835633870
670983271
13477255
520148593
227892653
621518974
596256614
34626166
625565356
188417342
407786603
499975736
170072852
208239034
922207353
2425426
502912023
706895851
426813844
470848541
680285318
98142250
303320525
860976012
522552215
903120615
59383880
203259749
433096751
334862462
645693863
319363334
532470621
469130240
812571619
242383859
278534456
208076902
370359281
784172347
614517716
95544150
88932927
435142624
746477020
422470099
954351200
706444110
324574354
843651622
518245516
457968735
867184959
416437348
930269445
712910943
553234390
926607791
351378666
742649853
115267453
928867722
241771595
198588217
948438187
674756412
494249659
845029722
433341796
301742254
399368381
848484084
132907773
347576329
347346030
994849711
718884885
609148009
455454529
618347119
950071764
457333144
469902321
227299564
506250768
404013210
325274783
965388596
545769726
206008469
311003601
878408473
140518275
454174099
580012106
395211859
810120890
326684220
305813406
895950347
809801365
403641429
763256828
672619952
347927308
827930864
333994713
760512115
774209596
729902169
225799127
477636888
872852073
512163769
567779977
614784094
366427482
483371648
291723882
224064735
640686338
410896346
82099384
129033834
49924406
429577392
32217190
4287119
208903368
50392930
660802045
312802916
632301782
715700015
674926640
916598651
400064576
135041919
329726226
988667867
501259933
919792692
731472332
744497568
654110791
642348248
523718479
82304204
255232624
299076398
188377115
696297314
429622272
62556519
374914727
451187938
932737791
748135425
855170064
137810051
646544228
829685192
981570716
578543139
108131377
573049116
825628484
69972422
152733445
966667806
76853924
990607238
933197187
499520583
794744580
484886915
808101262
363489700
975951712
40031570
566926090
940550947
754718075
508538606
255817061
694691120
607883133
97774943
922671117
211965478
373925989
954940953
398639235
746265831
394746563
63593182
926609304
470176251
245956985
93910214
980747560
721074902
648220572
747292931
692841737
324439666
836489313
104035872
447844348
735767656
451873445
603379913
591517571
343562468
646114059
721671653
230477240
790250893
482909330
15223395
234372486
317928823
381952339
609172321
137449958
188438251
879416674
740785604
353715756
30316329
889555603
724874666
11872440
143871277
735345977
333640607
776618098
558891327
195950755
313489840
53578838
605001408
757905993
377906994
579305011
337488159
869805804
230984233
4198571
199835880
490220904
31474116
197153879
913264596
756595404
673325325
796536078
301745107
301354650
598604973
993239072
533252558
726729249
213974010
459992560
423710182
743132936
717815864
369707633
495155140
833000224
522687762
431802304
821348160
878451924
998763515
243555664
271391754
350964865
562228456
208254256
395400960
399044617
141916646
360992469
921714717
138298273
60426698
142171242
474855696
710120649
807745842
836408373
832997878
575202250
214181724
582173209
972203028
242411298
567534326
529827587
512356780
120194439
530444203
399393334
240448668
324601526
227553234
808734523
37609021
195801194
377636228
250531383
742175422
598646567
250721250
643447728
841593982
821226515
73586234
954095409
412170619
821419603
892483388
515552864
753715481
92358111
883539217
12037172
86234167
67646578
489697531
477663629
453265373
301516359
834997136
126494045
100269368
513644045
617095611
945600148
145386114
385073104
995102248
391428425
618880498
674411515
852172596
59266862
687033178
281576584
352995711
978347572
817150926
663154391
388273621
452339598
770545772
969047938
403178343
473358126
992352561
637518559
98668193
732395204
227854383
109867951
284710446
550848125
554770240
911789900
395421231
273424513
442201410
829979329
747222656
72745927
594304895
441473479
474757213
227402440
27151741
577563555
22029991
926784466
161825520
401736300
83597872
440760908
272705826
597227010
566473239
922907279
372545102
866659312
640032656
926482423
967919049
313192148
976482211
898164885
895790083
765957553
146813456
229905927
12728479
105740427
503635805
804991538
505187301
206022550
218833261
405153058
260717531
803948530
711985551
919624963
813748509
670592609
604369283
463290661
948038704
939474769
144077309
67167378
679789399
890012640
392628974
167824220
241761018
49980171
674878114
355603183
741595445
168993220
953353726
717322933
447500578
799800736
187353063
285781682
597135757
646024786
853732266
640752902
301639829
885825274
802917151
859189385
146396783
823111138
424188858
77370527
792557677
591179306
707345082
467507898
4537373
761834544
370518077
431182046
179736787
765908168
308794749
264789725
801626373
698269414
927548202
685319572
31493742
582094951
785395176
454702901
122800186
233380121
596266426
293170582
709109440
265354003
273706208
179919378
571822669
375811256
399393783
637715682
428071050
131946919
169043679
79613892
416200887
97247216
65825837
669598147
169737306
530221059
117499983
622246545
299595532
273940638
694674629
165350227
575534878
238212062
467962798
760575295
135877590
911406070
65346720
342567864
691853622
231090594
745100466
610325232
827982444
137627474
156456072
87827060
818344672
290781992
228881665
930670113
10889002
499625042
254420410
560459680
380032730
27247407
266547639
675642401
379982454
110959276
753175916
697057914
43088398
114949788
871940445
698710179
585676669
953627503
55365670
578493312
505830768
296870558
880594697
48793656
398575165
220018337
802900136
757862689
178849189
706714536
178481634
573617009
384628354
617177526
604655263
262979791
752681694
551799872
11152953
621633765
904567323
458462892
681018041
321288785
907820765
956378710
847840393
208973017
470340370
893011994
939270269
116423448
992782461
44810083
158458436
349168809
646311289
613748925
292297499
458016749
138132364
345747994
266603387
886648980
63644182
114224477
872138651
457397422
51726874
380543429
444536674
772826159
531317903
857427669
906203068
176044177
688367989
319423810
839802746
788665267
760337182
741271052
242205674
923006833
700706272
395132158
93248566
898460115
329742125
40068394
856189312
337757019
280120634
483989958
378484579
787218390
793630717
977143729
172548573
660029206
665641863
945780116
762272000
922867033
822313573
433939949
64162700
780458946
408782198
32325639
317926444
279675809
689525671
610033325
427503554
211423117
709866643
126020208
791639125
440170236
450716782
936872015
749176189
204841750
394952413
786584691
744616497
317086054
629997655
586641602
297186245
599358148
790724688
318884855
132816825
227359447
592093121
981546512
43980572
184120776
743235644
63105444
594995925
253301647
547612172
403243235
365960777
551704334
744237324
69274954
478979917
481339258
519606646
663194676
445742383
457823598
906063643
308390747
673720884
921200963
219473765
806574600
774656693
225827355
907853462
741660665
300364146
679988906
566042010
662226641
843971920
725771719
375765307
634288113
382426048
185194267
574403651
174487853
337969194
746129403
928587244
555506402
452749602
826648803
85020046
230514867
445614565
562341341
797442013
521189207
175761843
141368338
350210142
819913653
267952589
991624984
603632199
271403948
722834940
113187884
386878381
990607238
664472969
979161779
949044985
482844866
153059777
236095085
95429380
845707964
875497986
772096974
359078357
437165718
815358803
708678083
244865112
927818376
996317712
434029514
665118881
581964179
154858478
525551909
667130065
214471954
315180219
441062532
402867670
765031053
128053766
949531266
461650620
12886157
242570371
933896433
352586901
639649144
436763391
728903774
251530681
728580021
544826768
649527689
499122621
948028382
550970816
203643042
746992533
956267669
98142250
911870753
562348034
108093958
273353684
356444077
761969021
832936266
271242094
998233051
567002506
169611598
960227717
287345291
503597667
336990958
689581905
450014897
584803337
315028708
787312358
601334095
539652788
832056493
522045842
415957699
280815750
870677607
407559645
520330896
403695152
904695940
688251830
887876311
107203997
600962961
863455357
663779261
127755795
840149822
59567580
877469380
661581900
737104674
190869822
221183066
723777120
485286359
486017615
358639921
866379790
842197312
568923456
275527639
858258570
913387985
898891610
278306420
695496785
860700131
768497203
498563800
874363041
805952731
415631241
45119977
190491623
459023078
29503472
809851858
290849579
459660842
941059161
460836899
413223562
839739432
169065502
192956943
33955539
22307936
609267653
23527732
196394227
533723180
250040091
419812376
19303355
401248428
117335491
989518773
475420108
150188653
556972568
72710309
941200715
575924339
546716798
268985910
809480968
216751367
251861956
957788923
401973295
937244939
805351
458034991
960279488
362564743
699022786
431336203
893656095
422160773
722184064
19382978
648905511
916731113
353880082
741229371
151289719
74851374
423440907
50805338
648216242
641345015
383651329
725662880
446003102
37517652
700030374
462277245
547830104
248990354
439391087
102506526
886540463
95668175
418602718
774234161
393469419
968376606
656336481
974632062
837412242
968632083
46691315
495485272
95143502
185125946
513362055
131928912
694607450
76085820
633125745
699477927
722440536
282241686
268554676
936784028
421181938
562639445
958025219
887942473
12551105
737735695
45404071
881541412
981151970
150064590
780108872
747681716
230197024
111547993
924791828
553281171
239738327
697680006
652802027
702728394
387016534
191683412
60384313
443728075
425143008
798887330
605478919
125007835
875186695
178705294
431327448
258284970
85538960
936559514
811033496
801959403
18723505
156855368
611105430
723268609
909388392
560435038
86884449
866829334
837550629
340229898
184023901
85936753
613576233
512891547
986573839
997547111
826427914
911882296
922897489
347274991
511908085
949756706
455691663
580180971
498788978
458798279
205874411
160287005
486515168
391653177
885558980
987932370
962478541
690226294
914544776
480832758
729354811
210341137
678126333
443290240
532142438
598052233
6882258
493086790
833218446
786455897
308468115
9900522
333468739
307360773
612006098
475267773
644483852
445896883
666638408
700629856
544330202
455377772
743700412
10825671
250215785
224020633
666703226
917241537
570843309
259168782
179525056
144911547
931553537
300673548
110520195
927561486
736121589
640978855
122705155
579884659
234510204
89261828
197973104
19510691
500296493
811776733
359679373
409526384
353172447
911726924
524235045
541429405
273487937
709812448
824282446
90749027
557496557
523830862
616184692
317763342
713421823
762601417
296997478
366987811
202976316
759875023
596283553
573515210
430027417
524259132
654822331
568340137
591691685
842378581
562702435
430725217
848053584
892019346
702761100
675115046
396082294
884385600
175136801
280146088
209986920
29444068
770242987
653630689
102860037
219898268
137361265
197593826
988046634
166334982
263741894
451273725
248912938
714845557
519750366
168444015
615190597
60419929
629488128
951894963
515444498
30934458
735553102
297831097
358162554
455427230
426264190
868563617
236370216
82447861
405363245
384364918
951974454
585994004
787438516
271754262
620434959
424129814
587432676
66818496
671787179
788183687
506753204
314993530
937594760
753786178
956743662
437128047
808977950
625502807
367393460
174467445
69928488
325731692
194286772
85728916
744689171
553682531
334198085
838174604
162771994
136892245
470848541
438428323
89356617
919712437
470663923
5924304
85266656
539127434
928124852
786056487
634611475
442835927
963367788
467595307
251648912
684315279
16547695
634225507
416832909
261407559
899866953
486030415
145835677
322544585
936308831
192058371
386787366
876584648
999089156
795240004
81529704
908576538
965274946
951466668
674396062
608781263
321408363
79422739
756080923
976015605
859483212
614828566
565729566
637622540
397543800
307329770
61625517
849433565
820491469
418617750
971608716
596571161
103854250
960557321
141673622
509442921
486774630
731943350
361492007
120312215
107602646
63488059
29162831
450421057
760832234
173900643
715519206
729195064
210972831
497982412
937827242
570713813
20270595
730961069
940150701
691119954
203004504
220779980
807231031
823396927
191214782
892793060
610224509
468545099
122107071
125146182
557381790
200773614
510723602
843760129
135816388
651294930
799351229
58924578
244956470
603639250
140949799
784438965
278968561
566412581
421394117
313806439
724478889
561623825
49444107
88159996
209290367
330853823
983516353
67731075
329173937
171290847
376443769
841821710
862834554
652783731
855316811
388533221
821362956
912711701
5861863
33676138
797913675
69099116
347121833
889040153
718783244
634981921
648849434
831295057
47177714
792655779
495864830
257116868
651195782
187547550
554233359
41898660
489334816
428132737
955393114
542816685
217045400
74523245
138899554
426637698
523238008
124953090
806586392
180550477
370841552
74598005
939014299
186863042
59416748
862307367
743848556
775617257
799959097
63459207
673797443
54683523
320267561
87882280
178167339
129952517
852360982
365393122
778517954
455147363
960329466
460192939
814210958
576333101
144833890
146970485
666757339
850172541
296507675
234417360
377841593
94471594
605665434
939145202
859340202
935770548
18333058
391111718
969587363
277347207
885766352
218194729
12949253
478702928
463734618
146478654
80007414
124699798
75171878
649407307
241771595
262103244
147066312
53694798
140621040
414276526
600482754
459744592
137510042
71551553
14635608
791992817
629232305
20448787
276567010
835108192
309939283
61372403
792401322
721060782
225123789
504258144
325145293
156123033
183319403
655264939
144718662
514165676
604535992
1508569
675922059
892128182
800143726
966764623
617705860
712950920
378753520
610208819
618797686
796332125
684154680
742012432
195966355
855288071
652526009
578546673
186341653
326675477
617807678
265789062
539171012
854457326
127203706
720984659
540346919
441088750
587630106
527465005
223221647
279941259
190630386
875319446
59187500
588841294
497530142
668128299
800458712
481537065
87567437
362913664
189138317
191995160
105676107
853540291
389888800
814226212
219352888
612763555
798540167
783220213
541609767
444067212
16893402
113518809
859115825
839777717
534329460
256211380
687269749
764063516
102397569
651119819
279758402
398589781
725527237
436538645
308243365
7760401
659219954
586405804
988178005
517642608
77286089
633319808
186858394
877917399
950821272
877373934
728386510
25823238
616779950
803573101
907400972
501462004
67779115
220312132
776960767
955605576
541662333
141816744
208968369
759130492
889085711
947388402
834561953
905707178
494281471
386386349
94964461
474741367
895853613
796940930
30330483
39926238
442519527
129497261
268712103
499269343
677727220
494812460
561656518
419080072
881275375
627025129
988467902
341336405
489372611
515312011
967093429
546820467
993248414
698631323
818854705
415906763
102476054
343679435
704778929
25114797
659391589
520844578
27216269
351803692
982812316
282249574
254787417
812422409
611527137
67732189
995758124
672708770
374064029
267955758
958025219
305658486
652642714
510428211
39998541
768557726
726446678
798820787
976674617
436267278
715608065
754548761
369696549
148196395
783364096
669945200
440491310
731684173
816880808
879646503
471818649
474252339
891722062
575338241
955333700
609068102
940638976
623936524
927262495
325212663
333638943
394761691
951263743
221684148
109384599
963518737
187627171
408516290
108803176
530474461
366672530
457696961
111587902
893866671
256215921
504330578
861760057
669837625
307823273
432314161
603461279
797399063
966280213
504643693
138820916
191837800
705632669
819120757
433420573
695459569
772574805
940436280
668694008
942199537
979624199
979155986
214540265
477093850
969366460
50718262
987500751
2243499
312466178
231567567
962196486
138378711
213586802
145486627
655941843
793328250
40037903
86672780
514293650
706528772
406602203
547819703
709260496
756302705
756302705
404054689
260567223
945905461
187857576
911811847
346741187
511368774
5821845
108736034
684980128
757832730
745365205
583437675
648686525
158057700
971343318
650342607
470740378
301354650
896093395
733882900
785761143
613290623
451097813
619345210
473662503
806805619
744574850
880818737
402117673
175510750
938981418
358986828
92463191
190761458
22739562
951964171
240858986
214871412
177426164
454059001
518995261
995010570
435455868
952606379
437861462
804490462
396602041
163284524
713001241
197617527
960125639
742530410
560565567
536033642
678580863
205134777
693251118
159112363
320450719
708297911
941516636
425757764
649310690
269322509
194063620
244056763
480762790
509475404
277810465
284958211
858656187
672862138
584327550
713188682
56851510
715439226
213593326
336657496
614872391
249252239
87824306
884274757
346707077
472266218
325428607
676384572
773941048
328980532
243989070
755198236
649510688
13416832
812129668
87824306
891442187
509209343
977836476
866642997
599631127
197310832
414349332
320413621
538957143
374628176
489868848
553316298
562721645
383954711
395093175
975721700
232143366
669919110
134110826
87556517
249743254
917700609
155648912
123982175
312354042
634782936
503757460
967037932
133617105
371310824
645307043
457728606
940697549
946913980
546810334
951402009
528165626
311289853
743616202
445805374
441569574
129306929
807482293
622043804
928265396
938164842
210241214
962653706
215069771
199118896
764269505
420196480
18435591
278114436
861518007
862373192
157368721
613146861
195856151
155689693
713845994
503400118
550839133
971004005
791674401
983440416
259451668
249727377
814741606
292149653
357780903
555747352
133912185
816897351
2546195
625699224
809421919
352084454
694515612
833241888
332167936
610847843
905082246
600519314
905966583
11809306
291134651
872239961
175365801
977667113
305714863
76210327
348660624
383248664
819653806
372741655
419168267
820865249
295343563
777188533
972944802
372366407
216269559
185054398
812401391
429324746
55728238
133429665
259956100
907063547
856149410
425256079
118599215
128508173
519155239
515379502
784066089
770921893
599373955
143875447
701556092
736624499
717950009
400895632
860541271
717978207
112578549
24580129
559355889
532652788
273270456
952583121
508002390
927971413
648496414
349985172
911811701
475069954
44753364
59372559
329707546
53247294
969368107
325111711
788663668
218355113
482765268
262052082
223764746
887874482
273696953
270560742
284766742
879250673
161607198
435437207
399301623
733916753
642560655
643175420
920684726
600733827
657386844
426833790
550783707
59629926
305767262
282418802
265559653
999060918
470340370
410096065
626867258
329560881
140857751
440760908
849630181
529980238
226684025
739219681
357412387
647026987
713319644
186831440
406230981
854003605
139953517
853716016
186116344
727436389
15871899
29162618
537702459
470085873
784501129
266105223
804937570
24277264
994102127
972075147
98569591
657760755
940186479
485008553
773054736
628170859
732417867
351231701
1969025
671324902
844961438
358370294
931122849
872967030
587858975
10526534
805085897
885771537
924617936
626331600
257066957
95494468
494276601
968640902
17173995
761706909
922653844
851681224
967905352
145134697
540497478
857002492
126793078
613711521
443458135
544927527
430365512
315794774
635504152
449022921
786915946
458429812
91395906
175222200
932740740
436420264
337649089
48071500
241479960
451587823
441797925
741879109
415375028
807510984
958547358
672123025
683537825
391430321
672809751
79067236
945604121
611397986
444274788
664163837
743929743
679979818
885025361
837299156
432539762
885789345
863790795
246064042
795377864
749684335
277227838
944065362
252057544
597743253
717273338
399701236
11121492
866101564
670871544
941958899
134131083
192468345
678706889
642836587
835758976
858797975
220374016
912111771
113129143
576338840
489909237
998089817
759197713
39517085
662944431
392475149
917725859
672216110
586036177
407098929
715489225
683986073
957555697
11574658
546062140
934775875
149680292
552795972
644581396
378993411
486996766
443303642
936929152
777183332
74611444
830292768
958603250
639535100
624924731
463084639
28000242
39128576
149423861
710510254
681896867
980622638
182306504
880818737
316145540
563217480
197586747
700579476
868573054
519445669
301814426
80819807
658776531
427342588
239569644
826424992
601476004
720419657
954930251
200631603
434969636
750109826
292657447
989917643
222998638
679460943
801789069
244071316
795498634
244456885
913714893
293394125
586799894
227402440
120635675
99603
202452385
810129041
487031605
670992061
46700529
417166255
462407353
844044371
170247254
438364239
892007003
757726516
398714785
843385237
641153950
898311107
476215936
337500457
427943654
650287212
816429877
65992608
813995981
795964890
985712024
387076217
549731592
232209570
724397814
734551998
190354290
41738358
888482401
529529706
217295397
660868156
348491958
484742648
870250288
808531971
933275978
229591977
895225002
265164355
305186902
87146001
82342551
263839583
775316847
51734615
716467529
112074200
351421369
214097009
664342347
98351096
985409696
32742297
682561609
364426837
826494681
990780152
547459497
863613373
473985320
803111281
159248187
42946160
568506958
135041919
528949679
727165004
192175091
96098121
861484285
508916531
269010285
869805804
650539790
179277058
224437967
503708018
733137523
816741789
236768463
838468571
614298181
430249383
717585734
348993399
346794446
177403524
752851115
848157954
267150444
537165151
882280265
586577494
447426850
389809889
936370630
41173507
530770562
193875693
632239159
73535485
247708133
36372302
197995562
588361729
681471877
916814269
150708969
296824503
437717709
109800684
26640542
694226503
310629436
999071385
594579299
779123494
8577447
497187599
400892465
710991143
97121439
2830116
876735819
171357947
484757942
800346261
406628869
344663665
711830448
379598930
970945781
90326958
464174456
161535361
214171959
250071212
881329238
280796854
73493717
463422382
461985727
269107312
211180506
659245561
420455574
173186069
161722801
11322488
725136329
300058724
14584408
644517651
934619409
824663607
322195197
317482282
858547248
382740807
279622258
631012497
755527065
396916086
551595383
870118666
248990966
9834045
885907828
975675614
406118828
397139144
978839030
283664630
677503016
409322822
895156739
626010097
182301235
77119387
979016247
622457859
451331646
546253126
967191290
335747806
615289259
998358655
918262560
904365837
994904918
835813264
736096261
35609443
55656807
345268388
983001961
27913358
566644866
250712270
347623650
770423753
200176944
331172196
976340288
546810334
306081721
973778254
545369332
711730850
740232888
137493193
390442223
273915637
298512915
25117483
133174172
905653324
574020937
54572140
969474087
244549441
410835326
802108797
480961446
970137571
718480517
387737122
699496525
23620527
277940597
883489184
844219609
757395030
693636575
215016712
721446089
144372586
35879200
459540708
610435778
506386144
626019196
773752848
859713474
138396815
623228637
711642238
310863954
347206422
864148373
788027240
32705992
664788053
808158964
701283348
446368904
59373469
234944373
894205996
977391940
311903439
233201285
872987522
306235213
719222425
519527238
99780228
202103908
419983967
706168269
472902807
860583414
165498888
411912038
785670112
68138437
307096273
702407570
93659900
154875030
765305143
256611734
754075640
707444554
463315610
952424280
161475940
563363933
998536566
405164689
913479279
201286577
32606521
545737354
213857240
984725133
717775654
766961931
521804978
1040897
768150289
449526392
920826093
413789363
566084235
791522964
295643009
971615771
155971266
825469286
17024138
309187183
89381874
334995157
130675489
739900674
182871910
469130240
516463644
428692532
784207145
664409664
576653871
604715784
76166498
418325165
409564752
341724392
439333489
552077252
308876282
786281753
287410939
290027143
980257815
223221647
387785727
601924263
80050018
244601908
485775140
286881
172830433
486928482
285220863
160245377
788963935
483314691
107919936
109709344
318042739
97501397
565851979
776592374
347946134
152170849
920515287
39236787
226444687
338939412
278098482
402724410
359789959
115446596
763173574
203816919
479693764
420834428
253592104
414569614
952702446
508375990
255519939
416448773
638855939
445669126
276593766
951261317
714483569
432009252
743616202
971261743
190407016
588820842
512522349
615439102
41738358
131874490
339775394
63704081
222355546
684974899
6842358
155011043
292505819
945241886
20239428
350427895
565945121
692291000
653722858
102994630
493293508
93216190
339353072
146912914
694602186
384651431
908066798
420613644
34467547
571720530
538693812
568789000
606260789
666651118
928270678
361261708
453584420
255969160
473330516
694458028
201599328
137805140
876208869
964229329
813763487
246029535
526385871
76304164
119899461
700232138
258172053
791415041
339102238
865751399
676058958
348592666
132669757
888374786
585348179
270454849
678506583
421933158
108537630
763276979
361051274
248680146
225208446
912972859
127829902
21495782
722907505
441194090
26135577
217336806
720701736
818571394
757725183
697633517
163017232
307481964
842655753
688977615
263691883
542827201
485533694
400544036
230029147
494337426
300297617
371176379
922280092
53575001
373773648
26082046
801789069
954931820
318300809
580624422
734747288
35902919
22547970
920376136
906258404
717647279
16717427
365717626
339197189
993513149
625617206
96732004
933365437
975999841
868573054
916107451
566312100
601471241
359448635
196850659
405881961
622849742
743213079
643980017
677593255
43061804
277499419
874116620
692472718
356637453
185560349
852131901
549454426
165480682
449739043
697243977
719060348
536022822
90252584
50681807
268901626
62048867
685432977
722253379
218983633
826494681
448722788
402902656
753724815
941200715
655340841
573914404
878442901
702198317
236018036
861782316
734048475
279164028
269313239
479484345
2615010
453003917
370846277
560065905
777538970
803136725
517374
166918165
578430084
145919535
765795658
950922901
792189563
464565743
358629435
306365749
393855549
650055230
888883032
278748711
539149019
499031186
270901121
836895632
146975477
63065000
855362837
330263701
484191073
60678125
882996599
403887086
671146186
444320578
482775660
154783122
309618472
396541679
892218234
980264356
379968111
538462843
741296130
853712529
13167096
419246533
404759160
259029703
669609150
232553282
664737938
957205408
246844934
133493874
342007634
764074767
927531459
358614296
234593797
731508776
492946993
976106981
759746057
146140970
932055402
975091128
815059347
739162575
444000236
692905870
19839728
974424854
152514426
955654003
616475241
36307618
398313736
302284558
246243583
491535557
297791878
82732954
253928358
209678013
116443140
682843888
544780638
499334813
547161750
254482876
629738490
725494789
866101564
40798080
650288928
36847995
607472500
571951474
116056888
345620622
968688817
238888606
63076232
76968742
436232752
781243323
922606888
819065055
947094864
54079964
966937775
989721121
652548951
299996620
567263572
429660748
768321083
163185032
907756617
194854291
930492123
3698402
697681392
844831426
72087380
478879068
207933667
575867777
485174468
310722201
110237830
442921480
355802186
263915067
676420981
136772447
79517452
332444734
941716084
860335655
105329551
879561437
651059684
548489702
85713994
532607886
637337224
468905793
953673436
310311851
42136931
690164198
110070910
826503745
558761276
548698667
289721571
620925885
866158955
135220790
446146207
686746758
284205954
274748514
804511662
602643918
109294561
103417024
388802527
847789801
663263755
950546680
913271570
428355984
485670920
678081961
853916784
207809425
483947408
319447437
836510466
972117919
252296754
956564700
822254254
516808911
507226401
691579370
128246904
930351831
276249766
575042227
106205333
793989237
256146291
828160750
667862208
851783359
558443059
773092930
848157954
485509919
491959122
922666346
23920392
760906203
583872793
645496437
667960658
420861624
477132609
605407145
785421749
157331536
633326968
367190774
43521517
603627008
712599705
614100314
530635511
757643050
713995259
436858359
613941479
120521930
316597912
734160050
806448181
41993903
28537825
369764964
546656935
361296457
7862466
667052670
576847117
62616464
977701990
867796886
758694811
700819087
54796090
144486231
210127580
544139342
201409495
496339703
598396278
752843563
497546467
599647591
849203864
853188981
846530371
498309549
748663452
272032032
57029292
186018013
377242871
552318563
144926798
960857419
347332386
16314386
247031439
178427665
420774948
766970340
571347941
358355524
544079088
303108478
899708342
993365705
106215859
824404471
498345695
443671562
829825143
606574813
875377939
837033425
850951929
423904376
320682536
571541851
298419034
438261465
407817913
537226180
402010179
33456759
805764282
965476686
954506411
320622104
103339482
127157020
652842725
995936713
508694307
689832241
371750224
558421231
121871641
769693155
644160511
566673331
434338508
502038885
367326935
398242114
552129836
158958785
569396046
484060753
591091557
836176603
476072965
598292436
258772345
614951602
996326126
420695972
699755283
876579104
877107207
329319035
5570368
197187541
435603272
48426057
103290560
950815921
733152606
248169340
470263928
466500229
484143871
11639624
490683920
521708067
623595827
254145591
937082301
791815456
27542028
724232721
528165626
515019433
12878274
568344093
588014501
909729976
707423604
943425660
127092329
6426301
187785543
97697713
468961891
836062298
147104181
353721420
571581009
916768121
536854119
940697279
338422764
49271180
920528504
656043716
890914543
485525912
470600194
311049987
482155747
281965838
669547646
281743134
672450321
865895152
317206312
473324187
516670052
509241825
670767581
381631271
789194928
225671328
108502312
448094022
860535971
489980286
604827336
688886526
415740421
62926623
721459786
927977280
967154451
445501167
533788366
428024196
592510916
101093870
739134032
693169629
511834136
555705266
193227115
32235788
347263043
783497210
875430826
163729930
683861155
927874261
159438832
289073827
752209469
176015464
157615320
185297539
677944236
703917789
951092077
146416021
775116899
835824367
941743083
809987224
267461255
656461932
603403302
733084003
671616426
996605225
698967878
983288863
896251607
273404980
916270776
18772930
994989110
692423427
118089638
607516404
192425475
102295405
540551432
128927164
912098499
42301311
556481802
239183384
608539416
568415892
372311856
740160742
371002798
426833790
275680859
612744681
429165470
723995701
1201559
145524321
214834238
353771670
41519953
571281773
590073732
949350014
879333816
811001562
761059229
559170553
969462180
712262938
8920850
563217480
535814601
382515842
146716384
224978836
386121479
476173568
230055307
673224962
864524859
583426534
184173797
239688653
728601213
715165599
917551185
498345695
976054261
727399528
541609767
156206887
258330521
960710286
13590906
641950904
259141345
259586237
414510606
875454991
653979685
551766422
677597668
742333566
460437939
517230307
152140049
535865815
642016889
790420493
759795258
564978278
472575756
651770889
746751185
793178030
955514727
20028750
238281815
333084055
590284219
206416155
881531038
791958367
79509618
590658430
920830683
705573585
490083509
656955474
513679772
801545915
425973660
238639664
145548848
649558137
12505777
679211270
8512402
697054761
986003272
539395968
524786538
626462360
103496691
422042564
538230692
775451004
657768837
878918870
113969582
514367326
612864677
569833661
928209793
174060682
436418858
707115015
805105437
769732539
491275509
656945191
881420298
377443106
727140168
489877358
83260682
908915638
731144434
265509865
409240671
631012497
103868035
751324393
590475946
876445088
655397466
414958281
97109254
805801162
874414205
174300464
369817902
804490462
421383740
257552159
102403868
319520274
941037263
932810230
87031454
621099314
303052750
115365078
648819807
741694501
187723796
575912233
474268491
812152669
597940053
490842229
147968171
68726824
765006170
924128156
545018289
835252956
672795342
909590162
603515363
845887934
396315380
360380096
215084131
550329770
630056130
280500382
479373929
168365464
201835390
747451399
150290073
922222235
440573055
497443556
365503456
887812480
436288855
292018724
818331287
729731022
150608445
537660247
66931277
755319709
3321916
431533671
682104842
716317915
291082085
829089154
636462201
305517529
930980588
24782685
409132015
330270429
624986972
820417771
222777905
397411133
295827069
559352829
357349838
43734035
205621950
621510172
429758621
931572242
285202336
463875290
888144752
820643137
662888299
307322771
434188274
386229906
107179440
638658410
197797062
508292345
913224744
74202953
594650422
155942562
818766895
753542977
802880705
299098728
543130455
62921798
573130627
111154814
184653135
618937899
586518194
353267780
577701028
996413759
260553296
919165073
655506375
642426952
55045144
860219545
569195984
459275823
23448136
347072385
251247304
849451871
777426363
812065569
365080942
920009496
749541333
980139972
48171233
536256160
686303068
362124657
650248490
678317520
186648614
554146714
47438880
600264564
102709696
741187947
548276391
377615521
350505442
243536578
517066880
289576199
385743614
936238987
409173938
330639355
27204350
960688136
991755832
239376841
48488847
872239961
526254521
996927360
184767832
452642889
691220691
637589039
436310851
21132074
129749513
983414713
412411364
249167410
54490685
781051371
349942019
445692666
874636756
278748711
929583977
46691315
217809059
488278108
770264098
972470696
373088018
605684371
480096248
127874473
295410504
478650720
322081182
544803490
357824433
390553373
986041918
899211117
653990414
719442919
796825126
230458228
686371796
875103825
632726381
327362361
388323279
838012694
518967932
87429791
323917868
835445772
939561238
624691316
779237297
528060153
646121581
133883886
675485432
173698659
938522505
768541539
276433928
983959589
379630643
713928044
755593351
833960419
129135264
721819759
255242223
543241683
94502323
60905905
338074843
662515115
986467498
521325165
509978161
805025662
475892675
734952347
123477239
925873709
667471173
919136277
899389428
931255145
590179060
435988069
374130440
868670755
907499534
540661098
144170116
508159866
613665345
948173130
742604739
463874461
484265560
27246831
250095689
465439814
241323359
230721624
265984479
993571426
585122379
568283985
482973084
822313573
238299241
807781886
585077896
722732611
966543271
803963916
788963935
840502206
277028052
184104181
554922179
690060281
520969818
857959685
486728633
872940283
395937056
196970615
623927394
347463795
591021548
467024370
845100353
358478918
337989104
35220475
340319211
627024411
981406060
376817837
232642357
786264575
302371852
380686082
15290511
151666985
502843450
22440986
564749712
921756481
526545807
13265888
122891556
462059283
536256160
561123148
152124054
272333170
304338264
853304178
837288599
312733286
650232698
838414929
649807806
615131839
968477642
621977407
275510178
972200379
341505180
730540139
261347291
459250400
607102203
479604925
894941975
948331946
859765993
935151086
757413451
255519939
150988098
606987303
740283677
109951012
878926841
620607907
30118198
765466933
517600325
805929369
616220474
846948469
705296866
630518002
619656205
52202985
492367852
529944938
610387160
791165312
459133076
545970887
257769875
12212512
418292128
486193362
506626601
514459596
580899706
109659563
860163238
220736086
45574895
317621142
948161814
359664655
484638414
985024923
343153767
566917612
305735069
341866828
533920306
237664723
879078244
380902411
309335929
82899664
521866037
252843444
930056750
744052757
385958468
259409059
287122393
818325499
279303370
312435031
110295091
385073104
796678127
828740293
86585556
490146203
178893041
984041144
878900843
255352445
698692353
5367791
736849730
929863490
33283085
974493704
192245761
369268654
216938869
253947554
527228557
188881946
710263010
372699768
848246204
586897693
969644178
685436327
425365543
939138225
103178832
355062495
121073925
312635629
991214591
787334778
562052037
823077585
817825613
368879081
93710975
116846392
283976471
47759957
387883668
421181938
877680921
319550566
709512909
485066891
457972237
35791908
931370747
535003813
92629617
724688661
687518138
832716384
219589043
73071121
970010205
282025997
904526089
647618745
348000572
30072240
941745390
803915964
140279386
537670492
341098292
514747371
298912052
698406889
466078758
676432127
161283291
440400397
847845713
218593100
931711029
341606144
437978559
1790515
267268849
240022424
498641690
232767555
126819724
307347467
385555953
478546431
755610837
230038461
849489905
795183749
457972237
145281098
926643300
387018514
177098559
901895553
458599033
231713917
814279523
839445502
797357015
189311031
535247986
430563951
941842957
201077308
495501810
76743366
769296772
979520511
455188324
521451316
882730886
67465992
83551783
778620239
58506574
707460909
396648546
862304541
780855612
898194978
297621384
442829153
895920410
570716395
204693020
306502162
834965344
656064053
415178331
509475404
607258630
338637978
435914486
409266067
16089426
681347354
94992560
974542211
4864337
304809635
863433456
593630603
600519314
871559873
569019216
682272210
881389151
557920129
180961644
420377660
484253481
31209294
263240773
997721852
834115407
419930233
399455584
475625210
615397307
130415049
538517307
264246350
470681135
261098905
608378283
447953950
606027306
103462159
827610680
772142240
460774246
134784831
688154409
821756528
625478185
822106034
789569471
617893130
521900429
246936398
446630518
134682137
399836747
850907068
951263743
631958147
302220278
920371789
470048830
996822428
708911583
415421058
899000775
735606822
283183273
952906955
599882956
390801265
108700021
420904258
40148535
484973815
682037230
664977212
109196041
395721251
200426582
989998699
141202522
449125757
484045432
372686209
449010186
419183283
359575795
575375673
944165661
663303705
845456045
25344632
189174376
580004036
417819680
879558401
209150072
567481505
567077713
747262837
8598110
224271900
350554809
857620307
659660771
739098179
682650772
385496092
755412000
904465639
898196504
411850526
161192930
330749800
352258464
755228636
556198709
196796371
447332259
483320600
67462881
700815785
356578206
12065938
493949627
436138360
112741062
835579558
608170183
874801206
355179160
276875318
425569519
595918844
734455804
285286365
91216085
257236652
322840268
753035356
806010424
37963420
394810603
739966206
969587764
626065779
554801256
975846608
277837494
994121711
584367398
193817184
496134932
774778115
684243558
357296023
643262273
692653479
203358126
621088046
270979701
891257762
918257146
391990584
103361508
809987224
835712285
91960423
357679403
96155273
153845766
148378800
744094040
462496845
977150292
72107127
721507571
918824532
856172984
581687826
319404771
153123860
552899204
182690914
819814900
448829021
519602243
124492581
79780483
645692995
884274577
788798588
10852347
702301629
291448442
610288138
182580444
825847027
368298292
461292397
200865436
311595560
919672628
959946604
596942147
140854278
113406769
199251264
397916451
1974826
99247033
489496364
723722687
716753450
761736544
921697804
753313046
265128400
822470834
171719352
487845387
306229993
325270225
362205260
249274363
872160809
748859486
757612137
820821250
968450604
136365065
744176123
401373750
877072157
56690479
170844868
508939023
135068188
995659656
488363928
782860047
146838026
182296560
583700619
757921957
116059341
478589725
615585747
18646651
197187541
845915502
535234368
710994811
964991996
354306692
354301304
86745796
36224473
329150422
99565042
968092789
140923887
681604031
229393569
899854104
929434813
425791597
530405847
359773952
748760769
551254743
21193567
595096875
405396364
553627421
218537845
588035607
787241591
401536739
441483573
14577681
265043061
960584800
877580416
758981014
468328404
884868572
382667771
512832678
175435204
223193865
218525376
725749513
735926997
56550123
418953752
67514038
845512105
76065406
871489854
173500274
789331720
861249177
187905648
63297716
324640673
235045755
944914009
572532789
500969232
22398403
900472494
409119431
715003112
33440779
449309189
72514564
360648794
185657166
54882574
526389752
23547257
534160045
64411494
806135025
972198961
873125508
274184387
981249284
115678630
21389048
431677940
17947393
351624260
940860160
140373777
424998724
896738684
932467481
191312888
635591657
762132647
411313639
304868311
487151114
270971456
368810911
7046569
494739534
953783442
711554147
194750926
87527002
966351287
969392258
861330367
593430383
272738658
233344206
342577288
132013423
119923691
671634494
582269428
145337946
540793333
565089172
390061163
920209581
575517284
145771012
812261407
662682329
357476452
300244770
217807090
508554428
510858751
202599841
920065747
782940151
331454652
363559219
6445383
655945058
265122763
847632456
14051002
781068834
687513960
326934306
570700164
274760848
233721790
854668162
577354453
793913790
201053928
754148490
157391886
403063922
98654203
519892717
674948747
856252254
542706694
416658925
976040788
689679500
939965753
112652492
845427822
994199766
214213927
634144306
285561018
459308233
864576224
249345284
817523793
656217348
38767608
57555053
837027300
754117200
128095603
826114316
197637431
883958650
541128230
592281392
561325253
925776795
541311289
321454031
972615048
563776579
493111203
710495728
927144808
709313081
788036641
99247033
845731562
766333513
704057855
877329558
35709521
145516531
370946036
558713480
35028459
537359434
956326491
727951896
993394349
120052929
368527116
356098167
366427482
721033274
680741262
429285287
990080521
103970168
188231051
9343612
498605765
21019590
885635907
638161933
213085291
406705233
593179852
159678499
433841168
938299152
721193601
718239668
93772521
770996477
956094299
127268110
632828937
739230830
838988098
842566933
361740191
140411475
513871036
281457928
990905118
777562127
161532853
880094837
609524005
464647271
204568249
212983952
533336970
807399109
845946536
514163348
118786354
775931502
985326433
930896908
606727205
481178752
745301456
240126514
481950860
896962584
376013456
327872867
589347239
269500451
217586008
326556246
285808716
168357504
113722365
658274573
48287921
240807211
696590381
737245063
202470574
301164399
205248150
222338820
293187163
827582062
401420784
21132074
137728668
951366541
488951072
251294468
258029076
270071849
450464939
340873634
778586173
307129701
794635129
828276485
903947199
17784842
30732014
542624034
389290418
556363577
841413775
939717612
350231670
632649721
567077717
282303678
471065185
415807994
510001107
517665564
344876791
48250765
12296054
183800147
870373287
378881627
211921092
332235700
537359434
941721421
208871842
963417913
104654145
800725155
472035869
413991493
946169952
478734043
747193301
79171731
993807447
987885263
285762425
47867763
477290169
148878308
68071792
977250837
926778875
155641379
466707667
614482803
446818380
684136531
364412524
614237537
817531701
421875554
657121239
514105442
894430037
831300269
920401504
91826992
663354046
14614958
678177267
254463008
635761981
320915089
401487960
618321580
659056876
123273478
995710115
984449781
392169049
236312096
712090612
469892811
432014313
159213013
461711277
370346147
571822669
500579945
371063268
151904310
121561242
51256955
708566813
836140884
674062157
286073965
829962754
639229682
399220105
536240887
146700019
731682938
477919453
15492093
735050918
425539132
2478885
39294386
380058460
159163449
889627362
631777815
466914563
247700973
909176042
633389934
898349665
130986923
659746276
157178803
502471896
73841275
94161454
555771373
646793586
973563407
372950421
551062376
428585215
155580787
943778242
203754739
172478693
551385826
238935880
619821940
659180033
594920091
119628040
648063547
176170950
594304895
711143711
927498860
805181374
885640978
161109583
387067442
544537114
608373680
116368346
305128508
5314832
443020618
763633247
877593928
287870396
489868752
835648336
841902812
220145092
42030283
312831328
970832259
833542992
802700714
761814481
239041765
3154640
207407753
921631442
96601825
269742840
413512826
396541679
437339169
404433126
238163703
163865314
109477516
373816035
382929799
733905750
606554110
518280167
187688923
430759729
783273609
243299387
534359143
973381511
969958723
838846850
813708417
992829961
522789677
197993994
805222643
523199936
195676887
958997753
848407918
236226829
198585136
264714753
349571675
117297833
215122743
936961477
801106267
352273605
281988214
271843266
528032751
293737852
567990269
391948395
895293896
284246882
938420582
696449915
205107489
640352704
457367816
72745927
301560078
470369195
505615362
336335522
992730463
870684912
606208025
159944576
809080883
859055821
390385855
225884082
662952069
927530300
194636966
427432078
966204271
281420646
854159483
404396464
458611345
254533087
881494126
91100053
290120262
116610868
422205678
464036122
102652953
11043234
192532321
677629571
451237923
323464727
502770603
723628164
644821055
624762955
504474107
140861412
327775310
756060244
870754037
550809593
284386613
793141156
870655467
213213226
834741583
237146237
378553580
786901181
549617557
995894467
514385948
71436378
817109861
49445156
894012153
303591746
19190833
444273640
304722738
553623314
756398000
63447223
51353691
220847926
30684641
530948444
141376418
850277245
885655632
230250777
408627305
373408054
293114965
209887303
614118196
97899784
501316514
997189535
267938853
352666870
310752317
768223820
892682275
520993452
48852821
685905072
668110155
613694568
527417405
614982938
693127594
642984164
813516004
404900716
567490797
888353654
482204459
268970247
1754646
811305559
344922539
769698296
691821107
227095288
311421727
280048996
25323863
716386885
637337224
680960685
852675758
417826825
597629594
464931883
812674122
959079719
831153983
759435854
559713956
364287711
443715044
554122405
164098441
359575795
898394922
24962054
572312891
944334983
4266700
219757986
822934935
93771332
492046910
311020130
144018861
772848334
292200377
430003901
56086712
795333560
657261307
859296189
458257601
157544615
371682788
688813080
749684621
840364172
321901074
553347403
473406951
106348024
589993769
698673696
131791282
536706059
190063241
704771365
13167096
287855251
52773981
111933742
734869627
663744047
734440873
205754809
163303509
274267730
953530657
315233077
580073623
9460066
766961174
705755251
266310973
208734499
209015004
812152669
80212183
156278074
116572312
965939599
751331475
15952614
365110057
353478734
542592916
822532292
45117220
769555785
228834894
631228011
998115163
830902831
894665018
628059618
773409307
671692413
462913512
701697680
934397232
894744409
322153255
942524703
439938645
755905829
266854696
434034721
136666548
27492472
417544309
493319590
90980060
933275978
384179291
566473926
665869657
686773510
628686150
126732490
92087503
237990539
308688254
762406081
979441767
902317441
870522206
267839423
677121892
851427865
273892495
371183245
475406261
629029160
26939416
577296948
909738946
772937478
889441080
981896664
803560416
218217640
856105811
272899851
388533221
69158325
276316071
835507967
760472125
132994291
617626523
561733978
501102339
380150240
211892641
866092837
66806924
236793027
486661757
947881760
888482401
341406379
771606811
670743524
577921765
140891953
89998779
431160239
927345076
369092156
9693537
735787481
314303897
684261202
42794880
170141921
31298917
244732666
926826763
254153046
922112040
88322676
999429884
187534627
29672133
72456815
864577580
597494836
558995819
305767417
430419229
943852629
753172830
901501224
507988261
483463231
391810542
264783370
389670485
587371699
99535723
618007931
196233208
862494033
711148642
993490420
783690186
161192750
956851805
988431284
737583927
939995759
881952985
717556397
602162794
904858084
278817046
683112442
541519625
259724388
725262353
977317454
983766907
176905936
410616660
973512771
197593826
276186298
338796478
581703790
539336133
285620478
986003272
890207108
826075416
443088232
351701534
830480704
275942899
542052851
875391922
229242725
988729830
851798062
450547090
452831831
422128628
503274990
936977659
801785919
241070596
131125906
94353966
796907413
675871815
835704183
240294386
303860218
430124114
108598205
248691022
991946025
543073149
769740395
140520204
926362960
772044029
77302356
378597197
805911304
452063474
404324550
921254038
950673719
690282622
578902280
975852961
904627848
331884599
129179198
220470886
374406826
764832402
16261096
737352293
969904210
176393527
439433729
614302755
967919049
50736482
364935392
449967184
697026312
997505781
237122712
265649013
617083555
533550399
565902962
957821806
55157029
332417024
336663548
821538376
712408083
363510264
197973104
128742038
117952101
603215053
345620622
285706307
755856057
204517878
29391009
420486281
889659310
318610954
744201320
637071415
19652363
938356622
563373980
316359354
832405333
741679076
1974826
956459290
347663681
373635385
714097397
680306549
632034494
232625464
735058829
860585634
900295690
25934179
281781281
781236862
906631713
883176874
488679987
832049014
271126714
236603898
240697192
172550909
703146840
913081718
153460171
493870604
766040640
201859090
664730315
681369967
914977906
947559673
922120273
159449102
699657471
991101828
266781366
567165589
621074344
286026749
719865373
145509056
693156442
346574248
49320367
294663313
19303355
69140904
151379120
258602879
356384516
730728254
423546397
200996524
957755071
927067176
532537963
827548662
366529730
623157652
389576352
934292826
37162440
524032194
956679425
471606470
724365856
769699995
128198719
588007109
24910303
636145730
673968435
979879594
801625825
577853043
470266094
778638052
126779258
890567130
690051594
483963559
951968869
760502228
580767277
805176777
251933093
955159014
799017568
326509237
485690153
744395298
307464918
692493234
643163326
879636999
821929949
272702763
170846390
843221400
891445299
35709521
25091440
115677922
431274131
86885900
961309799
322123067
735809061
188004923
777504925
739069918
406711428
21884082
538561190
776470424
1767421
602917301
83246968
851117298
237036451
305862115
321984155
94294002
837604068
917064674
658993212
52996157
242503698
856989733
325772226
234483977
889854533
810521323
573135423
386973017
969278214
916720617
843952732
451351954
997712863
32325639
141376418
696865611
739395035
576348826
988718471
766521833
778619061
254428210
825517641
516081763
182791212
396194690
855287471
686058591
403290701
975721700
15457742
398027670
277069998
369235111
499128918
786335712
464112191
84718632
420261553
536323923
824694150
796240909
964832263
404870754
630244936
788096749
303668981
46690257
810247431
542430946
178923886
91953360
610939106
686339746
246152739
428110093
356196055
584666992
956990421
813921907
850355764
56274012
553756027
344854658
858018929
595955178
582073493
472469915
805780132
551077334
899317426
915216977
238449203
682502129
402274404
303799495
698441406
404643606
955752517
427321500
639614317
86419215
94886245
766076679
995249842
488566154
16261096
161607198
244246562
633867527
536519310
740794089
454591925
690407841
64379855
55853409
168949862
77563262
188928121
367055854
686672538
353030553
74073930
86406792
503184714
430422318
112027808
416124724
919685053
499831768
369019550
752145426
988578626
445766271
217077028
797636300
537605258
642735646
515997546
812131796
60041900
340993380
938817204
519502443
939466776
922624914
847638037
866321268
344850120
888848724
173723855
509618861
655659758
336843214
518176800
769979804
568239906
798936265
402573647
936497737
798949216
133269869
867500322
440698571
36927427
33149756
25490726
193153971
987749867
91431352
622676198
255034632
834850034
306741104
744975376
101966466
193403574
557072828
703080823
616544223
19560867
649465475
348113096
52251147
279700721
973055421
214659198
672420627
887447188
872728370
803488623
699060083
100101060
754844760
352231337
706946513
986541712
809568779
850303687
591485773
776903923
792003043
486713150
409199172
920050698
869170075
116122240
968428654
539182191
708679444
546964838
392630551
475083127
82423238
305514416
452063474
719899849
175077738
586372126
814459948
248962022
372622497
890791540
311603861
84665738
891445299
820374636
803351659
718256646
213186180
749652068
788320926
845477028
402716425
524032194
402900315
484858919
792805813
685262235
663875965
363407847
64351475
383441417
596226387
657995566
878623078
893061537
246122260
14454229
67282729
576108734
332367084
356043356
218317324
346077003
150385864
321361142
305605587
341853039
683695318
487652839
922817618
808690370
668867192
33593330
881073472
258395919
545289473
401671931
614845168
571151133
656251266
701403424
372851338
132090558
268142412
760277988
879649691
794603574
129629561
94034451
277828656
350737160
463024815
758812876
126683199
969850585
373247901
553664902
58735395
122074819
790463707
448622249
67358569
925920421
50511744
149197507
49011262
367318475
172561574
777234264
326663022
319540359
152680279
95180170
176698099
128995318
458379127
776265167
297147994
542481745
500860673
230489934
567350483
986596764
12590328
242986144
542866859
812014691
5273666
910508842
771452023
222206240
720623707
527380992
784248223
948930855
719942466
125217738
285777968
370484245
757444011
200694893
960523539
116818042
888739162
309905419
390067886
632423142
206705278
586810338
598845823
980309851
719212148
568165702
339226810
811882678
340567938
343346785
527741587
140298209
463212284
528864508
898177575
590269980
891722062
505479877
478999526
540568688
937119066
645830342
842982999
737371202
33966621
745529271
440372547
124109841
661716653
345509245
735937651
247777495
867814064
798568618
116831769
413564162
625693633
413839996
438847546
534796410
699133031
986140216
16014730
979879157
470189906
973099166
376725588
236432980
503597667
588850068
72853992
932149873
595461186
753077223
219175972
590984454
610821033
315326155
557162018
240497881
175670005
340523002
971399641
578201412
224114054
879355673
241893758
387575290
297358562
86240696
15492093
336721208
995864695
913479578
992034679
89382813
271666715
253279191
417210654
535331374
868167846
513053190
461859560
265619875
380569064
851456587
642404894
294724943
993906594
587768788
257892744
604048409
691282474
405701515
935224469
433377941
477819627
73143045
27177211
911023674
525866655
478086702
671475285
894240178
111594786
932083605
407822653
287885067
739714465
212633144
843327744
846855510
4179075
995172454
341003185
366310003
503113880
150064590
319787699
5108331
448871225
366777710
990747522
318189784
680469271
942512587
652775416
825391323
485174468
67819442
761287440
380542694
848075376
252684553
541692406
267343183
962727491
694723291
736874882
268587141
329666994
701673372
124376738
425451977
194486126
356381215
954223142
838337740
547311669
688871785
492106620
817340014
509950884
791266240
706129739
379822133
686687324
473009573
162116007
712719268
762461647
513745964
831330457
552342464
466272611
304107546
281404285
527023266
66027344
946463064
770019792
456166230
490888960
392288756
602330361
354675501
718838914
967084544
958389718
584164690
694847645
633073607
970946277
587660371
126066524
148529589
585915108
357931735
950778896
674993964
96919603
358294075
273967161
248859506
847530285
266316952
659228358
940242566
847788342
819111088
391912169
680830431
373500225
572070858
646302690
560562237
437120514
751365279
156894933
228730722
289581733
151488188
809290674
665641863
388609597
801832479
762162395
434089255
560074341
80929741
800332155
434655643
394875371
470138738
352231337
161901450
623347739
568490128
541616668
354750114
102772920
576023026
455429858
421933158
757604619
467291816
135482244
732035820
911789900
272626107
805143118
300685636
444115967
231665817
493010636
200927076
465516180
564741018
466619164
457055730
792530019
439959623
658776531
651085254
615110223
801811675
585224325
208045251
420961953
437570261
750447109
209053810
587873308
771683657
779295759
350784383
555328256
164938005
168169946
467096916
890648606
876588917
774397289
291328121
736030868
284958211
324645067
78957527
418964907
228178721
491169267
650733492
334252387
692007116
522257191
855332706
390049547
362943360
344966113
574386697
667661208
114190061
360405990
373308499
319989131
947574554
841487250
864294137
662636274
925825667
852743941
782211831
1289357
649813564
645396660
643114604
416452121
392619118
680551281
146653853
67097134
995783154
601024847
588211961
977845942
105184054
150723409
33489969
749051257
213219666
628894697
406816432
515228250
187594782
124768755
106436270
875182518
466496438
55222239
869327896
197928756
478878126
1459937
587747259
765917398
64942423
769525057
923449837
860019862
703428948
64177434
828539298
804129001
103339482
455621093
956907718
755415279
170138271
710417838
588538631
965955184
635962855
882334479
579455029
966636796
968432474
483551913
286781950
300059680
338894367
999196748
604076333
153819684
997745952
229173398
892831040
776256683
461380789
626512323
201921496
697682479
754624573
846967244
756340475
649857933
907543714
335963691
972435780
701763432
266854696
736765486
889095804
305208088
439132024
170782101
377443036
274515705
841810738
455451066
791165312
547958773
745723652
341500408
492559988
492007756
888579239
535818770
288094038
251416655
789164647
957422987
59439737
42461725
438934438
434565910
26121559
897361669
912997712
391829808
125867295
841043550
373721965
832841674
661619877
765017072
835275518
283670915
284156709
924325586
7465489
665694001
809888107
532627851
338514244
512699229
368157000
821687384
923736975
764099927
422541852
660642886
504603616
567604999
544921768
495310515
287615190
300658326
143292291
405518873
323545621
486835720
571108476
590482371
74127003
598719710
576108734
195442434
551262294
361140234
598254623
64367526
797884407
442940254
699174247
564900420
567990269
906207630
159769276
711054709
468959134
476126777
519608491
108410008
657097142
525813207
690143114
445811982
319878743
497698258
737017432
155757822
925416100
587633163
812326443
396277125
15580246
538828775
634598917
23657337
110964712
861520523
262996723
872531188
226469783
491645435
935904660
555736303
191709483
948800904
265254706
816916018
711364595
505479877
529167901
860756189
837839949
179192363
114301762
105448377
163351551
626898895
988147269
391323353
423755939
974190192
662599597
336540116
983332475
396586870
807355271
912782954
496539668
968915695
929406767
453818017
639392749
304464004
448548457
904040970
347810958
996867441
63214957
454275722
253411578
32169414
826563561
998328798
353196632
236574101
538348140
454198963
304521042
10232514
154929805
572105401
922716281
722811673
911650864
209384675
350055539
288799944
99235093
62122475
738404410
271992136
117052120
91634699
645270885
895153954
615008575
837908014
172940911
987542237
489436313
298310485
794088110
804104407
650985650
172030578
601324749
156974145
315141751
665985957
397595746
303939329
15893660
304020781
850835987
645006250
649545219
824639083
733174602
165496159
526781378
557438604
383508343
37807593
927712855
488260623
45119977
183374327
935845947
751566234
979905178
790534668
821546170
330159571
389112053
122858802
585118329
977128962
724516925
10517583
491271482
156080969
407131105
119104533
855270600
218837732
112481383
793251846
152113407
258732987
992606470
463375356
41336616
139618218
770161807
553164527
488719884
794324871
645488046
82517281
262853893
238299241
163877163
532881448
141164577
744429313
524380855
842036031
654273680
280044261
573260410
147983604
266785088
642358093
723727766
597494836
208609087
227668440
836839759
631384995
232027275
236829422
966112680
185806126
175126468
850051992
445767877
948933725
979138912
105433979
305628652
672071242
773756303
499004134
792589083
938344308
199606755
435783686
335438896
487118469
917834028
913300727
959441374
776488153
468035290
805617775
311606739
513252078
397776261
578019782
684174737
543239139
583168644
59255551
975875191
427485855
887245465
178923886
31329491
838171940
825888925
577945489
40915796
479693764
350134940
306591626
429914250
990296500
702532279
681257921
636248389
237303979
591462514
554266446
999921111
585042639
528769892
550258959
365638144
187893132
477769810
799859657
783813388
37690967
142130878
494572919
370257397
324775990
50547988
80007414
815206449
461893783
990162187
810149069
320854264
643637429
870064535
101332586
27095170
296910492
371106655
753438367
441117640
419275920
694604692
568040748
683236587
923643938
628960472
459204417
594979785
937154630
7558208
424144809
924682220
654181209
918033405
269112869
816398947
497580271
857624215
720475776
789218464
929455955
398506534
435624318
796116274
481418143
506123652
168623499
157515007
799515117
540176645
425473744
568807970
555235041
985397257
227872789
327762781
841300081
698402381
508185038
614556254
535639728
572141317
463940686
212038045
213670746
328054946
619828183
232098495
925571216
665581157
17311779
502645831
558771159
366876750
626660995
312811699
273633490
333226124
50586799
496659287
784000427
755452126
887225302
142208161
833119358
217255799
545644456
513025930
375823818
236578921
177337869
57864923
865222222
27289518
676711767
247672490
938830692
69884098
885987130
773640697
256240538
447434926
616300813
393416370
126792765
625482572
385859407
605372381
797977470
859207241
375650026
438056884
2993327
937609265
381476067
340900043
79257475
13004916
990111634
975739017
593658850
849142125
330783404
598219701
669353907
956721278
99809037
589609760
587456699
956013532
927655621
984233780
366747424
168623890
505942883
153634195
659075846
894471333
22181901
239108898
578761465
218129377
799756047
442547578
92700659
688156659
341436387
158898163
881175945
43348306
222280268
815597564
810258851
352643429
141889403
295772066
68726824
777857356
262519697
361296457
880013403
279303008
930988708
336019306
209930414
166898198
810195698
884929956
422530610
8630616
251822011
616509916
733942424
508890675
83037653
5146759
488967489
732949211
606390529
309528496
768798884
182399144
737608307
804470355
646988880
711506084
382935618
385285406
485449947
984664797
67311514
192969043
106909190
985853756
959889372
908425091
753247177
550714248
246357000
483064963
79601055
500025806
645967861
967065338
574186559
405016902
526049059
791651975
356070081
164392248
572789188
125808345
561289181
368641206
344391990
546330630
817689705
253520640
192559236
64823603
525030235
737377685
218066823
65437157
503589793
82528011
677821755
81636589
419968536
503668459
602515755
622645145
848246204
284379102
355576820
344239155
881984126
689449089
946308804
958604236
762831629
468223185
770810871
61882049
69073672
200763560
290725784
114515014
131572287
687766987
451551093
93495606
604918551
719075706
402740472
469997941
664099665
426268223
436001965
300136799
177343744
306769123
965501298
581702068
845127429
844606407
200167034
326026424
272860039
176797507
317779864
778219798
73367676
107675160
636353935
982878243
181966856
257488648
969167466
13895534
889253349
129862282
458095135
522652689
58573277
832574607
253888662
625646458
294549363
274130002
656609379
136301112
381564777
876571016
421879697
656691213
234194070
830805378
268449950
881587336
699470938
586731020
353349874
450921635
449442136
574949574
111115249
463052282
897791768
201296832
406398549
387555832
270615294
335338449
400428102
492322343
145790234
266323430
59702222
124782852
557270917
873010430
151251778
976672647
379984390
803151178
734472143
990401200
744963812
60702009
338211154
145880942
72489395
787000305
489909237
335370360
232117436
642376566
492321642
827411480
957295621
65590712
980676321
809057090
674704482
775319388
382756186
266655215
725856990
292698116
415638397
54375068
368974403
58102597
189505524
555494282
979879594
495706589
446428190
362738268
496254059
559712940
737241236
887503219
242629791
164202613
873743707
55050866
480918162
736712071
612846016
187431856
779944680
531760877
926501566
220078316
475875163
334117867
298586528
57434504
399314082
448021031
471704414
690563049
535957645
300101861
696297067
487752527
457807806
615348327
795065960
285891735
154284795
930182514
562720288
255726258
922657987
161040347
79512274
323582929
939636527
677736197
229472083
683869995
106108802
91570210
671491682
415460886
297560064
783546069
276351161
725647144
870986583
142171242
950928594
891107063
355300665
416369842
464027887
648960517
226459775
623818347
222333833
594676677
54218248
978211535
450702529
454557276
137499880
543884469
35240945
431334901
285290299
229726097
980709866
139780949
739169160
226540889
941200715
434639392
202240315
36579537
587847550
70279459
918633265
443721741
454052588
137370965
409281684
581929165
450634211
402638903
132955801
833054261
318466128
656798607
477981829
293060935
666018137
762488215
327618176
87202019
865870466
123574778
841273305
252764876
269895424
851681224
820865249
501071385
959793890
515771474
713228720
747784804
686256557
186764142
521060138
704072946
435220785
920845684
878847363
582342054
317245193
420662294
426687209
493499452
280583396
657954587
993335579
130684858
380836760
709693903
239396561
558903380
64832177
659474774
693080910
350611201
678584453
850392448
344239155
673391492
311129219
578073674
147249078
500527239
578165508
685718626
942977483
669881578
647402091
426626102
737656879
252950664
34834192
921771318
141135214
211219422
287134631
1687447
999411763
838325136
454887517
389543185
906792480
487618602
114171842
541697338
160420590
428675548
844745092
15611893
71785891
129959272
626605610
974921336
73841275
69167308
716863375
3947627
174053669
845002776
164755692
168817481
133710247
805501321
396837917
336728398
197054789
818836711
290052275
811958420
517772982
587779142
338394144
612085624
854502402
718558783
908241251
420518852
894817844
660820314
779869018
20402587
803291246
453648729
924996654
819482168
356465213
979022540
166129566
524699749
63277030
991548118
676949120
721412402
613164845
815779593
534604354
884010915
795893969
546645773
107239819
704615377
111037386
225186839
751919973
148401340
638900930
435869125
366698638
432549127
785376839
277570844
696913484
604290214
788115721
987817296
364426837
905983463
314945583
567678080
827481641
489468370
847406737
230578704
20924636
457208241
526984264
113276702
899333757
990034724
77500510
759400650
820438037
167792373
677685427
453613634
360089934
162242016
880835940
955882247
864819445
145127561
312936126
875795603
296769050
714185281
492338116
834477692
204829963
425871521
612706784
38445409
515156298
52632954
408020987
589382134
245228019
705887385
902613768
433652606
640078154
663349372
960820417
835802607
778025660
874272149
209775784
454930073
744941712
803107140
288168068
805985456
501251095
99625677
124227229
232112900
936169073
847101290
215072511
641100598
586087636
431643136
959836116
666298106
186401481
203314149
791740780
143264571
369320506
347551605
379530689
670749967
185941858
636423932
593486705
111949025
273292554
553366348
100628320
416532102
392521542
828052163
906912363
794054106
740813649
979941159
391238952
917389090
527840466
863063420
462121800
212825117
477053451
683738044
311125237
215551835
798226666
89582707
124584367
19444379
725306381
121634894
368401116
221981131
473479970
354708071
568107774
761363717
643837928
161435525
81330259
655128298
356943050
761701217
561141684
692238752
415401776
109658306
341775960
995181509
567289232
103153024
358028742
60026355
737937880
877910732
852390737
248112108
669332209
873287118
321422549
603964483
46169521
908810631
649027941
157946930
240931672
646476251
556905852
267996384
917603408
766176987
78560101
181901957
318138748
455198672
256297387
389791507
905488222
509378984
180491990
224305711
308759704
591369434
801412732
409818422
328108819
27845922
438028515
222339640
79027240
496014845
372417684
865527955
797251458
854275570
176751266
458359593
134154186
923215043
298507129
798130709
487561415
695783151
113251604
822070733
997479261
925987210
278723424
630175796
941759359
713818385
745723652
431450967
140017235
285150235
757373561
301667658
135558652
587516357
686012910
799902769
457681539
567490797
477594493
655739093
846062042
72530999
839051853
595931684
35152603
22077867
330344767
599925270
437693943
952360936
269878203
409762136
970058033
919268794
828291914
673422395
958655542
449366219
848400764
821710795
624247310
301562133
32144658
927707970
452406475
120580905
831056717
704977862
933443228
739223080
219817949
929951222
912547048
634873184
797877174
798981054
685977850
610619155
188171448
127689972
230527781
599172185
711153098
133338606
469961627
511910330
981295943
934260361
95535396
624700689
171800206
180058016
584684088
896783128
316404999
141262756
670041434
106785359
114717519
211269263
643655208
869407769
698500083
643862176
144534155
163841097
913792628
176042042
825673382
446716757
284964684
566233323
976149270
649941983
508421744
848761686
653252450
573078039
420756206
449164491
191678822
322744419
785736297
183576945
856663960
973287359
955366039
163027303
763467520
776707207
290514051
539652788
264174264
559703978
483511108
996700219
971853936
351137227
152416775
767204215
9880965
611918616
958601150
370543578
324668282
992793431
135671546
885399453
861484285
160193037
342485652
795237134
339845157
402869971
958316836
393282775
723056795
283236492
558200124
523215122
174973938
712627560
560304137
602054317
420346134
677348505
799579306
86123868
603802227
905620360
37331612
671690422
629788928
391597690
676267017
968042539
755096977
495231346
305515329
995786290
312786744
792940597
17359862
893254168
478794718
323175978
927889066
114063551
508517127
866163708
130540740
356531844
389674987
22286473
176984616
418879222
699047252
19960367
521223224
19284871
128156707
748456437
569062658
201807118
635066978
852305172
631606380
696465030
765516087
325674021
181742874
387528736
350003470
832030257
435200245
383858461
472509027
533462893
118418400
27168179
952068651
533420987
494736177
102970059
443657742
189246996
476770308
261098905
611809857
601767097
918938049
390040241
645798452
541474215
458636688
327946101
183419699
437391922
782410072
921740571
358733727
111348094
907664691
516650897
911874949
627415347
818896542
721286441
474884337
82509727
767035452
831235483
503090219
69761924
308309803
347551307
887916451
444110169
509186520
351688030
635345762
721282971
413405279
929191752
162965288
188377011
360793062
850527136
220888136
362360688
66110680
276825919
973411351
435635203
695863839
416117030
857589604
236365462
989192057
667461687
32865404
353265809
157182100
802915814
637162303
375160193
446514135
17740720
551799872
9316626
370359281
754174456
399581225
910017374
422793894
186353227
501582273
139418250
927635204
807581796
330689799
263424147
847505034
894429510
253524136
830962087
436097569
774486264
204219989
350304903
611029261
901101079
896234247
823164404
805441807
263679407
363264676
634872963
159289422
885481281
397490886
638983055
26058572
510488146
191202174
228803419
209783092
483580783
870946480
22772693
990682762
406755593
408300386
643807006
647013696
844341361
359090556
85045556
290871125
198070637
5635736
375320487
60828125
325902130
987651532
771241782
481530099
797884407
353258652
480603570
8197323
974571472
464022563
75407085
227853591
842100691
383718313
563243533
904717386
644533701
573487818
375901964
725354618
685251668
327503725
788427718
712438996
665792907
108029002
364189760
768848824
694234205
373818476
432248318
411738930
959278765
686729003
148030801
180022108
204733820
298552596
317755053
97877313
313520565
635211384
768507113
171346028
166003026
28893358
14565636
34119824
697993752
22327263
205044444
291298168
197772498
47103141
956634540
45542952
714528817
487599554
810809637
883598728
229297151
43112820
832278773
340640564
583690332
384464952
201935970
344447296
417050985
302738831
211890948
195290157
56048798
239442751
895807606
494431334
260724474
384203830
80954214
594907233
584123598
990354024
244513997
345720792
467198454
683653194
771241782
874919936
378051636
930871378
550853558
130912164
734600061
115350066
1461972
155450525
149277176
283323014
145827760
225047477
742176815
690338459
93480169
441825188
36097187
124114040
671598016
683187222
909979311
670396001
362876111
118685025
670871544
672505770
923550779
7370155
827399336
131338264
788169528
373666166
174579751
59078755
947906546
881318910
201342683
761312940
427255127
122522929
924385494
751964135
757452409
871890325
798990519
633346321
313793271
383472716
903462606
392250663
357148594
531334357
441087394
788204698
961536035
401697526
504937190
352876459
371162303
11252394
652911477
578568604
699975067
987783560
636059869
92339989
821674638
203779982
380786356
770040744
723589536
567716485
518268889
440286363
31709813
247607017
378305043
790709890
33627716
120116833
759712112
728708212
319803969
929480582
594592017
465371737
881246028
461494850
544661860
514614405
254511648
222192654
218148103
992637881
820154135
66646751
305573006
698826491
603215633
741915447
894128174
78412006
133272734
675857134
938649753
962731508
465883718
913082687
424190312
862141575
718216609
14828584
51807211
683737
50405254
134428432
301947866
409477220
228326493
316136448
473567803
954925561
183472553
422604844
970889639
893701008
790247793
209184984
219525970
225440707
912294531
854465856
294226444
963213544
166461406
113945109
138391903
840392716
819364419
44980018
62170987
739889569
890973187
32656735
871908992
991077069
586949920
932382769
152754259
105439959
804628121
170483758
621045508
340007409
150662781
655017478
418689823
502183778
556189343
571003669
781325177
426620249
287255229
917810345
522858219
346525912
770463208
492172257
930673332
310869972
123943567
733942424
8983604
986109447
869523380
455658801
618220736
982477057
660939033
70492689
737395001
159026216
312964710
984863908
876888516
277693329
99258943
352774843
713319644
420208174
58779787
548589181
779140866
609438162
728128428
101654720
603215633
260789369
533864984
606323053
265514629
497445463
640619341
469824683
26888215
246122884
235056179
743420777
90442035
345679006
928998966
879911911
886336080
369242899
438255430
925137002
152921137
911576269
850425475
878114678
982118126
767763989
922292539
915474017
410277068
706273660
167378107
818002476
905068841
537734810
331717734
596600821
667024413
575624499
137619673
621766441
157334163
146353330
970343697
320413621
854243686
153300276
9633227
358735295
750448141
607744624
689326137
553824026
272281780
819935218
827712830
23398492
620445961
968515112
420826367
298263717
694235339
194720345
839763278
290815774
820361278
818246845
233600735
40289615
489237875
95712900
91240635
39245883
430642111
296362132
827661650
12886157
560299271
740114153
126354137
409870546
476701338
495049804
996396431
824922797
326365124
358695134
176250551
441295918
767743640
632748531
454414930
200190834
235857048
247346608
864294137
548089757
397725070
532443513
261392015
606248512
379809865
371567421
33359718
138165484
888558188
974731941
627057273
426265729
65685788
493906861
249427796
989298582
767092139
936664219
185486353
556745923
444273640
60803370
275008280
78065085
409818422
692364374
562026533
894441275
798200843
237036451
205980308
125309574
16801006
696458427
260235844
443900187
973163968
924964684
366618309
358115
18784353
162176178
201599328
225323486
411471335
706844878
261391440
789597970
847796561
336591870
528213622
459527985
886458650
227152636
956679425
971077360
970969094
309185252
566083811
670129312
704420105
443327041
616571203
858181576
529440565
251738734
576401989
263087552
13154687
842205830
321453377
103762154
666766196
365580253
448116322
100126823
787517049
931899842
236093284
759393718
48079992
470002815
908906553
592454443
489911079
303127174
153654915
933311197
912705417
538410155
286170217
1625540
563852063
580713153
555527306
503465584
68639064
442788059
558065495
360129497
432561769
51936035
23244983
75637253
501219610
872623112
992788541
370229308
157615320
239698419
656371291
308112767
833090610
913352257
242857775
317849365
931135388
695376063
212865220
547579474
814210958
833406216
310843331
649801135
210270231
545331654
146533133
93649694
740650294
329792715
318820073
170291004
426734757
59716297
26684785
825253329
950077941
73374793
324589324
805055565
428131666
652330382
274771635
330971319
472353224
278651171
907656518
336384664
347211411
635591657
705370109
500980659
437783450
538935742
767403161
130423078
600095115
748076267
209890176
502701379
681825746
698412089
812357278
127610663
7126627
329678995
830292768
652938894
926404671
941516634
295818959
481129768
418882292
640475965
445423359
908044219
650632131
184538611
235030592
537660027
532316835
898504898
504963762
357047964
56048341
901755547
559335732
414638750
108256919
397595462
819080732
289387313
427767231
815651243
957112123
994120210
959204537
734437417
215379867
224095583
992531315
485735159
585185610
971533722
140512832
420426572
992106806
214731008
519069844
937712008
64093775
535862637
158401890
995758124
503510318
935128147
540955097
408627305
612895757
352117020
868631591
273486169
256603505
676718847
404987222
833312301
418111531
722247760
840149822
895527843
341130734
940186479
683821819
744409069
255033989
698411374
158997306
622721688
848216926
784577663
569341052
168059266
344354429
96605445
8214617
895741822
643906897
587047855
870940985
966654014
611045982
853139677
759004839
710367896
324822787
441311
934230449
98494149
49601618
295727324
970997245
420315261
366658696
727706993
717750411
237293843
621786103
821528571
835316487
520429772
509994560
918226611
919613696
615521273
876225260
561345881
28194247
956782646
837891139
186657942
664165275
454084477
581188998
729275205
188922849
180022108
95414160
266251848
783520598
625230150
382742473
262167728
191099605
437528197
454447894
762291130
722964360
519353801
805687984
572420683
681750002
680371516
125331648
759515018
506250532
277340046
746817401
968068387
793764665
369600326
419113355
856386352
132450557
171027452
636752013
841524299
308130376
127740805
303125718
128393769
661516625
205341572
97648890
10634949
35383256
490287876
791012168
626870468
438193058
587453969
696880316
154134867
995834506
929288314
896409111
338935687
908086808
445767877
526593405
692655786
243766978
12821492
282359063
680971072
253786644
798400964
18935942
869902640
619236791
576653871
838419260
216817475
664535338
42333787
358903260
813253227
588234509
213048586
577200673
645613858
675116993
88249720
643746080
114643189
336801975
511134822
508632161
788747027
455548897
452342666
569781071
997523207
896774578
638171582
451940474
525228431
527554223
380655590
92130858
174970413
796684656
773131791
427076205
765930861
761014523
754885032
677268056
952827139
544951729
4816340
540670083
836807716
250004655
194100612
860291328
602054317
958096982
475470490
483945438
497267577
660174589
638568287
117004488
687346645
427450335
779064348
135212259
48428657
368270287
434368897
471276790
54431396
327375992
898880617
83575517
218037259
88986207
55558080
130806640
268948858
248691022
519819203
215711324
306006389
461929248
597272738
470027892
430378585
151161477
550931574
171760998
960271876
619051543
77364759
622382486
913813483
139205834
353822097
904315114
612101089
314995919
322564163
476985925
869563621
328851335
171791122
153408669
842032782
695829393
953228894
600023445
354717700
669229840
631027680
837435773
536465647
519607707
418549025
716136913
98464875
525638751
754334537
231866372
969417472
46124600
483340389
505942883
646606280
120068445
843743468
801297193
51741149
116625882
853094600
824900957
627494945
303902703
228971972
904040955
774234161
196414808
840245744
881651274
951828168
785486487
388212171
283449367
787013797
579091966
406810608
439501274
341574084
107638830
887189926
539910970
207724778
156090012
725740197
322668616
141164577
943588815
120105136
505234547
192532130
698613076
135059858
486661757
122724693
236720392
663230136
560826318
472557776
90435708
817351348
18695958
740267949
300294647
434338508
503470678
699226763
153749406
429919585
973143246
700082577
851634499
647036161
463054350
866932444
575030345
554758344
786840403
62639930
535672028
254735551
122040424
492533060
670184632
290787240
743136447
475318993
772631528
199857536
328757112
363880299
432963802
380726758
839257688
52244992
532880018
608771828
757080336
53551681
977045987
67182720
110455494
565937836
228982574
176369392
100950153
784387384
613217043
585586772
365175223
29840635
583643570
392526444
901282592
568585156
365118137
580999128
208377981
946355462
832179628
294811070
569654556
550507693
633715827
248148873
57613968
901498234
119243984
984595939
700360208
427879930
603506485
739437303
885625467
824326318
490985828
387450338
943622909
267530767
799021244
131933767
611708597
20542027
992240511
844614225
772826034
823365399
716905133
159718116
557076116
591826438
813089553
896684226
809338655
996373583
122420233
834026574
592383112
5646311
64958082
541642508
659532803
400276496
641636666
961397626
800525178
644755844
75194202
113370780
920958702
266484175
110469247
701959144
988655076
984827732
352081513
727884843
995854570
427603322
946606683
245578978
833867733
161318288
397441969
27584125
236617193
236158121
485102603
355101587
537617670
630093385
716295113
886437187
856744892
905244503
796504827
30025781
174600881
137442194
698719923
529494011
946077584
160340439
99645001
134052056
825052054
941663153
660641148
64997204
866196590
711351328
438225625
547667509
610912081
169632621
12875837
529862312
508215339
450513326
108256919
803329714
456704056
897798751
469540867
864401073
521491117
29342455
321259875
592529311
866519557
883929426
223459037
33403167
880190891
236166995
704453429
428251564
82110331
463049926
212138905
602330361
359933745
710432001
717328939
787546480
268778642
235322607
361360364
351290964
410301805
884079878
75222847
250995557
633228082
719105407
206550205
202557408
237211327
904042792
771787593
335129366
125346747
630560609
738928202
47156355
950715356
701504692
96041776
733116454
72683887
530783759
422906578
475843388
255425756
851987844
727187462
536912885
27290943
953904088
84194477
912705417
900163394
659040489
529059137
540889796
562244844
990120752
561797329
547880428
70434300
523719349
102897190
547020434
405245351
718625426
258086128
562191091
360288726
289981370
400813786
71174890
327580298
767811813
526076586
519902984
660569744
548678969
841358862
649832578
279162945
494704669
119123144
260327561
936664219
988252926
542813233
41945003
318360680
638268108
171014841
824333002
719054319
969484279
597507335
680916176
974743077
625988882
34278943
791033476
731915242
418447585
287157765
475287764
270440402
57026682
112542362
540516760
760379181
239449494
302189855
925597473
894805344
904249661
133307345
614908235
212444009
78768139
286215881
124877227
890894534
586897693
268055811
362888196
302014885
457958961
812397354
722475194
222418218
271890433
124780163
250775392
366164027
945329471
930539140
480131282
17579406
757395030
714483569
143099791
618729797
799441911
636971744
301925262
513692950
829927615
790397710
994826438
410551956
559399422
93317604
640289284
186159337
723995701
881360791
796429566
699490588
722286194
428306253
96822140
646645101
138312802
842710269
797626576
698352265
648389946
607794857
77136395
273673860
265630057
468905793
123557182
782185428
50432300
179893884
996244405
730474068
702074827
98620626
104221093
977762198
135429590
515177824
264655257
415487521
240403369
436939108
757929033
215603175
478755790
188215279
835340952
474248497
345014756
813743122
142583335
362344474
267064441
529145214
33359565
435860215
808059958
193764964
321023298
325688321
755250286
899360183
48955535
910274855
814800782
103640121
532461988
646988880
951476427
232442186
130547160
781178577
900813704
241705090
113871116
325316301
926509027
237958298
998357979
945551144
909869157
43119543
502314149
687779876
967101956
810604536
117363221
38240901
658850518
38521677
504723231
89750882
494524982
446672848
499096640
463254266
266711459
632542660
464254943
478970395
173468840
732979259
698775435
645800310
209628792
531906036
18139492
517686515
627545941
496906988
50690692
121682039
346654252
598616316
671324902
419262504
141427562
434193464
775351855
305664693
224512579
152662063
990938893
945315645
240539714
980367134
976129880
632182673
797744924
242149329
806365290
47815455
170439972
505949890
356757665
446052858
609686707
390327334
803546537
142967185
730186982
684546413
950979431
394986017
379538321
650079176
378798600
231205761
904796425
353993272
374984840
134725395
181152974
849239848
536319090
216566918
722768054
964817892
915508389
717974406
106304772
339758088
168756427
636761056
243045635
858226695
844438332
685836612
799650717
481884389
333793694
882359720
408775299
593958354
721649277
52422921
888303998
786548541
449513047
112874796
884393588
43389953
891381821
302853910
156556199
16234640
556097318
953105719
312788056
943914893
908765594
816991185
593658850
764577750
671515956
906223352
258943501
19420945
393758074
409417979
124836076
535767849
219110518
42993824
758593674
764271873
83443952
350750788
866461278
748077068
301988359
340944074
554179635
619701153
129046025
354924870
656506573
774580049
184334390
354528652
291703274
641513818
396227358
930891481
851451961
227584090
315518700
117043621
864253211
415177408
750359568
951790912
282164978
398043556
552600249
647652509
392955451
274206121
563028299
364190512
671065537
149523276
431580206
375355674
810315792
248692518
362145782
669584932
184464984
904836674
545969074
813945803
89939797
620633351
702396678
696654681
48829068
111430258
730482329
356593469
315929081
331129570
349869007
882322851
864480656
643812549
353511034
935601419
588812207
801858357
183242733
248161338
915447195
119680636
343547903
335737015
689735560
575119939
739663922
186803527
962989968
1256872
147383595
81570943
57610091
65089558
72634673
527221103
584483023
779428404
567995438
811273684
883261230
245592386
904665500
372580644
184538744
320645499
631853617
306666219
11132819
651568919
172930041
462632387
949390033
169041331
335745960
631782622
501246667
28262515
474259148
911608788
740514903
938663668
393976803
796268425
95951826
392628974
70998601
450101107
462320088
858517035
171525927
822313573
542256712
558713480
696305925
90472136
238056734
60879687
316929484
365676577
600510942
515577063
598520175
560439109
52739886
959833110
619649934
690310715
58229214
726089539
694070874
240201799
959252291
758783237
93870623
618805913
107867729
172555303
591749142
186901634
513798330
486672405
583594151
195482208
459605064
888065934
965361535
11531216
979465579
649510688
35855609
898922270
455455003
409173938
716444195
188968505
957589144
240295742
538416338
212674584
969551595
638861678
214034583
115836886
151035325
226491576
901318285
6406344
684943473
764979210
527630602
780335565
78303395
200773614
828932874
292938506
638274352
918284612
49831689
629865313
72858793
941858935
542524406
534116205
776202655
167985808
284268951
381766740
799964959
818265207
24204499
359994420
125258793
322527766
120541900
159169346
190669625
873116246
977029220
207000897
501540803
91413431
432483104
305988265
934828856
216452582
545826938
962495093
139233967
406431706
641541894
659515799
353151617
895780868
252255068
979300896
867587798
174995894
50290018
341145379
194784196
667898477
201242780
132617313
807500196
609771117
866799033
116359689
801180649
308150013
958761458
442265833
536232001
763735072
832909626
657423162
218751437
660549940
834203794
709375952
486128138
860033749
373829268
308337315
282710525
620558671
901202466
689608814
613417159
728012594
410888995
672175330
517546569
615414864
397399064
927971413
340018913
220496961
460329076
699007293
351689274
90602369
970038547
704546817
605406039
394985646
349942019
801407521
598219701
208248475
619964042
342819078
809263779
663153217
151262618
820909352
263243644
336239617
377343229
99062605
807604319
439451176
856785088
349369726
22858748
837389214
376516215
581026322
205709571
902175021
369859787
326836385
207008441
373273783
393015737
109921846
548848905
981375982
774325020
784677878
456809440
420379603
894620013
587739602
303108478
736794965
255851324
814761810
962753148
432580025
696118752
381610852
434827909
131640851
40975798
19790878
495166175
222429424
595955178
825865392
177956589
132825071
807231031
440456075
295252362
291994126
864172874
814434924
25207510
847063524
113060944
349571675
729126693
93846755
809471955
106178812
189118276
847644045
871589627
337419811
621022318
638366479
825655822
163492137
643485036
335191767
856386144
906146105
176459271
796754539
445638629
754864723
3465174
156849
652460183
94957568
720938287
732576485
385073104
437094353
628976118
395802575
616021150
582935095
196740938
668273179
708961700
517258272
905153090
239128607
730611582
315011264
343611774
879619071
571362953
298948582
890280245
387638028
872119442
708115437
751307294
468375537
429399384
227119275
945613968
512764148
423833111
52254722
861917500
412672269
822202843
364025125
95346994
193033823
502141587
584084089
288241863
31732555
862230907
971866426
366214201
635685356
414182464
764486155
307523076
11933242
599431922
889253640
681257600
363745605
246982056
208204293
650535288
556799787
216392010
428060638
293086433
380108856
461629873
606879046
516771004
511819748
180721756
959994755
445177923
117727196
790943167
215505711
669351853
638376017
963479128
166759393
858298282
100469787
567023384
556745729
196899153
921892563
252823628
460899141
566355865
678208129
355878561
912882301
544315637
979001364
233948894
596651816
23256650
545105001
867500322
745367000
405710842
842274577
964817892
168623499
87551511
576823977
409726515
880647656
645912054
143250453
483039360
505551447
874960459
469659009
472859553
417812816
772977366
405987649
774783635
238904315
76743596
370285859
1879859
322765303
861782952
819855196
301375285
318684719
256436788
930053309
334042815
797703510
631480336
502458574
257990378
234998197
761882313
519174217
120591310
15456335
58501127
230410196
224061442
989150673
553589205
522808436
702391575
871749363
788482150
322631181
884935232
26341507
213886273
263040499
110518919
643241900
520686001
810294901
651228118
893172866
824246414
757765579
448146785
540279286
372115593
419262504
807019734
351505863
596223613
93605541
818175004
944385800
498740179
230228316
789274688
434845213
248297775
59384206
835789445
598310967
48988525
540865619
21920752
425865150
288036062
444744932
510121455
992160315
303096421
663090859
11476266
212844465
856855913
863929773
823111925
635435085
504833504
29288068
14890875
984104064
547015048
393498028
986201110
410238131
620246181
869016260
669054606
281101210
752216054
883260876
477127878
627188551
606956847
139103273
820464836
454965268
894452655
602351666
559480875
486876720
356578206
262886027
52058597
246346473
27162576
559765521
196103444
738828969
103009509
494566733
957961452
133756979
272923287
447620910
575850462
341994443
696567041
454101015
189385076
61463346
336982633
102528029
89376708
863335389
303307414
276865905
155579019
145753155
801159604
296824503
981193463
152705372
153715347
657161935
999765541
340529536
787194548
352540791
684173183
135589210
960329466
964083004
874899452
325984827
391274324
109681425
666642833
99443544
699700032
552116094
303126714
779736362
404765847
302343470
299900791
820744546
348925184
49729063
610973217
936754756
563971768
881853287
253300723
187695422
508399093
790999938
231575344
800683843
582539730
870907990
127695257
98891009
268701223
484026375
245057240
657271575
658082734
240254234
661743708
691956458
194779339
728963419
444632807
814925900
763066603
529652512
64546460
112027953
194356668
504775222
699096523
560742982
558427806
997189535
948709278
740232888
620845678
841175668
935640011
962801756
101626247
886328232
782348767
304660340
229784179
408976801
392473062
518823202
845272349
152622807
718467682
884543060
107707435
523641850
872467024
810202190
672101831
297842306
14807771
46796672
298689844
509539026
264060924
287870396
453114166
725771719
744890503
282635071
366756832
482599775
8019733
112935404
254394614
494543963
38081774
177148626
948895935
581949653
433578345
676288443
709212415
437176734
365463660
597157304
56350222
128039049
246187048
341257247
722614012
126626943
29720626
453734823
889046334
825612477
147078171
498321658
326790478
728708212
415721514
304142352
787163590
148215621
494440077
359758589
512652953
415708629
853338807
264481
323515471
162426241
807725035
489346399
109477516
901572259
995416151
400176260
679004276
751536330
507335867
540176645
641939164
978582103
871697288
481095867
710401026
845477028
930777345
18535081
117297833
619613634
715585213
988655076
828816428
201963993
949563459
540123011
163643117
888383615
915956093
949382566
8103294
829275410
14395934
970906660
514825082
793482289
995266381
542826353
360182132
364541353
794749110
638142667
520266302
969509304
724479528
16925863
28812828
469422414
747390077
860163906
489297006
253873587
743893154
869203019
607830762
826462945
995507038
677886400
521591183
777118874
636876637
542075425
657793876
124782852
364880789
999565602
671089846
372660754
646183471
499943968
265429032
749488575
269780174
500868079
26341507
60207235
266701534
987358378
838134628
606777272
35265072
986453609
841908106
697994890
651817816
607254925
573743853
485193221
426837573
413532770
279109593
691869074
685687187
246620366
669535143
180099908
520397880
736195690
52695376
254267926
891460030
844538441
553431929
439840055
73241218
548712343
58743027
571771191
294393409
653611906
404127252
812977293
756215775
310698829
428583047
486949224
220567403
697664735
172417438
345168542
458200864
358688981
433272632
66955249
84868984
802595933
514165676
999072016
594028274
650097508
786335712
358294075
247346608
727214408
294410269
173844741
896211656
535910247
645800789
117189675
249543944
241201948
840028077
965353608
503496440
772158688
616338266
475343519
209015004
692101975
377932972
328658733
861238794
99117479
674056298
995786290
889430821
300406641
368308145
646856511
813324311
391715301
22263906
691331750
743324531
837839949
150460865
475526772
96812678
246565118
329405659
139300065
328083917
222055051
931959456
191242683
214846288
555749305
583924470
474975881
796981223
326373590
702593136
785527633
946042387
969462180
258471460
947789191
283872513
401317670
523894366
552222021
31214823
325099533
956942034
232636597
999583044
573430066
344544443
914668493
512533725
759004839
299774192
372717557
109907498
948114272
812904818
453208027
141462122
205667003
960917785
786827294
247255702
43109239
530630561
44984973
617908088
772332675
140148061
792251323
394657809
47130105
659597826
551422926
844152994
274958329
727234561
296398968
445607761
500834785
775422385
452232990
158046467
251547651
885801634
346926686
968046257
131663051
709960128
787151362
290514051
469536155
768784647
894086220
917389090
813931430
116438874
455147363
364643928
815033186
887250417
156940214
166144107
665976663
145477682
746854094
715988112
354946324
632225012
588795890
567406129
272203422
222101507
977357546
915216977
295398040
943151107
421013154
528856196
188827414
908456493
903001777
302078822
219987394
317113058
377950585
503516236
315618626
44729948
431462387
575030345
601422761
454196928
100316184
835309237
711857757
212038193
3220755
144284793
363039637
623233425
413339289
610982969
688871785
860017535
662767564
983288863
569376464
856933988
555829507
816325654
51807561
425896701
38624279
940409381
217894245
631520428
164473363
221976459
841154858
333314012
652821036
702527115
360690872
169723608
908230735
371556957
8737421
636964603
158268014
9784964
534607310
856461743
386166063
147164347
514259936
602836193
848996308
992827358
290332740
521965832
14257451
895553054
537471382
164579824
825199189
974707982
602004469
890240735
342136867
589391656
881380834
810310545
410142550
621940185
388633437
883059905
603162364
792482470
88648097
936956828
862919502
585295636
208661965
759720524
701428863
918165240
913077726
651828045
312447838
176094990
454584787
173373402
79376696
414488773
586633584
906436915
7817639
679841365
563598761
574958774
139670230
437559349
853219310
461415953
297163019
132123196
175316219
733221336
743771037
971058317
177424012
176377894
871937281
774464723
87903915
648686525
34689135
784718756
183774984
633217434
317637390
267149671
2824992
631648253
713486861
774752277
390462026
193836788
91683922
269171536
915173266
277344892
353342219
927167981
676384572
423997462
620170563
115817639
9503695
329276830
226109108
231836135
808158900
673274122
315230060
73033731
354141080
673528710
899318937
350324071
207388732
17676140
274214709
113275097
115520584
96018116
89717040
790633519
604459589
418733423
321583561
15780214
741924010
138212452
554838466
644819888
745913632
324779602
850930137
489259082
323851783
751596046
704236854
367340593
955649775
328452645
623317761
797421144
230188022
571101518
790342951
321436163
949295756
344585353
636200944
761215664
663648161
896778520
517111522
28817781
272297723
272209515
821731581
540170938
276337214
226207426
435132173
460981422
61739850
124466930
869080332
189282377
584541279
668946081
777985240
338349545
672308213
513766828
451417239
530870118
15893660
640110326
728514959
374055502
443749221
543751267
985712024
596632639
61361386
758088745
716560153
575744866
141097020
204331199
569676424
822001403
653773520
949210649
119923691
444741529
23658710
683176064
69444485
370025646
858988264
677168355
576700926
561982020
587248900
930492386
812362384
598384931
171260492
388920869
935494535
370265105
318480124
277937062
269922220
103679309
100405438
982656973
878630953
227527226
361042832
377060820
340107719
144351321
453251199
973399967
488363106
597582440
101222848
948903290
107549354
424091414
887560744
700868575
548130043
187723796
931503983
881364401
722245307
925865242
26377314
549163812
101428875
895839146
745775968
23766346
950238531
8499389
886673325
604293110
723150814
1378903
994000096
14859691
604904923
575214144
303481376
77480215
241450779
907993673
503458296
872989345
599291789
131359436
579495704
154497614
205292070
48839630
901694746
153207173
747529206
27384459
28315209
524882201
871262338
792940597
280096446
803329714
72669265
473908671
990112392
665685338
477457984
124699798
316072780
242062160
864342422
270923740
825760461
638376017
730535755
284642333
502465102
481418143
609281862
727324161
155980333
966601402
18890807
459692323
266909400
842216193
531796048
364590896
345526441
827325293
211668711
174545481
321181473
854196591
256148497
783540242
996869605
149064403
577346844
328370089
658354785
880744541
233756615
708001908
207407753
806237101
811213593
568960769
630700948
68127916
798755151
739838025
211067506
646645101
631946138
230122284
645964181
159015750
486824111
863663189
633542777
671159529
321334418
316614982
382969851
73238310
124664190
307092298
716103603
132530122
36920737
732855761
512173905
335867356
824253932
67766533
278651171
196810160
17182909
990093736
185682894
972470696
544200746
650248490
707767190
9343612
265795937
293540086
513405131
948598750
904003235
740308185
459621332
631083224
264913570
674170573
342434030
109881056
400394722
446945983
470595169
946251928
497994816
890523303
877751449
779112049
2161213
37963420
868543716
507335867
237764838
230752093
992350210
677829001
673128195
443964305
615149843
550524114
881227773
273558695
716289262
54365580
984944552
810464585
775826234
448225343
603605265
732298552
759993399
925982118
717014118
587148543
885637844
903465239
921996110
232608322
38731182
851543983
215606379
543523133
887982983
204166217
328058750
478987858
259256170
690282230
911072602
592953620
542578772
425789924
575994586
654305118
24285963
796822110
26022752
571921812
875294277
546656935
521961725
850113371
123755631
58735395
851255974
250436716
772210514
281562474
959008171
144055912
92620328
731825532
82415714
466676258
879807684
387119765
391027861
917227773
228672941
116827355
553281171
734830436
855014734
584232446
503823234
809956901
957057638
637293902
274745796
206514681
798747356
723200840
580774347
799267504
549617711
763897697
242834728
95209081
831592713
308090286
157178803
58838529
237813170
314393649
182182833
980068179
58023009
14757423
73770899
801449677
858648365
512292580
630122788
88075996
597703164
397571890
448630040
248158295
144852279
567220752
208792573
773800974
455493148
103545545
182712467
618065788
137139304
272256134
196176529
667303910
874238738
287720153
792651396
606766829
38413493
229416710
984072303
360556297
652791782
168056575
55784867
44134463
618655375
119235275
890055832
110469247
158503151
385738828
451356945
627883428
142424742
226661203
362765943
83528742
196470350
767036042
503931025
15224799
13944011
15832432
432354899
818002565
47498460
651780690
729444236
609295075
66473586
232675239
768507113
980047798
714624104
134521124
410119801
880519631
271756960
110752556
943681692
334625773
398669134
8592207
283402180
212696128
793778085
205918251
383671002
248063549
382067106
522845654
915393035
872176908
778573205
493138148
653418482
63862671
445295507
740696757
539629804
812993321
189757941
943588815
858921452
52239250
955227285
943394058
535070228
33901923
318179798
885685219
868114438
466108279
322224982
213429803
865125168
751078001
267153122
778626545
457772348
360088166
501476455
244074542
284881277
189463151
997293694
223470473
406909617
4627710
389938027
54209588
265493620
381287724
170619319
308316407
779041107
333337761
775798837
651300778
874357679
341334467
938850868
492691746
466153141
799458937
292907062
522026817
798747356
444533706
991680279
626952189
641289734
297726056
243379522
210728359
980178699
365260943
662597431
15923506
501398721
672988422
115629357
579884659
493338198
306496066
98023283
325356295
452582830
360183390
582562841
920761116
644416471
381596450
334896329
317779864
957022990
527779182
711548687
767787188
950070335
163393104
922614376
12878048
192278213
236506427
628563694
487043572
725299324
724597790
308309803
952718268
757254930
501818967
10674641
218831869
552780228
539497050
639730211
829060006
443096952
726500138
8670900
631384995
91403552
460900504
136067259
330611086
776028154
950090463
277068746
842367257
194519503
368282506
339331241
946463064
503589793
9318826
369273934
498672253
671475285
591356627
816489805
854390473
278270796
85306014
11074077
25065799
267230891
137262193
917662589
249777674
825158892
596157841
449539142
566879753
183992024
573111056
719275224
684384138
207970889
810130695
204517878
440346044
92120674
130243510
433048390
329144177
405780485
8783589
661829505
165525086
92843033
895931530
295543715
932044554
403608081
433342788
454767806
713191327
409756537
242091490
594461218
890952039
500915180
197570574
535742628
462743537
940861760
868264128
734138642
482612035
459492925
694175258
21502832
961251614
843881978
364593913
800817604
206290635
442730458
871428526
781784272
727178872
111547993
353404620
100160
147344967
653458968
162469468
818288336
550104090
46595098
78065085
794716135
559677472
176112539
170500796
15538800
971643708
984329146
666412792
113236130
107666808
967233377
625948915
215861076
987167674
706221064
135911275
554835118
303145546
146006102
193719963
626604587
411858820
625948915
643089019
631572973
589080071
658276804
484877668
51358484
804427795
819828718
861541001
863664757
847173566
841547413
312997675
954483950
102708990
161572582
187937722
338322910
140531875
756778920
936691785
287125013
263726974
619633527
435121552
401545628
48207260
270896412
194340944
105577504
986392476
480134307
88693320
66197127
529010215
46895817
253940830
533934534
391611905
958608962
308840724
568231892
450109341
232637265
43367441
994438249
214828652
627642284
873381356
607198085
739838025
208421028
916449795
172570934
971077360
45179217
633981810
355510054
213433905
770641691
764572159
758664203
621788298
16078082
648564702
49320367
138104173
335731452
680965624
3889445
153240864
46942599
433635
816100722
432615815
187043047
833692911
950673719
687516624
656774752
181440849
850704955
618036178
684174404
603255517
126196384
211592011
451666097
50108021
169128848
79613939
525551909
143319158
810492877
529980238
770057561
222227031
57307893
219997091
378309448
996782223
710458047
200280094
389128755
166107066
73882676
344068855
901231105
979155986
494822734
406677455
134515868
325122891
121021661
799982747
544247077
867754797
900095800
398460656
824977505
725354618
904996133
622245141
277178317
546402764
41604648
509743374
408901432
520496853
468627615
560247080
933529623
126030519
383642314
28985711
465434344
487237818
819698633
236929279
477279337
644646580
562475700
556745923
752962862
98180764
157442208
164325817
933338071
514801217
789250084
390049547
452319138
963006522
198452284
579648026
159163449
754077694
761201753
814742599
142330945
486280998
112807898
280705324
318523084
188460346
81063517
511166673
827021745
920530320
31111553
511539128
429622272
240382610
783364612
176488387
825864071
140560004
697252791
943205888
999973001
773658553
198555926
992084506
759527674
688167286
819684611
396786390
295376080
280886309
360569298
323580024
855362837
654149101
980484951
980399921
707423604
878813614
498024437
534813942
141977304
640292454
989745112
83001548
562962664
907699288
66405735
637051315
957092605
775703209
932434196
653244965
959727230
652092026
874957687
843106511
211942490
735066722
810649593
300244770
854151185
262567591
929334566
406909617
749170070
425973233
168661150
231718983
4235781
719528088
122132724
270984344
900472494
532984416
341959562
795496613
295122832
936588556
682145708
545553092
388772305
337342817
795511020
974053056
692423427
514393772
100456009
294263817
996892550
516796067
618150582
362628182
192689602
60050533
655133017
579747646
563696211
158903214
917805936
647475979
83975432
243565560
866959782
74632788
107549354
399632729
144321387
691123281
559018528
597139469
453239235
585405625
335197894
166436227
946435580
362148770
585539612
236720392
144645988
855255304
287118788
566191568
204148944
986243056
653933678
750667087
231471325
92504014
426917543
256029253
537898735
565011561
25830161
274734909
943634638
431443402
985154822
781972021
257983052
984014785
485641163
84246004
416496599
593696358
570263379
988886237
358059237
835865932
652021660
278720448
487457168
74116226
790463707
11579743
235136268
172351598
697989775
58102597
442671026
762697296
286201780
316262197
241228446
900317901
86514333
995474437
364028609
851221006
836517599
274210672
277639895
645381843
651408445
393525328
467757443
927701639
191398741
13791127
864069465
245247320
603259546
17736333
617823029
278559108
91830303
335793310
587264517
81297458
818238124
472258698
540559635
621959961
165182059
743229381
522668123
253310772
73412482
916754343
143426849
395432428
124107014
836171994
289523002
304322323
499934006
972076974
7341151
557574222
416077412
619250184
772949714
351781635
84287616
437778872
188831486
577015523
501423145
533920306
480477704
507941745
668191487
402328265
485427161
104404881
63335535
993881466
330645358
136697159
335176542
479357132
323787998
212666616
715540095
581125190
971225919
584010478
473713117
394295448
501120246
611779568
751554255
857535954
250205369
941858935
346494151
512356780
494739534
604378
687068666
400118729
718467682
361389603
559284432
260032646
341092312
58045810
450630407
107744640
481255911
451665339
137493193
165267086
121635201
426833790
226457571
749027708
369316353
920745004
587552330
828481862
302403709
962600370
739262491
730290027
881032839
819102834
611295952
114425655
726090253
884836667
443085423
672706608
658956773
295384985
255940912
46818803
897396538
186212008
948485371
5635736
255651141
534487061
626800133
633739935
9058729
142187814
606423380
51556831
684494782
399724909
668356779
393688820
512495034
881577003
280833954
667857404
494636994
443369001
529990921
955215717
246095518
138151641
582342054
885766352
593840389
959422774
352135699
906446319
567712448
231579011
300186506
850622767
385372543
164305382
134066858
925499627
277866767
430992443
686409362
673975649
531460627
167727730
121319800
288766464
620881912
629699846
597223576
938683867
336133666
281793105
403926634
51018532
350762446
525232723
17521162
590939536
873950375
553892085
141426083
805801162
217061139
489014956
606212273
947486019
49162104
444618414
154967672
331945722
575889862
372607096
770800502
329934539
243613465
160116031
445723788
497234442
898020842
764524558
668093640
449019836
893701008
411659348
368992208
523143163
497441904
809100058
508258013
865813108
89844404
754450150
146478654
232050320
532934592
468469639
261392004
583008185
174730782
259676649
478384177
739230830
721567097
948151179
185579000
211418044
909033726
392138846
112947953
272623212
934416933
727960761
938130823
343833909
436002447
717273338
211818822
383475468
478377354
596277247
929187783
221210522
147668803
272281780
653482427
833945980
763066000
25970305
144575848
643570826
395459044
967379117
758343826
968056632
585342858
441358251
713645088
212155257
928339607
839681621
764533028
574453381
273130783
375331699
845138417
877469380
323090446
775287397
889570136
469178143
122481761
135412898
849379649
417542848
371276312
629831983
230544495
643791662
893339280
443441337
459981195
606711055
9501583
515307140
412787689
623668293
91854518
499647264
394140926
507624579
383901577
410650218
621865261
44949950
510549000
541549184
914989324
253013631
891348112
338460355
220793876
315253875
437805978
33221578
612584556
64424377
230083621
922829092
451928798
950138136
9381634
102288641
574818657
872967030
558365466
484757942
383474223
834260413
452908108
692959184
984630437
893924132
908094780
123521970
591719010
740792036
924787585
465726821
160500308
574447900
274513349
716902918
212633473
501423145
583334466
768751723
278098835
473169585
559429773
365036522
816269324
559462112
650215892
244056763
924282907
793666456
900329869
377194324
86148841
570901028
448295195
970837466
651028789
517511597
962867072
897874645
309174395
669806999
246208299
525432916
989398047
778055195
460683108
974424648
345242432
244835755
577572404
15918738
329217611
775676190
118912936
253429891
961675937
480985163
651017887
422996640
464932603
486594964
765466933
391196772
42191002
648576287
679959514
46286675
109165416
23226518
957218402
223524814
972279454
861296224
810468522
582720154
326209921
894758185
585122379
491944117
193042816
104468113
609281909
32024876
933092091
196744143
723038749
635709496
361862325
651584192
991085054
35609443
744031488
138904525
334397033
367105326
625138197
137881419
577434834
156406287
577741231
11398065
895801931
98725343
556090768
915064193
752544765
323745900
932524209
310916168
232896839
3947627
978093075
114581466
314652399
357639888
41661972
659353066
94943356
485143574
519928981
19825494
353019295
141933437
816769028
431574892
244970577
343989604
391657381
190499407
193442273
917218909
483799028
929105097
800416436
450245073
974687605
185569382
198437760
679949748
104260639
795990335
400453759
558449068
968484489
749492992
640216015
453675579
902044544
644664604
731885947
782780888
317999794
655321890
984348346
775158768
31281520
385607554
707678027
947218418
210615491
353011687
18365840
241213041
949675814
933752541
677357606
883539217
318605743
134371154
955911455
611694739
26888215
63278481
199583463
708001908
135604518
43571842
755110482
333961958
660272385
464795587
140172353
148569412
934768007
151056390
292308039
823070598
571278762
890207099
856945198
731825532
776759069
185866074
477273772
967120788
237084871
774880439
620461895
73340163
329099560
335346645
654747003
830638372
526218226
12565393
619697292
669131290
426837033
233253431
482306380
239833965
731052246
276997978
761298476
53262510
88932927
356195989
671162546
448722788
639984070
954058012
445878327
74812320
533799656
314554551
414878784
352268573
821207228
169521776
709209253
615766807
188334528
213296630
378717311
954969486
585145032
699217930
914678737
804618167
878847363
389543185
933432921
395951085
928823660
378154513
765713716
191113411
573115067
88651850
714330648
268710363
259140083
309364342
433639473
79025327
755641867
96270168
596910363
283948968
817944769
359442568
922654295
138414541
988044433
876289669
773083296
501722899
348327472
654398044
215528350
541464954
520779822
383914854
188500764
992294239
432520335
267017623
355126978
194012122
946063809
872674253
528264683
61894513
746334525
468978984
600384510
585645276
905521830
726598981
953809721
388802527
806363929
15042941
252190175
65757892
220374016
380161537
906251352
236929279
447128959
4429129
256837102
161746815
978146861
253090065
388522358
281241499
793551077
91515760
321901074
864989291
776076808
732954292
371311953
644620749
692262603
732865309
304613318
910213493
822323676
289963637
956818314
597473715
691224101
62933159
571607361
849349243
62635071
109384599
375707851
18628144
927492165
726090121
822687012
385179395
925951983
916061537
599386684
927988378
789071674
305595834
316099405
24036055
514191522
638938185
761846810
442730261
706283070
204670567
206117439
265250540
694282961
142037718
644646580
185527823
653253246
179925304
181721344
35005553
817467564
711873502
823568342
592780777
192025964
850679584
185037472
624491153
315256397
562765344
825315365
172561574
787083726
793424089
702513925
997769454
487814473
643536403
462732840
550676079
231361611
361154207
452304543
51653123
517861366
989974259
668704389
436769726
953756840
289620318
484877549
41728037
116420701
837902163
110454381
655206625
492330101
717588463
845994731
343661117
779278647
410121092
256386980
301164399
751550765
34002448
254549311
280147351
303759319
621483360
14766615
319277231
149473430
767971759
98747345
34664709
241527845
514790269
320002306
590843799
98379801
863121030
713627577
616357228
7295052
199535126
570335284
218789179
101779584
971677162
313473271
367831587
251381809
768735898
441940687
25117483
335169543
4429129
835632161
514496625
955575575
254930308
777982094
34822628
116864020
226096502
504380462
58971905
480913883
78664939
787435709
390501128
533587522
212078610
231500106
169649364
97559946
311763758
261716129
317085866
325186661
638908107
189796497
429572838
153967346
199350816
604127609
110347558
333155789
187833290
302078822
987177620
571378412
834354426
802679932
585179611
899167252
980484951
839328405
663389151
598726330
905576938
888642894
506891161
292414686
279041348
428136047
156164564
898361573
146117286
33848210
34971221
519130173
940234060
740232888
30508590
382911783
94351980
651446359
509525632
415176256
819243743
116432874
393272042
828789273
513258451
81347737
972203028
408090904
575994586
284981447
426542255
652678432
840476154
745365205
19150220
173548786
54361341
206763673
526731621
79841673
410102535
870604614
488349831
393217841
566899461
872976335
404015318
858837246
513574178
125804140
808048411
570305453
259486870
847555923
607434321
744574850
207410124
731714946
249289660
231098958
429152883
683841190
658272596
659828131
854929257
962668327
160360022
245538555
642987150
278607607
760379181
505076790
639388797
397335991
734436255
225939774
997785578
319282239
559391640
458249984
78854221
513946133
650235728
301077011
574490990
302055552
11015835
947930789
774907485
527186458
718824587
298281257
242440341
290820276
826847407
180018904
258793583
680005312
14816731
783778973
279318435
636573728
552621810
970141509
489541948
928683899
303899841
217142309
748657126
476799873
351836442
380177647
212333729
174742272
506386558
672620179
38422769
767970352
165914484
675155180
336920705
466632714
761267046
617469841
924988790
234051347
218240883
166253493
130629442
932855135
404888460
424132042
691331750
55471077
602317894
655672126
495296125
947868180
413828321
800102110
937556529
803095253
501459401
384301246
138678753
457674294
105760111
261392015
115629284
438274756
238881836
917168671
1206975
2106081
402007259
951913009
263712115
74281891
270158072
650047437
791412970
898775846
119478665
716977980
702729600
991461661
817550271
803971541
844512517
242769411
902937546
405538741
261996006
59422118
866685755
506416118
375093194
582740434
973182521
807893917
291917297
319775228
860376969
197665680
457346143
997224791
185486353
20946077
804690328
561656518
541412818
381233702
411581133
235241600
608644599
57190332
826790814
730050142
228920752
11403472
45965171
410108767
495129826
203338259
921318186
340107719
233388388
479424485
672523365
144450333
58105698
598430404
162969815
928402880
976249636
259123097
569999402
194528911
12585934
143382962
528740496
762939784
722679503
736874750
81453459
60216382
200063298
104778342
612864677
450681633
750979716
201621442
745780467
444329469
20641096
908768292
628862983
571719768
348684089
128107600
446047643
244517167
217489815
417944741
106800371
847689534
890170004
440185148
903949001
880202152
844721069
109494972
983414713
242183386
3451293
640032656
339368003
353195599
589495278
615689143
202108850
980832189
702951391
290858627
587415684
412461868
87074976
613827913
379830610
803078815
930948732
545612665
707482761
781243173
787209992
896507897
429012892
344240311
382593352
221798549
691660928
180763812
723258011
970906660
294325442
962459752
175045739
598607135
482767691
323787998
546616694
79439973
980353485
189427097
683008915
813404439
628036498
895483096
830887630
248637664
165438831
729716552
614210682
340756009
306043558
412039653
896513920
620642716
941457904
786701420
780744479
284921748
916092584
268831315
224976806
325404237
670435465
615985210
76989429
673832282
829106844
342862868
304020781
401072458
686161828
646630855
44729948
969995192
356799468
243208004
898038805
525333215
451507440
704697669
498090725
840272177
392837581
591260737
891036559
62944424
568648207
542047288
776802179
203846879
56693770
347288602
714551225
260197287
871308670
226472507
42300199
536436351
21756639
216015783
138019558
229687344
549160750
513910303
291710975
942908027
279518626
618104889
997169312
721718223
953935843
327809518
257348310
746585135
251136191
521567835
482256799
472435049
71246253
975185596
779067806
666432945
853606952
240919219
508664361
642545710
573139987
837240734
90227925
180208997
71348155
165664327
417974759
40972943
162487038
42265740
444300303
364554544
403680829
890280245
947330745
570155270
506340845
535128999
487145192
836340074
597149700
933183814
759972483
488945515
344694749
134090331
409276920
132429187
712598534
583040099
680520901
483795955
141177046
809395417
408279176
155992501
510297034
753566023
87455296
283437400
306554639
997350659
848010932
785670459
987819484
328798257
376725588
568654580
407876684
510145131
107284026
857012546
21553062
696959134
207059830
32337789
399836747
134598910
607261442
891331372
901431816
818391490
388185176
104778342
695428450
39326314
916512816
635098441
690644666
199101287
527695034
463512968
539485946
94846504
217888863
313397030
17833359
690310606
680337207
964914590
492798070
39677936
89118002
399468037
133733467
828230758
231292078
30433944
568525607
193659367
829127203
67744580
506451873
313447343
110279779
783174584
114095804
842855606
424819045
406164630
502869282
472268297
917251231
280569579
302047310
142082070
343646011
573711864
512025438
145286864
67605988
1893512
888255658
382503167
600155596
429366698
171231467
90348964
268307025
287063198
896676911
977782503
4005674
546062140
920178689
990707420
431336203
338197591
789370360
943659588
507266647
879801209
819576610
833670052
127740805
103164822
736521787
531914779
287206649
188509990
868083398
466695162
155307445
969186947
847801310
750049430
59643826
432230164
960475219
192889781
851427865
833744625
136276494
866032771
864856032
105005902
692101863
889692904
134633652
554575121
103639564
602113232
671003767
634000647
33622731
708909699
610678294
647481007
825628484
609898534
787100286
149750520
575756616
139780949
78248158
979470050
348950214
221112706
58067768
793216324
239008082
820336690
935641230
83551366
217478051
951266782
8196655
243163790
5070059
39223421
171106315
382677103
512206514
215924768
673367713
749354622
519493249
193996829
658276804
989312751
355074895
527505337
852794541
398635386
962828506
421569913
515341520
88407206
932972366
274105320
150006978
336125893
578127406
340866956
660179296
829773039
258845522
619116008
577181719
287317290
667575919
858036370
575062040
383477990
692941912
878231328
177370586
236778720
895163376
336108501
215404807
408460883
371987483
77348768
918545101
686387451
682450727
5899939
732927960
328495601
344663665
104768040
683715874
45597922
115615090
573130627
621880190
795714924
913214184
3947627
242053907
188677245
176797507
570557590
828732511
10845263
590987271
758895499
96020320
746723632
215748838
283826256
905520829
506532582
513941402
895095419
763262151
334412109
916345541
184538744
304202481
409167813
875392320
331231996
419128898
471757055
569574166
102143842
50679287
519069844
686916409
2163830
959063483
251274686
190657043
600599393
56564676
715664453
70210249
485291826
442959700
437273072
601169939
795487476
258234367
209467034
616270529
517666836
23631519
975721700
894941975
8436018
493729245
736862457
742649853
23189602
244130288
369161988
286469478
205670380
936588556
404272255
364350211
96820964
924054780
655694289
51945676
203170525
145790234
588162430
212203256
813453703
921674401
557114188
196922559
730450072
688997280
556334659
593050194
819176298
861520523
73562840
164812308
485671136
137693727
212160031
317663269
886319439
597610107
845062845
883497596
273532211
237743604
83078951
485331873
32945649
321449673
576653871
481081428
905826514
109523891
739050001
635822451
504723231
445831069
450899553
276153214
202193906
709800459
846774750
777410120
517774751
729730788
568198258
346625602
102224209
190199858
466553883
368046939
330635108
731682938
261937906
790587060
856693245
163189990
961891700
964381325
611824887
594632223
541960700
561480170
689896674
416412039
242416654
301921229
135034234
749522886
649743533
323709039
754970251
522822540
994154749
64337675
835709183
476628250
181575730
419771367
664179025
492958175
706717781
155451912
560122762
632578237
60923433
968942459
184039979
654441269
881201030
427914831
177615750
80603584
980584524
749838856
775906198
628123901
705311770
815583913
378724937
180090211
826428841
306708097
240497817
48377911
741039879
777972560
570726702
141889403
358434563
376779551
366702615
32064979
231235522
787913200
657604186
649996039
36601573
957155985
203357875
566676430
341846375
965008367
392031565
436138360
753536830
231137163
284266389
310072780
562950387
689605978
611135543
665339829
773425142
389890614
660274802
314153391
562950387
31857377
614372946
52605735
106934180
186908486
494708384
969517278
294348256
749913049
25856518
885718657
414769163
471276640
225032420
136064966
65950251
272332752
687550877
760623181
145971778
52503275
159124015
726813777
390468938
481825342
532582156
871890224
296303852
117072169
610941296
236252073
241076358
464140759
467848407
453297259
618513209
331420884
576262278
591120199
837787698
65347973
852476578
869327896
359569661
592909106
198334115
394853851
971685569
669296836
493528002
427203479
913418278
702026916
319460111
349341114
862977629
388159368
791833799
803043454
751682352
96780036
352518668
150603678
672920396
127875843
421440557
931482148
279450071
655237429
216034363
198112293
293457121
128365147
15355255
696916775
320940731
298293925
549163812
188881946
771546397
843475698
981077344
738832213
371706625
474664257
67026292
204162297
716153709
431229210
55002992
53646290
804831400
363751426
285305402
904236860
278283172
510590192
144695107
153184491
44511084
504641551
144867922
891797676
487799818
140003496
5867589
390336149
937614861
199840785
704408237
487791709
297543125
38050127
754799210
934796295
213434810
277968224
807486599
239900485
947105655
886673325
1617774
589294574
744291844
85266656
10913967
3070368
152965530
316687350
141792817
968424233
215599116
846685208
360353127
140228450
867964416
952936576
663357701
519412016
450260315
518967932
227173927
950077941
287879534
578077538
881230674
561605506
874858063
941033840
798136584
580971630
526399824
411992350
671877471
350566424
591298237
328249279
507737692
285939694
35027110
646771077
887840572
542833575
403233306
860729975
103762154
26045461
461272794
692031557
138059494
162081485
514163348
876445088
226080681
960086627
266729766
430249383
679239103
87426901
462300587
225654070
254497411
471961139
121822076
967305248
616408515
668962935
976481624
251567692
438737913
919011894
122928573
650051566
703553214
225578773
353267780
19003372
895476204
565339607
670290464
942439413
371809491
864120426
260577876
961875973
873411433
722414658
87928034
462122109
20327977
624461046
1578745
864821930
406410278
56235771
646988880
419792430
681223446
960514672
841957477
664001428
121328492
739403187
979634911
965779190
523314079
322726246
729619084
840268687
115324
602710281
606983693
992610046
544472321
375716997
120096343
125158894
155715597
963020577
481692239
755608857
990112392
622777491
195649766
67414802
475723628
244293244
157018617
63224211
721718223
825326703
347551307
55815185
799354383
256309554
125406045
283482931
187112310
345259001
552842853
517694462
513523523
509853796
984324334
771384891
920964645
225884082
326373590
850172541
924237312
939535867
790629831
414895098
104090658
342862868
843801523
720206128
318426564
727959442
373624861
11703055
832766865
66496539
292738885
799384029
932290973
850701197
587197448
161040347
621662337
451059618
683768630
668634316
660628267
153636402
52503275
363259190
503058589
936832035
520749868
413871892
594068291
527364907
363587481
105883908
851219013
754799210
635338559
36198208
845404032
63116811
370177440
807873389
559487979
599056213
913227667
514605684
209623009
68318372
918981240
150555903
967047384
726326465
175300095
564230020
407454069
629788928
557839347
104980824
628076903
311645469
356593469
197178420
892225323
581536179
938833627
575065766
428804513
765233107
818438304
67206965
152039025
367317084
758266816
487128375
619539946
46278098
457404500
752843563
516221463
319411407
319675314
853493132
968700582
2863725
713073692
19220756
549907272
320666631
187740783
221102517
412123070
77669856
412304757
198578664
694388417
765296704
125472960
57523200
342136867
492304083
568687690
453289623
14502265
927715225
199448796
487827600
147292802
974745624
542114824
741226892
656888493
495364775
854850049
277331477
617955695
384136951
361048019
261215086
493458126
566118728
255067660
594961104
756744909
252085187
386835777
485307807
267058237
424584685
396487646
225371330
482152607
566419162
783296189
155393098
778130682
550295374
833525705
416025104
330967756
537831909
141438190
823505664
527799721
811885492
67264796
744171917
170501492
475352353
820343315
611661728
387629927
873051108
393976803
304539790
227216001
664409664
700670588
571896747
241181766
894931398
195950755
785239776
43093479
681161137
377924981
358375938
744610107
307206076
646144229
99853382
949454449
834501974
791554005
528236643
247761787
278833949
575826285
336538952
891161662
770283745
413606445
133627625
936752381
648861358
237303979
396669266
29712641
592795164
214307054
275766127
662566948
943756957
17074857
999614497
291298168
268357629
829307355
346393794
232406781
446229913
447247018
98648620
243606923
221442084
464596854
414132104
996577194
471872831
773800974
687253377
931325471
637343513
460113281
399547145
758403381
686747800
611472844
256293909
165986071
498920312
673238616
969491760
752544765
132345922
711506084
560377343
242046510
905537026
656464885
417136716
427544679
85076885
195954038
107577328
615415696
699159370
883731211
943679931
661820706
511475055
450610228
210693550
187537041
954053925
452053412
796517727
437448584
233539828
760588055
810451495
306113125
243171630
160841115
872016312
773091173
241343088
913325556
427539944
555929107
456499553
304793140
625617206
57675974
929584385
161523271
693914323
260824056
167193546
429660748
930025193
323059081
324594703
92476928
445967698
947512831
980978865
6991395
190706059
699975067
795813765
984284775
792332880
788504290
381903566
954408703
627314728
740645825
569160546
962269365
936546050
894492535
605806186
791693357
510487996
510789716
307173124
957428084
271123374
652455409
622567715
506770634
760766569
960091658
35228060
400972415
411773875
961632828
980122422
427446079
26982834
643300383
237895864
191388938
102497112
657910508
772206260
334972058
90727748
739971549
432248318
223936642
939122707
349380405
900708317
452668177
686928851
269146091
474073905
502757645
826427914
182622903
600510942
825666260
316831517
797914150
435509035
714496754
518883819
35787012
386228701
137028397
264813632
260406735
43463204
489909237
97963532
390944038
530850122
270300574
906207630
829181679
30504817
981159145
618814585
98072970
990827391
926144572
842824207
23230293
776229198
513715258
721603591
505869156
32923128
552346255
768137066
509421066
281292310
140371484
506322643
180831169
854713124
859037560
741166343
469008137
336419094
165139159
492800111
737112777
584848825
825447719
105499595
83266756
391597690
800366779
771471987
364366963
610619838
813158625
597816887
172424539
631963567
218414114
753044378
122769881
555099091
811053112
865414593
717389706
817881132
36239193
511496268
936385407
753735925
781878755
613364416
125095210
705534728
797559415
139589641
405217197
764594776
842524132
133590107
655751329
171231677
657701079
391995104
581704517
570901559
462242597
279217731
236957104
435432147
71399153
787068797
465618083
7895882
754900555
364028398
241459858
162752759
530896306
109453398
483200893
936715066
563233972
541049170
153214331
649142109
312786744
607590955
519554925
314415351
571495720
179550681
752459562
174418722
313971866
881329238
917870595
818044780
657161935
867778091
319345734
33355268
280087230
647945338
371850391
214097009
120391261
596496746
383118932
999335853
922289552
281162499
79272139
990851871
206371371
878213165
170039859
257983818
53317712
277490369
326209921
103975386
24094404
924656533
480077630
751514954
507206858
421412428
548790399
71753497
871076179
169449483
961791375
432377673
392398489
105600914
747169116
499780555
431153643
767059949
16536530
811539030
662688148
888411247
989434056
769095036
972570893
745414633
737377637
947948441
282969273
989669224
244732779
819028667
441625125
393657151
374928354
568250648
288416693
537683767
452788406
191202174
834011893
198076602
64880889
502185958
397618385
264813632
514163348
434138883
470804495
118585210
519446262
712743082
555774531
696880316
414850338
283034144
171847608
862319904
767920264
834988929
219384656
972898899
165538871
265673599
250571086
370017755
176693233
306988726
131640362
113960586
961171521
945689131
128625389
962058479
73706511
457460755
986611933
622219271
368627688
536070780
253795715
607567691
202777079
393499516
680060758
964925757
93955222
581916550
10873792
153199217
690774973
325772226
569128166
991002797
554406067
16288881
456275081
25585773
519645554
916840358
786919946
639108011
397633842
450655445
283430523
815046242
385958468
288909620
782350250
284075131
708624883
837342107
319989131
803187821
627319469
523838311
240164501
523152783
487773095
689267377
389175621
143976835
104041703
590009954
539336133
666918146
482437509
438455882
394986017
611534533
387336217
308962666
222664172
795461788
266401671
298905131
630059780
689735560
219446239
772181732
250160094
11356643
164431982
925740982
233528723
913792628
101753074
817277624
822070516
635664703
393103233
991941520
388870203
776202655
780397451
328477231
166189431
228292539
533365375
981530030
654273680
164170257
63175198
399279190
895709628
655142884
57246016
318521268
496536499
803546537
784718756
977720938
447019123
535549373
207360349
93731487
324645067
613889422
982437614
528877689
503538149
533621431
947304048
872626593
439660619
168484092
885102120
595868075
663210567
525594354
440986843
860898455
218559677
136113119
533515614
769806703
139017696
587516357
53574080
296455186
31374374
780960458
423863150
34344618
101626067
99131820
292270979
972919700
340722087
50400045
338563129
686528890
14740967
361828532
820509776
343188890
629991736
214322650
513346079
754149737
498756772
641486196
953936656
690486392
907079131
463944498
798919353
648980752
393190017
284165189
539390836
327961236
218576931
776548542
438403976
908618220
570404681
142161598
757598645
201617724
278003962
648730476
160979373
424837392
667251794
677597668
891544817
784054194
287771573
892433848
808119517
184942361
826190653
604800186
601191729
961631925
441770082
490712544
742068882
4627710
394978128
658160607
533441520
272623212
320370451
89106823
488432989
258739025
977695101
52630061
849955970
705319667
980183509
700851569
238631559
298310485
750865391
720002688
777535158
512752826
847501883
428490280
841257710
488979509
159087295
501011851
92933935
121603369
410880507
989970056
419688746
158954450
122455410
911228653
965388596
558211506
138577871
600389865
924439113
342103251
52398120
391824377
451006153
599918699
435843238
685058273
782172171
999758346
551045154
377389748
425495061
193349913
664278536
432712724
41897011
152613715
630056130
402981858
95951826
821071285
733174602
178361792
107756624
992772879
555105699
345442358
206916344
322726246
826213887
535946064
674550503
112664098
208515834
338227696
155595115
173107655
703584026
127564516
987441996
292059672
33567289
483601497
22942839
897312401
869423424
574678361
450237220
599955447
454792084
81451580
60649984
851543983
183077999
480129484
654782434
606510562
36224473
100682169
59281690
118089638
52848529
996799961
353005827
810512710
713404468
193784987
57617109
896402877
384104032
447405014
327322013
851236672
560137069
634789282
506327965
335385943
352542218
859705503
424157174
950689486
53627724
588889547
488561600
158190939
891713310
648339834
255589559
34877938
570274206
891054191
776985802
894800515
149474295
735727663
466027161
940507651
116700351
786878673
380667500
680465285
288881086
193042816
116639053
635871392
959348316
709179506
705265199
241364993
29225534
712159133
583062548
502595170
765990082
129950369
621741314
959270503
257293342
268122288
816741789
36981316
358380885
827874852
829181679
805471170
526063220
420826367
281804619
434836890
21381871
993904921
724717239
983007872
648273547
367036654
119785513
47306271
529910218
467844444
389772514
701545503
690904242
498605765
791198092
818463465
960030617
194700059
81870883
851154184
382308721
820395072
87810101
950552014
926319720
429627174
278242841
216358680
189532417
383374382
786576329
373414708
747987545
48832687
829858782
451961804
854418199
339520478
724499846
9854919
280025525
463699154
553087203
303885391
739232655
83038368
833422367
673773587
711539435
654305118
132135238
417166255
396506829
224431365
917747851
158504038
551955687
122313637
94126906
335176542
321419617
25965577
464240817
210496573
159209801
456585914
933680580
256770678
700320548
452706833
991369405
936214645
967531580
513521251
913063038
925598336
729867988
957522750
322493338
892181402
559643390
527266444
239630153
597516812
673029793
607361422
113817519
25954968
77494936
806953408
831715917
892825207
476729069
840968851
161192750
895646880
356821605
952314618
931225563
464442145
406847248
979172779
116944013
143983155
681313028
297884154
33351351
779995444
280268953
377511670
973665916
606576793
844697281
186002193
179846735
170176749
669974240
423611742
710297466
975725892
712181445
179671080
136215261
861036076
115824696
963329701
781085364
54309709
905601311
998144155
753968941
357349838
42367668
133297802
813854361
716587800
838342712
906242062
185766734
979161779
423831529
254794062
473144706
181966856
188151431
124492581
871780576
661941207
841130328
397139450
573470272
193349913
121771192
219987394
774793147
239116842
547033237
880391047
654842235
160861224
919223010
735798013
661598394
939999925
162271340
770374556
683886443
176221476
272124343
272369539
20656462
522237888
974131763
586840265
225789051
985709726
455374853
308512092
570264450
341128807
876984771
815193585
415549477
184149857
921674401
440337361
553718638
392371477
702326860
140159278
925196027
924533300
117704817
592569356
82068182
281722662
996829617
340513874
214092876
72853992
838069075
981755948
872001849
894871700
530424955
875140397
11190279
985509856
907759947
184948418
948111771
755856057
73973504
3841803
376311773
930052195
40036807
314453379
865301038
355373819
668366617
669149679
950505198
531032509
713165453
923958695
886367801
871194280
298981971
778013110
435562177
512836396
560475153
833218446
606067519
911800796
154117842
273278656
247117999
835865932
133269869
122877509
211282851
86406792
288162398
533643333
462095676
590118184
18125497
824006910
900878807
182974350
647681743
179770691
229168202
398738378
616231227
930495623
454059001
819078111
59845864
26864637
192774807
786178930
283839808
768270813
156903006
304752606
31280625
690498746
42747164
527561344
138512917
676384572
438447148
673559102
314345015
326124865
144053091
466450922
795345449
346997091
244542217
290494739
590009954
974492115
300242668
892644714
251545023
239185217
616324557
659749337
943172519
282831451
670486358
539968995
290034234
566254084
647618426
220172644
499060055
354772854
508804088
171042283
82798451
509628282
95248489
22793353
186524124
904172813
295154658
959070144
853710868
554662359
546694956
530159363
983488700
775592539
814969306
79688401
967432698
869949795
37106161
937950593
856536988
424561769
981547049
186334476
520271175
837506103
424693896
157500382
22851114
142250583
194716730
174962213
352517134
91934420
431449132
604463907
620409937
232299796
591270838
187016086
314817295
643300383
384301918
981491078
542279148
755195536
684977331
233765672
876633683
928587244
761969021
6582485
458016749
504629460
476498767
498814938
408768192
73151471
568655758
561136593
521342032
980222187
826863891
139370508
560688452
923809576
236738665
453648729
335281801
65185401
976084415
123305156
113763915
570558790
825263675
911002559
403287138
388350186
278296847
543848363
966814062
849074614
808106013
735252795
499480248
75057195
560508332
128104216
924133231
748706494
462450723
871156776
49495798
353141710
172101323
464329324
592187051
35907371
607716382
342670391
517526970
690092996
308355278
338800152
254359832
445159774
974488297
533262592
808026213
60154392
189361365
211203862
275197798
996400910
519341825
508542491
457162599
105759078
98251305
242521727
83818483
705504270
605407145
194426439
876366024
380693727
891077709
118240232
301703602
959265995
449891365
517108707
225440066
199783486
200617309
517266097
581523073
184878543
378753581
117070723
552989716
297287462
459000334
646196383
355922564
90880928
247607017
215020652
437880417
882373260
889017668
148513519
149975404
656495071
825659409
241768191
372861289
671454352
641532389
422531522
422667236
231579648
653267371
248907262
982477057
203653741
278893479
949319277
438144541
355614137
878345042
271576875
869269747
538758602
333017586
951818527
296138864
501461183
63428939
663729420
267239670
463886949
521449956
482863946
37373926
845560799
485498979
273461454
922444196
522985969
18858110
84037591
702657324
815878371
777972560
100379287
499103387
854920339
946642930
378865459
404351348
30990371
34995119
937594760
585004969
56073993
618321580
169368921
887125004
143870757
884929541
57822451
27407643
697943681
494822734
389772514
120459126
386237520
760799682
937128235
827497077
911495764
342705050
154362066
712910943
500665316
102662387
112852854
597263172
395990071
135068118
905653324
381574815
973853557
794735719
824264344
586959776
65303245
38766809
105613381
646232640
361571812
652249282
713245356
275081696
376597854
593864393
989091357
300241957
177220874
764008643
75606467
351378666
430510288
345287527
957112123
612656073
474741367
471080839
719556664
842197312
782904617
984142912
456615327
957526033
25218448
751391513
675592189
483290364
685453714
368282506
230767585
846816100
262489597
707250624
47484867
896966172
117293624
943377318
741101684
556025001
419313099
785198818
476248281
972828368
349205528
369268654
126284888
772134474
447569056
124207026
825040037
566047668
43966907
217346714
307024348
628356902
765647877
481457351
293770119
674385060
729800482
403695152
70169656
854319842
888353654
71772710
881481661
665581157
346599835
588897913
111003455
842338488
868194789
791891906
358788257
203378356
690309959
396578261
307395258
511424549
233791136
82203008
164942322
452433910
807399109
270971456
873460423
919961591
743365652
940948536
644529512
984276565
103079587
913546172
556443134
937271915
74290417
657011336
146531577
880318872
515524882
104385048
542363278
836886049
143708656
163475974
689025851
702428315
469923673
458864775
383713929
326154587
697471079
927965112
424561115
361462036
318465994
603046934
766337721
682754051
233653161
220987067
46571776
711554147
955905478
724787909
122000398
964617851
136892245
253115800
827699185
820671056
876862342
927503324
60549604
670830199
289692877
801181897
74223129
856386144
424837392
226156967
469579882
38447883
858418766
483671514
443096241
582946039
61684449
952561861
18982183
559454698
222901373
275703720
344966113
912646307
269147331
394985646
435000880
449772851
428762834
580618818
902613768
317448721
290208913
848422309
765331516
880593888
707514380
855449162
137505759
667102205
907163127
99777047
776080987
712497488
475479336
101913983
36331602
651828045
794961984
792203984
886796330
605640951
261537126
287601120
320782279
826064774
635063718
801648058
479032642
6848030
748716746
892749108
805516476
374564541
223796734
115979560
106267768
781130317
909070543
123172986
231509461
32123998
643065838
338290348
568504555
152848703
684337925
258886861
823477437
581298400
519389323
265105913
900474930
343039426
447247018
593742115
805665553
578294978
775694096
917362825
42902837
180584
928498197
618321580
3486579
489891006
345229400
140950300
205621950
297295219
312540686
582081242
276406524
11627766
679067567
746743331
436397552
622045024
352020127
210963160
560475153
182908422
811575670
468552157
461177259
370582476
527519188
99504915
125272511
995066934
624895956
398793564
322493338
153631652
706143021
477065132
911925183
997513431
702718304
666271705
369498597
490877793
885083025
563548457
682696446
72944053
39088518
259435865
642031112
126826387
867588186
749895950
353990622
125712641
666041925
630780975
402996194
84382112
318663499
380373779
570361807
830864224
212463767
126574828
603629022
725103665
57141388
361616869
331688627
8640195
728468405
694362173
933688048
185171880
666977222
615553306
504643693
600846538
593486705
573938213
808241449
713870742
653271696
198949385
411013065
465102920
730569616
475726368
849757707
168737758
316782931
519324052
449787832
307368034
813145989
227166135
879777713
446945983
458166784
51555275
608424110
439550111
771505224
178361792
474492361
813996825
709545556
782451242
734544
310185502
436435282
570707917
797669774
715626210
172765968
676138168
86286429
91485988
775392720
564461125
242539652
508399093
760673009
705954438
392669833
65458289
366141639
810830283
40814360
976991253
387814103
67363258
756877377
548016779
917439712
719507846
728614894
44927378
583269486
350964112
54711135
449063358
193719963
85205877
133872100
35984753
265609283
700904560
343570404
709740533
963840856
586264362
257226753
987281882
16713858
175002004
552102825
274558968
947029760
643649751
291857265
999840113
468375601
223051017
848400531
918487275
120972001
447212321
15958686
660407210
155016728
633557946
948906356
913054136
845724346
725394182
505055301
580537890
258186035
176709461
913866130
770463208
127714850
754540892
899705972
228463735
116569225
550809593
725346083
475589223
151083559
220086728
72990750
907144486
673737486
526337295
281869233
407036975
807307897
118922719
695338627
663548077
386862067
486383518
910972376
78390185
29245849
787739026
84718632
876325580
331701787
848104501
297466378
816731448
760513187
549353884
497802766
396501413
851766701
625637442
691645487
894010023
66741380
381144741
402716425
14817098
254596108
643223955
966072159
596989612
311349782
710432001
225826478
807893917
461007238
541317708
500301154
47849565
19173424
904110668
346407513
411694928
586179762
205716130
422470099
736765486
223770510
634370089
946480917
813130502
442129193
762162395
25113240
401671931
905382976
279508385
381389331
738038904
832003653
967083843
871857071
975914027
319923552
300596210
471276506
879554844
865813108
813807679
777768046
247661571
6078317
210563886
257292132
469744633
515912058
784734275
925685628
839594399
237878196
543933269
234316051
989423392
607086081
153085932
426479907
607153675
583700619
778742378
134344790
723713701
166368483
596340138
728434017
593086136
118806702
313368231
993962484
785413764
857935619
286744777
495316476
925445097
51967441
37533270
939543441
803730678
740305557
518571554
765409550
364863387
773030509
459417485
689877261
47822827
82713233
325030665
482235163
733594741
753276284
274030329
753551515
320132326
262283193
198390423
506250532
543889442
978002187
386711215
268496808
716942748
438219797
755220301
930263621
90602369
413573722
834256162
841654869
683740015
726574816
648019480
527243741
945875252
647839159
281533427
510712100
868571905
879159508
106561839
98072257
878715621
102092977
548427757
543179204
511915195
608181965
472328469
820591469
988545896
72994107
241326798
943690027
953931828
897354480
972242409
5747781
575086388
297263438
390575879
821482131
731422391
166467868
618754535
98420553
34344618
109902743
180087584
881030297
595733267
371676934
331440938
499726974
612236638
611613045
913479578
331009271
196351950
148396492
48988525
807136778
904130843
770263394
868927321
432628024
355763020
448610085
780387904
574703894
118826794
170012448
664457048
372729744
527403509
753715912
286940417
956626295
935347814
935023487
654856633
379694920
80170850
639809168
944103541
151582921
402608257
806216484
772799775
493108531
134292670
216578524
300068926
256449870
515379860
397338343
908998225
604646561
563157888
129963637
156433465
102574158
486815978
105690460
994066112
634988752
404377180
28106937
613454307
627390952
58346636
394512914
607847250
853013699
212099533
119123144
934536393
565223558
168674490
31534192
387057000
309541954
570228181
97208620
781311423
152036222
82125474
140820901
340275836
930079403
898361573
741793729
548692931
679163342
383713929
665478702
750620808
656371744
630140212
235012329
249693804
314799220
290908853
733832136
552398780
497027683
518239411
222230275
681809862
962144342
329207137
193683837
732956701
814681825
649335407
894256078
670417499
687569684
113648073
792724734
62084988
193833205
71855405
986007158
199074839
213007685
120778681
958920822
989388963
648564702
968640902
791974646
987984949
394713298
143269669
528278429
47105487
246346473
301090403
332058996
706590375
555191813
605117286
224974969
11916071
808309659
117496759
370393141
354612823
854880217
884539120
390073321
119008173
362214382
132782822
593701294
245114522
440774298
243250644
263359488
696587945
504900855
624965222
11513351
874175379
214199428
963205788
148738519
118251306
316388309
595138148
379126100
97928401
513080572
784631520
466427344
457300566
372305121
922758437
156555888
8008712
266687070
65178145
733103926
191304966
160591006
677991462
883514902
180074082
17014658
673832282
523076831
603104732
342844819
167743008
676247265
177400937
43292913
942529537
149802119
97559946
35570713
823536121
371428351
21495782
743370313
391100673
638832420
496169573
36427543
19150220
296948676
351486513
484158423
333399730
507737692
371853611
759322648
391541950
836942671
511745499
78986562
68895560
509421208
947124190
441060913
981528495
847405540
551305917
742157523
370357254
694589403
464423814
150796116
390239055
663795895
760067156
820357064
93274950
126413086
868866841
997094130
615842994
667424
544415336
688188305
143634267
498682102
145774463
951829269
373056349
280561901
844358680
764800825
347094292
601231274
917870595
900125712
163417592
7942243
577062205
893062578
719372858
999344695
790123241
23745909
832166544
67063101
511087590
704803672
144651913
987504334
343877020
955905478
233129159
37134415
347697922
523366468
585227795
261223989
821426504
795308061
387401020
679839406
656806522
787389260
729397330
626000359
484454008
425675220
364652137
766076679
809745234
22234547
700853210
249666905
709088786
449821780
446257255
784434112
97351269
912664881
534548396
35553507
489553552
842494380
187079044
768542452
10219877
482183228
390674545
750902050
526169409
612336464
333236452
252584992
190214002
782310289
820404771
513175367
196310498
785740378
290049558
296875761
344550150
685891339
707402645
637980990
49579020
935998376
782310289
671263797
861364491
345636079
7981411
194741394
431133903
378262357
228667505
639369904
93344008
844299680
730968169
430069941
738296325
797496320
402683758
109026439
227193
123865113
342755314
76022709
579234052
807000060
374338021
749092203
396202302
368739484
11068191
760041551
51344809
546445610
467504712
952136509
274189977
795884435
559094805
605935991
817066552
617807678
769822978
10938475
950848804
981536844
79575073
263617210
244980197
778772172
434913354
529358340
21371949
177097419
915724588
819373863
500190330
849020216
319212112
843998885
132795369
552767497
389849744
692507290
363494578
482172404
370191790
348586018
109869626
185661631
405701515
434239973
273421377
183670748
73225325
378616613
350284015
294765792
3770569
737232175
936742000
623819048
737171828
461017630
956658984
335797447
948151179
525910957
370975930
548089757
159939505
223655710
534835178
603721940
772402041
657121670
285225547
364396225
586606072
621122504
968343011
191312888
584179092
944350040
310526428
248679753
375753853
276994618
80418467
805854947
166334673
609430032
48923000
154896961
108337653
112627816
159944576
635761981
985198365
303199794
587143105
876495139
630909150
981167314
104204108
986058458
294223133
954223142
562912061
945359460
240205126
844166036
643401928
542606900
10001648
246270354
40490694
500119673
238274130
758041298
593658850
590619193
215048406
113654888
89939797
719409200
752942252
826060384
358537252
544718765
448119302
170779407
397958390
180031472
257838267
980147540
682573353
79601055
582678436
122615105
653411736
805587067
170064968
137012196
709045612
462808160
216988854
618979876
592639245
395006860
472550696
630422212
787145812
649314667
887602392
17999916
707273418
722868627
560592197
68964872
880251528
447591154
215158708
14078118
555215561
647721285
715508909
255464612
658240365
652224812
596212512
541613409
602958516
875594001
931881621
715926979
777127140
531948134
530023638
203593121
236474270
150551012
262827159
372943279
178293767
518448798
340897000
529959643
769632564
662423795
398714284
587243872
232191676
342770098
242551886
215846142
960185234
102544976
401373750
432288263
954911066
195966126
290521938
597563223
443107389
771613839
217128948
492265696
263550988
172496801
274745796
861221175
197907734
989745112
593589728
451304001
910384254
107171727
615729948
752522116
571278006
595519883
709959962
366907548
393352611
525744163
232552113
670816297
422734061
148905118
90678298
661308810
215852133
226324509
78852919
992451417
5165932
188869181
713391032
372943279
678967152
192004330
769429755
415269005
469763638
848146969
472873217
425973233
856924491
551041331
470639939
23862051
991259610
308468115
182518707
615598637
886885369
899700225
935841298
813420569
930367147
158061224
276220187
739936916
460762325
780523675
455205224
279819158
768843849
524477288
5367791
524747041
182993948
361074740
719502741
393484508
617809678
137499880
168345937
955964113
225528954
243808614
749841570
387031503
269006085
328005641
930654414
968083828
122429722
96642690
765655675
17745581
107190808
549695372
997331763
684914973
70595596
174602917
573255212
58301124
482722653
383544770
469004903
380163235
383742331
142853064
218559677
187821377
373234598
517444520
440857151
768916389
75853458
566909720
763062987
515107150
923183634
453597271
101541385
245123085
749213278
364357282
598896502
950089269
702391575
939915493
380807833
2053844
788453968
900210641
410676680
68697095
355111384
825492674
727975780
292573071
443049592
78273137
317680916
312823585
791958367
198599573
917725775
12888051
955910163
27495374
141990697
268668007
440857151
930790066
209667446
818666894
289378007
968400879
704618900
182758444
159286892
827930864
736540564
112424372
253343837
293818256
73587999
520983047
649864588
496169573
819710976
193149550
958865242
719572833
315326155
249292850
233264122
230377123
240336090
566693258
207210924
449827514
355803273
547020508
155641379
919235320
490885819
712634348
929649933
148025332
730418999
717014118
980979926
168138936
836558973
790986692
535052258
952059840
79161963
194750926
327934871
292192449
686438128
818005260
375137977
854803813
431557572
739162575
726877439
405810722
673894614
333828205
145690529
102823106
640867658
544544920
398923171
164473363
146363380
566472756
990165617
200063298
983968301
353985837
459886578
980128843
867323340
429667343
486318262
166515813
504685702
951251976
104074193
422057855
632435485
906038500
526724405
780835034
68440375
215749954
289066920
221263608
206870569
389314062
264938941
124099291
268140682
254522880
678814209
528325431
395662161
478310777
736605303
555197270
479693764
928692545
486999933
589113000
332412828
560390138
419535054
925760321
893112658
376656701
161008815
949033047
977317454
795051365
354462349
704154714
201612396
85370644
243686796
731111461
753857978
410375220
955661150
57998050
894452655
263585326
26888215
134582032
579832956
535618974
732277344
395093175
79218585
774354137
335341048
438478431
842465559
29821917
706027128
503751665
99431016
973011152
949902941
680818227
837108916
201617724
596600821
787588016
245942996
14901706
302372064
440177771
771703209
127537511
944130819
673409706
645196794
945693671
820570892
992911510
154476924
723373948
333657653
748385093
280282667
587143171
292657447
505572301
485459211
276000098
154311283
555543726
186987384
586308281
818987382
962102073
598759837
538703718
96847720
971643708
556257366
58052487
591356627
325518017
90435708
412129827
748810559
944011739
961263590
413862845
792959061
39939983
826926941
712219251
484527550
21502832
629186592
31271978
738230391
915249931
115902336
867323340
874801206
831223362
688799237
239070603
733245533
622012230
567652273
211155484
200967815
319266345
423703779
398023985
104500804
295784085
412076317
358136684
192752487
203091036
776288063
240599691
619088558
243530309
887362282
913358751
259882174
362629279
813852472
822713193
409228824
317629804
606774441
39259923
293380220
112100248
708566813
613014337
566832644
183364542
145548848
27113907
260506833
247894366
817326222
376905503
969003060
482487014
219052307
395922390
194339564
581642380
801937658
341514634
845890076
445025651
583089560
704882122
332598524
75986962
679476591
898979873
634269665
592398544
49305934
439344378
928769622
730580377
992508653
90786509
365788433
776152907
440966986
167592629
172107046
657629539
814887003
264201803
165390336
246031800
931928070
245977380
759393718
986083556
445988715
4583623
998763515
366854171
860053313
954465956
141220662
682057537
114332771
998029887
625397855
543126209
881895067
398187413
703446896
353715756
362168293
490170640
489290949
246437527
490478674
131916285
573759051
103782676
379765975
792203984
865928430
943090109
76989429
90472136
174365987
831223362
434565910
811852285
654589547
13155243
970082858
931870164
242941049
889954235
423948404
90615836
649892811
577404205
34113509
661743708
313082315
87097135
614021257
507059883
579232496
288173596
627175166
173885411
424162485
570068784
835976719
950167554
112979273
965008367
645148774
911197795
102327695
463129370
297931202
294526227
185446037
26467226
111242984
305422819
358268207
236273888
920528504
997354020
618565233
305635145
582286122
455977444
828495539
586562500
71998329
959598834
934454750
655005150
706207554
236656654
24619937
116134852
564641629
729153093
798695560
996987400
76132072
757527436
956540282
682401797
134688199
989723351
213027960
947432871
334089870
459904920
8340582
183992024
875122748
236906832
834999534
380957641
557177306
140854278
969850517
166345288
729619084
916917761
601618557
793337021
373387605
691784839
598717277
336662422
538492522
237769068
938406910
56147863
80884901
980809546
386887238
85599786
577335163
997451905
272543373
176158323
276337214
816880808
923629617
81453459
129856085
411809764
684386389
164192206
126471925
42777671
652205515
429457221
195067954
398824605
726203888
855155707
155437714
814066647
362319420
506433291
659097013
983268063
436207648
867902044
648590535
998173078
710417838
120124509
743929743
484275477
167452596
172663773
396916086
334374820
237397553
699792786
326026424
253001356
7013252
182391604
400767795
793277076
94553530
767102143
348064238
531093383
657969016
56674218
189234060
122340847
66399813
705852290
816976931
764681788
3527170
492364098
933891094
268195316
378703478
186596594
577368037
81060861
211564814
911514591
874607085
100527303
42539433
485885458
26755978
482960696
169039022
190477083
680130172
294309227
964690968
393856816
192375271
688597244
903715831
140040462
513379244
418211411
795884435
531439810
775148094
588545699
33180116
966579127
987234694
431675716
76621709
706658336
112513095
931044638
171755444
455924740
399516900
994652565
622256923
271224308
828573629
76881783
701049835
498986960
948019056
70587828
961436364
855814544
24340578
244570468
926501566
847743940
865125168
642645690
15670023
752862208
192043459
818386083
855029136
593407565
30388484
327964108
244218365
690335687
598324169
843587366
874829939
975739017
106690250
166301331
864453893
810522286
2014336
635835578
923629617
618254248
973195746
640505404
783699958
84150105
392096746
9633227
880316318
645028073
968064895
873746807
638639681
359024100
433841168
544549211
639920088
279303008
803735487
682185220
370599368
891324387
49835936
365933767
289021247
513951809
195292957
527268362
406224883
797913675
874739055
244445529
575394795
693044472
7493376
417672296
365534775
855066392
613684498
257725475
675902107
406925027
589417050
184292881
764124720
533240039
274169532
816930385
814870435
334308608
607317479
520610214
249920066
539353703
129809242
736548993
939147516
82125474
779344570
457981469
912409463
629801523
123692606
806677993
924136037
778773725
731628712
5591088
231587647
533920306
190992972
65065258
655237429
459521570
558721603
647475979
751919973
986452681
815490026
943387513
418916852
305089378
492106620
524598531
202569975
490712544
201035825
4268960
60986776
672065330
318187525
175407597
295526251
702391575
252880666
834631244
558403325
117878319
402359046
672385761
288881086
805985456
778379919
907687552
412304757
437859621
181762001
810169136
481195921
425453801
649838929
676894052
842593940
511321440
251274687
96228807
849100789
576377744
965031596
728111610
104495236
749855806
29469238
390966650
227634646
674377919
385587246
706307170
583437675
542549780
586927744
698738022
679351471
773547152
838050727
581379565
166342574
40307178
632440100
96439261
562211795
897936306
513624130
581723973
284028538
390751056
861464586
118203961
97850030
437239891
23167983
922879054
641395459
691282474
688112837
741087551
190723549
390512224
145098589
79186252
320014518
310947977
500702337
899775513
932808052
145917768
847100698
135474048
782861844
695659013
763781668
748779717
916771851
762033135
52592640
96188658
596680171
882480950
713339909
433797709
179682489
603162364
670439395
97035674
884053222
798536508
238562517
847857056
585122379
477293298
521770785
814354403
179032263
180159740
636200944
623939583
209317504
915974135
211883810
895970469
331044027
880932994
184012431
508915459
832162173
286132579
585298638
437880417
154587864
514165374
610790469
57215781
403470423
521255633
421995773
573693442
215185549
672844820
579192083
591496427
450099324
655142884
277107916
496064244
434508874
568716759
405426066
27038873
406658434
561171068
548079236
641223782
624085516
244548908
22267160
711848027
600299039
825747977
352611715
203707883
483749993
215748187
48272518
133169726
38193831
785485934
653975275
171112172
410666179
136246587
990655860
600073024
64349982
920981150
815829071
500647359
153578223
345545936
852290285
618008520
853546551
624221030
720580386
983555548
9610917
459682184
870095164
876129161
33197652
961913414
909398571
350644142
952935464
906794899
875275035
571604996
8721127
695039491
868927364
379441638
625455510
493585028
126830678
527396682
259737694
655872804
757684200
853598810
945118216
926420142
488955227
479874775
878630953
833553075
240297753
174647135
799706059
704563682
104739338
847102438
888667873
166029305
314628960
10047602
825389854
450961195
545688280
167086172
368027428
431194262
401656726
46680704
677563621
524644682
931176503
866230508
574438674
941977706
307190336
99241159
666345695
263772056
492220452
542154169
231132715
676777816
472921871
46955954
703064832
208447117
215078450
475583390
541460343
626648511
442232298
718727283
42411952
964874291
430114251
498775458
570382233
244053583
298845140
493181634
773264919
38422769
524212362
751927114
629061271
374186282
942631888
695327006
288732966
691196475
400738142
518937379
816057275
994647507
247182333
114070098
385138558
502241136
394590595
415242509
948240362
570228181
325182075
289240
885849165
403364736
858817347
892390542
359163146
931705106
529491726
212064993
661292479
295481070
309078105
904612033
908765594
883270566
191214782
150857736
597652719
416180955
497295835
899615687
402811233
560305885
800197396
914668922
1504802
340717828
38265345
145886957
223709907
253848516
389058470
227744094
387743282
960177175
559238168
950283718
901839242
757989836
171425071
771131920
692393193
143355113
533666191
987512389
68002085
115295593
973219564
547070198
420789706
128508201
43130828
695359319
677207518
918576177
973670336
131426413
474492361
219743770
217351122
994808087
106687185
637129437
233794825
788971722
978052526
639594618
137583037
966331680
111020150
475208765
765123811
171581417
4268960
367127602
156547300
849122263
193261926
989657211
757427529
418419691
132816825
883621368
10671478
988946543
78065085
785736297
830782219
765373897
792269995
353073878
415943773
939725944
892451490
377230905
910034006
825620913
652249282
585303522
329796694
68041512
336816725
285441400
785390697
760761634
280382706
821546170
571042132
756395946
920920233
856883770
537471382
156246673
322694830
160500308
309875490
610081307
88631838
326560230
730894942
146337298
285795837
160920565
225007121
731629962
564752435
546383456
41275727
488125739
977143729
680129711
538184866
829322479
143712245
350194615
782185428
436329658
488690468
971723239
954630434
990251367
292932682
300682873
848345427
143283910
859807200
385334036
554946439
556090768
899327677
881246028
196522873
732082852
332762673
855990238
54724439
295876836
891183054
703635060
827239744
930035464
899453474
494191925
423558966
357747927
210308352
603787616
664074992
522451139
601346079
998000518
712970451
319363334
947413547
913765407
471251357
16966652
439620629
553288243
740248847
215419648
333906916
199043789
447025554
682400142
860614213
980335914
732829273
269459977
305253281
659962325
970815199
125117256
525604785
441857268
409380585
53513930
972725883
924393315
220478691
215139483
72667538
253291748
594272101
611010641
830450396
143053717
340533998
623649310
737319432
35768117
464339641
62685118
295658618
927601351
967905577
299727614
357915245
77371972
560550176
774906972
5511762
813103173
967657282
616941359
729038681
567798398
430003901
211019657
65970694
934244516
340474956
419387981
776976385
842247669
299618665
6102065
458620298
652533535
452188487
19866730
927283200
996110053
248867263
334440448
547740284
327794470
513205802
313264318
932822347
81485470
658154142
533518633
78586350
725041766
551130752
104204108
899317426
58416126
431194640
476754370
978969501
913305369
527590415
106850883
838721984
464172166
696716779
715115517
587592118
532870752
442504190
188391692
413936555
348298555
184012431
556799787
423400949
50732646
22029494
532273791
236563113
667645077
847305957
221730025
972229192
116233846
783395754
523063241
404059442
939543441
644389870
363334064
68748508
347039844
609426472
23872532
708530002
634538852
121911708
457228711
470892948
315262095
744424765
554301663
426454707
844652262
542694827
144383366
928722733
139696231
4859054
979172779
425986052
142241557
418799776
793842687
950029319
305501460
112349442
3000123
137486831
959354550
228843170
763615073
201882412
870351750
512549543
192405074
163648936
902171282
26813859
643458664
106909190
758188514
989314016
9811191
458034991
786890163
751636228
598029238
479826025
442519527
393295533
34558335
690468390
598822713
93463259
108492543
569867425
477995599
920715037
101681263
894240178
729441785
986239191
660619331
262979791
471646056
424930394
948675187
742615292
247419778
59132207
839269026
186980240
39389922
91180707
347799275
260012375
83429693
786056487
117004488
778908587
810386133
166267212
711535729
181747408
738325609
628059194
295955908
686412167
632807269
52368220
654513416
326133642
982150245
618422809
321473548
544608957
60546272
241459858
791796080
646183471
938031073
455628336
116289825
668624511
718283481
836472616
925653261
630179253
946197790
387555869
356831668
343943384
703161647
595166212
435375449
788580437
906604426
939731721
24684722
966814062
215835805
216587343
4776926
978177629
108449014
767761469
279849410
911246466
421146979
479152641
113303852
430439535
715608065
226630873
657956702
278627097
51132737
201404759
715977959
64049062
20071193
344275784
238047162
589456079
137503411
622088007
666333265
919944291
499849547
445620148
387267032
979646790
194436409
70829181
251649091
43511873
74861759
943350783
632486982
178362743
523382111
442042602
981821232
237958298
889555603
968092789
548975417
968069237
469580078
878614625
627415347
41760552
996510382
839477693
332800818
933036911
998647314
514763807
56424762
512066213
427854229
668545427
806467956
430039759
886213785
254794895
712893087
196329022
192380050
600288444
612077748
372585252
147329211
561726515
787246212
623673038
828344281
198343296
214056927
315856902
712215635
119300610
644210086
47442116
730894942
632895975
277363623
725281574
353167294
452646353
660739145
8554440
608162857
12037172
878085207
543536854
953490179
920571908
929206603
353932736
575013586
764200407
532244106
870660850
835820035
525899478
942195613
610997910
400654763
851427865
535854998
346836800
430601154
550282980
317222239
526922531
678649417
508907815
852276277
117912568
592662159
533045222
487637922
654807795
102646489
688192743
134295542
34843757
615129837
22931286
207646261
376981712
76576963
248117203
263453873
634981921
971293859
490514553
55059906
494350162
281898242
340962586
134682137
760421718
5347118
138542496
40810346
901193771
88351049
764147092
263243644
484429973
33180116
632282746
642224172
581059089
80585336
757613153
307387414
351517278
492058611
794503938
625502807
327597374
248866048
120297694
263694157
504026519
29166910
627678029
438098779
71399153
684507930
622204959
437319135
265627190
516601562
324982171
541704556
439736194
619678104
499830029
558776266
466459682
6481823
755233404
817008952
672576716
283170705
414799581
623315139
952413854
671262640
804999945
798936265
833157839
753466880
189859740
839061022
630524122
233055388
524799333
356017432
317138485
423835314
518447339
870587723
820479314
922819257
296906337
261977928
326478877
645044490
640178777
272611284
990165298
231878585
254063075
362532600
812386903
832582184
305128508
809740059
109024603
255433732
171758517
23421755
511441128
400276496
419156216
9079714
137619941
249616770
511948683
820729243
400273524
562978040
690452877
711040016
891198351
706850494
620055463
17575434
568822572
164042895
967358690
539336133
853307038
168898998
902264714
197336224
359715240
442483254
509878068
82712346
898610435
757226486
340628318
214217901
755116847
481744786
844653233
185370991
989925799
52742946
172150571
500280707
435747243
404086454
894847435
939475689
312086306
327274246
845404032
918674116
40971248
815096777
560835627
559541497
554397869
774604983
93453900
722908909
776067451
723272744
557021437
836033408
570783420
663120426
778002437
509589139
212324460
793173933
874951085
570942123
650632131
319510253
775119898
670134167
188542948
391488577
206818851
146188248
393194508
479393796
607092764
985023887
257488648
579747646
354549880
745991355
264023521
682870420
897117877
729100901
216452171
581687826
616170794
230824856
781241441
316738255
881668698
126674902
950550679
203688043
751000830
845721291
761805470
316702701
229763814
99886637
249188373
396183371
368993327
340487767
422817354
402165285
133579723
52928245
969745364
885693148
541177269
433462478
913258085
58472788
488405947
574321339
177099336
25284262
304142352
845131750
237743604
689711195
685592290
192483013
237751524
420913726
286214704
373395487
358692984
521205964
420399414
169043481
638330991
915128858
463387764
258637638
148998916
704664052
686200913
4632634
115597955
933172786
349130912
160795752
685350181
175909058
972543674
996936047
847332172
184417042
465283977
130550222
892829996
679893117
721718223
506312137
179396809
445834265
57076995
849610809
405274935
199850841
437559553
687311132
942890845
69706310
990601520
425708583
564189821
496179860
376035311
907193852
792291310
616485033
854040110
592064662
714435059
246152739
962343085
314855111
335571082
51175440
81453459
613444799
537740901
714898303
65736903
228356651
146653853
438081193
961536035
448155885
478987858
239661864
27042879
829421736
769008856
123346311
144613298
629839313
242180289
815063659
78821375
212461626
951781139
96616702
364061048
441097663
452432235
746931462
833857645
940748703
310702908
479630688
548556567
106178812
107612504
229845821
374939561
943873688
91213588
203954244
540054691
870412975
299227045
76954239
975533508
190082573
565179910
147856711
525558521
593428729
714477165
228760867
13554321
283599660
322591718
442438275
945645553
422470505
137407366
44878159
544952442
135920428
265430583
16259157
971767561
841273305
584562025
694554006
433605052
727676292
404869836
227188285
609036826
145593455
188010471
500201416
791956063
260197287
728631055
210849024
519316597
978969877
345971014
577089279
560828355
88594190
440635638
184228505
641160894
343257122
510322129
209345843
406857713
9223420
650644124
24215463
604867697
433329623
376372344
267273535
211644748
595053197
961041546
550387485
502183778
774906972
645695875
299548561
772650745
521895881
659097013
467517967
933438225
402205220
904266429
550757412
603624099
865283194
403185581
435567714
711404400
237686659
28293151
381760380
349290887
366846471
499080545
609827324
409244583
527322357
468827521
276534192
810350348
66388003
326980413
472692
825757364
762752436
270470216
571189968
341209454
231641107
909384051
968588467
930451403
98439386
674724314
665670346
618416237
815030360
337719930
239161140
448191647
66930273
159424513
594330105
719284060
776134066
321571177
674022402
827956772
10225666
917504870
951882660
405724122
422890534
883198854
833157839
290621998
102835321
593788132
485117091
140124142
819846127
578019656
597375738
827299032
96789296
815705770
546258800
397142478
690827263
229796532
644173116
305772574
108187303
817825613
257630036
626987037
35243094
612260863
189385076
161651535
850766868
58248965
315609029
105764788
565673075
844644674
474265971
58659052
520692669
877629589
923536226
160044195
729831127
936264776
651085210
750842782
119229458
625300482
224905933
186401481
46277180
752817393
493172898
214558673
620565087
494080170
673145152
144885151
670124501
600219075
11872151
620241006
110594059
511456294
277084694
792589083
201392912
244746896
132678403
146861901
59360583
437120514
950427842
319166099
810468609
693044472
967709179
445902690
468400956
433409372
293008565
535897772
872512087
246038642
358487639
847134653
410191762
980376304
452042488
689410579
819483127
262906379
116383605
94926351
123693531
459389982
539534546
793146300
470358840
378269293
20374695
474360590
79571197
52091093
631217693
466393611
678042465
897398381
197559414
901638809
259733243
964261513
504454289
139450646
877438304
25320664
54651202
201032188
490783260
927198762
834097197
822917212
458885109
703223819
867581620
62288059
702544547
67360825
412055269
734864018
798586060
880914931
52739886
601473424
276970674
325402190
514287035
623619410
552764843
836828119
782018752
260643495
942798368
260593843
694381588
999973001
759319669
698124983
667184924
155212379
911638640
188037963
89269796
468621278
324175297
325232569
256293909
370316530
958622004
518178778
448218321
645778117
366606995
598795260
921658446
216587343
510506726
673954608
155720031
44160448
187812097
853075613
434192106
151956323
27068416
766520443
394294179
511077836
427950227
164955827
684056732
784207145
500969577
616037882
869322518
376058401
622284879
347788434
159446168
458200864
939999925
438447148
946273537
308048908
707781749
2182178
648905061
293114965
629583365
424930340
545392481
274549644
249667921
913694636
828131473
967831003
436506388
816823458
658125910
282830070
897688147
628686150
456701602
5998707
811019496
183242733
30558402
324484146
790469977
853732001
220558619
546936577
654110791
963781635
203894626
873411433
623455412
145774463
487468218
814457942
285486692
80275231
474209876
658222645
227942979
454836753
861249177
283402180
604472244
282460949
688804129
171028175
417739305
509853796
852106644
518310016
955073681
925249254
298478451
92975283
112977557
813337980
684700649
307608146
841287911
988393230
368233082
638094977
778626545
883001773
484066032
638142667
766521760
627169310
856752258
145549986
900839516
30015098
326691880
30931558
564550565
380042617
114301762
856425880
824325148
392250663
264340045
527906232
578194670
28371486
679947980
587353145
897207773
800486767
44092409
909998921
569717553
140486528
631897742
928774607
9524202
810812643
773737416
48466684
772414161
480660366
902532406
734879231
899061531
131715001
422883064
926464578
533700540
987828533
794493573
726372992
261226962
286573245
846988447
515625409
893486813
472840817
166501323
820942551
715118570
389708392
828269604
673430389
823111138
788484024
674142579
264728957
707777976
703797223
806196997
630881324
615911022
245973694
473865775
48386677
481679061
243793246
360982164
36452466
601566236
199313286
728140415
698107148
247630452
941663153
265241261
147490666
452845565
67912721
541228256
355501994
921074893
290667418
300525480
519230556
939782480
276137919
182994434
887544216
419889816
496896287
915916948
691413592
657055888
841375727
931004668
891405796
398292524
717862728
844287823
88409836
754149737
713530630
216627427
122570189
440534785
725543473
11769232
510736477
868083398
59926332
479186633
575209560
164023958
575438986
243229961
109188482
228253700
917218909
624135677
139270317
322818815
701464853
480727178
607898500
531452382
774061960
753395980
975443096
986642130
588393664
86635407
375473939
588815510
143243141
177954559
189874776
146187484
601246079
572209739
113368159
354750114
31054966
698284047
138577871
58243774
612599602
895760702
172935477
308112767
669842602
700191250
772380574
865974167
247575126
960599566
926102410
889854472
522564703
558095219
361048019
131346292
42627026
579741674
139914313
624550180
522521835
49141146
592409358
164097582
179288460
138144166
797468870
686858461
276486469
369774327
284369366
977170240
914541046
41271414
925740004
283387191
663451180
619285133
777502087
356056676
241305732
462104473
698959951
432929954
683035374
301572002
685755753
866531532
583994616
965006172
943035886
208910720
719885681
877639612
890346995
491992651
313456101
829375774
483436108
311463368
702537662
92629617
656231813
362571209
95627843
841139685
361850939
278534456
780167364
113566100
541228256
410401310
637273881
495021600
96639906
604188912
935783814
20067217
78041513
817281972
220238484
265472182
522630327
156934667
111734216
855915731
589299507
993293768
579092192
76280124
248763504
275546614
746892583
494039667
564004255
586799611
481457419
593192309
667522925
970026088
302820498
192997298
628931922
140621040
549884392
614118196
6103927
888653582
458056480
889024518
538508879
548094257
219656947
980581676
875248382
507731810
771678200
671219249
745724853
644008349
66677521
882771333
954785894
391013265
79722479
283840821
831330457
979639250
408118128
973928729
157050086
688427660
288633142
673140139
831056717
171453610
948853047
530405847
263069935
965448200
544835160
52968371
75606467
879033604
242391342
894459023
447237869
943950633
195244827
518819178
115267453
933896823
877577015
992959386
514535612
816209523
449477519
460192939
603805648
391707827
45560079
311630175
965086547
700842239
6078317
664026086
687954563
721404272
216933105
378852560
682873136
535828126
925805926
951911165
933688048
278438316
441933123
224177515
87763496
219020569
769822432
136225829
636699788
899327677
233910763
714801909
663135870
445404457
550604822
535046991
275234636
199062746
963618000
716172802
127916508
664512756
44666647
174137244
672706608
583593747
941719933
414488773
228804961
329714532
791833799
815921091
138414541
339376722
877101066
529596373
789100043
287999892
372476847
594783853
2061857
13331742
360591407
574946268
654357342
875825322
52176412
533805397
778124761
419168267
628356521
69058004
630857006
247423223
263398694
335727373
482140999
302056190
667125181
697558172
91365002
656175044
752046919
575674565
759978206
652034850
823044952
446003102
609935595
23304167
78924598
399656385
603359751
561726515
206956222
259703069
261439557
32228807
190063241
631850194
107264095
312849248
55328186
964690968
18270603
307677262
177019792
326675477
968738568
198977356
204327562
448710969
471544798
613750490
858545951
810239055
428140657
485187067
222623460
591496427
856539076
350391717
835841529
443452359
158203044
449883693
663928878
785773430
313591855
221258077
86548026
927679938
595486616
582011207
808035985
108078731
268352560
421172136
518940152
886841994
723066121
883936010
675509137
713168561
634647699
198181685
808032268
228760349
638227519
57822451
813707005
891823957
436002447
264231582
18627591
385753633
161096621
676046881
164550991
401949622
524303221
209662308
249743029
722846891
474343342
940873556
579472353
477065132
300623623
238602131
144686127
423721031
776228528
498632424
968896011
319645660
543694218
543323778
267955758
611325227
463333128
605117286
765014365
1686042
649099597
419689096
73670521
494073194
937632133
712173273
481956314
536780483
803001572
847603460
731165673
708856257
719971561
580443569
265673599
153238743
936696834
443628675
170968913
900835893
182388667
891074222
617113072
677382654
918838677
183759901
97952194
806192788
543800426
90174104
999862175
252922001
359487573
615257956
480918543
974348649
358377072
958850682
510172593
890459379
711214758
59032317
345655204
465532414
493677877
425413069
215465334
292270979
747062235
91373100
850252912
285230749
199808400
506379657
691861591
27494551
647158792
415176256
933550431
263021367
410785804
210972831
95913264
539622816
679489893
417773797
263209876
368227739
449265298
139398512
92439275
61592373
828903190
566689691
73573157
115777164
787772392
842429541
967993656
87729407
527704809
974172169
125186879
932960266
569984517
786228637
554799335
549871099
167133496
554508971
189416024
672999741
57581127
478523479
254722797
395951085
341097100
129131927
767060114
907389657
216492386
22324168
863555994
620461387
204568249
167418616
156157134
487789389
722438437
975508534
432492870
373888467
440296318
709313396
865448711
629760420
326951491
51693192
867323340
899000775
911636417
907694505
799716809
144819454
477065132
494524982
155504613
546277909
673370356
625696435
265432517
213242952
892532246
822642518
350079906
472699381
841439642
578711542
117317891
242615817
744682444
984497037
197665680
13289013
174843192
15351279
631767995
35511405
266758248
280874348
970413177
624607484
723561065
528143938
800756109
841458989
495843338
803661554
162205737
187877683
372843562
557193797
246132639
127748202
338283573
945985533
577928567
913517085
509197316
474010541
933398848
421298464
961985195
338525605
855029136
53171100
921469345
99115435
954072267
298896401
200190834
844182891
640340637
79169815
690912115
294092031
681554402
916016780
681324157
464051748
522847125
688863802
532471721
699805292
609401729
653418482
853486136
456159863
861188962
262968746
526972049
798861837
811238286
341124045
433845163
691999603
85711101
984075933
52123696
128053519
576172611
848164754
111524125
159817519
269255422
355384774
569189652
321004458
105809611
811296011
800772451
661379375
57473675
521703211
884351552
203688043
761312940
259934139
879228033
47579821
472268467
421941492
182114722
96727035
231058242
209623956
719759889
718435104
201562715
834994919
921599808
818414354
595799452
706788458
27334585
593022041
228356878
577645272
139644338
882736058
904110668
35768117
235506748
772250816
818529508
123460376
704110254
384357093
535094332
318877452
746598140
944740596
952566903
540144119
740127970
103610800
69529715
98757320
278720448
302654363
726313610
505779473
807042207
602269845
772136209
744213325
637532954
727441892
38990156
610640903
175541019
422204748
545029501
198282927
993308477
793412250
65042516
661106255
781929907
969839943
307287188
383141167
609662159
877498339
366016116
127334809
231142515
160290358
641149575
396995400
539476741
303482495
613138393
694153616
226324509
744395298
892311301
464365809
347889160
518090834
359968869
356070604
307216240
503616759
735771483
468496677
496678042
793627709
542607266
616771120
657566280
406857713
255536428
527396682
464710608
360592453
283203701
551595383
181122872
393764579
717567673
631324152
509055828
648019345
548670348
910315137
616680535
34287427
187312241
953839995
526399824
565079367
507382598
278614816
258010769
776783953
268475013
874724883
753221137
27850690
139383053
795649064
220233698
395164735
322674689
665406440
814090441
492254036
989378303
867562054
894800515
948709278
890654647
225468673
950328793
168997420
109709344
598482209
341126152
153045555
695947292
206505334
902483312
268961542
997720345
693794793
358776390
513106073
895839146
798038237
887022692
566646463
224955798
38175870
647885547
355217501
836285767
542112334
721985442
968117013
745991355
307991730
71112301
739580864
284400905
291399064
274509116
368735767
774608893
89393217
57089918
530026255
499780555
855073443
79460946
355823429
229686662
660898106
181924761
911785991
768147670
55319305
610673479
274644665
425823092
502992276
306046701
366609378
970845443
955938960
972725883
732856541
145375853
639868910
932425257
648438094
739889569
272808408
723800475
498480448
524800443
533945319
259976130
734650196
880611433
397863586
921775384
779157258
690092996
515586364
744052757
368617966
445468604
112341449
9567682
126362155
741461776
227527226
745636309
68044196
302722847
904229623
637214971
369916507
347135812
429241424
323699164
240823630
432856505
792603357
540795800
125112198
604034971
79110903
614120728
30596956
155381629
559861573
434131455
504274792
620839877
966937775
314892451
645248300
696621071
720043496
35641341
699718621
522879749
698666441
116243840
104748200
169050059
133768509
974921336
218666531
953052232
981088102
527580525
627396576
940098771
76547818
685983610
781261647
34278943
905148379
853778786
719120940
997528163
40517675
122309714
139383053
102446961
22716698
593044286
506050385
718625391
570678080
640638440
943366961
895859280
497863641
645816681
107377508
811978198
148615044
733216291
203907953
850583566
107257217
685330723
712893087
964962019
669461390
909648411
360455391
804859184
976658738
759314696
562950387
556534454
580804826
813612666
598189379
618573781
62252712
931740072
685167050
810543594
238553988
571498976
236690293
774451924
81131396
835708776
261335447
746539423
693025449
844500642
735058829
498645112
99763822
688398392
995584397
795596568
899846925
402739704
714576563
280394470
273457702
65854456
589615245
501372262
401401451
118725835
601752835
742577556
493203127
408170079
372311856
568401793
825315493
146912898
455968874
843387110
367387013
669393076
645656691
422900518
96544145
329165645
27407643
466588679
391636547
181889739
23859000
826298278
475572350
895822944
905436645
582951617
854443720
562388721
77480215
619252541
44677324
111021189
992273124
906157186
874130475
838185255
324129919
549073440
631438133
523879153
819746828
446671197
104355776
433936239
324034094
479961664
384437701
731144434
172066852
690663861
540963613
698631323
400679263
896157143
741095407
161556092
680444652
537450169
966041731
734208235
76301015
542622758
600761194
951585221
271461021
151710446
499693665
180310336
626989729
6671500
411679590
91240103
607367322
592056914
531856155
153442588
281869233
987239723
828967137
490083509
283019112
503072647
895050706
459968272
907259350
569804015
376444792
756611132
502097211
201304109
440628749
906231964
813453703
518821483
817361007
107363472
912189726
246150308
745115948
771848233
748392995
493435388
448773472
943986823
255596636
902671061
952808594
81958177
853860446
282860957
337311568
937036631
838142679
848796811
553926640
43570769
886672492
462706205
449022921
825389854
438144541
625364009
491123661
361417727
274693069
253437491
57718295
95348992
460606930
685731231
824642992
297553698
869800371
81017764
939409787
111042433
337552649
629760223
385518965
963836686
484830289
175516206
889384341
770318849
518454022
729811512
439686568
160522063
933981911
516808376
810074732
748196314
89420705
638756625
361422282
555151360
245133260
189967218
760445713
637074727
640338147
400653305
269572781
283046693
805047851
372271944
927171741
175521401
237468368
348813380
643223955
780842619
397081165
339857306
176650981
362214382
180055682
154321350
570986576
538850363
421844394
191444198
810858778
546686470
672672586
734383466
455972656
344376761
763824511
34448072
982489971
829255273
982099858
31271278
727353409
521172718
741042725
989855198
63035217
430104806
53684691
479725826
619629825
291959014
783365102
80326379
807431683
669015619
394815261
460253382
299747133
927971413
185365068
280030307
247777495
951402000
997561056
754054066
940234060
902024830
128353492
690618562
732616425
890574152
399069840
35280144
850064580
495467282
929386816
960742813
932630274
207570834
860481001
442728213
777627382
106342186
870692079
834064911
726412662
8015097
40996031
330134474
260908932
766324129
584677971
507118453
949624307
474038383
395073195
263948139
559231814
842483744
933986698
262552171
853662730
908245726
405995460
826931223
339797827
427993531
96332419
153617390
320846667
533446291
824134957
290103802
167496999
42047216
582684935
901502465
5340864
468736207
119761738
645589486
25699944
369624103
286372692
870871279
788412024
686581825
994159420
981295943
89730212
745902739
182724893
899956654
272117549
940102305
201203898
363813425
923366119
604831565
304491567
658694082
681432441
682395556
586135036
615484713
265067655
63301212
465285731
743586820
785884554
453168458
315875496
521119026
842171717
226245737
633852134
41795551
448686038
869806128
470249635
970188278
697159322
370877624
968474713
126884879
203262607
788435309
221115422
931673537
8340373
363324911
855764553
691576941
922667692
990835353
879558401
267928894
550294815
534009896
120845086
177071504
521930895
776467756
350413220
862595407
110398395
424620233
640029767
878201033
901514288
260583503
535954577
547152186
907853462
57181815
71887263
294561073
369507416
282448694
370896088
931468162
589315661
140014903
37932630
91698096
395432428
849091846
441821380
251606762
534406119
443515174
971519756
813089312
829448921
231913063
793388133
921444395
72895973
460890389
427122764
923246128
136881332
608810086
958603250
567484909
139933061
444792398
717567673
758648952
114973828
442730458
854944830
704051456
104260639
360628614
267726300
337399563
828726747
687016218
244649045
622493020
851673150
748951804
495917052
240634410
208038769
666293665
149027130
503723433
172163453
568606680
753741880
628641065
362565903
222112716
652045904
149378843
266842930
371212611
654782434
988511010
741017270
625172510
194373375
723561065
650334260
856831345
984156606
669729716
154190173
781209976
339287509
110627701
100061492
909286350
337615690
270613047
596703203
85873019
373156519
961875973
731072505
591517797
227710896
15640828
858241207
708697777
309528496
509456877
616055087
356031711
258675445
417758411
794204822
325798756
609427243
902699426
532325871
289629994
206411702
885570164
338750710
186751999
611345665
359743604
840660198
512321768
212507900
646025821
49847366
406670030
600678614
885844096
35046175
164219660
713616858
222742664
448979018
954066639
646892068
918790778
370122004
717952341
902233805
471463080
228050170
197763040
683869995
439449720
175977611
420204426
96232352
435332069
248739744
178699045
149048609
601055981
530000311
766372757
42058768
534668670
407559645
907436459
315200764
944137323
401852498
171278135
588627361
511225729
978146861
810204024
467391008
280286793
524962612
318820073
704768960
311185679
890572228
38673043
295541985
118786517
603777292
247423223
745880805
370518077
568753227
786845390
200897949
74779163
809068161
124855018
980627437
84915194
987817296
560326990
197104242
960590170
200271272
223936642
363641357
288274354
31837258
293106223
481125362
498796745
230743952
651102523
696465030
170899547
313894039
153484187
768346357
65842794
239332761
755555473
946143201
265919003
772622647
403258480
727258125
249850404
284421801
915867148
754748747
973143246
844383150
768088642
70442028
959316072
942217851
357489737
67890959
482352589
875121118
376817837
473531129
810114850
323712247
484949374
386862067
878298496
956238010
112521174
458891000
744237324
709542165
933806090
435091130
447917670
673952693
797327411
782295941
876137582
378343894
609344290
838901462
9680118
672161482
692761436
184120742
953173227
500669772
575060324
934744604
562954232
213654904
10001648
520100862
539508923
422574989
839403840
822040576
273498360
270593288
123756663
960619805
552085159
732997307
620324946
701284066
37813112
387304981
607411440
132640373
153483776
164489387
218144012
335674036
394997966
815315685
729877055
945372256
941376094
402934050
77693925
181626274
658839898
271480434
937446890
892662467
259066315
866899814
852916195
500553044
781295966
648496414
740828053
514912631
293394125
263013367
513989060
701216383
80311376
690777593
690774973
489304109
503387204
187474955
661773932
449665569
336445514
708413068
1837839
204855889
181594616
976976826
896393871
827783229
628170940
334361680
228147889
466461038
115213044
811273597
544478339
243699200
964186973
238438154
905601311
415505760
799006334
331386959
41316724
149810307
942535371
279428728
627351826
899872013
188279595
529372527
636604793
171501877
792658059
672328709
220233698
334789261
473493825
325397568
227485970
873116246
782114137
526489141
347737210
542222105
226324509
691007767
487468218
187079044
927073299
993097425
751331606
137499880
693333950
343741377
310202342
306944848
909070543
431908037
824857615
916179809
622093103
299581034
708663365
192426703
870759710
51850673
349291668
390717016
386324832
605406039
238898013
566599429
689788007
296718184
314256875
320591574
539885064
542618914
672209396
933875298
701971289
929214166
479721454
102589272
937832728
930262889
205460162
192318108
979282663
485756362
894700846
194198538
573066835
755654565
980002767
927490806
420186045
295215733
995919068
99867000
449581054
729257112
261358704
42621099
791484012
173546252
599311160
541730082
36394994
289087748
911173668
679065218
66663926
856726158
163040543
183200060
891685334
923691613
809350915
155591415
540063072
200861204
971391395
430923655
460783282
90274132
575916099
223565652
895827222
843210955
537650447
333327229
292337274
10710468
922585279
427111199
715566994
541661289
118800670
742932527
416200887
68587458
489361446
203050973
831611027
717954598
125119370
122803285
13612719
447924499
895920410
171849112
340880942
815541431
433848250
390815141
624152000
305539235
390350646
135193041
898795251
303126714
753786648
693535474
750294901
165424012
986978878
559462112
795800313
803501439
348113096
469631153
381446268
179272510
464050036
308537330
404084461
40110524
873116246
591682786
99830486
626680437
511634783
902843277
785312625
888749832
304834431
552718095
869450807
963332835
22529154
739931946
760337182
659925186
353658904
974306492
946357045
48673587
414235998
56981445
303500173
529414178
603844092
302215912
881895067
82893983
334457713
806216484
44668449
744324723
674087274
603811586
77305903
347721288
444909239
899077988
476111528
809034656
973655014
484570952
106754761
6842133
963274626
427002075
252560455
179802019
883649395
781928176
302204187
625304176
247958406
331064656
159627260
202984285
47373803
784531353
44650189
649954666
850527136
876766831
156235571
189239944
550466274
724947372
152982141
244246562
352529910
898593582
790473703
915313838
235941876
518562943
175249771
202062251
547937705
652034850
358545395
498028181
486115233
546983118
304866222
198362703
692587689
53174775
216411778
950110439
28801351
115023096
970145449
498065947
40538354
861764251
89839145
389246617
657918401
444659988
518904898
326990006
376140216
963999891
846199403
598790494
369690240
78037123
868642207
317778919
622007550
22647001
903304063
478536481
151419309
106348024
293579922
981821232
633107564
545591267
579091966
926626628
973417184
904984996
164305664
74923333
24930326
109693946
22851114
241225048
815245447
415961648
663554528
336422829
910994534
250593251
827212031
918273444
172667486
306146849
522907070
501019359
628781979
713180065
557928253
909912255
294078020
154714811
830505712
189757941
218194729
651474544
484715538
335706585
929236034
868472036
373040117
847509122
888866761
833576413
777159111
407982980
239900485
67968872
998849359
948864383
341970748
737899724
11627766
816174821
251716402
97697713
97481373
807763490
434432382
774174355
453673663
437727011
949163190
523228474
182945591
627232107
202229243
786558183
44417731
553190089
941413210
550396906
271921295
670930901
635040290
405419743
900412319
411163056
688568538
693458750
222856832
86699354
564984103
189796854
988102092
713155955
240788206
881302362
698672497
671788143
111408739
597588813
859682170
70215340
959789318
565062927
637592663
368285372
898349665
227932252
19982574
151710446
911671736
490802341
482736267
386313539
909043984
914668922
977759509
302785604
387336217
866321268
844833096
500301098
404036142
756185592
319159817
872431409
370968836
167044657
528852908
282217776
538012235
602729441
446161439
143072326
227269816
955936829
405927252
757114651
677094632
626931648
559008407
512257771
236716216
436811039
409656416
89160628
78335778
47420371
265825407
981208048
104892499
871684207
34772704
635068831
349126453
675934872
706923415
758113967
670279872
514199009
977522820
513447045
129372379
964890913
352096944
465648165
31992960
54631299
285880658
301504233
71817121
847859121
449946583
183077999
619295755
126556100
138521895
702951391
446758964
573711864
202514274
673650561
668281788
723017950
35784896
958884173
585961445
617190115
597120496
15740259
198989785
715241261
879933367
356885996
155396070
250408890
931100680
985216841
181522346
810041588
223436202
299917119
364507850
277128730
847468671
575065766
687009865
654907847
598294709
475518764
940231072
410922839
926801229
255354956
668368693
77030084
998614355
660903862
198362703
771057426
29613020
692298312
647525723
481274819
51373501
448686038
623793263
547017859
923193119
67913794
888346287
13847445
179042765
513865230
602431477
541047405
771591420
302945549
912020831
512586496
681912288
403695152
47980199
714845557
965245577
607976967
29252844
882669014
484724066
290463175
134794973
366682371
212551011
625921555
353880082
558509835
709557298
566676430
298305867
624293842
248975127
830496036
829783743
988582204
312086306
229886211
829115466
611721064
246401730
463018567
41095546
234080751
625642926
935559189
986241889
397474325
9581888
387290470
445899813
366057404
265132675
956086115
96727846
879828427
787013797
41148347
410966499
805578210
433451065
122778325
216197511
722260743
173596551
934220110
902545508
976074002
404112515
447924770
947327872
623694406
446487256
829444141
690543680
991384697
477910663
386904726
313146871
958235388
846920515
907743698
482235163
859203647
701942673
335974871
91976437
832625209
894241781
788318419
834566266
455907874
273706208
998622007
816452948
396889715
569298001
656517829
760396853
922662274
396625456
738004529
609169993
863268597
433048390
368279775
704547563
609558436
904831469
556917551
246270354
117052120
653124653
579154023
839786561
388301052
224319309
197586747
301166625
467737208
458639956
658328954
651685092
56522926
934966329
3419385
694408628
840169682
225836686
839904233
368420538
177709385
753536830
257632402
792036473
4266700
485191821
22455303
339601403
244740649
904110668
722630512
657339878
701044673
283896272
944936255
958028591
513024467
495679080
752206015
830146677
797921297
643747941
810311857
534426522
868573764
956102001
106785391
458631918
634705304
640024058
568329648
878783725
626939902
543562432
383936005
617370024
333399730
511771853
981994429
998911674
737112777
925107052
861535643
745120905
891456170
583967594
527406471
49787463
765232775
275766127
282315271
291949119
207597859
852727249
679499716
381697308
434902788
949332425
958050225
573095188
126543927
481380433
57610091
784574554
592593326
795560614
274039274
118420825
698724564
634047532
503240864
593162320
875060468
132372763
93441099
534197216
549212104
177400937
280948119
283353015
788122432
317008804
421165399
695282404
432894763
964956115
605011271
758251914
70576029
568490128
241237554
619267457
941478236
839224269
626644870
973751006
365980519
651516372
63395180
6895077
151463785
616756854
245431561
596989612
409627435
522391544
510374557
77094044
365911961
144501458
258602879
747544388
503490063
257814844
190833278
180542625
544825678
404312490
597153174
603293218
667128011
796906016
269322509
310533211
613351636
401791858
537282816
388870203
142844733
18531759
257990378
725136971
818222256
436715677
27576681
290290733
105837286
644057622
667452327
165361463
32375549
502047385
155005324
288322594
744295
351790687
207313204
65640875
260596201
153517158
150963662
829792986
144676085
779760099
104798527
386566791
233552904
640799032
828726747
764941954
679518969
211582018
311353286
194882422
601530363
993098549
754117200
548038919
731097364
399300767
150728122
549956465
758779720
852270426
682032282
163768482
496304866
880318151
284234342
900348665
671912943
763982534
961585562
596646357
879760552
201199924
541147014
57685182
586923178
1060530
497459908
258369851
806953408
28329531
709287629
23253450
610036658
619705257
925107052
183860397
814104556
309705172
101147176
348000828
612934538
389551530
375766269
113640722
202622815
663743736
979845385
847238255
488706893
334244948
411721140
868797521
21563313
658993212
197993994
122802307
273991429
528533744
796453106
101634403
606036547
404515984
806467114
696462758
602553186
337226381
642214238
580322339
200064930
881582275
529514662
246996469
14565636
59395014
393734400
472434955
680699001
607711859
468438961
307582339
701545503
508921943
991914135
46527239
7463401
757782300
791210020
645628897
781011502
384208424
370722942
261448479
119729222
984364434
380906569
616634904
239630015
876544913
106834097
490802341
63817669
82165471
439399095
333913199
292892674
409043561
885237065
888894692
945017698
851597544
339801913
59715560
24518822
367116705
609827324
119991947
733724203
784645694
446766406
856505661
29029532
515667609
576309269
337772180
623665259
451022548
907225403
844156930
117929318
86240696
597516812
837839949
853664143
106485760
109496805
774581620
470818960
815046242
52967386
22942839
773431344
585127603
194486126
949010769
203593121
718920035
392166717
468199565
538286656
719768645
927786760
83337191
262847842
448335296
359710853
922329292
520520710
35509557
195856936
82670596
179926424
815139452
938865687
140065451
480251764
377104965
272618062
395367604
992145150
659311104
736370692
207509478
129135264
861896876
707345082
594729373
600288444
150061118
435048794
998759958
693032936
769689514
709620786
328754846
555107961
349105299
960692575
945188621
15870970
675235874
442801446
504715142
78737943
639952126
205461293
36959562
471058964
808782316
39051439
312742728
19118457
639509658
863869938
689608949
382348844
316152145
634930723
446818489
51284492
37965661
847846850
42226341
341907058
526065240
720832123
702526347
16900563
485214296
516635637
206530475
191282738
993978677
43541689
465881270
15970477
764524558
704523048
595848565
984994446
289084993
467460867
16144340
209414597
72978465
839814711
996587919
126228108
904813287
293973002
990682762
730644745
320033871
701811559
731845862
847509477
643726959
658276804
23408114
18135507
857094186
351391735
744418369
828659002
942438848
486835720
524385510
946308804
322151450
157568070
73200863
313806439
43816953
207080423
83615532
247740124
487294813
936152123
408614438
163616725
920980247
509641715
239580972
508021878
166346799
676696519
751640893
295465399
364518410
22165099
504510833
571062461
771111672
513934642
169236763
846450071
99834615
665052358
787739026
959026555
357810271
516856929
665238671
474897305
37205509
860810930
471133539
88837594
442694592
209264432
364235650
674407612
425853129
896431787
675842477
520630499
111098743
262892672
908688881
599774612
248117203
419259798
699796611
52473790
405977058
963641402
319318868
578507276
942689091
576935177
176698389
931061032
156979778
364505850
226656819
761571969
98328120
303096421
617325156
219012559
786116183
780404424
257817634
425669631
656757360
371038712
698387278
594554043
485164972
907252237
685592290
624357179
735623453
656734527
919495005
348923197
962753148
320944334
92249647
508978361
649662334
925409328
708917146
805431644
970339389
586312906
697989775
502085374
540674831
591165052
380547236
800120647
353399397
289549611
960362129
503764889
72712037
121191633
832305891
582980433
229163148
908639564
876339096
447786700
227688772
806840915
592960174
712743082
837847006
137428606
104925171
574050091
151115250
325419310
238783263
303195659
387910146
138794820
926607791
146694809
432456902
86885900
118344785
61635508
853880351
626210073
788723525
832118847
703874243
696439900
181755598
985167089
875479940
182851648
421048884
604385155
764463558
484981372
453847616
139302032
537420995
906669793
160047404
97324380
16771318
475736666
543243726
148101625
158840370
925236524
514878578
756595404
292934865
163709997
405396364
695909123
970893215
129894920
656587968
869269534
601323419
824292423
221647240
220149332
609524005
892297135
422604844
226462367
334808293
528960441
864120426
839061022
339265723
717909484
371762671
536364265
143583724
207313204
935990465
703655834
408941998
326345812
106892204
619390912
644755412
648293672
706641424
472977301
30470113
617465192
310348583
32731228
114922122
324145805
219061991
543424115
706222869
918866573
166806615
440290143
789569471
944696687
156328333
824514573
1095430
300800217
326393738
620354410
936784843
195903678
841354684
870154637
570228181
504683068
842593940
360455391
552449662
859646999
136838777
236997492
590086464
677548968
901694746
364944657
781474717
668639013
779413475
627965227
971206047
712950050
964022277
721791578
635284090
858757742
435386384
920832745
91162422
964421924
884086400
626694718
605950840
684346035
938047745
206361754
544575155
771458569
994556180
797424629
419329943
354964865
884672011
142076354
167171635
858467795
913847665
626084618
554510807
468954873
307980792
202116089
465549379
446452489
350086831
433988564
329440259
478221541
780335565
234483977
91426583
100021346
947366061
84550693
420462874
641682811
306696135
477331491
611947848
179517516
86695917
830358123
768521089
606041729
881172738
370071345
408139526
47442116
980582091
56647302
598684222
49935110
102205102
685642352
37519741
375453411
656188750
518222476
278564961
71312426
523937716
727053689
754762091
74811181
767306115
706927278
387522509
962702274
113417134
303998812
284113409
671892728
185819315
805174831
751636943
135894682
950995374
562428220
785438623
593880545
250873322
851500558
403440271
411646080
226702662
500165081
106217224
981822987
788236585
402013931
109678215
608173875
792071877
627607126
291791727
902532283
594308259
772094139
59320502
586677885
767504065
670763770
907259350
427886671
596052787
126903470
359966257
755704893
674399631
404377180
606270686
379054395
993906594
270726842
728238818
656430519
934843664
505257177
871635926
330514910
623305748
959417071
225158594
606119243
819574226
555146219
530038422
182656582
408189893
290103802
715128890
238570272
977198932
708365169
319424077
510505404
130568682
882899433
22700890
704825327
35273699
983371385
800282791
825283638
716444195
8611903
464560051
258447026
876460645
548241627
693885006
961867545
551887542
525401216
438341746
790428544
12244795
338743625
443375625
459886578
106663613
227731361
882303766
545268593
11308076
513025930
35493194
480228320
317521366
206973532
839268987
725027070
420327066
639580425
662245712
668639013
888336801
850556981
745799577
864704261
504716833
525021384
254545400
736253286
227430769
869322518
296058953
640247401
705855839
214150720
510061812
851427865
811493966
106603826
600344630
554604926
167747020
614955011
467468561
920074373
702165485
458844756
642426403
845942982
302945549
23161613
609327555
921171439
201935141
393563213
849859399
319371175
284405063
251164202
948956717
780734888
390554801
226207426
425053942
186333179
864169754
737938848
589922490
243863161
657027100
26410434
729586560
432859176
881563441
728946617
789503653
177416299
727675451
638227519
886514680
464424047
62749812
10010287
167790023
771992514
875075647
662226641
680283295
726167609
164192206
780497251
852913382
505533419
722590496
567945777
97720266
592850945
531344040
776912407
467770007
237954706
840115658
135513779
779832683
646593597
147968862
200923463
512236373
82951398
76755326
121940145
462904511
309677669
965758652
317613508
675562490
629321430
702904865
928139974
222835874
15943220
422128628
626065779
559677472
771057426
14230613
228576881
605187264
586044817
509303847
668302485
976295944
56693770
470367004
913704881
40478331
133679965
943577360
859507711
307814716
822310128
666419052
717447265
822528508
947179695
229279528
994087406
663284833
156364862
383039496
458864775
3545359
129296701
579771460
171659090
656913641
402040005
417371862
668392736
976317462
354612281
423018332
63545984
213690756
249110486
153576556
927989597
669724072
696795026
746577443
290989875
191046458
711539435
62602841
332124397
916092584
655114860
579448691
648220572
441100626
790565114
497585658
854068828
778042116
622094056
315404220
245228019
78113957
757719108
319539212
238482369
294750823
865985563
699945328
156849
113357680
790307943
991994175
685430461
263585326
255138287
679789399
940117901
85775371
794143093
511203641
188335694
950091551
341808342
761312940
711726595
423997057
562447778
726204995
781106146
609323655
102455842
420607899
601771673
991460928
850839062
384310416
167840560
580043367
858321557
980503509
251648912
320058940
191723189
335304380
745826318
44221730
566564811
471767946
13710797
65964157
192408078
193139064
933345686
79800282
103459305
61699529
989171692
20163979
367361832
249806388
280139046
495948398
938969501
66836711
286008301
490924707
360182132
841368941
499190092
588551275
182461361
205812664
522388957
215852133
115166341
978734595
342199421
546645773
868377587
31589833
95212130
449671411
283297962
78703024
214784970
772826034
213043144
343822089
969374888
548699938
791974108
261267327
524158844
777928139
469260261
755334387
445766712
324127748
129270785
55953942
300244770
518027320
995938363
776362494
842137930
432245477
517738949
929661087
16259157
430009072
173919236
543258897
211933857
36336440
812236498
55859767
319207829
959137157
680290242
737699864
980075352
388966551
823111925
737511188
337473953
533105069
367830395
229131770
11101732
535395937
797131678
243982824
300048572
784150784
421456302
53481620
814714000
328999089
85984505
880208011
420200416
298182235
621350409
606982757
212994406
57609579
786143636
375763855
487231966
678096397
486265391
416036041
334151612
795959790
32002336
310590010
391326513
743950961
156898935
339467965
472229293
141683034
920271074
309293111
743922375
900633830
836399277
89536178
594803232
314431593
766038037
551189673
802087172
634030961
57781688
413626271
146454709
248714906
127582297
957287408
864211206
43269946
653411736
343407458
851616021
94353966
750912200
849223671
616785817
399450759
326106
196713062
368988825
114602439
816211335
636104203
225190390
291496327
441437524
93910214
829735526
33976657
739584846
495749434
62933489
594317780
558084577
265386200
945511348
592332716
863063420
667461687
308120661
269007955
442182011
516468438
874800788
859745647
744838072
149338808
22911949
166976543
975512559
153015169
295367685
732635630
476194544
244076531
615429887
947911060
876681190
113525072
624152000
753545178
683733472
510000361
254971566
732090849
664197636
793735768
112265257
175768734
893749152
385354340
218845736
114835741
507862522
439757073
255974837
521760532
938528348
984458816
100094257
654537678
463028343
791341293
944350040
339820366
105442907
921796810
547271659
951975269
369799697
497377469
878873603
151224774
596797800
232329869
793741949
261793129
123437669
257701453
822942207
883665210
502339611
370772416
735606822
96349025
351258775
670080639
966388876
587083727
119624046
639399712
942343870
720287473
152360750
810887830
739437303
378260758
357211920
774102375
997026794
179136026
913640446
740432809
47090195
599786801
82447891
761539535
3852113
6470204
44997639
646333906
646252528
887297627
40433100
586927744
908645197
537016804
874164951
52921686
970350880
259336115
334673687
789758118
477622484
921124055
1781530
54209588
944933546
302738831
681820771
987773460
51652119
611991881
624482979
16756513
985077367
774162215
680085372
934056415
850505789
773203804
467517967
330645358
225288672
341257247
914010673
511995071
472777815
582969456
539622816
494276601
194410000
999070080
458905345
300951245
749382016
714329388
583112115
731284176
762734975
81964768
505003124
684692760
986327224
284340166
530180422
442927602
342128560
180018904
547880821
212272469
43155210
340107719
410474177
383566076
257683399
990371126
649580105
533587522
124956395
128265060
934790713
444099233
203949417
976525670
186980240
313247717
472578352
645365247
860216359
832166544
908638824
72425655
169944810
966041731
948229858
591426978
52767710
710074120
481960044
210313686
778162361
660719336
332589306
91477478
557205856
759199993
197095510
365670606
116714305
597752905
622045024
161607198
696913484
417769574
841157952
781084964
631632543
738819105
275736681
159649373
574142726
117043621
933785996
836203532
501046967
280147351
820178284
639004429
732298552
607261442
110667557
181508041
307371320
68862059
686826398
490447362
875879265
68938669
672411451
601019926
666757339
47940117
161143301
635068831
707329691
459319231
152514426
854414422
183200060
593086136
422723813
119484837
91373100
973620942
54632203
627889110
769957996
563296178
741243710
474183817
855677513
619882476
495208317
117324347
633663639
740502178
436193901
945777455
438596457
890393052
999204207
57473675
15977469
849226078
444202917
235585303
641438742
736671025
628840912
804490462
275656680
301739098
153528588
557099429
429914250
391416379
434979149
571789921
639149452
50637761
976626131
495060590
724132474
755856057
217710563
760020842
843580618
379156500
69185338
941219977
125501488
606610398
363108370
328123995
654809004
877209213
654357342
687758944
407070879
95720636
861636362
843201725
69417892
313045018
918594931
706413553
462682419
153320772
710097699
820889517
257226282
535083003
684059584
919044365
446380900
707223851
133632066
381263009
525814254
86159615
985083697
197247930
143733
430937708
159124015
860787264
563552239
622848968
156131150
804259223
691843701
895234135
683986073
578425011
462885403
241390462
227647320
210450153
736580707
783442331
467810131
451482828
524314307
162299280
60552012
346127916
613006505
552235419
341642529
297896786
500337332
215932454
775803827
947776035
140861412
620582935
66415456
524354955
575402988
542283202
479242850
822987846
196932127
71536456
922790506
44830114
50583662
999954728
59198763
917797038
75872376
666718570
461989552
587172761
636617769
439006021
775686143
552657536
100798156
172801773
849154671
275380021
717763944
950973904
216644135
615932854
827818771
685830682
359767856
436862157
19444379
113432927
872187829
310849186
821459269
245920038
233968315
666641578
513628622
990353527
667902890
883609864
512578735
116036658
182938778
895476204
622961219
277645891
126922603
932134150
266324265
885272907
650295112
288350513
621519930
854389098
607106525
728086970
970194581
946663619
835557913
531121504
546716798
77386370
252532181
172773734
58893794
915825852
70338342
10681163
805529699
223799885
449904367
54361303
394816543
855244341
872597056
74902568
375217788
512470848
674993964
240542624
853221087
513509649
294490358
967850229
577067508
202917981
183809888
167724840
150129547
28947240
877529120
139351769
666259806
571411817
203063926
915879587
595733267
922511167
385155531
298324259
135474048
978626324
701707144
661783140
787505016
60280687
192122395
868019828
831451806
694014884
627871757
147157853
815579507
84020370
904535980
243023416
927067176
825040037
343967218
130016031
548017864
664480341
296788340
863003907
866233572
780242790
347955991
932382440
348160968
789781196
459967870
347211411
493677877
398180584
705722041
63097309
278616480
786056487
376661809
613404335
657630608
890910505
264410135
60449033
271475128
785839427
829028596
284236735
165480682
992160315
116018237
273130783
377511670
492567732
348421948
404878292
497666574
184960658
37854605
428565167
820256293
646333906
69766706
595359225
597995921
32626079
243294711
599345906
271666715
571281773
163729930
647400528
910888168
483584028
675555659
37447605
284430119
606925036
114509104
147002693
953904088
786143636
365609207
894280713
566390596
210949857
517868029
172930041
201252917
412602053
976015605
712012168
626027163
414250616
648398215
327943525
788356499
895827222
974601421
328211900
733749123
621280719
845404032
670197963
837011339
527554223
915053687
765846723
591850333
252851028
367824151
300011221
627675320
394548434
713800901
120333945
834534752
398558126
339730771
775711438
161318288
466487771
361920158
237170464
453734197
259460812
135392277
223276769
730565107
247243847
445983480
986657435
452705285
696344256
408661279
934816825
345937475
194102714
847941537
80232166
838235130
634324718
121966378
156326540
682996609
988845789
895989879
149550892
3663465
532889992
912095280
431696818
224234027
446674810
374165863
807000060
916305142
937402672
111004273
940861760
61637130
802368175
806278467
468451410
904968791
657890243
807091909
917373231
575530528
822323676
41867413
587027067
771423822
614055984
205925198
504375653
65458289
137491156
115889446
364646915
184800241
457787735
454198963
380514421
924670809
969678412
2133045
482781750
737744693
951881779
351855114
143441468
486306580
603109583
957753770
323862356
942531416
571103603
486786983
892026765
876907221
112609439
769843265
348559092
139052747
977265250
703204287
639054404
109151783
70675307
66737769
401444750
666298106
40301593
616544223
365813491
884815437
876379257
422530610
929432591
3410877
762253976
952021941
759109675
243900733
359234697
636315057
469276127
819819639
750070755
643401928
928329437
402516738
833571876
997811821
784680121
87425323
202849134
659517715
41887447
219810308
266289708
962425440
30722284
25199450
771742476
669622651
467700233
164023958
43630374
366776128
741904041
215465334
75369226
351035769
524982633
225576347
336604844
221108125
309238198
488074004
665728863
491898528
613194544
276516885
863976874
439650312
248488469
860344117
802408997
930355335
366056522
305033683
438228059
932992737
853776386
520881794
492220452
605063851
417069338
240449542
987778806
881127496
422734935
934872287
986834241
984806842
888510838
731566229
239200513
239157884
423192992
488835820
197014442
236419526
609303254
631307690
856468981
138378711
7783759
471889407
724376077
239352320
143533926
364967178
409656416
585607026
195081570
999655024
908090532
325419310
186819862
533927421
735421689
737515619
749618169
948147441
474497575
927045149
924704996
948182473
660538554
610285093
726802224
589315335
76738618
66122679
466796761
600515466
97017596
812973602
276610939
789339302
145452343
233168189
305704283
863477828
500761675
140531875
937712008
990925551
107266969
57693813
267194790
639689880
184013181
711437194
890344012
538060890
897578673
469862386
157783980
832780924
998240601
918959971
476008561
424540291
259956679
297749017
499825952
885685219
811418978
291458433
20988694
213048387
662963357
142533567
544966862
36547639
581796904
389116048
912151244
29269078
21563313
444449982
914500875
452011255
15783126
632578745
226752998
255395248
803078466
263489385
82248546
596781007
329967822
441784089
524596549
80680571
244915761
479269631
832890955
276437693
818260619
85247234
849612417
600219075
995469821
810164048
410315141
778253166
570155270
719642952
452733528
620470798
958283144
626782896
941720011
54751813
833846766
550604822
640025055
825203334
328452429
576724029
653270692
745033943
80139211
562176484
540278003
236744815
294632478
368588304
704622481
759543832
647349459
810202190
899875472
624862251
689000629
516152836
751529116
286469478
5146579
833348489
139205834
902730513
642449235
85618377
433164842
636268873
638731602
230187640
38340625
206505334
852508161
37616739
101332586
819360305
212755295
70864348
885164842
847792586
507352292
18713465
763788497
419295302
999147208
694010596
511830627
119889749
92601539
64447013
977950808
21731143
534426522
759443833
610457966
284489634
404139364
714171310
679534546
583918605
140681479
65407388
99000053
652298485
141084840
571103603
886668582
839160804
145777724
579720910
809361736
853265802
316953986
296197262
607794857
639367937
882123007
313875174
412411728
174030630
724583549
153681264
506063237
971297119
146384060
708038390
783338083
301417689
79903180
196252536
902755689
162874014
920800681
258893964
144930583
762258997
346824271
559978405
981560074
156157134
529699447
711240334
882119796
872035174
470872726
17611890
51982131
111762087
41158486
332645803
879847543
526848229
468559118
466549975
221950672
593306963
509019956
460044826
498216082
267191539
525472649
570906573
389989812
43583317
539763399
604340249
991163593
818463465
846096539
408281929
113722365
141643715
609688280
342880610
816129119
699198310
247556472
898349665
569368793
975709542
30732014
124841971
973443298
704501268
513868441
980979926
300188551
407142372
58360553
291666191
221582521
792503568
342166606
868169945
53646290
258447026
181984771
15126014
948001609
413978201
853911853
885653388
183077999
483837454
920515287
587658376
411471492
388028651
100026149
258004744
213101876
932349436
819028667
911726924
137707145
339076341
853859724
470180742
651177610
969843498
37785663
666676177
171557998
467179160
186080971
32056360
329485025
586562500
928144372
592733489
777923870
146342541
324356983
404304594
797127004
402586460
718083564
84921626
78303395
38050718
112267197
166724410
565189147
129909992
538399144
269071609
825994505
629588518
650295112
71897434
237017545
317023214
87634842
563159184
1990916
820591469
880277599
240022424
577181719
705684790
827484625
698601198
916175734
159904778
655321890
590897009
72473197
41970028
563653511
355839693
114915238
995494878
893112260
119535722
307724919
399223179
363619753
37932630
446673963
690644666
74420466
393105905
540966529
809851858
952936576
345310956
430963757
103273866
55476633
274642776
759515845
85862155
157274636
780089586
414368812
443199996
242198338
482438691
999620193
161249813
979879594
898446138
574001958
893568988
186080971
232826069
982845080
309942815
236432980
777160788
321898988
520541261
176488091
83093573
141533531
333180615
138721611
492746495
908832692
541177269
130361906
233839539
209703255
634264986
511379411
271414041
59588734
889633674
896255034
203623184
724947372
485643644
760664409
254173677
397601093
361960417
468997525
234234384
634611475
676265810
198478620
798204716
16761111
9827130
10743037
702378658
627065037
161479109
813529598
236208078
825199189
289625570
282406143
932702040
802113023
404016548
339193658
689609760
256819324
326408577
195613420
488392363
75679517
937503684
437497529
630444388
287072862
990863072
858329620
224250848
593340935
336151200
86044638
861641202
246424482
34138283
908638824
600399499
175842681
527221103
870660705
693135185
918015736
702765620
676339892
193784987
65268536
999958558
411888754
305705596
25310054
439132024
270059248
894773950
661790516
161320751
195484614
111636930
715302969
384541070
794504559
846859229
207153046
906007566
602267645
649109191
262052803
955527376
232528126
922877405
771020396
426044710
845314459
196970615
393821362
654273680
510081670
676100069
255817061
470029713
250324397
845512244
34429432
793110726
648733933
797049554
985157484
793392702
70310424
94785804
77980903
631130018
98882306
166236483
907543714
623887224
868467400
657189856
803155801
3022049
36669742
798569891
350617762
945693671
219594160
87247807
73412482
330421940
276300202
974743077
587540034
179076557
476687150
702133750
794860659
434780277
202280863
787852888
430579403
330081661
818129210
241673659
155135720
870489203
377263055
329606873
30659278
931306113
557205856
636055637
345360051
906207630
271391754
162054606
98021375
130087204
121744194
378794228
938505947
807745930
529734363
760966000
882531030
621864138
262014830
469927071
402562309
760908540
120470219
711398552
930551492
421213145
367367885
611105430
214075604
273498360
934619652
539006451
999476444
427554866
748456437
466887019
183793044
554673244
790432889
68976079
756317118
624008728
790043967
862834554
403364736
163010302
231259912
326154587
187946332
778677406
863686617
520002549
798092050
315092350
206146435
889117061
526345963
881776280
16932600
407534466
621483759
964952498
788963935
45778845
288227915
512737911
285344864
788418544
618206221
700811734
2478885
263569959
657352669
901949779
313938436
810452508
128552169
703476921
949500178
319665163
705201484
223032016
326306581
624234799
898718146
283118721
260552158
932083605
338800152
941719933
682989556
618926270
469358847
466191674
754237285
348403252
232901709
991489634
24848081
16525152
573204236
270139956
795972962
302047310
480556083
341278883
718581819
373982764
516107795
613894667
398888045
994064796
495662771
583171321
876053730
297472962
42547141
351827184
204949450
409942763
23181442
853708332
727500909
695036427
617980098
367666999
782364846
346741187
57814272
976674617
395359
105947880
557143684
747246599
195486739
156349104
350402471
251896930
192532321
984915890
305581609
296516916
51043637
785839427
874999353
287233754
862719140
147914859
428630770
427213386
503707733
789602791
935373340
62325006
95798717
346092986
927464094
96228807
78758473
324526650
921014965
984617564
130864393
726988570
721412402
291683089
245973694
348551750
10523965
418979233
858840702
778885241
554298144
576950289
496400464
137333664
846381341
937143655
702091585
963097809
348473135
542954901
806883501
209307039
488733691
562101744
875774883
793314163
159164594
525840700
103308463
353073878
161545341
644235707
512351235
767688748
487749049
763905025
912952633
322698954
991772019
665047862
220847926
92533611
752064740
523168987
339583823
924670820
254713549
883929426
661018041
180931622
329966689
3161062
369801662
617818909
46334522
432354899
223054686
78743642
811958420
120832461
550886140
756344271
726981940
530844179
480477704
299616596
885274148
53769245
437517614
423774958
964542000
946381205
459279826
22120426
533297590
54419096
939943362
146988226
874909157
67007237
127434885
979854391
687034637
264862076
622382486
296069677
444099233
487083586
355779670
902528661
103678572
557745878
258895051
288013885
892570864
877315929
381220632
171878800
519577641
408634619
99812502
864170518
294109538
41234167
459516973
356185643
937223200
905804179
347479552
966041731
51556831
22738997
456672212
312369079
294443467
244135177
819071157
563714512
304465107
192919197
507334167
449158162
20303813
417006484
557922962
725298573
383732673
62912415
296534873
523309452
993096080
457354990
314111360
537576795
544966862
900305466
207077038
954526756
718932229
458715858
904003235
801760266
860903891
427831366
448335296
165453189
718356964
495705327
840367291
464514240
370651114
50851054
22612566
705573585
723893215
943153906
73278759
992507676
787586808
150703208
67708895
116902360
478864784
545727842
692744381
886589362
569220688
564018451
586625396
137597403
347332694
584266763
223436767
164279058
980752440
777778778
555339677
300958176
871123953
304515747
365688427
157331547
279851959
35754812
152157777
116204799
392705163
753097019
112171297
272164167
116448616
18331785
130712893
251669462
261551132
508313629
989640575
39888508
966038787
790304340
830899199
883198854
253244653
370722366
269896570
958738394
240587743
137603660
852138876
379004295
165450709
378100688
623460143
479373058
116555145
353980600
405555831
635790630
285247288
75001161
254971566
719782280
627370036
654142618
9067393
536831849
511936637
915216977
411843827
741868919
410544596
799555449
49748611
731844528
181385552
797164028
496976101
898194978
169752605
936670372
160420590
590395713
794143093
875221182
328689628
76193453
373531772
310554073
70916968
329173937
244793890
168443011
546150779
880962673
96850845
110108063
419537500
504747397
972275806
200381357
209317504
184141043
483195373
118804835
972233734
374481738
810177834
753668830
772110669
683211640
388991722
692646075
621123497
277022667
925956266
473447651
329236453
852473975
369242234
933666453
131874490
451728264
412606710
656112231
853687618
6417482
499088805
846066110
700528040
365066377
635068831
733482625
113582773
363407847
552554319
469581383
92374565
32254162
303178348
577915343
637207463
3643697
959056883
795519506
95710762
350672579
386576534
812471019
659898850
844672589
619496154
832278773
787242596
835641673
962720415
495730771
46481787
777553706
430318484
319549999
908266600
774154498
997914233
796058729
154134598
53057729
802125650
498331186
449748265
453815900
502619295
210025508
875116587
822660894
854557340
83249337
120128548
25092803
579164713
805668006
48367815
748807353
700332421
103917202
2425426
415460728
801626373
972530711
184120742
916923806
341970748
795012578
661953923
572285767
324703291
898911452
119409116
20177321
459860494
18777758
432578354
636096625
579940671
277551432
610638485
982253512
785512954
857620307
842553179
257272951
882875755
79783996
752658041
200900201
825231568
921279221
96716951
327303655
476354222
641143207
28197915
338958278
534044137
909192206
883489184
522754847
523253512
415225711
802741804
874386138
826143859
399106106
730447150
274032590
242548429
161598402
396994604
269720659
361878834
618275800
338894367
790307943
308810946
348281634
640762466
712784015
417534005
946743431
707886266
637419169
184464588
137713825
758113967
599725714
703553214
871432977
962160307
981037428
839786561
991050751
828829364
881528873
180551152
231406125
678124835
959418486
730193236
785702710
765105819
542329465
157745395
328987181
945012352
755268636
600053902
248972706
615989713
341959562
633500469
370877624
803797483
678762278
138848852
250641228
96150654
791106149
830077484
601774778
900555502
971206161
481750594
628563694
432040167
108276305
979793763
489722343
960543534
389290418
801021725
715876203
772650745
404992184
712785979
391786333
475611045
54792135
911744733
980832509
30236987
791323135
498959528
254403818
669923745
416405672
463150294
868194292
540622457
723877933
450911988
318655105
77103003
616093806
965501903
273963153
564251167
20435926
946747250
193299480
944564775
942606795
557989330
782309647
640753743
610536678
638980052
532846451
415708629
46356502
742778934
917797038
810609082
849345397
690564662
897083348
505306477
783157666
649870393
698264239
136118519
767796030
415600682
923105592
907214793
579565563
817299980
170623694
360809679
845974444
182087442
185642044
814154745
827195288
990422435
325441042
715502930
730371837
365668401
555067893
28619659
750899348
228370378
434325985
48204958
37562506
616585768
564507594
948642381
868364945
997813931
250246799
422494698
449783654
113480728
200315934
964912343
457014716
701334007
46441667
700022058
20382352
334440448
296188220
525557390
91089723
769698296
362083177
371310824
138165484
423283496
228983277
731351738
301346077
790381392
541413514
155756703
456549748
168204101
118055389
111515599
626268156
88039670
196049494
96831681
852709321
935784102
694316529
303445875
509884284
100710501
216879857
235857048
684538507
247179201
534282066
747526526
8388658
763655741
479443925
777549718
252190175
934201661
475621374
188927496
791656120
744218036
402762072
92613379
101253256
758929091
887218154
519311888
590696447
819265943
496069864
879474735
803935024
255096904
885823769
756705777
632723174
617467695
118638159
916364698
926618039
94835807
410639268
51098949
926319720
9496734
789832416
121390988
544347254
927251673
861138319
923612537
299612973
726179260
965976529
237999735
910710514
150798582
435438471
743001510
405183552
410578264
168658706
102210076
168482688
601579184
952728474
289464975
294291503
373544087
157314016
559518706
305179298
696995228
62331510
721446726
876786021
966815708
200773614
998334392
716887768
60986314
833422367
409571173
109463332
438013695
53752701
480509913
176928308
195514619
992352561
30183671
200243764
170922549
179488420
192612156
251718517
96645277
239657742
363863826
709085615
587417544
756185592
925228820
423702176
554923414
918740027
320531861
544834131
229860527
793446452
164041760
535923538
756508318
775591166
106500452
274489437
348014439
604381782
502548761
665705580
694659213
920072309
813439367
896928857
398417721
564997915
892193061
297126051
696313569
600974812
900839516
924627169
484536169
930840750
45919660
131420466
383228081
984264516
326300209
54473901
551858292
837206512
86105809
801186306
28304534
231226170
877038697
931846379
842955229
846767558
629424170
47105487
200536983
652219015
357055935
745506547
98435328
255533886
917157848
360274551
383671651
115267453
384716202
300085710
861202275
833592021
507845507
561067419
939557748
933432921
170479527
877112142
542046872
29489006
30145625
587920376
882321256
377110400
136760226
163708562
767306115
19052897
616865890
922174327
394425854
74371514
859714105
72477176
983101161
388080630
414217068
853477770
866349921
989847512
303884716
209123938
127451806
131101810
907359940
337766741
985023887
53512121
538602097
686654185
180947945
515846366
900108769
807882665
821337956
483010261
171322490
961799833
841232884
798942926
217736840
390528313
934190508
914069782
203063926
106044200
111348094
613411369
925483570
20641096
623926010
872296597
83323703
590214486
298960900
121578884
99958837
456704377
692420735
99692851
835340952
911136199
682991749
502390296
236158121
436435853
976993996
633387416
758622900
919379712
660275008
300158362
334414050
372412739
725366206
898598934
683070958
435061701
397088637
30165000
808900248
48605492
927073842
797352293
483440237
433328254
212126812
150796004
66228841
366930100
165218336
725754651
366141639
589558596
252553431
20145850
602199167
621458080
522904224
919353563
997953985
521396003
18289687
904751598
873894753
33618879
3852113
651500449
503019415
709294343
890027765
495501810
678952343
949902941
183630721
248566005
818361061
520859431
385350676
652230865
317080820
908044219
59554436
756594124
549174834
813979293
787252523
221307567
21475624
982797332
94521124
210904256
725232615
620308721
570289970
350471978
659611143
811096846
354405914
296140005
705301409
271357264
940787105
507562369
648261218
934270837
622900071
370493907
544424667
762199319
802732259
48994860
801536031
462796677
484109419
196573857
481272463
528346310
519439700
859975327
40606452
933688048
874470834
306060914
176847121
546585940
424129814
57822451
363369962
432688322
671428737
533106212
899872013
75295022
916561975
890370379
245936262
357047964
29186194
109463332
377906994
861479996
830286934
941667786
921279221
680275782
446726242
209290367
252072346
196954335
318864584
726674705
68953683
925963034
563079545
787843940
971599295
215161180
294941909
775697723
84780850
640194666
450441026
692833155
308579400
369538198
463754146
746701029
48676940
592960174
601774778
144094075
233918359
524743447
424430080
733560174
810048501
999063775
733942424
505967955
508794205
898026815
759323430
429952311
656466755
551306146
470468438
317837386
666276240
187785543
222519238
803720075
188538417
142124967
404491749
363813425
886315936
430114251
970188278
841854957
567311189
811683065
984863391
566370768
925984875
108684359
836445841
58718063
821132255
704966876
329247875
65466308
291547538
484380544
409477220
90244592
276579196
322818815
3915024
435847785
953335855
641231248
913454822
632883303
994356509
303038275
232763081
388305818
850741834
730732198
509406970
310130067
794607533
68849008
462357795
976815907
919961355
894577041
408576760
505991830
149718252
586810338
809225947
617382547
975709375
83342300
934823604
207346830
908775309
718256646
603684657
305622883
483340389
434345002
736140291
755216595
683737
74621632
718372990
701056060
16684308
722846891
947060834
60726644
864375177
95193489
187140033
579587931
977783783
345946472
525372193
374136148
387716112
609527661
843249339
328258049
428355984
990351373
85213542
899016181
451424558
62962247
764178815
671163636
614324191
904150527
659365092
815552295
65371065
987420444
224905933
223964067
53504998
955781094
104308248
455205224
690325359
283570562
368734316
375307320
128246904
146614706
798936265
671351804
960755870
556910208
463091997
496642009
28492993
466308277
832307838
766388159
109787185
12048163
492875744
354247476
569969073
311103309
197556576
932428778
321651760
759795258
873749959
236166995
696937247
227420148
43287795
119512537
696772522
370833587
986145849
739996083
850723007
756028043
988738221
356043356
652956352
556835600
356426696
794385436
402336834
225883681
97262598
251729976
709631092
945934144
579223660
382155036
437120514
27963747
743929743
170559949
669630945
827274512
392405930
653324209
33740534
114371683
159503658
955907904
214757857
580766194
706828377
313615943
228899986
734742576
972987942
68593239
637190690
948748783
138331308
275910463
668880610
322793058
848798803
304972999
51256955
218825675
855719988
669670939
899878636
669154550
732105979
838647472
276540988
864756766
226649529
374914727
253242153
984292576
746036563
294941377
419415827
116610868
456332217
372559629
349608160
349530127
475394134
88631838
636978237
362935650
762447878
369873045
905960872
41271414
813335828
374146429
575184086
69140689
196368734
749501488
226163840
688650878
16170480
574562760
561289181
720846428
470272914
521019450
586799894
556402579
940286901
480918543
62174724
633889199
936628765
898965526
380036892
724822258
702245530
234581105
878921991
219075586
27110268
146021840
955861059
552984572
637622540
725703132
679947980
640343920
592451846
347623168
739981071
513824224
627953309
640493675
774098735
511480326
544244389
2664274
543355024
222881025
118624653
476915897
4015968
24580129
677991510
228284579
377635784
318179798
43280496
636104203
167748853
271488802
142521268
461527479
620075143
208447117
394374314
330416764
788138606
560208312
280569579
441550234
512740413
578787311
739271379
161617713
89299238
956619173
918796513
208805641
114319517
846021818
172361491
896374654
32640394
161027251
886300390
900505331
165581540
553786326
222258813
9448522
108215762
370821135
895985367
656119140
215942434
274520743
594499260
921764479
690367744
90349123
380061754
908305287
527075331
835818180
893656095
797054845
548486659
359688634
110059019
603573861
623157885
499725323
964118195
978197400
845252051
860990113
244462708
413116099
878150637
351262071
88425527
33201701
641579221
28977765
663399770
393948535
186136528
877126239
946411637
333364587
304476258
495996100
12209676
753548445
463776165
54209588
526875223
344835095
8806201
304199434
304491567
816180858
835884228
590746069
940068590
913092745
628750781
287005349
674550503
231389175
452046180
874024215
887425913
255862909
140486266
554233359
802347095
269566817
392250663
146277751
71521389
119529272
99053352
683376322
879015891
916743794
188075273
881837619
568168787
438196480
941474384
221707013
219951970
348024238
715508394
497008995
894062532
169859901
861249177
27891890
266227686
896402877
751975494
996326126
716556603
111998229
910465086
745560001
205369224
953400198
801180618
143302649
874829939
103185575
57457384
620548786
683254118
717034023
104897182
515251360
658166594
495467376
382890967
398242114
108334923
511926527
929344391
596512575
868102691
698500083
258405568
902402008
782744305
695684358
789202369
987733001
893300892
100260423
664177488
467515290
738232349
486555886
713322975
284610862
519608491
892163159
878831530
79705360
849433400
50612079
504595423
786845390
82215942
139327892
806135025
814109573
580205267
110334249
993418739
183319403
862230907
53711379
936190852
21901577
563463095
629341622
46425363
624387477
790433491
433593710
110121138
347791447
650054781
219628363
933648833
773053505
453239235
811132328
651446659
36986179
89356617
894062532
144228819
402683758
826992543
191702366
485553734
650841088
944432820
270412861
698433870
920745004
805115417
321937717
818955185
47572049
230615242
636283695
44292809
619176575
845922582
178877796
314581545
124999434
488793003
902826814
917873436
625570651
633032907
381220403
14852181
623896868
338057873
520850392
922280092
260886956
228504774
414695231
657458963
526337295
781357563
622676667
819078111
252543026
276153214
97879975
515444274
615644150
150517453
727878550
972552325
745211930
69972422
749353784
719409854
318377963
482430070
424730652
26068752
324645067
276635529
323385234
483670560
85495308
636430796
269951203
362260093
704443147
107352188
863880213
12362940
365094893
445051988
956015598
193007326
848895204
791752788
687404388
395318909
243776716
114949788
507683098
617924791
287335991
195587970
313988711
131740725
411413373
226716584
315382941
808599174
947649844
519561514
486782317
39362758
436845909
591436832
108088761
411287699
517113016
167078057
530770562
48851331
566083811
259953472
882264992
208075961
770935972
985036727
669512774
481457419
237638531
521954180
476194544
427867760
263021868
695848752
83212448
757974783
635754081
912329878
14669843
587197312
412564681
306668821
575850462
955040604
431599646
466008457
747284896
503557079
966411973
398504487
290463175
199505224
416695630
733069789
574308882
596771645
772176955
805804970
660965435
316727663
380918124
740391252
13137909
808921024
814762520
9633227
115604290
744049833
519951454
685789963
170927984
181966507
8978570
458730045
219124288
857188597
209991647
614586428
689102077
161895489
143704050
66750341
345913681
87355091
734905617
803866217
277697064
666440993
208479276
816388062
443333238
77056618
443556486
778345488
222662103
173760832
612163696
753567806
133259115
597577210
381051692
111482719
167627688
455776972
862521463
718068652
828129412
895440386
708177392
773034841
433636693
346575935
397599582
734633913
759469157
307414729
925280424
997257828
573054896
795180343
926048049
45976505
140563896
385400696
739077176
477434870
566785146
989532856
19560867
345902701
834540191
376140216
642348248
810057768
850779814
737797818
628210919
708033527
128510906
45098299
905318802
876451422
899113324
271756960
992729530
166073835
679988906
505006184
110026116
137762268
701262180
227935875
608009451
76366064
330220881
901011333
188701183
374186282
851904211
973579443
495303529
488240302
466683231
757921957
2133045
983972642
286448266
924329437
212696128
32081574
165332576
196718670
856369904
393682865
946747250
809598890
759265651
357191338
252000892
951027239
563984954
125162646
741046340
138896391
163190454
167976585
960862794
441306905
734558498
597381783
393422163
540088914
530439552
12324468
187912717
596877868
118140265
353772507
92317203
711697209
692889300
740926978
997309053
921445441
464878409
531952832
824391465
296536527
584602428
645790945
518584799
593417908
582982974
532021900
756009841
49554723
111398208
663493831
892063044
627126832
279906163
563519866
897007977
737381605
193248687
313287913
770853376
940586869
214034583
71844810
581897255
419329943
235427873
978206775
437590404
867749298
588403021
979162384
238414728
686791676
224578516
987101685
860183283
891231299
740283677
938830692
198587941
472651138
752163071
830201886
231242994
423910433
61635508
814016450
200039397
368769946
651303740
863691432
285015808
709420532
556109369
178719870
446066472
911040550
890910505
731708749
631648790
492834456
81698173
571106011
110509067
656043716
532897833
608154079
543691497
614585174
22360785
19550580
344539026
775849976
836076369
926049448
493780479
840660198
70213948
907730195
268763506
481788077
612456736
903319493
787710827
810928056
829368225
911579470
500829092
373067707
768012485
653253592
996258701
746237726
372839674
795005525
612485780
330081661
497811219
377652393
660599041
979375765
751268396
6663903
680657658
103158560
568183155
571379798
923934166
218593100
256005760
420413264
23001814
237972461
657423162
659201309
997518078
971866426
759638161
832013359
196755035
845301785
783167586
135561289
789436739
755442400
161989843
499529856
957049428
240179783
923366119
393966357
571649245
792291310
688554394
558739835
324286466
607920572
202094755
542694734
620582935
737854274
661882795
808197512
257925385
76743366
148041361
541633425
154968529
913348901
323649791
829904609
902507392
975670187
631155962
772164
299959796
945274157
740860072
441909707
871870371
893074801
401146791
883353813
528146335
746173653
384956780
709328964
28225809
679957739
630422212
139966102
771233641
941918539
874064879
52896717
144265149
675115259
888183790
614774848
772961170
986659777
784355079
870165134
287119422
835666658
828612167
478488342
84246004
481214553
19068356
256475858
892875824
293432358
633936510
513094178
440122987
520953332
96716951
904118167
375753853
643894518
412684108
533485008
294982067
802686492
126439635
209400486
332418351
933917679
764493540
488151971
397746965
658413974
819189329
175194922
518010563
830431688
409768323
406533150
833086035
172324636
900586938
98808158
676636438
986259817
690563068
768444006
433075381
717862728
898961588
901643963
188872601
947855611
527209306
6417482
542283202
755116847
128504692
207231910
385440746
813569286
675857134
394289435
327011490
664001428
725720400
587617982
827090834
658497197
702378658
123512211
98420553
859935725
984859946
744031488
70054180
29302895
145815556
655595526
323980888
982770937
208128560
516257939
197570574
260240309
365288428
432847835
408382666
8273805
527360666
375554700
724283450
874899213
936173869
446397676
716187034
912841855
531462993
782499301
698571176
840082239
920099552
643342181
772541803
355932155
40140042
138383864
930032378
977566149
837672590
543352919
118668754
302979396
143175131
975653921
231905601
598894571
669590252
274878931
256335536
603689022
276324055
281572428
817134739
727325620
597528538
730743919
273920281
73526564
773747697
128955914
14437019
113477501
772386026
313165029
997327553
116429207
652523722
170251391
67707136
477275560
455864625
928264618
633859555
661961202
145939055
433848250
490660242
970965849
490446971
225292825
144499318
217087462
782134346
607086081
398901933
269726168
644325890
319218939
849597610
199663605
280960672
454059001
19519213
361867564
480678647
576651244
83644788
667982315
913699958
70182481
840639355
331440938
869125206
813051213
695399838
471286749
19284614
916811281
994577563
188459464
181008268
128818740
872016312
275482880
377637546
958602637
408634619
897117877
813979293
949471620
855151187
359690590
763615073
875091176
307307755
364258607
702980602
208023633
860086902
284442050
9365415
418471712
358392676
567534326
649297931
313339619
887184055
372686209
973665916
807502307
178184129
957031722
293659471
482487569
824805401
256038416
828739045
661838755
52803718
789104449
478701452
494681164
691698383
197266536
826896937
210263689
891490494
697354141
151551817
170586660
853161795
6051756
689509425
519608491
354113816
572604500
497362868
288027617
309197261
98958177
262664131
400449006
73696120
805473162
356831668
741452510
140923887
7121144
939923774
429586269
848490208
407448389
761878160
35220475
589686469
715809204
637412489
816541554
785040337
980857358
462356659
768153154
342671563
457398254
953266578
844689494
898042204
436548586
421694750
650612757
30433944
930938478
690282622
940686712
88039513
423108757
571498976
551413093
999672863
437050278
213776873
439137351
813549645
447217442
268544114
825395228
81740089
368685563
277042474
5044598
513080572
481844896
721649277
829475377
688633549
824333002
423069490
376147132
134734025
907159371
654885445
958642649
588053589
13990862
45545863
732363777
128695572
665101033
55588202
878169965
373755421
750998400
136276494
581912658
554848686
667003034
180157705
923550779
16278701
183589020
335550324
452406475
163419994
281437432
834632185
126929875
865705887
570459296
676075585
524228421
254971566
268366491
407433502
695848752
60350552
395420154
764537409
538383404
720109706
411246968
630911674
729123859
840800374
782331098
134297724
574798932
649256166
901381878
109233113
63618350
727053689
408647026
974786939
784703256
361762178
422843870
867608388
772525699
999591264
318684719
503113880
855628794
461650857
758610885
195995422
664001428
19631514
697059120
87850156
524397028
50163307
877295728
108190836
829328745
926088899
569773016
230465021
812401391
857881068
774102684
40076792
964801259
855442437
937146609
757684506
904172813
147260710
758587596
487314768
761972138
847039103
628751370
223187926
911871255
897412097
405974898
451959231
185859519
419394738
602242843
654456577
756185592
424744220
772642217
229469146
37465081
42136931
932745103
415436923
201508234
447728535
143039510
112852854
77136395
936813584
404036142
899156024
430202903
566875631
965282371
752509442
688190978
362838592
386554093
304985987
833158742
559827330
30330483
916826952
41799274
405765503
137319786
298330422
659494258
924227298
649807806
159280604
535639728
863224753
629681717
160853419
269739691
88837594
802087172
968879653
29294588
273002434
75344224
515758727
248206900
158282294
36804928
168997420
124348251
298195773
977111766
674509261
871489412
404044027
607367322
103480907
282093698
973412708
986742637
837874616
18477573
638124436
946294625
314970306
29444260
768650368
477226604
8932463
358857266
577701028
904638674
719184542
640200162
130975536
516462914
115247381
590123481
85076885
414891045
767382367
690452877
146696562
431028941
914411382
71352345
933338071
72563275
875601807
718110964
842710269
608017384
50163307
647352971
688240453
347104507
654752073
734203434
416940648
798391257
393310477
472861241
631072540
657957293
340573914
958990997
544286606
93723862
218842446
25928409
936860490
140487957
198668276
383675982
732995673
865574640
136174334
698213124
536912296
269082757
323545621
273487937
571505490
47870042
488753067
88653780
503360608
756115799
711649215
617581196
123468451
574502477
913551113
168611599
394731070
44440348
307488762
922897489
606956847
692989852
9211479
573813626
967432913
115809628
96080029
277921209
943057111
751640893
427859980
137109933
642671322
353877628
600582917
933762166
822664693
842801107
182744409
258667348
541701472
475167833
989554717
783540748
502548761
681328181
354708071
242910800
738265974
351169986
186525150
731305134
699066998
636101874
214905465
844341361
785012585
109806127
806353191
304613318
472036570
923558436
351124876
179690677
209478745
150961975
718834874
166467868
677012120
337460011
437865445
722178633
250574692
849086608
688800779
897580767
825052054
867898367
642166533
718122260
72905725
598604973
225840611
498722733
436379910
165436230
325355503
833489799
27494551
873662362
657775325
163478515
190047361
424407147
884543060
791298899
946042387
57078455
835014005
771742476
467429045
452293214
670486358
338750710
347416241
979238061
694898333
311685698
482233039
165839797
354903147
754898548
398480131
440836340
303970071
809165256
668649815
418325165
406441618
489911079
350967193
469236833
354280407
808052062
705918154
389721262
574773259
408460675
59209291
5472609
463106079
288035954
848626122
899462193
621546777
671139466
471080839
266700164
767135833
940369035
376093621
506561441
717102213
846363991
175402143
193981199
660544703
167931205
420143187
465478636
813529777
588710628
610424080
668339000
125712641
405530980
584996164
706639513
244649968
307184022
293767455
744158771
189611140
891348112
652298485
546104008
326938315
768010364
300158362
496760488
561726515
282990931
115629357
285625939
636526879
488893109
618065788
902195674
718337905
642441349
915772862
844152797
192187153
418609853
454971788
503969036
775039714
840196511
37532039
132191868
722907505
921507737
824209566
142628676
724516925
894699650
209404281
270798065
724842097
746604500
322994096
406230981
615258871
504093500
606531262
135056203
751075491
461292397
973185717
958680177
685436327
148680086
352249489
67163969
883673123
76311303
215190925
452489602
879642689
131700353
615485832
819176298
454788648
277570844
572774968
102644877
393192675
680089445
597588813
681386526
882157896
341279049
336042155
994667164
644431428
265636621
423801929
826985258
579587931
111338133
956619173
394268717
463003956
788590281
560874707
240870238
752767057
479152641
933730916
316446913
149027130
309775267
217229108
837075859
83238649
842042338
697657220
584775768
433395776
424594159
417402035
74002888
697390910
697109374
299596860
218638189
970436311
242030576
529010615
153143318
106338738
768852452
894515858
767370139
636802182
209822650
847014226
281381213
343419407
227715015
713964012
414049391
245427832
112091651
497441904
163482264
852696734
83231941
20327899
150051462
420408207
755953253
237963136
386631844
269156555
944900115
228370378
990323799
7547340
941878647
464326981
683189217
555242038
230697899
61613332
412739194
30911705
919481819
421383740
135441004
157581580
177518941
394086875
870489203
788412024
807309569
626867258
70731336
711437194
688245108
900710920
606154364
501303881
339325472
364218656
562335094
833097218
799650717
946655255
266302186
685488961
332726092
705545934
762653537
439391581
706092685
860191495
551045154
907386931
814130631
387035495
318913412
681950018
548082031
172477031
927130683
77735395
42640519
6635213
162154151
336133666
707803242
49193294
808248585
889856009
182324388
632307932
214060698
134595383
568282864
949332425
220661159
711158977
351513529
173388749
997921188
5951233
756087799
855888435
144570327
388085475
45626224
861469776
347521084
81488573
25830161
514915819
547294060
653887038
548337763
824524261
97910530
426692883
960438878
912506668
289851289
356848630
438255430
740734252
368345851
180180335
658512058
617223741
691170061
544452677
933896433
538339852
199393407
202112320
810169136
753656429
681380367
861249177
297859370
695164992
963303741
612340628
833677701
298554545
686918885
301601505
61388126
369467129
575062040
20064036
875793182
252515788
91550180
874082821
839972149
137581208
791080470
493521960
260240309
306308788
960159042
512078975
680862907
30258225
656930285
869144183
815504793
280536824
591179306
745174640
284812324
968672720
597862925
1915298
548520948
179019326
223581934
235781048
136599769
28130473
295781421
792440681
314633497
655524316
517328492
844709101
508915459
197928756
507541272
587598476
240739383
449178837
361006187
486318262
166073296
453390688
799559632
607596110
817491035
745970580
397776261
208796776
87903915
288758020
490241493
346282950
791615713
935271167
414719374
625482572
566192919
233366529
492554872
926098985
872567985
397160404
86246974
20145850
91759521
779413475
645166634
121466383
587466566
936715066
781725373
945325308
539383343
356196055
820790225
939458357
947407259
113387470
393001646
225212781
389250511
342469822
590435355
52942753
184211600
686122261
489099038
231846410
251954677
580698495
325943946
514541904
128717029
914278374
691762597
23631237
233867695
66949738
608711457
14011244
487151114
701526573
138649214
896581147
173107655
176618345
965096879
744264781
194316718
648063547
552026605
718464806
926555099
94930188
344650146
748975079
721371642
249993810
728490217
804896950
256556415
166144107
920185346
27980384
262984949
717190810
882009396
289735405
706106776
848268317
924559906
294890793
718487158
435455868
306046988
230165539
387426845
943908256
877175791
645148774
45119977
825686916
573835295
576356876
49980171
850319114
648738263
443290240
878051264
329367351
818391490
256426956
236208344
266999186
92292499
684980128
688886526
234296458
502182822
527939813
341802170
671553419
739826458
486762669
272702763
187312241
163890980
254539158
764389962
26898106
957539350
659017144
842124760
582429062
70188707
140975863
252053335
935522650
56835323
61449443
16496449
936193036
790803979
929660915
374044452
28939000
700232947
805824074
119114264
225367489
405822961
172145151
592285601
455581395
893089823
517642608
744956774
826133885
952606379
9293736
399019025
794100829
820479314
1686919
250106533
441722152
175343011
301994133
22886577
569328593
35991399
139636019
751758522
483056766
10232587
764200407
139636316
700014706
138297776
601761719
778691920
940076008
436087014
965826437
646158584
223313880
133207046
284640799
493584959
314052364
603339104
741615063
921594865
296007492
969479114
891831719
15735191
588379405
62191983
887936869
426157754
187934587
67208829
885617444
711787943
756265713
149824673
772044029
891866183
743293765
173165822
142626111
195013876
751924953
594255428
732794074
105245036
753757518
278716952
495099438
917633896
97363269
733372809
211955296
744432755
436615107
161188282
186489530
267276873
127845922
892513051
257385363
293457121
588405075
860526823
414569614
389230227
689291773
781441950
856105410
309886902
607501577
647463048
748975079
723505632
671832477
111849801
413051473
851236672
35908976
475287764
878782435
25748512
535281925
741467026
659970514
442801446
282535330
970312177
370806666
892569165
838073333
141566120
699300573
432177471
109952165
761557409
180090211
359593030
625396786
38172519
856107143
739157734
26848051
259139072
739936916
545614603
258661684
327508342
968688391
417732991
244348065
577734283
700985352
298467832
310347785
684692760
893698735
854390473
553408687
549595070
513860946
250984513
378897641
33214363
35275376
582065027
199663605
939013615
944513679
515638253
570538027
637933584
345702331
417773797
63586706
799664181
545079906
155989484
830287360
239427473
285529586
56939664
390138719
807254265
362964519
655020474
121156693
434753015
114570067
171849112
963811649
429012892
708917146
236836657
689538009
404139364
679817571
322665604
922632519
855442437
319263721
961449306
782176858
759548997
3774636
525084880
164537125
687391839
261462744
241517371
805048216
862919685
691762597
210156389
447366996
894594554
894031318
155607781
599719605
181575711
973630565
285437837
566118728
983132047
514304390
39677936
165038175
872752014
218502511
335798031
437526866
870412975
425641321
558994905
827753363
603577346
398489773
134278732
928654673
507212577
564782489
138903697
927384036
497219295
162077728
363898906
809305135
923361303
332503587
291461036
905934696
913214184
819173216
91417630
598609091
592816748
799902769
132782822
967871861
554525327
518081457
53584164
925036016
577702379
780049686
729033986
942806071
750609395
152185953
808900248
980430980
522228501
194017338
545001990
582257390
293082001
820730322
495965746
667479991
783264857
72004366
704882537
93011170
203248098
199956373
704733470
27168179
909179837
307700045
407813596
806040984
34995119
665607823
128298097
950258727
514351973
334622969
801696664
580912343
417011658
762044718
761248497
124786362
346926686
165949723
552503912
925796116
515315668
206725501
381918679
678637186
841076219
591381390
160727560
823578641
76787178
832364112
764461681
458522751
75608535
799400140
284710446
21567363
337430752
329569992
496933626
86216715
969186947
866486373
667225126
908418048
462791991
426966807
862159173
478470648
409631649
928841938
656599120
270845921
934159822
203730925
969649937
779736965
574507967
681361270
189734337
242428091
369762301
920216882
900348016
320737459
184419864
331568445
62045672
963213544
268227967
143074219
491229821
816697605
898985662
327496433
586682031
825058410
579962532
705699465
129174843
698001287
881912789
775634042
225799127
22886292
744029338
98018686
905327111
246269883
371638464
272355209
643057975
909231085
871888988
944596447
15050023
579448691
766347974
915462047
495972115
834569395
252578506
724251863
731828364
690464803
918938049
499122621
974378388
201664129
51709841
615117581
94926351
419897444
979353255
558469931
635836508
966124065
245143687
105169857
318820073
999003320
925613587
847081416
412288250
298011902
764982568
97867595
559681044
905288432
805479149
185066899
824745883
992868811
959715208
728046532
801571468
808099094
307190336
287917597
165698071
693297081
529614
53207790
361643223
595884154
567960704
848111641
149954005
523168987
134734025
80586064
591983483
409796444
324569188
17913387
963172195
710208455
560337486
579452313
361696452
757079762
244403000
397001087
31134535
473257029
857437264
587869184
849998992
875978639
527104846
472647282
173378718
126799022
489143729
635056882
516873874
236828200
816941912
165869363
876337664
798956395
711000060
219727962
472442634
514792876
999620193
74302317
594033137
814930967
142622031
964346340
137387607
652548951
4271497
646982319
408095043
507212577
85539070
541105400
180066096
888035174
859888952
594132092
406816432
91623565
66190043
143807012
627529731
945087967
174497636
270254068
700214439
106580328
944908997
265073691
112176956
744040848
207908437
475696026
703464679
774691759
523887929
571963333
967669761
726284987
803082443
55059906
596317906
72332969
764452291
672777396
918597050
986636635
564520
816422606
608702633
551705936
223678985
300966510
367494931
543047510
743136447
361880331
972967049
907133587
686687324
78215691
63409382
81515535
372161319
530851315
589495278
73712221
837076384
352548484
673023685
110621811
885670083
20700786
159733379
408139526
457156065
957325686
973670350
727476919
75710712
218560960
287599168
931716203
516808376
937424180
677314752
356535465
755204630
428692532
67514038
207677331
195157474
648576287
73752718
793759078
678042465
277284229
744683256
88928
830394314
144237365
30911705
200313528
297916015
170879953
350189459
961847172
700130426
212032811
367014850
57640458
571662777
745833660
620722366
476872637
677207518
994457850
327372589
456528578
244404479
900813662
381150342
929115917
969214746
231126675
714357264
621121088
148030801
919721006
654549109
183778442
348154984
772117571
447417882
361506534
612632947
488566154
499830029
888667873
290521938
90570459
213769283
23042238
48812413
720576251
152448536
114553591
99881349
243157857
384136951
921692263
113146866
837672590
24880260
447851771
947486019
941663970
837691771
823678952
186427363
539498345
874292727
234901821
449132853
325212663
759461661
396640971
268016375
724274354
720450467
234573655
831787278
20382352
786323826
145375853
317691144
486277775
533179820
161294398
201252917
575081024
629783802
352337924
404396464
502618885
879015891
511592799
60703093
267887886
38767608
734639244
821559745
94431886
972709036
928774640
508105904
49601287
583763441
567636184
323155741
207592685
230741830
210025015
977282582
224400172
959106524
830940693
391349106
496993623
713135784
557489161
532921745
880551018
691780799
71772185
993509457
188292956
404757080
41944572
859201902
189491970
178785495
84218136
808886265
232295094
345436355
870424172
773658851
515362531
381692141
998750285
645692995
224153105
698120706
593072341
400386089
496746411
272288612
477275560
345819170
460362998
488322507
172534180
515281022
278302367
58718063
810107620
14981211
127119677
364935392
906422375
11796998
915172248
193248687
801442217
489701715
982975212
295595771
636339066
666169170
153911731
90480741
304289879
73902692
845952091
189284971
135351257
752979407
452406475
89899631
475302648
49721498
897942901
591021548
868103120
406272062
320653608
803497276
556323948
865180786
450481488
332926115
563509935
477603519
102346552
96968814
553935660
782064396
155675598
464381646
188417342
950510579
422033617
276435072
595257617
746994519
441702290
516131344
595860890
465659767
345911582
224830379
894002568
472101410
171783253
133691374
461015498
403295169
761805470
98098918
354319675
776291315
29205686
939507688
363854499
986833147
922109549
576428306
631324152
585383064
803281673
424730652
439891911
947830980
949933022
830166330
674509261
874621781
965277691
292470750
53993796
982071013
858053695
362564743
621865261
629200935
193879181
687432475
665084001
156090028
8670404
111595987
966263286
583928988
859848529
187695422
497267577
202279563
713059215
631421700
203367781
450714948
874966369
758618592
947948441
409489295
918020379
187670345
11633152
80867924
679817571
884606553
927519695
523398725
585883701
222445365
627814203
936000808
977570383
725981199
206008469
858575997
842546489
414816461
128593173
866879121
833054261
558953740
138318507
780114650
879317026
997448307
958900634
396394085
85217521
366610655
889355615
579923731
174768704
543275046
606983693
327322013
743213079
678370958
853016938
486824111
152691814
360288726
844997324
408555625
842249027
364859286
915569775
842375718
324765781
21313219
460460324
64600435
393867170
196815176
248099898
844770714
522416805
417987187
305186902
759516409
355678761
192556567
918536737
828095668
444635992
460642669
671632134
72530999
805115417
155630054
588007109
910688569
578344267
298013223
106267768
750095302
377765510
437051608
256751284
566377641
514163348
349118506
501665496
424527486
898673733
367470871
639436186
477530505
372731864
13005885
752438785
751294
868856850
774774202
663871099
357817485
723357153
903939074
455250397
680518484
485008553
267378403
987606229
534144540
746571681
246184992
734297003
461291095
457500304
872614409
347950945
62143456
312507319
435929590
986794507
634961024
510063918
640673560
787294360
245173517
524742339
897095932
232050320
264487258
685107397
615050788
368103652
945946397
833525201
679880667
553694897
179455029
367340593
850766868
923882359
643051054
765006170
744237324
546011387
263510165
582494874
652636104
492675256
822202843
627243819
881776280
615416995
968432474
892154991
374410291
375240038
220670954
431450967
646024583
396454709
231751383
44338229
325893353
282354438
514648787
130894995
339337409
711000060
734650196
508421744
646358725
241893758
958631352
921913863
722370428
140801839
425202950
241240682
412485784
591671202
470417631
648891946
138684295
322580466
712437758
904567323
153929721
162057043
195342712
683946100
615857294
30097594
868945299
981086360
454166947
579573980
540198074
599786801
621799857
260633492
913260803
197155352
505530025
811076808
485184757
915802592
185494786
578116719
425049865
148888706
38684982
367940467
126228108
701187994
15026127
4323687
101059779
823614689
382781819
427594589
187016086
268762001
805085122
55263992
923525749
34134695
180484179
430013084
523807284
833899656
492042869
298281257
177777271
779050706
378077832
182833730
859494301
615429887
307608146
967471843
216348598
262834078
254679349
805185201
226669696
730043323
141600134
152011175
20516539
704777387
638098198
340901453
836787095
456047360
795968953
895658814
27678806
928452264
325079146
943052287
334494836
779041107
181015970
56697767
221489319
59463443
91871589
618925090
769689514
424292826
314065859
424949272
546730164
541842618
594621499
852245118
617282474
935822223
564104679
550008133
654538079
727577097
671109212
729244281
188275990
181175409
808734248
72159762
566579760
714747385
98230600
698671981
542624034
602876131
148994942
844600515
314431593
573018443
246135626
192018089
986045787
40074269
877701660
487804182
79309145
805506642
310416131
961726930
413408746
373282463
529494536
726845385
485333722
532048899
638109807
587415684
80371529
516692186
641152516
336831342
528089624
430969558
877997219
298263717
59800786
679517300
287005349
237464219
481457419
624191085
508802812
723996665
698760924
929297084
174539742
773941048
14708953
340640564
266998768
390727808
536446054
389176323
753840311
97856967
344597593
549130978
70492689
813923474
970408349
233925971
371176379
613971232
313325602
527630602
973494263
784005980
35467908
501426223
44006261
323582929
999464715
156595642
821161260
168218313
440346044
869175821
581609133
385203655
61602451
359238631
237021851
578772962
375908319
993490420
543045296
58728116
54235414
251055223
845776048
355514653
661702206
60571095
811366562
48302262
452358694
486801415
254679154
485440964
251933942
681432441
61756457
87267998
729257112
509455237
737744693
180058016
499260339
644826685
208467581
420520457
886669308
897305526
536389311
18454803
752090310
965086547
838700573
729144401
761686077
355712892
999577157
364186244
679016241
263366739
605447927
424578438
311855205
84747373
719064738
493029841
903542664
120410560
468910784
214028481
973362750
172398371
268856034
117713947
349258998
226498105
900348016
674630839
815095818
19250267
307414729
775139017
558095219
421765018
632335490
644325890
177337869
575850462
753477459
520522170
985358737
259168782
379571298
954834170
133465218
576829076
384178567
322564163
765400612
916924892
719163133
658240365
809080883
513723684
51130034
250048233
639090477
915830552
263306357
869710072
761677086
693354624
623293209
511107496
16713642
563369129
348313041
194247196
80594847
209664010
573851801
936877212
354091167
303142681
964834148
168867959
822400633
739341695
912602706
341493093
526886296
894087311
391115210
81020871
420251391
829103071
170001610
450247119
860814527
700421101
549421823
341995985
862886841
665858477
924599044
133154331
945691760
176831365
174016615
375549368
205609134
998334392
657346850
443441337
147164347
174831740
792589083
209050044
366764579
900966336
197252367
367191787
179919031
381789492
59928692
285787175
423599554
987047674
196476239
76064599
48112525
427054520
492652539
20542027
270523381
410898895
264812414
58417884
593013425
592960174
807911732
704902987
845311121
878987928
333226124
340319211
676453435
8670404
660985297
298610248
86593155
78200317
202226849
620954616
351863492
812123425
548159538
494334890
829849747
327835747
960276519
678505621
792402281
171476522
898965526
155609323
737318075
178987939
14590847
673624583
95806410
436749283
962526119
508100489
125502467
897476845
918184811
145354428
928711055
411988265
678689394
12201319
58751738
494124855
751632686
539123008
409020249
240978463
648283076
527008672
801926239
288391755
929988320
418238218
540056264
115040631
480485695
795632828
271665653
718932229
494438851
386289343
866614083
600406974
200162626
196722829
612207854
700232138
28469272
43269946
364918898
614097888
556301974
994983245
581964295
848595958
60771909
535326753
223892139
898147170
836513361
659088025
256609812
765481292
770283745
215835805
832870404
457204543
546461339
786415679
399986616
571204863
189796854
551324327
6058858
549698199
419753237
174711641
16923546
924352509
955063361
781976081
610654530
485541311
767512804
622405110
416278713
231222170
486570081
979150474
427815418
862827909
207407699
732213985
270276281
557300730
588780301
676729854
351889319
661589107
552342464
938589559
507147561
263075243
722453377
253888662
716914027
478520920
32627773
303525360
303843610
389702657
697850296
192100015
317359188
546011387
460655737
465516180
784614188
494132977
682624657
878134357
102874146
17704376
285797683
916537132
585053932
870628237
394318602
860246093
663681398
246357000
641320151
248297775
719660786
381834992
130245931
465235759
33909292
607061638
161556092
211255388
509628282
494739077
88866777
691060374
377104191
250314884
390061034
234126029
128454466
559677472
793575548
819345044
594113309
785159225
996977088
932913413
20724174
492827326
644431428
64289928
876734820
184538744
529595076
419368496
465974627
878231328
362889391
869800371
783220213
469138726
36046889
590468888
586770965
557377419
964542000
636776693
224305711
250268499
545596709
504535208
604332072
434368897
439233398
624002250
442042602
631897789
496044103
559658065
724709429
823607644
61129587
795228168
32169414
640984189
297974069
666772431
301817513
201192996
303566742
548706108
773754713
552614506
442966121
530227043
630607986
620704338
815569172
226630873
754623690
559846061
390329392
355508606
105823901
197351516
827556246
905521830
763261380
576710784
952321796
260789369
338202957
296511199
10562321
292005930
761163930
631499820
167747020
331735222
146301148
436113489
782391994
618989990
798353325
302479345
925377233
378753520
411081254
601567093
244680140
226630873
406314525
128505897
453091785
152769174
175513203
451320143
648957115
901455414
813205993
483720981
233311767
248937323
813522948
832648505
935783814
974590301
297778221
603086245
769004553
997750704
654989478
920391177
406206971
420766804
227460598
890894534
885437974
610638485
152451229
876681190
63635188
363430301
275186133
10061338
810812643
103613683
324005178
533367202
386564859
558549361
162752759
341278883
877278685
584595773
551788908
606959599
668624511
551217980
712111778
680306770
464124619
680728106
765814246
150742989
232329869
833496370
238345984
240454407
307021816
999722234
356565245
521234663
357403698
751152038
252357039
468275431
88443594
764594776
55208027
21530000
616699151
548613449
839051853
549265985
322376420
771743971
626392565
309030644
782047096
238682907
353520630
227164698
995544293
564396785
350271621
109196041
646114059
380468888
967530229
748620851
491541666
156080969
986327224
965297285
78924598
191729218
918586459
266215134
753355914
465676023
82087373
285730305
851673734
909729976
402811233
619267457
981660065
701098864
203516677
614329905
48377911
580156166
691123281
109578522
940707612
390686344
790800044
788036641
393058713
686384839
4184113
743628171
568486729
665337897
201590980
812444383
278475565
624541573
289721571
392366301
90526527
665413478
370599368
471461068
838647472
570713618
849082188
306235213
212126812
456874419
194143561
678983001
215675939
478753805
279910493
394664165
523337922
646773561
911984451
442216411
966808854
465461284
480536763
252865581
757212383
44433340
154904953
133590107
19573871
666766196
355764026
180769538
913527773
170502959
86186496
180672936
450313678
927340108
585992405
649918567
644457006
926220640
294881377
964709226
892981652
307558959
732596185
605623445
502366320
60350552
333828308
585244209
852639880
638473862
512475469
602515526
726049375
203516292
631726287
380385344
659467882
500359832
816209523
622961219
270095157
743472098
591180650
90215692
932101559
641168165
363402548
210637140
705201484
613418775
30118198
462277698
845427822
779973076
810645055
894817844
83440336
722508344
375283266
62870534
407697416
46955789
800671710
497595948
146458866
845288899
359168794
794794397
400653305
145374794
15219259
894031318
462070251
836158859
608713088
590862829
213998708
412974984
506583288
673996862
826509109
883836980
62915149
192384281
910570254
837006134
558366852
888374786
467466722
90519377
686746760
192888285
798884015
749293913
871935384
792589681
247853483
779915892
419792430
202101631
223880130
53238428
174188246
485102603
529746281
833376417
740758347
794431764
153175069
349163432
576398462
699517080
725616221
70796019
696654681
725966873
159094081
522835491
504864267
735533679
20999785
718536733
876048606
346757395
729321241
14898307
767388115
853604627
620068242
682037230
697598211
685731053
448477590
977566149
250871313
245057240
259123097
112526368
326819450
732340640
615415696
842113935
943464642
427340375
188518252
544917127
714559159
352042299
53673801
243540659
584755519
391320315
195858784
190878492
730913028
913090743
421487629
936008079
590283410
910126066
55127242
672060246
66440203
920241340
747651896
622094056
617738572
708175288
352175759
532045140
347039844
291791727
681467786
970448379
114494144
789904070
54350245
32781404
736225347
441192771
788453968
748135964
258552288
513543011
720088233
110518919
228356651
182275113
892406929
885404280
185657166
550813946
777565556
688188305
444312995
629788837
614845168
541212370
105184054
323075307
323068878
456980576
223206215
122707763
880545567
760502228
195976943
40964794
907743698
191472872
936998133
531896702
433034796
483607991
600308857
987101685
345263395
468328404
814557517
99305221
882874290
213729089
966439157
499016021
631999427
816104236
177119713
265933652
919907055
960030617
62332511
363536726
507889493
376218050
879820006
137583037
664965237
813858028
367005550
842249027
847793454
858243389
935416904
1372159
151763838
40136293
572145636
512586496
998499740
263834278
819489459
526533751
936244597
411075544
688544094
948758423
913696489
715534187
766705305
453815900
302058982
338202957
145517928
743733817
507206858
295727324
502366320
232763081
273324179
321583868
138623005
617095611
164573395
745821286
86482334
519703870
162372587
226173475
311020234
220976627
454354776
10712859
931149270
806010424
666315627
984294667
887391884
655077811
503623350
971718616
27761870
897547156
114171842
700922372
255977499
152185953
273792434
894254574
474602771
220210309
977695709
889595211
129514935
937767755
518910546
77315425
161106554
382935618
96805804
49743542
237698670
85699995
546897886
744966124
528384753
151701802
156846349
31212022
572215801
333032395
547536359
26363669
214654576
529179750
659356563
356399032
956399847
886482837
143497886
566300195
214563060
489858078
694174271
272962510
863455357
796849474
832574607
337573808
979172779
370285859
553168027
383117802
381383430
329808880
356996893
732612509
249937315
720341178
594920091
931326710
673187604
753130651
920173238
850648358
796632981
609766000
440467802
33701054
816711447
998104975
153617390
62787065
604884886
636500880
806128846
237963136
999604085
793158329
206662612
699937681
973724665
136927800
922556738
145098589
447831610
906427387
442474658
543266770
419753237
410314926
91912270
721646027
648793287
607092764
983414713
597227010
848851103
757283585
349849142
314266190
853203589
387550705
408483107
126093251
816850979
751139347
432377673
263177905
410470146
442519527
506938087
840367291
658700090
959057187
877673253
310236615
699721880
525614986
32094503
437339169
149622263
655108491
974125865
231587537
873652257
393149913
521989222
824006910
707104338
25199099
574858603
505003124
780440520
734796943
168169946
117368717
817850670
151655245
421892840
137836749
290282878
507859831
93045613
56460235
627604650
62161015
379530689
512832678
425872490
340887634
732473244
262899443
620926705
973719765
145835677
198573757
441433081
581847800
600753697
571278762
786176458
430004281
976975677
572361421
912200480
82812337
940076008
936091894
780380612
49393346
418698178
646844529
326482399
397324189
181161670
374142553
256297387
721348128
435312908
997401076
525204281
92563789
615061404
420431395
102521371
570424324
439338892
683259961
200031135
936609641
95076945
333236452
388438989
177576695
186389782
843113774
271370280
610230009
798588788
539629804
566846097
133159854
761732764
852325686
506340792
146543601
546671933
288980428
820509758
804227236
563509935
107744640
3260674
541184984
187468065
196058113
240919219
91317321
218153231
546139333
410142550
954107200
95736633
908915638
869848878
785243422
48451175
748229923
541649433
187844576
412263155
161545341
530388330
274067680
916215021
371044785
49628320
402793755
300071704
265254706
419241950
503896193
931900165
908319474
595930739
213777088
692448978
254533087
166135630
761992780
225629736
719631391
110359763
617670813
622849742
738950313
700811734
234365963
320348904
15010896
546750656
105861096
689950632
151446242
104156297
246827899
435761887
775702355
186640322
913743194
207965738
436678161
700886447
894181578
946233276
991247536
423275377
406193203
63983051
784545026
858703081
630643099
532493894
626989407
197556304
756394494
387025328
997815615
129135264
367537559
74067771
580824805
290687118
550783707
389572263
298154669
542568323
564659749
647674486
975275928
79951711
536436351
183286476
773092930
413486154
781981635
322141638
923384462
327342206
688071071
558345094
747207772
33946529
494773960
810555623
700571435
518224466
444108769
634692668
943059683
609893106
449891365
11530639
624737179
355802186
522431243
821904196
493583508
503848508
781979800
595854571
661507804
917200081
32731228
559255171
82339745
101359572
908562657
726500138
349291668
690087873
121603369
593125832
450679611
640686338
810710944
361978758
159209801
102517715
830478677
949070934
664531216
587522263
878201825
885977233
566166747
172720464
304488474
157252483
674756412
651965909
50617611
846371309
903154245
85635828
368988825
727722744
728380627
87034296
122205696
523879153
249373023
286080184
811721377
337127414
853028352
181909852
196447217
555827292
982808982
595848565
619390912
598123203
211196089
916770208
249143512
469763341
426264190
17435424
285995290
900836496
165450709
207106932
57510256
308046089
566909720
310186245
749551830
824292423
667584153
625585890
621893435
371706625
12979877
340987772
29916209
393099641
844314236
732231512
64982357
793040286
602073271
271070366
483537867
982216454
81469292
55562940
409585215
442512231
5180245
617200689
538194631
566204582
234510204
195316342
634930723
369309644
658376334
960705792
23770529
729956637
404802928
602776562
548701088
769810034
240898679
15990326
765233107
895760702
473004020
614176137
222996340
907225403
206924275
434138883
814580450
296906337
323655262
118497373
444909239
672964443
422817354
117168742
681825746
850990511
38840091
208849880
583683837
742660006
858097381
850826596
780723431
691089399
333818082
239569913
357401069
134131083
2801830
816422606
892556294
472263692
971080219
889129640
942166807
149217947
389259931
633179243
160461773
638277721
929737596
596340263
218291752
278438316
485757663
88665114
113608850
82831110
729382297
98663412
711525312
891592648
629653348
212917718
153310829
775893456
895920410
676693461
16272729
387401079
363514323
227664388
586150
649586420
852274424
591072400
687453650
337100257
918007478
375849172
554841855
448116322
804952715
274558968
478692238
45999386
91100053
472496950
199874229
71537630
253976377
232087027
976253718
933315487
910751077
298846830
343728095
183884884
585022011
910103016
930713578
42300199
105584316
498514249
436967055
983779556
822240715
322840268
324737722
639436186
31861495
391274324
93618238
353030553
39847524
705897253
932382440
824857615
220317201
580815089
454183316
128681287
260593843
190952632
669883089
780229941
83764285
945248141
426870246
868836854
649813564
928880950
706413553
72145977
174378547
234926661
86877788
455050475
959236345
405974203
160759632
58370076
674022402
392650395
524292987
226161999
36304398
742438318
85935482
814310842
455451066
86418394
291781320
476666285
663616789
349945436
26907468
913019000
644620749
53601818
15932978
727229490
946216340
412343000
750563497
699133031
953358474
443968385
106103558
172045841
609992560
567535954
99062358
486193362
117516889
983051478
752133770
393080160
375981712
289399548
332852033
856588407
625221917
628252504
383181950
520700953
757125865
121560370
380231236
403332217
520541261
982092757
867693989
472911823
152039025
100845062
321402391
970997245
913350131
888415323
14011216
572817581
646312853
149179251
366023668
132286057
962144342
180310336
599311160
2462765
788406925
552524901
698904859
474265971
998535173
773318497
53578838
275613473
673480288
340223662
593072619
314640517
75397515
234345291
525700800
959784299
324582765
29101089
785000398
854061547
670133508
588762803
698974813
682009475
244729354
362908788
902532283
220091150
94354455
336103957
587165566
661317465
429886720
665165506
266982794
79357307
725059858
645662483
648544267
127106401
254951491
352574144
966883709
572670627
465089514
48488091
545934366
591561159
258154877
723893215
784115882
88819658
591187013
218977446
908969205
813569286
411081254
473130487
988848643
557702853
220233698
893656240
249563041
829466669
605590962
894923244
616174709
302403709
835275518
698373478
28376721
947734460
74779418
375283813
852821746
681541908
961969574
104950323
436104981
787371934
183979714
451186563
306187246
732454300
325895522
364080429
938622392
489155347
957005591
371931416
42813087
624088578
72873982
910972376
485260739
166618728
826753151
793490416
517624331
943090109
851415471
200917023
963744384
607198085
144802813
60292667
129628278
496054259
499476238
267361927
449908917
652374854
298089331
931794449
490102131
969140434
297508106
963818325
615688105
431184657
511501932
776487675
748820947
247827158
511702983
906650805
802028708
134211213
204575940
206729434
828726747
116352075
981784327
113185011
637164670
70581572
670816297
403446585
767811813
790250893
186403352
431681390
899868330
776028154
598034200
586417546
126092441
807911031
492879526
617512953
776289062
135672418
541092459
227094605
634362848
924837342
101919275
920516886
447803377
721722303
688951989
525969644
642490115
935141916
391421974
349858194
788409577
626075372
194128502
582212855
763936271
617476135
427346494
635515679
597713723
969368107
339239295
27891890
289050213
185194267
602964349
30691971
547579474
179012602
615163536
415170804
638561122
686202399
52254722
348756170
788042922
367107026
237647835
279466007
383864754
323391084
227095039
377539298
760322859
537831909
544315452
750301069
111409051
983504368
669619152
665230022
451944081
926128599
205238691
122000398
206705278
877662818
485411276
274428858
163659933
403407758
115072557
727724097
817854523
448792500
802580915
622072963
427785622
958847089
550874296
103291349
111083592
179048061
607294447
36429473
5484901
728766576
461603508
126583509
111627240
272887487
753916349
952544352
512799778
48322576
972386182
367794241
184462679
582627582
883278293
429930746
936720716
746578084
268991104
927515897
37585215
220408651
339535390
483463302
990747522
381458061
577207348
741411920
338478141
270258619
97362984
163234501
147873499
832990936
114309152
89914095
69127853
443444140
541646394
569612212
431019553
519739411
45542952
214731008
989899681
684005722
619727184
558554978
214643791
737938848
229840528
338274668
731622381
270920993
760842388
296253259
908342815
402011269
481847431
71177867
221889725
325021333
393080160
363171405
137822930
172835137
863490917
643272404
604729864
172534180
848157954
592270060
171993558
549883125
593569556
588421367
292270979
112542362
548017864
925581164
327499117
340343052
882052154
60672436
569015660
291072321
679817218
224924179
221112706
468872756
612565993
645946293
480678395
578667766
645408750
282574036
114835741
459808827
116909414
47484867
405785895
848080437
2607135
200842852
844831426
165812890
437727011
608592504
632132142
444089568
3227198
371902803
954483764
656929989
976005018
789813699
673277446
359584848
919682570
258627124
762827956
664335106
506455774
552694931
562910348
639573341
514585818
732971197
814112686
261093155
825628484
233607299
22658061
388085475
990117497
5825061
411057770
256899080
490346399
972238306
186084082
898795251
375805266
81096853
435249420
802831890
150796094
597762135
951826865
158214722
699174247
981204649
74345083
496208098
174706535
236482925
809829718
587197448
329839299
169692767
270793271
329173937
183112592
603238050
580956917
87333407
822858380
673699723
466586377
998003181
110415049
269107312
491689949
158190939
944334983
111990770
920152142
952390348
6502259
723722497
52637977
714298770
762677280
972962759
815645846
377247012
604282536
477117928
208002734
527590415
161848932
871607803
788961966
294936554
837833994
70382014
901121095
126216190
256528862
437273507
254647350
902941957
837124079
821093190
912280374
571953723
636802182
33521151
689087998
255311248
145516531
944980457
629428861
140928400
695921432
573637117
759877750
24439555
940149956
199394650
428306253
608964958
176650981
83940370
346626778
181065685
283889166
515758727
131459497
819080732
347932354
22738997
785175552
727213541
864617433
749387855
727325446
48948652
863433142
147337132
263749304
394643038
583872755
433065973
674885427
687386874
436967055
726726993
657096438
80724702
827533891
724389427
671475285
200854978
858403088
606476283
260001706
620806106
811540608
728980758
620355667
988754617
692703246
87603545
398135261
689266023
673472623
988484226
208324102
354088754
341990690
823430857
898122023
742247203
326437604
25327636
597502690
587511724
687749245
868356901
170354722
264927897
325431327
794603574
542657324
344898813
102657893
337988741
620678604
689102077
550423007
370552030
817281972
457215913
648713044
414418331
895962322
210368827
896267039
467575041
228484612
533723180
566335889
527895530
667424
34369029
34080177
356389148
52773981
20436239
692899745
63433802
457674294
725662880
305514416
906473445
965256176
931402412
537402296
138784064
667874637
904011903
402691360
771385826
286020495
882852300
714631542
997908348
610922640
475771574
846885705
7092504
543035263
311181386
521162309
253170135
376522664
751893383
897277985
349608978
452391289
837049407
682274604
234749516
476829197
176650981
733280452
547667509
36186818
515494723
194553142
636182802
212298239
611292861
280763707
33175296
984056998
362579504
488753067
661916081
253909944
882005070
372843562
886755966
810306277
473562846
398916918
160805504
657362910
435191722
885849165
830161482
466472221
436428399
904152044
410835326
419921187
434822374
671980725
900813704
891733090
361734016
358107452
410384036
209595987
622411407
166933898
656555010
897332769
1837839
871950461
609219343
635459965
236488909
702407570
61462162
370393141
46927257
839870516
754388604
361237203
930948732
416425040
596284265
795122901
439427178
832971113
312523129
501731400
85538960
810731946
760230318
486333426
683730069
159463092
824804179
975327986
514792876
314704970
291912986
250281553
618857797
760906143
769624436
647641174
355491582
665004886
285846106
919944291
408203155
395214184
35858221
184715174
135737234
551971730
688779931
659494258
871299620
43980572
23721513
705904905
263022627
219033543
496823835
839538145
474114126
910583193
810780794
294015186
284582806
847109841
185031802
42258198
714859572
494581797
902843720
867908716
355295332
270747465
454889311
652783731
79875472
656555010
488791694
243731237
366773711
612717354
291146273
353280325
816813803
686714424
408614577
747249649
375659019
574215777
60419929
916816387
890457657
146442168
724428585
126825508
779348553
943914501
588290059
573027159
468313275
875959367
105751521
435957033
554918648
265733844
772241673
300376734
907462953
468025192
693704912
350643968
405929042
119099099
123481506
708913783
609199609
476826925
131181842
468719283
912562434
294967479
781055688
299538788
618356081
150637123
436337328
249289660
95620617
934669171
496717022
376316459
609431857
672103631
219960189
922708688
933976175
39171219
27731081
22884812
911770480
509298328
529604623
721124606
576101499
911802643
480918162
515830177
245168202
261942349
222689303
716319583
577324912
952979982
698966209
554186035
88448223
524308398
872607321
384829470
319010635
846321763
320103876
510341084
93123652
264391
26068752
715740700
632051003
62291201
223914033
710540872
914447470
530793004
897024988
70011121
798588788
893074801
46135895
64257088
337928307
805583089
745579490
549427363
872134473
590712340
771707963
688779568
786712701
168977694
64355142
354664085
674248724
616525844
945691760
656163931
685335276
482238138
240464545
650618161
518356707
114109378
456486635
330598900
432523709
113613235
346654252
18864160
967796292
364982194
740765547
408063252
875483567
54394321
459224020
461375424
224422621
893682939
319812027
31741457
619966830
940176803
371051932
500598347
446158587
219512471
322290010
591342991
589532505
339890770
691897798
291399064
288480384
825870661
90570459
77625997
223193865
703161427
150131322
659494258
526158698
151836606
761813440
11048645
925409328
455906094
222374659
921971963
307569978
459536619
38027451
503756237
385202433
897304722
669051906
483759145
65867265
768758816
136362684
353477252
70817457
272602728
605314615
364803696
961801378
434945762
988397580
562483225
509406970
503039379
918059418
542875526
692687315
620877394
107319584
621196879
62465156
831465109
286372692
126574828
647848273
37734192
667820805
896377207
671584109
673132473
143141974
276480398
75426864
327881800
760020842
567674757
461683939
389202855
703693477
997570513
478720694
739919953
533627325
101465697
511145060
736138875
133757885
488733691
29153806
649530671
13457025
39053352
805115417
93886216
111930904
459279826
866162928
888372438
805176777
551794811
610562435
489322050
850012106
965193808
450229689
787444772
646748255
274634939
732926375
179024886
759217098
184909146
504267317
548112487
478755790
677143732
6478025
940787540
951217437
320468085
883984119
12518253
940764428
13354727
606129901
630842259
350662996
329176871
408020987
377230905
75189151
823144147
306696135
295089277
171191690
710994811
426804446
829859074
831899053
729857671
456513650
45596783
245817604
61361386
960986387
341733283
930646657
389447226
578219336
224133182
922156021
230851373
323059081
129338116
612849825
253300723
359133365
362258477
804515666
18157500
396672527
304826816
11956875
302459816
364516383
730733372
742964094
657934299
96098121
212272469
406052631
637096956
889346947
312856167
215158708
12629161
523436797
752491109
255253996
240644726
632430526
723877933
179736787
821245626
877109643
816903572
973655014
191472872
957987552
606406004
376666318
111021189
333633736
697587514
372735744
61367723
46105599
482628675
272333170
293937642
463574083
871697288
942217851
887682676
899775513
360426333
482814072
815990949
237371860
654903380
373216249
286011864
636594780
733185597
785868074
508178345
389576352
301498316
710344097
798687690
776318901
835780997
312882394
539885064
593314171
840720585
345209799
456682977
468037636
845745608
177849884
395343173
351436549
618644832
408564108
438461549
227922204
152185953
858760431
641289734
415299050
139443782
410627512
461998484
122241690
730576451
494651227
331777510
365034373
833003125
773342968
9829874
406143588
268833950
954258462
776671761
296857835
162463320
582346424
180401553
963274626
754893509
909979311
645347921
645165998
854745700
787035913
523282954
470303086
819367578
835865932
733001477
569331703
395990071
167146677
611073875
760988611
111940698
813769851
913448887
745793828
83477524
957155985
831038204
54431396
192692996
933978866
803864461
553972145
270613047
543884657
450585038
409902808
876462824
68084160
742469376
881149516
356058866
550923520
538053725
76166498
471676447
156676208
736138875
971393838
570349065
287320952
843525597
426875822
307115662
234238888
51555320
520692495
153522146
406052135
216364245
520535132
663173758
233836947
860232924
345999570
162697268
167882355
903599631
944012918
714580309
912856898
312919901
68440375
253998464
666653682
787945197
234449592
816389900
146851007
210191969
230237097
631045024
160897634
604723829
752163071
923800577
420372051
576835080
446052858
635305696
916533953
132200199
391504298
771908425
411473011
52673932
818024873
19726628
157540464
681992223
31059650
808672571
55910622
971336937
762969393
120935589
476194544
313661528
713818385
866860816
312789062
115613717
86771235
788327647
544531600
100698105
146386103
432051866
519698207
255053222
659551334
24382037
845173468
665200202
562328822
285778842
236270743
185958286
602945181
530844179
691999603
996043846
456222823
698780701
832797287
526109037
63052318
78096792
41543966
810815986
487905934
350033190
559237488
48102851
411888754
59481237
812011792
420588685
689989214
492547561
194489618
65590712
910852690
704300448
946311442
663538968
518441725
111932707
865912885
716579795
214239112
435119269
659746276
755455042
251335078
298114313
906192463
279047570
332256388
217331335
880863696
603215633
179061317
787371934
896211656
481170444
814226212
11476266
577304692
624838351
709143947
654112976
935676208
42704396
154166664
309957121
836844421
630426127
723490670
202515139
936481662
567165589
790276614
725041766
309306843
375307607
686636420
223999721
816212955
65313703
487259536
357720094
434465436
239669530
70434300
204716948
989912512
275851318
288460550
590246279
77654327
414248728
596196294
305019707
703187480
633832272
33782079
406398370
621032016
628984916
470031314
50504946
186429573
507350521
912401442
508603440
311068631
335291234
385426660
923279720
506186927
258953818
536487023
545052737
211644162
420842285
573071975
211668711
753457380
464515056
393994094
443070768
937098175
659540476
102970059
30258225
351694924
685394017
735787481
19716875
184641924
144371358
892532246
930032378
312313868
146576377
209938454
887570593
815894528
905257384
607596110
391393594
578058773
49495798
341232173
346927094
450585038
666412792
314306060
167430256
644556272
490683920
632050498
551385826
587616438
111069782
951465212
697614860
648442507
183977098
927635204
688190978
81412922
658850518
631371448
930859124
912710249
572023238
709022490
248990966
417191549
312147530
342816295
115561707
143171428
809397885
143252826
328041725
909179837
615289259
687790489
790534668
575917815
254083015
606591090
862536670
694607450
270470216
890692369
621629227
62015904
316512727
439050933
687386874
75661549
338299861
481636470
699135872
366799855
569556790
24037080
674503250
928551600
125378360
232637265
207513011
720520855
402345955
484253481
350222856
880077978
820317777
769762865
974378388
682104842
813183112
89352545
661379375
902886589
634791676
558983656
237504933
693594152
962939070
813996825
888130255
666432945
809165256
374191538
702558302
365843428
624805157
579184597
382941858
890139195
942178486
121853849
505327979
269022827
187807745
770461939
528632623
147243500
611435143
431194640
360882382
193784987
981128306
321583868
678317520
857188597
433653151
416380433
416940648
58666794
163865314
138047238
811059247
219713352
320142641
811689880
151946078
780551593
655549477
583967594
688028184
418065110
913320678
697880117
688351483
698581651
48112704
917377687
444706721
383287207
999975474
620262109
30990371
466810698
888022226
470606942
843914274
593301322
484041000
714830952
491691619
286180621
861828132
749469289
634219731
310216436
175108661
102859512
312423389
600288444
538155359
666048888
396872586
408066078
469619425
837000960
124132884
48426057
802977246
305738327
797717809
161692532
159161776
213151319
389948238
983959589
236370621
68630767
244249577
792175452
268169781
128443418
8882705
610370638
5774747
37424878
102346552
364249567
310069364
664651828
73526564
622503812
388047033
801505260
55008162
750245009
779915892
894868614
9385793
631035191
323649791
27765098
781108505
373254947
309332586
945361926
944378332
770966235
183706887
928510475
501585055
901600631
925473757
854936193
717994538
574725453
387614925
392286624
778253166
475123272
991785914
933507760
530401598
685240674
84435161
354148786
919300643
729145376
716678334
450865780
384934915
398649699
208161649
359553453
445747728
729123859
329165
778174327
61866868
712111778
514093171
433194023
577381199
347013019
166850253
440450523
151859111
637226080
630413718
850164810
522845654
925196027
13292163
650245888
361216573
929117934
23161613
763309980
700684363
159946035
883245810
214654308
479082210
291667097
700702127
56368739
839636165
259901776
521930895
488503095
518183387
268834145
533306286
666479945
410443609
11902137
718850584
126820668
45907575
20988694
706534555
924391497
183744615
575527604
396269270
970540397
26045461
130226513
688863802
328041725
478206092
522508495
463237131
611842291
757982224
163015741
723156461
279957290
882079746
615539123
372191535
315421804
244638840
913680516
499089672
259909271
286721996
127077303
31779917
786032117
88336249
987874135
925394845
51159322
510468773
109951012
863831018
275733271
832024723
677600820
552958076
937614861
56196711
769598484
799499804
938928182
111428636
557673743
975073231
527018829
18955480
307582612
35347
93664017
980259272
385362916
286081325
137797355
904152044
214304094
553311444
156835329
808076397
34467547
395034919
243776319
633557946
795693441
500969232
375798575
411911070
888033908
397792543
372373953
371935278
462162325
610741716
739746097
55618380
101450895
314636617
623409539
660138374
581936922
957022990
41812373
324242350
132002150
994618209
637284059
377104965
695674874
826456310
427771283
879302420
73265212
924846612
637250000
365241001
127489771
546502611
863512642
981005423
859495194
73946302
586487923
749473420
327516477
496536499
214878197
752362483
185986437
671109212
238783263
492413987
927522365
136839109
726771698
997645968
908772926
420206112
921631157
415170804
630081176
487192764
702180123
408541049
773080418
498626545
392503350
164746279
558954217
106815339
776302487
525653296
45075819
40678461
636819009
852077830
323977247
805617775
300207879
851634499
610928032
258318799
184113630
837400085
846767558
797249858
63506030
328937447
220534471
507782763
205579684
495887195
684382209
94395177
204956626
835419431
894876555
353173761
768450302
368088264
567417939
973726553
890371182
423611742
146694809
210963160
629085753
578995902
454386954
827181673
792658059
922011383
554037218
948201486
22527950
89269796
809946620
572778858
927616281
701847303
174006001
566147658
87031454
731110855
581310178
3283577
897160777
988387012
780163101
437029696
378747313
681517898
339388043
583502930
165581650
958861060
368101165
338418381
790974620
392473062
207161076
397148044
684980413
55476542
887382297
924657468
12981334
376191086
816991185
875861003
515628024
73762522
409230388
929687643
745885107
176410983
515086247
365164045
586943972
295675314
309070476
137693727
826641535
764289852
845028012
189041230
935689809
370648212
415992531
507844223
119624046
788371372
861548978
24686424
256763239
663704090
891324387
844299680
925170310
862068942
574678361
559054901
246962785
756752580
95037443
809102521
792301611
479242850
528134137
627961893
354797956
471833760
297733418
20999785
576398462
630179253
266687184
892666637
177400937
985023080
863790795
244412894
875277789
993588242
903869915
881189196
836023036
988455833
379506070
129434574
934020199
602313098
964531828
909678537
841938273
113830808
679534546
595639478
65725053
357933539
575702458
666169892
640607970
466627752
16916660
456754060
627800341
830479869
868986091
775039714
406852385
157658136
16713642
103107318
853767594
469867082
241554670
533813039
802465169
943507832
314886348
344850120
517108707
601774778
422036733
390135437
128307892
2254461
582282020
242184157
23766346
420347421
276551414
793759936
739956156
487197378
473309858
225017739
941126249
791850756
344432221
186403471
57814224
233183183
430228948
653341743
40465037
239250351
525395178
545658531
529137159
228993442
67934624
456371481
295553169
824815978
597234699
676718847
987975940
203172122
832221067
660523719
489099038
21454880
737424044
175932592
940664951
480276877
393402114
273137030
431657199
679892345
170169887
749877485
265678014
31526317
908259968
758672948
228593913
837412242
690702143
308610667
569023441
203351348
169050059
965628859
182542247
224479954
370513800
476423409
733380386
940664951
795728899
230905004
669166835
330292001
989089497
190818511
835392190
702378421
915169833
191723189
618150582
247431011
573077454
34430036
526162343
181363560
960694817
849234301
617893130
70350195
780044962
125747579
294291212
823051904
196743490
945810184
613744263
315857471
330756072
696361931
347121606
6848030
125698049
817036872
759040507
908194455
105758504
155845410
766206145
797162492
869212262
377186493
634597732
927650751
419262504
154402801
116764936
677964441
827886677
803118960
282448694
584803337
991590268
535514794
680176838
917963996
807745930
393678592
677194301
111378905
929928505
31724018
478557650
897709391
73340163
2478885
856796993
575840444
956020849
425106983
214706269
38427651
911617396
7802363
469744633
339684699
363143194
816784148
240029111
695207330
431036627
793787926
785609369
993336427
624375616
683803356
84134384
541413514
627383875
796246330
642235533
641029546
632754200
670052007
367190774
88214132
823180067
326780860
478445524
751718940
281015385
966318225
746493347
395436304
96228807
40357168
347623650
733204390
990025012
974580195
15942671
44006243
536912296
356723205
155595115
753922502
761715791
947974655
214728289
758278631
334006565
173822063
626989729
287335991
71354285
860814527
333024992
694557100
839879906
827234389
725203090
617465434
582177519
395458651
309449525
307396261
480878081
564614535
884133536
720582618
890369459
813643677
962914278
82347820
756215775
880905259
356837539
90185862
444533706
183714450
569128718
439211103
861904096
497459524
139838042
46481787
14981211
590062483
68321044
342061637
465659767
649523869
352510335
445442667
290610680
460079443
286639458
993656880
151808994
482134578
158890091
898122514
309670622
160287005
658176769
440356872
711185295
254511648
117113919
113023871
66440203
567177773
927429259
615949362
913136671
912868620
248444278
499096640
748473155
4266223
511664129
484724066
662608221
558903380
869173683
325790010
752771492
795868592
594467096
24210407
254359832
666233417
711768475
551019027
389888800
652355918
340944074
475825065
619596269
248559610
349241864
6133787
565430293
853881996
727585509
916063532
625585890
937660309
494888102
547780808
621342810
506812700
736458149
411911070
282815232
550195254
985600187
162694017
324656890
328249279
140636098
316527739
84433796
215003085
891034068
9116949
743235644
220392815
225367489
388113471
815567202
436706246
337376763
215016712
274261304
529839314
386824317
116224622
814797426
137743203
457975513
160667483
90269310
226909148
756499486
743348594
504795972
367115348
563139227
413665542
826289075
451638951
394743620
411013065
901865331
989752802
865846937
219906483
171231677
492058611
695629110
641465693
12153649
225360693
329560881
26325552
792265620
619739459
818029393
476905178
260529826
304459864
739781123
602313098
540926818
652420426
490921919
738224922
676885487
202473309
662113092
412144403
921027384
402311445
909088688
158044264
319016536
409129856
93611837
177363605
175435204
189854583
17584459
35601266
237960661
559284632
194447790
479242850
679965106
373793882
278980244
95839532
199574835
105823901
611733067
192291665
558888444
688618861
574942268
437971374
746532223
727896185
368739484
47995597
83712275
776450270
395951085
236075331
236952500
942015496
485442999
892007319
419876387
183978498
810195698
303605780
590432684
879944728
85739311
824841084
52979768
81904264
869938333
424831927
707801517
502035130
119794446
447851771
589558596
722487286
666066638
66524474
450645968
666495084
732635630
494464876
744661575
60289990
847431293
936960702
761675907
721706748
937420335
139276721
798949216
700232138
860077856
795429870
409684638
294149768
632060410
536869379
922120273
397441969
182246330
596448886
810724353
83255330
173415181
232198418
265013652
224645244
294936554
330974626
535641710
470189906
295548432
394934600
432796017
394588238
216037485
881714827
175940154
908767528
159808890
295536140
401565152
750872314
338742803
817507409
607494670
806166573
487898999
459792497
267338614
95971486
274736491
584472711
744246345
236453025
768817017
688164774
912497903
761215664
654918523
831647290
419524663
705825690
766806555
273683078
198159053
548610070
565155517
16699872
885462069
553903499
940979753
665977317
391148904
352818847
120565795
211375779
138804952
920458573
339516352
312147530
706872806
311416456
396886931
802705873
692448978
748135425
82973403
106750008
911502743
681566042
830919586
469236833
669881578
721437357
361658849
784440535
153670895
878808744
818024873
247374148
224759313
16271972
634596142
957357390
641271498
873131614
948665977
929562110
399850842
74881834
77742343
348062793
898965526
823070598
661201705
459809564
465208266
937653626
970667181
335747708
350058449
831038204
489415376
536006757
853785927
699266312
387614925
731422391
889452750
409371380
916421998
437323815
357136298
326300209
199979207
233035543
162070667
903717407
475470490
953120770
492417929
703929759
93493543
545574032
927283200
756426424
340675373
574500468
772327737
517146742
632348660
3316760
659179559
765705402
738215767
436399596
406857132
392585586
440242719
279318435
522630327
437298840
553874914
341950654
210977816
823144794
751958113
163916569
46421487
396280648
998313797
250714797
703775874
322818815
189981275
71312426
910216963
176148908
545499331
133397888
10998329
918156008
117973029
700407903
583989890
437713001
549899488
638393687
214527988
95772580
462997976
112874796
192380050
559749711
309147853
701984559
907397955
598281052
996821622
949823822
385810753
210544570
895026027
972882465
865218202
713867399
314078788
569352664
670402483
93995624
396951566
38840091
560132994
791396113
652591779
809721893
467309050
241554433
657737220
547013972
716597590
704180684
869322518
753477459
772021012
826962423
283889427
512329714
270424664
390169770
462291092
429766981
28315209
171239065
288230030
547913842
921392213
532859104
57822451
673351312
504911044
133627625
650644124
501242909
745570883
376337519
561053085
475561491
75081993
495891292
532880018
553623051
577758469
563805428
387283708
160340439
431192081
973101589
524138577
521987282
203077660
65458289
973670350
376669203
532293557
993885798
329221942
415631241
42922719
353359289
805687767
314534326
669535143
968660241
245270653
834656435
817340014
523317221
658710921
821204484
897631223
143426849
498626545
927563834
316109012
122606059
169183101
928318302
529273556
201287023
400684106
756394494
145978674
561863243
580048427
730782742
6973055
163822229
54328285
180340295
11729059
563072327
748657126
644976142
406705233
397518127
90369196
326307333
724527338
532679567
300808755
668042494
77730808
41298065
615630713
236370216
532723262
689318568
904172813
54235414
522828707
27905593
686387451
140811838
813381605
93764622
638186435
460617520
954124057
997134600
952132393
203949417
653378860
406311082
649132020
911648155
626245598
259123097
669257428
63323556
791646510
956985185
481725743
822180794
240403369
262029057
726261419
349112124
293102254
679953126
678574519
776090767
813848019
115836886
522136251
85291446
791646510
980718228
98757320
203288815
142110754
219960287
843924591
941663882
313192148
303199794
668993216
621122504
301994133
772648835
172773734
698922679
654163445
422531522
837000960
669258874
955514727
546633730
930551608
909035173
162453464
212135742
492533060
742701479
800569707
138925942
895831596
491140726
719684617
462917160
448532491
889825098
936437477
689348134
977317454
718216609
21703880
706410711
335633243
457067692
353673779
521700154
966553801
514898657
406992982
927073842
250230872
902912850
625304176
555771373
68138437
115030145
777499514
260010882
373291443
825253329
525941873
278604162
563762843
497224118
263726974
669654515
831850794
549711390
778619061
620971605
433506781
501080658
673066504
361724729
112877689
364662445
549487379
19461858
965053941
962854201
188004923
152451844
819729205
5526762
533680745
887074104
265132675
478001920
291910008
955527376
646146908
154267991
807971303
329802793
96805804
796991367
34287073
91804285
953543533
776144205
849134069
723592048
502696109
22083657
508463816
148305101
565731561
896991526
188895670
932779588
229227132
373639836
98928469
131010701
38617146
540521787
468720125
101597485
891283207
506062489
965009240
767464849
204755753
324546515
195582375
824771098
517444520
100101060
192291033
315710735
372033986
238581576
370333153
45999386
546358368
15358911
578139644
503359297
816104236
379133202
868512534
857026660
759898593
346301566
821750805
765917398
438999360
34230278
77893526
85936753
484853092
628496348
785738351
574849358
357536364
974157571
268307025
313974948
301294464
713121761
11830786
500256746
749021375
520496853
243256799
489683612
719547665
304542191
401648847
410899605
439391581
610543135
500211528
985709726
379679611
197980727
91523537
671880878
322469493
902263327
41688464
172085743
296561332
102553545
692448978
630964642
762816114
69886031
842546489
927619972
729441785
819589224
84020370
859760522
197031487
800784522
783264857
261351651
374403938
155285378
402540496
782314888
862151102
104079419
456458527
150796004
828485004
646449068
847793454
746375411
983497047
363989861
464173504
724807905
469998531
769525310
206971091
819763566
217713923
135681379
605595382
437320329
449107840
840923975
669923745
835865932
347724040
153146809
998811296
840268163
144740989
988845789
774518488
308154313
664322354
293350521
909424431
867521221
424646511
233607299
794339945
3337593
990864893
729017494
755108812
407542041
873734885
143091114
817904951
891257762
750394119
37219397
526432685
965808121
115283643
935832090
638053182
110983445
487816345
485433304
763563730
968769009
91055439
523313368
943622909
42614249
470180742
148396492
435474630
968725926
582388184
40515628
640440440
235517212
236240237
786903391
391446263
105885312
519707703
985040353
503806986
98809848
700690411
314632822
133663060
607128156
770578086
878753397
452342666
536944938
719765063
608353528
320313229
766377681
391521937
452200108
732221842
799652006
557745769
523313368
435014907
708874433
637892604
997526865
555161116
658353190
252886476
760941651
472036411
571345597
778242511
358609520
775363510
795802159
307387414
643728582
775041368
471805343
823451523
52104664
96168734
552996278
793277076
754174456
154896961
853606002
831451806
207407699
353673779
765413094
103959901
506159006
441104229
987309693
736036076
928413926
595768642
466427344
585514527
474500169
798684326
604052710
905725082
13660546
201216366
880860805
539073065
543129585
817981648
894542570
709486518
38521677
624924731
366677687
219703532
726115611
775090263
512586496
560815923
867615877
923405790
537560134
636999938
637870373
976780844
559731494
28401673
35879200
64049062
904130843
363365283
887337127
174721965
499411845
929813441
387789911
931378349
217218850
426056157
569814447
919237521
744138509
18934585
313591855
908157946
543476073
77286089
826508614
968413838
502043407
498564910
440114453
219179348
16761337
468390237
808316115
214091460
723480077
942944616
568469715
466118928
116392910
751125967
485422190
46094077
893857376
225836686
388444014
41212817
452756968
687064442
203367223
326306581
264429331
993423374
157581768
978671051
144629943
857349327
359168794
290283014
233552904
334992072
207579102
711472279
526676061
830987164
558995819
432645788
237999735
485343455
387946703
707216355
208936767
29609852
922254446
481574783
51785000
945567975
781825552
422089460
766379875
162694017
317879800
607153675
46417443
62976144
727797428
549435784
678004734
10207511
356172678
95381775
977427562
492941075
257723386
965891376
610828189
175057175
766642830
325431327
805003879
562026533
522507289
718883333
317781849
415532005
103302010
791426968
181463780
159993439
805764282
886378097
368268900
39330173
558903380
485619501
920074373
884397141
576574627
57029292
224400172
194639149
788798743
678849850
863307953
217693815
516623304
470411808
518584799
887447188
328452429
109814019
2056810
803399462
724940431
288466679
681051839
678760168
212351217
882496319
933884984
319345514
54309709
402924379
441001841
762923721
86507712
371169896
620484561
389208783
700090443
15512571
460822451
509019956
278716135
669224624
540729868
395461215
989743354
915302501
501612182
838403174
690060281
744185819
272358901
904690685
891271779
835004359
845358740
710978474
34053053
235241600
932874369
830819138
400679263
94659728
716821394
214871412
233552904
616170741
706668366
6544122
264361507
152447207
358639426
424998724
707290895
341721435
102476054
265762409
482844321
439303935
343364970
245069815
785692257
843687614
487495402
145178527
808227023
553668033
335747806
179495186
48673872
35772511
871087485
502735942
273505365
451457077
127018526
884291297
532136235
732033438
37237950
310001726
160865873
661748671
888017783
246911708
357667130
960421237
499452110
301818615
32460928
583430189
863771455
211605451
734788558
910808556
188535908
930933118
445434248
174834903
793551844
587132413
900966336
212753664
564688347
700629856
61637130
266700164
139363581
841467494
73661247
2973427
294677365
26400377
832916504
499334813
174778335
62608485
566086156
632400341
77194090
662361604
819728321
620104418
76945564
856821654
391636547
502303491
833913316
532357860
512206514
665026379
255699507
14767036
730195208
976587423
158958785
130087204
460215131
948237350
692016373
530666980
179846735
952186408
154518885
584833567
686438128
218356718
12585934
342679516
284183150
347533073
999156573
531045878
579962983
62602841
135636331
951740440
134043061
77701883
328728800
785784909
431717566
341790536
531123485
956373194
826456310
5951892
605210495
359723859
43898532
911932800
210862764
238176766
160979373
90976405
807469468
608106149
577132623
276993752
314119256
549458768
3663641
949375238
966398010
559340899
962227197
702750298
168467035
147650047
611843878
501745827
258634099
759425366
724292424
946825221
632780187
839904043
912175557
610036658
648992640
838134628
334140694
286776304
617842040
569195984
829576016
849928678
525075425
788961966
760815735
163259270
485706332
657435552
162077728
706143021
403348029
470533477
294893474
761529164
636722309
75560931
347064038
444976062
802179748
569161528
84896142
631413660
967699492
564146031
716403712
510300084
613840350
881087384
978550532
230774037
871701519
727848540
447078114
620271225
669889091
721196420
12519239
851841042
181758374
217723562
728186958
999673955
546601383
478701248
977085791
56851510
715773650
662448122
311642768
914879276
186379652
493709915
627964202
456227809
306682918
672844820
629191908
171302228
814531961
907915716
845131819
38873565
551246225
566107912
262709840
419988229
638617436
71246253
932177126
675384007
352472573
457779480
529572760
533625053
314670133
289560335
93208444
316939304
356997653
269869848
296946499
253165633
128055571
704268149
567807958
273390346
242816011
699718621
271610659
848851103
893138187
883293766
60044482
870946855
387826778
939711241
524536948
389597042
63462813
484536169
35451484
391323353
64453962
181863643
936698798
690423436
502550952
275613473
556198709
600815215
803438187
28193583
337458293
6429629
552235522
156028383
753956090
506294238
304930836
743330746
298394305
17820586
797243967
883343572
295186222
76971454
721496242
306666219
5942751
818038861
579312238
43118048
461929071
748371706
856534216
889195413
978134634
665432373
277029421
778606021
229358246
949600785
965289801
913136671
632993177
861484285
287571811
272705655
416868450
694128688
724620212
298128683
277309266
643768124
68137538
441306657
600430992
796907413
950220005
933954615
328529999
383136558
812689093
377335974
201375990
356723451
298406295
224763658
734456408
767512804
24893290
303338980
424090449
19250267
590997636
24782685
428696830
245180219
529001078
596362213
837550629
55184942
80368357
857520177
650788855
714188739
323260812
81870883
608181965
150582039
87729407
804585156
14757423
298695581
97345752
289893893
502329997
523892887
94617748
642298645
324281900
297449764
850445695
647618745
586752149
406153459
661255130
42851616
286499612
621522122
33197652
751025594
190196446
979119500
963021316
377636228
827214910
592953620
5169904
762417947
105298511
130670066
279809478
613733974
423844774
558200124
993487447
608657983
745369566
391782957
66372807
104793124
499627489
111408739
122341647
138477105
894226818
650839748
616037138
856206260
195759252
129281775
967471843
493742770
41888773
884317574
866672790
499440064
739897532
969203953
665707797
415895581
823039965
666259806
988617177
317498863
892139
446516711
429909751
565969472
550630458
135510675
184904361
8569049
664434936
150077597
662987907
575470614
243555664
819560781
300232803
474855696
791853527
5750966
44511084
831235483
331057037
658577507
662820159
771906119
630808202
347954093
906894396
264709948
167932432
977562994
255977499
400937612
161572582
95995611
912581366
111169342
233136802
269803841
581072882
711475653
691106036
643168724
546155639
979685104
733942424
929820284
998518184
42990024
198168535
477780300
743195407
764797864
704026876
478748798
323019335
303976484
725731492
868512534
694725715
29148281
746593844
539303180
10586813
305517774
294751520
656448109
309264337
699789364
203866044
917457734
324784375
592161780
348926548
168090418
197556304
25185057
749528167
761304389
746358985
919914876
173091874
968143309
362691733
101066911
376597854
814965612
520559422
854443720
203598248
904715567
975547694
520196598
585356061
663689747
89498186
876839668
201865733
575097840
495777515
838302639
142736151
377247012
85410228
305581609
182671335
835691130
53008115
614355443
972564022
173262217
922980336
854932316
461827087
762228418
914854870
889433883
855806780
168705608
373402271
510581110
653424853
845895579
634829023
281453492
546445610
890956976
789843175
436538645
730290027
880146014
17311779
322335481
170803969
405866835
860486898
293917872
330508087
821337956
968013244
767410234
979124703
286936280
317724723
134747817
246975546
793778085
324458401
713755163
4566590
210345282
433434563
97605882
806277547
353425438
601471241
816914629
35211903
558761495
229297151
168426004
482844866
571676205
826761271
247328993
574868031
824484377
701634928
335867356
909139572
795740275
795183749
967135380
366325133
824514573
32677610
754884056
445831069
3227198
264305670
470916188
718376639
996839376
709418212
25678342
58956660
126675405
1094155
258399105
186696022
241783679
181502096
651341541
515090224
74370554
627091360
222215095
461242265
249285430
596569397
382911783
696345659
575090937
450825035
616255897
627748658
522093620
542568323
931176503
16337452
164291964
114783276
115821608
207223145
551383982
812183818
548305547
72073426
514093171
641534610
831837772
362607149
674063550
528243556
930055044
214706269
562367198
314362558
83613679
552124000
63126722
463304422
116723461
493725973
42794880
977045495
487314768
988044433
502026625
204483323
707454353
856299815
296141193
774757573
919320317
847151473
954587173
258893964
697861278
569431509
543476395
178043874
177777271
567364666
79414802
618223767
927372983
141477758
301895541
253888662
357191338
986630066
411163056
107976668
103496691
594372439
729505024
625766805
501046967
548489702
972898786
877867746
552277475
59836101
909229511
129194165
308171789
195615297
91760914
582177519
95484142
300241957
251899187
792383757
222832344
540146969
209991647
59308561
677336299
606528153
661562360
531912333
692663237
110492155
117496652
421938773
276046973
300677750
969850517
449748265
611468763
525690453
502599814
687758944
719571231
832569014
705502672
991074464
233528723
426293178
259433403
457535438
948877484
548754364
597488834
96001063
23774754
278129999
778693185
909147570
330601645
197178420
562414883
429061691
708990291
75045114
392138846
6766341
149865074
42634747
280230877
102583605
375481686
86529365
19070045
898182137
65653669
611002079
877577015
987588022
394546491
426524291
875122748
489663147
488733691
841547413
804955690
620879049
252498361
502951955
784297251
534705974
318187525
485460108
440882938
828186300
881809034
784434112
969140434
192942376
447064399
446497305
64330313
16261096
339992249
534718122
474799288
120691244
466775276
922767768
466148466
216199995
346137015
845805498
354422087
341234033
479393796
508137730
361032893
27481377
970082858
513605119
809397885
303178348
267273535
152514426
537670492
554472947
358162554
548003350
852156835
381685985
511366067
49106298
873673638
179973159
400276496
567330695
903546042
440106088
691802059
926016108
217466940
769826272
965807211
270836462
838597725
368687887
369758598
440154909
867249280
233096600
776408804
60615977
874298952
857813942
439410853
147788859
815072577
917809062
620004858
262519697
105837286
355640624
170978605
402541309
345636079
813803143
755561591
614922494
178705294
563988046
302448528
180099908
767523760
22740260
681752397
135893381
940192285
867538010
424734474
65540057
904996756
907133587
190397389
493887065
545603931
916977033
691385579
330844933
64997204
218502511
759129951
327575895
336006366
317781849
386614674
603787616
524385510
844304389
538758602
545688280
449237566
123598907
850815852
87941418
481034027
231887512
687366313
938034003
499160970
90628030
606834421
874328360
931649926
117058537
521824726
934895173
866233874
319038079
713703965
321425542
200457553
519445669
992114253
530043095
337968435
632178424
236720392
597317951
489143729
335172618
939995759
651912756
55942546
683475677
616638476
957387221
11467155
240933512
453781350
219387800
472720091
680450732
270560742
511951938
89057291
757898679
341606144
403729054
91254925
542243429
870062116
675292245
309705172
673797443
539264093
118819865
988397580
362868025
88215865
68436855
868887296
924915508
309035560
925367349
251409521
151764067
33095921
27674153
822036193
748455952
166043157
587464682
712534252
56111358
991604365
579762793
527396576
537624493
917436198
263087552
885640978
852959818
40717259
931705106
544682024
162720011
107619462
515032681
534819090
154781117
706291068
470265252
565945121
444320578
1434153
562459227
238425540
563339308
979863861
799490978
244825555
5357037
441550234
627415347
955503336
302086012
189285932
596196294
251434431
687161490
896865018
782928639
60074606
848904874
196752132
783184708
546667764
584588676
458737226
808922582
364300732
735322834
5956136
926705450
27963747
940465213
3013237
643973418
856745961
666752053
97170979
46264511
795729318
697077253
442243392
781798022
906364867
479151339
808796992
547332560
513906616
275756727
485301000
576847117
723239779
42614249
997254319
674487892
807669128
48356047
191649801
824170034
390748848
789045198
833456287
51018532
293410042
513951809
401772845
932825329
247342124
243995934
240713887
721886108
308839538
521162309
992751103
953471794
209860340
330817532
931172079
620246181
943706312
424415705
199472645
677685427
973973091
794354002
563475506
615124140
210637140
435342386
827249368
967828455
138716149
62065327
134052070
801545915
897798448
1910653
758494215
81230463
408483107
163808636
981056537
788157905
121966378
630287110
27586194
953495045
876059898
449622303
215158708
854009384
98738390
116607385
632775254
650839748
751372254
204555503
467825083
760536870
587050397
158101261
670787473
248349244
40157822
940355234
302112087
722522409
344060805
393562396
470591308
204650758
94846504
139327892
239886409
198526503
597488834
783598721
158673023
46615063
366151966
143243141
225452187
656637585
304180095
879518495
413921054
156818676
93637784
909522247
496642009
567030024
534470240
943167984
994760499
165395679
49557694
989658652
696445356
701752395
106843420
879013092
305450995
297520414
557162018
653192470
669759203
178925516
89551578
156077262
215774142
926674801
123748739
483901170
353113256
396385803
717794306
729874387
612650801
930936244
707221694
196448208
543197292
361875491
686353255
391669373
265246453
428416834
832013520
223584715
299578870
928763284
57197142
179488420
40462232
204757666
979789647
39787315
461858976
85936753
342518610
892815299
360882013
36532947
888415323
137594073
584807036
132251692
250712329
702031830
725429198
308130376
407101313
254492713
82191686
430999890
12551105
514972687
616642869
834210030
135150818
794794397
734633913
632548951
910990094
959978983
982198344
107488301
137178209
572420552
519341825
219202007
310518259
409780841
567990269
681480149
110070910
240549743
887881770
368603793
843936174
66565451
255425756
963330658
774783135
844721143
39477055
780977575
525472649
451254215
348950214
512949773
114386984
734817854
629436601
885814524
614144432
150779959
339673365
427262620
889441080
260822428
491419532
287987415
335883790
139302032
608706431
328677546
671163636
751331475
309456303
350013710
745413745
445601767
809590188
975533508
706658336
324389433
934230449
