capacity:
148
read:
93
read:
5
read:
128
write:
1
17 124
write:
10
6 134
114 125
36 110
65 119
138 69
88 101
67 110
93 13
144 82
16 128
read:
109
write:
5
92 68
91 57
111 27
7 111
124 144
write:
8
41 68
107 126
82 133
23 130
48 6
124 4
11 106
142 67
read:
143
write:
7
65 141
75 49
1 9
140 119
69 105
121 95
98 63
write:
8
144 129
91 24
82 134
97 139
77 148
12 109
134 19
50 92
read:
113
read:
104
write:
6
140 125
140 114
117 118
70 29
77 81
5 130
write:
4
36 72
49 40
127 60
16 67
read:
114
write:
6
48 134
115 47
76 111
89 88
112 59
19 107
read:
85
read:
118
read:
83
read:
25
write:
8
138 70
68 20
84 58
21 2
101 6
83 36
15 105
128 96
read:
28
read:
134
write:
7
88 100
72 35
123 82
138 33
52 59
58 7
130 22
read:
58
read:
91
read:
126
read:
127
read:
63
read:
53
read:
14
write:
3
86 71
91 134
12 16
read:
12
read:
70
write:
7
80 52
9 16
145 91
70 73
141 117
30 62
124 9
read:
68
write:
1
54 108
read:
115
write:
10
109 137
98 23
20 98
30 90
31 140
107 45
37 122
75 94
41 1
29 134
write:
9
12 98
135 67
99 144
5 109
40 88
47 21
120 52
102 116
98 99
read:
7
read:
142
write:
7
128 3
104 37
70 38
30 61
40 10
100 41
13 55
write:
4
27 136
55 52
47 90
96 73
write:
10
121 130
92 104
90 42
148 119
144 143
107 68
23 115
106 66
124 98
69 115
read:
128
write:
3
38 92
68 129
29 101
read:
65
read:
9
read:
67
write:
10
86 73
74 146
112 44
56 146
91 79
114 28
123 140
126 48
40 125
10 2
write:
9
74 74
16 6
108 60
124 103
5 36
92 90
141 16
105 12
64 77
write:
9
119 138
5 76
2 30
79 17
26 61
26 9
120 114
109 1
2 65
write:
2
41 92
16 119
write:
2
84 88
135 112
read:
136
write:
10
147 94
129 42
90 53
123 94
14 55
126 147
39 40
126 86
146 140
107 24
read:
77
write:
7
90 30
3 11
141 109
70 7
65 16
111 72
98 101
read:
21
read:
67
write:
3
6 105
55 82
39 110
write:
4
86 85
62 14
40 28
27 70
read:
41
write:
6
141 133
34 43
107 73
105 130
12 45
145 43
read:
13
write:
3
68 146
13 59
66 75
read:
106
read:
54
read:
83
write:
5
100 79
4 32
128 106
110 124
87 102
read:
11
read:
125
write:
6
116 57
70 121
53 72
75 137
110 125
11 76
write:
8
76 58
9 100
94 65
85 148
8 65
140 142
79 111
12 66
write:
4
68 51
36 90
72 91
38 11
read:
84
write:
6
39 91
42 51
36 137
86 145
126 143
144 127
read:
95
read:
146
write:
5
117 145
102 50
69 50
7 87
13 114
read:
110
read:
41
write:
5
135 142
79 73
115 40
87 139
54 116
write:
10
79 99
14 127
20 105
83 135
25 44
109 139
39 52
26 127
118 27
103 53
read:
62
read:
12
read:
17
read:
121
write:
1
31 22
write:
2
41 120
41 106
write:
2
52 143
135 135
read:
21
read:
133
read:
28
read:
61
read:
133
write:
10
62 113
140 148
103 19
92 8
107 68
92 115
19 69
123 1
79 67
3 137
read:
23
read:
55
write:
4
130 62
85 129
135 128
101 38
write:
9
104 82
50 118
66 46
84 138
44 73
139 66
34 77
130 53
26 92
write:
10
57 8
30 31
93 48
110 115
91 104
16 24
20 35
21 73
134 106
14 55
read:
57
read:
68
write:
7
31 131
126 3
47 29
27 93
30 11
1 15
131 134
write:
4
56 87
19 3
7 44
123 27
write:
4
20 4
56 28
98 134
28 73
read:
11
write:
10
108 35
18 4
83 101
47 4
43 148
63 51
88 122
98 84
11 94
65 67
write:
7
143 23
33 17
76 111
65 26
101 52
70 49
72 133
read:
130
read:
92
read:
2
read:
78
read:
70
write:
1
32 126
read:
106
write:
10
128 143
59 116
87 59
16 67
26 72
105 33
37 115
129 47
45 56
42 43
read:
8
read:
16
write:
3
136 138
78 73
4 33
read:
24
read:
146
write:
6
84 89
94 27
128 77
129 29
112 15
12 70
write:
4
115 129
37 134
85 14
140 49
write:
6
141 100
57 96
133 116
26 144
2 146
91 55
write:
6
67 77
118 62
93 80
34 3
147 107
85 130
write:
7
89 65
50 88
54 6
42 29
121 133
37 133
118 25
read:
89
read:
144
write:
4
38 53
57 132
14 88
124 12
read:
38
read:
118
read:
21
write:
5
29 56
13 133
9 98
142 50
142 102
read:
48
write:
5
103 26
35 69
112 76
138 120
112 112
write:
7
53 105
136 84
11 77
57 18
35 4
13 55
103 5
write:
7
129 28
55 92
103 95
146 96
54 141
132 32
87 87
write:
4
127 13
7 56
26 43
10 79
read:
6
write:
3
62 137
138 109
96 127
read:
59
read:
118
write:
1
76 118
write:
10
148 115
14 104
130 125
99 121
138 23
99 82
38 4
32 47
54 93
142 87
write:
9
138 66
33 105
36 63
121 94
86 2
45 8
107 49
88 17
36 94
write:
5
144 53
68 49
89 112
68 109
46 96
write:
10
54 72
56 32
148 134
51 133
10 54
124 109
72 113
88 6
68 82
3 119
write:
5
143 3
72 1
110 65
39 80
10 127
write:
6
67 1
25 74
146 27
131 17
9 90
56 143
write:
7
106 145
43 24
18 102
141 100
88 46
8 71
27 138
read:
50
write:
6
9 29
1 48
21 119
87 83
146 96
44 138
read:
73
write:
3
43 102
101 64
24 75
read:
22
read:
45
write:
10
100 11
45 69
11 75
13 140
9 16
76 17
138 50
101 18
47 57
41 139
write:
6
31 37
78 25
138 129
30 1
144 100
34 142
write:
2
38 10
118 18
write:
5
20 69
74 106
129 47
35 1
6 92
write:
1
26 25
write:
9
62 21
18 1
59 123
5 76
69 82
94 18
7 40
89 64
94 114
read:
72
write:
9
12 49
48 21
123 18
37 15
66 4
135 18
12 108
9 48
125 10
read:
98
read:
7
read:
51
read:
64
read:
50
write:
4
88 120
83 117
52 13
42 104
write:
1
26 56
read:
31
write:
3
128 36
15 82
66 10
write:
5
134 94
77 10
101 111
128 120
77 82
write:
5
54 121
124 53
21 21
86 144
13 125
read:
86
read:
111
read:
98
read:
20
read:
138
write:
9
8 6
59 3
86 133
93 22
68 36
131 55
103 18
43 39
91 77
write:
5
4 81
42 32
99 41
77 124
142 115
read:
85
write:
8
6 91
4 19
18 49
52 146
1 5
22 131
146 124
148 18
read:
39
write:
1
118 56
read:
15
read:
98
write:
6
148 92
55 27
122 77
85 70
29 142
147 20
read:
53
write:
4
63 17
147 58
9 18
67 65
read:
50
read:
59
write:
3
92 119
31 56
93 32
write:
9
7 115
109 34
118 70
52 19
27 94
128 126
108 124
75 71
42 106
read:
112
read:
114
read:
66
write:
2
34 67
118 129
read:
113
write:
9
77 54
147 116
57 131
53 15
139 130
72 136
102 117
66 68
5 8
write:
8
143 78
85 4
72 115
22 12
27 99
122 32
50 46
54 138
read:
72
write:
2
108 50
119 42
write:
10
100 9
91 23
90 144
142 131
44 51
22 78
52 55
92 145
56 72
74 45
write:
2
51 136
59 140
write:
10
129 67
3 97
90 66
127 114
11 67
43 21
21 101
37 141
17 95
132 111
read:
52
write:
7
100 144
137 47
96 14
63 54
31 139
64 73
127 106
read:
91
write:
7
59 93
65 90
135 87
49 14
135 99
30 116
1 82
read:
4
write:
1
4 12
write:
3
81 49
57 135
136 79
read:
117
read:
18
read:
88
read:
35
read:
130
write:
7
71 72
63 23
146 27
111 103
131 78
36 143
94 99
read:
112
write:
6
110 46
83 23
141 31
27 70
92 4
91 142
write:
6
36 96
118 77
114 39
87 33
50 118
60 95
write:
2
28 98
116 100
write:
9
110 37
133 13
32 79
83 60
125 147
34 52
91 33
142 95
12 105
write:
7
136 72
53 106
16 84
31 93
56 69
95 63
18 58
read:
104
write:
4
68 80
15 86
69 44
17 27
read:
137
write:
7
70 71
148 54
134 41
16 101
56 50
116 135
88 79
write:
3
2 57
52 134
86 73
write:
7
13 32
42 37
133 103
47 98
34 39
1 71
41 58
write:
9
66 91
73 25
17 145
75 51
9 89
137 73
1 125
13 108
38 122
write:
7
46 110
3 80
35 3
23 90
129 23
5 45
53 25
write:
5
29 91
78 9
122 74
72 116
63 21
read:
6
read:
98
read:
60
read:
37
write:
2
134 114
92 127
read:
36
read:
61
read:
102
write:
3
6 63
104 93
140 43
read:
72
read:
59
write:
3
110 55
76 146
48 18
write:
6
94 5
13 65
81 79
33 125
35 105
44 44
read:
59
write:
7
111 136
125 20
53 24
120 47
2 128
16 100
108 65
read:
99
write:
10
63 38
89 97
46 130
44 109
55 102
13 90
50 34
86 140
2 43
138 33
read:
76
write:
3
58 74
100 121
85 33
read:
41
write:
7
37 65
63 139
111 142
37 63
66 92
107 71
104 105
read:
4
read:
25
read:
112
write:
7
135 39
52 74
98 21
23 43
108 27
138 138
107 101
read:
4
write:
6
21 123
15 146
110 94
147 19
146 51
15 47
write:
6
143 87
90 4
113 104
73 106
98 52
72 74
write:
7
75 22
62 148
111 10
4 86
78 34
135 12
26 4
write:
4
28 99
86 26
27 138
111 107
write:
5
85 56
4 85
87 64
44 109
14 77
read:
114
write:
8
83 44
58 67
27 25
53 59
128 50
50 141
48 94
74 36
write:
8
116 74
77 134
67 102
2 141
20 103
100 93
5 147
14 6
write:
5
139 60
36 19
100 72
86 22
44 85
read:
94
write:
5
145 91
101 89
96 101
3 45
86 56
read:
62
read:
33
read:
34
write:
7
131 60
23 44
92 13
54 125
27 52
58 81
27 82
read:
105
read:
135
write:
9
40 12
135 77
99 78
79 133
65 36
137 37
121 8
67 99
107 130
read:
25
write:
7
42 146
31 6
67 92
10 115
142 33
55 131
30 100
write:
9
148 43
52 130
119 44
60 129
13 143
68 96
78 75
40 68
147 1
write:
3
66 133
27 132
122 129
write:
6
48 31
24 21
36 114
49 41
139 80
25 36
read:
7
read:
2
write:
4
37 85
32 147
82 145
112 138
write:
7
85 17
65 55
81 46
14 56
68 51
90 31
56 140
read:
9
write:
6
26 117
124 43
97 95
41 33
71 132
133 72
read:
108
read:
18
read:
1
write:
4
20 119
1 120
69 54
20 56
read:
105
read:
119
write:
10
37 98
121 103
136 109
144 83
89 146
48 14
132 22
37 95
106 87
146 52
write:
2
141 121
120 124
read:
73
write:
3
40 83
112 27
64 86
read:
113
read:
7
write:
9
100 101
126 54
132 2
143 60
117 55
100 31
147 1
52 146
80 18
read:
14
write:
8
5 86
33 140
122 25
55 64
80 58
93 52
133 133
85 112
write:
1
12 4
write:
1
13 148
write:
9
34 79
5 88
88 58
140 4
43 53
49 40
117 85
96 105
138 27
write:
2
125 40
146 111
read:
18
read:
104
write:
7
127 39
28 114
30 118
119 101
138 37
37 12
132 52
write:
3
35 3
45 114
13 31
write:
3
103 72
21 91
30 34
write:
5
65 120
38 12
4 76
35 56
13 139
read:
41
write:
10
118 60
140 141
77 12
91 59
39 140
52 117
90 45
27 126
26 42
53 69
read:
97
write:
1
26 104
read:
140
read:
113
read:
47
write:
7
66 66
27 15
51 94
98 94
92 104
44 17
132 79
read:
91
read:
127
read:
41
write:
4
14 102
63 60
128 116
20 74
read:
126
read:
113
read:
59
write:
1
74 87
read:
55
read:
62
read:
9
write:
10
139 97
39 83
143 136
144 1
110 91
63 6
26 39
45 106
143 34
37 41
read:
71
write:
1
122 84
read:
115
read:
106
read:
141
write:
3
40 120
70 70
136 1
write:
5
129 95
5 67
137 140
79 11
39 140
read:
75
read:
137
read:
17
write:
8
18 13
122 79
122 114
34 36
63 54
67 105
43 106
143 121
write:
2
46 121
16 35
read:
33
read:
23
read:
29
read:
148
write:
6
68 91
111 127
73 125
8 53
56 137
23 148
write:
8
28 110
130 78
119 144
138 139
16 27
3 146
24 5
3 100
write:
1
110 33
write:
7
18 28
47 128
123 16
124 9
89 68
71 110
83 119
write:
3
108 17
12 34
82 131
read:
18
read:
112
write:
6
76 118
66 8
39 9
86 16
31 21
79 3
read:
91
write:
9
101 25
77 105
104 41
94 60
2 4
74 3
91 135
50 43
23 41
write:
7
73 89
26 69
49 111
26 133
105 10
49 71
11 144
read:
79
read:
36
read:
133
read:
40
write:
3
43 142
86 139
62 39
read:
21
read:
125
write:
1
129 84
read:
22
read:
130
read:
68
read:
22
write:
10
87 84
101 37
78 143
70 122
91 118
116 21
68 142
11 129
44 85
133 104
write:
1
54 128
read:
63
write:
7
33 138
143 17
142 148
51 103
128 56
52 27
69 107
write:
1
136 136
read:
24
read:
29
read:
136
read:
109
read:
55
read:
117
read:
82
write:
2
39 70
66 145
write:
10
139 19
76 145
111 46
79 95
30 104
141 77
107 55
95 131
144 90
112 37
write:
1
117 37
write:
9
41 121
15 111
104 132
147 13
126 61
128 25
40 93
69 77
129 51
write:
7
16 148
137 105
7 14
105 4
42 101
92 97
14 17
read:
121
read:
68
read:
45
read:
48
read:
77
write:
6
2 14
72 96
144 84
147 71
129 84
39 106
read:
59
read:
130
write:
8
61 12
46 52
139 104
102 37
74 62
127 12
134 56
4 147
write:
6
8 67
53 22
34 124
129 103
102 5
50 8
read:
146
write:
8
138 147
61 53
120 28
1 100
138 64
35 10
6 121
93 133
read:
55
write:
5
36 32
27 103
5 20
106 73
18 25
write:
1
127 141
write:
1
24 137
read:
121
write:
8
58 56
22 45
131 34
48 92
73 6
39 131
65 2
66 29
read:
7
read:
91
read:
40
write:
3
60 22
144 24
29 7
read:
85
read:
78
write:
6
35 143
87 64
20 22
15 95
39 100
64 37
read:
84
read:
68
write:
3
52 35
7 139
122 91
read:
141
write:
5
22 16
112 87
44 88
76 95
48 139
write:
8
46 146
46 23
107 25
64 125
75 84
26 16
129 80
147 101
read:
3
write:
3
77 133
138 36
5 21
read:
144
write:
1
77 141
write:
7
124 144
75 57
122 87
14 127
11 60
88 112
36 24
read:
139
write:
8
12 114
40 15
17 102
77 117
61 20
25 18
42 85
40 35
write:
4
67 45
10 120
64 9
76 53
read:
122
write:
1
23 64
read:
25
read:
6
read:
90
read:
19
read:
120
write:
6
115 136
118 64
109 83
136 28
93 37
10 93
write:
4
52 135
127 120
71 54
99 89
read:
44
read:
106
write:
1
93 84
read:
31
read:
63
write:
5
107 21
94 78
57 34
85 32
116 39
read:
6
write:
1
4 139
write:
5
47 44
3 92
94 138
120 89
79 25
read:
23
read:
50
read:
19
read:
5
write:
10
102 32
132 99
26 101
41 123
80 21
5 2
97 127
23 95
89 25
137 19
read:
25
read:
19
write:
6
66 21
87 85
96 106
105 144
67 111
135 2
write:
2
13 95
80 88
read:
10
write:
5
45 87
114 1
148 52
97 130
134 7
write:
10
130 126
47 8
65 27
102 132
33 142
51 48
108 114
146 64
43 39
122 70
write:
2
70 15
50 91
write:
3
93 83
25 98
86 54
read:
47
write:
10
32 89
99 107
10 48
27 52
92 110
59 65
9 70
26 83
8 104
114 105
write:
8
83 128
145 79
139 145
148 101
60 142
73 58
98 38
62 55
read:
47
read:
84
write:
2
51 102
60 30
write:
3
134 69
7 32
89 44
write:
10
44 106
98 39
144 9
131 120
44 136
5 79
31 60
147 2
100 113
148 38
write:
9
126 87
131 104
91 42
85 42
92 1
43 128
38 116
126 11
37 24
read:
113
write:
1
123 13
write:
5
143 94
142 43
55 7
140 68
10 64
read:
5
write:
5
138 45
86 65
121 118
100 48
48 142
write:
9
104 58
148 9
127 98
101 112
135 48
55 109
19 66
74 88
7 136
write:
1
52 51
read:
72
write:
6
10 86
101 26
90 18
130 143
94 78
69 136
write:
3
132 99
88 11
56 113
write:
5
29 10
58 109
127 94
99 133
101 132
write:
8
136 80
34 115
50 109
75 4
94 108
60 93
111 18
111 128
write:
9
112 98
89 141
91 26
5 39
30 103
8 7
76 5
132 56
94 75
read:
73
read:
14
write:
5
66 27
13 31
109 64
16 100
78 128
read:
135
read:
72
read:
78
write:
3
16 97
113 142
91 148
write:
8
60 141
8 57
129 65
56 70
40 38
146 52
70 8
1 48
write:
9
37 108
113 129
121 12
112 19
106 54
128 7
135 84
30 77
3 108
write:
2
88 62
133 148
read:
95
write:
6
40 123
10 20
29 53
105 76
135 41
50 22
read:
14
read:
138
read:
122
read:
91
read:
23
write:
4
24 110
110 131
6 60
31 32
write:
3
107 79
102 106
46 41
read:
48
write:
5
90 60
10 63
82 125
59 3
71 142
read:
82
read:
138
write:
1
27 37
read:
14
read:
147
write:
7
127 85
16 98
19 41
59 62
30 36
25 73
140 31
write:
10
4 60
43 49
20 69
79 148
85 32
112 123
94 139
68 35
110 143
25 51
write:
10
67 143
134 34
18 39
19 8
7 88
79 70
116 83
24 89
42 14
77 148
write:
5
123 96
136 104
3 48
11 82
105 131
write:
1
103 54
write:
2
113 31
14 86
write:
3
20 31
133 83
96 72
write:
4
110 139
7 43
88 140
88 50
read:
60
read:
82
write:
6
13 117
128 10
70 50
69 95
92 24
27 15
write:
1
107 31
read:
2
write:
1
117 133
write:
9
58 131
38 83
118 142
26 121
73 23
95 65
147 62
63 45
9 79
read:
52
write:
5
73 12
84 62
52 93
41 6
21 108
read:
27
read:
116
write:
1
53 124
read:
17
write:
2
14 1
130 11
write:
2
55 139
26 74
write:
5
111 127
109 83
24 65
23 102
13 17
read:
92
write:
1
56 74
read:
41
write:
8
148 62
106 139
48 138
55 43
102 91
8 43
70 85
16 57
write:
10
46 86
47 98
103 130
77 68
78 144
139 137
125 114
89 84
126 120
45 49
write:
4
80 118
12 62
90 124
20 91
write:
6
48 2
90 42
133 101
32 2
108 81
95 33
read:
71
read:
74
read:
131
write:
5
91 24
94 91
106 55
72 15
67 133
write:
3
145 88
70 4
144 145
read:
55
read:
34
write:
6
118 129
133 104
48 34
111 96
71 18
144 85
read:
128
write:
10
56 88
12 18
69 68
34 5
120 136
10 133
45 148
51 130
125 44
14 75
read:
7
read:
10
write:
7
19 10
106 139
124 97
4 138
74 131
65 122
37 124
write:
9
144 26
148 61
137 35
139 140
101 93
75 11
34 4
39 114
147 49
read:
16
read:
29
read:
126
write:
8
55 15
91 32
66 87
148 98
92 146
66 66
90 114
100 145
write:
7
109 105
147 15
32 80
96 53
33 23
59 62
79 115
read:
146
read:
45
write:
9
109 24
146 27
86 112
58 77
36 70
80 114
104 146
77 74
66 34
write:
3
73 118
72 112
128 28
write:
7
57 142
63 96
16 148
4 99
58 63
52 4
57 110
write:
5
79 136
114 35
132 60
72 132
116 9
write:
2
28 106
138 32
write:
5
147 71
98 95
111 129
101 84
108 54
write:
4
85 127
18 145
26 105
97 94
read:
81
read:
29
read:
81
read:
56
write:
3
110 80
88 34
96 11
read:
83
read:
109
write:
6
119 114
75 40
82 33
50 53
26 92
6 80
write:
8
79 34
25 14
71 59
65 60
109 55
45 34
62 53
7 24
write:
7
101 48
37 47
96 137
47 22
130 26
70 108
77 35
read:
32
write:
3
69 22
35 51
74 138
write:
1
76 145
read:
93
write:
7
27 64
32 115
116 121
120 122
40 8
90 105
126 94
read:
90
read:
4
write:
2
115 94
67 14
read:
55
read:
90
read:
1
read:
59
write:
10
91 18
28 60
84 63
121 54
37 109
31 54
120 129
103 19
109 84
90 88
write:
3
107 144
34 25
8 25
read:
95
read:
146
read:
135
write:
4
143 60
33 82
143 68
78 122
read:
14
read:
48
write:
10
88 109
94 34
19 81
92 89
27 10
144 99
91 123
109 61
106 31
51 104
read:
84
read:
117
write:
4
109 17
81 55
50 81
123 6
write:
2
72 85
43 102
read:
52
write:
3
47 17
142 46
26 142
write:
4
30 67
58 1
46 45
35 102
write:
3
134 96
135 15
106 123
read:
72
read:
39
write:
8
73 125
111 44
46 38
101 94
78 14
137 126
85 46
115 45
read:
73
read:
143
write:
6
108 54
102 68
106 56
84 131
17 3
77 36
write:
3
140 2
94 42
120 84
read:
38
read:
18
read:
66
read:
105
write:
3
63 8
26 145
86 110
write:
3
47 54
77 112
49 22
read:
60
read:
124
write:
4
114 64
42 76
15 119
95 49
write:
2
138 131
85 9
read:
15
write:
7
43 45
75 94
61 8
125 128
89 121
146 38
61 96
write:
10
110 33
49 83
75 128
118 80
2 65
60 9
11 32
142 19
120 28
114 34
write:
3
18 93
117 16
128 9
read:
103
write:
2
18 76
144 63
read:
107
read:
57
read:
30
write:
7
119 147
144 78
112 122
137 56
78 98
1 122
80 139
read:
2
read:
57
write:
7
71 84
68 96
10 88
93 58
108 14
51 115
132 114
write:
3
74 47
65 21
74 49
write:
3
128 8
14 63
16 137
write:
10
11 25
33 127
37 111
55 85
86 124
131 58
37 92
24 140
78 98
31 47
read:
141
write:
5
119 59
134 137
103 10
116 33
124 115
read:
65
read:
34
read:
30
read:
7
write:
4
50 1
19 11
66 57
128 128
read:
144
write:
5
59 18
60 87
139 2
59 63
30 35
read:
75
write:
8
73 115
44 65
42 67
4 74
123 39
129 35
58 110
35 89
read:
141
write:
9
58 13
22 117
26 102
1 42
99 98
94 36
42 115
20 131
142 69
read:
122
write:
3
37 39
18 125
3 81
write:
6
137 43
138 120
82 15
66 133
33 85
4 140
write:
4
53 35
118 67
21 84
1 49
write:
9
99 98
7 71
142 78
145 4
83 77
72 142
81 3
82 42
4 25
write:
9
82 46
66 17
111 2
10 86
135 53
82 116
63 134
49 131
81 19
write:
7
20 94
33 7
41 123
71 69
112 111
47 95
146 105
read:
50
read:
143
write:
6
103 136
98 43
126 34
10 60
142 49
82 71
read:
18
read:
71
write:
7
146 28
49 91
76 86
49 141
131 57
10 10
16 65
write:
1
7 1
read:
44
write:
10
17 6
145 123
59 58
112 111
63 115
83 119
2 120
1 128
74 74
108 134
read:
91
read:
38
write:
4
119 104
9 91
66 22
83 47
read:
85
read:
113
write:
6
67 54
68 5
129 23
58 18
96 144
53 109
write:
3
63 80
147 39
31 10
read:
66
read:
18
write:
5
107 99
100 67
119 101
113 13
47 130
read:
77
write:
5
62 2
61 1
52 138
51 147
28 138
read:
78
write:
1
6 127
write:
10
53 67
95 134
4 68
90 73
100 120
101 96
143 47
86 120
135 44
132 147
read:
134
read:
36
read:
20
read:
7
write:
2
74 113
100 7
write:
5
26 133
49 74
66 115
6 92
4 33
write:
4
126 117
21 118
117 13
2 57
read:
5
read:
19
write:
7
36 20
125 5
145 128
67 18
83 133
125 134
109 42
read:
20
read:
8
read:
129
read:
139
read:
116
write:
1
114 124
write:
3
58 133
50 72
122 120
write:
10
112 4
25 90
143 104
85 93
26 40
38 7
131 22
84 18
113 121
38 80
write:
9
146 1
140 60
64 111
13 65
25 103
83 65
76 78
102 129
17 104
read:
119
write:
6
34 8
132 39
68 42
13 98
51 26
44 2
write:
5
52 40
147 127
109 47
131 38
139 23
read:
126
write:
2
145 75
140 41
write:
2
94 58
32 24
write:
4
127 131
62 75
76 129
39 40
read:
16
write:
9
32 146
58 42
132 64
119 110
62 51
50 70
83 112
47 43
139 111
read:
39
read:
31
read:
16
write:
3
39 81
126 109
77 43
read:
105
write:
5
51 72
76 138
141 36
26 7
115 106
read:
122
write:
9
92 84
63 26
25 15
53 10
102 14
36 27
102 19
44 41
146 100
read:
108
read:
81
read:
112
write:
9
63 117
57 8
5 40
83 126
138 125
97 39
87 40
136 141
48 15
read:
127
write:
3
141 123
118 89
13 139
read:
12
read:
98
read:
133
read:
145
read:
71
write:
7
93 50
44 79
11 43
126 132
34 55
139 136
39 145
read:
61
read:
89
read:
25
write:
10
57 25
64 67
100 80
49 22
141 4
89 30
139 27
115 144
110 49
126 69
read:
32
write:
8
118 125
65 85
123 68
29 135
36 47
67 12
113 35
93 99
write:
2
84 46
71 137
write:
1
9 25
read:
91
write:
5
136 87
118 19
84 101
51 65
61 136
write:
8
85 139
105 40
88 83
86 60
126 92
28 37
114 67
84 12
read:
102
read:
84
write:
5
37 121
120 130
96 129
81 43
36 61
write:
4
68 58
9 3
53 82
72 5
write:
6
92 22
105 91
45 79
5 94
128 132
46 63
write:
5
67 65
20 44
55 96
51 29
43 66
read:
146
write:
7
35 3
44 72
111 1
20 64
46 139
39 68
41 147
read:
38
read:
94
write:
4
25 42
44 127
73 52
97 114
read:
124
write:
9
51 21
100 132
116 117
90 126
123 55
21 66
16 30
122 86
34 65
read:
82
write:
3
64 115
115 130
42 96
read:
26
read:
84
read:
10
write:
2
134 13
73 69
read:
94
read:
91
read:
127
write:
8
88 53
146 141
61 89
87 47
92 143
99 131
127 68
119 75
write:
2
108 54
79 6
read:
64
write:
10
37 56
49 134
14 49
73 124
8 90
72 26
137 69
122 92
121 89
76 74
write:
7
3 70
53 74
107 54
97 73
147 74
135 64
121 121
write:
9
38 147
49 130
140 146
62 128
47 87
63 145
72 144
72 80
62 55
read:
35
read:
103
read:
98
write:
1
77 107
read:
12
write:
5
113 79
91 142
42 91
70 74
36 33
write:
9
94 145
133 25
29 26
55 17
99 57
76 56
123 61
134 36
38 132
write:
5
35 79
100 80
133 121
107 134
95 52
read:
68
write:
1
125 89
write:
2
102 141
56 13
read:
59
read:
35
write:
10
145 119
147 12
63 5
122 105
84 143
33 113
110 49
142 21
103 64
12 142
read:
40
read:
118
read:
24
read:
83
write:
1
143 48
read:
23
read:
61
write:
10
1 109
92 61
3 69
8 108
40 52
63 112
108 129
12 123
32 70
93 75
write:
4
51 42
61 114
143 119
23 96
write:
10
140 72
30 102
41 126
98 112
75 137
83 6
100 8
65 21
46 37
97 118
write:
6
125 70
61 119
88 4
70 144
93 57
139 58
read:
74
read:
46
write:
6
101 44
122 85
12 137
92 142
4 145
48 42
write:
2
82 31
93 116
read:
40
write:
7
36 148
22 130
148 91
17 10
78 17
144 7
140 60
read:
141
write:
2
107 114
133 92
read:
98
write:
1
78 116
write:
5
98 92
127 27
39 30
124 18
56 66
read:
102
write:
7
3 139
131 21
137 126
110 90
122 53
4 18
122 104
read:
80
read:
146
write:
3
51 1
100 1
127 15
read:
108
read:
1
read:
137
read:
94
read:
81
read:
144
read:
122
write:
4
80 126
35 30
127 15
135 81
read:
8
read:
21
write:
2
102 13
46 144
write:
10
136 64
106 12
105 59
22 140
117 13
22 90
48 96
86 14
129 42
41 59
write:
7
28 109
10 97
51 29
141 133
120 116
63 57
58 49
read:
56
read:
19
write:
5
95 6
69 63
26 54
95 81
89 108
read:
107
write:
5
118 15
88 79
63 26
71 61
48 43
read:
119
read:
48
read:
45
write:
8
87 124
77 13
65 137
40 99
4 81
148 66
110 64
85 118
read:
20
read:
113
read:
148
write:
5
142 133
87 145
48 134
119 78
44 34
write:
7
143 34
38 109
56 2
99 6
11 50
11 104
65 61
read:
65
write:
7
53 79
57 107
29 42
139 56
84 50
39 19
80 58
read:
43
read:
32
read:
32
write:
7
14 75
22 106
92 127
27 4
3 97
148 81
32 85
read:
16
write:
5
132 88
7 121
148 7
58 3
125 109
write:
10
55 12
94 137
110 70
67 10
65 34
116 15
138 57
4 132
20 141
109 91
read:
116
read:
35
read:
53
read:
56
write:
6
91 76
42 68
47 132
42 103
127 119
137 30
read:
66
read:
90
write:
2
105 37
141 58
read:
135
read:
45
read:
107
write:
8
18 45
10 111
2 43
111 78
77 65
95 132
17 43
115 87
write:
2
74 119
43 40
read:
97
read:
51
read:
86
write:
2
14 100
75 37
write:
7
138 41
78 148
118 110
115 134
79 95
63 137
19 88
read:
56
write:
5
38 18
36 65
121 140
67 145
39 90
write:
2
143 73
128 132
read:
59
write:
7
46 96
111 40
65 68
45 33
98 55
104 120
43 145
write:
3
112 1
141 96
18 131
write:
10
98 143
44 80
13 77
73 18
72 100
109 35
71 53
82 28
53 97
112 69
write:
6
121 135
133 76
45 146
65 26
102 61
69 16
write:
8
81 58
119 74
105 148
101 141
91 16
1 89
15 56
121 115
read:
120
write:
9
45 79
55 148
89 24
65 66
121 105
58 37
83 143
5 25
104 34
write:
3
56 143
44 78
82 47
read:
113
write:
3
87 3
111 144
58 113
read:
19
read:
125
write:
8
104 87
78 102
14 84
88 130
32 89
131 7
29 62
21 143
read:
68
write:
6
100 98
68 139
126 41
127 126
129 60
37 141
read:
61
write:
5
141 73
45 59
57 13
108 107
9 1
read:
50
write:
4
42 11
47 148
123 43
55 43
write:
7
87 129
107 7
111 60
42 128
106 79
29 53
116 139
read:
47
read:
133
read:
68
write:
2
141 121
98 40
write:
9
136 73
68 119
139 138
16 71
24 90
6 131
29 104
100 48
111 24
write:
2
70 12
107 127
read:
90
read:
40
write:
9
9 16
106 70
114 64
20 42
42 103
10 3
82 72
128 51
103 102
write:
8
21 91
77 20
55 27
145 64
100 141
101 137
65 2
132 147
read:
125
write:
10
83 34
140 30
58 94
68 118
49 16
6 85
79 131
139 63
110 16
7 57
write:
5
29 69
56 73
21 86
36 3
72 122
write:
7
122 108
65 54
49 51
145 68
13 27
87 10
34 52
write:
1
67 91
write:
8
66 114
15 20
97 8
43 103
46 107
61 108
94 29
94 21
read:
142
write:
4
116 137
1 79
18 65
35 116
write:
6
120 139
56 18
138 74
43 70
8 35
50 134
read:
35
read:
19
read:
108
read:
126
read:
131
write:
10
130 48
128 42
23 103
34 148
59 18
116 48
90 78
40 84
113 63
132 136
write:
7
5 15
30 64
24 24
18 64
93 42
45 90
56 127
read:
74
read:
106
write:
8
143 99
105 146
51 128
18 105
114 84
80 90
89 87
70 29
read:
147
read:
61
read:
39
read:
50
write:
3
103 145
65 144
58 98
write:
4
109 141
99 87
72 137
71 87
write:
5
75 111
96 127
88 59
109 86
145 73
write:
7
130 68
5 56
141 143
72 33
9 75
125 24
100 57
read:
135
write:
2
28 56
55 132
write:
10
98 96
72 58
92 60
92 26
79 50
66 127
13 138
43 107
84 112
136 72
write:
7
104 76
10 134
133 132
134 11
27 44
4 70
110 36
write:
1
136 42
write:
3
109 12
103 85
94 27
read:
141
write:
6
66 142
45 34
86 78
124 65
69 122
112 106
read:
109
read:
39
read:
119
write:
2
46 60
3 16
read:
18
write:
5
33 135
59 32
131 2
8 145
35 125
write:
1
93 9
write:
2
30 11
98 110
read:
142
write:
6
45 22
107 63
146 66
6 108
100 59
79 84
read:
55
write:
1
50 81
read:
22
write:
9
77 114
58 14
127 66
109 67
108 92
117 31
39 90
65 57
42 93
read:
128
read:
73
write:
8
37 48
135 7
43 2
107 138
145 103
93 78
27 72
74 75
write:
5
36 20
63 78
90 85
14 69
86 20
write:
3
85 15
106 33
89 46
read:
125
read:
36
write:
8
31 3
135 21
104 140
23 46
146 119
59 87
136 123
109 37
read:
44
read:
63
read:
99
write:
6
31 137
123 103
131 73
60 115
39 103
128 47
write:
6
108 8
135 103
6 138
14 51
127 109
36 127
read:
122
write:
3
9 135
13 81
53 141
read:
148
read:
54
write:
3
131 24
30 67
61 134
read:
41
write:
9
113 135
104 15
113 81
125 130
16 72
37 51
23 2
26 63
36 132
read:
126
write:
5
13 67
39 120
99 11
37 89
73 139
write:
8
97 98
50 70
96 68
38 35
147 36
142 84
11 8
123 142
read:
69
write:
4
22 27
12 104
15 55
59 19
write:
9
38 129
87 57
123 16
49 45
65 76
131 80
111 51
140 109
118 127
write:
8
84 36
83 45
145 90
2 121
94 112
127 5
30 74
148 69
write:
5
141 145
94 91
126 148
48 71
98 67
write:
10
24 91
138 47
28 49
77 68
5 97
37 83
20 106
33 39
35 91
63 24
read:
87
read:
16
read:
126
read:
34
read:
144
write:
10
130 56
146 74
43 16
100 128
114 87
115 2
1 3
118 63
48 106
98 1
read:
133
read:
135
read:
115
write:
7
8 91
117 88
86 54
79 129
90 119
124 4
101 66
read:
143
read:
9
write:
4
11 12
105 54
122 124
111 103
write:
8
31 126
99 145
1 72
75 65
57 113
110 33
141 116
27 90
write:
2
83 90
30 106
write:
3
34 21
125 137
19 4
write:
3
70 140
63 66
85 116
read:
127
read:
58
read:
59
read:
33
write:
10
110 70
6 88
147 16
106 142
77 111
76 68
63 17
46 50
98 24
41 66
read:
114
write:
5
86 145
131 136
81 53
21 6
98 129
read:
27
write:
6
138 11
55 103
12 9
100 109
25 107
55 92
write:
8
38 66
139 47
121 14
137 19
54 25
57 13
42 68
92 56
read:
141
read:
4
read:
52
read:
106
read:
28
read:
9
write:
4
88 38
91 37
12 99
77 80
read:
127
write:
6
109 86
32 75
1 113
65 36
40 84
18 19
write:
2
43 38
10 4
write:
4
87 64
88 51
147 87
91 111
read:
147
read:
147
read:
140
write:
4
9 40
19 131
144 20
117 12
write:
5
37 65
85 90
100 99
47 143
27 69
read:
140
read:
14
read:
127
write:
3
20 107
123 141
99 80
read:
103
read:
48
read:
106
read:
89
write:
3
111 54
40 86
14 114
write:
5
128 46
102 53
1 75
59 34
114 30
read:
102
write:
6
5 22
80 128
35 73
112 19
12 90
13 28
write:
3
8 34
9 24
1 77
write:
7
59 121
125 115
23 75
139 79
3 130
101 21
118 80
read:
121
write:
6
70 2
56 22
3 73
98 21
71 129
128 106
write:
6
96 15
53 21
20 86
82 61
54 72
100 92
read:
138
write:
9
68 131
135 56
89 29
104 41
39 64
46 98
30 130
79 84
32 49
write:
7
107 66
85 14
115 145
134 96
31 10
91 68
118 17
read:
13
read:
137
write:
3
6 103
32 81
14 6
write:
2
38 129
61 35
read:
125
read:
43
read:
66
read:
67
read:
106
read:
113
read:
101
write:
2
140 9
30 7
write:
1
82 61
write:
6
112 46
48 95
132 43
99 23
103 42
16 8
read:
59
read:
124
read:
7
read:
126
read:
52
write:
10
75 36
64 54
120 40
95 2
95 5
129 64
99 57
75 126
71 130
140 86
write:
5
104 119
112 101
66 5
143 108
135 100
read:
110
read:
100
read:
29
write:
4
44 110
4 110
109 54
125 136
write:
2
111 105
15 27
write:
3
10 44
49 140
136 134
read:
75
write:
9
99 75
144 128
100 21
3 81
30 124
116 85
59 85
2 141
69 148
write:
3
106 76
103 49
146 92
read:
68
write:
2
65 88
22 48
write:
5
21 142
34 84
120 107
92 12
15 63
read:
104
read:
110
write:
10
46 87
27 91
29 71
93 93
112 4
50 60
117 48
134 92
15 142
5 17
write:
8
142 111
114 89
115 133
51 83
83 26
74 74
90 42
100 99
write:
4
75 4
120 28
45 64
57 41
write:
9
24 83
23 10
107 94
13 8
130 119
122 54
114 9
21 71
43 31
write:
6
36 69
101 103
36 123
10 54
90 45
117 47
read:
119
write:
2
119 48
123 83
write:
8
85 17
115 88
108 103
40 18
76 81
104 11
121 119
87 138
read:
140
write:
2
119 110
58 114
write:
4
94 60
17 121
41 129
96 47
write:
1
87 32
read:
142
write:
7
61 37
49 116
97 101
45 132
43 68
140 82
100 37
read:
13
write:
7
98 61
46 107
22 47
120 76
8 2
114 123
16 87
read:
7
write:
6
30 25
1 8
120 114
41 108
33 81
63 129
read:
129
read:
93
write:
7
113 64
145 10
15 65
138 28
86 80
89 144
87 79
write:
2
132 47
50 32
read:
55
read:
108
read:
72
write:
7
92 66
111 96
3 132
52 116
72 21
70 60
103 13
read:
147
read:
11
read:
69
read:
37
read:
104
read:
21
read:
100
read:
41
write:
9
51 122
128 99
8 91
134 26
109 138
74 30
145 32
70 114
129 2
read:
30
read:
1
read:
117
read:
101
write:
1
138 36
write:
5
98 80
86 38
117 111
139 92
127 143
write:
3
126 8
4 73
133 36
write:
6
123 58
116 77
140 117
84 115
109 29
25 71
write:
6
145 8
137 102
25 113
116 58
86 116
108 92
read:
16
write:
7
144 37
14 114
142 76
136 22
131 42
30 75
56 31
write:
10
24 134
2 7
83 59
7 122
2 107
134 37
140 90
115 102
123 86
100 98
write:
10
59 47
143 108
76 126
21 91
132 37
42 30
58 15
148 5
53 80
27 140
write:
5
125 136
119 63
55 106
102 108
82 46
write:
7
80 67
64 134
26 145
130 53
62 140
76 101
133 12
write:
5
137 74
112 111
51 54
79 57
85 41
read:
126
write:
9
74 41
87 82
101 142
97 1
88 53
137 143
145 39
8 77
129 41
write:
1
100 83
write:
1
79 10
write:
2
88 31
144 80
read:
65
read:
124
read:
11
write:
5
48 36
25 50
8 28
54 138
97 61
write:
10
96 15
44 11
48 132
104 107
69 33
21 58
80 107
80 116
29 87
10 12
write:
9
43 5
89 136
136 143
79 131
20 90
26 111
36 44
144 107
67 53
write:
9
1 84
33 103
52 101
28 69
106 28
45 110
122 75
13 110
148 74
read:
135
read:
108
write:
5
95 79
67 69
52 36
28 76
6 63
read:
85
read:
110
read:
128
write:
5
3 109
106 69
73 72
107 130
114 127
read:
105
read:
127
read:
57
write:
5
79 56
25 91
96 123
115 94
89 37
write:
8
5 102
2 145
98 103
40 24
96 132
54 86
80 101
5 47
write:
6
78 71
34 132
110 36
3 121
89 101
111 140
read:
21
read:
84
read:
143
read:
117
write:
7
123 47
92 88
145 36
148 6
138 137
43 3
138 1
write:
5
74 86
106 9
86 58
31 133
4 86
write:
6
146 83
43 79
43 37
34 25
88 127
73 46
write:
8
46 95
13 87
128 28
96 85
75 13
102 76
148 21
135 82
write:
6
128 40
89 122
4 134
111 148
27 76
117 69
read:
99
read:
16
read:
21
write:
10
13 35
31 114
8 22
71 135
142 97
110 26
143 104
139 66
65 50
40 9
read:
145
write:
7
96 88
147 53
130 15
17 69
68 85
92 9
61 131
write:
5
129 68
135 119
105 84
48 3
54 110
write:
4
26 97
134 109
111 91
102 54
write:
4
28 98
12 52
75 140
99 36
write:
9
84 133
91 121
125 112
130 65
51 44
53 10
70 47
62 90
47 36
read:
13
write:
10
122 104
61 112
135 134
106 44
90 9
32 56
100 136
40 31
8 124
144 112
read:
74
read:
78
read:
44
write:
1
57 145
read:
76
write:
9
34 47
20 23
131 2
59 66
129 79
97 26
139 20
7 64
101 81
write:
5
119 61
74 111
107 144
145 35
147 32
write:
2
122 3
91 41
write:
7
114 18
83 50
142 101
23 27
1 106
85 59
113 19
read:
104
read:
18
read:
127
write:
10
31 8
53 88
98 126
7 131
11 92
17 25
133 107
89 127
129 36
14 134
write:
5
109 14
47 78
103 91
18 46
110 110
write:
2
60 144
57 124
read:
18
write:
3
24 17
94 19
118 69
read:
107
read:
46
read:
114
read:
109
write:
4
21 75
112 2
16 124
83 126
write:
7
17 124
26 136
1 131
122 50
26 72
33 56
71 91
read:
7
read:
44
write:
3
35 145
141 9
101 88
write:
6
51 138
44 44
111 82
103 131
69 21
122 41
write:
1
76 42
write:
6
30 9
15 69
148 41
40 32
107 73
112 125
read:
42
read:
88
write:
5
79 44
52 57
13 36
72 24
100 30
read:
80
write:
3
116 58
27 28
8 115
read:
146
read:
41
read:
129
write:
8
83 102
129 133
130 98
3 44
96 29
135 80
76 49
136 10
write:
1
103 124
write:
2
106 48
133 112
read:
83
write:
5
131 113
139 4
113 31
10 43
144 148
write:
6
136 8
71 2
126 19
81 140
30 84
96 5
write:
1
30 132
write:
9
43 49
82 27
71 67
124 68
126 89
72 20
119 51
39 43
125 43
read:
128
read:
129
read:
17
read:
58
read:
48
write:
9
48 110
134 42
92 101
114 45
94 94
35 145
19 35
50 148
92 13
write:
6
86 67
3 40
7 17
74 5
101 148
61 130
read:
27
read:
56
read:
15
write:
10
116 123
17 112
106 113
142 50
148 57
15 119
61 32
4 85
42 75
83 40
write:
7
137 115
5 3
146 96
70 58
93 64
8 58
66 129
write:
5
139 96
139 44
38 114
11 114
124 55
read:
14
read:
65
read:
25
write:
6
37 29
142 122
45 18
11 48
133 108
32 128
read:
13
read:
11
write:
5
74 76
146 24
52 92
23 35
134 41
write:
8
142 71
44 82
10 71
68 98
112 35
118 90
121 127
49 94
read:
127
read:
17
write:
5
59 119
46 83
8 39
125 23
82 68
read:
12
read:
11
read:
131
write:
6
45 35
92 114
21 4
16 17
92 51
16 63
read:
74
write:
7
139 9
87 19
5 114
2 87
40 65
134 58
145 134
write:
4
1 106
85 72
27 74
118 73
read:
147
read:
145
write:
7
69 38
66 37
119 71
10 115
17 32
144 55
7 91
read:
4
write:
5
80 34
120 50
9 136
40 24
133 84
write:
9
22 98
16 36
102 94
5 45
44 121
3 97
96 121
16 125
101 32
write:
8
13 8
136 106
144 26
17 12
102 100
64 38
108 30
58 107
write:
4
122 59
92 120
49 141
7 91
write:
10
5 103
128 113
38 7
62 48
120 5
29 37
104 114
26 65
94 43
11 84
write:
7
123 29
13 14
12 95
96 105
130 121
32 43
74 122
read:
103
read:
89
read:
127
write:
4
140 114
118 78
96 74
50 115
write:
7
112 56
34 12
42 63
101 99
61 110
116 20
96 131
write:
1
35 1
read:
21
write:
7
42 97
11 39
134 23
45 26
121 120
121 56
67 82
write:
7
30 83
144 101
98 70
1 86
145 121
47 9
138 6
read:
38
read:
76
write:
4
13 39
47 98
74 36
27 104
write:
10
107 8
4 52
2 133
31 116
121 105
34 109
54 103
14 91
136 128
22 131
read:
45
write:
5
23 112
118 48
38 103
10 29
27 47
write:
5
33 94
18 9
111 26
123 97
28 36
read:
30
read:
74
read:
123
read:
147
write:
6
8 77
11 31
54 40
61 62
78 124
117 1
read:
49
read:
147
read:
4
write:
2
93 140
26 100
write:
3
43 89
80 104
75 73
read:
13
write:
7
11 24
143 98
27 47
136 148
58 100
64 27
80 39
write:
1
48 74
read:
95
write:
8
23 127
45 26
68 137
112 48
77 70
93 61
119 23
135 3
read:
111
write:
9
74 74
67 70
32 100
74 146
112 13
52 62
103 142
63 108
128 140
write:
10
144 26
98 138
59 23
105 147
7 135
53 26
68 130
111 65
1 14
134 134
write:
1
27 112
read:
91
write:
7
76 9
90 30
11 88
101 89
2 26
125 133
112 52
read:
11
read:
8
read:
92
write:
4
13 43
146 27
131 38
21 95
read:
76
write:
9
41 145
24 49
50 40
59 4
125 113
99 90
1 45
80 145
5 99
write:
9
6 85
49 12
133 13
9 14
113 98
40 8
75 99
19 28
140 14
write:
8
90 99
140 124
9 36
58 121
23 58
36 71
71 145
51 129
read:
94
write:
3
22 7
138 23
45 127
read:
127
read:
145
write:
4
140 118
11 67
133 22
42 30
read:
62
write:
10
51 96
77 73
33 8
54 32
110 33
12 55
50 68
20 36
102 106
91 60
read:
48
write:
9
49 48
131 145
23 88
69 85
112 95
49 125
44 120
111 75
53 77
write:
7
122 87
113 101
92 91
6 60
89 108
84 117
9 124
read:
53
read:
63
write:
2
93 23
75 26
read:
31
read:
19
write:
1
143 137
read:
68
write:
9
142 8
146 54
112 52
84 55
145 26
93 51
120 108
70 135
130 48
write:
8
136 12
21 46
45 50
65 58
25 74
85 53
55 93
49 8
read:
127
write:
8
32 113
127 114
18 56
21 118
97 141
45 82
4 109
72 44
write:
7
127 112
56 112
58 97
81 12
15 67
118 32
120 21
read:
93
write:
6
89 120
30 124
88 28
15 94
138 126
101 73
write:
2
24 74
117 137
read:
115
read:
26
write:
6
87 103
22 109
110 79
53 135
126 61
146 121
read:
121
read:
30
write:
6
90 47
58 105
19 113
38 115
146 10
66 35
read:
17
write:
10
101 96
30 29
119 78
131 141
138 79
141 115
136 18
41 32
114 70
26 124
write:
9
132 78
50 25
127 19
142 148
59 20
13 15
49 6
75 144
10 37
write:
9
90 6
134 28
112 119
117 34
87 40
112 116
83 86
42 30
60 119
read:
134
read:
7
write:
2
79 131
60 69
read:
78
write:
5
20 121
5 67
136 143
32 129
128 109
write:
3
126 105
141 132
21 114
read:
86
write:
6
47 82
22 4
45 114
71 136
24 55
6 81
write:
6
18 60
39 90
16 133
142 54
17 121
18 118
read:
36
read:
16
read:
41
write:
3
114 140
39 109
144 88
read:
94
read:
102
write:
8
99 4
33 133
84 11
124 48
56 139
65 93
49 53
65 9
read:
32
write:
3
79 14
107 71
82 135
read:
53
read:
15
write:
4
51 51
111 24
78 133
144 41
read:
24
read:
148
write:
2
91 7
86 8
read:
134
write:
2
96 147
3 29
write:
2
41 101
118 137
write:
4
126 58
40 45
107 30
93 22
write:
4
4 52
75 71
13 56
10 11
write:
2
130 75
112 104
read:
109
read:
100
write:
3
136 124
140 65
86 112
read:
32
read:
125
read:
142
read:
84
read:
62
read:
82
read:
123
read:
54
read:
102
read:
13
read:
47
read:
117
read:
94
write:
4
136 94
89 43
66 12
45 43
read:
7
write:
3
76 104
22 122
15 31
read:
40
read:
61
read:
121
read:
131
read:
134
read:
98
write:
3
106 22
34 53
138 61
write:
2
140 76
5 81
write:
9
147 81
79 140
84 120
133 45
24 133
107 28
39 21
51 148
74 108
read:
146
read:
144
read:
97
read:
54
read:
21
write:
6
67 38
25 132
68 113
80 136
20 16
128 22
read:
126
write:
8
52 13
67 61
6 108
76 36
3 104
23 63
59 24
84 127
read:
68
write:
1
17 87
write:
1
110 6
read:
72
read:
106
write:
9
51 63
29 24
108 133
46 56
34 141
146 41
137 75
130 141
24 21
read:
95
read:
80
read:
80
write:
5
93 36
3 103
148 34
24 38
82 80
read:
63
write:
4
4 136
7 100
126 1
137 76
read:
83
read:
59
read:
145
read:
88
read:
3
write:
5
138 121
33 126
40 41
18 144
104 114
read:
78
read:
52
read:
124
write:
8
100 132
130 146
49 46
14 146
17 82
93 31
126 10
44 128
read:
127
write:
8
65 13
24 100
102 80
115 33
68 129
33 41
20 31
85 64
read:
138
write:
6
78 96
28 61
112 109
41 140
35 112
141 89
read:
82
write:
3
77 46
7 49
41 80
read:
131
write:
10
13 4
8 41
59 22
33 51
110 113
10 47
43 39
74 54
17 144
68 72
read:
133
write:
5
101 6
82 5
48 125
29 16
62 114
read:
19
read:
111
read:
102
read:
82
read:
76
read:
16
read:
25
write:
3
19 28
119 65
28 122
read:
81
read:
106
read:
37
read:
96
read:
124
read:
89
write:
9
35 136
140 139
85 17
2 109
31 110
36 98
134 148
25 6
132 72
read:
75
read:
136
write:
2
110 69
124 95
write:
1
73 143
read:
87
read:
110
read:
104
read:
134
write:
5
106 103
81 105
109 101
45 126
42 103
write:
2
143 89
102 109
read:
110
write:
6
17 118
24 3
101 43
10 115
77 83
148 112
read:
143
read:
103
write:
8
105 6
140 146
39 29
9 146
109 102
141 77
112 63
121 131
write:
3
97 63
88 89
37 68
read:
106
write:
10
114 108
20 110
120 99
145 42
139 4
4 111
11 82
5 101
102 64
42 30
read:
69
write:
5
53 32
37 88
41 125
108 94
37 13
read:
13
write:
5
27 17
124 131
124 136
142 71
95 8
read:
17
read:
131
write:
6
40 73
111 60
22 12
56 58
19 116
143 49
read:
74
write:
7
48 11
97 112
42 134
119 91
21 116
101 62
11 129
read:
104
write:
7
71 128
135 18
66 36
72 79
31 128
141 48
114 124
read:
11
read:
13
read:
31
read:
25
read:
136
write:
6
147 101
94 75
98 14
26 69
78 96
102 2
write:
10
41 47
91 23
33 33
144 136
106 144
73 141
99 115
23 43
51 4
42 10
read:
40
write:
5
89 56
83 122
8 118
17 32
9 90
read:
121
read:
14
read:
89
write:
3
22 89
90 111
81 129
read:
101
write:
8
115 50
142 78
5 90
74 36
12 55
98 139
95 114
79 3
write:
9
34 44
47 119
51 131
114 18
53 124
118 146
69 70
48 87
11 55
read:
14
write:
4
56 94
2 70
72 131
113 131
write:
3
137 19
5 108
22 67
read:
140
write:
10
83 23
121 76
135 88
40 5
30 59
74 75
119 123
19 66
50 133
95 3
read:
58
read:
43
read:
60
read:
4
read:
31
write:
1
63 34
read:
6
read:
75
read:
116
write:
10
100 60
142 68
9 129
93 111
49 36
49 1
134 80
81 13
18 28
113 1
read:
73
write:
5
80 121
62 63
140 72
72 76
141 11
read:
19
read:
21
write:
8
83 55
98 129
12 147
79 11
143 111
78 54
19 55
125 39
read:
110
read:
103
read:
131
read:
94
read:
22
read:
1
write:
4
117 18
54 139
146 20
140 133
read:
127
read:
107
read:
93
write:
2
84 51
91 84
write:
8
94 144
120 88
9 30
126 122
96 61
13 43
141 38
79 73
write:
1
148 57
write:
2
103 93
1 70
read:
144
write:
1
77 107
write:
5
128 126
101 9
1 42
142 141
2 13
write:
1
74 101
read:
120
write:
5
44 132
88 75
101 142
60 119
104 79
write:
7
140 40
133 99
18 74
16 16
132 68
39 22
50 41
read:
58
write:
3
102 145
58 116
101 96
write:
7
136 92
7 10
144 82
59 1
121 30
140 92
15 107
read:
87
read:
29
read:
95
write:
9
38 84
23 29
8 115
111 43
64 139
83 102
38 53
81 126
134 132
write:
5
53 49
102 75
109 108
126 56
51 108
write:
3
44 145
46 78
23 23
write:
3
93 123
94 92
131 146
write:
8
44 112
45 69
66 77
127 67
50 37
27 136
132 40
5 12
write:
4
23 93
51 7
40 1
58 132
read:
122
read:
107
read:
68
write:
2
109 46
28 45
read:
112
write:
5
32 13
89 133
48 81
47 114
146 54
read:
18
write:
8
10 84
113 20
148 55
28 115
89 5
90 92
45 16
87 87
write:
3
55 13
144 67
146 31
write:
10
95 110
119 91
59 19
5 3
4 22
126 94
22 65
92 147
127 96
23 96
read:
105
read:
24
read:
145
write:
2
3 24
49 80
read:
85
write:
1
3 116
read:
45
read:
63
write:
9
126 127
139 47
143 50
76 140
9 75
65 65
41 11
82 2
39 95
read:
127
write:
6
108 20
130 139
50 147
145 110
137 138
77 20
write:
6
56 48
146 137
145 139
122 75
106 126
85 135
write:
4
50 44
90 70
68 59
35 95
read:
117
write:
3
4 137
140 48
47 42
write:
1
120 141
read:
80
read:
98
read:
10
read:
2
write:
3
119 116
30 4
131 10
write:
5
26 14
79 135
76 124
145 5
62 90
read:
102
write:
7
3 101
29 83
83 92
111 44
95 29
78 81
38 37
write:
4
68 108
19 32
139 120
123 139
write:
1
101 146
write:
4
47 63
67 54
52 141
45 124
write:
7
78 22
140 15
128 133
99 99
44 64
117 67
121 27
write:
4
126 137
58 123
91 137
43 89
write:
1
47 146
read:
54
read:
58
read:
109
read:
16
read:
21
read:
75
read:
78
read:
16
write:
1
77 50
read:
38
write:
7
123 60
127 121
60 80
115 11
144 97
110 70
33 79
read:
2
write:
2
99 140
11 102
write:
10
37 52
91 38
24 138
92 78
101 72
26 91
68 140
43 76
72 53
137 86
write:
3
8 110
126 75
56 133
read:
88
read:
80
read:
3
write:
8
132 81
41 92
141 102
37 55
77 83
85 117
21 123
36 118
read:
11
write:
5
47 104
49 54
59 47
56 33
98 38
read:
63
read:
93
write:
6
78 34
140 38
114 63
112 51
42 28
100 11
read:
131
write:
7
120 125
3 12
138 120
104 146
47 102
36 67
48 75
read:
61
read:
94
write:
10
99 31
126 55
111 112
96 17
111 135
84 6
7 138
137 20
91 62
116 59
read:
66
write:
7
17 33
9 89
113 126
20 142
4 107
19 92
93 73
read:
115
read:
125
read:
27
read:
109
write:
8
142 22
30 130
103 8
13 122
66 110
60 104
15 130
7 76
read:
41
read:
93
read:
107
read:
86
write:
7
58 105
86 135
75 55
130 112
91 42
147 110
20 46
write:
5
137 43
69 19
23 6
101 99
64 96
write:
5
132 76
22 44
102 59
1 131
141 43
read:
19
read:
56
read:
67
write:
8
66 124
14 137
91 110
109 14
144 120
38 73
104 128
12 80
write:
8
71 113
64 124
4 42
90 21
86 143
104 134
110 35
133 129
write:
5
7 127
11 78
7 6
100 25
89 145
read:
11
read:
32
write:
2
64 8
14 102
read:
90
write:
5
101 75
111 122
29 17
55 2
93 25
read:
111
read:
80
write:
1
21 33
read:
31
write:
9
112 21
7 77
9 66
1 109
107 134
67 108
62 75
104 63
137 107
read:
73
write:
6
8 88
83 143
119 50
25 142
141 121
132 69
write:
3
63 61
58 30
109 4
write:
9
13 58
20 88
58 48
127 106
92 36
12 35
79 127
23 14
129 81
read:
113
read:
63
write:
10
138 123
109 98
39 122
46 120
34 45
121 10
16 117
71 137
31 81
87 56
read:
47
write:
2
7 142
148 36
write:
2
134 93
24 33
write:
9
75 98
117 52
125 42
108 45
139 144
89 125
57 78
19 33
22 15
read:
41
write:
7
106 63
55 99
52 95
146 48
46 9
49 91
128 79
write:
9
72 98
142 108
54 143
75 141
143 116
140 41
7 31
20 87
30 141
read:
144
write:
9
138 78
102 65
65 47
72 145
75 13
89 63
47 94
35 105
119 66
write:
1
125 49
read:
34
read:
86
read:
30
write:
2
21 48
75 9
read:
123
read:
114
read:
138
write:
1
130 107
write:
7
47 77
126 132
103 5
72 53
51 60
142 78
128 7
write:
7
106 33
104 121
53 29
117 124
119 93
6 113
144 124
read:
14
read:
44
read:
45
read:
92
write:
3
16 142
84 46
122 8
read:
118
read:
139
write:
8
67 7
95 4
15 33
75 9
140 118
110 88
106 21
29 31
write:
4
19 42
63 12
134 94
56 38
write:
8
45 77
81 127
130 130
122 88
53 95
71 86
59 55
125 127
write:
2
34 79
10 90
read:
101
write:
2
113 29
132 47
write:
6
22 138
143 67
62 105
66 6
118 46
140 92
read:
64
read:
69
read:
95
write:
1
22 118
write:
7
56 142
117 53
60 68
73 20
68 60
98 93
19 22
read:
24
read:
103
read:
24
write:
10
72 13
144 124
77 119
124 3
130 28
52 143
141 112
138 85
67 111
117 17
read:
76
write:
5
132 96
66 73
4 43
114 60
4 91
read:
19
write:
10
115 122
58 28
28 49
118 144
28 40
51 134
104 72
25 44
104 111
54 147
read:
127
read:
90
read:
8
write:
8
69 26
97 19
94 75
20 7
143 72
67 135
106 27
56 73
read:
58
read:
135
read:
143
write:
6
85 115
126 90
124 89
115 9
23 115
102 72
read:
20
write:
3
49 69
119 48
64 115
read:
55
write:
4
58 42
27 139
57 66
136 20
write:
3
119 71
37 76
49 113
read:
70
write:
4
9 52
56 86
116 129
21 108
write:
6
96 25
101 145
17 42
37 37
75 36
11 107
read:
128
write:
5
78 50
106 103
22 93
89 66
84 55
write:
1
147 136
write:
3
59 46
85 95
21 19
write:
9
146 71
90 78
57 82
62 44
146 108
139 126
125 106
15 9
93 58
read:
11
write:
9
44 11
46 73
58 141
79 4
52 68
103 69
112 26
139 74
132 17
read:
53
read:
91
read:
1
read:
112
write:
6
141 146
57 131
23 40
119 87
69 18
42 69
read:
20
read:
74
read:
8
write:
8
82 122
39 58
17 112
100 120
19 62
23 71
10 52
36 104
read:
83
read:
132
read:
19
read:
143
write:
9
38 42
116 106
84 144
143 144
15 35
96 49
31 27
103 54
120 139
write:
9
5 39
38 85
126 6
86 133
143 116
107 121
59 23
5 28
55 102
write:
9
63 81
85 144
3 18
11 62
146 146
52 145
80 138
138 51
61 87
write:
4
45 75
71 81
43 136
3 25
write:
1
27 91
read:
53
write:
2
2 42
96 110
write:
6
24 16
14 19
74 106
89 93
108 31
4 45
write:
1
17 144
write:
4
124 136
39 39
41 97
84 34
write:
2
118 132
54 5
read:
4
read:
52
write:
1
64 140
read:
76
write:
8
134 138
126 22
134 138
14 105
32 40
87 20
30 61
37 99
read:
84
read:
122
read:
18
write:
1
49 22
write:
8
67 32
121 63
137 27
80 38
41 21
79 10
37 82
57 144
write:
6
79 116
76 4
62 66
29 53
23 135
40 51
read:
14
read:
74
read:
135
write:
9
63 24
18 32
15 57
63 21
88 10
85 134
69 48
60 122
124 34
write:
8
145 100
120 74
20 137
80 140
29 10
90 75
120 135
9 70
write:
7
63 103
102 29
141 95
78 64
12 78
140 56
11 115
read:
31
write:
1
81 148
write:
1
105 116
read:
108
write:
5
88 97
75 52
57 46
9 99
118 61
read:
46
read:
27
write:
8
6 8
46 14
34 50
77 4
114 15
124 49
42 134
57 78
read:
85
write:
4
39 36
47 84
76 87
61 41
read:
41
write:
2
93 22
65 16
write:
4
81 64
8 56
38 71
31 107
read:
6
write:
2
48 119
79 144
write:
8
118 61
16 109
99 28
97 75
137 113
91 118
90 40
102 36
read:
32
write:
6
117 59
95 124
11 30
49 59
66 76
123 22
write:
8
100 129
115 94
105 59
136 32
140 64
127 46
121 121
138 141
read:
91
read:
117
write:
3
111 18
112 92
62 62
write:
4
18 50
59 34
30 27
21 69
write:
4
12 77
129 112
60 100
26 23
read:
30
read:
57
write:
6
55 20
50 115
97 58
72 60
104 6
108 108
write:
5
26 71
83 146
87 133
79 126
8 60
read:
142
read:
112
read:
45
read:
135
read:
54
write:
10
30 60
118 109
33 107
20 75
137 9
66 119
107 70
76 40
8 49
50 63
write:
10
71 53
13 70
67 40
101 10
115 96
26 80
43 6
29 139
72 107
70 21
read:
143
read:
105
read:
57
write:
10
64 73
39 147
57 71
8 42
77 70
84 7
40 11
147 64
100 24
145 72
write:
1
97 80
write:
10
82 54
32 41
104 132
4 36
139 39
133 72
114 33
141 48
17 109
104 83
write:
8
77 52
34 132
137 77
73 65
51 118
144 143
2 22
41 125
write:
4
105 32
106 4
143 20
75 146
read:
88
write:
9
60 79
40 35
37 83
6 71
125 121
16 145
131 105
90 4
51 136
write:
5
12 15
78 91
68 50
99 10
54 103
read:
25
write:
8
146 51
76 44
48 3
69 62
95 108
60 68
143 15
148 69
write:
4
3 40
77 18
133 29
6 135
write:
3
86 75
107 54
91 116
write:
1
82 100
write:
9
27 43
128 101
43 31
24 131
77 85
88 114
124 99
45 25
147 127
read:
14
read:
79
read:
133
write:
7
143 51
108 33
89 83
43 124
124 108
76 87
13 51
read:
46
read:
128
read:
12
write:
10
76 11
112 104
40 124
12 57
49 35
1 118
112 80
137 55
91 102
93 73
read:
134
read:
37
write:
3
138 128
122 80
14 87
read:
132
read:
14
write:
8
95 126
18 87
78 64
58 17
124 148
27 116
78 139
35 78
read:
96
read:
82
read:
28
read:
49
read:
53
write:
4
35 61
38 20
23 30
134 65
read:
81
read:
136
read:
93
read:
95
read:
119
write:
5
145 34
126 8
108 120
136 148
27 147
write:
4
47 54
147 31
3 89
106 104
write:
1
44 55
write:
3
119 104
142 146
17 16
read:
51
read:
100
read:
28
write:
8
3 105
70 97
138 145
9 80
139 33
18 102
128 110
105 53
read:
32
write:
8
66 131
1 94
108 29
35 108
81 120
43 139
5 96
8 97
read:
84
read:
142
write:
6
110 57
101 103
115 98
125 28
110 20
112 44
read:
114
read:
75
write:
6
132 92
75 46
89 98
124 70
72 19
63 83
read:
36
write:
3
4 53
136 78
9 15
read:
118
write:
2
93 139
91 124
read:
111
write:
4
115 141
117 36
147 60
94 44
write:
1
71 36
read:
65
write:
10
136 11
86 59
111 43
97 112
39 89
66 110
16 108
17 114
53 140
22 78
read:
99
write:
2
18 8
141 95
write:
10
34 5
39 65
87 32
122 18
20 39
4 130
101 21
103 90
36 138
113 136
read:
26
write:
6
116 78
136 102
88 108
126 100
5 141
82 41
write:
1
131 80
read:
135
read:
11
read:
122
read:
18
read:
107
write:
10
42 133
30 13
144 58
138 116
33 3
88 67
112 90
78 49
94 50
35 28
read:
59
write:
5
85 45
13 128
110 56
116 90
124 110
read:
138
read:
121
read:
107
write:
1
101 71
read:
107
read:
148
write:
8
144 71
129 139
98 37
112 39
84 87
18 22
105 32
11 68
write:
7
138 42
38 87
92 55
77 24
80 76
123 83
42 24
write:
6
89 117
70 61
53 51
114 30
84 108
28 17
write:
2
98 46
148 75
read:
112
read:
124
read:
96
read:
24
read:
40
read:
51
write:
1
69 18
read:
126
read:
17
read:
82
read:
19
write:
6
36 48
108 72
110 101
76 71
122 83
135 118
write:
9
123 100
13 142
5 118
34 74
132 72
19 131
57 71
118 59
81 36
write:
6
90 52
141 77
109 24
92 143
6 85
107 121
read:
77
write:
4
145 99
87 43
53 92
37 111
read:
10
write:
7
86 86
76 121
147 139
35 114
40 50
57 147
110 73
write:
7
23 81
3 19
80 141
24 21
29 79
111 37
50 17
read:
132
write:
2
19 41
49 17
read:
110
write:
5
35 27
52 128
27 22
35 145
36 80
write:
5
67 127
123 48
109 14
4 67
52 115
write:
1
44 62
read:
45
write:
7
44 136
111 134
94 57
128 107
68 31
92 86
75 141
write:
6
100 112
27 80
132 29
104 26
86 24
32 68
write:
4
54 144
111 6
124 144
105 70
write:
1
129 57
read:
103
write:
5
100 23
63 79
139 86
126 48
138 9
read:
84
read:
74
write:
8
122 45
44 2
133 99
142 42
36 56
95 53
117 36
85 102
read:
125
write:
3
31 37
11 33
17 13
read:
84
write:
7
5 93
66 59
118 56
73 18
80 64
79 6
29 51
write:
2
136 22
27 74
write:
1
31 86
read:
118
read:
114
read:
113
read:
142
write:
4
112 140
125 41
61 114
7 83
write:
9
89 122
107 118
141 128
99 76
53 148
144 57
105 135
83 24
14 105
write:
4
10 147
116 15
82 133
32 114
write:
10
124 147
104 32
107 98
110 144
69 99
103 74
79 52
37 125
119 88
59 116
read:
120
read:
48
read:
66
write:
10
66 43
7 110
23 35
55 16
28 4
78 33
103 134
76 79
117 4
98 30
write:
10
142 9
55 34
97 129
78 7
66 3
41 141
56 11
19 54
116 129
24 41
write:
9
35 56
35 28
132 82
61 127
38 4
47 62
131 132
125 99
95 121
read:
132
read:
105
write:
10
120 39
108 98
56 76
30 61
95 128
88 143
63 127
126 133
7 28
64 132
write:
6
25 78
33 5
127 123
127 80
42 86
38 28
write:
6
103 90
118 99
71 32
17 79
135 96
110 116
write:
4
6 24
96 14
101 69
72 103
read:
17
write:
5
12 55
123 44
13 65
125 112
129 113
read:
133
read:
75
write:
8
18 127
81 89
128 130
81 56
80 111
15 106
90 125
46 27
write:
10
22 138
82 141
108 108
33 73
93 106
32 108
78 8
75 42
128 24
60 12
write:
8
114 47
86 86
46 30
63 66
98 49
30 48
35 85
142 43
write:
7
31 7
11 119
73 89
80 7
140 35
113 129
64 110
read:
65
read:
114
write:
10
3 74
48 124
39 134
18 105
116 120
52 57
49 101
55 115
63 76
146 74
write:
3
30 128
102 32
2 6
write:
6
128 123
2 43
99 109
35 133
31 77
73 102
write:
4
20 75
94 85
49 31
90 52
read:
129
read:
54
read:
8
read:
95
write:
4
7 19
57 70
84 39
126 89
write:
9
119 24
119 71
132 140
80 95
22 141
104 11
43 17
105 8
79 93
read:
125
write:
3
31 110
9 57
31 37
read:
62
read:
79
write:
10
133 148
132 130
121 40
118 123
64 46
39 140
101 122
56 134
107 15
45 1
read:
89
write:
2
33 139
5 29
write:
10
146 112
24 82
106 8
140 26
12 140
62 19
4 42
49 98
33 84
74 110
write:
7
93 115
66 63
100 54
19 111
33 143
4 71
65 79
read:
88
read:
65
read:
111
read:
69
read:
129
read:
17
read:
41
read:
101
write:
7
97 69
49 122
93 14
27 108
1 68
94 83
20 79
read:
119
read:
29
write:
6
117 28
67 42
141 67
1 28
51 99
123 99
write:
3
17 127
49 119
95 127
write:
4
56 55
105 98
110 85
121 45
write:
5
19 45
44 19
10 36
89 21
127 12
write:
2
139 5
120 147
write:
2
16 43
41 28
write:
3
81 36
55 56
119 105
write:
2
34 31
56 135
write:
8
121 132
4 142
110 141
107 38
65 37
107 49
122 4
15 129
read:
127
read:
83
write:
6
147 144
78 146
119 115
132 78
132 20
29 25
read:
111
read:
66
read:
40
write:
3
129 75
141 147
59 124
read:
74
read:
16
read:
31
write:
8
78 66
135 9
53 63
55 17
130 76
106 117
100 50
60 54
write:
4
24 94
52 138
64 41
98 33
write:
2
111 37
27 38
write:
9
127 56
6 98
148 46
49 24
19 96
40 141
53 72
40 117
95 57
read:
59
write:
3
68 138
2 17
148 119
write:
9
27 102
31 68
18 22
43 6
63 11
148 127
17 130
74 38
101 3
read:
53
write:
9
100 119
22 45
84 64
71 12
123 88
136 141
143 79
71 131
68 120
write:
8
110 8
125 145
89 84
102 126
8 70
89 135
34 69
106 15
read:
125
write:
8
39 21
76 85
42 148
37 87
72 108
85 37
63 139
99 23
write:
6
95 69
56 134
99 78
142 57
88 113
41 31
read:
32
write:
6
25 127
19 33
91 10
12 119
20 1
39 105
write:
1
126 64
read:
84
write:
6
147 83
81 136
61 86
16 27
124 38
112 96
write:
7
145 61
50 98
123 113
127 5
115 34
109 109
74 73
write:
1
87 40
write:
2
9 93
101 106
write:
2
86 77
69 100
read:
22
read:
116
read:
1
write:
9
102 48
69 20
89 39
67 46
45 13
27 124
122 66
146 40
130 44
read:
82
write:
10
122 125
10 42
129 148
71 112
45 20
79 91
95 94
105 134
107 9
23 28
read:
89
write:
10
133 119
116 103
59 143
19 34
99 48
13 32
38 33
28 131
96 49
40 7
read:
3
write:
6
35 116
108 28
43 21
82 55
61 15
91 42
read:
51
read:
36
write:
9
77 46
92 22
53 5
49 92
111 130
108 135
31 102
15 90
142 139
read:
135
write:
8
1 70
81 45
136 143
31 83
72 86
74 138
19 65
125 27
write:
10
124 49
26 8
75 97
107 6
62 92
27 135
43 75
106 31
13 61
140 1
read:
65
write:
8
59 38
18 42
90 34
125 3
45 33
70 99
77 136
120 56
read:
37
read:
118
read:
69
write:
4
137 61
59 128
43 129
65 148
write:
9
143 19
70 32
85 128
109 32
7 17
18 23
40 8
21 146
46 126
write:
3
21 93
83 33
27 65
write:
1
49 144
read:
57
read:
121
write:
2
106 86
127 23
write:
6
44 114
107 86
125 40
118 78
142 111
48 147
write:
7
18 57
16 21
16 32
62 128
110 77
111 30
134 135
read:
63
read:
4
write:
5
90 106
110 34
141 24
84 107
114 50
read:
100
write:
1
39 68
read:
117
read:
21
write:
2
101 63
62 76
write:
2
136 143
27 28
write:
8
58 86
131 141
36 135
13 142
148 69
74 20
117 33
120 124
read:
16
write:
9
104 129
30 129
49 70
73 15
137 143
125 36
120 16
69 72
129 51
read:
84
read:
105
write:
2
124 7
103 73
write:
10
65 136
59 52
25 67
110 87
2 121
110 66
21 137
25 65
89 46
55 89
write:
1
74 123
write:
4
134 138
55 5
52 17
134 94
write:
6
118 76
143 34
9 121
41 86
12 139
93 69
write:
3
119 65
123 3
144 139
write:
3
82 67
84 82
61 16
read:
98
read:
44
read:
90
write:
3
88 109
133 16
125 15
read:
80
write:
2
138 118
142 142
write:
6
140 26
29 39
5 2
9 4
148 52
115 103
read:
145
write:
3
127 93
137 35
47 96
read:
87
read:
144
read:
20
read:
7
write:
10
1 134
121 64
114 78
39 139
54 47
3 139
90 133
83 122
69 32
43 111
read:
96
read:
104
write:
4
148 120
10 35
42 147
71 64
read:
46
read:
142
write:
5
56 75
111 66
49 51
71 77
115 53
read:
39
write:
3
7 86
114 7
104 13
read:
34
write:
4
64 11
147 85
35 108
26 148
write:
3
51 47
21 27
92 63
write:
10
96 57
126 60
68 148
9 130
87 21
106 112
35 134
21 112
78 40
145 91
write:
10
132 20
24 125
45 89
105 146
7 98
148 118
2 145
75 79
12 24
146 93
write:
8
140 128
63 110
50 41
139 18
101 104
93 115
81 59
34 2
write:
4
20 137
113 129
28 71
119 123
read:
52
write:
2
97 82
97 41
read:
38
write:
2
8 116
75 141
write:
2
123 148
90 104
read:
117
read:
108
read:
85
write:
9
66 135
52 98
32 28
127 102
90 77
122 145
134 107
135 148
46 131
write:
3
46 87
45 30
16 9
read:
62
write:
3
23 134
20 145
5 119
read:
42
read:
75
write:
3
120 91
85 36
123 29
read:
123
read:
127
write:
6
1 74
133 146
33 142
28 113
89 36
48 22
read:
82
write:
10
30 139
130 144
50 133
119 128
111 29
71 6
70 24
7 138
117 24
89 1
write:
10
148 75
84 76
139 99
51 15
141 59
13 45
142 140
38 35
33 41
118 96
write:
9
95 128
82 47
73 68
113 55
101 109
76 53
1 67
26 20
107 125
read:
108
write:
4
135 115
7 85
142 108
51 17
write:
9
131 35
64 96
21 71
61 89
35 25
108 58
43 4
133 137
110 8
read:
28
read:
145
read:
35
write:
3
118 52
99 67
31 49
write:
4
4 1
42 9
88 128
27 16
read:
84
read:
57
write:
6
137 119
122 103
17 138
100 51
29 31
147 17
write:
1
144 146
write:
10
25 114
57 82
78 19
81 130
51 145
65 55
98 109
7 16
77 89
41 54
write:
8
137 116
99 64
31 61
48 56
91 72
64 49
48 131
6 85
write:
8
2 102
47 42
120 105
135 100
9 15
56 109
30 111
75 94
read:
79
write:
6
48 146
33 75
62 14
62 92
18 79
105 104
read:
16
write:
6
112 122
58 10
30 116
57 18
73 115
55 102
read:
125
write:
8
57 42
58 26
25 7
95 100
4 141
48 108
29 64
106 144
write:
5
52 44
52 94
114 100
86 7
97 56
write:
4
128 127
38 56
80 36
87 43
read:
140
read:
75
write:
10
41 11
102 56
57 77
70 64
144 100
16 50
107 45
95 15
5 98
81 118
write:
9
54 144
70 78
18 132
115 55
134 91
108 92
1 86
58 49
26 53
read:
37
write:
3
42 39
137 17
43 133
read:
13
read:
30
read:
65
write:
9
46 36
141 42
93 113
104 104
131 76
8 99
130 44
142 68
50 146
write:
9
64 92
48 4
136 79
142 122
41 48
51 73
92 20
39 50
1 50
read:
121
write:
9
15 64
67 6
82 141
125 82
61 69
114 138
5 113
43 10
29 136
read:
78
write:
6
105 30
9 90
19 54
106 99
40 44
32 77
write:
2
147 52
122 77
write:
10
65 20
107 97
14 113
121 115
74 9
75 130
13 148
137 110
115 106
101 109
read:
117
write:
2
141 48
101 113
write:
8
115 34
12 134
24 38
47 26
45 119
10 147
56 53
110 38
write:
9
18 89
51 36
42 13
38 131
96 39
22 8
24 68
22 116
63 41
read:
54
read:
77
read:
98
write:
1
143 111
read:
5
write:
1
148 20
write:
9
34 35
66 90
99 46
111 104
62 140
70 118
60 114
140 77
9 28
read:
90
write:
1
40 110
write:
7
104 114
60 74
79 24
69 124
100 50
87 118
120 40
read:
38
write:
4
113 72
29 78
12 98
52 50
read:
102
read:
19
read:
94
write:
2
55 53
3 69
write:
1
23 46
write:
7
113 102
76 57
48 134
129 100
35 103
96 61
35 110
write:
2
145 132
23 78
read:
47
read:
14
write:
5
129 141
128 133
85 141
73 84
53 18
read:
67
read:
21
write:
4
83 76
98 97
53 35
38 29
read:
69
write:
10
133 103
132 64
141 40
21 61
116 44
69 57
129 1
32 70
29 18
88 127
read:
62
read:
59
read:
124
read:
146
write:
7
118 83
134 105
93 24
39 22
84 132
49 88
138 141
write:
1
121 63
read:
43
write:
8
91 106
141 69
51 46
120 99
71 5
46 147
28 47
116 122
read:
16
read:
51
write:
7
71 120
112 72
94 37
61 140
9 30
108 82
78 137
read:
57
write:
6
30 28
122 111
27 76
3 132
13 54
77 27
read:
18
read:
122
read:
100
write:
3
129 117
49 20
128 127
write:
8
129 52
40 74
36 40
91 26
27 101
138 15
17 103
99 68
write:
5
36 52
143 135
27 95
72 80
31 1
write:
8
14 77
91 122
48 33
80 147
58 55
108 80
55 134
86 39
read:
21
read:
26
read:
83
write:
4
8 50
9 125
89 89
78 52
read:
139
write:
1
78 12
write:
4
136 102
57 65
77 11
6 8
write:
8
103 139
12 126
129 58
85 69
118 29
46 97
69 94
1 92
read:
118
read:
104
read:
77
write:
6
67 86
108 83
15 101
82 26
71 30
1 123
read:
3
read:
32
write:
10
11 6
1 66
104 25
19 142
1 116
131 19
103 69
91 127
101 29
26 90
write:
3
119 141
77 24
148 96
read:
108
write:
6
146 131
37 25
26 47
25 104
51 55
9 109
write:
8
55 55
12 84
134 93
99 98
16 68
104 89
70 113
59 96
write:
9
115 126
72 99
112 62
46 113
113 63
140 42
144 76
33 55
114 139
read:
63
write:
1
29 68
read:
8
read:
133
read:
44
write:
4
51 94
86 11
25 85
10 5
write:
4
6 87
66 119
111 111
39 114
read:
135
write:
2
95 8
118 25
write:
5
54 113
114 79
72 29
12 21
11 126
read:
121
write:
9
22 135
63 140
106 65
129 114
93 104
132 39
139 23
83 119
136 109
read:
84
write:
2
7 100
80 63
write:
9
27 39
78 118
100 38
93 70
46 31
112 124
79 5
43 15
87 42
read:
57
write:
3
83 39
65 114
12 104
write:
4
53 79
41 117
97 103
31 140
read:
92
read:
135
read:
134
read:
32
read:
21
write:
4
124 40
16 31
133 113
6 105
read:
35
read:
45
read:
127
read:
70
write:
2
24 69
64 136
write:
8
99 61
36 109
46 48
121 97
108 26
37 104
44 142
65 29
read:
135
write:
2
11 6
32 121
read:
12
read:
73
read:
68
write:
9
107 24
110 33
56 51
38 120
83 129
91 32
64 52
35 112
20 126
read:
60
read:
25
read:
143
read:
123
read:
136
write:
8
11 68
74 109
22 73
142 88
3 14
84 110
16 93
14 109
write:
4
12 47
142 11
38 133
48 72
write:
9
2 55
55 4
25 85
124 117
67 116
127 148
95 24
34 77
66 38
write:
9
133 75
5 102
17 138
56 51
137 42
74 32
99 96
86 145
128 69
read:
44
read:
11
read:
87
write:
4
76 9
23 85
104 30
44 57
read:
124
read:
47
read:
96
write:
8
36 113
65 27
113 146
96 66
42 68
79 60
122 26
40 92
read:
28
write:
1
90 54
read:
62
write:
7
139 17
4 67
11 43
109 76
146 60
114 47
4 145
read:
2
write:
4
67 12
78 133
64 71
103 2
read:
80
read:
116
write:
5
84 121
120 99
2 60
93 129
76 86
read:
9
write:
5
54 13
25 147
68 42
45 31
95 7
read:
103
write:
6
19 57
131 50
48 141
104 129
43 137
143 19
write:
9
137 94
69 29
101 98
10 85
22 1
92 115
93 83
103 108
37 118
read:
121
write:
9
31 14
80 129
21 127
126 5
27 108
32 91
132 4
18 43
118 110
write:
3
26 96
116 143
11 124
read:
98
read:
125
write:
4
46 78
46 102
144 67
41 77
read:
25
write:
6
138 81
18 130
148 76
81 51
123 111
89 13
write:
8
104 124
122 69
16 137
62 39
145 118
114 63
44 82
105 102
read:
16
write:
8
33 101
145 57
67 93
31 80
32 63
64 46
56 102
37 82
read:
38
read:
109
write:
3
85 67
17 111
1 115
write:
5
98 7
85 98
103 86
27 58
58 129
write:
2
40 48
51 57
read:
71
write:
1
27 120
read:
110
write:
10
83 24
16 33
99 7
94 18
9 76
7 97
4 20
30 26
62 114
33 146
read:
84
write:
1
6 22
write:
4
109 67
41 83
120 101
101 38
write:
8
69 120
142 139
17 22
74 25
51 105
78 110
3 110
119 80
write:
2
16 143
83 68
read:
125
read:
97
read:
21
write:
6
42 143
46 98
12 30
24 16
134 50
13 20
write:
3
65 46
77 52
100 88
write:
10
63 95
83 79
86 124
40 126
107 54
84 79
134 130
57 126
100 146
15 76
write:
4
19 15
94 130
8 143
52 142
write:
5
103 96
86 137
8 133
136 3
51 26
write:
3
27 45
113 46
30 12
write:
10
127 53
13 95
83 132
49 115
40 44
123 124
50 101
41 97
31 115
131 40
read:
69
write:
3
58 89
62 26
119 141
write:
7
31 48
111 111
134 79
143 100
117 2
116 126
96 49
write:
6
11 28
3 115
71 127
72 15
95 140
40 87
read:
42
write:
2
144 129
40 102
write:
1
102 79
write:
7
99 116
121 122
67 25
134 45
5 140
134 29
69 78
write:
10
79 76
74 138
104 30
21 128
136 95
118 114
114 104
129 37
49 66
62 121
read:
6
read:
123
read:
39
read:
17
write:
7
142 120
18 99
112 21
90 76
82 86
13 27
96 80
read:
92
write:
2
106 117
45 38
read:
25
read:
1
write:
1
121 109
read:
58
read:
46
write:
4
53 35
31 72
93 132
32 10
read:
117
write:
8
49 40
65 99
47 6
49 43
28 119
139 123
126 140
112 95
read:
85
write:
2
92 119
89 148
read:
45
write:
4
59 143
136 103
13 132
64 62
read:
119
read:
55
write:
2
15 118
36 50
write:
10
30 8
76 49
138 37
63 119
13 52
12 141
50 85
31 88
134 139
7 34
write:
5
100 80
145 109
111 91
81 17
129 135
write:
5
91 36
104 47
34 28
108 99
77 9
write:
5
140 85
12 97
48 37
132 33
74 108
read:
29
read:
55
read:
48
write:
7
71 25
125 54
44 47
96 147
77 62
67 121
86 50
read:
141
write:
8
80 95
40 81
10 81
36 10
111 52
139 6
76 61
32 16
write:
7
89 48
96 27
46 133
29 88
115 109
66 148
7 40
read:
62
read:
40
read:
89
write:
3
9 88
95 129
63 143
write:
7
77 88
106 73
35 130
96 71
79 117
129 48
36 95
read:
7
read:
5
read:
13
read:
4
read:
110
read:
79
read:
96
write:
6
40 5
68 146
87 21
91 86
27 91
7 51
read:
143
read:
37
read:
16
write:
10
63 34
25 124
84 80
35 139
105 10
81 144
13 39
56 35
67 143
51 63
write:
2
23 77
73 29
read:
5
read:
136
read:
20
write:
10
78 75
48 123
39 83
123 33
62 73
10 19
62 110
98 38
82 126
1 98
write:
4
85 135
20 131
60 71
42 140
write:
1
38 3
read:
104
write:
10
91 89
58 56
120 97
26 71
26 140
95 76
69 147
71 148
116 33
31 18
write:
10
120 51
54 121
68 4
60 40
25 21
12 15
118 82
137 108
113 5
141 138
read:
82
read:
140
write:
10
135 122
59 118
86 24
88 114
23 54
30 59
38 54
108 47
86 103
114 19
write:
2
8 2
124 10
write:
9
123 20
115 42
115 108
114 51
10 79
76 97
132 46
58 105
67 121
write:
10
105 54
1 139
92 101
11 41
94 114
20 10
118 80
148 41
76 87
56 75
write:
3
110 108
1 66
90 105
write:
5
90 85
43 113
87 1
53 13
59 142
write:
6
132 137
59 25
79 49
42 122
131 126
61 117
read:
85
read:
8
read:
39
read:
113
read:
144
write:
6
19 113
42 93
38 20
21 124
128 101
53 51
write:
8
36 48
126 24
94 121
66 126
20 62
38 6
31 88
61 123
read:
54
read:
108
write:
6
9 82
96 59
83 72
118 77
94 88
111 92
write:
4
2 32
105 116
46 19
32 31
read:
2
read:
77
write:
9
59 9
120 124
117 84
88 121
112 3
19 32
3 17
5 88
2 37
read:
34
read:
43
write:
9
45 69
108 117
65 144
50 84
60 147
82 121
51 49
143 144
140 144
read:
65
read:
70
write:
7
3 90
51 76
10 81
124 33
81 66
62 20
106 146
read:
134
write:
4
43 36
79 14
12 78
49 146
write:
2
14 66
56 107
write:
10
40 135
19 33
143 95
75 98
89 107
2 54
37 7
92 96
27 29
8 28
read:
76
write:
5
66 36
16 18
29 107
117 93
71 21
write:
9
129 77
47 132
76 92
17 36
15 111
25 122
71 12
88 67
81 122
write:
3
116 120
138 16
48 144
write:
5
71 7
54 66
141 69
115 132
109 55
write:
9
20 53
145 99
59 22
26 61
58 124
18 124
22 119
111 137
92 59
read:
11
write:
7
127 31
63 97
79 34
55 88
96 62
76 109
99 45
write:
3
148 121
11 107
114 121
read:
70
write:
1
131 101
write:
3
9 35
69 88
135 147
read:
77
read:
26
write:
10
62 73
33 139
14 9
8 2
41 51
24 59
64 119
79 134
52 73
48 49
write:
4
77 56
108 18
42 84
111 103
read:
39
write:
4
9 120
16 52
94 3
123 54
read:
102
read:
44
read:
114
write:
2
92 15
113 22
read:
17
read:
66
write:
6
62 21
21 106
97 2
147 83
146 122
110 136
read:
49
read:
1
write:
8
49 18
96 148
9 3
132 74
71 37
145 82
133 28
45 114
read:
104
read:
99
write:
10
47 57
4 137
67 133
110 142
137 113
91 116
72 128
69 141
55 67
98 118
read:
92
write:
2
53 56
144 3
write:
5
30 93
71 105
34 115
25 43
75 5
read:
123
write:
10
129 35
35 3
83 73
72 89
101 108
53 120
71 118
1 71
99 123
61 50
read:
84
read:
16
write:
5
97 94
89 52
145 10
54 49
81 147
read:
145
write:
4
11 91
14 17
6 144
11 47
write:
4
109 16
98 34
69 35
132 76
read:
117
write:
5
62 53
88 133
54 141
118 117
1 122
write:
4
36 76
97 42
137 6
139 17
read:
65
write:
3
90 41
107 141
88 4
read:
34
write:
6
3 20
80 93
27 130
102 102
124 88
54 59
read:
71
write:
4
34 52
52 73
97 146
29 7
read:
96
read:
48
write:
2
54 124
4 144
write:
3
61 96
100 93
33 50
write:
7
59 23
147 110
24 143
119 76
82 142
7 71
134 81
read:
70
read:
87
write:
8
108 1
105 67
145 35
80 3
69 148
82 109
95 32
144 125
read:
147
write:
8
123 107
34 102
78 112
35 88
97 18
46 30
135 49
20 4
write:
9
23 69
96 120
55 49
57 54
69 107
145 114
68 116
110 28
96 145
read:
102
write:
5
90 113
11 95
83 110
74 67
29 59
write:
4
85 74
87 113
147 99
68 59
write:
7
34 45
139 89
127 21
121 95
66 68
148 24
38 93
read:
138
write:
10
39 3
46 48
134 10
114 87
97 29
43 118
34 30
139 145
89 97
86 88
read:
91
read:
17
read:
38
read:
82
read:
106
read:
129
read:
4
read:
29
write:
7
74 28
104 55
59 53
8 69
137 1
84 58
129 120
read:
135
write:
6
4 140
73 26
77 40
6 107
89 63
138 86
read:
19
read:
102
write:
1
38 79
read:
145
write:
7
20 47
83 27
85 55
3 23
139 98
114 135
6 13
read:
98
read:
78
write:
9
76 59
71 46
96 101
130 129
7 97
34 119
124 142
42 117
124 22
write:
10
132 43
104 109
136 36
77 130
60 147
76 59
128 112
122 65
53 54
37 15
write:
7
38 137
51 44
106 54
58 57
3 1
80 62
95 1
write:
5
43 123
140 134
115 82
123 78
138 23
read:
145
read:
121
read:
91
read:
49
read:
128
read:
118
write:
2
83 79
125 138
read:
25
write:
6
71 81
136 50
82 118
35 83
33 143
27 123
write:
4
81 22
49 105
76 93
105 69
write:
10
141 83
64 50
12 26
23 146
116 141
69 43
17 46
128 37
7 101
139 12
read:
42
write:
5
87 87
79 84
70 43
65 71
106 100
read:
11
read:
27
read:
34
read:
133
write:
6
12 136
82 103
140 30
7 139
98 2
128 120
write:
2
5 105
54 6
write:
7
50 128
114 33
103 83
125 57
49 100
130 27
95 34
read:
126
read:
20
read:
96
write:
6
32 31
125 48
132 2
6 42
35 5
109 59
read:
56
write:
7
131 66
102 27
127 125
123 48
91 61
21 51
40 129
read:
132
write:
3
108 87
4 116
74 125
read:
78
write:
3
15 105
137 147
72 63
read:
87
write:
1
99 128
read:
111
write:
7
50 8
81 10
114 42
27 43
26 80
6 43
30 4
read:
77
write:
8
6 49
24 21
45 56
56 67
15 138
116 73
65 12
139 5
write:
9
54 37
84 62
11 9
16 43
136 58
10 32
60 36
66 43
140 39
read:
94
write:
1
129 42
read:
51
write:
9
83 63
79 68
89 68
1 18
97 32
110 5
36 141
72 141
85 61
write:
4
114 62
84 116
24 4
132 98
read:
148
read:
31
read:
118
write:
5
55 129
5 91
14 35
122 26
74 103
write:
9
81 59
44 106
77 46
52 57
142 68
9 21
42 133
40 147
139 141
read:
143
write:
10
125 14
13 95
82 132
113 115
106 25
28 145
129 40
79 36
3 135
56 40
write:
8
50 49
57 51
1 5
69 85
50 60
12 35
94 99
26 20
write:
4
107 68
32 127
148 34
85 45
read:
88
read:
5
read:
75
write:
5
120 93
122 24
75 47
138 69
9 14
read:
12
write:
4
76 59
137 47
41 3
106 23
write:
6
88 118
98 116
135 39
35 30
108 41
105 81
read:
12
read:
118
write:
3
20 53
37 22
27 28
read:
60
read:
119
write:
9
1 37
17 56
147 95
14 78
2 84
108 5
17 29
95 139
142 131
write:
10
83 18
34 45
56 14
95 66
63 3
136 68
130 75
48 120
31 31
62 84
write:
6
102 23
61 137
26 102
59 67
97 96
133 39
write:
10
24 15
31 17
99 57
24 88
120 62
107 96
6 131
29 29
117 60
65 61
write:
6
109 105
18 30
77 63
23 20
77 111
69 95
write:
9
94 124
11 95
51 137
25 17
130 50
45 27
73 137
58 108
34 3
read:
83
read:
60
write:
6
66 11
145 117
146 56
5 46
86 136
42 142
read:
32
read:
121
write:
1
120 73
write:
2
75 122
115 122
write:
3
5 29
127 133
30 84
write:
1
103 33
read:
20
read:
133
read:
56
write:
3
7 23
8 28
133 11
write:
3
76 89
90 69
121 65
read:
90
read:
70
read:
143
read:
106
read:
33
write:
3
10 3
73 75
78 23
read:
72
read:
37
write:
9
18 9
101 119
1 40
57 63
63 92
67 16
72 7
106 91
25 26
write:
1
5 132
write:
7
54 32
92 93
95 128
99 53
125 2
61 118
140 44
read:
3
read:
118
write:
3
63 133
35 84
78 137
read:
116
read:
58
write:
4
30 50
44 98
137 18
62 109
read:
131
write:
10
128 37
51 127
144 55
123 45
134 67
130 104
73 21
53 73
129 57
97 71
read:
119
read:
136
read:
34
write:
7
52 74
79 123
79 89
27 12
47 31
147 4
84 68
read:
27
write:
5
123 7
20 9
47 122
145 88
115 104
read:
92
write:
2
48 61
100 143
read:
70
write:
2
83 147
33 127
write:
9
125 98
144 131
13 37
115 113
77 77
98 115
60 123
84 137
61 120
read:
44
write:
8
138 27
31 59
99 65
74 29
18 49
12 54
8 102
24 23
write:
3
95 76
7 28
23 86
read:
103
read:
97
write:
5
36 78
69 66
92 70
50 130
40 144
read:
88
write:
6
134 5
43 69
33 104
147 134
92 47
47 4
read:
60
write:
5
68 10
65 77
103 96
44 74
144 45
write:
4
77 70
117 67
98 102
131 113
read:
129
write:
6
86 66
137 72
122 131
106 62
80 114
63 33
write:
2
32 20
122 63
write:
2
51 111
59 63
write:
9
125 138
76 135
131 133
60 134
13 1
141 114
47 53
10 111
111 94
read:
141
read:
1
read:
111
write:
1
68 116
write:
10
73 67
59 68
110 74
18 33
64 39
26 148
76 68
71 74
37 126
131 103
write:
2
127 115
137 92
write:
10
46 141
105 55
65 116
125 12
101 66
26 68
113 96
135 58
54 53
18 34
write:
10
45 118
77 49
34 12
87 47
68 52
58 120
113 130
57 90
42 52
17 93
write:
3
129 77
78 105
147 112
read:
75
write:
7
6 12
112 26
37 68
28 10
3 45
87 105
29 26
write:
6
91 75
85 57
145 32
98 52
107 22
41 43
write:
4
101 113
105 3
86 117
118 56
write:
5
96 54
43 31
118 148
111 72
131 2
read:
50
read:
63
read:
90
read:
33
write:
1
84 80
write:
10
38 127
66 34
54 15
30 7
12 48
131 94
37 75
17 58
46 116
127 90
read:
68
read:
92
write:
8
136 147
85 36
140 32
91 129
5 122
52 25
115 123
148 130
read:
141
read:
35
read:
47
write:
10
75 93
144 97
47 54
103 41
62 134
16 85
115 59
24 32
8 143
132 113
write:
3
41 133
46 83
99 61
write:
10
59 84
6 112
41 31
117 87
49 12
53 69
105 50
33 46
78 20
141 129
read:
78
read:
85
write:
3
110 147
9 108
92 138
read:
105
write:
6
138 47
146 103
38 59
58 11
117 113
95 108
write:
5
41 145
66 116
70 134
37 125
51 9
write:
6
2 41
51 65
86 49
70 139
134 46
76 131
write:
4
59 129
100 123
99 141
82 131
write:
4
121 40
16 63
104 3
35 148
write:
7
133 73
132 84
9 71
103 7
78 97
77 31
100 92
read:
14
write:
5
44 10
109 1
17 43
33 30
114 35
write:
3
83 79
143 102
46 50
write:
2
43 91
7 80
write:
4
13 62
109 129
54 35
143 105
write:
10
121 124
6 9
76 134
118 9
53 79
88 140
49 128
62 123
127 121
5 90
read:
116
read:
66
write:
6
100 63
82 19
35 143
51 119
142 75
45 79
write:
1
70 8
write:
9
92 47
60 21
67 40
5 46
114 72
38 139
138 141
110 10
47 116
write:
9
41 90
27 121
103 26
46 93
21 12
90 109
127 65
62 114
62 27
read:
3
read:
4
read:
101
write:
6
26 139
139 23
140 41
44 9
56 134
15 71
read:
107
write:
2
41 4
36 108
write:
9
58 91
15 62
97 118
77 50
75 119
47 25
17 62
20 126
107 53
read:
136
write:
9
76 101
111 82
102 32
14 62
86 15
137 76
78 27
35 104
68 31
write:
7
143 28
53 7
2 86
8 82
91 1
120 95
14 117
write:
1
112 135
read:
57
read:
135
read:
72
write:
4
93 79
123 26
134 2
146 112
write:
4
42 86
125 62
15 112
53 97
read:
98
write:
1
126 147
write:
4
115 141
10 82
2 24
4 125
read:
99
read:
25
write:
9
8 87
47 147
114 37
137 66
33 74
82 50
88 90
49 4
26 96
read:
76
read:
45
read:
110
read:
123
read:
140
read:
27
read:
107
read:
38
write:
8
59 97
45 73
134 139
99 89
130 121
3 46
33 49
74 2
read:
39
write:
7
81 124
105 117
100 5
33 30
60 68
109 114
96 85
write:
2
147 65
43 14
read:
6
read:
115
read:
35
read:
84
write:
3
31 76
30 72
74 27
read:
142
write:
8
82 48
137 140
25 74
83 40
69 26
38 143
9 102
102 68
read:
35
read:
122
read:
96
write:
3
1 124
41 17
86 87
write:
9
142 81
29 112
24 66
136 80
7 47
127 18
51 61
3 69
119 36
write:
2
4 148
44 1
read:
107
write:
8
102 69
26 92
11 108
55 33
98 136
39 60
37 2
71 58
read:
65
write:
10
9 96
34 138
26 127
83 80
81 145
37 31
82 78
71 56
18 116
99 138
write:
9
15 2
140 140
64 21
32 93
13 91
72 17
37 92
132 50
41 79
write:
4
80 69
91 133
9 36
23 50
write:
5
128 52
74 134
63 41
146 111
40 67
write:
3
69 2
24 144
85 88
read:
48
write:
3
92 126
23 79
88 96
read:
106
write:
10
77 43
144 76
67 136
120 117
2 129
94 124
101 81
38 41
16 30
17 131
write:
2
52 121
59 62
write:
8
21 67
139 115
88 31
41 22
43 23
16 33
65 100
41 97
read:
54
write:
10
115 131
83 49
57 129
140 18
76 4
142 44
50 145
48 147
11 134
140 108
write:
9
65 4
108 9
90 66
85 58
144 78
85 1
76 69
131 116
19 64
read:
63
read:
76
write:
5
32 27
138 137
16 129
57 94
145 19
read:
145
write:
7
1 125
35 67
90 65
62 72
143 58
57 100
138 123
write:
6
132 126
36 22
75 48
52 126
116 147
19 31
read:
91
read:
95
write:
1
45 93
write:
3
146 34
92 132
60 72
read:
44
write:
7
9 82
92 61
14 103
60 7
124 145
63 78
61 131
read:
90
read:
11
read:
130
write:
5
64 78
137 74
63 14
46 88
14 91
write:
8
75 123
77 37
68 74
36 87
107 148
41 8
2 41
88 1
write:
2
75 70
97 50
read:
78
write:
5
36 35
45 37
70 146
57 146
40 28
write:
3
30 23
100 66
55 89
write:
4
57 134
77 65
98 30
97 62
write:
1
102 111
read:
137
read:
19
write:
7
52 148
42 140
42 26
103 21
14 45
18 68
132 30
write:
6
81 131
32 117
10 40
4 95
15 38
142 102
write:
2
138 88
18 87
write:
7
115 12
112 37
117 75
38 71
18 107
122 70
139 29
read:
32
read:
110
write:
6
13 29
64 63
92 135
14 10
3 33
39 36
write:
8
1 13
68 121
39 148
31 46
19 86
52 146
77 9
6 84
read:
133
read:
145
read:
65
write:
2
112 101
144 95
write:
9
143 14
54 50
68 12
6 41
118 18
66 63
70 9
134 97
126 108
read:
85
read:
7
write:
10
71 34
75 76
135 26
84 19
44 123
97 108
115 63
133 59
22 63
109 79
write:
3
3 105
123 81
76 33
read:
6
write:
6
79 10
126 88
3 48
55 134
76 15
111 143
read:
105
write:
6
20 61
109 116
24 107
66 130
135 70
100 53
write:
4
120 20
139 19
116 108
56 125
read:
112
write:
3
72 99
128 103
104 116
read:
96
read:
34
read:
39
read:
54
read:
45
write:
10
12 55
133 22
80 43
98 146
129 138
20 129
30 115
110 36
60 121
42 93
read:
23
read:
146
write:
5
91 9
34 73
16 77
96 54
63 73
read:
109
read:
54
read:
106
write:
2
61 71
93 85
read:
17
read:
133
read:
98
write:
10
26 76
56 120
70 122
53 66
79 65
80 148
72 128
92 36
113 49
30 127
read:
125
read:
114
write:
5
86 61
95 143
96 18
133 54
125 130
read:
69
write:
3
42 109
101 104
56 44
write:
5
75 121
121 87
37 134
98 3
86 129
read:
119
read:
37
write:
1
84 91
write:
10
125 26
31 67
94 117
48 117
8 40
109 44
148 37
71 28
47 29
78 81
write:
1
6 35
read:
109
write:
2
148 22
48 103
write:
1
129 132
write:
9
146 41
20 11
79 52
140 128
20 51
86 5
33 94
122 143
28 16
read:
100
write:
5
84 115
58 92
130 10
48 129
112 116
write:
2
83 139
128 23
write:
6
65 144
69 113
47 143
31 148
35 32
140 136
read:
115
write:
7
14 137
35 88
67 5
85 113
28 52
137 10
111 59
write:
7
2 71
56 21
39 122
99 140
131 139
122 28
104 132
write:
7
19 27
41 44
148 53
59 76
128 50
48 94
108 92
write:
9
132 116
107 60
142 43
111 138
50 147
14 81
44 102
132 112
87 1
write:
4
34 62
93 2
137 127
128 125
write:
5
70 105
12 51
105 70
99 108
79 128
write:
5
85 22
18 86
45 5
55 23
49 18
read:
35
write:
1
55 106
write:
7
135 73
18 145
119 21
44 120
72 66
127 143
34 43
write:
4
43 41
79 31
92 39
140 67
read:
62
read:
101
write:
9
73 85
65 147
136 123
24 70
85 87
56 110
55 7
25 39
96 136
write:
6
136 21
121 6
63 9
10 4
55 76
145 5
write:
1
94 6
write:
3
129 110
71 34
106 39
write:
7
18 4
112 96
61 23
35 72
74 32
83 117
121 109
read:
126
read:
48
write:
2
146 90
48 14
read:
8
read:
104
read:
128
write:
6
79 120
7 108
137 38
83 26
110 105
68 4
write:
7
44 107
12 143
18 24
21 20
17 45
106 33
31 63
read:
108
read:
114
read:
85
read:
27
read:
101
read:
91
read:
15
read:
86
read:
23
write:
9
72 85
141 101
120 12
50 126
78 21
40 49
39 90
147 76
147 74
write:
2
45 50
65 81
write:
2
39 35
10 18
read:
144
write:
2
90 57
68 114
write:
10
113 50
62 74
85 114
88 129
68 143
14 1
58 25
106 109
136 4
88 37
read:
52
read:
136
write:
6
126 76
45 27
146 123
48 148
99 132
45 25
read:
127
write:
1
26 23
write:
5
112 144
42 96
26 74
129 89
6 10
write:
10
139 94
11 106
11 113
79 13
59 116
68 63
110 136
68 60
120 27
52 20
write:
5
136 39
34 33
15 93
119 86
143 39
write:
4
36 123
27 63
136 42
77 37
read:
13
write:
1
49 144
read:
59
read:
83
read:
31
write:
3
20 50
106 73
126 93
read:
33
read:
140
write:
3
43 119
130 122
30 81
write:
6
75 49
114 148
108 61
140 104
58 87
10 101
read:
109
read:
97
read:
34
read:
140
write:
6
29 67
138 105
103 12
139 40
135 31
70 18
read:
116
write:
10
22 133
133 83
31 148
74 117
74 82
146 56
30 125
116 57
137 98
36 119
write:
7
111 46
63 99
74 66
11 68
121 13
22 51
31 96
write:
8
40 103
89 12
95 52
38 135
39 39
145 59
49 81
66 110
read:
119
read:
136
write:
2
20 102
23 48
write:
8
80 50
73 74
61 126
36 89
50 53
117 54
34 39
58 68
write:
7
89 98
107 133
21 127
19 53
87 90
82 36
54 48
write:
7
143 146
87 12
29 125
65 67
22 13
105 139
102 75
write:
1
128 80
read:
108
write:
6
148 103
3 8
12 7
106 127
52 76
41 9
write:
6
21 93
82 59
23 20
57 103
75 102
119 62
write:
2
143 29
144 51
write:
10
14 85
23 62
114 102
19 143
25 132
36 56
53 6
6 10
104 45
75 140
write:
1
126 130
read:
147
write:
4
53 110
65 131
49 122
103 137
read:
118
write:
4
128 41
142 21
18 71
98 139
read:
56
write:
3
133 38
142 53
86 115
write:
9
111 108
69 78
20 123
134 119
6 117
19 50
14 29
93 70
31 29
read:
2
write:
7
34 49
142 58
50 80
17 147
66 128
132 129
124 125
read:
107
read:
13
read:
33
write:
4
81 37
35 48
48 125
42 130
read:
11
read:
109
read:
96
write:
7
109 40
14 52
12 133
54 34
20 130
101 75
70 101
write:
10
42 138
31 109
72 6
19 37
46 55
103 86
67 67
75 29
82 14
109 80
write:
10
38 35
126 39
104 147
87 76
4 140
83 1
118 50
62 125
51 80
138 130
read:
107
write:
8
65 109
13 67
135 82
84 67
66 78
143 139
3 122
6 1
read:
135
write:
9
135 145
72 134
32 67
106 28
95 85
107 57
113 46
78 3
40 82
read:
3
write:
9
72 117
19 122
130 55
12 47
95 37
103 69
46 22
88 38
85 17
read:
95
write:
2
82 77
112 43
write:
8
140 35
54 96
67 109
17 30
82 143
138 24
114 84
10 50
write:
1
129 56
write:
5
122 131
97 29
104 60
98 121
2 38
read:
32
write:
6
55 105
138 45
51 126
123 7
26 31
84 132
write:
6
49 8
126 147
87 50
38 54
111 71
6 128
read:
78
write:
7
54 63
113 147
33 72
141 44
63 89
55 29
123 106
read:
105
write:
8
93 53
33 140
32 142
69 84
40 126
92 117
44 37
114 114
read:
52
read:
40
write:
4
99 125
75 111
38 114
112 52
write:
9
78 50
138 87
92 68
140 14
10 81
48 119
143 134
61 144
13 113
read:
34
read:
116
write:
4
20 136
95 98
58 125
54 54
read:
10
write:
5
131 54
141 10
93 119
15 80
52 88
read:
96
write:
5
106 58
116 131
11 54
57 49
56 92
write:
1
74 4
write:
3
64 111
83 63
101 113
write:
9
37 12
139 111
66 77
103 15
123 101
103 105
129 144
3 93
121 124
read:
90
read:
53
write:
9
36 79
58 85
105 28
88 99
30 90
85 72
58 128
144 70
111 118
read:
134
read:
39
read:
51
read:
116
write:
1
87 138
read:
128
write:
3
43 55
18 18
75 82
write:
5
3 21
19 105
145 9
9 18
29 120
write:
7
122 142
3 109
83 5
143 88
59 99
121 6
19 99
write:
2
64 98
48 147
write:
1
58 126
read:
98
write:
4
124 134
32 137
72 27
98 92
read:
144
write:
4
55 118
56 130
18 137
37 79
read:
5
read:
47
write:
1
78 127
write:
3
45 15
118 91
122 65
write:
1
55 39
read:
51
write:
9
47 129
135 91
47 123
14 85
22 81
57 89
130 117
19 43
62 57
read:
121
read:
145
read:
111
write:
8
141 105
117 134
64 86
109 134
47 14
85 37
40 87
41 50
write:
1
101 129
read:
96
write:
4
47 28
1 8
9 82
34 120
read:
1
write:
2
141 82
118 117
write:
2
86 127
140 131
read:
104
write:
1
76 80
write:
7
43 112
11 120
6 145
37 102
29 75
6 46
105 104
write:
6
93 21
77 40
54 77
74 147
147 27
33 30
write:
2
41 35
24 85
read:
116
read:
59
read:
21
write:
9
138 21
147 139
81 11
103 121
27 50
113 96
92 48
42 142
62 114
write:
1
119 10
read:
116
write:
5
109 13
98 81
109 147
90 124
121 77
read:
10
write:
8
139 19
137 60
97 99
80 51
112 93
122 57
124 120
133 5
write:
4
114 13
46 128
70 3
92 110
write:
4
59 50
1 133
44 76
62 143
read:
132
read:
29
read:
43
read:
93
write:
3
44 137
90 138
30 30
write:
1
26 88
read:
79
write:
4
86 84
95 34
112 22
30 52
write:
3
38 21
47 126
35 10
write:
1
48 39
write:
1
17 127
read:
133
write:
5
120 54
128 57
14 108
136 113
32 52
read:
61
write:
5
134 10
54 127
34 81
51 146
15 2
read:
1
read:
110
read:
121
write:
10
2 69
75 41
115 79
50 131
81 2
75 94
2 70
74 146
106 86
138 58
write:
9
47 32
62 78
25 54
148 57
62 9
3 94
93 63
73 137
10 66
write:
5
124 43
11 89
120 49
60 98
4 49
read:
82
read:
33
read:
129
write:
3
119 108
61 62
133 68
write:
6
65 72
57 25
136 103
15 137
42 65
7 104
read:
137
write:
6
88 108
13 143
106 147
12 104
90 110
134 14
read:
62
read:
29
write:
6
35 92
63 46
62 143
95 40
20 30
134 139
read:
50
write:
2
91 38
83 82
read:
103
write:
3
42 141
105 37
62 7
write:
1
59 80
write:
8
31 97
46 53
12 123
77 103
59 32
95 63
136 80
146 77
write:
7
140 20
81 118
10 80
128 136
80 73
50 124
102 18
read:
101
read:
34
write:
9
14 126
99 55
3 144
96 3
64 145
131 137
146 120
62 8
21 107
read:
96
read:
110
read:
2
write:
4
56 121
8 141
104 70
111 84
write:
8
44 93
119 52
48 110
38 136
56 48
105 73
145 70
24 146
write:
3
134 113
82 91
39 124
read:
126
read:
81
write:
4
83 136
70 129
38 53
37 122
write:
5
80 80
126 107
54 83
9 102
99 80
write:
7
93 135
50 37
77 111
4 13
148 18
61 36
58 134
write:
9
141 90
70 36
83 31
107 83
79 5
30 74
139 20
114 47
76 73
read:
111
write:
8
123 99
80 141
5 135
103 65
59 81
35 14
7 22
28 144
read:
126
read:
79
read:
121
read:
48
read:
126
read:
56
write:
9
136 47
33 111
111 33
97 132
23 91
91 44
5 55
13 64
29 130
read:
112
read:
81
write:
9
99 147
95 144
142 127
80 48
57 2
140 145
148 42
123 69
145 136
write:
2
63 85
137 101
read:
50
write:
4
50 114
138 95
65 34
38 29
read:
25
write:
9
77 29
48 139
114 126
94 55
21 7
33 7
77 64
137 42
113 87
read:
60
read:
84
write:
6
52 102
122 11
36 115
143 71
46 113
138 62
read:
51
read:
88
read:
114
write:
2
1 55
78 80
write:
3
34 88
122 64
44 18
read:
6
read:
27
read:
17
read:
94
read:
75
read:
39
write:
7
25 25
127 55
144 104
4 46
146 23
122 18
41 71
write:
5
30 92
46 31
140 52
39 131
28 26
write:
6
27 13
119 81
38 83
114 46
94 62
143 29
write:
8
9 128
10 36
140 122
83 15
110 97
114 34
58 28
133 18
write:
1
50 61
write:
2
57 111
23 68
write:
6
80 44
88 57
55 107
55 137
41 89
1 18
write:
9
103 114
51 11
81 28
30 23
117 60
139 98
35 22
119 9
145 123
read:
133
read:
27
write:
10
53 88
2 129
65 59
59 57
45 21
32 114
70 59
97 74
23 60
130 1
write:
5
57 111
108 113
78 127
40 80
59 82
write:
8
145 16
92 40
83 18
104 124
77 111
147 44
81 104
63 66
write:
7
136 68
95 61
54 51
35 87
105 97
142 129
30 100
read:
105
write:
2
30 103
147 94
read:
113
read:
46
write:
5
25 29
115 87
21 38
24 81
81 109
read:
65
write:
10
1 133
122 122
38 40
95 138
26 104
129 67
97 84
16 123
31 89
116 137
write:
2
143 141
86 64
read:
125
write:
8
51 127
23 11
71 60
106 144
9 105
42 1
55 42
71 142
read:
110
write:
8
26 65
55 103
50 134
3 79
126 47
29 113
10 74
145 22
write:
6
21 40
72 30
91 66
114 138
133 54
91 146
write:
4
73 92
24 119
112 119
108 115
write:
1
145 26
write:
9
87 19
96 75
8 100
12 132
49 35
51 55
106 132
56 114
2 123
read:
41
read:
134
write:
2
32 36
17 121
write:
3
89 38
60 43
43 47
read:
134
read:
67
read:
92
read:
103
write:
2
117 99
54 118
read:
25
write:
2
123 22
114 124
write:
1
43 60
write:
2
48 24
32 123
write:
10
123 20
10 103
53 117
46 65
20 88
139 53
18 80
147 113
11 62
32 18
read:
129
read:
111
read:
56
read:
58
read:
105
read:
64
write:
2
133 146
61 92
write:
1
132 148
write:
1
48 5
read:
141
write:
9
91 48
139 63
116 27
84 19
137 138
96 113
82 105
22 8
5 10
read:
99
write:
7
16 58
25 5
136 87
54 49
135 87
14 47
2 114
read:
62
write:
2
102 128
63 20
write:
1
67 13
read:
34
read:
3
read:
142
read:
107
write:
9
120 116
54 34
55 115
56 123
79 87
86 65
31 123
68 17
148 45
read:
81
write:
8
122 112
2 92
79 134
136 75
141 43
116 69
80 61
3 2
write:
4
84 34
67 104
58 79
82 31
read:
37
read:
80
write:
10
80 67
74 78
37 38
68 105
144 127
39 116
84 71
119 36
97 52
24 58
write:
6
91 64
80 29
69 46
92 104
3 103
61 120
read:
38
read:
123
write:
7
67 144
66 106
14 145
102 57
4 25
21 4
82 61
read:
22
write:
10
128 86
128 5
97 66
59 32
61 143
25 16
46 12
93 54
123 144
29 1
read:
93
write:
10
96 145
40 137
50 100
73 59
37 67
55 58
24 75
9 133
57 63
42 8
write:
8
81 148
52 137
44 83
130 19
141 11
131 48
10 77
131 39
read:
31
read:
18
read:
21
read:
141
read:
89
write:
9
144 52
121 127
126 40
47 4
123 141
92 59
16 29
85 37
38 128
write:
1
140 144
read:
119
read:
6
write:
7
82 121
38 3
113 148
143 20
105 84
102 145
38 108
write:
1
62 43
read:
110
read:
103
read:
19
write:
6
90 56
34 23
41 81
12 103
61 24
111 49
write:
2
31 37
148 140
write:
2
94 102
114 138
write:
4
138 18
32 144
142 20
82 84
write:
4
134 77
107 101
31 58
30 80
read:
130
read:
65
write:
6
144 59
1 117
82 13
20 90
139 94
31 3
write:
3
74 36
67 56
76 127
read:
115
write:
5
74 13
95 59
87 107
45 61
69 77
write:
6
124 79
122 52
112 53
129 125
92 55
25 9
read:
65
write:
3
67 91
93 97
56 114
write:
1
11 52
read:
10
write:
5
17 22
45 20
95 110
3 87
45 71
read:
98
read:
115
read:
71
write:
9
83 42
68 36
19 102
53 47
136 81
14 17
95 57
18 131
105 44
read:
52
write:
1
103 93
read:
14
read:
73
write:
7
72 32
130 5
92 119
26 40
21 85
83 124
144 99
read:
13
write:
4
32 16
50 37
144 17
28 72
read:
15
write:
1
133 23
write:
9
140 122
22 23
111 12
92 139
93 102
40 103
124 94
112 57
94 45
write:
3
5 142
55 66
52 41
read:
134
write:
5
46 97
129 79
10 6
57 135
13 102
read:
94
write:
7
133 66
3 29
112 96
136 52
97 54
70 107
39 81
write:
2
8 16
138 29
write:
3
44 111
103 105
35 122
write:
9
111 98
107 70
103 121
33 118
3 144
25 35
1 66
144 43
142 52
write:
8
11 75
136 110
134 77
36 14
19 63
117 96
37 105
100 23
write:
2
76 120
47 58
read:
40
write:
6
9 77
81 126
120 137
63 58
13 90
7 65
read:
139
write:
3
57 68
85 89
15 83
write:
9
131 106
84 55
65 15
106 123
124 146
34 73
66 83
91 110
20 118
read:
145
write:
6
84 121
97 42
60 57
68 58
33 51
127 144
write:
7
54 147
91 5
128 22
58 100
42 101
17 19
105 75
write:
6
97 21
11 115
80 125
63 126
37 143
63 87
write:
7
61 47
121 49
24 90
3 51
82 30
57 141
67 94
read:
55
write:
2
33 68
109 74
write:
9
15 56
83 85
42 101
145 136
142 35
86 25
110 108
12 137
25 93
read:
24
read:
100
write:
6
146 74
57 7
3 120
12 28
140 138
80 125
read:
95
write:
6
20 45
8 27
22 1
8 141
30 121
70 23
read:
125
write:
3
84 32
135 7
75 41
read:
120
write:
7
3 110
139 26
122 134
61 19
79 70
136 104
98 83
write:
4
66 144
54 11
103 59
29 29
read:
68
read:
86
write:
4
105 144
106 113
24 18
25 104
write:
9
144 76
31 88
29 34
47 118
145 146
134 104
74 88
140 62
100 9
read:
67
write:
8
91 72
106 43
123 102
33 57
125 5
68 83
51 88
41 15
write:
1
37 87
read:
133
read:
9
write:
8
48 122
85 105
100 48
36 20
115 50
93 48
114 142
69 40
write:
7
73 36
27 77
26 19
68 41
66 142
43 136
72 1
read:
28
write:
3
140 5
70 46
86 66
read:
96
write:
7
131 101
15 131
52 148
87 78
21 36
85 121
113 136
read:
80
write:
4
134 122
101 79
124 101
4 102
write:
3
112 19
30 74
87 116
read:
87
write:
10
2 73
16 121
108 46
111 36
110 51
110 137
142 133
148 8
1 43
48 26
write:
2
29 6
41 100
write:
3
29 63
23 7
73 60
read:
17
read:
16
write:
10
11 72
28 91
13 87
24 140
73 140
59 138
44 88
60 74
20 111
139 98
read:
60
write:
3
107 84
112 57
101 96
write:
2
133 102
32 88
read:
123
read:
138
read:
136
write:
7
39 132
61 68
134 83
11 131
58 88
28 141
144 52
read:
120
read:
112
write:
3
71 40
95 14
16 89
read:
59
write:
8
143 37
72 102
75 85
59 56
12 71
42 129
53 54
65 36
write:
4
145 114
136 30
16 104
46 64
read:
110
write:
10
37 19
120 117
29 82
128 14
27 125
40 147
94 100
21 84
120 12
25 50
write:
1
111 3
write:
6
59 105
141 68
105 29
12 77
139 8
140 112
read:
92
write:
8
72 40
140 106
70 84
12 50
110 110
137 102
41 134
118 140
write:
8
70 127
37 69
5 14
32 132
4 16
145 5
120 7
35 58
write:
9
30 93
134 11
44 61
29 96
64 49
77 29
32 89
88 122
27 108
read:
139
read:
2
read:
113
write:
2
46 14
138 49
write:
10
117 65
143 102
129 34
53 95
70 112
63 19
21 67
104 77
112 133
5 22
write:
2
139 133
135 38
read:
77
read:
74
read:
93
write:
1
70 96
write:
8
107 39
10 117
80 112
127 24
99 66
79 18
130 100
62 36
write:
4
79 54
22 34
116 89
18 22
write:
2
67 131
54 59
write:
4
147 145
44 71
124 140
138 134
read:
144
write:
2
120 98
81 87
read:
114
read:
35
read:
74
read:
143
write:
4
127 126
46 133
91 57
77 8
read:
67
write:
9
132 117
17 10
29 93
43 116
114 22
110 143
23 57
50 11
125 115
write:
5
69 116
63 112
50 47
47 28
104 110
write:
9
143 110
82 23
67 120
87 119
45 116
8 98
23 103
143 148
26 82
read:
110
read:
98
write:
1
22 51
write:
1
116 100
write:
5
10 115
139 89
38 92
48 124
41 34
write:
4
81 16
119 142
143 93
66 135
read:
72
read:
52
write:
1
127 61
read:
66
read:
79
read:
3
write:
6
146 7
49 93
136 110
87 40
1 95
91 6
read:
21
read:
32
read:
82
read:
49
write:
4
38 19
26 129
109 129
55 49
write:
3
66 50
50 67
12 4
read:
139
write:
10
80 138
144 51
21 91
106 18
83 9
132 54
54 131
42 62
132 146
56 132
write:
6
69 88
136 17
106 126
125 98
118 67
15 58
write:
6
88 46
144 19
72 58
79 93
43 73
87 2
write:
1
67 133
read:
79
write:
4
101 132
113 106
78 64
92 99
read:
86
read:
67
read:
70
write:
6
146 70
47 20
74 107
12 148
55 148
119 63
write:
5
130 64
101 123
55 49
86 40
136 96
read:
133
write:
7
70 86
80 18
138 17
106 59
137 18
99 108
143 122
read:
71
read:
62
read:
75
write:
7
121 137
50 93
103 119
51 106
75 134
61 57
16 3
read:
41
write:
8
127 56
75 143
145 46
5 31
72 64
87 64
138 46
115 85
write:
1
125 72
read:
44
write:
10
84 1
15 36
34 61
16 43
69 113
139 49
47 37
1 147
66 89
97 7
read:
95
read:
123
write:
1
126 24
read:
111
read:
4
read:
73
write:
2
97 72
12 70
read:
108
read:
143
write:
4
4 90
39 108
12 119
93 136
write:
2
121 133
5 12
write:
9
45 131
71 34
93 56
83 54
18 138
110 135
57 138
15 90
126 77
write:
5
99 79
8 83
1 15
87 21
47 78
write:
4
12 12
51 12
3 122
60 117
write:
6
37 54
127 12
69 82
118 143
26 49
131 7
read:
59
read:
42
write:
3
114 111
54 29
146 74
read:
123
read:
10
write:
9
125 32
142 83
46 6
92 34
84 71
112 111
112 83
134 62
50 124
write:
7
131 81
19 118
63 112
88 57
113 129
95 40
120 138
read:
76
read:
1
write:
3
126 87
93 138
70 121
write:
6
142 88
67 27
114 57
128 126
51 124
117 83
read:
116
read:
12
write:
4
50 121
66 101
27 128
62 131
read:
10
write:
8
11 9
45 143
86 110
143 27
3 147
52 109
124 21
75 13
write:
3
39 65
127 122
139 34
read:
85
write:
5
135 83
31 137
56 131
125 42
140 108
write:
5
2 58
74 86
30 106
71 123
29 67
read:
31
write:
5
76 11
62 140
98 87
137 49
114 14
read:
8
write:
5
58 73
75 108
89 38
96 67
45 63
write:
2
6 122
6 9
read:
106
write:
2
28 38
8 123
write:
10
112 46
88 6
19 10
27 81
2 59
38 133
52 69
71 47
135 98
37 141
read:
56
write:
10
147 83
103 98
140 63
30 35
91 42
67 64
139 50
24 72
123 148
148 109
read:
87
write:
4
32 6
97 33
71 73
39 85
read:
10
write:
6
72 6
67 96
129 44
40 78
100 126
74 23
write:
2
119 116
81 89
write:
2
126 8
47 124
read:
16
write:
10
49 125
133 63
123 17
30 70
54 13
62 131
36 51
36 79
112 146
92 125
write:
9
76 130
48 33
71 55
64 88
83 103
37 91
116 25
99 73
10 139
read:
68
write:
2
102 44
8 17
write:
7
88 124
132 92
1 60
113 109
17 43
58 6
2 82
read:
68
write:
4
89 56
60 125
97 54
131 125
read:
146
read:
133
read:
9
write:
4
114 8
57 124
139 98
127 75
write:
6
23 143
122 37
69 37
116 82
100 138
94 63
read:
138
read:
98
write:
6
99 98
50 53
37 97
88 18
42 74
123 143
read:
99
write:
5
104 26
144 10
18 109
78 145
147 6
write:
8
76 28
41 111
2 112
91 143
86 89
123 133
132 62
14 110
read:
31
read:
120
write:
4
144 10
69 13
121 83
68 94
read:
75
read:
22
read:
62
read:
62
read:
89
read:
103
read:
56
read:
124
read:
50
read:
135
read:
55
write:
5
93 16
43 61
82 73
11 52
134 93
read:
140
write:
3
136 62
146 35
136 16
read:
76
write:
6
126 55
94 45
108 65
85 63
84 10
144 140
write:
1
6 50
write:
4
57 56
123 56
20 36
69 21
read:
31
read:
51
write:
2
47 56
14 50
write:
5
43 12
127 45
58 104
130 38
114 99
read:
87
write:
6
28 51
49 12
61 104
136 48
41 30
72 122
read:
87
read:
142
read:
71
write:
9
50 5
147 38
16 114
56 107
113 7
18 32
27 146
114 120
114 121
read:
87
read:
84
read:
16
read:
122
read:
64
write:
1
87 90
write:
5
134 10
136 133
141 87
129 74
128 65
write:
10
79 145
123 12
120 111
89 14
116 104
46 52
106 1
72 50
15 23
16 77
write:
7
14 23
30 109
28 104
99 116
14 14
145 83
32 53
write:
4
82 6
35 133
13 33
2 65
read:
57
read:
40
write:
7
97 41
124 83
21 101
16 81
76 87
86 97
104 13
read:
81
read:
40
write:
9
80 51
72 45
143 2
100 37
95 113
85 10
25 81
45 119
61 45
read:
45
read:
109
write:
8
131 39
116 143
42 3
47 100
48 82
98 28
128 120
144 20
read:
129
write:
6
78 147
42 52
99 93
85 52
74 57
3 33
read:
14
write:
5
114 63
88 46
100 39
14 96
136 124
write:
7
142 37
49 91
88 123
4 4
23 83
127 91
16 82
write:
4
99 125
136 135
69 121
12 125
write:
6
5 92
99 56
13 64
22 20
75 124
23 79
read:
106
write:
4
28 36
48 58
7 9
37 65
write:
3
17 89
136 89
41 46
write:
8
69 119
134 38
7 139
99 8
24 94
26 74
89 84
9 72
write:
2
118 90
38 141
read:
86
write:
9
24 134
111 102
20 28
67 36
81 127
77 76
106 54
107 58
55 147
read:
87
read:
145
write:
7
132 78
29 130
116 8
1 47
53 65
107 57
13 11
read:
99
read:
71
write:
1
124 35
write:
5
96 119
58 54
113 108
137 134
11 102
read:
78
read:
23
read:
125
write:
1
10 71
read:
135
read:
37
read:
99
read:
6
read:
58
read:
43
write:
10
107 144
90 113
115 137
45 121
141 50
121 27
145 28
74 67
4 135
43 13
read:
144
read:
94
write:
2
42 111
104 121
read:
82
read:
21
write:
2
40 62
25 4
write:
7
107 46
134 46
53 137
8 117
1 140
30 95
53 22
read:
147
read:
62
write:
8
101 71
123 125
70 56
135 14
145 13
50 133
31 13
30 14
read:
2
write:
7
144 66
126 140
73 123
130 17
44 16
115 120
24 90
write:
1
126 148
read:
143
read:
13
write:
4
39 82
69 104
9 102
125 148
read:
116
write:
5
103 75
85 21
8 74
113 90
128 106
read:
4
read:
26
read:
73
write:
5
49 91
4 129
4 49
116 63
55 29
read:
35
write:
10
2 54
148 60
80 23
9 73
131 74
138 140
28 93
53 88
136 13
96 108
write:
3
116 102
84 123
81 42
read:
114
read:
145
read:
45
write:
7
24 69
18 29
131 137
72 24
72 138
90 136
121 120
read:
76
write:
10
94 130
10 46
138 33
38 54
139 99
105 62
113 121
4 92
4 93
5 120
read:
53
read:
42
read:
68
write:
3
12 81
67 84
44 11
read:
148
write:
7
52 124
106 105
41 1
22 56
50 66
59 87
130 117
read:
103
write:
1
145 65
read:
67
write:
10
58 147
142 87
8 43
60 34
134 121
9 101
8 54
75 103
24 18
26 14
read:
80
read:
113
write:
2
132 96
81 133
read:
121
write:
7
73 145
72 83
134 51
140 12
74 75
148 30
134 88
write:
10
86 49
119 34
91 134
88 97
59 63
43 85
61 147
51 49
31 107
25 136
read:
39
read:
8
write:
4
22 42
59 124
107 144
64 16
write:
10
24 65
15 72
72 17
90 113
47 26
44 5
102 147
46 20
117 8
61 80
write:
9
31 129
60 30
134 112
139 102
62 50
20 82
92 95
107 133
93 126
write:
1
11 91
write:
3
13 91
140 109
110 120
write:
10
39 24
110 66
59 61
72 40
120 76
134 75
91 134
97 114
16 5
47 126
write:
1
51 5
read:
68
read:
138
read:
92
write:
5
64 6
70 12
10 92
142 92
73 54
write:
3
8 2
147 57
45 20
write:
3
89 38
20 107
90 101
read:
57
write:
5
139 51
17 32
98 2
40 9
59 125
write:
10
117 12
92 131
22 1
67 98
85 55
24 92
42 94
44 117
83 12
30 7
read:
88
write:
4
44 44
46 53
45 131
111 105
write:
3
116 36
64 101
141 103
write:
5
37 7
46 110
145 147
89 17
27 56
read:
36
read:
138
write:
10
108 27
54 6
65 134
53 100
96 148
85 70
125 84
94 139
61 70
111 122
read:
55
read:
10
read:
138
write:
6
7 65
72 86
73 69
37 53
129 89
106 53
write:
5
105 109
73 94
11 6
121 100
146 64
read:
6
read:
125
read:
62
read:
33
write:
6
57 92
3 18
6 61
132 30
125 14
29 139
read:
64
write:
5
122 23
31 111
115 145
140 135
60 56
write:
8
23 55
143 89
116 67
39 1
140 102
110 14
109 145
124 133
write:
5
61 16
94 119
140 80
61 4
108 3
write:
4
144 28
49 136
32 22
2 103
read:
87
write:
3
26 32
138 9
22 3
read:
15
write:
10
53 103
133 45
142 43
16 111
91 33
108 141
88 33
29 129
91 103
75 4
write:
5
140 29
19 102
3 41
67 101
91 46
write:
8
14 110
103 130
56 124
66 12
115 19
105 7
148 58
47 101
read:
8
read:
96
write:
7
109 143
117 79
13 91
109 57
63 47
101 117
2 59
write:
4
125 42
38 10
125 91
31 104
write:
4
102 48
35 14
124 42
22 12
read:
92
read:
107
write:
1
88 54
read:
100
read:
100
write:
10
75 55
29 144
148 100
72 131
39 59
25 84
43 62
107 5
77 105
143 40
read:
77
read:
137
write:
10
91 34
131 136
136 84
145 5
1 41
57 139
52 121
4 115
135 76
125 123
read:
124
write:
9
58 12
21 95
85 41
103 78
36 93
15 122
137 107
33 124
58 58
write:
5
60 114
96 76
18 87
68 147
87 133
read:
59
write:
7
83 125
63 142
47 3
121 64
130 33
138 43
56 55
write:
9
28 113
9 35
42 27
44 136
66 131
125 55
102 118
117 81
108 67
write:
9
85 47
86 40
114 99
99 65
29 98
70 136
52 40
114 11
45 138
write:
2
121 126
140 85
write:
3
50 114
37 84
44 85
write:
2
125 73
106 39
read:
141
write:
3
70 116
68 114
83 93
read:
133
write:
9
66 92
121 88
81 137
68 116
55 78
129 40
76 62
98 54
46 80
write:
7
61 78
142 121
95 42
143 52
12 144
55 65
125 5
write:
4
85 113
38 116
53 142
96 65
write:
10
66 144
85 137
88 81
106 65
71 132
119 90
48 145
48 63
63 127
109 28
read:
10
read:
126
read:
6
write:
6
12 4
109 44
108 136
114 74
30 133
62 13
read:
26
read:
50
write:
2
46 79
44 15
read:
24
read:
109
write:
4
102 96
113 28
1 140
13 61
write:
8
143 124
34 77
35 55
127 88
110 15
122 10
23 18
33 132
read:
137
write:
6
36 26
69 54
132 23
20 105
19 147
6 90
read:
22
write:
3
130 28
74 12
111 62
read:
105
write:
1
7 19
write:
10
52 30
51 80
114 140
5 111
62 81
76 69
27 67
140 112
76 79
110 107
read:
148
write:
6
31 30
101 17
3 96
66 64
57 8
21 10
read:
148
write:
7
144 91
123 141
117 108
5 32
3 45
143 146
90 118
write:
7
132 87
69 51
73 131
137 133
4 4
15 128
42 114
read:
137
write:
1
112 62
read:
12
write:
7
104 65
42 118
124 138
47 123
38 148
90 131
58 129
write:
2
125 76
136 92
read:
57
write:
8
147 18
5 60
55 75
76 93
82 62
74 20
140 23
12 126
read:
131
read:
42
write:
7
46 129
138 104
34 71
87 100
45 28
79 145
92 3
read:
23
read:
79
write:
1
54 66
read:
24
write:
3
22 19
113 105
19 16
write:
6
3 135
92 139
98 93
136 130
5 114
145 43
read:
6
write:
6
66 64
32 123
144 84
45 92
59 127
5 107
read:
125
read:
94
write:
10
85 85
4 103
122 61
3 88
136 21
119 15
69 98
147 120
105 31
115 14
read:
94
write:
9
5 105
76 6
129 7
146 147
98 137
119 73
72 40
102 75
90 116
read:
137
read:
75
write:
6
35 77
121 60
130 125
118 133
120 103
43 114
read:
14
read:
44
write:
7
107 61
2 148
21 85
26 35
141 37
95 79
129 17
write:
7
146 106
28 25
37 84
128 77
91 72
2 67
109 136
write:
7
51 118
73 83
80 94
22 76
24 9
62 93
97 119
write:
9
74 118
129 112
142 125
114 42
139 106
62 3
145 11
145 138
7 23
write:
5
128 135
71 39
61 68
98 130
40 31
read:
68
read:
110
write:
5
36 22
91 96
21 114
35 141
56 118
write:
5
19 68
13 28
113 79
102 6
128 112
read:
14
read:
31
write:
9
68 68
95 102
42 120
93 76
37 147
4 5
66 89
81 6
21 113
write:
3
146 35
110 65
1 108
read:
4
write:
1
145 125
read:
102
write:
3
12 23
31 119
21 144
write:
7
19 108
112 10
25 142
27 95
47 109
80 102
41 35
read:
126
write:
6
67 50
73 67
16 23
10 69
31 138
129 139
read:
37
read:
146
read:
12
write:
8
93 129
6 40
43 98
120 90
70 39
64 50
99 94
105 145
read:
118
write:
8
5 68
97 28
91 48
148 66
22 45
18 100
86 121
136 38
write:
4
109 103
68 50
6 61
32 127
write:
8
85 133
142 114
37 98
60 142
111 136
83 148
121 11
14 129
write:
5
131 123
4 64
42 84
36 141
1 67
read:
106
write:
3
102 47
84 20
19 37
write:
3
69 135
119 113
86 35
write:
2
101 128
51 134
write:
5
21 120
142 42
118 145
118 38
80 102
read:
32
write:
8
68 118
108 1
80 105
99 137
72 59
10 44
118 146
8 25
write:
4
114 147
131 11
3 10
36 62
write:
5
55 118
5 64
128 65
63 64
93 28
read:
123
read:
128
write:
8
44 144
96 133
140 4
69 117
138 123
126 140
64 143
130 96
read:
91
read:
110
write:
4
71 105
141 88
18 103
137 126
write:
1
13 138
read:
141
read:
81
write:
8
100 17
104 36
69 13
124 92
142 40
126 139
43 111
35 146
write:
4
5 67
20 97
44 93
65 66
read:
13
read:
78
read:
93
write:
3
122 26
95 36
122 42
write:
3
140 14
62 123
99 105
read:
57
write:
10
37 138
38 120
57 96
18 115
7 119
127 126
63 13
92 63
55 8
16 109
write:
2
101 81
131 112
read:
21
read:
137
read:
91
write:
2
91 16
107 36
read:
133
write:
9
82 94
61 133
5 74
77 101
146 47
32 124
97 28
77 28
135 38
write:
1
70 73
read:
53
write:
7
34 117
27 93
9 117
88 5
28 122
147 43
109 133
write:
8
66 92
37 95
34 61
37 90
81 28
115 92
145 63
60 85
read:
35
read:
20
read:
137
read:
46
read:
127
read:
130
write:
2
142 143
94 143
read:
9
write:
4
96 8
69 52
55 75
44 94
write:
1
59 17
write:
9
107 5
123 21
104 57
70 88
106 82
56 64
39 142
129 46
7 20
write:
2
119 29
123 87
read:
36
read:
31
read:
39
read:
74
write:
2
102 39
19 22
write:
10
46 19
26 37
135 5
109 118
33 137
87 59
17 75
146 13
95 146
91 84
write:
6
27 51
54 75
11 18
35 40
82 75
15 108
write:
4
134 44
102 100
110 12
57 52
read:
54
write:
6
88 107
40 35
147 10
17 90
128 79
81 79
write:
2
17 12
127 90
read:
31
read:
123
read:
49
write:
3
99 14
63 3
146 129
read:
137
write:
7
40 13
71 15
118 54
136 138
98 142
112 40
100 135
read:
81
write:
8
95 104
126 24
39 15
17 144
86 33
12 71
123 110
91 70
write:
8
104 68
128 10
87 82
7 81
84 146
96 90
131 146
28 119
read:
9
write:
2
138 37
27 42
read:
85
write:
6
74 135
39 95
76 121
82 103
6 46
72 58
read:
129
write:
9
56 27
79 121
120 13
82 69
34 71
132 91
22 106
50 3
105 134
write:
3
83 33
35 50
119 138
read:
79
write:
1
39 109
write:
7
123 128
92 137
17 25
104 130
10 35
123 97
142 86
read:
76
read:
28
write:
8
97 33
36 108
78 141
86 6
56 8
147 5
103 106
84 78
write:
2
15 53
75 113
read:
50
write:
5
141 39
58 64
52 76
148 102
39 36
read:
58
write:
1
132 148
read:
146
read:
95
read:
33
write:
4
27 32
3 5
117 131
92 144
read:
2
read:
110
write:
3
128 21
54 4
26 127
write:
9
58 110
29 132
36 99
80 129
91 37
16 86
123 93
114 126
83 45
write:
5
53 91
109 133
70 89
119 118
113 147
read:
104
read:
137
write:
2
147 96
53 35
read:
44
read:
80
read:
94
write:
4
61 40
17 144
37 135
120 72
write:
3
33 137
47 101
117 42
read:
56
write:
1
70 58
write:
6
34 117
2 86
33 135
20 106
107 89
4 27
read:
20
read:
87
write:
1
32 14
read:
127
read:
39
write:
9
7 114
109 14
99 45
112 1
142 21
88 91
100 119
49 146
144 79
read:
58
read:
132
read:
130
write:
5
28 136
10 125
19 26
97 28
54 108
write:
4
115 139
91 88
83 120
66 69
read:
110
read:
127
read:
46
write:
7
69 54
77 126
18 118
129 134
101 110
6 127
121 78
read:
106
write:
6
47 54
95 140
103 23
116 69
112 68
19 10
read:
85
write:
3
37 96
9 125
42 13
write:
9
78 58
93 128
100 134
49 38
74 73
143 97
128 37
78 103
65 43
write:
5
86 66
73 18
93 145
124 28
25 106
write:
2
85 60
29 40
write:
10
82 107
104 81
20 115
144 141
57 146
41 30
14 146
34 50
3 108
73 126
write:
3
116 13
46 134
50 145
write:
2
68 71
127 62
write:
6
29 128
56 101
124 71
10 134
21 12
103 106
read:
33
write:
8
108 115
38 20
35 52
46 144
18 71
106 114
25 64
129 42
write:
10
9 59
36 80
116 136
115 3
117 123
17 44
57 8
26 122
108 103
66 91
write:
8
22 51
140 71
57 82
115 37
135 36
108 8
118 16
104 85
write:
9
36 68
116 140
127 73
47 119
58 50
75 42
144 89
94 11
1 135
write:
1
108 8
write:
6
1 5
58 22
68 113
4 136
9 113
104 136
read:
36
read:
76
write:
4
147 58
26 69
116 45
130 84
write:
6
66 41
26 10
137 93
2 76
46 134
131 40
read:
11
write:
10
59 107
89 3
144 28
140 138
41 33
48 93
140 28
6 128
23 19
117 29
write:
6
48 130
80 136
45 119
52 95
62 18
91 8
read:
69
read:
82
write:
7
12 89
90 8
80 97
67 79
73 116
18 54
42 107
read:
49
write:
4
62 113
93 91
6 117
136 6
write:
9
71 46
131 23
72 122
147 60
100 134
56 11
14 105
54 113
146 60
read:
39
read:
129
write:
4
11 38
142 109
122 144
1 44
read:
23
write:
5
90 143
115 29
75 147
100 8
36 78
read:
134
write:
4
63 112
60 44
19 130
91 122
read:
11
write:
10
128 47
137 2
129 30
35 31
41 47
39 78
127 98
70 107
29 124
13 45
read:
47
write:
7
134 123
126 134
100 10
30 104
90 141
141 131
82 19
write:
3
115 93
23 84
38 8
read:
39
write:
3
105 66
84 25
125 146
write:
9
50 104
47 82
2 38
107 117
42 26
138 136
67 108
83 17
20 71
read:
67
read:
129
write:
8
118 92
66 143
61 44
116 26
142 41
55 90
117 14
38 9
read:
40
write:
1
61 72
write:
7
42 148
97 59
77 33
3 55
61 6
147 78
120 142
read:
80
read:
142
write:
5
134 51
132 28
112 64
56 148
142 104
read:
47
read:
130
write:
2
61 118
49 58
read:
64
read:
146
read:
80
write:
9
13 18
44 19
138 13
88 35
14 88
92 97
47 62
119 4
103 44
write:
9
113 5
19 142
9 69
135 10
141 12
107 123
37 132
126 129
1 90
write:
1
138 85
read:
70
read:
144
read:
49
write:
8
17 132
94 78
72 34
93 137
4 21
74 110
30 98
28 60
write:
10
82 143
7 11
103 120
127 133
118 128
140 32
68 31
91 64
124 27
79 6
write:
2
6 40
50 67
write:
10
64 102
15 99
114 118
43 80
30 130
5 32
48 58
31 61
105 42
89 44
write:
2
21 7
18 43
read:
147
read:
85
write:
9
20 90
10 64
138 131
98 117
114 128
145 118
119 120
56 123
45 90
read:
93
read:
44
write:
5
26 43
134 21
86 25
59 43
4 30
read:
128
write:
5
59 22
61 104
124 12
47 74
55 111
read:
58
write:
4
44 121
36 68
58 83
20 110
write:
6
70 135
23 82
121 109
86 5
124 11
25 103
read:
24
read:
77
write:
10
117 91
118 139
15 39
36 13
48 74
60 53
143 140
34 89
114 4
65 144
write:
7
35 122
27 144
66 132
52 32
125 82
34 86
64 80
read:
136
write:
1
12 16
write:
9
29 119
117 117
95 108
35 85
139 11
116 30
109 110
33 133
124 134
write:
10
137 148
86 19
58 45
79 105
127 96
56 103
75 37
110 30
129 145
71 73
write:
1
103 32
read:
127
write:
4
135 120
91 20
78 43
36 11
write:
2
131 5
83 38
write:
7
74 103
28 132
126 71
99 133
145 19
113 14
66 103
write:
6
130 79
114 125
70 63
144 79
144 10
82 84
write:
10
17 40
21 130
11 4
20 23
31 72
130 19
85 84
25 39
87 105
124 88
write:
8
124 136
78 26
135 112
68 46
127 83
19 86
5 135
90 103
write:
8
144 65
78 90
44 59
7 124
10 47
38 41
51 43
117 107
read:
33
write:
4
82 62
39 21
54 115
42 90
write:
2
112 136
102 2
write:
8
109 30
100 62
2 53
120 46
50 54
45 44
20 38
77 59
write:
5
105 141
76 88
114 112
54 23
127 148
read:
9
write:
2
114 72
133 123
read:
100
write:
5
46 70
7 134
9 64
94 123
100 19
write:
1
115 67
read:
50
write:
10
101 10
90 89
129 98
106 132
58 96
118 135
84 24
101 133
34 54
82 33
write:
5
100 106
63 15
29 56
69 24
117 118
read:
68
read:
62
write:
4
8 73
36 19
85 97
18 128
write:
10
84 101
24 98
5 36
139 63
21 131
27 36
134 82
92 73
77 53
84 25
write:
7
121 78
30 59
68 124
75 48
52 98
103 1
137 102
write:
8
63 18
110 5
114 16
77 87
64 77
16 137
81 62
74 99
read:
58
write:
5
87 9
126 106
132 36
6 138
148 41
read:
37
write:
9
116 105
121 148
7 81
69 25
146 74
40 146
9 96
35 89
85 106
write:
4
101 108
32 97
53 2
120 20
read:
88
read:
90
read:
4
read:
22
write:
1
37 119
read:
93
write:
1
127 95
read:
30
read:
41
read:
67
read:
34
write:
5
109 124
88 69
118 6
108 116
71 75
write:
2
52 120
86 35
read:
12
write:
4
24 105
10 8
35 117
107 90
write:
6
95 67
85 9
29 14
91 65
40 101
84 133
read:
37
read:
30
write:
9
35 38
120 71
3 2
77 83
58 29
87 14
30 44
41 140
144 75
read:
122
write:
9
4 43
67 106
122 110
107 16
115 119
98 99
111 64
30 48
132 99
write:
1
11 102
write:
2
107 37
133 111
read:
71
write:
5
126 13
30 47
78 52
74 144
4 41
read:
7
write:
1
38 128
write:
10
27 25
147 73
74 132
77 126
111 139
36 77
27 117
89 97
31 145
133 27
read:
28
read:
91
write:
4
114 107
84 23
71 104
92 30
read:
34
read:
108
read:
31
write:
9
103 8
135 52
92 120
132 36
45 29
105 75
44 114
93 44
67 137
read:
122
write:
7
142 91
24 78
84 23
115 80
75 57
8 91
28 71
read:
24
read:
92
write:
3
148 142
118 1
133 57
read:
50
write:
4
53 58
61 26
140 64
129 47
write:
2
69 89
101 73
read:
53
read:
64
write:
3
126 99
48 27
41 70
read:
5
read:
121
read:
15
read:
18
read:
69
write:
10
12 53
57 86
8 113
139 95
18 70
85 123
15 24
11 81
7 97
13 54
read:
48
read:
67
write:
10
17 23
129 23
130 36
125 133
74 56
12 108
29 69
27 59
92 20
85 84
read:
91
write:
10
10 111
108 23
21 121
93 53
74 87
110 116
60 6
104 108
43 128
100 88
read:
74
read:
90
write:
4
14 148
125 110
141 18
112 61
read:
28
read:
99
read:
131
write:
10
73 115
91 97
14 131
48 139
39 81
29 77
105 145
7 66
115 83
40 46
read:
62
read:
133
read:
62
read:
122
write:
6
96 134
89 19
95 120
95 110
107 87
92 4
write:
10
33 35
121 104
84 115
131 85
99 46
106 104
125 73
31 108
86 134
124 90
write:
2
113 75
100 40
read:
65
read:
130
write:
7
5 7
73 49
145 35
13 27
124 49
108 137
108 16
read:
10
write:
4
91 35
21 49
104 124
23 63
write:
4
64 43
51 102
39 70
131 15
write:
8
54 7
53 89
72 96
14 8
33 10
145 30
56 15
92 25
write:
8
95 72
121 73
74 25
83 48
20 29
125 93
62 40
106 121
write:
1
2 128
read:
68
read:
69
read:
110
read:
136
read:
4
read:
147
read:
110
write:
5
131 129
140 136
141 10
22 137
82 115
write:
10
1 22
142 88
1 107
127 140
76 147
62 70
106 46
40 34
86 139
122 32
read:
55
write:
2
33 142
146 88
write:
8
125 59
115 2
126 27
106 106
26 18
19 20
112 139
9 50
read:
8
write:
7
144 111
119 89
85 87
142 105
130 3
147 107
27 91
write:
7
50 11
12 21
131 131
113 58
119 76
143 99
74 106
write:
3
35 136
111 8
6 57
write:
9
87 5
113 56
39 137
36 7
33 53
118 80
103 109
74 76
109 32
read:
148
write:
8
117 92
147 117
63 77
106 8
113 148
37 126
16 28
74 24
write:
10
68 57
30 98
73 10
41 25
114 125
67 54
48 41
141 64
38 71
52 20
write:
3
68 23
113 15
138 30
read:
145
read:
80
write:
8
113 18
30 42
28 1
83 139
34 34
56 117
62 94
54 108
write:
7
140 90
68 20
57 34
120 44
36 54
102 148
19 121
read:
27
read:
92
write:
5
32 140
146 80
91 147
85 59
107 64
write:
9
146 2
31 100
85 53
4 133
59 128
123 119
25 131
74 127
88 84
read:
14
write:
9
54 43
126 119
119 102
107 46
25 40
38 146
132 138
26 82
128 54
read:
14
read:
41
read:
106
write:
4
117 36
109 14
8 116
46 129
write:
10
49 45
7 96
10 9
45 68
111 148
65 6
25 120
37 45
117 45
13 99
write:
6
126 120
73 80
40 64
54 101
128 118
65 32
write:
7
77 14
82 106
130 2
134 55
101 66
136 19
91 62
read:
121
write:
8
113 74
113 128
38 19
147 52
14 100
16 14
87 148
99 35
read:
128
write:
8
45 50
68 39
35 80
31 137
144 32
123 72
69 112
72 118
write:
6
139 89
58 76
52 50
18 28
57 49
138 131
read:
23
read:
80
write:
1
144 20
write:
7
117 19
52 50
65 11
50 1
62 141
144 125
48 37
write:
5
37 13
79 58
138 135
48 58
96 54
read:
114
write:
2
50 130
69 147
write:
10
139 30
90 104
4 41
22 81
123 136
58 38
131 114
27 123
135 2
43 15
read:
45
write:
3
135 23
87 50
117 53
write:
1
147 49
write:
3
66 145
101 36
74 111
write:
4
55 81
1 54
92 53
146 93
write:
5
147 37
134 78
93 92
99 78
85 83
read:
118
read:
56
read:
136
write:
4
121 22
23 72
38 6
145 28
read:
25
read:
89
read:
148
write:
1
94 61
write:
1
85 126
write:
4
92 25
5 70
23 23
105 76
write:
6
99 110
56 21
12 86
66 19
132 127
69 14
read:
47
read:
122
read:
13
read:
19
read:
38
write:
8
53 18
23 89
83 99
138 94
57 50
3 15
130 138
74 39
write:
3
131 29
13 141
43 87
read:
142
read:
96
write:
2
109 129
9 94
read:
86
write:
2
125 103
133 78
read:
31
read:
120
read:
67
read:
26
write:
3
105 69
84 120
79 26
read:
4
write:
8
72 57
43 76
98 52
142 51
43 14
80 98
109 48
89 32
read:
76
write:
3
21 55
72 4
14 113
read:
116
read:
91
write:
1
143 137
write:
8
95 139
19 86
60 84
82 108
37 141
68 114
21 107
3 101
read:
72
read:
133
read:
148
write:
10
129 35
24 68
107 10
117 118
16 94
99 115
24 51
115 139
23 147
8 77
read:
91
read:
116
read:
106
write:
5
117 51
140 2
54 118
6 18
69 38
read:
75
write:
6
74 139
144 4
55 84
62 66
93 132
47 51
write:
4
81 75
107 136
109 80
28 65
read:
3
read:
140
read:
8
write:
1
148 13
write:
3
36 130
51 51
28 44
write:
8
63 118
59 40
3 106
70 83
69 21
19 7
128 131
18 78
write:
10
137 12
53 110
116 116
140 84
78 121
134 26
70 100
85 12
14 102
141 66
write:
5
51 105
44 4
105 69
91 6
3 72
write:
6
31 18
73 12
117 52
74 147
34 48
142 122
write:
1
43 140
read:
58
write:
3
131 71
82 68
34 49
read:
129
read:
45
write:
2
118 87
91 137
read:
80
read:
71
read:
41
read:
115
write:
1
147 31
read:
21
write:
10
87 120
56 89
140 133
61 76
126 107
144 115
5 97
67 1
120 108
19 1
read:
53
write:
5
133 38
33 68
82 69
18 76
70 128
read:
23
write:
4
135 49
94 27
43 82
138 85
read:
38
write:
4
17 61
42 11
46 29
7 147
read:
79
read:
26
write:
3
54 3
39 24
102 123
write:
5
39 61
126 39
61 88
122 26
66 130
read:
148
write:
9
9 62
118 111
102 137
38 93
107 14
16 47
14 5
142 21
138 15
write:
3
55 30
3 75
103 113
write:
1
133 24
write:
9
132 113
14 58
110 71
126 69
53 31
85 17
125 128
122 54
37 120
write:
9
100 30
145 91
18 144
118 17
59 35
36 120
15 60
59 79
133 14
read:
93
read:
8
read:
22
write:
1
38 142
read:
6
read:
106
write:
7
25 130
126 44
21 26
28 70
131 108
130 79
130 139
read:
87
write:
9
138 48
142 49
33 126
4 67
128 144
121 121
110 53
140 29
95 137
read:
1
read:
130
write:
1
139 57
write:
6
96 85
14 94
104 42
12 94
127 72
48 69
write:
7
124 64
80 71
70 134
64 60
96 147
129 6
139 31
read:
126
write:
5
97 124
139 20
10 125
141 86
119 57
write:
1
130 28
write:
6
99 4
42 12
75 120
147 46
52 31
139 10
read:
67
read:
18
read:
107
write:
6
56 87
28 9
144 106
6 74
138 68
45 33
read:
60
write:
3
73 85
140 27
98 3
write:
3
82 97
4 35
35 142
write:
4
104 1
22 31
39 138
119 77
write:
7
147 40
116 8
123 36
29 105
116 12
146 76
30 19
read:
39
write:
2
21 54
21 12
read:
37
read:
84
write:
10
1 139
16 144
68 13
22 121
102 70
143 86
29 96
47 53
2 148
133 96
read:
50
write:
5
102 103
82 73
134 39
1 65
135 63
write:
6
145 99
46 9
70 86
54 30
107 125
17 125
read:
48
write:
3
103 103
67 69
91 20
write:
9
132 56
29 139
48 87
100 18
21 8
37 119
136 100
106 13
58 82
write:
3
110 124
55 137
118 125
write:
3
147 5
123 64
72 66
write:
6
28 100
30 108
87 97
35 75
126 66
89 71
write:
5
62 135
101 75
34 45
14 46
125 103
read:
19
read:
35
write:
10
15 58
38 108
93 110
129 111
147 47
83 34
47 49
125 106
80 124
42 127
read:
148
read:
143
write:
9
33 147
113 92
76 25
14 78
105 59
102 42
12 60
82 45
84 40
write:
3
29 80
88 3
45 41
write:
8
18 76
122 58
33 27
106 73
19 134
138 94
101 124
39 66
read:
56
write:
7
56 55
75 32
27 49
9 34
45 78
142 37
81 32
read:
7
write:
10
143 89
148 69
63 14
74 117
125 7
22 94
103 38
66 44
48 59
99 44
read:
34
write:
7
140 105
17 125
98 40
16 36
115 105
10 91
46 36
read:
48
write:
5
81 77
109 98
115 143
8 53
138 28
write:
9
49 43
4 136
117 5
136 13
33 16
127 125
91 115
139 66
28 20
read:
106
read:
56
write:
8
63 136
137 116
47 66
130 91
1 5
142 122
99 31
30 39
read:
4
write:
7
49 129
145 128
146 118
116 143
32 110
111 80
6 115
write:
9
145 81
143 14
124 98
1 139
47 138
133 5
12 90
145 114
77 18
read:
87
read:
2
read:
63
write:
9
139 92
28 48
102 70
60 110
117 1
45 111
67 107
132 139
130 38
read:
6
write:
9
11 108
130 36
122 44
145 110
13 66
94 139
140 95
85 77
142 123
read:
76
read:
30
read:
47
read:
46
read:
10
read:
130
read:
130
write:
7
143 67
67 100
83 140
25 139
123 27
84 76
17 49
write:
10
46 86
140 119
32 147
67 126
113 27
140 33
37 75
22 2
95 5
120 36
write:
3
113 2
26 24
93 147
read:
84
read:
2
read:
2
read:
132
write:
6
3 11
86 131
131 22
48 133
64 35
39 2
write:
5
87 141
69 25
49 123
55 112
146 57
read:
98
read:
83
read:
2
read:
53
write:
9
46 81
107 126
64 122
146 103
127 131
59 108
24 31
117 48
82 38
write:
5
94 125
84 94
136 138
70 107
122 40
write:
2
49 110
54 5
read:
91
read:
107
read:
103
read:
135
read:
85
write:
6
69 129
47 120
78 18
95 88
35 3
28 90
read:
25
write:
10
47 130
120 18
144 2
47 52
67 2
131 78
105 6
43 88
19 120
11 54
read:
13
read:
38
read:
67
read:
112
write:
4
8 24
103 82
40 137
111 107
write:
3
64 56
62 145
118 39
read:
97
write:
6
122 99
78 71
72 110
68 21
51 5
125 89
read:
103
read:
102
read:
84
read:
130
read:
135
write:
1
32 111
write:
3
52 95
127 20
4 132
write:
7
81 129
5 77
66 8
81 50
8 139
141 93
113 39
write:
10
97 128
65 44
57 9
111 88
113 60
40 71
108 108
98 65
42 3
148 51
read:
70
read:
25
read:
37
read:
29
write:
2
97 34
43 121
write:
9
72 108
10 36
90 64
136 68
128 34
102 87
46 41
42 28
43 124
write:
7
113 1
18 141
80 121
33 135
128 58
141 124
47 13
write:
2
47 57
135 91
read:
25
read:
84
write:
6
6 4
108 128
43 121
92 122
132 72
72 34
write:
9
78 20
25 113
26 9
123 106
93 4
87 62
68 108
31 106
72 55
read:
53
read:
71
write:
2
47 107
13 40
write:
8
112 98
59 13
32 139
120 55
37 146
138 48
84 28
4 51
write:
1
142 89
read:
85
read:
70
read:
99
read:
79
read:
82
read:
143
write:
4
66 65
96 148
87 104
82 21
read:
59
write:
7
70 34
12 88
87 18
94 45
28 136
72 119
93 17
write:
5
62 6
110 105
100 52
29 23
69 47
write:
2
14 43
84 53
write:
2
86 2
146 116
read:
20
read:
24
write:
6
51 124
113 145
45 30
140 107
36 104
141 46
write:
8
74 116
90 50
61 131
15 7
12 42
143 68
23 105
90 65
read:
119
write:
7
117 64
121 35
62 108
106 1
148 112
134 121
131 65
read:
47
write:
8
37 108
42 139
6 136
59 37
120 37
95 132
92 65
139 12
read:
55
write:
9
37 140
120 132
113 54
135 141
6 91
61 138
57 8
3 124
3 12
write:
1
23 33
read:
140
read:
5
write:
6
115 42
141 135
77 52
139 15
56 44
136 40
read:
146
write:
3
122 53
45 12
140 130
write:
5
111 71
135 129
49 101
10 74
17 87
write:
8
28 104
119 73
117 135
60 105
56 6
86 92
125 102
65 31
write:
9
121 33
127 146
49 87
135 59
22 113
74 26
10 38
52 100
102 126
read:
76
write:
4
60 37
44 78
49 76
81 74
write:
9
145 21
48 133
30 29
36 27
39 29
79 21
145 16
15 30
92 46
write:
9
32 20
121 140
71 39
6 52
47 66
100 58
37 31
18 113
42 9
write:
6
54 32
116 116
35 35
41 6
142 124
116 59
write:
10
111 9
148 143
5 72
84 123
29 105
128 75
107 7
73 134
133 86
28 25
read:
74
read:
7
write:
9
75 46
59 102
55 136
141 34
22 125
105 75
101 32
126 10
50 116
write:
3
32 20
77 47
40 98
read:
63
read:
78
read:
133
write:
8
102 137
48 59
50 80
40 132
109 117
122 112
148 121
124 40
read:
134
read:
8
write:
10
96 7
10 2
88 88
95 12
12 45
25 92
57 45
118 16
12 148
106 116
read:
108
read:
100
write:
2
29 53
53 30
write:
3
83 77
21 78
90 12
write:
6
83 53
68 65
110 90
111 70
112 137
55 117
write:
9
117 123
60 110
108 74
127 136
97 110
46 147
72 65
135 43
14 41
write:
5
65 34
115 80
20 92
112 120
25 92
write:
6
78 50
62 134
52 118
107 131
13 29
96 90
read:
93
write:
1
122 6
read:
72
read:
14
read:
135
read:
62
write:
10
30 106
98 80
69 4
65 23
65 45
116 66
80 21
2 147
102 1
100 129
read:
130
write:
6
146 90
72 59
146 45
130 147
25 111
132 23
write:
5
125 76
140 148
50 88
128 105
10 11
write:
10
140 92
102 48
38 29
94 118
98 141
63 13
125 8
102 85
75 22
94 36
write:
8
93 95
46 109
105 24
106 53
40 17
35 141
6 20
31 86
read:
16
write:
9
47 14
94 76
141 26
72 94
77 143
78 112
30 103
129 111
78 2
read:
70
write:
3
54 95
29 79
76 140
read:
102
write:
7
60 116
99 118
73 60
113 143
82 135
15 26
106 88
read:
130
read:
4
read:
88
write:
5
4 117
71 21
21 106
28 85
70 6
write:
1
51 68
read:
60
read:
92
write:
7
6 69
101 59
148 4
145 146
20 123
104 111
70 104
write:
6
65 148
120 116
98 87
96 86
16 29
91 87
read:
71
write:
2
103 51
148 125
read:
137
write:
3
135 52
20 7
15 27
read:
113
read:
21
read:
76
write:
5
34 75
74 111
111 132
11 135
21 26
read:
89
read:
115
write:
8
40 81
105 125
28 28
91 147
127 103
15 11
80 96
115 19
write:
5
17 87
128 112
73 19
120 144
112 83
write:
3
31 67
75 52
120 97
read:
90
read:
59
write:
7
60 18
134 64
54 3
75 136
28 50
93 73
133 52
read:
71
read:
104
read:
38
read:
23
read:
23
write:
8
112 112
72 139
44 135
147 42
26 122
20 52
103 24
56 80
write:
6
57 85
21 107
58 91
19 48
63 60
35 104
write:
6
148 30
110 75
45 103
107 13
145 44
125 124
read:
4
read:
78
write:
4
102 54
46 31
84 51
119 130
read:
60
read:
74
write:
10
103 56
33 106
120 70
132 11
14 90
92 41
29 40
107 103
146 57
130 36
write:
3
91 103
27 110
76 80
write:
7
21 40
9 127
91 89
101 134
114 145
99 81
128 65
write:
4
143 91
108 132
27 61
140 124
write:
4
96 37
144 65
109 58
56 18
write:
8
140 63
101 39
138 53
141 9
67 5
23 13
98 135
133 99
read:
88
write:
4
47 25
121 73
81 123
117 111
read:
9
read:
98
write:
5
53 94
27 23
108 34
82 100
113 90
write:
5
63 33
1 60
8 97
87 31
89 71
write:
7
98 55
32 126
115 90
138 72
8 61
70 37
22 94
read:
54
read:
117
write:
8
113 32
60 108
103 105
104 79
33 137
126 70
33 8
135 18
write:
2
40 26
38 70
write:
6
113 87
43 17
111 140
22 34
53 12
136 73
write:
4
106 139
112 52
8 46
132 106
read:
70
read:
94
read:
62
write:
10
5 34
12 81
28 24
141 86
24 111
106 74
106 46
70 88
23 3
15 41
read:
117
write:
8
54 114
85 23
130 101
97 98
100 55
33 145
58 46
100 123
write:
2
8 68
40 106
read:
76
read:
88
write:
3
70 16
116 114
57 9
write:
10
87 137
101 76
20 4
44 127
58 72
100 84
143 29
10 145
112 70
11 74
write:
10
31 85
147 91
126 11
92 60
82 83
26 69
107 19
99 33
91 52
63 13
write:
8
59 27
126 108
59 100
21 124
91 108
113 69
137 27
106 136
write:
9
74 49
110 124
106 45
9 9
133 112
38 95
22 17
27 19
19 16
write:
5
102 133
141 29
2 115
94 127
34 37
write:
2
43 20
79 92
read:
131
write:
8
47 62
142 47
3 80
37 101
108 41
73 122
57 124
11 121
write:
10
27 137
128 79
31 5
13 40
130 102
8 75
10 92
100 136
119 23
147 111
read:
125
write:
1
60 140
write:
2
34 122
61 111
read:
51
write:
10
54 108
116 55
136 89
64 140
6 10
53 13
103 15
17 22
44 146
134 131
write:
3
7 108
109 91
46 28
read:
34
write:
9
120 59
137 34
71 145
128 125
66 31
53 145
134 52
49 82
82 121
read:
6
write:
1
108 90
write:
7
70 117
141 84
27 142
80 114
125 2
23 44
99 27
read:
52
write:
8
98 25
106 102
50 10
121 132
47 18
146 116
46 147
95 28
write:
2
4 87
112 138
read:
64
read:
123
read:
65
write:
9
83 79
105 103
127 144
23 67
104 110
90 42
116 9
116 30
19 5
read:
6
write:
8
7 47
42 15
68 39
110 73
115 35
136 63
24 97
102 147
write:
6
112 103
55 10
128 87
37 148
115 1
66 56
read:
101
write:
4
17 42
14 111
28 100
94 114
write:
6
83 75
74 110
21 26
49 40
85 72
114 46
read:
109
read:
13
write:
4
114 144
30 25
77 43
28 7
read:
21
read:
96
write:
10
64 4
18 92
84 25
63 116
28 73
27 77
34 16
116 76
114 38
96 146
read:
94
read:
34
write:
8
91 76
4 50
108 141
56 52
125 62
45 124
86 71
80 107
read:
132
read:
137
read:
118
read:
45
write:
9
27 59
100 75
13 33
40 10
62 48
94 134
99 4
113 109
8 77
read:
94
read:
64
read:
146
read:
7
write:
10
91 13
121 77
8 100
143 145
4 103
147 82
95 123
34 139
95 93
19 38
read:
86
write:
2
45 13
97 57
read:
59
write:
2
25 110
112 14
write:
10
122 103
6 98
66 106
93 53
30 60
126 75
4 84
70 38
13 97
28 5
write:
5
140 103
15 55
24 44
119 38
111 73
read:
114
read:
89
write:
3
88 53
81 55
145 53
read:
130
write:
1
138 30
write:
2
136 42
41 111
read:
56
write:
5
112 12
129 93
58 104
139 14
32 143
read:
82
read:
118
read:
7
write:
9
88 77
98 94
48 100
70 77
95 40
44 139
42 39
66 33
5 58
read:
12
read:
99
write:
1
102 127
read:
69
write:
10
102 132
25 17
99 80
11 64
49 79
113 108
113 55
86 57
7 147
123 121
write:
6
5 57
12 69
87 94
77 73
67 111
147 93
write:
5
42 25
11 39
45 77
111 113
88 100
read:
44
write:
9
21 84
97 17
48 43
130 26
136 147
51 43
48 52
113 113
56 81
read:
100
read:
93
write:
9
81 99
57 10
106 17
139 86
140 90
70 110
89 133
39 13
79 108
read:
90
read:
10
read:
108
write:
6
19 97
58 11
72 51
45 81
128 26
64 117
read:
41
read:
20
write:
3
112 146
145 63
64 80
write:
6
19 44
95 139
117 51
118 114
47 23
100 46
write:
1
31 47
write:
3
113 101
89 132
94 40
read:
56
read:
142
write:
2
66 63
58 24
read:
140
write:
1
144 48
write:
8
16 48
88 18
132 89
64 140
108 105
16 42
109 29
28 29
write:
6
72 19
134 86
127 127
47 21
45 99
91 46
write:
9
82 118
108 66
108 61
77 139
71 5
92 76
31 126
116 3
66 136
read:
30
write:
8
83 7
35 94
74 20
108 76
96 51
67 92
65 40
138 122
read:
76
write:
4
74 49
98 67
69 5
18 71
read:
33
write:
10
15 85
46 21
107 84
126 78
21 51
94 43
9 53
66 139
55 31
3 70
write:
8
105 43
34 44
50 99
147 69
29 34
128 108
26 148
80 112
read:
38
read:
123
read:
100
read:
76
read:
12
write:
3
142 127
128 108
82 126
write:
2
148 80
70 142
read:
66
read:
122
read:
46
write:
7
8 44
106 104
59 69
45 11
62 52
96 65
85 107
write:
5
76 68
73 89
33 114
101 120
15 115
read:
27
read:
100
read:
30
read:
112
read:
3
read:
140
write:
2
109 110
1 33
read:
111
read:
126
read:
90
read:
62
read:
81
read:
131
write:
6
96 112
41 81
135 78
133 146
16 148
33 146
read:
73
write:
7
54 119
52 67
13 85
86 99
65 13
70 130
30 18
read:
81
read:
63
read:
72
write:
1
83 74
write:
2
134 123
123 64
write:
10
18 114
108 27
33 89
16 46
45 68
81 54
12 41
39 11
109 9
110 79
write:
4
92 11
2 8
109 129
99 88
write:
9
108 21
139 144
44 9
75 82
34 104
71 11
30 95
9 145
21 65
write:
7
147 46
48 61
137 1
82 33
2 16
18 102
143 27
read:
98
read:
4
write:
5
67 136
137 12
49 100
45 148
64 40
read:
2
write:
9
73 65
139 105
10 12
83 146
29 18
51 18
22 39
114 56
145 77
write:
10
98 132
62 91
35 127
28 32
2 105
82 22
110 57
102 32
23 100
46 117
read:
15
write:
10
9 55
17 110
144 32
83 132
49 15
16 24
106 146
28 119
140 107
29 114
read:
45
read:
31
write:
1
111 54
read:
53
read:
138
read:
121
read:
84
write:
2
82 66
51 29
read:
55
write:
2
115 39
46 82
read:
7
read:
113
write:
7
3 5
43 42
23 35
30 39
49 140
8 125
28 84
write:
9
143 77
66 118
12 90
103 39
137 111
130 45
26 91
88 70
119 97
read:
124
write:
5
83 73
79 130
85 52
32 69
40 77
write:
8
76 18
108 25
2 129
136 89
97 134
60 84
72 62
104 73
read:
12
write:
6
136 21
94 146
43 140
41 88
104 117
38 119
read:
23
write:
7
124 139
76 87
22 127
74 51
87 65
22 120
59 54
read:
17
read:
21
read:
14
read:
51
read:
133
write:
2
143 86
138 96
read:
60
read:
75
write:
1
88 62
write:
10
132 28
36 79
84 30
62 137
78 69
106 12
13 66
100 64
31 138
17 18
read:
42
read:
4
read:
54
write:
10
40 85
14 33
23 125
33 116
37 110
138 1
28 45
66 8
109 14
99 34
write:
5
35 12
34 88
76 36
53 45
137 111
read:
24
write:
8
95 103
80 146
92 136
135 25
54 122
18 16
79 35
53 106
read:
58
write:
9
73 126
73 61
17 76
135 106
10 29
80 37
140 121
13 45
58 37
write:
4
129 141
26 75
6 40
123 38
write:
6
138 118
37 2
87 91
29 25
56 34
79 95
read:
49
write:
5
52 8
9 93
56 15
146 96
127 97
write:
3
118 129
53 14
51 15
read:
38
read:
95
read:
112
write:
8
95 42
57 96
126 120
10 64
114 147
144 146
111 8
73 33
write:
5
80 62
81 31
43 62
3 83
40 16
write:
6
27 117
21 11
31 85
10 138
122 12
101 18
read:
124
read:
24
write:
6
90 70
31 27
77 19
19 92
119 94
109 69
write:
3
110 6
96 145
41 21
read:
78
write:
1
111 7
read:
144
write:
10
16 23
16 39
104 117
147 2
69 118
142 122
141 101
106 123
141 94
62 76
write:
5
96 127
127 111
14 42
105 84
63 78
read:
61
read:
91
write:
3
61 107
123 60
4 101
write:
4
64 131
64 17
66 32
144 77
write:
3
2 28
62 56
92 101
write:
10
81 20
117 147
73 143
106 44
98 115
91 122
72 102
63 142
30 145
126 38
write:
6
75 55
73 96
142 144
3 81
111 73
42 134
write:
6
127 17
124 66
35 130
106 104
131 28
67 116
write:
9
29 2
98 16
89 88
35 141
88 76
28 50
142 15
145 53
140 129
read:
126
write:
9
90 55
120 15
100 55
55 117
71 56
139 87
29 144
101 33
8 14
read:
148
write:
8
52 54
129 75
83 54
84 145
1 126
116 11
39 129
94 145
write:
7
90 117
82 90
115 81
32 110
114 135
108 126
117 59
write:
1
99 43
write:
7
89 122
3 124
124 21
40 90
100 75
37 41
22 62
read:
134
read:
5
read:
116
write:
4
70 113
140 132
137 41
96 95
write:
4
122 70
74 109
126 140
81 21
read:
119
read:
85
write:
10
14 64
117 18
145 127
40 90
32 33
14 21
40 87
93 60
38 132
118 67
write:
8
41 123
39 134
30 106
84 4
114 86
60 67
50 44
128 25
write:
1
14 56
write:
7
26 142
136 38
36 68
93 109
77 56
104 137
114 48
write:
3
87 147
1 69
129 75
write:
5
35 102
51 5
107 117
124 76
60 81
read:
139
write:
7
132 127
129 49
83 81
19 20
3 11
95 106
48 96
write:
10
49 83
122 122
104 34
77 70
107 76
68 82
126 107
113 120
39 30
95 141
write:
7
7 87
34 129
111 106
100 133
68 111
28 146
19 42
write:
6
139 78
136 78
138 120
48 145
90 45
121 144
write:
7
75 110
11 60
46 29
109 111
106 39
6 111
139 45
write:
1
103 144
write:
6
134 122
98 137
69 82
113 45
133 10
104 29
write:
8
124 146
3 71
79 4
15 31
13 47
104 82
26 138
46 103
read:
6
read:
93
write:
10
9 10
67 80
137 16
142 98
40 126
58 54
17 111
1 27
97 90
21 100
write:
3
41 65
57 106
138 18
read:
147
read:
140
write:
2
82 35
138 22
write:
7
139 56
32 66
43 1
103 16
58 68
132 84
15 74
read:
118
write:
7
30 29
146 116
73 142
111 13
47 130
68 68
108 59
read:
70
read:
110
read:
125
read:
25
write:
3
79 106
143 128
61 56
write:
8
148 83
141 140
25 52
2 4
97 118
138 91
8 138
20 101
write:
8
91 111
20 15
20 29
136 21
50 64
88 4
19 91
60 143
read:
112
write:
8
28 19
137 100
69 41
69 141
60 80
17 49
120 50
61 127
write:
5
2 109
90 85
89 94
5 132
91 110
write:
10
27 22
105 127
3 122
139 61
84 64
10 88
89 37
10 139
55 29
76 62
write:
4
104 55
110 16
82 37
134 138
read:
84
write:
1
50 39
write:
1
127 139
read:
71
read:
62
read:
93
read:
127
write:
4
1 131
145 115
123 101
122 102
write:
3
133 145
40 105
144 39
read:
145
read:
100
write:
7
140 131
99 106
2 44
68 140
8 138
79 145
125 119
write:
9
55 147
11 45
99 69
47 37
128 25
66 44
107 68
141 118
114 72
read:
118
read:
13
read:
36
read:
122
write:
8
136 93
135 55
137 59
141 52
112 74
99 111
57 22
27 51
write:
2
112 34
143 105
read:
62
write:
2
74 26
48 94
read:
4
read:
148
write:
6
117 112
60 58
78 130
3 123
109 81
145 105
write:
10
145 18
118 23
61 67
123 110
125 18
41 122
9 45
86 78
117 128
12 83
write:
2
85 49
34 85
write:
6
92 84
115 51
36 142
38 146
21 41
120 2
write:
10
38 148
77 20
59 33
73 24
68 140
54 61
76 141
63 129
3 126
36 101
read:
115
write:
4
102 84
36 107
116 127
13 38
write:
5
28 47
140 10
45 131
21 48
111 132
write:
10
103 65
148 124
56 57
138 100
101 94
144 115
137 61
99 12
7 10
15 104
read:
116
read:
132
write:
10
144 62
59 73
46 134
62 90
11 13
127 145
39 94
95 73
92 56
125 110
write:
1
59 97
write:
6
124 109
82 111
53 145
54 88
31 36
9 123
read:
139
read:
83
read:
18
write:
10
70 59
111 119
25 6
67 31
116 102
73 83
85 32
141 109
49 52
86 15
write:
7
90 74
37 106
128 90
47 63
45 134
146 36
29 25
read:
111
read:
86
read:
125
write:
2
95 27
54 147
write:
5
66 35
22 43
24 114
94 61
23 109
write:
8
76 148
131 10
78 66
47 22
85 32
60 90
111 58
95 60
write:
3
127 122
80 78
85 59
read:
69
read:
72
read:
22
write:
8
58 6
44 31
9 77
33 132
27 56
116 70
103 36
63 116
read:
32
write:
9
98 108
76 50
109 31
115 7
11 13
30 113
63 80
109 146
38 35
write:
5
82 16
116 112
3 121
3 96
82 54
write:
6
124 78
57 18
87 121
100 90
42 146
39 60
write:
7
36 32
147 44
93 40
82 8
90 19
86 138
36 75
read:
63
read:
29
write:
9
113 107
105 125
140 100
1 87
143 86
10 130
45 4
12 79
93 15
write:
10
85 80
138 15
60 28
30 132
10 64
102 96
13 140
32 82
26 61
147 89
read:
134
write:
2
62 49
22 146
write:
2
33 24
10 13
read:
84
read:
141
read:
1
read:
24
read:
133
read:
144
read:
93
read:
117
read:
54
write:
7
17 16
27 76
23 134
45 1
44 57
100 70
16 122
write:
3
36 143
136 3
31 110
read:
103
write:
6
56 32
49 136
117 121
120 110
53 39
46 5
write:
2
137 53
111 28
read:
88
read:
132
read:
71
write:
10
148 143
57 15
96 26
65 147
49 93
109 14
32 72
95 108
96 19
37 95
write:
2
45 135
124 141
read:
34
read:
130
write:
9
46 128
61 81
74 53
25 99
107 120
81 108
136 106
72 44
96 7
write:
8
88 108
129 29
136 47
18 77
142 119
118 58
70 107
76 44
write:
7
134 134
59 67
147 147
89 9
148 3
72 20
58 34
read:
137
write:
2
55 95
40 60
read:
2
read:
12
read:
79
read:
73
read:
114
read:
119
write:
10
34 94
44 112
6 54
94 43
86 9
4 143
59 52
100 1
47 127
21 66
read:
18
read:
14
write:
8
12 70
99 117
114 87
147 67
104 129
13 27
71 135
30 4
write:
4
138 14
114 5
54 17
87 70
write:
7
51 61
18 74
125 2
34 144
37 55
31 10
79 84
read:
99
write:
5
59 53
65 14
34 34
19 102
73 15
read:
1
write:
1
6 130
read:
125
write:
10
142 108
52 7
7 44
63 20
144 108
115 87
74 128
35 89
108 36
65 82
write:
7
35 141
30 78
109 72
114 78
127 12
33 64
43 10
read:
124
read:
124
write:
3
43 55
136 52
42 108
read:
25
write:
6
101 57
26 80
41 13
19 117
140 52
114 40
write:
3
33 107
144 106
54 102
write:
10
29 15
89 120
6 104
128 61
95 71
80 36
94 4
119 122
77 12
81 107
read:
6
write:
1
1 100
write:
7
26 69
62 97
127 65
102 10
79 34
24 147
64 70
read:
138
read:
124
write:
3
88 46
85 14
20 141
write:
7
93 141
83 57
74 35
77 91
48 24
23 14
76 114
read:
128
write:
3
148 111
78 56
134 145
read:
89
read:
19
read:
100
read:
95
write:
8
57 66
33 92
18 93
47 29
58 6
73 72
52 22
142 56
write:
6
77 35
148 84
84 63
61 145
11 73
34 74
read:
43
write:
9
12 148
16 19
8 33
61 110
127 88
76 11
68 66
30 123
14 120
write:
3
7 61
57 97
104 40
read:
83
read:
119
write:
4
53 3
136 66
8 10
42 44
read:
138
write:
7
45 63
110 81
88 98
36 66
46 107
23 136
11 116
read:
69
write:
7
60 12
91 69
44 136
47 40
110 26
12 44
4 93
read:
26
write:
8
62 11
116 109
62 64
29 14
147 34
83 92
88 127
50 52
read:
28
read:
114
read:
122
write:
4
121 94
90 89
114 78
87 77
write:
4
115 10
109 18
110 33
30 76
write:
4
138 83
144 60
38 5
76 80
read:
23
read:
135
write:
10
67 78
35 116
46 13
4 31
57 20
52 18
62 118
86 82
4 37
60 31
write:
1
89 87
read:
85
read:
20
write:
7
58 66
5 64
93 20
62 78
41 84
135 130
5 135
write:
6
140 144
29 66
30 64
99 38
73 66
41 145
read:
51
read:
148
read:
52
read:
106
write:
2
134 25
111 1
read:
102
read:
103
read:
131
read:
142
read:
11
write:
2
127 112
74 7
read:
115
write:
10
83 136
69 8
28 44
10 66
14 112
37 79
72 98
64 79
69 21
129 68
write:
1
48 19
read:
136
read:
55
write:
4
39 83
61 72
12 17
117 30
write:
9
110 4
126 54
126 108
37 118
129 145
73 58
75 76
101 130
118 25
read:
13
write:
2
132 69
11 117
write:
4
40 94
71 52
76 9
8 83
read:
66
read:
94
read:
30
read:
66
write:
1
83 118
write:
2
107 132
104 77
write:
10
20 85
115 98
104 76
65 66
148 130
6 10
12 42
104 129
7 37
90 33
read:
127
read:
142
read:
142
write:
3
147 47
108 73
45 39
write:
1
71 106
write:
1
47 117
read:
147
read:
136
write:
10
142 35
38 138
36 141
57 14
137 147
85 55
112 135
37 41
80 73
88 3
write:
6
50 147
136 118
95 143
83 79
95 67
119 88
read:
46
write:
9
121 35
63 28
111 87
74 96
53 103
32 75
3 1
34 86
94 120
read:
89
write:
10
89 119
124 17
121 146
44 58
40 43
134 59
26 68
53 32
81 79
57 14
write:
9
12 10
114 29
10 62
45 15
5 66
29 63
117 35
97 105
106 139
read:
31
read:
113
read:
146
read:
14
write:
9
93 63
63 89
87 69
58 142
22 21
90 74
83 90
69 47
148 77
write:
10
95 75
48 72
144 143
38 98
106 81
124 90
76 1
11 143
42 80
125 144
write:
4
138 47
107 146
129 59
23 18
read:
81
read:
69
write:
3
87 29
126 91
148 29
write:
5
70 31
83 54
76 138
99 115
6 128
read:
105
read:
29
read:
49
write:
6
33 110
110 121
98 117
63 56
14 34
118 30
read:
5
read:
108
read:
120
read:
9
write:
2
60 21
135 93
read:
53
write:
7
85 28
120 33
40 50
23 41
108 109
123 71
147 7
write:
7
64 60
65 26
12 45
14 87
140 58
12 11
92 76
read:
146
read:
71
read:
26
read:
114
write:
2
136 61
36 47
write:
9
124 77
56 101
74 48
90 132
14 54
19 53
106 134
56 64
109 76
read:
102
read:
70
write:
3
144 43
67 39
117 17
read:
119
write:
7
143 115
146 17
106 61
19 66
145 28
82 4
146 124
read:
86
write:
4
146 40
83 29
72 110
60 17
write:
1
4 128
write:
3
9 106
141 3
146 135
write:
6
36 121
126 51
60 82
97 20
133 84
77 23
read:
86
read:
28
read:
30
write:
3
141 135
98 72
144 45
write:
3
84 4
104 129
93 4
write:
1
114 86
read:
48
read:
74
write:
2
12 39
46 71
write:
7
25 92
139 17
28 135
92 55
129 75
129 118
3 88
write:
10
140 16
3 19
4 60
19 10
58 3
87 50
145 24
122 48
66 109
61 142
read:
100
read:
8
write:
4
26 78
38 126
22 87
60 42
read:
50
write:
1
132 96
write:
6
5 135
33 3
128 13
112 148
130 21
95 24
read:
119
write:
8
81 56
103 5
146 44
54 129
112 6
47 48
55 129
128 49
write:
5
23 14
23 86
68 58
40 95
131 148
read:
37
write:
10
67 101
74 141
141 7
93 116
73 108
142 52
9 18
121 52
15 3
80 74
read:
147
write:
1
64 53
write:
10
115 141
85 45
127 115
1 24
94 119
148 2
108 131
38 89
44 83
86 47
write:
4
89 148
22 111
86 130
46 50
write:
2
5 92
145 135
read:
52
write:
2
51 35
23 48
read:
126
write:
3
17 81
59 19
24 39
read:
103
read:
129
write:
2
118 9
97 17
write:
7
58 58
100 27
144 44
122 49
140 38
112 22
105 81
read:
50
read:
25
write:
5
7 40
121 40
11 2
44 117
26 144
read:
110
read:
103
write:
5
113 23
112 110
93 126
128 3
29 55
read:
144
write:
2
52 74
97 36
write:
6
89 63
16 112
66 122
32 73
20 66
113 133
read:
2
read:
84
read:
78
read:
130
write:
7
104 62
58 133
96 43
143 147
73 30
93 137
76 9
write:
9
22 108
102 11
135 26
34 47
62 34
71 35
140 50
123 53
50 5
write:
5
105 69
123 22
111 36
27 32
63 89
read:
113
read:
33
read:
42
write:
10
25 27
144 6
88 141
46 146
41 20
40 84
11 70
3 145
130 50
148 46
write:
2
107 117
31 34
read:
137
write:
7
86 33
88 145
141 112
71 10
92 53
131 102
120 7
read:
141
read:
128
read:
142
write:
3
137 132
36 114
148 35
write:
7
97 109
147 125
117 55
94 95
82 5
20 56
138 137
read:
41
write:
6
50 131
9 14
47 148
25 75
34 22
58 121
write:
2
1 94
122 52
write:
9
93 26
84 109
117 73
27 75
45 147
104 131
23 145
74 43
1 131
read:
43
write:
2
72 23
87 36
read:
109
read:
70
write:
3
52 22
85 99
122 122
read:
109
read:
134
read:
136
write:
8
34 60
42 18
76 1
112 66
55 19
106 87
125 117
79 82
read:
133
write:
1
6 48
read:
25
read:
140
read:
17
read:
134
write:
6
19 50
60 115
77 109
78 9
62 110
98 35
write:
7
33 82
40 72
40 143
104 63
97 93
15 15
136 14
read:
16
write:
9
54 73
108 19
137 44
51 61
129 58
117 72
103 20
1 81
119 37
write:
8
138 52
29 9
25 1
64 45
80 12
148 94
125 54
29 14
read:
84
read:
56
read:
144
write:
9
31 77
26 4
20 94
94 21
84 148
143 46
119 66
13 95
107 88
read:
114
read:
34
read:
8
read:
61
read:
61
write:
3
107 4
95 10
104 23
read:
44
write:
7
96 119
107 140
15 12
9 47
120 129
118 30
144 53
read:
76
write:
9
101 116
59 68
17 105
74 139
78 45
122 80
53 125
97 100
143 54
read:
100
write:
8
109 96
20 74
139 17
29 82
45 4
108 110
126 49
9 110
write:
7
72 29
107 52
67 92
141 85
63 68
134 32
90 25
read:
60
read:
44
write:
7
144 82
85 127
78 96
135 45
85 133
90 143
59 23
write:
2
141 106
21 64
read:
107
write:
5
16 21
129 102
98 66
62 41
93 24
read:
54
write:
10
33 57
72 72
44 139
46 74
148 32
137 2
75 124
119 105
69 62
63 114
write:
7
5 120
85 68
113 62
70 47
39 68
57 14
17 98
write:
8
139 9
99 95
17 115
9 94
92 9
105 97
9 26
88 129
write:
8
64 117
81 2
136 64
20 95
148 19
107 101
41 81
27 118
write:
10
84 57
89 83
92 107
120 139
127 114
96 3
2 75
10 72
48 115
29 78
read:
120
read:
79
read:
49
read:
99
write:
4
49 117
132 39
26 44
69 105
read:
60
read:
47
write:
1
50 92
read:
124
read:
23
read:
147
write:
4
135 105
137 33
25 56
112 78
read:
99
read:
107
read:
59
read:
121
read:
58
read:
63
read:
23
read:
4
write:
5
128 140
141 33
145 27
143 116
15 33
read:
76
write:
10
128 107
118 51
147 43
131 6
119 64
129 39
22 59
103 144
111 84
25 3
write:
5
25 33
94 145
115 7
17 4
53 38
write:
3
11 85
132 108
124 137
write:
2
10 24
42 142
write:
9
123 145
130 118
11 139
59 134
16 46
73 74
12 59
80 143
59 35
write:
6
8 64
40 131
117 92
25 9
33 121
129 114
write:
10
106 136
27 135
16 14
26 20
103 69
5 11
135 103
71 121
95 87
19 12
read:
92
read:
21
read:
64
read:
96
write:
9
58 2
21 15
111 26
130 130
80 4
47 30
39 19
28 115
90 60
write:
1
45 56
read:
8
read:
110
write:
8
60 141
80 25
3 103
126 8
39 134
90 94
46 11
25 96
write:
1
36 62
write:
9
21 86
126 87
52 48
140 35
131 29
129 142
4 57
62 10
33 45
read:
120
write:
7
148 80
126 148
142 128
114 43
125 112
39 126
64 5
write:
6
16 45
63 4
9 139
16 26
126 65
103 45
read:
10
read:
6
read:
33
write:
2
28 22
15 44
read:
38
write:
3
109 19
137 37
107 44
read:
66
write:
10
51 140
74 73
76 68
60 142
103 103
112 58
68 77
26 28
20 115
43 6
read:
148
write:
1
104 81
write:
6
15 13
6 9
19 46
116 133
28 8
125 106
write:
2
78 67
138 74
read:
12
read:
32
read:
35
write:
8
118 122
93 4
73 130
43 79
137 86
133 57
145 109
95 133
read:
60
write:
6
8 64
85 74
32 42
55 22
4 19
90 16
write:
4
62 80
131 6
10 115
66 46
read:
114
write:
4
115 138
144 78
20 67
72 19
write:
7
56 100
22 51
14 96
90 136
81 26
52 97
102 79
write:
5
135 103
24 111
12 124
29 14
30 93
write:
2
28 111
52 101
read:
122
read:
147
write:
7
132 107
85 113
122 106
137 9
105 90
41 64
35 14
read:
132
write:
9
75 68
88 70
97 114
145 115
81 116
102 89
124 30
97 75
86 58
read:
138
write:
9
120 62
45 130
21 50
58 22
141 63
33 104
108 83
86 102
100 70
write:
7
101 39
53 43
136 4
74 74
22 26
22 48
131 61
read:
86
read:
64
read:
81
read:
6
read:
78
write:
10
78 21
74 113
22 119
8 34
89 33
120 71
38 10
109 25
85 60
40 78
write:
5
16 23
68 2
123 111
63 108
35 129
read:
67
read:
115
write:
5
49 71
53 35
2 34
132 107
65 29
write:
10
87 36
141 139
83 71
76 81
101 18
88 19
38 40
4 140
26 30
10 22
write:
4
102 134
78 60
8 106
18 44
write:
6
136 20
4 15
105 116
30 60
33 146
136 93
read:
90
write:
2
17 73
99 69
read:
114
read:
32
write:
4
57 111
146 104
67 71
101 28
write:
6
37 48
42 133
29 24
86 46
17 134
129 75
read:
124
read:
12
write:
8
98 58
106 45
1 7
33 100
71 51
131 131
48 124
60 18
write:
2
36 43
31 107
read:
55
read:
112
write:
4
24 105
27 33
10 19
101 90
write:
6
42 77
129 120
59 59
41 143
117 43
21 127
write:
10
140 96
21 60
61 67
86 82
67 72
11 101
143 122
108 46
70 51
54 120
read:
145
read:
134
write:
5
43 33
28 87
106 136
42 48
140 51
write:
8
85 52
59 86
139 92
63 134
29 95
77 91
76 50
35 89
read:
59
write:
7
99 18
131 49
51 100
81 148
31 96
103 100
79 64
read:
52
read:
88
write:
3
28 111
111 23
42 75
read:
116
write:
9
119 99
103 26
127 60
34 106
13 114
40 98
35 43
28 100
111 37
write:
4
147 122
82 16
38 56
131 44
read:
103
write:
1
16 74
write:
5
138 19
147 50
58 39
4 53
11 7
write:
1
7 50
write:
8
45 46
57 76
33 123
122 146
127 136
18 135
35 112
41 109
read:
94
write:
10
73 17
130 147
103 85
111 60
118 136
26 92
9 145
103 25
88 64
64 35
write:
8
131 107
52 87
3 115
24 121
92 11
127 117
71 57
135 119
read:
112
write:
4
61 7
127 118
2 108
59 23
read:
5
read:
103
read:
87
write:
1
143 51
read:
46
read:
25
read:
125
write:
7
53 30
30 22
92 60
131 29
17 142
6 50
110 119
read:
55
write:
1
23 78
write:
9
112 26
38 123
42 52
123 123
109 79
67 5
98 120
130 102
26 114
read:
145
read:
136
read:
65
read:
102
read:
51
read:
3
write:
2
16 6
99 43
write:
2
58 57
61 85
write:
7
71 63
147 83
59 146
11 144
67 52
40 72
31 138
read:
109
write:
10
126 112
112 56
27 131
35 39
85 148
114 16
75 21
131 72
119 135
73 34
write:
1
43 105
write:
1
52 59
read:
124
write:
9
85 146
43 117
84 100
19 45
93 80
140 60
133 17
91 29
7 57
read:
52
write:
10
105 91
53 21
113 113
101 51
142 103
116 125
110 102
128 124
97 53
62 144
read:
53
write:
6
55 75
48 75
64 141
40 3
42 102
6 127
read:
8
write:
9
110 82
146 101
67 136
124 21
122 54
111 71
144 40
89 65
97 75
read:
132
read:
2
read:
40
read:
46
write:
7
96 109
64 38
86 65
30 118
38 80
120 71
127 66
read:
45
write:
1
145 137
read:
106
write:
2
45 107
36 45
write:
5
61 40
128 37
11 26
10 85
107 30
read:
66
read:
25
read:
90
read:
81
read:
1
write:
4
50 109
59 14
15 44
33 138
read:
2
write:
2
123 92
117 75
write:
10
23 121
28 4
122 72
138 138
73 21
147 81
16 122
135 129
62 78
120 75
read:
147
read:
9
read:
22
read:
78
write:
2
22 35
94 39
write:
10
142 89
104 49
40 49
112 54
7 63
31 27
137 45
87 10
35 75
98 117
write:
3
129 122
144 30
75 32
read:
42
write:
1
131 74
write:
2
24 116
139 31
write:
5
87 97
109 124
130 138
40 91
52 62
write:
6
46 130
96 99
111 30
138 83
50 39
2 29
read:
148
read:
113
write:
9
66 55
132 31
10 55
120 103
21 70
91 60
6 146
146 109
125 64
read:
1
read:
122
write:
1
14 25
read:
71
read:
89
write:
8
13 133
121 74
97 52
36 110
62 31
105 8
7 121
6 64
read:
120
write:
3
4 93
139 104
75 119
read:
42
read:
90
read:
129
write:
1
30 108
write:
7
93 135
126 95
78 101
72 94
15 141
74 124
52 34
write:
7
24 96
48 110
83 82
97 69
117 26
65 120
36 17
read:
128
read:
48
read:
23
write:
3
26 86
97 111
65 90
write:
1
144 48
write:
1
76 102
read:
137
read:
114
write:
8
15 56
141 95
4 105
72 73
138 7
135 78
108 100
137 7
read:
86
write:
8
82 139
46 2
109 57
79 62
36 103
2 9
40 96
146 72
read:
145
read:
17
write:
9
136 117
126 102
117 102
134 53
104 113
64 61
140 111
17 36
140 118
read:
3
write:
3
46 5
101 66
128 78
read:
69
read:
128
write:
9
2 119
141 147
25 47
43 64
105 67
55 148
125 104
86 44
32 137
write:
7
145 147
80 90
18 75
25 109
19 136
98 56
48 54
read:
101
write:
3
65 125
37 4
93 117
read:
76
read:
7
read:
70
read:
103
write:
7
62 27
112 5
85 77
62 113
80 26
104 103
2 44
read:
6
read:
58
read:
70
read:
8
read:
120
write:
8
24 116
47 73
89 128
102 15
120 107
29 112
145 101
56 54
write:
8
64 38
30 77
93 57
76 14
49 29
87 124
10 113
112 82
read:
107
read:
64
read:
8
read:
24
read:
101
write:
8
11 144
29 96
146 77
31 25
141 91
130 97
69 96
85 73
read:
139
read:
94
read:
9
write:
8
25 122
36 101
12 14
66 27
16 61
143 101
16 20
6 55
read:
106
write:
9
143 49
41 24
129 13
76 81
108 128
130 46
30 62
78 111
111 71
read:
63
read:
133
read:
110
read:
57
write:
4
105 39
38 118
138 131
17 86
read:
94
write:
10
141 41
47 73
121 46
25 7
113 66
83 94
79 112
116 133
121 137
63 41
write:
8
78 4
111 28
107 88
89 148
41 82
8 72
100 109
61 85
write:
4
134 43
19 43
97 81
131 19
read:
69
write:
7
147 68
123 137
53 118
39 60
94 127
47 5
47 133
read:
23
write:
7
110 61
68 138
96 100
114 108
118 112
125 93
60 60
write:
1
1 93
read:
31
write:
7
110 54
127 142
133 112
124 47
53 78
44 102
101 58
read:
109
read:
12
read:
32
write:
10
86 84
4 45
2 62
85 45
110 94
3 64
39 87
38 141
80 132
21 106
write:
4
141 73
41 48
58 10
59 6
write:
7
38 64
39 29
73 103
92 73
119 31
38 73
8 110
write:
9
148 81
82 69
22 136
138 139
116 125
101 101
127 82
89 99
123 148
read:
136
write:
8
127 8
116 9
120 1
137 133
58 1
121 1
19 78
64 5
write:
8
36 119
49 60
25 42
6 12
86 16
41 96
22 109
83 117
read:
69
write:
3
42 105
144 148
95 146
read:
91
write:
1
106 101
read:
34
write:
8
16 4
100 53
5 98
32 84
45 28
128 21
44 22
54 134
read:
5
write:
7
86 12
93 53
148 41
10 131
110 38
25 17
54 130
read:
128
read:
71
write:
5
5 89
34 15
100 148
131 131
126 145
write:
1
100 118
read:
82
read:
64
read:
49
write:
6
140 12
16 86
111 143
34 10
113 10
108 71
write:
4
132 120
148 14
10 114
53 6
write:
5
121 45
79 123
88 34
27 130
88 118
read:
41
write:
10
106 75
45 28
113 115
42 131
42 126
47 147
101 50
118 38
139 53
42 81
read:
111
write:
9
136 67
26 10
136 102
39 26
90 2
18 13
65 134
132 26
25 2
read:
25
read:
94
write:
5
77 77
85 51
116 29
67 6
123 108
read:
120
read:
57
write:
4
105 27
93 148
54 130
127 42
write:
6
54 22
83 137
110 66
71 73
122 14
117 132
read:
146
write:
9
117 97
147 135
103 85
96 131
147 147
136 23
48 9
106 131
60 3
read:
147
read:
116
read:
129
read:
39
read:
100
write:
7
77 84
40 40
72 133
63 126
68 130
63 87
110 107
read:
75
read:
103
write:
10
83 86
52 128
140 12
60 83
49 70
63 143
31 58
116 143
13 127
41 42
write:
7
30 105
97 148
33 123
138 54
71 21
108 45
121 12
write:
5
15 83
7 102
123 121
1 29
58 23
read:
142
write:
8
140 32
14 122
68 101
148 87
34 47
109 141
95 82
69 10
write:
4
109 56
102 113
9 71
35 39
read:
17
write:
6
14 68
120 28
100 10
135 97
18 118
46 77
read:
85
write:
4
140 123
44 18
95 21
74 80
write:
6
135 127
124 100
38 67
138 100
65 113
67 94
write:
7
53 57
104 104
46 144
75 128
23 21
39 115
97 95
write:
7
11 30
131 43
1 41
38 112
20 105
126 16
29 77
read:
147
read:
5
write:
10
4 68
70 5
113 132
134 111
140 134
12 132
76 100
46 125
90 127
122 25
write:
5
20 116
114 64
66 26
38 116
16 104
read:
143
write:
1
95 23
read:
114
write:
8
4 35
9 85
119 83
97 4
42 146
62 32
44 100
95 17
read:
139
read:
126
write:
9
79 112
133 131
21 4
40 4
39 27
97 137
6 23
50 97
7 143
read:
48
read:
58
read:
117
write:
6
128 51
92 83
10 138
148 49
86 90
106 123
read:
40
write:
7
8 4
37 86
54 44
29 121
37 35
80 129
98 48
read:
97
read:
67
write:
4
42 116
39 118
73 145
109 135
write:
1
69 32
write:
2
23 104
110 125
write:
9
51 141
21 78
44 2
76 97
20 40
119 54
122 30
10 29
52 102
read:
103
read:
59
write:
3
107 142
84 58
5 59
write:
3
1 106
9 96
121 94
write:
2
29 92
125 115
write:
1
73 66
read:
124
write:
10
57 54
27 5
105 40
119 18
59 34
19 3
42 37
142 74
104 57
130 64
write:
7
129 98
38 137
137 11
148 20
90 47
114 19
79 145
write:
4
45 87
130 141
32 134
22 127
write:
9
30 37
41 53
6 118
68 40
24 21
122 65
125 58
109 57
46 91
write:
8
81 32
111 29
83 145
114 120
140 125
141 65
127 105
44 127
write:
2
38 65
32 48
read:
29
read:
46
write:
1
42 26
read:
10
write:
6
110 48
14 136
69 123
45 91
146 127
48 111
write:
7
107 134
124 19
123 112
72 146
63 54
89 55
129 69
read:
26
write:
3
29 72
111 19
28 13
read:
1
write:
1
117 83
write:
7
110 65
136 77
60 102
4 108
53 137
103 43
84 11
write:
10
40 137
34 4
22 112
139 11
139 105
117 126
116 15
103 92
91 116
137 103
write:
3
121 98
104 132
42 26
read:
125
read:
103
read:
39
write:
6
146 139
74 8
83 76
44 80
39 111
62 144
read:
51
read:
79
read:
38
read:
60
read:
81
read:
120
write:
10
146 147
1 79
47 129
109 101
92 35
22 67
40 65
87 135
19 14
38 124
write:
4
132 6
139 119
21 60
61 87
write:
3
67 54
104 68
143 71
write:
2
64 71
45 86
write:
10
90 90
82 118
102 123
56 79
15 53
113 56
48 129
137 9
119 134
128 111
write:
6
145 52
98 92
107 118
21 1
97 39
138 134
write:
5
26 37
126 20
109 96
135 95
146 28
read:
80
read:
118
read:
63
read:
56
read:
5
read:
109
write:
2
34 89
6 80
read:
124
read:
80
write:
7
107 96
89 17
127 140
82 86
147 48
121 122
117 75
read:
51
read:
11
read:
144
write:
4
70 64
114 61
54 63
56 30
read:
111
write:
8
44 128
147 142
74 118
115 109
111 14
128 35
114 144
49 64
write:
5
137 43
23 47
67 131
76 101
98 136
read:
64
write:
10
3 94
53 94
63 56
34 46
9 11
76 97
79 112
6 137
55 84
89 27
read:
92
write:
2
17 134
22 40
read:
107
read:
55
read:
14
read:
118
write:
6
142 99
60 99
39 66
22 60
98 134
35 116
write:
5
138 32
29 142
53 127
114 96
35 104
read:
40
write:
3
94 101
60 80
47 146
read:
81
write:
5
132 71
98 50
19 47
134 75
105 77
write:
5
37 15
117 15
108 63
91 88
89 26
write:
9
123 18
78 20
16 9
79 52
134 26
127 146
34 50
103 99
74 81
read:
103
write:
3
7 14
57 127
60 16
write:
9
133 136
84 78
105 9
83 28
39 135
112 132
5 17
118 144
1 76
read:
147
read:
73
read:
147
write:
2
133 105
99 38
write:
6
82 101
46 17
128 140
32 126
27 32
104 7
read:
34
read:
53
read:
10
read:
57
write:
1
21 93
read:
53
write:
1
39 52
read:
59
write:
10
146 107
123 53
120 64
51 127
83 29
104 11
42 2
132 135
13 124
38 2
write:
5
70 53
64 125
100 47
146 98
129 77
read:
72
read:
9
read:
115
read:
62
read:
34
write:
3
132 108
31 41
71 101
write:
10
38 134
127 122
66 96
82 61
33 138
124 78
98 28
98 87
58 37
113 147
write:
7
122 29
57 11
66 69
90 83
105 139
85 5
52 12
write:
9
124 79
22 92
58 97
58 5
45 86
46 97
147 31
120 1
69 10
write:
8
2 134
36 131
50 22
121 71
41 120
54 36
39 53
77 9
read:
51
read:
1
write:
6
117 98
143 147
139 32
142 12
99 57
57 2
write:
10
71 39
34 66
50 59
93 19
106 18
84 36
59 127
98 39
77 111
35 76
read:
40
write:
4
128 1
73 78
59 90
54 93
write:
8
31 51
77 62
141 50
13 120
142 18
11 3
85 112
39 24
write:
3
36 102
146 54
70 5
write:
7
135 57
124 85
102 138
16 45
91 7
103 103
131 136
write:
4
76 62
147 67
135 114
66 89
read:
124
read:
5
write:
5
93 29
52 116
53 136
76 45
57 58
read:
41
write:
4
20 107
86 105
26 104
79 142
read:
79
write:
7
81 45
19 86
142 60
100 113
85 1
30 87
105 21
read:
128
read:
86
read:
14
read:
93
write:
6
14 102
126 19
96 61
33 59
49 11
18 21
read:
42
write:
7
54 56
135 47
21 32
13 45
109 137
41 92
108 92
read:
113
write:
5
112 41
53 67
19 34
1 19
130 33
write:
9
101 19
115 58
118 24
107 81
90 13
50 70
49 34
69 11
91 127
read:
103
write:
3
111 58
81 141
123 2
read:
17
write:
6
34 54
20 76
93 90
102 110
118 83
51 101
read:
129
read:
127
read:
16
write:
6
11 15
23 19
7 39
45 35
14 15
33 60
write:
1
81 14
write:
6
69 62
68 25
90 147
140 112
108 62
74 36
write:
3
84 6
10 139
60 38
write:
8
123 97
20 89
100 10
2 88
77 30
117 145
29 47
83 63
write:
3
78 126
31 80
126 26
read:
95
read:
103
write:
6
66 27
50 20
147 69
57 120
11 61
142 51
read:
111
read:
13
read:
121
read:
20
write:
7
123 104
89 82
24 85
40 59
24 106
13 12
104 134
read:
46
read:
131
write:
9
122 2
18 92
87 83
120 83
146 53
105 67
145 62
113 57
28 11
write:
7
106 132
83 134
67 122
9 95
124 129
8 3
43 59
read:
44
read:
41
write:
5
123 5
148 93
14 69
103 134
129 63
read:
104
write:
6
49 39
138 58
144 11
16 140
128 57
89 123
read:
139
write:
5
67 85
13 5
127 68
6 147
121 121
write:
7
90 34
60 25
87 49
114 91
103 83
111 110
102 130
write:
7
4 132
141 23
108 34
23 142
47 48
6 119
50 35
read:
87
write:
3
5 28
39 34
82 126
read:
10
read:
62
read:
118
read:
39
read:
93
write:
6
123 68
143 51
64 57
80 128
51 70
24 111
read:
126
read:
123
read:
142
write:
7
9 132
25 20
102 5
48 56
95 52
45 60
45 64
write:
5
37 54
139 76
55 70
23 81
32 140
read:
99
read:
41
write:
7
68 138
23 76
137 105
115 20
21 90
36 18
146 109
read:
65
read:
92
write:
7
101 125
119 96
62 141
135 120
1 63
68 59
15 117
read:
101
read:
20
read:
141
write:
2
63 9
78 107
write:
7
148 70
78 59
112 89
98 44
81 19
144 106
56 56
read:
105
read:
75
read:
97
read:
64
read:
105
read:
147
read:
75
write:
1
117 102
read:
104
write:
9
103 96
106 10
3 108
32 60
22 107
131 33
127 64
138 94
32 92
read:
93
write:
3
48 4
92 97
43 101
read:
83
read:
75
write:
1
79 32
write:
1
3 83
write:
4
98 15
148 15
91 143
68 81
read:
77
write:
9
46 72
129 54
37 24
73 70
66 142
26 52
29 105
145 80
123 140
write:
1
140 35
read:
86
write:
5
134 74
97 141
19 104
144 133
4 81
read:
109
write:
6
45 42
134 141
97 82
114 65
9 98
11 28
write:
5
78 135
140 82
139 59
145 93
123 35
write:
5
49 70
67 46
28 93
73 119
97 52
write:
1
140 103
write:
7
68 12
108 30
6 39
83 132
4 118
101 109
112 62
write:
1
67 35
read:
35
write:
10
140 64
38 43
139 99
45 81
68 104
107 25
125 112
38 74
116 36
38 26
write:
10
32 1
127 103
38 55
97 123
94 146
7 129
52 45
96 14
107 27
109 19
read:
141
write:
9
17 27
135 9
90 96
99 85
90 17
25 80
57 135
96 107
145 64
write:
2
84 77
34 26
read:
127
write:
1
134 82
read:
103
write:
2
140 11
99 49
write:
10
39 66
148 46
33 1
38 141
77 79
83 37
42 61
34 10
139 68
5 17
write:
1
101 126
read:
142
write:
6
138 27
84 19
39 18
134 73
112 46
120 115
read:
127
write:
6
8 121
20 107
79 41
52 134
82 120
78 10
write:
1
104 33
write:
8
101 18
84 32
18 124
99 39
118 126
63 80
126 7
35 127
read:
82
write:
5
146 18
40 91
37 5
20 144
26 121
write:
8
133 94
20 26
107 135
82 38
12 50
31 108
35 63
49 7
write:
5
58 10
26 122
139 133
110 61
69 54
write:
6
77 3
19 47
110 147
98 58
64 50
72 1
read:
44
read:
14
write:
4
110 91
4 102
139 121
50 65
write:
8
144 75
11 100
109 85
143 52
107 64
143 101
115 109
22 3
write:
9
40 67
67 51
135 27
74 123
48 53
125 64
132 89
74 34
46 99
write:
2
131 104
8 94
read:
28
read:
129
read:
136
write:
4
38 119
141 46
21 28
125 11
write:
1
69 125
write:
5
122 20
59 138
55 33
39 69
8 123
write:
4
78 142
122 122
49 7
118 56
read:
98
write:
7
140 103
120 138
48 53
145 73
129 119
72 99
51 145
read:
16
read:
89
write:
9
99 25
77 88
20 122
102 31
32 20
135 77
95 36
134 138
34 125
read:
1
write:
1
128 136
write:
8
147 20
131 81
98 19
69 143
21 103
14 144
30 137
127 1
write:
4
142 40
142 49
27 13
139 117
read:
93
read:
53
read:
134
write:
5
9 82
18 83
49 109
96 88
134 110
write:
10
4 63
53 110
71 56
71 80
62 40
141 82
57 98
9 100
31 27
114 134
write:
1
128 144
read:
32
write:
1
78 129
write:
6
40 141
115 89
49 52
130 113
136 84
126 3
write:
9
144 108
69 106
85 61
84 53
19 146
73 32
32 66
50 130
119 112
read:
78
read:
137
write:
3
134 61
130 95
53 38
write:
7
133 41
147 47
126 69
104 7
131 99
83 75
104 137
read:
6
read:
42
write:
8
95 23
110 11
109 27
134 124
131 47
128 97
147 59
72 21
read:
140
read:
82
write:
10
43 142
42 82
38 139
106 62
94 78
26 133
37 105
67 87
27 131
114 60
write:
4
48 129
107 121
14 125
133 145
read:
111
read:
120
read:
78
read:
59
write:
2
133 144
55 148
read:
101
read:
39
read:
138
write:
3
90 135
28 59
51 148
read:
13
write:
1
72 75
write:
10
113 118
122 7
110 38
117 136
121 110
36 120
146 89
128 3
16 16
72 100
read:
122
write:
3
85 119
83 82
73 114
read:
57
read:
78
write:
4
81 56
114 119
13 29
69 47
read:
84
write:
6
81 49
43 140
117 7
38 30
27 40
144 81
read:
11
read:
112
write:
3
110 118
13 102
147 131
read:
115
write:
7
56 72
113 111
28 78
42 108
131 116
111 34
133 126
write:
1
124 4
write:
5
93 43
128 13
20 131
8 109
32 19
read:
54
read:
130
read:
51
write:
3
51 79
7 107
100 104
read:
22
write:
5
4 107
90 38
88 66
31 71
131 144
write:
4
139 145
105 102
59 139
137 82
read:
60
write:
2
32 139
130 38
read:
118
write:
1
40 94
read:
64
write:
8
120 57
136 26
118 88
132 94
86 33
43 23
1 140
44 144
read:
77
read:
139
write:
9
17 92
43 107
77 45
125 130
12 29
105 34
135 37
58 8
140 147
read:
45
write:
3
111 86
144 89
133 3
read:
31
read:
21
read:
46
write:
10
135 36
99 119
109 98
132 91
29 139
97 106
147 144
64 90
4 50
62 108
read:
19
write:
6
105 49
15 68
118 96
30 79
148 28
108 69
read:
24
write:
10
58 9
116 1
139 124
78 42
4 41
25 91
8 28
131 90
121 16
80 30
read:
80
write:
6
142 45
138 34
91 50
68 139
29 53
7 27
read:
5
read:
102
read:
147
read:
2
read:
39
read:
35
write:
7
95 110
55 8
138 77
37 37
96 116
46 123
125 32
write:
1
58 58
write:
4
48 148
22 33
147 139
95 49
read:
81
write:
4
146 75
122 24
21 146
74 66
write:
7
23 38
108 142
30 44
136 109
36 71
19 117
88 29
read:
12
read:
38
write:
6
104 81
126 134
142 62
123 116
143 69
122 119
read:
33
read:
92
read:
106
read:
12
write:
10
29 91
21 129
25 122
134 40
46 129
84 26
26 35
12 122
112 136
144 74
read:
143
write:
1
98 117
write:
6
86 136
145 110
108 78
130 21
69 88
144 125
write:
9
11 121
77 36
62 128
101 135
108 40
28 36
81 78
1 124
47 95
write:
8
75 112
107 58
119 90
11 99
5 8
118 15
68 144
77 43
write:
10
69 145
10 34
146 144
74 91
52 86
21 67
63 71
61 64
101 25
64 61
read:
113
write:
6
1 101
134 93
75 31
122 103
101 118
13 53
read:
53
write:
9
146 65
140 58
39 30
119 85
17 62
53 43
58 82
115 103
122 60
write:
5
30 141
124 147
109 99
20 44
5 35
write:
2
112 26
59 48
write:
9
87 123
67 49
72 113
125 87
76 25
40 112
140 138
45 87
83 42
read:
54
read:
69
write:
7
12 129
1 40
124 146
106 125
21 29
133 79
93 102
write:
6
92 18
143 57
26 14
121 18
77 93
129 33
read:
138
read:
129
write:
7
119 92
95 95
146 138
47 73
138 94
33 74
28 42
read:
114
read:
112
write:
7
4 4
82 101
99 102
16 5
19 122
52 114
69 144
write:
6
92 14
68 65
81 4
145 101
58 79
42 106
write:
10
72 83
145 2
107 132
117 136
127 15
12 44
97 51
51 118
114 144
101 53
read:
21
write:
8
55 45
109 131
98 147
5 130
68 4
79 90
75 52
89 125
write:
9
84 17
51 27
76 34
48 56
8 1
32 121
128 37
67 144
1 37
read:
76
write:
2
137 12
28 10
write:
1
46 66
write:
2
107 115
53 42
write:
10
129 130
136 29
47 30
103 104
53 31
48 40
69 45
55 30
96 3
143 98
read:
65
write:
5
16 1
70 6
122 23
142 54
27 120
read:
29
read:
56
read:
27
write:
1
10 93
write:
10
38 46
112 147
131 123
34 45
121 89
18 114
141 71
88 26
14 28
38 62
write:
10
35 14
94 8
99 127
97 46
18 68
36 54
130 54
98 77
46 50
131 56
read:
122
write:
3
67 145
146 131
145 97
read:
37
write:
6
77 48
135 27
5 138
127 98
40 137
89 128
read:
7
read:
147
write:
7
12 140
105 115
44 51
24 77
13 67
48 23
73 112
read:
88
write:
7
131 95
70 35
141 90
37 124
139 139
120 92
35 38
write:
8
134 16
31 124
11 126
82 57
40 136
38 52
129 53
81 74
read:
36
write:
10
121 87
96 33
131 62
41 69
74 4
35 94
31 95
15 38
43 77
91 61
write:
4
15 74
1 81
41 118
62 101
read:
111
read:
111
write:
7
53 99
43 55
124 24
75 43
84 141
51 56
113 11
read:
110
read:
22
write:
2
123 39
113 15
write:
8
79 146
18 13
97 38
141 108
131 75
21 67
30 39
118 82
read:
22
write:
2
31 131
140 116
read:
135
read:
55
write:
6
45 115
1 89
39 16
45 78
72 78
79 89
write:
10
147 91
140 107
69 32
115 33
17 84
18 50
118 122
81 87
99 105
36 40
write:
3
56 133
19 32
69 125
read:
111
read:
106
write:
4
14 62
102 132
24 60
39 38
write:
7
74 42
123 13
51 40
122 3
2 112
139 86
133 79
write:
5
43 143
96 94
136 10
143 107
57 49
write:
8
16 29
101 144
110 7
120 111
8 115
8 141
44 137
55 17
read:
40
write:
2
86 86
41 139
write:
6
60 88
146 129
115 140
77 102
37 83
40 115
read:
136
read:
1
read:
108
write:
2
132 137
31 67
read:
50
write:
8
126 136
14 15
99 138
142 108
117 5
72 23
27 99
6 19
write:
10
148 51
5 33
46 57
6 145
95 134
98 97
64 16
108 120
114 65
98 89
read:
29
read:
61
read:
69
read:
51
write:
2
104 81
87 94
write:
9
80 34
130 24
60 16
68 71
79 91
14 30
147 31
70 6
13 9
write:
10
63 78
51 45
84 74
136 115
135 27
75 109
64 42
99 92
146 22
82 6
write:
2
128 107
79 133
read:
55
write:
7
95 54
146 52
7 21
124 5
144 86
131 54
26 129
write:
8
101 147
28 79
97 81
87 101
58 60
82 79
22 51
115 78
read:
6
read:
139
write:
6
31 15
79 104
62 100
38 110
105 90
144 48
write:
7
63 24
109 87
31 89
141 142
37 141
18 116
28 125
read:
33
write:
7
49 130
141 35
74 111
79 111
20 139
117 110
54 76
write:
3
106 111
84 138
11 37
write:
9
84 85
88 134
35 21
39 79
8 89
77 18
93 1
46 124
18 26
write:
1
145 53
write:
10
87 60
88 16
19 118
127 47
7 24
19 137
144 48
127 93
123 100
119 146
write:
1
76 139
read:
127
write:
10
44 106
38 105
91 71
145 107
8 95
51 98
138 13
23 97
115 144
49 123
write:
4
27 99
14 53
118 108
91 46
read:
116
read:
34
write:
3
147 147
27 28
107 14
read:
98
write:
6
58 17
23 97
45 143
22 123
72 68
92 10
read:
101
write:
8
25 43
137 46
52 120
102 110
103 89
32 68
136 102
67 119
write:
6
51 37
62 83
113 88
27 106
59 93
81 135
write:
1
148 67
read:
30
read:
47
read:
40
read:
139
read:
92
read:
134
write:
9
59 105
52 80
44 17
23 50
47 63
116 81
62 38
83 37
10 128
write:
2
141 48
139 65
write:
7
107 8
91 114
126 66
57 83
35 106
55 103
22 64
read:
132
write:
10
83 6
70 137
56 138
85 14
95 131
69 36
61 23
38 101
46 65
147 44
read:
109
write:
9
40 13
60 8
108 58
70 100
11 24
63 6
12 86
133 14
81 103
read:
115
read:
33
write:
1
14 26
read:
111
write:
10
91 97
41 140
73 81
66 108
124 121
50 57
121 106
139 79
121 9
134 108
read:
49
read:
135
write:
1
29 142
read:
49
write:
9
37 8
50 4
92 70
129 75
147 102
141 45
23 142
118 42
141 124
read:
40
read:
132
write:
6
136 22
123 46
57 146
28 87
38 131
91 10
read:
34
read:
98
write:
9
136 62
136 84
135 119
47 78
48 26
76 145
19 131
121 80
73 33
write:
7
15 99
136 77
97 46
77 80
37 14
48 42
79 122
read:
119
read:
22
read:
23
write:
3
132 79
98 32
25 79
read:
148
read:
111
read:
6
read:
135
read:
41
write:
1
14 51
write:
10
125 70
84 43
131 38
40 50
31 1
27 12
141 91
39 25
6 63
15 143
read:
7
write:
5
92 29
136 134
51 86
73 143
146 143
read:
85
read:
127
read:
84
read:
87
write:
7
39 28
129 103
137 11
40 23
56 47
8 100
145 54
read:
67
write:
8
83 71
47 38
128 102
98 103
92 115
44 59
125 132
40 99
read:
14
read:
57
write:
6
6 13
128 123
9 146
52 46
55 29
20 114
read:
108
read:
72
write:
4
40 105
128 25
91 52
127 147
read:
100
write:
10
136 84
33 45
116 59
146 145
18 145
148 145
136 51
15 85
23 36
2 60
read:
105
write:
7
62 144
38 138
57 115
28 91
73 118
2 84
93 117
read:
64
write:
10
3 79
143 62
5 87
106 14
17 25
88 147
107 46
72 26
140 145
90 55
read:
141
read:
62
read:
12
read:
29
write:
3
53 30
101 2
5 91
read:
101
read:
19
write:
10
105 20
49 105
65 36
135 89
76 112
39 3
16 15
2 64
107 19
62 108
read:
99
read:
59
write:
4
132 93
47 124
144 93
53 40
read:
62
read:
3
write:
5
30 144
125 16
123 68
140 79
16 134
read:
134
read:
91
write:
1
105 49
read:
148
read:
87
write:
10
133 18
120 46
22 41
125 110
35 16
116 140
96 35
42 81
78 121
25 44
read:
80
read:
108
write:
5
7 98
91 28
13 147
61 66
136 73
write:
8
98 43
62 119
122 141
21 100
139 69
132 89
87 16
120 24
write:
1
128 118
read:
91
read:
97
write:
10
100 65
139 125
93 40
28 144
6 77
91 41
14 78
136 78
65 127
21 88
read:
84
write:
7
72 63
86 72
69 50
55 17
106 64
102 145
22 73
read:
70
write:
9
82 91
124 94
27 18
26 23
110 5
106 112
75 89
121 57
130 141
read:
20
write:
5
49 146
148 67
74 123
32 85
43 81
write:
7
147 91
51 121
122 134
121 82
100 127
146 146
43 111
read:
59
write:
9
10 122
57 38
145 56
147 87
106 85
25 25
12 82
21 118
2 78
read:
21
write:
7
122 17
19 50
60 102
16 124
126 145
28 109
115 35
write:
9
135 117
54 95
130 92
4 119
70 89
35 59
69 86
8 74
76 68
read:
93
write:
8
76 97
26 82
27 39
15 107
63 4
74 41
35 128
135 22
read:
142
write:
9
40 138
9 7
143 54
31 6
12 61
52 82
75 18
60 95
6 82
write:
6
116 65
126 45
6 71
14 9
134 114
47 83
write:
7
103 61
123 49
120 138
22 115
123 109
14 14
17 95
write:
3
99 1
17 132
6 23
write:
6
119 111
129 25
139 12
95 25
74 28
63 24
read:
20
write:
5
46 106
54 106
71 10
90 137
16 144
write:
10
114 74
1 54
116 96
113 24
122 110
133 108
104 16
14 111
47 95
142 45
read:
136
read:
65
write:
7
145 102
14 69
147 32
39 21
100 19
93 66
28 63
read:
40
write:
3
82 119
51 35
132 71
read:
134
write:
9
122 61
117 93
104 145
15 110
105 2
59 80
35 131
18 128
134 35
read:
113
write:
7
36 13
109 30
140 122
65 117
140 15
33 91
5 61
read:
118
write:
3
17 109
8 46
144 75
read:
10
write:
4
104 129
131 63
88 131
105 109
write:
1
45 93
write:
7
132 126
2 80
126 21
66 127
5 126
44 30
55 64
read:
121
write:
1
1 142
write:
2
21 134
44 41
read:
115
read:
50
read:
7
write:
1
55 114
write:
6
23 64
92 2
104 107
90 20
14 7
128 136
read:
3
write:
6
94 37
108 132
6 131
58 124
148 93
38 23
read:
62
read:
127
write:
7
101 82
70 4
48 148
76 131
51 107
25 103
120 30
write:
3
97 120
30 23
2 129
read:
69
read:
128
write:
1
88 73
read:
82
read:
19
read:
130
read:
107
read:
76
write:
3
129 82
54 80
20 6
read:
53
write:
2
16 47
71 140
write:
1
82 84
write:
5
49 96
83 4
94 90
32 102
11 37
read:
107
write:
10
35 37
27 72
1 129
131 86
36 25
38 94
38 136
17 116
2 144
40 124
read:
77
write:
7
91 145
136 69
104 137
41 33
77 137
26 24
130 115
read:
144
read:
147
read:
24
write:
6
109 142
57 49
7 16
8 123
1 123
75 30
write:
1
46 135
read:
54
write:
10
81 76
29 101
114 105
138 100
92 126
69 9
12 104
132 17
22 86
10 79
write:
2
104 142
22 36
read:
147
write:
2
66 111
119 36
write:
1
7 97
read:
78
write:
2
34 54
50 85
read:
96
read:
69
read:
144
read:
33
read:
81
read:
101
write:
2
108 126
123 78
write:
7
58 9
8 45
113 34
11 92
66 51
138 15
56 76
write:
2
38 43
109 42
write:
1
60 141
write:
9
138 6
57 13
25 22
57 84
139 104
126 1
69 119
65 63
70 138
write:
1
99 101
write:
7
33 37
3 52
25 108
130 136
131 24
15 33
123 21
write:
2
134 71
139 133
write:
10
51 111
37 105
68 50
18 3
67 89
98 78
15 145
121 52
68 91
90 30
read:
105
write:
1
134 59
read:
73
read:
71
write:
2
19 78
120 114
read:
115
read:
135
read:
46
write:
10
64 139
94 68
51 125
62 110
50 56
84 4
104 139
26 61
13 2
141 131
read:
43
read:
80
write:
2
102 16
107 88
read:
59
write:
10
89 34
139 13
2 28
92 121
133 34
123 75
145 9
118 77
22 31
144 28
write:
4
105 77
129 88
59 139
4 21
read:
28
read:
131
read:
58
write:
2
28 102
22 141
write:
7
137 65
110 99
105 105
143 65
100 115
46 89
28 40
read:
88
read:
120
read:
32
write:
2
49 58
118 78
read:
37
write:
8
131 36
64 139
113 77
32 64
5 41
76 74
123 42
5 68
read:
74
write:
5
142 51
148 16
54 89
103 47
55 78
write:
8
20 59
107 12
108 8
134 42
70 107
1 40
113 2
23 15
write:
10
93 131
29 129
56 70
76 137
125 15
5 1
136 15
96 125
83 119
90 57
write:
2
8 88
53 49
read:
132
read:
136
write:
6
2 9
68 148
42 116
8 82
101 13
45 86
write:
10
131 39
116 54
84 123
144 68
31 107
113 16
17 8
115 31
81 2
61 90
write:
9
134 23
102 34
78 7
41 55
16 113
52 145
27 33
118 129
120 36
write:
7
119 104
70 58
94 21
85 85
109 32
68 130
106 126
read:
113
read:
3
write:
4
47 67
21 75
116 18
95 129
read:
90
write:
6
11 66
37 14
113 18
131 20
33 85
130 103
write:
2
99 87
104 135
read:
37
read:
133
write:
5
14 31
30 60
45 98
94 71
138 25
write:
8
98 62
67 7
121 141
29 54
118 43
108 3
55 26
132 17
write:
9
2 138
6 17
99 7
77 104
2 12
86 35
51 117
59 88
66 38
write:
5
32 17
120 91
131 97
15 54
10 110
write:
6
92 63
91 143
109 70
49 83
141 67
40 136
write:
4
53 75
31 17
90 58
56 78
read:
148
write:
9
70 44
26 14
109 6
17 140
127 28
19 83
116 41
2 71
83 30
write:
4
12 69
144 57
61 135
57 130
read:
138
read:
58
read:
18
read:
37
write:
9
83 136
147 8
129 111
85 39
103 100
16 83
2 139
18 10
32 11
read:
66
write:
1
49 44
write:
7
139 112
79 16
115 44
21 23
106 134
116 39
50 116
write:
2
44 42
99 5
read:
14
read:
72
read:
119
read:
139
read:
35
write:
9
28 129
71 96
148 110
28 2
71 123
116 6
32 133
129 129
1 36
write:
4
8 107
45 76
76 83
96 44
read:
65
read:
40
write:
10
39 64
139 107
73 43
36 147
6 146
129 94
19 103
5 34
42 51
114 104
read:
110
read:
113
write:
9
131 8
118 148
110 46
54 23
109 4
70 127
107 144
1 80
126 92
read:
136
read:
24
write:
4
103 2
26 88
19 23
82 23
read:
84
write:
1
95 59
read:
22
read:
141
read:
96
read:
79
write:
10
59 56
40 100
82 16
61 111
86 52
121 126
81 32
32 59
66 99
105 12
read:
48
read:
103
read:
90
read:
131
read:
125
read:
140
write:
2
14 21
125 112
read:
68
write:
3
76 46
141 91
137 80
write:
4
40 76
64 47
1 93
67 59
read:
21
write:
5
110 7
77 8
86 49
106 66
5 134
write:
2
145 124
140 3
read:
87
write:
9
124 14
148 11
92 44
15 146
129 120
56 56
119 77
50 128
6 101
read:
77
read:
29
write:
5
70 38
80 132
27 75
112 95
86 142
read:
127
write:
6
95 18
29 131
16 84
1 82
36 27
82 79
write:
7
76 131
31 76
110 21
98 88
136 5
119 47
40 135
read:
3
write:
10
44 50
134 5
75 28
72 9
133 32
26 130
120 41
1 148
31 62
21 95
write:
2
62 60
61 95
read:
35
read:
108
read:
49
write:
9
142 87
95 37
106 125
51 146
86 66
97 15
83 91
1 56
61 68
write:
10
69 34
67 133
62 102
20 17
83 71
15 122
112 143
29 97
55 37
77 12
write:
7
63 86
133 19
81 87
146 26
5 8
146 133
90 89
read:
136
write:
2
58 113
118 88
read:
5
read:
136
write:
2
106 9
50 110
write:
3
45 7
135 101
130 96
read:
8
write:
6
99 3
14 97
82 43
135 125
131 143
37 45
write:
6
60 133
95 2
16 5
58 97
97 136
15 115
read:
126
write:
9
42 30
145 67
11 31
88 133
44 51
1 45
43 110
122 112
34 111
read:
83
read:
140
read:
98
write:
7
37 71
35 133
133 7
131 17
95 102
90 133
140 129
read:
67
read:
146
read:
48
write:
3
64 16
46 142
86 146
write:
6
76 36
118 59
60 6
88 117
37 121
2 49
read:
10
write:
10
8 143
111 39
96 39
102 12
131 92
45 70
2 132
91 113
136 37
133 137
read:
69
write:
10
85 52
99 129
79 28
111 100
119 6
3 83
67 58
88 46
107 75
144 65
read:
7
write:
6
66 82
76 82
92 55
105 112
110 14
73 1
write:
5
144 36
30 8
89 7
93 70
70 106
read:
70
read:
58
read:
83
read:
84
write:
3
14 95
111 130
93 94
write:
10
44 52
133 5
96 11
119 65
76 43
58 96
43 76
40 95
73 79
25 64
read:
2
read:
10
read:
126
read:
60
read:
7
write:
3
102 42
104 72
94 85
write:
2
145 126
136 72
write:
2
107 45
115 129
write:
6
109 122
21 48
87 14
82 80
56 59
4 117
read:
84
write:
6
35 54
59 81
104 60
82 6
141 13
27 143
read:
98
write:
2
141 84
92 113
read:
82
read:
135
write:
10
93 24
135 46
2 132
77 58
123 52
124 91
92 90
14 147
108 59
32 41
write:
4
142 78
34 77
132 115
49 24
write:
5
103 27
95 84
5 52
33 40
130 134
read:
51
read:
99
write:
8
82 27
52 66
54 75
56 126
136 61
27 30
133 51
22 96
read:
86
write:
4
97 53
27 9
138 133
78 37
read:
106
write:
1
76 68
write:
9
80 128
4 77
129 138
84 138
127 79
39 55
53 119
138 135
143 110
read:
67
write:
6
98 47
32 81
84 11
13 44
55 48
45 99
read:
64
read:
55
write:
10
89 85
82 137
146 31
137 9
41 98
13 13
137 23
108 53
121 45
126 6
read:
143
read:
12
write:
3
135 106
1 92
4 146
read:
120
read:
118
write:
4
35 33
39 134
134 143
99 115
read:
52
write:
6
122 113
104 109
138 87
54 142
55 18
37 142
write:
4
130 148
16 81
146 64
53 52
write:
6
64 66
20 6
51 24
121 138
81 50
57 118
read:
32
write:
7
17 9
20 117
115 35
5 13
139 17
3 41
102 104
write:
1
119 57
write:
3
82 4
67 115
113 148
read:
7
write:
3
64 105
134 110
47 90
read:
51
write:
5
129 142
84 35
121 68
16 135
114 65
write:
10
41 67
147 130
111 68
28 30
73 146
103 59
53 139
133 56
129 18
59 1
read:
31
read:
17
read:
119
write:
3
122 140
76 56
34 118
read:
56
read:
142
write:
6
4 87
20 5
46 12
33 108
37 123
104 109
read:
129
write:
3
7 126
36 113
127 132
write:
5
56 6
108 146
37 75
78 148
57 25
read:
94
write:
9
121 116
121 15
121 95
35 135
22 144
34 129
120 21
99 42
3 112
read:
24
read:
22
read:
147
write:
8
47 94
140 33
131 45
45 34
137 46
84 84
123 133
89 74
write:
1
97 81
write:
8
31 65
73 4
63 86
60 117
144 120
5 132
7 14
103 118
write:
8
9 44
120 43
18 15
89 119
5 74
97 20
94 136
138 84
read:
17
write:
2
124 116
100 19
read:
10
write:
9
123 70
81 99
17 62
9 111
111 42
15 103
39 138
125 38
54 126
write:
7
43 137
56 79
105 102
136 110
146 30
67 87
41 44
read:
122
read:
54
write:
3
75 97
74 12
80 109
read:
127
write:
6
84 42
8 101
102 46
30 34
45 128
128 148
read:
121
write:
8
15 76
131 69
105 104
35 41
136 41
83 54
20 73
113 78
write:
2
82 68
135 97
read:
57
write:
3
2 58
11 116
14 95
write:
3
36 95
136 49
60 57
write:
3
21 115
28 1
21 30
read:
4
write:
7
10 45
104 24
111 92
123 124
102 146
27 52
10 97
write:
4
109 92
19 63
119 15
44 37
read:
69
write:
3
44 74
106 27
130 9
write:
1
137 115
read:
69
write:
9
132 145
12 131
44 68
80 112
31 35
95 105
45 80
9 137
4 49
write:
9
64 6
96 128
76 9
42 93
120 1
62 22
127 13
147 101
69 139
read:
135
write:
7
97 99
39 1
14 91
105 11
36 93
143 3
34 61
write:
2
57 98
71 36
write:
2
44 6
72 99
write:
9
78 133
56 19
43 2
64 117
29 103
15 84
4 4
12 71
60 16
read:
42
write:
9
43 98
10 125
71 4
75 132
90 94
2 58
53 28
111 118
52 53
write:
10
24 36
118 77
51 143
3 81
90 67
101 67
42 85
81 2
123 103
27 125
write:
9
120 102
35 123
67 132
117 104
78 145
61 14
24 102
123 59
11 108
write:
4
142 64
105 136
11 140
141 103
read:
109
write:
2
56 18
17 147
read:
46
read:
84
write:
9
2 19
77 142
118 64
102 14
31 131
139 49
5 79
56 132
16 140
read:
14
read:
37
read:
2
read:
84
read:
34
read:
81
read:
109
read:
115
read:
143
read:
117
read:
103
read:
73
write:
6
61 145
54 47
77 131
137 65
20 55
55 56
read:
119
write:
5
116 69
86 95
64 59
15 24
87 96
write:
3
90 100
24 120
118 20
read:
108
write:
10
139 125
33 66
28 65
22 100
146 147
66 73
63 93
86 129
25 143
69 2
read:
140
read:
61
read:
52
read:
10
write:
3
117 35
126 115
101 16
read:
91
read:
13
read:
38
read:
70
read:
41
read:
37
read:
112
read:
136
write:
4
109 21
36 36
15 122
16 117
write:
4
30 147
106 85
72 95
66 4
read:
87
write:
10
85 136
141 2
112 140
63 77
38 16
125 115
126 71
100 13
131 59
7 28
read:
1
read:
132
read:
54
write:
4
90 67
67 70
73 113
138 101
write:
5
14 9
111 131
95 8
138 81
59 109
write:
4
113 145
8 24
73 28
139 95
write:
8
47 27
37 40
97 129
21 68
73 112
24 19
125 138
141 112
read:
44
read:
52
read:
57
read:
73
write:
7
37 76
143 58
71 5
99 33
117 57
1 39
79 140
read:
21
write:
7
75 106
74 15
60 97
118 60
65 28
66 89
82 3
read:
137
read:
108
read:
50
read:
43
write:
10
1 28
34 123
90 56
56 73
88 18
78 62
18 130
134 112
59 12
34 41
write:
2
105 140
1 143
read:
40
write:
4
33 119
132 69
50 117
107 139
read:
112
read:
84
write:
2
84 17
92 146
read:
35
read:
115
write:
1
102 72
write:
6
52 44
139 52
62 10
92 141
89 63
39 49
read:
49
write:
7
69 53
67 138
95 101
60 66
137 38
63 19
122 51
read:
58
read:
2
write:
5
94 55
48 51
73 105
75 105
28 145
write:
2
130 5
13 89
write:
9
4 44
78 9
8 110
16 145
105 67
133 91
23 6
139 131
140 59
write:
4
72 77
81 67
145 13
100 33
read:
103
write:
7
77 56
120 97
40 16
28 65
133 68
136 16
39 84
write:
8
14 21
53 103
130 29
139 84
93 88
94 81
90 134
101 119
write:
7
43 32
55 9
6 135
92 110
4 98
123 20
103 59
write:
6
6 64
93 97
55 61
126 73
142 1
71 103
write:
10
118 37
119 4
118 12
24 1
28 118
104 136
61 60
136 79
34 125
88 25
read:
92
read:
135
write:
2
70 14
12 62
write:
1
123 20
read:
26
read:
71
write:
7
30 133
100 124
125 133
21 97
31 53
4 110
10 79
write:
3
128 72
27 73
24 91
write:
4
52 60
17 16
1 21
128 41
write:
10
107 26
72 24
143 28
8 117
56 101
100 134
2 79
66 44
55 139
23 14
write:
7
79 109
72 74
129 11
124 9
13 54
98 12
120 138
write:
4
23 111
17 4
144 82
123 59
write:
10
142 35
52 116
8 118
97 6
87 36
121 87
44 10
53 6
126 81
10 50
read:
120
read:
82
write:
8
1 146
109 99
51 96
27 58
99 43
107 56
13 65
20 76
write:
5
105 108
107 61
109 58
19 5
101 139
write:
7
67 29
73 89
33 3
143 86
19 41
104 146
57 39
write:
2
52 28
26 32
write:
7
31 32
147 110
96 87
115 123
97 102
85 58
80 146
read:
4
write:
5
107 50
143 34
25 92
41 139
122 42
read:
24
read:
14
write:
10
104 1
60 16
14 26
18 14
7 99
135 126
121 89
106 5
68 96
144 52
read:
15
read:
51
write:
7
109 17
11 35
49 45
122 49
34 110
69 31
26 37
read:
3
write:
3
55 8
17 115
12 147
write:
2
54 19
135 53
write:
10
81 127
14 145
109 116
142 117
27 136
131 29
119 7
101 53
88 130
134 106
write:
5
19 89
94 44
118 16
130 35
147 134
write:
4
20 44
17 34
135 55
112 91
write:
1
23 1
write:
8
78 67
26 144
67 133
84 10
101 126
118 109
113 29
59 106
write:
1
4 115
write:
10
34 13
140 34
26 140
142 123
26 55
18 33
44 48
21 71
113 87
80 43
write:
5
81 8
127 39
139 11
35 104
126 35
read:
67
write:
7
95 35
112 105
84 95
87 27
27 19
126 131
47 136
read:
6
write:
4
137 148
131 130
79 91
97 60
read:
136
read:
60
read:
30
write:
1
114 126
read:
12
read:
116
read:
113
write:
3
122 17
7 72
25 62
read:
37
write:
9
74 142
137 67
116 113
141 77
138 42
65 90
50 36
88 88
73 101
write:
5
48 66
34 80
8 18
119 73
134 108
read:
77
write:
1
91 80
write:
8
19 141
136 61
20 23
31 46
12 85
117 141
128 18
51 33
read:
37
write:
9
53 115
77 95
103 32
108 22
140 139
36 73
37 101
76 20
23 52
read:
102
write:
10
93 125
67 92
107 134
26 63
39 100
81 71
28 45
26 33
123 64
126 50
read:
13
read:
19
read:
43
read:
19
read:
116
write:
3
140 80
139 56
90 138
write:
1
91 22
write:
9
123 34
89 116
135 130
142 45
127 3
52 50
48 100
67 38
95 2
read:
96
write:
5
21 46
36 6
73 95
53 12
145 61
write:
3
105 28
116 71
57 1
read:
100
write:
9
79 11
33 88
94 82
51 107
65 125
112 31
76 1
46 138
148 82
write:
4
128 130
9 128
104 116
29 18
read:
122
read:
84
read:
38
read:
14
write:
3
124 96
75 30
66 9
read:
92
write:
10
136 134
92 64
86 12
13 41
148 37
12 90
27 3
103 75
48 144
77 75
write:
1
116 148
write:
5
56 21
114 115
2 55
36 43
76 131
write:
8
132 47
102 139
141 12
65 86
103 95
130 108
77 30
12 70
read:
29
write:
10
82 107
69 32
139 96
12 22
111 139
49 71
8 144
38 88
32 113
83 41
read:
63
write:
2
66 61
30 75
read:
20
write:
8
87 128
87 48
116 69
56 145
141 3
11 129
18 121
60 22
read:
74
write:
9
88 53
47 112
52 107
48 35
120 98
42 93
139 63
1 40
22 20
read:
93
read:
63
read:
33
write:
2
77 63
4 124
read:
148
write:
4
111 121
134 66
143 148
90 30
read:
120
read:
20
write:
5
133 38
107 41
134 135
48 4
85 37
read:
131
read:
14
read:
62
read:
76
read:
22
read:
50
write:
9
142 25
8 131
132 84
129 36
82 135
131 98
90 1
123 4
109 111
write:
2
110 93
105 95
read:
119
write:
9
122 50
42 77
27 105
7 75
4 70
123 33
82 39
12 105
77 94
read:
110
write:
3
130 81
102 148
87 101
write:
9
63 135
129 37
29 84
68 28
64 26
114 32
147 128
90 27
38 108
write:
4
26 43
46 6
29 83
121 60
write:
4
122 17
12 6
134 15
57 115
write:
9
14 49
43 4
127 36
50 22
109 97
129 137
62 132
135 75
42 142
read:
83
read:
89
write:
6
12 121
125 6
121 49
112 41
39 143
103 99
write:
4
26 28
32 53
112 133
60 91
read:
40
write:
3
98 130
47 115
102 4
read:
133
read:
71
write:
9
20 83
63 6
137 13
26 138
14 47
94 85
95 66
21 35
103 82
read:
49
write:
2
130 82
30 10
read:
137
read:
3
read:
31
read:
73
write:
3
94 74
116 67
35 27
write:
10
77 22
87 45
54 45
68 98
82 101
65 15
48 53
116 46
94 13
32 6
write:
1
12 57
read:
16
read:
11
read:
41
read:
14
write:
1
31 132
read:
65
write:
6
91 26
63 11
118 60
36 24
120 113
92 134
read:
56
write:
4
116 119
14 39
14 126
2 140
read:
56
read:
71
read:
91
read:
135
write:
2
119 36
71 102
read:
22
read:
20
write:
3
74 119
112 8
90 51
read:
134
read:
50
write:
2
41 124
63 15
read:
57
write:
8
122 43
38 32
36 145
41 91
16 85
38 123
111 20
49 74
read:
25
write:
10
19 131
146 108
20 56
9 102
119 95
139 125
32 53
96 116
44 71
85 137
write:
10
26 87
30 126
119 121
17 2
21 114
137 32
102 95
82 60
11 104
23 112
write:
3
92 125
11 103
122 118
write:
1
58 70
write:
7
139 146
137 118
77 34
79 13
59 1
120 46
17 95
write:
6
93 50
113 93
59 49
146 55
55 134
3 36
write:
4
116 140
36 46
55 31
129 122
read:
24
write:
4
112 16
105 3
75 105
52 33
read:
113
write:
3
108 140
47 146
136 130
read:
100
write:
5
75 53
7 72
134 52
119 44
68 143
write:
10
34 105
106 135
121 51
66 60
53 113
61 110
14 47
19 46
137 68
40 28
write:
7
97 68
30 22
59 96
46 71
77 51
45 34
98 134
read:
14
read:
62
read:
117
read:
62
read:
48
read:
83
write:
9
128 64
41 67
107 130
99 18
147 11
132 73
122 3
37 68
86 91
read:
40
read:
29
read:
38
write:
7
111 73
97 42
74 138
73 40
128 102
99 135
26 52
read:
75
read:
70
write:
1
28 56
write:
9
110 89
135 57
115 120
40 79
87 12
7 102
127 20
44 128
123 84
write:
6
68 147
26 84
128 67
98 7
50 14
48 127
write:
1
122 68
write:
3
33 111
128 148
140 123
write:
9
140 6
69 133
65 94
73 74
15 96
93 5
50 133
79 132
60 131
read:
40
write:
4
122 95
129 52
144 94
84 74
write:
8
36 145
98 106
96 108
90 33
37 133
40 82
137 46
93 135
read:
104
read:
130
read:
61
read:
89
write:
5
25 60
34 71
105 111
55 71
43 135
read:
126
write:
3
125 122
21 84
1 91
read:
141
read:
45
read:
146
write:
4
146 142
103 134
89 30
124 67
write:
1
17 135
write:
3
16 101
129 95
90 94
write:
5
46 115
13 75
73 132
1 8
33 139
read:
125
read:
28
write:
2
38 89
20 144
write:
8
36 4
80 12
79 45
133 144
112 146
98 52
8 98
125 78
read:
16
write:
9
12 88
90 40
124 45
45 20
119 23
36 5
123 92
140 9
140 70
read:
45
write:
3
144 77
131 124
125 18
read:
83
read:
78
read:
57
write:
7
53 32
114 129
75 46
130 109
117 40
84 121
118 23
read:
20
read:
126
write:
10
63 46
111 67
43 84
8 118
4 19
4 26
117 23
30 85
145 127
24 2
write:
2
144 38
41 142
write:
7
50 137
62 22
39 95
135 101
37 126
109 136
41 3
write:
4
82 122
70 107
124 95
131 51
read:
42
read:
94
write:
1
72 132
read:
148
read:
132
read:
38
read:
101
read:
75
read:
11
read:
114
read:
19
write:
8
26 111
62 110
99 89
9 120
115 65
111 4
69 60
53 99
write:
5
28 138
22 145
80 93
5 90
71 11
write:
3
53 72
67 25
116 57
write:
7
104 20
121 131
13 41
62 109
19 129
97 106
62 124
read:
141
read:
105
write:
9
136 32
111 120
86 115
44 38
9 124
108 134
30 9
76 33
69 105
read:
5
write:
10
94 122
105 42
32 33
39 92
130 76
69 94
81 31
139 55
117 45
50 76
write:
10
65 47
91 34
2 93
100 15
121 54
103 94
9 68
137 23
141 75
121 126
read:
61
read:
124
write:
6
39 47
95 65
59 141
96 23
11 92
139 64
write:
9
129 148
88 85
96 122
59 57
71 71
148 12
3 2
48 52
40 19
write:
9
74 8
55 138
42 67
1 1
40 148
134 32
12 117
105 56
113 62
write:
10
5 128
95 32
135 56
136 60
84 15
114 74
83 54
10 10
69 129
124 116
write:
7
43 64
2 142
65 126
84 136
50 136
17 47
14 79
read:
90
write:
4
68 126
42 126
17 10
46 148
write:
7
16 108
113 123
55 39
74 78
123 79
72 134
76 129
read:
2
write:
4
116 123
33 133
122 113
34 130
write:
8
8 54
111 135
44 144
94 140
131 25
6 143
146 68
3 140
read:
59
write:
5
102 137
44 147
40 30
134 46
102 67
write:
9
33 127
116 17
104 141
69 58
117 41
74 134
63 75
45 87
53 120
write:
6
132 26
147 122
87 46
125 40
93 148
53 104
read:
113
read:
59
write:
3
58 19
19 17
114 32
read:
88
write:
3
15 12
118 120
98 80
read:
51
write:
6
67 112
42 67
97 2
41 50
22 45
16 126
write:
1
88 129
write:
4
79 62
16 116
68 79
17 96
read:
43
write:
4
85 30
138 106
82 79
74 47
write:
8
19 140
69 91
81 122
79 121
43 20
115 78
98 62
8 107
write:
3
80 87
76 130
133 148
read:
53
write:
1
127 124
write:
2
144 50
93 66
read:
60
read:
3
read:
143
write:
10
12 74
10 90
123 84
55 55
60 77
136 17
76 114
120 25
35 70
128 19
read:
114
read:
122
read:
111
read:
59
read:
61
read:
95
write:
8
100 106
58 87
104 144
39 121
73 99
46 25
35 126
7 148
read:
122
write:
1
89 53
write:
4
30 55
136 74
113 86
74 18
write:
3
48 100
39 13
114 22
write:
8
17 72
26 22
117 93
37 85
121 83
121 59
48 29
72 103
write:
2
110 20
114 114
read:
116
read:
21
write:
10
63 8
11 71
21 101
102 20
54 109
28 147
122 45
145 115
3 116
44 88
read:
18
write:
3
136 75
73 18
106 60
read:
84
read:
11
read:
118
write:
9
7 87
84 128
105 40
73 82
24 136
139 15
29 96
147 73
141 134
read:
7
write:
4
69 51
127 148
109 8
43 47
read:
101
read:
42
read:
119
write:
1
119 5
write:
1
140 130
read:
68
write:
5
117 122
119 79
53 108
9 142
21 50
write:
1
70 133
read:
34
write:
7
137 34
131 111
136 134
5 12
89 29
43 6
49 59
write:
3
83 132
85 146
59 57
write:
10
91 37
88 9
12 63
141 108
34 42
23 48
20 135
38 125
68 111
57 68
read:
95
write:
10
32 118
67 84
46 121
135 37
41 109
62 98
10 84
18 37
108 47
45 21
write:
9
138 38
87 31
110 20
59 147
94 136
61 140
63 34
102 77
80 83
write:
5
113 86
37 70
141 109
52 61
140 72
read:
50
read:
7
write:
6
33 80
105 14
146 1
141 73
148 99
5 60
read:
39
read:
122
write:
8
16 93
24 137
19 40
39 1
45 93
80 118
59 47
42 79
write:
9
33 59
34 61
41 113
112 43
23 116
69 83
145 8
64 34
21 131
write:
4
118 146
8 18
56 2
116 16
read:
44
read:
18
write:
2
59 93
25 121
read:
43
write:
4
12 1
147 21
114 106
139 74
write:
6
109 68
49 89
45 50
64 104
59 16
111 106
write:
7
13 23
105 19
97 25
47 83
34 32
90 112
36 139
write:
10
99 138
39 86
145 63
132 143
90 107
109 64
27 106
130 40
84 108
99 49
write:
6
142 56
73 132
99 100
117 83
78 49
95 49
write:
9
56 8
134 140
33 49
138 104
96 33
146 62
55 103
67 60
13 66
write:
1
115 7
write:
5
136 111
95 110
12 64
41 22
92 145
read:
6
write:
5
90 108
70 101
50 93
12 63
54 6
write:
4
72 139
136 131
21 110
115 59
write:
9
143 52
88 27
144 111
32 6
85 141
6 77
33 37
38 6
68 100
write:
3
32 22
121 91
15 97
read:
55
write:
9
87 2
24 52
138 111
30 13
25 44
85 84
116 51
142 139
96 12
read:
141
read:
96
write:
2
85 10
49 79
read:
73
read:
66
read:
140
read:
45
write:
2
9 48
109 24
read:
73
read:
43
write:
1
8 82
write:
2
36 21
73 139
write:
5
125 139
121 117
85 70
109 112
37 115
write:
5
33 115
21 69
11 92
92 54
95 31
write:
8
122 37
131 131
141 69
27 75
126 123
124 68
16 58
35 95
write:
8
10 130
140 128
73 114
65 120
143 113
100 119
126 78
85 129
read:
37
write:
8
31 119
138 6
136 13
98 1
39 32
50 14
139 89
105 22
write:
10
63 102
147 10
91 93
2 27
145 99
94 35
121 113
66 102
103 129
85 102
write:
2
119 134
23 35
write:
8
146 39
110 95
133 12
70 98
140 79
60 81
90 7
114 76
read:
100
write:
6
98 127
140 86
143 142
40 59
73 71
6 53
write:
2
31 98
116 17
write:
8
26 27
42 129
127 106
43 83
10 67
14 10
54 126
72 4
read:
64
read:
116
write:
8
126 75
123 94
80 50
129 94
144 138
133 71
46 55
7 116
read:
96
read:
42
read:
32
write:
6
68 21
121 103
106 23
92 14
107 140
93 131
read:
67
write:
5
148 115
132 124
27 21
48 47
37 118
read:
110
read:
112
read:
113
write:
8
10 144
81 112
42 108
96 141
52 33
41 138
60 126
8 67
read:
60
write:
9
92 31
6 108
102 148
124 42
29 36
47 100
80 63
66 140
79 36
write:
7
39 14
10 15
136 52
71 21
48 137
141 112
111 53
write:
2
55 24
124 27
read:
42
write:
5
72 54
4 43
24 102
81 65
88 34
write:
2
92 138
108 63
write:
2
53 24
99 54
read:
111
read:
6
write:
3
45 60
58 59
27 13
read:
59
write:
6
107 71
22 48
94 110
33 145
98 103
88 42
write:
2
20 31
61 35
read:
5
write:
8
41 29
37 31
108 6
103 66
92 138
128 73
96 115
122 104
write:
2
38 98
127 89
read:
120
write:
9
52 3
137 30
86 92
83 145
131 131
48 3
93 93
65 50
12 31
read:
90
read:
109
write:
8
46 76
129 147
6 19
61 33
49 97
123 14
103 36
7 135
read:
46
write:
3
71 121
118 80
91 126
read:
137
write:
2
142 136
61 38
write:
1
107 18
write:
3
93 74
90 69
140 101
write:
4
148 125
121 137
4 98
119 62
read:
64
read:
122
read:
95
write:
4
83 4
37 100
42 87
48 61
write:
8
81 132
9 19
50 141
65 147
141 44
61 106
17 110
95 62
read:
93
write:
9
132 28
115 5
10 145
97 2
6 3
128 58
16 16
120 57
89 132
read:
67
write:
5
101 49
139 79
28 91
121 134
55 70
read:
24
write:
9
122 145
47 28
6 147
14 30
14 96
67 83
72 110
142 88
60 113
read:
112
write:
9
58 61
73 138
144 21
52 126
19 46
130 35
92 135
96 106
143 88
read:
62
write:
8
37 110
125 104
9 97
9 25
66 85
76 38
70 118
48 130
write:
9
144 27
147 103
32 37
55 130
122 85
141 77
130 10
107 145
70 15
read:
72
read:
9
write:
6
27 123
4 130
77 101
3 4
71 58
36 132
read:
14
write:
3
96 105
26 142
4 88
read:
112
read:
123
write:
9
87 43
65 78
102 136
60 127
50 10
116 128
89 99
31 46
23 127
read:
32
write:
5
48 30
18 148
83 148
108 22
128 48
read:
40
write:
9
3 115
90 106
21 57
124 28
39 13
57 46
144 78
137 2
98 65
read:
66
read:
126
read:
91
write:
9
61 138
28 129
26 73
41 60
48 68
6 69
120 50
95 47
87 121
write:
8
125 32
103 138
116 12
126 78
136 129
108 86
62 116
69 133
write:
9
35 116
49 23
38 69
77 141
76 26
57 138
60 43
92 45
13 107
read:
65
read:
98
read:
58
write:
10
135 71
84 8
100 68
27 140
63 20
138 83
28 22
49 8
15 51
46 6
write:
4
117 85
4 91
11 79
120 112
write:
2
83 131
126 20
write:
5
139 143
126 86
140 108
147 125
59 47
read:
48
write:
5
117 69
118 126
94 118
54 9
123 16
read:
124
read:
91
write:
6
92 18
115 131
42 78
110 98
119 3
102 128
write:
9
70 90
77 139
3 65
56 86
128 3
13 119
87 88
37 145
127 129
write:
1
99 27
read:
45
read:
78
write:
3
117 18
83 71
123 99
read:
18
read:
67
read:
17
write:
9
117 113
96 4
53 27
143 28
31 59
128 94
54 108
99 79
110 136
read:
148
write:
5
108 37
128 135
15 131
110 143
118 77
write:
3
71 133
37 121
104 22
write:
2
78 16
39 21
write:
4
2 78
88 8
87 89
96 145
read:
67
write:
9
3 100
49 42
4 31
64 25
74 38
33 82
21 88
12 14
10 37
read:
42
write:
7
147 86
1 56
82 124
80 112
2 51
141 38
23 36
read:
40
read:
75
write:
1
127 114
write:
9
111 16
118 108
66 72
77 143
130 97
77 51
17 95
22 15
74 121
write:
2
24 53
30 41
read:
105
write:
3
134 75
73 105
11 16
write:
1
84 25
write:
9
38 124
136 20
18 111
30 71
116 39
16 8
20 20
124 1
53 105
write:
3
113 40
77 117
21 79
read:
96
read:
145
read:
25
read:
15
read:
118
read:
86
write:
2
147 61
42 8
write:
5
12 17
130 88
114 118
127 76
29 112
write:
4
5 11
48 9
65 83
101 123
write:
6
123 100
137 108
102 142
34 128
57 116
44 73
read:
63
write:
9
90 144
88 41
40 28
84 93
47 146
12 24
77 140
65 84
122 114
read:
101
write:
3
95 62
120 130
44 90
read:
121
read:
89
write:
6
78 97
18 133
122 71
122 98
3 92
47 63
read:
11
write:
6
106 69
55 117
85 15
117 47
65 13
6 7
write:
4
32 16
66 75
72 62
17 58
write:
3
98 66
23 140
93 146
write:
3
118 81
26 32
80 76
write:
3
118 133
89 95
101 27
read:
54
write:
4
108 18
146 123
46 133
4 28
read:
124
write:
2
49 7
57 59
read:
146
write:
8
61 129
139 132
142 146
132 3
31 89
14 78
145 137
67 38
read:
43
write:
8
137 137
128 1
75 91
47 12
91 13
115 14
64 74
40 42
write:
8
27 76
39 47
42 43
30 56
100 132
22 94
96 136
63 25
write:
6
63 76
25 26
79 134
37 20
30 23
114 143
write:
1
69 32
read:
140
write:
1
7 45
write:
4
73 87
32 47
22 50
5 95
read:
30
write:
3
2 33
57 103
82 4
write:
9
131 86
44 12
74 17
126 64
114 21
88 63
44 102
11 5
12 63
read:
13
read:
60
write:
5
87 10
47 147
147 67
105 120
129 99
write:
9
41 96
73 108
139 66
93 43
135 23
119 62
148 17
21 10
33 67
read:
101
read:
116
read:
48
write:
9
9 8
103 54
76 95
75 2
142 132
34 99
26 142
84 109
98 33
write:
3
126 55
69 66
102 42
read:
17
read:
132
write:
4
119 71
98 36
52 105
71 148
write:
8
38 101
29 64
99 115
84 73
27 57
53 77
109 56
14 119
write:
10
40 5
3 54
146 15
15 142
113 110
130 75
20 18
82 37
66 31
138 118
read:
61
read:
2
read:
85
read:
12
read:
106
read:
9
write:
5
19 44
97 41
25 43
123 114
6 92
read:
134
write:
8
98 123
105 86
30 123
77 113
54 88
66 129
119 112
123 32
write:
1
14 6
read:
63
write:
5
137 97
91 136
103 41
66 54
85 148
read:
63
write:
9
83 52
99 147
123 43
120 31
49 79
35 78
48 130
40 44
17 108
read:
130
write:
9
36 39
92 109
34 147
29 4
20 45
41 138
8 119
43 77
35 27
read:
82
read:
55
write:
5
1 26
52 48
80 64
21 16
80 8
read:
79
read:
5
read:
17
write:
3
136 90
42 99
33 112
write:
6
77 40
128 6
59 92
141 138
110 61
124 51
read:
131
write:
6
96 21
55 22
54 29
72 46
136 56
104 46
read:
108
read:
15
write:
7
86 119
26 74
98 60
70 44
101 8
75 33
50 4
write:
3
143 134
89 135
106 37
write:
6
136 109
24 78
96 75
11 51
97 84
46 85
write:
6
79 2
143 118
44 17
127 144
67 8
35 114
write:
7
104 94
61 64
56 47
82 45
120 56
134 88
114 84
write:
8
23 113
47 93
42 61
35 43
133 85
8 50
80 72
131 56
write:
9
8 114
145 20
92 112
36 92
120 130
56 148
136 8
52 72
126 80
write:
8
38 69
116 34
9 81
79 1
18 26
84 25
104 128
60 41
read:
36
read:
99
write:
10
90 122
40 22
21 69
33 2
145 122
79 54
46 120
15 97
68 124
88 115
read:
90
write:
10
9 128
24 50
12 2
32 96
66 122
57 61
116 52
121 114
105 34
88 82
read:
112
read:
20
write:
5
75 86
19 81
128 107
122 121
36 111
read:
67
read:
132
write:
3
131 106
8 100
109 26
read:
87
write:
3
48 64
4 53
143 69
write:
9
135 32
8 8
79 82
136 54
147 145
9 86
27 63
75 112
79 18
read:
125
write:
5
75 116
23 116
19 99
27 136
22 89
read:
44
write:
7
89 99
133 36
132 88
140 119
55 138
81 70
89 80
read:
20
read:
29
read:
70
write:
7
108 15
106 63
13 133
17 138
146 121
85 45
133 44
write:
5
75 111
144 25
79 94
136 130
119 115
write:
1
45 57
read:
45
read:
101
write:
1
14 4
write:
1
34 46
read:
103
read:
124
read:
83
write:
9
48 138
25 123
100 67
80 4
127 52
89 105
122 45
48 15
117 62
write:
5
47 60
41 122
36 87
148 111
138 68
read:
47
read:
144
read:
110
write:
5
80 26
101 67
67 35
137 51
51 139
write:
10
148 87
55 62
95 122
49 119
126 88
39 7
123 57
85 15
130 77
108 23
read:
31
read:
84
write:
10
30 116
110 58
140 56
147 82
104 73
74 96
15 18
117 100
81 121
71 20
read:
2
write:
8
51 75
45 131
93 18
10 25
134 31
67 127
30 7
37 78
read:
97
write:
9
117 115
57 32
80 118
20 42
99 102
127 103
67 13
6 119
50 142
read:
9
read:
78
write:
3
91 10
18 139
53 87
write:
4
65 55
67 80
58 5
92 73
read:
2
read:
47
write:
2
115 90
54 25
read:
48
write:
3
133 42
97 109
66 79
write:
6
50 49
101 68
7 29
139 68
117 113
129 10
write:
10
63 55
84 52
84 75
114 60
137 115
117 83
128 127
8 127
147 75
131 9
write:
5
142 104
92 60
104 33
137 141
15 7
write:
7
30 41
31 134
3 73
123 13
125 73
97 58
27 99
write:
3
45 102
144 127
2 36
read:
25
read:
31
read:
57
read:
3
read:
124
read:
142
write:
1
38 15
read:
33
write:
9
24 115
71 118
136 25
132 42
32 93
48 40
94 43
89 17
142 53
write:
2
91 33
120 89
read:
133
read:
129
write:
7
125 14
116 145
55 14
62 126
54 38
16 121
146 145
write:
2
90 147
38 125
read:
62
read:
20
read:
91
read:
48
read:
68
write:
8
77 18
112 37
88 30
104 49
74 119
124 99
63 97
88 28
write:
9
35 14
78 103
9 104
46 106
85 110
132 134
32 46
65 111
144 31
read:
139
read:
67
write:
7
55 38
46 11
66 52
46 90
104 24
82 45
19 84
read:
136
write:
10
109 7
36 42
25 36
76 114
79 135
108 53
82 7
122 12
12 42
114 17
write:
10
7 126
125 96
36 16
75 90
127 123
78 133
129 51
92 53
10 87
3 73
write:
3
71 3
52 37
80 77
write:
1
116 136
read:
95
write:
10
115 98
112 117
67 102
84 94
111 72
103 11
24 58
6 65
84 137
111 127
read:
41
write:
6
40 12
127 120
47 111
142 83
125 91
64 88
write:
5
74 84
144 118
43 130
4 117
57 59
write:
8
15 49
80 133
25 77
93 63
86 44
120 81
123 121
87 78
write:
2
88 129
134 86
write:
2
60 38
104 40
read:
75
read:
89
read:
6
write:
4
7 127
17 42
133 33
86 52
read:
58
write:
4
84 97
86 111
79 97
91 33
read:
68
write:
10
82 116
68 42
80 95
144 19
106 145
85 53
8 125
50 81
47 122
34 109
write:
2
23 110
1 5
write:
2
139 57
59 16
read:
93
write:
7
48 40
130 43
105 90
147 118
64 23
61 133
7 67
write:
6
73 115
21 84
138 86
12 97
6 112
136 148
write:
4
126 125
140 104
113 20
135 78
read:
27
write:
6
104 67
9 41
148 72
108 114
109 106
142 142
read:
65
read:
35
write:
6
103 128
141 105
71 75
102 90
48 130
116 85
read:
63
write:
4
142 121
51 25
84 144
128 20
read:
12
read:
25
write:
2
22 100
99 133
write:
9
2 132
71 43
118 90
59 11
92 61
30 123
120 69
102 38
99 100
read:
112
read:
15
read:
42
read:
7
write:
8
76 51
139 62
140 104
114 39
39 77
45 142
114 39
39 23
read:
75
write:
1
79 77
read:
58
write:
1
49 39
write:
10
145 65
31 118
134 2
145 98
101 126
145 94
48 75
44 59
124 147
141 97
read:
39
read:
45
read:
75
write:
9
132 21
97 130
112 125
115 49
66 9
120 102
40 65
33 93
21 126
write:
6
74 87
24 32
124 120
10 25
26 85
56 67
write:
8
4 95
16 145
103 69
82 4
27 20
96 65
18 72
88 114
read:
141
read:
90
write:
8
129 72
130 20
7 137
9 113
147 89
82 143
141 9
127 70
read:
12
write:
7
22 145
109 44
21 109
102 87
60 104
10 57
68 135
write:
4
86 107
26 6
21 132
46 38
write:
9
7 62
29 128
56 113
44 29
110 112
119 62
60 123
120 127
108 1
write:
2
143 112
42 123
read:
31
read:
105
read:
54
write:
5
90 117
63 59
1 97
16 52
120 111
read:
89
write:
6
126 131
46 5
125 87
148 147
82 134
23 72
read:
93
read:
53
read:
138
write:
1
52 92
write:
9
84 136
101 115
76 50
45 50
52 105
92 114
125 82
30 122
94 18
read:
65
write:
4
66 129
102 96
100 52
117 137
read:
22
write:
5
31 73
72 138
80 129
89 115
103 141
write:
5
55 99
103 70
132 127
60 44
4 63
read:
104
write:
5
134 41
24 95
110 133
94 50
131 12
write:
1
47 57
write:
1
6 84
read:
22
read:
22
read:
30
read:
43
read:
72
read:
84
write:
4
109 133
86 32
48 110
34 108
write:
10
143 98
18 118
143 62
130 28
20 7
140 124
83 22
129 60
7 97
127 142
read:
125
read:
132
read:
114
read:
126
read:
139
write:
7
11 29
124 22
108 49
40 139
87 18
29 19
7 124
read:
42
read:
113
write:
7
2 135
98 10
6 40
110 18
123 9
104 4
107 21
read:
121
write:
3
81 18
31 37
98 48
write:
9
96 67
103 101
21 71
70 66
7 135
72 139
94 13
49 100
132 118
read:
80
read:
132
read:
55
read:
6
write:
3
62 32
34 93
126 19
read:
72
write:
8
65 43
65 29
52 123
49 67
96 71
118 58
22 102
84 108
write:
4
2 94
40 129
24 75
56 28
read:
129
write:
4
8 22
101 101
139 92
112 68
write:
6
108 137
4 68
147 74
143 62
6 141
16 8
read:
99
read:
42
read:
60
read:
90
write:
10
37 45
126 47
13 86
137 91
145 15
130 59
25 32
32 77
86 5
45 75
read:
11
read:
54
write:
3
126 16
140 35
116 85
read:
74
write:
4
38 16
37 94
28 14
43 128
read:
67
read:
96
write:
6
69 82
35 32
130 11
148 108
2 85
95 122
read:
78
read:
137
write:
1
67 122
read:
125
write:
8
96 65
84 125
147 148
31 84
65 117
77 92
66 58
39 108
write:
5
104 120
145 20
64 131
49 109
115 137
write:
4
62 88
7 111
118 17
146 19
write:
5
13 48
62 101
64 75
148 112
46 4
read:
23
write:
8
40 25
114 101
108 48
136 65
19 94
64 114
69 1
47 136
write:
6
113 2
9 23
60 98
43 121
8 41
116 80
read:
73
write:
3
146 65
94 47
74 108
write:
10
96 54
56 15
16 102
5 31
56 44
125 8
26 24
34 139
38 23
100 1
write:
1
131 120
write:
6
116 125
40 46
143 107
101 21
1 141
75 39
read:
141
read:
44
write:
9
17 107
39 42
125 79
107 28
64 79
100 104
77 83
8 88
13 131
read:
73
write:
4
146 110
77 79
125 98
127 128
write:
1
13 125
write:
3
63 101
131 115
142 8
write:
4
89 141
23 61
58 41
77 51
write:
9
3 145
144 8
2 43
109 47
78 97
34 107
117 1
108 83
68 35
write:
9
97 94
94 9
84 92
36 79
95 134
22 105
13 109
112 100
6 140
write:
10
95 136
108 56
22 9
37 3
122 69
115 18
31 56
12 74
116 62
44 77
write:
10
44 8
12 81
144 45
115 136
29 13
134 111
31 89
124 69
16 106
78 119
write:
5
57 14
116 34
91 89
21 15
145 136
read:
35
read:
100
read:
44
read:
142
write:
6
133 145
52 83
25 101
138 83
48 31
90 85
write:
1
8 17
write:
9
112 123
78 56
112 105
57 14
50 117
94 116
90 36
144 138
63 134
write:
10
94 113
75 30
37 47
108 51
103 128
25 83
133 60
134 39
132 103
84 111
write:
9
140 101
131 88
31 94
133 112
23 92
69 146
88 78
96 5
112 106
read:
113
read:
117
read:
126
read:
82
write:
2
119 146
102 123
write:
7
112 4
19 40
60 125
17 10
21 107
78 80
62 52
read:
127
write:
7
123 134
112 97
26 134
65 133
131 18
142 31
72 103
read:
90
write:
2
95 103
38 8
read:
75
read:
101
write:
1
106 139
read:
131
write:
7
105 52
65 85
110 81
84 110
12 132
124 64
36 111
write:
2
11 30
139 47
read:
58
write:
8
97 113
108 116
2 1
27 78
103 78
24 132
5 81
73 39
write:
1
19 28
read:
61
write:
3
19 49
21 52
4 28
write:
1
125 65
read:
56
read:
47
read:
109
read:
128
read:
9
write:
9
88 6
20 87
58 61
113 35
65 81
30 28
109 74
125 93
55 76
write:
1
114 1
write:
7
82 17
101 7
140 9
125 60
88 59
26 134
128 143
write:
3
64 76
141 4
10 55
read:
59
read:
52
write:
3
53 73
101 63
45 101
read:
20
write:
2
74 68
102 139
read:
108
read:
92
read:
68
write:
9
98 114
95 54
83 91
124 35
75 69
87 134
131 8
88 126
140 74
write:
8
105 35
138 66
99 104
106 31
57 28
144 147
109 100
25 97
write:
1
47 45
write:
3
31 83
148 11
9 6
write:
10
91 106
93 128
116 92
90 40
17 124
32 75
146 121
147 17
127 41
56 128
write:
7
106 16
122 53
114 52
38 138
42 22
11 62
97 7
read:
87
write:
3
6 147
113 53
57 129
read:
16
write:
1
27 59
write:
5
114 103
4 51
27 5
49 53
108 62
read:
38
write:
2
131 124
115 65
read:
136
write:
8
117 85
107 53
54 67
89 22
88 27
6 51
31 100
127 100
write:
5
29 46
2 48
10 136
55 64
108 134
read:
119
read:
80
read:
90
read:
102
read:
24
write:
4
144 13
33 147
11 73
94 69
write:
2
23 29
13 71
read:
133
write:
8
107 15
71 145
39 10
13 74
38 71
77 105
61 12
11 33
read:
100
read:
130
read:
68
read:
138
write:
10
46 96
68 146
105 43
35 88
17 6
43 88
93 108
140 82
91 47
9 72
write:
7
71 117
108 5
41 111
132 141
17 85
121 73
123 85
write:
10
64 22
118 75
10 54
43 87
46 16
146 114
76 101
25 78
43 13
144 59
read:
44
write:
6
74 145
35 1
136 17
95 15
94 51
99 103
write:
2
23 117
88 140
read:
14
read:
62
read:
25
read:
30
read:
27
read:
129
read:
144
write:
5
29 112
120 17
96 50
63 142
97 126
write:
6
144 28
99 133
100 86
133 145
51 92
131 97
read:
15
read:
96
read:
124
write:
2
106 51
138 72
read:
119
read:
124
write:
6
43 66
140 96
25 138
18 22
67 33
117 29
write:
3
52 23
26 65
118 113
write:
5
84 8
138 86
3 54
115 75
43 141
read:
148
write:
1
25 40
write:
9
74 71
86 120
114 64
3 12
87 139
25 138
70 31
60 40
59 80
write:
7
104 69
24 30
8 63
128 25
21 32
32 98
25 84
read:
48
write:
8
117 143
94 129
134 18
75 67
7 111
111 7
111 50
62 78
write:
7
1 65
46 123
52 27
113 92
3 124
110 74
128 2
read:
31
read:
137
write:
1
16 92
write:
7
31 91
125 104
107 62
41 58
86 47
3 89
6 60
read:
78
read:
136
write:
4
13 112
115 107
144 122
55 144
read:
65
read:
103
read:
128
write:
4
125 2
85 105
8 148
18 49
write:
6
61 11
79 61
92 35
16 4
10 57
43 111
read:
11
read:
44
read:
16
read:
143
read:
16
write:
9
110 7
8 50
39 67
59 102
118 107
118 81
142 121
126 137
148 53
write:
7
134 100
50 126
79 115
75 121
47 96
24 30
29 58
write:
7
104 54
96 67
67 75
39 95
118 114
50 132
97 45
write:
4
49 69
120 13
59 130
12 144
write:
10
98 106
32 122
106 34
56 108
124 87
143 43
120 133
105 109
112 27
36 126
write:
7
19 90
32 1
98 93
111 112
127 144
10 59
39 1
read:
35
read:
19
read:
74
write:
7
99 138
53 38
23 29
69 141
89 51
111 9
123 140
write:
1
42 80
read:
75
read:
111
read:
126
read:
5
write:
2
67 12
100 122
read:
3
read:
148
read:
96
write:
10
130 16
69 5
52 27
6 3
124 47
10 63
113 20
127 80
52 21
26 48
write:
2
111 29
123 122
write:
3
41 11
11 131
89 139
write:
7
15 74
142 20
110 65
79 96
131 147
139 40
110 111
write:
2
83 3
144 73
read:
107
read:
126
write:
2
105 60
136 95
write:
6
119 13
46 74
69 133
104 25
92 119
104 143
read:
113
read:
79
read:
137
read:
64
write:
2
139 76
55 144
write:
3
11 10
11 30
18 55
read:
39
write:
8
125 121
4 87
72 144
27 25
15 16
119 44
58 43
115 15
read:
108
write:
6
134 145
114 24
77 96
71 34
42 93
106 88
read:
60
read:
133
write:
2
54 108
53 92
write:
2
125 59
39 39
read:
35
read:
7
read:
52
write:
1
118 68
read:
143
read:
108
read:
35
write:
9
8 56
75 7
52 144
51 35
143 17
114 12
38 23
46 17
58 120
write:
8
17 73
73 130
30 46
53 100
138 138
28 71
8 144
2 48
read:
37
write:
4
146 116
137 24
144 95
120 15
read:
125
write:
10
76 80
50 122
45 10
111 11
25 113
142 97
28 107
95 138
24 97
36 62
write:
1
145 123
read:
19
read:
96
write:
10
126 94
134 102
25 59
76 46
75 59
71 18
148 10
73 6
44 92
68 134
write:
1
73 20
read:
114
write:
3
17 104
92 11
23 29
write:
5
102 1
98 41
21 113
128 35
11 130
read:
24
read:
114
write:
3
130 60
32 103
137 84
read:
31
read:
55
read:
123
read:
120
write:
3
124 2
69 31
61 96
read:
49
read:
102
read:
82
read:
15
read:
3
read:
33
read:
119
read:
9
write:
6
14 58
6 75
143 131
15 92
16 113
119 130
read:
99
write:
8
106 148
65 56
39 92
76 90
69 41
16 20
33 6
77 98
read:
87
write:
7
18 62
113 36
5 79
74 10
102 24
108 147
130 42
write:
2
142 40
32 107
read:
107
read:
43
read:
124
write:
7
81 80
84 50
64 36
66 1
107 34
115 126
128 35
read:
69
read:
17
read:
23
read:
88
read:
33
write:
3
13 80
50 104
90 18
read:
10
write:
10
112 53
9 60
48 38
111 12
78 112
16 105
85 144
68 87
12 39
30 13
read:
73
write:
6
27 9
127 118
101 33
94 118
39 94
3 99
read:
107
write:
7
50 68
3 120
136 32
88 119
58 77
94 5
98 84
write:
5
140 92
39 73
52 100
59 106
59 90
write:
6
40 122
65 58
51 70
144 26
111 12
11 6
write:
8
144 135
144 115
73 113
55 10
146 114
33 91
16 147
148 121
read:
99
read:
15
read:
68
write:
5
148 93
84 9
84 139
130 9
50 28
write:
2
84 115
17 25
write:
7
105 39
30 71
140 127
147 104
119 46
29 69
82 46
write:
4
58 49
146 84
48 20
36 123
write:
8
57 134
82 42
91 121
80 74
85 67
57 43
84 18
13 144
write:
1
89 18
read:
117
write:
7
121 134
72 46
109 87
10 36
22 82
75 108
50 77
read:
111
write:
1
45 106
write:
7
104 63
146 45
19 13
97 73
106 36
91 11
143 132
write:
5
48 10
63 31
137 95
73 18
34 102
write:
8
63 118
25 142
6 126
35 80
48 6
6 7
142 50
69 142
write:
3
70 30
35 145
86 29
read:
110
write:
10
72 57
13 47
80 53
4 100
50 103
14 38
61 46
2 75
106 48
138 82
write:
9
22 142
132 62
18 135
130 114
62 2
82 56
80 111
59 92
82 130
write:
6
64 22
125 41
95 1
92 46
121 50
127 99
read:
46
read:
146
write:
6
2 145
111 32
83 16
56 72
96 31
67 4
write:
9
134 52
8 73
43 70
86 102
148 40
101 8
47 106
79 46
48 64
read:
20
read:
86
write:
9
50 47
93 40
24 53
129 58
85 111
75 91
51 62
143 116
47 84
read:
117
write:
5
103 103
64 86
16 143
127 116
40 54
read:
66
write:
10
3 61
119 31
140 44
21 106
76 61
28 64
99 92
139 97
57 131
31 35
write:
6
104 44
146 57
6 113
22 88
100 106
53 32
read:
124
write:
10
87 123
88 84
33 49
3 95
102 67
109 52
80 119
62 144
59 109
99 48
read:
141
read:
80
write:
1
112 19
read:
56
read:
43
read:
88
read:
96
read:
44
write:
1
86 129
write:
5
76 69
34 38
140 139
91 94
33 83
write:
6
10 94
37 79
85 60
126 20
27 77
53 133
write:
8
138 144
82 47
122 145
76 114
123 17
67 52
121 58
133 125
read:
32
read:
122
read:
11
read:
71
write:
1
85 111
write:
10
133 1
41 63
52 80
77 145
27 25
44 78
59 84
86 34
33 41
38 61
write:
5
8 148
117 65
25 53
61 147
126 131
write:
8
70 26
120 35
7 67
55 134
139 9
106 19
74 26
10 50
read:
121
read:
80
read:
74
write:
10
122 39
127 34
18 94
40 92
142 1
49 35
131 87
12 146
20 73
71 47
write:
3
92 6
63 106
107 88
read:
68
read:
135
write:
7
78 106
32 86
85 117
139 3
58 25
127 46
3 81
read:
1
read:
115
read:
89
read:
29
read:
75
read:
21
read:
113
read:
106
write:
8
14 15
39 41
30 134
90 101
89 103
123 53
116 8
103 147
read:
77
write:
4
103 133
55 11
52 12
40 78
write:
9
120 87
129 68
65 103
125 77
37 72
78 145
94 138
13 63
79 58
read:
62
read:
4
write:
6
13 40
134 62
56 129
86 125
53 132
67 89
write:
5
30 51
132 23
148 59
97 112
142 9
read:
137
write:
2
34 136
55 82
write:
4
147 4
31 111
148 7
111 125
read:
84
read:
18
write:
4
79 143
16 36
35 136
7 132
write:
4
24 148
148 75
131 54
26 77
write:
8
30 87
108 9
107 109
148 87
72 147
68 10
50 44
142 109
read:
66
read:
141
write:
8
2 141
144 67
97 92
107 87
33 144
84 27
78 33
83 138
read:
22
write:
1
61 56
write:
3
56 111
32 83
62 82
read:
60
read:
6
read:
90
write:
9
8 127
99 11
123 135
135 49
148 31
12 107
40 3
73 108
28 64
write:
3
80 111
147 100
4 108
read:
133
write:
7
18 80
106 128
70 92
77 133
63 74
33 49
89 47
read:
1
write:
8
90 147
79 108
115 51
128 146
103 139
108 43
94 42
65 115
read:
27
write:
10
10 112
145 131
31 102
35 83
88 125
5 22
41 141
79 49
95 1
56 52
write:
10
75 43
47 133
23 101
120 89
93 67
34 69
32 49
69 82
67 127
36 8
write:
9
130 22
52 11
88 142
59 105
72 28
56 125
75 41
79 56
121 74
write:
10
93 22
102 53
4 6
96 146
133 82
5 100
47 126
120 145
111 86
42 2
read:
47
read:
23
write:
8
124 71
139 26
73 50
96 62
79 84
27 66
68 86
139 84
write:
5
69 102
81 143
6 7
72 94
12 139
read:
126
write:
10
47 74
27 36
91 122
7 7
134 134
26 66
37 9
11 129
93 65
47 138
write:
5
7 15
23 107
29 13
19 146
114 148
write:
5
13 73
65 112
138 121
128 41
53 21
write:
5
63 110
117 88
24 71
1 146
16 41
read:
111
read:
144
read:
46
write:
1
34 110
read:
8
read:
34
write:
8
34 90
51 77
131 46
145 30
125 24
65 106
87 36
139 12
write:
2
23 9
128 29
write:
2
19 22
134 61
read:
81
write:
1
74 11
write:
10
57 147
81 131
64 50
138 20
51 141
113 5
51 7
90 36
125 93
70 141
write:
8
56 84
121 111
42 30
13 22
112 33
55 37
17 52
99 28
write:
3
14 90
19 43
104 139
write:
4
88 49
34 104
18 5
70 49
write:
5
82 4
113 55
136 18
57 142
100 108
write:
9
133 93
35 119
68 116
11 105
28 14
81 86
70 66
71 28
113 137
write:
6
89 2
132 85
108 129
56 27
127 9
79 100
read:
148
write:
8
85 10
24 113
56 135
36 28
79 39
100 121
74 135
42 11
read:
60
read:
11
read:
27
write:
9
30 53
147 75
88 137
37 44
101 78
122 110
132 133
145 141
81 51
write:
1
142 82
read:
113
read:
55
write:
4
91 120
87 147
136 148
11 124
read:
59
read:
137
write:
10
10 6
5 14
8 8
133 72
67 50
7 135
138 120
27 127
48 68
79 86
write:
3
34 6
1 89
121 32
read:
93
read:
11
read:
92
write:
2
122 132
126 31
read:
34
read:
47
write:
9
128 50
7 99
88 128
38 106
139 136
108 89
75 35
103 66
147 139
write:
5
62 25
110 140
33 132
147 135
33 126
read:
9
write:
5
141 3
82 6
104 35
55 5
146 100
read:
2
read:
145
read:
53
write:
10
42 55
4 65
124 27
77 111
94 25
110 30
36 118
25 80
3 13
27 89
read:
83
read:
24
read:
100
read:
146
read:
98
read:
17
read:
87
write:
9
40 121
49 46
81 63
18 77
8 50
145 19
47 21
24 33
119 91
write:
2
109 65
82 11
write:
8
81 69
98 105
16 77
40 145
45 135
81 76
84 52
114 109
write:
6
66 110
4 148
41 119
20 1
89 143
124 38
write:
4
115 127
143 118
4 76
131 134
write:
7
34 66
142 81
138 104
25 142
112 145
45 37
94 29
read:
13
read:
72
read:
60
read:
46
write:
4
111 7
144 37
21 17
143 49
write:
6
141 64
125 10
126 143
22 11
15 38
96 135
read:
30
write:
2
140 115
32 3
write:
1
96 105
read:
8
write:
7
46 65
91 112
123 98
46 30
140 81
132 95
93 69
write:
6
75 3
142 56
136 130
41 26
75 130
104 87
read:
5
read:
60
read:
36
write:
1
69 148
read:
40
read:
44
read:
50
read:
132
write:
6
103 22
103 28
113 138
121 58
132 109
119 13
read:
74
write:
10
20 142
23 21
46 139
148 29
141 76
19 78
84 115
17 129
50 142
32 118
read:
41
read:
37
write:
1
82 103
write:
4
50 126
101 106
137 68
53 111
read:
116
read:
138
write:
4
7 47
17 147
107 14
101 61
read:
141
read:
2
read:
110
write:
7
94 42
112 118
102 23
103 126
144 34
69 55
22 118
read:
74
read:
122
read:
34
read:
59
write:
2
97 79
87 111
write:
4
7 98
139 71
66 112
126 37
read:
19
read:
65
read:
142
read:
139
read:
37
write:
10
24 76
55 67
61 55
92 147
44 37
76 94
98 81
83 68
41 15
113 2
read:
109
read:
104
write:
6
63 65
57 44
121 11
35 118
49 75
59 16
write:
3
125 38
134 121
40 110
write:
2
127 69
88 72
write:
9
79 81
72 52
139 29
137 39
139 58
61 143
129 25
92 45
44 19
write:
2
51 53
54 94
write:
1
1 92
write:
10
58 29
40 51
27 41
103 109
96 132
67 106
18 125
32 108
118 102
60 44
read:
90
read:
29
write:
5
114 44
129 35
148 58
77 42
22 79
read:
148
read:
142
read:
11
write:
10
19 128
143 130
146 83
138 7
29 60
105 103
103 10
15 77
42 92
45 79
write:
6
49 117
8 5
10 131
58 18
66 81
35 17
write:
7
33 129
94 72
56 41
115 107
94 16
145 128
120 1
read:
114
write:
8
54 57
63 115
146 3
127 58
15 97
43 66
29 146
117 23
read:
142
write:
6
129 122
95 26
63 9
80 124
46 124
124 95
write:
2
71 101
132 73
write:
2
102 32
10 100
write:
6
65 135
73 44
61 65
14 138
59 125
39 51
write:
4
58 35
77 47
13 144
69 40
write:
1
127 146
read:
138
read:
91
read:
40
read:
78
read:
78
read:
130
write:
10
93 91
16 112
100 45
121 66
117 8
8 69
28 43
98 16
15 144
148 106
write:
4
30 69
117 99
122 39
50 55
read:
74
write:
9
58 146
79 114
63 66
139 128
105 83
14 45
74 37
58 80
111 117
write:
6
46 63
128 14
75 90
47 147
91 101
12 64
read:
46
read:
59
read:
95
write:
8
28 30
9 93
124 86
51 103
96 60
48 85
91 65
42 144
read:
136
write:
3
49 148
96 29
63 90
write:
3
30 68
77 50
36 81
read:
148
write:
7
98 93
82 11
11 89
143 71
146 41
60 84
140 115
read:
127
write:
6
125 99
108 49
135 122
130 74
110 122
50 41
write:
7
140 70
11 139
89 10
29 77
55 108
113 114
2 141
write:
6
52 141
140 1
137 52
20 132
51 122
68 78
read:
99
write:
1
35 43
write:
5
94 58
90 113
67 1
117 124
140 91
read:
3
write:
5
32 32
9 75
16 110
126 143
127 61
read:
117
write:
8
36 29
141 52
32 145
122 9
42 141
136 112
48 120
9 37
write:
5
92 114
145 39
10 9
147 45
77 106
write:
9
42 21
147 47
124 147
144 55
37 76
140 130
75 54
127 69
32 17
write:
2
36 23
136 49
write:
3
87 28
57 22
142 82
write:
6
122 139
26 21
105 49
61 13
69 8
137 1
write:
6
22 47
113 80
28 91
23 128
45 48
103 68
write:
4
64 56
122 117
90 117
139 98
write:
7
143 41
26 58
121 29
85 12
34 135
55 138
8 96
read:
52
read:
57
write:
10
121 46
112 72
52 124
119 139
38 6
144 76
24 71
144 144
116 80
143 22
write:
2
135 133
132 38
write:
3
113 58
1 126
2 44
write:
1
120 127
write:
2
40 123
72 122
write:
10
79 70
17 136
37 138
55 5
120 122
143 125
96 55
87 91
83 66
148 118
read:
120
write:
5
27 60
66 36
26 53
7 11
79 1
write:
7
74 63
74 124
11 127
71 56
128 18
138 125
126 52
write:
6
135 16
87 41
9 95
120 64
81 30
42 116
read:
118
read:
147
write:
6
84 43
55 8
5 60
74 134
65 144
41 142
write:
2
19 137
42 91
read:
103
read:
147
write:
7
97 48
128 97
49 48
96 127
60 66
141 77
94 14
write:
9
88 126
80 127
64 122
129 119
29 123
103 32
16 119
123 76
82 127
write:
6
53 147
77 26
23 107
31 85
138 105
131 111
read:
52
read:
72
write:
5
72 141
4 146
40 21
92 18
109 3
write:
2
57 124
60 59
write:
3
126 142
92 5
125 31
read:
22
read:
75
read:
15
write:
5
26 52
71 85
117 130
40 98
56 117
write:
7
15 98
87 48
102 63
129 25
73 133
147 75
93 24
write:
8
5 2
100 16
111 56
146 141
123 106
55 13
72 59
141 37
read:
61
read:
62
read:
5
write:
7
120 79
124 5
45 117
130 136
40 19
99 80
5 62
write:
2
22 126
123 106
read:
69
read:
23
read:
139
write:
5
6 116
86 142
114 74
19 118
123 94
write:
2
17 3
140 26
read:
9
write:
5
128 39
47 108
30 27
51 40
106 31
write:
3
46 77
20 26
92 4
write:
6
123 42
67 72
112 5
35 101
123 92
17 115
read:
40
read:
41
read:
81
read:
89
read:
10
read:
131
write:
10
123 95
99 8
84 28
75 59
143 28
75 95
90 110
113 84
145 54
124 19
write:
3
128 61
114 85
126 108
write:
2
2 88
25 61
write:
1
102 101
read:
47
write:
10
20 143
52 119
117 84
101 49
23 65
16 130
40 17
66 41
6 97
33 14
write:
4
101 23
20 4
88 23
134 133
write:
9
55 21
58 99
103 81
71 147
50 136
89 54
98 65
139 61
106 31
read:
124
read:
96
read:
109
write:
5
18 14
126 77
44 49
124 57
110 123
write:
7
1 120
108 39
72 137
17 142
24 71
23 13
84 65
read:
10
write:
7
43 111
147 23
110 31
73 44
134 110
77 98
78 102
write:
3
67 128
41 119
134 112
read:
38
read:
86
write:
4
135 146
1 45
147 147
98 32
read:
55
write:
9
131 24
72 76
46 64
43 62
54 57
73 57
10 79
129 11
33 88
read:
101
read:
35
read:
107
write:
3
49 95
102 109
60 140
write:
9
120 53
47 80
6 117
77 116
132 34
72 100
95 80
97 102
120 78
write:
4
36 96
18 20
28 21
132 64
read:
105
write:
4
5 11
47 31
36 145
104 52
read:
86
write:
3
114 134
5 68
48 124
read:
78
write:
6
92 31
117 65
147 39
17 34
75 137
20 117
read:
148
write:
7
94 53
36 121
7 7
119 3
41 62
147 34
79 132
read:
74
read:
12
read:
41
write:
3
97 70
56 58
92 136
write:
4
58 79
28 9
113 5
33 137
read:
78
read:
71
write:
9
96 104
94 64
69 46
62 59
4 79
123 99
93 103
119 8
133 30
write:
8
10 58
42 75
121 44
41 147
98 63
87 89
146 147
98 2
read:
118
write:
3
110 33
18 79
137 2
write:
2
28 101
129 11
read:
42
write:
10
63 83
109 28
28 106
29 148
21 36
17 39
129 65
92 108
79 140
77 80
write:
6
129 100
115 94
28 141
74 53
14 81
105 88
write:
8
75 123
137 113
122 42
57 135
40 18
19 132
21 133
50 70
write:
1
54 54
read:
54
write:
9
7 110
94 95
49 102
48 12
31 4
52 12
102 46
79 27
99 37
write:
7
55 67
46 115
84 76
59 9
17 116
75 130
122 22
read:
101
read:
121
read:
78
write:
10
22 19
53 134
88 137
59 143
126 73
10 69
15 44
38 38
119 98
93 15
write:
2
108 51
53 57
read:
75
read:
129
read:
27
write:
9
3 95
20 57
113 112
101 42
42 40
77 67
102 2
109 52
4 120
write:
9
123 124
128 142
38 128
38 46
86 83
111 2
128 146
135 70
16 96
write:
5
83 40
90 63
129 117
3 56
85 1
write:
7
142 53
71 136
134 147
117 94
101 73
27 118
12 65
read:
116
write:
1
23 142
read:
25
read:
73
read:
53
read:
79
read:
22
read:
84
write:
2
119 54
132 68
write:
2
144 148
77 125
read:
70
read:
12
read:
127
read:
39
read:
31
read:
53
read:
40
write:
4
100 86
135 51
146 38
128 121
read:
10
read:
6
read:
141
write:
5
85 15
121 105
90 135
118 42
40 39
read:
128
write:
8
109 12
3 110
58 2
137 147
19 126
31 64
28 141
54 97
write:
3
138 100
112 131
108 66
read:
4
write:
2
12 105
117 7
write:
6
102 37
46 122
144 21
42 109
36 16
101 15
write:
5
138 56
101 41
145 27
115 74
3 134
read:
91
write:
7
52 50
123 94
139 135
3 129
10 4
146 39
34 106
write:
6
100 105
113 60
138 78
57 74
139 22
147 75
read:
117
read:
18
write:
4
51 108
28 125
128 121
113 47
read:
39
read:
4
read:
93
read:
46
write:
7
139 78
139 4
56 49
27 48
24 48
85 31
136 108
read:
30
read:
1
write:
6
60 126
2 59
86 123
14 9
47 29
108 57
write:
3
5 131
100 129
95 111
write:
10
99 90
139 27
12 15
27 138
63 33
33 114
131 57
126 99
44 100
94 16
write:
3
133 8
115 74
30 62
write:
10
85 35
100 130
89 132
1 118
15 26
113 124
72 136
8 76
123 143
12 132
write:
8
60 81
119 138
18 110
94 1
27 76
139 122
60 115
71 110
write:
8
125 78
64 116
89 34
94 42
112 31
112 41
6 101
126 108
write:
1
84 64
write:
10
148 144
27 61
60 71
35 96
64 7
129 98
52 126
23 135
24 103
106 50
read:
112
write:
4
25 62
59 4
116 119
53 8
write:
10
131 59
122 29
37 41
36 33
15 93
47 10
98 134
43 133
63 100
71 92
write:
2
32 100
120 22
read:
99
read:
73
read:
122
read:
142
write:
3
30 137
136 133
83 45
write:
10
3 129
147 94
82 110
119 84
128 93
57 64
83 50
121 55
21 30
2 43
read:
116
write:
2
145 96
20 73
write:
2
122 127
143 36
read:
24
write:
6
30 146
19 128
62 60
103 70
29 25
10 51
read:
125
write:
7
48 139
85 66
117 114
46 135
31 115
63 60
59 47
write:
5
7 29
18 146
51 88
130 3
138 51
read:
83
read:
114
write:
9
73 40
100 131
139 50
20 7
80 107
49 7
86 33
115 100
103 37
read:
30
read:
19
write:
6
8 97
44 109
38 48
90 119
97 74
107 129
read:
30
write:
10
79 114
48 125
147 20
42 69
143 90
143 29
140 138
40 122
105 104
43 39
read:
88
write:
2
65 7
74 57
read:
99
write:
8
31 126
96 142
137 111
26 4
13 130
11 62
24 125
45 32
read:
59
read:
104
read:
34
read:
34
read:
65
read:
8
write:
7
72 144
4 11
102 20
1 51
10 61
135 147
119 139
write:
8
54 131
27 114
147 95
7 35
59 104
40 31
10 75
120 46
write:
4
91 15
66 107
141 85
41 46
write:
6
70 72
17 71
86 133
143 55
79 87
30 106
read:
148
write:
6
132 60
95 123
50 102
85 49
145 100
141 98
write:
2
23 52
1 69
write:
4
78 135
22 63
8 32
35 5
write:
2
11 133
74 6
read:
40
write:
5
113 140
23 44
28 56
76 103
119 122
write:
4
9 109
55 53
44 94
8 137
read:
13
write:
2
16 133
135 7
write:
2
82 60
34 117
read:
61
write:
8
62 16
93 146
44 77
125 98
22 114
101 24
137 92
84 114
write:
7
115 106
1 25
7 12
94 79
124 124
113 48
72 96
write:
4
77 21
133 120
50 114
19 117
write:
8
100 120
134 30
55 38
131 41
96 93
6 19
111 101
113 117
write:
5
84 67
114 3
142 120
127 137
8 144
read:
32
write:
10
20 56
90 114
22 105
76 9
63 117
106 108
6 118
38 25
2 52
119 94
write:
5
27 145
34 37
49 131
19 33
65 108
write:
6
28 33
130 27
103 115
132 20
114 138
76 91
write:
7
117 51
38 137
93 66
80 95
46 128
48 64
30 25
write:
7
143 50
130 108
25 133
4 25
38 126
12 49
75 42
read:
26
read:
98
write:
6
45 92
147 88
124 107
76 144
33 105
27 2
read:
122
write:
3
63 13
48 105
134 95
read:
32
read:
96
read:
138
write:
2
50 116
143 87
write:
3
23 48
63 64
69 46
read:
140
write:
5
84 98
121 100
40 35
145 20
17 69
write:
9
64 105
120 102
87 37
53 43
55 87
82 122
79 119
101 123
46 102
write:
1
120 143
read:
78
read:
76
write:
9
107 89
113 89
102 117
46 10
34 13
110 21
37 52
42 24
148 16
read:
69
write:
4
67 114
132 87
8 17
121 71
read:
109
read:
32
write:
3
6 47
100 143
28 37
write:
9
140 35
41 27
68 22
141 15
145 126
142 113
14 119
2 125
126 52
read:
129
write:
10
39 104
72 71
73 143
101 114
136 129
21 52
9 133
141 96
135 112
28 20
read:
25
read:
81
write:
3
24 12
94 42
1 64
write:
9
117 123
36 117
116 9
101 22
11 102
85 52
23 30
137 143
29 9
read:
118
read:
80
read:
43
write:
4
59 28
34 113
138 23
8 11
read:
80
write:
3
58 18
80 28
94 83
write:
8
105 70
8 31
6 35
27 33
128 86
99 59
65 4
81 79
read:
49
write:
3
109 122
42 35
36 111
write:
5
21 77
79 143
66 6
24 130
110 36
write:
5
72 15
56 136
23 45
130 72
63 81
write:
5
34 58
28 84
58 100
100 59
46 79
read:
125
write:
2
89 119
74 146
write:
8
133 113
84 8
47 143
124 13
112 4
133 95
147 76
74 110
read:
76
read:
122
read:
34
read:
32
read:
132
read:
44
read:
57
write:
6
125 143
143 123
30 44
20 17
95 86
115 10
write:
8
68 124
74 119
139 117
28 96
145 114
143 105
50 96
56 112
write:
8
83 16
18 81
60 143
101 82
131 134
12 24
48 73
7 68
read:
85
write:
6
73 39
96 73
60 111
39 92
22 144
33 78
write:
8
58 50
55 80
105 118
86 44
83 57
6 18
99 148
58 103
read:
4
read:
121
write:
9
13 140
20 107
129 67
9 80
141 84
41 45
95 97
23 110
35 15
read:
69
write:
8
55 105
128 116
56 130
47 49
137 112
110 68
147 91
114 84
read:
137
read:
52
write:
10
102 35
108 67
94 46
69 110
116 48
116 82
56 148
135 115
52 140
81 119
read:
37
write:
3
42 146
48 22
17 103
read:
36
write:
6
51 87
41 19
95 59
145 56
81 139
34 137
read:
87
read:
62
write:
9
122 97
128 107
108 97
34 45
6 112
24 98
34 71
105 68
81 50
write:
8
29 16
23 93
37 62
98 113
13 22
46 146
31 126
112 46
read:
63
read:
74
write:
1
100 104
write:
1
137 44
write:
7
109 42
25 59
25 141
84 113
37 29
147 89
73 14
read:
121
read:
37
write:
1
121 134
write:
1
107 10
write:
7
85 104
7 86
117 3
50 80
95 75
100 94
63 37
read:
19
read:
141
write:
10
61 144
138 127
51 119
53 97
91 139
11 63
70 147
115 57
61 94
93 133
read:
5
read:
119
read:
31
read:
92
read:
118
write:
10
128 125
107 103
112 25
31 77
93 46
125 35
61 61
38 4
80 99
102 135
write:
9
61 65
70 26
128 57
64 39
72 98
56 87
18 7
111 75
34 103
write:
3
73 133
68 3
89 113
write:
10
96 127
59 65
69 99
4 120
99 93
142 65
58 135
125 12
34 136
70 13
read:
98
read:
131
read:
121
write:
8
90 16
12 38
120 22
120 4
78 40
138 46
126 99
111 20
write:
8
28 27
48 105
124 91
85 101
107 55
111 118
108 33
85 129
read:
106
write:
7
61 85
51 27
26 97
123 111
105 15
72 59
66 4
read:
35
read:
19
write:
6
29 55
65 22
76 102
134 115
117 3
88 102
write:
3
11 2
14 138
26 114
read:
40
write:
5
142 31
115 84
20 3
6 37
24 8
read:
41
read:
61
read:
80
read:
18
read:
147
write:
3
48 79
36 64
148 103
write:
10
105 78
52 106
126 60
93 88
60 123
123 60
17 123
72 25
80 18
135 84
read:
125
read:
61
write:
2
15 87
112 66
read:
47
write:
5
46 90
140 62
68 74
133 74
52 104
write:
3
97 72
138 86
55 13
read:
29
write:
5
61 115
49 101
64 140
141 1
138 64
write:
6
10 134
80 58
79 67
48 114
101 4
37 72
write:
3
127 59
70 136
101 93
read:
107
write:
8
123 89
22 140
111 140
139 107
140 92
31 132
87 28
36 128
write:
9
132 95
85 110
57 117
99 43
8 128
43 4
27 54
15 13
108 33
read:
24
write:
10
127 51
61 132
53 83
146 92
102 42
84 94
109 68
127 72
58 24
123 3
read:
10
write:
4
2 51
135 19
70 69
107 62
read:
90
write:
8
91 141
87 16
53 110
51 85
75 66
146 35
50 112
142 19
write:
5
37 72
34 8
2 47
47 139
137 137
read:
85
write:
7
66 41
63 7
26 119
49 27
42 48
107 79
64 1
write:
10
40 53
122 90
35 7
47 102
119 144
101 15
26 73
104 98
132 25
63 107
read:
4
write:
2
115 115
74 10
write:
9
130 38
108 143
5 4
83 117
81 80
120 8
98 5
120 126
124 36
read:
13
read:
56
write:
8
38 4
88 104
24 62
23 32
148 80
27 128
27 54
80 32
write:
6
138 61
105 101
139 43
96 50
46 50
23 111
read:
11
write:
3
9 4
28 98
13 31
read:
33
write:
1
17 70
write:
4
38 116
136 27
83 34
142 3
write:
10
3 79
116 91
24 108
40 82
80 116
142 147
102 127
43 109
137 88
32 23
write:
7
71 143
117 35
2 133
78 12
51 143
99 126
40 131
write:
7
71 71
48 112
136 76
35 127
1 38
127 2
121 114
read:
111
write:
1
26 134
read:
118
read:
105
write:
9
58 137
30 78
143 94
144 43
91 3
36 89
55 101
72 12
140 49
write:
5
138 74
121 107
142 23
138 90
126 17
write:
2
124 143
96 110
write:
2
56 40
20 2
read:
84
write:
1
2 24
write:
4
122 81
87 64
148 25
37 133
read:
66
write:
9
16 121
144 143
42 85
109 75
143 6
134 2
105 142
14 132
106 116
read:
85
write:
3
132 82
54 6
107 139
read:
68
write:
3
92 99
13 139
51 59
read:
69
read:
88
read:
109
read:
17
write:
7
76 115
67 93
83 63
60 135
125 18
21 126
65 99
read:
105
read:
62
read:
88
write:
7
113 121
43 35
5 11
9 72
52 137
122 148
14 118
read:
69
read:
75
read:
64
read:
110
read:
48
write:
1
112 46
read:
30
read:
102
read:
2
read:
63
write:
10
128 127
3 51
134 39
60 63
40 10
82 117
80 4
123 75
120 36
6 52
write:
9
42 136
111 106
138 58
118 96
65 37
47 116
43 7
42 42
141 16
read:
18
write:
8
61 62
83 125
117 144
133 79
88 19
84 10
102 49
124 27
write:
9
91 18
34 16
1 145
63 148
73 23
67 25
39 16
102 21
85 135
read:
55
read:
79
write:
3
50 53
45 61
90 2
write:
1
67 146
write:
1
121 141
write:
2
131 72
54 146
write:
5
69 115
57 8
142 88
18 22
55 71
write:
8
148 132
67 122
104 138
136 100
78 54
71 37
103 7
4 83
read:
86
read:
94
write:
8
52 122
26 47
97 114
67 86
66 113
99 32
113 76
123 125
write:
2
94 81
86 96
read:
138
write:
4
145 122
73 73
59 132
2 57
write:
3
133 122
61 126
7 98
write:
6
18 32
23 103
120 95
56 90
75 59
89 136
read:
13
write:
6
80 24
81 115
48 117
120 122
13 55
78 74
read:
101
read:
98
write:
7
87 12
32 104
110 105
5 33
131 135
146 108
141 17
write:
8
61 57
31 142
120 122
13 85
79 106
64 5
82 40
147 1
read:
89
read:
141
read:
146
write:
2
125 85
141 83
read:
82
write:
9
28 24
66 100
2 42
41 80
31 50
86 31
16 60
74 123
22 53
write:
4
54 10
103 133
16 4
11 141
read:
76
write:
4
130 50
132 133
21 36
37 20
read:
118
write:
5
132 103
34 12
22 111
15 35
31 69
read:
36
read:
97
write:
8
120 61
58 60
96 146
97 33
8 9
138 85
106 55
133 50
write:
9
46 6
131 4
57 71
112 99
68 80
18 44
139 44
126 53
55 69
write:
10
52 35
146 86
78 33
126 141
63 3
88 128
14 47
137 42
21 84
110 85
read:
68
write:
5
5 50
1 119
114 102
51 4
37 55
write:
8
12 137
103 37
43 98
133 130
6 104
86 79
23 110
139 35
read:
104
write:
6
91 79
90 106
79 111
24 80
59 8
57 144
write:
4
117 125
86 1
92 106
31 143
write:
9
130 82
111 110
97 85
68 40
57 122
141 71
62 141
41 39
43 64
read:
84
write:
9
85 70
79 75
74 82
2 146
15 5
20 44
102 101
56 126
42 131
read:
108
write:
2
135 52
66 39
read:
132
write:
8
21 76
32 12
68 115
107 142
43 99
122 54
137 95
127 54
read:
48
write:
4
118 53
62 116
71 10
88 140
read:
123
read:
41
write:
4
75 77
106 17
111 108
5 13
read:
111
read:
44
read:
82
read:
87
write:
10
31 56
93 10
72 98
145 52
6 104
125 91
25 12
118 36
126 53
121 72
read:
35
write:
6
104 84
36 78
125 132
89 98
142 94
89 126
write:
10
88 136
139 133
5 77
107 131
62 120
128 87
113 34
31 120
95 23
105 72
write:
4
15 20
52 16
124 121
5 42
read:
125
write:
6
98 44
4 27
88 141
106 141
47 91
58 118
read:
69
read:
59
read:
64
write:
5
119 42
136 63
116 87
98 8
133 61
read:
29
read:
29
read:
146
read:
93
write:
6
42 27
11 74
123 25
106 72
114 18
97 12
write:
1
114 39
write:
1
93 77
write:
9
134 75
139 122
57 75
135 86
48 76
26 78
26 101
50 55
109 106
read:
68
read:
82
read:
76
read:
116
read:
21
read:
33
write:
2
147 42
30 113
read:
114
write:
7
31 109
91 50
27 63
67 42
20 45
104 123
64 66
write:
6
25 3
97 97
97 64
48 108
18 66
64 18
write:
1
32 55
read:
18
read:
119
read:
39
read:
102
write:
5
60 74
86 119
79 13
134 129
74 97
write:
8
100 46
99 116
100 124
95 55
109 132
16 125
30 95
147 59
write:
9
145 111
96 94
67 24
79 59
10 102
56 12
11 125
57 144
89 83
write:
1
30 107
write:
9
27 125
134 135
129 101
48 96
37 130
33 104
114 31
80 89
16 64
write:
1
141 142
write:
2
140 20
110 145
read:
147
read:
20
read:
41
write:
8
53 21
124 11
124 77
58 95
101 44
79 9
97 140
75 122
write:
3
87 30
59 143
119 11
read:
23
read:
139
read:
128
write:
1
48 92
write:
10
12 28
55 48
93 137
101 18
108 57
51 110
36 105
103 50
41 93
86 87
write:
8
70 52
52 19
107 108
114 66
110 57
127 97
133 86
40 89
write:
2
60 142
9 122
write:
8
9 101
61 87
20 98
8 22
51 6
61 102
65 99
83 143
read:
75
read:
26
write:
2
68 122
148 123
write:
10
134 108
111 93
132 50
6 32
143 52
24 87
59 7
41 103
58 94
145 19
read:
41
read:
66
read:
142
read:
96
write:
3
63 86
114 78
43 131
write:
10
119 12
143 75
45 126
3 28
10 126
121 74
73 16
129 60
69 65
93 132
write:
8
81 100
104 39
79 43
137 8
147 105
105 15
118 92
25 85
read:
132
read:
54
write:
8
62 78
51 43
23 132
114 116
44 72
90 85
58 53
127 56
read:
142
read:
30
write:
9
79 22
50 45
85 11
14 71
105 127
44 36
97 76
124 63
19 43
read:
102
read:
78
read:
136
write:
3
74 13
87 104
23 63
write:
2
95 130
44 64
write:
5
82 94
64 120
21 11
31 42
67 9
read:
135
write:
1
87 116
read:
76
write:
9
95 2
111 120
141 6
106 111
86 114
39 118
35 147
35 86
100 133
write:
10
75 25
119 103
55 103
70 1
71 124
31 28
28 123
20 6
63 132
109 145
write:
8
10 64
4 83
66 109
34 41
55 69
14 82
77 101
45 3
write:
7
16 32
64 109
140 95
141 52
126 106
145 84
25 2
read:
83
read:
25
write:
1
39 27
read:
145
write:
3
101 29
39 52
49 85
write:
1
53 48
write:
3
78 118
12 84
127 66
write:
9
101 97
124 36
48 82
1 111
105 86
119 87
33 39
61 28
32 22
write:
5
95 78
138 100
45 34
79 31
89 93
write:
8
128 35
74 69
32 26
28 21
142 4
108 139
56 148
123 69
read:
119
write:
4
129 27
140 79
98 72
134 78
read:
23
read:
52
read:
98
read:
46
write:
10
27 102
142 119
26 85
138 23
7 115
17 45
117 72
75 63
115 114
143 16
write:
3
125 10
123 148
61 37
write:
9
10 74
60 70
33 135
143 78
79 5
80 75
76 127
55 16
34 50
write:
6
46 147
40 10
113 2
117 82
95 8
127 110
write:
1
61 60
read:
22
read:
136
read:
112
write:
4
114 146
5 60
109 2
25 50
write:
10
95 103
93 86
84 114
125 98
131 115
42 54
71 82
2 58
93 13
57 115
write:
1
17 11
read:
45
read:
40
write:
1
32 84
write:
2
109 136
103 114
write:
8
15 93
130 8
62 43
138 69
34 35
104 22
6 8
108 61
read:
136
write:
7
145 110
36 107
54 14
37 27
82 28
29 77
131 140
write:
10
48 73
28 71
8 87
116 87
68 13
60 90
128 9
120 43
73 48
91 114
write:
10
55 56
127 81
6 37
19 72
122 84
92 63
49 19
25 105
63 55
49 106
read:
76
read:
27
write:
3
101 23
72 114
36 53
write:
6
80 102
15 55
105 18
20 8
67 100
6 124
read:
42
read:
41
write:
9
108 59
88 132
53 4
130 14
23 77
72 115
97 58
56 128
97 123
write:
9
102 58
30 4
146 135
86 53
115 53
134 67
145 33
13 12
126 94
write:
10
54 30
112 39
16 63
84 143
2 52
146 101
15 18
127 122
127 45
60 112
read:
83
write:
10
135 132
80 7
64 71
97 55
76 108
95 104
146 113
127 37
14 27
97 106
write:
4
119 53
111 131
53 114
6 81
read:
109
write:
6
31 12
86 25
63 142
24 88
26 40
96 83
read:
20
write:
8
51 57
144 61
72 55
3 118
27 130
108 133
3 54
136 47
read:
123
write:
3
90 85
58 58
98 129
write:
6
104 118
13 79
85 118
54 137
63 119
100 108
read:
44
write:
10
97 125
96 56
34 84
63 111
41 117
3 60
103 48
130 143
7 79
11 50
read:
45
read:
19
write:
4
75 147
37 95
126 66
97 1
read:
66
write:
4
6 31
105 134
147 87
99 94
write:
2
16 35
102 53
write:
9
117 30
64 100
82 67
79 117
18 103
47 61
29 144
101 145
77 99
read:
34
read:
127
write:
9
54 29
62 69
13 98
78 139
53 122
6 21
114 126
26 131
98 39
write:
10
81 119
8 86
117 57
114 101
62 88
83 24
8 53
56 13
125 108
5 148
read:
84
write:
5
75 88
96 126
143 64
107 76
131 85
read:
66
read:
9
write:
10
130 145
1 62
31 28
72 134
81 104
88 66
43 65
126 15
147 33
101 113
write:
4
6 2
58 134
103 15
65 45
read:
78
write:
8
53 141
42 59
106 107
112 119
131 84
37 13
143 42
29 73
read:
85
write:
8
99 83
115 140
139 15
61 128
121 131
25 22
142 42
85 90
write:
4
23 14
130 37
14 24
97 70
read:
2
read:
15
read:
130
write:
7
145 100
119 17
107 39
27 23
88 82
130 127
45 129
write:
3
16 29
101 48
14 134
write:
5
90 86
78 143
38 148
9 123
134 148
read:
30
read:
56
read:
62
write:
7
142 67
71 86
16 79
16 112
118 104
124 22
19 75
read:
118
write:
9
28 92
50 46
137 57
139 92
53 35
69 39
142 10
68 65
50 122
write:
4
137 93
59 104
35 133
59 38
write:
10
10 14
138 136
80 58
103 86
46 40
93 8
53 84
8 2
46 114
68 1
write:
3
82 3
73 114
83 94
read:
12
write:
1
102 12
read:
8
write:
9
46 28
51 37
113 108
141 67
4 30
97 126
148 126
109 140
126 71
read:
57
read:
42
write:
3
60 30
11 107
91 26
write:
10
35 138
19 65
22 36
14 135
114 32
72 148
2 83
136 70
10 27
27 124
write:
6
52 42
129 76
10 44
27 59
115 4
16 122
read:
48
read:
82
write:
10
141 19
30 25
129 18
111 41
8 52
80 37
96 80
54 42
79 102
43 129
write:
2
7 37
101 137
read:
99
read:
57
write:
2
7 3
23 13
read:
100
read:
2
read:
88
write:
3
86 140
135 146
85 80
write:
2
96 118
47 134
write:
10
7 141
94 124
134 64
40 89
22 53
134 57
108 93
6 116
42 39
46 97
read:
91
read:
71
read:
64
write:
6
120 3
37 17
139 65
88 137
133 3
35 112
read:
147
read:
24
write:
8
11 41
66 74
33 53
80 69
24 110
22 48
71 111
57 115
read:
136
read:
113
write:
6
2 109
67 70
12 16
145 4
36 102
63 27
read:
84
read:
38
write:
6
140 99
142 61
100 112
142 128
117 109
144 37
read:
14
read:
119
read:
30
read:
16
read:
90
read:
14
read:
27
read:
120
read:
37
read:
78
write:
9
72 45
107 120
128 123
80 86
127 22
95 34
74 86
61 148
80 143
write:
10
133 148
64 35
12 37
38 65
45 64
65 66
71 81
121 29
141 8
91 109
read:
43
write:
9
66 42
50 67
89 116
74 132
110 108
145 92
88 107
1 148
121 53
read:
122
read:
6
read:
83
read:
112
write:
5
83 131
90 67
140 119
37 144
133 80
read:
22
write:
9
76 52
87 105
61 35
125 54
50 111
3 83
139 24
2 72
125 59
read:
16
read:
86
write:
1
53 2
read:
48
read:
119
read:
50
write:
3
123 114
100 101
120 132
write:
4
68 71
20 130
13 146
103 4
write:
3
45 127
94 148
29 55
read:
86
read:
14
read:
41
write:
5
102 132
105 50
16 130
81 141
14 116
write:
3
130 16
22 20
3 70
read:
70
read:
106
write:
2
113 42
17 53
write:
4
96 59
1 46
4 2
77 139
write:
2
1 43
67 54
read:
27
write:
1
115 104
read:
145
write:
10
44 41
22 141
7 48
59 33
4 148
81 125
52 58
120 138
115 3
40 61
write:
2
50 6
10 12
write:
2
125 81
14 5
read:
6
read:
137
read:
89
read:
49
write:
4
6 27
130 144
46 74
117 136
write:
7
60 20
77 61
91 28
145 123
97 126
74 6
15 81
write:
1
72 100
write:
6
57 77
52 65
106 67
56 108
56 54
8 118
write:
4
138 31
80 54
130 11
104 141
read:
62
read:
114
write:
10
91 84
86 49
8 121
57 3
8 109
129 58
135 29
102 75
9 50
80 3
write:
3
144 130
107 23
79 95
read:
143
write:
3
140 20
127 7
129 50
write:
2
135 143
116 32
write:
3
144 1
1 134
96 61
read:
14
read:
75
read:
95
write:
3
33 102
8 130
89 18
read:
24
read:
40
read:
71
write:
2
81 52
130 66
read:
144
read:
4
read:
85
read:
36
read:
11
read:
141
read:
105
write:
8
63 95
1 118
69 36
72 148
63 3
134 19
122 61
140 85
read:
38
write:
5
43 81
25 39
82 70
86 42
106 107
write:
10
129 38
19 29
12 63
71 123
104 115
70 123
97 13
63 140
63 98
17 88
read:
35
write:
3
130 75
69 63
2 112
read:
139
read:
143
write:
4
71 9
90 17
102 107
69 103
read:
113
read:
82
write:
6
50 69
146 74
48 53
45 69
86 107
22 117
write:
6
13 67
53 13
9 16
85 94
3 9
127 51
read:
85
write:
3
57 128
30 102
86 27
read:
57
read:
106
write:
9
101 59
32 56
31 83
80 107
18 78
16 137
11 40
14 140
40 84
write:
9
129 38
58 83
109 13
112 98
112 23
83 146
29 32
104 24
41 100
read:
93
read:
49
write:
6
107 9
134 132
30 108
10 143
133 79
98 87
write:
8
75 134
14 65
22 119
50 111
139 141
28 129
102 12
11 140
read:
59
read:
120
read:
7
write:
3
16 57
42 77
81 101
read:
43
read:
51
write:
8
111 95
13 137
51 85
88 89
137 51
106 90
44 93
31 119
write:
9
77 32
92 107
61 1
105 38
128 5
119 72
34 69
112 98
74 125
write:
3
46 126
37 68
95 30
read:
40
write:
4
66 7
41 24
22 76
143 6
write:
3
63 105
30 121
21 76
write:
10
58 51
145 109
24 95
59 144
147 129
131 33
111 59
63 50
62 59
29 43
read:
54
read:
2
read:
27
read:
33
read:
34
read:
101
read:
6
read:
132
write:
4
117 29
48 26
40 56
115 23
read:
81
write:
7
35 35
121 29
119 8
71 27
130 106
33 10
114 83
write:
5
13 118
62 58
97 49
101 65
39 119
write:
5
54 47
70 84
127 99
77 113
118 125
write:
5
128 83
95 99
138 101
85 112
71 7
write:
4
82 77
30 120
125 109
142 63
write:
5
15 70
134 54
7 57
75 136
50 79
read:
62
write:
8
24 36
90 67
65 116
83 135
103 97
128 8
108 57
79 26
write:
1
125 52
write:
8
19 10
142 24
40 29
89 77
136 95
145 53
104 101
85 38
read:
10
read:
61
read:
113
write:
4
101 29
88 62
97 47
144 59
read:
45
write:
3
16 35
6 119
77 68
write:
7
64 87
103 100
122 127
7 144
96 134
13 125
1 49
read:
25
read:
21
read:
80
write:
7
131 26
69 1
133 78
74 95
64 30
36 108
83 140
write:
1
133 62
write:
9
99 124
100 42
148 71
69 14
74 72
93 111
140 106
146 15
19 26
write:
4
110 10
22 147
78 24
102 46
write:
4
118 87
147 81
148 26
136 5
read:
126
read:
137
read:
87
read:
42
read:
17
read:
100
read:
117
read:
11
write:
7
137 101
66 44
79 5
62 5
12 95
109 4
97 22
write:
10
138 80
21 38
75 14
3 39
60 97
118 11
45 58
122 35
49 125
36 51
read:
70
write:
9
16 36
5 95
138 117
88 104
110 129
84 35
78 143
132 147
84 64
write:
7
36 134
30 18
19 124
75 20
28 83
71 36
129 21
read:
3
write:
3
84 68
17 15
16 109
read:
6
write:
1
89 56
read:
65
read:
131
read:
50
write:
8
120 77
125 63
1 64
52 52
67 59
113 39
64 109
82 76
read:
143
write:
3
20 97
15 58
26 14
write:
6
121 25
46 13
46 68
89 102
115 7
24 41
write:
2
111 71
140 19
write:
4
92 61
135 117
5 9
119 14
write:
2
7 13
88 46
read:
38
read:
123
write:
2
75 35
99 146
write:
6
91 120
46 42
8 94
21 6
74 2
13 28
write:
5
54 26
136 1
118 70
76 99
102 133
write:
8
106 140
54 10
43 118
131 4
136 3
44 66
18 99
71 86
read:
33
read:
71
write:
6
94 67
53 8
134 85
22 105
109 34
4 118
read:
22
write:
9
28 129
56 140
47 1
135 77
3 20
109 90
29 126
38 147
143 74
read:
35
write:
3
19 112
145 117
135 85
write:
9
139 117
90 76
44 2
96 99
58 111
25 30
112 108
135 6
67 1
read:
31
write:
2
114 20
3 124
write:
4
39 54
75 55
65 19
101 96
write:
7
98 25
97 62
140 48
2 122
3 26
106 129
29 53
read:
140
read:
101
read:
19
read:
148
read:
96
write:
9
144 82
13 32
69 115
89 148
99 79
137 48
66 127
67 127
54 23
write:
2
37 2
91 46
write:
9
22 116
111 71
81 129
98 75
108 12
103 129
85 77
106 20
17 103
write:
6
37 26
48 108
115 26
136 116
120 1
28 85
read:
39
read:
68
read:
13
read:
137
write:
3
67 120
33 71
58 41
read:
15
read:
141
read:
85
read:
85
write:
2
39 40
93 74
write:
1
78 81
write:
5
79 65
146 128
68 18
143 69
122 132
write:
6
50 32
31 49
52 15
11 59
5 116
60 10
write:
10
57 116
144 144
26 28
47 5
47 82
146 127
121 22
34 60
24 55
124 9
read:
43
read:
94
write:
4
6 90
31 141
10 128
100 102
read:
60
read:
35
read:
99
read:
42
write:
3
1 19
31 20
61 110
write:
1
126 59
read:
58
read:
138
read:
145
write:
8
9 122
71 141
125 28
24 93
40 146
48 136
47 129
140 81
read:
36
write:
7
125 11
109 82
22 85
93 122
82 105
93 125
130 65
write:
7
89 127
35 94
46 51
76 95
110 135
146 40
40 77
read:
137
write:
1
89 16
write:
5
8 70
105 133
74 64
52 117
142 11
read:
123
read:
28
read:
46
read:
25
read:
124
write:
5
146 25
123 18
4 148
36 21
95 80
read:
130
write:
2
61 120
28 41
write:
2
85 118
29 31
write:
3
55 89
18 10
34 112
read:
54
read:
103
read:
107
write:
6
26 91
15 64
78 147
128 19
67 22
80 142
read:
95
write:
1
15 24
read:
9
write:
1
2 41
read:
86
write:
8
82 145
62 147
60 136
38 103
34 82
94 13
101 127
92 26
read:
104
write:
1
33 35
write:
6
4 21
43 107
143 134
110 113
3 128
36 45
write:
6
21 72
83 80
61 21
131 84
85 72
39 26
write:
5
4 136
61 100
4 76
27 71
32 14
write:
1
100 15
write:
6
122 127
82 106
58 120
84 33
110 128
22 137
read:
29
read:
102
write:
1
34 7
read:
46
write:
9
34 129
123 49
4 48
145 2
47 125
113 79
59 96
31 100
109 94
write:
6
77 82
37 78
15 148
90 79
129 141
87 89
read:
30
read:
139
read:
2
write:
2
77 129
54 98
write:
2
82 86
16 111
read:
62
write:
5
32 5
110 99
19 101
125 54
74 8
write:
9
82 129
31 78
144 116
51 75
75 38
65 53
145 112
71 129
58 145
read:
60
write:
6
9 137
22 31
42 20
23 10
133 9
127 85
write:
7
88 23
55 115
89 76
144 140
111 69
110 27
108 75
read:
91
write:
9
106 38
144 58
94 138
21 68
3 146
47 79
33 115
135 141
14 89
read:
121
read:
50
read:
79
read:
102
read:
5
read:
52
read:
136
read:
102
write:
9
44 92
148 138
16 77
112 25
8 76
20 58
102 23
99 114
54 38
write:
7
53 98
67 89
134 124
82 81
101 147
50 21
33 101
write:
8
85 77
122 1
87 27
21 92
14 57
137 38
98 22
43 54
write:
1
36 96
read:
31
write:
5
99 129
81 51
28 44
105 65
133 125
write:
10
111 49
138 55
19 91
107 106
21 39
142 38
124 7
120 45
28 5
133 144
read:
131
read:
33
read:
112
read:
33
write:
5
103 126
139 126
90 102
50 117
55 126
read:
16
write:
2
2 127
145 1
read:
1
write:
2
23 28
46 14
read:
43
write:
8
8 27
138 123
113 23
73 73
96 130
86 25
103 79
82 98
write:
6
41 71
4 91
90 148
58 111
58 66
147 22
write:
5
126 53
138 110
108 95
92 140
102 20
read:
46
write:
5
66 60
132 37
97 133
130 146
19 124
read:
64
write:
2
9 80
110 61
read:
39
write:
4
107 109
46 104
44 54
21 66
write:
3
4 102
36 14
10 41
read:
11
read:
36
write:
1
93 73
read:
69
write:
1
110 3
read:
140
write:
5
32 35
64 34
1 37
122 5
113 126
read:
6
write:
9
7 140
89 94
87 81
48 20
47 75
77 53
137 140
70 99
102 26
read:
86
read:
8
write:
10
5 90
101 132
124 32
54 121
139 128
33 49
59 101
117 12
57 78
57 3
read:
120
read:
5
read:
55
read:
101
read:
135
read:
68
read:
69
read:
6
write:
1
117 38
write:
9
89 129
51 57
20 10
69 66
143 10
70 118
25 77
57 27
136 103
write:
5
53 134
31 6
18 40
82 148
99 73
write:
10
138 103
58 35
131 102
133 144
98 85
97 6
34 111
12 135
78 138
43 123
write:
2
50 52
67 29
read:
41
write:
3
91 8
75 14
61 127
write:
8
70 27
106 39
69 69
92 50
134 13
94 6
62 42
43 130
read:
60
read:
67
read:
67
write:
8
127 59
54 145
112 77
23 87
48 45
143 2
8 17
3 128
write:
10
52 42
41 24
38 37
53 139
86 5
145 121
3 57
71 15
8 28
6 8
read:
10
write:
2
80 49
38 4
read:
96
write:
3
58 86
136 6
134 34
read:
41
read:
91
write:
4
16 83
89 144
7 5
91 112
write:
4
109 43
46 148
63 74
51 92
write:
4
86 67
9 77
106 61
92 142
write:
4
3 18
49 33
115 23
96 42
read:
110
write:
10
101 4
65 133
117 134
6 21
104 122
66 82
37 84
131 128
70 25
109 113
write:
8
100 72
2 125
12 64
54 143
29 119
44 82
20 47
27 112
write:
2
80 56
51 52
write:
6
54 135
141 15
82 29
122 97
143 67
82 133
read:
128
write:
8
41 25
8 73
21 47
126 107
146 89
25 88
49 66
58 86
write:
7
147 106
70 26
133 71
28 69
71 81
148 85
105 70
write:
5
2 84
9 118
86 90
140 112
58 126
write:
4
82 57
92 66
66 74
30 46
write:
10
116 9
11 16
109 34
11 88
89 128
39 39
44 96
148 17
25 104
130 82
read:
135
write:
7
39 103
67 145
8 104
15 17
20 131
85 22
36 136
read:
117
write:
5
116 115
52 86
43 7
139 51
106 42
write:
2
148 130
83 31
read:
107
read:
35
read:
138
read:
114
read:
5
write:
10
61 142
40 57
63 85
146 98
83 116
33 30
71 56
16 41
68 55
84 14
read:
41
write:
3
68 119
88 47
43 110
read:
146
read:
31
read:
53
read:
73
write:
4
77 64
98 30
72 108
65 69
read:
93
write:
9
17 70
115 12
51 107
36 57
42 89
4 29
51 91
94 82
69 45
read:
26
write:
8
44 33
8 29
45 71
146 100
49 29
19 128
86 97
114 122
write:
6
72 27
116 90
130 142
105 94
126 50
99 70
write:
10
127 41
146 77
102 89
54 107
128 102
114 142
104 93
86 80
50 29
73 135
write:
3
88 6
107 122
3 64
write:
8
99 31
115 103
45 76
27 43
95 72
49 39
37 83
30 94
read:
79
write:
10
43 2
109 6
76 44
2 116
52 62
84 11
83 3
14 107
11 120
140 110
read:
51
read:
3
write:
2
96 58
124 1
write:
5
31 96
4 48
76 147
125 47
61 38
write:
8
65 23
7 57
27 4
127 29
59 59
68 1
17 120
42 78
write:
8
120 75
107 99
91 4
107 121
110 53
31 144
89 95
113 33
write:
9
74 81
130 125
38 103
82 35
71 115
14 18
119 137
28 58
140 12
write:
6
129 6
125 70
137 86
27 136
49 46
10 61
read:
142
write:
9
23 30
61 102
110 128
121 120
32 41
137 23
83 27
104 23
105 72
read:
81
write:
8
80 100
139 101
15 119
105 142
44 57
65 123
78 123
102 109
read:
118
read:
115
read:
72
read:
140
read:
135
write:
6
73 90
51 136
36 80
77 6
119 33
140 70
write:
5
86 96
100 124
80 3
17 46
103 119
read:
29
read:
23
write:
9
33 32
130 46
79 68
59 36
111 58
55 91
69 120
44 96
3 115
write:
4
138 121
101 8
51 39
46 101
write:
4
6 91
26 130
75 84
40 25
read:
96
write:
10
33 89
97 82
87 61
59 109
134 148
146 74
125 120
124 50
107 59
63 68
read:
102
read:
131
write:
4
103 106
88 133
148 104
53 13
write:
8
18 23
69 30
80 143
21 22
133 14
134 64
148 143
146 50
read:
51
read:
72
write:
4
9 53
8 65
12 20
80 129
write:
9
117 95
63 76
25 16
89 94
122 57
119 125
92 69
92 76
119 60
write:
3
139 7
33 79
39 127
write:
9
107 129
144 14
127 57
13 66
144 5
106 119
8 103
115 23
90 126
write:
1
65 147
write:
3
41 138
60 141
126 144
write:
7
142 145
143 133
7 39
59 37
81 122
12 110
102 87
write:
7
67 30
52 104
65 142
95 39
9 140
124 110
128 4
read:
76
write:
2
59 2
52 100
read:
54
write:
8
123 2
80 47
124 25
96 6
68 48
77 94
95 18
63 68
write:
9
50 18
18 33
27 46
24 101
125 14
85 96
20 54
11 64
79 63
write:
3
115 90
11 129
144 127
read:
56
read:
51
read:
127
write:
6
148 57
89 88
29 70
133 34
58 144
88 96
read:
126
write:
5
62 1
143 29
9 128
31 24
26 78
write:
5
99 17
61 89
42 14
114 5
16 17
write:
8
113 98
55 105
42 64
90 84
64 123
67 98
126 110
9 88
read:
127
read:
37
write:
1
65 81
write:
9
104 55
53 70
7 41
125 23
20 23
66 104
130 124
31 28
148 21
write:
8
79 87
16 143
5 83
123 78
127 54
129 78
141 90
33 57
read:
91
read:
91
write:
7
82 116
43 134
133 113
82 46
20 33
66 74
46 122
read:
17
write:
5
119 38
9 124
30 58
16 63
94 94
write:
4
139 49
108 135
49 146
3 109
write:
10
40 58
122 26
53 95
80 25
113 145
111 34
68 95
28 19
107 122
74 5
read:
107
read:
41
read:
11
read:
10
write:
8
121 95
21 103
120 113
145 36
30 144
130 121
136 37
1 113
read:
56
read:
73
write:
4
86 43
62 26
9 137
118 69
write:
3
119 134
13 84
51 26
write:
4
105 129
128 78
138 57
126 29
read:
108
read:
116
read:
50
read:
25
read:
123
write:
4
121 48
1 47
97 144
39 18
read:
133
write:
3
46 31
3 25
22 95
write:
2
131 143
28 143
read:
56
read:
43
write:
9
10 74
43 27
24 90
48 122
131 11
43 83
67 40
66 71
45 64
write:
4
90 134
57 8
91 90
85 61
read:
125
read:
131
read:
124
read:
46
write:
1
34 22
write:
9
112 79
104 105
34 48
7 62
68 73
59 2
38 48
81 62
78 80
read:
28
write:
1
52 9
read:
146
read:
141
write:
4
110 60
9 54
125 132
68 59
read:
34
read:
21
write:
7
4 67
147 44
128 108
8 59
93 31
72 54
113 85
write:
5
4 32
118 125
33 138
134 65
109 43
write:
6
115 95
103 37
91 126
8 19
144 79
42 115
read:
117
write:
10
128 29
75 27
139 92
142 123
96 72
107 14
112 70
113 30
146 109
7 95
write:
6
77 35
32 137
16 148
21 37
55 103
12 144
read:
136
read:
10
read:
78
write:
7
98 143
57 37
141 4
4 8
20 110
65 127
147 116
write:
7
8 133
146 25
24 138
130 21
142 56
55 75
34 44
write:
9
69 37
4 108
129 13
52 52
27 118
102 113
27 143
62 75
105 94
write:
4
114 25
44 2
126 71
140 72
write:
9
25 95
125 133
17 117
42 51
17 88
6 107
119 118
57 25
89 16
read:
36
read:
2
read:
89
write:
4
131 63
124 30
1 85
33 140
write:
2
109 91
18 9
read:
138
read:
44
read:
78
read:
139
write:
7
14 35
79 19
100 126
135 117
54 104
58 105
117 69
read:
14
write:
9
90 109
53 62
45 11
136 86
52 49
111 35
24 76
25 79
12 147
write:
3
107 106
66 112
16 110
write:
1
145 98
write:
3
140 15
148 88
88 53
read:
87
write:
3
72 108
135 66
110 43
write:
3
31 31
14 65
13 89
write:
1
55 11
read:
51
read:
85
read:
64
write:
6
127 67
1 122
104 126
30 123
50 50
69 19
write:
10
66 83
130 86
47 136
125 33
140 43
48 147
41 2
75 77
104 71
117 25
write:
9
38 119
104 10
39 75
109 141
65 117
113 77
34 34
61 110
146 70
read:
57
read:
116
read:
93
write:
5
1 63
117 148
68 46
54 101
14 114
write:
9
118 124
97 63
53 1
122 36
121 40
42 106
56 3
78 38
6 108
write:
6
103 30
12 118
19 9
50 112
52 71
71 41
write:
2
57 95
76 45
read:
13
read:
101
read:
135
read:
53
write:
5
12 6
29 46
26 85
58 25
87 89
read:
121
read:
31
read:
20
write:
4
71 3
34 27
22 53
130 86
read:
86
write:
6
17 124
69 70
146 23
7 66
30 96
98 112
read:
126
read:
72
write:
6
22 142
144 97
107 40
21 128
65 88
10 17
write:
7
32 95
105 131
99 119
66 135
10 70
97 145
95 73
read:
81
read:
51
write:
6
89 72
35 89
51 14
3 9
9 53
72 29
read:
109
write:
9
90 116
88 14
138 114
83 94
22 115
51 4
48 128
19 47
62 132
read:
138
read:
123
write:
7
10 30
45 133
143 83
130 104
60 133
66 14
120 4
write:
5
68 102
87 57
45 44
65 88
81 144
read:
130
write:
10
72 125
10 40
77 31
104 130
102 61
11 58
28 46
15 112
3 121
16 80
write:
3
137 80
58 100
51 116
write:
6
107 77
97 114
40 81
100 132
80 87
47 6
write:
8
116 63
11 94
112 26
114 18
43 97
30 60
69 142
30 112
read:
33
read:
1
write:
2
142 102
25 134
read:
106
read:
6
read:
38
write:
10
131 103
70 113
21 15
23 124
85 69
1 105
63 69
116 69
70 72
27 31
write:
7
131 120
55 36
52 69
102 138
52 105
31 75
63 91
write:
7
86 131
44 113
55 132
36 116
128 54
54 141
74 36
write:
7
118 99
31 120
78 6
8 102
146 59
30 16
65 32
read:
6
read:
128
write:
4
58 108
39 96
104 18
130 70
read:
108
read:
43
read:
3
read:
82
read:
123
read:
48
write:
4
111 4
99 129
148 87
121 11
write:
4
23 126
35 88
129 10
38 93
write:
7
28 127
13 28
110 35
67 111
53 135
93 8
138 122
read:
34
read:
53
read:
50
write:
2
73 23
94 75
write:
5
73 107
40 134
20 35
74 137
16 135
read:
4
read:
56
read:
77
read:
61
write:
9
30 57
1 142
139 72
63 113
24 9
102 148
87 78
63 128
139 87
read:
135
read:
117
write:
8
16 78
127 47
8 135
22 12
14 34
18 47
9 9
39 51
write:
7
54 144
19 49
146 23
53 77
118 57
92 80
89 112
read:
136
write:
8
64 25
60 145
31 2
129 52
116 100
42 18
35 113
10 131
write:
10
7 126
85 8
39 124
115 90
51 97
133 145
135 110
138 93
55 118
124 121
read:
48
write:
4
145 55
147 77
134 3
36 56
read:
114
read:
141
read:
111
write:
1
108 35
write:
3
92 18
43 107
92 147
write:
1
138 101
write:
3
109 40
102 66
118 91
write:
3
132 25
53 77
137 103
write:
8
68 143
81 12
43 114
113 38
128 39
58 46
133 89
34 73
read:
118
read:
2
write:
9
135 116
54 22
56 68
55 77
112 45
89 131
100 127
55 44
22 107
write:
5
7 135
76 50
25 105
78 2
59 123
read:
77
write:
6
8 62
38 8
46 107
113 114
84 95
26 28
write:
4
73 39
17 34
13 139
26 28
write:
4
116 5
52 18
65 113
125 46
read:
34
read:
59
read:
3
write:
2
44 81
19 29
read:
4
read:
134
read:
50
read:
31
write:
7
128 56
56 24
58 85
64 143
18 117
124 134
136 63
read:
134
read:
64
read:
11
read:
60
read:
90
read:
46
read:
19
write:
1
110 102
write:
3
137 147
64 28
95 49
read:
117
read:
27
write:
5
37 52
60 53
18 99
142 6
4 41
read:
25
read:
65
read:
113
write:
6
146 130
115 139
104 140
99 77
12 47
8 31
read:
146
write:
9
24 140
37 23
16 64
42 106
50 101
88 147
6 108
50 9
127 59
write:
7
121 73
62 90
48 105
105 25
114 79
43 98
8 110
write:
5
21 104
78 104
99 100
10 136
106 138
read:
113
read:
18
write:
3
8 7
141 77
70 142
write:
10
26 80
84 22
117 37
17 44
138 72
132 56
51 74
28 27
141 49
139 32
read:
8
write:
2
39 91
69 86
read:
103
read:
86
read:
70
write:
1
61 46
read:
7
read:
116
write:
10
1 15
99 105
132 135
128 29
23 31
57 70
146 118
147 122
13 60
107 13
write:
3
134 87
128 134
15 145
read:
15
write:
1
79 90
write:
7
6 29
130 27
143 50
63 65
19 122
110 123
34 94
read:
1
write:
10
69 41
77 146
18 99
136 132
53 147
89 66
75 14
133 51
109 39
42 52
read:
66
write:
6
95 122
81 19
91 36
104 111
40 117
148 16
read:
90
write:
10
131 70
144 129
63 13
61 67
104 78
29 140
14 125
23 110
128 85
70 110
write:
7
25 105
124 146
67 140
91 7
52 13
100 136
63 74
read:
60
read:
115
write:
10
13 78
53 147
25 73
66 42
82 75
42 72
91 100
17 138
25 40
148 15
read:
2
write:
5
53 66
128 13
21 80
72 127
58 133
read:
91
write:
1
146 87
read:
77
write:
2
120 107
109 103
read:
107
read:
26
read:
88
read:
92
write:
2
1 26
39 118
write:
7
116 23
107 7
30 95
106 140
10 113
91 57
83 4
write:
9
123 22
148 58
20 70
36 106
30 129
97 136
33 85
143 90
23 4
read:
66
read:
131
write:
10
132 37
2 89
43 82
101 37
10 124
148 63
17 75
34 10
11 27
35 90
read:
69
read:
29
write:
4
11 110
93 146
39 95
107 45
read:
130
write:
4
30 14
93 14
96 92
31 55
read:
28
read:
75
read:
20
write:
4
12 97
83 72
70 148
18 138
write:
7
12 148
75 110
82 94
32 40
114 55
99 76
6 107
read:
8
write:
5
33 128
30 146
44 12
101 86
1 105
write:
7
81 72
145 128
26 90
37 76
129 133
30 37
82 23
read:
68
read:
68
read:
91
write:
6
72 38
110 74
17 121
108 93
91 124
94 136
write:
5
129 46
125 70
114 128
50 129
110 10
read:
2
write:
9
120 39
110 130
115 81
79 106
53 74
103 72
59 65
73 75
102 117
write:
4
63 95
12 30
134 54
118 1
read:
81
write:
3
23 101
75 98
42 126
write:
7
47 143
8 117
76 71
60 25
53 86
117 62
60 52
write:
4
46 30
47 9
141 26
50 114
write:
9
109 124
78 81
49 111
83 59
51 5
113 88
18 16
68 113
53 92
read:
87
write:
9
110 111
9 34
56 61
115 121
122 146
71 142
21 62
90 12
130 148
read:
110
read:
93
write:
2
45 23
93 148
read:
85
read:
84
read:
21
write:
9
72 55
115 145
140 122
105 65
91 119
77 90
9 44
147 116
63 114
read:
122
write:
3
97 1
13 54
85 82
read:
112
read:
66
read:
59
write:
6
142 9
135 81
94 88
57 18
44 56
91 56
write:
1
75 61
read:
102
read:
34
write:
3
145 130
145 22
123 137
write:
5
33 42
48 83
73 107
70 43
76 105
write:
8
36 95
129 34
45 69
14 61
66 130
47 87
12 108
56 15
write:
4
62 73
23 78
126 43
30 138
write:
9
77 44
8 59
69 128
35 8
61 71
11 102
97 2
65 41
18 122
read:
34
write:
1
41 128
read:
59
write:
5
18 53
147 81
75 135
93 118
133 148
read:
55
read:
106
read:
112
read:
68
read:
129
read:
147
read:
46
write:
6
112 63
73 66
76 49
99 145
21 123
54 93
read:
16
write:
6
32 15
135 5
136 8
124 23
126 24
131 40
write:
7
35 20
19 102
86 18
128 109
21 61
101 70
86 134
write:
1
113 20
write:
2
148 140
141 146
write:
5
38 138
52 129
71 71
87 25
56 90
write:
2
132 7
85 131
write:
4
95 69
13 45
40 53
9 127
read:
60
read:
29
read:
124
write:
7
77 136
140 115
52 67
46 101
75 45
88 59
50 81
read:
84
write:
3
97 58
129 49
13 93
write:
2
40 132
34 124
write:
6
7 119
134 75
47 42
85 15
141 144
11 68
read:
143
read:
137
write:
8
76 53
94 129
118 80
78 19
28 5
118 102
100 126
101 148
read:
105
write:
5
40 29
45 78
23 13
27 68
53 14
read:
90
read:
9
write:
1
90 95
read:
72
write:
10
62 108
141 16
78 39
46 115
121 122
52 66
143 102
92 9
44 29
22 58
read:
147
write:
6
61 138
50 21
58 57
116 8
87 137
21 107
write:
4
77 79
21 79
26 89
148 30
read:
6
read:
9
read:
59
read:
111
read:
57
write:
10
2 33
31 110
131 2
119 46
82 29
87 40
4 72
50 101
85 72
100 86
read:
33
read:
14
write:
1
19 148
read:
65
read:
96
write:
6
77 71
137 73
142 91
99 144
145 130
109 131
read:
34
read:
40
write:
10
106 10
124 60
133 75
15 3
30 44
102 132
141 51
70 65
29 144
103 81
write:
6
67 51
68 86
22 144
32 89
8 136
44 90
write:
8
99 7
68 5
122 9
101 104
67 41
66 71
103 39
77 110
write:
9
28 131
80 109
19 91
29 86
105 47
16 71
81 130
46 1
18 108
read:
83
write:
2
48 137
51 51
write:
1
88 127
write:
2
111 42
81 26
write:
5
118 37
53 35
31 6
103 39
46 100
write:
3
65 74
91 85
62 114
read:
51
write:
9
144 125
26 111
124 59
76 54
148 68
108 39
124 3
17 50
14 29
write:
7
97 143
57 83
144 4
15 104
102 29
61 31
29 14
read:
112
write:
2
134 111
119 18
read:
133
read:
94
write:
5
6 48
81 113
97 52
99 19
42 99
read:
8
read:
145
read:
72
write:
7
56 2
37 138
7 64
19 109
106 97
27 67
98 147
write:
7
69 39
117 75
93 42
71 19
87 109
147 48
15 46
write:
1
127 48
read:
102
read:
139
read:
37
write:
8
16 85
33 128
14 5
89 86
94 143
73 39
125 5
46 95
write:
4
16 47
64 40
35 32
58 63
read:
3
read:
31
write:
2
83 81
30 71
write:
7
102 135
107 107
86 90
35 75
10 141
139 81
30 118
read:
123
write:
5
142 5
101 21
45 147
137 145
1 109
write:
2
13 43
99 44
write:
6
45 69
75 122
133 141
54 135
60 21
30 23
write:
5
48 30
127 66
128 110
136 126
64 68
read:
17
write:
8
118 46
112 32
47 19
55 101
144 67
39 85
86 122
115 112
read:
113
read:
75
write:
3
58 132
145 69
133 66
write:
8
75 46
13 115
89 102
146 34
109 128
138 10
147 27
1 68
read:
11
write:
1
63 55
write:
3
81 109
99 130
103 77
write:
10
54 90
32 92
10 44
135 94
24 127
12 21
16 140
137 67
25 44
95 86
write:
6
45 120
37 102
72 114
14 5
113 40
75 76
write:
9
60 115
43 61
93 67
52 25
147 86
2 21
100 40
134 136
65 5
write:
8
86 118
100 14
9 59
49 148
101 142
10 46
58 106
141 21
read:
41
write:
3
109 127
1 70
136 93
write:
2
78 106
71 85
write:
10
90 53
65 36
11 26
73 65
139 9
63 56
98 143
42 85
31 46
115 145
write:
9
63 131
52 111
29 80
142 107
50 99
27 55
70 144
137 120
43 88
read:
32
write:
2
44 77
141 43
write:
5
79 91
121 148
30 35
77 54
19 109
write:
4
96 9
43 122
143 56
1 73
write:
1
76 44
read:
141
read:
143
read:
74
write:
9
135 13
138 15
129 28
58 95
18 50
136 80
13 2
45 68
69 67
write:
8
58 76
45 89
95 90
40 32
1 138
41 43
48 81
14 16
read:
50
read:
8
write:
2
13 12
125 31
write:
8
23 123
48 116
74 40
47 36
72 122
73 81
90 136
139 108
read:
106
write:
1
74 124
write:
2
53 112
119 65
write:
3
113 134
67 56
101 130
write:
5
36 35
9 7
57 35
131 136
109 145
write:
1
140 33
write:
9
24 60
56 142
63 123
103 122
103 76
73 45
59 30
145 52
60 130
read:
60
read:
93
write:
10
92 135
119 98
103 143
64 85
16 128
106 136
106 70
37 28
99 125
24 113
read:
37
read:
63
write:
10
84 139
79 127
111 16
94 141
16 80
26 29
131 131
60 138
100 102
83 28
read:
47
write:
10
62 21
14 10
74 53
59 3
11 84
99 29
48 1
66 88
135 5
77 41
write:
4
27 87
92 128
30 12
127 35
write:
2
80 27
55 73
read:
57
write:
8
93 28
67 139
87 4
84 44
33 45
116 92
32 88
103 46
write:
7
87 119
144 23
73 3
118 67
27 107
71 58
60 130
write:
9
34 128
35 145
108 116
129 60
141 61
145 116
9 45
73 106
51 135
write:
6
62 17
125 30
70 26
10 147
93 115
16 113
write:
3
117 135
104 57
128 24
write:
9
13 35
125 63
14 75
84 140
21 94
10 62
62 29
113 58
118 22
read:
17
read:
128
read:
49
write:
2
107 128
22 80
write:
10
68 111
93 146
127 77
60 33
54 133
102 86
83 44
38 135
68 115
70 54
read:
105
read:
113
write:
3
114 133
38 122
15 127
write:
4
104 20
113 60
101 123
92 128
read:
25
write:
9
125 90
16 58
6 41
31 77
23 143
108 107
42 24
55 107
56 38
write:
1
94 62
write:
4
128 7
131 20
51 53
106 94
read:
126
write:
7
112 27
75 143
132 65
49 104
44 141
141 61
81 15
write:
6
16 14
90 111
105 52
48 113
133 25
77 64
read:
62
write:
1
137 128
write:
8
42 34
69 89
34 43
115 54
42 77
23 94
83 84
52 47
write:
8
31 12
137 93
23 68
101 139
122 54
125 63
128 33
123 122
read:
101
read:
41
read:
36
read:
100
write:
8
41 43
82 105
91 24
88 1
85 105
77 21
112 118
44 109
read:
61
read:
56
read:
34
read:
128
write:
3
81 47
46 133
126 30
write:
3
1 44
103 51
129 19
read:
5
write:
6
141 27
69 130
92 42
36 84
142 143
144 113
write:
9
18 115
12 37
31 50
40 69
59 22
92 67
109 18
94 94
14 83
read:
125
read:
91
write:
6
46 107
75 91
86 52
17 80
16 32
102 70
write:
10
78 37
1 45
16 102
70 148
10 12
64 120
123 101
120 5
83 49
63 22
read:
64
write:
9
33 51
147 2
105 116
5 102
134 37
132 83
98 138
114 131
11 70
read:
32
write:
5
57 41
37 80
57 146
61 68
123 93
write:
1
23 29
write:
9
67 80
117 20
134 105
139 144
1 8
141 67
87 49
73 21
122 132
read:
51
read:
12
read:
112
read:
31
write:
7
16 12
5 96
25 47
140 89
3 43
42 110
133 16
write:
5
126 2
91 96
121 105
143 100
57 146
write:
2
109 112
55 65
read:
62
read:
138
write:
2
143 143
119 107
write:
6
90 60
126 53
110 33
78 8
117 121
42 24
read:
117
write:
9
41 63
43 11
115 83
116 139
57 120
15 90
65 61
55 1
140 18
read:
93
write:
9
100 118
145 71
29 59
114 34
10 56
86 37
81 91
85 88
139 2
read:
90
read:
121
read:
73
write:
10
57 33
37 134
115 19
82 83
1 82
134 14
17 13
3 92
147 40
59 55
write:
10
133 141
130 124
119 48
56 42
88 55
1 47
34 142
107 6
11 93
17 139
write:
4
91 27
75 118
114 40
96 144
write:
2
1 19
96 94
read:
140
write:
2
144 120
73 56
read:
63
write:
2
80 51
87 134
write:
1
97 43
write:
4
16 120
93 138
50 29
103 40
read:
25
read:
118
write:
2
79 147
104 25
read:
27
read:
144
read:
29
read:
121
read:
96
read:
113
read:
109
write:
2
32 89
58 77
read:
82
read:
103
read:
110
write:
6
90 80
73 82
39 130
60 122
23 115
138 10
read:
100
read:
11
read:
47
write:
5
140 11
123 130
120 28
87 24
122 2
read:
142
read:
2
read:
75
read:
120
write:
8
59 105
58 33
120 21
143 99
103 17
15 120
125 35
61 99
read:
38
read:
35
read:
112
write:
9
36 117
136 147
14 81
80 63
107 82
95 118
107 104
6 93
23 105
read:
76
write:
3
112 76
46 17
81 62
write:
7
91 92
129 130
29 43
33 35
21 126
34 83
100 34
read:
60
write:
1
147 34
read:
52
write:
10
28 20
143 143
21 43
63 132
52 59
96 71
74 23
88 70
82 35
138 133
write:
6
5 56
2 28
52 135
25 46
26 22
133 94
write:
3
116 147
23 40
104 133
write:
3
4 124
50 55
91 78
read:
134
read:
95
read:
107
write:
6
134 34
109 92
110 54
99 25
131 14
29 66
write:
1
99 115
read:
10
write:
7
35 58
74 39
53 41
80 78
70 3
132 95
74 18
read:
117
write:
9
112 69
91 24
100 84
23 5
36 95
58 110
17 115
89 59
125 19
read:
45
write:
5
90 121
18 48
73 128
71 101
129 62
write:
1
81 34
read:
3
read:
110
write:
9
16 25
88 116
44 16
103 148
17 146
65 128
79 93
143 14
1 38
read:
146
read:
16
read:
117
write:
2
93 89
90 95
write:
8
99 123
92 2
115 26
31 104
108 12
36 62
3 101
8 74
write:
6
52 123
23 57
102 5
9 133
10 113
90 148
read:
61
read:
32
write:
4
5 37
106 22
20 132
79 23
write:
9
57 21
128 144
19 22
141 76
60 61
140 44
50 69
60 148
62 14
write:
3
30 49
98 79
62 4
write:
8
104 68
93 92
70 64
23 103
106 52
98 141
105 99
45 85
read:
113
write:
7
130 6
131 103
93 33
8 41
103 141
105 65
69 14
write:
10
137 95
50 142
67 113
95 1
29 19
142 54
13 104
9 101
32 2
57 135
read:
43
read:
29
write:
7
17 21
126 132
147 85
37 32
51 94
58 127
86 112
write:
8
42 31
104 3
16 46
4 31
54 88
125 66
66 93
54 93
read:
134
read:
66
read:
28
read:
37
read:
33
write:
6
36 68
120 70
17 11
8 106
54 59
90 113
read:
29
write:
8
92 92
75 37
11 64
148 65
109 90
11 132
60 69
23 21
write:
8
29 122
15 25
56 97
90 57
85 45
82 134
144 70
21 49
read:
114
write:
7
124 86
79 144
91 102
80 66
64 59
106 34
143 32
read:
89
read:
67
read:
127
write:
2
81 60
7 37
write:
8
96 133
142 59
6 88
65 27
23 14
70 107
91 145
64 49
write:
7
121 120
25 6
42 123
47 4
54 13
121 95
73 137
read:
56
read:
120
read:
59
write:
5
66 66
70 83
101 27
77 142
82 108
read:
106
read:
71
write:
4
31 49
19 130
45 51
13 19
read:
106
read:
142
write:
4
27 110
99 97
10 54
107 147
read:
64
write:
1
55 43
read:
18
write:
2
50 116
22 81
read:
34
write:
10
138 103
83 121
110 135
19 96
38 135
21 4
30 66
109 136
33 135
4 80
read:
114
read:
101
read:
28
read:
146
read:
16
read:
44
write:
9
52 88
100 139
29 47
115 87
53 107
5 60
62 79
84 106
34 57
write:
9
96 89
88 68
86 90
123 32
66 14
88 61
89 20
77 93
22 90
write:
1
145 95
write:
10
49 53
25 56
60 72
59 144
148 19
16 74
98 51
37 33
125 30
86 80
read:
9
write:
1
109 91
write:
2
73 2
101 14
write:
5
28 57
130 99
129 122
56 11
33 42
read:
72
read:
11
read:
100
read:
58
read:
78
read:
141
read:
125
write:
7
8 79
78 75
33 23
140 92
13 121
109 42
74 9
write:
7
109 2
100 39
50 3
114 118
63 6
130 7
87 78
read:
70
write:
2
113 116
79 119
write:
2
17 24
48 27
write:
2
90 86
115 20
read:
83
write:
5
7 53
65 42
86 26
75 86
123 19
read:
101
write:
4
46 75
7 92
38 21
44 83
write:
9
47 70
122 12
146 142
81 97
139 15
64 128
91 92
139 78
19 11
read:
117
write:
8
26 19
141 123
124 40
113 120
133 29
92 98
93 96
23 95
read:
91
read:
77
read:
44
write:
1
109 137
read:
84
read:
68
write:
4
62 137
135 63
108 51
25 93
write:
9
46 144
5 56
44 142
44 117
62 90
65 83
26 16
148 115
76 110
read:
88
read:
93
read:
98
read:
51
write:
2
108 102
7 79
read:
41
read:
23
read:
67
write:
7
11 40
48 120
15 66
48 104
61 127
42 24
38 19
read:
45
read:
7
write:
2
55 36
35 131
read:
133
write:
2
134 37
101 118
read:
86
read:
18
read:
110
write:
6
46 3
2 127
3 134
119 103
62 90
63 55
write:
4
36 119
8 23
126 51
140 86
write:
2
120 28
32 40
read:
27
read:
42
write:
6
49 106
76 46
90 114
22 138
76 76
130 100
write:
4
18 50
107 80
18 131
85 23
write:
2
123 136
23 102
write:
7
146 75
80 57
142 75
138 115
70 133
99 33
14 9
write:
5
66 58
47 60
124 131
74 45
25 2
read:
32
write:
5
39 25
134 87
47 57
7 89
35 54
write:
4
106 64
44 126
5 48
67 104
write:
3
48 138
29 16
107 24
read:
92
write:
6
78 52
33 65
93 19
15 118
45 134
32 24
write:
9
7 116
54 22
12 14
29 4
120 63
109 121
78 41
133 57
8 17
read:
79
read:
8
write:
7
137 1
37 18
25 65
126 8
87 79
112 131
97 69
write:
8
124 86
104 54
101 146
12 96
28 34
109 27
50 41
144 95
read:
37
read:
139
write:
1
56 66
write:
1
24 43
write:
8
89 85
52 124
63 137
60 68
57 25
147 58
88 31
48 133
read:
132
write:
4
133 45
49 142
116 18
46 147
read:
143
read:
134
read:
118
write:
8
109 108
127 37
133 133
29 84
141 91
18 135
4 144
79 136
write:
10
123 10
100 28
60 138
82 75
80 125
120 63
4 55
51 18
64 13
79 136
read:
64
write:
3
106 80
32 112
47 43
read:
117
read:
112
read:
55
write:
7
139 6
10 147
79 30
114 66
95 77
69 136
64 118
read:
122
read:
87
read:
17
write:
3
103 137
139 1
104 125
write:
5
75 81
36 83
86 58
138 147
119 89
read:
55
read:
137
read:
93
write:
8
112 75
131 97
98 129
83 119
92 46
76 18
87 115
87 129
write:
7
28 135
70 16
64 65
18 119
116 6
4 103
119 97
read:
117
write:
7
54 13
85 50
83 112
45 16
3 18
50 7
30 16
read:
66
read:
76
read:
45
write:
5
81 116
75 8
79 3
95 22
145 134
write:
2
5 123
119 68
read:
143
read:
117
read:
26
read:
84
read:
92
read:
25
read:
19
read:
44
read:
82
write:
9
134 139
73 30
74 16
108 131
92 81
115 82
78 136
106 91
100 29
write:
7
72 87
48 52
61 57
41 145
6 3
27 58
49 31
read:
104
write:
2
23 24
17 60
read:
21
write:
6
69 29
92 62
131 63
72 42
59 1
121 14
write:
10
145 121
103 130
28 106
32 132
103 49
35 18
37 22
88 41
66 29
91 38
read:
128
write:
10
31 110
133 17
44 81
3 62
115 148
89 97
36 96
89 145
37 68
142 63
write:
5
89 129
54 74
116 52
109 94
136 72
write:
10
124 40
103 38
26 33
75 67
62 148
128 54
74 56
74 27
90 128
4 23
read:
102
read:
22
write:
6
142 66
5 48
84 57
35 119
99 115
95 89
write:
7
77 112
62 108
30 147
71 78
24 5
104 107
73 3
read:
143
read:
82
write:
7
86 102
107 86
23 85
17 102
132 94
76 129
69 58
write:
3
146 66
82 22
81 125
read:
64
write:
5
139 63
99 5
127 8
20 94
103 11
read:
13
write:
3
23 94
118 126
83 63
write:
7
125 107
82 137
115 82
64 97
106 30
5 105
38 117
write:
1
85 114
read:
143
write:
8
53 39
144 17
87 76
72 135
52 69
133 109
6 28
35 64
read:
19
read:
121
write:
10
108 84
74 9
121 63
53 43
46 22
15 134
34 45
38 66
13 88
148 2
read:
65
write:
2
69 20
1 51
write:
7
7 58
144 49
47 87
133 58
57 144
74 53
67 24
write:
1
124 21
write:
3
104 18
26 33
118 92
write:
7
25 56
103 82
68 43
96 77
53 134
30 110
99 115
write:
1
53 29
read:
52
read:
34
write:
3
28 9
118 42
75 19
write:
8
135 2
106 140
60 104
83 143
72 24
83 130
36 124
96 76
write:
7
105 110
76 6
8 57
140 58
90 89
70 90
28 85
read:
96
write:
2
97 80
133 145
write:
1
94 135
read:
101
read:
50
write:
3
79 75
55 100
25 39
write:
4
101 140
6 92
33 5
39 70
write:
1
19 29
read:
85
write:
3
107 76
18 60
123 125
read:
144
read:
91
write:
10
88 1
69 81
112 61
11 25
121 66
98 45
130 77
38 22
6 127
144 26
write:
6
16 39
104 83
113 55
98 42
13 117
78 54
write:
2
117 85
38 115
write:
9
127 111
46 129
111 62
68 44
28 57
136 106
8 93
148 130
58 133
read:
34
read:
96
read:
127
read:
68
write:
7
142 29
10 138
27 144
47 42
143 17
44 64
103 32
read:
134
write:
1
138 15
write:
2
49 122
108 146
write:
5
66 146
55 87
41 93
127 5
82 51
read:
85
write:
5
89 116
145 26
136 13
95 81
127 87
write:
10
56 73
55 17
11 5
126 22
105 44
30 1
66 42
87 58
137 129
36 96
write:
6
93 104
73 120
11 57
59 89
148 143
93 70
read:
9
read:
101
read:
119
read:
144
read:
92
read:
123
write:
9
100 45
41 125
99 95
32 28
91 44
117 28
36 38
103 26
142 79
read:
79
write:
9
20 51
71 101
73 3
62 26
18 116
20 61
17 120
101 98
89 9
write:
9
63 97
76 44
136 89
136 91
48 121
105 83
100 130
127 7
21 71
read:
38
write:
1
40 35
read:
9
write:
2
65 96
27 114
write:
8
19 119
8 134
54 68
137 21
109 74
26 141
84 119
109 16
read:
49
read:
104
read:
88
read:
36
write:
8
113 29
68 147
30 122
148 20
83 114
79 109
20 141
80 134
write:
8
96 21
29 42
26 19
120 83
42 64
116 113
6 39
95 34
read:
67
read:
2
write:
9
39 116
15 71
134 7
124 115
30 126
100 108
121 86
74 145
68 90
read:
130
read:
25
write:
2
13 53
29 88
write:
2
26 104
132 69
read:
141
write:
4
6 77
13 136
105 70
87 23
read:
109
write:
10
76 52
39 128
80 81
114 25
131 127
79 35
103 49
92 103
124 51
73 94
read:
69
write:
4
19 126
63 87
63 38
37 75
write:
3
102 48
21 113
6 74
read:
101
read:
86
read:
77
write:
9
118 62
67 95
26 111
125 122
89 69
81 144
114 48
122 95
123 26
read:
105
write:
1
137 117
read:
112
read:
22
write:
3
58 32
19 86
50 54
write:
7
54 107
118 10
128 137
18 69
26 99
60 49
75 98
read:
91
read:
63
read:
24
write:
9
82 140
88 36
111 145
79 26
36 13
15 82
25 5
86 142
128 69
read:
45
write:
1
105 140
read:
98
write:
4
2 123
145 73
36 85
75 78
read:
143
write:
7
100 1
29 18
46 33
57 58
4 63
63 129
127 64
write:
7
85 129
81 43
116 17
54 23
63 8
23 122
3 23
write:
8
95 123
13 143
79 117
72 31
51 121
129 10
91 141
99 106
read:
146
write:
7
147 52
18 9
82 118
44 29
123 37
74 60
141 78
read:
129
read:
77
write:
8
51 37
76 55
6 104
45 141
83 16
93 24
74 68
89 35
read:
87
write:
1
18 107
write:
7
59 42
63 34
144 40
103 19
12 127
68 101
136 99
read:
63
write:
4
61 48
106 27
22 140
123 148
write:
6
47 140
67 13
77 74
141 44
77 20
127 7
write:
4
128 130
82 17
86 103
129 45
write:
5
11 63
88 57
29 2
74 88
51 37
read:
47
write:
8
81 59
106 141
74 120
62 138
130 20
74 22
102 136
140 16
read:
38
write:
9
20 77
146 143
44 16
74 106
22 108
124 85
137 147
63 14
5 1
read:
31
read:
78
read:
52
read:
93
read:
60
write:
10
75 50
141 82
34 60
6 108
53 84
33 73
117 5
122 69
57 83
51 12
write:
6
96 126
16 89
104 121
41 97
26 3
106 17
read:
92
write:
8
109 86
142 44
144 73
136 21
135 23
115 20
41 89
4 97
read:
138
read:
42
write:
2
18 34
118 67
write:
1
60 86
read:
140
write:
10
57 115
148 130
24 43
128 47
124 75
18 100
94 131
67 119
40 53
27 137
write:
9
141 35
4 79
33 114
5 119
124 4
84 5
108 65
69 84
42 100
write:
5
78 24
127 75
108 52
123 66
56 146
read:
61
read:
24
write:
6
15 84
46 122
46 122
44 19
8 118
105 12
write:
7
96 49
107 56
131 116
140 86
44 55
51 11
35 10
write:
9
142 101
62 120
92 52
142 59
143 127
108 87
86 144
16 84
20 145
write:
5
138 129
12 5
22 108
18 114
104 116
read:
102
read:
126
write:
2
75 5
92 112
read:
4
read:
56
read:
125
read:
100
read:
95
write:
2
78 47
102 16
read:
78
write:
7
31 70
133 35
91 143
18 32
138 124
139 49
45 64
read:
142
write:
9
95 106
136 5
11 106
50 129
95 141
35 43
78 26
76 31
10 35
write:
5
5 19
54 31
6 18
51 28
84 44
read:
103
write:
6
51 118
77 62
86 134
20 128
100 76
31 50
write:
5
22 66
97 128
79 13
57 27
9 110
write:
4
19 16
68 145
45 3
74 134
read:
110
read:
108
write:
5
53 89
74 105
10 84
77 142
103 89
write:
7
146 95
17 46
109 112
134 80
30 60
12 85
119 8
write:
10
90 111
126 59
72 68
51 8
135 109
146 68
146 69
32 13
33 95
38 84
write:
7
76 126
44 7
86 65
53 90
27 18
67 117
77 18
write:
2
83 18
104 80
write:
7
50 46
98 138
141 60
142 35
77 81
59 48
82 26
read:
89
write:
5
44 40
3 89
125 106
62 47
130 103
read:
66
read:
34
write:
9
103 21
91 47
76 108
87 114
133 99
5 80
53 15
52 9
24 142
write:
5
17 75
107 119
83 118
119 68
121 86
write:
9
21 94
130 144
77 118
66 114
62 53
87 34
105 84
102 79
43 33
read:
63
write:
2
88 109
131 65
write:
5
128 80
3 12
121 124
23 49
48 12
read:
49
write:
10
13 84
17 28
135 48
112 130
22 62
118 51
10 81
128 135
112 53
19 52
read:
71
read:
91
write:
7
40 62
95 99
119 118
19 99
16 86
138 136
50 121
write:
1
108 48
write:
2
97 115
8 70
read:
103
write:
7
76 1
55 124
69 5
5 20
129 4
148 35
111 15
write:
9
60 72
50 4
48 122
1 46
104 16
94 25
26 17
90 43
4 64
read:
23
read:
116
read:
48
write:
9
76 83
43 13
103 20
86 81
96 34
28 89
113 123
2 9
47 78
write:
6
1 117
64 63
43 43
9 131
147 139
72 51
write:
7
127 54
93 30
19 107
80 109
90 140
25 138
107 63
write:
4
103 10
132 91
115 34
123 107
write:
6
128 145
34 47
122 79
96 94
135 27
136 146
read:
142
read:
4
write:
1
98 54
write:
3
31 22
65 143
92 68
read:
28
write:
8
85 87
119 73
58 92
108 123
16 111
16 128
21 96
37 96
write:
6
82 56
112 61
18 118
66 128
101 44
94 56
write:
1
4 84
read:
61
write:
3
110 101
35 38
21 46
write:
9
147 82
41 134
78 80
112 117
99 16
42 36
19 137
143 51
84 16
read:
105
write:
2
71 76
145 121
read:
28
read:
140
write:
7
60 72
62 70
13 70
96 93
89 115
90 75
54 102
write:
5
113 112
55 36
97 82
52 36
140 51
write:
10
18 123
81 15
42 37
32 6
53 10
35 122
77 140
146 140
13 116
117 127
write:
1
126 36
read:
43
read:
80
write:
5
2 34
12 1
67 68
72 96
48 98
write:
1
11 86
write:
7
31 25
12 44
143 62
30 1
32 40
146 76
13 61
write:
1
12 97
read:
147
read:
30
read:
146
write:
7
117 104
98 30
30 49
135 88
128 29
59 63
60 9
read:
124
write:
5
145 1
96 68
44 114
15 113
110 136
read:
88
read:
145
read:
103
read:
129
read:
113
read:
133
query:
3