capacity:
354
read:
351
write:
4
33 346
62 101
154 90
148 195
read:
75
write:
9
214 127
179 282
39 274
280 162
353 220
161 30
24 47
40 75
144 65
write:
9
76 61
30 124
339 40
50 31
249 189
62 262
269 200
272 232
119 96
read:
343
write:
4
73 130
325 347
289 85
38 38
write:
2
204 82
224 108
read:
146
write:
4
292 63
251 35
237 334
159 179
write:
1
258 28
read:
351
read:
98
read:
193
read:
183
read:
43
write:
7
317 3
176 90
124 335
319 275
156 174
203 49
352 90
write:
4
41 98
66 125
89 25
133 44
read:
146
write:
10
349 42
21 137
186 217
60 87
165 52
151 266
259 122
212 141
289 305
29 254
read:
304
read:
322
read:
132
write:
8
29 35
255 73
99 347
77 140
251 57
339 131
189 269
191 76
read:
79
write:
3
43 55
133 132
150 117
read:
127
read:
199
write:
8
224 304
104 168
334 182
231 61
188 74
72 98
222 56
60 315
write:
7
345 311
95 125
52 118
346 294
77 316
327 99
57 15
write:
9
285 124
70 345
232 112
104 66
254 113
54 274
140 114
24 164
173 129
write:
10
253 262
153 110
226 294
80 199
199 18
232 130
254 349
318 181
242 72
102 84
write:
9
273 33
270 282
29 137
13 248
81 285
27 235
143 96
335 346
70 38
write:
1
104 26
write:
4
175 321
172 11
96 118
258 114
read:
112
write:
2
88 208
252 299
read:
67
write:
1
304 153
read:
273
write:
9
240 289
72 131
32 44
206 17
238 41
341 92
180 85
315 324
249 256
write:
4
352 295
139 169
338 342
306 258
write:
1
80 52
write:
6
8 150
182 207
316 92
238 209
244 313
70 332
write:
6
199 83
145 351
59 202
275 216
30 88
242 254
read:
46
read:
228
read:
296
read:
218
read:
317
read:
175
read:
228
read:
180
write:
2
211 38
241 14
write:
1
255 306
write:
8
315 15
304 310
91 157
80 279
255 200
152 28
147 20
37 197
read:
289
read:
97
read:
269
write:
10
307 19
238 279
234 155
353 172
154 57
194 168
173 317
3 82
263 113
128 180
read:
311
write:
4
330 170
340 306
211 263
191 346
write:
4
204 205
2 265
118 194
140 61
write:
6
320 341
217 81
183 254
237 23
74 334
102 127
write:
2
186 129
171 334
read:
67
write:
7
253 309
76 227
14 125
3 274
266 178
307 134
207 246
write:
10
20 158
234 133
258 311
7 263
353 158
44 165
240 92
331 210
83 55
30 224
write:
9
96 69
101 207
148 142
250 115
227 71
251 329
218 14
276 310
155 202
read:
237
write:
1
127 9
write:
3
144 303
160 156
225 299
write:
1
83 284
write:
10
210 87
152 245
248 267
122 188
150 58
25 257
294 121
35 146
349 280
191 119
read:
168
write:
7
345 94
273 134
27 347
262 18
324 347
254 256
285 323
write:
5
90 42
121 150
321 217
330 39
333 278
write:
7
351 120
151 167
46 332
195 43
68 44
194 325
293 42
write:
10
47 149
269 29
315 83
241 319
204 94
151 347
26 314
328 88
254 209
315 143
write:
5
171 19
60 175
302 69
197 229
264 304
write:
5
75 172
89 139
256 200
111 274
191 199
write:
5
333 285
67 83
113 275
165 188
58 37
read:
140
read:
206
write:
7
260 252
176 112
280 241
15 277
327 299
102 227
135 194
write:
10
51 20
99 78
270 327
169 174
220 192
339 28
67 121
186 91
320 178
291 341
read:
336
read:
58
read:
144
write:
4
168 334
10 167
40 317
45 158
write:
9
187 42
31 241
209 292
13 135
285 164
229 276
316 1
273 43
13 135
write:
10
194 325
229 285
265 78
111 249
110 292
220 24
121 216
187 10
310 21
124 332
read:
53
read:
96
write:
6
278 293
163 256
63 156
231 92
215 75
352 345
write:
7
214 243
84 199
91 36
294 269
58 19
353 58
110 336
write:
9
307 281
7 247
156 38
58 274
5 123
143 40
349 48
75 178
325 129
write:
4
166 181
197 16
302 266
199 46
write:
1
26 2
write:
10
178 83
232 296
145 354
29 279
103 65
154 108
233 340
221 120
247 26
232 55
write:
7
336 190
42 52
122 113
85 187
28 255
203 4
262 285
write:
7
75 300
341 64
331 277
32 86
69 320
29 167
212 8
read:
158
read:
27
write:
7
229 189
231 247
193 233
71 165
146 66
66 106
186 336
read:
93
write:
4
149 295
100 264
167 354
221 42
write:
5
149 85
60 50
4 140
188 315
67 320
write:
3
279 110
159 156
285 273
write:
8
164 312
260 176
83 58
165 26
229 82
139 203
164 181
187 25
write:
9
154 93
159 156
177 141
300 280
349 232
302 151
193 283
97 301
283 264
read:
108
read:
37
write:
2
198 284
78 14
read:
21
read:
189
read:
231
read:
264
read:
350
write:
2
53 134
4 300
read:
257
read:
118
read:
80
write:
7
165 5
40 94
147 117
174 257
2 77
282 281
140 244
read:
61
write:
7
23 123
248 56
74 98
215 241
335 228
105 269
316 27
write:
1
142 293
write:
2
41 93
175 166
read:
82
write:
1
322 91
read:
325
write:
8
138 28
238 52
230 31
60 146
332 237
354 249
214 319
85 126
read:
344
write:
10
190 262
299 170
342 9
140 325
265 345
163 27
261 219
310 185
153 293
157 30
read:
269
read:
110
read:
318
write:
6
8 343
316 267
59 253
230 313
134 109
141 279
read:
79
read:
107
read:
23
read:
130
read:
316
write:
7
66 151
44 27
336 150
102 58
103 179
233 264
282 154
write:
7
52 112
223 319
205 190
325 35
22 44
188 112
52 182
read:
281
write:
4
102 111
308 215
298 40
69 49
read:
156
read:
130
write:
5
112 38
93 346
200 312
46 225
32 138
read:
82
read:
33
write:
7
294 1
209 320
312 109
89 323
19 8
230 159
244 330
write:
2
343 19
70 211
write:
8
176 345
74 44
8 110
300 150
16 118
305 211
59 192
223 317
write:
9
339 181
183 160
273 344
97 200
267 347
116 286
233 186
263 254
176 282
write:
1
341 317
write:
8
64 315
94 196
6 211
35 215
276 108
202 73
101 14
150 101
write:
5
115 172
195 217
313 290
168 23
297 85
write:
7
56 303
22 102
286 243
143 184
81 350
261 154
26 294
write:
2
264 271
329 136
read:
8
read:
207
write:
8
50 168
199 78
276 166
300 206
218 45
266 228
46 187
345 49
write:
6
44 248
150 100
48 205
47 71
68 186
5 190
write:
6
351 29
72 233
220 259
124 125
300 298
261 95
write:
5
222 105
141 283
206 202
112 39
262 107
write:
9
227 161
238 177
76 174
160 169
135 213
346 71
353 150
19 268
199 134
write:
3
242 264
112 74
18 256
write:
10
306 130
200 150
134 305
282 273
92 205
93 280
13 214
86 314
74 238
334 86
write:
1
102 210
read:
5
write:
3
25 35
71 266
101 244
write:
1
278 328
write:
3
321 114
129 53
39 308
write:
4
272 157
123 300
272 100
130 209
write:
9
64 311
86 277
283 273
97 78
297 146
184 102
105 204
17 36
151 302
write:
8
265 64
243 309
28 350
79 136
259 352
66 13
315 296
21 168
read:
335
read:
353
write:
10
95 7
349 145
328 178
292 149
46 332
216 29
266 157
154 144
282 240
72 321
write:
9
5 110
225 62
21 18
2 230
55 325
147 82
297 264
145 165
191 100
read:
12
write:
8
174 171
116 247
207 74
47 119
251 255
216 291
138 131
154 137
read:
101
write:
10
222 244
181 337
54 20
199 44
189 82
123 25
352 11
216 274
61 322
84 183
read:
131
write:
5
279 304
11 290
294 159
38 171
276 258
read:
97
write:
9
163 111
195 197
262 110
40 64
203 66
246 49
256 280
125 293
188 131
write:
8
234 4
158 249
190 323
307 270
161 139
253 279
248 244
145 268
read:
3
read:
87
read:
255
write:
8
113 279
171 202
85 328
207 208
125 202
144 20
343 263
267 277
read:
19
read:
320
read:
127
write:
3
226 73
176 196
111 69
write:
1
59 203
read:
95
write:
7
291 210
23 49
130 90
185 187
148 76
103 233
271 34
write:
8
194 24
164 265
115 236
122 332
298 35
111 27
262 179
180 178
write:
7
231 152
203 268
169 239
351 338
103 122
137 150
284 65
read:
10
read:
167
read:
15
read:
175
read:
66
read:
57
read:
101
write:
9
271 35
273 24
251 198
54 151
27 243
198 232
70 323
64 315
79 60
write:
6
343 311
43 304
50 68
260 197
163 221
50 183
read:
185
read:
56
read:
82
write:
10
303 338
112 348
33 332
148 137
204 163
282 265
168 180
8 307
170 37
238 59
write:
8
261 34
140 332
38 111
337 300
165 279
174 314
4 320
94 349
read:
209
read:
241
write:
9
39 300
170 144
47 260
131 195
242 336
31 103
353 266
53 288
314 217
read:
16
write:
8
96 24
145 168
173 80
232 6
129 43
184 295
14 249
250 130
write:
5
88 289
243 179
107 268
62 354
85 292
read:
251
write:
10
183 337
55 282
159 278
231 287
160 223
117 51
337 275
220 277
245 24
340 292
write:
10
33 139
291 1
341 249
47 331
125 35
186 319
176 16
75 64
117 245
235 43
read:
218
write:
7
341 84
110 253
115 8
260 242
157 209
119 257
272 182
read:
156
write:
4
121 240
312 310
85 284
312 147
read:
157
write:
2
50 155
7 287
write:
7
128 290
223 64
118 334
160 309
222 47
197 14
338 96
write:
1
285 109
write:
4
197 128
195 315
181 216
207 328
write:
1
291 82
write:
8
292 103
64 223
333 264
238 249
292 62
263 49
198 35
71 220
write:
6
11 47
59 3
169 179
297 193
153 145
72 310
write:
7
29 243
349 76
219 87
323 338
6 169
276 22
151 193
write:
9
26 327
75 227
156 2
339 287
304 337
164 70
104 328
64 241
280 273
write:
7
139 237
216 140
318 310
171 35
18 31
171 244
241 31
write:
10
87 353
133 108
220 190
274 254
223 74
47 308
253 233
304 208
191 171
60 85
write:
4
72 331
247 337
345 115
305 173
read:
222
write:
3
46 307
205 331
59 328
read:
45
write:
3
269 208
133 286
271 241
read:
202
write:
3
248 352
267 285
320 219
read:
166
write:
6
273 251
81 348
156 127
198 48
257 109
186 265
read:
17
write:
3
271 37
283 110
11 57
write:
4
9 318
221 61
282 255
199 332
write:
8
16 159
167 336
161 36
243 88
102 216
94 74
121 113
265 134
read:
138
write:
10
173 160
60 200
201 308
289 211
18 159
248 318
179 143
109 43
80 72
26 82
read:
14
write:
7
102 63
19 314
107 143
81 302
301 49
331 28
340 112
read:
196
read:
268
read:
27
write:
4
295 296
124 45
140 286
208 199
write:
1
288 162
write:
10
5 333
330 65
161 289
194 54
111 115
254 20
72 52
9 314
61 188
132 109
read:
117
write:
2
163 113
351 254
write:
6
338 21
67 98
149 173
186 262
349 209
55 69
write:
7
326 293
230 51
113 72
320 16
118 176
195 211
215 300
read:
118
read:
192
read:
261
write:
2
75 354
187 113
write:
7
168 300
210 211
137 79
240 269
175 63
78 244
52 30
write:
9
186 293
104 325
6 114
312 210
296 217
223 151
187 207
55 64
187 59
write:
3
85 29
317 26
55 344
write:
10
350 261
284 23
108 252
45 342
66 180
159 43
88 280
5 249
140 313
298 249
read:
227
write:
1
316 101
read:
300
write:
7
281 14
27 287
217 112
194 263
55 344
173 90
80 242
write:
10
147 249
343 138
76 135
160 145
197 65
304 17
51 152
265 126
25 298
125 227
write:
8
299 313
31 113
97 136
176 6
251 103
212 123
136 149
223 205
write:
2
207 253
324 66
write:
1
301 66
write:
9
244 196
139 55
119 140
96 70
191 273
267 267
280 321
92 7
141 36
write:
9
195 329
185 39
80 101
49 237
344 50
96 13
172 331
296 126
139 114
write:
8
35 308
42 147
254 244
134 325
323 42
81 75
166 214
113 81
write:
1
194 100
write:
5
162 352
187 40
319 3
9 262
13 309
read:
246
write:
9
193 32
144 279
38 281
193 341
220 246
18 122
239 219
68 348
66 30
read:
159
write:
10
287 252
207 109
143 116
99 128
312 211
220 30
298 295
35 229
314 45
98 163
write:
5
335 255
24 82
303 16
323 257
55 351
write:
7
246 335
273 196
32 317
179 70
7 315
76 253
142 26
write:
10
20 244
290 315
237 329
120 90
123 95
48 220
346 338
302 7
320 258
85 320
read:
264
read:
94
read:
349
write:
10
52 324
309 207
214 157
294 119
199 3
352 272
295 193
65 341
323 284
166 37
write:
6
12 47
257 315
30 45
218 71
110 235
217 257
read:
328
read:
101
write:
9
265 309
332 239
135 143
124 340
28 156
203 113
294 83
276 130
344 271
read:
144
read:
308
read:
37
write:
5
26 98
198 222
13 36
232 308
158 51
write:
9
287 287
44 219
26 218
103 215
93 227
89 19
190 317
248 336
294 81
write:
7
270 132
100 26
79 289
260 19
319 203
81 137
80 247
read:
310
write:
2
231 28
59 32
read:
128
write:
9
168 190
85 90
341 324
10 290
263 39
35 151
296 161
321 321
143 48
read:
277
write:
7
275 277
346 68
348 346
137 348
270 318
169 201
257 99
write:
2
254 2
258 259
read:
16
write:
2
136 201
139 5
write:
7
27 276
169 247
44 100
168 343
314 226
53 334
129 167
write:
4
33 51
71 96
47 217
306 160
write:
5
14 336
25 9
248 141
127 257
283 301
write:
8
146 349
337 216
150 310
271 247
60 259
254 162
80 204
62 74
read:
22
read:
105
write:
7
294 249
175 19
143 281
256 232
44 304
323 315
307 335
read:
45
read:
189
read:
208
read:
157
write:
5
62 114
295 137
64 76
61 314
66 268
read:
266
read:
157
write:
9
287 133
293 54
1 191
40 84
314 217
15 144
69 245
288 100
11 298
read:
117
read:
209
write:
10
208 173
136 236
27 160
31 133
152 52
20 162
107 95
166 249
261 131
296 243
write:
7
126 261
175 312
62 15
282 10
110 143
69 23
162 126
write:
1
309 59
read:
250
read:
317
write:
6
138 319
180 148
224 314
345 2
336 222
21 83
read:
131
read:
130
read:
226
read:
241
write:
9
304 174
16 39
22 74
192 186
303 161
127 106
189 110
217 320
76 352
read:
101
read:
271
write:
9
229 53
219 309
75 261
59 175
188 254
5 216
295 48
205 204
323 282
read:
172
read:
189
read:
274
write:
6
264 46
235 65
172 252
22 290
213 306
289 89
write:
3
280 272
224 267
59 347
write:
9
252 307
18 98
94 72
304 326
264 295
26 310
168 71
43 20
79 109
write:
3
13 211
82 30
59 165
read:
313
read:
324
write:
7
335 254
64 172
205 103
150 233
66 274
116 280
22 163
write:
1
172 29
write:
3
239 35
109 319
94 67
read:
310
read:
14
read:
141
write:
9
16 277
74 260
259 50
36 277
205 282
93 44
265 298
19 65
24 197
write:
6
231 118
115 294
281 231
269 10
329 51
38 105
write:
6
349 16
181 9
117 85
155 225
104 98
297 243
write:
7
307 50
164 316
216 53
193 62
332 69
142 113
59 205
read:
275
read:
56
write:
4
278 39
6 342
184 40
43 140
read:
152
write:
3
265 112
266 10
12 88
write:
7
154 143
97 209
96 334
224 301
177 7
275 171
90 212
write:
6
299 22
321 18
322 230
117 36
111 212
111 181
write:
7
256 192
143 76
331 57
215 334
125 294
157 83
325 8
read:
279
read:
15
write:
2
83 135
305 60
write:
4
3 52
33 294
195 288
193 191
read:
36
read:
231
read:
191
read:
322
read:
218
read:
37
read:
338
write:
10
60 80
2 96
97 308
329 23
261 160
103 45
233 5
294 27
309 209
75 46
read:
29
write:
5
213 126
209 149
312 39
268 265
123 283
write:
5
181 286
33 112
208 170
48 154
7 350
write:
5
2 57
40 261
36 88
141 47
8 92
read:
178
read:
38
write:
2
121 272
227 65
write:
3
238 186
10 233
149 83
write:
8
237 77
74 169
218 161
97 219
316 91
208 322
6 330
177 119
read:
168
read:
241
read:
137
read:
293
read:
105
write:
1
162 74
read:
307
write:
7
63 60
216 56
19 324
254 16
263 308
325 153
119 350
read:
47
write:
2
268 24
81 44
write:
5
185 258
32 92
46 98
1 322
264 317
read:
5
read:
162
read:
232
write:
7
12 115
121 308
161 37
89 346
243 41
5 220
48 237
write:
10
152 35
221 287
170 275
174 207
54 350
326 96
246 150
316 154
28 132
270 337
write:
5
210 285
53 40
290 235
212 32
120 252
write:
7
39 320
334 200
196 267
222 241
216 150
46 226
115 275
write:
1
144 153
write:
1
114 97
read:
104
read:
344
read:
222
read:
232
write:
3
170 169
43 91
189 322
write:
7
170 311
66 353
114 36
155 298
90 336
254 301
93 181
read:
268
read:
321
read:
131
write:
7
173 269
152 231
24 290
53 144
323 119
91 246
129 223
write:
10
213 332
204 5
180 301
261 300
328 152
94 125
351 241
230 13
44 333
201 216
write:
6
170 211
61 250
108 296
234 195
259 320
204 236
read:
98
write:
7
93 207
303 185
190 192
236 353
221 260
205 104
244 171
write:
2
126 47
78 212
read:
232
write:
6
325 221
193 205
234 216
120 73
347 330
231 124
read:
350
write:
8
57 153
160 198
178 319
195 194
354 154
79 19
36 165
228 353
write:
9
336 190
291 64
329 232
114 92
328 304
294 147
280 350
104 325
314 304
write:
1
313 140
read:
96
write:
3
85 352
303 162
191 9
read:
263
write:
4
325 127
219 308
337 272
48 155
read:
56
read:
30
read:
187
write:
9
79 280
288 308
227 248
87 318
278 60
88 61
35 81
292 300
298 85
read:
352
read:
81
write:
10
198 47
208 134
292 339
181 227
129 17
43 59
353 305
103 148
202 120
82 7
write:
6
167 79
54 164
190 8
6 135
161 217
326 313
read:
138
read:
329
write:
7
303 247
274 30
86 175
283 127
163 328
65 124
276 1
write:
10
78 257
112 172
53 79
136 164
119 106
96 42
239 16
222 71
69 178
113 269
read:
5
write:
10
82 276
348 297
262 130
16 234
232 152
182 118
27 111
118 26
25 173
200 160
read:
123
read:
137
write:
2
49 73
229 130
read:
238
write:
4
220 125
344 147
56 289
111 169
read:
170
read:
199
write:
6
280 116
23 27
79 287
60 292
287 265
277 266
read:
134
read:
207
write:
1
26 230
read:
250
write:
2
179 229
269 14
write:
2
128 56
101 228
write:
1
104 1
write:
9
179 26
326 344
193 20
206 271
19 198
113 271
18 278
33 263
119 107
read:
191
write:
1
195 93
read:
58
write:
4
287 242
220 88
249 47
302 188
write:
7
207 281
202 324
55 80
242 238
226 13
73 246
11 332
read:
147
write:
2
21 139
126 349
write:
5
43 37
309 123
208 265
246 182
1 258
write:
4
272 324
269 28
165 136
281 110
write:
2
109 18
317 1
write:
9
124 43
310 90
159 182
112 30
43 308
132 98
208 177
240 203
71 150
write:
6
257 200
191 211
291 148
312 281
336 258
216 82
write:
5
322 154
83 129
350 215
260 264
273 172
read:
301
read:
229
write:
9
145 71
256 121
238 195
242 208
61 145
177 174
245 285
258 100
281 310
write:
5
321 303
272 253
53 336
9 225
158 228
read:
237
read:
199
read:
119
write:
2
261 199
140 299
read:
312
write:
1
255 304
write:
9
267 30
225 114
336 63
170 193
60 210
338 278
34 328
179 351
79 249
write:
10
11 279
95 45
34 212
170 277
3 241
274 112
67 152
45 236
231 196
174 274
write:
8
52 45
351 287
214 53
254 121
111 97
2 104
185 40
303 55
write:
6
238 206
4 84
62 185
8 141
351 271
101 44
write:
9
242 337
281 134
29 336
171 233
134 316
168 99
305 302
272 227
58 118
read:
55
write:
7
8 175
273 320
74 284
193 244
189 59
92 280
207 235
write:
3
185 287
299 232
335 309
write:
10
246 8
178 317
113 171
192 47
143 135
263 173
97 22
130 342
75 58
189 49
read:
114
read:
81
write:
7
271 41
61 289
1 117
348 168
158 58
323 8
260 320
read:
3
read:
23
read:
164
write:
5
155 25
102 56
6 314
40 99
65 254
write:
7
63 322
196 217
37 190
235 268
180 317
81 77
279 105
read:
89
read:
8
read:
300
write:
2
60 54
254 333
read:
24
write:
10
210 259
106 325
134 95
100 265
349 59
84 110
234 46
18 346
179 54
273 199
read:
143
write:
1
149 182
read:
143
read:
26
write:
3
185 23
54 282
107 121
write:
9
144 218
236 200
185 256
351 110
197 29
300 143
261 266
231 66
141 274
read:
167
read:
30
write:
8
95 140
146 12
320 167
106 217
214 305
230 136
350 5
348 350
write:
9
120 142
227 26
47 185
115 147
217 76
340 177
345 262
316 18
186 227
write:
3
208 98
185 39
28 298
write:
2
118 247
286 316
read:
66
read:
134
read:
139
read:
172
read:
277
write:
6
141 14
72 186
4 237
52 269
312 312
272 33
write:
1
186 243
write:
4
86 56
220 71
295 208
344 27
read:
299
write:
7
83 279
300 253
140 316
20 71
285 159
202 293
292 239
read:
236
write:
1
244 139
write:
10
217 27
269 76
227 44
326 212
291 197
319 182
49 76
72 203
342 293
302 232
read:
202
read:
346
write:
2
301 164
116 80
write:
7
192 315
113 34
300 264
185 206
64 23
9 32
67 159
write:
6
150 67
342 243
144 319
150 59
321 68
80 271
read:
214
read:
307
write:
1
325 216
write:
7
104 92
354 109
138 43
108 225
169 151
35 68
242 126
write:
9
58 88
310 352
279 141
150 61
14 52
56 246
216 56
196 129
338 37
read:
188
read:
335
read:
21
write:
2
312 346
212 255
write:
1
101 338
read:
331
read:
115
write:
3
302 311
277 196
190 61
write:
6
129 83
122 114
277 255
194 182
76 238
263 171
write:
8
219 292
177 183
65 69
9 329
127 13
77 236
311 176
154 248
write:
3
349 210
42 121
272 80
read:
294
read:
248
read:
261
read:
137
write:
1
237 339
write:
5
279 35
182 185
323 223
277 87
37 154
write:
5
167 278
153 162
319 111
160 10
251 113
read:
232
read:
37
write:
10
48 289
63 133
262 148
199 284
319 286
338 140
228 224
340 41
58 328
311 125
write:
3
221 40
351 23
150 263
write:
4
199 146
136 44
276 283
173 309
write:
5
269 341
293 274
203 306
101 109
209 141
write:
2
56 49
180 91
read:
5
read:
122
write:
4
236 13
353 184
73 10
223 115
write:
6
86 224
29 306
60 143
85 113
261 263
147 154
read:
298
read:
96
write:
3
252 65
40 278
183 128
read:
94
read:
263
write:
5
153 326
256 58
245 57
203 161
18 289
read:
264
read:
38
write:
7
303 292
346 139
154 115
138 146
205 255
26 29
203 161
write:
4
203 294
353 335
56 83
133 56
write:
5
168 182
82 162
212 307
142 115
340 302
write:
8
120 115
255 93
173 263
165 47
331 148
337 168
224 137
49 194
read:
290
write:
9
200 137
298 305
208 23
232 195
153 125
163 85
64 260
319 297
108 110
write:
4
277 148
181 180
58 119
174 274
read:
71
write:
4
343 96
258 84
93 227
6 222
write:
5
341 350
164 220
14 352
180 50
2 30
read:
263
write:
8
243 304
187 119
352 314
3 53
114 91
312 339
6 114
169 249
read:
27
write:
3
90 277
291 297
298 159
write:
9
62 88
86 312
235 274
78 17
22 325
208 321
128 240
64 109
228 174
read:
263
read:
268
read:
247
write:
8
294 314
294 305
278 83
125 227
124 108
224 314
84 343
301 105
read:
183
read:
120
write:
3
148 118
126 22
94 171
write:
10
220 152
220 84
292 153
204 244
177 198
30 231
156 214
158 22
3 65
120 119
write:
3
218 162
122 4
308 248
write:
2
93 194
87 179
write:
2
339 161
129 26
read:
241
read:
39
write:
6
63 12
338 164
65 174
309 254
295 59
273 330
read:
151
write:
2
161 149
304 178
write:
6
171 254
41 9
133 93
138 283
91 2
3 64
write:
4
114 160
27 211
12 77
270 242
write:
5
258 84
222 332
218 300
177 248
177 259
read:
257
read:
122
write:
3
58 46
241 256
179 169
read:
231
read:
272
write:
2
40 68
28 79
write:
1
337 245
write:
8
48 302
108 70
178 70
47 60
168 186
287 174
300 36
6 210
write:
9
337 69
141 159
203 279
157 303
9 141
177 266
186 242
240 220
109 72
read:
288
write:
5
57 214
105 129
198 192
194 180
162 112
read:
214
read:
34
write:
8
283 338
139 39
189 210
179 102
195 15
336 117
188 19
266 63
read:
136
write:
5
203 285
47 95
303 270
191 191
157 153
read:
110
write:
2
20 301
29 48
write:
6
253 111
191 225
219 196
193 254
136 103
346 150
write:
6
316 132
194 53
184 166
44 85
98 96
185 43
write:
7
330 354
304 181
300 142
217 114
143 353
347 28
233 321
write:
10
340 351
103 312
137 51
63 132
135 135
237 95
333 243
342 348
77 282
285 270
write:
9
298 175
212 128
232 132
137 90
267 354
199 152
125 6
107 162
307 143
write:
6
275 194
74 72
10 25
333 64
190 321
192 294
read:
5
read:
165
read:
351
read:
272
read:
299
read:
48
write:
4
75 208
91 46
85 148
312 287
write:
1
44 60
read:
315
write:
1
113 235
write:
6
256 273
304 155
5 111
299 333
88 174
305 59
write:
8
113 80
216 180
175 191
145 44
324 80
171 296
185 327
285 133
read:
349
write:
9
333 92
300 186
63 114
284 343
285 203
114 204
299 145
195 43
308 213
read:
210
read:
246
write:
4
185 210
353 31
28 108
111 153
read:
167
read:
232
write:
6
263 321
74 225
202 117
187 142
247 239
236 8
write:
8
41 17
196 210
327 229
65 251
12 245
130 331
159 95
125 277
read:
28
read:
128
write:
3
155 83
193 9
19 109
read:
124
write:
5
237 100
295 86
7 108
76 340
60 249
write:
8
221 173
222 160
285 18
73 286
265 93
79 167
38 36
181 36
write:
10
37 327
51 318
12 181
4 300
108 101
322 233
17 162
325 287
66 32
286 305
write:
5
34 126
352 281
158 277
341 345
104 186
read:
247
read:
325
read:
215
write:
5
334 83
116 18
111 314
26 177
98 38
write:
6
223 38
207 247
124 128
132 177
194 107
93 12
read:
211
write:
4
15 8
88 222
256 148
59 124
read:
122
write:
5
96 89
212 249
339 112
165 129
66 42
write:
4
301 255
97 85
142 269
9 249
write:
9
120 345
122 351
22 178
297 313
313 235
63 174
330 37
95 109
350 176
read:
204
write:
6
278 107
21 98
139 67
163 207
308 152
91 101
read:
195
write:
5
165 41
243 242
129 64
29 25
327 51
read:
71
read:
297
write:
1
162 240
write:
8
275 296
36 315
352 207
287 155
132 135
63 289
124 112
213 54
read:
248
write:
2
6 305
280 194
write:
5
224 149
322 319
150 15
105 189
269 3
read:
91
write:
6
115 39
113 68
266 92
57 27
325 225
136 296
read:
164
write:
8
50 282
79 48
202 170
54 315
174 250
188 190
92 100
48 122
read:
267
write:
2
241 25
89 98
write:
9
135 278
315 317
219 156
69 217
53 302
124 292
303 329
298 325
168 180
write:
5
136 178
85 258
342 126
106 307
242 144
write:
4
144 215
117 61
275 234
209 313
write:
3
271 212
233 122
240 170
write:
1
253 50
write:
2
185 307
137 351
write:
7
220 33
331 314
295 302
21 117
79 286
41 352
102 325
write:
10
90 87
7 1
345 84
151 89
170 304
130 70
162 229
323 268
122 23
39 273
write:
2
76 95
345 184
read:
22
write:
4
100 35
269 156
241 172
318 212
write:
2
167 133
304 330
write:
3
85 83
52 183
120 342
write:
5
86 27
289 140
24 243
222 52
244 314
write:
3
56 11
253 140
332 241
write:
10
335 302
247 23
209 242
95 117
311 11
84 112
265 217
137 77
99 69
219 148
write:
7
176 323
16 234
311 148
124 304
176 256
106 312
77 264
read:
172
write:
2
180 316
225 173
read:
230
write:
7
279 245
19 95
211 236
293 81
50 104
324 186
282 117
write:
8
337 48
320 33
163 201
202 204
211 225
260 73
173 226
219 32
write:
9
289 168
268 302
17 332
189 289
46 120
86 314
212 40
270 83
308 324
write:
3
58 249
302 42
128 230
write:
6
85 135
193 20
291 73
116 153
65 313
133 251
read:
289
write:
2
46 270
201 200
read:
217
read:
127
write:
1
192 267
write:
1
253 250
write:
5
282 19
209 239
41 275
62 60
189 306
read:
204
read:
301
read:
8
write:
1
12 271
write:
7
115 292
190 131
292 14
20 150
262 70
98 165
293 145
read:
99
write:
4
68 27
278 19
95 116
18 145
read:
341
read:
123
write:
8
90 145
330 133
51 28
234 155
23 8
24 212
184 334
190 112
write:
6
280 194
175 231
48 240
273 243
166 131
249 180
write:
10
183 279
218 244
88 189
343 340
225 75
276 19
76 4
22 176
3 164
150 15
write:
5
331 98
214 296
152 64
148 103
15 54
read:
145
read:
192
read:
98
write:
2
115 243
341 89
write:
8
269 147
289 325
264 181
269 122
140 294
109 73
326 47
164 64
write:
3
70 35
333 336
260 59
read:
86
read:
175
write:
6
36 12
244 300
232 4
323 129
222 133
38 58
write:
2
233 343
277 128
write:
3
127 353
40 336
276 55
read:
347
read:
71
write:
6
310 150
60 223
88 135
73 43
280 270
99 70
write:
5
91 96
43 116
108 23
211 55
263 218
write:
2
287 175
207 43
read:
252
write:
7
79 178
57 61
334 333
259 154
32 229
300 334
233 50
write:
8
49 140
37 282
9 289
3 332
12 27
253 196
270 271
151 75
write:
9
124 211
256 117
170 124
193 138
205 142
351 277
180 326
117 200
345 34
write:
4
291 295
61 233
201 320
286 134
read:
269
read:
111
write:
3
271 195
44 101
183 114
write:
4
44 46
3 218
132 9
223 334
read:
264
write:
4
230 221
94 5
305 181
38 329
read:
40
read:
163
read:
298
read:
219
write:
5
210 221
121 247
5 86
143 204
169 224
read:
153
write:
4
259 231
272 109
135 103
84 17
read:
9
write:
3
152 173
133 38
148 45
write:
7
243 89
321 339
215 94
159 298
155 318
310 239
128 294
write:
5
235 255
290 140
31 15
273 74
111 265
read:
41
read:
151
read:
295
write:
10
200 214
159 103
90 34
233 349
352 348
3 158
28 95
342 22
41 122
183 269
write:
1
191 54
write:
9
310 332
179 154
86 225
321 346
198 85
237 23
160 97
138 180
201 31
read:
347
write:
4
334 313
125 221
242 316
1 257
write:
8
208 184
228 79
325 55
206 97
121 241
65 86
342 142
285 343
read:
140
write:
7
198 111
110 291
106 115
134 158
77 164
157 19
325 242
write:
1
106 120
read:
94
write:
5
245 196
266 37
354 289
76 167
210 306
write:
6
93 322
297 212
263 52
141 159
277 20
144 310
write:
8
337 223
274 230
175 273
60 64
290 128
177 144
317 63
224 132
write:
7
297 187
335 91
348 46
273 300
337 344
157 33
58 230
write:
4
130 41
310 199
205 353
20 37
write:
1
100 217
write:
7
201 135
345 176
259 42
344 183
48 88
317 231
97 293
write:
5
351 246
349 100
137 151
173 95
231 282
read:
194
read:
93
read:
101
write:
1
211 243
write:
6
137 125
278 325
193 70
56 86
273 62
57 308
write:
10
14 240
147 280
171 327
267 343
336 158
92 18
347 197
140 203
259 3
295 25
read:
14
write:
4
44 189
276 227
1 156
81 119
read:
162
read:
47
write:
3
10 6
313 181
111 62
read:
211
write:
8
33 79
156 150
64 299
281 149
245 154
100 159
333 76
88 110
read:
81
read:
194
read:
219
write:
6
76 41
146 84
206 199
44 93
289 7
1 218
read:
32
write:
1
122 142
write:
6
7 88
295 272
36 251
311 212
209 73
77 98
write:
3
106 254
151 136
89 57
read:
301
read:
300
write:
6
187 231
254 131
120 307
153 303
284 13
131 236
write:
2
139 224
286 186
write:
10
292 143
289 167
123 182
159 319
25 229
328 113
347 184
187 163
155 209
66 314
write:
8
46 168
46 237
146 228
155 62
186 349
40 276
184 286
321 67
read:
311
write:
3
191 204
250 177
181 298
write:
8
334 272
235 93
71 264
46 75
349 168
29 32
275 223
241 284
write:
8
37 348
354 39
99 264
122 240
134 146
331 263
25 170
327 44
write:
10
271 97
138 59
115 239
59 145
223 242
7 75
136 4
328 114
104 336
168 35
write:
5
184 58
329 250
48 160
230 201
45 143
read:
160
read:
13
write:
6
314 31
244 182
97 281
232 205
83 158
276 108
read:
290
write:
8
165 333
155 232
164 64
280 236
144 140
307 106
129 79
343 243
read:
332
write:
10
190 244
285 49
248 289
108 63
242 63
134 311
117 76
157 146
252 223
320 353
write:
10
68 193
331 181
113 164
352 318
30 202
100 224
125 132
198 227
179 16
2 147
read:
275
read:
79
read:
144
read:
266
write:
1
346 228
read:
285
write:
7
213 71
117 129
310 298
118 132
135 221
174 319
92 198
write:
6
276 73
22 189
197 308
168 139
181 251
53 286
write:
5
4 38
39 209
167 160
230 143
36 28
write:
6
233 167
240 332
86 129
266 166
54 176
6 276
write:
4
300 274
173 51
225 219
8 271
read:
154
write:
7
208 261
54 233
168 223
164 327
309 107
274 268
248 70
read:
336
write:
8
123 35
262 324
143 162
345 56
232 134
116 320
101 76
148 165
read:
88
read:
127
read:
249
write:
4
98 78
314 96
146 232
48 317
read:
250
write:
1
214 243
write:
9
223 100
153 128
160 202
81 179
100 86
14 34
198 341
195 270
134 118
write:
7
48 7
4 338
68 53
62 278
43 103
319 24
112 185
read:
21
read:
188
read:
37
read:
197
read:
338
write:
3
83 195
325 259
214 276
read:
213
write:
5
327 315
144 1
65 231
236 237
31 208
write:
3
99 102
14 61
171 52
read:
215
read:
84
read:
9
read:
31
write:
8
20 53
342 344
71 346
104 157
154 286
200 122
157 172
210 156
write:
9
123 316
136 144
314 224
262 182
160 326
57 201
258 278
126 238
198 343
read:
285
read:
5
read:
100
read:
150
read:
51
read:
276
read:
252
write:
8
349 80
4 292
209 194
32 317
194 81
132 316
196 114
98 6
read:
65
write:
9
343 302
61 80
85 316
301 135
98 227
235 245
185 50
289 288
259 231
read:
269
read:
121
write:
10
1 307
289 161
109 114
283 342
218 129
169 262
276 152
341 330
14 27
229 195
read:
27
write:
5
308 249
212 32
213 8
177 320
60 109
read:
14
read:
263
read:
42
write:
7
119 52
27 3
77 147
36 130
283 306
342 111
115 102
write:
9
24 13
353 133
284 245
93 9
278 309
322 292
30 156
2 102
68 101
read:
276
read:
8
read:
291
read:
152
read:
147
read:
163
read:
59
write:
8
75 25
88 99
295 84
328 190
171 219
57 43
345 135
31 54
write:
6
148 27
126 129
95 185
17 40
326 154
271 245
read:
300
write:
8
346 212
85 8
263 31
38 11
248 156
311 352
163 163
210 267
write:
7
279 300
273 288
61 161
290 147
327 178
239 311
300 170
write:
7
195 284
108 121
333 204
100 154
127 157
137 143
98 282
read:
51
read:
260
read:
289
read:
112
read:
94
read:
239
write:
2
183 49
111 37
read:
14
read:
44
read:
159
read:
34
write:
3
77 328
348 285
237 288
read:
219
write:
10
112 261
254 109
204 335
266 256
265 137
311 162
234 326
254 280
263 276
205 332
write:
1
61 309
write:
4
340 281
347 102
115 259
329 328
read:
316
write:
9
192 330
36 87
202 64
350 248
37 291
272 170
206 203
180 97
232 333
write:
9
71 331
234 252
204 232
111 32
273 238
135 131
4 101
10 99
207 66
read:
4
read:
221
write:
5
36 53
284 260
46 194
201 113
164 157
write:
8
331 319
253 10
105 111
348 167
155 192
179 114
231 349
38 212
write:
4
328 264
315 239
33 190
202 259
read:
255
write:
3
5 248
308 313
252 285
write:
6
190 205
36 222
221 341
207 315
24 254
295 31
read:
26
read:
153
read:
238
read:
185
read:
16
read:
297
write:
4
98 166
119 288
155 196
127 346
read:
20
write:
1
139 194
read:
166
write:
6
242 276
108 353
150 170
228 280
70 49
328 195
write:
7
287 295
346 84
41 311
112 174
154 132
207 299
73 168
write:
2
71 251
206 184
write:
4
260 87
327 227
115 312
228 263
read:
185
write:
10
201 102
136 215
322 46
93 227
280 187
118 185
164 135
26 11
147 248
271 333
read:
213
write:
4
263 33
81 228
285 104
85 129
write:
8
323 244
7 344
332 295
2 122
238 2
159 173
128 208
277 35
write:
7
35 203
34 79
35 227
273 343
132 55
227 238
91 100
write:
9
354 234
104 185
36 45
103 191
175 252
267 185
87 177
337 248
249 148
write:
6
184 77
130 117
247 276
24 112
269 116
154 181
write:
9
45 148
320 233
252 96
87 47
341 40
276 132
171 84
205 329
171 109
read:
250
write:
4
180 324
288 180
313 2
78 236
read:
265
write:
2
120 182
25 271
read:
43
write:
5
2 180
23 36
89 265
230 9
120 67
write:
8
133 48
77 238
227 8
178 326
25 140
300 290
235 136
29 314
read:
21
write:
7
137 71
180 75
199 295
4 120
82 34
164 102
267 29
read:
115
read:
306
write:
4
38 126
48 125
105 257
108 177
write:
8
134 309
4 305
128 221
175 70
223 61
52 341
236 195
82 197
read:
146
read:
344
write:
6
178 279
3 127
344 78
145 315
299 212
302 130
read:
153
write:
8
135 69
193 319
322 21
282 45
148 25
83 260
138 4
292 257
write:
1
181 227
write:
8
317 53
147 104
148 136
308 334
110 208
331 209
75 20
182 46
read:
342
read:
261
read:
209
read:
134
write:
1
133 245
write:
1
201 175
write:
9
137 134
316 338
176 275
6 353
27 80
80 317
265 240
60 267
244 297
read:
8
write:
8
354 269
346 36
187 210
191 2
250 222
29 123
200 158
340 48
write:
10
270 296
223 73
331 57
93 47
86 161
66 113
19 321
16 151
137 26
148 42
read:
280
read:
254
write:
8
245 297
157 262
59 209
260 295
196 304
99 210
320 17
122 342
read:
120
write:
8
94 176
330 154
210 110
243 195
79 290
171 124
58 317
342 248
write:
5
105 90
99 33
3 75
220 13
335 111
read:
130
read:
231
read:
254
write:
9
193 333
115 147
256 130
259 134
331 221
129 343
223 146
150 113
106 246
write:
9
80 33
339 297
60 37
263 350
105 84
17 57
185 70
273 205
342 307
write:
9
294 306
91 32
4 164
307 253
244 126
181 31
183 6
260 133
183 347
read:
171
read:
63
write:
3
155 172
211 209
14 137
write:
6
34 34
340 181
68 125
277 300
118 192
315 200
write:
10
258 19
151 241
182 196
30 253
148 114
281 230
228 94
348 133
35 170
15 298
read:
8
read:
13
read:
52
write:
8
258 173
269 8
183 7
184 338
226 88
211 155
27 235
208 156
read:
206
write:
5
328 288
4 19
57 275
203 10
153 80
write:
7
267 154
260 331
245 200
157 33
37 330
241 98
221 302
read:
173
write:
7
108 60
14 130
175 171
3 76
264 19
251 166
8 162
read:
317
read:
317
write:
3
177 242
110 222
15 184
read:
328
read:
221
write:
5
100 185
304 186
235 334
139 35
68 184
read:
255
read:
122
write:
8
7 165
253 53
217 293
318 185
141 185
165 288
249 40
293 339
write:
10
323 268
210 237
129 83
71 31
90 347
59 293
187 54
70 104
310 105
48 9
read:
151
write:
2
261 106
194 220
write:
9
55 115
298 311
128 45
56 82
265 225
326 81
322 92
322 218
292 229
read:
138
write:
5
204 52
115 106
24 336
272 226
90 269
read:
214
read:
236
write:
3
113 80
206 244
333 203
write:
5
329 80
183 138
42 345
200 233
90 167
read:
86
read:
297
read:
206
write:
5
112 64
155 204
304 284
314 147
14 234
write:
6
223 260
62 135
170 342
230 337
7 324
194 92
write:
6
107 50
298 134
260 354
17 52
135 105
228 323
read:
63
write:
5
279 191
327 44
238 117
302 82
148 305
write:
9
302 289
66 168
293 181
273 341
4 16
305 312
107 84
43 133
318 180
read:
249
write:
9
92 155
347 72
156 68
254 68
93 251
308 1
240 56
136 247
296 219
read:
334
read:
325
read:
260
write:
10
59 108
325 146
57 196
99 149
336 114
30 120
183 86
161 41
178 244
327 208
write:
10
252 121
52 8
149 60
4 14
352 82
82 46
75 259
189 117
182 102
228 142
write:
8
282 354
295 235
256 254
102 88
127 81
125 315
190 278
182 268
write:
4
50 344
174 130
152 262
338 105
write:
5
233 129
292 224
225 309
220 257
246 59
read:
274
read:
285
read:
115
read:
114
write:
2
225 328
266 27
read:
103
write:
4
18 266
115 101
96 188
198 184
write:
6
165 21
305 335
79 234
298 64
268 330
327 268
write:
8
4 349
135 208
93 140
333 203
130 132
177 185
268 257
91 65
write:
7
249 177
159 225
322 92
78 97
156 159
23 280
10 153
read:
195
write:
4
131 302
295 46
154 100
101 248
write:
5
162 125
1 126
77 208
123 251
44 244
read:
177
read:
39
write:
1
219 228
write:
9
152 194
199 346
280 254
86 128
32 354
296 149
164 230
182 90
106 333
read:
190
read:
119
write:
10
287 262
294 134
71 330
216 103
18 190
229 259
309 277
238 257
126 333
102 78
write:
1
224 352
write:
2
4 76
352 13
write:
1
300 327
write:
2
302 339
90 136
read:
55
read:
53
read:
197
read:
285
write:
6
149 342
317 37
217 167
295 165
99 344
110 76
write:
10
151 268
353 56
108 149
213 114
314 164
102 338
205 198
302 104
266 339
205 152
write:
5
89 106
8 310
345 252
171 327
267 352
write:
3
74 89
289 20
94 88
read:
2
write:
2
50 345
32 239
read:
256
write:
10
248 103
99 315
105 250
182 236
276 14
107 105
205 62
156 209
303 318
134 96
write:
3
12 286
353 179
266 346
read:
108
write:
6
265 66
82 72
213 82
117 59
76 134
256 11
read:
101
write:
9
349 7
220 156
246 81
109 155
211 307
35 188
36 344
266 208
237 2
write:
6
210 306
135 168
158 109
94 279
196 229
200 8
write:
9
149 284
286 291
146 27
173 204
208 271
158 147
119 286
258 143
204 305
write:
3
8 308
155 245
203 153
write:
1
76 162
write:
1
295 137
read:
143
write:
3
343 237
284 253
197 282
write:
7
273 151
280 127
196 323
199 212
256 171
263 284
71 93
write:
1
73 251
write:
10
159 214
7 36
45 353
111 131
12 286
110 143
185 349
238 43
147 42
105 211
read:
242
write:
6
92 167
21 87
48 34
273 150
92 159
289 30
write:
6
226 77
301 215
12 162
161 323
68 234
171 14
write:
6
118 233
340 254
333 88
26 223
167 325
345 179
read:
239
read:
160
read:
222
read:
107
write:
6
75 294
277 343
66 290
191 338
19 306
310 313
read:
1
read:
81
read:
28
read:
253
read:
170
write:
7
309 207
84 10
354 111
237 118
29 316
220 300
180 64
write:
6
215 244
306 165
151 265
57 332
350 139
270 315
write:
6
105 108
301 91
32 276
145 196
321 18
233 222
write:
2
155 265
328 347
write:
6
232 193
287 54
90 17
172 50
290 267
221 283
write:
9
137 292
312 120
232 261
234 302
292 321
16 138
134 129
7 14
335 322
write:
2
305 38
148 169
read:
198
write:
7
238 215
255 189
57 279
320 246
44 82
7 242
80 161
write:
3
274 220
237 263
171 165
write:
5
169 200
60 164
34 37
57 163
9 87
write:
5
173 59
300 332
245 325
191 188
209 243
read:
182
write:
6
84 36
203 281
7 226
67 253
302 350
315 172
write:
2
323 155
267 52
read:
258
read:
220
read:
263
read:
42
write:
8
25 90
189 77
330 110
295 115
137 128
337 46
292 87
284 128
write:
2
233 165
157 127
read:
298
read:
231
write:
2
352 196
1 190
read:
354
write:
8
244 345
211 215
81 256
324 292
102 228
120 8
210 169
248 277
write:
4
232 7
89 348
155 262
77 44
write:
7
87 171
36 63
207 271
179 48
188 17
288 50
352 149
read:
20
read:
93
read:
124
read:
172
read:
275
write:
2
6 18
143 58
read:
243
write:
9
210 269
165 102
56 37
324 81
302 51
137 74
255 11
90 333
90 348
write:
2
92 201
335 179
read:
216
read:
111
write:
9
269 262
154 230
16 234
195 40
140 58
251 105
108 128
176 156
150 337
read:
200
read:
267
read:
295
read:
11
write:
5
55 279
142 37
266 337
1 338
340 149
write:
8
345 70
251 38
237 348
326 7
153 319
42 3
37 322
319 92
write:
6
168 343
231 128
330 192
29 302
290 274
104 26
write:
6
274 148
205 237
64 149
198 275
239 169
311 322
read:
207
write:
9
94 283
158 317
36 316
342 21
219 354
249 114
258 247
286 302
172 322
read:
171
read:
172
write:
7
335 321
131 43
118 214
340 202
100 209
146 197
100 147
read:
308
read:
6
read:
308
read:
167
write:
6
241 103
190 156
60 80
219 81
112 170
99 70
write:
6
112 93
112 302
338 320
71 155
235 162
335 303
write:
4
237 308
48 279
19 284
217 166
write:
8
162 258
313 21
308 306
114 152
107 66
275 22
218 73
251 104
read:
109
write:
6
151 228
93 316
220 56
3 160
33 344
315 239
write:
10
204 75
215 219
240 284
289 317
144 184
247 190
329 263
214 91
196 80
106 204
write:
5
197 7
92 297
18 349
231 11
264 51
write:
9
316 50
72 80
50 297
107 252
39 91
66 341
28 234
207 15
300 304
read:
163
read:
272
write:
6
59 102
120 281
62 284
75 175
327 241
179 338
read:
78
read:
320
write:
3
279 347
251 327
13 185
read:
191
write:
5
51 291
349 309
78 222
125 293
260 82
read:
249
read:
283
write:
6
7 306
75 235
75 332
168 82
224 150
268 220
read:
351
write:
3
150 188
313 285
11 76
write:
9
59 149
267 79
322 96
90 324
336 194
179 273
222 254
159 67
32 213
write:
5
115 280
318 296
308 165
213 329
235 173
write:
1
166 318
read:
42
read:
335
write:
9
221 185
353 206
109 300
68 163
24 272
129 330
167 73
1 49
158 297
write:
4
317 7
43 42
286 214
331 29
write:
3
282 136
174 85
138 294
write:
4
259 174
158 303
21 147
270 111
read:
126
read:
127
write:
9
277 13
132 7
115 213
336 38
147 43
179 134
232 122
125 192
136 88
read:
314
write:
1
191 158
read:
302
read:
96
write:
5
342 81
79 306
169 12
128 59
106 159
write:
10
308 333
19 184
173 114
156 185
31 60
304 187
330 174
274 316
52 227
223 212
write:
4
286 144
220 320
259 299
350 43
write:
3
129 291
291 274
290 147
write:
2
236 97
332 57
read:
205
read:
40
read:
34
read:
321
read:
236
write:
3
276 207
48 280
337 69
read:
126
write:
5
88 351
126 10
190 138
275 270
255 286
read:
172
read:
207
write:
4
248 138
350 44
192 135
2 82
read:
68
write:
1
161 274
write:
8
279 119
50 227
119 140
312 251
225 325
265 317
347 188
136 228
write:
8
329 285
112 243
217 43
46 293
116 252
157 123
127 291
215 135
read:
296
write:
6
50 103
144 148
211 27
294 127
225 120
62 248
write:
3
82 295
122 313
38 228
read:
272
read:
156
write:
2
111 227
133 40
read:
65
write:
7
133 320
259 233
151 8
95 36
219 259
247 233
95 36
read:
99
read:
256
write:
3
75 276
270 53
7 264
read:
160
read:
136
read:
246
read:
7
read:
4
write:
10
137 242
207 164
285 246
297 347
309 62
64 267
350 70
285 301
86 33
129 258
read:
95
read:
256
read:
128
read:
243
read:
115
write:
7
168 11
346 245
222 344
113 185
184 78
208 254
31 270
write:
10
215 235
114 298
237 340
106 2
148 289
125 48
254 251
140 143
295 103
85 246
write:
8
346 175
263 98
139 351
229 158
162 41
137 7
297 105
112 39
read:
272
write:
5
12 208
156 206
191 165
64 141
289 250
write:
6
5 76
267 192
114 184
82 85
302 122
128 241
write:
2
47 190
148 42
write:
4
332 110
341 330
300 9
204 248
write:
2
71 77
353 82
write:
3
260 263
105 185
227 327
read:
188
write:
6
275 142
202 159
218 194
264 150
287 118
335 221
read:
202
write:
10
60 278
145 292
288 82
214 206
40 46
36 217
204 344
286 98
163 82
78 165
write:
7
309 100
252 172
170 196
3 183
238 296
33 221
15 291
write:
9
166 28
280 227
120 275
185 337
285 324
269 146
157 16
79 328
116 108
write:
1
292 51
read:
255
read:
217
read:
140
write:
7
81 127
222 300
97 342
29 256
182 224
255 66
111 265
read:
320
read:
199
write:
8
238 87
145 76
105 57
241 294
70 185
208 76
257 218
246 200
write:
9
329 327
347 346
105 206
235 229
350 191
36 345
277 8
63 299
132 227
write:
6
175 257
231 314
146 296
105 347
272 24
228 162
write:
8
181 221
329 126
63 29
215 274
60 18
58 316
77 246
88 126
write:
3
45 341
47 66
349 334
write:
7
95 42
4 139
73 220
270 190
48 135
57 270
106 139
write:
9
63 292
300 270
38 277
108 10
139 167
96 173
9 133
113 168
15 51
read:
39
read:
257
write:
4
23 26
298 259
202 49
42 235
read:
272
write:
2
115 105
332 347
read:
231
read:
306
write:
8
182 173
245 275
116 289
27 252
321 233
269 72
216 226
17 148
read:
169
read:
83
write:
1
250 203
read:
333
read:
97
write:
2
213 19
259 105
read:
97
read:
246
read:
140
read:
9
read:
62
read:
177
read:
37
write:
6
134 106
295 166
316 332
340 294
29 43
37 122
read:
338
read:
56
read:
128
write:
8
216 284
32 331
58 74
167 61
295 268
182 128
3 115
251 244
read:
63
write:
3
90 232
165 226
46 14
read:
50
read:
309
write:
2
212 91
232 143
read:
169
read:
179
write:
7
275 323
270 199
121 205
302 13
269 31
151 335
181 283
read:
73
write:
1
197 136
write:
10
168 181
59 323
305 76
250 262
329 68
333 290
350 249
251 350
148 336
126 157
read:
99
read:
251
read:
268
write:
8
231 255
81 321
304 89
316 252
125 80
277 187
251 222
118 39
write:
8
232 116
93 154
280 133
337 51
351 345
59 126
209 30
123 277
write:
2
328 233
283 286
write:
3
22 88
36 146
21 96
write:
4
251 310
197 216
211 103
91 328
read:
347
write:
9
220 168
141 154
135 57
20 149
175 119
218 108
107 117
98 72
317 89
write:
1
95 132
write:
3
79 112
126 192
341 203
write:
10
115 116
77 250
217 247
114 225
8 46
80 10
79 175
298 231
235 96
24 125
write:
7
183 294
321 228
341 353
172 127
27 275
18 9
303 84
write:
7
252 47
1 337
104 97
145 188
348 73
314 231
48 195
write:
2
333 64
1 111
write:
6
232 321
344 74
14 129
346 228
174 195
157 266
read:
259
write:
7
242 63
318 79
232 252
313 222
139 110
230 269
19 262
read:
319
read:
352
write:
4
123 207
325 308
160 236
221 248
write:
4
264 241
260 60
177 71
75 8
read:
73
read:
260
read:
92
read:
307
write:
8
154 345
170 266
231 78
71 235
322 354
88 322
189 205
325 198
write:
1
67 81
write:
6
78 240
259 129
237 53
127 131
320 262
116 53
read:
267
read:
283
write:
4
341 18
334 305
81 120
82 199
write:
1
200 5
read:
273
read:
194
write:
3
25 52
143 320
233 308
read:
72
read:
250
write:
10
278 346
330 86
49 204
117 187
233 243
72 60
37 25
292 43
44 317
11 167
read:
8
read:
121
read:
27
write:
5
133 219
47 258
92 150
307 308
270 40
read:
325
read:
226
write:
9
65 152
40 143
294 131
347 267
210 113
216 116
175 287
69 305
96 105
write:
2
194 82
228 263
write:
2
49 337
22 89
write:
4
294 181
83 177
272 264
333 262
write:
4
81 135
222 332
138 93
300 98
write:
6
295 346
322 228
168 102
110 126
183 197
103 100
write:
2
264 165
29 108
write:
6
302 149
340 208
108 21
131 31
131 1
306 182
write:
10
142 104
78 50
115 93
337 291
253 101
207 272
96 203
19 241
140 43
315 186
read:
339
write:
1
308 315
read:
170
write:
2
126 68
29 160
write:
3
345 321
224 145
210 157
read:
22
write:
7
302 166
121 194
105 290
213 195
322 193
303 141
65 344
write:
8
208 99
249 231
15 4
70 279
162 313
340 86
302 338
89 63
write:
7
122 326
267 60
143 257
175 32
274 291
293 183
163 4
read:
348
write:
6
189 25
136 82
123 220
324 230
17 291
349 30
read:
86
read:
193
read:
277
read:
54
write:
8
228 196
288 313
62 173
107 171
220 113
230 347
278 323
92 175
read:
54
write:
1
247 328
read:
151
read:
280
read:
203
read:
244
read:
204
read:
270
read:
322
write:
6
351 152
111 253
31 255
220 326
17 54
294 22
write:
3
31 254
128 176
95 58
write:
6
190 263
36 196
55 217
351 179
10 227
91 74
read:
230
read:
102
read:
44
write:
9
305 17
292 152
40 351
271 90
146 61
152 107
85 238
246 70
18 113
read:
152
write:
9
39 65
324 119
94 119
182 285
232 350
160 8
98 172
92 102
67 301
write:
1
84 5
write:
8
12 129
23 92
61 41
242 50
178 162
136 72
124 322
154 80
write:
1
101 352
read:
6
write:
2
177 327
93 75
read:
200
write:
7
335 308
56 239
177 229
75 329
242 84
339 295
7 115
write:
3
161 212
140 168
136 203
write:
3
291 336
13 243
86 179
write:
5
8 235
263 299
105 245
200 141
26 114
read:
160
read:
144
write:
7
124 294
248 241
206 295
78 278
8 118
183 312
23 168
read:
118
read:
157
write:
2
155 39
330 145
write:
1
328 103
read:
273
write:
10
278 240
60 250
145 49
34 126
103 211
330 144
243 330
110 134
331 298
185 244
read:
104
write:
1
23 206
write:
1
192 309
write:
3
236 261
174 352
189 314
write:
6
97 50
338 42
70 102
323 99
105 14
172 206
read:
215
read:
311
read:
207
read:
122
write:
1
267 230
write:
3
233 1
140 33
250 96
read:
30
write:
4
238 104
256 23
189 288
225 224
write:
2
220 216
336 39
read:
148
write:
8
10 216
339 171
226 338
347 159
215 234
1 342
343 189
279 343
read:
60
write:
10
247 229
53 86
334 21
107 152
286 211
284 105
227 271
232 165
40 233
112 151
read:
15
write:
5
307 22
300 11
134 132
73 333
275 132
write:
9
322 1
44 3
40 151
299 315
153 288
349 225
316 232
26 188
157 11
read:
219
read:
81
write:
6
25 194
51 97
156 185
302 210
228 78
350 38
read:
204
write:
8
341 145
272 270
349 72
205 153
115 296
337 48
242 261
299 51
write:
6
297 253
133 94
159 55
342 69
256 251
12 168
write:
6
39 64
319 50
176 170
347 337
238 296
107 263
read:
111
read:
110
write:
9
185 128
147 277
3 240
158 31
308 182
97 118
64 163
346 102
103 60
read:
51
read:
25
write:
5
247 230
48 52
110 284
297 274
12 69
read:
139
write:
10
30 21
310 185
131 111
134 316
267 177
350 136
113 85
300 277
14 251
146 162
write:
5
60 66
195 188
72 333
122 317
41 91
write:
1
326 80
write:
8
344 78
97 83
255 255
53 1
24 77
57 176
139 265
262 210
read:
40
write:
9
139 295
33 151
171 259
197 184
219 91
205 305
178 87
15 259
12 209
read:
239
write:
3
194 340
279 290
23 178
write:
8
138 129
66 220
7 206
218 23
337 343
276 277
92 168
130 297
write:
5
205 294
81 258
34 196
207 316
36 239
read:
195
read:
170
read:
290
write:
7
35 348
61 162
149 239
71 214
48 89
194 89
272 279
read:
279
write:
1
253 118
read:
58
write:
3
135 66
12 208
348 1
write:
10
169 96
322 316
189 306
169 75
223 260
298 330
18 153
272 183
102 110
11 42
read:
48
read:
212
write:
3
211 12
53 354
77 244
read:
345
read:
299
write:
4
173 349
185 243
76 326
281 212
write:
8
97 346
340 230
108 307
159 78
49 45
24 287
182 345
30 127
write:
2
73 29
304 173
read:
48
read:
256
write:
1
126 315
write:
2
95 178
284 6
write:
3
76 169
27 268
95 258
write:
1
231 46
write:
1
66 260
write:
7
58 155
280 320
29 350
190 89
324 80
351 75
90 245
read:
44
read:
259
read:
351
read:
64
write:
8
338 326
44 181
349 321
320 42
197 230
58 310
176 218
158 142
write:
9
335 294
257 274
5 265
12 335
227 183
76 295
54 4
23 32
107 186
read:
87
write:
5
145 286
13 249
266 299
150 215
354 279
write:
4
195 138
272 101
210 85
147 329
read:
44
write:
3
188 8
245 117
242 13
write:
8
354 72
142 101
304 303
66 354
350 174
313 186
41 342
337 30
write:
10
293 341
140 163
158 147
333 173
348 202
70 318
116 1
131 47
157 104
209 65
read:
21
write:
9
66 285
97 178
23 69
320 62
48 15
224 77
218 278
24 347
162 166
write:
10
37 16
93 51
21 103
24 109
325 65
145 207
354 312
335 267
136 281
268 87
read:
164
write:
4
318 330
1 311
293 81
105 346
write:
7
75 8
274 159
35 316
88 238
227 295
26 172
339 174
write:
7
295 98
16 147
54 203
33 2
64 141
69 181
289 248
write:
9
212 79
144 18
332 245
82 300
86 109
92 93
95 81
285 42
252 185
read:
118
read:
117
write:
3
67 329
175 24
286 42
read:
2
write:
4
229 175
309 236
157 213
184 282
write:
4
42 321
322 200
154 110
334 208
write:
2
8 108
247 249
write:
10
221 330
143 274
251 302
29 20
187 156
262 199
219 78
14 180
267 294
65 90
read:
195
write:
9
283 164
162 104
188 212
92 263
316 313
244 216
197 4
333 221
285 287
read:
145
read:
225
write:
6
218 126
163 169
295 142
97 59
212 130
84 280
write:
2
232 271
182 60
write:
2
264 231
192 247
read:
222
read:
167
write:
3
213 132
324 306
179 227
read:
312
write:
6
10 209
125 267
180 12
224 91
116 32
177 10
write:
5
336 223
100 322
12 326
9 186
62 8
read:
156
write:
1
162 155
write:
6
348 265
148 135
316 137
125 82
286 321
183 75
write:
5
188 22
198 204
61 162
123 116
333 314
read:
117
read:
180
read:
208
write:
1
204 58
read:
267
read:
86
read:
315
write:
4
105 210
31 14
207 113
72 263
write:
7
247 53
21 283
309 37
177 199
203 258
294 233
48 202
write:
6
23 24
175 36
267 332
48 215
121 132
3 261
write:
9
157 348
43 142
326 97
41 325
310 247
272 115
194 197
161 344
229 318
read:
323
write:
1
256 37
write:
3
134 84
85 28
38 334
write:
7
134 353
242 262
136 177
318 147
145 294
154 298
15 261
write:
3
117 136
311 273
91 161
write:
4
117 193
286 58
117 65
229 3
write:
4
173 217
62 2
339 125
188 145
read:
48
write:
8
147 269
123 167
112 298
148 82
175 142
190 7
151 93
142 152
write:
7
224 341
320 183
34 156
88 274
130 329
76 94
301 270
write:
10
301 58
216 89
266 338
85 83
354 130
128 269
119 288
301 339
146 182
246 302
write:
8
255 14
157 82
163 193
313 185
331 309
62 349
255 46
328 351
read:
143
write:
5
134 250
80 67
1 1
325 171
311 161
read:
265
read:
143
write:
10
76 167
240 327
163 229
27 237
317 145
85 83
334 64
221 57
340 81
169 143
read:
350
write:
5
237 72
74 165
283 294
78 184
331 22
write:
4
332 344
339 283
209 59
68 310
write:
5
222 331
229 308
22 244
74 63
172 165
write:
1
256 352
write:
2
197 176
152 212
read:
178
write:
10
259 102
232 140
36 99
207 347
88 270
65 304
166 84
120 127
139 246
248 62
read:
330
read:
35
write:
1
335 126
read:
145
read:
23
read:
250
write:
4
132 54
263 342
327 96
195 221
read:
315
read:
165
write:
2
238 183
78 330
read:
330
read:
53
write:
4
222 258
278 87
90 33
281 350
read:
294
write:
5
134 269
347 249
56 36
155 290
12 135
write:
8
98 259
195 169
257 124
49 28
303 299
303 143
106 342
31 208
read:
41
write:
4
147 215
212 98
242 258
170 105
read:
110
read:
288
write:
5
70 213
83 93
334 106
39 12
149 72
read:
160
read:
37
read:
297
read:
271
read:
170
read:
344
read:
2
read:
48
write:
3
99 295
73 57
194 75
write:
7
143 339
189 93
241 296
11 336
247 252
2 16
94 13
read:
167
write:
3
90 253
98 42
109 72
write:
8
104 21
145 351
343 154
8 249
300 341
16 112
225 153
139 125
write:
6
149 207
271 125
341 276
63 265
332 30
26 17
write:
7
33 44
280 131
41 314
144 347
310 117
22 137
146 280
write:
2
66 166
206 210
read:
274
read:
84
read:
191
write:
9
222 160
103 165
176 149
33 20
303 54
15 286
314 235
267 130
348 319
write:
2
139 352
202 94
read:
142
write:
3
29 186
90 58
113 292
read:
90
write:
1
224 190
read:
50
read:
330
read:
271
read:
300
write:
5
186 259
320 350
265 44
148 311
322 91
read:
338
write:
8
250 40
60 155
300 309
115 335
290 203
267 63
115 150
189 239
read:
75
read:
128
write:
9
265 45
32 95
288 165
225 229
270 59
299 155
311 230
42 49
128 19
read:
251
read:
201
read:
80
write:
10
176 199
143 146
106 146
232 117
65 348
42 297
135 184
135 78
169 336
59 315
write:
3
206 75
280 274
162 343
read:
311
read:
9
write:
10
66 290
99 81
336 241
242 302
331 67
32 353
134 312
66 12
181 6
39 59
write:
8
225 64
220 25
12 202
142 251
226 204
32 350
43 13
45 191
write:
10
204 61
130 46
330 11
161 139
161 189
336 60
209 291
349 172
105 123
162 175
write:
2
147 189
102 117
write:
1
34 71
read:
254
read:
19
read:
62
write:
6
34 153
284 65
255 292
262 129
196 126
236 140
write:
1
24 107
write:
6
325 310
113 74
18 151
69 81
351 86
64 246
write:
4
73 167
19 281
171 209
24 316
read:
145
write:
4
334 49
350 43
88 223
134 205
read:
295
write:
5
88 348
248 199
318 116
324 12
153 212
write:
8
15 323
39 32
77 331
196 58
206 161
2 208
32 137
266 276
write:
10
116 222
151 299
71 328
77 5
185 91
302 222
310 86
19 73
319 85
73 319
write:
6
75 11
221 192
199 231
189 64
341 197
158 256
write:
7
282 214
43 296
185 46
49 112
73 228
102 121
206 323
write:
4
84 88
116 73
208 206
286 210
write:
2
246 344
254 167
read:
127
read:
199
read:
309
read:
336
read:
302
read:
209
read:
124
write:
6
139 131
199 185
58 110
222 79
184 174
104 286
write:
3
18 319
131 214
270 331
write:
1
48 102
read:
113
write:
7
215 305
11 71
29 244
25 34
43 288
92 337
102 215
read:
251
write:
8
185 58
269 196
325 119
151 235
40 287
317 64
226 312
293 53
read:
7
write:
3
170 274
85 243
221 120
read:
14
write:
10
63 142
52 322
244 327
212 302
223 42
297 247
193 201
178 71
320 201
174 188
read:
8
read:
208
read:
168
read:
279
write:
6
35 26
221 47
284 267
159 53
51 167
57 306
write:
10
114 192
82 211
155 68
345 193
109 103
39 205
25 45
210 112
43 251
75 4
write:
5
264 330
84 253
339 287
281 184
86 343
write:
2
12 106
285 321
write:
2
228 119
63 84
read:
95
read:
302
read:
306
read:
277
write:
6
107 51
40 77
348 309
39 335
171 14
75 79
write:
9
18 17
200 287
162 288
321 155
280 94
52 13
173 127
87 301
333 115
write:
8
70 264
216 89
253 180
69 120
126 212
309 37
329 238
98 70
read:
230
read:
350
write:
2
170 12
48 16
read:
315
write:
9
289 203
25 168
143 224
228 324
290 222
30 123
132 185
228 32
245 226
write:
1
334 340
read:
213
write:
9
110 354
270 10
249 184
155 323
72 310
334 3
195 95
55 338
163 19
read:
140
read:
31
write:
2
134 338
205 223
write:
9
274 165
350 85
299 24
277 344
119 11
321 326
192 100
154 272
238 285
read:
327
write:
2
115 267
29 149
write:
1
58 81
read:
159
read:
159
read:
320
read:
164
write:
4
29 238
278 220
78 161
100 275
read:
285
read:
71
write:
10
94 207
148 3
43 340
252 177
65 318
93 99
35 239
196 167
7 9
219 42
write:
8
34 353
44 197
103 32
21 273
16 330
69 236
19 67
138 336
read:
91
read:
164
read:
206
read:
50
write:
5
304 143
116 253
142 258
30 135
182 353
write:
10
319 184
76 152
245 250
156 18
118 267
141 151
143 238
167 316
255 311
122 19
read:
215
read:
189
read:
169
read:
61
read:
293
write:
3
127 187
71 66
135 226
write:
5
149 185
303 172
126 337
339 239
262 341
read:
64
read:
56
write:
10
71 127
200 310
170 185
180 46
330 284
34 310
31 134
287 251
269 180
208 286
read:
328
write:
4
180 226
320 176
236 264
3 323
read:
50
read:
343
read:
298
write:
1
6 121
write:
5
343 205
204 303
253 350
137 262
180 262
write:
10
29 221
69 151
232 174
219 99
133 123
274 196
345 68
159 306
164 288
147 64
write:
1
193 332
read:
155
read:
88
read:
223
read:
317
read:
293
write:
6
142 333
179 340
32 119
141 18
6 337
12 339
write:
1
237 173
read:
129
write:
9
252 287
270 76
170 57
217 257
134 276
100 287
61 43
178 284
343 64
read:
5
write:
4
96 327
184 52
129 89
240 43
read:
110
write:
3
205 39
285 202
324 135
write:
4
317 97
298 346
21 349
81 40
write:
9
163 19
238 325
337 120
348 306
149 300
106 304
332 311
42 113
58 106
write:
3
16 167
19 110
132 307
read:
311
read:
76
read:
119
write:
5
301 252
12 329
144 25
11 52
207 44
read:
289
read:
130
write:
7
43 249
260 92
350 56
169 184
238 258
248 120
63 240
read:
113
read:
232
read:
251
read:
55
read:
254
read:
348
read:
332
read:
243
write:
1
277 130
read:
101
read:
328
write:
6
189 110
344 238
126 124
212 140
14 63
12 98
read:
176
write:
9
206 156
13 151
109 259
223 4
57 296
125 218
316 136
74 86
103 199
write:
8
16 341
18 198
163 337
37 67
19 240
160 328
343 219
195 66
write:
1
50 336
write:
1
299 177
write:
3
108 203
4 14
68 150
read:
42
write:
2
184 118
18 74
write:
7
40 110
157 119
53 54
197 219
213 176
188 75
293 3
write:
2
126 210
240 190
write:
7
315 25
96 104
181 177
217 107
326 240
70 51
264 288
read:
155
write:
8
76 65
36 39
79 35
113 162
61 106
326 296
58 161
306 100
write:
9
31 126
279 209
114 238
78 6
340 74
46 268
336 224
247 150
64 197
read:
263
read:
186
read:
258
read:
71
write:
1
310 192
write:
10
143 46
59 159
293 98
145 137
318 49
144 31
201 259
43 50
163 217
57 123
write:
3
144 101
154 261
275 96
read:
351
read:
295
read:
219
write:
1
60 325
write:
7
284 4
98 311
275 70
224 70
259 304
266 207
41 18
write:
9
150 199
165 306
242 193
10 276
294 296
15 179
306 179
144 60
329 88
read:
275
write:
6
44 124
219 210
75 323
14 86
27 295
145 151
write:
6
11 52
327 32
69 220
153 200
158 11
299 310
read:
286
read:
267
write:
4
76 210
248 330
93 82
273 342
read:
230
read:
296
write:
10
206 86
84 84
56 228
220 196
10 290
293 226
84 26
136 101
143 21
188 242
read:
192
write:
3
27 182
309 307
126 226
read:
220
write:
5
318 221
61 148
197 113
317 324
282 177
write:
3
19 241
81 118
14 347
read:
285
write:
1
229 60
write:
4
30 326
308 238
57 315
276 278
read:
2
read:
97
write:
7
186 248
26 51
297 82
126 233
276 277
11 22
119 265
write:
1
321 67
write:
9
290 125
286 270
259 287
187 132
326 120
118 43
232 267
128 336
39 62
read:
73
write:
10
258 62
235 152
287 285
107 158
206 17
248 170
38 154
337 138
161 87
161 121
write:
9
191 309
347 200
279 90
80 34
38 155
130 130
237 97
330 150
274 114
read:
160
write:
9
314 136
51 246
83 180
50 58
295 286
141 154
149 165
124 135
284 126
write:
8
45 96
19 276
174 152
26 99
218 154
297 251
102 345
286 138
read:
15
write:
1
81 353
write:
7
99 103
145 233
66 244
109 351
49 87
290 289
268 235
write:
7
352 223
268 89
90 324
1 209
249 88
344 10
79 33
read:
113
write:
1
261 173
write:
8
349 189
237 6
260 192
207 105
268 222
264 122
198 46
315 247
read:
1
read:
156
write:
3
7 184
223 122
108 167
read:
109
write:
7
106 97
346 185
24 21
207 328
134 330
314 341
69 234
read:
328
read:
268
write:
10
166 79
15 66
86 43
195 331
314 8
38 283
203 210
34 91
158 66
69 286
read:
236
write:
9
312 18
94 156
328 62
102 259
63 269
71 69
251 262
165 76
237 273
write:
8
70 290
150 109
69 348
148 27
25 230
99 54
292 333
289 278
write:
2
213 338
165 243
write:
9
143 51
60 206
238 159
332 147
125 270
14 342
177 347
94 156
324 64
read:
86
read:
297
write:
2
289 27
242 44
write:
4
328 347
239 61
168 213
292 107
write:
10
38 91
237 335
307 147
170 29
337 345
228 255
198 347
52 262
50 154
85 298
write:
9
89 332
269 48
11 278
134 133
297 9
61 218
147 196
38 310
164 240
read:
253
write:
8
126 348
47 81
265 324
266 137
309 287
281 255
74 138
125 318
write:
2
56 319
80 59
read:
102
read:
134
read:
143
write:
8
280 155
221 299
91 137
76 180
144 187
239 28
288 133
261 235
read:
189
read:
9
read:
37
read:
350
write:
8
22 44
332 52
206 234
304 282
301 159
310 351
179 113
188 171
read:
182
read:
66
read:
258
write:
5
7 147
70 242
317 286
265 237
301 160
read:
100
write:
6
297 266
68 9
86 33
131 176
352 6
336 225
read:
328
read:
203
read:
131
write:
1
162 301
write:
8
341 75
308 214
176 311
73 168
207 281
180 159
58 36
115 157
read:
123
write:
9
138 333
36 62
178 78
49 38
119 154
319 150
119 306
142 68
185 67
write:
1
291 270
write:
2
339 193
134 324
write:
4
243 149
232 176
303 212
195 161
read:
128
write:
9
201 66
245 133
298 198
172 63
3 210
45 352
289 289
130 83
145 330
read:
313
read:
149
write:
4
303 211
305 241
342 255
208 250
read:
35
write:
8
280 279
148 87
197 109
115 271
7 172
13 258
207 301
35 84
read:
282
read:
126
write:
10
117 141
193 45
28 299
88 60
344 3
115 337
213 299
167 207
317 132
61 280
read:
149
write:
7
177 219
298 44
41 114
213 163
250 97
349 99
216 16
write:
3
78 74
147 136
32 229
read:
111
write:
5
143 122
340 146
345 58
221 334
340 154
write:
8
319 66
331 94
347 303
213 142
16 252
142 326
32 194
290 267
read:
333
read:
340
read:
42
read:
230
read:
84
write:
3
336 306
91 124
334 183
write:
10
327 111
163 110
16 41
346 137
208 292
225 243
51 24
125 152
342 5
58 96
read:
73
read:
227
write:
9
188 172
104 156
11 327
128 215
265 62
28 26
321 350
44 152
7 216
write:
1
93 269
write:
7
287 139
214 119
346 188
122 175
111 265
344 84
338 117
read:
192
write:
10
256 91
119 16
194 72
40 32
70 254
180 124
198 296
290 49
138 3
317 40
write:
10
235 58
348 312
237 310
192 165
144 204
36 62
34 319
148 94
148 324
206 162
write:
3
282 30
339 186
82 177
read:
136
read:
347
read:
251
write:
2
143 139
35 208
read:
11
read:
95
read:
226
read:
293
write:
6
30 204
29 190
41 107
16 176
19 122
258 10
write:
4
271 311
81 132
247 271
265 329
read:
256
read:
11
write:
8
23 350
203 310
291 55
1 269
247 235
60 98
313 117
243 88
read:
189
write:
10
334 186
112 47
295 280
26 93
27 101
181 95
150 293
193 113
333 92
243 44
write:
2
182 119
287 178
read:
310
read:
265
write:
3
235 197
172 71
195 85
write:
9
148 22
249 103
242 292
66 225
153 157
6 56
245 50
220 317
20 73
write:
3
77 330
26 30
182 132
write:
5
208 339
192 286
216 104
24 296
157 165
read:
84
write:
5
341 107
101 318
320 225
241 171
177 215
read:
220
read:
67
read:
268
write:
10
33 297
35 180
207 159
209 295
115 14
48 146
281 176
222 252
235 144
171 79
read:
62
write:
4
138 84
125 315
216 42
177 283
write:
3
251 325
159 129
93 13
read:
219
read:
190
read:
83
write:
6
252 204
104 54
294 52
158 288
195 333
185 222
write:
10
326 123
291 284
191 224
299 239
288 303
221 147
252 145
287 175
113 352
81 228
write:
9
74 46
121 256
1 59
233 318
194 300
175 349
282 269
88 215
343 17
write:
5
199 45
62 160
62 263
13 140
298 304
read:
13
read:
260
write:
7
313 272
269 181
132 17
53 89
278 297
125 66
346 244
read:
173
read:
4
write:
4
116 90
345 187
52 225
108 220
read:
80
write:
9
255 69
300 286
83 134
180 182
46 205
93 158
157 276
263 206
269 176
write:
7
40 218
137 8
229 26
204 288
331 282
352 156
121 103
write:
9
328 204
225 299
119 320
86 39
341 299
316 126
78 286
249 181
338 343
read:
231
write:
2
293 317
102 47
write:
1
201 100
read:
339
read:
53
write:
6
321 38
42 12
56 76
301 332
56 194
146 273
write:
7
216 138
235 202
185 21
68 19
97 100
256 183
324 320
write:
6
53 87
135 206
53 96
251 256
113 261
219 203
read:
224
read:
38
write:
9
347 305
27 75
115 251
208 143
170 223
272 251
48 207
149 86
185 109
write:
7
273 104
343 10
62 95
12 4
145 124
199 331
216 158
read:
43
write:
8
353 89
222 61
209 253
292 182
251 26
296 294
30 16
19 44
write:
6
344 333
153 303
342 201
169 222
242 229
267 179
write:
7
218 95
7 160
115 210
67 75
344 283
340 266
39 323
read:
329
write:
8
192 15
315 354
276 55
140 138
94 196
180 121
330 152
27 304
write:
2
351 167
206 27
read:
292
write:
4
317 345
241 202
325 72
136 348
write:
8
124 132
24 25
205 178
222 232
326 40
350 349
20 270
58 231
read:
97
write:
3
106 128
95 151
5 245
write:
2
126 4
188 117
read:
32
write:
9
233 212
131 111
108 295
60 16
2 106
47 48
188 92
99 207
15 195
read:
309
read:
211
read:
14
read:
233
read:
224
read:
273
read:
283
read:
345
read:
46
write:
9
76 23
212 8
26 273
222 344
43 275
24 178
265 188
51 39
347 349
write:
10
18 7
246 285
342 94
174 239
9 50
128 228
282 219
268 305
226 109
222 181
read:
305
write:
7
118 103
81 311
26 87
333 74
121 32
72 16
51 352
read:
253
read:
156
read:
44
read:
189
read:
179
write:
4
305 271
80 31
188 190
84 206
write:
1
319 116
write:
9
86 91
40 237
70 312
294 326
249 177
245 257
142 317
88 306
17 10
read:
199
write:
7
185 110
189 262
199 261
171 316
348 322
312 265
252 165
read:
342
write:
10
290 76
75 301
113 55
265 241
231 352
351 3
143 120
143 20
184 61
325 185
read:
10
read:
292
read:
156
write:
5
270 254
25 66
112 198
118 103
94 16
write:
5
136 11
23 43
158 130
17 260
196 251
read:
179
read:
311
write:
4
129 351
14 349
150 116
2 17
write:
3
246 330
43 281
133 246
write:
2
181 256
11 323
write:
7
283 216
242 249
253 219
270 201
30 312
57 347
92 282
write:
9
5 191
124 101
238 185
127 350
100 154
156 98
241 112
246 318
102 15
write:
9
99 292
317 317
279 38
305 92
344 220
132 126
195 341
222 34
110 1
write:
10
227 337
99 139
109 348
203 279
273 288
218 30
8 211
220 285
136 321
181 328
read:
91
write:
8
265 102
264 228
311 12
190 165
129 99
352 299
198 297
240 41
write:
4
158 71
259 154
229 33
44 277
write:
1
22 262
read:
91
write:
4
54 259
28 268
224 24
274 273
write:
6
148 350
280 81
68 59
144 279
199 278
158 241
write:
4
50 251
136 77
183 188
294 35
write:
10
157 134
309 299
273 133
201 312
236 14
144 152
78 4
288 264
319 239
176 180
write:
9
201 255
210 73
347 25
67 43
77 286
175 5
3 287
257 276
71 113
read:
235
write:
8
339 330
329 232
272 299
225 162
45 227
7 210
305 38
226 325
read:
76
write:
8
42 251
82 20
95 291
258 106
330 121
260 109
130 91
147 101
write:
8
184 250
296 63
179 139
138 50
345 222
320 134
94 115
40 109
read:
212
read:
260
read:
231
read:
131
write:
4
197 246
207 352
324 94
169 243
write:
3
197 48
49 130
246 241
write:
4
261 95
303 30
32 332
89 206
read:
128
read:
1
read:
342
read:
131
write:
10
211 271
186 222
300 93
48 101
189 58
204 265
167 164
172 173
174 278
182 62
read:
261
read:
151
read:
278
write:
9
210 325
227 161
76 54
84 11
150 82
173 328
95 55
319 275
182 316
write:
8
127 79
11 12
217 307
17 328
46 272
7 72
247 153
297 136
read:
201
read:
42
write:
2
61 188
179 127
read:
98
read:
349
read:
173
read:
59
read:
154
write:
4
185 310
347 214
160 69
58 190
write:
10
330 227
218 186
92 105
22 106
21 65
244 236
122 166
107 318
306 21
114 214
read:
44
read:
315
read:
234
write:
3
27 75
252 188
126 35
write:
4
73 349
316 176
32 144
208 263
read:
126
read:
130
write:
5
90 105
168 2
225 272
138 137
125 51
write:
6
18 129
102 137
347 351
307 187
180 205
214 223
write:
6
270 63
22 7
225 176
107 300
147 266
61 246
write:
5
330 99
300 85
222 62
202 171
329 260
read:
189
read:
323
read:
326
write:
4
344 234
345 33
242 162
61 72
write:
6
279 217
107 230
83 316
162 220
73 39
193 257
read:
34
write:
4
16 168
96 354
121 120
207 339
write:
7
142 99
4 102
214 48
127 296
346 8
105 347
281 191
read:
353
write:
4
194 339
248 279
231 130
12 268
write:
9
253 251
230 316
225 332
70 54
110 148
107 112
339 134
115 40
28 294
read:
114
read:
70
read:
133
write:
6
9 11
93 241
331 200
278 69
268 307
191 342
read:
192
write:
7
322 292
142 190
343 71
344 159
284 207
64 203
105 165
write:
6
87 69
73 205
190 159
109 51
7 21
120 229
read:
334
read:
44
read:
42
read:
302
write:
2
70 265
258 149
write:
8
321 234
275 81
326 251
195 329
272 134
295 282
7 151
42 321
read:
247
read:
199
read:
328
write:
3
179 16
97 19
275 275
read:
184
read:
148
write:
3
81 172
3 230
162 148
write:
2
274 74
255 101
read:
311
read:
102
write:
1
303 37
write:
2
256 220
29 307
read:
201
write:
8
268 70
267 229
240 301
96 281
183 283
50 110
68 232
164 137
write:
7
86 197
259 272
341 179
310 255
23 313
252 262
211 297
write:
8
316 266
313 191
276 269
330 214
245 18
25 167
113 155
305 118
read:
179
write:
4
253 262
88 121
208 152
155 59
write:
2
14 329
161 240
write:
9
81 3
18 209
278 174
290 129
4 231
325 216
1 135
252 311
205 104
read:
286
read:
331
write:
9
210 28
349 61
303 260
34 73
177 23
166 200
296 291
248 103
121 206
read:
24
read:
157
write:
8
312 296
39 91
131 300
68 216
289 278
22 270
353 63
12 186
write:
3
271 208
223 109
225 82
write:
6
37 269
125 218
149 132
126 307
163 309
258 233
write:
2
203 194
16 47
write:
7
254 85
81 172
30 223
190 142
185 88
190 303
84 328
read:
170
write:
4
203 53
313 307
82 162
345 96
write:
8
169 153
155 272
179 254
326 83
46 259
106 106
338 149
171 176
read:
121
read:
186
write:
5
24 177
33 155
128 37
229 183
69 320
write:
4
97 183
63 152
211 139
287 273
write:
8
151 293
279 162
348 205
166 68
71 16
146 228
154 146
2 210
read:
337
read:
259
write:
9
304 256
34 256
302 69
171 193
116 215
105 261
218 286
13 340
15 161
read:
45
read:
173
read:
353
read:
27
read:
94
read:
57
read:
244
read:
107
write:
5
190 1
161 207
97 326
255 134
11 316
write:
4
303 261
313 198
326 21
351 267
read:
4
read:
33
read:
152
read:
188
write:
7
221 10
172 34
278 186
93 285
263 322
206 221
263 56
read:
195
read:
145
write:
6
259 240
33 218
254 133
30 318
161 163
235 140
read:
214
write:
4
305 311
26 43
329 126
117 353
read:
259
read:
5
read:
10
write:
2
86 206
347 354
read:
331
write:
4
294 152
290 139
145 226
52 313
write:
9
306 200
302 300
86 37
195 5
252 168
120 160
269 321
14 50
194 322
write:
1
176 103
read:
292
write:
6
342 286
105 248
16 127
116 237
348 346
262 207
write:
3
287 82
262 291
210 235
write:
4
108 290
86 324
292 177
155 146
read:
310
read:
137
write:
7
50 249
236 3
181 124
68 257
299 285
163 125
138 96
write:
6
142 317
293 70
241 149
334 289
209 353
122 28
read:
67
read:
264
read:
322
write:
3
205 177
75 169
224 98
read:
45
read:
84
read:
2
write:
3
242 242
68 265
101 37
read:
12
write:
1
258 271
read:
292
read:
207
write:
5
78 64
283 354
22 332
10 321
169 320
write:
6
21 57
127 295
11 32
330 141
255 51
57 218
write:
3
346 212
102 5
343 172
write:
8
207 290
106 86
186 339
194 6
313 158
83 341
9 29
323 306
write:
1
37 36
write:
8
354 200
206 347
125 43
337 135
289 330
96 348
329 45
174 323
write:
8
110 42
60 338
144 172
109 89
86 49
271 342
327 48
87 255
read:
53
read:
123
read:
279
write:
7
230 11
92 244
325 279
260 329
62 41
24 350
100 214
read:
84
write:
5
185 100
69 87
74 129
108 288
317 322
read:
295
read:
56
read:
331
write:
6
75 227
73 263
191 138
134 345
138 22
141 150
write:
8
104 45
304 15
182 266
5 147
348 260
114 61
164 125
305 267
write:
4
7 93
323 338
353 55
190 106
read:
87
read:
2
read:
346
write:
7
212 144
255 43
15 108
168 59
260 181
58 327
281 181
write:
7
67 251
193 55
91 36
238 56
36 141
15 169
335 182
read:
318
write:
5
68 22
285 289
189 124
39 83
1 217
write:
7
204 40
218 351
81 48
6 174
146 79
338 64
59 147
write:
4
180 91
62 102
305 286
220 63
write:
4
39 224
4 100
216 276
257 238
read:
325
read:
301
read:
188
write:
7
238 31
83 56
59 166
7 319
236 84
206 231
138 80
read:
105
write:
9
296 134
98 190
39 23
161 179
284 45
144 122
252 59
227 111
45 322
write:
10
81 35
307 277
121 191
211 343
209 347
204 190
346 347
219 321
58 254
19 344
read:
116
read:
119
write:
3
81 73
245 57
304 4
read:
121
write:
8
333 313
47 23
249 98
194 109
313 31
270 66
27 341
177 305
read:
62
write:
6
338 138
122 337
249 17
58 215
47 201
80 291
write:
4
96 145
213 135
216 97
27 201
read:
162
write:
3
333 304
64 38
342 97
write:
1
69 90
write:
10
15 181
326 49
72 97
54 247
319 319
176 161
288 253
176 292
294 354
65 124
write:
1
174 169
read:
215
read:
335
write:
3
175 345
296 92
313 89
write:
9
301 267
242 272
95 49
59 304
158 263
64 248
239 175
212 71
225 339
read:
144
write:
8
278 55
320 45
127 9
109 128
227 71
329 158
271 219
333 192
read:
10
read:
16
write:
10
10 120
269 170
35 56
144 252
273 123
19 12
106 9
4 318
196 174
13 309
write:
3
102 340
17 280
66 309
read:
267
write:
6
328 177
185 32
104 81
229 53
168 342
333 329
write:
10
229 136
218 135
77 307
218 96
245 321
332 122
187 82
100 21
351 175
147 35
read:
291
read:
306
read:
326
read:
192
read:
69
read:
3
write:
2
184 243
80 128
write:
8
318 147
345 186
225 121
116 38
87 210
191 234
122 333
314 251
read:
88
write:
10
214 339
269 153
252 252
123 35
5 65
153 305
234 75
175 235
49 132
72 77
write:
3
351 99
190 250
165 270
read:
344
write:
7
166 188
95 3
31 211
286 113
194 43
240 151
241 138
read:
226
read:
228
write:
5
166 285
52 326
210 126
167 155
137 282
read:
172
write:
2
68 182
249 253
read:
29
read:
33
read:
110
read:
49
write:
9
295 245
223 191
201 314
32 129
228 233
246 126
101 99
17 209
351 342
read:
351
read:
221
write:
8
224 215
212 244
291 7
334 50
228 331
22 42
238 181
258 30
read:
206
read:
81
read:
278
write:
8
150 294
297 121
120 238
104 116
255 59
17 189
255 190
9 273
write:
10
238 90
300 105
52 305
169 202
294 332
105 29
7 94
146 257
133 227
210 131
read:
338
write:
5
32 39
346 263
232 145
332 105
141 318
read:
167
read:
279
read:
65
read:
119
read:
159
read:
154
write:
5
19 183
49 84
353 137
138 96
67 222
write:
9
65 120
114 337
109 123
274 326
278 344
303 182
174 69
212 125
287 171
write:
6
233 18
6 343
45 184
268 77
342 154
235 220
write:
5
349 6
55 289
67 335
337 86
63 168
write:
10
299 14
269 116
147 74
186 345
150 145
86 30
354 99
131 218
58 12
158 350
write:
4
298 206
194 305
206 343
188 32
write:
10
102 179
22 185
126 155
34 130
121 1
76 251
125 38
182 17
345 111
221 173
read:
318
write:
9
215 282
118 213
237 340
13 92
70 61
354 175
343 58
315 30
255 275
write:
4
113 135
99 35
104 92
141 231
read:
237
write:
5
47 54
103 154
36 52
226 143
188 208
write:
3
175 168
70 32
61 23
read:
264
write:
5
46 347
36 139
321 268
215 78
78 299
read:
312
write:
10
177 40
143 203
312 194
171 266
311 15
352 182
285 148
254 236
70 17
26 95
read:
156
write:
6
175 327
284 181
261 315
294 327
135 282
275 131
read:
228
write:
1
325 194
read:
95
write:
6
117 153
201 350
51 139
144 63
118 292
75 240
write:
2
79 252
343 53
write:
6
132 14
196 71
118 175
187 53
165 180
165 137
write:
10
320 20
217 350
221 236
124 184
23 194
252 226
96 33
49 286
245 312
330 240
write:
8
296 94
343 77
204 323
235 201
317 326
74 194
72 2
86 265
read:
241
write:
1
333 52
read:
317
read:
89
read:
313
write:
2
229 312
95 196
read:
141
write:
1
342 60
write:
1
195 198
write:
6
249 177
28 248
115 96
93 10
235 138
172 29
read:
164
write:
2
200 10
217 225
write:
6
330 317
256 311
32 64
239 53
306 278
127 130
read:
237
read:
278
read:
170
read:
286
read:
114
write:
8
142 120
221 36
172 161
184 253
72 338
149 92
348 139
11 227
read:
48
read:
9
write:
5
236 20
53 163
142 205
190 265
99 9
read:
99
write:
9
281 247
72 77
210 101
109 63
6 319
95 46
135 75
335 5
333 151
write:
6
102 21
100 129
354 164
250 98
41 147
295 163
read:
138
read:
275
write:
4
83 159
80 259
88 13
157 170
read:
124
write:
2
145 170
270 161
read:
232
write:
9
291 116
227 115
53 182
55 167
349 279
256 274
127 154
212 32
236 76
read:
174
write:
7
48 62
340 146
162 18
127 134
207 259
147 238
341 316
write:
4
220 310
258 212
14 165
311 138
read:
21
read:
241
read:
115
write:
7
69 279
116 113
154 78
134 292
254 13
308 74
195 311
write:
9
23 198
20 78
247 33
292 199
296 228
44 192
203 81
75 243
282 168
write:
6
298 262
326 285
110 315
324 320
286 73
97 305
write:
3
326 207
240 86
199 13
read:
105
write:
6
28 284
111 165
168 341
76 97
197 255
125 113
write:
6
320 137
326 192
154 253
220 311
212 271
15 307
write:
9
331 119
136 302
8 273
95 194
67 9
295 282
267 24
156 43
50 318
write:
10
183 128
4 53
345 179
166 81
280 46
95 70
174 191
248 104
285 126
21 333
write:
1
243 35
write:
1
334 270
read:
128
read:
346
write:
10
227 13
181 49
76 48
39 159
3 336
302 328
78 37
207 150
200 43
149 80
write:
9
315 50
333 31
260 308
335 279
303 123
78 222
79 105
173 335
107 16
read:
174
read:
184
write:
5
22 303
78 94
185 284
335 16
129 130
write:
4
99 346
184 253
145 249
119 39
write:
5
214 28
342 349
21 219
246 239
234 1
read:
32
read:
119
read:
154
read:
35
read:
279
read:
298
read:
289
write:
1
263 304
write:
8
334 244
160 78
91 200
91 150
302 238
147 23
212 96
224 302
read:
175
read:
70
read:
157
read:
98
read:
137
write:
7
50 339
225 261
126 261
327 83
319 126
261 30
100 266
write:
8
314 269
148 272
133 339
282 131
152 42
71 323
318 274
246 50
read:
273
write:
2
180 32
284 69
write:
10
329 295
105 40
42 262
44 293
97 339
41 182
324 283
180 272
170 160
226 253
write:
3
111 216
138 216
190 143
write:
2
10 142
80 123
write:
4
231 142
168 185
296 37
148 222
read:
268
read:
259
write:
3
19 162
24 40
77 237
write:
7
232 269
56 283
74 300
351 172
212 213
175 22
264 42
read:
347
write:
10
95 95
205 221
83 144
35 185
241 63
317 315
295 7
2 250
146 179
191 26
read:
172
write:
10
323 250
295 142
243 228
31 175
101 186
208 278
221 108
128 124
87 92
159 58
write:
5
261 251
53 347
90 149
338 303
18 337
read:
332
read:
192
write:
5
140 270
216 308
50 156
216 6
36 329
write:
1
350 226
write:
3
312 74
160 199
136 188
read:
255
read:
186
write:
10
151 47
94 220
228 209
179 192
128 29
228 182
298 221
101 25
163 109
154 352
write:
7
215 77
15 33
40 211
349 206
212 63
38 166
5 12
write:
10
286 131
76 91
241 155
86 299
171 45
105 282
260 316
150 299
154 3
253 145
read:
1
read:
142
read:
257
read:
224
read:
326
write:
9
145 328
73 140
217 89
352 83
121 321
47 191
142 245
281 220
59 322
write:
1
28 195
read:
268
read:
163
read:
183
write:
1
258 92
read:
117
read:
60
read:
320
write:
1
179 62
read:
88
read:
324
read:
99
write:
5
44 134
76 320
13 104
265 22
162 294
write:
1
9 269
write:
4
228 295
4 19
86 286
212 33
read:
300
write:
6
88 228
199 90
257 194
108 67
132 109
237 228
write:
8
292 215
125 222
326 135
281 311
301 316
330 198
285 324
31 143
read:
41
write:
4
83 223
134 257
145 61
130 242
read:
64
write:
10
211 222
115 143
188 99
196 216
347 310
200 48
187 213
156 67
53 268
281 354
write:
7
299 270
176 285
25 263
29 347
52 317
51 135
235 42
read:
176
read:
279
read:
314
write:
2
311 152
212 279
read:
224
write:
8
256 302
157 124
93 19
17 141
82 33
78 179
21 13
317 130
read:
30
read:
162
read:
27
read:
163
write:
7
232 320
107 92
290 46
86 131
142 2
218 284
95 240
read:
275
read:
6
read:
319
write:
5
6 182
11 140
235 156
297 126
67 253
write:
1
25 262
write:
4
344 176
191 49
198 260
283 39
read:
205
read:
313
read:
290
read:
236
write:
1
115 158
write:
6
329 205
74 238
5 203
44 39
235 95
115 328
write:
8
37 139
124 106
57 72
243 192
118 230
23 213
52 260
331 328
read:
116
read:
71
write:
8
185 252
188 239
24 11
161 165
279 181
149 299
111 190
296 165
write:
1
134 71
read:
311
write:
2
38 321
13 7
write:
1
31 346
read:
345
read:
226
write:
5
65 62
149 147
232 310
199 32
253 175
read:
224
read:
330
read:
31
write:
5
18 14
30 26
215 97
263 179
303 6
write:
3
70 284
56 32
59 139
write:
4
124 195
89 104
187 89
336 304
read:
219
write:
4
152 290
180 149
161 79
79 223
write:
8
7 286
209 83
238 107
64 102
109 105
52 132
316 235
238 192
write:
4
129 55
314 219
339 266
288 167
write:
8
297 242
89 128
286 137
248 304
251 353
23 102
345 50
253 299
write:
1
139 208
read:
221
read:
92
write:
3
297 166
137 136
121 8
read:
17
write:
4
324 39
81 173
219 219
335 14
write:
6
329 37
152 302
218 120
354 47
178 103
61 243
read:
115
read:
122
write:
5
65 152
256 150
234 196
283 219
288 265
write:
7
111 316
228 274
318 119
191 103
68 81
45 240
40 300
write:
8
54 141
220 68
158 237
322 50
12 79
82 18
348 222
273 317
read:
97
write:
9
218 297
160 148
13 207
80 40
310 204
43 248
78 32
132 147
121 244
write:
7
90 122
164 326
173 138
158 231
326 306
23 285
82 267
read:
92
read:
27
write:
8
43 238
155 307
144 160
153 279
71 93
231 32
329 86
113 256
read:
86
read:
8
read:
325
read:
107
read:
148
write:
5
354 289
199 340
14 222
13 201
330 101
write:
8
128 154
172 200
295 352
276 177
119 229
131 146
8 277
202 313
write:
7
159 244
251 185
103 322
174 157
192 184
325 185
127 335
read:
224
write:
6
314 297
32 116
344 27
21 12
2 69
310 239
write:
3
70 27
137 255
128 296
read:
3
write:
8
106 89
353 76
145 64
328 116
168 110
283 97
70 41
330 337
read:
95
write:
5
193 173
243 139
254 298
76 173
91 182
write:
5
20 335
127 330
262 85
237 270
72 95
write:
10
110 303
174 55
271 169
170 149
150 212
181 189
90 136
202 239
288 270
26 278
read:
109
write:
1
344 204
write:
3
133 34
187 326
146 297
read:
175
read:
313
read:
209
write:
4
240 121
56 25
300 203
313 303
read:
157
read:
86
write:
6
279 55
168 68
348 127
108 192
171 240
329 87
write:
5
147 260
51 282
178 111
48 278
241 167
read:
232
read:
80
write:
10
202 42
145 149
99 65
107 121
234 68
65 42
207 130
238 103
306 146
34 253
read:
232
write:
4
354 206
283 75
156 274
74 98
write:
9
82 108
346 276
19 183
311 259
198 167
67 304
161 69
40 24
269 101
write:
9
233 246
9 347
186 328
262 164
257 306
115 55
207 316
220 307
216 52
read:
134
read:
188
read:
133
read:
128
read:
133
write:
10
239 249
134 342
118 343
185 202
212 11
121 86
142 348
234 243
174 146
239 174
write:
6
133 62
259 300
353 352
347 262
161 81
218 82
read:
215
read:
333
read:
79
write:
5
235 327
20 294
40 327
221 206
180 87
write:
9
334 224
79 167
32 233
199 1
84 343
245 49
292 312
90 43
252 138
read:
219
read:
144
read:
217
read:
154
write:
9
349 21
103 115
97 195
128 128
85 244
231 76
80 100
300 120
246 138
write:
8
248 277
122 331
87 62
128 353
143 66
280 56
253 177
260 297
read:
244
write:
7
69 314
267 45
272 115
167 212
153 344
237 218
4 215
write:
4
193 95
168 185
269 107
244 293
write:
8
218 189
117 331
291 14
136 135
317 133
246 348
188 26
48 104
write:
9
201 188
152 71
155 293
245 202
258 343
342 105
69 270
14 71
315 287
read:
222
write:
3
199 268
3 103
128 20
write:
4
124 248
342 349
211 275
354 40
read:
116
read:
138
read:
292
read:
165
read:
258
read:
223
write:
6
203 94
75 68
29 177
280 132
321 174
315 218
read:
282
read:
153
read:
118
write:
7
232 109
20 30
158 71
90 33
110 331
52 351
278 265
write:
9
180 194
87 327
144 36
263 89
177 98
289 160
147 186
122 144
140 225
write:
4
349 258
69 281
181 52
330 73
read:
284
write:
10
96 79
306 295
246 256
44 208
143 21
80 139
127 241
174 52
23 239
342 13
write:
9
159 270
202 299
23 189
150 253
182 294
280 47
116 98
120 340
27 47
write:
10
247 58
131 200
278 169
109 38
270 104
349 126
343 260
96 169
53 88
202 187
write:
9
23 48
162 141
127 307
220 40
78 154
86 120
37 268
132 294
13 317
read:
242
write:
4
30 42
75 31
240 170
309 174
read:
348
read:
321
read:
354
read:
107
write:
3
170 277
181 270
106 332
read:
152
write:
4
347 102
298 285
319 184
69 44
read:
171
write:
9
164 187
352 310
17 258
244 173
305 149
64 152
81 37
181 98
31 296
write:
9
64 297
108 122
1 48
157 80
58 188
7 86
232 34
233 118
153 152
write:
4
142 265
217 148
261 229
79 260
write:
6
206 75
262 254
153 326
43 92
60 82
136 229
read:
131
write:
9
94 62
77 274
298 246
85 255
17 197
290 133
289 105
325 248
152 315
read:
122
write:
5
278 6
112 43
171 317
195 179
148 136
write:
9
103 87
303 216
325 208
28 60
117 323
10 198
344 153
16 353
165 265
read:
184
read:
353
write:
9
92 178
208 295
24 92
116 192
71 319
145 90
299 314
211 275
30 25
write:
3
233 338
194 57
55 161
write:
6
34 66
266 205
97 282
338 300
105 209
351 339
write:
1
43 226
write:
8
73 63
11 10
138 103
126 124
312 184
78 287
11 198
136 164
read:
62
read:
336
read:
335
write:
8
237 47
222 72
82 107
60 341
256 101
118 116
5 31
224 86
read:
233
read:
92
write:
1
183 293
read:
148
read:
261
read:
95
write:
4
196 267
205 22
181 194
306 18
read:
86
write:
6
282 252
56 240
8 228
202 156
144 80
269 34
read:
35
write:
5
74 117
212 171
225 5
52 277
53 291
read:
211
write:
1
294 233
read:
247
write:
3
191 344
114 349
271 157
read:
171
write:
1
276 259
read:
316
read:
121
write:
6
64 121
337 185
17 29
348 205
312 319
312 179
read:
271
write:
3
102 47
42 293
201 251
write:
1
18 39
read:
123
read:
46
write:
3
286 352
258 243
177 45
read:
45
write:
4
296 191
170 200
221 270
256 157
write:
6
343 325
326 290
166 42
297 300
272 69
288 244
read:
95
read:
284
read:
344
write:
9
269 245
294 201
4 114
188 205
132 55
20 203
260 183
255 325
213 209
write:
8
316 159
157 70
303 147
273 10
322 151
133 173
198 280
113 186
write:
9
336 129
38 73
296 23
219 102
156 50
193 164
352 312
321 133
176 20
write:
10
146 102
304 78
160 90
86 339
101 326
275 69
315 277
310 189
138 118
185 181
write:
7
121 286
246 91
322 199
91 22
146 343
81 304
196 224
read:
298
write:
4
172 343
126 112
98 137
111 245
write:
3
330 249
32 159
275 140
write:
10
118 156
303 37
159 192
211 290
118 285
142 276
198 12
285 339
140 167
316 160
read:
188
read:
271
write:
1
198 293
read:
157
write:
10
253 177
311 265
282 86
88 278
176 227
205 256
280 98
245 326
166 311
262 234
write:
8
91 136
332 129
56 125
212 48
187 191
231 58
255 128
209 223
read:
142
read:
9
read:
224
write:
1
101 262
write:
8
69 175
132 223
83 170
95 86
311 141
289 287
117 306
235 156
write:
2
340 33
293 300
write:
5
210 17
75 340
23 169
225 261
97 206
read:
119
read:
196
write:
2
9 150
291 279
read:
104
read:
349
read:
133
read:
108
read:
113
read:
40
read:
72
read:
256
read:
249
write:
10
171 303
245 168
158 206
263 333
152 3
292 348
332 295
179 155
10 78
45 108
write:
9
138 148
6 260
220 253
133 135
60 146
302 352
272 225
110 241
43 334
read:
40
read:
94
write:
2
1 270
71 325
read:
36
write:
1
25 118
write:
9
23 265
72 245
307 258
141 328
73 208
223 168
186 327
346 125
17 91
read:
279
read:
15
read:
125
write:
9
310 286
203 32
58 29
198 61
3 54
133 254
76 315
232 220
313 341
write:
10
43 186
246 305
228 88
135 39
341 195
159 72
79 340
4 194
95 347
127 326
write:
6
127 144
124 9
99 184
95 332
342 75
211 164
write:
1
63 251
write:
4
100 193
275 86
60 271
279 251
write:
10
341 89
143 62
201 227
52 135
69 138
311 288
110 208
286 106
347 64
205 326
write:
5
2 114
46 26
92 45
279 9
98 329
write:
5
17 318
324 288
237 74
220 149
134 30
write:
3
226 35
204 90
153 8
read:
217
write:
3
237 289
297 147
151 325
read:
190
read:
22
read:
232
write:
10
238 311
120 348
64 145
130 348
295 13
111 7
203 168
241 345
145 318
35 256
read:
329
write:
9
239 308
180 290
309 252
196 273
142 140
152 239
73 132
253 53
162 301
write:
6
244 317
312 125
10 10
159 65
249 181
197 337
write:
4
282 57
332 35
128 341
255 195
read:
23
write:
2
34 144
260 36
read:
265
read:
231
write:
7
303 333
352 72
1 115
260 40
302 219
124 94
222 323
read:
53
write:
10
139 254
183 297
321 256
260 218
64 70
189 291
108 198
54 138
103 221
49 254
read:
61
write:
10
67 317
156 29
320 17
191 36
290 230
191 14
71 244
244 139
185 273
124 46
read:
245
read:
198
read:
17
write:
6
311 62
335 200
101 129
224 58
10 11
307 332
read:
92
read:
28
write:
5
346 279
314 303
98 122
105 221
100 271
write:
5
33 288
144 332
242 193
101 197
35 99
write:
4
316 352
213 166
14 171
48 39
read:
31
read:
248
write:
10
152 86
41 125
262 272
224 245
223 332
302 268
1 72
68 271
220 195
299 73
write:
4
339 69
174 165
320 308
1 283
write:
9
307 345
120 13
350 158
302 73
28 47
198 309
53 117
141 341
95 114
read:
332
write:
2
58 235
321 7
write:
4
338 71
121 294
295 4
96 216
read:
322
read:
233
read:
165
write:
6
135 67
163 31
34 207
159 98
169 109
170 73
write:
3
41 6
300 286
320 99
read:
22
read:
183
read:
314
write:
8
151 142
53 335
26 333
120 79
314 51
206 220
309 337
22 37
write:
8
234 200
155 32
169 68
310 213
72 10
254 248
109 141
320 244
write:
6
151 171
63 107
182 257
207 183
318 251
186 41
read:
227
read:
88
write:
3
272 290
164 165
289 191
write:
3
128 50
110 153
121 263
read:
108
write:
10
229 206
34 42
172 333
313 201
266 182
153 149
331 136
111 171
153 136
224 341
write:
9
347 66
83 194
338 284
78 210
323 313
300 273
338 189
299 164
54 122
write:
4
198 344
307 86
63 280
15 314
read:
264
write:
8
206 122
112 126
218 137
279 188
280 212
147 183
203 208
194 143
read:
119
read:
157
read:
119
read:
271
write:
3
131 97
289 142
83 243
write:
5
155 160
168 67
214 342
253 59
100 9
read:
130
read:
202
read:
150
read:
102
write:
9
319 150
173 259
67 225
68 170
15 39
6 96
153 181
270 278
217 115
write:
9
156 85
86 153
12 282
209 209
177 254
294 186
243 351
147 270
34 78
write:
8
28 305
272 196
48 346
132 341
155 16
24 198
156 74
142 124
read:
25
read:
242
read:
285
write:
10
15 352
193 151
286 69
279 330
235 101
306 32
59 232
331 164
54 124
342 290
read:
121
read:
295
write:
7
25 246
322 10
21 254
242 282
354 96
84 250
223 237
write:
7
328 313
297 101
96 309
42 20
63 215
298 230
118 275
write:
6
188 93
259 287
137 115
156 178
15 22
130 196
read:
112
write:
7
95 236
7 80
310 161
99 6
15 28
146 16
177 118
read:
243
write:
1
135 18
write:
9
283 196
183 130
321 282
133 143
48 240
224 308
96 165
128 158
100 81
read:
181
write:
4
298 332
4 194
63 171
125 193
read:
292
write:
4
158 76
77 206
261 92
67 101
write:
6
303 31
53 73
77 12
108 166
55 53
135 350
read:
110
read:
126
write:
8
300 341
246 93
306 249
7 142
82 337
41 124
30 198
306 242
write:
1
343 168
write:
8
71 284
201 23
206 132
94 72
242 250
171 331
267 37
87 162
write:
10
14 201
314 26
84 239
129 213
156 200
177 287
213 150
207 123
12 104
47 20
write:
1
329 128
read:
305
write:
1
37 166
read:
340
read:
232
read:
280
read:
74
write:
4
225 65
21 102
175 301
175 17
read:
339
write:
5
239 308
7 270
188 339
189 338
83 143
read:
166
read:
143
read:
18
read:
351
read:
313
write:
9
125 260
303 349
43 103
207 20
344 153
239 258
245 324
181 275
216 111
write:
4
227 241
289 259
93 152
46 318
write:
1
96 333
read:
168
write:
9
314 58
177 195
135 253
352 210
134 242
171 88
58 148
45 136
53 330
read:
108
read:
226
read:
348
write:
3
248 318
314 314
85 79
read:
16
write:
4
324 351
137 129
248 88
306 235
write:
5
125 263
308 302
33 346
315 53
184 207
read:
274
read:
336
write:
7
128 10
317 26
71 336
200 125
203 136
91 148
93 3
read:
27
read:
97
read:
68
write:
1
301 265
write:
4
69 319
119 223
145 130
242 103
read:
201
read:
287
read:
285
write:
6
279 354
323 285
143 218
3 131
168 208
229 136
write:
2
101 192
77 18
write:
8
162 253
250 10
270 312
200 245
124 289
276 288
322 141
121 45
read:
108
read:
183
write:
8
170 51
159 80
82 126
35 11
155 54
79 212
210 299
269 200
write:
5
186 69
265 192
204 150
73 129
84 305
write:
4
281 340
91 182
99 94
206 141
write:
4
329 319
280 330
181 263
330 314
read:
243
write:
6
166 182
296 35
52 7
327 58
111 36
127 76
write:
2
128 64
174 301
write:
1
295 179
read:
51
read:
179
write:
7
161 40
163 232
319 85
250 249
92 38
148 51
141 188
read:
44
write:
5
61 213
215 296
264 188
176 224
276 50
read:
92
read:
299
write:
6
309 264
120 119
50 119
114 342
134 201
331 218
write:
2
293 22
149 308
write:
8
148 304
106 239
348 123
153 348
35 331
96 83
328 214
206 145
write:
4
223 6
82 100
188 191
141 84
read:
259
write:
2
94 13
332 274
write:
9
203 168
183 282
348 347
70 81
52 16
348 291
253 302
206 116
269 85
write:
9
164 162
289 330
108 90
317 249
15 60
104 339
264 248
44 330
122 248
write:
10
338 116
138 147
127 308
2 221
97 266
49 271
317 16
102 281
241 232
248 314
write:
10
212 283
175 101
349 290
239 334
216 133
147 219
275 289
121 32
135 166
56 59
read:
45
write:
3
16 261
111 309
70 338
read:
326
write:
8
36 336
182 146
7 274
46 239
3 168
154 31
178 329
20 143
read:
261
write:
1
216 211
read:
299
write:
4
329 35
47 40
335 233
9 88
read:
289
read:
123
write:
3
37 101
178 44
315 320
read:
153
write:
5
313 126
133 55
13 5
329 321
38 195
write:
7
203 248
48 54
314 292
181 24
78 223
99 245
254 128
write:
9
51 149
299 252
279 308
212 303
173 175
334 81
223 164
1 246
158 111
read:
305
write:
1
304 17
write:
2
126 326
291 239
read:
192
write:
6
319 253
4 136
281 65
317 315
116 42
74 177
write:
10
125 96
221 32
95 256
55 186
52 166
120 303
183 226
177 231
256 93
302 103
write:
9
39 210
338 89
81 243
127 272
10 210
33 133
67 183
51 211
93 165
write:
9
30 106
19 307
195 287
98 231
79 304
246 6
238 320
158 175
26 252
read:
264
write:
10
354 90
316 102
275 302
15 35
99 225
279 153
109 2
85 10
353 330
24 208
read:
103
write:
2
260 69
194 291
write:
4
144 319
63 24
210 127
333 270
read:
239
read:
166
write:
8
99 338
11 47
109 165
278 317
79 219
185 199
138 311
156 266
write:
6
122 129
16 142
6 351
309 310
283 153
140 317
write:
3
20 130
288 265
60 102
write:
2
100 312
226 189
write:
3
31 76
254 306
210 10
write:
5
175 171
88 25
208 279
254 298
121 104
read:
291
read:
50
read:
68
read:
216
read:
245
write:
4
90 90
219 114
105 86
31 230
read:
194
write:
10
288 275
83 268
325 179
106 320
301 325
232 16
234 268
326 208
5 67
232 36
write:
10
196 171
68 145
90 20
298 266
152 242
50 73
184 239
47 353
135 45
73 72
write:
4
30 107
334 225
244 190
106 89
write:
3
220 136
29 65
190 101
read:
75
write:
7
58 308
335 309
341 224
259 352
149 298
212 198
180 266
write:
6
260 88
47 172
85 164
266 349
114 134
351 336
read:
92
write:
4
130 207
344 36
54 96
160 230
read:
216
read:
49
read:
107
write:
1
323 66
write:
8
332 76
184 291
232 130
9 210
201 255
9 250
37 85
349 62
write:
10
68 42
88 150
87 284
310 53
174 351
112 87
142 141
351 336
252 266
149 147
write:
1
54 226
write:
9
245 279
303 280
90 250
345 168
318 16
30 274
206 305
12 259
66 89
read:
81
write:
6
289 237
116 295
232 10
91 232
4 272
216 170
read:
288
write:
1
342 104
write:
10
350 149
354 282
63 210
189 169
332 19
229 308
254 18
214 339
250 159
51 240
read:
330
write:
8
236 253
72 77
263 204
281 294
131 346
316 180
121 258
220 68
read:
147
write:
4
160 203
341 180
83 243
203 298
write:
3
347 325
305 171
186 74
read:
225
read:
301
read:
251
write:
4
25 280
81 228
265 207
242 353
read:
48
write:
5
91 286
20 304
87 282
333 9
55 45
write:
1
221 162
write:
3
84 203
51 194
273 173
read:
36
read:
91
read:
120
write:
4
190 274
191 7
165 211
218 241
write:
6
318 73
346 5
11 141
271 14
272 95
148 52
read:
117
write:
10
82 114
134 246
70 92
107 90
1 217
102 353
45 222
174 50
137 163
203 205
write:
4
24 249
264 176
53 303
90 125
read:
21
write:
1
70 22
write:
4
300 235
265 6
169 280
137 27
read:
178
read:
26
read:
206
read:
325
read:
243
read:
134
read:
258
write:
10
131 84
228 12
250 63
284 96
186 92
33 257
105 327
284 194
121 97
275 32
read:
160
write:
2
160 340
69 55
write:
6
96 324
187 29
152 36
317 199
65 152
104 44
write:
6
142 305
249 41
89 330
295 153
255 27
195 209
read:
327
write:
10
339 1
235 46
232 167
104 9
122 301
66 61
305 59
162 317
52 217
216 292
write:
1
46 51
read:
118
write:
2
220 32
230 44
read:
182
read:
320
read:
280
read:
302
write:
3
45 99
298 240
207 182
write:
10
319 132
340 206
237 200
82 76
258 25
210 256
189 18
3 351
66 43
84 96
read:
142
read:
254
write:
4
84 212
284 66
78 33
9 148
write:
8
348 267
65 77
133 301
92 37
199 126
284 63
25 256
295 158
write:
7
149 235
30 20
251 46
146 320
30 128
110 242
30 232
read:
76
write:
6
294 122
47 316
354 164
254 348
277 224
82 155
read:
353
read:
103
read:
339
read:
207
write:
6
163 186
265 174
313 26
254 103
162 346
319 245
read:
256
write:
10
18 20
266 262
304 185
273 308
61 123
213 87
313 49
338 258
202 303
90 309
read:
12
write:
10
42 64
131 12
228 187
25 58
259 349
140 226
346 132
276 46
179 78
154 39
read:
128
read:
168
write:
10
165 286
317 119
145 148
273 309
192 35
296 214
188 177
2 116
230 236
262 38
write:
10
231 319
294 57
265 233
34 96
152 115
154 225
91 308
208 174
101 223
244 103
write:
4
77 25
346 172
131 324
336 90
write:
7
81 217
237 25
221 312
145 222
273 173
342 201
318 27
write:
9
134 129
43 38
114 31
8 173
336 211
21 38
124 89
313 338
24 1
write:
3
209 195
190 72
163 252
write:
6
170 336
346 47
250 324
112 62
34 18
158 153
read:
165
write:
1
92 67
read:
316
write:
4
151 61
310 307
123 286
166 313
read:
148
read:
318
write:
6
126 317
319 82
262 14
110 29
33 31
38 123
read:
192
write:
3
157 63
284 295
243 145
read:
46
write:
6
1 65
99 15
110 329
37 160
182 231
90 198
write:
1
207 137
write:
1
344 266
write:
2
282 21
268 208
write:
4
262 260
319 269
276 243
277 10
read:
37
read:
73
write:
2
250 194
35 329
write:
4
228 299
201 257
95 194
117 156
write:
6
329 261
4 292
284 331
4 28
175 162
181 1
read:
64
write:
5
107 249
97 183
228 250
226 337
290 154
write:
7
329 297
266 318
247 119
347 320
253 94
219 223
81 143
write:
8
266 284
236 307
311 191
96 70
113 197
101 68
49 247
353 20
read:
354
read:
3
write:
8
268 216
308 149
37 286
35 56
232 100
15 295
95 83
296 233
read:
208
write:
8
107 99
100 218
264 119
117 76
50 38
165 266
86 34
77 72
read:
263
read:
217
write:
3
222 284
321 120
126 320
write:
3
85 174
256 171
238 77
read:
277
write:
1
119 351
read:
76
write:
4
127 71
343 206
214 182
137 31
write:
8
15 263
281 252
265 127
287 60
155 354
272 169
175 268
302 53
write:
9
202 196
156 157
145 337
184 338
103 145
174 215
45 145
2 294
139 338
read:
85
write:
8
335 278
17 28
143 82
350 213
224 284
135 166
63 39
231 245
read:
10
write:
3
23 173
155 229
70 213
write:
3
297 228
35 250
339 94
read:
222
read:
159
read:
103
write:
6
42 347
129 276
71 100
334 240
106 104
5 139
write:
3
18 61
250 14
213 210
read:
180
write:
8
114 205
219 102
125 340
248 223
195 335
178 145
311 201
346 156
read:
340
write:
8
323 284
292 180
288 318
196 345
121 30
339 258
143 322
54 236
read:
205
write:
4
236 66
294 290
260 105
249 238
write:
8
327 309
138 123
141 149
186 38
78 13
329 242
156 175
236 37
write:
4
31 291
119 315
258 20
89 10
read:
270
read:
33
write:
7
294 138
198 61
85 14
16 112
285 225
266 354
261 143
read:
145
write:
5
224 206
268 109
335 200
130 213
165 259
read:
15
write:
5
303 6
265 297
137 299
81 226
202 260
read:
175
read:
303
write:
5
274 168
216 296
28 248
84 243
23 8
read:
43
write:
2
259 103
155 63
write:
5
339 206
263 218
151 169
186 11
120 329
write:
8
162 219
317 323
289 180
341 346
144 28
323 193
205 308
124 207
read:
152
read:
225
write:
4
213 314
190 187
46 53
214 228
read:
273
read:
43
write:
3
327 30
227 83
254 314
write:
10
106 140
104 134
59 5
28 286
29 91
8 22
216 203
327 40
104 156
318 38
write:
4
214 194
161 222
96 250
322 130
read:
150
read:
250
read:
109
write:
3
131 91
354 252
267 65
write:
3
227 116
229 30
343 52
write:
5
132 34
117 254
104 77
16 161
13 99
write:
10
296 269
53 275
272 340
91 78
140 233
111 32
301 75
235 2
132 109
124 285
read:
195
read:
223
write:
9
45 322
226 236
24 198
95 330
121 333
153 288
3 239
248 104
333 178
write:
7
153 299
351 116
25 91
218 326
88 312
30 194
85 211
read:
6
write:
2
289 285
264 250
read:
165
read:
201
write:
1
171 180
read:
340
read:
243
read:
241
write:
7
259 46
137 299
312 182
152 266
97 324
170 201
83 171
read:
58
read:
331
read:
223
write:
2
155 39
297 261
write:
5
296 214
109 329
181 139
227 273
154 26
write:
1
271 346
read:
312
write:
10
353 168
287 4
193 13
245 279
305 130
178 318
119 238
353 304
317 234
236 38
write:
8
195 259
181 86
352 189
82 217
288 166
297 227
197 117
277 115
read:
5
read:
60
read:
89
read:
173
read:
98
write:
2
344 69
153 326
write:
3
163 75
93 6
16 280
read:
130
read:
29
write:
2
162 305
339 95
write:
5
168 320
334 245
211 49
215 119
113 41
write:
4
149 54
123 313
103 88
296 59
read:
223
read:
122
read:
51
write:
10
211 168
56 320
240 39
324 9
192 10
192 240
194 149
342 184
326 352
173 165
write:
6
136 261
88 14
128 75
182 42
256 299
62 181
write:
6
298 100
53 308
287 342
105 179
286 292
331 122
read:
186
read:
350
read:
246
write:
9
116 93
169 277
134 195
214 269
79 348
301 81
57 152
112 103
103 219
read:
331
read:
317
read:
319
write:
8
264 67
158 160
296 54
147 27
234 280
111 185
112 267
302 160
write:
4
281 308
333 256
167 351
233 100
read:
166
write:
9
1 34
130 271
72 143
102 286
133 344
226 193
272 11
236 47
264 262
write:
2
238 63
6 288
read:
313
write:
2
32 170
195 255
write:
1
99 300
write:
1
255 263
read:
328
write:
10
239 180
126 336
98 342
322 301
186 352
329 131
269 217
91 273
286 22
302 130
write:
2
105 144
306 16
write:
9
351 243
4 244
133 64
326 24
21 285
239 285
124 351
209 207
93 59
read:
287
read:
89
write:
5
6 266
213 245
249 97
29 312
272 96
write:
8
354 323
259 345
39 340
246 177
291 6
83 114
109 247
214 201
write:
2
229 32
334 236
write:
5
102 179
45 75
292 183
74 261
337 33
write:
8
353 261
275 146
294 260
219 194
93 77
228 116
91 167
63 311
read:
320
write:
9
346 210
342 214
3 157
340 78
340 332
251 249
90 282
335 293
245 299
read:
25
read:
63
write:
7
260 350
156 208
63 20
49 229
147 309
289 66
156 69
write:
10
344 297
103 290
83 208
165 178
2 77
326 114
177 318
257 311
155 45
160 115
write:
10
200 127
217 127
218 303
338 195
72 70
241 179
144 32
55 137
118 322
265 278
read:
352
read:
90
read:
185
write:
5
78 249
201 2
169 236
91 97
163 87
write:
2
163 4
169 73
write:
2
169 352
309 223
write:
6
103 351
119 333
119 128
224 313
345 145
189 114
read:
81
write:
9
249 278
149 29
333 271
302 176
37 137
208 158
218 62
26 186
209 4
write:
10
324 268
194 80
29 264
204 21
312 119
169 313
167 340
29 222
310 332
86 284
write:
7
155 204
115 256
253 225
141 174
100 52
11 124
290 195
write:
2
8 188
39 325
read:
250
write:
8
231 11
107 171
270 265
336 351
207 136
120 346
133 209
190 15
write:
5
225 139
18 250
349 63
316 138
245 100
read:
88
write:
10
142 341
90 78
205 22
253 345
1 144
251 345
146 292
33 305
257 142
158 22
write:
4
350 31
306 281
88 60
92 111
write:
9
314 352
56 95
121 334
201 154
345 170
116 91
106 216
134 212
72 304
read:
201
write:
5
149 336
247 254
213 109
237 72
352 7
read:
216
read:
222
read:
246
write:
10
301 149
107 238
324 177
106 267
300 310
166 182
349 146
343 201
30 313
258 2
write:
5
241 96
11 148
59 124
220 231
76 273
write:
9
126 126
350 169
6 324
217 265
70 64
316 42
3 243
342 208
339 215
write:
4
261 300
31 188
157 143
324 108
write:
5
34 118
168 268
331 160
344 130
3 16
write:
10
34 55
340 251
209 279
203 159
165 17
58 352
5 59
78 300
264 211
252 131
write:
7
343 22
211 209
91 103
273 342
153 194
289 299
122 180
write:
3
305 64
12 37
323 262
write:
8
310 35
312 16
331 204
300 47
60 248
281 203
23 193
263 42
read:
54
write:
10
276 110
331 88
217 302
263 50
290 52
266 271
329 34
290 178
20 296
312 247
read:
138
read:
63
read:
9
write:
6
324 226
238 75
351 285
41 71
197 121
266 25
read:
303
write:
7
85 248
21 338
212 99
50 149
108 68
114 59
82 336
write:
8
2 152
326 321
287 353
149 130
304 71
199 263
239 114
316 158
read:
37
read:
3
read:
84
write:
8
317 159
38 66
66 55
65 89
164 13
76 266
353 259
134 217
write:
6
38 267
98 167
224 170
226 129
239 145
128 51
write:
5
351 49
188 128
227 84
284 198
161 343
read:
194
read:
255
write:
2
205 302
244 351
read:
343
write:
7
167 62
123 203
327 181
108 241
325 318
41 315
80 271
read:
278
read:
331
read:
303
read:
191
read:
298
write:
8
157 253
136 305
49 173
225 36
124 194
150 233
26 212
157 331
read:
37
read:
174
write:
2
8 251
17 249
write:
1
50 172
write:
7
76 290
254 87
311 43
17 220
258 348
273 123
213 314
read:
279
write:
9
164 203
26 150
34 26
223 137
294 320
267 208
64 274
71 349
268 214
read:
52
write:
9
317 349
229 105
180 23
233 81
333 151
67 271
182 205
46 223
142 239
read:
44
write:
4
6 30
147 218
154 75
324 341
read:
193
write:
10
256 128
24 20
332 251
63 350
336 209
90 258
29 107
108 328
33 312
204 197
read:
99
write:
3
14 87
284 47
331 225
write:
9
285 118
103 64
3 303
217 122
77 140
276 290
13 246
136 313
271 38
read:
7
read:
218
write:
1
163 348
write:
1
205 123
read:
154
write:
10
318 249
124 238
166 91
277 230
23 235
46 314
208 298
306 207
79 36
116 90
read:
10
write:
8
242 143
184 146
38 264
212 124
257 204
163 334
14 6
40 118
read:
269
read:
259
read:
343
read:
338
write:
6
36 299
299 179
12 5
245 190
243 59
112 208
read:
333
write:
2
65 127
190 46
read:
164
write:
2
349 313
307 157
read:
177
write:
9
19 166
87 327
6 218
59 303
158 262
296 163
127 328
113 44
238 323
write:
7
262 149
61 265
313 6
217 226
343 264
291 330
334 268
read:
311
read:
224
read:
212
write:
6
311 241
143 238
185 88
274 282
99 330
345 88
read:
290
write:
5
291 43
151 273
77 96
224 265
242 239
write:
3
54 115
274 214
242 140
read:
145
read:
233
write:
6
280 117
261 66
71 127
43 334
287 289
74 328
read:
19
read:
152
write:
3
184 65
304 61
10 215
read:
173
write:
7
31 218
183 277
31 280
1 136
26 216
105 103
22 348
write:
6
260 193
325 120
309 197
1 64
151 343
209 11
write:
10
3 299
250 115
174 87
146 98
281 331
224 292
5 25
113 246
38 69
17 261
read:
44
read:
85
read:
343
write:
3
79 193
17 15
202 150
read:
125
write:
7
263 313
312 296
60 333
3 14
350 221
293 224
318 21
read:
293
write:
10
251 320
34 296
340 297
39 172
208 130
343 89
16 187
118 1
221 268
186 256
read:
28
read:
46
write:
5
110 268
249 205
351 213
133 135
196 146
read:
347
read:
323
write:
5
327 31
8 251
176 328
26 180
202 161
read:
353
read:
32
write:
9
47 257
151 23
291 15
344 45
64 220
182 25
228 83
275 40
313 59
read:
6
write:
2
252 47
138 137
read:
198
write:
2
28 92
353 16
read:
46
read:
10
read:
318
read:
335
read:
22
read:
177
write:
4
215 54
317 213
192 180
276 292
write:
5
170 292
221 348
93 286
20 107
134 48
write:
2
329 277
107 283
write:
6
318 348
85 189
337 154
352 72
123 331
22 307
read:
153
read:
15
read:
251
write:
2
81 348
255 344
write:
5
320 275
31 174
287 91
323 83
286 188
read:
124
read:
297
read:
347
read:
104
write:
5
233 351
335 126
224 330
25 106
330 227
write:
4
228 181
28 229
6 283
268 2
read:
261
write:
6
291 25
104 347
269 149
184 270
30 298
168 260
write:
7
233 182
29 322
336 233
335 247
195 217
218 36
278 158
read:
179
write:
1
140 268
read:
316
write:
10
94 226
98 47
172 184
73 219
165 36
300 186
228 273
219 302
319 331
66 307
read:
51
read:
21
write:
2
300 197
88 191
write:
5
12 259
351 20
112 305
75 252
30 148
read:
15
read:
68
write:
10
184 188
282 288
347 226
14 247
188 126
98 216
259 85
347 211
226 104
4 52
write:
8
24 44
352 243
44 303
90 116
292 169
13 178
76 249
2 307
write:
3
68 295
66 117
151 3
write:
8
12 175
348 210
86 104
88 127
231 109
232 58
220 139
151 99
read:
340
write:
8
153 345
79 227
219 335
1 331
159 281
69 348
283 352
212 235
read:
33
read:
32
read:
310
write:
7
145 24
138 329
281 291
250 202
274 97
118 149
35 278
write:
4
338 140
101 255
307 131
294 112
read:
36
read:
70
write:
1
297 90
write:
1
313 318
read:
229
write:
6
62 328
168 43
160 346
183 194
239 78
246 154
write:
9
120 272
26 66
214 233
260 8
163 312
36 82
335 152
345 122
301 243
write:
6
178 30
241 271
201 278
92 118
198 300
280 105
read:
220
write:
5
327 143
83 164
200 256
212 172
110 38
read:
134
read:
295
read:
103
write:
8
126 53
68 99
346 76
271 220
158 80
38 285
143 259
94 244
write:
2
318 263
196 324
write:
3
252 175
81 71
32 96
read:
160
write:
4
93 338
69 190
15 113
325 45
read:
233
read:
39
write:
8
79 234
130 128
197 54
62 157
300 159
47 205
72 48
323 211
write:
2
246 30
156 213
read:
70
read:
301
read:
11
write:
3
182 66
249 85
135 346
write:
2
273 207
96 231
write:
10
24 65
289 252
188 330
23 282
54 354
54 78
89 147
136 134
306 78
53 105
write:
3
120 90
233 253
195 156
write:
7
353 283
175 27
24 206
87 298
123 97
327 6
184 122
write:
10
191 230
273 164
346 256
92 352
43 110
318 192
96 210
209 317
255 164
150 135
write:
10
158 210
309 78
328 212
222 14
133 270
59 135
233 349
256 26
317 258
344 156
read:
247
write:
3
63 115
287 246
37 56
read:
275
write:
1
144 173
write:
5
266 329
16 190
337 186
120 62
351 36
read:
272
write:
3
131 204
251 21
235 125
write:
1
75 299
write:
10
150 183
208 264
202 62
196 349
319 108
294 261
24 15
222 219
222 330
91 92
write:
6
166 103
95 240
312 354
5 242
208 77
6 142
write:
7
33 260
126 78
184 267
161 331
246 297
31 212
122 309
write:
10
1 351
142 296
234 273
190 174
131 185
341 179
43 111
107 23
201 220
222 251
read:
104
read:
205
write:
7
138 119
55 176
212 346
189 351
186 22
5 119
229 344
read:
126
read:
205
write:
4
57 336
252 98
100 339
332 183
write:
7
52 318
32 164
70 166
18 264
37 19
89 246
308 303
read:
348
read:
345
read:
170
write:
9
74 268
17 113
95 151
157 94
114 224
135 25
44 124
249 245
316 93
write:
8
317 219
113 347
311 240
49 30
321 317
55 327
170 103
151 329
write:
5
139 156
158 252
321 203
319 192
253 145
read:
218
write:
8
70 309
194 149
174 266
297 199
285 77
334 74
280 44
233 149
write:
6
187 124
61 301
141 121
63 187
180 343
334 286
write:
4
15 95
139 167
177 263
50 250
read:
182
read:
327
read:
271
write:
3
93 87
239 314
295 147
read:
54
write:
2
247 100
76 157
read:
46
write:
8
251 26
75 162
90 119
257 62
254 260
130 252
97 107
175 91
read:
253
write:
10
37 94
326 221
240 207
162 130
82 213
11 126
312 195
155 202
74 181
232 125
read:
241
write:
6
213 54
227 45
101 90
117 71
305 152
147 139
write:
8
324 246
260 255
273 161
168 149
10 27
212 28
352 143
324 216
write:
2
142 235
276 285
write:
2
263 138
53 125
read:
194
read:
90
write:
5
170 308
224 106
253 202
182 68
22 134
read:
165
read:
190
read:
67
write:
6
11 164
221 129
83 177
169 314
48 137
317 285
write:
8
111 132
188 300
57 50
216 15
47 95
120 182
4 251
118 131
write:
3
323 246
158 154
85 79
write:
4
225 343
164 107
9 283
175 115
write:
2
4 337
188 249
read:
315
write:
9
172 196
316 61
259 301
50 200
264 343
52 270
213 208
346 293
260 342
read:
4
write:
6
89 145
54 212
283 110
299 148
13 181
49 300
read:
302
read:
292
write:
6
268 251
57 145
202 56
9 142
94 347
103 242
write:
2
60 95
118 100
read:
173
write:
4
106 8
201 55
285 55
146 73
write:
9
61 256
326 107
94 296
256 168
324 158
253 237
243 97
350 287
275 76
read:
112
write:
2
98 106
71 91
read:
101
read:
119
read:
212
read:
50
write:
7
11 19
161 5
132 3
204 306
317 152
303 161
35 204
write:
7
76 64
225 334
26 84
120 99
303 224
33 18
135 173
write:
3
180 47
102 124
80 328
write:
7
80 321
199 171
209 171
168 31
147 207
83 245
133 94
read:
83
write:
8
194 123
157 216
197 117
223 274
354 263
236 309
245 345
339 313
read:
262
write:
3
70 58
133 263
124 92
write:
5
26 250
261 29
240 91
28 70
260 324
read:
46
write:
7
103 81
263 139
172 49
78 112
204 322
144 265
30 186
read:
247
read:
106
write:
10
192 266
145 319
51 110
88 83
336 63
96 62
350 205
278 30
98 52
168 124
read:
135
write:
4
338 200
290 307
331 344
176 207
read:
220
write:
9
71 18
85 327
254 24
177 232
41 210
11 37
114 151
143 125
318 267
read:
38
write:
2
146 250
282 166
write:
5
213 56
228 12
158 76
105 309
164 282
write:
2
25 96
33 175
write:
6
295 275
28 34
167 26
239 100
199 330
87 34
read:
9
write:
7
270 46
298 237
193 23
50 275
285 86
118 101
207 17
read:
332
read:
102
write:
1
209 103
write:
8
98 11
12 42
294 291
285 86
30 97
93 26
217 324
179 33
write:
7
155 99
178 232
290 125
268 258
319 102
244 42
254 181
read:
180
read:
3
write:
1
62 342
read:
208
write:
10
65 13
75 94
240 272
112 346
147 204
258 272
198 289
25 275
3 185
216 176
read:
200
write:
3
81 340
330 120
311 199
read:
329
read:
9
read:
140
read:
149
write:
3
183 140
91 113
18 313
write:
3
253 180
256 301
56 286
write:
5
338 206
306 340
140 114
237 33
276 4
write:
9
171 135
195 288
318 75
213 52
201 117
56 157
211 263
272 204
85 26
read:
111
read:
218
write:
10
193 79
43 253
27 6
262 354
218 176
49 257
243 43
296 5
37 162
30 322
write:
8
265 115
51 19
251 270
54 283
166 135
200 65
102 235
103 183
write:
5
144 6
88 297
31 56
326 298
244 334
write:
8
58 245
131 181
265 326
1 121
278 351
258 194
317 262
222 239
write:
2
317 267
111 17
write:
7
146 208
319 73
263 23
91 170
9 245
187 151
256 205
write:
2
26 65
93 202
write:
10
249 273
330 253
310 305
64 60
35 56
240 333
183 24
88 35
83 281
111 274
read:
26
read:
154
read:
121
read:
66
write:
9
4 242
186 257
260 72
256 104
191 58
14 270
98 92
269 205
140 66
read:
85
write:
10
61 162
272 249
16 95
315 249
251 143
170 345
156 78
267 187
74 159
278 173
write:
4
124 109
192 105
353 20
42 67
read:
333
read:
199
write:
2
276 35
312 142
write:
10
56 277
303 3
14 309
76 46
305 339
66 164
320 259
289 266
322 335
4 235
write:
2
155 59
284 213
read:
147
read:
83
write:
6
203 181
35 118
118 286
238 164
162 343
101 5
write:
1
34 77
read:
95
read:
17
write:
10
121 220
121 67
243 308
36 121
59 170
306 306
337 168
97 207
85 2
63 135
write:
6
307 281
246 100
116 94
19 338
315 313
103 82
read:
274
write:
3
317 68
91 41
223 40
read:
142
write:
4
282 53
32 86
10 181
180 1
read:
222
write:
5
79 213
353 52
96 109
264 20
235 293
write:
3
136 167
103 97
6 305
write:
4
102 267
199 249
67 45
31 259
write:
10
73 232
150 119
59 162
240 227
318 218
257 175
152 160
97 82
127 154
4 151
write:
5
305 13
261 320
9 61
182 23
309 192
write:
4
208 61
40 276
135 326
347 225
read:
71
read:
126
read:
31
write:
4
260 73
43 307
257 204
186 122
read:
52
read:
144
read:
162
write:
7
44 93
115 348
59 138
236 29
47 302
235 321
176 281
read:
77
write:
5
127 219
250 230
223 242
110 97
338 82
write:
5
340 178
142 14
304 173
224 258
77 33
write:
10
293 282
129 235
162 213
29 282
192 44
204 193
202 231
47 232
307 38
134 79
write:
1
260 174
write:
3
198 211
280 335
161 214
write:
3
306 345
167 53
72 294
read:
331
read:
154
write:
2
111 84
341 27
write:
9
265 19
102 287
283 216
333 281
122 19
321 78
35 228
330 48
343 148
write:
8
74 73
22 140
164 192
79 11
47 91
255 52
281 42
336 17
write:
10
305 183
320 343
170 212
298 121
304 261
140 169
228 242
41 107
59 202
34 30
write:
5
61 118
67 138
10 62
3 307
57 256
write:
4
166 209
64 117
98 11
24 76
write:
4
38 337
73 199
97 65
140 47
read:
35
read:
56
write:
2
15 288
31 191
read:
352
write:
10
233 40
58 258
72 14
94 349
13 68
118 180
159 309
195 83
350 135
258 278
write:
2
274 289
269 135
read:
214
write:
1
72 111
write:
5
284 305
167 169
226 293
243 330
183 335
write:
3
162 296
237 249
314 79
read:
34
write:
2
157 212
298 47
read:
82
write:
7
195 239
203 326
290 90
186 221
300 213
55 140
208 51
write:
8
65 191
61 49
343 58
282 16
196 15
57 314
323 91
318 277
write:
9
319 278
10 45
113 188
348 171
234 75
141 4
276 146
313 117
64 2
write:
8
325 181
100 313
20 178
113 331
236 248
204 4
228 185
89 182
read:
246
write:
3
260 197
285 324
145 171
write:
1
195 85
read:
129
read:
62
write:
3
269 86
69 44
136 162
read:
330
write:
1
160 92
write:
1
273 143
read:
220
read:
115
read:
122
write:
2
233 12
23 180
read:
140
write:
9
178 166
34 49
238 258
93 338
116 116
304 105
254 342
29 250
301 12
read:
66
write:
1
138 261
read:
318
read:
101
read:
36
write:
3
261 130
252 289
52 281
read:
105
write:
6
298 331
309 237
74 241
283 289
66 27
83 119
write:
8
7 19
10 292
48 215
81 188
49 26
229 217
98 336
219 132
write:
4
37 44
130 99
81 45
63 16
read:
18
write:
2
134 113
123 96
read:
66
read:
159
write:
2
9 316
55 266
read:
229
read:
199
read:
336
read:
203
write:
2
169 57
152 172
write:
2
162 238
123 4
read:
266
write:
1
238 96
write:
7
346 226
117 339
43 352
239 40
90 282
242 285
91 288
read:
118
write:
6
128 341
13 239
103 28
152 116
106 347
243 222
write:
7
54 219
58 210
9 22
34 164
146 331
180 326
46 308
write:
5
349 173
58 184
270 179
165 233
179 216
write:
10
108 40
243 230
223 294
35 84
155 17
289 121
53 176
251 95
166 326
315 98
read:
337
write:
9
214 261
334 58
118 342
35 91
308 190
113 6
183 122
297 142
271 347
read:
142
read:
312
read:
318
read:
322
read:
301
write:
10
252 212
12 99
278 188
69 348
294 225
279 118
303 287
249 352
117 115
345 260
read:
150
read:
351
write:
7
244 117
16 178
338 19
210 252
49 218
292 52
143 272
write:
10
9 73
219 106
63 8
92 245
177 311
191 85
19 183
264 119
53 239
134 301
write:
10
144 21
292 40
153 25
162 276
351 190
30 283
57 294
339 208
9 100
347 150
read:
17
read:
83
read:
22
write:
2
201 145
67 79
write:
6
282 89
128 53
176 218
263 164
335 268
281 230
read:
125
write:
3
92 264
120 179
72 226
read:
291
read:
203
write:
7
145 182
36 207
279 247
81 184
89 59
206 52
241 215
read:
25
read:
334
write:
8
336 115
288 216
318 170
292 161
223 332
130 205
39 333
160 322
read:
324
read:
56
read:
322
write:
2
219 212
339 114
write:
8
293 80
225 300
285 10
272 318
203 321
39 55
307 50
76 104
read:
75
write:
3
330 102
339 329
280 76
read:
235
write:
10
266 214
262 67
72 294
167 87
88 289
183 75
33 336
88 1
70 262
273 170
write:
9
243 102
281 226
265 250
11 329
286 261
225 300
314 156
289 276
25 249
write:
3
100 339
187 208
102 114
write:
6
180 149
68 199
242 214
194 122
82 238
152 16
write:
3
239 49
68 219
338 311
write:
1
303 290
read:
165
read:
23
write:
6
252 251
121 169
109 217
333 38
27 232
320 137
write:
3
51 258
211 259
20 37
write:
9
317 285
98 318
242 132
115 139
68 257
102 300
116 102
131 258
146 20
write:
1
350 283
write:
9
204 166
1 52
82 322
194 152
159 263
21 144
247 43
38 37
135 286
write:
9
258 312
213 157
278 140
144 255
84 220
297 108
252 311
18 166
211 99
write:
8
71 189
136 36
205 189
152 313
227 195
173 70
273 114
117 117
read:
320
write:
3
82 264
223 316
167 55
write:
2
331 172
315 108
write:
6
50 1
237 250
302 224
221 17
265 217
278 218
read:
86
read:
268
write:
7
282 322
143 269
13 91
75 27
123 354
78 133
165 26
write:
3
164 234
238 219
135 40
write:
6
209 241
354 109
106 248
220 169
126 251
151 95
read:
300
write:
10
254 65
52 350
165 78
339 42
297 116
42 56
271 257
344 142
95 350
166 286
read:
163
write:
8
335 38
296 271
150 101
241 2
166 157
25 300
300 253
16 254
read:
69
read:
222
read:
334
read:
302
write:
1
130 93
read:
103
write:
3
205 99
43 322
315 89
write:
9
217 192
4 286
215 4
354 155
35 301
315 350
56 90
288 298
165 84
read:
284
write:
5
32 269
350 51
82 248
73 187
130 223
write:
6
145 253
339 220
124 145
284 351
124 328
120 138
read:
150
write:
10
206 27
2 50
140 180
39 107
321 178
121 87
38 174
78 291
171 273
250 280
write:
3
309 158
219 168
199 117
read:
174
write:
2
276 125
139 186
read:
102
write:
10
83 26
291 305
69 240
301 298
194 251
52 345
277 195
220 106
346 18
247 114
read:
143
read:
89
read:
353
write:
8
133 95
239 300
212 295
338 46
271 40
301 149
246 217
234 70
write:
4
262 1
323 13
128 15
233 143
write:
9
128 182
94 297
244 247
161 114
350 297
35 254
18 350
146 163
60 80
write:
3
341 138
339 226
223 34
read:
278
write:
6
239 290
122 256
80 65
194 284
191 9
84 88
read:
32
read:
254
write:
9
321 347
187 106
323 26
326 29
151 80
340 323
71 13
235 226
149 297
write:
5
295 251
344 51
254 39
302 177
20 126
read:
146
read:
339
read:
65
write:
10
302 326
112 132
126 146
260 7
150 204
245 49
237 14
55 131
3 37
4 90
write:
7
167 196
257 97
27 1
180 56
14 228
75 85
136 232
write:
8
90 218
73 108
260 184
63 239
329 96
259 159
181 196
15 338
read:
325
read:
71
write:
4
288 319
12 30
350 83
101 68
read:
259
write:
7
94 328
246 128
171 112
298 353
15 235
269 201
309 179
read:
223
read:
168
read:
73
read:
38
write:
9
160 74
266 135
94 168
318 19
301 255
237 277
318 11
165 178
77 147
read:
336
read:
75
read:
260
read:
23
read:
129
write:
4
173 324
29 225
103 167
321 323
read:
277
write:
2
239 67
155 191
write:
9
120 349
213 75
314 321
227 309
179 133
215 8
247 94
255 99
177 278
read:
343
read:
183
read:
251
write:
7
231 111
292 338
99 296
114 219
324 109
301 308
273 21
write:
1
337 349
read:
189
read:
6
read:
254
write:
6
299 309
20 145
224 244
218 162
59 8
269 327
read:
10
read:
312
write:
10
62 220
101 319
230 10
74 320
141 240
222 95
2 81
183 333
8 351
229 350
read:
44
write:
6
250 236
351 304
133 198
296 314
353 319
216 211
write:
2
189 18
236 177
write:
5
77 188
159 137
253 158
296 251
66 168
read:
228
write:
3
312 177
93 9
261 231
write:
5
264 140
258 319
154 10
310 279
117 247
write:
2
154 156
37 282
write:
4
157 180
98 97
234 305
318 270
write:
8
296 106
34 269
259 326
89 295
247 177
343 192
308 136
61 169
read:
193
write:
5
101 263
68 190
254 209
221 165
63 176
read:
99
read:
125
read:
261
read:
145
write:
4
219 124
346 340
91 56
200 126
read:
208
write:
3
306 85
59 170
42 75
read:
206
write:
3
280 154
299 153
338 200
read:
317
write:
2
217 149
273 238
read:
91
write:
7
171 16
149 80
148 16
243 30
155 1
64 79
157 70
read:
113
write:
5
132 119
329 178
237 289
79 48
186 17
write:
8
183 246
17 25
290 87
6 96
94 210
268 246
189 28
281 200
write:
8
231 214
285 37
161 62
183 338
122 126
50 293
134 112
191 352
write:
3
45 219
107 37
162 261
write:
1
110 326
read:
106
write:
3
20 143
293 67
216 142
write:
8
185 70
304 247
316 75
61 257
107 312
322 63
350 221
225 261
write:
2
340 195
140 333
write:
7
68 277
263 66
175 230
230 172
288 112
322 126
224 300
read:
231
read:
59
read:
193
read:
245
read:
136
write:
2
29 163
9 201
write:
3
18 280
7 219
121 202
read:
328
read:
325
write:
9
131 217
11 250
118 294
127 341
312 237
239 276
307 316
192 286
244 265
write:
9
77 244
180 315
256 241
231 135
289 289
154 107
247 298
38 83
335 173
read:
52
write:
9
234 61
343 75
105 327
182 158
174 198
249 107
243 72
256 323
340 233
write:
9
95 27
21 135
282 11
258 177
209 278
319 328
144 146
168 225
39 327
write:
6
342 114
235 152
31 131
298 77
223 197
74 163
read:
169
write:
9
172 336
178 136
282 93
233 43
278 233
102 76
110 213
96 293
323 312
write:
2
251 7
66 178
write:
5
279 136
296 129
149 14
154 123
56 192
read:
107
write:
7
282 113
115 292
109 218
58 156
16 36
178 35
15 250
read:
215
write:
2
181 113
288 246
write:
10
258 303
249 317
298 333
64 266
83 13
69 327
332 326
64 167
162 302
201 45
read:
183
write:
1
346 123
write:
1
280 199
write:
2
158 88
229 58
read:
2
read:
351
read:
223
write:
9
279 3
314 75
120 167
346 70
42 297
207 166
288 236
134 184
349 9
read:
109
write:
10
233 242
150 142
177 99
59 181
109 203
199 254
315 131
307 81
11 242
197 328
write:
5
103 117
26 38
236 291
236 118
148 341
write:
3
148 270
189 170
35 140
write:
5
118 330
328 190
159 178
227 308
194 187
read:
264
write:
5
172 127
326 186
324 240
156 234
335 129
read:
193
read:
263
write:
2
305 322
256 142
write:
4
54 101
99 105
14 28
190 303
write:
1
257 45
write:
10
91 245
55 282
182 287
96 230
258 315
13 224
353 53
232 342
344 279
45 285
write:
2
44 343
248 240
write:
10
354 32
302 49
67 106
102 300
165 137
259 8
297 155
129 109
354 228
69 76
read:
353
read:
26
read:
154
read:
165
write:
2
266 180
197 322
read:
257
read:
310
write:
5
349 78
92 86
345 163
339 259
344 73
write:
8
176 211
249 184
304 85
97 251
80 268
126 61
43 33
335 84
read:
191
write:
6
257 139
206 249
202 75
8 262
330 257
119 320
read:
47
read:
216
write:
3
116 253
139 142
208 312
read:
173
write:
1
36 143
write:
1
210 243
write:
2
90 127
186 115
write:
3
324 293
47 124
133 289
read:
262
write:
2
194 41
91 173
read:
310
read:
325
write:
1
7 117
read:
85
write:
7
18 29
80 244
5 240
120 56
283 53
332 192
112 297
read:
235
read:
244
write:
10
131 126
169 299
341 176
76 36
338 110
42 349
309 271
68 178
164 140
53 31
write:
1
100 6
write:
1
6 238
read:
79
read:
107
read:
294
write:
7
171 330
228 308
195 122
104 87
142 150
265 71
331 347
write:
2
291 131
121 145
read:
309
write:
6
344 34
283 232
225 150
219 234
310 89
337 304
read:
119
read:
299
write:
8
211 338
143 241
295 163
344 225
91 284
18 68
143 105
212 317
write:
10
83 330
116 203
117 119
175 318
308 109
146 93
274 37
48 160
105 339
251 168
read:
214
read:
107
write:
8
103 40
189 198
331 234
9 312
139 302
200 190
285 181
330 294
read:
266
write:
9
106 140
205 31
324 134
107 354
253 295
232 78
295 93
41 170
330 25
read:
349
read:
107
write:
6
346 306
35 297
158 88
307 98
90 247
214 42
write:
9
2 312
51 255
289 105
119 322
171 70
115 205
62 140
246 145
165 216
write:
1
144 170
write:
6
248 75
202 228
210 298
205 25
290 298
315 275
read:
78
write:
8
262 133
17 232
62 11
138 86
136 90
171 297
169 214
70 280
write:
3
327 52
276 260
240 40
write:
9
94 89
107 108
131 328
201 226
260 334
36 46
345 184
158 200
45 298
read:
250
read:
349
write:
8
244 308
333 14
169 162
55 295
255 69
102 30
232 141
278 66
write:
5
104 13
23 347
88 221
204 206
64 261
write:
1
133 203
write:
2
201 6
260 293
write:
7
290 294
61 294
64 307
203 53
216 348
246 307
66 74
write:
2
80 296
100 232
read:
120
write:
6
172 221
223 171
240 282
244 170
345 147
79 18
read:
278
read:
120
read:
75
write:
8
286 24
291 189
211 348
248 300
64 17
264 68
133 45
223 222
read:
286
read:
206
read:
76
read:
269
write:
10
169 235
251 186
54 334
223 84
209 246
157 295
169 155
262 112
164 24
189 184
read:
6
read:
60
write:
3
215 270
126 315
10 171
write:
1
349 159
write:
5
200 302
73 109
107 345
273 16
215 279
write:
7
207 170
255 243
182 219
346 119
217 253
220 24
345 326
read:
43
read:
122
read:
85
read:
186
write:
9
174 270
35 154
115 331
315 154
346 75
191 87
261 256
79 51
222 206
read:
184
write:
1
157 144
read:
325
write:
1
251 138
read:
53
read:
266
write:
7
284 153
71 224
265 183
349 231
14 206
81 332
84 35
read:
106
write:
2
39 323
333 275
write:
9
287 176
190 166
161 123
116 294
250 259
109 292
165 294
242 334
337 243
write:
8
57 98
264 287
233 156
19 97
309 231
339 56
310 228
257 344
read:
240
read:
304
write:
6
55 187
288 338
135 134
188 254
245 103
18 317
write:
6
350 302
285 66
65 163
129 260
182 32
289 11
read:
164
read:
158
write:
4
178 84
216 65
155 104
323 333
read:
297
write:
3
353 73
59 246
233 289
write:
2
219 29
158 97
write:
6
31 31
233 244
329 167
270 263
331 113
92 272
write:
4
42 90
185 5
8 133
132 47
read:
53
write:
2
157 352
297 118
read:
239
read:
59
read:
127
write:
8
121 149
202 154
176 301
20 73
71 45
161 111
143 6
160 172
write:
6
118 309
222 178
246 352
12 350
118 137
151 117
write:
7
166 148
222 163
326 230
232 220
93 99
202 261
211 330
write:
7
247 270
302 16
22 143
46 20
51 347
32 307
263 324
read:
315
read:
324
write:
8
169 209
74 127
105 108
86 156
2 145
205 210
95 251
34 313
read:
56
write:
6
251 221
294 177
210 205
232 51
225 234
264 348
read:
39
read:
226
read:
9
read:
243
write:
2
147 213
43 301
write:
1
177 234
write:
2
238 10
246 195
read:
27
read:
6
read:
221
read:
1
read:
346
read:
29
write:
6
276 60
259 15
84 182
317 352
16 2
202 153
read:
26
write:
10
341 254
163 155
195 217
328 106
16 36
75 114
52 125
166 296
42 230
56 240
write:
2
285 144
63 173
read:
261
read:
92
read:
297
read:
319
read:
193
read:
39
read:
216
write:
8
243 90
303 118
143 97
116 251
254 249
92 327
160 318
140 41
write:
6
261 183
312 193
37 77
244 32
23 138
260 351
read:
260
read:
350
write:
6
170 33
117 263
193 330
62 240
238 200
227 33
write:
7
13 250
258 192
17 127
28 195
215 344
233 215
199 233
read:
315
read:
76
read:
247
write:
9
305 56
350 270
243 66
177 342
100 194
269 259
19 58
211 60
216 322
write:
7
102 181
214 295
20 70
288 49
205 102
217 12
283 177
write:
5
103 348
12 256
9 275
138 159
256 228
write:
1
74 66
write:
2
36 288
343 5
read:
257
read:
210
write:
9
52 258
159 58
329 142
189 10
36 248
109 193
228 87
264 79
41 292
read:
60
read:
257
read:
69
write:
2
201 264
193 342
read:
174
write:
8
137 1
37 252
100 50
82 186
10 229
142 69
173 349
180 231
write:
6
111 226
126 255
32 108
187 107
68 3
200 252
write:
4
281 314
190 125
88 220
334 217
write:
3
327 167
82 151
96 132
read:
100
read:
204
read:
266
write:
2
187 101
262 141
write:
6
40 217
315 304
326 256
327 54
26 137
200 311
write:
1
55 347
read:
248
write:
1
312 13
write:
3
285 211
249 48
302 65
read:
42
write:
8
142 161
188 149
164 26
227 220
282 100
309 275
52 90
146 219
write:
10
59 58
288 266
223 76
296 151
295 48
263 54
132 63
211 224
124 72
203 246
write:
3
24 87
319 239
15 109
read:
5
write:
1
27 179
write:
1
333 23
write:
2
146 210
211 262
write:
2
288 86
71 305
write:
3
5 120
228 83
220 295
read:
4
write:
10
316 203
58 316
311 242
105 343
328 354
55 107
223 298
185 318
116 140
213 251
read:
206
write:
8
214 244
156 61
186 264
325 330
13 313
347 350
15 100
163 197
read:
345
read:
55
read:
189
read:
52
write:
6
185 23
236 36
336 339
344 97
255 238
130 205
write:
3
69 80
10 242
257 140
read:
283
read:
1
write:
3
352 189
199 27
38 47
write:
4
293 4
146 117
273 7
177 171
write:
10
122 30
322 173
183 152
283 26
225 19
342 175
209 151
320 130
213 51
94 1
write:
10
9 248
329 237
202 173
60 139
196 268
64 289
9 131
274 123
169 256
156 15
write:
10
269 227
29 346
86 187
329 192
151 253
148 327
211 99
307 347
11 202
285 312
read:
194
write:
6
113 291
205 70
79 125
155 190
265 345
300 52
write:
9
23 26
132 102
47 250
86 35
49 2
33 354
212 80
40 103
187 235
read:
171
write:
9
281 274
304 41
216 94
51 329
109 68
286 195
283 198
95 166
267 169
read:
105
write:
9
92 347
93 144
269 335
34 37
43 18
4 14
165 40
31 352
271 63
write:
9
210 304
353 189
239 337
291 71
351 23
78 168
296 245
3 107
328 285
read:
195
write:
6
93 321
35 114
181 261
89 171
316 313
110 242
read:
176
write:
10
251 204
305 5
108 102
107 246
301 140
255 197
83 332
80 45
174 123
129 205
read:
187
write:
10
25 296
299 57
354 167
245 165
240 4
67 71
301 164
338 250
340 267
28 108
write:
6
241 258
61 153
269 238
17 254
96 275
329 343
write:
10
170 123
159 18
319 121
169 59
291 188
184 119
130 93
317 69
278 330
264 191
write:
1
113 14
write:
6
169 190
210 173
229 27
203 179
205 93
325 56
write:
4
150 286
194 116
276 189
191 309
read:
265
write:
5
33 282
261 256
68 237
207 247
140 155
read:
294
write:
5
310 50
42 283
340 41
53 257
305 349
write:
1
275 217
read:
24
write:
5
187 152
319 211
171 233
102 218
45 188
write:
7
22 20
153 107
317 98
79 246
276 203
99 265
319 37
write:
4
213 208
44 96
309 91
158 237
read:
70
write:
6
309 80
195 14
140 235
25 256
335 63
39 310
read:
41
read:
78
read:
44
write:
3
80 103
159 106
329 34
write:
6
281 165
264 287
4 39
155 101
102 352
214 10
read:
14
write:
2
321 133
289 247
read:
294
write:
3
326 203
119 280
5 47
read:
105
write:
4
240 246
142 114
75 53
285 274
read:
252
read:
208
write:
4
166 223
340 337
75 347
297 5
write:
4
267 107
162 244
257 97
328 246
read:
1
read:
336
read:
63
read:
109
read:
50
write:
7
284 290
160 309
273 290
65 26
181 199
271 324
107 168
write:
6
349 296
125 208
342 319
27 238
266 131
32 74
write:
1
230 286
write:
6
216 349
131 43
66 65
167 34
262 238
349 80
write:
5
341 71
89 237
77 28
327 86
271 270
write:
6
223 230
320 351
57 195
316 63
177 198
102 96
write:
4
294 224
70 123
346 292
224 281
read:
150
write:
1
297 297
write:
9
52 199
194 6
59 48
339 229
324 74
180 53
12 60
68 114
281 70
write:
9
202 250
196 338
204 141
353 315
2 254
6 153
14 6
52 310
273 38
write:
9
134 283
247 18
255 279
72 24
317 257
125 239
274 151
277 335
251 10
write:
6
353 307
303 99
147 92
28 338
131 180
221 39
read:
305
write:
7
249 87
36 156
233 160
74 205
37 49
23 210
116 195
write:
9
340 179
296 17
2 146
193 151
288 243
281 354
303 150
172 179
274 185
write:
1
195 330
read:
311
write:
5
297 39
217 237
130 348
216 296
23 1
read:
258
write:
3
345 170
109 348
200 349
read:
311
read:
145
write:
3
335 254
251 6
239 195
read:
52
read:
247
write:
3
233 218
267 184
57 316
write:
9
20 131
207 159
104 5
278 284
341 199
191 34
185 85
205 124
240 187
write:
2
149 194
266 282
read:
257
write:
9
171 225
302 9
77 187
228 85
4 163
271 115
331 21
170 238
180 270
read:
309
read:
183
read:
27
write:
5
154 86
332 185
21 196
165 119
15 331
read:
179
read:
50
read:
198
read:
220
read:
211
read:
61
read:
24
read:
281
write:
6
280 163
59 147
297 173
306 49
195 251
303 342
write:
8
257 88
152 335
17 271
25 153
118 272
301 63
26 253
190 9
read:
105
read:
297
write:
1
331 195
write:
2
333 10
340 32
read:
295
write:
9
215 89
291 315
37 217
276 238
59 100
86 292
108 34
300 102
159 271
write:
8
326 131
98 79
85 71
140 103
13 117
195 113
198 293
40 243
read:
127
write:
9
61 60
269 2
216 346
294 351
329 131
61 284
243 211
211 335
244 332
write:
1
324 210
write:
1
284 105
write:
3
339 283
67 27
61 230
write:
2
288 171
92 193
write:
8
24 229
172 121
30 171
351 248
52 301
54 351
142 204
255 45
write:
3
47 11
59 197
19 172
read:
211
write:
1
321 197
read:
349
read:
7
read:
313
read:
303
read:
329
write:
10
115 172
186 214
15 24
339 265
52 236
330 11
129 147
218 8
127 78
22 283
read:
211
write:
8
145 250
271 309
96 125
119 40
233 222
298 174
258 126
295 179
write:
2
196 205
136 187
read:
271
read:
167
write:
8
158 338
111 328
266 258
187 339
194 245
121 347
205 225
181 263
write:
9
294 92
246 341
133 302
158 150
311 92
18 124
288 280
276 216
73 233
read:
45
write:
8
78 289
268 83
277 208
16 75
264 228
327 192
14 114
236 47
read:
316
read:
195
write:
9
331 337
150 169
285 19
122 343
255 322
178 164
53 197
304 301
44 74
read:
149
read:
336
write:
4
101 258
324 204
250 81
87 290
write:
8
90 89
273 75
138 319
93 196
92 101
290 14
199 324
200 14
write:
4
277 109
78 126
339 301
312 114
read:
86
read:
301
read:
267
read:
113
read:
58
read:
111
write:
3
175 130
134 220
41 262
write:
8
265 271
223 249
210 105
285 57
155 73
340 2
180 99
20 325
write:
9
337 175
2 345
245 95
235 85
304 116
30 169
131 118
247 212
149 36
read:
346
read:
252
write:
7
271 115
150 338
138 25
36 244
257 212
38 343
13 58
write:
2
98 53
67 22
write:
6
130 134
20 129
124 276
171 36
24 286
112 16
write:
2
342 61
270 197
read:
235
read:
37
write:
2
115 276
46 127
write:
7
220 104
216 259
167 83
232 90
232 16
3 147
70 305
read:
152
write:
4
92 68
285 21
164 140
269 206
read:
333
write:
6
267 59
310 12
276 249
247 185
92 13
147 113
write:
1
251 104
write:
3
132 13
271 29
53 238
read:
246
write:
10
272 259
246 5
352 299
202 209
159 38
232 65
34 172
118 320
159 157
133 61
read:
290
write:
4
222 328
43 95
270 162
299 46
write:
5
317 175
298 39
296 331
238 267
138 342
write:
10
280 54
64 240
116 46
17 339
316 93
212 216
223 333
253 148
316 349
267 115
read:
77
read:
314
read:
275
read:
127
write:
5
264 299
53 234
15 168
180 88
183 188
write:
6
99 246
288 131
204 302
327 64
234 159
258 148
read:
34
read:
291
write:
9
158 23
250 249
11 21
200 105
334 64
142 284
5 252
163 94
181 162
write:
6
157 305
182 63
43 258
30 138
289 227
102 94
read:
120
read:
191
read:
337
read:
332
read:
87
read:
72
read:
29
read:
63
write:
7
138 294
209 283
285 263
177 229
48 352
327 12
140 285
read:
173
write:
4
251 321
49 54
22 165
256 335
write:
8
120 63
159 168
121 9
148 113
168 276
223 113
144 261
99 193
read:
205
write:
1
181 255
read:
117
read:
190
write:
1
140 194
read:
247
read:
184
write:
2
9 187
152 147
read:
337
read:
108
write:
6
116 123
115 296
155 150
87 38
60 224
184 8
write:
7
95 294
209 300
300 60
287 342
22 244
170 211
305 47
write:
7
16 278
32 232
1 10
343 165
21 48
296 109
110 208
write:
6
354 90
295 209
75 81
189 192
13 99
212 114
read:
150
read:
189
write:
5
298 334
54 104
300 77
327 233
282 16
write:
2
70 200
165 160
read:
63
write:
2
54 105
76 50
read:
100
read:
292
read:
240
write:
1
177 226
read:
9
read:
241
read:
296
write:
5
131 295
42 91
120 316
200 165
130 197
write:
3
236 162
321 97
268 181
write:
3
320 87
120 141
211 17
read:
163
write:
6
248 267
39 267
268 279
72 125
144 138
305 15
write:
4
98 273
353 310
15 64
213 310
write:
5
216 49
305 188
134 72
86 149
7 241
read:
76
write:
5
283 179
247 190
103 317
289 156
150 80
write:
8
20 41
112 88
112 63
195 11
249 84
334 33
353 200
306 17
read:
324
write:
5
229 270
76 289
308 88
301 284
195 316
write:
9
28 190
272 85
273 298
249 349
71 339
57 291
126 22
297 69
117 291
read:
200
read:
36
read:
342
write:
3
96 247
304 39
2 344
write:
5
161 195
70 329
67 190
287 87
139 106
read:
246
read:
62
read:
204
read:
340
read:
289
read:
183
read:
235
read:
353
read:
351
read:
159
write:
7
274 321
84 167
166 204
113 114
267 25
131 269
108 13
read:
351
read:
299
write:
9
199 183
80 97
253 274
243 164
174 235
116 253
50 124
13 239
5 187
write:
8
286 59
214 70
345 226
103 79
193 264
218 162
205 261
59 53
read:
74
write:
6
197 125
314 39
90 331
271 142
272 49
98 71
write:
2
354 269
331 264
write:
1
235 271
read:
23
write:
7
97 89
174 205
141 13
38 140
141 50
274 269
175 92
read:
211
read:
232
write:
3
22 112
205 200
93 320
write:
4
121 255
325 295
31 128
97 103
write:
4
324 209
271 26
232 302
214 129
read:
133
read:
18
read:
288
write:
8
206 207
152 55
78 31
163 252
244 256
221 251
125 113
130 271
read:
158
read:
152
write:
4
201 312
252 295
283 189
142 334
read:
51
write:
10
37 145
54 171
118 71
329 41
177 231
71 109
152 156
314 131
317 17
226 254
read:
218
read:
156
write:
1
333 335
read:
352
read:
269
read:
237
write:
8
19 260
203 99
200 48
180 171
49 211
339 130
183 342
29 353
read:
5
read:
269
read:
279
write:
10
61 292
158 206
120 116
3 107
176 135
182 308
178 353
87 168
72 118
92 231
read:
67
write:
9
118 73
228 251
345 55
298 295
52 174
183 151
234 166
126 262
341 79
write:
8
203 131
278 131
316 230
27 36
121 184
128 43
25 193
171 3
write:
10
165 80
98 86
280 162
284 158
8 73
130 49
40 69
322 152
296 224
200 323
read:
185
read:
293
read:
68
read:
30
read:
47
write:
6
101 204
36 160
92 223
185 317
293 269
166 21
write:
5
311 6
282 338
3 280
230 173
50 120
read:
218
write:
4
338 190
246 280
84 323
252 229
write:
9
222 247
9 341
269 60
123 304
216 87
2 21
115 102
302 19
263 91
write:
9
82 259
63 336
112 173
231 112
122 203
170 217
73 155
320 100
131 338
read:
142
read:
139
write:
9
55 215
35 266
138 88
343 92
248 285
124 231
340 103
73 164
119 264
read:
281
read:
12
write:
4
293 209
350 343
86 25
110 233
write:
4
83 154
346 176
353 260
237 104
read:
300
read:
19
read:
239
write:
8
22 312
23 186
239 11
31 353
92 190
168 317
303 62
178 333
read:
214
write:
4
210 244
320 69
231 219
80 11
read:
345
write:
8
350 224
112 308
269 252
69 217
305 2
148 150
191 291
91 186
read:
212
read:
307
write:
8
36 91
26 236
346 192
75 176
64 73
5 186
231 14
277 74
read:
178
write:
6
276 267
190 297
222 281
122 255
283 20
178 240
write:
1
303 96
read:
40
write:
4
46 172
240 244
236 241
180 333
write:
1
215 148
write:
8
18 131
317 338
168 82
245 32
176 76
259 5
3 314
43 243
read:
330
read:
8
read:
289
read:
28
write:
10
71 213
82 187
34 214
173 268
308 36
229 265
225 229
326 264
143 181
136 287
read:
284
write:
7
152 171
160 307
22 144
12 80
332 242
52 140
197 256
write:
6
278 225
327 296
38 38
41 240
236 120
165 329
write:
10
43 122
54 139
289 65
182 305
209 126
118 290
10 236
237 282
1 209
254 291
read:
222
read:
344
read:
247
write:
1
288 2
read:
327
write:
6
12 188
317 99
262 334
110 122
304 303
219 175
write:
5
119 213
27 305
113 88
318 189
228 135
read:
18
read:
73
read:
301
read:
146
read:
291
write:
1
259 94
read:
170
write:
8
299 112
203 309
10 91
117 268
156 142
47 141
83 56
274 132
read:
290
read:
297
read:
246
write:
2
114 65
288 79
read:
241
write:
5
87 111
247 150
148 296
129 268
38 63
write:
2
245 24
263 305
read:
269
write:
9
204 276
148 139
34 128
289 96
78 278
247 209
128 209
76 96
2 17
write:
7
146 37
146 348
23 83
211 352
242 306
122 23
182 207
write:
3
253 344
169 99
138 294
write:
7
332 49
164 317
29 51
123 299
86 125
224 233
330 43
write:
3
228 203
198 234
314 91
read:
346
read:
94
read:
94
read:
301
write:
2
251 87
322 119
write:
10
132 138
161 288
218 131
182 189
98 41
11 335
230 85
353 272
6 96
115 27
read:
31
read:
183
read:
37
read:
140
read:
155
read:
247
read:
95
read:
272
write:
7
213 237
271 205
9 61
14 193
238 189
79 335
5 137
write:
8
320 275
218 233
116 84
104 67
198 128
234 221
177 109
350 249
read:
189
read:
104
write:
10
63 328
128 29
259 168
229 12
226 56
55 101
202 167
135 59
339 215
22 79
write:
9
20 56
191 271
332 84
230 144
163 120
105 126
222 219
64 160
331 101
write:
4
318 351
138 208
121 33
213 144
write:
4
27 169
121 125
328 150
163 24
write:
6
183 204
138 308
240 281
281 61
137 134
105 144
write:
10
190 90
157 112
253 197
67 205
13 89
75 245
71 263
113 285
81 325
188 213
read:
54
write:
9
76 1
65 67
200 168
59 90
17 330
316 40
243 237
140 177
180 126
read:
142
write:
8
42 75
33 342
128 31
35 353
16 345
113 110
8 285
111 7
write:
9
320 74
335 252
278 343
156 331
207 229
227 303
347 330
54 81
127 253
write:
10
175 131
277 297
319 342
47 253
87 200
25 314
350 196
321 44
311 94
183 286
read:
74
read:
327
read:
349
write:
7
289 236
26 96
255 118
139 83
302 351
346 352
69 245
read:
43
read:
30
write:
3
185 307
218 160
176 100
write:
4
58 305
43 272
202 108
200 147
read:
285
read:
248
write:
10
77 157
27 15
183 94
296 291
18 192
139 36
4 246
19 199
267 244
18 121
write:
2
99 104
230 269
read:
315
read:
325
read:
20
write:
1
53 130
write:
6
163 101
143 22
27 246
53 91
150 150
131 69
read:
89
write:
8
86 6
286 231
200 219
68 34
24 331
235 69
182 152
89 109
write:
8
135 288
205 93
325 278
268 152
117 148
310 32
235 96
55 129
write:
6
125 87
14 123
243 145
35 302
67 53
172 321
read:
188
write:
5
145 19
336 238
313 244
282 162
300 177
write:
4
215 222
153 267
93 51
212 55
write:
9
207 23
311 298
280 216
232 266
7 351
260 282
191 23
182 132
174 277
read:
155
read:
84
read:
31
write:
2
316 349
80 340
write:
3
262 27
329 343
54 44
read:
98
write:
5
246 90
130 47
274 69
315 321
30 342
write:
8
102 100
58 215
161 258
187 51
239 134
7 352
284 64
309 46
read:
329
write:
2
136 210
166 321
write:
4
135 345
148 342
2 177
352 259
read:
187
read:
229
write:
4
132 109
308 340
84 13
245 276
read:
350
write:
9
224 184
294 181
240 138
13 266
105 175
167 151
254 111
240 38
5 196
write:
9
270 37
44 142
188 318
98 49
234 148
286 101
318 294
264 273
94 292
write:
6
26 20
124 112
321 213
294 204
260 228
23 164
write:
1
274 234
write:
10
93 217
348 55
195 345
3 263
27 11
334 232
280 300
2 96
10 224
196 181
write:
1
174 126
read:
204
read:
299
write:
8
228 318
298 250
5 229
49 296
273 280
293 326
56 71
109 111
read:
292
read:
184
read:
231
read:
134
read:
73
read:
255
write:
5
91 106
270 105
118 166
211 292
211 211
write:
2
319 280
127 268
read:
79
read:
80
write:
10
71 191
62 137
335 87
354 309
73 235
319 176
78 77
93 108
234 207
342 181
read:
271
read:
116
read:
317
read:
83
read:
181
write:
3
193 331
89 222
197 327
write:
4
155 148
8 106
339 324
225 109
write:
7
100 66
305 67
184 271
338 169
29 265
256 190
36 144
write:
9
288 336
253 120
72 352
14 164
123 312
310 354
246 206
236 140
167 335
write:
6
343 69
21 14
1 204
349 63
95 242
115 213
read:
232
write:
6
141 294
185 152
136 329
227 71
22 182
160 269
write:
1
70 3
write:
9
53 311
18 289
226 159
47 69
86 252
311 334
268 145
45 224
259 153
read:
220
read:
18
write:
9
57 338
211 135
193 130
73 232
61 142
319 15
242 347
40 306
175 146
read:
155
read:
205
write:
1
209 231
write:
3
49 3
231 89
82 141
read:
270
read:
184
read:
329
read:
82
read:
296
write:
8
67 225
57 58
204 111
319 120
180 172
24 254
266 344
222 61
write:
4
284 248
157 350
68 104
18 131
read:
331
write:
1
237 126
read:
230
write:
9
220 286
322 185
181 131
17 257
266 195
212 75
223 146
235 302
161 337
read:
52
read:
347
write:
5
25 95
66 217
66 307
186 117
94 215
write:
8
223 191
291 254
127 295
301 173
19 264
285 245
97 129
139 225
read:
296
read:
143
write:
3
118 12
148 220
182 183
write:
1
336 212
read:
299
write:
5
77 288
175 184
291 121
288 168
215 149
write:
7
33 48
36 104
344 182
216 90
179 127
307 219
53 199
read:
341
write:
4
280 40
52 325
233 190
192 71
read:
249
read:
142
read:
201
read:
32
read:
302
read:
121
write:
4
170 175
95 234
138 307
255 75
write:
5
254 116
51 253
154 174
118 294
268 15
read:
130
write:
4
172 275
76 55
247 173
252 71
read:
34
read:
90
read:
305
write:
10
13 313
279 90
216 321
311 121
41 123
222 110
275 315
320 232
274 238
117 106
read:
220
write:
9
32 23
155 87
8 33
114 266
186 43
47 216
328 157
211 140
182 17
read:
324
read:
33
write:
3
227 337
269 251
267 45
read:
96
read:
312
write:
3
13 322
194 169
344 256
read:
76
write:
4
122 44
49 238
272 211
4 257
write:
8
165 154
44 103
132 289
242 188
292 337
12 52
5 230
187 119
read:
308
read:
18
write:
8
113 183
102 82
166 57
160 351
278 208
155 44
19 297
176 304
read:
101
read:
229
read:
80
write:
8
260 190
239 143
78 219
190 299
191 118
183 305
229 237
218 99
read:
24
read:
263
read:
258
write:
3
105 92
59 58
264 256
write:
7
246 145
23 239
198 215
314 1
40 69
246 41
270 139
read:
123
write:
2
171 238
102 178
write:
10
280 303
207 244
325 32
20 216
263 253
80 188
229 306
166 142
174 339
35 49
read:
110
write:
8
165 259
308 278
10 76
310 85
191 220
112 12
158 300
26 97
write:
8
198 225
351 57
324 125
167 2
16 203
349 342
127 135
325 315
read:
134
write:
10
111 66
180 238
103 47
151 7
345 299
59 231
118 186
135 122
311 285
49 41
write:
8
67 68
101 199
140 120
4 66
53 287
203 78
10 125
293 127
read:
265
write:
10
156 177
286 49
283 284
2 25
277 231
47 248
50 214
342 4
5 94
319 245
read:
152
read:
230
write:
5
266 209
34 317
185 330
341 8
3 127
write:
10
166 280
211 104
315 37
11 87
31 1
103 189
194 292
170 309
69 302
26 82
write:
8
255 59
79 202
181 162
5 36
216 106
224 207
111 252
258 342
write:
9
349 231
300 63
234 186
50 264
183 289
328 159
182 175
166 124
18 49
read:
56
read:
12
write:
2
222 268
81 219
read:
290
write:
10
64 44
200 249
292 311
353 217
342 128
260 285
238 271
242 168
244 112
352 264
read:
221
write:
1
104 320
read:
331
read:
82
write:
9
286 106
300 267
122 333
15 55
259 354
213 121
196 136
275 86
109 132
write:
1
328 333
write:
1
279 224
write:
10
107 125
202 209
80 308
215 185
49 195
352 314
117 196
195 165
76 73
149 9
read:
21
write:
8
348 149
39 216
118 13
81 177
247 337
292 255
62 139
275 310
write:
5
184 256
6 327
106 135
118 304
306 89
write:
9
282 284
169 50
118 354
155 338
145 171
290 236
219 101
287 277
5 218
write:
3
212 53
315 298
167 107
write:
3
257 333
266 67
85 153
write:
6
224 11
321 208
130 147
182 151
255 118
283 177
write:
5
190 205
80 39
71 206
105 29
200 106
write:
6
303 63
250 87
89 149
280 130
16 133
53 139
write:
4
168 144
166 201
319 130
286 129
write:
4
328 105
330 44
234 195
335 257
read:
78
write:
8
96 53
113 256
47 4
14 73
295 117
188 61
234 351
128 116
write:
4
290 45
125 344
231 289
139 94
write:
5
278 279
126 64
122 246
61 188
112 185
write:
6
48 111
64 51
241 306
6 52
335 33
125 122
read:
183
write:
9
277 35
256 342
285 130
133 288
314 15
273 179
114 53
210 58
40 277
write:
1
175 277
write:
3
92 76
150 136
15 45
write:
6
92 154
294 130
187 23
3 294
235 21
188 308
read:
95
write:
3
136 81
75 62
310 207
write:
8
99 328
165 262
168 16
72 112
115 51
86 218
133 82
107 94
read:
103
read:
153
write:
5
284 30
32 10
113 244
266 312
268 63
write:
1
282 85
write:
5
106 304
247 136
244 308
159 143
126 114
write:
8
48 349
135 294
238 127
220 19
46 124
209 334
157 307
233 203
read:
35
write:
8
28 52
340 266
162 229
150 125
295 213
192 52
344 182
226 226
read:
282
read:
261
write:
7
246 193
284 66
35 16
200 94
79 212
235 331
266 117
read:
125
read:
85
read:
238
write:
7
287 274
122 4
127 315
11 190
196 308
6 158
320 231
write:
4
108 56
278 6
290 345
307 103
write:
9
168 350
315 145
282 122
69 12
142 219
225 266
336 283
5 311
353 197
write:
10
211 91
139 76
122 125
297 259
124 293
210 334
264 306
333 341
234 200
78 181
write:
8
230 151
88 3
67 202
59 333
289 138
301 85
284 316
48 196
read:
112
write:
2
296 329
39 175
read:
193
read:
296
read:
132
read:
94
write:
9
339 24
298 27
30 158
319 239
311 79
245 120
324 83
47 167
115 154
read:
109
read:
91
write:
5
132 149
82 1
341 354
298 94
46 235
write:
8
59 194
87 77
124 249
185 292
348 313
5 270
315 175
247 130
read:
7
read:
141
write:
3
19 108
127 344
159 336
write:
1
266 267
write:
6
307 256
346 83
241 28
184 129
14 347
185 57
write:
4
6 322
329 335
210 3
72 29
read:
22
read:
204
read:
34
read:
193
write:
4
220 110
345 19
290 324
206 338
write:
3
227 130
193 141
140 74
write:
8
68 165
36 99
198 120
187 69
314 63
74 60
77 68
56 201
write:
2
21 6
230 197
read:
6
read:
75
read:
298
read:
256
read:
63
write:
3
2 345
11 162
316 93
write:
4
21 228
304 54
175 155
121 351
read:
276
write:
8
4 49
220 231
113 49
17 95
91 247
141 341
259 118
256 89
read:
118
read:
343
write:
5
198 108
80 326
279 187
278 116
187 255
write:
7
253 277
90 50
338 200
311 54
232 245
110 168
10 233
write:
4
270 133
32 110
150 193
34 96
read:
23
read:
105
read:
68
read:
188
read:
30
read:
133
write:
7
160 199
127 261
260 67
240 12
31 260
263 334
323 231
read:
179
read:
143
write:
8
92 141
160 222
92 44
345 57
126 189
164 23
333 153
332 175
write:
6
306 253
117 20
27 107
117 82
312 66
202 23
write:
1
281 130
read:
302
write:
4
139 309
276 40
332 192
325 198
write:
5
27 56
63 260
66 44
47 253
220 235
write:
8
197 112
192 109
38 180
302 86
254 199
307 108
305 122
39 120
read:
174
read:
38
read:
332
write:
6
153 13
215 100
313 60
321 59
143 133
227 323
read:
233
write:
3
55 3
227 179
4 104
write:
7
12 289
44 260
308 134
140 51
80 246
43 126
354 218
write:
4
245 189
45 141
182 141
340 88
write:
9
278 325
325 216
166 203
62 165
241 241
87 217
58 199
16 174
255 152
read:
303
write:
1
266 199
write:
7
161 39
40 145
108 231
174 218
91 179
156 214
168 316
write:
9
46 106
14 37
319 41
159 229
286 299
148 326
67 257
11 100
238 112
read:
324
read:
137
write:
6
244 281
107 6
249 70
221 218
98 30
195 10
read:
175
read:
41
read:
350
write:
4
236 310
221 74
241 18
57 269
write:
4
105 147
119 1
97 342
49 2
read:
99
write:
2
64 234
292 228
write:
10
302 179
108 276
205 353
298 240
281 79
89 136
146 271
17 6
298 194
287 27
write:
4
35 126
218 43
312 150
230 75
write:
1
202 270
read:
74
read:
48
write:
9
36 251
216 25
19 153
163 56
336 229
169 117
103 308
342 141
213 316
read:
217
write:
7
290 315
309 148
113 351
15 275
95 311
101 209
333 116
read:
1
read:
237
write:
1
112 126
write:
4
84 332
137 157
224 161
181 5
write:
9
122 81
255 84
208 254
131 40
348 116
137 40
213 61
253 62
300 130
read:
58
read:
348
read:
132
read:
249
read:
100
write:
5
41 70
99 6
312 8
276 176
264 246
write:
5
133 319
115 125
294 198
317 19
267 155
read:
334
write:
5
299 234
167 273
78 276
26 281
19 27
write:
1
93 237
write:
5
113 309
157 307
194 92
12 101
2 75
write:
3
36 169
48 56
209 151
write:
7
184 307
101 171
185 83
275 118
103 174
118 349
194 204
write:
7
63 148
191 304
22 216
28 276
224 89
97 39
130 145
write:
10
98 300
119 24
11 258
216 319
70 173
301 188
147 37
148 93
204 353
343 260
write:
8
124 244
68 250
40 72
170 106
203 81
259 137
305 143
92 339
write:
7
243 17
146 168
100 179
17 79
221 325
64 237
298 277
read:
232
write:
4
301 350
203 120
191 8
25 14
write:
2
247 302
155 68
write:
10
140 207
210 110
31 77
301 169
49 219
274 289
187 250
283 131
32 186
336 63
write:
8
134 2
225 255
183 103
76 328
205 205
343 285
146 139
161 21
write:
7
338 28
190 13
342 54
310 234
61 181
261 181
56 47
read:
340
read:
70
read:
281
write:
5
10 85
14 299
272 339
324 203
294 129
write:
3
130 74
136 328
348 152
read:
17
write:
3
42 11
66 253
40 271
read:
133
read:
274
read:
204
read:
329
read:
141
read:
145
read:
11
read:
159
write:
8
258 39
252 36
121 81
76 42
353 28
343 190
28 11
267 333
read:
297
read:
73
read:
48
write:
3
120 245
41 99
193 30
write:
6
94 141
22 70
97 350
294 137
14 293
184 316
write:
9
151 34
70 64
144 8
121 255
16 210
212 46
325 315
20 172
191 157
write:
6
94 202
178 335
164 27
77 42
281 65
240 306
write:
6
4 298
150 213
169 85
39 178
27 24
6 291
read:
95
read:
140
read:
215
write:
2
158 18
116 168
write:
1
37 88
read:
213
read:
150
write:
8
153 5
143 169
149 282
83 34
50 191
171 3
292 197
261 29
write:
7
269 159
134 214
275 255
199 8
297 91
332 164
49 271
read:
10
read:
344
write:
10
129 218
240 249
113 249
24 33
352 274
162 268
273 190
167 190
175 291
33 68
read:
186
read:
159
read:
281
read:
245
read:
135
write:
6
142 222
260 229
58 288
138 172
187 73
10 61
read:
306
write:
7
108 332
249 6
220 5
201 205
279 80
107 6
249 175
write:
10
127 29
241 234
39 270
39 335
257 209
209 261
8 34
128 251
26 265
45 238
write:
6
12 131
263 172
292 341
157 304
45 57
153 157
write:
4
287 292
117 107
182 98
247 65
write:
6
168 129
30 43
348 300
251 324
96 301
205 263
read:
52
write:
8
146 270
39 101
44 297
1 113
14 184
20 142
73 232
4 180
write:
5
273 287
123 313
196 169
160 296
292 228
read:
106
write:
4
2 220
167 119
98 136
131 155
write:
8
29 108
193 178
272 322
153 257
45 330
298 134
149 117
157 332
read:
196
read:
104
read:
97
write:
2
238 43
69 10
read:
5
read:
92
read:
193
write:
4
163 340
233 329
304 14
94 316
write:
4
59 165
144 336
276 321
347 261
write:
5
288 312
23 112
145 327
269 106
191 37
read:
121
read:
186
write:
10
19 256
250 4
35 44
207 32
341 61
109 339
46 102
66 19
26 160
291 1
read:
193
read:
70
read:
347
write:
10
204 39
159 100
268 106
127 217
37 124
217 338
92 184
277 50
112 33
152 36
write:
7
250 308
37 293
16 194
273 165
170 128
248 186
322 164
read:
122
read:
353
write:
7
6 202
281 343
340 22
208 5
233 30
277 59
305 195
write:
8
15 133
71 75
327 230
53 142
12 250
11 99
145 97
240 281
read:
177
read:
286
read:
207
read:
5
write:
1
354 115
write:
5
143 161
34 33
197 323
37 68
190 150
write:
7
248 280
202 337
87 134
21 165
64 50
102 215
131 5
read:
3
write:
6
75 125
67 173
67 164
231 353
298 268
217 46
write:
4
114 244
36 268
113 291
40 25
write:
6
324 254
125 79
44 287
198 216
146 119
238 229
read:
151
read:
53
write:
10
50 31
122 166
288 62
188 216
224 284
201 111
341 1
10 290
265 31
200 163
read:
151
write:
10
33 272
264 26
29 14
54 62
47 344
192 265
250 111
85 105
336 312
298 264
write:
8
109 107
112 65
24 193
350 336
265 101
200 251
302 112
231 158
read:
58
write:
7
241 345
238 168
322 139
95 315
278 274
221 298
205 179
write:
4
300 201
319 174
13 44
235 191
write:
8
97 346
298 93
92 91
261 158
172 45
77 73
80 56
10 97
write:
1
63 284
read:
115
write:
4
85 9
155 169
146 127
248 53
read:
75
read:
330
read:
349
write:
6
148 15
213 331
319 141
341 287
82 16
331 64
write:
1
216 27
write:
5
207 196
73 139
210 36
185 214
68 253
read:
87
write:
5
304 329
103 335
58 157
43 50
296 38
write:
3
101 93
114 170
318 6
write:
2
201 263
157 101
read:
37
read:
237
read:
239
read:
41
read:
16
write:
7
287 109
31 29
106 292
305 224
176 63
187 30
5 123
read:
57
write:
7
340 152
145 59
55 91
299 312
187 118
197 64
25 67
write:
2
60 55
164 25
write:
1
19 212
read:
208
read:
71
write:
2
308 326
23 34
read:
18
write:
1
59 276
write:
9
315 57
336 78
16 213
96 34
122 202
222 111
100 106
103 98
349 46
write:
1
122 343
read:
70
write:
2
33 4
166 32
write:
4
19 129
40 76
21 260
73 72
read:
51
write:
8
76 316
172 280
168 174
87 284
92 48
306 49
84 331
56 60
read:
310
write:
8
231 50
10 92
208 286
134 92
252 13
247 71
292 94
316 284
read:
247
write:
8
151 4
323 309
191 69
337 73
216 1
244 232
298 57
126 179
write:
1
339 339
write:
9
176 90
100 284
22 262
69 98
320 39
248 240
48 335
139 214
123 167
read:
233
write:
5
157 108
38 124
20 30
234 262
277 210
read:
189
read:
162
write:
7
168 137
298 207
340 342
214 41
82 153
233 10
208 118
read:
236
read:
29
write:
9
192 232
169 14
204 143
226 107
144 353
76 6
183 252
33 118
157 200
write:
1
311 250
write:
7
92 107
53 37
303 137
137 253
120 270
127 191
130 48
write:
9
154 232
48 293
140 185
62 268
152 315
254 280
190 309
183 185
89 160
write:
7
256 126
100 343
117 186
48 149
159 133
189 139
288 274
read:
180
write:
8
275 210
66 244
114 2
284 195
169 28
257 48
74 219
293 130
write:
9
228 264
193 127
190 185
96 306
143 13
22 9
106 64
14 345
207 81
write:
1
47 221
read:
86
read:
331
write:
10
13 69
207 88
188 303
296 104
118 109
316 333
114 316
4 47
134 309
321 288
write:
7
166 256
252 62
96 129
323 78
338 218
155 195
5 293
write:
1
344 1
read:
186
write:
1
310 351
write:
6
135 110
338 261
214 303
261 208
38 96
16 35
read:
259
write:
1
221 193
read:
83
write:
7
129 140
325 321
185 252
184 1
36 177
86 266
195 156
write:
10
327 175
147 15
210 222
66 268
16 184
35 86
307 78
44 305
39 117
239 286
write:
8
255 47
245 76
297 220
239 241
58 253
2 163
143 89
122 100
write:
8
79 253
312 212
353 12
296 66
153 281
321 219
111 108
336 119
read:
325
read:
149
write:
4
188 140
281 221
76 181
45 245
write:
9
50 252
228 163
347 312
251 232
116 13
264 256
24 109
1 318
213 325
write:
4
331 248
33 353
209 85
196 105
read:
61
write:
1
319 56
write:
9
333 333
102 197
67 228
158 258
155 336
304 127
135 174
166 110
22 183
write:
5
231 305
76 138
43 163
6 82
342 114
read:
64
write:
5
47 208
18 216
268 244
333 218
186 158
write:
4
262 77
259 125
350 126
189 92
write:
9
65 322
9 132
307 83
30 228
299 80
136 106
108 179
109 282
175 233
write:
4
126 86
165 270
175 331
126 103
write:
1
24 171
write:
9
304 214
293 139
122 269
197 38
40 6
108 258
185 333
87 337
249 41
read:
347
read:
9
write:
1
30 190
read:
37
read:
337
write:
9
187 324
265 345
171 279
257 116
9 146
264 212
321 184
157 206
100 83
read:
92
read:
186
read:
34
read:
339
write:
2
15 288
147 189
read:
31
read:
103
write:
1
182 151
read:
113
write:
8
248 325
208 104
212 312
148 327
346 8
7 169
129 122
17 203
write:
6
35 206
66 252
327 71
34 284
187 155
78 266
read:
122
read:
317
read:
297
read:
64
read:
279
write:
10
182 174
45 48
246 118
267 265
56 177
195 84
243 296
289 245
335 109
133 158
read:
196
write:
1
53 112
write:
3
170 225
239 229
97 246
write:
1
249 323
read:
158
read:
164
read:
6
read:
146
read:
251
read:
271
write:
10
133 238
108 77
35 248
157 317
122 330
159 199
235 187
169 121
137 295
305 110
write:
1
65 60
read:
5
write:
5
141 102
178 44
265 309
295 166
50 301
read:
118
read:
240
read:
51
read:
83
write:
7
165 273
123 67
234 123
132 12
202 283
206 30
36 12
read:
119
write:
10
270 329
21 249
56 77
72 163
128 64
152 241
218 180
226 92
255 182
305 153
read:
59
write:
3
9 27
218 125
313 156
write:
8
264 269
196 279
104 246
64 213
326 255
103 221
282 86
129 345
write:
1
121 278
read:
240
write:
5
239 166
210 189
173 326
140 339
347 193
write:
6
131 231
41 71
252 340
244 293
105 9
339 311
write:
7
69 191
104 209
220 82
180 296
116 178
320 286
91 177
read:
222
read:
146
write:
2
173 136
247 182
read:
62
read:
280
write:
6
272 143
185 252
78 36
104 100
233 80
70 269
write:
9
33 162
290 246
73 2
153 217
230 105
68 339
346 218
293 35
169 1
write:
7
129 17
300 49
141 262
41 327
173 168
30 5
325 125
read:
344
read:
37
write:
2
301 101
354 204
read:
177
read:
202
write:
4
182 268
329 94
201 327
285 243
write:
2
195 236
5 294
read:
152
write:
5
209 267
107 235
354 111
53 256
208 307
write:
2
186 30
114 142
read:
318
write:
2
34 158
337 115
read:
277
read:
23
write:
4
139 233
217 260
52 109
9 241
read:
261
write:
1
252 41
read:
138
read:
13
read:
61
read:
148
write:
2
352 287
336 270
read:
219
write:
9
125 105
151 39
185 201
42 211
219 64
286 119
294 58
26 84
163 32
read:
5
read:
205
write:
2
223 175
140 272
write:
8
253 70
216 169
2 65
270 6
189 264
111 343
354 64
39 95
read:
66
write:
5
90 206
27 302
6 245
188 237
132 173
write:
6
268 248
114 72
348 31
140 252
188 270
285 168
write:
5
66 213
16 195
85 151
106 109
321 341
write:
1
342 298
write:
8
115 308
225 147
101 244
157 78
12 92
9 107
172 1
146 3
write:
5
176 168
216 119
326 106
35 95
76 181
read:
77
read:
26
write:
6
12 345
227 35
274 138
96 330
259 249
191 223
write:
7
192 187
354 285
312 29
191 154
51 229
145 271
5 56
write:
5
272 55
237 17
132 335
340 22
94 217
write:
4
207 147
64 43
78 63
312 135
write:
4
188 340
258 137
123 322
273 50
write:
10
49 309
345 337
164 243
235 39
55 21
161 97
335 234
7 353
11 52
175 102
read:
205
write:
7
296 149
66 300
121 93
227 48
310 326
175 169
315 206
write:
10
205 169
270 257
115 74
248 98
145 257
146 128
200 96
135 102
284 81
150 27
read:
78
write:
5
41 68
59 147
241 113
82 265
72 253
write:
5
94 232
297 196
24 6
180 353
183 48
read:
74
write:
10
67 162
188 188
38 145
184 289
62 57
221 114
96 253
181 26
116 341
64 81
read:
220
write:
10
256 64
350 219
124 208
328 176
329 1
67 101
308 288
223 119
140 322
102 295
write:
9
257 148
235 289
264 112
110 143
302 240
77 68
29 179
116 16
52 236
read:
109
read:
220
write:
8
17 166
84 47
332 3
57 57
342 1
102 218
276 30
176 301
write:
5
135 2
91 130
267 144
40 80
102 291
write:
6
267 33
179 79
305 141
121 325
205 347
137 153
write:
3
49 328
312 348
130 354
write:
4
74 191
73 34
215 210
247 194
write:
5
263 265
122 114
46 180
267 124
110 137
write:
2
170 124
88 187
read:
205
write:
1
326 79
read:
224
write:
10
190 92
275 150
182 85
105 139
77 180
218 336
248 122
81 144
141 123
32 296
read:
209
write:
1
311 306
write:
6
188 343
235 203
57 100
353 84
286 106
162 72
read:
321
read:
283
write:
7
333 241
323 245
350 40
211 132
1 134
34 294
232 102
write:
3
314 238
216 275
245 71
read:
200
read:
173
read:
131
read:
258
write:
6
69 94
281 351
274 145
10 230
228 88
138 6
write:
2
182 186
279 229
read:
68
write:
5
44 138
156 238
310 55
266 340
292 314
read:
200
write:
8
345 47
99 265
123 351
86 349
248 155
274 10
132 287
133 203
read:
325
write:
9
350 112
64 17
354 307
1 150
195 188
180 233
78 8
101 335
257 107
read:
16
write:
7
253 40
94 248
327 279
345 169
352 23
106 74
212 12
read:
113
write:
8
305 271
339 345
153 275
345 251
114 223
51 70
175 277
348 96
read:
162
read:
334
read:
267
read:
274
read:
152
read:
239
write:
10
129 240
256 206
351 112
155 286
209 108
233 115
328 237
207 225
192 257
192 30
write:
2
103 107
331 103
read:
310
write:
4
216 212
132 98
160 209
71 90
write:
5
341 201
132 136
348 16
256 240
273 4
read:
129
read:
62
read:
347
read:
64
read:
298
read:
284
write:
9
243 327
279 278
220 171
6 199
347 230
195 351
14 241
277 231
130 151
write:
7
69 32
229 354
283 36
186 165
18 245
260 171
43 35
read:
132
read:
111
read:
303
read:
185
read:
290
read:
114
write:
3
39 157
121 295
244 296
write:
5
64 321
259 309
303 145
90 7
3 117
write:
4
336 8
187 149
118 192
70 171
read:
49
write:
10
141 164
344 280
24 336
213 78
332 314
53 266
181 322
74 141
320 46
94 94
read:
333
write:
7
42 311
295 155
227 228
293 281
185 236
225 49
301 263
read:
48
read:
126
read:
136
write:
10
101 43
315 19
8 324
200 104
189 92
103 65
193 255
85 190
76 230
84 247
read:
165
read:
276
write:
9
141 11
98 182
180 215
242 19
209 330
202 160
255 209
351 217
121 347
read:
223
read:
116
read:
181
read:
49
read:
64
write:
1
206 198
read:
344
write:
10
94 306
263 249
197 229
269 259
133 146
179 294
225 136
91 60
140 79
201 51
read:
191
read:
30
write:
1
104 318
write:
3
162 349
46 66
154 254
read:
78
read:
87
read:
62
read:
186
read:
251
read:
207
write:
3
217 338
213 195
251 227
write:
1
260 353
read:
186
read:
254
write:
6
309 110
237 177
276 229
112 308
219 131
207 232
write:
2
56 52
164 198
write:
1
133 7
write:
3
152 197
2 290
249 333
read:
328
write:
7
211 99
231 75
329 153
313 123
179 38
200 231
32 238
read:
90
read:
266
read:
86
write:
3
209 23
23 74
86 119
write:
7
237 3
175 249
184 201
122 264
4 305
80 221
121 43
write:
4
54 337
47 96
333 353
196 182
read:
290
read:
13
write:
8
236 86
236 107
191 77
65 70
234 112
98 12
235 192
318 105
write:
8
280 218
7 49
238 57
127 235
9 312
84 10
206 84
233 101
write:
5
27 269
340 43
307 279
95 307
248 354
write:
10
6 275
331 179
95 95
331 320
237 52
281 327
280 72
86 48
128 204
312 123
write:
1
123 96
write:
5
349 128
15 52
126 121
204 100
279 21
read:
127
write:
2
336 20
126 140
read:
252
read:
116
read:
328
read:
34
write:
5
111 142
108 160
262 102
22 64
159 138
write:
1
244 190
write:
5
23 227
83 221
234 55
146 119
53 128
write:
10
161 352
227 139
42 196
4 184
145 124
315 276
39 58
93 317
85 351
100 319
read:
248
write:
6
181 185
92 261
343 259
273 110
144 225
1 22
read:
333
write:
9
210 134
151 21
330 73
133 108
145 331
169 75
65 141
231 256
81 44
read:
242
write:
9
194 177
323 130
27 69
108 253
97 292
128 126
43 40
186 281
306 324
read:
30
read:
315
read:
92
read:
138
read:
111
read:
6
write:
10
165 250
333 271
180 29
114 176
183 144
197 261
51 46
192 289
154 218
207 38
write:
7
179 146
178 280
142 324
266 185
242 233
79 290
61 18
write:
4
207 19
54 79
295 202
139 269
write:
5
333 187
182 343
253 53
216 290
119 90
read:
182
write:
7
228 42
39 67
188 15
188 205
115 315
336 185
184 349
write:
10
232 67
129 144
169 74
107 214
274 190
54 175
284 151
219 251
189 153
147 336
read:
64
write:
7
125 232
39 227
92 184
262 176
341 238
217 14
114 28
write:
3
31 60
67 180
286 67
read:
83
read:
318
read:
183
write:
1
135 263
write:
9
326 229
43 182
288 83
174 310
321 246
287 95
177 284
237 315
347 196
read:
147
write:
4
311 57
237 125
95 239
246 167
write:
6
250 64
326 322
267 296
262 318
241 65
160 135
read:
286
write:
4
205 176
89 246
164 205
167 60
write:
8
43 146
65 162
97 320
85 248
264 125
322 8
20 167
166 104
read:
134
write:
2
73 281
95 151
write:
4
40 326
126 18
297 8
57 63
read:
301
read:
251
write:
10
270 244
303 64
184 265
117 51
72 287
72 326
249 28
27 288
26 258
276 328
write:
9
123 79
121 127
44 273
317 66
33 33
168 188
35 341
340 165
157 44
read:
185
read:
335
read:
231
write:
2
63 315
281 305
read:
190
read:
280
write:
10
134 3
336 269
9 264
45 107
44 123
89 185
27 19
64 161
267 257
183 142
write:
9
159 245
232 141
136 339
3 244
169 2
96 47
38 316
265 184
325 132
write:
4
155 100
350 2
114 38
188 19
write:
6
194 343
345 123
114 3
275 259
6 321
76 1
read:
172
write:
8
253 300
283 204
187 213
57 133
315 304
180 278
95 41
36 72
read:
293
write:
8
220 18
149 272
93 206
38 159
327 327
51 132
342 123
286 229
write:
4
4 107
241 306
298 342
151 119
write:
1
86 308
write:
4
262 46
166 103
75 147
349 258
read:
89
write:
1
204 266
write:
3
281 173
71 269
37 123
read:
195
write:
10
5 131
212 114
79 106
285 146
77 93
10 45
235 60
286 182
148 220
101 210
write:
2
257 223
80 267
read:
131
read:
274
write:
5
280 248
3 315
171 30
175 133
160 345
write:
7
268 249
132 199
283 217
15 303
229 352
200 199
180 243
write:
2
354 248
216 45
read:
126
read:
96
write:
10
168 195
245 184
221 334
190 259
166 205
268 148
212 103
233 268
288 142
52 220
read:
172
read:
153
write:
5
217 180
188 110
269 18
310 267
312 329
write:
3
211 345
201 277
304 252
read:
337
write:
5
166 18
251 166
178 165
156 251
216 57
write:
7
246 303
349 309
76 174
323 2
248 6
21 30
145 195
read:
312
read:
287
write:
6
50 21
201 311
319 84
283 314
208 253
18 218
read:
181
read:
193
write:
1
19 295
write:
8
68 108
195 308
302 217
206 207
340 35
313 196
71 191
38 185
read:
131
write:
1
192 280
write:
2
70 139
265 316
read:
202
write:
10
207 89
192 85
287 203
273 287
331 299
152 269
68 147
118 65
75 167
56 91
read:
285
write:
6
332 122
9 91
21 53
158 245
94 59
24 274
read:
101
read:
334
write:
6
264 163
273 268
259 318
310 351
93 352
30 247
write:
1
219 308
write:
6
248 242
178 311
250 192
163 141
334 21
113 3
write:
9
214 325
86 186
82 118
320 248
21 270
110 184
206 342
58 326
295 350
write:
8
62 229
317 191
279 72
40 284
325 306
293 145
16 272
263 159
read:
23
read:
244
read:
332
write:
3
21 68
166 232
96 150
write:
8
277 104
33 85
309 141
132 332
275 204
103 336
281 102
319 62
read:
7
read:
333
write:
6
312 263
262 281
168 148
25 96
15 219
54 228
read:
181
write:
4
157 2
124 135
278 58
58 56
write:
8
159 296
321 74
13 212
190 280
261 235
228 32
250 192
72 78
read:
60
read:
241
read:
166
read:
73
write:
7
57 292
64 307
265 347
301 46
31 284
262 212
135 164
read:
266
read:
260
write:
6
87 110
175 308
183 42
194 244
56 313
105 252
write:
8
224 267
24 262
191 46
39 156
172 266
146 60
329 189
62 66
write:
2
19 354
170 213
write:
10
301 348
2 9
352 1
20 275
204 96
269 215
302 46
184 23
42 10
324 5
write:
4
61 203
175 269
33 39
92 72
write:
9
270 331
271 135
229 64
152 55
165 338
143 122
319 321
62 96
183 106
write:
3
248 213
121 333
283 248
write:
1
256 131
write:
8
242 272
112 238
154 283
232 247
22 203
241 86
266 249
44 36
read:
348
read:
282
read:
258
write:
9
18 254
216 208
58 283
203 185
17 203
97 325
229 24
312 136
331 256
write:
10
274 219
256 340
102 231
285 262
194 44
116 7
304 64
64 140
301 64
203 192
write:
6
32 12
53 314
295 320
159 234
217 117
172 334
read:
105
write:
6
95 61
41 269
175 242
191 7
260 354
337 310
write:
5
272 264
39 297
232 25
348 61
103 114
write:
6
99 259
86 254
267 88
170 336
149 240
290 301
read:
346
read:
336
read:
17
read:
104
write:
7
56 139
214 54
55 267
315 86
47 339
88 336
141 303
write:
6
115 243
14 288
15 205
93 137
36 70
152 300
read:
124
write:
3
282 311
202 274
300 6
write:
7
205 52
58 258
60 93
352 203
162 100
84 261
161 224
write:
8
261 133
259 205
278 73
76 148
346 36
254 156
242 161
244 269
read:
291
write:
5
222 170
293 273
65 309
234 192
111 314
read:
173
read:
263
write:
5
267 30
58 47
271 11
307 206
304 297
write:
8
145 319
61 49
211 350
13 198
345 111
166 347
109 92
26 95
read:
327
write:
4
223 255
292 220
199 21
321 341
write:
5
271 269
196 135
199 179
224 91
30 162
read:
173
read:
195
write:
1
211 282
read:
348
read:
244
write:
10
260 83
151 321
250 49
187 163
49 170
84 128
74 166
326 326
134 40
257 250
read:
272
read:
295
write:
4
244 348
133 11
247 35
21 221
write:
3
163 111
313 48
48 316
read:
129
read:
222
read:
122
read:
263
read:
294
write:
4
237 192
286 81
193 124
269 324
read:
51
write:
4
161 339
118 110
265 292
98 344
read:
345
write:
7
197 274
17 161
199 55
162 164
82 31
314 167
196 35
read:
49
write:
7
304 181
190 189
267 271
344 331
183 236
155 165
301 55
read:
194
read:
289
write:
3
77 193
60 51
309 81
write:
4
196 93
321 53
26 173
182 12
read:
268
write:
6
292 339
289 169
118 114
341 176
48 96
187 268
read:
51
read:
168
write:
1
20 249
write:
6
139 337
272 181
97 124
118 56
115 141
46 10
read:
283
write:
9
321 241
180 42
234 152
336 209
263 159
288 75
74 166
237 92
173 143
write:
6
238 56
244 265
79 240
165 342
133 41
304 260
write:
6
164 222
147 322
45 326
228 16
283 71
27 283
read:
187
read:
107
read:
16
read:
144
read:
195
read:
88
write:
3
125 118
352 303
298 322
write:
10
237 203
142 336
237 338
162 140
331 103
96 239
79 69
58 325
76 323
73 35
write:
10
238 162
123 291
160 174
132 49
283 183
266 227
266 163
202 223
151 353
289 169
read:
8
read:
30
write:
2
293 156
143 182
read:
276
write:
1
19 44
read:
2
read:
324
write:
10
217 337
45 309
133 197
88 88
301 160
83 321
184 305
88 110
110 80
103 275
read:
84
write:
10
121 160
294 147
271 333
146 330
267 187
78 137
102 138
6 112
86 348
95 334
write:
3
84 92
81 67
120 214
write:
9
184 242
69 246
99 317
89 286
197 240
67 160
188 8
166 98
268 316
write:
10
35 34
289 19
37 317
82 84
218 218
283 261
307 246
83 128
75 141
198 246
write:
9
278 100
176 154
123 293
146 322
300 176
186 45
16 158
264 204
276 242
write:
6
86 344
69 293
28 341
93 169
240 210
351 17
write:
5
115 289
110 2
348 298
297 27
334 294
write:
1
44 44
write:
1
198 242
write:
2
246 172
165 27
read:
246
read:
327
write:
3
326 76
128 86
291 272
write:
4
77 99
31 157
321 256
88 354
write:
2
251 9
75 8
write:
1
277 164
read:
160
read:
195
write:
9
145 326
225 13
261 351
71 200
66 201
181 272
39 147
204 13
191 326
read:
269
read:
120
write:
10
333 69
158 205
170 95
71 158
258 252
265 90
121 125
56 134
352 344
125 177
read:
271
write:
5
69 29
201 166
237 329
237 245
33 174
read:
246
read:
223
write:
10
192 346
207 293
181 298
97 140
304 303
333 321
62 77
55 236
71 39
331 343
write:
5
52 237
143 36
264 18
335 241
259 10
write:
10
222 13
179 73
257 183
113 225
80 69
157 150
277 229
319 145
143 228
236 168
read:
331
read:
250
write:
9
298 325
178 232
310 230
248 210
130 120
305 34
17 167
195 243
264 300
write:
3
81 236
83 90
347 52
write:
2
128 197
349 230
write:
10
328 266
217 283
90 149
80 219
5 148
285 90
12 321
232 225
106 330
107 116
read:
142
read:
345
write:
7
236 155
101 320
260 96
59 281
331 307
113 12
186 295
read:
77
write:
9
97 239
46 223
181 90
269 137
314 176
64 166
345 58
198 294
232 232
read:
214
write:
1
239 313
read:
79
read:
131
read:
24
read:
127
read:
216
read:
238
write:
7
12 314
301 306
9 196
45 158
295 124
142 52
177 254
read:
183
read:
92
read:
41
read:
231
write:
9
195 173
44 144
72 339
301 37
107 147
313 118
83 48
63 162
241 30
read:
341
read:
222
write:
5
300 330
58 43
307 311
33 22
164 245
read:
85
write:
8
257 312
192 287
42 85
248 302
239 353
241 28
313 163
339 98
read:
30
read:
249
read:
16
read:
113
read:
101
write:
8
68 13
59 33
226 107
233 139
321 55
327 39
330 148
80 310
write:
2
259 162
79 40
read:
261
read:
321
write:
2
316 128
276 140
write:
6
106 143
60 11
338 297
123 199
348 328
125 177
write:
8
152 303
274 214
15 339
114 191
99 292
216 10
263 177
66 271
write:
9
85 171
106 203
169 239
276 341
221 346
267 268
236 145
180 67
204 104
read:
296
read:
54
write:
7
33 287
79 275
136 184
60 195
177 214
142 156
112 147
write:
1
164 124
write:
3
122 23
213 256
281 2
read:
208
read:
176
read:
156
write:
1
60 113
read:
21
read:
216
write:
6
257 323
170 264
177 80
300 291
84 76
27 316
write:
9
59 262
137 81
353 326
27 318
193 225
124 216
127 75
111 157
211 353
read:
119
write:
1
89 331
write:
9
339 208
40 167
59 329
347 289
14 250
74 269
318 245
127 248
39 132
write:
4
134 23
114 43
334 104
230 260
write:
7
34 50
353 215
208 326
125 263
172 307
82 129
72 115
read:
48
write:
2
90 77
111 242
write:
9
187 70
186 259
297 143
341 126
319 282
67 265
100 34
47 290
230 105
read:
41
read:
77
read:
244
read:
29
write:
9
302 89
11 226
134 66
274 177
304 271
188 258
350 318
114 18
123 130
read:
251
read:
268
write:
7
185 95
337 262
179 4
173 215
162 208
258 120
263 171
read:
264
read:
337
write:
1
60 174
read:
9
read:
214
read:
161
write:
1
14 212
write:
6
281 177
128 208
240 272
160 17
262 34
71 272
read:
295
read:
15
write:
7
241 167
342 132
317 175
333 226
122 303
333 64
75 292
read:
230
read:
102
read:
215
read:
47
write:
7
7 125
103 55
100 255
58 354
264 6
297 335
183 254
read:
78
write:
8
172 109
53 183
123 52
46 68
336 101
242 23
181 5
133 271
read:
328
read:
324
write:
6
76 92
289 315
299 96
30 3
218 40
133 22
read:
176
write:
10
165 230
71 229
239 252
122 315
276 22
115 123
105 221
144 338
173 273
300 22
write:
3
91 90
297 338
178 299
write:
10
12 252
106 283
267 30
77 286
275 258
162 244
334 86
200 123
166 123
71 33
write:
5
163 78
210 283
118 172
196 119
68 188
write:
8
23 196
222 137
15 66
278 170
253 283
316 315
192 135
275 300
write:
8
317 317
299 204
124 131
35 153
3 47
119 151
188 345
169 120
read:
232
read:
111
write:
8
82 11
136 211
231 225
265 77
232 264
66 73
298 94
263 113
write:
6
15 4
160 232
84 276
240 329
206 163
24 80
write:
8
39 309
3 258
268 77
228 219
346 306
291 13
2 183
50 317
write:
2
51 234
324 157
write:
9
294 48
208 172
109 1
61 15
159 90
331 188
337 167
49 173
213 297
read:
26
read:
62
write:
5
23 12
304 332
21 76
343 283
20 45
read:
282
read:
302
write:
10
253 73
308 136
231 122
93 345
109 345
165 274
331 43
63 348
153 140
329 308
read:
141
read:
343
read:
139
write:
4
280 57
140 290
309 205
216 99
read:
153
write:
5
279 301
207 36
264 40
31 352
156 30
write:
9
52 101
142 298
45 127
328 347
254 225
278 331
87 18
236 104
39 228
write:
2
211 76
296 209
write:
7
112 108
58 337
244 267
132 95
238 63
187 245
221 118
read:
101
write:
6
205 323
230 137
161 299
24 197
265 347
126 106
read:
142
read:
150
read:
293
read:
324
read:
152
write:
4
92 24
278 168
246 6
100 119
write:
7
8 248
30 249
287 103
347 45
10 224
41 43
60 208
read:
194
read:
192
read:
145
read:
203
read:
155
write:
1
156 192
read:
116
read:
42
read:
33
read:
8
read:
64
write:
3
271 228
273 300
228 86
write:
3
304 69
201 226
235 342
write:
4
25 115
219 229
142 301
347 100
write:
4
260 13
69 206
106 79
321 76
read:
2
write:
2
117 32
181 352
read:
14
read:
191
read:
103
read:
139
read:
121
write:
4
5 91
20 346
289 142
73 295
read:
245
read:
162
read:
59
write:
2
283 86
88 236
write:
6
280 293
59 261
244 212
154 281
67 315
338 169
read:
276
read:
156
write:
1
96 53
read:
349
write:
3
82 16
286 129
114 190
read:
133
read:
100
write:
2
220 41
121 111
read:
232
read:
179
read:
303
read:
247
write:
4
225 107
26 158
185 335
236 257
write:
7
138 164
215 232
246 325
103 329
118 340
122 218
316 293
write:
5
110 39
252 231
90 347
294 16
45 215
write:
9
118 62
173 327
353 263
5 191
244 111
225 255
182 327
138 242
46 20
read:
108
write:
7
24 303
76 73
59 170
102 226
217 128
206 175
219 237
write:
5
347 139
284 80
46 130
22 284
300 294
write:
4
93 287
291 239
267 204
313 71
write:
6
326 323
167 37
178 345
121 52
171 14
183 223
read:
201
write:
2
312 311
326 173
write:
6
46 220
265 42
197 269
123 310
76 20
215 156
write:
1
296 284
read:
209
write:
7
149 164
105 214
28 84
55 45
275 6
2 216
128 151
write:
5
274 112
302 218
152 211
39 20
345 347
write:
4
198 29
50 271
312 173
53 294
write:
10
106 41
292 207
22 90
175 181
124 88
259 286
178 292
281 163
296 26
262 32
write:
3
211 109
256 136
48 52
write:
2
8 230
118 143
read:
14
read:
301
read:
16
read:
254
read:
47
write:
7
139 31
116 66
184 133
229 318
67 83
352 212
167 77
write:
9
239 95
49 215
109 227
267 191
252 286
333 20
91 209
31 9
352 237
write:
2
47 156
8 48
write:
10
150 233
95 29
332 102
116 156
13 159
226 249
116 102
277 72
313 59
140 346
read:
339
read:
59
write:
2
297 319
73 352
read:
32
write:
3
125 28
288 241
221 68
write:
9
40 235
80 30
223 353
313 259
253 284
231 153
216 50
106 66
341 318
read:
34
read:
274
read:
32
read:
109
read:
30
write:
7
41 119
88 4
107 275
309 231
299 29
303 111
298 322
read:
240
read:
43
read:
63
read:
114
write:
10
335 278
85 164
158 329
180 12
313 352
116 218
90 206
301 290
2 135
255 108
write:
7
77 133
285 105
9 2
8 106
32 86
226 193
353 237
read:
254
write:
6
128 58
128 287
173 266
285 222
70 165
212 183
read:
59
read:
98
read:
187
write:
2
246 189
33 248
read:
6
read:
293
read:
316
write:
10
226 309
336 263
231 125
183 199
200 288
195 150
130 37
150 349
109 165
124 256
read:
122
read:
107
read:
315
write:
9
287 184
153 116
130 234
194 9
312 77
57 156
64 64
148 237
99 166
write:
10
113 352
293 132
195 271
76 95
322 254
20 228
190 223
164 176
2 50
269 351
read:
291
write:
8
302 80
342 224
320 154
202 26
55 218
124 197
275 69
269 55
write:
3
113 313
76 264
111 232
write:
5
46 83
82 287
263 312
316 98
191 227
write:
3
209 185
285 281
134 134
write:
5
288 301
309 146
77 140
250 96
42 231
read:
299
read:
234
read:
326
read:
215
write:
9
256 351
142 110
287 123
259 211
30 164
312 100
187 74
197 203
136 222
read:
148
write:
4
349 215
222 342
152 155
122 344
write:
9
176 251
28 197
190 61
208 69
162 330
163 212
114 77
166 177
286 32
read:
127
read:
232
write:
7
277 89
242 272
334 81
261 257
173 309
268 292
316 77
write:
3
101 47
281 166
172 149
read:
350
read:
175
write:
1
205 46
read:
300
write:
7
292 40
241 299
268 195
146 119
128 94
331 334
54 18
read:
120
read:
198
write:
7
196 108
351 222
213 24
189 111
307 57
89 36
85 314
write:
5
174 144
86 103
27 3
216 340
342 39
write:
3
324 251
80 251
195 242
read:
212
read:
76
read:
131
write:
4
91 142
286 42
135 223
121 353
write:
3
64 257
206 177
286 179
write:
5
284 79
317 28
162 29
80 318
49 250
write:
6
174 222
138 317
347 248
252 19
167 346
342 266
write:
1
98 224
read:
54
write:
7
24 48
46 305
312 167
154 132
166 276
30 78
177 33
read:
171
read:
223
read:
75
read:
5
write:
8
189 224
303 325
91 297
151 44
40 109
251 194
65 94
301 110
read:
248
write:
10
197 106
172 180
222 82
214 61
291 333
59 338
119 237
289 218
332 180
78 327
write:
4
353 327
335 332
289 156
166 108
read:
115
read:
164
read:
2
read:
165
read:
351
read:
256
write:
7
43 307
310 228
208 217
17 189
3 309
286 283
339 94
write:
1
345 163
write:
9
35 133
172 154
314 211
348 143
26 69
19 184
268 122
214 181
7 46
write:
10
222 50
340 83
296 62
75 29
315 54
87 50
135 350
302 88
342 50
24 326
read:
249
read:
259
read:
231
read:
243
read:
101
write:
1
98 228
write:
7
274 289
112 87
39 221
107 243
275 189
157 168
195 86
write:
9
100 40
174 9
52 219
104 87
6 329
141 233
217 208
59 241
17 190
read:
291
write:
5
325 199
92 164
240 190
57 225
91 220
read:
249
read:
18
write:
10
273 233
103 52
14 3
115 168
58 203
114 99
346 301
231 205
99 53
309 133
read:
109
read:
63
read:
275
read:
329
write:
1
310 299
read:
286
read:
295
read:
247
read:
165
write:
7
60 321
277 45
290 126
179 144
203 138
85 113
354 89
read:
184
read:
103
write:
8
144 319
280 5
90 31
344 21
172 299
83 54
145 40
350 158
read:
254
write:
3
27 167
143 329
307 30
read:
270
write:
7
90 59
300 194
234 40
281 219
182 8
132 6
102 101
write:
5
299 331
321 321
43 95
22 42
336 43
read:
204
read:
246
write:
7
82 112
89 282
128 77
180 184
246 349
223 61
231 6
read:
117
read:
87
write:
1
98 125
write:
4
260 273
258 122
83 229
131 131
write:
9
58 240
123 68
68 41
81 161
161 109
325 298
134 129
30 31
14 239
read:
154
read:
12
read:
45
read:
250
write:
1
118 44
read:
121
write:
5
226 43
154 197
28 335
218 4
49 126
read:
17
write:
8
316 125
252 136
251 169
272 148
95 176
150 45
116 314
335 236
write:
2
124 203
350 123
write:
3
269 169
87 103
109 257
read:
286
read:
244
write:
3
328 120
123 236
285 88
write:
4
222 334
108 13
252 296
33 354
read:
197
write:
7
105 99
106 110
173 337
284 295
275 281
169 288
135 73
write:
7
257 232
19 342
195 6
288 337
320 204
351 181
83 33
read:
74
read:
348
write:
1
21 334
write:
1
54 45
write:
6
58 70
127 115
80 12
77 30
66 256
38 92
read:
156
write:
8
276 43
61 251
251 234
255 195
1 334
9 73
91 237
39 289
write:
2
116 24
299 265
write:
6
294 273
224 98
29 65
296 307
178 26
180 84
write:
5
185 198
225 246
201 59
283 254
124 209
write:
2
213 209
10 325
write:
3
77 202
256 125
223 264
write:
3
325 29
199 1
108 300
read:
213
write:
9
270 49
294 283
204 4
274 169
311 324
6 321
325 291
40 41
303 152
write:
6
8 197
128 123
326 149
170 2
47 179
9 239
write:
10
286 290
67 44
292 97
177 167
164 77
89 120
152 270
184 66
282 177
246 317
write:
8
90 217
83 49
58 74
291 332
120 263
129 191
120 2
156 156
read:
158
write:
10
286 298
239 135
245 286
178 353
171 185
243 60
196 29
321 179
45 75
227 341
read:
301
write:
1
251 154
write:
3
1 225
90 332
301 134
read:
109
write:
4
109 94
299 183
196 241
74 350
write:
10
15 89
75 98
3 37
311 130
257 175
112 66
304 186
293 73
43 315
106 248
read:
289
read:
303
read:
176
write:
9
60 79
135 312
184 170
49 73
337 76
114 119
16 133
211 147
98 317
write:
6
10 184
343 153
143 158
307 204
158 58
345 227
write:
6
266 107
53 249
145 291
158 186
64 143
172 70
read:
242
write:
9
258 186
47 113
177 224
117 244
48 228
74 221
328 191
95 302
258 93
write:
3
169 218
219 314
90 9
read:
64
write:
1
45 299
write:
1
313 87
write:
3
129 196
38 327
256 91
read:
37
read:
234
read:
265
write:
7
136 7
110 40
298 329
301 241
296 72
295 202
238 39
write:
9
63 319
182 50
309 182
169 283
322 213
11 241
311 130
268 68
208 134
read:
119
read:
237
write:
7
324 292
247 180
162 318
302 271
72 148
270 93
230 99
read:
89
write:
10
13 260
34 98
5 315
5 236
241 310
190 203
256 219
122 9
239 20
309 167
read:
215
write:
2
246 3
143 53
read:
78
read:
96
read:
60
read:
29
write:
4
119 309
273 238
151 332
272 65
read:
169
write:
4
250 207
351 317
209 67
98 145
write:
6
44 162
290 193
232 162
354 133
223 243
89 94
write:
9
325 183
17 161
170 189
239 293
242 306
184 15
116 294
166 46
305 299
write:
10
48 325
73 306
111 43
120 209
323 152
23 47
297 298
108 138
142 50
231 267
write:
6
161 201
10 201
336 238
299 218
347 38
262 110
write:
7
352 14
73 24
23 157
180 143
34 248
47 248
37 112
read:
37
write:
3
327 24
326 157
121 212
write:
7
60 168
24 294
4 188
278 226
206 37
296 220
306 41
read:
285
write:
8
241 92
20 37
276 277
302 206
147 94
225 45
173 78
278 282
read:
225
write:
7
314 105
85 223
124 182
330 174
276 244
115 293
100 141
read:
292
write:
9
235 215
141 142
244 7
272 94
271 338
312 57
139 167
293 287
191 19
write:
7
143 251
19 274
329 54
153 270
296 163
225 279
104 48
write:
9
171 224
102 300
129 293
213 168
272 270
225 273
27 2
13 63
111 268
read:
339
write:
10
201 230
55 211
267 23
148 240
218 129
227 125
224 201
270 278
83 292
217 37
read:
127
write:
8
114 219
185 210
105 89
97 70
49 96
272 87
88 130
214 82
write:
6
125 241
180 321
5 279
188 318
50 21
46 211
read:
224
read:
290
read:
307
write:
9
342 333
272 128
85 102
109 337
118 222
166 307
149 205
212 241
261 146
write:
2
160 112
68 11
write:
2
204 320
289 137
read:
71
write:
4
24 328
286 130
339 109
18 144
read:
87
read:
253
write:
2
142 302
175 323
write:
3
293 116
68 55
34 150
read:
170
read:
308
read:
90
write:
5
119 299
17 52
264 106
331 150
310 25
write:
3
315 17
254 68
318 96
read:
325
read:
169
write:
2
14 60
161 311
read:
185
read:
306
write:
5
62 121
155 211
110 263
152 62
54 256
write:
8
255 140
55 26
318 317
102 62
262 279
250 341
253 154
83 196
write:
10
233 117
349 289
25 208
354 183
283 5
41 256
175 130
353 238
39 27
353 163
read:
202
read:
114
write:
10
88 100
313 326
179 283
298 34
270 325
201 89
148 107
293 346
182 229
163 16
read:
220
write:
6
47 89
336 197
33 312
320 76
242 336
144 52
write:
9
1 329
222 261
85 121
206 58
111 280
291 181
104 65
278 329
311 69
write:
3
116 16
47 198
344 104
read:
259
read:
89
read:
262
read:
332
read:
84
write:
9
99 170
149 318
339 100
73 293
155 29
303 215
287 133
89 257
260 144
read:
293
read:
225
read:
216
read:
98
write:
8
284 221
248 247
31 179
257 287
143 312
106 36
223 69
31 8
read:
251
read:
310
write:
9
297 172
41 340
339 211
106 248
149 114
339 114
224 247
45 146
290 50
write:
3
206 274
274 337
118 287
read:
251
read:
320
write:
1
329 151
write:
1
174 328
read:
85
write:
6
16 197
86 316
184 140
305 45
245 83
249 325
read:
280
read:
84
write:
1
109 114
write:
2
84 139
342 242
read:
140
write:
2
100 53
313 251
read:
285
write:
3
205 321
300 242
82 338
write:
2
151 39
17 176
read:
304
write:
8
179 347
54 3
174 306
85 201
61 200
143 118
317 196
5 24
read:
19
read:
28
read:
309
read:
281
write:
2
106 281
141 311
read:
253
write:
9
242 6
328 341
316 104
309 47
3 182
189 236
258 317
350 138
305 354
read:
193
write:
3
149 61
263 72
71 121
read:
285
read:
231
write:
9
175 197
196 9
64 300
175 66
66 128
203 46
272 151
179 204
161 130
read:
149
read:
209
write:
6
19 186
224 203
258 110
225 288
95 302
249 100
write:
6
228 2
192 238
182 22
254 293
79 122
337 212
read:
195
read:
79
read:
95
write:
10
98 256
215 308
242 224
60 125
104 33
231 38
80 133
59 162
168 335
45 202
write:
7
155 238
288 181
199 133
334 283
175 81
206 296
276 146
read:
23
read:
347
read:
93
read:
26
read:
137
read:
135
read:
217
write:
7
341 108
213 158
116 134
266 142
325 32
329 71
30 299
read:
353
write:
6
313 298
242 187
111 165
276 99
63 6
350 49
read:
302
read:
276
write:
1
292 302
read:
190
write:
4
337 253
209 169
285 119
342 25
write:
4
283 218
83 90
312 280
157 261
read:
40
write:
5
12 248
113 263
61 262
173 220
214 77
write:
8
211 190
22 194
182 281
114 254
134 81
204 95
340 351
339 202
write:
8
125 346
137 82
116 249
48 99
21 331
304 57
187 324
339 112
write:
5
228 279
234 327
164 301
282 39
220 131
write:
5
214 292
49 354
231 307
290 77
233 239
read:
294
write:
1
179 204
write:
1
76 101
read:
212
write:
4
15 322
17 104
130 278
105 217
read:
119
write:
6
128 272
13 154
137 319
39 187
156 122
41 340
read:
325
read:
209
read:
330
write:
4
182 267
240 196
309 230
96 176
read:
283
write:
5
92 232
190 335
81 159
329 42
130 140
write:
7
37 233
331 351
187 332
112 146
152 336
136 314
32 81
read:
69
write:
7
273 96
78 351
65 240
327 135
321 24
107 196
24 215
write:
4
188 15
283 147
14 350
43 125
write:
4
168 92
258 103
148 244
279 10
write:
5
314 23
54 304
18 148
249 98
106 125
read:
236
write:
7
203 217
28 161
271 198
174 244
239 288
48 328
242 302
write:
8
209 240
204 84
211 281
220 236
168 159
288 305
203 221
81 66
read:
216
read:
343
write:
3
44 125
144 203
237 327
read:
51
write:
6
62 223
255 85
317 36
193 283
53 264
57 216
read:
258
read:
86
read:
320
read:
209
write:
10
305 22
66 216
137 340
223 271
180 61
216 86
109 213
291 96
118 202
267 213
read:
7
write:
7
330 277
273 29
48 281
211 68
243 267
238 66
46 23
read:
215
write:
2
335 244
350 94
read:
191
write:
6
33 114
139 38
139 117
41 266
3 284
351 19
write:
7
329 334
160 94
93 26
241 236
11 252
304 14
86 41
read:
218
read:
312
write:
9
334 198
290 62
246 145
179 15
195 30
237 121
84 243
107 14
191 153
read:
257
write:
3
214 231
40 254
2 67
write:
3
7 231
51 111
46 105
read:
225
write:
10
189 203
125 145
182 232
155 342
13 110
353 205
166 60
172 235
143 249
118 5
read:
343
read:
23
read:
334
read:
299
write:
5
258 235
14 106
345 23
76 37
108 210
read:
202
read:
144
write:
5
232 49
27 220
302 340
142 71
305 85
read:
57
read:
264
write:
8
177 247
120 114
192 279
190 76
132 109
141 68
67 303
216 115
write:
8
156 119
37 51
182 250
13 283
146 344
29 310
256 178
23 54
read:
44
read:
229
read:
64
write:
2
45 37
189 11
read:
280
write:
1
257 236
read:
267
write:
2
115 252
187 308
write:
6
186 300
64 297
22 232
226 268
1 314
295 17
write:
7
20 295
132 37
15 11
165 310
251 192
116 166
26 28
write:
10
273 29
130 255
313 227
73 251
21 122
232 180
158 295
88 174
196 226
6 77
write:
10
163 6
185 25
241 70
222 320
190 194
178 318
298 114
286 214
124 322
285 329
read:
331
write:
2
208 282
184 303
read:
207
write:
8
73 322
63 241
270 27
99 33
276 83
128 237
156 88
165 71
read:
274
write:
7
106 293
145 207
267 54
137 298
149 97
111 226
334 344
write:
3
331 256
326 137
338 243
read:
279
write:
3
293 230
267 211
50 39
write:
10
205 33
49 322
41 175
253 262
143 244
331 165
331 19
215 259
74 340
205 248
write:
6
283 147
3 148
120 122
31 258
55 254
137 165
write:
6
91 5
134 29
86 220
10 58
114 87
306 85
read:
338
write:
7
162 147
161 282
246 23
278 31
293 11
209 262
349 132
read:
353
write:
7
50 121
254 245
85 119
264 104
106 312
306 127
312 121
read:
32
read:
233
write:
8
242 204
352 7
95 190
219 307
98 301
317 113
74 165
324 150
read:
66
write:
4
142 63
256 173
351 154
5 341
write:
7
205 326
168 116
325 243
248 265
294 55
229 89
282 10
write:
1
78 194
write:
7
14 181
159 309
58 339
63 141
5 354
245 131
41 192
write:
9
282 40
136 107
297 140
105 160
317 244
301 300
85 49
217 30
172 163
read:
39
read:
155
read:
289
write:
9
195 105
65 161
163 40
250 256
259 68
129 34
269 34
274 77
334 279
read:
49
read:
319
read:
106
read:
164
read:
53
write:
4
265 26
49 344
183 351
343 48
read:
350
write:
1
128 222
read:
19
write:
9
136 201
269 85
293 104
191 261
352 328
36 135
291 68
299 306
72 274
read:
296
write:
5
315 89
128 158
292 127
71 143
302 5
read:
289
read:
318
read:
301
read:
264
read:
119
read:
57
write:
7
162 308
29 88
171 297
351 3
120 204
245 176
342 96
read:
266
write:
6
241 237
50 94
64 50
31 46
297 321
248 320
read:
21
read:
69
read:
208
read:
132
write:
1
36 165
read:
174
read:
162
read:
87
read:
173
read:
133
read:
345
write:
9
170 278
310 40
25 306
215 193
342 156
91 292
328 10
69 81
124 119
read:
53
read:
216
read:
170
write:
2
68 188
54 315
read:
273
read:
135
write:
4
55 62
198 207
123 53
345 201
read:
273
write:
8
207 73
35 334
110 54
314 161
175 257
308 337
178 243
153 154
write:
6
228 230
315 68
115 30
73 87
173 172
202 298
write:
8
291 49
307 80
148 279
303 92
177 86
143 88
268 272
31 74
read:
294
read:
322
read:
292
read:
121
write:
7
64 265
297 232
343 18
42 348
344 323
62 144
169 191
read:
340
write:
7
252 177
170 283
242 144
320 237
315 261
253 348
122 56
read:
23
write:
1
60 165
write:
8
275 33
81 243
220 242
224 248
222 260
153 169
287 315
1 292
write:
3
263 141
192 153
351 347
read:
130
read:
212
write:
6
205 291
125 27
183 178
105 180
189 227
34 61
write:
10
210 334
136 218
114 347
231 57
232 113
4 217
285 2
17 183
64 33
90 181
read:
217
write:
4
252 47
88 18
234 21
228 183
read:
250
read:
15
write:
9
254 189
18 328
234 109
89 134
104 244
160 72
143 5
329 185
216 17
write:
9
312 296
296 239
254 52
186 313
307 70
320 72
83 187
138 277
61 313
read:
114
read:
134
write:
7
312 165
164 105
316 317
326 28
186 202
73 34
278 138
read:
283
write:
3
16 35
316 68
60 150
write:
4
262 346
205 282
192 58
156 284
read:
348
write:
9
336 242
319 220
25 217
321 195
81 83
168 241
82 76
41 113
336 348
read:
65
write:
6
41 319
187 22
154 334
21 128
180 210
54 304
write:
7
309 144
265 38
255 178
163 18
173 45
102 158
205 236
read:
341
read:
264
read:
221
read:
142
write:
10
253 241
25 245
54 280
320 57
206 345
110 50
142 147
217 100
233 33
177 328
read:
215
read:
180
write:
6
327 328
1 109
157 15
223 166
317 301
150 283
write:
4
235 185
130 291
99 353
236 31
write:
6
255 147
140 23
134 319
217 77
50 286
292 341
write:
9
35 270
261 115
216 44
280 260
69 99
257 333
37 195
254 329
34 71
read:
149
read:
331
write:
8
178 37
251 179
16 334
352 96
250 142
231 243
203 320
17 179
read:
319
write:
8
202 246
16 89
246 39
328 131
242 176
128 197
168 321
185 256
write:
7
214 187
236 146
20 39
191 223
111 301
156 71
96 80
write:
5
252 348
112 250
249 277
7 188
98 96
write:
8
86 199
184 20
155 185
316 18
306 134
63 40
254 290
143 129
read:
299
read:
55
read:
288
read:
353
read:
277
read:
136
write:
5
93 291
178 148
304 100
132 139
127 224
write:
2
100 222
280 344
read:
126
write:
8
154 287
30 160
115 330
59 345
93 69
274 255
176 37
317 137
read:
102
write:
1
163 66
read:
21
read:
286
write:
4
14 350
34 275
50 118
320 40
write:
1
47 309
write:
8
193 196
298 299
218 291
222 94
37 322
181 99
24 208
312 221
write:
6
206 302
119 12
39 168
140 312
85 272
142 234
write:
6
235 157
276 230
6 95
3 247
147 153
217 36
write:
5
314 138
308 158
112 257
112 286
253 72
write:
9
339 277
292 145
304 19
216 326
203 9
84 26
31 351
293 103
294 153
write:
1
325 253
write:
5
319 156
130 145
68 12
277 135
16 254
write:
7
284 111
230 83
21 71
251 39
235 327
38 87
205 28
read:
312
write:
7
242 347
37 302
321 328
192 281
165 21
174 173
345 85
write:
7
61 39
190 324
321 94
188 57
237 176
290 77
167 117
read:
270
write:
8
52 104
11 179
245 338
291 121
186 91
159 234
182 58
85 232
read:
163
write:
4
36 296
122 323
224 83
293 267
read:
193
read:
71
write:
6
300 13
115 282
116 344
41 168
241 50
105 2
read:
182
write:
6
330 181
192 32
317 67
22 17
220 260
155 5
write:
3
128 174
272 117
343 149
write:
8
229 226
126 264
214 287
217 268
314 349
26 182
115 108
96 303
write:
3
115 38
82 188
97 36
write:
6
6 253
12 12
253 68
314 354
198 119
118 185
read:
83
write:
6
324 66
10 23
57 289
75 116
75 75
46 212
read:
169
read:
173
read:
48
read:
126
write:
10
42 204
98 261
70 31
348 15
347 83
291 182
143 92
50 215
221 159
221 279
read:
317
read:
143
read:
65
write:
6
255 111
313 193
8 29
24 138
51 224
270 175
read:
65
write:
3
333 21
334 334
345 281
write:
6
87 37
32 157
64 286
300 129
329 39
281 134
write:
4
305 222
190 190
173 36
267 268
read:
350
write:
3
295 323
219 12
151 140
read:
278
write:
2
220 347
330 243
read:
213
write:
9
82 104
304 56
63 91
66 332
162 291
263 124
96 288
113 151
268 50
read:
164
read:
45
write:
3
99 146
257 124
173 146
read:
218
read:
309
read:
40
write:
2
166 7
2 123
read:
253
read:
44
read:
251
write:
10
110 60
92 52
257 264
281 104
215 88
119 203
128 47
3 307
15 6
28 212
read:
45
write:
4
208 94
175 57
283 336
217 251
write:
4
222 232
4 275
327 321
111 247
read:
293
write:
8
294 4
150 128
176 215
142 63
165 38
150 235
313 14
141 350
read:
301
read:
298
read:
328
read:
352
write:
6
268 58
211 184
79 235
78 299
137 339
49 66
write:
10
325 146
87 112
140 269
279 280
315 153
75 96
64 131
149 343
179 242
177 259
write:
2
87 112
138 271
read:
93
read:
228
write:
6
103 205
278 165
217 315
232 190
27 309
294 75
write:
7
240 247
290 57
237 234
184 239
194 102
108 147
45 66
write:
1
163 115
write:
4
73 261
326 293
237 137
312 274
read:
236
read:
3
read:
32
write:
8
130 309
321 234
333 189
193 27
146 218
184 221
312 178
70 147
read:
238
write:
1
231 120
read:
224
write:
7
89 230
188 48
235 126
354 323
210 36
176 113
349 195
write:
8
241 237
69 57
238 345
46 176
279 275
185 312
107 95
196 98
read:
339
read:
259
read:
168
write:
10
243 96
118 302
217 309
191 191
169 293
246 35
252 295
224 125
239 25
307 168
write:
1
27 228
read:
15
read:
333
write:
3
141 164
123 169
24 74
read:
20
write:
3
209 129
195 146
225 101
read:
40
read:
221
write:
8
217 213
70 306
169 231
278 8
39 33
263 134
76 161
278 327
read:
255
write:
2
239 261
178 351
read:
31
write:
5
177 60
159 301
335 230
101 105
195 186
read:
161
read:
90
read:
158
write:
5
39 328
151 63
14 115
4 23
296 101
read:
67
read:
145
write:
7
125 78
165 37
309 36
298 185
129 235
70 342
256 30
read:
140
write:
6
6 162
88 78
198 27
330 173
90 350
47 79
write:
5
232 298
83 347
157 54
76 275
194 232
write:
2
182 210
287 305
write:
6
202 264
314 276
29 279
342 256
51 144
57 225
write:
5
308 59
238 58
238 143
291 229
151 87
write:
6
64 279
146 58
173 42
223 70
263 66
305 295
read:
158
write:
3
321 55
304 338
256 120
read:
325
read:
265
read:
298
write:
7
111 152
185 173
310 347
188 57
182 14
115 152
22 321
write:
9
139 88
133 119
168 304
128 311
148 122
166 270
49 27
135 46
152 54
write:
10
115 329
185 255
35 194
251 147
102 231
313 287
123 339
249 255
312 234
296 244
write:
2
289 161
272 269
write:
6
226 238
56 42
122 196
40 188
83 32
14 300
write:
10
129 78
32 234
31 308
212 214
243 298
63 127
273 140
195 200
238 39
61 95
read:
339
write:
5
111 69
234 337
132 66
38 49
205 201
write:
8
294 70
80 150
319 261
92 287
130 267
289 277
88 167
161 116
write:
7
169 99
80 121
262 52
13 203
83 228
182 228
237 240
read:
44
write:
4
122 142
353 3
321 250
48 354
write:
7
8 258
136 144
191 252
192 97
109 2
341 21
268 45
read:
184
read:
130
write:
9
42 21
339 182
287 346
226 342
338 38
343 30
145 92
10 190
281 258
write:
8
82 103
4 137
203 24
207 342
40 91
37 28
212 6
76 125
write:
5
239 300
168 135
346 53
320 241
298 261
write:
1
192 236
read:
109
write:
1
61 285
read:
332
write:
2
6 52
231 229
read:
354
write:
6
83 204
75 274
290 61
327 346
122 155
47 260
write:
7
140 271
208 286
78 234
66 198
180 353
292 135
8 28
read:
334
read:
27
write:
8
300 216
214 142
98 147
14 172
13 95
97 36
326 264
196 80
write:
6
150 240
295 165
322 292
175 290
150 42
309 325
write:
1
35 155
read:
123
read:
229
write:
9
43 42
20 179
231 215
221 251
173 40
268 305
252 169
129 230
264 242
write:
6
278 353
83 139
340 78
61 124
149 189
191 272
write:
6
298 314
170 187
1 127
98 119
191 39
208 62
read:
135
read:
324
read:
230
read:
19
read:
253
read:
116
write:
6
85 133
199 280
8 286
180 67
1 286
108 210
write:
9
167 28
126 137
288 318
103 319
211 40
127 267
307 245
53 225
238 92
write:
3
176 47
343 248
302 171
read:
325
read:
61
read:
114
write:
8
76 275
348 139
63 199
58 2
339 317
261 258
333 18
125 33
read:
312
read:
302
read:
301
write:
9
73 339
235 341
290 69
184 353
27 120
12 44
233 252
87 190
162 118
write:
7
342 246
52 214
215 256
85 46
222 40
223 327
11 51
read:
264
write:
5
22 261
225 149
14 350
81 226
221 198
read:
131
read:
238
read:
23
write:
6
118 291
29 284
229 19
191 134
62 34
223 154
read:
155
write:
9
173 231
181 190
344 273
161 49
207 66
149 254
315 153
127 69
349 135
read:
66
read:
144
read:
7
write:
2
185 328
4 271
read:
16
write:
10
168 65
43 297
120 293
30 232
260 17
257 224
280 316
206 313
99 215
17 341
read:
351
read:
68
read:
351
read:
234
write:
1
332 286
read:
167
write:
5
286 87
37 345
234 311
244 311
279 333
read:
125
read:
131
read:
133
read:
27
read:
222
write:
2
169 64
14 93
read:
354
write:
8
276 219
163 228
245 198
20 181
289 326
146 25
136 250
308 145
read:
37
write:
6
186 88
18 349
19 14
157 232
72 194
331 174
write:
6
284 94
26 9
333 188
319 125
117 112
317 174
write:
2
299 197
225 244
write:
2
235 199
136 285
write:
6
149 49
68 202
330 77
70 26
192 86
291 20
read:
139
read:
35
write:
10
234 83
104 105
296 274
151 251
55 248
168 242
321 18
136 101
237 307
72 200
read:
73
read:
159
write:
10
327 123
154 306
237 310
313 328
272 263
265 225
119 291
50 212
303 61
42 203
write:
4
265 23
222 327
117 118
123 203
read:
290
read:
78
read:
196
write:
3
134 274
227 158
149 124
write:
7
278 301
198 49
249 299
157 35
73 188
230 178
130 85
read:
86
write:
10
175 194
297 187
13 132
327 50
10 278
294 172
111 110
252 74
57 201
215 183
read:
299
write:
7
244 210
138 78
13 73
217 163
14 152
154 183
258 271
read:
191
read:
44
write:
10
93 281
230 172
70 257
178 291
166 261
305 204
80 145
214 144
91 96
284 76
read:
2
read:
282
read:
309
read:
19
read:
276
write:
10
111 41
12 251
42 222
279 71
3 102
176 85
331 247
333 290
224 230
269 170
write:
4
156 58
62 152
168 177
346 199
write:
2
104 24
67 211
read:
36
write:
8
32 229
15 305
325 9
346 180
83 217
242 72
354 340
228 318
write:
1
244 300
write:
9
181 286
163 322
90 319
191 15
142 2
149 318
214 283
226 218
335 63
read:
249
read:
334
read:
269
read:
256
read:
99
read:
112
read:
209
read:
30
write:
2
270 230
257 234
read:
133
write:
6
226 259
68 265
174 33
185 101
163 210
323 135
read:
294
read:
279
write:
10
333 277
267 80
6 123
213 197
143 127
228 190
232 236
191 60
287 345
83 237
write:
9
143 227
268 133
29 116
44 271
226 49
94 237
284 342
20 143
348 116
write:
8
71 71
179 169
263 147
210 235
240 252
56 318
241 16
272 99
write:
10
275 44
169 24
61 113
293 197
296 344
270 283
284 34
213 348
257 297
4 156
write:
6
311 344
79 6
195 184
75 126
245 307
295 217
write:
9
253 344
60 254
7 64
241 139
235 35
28 340
191 323
61 354
54 153
read:
134
write:
5
136 50
99 174
295 260
212 351
281 44
write:
9
307 51
298 238
330 114
162 44
301 187
190 274
142 339
133 118
79 242
read:
80
write:
1
307 121
read:
3
write:
2
20 161
174 138
read:
16
write:
3
225 268
119 29
39 102
read:
40
write:
4
112 81
197 316
51 152
67 208
write:
5
32 6
20 126
191 287
103 73
170 198
read:
294
write:
9
274 4
243 131
228 190
301 126
351 264
145 114
231 126
220 120
29 131
read:
251
read:
348
write:
7
197 312
298 354
187 336
42 143
168 52
87 57
67 261
write:
3
5 17
271 269
133 294
read:
254
write:
7
240 216
85 347
313 215
183 128
310 321
87 173
24 144
write:
1
89 38
read:
132
write:
7
228 116
179 106
75 331
142 290
26 235
319 98
53 13
write:
3
50 334
8 196
88 12
write:
8
128 282
120 25
107 145
213 2
83 199
336 61
57 15
216 327
write:
9
255 245
64 164
271 21
200 94
11 197
190 121
203 39
73 296
69 272
read:
273
read:
216
read:
32
read:
178
write:
3
86 229
216 58
100 65
write:
6
318 280
143 260
280 249
128 113
212 258
299 330
read:
160
read:
20
read:
267
write:
2
5 67
153 224
read:
131
read:
152
read:
278
read:
244
read:
1
read:
340
write:
6
162 321
203 145
218 116
194 128
244 134
9 81
read:
283
read:
152
write:
6
13 77
208 112
44 70
202 32
54 65
322 335
read:
255
write:
1
235 262
read:
247
write:
10
259 88
182 209
254 239
234 349
7 245
15 128
106 157
296 322
211 198
299 190
read:
287
read:
307
write:
1
308 329
read:
181
read:
45
write:
4
331 226
256 223
175 131
143 292
write:
4
10 187
36 316
126 151
93 149
read:
144
read:
166
write:
10
196 343
153 47
137 232
296 301
164 214
97 89
161 306
34 291
11 130
290 20
read:
266
read:
296
read:
301
read:
253
read:
157
write:
10
101 114
306 235
121 109
132 332
35 204
238 65
285 33
318 171
148 39
4 251
write:
3
110 240
123 143
212 309
read:
222
read:
185
write:
2
90 186
104 175
write:
9
319 182
183 318
273 311
218 93
132 290
140 103
152 141
346 162
144 310
read:
28
write:
2
19 69
238 2
write:
9
214 24
218 147
195 278
21 59
66 329
66 156
133 239
263 210
76 173
write:
4
327 158
300 68
21 269
93 85
write:
2
241 228
17 69
write:
5
261 353
348 132
213 110
280 304
120 338
write:
6
37 93
50 23
148 178
305 249
55 164
128 109
read:
306
read:
7
read:
264
read:
328
read:
276
write:
9
128 221
136 141
30 175
262 207
187 125
188 276
202 153
59 309
118 124
read:
151
write:
6
42 211
157 187
326 230
198 40
147 192
25 169
read:
144
write:
1
108 65
read:
235
write:
3
167 16
211 337
37 327
write:
10
169 45
212 284
138 30
323 145
115 201
124 120
345 112
257 53
100 190
76 168
read:
256
write:
6
299 257
144 191
100 123
70 35
95 335
75 2
write:
3
29 18
264 111
151 21
read:
258
write:
1
66 354
write:
5
84 134
287 121
330 296
196 244
205 42
write:
1
187 65
read:
101
read:
217
write:
2
31 233
77 141
write:
2
126 294
257 218
write:
6
176 93
8 30
302 240
53 243
285 162
274 255
read:
167
write:
1
268 4
write:
1
152 211
write:
1
214 44
write:
10
331 179
349 322
336 241
20 316
175 339
202 342
339 155
147 206
284 178
23 74
read:
161
read:
205
read:
16
write:
6
102 69
240 188
179 292
175 16
338 327
175 154
write:
1
71 132
read:
9
read:
123
read:
306
write:
1
230 123
write:
3
160 124
270 160
329 165
read:
174
read:
45
read:
123
read:
224
write:
2
42 233
56 78
read:
163
read:
237
read:
117
write:
9
253 85
347 288
29 34
21 98
276 143
203 304
221 340
326 7
11 90
read:
77
write:
8
116 326
325 66
286 71
10 49
212 274
162 301
346 334
217 330
write:
3
345 225
333 47
112 247
read:
80
write:
10
311 151
49 242
189 92
4 269
145 321
141 146
232 211
69 148
82 296
165 180
write:
4
260 330
47 210
121 183
207 178
read:
273
read:
130
read:
346
write:
3
252 217
57 71
213 298
read:
248
write:
2
33 274
263 74
write:
4
25 279
7 175
210 42
266 160
write:
6
51 228
233 211
139 201
5 347
246 153
275 256
read:
36
write:
9
312 66
69 188
338 79
299 159
125 183
146 77
126 220
352 93
315 309
read:
88
read:
71
read:
273
read:
173
read:
240
write:
4
324 292
153 46
251 265
74 90
read:
208
write:
10
166 84
24 31
97 216
163 59
132 299
216 101
296 290
319 101
206 9
245 245
write:
10
336 223
229 76
326 93
57 271
267 330
157 123
324 303
194 100
235 304
245 326
write:
6
46 71
251 278
274 171
169 145
277 329
280 184
write:
9
183 322
198 214
127 248
301 116
25 277
294 135
243 50
254 213
329 209
write:
7
160 134
177 178
23 246
117 156
69 54
187 300
134 133
read:
247
write:
5
197 273
85 215
244 343
225 31
313 76
write:
7
222 182
144 315
75 187
311 216
228 257
252 151
313 160
write:
8
66 72
334 156
315 165
31 40
196 161
55 353
224 110
206 63
read:
30
write:
6
206 246
111 239
230 167
212 236
299 274
34 141
read:
246
write:
6
163 242
7 252
351 287
260 43
112 119
309 319
write:
1
39 44
read:
3
read:
32
write:
5
271 162
98 2
184 123
148 311
222 238
write:
4
310 33
136 313
35 203
80 88
write:
5
206 116
237 319
33 35
204 103
166 300
read:
178
read:
332
write:
3
18 330
341 16
282 145
read:
10
write:
4
7 218
333 199
75 160
186 64
read:
105
write:
5
214 103
89 155
163 129
273 214
223 172
write:
2
319 201
7 237
write:
9
20 318
20 145
298 295
52 44
77 195
329 160
51 343
351 202
153 28
write:
2
86 30
353 294
read:
84
write:
2
143 341
323 267
read:
84
write:
1
218 22
read:
148
write:
2
54 122
207 80
read:
158
read:
231
read:
174
read:
301
write:
8
191 78
272 296
331 70
92 245
212 328
341 127
325 110
304 281
read:
131
read:
316
read:
280
read:
41
read:
112
write:
9
92 120
305 266
309 16
61 295
105 348
22 288
175 243
105 155
167 297
read:
300
write:
1
277 79
read:
260
read:
336
read:
213
write:
2
101 168
287 232
write:
2
13 50
176 219
read:
339
read:
238
write:
2
82 112
327 216
write:
1
231 55
write:
4
236 19
334 245
149 62
71 180
read:
332
read:
189
read:
287
write:
4
89 315
142 267
140 221
113 176
read:
211
write:
4
132 347
103 22
180 153
46 160
read:
46
write:
1
135 109
read:
187
read:
42
read:
17
write:
7
277 125
110 343
233 299
335 283
306 288
154 333
196 61
write:
1
158 180
read:
271
read:
268
write:
10
217 85
326 221
352 274
204 287
57 275
94 327
169 52
144 139
302 305
210 255
write:
7
142 129
192 249
178 290
99 191
231 322
201 106
65 298
write:
1
341 298
read:
70
write:
6
267 54
247 118
20 108
202 328
329 273
37 146
write:
10
191 167
23 124
48 105
45 318
5 274
18 10
183 308
4 340
209 27
197 107
read:
127
read:
227
read:
46
read:
149
write:
9
163 248
354 116
22 292
350 45
271 225
163 231
309 34
233 311
60 175
write:
8
222 225
153 313
106 194
301 119
288 304
116 71
339 12
228 21
write:
6
226 290
111 306
97 11
226 83
174 172
44 151
write:
7
26 208
210 132
316 120
241 344
9 206
336 204
18 273
read:
278
read:
233
write:
6
29 245
212 13
18 296
337 312
32 130
264 287
read:
67
read:
224
read:
175
read:
75
write:
4
279 341
320 16
74 47
352 144
write:
4
126 132
138 170
189 176
338 215
read:
163
read:
271
read:
336
read:
305
read:
318
read:
336
write:
8
68 272
155 24
188 272
208 81
316 14
302 107
199 233
13 229
write:
10
69 325
241 84
101 349
348 127
309 197
223 68
15 197
186 223
213 146
172 305
read:
314
read:
245
write:
3
281 262
246 248
342 47
write:
3
27 352
111 146
109 128
read:
224
write:
7
255 41
199 300
115 110
3 328
217 295
89 338
171 200
read:
274
write:
8
215 116
346 123
31 191
228 192
159 64
179 274
69 21
74 56
write:
10
91 70
243 329
317 29
20 155
329 295
48 309
149 92
328 254
306 153
104 49
write:
1
137 216
read:
265
write:
3
215 215
209 314
228 185
write:
8
188 143
337 9
273 5
28 176
269 233
143 287
327 191
118 131
read:
229
write:
1
354 174
read:
310
write:
2
348 246
155 331
write:
10
84 258
353 267
91 96
232 28
99 255
137 302
192 173
196 312
40 161
211 235
read:
144
write:
4
294 88
199 268
192 65
228 346
read:
175
write:
9
278 189
336 311
54 318
93 260
252 198
117 137
51 341
83 274
128 79
read:
3
write:
5
302 18
232 340
162 183
306 28
123 174
write:
4
205 261
98 96
243 49
230 103
read:
173
read:
248
write:
5
258 170
136 94
303 226
70 152
252 102
read:
11
write:
6
133 146
305 145
63 228
330 244
24 267
107 110
write:
9
350 240
349 303
317 116
208 111
154 181
215 257
110 322
37 31
104 171
read:
221
read:
126
read:
108
read:
21
write:
6
139 340
124 14
231 35
130 252
345 8
54 286
write:
5
140 156
168 348
278 54
135 239
253 115
write:
5
339 123
101 147
331 281
287 201
48 326
write:
2
31 67
300 133
read:
97
write:
10
258 124
2 289
30 298
243 350
119 118
45 165
295 300
84 55
296 36
222 191
read:
325
write:
8
102 244
289 307
282 351
103 153
93 40
88 71
301 322
68 69
write:
8
271 84
97 53
286 142
127 101
15 139
316 83
248 316
264 323
write:
5
241 87
90 209
194 130
105 23
5 59
read:
24
read:
1
write:
10
145 141
89 115
28 348
231 32
190 256
53 106
15 268
61 255
128 126
305 113
read:
9
read:
148
read:
137
write:
10
34 56
210 213
194 206
73 18
346 279
95 304
61 226
55 33
281 36
315 78
write:
5
45 176
306 267
24 108
284 115
41 175
read:
248
read:
53
read:
76
write:
4
267 200
213 189
298 301
274 147
write:
5
18 14
169 284
334 258
348 263
204 10
read:
136
write:
3
40 295
255 256
311 92
read:
98
read:
175
read:
214
read:
317
read:
307
read:
193
write:
5
174 149
55 63
2 38
83 336
273 52
write:
7
2 210
278 343
4 313
322 312
186 2
321 298
326 3
read:
291
write:
7
95 144
171 210
66 349
78 308
142 3
33 53
194 157
write:
9
39 156
112 241
168 135
6 307
271 180
241 353
129 147
222 121
99 343
read:
132
write:
6
302 137
57 126
134 174
146 170
89 221
47 144
write:
7
269 185
259 253
267 317
218 211
131 120
339 324
147 54
read:
217
write:
2
260 300
247 345
write:
2
260 219
199 316
write:
1
50 322
read:
44
read:
196
write:
10
176 184
239 27
151 190
51 26
241 235
281 180
292 256
331 238
250 311
177 184
write:
6
264 9
14 354
59 167
322 57
163 200
315 105
write:
1
17 278
read:
58
read:
190
write:
7
103 125
347 198
212 323
165 347
296 202
20 11
302 347
read:
133
write:
10
89 105
336 238
324 37
328 222
288 111
172 243
294 12
162 155
29 60
77 196
write:
6
34 344
225 1
260 17
333 59
44 113
131 225
read:
197
write:
2
302 323
144 289
read:
25
write:
5
283 153
296 298
272 310
237 303
142 89
write:
2
213 179
217 102
write:
5
280 47
272 74
210 129
71 276
324 308
write:
5
281 83
298 183
109 266
172 13
145 308
write:
3
235 75
298 100
106 208
read:
81
read:
296
read:
257
read:
106
read:
25
read:
217
write:
2
269 171
180 36
read:
177
read:
329
write:
5
212 125
49 88
330 87
34 130
297 109
read:
107
write:
4
342 22
147 28
83 17
129 240
write:
2
106 291
325 250
read:
305
write:
2
276 335
340 51
read:
171
write:
6
219 199
176 44
118 196
41 220
141 156
85 168
write:
5
219 247
331 237
10 330
113 219
321 332
write:
1
100 26
read:
140
read:
119
read:
24
read:
324
read:
105
read:
85
write:
10
354 200
267 279
276 162
149 184
4 197
170 334
30 97
2 336
151 309
22 167
write:
5
144 49
44 235
110 197
257 44
29 199
write:
1
229 307
write:
10
336 269
124 56
46 3
68 3
177 179
256 323
268 21
218 218
134 166
14 37
write:
7
216 228
195 287
38 111
340 177
266 46
106 321
288 172
write:
6
200 98
248 142
17 150
293 251
110 286
154 146
write:
2
8 78
75 351
read:
14
read:
237
read:
2
write:
9
141 79
322 94
123 17
19 56
117 146
91 312
273 100
96 246
4 112
write:
5
163 2
275 347
272 300
214 89
266 167
read:
280
write:
7
211 30
146 331
297 130
192 280
333 229
287 31
238 73
read:
73
read:
343
read:
146
read:
228
write:
6
101 122
217 287
271 330
348 88
155 15
250 209
read:
89
read:
338
read:
88
write:
5
283 294
79 16
269 352
122 27
287 228
read:
140
read:
157
write:
8
61 273
351 146
345 120
85 45
249 167
249 223
348 288
99 27
read:
7
read:
121
read:
265
write:
7
182 55
14 254
81 137
195 283
310 139
5 199
179 200
read:
151
read:
353
write:
4
254 77
248 283
144 109
131 65
read:
169
write:
5
268 250
18 319
27 317
141 278
38 295
read:
255
write:
10
352 29
298 265
51 130
176 94
26 79
28 109
151 338
26 177
109 286
216 278
write:
5
203 175
187 8
276 213
91 209
326 146
read:
195
write:
9
277 308
93 48
79 189
229 101
156 89
4 242
37 111
258 299
149 168
write:
3
112 245
335 267
259 164
read:
161
read:
193
read:
279
write:
9
231 198
16 205
352 348
348 97
127 61
313 258
205 4
243 54
228 140
read:
54
read:
256
read:
32
write:
1
114 82
read:
237
read:
249
write:
10
10 53
328 221
161 47
322 32
260 180
89 175
28 162
18 2
179 43
20 138
read:
168
write:
10
65 236
40 305
187 240
224 203
68 153
61 273
256 194
87 313
258 54
110 234
write:
5
164 333
30 15
263 318
129 303
184 253
write:
8
74 340
301 167
142 27
42 58
56 146
283 335
88 56
64 147
read:
19
read:
192
read:
81
read:
181
write:
7
299 275
64 246
112 26
217 227
202 158
194 324
185 222
read:
117
write:
3
28 51
149 148
147 250
write:
6
261 240
120 194
330 169
214 138
308 82
46 315
write:
6
192 199
165 311
55 328
171 275
86 44
89 273
read:
156
write:
8
186 271
349 178
152 59
334 293
179 158
113 114
50 60
109 60
write:
9
112 19
35 242
147 270
348 49
153 55
155 217
255 154
261 352
178 176
write:
4
164 157
341 234
264 291
235 184
write:
1
29 118
write:
4
269 300
90 342
308 277
91 52
write:
7
164 127
121 123
88 88
210 237
160 351
88 113
15 83
read:
133
write:
6
247 191
145 337
313 345
192 2
122 251
7 77
read:
166
read:
68
write:
1
170 218
write:
1
119 145
read:
312
write:
5
69 96
285 143
158 259
76 125
187 196
write:
10
1 165
243 321
127 110
143 104
350 128
181 290
32 343
27 307
16 143
144 246
read:
343
read:
210
read:
162
write:
7
187 8
91 210
314 109
317 83
104 131
11 14
197 53
write:
2
53 160
320 353
write:
10
279 122
330 197
258 322
354 319
211 250
161 180
74 70
92 63
220 285
337 79
write:
1
226 154
read:
12
read:
277
read:
270
write:
4
122 289
331 222
30 24
324 62
write:
9
216 179
25 62
13 264
178 238
207 341
306 232
330 231
350 75
345 210
write:
8
185 147
9 77
287 95
263 337
160 239
330 131
160 76
161 335
read:
62
write:
5
109 21
121 257
121 41
87 336
351 89
write:
6
216 45
158 118
192 238
18 49
229 107
66 144
write:
10
310 92
11 98
137 95
294 286
65 108
266 103
121 233
123 30
203 221
63 117
read:
186
write:
3
122 315
323 193
233 145
write:
1
227 189
write:
5
330 271
316 132
328 103
159 276
95 169
write:
8
142 324
287 147
100 203
307 32
90 323
342 28
175 93
351 222
write:
6
191 7
167 173
323 232
153 42
151 210
22 62
write:
8
307 239
259 12
256 69
329 19
241 88
48 14
62 285
166 228
read:
33
read:
5
write:
10
290 231
201 62
118 68
73 65
185 226
194 161
114 242
256 328
247 140
36 159
read:
166
read:
325
write:
4
126 215
81 320
77 52
129 167
read:
317
write:
2
329 99
338 193
read:
297
read:
56
write:
4
190 218
139 132
297 145
136 48
read:
306
read:
122
write:
9
253 309
241 328
186 227
43 294
147 299
67 208
272 78
134 158
79 218
write:
4
226 172
284 295
11 279
184 40
write:
4
241 139
161 200
151 125
146 3
read:
177
read:
263
write:
9
104 75
175 317
131 58
69 312
156 283
312 131
323 178
73 60
160 291
write:
3
205 259
97 323
173 108
read:
137
write:
3
313 295
162 152
49 29
read:
318
read:
183
read:
208
read:
303
read:
86
write:
6
98 197
321 266
230 148
214 119
252 291
327 50
write:
3
97 175
84 293
21 197
write:
9
51 87
102 26
264 183
59 268
191 140
254 124
128 277
85 23
244 86
write:
10
292 224
30 340
198 323
53 116
92 244
59 281
98 97
117 189
268 264
206 339
read:
305
read:
252
write:
9
346 312
162 143
68 113
329 212
92 142
163 233
131 97
186 128
206 222
read:
341
write:
1
284 73
read:
129
write:
2
303 23
74 319
write:
8
188 112
315 18
31 122
174 321
297 261
157 176
306 236
238 20
write:
2
6 120
317 147
write:
10
225 353
297 27
260 229
106 7
150 157
8 119
75 313
310 101
275 160
266 188
read:
120
read:
40
write:
5
198 136
159 306
290 349
211 211
1 302
read:
132
read:
80
read:
292
read:
322
write:
2
75 278
209 212
read:
85
write:
7
250 253
147 290
326 171
60 285
150 239
154 42
47 55
read:
76
write:
2
349 212
27 325
write:
6
320 303
152 47
281 109
10 107
185 183
130 172
write:
6
293 279
272 294
127 87
245 53
143 59
82 171
write:
8
40 334
28 185
124 41
163 253
203 57
63 233
95 343
84 62
read:
81
write:
2
128 166
106 206
read:
287
read:
292
read:
286
write:
2
155 12
262 127
write:
1
180 191
write:
10
39 69
255 315
341 261
30 6
195 166
15 238
56 230
312 260
47 348
66 285
write:
5
28 96
231 302
128 285
162 272
251 52
read:
335
read:
244
read:
343
read:
334
read:
258
read:
1
read:
234
read:
169
read:
124
write:
6
256 57
190 164
241 191
279 109
222 196
68 2
read:
132
read:
232
write:
7
172 127
20 244
325 120
66 221
105 342
118 37
43 234
write:
1
163 19
read:
103
write:
4
150 349
107 219
218 155
148 143
write:
6
61 5
38 8
267 17
279 181
196 8
134 177
write:
9
67 252
55 189
222 311
240 10
84 315
301 174
176 257
60 173
230 94
write:
6
211 111
33 1
230 171
48 195
344 328
58 171
write:
5
47 21
102 191
66 28
47 117
63 276
read:
150
write:
4
346 318
332 315
37 10
17 53
read:
53
write:
3
33 353
341 150
209 128
read:
76
read:
96
write:
9
211 16
89 119
9 94
251 282
324 23
106 116
337 231
91 87
105 246
write:
10
95 195
285 174
345 161
188 344
179 117
300 348
158 235
26 80
276 351
190 49
write:
8
349 100
292 307
146 237
231 27
287 221
255 298
132 25
57 102
read:
154
read:
98
read:
149
write:
3
32 301
200 164
294 61
write:
8
257 193
350 20
302 337
229 198
216 105
83 63
273 37
45 316
read:
27
write:
5
93 244
257 284
142 177
11 221
292 276
write:
4
134 151
86 13
36 63
111 322
write:
9
167 277
225 330
314 188
291 196
76 106
39 165
218 133
354 307
202 43
write:
5
179 338
328 153
346 346
130 322
93 204
read:
7
write:
6
334 175
127 14
197 352
71 185
124 86
152 40
read:
235
read:
195
read:
288
read:
318
read:
167
write:
6
196 182
9 343
187 295
177 349
1 144
123 245
read:
41
write:
4
231 326
106 30
59 13
11 222
write:
10
282 106
108 113
56 354
318 5
168 131
274 96
114 256
5 192
219 67
219 119
read:
342
read:
263
read:
327
read:
182
write:
9
154 275
109 87
283 12
5 318
348 41
88 143
27 90
303 208
275 172
read:
287
read:
203
read:
326
read:
12
read:
95
write:
7
140 167
152 9
290 349
156 245
294 216
127 162
33 15
write:
3
87 145
44 166
293 121
read:
177
read:
83
read:
289
write:
10
115 145
11 12
143 263
348 55
158 91
15 33
170 185
286 180
298 280
274 82
read:
336
read:
273
write:
5
9 217
92 56
131 215
241 152
293 22
write:
5
157 261
108 261
264 175
227 336
297 14
write:
5
149 237
77 298
16 329
136 76
308 113
read:
20
write:
1
275 73
write:
2
268 314
48 155
write:
7
162 102
332 46
85 321
320 300
90 312
185 151
235 198
write:
2
27 44
348 106
write:
10
23 220
137 50
191 10
239 286
272 304
312 243
298 266
103 11
334 52
200 230
write:
6
220 196
112 337
214 349
326 1
16 228
126 271
write:
3
115 246
82 314
306 7
write:
6
220 221
160 203
47 220
239 11
352 276
89 111
read:
242
write:
3
97 154
104 144
30 311
write:
9
5 247
46 280
139 2
282 208
255 82
126 241
14 37
119 69
137 280
write:
3
186 241
297 239
335 163
read:
348
write:
2
172 6
50 317
read:
293
read:
183
write:
4
245 167
150 116
227 321
155 227
read:
86
read:
36
read:
321
write:
1
295 188
read:
139
read:
324
write:
8
41 289
181 143
292 102
198 185
307 172
37 333
18 261
263 224
read:
158
write:
7
31 306
6 276
22 331
65 347
129 174
212 274
70 171
write:
6
8 342
84 45
97 246
346 52
26 305
136 170
write:
9
130 153
4 10
236 47
280 165
281 210
152 219
117 61
230 169
17 226
read:
224
write:
10
229 37
304 89
215 295
151 277
122 87
56 263
256 160
62 35
245 321
3 30
read:
23
write:
6
147 335
303 315
294 259
19 95
324 296
138 252
write:
2
42 315
52 342
write:
8
205 62
338 240
20 328
333 28
53 249
60 350
36 172
275 22
write:
8
65 159
347 287
58 329
352 344
67 4
40 123
67 281
278 226
read:
283
read:
352
write:
8
298 329
141 177
262 145
263 243
89 21
136 89
34 199
347 197
read:
250
read:
306
write:
6
322 18
225 66
269 305
228 289
158 84
238 282
write:
8
329 15
212 5
24 154
48 177
125 162
78 306
2 194
42 88
write:
5
152 17
25 2
323 91
265 155
123 20
read:
107
read:
333
write:
8
233 140
113 271
53 250
257 282
312 82
11 335
307 204
156 176
write:
9
176 274
289 298
79 318
305 302
44 351
49 33
167 123
297 233
354 123
read:
224
read:
223
write:
10
199 159
37 228
59 44
74 167
234 48
15 274
346 253
97 16
115 47
34 187
write:
8
140 97
72 190
186 52
96 245
32 334
145 258
178 219
263 211
read:
280
read:
200
write:
4
55 308
212 47
13 160
194 14
read:
216
write:
2
287 24
339 298
read:
306
read:
287
write:
7
161 80
54 177
239 259
186 131
223 104
281 345
311 310
write:
9
74 19
292 69
348 159
200 70
219 20
243 309
4 254
121 246
214 163
write:
4
336 159
170 153
336 199
184 167
write:
7
340 122
94 336
324 81
115 117
146 237
148 50
151 48
write:
6
248 261
90 68
5 53
318 202
283 119
113 156
write:
1
28 97
read:
194
write:
5
302 324
169 133
346 187
191 168
312 349
write:
5
214 24
190 264
148 122
226 352
63 247
write:
6
79 42
282 256
117 350
84 118
15 323
12 104
write:
7
218 120
75 75
319 252
99 308
263 83
285 161
321 82
read:
283
read:
135
read:
277
write:
10
232 192
338 50
155 2
91 201
131 126
98 317
20 198
295 272
9 226
68 105
read:
220
read:
103
write:
6
304 38
98 63
196 182
155 346
61 105
131 254
write:
3
139 197
151 73
253 293
read:
112
read:
3
write:
2
71 171
247 206
read:
13
write:
7
197 240
88 303
305 89
348 306
182 45
89 232
65 113
write:
9
139 344
282 8
114 50
167 315
334 116
342 120
258 249
78 12
65 147
write:
8
243 3
254 297
160 84
125 244
60 104
326 214
101 48
298 238
write:
8
12 11
69 354
83 61
283 242
84 83
199 80
299 109
317 86
read:
233
write:
1
70 317
read:
115
read:
210
write:
3
60 220
291 68
93 280
write:
1
173 25
write:
4
335 349
106 158
319 320
215 27
write:
9
256 241
53 319
104 88
102 349
244 265
309 89
146 155
96 138
14 234
read:
347
read:
107
read:
192
write:
5
89 155
350 102
151 134
287 283
207 288
read:
274
write:
1
305 130
read:
39
write:
10
289 78
196 179
54 188
109 47
42 345
257 302
210 148
221 40
132 305
245 87
write:
8
181 61
325 114
139 182
222 282
146 13
25 116
125 323
210 288
write:
9
5 322
180 287
200 54
30 333
337 107
98 184
59 340
65 237
329 70
write:
9
128 254
340 90
253 15
300 215
254 270
80 195
51 319
275 339
83 95
read:
147
write:
2
226 25
292 36
write:
4
301 223
94 243
299 126
194 111
write:
1
150 222
write:
10
265 8
343 111
121 106
196 252
280 325
217 283
125 209
79 187
4 50
93 267
write:
8
201 156
238 328
90 222
321 156
162 41
45 108
176 60
349 2
write:
5
8 191
62 7
294 182
222 233
18 304
write:
8
314 225
268 30
327 182
80 77
45 247
7 172
224 36
206 42
write:
10
325 155
181 249
48 298
32 256
331 4
168 28
124 194
110 309
217 15
240 303
write:
5
283 148
282 113
37 202
49 217
225 216
write:
7
71 184
231 109
14 15
26 83
209 114
198 107
313 286
write:
5
41 201
281 346
98 250
68 55
277 266
read:
331
write:
8
5 6
51 278
159 134
259 105
83 249
272 136
30 209
61 214
write:
4
40 218
159 191
218 120
16 156
write:
8
176 326
287 76
8 280
30 117
295 186
321 292
119 39
262 148
read:
228
write:
4
349 162
256 215
29 56
181 258
read:
41
write:
3
137 226
149 124
283 52
read:
298
write:
3
80 342
299 26
135 325
write:
8
223 227
80 118
37 112
158 273
152 172
14 143
15 191
175 271
read:
60
read:
319
read:
97
write:
5
14 341
23 87
251 211
177 340
6 232
read:
90
write:
9
246 152
171 161
169 156
106 169
212 289
301 94
182 45
11 273
239 177
write:
1
95 341
write:
1
186 323
write:
9
264 320
57 19
156 106
207 168
134 133
13 161
29 66
215 87
81 293
read:
264
write:
4
132 264
297 113
345 78
164 30
write:
4
40 92
354 219
94 1
295 317
write:
7
238 179
187 255
129 282
298 266
146 249
177 224
339 326
write:
4
303 303
93 63
341 120
77 26
read:
345
write:
6
103 46
266 243
231 341
285 125
74 125
59 260
read:
101
read:
318
read:
166
read:
32
write:
3
256 296
79 301
214 183
write:
1
104 196
read:
146
read:
337
read:
8
write:
7
162 125
98 205
33 67
116 241
253 288
267 291
16 196
read:
177
write:
8
44 121
103 333
51 131
263 138
207 30
121 132
271 30
100 157
read:
294
write:
2
41 226
152 272
read:
292
write:
2
203 249
17 207
read:
206
read:
63
write:
8
246 332
12 252
167 179
266 291
40 143
147 166
178 269
281 49
read:
6
write:
10
191 302
204 88
80 46
161 88
54 221
58 41
232 310
110 62
327 91
23 279
write:
6
335 95
208 336
164 253
204 281
240 208
292 309
write:
3
119 350
104 137
240 242
write:
9
54 295
102 78
260 88
144 264
146 286
273 85
178 181
197 90
132 353
write:
9
345 316
105 68
202 14
226 301
54 85
3 231
278 66
120 170
87 105
read:
29
write:
5
245 128
52 31
120 129
205 320
217 33
read:
233
write:
10
89 203
65 24
167 288
287 148
321 208
92 330
156 300
282 273
99 154
193 173
write:
6
83 287
110 225
281 4
86 325
68 21
216 232
write:
1
116 241
read:
60
write:
7
231 160
191 171
331 218
94 319
273 320
280 323
185 87
read:
202
read:
117
write:
4
151 343
126 59
62 77
12 236
read:
266
write:
8
203 71
188 270
341 226
309 48
54 315
93 346
177 129
30 112
write:
8
233 268
85 337
232 102
205 69
169 226
315 337
26 135
13 312
read:
348
read:
335
read:
210
write:
3
164 33
300 250
342 152
read:
325
write:
6
258 50
268 303
242 42
342 69
337 236
297 102
read:
264
read:
161
write:
10
24 113
125 186
82 91
267 281
163 41
164 76
51 264
208 83
351 79
53 80
write:
8
247 128
302 67
228 41
115 152
57 151
337 329
15 271
4 155
write:
9
291 72
266 203
302 11
325 169
178 138
54 258
232 187
43 114
280 77
write:
8
218 193
327 285
187 6
211 328
270 232
150 247
15 294
43 152
read:
7
write:
1
89 112
write:
8
266 121
311 286
170 51
223 84
125 80
216 171
125 276
111 155
write:
8
125 353
132 335
254 206
321 180
179 113
259 132
333 24
283 140
read:
87
read:
17
read:
169
read:
253
read:
20
read:
186
read:
94
write:
9
30 101
80 296
275 32
189 155
43 298
82 173
310 335
96 138
268 346
write:
1
81 63
write:
10
116 285
55 337
341 13
229 287
116 186
55 328
333 195
165 87
236 265
148 122
read:
70
write:
1
239 41
read:
52
write:
1
196 31
read:
347
read:
198
write:
9
238 181
186 213
53 15
97 228
289 91
311 270
158 2
233 9
93 323
write:
5
168 47
317 54
153 307
118 146
112 347
write:
9
116 39
189 152
67 230
100 146
48 312
317 282
169 141
98 305
162 129
write:
6
346 71
235 182
104 109
328 8
92 277
5 110
write:
10
234 283
98 174
299 76
127 311
130 232
64 278
201 302
309 54
119 65
75 102
write:
8
179 21
190 164
218 311
56 47
79 20
206 343
85 36
181 328
read:
342
write:
2
90 110
235 352
read:
237
write:
7
186 103
69 74
173 268
171 238
68 332
81 328
310 105
read:
65
read:
21
write:
1
41 35
write:
5
35 293
314 307
130 52
249 349
261 127
write:
10
284 207
262 141
291 235
252 176
46 282
152 157
353 109
82 37
292 320
50 127
read:
37
read:
327
write:
9
129 263
191 160
57 307
329 248
221 249
150 115
268 41
137 94
73 7
read:
98
read:
31
read:
117
write:
10
101 301
307 161
343 110
158 195
118 169
59 268
243 212
141 124
335 74
226 312
write:
10
172 49
279 317
124 313
260 172
37 314
189 189
128 252
309 312
180 123
94 237
write:
7
16 311
92 142
13 299
177 112
51 63
123 117
298 265
write:
4
68 159
152 192
195 302
202 142
read:
213
read:
119
write:
9
203 277
95 129
236 245
25 145
143 131
201 185
310 190
270 345
245 310
write:
7
106 107
56 252
327 230
144 207
79 200
70 243
339 32
read:
11
write:
3
294 114
286 219
170 93
read:
7
write:
6
318 324
52 348
223 318
226 236
333 80
236 155
read:
192
read:
180
write:
7
50 201
104 206
47 278
249 154
16 185
322 86
290 245
read:
287
read:
15
write:
8
283 171
116 86
82 234
335 128
185 4
19 307
184 283
236 234
read:
240
write:
7
335 11
213 59
341 316
170 212
291 41
321 289
78 277
write:
4
128 47
299 25
217 294
20 255
read:
318
read:
227
read:
186
read:
299
write:
9
216 328
211 71
4 55
262 302
93 190
333 88
142 35
161 184
290 293
read:
255
write:
5
144 179
155 148
1 86
128 109
55 178
read:
46
read:
91
write:
4
75 94
192 26
262 179
165 308
read:
230
write:
4
105 125
10 230
279 333
353 345
write:
6
160 267
1 103
282 231
300 108
67 212
33 134
write:
3
159 107
2 263
17 214
write:
2
78 213
284 184
write:
6
254 180
350 332
42 189
187 335
337 1
11 109
read:
214
write:
2
338 190
275 60
write:
10
79 79
253 102
26 234
127 81
96 33
54 7
248 116
282 195
296 86
314 114
read:
343
read:
176
write:
2
271 196
184 42
write:
5
56 38
29 230
256 282
178 318
184 334
write:
4
180 300
305 305
23 5
78 25
read:
319
read:
57
write:
1
334 99
read:
293
write:
9
243 345
127 20
70 338
181 339
173 170
165 192
287 140
55 67
286 61
write:
1
95 266
write:
6
75 48
14 304
246 244
288 168
124 66
186 9
write:
9
52 165
281 107
40 218
103 144
172 43
250 99
168 38
349 133
221 71
read:
175
write:
5
132 254
318 95
228 322
293 200
205 151
write:
6
114 49
57 124
205 252
69 310
65 130
321 129
read:
199
read:
317
read:
321
write:
4
124 343
303 332
30 172
268 275
write:
10
131 150
245 329
1 264
283 241
118 149
27 151
41 133
193 105
352 292
284 210
read:
86
write:
5
8 159
39 77
82 145
44 48
124 282
read:
288
write:
7
103 180
34 258
252 38
240 106
130 347
215 278
122 314
read:
260
write:
3
19 249
108 27
141 319
write:
1
354 73
write:
8
280 290
315 272
37 67
242 288
189 114
270 56
278 339
9 283
write:
4
154 279
145 304
165 165
264 172
write:
8
57 61
273 169
107 307
248 221
224 191
296 154
202 150
91 245
write:
9
327 208
103 248
163 184
53 107
119 44
66 275
77 214
148 1
134 324
read:
331
write:
6
194 21
292 147
276 203
34 53
295 329
217 85
read:
45
read:
32
read:
118
write:
4
309 264
230 274
303 209
310 284
read:
113
read:
200
write:
7
258 74
314 153
54 114
61 316
18 71
108 107
88 53
write:
9
89 169
30 148
311 346
254 13
23 63
36 105
35 99
323 227
72 343
write:
3
123 310
83 75
71 317
read:
270
write:
2
173 237
78 330
read:
218
read:
203
read:
39
write:
7
262 209
78 102
290 332
4 89
246 183
312 343
209 55
write:
9
209 34
342 83
164 57
38 230
91 48
286 337
280 17
20 148
194 193
write:
2
277 352
182 277
write:
4
42 133
46 115
349 172
76 266
read:
309
read:
145
read:
67
write:
2
223 79
320 265
write:
10
102 85
18 247
350 31
112 190
103 256
350 144
307 329
34 59
229 261
289 285
write:
9
127 92
138 158
350 213
161 214
27 65
47 129
262 267
23 100
161 255
read:
121
write:
7
150 276
24 233
27 127
350 299
242 34
336 347
237 320
write:
3
138 305
352 67
262 245
read:
172
read:
132
write:
8
102 338
95 314
157 44
75 193
24 94
324 225
186 141
211 231
read:
185
write:
1
51 7
write:
1
354 235
read:
234
read:
147
write:
3
150 114
287 12
329 235
write:
1
254 148
write:
2
315 329
7 203
read:
344
read:
308
read:
309
read:
68
write:
6
354 31
165 128
258 302
249 66
262 93
206 276
write:
2
121 76
316 288
read:
139
write:
6
218 8
43 299
259 315
194 64
106 256
3 243
read:
21
write:
4
156 141
116 21
18 173
147 236
read:
169
read:
352
write:
4
73 175
348 194
138 186
267 23
read:
83
read:
20
write:
7
193 110
99 294
239 293
269 75
315 11
253 42
303 194
write:
2
311 210
128 84
write:
10
215 253
10 29
237 136
112 306
33 247
129 291
172 31
241 263
229 303
227 343
read:
153
write:
8
270 304
95 4
188 207
53 199
81 208
84 14
347 111
163 258
write:
6
103 170
282 146
40 224
272 278
317 327
105 131
read:
317
write:
10
340 47
314 97
84 272
56 116
334 204
35 319
147 199
100 130
44 293
237 341
read:
172
read:
158
read:
164
read:
69
read:
102
write:
9
167 223
302 131
108 319
122 56
101 207
200 350
259 186
340 181
276 9
write:
3
314 271
137 195
260 309
read:
240
write:
7
238 262
348 309
143 1
156 298
237 26
240 9
248 126
write:
8
212 347
191 160
337 76
332 195
29 125
279 192
244 163
344 150
write:
1
224 50
read:
280
write:
9
149 254
276 71
210 196
339 101
223 260
261 225
140 24
8 295
76 98
write:
1
125 297
read:
254
read:
208
write:
8
179 107
318 68
204 144
283 78
42 308
36 276
171 301
222 115
write:
5
316 73
53 209
241 56
151 224
249 80
read:
243
read:
312
write:
7
232 90
44 125
231 340
349 209
90 240
80 94
277 316
read:
51
read:
175
read:
94
read:
203
read:
197
write:
2
131 40
302 222
write:
10
310 291
107 32
301 173
211 301
218 126
300 166
289 309
309 160
222 158
294 337
write:
9
28 157
300 199
54 222
161 352
63 331
28 221
289 277
230 85
176 80
read:
282
read:
261
write:
4
288 147
191 222
71 197
19 115
read:
310
read:
91
read:
149
write:
1
326 191
read:
102
write:
2
282 296
95 239
write:
4
308 352
332 89
319 295
323 99
write:
9
123 64
332 107
66 333
321 153
119 196
272 183
113 113
23 62
150 339
write:
8
60 214
232 287
34 124
22 40
161 113
225 262
34 28
209 242
write:
2
92 236
145 341
read:
103
write:
9
310 22
64 81
141 60
315 346
224 283
326 251
143 303
67 120
323 353
read:
38
write:
6
189 346
277 45
201 128
317 314
317 267
76 283
read:
61
write:
10
255 24
175 350
17 125
246 312
287 291
131 323
5 328
60 2
62 91
259 143
write:
5
127 84
135 33
266 29
192 250
276 296
read:
289
read:
237
write:
4
299 314
251 142
318 274
209 187
read:
39
read:
262
read:
336
write:
2
252 91
273 264
read:
68
write:
9
113 16
202 137
81 92
74 3
261 267
187 340
266 218
91 15
249 145
write:
8
342 112
44 40
63 234
275 111
208 301
111 265
234 171
34 308
write:
2
324 132
245 82
write:
7
135 340
46 181
193 44
162 114
80 89
39 326
317 142
write:
8
248 234
335 161
304 126
316 328
300 222
147 133
211 168
113 31
read:
29
read:
7
write:
9
75 134
242 311
292 77
115 232
350 93
244 159
206 331
228 47
326 168
read:
291
read:
104
read:
283
read:
321
write:
5
244 200
303 155
126 84
144 283
144 57
read:
151
read:
113
write:
3
130 182
232 8
154 234
read:
19
write:
10
291 184
16 354
295 235
270 329
340 113
212 229
45 247
224 119
33 49
206 189
read:
29
read:
214
read:
68
write:
1
303 253
write:
2
73 167
324 320
read:
124
write:
10
188 249
274 278
113 124
141 139
143 147
345 244
332 208
160 47
227 267
256 249
read:
267
read:
17
write:
4
213 182
252 302
106 294
131 165
write:
9
209 93
10 256
287 268
56 190
141 336
123 316
80 282
174 121
60 213
write:
3
141 30
207 188
214 75
write:
9
275 260
198 126
264 22
298 210
157 281
51 283
158 222
207 287
225 111
write:
6
312 303
187 110
261 227
29 207
118 28
22 253
read:
54
read:
20
write:
5
289 326
18 290
9 312
126 112
90 139
read:
228
read:
314
read:
322
write:
2
135 270
30 283
write:
9
209 231
216 212
314 58
272 253
153 282
154 158
243 81
94 236
217 34
read:
123
read:
291
read:
73
write:
4
315 321
239 312
347 1
192 52
write:
5
78 311
218 42
104 56
143 49
91 70
write:
10
192 33
244 322
126 218
45 144
311 256
5 306
124 239
32 97
248 120
211 268
read:
252
write:
3
12 273
194 148
108 212
write:
5
153 288
75 174
234 23
258 180
256 343
read:
54
write:
3
221 307
225 10
296 48
write:
9
40 9
22 236
328 195
226 354
57 292
247 291
104 317
238 132
193 304
write:
7
98 60
162 328
264 209
32 221
83 100
75 5
259 311
write:
1
247 102
read:
49
write:
9
326 49
345 161
239 197
179 114
82 137
272 131
91 81
233 99
25 28
write:
6
218 141
83 215
10 66
20 137
79 345
19 58
read:
264
write:
7
353 201
61 19
253 270
7 153
191 140
270 316
289 15
read:
34
write:
7
159 201
203 312
253 74
223 117
178 18
54 213
210 170
write:
9
65 95
131 25
39 37
335 48
54 324
231 209
301 276
11 154
100 238
read:
5
read:
158
write:
5
47 199
96 270
72 294
106 112
5 354
write:
9
17 249
96 9
144 212
18 184
46 211
124 32
174 79
64 273
93 222
read:
166
write:
3
5 43
32 5
101 75
write:
9
144 138
291 84
58 311
271 295
249 45
33 322
33 340
228 93
3 205
read:
15
write:
10
137 175
66 160
64 307
219 20
338 72
326 201
214 45
68 268
45 81
309 321
write:
4
43 291
15 324
288 178
37 150
write:
2
93 237
59 98
write:
3
214 166
17 275
134 193
read:
149
write:
4
175 341
47 225
97 209
178 338
read:
28
write:
6
74 169
19 109
248 108
353 174
330 67
175 184
write:
9
12 166
110 317
105 112
10 136
120 156
165 152
85 248
181 354
204 205
write:
2
164 186
122 335
read:
325
read:
348
read:
302
read:
250
read:
74
write:
2
223 82
118 92
read:
345
write:
2
309 240
18 234
write:
4
4 4
289 12
134 248
99 214
write:
1
212 162
read:
280
write:
6
242 342
174 111
299 338
294 296
232 274
334 54
read:
112
write:
4
179 9
337 290
111 189
208 118
write:
2
172 92
246 117
read:
14
write:
6
340 55
104 162
340 236
347 270
145 311
56 201
read:
302
read:
291
read:
14
write:
4
354 318
249 305
279 128
173 274
read:
181
read:
241
read:
89
read:
116
write:
1
279 208
write:
6
239 322
232 234
295 244
48 143
237 88
329 56
write:
5
225 105
149 328
180 334
29 224
100 352
read:
200
write:
6
302 223
172 60
143 294
217 81
167 139
110 15
read:
228
write:
10
176 249
138 188
273 308
265 85
164 140
270 151
328 287
38 96
84 86
158 22
read:
205
write:
10
274 181
178 67
48 142
66 22
128 326
131 249
217 243
222 155
250 190
224 68
write:
9
129 70
225 346
19 257
101 353
331 32
299 282
100 6
162 177
295 300
read:
45
read:
93
read:
308
write:
9
88 204
243 278
314 199
157 160
65 331
204 235
209 249
344 185
149 142
write:
1
325 185
write:
2
280 196
23 171
read:
229
read:
252
read:
216
write:
8
331 235
142 324
131 28
294 173
255 94
201 31
178 193
123 207
read:
305
read:
324
write:
8
311 13
340 148
41 234
71 160
247 9
148 315
167 287
61 320
read:
97
read:
296
write:
1
113 353
read:
80
write:
6
83 157
92 335
224 153
331 94
278 198
120 118
read:
137
read:
179
read:
251
write:
2
236 235
149 273
write:
2
209 174
153 261
write:
9
131 55
323 55
126 68
63 267
233 53
271 335
249 289
93 257
46 274
write:
6
91 311
82 317
322 147
101 118
193 146
314 215
write:
9
201 4
214 289
276 354
97 240
31 137
288 109
288 60
242 219
86 80
read:
213
read:
165
write:
9
197 78
163 354
162 249
94 55
296 299
83 288
282 293
168 167
30 123
read:
2
write:
7
25 262
99 70
32 322
272 354
175 129
290 45
115 340
write:
10
222 172
171 255
23 133
48 323
81 239
255 46
336 77
17 47
353 255
303 41
read:
147
write:
4
42 158
173 158
152 171
92 134
write:
9
116 202
346 154
163 221
28 318
312 33
218 310
159 273
7 43
247 226
read:
253
read:
34
read:
223
read:
245
write:
2
325 152
161 344
read:
88
write:
7
315 109
315 205
69 145
170 49
1 177
128 150
29 25
read:
353
read:
4
write:
8
160 34
129 31
41 158
326 258
170 219
14 240
94 113
208 89
write:
4
285 337
45 62
133 334
44 233
read:
143
read:
315
read:
286
write:
4
305 346
259 45
253 88
156 5
read:
63
write:
6
47 93
88 213
346 146
233 286
74 16
190 130
read:
70
write:
8
137 221
140 35
330 67
178 18
87 151
107 185
276 234
138 140
read:
58
read:
108
read:
70
read:
158
read:
22
write:
8
179 202
288 161
351 5
178 9
328 110
214 138
67 173
253 219
read:
280
write:
8
214 66
315 67
97 160
297 251
10 49
46 126
35 257
196 12
read:
315
read:
277
read:
231
read:
152
read:
221
read:
159
read:
16
write:
8
62 71
245 171
88 182
147 134
199 236
56 134
33 34
311 87
read:
352
write:
5
175 297
170 69
171 285
142 238
246 111
read:
247
read:
146
read:
148
write:
8
35 262
333 36
84 237
173 77
232 22
68 261
206 273
101 343
write:
9
66 284
192 261
12 203
177 342
35 304
304 36
241 100
250 33
169 136
read:
58
write:
7
216 198
329 140
310 247
321 43
252 244
262 62
174 330
read:
66
read:
148
write:
1
234 211
write:
10
21 71
93 126
76 187
144 352
326 140
45 150
21 275
353 243
165 345
329 248
read:
42
write:
3
38 125
19 109
311 85
write:
4
338 47
27 5
226 16
305 164
write:
2
125 299
24 126
write:
1
199 297
read:
67
read:
58
write:
1
18 255
read:
52
read:
182
write:
3
335 343
295 25
150 315
read:
36
write:
4
275 87
30 85
271 98
332 215
read:
344
write:
4
209 238
103 170
35 68
248 40
read:
14
read:
176
read:
261
read:
334
read:
115
read:
11
write:
9
259 354
160 36
56 267
198 223
280 252
258 36
306 107
14 198
344 86
write:
4
197 99
27 31
31 187
211 306
write:
10
345 146
184 86
199 175
228 275
92 315
96 135
141 109
36 210
33 141
1 342
read:
28
read:
272
write:
6
161 210
57 136
232 265
165 340
96 304
149 154
read:
191
write:
3
348 323
147 69
84 92
write:
7
320 234
172 216
274 147
133 90
52 110
91 195
200 348
write:
2
131 56
131 308
read:
95
write:
7
157 287
309 142
85 169
29 322
190 17
272 200
309 130
read:
119
read:
40
read:
243
write:
7
340 208
204 331
287 188
281 142
198 213
100 136
346 42
write:
2
228 92
62 353
read:
283
write:
1
21 204
read:
172
write:
4
319 72
107 347
308 192
21 67
write:
10
196 93
44 214
257 54
57 338
51 4
192 93
228 84
27 345
201 147
115 113
write:
2
348 250
151 174
read:
38
write:
8
246 46
175 31
48 89
59 282
224 141
230 354
145 166
244 82
read:
73
write:
5
155 9
279 14
62 293
17 222
156 351
write:
9
29 211
88 311
171 52
299 51
133 178
343 351
269 297
284 123
316 81
read:
163
write:
4
276 93
151 239
222 272
72 293
write:
5
65 29
56 175
173 178
172 36
32 249
read:
65
read:
238
read:
94
write:
6
325 64
332 140
91 73
305 105
201 287
4 139
write:
10
4 229
91 255
159 265
117 69
21 297
352 31
41 309
119 173
20 139
354 263
write:
8
200 227
332 213
17 322
321 69
301 129
24 161
265 220
319 70
read:
4
read:
351
read:
293
read:
264
write:
6
178 253
1 332
312 69
166 222
314 167
85 325
read:
335
read:
146
read:
343
write:
3
32 1
349 35
289 303
read:
222
read:
5
read:
38
write:
10
2 189
113 200
48 254
253 241
190 60
54 129
126 179
33 124
140 9
49 24
write:
5
48 287
332 274
23 317
117 18
34 125
write:
1
144 109
read:
106
write:
6
72 330
225 37
287 23
206 181
352 231
220 263
read:
215
read:
81
read:
256
read:
266
write:
8
214 247
287 211
115 205
203 177
261 182
157 61
189 90
111 253
read:
82
read:
188
write:
6
59 73
27 173
251 216
283 216
147 2
307 186
read:
148
write:
5
122 352
105 268
89 217
302 241
294 253
write:
8
70 71
159 91
280 156
76 67
349 307
262 291
63 240
281 248
write:
6
338 219
138 195
32 43
231 107
69 288
344 299
write:
8
152 190
144 45
117 50
270 71
44 240
287 328
323 235
347 330
read:
229
read:
319
read:
182
read:
80
write:
5
270 327
85 78
97 149
58 208
249 66
write:
7
233 331
71 345
157 188
216 135
184 184
218 44
176 261
write:
7
293 241
309 136
323 72
4 228
221 93
154 291
158 306
write:
10
191 250
137 189
42 80
338 80
133 6
173 142
214 201
339 1
262 189
318 104
read:
313
read:
256
read:
31
write:
8
317 27
255 328
269 45
219 34
210 132
297 250
214 186
65 157
write:
6
45 197
148 231
274 187
47 177
83 281
258 251
write:
4
196 216
203 50
41 217
326 244
read:
216
read:
175
read:
152
read:
146
write:
3
283 198
40 279
296 213
write:
6
268 129
150 187
17 129
9 317
139 17
248 67
read:
62
write:
6
338 305
80 3
239 55
11 137
316 273
210 244
read:
139
read:
122
read:
312
write:
6
35 86
74 297
209 88
14 223
39 234
318 7
read:
278
read:
248
read:
332
write:
7
205 101
336 84
348 331
328 59
185 351
343 139
68 144
read:
262
read:
195
write:
9
154 118
104 138
268 30
122 110
305 26
104 274
160 208
280 319
176 106
read:
66
write:
10
154 350
105 305
194 88
27 115
15 19
120 242
188 228
209 132
317 2
279 110
write:
2
95 312
281 169
read:
141
read:
164
read:
130
write:
10
185 13
211 108
261 257
34 208
223 300
306 228
267 250
172 148
321 267
78 140
write:
8
203 132
151 56
17 230
113 258
342 20
10 208
321 29
306 56
write:
2
30 4
261 279
read:
265
write:
7
213 49
22 158
90 170
286 89
153 133
216 250
114 264
read:
150
read:
80
read:
178
read:
250
read:
140
read:
279
write:
8
219 274
22 308
214 25
194 289
108 338
299 39
78 114
149 270
read:
58
write:
1
116 14
read:
212
write:
1
264 165
read:
259
write:
8
288 43
125 343
279 314
288 222
315 180
51 151
143 238
177 14
read:
241
read:
234
read:
235
write:
1
116 211
write:
9
77 156
94 234
31 209
294 195
315 85
287 271
129 312
326 254
344 350
read:
206
write:
3
157 188
14 214
255 192
write:
7
297 11
323 54
111 347
327 322
269 263
28 94
25 67
write:
3
7 44
225 253
184 14
write:
3
124 218
219 233
126 14
read:
51
write:
7
44 233
216 268
43 93
237 251
80 207
40 159
155 44
write:
8
74 314
228 21
331 52
261 1
138 235
179 113
56 316
161 228
write:
8
299 296
4 8
6 137
145 318
192 255
201 124
212 280
167 202
write:
4
261 19
352 48
85 29
343 106
read:
177
read:
112
write:
4
75 131
257 270
198 107
76 307
write:
2
12 225
52 305
write:
1
120 241
read:
80
write:
7
291 275
237 120
4 32
281 104
50 24
283 107
168 235
write:
10
30 288
250 106
332 46
55 176
342 314
65 53
107 60
92 220
76 43
25 110
read:
116
read:
227
read:
50
read:
354
read:
35
write:
3
51 332
216 191
231 29
read:
323
read:
67
write:
1
245 73
read:
290
write:
2
163 157
103 251
read:
152
write:
6
75 288
309 233
154 239
278 56
264 1
145 97
read:
333
write:
6
200 288
316 129
202 103
28 280
21 230
189 122
write:
4
177 233
206 216
236 38
129 77
read:
140
read:
73
write:
6
222 192
336 192
268 37
148 264
300 27
242 14
read:
184
write:
5
244 107
72 4
302 97
214 79
130 268
read:
345
read:
145
write:
10
130 179
288 188
14 72
115 90
67 172
342 52
134 75
279 300
23 266
320 112
read:
34
read:
48
write:
4
110 6
134 100
159 243
84 282
write:
7
130 96
301 129
201 158
167 247
321 110
218 220
72 69
read:
279
read:
264
write:
1
218 203
read:
21
read:
177
read:
350
write:
3
338 181
49 216
46 30
read:
181
write:
1
270 13
write:
6
214 120
179 209
239 322
59 272
156 119
61 154
write:
7
296 219
146 48
345 310
318 236
115 45
181 23
220 73
write:
6
101 90
92 166
32 137
136 36
275 260
184 235
read:
155
read:
154
read:
72
read:
151
write:
1
3 178
read:
58
read:
14
read:
295
read:
84
write:
7
263 140
179 251
306 105
81 137
260 164
234 214
120 255
read:
162
write:
7
203 278
224 172
261 143
202 35
215 267
294 19
258 162
write:
5
42 325
109 207
200 202
143 48
24 189
read:
231
write:
3
169 299
101 49
328 53
read:
196
write:
1
36 299
read:
71
read:
94
read:
117
read:
71
read:
93
read:
238
write:
7
52 175
121 6
86 178
22 16
157 118
182 295
332 206
write:
5
28 143
288 6
93 25
206 348
92 160
write:
9
57 75
131 192
241 121
170 44
28 262
82 108
183 345
199 169
91 19
read:
161
write:
4
309 281
294 54
272 77
173 177
write:
4
50 227
212 130
118 294
237 209
write:
9
43 57
22 233
246 99
58 110
55 26
163 162
105 200
143 91
254 215
write:
4
183 304
207 338
87 128
87 44
write:
2
170 213
218 129
read:
298
write:
9
194 142
299 272
28 80
334 95
232 193
188 324
171 9
213 64
191 67
read:
44
read:
290
write:
7
9 54
70 84
31 137
346 79
176 58
110 253
87 346
write:
4
70 280
112 247
116 41
236 75
read:
145
read:
179
read:
142
read:
193
write:
6
214 22
106 71
259 107
221 166
283 123
203 308
read:
306
read:
155
write:
9
134 249
326 135
61 151
129 282
85 110
303 34
218 346
168 47
100 188
write:
1
124 162
read:
134
read:
266
read:
119
read:
6
write:
9
161 173
340 101
66 32
178 284
225 115
178 300
161 64
136 250
167 84
read:
83
write:
5
242 249
219 174
312 138
89 180
86 75
read:
323
write:
7
244 283
249 47
185 281
290 272
155 35
86 206
312 73
write:
2
206 345
98 110
write:
6
269 34
191 102
328 51
233 337
246 148
261 171
read:
351
read:
335
write:
2
216 70
7 302
write:
4
260 326
43 137
202 329
186 49
write:
5
184 85
178 199
273 138
346 29
137 338
write:
10
289 348
247 27
182 337
143 30
33 171
61 318
193 199
56 86
50 240
190 302
read:
295
write:
7
256 277
133 223
11 195
321 157
343 189
298 329
209 229
read:
260
read:
275
read:
339
read:
93
write:
1
301 349
read:
136
read:
321
write:
1
111 218
read:
182
read:
238
write:
3
173 337
204 231
322 287
write:
4
312 186
130 159
205 276
224 158
read:
50
read:
66
read:
343
write:
3
1 135
102 238
37 298
write:
1
229 185
write:
1
103 145
write:
6
3 1
126 31
185 150
351 190
333 313
65 215
write:
9
127 67
307 164
342 194
195 159
7 10
267 74
178 158
11 307
353 215
read:
318
write:
2
70 315
103 142
read:
10
write:
9
131 225
185 214
348 181
107 327
100 205
195 251
348 59
335 331
135 14
write:
3
322 11
203 236
216 23
write:
9
246 330
164 196
21 338
336 160
191 218
1 231
19 36
289 144
34 96
write:
7
114 186
139 120
120 148
277 309
344 334
61 192
230 48
read:
103
write:
7
259 41
92 119
344 78
279 220
83 221
328 309
6 175
read:
119
write:
4
136 101
327 37
101 2
279 309
read:
237
read:
351
write:
4
339 247
5 242
259 141
135 243
write:
1
283 154
read:
229
write:
6
64 203
198 204
149 151
341 280
21 3
80 236
read:
286
read:
61
write:
3
69 238
319 279
59 44
write:
8
197 246
190 302
10 280
305 188
180 211
43 231
347 260
96 300
write:
9
121 134
35 1
175 269
187 123
160 245
304 267
244 100
21 163
153 255
read:
91
read:
32
read:
164
read:
214
write:
4
128 164
293 303
221 93
63 342
write:
6
98 229
240 304
296 18
140 162
184 302
272 132
read:
33
write:
2
344 283
257 283
write:
10
103 90
295 100
137 94
197 162
354 210
205 242
37 6
327 241
267 267
320 92
read:
110
write:
1
339 49
write:
2
213 181
297 253
read:
31
write:
1
270 313
read:
208
read:
98
read:
149
read:
343
write:
6
178 229
254 214
203 184
104 219
84 255
180 198
write:
7
197 146
326 272
22 179
168 339
112 329
271 276
1 31
read:
291
write:
6
7 77
30 1
269 171
177 297
196 87
197 322
write:
3
331 24
10 188
293 150
read:
108
write:
9
259 286
213 216
198 272
346 94
107 309
205 299
79 126
310 186
2 250
write:
6
319 297
129 25
238 11
163 165
223 166
97 99
write:
6
226 303
17 331
5 70
210 64
102 111
340 296
write:
1
171 209
write:
9
340 126
103 215
228 104
67 10
289 159
297 55
164 167
342 5
286 245
write:
9
49 244
81 91
117 101
124 112
38 325
100 85
348 141
308 214
45 314
read:
310
write:
9
95 190
301 252
186 141
21 218
257 65
247 240
96 289
24 227
218 321
read:
187
read:
292
write:
10
93 155
18 134
334 125
247 97
290 202
63 306
80 307
143 221
134 110
147 92
write:
1
160 317
read:
45
read:
338
write:
3
1 300
172 184
47 104
write:
3
79 10
138 116
212 1
write:
2
258 63
171 219
read:
330
write:
1
18 329
write:
3
302 252
190 153
308 52
write:
4
119 102
61 219
187 305
88 176
read:
143
write:
3
47 197
127 344
342 101
write:
5
289 70
148 31
109 30
65 147
37 231
write:
3
181 133
65 207
156 292
write:
2
294 193
13 197
read:
239
write:
6
154 194
176 336
213 249
197 5
193 15
172 156
write:
8
180 54
41 153
320 167
185 214
90 267
199 118
283 109
305 152
read:
166
read:
37
write:
10
39 30
104 31
299 49
311 102
299 100
38 350
302 82
227 101
196 148
126 108
read:
51
write:
4
291 12
290 294
141 257
307 139
write:
2
48 207
301 353
write:
5
243 35
228 91
203 196
121 240
218 4
read:
256
read:
325
read:
102
read:
273
read:
75
read:
274
read:
54
read:
28
write:
10
241 20
8 301
281 51
338 65
56 29
118 303
97 236
199 146
239 73
19 116
write:
4
97 290
191 59
117 237
155 90
write:
3
117 176
191 96
269 25
read:
73
read:
314
read:
273
read:
298
write:
9
198 346
205 321
185 311
240 20
297 195
215 167
261 60
325 131
350 286
write:
7
320 205
96 346
252 62
226 98
70 184
83 309
241 278
read:
172
read:
347
write:
4
36 7
88 14
49 274
189 20
write:
2
328 112
230 184
write:
4
155 138
7 112
80 65
268 224
write:
5
72 38
204 231
205 137
139 264
40 79
write:
8
222 190
186 203
34 4
174 129
32 131
335 86
40 105
271 237
read:
190
write:
10
261 126
316 52
270 289
39 323
218 232
242 151
69 263
164 257
163 121
260 183
write:
7
70 13
79 78
316 352
221 78
342 347
62 60
14 37
read:
33
write:
4
193 344
79 242
226 155
127 12
write:
5
338 292
45 344
191 242
237 126
197 159
read:
56
read:
151
write:
5
81 5
315 236
90 66
321 108
60 171
write:
6
77 208
47 94
44 40
281 88
33 44
320 70
write:
6
195 171
116 84
94 267
176 275
211 338
240 179
write:
9
156 299
136 295
246 40
97 188
182 333
166 114
67 160
83 241
13 139
read:
256
write:
1
255 181
read:
30
read:
43
write:
10
172 45
55 38
206 224
151 41
299 176
15 95
138 11
227 75
354 343
19 221
write:
6
255 253
19 99
292 285
67 50
193 295
154 320
write:
8
93 259
214 128
294 20
288 250
190 32
328 232
58 282
117 82
read:
180
read:
176
read:
16
read:
115
read:
122
read:
217
write:
7
174 21
51 182
166 142
298 146
254 177
37 228
333 93
read:
229
read:
66
read:
277
read:
180
write:
10
153 340
169 7
252 305
63 120
270 55
112 281
215 33
244 306
56 84
150 38
write:
1
205 71
read:
113
write:
1
317 241
write:
2
111 333
80 203
read:
170
write:
4
328 347
293 232
314 217
69 108
read:
92
write:
2
109 330
341 180
read:
220
write:
3
22 26
260 69
354 214
read:
172
write:
3
166 113
311 294
174 121
read:
228
write:
3
253 3
84 76
216 257
write:
3
133 31
5 272
10 296
write:
1
70 193
read:
86
read:
82
write:
6
323 157
32 293
183 102
209 113
112 210
24 252
read:
290
read:
321
read:
52
read:
65
read:
330
write:
9
27 261
91 98
41 143
285 68
93 128
239 351
328 89
275 315
295 77
read:
96
read:
49
write:
3
329 330
157 264
44 206
read:
252
write:
1
205 38
write:
3
175 216
163 81
211 248
write:
5
182 107
297 167
260 180
183 225
317 350
write:
10
150 52
176 208
349 156
58 249
119 215
125 309
175 254
261 75
49 163
177 103
read:
254
write:
9
77 113
280 270
96 326
287 321
234 5
45 324
263 46
52 111
204 117
write:
5
219 326
260 353
320 152
133 220
217 154
read:
122
write:
5
139 275
337 24
203 263
273 120
328 165
read:
30
read:
351
read:
302
read:
120
write:
5
302 71
93 186
346 316
55 92
227 139
write:
1
142 218
read:
200
write:
10
205 148
244 154
148 8
250 260
190 331
55 128
218 282
67 210
265 258
238 77
write:
7
248 264
218 86
37 238
189 339
267 259
342 34
227 111
read:
178
read:
12
read:
349
read:
342
read:
4
read:
70
write:
9
224 109
343 65
140 156
316 129
317 202
73 262
95 146
111 194
19 74
read:
153
write:
4
50 65
205 58
160 174
106 311
read:
281
write:
3
81 41
152 69
272 12
write:
10
344 47
193 201
42 100
26 149
153 348
192 315
213 153
123 258
195 190
110 222
read:
213
write:
5
188 18
172 121
48 27
176 107
77 233
write:
8
241 121
310 187
52 24
343 316
92 232
97 254
346 277
277 58
read:
95
write:
10
100 190
205 136
143 292
299 20
156 342
151 187
326 71
77 25
48 251
275 275
read:
259
write:
4
3 38
254 260
334 202
322 189
read:
41
write:
6
127 339
122 34
245 269
172 200
151 313
253 350
read:
182
write:
9
258 316
69 320
185 110
261 104
342 12
100 351
230 14
72 144
40 233
read:
159
read:
188
read:
207
write:
6
291 173
326 163
203 5
181 333
74 97
273 211
read:
179
read:
119
write:
7
5 140
138 342
169 228
297 157
217 307
240 84
350 340
write:
1
107 312
write:
7
199 11
75 165
144 236
112 2
231 31
305 1
249 147
write:
7
76 160
31 231
224 306
304 160
191 293
105 260
69 102
write:
5
21 65
272 199
234 54
25 131
306 29
write:
5
301 22
247 210
331 215
85 66
238 260
read:
307
write:
4
167 63
174 186
134 41
84 132
read:
25
write:
9
231 264
205 234
209 16
213 37
135 215
150 143
121 342
133 186
227 179
write:
10
312 244
332 55
289 274
203 207
80 335
210 350
113 89
37 313
336 271
200 73
read:
8
write:
7
269 44
144 131
165 230
52 64
322 111
258 332
199 267
write:
2
108 314
36 152
write:
2
293 179
61 284
write:
1
43 39
write:
3
306 250
289 33
161 1
read:
97
write:
1
233 295
write:
5
97 272
1 46
347 136
4 186
79 348
read:
201
write:
1
28 174
read:
1
write:
2
53 178
156 51
write:
2
139 220
328 271
write:
7
295 196
2 110
44 196
137 259
238 97
231 168
321 153
read:
83
write:
2
193 170
191 328
write:
8
279 322
276 310
252 206
308 129
226 81
127 223
209 308
311 57
read:
199
write:
5
210 198
322 199
209 15
273 288
159 67
read:
90
read:
167
write:
3
125 238
195 10
108 74
read:
68
read:
202
write:
5
157 57
111 329
70 343
328 333
29 216
write:
7
350 104
95 336
14 121
131 293
55 212
111 139
149 232
read:
35
read:
187
read:
190
write:
10
175 147
27 240
267 55
311 153
305 343
197 262
348 92
208 102
77 36
48 275
read:
20
write:
10
233 274
284 315
235 342
236 171
332 120
325 8
179 83
285 320
254 164
190 109
read:
88
write:
3
290 83
291 22
330 5
read:
335
write:
4
231 222
181 199
35 177
327 302
read:
9
read:
87
read:
45
write:
4
120 313
225 206
103 228
216 45
read:
281
read:
238
read:
309
write:
5
32 36
114 189
150 46
286 262
155 209
write:
7
275 38
119 64
337 159
34 207
345 99
126 171
336 221
write:
9
138 167
204 213
3 127
153 270
162 221
269 107
192 265
64 243
75 309
read:
16
write:
4
278 207
314 267
23 199
181 301
read:
179
write:
6
138 167
216 293
160 138
326 42
71 221
111 294
write:
5
305 59
41 88
58 22
342 174
255 341
read:
120
write:
3
142 295
84 202
352 309
read:
34
read:
28
write:
9
37 280
339 27
153 245
145 4
5 69
132 126
208 286
22 33
212 107
write:
9
154 212
247 344
204 318
107 255
248 214
274 249
266 199
236 1
50 66
write:
5
345 76
351 24
180 314
94 113
166 311
read:
339
write:
8
302 325
234 105
353 38
133 197
318 167
159 87
309 65
131 211
write:
10
142 138
223 186
276 324
28 58
213 7
48 337
156 298
170 86
94 48
91 298
write:
9
297 323
233 165
73 207
29 64
322 304
55 254
53 170
325 323
20 179
write:
6
53 310
311 75
55 127
165 354
191 117
169 193
read:
112
write:
9
51 325
163 111
219 24
322 348
68 271
267 322
258 41
222 314
354 176
write:
5
174 13
296 172
125 91
304 19
145 179
write:
7
304 110
2 89
183 125
202 52
186 308
99 7
271 168
read:
101
read:
284
write:
10
65 245
206 152
151 281
290 294
171 349
287 290
331 322
102 18
228 279
78 139
read:
84
read:
249
read:
150
write:
2
324 26
200 55
write:
9
182 111
112 347
213 99
347 140
133 320
53 225
273 278
48 250
206 339
write:
1
28 286
write:
5
252 208
115 143
97 51
311 328
140 236
read:
168
read:
339
read:
100
write:
3
74 187
287 345
118 318
write:
9
115 173
242 83
335 29
314 49
173 151
330 42
298 325
74 297
156 106
write:
4
209 41
126 255
69 77
337 278
write:
1
276 107
read:
10
read:
20
write:
7
48 56
277 113
191 166
92 88
159 135
104 269
350 343
read:
183
write:
2
73 107
72 84
write:
2
275 238
236 338
read:
42
write:
5
95 6
46 347
5 271
81 174
327 317
write:
1
268 36
write:
8
211 12
20 281
12 142
176 328
236 134
138 249
187 126
266 22
read:
51
read:
305
write:
3
31 347
280 250
274 62
read:
324
write:
7
17 83
213 290
190 38
159 125
302 220
38 263
186 244
write:
2
346 186
179 68
read:
102
read:
184
write:
9
266 174
113 259
113 137
292 164
259 325
117 240
349 286
245 9
230 4
write:
5
181 273
232 326
109 254
162 17
101 265
write:
1
152 41
read:
136
read:
324
write:
3
252 20
199 101
171 199
write:
9
236 202
320 271
56 311
202 271
190 353
264 318
139 151
320 115
224 2
write:
4
182 329
129 323
28 128
202 6
read:
120
read:
4
write:
1
335 92
read:
188
write:
6
36 58
332 163
228 281
186 17
330 47
207 156
write:
4
159 85
127 284
353 259
197 183
read:
152
read:
93
write:
2
54 84
279 192
read:
137
read:
70
read:
29
write:
7
333 247
3 342
80 263
265 79
158 26
30 188
11 263
read:
278
read:
111
read:
319
read:
198
read:
103
write:
9
282 334
42 258
157 191
56 187
94 311
39 240
188 263
340 144
120 133
read:
51
read:
25
write:
4
311 354
179 317
296 143
11 341
read:
188
write:
7
125 135
58 328
151 15
89 104
143 122
248 337
173 254
read:
34
read:
308
read:
260
write:
2
210 284
225 147
read:
176
write:
8
62 260
314 223
318 20
118 150
154 101
298 108
244 319
325 320
write:
2
227 139
16 273
read:
284
write:
6
180 238
332 162
311 97
282 220
81 246
241 251
read:
132
read:
298
read:
64
read:
100
write:
6
58 55
129 333
225 85
158 256
72 145
220 310
write:
8
157 157
169 11
159 61
251 42
323 205
191 321
35 195
284 53
read:
91
read:
223
write:
9
63 194
152 194
87 257
143 327
115 18
94 32
162 82
74 142
157 223
write:
8
10 184
46 292
271 191
198 350
296 162
169 92
23 248
201 141
write:
3
199 289
324 1
317 279
read:
246
read:
222
read:
41
write:
8
200 35
284 189
282 347
8 156
124 143
319 70
37 212
337 155
write:
4
90 332
193 33
134 230
123 272
write:
3
349 216
72 215
151 325
write:
5
221 67
67 151
275 156
236 166
336 332
read:
118
read:
204
write:
5
113 51
193 72
326 153
40 80
283 25
write:
8
118 229
137 260
39 354
33 72
314 323
179 315
318 282
327 199
read:
99
read:
266
read:
38
read:
32
read:
288
write:
6
183 351
40 39
38 171
117 154
65 228
124 121
write:
10
152 307
312 324
243 170
248 151
232 198
12 198
298 94
14 86
244 341
112 209
write:
1
319 108
write:
8
86 345
211 247
331 199
302 147
121 319
207 275
245 251
243 238
write:
2
190 238
211 141
write:
2
11 263
316 211
write:
4
62 268
304 57
33 72
254 140
write:
5
114 119
342 118
59 189
304 21
265 63
read:
191
write:
10
298 126
105 313
88 41
66 188
146 106
159 188
223 276
180 350
345 37
189 81
write:
5
142 276
322 33
68 99
14 238
18 345
write:
8
72 281
293 340
167 152
48 158
291 266
154 203
155 131
111 43
write:
9
352 233
185 104
340 174
277 98
239 159
180 233
128 177
330 268
354 350
write:
4
283 280
89 231
157 343
298 44
write:
10
47 219
148 117
44 189
308 133
171 46
63 60
133 262
303 194
3 152
50 95
read:
173
write:
1
19 14
write:
6
109 47
314 295
348 85
336 273
219 206
297 341
read:
250
write:
7
331 327
261 296
229 320
186 134
354 74
285 90
342 205
write:
4
255 227
138 32
202 213
351 259
read:
156
write:
5
72 214
86 327
216 327
275 219
78 22
write:
10
326 105
325 264
192 8
13 32
264 89
303 73
202 51
255 259
116 251
135 134
write:
3
113 101
34 201
13 175
read:
141
write:
7
6 334
171 191
95 39
105 254
243 343
140 16
240 232
write:
5
212 192
137 81
18 267
125 277
31 269
write:
9
81 41
168 128
102 295
278 348
243 52
127 117
297 219
335 125
26 26
write:
8
144 197
339 151
81 96
4 24
152 39
51 275
144 222
126 288
read:
106
read:
19
read:
306
read:
193
write:
1
305 279
write:
7
284 314
345 147
8 235
75 151
135 320
88 111
87 282
write:
4
145 147
296 202
349 194
227 20
read:
120
read:
157
read:
45
write:
10
36 341
153 39
138 202
51 317
160 290
269 14
154 275
218 198
165 242
188 166
read:
165
read:
161
write:
1
344 163
read:
10
read:
287
read:
40
write:
10
193 112
38 100
350 148
159 281
288 93
307 299
116 270
209 296
337 159
65 233
read:
82
read:
16
read:
164
read:
348
write:
10
308 74
290 157
3 108
127 292
348 168
8 239
23 63
150 98
76 71
93 348
write:
10
175 347
331 348
305 15
347 50
289 58
18 163
331 88
250 284
26 166
139 182
write:
6
44 321
142 138
228 213
108 182
347 207
162 97
read:
285
write:
3
119 258
267 318
247 123
read:
187
read:
254
read:
56
read:
151
read:
240
write:
1
47 121
write:
9
97 10
252 336
180 338
339 36
26 91
21 86
212 336
85 184
342 317
write:
6
344 121
91 170
328 40
35 198
33 316
8 82
write:
10
258 117
206 9
24 257
138 280
28 41
70 205
172 297
97 135
134 120
89 242
write:
6
103 94
78 162
177 222
52 225
245 310
45 293
write:
1
29 186
read:
5
write:
1
186 36
read:
305
write:
3
2 176
50 127
7 298
write:
3
78 69
335 219
145 150
read:
49
read:
215
read:
68
write:
3
168 54
253 21
354 166
read:
268
write:
8
264 136
253 226
66 122
76 301
149 249
97 34
38 280
303 335
read:
88
write:
9
270 354
108 328
197 32
348 230
83 209
2 218
297 279
312 310
212 326
write:
8
178 290
123 313
35 9
223 60
92 179
94 336
145 281
152 192
read:
59
write:
6
302 202
227 335
5 210
24 46
119 263
331 228
read:
213
read:
33
read:
131
write:
3
288 240
349 90
306 222
write:
1
304 271
write:
4
28 282
338 148
89 138
13 77
read:
324
write:
4
340 223
95 157
265 151
85 89
read:
174
read:
315
write:
1
85 87
read:
115
read:
92
write:
8
328 328
98 295
315 110
288 100
124 245
217 288
26 13
149 234
write:
6
337 5
312 7
296 88
209 191
34 267
32 225
read:
39
read:
261
write:
8
93 3
232 270
92 210
14 274
141 184
109 224
200 301
103 308
write:
9
72 44
219 56
178 289
354 179
164 88
110 288
41 83
205 348
146 286
write:
3
106 41
43 317
78 324
write:
9
326 3
219 223
211 336
61 114
15 211
330 250
34 77
241 277
121 265
read:
257
write:
7
146 161
344 57
151 135
192 80
93 178
250 128
232 179
write:
5
153 331
334 331
31 203
217 36
1 17
write:
1
196 124
write:
9
155 345
112 120
290 269
129 9
264 44
64 206
302 144
332 252
218 31
write:
7
216 69
208 77
106 81
166 261
296 182
197 295
323 142
read:
123
write:
9
326 101
354 322
240 314
149 303
224 69
307 222
84 132
11 264
328 267
read:
24
write:
10
270 99
6 354
288 183
171 77
204 337
189 213
290 337
16 57
231 106
292 92
write:
10
348 50
271 135
150 3
233 262
14 99
126 186
197 295
104 110
257 28
327 10
write:
6
28 317
9 11
205 109
7 24
159 294
304 123
read:
259
read:
256
read:
187
write:
9
265 188
117 210
252 53
344 243
163 126
319 192
83 128
186 292
342 57
read:
31
read:
225
write:
9
336 146
104 41
194 192
128 23
333 156
291 321
95 126
280 312
306 163
write:
10
260 246
138 263
27 168
337 7
238 155
67 29
187 210
183 272
155 49
294 163
read:
199
read:
223
read:
301
write:
3
327 60
326 112
205 197
write:
2
151 87
224 61
write:
5
154 349
17 203
281 81
214 265
326 267
read:
285
read:
299
read:
215
write:
3
190 182
172 40
103 144
read:
81
read:
111
write:
3
213 297
240 247
336 88
read:
36
write:
8
65 241
40 225
302 243
19 79
138 147
323 44
288 297
100 306
write:
7
290 35
19 43
152 239
200 125
1 99
279 127
102 169
read:
182
write:
7
76 257
297 92
271 333
260 165
1 28
311 71
169 24
read:
289
read:
9
read:
59
write:
2
173 38
29 46
write:
3
270 31
220 303
55 206
read:
107
write:
10
166 341
164 17
325 66
269 310
62 6
1 274
213 346
311 19
199 57
86 187
read:
216
read:
71
read:
201
write:
9
337 7
299 339
95 320
148 276
312 298
354 290
235 337
129 4
256 162
write:
5
87 150
351 164
25 130
83 90
294 176
write:
6
141 121
51 41
7 126
268 276
47 49
317 92
read:
255
read:
24
write:
7
172 173
190 157
57 166
329 336
148 51
236 93
65 332
write:
8
30 308
129 77
240 8
198 49
3 40
248 134
343 151
18 133
write:
6
297 215
16 292
3 31
220 239
52 125
72 31
write:
6
240 177
245 264
41 184
238 232
334 60
74 92
read:
253
write:
2
27 248
163 64
write:
1
300 177
write:
2
226 161
21 289
read:
164
read:
162
read:
166
read:
99
write:
4
194 323
4 144
133 59
31 236
read:
269
write:
7
316 252
72 354
107 140
59 311
282 200
290 307
296 97
read:
108
write:
1
322 145
read:
238
write:
5
138 66
43 189
113 93
182 119
166 61
write:
10
103 87
56 14
143 8
263 7
210 252
337 58
149 309
285 335
35 89
338 103
write:
8
307 56
266 76
21 113
148 120
221 189
54 286
74 158
185 87
write:
7
185 85
326 267
158 306
284 212
15 9
246 248
109 39
write:
2
62 300
126 316
write:
8
154 86
4 257
224 118
35 85
156 135
327 111
199 128
337 244
read:
349
read:
185
read:
151
write:
1
175 36
read:
310
write:
1
291 235
write:
5
94 316
124 2
214 241
250 155
322 11
write:
5
98 328
348 288
329 8
335 30
15 56
write:
6
285 326
108 15
120 76
254 221
229 74
154 314
read:
103
write:
7
125 109
207 176
209 212
21 269
177 124
192 205
2 303
write:
2
23 62
217 5
read:
249
read:
111
read:
163
read:
142
read:
188
write:
10
199 142
334 13
338 326
3 158
317 223
137 274
138 87
287 292
61 56
303 25
write:
2
128 134
287 129
write:
8
196 227
218 55
5 271
74 216
183 254
144 285
278 74
35 119
write:
8
256 279
183 250
289 132
107 134
342 111
274 177
79 120
116 267
read:
206
read:
254
read:
282
write:
9
211 206
51 145
249 319
72 247
257 2
331 314
84 325
6 26
164 255
read:
210
read:
244
read:
35
write:
10
242 117
251 161
202 76
314 267
225 166
110 260
324 143
145 46
342 311
257 42
write:
1
341 79
write:
1
346 136
write:
4
189 81
87 156
69 227
260 160
read:
233
write:
6
166 42
307 34
195 23
210 209
5 268
148 142
read:
50
write:
2
119 296
334 321
read:
307
read:
280
write:
3
17 41
2 180
180 196
read:
102
write:
8
20 246
196 200
294 88
186 199
77 154
193 320
253 256
346 163
write:
4
206 256
40 319
274 226
216 130
read:
38
write:
7
206 127
297 215
110 217
206 275
1 208
203 324
201 265
read:
328
read:
78
read:
77
write:
5
255 127
7 205
86 53
160 69
40 65
read:
28
read:
174
write:
1
159 304
write:
7
287 157
14 46
255 18
335 253
83 207
178 265
347 248
read:
241
read:
305
read:
17
read:
314
write:
6
90 67
77 94
257 288
295 69
158 260
57 81
read:
229
read:
258
read:
240
write:
10
272 268
310 138
69 211
143 272
191 43
58 113
268 93
120 84
245 43
316 292
write:
9
101 229
54 198
76 115
323 201
169 245
169 4
63 289
54 250
325 239
write:
8
235 337
274 294
285 189
152 269
270 229
58 61
205 86
211 346
write:
5
96 141
227 140
237 91
304 253
111 286
read:
197
write:
5
32 8
30 191
175 126
293 207
208 237
read:
353
write:
9
215 31
125 281
197 2
315 296
304 218
61 119
270 160
208 3
348 199
write:
8
119 76
343 44
61 343
129 134
265 89
263 331
109 144
169 29
read:
164
read:
165
write:
6
189 2
51 284
44 212
111 98
136 64
269 190
read:
182
read:
78
read:
286
write:
2
53 143
65 334
read:
139
write:
10
320 167
248 294
266 47
5 321
202 302
351 9
205 174
52 40
262 258
279 336
read:
70
write:
5
103 60
245 236
322 35
193 253
66 151
write:
3
45 148
202 21
256 41
write:
9
13 192
301 295
147 197
263 72
244 311
354 250
333 258
192 118
198 246
write:
9
224 203
212 292
231 94
148 289
184 226
30 276
214 165
157 118
235 12
write:
4
1 90
9 286
52 17
213 1
write:
1
345 338
read:
266
read:
231
read:
338
read:
304
read:
316
read:
92
write:
10
178 300
333 255
18 281
168 268
116 72
330 162
225 67
21 116
46 167
181 198
read:
39
write:
7
67 71
144 229
348 167
111 39
250 115
89 298
337 264
write:
10
300 80
68 92
115 27
142 221
195 135
218 273
310 185
74 22
223 183
48 104
read:
82
write:
1
29 228
read:
131
read:
198
read:
185
read:
312
read:
116
write:
6
239 37
199 9
127 137
196 330
285 223
61 28
write:
2
171 229
262 139
write:
9
37 270
266 91
214 347
283 272
277 17
170 96
96 163
76 63
91 197
read:
137
write:
7
208 88
273 294
205 182
167 54
315 66
25 88
99 17
write:
10
18 291
15 232
216 69
27 2
195 201
15 271
334 262
128 273
5 335
350 177
write:
7
117 281
150 309
258 177
309 261
162 188
48 232
352 182
write:
6
143 214
36 126
39 202
285 195
67 107
352 295
write:
2
107 103
250 347
write:
10
109 95
270 234
23 44
30 329
171 79
100 32
275 312
155 233
75 171
12 170
write:
4
270 91
88 63
139 72
345 151
read:
164
write:
4
217 60
236 343
36 330
211 36
write:
9
107 1
226 109
234 242
106 140
212 120
240 240
95 202
338 348
250 4
write:
5
282 181
297 27
50 25
186 300
45 235
write:
2
5 74
58 97
read:
81
write:
5
130 319
85 72
343 161
255 131
240 124
write:
5
354 83
42 89
215 78
179 169
173 279
read:
87
write:
3
138 324
72 337
14 169
write:
9
167 166
317 239
160 175
91 89
171 43
191 255
16 148
331 317
96 234
read:
188
write:
2
36 95
304 288
write:
7
81 293
213 36
299 270
303 323
264 156
318 106
110 66
read:
169
read:
125
read:
297
write:
7
58 108
145 48
256 184
140 225
215 36
291 175
89 162
read:
217
write:
1
297 283
write:
7
153 349
101 129
311 127
194 16
232 321
216 216
243 130
write:
8
121 144
117 109
161 196
48 141
134 233
250 46
327 335
4 33
write:
10
335 321
309 205
312 223
211 210
165 229
145 318
61 114
339 348
349 83
254 144
read:
251
read:
337
read:
107
read:
134
read:
156
write:
3
178 124
32 312
151 252
read:
119
write:
2
317 342
6 346
write:
7
251 42
105 31
32 204
350 97
174 196
17 22
125 344
read:
237
write:
3
331 153
82 112
335 213
write:
8
328 116
18 136
40 32
60 318
15 279
268 165
212 6
49 338
read:
230
read:
8
read:
42
write:
6
113 25
117 283
172 272
27 155
118 90
250 215
write:
4
37 93
51 301
39 222
321 28
read:
144
write:
5
268 89
59 311
305 230
130 273
35 288
write:
4
257 197
335 115
94 265
125 41
read:
29
write:
10
115 294
157 354
13 160
256 39
116 57
176 67
18 126
97 275
105 44
24 288
read:
245
write:
9
345 225
59 20
27 13
178 196
295 256
234 148
94 300
16 150
230 306
read:
89
write:
6
216 73
318 90
304 270
120 223
120 144
10 105
write:
3
193 288
291 287
172 248
write:
1
227 309
write:
3
36 92
170 167
289 144
read:
312
write:
7
201 139
275 259
304 307
125 266
349 120
11 348
107 328
write:
4
79 144
304 270
8 304
218 95
read:
284
write:
4
251 200
58 332
164 161
212 157
read:
327
read:
59
write:
1
89 114
write:
5
331 107
107 218
52 321
343 101
289 287
write:
2
206 190
176 320
write:
3
124 1
252 202
104 124
read:
122
write:
6
185 347
177 166
117 350
168 199
290 344
305 113
read:
18
write:
2
12 160
158 185
write:
4
131 21
10 254
24 307
102 141
read:
319
write:
2
61 301
303 267
write:
5
281 90
275 2
313 232
93 100
249 33
read:
344
read:
114
write:
4
45 269
207 185
85 243
111 54
write:
2
42 192
20 15
read:
236
read:
286
write:
7
143 125
197 281
172 342
33 40
256 212
80 206
56 124
write:
1
271 272
write:
9
327 72
309 58
49 234
139 150
175 146
126 8
54 184
349 274
158 151
read:
262
read:
168
read:
308
write:
7
80 276
254 235
353 174
313 34
211 344
98 341
48 189
write:
8
33 136
158 349
19 59
158 165
91 290
214 295
196 233
213 86
read:
177
write:
9
72 299
207 125
251 75
177 303
10 303
15 283
270 310
16 200
135 307
write:
1
200 60
write:
8
191 33
178 104
53 22
221 33
214 100
183 327
143 311
172 239
write:
8
306 301
15 301
256 230
24 284
274 242
146 327
48 308
175 102
write:
7
337 204
64 273
38 348
26 127
348 60
305 77
13 125
write:
4
79 153
320 13
135 225
94 59
read:
165
read:
151
read:
121
write:
5
249 70
24 37
54 53
136 27
105 72
write:
9
235 114
208 291
74 337
148 26
189 213
103 320
143 288
50 30
278 231
write:
8
271 53
341 106
102 171
237 22
67 44
99 352
225 187
324 346
read:
43
write:
6
334 322
81 40
352 131
43 282
142 34
326 111
read:
89
read:
307
read:
253
write:
1
305 313
read:
354
read:
313
read:
332
write:
8
310 311
267 277
284 306
327 240
60 324
277 236
249 58
78 293
write:
6
46 35
41 171
276 267
43 242
301 346
218 352
write:
3
31 26
158 61
254 60
write:
4
316 98
146 127
286 341
173 258
read:
5
write:
3
259 247
17 90
130 140
write:
10
37 258
92 351
121 104
41 22
326 110
19 329
245 221
31 57
33 103
210 22
write:
4
255 149
316 179
104 319
78 287
read:
35
write:
10
286 147
320 195
342 240
208 166
38 215
121 313
229 100
164 317
95 317
259 290
read:
30
read:
13
read:
338
write:
3
276 268
131 15
75 91
read:
43
read:
252
write:
10
354 296
177 20
206 124
288 18
300 349
232 113
12 348
139 229
188 6
22 147
write:
7
72 142
222 120
176 203
144 104
151 123
282 280
301 337
read:
183
read:
4
write:
7
84 195
22 199
284 111
252 101
296 145
337 136
223 147
write:
5
225 130
220 205
148 295
26 167
297 192
read:
253
write:
5
239 345
219 228
224 314
23 291
66 338
write:
2
167 17
207 45
read:
46
read:
176
write:
6
238 341
211 144
287 22
266 26
180 178
107 176
write:
9
284 236
267 71
47 128
237 52
290 216
95 110
102 189
297 332
92 323
read:
320
read:
143
write:
3
10 154
20 117
138 295
write:
3
258 115
347 335
172 318
read:
59
read:
193
write:
3
255 92
202 241
323 232
write:
2
243 21
124 158
read:
234
write:
6
57 323
160 318
123 216
234 155
311 34
28 90
read:
116
write:
9
199 52
61 249
170 247
253 220
337 245
267 289
81 109
236 337
343 317
read:
284
write:
7
104 228
302 13
37 144
56 195
266 90
139 166
202 277
read:
153
read:
119
read:
109
write:
7
119 247
103 326
261 21
188 208
58 290
297 38
170 175
read:
313
write:
9
179 44
286 148
103 134
285 186
267 113
80 346
330 138
307 339
100 4
write:
7
128 71
183 241
92 199
203 252
241 250
87 149
284 44
read:
288
read:
80
write:
7
8 42
292 96
178 165
115 34
40 166
146 341
315 231
read:
250
write:
6
12 165
270 106
65 53
122 34
2 39
222 288
write:
6
10 271
326 287
223 183
336 149
180 318
60 301
read:
95
write:
1
339 190
read:
107
read:
23
write:
3
17 177
147 176
103 175
write:
6
120 194
312 219
160 104
312 158
159 230
37 152
read:
89
write:
8
177 286
303 178
303 347
353 72
157 170
267 309
241 66
120 277
read:
121
write:
2
197 142
53 28
write:
7
178 97
150 126
316 45
292 156
132 81
11 64
241 50
write:
1
336 287
write:
4
321 259
350 202
230 191
238 187
write:
9
116 115
65 206
66 250
34 344
218 223
47 301
226 221
164 309
6 224
write:
6
113 100
42 298
4 18
250 308
16 234
241 102
read:
50
write:
3
256 207
343 28
231 164
write:
9
80 24
5 259
322 181
22 94
256 274
299 249
157 304
320 238
349 144
write:
1
66 211
read:
251
write:
3
274 62
103 323
303 206
read:
343
read:
111
write:
4
10 276
230 196
300 75
18 111
read:
59
write:
7
107 102
286 269
198 267
246 60
238 122
158 121
183 185
write:
4
217 216
207 7
307 77
63 202
read:
228
write:
3
119 14
187 342
177 302
read:
111
read:
116
write:
6
99 194
132 162
181 115
241 203
56 238
174 270
write:
6
191 319
33 310
281 279
175 311
305 48
40 90
read:
70
write:
7
75 294
352 344
138 234
298 157
102 260
55 109
83 299
write:
9
304 174
181 69
255 12
23 239
295 48
280 51
312 51
70 222
220 186
read:
99
read:
264
read:
143
read:
163
write:
4
71 220
150 84
141 276
22 239
read:
271
write:
7
153 299
329 2
180 16
306 201
34 231
329 111
302 349
write:
10
60 132
151 111
233 103
173 62
132 199
231 220
344 322
152 255
243 159
39 23
write:
5
112 186
276 99
22 157
191 24
140 251
read:
138
write:
7
78 16
148 292
229 353
161 59
306 100
147 214
350 131
write:
6
338 344
308 295
24 257
207 34
116 111
292 264
write:
5
71 178
280 294
246 39
326 77
199 111
read:
117
write:
10
278 58
31 158
155 78
329 168
123 341
286 178
62 333
154 321
202 205
308 34
read:
130
write:
3
16 203
152 254
38 35
write:
7
126 136
204 130
351 191
3 344
14 5
35 22
213 74
read:
259
read:
186
write:
3
74 93
42 290
232 145
write:
6
191 254
58 188
218 259
246 327
74 131
345 300
read:
307
read:
315
write:
7
313 40
264 62
36 122
59 153
153 235
178 242
172 218
read:
148
write:
3
120 125
123 90
191 59
read:
134
read:
262
read:
251
write:
4
84 206
110 174
271 78
62 284
write:
6
154 244
100 301
332 197
31 252
348 329
306 47
write:
5
198 284
327 114
302 135
301 105
238 259
read:
23
read:
313
read:
60
write:
6
145 68
56 17
146 155
95 168
275 299
295 189
write:
9
231 341
276 142
48 344
290 81
62 112
115 90
340 153
38 352
53 322
write:
5
284 46
298 69
341 151
89 292
185 236
write:
6
273 192
83 182
190 280
157 301
90 28
27 231
read:
83
read:
128
write:
8
18 338
295 261
200 78
324 166
134 348
329 10
87 305
205 245
read:
78
write:
1
296 254
read:
183
read:
34
write:
8
343 193
213 23
351 38
65 169
17 122
265 84
85 73
42 162
read:
156
read:
129
write:
3
32 102
218 252
305 256
write:
3
180 56
215 108
347 321
read:
175
write:
6
109 22
155 309
4 250
162 29
272 16
62 229
write:
3
218 76
335 239
125 354
write:
1
333 285
read:
269
read:
117
read:
33
read:
39
read:
154
write:
4
231 57
331 21
290 133
43 76
read:
129
read:
209
read:
272
read:
314
read:
344
read:
218
read:
61
read:
258
read:
352
write:
2
193 98
319 215
write:
9
269 61
219 115
108 139
31 292
293 295
216 49
1 208
89 226
152 11
read:
59
read:
79
read:
342
write:
6
238 151
291 191
240 315
101 251
282 2
150 11
read:
109
read:
21
write:
6
278 234
171 88
7 346
315 111
352 278
163 218
write:
2
203 282
109 276
write:
8
210 211
266 160
201 170
279 190
285 167
215 184
340 76
206 204
write:
10
321 25
284 62
263 66
121 243
347 80
133 277
29 176
214 122
199 61
233 73
read:
169
read:
179
write:
7
242 347
33 169
36 225
87 179
266 173
41 135
278 26
read:
92
read:
294
write:
1
243 225
write:
4
313 90
278 192
94 262
240 187
write:
3
37 297
207 36
61 293
read:
135
read:
297
read:
36
write:
4
259 330
224 81
20 354
237 53
write:
1
149 29
read:
218
write:
3
280 184
18 127
324 24
write:
10
60 88
331 313
203 21
338 295
280 69
342 282
148 157
216 246
98 27
207 44
read:
177
write:
7
263 116
220 60
292 203
32 281
17 98
120 146
326 333
read:
145
write:
2
39 303
189 129
read:
185
read:
280
read:
23
write:
2
297 138
354 270
read:
259
write:
5
298 125
7 255
344 270
81 275
288 62
write:
6
337 295
131 93
162 109
18 289
91 62
305 278
read:
246
read:
76
write:
3
65 182
232 94
247 229
write:
3
219 270
38 169
72 3
read:
168
write:
10
316 161
329 199
45 104
329 124
47 135
270 134
2 23
144 340
157 239
109 103
write:
3
193 344
197 220
221 49
read:
167
write:
3
229 228
95 110
214 101
read:
171
write:
6
345 332
276 149
171 18
32 234
190 271
303 243
write:
1
168 137
read:
135
write:
1
316 340
read:
55
read:
113
read:
80
read:
275
read:
208
write:
3
246 151
197 207
262 334
read:
246
write:
7
69 215
280 133
77 12
237 70
237 348
201 253
50 299
write:
1
279 20
write:
6
289 43
241 197
21 289
86 159
173 171
246 91
read:
72
read:
311
write:
5
225 34
214 2
320 264
350 16
52 85
read:
267
read:
295
write:
3
228 246
120 26
216 238
write:
3
137 231
122 91
234 3
read:
238
read:
14
read:
234
write:
1
246 205
read:
79
read:
214
write:
5
234 53
319 54
243 320
76 92
66 232
read:
285
write:
10
306 29
190 322
62 4
327 9
140 328
217 260
27 21
309 168
181 266
329 102
write:
5
190 235
299 20
169 240
155 48
57 55
read:
323
read:
65
read:
259
write:
4
43 30
292 339
140 66
325 120
write:
2
206 195
292 114
read:
258
write:
2
271 81
289 73
read:
49
read:
79
read:
18
write:
2
296 342
236 40
read:
133
read:
234
read:
29
write:
7
215 249
323 179
121 346
278 50
118 229
149 112
340 302
read:
290
write:
2
143 40
264 21
read:
60
write:
1
91 59
read:
249
read:
274
read:
122
write:
10
170 319
315 54
7 86
282 95
89 285
98 118
148 308
203 242
222 294
166 43
write:
1
251 104
write:
5
26 207
308 308
237 154
33 319
154 195
write:
5
43 7
186 207
114 236
236 337
333 217
read:
55
read:
122
read:
200
read:
338
read:
233
read:
299
read:
22
write:
6
338 83
218 243
148 279
48 36
278 236
243 25
write:
3
142 271
245 266
191 95
read:
61
write:
6
181 62
354 35
36 215
177 205
45 35
219 325
read:
53
read:
99
read:
284
write:
4
82 265
292 46
171 267
159 176
write:
6
340 36
44 33
235 76
290 310
164 132
305 15
write:
7
257 15
338 313
125 220
85 247
305 52
97 167
64 354
read:
263
read:
72
write:
2
2 333
276 271
write:
1
63 195
write:
9
212 158
292 53
114 262
229 352
162 9
135 4
332 240
330 109
137 178
write:
5
333 169
160 284
249 282
351 181
94 146
write:
8
97 322
13 196
201 240
15 347
311 272
163 193
103 179
70 167
read:
294
write:
4
48 261
8 11
352 174
299 300
write:
6
203 188
334 38
332 151
279 35
340 108
332 242
read:
155
write:
10
45 1
57 85
347 156
62 317
274 175
79 336
208 21
170 1
314 330
103 133
write:
3
226 125
12 291
8 55
read:
77
read:
294
read:
242
write:
7
229 119
263 218
302 220
210 296
274 19
70 207
322 150
read:
215
write:
4
19 39
17 274
334 347
26 141
read:
147
read:
68
read:
252
write:
10
74 104
300 283
105 75
247 213
62 340
288 333
57 351
239 192
301 338
145 146
write:
3
131 27
189 313
93 4
read:
62
read:
205
write:
7
145 309
28 53
162 217
236 235
179 293
6 128
136 303
write:
1
336 83
write:
2
216 248
68 333
write:
1
218 18
read:
83
write:
4
14 136
265 148
192 53
349 309
write:
9
37 199
160 41
246 205
183 232
215 210
180 85
284 267
211 155
230 17
read:
97
write:
1
97 207
write:
8
293 46
38 309
249 115
246 68
260 79
233 122
108 308
304 71
read:
137
write:
6
246 324
77 258
43 262
120 269
327 188
57 101
read:
297
read:
38
read:
49
read:
281
write:
8
4 311
345 283
303 212
28 16
61 75
183 280
132 144
29 317
read:
211
write:
7
211 2
347 117
108 154
112 245
212 348
275 328
29 135
write:
3
47 95
14 209
193 197
write:
8
242 207
91 252
105 337
53 293
81 203
278 165
144 288
298 264
read:
270
read:
6
read:
1
read:
150
write:
9
126 344
93 297
40 70
5 340
168 6
155 57
301 275
257 50
180 260
write:
10
249 204
156 346
198 50
284 142
93 195
221 172
123 308
301 102
227 65
129 326
read:
273
read:
258
write:
3
204 304
309 272
172 258
read:
21
read:
214
write:
9
163 278
251 72
241 318
108 304
141 140
149 311
23 265
260 312
82 93
write:
5
343 307
271 170
193 288
345 137
330 185
write:
7
229 165
244 17
290 218
227 52
313 274
142 111
314 175
read:
320
read:
253
read:
161
read:
93
read:
255
read:
138
read:
297
write:
9
348 140
133 216
155 205
75 272
279 173
335 73
191 322
67 82
73 47
read:
230
read:
51
read:
90
read:
245
read:
325
write:
2
286 262
262 205
write:
9
273 170
11 185
124 93
314 192
292 158
184 21
236 99
38 133
245 218
read:
293
write:
9
116 347
55 85
335 70
164 120
346 112
69 116
34 237
123 19
62 306
write:
10
246 16
167 3
289 170
199 122
141 42
156 98
106 271
266 251
139 336
323 328
write:
1
308 259
write:
7
87 309
166 184
225 321
52 210
288 123
6 92
267 183
read:
251
read:
242
read:
341
read:
167
read:
128
read:
145
read:
250
read:
172
read:
217
read:
325
write:
9
71 329
78 180
284 124
46 230
120 324
124 31
105 52
307 107
184 151
read:
173
read:
38
read:
326
read:
182
write:
10
23 38
266 342
169 336
129 314
166 23
84 100
20 236
49 132
227 202
126 182
write:
2
226 140
277 122
write:
1
157 75
write:
4
1 301
310 264
16 208
162 45
read:
137
read:
83
read:
133
write:
3
213 270
250 244
128 270
read:
90
read:
256
read:
250
read:
309
write:
7
57 14
331 231
130 315
328 173
131 60
105 259
233 190
write:
5
213 195
217 334
267 194
24 281
230 350
read:
62
write:
4
19 46
289 247
144 16
281 238
write:
4
283 319
10 187
64 38
23 309
write:
6
342 167
38 286
251 168
201 301
257 101
196 216
write:
7
60 280
94 278
147 147
286 113
304 257
263 140
93 197
write:
7
340 295
11 201
22 135
47 235
127 177
238 211
214 299
read:
331
write:
1
349 266
read:
81
read:
176
write:
4
238 271
251 51
263 319
130 104
read:
285
write:
9
271 322
189 331
338 67
288 298
299 323
28 112
349 196
154 170
251 336
write:
10
125 238
81 331
71 276
106 262
148 48
262 136
66 44
276 172
134 185
10 331
write:
6
240 163
80 37
199 116
248 78
27 350
156 213
read:
15
read:
60
read:
353
write:
7
142 172
196 196
282 139
25 130
52 121
249 328
70 35
write:
8
8 4
182 266
65 319
271 177
223 71
199 269
240 237
41 341
write:
3
234 25
138 195
329 269
write:
3
175 182
262 217
106 294
write:
5
19 274
27 195
111 82
135 70
83 229
read:
129
write:
8
311 290
174 272
319 321
65 24
276 81
294 318
219 9
36 89
read:
45
write:
6
95 38
295 270
120 177
347 299
155 140
83 310
write:
6
217 202
134 246
304 52
222 69
253 269
58 119
write:
8
354 312
316 252
99 283
335 235
60 309
16 177
304 270
15 20
read:
352
read:
342
read:
268
read:
182
read:
322
read:
308
read:
350
write:
7
243 286
262 276
51 310
282 82
89 268
279 161
3 220
write:
9
284 15
314 331
291 177
172 7
314 146
68 83
237 138
168 61
103 73
write:
8
339 117
165 292
284 91
33 152
70 330
181 228
146 223
124 345
read:
101
write:
5
193 189
149 30
225 189
339 354
38 222
write:
5
271 317
293 169
67 209
4 278
57 280
write:
2
277 127
303 347
write:
10
346 188
41 328
279 26
66 72
133 62
18 64
112 182
327 163
169 225
220 192
read:
96
read:
312
write:
5
189 23
18 101
10 264
1 86
329 84
read:
19
write:
10
93 274
291 32
35 158
250 147
100 350
166 234
52 208
11 58
287 292
41 233
read:
220
write:
2
253 44
323 117
write:
4
345 316
319 116
53 47
22 48
write:
7
289 195
4 14
224 280
73 125
199 232
61 336
67 187
read:
191
read:
169
write:
2
115 253
272 292
read:
275
read:
290
read:
302
write:
8
50 303
326 74
255 274
256 23
283 175
175 315
289 15
154 74
write:
1
246 239
read:
186
read:
35
read:
28
write:
2
35 193
306 174
write:
5
88 341
317 295
341 225
38 242
123 186
read:
89
read:
200
read:
172
write:
6
5 347
26 47
99 170
175 331
11 322
152 300
write:
8
82 229
82 57
164 106
102 229
162 61
265 184
185 60
71 246
read:
93
write:
1
22 291
read:
37
write:
2
179 292
198 208
write:
1
168 56
read:
50
write:
6
42 164
190 90
98 39
40 166
34 82
82 322
write:
4
129 307
122 143
110 94
248 272
write:
2
308 153
24 105
read:
174
write:
6
296 330
252 236
122 21
119 219
290 240
321 81
write:
7
14 279
125 185
139 229
3 294
183 105
277 104
202 120
read:
257
write:
4
337 205
321 55
121 267
258 305
read:
265
read:
127
write:
6
239 89
129 226
347 38
106 48
153 192
164 303
read:
195
write:
6
146 57
336 2
295 348
80 242
163 143
184 102
read:
4
write:
3
116 147
250 315
9 100
read:
204
write:
1
124 71
write:
5
295 172
148 10
68 242
227 280
322 37
read:
203
read:
263
read:
126
read:
107
read:
128
write:
4
186 65
120 169
4 116
333 239
write:
9
127 150
274 28
96 237
71 119
334 349
148 96
204 211
97 352
194 201
write:
6
68 282
39 258
181 334
203 89
267 344
176 16
write:
4
241 6
289 113
112 308
186 86
read:
232
write:
5
239 61
73 132
161 199
43 107
256 303
read:
76
read:
240
write:
3
143 272
173 171
36 191
write:
6
41 329
120 343
65 230
299 70
170 183
92 291
read:
205
read:
348
read:
245
write:
2
70 202
77 2
read:
331
write:
10
90 196
315 24
220 166
77 72
116 241
44 92
234 22
235 314
142 36
148 35
read:
54
write:
2
217 49
332 189
read:
66
write:
2
220 69
2 171
read:
230
write:
7
21 79
55 92
334 163
90 247
99 16
80 171
57 188
read:
131
write:
3
171 152
167 183
228 42
write:
3
194 305
102 274
9 348
read:
236
read:
283
write:
1
135 171
read:
6
write:
4
156 312
347 286
118 350
249 161
write:
1
308 351
read:
304
write:
5
286 16
309 229
108 107
201 138
331 98
write:
1
101 254
read:
12
write:
3
134 28
214 253
290 111
write:
1
328 273
read:
7
write:
4
188 257
178 230
163 52
18 313
read:
146
write:
4
178 2
248 108
341 85
333 172
write:
9
268 241
248 152
37 142
154 78
158 48
350 243
225 283
28 145
146 42
read:
150
read:
77
write:
1
160 38
read:
62
write:
10
138 50
45 167
204 91
279 15
161 201
222 317
199 109
300 207
346 238
4 128
write:
4
148 221
171 297
177 14
292 68
read:
253
write:
8
304 7
84 4
313 4
65 288
77 154
149 177
349 197
53 54
write:
10
252 260
254 320
125 353
124 7
248 175
267 216
348 197
18 202
42 196
24 15
write:
9
221 269
71 29
326 237
57 17
148 172
326 168
6 293
142 8
126 279
write:
2
328 66
94 331
read:
145
write:
5
91 55
166 235
248 115
294 188
138 177
read:
352
write:
1
291 119
read:
60
write:
10
271 304
1 25
337 127
153 201
323 55
270 38
85 256
109 168
72 56
3 38
read:
306
write:
6
117 208
76 352
20 289
105 317
70 206
85 136
write:
4
174 106
209 214
8 152
98 183
read:
268
write:
7
2 175
254 349
15 215
23 337
148 306
172 21
118 180
read:
248
read:
1
write:
3
310 18
189 94
290 316
read:
79
write:
2
159 348
78 15
read:
4
write:
1
62 21
write:
7
117 8
344 263
295 118
221 308
143 79
55 342
39 146
write:
2
10 130
101 192
write:
5
137 44
321 189
62 309
335 318
309 86
read:
200
read:
309
read:
280
write:
9
39 107
50 240
159 215
284 65
18 35
272 205
160 187
351 255
11 308
write:
5
342 175
262 8
350 16
11 198
60 202
write:
9
100 318
170 333
350 34
139 118
130 308
138 351
290 87
61 292
351 271
write:
9
349 229
133 32
17 196
30 221
115 274
195 273
58 257
37 174
52 231
write:
7
187 70
79 155
323 225
206 91
13 30
69 4
44 126
write:
7
194 104
138 203
231 338
158 340
247 194
67 247
82 293
read:
246
write:
3
280 236
298 188
83 338
read:
107
read:
349
read:
226
write:
2
57 349
167 218
write:
6
277 180
67 337
200 298
110 283
313 147
180 106
read:
167
write:
9
228 136
64 208
140 200
6 138
350 225
112 59
210 198
57 130
141 280
write:
3
193 160
222 221
227 323
write:
3
103 266
317 47
269 9
write:
4
32 182
12 307
352 139
292 275
write:
9
144 271
234 71
56 34
237 239
328 352
286 284
228 345
40 159
175 158
write:
8
247 330
98 180
291 312
62 344
53 38
40 329
207 29
314 240
read:
242
read:
46
write:
1
17 176
read:
340
write:
7
186 297
142 122
244 203
218 151
292 204
309 105
234 192
write:
4
213 270
161 166
225 28
291 215
write:
10
51 341
209 342
300 289
57 8
197 141
196 125
55 18
322 12
258 111
55 322
write:
3
128 263
337 275
286 118
read:
230
read:
56
read:
215
read:
87
read:
180
write:
6
335 284
125 328
177 119
54 27
249 151
81 281
write:
8
83 32
81 354
46 115
302 213
60 344
214 79
26 305
99 297
write:
2
302 130
48 294
read:
2
write:
9
149 108
42 213
112 323
237 169
324 336
216 180
278 194
155 312
40 216
read:
305
write:
9
112 197
148 43
166 129
143 285
142 103
12 148
154 32
143 176
256 98
read:
55
read:
229
write:
8
171 14
43 320
247 13
30 341
144 303
177 13
145 96
78 342
read:
32
write:
8
38 92
275 196
131 49
125 222
11 64
25 285
274 190
58 292
read:
201
write:
10
294 84
92 71
84 132
168 268
151 159
21 292
179 37
263 28
213 234
75 1
read:
16
write:
9
329 1
304 89
71 19
17 191
176 151
345 161
263 52
205 85
258 262
read:
124
write:
9
181 328
144 122
276 296
75 13
121 3
144 264
271 155
83 51
277 199
write:
9
223 285
18 191
7 268
154 202
37 112
177 259
258 131
286 55
128 32
write:
7
75 310
33 9
208 269
279 120
346 53
80 132
41 82
write:
2
185 252
196 114
write:
10
71 109
319 184
39 73
172 307
1 258
333 94
258 330
267 103
279 83
288 135
write:
7
10 350
85 306
76 336
306 226
279 319
258 344
344 236
write:
10
51 82
229 128
277 308
82 99
204 186
180 307
158 309
156 307
95 78
101 261
read:
190
write:
9
353 168
34 321
348 101
18 347
203 169
79 315
275 135
236 61
174 346
write:
6
22 328
47 85
311 269
66 144
6 190
69 233
read:
177
read:
306
write:
3
296 122
353 340
225 263
write:
7
196 144
342 248
200 169
271 330
269 7
293 344
199 225
read:
192
read:
7
read:
320
write:
10
333 285
269 225
197 214
213 293
305 148
284 22
42 43
158 128
39 325
62 32
read:
279
read:
91
write:
6
171 255
49 273
98 3
213 87
44 218
137 226
write:
10
42 290
15 295
235 248
262 23
41 233
313 95
153 28
280 20
100 226
187 325
read:
118
write:
2
184 301
188 123
read:
346
write:
8
243 265
229 326
231 124
9 37
68 189
2 34
77 140
314 13
read:
308
read:
67
write:
1
278 234
read:
215
write:
7
312 41
236 270
5 103
281 189
103 276
213 304
249 159
read:
10
write:
1
3 266
write:
8
237 29
159 234
341 172
197 182
30 285
95 272
216 295
281 283
write:
3
101 124
266 296
14 157
read:
137
read:
349
read:
232
read:
225
write:
7
70 188
81 79
62 151
321 161
102 76
46 248
327 170
write:
3
225 149
299 50
62 277
write:
8
97 1
260 144
142 39
130 92
354 7
83 346
319 307
153 260
read:
9
write:
4
278 325
65 294
65 82
269 330
write:
6
153 67
315 285
222 203
58 257
18 164
53 287
read:
95
read:
115
write:
7
209 10
212 331
160 245
223 261
346 186
79 222
334 248
read:
223
write:
7
303 260
41 349
10 339
95 185
326 16
217 202
122 101
read:
133
write:
9
256 226
340 276
152 297
248 297
44 226
234 345
308 168
15 51
75 254
read:
4
write:
8
354 329
25 206
136 215
80 191
113 43
274 289
192 150
181 189
write:
4
114 129
17 206
119 16
191 256
write:
5
269 327
269 315
314 34
265 201
321 68
write:
4
230 224
45 199
121 187
314 17
read:
228
read:
203
read:
121
read:
145
read:
302
read:
212
write:
3
296 130
34 84
86 57
write:
9
288 217
348 317
153 72
173 128
146 46
59 73
245 63
129 242
216 142
read:
115
write:
6
53 299
208 80
312 110
285 59
253 241
65 310
write:
9
347 320
163 216
266 335
220 255
328 71
31 347
237 292
348 159
87 54
read:
77
read:
104
write:
1
310 127
read:
50
write:
6
200 120
132 181
253 86
205 217
262 260
166 188
write:
6
293 213
104 28
322 135
331 259
200 316
247 88
read:
175
write:
6
293 205
172 269
30 28
120 289
144 255
124 194
write:
1
229 321
read:
312
read:
15
write:
3
253 282
20 64
333 262
read:
293
write:
3
107 331
189 35
257 220
read:
223
write:
9
153 93
273 168
303 71
95 181
179 167
324 21
130 329
257 22
313 77
write:
8
348 113
113 8
128 278
129 319
161 323
267 94
221 45
83 222
read:
262
write:
2
107 333
43 315
write:
10
183 217
3 38
4 133
63 89
233 273
257 315
2 59
233 234
286 132
287 334
read:
92
read:
204
read:
10
write:
3
84 273
217 283
337 324
write:
7
343 44
7 65
293 261
263 40
248 339
13 72
260 315
write:
6
166 300
71 18
95 52
88 322
107 175
26 129
write:
8
301 162
156 73
325 70
174 71
339 192
209 169
48 163
15 195
write:
2
209 255
206 28
write:
7
182 311
326 17
150 190
269 125
170 26
332 269
244 114
write:
10
194 289
50 318
71 153
351 169
128 127
298 164
350 147
251 306
75 46
134 277
write:
4
83 184
228 211
287 305
225 120
write:
10
165 227
30 56
89 250
15 117
350 18
25 136
345 342
302 243
261 146
36 341
write:
9
163 322
314 58
266 292
73 290
248 226
242 263
95 206
153 100
60 39
read:
84
write:
7
211 63
98 199
10 197
255 73
169 239
104 60
136 60
read:
73
write:
2
103 124
161 218
read:
22
read:
248
read:
353
read:
217
write:
6
319 58
11 121
201 74
226 19
4 286
49 105
read:
334
read:
58
read:
106
read:
208
read:
280
read:
203
write:
1
335 144
read:
117
write:
1
123 261
read:
320
read:
110
write:
6
85 301
43 6
24 239
90 71
29 103
315 299
read:
296
write:
10
265 130
203 345
267 146
84 22
287 195
67 109
145 95
84 41
62 1
225 54
read:
30
read:
348
read:
320
read:
255
read:
69
write:
1
102 185
read:
191
write:
1
123 15
read:
213
write:
7
19 271
68 126
341 217
211 320
310 87
40 196
267 181
read:
151
write:
7
224 133
14 200
173 276
152 78
60 90
78 193
210 324
read:
202
read:
311
read:
128
write:
7
148 267
69 315
95 303
122 187
68 113
328 96
354 264
read:
77
write:
9
141 78
160 133
97 114
26 287
352 141
260 303
236 44
54 246
142 112
read:
319
read:
36
read:
314
read:
38
write:
2
320 194
2 164
read:
137
read:
338
write:
4
144 326
17 245
20 276
334 274
read:
61
read:
256
read:
148
read:
344
write:
3
112 40
240 154
241 257
read:
105
write:
10
98 321
29 248
328 294
31 226
280 18
266 147
263 307
255 196
89 205
279 10
read:
161
write:
1
184 55
write:
5
125 353
177 244
183 261
234 303
12 211
read:
120
write:
4
47 271
267 111
323 263
213 132
read:
86
write:
7
291 147
325 212
342 134
338 66
120 138
93 67
65 337
read:
354
write:
10
236 230
344 47
52 214
281 144
305 200
306 310
282 319
339 241
325 123
70 184
read:
313
write:
2
282 25
277 283
read:
88
read:
270
read:
273
write:
9
295 215
11 86
220 124
297 179
164 117
206 46
160 329
292 337
187 206
read:
123
write:
3
208 311
348 163
120 287
write:
10
66 64
258 256
194 324
276 138
287 166
273 38
132 52
224 67
291 87
101 5
write:
7
177 297
13 228
248 20
113 45
104 24
80 10
218 94
read:
218
read:
195
write:
10
302 329
178 115
2 117
345 174
17 313
65 218
266 24
209 94
206 324
326 147
write:
4
171 153
321 42
126 180
193 346
read:
309
read:
152
read:
250
read:
267
write:
4
10 266
11 40
163 305
266 301
read:
165
write:
7
48 229
143 74
302 328
218 187
238 200
69 245
157 234
write:
8
131 172
145 156
258 273
263 214
126 154
149 305
314 177
154 219
read:
156
write:
10
92 79
170 272
252 311
65 203
354 231
132 52
179 259
190 251
325 93
345 40
write:
5
143 172
220 338
196 24
160 286
339 153
read:
153
read:
287
read:
191
write:
2
245 27
105 211
write:
5
201 150
256 172
56 51
35 266
37 38
write:
5
332 214
352 70
254 160
28 96
190 8
read:
25
read:
28
write:
3
241 339
269 87
49 66
read:
249
write:
7
241 348
272 282
289 192
84 104
306 195
253 84
60 108
read:
32
write:
7
205 352
217 352
36 131
258 251
185 32
301 186
289 254
read:
160
read:
249
read:
40
read:
124
read:
211
read:
286
write:
8
306 46
286 12
44 278
87 202
76 293
93 327
196 191
29 72
read:
242
read:
169
read:
63
read:
350
write:
6
157 234
306 207
135 169
206 139
151 353
29 306
read:
156
write:
7
26 354
266 51
52 13
140 197
306 210
194 284
316 190
write:
9
236 52
59 186
189 28
255 339
16 250
177 25
132 346
331 320
194 194
write:
8
338 342
255 67
25 106
207 214
70 221
267 348
324 13
63 55
read:
352
write:
1
15 250
read:
109
read:
60
read:
46
write:
10
258 133
9 223
94 130
333 114
295 37
177 195
205 215
185 346
241 31
257 175
write:
2
248 252
254 73
write:
10
237 66
225 130
298 193
219 118
127 204
202 30
42 49
224 297
242 136
57 243
write:
1
153 142
write:
10
16 102
300 299
232 252
112 270
157 301
193 350
174 105
258 296
173 344
103 354
read:
185
read:
176
read:
10
read:
276
write:
6
281 258
97 123
92 113
207 343
286 248
25 158
write:
2
87 17
81 52
write:
9
206 244
325 16
117 301
17 33
57 190
131 114
28 27
121 50
87 225
read:
314
write:
10
138 340
272 54
95 59
51 102
64 39
213 328
270 217
275 88
16 299
354 41
write:
9
171 134
60 171
95 160
160 62
242 313
50 338
279 36
26 211
314 304
write:
7
83 319
107 322
233 226
287 298
215 229
182 174
7 220
write:
9
144 128
50 250
221 325
50 354
52 207
343 235
222 113
337 86
164 89
read:
225
write:
8
269 147
198 221
123 105
345 254
326 235
126 336
330 21
69 228
read:
216
read:
13
write:
5
191 205
190 117
310 279
320 274
90 176
read:
266
read:
42
read:
35
read:
121
read:
202
read:
84
read:
129
write:
4
11 25
274 175
219 237
207 258
read:
32
read:
60
write:
3
242 232
275 264
267 28
write:
5
81 311
249 30
324 48
17 262
224 258
write:
6
190 186
178 22
291 130
65 187
297 343
260 297
read:
97
write:
2
348 305
250 73
write:
8
242 44
338 91
324 106
232 195
265 190
173 347
157 179
207 230
write:
2
175 93
186 28
read:
296
read:
331
write:
10
172 316
249 256
287 142
35 157
116 212
176 160
91 51
349 235
13 191
106 107
write:
7
37 237
279 2
52 35
22 187
352 345
167 176
254 80
write:
10
99 9
88 271
63 212
336 217
112 181
212 335
144 339
142 230
14 27
276 1
read:
16
read:
60
write:
4
137 85
63 291
340 87
38 306
read:
298
write:
10
332 210
330 80
47 44
311 126
262 139
353 63
113 33
312 316
142 135
327 180
write:
7
171 147
310 293
73 131
221 212
234 56
44 271
91 183
write:
1
216 128
write:
1
130 189
read:
330
write:
4
235 161
343 101
96 1
40 193
read:
240
read:
194
read:
252
read:
295
write:
9
333 230
133 209
53 257
219 172
239 206
283 66
10 108
237 283
248 293
write:
9
174 91
120 152
343 246
213 210
225 54
138 222
337 269
283 331
237 288
write:
9
238 85
271 160
128 232
255 171
237 245
67 277
100 74
99 177
213 235
read:
331
read:
115
read:
185
write:
5
253 44
292 251
221 102
231 258
24 179
write:
3
26 328
108 320
235 350
read:
306
write:
3
333 94
42 160
290 72
write:
4
199 4
32 108
230 22
173 208
read:
113
read:
312
read:
222
write:
6
154 258
41 194
271 202
133 291
223 268
299 261
read:
243
read:
50
read:
82
write:
8
52 308
101 20
354 96
203 92
7 253
142 234
215 88
256 46
write:
1
106 333
write:
7
335 295
347 135
322 161
350 51
324 281
232 307
237 262
write:
7
14 246
165 193
308 257
56 299
44 327
16 269
39 165
read:
70
read:
336
write:
1
33 193
write:
9
129 222
212 48
126 73
199 284
145 209
168 99
80 330
239 48
23 272
write:
5
22 334
161 183
344 297
276 353
100 118
read:
112
read:
35
write:
2
155 202
155 278
read:
312
write:
4
330 282
329 283
9 169
221 302
read:
69
read:
346
write:
7
86 64
131 353
207 163
309 69
8 144
125 197
10 83
read:
30
read:
248
write:
2
51 57
228 21
write:
9
130 241
320 106
275 21
274 243
122 144
9 216
146 301
230 253
134 209
read:
129
read:
167
write:
4
78 24
20 205
292 154
83 172
read:
67
read:
20
read:
176
write:
6
5 296
98 182
187 237
186 133
250 47
155 276
read:
60
read:
284
read:
18
write:
9
170 65
237 104
271 73
217 182
103 296
283 236
198 232
139 40
329 300
read:
344
write:
4
112 74
15 320
165 345
350 151
write:
5
111 349
188 2
201 289
55 84
22 321
write:
7
352 188
15 5
337 178
20 352
10 97
277 18
14 279
read:
139
read:
85
write:
9
72 279
244 232
247 69
162 163
285 227
213 313
65 332
224 273
72 329
read:
350
write:
2
225 94
333 238
read:
42
read:
210
write:
10
54 209
247 270
257 21
219 106
312 252
353 83
347 271
282 56
228 315
231 2
write:
5
120 16
326 14
185 341
84 128
354 262
read:
13
write:
1
227 290
write:
3
196 309
169 188
158 294
read:
186
read:
158
read:
307
read:
281
write:
6
5 11
241 123
203 256
115 354
106 30
275 219
write:
5
107 77
269 194
174 324
282 47
152 95
read:
73
write:
6
210 197
95 182
323 337
95 246
10 106
287 100
write:
1
70 204
write:
3
166 218
33 148
129 270
read:
96
write:
6
76 10
315 74
18 269
319 345
349 269
220 89
read:
191
write:
10
72 255
316 328
219 55
58 65
325 307
208 77
82 99
214 193
153 32
72 69
write:
5
206 6
116 45
220 328
185 104
309 204
write:
8
351 233
10 162
98 88
238 109
172 253
239 291
235 144
41 300
write:
8
42 90
322 253
318 157
230 11
211 27
94 98
8 331
325 286
write:
5
98 1
267 86
336 81
152 322
26 247
write:
8
213 226
279 300
286 344
237 312
279 146
210 137
346 154
25 113
read:
247
read:
202
write:
6
292 168
129 232
132 143
278 96
217 83
282 111
read:
236
write:
9
85 189
137 28
1 139
122 98
109 348
135 141
274 55
223 72
153 37
write:
6
96 68
35 299
15 329
90 52
168 120
192 145
write:
5
105 350
158 86
25 298
286 223
131 41
write:
1
93 69
read:
239
read:
216
read:
303
write:
5
85 316
173 57
95 344
236 117
246 178
write:
7
204 149
181 192
68 189
310 71
99 254
117 257
274 19
write:
2
266 86
331 10
write:
6
223 149
323 354
125 223
316 124
75 245
49 250
read:
1
read:
257
read:
198
read:
240
write:
1
270 40
read:
190
write:
8
207 323
293 81
70 106
192 337
164 142
57 201
334 293
170 348
read:
87
read:
142
read:
7
write:
9
206 60
3 207
266 19
185 39
109 336
84 293
285 160
61 262
174 36
write:
9
238 185
237 193
248 264
329 171
287 21
271 28
321 325
58 34
61 200
read:
301
read:
312
write:
2
184 291
73 310
read:
70
write:
1
331 20
read:
25
write:
10
7 304
217 316
227 145
281 280
214 119
129 288
335 107
54 2
184 153
55 125
write:
2
121 277
11 103
read:
299
write:
4
320 93
333 338
52 165
353 282
read:
32
write:
1
73 23
write:
7
255 153
123 288
91 68
160 71
74 43
199 251
205 93
write:
2
181 87
297 164
read:
30
read:
337
read:
59
write:
7
173 132
234 118
294 180
263 348
191 112
184 132
169 289
write:
7
19 17
59 313
62 91
28 237
255 172
100 349
171 313
write:
4
335 234
72 334
174 248
120 283
write:
8
32 322
212 174
164 161
349 75
298 297
202 61
47 253
229 149
read:
97
read:
35
write:
6
247 59
203 112
238 82
15 351
328 305
181 341
write:
4
307 184
180 263
4 2
45 56
write:
5
132 331
162 219
275 229
148 205
39 13
read:
85
write:
10
327 212
260 129
304 239
106 36
178 62
164 323
234 57
341 155
165 128
310 168
write:
10
247 164
303 347
286 331
160 197
25 230
259 89
122 282
54 300
284 235
129 90
read:
303
read:
43
read:
5
read:
204
read:
209
read:
41
write:
9
197 151
136 310
227 53
309 142
79 99
90 66
183 131
325 11
335 44
write:
3
328 144
177 244
316 183
write:
8
323 160
83 319
63 68
24 304
346 265
331 31
44 162
178 66
write:
4
322 96
100 9
184 28
351 44
read:
167
read:
83
read:
349
write:
2
201 255
82 162
write:
9
178 15
88 140
40 80
130 73
24 295
239 319
310 120
322 5
266 299
read:
314
read:
125
write:
2
177 212
220 227
read:
119
write:
7
327 159
220 131
222 122
9 81
221 104
28 342
235 183
read:
121
read:
101
read:
344
read:
115
read:
324
read:
292
write:
9
305 173
42 332
191 227
66 245
190 58
96 173
172 64
223 92
144 269
write:
9
76 4
254 242
61 118
260 139
325 240
284 228
249 320
150 23
245 211
write:
2
135 138
237 235
read:
261
read:
92
read:
176
write:
8
249 260
22 101
184 311
131 262
52 273
338 69
170 169
136 162
write:
6
217 303
239 15
125 225
156 167
12 58
111 317
read:
42
write:
6
218 341
89 333
194 172
354 349
349 198
112 334
read:
345
write:
5
182 51
243 216
345 21
324 335
67 30
write:
6
265 210
173 12
221 93
234 78
127 15
248 300
read:
88
write:
1
218 197
read:
121
read:
308
read:
29
write:
10
307 15
66 116
1 289
341 49
172 227
139 83
241 174
47 187
10 43
138 349
read:
237
write:
3
138 322
178 288
329 37
read:
89
read:
5
write:
3
204 195
149 40
272 137
write:
6
190 163
110 48
129 128
37 31
275 92
234 57
write:
8
348 349
310 51
115 171
305 157
139 4
311 263
151 48
137 27
read:
138
write:
10
254 298
165 332
127 17
193 242
4 229
119 152
65 325
134 29
16 266
282 183
write:
1
247 262
read:
296
read:
34
read:
124
write:
2
329 169
31 130
write:
5
59 341
338 300
147 247
137 310
250 295
write:
4
256 328
323 245
256 22
83 104
read:
82
read:
115
read:
166
read:
172
read:
270
read:
86
read:
311
read:
342
write:
1
316 92
read:
49
write:
1
310 48
read:
132
write:
1
57 256
write:
6
207 266
151 30
80 100
260 248
233 128
74 35
write:
10
208 168
171 269
296 307
45 264
349 62
261 291
345 246
204 3
102 46
109 180
write:
4
257 103
329 325
224 352
40 196
write:
8
246 42
20 69
225 87
4 200
115 96
310 165
151 344
205 223
write:
4
178 26
56 174
241 254
280 169
write:
10
78 102
229 198
197 350
151 117
137 13
9 169
151 216
268 330
229 62
339 350
read:
51
read:
7
read:
136
write:
10
220 40
156 262
12 1
278 351
118 236
314 313
91 241
67 2
173 128
13 296
read:
135
read:
208
read:
137
write:
9
13 44
290 348
93 163
93 101
310 28
142 328
118 281
158 221
262 116
write:
10
105 145
267 254
48 49
77 333
128 163
205 324
36 136
80 341
133 216
349 36
write:
6
54 90
34 144
83 260
139 23
107 294
11 27
write:
7
21 260
216 189
161 128
41 3
57 31
190 131
284 62
write:
1
252 182
read:
338
read:
68
read:
27
write:
1
330 223
write:
10
153 244
343 141
149 267
260 229
38 208
251 68
311 258
220 327
131 40
191 255
write:
8
100 298
199 7
9 223
53 293
229 352
106 33
77 247
52 295
write:
1
318 16
read:
33
write:
2
240 319
251 310
read:
317
write:
9
298 224
136 30
97 83
53 190
354 165
64 224
179 239
245 222
300 340
read:
211
write:
9
53 212
326 194
312 16
330 340
354 315
88 289
198 311
333 66
35 265
read:
227
read:
234
write:
9
90 239
339 293
130 103
154 2
127 242
89 119
62 35
211 300
176 258
write:
10
145 332
67 72
117 110
209 334
195 53
220 341
134 115
249 298
85 279
128 343
read:
265
write:
6
322 185
298 273
197 60
279 20
28 157
67 72
read:
208
read:
112
write:
1
341 93
read:
99
read:
15
read:
183
read:
138
read:
160
read:
161
read:
30
write:
6
185 233
279 101
296 38
125 143
7 240
213 166
read:
55
write:
3
151 110
347 202
236 332
write:
3
241 131
258 119
89 73
write:
5
8 233
298 252
269 170
329 266
221 109
read:
152
read:
221
read:
78
read:
6
write:
10
107 124
188 262
239 34
11 224
257 97
165 29
293 308
281 256
250 233
349 48
write:
4
300 97
136 119
151 297
84 251
read:
338
read:
118
write:
8
81 74
81 259
75 95
225 62
306 316
33 238
171 237
195 114
write:
3
162 281
341 141
121 33
read:
176
write:
3
88 135
167 339
164 136
write:
1
143 118
read:
281
write:
9
232 61
164 313
93 316
11 256
159 38
218 283
11 144
245 249
171 182
write:
8
130 312
209 78
47 259
261 205
205 82
19 142
139 203
201 294
read:
172
write:
3
83 354
162 310
268 214
read:
268
write:
4
160 167
170 191
267 43
155 57
write:
9
293 242
342 285
352 101
5 89
201 129
29 279
284 271
123 200
85 245
write:
4
45 103
53 128
115 33
132 60
write:
9
205 111
273 77
337 300
174 89
227 339
351 53
219 244
150 190
132 190
read:
351
read:
137
write:
8
148 347
99 277
275 288
247 147
210 159
125 316
340 89
11 70
read:
308
write:
5
92 343
87 13
270 93
195 245
164 14
write:
9
219 31
21 168
153 267
224 238
95 22
66 206
37 141
176 317
191 68
write:
7
131 60
174 10
48 275
131 40
112 348
169 343
150 116
write:
8
258 70
26 224
341 91
215 255
308 338
13 55
57 327
93 307
write:
7
97 51
277 109
118 16
330 64
230 74
305 57
202 179
write:
1
270 10
read:
298
write:
7
97 146
95 310
149 20
168 169
321 275
161 22
297 248
read:
168
write:
10
199 203
109 281
274 294
72 33
206 310
174 260
279 314
283 320
254 7
104 28
read:
9
read:
298
write:
2
213 159
25 290
read:
89
query:
128