900 18
82.8 31.6 89.1 81.2 49.6 28.0 24.0 75.9 75.6 30.5 79.0 79.8 38.9 86.6 37.4 25.7 84.5 21.0
75.742 37.962 81.926 83.186 50.729 28.732 26.75 74.084 69.543 24.026 76.147 74.187 38.177 90.594 32.425 17.93 77.395 24.741 1.0
90.136 32.209 96.978 87.528 48.328 32.363 25.09 77.267 78.127 32.561 74.59 72.81 34.011 80.944 43.563 30.947 76.678 22.905 1.0
77.446 26.125 82.561 86.668 44.464 30.344 22.186 72.225 69.619 23.087 77.49 80.492 32.011 82.345 44.424 28.152 77.814 14.75 0.0
87.862 31.633 92.666 79.044 56.089 24.975 20.816 73.679 78.22 24.259 74.694 84.28 40.426 84.749 35.004 20.522 92.254 24.355 1.0
79.785 36.086 86.445 77.349 54.879 20.175 29.427 76.779 73.864 33.7 80.481 76.891 32.996 89.445 30.346 22.384 89.502 25.436 0.0
79.485 32.659 92.061 83.009 45.216 30.918 22.055 68.182 82.43 24.739 80.276 77.713 35.061 88.947 38.411 27.435 82.943 24.546 1.0
87.229 32.238 81.345 83.465 46.812 27.8 23.748 78.976 76.198 27.684 72.856 86.445 41.581 79.417 42.801 31.262 85.62 21.029 1.0
85.963 25.321 87.313 80.274 44.773 32.598 24.534 78.184 70.613 36.85 82.246 78.329 35.903 85.207 36.662 27.734 81.483 21.637 0.0
75.352 23.665 81.71 81.62 41.748 20.772 20.339 76.856 75.17 31.499 86.459 77.437 36.182 89.121 35.095 24.973 77.019 19.39 0.0
77.61 31.358 82.448 85.457 47.751 26.969 25.049 83.881 78.972 29.077 85.858 81.077 35.712 80.518 34.42 19.06 80.753 27.539 0.0
84.64 25.558 96.152 73.228 56.903 20.381 27.615 82.694 79.797 29.335 74.058 82.291 46.79 90.872 38.825 18.719 87.82 13.795 1.0
87.824 24.535 83.87 84.905 49.778 20.798 31.366 82.119 69.207 30.399 80.437 84.674 39.725 91.659 31.023 29.858 79.717 19.188 0.0
77.339 29.33 92.602 78.709 55.001 21.445 29.882 74.8 83.301 37.736 76.765 78.86 34.215 86.629 29.914 33.017 92.355 28.184 0.0
82.272 28.109 87.915 86.567 42.022 22.442 29.668 81.705 70.925 28.923 83.289 82.14 43.633 86.607 44.852 20.487 91.594 18.337 0.0
84.845 26.405 92.725 76.432 52.299 22.878 31.251 81.757 82.485 28.397 81.449 79.961 45.662 88.815 33.188 26.011 86.47 21.009 1.0
80.215 29.617 89.432 89.117 48.573 34.618 24.444 79.404 76.288 27.26 73.602 81.327 36.364 92.346 44.608 31.017 79.013 27.966 1.0
83.826 37.458 84.402 83.551 48.958 22.703 21.346 80.597 78.158 36.956 72.837 83.624 31.892 84.969 30.782 18.247 77.273 21.224 1.0
78.985 37.377 86.517 86.28 47.508 30.859 22.12 75.96 73.814 24.474 73.901 82.4 31.013 85.511 43.54 18.356 83.617 20.048 1.0
89.242 29.944 88.335 86.542 56.985 25.528 27.728 76.355 72.02 36.748 76.045 83.164 34.896 80.845 39.858 31.855 78.487 16.686 1.0
75.4 34.096 84.324 76.721 51.028 28.91 25.006 72.671 76.891 25.037 74.109 74.955 43.872 80.558 40.189 25.008 82.583 25.269 0.0
86.377 32.647 82.501 79.664 55.761 21.303 29.752 74.506 78.4 28.073 76.902 80.554 42.541 84.261 39.145 27.759 84.059 14.135 1.0
86.975 27.949 89.449 82.322 43.442 21.977 24.513 83.27 75.109 24.172 71.459 78.358 38.441 85.367 41.427 21.553 80.308 25.661 1.0
82.991 29.498 83.857 79.812 50.277 23.524 18.487 76.805 75.133 25.536 84.299 73.124 46.385 85.337 44.221 29.909 88.292 18.357 0.0
79.276 35.853 91.245 80.908 54.602 25.749 30.816 81.408 75.404 30.636 84.261 78.047 46.808 80.896 39.385 21.336 87.243 19.219 1.0
83.877 32.98 83.727 88.95 50.837 33.141 22.056 69.957 81.086 36.702 71.673 77.276 41.142 90.173 29.757 25.371 87.552 24.739 0.0
84.019 31.07 87.966 79.839 56.548 24.627 21.044 77.511 78.716 31.377 82.297 77.227 44.948 86.185 42.351 20.466 79.15 27.051 0.0
84.918 35.646 97.055 87.204 48.675 26.411 26.555 68.835 82.492 26.792 83.403 85.437 40.731 80.785 44.491 28.737 83.771 25.643 1.0
84.989 33.928 92.472 74.273 56.357 29.663 16.748 80.85 78.594 25.11 76.895 72.533 37.836 90.766 44.31 32.177 90.28 18.95 1.0
77.859 37.802 96.246 77.156 46.56 21.946 23.215 75.677 71.395 32.405 80.065 80.391 44.932 85.683 43.443 20.531 80.336 26.348 1.0
90.643 34.891 87.774 73.906 51.914 33.572 31.937 76.661 71.45 25.958 72.495 85.338 43.153 91.138 32.923 27.181 83.815 16.892 1.0
86.423 33.081 95.179 76.945 52.421 28.737 19.001 81.332 82.545 28.585 85.604 84.097 37.485 84.565 39.498 24.32 85.077 26.208 1.0
85.883 35.531 88.505 83.029 57.509 35.711 23.69 80.588 83.515 26.273 73.103 78.667 37.326 89.931 45.384 22.205 81.829 20.142 1.0
77.887 38.38 87.802 84.447 56.452 23.973 30.916 71.329 72.624 23.702 73.864 76.452 46.881 91.056 42.831 33.438 80.643 22.692 0.0
89.697 26.257 86.056 76.927 45.3 35.25 19.926 68.344 73.257 29.27 83.556 78.692 34.279 84.202 31.656 29.19 77.928 25.561 0.0
86.739 35.848 95.173 80.29 42.534 23.374 30.732 76.091 78.034 25.948 85.798 80.983 46.8 92.231 39.133 27.762 81.645 15.383 1.0
84.376 33.447 82.619 79.815 51.654 33.152 27.57 77.963 68.899 28.59 83.178 83.682 40.46 89.428 38.923 25.451 83.133 25.786 1.0
76.954 24.392 94.385 74.191 49.458 22.704 30.76 77.286 83.045 29.052 80.621 74.294 31.624 84.623 31.492 27.96 83.203 13.104 0.0
84.955 37.913 87.153 79.354 54.415 35.3 29.506 79.112 81.544 23.674 82.851 85.184 42.469 88.04 34.879 20.935 88.324 17.937 1.0
81.395 27.139 87.113 81.684 56.483 35.474 18.958 69.603 67.682 35.271 73.97 86.606 31.28 92.25 43.268 31.07 88.609 27.257 0.0
76.095 30.513 81.177 82.678 43.619 24.404 27.525 76.351 82.366 25.774 82.095 82.771 35.507 80.389 29.916 23.643 86.3 24.95 0.0
83.842 27.641 96.868 79.232 43.889 35.863 26.907 71.042 77.017 31.865 81.987 72.21 39.764 92.71 38.104 31.0 90.123 13.954 1.0
89.934 29.467 94.493 75.816 52.759 23.79 18.497 72.002 71.838 29.025 80.557 82.256 32.082 79.7 31.013 33.478 78.997 15.915 1.0
78.402 37.885 91.866 82.334 48.847 31.739 24.388 77.158 78.123 34.517 83.301 87.691 32.138 91.055 38.017 28.992 90.423 22.108 1.0
85.604 33.942 81.102 73.264 43.179 29.203 30.052 78.299 77.377 30.655 74.884 75.902 31.61 93.36 33.299 25.202 79.26 20.134 1.0
86.273 31.132 85.343 75.816 45.138 25.543 20.043 71.844 75.162 27.86 76.747 87.401 41.014 81.044 39.019 27.135 79.721 17.523 0.0
77.698 34.186 81.317 84.684 48.36 34.536 18.386 69.068 74.848 30.114 78.718 78.272 34.141 84.11 32.082 25.863 91.436 27.195 1.0
80.948 27.792 96.372 86.475 49.409 26.918 31.323 79.839 72.698 24.849 75.799 83.338 33.499 91.753 36.771 21.395 82.844 19.183 1.0
78.217 34.925 81.997 82.641 43.879 29.637 29.668 71.555 78.198 34.692 77.311 84.265 45.27 82.127 34.612 30.256 86.774 28.654 1.0
76.865 28.741 95.863 79.489 42.436 35.32 22.944 83.153 82.917 34.116 83.375 76.507 30.924 82.661 43.275 25.873 88.982 14.528 0.0
89.193 37.652 93.105 85.929 49.954 26.549 26.868 75.785 72.649 29.8 73.028 86.376 38.69 80.654 32.057 23.706 86.272 18.011 1.0
80.928 36.78 88.942 80.541 52.444 34.973 29.357 81.774 68.834 35.594 74.9 78.841 40.649 94.169 30.787 27.449 78.855 21.379 0.0
80.831 36.766 86.091 77.84 52.454 32.622 20.23 74.483 71.979 27.977 77.555 82.234 42.586 94.578 38.754 29.734 88.006 19.478 0.0
81.579 26.09 89.391 79.072 53.868 31.723 31.661 69.016 74.924 27.946 80.25 76.043 46.329 84.69 39.714 17.815 91.643 26.891 0.0
82.145 26.031 82.403 78.764 44.358 34.88 28.35 70.461 78.914 29.361 83.467 84.267 37.539 81.424 30.418 20.834 89.7 22.512 0.0
82.346 29.165 87.037 86.978 57.432 35.435 29.48 74.883 71.584 28.251 77.883 84.045 32.815 79.468 31.873 26.055 78.422 21.54 0.0
88.746 34.615 95.402 89.195 48.647 20.983 22.549 69.597 82.316 30.101 84.415 75.246 43.923 91.614 43.987 28.602 90.043 19.73 1.0
85.743 27.288 82.92 75.058 43.987 32.333 26.186 80.262 74.484 31.054 86.08 82.267 39.168 93.852 32.778 25.725 88.064 27.696 0.0
84.607 29.08 95.132 87.835 54.33 25.591 22.98 79.946 75.367 35.345 77.612 75.713 38.765 83.875 36.229 29.948 83.405 25.911 1.0
78.722 36.325 90.996 88.453 43.289 32.809 30.921 73.482 81.386 37.751 71.234 77.924 31.143 84.498 34.382 31.469 87.425 25.715 1.0
77.225 23.758 87.391 80.034 45.922 31.189 22.331 79.947 79.518 22.552 86.285 72.734 42.81 80.38 34.991 19.176 78.196 16.795 0.0
86.114 36.71 82.713 77.633 42.475 24.81 26.498 81.976 79.263 23.53 72.501 73.922 36.985 79.129 41.946 23.213 81.453 20.249 1.0
90.312 34.728 93.115 83.443 51.397 26.577 27.158 81.665 68.779 34.459 72.659 73.257 32.581 84.643 35.995 25.86 91.945 28.887 1.0
78.835 35.221 83.435 88.866 50.886 26.059 27.537 71.892 71.987 36.773 86.818 82.33 41.451 83.781 34.011 32.103 79.289 14.12 1.0
87.118 31.109 94.18 86.452 47.39 25.719 30.398 78.17 71.685 24.05 76.064 86.334 45.116 88.447 45.212 33.568 83.415 25.885 1.0
83.794 27.563 81.169 75.484 43.705 20.469 24.97 68.822 77.095 38.033 75.321 80.35 46.539 93.337 38.519 30.532 92.427 27.564 0.0
85.77 36.448 90.293 85.618 46.25 29.194 26.544 76.915 81.523 26.771 72.066 79.176 38.942 82.029 32.485 31.36 76.851 20.519 1.0
78.486 24.808 89.767 88.436 53.687 25.071 22.457 71.762 72.175 27.174 86.685 75.108 42.518 91.916 37.446 20.011 82.642 27.68 1.0
85.293 32.387 81.678 75.02 52.638 35.46 27.795 74.019 76.672 28.986 82.014 77.676 41.72 91.137 36.018 24.629 78.413 20.29 1.0
90.404 36.408 89.746 74.889 48.72 34.157 26.236 81.432 76.857 31.395 82.975 82.657 40.736 92.911 31.986 26.981 90.887 13.538 1.0
87.437 25.955 85.311 88.361 51.847 23.377 18.768 74.492 70.361 29.967 76.019 87.281 39.799 87.532 39.538 19.276 84.743 24.348 1.0
83.167 35.061 92.156 85.698 54.424 34.925 29.566 82.921 82.325 25.994 77.958 86.193 32.249 94.424 32.932 20.753 81.077 24.818 1.0
87.945 29.104 90.496 79.238 46.975 30.131 26.428 69.014 79.706 25.162 81.061 87.013 35.089 80.736 33.097 25.123 77.308 13.32 1.0
84.67 35.465 96.07 87.44 52.734 21.578 23.142 70.765 69.163 36.46 86.897 77.212 43.912 83.249 32.037 27.904 77.154 24.559 1.0
85.545 28.424 93.873 84.02 53.432 22.774 27.99 83.724 79.156 36.92 84.482 81.177 43.64 79.808 38.546 30.223 79.25 19.911 1.0
78.733 30.903 85.786 81.578 42.42 21.354 30.785 73.922 69.094 30.378 83.484 86.473 33.218 80.582 41.474 26.897 81.453 13.486 0.0
80.305 33.644 89.572 88.261 42.406 24.048 31.978 69.624 69.814 27.192 71.489 72.613 40.68 81.845 37.807 21.437 88.544 19.393 1.0
85.667 35.12 89.829 84.899 43.038 27.203 19.48 82.104 71.883 33.214 76.988 76.514 32.016 81.742 42.704 22.465 84.085 21.188 1.0
83.694 29.743 88.258 86.926 49.824 30.133 26.193 73.023 82.147 32.086 80.612 87.494 32.153 79.296 31.409 31.812 86.668 25.515 1.0
79.594 25.784 84.088 79.228 54.876 20.47 28.966 78.692 68.657 28.595 77.055 77.978 45.35 93.052 30.106 18.425 86.4 28.047 0.0
85.442 25.138 92.798 79.282 47.742 33.191 19.375 82.863 78.259 33.396 72.473 85.33 44.131 87.166 37.654 30.029 88.285 28.703 1.0
77.158 25.192 87.823 88.373 46.547 29.033 26.852 71.688 83.539 32.463 85.659 85.667 33.586 80.016 38.264 29.339 86.017 26.731 0.0
74.803 30.715 82.955 77.17 42.451 24.568 28.523 71.416 70.978 26.52 76.927 78.104 40.041 91.061 39.661 18.252 77.688 17.379 0.0
77.369 24.177 93.846 85.498 51.155 21.312 26.02 77.059 70.922 37.915 82.131 80.206 45.94 85.331 40.501 31.981 78.915 24.285 1.0
87.838 31.921 95.356 86.386 43.013 24.231 24.993 82.263 78.449 27.648 86.24 72.582 33.571 84.808 38.405 20.012 85.627 20.067 1.0
83.862 26.447 82.319 76.082 55.219 30.15 20.522 76.592 83.276 26.265 76.501 81.544 38.786 87.977 39.345 20.139 88.321 19.734 0.0
80.431 36.624 94.779 77.002 56.516 30.693 25.727 74.912 74.136 23.154 77.017 77.296 39.949 84.072 38.444 24.687 86.752 22.669 1.0
77.765 26.304 82.874 82.298 46.716 34.607 21.531 78.821 79.644 36.451 76.82 74.432 35.522 81.416 44.032 32.937 78.145 28.625 0.0
75.278 33.941 89.418 84.149 55.455 30.597 21.881 78.858 75.005 33.334 71.788 83.027 33.603 87.102 42.955 31.321 79.495 25.635 1.0
80.295 24.017 90.026 78.359 45.454 35.881 28.185 68.779 67.963 27.584 76.161 84.994 38.789 90.83 33.98 24.287 83.11 27.138 0.0
88.821 37.454 94.462 77.596 53.282 21.416 27.832 81.83 82.663 31.715 84.62 86.069 42.307 93.892 39.201 21.945 78.913 18.625 1.0
90.454 25.63 83.487 82.872 45.388 20.51 26.939 75.597 72.265 30.265 78.878 83.361 35.634 94.29 36.857 29.355 86.512 24.901 1.0
79.213 24.022 85.116 87.814 54.636 30.085 29.066 78.424 70.115 34.472 86.842 86.288 35.393 83.524 38.638 29.92 86.712 15.594 0.0
76.35 37.997 83.922 81.42 43.872 33.707 30.502 81.553 79.901 32.809 77.554 73.302 36.531 80.881 38.373 21.74 86.618 13.267 1.0
81.971 35.868 86.249 84.807 54.267 32.324 27.958 73.893 73.352 27.847 82.578 84.19 32.452 89.701 36.68 25.063 80.475 25.67 1.0
79.793 24.254 90.271 82.051 47.027 33.814 27.487 74.845 83.126 26.184 72.632 84.673 32.325 93.764 40.751 32.506 78.818 21.485 1.0
89.34 33.769 81.683 86.214 50.252 35.34 18.137 68.177 71.038 32.705 82.662 81.79 38.932 79.097 42.319 19.187 86.064 13.371 1.0
76.422 30.618 90.628 76.304 42.435 35.537 30.561 74.576 78.085 31.327 76.271 87.276 42.167 92.063 38.146 21.293 76.619 23.352 1.0
76.016 37.933 96.759 78.416 53.887 34.015 17.043 73.24 71.115 37.589 83.244 81.988 42.586 88.059 36.975 21.766 85.065 28.564 1.0
83.773 35.402 94.668 84.056 54.517 25.862 27.245 71.913 77.943 27.298 81.796 85.323 33.858 90.031 40.523 22.017 83.88 24.922 1.0
90.407 32.586 86.482 73.507 49.783 28.463 17.199 82.161 70.853 30.733 84.688 77.807 35.004 88.973 32.772 18.004 91.695 16.455 1.0
79.389 26.29 92.223 88.064 43.313 34.113 16.437 75.006 82.02 23.681 77.336 73.075 42.477 80.953 43.302 18.991 83.145 15.075 1.0
86.572 38.639 85.548 79.496 47.793 22.307 16.989 82.866 72.826 23.099 72.142 79.192 44.739 88.678 30.064 21.081 89.661 23.518 1.0
86.166 24.595 94.035 73.625 45.162 29.074 21.37 76.755 76.95 36.92 86.635 79.288 34.437 82.321 42.183 20.418 78.556 14.711 1.0
88.767 25.115 95.593 81.757 43.587 32.619 17.216 68.656 83.089 31.394 76.313 79.111 37.626 87.185 41.793 20.492 79.554 24.17 0.0
87.182 24.062 88.036 84.831 45.251 28.303 21.482 70.259 69.349 35.395 79.575 81.75 35.921 81.262 39.219 26.8 87.716 14.68 1.0
88.469 24.448 82.448 79.559 43.765 24.986 25.085 77.659 79.788 34.664 83.134 85.865 41.899 94.167 34.534 31.738 81.25 13.839 0.0
90.682 33.239 96.243 78.152 42.981 25.993 31.022 74.033 67.961 37.415 78.244 78.915 38.447 79.292 35.973 25.704 82.706 25.35 1.0
86.341 37.331 89.487 81.424 46.65 26.273 19.316 73.496 82.503 28.339 80.038 76.814 37.941 86.734 42.534 31.018 85.725 25.849 1.0
85.271 34.116 95.405 79.983 55.208 35.213 17.544 83.848 69.125 29.962 86.059 79.439 44.968 78.936 29.915 30.906 76.949 13.845 1.0
79.021 33.721 90.484 78.103 43.359 25.821 16.966 75.61 80.307 22.925 71.242 71.887 37.615 86.213 40.29 26.164 77.597 20.155 1.0
79.386 36.279 86.898 83.989 53.417 33.783 27.693 70.328 82.695 37.594 72.145 80.841 32.213 93.621 38.699 19.993 87.297 28.66 1.0
76.911 25.98 97.02 80.144 41.639 33.235 25.754 72.191 69.414 28.817 84.517 75.941 36.156 81.511 35.819 30.644 81.46 23.682 0.0
75.615 29.613 96.033 85.874 52.51 29.915 17.768 74.699 72.722 33.042 80.168 82.105 45.865 92.093 44.01 18.038 89.812 16.209 1.0
82.665 30.292 89.138 80.287 43.028 21.115 25.639 68.626 73.369 32.862 76.105 74.037 35.329 92.618 44.121 21.963 91.377 19.125 0.0
78.403 23.864 87.678 87.837 44.471 35.335 22.744 72.094 71.423 31.239 74.541 86.502 36.492 87.279 39.2 26.85 91.542 27.138 0.0
81.897 35.765 92.776 80.48 57.299 20.113 31.693 72.433 83.1 36.455 84.848 76.209 32.366 86.24 39.819 23.071 89.705 28.145 1.0
80.648 37.886 85.064 83.134 55.184 32.257 31.483 77.141 77.819 29.77 74.637 76.574 31.135 78.836 40.097 23.245 85.029 19.742 1.0
79.333 24.428 82.445 79.353 57.148 20.992 23.039 73.558 67.758 37.936 81.244 83.238 32.494 87.858 40.555 28.231 91.889 26.605 0.0
77.46 29.656 94.461 83.395 48.707 35.727 31.432 72.289 68.568 31.799 81.257 72.856 42.843 80.026 40.31 30.591 92.087 17.513 1.0
80.461 35.31 85.945 84.099 56.021 30.081 19.316 76.648 75.108 27.466 85.318 76.942 32.455 82.102 42.991 21.515 90.498 21.584 1.0
76.454 30.311 90.951 80.428 47.985 30.343 19.476 69.475 83.49 27.81 79.571 77.557 39.342 91.551 37.612 31.779 88.323 13.884 0.0
89.61 27.723 95.768 76.232 49.828 20.569 29.753 71.726 78.533 31.021 75.206 83.848 42.804 94.353 38.603 27.247 88.947 16.878 1.0
89.112 29.043 81.496 77.66 45.626 33.942 20.432 70.322 77.086 38.036 75.627 84.432 41.912 92.646 43.75 32.805 89.421 13.379 0.0
77.966 31.077 82.411 78.773 48.48 24.606 24.016 71.843 73.479 35.076 77.565 73.318 34.62 93.884 41.163 28.606 82.092 24.902 0.0
78.776 38.425 88.716 85.705 54.608 32.113 18.528 68.96 70.227 37.514 71.232 76.076 34.13 86.86 30.839 33.529 77.292 15.609 1.0
78.462 35.763 88.988 78.008 48.276 33.989 20.979 72.348 81.621 23.457 76.701 75.942 44.135 87.128 32.106 19.264 91.269 26.578 0.0
82.978 23.685 88.889 83.752 43.33 25.177 24.291 81.127 72.781 23.082 72.026 87.368 35.931 89.106 30.516 23.126 89.388 22.699 1.0
81.004 25.93 83.393 87.003 51.441 32.536 27.908 74.874 81.677 32.817 76.422 72.772 34.397 86.608 35.305 30.456 89.841 14.451 0.0
81.233 36.275 89.8 77.349 50.861 25.962 23.108 79.261 77.85 25.48 86.26 83.499 46.784 93.389 33.394 25.583 80.984 20.479 1.0
79.023 27.486 82.31 80.318 41.952 35.163 30.44 78.458 81.193 27.837 74.17 73.257 44.012 80.578 43.704 30.982 91.158 23.899 0.0
89.527 25.085 90.709 83.371 43.459 32.382 31.449 79.356 70.687 29.933 86.639 81.676 32.594 87.292 44.558 31.7 84.332 16.09 1.0
77.332 23.62 95.887 88.931 45.557 31.051 27.872 77.318 81.129 26.086 80.254 76.689 36.897 94.119 44.191 25.562 88.737 25.988 1.0
76.873 34.567 84.634 79.029 49.747 32.556 21.377 83.205 82.109 34.402 74.678 74.273 33.853 89.288 39.812 20.016 87.101 19.821 0.0
79.3 34.371 90.305 88.703 43.66 29.936 23.355 71.843 74.901 32.02 75.989 83.015 34.061 92.854 35.453 30.387 78.303 14.87 1.0
82.681 24.985 86.216 81.399 41.767 26.162 16.631 75.651 70.116 25.3 72.043 75.485 34.573 81.539 42.103 29.476 91.689 16.937 0.0
79.454 30.006 85.268 77.081 48.766 22.138 30.84 80.982 80.424 37.144 77.298 79.204 42.054 82.203 44.244 19.757 84.787 23.701 0.0
82.914 33.46 92.977 80.333 56.961 22.544 17.647 82.269 80.226 26.203 72.761 78.133 33.833 90.334 42.295 30.616 85.89 25.44 1.0
77.46 38.651 92.163 79.2 54.541 23.631 21.482 76.216 80.347 37.198 83.171 72.369 42.757 88.102 38.333 31.566 92.093 14.467 1.0
78.292 28.925 95.702 88.742 44.36 32.087 21.107 70.187 75.204 26.858 72.201 79.316 40.724 91.314 33.239 22.538 79.182 21.32 1.0
81.604 31.136 84.79 82.533 54.784 32.786 30.335 74.378 67.842 33.562 80.684 81.354 34.838 79.188 35.393 19.84 90.285 19.454 0.0
90.246 39.426 93.1 76.362 49.908 26.699 27.485 70.611 76.529 27.31 71.718 78.274 34.688 81.928 29.491 28.158 84.904 18.745 1.0
83.643 36.772 94.891 79.757 50.819 22.115 21.218 74.017 78.542 25.424 83.993 78.182 44.495 93.249 41.393 19.128 90.251 28.87 1.0
87.91 29.908 93.475 78.823 46.081 31.435 25.516 67.944 82.586 27.977 79.768 74.032 36.031 92.79 31.156 18.081 87.916 25.998 1.0
90.329 37.546 82.087 81.835 54.237 22.309 29.412 80.867 71.841 30.744 85.268 81.396 39.926 93.308 42.096 32.77 81.324 22.731 1.0
81.828 36.848 87.848 81.867 52.146 21.203 31.201 71.026 71.392 25.616 83.503 74.341 33.349 85.172 37.502 25.451 80.16 14.039 1.0
81.373 35.879 83.824 85.908 46.693 21.67 16.218 76.083 72.922 28.946 85.719 85.425 31.106 88.02 38.982 24.603 84.806 21.364 1.0
88.586 29.232 83.297 79.059 50.703 25.81 27.493 78.377 72.937 36.422 75.335 76.688 37.077 90.873 41.599 25.52 86.793 22.686 0.0
89.568 26.013 83.045 74.765 47.743 24.36 17.251 69.731 76.997 33.911 86.633 77.052 41.48 79.468 33.534 20.23 79.544 16.812 0.0
84.038 31.042 87.408 86.105 56.33 32.884 19.692 71.024 72.435 24.697 73.262 78.235 46.305 84.592 37.291 28.519 79.576 16.358 1.0
76.208 28.098 94.771 79.694 50.878 23.878 26.826 70.47 75.724 36.451 76.101 77.615 31.325 81.621 30.763 22.245 79.493 22.992 0.0
81.13 24.732 85.509 86.88 45.884 30.94 19.372 80.012 79.344 22.653 76.706 73.599 32.273 88.124 30.651 20.419 82.086 18.122 0.0
88.78 37.183 91.144 83.761 45.67 29.302 22.1 72.694 77.211 23.062 77.574 86.252 46.328 81.939 42.117 27.358 80.396 16.032 1.0
78.215 27.596 93.85 78.362 41.804 33.186 23.496 80.172 79.823 30.354 85.109 78.201 46.521 80.724 43.208 33.489 87.552 26.619 0.0
81.586 24.252 94.897 85.861 46.865 25.903 19.205 79.766 78.515 37.014 72.483 77.886 31.039 90.944 39.687 21.347 81.042 21.368 1.0
83.722 32.399 84.539 82.56 51.14 29.576 23.709 73.981 79.352 25.223 73.108 86.752 37.367 88.652 33.107 27.357 84.332 16.231 1.0
80.961 23.692 84.128 77.782 47.172 26.56 31.238 79.59 78.446 33.784 72.089 84.087 35.776 94.195 43.661 26.697 90.72 16.487 0.0
86.694 37.782 91.553 75.306 45.336 31.506 17.388 70.989 79.619 24.123 72.684 84.481 31.918 83.0 43.192 20.751 81.039 19.706 1.0
80.489 23.618 84.251 75.925 51.867 22.397 23.166 71.415 74.978 23.049 83.861 79.086 44.69 87.531 31.239 20.009 79.378 20.816 0.0
77.679 31.226 96.403 73.283 51.792 20.186 16.399 79.458 73.602 37.379 85.929 81.253 38.353 85.621 43.081 25.271 85.106 21.265 0.0
87.923 30.297 96.69 82.272 56.705 33.265 25.881 69.645 71.234 36.966 83.196 78.594 45.953 92.17 30.188 29.818 84.853 16.235 1.0
89.128 26.043 81.83 76.817 52.693 25.106 21.143 71.012 72.913 29.928 75.623 82.45 41.862 89.884 32.23 32.983 86.939 19.576 0.0
83.172 25.461 94.989 74.583 55.577 26.09 19.254 69.069 69.165 24.928 72.842 71.85 31.503 82.957 39.84 21.347 87.548 15.642 1.0
85.966 33.567 87.672 79.093 52.662 21.483 20.397 76.792 68.05 24.629 74.452 86.301 32.855 88.184 39.045 28.006 85.562 21.982 1.0
82.689 37.04 83.107 76.224 49.641 31.593 27.753 75.215 70.281 27.155 74.777 85.999 32.57 88.549 43.796 24.389 81.243 20.695 0.0
89.631 36.641 88.535 81.628 56.533 28.486 22.401 68.357 73.11 33.865 74.114 73.048 44.011 79.542 42.325 31.248 76.586 25.074 1.0
81.204 30.252 88.132 84.807 45.321 29.135 18.574 76.69 71.415 24.25 75.883 74.064 42.498 82.658 33.324 33.605 89.147 25.002 0.0
83.598 37.732 83.826 79.554 47.265 27.035 26.867 71.63 80.592 25.602 80.717 76.708 46.593 90.998 42.178 26.486 91.868 20.165 1.0
86.592 28.287 84.03 75.404 56.499 25.853 31.993 71.548 75.741 38.123 72.363 77.807 45.208 86.708 32.436 21.718 76.995 24.953 0.0
78.055 27.26 82.009 80.494 49.889 20.328 16.756 82.362 68.377 27.107 79.074 84.064 43.48 93.952 31.618 28.225 88.899 21.003 0.0
85.662 26.36 91.374 82.718 56.967 23.696 19.782 83.056 67.651 31.837 80.696 76.117 37.089 90.396 33.362 31.53 78.958 28.754 1.0
85.308 25.444 86.635 77.738 49.411 24.429 28.432 82.585 79.114 23.888 73.256 72.102 39.3 80.117 41.06 18.169 77.366 14.153 0.0
76.152 38.427 81.24 86.741 53.209 29.26 25.143 80.997 79.639 30.706 76.35 84.364 35.065 82.76 32.221 20.909 91.53 15.382 1.0
80.345 35.007 92.985 84.179 48.359 21.519 30.775 79.443 77.871 28.0 79.093 83.295 32.747 81.643 42.099 26.788 80.169 26.616 1.0
88.29 26.542 84.811 82.15 49.223 34.227 18.504 81.717 76.114 28.249 80.168 86.263 34.063 90.202 39.734 23.466 85.934 14.971 1.0
89.118 36.557 87.75 81.235 55.797 24.537 26.516 74.776 82.407 36.313 84.153 79.084 44.13 89.172 36.711 23.268 87.48 21.776 1.0
81.75 32.634 88.029 83.184 53.218 23.334 18.366 82.784 75.784 35.15 86.547 73.529 34.878 79.133 42.568 21.759 88.336 24.559 1.0
76.841 34.874 92.035 73.892 47.363 31.728 22.183 80.549 71.287 29.323 85.038 79.021 41.63 91.945 43.778 18.207 82.878 27.848 1.0
85.58 31.206 86.756 85.996 56.348 34.255 19.798 76.482 76.885 22.644 76.382 75.924 41.237 90.127 39.18 21.825 84.678 21.743 1.0
78.573 37.961 83.751 81.658 49.49 27.027 21.735 69.603 72.539 36.427 78.717 84.559 32.626 84.519 36.188 20.312 80.719 19.287 1.0
77.206 38.41 94.237 82.427 52.294 21.934 17.502 70.145 68.988 27.677 81.393 81.158 44.201 86.761 31.917 22.533 86.85 15.34 1.0
89.641 36.973 81.539 82.418 48.719 26.797 22.532 81.104 83.552 34.206 72.251 82.624 33.26 84.569 33.526 22.441 89.946 24.035 1.0
86.017 31.426 82.673 79.319 42.265 29.337 20.563 81.126 69.98 31.474 76.372 83.038 37.515 89.129 36.649 24.445 87.221 28.171 0.0
81.18 38.5 88.303 85.46 46.7 29.612 28.669 80.373 69.151 27.629 79.669 72.38 40.09 79.939 34.346 28.814 77.95 15.046 1.0
79.45 26.239 86.7 85.38 45.8 29.751 21.641 72.067 67.77 26.203 86.224 81.564 35.099 80.529 43.398 32.249 90.583 23.611 0.0
86.949 24.773 85.933 83.161 45.854 35.079 16.076 79.557 81.108 32.564 73.559 72.283 40.933 88.936 35.09 32.118 81.142 13.833 1.0
88.186 39.575 83.067 74.666 57.553 28.335 16.259 73.12 78.956 34.64 75.414 84.954 36.2 81.474 30.1 33.442 85.715 25.431 1.0
81.162 34.635 82.185 82.255 47.977 35.448 26.344 74.361 79.419 31.93 75.928 75.278 44.233 85.97 35.233 20.583 89.959 21.305 1.0
79.271 27.628 83.765 80.171 49.388 23.935 22.781 74.869 80.848 26.454 71.229 85.301 34.375 87.981 36.312 32.63 80.04 26.413 0.0
90.263 29.327 84.22 84.426 51.485 25.28 27.048 83.054 70.613 35.551 76.597 84.649 34.777 94.592 30.211 22.96 91.378 18.354 1.0
79.509 26.873 81.236 86.836 57.027 24.268 25.67 77.721 69.563 31.187 76.841 85.389 32.854 91.51 36.598 23.591 82.911 19.565 0.0
79.3 35.718 96.581 75.424 43.508 29.404 19.018 69.641 67.645 33.688 79.065 86.413 33.154 83.167 30.562 26.66 78.766 24.318 1.0
89.333 28.71 81.67 85.773 53.559 29.929 20.984 83.816 68.848 32.757 71.579 84.409 32.334 93.894 42.359 21.021 77.163 27.938 1.0
87.031 37.125 88.55 80.402 49.432 28.836 30.765 76.795 70.118 22.635 78.33 80.647 41.179 85.584 34.834 23.715 82.132 21.683 1.0
75.795 29.172 83.594 80.497 56.289 26.438 27.284 77.933 79.101 22.741 75.098 86.837 37.818 93.566 45.25 20.243 84.274 17.518 0.0
84.294 23.85 89.991 82.753 42.404 23.274 24.154 80.364 83.159 34.82 83.231 80.772 35.049 87.71 38.543 31.536 78.147 15.367 1.0
81.672 34.103 83.367 84.216 54.398 31.591 16.174 73.074 73.546 23.145 78.178 75.34 39.709 82.305 34.285 31.748 80.194 16.501 1.0
90.392 37.482 87.52 82.02 43.942 24.68 19.429 80.229 77.522 24.575 76.222 81.478 45.574 88.578 29.722 20.465 85.774 17.421 1.0
75.024 34.864 86.505 83.936 42.326 20.538 17.877 68.133 74.319 28.961 71.491 77.888 46.063 83.096 29.471 28.354 78.71 15.542 1.0
89.435 38.307 93.191 75.3 52.581 31.927 23.338 80.215 70.23 29.288 72.471 80.239 33.796 92.439 29.622 32.818 83.467 24.219 1.0
79.01 39.41 94.904 75.946 48.86 32.44 16.984 81.009 81.289 38.07 73.241 81.68 34.019 85.961 30.323 19.114 79.281 16.048 1.0
86.021 25.312 93.756 79.934 52.917 20.0 27.504 70.707 69.571 31.641 75.145 79.369 31.046 85.403 33.013 24.054 88.689 24.203 1.0
77.807 30.294 82.25 73.866 45.593 23.834 29.621 81.01 75.142 32.313 84.923 74.824 43.022 88.117 33.156 24.636 83.726 24.233 0.0
75.65 24.561 89.796 78.456 51.159 29.205 20.346 69.546 77.957 31.326 71.717 78.52 40.474 89.132 39.665 19.897 84.593 24.403 0.0
85.979 38.507 94.964 87.378 54.213 20.809 19.454 71.961 78.368 23.059 86.236 79.802 44.741 79.356 35.923 19.283 82.537 25.386 1.0
79.534 23.637 84.92 81.203 46.165 26.182 28.471 73.776 80.907 27.65 82.111 80.194 35.814 89.444 42.634 31.907 86.612 24.608 0.0
78.513 27.013 90.449 79.138 45.09 20.249 17.289 68.799 74.937 31.711 84.85 73.334 44.914 79.219 41.403 32.313 77.738 21.934 0.0
88.879 23.933 96.341 82.353 50.807 23.325 24.144 78.036 74.212 30.044 76.742 82.539 33.442 81.529 45.398 19.66 86.042 15.504 1.0
77.2 30.593 85.419 86.434 53.864 30.942 30.769 70.479 71.489 38.13 79.624 84.977 33.08 84.413 35.522 28.469 85.428 16.181 0.0
88.648 26.965 87.734 76.96 52.631 27.859 22.626 80.103 83.039 24.901 81.228 73.2 35.979 91.025 34.934 19.156 87.696 14.52 0.0
80.443 36.635 88.63 76.428 44.057 24.5 26.75 75.281 68.862 23.075 74.397 79.689 34.486 93.453 33.068 31.976 77.608 16.457 0.0
74.976 34.751 86.482 77.994 47.088 26.96 22.814 76.927 69.859 23.148 83.968 73.899 45.503 82.39 36.119 21.25 86.787 20.021 0.0
76.342 27.242 87.143 80.866 46.279 24.22 22.324 74.214 78.413 37.869 75.508 83.876 38.631 78.884 32.912 23.84 82.623 23.951 0.0
87.469 33.368 86.021 79.258 55.498 31.591 16.437 76.335 71.347 27.126 72.423 84.917 46.195 87.22 35.854 24.585 91.053 13.56 1.0
76.548 32.77 88.289 75.396 55.737 27.848 21.695 71.164 70.202 24.543 79.769 78.955 36.872 93.306 30.246 24.175 87.875 27.573 0.0
85.168 32.848 83.822 74.928 42.378 22.705 24.669 79.4 83.597 29.596 83.788 74.269 43.998 90.794 33.191 25.302 89.252 13.554 1.0
83.821 25.855 91.169 79.951 42.884 33.773 30.861 81.847 72.99 28.305 75.97 75.109 33.224 92.49 42.151 32.726 77.785 26.784 1.0
90.745 34.769 85.885 81.89 44.839 31.719 24.341 69.682 73.318 27.77 86.31 74.874 39.605 83.768 44.686 21.337 78.952 21.775 1.0
90.413 38.352 88.58 73.555 45.366 25.176 16.616 82.003 69.119 30.788 81.268 75.703 36.644 94.467 42.502 18.456 91.327 20.357 1.0
76.449 33.309 96.104 88.049 42.318 20.668 29.689 71.775 71.95 24.876 76.486 73.689 33.912 85.377 36.195 24.246 82.605 21.789 1.0
89.926 30.85 92.026 88.417 52.731 35.535 20.688 77.31 80.781 22.967 71.886 72.9 41.734 85.92 31.606 28.211 85.015 22.222 1.0
86.393 33.046 89.656 85.772 44.928 20.912 16.535 82.012 81.014 23.729 72.989 74.033 33.855 78.835 39.091 32.514 78.33 27.437 1.0
78.659 36.627 90.032 81.252 46.254 30.772 17.391 76.811 82.596 28.429 75.705 80.496 41.35 92.065 33.618 19.609 86.36 17.61 1.0
79.049 35.659 96.363 75.792 50.866 20.446 28.273 79.771 80.863 31.141 74.845 80.941 36.355 93.692 33.583 32.226 78.683 27.81 1.0
88.109 25.261 95.202 77.488 53.583 24.458 24.753 83.303 72.013 31.848 78.355 85.1 31.974 79.29 42.158 23.334 79.077 20.229 1.0
75.097 38.236 82.036 73.324 53.389 24.435 20.901 69.732 82.485 38.048 85.161 73.787 34.98 83.134 32.147 20.832 86.534 27.909 0.0
79.509 27.102 95.021 78.635 42.448 30.138 17.834 72.225 77.712 32.007 71.003 86.662 32.155 79.891 44.391 28.749 81.546 16.568 0.0
80.528 27.569 92.105 80.302 48.661 33.844 27.301 83.211 83.149 34.795 74.517 78.69 31.025 87.45 40.749 24.737 77.276 24.597 0.0
79.982 34.005 88.146 82.468 51.432 35.859 30.904 74.588 71.44 23.986 85.57 73.339 38.613 85.501 43.527 29.661 85.876 14.314 1.0
85.795 32.784 96.842 79.864 49.839 22.052 26.295 82.774 79.149 38.223 73.062 84.189 46.593 83.883 38.599 18.504 92.16 19.249 1.0
86.27 33.215 84.23 79.302 42.086 31.591 24.676 77.091 80.965 22.599 84.474 76.803 34.751 80.481 30.598 28.51 78.37 20.419 1.0
75.743 24.387 93.074 78.988 47.704 24.399 16.945 70.307 81.728 27.695 72.764 80.907 36.734 93.886 35.66 31.421 90.051 16.44 0.0
82.997 32.278 91.391 80.158 44.045 27.875 16.171 80.816 77.06 24.884 75.163 76.536 42.782 83.445 35.68 20.023 89.736 26.11 1.0
80.123 28.959 87.571 85.121 45.479 28.307 24.83 69.301 73.704 36.414 82.298 74.884 39.424 93.665 35.018 21.116 90.895 24.54 0.0
76.446 32.692 91.313 84.113 54.449 22.267 28.594 76.866 77.389 28.951 82.914 80.2 31.572 87.632 44.634 22.286 91.696 21.259 1.0
80.888 35.683 94.403 76.869 47.775 32.721 24.748 79.898 75.706 30.129 80.805 81.197 45.813 93.568 33.952 25.104 76.844 22.372 1.0
88.025 29.828 93.06 88.946 51.299 32.329 30.429 71.249 70.342 27.658 83.906 81.197 36.64 81.647 43.762 23.968 85.422 19.789 1.0
86.607 34.953 85.773 80.822 54.304 29.445 21.097 71.654 71.032 30.112 84.526 74.908 39.445 81.705 44.419 24.56 81.543 17.24 1.0
89.572 38.954 83.999 74.674 52.089 24.113 25.616 71.577 69.547 35.728 81.27 86.929 41.58 79.868 31.484 24.71 80.981 17.258 1.0
81.909 27.87 96.874 75.58 49.896 35.648 24.691 67.917 78.976 30.257 77.491 78.173 37.635 88.75 34.369 30.565 80.874 14.982 0.0
79.04 26.228 85.569 84.623 42.026 22.46 21.197 73.024 78.834 24.59 86.582 86.553 35.637 86.064 30.504 28.225 85.453 24.092 0.0
82.011 24.067 91.413 87.333 43.231 29.539 17.244 68.521 83.053 33.684 77.163 77.745 34.231 93.132 35.217 26.904 78.866 14.43 1.0
85.074 38.465 84.882 76.342 49.855 32.051 28.652 82.713 83.379 28.843 78.053 74.688 42.712 90.165 36.603 31.897 85.552 19.406 1.0
84.097 31.152 96.211 79.915 43.217 24.025 23.665 75.284 75.681 32.578 75.391 75.59 41.775 90.161 41.889 24.765 85.254 14.715 1.0
77.327 33.166 83.748 86.331 43.253 25.106 28.702 82.488 80.284 34.558 85.371 81.985 43.531 93.431 34.658 18.967 87.62 27.677 1.0
78.429 31.247 95.576 78.713 52.681 29.55 21.537 77.224 71.868 37.988 83.748 77.238 40.339 90.964 44.36 17.777 89.074 28.846 0.0
77.374 33.29 83.681 88.216 51.393 30.069 23.218 80.516 77.252 37.46 77.422 80.344 33.002 79.629 43.139 29.772 82.918 19.427 1.0
76.574 28.523 96.141 74.284 56.263 25.111 27.133 75.203 82.132 32.356 76.293 76.943 40.481 89.818 31.152 20.882 79.79 15.005 1.0
75.945 25.561 95.483 81.686 46.909 32.338 22.25 77.399 71.332 33.161 72.477 80.443 39.635 89.609 33.413 26.896 80.605 16.752 1.0
86.342 27.454 95.607 77.643 49.197 32.705 19.086 79.213 80.062 28.112 74.321 78.117 39.077 86.692 45.069 21.317 86.204 26.22 1.0
81.829 35.863 96.404 80.082 56.804 28.24 23.855 73.597 73.384 26.67 77.729 77.667 42.04 90.126 33.161 28.341 79.647 18.618 1.0
79.235 29.237 96.502 81.095 50.821 27.172 26.949 83.145 70.13 23.738 84.373 79.391 41.753 89.709 35.007 30.458 84.238 18.388 0.0
84.972 28.623 85.123 77.455 49.672 23.505 27.128 67.977 68.116 25.281 74.844 83.418 41.691 88.063 36.491 23.641 90.964 22.904 0.0
87.877 28.983 85.024 73.28 54.715 20.918 17.175 79.306 80.508 29.533 78.881 74.207 37.279 92.949 29.988 24.103 79.879 19.894 0.0
81.225 38.21 96.43 81.676 53.28 26.879 22.159 83.865 70.576 34.957 80.483 80.489 31.366 82.834 32.987 25.763 80.173 27.646 1.0
86.901 36.483 92.941 77.293 56.468 22.901 28.313 80.308 68.574 28.132 82.833 72.401 39.079 92.067 32.718 25.069 82.364 18.215 1.0
82.366 25.906 82.829 88.506 51.562 33.018 27.804 71.863 74.578 34.342 74.961 78.775 38.383 81.63 39.007 24.135 81.722 14.104 0.0
81.753 33.849 96.062 80.571 55.965 32.208 21.003 68.805 74.028 32.175 85.333 83.138 40.683 79.375 32.404 31.099 79.473 18.387 1.0
75.998 27.152 94.88 83.869 55.845 25.915 18.391 74.301 79.93 37.823 73.457 80.021 41.806 80.519 45.06 17.891 80.197 28.01 1.0
78.733 24.111 87.555 77.443 48.325 29.693 23.499 76.439 76.642 28.939 72.508 80.011 39.306 79.631 34.147 22.201 91.07 18.479 0.0
81.531 30.24 95.364 77.134 48.097 23.123 27.26 72.787 73.847 29.02 78.428 72.244 35.669 81.786 43.765 27.347 83.469 15.988 0.0
87.374 37.346 83.568 80.166 43.832 32.766 18.427 73.641 80.399 27.283 82.33 71.884 37.833 83.52 39.226 21.787 79.524 28.033 1.0
76.069 27.69 87.623 79.184 53.569 30.668 18.696 81.91 75.229 38.152 76.58 80.624 45.28 84.608 30.191 18.859 83.075 28.028 0.0
90.44 24.737 90.445 80.573 48.714 25.229 24.878 70.966 68.17 31.078 78.198 75.407 33.576 78.842 41.334 33.62 85.169 28.202 1.0
83.751 38.412 85.395 74.848 54.125 23.606 26.385 83.271 78.808 35.245 84.352 72.458 40.339 84.016 31.281 23.569 80.05 17.723 1.0
89.546 33.694 89.701 74.822 44.675 21.906 16.563 81.129 68.62 23.171 81.608 78.215 35.108 85.472 39.836 25.349 87.08 28.202 0.0
75.412 24.129 82.465 74.683 43.7 24.99 16.489 81.492 78.598 38.484 73.675 75.283 43.227 85.901 43.959 22.555 87.233 15.125 0.0
88.271 24.509 85.046 82.465 45.23 35.643 24.91 74.139 79.256 31.495 80.969 76.37 36.076 86.711 37.73 21.704 82.984 28.029 1.0
83.585 37.869 87.566 85.915 56.706 35.122 26.681 74.126 67.64 25.828 76.2 85.386 31.265 84.708 39.528 26.31 88.395 16.453 1.0
80.862 39.133 91.086 86.245 43.045 32.672 26.042 80.692 68.022 30.526 73.192 81.408 34.355 81.845 40.632 24.428 86.59 21.169 1.0
89.447 35.293 89.174 76.744 53.191 23.191 21.179 74.943 82.673 31.933 75.157 79.356 34.835 89.291 40.135 30.098 77.279 13.127 1.0
86.917 29.513 87.543 77.066 52.378 25.953 18.024 80.344 76.91 26.62 84.443 75.366 43.283 87.597 34.096 23.839 88.646 26.002 0.0
84.606 31.41 84.29 75.252 51.348 28.846 28.039 75.665 80.989 31.898 79.151 78.321 34.316 88.814 30.917 26.734 90.261 16.648 0.0
87.476 23.641 93.079 78.613 48.064 24.465 28.049 68.49 77.878 34.159 83.121 86.958 45.808 84.717 45.176 19.268 87.593 16.661 1.0
80.504 31.41 90.252 74.233 52.711 23.716 19.866 78.385 81.157 30.717 72.936 86.985 44.571 81.113 41.662 29.538 91.641 14.488 0.0
87.895 37.689 92.401 82.773 47.354 24.43 31.783 71.288 68.354 34.427 81.315 80.237 37.326 81.476 30.117 20.247 85.737 23.497 1.0
86.405 37.837 89.996 88.667 52.694 33.734 29.775 68.624 69.761 24.023 73.978 76.3 36.275 88.594 41.15 25.044 78.029 21.111 1.0
88.037 35.519 81.165 84.853 57.496 22.013 29.457 80.495 79.205 31.212 83.495 75.259 37.825 78.845 30.215 31.57 90.459 15.793 1.0
89.694 30.762 83.984 75.124 55.212 28.505 19.091 69.488 80.25 33.769 85.975 80.106 35.635 92.528 37.455 20.383 86.083 18.681 0.0
84.245 36.53 86.135 79.306 43.488 34.113 24.36 69.768 76.636 36.957 78.348 74.785 32.448 86.467 43.788 21.851 77.492 14.109 1.0
76.621 25.082 94.062 80.071 43.997 35.11 20.372 81.247 70.392 37.143 84.249 73.316 36.557 86.867 35.306 30.726 85.377 18.212 0.0
79.216 36.259 81.536 78.652 47.079 30.821 16.61 72.241 72.802 31.366 74.754 87.554 44.156 91.141 33.623 28.487 85.052 15.923 0.0
89.919 36.098 90.155 82.631 52.117 33.567 27.638 69.747 77.029 24.122 73.672 72.232 44.656 90.679 37.911 26.884 92.209 27.937 1.0
75.593 24.533 92.245 83.395 53.901 26.392 19.334 78.753 79.176 35.429 85.072 85.572 33.237 86.409 35.462 27.835 83.748 14.851 1.0
78.867 27.225 87.533 76.957 54.576 22.918 27.358 80.623 77.73 25.214 72.222 75.922 35.285 83.095 43.879 25.006 91.245 24.06 0.0
83.418 34.014 96.805 80.695 47.746 21.033 28.185 83.241 77.106 35.697 80.85 79.584 31.69 80.392 42.554 25.589 85.4 20.277 1.0
77.249 25.294 92.262 88.327 54.4 23.443 24.893 75.234 71.498 29.203 74.879 74.181 33.459 83.776 35.692 28.162 85.794 18.585 1.0
81.395 37.608 91.225 81.231 52.001 21.563 20.711 77.517 79.954 24.397 77.019 73.036 31.872 92.381 43.939 31.516 81.718 17.163 1.0
77.224 39.319 84.833 83.053 53.741 33.894 22.102 70.377 71.01 34.923 77.372 80.789 37.352 91.689 36.48 31.559 76.973 24.952 1.0
83.066 37.259 96.914 86.122 46.859 27.073 17.411 82.939 80.003 26.509 77.897 72.386 42.951 86.483 34.927 22.496 77.668 19.705 1.0
78.07 31.146 86.826 78.717 41.679 28.527 19.238 72.985 75.228 23.647 80.874 80.783 44.03 91.679 30.747 30.945 90.468 27.25 0.0
88.36 26.143 91.164 86.568 48.718 35.896 18.524 78.759 74.059 24.878 82.949 77.686 32.706 90.144 30.819 30.648 88.793 24.685 1.0
76.901 29.229 89.482 74.403 48.709 26.473 18.841 76.314 80.196 30.629 72.788 77.162 37.602 85.832 37.141 22.212 76.543 25.205 0.0
88.976 30.753 96.976 84.753 52.208 25.001 24.522 69.798 75.043 25.05 78.182 77.74 40.895 88.532 38.208 20.5 82.207 13.795 1.0
89.484 27.464 95.83 80.628 41.969 32.966 16.339 71.533 78.435 29.16 81.256 76.349 35.478 85.922 39.062 29.47 86.399 22.95 1.0
81.945 35.775 82.337 73.836 48.022 22.706 18.347 72.352 78.394 30.661 81.149 80.725 43.452 88.141 33.107 30.607 82.305 23.715 0.0
88.326 26.801 83.159 78.858 43.25 21.216 20.549 78.556 70.69 32.187 86.291 74.882 31.237 89.71 43.821 32.63 83.931 27.67 0.0
80.029 28.955 92.901 83.813 48.502 30.223 18.18 68.507 71.776 37.089 73.144 74.616 37.883 88.734 35.711 22.454 82.828 23.803 0.0
85.961 37.007 92.537 74.068 54.393 20.45 22.342 75.742 83.435 26.206 78.523 77.761 43.013 93.985 31.039 18.42 84.611 27.223 1.0
88.154 35.194 96.293 82.876 42.092 21.553 19.652 74.051 73.048 27.752 77.939 86.534 39.719 85.385 44.916 22.663 84.944 24.205 1.0
77.563 38.082 90.826 86.996 47.567 24.857 16.964 77.393 75.813 35.85 75.104 80.268 33.191 85.638 33.164 28.617 87.876 14.397 1.0
77.159 23.777 94.411 86.857 47.936 35.726 20.575 72.084 81.491 34.942 83.997 82.011 42.196 93.842 33.839 18.89 80.997 19.04 1.0
84.565 24.629 86.657 79.318 45.257 35.485 31.949 80.275 79.903 33.066 81.153 78.148 33.449 83.438 33.694 25.734 81.291 25.036 0.0
77.691 31.274 96.26 78.211 45.377 25.161 19.67 72.542 68.785 23.438 85.668 85.863 39.916 93.291 30.034 20.263 81.391 19.804 0.0
85.77 35.095 97.09 85.219 54.09 28.924 19.978 78.831 79.17 29.047 74.033 73.64 44.932 88.528 30.288 24.708 78.015 14.697 1.0
81.956 33.523 82.541 78.817 44.723 29.72 31.285 69.159 75.247 23.908 75.688 87.143 42.911 83.351 45.175 24.592 90.707 13.894 0.0
83.45 25.727 94.223 76.149 51.23 27.841 16.189 75.915 73.132 28.388 74.25 78.748 32.423 93.135 36.856 22.334 79.826 19.682 1.0
85.424 27.684 82.78 86.196 50.598 34.764 28.017 74.527 68.33 28.228 79.452 83.896 36.616 87.699 41.333 20.55 90.471 21.753 0.0
88.344 33.883 82.75 83.0 42.731 21.205 18.133 70.965 68.221 22.912 76.649 77.77 39.779 84.262 33.432 19.923 77.126 25.783 1.0
79.319 27.711 81.118 86.974 46.971 35.873 25.46 71.275 79.144 36.595 77.628 78.163 45.86 82.791 40.029 33.089 90.699 27.474 0.0
84.758 24.159 95.916 75.278 53.001 27.161 27.694 68.367 72.058 29.687 74.382 85.077 45.218 88.542 39.024 29.418 84.296 20.369 1.0
83.301 34.573 96.953 74.511 46.714 30.985 19.891 74.656 68.301 29.552 76.348 74.842 36.904 88.861 31.098 28.79 91.043 14.01 1.0
80.321 25.9 86.81 85.64 54.134 27.565 29.093 76.626 76.259 31.273 81.416 73.166 40.599 87.473 38.747 19.249 86.845 17.55 0.0
76.217 35.62 82.925 84.386 54.173 34.902 30.792 77.325 68.958 25.956 74.425 83.438 42.629 82.007 42.604 28.563 91.775 20.873 0.0
77.25 39.243 85.318 85.524 50.529 28.95 22.731 69.332 82.639 27.241 75.084 86.109 35.628 82.917 44.614 17.83 81.526 26.24 1.0
88.64 34.75 83.745 75.624 52.782 30.42 19.329 68.557 76.499 26.118 79.23 76.566 43.922 89.934 32.441 28.055 78.239 28.927 1.0
80.927 33.808 82.403 80.788 53.974 26.725 27.015 70.193 74.875 30.676 86.13 72.415 39.478 88.764 29.674 18.731 83.586 27.126 0.0
86.96 38.234 94.559 88.13 49.927 29.941 16.022 68.363 69.12 25.784 82.363 79.82 41.742 93.817 36.92 21.156 85.852 13.644 1.0
80.138 25.751 91.015 86.433 48.735 33.492 20.051 81.333 78.25 22.76 85.722 78.436 32.398 80.039 36.056 27.472 87.919 14.511 1.0
85.73 26.446 85.743 86.211 56.622 32.205 18.487 83.195 76.373 33.612 71.61 83.418 41.754 91.969 41.411 28.035 78.488 25.201 1.0
82.542 37.558 90.492 79.815 42.413 34.092 19.481 72.598 80.076 25.65 85.074 75.526 43.798 79.084 32.805 33.393 91.012 21.542 1.0
89.358 28.347 86.723 79.545 47.901 29.372 27.273 72.849 74.02 31.409 80.812 72.222 31.132 80.25 43.005 32.631 80.764 28.964 0.0
90.256 33.327 86.292 86.098 53.049 31.774 23.713 69.003 67.754 34.275 81.759 82.08 39.225 82.836 41.223 27.543 83.652 14.948 1.0
79.623 37.399 81.773 73.204 53.436 30.415 28.017 73.067 75.17 27.012 77.884 87.136 43.512 89.008 40.68 25.934 76.807 28.658 0.0
85.568 38.647 85.959 86.322 52.316 24.482 31.981 83.018 82.978 36.615 81.446 80.628 35.537 88.253 38.551 32.959 90.323 21.611 1.0
81.816 37.62 85.279 73.665 49.144 23.309 16.0 78.626 67.717 32.095 76.013 79.994 36.76 86.403 42.953 18.246 80.986 26.093 0.0
90.656 29.628 95.165 85.234 44.228 32.788 28.34 71.991 81.33 30.623 79.922 80.643 31.215 80.504 36.174 33.269 88.713 22.777 1.0
83.867 37.188 81.227 88.913 43.882 23.297 30.536 75.416 81.829 32.776 76.535 85.488 44.939 85.527 33.21 24.679 83.087 14.636 1.0
76.486 25.966 91.504 87.579 46.338 22.873 31.207 79.027 69.117 37.636 85.841 75.434 32.909 93.077 39.997 29.944 88.126 25.987 0.0
87.124 25.462 94.915 86.821 47.931 34.058 16.856 75.415 74.27 33.124 78.617 82.586 36.378 89.01 39.437 32.181 90.995 27.568 1.0
82.005 35.328 83.338 75.363 52.746 24.57 17.677 69.433 81.771 27.034 74.031 87.723 38.113 78.87 35.798 26.956 80.839 19.81 0.0
89.932 30.156 87.823 78.387 56.018 20.643 19.011 70.693 76.449 36.303 80.832 73.789 45.353 90.469 38.908 31.147 87.548 23.583 0.0
78.545 31.1 85.052 85.417 47.042 32.158 18.352 71.415 75.454 28.576 74.867 82.647 36.526 86.126 31.116 18.437 86.764 13.743 0.0
75.071 30.471 82.682 87.703 54.389 26.969 19.961 79.911 77.055 31.618 76.078 76.655 41.923 79.931 30.581 22.563 77.25 15.084 0.0
85.643 35.995 81.152 79.962 56.65 22.368 18.427 76.007 76.97 23.997 73.016 85.903 44.066 84.154 36.284 23.536 76.673 17.572 1.0
85.123 37.152 88.795 78.481 47.014 24.74 24.739 71.106 81.001 28.741 76.291 84.279 43.815 86.013 30.638 24.067 80.453 18.892 1.0
80.385 29.546 81.451 75.496 43.541 24.5 23.332 80.836 81.44 33.586 71.357 87.773 45.676 87.647 33.518 18.714 80.299 13.376 0.0
85.64 33.851 92.489 86.255 45.319 25.071 28.21 82.13 71.945 37.697 85.767 83.912 37.637 78.951 34.288 18.557 78.198 13.966 1.0
86.486 36.39 96.042 87.809 54.301 22.503 28.03 80.973 76.215 27.87 86.002 86.937 44.599 92.932 34.118 33.44 88.869 24.671 1.0
87.643 27.402 85.972 77.416 53.854 23.096 24.522 76.316 78.439 35.468 85.155 81.904 37.755 80.158 33.565 18.276 78.797 19.2 0.0
82.995 24.496 86.845 79.361 53.561 25.193 28.217 70.906 78.926 37.771 84.538 79.109 32.73 85.374 29.65 18.692 90.131 23.68 0.0
88.35 34.255 95.354 82.298 41.747 30.991 22.39 78.768 75.748 31.364 74.991 74.619 33.932 88.883 44.213 30.975 88.085 13.427 1.0
81.175 27.208 87.781 79.595 52.152 24.022 20.455 73.875 80.873 23.13 81.064 72.133 33.463 81.533 33.529 22.066 91.828 21.057 0.0
84.963 35.874 82.74 75.103 50.192 35.514 28.429 70.661 68.905 36.334 83.027 77.974 38.497 82.572 32.891 26.371 88.304 20.407 1.0
77.693 25.084 84.877 73.509 43.28 30.279 31.318 81.595 69.552 37.954 84.247 80.672 31.683 94.247 44.147 23.769 80.524 16.528 0.0
78.382 27.146 95.483 86.414 57.548 35.099 27.973 81.62 75.36 35.981 75.791 76.105 44.763 86.235 40.829 31.275 80.474 17.741 1.0
75.13 27.52 86.665 88.238 49.791 35.88 21.892 80.494 67.926 27.787 81.423 76.443 34.0 91.077 34.019 30.628 87.739 14.076 0.0
90.287 36.784 81.19 82.911 54.484 22.881 22.992 73.654 80.484 31.49 84.931 83.356 44.776 86.046 32.001 23.624 78.204 22.109 1.0
83.061 39.266 93.904 83.583 48.884 29.526 16.767 73.186 74.021 27.416 81.886 74.894 31.57 80.691 44.139 18.6 76.59 16.317 0.0
78.327 27.881 92.19 87.593 49.179 20.862 17.861 79.224 78.143 30.836 81.294 81.936 46.212 90.226 42.189 26.903 91.213 14.361 1.0
87.862 25.852 87.64 80.443 57.391 24.15 27.735 72.607 74.872 35.678 79.25 85.741 34.958 84.695 39.012 19.982 83.061 20.679 0.0
77.899 37.388 83.036 81.774 56.959 33.683 30.511 81.003 74.151 36.553 78.716 78.856 46.731 81.114 33.513 24.763 89.86 18.09 1.0
86.736 29.522 95.779 78.728 44.002 20.325 26.047 74.629 80.906 38.158 81.543 86.92 33.582 84.714 43.209 30.586 89.629 21.21 1.0
88.271 25.691 89.419 76.579 44.933 24.007 23.354 76.148 67.609 27.467 81.499 82.733 45.361 80.71 39.592 29.564 91.198 27.071 0.0
81.57 33.972 96.78 78.483 52.357 23.107 27.616 82.276 68.78 32.014 74.686 79.967 31.821 87.023 37.173 24.114 90.397 17.074 1.0
75.106 30.325 95.11 81.856 47.353 26.311 27.786 77.685 70.238 33.235 84.585 82.527 40.096 92.718 36.507 33.423 91.084 26.274 1.0
90.512 29.173 82.115 75.237 44.709 34.612 17.16 77.689 79.93 30.194 80.115 84.188 45.821 92.216 35.732 31.345 82.644 26.741 0.0
90.419 25.08 84.078 81.321 47.017 21.201 27.174 83.103 76.485 37.948 72.352 77.565 32.377 89.423 41.222 18.993 77.817 22.159 1.0
84.859 34.847 90.604 78.119 46.411 28.411 27.163 80.849 70.558 22.697 71.043 84.508 40.54 82.981 33.543 27.949 89.97 17.14 1.0
78.019 34.273 81.679 87.823 41.826 25.437 29.852 81.942 81.022 26.379 82.595 72.997 46.398 85.32 35.673 26.522 89.553 22.503 1.0
89.105 36.453 94.685 85.705 51.953 31.243 27.986 80.659 82.583 35.405 76.63 78.4 42.282 87.549 40.742 33.658 81.966 22.556 1.0
81.151 33.355 94.497 79.602 55.835 27.279 26.146 71.474 76.279 30.038 72.212 85.556 43.95 88.721 38.407 17.774 80.449 28.447 1.0
79.014 23.816 92.267 83.117 49.002 24.647 28.615 69.44 80.186 25.341 81.929 81.728 46.617 84.221 39.63 25.977 88.646 16.289 1.0
82.157 32.552 86.668 81.391 53.972 30.964 27.056 82.317 70.139 26.346 82.384 76.249 33.523 80.288 30.198 20.615 82.162 26.512 1.0
82.109 32.85 95.292 79.692 50.25 28.739 26.791 82.824 80.331 27.428 73.005 80.205 32.406 87.676 38.05 33.483 90.056 18.038 1.0
79.724 29.785 81.971 84.538 49.384 29.978 24.607 75.923 83.203 29.301 84.78 72.55 40.771 92.467 29.616 32.607 91.113 19.363 0.0
82.641 37.02 85.451 84.241 56.823 34.549 30.544 77.781 68.05 35.044 74.128 78.445 40.969 88.589 42.378 27.007 77.085 15.42 1.0
80.641 29.864 89.455 83.504 55.375 20.307 30.732 74.787 83.019 24.233 76.369 79.945 44.872 79.066 35.813 31.01 91.715 18.654 1.0
86.51 31.034 92.652 75.628 42.792 31.909 16.266 75.077 77.231 32.414 85.684 75.618 37.538 92.538 39.35 27.693 77.488 14.967 1.0
76.795 26.002 81.574 73.476 43.13 23.397 25.023 72.844 68.206 29.489 80.171 80.5 36.88 83.207 37.001 32.545 91.042 28.907 0.0
79.98 31.461 91.222 84.418 52.976 21.139 23.108 81.687 69.428 29.994 80.165 84.378 32.776 89.487 32.274 25.258 85.733 28.683 1.0
77.265 36.678 95.009 74.771 42.31 33.761 24.634 76.875 70.55 38.268 76.516 79.922 40.303 87.689 36.158 24.248 81.464 26.307 1.0
81.971 27.567 90.261 77.962 43.129 31.01 18.276 74.01 79.349 27.948 85.27 78.769 42.17 92.501 30.575 27.581 88.691 19.846 0.0
80.387 29.155 83.419 83.503 49.438 31.053 29.736 70.219 73.563 27.391 85.83 74.531 40.777 89.914 29.826 20.956 76.973 21.967 0.0
81.158 24.081 91.655 85.432 44.058 26.649 23.576 83.84 78.555 38.138 74.958 84.97 34.677 88.855 34.821 31.391 85.812 22.438 1.0
89.564 29.594 89.159 75.505 47.066 34.528 16.578 77.342 70.207 34.666 85.838 73.386 36.226 85.061 35.277 32.652 81.567 16.393 1.0
86.134 34.035 85.687 88.624 52.535 23.389 21.01 73.507 81.975 26.782 83.75 83.22 40.652 85.516 35.137 30.762 85.295 27.941 1.0
87.35 28.677 92.633 87.687 47.888 24.664 16.085 80.936 75.436 35.55 80.991 81.644 40.792 85.664 30.337 27.734 89.237 28.823 1.0
81.579 25.359 90.711 84.491 53.472 34.649 26.089 68.402 82.094 28.847 82.428 80.653 36.991 90.458 31.797 22.359 89.699 27.677 1.0
80.617 26.493 93.526 79.76 52.522 23.87 26.863 80.039 72.715 29.052 85.963 81.876 35.684 87.408 31.446 21.935 91.327 16.909 0.0
83.339 34.187 96.107 78.884 47.362 24.32 24.27 69.109 74.133 35.971 74.205 84.377 35.317 85.319 36.302 31.546 84.3 27.857 1.0
76.202 33.623 93.263 88.369 56.735 23.989 26.347 80.579 76.868 36.432 74.329 86.563 35.089 79.873 30.587 19.958 76.925 21.443 1.0
77.475 30.591 89.472 79.426 44.302 20.083 25.781 75.118 75.854 38.047 79.663 77.742 42.537 79.982 29.797 20.16 81.892 19.644 0.0
82.078 25.905 96.787 79.847 53.506 28.812 31.839 71.943 72.795 37.577 77.961 76.649 37.711 88.253 35.573 18.053 84.318 28.979 0.0
85.234 31.004 95.74 74.084 48.473 23.039 18.147 76.554 69.235 24.29 85.26 78.17 36.616 82.119 29.538 23.363 79.982 13.148 1.0
86.784 26.289 93.593 84.395 51.265 30.302 30.951 81.574 74.474 38.116 86.834 77.725 43.889 93.293 32.754 19.375 89.504 27.772 1.0
89.808 26.329 86.432 86.62 54.99 28.874 19.023 74.382 68.426 31.236 73.768 76.342 33.272 83.856 31.134 21.623 84.372 22.039 1.0
77.859 32.373 88.652 75.963 46.512 28.066 17.409 70.3 69.9 30.783 86.206 87.755 31.975 90.149 32.279 22.608 88.234 23.965 0.0
74.876 32.045 91.314 84.474 43.172 35.256 31.538 72.645 76.663 24.958 78.405 74.547 45.194 83.486 38.663 20.236 88.988 27.975 1.0
84.949 31.239 84.101 86.571 48.695 24.603 29.306 77.692 75.357 26.216 86.308 72.98 44.729 89.501 34.282 18.818 82.562 16.275 1.0
83.316 37.594 82.329 88.217 52.353 22.372 18.697 69.432 77.595 38.133 73.8 76.218 32.636 81.398 36.382 28.606 87.621 15.177 1.0
88.735 28.327 89.115 86.242 46.405 32.927 25.796 77.792 67.917 29.493 81.248 80.844 31.624 83.228 44.575 24.144 90.007 25.348 1.0
81.128 28.063 81.791 85.702 57.299 33.656 21.32 80.135 71.053 25.695 71.96 72.569 34.127 81.868 34.837 26.211 82.813 15.173 1.0
86.104 32.043 96.103 74.211 44.212 25.464 19.882 76.114 76.127 28.012 78.237 76.886 44.251 89.943 39.34 33.409 84.035 19.105 1.0
87.439 23.677 85.495 87.876 42.264 20.307 17.945 76.839 77.982 26.363 84.216 73.822 39.467 86.444 41.921 25.506 83.158 14.034 1.0
81.959 33.047 82.492 86.898 53.278 20.847 27.206 72.899 69.368 34.857 73.542 76.932 35.052 93.157 38.228 26.139 80.352 20.077 1.0
87.516 31.317 89.875 86.379 44.298 34.123 24.921 75.268 83.103 29.154 73.934 80.764 45.487 90.589 35.845 22.464 87.716 13.488 1.0
88.26 26.826 86.357 88.801 44.418 35.616 22.09 69.495 77.033 24.038 79.656 75.622 32.0 81.311 31.178 29.861 90.554 21.196 1.0
85.766 28.316 96.635 75.24 50.267 35.411 20.004 83.755 67.844 24.779 80.926 72.761 38.193 80.602 34.534 30.229 89.604 20.339 1.0
80.011 36.14 96.841 77.2 57.589 32.497 19.733 83.141 67.843 34.325 86.83 87.539 42.251 81.775 37.505 33.193 85.267 25.205 1.0
88.663 31.669 94.757 87.832 55.673 29.089 28.706 81.152 78.925 33.797 86.197 86.866 31.936 81.428 32.147 18.191 84.177 13.576 0.0
75.765 31.391 84.563 74.516 49.371 22.126 18.144 69.077 68.195 22.638 73.987 73.655 41.723 82.091 33.339 28.351 78.796 24.449 0.0
88.791 28.334 88.898 82.936 56.991 22.873 30.39 79.626 72.94 37.905 72.734 84.356 42.787 91.031 37.176 18.899 80.435 16.395 1.0
90.626 29.37 94.492 79.842 47.821 32.95 28.299 70.548 74.892 36.665 76.558 86.076 45.919 82.024 37.932 20.802 83.921 23.73 1.0
87.589 27.834 93.977 77.545 42.031 31.764 29.288 70.722 70.87 22.512 80.991 76.81 32.333 92.138 30.846 25.982 85.179 26.253 1.0
87.355 34.451 84.284 75.637 56.645 35.078 28.816 77.599 74.269 33.428 85.058 77.433 38.4 80.709 31.334 25.455 79.602 27.905 1.0
89.832 35.585 88.673 83.898 48.562 28.09 17.296 79.215 81.745 31.341 74.817 72.102 35.219 88.145 43.531 29.757 85.907 27.605 1.0
76.107 32.179 83.29 76.391 47.331 34.781 21.372 81.038 70.194 32.437 81.845 77.999 41.602 85.842 38.205 32.179 80.48 20.159 0.0
85.103 31.868 95.384 75.308 45.517 32.962 18.44 81.721 70.612 28.84 73.079 79.019 32.393 94.164 36.502 22.324 77.294 17.745 1.0
87.052 35.167 88.88 82.039 51.637 27.219 31.7 81.799 70.404 34.363 71.386 80.769 32.046 83.857 43.242 20.408 84.607 28.945 1.0
86.909 26.799 92.367 75.017 56.153 27.495 18.669 75.563 69.473 34.951 85.897 73.339 37.235 85.504 43.827 24.301 86.066 21.023 1.0
81.282 37.585 84.714 77.276 43.629 35.612 26.239 76.326 81.069 27.548 79.555 72.594 46.684 84.642 32.571 17.881 86.133 22.63 0.0
82.487 30.866 95.186 82.025 52.409 23.404 24.599 74.075 74.362 36.225 73.1 75.538 33.137 93.54 38.512 28.305 80.736 20.168 1.0
81.121 31.192 89.999 76.328 51.196 30.142 24.32 82.227 78.651 34.072 79.911 85.074 33.226 93.745 36.792 18.721 88.025 27.463 0.0
88.619 32.485 82.769 85.133 48.594 25.784 21.302 74.157 72.307 22.704 71.911 75.661 37.704 83.107 44.449 33.321 90.081 27.896 1.0
88.08 35.392 83.579 76.593 45.065 28.134 26.3 70.324 83.045 30.956 84.724 73.374 36.751 92.287 32.728 18.944 84.025 19.015 1.0
86.663 34.96 94.56 83.838 56.349 29.587 25.148 80.694 78.922 23.183 82.751 82.079 45.29 93.918 30.214 31.381 81.261 16.721 1.0
76.161 39.368 84.546 88.545 55.407 25.375 26.092 72.43 71.111 23.373 80.364 72.133 39.929 83.076 31.029 21.011 80.111 26.484 1.0
80.724 35.061 92.598 75.57 44.232 35.882 28.779 68.785 77.886 34.12 82.565 83.39 44.463 92.643 38.654 18.801 87.533 14.241 1.0
87.381 33.388 95.048 79.889 51.689 27.14 26.857 76.454 78.433 30.766 78.423 79.953 40.178 91.796 37.434 29.539 78.727 20.024 1.0
77.325 36.828 81.367 75.306 42.793 22.133 19.949 68.436 76.305 23.888 77.779 83.194 41.312 85.204 31.98 23.726 81.907 28.335 0.0
79.404 30.956 83.237 73.428 52.842 33.181 20.335 69.844 82.23 36.436 85.032 77.498 31.744 81.802 34.782 27.5 85.136 14.115 0.0
83.521 30.602 92.445 78.959 51.079 21.587 18.238 69.818 73.175 31.046 72.345 72.785 33.618 91.412 37.589 25.067 81.239 24.505 1.0
78.078 25.039 96.273 80.224 48.133 29.722 24.234 77.308 69.678 25.231 74.355 75.372 44.343 91.078 39.892 33.654 82.113 14.391 0.0
79.007 29.21 88.391 75.667 46.707 29.086 31.751 76.475 71.798 24.518 73.614 86.492 46.335 91.93 44.07 20.324 85.956 17.87 0.0
90.258 35.777 83.551 84.859 48.877 21.296 25.127 80.691 80.703 29.384 76.74 72.277 38.576 82.798 34.311 28.148 92.023 26.08 1.0
78.057 27.991 83.126 75.078 53.402 35.774 27.568 76.21 73.412 24.858 75.346 79.853 38.076 82.002 36.031 27.441 80.672 20.584 0.0
75.153 32.421 95.757 86.26 51.298 24.84 27.768 69.688 77.644 24.838 85.717 81.31 32.226 78.799 38.665 20.378 86.436 24.117 1.0
79.405 26.871 94.984 88.739 51.419 23.297 16.084 78.356 77.71 28.87 78.723 79.212 31.608 93.057 34.42 33.015 80.457 25.724 1.0
80.034 25.918 90.124 77.318 43.769 27.157 22.437 78.396 72.822 29.543 75.701 75.743 34.483 82.072 40.357 29.536 76.679 21.961 0.0
75.01 25.556 94.81 76.542 48.03 21.588 20.08 70.394 79.22 24.602 73.667 74.568 31.502 92.609 32.052 26.346 81.183 20.574 0.0
80.521 28.271 86.735 82.026 54.643 22.059 24.054 73.207 72.0 35.734 72.999 77.083 45.699 84.215 34.123 31.274 81.794 22.642 0.0
88.93 32.295 89.897 74.709 48.831 28.415 22.156 78.627 81.25 29.13 79.733 79.406 35.651 93.687 42.755 31.435 78.529 22.711 1.0
86.364 28.113 96.165 79.219 54.848 28.734 16.7 70.517 78.63 25.37 74.105 74.911 31.205 87.968 43.36 31.476 80.899 19.524 1.0
90.389 24.39 93.359 89.034 53.977 23.374 26.813 78.681 74.15 32.28 77.072 79.633 36.883 83.113 31.949 22.132 86.164 18.213 1.0
78.196 32.993 83.556 84.573 45.028 28.885 20.13 80.762 76.746 24.725 86.451 77.817 43.889 82.021 34.874 21.978 91.411 25.895 1.0
79.739 28.259 90.834 73.852 47.271 32.583 18.481 80.857 74.425 32.625 83.013 81.876 37.953 85.174 30.55 31.876 86.951 26.421 0.0
78.607 29.93 87.78 84.219 43.758 30.083 23.104 79.391 72.558 22.939 80.755 77.769 33.904 88.581 40.005 25.908 79.949 19.763 0.0
83.419 29.473 94.129 74.925 43.751 34.776 24.846 74.522 82.372 27.085 72.627 79.351 34.636 84.285 43.848 26.562 87.026 23.157 1.0
90.509 38.423 88.912 75.046 48.829 20.815 18.164 78.314 74.093 25.059 84.842 80.178 41.032 81.809 34.71 24.749 85.153 13.413 1.0
78.09 24.72 88.849 76.399 52.07 30.349 31.66 78.666 80.196 29.907 78.076 83.652 41.148 87.196 33.389 32.605 90.008 17.923 0.0
81.925 32.82 96.906 84.293 44.496 27.813 27.132 74.799 76.057 29.802 80.448 85.968 32.419 82.474 38.329 26.438 85.119 19.097 1.0
79.343 32.958 82.995 85.199 41.857 31.558 27.271 81.468 82.55 27.994 78.451 73.315 32.945 79.052 39.404 25.474 86.24 27.643 1.0
87.234 28.986 93.749 83.626 43.475 24.492 18.073 80.207 76.404 22.695 76.815 75.709 44.572 82.052 42.566 33.05 84.125 25.065 1.0
88.233 31.937 84.281 87.145 52.129 21.734 17.571 82.49 70.103 24.779 84.42 87.314 32.186 85.712 33.751 18.653 80.922 20.22 1.0
90.022 35.324 96.633 74.182 46.129 33.594 23.874 76.094 68.13 28.436 77.451 75.587 33.974 87.089 30.032 26.131 92.267 20.474 1.0
89.15 35.04 85.71 85.432 48.384 21.842 22.995 72.157 73.423 24.392 73.81 76.024 34.687 83.685 42.155 32.733 77.516 24.513 1.0
88.653 34.844 92.06 76.371 55.745 30.316 20.259 73.55 74.143 35.428 77.831 84.815 31.602 89.149 39.112 31.73 80.817 15.639 1.0
84.116 24.659 91.649 84.935 54.815 30.101 19.374 68.12 72.061 31.732 82.089 78.258 34.19 93.504 43.169 30.019 92.443 26.205 1.0
87.167 33.53 90.875 88.815 48.994 26.694 29.406 69.002 76.195 28.677 77.627 78.728 39.502 92.029 34.202 28.177 78.501 14.956 1.0
77.255 31.481 81.257 76.826 50.781 33.014 27.575 72.725 67.725 23.597 77.752 85.412 43.43 80.367 36.733 33.525 90.813 22.516 0.0
74.936 30.286 86.145 85.68 54.438 32.34 22.378 73.652 74.908 35.302 80.724 84.59 44.282 91.479 37.996 18.879 91.719 24.688 0.0
75.765 38.156 92.675 76.608 42.975 23.828 19.775 78.448 82.113 38.446 85.952 73.918 36.617 89.062 34.991 30.218 90.553 14.519 1.0
87.505 33.901 92.453 81.429 51.943 33.246 21.236 72.513 81.606 23.002 81.97 87.112 32.85 92.995 39.181 17.943 83.192 16.233 1.0
76.907 28.593 88.519 75.473 50.818 28.533 30.941 68.143 67.615 35.729 72.168 81.987 35.633 82.577 29.668 33.208 83.879 24.394 0.0
87.83 25.774 93.834 85.112 48.592 30.773 21.595 70.031 73.109 32.433 74.252 81.284 44.519 93.288 30.326 19.887 82.484 19.635 1.0
77.453 25.729 88.14 81.096 48.067 31.9 21.907 79.851 83.583 33.646 75.545 82.312 31.919 93.562 31.532 28.349 76.852 28.613 0.0
83.805 23.751 83.803 83.003 54.468 25.099 19.265 71.899 80.263 26.571 79.215 74.015 36.672 79.38 35.31 29.959 88.747 15.181 1.0
81.36 36.142 93.354 86.954 44.869 22.193 16.933 70.941 68.356 26.763 85.116 74.865 34.086 88.61 38.653 17.92 91.337 17.347 1.0
76.346 30.924 86.829 81.497 47.656 33.736 20.698 81.6 83.0 34.472 84.618 81.707 32.841 80.348 38.385 20.702 87.165 15.213 0.0
83.928 24.408 88.195 77.144 55.626 30.965 26.782 76.002 81.812 30.081 83.226 76.38 43.384 86.009 39.77 18.031 85.213 27.546 0.0
87.831 27.7 85.421 75.877 56.391 20.515 18.557 82.392 82.433 25.591 76.381 73.675 36.701 80.555 30.948 31.438 86.816 20.442 0.0
88.675 36.3 93.879 84.92 44.445 32.148 24.514 72.454 67.706 26.091 83.712 80.866 44.394 93.946 45.032 22.304 85.539 15.989 1.0
81.788 30.906 95.024 77.395 56.554 25.939 19.406 75.949 68.73 27.574 86.255 86.265 31.731 89.193 33.547 22.484 84.162 23.843 0.0
84.926 30.626 84.248 75.534 53.96 35.725 28.0 73.321 72.674 22.78 80.087 82.334 36.884 83.243 40.084 24.103 77.729 16.202 0.0
89.641 30.769 91.419 86.289 50.85 33.917 18.286 79.83 72.744 23.207 81.014 72.817 36.819 86.707 38.286 23.195 77.06 17.905 1.0
80.21 38.307 91.334 89.07 53.786 25.753 16.706 69.048 77.884 33.341 75.935 73.863 38.628 80.925 39.259 18.261 83.445 21.654 1.0
83.555 28.654 93.478 82.756 44.18 31.124 16.85 81.316 82.267 25.95 86.871 86.134 46.123 88.85 35.515 18.569 78.253 24.354 1.0
84.475 31.453 82.287 75.382 56.885 30.725 21.103 81.961 83.152 33.312 84.004 74.478 34.694 88.544 30.192 19.683 92.479 18.241 0.0
81.181 34.18 92.099 79.663 42.32 25.586 19.883 71.059 78.793 37.706 71.772 77.045 30.956 88.87 35.333 26.057 89.137 28.254 1.0
83.312 28.876 81.861 84.127 42.611 35.75 25.138 72.901 77.044 29.223 74.334 84.729 38.984 79.948 35.004 26.227 78.894 13.017 1.0
76.956 34.658 82.86 80.34 54.706 31.403 30.146 83.761 83.42 34.772 72.633 79.421 38.609 88.552 32.209 24.83 86.287 14.809 0.0
81.372 38.921 91.093 79.915 55.697 22.727 23.135 70.74 69.426 27.033 76.416 82.892 37.649 86.416 37.525 19.11 80.197 20.164 1.0
84.902 30.886 95.298 86.696 42.452 21.945 19.638 79.157 76.089 23.277 81.696 77.52 32.387 82.085 34.206 30.921 87.923 16.594 1.0
86.823 38.092 94.557 74.385 52.961 26.575 17.75 80.883 73.173 26.261 82.109 76.695 41.989 90.894 45.349 26.607 90.19 27.014 1.0
84.991 23.886 97.069 87.388 46.303 32.093 19.25 72.97 70.801 25.042 84.885 75.44 36.837 85.841 38.472 18.274 76.947 24.247 1.0
75.906 38.944 89.523 82.67 48.34 33.596 26.103 80.367 77.677 32.374 76.228 79.696 36.982 92.82 35.719 22.505 82.856 21.591 1.0
83.265 28.354 87.099 88.663 51.099 32.983 16.957 71.024 71.627 24.571 76.97 74.779 41.162 92.506 33.792 17.761 77.388 28.771 1.0
81.787 26.096 89.854 84.536 56.859 21.037 27.997 81.007 80.969 35.579 80.673 83.346 35.167 87.572 39.307 31.045 83.819 24.866 1.0
79.725 39.032 93.682 73.945 52.774 31.682 26.061 81.333 80.334 24.67 84.371 81.197 42.61 89.338 31.521 29.896 85.703 18.38 1.0
86.732 29.918 83.29 85.881 47.122 20.162 23.802 82.101 71.042 25.191 74.769 72.835 46.128 84.117 31.027 23.491 88.552 19.825 1.0
83.719 35.336 83.353 76.235 53.897 20.422 18.888 68.779 70.097 23.922 72.611 74.552 38.715 82.936 43.75 23.211 87.722 23.627 1.0
75.013 27.012 94.733 80.047 47.627 27.066 21.122 74.88 71.106 26.199 74.616 87.431 37.824 83.441 33.615 22.14 89.62 26.898 0.0
76.897 39.392 91.429 76.983 53.374 25.557 25.359 77.245 71.304 37.195 78.823 75.701 40.249 83.988 44.183 31.644 80.12 21.296 1.0
78.362 28.08 87.91 73.367 45.67 23.133 26.605 82.118 83.21 34.955 71.705 75.174 44.382 81.626 31.493 26.482 83.693 13.959 0.0
84.533 39.297 81.903 85.59 48.775 25.358 20.27 78.166 79.537 33.265 76.452 85.696 34.915 80.366 34.04 26.495 82.277 17.524 1.0
90.114 35.743 87.373 79.957 51.199 22.741 17.635 79.284 76.17 38.216 81.353 81.64 43.643 92.671 33.091 28.943 92.279 15.138 1.0
83.461 24.593 88.867 81.696 44.458 27.56 21.893 68.922 73.582 28.109 78.445 84.335 42.65 86.432 40.357 21.335 80.01 18.495 1.0
80.218 23.678 81.19 83.216 53.107 25.211 17.115 73.818 74.434 37.893 77.916 78.671 31.844 91.172 29.643 28.289 86.025 23.558 0.0
89.46 38.571 81.793 75.299 50.286 28.521 28.844 82.3 71.647 28.462 76.87 73.711 44.939 88.266 31.78 21.994 88.783 18.732 0.0
86.626 38.826 96.696 79.274 53.819 30.182 21.159 77.235 79.961 37.462 79.636 77.699 35.154 82.585 33.195 17.815 89.816 27.367 1.0
77.717 32.977 95.932 86.393 55.533 21.131 19.122 73.901 75.074 32.175 74.216 80.225 36.382 78.955 41.672 32.945 81.45 25.416 1.0
75.83 36.562 83.404 88.659 55.773 22.642 21.949 77.338 71.419 25.686 82.95 80.217 32.088 83.165 32.751 26.762 78.458 13.682 1.0
77.749 30.263 84.57 82.362 57.46 28.5 25.21 75.611 80.511 23.653 76.108 87.112 44.678 81.176 43.354 28.88 89.063 28.235 0.0
77.693 32.884 95.558 76.892 55.574 21.392 25.61 71.367 79.022 33.625 72.08 75.515 45.796 81.803 42.127 26.048 91.577 28.272 1.0
88.84 28.237 81.112 79.914 57.442 32.477 16.721 68.305 75.651 29.074 81.98 79.455 40.122 81.109 43.803 28.811 80.994 26.493 0.0
90.421 32.4 93.673 77.412 55.15 24.219 27.945 71.666 67.886 26.998 76.272 77.056 43.508 81.872 29.597 22.137 89.334 21.324 1.0
85.253 38.194 86.278 78.7 44.517 34.97 29.561 78.545 67.683 22.935 81.591 86.994 46.757 93.676 37.835 21.183 82.07 20.738 1.0
80.529 34.532 88.813 78.807 53.219 25.553 25.459 77.235 75.118 35.96 71.029 75.343 45.642 89.221 30.828 25.916 85.56 28.283 0.0
82.671 35.527 85.331 77.132 54.756 23.141 27.885 68.147 77.089 28.339 73.097 83.507 43.779 93.148 37.406 19.358 87.692 26.761 0.0
76.995 37.376 89.165 83.65 54.142 31.128 22.373 79.365 77.605 37.154 77.03 83.395 39.448 83.003 31.65 30.82 82.514 21.814 1.0
74.95 28.302 89.838 74.567 48.32 29.036 29.755 75.365 75.415 24.761 78.626 72.1 34.562 94.084 34.553 32.044 80.381 17.822 0.0
75.998 27.012 88.359 79.216 43.31 28.884 26.105 81.885 73.41 25.581 73.212 80.302 37.533 94.3 41.205 23.724 82.297 26.856 0.0
74.884 37.591 81.622 73.703 46.294 33.187 23.374 74.986 71.275 24.117 84.78 85.043 35.247 85.657 44.618 27.068 80.661 24.651 0.0
82.442 39.291 94.187 82.017 51.055 21.129 19.574 83.235 81.815 22.591 84.781 71.81 44.373 92.15 29.893 30.313 82.639 13.047 1.0
81.455 36.321 89.81 77.304 46.871 33.97 29.075 81.448 70.434 32.995 79.79 84.193 33.957 88.484 40.449 32.533 91.577 24.719 1.0
75.364 38.777 84.916 75.026 43.682 22.844 27.785 73.118 77.332 31.882 74.824 73.392 46.09 88.102 32.79 32.497 87.692 13.017 0.0
76.738 26.139 84.468 82.69 45.268 25.242 16.604 82.408 79.519 34.428 86.112 85.074 34.778 83.749 41.945 20.983 82.258 17.723 0.0
82.916 35.876 90.543 75.409 45.248 27.436 24.338 73.197 72.66 37.791 76.313 77.928 32.636 86.762 35.238 29.55 76.813 22.87 1.0
76.362 33.756 88.638 73.436 50.721 31.419 28.491 70.193 73.451 33.15 83.242 81.749 46.41 81.474 33.115 19.197 81.837 15.27 0.0
74.861 36.451 81.329 78.144 52.408 33.263 26.099 78.415 77.104 26.312 73.992 74.09 46.442 80.764 42.488 26.711 84.052 28.979 0.0
79.493 26.061 83.751 84.192 53.824 25.551 24.205 82.709 72.111 37.373 80.873 72.501 35.428 93.276 42.592 21.07 90.531 22.336 0.0
81.652 30.291 93.317 74.322 53.616 29.06 23.889 83.037 82.226 32.037 71.051 72.463 32.287 85.037 38.483 31.484 79.327 25.461 0.0
90.343 25.916 94.631 73.554 45.99 22.194 30.196 80.163 70.431 32.354 72.195 73.512 32.27 93.381 45.291 31.179 80.194 16.611 1.0
89.068 33.304 90.869 86.648 49.067 34.326 21.585 79.572 82.342 29.36 78.467 74.872 46.796 91.543 33.956 24.451 82.506 18.661 1.0
84.043 27.862 86.75 81.319 52.552 34.93 28.172 81.656 72.798 28.599 85.504 87.579 39.384 79.092 31.171 27.652 90.076 16.583 1.0
76.436 30.296 92.327 81.704 48.091 22.03 18.049 80.115 77.231 38.385 82.296 77.32 42.224 82.705 32.441 26.166 90.416 15.151 1.0
85.318 36.575 81.526 81.598 53.022 33.353 29.018 71.804 78.682 33.201 81.871 84.731 39.828 86.982 44.912 28.126 76.571 14.382 1.0
88.443 38.413 93.696 87.552 47.106 29.871 21.216 75.511 67.928 38.453 73.73 79.603 37.418 79.043 33.195 19.982 79.695 27.095 1.0
86.917 36.691 90.068 86.313 44.534 25.606 20.239 80.084 77.589 26.808 85.368 85.416 34.273 93.676 40.638 29.652 91.038 15.85 1.0
89.49 24.878 87.51 78.061 46.102 34.721 28.465 67.99 68.721 38.099 78.824 81.287 44.724 81.033 31.664 24.206 82.906 21.078 0.0
80.451 32.031 85.569 87.492 50.744 20.942 21.958 82.413 68.6 32.925 78.671 75.308 41.254 86.044 38.103 25.028 81.69 22.178 1.0
85.926 25.178 87.509 80.743 46.869 23.7 22.482 69.627 83.371 34.904 80.167 80.273 41.163 81.974 38.963 30.508 87.812 25.315 0.0
78.487 32.288 96.472 80.766 50.875 29.493 29.25 68.82 80.932 34.152 86.692 83.185 33.957 90.41 31.221 24.766 91.27 19.564 1.0
74.892 30.102 94.952 74.598 47.19 31.189 20.94 71.059 69.732 26.272 84.071 83.286 35.927 89.702 31.607 31.815 85.553 25.038 0.0
78.984 33.98 88.502 86.94 55.374 33.637 27.254 79.704 76.453 26.676 80.093 74.56 44.837 78.962 43.681 26.236 91.412 25.306 1.0
86.491 27.655 84.806 82.395 44.595 28.796 18.127 81.017 71.926 29.31 76.355 80.228 34.436 84.864 44.101 18.534 86.319 24.868 1.0
88.107 27.955 87.903 82.336 55.566 26.275 29.425 81.782 78.661 36.156 82.671 76.181 31.181 85.462 30.096 20.186 83.975 25.931 1.0
78.98 33.397 95.271 74.04 42.985 29.282 27.852 79.843 82.782 31.472 86.827 81.495 43.869 78.829 31.016 28.129 88.472 16.462 1.0
85.131 28.093 81.845 84.047 57.347 29.137 19.71 77.933 73.243 24.429 72.694 84.429 32.357 88.378 41.257 33.165 76.501 24.002 1.0
84.341 34.755 85.203 83.462 56.2 23.579 29.981 82.647 78.738 28.664 86.987 83.792 32.275 86.448 45.355 31.743 81.958 26.727 1.0
87.255 38.845 96.675 76.403 51.795 22.917 29.873 74.366 79.723 29.611 82.128 85.771 31.733 81.522 42.322 30.98 84.012 13.389 1.0
90.074 30.243 94.856 81.949 41.97 24.078 28.697 80.178 71.048 24.726 77.445 77.247 39.358 80.415 29.611 33.18 80.745 14.019 1.0
81.715 29.638 92.705 82.632 52.812 24.517 27.688 80.203 72.699 32.449 80.336 77.989 39.287 93.89 37.125 19.12 82.06 20.046 1.0
80.521 34.882 94.965 75.668 45.21 22.97 27.419 83.386 78.914 34.898 79.009 84.548 30.964 80.791 41.608 32.622 85.967 17.644 1.0
86.448 24.752 84.548 83.771 48.133 21.03 16.277 73.382 74.893 29.581 78.194 83.894 36.501 88.458 32.18 23.279 80.384 26.96 1.0
89.438 29.134 88.251 79.802 47.457 32.262 24.774 83.136 75.129 36.832 76.615 84.367 41.872 80.925 30.16 27.3 88.023 20.795 0.0
89.4 26.724 90.333 75.459 45.419 21.758 26.165 76.021 71.584 35.765 81.227 79.166 33.988 91.266 39.966 22.941 88.347 28.791 1.0
86.813 37.399 87.009 83.167 52.623 22.246 16.534 77.449 74.6 33.666 81.984 75.208 37.679 90.096 30.387 18.078 90.399 19.836 1.0
76.032 31.017 95.39 76.324 45.356 31.749 24.213 75.343 67.645 29.778 71.75 71.944 30.992 86.251 40.358 24.044 78.083 18.217 0.0
85.069 28.105 94.05 86.929 45.716 24.343 25.489 69.076 78.989 34.058 86.442 84.341 34.817 83.568 33.453 18.803 79.098 28.518 1.0
75.119 34.824 93.028 83.173 52.213 32.8 24.581 74.651 68.825 29.615 86.412 86.039 38.46 82.639 29.907 19.803 82.583 13.892 1.0
83.874 26.458 92.951 76.391 47.265 35.25 20.634 73.012 76.138 25.176 78.388 84.459 44.034 85.404 41.496 32.278 91.776 27.045 1.0
84.125 35.26 89.335 77.23 48.455 24.609 18.475 79.631 74.346 27.867 84.159 83.133 39.621 87.872 34.464 30.687 84.747 25.877 1.0
80.896 38.824 82.766 75.201 42.581 33.404 20.027 80.264 79.037 25.484 77.927 81.135 44.184 91.978 40.173 31.738 82.13 16.843 0.0
90.432 31.9 81.796 83.703 47.832 28.95 24.249 70.221 70.498 27.344 78.064 74.163 34.618 92.8 29.468 25.77 89.755 14.216 0.0
87.781 24.713 94.585 79.805 56.422 34.189 16.395 69.35 74.851 32.608 78.272 86.127 38.089 82.508 44.724 26.036 89.488 18.837 1.0
85.272 32.922 84.106 86.413 50.292 28.318 27.598 77.38 83.396 35.023 72.873 73.406 37.349 80.63 33.008 22.27 87.799 23.864 1.0
82.978 24.755 81.306 84.733 49.989 26.918 31.628 71.13 83.096 27.029 86.805 78.804 41.35 93.198 32.128 30.048 83.038 19.731 1.0
78.741 32.406 90.19 83.502 41.678 26.549 17.845 78.51 76.923 27.891 74.802 80.506 37.276 85.614 33.16 27.277 91.371 26.586 1.0
80.756 34.168 82.931 75.675 55.961 20.114 31.296 71.896 68.026 28.559 81.82 78.617 35.396 88.906 40.404 25.393 82.001 19.374 0.0
90.78 24.862 90.555 81.094 50.798 27.184 18.386 71.658 74.254 27.841 72.331 73.915 39.068 91.66 38.76 20.852 91.183 16.83 1.0
88.941 35.754 87.839 85.162 53.412 27.817 29.651 81.058 81.914 25.822 72.651 84.419 32.84 92.96 33.78 27.256 79.699 22.205 1.0
77.628 38.92 83.667 78.629 43.501 33.641 30.82 69.878 77.743 27.198 76.964 85.252 45.533 92.472 39.838 21.351 84.023 19.819 0.0
88.782 30.488 92.402 81.849 56.489 22.859 27.045 80.019 77.102 27.421 84.485 86.922 36.703 79.514 29.93 32.341 85.07 14.676 1.0
76.041 31.022 88.046 75.523 46.432 29.983 19.73 79.206 81.249 23.276 77.505 81.622 39.788 93.438 32.038 21.69 81.362 24.53 0.0
79.988 30.716 89.992 78.084 54.863 29.315 21.445 75.416 71.591 37.622 79.939 74.964 43.773 91.568 40.336 17.863 83.598 17.234 0.0
86.096 25.251 84.399 75.297 56.876 31.374 20.881 75.614 68.93 28.909 75.74 74.934 40.842 93.218 42.864 25.346 92.083 13.509 0.0
74.895 25.44 87.119 79.486 50.432 24.701 23.678 77.127 80.308 32.514 77.907 82.752 34.003 80.036 36.392 24.002 80.023 17.423 0.0
87.224 30.627 88.966 76.35 54.307 27.544 23.315 72.054 67.976 34.59 75.21 84.693 42.352 85.84 39.961 30.137 80.586 25.342 0.0
89.885 36.529 87.748 73.302 54.957 26.806 27.048 77.864 75.613 29.561 85.99 85.167 31.915 90.537 32.403 22.794 80.545 22.974 1.0
76.455 37.186 82.219 76.998 41.626 27.479 21.358 73.697 81.882 33.89 77.13 76.995 32.673 90.78 39.676 23.54 87.12 16.042 0.0
75.2 35.371 96.123 80.856 43.476 27.601 26.132 68.353 74.116 23.49 78.074 76.642 43.187 91.203 43.566 23.896 87.472 22.364 1.0
78.294 28.654 88.777 78.027 45.119 30.785 18.729 76.535 68.785 32.937 73.799 82.97 37.135 82.41 41.476 22.831 81.135 13.225 0.0
77.392 26.541 94.274 78.233 47.571 35.889 17.489 74.369 77.103 34.198 80.737 73.378 42.563 91.786 32.038 19.991 78.109 19.531 0.0
81.252 24.449 88.826 82.817 45.361 24.844 23.629 78.458 71.57 26.331 80.621 73.708 43.725 86.921 32.159 29.929 80.537 13.788 0.0
84.428 26.884 93.557 82.966 42.364 34.278 19.94 76.275 79.555 37.709 84.876 79.053 41.382 90.097 44.883 32.538 86.878 28.834 1.0
81.069 23.702 92.819 87.697 52.485 35.497 23.4 72.524 76.073 23.408 77.289 82.647 42.424 92.053 43.021 23.072 76.617 25.161 1.0
78.596 31.088 83.24 80.912 45.559 21.215 27.23 70.921 81.034 24.041 73.101 76.412 31.209 93.649 31.321 18.15 85.352 18.697 0.0
75.21 26.4 82.21 79.874 44.132 32.565 26.295 75.985 83.072 25.153 79.06 75.37 44.53 84.566 32.567 31.771 79.082 24.539 0.0
76.85 30.67 89.529 82.811 50.654 32.307 23.517 70.154 68.263 32.555 74.38 84.983 39.467 81.993 34.73 28.135 91.846 22.907 1.0
89.252 39.004 82.143 77.828 49.368 22.298 23.889 82.527 69.467 23.718 85.653 81.021 38.361 80.367 31.959 23.421 88.252 24.381 1.0
77.525 39.05 89.241 76.303 57.421 26.658 24.167 73.043 78.561 23.215 85.137 85.569 40.914 87.566 30.923 24.725 90.573 20.405 1.0
80.756 37.708 85.556 80.605 42.602 21.443 28.816 77.448 69.834 30.718 83.301 78.473 34.72 90.18 35.198 20.232 86.333 22.678 0.0
83.12 31.257 90.437 86.514 49.634 29.381 20.741 83.512 71.939 37.166 82.818 79.482 31.833 83.311 30.729 29.538 86.159 16.116 1.0
86.211 26.23 92.852 77.464 49.081 29.508 17.486 75.28 80.111 36.6 78.51 77.078 46.815 85.264 37.229 18.152 78.9 14.083 1.0
90.631 26.758 89.612 77.889 44.815 29.768 27.096 76.963 72.471 37.117 85.66 79.213 36.083 79.473 29.719 27.483 85.526 26.665 1.0
78.564 28.048 84.472 79.494 46.842 27.139 26.081 73.948 67.761 30.544 78.381 75.506 36.655 81.328 43.225 19.883 82.688 15.562 0.0
80.732 29.203 92.084 84.311 45.367 26.999 16.566 68.744 70.127 27.871 74.262 86.861 32.545 90.384 32.044 24.528 82.65 28.22 1.0
84.491 24.782 93.404 74.279 42.773 31.651 18.787 69.75 73.695 24.286 76.061 84.982 34.632 79.797 38.259 22.418 80.231 18.951 1.0
84.975 36.755 86.605 77.337 54.519 28.065 17.84 81.63 79.665 36.407 86.596 80.992 45.844 80.877 36.12 20.041 91.643 13.483 1.0
83.434 36.544 96.985 88.579 52.611 21.756 17.012 72.217 80.226 31.666 77.622 72.898 32.72 87.352 38.502 28.682 84.106 18.873 1.0
84.653 24.242 88.882 80.855 43.017 26.049 20.01 68.977 74.41 38.319 82.05 73.03 39.578 81.737 29.516 26.444 79.465 27.256 0.0
89.867 31.643 88.488 77.166 50.495 34.611 29.43 77.247 68.056 27.429 77.682 73.008 46.747 83.761 31.97 21.195 91.613 24.216 1.0
83.461 38.789 87.109 75.654 45.114 35.668 17.639 72.225 75.441 32.304 82.945 82.983 39.43 88.927 44.154 30.099 85.644 16.28 1.0
81.825 23.713 96.935 82.782 45.743 28.769 18.094 69.015 76.405 31.023 80.278 84.735 45.81 88.607 36.157 32.277 88.041 21.712 1.0
79.225 27.951 82.132 77.528 50.466 32.046 30.012 77.411 73.255 33.551 80.552 72.794 39.498 85.579 36.63 17.742 81.024 19.419 0.0
86.678 30.114 96.903 80.527 43.443 27.035 29.645 80.216 81.252 34.609 72.947 78.95 45.607 87.088 42.72 33.642 92.086 13.67 1.0
80.032 23.982 91.687 85.471 45.529 32.44 26.24 82.193 74.411 24.939 85.947 77.532 37.543 89.812 29.898 27.518 83.558 22.347 1.0
81.354 33.228 86.566 83.191 56.076 20.85 17.928 68.808 75.256 30.852 71.718 83.891 40.024 81.014 42.571 24.032 80.982 18.35 1.0
78.796 30.262 94.692 77.775 55.01 21.348 29.929 77.971 76.866 36.339 84.092 84.825 41.063 83.906 30.18 18.795 89.86 22.9 0.0
87.6 39.597 84.116 74.052 52.621 29.327 20.8 68.427 78.203 33.92 83.139 81.94 31.469 81.335 29.75 23.363 82.903 23.45 1.0
79.402 29.197 87.388 82.721 42.469 25.814 23.092 73.216 70.825 28.466 85.28 73.883 38.501 82.81 31.511 29.134 89.671 19.035 0.0
86.593 37.364 93.299 73.875 47.185 27.6 21.374 74.695 75.175 35.466 77.651 81.506 33.408 79.005 44.61 18.784 78.864 20.877 1.0
90.729 26.758 92.367 89.023 44.075 25.465 21.778 74.357 74.582 25.059 73.828 73.299 31.14 94.537 32.718 29.901 91.183 15.362 1.0
76.976 25.133 84.935 78.361 55.388 33.557 24.655 80.471 68.581 33.361 77.356 83.742 35.563 88.953 37.13 18.321 88.059 27.615 0.0
87.092 27.964 85.712 77.128 48.103 25.996 23.5 68.823 76.498 33.922 84.775 86.247 35.961 88.745 41.816 24.168 82.033 26.611 0.0
81.702 28.909 88.458 83.041 55.216 21.753 16.068 68.522 69.679 28.755 76.352 85.352 33.601 88.252 37.239 33.138 81.731 14.834 0.0
77.837 25.385 86.068 75.618 55.2 22.839 25.472 78.883 80.779 30.134 77.568 83.541 35.362 79.76 38.584 26.835 85.264 14.793 0.0
89.182 37.45 89.648 86.023 52.653 21.229 23.112 74.989 75.073 32.985 73.356 83.138 41.001 85.719 42.079 21.794 77.765 14.56 1.0
90.472 36.483 83.651 78.24 52.665 33.979 31.878 73.317 82.859 31.647 71.416 85.896 32.017 91.609 35.633 23.904 76.784 13.906 1.0
84.406 24.507 94.31 87.696 45.095 26.549 21.884 69.37 71.129 27.065 79.461 85.97 41.526 86.376 37.889 22.294 83.804 23.235 1.0
78.615 24.18 83.357 83.631 55.534 27.182 16.371 70.839 71.962 34.639 83.526 74.542 37.804 93.111 29.541 30.532 92.153 27.65 0.0
88.088 29.532 95.965 80.39 52.188 25.309 28.93 72.523 69.468 26.847 82.536 77.504 35.814 84.435 33.869 24.943 88.318 28.105 1.0
75.436 27.598 84.231 83.48 55.601 20.137 26.126 80.599 79.98 25.866 72.862 82.606 40.799 81.392 34.625 25.727 77.681 18.168 0.0
85.533 27.42 91.308 75.675 43.36 20.978 18.774 71.533 78.043 24.958 84.201 84.158 32.075 84.575 35.651 24.816 85.272 17.155 1.0
78.363 37.689 84.724 84.667 48.572 22.49 29.393 72.956 77.867 32.676 80.026 77.712 41.58 80.767 35.83 22.418 78.674 24.021 1.0
79.693 24.081 88.461 82.344 55.049 31.561 25.845 70.396 80.559 30.074 72.731 74.956 40.95 89.865 37.452 26.077 81.375 19.184 0.0
81.057 24.997 93.887 86.267 41.924 31.621 24.928 78.57 79.765 38.057 71.796 84.49 35.013 82.999 44.266 20.893 81.538 28.057 1.0
80.335 29.323 85.392 82.021 45.823 33.565 27.81 81.942 81.786 35.546 73.892 86.403 34.859 89.819 37.546 29.922 80.085 17.231 0.0
79.407 30.13 83.872 87.377 45.301 26.854 25.954 79.726 69.27 33.366 74.987 81.341 46.65 81.298 35.016 32.206 83.662 19.554 0.0
82.253 30.505 81.38 84.196 54.75 29.631 16.53 77.911 69.578 24.283 81.615 87.036 43.532 85.553 33.482 32.07 91.089 20.632 0.0
82.048 39.521 86.533 85.219 47.888 24.51 28.045 77.448 72.196 24.344 71.49 74.868 45.697 86.473 33.948 22.799 77.727 24.659 1.0
89.287 39.502 87.692 86.409 54.158 32.316 30.449 79.551 77.654 34.269 86.066 76.501 37.198 79.958 32.962 29.934 84.649 28.954 1.0
83.355 33.366 88.127 80.021 53.447 31.367 27.289 76.057 77.226 36.027 80.351 79.582 32.085 81.329 29.477 19.411 86.636 15.81 1.0
83.79 23.717 89.314 78.259 42.085 21.765 31.023 73.047 77.579 36.588 83.349 76.332 46.311 84.289 43.672 28.448 83.296 17.654 1.0
82.395 28.859 95.589 76.773 56.701 24.268 19.109 68.832 71.048 23.891 71.874 82.365 36.653 83.096 43.662 27.292 89.878 26.852 0.0
79.307 39.474 87.519 80.734 47.836 21.4 30.267 74.752 71.004 26.14 74.064 86.394 39.43 90.68 31.618 31.753 81.016 22.213 0.0
80.041 28.593 94.423 81.757 43.271 30.768 30.472 72.819 81.077 24.871 82.193 75.518 36.164 93.371 32.422 28.98 92.36 15.345 1.0
89.877 32.712 90.115 83.41 47.101 26.397 20.042 77.686 83.029 29.625 71.005 78.872 34.369 91.739 43.01 21.953 77.363 20.595 1.0
75.472 34.308 84.129 78.495 50.921 25.097 31.615 77.897 74.356 28.193 76.405 84.44 36.971 91.269 39.379 26.826 79.25 22.104 0.0
82.371 35.145 83.553 86.666 42.543 25.493 24.302 73.808 80.368 23.195 85.991 74.24 36.472 94.168 43.182 19.175 81.899 22.325 1.0
79.167 27.143 91.696 82.741 48.888 27.195 31.498 70.455 71.929 36.291 71.154 86.123 35.472 93.5 45.231 22.893 77.753 18.199 1.0
81.013 37.594 92.356 76.805 52.491 34.909 27.668 79.655 68.4 29.077 84.829 75.492 37.314 90.859 32.376 20.383 80.995 21.507 1.0
76.284 35.009 95.778 78.316 47.536 25.439 16.004 81.064 74.63 31.09 84.569 72.532 35.158 84.95 34.877 24.839 82.055 13.354 1.0
90.592 36.658 83.929 88.918 46.267 25.718 21.923 70.517 76.449 29.973 77.77 72.919 32.131 91.164 44.218 17.927 89.366 15.501 1.0
84.524 39.206 96.965 74.059 44.021 20.771 21.107 74.776 80.521 34.407 86.662 87.309 42.327 83.649 30.406 20.319 89.601 28.267 1.0
85.165 34.373 86.466 77.944 47.455 32.571 26.408 74.87 68.298 26.021 74.221 85.206 38.749 93.963 33.179 27.899 82.886 16.399 1.0
80.548 35.064 94.235 84.275 56.934 31.451 19.661 71.154 80.801 23.353 74.928 75.504 46.596 80.844 33.067 22.358 82.249 14.08 0.0
89.06 35.587 96.0 76.502 56.066 33.951 16.476 80.858 83.564 25.142 85.436 84.137 33.963 81.794 44.311 25.306 86.934 22.45 1.0
76.735 39.253 89.377 82.393 45.471 24.067 19.862 77.473 77.62 25.994 71.216 75.806 44.196 79.634 40.135 20.898 84.664 13.569 1.0
83.396 27.154 83.436 84.304 53.811 29.537 18.549 80.515 80.319 27.171 78.339 77.498 41.136 91.714 42.866 33.281 77.055 16.638 1.0
87.613 32.391 91.907 76.878 55.876 34.775 16.624 75.415 78.389 24.673 75.107 77.285 35.847 85.681 37.094 22.507 86.923 18.868 1.0
77.613 38.31 87.178 77.608 42.867 25.777 18.379 82.691 79.321 26.227 78.093 80.365 31.585 81.183 41.048 26.432 90.399 24.56 1.0
86.312 25.53 86.554 75.037 44.545 25.884 21.949 75.522 68.997 27.739 74.793 75.783 44.819 88.209 42.514 23.644 81.123 21.666 0.0
84.768 39.31 94.072 80.444 48.347 23.952 22.815 82.206 82.944 25.151 83.698 85.999 43.212 94.277 31.973 18.123 82.492 13.116 0.0
89.273 28.99 84.029 86.892 41.79 26.263 16.835 72.009 82.31 34.05 82.551 77.583 35.526 78.945 41.416 21.792 82.436 27.741 1.0
84.667 23.837 94.669 75.081 47.713 31.006 27.286 72.453 80.454 24.695 85.79 73.13 39.488 93.715 42.83 32.707 88.359 28.588 1.0
87.691 26.313 90.294 81.934 56.82 20.515 20.229 70.001 82.94 33.17 79.097 77.896 36.222 87.753 31.741 28.285 85.992 28.362 1.0
80.635 30.584 84.068 87.157 51.464 32.609 27.719 81.358 69.729 29.68 81.3 85.517 31.685 78.711 29.966 26.153 77.187 14.576 0.0
88.545 32.801 87.055 83.607 52.521 20.02 16.288 68.353 68.649 26.449 72.8 82.41 41.652 89.039 43.969 23.722 79.349 20.306 1.0
88.324 39.052 96.466 85.537 44.989 30.422 28.106 68.536 82.404 29.741 84.522 86.4 35.102 78.989 31.699 32.086 89.884 28.664 1.0
88.156 35.969 81.408 87.148 41.948 29.57 26.785 71.626 68.681 31.506 72.89 86.505 43.486 84.569 39.48 19.893 81.025 24.106 1.0
75.201 34.552 90.353 78.709 44.203 35.168 22.011 77.783 81.962 22.862 86.959 79.596 37.6 82.104 31.784 32.341 88.079 19.96 1.0
82.448 39.543 88.342 80.73 50.606 33.157 16.067 78.417 69.357 23.05 74.016 87.03 45.225 93.314 42.002 29.107 78.55 25.705 0.0
79.723 27.385 95.118 83.132 44.329 26.815 29.723 68.008 73.695 33.665 77.989 84.372 35.317 86.864 37.928 28.28 88.755 25.711 1.0
85.219 36.448 93.441 81.822 44.073 22.331 22.393 72.152 79.94 23.309 78.646 80.196 32.548 81.247 34.401 25.971 77.473 22.722 1.0
81.661 32.227 96.601 83.367 54.707 22.482 26.285 67.931 80.775 24.906 85.927 85.509 41.434 84.39 45.259 19.171 83.885 21.769 1.0
77.987 37.458 94.896 80.505 48.696 21.336 17.046 80.072 76.965 32.635 77.158 84.97 44.314 91.391 32.667 33.135 90.306 21.748 1.0
85.355 30.909 89.549 85.97 57.464 20.426 16.055 73.69 82.801 31.544 74.08 75.817 37.984 84.716 42.595 24.836 76.523 25.19 0.0
80.765 37.959 90.039 80.754 56.027 26.491 28.343 71.534 78.439 37.483 77.334 76.255 33.575 80.798 30.598 19.446 76.527 20.109 1.0
75.729 27.742 94.202 78.183 56.729 22.064 29.276 73.585 70.899 23.678 86.01 86.213 39.274 93.899 42.836 21.095 86.303 25.052 0.0
81.597 35.053 87.361 86.523 54.139 31.504 31.763 68.491 72.158 23.721 76.605 76.483 44.704 87.438 43.288 18.765 86.612 27.991 1.0
76.292 27.045 84.986 87.65 56.095 34.086 18.792 77.016 73.164 30.228 72.713 76.693 36.604 81.259 44.733 30.499 78.742 16.155 0.0
86.636 27.104 86.378 83.578 47.829 21.162 27.662 80.366 76.235 32.622 76.908 73.719 38.318 84.602 37.695 19.563 92.254 17.754 1.0
78.253 36.134 89.292 73.649 46.692 28.003 29.89 68.126 77.144 26.833 83.1 86.405 45.623 89.738 33.383 29.814 82.86 19.891 1.0
87.931 29.94 91.506 86.255 45.406 26.059 20.979 79.859 75.991 34.703 75.701 86.255 44.937 86.408 35.3 20.141 78.699 16.72 1.0
85.939 30.745 92.137 82.02 43.791 25.688 16.914 80.53 82.909 24.181 71.858 75.358 36.805 91.93 44.582 27.506 79.893 17.217 0.0
76.071 26.513 94.626 79.536 56.044 33.999 25.705 74.004 72.442 28.521 83.528 80.187 44.67 82.974 41.959 33.206 80.95 16.622 0.0
77.081 32.331 91.784 76.042 53.128 20.942 26.451 80.246 67.757 36.175 86.132 76.229 40.278 84.68 34.648 32.184 81.969 27.401 1.0
85.505 32.46 87.227 85.001 56.334 34.943 16.965 71.58 72.503 34.871 83.423 83.053 39.596 92.777 36.226 30.117 91.174 17.255 1.0
81.382 26.563 85.909 78.273 51.769 27.699 30.383 70.516 77.637 29.319 79.354 86.268 41.516 81.331 33.193 20.321 78.211 19.723 0.0
75.478 34.816 86.605 89.147 57.15 26.895 27.067 69.204 77.522 25.453 74.618 85.475 42.301 93.559 39.939 19.953 77.794 14.217 1.0
78.807 36.234 87.447 82.007 51.688 28.929 16.587 77.921 82.625 36.323 72.125 77.263 33.682 83.108 37.522 28.88 83.483 19.372 1.0
86.315 24.426 82.178 79.646 56.989 30.044 21.623 69.605 82.645 36.44 71.35 79.258 46.826 82.271 38.893 24.3 92.061 17.383 0.0
85.603 31.111 92.177 78.037 53.665 34.851 26.561 69.046 72.229 33.978 85.545 86.81 37.619 93.225 31.956 19.488 89.301 28.745 1.0
76.162 30.705 91.734 83.086 50.382 22.547 24.77 83.079 81.117 28.98 84.239 84.936 35.886 90.771 42.292 32.403 89.84 25.01 1.0
82.42 27.19 92.698 81.804 47.594 29.503 30.678 70.017 70.285 25.671 81.767 74.353 36.27 80.644 37.578 19.629 79.188 20.049 1.0
76.562 30.117 93.634 81.923 50.4 23.629 16.051 73.862 76.017 30.982 81.591 74.626 37.417 84.074 41.441 26.384 82.282 22.496 1.0
82.915 36.081 94.543 77.808 53.189 32.231 28.033 71.02 73.85 28.086 82.293 73.453 38.969 84.969 35.775 30.851 82.868 22.771 1.0
83.311 30.263 87.726 82.667 48.9 24.005 25.923 68.626 72.92 28.256 77.591 87.322 35.496 87.339 44.55 19.071 87.066 28.902 1.0
84.952 27.89 96.494 84.948 57.026 21.777 31.381 83.361 81.798 26.79 75.812 75.341 46.136 86.859 35.786 20.285 87.156 16.913 1.0
87.372 24.82 93.524 88.906 51.622 34.682 28.86 83.303 80.615 28.857 84.061 74.566 33.599 87.708 33.546 20.377 84.924 22.616 1.0
77.627 34.795 88.038 79.511 57.231 34.719 23.349 78.491 79.502 22.97 86.689 84.262 40.248 82.59 36.067 24.888 78.689 25.975 0.0
80.205 33.757 89.486 74.831 52.856 30.2 21.286 78.096 73.274 25.436 78.742 77.487 34.361 84.275 41.049 32.789 85.411 24.001 1.0
79.826 25.942 96.188 87.744 57.34 30.8 24.983 77.699 77.115 37.87 78.306 85.79 32.449 92.21 40.106 18.797 83.342 26.363 1.0
84.981 26.798 86.269 73.791 56.326 24.929 28.027 83.207 73.142 28.558 75.32 85.761 46.797 79.478 42.832 24.454 90.249 13.9 0.0
86.708 30.397 92.09 74.157 48.119 32.496 28.015 69.56 70.172 31.954 86.968 73.843 46.315 91.403 39.92 22.823 89.935 17.133 1.0
83.194 27.813 87.888 82.032 56.547 26.114 26.645 72.811 77.359 26.373 80.081 73.546 42.271 83.858 36.643 29.641 90.889 18.503 1.0
76.861 31.759 89.602 75.711 43.362 34.922 26.284 68.579 77.213 24.856 75.882 78.555 38.41 79.422 35.267 30.324 80.964 15.648 1.0
76.723 28.315 86.448 86.224 42.362 22.591 30.07 74.399 71.596 27.382 81.377 75.567 39.175 81.144 35.068 26.28 79.621 20.397 0.0
86.71 29.87 89.958 82.84 55.033 22.952 26.335 77.586 79.107 23.067 79.58 71.895 32.745 89.378 35.753 20.977 77.544 13.799 1.0
75.702 31.673 83.235 84.719 47.204 27.897 20.389 74.861 69.889 33.045 86.956 72.816 35.609 87.729 45.07 30.38 79.736 21.748 0.0
77.416 34.442 89.613 84.157 45.885 25.098 17.86 82.486 78.487 28.202 81.791 75.03 35.034 83.86 38.497 20.776 80.583 24.817 1.0
84.803 38.476 85.394 88.413 48.929 20.294 20.563 73.912 70.638 36.267 84.136 77.179 33.886 80.502 39.552 26.46 87.81 23.136 1.0
78.481 31.361 86.573 77.581 41.927 23.667 27.201 77.487 74.224 38.157 77.105 75.433 46.076 81.412 30.774 17.926 85.843 28.662 0.0
89.53 25.759 95.523 76.291 45.503 27.431 24.329 80.491 76.76 30.242 77.409 79.349 46.017 92.874 40.278 19.837 86.682 22.597 1.0
80.799 27.194 92.87 73.482 52.675 33.733 23.892 67.924 71.67 24.836 71.615 79.87 32.096 85.819 38.803 29.891 80.858 27.46 0.0
82.933 28.327 86.53 85.386 47.478 32.369 19.454 68.487 74.081 32.502 78.299 86.208 33.922 79.529 35.216 18.863 81.28 18.299 1.0
78.899 24.391 93.93 79.444 55.03 34.829 21.538 71.839 77.916 26.58 78.095 85.34 40.681 78.963 39.315 18.708 91.629 20.747 0.0
81.706 24.145 88.189 73.777 46.922 27.658 19.946 68.74 78.341 37.01 84.169 75.072 43.111 83.558 39.92 30.321 79.985 23.395 0.0
79.175 24.085 84.774 86.324 53.312 25.304 23.61 70.977 80.394 26.974 72.324 86.629 36.945 78.818 39.792 32.57 91.787 14.448 0.0
76.165 34.254 92.109 79.986 42.048 20.205 25.543 68.682 83.518 32.138 85.162 78.44 46.01 81.999 34.049 24.542 82.817 22.461 1.0
86.318 35.2 88.758 73.904 50.814 25.263 29.223 75.718 76.53 35.258 73.528 75.826 41.094 88.68 29.419 32.492 90.418 26.338 1.0
86.225 27.058 87.441 82.298 57.567 20.868 23.262 73.47 78.341 30.91 81.213 83.243 40.246 88.124 40.313 29.89 91.042 27.214 1.0
77.295 29.028 90.461 75.665 47.369 26.266 16.569 71.636 72.129 26.827 73.899 72.481 42.343 79.044 39.915 21.348 84.146 18.771 0.0
83.234 25.602 87.634 82.885 48.433 34.505 19.492 70.863 76.034 33.592 72.065 76.936 45.518 94.247 34.843 23.075 77.892 14.148 1.0
84.273 36.778 88.512 84.395 48.23 33.061 16.025 82.89 69.533 25.893 83.239 86.614 42.86 86.305 43.498 32.485 83.293 24.699 1.0
82.272 25.814 87.245 79.865 48.062 20.532 26.299 69.252 69.762 28.999 85.145 75.45 34.504 92.679 35.5 25.007 86.869 28.96 0.0
77.409 33.058 93.549 81.877 52.403 22.243 19.304 82.499 68.163 28.768 83.904 73.593 34.84 80.648 36.829 32.494 78.457 22.381 1.0
84.806 35.297 87.277 80.524 54.229 30.2 16.054 79.758 78.961 34.894 79.939 81.94 39.901 88.995 35.474 26.971 79.768 14.569 1.0
75.115 29.783 85.426 75.592 57.231 27.758 18.124 70.514 74.473 32.894 83.839 77.459 44.375 93.626 39.816 33.14 81.234 24.68 0.0
79.644 29.021 86.69 74.767 51.741 35.458 26.908 79.537 79.761 29.568 72.366 75.32 38.352 91.049 38.156 31.27 91.103 17.31 0.0
87.547 36.732 83.833 77.131 54.995 26.47 20.026 71.413 79.388 37.067 80.518 73.308 34.729 79.232 33.994 33.041 88.465 28.134 1.0
82.53 23.789 83.8 78.511 49.065 29.601 20.246 82.79 71.131 24.53 86.056 76.207 39.214 87.843 44.448 32.166 77.459 28.767 0.0
76.283 34.26 87.216 85.874 47.368 22.979 22.51 76.768 74.151 38.067 84.836 75.714 35.23 83.286 44.375 27.404 78.781 17.013 1.0
84.316 25.225 95.043 83.15 50.324 24.778 19.031 79.783 68.994 26.731 71.99 74.317 32.726 79.259 44.37 20.746 90.024 19.551 1.0
87.605 39.039 82.075 74.118 51.783 23.83 21.801 72.73 77.669 36.745 78.521 75.494 42.231 85.855 42.368 27.014 91.614 28.265 1.0
76.28 31.493 87.589 85.586 51.121 32.371 21.269 72.505 70.862 35.176 76.909 81.889 36.189 83.713 29.762 21.203 79.114 26.794 0.0
88.497 35.129 83.921 73.587 54.686 22.17 28.545 70.534 69.767 36.272 79.875 83.477 36.369 92.458 29.924 33.465 82.866 23.92 1.0
88.661 35.221 90.612 86.348 52.984 28.085 31.541 69.232 76.275 25.435 75.249 77.388 39.994 89.84 37.293 25.159 87.952 18.37 1.0
80.859 29.706 91.888 83.356 47.698 30.403 30.523 68.673 75.101 30.196 75.844 80.207 40.152 89.796 39.202 30.868 78.831 24.589 1.0
75.348 36.266 90.144 73.462 48.176 26.902 18.785 82.537 70.81 33.579 73.935 73.055 32.418 81.612 44.037 19.328 89.331 18.832 1.0
79.57 29.909 94.574 75.187 50.644 29.67 25.502 78.291 82.582 31.759 73.712 75.886 43.942 87.329 44.975 30.937 78.339 15.71 0.0
79.747 30.191 84.491 82.713 53.459 32.889 28.393 68.584 72.638 35.393 84.383 83.307 44.621 84.042 34.931 27.628 91.536 13.839 0.0
82.8 29.591 88.214 74.291 44.285 25.563 20.483 70.284 77.056 33.198 85.211 72.627 35.94 80.553 38.727 30.673 81.09 22.312 0.0
87.487 36.796 91.707 80.789 50.481 26.507 23.641 80.396 83.539 28.241 83.458 82.348 34.971 80.39 33.515 21.89 79.267 18.386 1.0
87.941 35.53 92.976 84.972 45.699 35.737 21.563 74.307 82.148 25.154 86.79 77.955 42.704 86.084 32.796 28.184 90.134 28.869 1.0
75.151 26.106 87.362 82.474 44.843 24.747 31.216 77.823 81.141 23.876 84.615 80.681 32.295 83.017 29.458 24.787 80.756 22.358 0.0
84.566 24.761 82.622 78.039 45.044 20.369 21.881 77.175 83.205 34.566 77.693 86.531 45.207 81.362 36.382 29.779 78.26 26.583 1.0
75.165 32.414 88.44 82.126 50.329 32.355 24.392 81.982 72.411 29.96 76.45 81.999 39.785 85.41 38.546 20.348 81.287 20.338 1.0
78.688 30.619 94.197 88.761 42.094 30.55 17.218 82.068 70.691 37.166 73.828 78.323 36.666 89.22 39.425 28.659 83.3 26.075 1.0
86.928 32.55 85.218 75.941 53.159 35.289 18.715 69.807 67.939 24.474 83.723 72.166 38.325 86.331 35.246 26.029 87.679 26.327 1.0
84.852 34.717 81.928 85.971 41.781 34.094 18.281 76.608 81.084 35.912 79.756 80.854 37.186 89.209 37.638 27.988 89.298 19.736 1.0
82.277 24.753 88.26 80.554 42.636 30.949 26.024 78.552 78.76 32.931 86.336 75.157 32.884 80.33 44.683 32.847 78.879 20.032 0.0
88.207 34.921 96.309 85.71 48.987 31.136 20.964 71.616 76.777 34.602 74.854 81.416 35.074 78.898 33.383 31.039 84.937 15.532 1.0
87.14 34.682 91.498 75.736 53.741 23.805 24.035 76.717 75.233 26.645 71.307 77.451 40.185 79.542 36.634 17.887 86.794 27.498 1.0
79.154 37.455 89.665 76.877 47.003 20.257 25.335 82.062 76.093 33.665 86.15 80.818 34.364 80.603 37.199 22.317 88.866 20.447 1.0
88.042 38.763 85.37 75.842 51.853 26.6 23.472 74.295 77.405 29.322 77.527 76.579 41.415 90.174 36.391 26.823 79.909 20.831 1.0
88.712 23.9 89.11 73.754 54.075 30.033 31.872 82.994 77.149 33.745 81.914 72.469 32.208 79.046 34.351 24.048 83.002 16.425 1.0
85.242 35.973 89.499 80.46 45.942 35.271 25.587 78.587 72.134 35.634 73.893 76.967 39.336 86.604 35.967 19.308 86.186 26.764 1.0
82.96 28.701 88.886 82.975 52.57 31.211 18.203 74.549 77.51 28.258 79.713 77.607 37.828 88.489 34.747 19.982 88.533 19.146 1.0
89.604 24.258 82.568 75.078 48.359 26.121 25.204 74.664 69.631 23.953 80.854 72.387 40.531 93.218 33.324 30.248 77.706 19.16 0.0
90.078 23.888 94.117 83.788 43.886 22.904 21.316 79.931 71.806 30.954 73.296 77.64 36.825 84.317 44.244 25.12 91.142 14.84 1.0
76.258 29.213 92.767 73.794 41.852 21.02 20.541 73.168 78.901 27.702 76.591 72.6 40.363 86.854 39.458 33.695 88.797 19.876 0.0
81.012 38.491 87.127 85.303 53.7 23.046 22.175 70.886 71.472 23.456 79.182 74.242 35.257 78.88 33.502 33.257 76.583 27.742 1.0
83.986 27.988 81.97 81.433 49.941 32.733 25.764 76.365 68.082 31.165 72.059 87.397 33.043 84.314 43.712 31.367 86.53 19.74 1.0
81.758 36.947 95.456 78.111 52.797 30.341 21.265 76.436 68.026 23.243 77.698 72.057 36.789 88.423 36.839 27.782 81.456 28.637 1.0
84.464 25.479 92.171 77.33 44.471 31.963 28.447 83.136 72.501 32.825 83.743 85.851 46.053 90.179 33.668 19.472 86.931 25.542 1.0
80.912 33.774 91.313 74.574 50.548 35.247 29.654 75.606 72.82 31.631 80.926 74.51 44.36 89.768 37.258 24.261 77.791 14.172 1.0
79.102 27.144 85.373 77.764 56.476 25.277 31.306 69.205 81.561 28.742 81.564 82.33 40.398 90.468 30.058 25.753 86.613 24.816 0.0
78.863 35.316 83.908 77.075 52.281 26.92 28.471 79.867 70.035 36.077 84.098 83.119 33.573 92.171 33.24 18.751 76.712 14.482 0.0
79.179 30.86 86.207 75.047 46.468 27.519 26.648 69.165 71.698 36.192 80.604 80.378 33.099 78.876 31.285 24.528 92.254 13.95 0.0
90.109 39.059 90.286 75.921 48.175 22.399 19.836 82.871 76.809 35.517 74.123 84.72 31.251 80.7 38.099 18.181 81.115 26.566 1.0
88.441 26.098 93.767 74.133 55.593 20.284 21.784 83.834 82.794 29.173 74.999 84.956 46.681 91.993 31.142 23.498 87.219 13.269 1.0
81.44 27.951 88.572 84.484 43.285 24.047 26.833 75.642 79.713 26.623 71.843 73.355 44.99 86.002 38.785 25.15 86.17 20.397 0.0
88.179 26.442 93.558 88.938 56.928 30.575 22.07 73.546 73.272 27.943 83.177 78.1 34.955 84.182 33.997 21.726 84.063 16.667 1.0
78.628 34.881 91.256 82.943 49.487 33.889 20.92 82.082 68.593 30.387 86.397 73.528 41.235 91.229 31.958 27.343 89.8 21.029 1.0
76.102 32.938 87.846 76.364 46.081 35.203 24.085 77.046 83.427 35.438 81.16 84.257 46.073 83.091 42.383 23.095 82.847 15.894 0.0
82.336 30.423 95.297 76.703 43.169 20.4 17.159 78.276 70.624 27.744 84.159 77.094 31.792 91.927 42.697 19.817 87.311 22.886 0.0
85.983 39.038 84.027 88.489 52.216 25.25 28.865 69.853 74.316 31.931 72.844 75.551 44.007 85.03 29.998 33.608 85.373 19.719 1.0
84.527 24.512 82.673 84.654 44.485 34.093 27.886 71.018 79.64 36.816 74.098 79.075 39.047 88.71 33.496 24.449 82.73 24.285 1.0
85.088 39.272 88.304 75.556 51.379 35.548 31.391 69.031 76.12 36.763 74.081 73.836 40.246 87.211 30.561 31.699 81.412 16.101 1.0
86.713 24.994 87.484 80.12 48.668 33.145 18.823 81.847 72.642 25.16 74.022 76.148 46.677 84.663 40.189 18.466 90.494 13.427 0.0
80.713 27.933 89.252 84.205 41.828 35.867 30.006 79.043 74.9 35.682 81.066 72.867 38.118 88.472 40.345 24.588 82.06 20.022 1.0
77.022 30.301 87.709 75.063 45.568 31.67 29.821 80.234 71.825 29.394 85.574 80.528 41.071 85.059 38.125 19.304 88.599 20.838 0.0
76.682 29.036 96.827 73.317 43.03 33.231 22.256 78.202 69.123 26.769 80.133 83.468 46.148 86.389 37.279 27.06 82.636 14.53 1.0
79.451 24.782 86.34 84.003 52.218 35.417 27.994 82.281 74.01 22.873 72.332 86.2 46.112 91.26 39.792 29.724 85.293 16.875 0.0
87.93 31.48 91.236 74.871 46.597 28.439 27.577 79.681 72.246 29.884 74.1 87.026 33.718 78.756 37.639 21.105 83.711 24.963 1.0
82.801 33.095 84.123 77.495 56.447 22.126 20.712 68.6 74.37 32.715 77.882 83.53 38.014 81.127 42.272 19.698 90.033 17.637 1.0
81.534 32.516 86.493 83.508 51.338 27.258 23.868 79.724 78.966 29.678 75.228 83.106 42.492 85.933 43.085 32.964 89.353 22.564 1.0
76.329 29.969 81.83 82.165 48.595 30.425 17.116 73.014 67.903 35.199 77.207 81.28 41.031 85.311 34.011 21.897 92.011 27.175 0.0
78.889 31.171 96.961 82.019 54.5 25.766 21.541 80.515 70.05 37.134 79.258 79.046 44.749 81.876 40.894 29.346 80.51 24.471 0.0
82.905 27.454 94.781 88.615 53.449 31.65 31.837 73.33 80.794 34.132 73.912 85.799 34.374 91.422 33.43 29.083 82.26 22.084 0.0
84.724 27.373 93.576 81.758 48.741 32.46 17.407 72.68 78.858 27.46 80.637 72.906 35.926 82.07 34.589 22.865 88.573 21.435 1.0
89.262 24.329 91.653 73.446 46.133 34.928 22.442 71.087 73.695 28.163 82.558 76.032 39.111 82.608 39.135 23.534 82.701 22.336 1.0
82.588 24.587 92.021 87.202 56.017 22.915 31.502 70.099 71.772 24.927 80.362 84.555 45.111 89.65 34.896 29.939 80.772 23.97 1.0
82.382 32.369 95.304 76.179 49.462 25.909 24.264 73.985 80.119 26.265 79.709 74.284 45.06 93.512 40.066 31.8 89.301 16.855 1.0
82.682 38.258 95.424 77.376 55.17 26.685 27.31 81.537 79.612 30.935 78.261 84.699 45.032 83.385 32.598 30.182 87.653 14.062 1.0
89.386 38.119 94.084 86.099 43.288 21.755 26.952 69.104 79.937 30.143 72.006 80.778 37.596 86.161 29.409 31.412 83.263 19.413 1.0
86.001 33.036 92.179 80.337 42.106 26.576 21.909 70.946 76.181 34.368 78.732 82.196 46.392 90.352 35.581 21.378 82.726 15.459 1.0
78.846 26.844 81.368 74.881 44.563 20.765 27.484 73.13 77.724 24.135 86.991 72.237 41.285 85.47 43.887 23.319 87.439 28.114 0.0
89.261 26.329 85.844 81.013 53.278 27.179 18.321 76.882 77.401 33.071 79.559 80.021 35.159 81.381 40.817 30.477 85.675 20.344 0.0
85.407 31.671 93.138 73.243 45.464 35.715 27.225 74.377 83.541 32.184 82.274 82.457 41.192 89.153 37.458 32.332 77.677 19.945 1.0
83.795 34.492 95.696 87.116 51.688 21.752 27.342 69.649 67.834 31.317 83.819 78.042 33.318 78.676 31.197 29.773 83.857 15.377 1.0
85.189 36.564 93.166 89.161 51.52 24.587 31.445 70.196 74.524 33.465 81.401 75.061 36.852 81.709 42.404 18.869 87.622 22.479 1.0
90.674 23.969 92.711 87.862 42.726 20.784 18.647 70.285 73.575 24.069 74.476 86.826 46.237 85.801 38.483 28.525 79.666 16.581 1.0
82.549 36.956 87.329 76.964 47.54 27.22 17.208 81.279 72.949 31.191 72.362 79.337 32.81 78.863 33.952 19.098 78.331 26.995 0.0
80.565 27.794 83.608 86.109 51.037 20.555 29.976 72.263 78.335 34.853 77.949 82.264 38.303 92.736 29.599 28.405 78.885 22.503 0.0
87.315 27.737 91.215 88.958 49.273 31.228 30.643 77.175 80.909 33.25 72.596 77.784 36.017 79.989 34.028 24.384 80.535 15.896 1.0
88.313 25.163 92.93 73.449 47.07 33.226 21.457 74.72 73.787 27.802 72.669 78.657 37.512 92.285 37.165 28.357 78.421 13.385 1.0
87.918 23.645 93.946 77.271 42.766 24.953 25.173 68.78 79.062 26.496 79.642 75.155 37.668 94.346 42.448 22.845 79.776 21.604 1.0
88.366 25.02 85.875 84.917 56.458 34.869 21.151 78.454 77.967 37.596 78.655 72.047 42.557 80.327 40.569 23.834 81.015 26.071 1.0
85.821 24.962 85.792 79.658 56.116 24.431 16.666 79.052 81.916 26.025 71.868 82.595 32.383 79.303 36.079 20.559 81.09 25.532 0.0
81.792 24.324 87.82 84.679 52.933 31.896 31.649 72.239 68.824 35.685 71.972 75.691 45.286 84.799 36.82 18.995 89.078 13.075 0.0
90.218 37.095 92.326 83.713 52.776 25.196 26.554 70.219 75.795 28.346 71.115 74.782 35.996 87.585 30.089 27.708 80.576 25.806 1.0
83.501 39.261 81.27 78.762 56.907 34.61 27.585 81.163 67.666 32.065 82.799 80.988 43.56 93.503 41.985 21.124 78.845 17.181 1.0
89.828 31.415 91.644 89.177 57.129 31.492 23.419 69.83 74.007 31.76 78.3 81.94 40.718 87.625 31.394 31.044 82.769 27.843 1.0
82.571 24.469 95.608 77.766 43.822 31.207 28.401 69.466 75.046 33.84 82.702 79.096 37.117 83.261 41.314 28.889 84.515 25.797 0.0
75.121 36.663 87.248 80.443 43.024 28.877 29.673 71.652 73.503 30.701 72.615 79.002 43.817 89.298 45.048 20.065 87.178 13.879 0.0
75.058 27.565 86.162 89.085 47.366 25.208 23.574 73.275 80.301 31.326 76.565 71.893 32.247 93.025 38.513 31.131 85.774 22.141 0.0
89.949 23.629 87.69 84.025 45.554 35.148 24.83 68.856 74.574 31.767 81.311 84.56 37.587 92.561 32.117 25.712 78.626 21.955 1.0
79.943 31.931 85.669 87.743 43.673 29.571 20.562 83.412 68.607 27.325 85.828 73.298 38.205 85.322 32.089 18.715 90.654 21.331 0.0
89.537 36.227 92.662 73.498 56.934 32.245 31.168 81.29 73.03 25.844 79.902 80.926 34.067 79.624 32.073 25.773 92.036 20.305 1.0
86.582 28.275 95.678 79.715 53.983 31.736 30.903 81.296 81.346 30.58 84.698 72.214 31.882 78.776 37.178 30.462 91.931 19.649 1.0
78.64 38.61 85.207 84.703 51.401 23.395 18.868 83.373 76.826 25.014 77.876 82.335 46.084 86.096 32.82 24.693 89.271 17.004 1.0
76.209 28.659 90.583 77.185 46.713 28.352 26.864 82.298 75.017 35.519 81.347 72.299 38.551 87.207 32.101 30.211 84.348 15.0 0.0
78.864 25.882 92.958 74.382 46.328 28.033 21.989 70.697 79.523 23.245 77.148 84.962 32.169 90.018 45.058 21.894 76.965 17.428 0.0
82.901 24.779 92.183 81.28 57.199 34.964 16.231 83.8 81.498 33.121 74.044 80.286 46.171 83.86 34.665 29.479 82.278 26.774 1.0
75.999 37.773 86.698 87.839 56.478 25.207 27.474 71.218 68.217 37.741 74.301 87.1 39.874 93.656 40.731 30.185 81.788 17.796 1.0
77.001 35.837 86.583 87.228 55.103 22.036 20.362 69.2 78.088 28.107 81.34 72.128 36.67 80.942 45.327 31.178 92.026 27.59 1.0
80.666 31.393 89.639 78.396 44.867 26.649 19.554 79.766 70.658 25.248 76.522 84.851 46.723 86.978 41.363 27.154 79.443 17.062 0.0
83.197 38.535 92.031 80.518 51.755 24.425 16.714 75.319 67.818 29.845 83.023 76.258 45.306 80.746 43.162 20.482 83.132 23.966 1.0
85.899 28.161 96.684 80.631 47.17 33.126 19.053 77.601 81.887 35.277 73.256 79.174 35.411 89.723 33.996 23.739 90.35 27.037 1.0
83.158 35.799 91.749 79.019 46.921 24.201 19.316 70.089 70.62 23.575 86.457 83.034 35.702 90.845 44.821 18.255 82.42 21.966 1.0
83.706 30.306 81.62 82.269 49.193 22.071 21.323 77.807 77.257 26.071 77.391 75.34 31.435 93.718 43.372 21.348 89.122 28.43 1.0
85.685 29.162 95.24 77.114 45.93 21.584 20.934 72.82 83.221 25.105 82.644 86.505 43.437 93.308 31.417 20.904 80.109 19.208 1.0
80.03 37.597 85.777 80.808 54.941 35.829 22.649 75.092 83.481 37.669 86.673 79.693 37.048 85.851 37.688 26.651 84.783 22.464 1.0
82.056 27.832 83.209 79.897 50.451 20.767 29.783 83.384 80.853 29.216 82.134 80.0 38.946 81.021 38.669 22.441 86.072 27.436 0.0
78.671 24.531 82.115 78.115 43.601 26.504 27.355 69.663 68.22 27.255 85.776 86.812 34.825 82.285 44.624 32.37 78.199 27.03 0.0
75.26 23.782 90.925 88.131 42.081 30.958 25.443 68.587 78.712 23.17 83.036 74.683 38.039 79.268 32.215 26.074 89.96 19.428 0.0
81.153 25.434 91.073 83.764 48.59 22.844 26.825 81.165 71.662 25.68 76.406 77.577 42.056 87.138 38.473 18.959 83.918 28.126 1.0
84.99 33.867 87.085 88.696 41.926 33.552 28.37 78.671 71.783 22.834 75.559 75.012 32.226 84.511 34.799 30.547 87.288 17.005 1.0
76.023 32.045 85.048 83.421 42.365 21.106 28.867 70.152 82.297 36.733 86.309 72.683 34.643 79.119 38.91 21.238 76.531 16.827 1.0
77.698 30.863 96.218 75.068 56.02 20.821 18.634 73.0 73.489 35.27 80.718 76.748 41.482 86.267 40.334 23.071 82.169 19.935 0.0
86.716 36.065 88.775 75.237 54.735 29.096 29.685 75.538 71.424 32.669 78.738 75.343 34.316 91.331 36.656 19.01 84.578 26.262 1.0
89.122 32.637 86.879 73.727 54.823 27.133 23.826 72.809 83.164 34.253 81.806 83.32 39.167 85.09 34.044 32.308 84.792 16.485 1.0
84.266 32.725 81.168 78.968 53.494 29.715 28.616 76.021 69.369 31.435 71.691 75.783 35.793 84.329 30.313 23.173 80.967 19.602 1.0
79.378 35.705 94.889 88.857 43.043 25.633 19.772 70.901 76.612 27.352 71.71 75.449 31.578 91.27 29.509 19.098 91.231 13.44 1.0
88.905 38.322 92.455 73.361 57.333 22.61 23.355 69.712 81.157 29.798 84.177 72.561 42.093 93.13 31.784 26.949 85.177 23.584 1.0
74.861 29.728 95.017 87.073 54.191 30.47 24.562 76.408 82.4 32.07 86.914 80.251 34.153 80.572 38.45 24.036 90.003 25.485 1.0
76.401 26.111 91.151 84.164 46.765 35.991 17.807 80.023 79.085 28.526 75.425 77.138 35.127 87.066 33.005 30.318 79.104 15.104 1.0
76.104 32.424 95.699 73.628 49.993 34.987 31.158 78.631 68.559 23.934 79.205 85.362 34.256 93.204 29.498 29.555 83.877 19.112 1.0
86.686 24.381 82.883 87.212 55.904 34.86 24.245 68.725 69.248 25.131 76.999 73.981 38.518 83.207 36.937 31.865 92.07 27.514 1.0
75.362 33.187 95.844 77.416 48.097 33.03 31.126 79.887 78.481 27.613 76.491 74.736 41.427 88.765 43.397 25.282 81.958 23.802 1.0
89.402 24.436 81.58 83.23 46.858 33.038 18.328 80.025 77.164 32.685 71.58 78.496 38.703 85.894 42.469 30.62 80.927 24.254 1.0
87.015 30.912 95.638 79.788 55.359 30.918 30.381 68.667 80.804 25.501 81.1 85.195 33.993 87.739 31.913 23.667 81.511 17.531 1.0
88.637 24.017 94.099 87.096 50.57 20.581 23.019 71.374 69.601 32.298 76.864 75.125 34.321 84.045 33.324 29.303 84.288 22.878 1.0
81.794 33.87 90.236 78.553 43.885 33.066 30.814 74.381 69.747 22.572 81.575 87.157 31.126 80.419 31.662 24.449 85.861 18.684 1.0
75.876 29.979 88.877 83.783 57.506 35.82 29.116 80.496 80.084 35.85 73.163 80.496 36.442 88.365 38.776 19.892 88.88 18.46 0.0
78.226 32.389 93.476 80.737 46.436 33.669 19.117 77.179 69.831 38.091 77.68 74.443 44.623 81.182 29.965 19.075 89.291 20.492 1.0
78.43 35.66 86.529 83.2 44.635 25.128 16.623 69.621 80.492 23.125 84.733 80.601 39.902 94.156 44.479 24.229 86.054 16.574 1.0
79.166 27.885 88.663 81.335 55.958 33.49 21.549 68.898 77.887 34.03 83.223 80.851 40.178 89.348 31.175 32.926 83.293 20.367 0.0
88.036 24.595 88.421 87.553 44.633 22.245 22.564 72.294 82.037 25.588 80.966 85.862 42.461 88.5 45.108 33.466 83.777 24.514 1.0
78.187 37.775 81.231 74.55 51.933 33.706 25.897 68.628 76.259 36.868 78.493 73.938 33.281 88.013 37.789 25.141 88.948 14.349 0.0
75.327 35.411 82.04 88.373 55.563 30.401 26.573 83.24 68.784 30.175 76.12 80.884 38.214 87.754 29.74 18.926 82.412 24.031 1.0
78.059 36.556 96.916 73.396 53.235 20.408 23.583 67.985 82.533 26.865 78.271 73.452 35.286 85.339 42.488 32.271 78.584 27.869 1.0
82.323 24.096 83.961 83.68 52.145 22.296 24.383 76.571 68.416 37.792 74.521 73.045 33.31 87.832 31.232 20.753 79.837 24.15 0.0
90.765 35.293 81.811 73.262 52.286 30.611 20.237 68.781 69.58 35.792 81.472 84.373 33.388 81.363 40.688 20.017 84.753 23.523 1.0
84.765 28.374 82.898 89.033 49.975 21.893 22.61 73.75 76.368 23.081 78.518 77.729 38.435 83.284 36.332 19.089 89.308 15.929 1.0
80.397 32.821 90.325 84.137 56.363 28.713 18.155 72.702 73.648 28.724 86.878 82.683 38.295 85.77 37.901 23.242 77.49 18.21 1.0
88.805 29.445 92.634 74.508 53.707 33.063 31.154 77.16 81.078 28.441 74.007 83.589 41.117 80.665 37.985 26.384 80.746 14.242 1.0
82.28 29.603 84.427 85.636 43.397 31.168 20.459 83.521 78.346 38.437 83.25 85.531 38.707 89.744 39.809 18.941 78.01 18.835 0.0
84.444 30.57 81.678 88.825 43.005 33.934 17.173 83.531 68.698 34.295 84.387 83.015 31.13 86.712 44.348 18.624 82.449 17.674 1.0
83.304 34.739 82.407 75.027 44.685 26.385 17.382 70.171 82.638 31.505 79.188 77.096 41.637 90.986 44.36 22.119 86.858 22.472 1.0
75.435 37.514 81.53 77.686 56.165 30.87 24.294 69.021 75.368 28.191 72.794 77.246 40.939 93.983 43.226 21.053 78.056 22.863 0.0
75.965 24.519 82.519 76.704 48.685 35.368 18.61 74.355 77.441 31.366 84.365 75.106 31.196 79.939 29.441 30.568 80.785 18.312 0.0
87.041 32.567 85.695 73.365 44.993 26.224 17.819 80.88 81.265 32.312 81.324 73.853 35.338 88.187 38.868 18.031 84.532 14.337 1.0
89.879 28.784 88.891 85.743 46.692 31.764 25.108 78.823 75.028 25.73 73.62 86.693 35.387 85.081 33.165 27.988 87.439 18.88 1.0
89.988 37.583 90.676 73.458 56.989 30.437 23.341 77.26 69.32 36.04 77.672 85.853 42.8 91.829 31.938 28.087 78.201 24.748 1.0
81.102 35.444 87.462 83.718 42.977 33.168 27.323 82.5 69.055 24.821 72.136 73.061 42.579 84.245 31.79 30.292 91.593 18.994 1.0
76.521 25.408 83.961 83.873 43.008 23.331 28.733 83.268 80.476 38.151 82.532 78.769 46.684 85.204 36.916 27.156 91.857 28.907 0.0
79.685 25.065 95.649 73.237 46.997 20.133 18.179 79.221 72.912 33.283 82.26 74.439 42.258 91.413 40.858 33.234 84.3 19.909 0.0
76.118 25.72 90.157 88.649 49.069 29.698 22.225 68.524 69.038 30.772 73.643 77.326 46.123 79.986 34.531 32.148 78.288 21.081 1.0
82.316 28.793 88.986 86.414 51.713 33.299 20.105 82.966 70.49 32.589 81.269 86.867 39.181 93.721 44.755 26.554 89.016 22.456 0.0
81.325 39.373 94.607 87.366 57.37 35.902 23.713 83.175 77.35 34.062 85.199 85.874 43.911 91.019 38.451 18.387 81.647 18.485 1.0
84.472 27.742 95.37 87.043 42.749 35.684 21.813 72.729 78.53 25.378 85.285 71.984 46.651 92.149 36.541 20.347 88.727 18.95 0.0
78.37 31.28 84.265 76.573 44.338 27.422 17.594 75.921 79.254 30.196 86.053 75.659 43.007 89.48 30.551 32.815 77.41 15.551 0.0
79.382 38.44 92.167 79.129 45.195 29.669 18.019 75.598 78.983 36.285 86.656 80.621 30.945 82.866 35.828 30.912 84.153 18.465 1.0
81.871 35.609 85.786 73.911 44.283 29.283 18.721 75.302 70.248 35.232 74.544 76.299 35.41 85.159 36.784 29.997 89.798 20.547 0.0
81.445 29.559 87.458 75.65 48.813 26.386 18.685 82.229 74.393 25.721 74.215 86.742 45.524 92.09 44.962 20.514 85.626 26.792 0.0
81.479 38.92 91.314 77.445 51.943 31.673 29.235 81.039 80.487 35.945 86.265 79.396 33.193 84.431 31.252 27.51 80.591 23.757 1.0
84.361 33.809 86.571 85.204 42.736 22.772 23.175 69.145 77.756 22.809 76.943 72.065 45.072 79.008 38.133 31.762 86.267 21.416 1.0
79.575 33.721 84.057 78.3 44.491 31.801 26.609 76.861 82.64 26.699 72.978 79.039 32.562 80.361 30.367 20.217 77.921 18.377 0.0
87.76 24.646 88.757 77.643 50.549 25.705 25.153 74.589 70.985 26.227 84.051 77.421 31.851 81.099 42.254 21.137 80.711 19.552 0.0
74.807 30.033 96.352 73.805 43.754 22.566 22.297 77.581 67.659 27.832 86.034 82.508 45.517 83.639 43.807 33.173 92.109 26.162 0.0
78.308 35.669 86.461 83.229 42.359 33.473 28.63 78.685 71.166 26.07 86.616 84.408 39.462 79.549 36.116 27.309 81.958 14.319 1.0
76.564 37.833 87.648 80.47 43.246 23.269 17.367 72.109 77.278 38.436 83.558 86.754 36.07 82.662 43.034 23.96 90.392 25.283 0.0
90.155 24.633 91.774 83.536 50.48 22.338 31.813 76.613 83.184 35.477 81.675 72.535 43.569 87.787 32.326 21.618 86.55 19.595 1.0
79.85 24.859 91.142 83.569 49.002 24.236 26.103 70.393 77.85 23.213 76.818 72.854 43.407 85.398 31.748 32.948 87.62 27.112 1.0
88.697 29.219 95.509 76.339 50.908 35.362 22.634 75.424 69.872 35.449 71.86 83.465 45.078 84.784 32.313 21.821 89.117 17.262 1.0
85.383 30.0 91.131 80.671 46.767 22.869 19.723 69.327 69.014 26.812 78.442 74.355 41.822 85.15 45.065 23.532 84.096 15.752 1.0
76.366 28.298 89.897 75.892 51.508 28.436 22.719 72.512 68.5 25.348 73.16 77.589 42.511 85.294 37.621 23.617 84.517 26.829 0.0
88.953 37.228 84.483 79.231 57.365 28.517 23.853 72.288 79.091 33.757 75.072 79.432 35.263 92.184 32.221 26.741 90.221 25.463 1.0
85.326 37.558 90.272 85.576 52.115 22.326 23.641 71.532 67.765 27.046 86.768 77.456 45.003 89.616 38.691 26.936 76.736 28.432 1.0
74.869 24.876 81.519 80.102 45.449 22.738 23.593 76.875 79.159 24.107 79.085 75.159 45.126 90.28 31.682 29.717 85.479 13.308 0.0
87.977 37.061 81.758 73.507 46.841 20.915 20.463 72.436 78.418 22.515 78.882 77.864 38.974 82.262 35.009 26.38 90.09 23.556 1.0
81.01 34.973 86.104 77.672 47.302 35.146 24.962 73.003 76.663 29.974 81.139 86.614 45.827 88.427 34.66 24.471 78.144 24.731 0.0
80.516 25.685 94.728 76.409 53.752 34.301 25.771 83.527 79.39 32.99 74.964 73.234 37.385 82.955 43.018 24.979 78.815 21.962 0.0
87.768 29.163 88.493 84.103 55.14 24.789 20.061 69.726 68.263 23.488 78.878 79.446 45.316 85.622 41.363 29.37 91.574 18.791 1.0
89.582 30.015 89.461 77.926 43.914 24.908 17.156 71.878 81.955 35.622 84.307 76.553 31.09 78.887 40.01 18.581 87.871 14.803 1.0
75.057 26.665 84.239 76.2 48.733 23.543 28.573 77.122 79.512 33.685 71.939 82.734 40.785 84.706 35.433 29.533 90.324 13.36 0.0
86.663 27.964 94.889 74.635 42.7 29.909 18.471 68.754 72.788 24.24 82.572 78.046 33.584 93.963 33.942 22.531 82.54 25.247 1.0
78.67 37.376 96.33 87.164 42.675 30.625 25.849 81.473 73.575 30.756 84.754 77.225 36.96 91.358 34.075 20.396 85.344 25.649 1.0
82.486 35.428 91.982 86.545 48.487 26.484 29.074 76.526 75.46 34.417 76.019 81.014 44.002 78.681 33.081 33.0 80.047 15.127 1.0
79.209 23.787 83.112 76.106 45.523 33.088 20.339 69.435 68.437 37.91 71.643 74.751 35.502 86.098 38.994 17.763 88.869 13.795 0.0
81.558 37.591 83.677 83.502 51.677 35.442 26.702 73.148 74.867 31.767 83.363 76.447 38.308 85.586 31.723 28.15 85.533 20.624 1.0
86.435 32.274 86.171 74.806 51.245 24.072 21.493 79.01 78.893 27.272 72.88 75.028 45.971 82.975 30.874 33.1 91.46 15.491 1.0
90.616 27.373 82.98 84.937 55.268 29.494 30.79 81.655 83.034 27.08 80.059 75.87 35.499 85.861 35.415 18.156 87.273 20.554 1.0
87.115 27.246 84.762 80.768 57.421 26.523 24.019 83.4 71.884 26.604 82.571 87.576 45.791 87.741 43.185 24.093 92.37 14.672 0.0
75.978 26.225 81.396 79.839 52.971 26.776 16.902 75.51 70.672 35.369 78.622 79.199 35.867 81.958 35.303 22.229 78.201 16.788 0.0
83.975 28.194 87.611 76.843 47.888 35.385 25.916 77.34 72.845 38.096 74.519 74.065 44.743 83.729 36.384 23.395 79.502 26.385 1.0
85.53 36.15 90.88 84.999 54.938 30.113 16.299 82.709 68.145 28.912 83.01 74.015 37.588 79.253 29.601 24.629 84.976 19.181 1.0
84.199 28.679 93.87 79.923 44.581 29.89 30.788 69.446 69.08 36.945 83.5 76.481 34.026 84.254 45.188 28.854 86.031 20.077 1.0
89.281 29.553 94.545 77.463 54.904 25.494 22.211 72.889 80.593 30.573 78.31 87.528 46.423 87.695 34.348 30.765 91.354 26.853 1.0
83.118 33.58 83.776 81.953 46.657 35.949 23.688 77.466 74.661 37.187 84.544 72.731 31.57 83.045 42.131 23.054 86.698 19.468 1.0
90.327 33.996 88.465 82.362 44.851 21.773 29.614 70.517 70.28 31.946 83.581 74.731 40.222 79.759 44.434 31.193 88.616 24.37 1.0
89.913 39.536 86.424 82.01 47.04 24.006 21.248 71.274 71.012 31.634 75.984 72.778 34.364 89.173 37.01 24.398 84.164 15.253 1.0
84.913 30.452 82.314 85.702 52.198 34.911 25.428 68.042 69.296 36.31 81.789 82.691 35.742 94.063 37.199 19.268 77.099 13.378 1.0
76.781 28.178 81.602 83.848 54.756 23.9 26.495 72.764 72.725 35.079 85.043 84.272 46.527 84.14 38.408 23.676 80.236 27.425 0.0
88.948 30.786 87.874 75.638 54.952 32.329 19.383 83.155 75.484 32.258 74.183 76.071 44.965 91.011 40.459 19.157 91.719 28.282 0.0
900
82.188 30.487 91.187 82.24 48.875 22.218 25.103 83.202 79.471 23.207 84.079 72.992 33.294 89.639 44.052 19.062 86.424 15.111
75.895 25.577 86.443 75.712 48.58 31.559 29.588 78.275 76.094 24.469 80.292 73.564 33.079 85.784 35.241 23.804 86.732 20.827
90.571 33.842 85.886 74.714 49.313 28.065 21.081 73.376 75.824 25.201 74.185 78.712 45.809 81.949 29.489 22.168 89.228 26.505
80.556 34.454 85.245 79.003 55.231 22.912 17.562 73.808 73.687 25.783 79.633 75.044 41.585 79.011 39.461 31.87 82.402 17.509
89.77 39.182 96.645 76.721 54.78 23.553 31.8 83.236 75.756 26.967 79.104 75.032 31.92 84.614 43.033 21.98 85.524 19.094
79.228 29.56 88.776 78.815 42.601 27.638 30.226 72.132 81.384 27.541 79.037 82.6 37.014 83.069 30.192 21.927 83.362 19.193
81.654 26.748 90.651 80.853 45.635 30.929 23.218 74.204 80.601 29.196 72.236 86.656 31.922 88.312 30.064 21.609 81.677 16.402
77.507 34.418 86.374 75.993 47.276 21.079 28.341 72.845 71.717 25.298 83.522 82.433 31.867 86.746 34.078 19.988 87.94 17.163
84.742 37.174 87.075 88.098 54.782 32.749 22.442 77.959 71.659 25.784 77.339 86.363 45.964 79.299 38.433 31.563 82.817 25.755
82.26 37.393 89.144 86.007 50.511 33.234 21.582 81.192 75.019 28.163 78.671 75.009 33.995 94.106 29.679 29.324 91.437 13.768
78.821 29.115 92.377 84.605 45.433 20.151 30.215 72.299 77.895 22.505 73.534 86.406 31.609 94.454 32.03 22.177 86.042 21.834
80.028 23.812 82.22 88.66 56.606 25.576 20.259 80.663 70.536 28.042 72.432 75.233 46.08 87.878 33.487 27.177 85.266 20.046
84.524 33.889 89.736 81.869 48.958 28.818 26.407 81.998 75.14 32.305 77.08 85.596 36.196 82.776 33.734 17.757 82.707 26.082
81.557 37.043 82.063 85.25 50.828 26.437 24.05 73.954 77.209 33.653 75.037 72.65 42.047 84.991 31.112 25.476 85.647 20.783
84.636 30.719 87.088 84.814 48.899 25.34 30.049 76.994 70.693 26.427 85.221 74.275 34.942 91.47 32.297 26.695 89.591 18.882
86.155 29.652 84.915 81.237 53.887 29.174 23.25 72.106 68.918 36.902 73.72 82.082 39.259 82.678 38.314 31.591 91.919 13.702
82.636 26.966 89.495 84.08 55.494 24.837 25.58 83.107 81.145 26.63 73.993 78.183 43.036 86.241 39.303 28.01 80.418 26.344
87.429 25.562 85.157 88.903 57.166 29.081 19.986 81.138 73.066 23.164 82.085 74.384 44.781 83.39 43.978 26.013 89.655 22.417
81.094 33.656 83.802 82.329 57.046 25.962 19.124 75.585 74.799 32.915 76.132 87.162 46.615 83.492 41.709 27.632 87.432 24.823
80.61 30.46 88.142 79.791 51.645 29.605 20.63 79.511 83.284 31.957 73.952 73.671 34.447 88.562 32.546 29.097 89.584 24.234
84.228 33.501 89.831 82.354 42.331 23.989 16.975 68.636 72.396 33.189 83.929 72.521 43.142 81.164 39.596 25.204 87.987 19.358
84.573 34.168 94.322 77.57 57.044 30.023 29.112 79.655 68.651 34.998 83.558 78.83 31.274 80.278 29.584 25.269 85.466 22.674
84.625 24.969 86.067 84.575 52.139 21.011 22.622 73.523 79.223 29.975 71.731 86.186 46.835 87.941 29.561 28.59 80.266 17.704
82.376 25.035 86.415 86.442 48.99 23.969 24.819 80.456 73.97 29.485 72.153 85.916 38.194 88.116 39.831 21.731 80.76 24.421
84.964 31.932 87.272 82.467 47.658 22.928 21.699 80.697 81.007 34.682 75.293 78.089 41.585 84.929 31.213 32.536 86.824 27.498
84.476 25.846 87.076 78.971 43.61 22.22 22.752 67.984 78.748 28.288 75.513 77.745 36.234 91.328 36.47 22.042 85.336 21.461
83.591 28.782 82.321 76.796 45.09 35.198 24.189 74.138 78.423 34.695 84.803 75.17 34.651 81.882 42.711 30.246 77.0 17.105
81.597 35.271 94.018 87.433 50.275 22.778 17.971 67.994 74.812 35.389 71.87 81.055 43.335 93.624 41.253 20.2 79.653 17.703
82.119 37.613 87.817 87.259 57.498 33.913 28.839 67.967 70.634 38.454 85.47 82.462 34.203 81.869 30.412 18.333 77.504 25.036
83.573 29.184 83.816 83.121 54.024 21.991 30.7 80.634 74.475 26.774 73.171 72.617 36.278 92.293 44.474 32.768 79.168 24.125
79.077 35.187 95.524 86.746 43.423 32.456 16.537 79.263 70.62 27.243 83.063 72.771 38.132 93.262 30.797 20.381 76.697 26.699
88.509 31.799 85.511 75.7 55.2 34.041 20.681 78.744 83.284 30.128 83.167 79.637 31.412 94.154 35.988 27.652 83.865 18.453
75.184 34.612 92.083 79.907 47.711 29.275 28.975 81.658 80.19 34.008 74.169 78.226 31.62 84.173 37.592 19.07 92.215 28.188
80.649 29.695 85.208 81.503 47.805 20.076 24.194 72.632 83.224 27.71 75.325 77.951 31.397 82.264 31.015 18.174 86.315 28.534
81.906 26.78 96.746 82.863 47.163 31.686 26.336 76.318 72.792 35.813 76.267 86.013 45.821 83.095 36.825 26.599 86.608 23.892
77.25 27.033 90.109 80.934 42.522 25.839 21.474 77.557 72.952 28.673 83.626 77.412 34.972 91.145 35.801 26.245 82.283 26.902
75.452 24.997 88.889 80.876 57.292 21.203 28.25 80.017 70.517 34.393 74.628 82.694 43.678 94.331 31.939 21.729 76.859 27.424
75.402 37.81 83.533 84.171 45.362 34.499 31.97 80.855 79.282 29.31 81.692 80.255 41.309 88.662 42.072 29.691 77.625 21.057
76.539 33.227 83.958 85.958 49.103 23.061 17.177 79.382 70.598 27.626 84.735 78.307 34.044 79.224 38.17 31.116 79.4 23.992
80.11 31.182 82.395 88.81 46.346 31.242 28.531 78.13 82.082 28.537 84.692 87.741 40.503 84.178 39.081 32.653 76.572 16.293
82.602 26.62 88.628 80.535 46.35 25.388 24.676 81.588 82.219 23.448 72.036 77.383 35.364 90.128 30.371 32.077 90.59 26.147
82.519 28.437 95.525 85.297 42.717 24.84 18.726 81.917 74.632 29.467 77.3 77.518 33.833 85.091 29.56 25.009 82.383 23.107
87.576 28.572 87.765 85.701 44.69 20.141 27.232 80.754 70.668 30.323 83.715 84.87 39.802 84.627 41.575 30.466 91.253 26.401
84.871 35.785 88.194 85.999 54.133 20.569 20.929 81.198 71.897 28.083 79.774 80.856 34.544 79.111 43.104 23.052 85.932 28.459
88.511 24.598 82.668 86.628 54.12 26.546 22.5 68.855 79.703 35.013 71.487 71.83 45.22 82.646 35.898 22.591 79.687 14.585
75.433 33.519 94.459 87.397 47.253 23.982 20.63 78.066 81.162 28.886 72.871 81.816 38.376 90.608 32.946 19.912 92.323 18.7
82.654 31.962 86.774 85.403 54.058 35.224 31.427 78.879 72.473 37.626 72.408 83.658 32.281 90.056 43.114 22.274 92.309 26.521
79.141 26.514 81.315 85.576 49.311 33.878 18.32 68.818 79.874 22.938 82.12 81.449 36.579 78.678 41.127 25.879 81.503 20.069
81.035 33.694 90.97 76.805 42.6 30.99 30.332 75.755 83.284 36.527 76.228 84.448 43.304 91.001 42.248 25.573 89.881 27.203
81.141 31.499 94.2 86.707 43.089 29.745 20.507 83.817 69.275 23.005 86.166 72.674 45.918 90.525 39.993 25.149 76.678 22.141
80.219 34.014 94.657 79.078 56.658 25.381 20.018 80.918 69.027 29.142 85.643 79.477 42.88 83.762 39.98 24.164 91.556 20.286
80.74 28.68 91.697 79.334 48.342 22.859 19.436 74.188 76.355 30.287 85.724 76.99 44.036 92.684 45.371 20.096 83.673 27.398
89.834 38.912 96.744 79.372 44.729 24.824 21.832 82.852 73.208 22.897 72.291 73.834 32.426 90.098 35.432 30.499 89.539 22.194
80.834 38.215 82.057 79.017 43.965 20.594 24.141 76.638 69.385 36.384 75.707 82.135 40.481 94.254 33.316 25.474 80.823 21.829
78.826 34.233 89.703 87.332 52.124 30.344 16.436 76.572 70.056 38.077 81.146 87.442 31.336 90.886 36.594 23.929 77.061 14.687
88.607 28.235 85.452 86.192 43.163 31.936 24.735 71.098 69.462 28.304 81.023 82.82 37.679 92.705 42.253 20.852 81.043 24.599
90.31 34.704 97.07 80.752 49.672 23.384 20.726 71.141 74.86 28.151 81.521 83.867 36.095 87.619 33.169 27.943 91.19 27.493
82.3 29.225 94.062 74.002 46.264 31.213 17.054 68.913 73.854 24.37 77.399 79.405 40.593 89.337 39.534 30.517 78.421 27.347
84.289 26.561 94.625 76.829 47.423 35.128 21.987 81.463 70.183 24.634 79.015 73.567 31.513 92.866 41.949 31.64 90.322 26.266
90.334 37.59 89.357 87.357 57.257 22.714 18.107 76.372 82.809 31.397 77.625 77.562 40.266 93.249 29.637 31.064 82.749 15.982
90.495 23.872 82.662 83.987 52.914 25.722 28.406 79.671 71.728 26.91 72.954 74.678 36.081 84.585 36.626 31.228 85.602 24.051
90.176 26.985 91.675 81.08 51.777 24.921 20.114 82.16 69.82 36.325 85.271 74.655 44.587 87.065 41.119 33.015 81.909 23.109
87.129 37.413 81.761 77.234 55.443 32.602 25.096 69.125 71.337 36.525 72.108 74.952 46.755 83.413 37.965 18.14 76.613 13.949
79.953 24.776 96.546 83.193 52.015 22.688 22.688 68.214 78.488 32.04 72.612 80.015 43.762 82.074 42.851 28.465 80.423 18.814
87.465 36.256 84.776 76.085 55.819 23.953 31.358 70.902 71.695 23.257 75.986 71.862 38.122 88.166 29.542 24.701 91.28 23.066
89.697 31.613 96.295 82.406 45.741 25.621 17.516 72.723 74.641 27.718 77.706 80.478 46.546 92.358 37.188 20.671 89.326 18.804
84.303 39.171 88.338 87.266 50.354 23.024 23.454 74.716 81.946 27.87 82.781 86.309 39.844 84.053 44.065 25.042 79.094 16.426
85.042 33.801 94.319 79.127 48.526 23.862 24.829 82.268 79.969 30.33 86.035 81.731 36.863 84.193 41.077 29.497 82.477 19.656
87.824 29.335 84.588 84.768 44.718 29.72 31.825 75.901 70.767 37.331 79.673 76.56 45.446 85.699 39.859 18.041 89.993 22.958
79.183 29.049 87.326 78.099 48.153 29.25 20.487 79.885 82.534 31.657 83.477 80.524 40.181 84.315 32.677 20.299 90.505 27.099
89.751 37.248 82.983 81.032 56.377 29.509 28.613 74.81 74.279 31.068 80.467 85.311 41.146 79.816 36.262 29.742 77.965 19.475
84.73 30.793 96.744 81.235 54.304 24.132 24.095 69.35 77.321 33.262 86.899 79.045 46.401 81.666 40.922 31.792 78.093 23.172
79.506 38.164 85.494 82.591 49.137 24.581 28.776 79.302 69.198 31.222 73.959 77.496 40.969 81.836 30.737 25.287 84.624 26.827
81.147 28.449 89.317 74.729 54.226 25.462 16.092 76.589 70.979 28.431 71.459 80.225 46.272 84.679 32.094 23.562 81.716 20.672
77.952 38.427 83.868 88.463 49.314 34.607 21.348 77.732 70.803 29.225 78.353 81.267 36.576 84.4 36.828 31.552 88.734 24.218
83.078 34.424 93.094 84.296 48.08 29.729 29.049 68.805 68.861 35.635 76.256 76.701 45.482 83.38 43.993 24.062 88.289 23.707
85.155 34.502 84.428 74.265 43.114 24.611 29.564 75.144 83.112 36.042 72.687 84.471 33.152 87.19 31.688 26.986 81.219 13.083
80.967 36.841 89.769 84.92 52.64 27.308 17.625 82.572 71.317 24.803 79.847 79.642 36.361 78.692 40.657 22.125 92.273 28.621
82.496 30.642 95.281 80.276 45.562 25.747 23.585 82.491 73.309 32.306 76.35 72.243 34.682 90.086 41.117 28.529 82.476 21.916
75.631 36.81 88.383 87.136 57.353 21.443 19.617 82.591 78.335 33.913 71.728 81.482 31.942 90.36 43.373 26.375 77.528 16.837
81.66 25.195 85.067 80.802 56.622 20.979 28.95 77.788 76.915 35.443 75.436 84.69 40.306 85.092 39.429 30.443 88.62 21.149
78.163 25.825 91.485 75.479 44.057 25.197 31.747 81.133 71.256 37.716 76.773 79.469 38.648 84.122 41.065 20.645 81.99 22.933
80.192 34.771 92.004 86.914 55.642 28.208 28.681 83.279 70.685 25.044 77.271 76.664 44.979 86.991 32.989 33.466 78.93 16.95
83.077 36.454 84.386 88.761 57.164 23.41 20.191 83.597 78.383 31.802 82.746 75.189 44.789 91.505 41.475 27.952 81.695 28.223
82.948 39.135 86.54 75.836 50.263 20.1 19.602 73.543 82.389 36.55 78.282 76.666 41.598 82.615 32.019 24.275 83.413 15.709
82.698 25.108 83.72 79.237 42.041 21.534 28.11 70.344 74.59 25.009 72.945 80.535 32.109 83.595 39.197 30.043 78.171 20.895
77.657 31.951 90.077 83.394 48.335 31.674 20.612 69.876 70.861 38.155 83.839 78.949 43.415 80.886 35.966 31.969 90.818 13.237
85.638 37.028 85.014 76.598 45.14 22.634 25.131 67.928 80.705 27.273 84.153 85.611 33.957 92.427 31.037 20.185 85.102 24.819
86.6 25.451 83.51 84.573 44.716 26.941 19.133 80.269 83.234 25.229 71.41 86.924 46.52 81.643 30.407 19.086 85.612 28.863
89.037 28.442 82.264 79.16 49.13 20.684 23.581 77.034 70.186 34.178 79.406 72.546 34.434 89.794 33.507 27.972 83.806 25.547
79.48 26.311 94.997 78.116 51.512 27.753 16.747 80.859 70.045 25.169 73.072 73.65 41.276 89.796 38.238 19.603 78.804 26.944
90.523 25.51 84.749 73.956 50.282 23.125 25.118 76.201 71.025 32.811 78.78 71.98 39.032 93.119 33.19 28.966 87.234 16.734
75.318 24.372 97.014 85.278 55.602 24.177 23.674 76.092 73.912 37.69 73.038 79.301 30.931 89.267 37.758 23.339 91.073 21.228
76.302 27.353 81.587 80.894 47.873 28.206 27.113 82.913 75.996 31.587 72.417 75.403 39.677 85.263 35.423 17.983 89.865 20.887
83.835 34.08 86.498 87.661 46.586 20.198 29.558 73.999 70.371 26.321 73.596 73.529 31.624 89.08 41.081 19.64 91.747 22.37
78.762 34.521 87.598 89.149 42.155 33.526 26.855 70.368 76.817 31.964 85.532 76.786 39.353 81.506 39.987 29.587 79.835 18.548
77.858 29.938 88.261 73.399 47.268 27.576 28.107 75.986 75.47 25.476 73.595 78.994 46.08 80.279 33.861 20.842 84.941 15.834
80.377 25.322 83.761 74.241 43.003 29.79 22.727 76.439 72.404 29.314 71.981 81.086 39.201 92.994 37.909 25.594 88.908 27.288
84.867 23.98 94.762 80.556 47.486 24.801 16.511 75.362 76.326 23.608 85.129 75.175 43.247 85.798 43.994 28.135 82.639 23.539
75.372 34.139 87.053 84.523 44.988 24.629 24.896 73.013 73.859 34.828 78.17 80.597 36.038 84.597 39.706 29.778 91.258 14.247
79.901 33.096 91.92 87.942 44.791 29.812 24.982 81.949 80.934 29.958 72.658 84.875 40.349 89.528 31.953 22.089 92.071 21.827
86.224 35.657 90.203 84.353 54.321 20.288 27.018 78.678 80.793 25.517 76.321 78.93 36.314 85.602 36.206 29.479 83.839 16.002
85.42 35.914 86.229 79.497 52.448 32.056 31.006 73.78 80.759 28.159 82.034 80.703 43.662 92.09 41.656 27.561 87.196 20.581
86.733 32.849 90.174 77.353 52.503 23.529 26.822 79.528 80.647 28.304 77.516 75.909 45.901 82.796 39.611 26.998 81.933 26.949
77.558 33.217 85.107 85.71 46.524 26.61 26.516 78.452 80.618 27.304 83.346 82.619 40.242 79.156 40.393 21.277 77.96 16.988
82.229 34.397 86.707 74.026 51.483 20.222 22.176 70.429 75.941 34.973 77.405 83.834 32.163 83.232 36.178 19.908 80.421 21.27
87.284 27.268 86.7 81.789 50.897 23.214 20.923 79.81 80.766 24.684 85.77 86.383 45.826 84.934 40.333 19.738 77.124 20.663
87.603 39.012 86.126 87.985 46.401 20.38 16.076 75.771 74.035 26.348 78.595 72.773 37.034 83.353 33.101 20.169 87.736 25.492
78.386 28.921 93.052 78.51 56.403 35.401 19.089 72.559 76.067 25.218 75.284 81.639 44.535 86.873 36.28 33.284 88.555 27.697
82.165 38.459 93.926 77.852 51.125 29.253 28.294 76.144 73.197 36.997 83.625 83.838 36.43 91.683 41.37 31.71 81.488 15.533
80.924 35.367 94.455 86.625 47.614 30.957 16.369 70.599 73.857 25.418 71.632 83.201 37.768 84.588 32.117 24.363 80.603 20.051
81.445 25.475 82.102 76.486 50.676 29.619 19.257 72.664 75.388 36.22 80.104 78.657 34.046 85.74 41.469 32.996 91.889 13.599
85.667 24.64 91.721 82.434 47.52 29.733 18.125 79.365 69.705 25.997 86.76 87.669 40.973 92.385 34.275 31.592 91.123 22.474
80.056 35.96 81.477 87.116 55.095 23.823 16.902 71.647 79.838 34.713 76.942 86.6 40.987 86.077 37.07 27.412 90.451 20.886
88.115 23.634 87.924 81.979 52.888 28.038 25.677 75.996 75.692 37.571 76.04 72.716 34.685 89.393 38.884 33.593 83.477 15.838
89.105 29.825 93.145 76.289 45.226 32.653 25.841 83.676 74.72 23.435 74.611 83.238 46.261 80.576 37.985 29.456 79.88 24.932
76.384 32.435 93.594 86.758 47.796 33.011 25.907 73.386 70.07 32.278 76.472 83.903 36.19 80.572 30.755 17.736 87.815 26.347
78.783 35.607 89.712 74.819 44.286 32.44 19.344 78.852 71.122 37.974 80.677 72.937 37.189 79.487 30.846 32.761 83.594 24.558
76.113 27.75 82.361 79.632 46.102 25.934 18.354 81.739 79.376 37.832 86.041 86.923 44.519 90.919 36.829 21.69 77.075 23.468
83.56 24.85 81.891 81.566 53.938 27.125 21.332 73.14 81.645 36.905 79.163 81.425 38.025 91.67 38.402 30.094 84.691 19.047
88.726 33.212 85.586 80.164 55.192 28.058 24.831 71.618 72.58 31.797 78.572 81.746 35.989 90.066 43.468 18.893 92.262 14.249
89.776 33.872 88.201 82.097 56.995 34.12 20.675 71.727 68.912 29.079 86.577 79.876 33.261 83.667 29.732 25.935 87.514 14.542
89.331 28.455 82.244 79.464 56.127 21.864 20.661 69.768 75.758 37.646 76.181 74.154 34.033 79.453 36.939 26.597 85.598 14.054
78.841 25.84 87.79 76.216 54.736 30.513 22.387 76.179 75.253 36.079 80.645 77.28 38.533 80.188 34.357 30.434 77.32 24.31
83.942 28.322 89.572 85.471 52.821 35.651 22.049 72.17 68.5 27.734 73.058 74.831 38.598 88.616 31.651 21.734 86.203 27.394
88.838 25.822 93.913 76.079 53.35 27.744 26.091 82.346 73.135 36.369 85.207 74.342 38.537 88.004 41.348 31.342 87.856 19.678
88.721 38.719 93.955 81.26 54.106 27.083 20.713 72.016 73.646 36.895 79.922 85.338 39.721 82.882 37.737 22.376 86.976 22.138
81.899 38.894 85.269 74.048 51.327 20.062 27.345 83.15 70.869 34.686 76.71 74.438 39.068 79.793 31.681 29.939 91.966 20.029
84.867 27.099 90.053 74.003 42.051 21.23 28.423 83.865 74.131 31.251 80.685 78.702 34.597 88.834 29.685 28.629 77.068 26.56
85.901 29.417 87.881 86.054 50.203 20.096 28.296 72.819 80.615 24.361 85.779 84.311 45.037 93.333 43.092 24.223 89.31 18.472
85.685 25.508 86.083 78.773 46.261 28.088 24.18 80.351 78.495 36.263 71.183 83.527 35.803 82.295 32.506 20.761 89.419 27.856
88.82 36.815 82.47 77.613 53.976 21.267 29.214 73.632 69.504 31.574 80.896 77.268 41.312 91.372 41.938 25.996 85.488 17.792
77.31 38.606 88.223 78.714 57.089 32.388 21.692 69.017 75.649 37.554 83.892 75.5 38.043 84.695 33.65 25.367 82.691 21.435
83.242 27.722 86.317 73.887 50.716 35.511 16.616 76.123 74.209 37.984 86.257 81.752 44.043 91.004 39.202 26.127 84.048 26.921
84.808 35.096 88.047 74.341 41.67 28.629 18.218 69.382 79.844 28.27 86.387 74.232 45.16 86.068 42.323 26.127 86.779 18.079
80.286 26.504 93.229 85.494 55.421 25.269 24.826 83.018 70.689 29.538 79.175 86.187 43.214 83.297 29.596 31.005 90.045 13.264
88.515 27.536 90.155 84.525 46.729 20.966 17.824 70.525 72.233 22.766 86.506 87.635 41.715 94.595 36.564 33.109 84.844 25.797
76.913 23.797 84.919 79.707 44.261 31.555 17.244 71.073 70.009 35.36 77.94 78.322 39.476 90.148 42.755 32.633 82.863 18.324
78.768 31.411 85.713 73.953 51.24 27.653 17.148 79.288 69.344 33.354 84.64 79.087 44.975 85.074 40.522 28.748 77.326 28.863
84.664 39.404 82.542 85.461 44.752 20.677 28.156 82.376 71.133 37.453 79.06 74.406 38.543 84.71 40.954 29.37 91.081 19.279
82.572 34.035 86.422 88.219 47.163 22.451 23.329 74.94 78.377 25.271 83.19 85.033 39.19 80.585 39.52 26.037 84.716 22.537
84.393 31.105 82.108 75.727 51.729 20.057 21.368 72.533 78.724 32.823 83.755 74.532 45.163 85.309 31.903 18.923 92.402 20.764
82.52 24.748 96.266 86.553 51.449 25.734 17.901 68.568 79.126 37.423 82.379 73.718 40.708 90.868 35.613 21.086 84.697 22.192
76.353 26.354 92.848 80.691 53.727 23.829 25.861 83.132 73.078 29.881 74.783 72.907 41.85 86.466 30.789 20.934 84.694 16.394
87.926 25.94 84.955 77.673 50.532 22.026 16.907 82.715 73.431 27.188 77.822 76.83 43.454 91.225 44.266 31.729 79.49 13.206
86.968 34.181 95.055 86.024 46.933 24.403 23.063 81.006 71.388 29.348 75.643 81.838 35.656 83.424 35.805 28.328 88.817 18.423
81.079 31.216 81.733 75.094 47.142 26.132 19.158 78.175 72.088 25.71 72.282 81.956 33.496 89.92 34.139 32.579 92.243 15.733
81.064 28.901 93.748 83.639 51.443 20.945 17.197 74.216 73.852 35.72 86.739 77.451 40.808 91.629 38.29 25.059 88.108 25.552
85.575 28.518 92.254 81.63 42.979 21.888 26.211 77.445 79.764 26.746 73.109 75.88 45.034 85.133 42.899 31.798 91.256 24.302
82.548 38.622 90.292 80.444 44.834 27.266 30.57 74.841 79.751 28.048 77.571 85.687 43.334 94.348 43.56 28.167 78.907 14.596
90.032 31.834 94.456 74.458 47.451 22.274 16.454 80.433 69.339 28.238 76.126 78.393 37.888 86.277 43.249 28.335 90.86 16.266
76.881 37.946 91.161 81.898 52.474 23.402 21.327 74.634 74.628 25.729 80.666 77.111 41.888 91.949 36.449 19.155 85.047 22.638
77.208 25.31 93.777 84.917 52.978 35.373 25.203 73.877 81.828 35.99 78.058 86.294 32.955 88.362 39.781 29.598 88.053 17.045
81.809 27.046 84.664 76.773 56.922 30.535 25.307 77.322 80.392 37.163 84.698 87.075 45.008 87.329 32.829 20.887 88.096 18.128
87.292 34.26 86.106 88.249 47.652 22.42 16.835 72.787 69.213 28.739 80.536 72.959 36.86 78.939 43.199 32.214 78.097 17.315
89.42 34.608 92.187 88.048 43.289 33.542 19.1 73.701 81.886 28.33 84.831 87.331 43.458 81.856 32.42 25.401 80.458 26.628
81.002 23.857 92.877 84.769 52.184 21.793 22.863 82.444 83.446 35.193 85.452 72.941 44.945 81.536 34.908 18.722 82.729 20.584
86.358 27.1 87.117 78.036 47.734 23.263 20.161 83.896 77.424 32.221 81.271 80.207 37.42 91.641 30.656 31.327 79.039 19.708
85.012 25.666 95.925 73.876 44.072 34.639 22.331 70.259 77.018 28.491 72.31 80.016 44.999 87.524 39.781 24.098 87.671 24.056
88.546 38.692 93.341 73.478 54.137 27.325 24.586 72.369 78.114 22.628 71.409 81.527 42.69 82.55 31.594 20.63 82.594 22.276
80.307 29.888 87.529 82.098 52.622 23.437 21.86 76.594 75.129 37.236 73.291 72.988 39.903 89.336 42.233 32.734 81.191 20.457
77.033 30.199 90.437 87.129 54.718 22.615 31.925 76.438 81.688 35.99 80.347 74.37 46.677 84.4 39.529 23.12 81.5 22.264
90.66 39.343 90.231 74.404 43.058 34.878 16.935 70.546 81.718 37.939 84.864 76.893 35.81 79.205 45.086 19.549 78.72 21.92
75.599 28.302 87.404 79.334 50.82 26.545 31.334 80.152 69.233 38.302 74.584 78.496 35.211 78.966 39.357 23.983 82.926 14.622
77.409 29.082 90.198 75.44 43.428 34.197 20.927 83.294 75.858 26.804 73.399 82.87 34.203 87.444 40.863 26.68 91.571 17.857
75.433 34.53 96.922 88.757 53.274 22.177 26.202 75.291 67.842 28.06 78.467 76.489 31.268 82.783 30.771 19.358 83.77 18.763
85.558 30.786 84.202 86.68 43.17 34.011 31.605 82.94 72.264 35.483 79.171 75.547 45.432 79.074 33.066 27.233 89.074 26.175
74.927 31.782 89.489 81.411 56.227 29.454 29.03 82.207 81.074 23.309 78.258 81.583 35.29 83.367 32.386 18.547 79.07 19.51
86.278 31.657 94.157 78.054 45.767 34.817 16.666 77.484 77.24 33.888 72.581 74.09 33.696 92.672 36.158 29.342 86.22 24.77
76.59 26.329 93.856 75.997 51.193 27.133 31.817 74.029 79.576 35.163 79.272 77.06 37.787 92.705 37.181 29.024 86.999 18.944
89.004 30.809 86.411 88.719 51.913 35.917 23.591 68.111 73.42 30.695 75.596 87.539 42.774 83.226 43.463 22.975 77.173 14.143
76.326 30.462 84.753 79.246 53.329 20.612 26.685 77.045 80.26 26.919 83.305 75.124 40.006 84.266 36.815 22.502 84.181 22.772
78.033 31.453 96.311 77.735 56.235 35.952 21.404 81.715 82.46 33.903 80.356 73.061 36.783 91.495 34.845 32.429 81.549 20.4
89.946 38.537 89.296 83.312 53.62 24.553 22.86 75.955 82.926 24.152 82.868 83.532 35.44 90.062 43.84 19.988 85.234 13.269
77.569 29.736 88.861 80.163 49.105 33.475 24.713 77.549 83.437 34.922 76.484 72.5 30.919 82.16 37.9 32.942 87.686 21.133
83.524 28.758 89.448 75.949 56.87 23.279 26.705 73.331 74.677 37.066 77.822 72.975 31.894 92.408 36.526 20.863 88.324 16.408
85.04 29.524 83.621 81.824 52.355 25.504 16.445 71.409 69.083 34.249 74.627 85.23 45.902 82.942 41.929 24.41 80.704 23.202
86.886 35.694 87.523 86.172 55.205 32.587 19.97 72.31 78.105 27.811 82.682 79.681 32.003 87.152 38.565 32.795 85.656 16.875
76.838 36.033 87.279 76.614 47.337 29.581 16.624 81.777 75.209 32.139 84.173 76.571 41.209 93.432 43.168 21.645 77.847 20.645
87.386 37.912 90.245 85.71 45.398 23.462 22.581 71.271 70.08 32.386 86.768 80.893 37.328 78.664 35.086 19.301 92.304 25.512
85.183 26.927 93.602 87.845 56.053 24.827 17.593 69.03 68.329 24.189 75.673 78.494 40.332 93.028 31.015 26.346 82.804 19.8
87.662 35.979 81.427 80.324 56.785 29.277 16.146 80.889 76.333 25.515 76.779 75.026 40.255 89.045 40.675 23.875 92.365 15.013
90.295 39.179 82.117 86.198 42.348 34.67 24.756 69.511 73.613 32.374 73.26 82.006 35.862 93.57 33.428 21.894 90.429 14.806
81.09 34.915 82.785 86.045 42.531 20.394 18.879 76.598 77.397 22.675 78.611 76.963 36.207 87.112 35.903 21.21 86.688 26.523
86.811 36.125 95.647 75.933 52.143 23.748 26.124 80.059 77.2 27.498 86.372 73.05 36.75 79.272 37.219 32.336 88.0 14.311
89.756 32.641 95.356 86.1 57.519 33.315 31.604 79.536 81.425 25.52 72.855 87.278 41.576 90.573 37.695 32.524 84.006 18.525
88.362 24.793 96.069 76.818 45.562 33.516 20.797 72.56 70.104 25.161 74.732 76.064 36.995 89.277 32.302 19.932 87.258 28.239
90.057 28.997 86.304 81.562 44.823 30.525 29.039 81.441 72.468 29.995 76.025 87.5 37.533 85.151 36.452 29.895 88.888 23.403
89.515 31.857 85.566 87.083 57.437 33.327 25.173 83.654 75.002 36.953 77.074 84.965 43.846 86.02 36.031 22.248 83.992 18.253
75.123 38.591 86.418 76.721 49.882 33.519 16.407 68.668 69.061 35.334 79.165 82.101 36.379 93.369 38.072 22.452 87.072 18.646
77.596 36.153 88.466 86.865 43.626 35.91 21.309 81.937 70.089 33.806 73.679 81.489 37.808 83.673 43.132 28.048 81.727 13.323
82.036 33.012 83.592 78.129 55.253 29.55 18.002 78.078 76.641 27.791 81.52 86.172 33.827 89.763 45.0 26.386 88.621 16.606
77.406 24.42 85.588 80.512 42.175 24.902 20.804 80.603 71.104 24.018 83.583 77.507 42.848 79.94 35.27 31.087 76.985 13.335
90.371 32.825 84.265 78.26 49.911 24.581 24.474 72.141 77.158 34.454 74.214 75.37 31.7 84.369 34.615 21.85 84.591 19.537
76.03 39.355 87.512 77.448 41.79 31.021 22.539 75.106 72.599 23.554 74.565 83.52 37.284 85.45 33.012 23.515 85.851 20.198
90.226 35.249 83.639 84.914 46.031 22.03 20.162 78.878 79.341 33.612 77.415 80.404 39.774 82.813 39.186 21.96 81.297 16.902
77.254 31.481 95.635 85.545 56.144 33.483 25.681 80.236 76.002 29.943 82.299 73.374 34.763 92.099 33.975 27.539 89.703 15.477
90.56 32.317 96.068 88.224 52.388 20.464 25.722 72.337 83.274 27.66 71.07 77.868 31.101 80.202 44.888 33.562 89.713 24.491
80.805 27.395 89.636 78.755 44.845 32.401 25.903 68.907 74.299 23.54 75.861 73.263 37.707 89.514 42.494 26.574 89.934 17.596
80.207 23.925 93.694 73.736 52.482 23.202 30.572 71.174 82.305 29.232 78.801 83.273 31.889 86.295 32.312 20.322 84.04 28.766
82.589 32.498 91.698 82.392 52.366 20.288 21.576 77.196 74.011 32.918 77.411 81.295 31.993 87.093 34.328 23.716 83.551 17.835
75.526 24.701 96.56 85.399 54.733 26.03 29.965 83.018 77.895 23.063 81.618 85.139 41.921 88.94 39.402 26.023 78.459 25.843
85.451 36.628 81.845 77.039 55.42 32.188 25.122 82.295 74.12 30.353 81.019 76.099 37.078 90.145 33.947 24.594 86.062 16.291
87.826 38.282 90.505 76.787 53.372 24.73 31.048 68.983 71.221 27.32 82.992 74.815 41.54 79.133 37.94 28.332 82.327 27.382
88.762 38.533 87.648 86.57 42.467 20.935 24.874 81.815 69.017 35.37 80.166 84.923 34.174 91.73 29.933 25.532 87.575 18.101
78.001 36.534 95.669 87.304 48.639 35.58 27.87 76.663 74.903 37.197 84.323 72.819 36.603 89.101 39.322 19.553 83.469 28.87
85.275 27.248 85.991 84.458 41.618 25.223 22.582 70.96 70.809 38.293 79.867 83.382 39.049 80.551 37.042 28.659 88.864 27.277
75.941 39.238 84.207 82.899 42.535 27.086 17.722 82.792 73.207 35.724 82.483 81.991 42.987 80.35 35.74 19.03 83.068 27.255
85.454 28.073 93.074 85.689 42.412 33.133 22.444 69.761 81.79 24.609 84.567 73.875 31.315 86.696 33.233 21.263 77.082 22.252
76.681 37.156 91.658 76.897 48.603 35.745 19.21 74.939 74.262 34.14 79.767 75.319 32.839 89.058 43.695 24.642 87.875 16.26
80.678 34.786 91.915 77.153 42.384 20.017 31.527 81.807 70.278 28.561 85.468 77.818 40.122 86.048 36.733 21.786 82.541 27.777
79.526 29.057 83.096 77.554 53.499 31.98 21.829 69.736 80.329 22.883 81.519 79.512 34.581 90.71 32.013 25.567 90.072 24.45
81.525 35.246 83.273 84.963 53.287 22.76 18.747 72.317 68.827 37.64 77.646 75.887 31.204 90.391 37.617 29.551 84.255 21.119
83.679 25.271 83.333 80.482 43.7 21.435 24.77 76.286 81.0 24.2 73.559 78.08 40.624 83.501 34.338 20.016 89.945 27.561
85.271 27.334 94.806 74.572 47.297 24.639 26.269 74.548 73.313 29.518 82.696 72.497 39.989 89.337 40.941 24.167 77.349 23.849
77.027 31.022 94.37 79.315 41.772 25.558 26.817 70.955 74.29 32.465 81.211 83.102 34.726 84.776 40.473 29.687 80.296 25.913
77.498 25.564 82.326 73.629 45.909 30.16 22.343 78.803 70.194 37.672 74.61 75.377 39.259 83.235 40.665 30.642 80.835 20.463
89.432 32.42 89.21 76.863 55.978 21.004 21.365 80.687 76.54 28.225 71.926 74.785 35.595 90.117 39.678 26.864 89.274 15.04
79.415 34.262 88.17 79.956 53.822 22.521 19.736 69.854 78.709 35.435 78.123 72.27 42.353 79.041 35.91 21.828 78.929 21.508
75.717 31.853 93.174 88.749 49.003 20.45 25.425 79.455 78.534 26.05 78.796 81.817 45.029 93.813 39.022 27.979 87.957 23.964
82.544 32.995 96.125 87.569 43.224 20.426 17.212 69.189 78.097 23.274 74.516 85.952 33.642 88.365 44.932 19.934 77.864 23.481
88.615 35.586 95.495 85.684 54.69 25.849 23.611 70.966 80.672 35.998 82.085 75.255 43.741 86.399 35.567 30.402 78.933 21.833
87.059 36.716 83.2 85.336 54.809 35.206 24.769 70.523 81.213 34.074 77.654 80.615 31.563 89.851 40.59 19.514 84.878 19.298
80.868 30.442 94.658 88.19 44.301 21.328 19.719 82.519 72.072 30.262 84.424 71.946 44.038 90.653 37.059 26.178 80.342 16.747
82.886 33.141 88.936 78.482 50.94 30.661 16.428 74.6 80.822 36.964 75.698 77.669 44.394 79.489 41.487 20.148 83.548 22.569
86.229 28.324 88.024 79.94 42.38 23.298 24.082 75.049 67.639 36.45 71.517 84.101 31.191 84.669 38.654 23.321 80.067 13.764
84.496 27.81 87.986 80.513 57.35 25.488 23.228 80.543 83.276 26.087 81.547 78.439 46.394 93.225 32.203 29.666 83.233 20.294
80.898 38.363 87.682 74.141 51.444 23.124 27.436 68.753 71.528 36.847 76.198 76.877 37.595 87.355 37.745 27.009 91.705 17.338
76.101 37.498 81.239 85.948 46.811 31.171 28.006 73.789 71.413 34.739 80.356 75.097 46.857 82.603 37.905 33.31 85.768 22.049
82.124 24.701 82.839 84.513 47.864 21.231 21.933 80.781 78.576 36.225 71.787 74.421 45.67 92.729 37.8 17.994 91.08 16.53
89.399 27.25 92.934 85.131 44.353 29.89 19.32 68.475 80.764 26.204 77.252 77.599 38.08 94.481 37.465 25.965 79.758 16.617
83.668 25.75 92.764 88.602 56.404 21.66 16.293 82.76 74.864 31.127 81.963 84.073 42.347 90.179 35.711 18.955 82.478 17.116
74.805 29.459 81.865 85.753 46.823 22.928 18.167 73.042 72.011 26.595 83.53 86.971 45.878 91.843 42.272 26.276 79.191 27.074
89.62 35.136 82.51 78.6 52.026 35.657 19.566 75.338 71.364 29.408 79.778 74.557 38.18 82.938 36.788 28.596 91.209 23.787
77.414 28.22 84.559 78.319 48.983 30.984 31.668 82.749 73.852 35.055 82.989 71.83 32.804 83.223 31.445 23.167 82.843 16.392
76.231 38.905 87.884 83.121 56.519 27.269 18.644 69.26 79.86 30.188 76.334 86.818 46.696 83.355 40.628 30.648 86.883 23.114
81.173 28.204 91.027 86.031 52.514 25.536 16.138 69.456 82.784 38.496 82.243 77.964 31.923 80.443 34.473 29.621 92.01 22.914
78.019 39.369 82.393 84.116 49.137 21.516 24.789 82.016 83.059 28.322 73.617 77.576 32.484 92.727 34.317 22.685 77.828 14.908
79.568 27.081 88.277 87.295 47.261 29.018 21.505 77.145 70.109 35.441 73.619 81.559 31.202 82.454 37.71 25.7 80.734 20.866
76.071 32.574 83.096 83.356 43.261 33.037 17.267 79.055 74.234 37.107 73.098 84.702 43.843 93.279 43.755 24.745 80.99 14.52
76.976 26.532 82.934 76.446 56.129 21.695 20.502 73.967 77.592 27.509 83.862 79.875 42.836 79.42 40.515 28.529 90.949 21.371
78.374 35.35 94.326 88.557 41.892 31.603 27.282 80.865 79.793 23.334 75.792 76.215 36.976 85.292 42.364 22.069 83.405 24.852
79.314 24.354 84.754 76.039 49.761 27.151 27.174 75.666 69.135 24.905 72.867 71.898 36.466 88.837 39.93 17.771 90.332 20.813
81.665 24.196 96.464 88.172 48.575 28.792 25.085 72.862 72.645 34.749 82.289 82.723 32.22 85.453 39.326 29.543 80.383 17.993
88.877 26.887 92.631 77.536 47.268 22.18 20.684 68.951 82.675 31.702 81.112 85.56 46.693 93.976 44.404 29.02 91.314 25.593
87.992 24.82 92.665 84.22 57.444 27.38 23.444 68.666 78.702 23.405 83.174 76.748 39.746 86.234 39.257 19.282 78.53 22.036
86.649 36.633 91.839 80.788 44.769 35.705 31.574 74.69 76.987 35.513 74.69 77.476 44.611 93.675 38.352 26.565 88.288 14.917
85.823 27.614 95.165 82.641 46.734 30.958 21.742 73.945 68.283 38.187 82.215 86.817 38.456 81.247 39.906 27.887 80.254 15.152
89.187 24.55 95.868 77.572 56.898 23.745 29.038 72.127 69.463 32.187 71.849 75.606 39.688 91.453 43.331 20.27 82.524 21.92
80.82 27.945 92.623 74.021 47.651 32.855 29.561 81.66 75.779 36.271 77.366 75.056 36.772 86.963 41.692 26.518 76.735 27.886
81.861 23.748 95.805 76.383 47.751 32.752 21.453 81.501 71.477 27.455 75.893 84.546 43.196 84.321 32.978 29.527 77.039 22.463
86.189 34.314 85.903 85.545 44.385 24.858 25.918 81.953 70.77 25.824 79.751 71.968 33.545 91.518 35.468 28.185 89.077 13.544
86.953 25.131 89.21 81.734 57.229 21.783 30.228 76.044 68.625 23.032 78.479 72.055 42.098 80.783 38.875 23.281 80.173 16.172
80.355 37.16 85.082 80.469 51.839 20.165 23.292 69.703 83.521 23.282 72.383 82.862 40.429 94.076 34.338 28.762 76.747 15.977
76.799 29.272 91.449 79.927 42.295 22.456 24.216 78.731 79.939 34.765 86.436 78.361 34.376 87.092 29.907 20.031 79.439 14.794
90.538 29.888 88.751 88.158 53.538 26.111 30.957 67.961 82.127 33.121 73.437 85.331 45.103 93.413 41.844 25.502 76.841 25.411
79.565 30.314 81.759 85.888 44.161 24.254 25.159 77.775 69.075 27.152 76.195 87.491 37.596 88.007 43.368 24.157 88.104 19.544
85.414 24.384 90.993 75.23 55.943 23.716 17.727 68.791 80.751 37.436 80.616 80.427 42.624 82.723 33.473 23.411 86.1 13.49
84.782 38.42 83.406 75.605 53.074 35.136 17.453 79.952 81.973 38.489 80.126 86.06 34.201 87.397 30.715 18.603 84.748 20.708
85.651 33.926 94.11 79.277 44.817 20.319 19.643 72.683 81.626 26.293 77.455 83.782 38.456 85.144 41.033 25.388 88.084 13.378
75.502 38.196 87.935 86.565 51.1 29.76 29.043 72.533 74.062 25.617 72.455 75.351 32.301 91.828 41.017 29.648 90.826 13.204
80.486 24.73 89.819 76.268 53.303 26.258 30.149 77.285 74.694 37.583 86.756 78.972 45.768 79.574 37.078 32.445 90.423 18.831
87.772 25.816 84.013 88.532 46.394 23.905 29.448 78.798 69.019 23.919 73.969 82.043 43.276 86.663 40.029 18.929 84.949 18.358
87.939 35.331 83.861 81.094 43.271 28.242 22.921 74.375 81.764 37.066 80.868 83.377 32.35 87.796 40.286 22.474 83.042 28.777
79.946 31.874 85.739 78.041 41.787 22.722 22.217 69.227 68.782 28.997 86.04 84.635 39.591 88.229 33.955 26.448 81.21 15.011
79.999 33.214 83.423 80.997 56.89 32.263 22.896 72.205 72.047 37.892 72.221 79.443 35.538 86.77 34.161 26.264 87.247 19.105
75.329 31.057 88.676 77.555 53.066 24.244 22.538 72.783 80.837 33.716 76.146 84.495 37.702 89.394 35.102 18.009 83.487 19.759
78.849 38.801 84.323 86.466 56.41 28.968 27.76 76.184 78.268 25.021 74.008 73.294 41.787 92.114 41.562 27.324 91.934 15.793
85.709 35.335 91.191 79.919 53.733 34.566 24.07 71.677 73.545 35.407 73.693 74.717 34.684 91.183 39.331 21.673 78.367 27.486
78.271 29.395 81.914 82.66 42.901 20.941 29.933 70.071 70.306 29.899 80.109 75.223 41.577 81.139 43.155 30.616 87.959 27.483
89.044 29.957 88.934 75.537 43.658 26.101 31.76 77.911 69.907 24.683 85.571 77.866 34.621 83.437 37.448 28.402 81.617 16.516
85.611 30.188 86.035 83.967 48.356 27.808 19.324 69.492 77.161 26.426 77.011 77.146 32.421 82.864 44.627 26.736 85.819 15.05
74.816 34.627 94.377 74.411 53.413 23.06 22.326 75.011 76.776 22.976 82.865 78.637 42.265 84.057 32.388 30.919 81.193 21.992
82.803 24.483 94.16 78.587 47.667 26.312 31.698 73.218 73.439 33.945 73.066 78.824 36.109 94.11 31.313 29.598 78.465 27.978
80.747 25.297 89.989 83.276 51.8 35.247 23.568 77.467 71.292 23.256 74.989 82.105 34.14 91.166 43.055 18.714 88.255 17.691
89.36 38.587 87.425 73.487 49.76 25.846 31.154 73.052 68.67 22.667 86.788 80.395 40.363 82.791 34.025 21.996 85.285 19.367
80.284 26.987 90.549 81.987 52.241 29.331 19.222 75.519 69.818 35.871 75.728 81.469 31.331 89.53 39.57 18.358 91.839 19.758
77.244 36.198 86.814 80.467 47.582 29.001 18.187 73.322 71.265 23.451 76.885 77.4 39.272 92.121 32.383 24.747 87.424 13.581
81.528 38.482 81.145 85.179 50.991 30.248 19.462 76.648 73.577 23.826 74.002 78.168 42.599 86.278 44.942 26.924 89.477 20.437
89.6 34.306 81.933 73.586 51.33 26.354 27.671 82.517 81.055 25.58 76.229 83.762 45.487 80.511 32.155 32.302 80.611 15.181
77.335 27.799 91.84 77.046 55.682 34.893 16.878 68.274 73.509 28.542 71.374 87.729 40.03 85.247 36.293 19.987 79.178 15.918
78.607 37.903 93.571 75.64 44.776 30.516 17.309 76.459 77.688 24.226 75.071 82.264 43.685 90.77 40.123 22.022 81.443 16.661
79.157 27.62 92.912 82.547 48.282 32.372 31.687 69.049 82.641 34.03 76.342 75.746 34.597 79.691 35.323 32.568 87.377 21.886
84.897 27.693 91.784 83.764 56.494 34.792 20.591 75.03 72.587 32.846 78.242 72.026 35.019 89.764 32.144 30.891 81.644 25.045
86.514 32.424 85.145 86.015 55.844 33.973 30.385 81.19 71.149 29.051 80.788 78.406 45.476 88.709 30.105 24.945 78.668 18.424
85.858 36.672 82.935 79.773 44.289 29.021 23.648 68.865 76.8 27.811 76.375 81.751 42.224 80.015 41.147 25.409 79.995 22.721
84.768 31.973 96.858 78.055 57.243 34.492 24.437 68.854 75.27 32.111 85.277 81.46 31.504 83.181 41.135 19.573 88.518 16.475
80.118 33.82 87.864 80.386 54.06 35.36 17.982 70.969 71.345 26.736 72.812 81.321 46.417 84.903 45.35 21.543 87.644 21.385
86.88 36.264 95.777 78.293 47.842 24.244 24.955 68.129 71.824 27.379 80.889 80.803 31.524 81.8 35.542 20.634 89.34 20.859
84.251 35.875 91.575 83.261 44.465 30.895 20.764 69.562 75.912 34.686 85.391 85.792 37.511 86.281 43.305 22.438 89.335 21.786
88.332 34.622 94.812 87.206 46.469 22.5 30.637 73.723 70.214 27.4 77.136 72.328 36.817 89.842 32.291 18.821 87.273 18.299
90.224 24.005 90.302 84.023 50.165 35.318 22.485 76.009 78.77 37.206 83.21 76.551 37.872 92.722 33.943 25.185 86.313 17.501
85.66 31.912 94.455 81.724 43.225 28.106 21.178 82.125 82.3 36.792 75.216 77.839 32.244 79.705 43.962 28.82 78.329 21.45
85.877 28.891 86.075 87.226 46.224 35.114 26.371 80.121 71.068 23.862 83.447 75.217 38.407 91.216 33.541 24.017 92.444 18.27
82.525 26.305 81.998 73.423 49.261 22.204 17.922 73.274 68.443 27.226 74.557 78.835 42.959 81.243 33.315 28.795 80.972 22.414
79.754 33.504 87.851 84.745 43.752 24.172 17.634 69.753 71.552 33.772 74.404 76.632 44.927 88.448 36.292 19.771 88.14 20.314
81.274 33.051 95.618 80.975 46.4 21.168 31.163 81.341 71.605 30.342 85.852 75.439 42.277 86.245 37.802 21.662 92.1 22.042
79.035 24.865 86.848 77.208 53.052 28.359 22.115 75.259 70.329 32.915 86.734 82.416 45.702 81.491 43.196 22.415 91.297 15.461
81.864 37.18 87.176 85.901 53.365 24.37 28.76 79.818 78.061 34.254 81.364 75.437 41.735 87.947 32.352 18.66 92.075 14.253
75.728 39.228 96.206 73.958 47.014 26.483 16.167 74.825 80.035 25.419 72.158 73.643 36.901 91.121 45.115 27.857 90.359 26.848
75.488 27.931 81.374 74.346 51.431 29.939 21.102 73.916 79.281 26.235 73.184 73.028 35.639 85.07 35.335 21.363 92.102 28.099
83.839 34.788 87.673 79.402 44.242 26.458 25.277 71.024 70.119 34.874 75.184 86.199 33.841 91.71 30.786 20.414 77.72 26.659
75.18 28.17 84.67 76.937 57.348 29.417 29.353 76.487 78.361 29.14 77.025 75.834 32.394 87.776 36.029 30.082 76.993 23.027
79.197 27.686 83.089 85.529 48.535 34.75 31.534 69.363 80.698 30.047 74.16 74.169 44.053 89.269 30.292 18.883 87.108 25.959
86.807 36.229 95.504 85.208 54.162 30.268 31.935 73.23 74.477 28.205 78.541 77.286 41.935 90.582 41.58 27.205 83.743 28.862
89.406 24.561 93.896 88.831 53.073 23.672 31.802 80.466 74.379 32.272 71.986 74.798 43.373 88.824 43.987 31.471 86.467 20.733
88.218 38.777 89.493 80.745 53.479 25.368 17.211 79.582 79.011 28.471 78.508 77.353 33.352 92.785 29.946 25.286 79.546 16.037
79.565 26.677 92.242 79.373 52.457 20.451 18.479 72.156 82.623 37.785 73.025 85.011 41.898 82.944 29.778 25.506 80.231 18.028
84.555 35.291 81.655 82.215 52.595 30.733 23.032 78.333 72.45 38.055 84.163 80.855 33.046 93.673 39.816 21.005 89.538 24.677
83.18 29.236 85.754 77.035 48.136 33.97 16.592 79.226 74.733 23.44 74.557 77.784 45.534 90.024 44.607 24.02 83.562 23.996
82.685 25.018 87.287 88.083 53.538 26.699 27.32 72.765 70.58 30.75 72.639 79.888 32.165 93.969 42.71 18.571 85.918 20.25
87.388 36.385 89.921 80.662 43.36 25.151 20.448 75.056 69.98 31.437 72.793 73.237 36.517 78.81 32.478 18.359 92.444 21.746
89.516 38.998 94.705 88.707 44.937 28.324 24.352 70.842 67.787 30.904 82.828 75.506 37.45 85.534 44.469 30.532 83.352 19.774
80.615 28.065 87.967 87.2 48.265 25.657 23.154 78.32 80.924 35.656 74.558 82.324 34.73 91.975 44.209 32.318 81.347 15.504
81.162 29.489 92.88 80.706 56.96 29.306 23.117 80.925 78.698 28.862 86.686 86.871 38.456 82.401 35.82 19.358 90.267 23.829
87.447 37.355 94.633 73.837 43.179 33.934 29.142 73.14 76.096 28.968 76.271 71.861 39.691 81.505 32.337 23.059 80.714 23.492
89.028 27.671 90.813 84.195 42.439 20.614 23.804 69.791 69.068 28.463 74.748 71.955 46.111 90.779 44.829 28.23 77.22 14.309
79.94 24.504 94.832 83.121 43.559 21.073 25.511 75.603 73.203 27.56 85.352 72.0 32.04 84.152 31.933 32.267 83.613 17.821
75.286 34.821 92.726 87.655 56.636 33.247 17.162 80.091 79.1 23.99 73.814 74.676 36.945 82.464 30.7 23.905 82.598 28.204
84.653 26.14 94.616 79.548 51.49 34.801 24.459 70.452 72.182 32.562 84.179 87.38 33.442 88.165 33.615 19.123 85.824 28.111
89.23 24.14 89.979 78.712 50.723 22.316 17.751 78.05 75.932 23.546 71.991 82.674 42.659 78.676 40.363 29.797 86.71 14.706
84.881 34.232 93.975 75.225 50.51 34.902 27.315 83.408 79.922 37.812 79.607 72.048 31.89 91.817 34.408 19.843 76.801 19.714
75.046 23.641 87.378 74.14 43.419 32.031 21.607 80.098 71.092 34.065 85.907 82.538 41.125 83.424 36.933 30.546 87.284 20.465
85.622 28.393 90.288 77.557 54.871 31.697 31.449 73.314 73.268 38.383 79.949 82.27 46.731 81.905 42.065 30.71 79.312 17.177
87.819 36.121 94.73 75.939 45.866 23.805 19.86 73.269 72.812 33.786 86.335 77.18 36.966 79.775 45.084 32.405 91.737 13.741
77.032 36.255 82.182 79.81 51.537 24.738 28.121 69.742 78.7 27.686 74.041 82.741 43.05 79.851 34.958 29.846 82.895 19.034
76.529 28.624 90.495 79.855 48.964 23.33 19.266 82.976 82.443 36.601 71.724 79.326 43.641 81.301 30.885 21.069 78.216 26.1
79.232 25.607 91.752 79.165 45.015 30.75 22.56 73.201 76.66 27.916 83.504 78.675 35.54 94.129 36.259 22.338 77.338 13.795
75.628 38.336 91.694 81.86 48.823 32.29 29.611 69.487 67.661 24.203 71.197 78.754 45.423 83.36 29.842 23.268 80.236 18.135
78.875 32.247 94.086 75.985 46.844 23.123 20.934 81.346 71.654 31.15 78.256 81.16 37.942 81.191 32.539 30.937 78.167 24.942
85.121 32.222 81.483 84.43 53.355 21.874 23.867 73.266 78.741 34.212 71.854 72.568 35.661 79.239 41.767 31.14 79.915 26.82
86.129 38.992 91.706 77.845 44.37 26.723 30.849 69.638 78.896 29.807 72.217 81.935 36.208 85.045 39.587 20.346 86.987 23.438
76.713 25.033 86.083 84.385 52.087 21.138 17.047 81.899 75.709 23.393 79.525 73.524 34.183 94.411 37.926 25.444 90.803 24.6
80.003 37.895 84.669 85.393 43.833 21.316 19.84 79.838 70.226 29.409 81.317 74.672 41.938 80.012 43.664 25.085 79.322 13.78
76.836 37.859 94.169 81.787 50.239 30.62 24.548 82.528 77.64 32.601 72.058 72.955 36.065 87.664 30.139 29.439 81.984 14.012
80.326 36.597 93.881 74.403 52.468 20.367 17.535 75.674 80.094 37.739 75.208 82.636 46.239 82.666 31.332 30.235 88.758 17.333
81.298 24.396 94.257 79.092 49.062 33.342 19.428 81.089 82.494 28.635 77.497 77.049 37.203 85.971 40.329 26.007 80.851 25.294
87.336 24.423 96.224 78.817 47.17 21.314 22.301 68.906 68.287 22.951 83.463 78.445 44.669 81.163 38.535 25.725 82.637 16.486
82.887 26.091 84.722 82.122 49.191 28.435 26.726 83.057 81.189 33.91 84.156 75.735 37.581 89.103 43.517 33.404 80.83 24.847
79.994 30.065 82.078 87.777 56.914 24.809 21.787 72.038 79.769 28.618 77.806 77.42 35.046 83.882 43.942 29.128 92.101 19.987
76.02 28.494 92.62 79.15 44.108 35.563 23.683 75.474 68.425 34.323 77.662 87.105 39.352 86.074 36.902 27.484 87.04 17.895
89.019 31.627 81.845 73.451 46.726 26.121 21.006 75.776 68.782 23.524 82.324 82.44 40.059 94.521 42.002 25.995 89.298 26.404
79.122 28.687 85.58 86.443 51.574 24.731 17.185 77.871 76.896 38.483 85.329 75.183 31.42 87.584 30.293 19.74 84.228 17.117
81.608 29.742 81.593 86.037 42.237 35.1 29.38 68.89 75.902 22.504 78.072 83.089 32.527 89.525 44.8 29.801 89.11 15.703
83.811 28.84 94.347 81.426 55.226 30.391 17.423 72.038 74.666 30.952 86.254 82.014 42.049 78.963 30.186 25.05 83.899 14.334
82.047 35.337 93.412 74.148 50.131 35.936 19.28 75.953 67.871 31.966 80.86 76.527 45.709 88.3 34.601 22.118 87.033 20.65
90.588 25.855 86.233 79.161 42.89 20.197 31.845 76.289 72.939 27.321 85.538 82.005 32.906 88.489 38.35 30.121 80.458 18.445
84.523 30.737 86.651 83.312 41.974 35.139 24.042 69.182 73.414 33.07 85.144 71.942 32.072 83.881 40.374 19.651 91.334 24.42
90.364 33.673 92.186 77.081 52.221 32.254 28.428 73.606 74.289 33.902 84.816 76.462 40.46 79.28 42.907 23.658 80.642 17.995
90.403 34.763 95.524 74.682 45.007 27.196 25.887 81.692 71.672 36.218 84.289 81.544 36.502 85.194 31.568 26.908 91.71 22.904
84.92 27.027 83.897 79.477 42.826 20.709 22.455 73.115 75.005 36.307 81.753 77.442 43.602 79.33 33.897 25.318 81.517 21.528
80.095 36.934 86.729 73.311 44.236 31.017 18.568 73.134 82.078 34.288 80.288 77.502 35.366 82.711 40.917 32.305 86.743 16.463
79.853 32.085 95.966 86.701 53.998 30.525 27.027 80.224 74.057 32.508 77.391 82.837 33.007 87.295 35.625 33.111 89.329 14.148
80.783 26.727 81.433 84.454 53.519 29.392 26.255 78.426 75.717 26.367 81.428 84.87 46.252 83.5 44.978 26.092 82.103 13.029
86.031 30.377 95.118 88.527 52.375 29.901 24.5 71.925 80.405 25.342 80.287 78.002 35.905 80.518 32.408 29.299 81.381 28.504
84.05 36.839 95.284 86.208 44.984 30.32 16.515 80.198 75.643 32.449 74.147 87.796 43.847 79.563 31.775 22.472 78.758 19.962
83.489 28.339 92.899 77.555 46.256 21.729 18.246 72.501 77.437 23.401 83.953 83.443 40.773 90.92 32.637 17.821 88.087 26.412
89.875 33.653 95.947 80.674 49.796 23.774 24.169 75.302 81.572 35.869 71.694 75.365 41.233 82.94 42.892 33.639 85.852 25.966
80.271 28.542 90.05 84.542 55.923 34.895 30.145 82.179 81.617 28.0 80.404 72.957 41.811 78.742 41.501 31.09 80.212 23.62
82.618 30.95 84.125 87.343 53.524 34.901 20.648 75.028 71.373 31.675 81.544 77.115 39.283 82.632 29.998 21.35 85.992 22.266
87.889 25.177 87.922 87.171 57.406 28.191 21.605 80.092 74.877 35.147 77.807 83.594 34.227 93.877 42.77 24.114 82.758 19.064
76.604 37.548 91.771 88.654 51.226 20.516 19.729 80.452 79.608 29.405 86.293 86.496 40.463 89.224 41.274 30.901 88.386 27.206
77.84 28.601 89.273 77.58 48.86 20.182 29.627 75.533 78.983 31.571 79.074 78.859 36.52 91.843 38.191 24.947 81.67 28.392
78.471 38.185 90.481 74.955 42.284 24.386 29.938 70.71 70.323 37.125 81.81 86.85 40.474 80.828 36.513 22.245 79.557 25.511
90.666 25.587 89.398 74.525 41.663 31.152 28.353 80.548 77.775 36.238 83.045 87.502 39.433 81.168 35.989 32.359 91.819 18.169
76.767 26.905 82.572 84.296 52.959 25.984 29.642 72.649 79.75 30.167 75.721 86.002 46.689 83.198 30.785 26.604 83.521 28.139
76.109 37.594 81.748 74.058 50.738 23.137 27.544 74.989 82.647 30.22 81.619 76.659 41.904 90.58 30.367 23.966 79.704 20.67
78.273 30.824 87.812 79.117 53.201 20.94 29.081 74.574 72.211 24.967 84.415 74.335 33.827 92.09 31.853 23.018 87.865 24.781
78.736 36.354 82.626 88.793 52.329 35.919 27.443 81.412 73.677 31.213 73.363 72.488 36.959 84.256 31.124 32.869 81.564 27.973
75.792 28.042 89.744 74.889 42.46 25.359 23.641 83.744 72.425 28.685 78.187 77.245 37.173 86.061 31.179 24.076 77.762 19.655
75.502 34.778 96.006 81.217 47.572 35.401 30.87 82.043 76.526 33.758 77.097 80.195 37.389 91.148 41.774 26.828 91.674 16.525
88.997 31.138 90.629 74.542 43.274 28.948 16.583 74.336 75.378 27.139 80.17 79.295 41.776 85.867 40.394 26.416 89.809 16.818
82.578 36.846 86.883 88.301 55.927 35.428 16.691 76.261 81.75 26.173 78.18 76.751 34.036 81.35 31.9 21.988 78.499 20.685
88.916 29.771 87.086 78.245 47.62 23.483 23.484 75.072 80.237 23.435 79.282 86.859 40.512 79.48 37.551 18.692 87.091 16.603
80.166 34.201 88.29 74.08 52.893 29.661 22.285 73.275 69.167 34.499 81.809 79.288 33.959 80.545 35.478 22.335 78.326 24.152
86.716 36.896 85.744 86.197 42.081 33.065 16.272 69.466 69.86 26.185 80.191 86.496 45.861 80.395 33.567 19.984 85.746 13.62
89.98 37.047 91.041 87.375 43.485 20.236 16.116 73.473 67.801 28.31 73.504 79.23 33.79 90.372 31.304 22.22 90.638 27.582
86.034 35.835 83.124 82.179 43.645 29.689 25.809 69.691 67.828 28.823 79.057 79.13 33.92 78.885 37.645 23.623 86.398 25.724
88.183 35.486 84.871 76.732 49.809 28.816 22.669 71.863 80.573 37.577 71.735 75.911 39.653 83.124 37.812 24.354 83.479 28.46
74.947 28.898 92.353 77.634 48.413 32.393 20.857 71.822 79.7 25.362 82.069 79.318 42.793 83.418 32.56 20.058 80.09 27.71
79.254 37.094 85.745 77.974 54.356 22.409 16.453 82.56 76.217 34.439 79.95 74.116 31.31 87.622 37.128 17.904 78.543 22.532
83.635 39.39 92.904 83.365 42.66 20.87 29.071 70.833 67.697 35.057 83.348 78.999 41.768 79.764 40.13 26.643 86.874 23.476
85.744 23.731 89.734 87.871 50.495 24.087 24.306 75.974 76.701 25.576 75.43 85.779 37.605 81.19 39.525 30.175 77.372 14.105
75.648 39.135 91.459 74.442 57.166 33.534 24.183 72.54 70.16 28.141 73.669 83.196 46.357 86.651 40.634 22.668 78.281 14.434
76.996 28.811 85.942 85.805 56.411 26.417 22.482 83.082 82.813 30.303 83.322 87.788 35.396 88.201 30.778 25.848 82.831 23.543
88.368 26.14 88.773 76.076 51.084 28.764 27.999 74.945 82.645 26.658 76.683 84.553 43.385 82.862 43.733 21.054 78.065 18.158
80.444 23.824 85.525 75.215 49.388 27.679 19.11 72.798 75.253 34.769 81.468 77.848 34.0 81.064 36.546 31.092 86.126 22.282
86.478 32.27 81.322 84.274 46.966 33.078 16.011 74.485 77.241 24.799 86.089 86.342 41.857 88.679 38.192 24.177 79.854 16.22
76.833 24.268 90.203 85.852 57.401 30.134 29.657 78.574 69.833 34.13 84.706 76.591 42.651 85.945 42.426 30.997 91.449 18.234
90.413 27.92 95.969 87.427 53.168 30.972 25.754 80.451 75.483 31.048 75.135 74.802 46.588 89.229 33.45 32.844 78.707 16.348
77.524 26.744 87.845 76.723 57.106 34.459 26.819 70.036 74.724 36.56 86.27 80.772 32.075 87.544 44.729 23.678 90.17 24.629
78.964 26.682 92.315 74.714 51.353 20.302 31.655 73.584 76.463 27.125 84.295 74.518 38.752 82.003 43.697 25.485 88.4 19.285
77.76 26.339 95.292 83.314 44.581 26.391 21.445 73.707 72.479 25.524 74.011 82.83 31.455 90.28 29.571 22.885 87.385 24.55
81.355 39.364 93.011 77.357 41.788 28.011 24.46 81.803 68.716 33.624 74.78 87.48 42.877 90.402 41.254 18.99 77.713 19.095
90.15 28.33 93.822 74.127 44.605 23.879 21.632 74.181 72.436 32.699 73.599 82.589 42.069 82.213 36.765 31.799 78.547 13.764
78.279 26.002 93.404 84.898 51.2 33.344 29.071 82.42 78.915 28.48 84.444 84.169 46.719 83.438 37.086 32.575 92.005 17.491
86.081 23.72 81.38 86.481 53.819 22.493 16.984 82.981 74.314 26.942 85.755 76.761 41.665 84.858 31.578 32.464 83.381 28.168
89.557 26.202 94.504 78.32 55.892 33.756 20.018 75.69 72.117 33.609 82.583 73.124 36.497 82.465 34.902 18.518 87.975 28.066
80.917 36.48 92.005 80.269 52.278 22.072 18.225 73.022 83.1 36.255 74.323 78.936 37.894 92.837 33.91 29.391 82.031 28.397
81.02 27.032 97.041 81.523 51.323 21.285 17.764 81.738 81.263 24.914 72.721 83.589 44.113 82.388 40.819 27.958 81.21 21.5
84.637 33.668 81.714 77.906 56.165 26.945 31.771 71.952 72.054 31.573 72.879 80.548 34.099 90.53 29.764 27.678 80.724 19.885
82.839 29.377 97.076 86.241 51.664 25.322 21.155 77.232 68.026 22.745 72.438 85.186 45.368 78.738 33.809 26.559 80.981 15.641
78.155 36.452 94.421 85.315 57.383 35.184 16.757 75.565 76.447 30.296 77.306 79.552 34.961 83.665 35.93 22.157 79.529 23.753
79.551 23.978 91.51 82.324 52.793 26.372 24.503 81.772 69.342 25.038 75.662 84.604 36.989 85.876 42.687 24.144 91.754 22.482
85.92 31.312 86.385 80.965 47.919 27.514 25.991 80.725 73.221 36.123 86.857 73.068 31.363 87.495 33.397 18.705 81.362 16.26
87.825 30.79 96.956 76.573 55.606 28.262 21.986 69.867 78.941 27.085 72.229 76.971 36.128 82.106 36.118 27.347 88.946 22.547
82.197 31.626 88.647 80.428 54.975 33.14 19.551 74.488 81.221 34.856 86.434 83.937 36.655 93.032 36.658 25.488 91.483 15.604
83.591 26.017 81.209 77.264 48.043 24.256 28.294 78.362 69.041 34.558 83.288 75.895 41.184 79.745 30.114 31.56 78.239 28.243
82.354 29.954 87.338 79.07 47.756 26.238 27.533 70.268 73.387 23.049 73.147 80.44 35.913 79.508 38.947 30.504 82.562 22.354
87.201 33.131 92.18 86.683 57.478 22.565 25.358 78.568 78.173 23.937 82.246 86.55 37.11 90.339 31.244 23.22 82.174 14.312
84.315 34.849 93.988 80.229 51.629 30.673 20.167 77.889 74.571 27.663 85.547 84.457 35.449 91.584 42.184 20.577 77.966 27.972
80.39 39.58 90.339 83.139 54.523 33.964 30.01 77.591 77.036 32.294 82.957 82.909 38.569 86.178 43.785 22.576 79.039 20.614
82.305 27.171 83.187 75.694 44.77 24.605 25.203 68.922 68.548 32.312 82.934 78.875 41.259 93.181 35.948 25.847 92.347 24.401
80.466 38.761 88.532 81.661 42.241 25.147 31.282 82.073 68.561 24.013 77.802 78.155 44.334 93.875 40.955 24.369 81.628 19.191
80.021 35.497 90.736 77.396 55.618 21.255 31.483 72.126 79.231 26.897 85.97 74.505 32.786 89.109 34.057 24.024 86.334 18.412
80.687 28.957 90.282 75.333 56.52 20.773 18.689 72.636 83.163 33.599 75.408 74.556 44.679 81.432 35.806 31.996 81.567 27.973
80.138 29.619 91.465 79.259 52.723 21.269 28.711 81.801 79.241 31.19 81.951 74.011 34.436 90.159 30.489 29.265 79.976 25.025
76.494 33.655 84.809 75.408 41.827 33.599 20.377 68.232 81.325 29.489 82.198 74.525 30.963 90.366 42.24 33.363 80.333 24.059
89.192 31.737 89.159 75.69 48.437 24.943 22.385 71.264 82.533 27.312 84.855 75.295 32.446 85.78 41.533 22.962 83.061 22.266
85.916 32.922 96.782 75.92 49.946 21.822 29.464 72.745 75.778 34.655 78.084 72.722 36.922 90.848 31.216 31.95 83.684 28.965
80.249 29.798 87.511 79.265 49.233 31.127 20.143 80.223 75.764 26.809 72.85 77.798 36.756 92.965 30.321 20.118 85.323 24.773
84.15 26.403 96.94 80.202 50.198 22.057 23.767 70.494 72.955 32.441 78.618 84.935 40.558 83.25 33.088 18.062 77.189 14.547
88.496 35.23 90.863 74.843 46.014 29.311 18.053 68.877 72.409 27.029 72.875 75.822 45.476 78.862 35.381 23.279 76.86 18.273
75.892 34.567 89.628 81.543 50.147 27.884 21.821 76.686 67.791 37.55 72.127 75.252 46.219 83.309 30.557 30.035 83.271 16.845
82.497 26.893 81.652 80.876 45.396 25.209 18.244 70.788 79.354 34.679 75.864 72.083 41.128 89.782 34.216 25.096 89.249 21.237
82.544 24.804 89.42 81.811 54.66 23.713 19.145 82.888 71.91 27.813 75.113 71.969 40.075 91.98 32.671 28.502 85.999 17.667
87.02 24.513 97.087 80.251 53.179 23.78 16.337 77.271 74.327 24.483 75.31 79.822 37.096 93.38 41.582 28.139 78.675 23.278
76.304 23.89 96.665 77.372 51.939 30.007 19.305 73.757 83.264 24.769 81.851 86.77 45.122 94.175 43.216 23.535 77.366 13.344
82.573 25.891 94.468 76.908 47.849 25.184 17.082 81.166 82.612 31.02 84.739 82.101 34.929 90.152 36.553 29.805 84.362 20.105
75.852 32.63 96.519 82.068 46.661 26.773 25.565 71.196 74.992 34.949 80.935 85.142 39.157 90.496 45.079 28.978 81.223 24.719
76.77 37.805 93.22 78.613 47.653 23.186 24.158 83.153 80.101 35.912 74.651 72.168 33.268 90.57 31.721 25.307 86.95 15.611
77.12 24.143 90.551 84.939 48.454 24.556 28.357 81.467 81.124 29.195 85.021 74.423 37.886 83.24 36.61 22.847 86.658 15.024
81.892 37.877 84.802 78.569 52.244 25.515 18.875 71.844 81.69 23.89 76.999 82.087 31.176 86.183 40.96 18.56 82.961 15.469
79.109 31.806 92.58 81.33 49.016 23.209 28.891 83.141 71.447 25.777 77.72 77.739 45.143 90.317 41.744 23.365 87.31 13.043
89.347 24.721 93.023 89.177 50.39 28.642 29.723 81.662 70.85 37.113 83.467 83.181 38.516 88.386 29.937 29.727 86.173 23.754
79.738 25.326 93.722 85.814 47.343 33.895 26.337 69.608 80.245 26.072 82.536 72.351 33.467 94.299 31.324 18.022 88.363 22.844
87.513 31.089 88.542 77.433 44.042 32.933 25.293 74.374 68.466 33.269 80.095 87.644 44.341 79.314 43.271 21.747 84.162 25.902
83.495 38.479 82.492 74.957 49.084 23.826 17.829 83.197 71.597 27.288 79.485 87.077 32.693 86.708 37.076 32.968 83.212 18.617
88.82 34.179 82.074 76.21 51.331 26.477 18.982 71.371 73.421 34.946 84.598 76.783 39.996 81.322 38.638 27.04 81.853 13.487
75.585 38.194 92.008 73.589 48.692 27.839 19.579 73.034 68.826 22.516 72.69 76.583 43.119 82.214 29.632 24.678 87.239 20.667
90.725 30.053 84.661 78.975 45.827 29.601 19.238 71.694 80.36 27.748 86.287 73.14 36.498 86.721 30.226 22.729 78.389 13.385
77.156 27.987 83.682 89.126 55.736 26.052 19.621 78.1 71.422 28.68 85.079 82.43 33.421 88.841 31.224 25.216 83.524 18.215
83.387 28.886 95.251 88.564 49.162 22.9 30.078 81.182 76.66 38.046 78.377 74.53 42.771 88.482 30.487 23.44 82.457 25.417
82.509 32.4 91.601 82.245 49.944 30.261 27.677 70.781 72.891 33.302 74.699 78.715 46.214 82.801 29.823 32.808 83.549 22.055
80.339 31.459 84.916 85.423 48.382 21.339 25.447 79.207 73.455 31.194 82.165 72.305 46.583 79.298 41.035 18.142 78.405 22.999
82.123 35.781 94.569 86.517 45.568 35.617 17.328 68.01 74.923 36.074 75.26 81.693 39.016 92.028 44.925 23.121 76.979 27.112
75.569 25.772 87.999 77.286 45.268 25.95 16.05 83.094 82.748 23.555 78.715 87.016 36.184 86.222 42.393 21.942 88.983 25.438
82.662 34.515 89.196 80.845 43.194 23.054 22.209 81.743 79.372 23.233 77.914 84.126 46.594 92.738 42.816 26.739 87.108 21.132
84.537 33.438 92.627 78.884 53.884 30.783 29.483 83.283 71.377 36.599 84.234 76.899 44.849 81.538 40.104 21.13 79.509 20.504
79.511 24.452 94.749 85.67 51.346 22.647 26.718 70.792 75.256 27.598 80.589 79.364 41.448 88.465 41.786 32.128 79.96 16.434
80.508 36.444 91.225 78.334 44.486 24.264 17.086 80.21 82.581 36.165 82.761 77.928 39.191 81.621 44.669 29.926 88.994 15.373
83.295 37.584 87.722 73.88 46.279 35.336 23.47 75.545 82.103 23.569 74.461 75.236 37.233 92.644 35.014 32.739 90.083 20.566
86.728 35.72 83.029 81.735 53.244 23.869 28.4 80.642 70.521 30.305 76.846 81.447 36.351 87.929 35.323 28.89 87.733 17.582
79.368 29.702 90.679 82.533 52.64 20.184 18.308 77.505 76.627 29.974 84.329 79.367 32.298 84.757 40.34 30.218 79.586 27.629
76.782 30.812 87.804 79.426 50.343 28.466 22.257 81.014 75.309 35.203 84.957 76.917 32.749 89.259 30.69 21.059 85.505 26.618
75.898 35.467 88.018 74.119 44.568 28.551 21.076 77.376 81.119 24.692 74.722 77.128 31.596 79.294 37.231 29.167 88.108 18.806
86.24 29.997 82.462 76.619 53.788 20.927 22.863 82.109 77.553 28.405 75.294 73.955 32.592 90.448 37.156 20.708 92.248 25.647
89.027 23.601 93.829 76.478 50.358 27.476 22.752 74.827 81.13 24.537 73.309 79.943 44.473 88.031 38.204 27.234 86.025 26.74
89.758 35.159 87.474 76.518 53.362 32.908 26.058 80.308 71.921 31.867 78.607 81.687 38.135 82.728 44.673 29.639 77.459 17.189
78.153 37.296 85.192 88.421 57.525 33.57 22.568 68.092 73.469 31.737 83.185 78.963 33.919 89.222 37.758 25.334 79.786 26.721
90.676 30.936 93.546 81.706 46.648 22.968 30.639 83.02 81.743 37.657 85.647 77.197 33.271 87.785 42.797 31.604 76.983 19.609
81.549 30.17 85.725 79.948 51.928 20.182 19.658 79.083 68.152 30.763 71.839 76.27 40.929 93.42 36.746 33.039 78.214 22.975
85.044 30.46 82.099 86.202 56.549 24.115 25.358 72.104 83.124 25.397 79.81 74.975 43.024 79.016 43.093 24.571 86.945 20.222
78.442 37.543 91.983 77.061 50.413 23.957 24.339 74.796 81.226 22.691 74.531 72.42 31.461 78.813 41.078 18.678 81.105 27.692
88.141 29.098 96.432 77.07 48.789 35.134 30.311 74.729 81.098 23.461 72.11 81.845 42.517 79.131 30.425 30.919 87.943 19.375
82.006 37.015 84.663 75.096 42.692 32.417 16.672 69.209 81.099 27.489 76.844 83.47 38.54 83.774 30.573 30.343 89.346 23.654
86.106 23.857 93.203 83.43 48.829 32.291 17.709 72.938 79.139 29.492 81.536 85.953 36.512 89.891 37.198 29.523 90.608 28.029
76.214 33.258 94.972 78.382 49.752 26.587 20.94 74.397 74.415 22.919 80.86 81.453 37.268 82.117 44.564 29.281 79.15 17.06
86.02 29.665 90.656 84.561 46.47 30.496 16.056 83.718 69.053 30.117 86.855 76.442 36.33 89.66 36.887 22.519 82.27 27.44
87.332 33.462 83.781 81.944 50.571 27.725 31.551 71.587 77.094 30.111 80.275 78.147 41.702 86.281 34.152 32.278 84.118 18.812
79.337 24.384 84.585 78.442 48.65 35.481 20.814 80.319 72.99 33.703 79.0 72.471 31.229 82.696 33.849 19.985 78.041 27.368
85.08 29.876 94.832 88.07 54.593 24.193 25.139 70.116 73.21 25.461 84.435 74.319 33.269 91.373 35.457 26.105 87.901 19.297
76.089 36.248 87.138 77.621 46.257 24.112 29.289 82.761 77.484 24.3 82.259 87.444 33.249 87.072 33.823 27.631 91.954 20.26
77.431 24.976 86.096 84.085 51.282 31.889 18.282 76.962 77.316 36.562 86.149 77.745 38.681 91.313 37.067 32.994 81.449 20.493
79.154 33.915 88.51 82.939 57.189 21.599 30.734 80.567 82.438 25.18 86.609 79.369 42.59 79.56 35.151 29.834 91.722 17.991
83.142 31.802 84.047 83.354 46.055 27.365 27.545 74.777 76.077 28.187 76.233 76.69 46.304 93.883 31.734 24.395 84.179 22.088
87.625 29.792 93.524 73.537 42.615 34.252 28.385 72.434 81.26 24.89 71.191 85.417 33.038 87.332 35.034 21.716 85.008 16.82
78.181 26.153 87.169 80.977 53.352 30.474 30.815 74.276 70.433 27.714 71.076 78.073 34.894 80.244 36.682 20.859 79.91 23.274
89.613 27.47 95.727 84.995 47.569 25.9 29.34 83.646 73.043 28.396 71.801 73.931 39.55 90.078 32.491 28.716 90.979 22.213
88.593 31.909 96.473 76.995 50.763 26.19 31.093 81.992 70.809 35.288 84.761 79.683 42.118 91.785 30.378 21.52 88.121 28.73
84.278 28.248 85.017 76.443 51.781 29.074 17.044 69.177 74.6 28.583 74.181 73.98 39.497 86.288 38.487 23.955 86.429 18.493
81.445 34.141 91.575 74.651 56.827 35.893 20.924 68.718 82.328 27.176 86.457 78.816 34.42 88.583 43.719 26.151 77.033 14.425
76.332 25.023 84.306 76.884 42.326 26.282 22.129 71.887 79.861 23.089 83.656 74.943 36.593 83.804 36.715 28.59 81.146 15.292
88.219 25.513 94.558 84.958 50.794 22.297 16.696 69.17 78.664 34.496 85.119 82.296 32.048 91.796 34.499 32.964 89.514 27.862
78.331 29.468 88.872 85.108 57.34 25.889 30.636 83.729 72.211 35.326 81.79 86.916 41.169 81.681 32.298 19.127 87.973 27.64
78.74 24.305 83.468 88.327 46.929 27.088 18.73 78.469 82.926 30.509 83.786 77.915 44.219 82.116 29.659 27.087 92.491 22.971
77.555 26.942 85.878 88.666 52.68 34.714 21.704 78.221 82.842 33.129 79.518 82.234 31.909 84.749 35.512 32.213 85.057 24.87
76.977 25.832 83.404 78.158 50.831 27.283 19.267 75.15 82.61 22.966 82.535 78.848 40.86 80.462 29.955 30.48 78.702 14.712
86.529 32.364 81.987 86.766 53.768 29.803 22.644 81.863 68.014 28.705 85.279 87.509 34.704 80.66 38.383 32.008 86.38 27.587
78.562 39.433 89.184 86.491 42.006 27.789 26.545 68.618 83.393 26.438 78.248 85.944 45.38 80.133 31.429 22.602 82.204 20.74
79.613 39.022 90.206 76.211 43.297 34.73 22.608 82.388 68.031 36.537 75.987 77.25 43.889 89.709 36.152 22.56 77.242 14.487
90.204 28.842 94.721 75.927 44.332 24.074 28.764 78.78 75.613 37.822 72.919 80.493 45.47 87.485 36.195 27.465 87.279 24.312
87.317 36.44 94.772 78.906 55.483 31.798 27.242 81.2 70.853 22.51 76.495 73.994 31.164 92.909 33.985 20.493 76.834 20.241
88.274 31.016 85.989 82.075 47.155 26.756 23.567 79.452 78.984 28.18 84.696 74.338 40.434 81.616 34.242 25.803 77.688 19.576
90.462 29.843 88.703 86.525 56.861 20.809 20.06 80.419 83.099 37.166 71.857 72.577 35.866 80.567 43.308 24.589 90.491 18.423
85.336 26.822 90.603 88.236 55.211 22.895 20.93 69.393 68.64 33.639 84.621 74.736 45.689 91.233 30.105 24.262 86.07 17.607
89.495 36.086 87.136 86.103 53.309 31.336 23.669 78.765 78.196 30.554 72.573 72.545 43.918 89.499 34.751 24.155 78.592 19.024
75.554 31.477 85.876 85.441 51.841 26.236 18.909 74.485 80.346 30.88 73.04 72.087 42.87 87.851 42.723 20.439 83.505 14.386
87.33 27.313 82.793 78.08 51.002 29.247 22.851 82.269 75.336 25.267 79.879 81.025 33.433 93.617 30.089 28.187 90.479 21.161
76.384 34.98 85.773 88.945 45.612 28.604 22.279 72.543 79.745 28.867 81.501 79.562 35.913 91.862 38.775 29.735 86.772 26.742
84.374 32.285 96.119 73.667 43.228 21.364 24.467 72.688 82.564 32.418 81.378 83.95 37.387 94.322 31.535 23.88 85.306 23.322
88.741 39.447 86.065 84.545 44.317 32.83 19.542 82.928 72.929 38.495 78.063 75.182 32.588 79.553 43.122 30.973 78.974 20.278
79.529 27.879 91.408 75.141 42.617 23.031 17.793 78.284 76.542 23.442 76.725 80.586 35.997 83.091 40.266 30.948 88.358 21.393
76.197 31.231 90.751 79.237 47.874 23.547 16.062 68.732 80.616 28.998 73.788 85.445 44.976 88.556 37.696 22.187 88.859 24.282
85.581 25.888 83.478 74.155 49.207 33.391 16.859 76.925 78.279 31.322 84.837 74.448 42.933 91.57 38.587 27.761 88.819 13.305
84.92 38.456 93.179 76.009 45.744 33.904 16.758 72.306 71.96 32.343 82.692 80.593 37.713 80.635 34.474 18.178 79.07 28.738
89.213 27.963 84.728 84.073 43.411 27.583 17.892 82.173 82.838 23.654 85.732 86.55 41.035 91.026 31.682 23.516 79.886 21.178
90.31 39.466 94.179 76.056 49.723 30.326 18.051 76.104 83.277 32.375 83.23 84.259 32.186 88.248 38.641 23.828 80.019 22.446
90.233 37.054 90.031 78.378 47.944 25.591 29.226 72.884 68.314 37.26 74.332 79.144 37.654 92.772 38.899 32.243 89.068 14.25
84.41 32.003 96.045 78.978 50.206 33.502 29.675 76.071 69.171 23.03 83.939 83.413 44.502 82.713 31.779 24.776 85.158 20.1
85.59 31.678 82.5 88.586 50.883 23.71 28.483 81.517 81.141 28.293 82.127 84.322 34.498 94.4 32.594 19.317 78.778 19.904
86.319 38.658 90.342 84.727 51.064 22.721 25.397 78.528 72.751 26.573 85.836 73.934 35.713 85.046 35.041 23.923 91.482 27.797
75.14 35.063 86.381 76.158 48.167 26.186 21.826 74.726 68.283 26.466 85.327 81.887 35.423 79.686 43.706 31.323 81.569 27.426
80.911 26.543 84.548 77.585 53.528 28.31 28.523 82.586 82.947 37.137 71.063 87.177 37.343 82.163 43.23 28.793 83.386 28.95
77.068 25.306 83.458 84.629 57.451 30.196 30.008 70.484 81.312 31.595 84.27 77.774 43.807 87.536 30.897 23.077 90.798 23.784
81.367 25.207 84.446 88.167 55.145 21.157 29.766 70.001 75.142 29.011 84.374 86.099 36.916 91.99 29.671 29.436 89.057 20.182
75.754 24.766 83.297 82.785 49.182 32.563 17.652 81.049 71.046 30.78 71.542 78.816 45.319 78.835 36.061 29.957 85.052 13.772
88.124 25.225 93.005 76.173 47.544 22.033 25.423 81.988 74.183 22.746 83.433 79.634 38.939 88.745 38.353 28.761 84.956 28.459
82.452 39.248 86.035 74.748 51.527 35.747 27.116 78.708 70.285 36.834 79.442 74.16 42.647 81.516 33.597 32.242 77.18 17.643
81.076 38.342 88.765 73.348 46.502 29.242 28.074 82.82 79.752 25.172 84.894 82.365 46.593 94.466 30.175 24.287 88.818 23.806
81.61 38.994 82.284 78.859 54.091 32.963 16.909 80.484 75.939 29.3 72.595 83.478 30.951 84.37 35.378 25.703 85.208 18.871
77.449 39.045 94.67 75.072 46.047 25.598 28.357 83.743 77.83 32.201 79.607 76.538 45.902 80.417 39.997 26.844 88.154 19.889
83.816 31.247 93.152 78.984 45.907 35.542 20.589 81.063 78.375 29.707 86.04 86.892 32.452 89.735 43.29 21.967 80.227 20.046
87.718 31.867 82.74 76.498 46.128 23.339 29.635 75.6 79.986 36.95 75.331 82.191 43.678 88.692 44.796 30.587 81.307 15.117
78.737 31.818 86.264 87.748 49.037 20.544 24.502 80.512 78.687 31.121 83.085 72.375 34.321 80.217 33.343 29.761 81.624 21.957
90.72 30.301 82.375 86.435 52.453 29.808 16.685 68.446 69.604 23.646 78.757 74.683 35.405 89.661 39.79 19.818 92.33 28.573
87.617 29.799 96.156 81.259 48.63 30.002 30.052 79.188 81.587 33.39 78.31 78.993 39.818 78.987 32.974 33.357 82.502 19.732
87.754 38.302 94.41 75.876 56.942 22.917 29.492 78.196 72.61 27.797 84.746 78.567 36.173 83.168 37.843 22.338 84.513 18.53
76.244 36.361 92.683 88.986 49.11 24.353 17.004 78.753 75.925 28.797 74.604 73.152 35.781 89.577 39.827 21.174 80.039 16.39
88.919 29.259 90.571 77.499 46.672 31.429 22.038 80.782 82.139 29.936 73.056 74.861 32.665 83.491 39.679 20.476 90.253 26.77
89.781 31.15 91.919 87.519 41.952 21.88 22.283 76.616 74.843 28.2 85.802 73.638 46.14 91.363 36.179 30.566 84.871 27.951
85.005 38.481 93.97 83.802 45.702 26.732 23.226 81.028 73.673 37.719 77.093 74.877 43.535 92.136 38.454 28.648 84.933 20.538
77.3 34.271 84.803 77.919 53.523 27.466 25.811 74.875 73.936 36.927 80.328 80.008 39.599 82.559 43.603 27.003 91.467 15.238
76.206 30.377 84.951 81.492 47.284 32.521 31.968 78.142 70.322 36.783 76.083 75.955 45.536 79.482 32.693 19.38 76.599 28.52
86.428 24.753 93.613 78.832 55.39 32.663 18.947 79.134 83.143 25.266 86.122 76.686 45.589 83.598 39.281 33.241 80.225 13.348
76.265 36.412 91.249 83.49 50.505 33.968 17.608 78.239 80.144 37.017 72.479 81.523 46.693 84.778 32.103 24.917 78.252 25.514
86.573 37.426 93.339 78.404 45.324 34.953 19.281 72.512 77.85 26.081 77.15 81.313 41.538 93.191 32.271 18.365 80.777 25.479
82.214 25.316 96.744 73.712 55.163 33.06 27.473 68.112 71.358 27.97 80.179 85.047 35.881 80.573 36.666 21.323 85.742 19.68
85.267 36.321 85.142 82.29 47.901 21.614 31.934 71.071 72.836 36.707 83.224 76.622 43.015 82.012 40.602 19.978 86.161 26.804
86.425 24.558 90.509 88.017 43.548 26.213 28.097 75.921 75.837 23.369 86.162 78.355 31.434 88.027 44.239 21.307 87.395 23.275
81.43 25.797 81.288 80.681 48.401 27.637 30.839 68.004 68.427 28.234 76.332 71.907 32.55 78.689 38.869 19.699 77.295 20.302
84.189 30.09 81.323 87.833 55.535 31.282 18.158 79.033 82.264 30.041 73.726 79.618 39.944 89.121 30.402 29.194 87.598 15.388
75.077 27.878 95.705 77.261 49.296 31.785 17.366 69.029 67.891 37.085 79.594 86.982 36.447 79.646 33.432 28.725 83.634 15.618
84.192 31.802 96.485 87.785 44.567 30.004 16.856 80.582 73.395 25.976 83.031 81.108 46.632 90.989 39.675 27.684 85.717 14.631
79.184 39.441 92.052 85.675 54.029 24.805 23.095 70.271 69.75 25.181 73.424 86.488 37.06 79.841 32.018 29.804 84.805 20.336
89.755 29.632 91.659 82.254 42.12 32.226 25.601 77.94 68.343 24.429 72.256 77.559 36.163 83.97 40.267 32.755 81.806 25.876
85.221 28.191 82.796 77.203 56.938 29.959 21.846 80.427 80.003 36.935 74.916 75.831 39.113 92.652 41.159 29.029 81.286 24.089
90.25 39.344 82.774 86.807 42.084 27.247 17.282 70.376 77.502 34.428 82.346 72.801 45.024 89.581 43.132 23.656 90.317 19.131
89.839 37.316 94.858 74.178 46.386 27.224 26.864 67.957 78.808 33.125 85.286 84.229 31.476 81.662 40.473 31.574 89.697 21.911
82.874 25.214 82.047 76.565 47.716 28.443 22.63 74.002 69.746 37.955 86.578 85.45 40.811 89.436 42.037 24.666 81.298 24.175
89.509 37.645 85.209 86.988 49.148 31.521 21.156 74.78 82.154 31.844 85.253 76.107 42.433 89.997 34.213 31.224 89.941 18.985
77.206 37.574 94.13 75.914 44.065 21.877 22.975 73.447 68.343 36.228 78.485 75.108 44.293 91.561 30.712 17.921 82.446 22.016
79.874 26.791 92.579 73.666 55.488 22.38 26.75 83.459 76.134 33.604 74.579 83.21 34.08 90.875 39.248 31.385 86.249 21.489
86.06 24.915 85.861 87.946 47.898 22.812 29.627 69.936 73.476 27.468 78.589 72.593 33.165 80.043 35.274 25.359 84.05 19.032
79.449 28.973 89.644 79.554 45.936 35.502 22.611 76.144 78.123 26.857 81.01 77.491 46.267 89.582 33.563 29.833 78.027 14.788
81.138 37.548 85.254 77.86 51.734 25.801 19.083 73.915 79.818 28.935 76.021 85.413 31.923 84.831 29.632 32.112 83.983 24.067
77.019 26.097 86.589 88.905 44.0 35.454 20.866 71.681 71.916 33.303 74.788 85.877 41.695 83.177 29.482 24.62 87.38 22.654
86.255 38.368 89.584 86.632 56.444 21.641 22.453 79.966 75.476 24.314 78.363 73.714 38.58 93.869 32.983 26.939 87.409 27.828
81.341 25.814 94.691 81.093 52.817 25.902 20.628 70.725 80.292 31.749 76.596 82.684 33.6 85.029 44.936 27.14 82.375 28.228
84.026 38.308 86.083 78.777 43.925 31.013 30.351 79.798 76.503 27.236 84.602 84.817 44.032 92.019 42.7 30.908 82.741 22.854
88.868 28.016 82.322 77.733 45.103 34.127 20.887 77.259 82.13 35.367 81.216 72.623 33.185 91.196 35.574 19.51 84.219 28.048
85.832 36.117 96.272 83.942 50.249 30.116 26.925 68.474 74.262 24.999 75.575 75.591 44.213 86.983 39.825 26.5 78.789 16.929
75.398 28.176 83.987 85.863 56.588 20.569 25.914 68.398 69.444 27.397 83.913 81.229 33.523 83.646 34.213 22.234 91.012 13.149
81.85 29.248 86.843 80.92 51.879 29.334 26.847 69.621 71.883 30.611 73.186 87.771 33.151 84.166 31.751 25.939 76.88 21.039
80.976 33.121 84.071 85.999 55.255 33.639 25.112 81.698 82.293 31.13 76.828 74.534 36.918 79.271 31.53 22.662 89.138 14.385
86.072 35.95 93.816 75.905 49.285 28.006 20.523 77.464 70.524 30.056 78.809 86.767 39.587 89.439 36.032 33.459 85.631 18.847
76.755 26.501 91.108 77.274 49.163 32.974 20.683 72.967 77.808 31.12 74.765 73.149 37.035 84.588 38.742 31.599 85.988 22.085
82.264 24.162 91.293 73.664 42.753 25.73 20.437 83.791 81.581 25.191 77.296 72.797 35.045 90.224 36.038 26.318 85.362 25.141
88.493 24.946 90.89 82.045 55.309 20.468 21.757 83.546 83.571 33.889 76.638 75.285 46.702 90.319 34.163 24.922 90.641 22.03
85.314 38.409 84.482 74.101 44.343 35.246 18.924 74.895 76.264 36.761 85.924 82.082 46.521 83.541 31.959 28.279 89.232 23.091
89.61 27.88 87.273 77.295 52.837 30.216 21.605 81.984 75.45 27.39 72.018 87.595 36.747 91.969 34.175 19.073 87.936 17.207
86.565 24.461 96.624 78.78 52.864 28.934 31.489 83.38 79.285 35.765 85.866 75.436 37.81 91.633 36.839 19.516 80.057 13.989
85.136 30.903 92.831 80.442 49.484 28.362 25.334 80.503 71.473 25.407 75.787 80.645 42.38 83.431 30.238 32.085 79.998 14.649
83.049 34.25 91.459 80.905 50.384 35.934 27.732 71.244 78.914 27.075 73.225 84.092 38.011 84.501 31.645 27.244 87.258 19.474
77.8 38.735 93.545 84.718 44.546 26.57 29.119 69.149 69.265 35.064 78.718 72.462 35.98 84.476 42.289 22.912 87.682 18.357
88.788 26.912 97.003 86.022 49.421 31.123 22.744 79.308 75.09 38.118 78.156 78.324 44.965 82.423 34.901 23.169 81.182 22.159
75.556 35.92 96.766 82.613 53.898 31.593 30.261 76.12 79.739 27.448 85.044 80.788 32.068 78.795 30.154 18.135 87.616 13.818
74.914 37.173 91.664 77.236 47.343 27.447 25.398 74.485 67.624 38.274 75.721 72.538 36.793 93.252 32.852 30.82 90.43 22.15
80.822 39.517 86.793 77.427 49.916 28.071 31.84 72.962 75.61 27.096 80.324 77.691 43.874 91.971 38.481 23.305 92.339 22.171
80.196 25.489 84.28 75.835 49.154 21.347 23.62 75.273 81.999 27.28 75.788 81.477 46.771 82.544 38.0 22.345 88.189 18.691
86.846 31.912 81.912 87.849 50.431 31.05 21.821 73.304 79.369 27.58 71.128 80.893 34.237 93.804 44.752 25.873 77.129 17.315
89.776 36.309 94.855 78.498 57.36 29.267 22.042 82.469 68.613 31.038 82.203 75.93 41.469 85.915 38.771 26.463 86.453 16.452
84.42 34.242 82.949 77.403 49.363 22.371 26.93 82.493 74.705 35.197 72.494 72.549 46.612 86.332 41.241 29.298 84.254 19.546
78.688 26.244 89.337 80.305 48.741 26.055 17.448 76.538 74.39 30.078 78.297 81.844 36.094 90.129 39.962 32.392 82.569 24.719
88.89 27.189 83.918 81.604 47.194 21.41 20.55 70.549 81.42 36.402 74.181 73.301 31.329 85.465 45.186 18.713 86.525 25.425
89.198 29.275 81.408 74.027 46.717 23.932 26.129 76.091 72.737 33.611 71.421 86.994 30.955 79.166 32.619 26.742 88.284 18.597
86.431 38.263 94.508 84.417 53.235 26.517 17.632 71.84 79.049 32.606 86.103 83.649 31.22 86.791 41.125 31.249 85.753 20.37
85.41 24.844 87.189 77.647 42.744 35.071 17.485 75.563 70.643 22.59 72.19 72.955 34.851 86.465 36.757 25.325 89.836 27.106
85.024 39.4 82.051 75.753 52.359 22.966 30.945 83.383 76.618 23.926 85.644 85.019 46.8 83.368 33.657 27.591 79.725 26.843
82.465 37.285 86.245 77.813 42.045 31.335 20.03 72.575 79.774 37.994 81.841 73.961 39.165 84.098 34.54 22.668 87.749 18.881
75.017 30.379 88.743 88.178 41.699 26.814 31.27 80.237 81.516 29.048 79.522 86.376 42.383 84.837 36.466 22.148 87.617 23.524
77.106 31.009 87.513 73.359 48.804 33.575 20.919 80.577 82.149 31.711 85.027 84.946 44.384 93.309 38.697 20.179 86.693 27.491
78.718 38.492 82.839 88.232 43.297 22.73 31.448 79.644 81.913 38.456 82.303 79.299 42.716 84.732 37.613 21.554 79.996 23.412
75.207 36.989 88.495 75.545 43.841 24.797 24.857 81.835 79.468 23.585 78.323 80.641 44.958 87.259 41.549 24.202 85.725 28.678
86.138 33.036 88.329 80.601 43.96 29.285 21.275 69.519 72.08 32.207 86.729 78.256 33.576 88.567 36.77 28.024 82.967 13.597
89.377 39.259 86.312 77.755 44.846 25.319 30.166 72.615 73.375 25.616 86.128 82.383 35.382 87.848 43.246 27.265 91.444 21.665
87.568 34.071 85.597 76.313 41.861 32.976 23.481 75.358 81.706 36.726 82.169 74.101 37.724 78.935 37.901 28.801 80.521 15.859
87.828 23.849 86.197 74.882 43.44 20.804 22.834 77.935 72.503 33.966 86.092 81.5 32.683 90.008 33.649 27.07 90.411 16.881
90.621 32.8 88.92 88.248 44.169 35.613 16.492 81.626 83.502 38.296 75.133 83.651 45.732 79.894 33.192 17.92 87.172 17.741
85.965 32.108 94.471 86.014 57.284 24.151 20.303 82.779 77.395 23.257 76.602 77.598 37.078 85.097 30.696 26.6 89.44 17.876
80.009 26.083 93.978 83.899 42.0 33.477 29.122 80.388 82.234 37.963 74.683 82.445 42.862 86.625 33.008 28.535 84.641 21.86
88.164 30.372 94.272 88.304 55.652 33.981 30.473 69.536 74.304 35.965 73.73 86.11 44.426 85.902 42.118 18.807 81.815 14.393
76.073 37.587 84.229 75.521 56.704 23.374 28.009 69.996 79.803 27.621 72.634 80.367 34.793 81.285 35.353 19.708 82.73 19.367
79.119 30.103 93.305 79.192 48.777 23.822 31.287 69.049 77.979 36.736 77.503 82.429 35.994 82.4 32.846 28.41 80.369 22.082
76.372 38.071 83.629 82.383 45.363 33.065 26.178 83.004 82.657 26.812 83.153 82.955 40.372 90.188 41.566 17.941 77.5 25.356
82.535 25.575 94.839 73.94 45.27 33.349 31.712 70.419 71.652 36.897 81.75 85.039 38.433 92.902 35.649 20.88 78.923 25.152
82.586 23.767 88.983 73.929 46.924 30.322 21.337 81.882 73.759 33.764 76.369 75.704 46.782 90.663 33.646 24.693 88.176 28.629
84.25 38.477 82.777 74.273 43.344 25.076 28.996 68.813 78.284 34.604 75.483 73.853 40.65 92.78 44.21 18.657 78.257 18.265
85.489 27.685 83.93 83.579 43.42 26.092 21.457 80.523 83.264 26.335 83.063 85.772 37.045 83.178 34.755 25.597 80.292 14.561
83.056 31.017 90.234 82.851 44.163 26.666 19.319 68.985 83.558 34.507 81.413 80.028 39.767 84.606 39.737 19.532 80.646 14.461
75.796 26.953 88.716 78.463 56.065 30.805 19.986 77.217 74.682 23.194 71.695 81.126 38.957 85.103 31.959 28.505 80.497 27.693
80.84 39.045 81.528 83.084 47.974 29.86 18.334 76.935 82.801 32.822 84.603 82.74 37.157 87.175 35.215 24.697 80.181 25.283
80.707 25.109 96.909 87.251 52.161 32.992 23.066 78.005 71.737 30.576 75.836 85.435 42.374 80.259 38.456 26.514 84.649 20.145
88.561 34.802 83.836 78.027 53.756 32.919 21.33 78.782 71.465 33.68 77.111 84.045 45.987 80.785 37.004 24.064 80.487 27.652
79.503 26.301 93.035 83.473 53.868 23.397 29.186 81.47 70.276 38.164 76.214 87.648 39.497 79.971 42.119 24.799 88.619 20.58
80.768 29.543 83.009 75.221 47.311 32.434 26.817 73.987 77.917 25.369 77.325 85.683 42.773 83.358 44.38 20.458 85.248 21.857
75.212 26.754 92.793 85.788 45.54 32.517 18.421 73.699 67.897 25.547 81.949 73.334 40.338 92.358 39.501 21.079 81.536 27.958
82.809 30.856 89.831 76.476 43.266 22.947 26.652 76.157 74.461 33.821 76.277 76.408 34.926 90.65 39.082 30.775 76.625 24.567
82.49 39.388 90.896 85.843 54.897 33.225 24.121 81.867 68.389 22.914 77.455 85.356 38.317 84.316 44.602 25.926 82.033 13.411
82.46 26.761 95.353 82.191 42.537 22.43 23.29 76.103 76.244 36.721 82.619 77.979 36.674 86.051 38.883 33.333 90.66 21.094
89.308 24.824 90.026 83.348 54.057 22.333 23.416 76.539 69.775 23.134 76.307 83.402 32.5 83.552 38.748 24.36 87.047 16.673
77.957 28.492 87.082 83.78 54.833 27.663 20.542 81.267 68.328 34.823 78.021 76.506 41.828 80.768 33.868 23.328 87.719 21.631
78.61 32.49 87.366 81.41 47.31 29.595 19.236 81.562 78.35 31.896 74.529 86.284 43.114 93.468 32.76 21.053 92.482 21.93
76.086 24.283 92.089 83.42 48.352 24.675 19.164 71.213 83.023 34.476 82.054 78.033 34.464 80.637 43.041 24.96 80.725 25.566
89.654 37.961 83.566 83.313 45.472 27.61 20.903 83.337 78.918 28.202 82.841 86.437 46.332 81.558 36.159 25.152 87.058 13.535
77.925 26.02 90.16 84.051 51.096 34.341 22.365 73.083 72.113 23.571 81.254 83.267 34.595 89.875 44.828 27.898 81.862 18.127
89.849 24.748 82.347 75.015 44.185 29.147 31.775 77.112 72.349 33.154 72.134 80.236 32.299 85.923 30.26 27.325 78.629 20.634
83.504 37.176 81.781 85.291 45.735 20.006 20.938 83.845 78.159 23.795 72.254 73.475 43.614 89.289 42.819 20.696 77.221 19.108
89.776 27.566 90.362 84.377 44.634 34.731 24.718 78.913 82.635 26.031 73.046 72.863 46.224 82.724 30.823 30.605 88.717 21.25
78.507 27.682 85.657 75.16 44.955 29.173 19.02 71.793 82.357 28.379 77.125 82.212 31.489 81.205 31.052 20.86 77.162 26.386
87.762 25.48 89.924 77.08 44.051 25.032 29.477 72.742 77.799 38.336 85.519 76.837 45.866 86.757 37.507 29.811 89.75 13.114
87.945 37.122 89.928 75.458 50.838 25.432 23.092 81.279 69.401 38.318 71.063 83.599 35.828 79.598 36.487 24.054 90.349 13.43
82.274 34.198 88.29 87.581 55.185 32.303 25.688 70.912 71.967 28.456 83.595 87.092 42.006 85.569 43.706 32.361 87.971 13.164
74.924 37.52 87.799 89.0 51.142 28.428 27.716 73.37 72.969 23.678 75.425 84.479 46.869 90.699 41.802 18.642 79.891 21.478
86.689 35.404 93.85 78.96 41.994 24.402 27.651 77.416 78.183 28.497 80.675 84.305 41.281 79.113 44.998 26.84 89.59 15.503
76.727 25.399 81.163 75.489 54.129 27.044 28.805 79.692 71.722 34.761 75.86 74.365 31.152 89.803 41.141 18.172 83.007 27.484
85.019 24.257 82.622 83.022 43.135 29.306 30.625 73.329 75.156 25.848 83.544 83.038 36.696 84.694 42.974 33.236 77.284 25.676
76.208 30.72 82.984 80.105 49.112 34.406 17.32 79.274 73.713 33.484 72.595 74.519 42.574 83.848 31.318 26.984 81.778 17.71
75.151 34.81 81.182 78.816 53.954 29.038 19.04 83.537 70.118 30.357 75.505 84.042 45.789 87.585 31.373 19.399 83.844 15.195
88.16 24.003 82.973 80.194 44.97 27.356 21.38 69.826 83.445 27.134 85.02 81.98 36.419 87.534 32.53 23.949 90.427 16.128
81.338 36.491 92.274 74.121 51.316 24.378 17.258 72.54 74.376 25.288 77.418 78.319 45.788 91.798 41.237 24.048 86.483 16.073
87.352 38.152 91.602 79.342 49.755 25.029 20.217 71.721 70.454 37.84 82.307 74.412 40.186 79.526 39.258 18.405 80.318 20.549
80.294 34.564 92.804 84.178 43.861 24.039 29.71 79.064 69.665 36.784 85.945 87.69 43.927 81.38 30.342 30.209 89.992 27.041
90.366 30.037 86.891 86.51 48.227 25.687 26.887 77.801 76.878 25.262 76.337 80.993 31.773 84.621 38.324 22.741 78.412 13.082
86.462 34.276 86.565 85.627 48.878 25.658 28.934 81.511 81.861 23.003 82.373 73.641 32.674 93.713 29.495 27.146 91.921 17.92
81.964 38.37 86.642 77.354 42.183 21.614 30.809 68.957 76.79 29.829 74.887 76.806 33.408 84.291 30.553 27.341 78.061 20.275
82.353 37.075 95.764 74.55 45.881 29.034 30.309 68.767 76.604 29.269 77.098 82.192 43.777 81.607 43.308 24.192 77.167 20.84
76.978 38.82 96.906 74.906 44.625 31.836 18.883 78.989 68.605 26.762 77.932 81.623 39.172 91.019 43.329 29.094 79.57 22.406
75.127 38.636 88.716 75.341 55.685 24.018 18.684 78.473 71.335 24.584 78.705 73.629 44.485 90.768 45.212 33.377 83.433 20.143
83.977 36.192 82.151 80.775 52.853 20.579 31.155 82.087 80.06 28.691 72.861 86.665 42.425 82.859 38.57 24.484 87.046 13.325
86.167 29.461 82.847 77.769 46.439 28.259 28.467 76.399 69.639 31.549 77.326 74.403 30.953 79.258 40.123 30.643 86.202 22.335
81.943 27.608 88.571 82.713 54.214 26.376 19.29 78.632 76.041 32.46 78.758 73.887 41.916 93.098 41.639 21.7 79.512 23.611
89.855 25.624 86.115 73.959 49.658 21.687 26.767 72.646 74.673 31.073 86.982 83.213 37.045 79.377 45.379 23.991 81.039 21.147
80.472 34.476 82.25 76.81 47.103 21.376 16.576 82.67 77.964 29.454 74.08 74.859 34.291 86.109 38.705 32.621 87.195 25.093
78.642 26.731 93.994 88.099 57.123 33.866 30.739 75.375 74.579 28.159 77.187 85.015 40.367 79.14 33.783 30.278 82.319 18.052
85.461 35.011 83.196 75.786 57.46 35.574 24.877 73.936 80.935 29.064 72.362 85.974 41.798 82.554 44.47 21.157 91.422 18.642
78.163 37.368 93.005 78.402 52.197 21.232 19.146 75.099 74.474 34.997 72.919 85.642 31.44 86.896 36.935 21.535 78.003 15.849
83.444 29.426 87.977 84.406 53.658 33.262 23.6 79.421 69.727 23.718 76.37 77.597 43.652 82.652 35.183 27.05 85.275 19.232
81.118 30.459 86.344 82.836 46.366 26.458 23.739 76.464 74.605 31.746 73.478 78.199 41.807 82.262 43.264 19.997 79.561 14.703
85.468 38.135 84.186 73.203 57.305 35.846 23.648 74.929 76.066 36.137 84.219 76.089 45.494 87.374 35.563 18.31 86.286 13.551
77.687 26.069 86.81 84.107 44.602 30.611 22.243 75.778 73.178 36.331 73.674 73.606 36.048 83.168 44.394 27.865 83.464 14.023
85.06 38.72 84.458 81.599 51.341 23.926 31.339 82.759 75.093 23.069 73.992 87.388 39.385 90.9 37.436 27.458 87.909 18.49
76.939 31.635 85.056 75.478 41.827 22.082 30.01 76.446 78.049 35.093 86.49 83.8 37.164 85.587 30.595 28.062 90.947 15.214
90.631 32.804 86.601 76.307 44.742 20.722 28.03 77.246 83.129 37.862 81.717 87.397 42.108 81.691 38.178 25.429 81.301 13.652
89.067 34.783 86.723 86.765 49.151 33.484 29.674 74.717 71.612 33.07 78.614 81.901 32.455 87.483 41.854 29.045 87.737 25.48
89.059 35.963 91.27 83.564 52.947 31.008 23.487 76.559 72.896 35.439 80.208 72.96 42.613 80.888 33.832 20.821 77.309 22.449
86.33 29.094 90.775 88.237 53.533 29.848 18.451 70.866 83.212 36.73 76.735 79.288 32.54 78.623 35.563 21.616 82.497 28.595
89.512 28.692 94.835 80.837 45.78 24.667 24.275 82.533 78.327 36.424 72.367 73.813 32.597 86.352 33.743 24.705 76.986 16.784
76.436 35.737 93.819 76.756 54.299 24.456 31.4 78.717 80.861 27.977 81.793 79.595 31.108 90.112 31.605 29.27 82.354 27.884
80.733 34.017 90.859 76.746 49.863 23.237 25.465 81.442 71.17 36.038 79.351 82.581 45.056 89.087 42.179 18.833 78.058 28.997
76.962 28.046 94.136 79.69 49.176 30.934 29.959 69.151 74.268 32.233 74.552 86.538 46.222 81.464 33.596 25.73 90.501 20.718
85.32 28.515 91.65 88.96 50.943 26.906 16.721 74.102 79.652 23.921 78.594 77.832 46.089 81.56 41.91 19.895 83.711 25.305
76.043 38.921 85.041 85.438 44.555 24.865 24.002 81.948 68.279 23.942 75.563 72.271 44.97 84.275 42.683 23.513 77.57 22.245
75.759 24.575 89.855 73.39 48.101 33.705 20.14 83.802 81.324 28.226 76.748 75.006 34.259 92.382 43.935 29.801 89.904 15.816
88.532 35.98 87.067 86.408 56.46 26.404 17.673 73.652 82.901 28.31 79.73 82.193 40.419 84.227 36.017 28.828 81.265 21.47
75.018 25.241 86.127 78.882 53.967 24.472 31.143 68.098 80.587 33.902 74.506 71.883 31.602 83.582 44.942 33.523 80.192 19.216
85.565 35.293 96.371 86.45 45.505 27.755 20.333 81.267 73.198 28.079 79.738 83.651 37.401 91.245 40.791 25.143 77.857 21.962
80.009 29.535 84.089 84.784 53.504 30.171 22.368 74.595 81.072 29.594 84.41 86.963 39.746 89.953 36.573 33.247 80.282 23.563
86.513 33.412 87.38 83.855 47.493 32.137 21.648 80.946 76.552 34.776 79.694 87.211 42.978 84.951 37.032 19.862 88.841 24.633
86.758 31.442 82.099 89.176 50.979 30.409 22.291 74.25 83.53 31.451 73.252 72.311 45.317 81.274 44.78 25.832 84.746 16.03
90.629 30.56 94.836 75.904 48.647 30.699 30.333 73.228 72.372 27.034 79.91 83.277 34.473 86.363 29.513 25.571 80.038 21.729
77.888 29.117 88.037 75.463 52.3 32.617 21.58 80.371 76.958 31.405 79.906 73.815 45.931 89.734 29.62 31.317 78.761 28.979
89.311 35.156 86.62 86.445 51.635 27.13 22.454 79.157 77.964 34.552 86.549 79.548 35.527 79.364 36.551 24.557 78.977 27.961
85.791 28.96 89.966 76.954 48.261 25.359 29.373 68.159 77.011 31.345 73.595 87.56 35.631 80.139 41.892 27.647 88.516 24.938
83.13 35.21 82.934 84.78 43.407 28.318 17.805 74.031 73.041 28.398 72.005 76.106 42.765 84.686 37.047 32.501 90.259 20.616
75.893 25.729 90.316 74.247 51.25 25.186 27.142 69.295 77.481 33.612 83.059 76.129 43.42 88.707 43.322 19.361 80.58 15.496
81.096 24.59 88.498 77.171 42.783 33.455 20.818 83.391 77.258 31.779 72.943 74.887 43.336 80.019 34.115 21.149 92.257 14.481
76.822 29.51 85.316 83.975 42.818 33.234 23.107 68.701 72.064 38.478 78.265 78.849 43.568 81.751 37.772 29.495 87.549 26.028
82.847 27.711 96.574 86.827 46.117 35.309 17.651 83.051 76.106 30.895 82.924 73.228 34.808 80.473 37.786 25.708 88.821 27.651
78.244 24.9 83.425 79.558 41.826 32.58 16.797 72.728 69.209 31.646 76.985 83.896 41.072 81.531 38.877 19.403 85.901 15.585
78.438 33.913 95.16 74.117 53.799 21.155 22.259 68.621 73.995 33.59 79.014 72.189 42.504 87.399 44.041 19.862 88.416 28.221
81.168 24.788 86.948 76.463 48.52 28.497 26.488 70.975 69.013 34.818 74.352 78.165 34.879 80.41 39.803 18.946 80.742 25.374
84.655 38.073 90.192 74.095 49.834 32.168 17.71 74.868 80.178 35.989 71.222 74.269 36.742 88.273 45.258 31.595 78.062 14.887
82.547 35.089 83.015 87.662 50.992 24.416 17.195 81.286 78.452 31.934 76.794 77.208 42.984 94.401 34.299 26.32 88.321 17.387
77.409 34.599 94.362 84.145 55.268 35.956 24.939 78.771 73.68 35.672 71.539 85.039 36.505 87.424 37.559 31.998 85.054 19.985
81.64 39.551 86.727 87.918 50.907 22.559 20.939 72.967 70.881 25.498 84.505 85.091 37.477 88.637 44.062 31.718 77.817 26.826
76.454 36.416 84.073 73.759 56.428 31.494 29.116 76.415 73.068 30.356 84.785 77.618 34.424 83.759 30.188 24.825 87.46 23.357
80.075 39.254 89.181 73.967 48.242 30.559 30.579 69.781 68.017 32.743 75.611 84.583 38.383 93.646 35.77 26.305 86.271 27.186
78.897 27.027 96.051 85.989 44.224 24.812 20.701 75.733 70.16 32.307 80.861 83.816 40.598 87.149 34.534 27.454 86.7 23.351
81.562 37.369 93.897 87.965 57.071 21.401 26.097 69.815 72.283 23.872 71.303 80.468 42.693 92.034 30.143 29.449 86.649 26.424
79.622 26.624 85.653 73.416 44.975 26.423 20.471 77.308 76.54 38.277 75.801 84.469 34.543 81.814 34.112 30.502 92.479 16.383
76.434 38.653 90.3 74.25 56.129 28.576 26.388 83.713 82.126 29.714 77.13 78.579 39.992 87.654 40.538 29.206 86.28 27.76
85.094 29.09 91.987 73.31 55.739 27.797 16.024 69.561 73.127 30.715 77.746 84.121 42.69 88.746 45.276 27.638 83.072 17.063
84.053 37.689 88.955 74.988 51.514 22.554 24.951 72.229 78.292 24.14 71.882 81.193 32.207 89.114 33.247 32.651 89.845 22.825
76.118 32.964 93.784 76.531 42.476 24.71 20.341 77.58 78.382 29.168 72.811 81.185 42.598 85.08 33.035 27.885 82.15 16.899
85.412 29.677 96.401 81.875 46.867 23.439 26.034 69.654 81.962 31.568 86.824 82.133 32.974 89.199 39.993 29.027 89.055 20.501
85.655 25.914 90.898 77.15 54.602 23.03 23.431 77.523 77.128 30.153 77.573 76.275 35.05 79.453 33.625 24.645 81.59 13.433
85.337 27.521 85.372 88.059 47.464 23.475 31.348 69.277 74.423 33.842 77.221 83.664 43.721 79.969 38.662 33.444 87.694 18.999
81.015 34.072 86.816 87.813 54.397 30.251 19.232 68.733 68.854 35.832 72.431 80.844 41.901 85.289 31.944 29.998 82.644 25.261
77.127 37.649 82.997 87.16 45.541 27.623 24.3 70.293 81.252 33.717 77.483 82.834 36.108 89.922 36.653 19.792 80.299 16.982
78.191 30.679 90.81 83.124 57.223 34.246 23.699 77.142 74.196 28.473 80.193 86.072 46.314 81.629 31.738 17.801 78.923 21.597
86.87 30.755 84.135 86.036 48.102 28.888 25.967 81.264 72.554 29.495 86.677 77.575 44.604 84.064 33.866 28.613 85.676 28.34
81.339 25.795 90.719 81.575 51.379 35.028 21.036 82.144 68.048 31.708 81.902 80.106 34.275 91.378 35.71 23.501 82.104 19.317
79.543 26.179 89.116 81.525 51.123 28.359 18.772 74.227 76.592 29.389 85.572 81.224 42.057 90.123 36.145 22.884 90.859 22.328
85.584 37.948 84.267 85.493 44.048 21.812 25.834 75.263 77.511 34.663 82.934 73.416 43.775 80.776 33.048 33.074 82.498 16.06
83.924 39.271 82.257 83.807 49.061 24.153 20.496 82.446 80.728 22.653 82.771 78.526 45.943 78.897 42.4 31.312 79.367 13.119
90.395 31.407 84.876 74.604 56.113 28.829 18.071 68.398 76.934 24.194 76.759 84.115 34.762 83.991 44.848 29.332 77.66 24.761
78.094 35.991 84.672 78.425 49.466 20.712 27.102 73.002 74.133 34.546 84.263 77.744 32.186 85.595 37.473 33.665 87.977 19.299
80.015 37.238 85.077 76.511 51.428 27.778 19.757 74.393 73.187 32.545 71.356 75.198 40.72 88.651 33.401 26.89 82.464 26.383
84.256 35.067 89.288 83.211 56.666 34.079 19.802 68.771 82.781 28.399 78.047 76.85 37.109 82.789 40.747 31.476 92.367 23.805
83.154 26.957 92.397 78.319 43.308 25.695 24.861 77.1 75.232 37.513 76.137 81.354 41.965 89.151 34.421 26.568 87.868 20.387
86.149 32.751 97.042 79.452 45.078 29.518 28.895 75.685 74.341 30.513 72.342 87.739 42.29 82.517 39.314 28.623 88.386 21.577
76.358 34.518 83.449 87.292 44.491 27.773 27.922 76.408 78.631 37.435 71.156 72.188 38.437 86.247 30.481 23.175 80.553 14.646
84.823 31.365 88.459 82.404 45.918 32.651 23.355 72.854 83.407 26.261 79.332 86.109 34.661 86.288 41.824 20.259 78.485 25.704
81.284 33.184 85.986 88.359 49.081 24.748 23.306 68.815 74.749 37.708 72.221 85.191 38.783 80.907 42.32 31.663 81.054 20.823
87.231 28.856 92.721 79.694 53.467 22.847 18.207 75.904 73.206 27.122 81.429 81.297 32.486 86.073 31.792 22.469 87.696 26.773
85.042 24.251 96.261 78.242 46.45 32.42 25.514 82.436 81.913 34.24 82.879 77.484 33.764 92.69 43.965 31.157 79.861 15.934
75.81 34.715 96.68 87.46 43.34 29.698 22.274 78.865 75.757 24.19 75.886 81.664 45.256 83.25 29.45 30.919 83.029 26.229
77.179 35.887 91.146 86.719 44.117 24.549 21.275 81.527 69.135 32.475 79.207 72.044 41.357 84.286 35.976 32.024 87.305 27.788
83.198 35.759 96.94 73.946 56.332 24.977 29.254 79.043 75.161 34.385 75.863 72.068 41.256 88.901 37.542 22.376 92.417 15.581
86.935 30.514 83.237 80.13 54.479 20.972 31.524 75.271 68.862 27.686 77.168 79.652 33.151 86.235 31.836 31.781 91.059 13.822
79.77 35.252 88.683 73.642 45.858 21.906 27.963 79.298 76.271 30.755 71.496 83.075 31.172 83.923 42.963 23.472 77.726 13.897
79.147 30.218 86.802 85.663 45.166 33.327 19.274 80.403 69.675 22.742 78.279 87.298 31.557 80.39 32.224 22.438 85.213 22.815
86.04 24.432 85.436 82.239 42.426 34.828 21.619 70.21 71.548 37.952 85.347 73.561 36.555 79.611 44.905 25.006 88.6 24.839
86.138 28.34 94.657 78.629 54.956 25.93 17.416 71.47 75.821 31.439 78.058 75.477 32.334 84.659 30.208 21.959 79.347 15.874
79.693 36.595 96.795 85.056 44.296 28.904 16.737 69.99 74.466 23.889 86.851 87.08 36.145 91.438 34.322 21.441 84.069 15.514
77.256 38.695 84.473 78.198 45.848 27.589 31.771 79.406 72.107 33.808 73.762 85.419 34.394 79.655 38.629 23.525 83.835 13.492
79.075 26.534 81.645 81.972 48.559 22.097 16.068 69.818 71.945 36.179 80.502 74.345 46.461 83.712 37.796 30.504 79.923 18.545
90.273 37.31 97.004 81.719 53.051 35.759 21.962 69.376 80.756 25.645 78.438 86.897 44.349 90.21 45.216 29.868 87.128 14.717
80.725 35.626 88.262 78.272 48.405 32.177 19.187 71.853 75.771 38.176 76.394 74.848 34.212 90.734 44.35 18.704 86.689 25.436
78.674 35.492 88.667 87.511 45.597 22.767 18.509 70.507 67.707 30.861 77.39 75.66 42.852 88.815 45.392 32.736 77.779 20.503
77.536 30.899 81.565 74.911 43.044 22.161 22.846 83.59 79.237 35.804 86.163 84.984 40.283 79.769 40.53 28.536 78.662 26.623
78.609 36.033 94.079 79.208 45.023 28.862 31.196 74.122 79.042 27.561 78.259 73.397 37.089 87.688 42.538 33.442 79.646 23.499
85.438 32.385 82.774 87.943 43.463 20.984 24.268 74.719 80.63 22.964 83.88 86.491 35.16 89.77 43.069 22.46 79.549 17.487
83.713 35.709 84.54 79.184 55.783 32.435 29.875 76.775 76.814 36.427 78.854 82.89 33.662 88.609 31.647 28.669 89.925 24.972
86.483 23.784 94.727 85.467 50.384 24.412 20.451 72.499 74.285 34.76 86.257 74.5 42.217 93.265 36.352 32.953 79.827 19.92
84.022 24.142 81.822 86.329 56.168 21.47 31.569 81.068 68.318 32.29 83.685 83.774 32.293 84.052 36.396 26.388 87.745 26.55
78.214 28.368 88.356 88.691 42.771 21.983 25.238 81.422 71.666 37.532 82.356 85.966 37.774 83.185 36.143 23.514 79.321 17.64
85.587 37.498 88.753 79.088 54.766 24.272 26.829 76.744 79.598 26.971 83.018 84.373 39.52 89.947 38.875 28.853 81.364 14.01
90.364 32.586 95.823 86.437 49.69 29.192 19.502 71.826 70.528 31.265 77.189 84.293 42.832 85.13 36.364 32.385 90.816 18.933
77.298 27.519 90.193 86.968 52.928 32.095 26.644 77.66 79.979 34.155 78.304 80.598 34.379 93.933 31.734 27.182 77.331 22.343
79.798 24.146 86.653 82.144 48.837 23.051 23.05 71.028 69.238 25.242 74.228 80.107 45.104 92.996 42.707 28.718 85.766 21.665
75.544 25.068 89.87 75.962 43.903 29.483 28.231 76.937 81.287 29.061 72.448 75.545 41.839 92.941 30.387 25.905 83.348 26.075
82.074 24.135 89.592 75.393 54.688 22.507 27.284 76.117 76.838 35.397 81.617 84.135 41.408 92.198 30.091 18.87 77.382 27.517
79.565 27.549 84.842 79.949 46.787 29.459 20.151 72.482 72.489 31.972 71.779 74.083 37.114 90.164 39.769 21.481 79.138 13.284
76.001 36.698 87.745 74.62 52.39 27.617 28.291 70.615 68.674 28.766 81.833 87.451 34.906 89.345 37.551 19.306 88.775 20.632
87.121 27.387 92.458 83.168 52.186 32.68 16.985 74.668 69.497 34.238 74.005 73.265 36.699 83.117 33.249 25.245 79.078 18.335
84.341 25.951 88.49 88.035 46.998 29.535 23.42 71.11 72.955 26.296 86.22 73.847 32.367 78.922 33.78 29.679 89.576 19.038
81.131 33.704 95.452 76.358 47.885 21.651 27.426 73.067 71.883 35.651 80.786 78.438 41.481 80.129 32.679 18.989 76.587 24.755
82.199 28.458 90.726 83.926 43.719 26.227 19.686 83.426 81.05 34.475 78.27 74.575 46.369 79.122 35.268 32.735 90.874 20.626
87.632 24.224 90.924 76.236 51.632 35.477 28.386 82.516 71.397 27.611 71.8 73.033 42.955 87.329 29.605 30.648 82.123 18.071
86.578 28.58 92.537 79.383 45.384 27.779 17.239 82.045 83.42 36.171 86.974 72.718 45.549 82.573 44.156 31.906 90.762 19.961
82.268 24.916 86.763 78.608 54.84 24.107 30.195 83.691 73.589 28.548 78.265 77.496 34.591 87.271 34.649 20.905 82.926 20.149
90.638 35.598 84.606 82.729 53.818 30.101 24.722 74.571 82.913 25.458 77.406 78.849 38.602 85.588 40.423 22.39 78.368 18.634
87.503 30.174 81.788 81.613 46.463 22.858 25.62 79.73 80.912 30.087 72.634 81.761 42.689 85.475 43.073 22.764 85.937 25.366
89.603 37.858 90.535 81.852 56.42 21.386 17.93 79.963 74.739 34.845 77.053 75.765 32.673 81.869 30.903 25.318 88.638 26.276
87.816 25.353 88.096 88.968 57.172 30.737 26.71 76.692 83.385 27.847 79.858 87.141 32.48 89.776 36.878 20.312 88.661 26.32
84.721 23.63 94.236 77.04 50.553 22.347 22.887 77.186 72.398 27.424 75.822 87.075 32.446 85.025 42.768 28.235 91.449 16.45
88.326 24.728 89.333 76.445 48.324 28.794 28.892 70.098 73.41 33.167 75.743 72.061 34.041 84.719 30.213 29.749 92.015 17.662
78.109 25.228 88.435 79.649 44.987 32.29 23.403 76.491 83.024 24.489 86.974 81.434 32.949 87.618 30.669 19.18 83.758 24.376
90.24 39.319 91.43 87.359 43.096 32.217 23.852 68.432 77.966 23.512 80.527 84.242 37.965 87.487 34.736 21.773 83.47 17.53
79.855 33.445 93.078 82.697 55.202 20.343 26.596 74.164 78.332 30.077 74.705 82.13 39.906 92.375 36.037 25.759 87.221 18.696
89.347 35.007 87.512 78.299 54.33 26.932 27.528 68.672 76.336 32.299 72.206 84.301 32.083 82.736 34.321 31.771 85.274 25.994
81.227 33.764 88.339 76.391 52.329 20.551 29.744 69.45 72.411 27.037 72.902 85.989 43.342 89.588 43.739 30.435 77.555 18.195
80.254 27.929 85.255 79.199 52.731 32.437 19.656 77.471 83.393 34.116 81.66 80.744 45.479 87.57 45.347 25.459 79.241 16.593
75.652 30.641 85.902 81.236 49.994 29.889 18.584 69.377 70.836 37.392 85.203 74.602 44.357 86.02 44.854 22.173 85.066 13.222
78.765 31.904 82.195 81.91 51.843 27.614 24.544 79.529 69.088 28.225 78.721 80.592 44.59 79.639 34.629 29.155 85.501 17.976
86.904 25.924 91.496 76.434 42.267 33.786 19.714 73.218 71.716 27.858 71.079 82.008 46.022 86.847 40.853 21.965 82.321 18.501
75.627 26.522 96.954 75.891 55.717 26.451 30.708 70.225 73.388 23.843 78.568 81.655 35.681 81.384 42.832 20.665 78.302 18.292
84.395 31.262 93.054 85.812 42.97 24.455 27.014 77.059 69.476 32.795 84.37 78.064 45.169 84.493 40.518 21.274 91.512 18.738
81.658 27.826 83.08 76.837 48.68 30.379 21.954 77.672 70.57 35.224 75.516 80.721 33.945 93.136 41.466 21.526 90.516 21.449
79.025 25.746 82.005 80.88 48.253 30.599 20.453 78.961 68.422 29.452 75.671 85.631 42.35 81.141 38.53 28.458 76.806 16.316
83.955 30.628 87.802 84.385 44.214 33.457 18.62 77.432 70.186 24.889 81.837 80.538 40.116 85.548 44.791 30.691 78.454 18.244
79.726 30.016 95.602 76.149 48.179 20.425 23.776 73.771 75.184 28.841 79.897 73.829 31.817 92.351 33.883 25.064 88.652 14.089
77.649 35.314 96.054 75.541 53.613 28.547 20.961 68.808 75.654 32.649 85.397 71.982 33.388 91.723 39.133 29.111 77.751 24.951
84.784 33.417 81.516 78.1 47.426 29.171 22.523 76.996 75.158 24.804 73.36 78.233 42.941 85.804 43.078 23.201 77.194 21.026
84.075 30.316 85.136 74.02 54.347 33.777 17.999 77.466 79.357 28.365 86.983 72.504 37.498 91.784 29.65 27.85 76.752 21.892
81.32 27.102 85.635 87.938 54.746 30.348 21.92 79.59 74.563 34.468 82.33 72.084 31.175 85.682 34.545 18.14 76.851 14.465
75.219 30.179 87.742 82.362 47.789 33.446 20.808 78.949 81.29 36.995 83.179 79.662 46.521 86.44 41.063 20.124 82.821 25.816
83.753 32.172 87.746 76.867 52.081 24.762 22.94 83.809 70.647 26.578 75.358 77.014 43.227 86.979 29.418 29.01 82.727 19.212
81.134 38.916 86.034 86.124 50.175 33.384 21.682 75.407 82.954 25.782 78.677 76.397 37.835 82.548 42.236 20.141 78.019 15.572
80.959 24.902 95.9 81.036 55.115 26.679 26.185 70.197 71.418 22.655 84.144 84.13 35.667 86.156 37.936 27.524 77.759 19.668
90.427 28.984 83.253 80.723 55.869 27.69 22.836 69.358 82.827 29.769 77.884 81.938 31.975 88.786 43.809 25.048 86.434 22.931
76.365 28.586 86.916 74.744 50.924 33.394 25.889 72.281 73.266 28.871 84.566 84.683 46.642 83.801 37.864 28.079 81.759 15.195
85.117 29.711 89.137 78.905 50.002 22.811 20.053 83.537 71.225 35.967 71.562 83.29 45.437 87.518 34.321 30.311 88.862 15.486
82.297 38.853 93.983 86.072 54.666 34.543 28.264 78.444 68.174 26.041 77.415 82.543 37.535 89.261 31.908 31.971 91.773 28.071
84.503 36.288 94.479 82.739 48.184 26.449 27.614 71.035 68.295 27.335 78.611 83.156 46.065 85.884 43.597 27.61 80.935 14.322
89.047 32.48 85.166 77.638 42.939 26.74 21.838 74.271 68.173 23.151 73.325 79.953 32.235 88.065 35.223 24.839 82.373 18.596
81.123 25.182 96.847 76.187 54.224 22.535 19.694 68.303 72.707 23.296 72.173 76.162 37.533 85.811 44.219 33.182 86.076 16.346
77.493 24.239 91.949 79.734 52.044 34.697 31.721 74.672 71.66 28.606 82.418 81.107 44.12 87.115 35.69 25.85 86.277 16.023
86.838 25.475 93.494 79.481 43.856 33.488 17.493 71.98 80.581 30.015 81.708 83.402 32.181 87.033 44.754 32.639 79.27 27.01
80.286 38.205 91.861 78.39 52.289 28.932 22.717 74.385 76.746 24.474 86.577 86.127 38.907 80.549 29.922 23.967 80.888 26.006
84.692 38.113 90.944 79.027 44.239 22.384 30.114 76.713 68.203 35.28 86.148 85.546 31.971 79.406 35.826 20.294 84.198 20.885
88.386 31.623 87.466 84.842 53.849 33.494 28.98 76.82 69.648 37.839 73.196 74.797 36.59 89.042 38.568 21.776 86.285 25.509
89.974 28.831 91.46 85.286 45.783 28.503 23.425 75.076 82.396 29.675 76.136 72.051 36.608 87.05 35.135 30.702 85.024 17.699
86.332 30.633 96.377 78.397 43.045 26.39 31.921 72.41 68.866 25.214 78.26 76.18 33.089 88.099 35.668 28.49 85.781 16.645
79.639 30.629 94.153 86.098 49.173 32.926 16.415 80.96 68.236 34.598 80.688 74.361 39.024 78.868 30.775 32.866 77.334 19.239
77.398 24.71 82.607 76.873 46.644 35.359 18.005 79.001 69.982 22.728 82.325 82.427 38.037 86.004 30.597 30.012 81.444 19.141
88.529 29.664 91.632 74.979 43.677 28.101 16.362 68.669 76.383 35.605 76.533 75.549 45.084 84.002 33.583 19.522 87.563 22.552
83.563 25.96 94.634 77.212 52.28 34.746 17.243 82.742 74.831 28.547 72.87 85.976 42.933 83.915 43.219 29.878 81.771 21.561
84.803 39.259 90.485 86.316 44.92 25.831 26.031 77.207 76.747 34.067 77.102 76.692 39.594 84.69 35.329 27.665 79.721 26.855
75.833 23.876 87.486 75.306 50.205 26.756 26.461 74.343 75.775 30.585 74.369 78.028 35.256 84.163 33.274 32.827 81.193 18.088
89.02 24.624 93.492 78.969 54.762 33.152 27.31 73.046 80.32 36.268 86.516 73.596 34.374 79.555 42.153 24.541 80.332 25.74
85.959 23.798 88.627 87.178 56.227 28.457 31.259 73.562 70.203 35.655 73.127 74.552 31.64 87.931 36.822 28.18 89.003 20.018
85.906 36.508 87.428 73.807 50.845 22.365 28.809 81.471 69.315 26.288 75.383 74.115 41.411 84.682 41.928 19.401 76.97 23.708
88.925 36.517 93.246 75.971 55.278 24.608 20.119 83.573 80.322 29.294 79.105 76.341 46.007 91.179 36.607 30.451 82.544 18.911
87.851 26.337 89.984 73.948 42.094 31.157 18.019 76.899 81.79 36.99 75.192 87.792 39.41 82.904 34.86 27.624 81.402 13.622
87.314 38.749 85.002 81.97 42.827 32.8 18.185 75.772 77.044 30.102 73.564 84.607 37.02 87.343 38.355 29.713 91.629 18.079
87.072 24.904 96.935 83.41 53.009 24.083 29.635 68.397 69.887 37.67 85.87 83.71 36.958 93.717 31.964 28.344 82.266 19.034
77.863 38.776 87.449 88.344 46.985 22.906 19.201 79.113 68.183 28.964 85.806 84.603 38.764 79.55 33.927 29.45 83.402 13.709
85.415 32.403 85.927 80.15 56.19 30.449 19.915 75.276 71.405 33.325 72.396 73.875 44.52 90.473 40.451 23.801 90.716 20.609
90.509 33.114 94.28 79.339 55.186 27.287 25.334 74.754 70.93 27.319 77.611 73.143 39.999 81.606 37.476 32.354 83.045 26.093
87.501 26.274 95.345 78.181 45.341 30.075 31.495 83.507 68.224 25.201 75.306 72.389 31.818 91.141 32.627 18.715 81.447 24.577
74.827 30.422 92.601 77.354 54.46 30.571 26.736 69.766 69.611 35.997 85.139 82.021 43.959 82.45 40.322 28.419 86.348 25.401
80.137 32.854 84.405 74.491 44.334 20.866 27.685 69.04 72.42 25.998 82.824 78.061 31.842 91.156 38.874 23.598 87.347 15.28
88.347 39.402 94.585 83.735 48.942 29.304 23.219 74.938 73.266 26.917 83.245 76.132 45.835 83.697 44.649 21.79 92.306 13.315
78.519 24.431 85.174 80.896 45.37 28.399 25.609 72.51 68.956 34.635 74.92 80.268 40.378 93.553 38.348 22.789 78.315 23.556
85.008 39.397 95.642 84.463 48.796 21.037 19.963 76.322 73.723 32.622 71.553 80.228 40.948 88.157 30.471 27.432 91.989 26.652
86.448 33.791 92.058 79.523 49.307 20.526 20.795 82.891 72.566 28.087 85.119 78.336 41.8 94.462 40.388 26.752 76.711 24.916
75.273 26.621 83.537 87.633 42.49 25.697 23.59 69.75 70.2 32.948 79.247 76.89 34.565 80.14 44.14 22.038 79.332 26.779
80.979 28.137 96.495 81.584 46.88 27.445 30.175 83.893 73.483 33.031 78.531 74.116 43.691 82.892 31.401 31.755 91.082 19.671
78.923 24.42 93.955 85.742 48.064 26.393 28.046 81.829 82.768 30.098 80.115 79.565 34.417 91.068 30.749 25.913 88.74 26.291
89.747 26.393 89.256 77.211 46.415 25.928 17.339 70.639 76.105 25.793 83.329 85.908 35.658 88.361 36.126 31.661 84.665 26.016
87.113 34.52 95.175 84.901 53.227 21.038 17.477 73.676 68.958 31.03 81.408 73.609 40.708 83.946 37.416 23.716 82.212 15.304
86.087 37.726 90.365 80.676 52.14 30.322 28.711 73.468 75.694 35.839 78.45 75.275 42.348 86.905 42.24 25.583 87.323 20.465
76.417 29.217 87.705 77.87 55.012 29.823 21.908 72.12 68.631 32.612 83.077 85.902 38.788 82.353 30.126 24.895 77.695 13.094
74.923 33.881 96.894 77.631 50.505 27.647 22.349 72.935 78.862 36.209 81.143 87.158 32.404 89.501 40.762 28.213 87.614 20.773
78.755 24.308 93.695 75.119 43.399 20.711 28.489 76.03 73.164 27.468 77.481 82.497 32.023 83.814 41.98 22.974 86.767 14.807
88.787 25.465 83.839 84.429 42.676 34.96 28.932 75.212 71.17 25.53 74.954 81.623 38.913 80.168 30.244 22.545 78.897 25.473
77.833 25.984 95.89 79.269 54.324 28.362 19.9 70.273 75.282 23.121 75.575 76.642 37.082 81.553 32.943 18.479 77.27 17.811
86.8 37.697 89.247 83.357 47.225 32.873 30.34 68.438 73.677 27.893 83.231 83.242 41.359 80.438 38.194 30.291 90.213 19.991
81.313 35.458 87.017 79.466 55.535 26.321 18.884 77.832 82.542 26.052 85.355 79.013 34.766 89.401 37.147 24.441 79.787 17.643
83.258 36.81 92.231 78.011 46.385 25.606 18.734 69.877 71.506 25.693 85.558 78.643 31.369 78.686 34.328 21.51 77.484 18.708
79.414 24.586 92.908 88.494 42.806 30.988 22.679 72.312 73.373 32.784 78.487 75.517 41.618 82.151 35.655 24.433 88.968 20.134
75.119 31.275 93.979 76.476 55.514 20.59 31.79 70.369 67.68 26.363 84.171 75.867 33.258 80.084 45.376 31.077 85.862 17.34
86.398 39.469 90.229 79.254 43.482 31.81 24.421 70.779 74.727 26.815 86.055 75.494 31.609 89.539 44.253 26.416 84.196 26.433
85.41 35.747 89.709 75.139 43.634 33.226 16.52 82.087 77.662 28.301 79.347 80.224 32.201 81.909 33.608 24.805 85.357 28.408
82.483 37.91 92.058 73.724 52.904 22.71 21.529 82.609 75.092 30.657 77.96 79.559 35.466 87.216 35.137 29.438 89.94 28.487
76.952 31.077 95.454 85.812 43.047 20.288 26.91 82.291 82.547 37.549 77.145 82.469 38.097 89.216 31.676 31.71 79.891 21.963
79.224 37.254 81.657 79.282 52.466 25.44 24.898 73.975 80.752 25.026 74.384 77.757 37.116 81.431 33.711 20.499 87.438 17.77
76.893 36.673 89.734 84.169 44.418 35.977 23.437 68.131 82.073 31.972 78.201 80.915 46.144 80.475 33.341 19.648 80.024 16.595
84.695 29.873 81.541 77.922 52.682 25.006 31.445 73.971 81.094 27.305 75.652 76.759 38.902 92.072 44.487 33.629 89.341 18.545
86.152 29.807 94.559 75.752 53.002 30.368 19.871 78.496 82.42 37.195 73.301 87.139 37.647 88.84 35.859 31.906 91.409 27.967
90.018 25.049 83.699 81.319 54.252 24.63 27.107 78.444 69.645 30.072 77.572 75.341 45.217 92.099 37.503 30.384 82.562 16.016
88.156 30.99 90.149 79.231 51.991 34.321 27.051 77.901 73.609 25.414 84.975 75.5 45.418 87.458 39.532 24.295 76.883 28.272
90.134 24.134 84.815 79.625 55.324 22.918 22.117 76.982 71.649 31.823 79.875 75.916 35.395 79.912 34.042 21.618 87.94 13.364
86.483 33.083 95.411 76.503 53.298 32.835 21.611 77.192 74.236 28.322 75.826 80.192 43.777 89.905 37.114 25.816 89.794 28.429
89.255 37.833 93.553 86.104 49.373 28.25 18.176 83.821 77.109 29.043 71.794 78.448 37.689 88.425 32.653 18.301 91.605 23.964
83.332 31.764 96.157 76.885 52.605 20.05 16.559 73.313 77.555 37.633 73.759 73.188 36.785 78.924 44.014 22.045 87.596 15.436
83.826 25.211 83.551 84.453 57.361 20.066 18.242 81.009 78.489 35.546 85.573 76.961 45.705 87.178 44.652 17.937 76.888 18.966
80.049 32.931 87.632 80.258 43.928 32.613 31.739 72.829 76.648 35.471 72.539 84.764 37.537 79.001 32.312 31.441 91.328 22.879
77.516 25.598 85.06 83.837 56.549 24.625 17.19 79.422 75.149 30.208 77.739 82.027 46.773 81.943 38.226 25.075 85.126 14.035
85.444 39.263 96.28 77.34 54.958 34.761 24.328 75.431 73.606 26.18 86.445 73.285 39.95 84.254 36.814 22.002 89.717 17.209
87.01 25.577 87.469 85.373 42.163 29.974 21.472 73.444 72.735 26.758 86.888 86.311 33.172 88.18 32.045 26.794 91.925 14.273
82.891 33.851 92.428 81.618 57.524 22.035 27.366 82.123 75.298 37.528 78.528 78.814 42.891 87.363 30.778 24.035 86.778 13.406
77.397 38.583 82.888 77.226 47.184 32.888 23.186 70.31 69.118 35.474 77.733 83.504 36.982 86.867 32.872 30.062 90.202 26.802
76.066 29.567 82.56 78.542 52.138 28.736 20.45 80.746 75.112 26.046 84.092 86.552 41.04 93.096 37.214 24.946 81.016 21.133
90.545 24.676 81.406 88.732 42.883 26.172 24.724 78.952 71.313 38.011 76.018 76.61 33.014 85.956 34.615 20.681 78.31 13.609
77.267 33.864 85.572 86.47 44.493 33.998 19.854 83.82 80.93 29.284 84.481 84.795 37.4 83.79 42.385 29.989 89.323 22.868
88.795 38.405 90.903 79.299 50.627 31.51 18.662 81.478 83.394 31.272 84.239 72.002 39.231 94.404 34.686 28.885 85.259 27.633
90.628 27.246 86.283 75.214 48.729 27.092 25.955 68.992 72.772 37.495 80.604 83.684 40.221 83.508 37.497 26.945 86.796 25.027
75.061 26.458 86.619 82.431 43.443 29.06 19.935 80.014 81.046 34.292 71.631 77.866 35.382 85.116 35.131 22.332 76.712 20.35
76.901 38.106 90.464 87.035 49.883 33.7 26.314 81.332 70.107 34.063 77.061 76.387 43.588 93.765 33.102 29.097 86.373 24.142
86.499 37.274 92.178 74.971 56.074 24.677 27.886 72.847 76.482 31.956 74.857 87.37 45.758 85.727 36.93 30.614 86.957 25.342
90.192 39.338 95.035 88.995 41.961 24.815 30.884 69.57 80.731 23.542 83.958 86.817 42.322 82.18 43.621 25.128 83.448 23.449
86.615 25.787 87.149 87.2 52.266 34.067 16.879 81.384 73.71 34.951 84.25 73.007 45.682 87.203 39.371 26.217 92.315 28.693
78.433 36.676 81.881 75.519 54.464 20.234 31.271 80.399 75.681 28.068 78.845 78.815 37.649 89.811 36.338 28.503 84.21 26.079
87.898 28.356 87.298 73.65 48.96 30.972 20.501 81.326 69.806 33.19 78.659 77.503 41.43 79.315 34.832 24.657 90.839 26.381
78.495 38.718 96.876 87.517 45.146 28.269 16.113 70.995 78.875 31.639 76.086 79.49 31.46 87.861 29.563 24.505 87.902 14.818
87.283 31.631 93.836 75.572 49.369 27.282 21.999 74.359 70.673 38.124 83.216 79.831 44.691 93.973 44.18 26.81 90.841 26.405
75.612 27.113 85.959 83.549 55.193 23.85 24.451 83.477 76.444 37.616 85.096 78.835 32.482 80.287 30.94 26.488 88.7 16.437
82.915 37.978 87.428 85.812 55.311 35.39 27.365 78.658 80.091 32.962 77.703 72.643 34.367 94.469 40.443 19.037 87.015 27.848
84.42 33.945 82.011 82.191 42.766 23.237 24.606 79.219 76.514 27.216 86.511 78.868 41.284 90.406 30.376 22.232 83.405 22.745
89.569 38.824 89.704 81.83 44.986 23.565 18.86 72.138 78.549 34.556 72.197 84.898 41.777 87.676 44.766 24.413 92.013 23.548
90.196 28.159 83.889 80.521 49.104 31.224 27.338 81.899 77.905 30.957 73.891 77.36 33.486 80.927 42.463 18.641 91.826 27.432
76.191 31.105 86.843 81.619 46.483 24.061 25.612 71.4 77.818 32.387 74.78 72.704 37.245 81.024 43.774 23.755 80.631 17.958
75.06 26.155 92.756 83.331 51.941 34.336 16.961 82.436 72.993 37.997 79.517 74.762 46.773 81.661 32.495 27.736 91.839 25.855
78.136 25.212 93.804 80.278 53.598 31.102 28.925 76.263 75.662 23.418 79.052 83.22 37.71 89.482 33.307 27.268 88.051 19.226
81.915 25.22 85.517 85.78 52.955 28.648 17.761 80.155 71.026 27.948 75.446 82.201 34.076 82.09 29.69 25.181 78.778 21.428
82.105 27.162 86.427 78.305 49.852 25.279 23.663 78.999 71.964 24.558 77.213 79.573 38.248 81.457 34.238 20.383 81.223 20.881
77.398 35.108 92.208 78.157 50.553 28.214 20.754 75.971 77.761 34.008 85.205 74.289 45.673 85.656 44.115 27.112 81.395 18.714
84.275 39.042 88.518 75.738 46.643 25.086 20.666 82.194 83.448 32.497 81.648 81.803 39.212 85.439 38.267 25.597 91.584 21.955
82.457 27.922 83.783 80.234 46.999 28.106 21.047 68.815 69.36 27.798 85.733 76.423 39.974 80.386 41.18 19.257 77.31 19.179
82.171 30.382 93.096 75.559 54.882 21.611 29.736 81.551 79.505 28.152 76.481 84.001 34.679 80.545 34.932 28.5 88.349 19.817
81.571 38.427 95.08 83.808 47.186 21.367 22.988 71.786 69.796 37.861 75.616 75.358 40.273 81.791 43.4 23.539 89.814 18.015
85.829 32.586 86.686 77.653 56.909 20.018 18.163 70.258 80.29 36.332 77.642 81.264 37.107 94.064 30.536 26.973 83.342 24.194
79.741 28.733 90.806 80.631 46.762 35.542 17.37 70.153 81.668 33.702 71.715 86.812 38.785 82.882 42.644 26.265 85.561 27.808
87.109 26.082 91.164 73.539 55.215 28.808 18.026 71.408 77.181 29.955 73.038 75.111 31.804 90.78 40.296 28.47 82.664 28.767
89.637 32.747 94.581 76.206 47.098 30.408 23.899 74.758 72.924 30.116 72.992 87.797 41.513 91.523 34.267 25.011 85.384 24.128
82.596 31.845 89.418 87.626 43.239 32.071 17.461 75.109 70.137 23.434 81.297 81.896 30.999 90.976 31.631 23.044 86.725 26.167