UaAaAa
CaAaAa
ObAaAa
VaAaAa
HcAaAa
CcAaAa
BdAaAa
NcAaAa
UdAaAa
EdAaAa
OeAaAa
VdAaAa
IfAaAa
UeAaAa
CgAaAa
YfAaAa
WgAaAa
RgAaAa
MhAaAa
VdAaAa
FiAaAa
XhAaAa
ZiAaAa
GiAaAa
SjAaAa
DjAaAa
LkAaAa
JkAaAa
FlAaAa
QkAaAa
YlAaAa
MlAaAa
SmAaAa
EmAaAa
LnAaAa
FnAaAa
EoAaAa
PnAaAa
WoAaAa
NoAaAa
PpAaAa
EpAaAa
IqAaAa
AqAaAa
BrAaAa
BrAaAa
UrAaAa
ErAaAa
NsAaAa
NsAaAa
GtAaAa
MkAaAa
ZtAaAa
StAaAa
SuAaAa
BuAaAa
JvAaAa
BvAaAa
BwAaAa
TvAaAa
UwAaAa
DwAaAa
NxAaAa
XwAaAa
GyAaAa
DyAaAa
ZyAaAa
JyAaAa
SzAaAa
LzAaAa
LaBaAa
LaBaAa
DbBaAa
UaBaAa
WbBaAa
JbBaAa
PcBaAa
McBaAa
IdBaAa
WcBaAa
AeBaAa
LdBaAa
SeBaAa
SeBaAa
KfBaAa
BfBaAa
DgBaAa
SfBaAa
VgBaAa
OgBaAa
OhBaAa
FhBaAa
HiBaAa
BiBaAa
AjBaAa
UiBaAa
TjBaAa
DjBaAa
LkBaAa
XjBaAa
DlBaAa
WkBaAa
VlBaAa
OlBaAa
OmBaAa
ZlBaAa
GnBaAa
TmBaAa
YnBaAa
NnBaAa
RoBaAa
GoBaAa
KpBaAa
ApBaAa
CqBaAa
UpBaAa
UqBaAa
EqBaAa
MrBaAa
JfAaAa
EsBaAa
JqAaAa
XsBaAa
HsBaAa
QtBaAa
FtBaAa
JuBaAa
FuBaAa
AvBaAa
DqBaAa
TvBaAa
IvBaAa
LwBaAa
DwBaAa
ExBaAa
XwBaAa
XxBaAa
JxBaAa
PyBaAa
OyBaAa
IzBaAa
VyBaAa
AaCaAa
QzBaAa
RaCaAa
IaCaAa
JbCaAa
TaCaAa
BcCaAa
UbCaAa
TcCaAa
JcCaAa
KdCaAa
DdCaAa
DeCaAa
DgAaAa
WeCaAa
EeCaAa
OfCaAa
YeCaAa
GgCaAa
TfCaAa
YgCaAa
UgCaAa
RhCaAa
FhCaAa
JiCaAa
ShCaAa
BjCaAa
MiCaAa
UjCaAa
HjCaAa
MkCaAa
EkCaAa
FlCaAa
XkCaAa
YlCaAa
WlCaAa
QmCaAa
NmCaAa
JnCaAa
WmCaAa
BoCaAa
BoCaAa
ToCaAa
OoCaAa
MpCaAa
YoCaAa
DqCaAa
TpCaAa
VqCaAa
NqCaAa
MrCaAa
HrCaAa
EsCaAa
CsCaAa
XsCaAa
GiAaAa
QtCaAa
EtCaAa
JuCaAa
RtCaAa
BvCaAa
VdAaAa
UvCaAa
RvCaAa
KwCaAa
ZvCaAa
CxCaAa
ZwCaAa
VxCaAa
GxCaAa
OyCaAa
LyCaAa
FzCaAa
JqAaAa
YzCaAa
XzCaAa
QaDaAa
HaDaAa
JbDaAa
RaDaAa
BcDaAa
QbDaAa
UcDaAa
UcDaAa
MdDaAa
BdDaAa
DeDaAa
TdDaAa
WeDaAa
PeDaAa
OfDaAa
DfDaAa
HgDaAa
VfDaAa
ZgDaAa
UgDaAa
RhDaAa
PhDaAa
JiDaAa
AiDaAa
CjDaAa
SiDaAa
TjDaAa
NjDaAa
KkDaAa
EkDaAa
ClDaAa
OkDaAa
UlDaAa
DlDaAa
NmDaAa
KmDaAa
EnDaAa
PmDaAa
XnDaAa
MnDaAa
QoDaAa
LoDaAa
IpDaAa
DpDaAa
ZpDaAa
JpDaAa
RqDaAa
JqDaAa
IrDaAa
DgAaAa
AsDaAa
WrDaAa
SsDaAa
BsDaAa
KtDaAa
TsDaAa
DuDaAa
ZtDaAa
WuDaAa
LuDaAa
OvDaAa
CvDaAa
HwDaAa
BwDaAa
ZwDaAa
YwDaAa
RxDaAa
ExDaAa
JyDaAa
GyDaAa
BzDaAa
WyDaAa
UzDaAa
KzDaAa
MaEaAa
BaAaAa
EbEaAa
SaEaAa
WbEaAa
FbEaAa
PcEaAa
PcEaAa
IdEaAa
XcEaAa
BeEaAa
ZdEaAa
TeEaAa
PeAaAa
LfEaAa
GfEaAa
DgEaAa
WfEaAa
VgEaAa
IgEaAa
OhEaAa
KhEaAa
GiEaAa
QhEaAa
YiEaAa
TiEaAa
PjEaAa
XgEaAa
HkEaAa
XjEaAa
ZkEaAa
RkEaAa
RlEaAa
RlEaAa
JmEaAa
JmEaAa
CnEaAa
QmEaAa
TnEaAa
PnEaAa
LoEaAa
JoEaAa
DpEaAa
XoEaAa
WpEaAa
QpEaAa
OqEaAa
MqEaAa
GrEaAa
TqEaAa
YrEaAa
IiBaAa
QsEaAa
IsEaAa
HtEaAa
WsEaAa
ZtEaAa
VtEaAa
RuEaAa
RuEaAa
JvEaAa
TuEaAa
AwEaAa
VvEaAa
SwEaAa
QcBaAa
KxEaAa
DxEaAa
CyEaAa
ZxEaAa
UyEaAa
HyEaAa
MzEaAa
GzCaAa
FaFaAa
QzEaAa
XaFaAa
RaFaAa
QbFaAa
NbFaAa
JcFaAa
TbFaAa
CdFaAa
AdFaAa
UdFaAa
DdFaAa
MeFaAa
MeFaAa
EfFaAa
UeFaAa
XfFaAa
HfFaAa
OgFaAa
LgFaAa
GhFaAa
VgFaAa
YhFaAa
WhFaAa
QiFaAa
QiFaAa
IjFaAa
XiFaAa
AkFaAa
UjFaAa
RkFaAa
HkFaAa
KlFaAa
JlFaAa
CmFaAa
MlFaAa
TmFaAa
DmFaAa
LnFaAa
VmFaAa
DoFaAa
OnFaAa
VoFaAa
ToFaAa
NpFaAa
NpFaAa
GqFaAa
WpFaAa
YqFaAa
LqFaAa
PrFaAa
ErFaAa
HsFaAa
FsFaAa
ZsFaAa
WsFaAa
RtFaAa
NtFaAa
JuFaAa
BuFaAa
AvFaAa
MuFaAa
SvFaAa
QvFaAa
KwFaAa
GwFaAa
BxFaAa
YwFaAa
UxFaAa
ExFaAa
NyFaAa
DyFaAa
GzFaAa
YyFaAa
YzFaAa
VzFaAa
QaGaAa
QaGaAa
IbGaAa
SaGaAa
AcGaAa
JfAaAa
ScGaAa
CcGaAa
JdGaAa
StCaAa
BeGaAa
TdGaAa
TeGaAa
SeGaAa
LfGaAa
IfGaAa
DgGaAa
GiAaAa
VgGaAa
JfAaAa
NhGaAa
FhGaAa
EiGaAa
OhGaAa
WiGaAa
SiGaAa
OjGaAa
PeAaAa
FkGaAa
PjGaAa
XkGaAa
GkGaAa
PlGaAa
YkGaAa
HmGaAa
AmGaAa
ZmGaAa
PmGaAa
RnGaAa
PeAaAa
JoGaAa
JoGaAa
ApGaAa
RtCaAa
SpGaAa
HpGaAa
JqGaAa
WpGaAa
BrGaAa
OqGaAa
TrGaAa
XoAaAa
LsGaAa
GsGaAa
DtGaAa
ZsGaAa
UtGaAa
EtGaAa
LuGaAa
BuGaAa
DvGaAa
AvGaAa
WvGaAa
RvGaAa
NwGaAa
CwGaAa
FxGaAa
UwGaAa
WxGaAa
KxGaAa
OyGaAa
YxGaAa
GzGaAa
QyGaAa
YzGaAa
MzGaAa
QaHaAa
NaHaAa
HbHaAa
CwAaAa
ZbHaAa
WbHaAa
RcHaAa
AcHaAa
KdHaAa
HdHaAa
CeHaAa
WdHaAa
UeHaAa
TeHaAa
MfHaAa
EfHaAa
DgHaAa
TfHaAa
VgHaAa
VgHaAa
MhHaAa
ChHaAa
EiHaAa
ZhHaAa
ViHaAa
HiHaAa
NjHaAa
GjHaAa
FkHaAa
EkHaAa
XkHaAa
MkHaAa
PlHaAa
ElHaAa
HmHaAa
UlHaAa
ZmHaAa
YmHaAa
QnHaAa
AnHaAa
IoHaAa
AoHaAa
ApHaAa
WoHaAa
SpHaAa
CjCaAa
KqHaAa
IqHaAa
CrHaAa
CrHaAa
TrHaAa
TrHaAa
LsHaAa
AsHaAa
EtHaAa
XsHaAa
WtHaAa
JtHaAa
NuHaAa
YtHaAa
EvHaAa
AvHaAa
WvHaAa
QvHaAa
OwHaAa
BwHaAa
GxHaAa
CxHaAa
YxHaAa
WxHaAa
QyHaAa
GyHaAa
HzHaAa
VrAaAa
AaIaAa
ZzHaAa
SaIaAa
NaIaAa
KbIaAa
EbIaAa
CcIaAa
RbIaAa
UcIaAa
IcIaAa
MdIaAa
DdIaAa
EeIaAa
NdIaAa
WeIaAa
OeIaAa
OfIaAa
EfIaAa
GgIaAa
FgIaAa
YgIaAa
JgIaAa
QhIaAa
ZgIaAa
IiIaAa
UhIaAa
ZiIaAa
YiIaAa
RjIaAa
HjIaAa
IkIaAa
EkIaAa
AlIaAa
YkIaAa
RlIaAa
RlIaAa
JmIaAa
BmIaAa
AnIaAa
TmIaAa
RnIaAa
OnIaAa
JoIaAa
CoIaAa
BpIaAa
SoIaAa
SpIaAa
FpIaAa
JqIaAa
IqIaAa
BrIaAa
SqIaAa
SrIaAa
LrIaAa
LsIaAa
EsIaAa
DtIaAa
QsIaAa
WtIaAa
KtIaAa
OuIaAa
VdAaAa
FvIaAa
FvIaAa
XvIaAa
GvIaAa
OwIaAa
EwIaAa
GxIaAa
SwIaAa
YxIaAa
DxCaAa
QyIaAa
QyIaAa
IzIaAa
TyIaAa
AaJaAa
PzIaAa
SaJaAa
GaJaAa
KbJaAa
WaJaAa
CcJaAa
QbJaAa
TcJaAa
NkCaAa
LdJaAa
GdJaAa
DeJaAa
CeJaAa
UeJaAa
KeJaAa
LfJaAa
AfJaAa
CgJaAa
RfJaAa
UgJaAa
RgJaAa
MhJaAa
GhJaAa
EiJaAa
RbFaAa
WiJaAa
RiJaAa
NjJaAa
DjJaAa
FkJaAa
UjJaAa
XkJaAa
JkJaAa
OlJaAa
YkJaAa
FmJaAa
YlJaAa
XmJaAa
SmJaAa
OnJaAa
FnJaAa
FoJaAa
JfAaAa
WoJaAa
QoJaAa
OpJaAa
NpJaAa
FqJaAa
DdAaAa
XqJaAa
GqJaAa
PrJaAa
FrJaAa
HsJaAa
DsJaAa
YsJaAa
QsJaAa
PtJaAa
ItJaAa
HuJaAa
HuJaAa
YuJaAa
KuJaAa
QvJaAa
BvJaAa
IwJaAa
EwJaAa
AxJaAa
NwJaAa
SxJaAa
MxJaAa
IyJaAa
IyJaAa
AzJaAa
PyJaAa
SzJaAa
ZlAaAa
KaKaAa
XzJaAa
CbKaAa
NaKaAa
UbKaAa
GbKaAa
McKaAa
HcKaAa
EdKaAa
EdKaAa
WdKaAa
OdKaAa
OeKaAa
NeKaAa
GfKaAa
TeKaAa
YfKaAa
LfKaAa
QgKaAa
GgKaAa
IhKaAa
AhKaAa
AiKaAa
ShKaAa
SiKaAa
NiKaAa
KjKaAa
FjKaAa
CkKaAa
VjKaAa
UkKaAa
SoBaAa
LlKaAa
KlKaAa
DmKaAa
UlKaAa
VmKaAa
UmKaAa
MnKaAa
CnKaAa
DoKaAa
AoKaAa
VoKaAa
LoKaAa
NpKaAa
JpKaAa
FqKaAa
RpKaAa
WqKaAa
KqKaAa
KrKaAa
JfAaAa
CsKaAa
VrKaAa
TsKaAa
DgAaAa
LtKaAa
YsKaAa
DuKaAa
QtKaAa
UuKaAa
RuKaAa
MvKaAa
KvKaAa
EwKaAa
ZvKaAa
WwKaAa
KwKaAa
OxKaAa
NxKaAa
GyKaAa
FyKaAa
YyKaAa
JcAaAa
PzKaAa
CrAaAa
HaLaAa
SzKaAa
YaLaAa
TaLaAa
PbLaAa
GiAaAa
HcLaAa
FcLaAa
ZcLaAa
XcLaAa
RdLaAa
HdLaAa
IeLaAa
FeLaAa
ZeLaAa
SeLaAa
RfLaAa
AfLaAa
IgLaAa
DgLaAa
AhLaAa
RgLaAa
ShLaAa
GhLaAa
JiLaAa
XhLaAa
AjLaAa
ViLaAa
SjLaAa
GjLaAa
JkLaAa
AkLaAa
ZkLaAa
PkLaAa
RlLaAa
QlLaAa
ImLaAa
YlLaAa
AnLaAa
MmLaAa
SnLaAa
JnLaAa
JoLaAa
FoLaAa
ApLaAa
XoLaAa
SpLaAa
QpLaAa
KqLaAa
UpLaAa
CrLaAa
WqLaAa
TrLaAa
KrLaAa
KsLaAa
WrLaAa
CtLaAa
TsLaAa
TtLaAa
TtLaAa
KuLaAa
HuLaAa
CvLaAa
VuLaAa
TvLaAa
TvLaAa
LwLaAa
EwLaAa
CxLaAa
UeGaAa
UxLaAa
SxLaAa
MyLaAa
ZxLaAa
EzLaAa
CzLaAa
WzLaAa
ZlAaAa
OaMaAa
KiDaAa
FbMaAa
XaMaAa
WbMaAa
QbMaAa
NcMaAa
JcMaAa
FdMaAa
CdMaAa
WdMaAa
TdMaAa
NeMaAa
JeMaAa
EfMaAa
YeMaAa
WfMaAa
QfMaAa
OgMaAa
MgMaAa
FhMaAa
UgMaAa
WhMaAa
RhMaAa
NiMaAa
HiMaAa
EjMaAa
CjMaAa
WjMaAa
WjMaAa
OkMaAa
XjMaAa
GlMaAa
WkMaAa
XlMaAa
PlMaAa
PmMaAa
OmMaAa
HnMaAa
RmMaAa
ZnMaAa
NnMaAa
QoMaAa
PoMaAa
IpMaAa
ZoMaAa
AqMaAa
TpMaAa
SqMaAa
OqMaAa
KrMaAa
ErMaAa
BsMaAa
YrMaAa
TsMaAa
NsMaAa
KtMaAa
ItMaAa
CuMaAa
OtMaAa
TuMaAa
DuMaAa
LvMaAa
WuMaAa
DwMaAa
OvMaAa
UwMaAa
JwMaAa
MxMaAa
CxMaAa
EyMaAa
UxMaAa
VyMaAa
SyMaAa
NzMaAa
YyMaAa
FaNaAa
AaNaAa
XaNaAa
QaNaAa
ObNaAa
GvIaAa
GcNaAa
QbNaAa
YcNaAa
NzEaAa
PdNaAa
MdNaAa
HeNaAa
QdNaAa
YeNaAa
ReNaAa
QfNaAa
NfNaAa
IgNaAa
EgNaAa
ZgNaAa
YgNaAa
RhNaAa
JhNaAa
HiNaAa
JfAaAa
ZiNaAa
WxCaAa
QjNaAa
XoAaAa
IkNaAa
GiAaAa
ZkNaAa
KkNaAa
RlNaAa
RlNaAa
JmNaAa
UlNaAa
BnNaAa
MmNaAa
TnNaAa
RnNaAa
LoNaAa
YnNaAa
DpNaAa
WoNaAa
VpNaAa
JpNaAa
NqNaAa
XpNaAa
FrNaAa
UqNaAa
XrNaAa
PrNaAa
PsNaAa
VdAaAa
GtNaAa
FtNaAa
XtNaAa
ItNaAa
OuNaAa
NuNaAa
GvNaAa
WuNaAa
YvNaAa
LvNaAa
QwNaAa
PeAaAa
IxNaAa
IxNaAa
AyNaAa
AyNaAa
SyNaAa
NyNaAa
KzNaAa
KzNaAa
CaOaAa
SoBaAa
UaOaAa
QaOaAa
MbOaAa
KbOaAa
DcOaAa
RbOaAa
VcOaAa
OcOaAa
LdOaAa
CdOaAa
DeOaAa
YdOaAa
VeOaAa
JeOaAa
MfOaAa
YeOaAa
EgOaAa
EgOaAa
VgOaAa
FgOaAa
NhOaAa
WgOaAa
EiOaAa
AjAaAa
WiOaAa
UiOaAa
NjOaAa
LqHaAa
EkOaAa
OpFaAa
UkOaAa
SkOaAa
MlOaAa
AlOaAa
EmOaAa
CmOaAa
WmOaAa
MmOaAa
OnOaAa
IcAaAa
EoOaAa
WjCaAa
VoOaAa
OoOaAa
NpOaAa
BpOaAa
FqOaAa
QpOaAa
WqOaAa
PqOaAa
OrOaAa
DrOaAa
GsOaAa
BsOaAa
YsOaAa
QsOaAa
QtOaAa
CtOaAa
GuOaAa
VtOaAa
YuOaAa
PuOaAa
QvOaAa
LvOaAa
HwOaAa
WvOaAa
YwOaAa
IwOaAa
PxOaAa
CxOaAa
GyOaAa
AyOaAa
XyOaAa
LyOaAa
PzOaAa
ZyOaAa
HaPaAa
QzOaAa
YaPaAa
IaPaAa
QbPaAa
QbPaAa
IcPaAa
YbPaAa
AdPaAa
RcPaAa
SdPaAa
BaAaAa
KePaAa
BePaAa
AfPaAa
TePaAa
SfPaAa
GfPaAa
KgPaAa
BgPaAa
ChPaAa
SgPaAa
UhPaAa
HhPaAa
MiPaAa
VaAaAa
DjPaAa
ZiPaAa
VjPaAa
GjPaAa
NkPaAa
WjPaAa
ElPaAa
BlPaAa
WlPaAa
EgAaAa
OmPaAa
XlPaAa
GnPaAa
YmPaAa
XnPaAa
MnPaAa
PoPaAa
PoPaAa
GpPaAa
ToPaAa
XpPaAa
DgAaAa
PqPaAa
LqPaAa
GrPaAa
ArPaAa
YrPaAa
HrPaAa
QsPaAa
LsPaAa
HtPaAa
BtPaAa
ZtPaAa
PtPaAa
QuPaAa
BvBaAa
HvPaAa
CvPaAa
YvPaAa
OvPaAa
QwPaAa
FwPaAa
IxPaAa
GxPaAa
ZxPaAa
VaAaAa
QyPaAa
GyPaAa
IzPaAa
DgAaAa
ZzPaAa
QzPaAa
RaQaAa
PaQaAa
JbQaAa
EbQaAa
AcQaAa
XbQaAa
RcQaAa
CcQaAa
JdQaAa
BdQaAa
BeQaAa
PdQaAa
SeQaAa
FeQaAa
KfQaAa
GfQaAa
BgQaAa
TfQaAa
SgQaAa
PgQaAa
JhQaAa
FnDaAa
BiQaAa
AiQaAa
SiQaAa
DiQaAa
KjQaAa
VdAaAa
BkQaAa
BkQaAa
SkQaAa
QkQaAa
JlQaAa
IlQaAa
AmQaAa
MlQaAa
RmQaAa
EgBaAa
InQaAa
XmQaAa
ZnQaAa
XnQaAa
QoQaAa
JoQaAa
HpQaAa
YoQaAa
ZpQaAa
PpQaAa
QqQaAa
AqQaAa
GrQaAa
TqQaAa
YrQaAa
JrQaAa
PsQaAa
CsQaAa
HtQaAa
YsQaAa
YtQaAa
MtQaAa
PuQaAa
GuQaAa
GvQaAa
EvQaAa
XvQaAa
QvQaAa
PwQaAa
LwQaAa
HxQaAa
ExQaAa
ZxQaAa
MxQaAa
RyQaAa
GyQaAa
IzQaAa
SyQaAa
AaRaAa
QzQaAa
SaRaAa
FaRaAa
JbRaAa
VaRaAa
AcRaAa
QbRaAa
ScRaAa
GcRaAa
JdRaAa
EdRaAa
BeRaAa
AeRaAa
TeRaAa
OeRaAa
LfRaAa
ZeRaAa
DgRaAa
ZfRaAa
UgRaAa
CwAaAa
MhRaAa
AhRaAa
DiRaAa
VhRaAa
ViRaAa
QiRaAa
LjRaAa
GjRaAa
BkRaAa
NjRaAa
TkRaAa
JkRaAa
KlRaAa
ZkRaAa
BmRaAa
OlRaAa
TmRaAa
LmRaAa
KnRaAa
InRaAa
AoRaAa
XlPaAa
RoRaAa
NoRaAa
IpRaAa
ApRaAa
ZpRaAa
YpRaAa
QqRaAa
IqRaAa
HrRaAa
SqRaAa
XrRaAa
VrRaAa
PsRaAa
LsRaAa
GtRaAa
BtRaAa
YtRaAa
KtRaAa
QuRaAa
FuRaAa
HvRaAa
YbEaAa
XvRaAa
KvRaAa
PwRaAa
ZvRaAa
GxRaAa
YwRaAa
XxRaAa
IcAaAa
OyRaAa
FsBaAa
GzRaAa
ZyRaAa
YzRaAa
NzRaAa
NaSaAa
AaSaAa
FbSaAa
PaSaAa
XbSaAa
VbSaAa
PcSaAa
IcSaAa
HdSaAa
HdSaAa
ZdSaAa
IdSaAa
QeSaAa
JeSaAa
IfSaAa
XeSaAa
AgSaAa
NfSaAa
RgSaAa
MkAaAa
IhSaAa
JzBaAa
ZhSaAa
LhSaAa
QiSaAa
PiSaAa
IjSaAa
CjSaAa
AkSaAa
XjSaAa
SkSaAa
RkSaAa
JlSaAa
XkSaAa
AmSaAa
RlSaAa
SmSaAa
SmSaAa
JnSaAa
JnSaAa
BoSaAa
SnSaAa
RoSaAa
KoSaAa
IpSaAa
FdKaAa
AqSaAa
OpSaAa
RqSaAa
MkAaAa
JrSaAa
ScHaAa
CsSaAa
SrSaAa
UsSaAa
TsSaAa
LtSaAa
BtSaAa
BuSaAa
TtSaAa
TuSaAa
SuSaAa
KvSaAa
IvSaAa
BwSaAa
SvSaAa
TwSaAa
OwSaAa
LxSaAa
VdAaAa
DySaAa
XxSaAa
VySaAa
EySaAa
MzSaAa
BzSaAa
DaTaAa
VzSaAa
UaTaAa
NaTaAa
LbTaAa
UoCaAa
DcTaAa
GiAaAa
VcTaAa
OcTaAa
NdTaAa
GdTaAa
EeTaAa
VdTaAa
WeTaAa
UeTaAa
OfTaAa
FfTaAa
GgTaAa
XfTaAa
XgTaAa
WgTaAa
OhTaAa
FhTaAa
GiTaAa
IcAaAa
XiTaAa
KiTaAa
PjTaAa
IjTaAa
GkTaAa
CkTaAa
YkTaAa
UkTaAa
PlTaAa
PlTaAa
HmTaAa
DmTaAa
ZmTaAa
KmTaAa
PnTaAa
CnTaAa
HoTaAa
AoTaAa
YoTaAa
NoTaAa
PpTaAa
PpTaAa
GqTaAa
DqTaAa
YqTaAa
KqTaAa
QrTaAa
ZqTaAa
HsTaAa
CsTaAa
ZsTaAa
KsTaAa
RtTaAa
BtTaAa
IuTaAa
StTaAa
ZuTaAa
XuTaAa
RvTaAa
LvTaAa
JwTaAa
BwTaAa
AxTaAa
BaAaAa
SxTaAa
NxTaAa
JyTaAa
AyTaAa
BzTaAa
QyTaAa
SzTaAa
PzTaAa
JaUaAa
UzTaAa
BbUaAa
QaUaAa
SbUaAa
JfAaAa
KcUaAa
FcUaAa
CdUaAa
UcUaAa
SdUaAa
QdUaAa
KeUaAa
IeUaAa
AfUaAa
QeUaAa
RfUaAa
KfUaAa
JgUaAa
DgUaAa
BhUaAa
WgUaAa
ThUaAa
FhUaAa
KiUaAa
BiUaAa
CjUaAa
ZiUaAa
UjUaAa
LjUaAa
LkUaAa
JkUaAa
ClUaAa
TkUaAa
TlUaAa
LlUaAa
LmUaAa
BmUaAa
CnUaAa
MmUaAa
TnUaAa
LnUaAa
LoUaAa
JoUaAa
CpUaAa
XoUaAa
UpUaAa
TpUaAa
MqUaAa
YpUaAa
DrUaAa
QqUaAa
VrUaAa
VrUaAa
NsUaAa
DsUaAa
FtUaAa
KrSaAa
XtUaAa
MtUaAa
OuUaAa
JuUaAa
GvUaAa
RuUaAa
XvUaAa
KvUaAa
OwUaAa
FwUaAa
GxUaAa
ExUaAa
YxUaAa
NxUaAa
QyUaAa
WgEaAa
HzUaAa
ZyUaAa
ZzUaAa
IzUaAa
PaVaAa
BaVaAa
HbVaAa
DbVaAa
YbVaAa
JbVaAa
OcVaAa
JcVaAa
FdVaAa
RcVaAa
WdVaAa
GdVaAa
NeVaAa
FeVaAa
EfVaAa
CfVaAa
VfVaAa
IfVaAa
MgVaAa
HgVaAa
DhVaAa
UgVaAa
ThVaAa
EhVaAa
LiVaAa
WhVaAa
CjVaAa
FxBaAa
SjVaAa
EaOaAa
KkVaAa
XjVaAa
BlVaAa
LkVaAa
RlVaAa
RlVaAa
JmVaAa
YlVaAa
AnVaAa
JqAaAa
RnVaAa
GnVaAa
IoVaAa
GoVaAa
ApVaAa
UoVaAa
QpVaAa
JpVaAa
IqVaAa
TpVaAa
ZqVaAa
QqVaAa
QrVaAa
PrVaAa
HsVaAa
TrVaAa
YsVaAa
MsVaAa
PtVaAa
MtVaAa
GuVaAa
ScHaAa
XuVaAa
RuVaAa
OvVaAa
PeAaAa
FwVaAa
FwVaAa
XwVaAa
OwVaAa
OxVaAa
MkAaAa
EyVaAa
EvGaAa
WyVaAa
QyVaAa
NzVaAa
GzVaAa
CaWaAa
QzVaAa
UaWaAa
UaWaAa
LbWaAa
HbWaAa
CcWaAa
AcWaAa
UcWaAa
RcWaAa
MdWaAa
FdWaAa
EeWaAa
WdWaAa
VeWaAa
NeWaAa
MfWaAa
AzAaAa
DgWaAa
WfWaAa
UgWaAa
QgWaAa
LhWaAa
KhWaAa
DiWaAa
UhWaAa
UiWaAa
NiWaAa
MjWaAa
DgAaAa
DkWaAa
WjWaAa
UkWaAa
FkWaAa
LlWaAa
BlWaAa
CmWaAa
NlWaAa
UmWaAa
OmWaAa
LnWaAa
FnWaAa
DoWaAa
YnWaAa
UoWaAa
PoWaAa
MpWaAa
JfAaAa
DqWaAa
TpWaAa
VqWaAa
HqWaAa
LrWaAa
BrWaAa
DsWaAa
VxFaAa
VsWaAa
FsWaAa
MtWaAa
XsWaAa
EuWaAa
ZtWaAa
VuWaAa
HuWaAa
MvWaAa
FvWaAa
DwWaAa
CwWaAa
UwWaAa
PwWaAa
KxWaAa
ZwWaAa
ByWaAa
RmCaAa
SyWaAa
CyWaAa
JzWaAa
GzWaAa
BaXaAa
OzWaAa
TaXaAa
PaXaAa
LbXaAa
VaXaAa
CcXaAa
XbXaAa
TcXaAa
JcXaAa
KdXaAa
YcXaAa
BeXaAa
NdXaAa
TeXaAa
DeXaAa
LfXaAa
EfXaAa
BgXaAa
TfXaAa
SgXaAa
SgXaAa
KhXaAa
IhXaAa
CiXaAa
ThXaAa
UiXaAa
RiXaAa
KjXaAa
AjXaAa
BkXaAa
NjXaAa
SkXaAa
PkXaAa
KlXaAa
VdAaAa
BmXaAa
MfBaAa
TmXaAa
FmXaAa
KnXaAa
UmXaAa
BoXaAa
NnXaAa
SoXaAa
VdAaAa
KpXaAa
BpXaAa
BqXaAa
UpXaAa
RqXaAa
JqXaAa
IrXaAa
BrXaAa
AsXaAa
MrXaAa
SsXaAa
QsXaAa
JtXaAa
EtIaAa
BuXaAa
XtXaAa
SuXaAa
HuXaAa
KvXaAa
XuXaAa
BwXaAa
MvXaAa
TwXaAa
SwXaAa
KxXaAa
TwEaAa
CyXaAa
SxXaAa
TyXaAa
HyXaAa
KzXaAa
IzXaAa
BaYaAa
YzXaAa
TaYaAa
CxFaAa
KbYaAa
JbYaAa
BcYaAa
YbYaAa
TcYaAa
CcYaAa
KdYaAa
DdYaAa
BeYaAa
WdYaAa
TeYaAa
ReYaAa
KfYaAa
JdEaAa
AgYaAa
SfYaAa
SgYaAa
MgYaAa
KhYaAa
PfDaAa
CiYaAa
VhYaAa
TiYaAa
TiYaAa
KjYaAa
YiYaAa
AkYaAa
XjYaAa
SkYaAa
OkYaAa
IlYaAa
ZkYaAa
ZlYaAa
NkAaAa
QmYaAa
MmYaAa
InYaAa
UmYaAa
AoYaAa
RnYaAa
RoYaAa
LoYaAa
JpYaAa
CpYaAa
BqYaAa
PpYaAa
TqYaAa
MqYaAa
LrYaAa
CrYaAa
DsYaAa
YrYaAa
VsYaAa
SsYaAa
LtYaAa
ZsYaAa
DuYaAa
RtYaAa
VuYaAa
MuYaAa
MvYaAa
CvYaAa
EwYaAa
DwYaAa
VwYaAa
ZlAaAa
MxYaAa
BxYaAa
DyYaAa
KmEaAa
VyYaAa
VwAaAa
MzYaAa
CzYaAa
EaZaAa
WzYaAa
VaZaAa
LaZaAa
MbZaAa
QwQaAa
DcZaAa
SbZaAa
UcZaAa
LcZaAa
LdZaAa
JdZaAa
DeZaAa
AeZaAa
VeZaAa
HeZaAa
NfZaAa
NfZaAa
EgZaAa
XoJaAa
WgZaAa
SgZaAa
OhZaAa
FhZaAa
GiZaAa
UhZaAa
XiZaAa
TiZaAa
OjZaAa
AjZaAa
GkZaAa
TjZaAa
XkZaAa
UkZaAa
PlZaAa
ClZaAa
HmZaAa
BmZaAa
YmZaAa
OmZaAa
QnZaAa
AnZaAa
HoZaAa
DoZaAa
ZoZaAa
WoZaAa
RpZaAa
JpZaAa
JqZaAa
CqZaAa
ZqZaAa
RqZaAa
QrZaAa
JrZaAa
IsZaAa
WrZaAa
ZsZaAa
ZnBaAa
QtZaAa
WwAaAa
HuZaAa
VtZaAa
YuZaAa
VuZaAa
QvZaAa
PvZaAa
HwZaAa
BwZaAa
ZwZaAa
DgAaAa
QxZaAa
RtBaAa
HyZaAa
XxZaAa
XyZaAa
IyZaAa
OzZaAa
DzZaAa
FaAbAa
MkAaAa
WaAbAa
ViWaAa
NbAbAa
NbAbAa
FcAbAa
AcAbAa
XcAbAa
TcAbAa
OdAbAa
EdAbAa
FeAbAa
SdAbAa
WeAbAa
MeAbAa
NfAbAa
DfAbAa
FgAbAa
QfAbAa
WgAbAa
LgAbAa
NhAbAa
HhAbAa
EiAbAa
OhAbAa
TiAbAa
NkAaAa
LjAbAa
KjAbAa
CkAbAa
QjAbAa
RkAbAa
HkAbAa
IlAbAa
IlAbAa
ZlAbAa
KlAbAa
QmAbAa
GmAbAa
GnAbAa
XmAbAa
WnAbAa
PuUaAa
LoAbAa
LnRaAa
DpAbAa
QoAbAa
TpAbAa
EpAbAa
LqAbAa
VpAbAa
CrAbAa
PqAbAa
TrAbAa
OrAbAa
LsAbAa
WrAbAa
DtAbAa
DtAbAa
UtAbAa
LtAbAa
KuAbAa
JuAbAa
BvAbAa
WuAbAa
SvAbAa
RvAbAa
JwAbAa
IwAbAa
AxAbAa
WaAaAa
RxAbAa
QxAbAa
IyAbAa
EyAbAa
AzAbAa
JyAbAa
RzAbAa
KzAbAa
IaBbAa
TdPaAa
YaBbAa
BoBaAa
QbBbAa
GbBbAa
FcBbAa
VbBbAa
WcBbAa
VcBbAa
NdBbAa
FdBbAa
EeBbAa
VdBbAa
WeBbAa
TeBbAa
OfBbAa
EfBbAa
EgBbAa
GsBaAa
WgBbAa
GgBbAa
NhBbAa
RaDaAa
FiBbAa
YhBbAa
XiBbAa
VaAaAa
OjBbAa
TzAaAa
FkBbAa
EkBbAa
XkBbAa
MkBbAa
PlBbAa
LlBbAa
HmBbAa
AmBbAa
ZmBbAa
UmBbAa
RnBbAa
RnBbAa
JoBbAa
CoBbAa
BpBbAa
ApBbAa
SpBbAa
KpBbAa
JqBbAa
CqBbAa
BrBbAa
MqBbAa
SrBbAa
DrBbAa
JsBbAa
DsBbAa
BtBbAa
UsBbAa
TtBbAa
NtBbAa
LuBbAa
ScHaAa
DvBbAa
QuBbAa
UvBbAa
TpHaAa
LwBbAa
IwBbAa
CxBbAa
MwBbAa
TxBbAa
JxBbAa
KyBbAa
ZxBbAa
CzBbAa
YyBbAa
TzBbAa
RtBaAa
KaCbAa
JaCbAa
BbCbAa
BbCbAa
SbCbAa
VdAaAa
KcCbAa
IcCbAa
BdCbAa
TcCbAa
QdCbAa
IdCbAa
GeCbAa
UdCbAa
XeCbAa
UeCbAa
OfCbAa
NfCbAa
FgCbAa
XfCbAa
XgCbAa
WgCbAa
NhCbAa
DhCbAa
FiCbAa
CiCbAa
XiCbAa
PiCbAa
OjCbAa
AjCbAa
FkCbAa
JfAaAa
WkCbAa
JkCbAa
NlCbAa
HlCbAa
FmCbAa
EmCbAa
WmCbAa
HmCbAa
OnCbAa
KnCbAa
FoCbAa
QnCbAa
WoCbAa
RoCbAa
NpCbAa
FpCbAa
EqCbAa
SpCbAa
VqCbAa
QqCbAa
MrCbAa
JrCbAa
DsCbAa
ZrCbAa
VsCbAa
PsCbAa
NtCbAa
IzHaAa
EuCbAa
VtCbAa
UuCbAa
SuCbAa
MvCbAa
BvCbAa
EwCbAa
AwCbAa
VwCbAa
PwCbAa
MxCbAa
JxCbAa
DyCbAa
UxCbAa
UyCbAa
LyCbAa
LzCbAa
LzCbAa
BaDbAa
UzCbAa
SaDbAa
PaDbAa
JbDbAa
UaDbAa
BcDbAa
ObDbAa
ScDbAa
EcDbAa
KdDbAa
HdDbAa
CeDbAa
BeDbAa
TeDbAa
DgAaAa
KfDbAa
DgAaAa
BgDbAa
MfDbAa
SgDbAa
DgDbAa
JhDbAa
BhDbAa
AiDbAa
XhDbAa
SiDbAa
QiDbAa
JjDbAa
UwSaAa
AkDbAa
VjDbAa
RkDbAa
OkDbAa
IlDbAa
AlDbAa
YlDbAa
MlDbAa
PmDbAa
OmDbAa
FnDbAa
FnDbAa
WnDbAa
NnDbAa
MoDbAa
GoDbAa
EpDbAa
BpDbAa
VpDbAa
GpDbAa
MqDbAa
MqDbAa
CrDbAa
HyAaAa
TrDbAa
TrDbAa
KsDbAa
UrDbAa
CtDbAa
VaAaAa
TtDbAa
QtDbAa
KuDbAa
CuDbAa
BvDbAa
ZuDbAa
SvDbAa
KvDbAa
JwDbAa
IiBaAa
AxDbAa
OwDbAa
SxDbAa
CxDbAa
JyDbAa
VxDbAa
AzDbAa
KyDbAa
RzDbAa
RzDbAa
GaEbAa
ZzDbAa
XaEbAa
HaEbAa
ObEbAa
TzAaAa
FcEbAa
ZbEbAa
WcEbAa
KcEbAa
MdEbAa
TzAaAa
EeEbAa
AeEbAa
VeEbAa
NeEbAa
MfEbAa
AfEbAa
DgEbAa
LaKaAa
UgEbAa
LgEbAa
MhEbAa
KhEbAa
EiEbAa
XhEbAa
WiEbAa
TiEbAa
OjEbAa
LjEbAa
GkEbAa
IiBaAa
WkEbAa
OkEbAa
MlEbAa
KmEaAa
EmEbAa
BmEbAa
VmEbAa
ImEbAa
MnEbAa
AnEbAa
EoEbAa
YnEbAa
VoEbAa
FoEbAa
NpEbAa
MpEbAa
EqEbAa
YpEbAa
VqEbAa
RqEbAa
NrEbAa
IrEbAa
CsEbAa
SrEbAa
UsEbAa
UsEbAa
LtEbAa
XsEbAa
CuEbAa
UtEbAa
TuEbAa
OuEbAa
KvEbAa
FvEbAa
CwEbAa
BwEbAa
TwEbAa
JwEbAa
LxEbAa
CxEbAa
CyEbAa
NxEbAa
TyEbAa
GyEbAa
KzEbAa
WyEbAa
CaFbAa
XzEbAa
TaFbAa
EaFbAa
JbFbAa
VrAaAa
AcFbAa
TjAaAa
QcFbAa
GcFbAa
IdFbAa
XcFbAa
AeFbAa
ZdFbAa
ReFbAa
HeFbAa
IfFbAa
UeFbAa
ZfFbAa
PfFbAa
QgFbAa
FgFbAa
HhFbAa
UgFbAa
ZhFbAa
IhFbAa
QiFbAa
KiFbAa
HjFbAa
EjFbAa
YjFbAa
SjFbAa
PkFbAa
MkFbAa
GlFbAa
TkFbAa
WlFbAa
LqGaAa
MmFbAa
EmFbAa
DnFbAa
VaAaAa
UnFbAa
EnFbAa
LoFbAa
AoFbAa
CpFbAa
CmXaAa
TpFbAa
EuDaAa
LqFbAa
AqFbAa
CrFbAa
OqFbAa
TrFbAa
RrFbAa
KsFbAa
IiBaAa
CtFbAa
VsFbAa
TtFbAa
ItFbAa
LuFbAa
VtFbAa
DvFbAa
AvFbAa
VvFbAa
OvFbAa
MwFbAa
HwFbAa
ExFbAa
QwFbAa
WxFbAa
IcAaAa
NyFbAa
LyFbAa
EzFbAa
DzFbAa
WzFbAa
WzFbAa
NaGbAa
MaGbAa
FbGbAa
SaGbAa
WbGbAa
QeAaAa
NcGbAa
DcGbAa
DdGbAa
RcGbAa
VdGbAa
MdGbAa
MeGbAa
YdGbAa
DfGbAa
UeGbAa
UfGbAa
OcMaAa
MgGbAa
CgGbAa
DhGbAa
OgGbAa
ThGbAa
GhGbAa
LiGbAa
KiGbAa
DjGbAa
YiGbAa
VjGbAa
OjGbAa
MkGbAa
VdAaAa
ClGbAa
ZkGbAa
UlGbAa
OlGbAa
LmGbAa
KmGbAa
CnGbAa
PmGbAa
UnGbAa
MnGbAa
LoGbAa
BoGbAa
BpGbAa
YoGbAa
SpGbAa
ZlAaAa
JqGbAa
JqGbAa
BrGbAa
UqGbAa
SrGbAa
JrGbAa
JsGbAa
CsGbAa
ZsGbAa
XsGbAa
QtGbAa
MtGbAa
GuGbAa
NxSaAa
XuGbAa
NuGbAa
OvGbAa
MvGbAa
EwGbAa
UvGbAa
VwGbAa
PwGbAa
NxGbAa
CxGbAa
FyGbAa
MnAaAa
XyGbAa
VyGbAa
PzGbAa
LzGbAa
GaHbAa
AaHbAa
YaHbAa
RaHbAa
QbHbAa
ObHbAa
HcHbAa
BcHbAa
YcHbAa
PcHbAa
PdHbAa
FdHbAa
GeHbAa
XdHbAa
XeHbAa
IeHbAa
NfHbAa
AfHbAa
FgHbAa
SfHbAa
WgHbAa
HgHbAa
NhHbAa
IhHbAa
FiHbAa
IcAaAa
UiHbAa
SiHbAa
MjHbAa
ViHbAa
DkHbAa
PjHbAa
UkHbAa
QkHbAa
LlHbAa
VkHbAa
DmHbAa
QlHbAa
UmHbAa
SmHbAa
LnHbAa
FsCaAa
CoHbAa
YnHbAa
SoHbAa
IoHbAa
KpHbAa
KpHbAa
BqHbAa
SpHbAa
SqHbAa
GqHbAa
JrHbAa
DrHbAa
ZrHbAa
QrHbAa
PsHbAa
IsHbAa
FtHbAa
ZsHbAa
VtHbAa
VtHbAa
MuHbAa
IuHbAa
DvHbAa
PuHbAa
VvHbAa
TvHbAa
MwHbAa
JdFbAa
CxHbAa
PwHbAa
TxHbAa
ExHbAa
KyHbAa
AyHbAa
BzHbAa
SyHbAa
SzHbAa
EuDaAa
JaIbAa
VgEbAa
BbIbAa
RaIbAa
SbIbAa
CtBbAa
JcIbAa
VdAaAa
AdIbAa
XcIbAa
PdIbAa
DdIbAa
GeIbAa
RdIbAa
XeIbAa
MeIbAa
PfIbAa
OfIbAa
HgIbAa
XfIbAa
ZgIbAa
WgIbAa
PhIbAa
YnDaAa
GiIbAa
VhIbAa
XiIbAa
KiIbAa
PjIbAa
CjIbAa
GkIbAa
ZjIbAa
XkIbAa
TkIbAa
NlIbAa
DlIbAa
EmIbAa
YlIbAa
VmIbAa
ImIbAa
NnIbAa
YmIbAa
EoIbAa
VnIbAa
WoIbAa
OoIbAa
NpIbAa
MpIbAa
EqIbAa
EqIbAa
VqIbAa
FqIbAa
MrIbAa
KrIbAa
CsIbAa
VjAaAa
UsIbAa
UsIbAa
MtIbAa
ZsIbAa
DuIbAa
StIbAa
UuIbAa
JuIbAa
MvIbAa
DvIbAa
DwIbAa
DwIbAa
UwIbAa
MwIbAa
LxIbAa
VwIbAa
DyIbAa
AyIbAa
UyIbAa
IyIbAa
LzIbAa
DzIbAa
CaJbAa
YzIbAa
TaJbAa
FaJbAa
LbJbAa
DbJbAa
CcJbAa
YbJbAa
TcJbAa
RcJbAa
KdJbAa
HdJbAa
BeJbAa
MdJbAa
SeJbAa
PeAaAa
JfJbAa
XeJbAa
ZfJbAa
PfJbAa
QgJbAa
HgJbAa
IhJbAa
ChJbAa
ZhJbAa
ShJbAa
RiJbAa
IiJbAa
JjJbAa
XiJbAa
AkJbAa
ZlAaAa
QkJbAa
GkJbAa
HlJbAa
TkJbAa
YlJbAa
IlJbAa
QmJbAa
ZlJbAa
InJbAa
XmJbAa
ZnJbAa
ZnJbAa
QoJbAa
PoJbAa
IpJbAa
DpJbAa
AqJbAa
MpJbAa
RqJbAa
HqJbAa
GrJbAa
HfKaAa
YrJbAa
IrJbAa
PsJbAa
BsJbAa
GtJbAa
FtJbAa
XtJbAa
TtJbAa
OuJbAa
BuJbAa
GvJbAa
DvJbAa
YvJbAa
WvJbAa
PwJbAa
NwJbAa
HxJbAa
VwJbAa
YxJbAa
NxJbAa
PyJbAa
AyJbAa
HzJbAa
ZyJbAa
YzJbAa
YzJbAa
PaKbAa
KaKbAa
GbKbAa
CbKbAa
XbKbAa
XbKbAa
OcKbAa
TmAaAa
GdKbAa
RcKbAa
YdKbAa
UdKbAa
NeKbAa
QlTaAa
FfKbAa
FfKbAa
XfKbAa
VdAaAa
PgKbAa
FgKbAa
HhKbAa
XgKbAa
ZhKbAa
OhKbAa
QiKbAa
MiKbAa
HjKbAa
XiKbAa
XjKbAa
LjKbAa
OkKbAa
HkKbAa
GlKbAa
YkKbAa
XlKbAa
XlKbAa
OmKbAa
BmKbAa
GnKbAa
WmKbAa
XnKbAa
XnKbAa
OoKbAa
OoKbAa
EpKbAa
WoKbAa
VpKbAa
TpKbAa
MqKbAa
BqKbAa
ErKbAa
UqKbAa
TrKbAa
HrKbAa
KsKbAa
HsKbAa
BtKbAa
VsKbAa
StKbAa
PeAaAa
IuKbAa
WtKbAa
AvKbAa
RuKbAa
QvKbAa
FvKbAa
FwKbAa
CwKbAa
XwKbAa
TwKbAa
NxKbAa
ExKbAa
DyKbAa
ByKbAa
UyKbAa
HyKbAa
LzKbAa
WyKbAa
DaLbAa
NzKbAa
VaLbAa
HaLbAa
LbLbAa
JbLbAa
DcLbAa
QbLbAa
VcLbAa
NcLbAa
NdLbAa
WcLbAa
DeLbAa
EvGaAa
UeLbAa
QeLbAa
LfLbAa
WeLbAa
CgLbAa
BgLbAa
TgLbAa
RgLbAa
KhLbAa
KhLbAa
BiLbAa
VhLbAa
SiLbAa
MkAaAa
JjLbAa
IjLbAa
AkLbAa
QjLbAa
PkLbAa
OkLbAa
GlLbAa
UkLbAa
YlLbAa
NlLbAa
PmLbAa
JmLbAa
HnLbAa
AnLbAa
XnLbAa
GiAaAa
OoLbAa
ZnLbAa
FpLbAa
PoLbAa
WpLbAa
OpFaAa
NqLbAa
GqLbAa
DrLbAa
EpEaAa
UrLbAa
UrLbAa
LsLbAa
VrLbAa
CtLbAa
AtLbAa
TtLbAa
MtLbAa
KuLbAa
MnWaAa
BvLbAa
LuLbAa
SvLbAa
CvLbAa
IwLbAa
IwLbAa
YwLbAa
QwLbAa
QxLbAa
JxLbAa
IyLbAa
IcAaAa
ZyLbAa
RyLbAa
QzLbAa
KzLbAa
HaMbAa
BnLaAa
YaMbAa
TaMbAa
ObMbAa
LbMbAa
EcMbAa
QbMbAa
VcMbAa
FcMbAa
MdMbAa
AdMbAa
DeMbAa
QdMbAa
TeMbAa
FeMbAa
LfMbAa
XeMbAa
CgMbAa
TfMbAa
UgMbAa
GgMbAa
LhMbAa
LhMbAa
DiMbAa
RhMbAa
ViMbAa
MiMbAa
NjMbAa
WiMbAa
FkMbAa
OjMbAa
WkMbAa
ZlAaAa
NlMbAa
ElMbAa
DmMbAa
QlMbAa
TmMbAa
EmMbAa
KnMbAa
BaAaAa
BoMbAa
OnMbAa
ToMbAa
JfAaAa
KpMbAa
IpMbAa
BqMbAa
SpMbAa
TqMbAa
CqMbAa
KrMbAa
YqMbAa
BsMbAa
AsMbAa
SsMbAa
LsMbAa
JtMbAa
JfAaAa
AuMbAa
MtMbAa
RuMbAa
KzWaAa
IvMbAa
UuMbAa
ZvMbAa
QvMbAa
QwMbAa
FfFaAa
HxMbAa
VwMbAa
WxMbAa
RxMbAa
NyMbAa
HyMbAa
DzMbAa
XyMbAa
UzMbAa
IzMbAa
LaNbAa
KaNbAa
DbNbAa
AbNbAa
VbNbAa
MbNbAa
LcNbAa
CcNbAa
CdNbAa
ZcNbAa
RdNbAa
IsFaAa
IeNbAa
HeNbAa
ZeNbAa
XeNbAa
QfNbAa
MdZaAa
IgNbAa
HgNbAa
ZgNbAa
JfAaAa
QhNbAa
GiAaAa
HiNbAa
HiNbAa
ZiNbAa
OiNbAa
RjNbAa
YsCaAa
IkNbAa
TjNbAa
ZkNbAa
KkNbAa
QlNbAa
KlNbAa
HmNbAa
GmNbAa
YmNbAa
KmNbAa
PnNbAa
DnNbAa
FoNbAa
CoNbAa
XoNbAa
PoNbAa
PpNbAa
ZlAaAa
GqNbAa
XpNbAa
XqNbAa
WqNbAa
OrNbAa
OrNbAa
GsNbAa
RrNbAa
WsNbAa
PsNbAa
NtNbAa
XsNbAa
FuNbAa
YtNbAa
WuNbAa
NuNbAa
NvNbAa
DvNbAa
EwNbAa
RvNbAa
VwNbAa
RwNbAa
MxNbAa
LxNbAa
DyNbAa
GiAaAa
VyNbAa
IyNbAa
MzNbAa
GzNbAa
DaObAa
AaObAa
UaObAa
EaObAa
MbObAa
HbObAa
DcObAa
SbObAa
UcObAa
JcObAa
LdObAa
PeAaAa
DeObAa
AeObAa
VeObAa
FeObAa
MfObAa
BfObAa
DgObAa
NfObAa
UgObAa
MkAaAa
LhObAa
JfAaAa
CiObAa
WhObAa
TiObAa
IiObAa
KjObAa
XiObAa
BkObAa
ZjObAa
SkObAa
NfOaAa
JlObAa
ClObAa
AmObAa
QlObAa
SmObAa
EmObAa
JnObAa
KmNaAa
BoObAa
BoObAa
SoObAa
JoObAa
JpObAa
UnUaAa
AqObAa
OpObAa
RqObAa
JqObAa
IrObAa
DgAaAa
AsObAa
LrObAa
RsObAa
RsObAa
ItObAa
ZsObAa
ZtObAa
ZnBaAa
QuObAa
LuObAa
HvObAa
RuObAa
YvObAa
PvObAa
OwObAa
BwObAa
FxObAa
XwObAa
UxObAa
UxObAa
LyObAa
YxObAa
CzObAa
AzObAa
TzObAa
NzObAa
LaPbAa
GaPbAa
CbPbAa
CbPbAa
TbPbAa
IsFaAa
JcPbAa
JcPbAa
AdPbAa
RcPbAa
RdPbAa
BdPbAa
IePbAa
VdPbAa
ZePbAa
MePbAa
RfPbAa
RfPbAa
JgPbAa
SfPbAa
AhPbAa
PgPbAa
RhPbAa
QhPbAa
IiPbAa
HiPbAa
ZiPbAa
NiPbAa
QjPbAa
GjPbAa
HkPbAa
ZjPbAa
WkPbAa
IkPbAa
OlPbAa
NlPbAa
FmPbAa
RlPbAa
XmPbAa
TmPbAa
NnPbAa
DnPbAa
EoPbAa
XnPbAa
VoPbAa
ToPbAa
MpPbAa
EpPbAa
EqPbAa
DqPbAa
VqPbAa
MhWaAa
LrPbAa
GiAaAa
BsPbAa
VrPbAa
TsPbAa
LsPbAa
LtPbAa
LtPbAa
CuPbAa
VtPbAa
TuPbAa
DuPbAa
JvPbAa
UoCaAa
BwPbAa
WvPbAa
SwPbAa
LtDaAa
JxPbAa
RpVaAa
AyPbAa
KxPbAa
QyPbAa
WgBaAa
HzPbAa
CeXaAa
YzPbAa
YzPbAa
OaQbAa
CaQbAa
FbQbAa
ZaQbAa
WbQbAa
GbQbAa
NcQbAa
DcQbAa
EdQbAa
XcQbAa
VdQbAa
QdQbAa
MeQbAa
HeQbAa
EfQbAa
UeQbAa
WfQbAa
JfQbAa
NgQbAa
XfQbAa
FhQbAa
YgQbAa
WhQbAa
GhQbAa
NiQbAa
FiQbAa
FjQbAa
SiQbAa
XjQbAa
NkCaAa
PkQbAa
YsBaAa
GlQbAa
BlQbAa
XlQbAa
PlQbAa
OmQbAa
ZlQbAa
FnQbAa
QmQbAa
WnQbAa
MnQbAa
NoQbAa
FoQbAa
DpQbAa
PoQbAa
UpQbAa
NpQbAa
LqQbAa
ZpQbAa
BrQbAa
BjBaAa
SrQbAa
QrQbAa
JsQbAa
EsQbAa
ZsQbAa
NsQbAa
QtQbAa
FtQbAa
HuQbAa
FuQbAa
YuQbAa
VuQbAa
OvQbAa
NvQbAa
FwQbAa
QvQbAa
VwQbAa
TwQbAa
MxQbAa
AxQbAa
DyQbAa
WxQbAa
UyQbAa
EyQbAa
LzQbAa
FzQbAa
DaRbAa
PzQbAa
UaRbAa
RaRbAa
LbRbAa
WaRbAa
CcRbAa
EcTaAa
RcRbAa
HcRbAa
JdRbAa
ScRbAa
AeRbAa
NdRbAa
ReRbAa
MeRbAa
IfRbAa
GwVaAa
YfRbAa
XfRbAa
PgRbAa
CgRbAa
GhRbAa
EhRbAa
XhRbAa
HhRbAa
OiRbAa
FiRbAa
FjRbAa
QiRbAa
XjRbAa
GjRbAa
OkRbAa
FkRbAa
FlRbAa
PkRbAa
VlRbAa
IlRbAa
MmRbAa
KmRbAa
DnRbAa
CnRbAa
VnRbAa
EnRbAa
MoRbAa
ZnRbAa
EpRbAa
DpRbAa
VpRbAa
OeKbAa
NqRbAa
IqRbAa
FrRbAa
FrRbAa
VrRbAa
PrRbAa
MsRbAa
WrRbAa
DtRbAa
DtRbAa
VtRbAa
UtRbAa
MuRbAa
AuRbAa
DvRbAa
CvCaAa
UvRbAa
IvRbAa
LwRbAa
YvRbAa
CxRbAa
XwRbAa
UxRbAa
PxRbAa
KyRbAa
WxRbAa
BzRbAa
LyRbAa
SzRbAa
KzRbAa
IaSbAa
GaSbAa
AbSbAa
OaSbAa
SbSbAa
IbSbAa
JcSbAa
XbSbAa
AdSbAa
UcSbAa
QdSbAa
LdSbAa
IeSbAa
XdSbAa
ZeSbAa
QeSbAa
QfSbAa
IfSbAa
HgSbAa
WfSbAa
YgSbAa
QgSbAa
PhSbAa
AhSbAa
GiSbAa
UhSbAa
XiSbAa
WiSbAa
OjSbAa
DjSbAa
GkSbAa
YnDaAa
XkSbAa
PkSbAa
OlSbAa
MlSbAa
FmSbAa
XlSbAa
WmSbAa
SmSbAa
MnSbAa
AnSbAa
CoSbAa
QnSbAa
UoSbAa
EoSbAa
LpSbAa
XoSbAa
CqSbAa
SpSbAa
TqSbAa
QqSbAa
KrSbAa
HrSbAa
BsSbAa
OrSbAa
SsSbAa
GsSbAa
KtSbAa
HtSbAa
BuSbAa
QtSbAa
SuSbAa
DuSbAa
JvSbAa
DvSbAa
AwSbAa
YiIbAa
QwSbAa
ZlAaAa
HxSbAa
GxSbAa
XxSbAa
XxSbAa
OySbAa
YxSbAa
GzSbAa
YySbAa
WzSbAa
NzSbAa
NaTbAa
XbBaAa
FbTbAa
YaTbAa
XbTbAa
MbTbAa
PcTbAa
AcTbAa
CdTbAa
QcTbAa
UdTbAa
TdTbAa
LeTbAa
VdTbAa
CfTbAa
VeTbAa
TfTbAa
GfTbAa
KgTbAa
KbCaAa
ChTbAa
MgTbAa
UhTbAa
GhTbAa
MiTbAa
CiTbAa
CjTbAa
RiTbAa
UjTbAa
MjTbAa
KkTbAa
BkTbAa
BlTbAa
ZxUaAa
SlTbAa
HlTbAa
ImTbAa
BaAaAa
AnTbAa
UmTbAa
SnTbAa
LnTbAa
JoTbAa
ZnTbAa
ApTbAa
NoTbAa
RpTbAa
DpTbAa
JqTbAa
MkAaAa
ZqTbAa
RqTbAa
QrTbAa
GrTbAa
HsTbAa
GsTbAa
YsTbAa
PsTbAa
PtTbAa
DtTbAa
GuTbAa
VtTbAa
XuTbAa
SuTbAa
OvTbAa
BvTbAa
FwTbAa
ZvTbAa
VwTbAa
JwTbAa
MxTbAa
HiAaAa
DyTbAa
TxTbAa
UyTbAa
QeAaAa
KzTbAa
CzTbAa
BaUbAa
OzTbAa
SaUbAa
CxFaAa
JbUbAa
MkAaAa
BcUbAa
PbUbAa
ScUbAa
TzAaAa
IdUbAa
KmEaAa
YdUbAa
YdUbAa
PeUbAa
AeUbAa
HfUbAa
ReUbAa
YfUbAa
SfUbAa
NgUbAa
IgUbAa
EhUbAa
ZgUbAa
WhUbAa
JhUbAa
NiUbAa
ZhUbAa
FjUbAa
WiUbAa
XjUbAa
CcDaAa
NkUbAa
DhTbAa
ElUbAa
PkUbAa
VlUbAa
LlUbAa
NmUbAa
EmUbAa
DnUbAa
QmUbAa
VnUbAa
JnUbAa
MoUbAa
FoUbAa
EpUbAa
XoUbAa
VpUbAa
KqIaAa
MqUbAa
RoMaAa
DrUbAa
UqUbAa
UrUbAa
PeAaAa
LsUbAa
XrUbAa
BtUbAa
ZsUbAa
StUbAa
LtUbAa
IuUbAa
TtUbAa
AvUbAa
RuUbAa
RvUbAa
MvUbAa
IwUbAa
UvUbAa
AxUbAa
UwUbAa
RxUbAa
NxUbAa
JyUbAa
FyUbAa
AzUbAa
OyUbAa
RzUbAa
GzUbAa
IaVbAa
PhBaAa
YaVbAa
OaVbAa
ObVbAa
AbVbAa
FcVbAa
WbVbAa
WcVbAa
GiAaAa
LdVbAa
HdVbAa
DeVbAa
UdVbAa
VeVbAa
GeVbAa
MfVbAa
YeVbAa
DgVbAa
NfVbAa
VgVbAa
RtBaAa
MhVbAa
KhVbAa
DiVbAa
BiVbAa
UiVbAa
LiVbAa
LjVbAa
LjVbAa
CkVbAa
CkVbAa
TkVbAa
PkVbAa
JlVbAa
VkVbAa
AmVbAa
MlVbAa
SmVbAa
PmVbAa
JnVbAa
InVbAa
AoVbAa
OnVbAa
RoVbAa
MkAaAa
IpVbAa
PjEbAa
XpVbAa
PpVbAa
OqVbAa
UoCaAa
ErVbAa
XqVbAa
VrVbAa
GrVbAa
MsVbAa
HsVbAa
DtVbAa
YsVbAa
UtVbAa
StVbAa
LuVbAa
GuVbAa
CvVbAa
ZuVbAa
TvVbAa
SvVbAa
KwVbAa
BwVbAa
BxVbAa
PcKbAa
SxVbAa
KxVbAa
KyVbAa
ZxVbAa
CzVbAa
VyVbAa
TzVbAa
SzVbAa
JaWbAa
BaAaAa
AbWbAa
UaWbAa
RbWbAa
DbWbAa
IcWbAa
CvCaAa
YcWbAa
NcWbAa
PdWbAa
AdWbAa
HeWbAa
ZdWbAa
ZeWbAa
KrSaAa
RfWbAa
AmAaAa
JgWbAa
VfWbAa
YgWbAa
UgWbAa
PhWbAa
OsAaAa
GiWbAa
BiWbAa
WiWbAa
ViWbAa
OjWbAa
KjWbAa
GkWbAa
AkWbAa
YkWbAa
GiAaAa
PlWbAa
DjTbAa
FmWbAa
VlWbAa
XmWbAa
RmWbAa
OnWbAa
DnWbAa
FoWbAa
RnWbAa
WoWbAa
MoWbAa
NpWbAa
MpWbAa
EqWbAa
AqWbAa
VqWbAa
HqWbAa
KrWbAa
GrWbAa
AsWbAa
QrWbAa
RsWbAa
FsWbAa
ItWbAa
DtWbAa
ZtWbAa
TtWbAa
RuWbAa
LuWbAa
IvWbAa
BvWbAa
ZvWbAa
WvWbAa
QwWbAa
PwWbAa
GxWbAa
VvBaAa
XxWbAa
JxWbAa
NyWbAa
AyWbAa
EzWbAa
EzWbAa
VzWbAa
CwAaAa
MaXbAa
IaXbAa
DbXbAa
YaXbAa
UbXbAa
NbXbAa
LcXbAa
XbXbAa
CdXbAa
AdXbAa
TdXbAa
HdXbAa
KeXbAa
JeXbAa
BfXbAa
LeXbAa
RfXbAa
QfXbAa
IgXbAa
VfXbAa
ZgXbAa
NgXbAa
QhXbAa
OhXbAa
HiXbAa
AiXbAa
XiXbAa
OiXbAa
NjXbAa
BjXbAa
FkXbAa
DkXbAa
WkXbAa
MkXbAa
MlXbAa
GlXbAa
DmXbAa
BmXbAa
UmXbAa
EmXbAa
LnXbAa
ZmXbAa
CoXbAa
WnXbAa
UoXbAa
LoXbAa
LpXbAa
KpXbAa
DqXbAa
VpXbAa
UqXbAa
SqXbAa
MrXbAa
ErXbAa
DsXbAa
DsXbAa
UsXbAa
IsXbAa
KtXbAa
EtXbAa
CuXbAa
QtXbAa
SuXbAa
ZlAaAa
HvXbAa
EvXbAa
YvXbAa
MvXbAa
PwXbAa
AwXbAa
FxXbAa
QwXbAa
WxXbAa
PxXbAa
OyXbAa
ByXbAa
FzXbAa
BzXbAa
VzXbAa
VzXbAa
MaYbAa
FaYbAa
EbYbAa
OaYbAa
WbYbAa
HbYbAa
McYbAa
IcYbAa
DdYbAa
UcJaAa
VdYbAa
SdYbAa
NeYbAa
AeYbAa
DfYbAa
MkAaAa
UfYbAa
HfYbAa
LgYbAa
EnUbAa
ChYbAa
BhYbAa
ThYbAa
IhYbAa
KiYbAa
GiYbAa
ZiYbAa
ZiYbAa
QjYbAa
BjYbAa
IkYbAa
DkYbAa
AlYbAa
NkYbAa
RlYbAa
HlYbAa
JmYbAa
BmYbAa
YmYbAa
MmYbAa
PnYbAa
KnYbAa
FoYbAa
WnYbAa
VoYbAa
GoYbAa
MpYbAa
XoYbAa
CqYbAa
VpYbAa
TqYbAa
QqYbAa
JrYbAa
WqYbAa
AsYbAa
NrYbAa
SsYbAa
RsYbAa
KtYbAa
EtYbAa
AuYbAa
RtYbAa
OuYbAa
BaAaAa
EvYbAa
BvYbAa
WvYbAa
JvYbAa
OwYbAa
LwYbAa
FxYbAa
DxYbAa
WxYbAa
MxYbAa
NyYbAa
ByYbAa
EzYbAa
JfAaAa
VzYbAa
PzYbAa
NaZbAa
DaZbAa
FbZbAa
DbZbAa
WbZbAa
HbZbAa
NcZbAa
SnGaAa
EdZbAa
WcZbAa
VdZbAa
OdZbAa
KeZbAa
VdAaAa
AfZbAa
WeZbAa
RfZbAa
JfZbAa
HgZbAa
YfZbAa
YgZbAa
TgZbAa
OhZbAa
EeCaAa
EiZbAa
PhZbAa
ViZbAa
HiZbAa
LjZbAa
YiZbAa
DkZbAa
NjZbAa
CcYaAa
GiAaAa
NvCbAa
CmAaAa
WgGaAa
AnBbAa
EgGaAa
LxXaAa
MfEaAa
SuEaAa
JjSaAa
HlLbAa
SkFaAa
NhHaAa
FpEaAa
YyGbAa
GpEaAa
PfDaAa
DxRbAa
StBaAa
VdAaAa
PmKbAa
NlOaAa
RgKaAa
IxQaAa
DuMaAa
RmCaAa
UtFbAa
DgAaAa
BdPaAa
BpGaAa
JcAaAa
QtJaAa
XqOaAa
ViObAa
DgLbAa
EpEaAa
VqBaAa
HhFaAa
IyAaAa
FgAaAa
VgRaAa
OhBbAa
GzCaAa
DgAaAa
VcZaAa
JkIaAa
TbIbAa
DwAaAa
QaVaAa
MfRaAa
CaAaAa
XeDaAa
CbIbAa
HlAaAa
JjSaAa
CtBbAa
ZrEaAa
NvWaAa
GiAaAa
XbEaAa
HuTbAa
YeIbAa
XkPbAa
ImWbAa
MxIbAa
EcTaAa
UrGaAa
QxKaAa
YuDaAa
AuAaAa
OhCbAa
FvYbAa
XiOaAa
YbSaAa
KrSaAa
YoNbAa
UiAbAa
GlAaAa
VcWaAa
VyEaAa
LtDaAa
OmUbAa
GqJaAa
PfIaAa
CqMbAa
EgEaAa
HhFaAa
KgUaAa
CxFaAa
TrIaAa
ImHaAa
PkMaAa
NhJaAa
OcMaAa
ZsCaAa
FqCbAa
CiLbAa
PfDaAa
RaDaAa
WiMbAa
MdZaAa
AjIaAa
HvYbAa
UsPbAa
UeEaAa
EgJaAa
YoNbAa
PmPaAa
GeBbAa
RyIaAa
UjAaAa
CmXaAa
VwAaAa
ImHaAa
VaObAa
AmAaAa
IoZaAa
TzAaAa
EuDaAa
OhAaAa
HlCaAa
FoIbAa
DwAaAa
VhTbAa
WaAaAa
OqRbAa
TmCaAa
LtXaAa
XiWbAa
EvFbAa
TaIaAa
QlBbAa
WrUaAa
QyBaAa
UeRaAa
MoNaAa
QjWbAa
GmPbAa
OsHaAa
RyJbAa
OjXbAa
PkKbAa
YkHaAa
OhBbAa
AdLaAa
OcYbAa
NhJaAa
KfAaAa
VdAaAa
IbHaAa
AdLaAa
JdEaAa
NdVbAa
JoHaAa
JbGaAa
EnRbAa
TqMaAa
HzRaAa
NwFbAa
MkBaAa
DjUaAa
EsWaAa
QyBaAa
SnIaAa
ZzCaAa
NxSaAa
AfPbAa
LfBaAa
CaAaAa
ZnBaAa
VjCaAa
JpJbAa
RxLbAa
ScQaAa
JzQaAa
PbVbAa
FhUbAa
OhHbAa
YxBaAa
FzLaAa
IiNbAa
DlGbAa
QbLaAa
CxFaAa
SxUbAa
DzDaAa
QqPaAa
KzWaAa
QcBaAa
OfAbAa
AzAaAa
JmLaAa
LgPaAa
NqKbAa
CwSaAa
QyJbAa
EbNbAa
AlEaAa
RfNaAa
UnUaAa
UoCaAa
KgPbAa
NlOaAa
PhBaAa
KyTaAa
MfEaAa
CxFaAa
IsTaAa
JfAaAa
RmJbAa
ZtRaAa
HeHbAa
FeEbAa
XoIbAa
WiHaAa
ZsBaAa
WiMbAa
EoFaAa
VzMbAa
YjKbAa
OxAaAa
GsBaAa
VcJaAa
CmRaAa
UvBaAa
DhUaAa
LzXaAa
ObAbAa
KoIaAa
UiAbAa
MdVbAa
PjZaAa
XeIaAa
KdRaAa
YkBbAa
KqGaAa
TkQaAa
ZaFaAa
VaObAa
BmVbAa
XiWbAa
EuDaAa
FiOaAa
HzGaAa
SaDaAa
OpOaAa
IxUaAa
TgQaAa
CeYaAa
PqEaAa
RzLbAa
JgXbAa
OxMaAa
KoIaAa
OjXbAa
BmAaAa
OcMaAa
LdCaAa
ZgCaAa
NvKaAa
JkYbAa
IsOaAa
XjMaAa
MdObAa
DgAaAa
HvJbAa
WiMbAa
FbBaAa
PrOaAa
LdCaAa
HqTaAa
JuKbAa
JqAaAa
IzPbAa
QcBaAa
ZaBbAa
HdKbAa
IbVaAa
ScRbAa
BqMaAa
PjZaAa
UpFbAa
UmAaAa
YkHaAa
YsCaAa
RwPaAa
CaAaAa
ZeNaAa
XxMbAa
MxSaAa
HfFaAa
XmOaAa
LsFbAa
DoSbAa
EsYaAa
TpHaAa
KuFaAa
MdCaAa
ScRbAa
MfGaAa
SkFaAa
XjMaAa
ZuJaAa
DgAaAa
AuEaAa
PcKbAa
DxLaAa
WgOaAa
IrPaAa
DsIbAa
MwBaAa
JfAaAa
TkXaAa
DwAaAa
SnGaAa
WmKaAa
OqKbAa
IgDaAa
PbAaAa
XoJaAa
HwVaAa
OqNaAa
ImTaAa
FjMaAa
QwRaAa
IdKbAa
JpJbAa
NkCaAa
KmEaAa
CdAaAa
XbMaAa
HkHaAa
BaRaAa
FsBaAa
KnCaAa
DiObAa
CwAaAa
HtRaAa
QbLaAa
VfGbAa
HaHbAa
DxTaAa
FiOaAa
PfIaAa
ZxUaAa
WdAaAa
VzDaAa
EdYbAa
VhTbAa
SaCaAa
EjPaAa
AhDaAa
XiGaAa
IiBaAa
OsUaAa
PyRaAa
QcBaAa
MfGaAa
WoFaAa
QtVaAa
CkRaAa
SlVaAa
DaWaAa
KbCaAa
KqGaAa
MlKaAa
OxGbAa
EuDaAa
QdWbAa
LjKaAa
SfWbAa
MhWaAa
YaFaAa
PbAaAa
NlEbAa
ItAaAa
LmEaAa
WwGbAa
GfFaAa
KqAaAa
LtXbAa
XeBbAa
HrPaAa
XiEbAa
UmFaAa
SkFaAa
ZyZaAa
GzCaAa
OhAaAa
KfAaAa
YiTaAa
IdSaAa
WlDaAa
PrOaAa
QmLbAa
IiBaAa
AgFbAa
EyNbAa
JtEaAa
LzEbAa
VbKaAa
GwKbAa
UoCaAa
HqFaAa
PhEaAa
JuUbAa
UsKaAa
VgEbAa
OjXbAa
PeAaAa
PhZaAa
JmTbAa
FpUbAa
HmJaAa
HzFaAa
DyEaAa
PyRaAa
LgPaAa
BxJaAa
YvRaAa
MsAbAa
HzFaAa
AiKbAa
RxLbAa
DsEbAa
ZaHbAa
AvTaAa
WaAaAa
VaOaAa
VsIbAa
IiNaAa
FrUaAa
ZgIaAa
MlHbAa
OtNbAa
PmPaAa
VhTbAa
EoXbAa
YoNbAa
OaGbAa
QmLbAa
TlVaAa
FfFaAa
NtWaAa
RxZaAa
SqSaAa
RoJbAa
DsSaAa
VyEaAa
VnGbAa
HxIaAa
SfWbAa
QzOaAa
KrSaAa
WaAaAa
CjCaAa
KdGaAa
FxBaAa
NtWaAa
DjDaAa
CqMbAa
UhGbAa
RaDaAa
XgZaAa
CcYaAa
WoEbAa
UsKaAa
VfGbAa
UtBbAa
NnEbAa
RaGaAa
NfGaAa
SfUaAa
TiKaAa
JdBaAa
XbMaAa
RmCaAa
JnYaAa
WoEbAa
EuDaAa
DdAaAa
BzAbAa
VqBaAa
BdLaAa
ZuJaAa
KqBbAa
EuDaAa
KfAaAa
RmCaAa
IuZaAa
QdIbAa
AyQaAa
PfIaAa
XdAaAa
YyOaAa
FyVaAa
WdYbAa
RaGaAa
EuDaAa
CeRaAa
KqAaAa
AlEaAa
BsYbAa
FbYbAa
BwEaAa
UaJbAa
DjCaAa
ReAaAa
PySbAa
RdWbAa
JfAaAa
LdRaAa
WcTaAa
SfWbAa
CpTbAa
ThLaAa
SnIaAa
CcDaAa
DgMbAa
CeGaAa
TzAaAa
FbEaAa
HlLbAa
GzCaAa
ZgCaAa
PhEaAa
RyBaAa
CjAaAa
CwXaAa
MnAaAa
UsKaAa
HtNaAa
OaTbAa
OdBbAa
EmKaAa
EuDaAa
LbRaAa
RtBaAa
EvRbAa
DoXbAa
AuPaAa
UtBbAa
UsPbAa
VpAbAa
MwBaAa
TzAaAa
IgZbAa
PhEaAa
OaTbAa
MnAaAa
KvPbAa
JfAaAa
KpYaAa
SgSaAa
HlCaAa
JyAaAa
CaAaAa
TzAaAa
OaSaAa
SaQaAa
YrNaAa
UrFbAa
AnBbAa
PxAaAa
YaFaAa
RwNaAa
JwUbAa
RsQaAa
BfLaAa
KbDaAa
YyGbAa
PwUaAa
YaFaAa
CcYaAa
QlZaAa
BsDaAa
VoWaAa
ZkHaAa
SlIaAa
EsXbAa
RaDaAa
CwAaAa
VzDaAa
IcLaAa
GoNbAa
AoBaAa
FnDaAa
DxRbAa
QcSaAa
LjXaAa
CwSaAa
CcDaAa
QeKaAa
PqEaAa
BaAaAa
WeEbAa
FsCaAa
CdAaAa
TjVaAa
SvTaAa
WxFaAa
VyEaAa
KmEaAa
XlPaAa
UpAbAa
QwQaAa
HrPaAa
GmJaAa
DzDaAa
WbKaAa
JfAaAa
MnFaAa
WaAaAa
LiDaAa
IkEaAa
YiIbAa
TzJaAa
HiAaAa
WuCbAa
WaAaAa
FfFaAa
FnDaAa
OfBaAa
ZkTaAa
KhQaAa
CrAaAa
PjSbAa
VaOaAa
MlHbAa
IgDaAa
QmMaAa
QyBaAa
KpObAa
BfPaAa
WpNaAa
PfCbAa
SvTaAa
OwGaAa
CaAaAa
NvMaAa
RmCaAa
OhCbAa
MwBaAa
MlHbAa
GzFbAa
QlBbAa
KrSaAa
NdWaAa
XoJaAa
TqMaAa
JrDaAa
HiJaAa
JuTaAa
MtYaAa
NmRbAa
EeCaAa
ZvPaAa
CwAaAa
JfAaAa
HkWbAa
JnYaAa
KrSaAa
CnLaAa
DsEbAa
JcAaAa
WyMaAa
BsDaAa
LuDbAa
QnTaAa
DdAaAa
HlLbAa
BfZbAa
DhPaAa
VqXbAa
FmOaAa
LsLaAa
KgUaAa
YvRaAa
VgRaAa
YkBbAa
ViHbAa
NxMaAa
GaFaAa
KzWaAa
FeTaAa
RtBaAa
JfSaAa
XdAaAa
WlUbAa
NjZbAa
PkKbAa
CcDaAa
TsSbAa
BjNbAa
KvPbAa
VoWaAa
BjAaAa
JbGaAa
FfQbAa
UrKbAa
RoDaAa
TzAaAa
JpJbAa
IiNaAa
SqSaAa
NrCaAa
GaFaAa
ToHbAa
XeTaAa
BaAaAa
NeFaAa
LvEbAa
JdEaAa
NoRbAa
DaWaAa
RfNaAa
QcBaAa
LuLbAa
OpKaAa
OhOaAa
LtDaAa
ZbBaAa
MdDbAa
CwAaAa
EySaAa
PuNaAa
IiBaAa
NvYaAa
SnBbAa
GiAaAa
BsYbAa
RxZaAa
WgGaAa
DoXbAa
JkYbAa
BnLaAa
MdJaAa
FiOaAa
XdMaAa
YaFaAa
VqXbAa
YkGaAa
LkDaAa
OjXbAa
TsDaAa
NfOaAa
CeXaAa
DlGbAa
QlZaAa
KmEaAa
PhBaAa
DgMbAa
TzJaAa
ApZaAa
MpXbAa
PfCaAa
PuJbAa
SlVaAa
QbLaAa
AcHaAa
SxAbAa
UeGaAa
LcFaAa
MsIaAa
SxDaAa
BdPaAa
AgFbAa
GxFbAa
YoNbAa
JuUbAa
GzWbAa
YoAaAa
WzYbAa
XdKaAa
CjLaAa
QjWbAa
QcBaAa
LuLaAa
CqMbAa
WgGaAa
TzAaAa
TvDbAa
NoDbAa
WwGbAa
FhUbAa
EnRbAa
DsEbAa
FnDaAa
ErUaAa
JmGaAa
ZaHbAa
DlGbAa
RjNaAa
YlQbAa
KrObAa
GmWbAa
TcHaAa
RcBaAa
FdKaAa
WaAaAa
YnPaAa
KbUbAa
SgKaAa
HjUbAa
YiTaAa
AaQaAa
FoIbAa
BpLaAa
UoCaAa
AmAaAa
HdKbAa
OjHaAa
YbSaAa
BoYaAa
RyBaAa
XeIaAa
BaAaAa
OiUbAa
HxHaAa
GzCaAa
YsBaAa
XeIaAa
MiGbAa
EbBaAa
TjVaAa
WyEaAa
TaIaAa
WaAaAa
CcYaAa
XiEbAa
KbCaAa
WzYbAa
SkFaAa
RaDaAa
JpQaAa
GvIaAa
PhTaAa
FsCaAa
PhZaAa
LfBaAa
TbUaAa
JfAaAa
OpFaAa
YmPbAa
TrIaAa
BaAaAa
XeBbAa
OuHbAa
BaRaAa
VyEaAa
ImGaAa
ZsBaAa
SaDaAa
GfKbAa
QwQaAa
TrIaAa
JxNaAa
UsPbAa
CpHaAa
TeBaAa
VzAaAa
GiOaAa
BuMbAa
EuDaAa
XeIaAa
VaAaAa
ZaPaAa
KrSaAa
SpZaAa
JnYaAa
NnAaAa
PnJaAa
EtRbAa
BlLaAa
JcAaAa
CjCaAa
RjNaAa
SwJbAa
IsTaAa
OxAaAa
MnXbAa
UeMbAa
CsDaAa
CjCaAa
BpHaAa
TgXaAa
GmWbAa
YjQbAa
CpLaAa
DqYbAa
OhCbAa
RcFbAa
JfAaAa
MkAaAa
AvOaAa
QjZaAa
QfHbAa
TiQaAa
NxNbAa
KmEaAa
CqMbAa
GbEaAa
LgTbAa
CwSaAa
TsYbAa
ZuJaAa
BaAaAa
IiBaAa
EyYaAa
CzDaAa
QtJaAa
IcAaAa
ScQaAa
CcYaAa
EuDaAa
MzEbAa
MxIbAa
QjEaAa
DlDaAa
ZnBaAa
JgLaAa
VaAaAa
WaObAa
OfHbAa
RyIaAa
DhTbAa
IiNaAa
WdYbAa
FsBaAa
UuXaAa
GxBaAa
ZvXbAa
XmCbAa
LiDaAa
CmRaAa
SyPaAa
KgUaAa
KuCaAa
CcDaAa
ImGaAa
QfCaAa
KrSaAa
EgEaAa
PuUaAa
TaQaAa
NcKaAa
KdGaAa
LtXbAa
LvEbAa
GkHaAa
LsBbAa
CaAaAa
RiSaAa
DmRaAa
BzDbAa
CwAaAa
ScRbAa
NyLaAa
OeKbAa
JzBaAa
WaAaAa
CmRaAa
IwZaAa
BmSaAa
StBaAa
NxCbAa
DmWaAa
MyRbAa
EeObAa
CdAaAa
WxCaAa
PbAaAa
RyBaAa
ZgCaAa
ZlAaAa
TyNaAa
IgCaAa
QaVaAa
DqSbAa
LzEbAa
KbUbAa
DzDaAa
JkIaAa
RmYaAa
DwAaAa
YiIbAa
JxPaAa
NoDbAa
GkHaAa
PmPaAa
MlFaAa
QeUbAa
TsSbAa
GbTbAa
QcEaAa
PhEaAa
CsPbAa
PrNbAa
QsQaAa
KqGaAa
TcHaAa
AhCaAa
SoBaAa
PwUaAa
TrIaAa
FgZaAa
EgGaAa
VcObAa
WxFaAa
RfNaAa
CdAaAa
PwIaAa
FeIaAa
JpQaAa
EiRaAa
EgVbAa
QdNaAa
XvYbAa
FuDaAa
BdLaAa
JfSaAa
YmOaAa
FiJaAa
CqMbAa
FnDaAa
SkFaAa
QgFaAa
ZyZaAa
HfKaAa
RuRaAa
VxLaAa
AnBbAa
MrYaAa
PbAaAa
UoCaAa
UnUaAa
DsKaAa
FtHaAa
MoAbAa
AvTaAa
ScRbAa
CdAaAa
NfOaAa
OqNaAa
FnDaAa
BaAaAa
PhHbAa
EeOaAa
HfKaAa
NaNbAa
OaZbAa
MhWaAa
VbKaAa
FiHaAa
VwAaAa
IiBaAa
ZaHbAa
XeTaAa
AnBbAa
MzNaAa
UrHaAa
UtFbAa
ToHbAa
BpGaAa
AxDaAa
SlEaAa
YoNbAa
FtIaAa
HzCaAa
CxFaAa
UoCaAa
DoXbAa
AhDaAa
MtYaAa
MbTaAa
FgAaAa
YlMaAa
SnBbAa
GsCaAa
VfGbAa
FbBaAa
NxMaAa
VwMaAa
CfPaAa
HtRaAa
WgOaAa
QrFaAa
GzCaAa
HaHbAa
CeGaAa
QcEaAa
TnGaAa
FfMaAa
DrFbAa
WlUbAa
EaRbAa
XtHaAa
IqFaAa
XdAaAa
VrGaAa
PyGaAa
DsIbAa
HrPaAa
HrPaAa
RyBaAa
KmNaAa
QcSaAa
OpFaAa
LhXaAa
SdPbAa
AuAaAa
CwAaAa
NtWaAa
BjIaAa
UrGaAa
RaDaAa
RrJaAa
FgBbAa
UmAaAa
AuEaAa
RrZaAa
EoFaAa
ZsCaAa
JaSbAa
ChUaAa
FgZaAa
GfFaAa
HlLbAa
VhPaAa
DzDaAa
NkAaAa
VaTaAa
MfEaAa
QvDaAa
HiEaAa
ElBaAa
KyDaAa
MiGbAa
KcFaAa
JxNaAa
OhCbAa
IxUaAa
CmXaAa
DvCaAa
HrEaAa
BaAaAa
KqBbAa
GkJaAa
EoWaAa
OiUbAa
RtBaAa
GjRbAa
QzOaAa
FoIbAa
AtFaAa
XtIaAa
YlMaAa
ZgCaAa
XeBbAa
CjCaAa
VeMbAa
SoBaAa
IcAaAa
PrOaAa
IkIbAa
MjZbAa
FdQbAa
SgKaAa
LbIaAa
ZeBbAa
WoEbAa
IyAaAa
ZlJbAa
EmXbAa
MwBaAa
RcBaAa
TgXaAa
UtFbAa
XqEbAa
YyOaAa
TwEaAa
GmPbAa
NvYaAa
LqLaAa
BiKaAa
RjPbAa
YiCbAa
CnNaAa
RpVaAa
RoDaAa
QrFaAa
FbBaAa
XoJaAa
DvCaAa
UaXaAa
WaAaAa
WaAaAa
EnUbAa
MwBaAa
SnIaAa
UiAbAa
BkSaAa
ElDaAa
OpFaAa
QyBaAa
RuPaAa
HgIaAa
HqTaAa
RiSaAa
VdAaAa
HsOaAa
KaIbAa
IgDaAa
XbEaAa
QrJaAa
EsCbAa
SnIaAa
RyPaAa
QwQaAa
QlGaAa
XgZaAa
OkUbAa
OkAaAa
RmCaAa
RiFbAa
EpEaAa
UmAaAa
AlEaAa
JbGaAa
RvJaAa
QmMaAa
MtKaAa
VdAaAa
VjCaAa
ApZaAa
SuEaAa
PqEaAa
TcDbAa
EeVbAa
OaTbAa
NhAaAa
UpFbAa
CvBaAa
VuKaAa
GiCbAa
VwMaAa
JaSbAa
KqAaAa
HfKaAa
VaAaAa
DwSaAa
XiGaAa
FgOaAa
WdAaAa
RiFaAa
GzCaAa
HkWbAa
DkKaAa
CvBaAa
WgBaAa
WgOaAa
TsYbAa
PhBaAa
ZzCaAa
JeWbAa
IbHaAa
AvTaAa
CxFaAa
HvUaAa
BpLaAa
QmMaAa
CeXaAa
RfNbAa
NzKbAa
GbTbAa
FbNbAa
AhDaAa
RbPaAa
TkFaAa
RnHaAa
WlDaAa
WeZaAa
ApZaAa
ToXaAa
EuDaAa
ThDaAa
DlGbAa
QlBbAa
BsDaAa
DdTbAa
XdAaAa
YjQbAa
NkCaAa
BmVbAa
JfAaAa
UaDaAa
CgXaAa
NkCaAa
LnCaAa
PyRaAa
YnLbAa
EuDaAa
MsIaAa
JuKbAa
WwAaAa
PbAaAa
CcDaAa
NlEbAa
LtDaAa
BiDbAa
VqBaAa
DsSaAa
AaQaAa
XeTaAa
SnGaAa
IoZaAa
QcEaAa
ViVbAa
LzNaAa
HrJbAa
XvYbAa
OjXbAa
AuWbAa
TjLaAa
BqMaAa
PiQbAa
FnDaAa
KsBbAa
KgUaAa
VaObAa
KqIaAa
GgCbAa
YtJbAa
TbCbAa
VwAaAa
WwAaAa
AtTaAa
RjNaAa
MsHaAa
PuJbAa
BaAaAa
EqWaAa
VfGbAa
BaAaAa
QsQaAa
ExCaAa
RdSbAa
RlBbAa
MwBaAa
BfPaAa
MlHbAa
BzJaAa
YaFaAa
XuDaAa
MrYaAa
VyEaAa
XlPaAa
MkBaAa
YkBbAa
XdKaAa
QlTaAa
TaRaAa
TrIaAa
DiXaAa
DvCaAa
FcZaAa
KnSaAa
TzJaAa
QyFaAa
KjSaAa
NaYbAa
YvQaAa
ToHbAa
MdJaAa
JcPaAa
XeIaAa
RyIaAa
YbBaAa
SoBaAa
XeTaAa
YkHaAa
VfGbAa
PeAaAa
VyEaAa
CwPbAa
WoKaAa
MwBaAa
XuDaAa
WqXbAa
OuHbAa
KbDaAa
DcDaAa
WxFaAa
XiWbAa
DcWaAa
PyRaAa
NkAaAa
CmRaAa
GiAaAa
QpAaAa
SgSaAa
EeOaAa
EuIbAa
QcBaAa
BzJaAa
EtIaAa
YbBaAa
TdUaAa
GkJaAa
FtIaAa
JuUbAa
MiUaAa
VdAaAa
EiRaAa
RdSbAa
QjEaAa
IkEaAa
RjNaAa
BvFaAa
NhAaAa
ToBaAa
OiQbAa
GgCbAa
KiDaAa
UhVaAa
UpFbAa
IiBaAa
TpHaAa
QxKaAa
CwXaAa
NwFbAa
GmWbAa
LqHaAa
WoFaAa
LdCaAa
BmObAa
XqOaAa
WjPaAa
MxIbAa
AzAaAa
JzIaAa
BdPaAa
LdDbAa
MqIaAa
AfWbAa
IiNbAa
JjSaAa
UpFbAa
JgLaAa
ZxHaAa
CwSaAa
AyQaAa
NlEbAa
UvLaAa
NvCbAa
DgAaAa
ZzGaAa
QcSaAa
BsXaAa
TeQaAa
DzObAa
RyBaAa
AyQaAa
ZaHbAa
BqMaAa
IgDaAa
DaYaAa
EcLbAa
GzFbAa
KdRbAa
AuAaAa
EyIbAa
SoBaAa
PyGaAa
JhKaAa
FsBaAa
LhYaAa
YjQbAa
KhQaAa
FsCaAa
QlTaAa
JcAaAa
RwPaAa
WcLbAa
OpKaAa
TgXaAa
IcAaAa
AmAaAa
CnNaAa
LcFaAa
OpKaAa
OpFaAa
SjIaAa
RpAaAa
PrOaAa
XqCbAa
BhLaAa
LjKaAa
IkEaAa
YaFaAa
FtIaAa
AqRaAa
RpAaAa
BvBaAa
DhPaAa
LrSaAa
DvBaAa
TlNaAa
EeDaAa
XdMaAa
FgZaAa
TzAaAa
OhBbAa
JzBaAa
XoAaAa
WlDaAa
LkDaAa
BmVbAa
SmJbAa
TjVaAa
CjCaAa
KfAaAa
VuIbAa
XhQbAa
AzAaAa
CrAaAa
SnGaAa
BpLaAa
NaYbAa
HgIaAa
QyJbAa
BuAaAa
ZnDaAa
ApZaAa
VrAaAa
FfFaAa
ObLbAa
JdEaAa
JcAaAa
VaObAa
EsYaAa
PkKbAa
PlJaAa
EcOaAa
SlIaAa
ItAaAa
PhEaAa
MoEaAa
FwKaAa
MbTaAa
IcNaAa
YsCaAa
HgIaAa
BaIaAa
GkBbAa
ImHaAa
OaSaAa
TeQaAa
NxNbAa
YrNaAa
DkKaAa
PxKaAa
ErUaAa
GbSaAa
UeRaAa
IwDaAa
PjWbAa
MfRaAa
BaAaAa
KcFaAa
ZlCaAa
BmObAa
QcEaAa
NlOaAa
QfIaAa
FoIbAa
MkAaAa
RyIaAa
BiDbAa
GiAaAa
XeIaAa
TzAaAa
DnGbAa
JcAaAa
PxKaAa
BoBaAa
BnLaAa
BmObAa
XoJaAa
TxVbAa
LyBbAa
CwAaAa
WgEaAa
RpAaAa
FpEaAa
PxAaAa
JmTbAa
FuDaAa
AjAaAa
BqSaAa
ImGaAa
RcBaAa
XuDaAa
XeTaAa
WmIbAa
DbKaAa
SbFaAa
WaAaAa
OmDaAa
QpAaAa
LoIaAa
XkMbAa
QlGaAa
BiJbAa
JgLaAa
CwAaAa
XiJaAa
ZaFaAa
JpJbAa
VlDaAa
NaYbAa
KfAaAa
RjYbAa
OrCaAa
ZgIaAa
FbBaAa
AbBbAa
FxBaAa
AlNaAa
EvHbAa
IaPaAa
UuMaAa
SuEaAa
KyTaAa
SfLaAa
WdAaAa
PwUaAa
IgIbAa
TiDbAa
FvHaAa
EoKaAa
EdYbAa
DxLaAa
RsQaAa
ToHbAa
GiAaAa
ViHbAa
YuDaAa
OcMaAa
LiUaAa
RxLbAa
YsBaAa
KbCaAa
VlGbAa
DdAaAa
EbBaAa
MlKaAa
VdAaAa
PkMaAa
TqMaAa
LcFaAa
NfEbAa
OxAaAa
PhTaAa
AhCaAa
QyBaAa
QrOaAa
MwLaAa
QwQaAa
FiGaAa
UaXaAa
DgAaAa
WgEaAa
QsQaAa
NvCbAa
XeBbAa
WpRbAa
RtBaAa
FbEaAa
YkHaAa
IiNbAa
CrAaAa
TaDbAa
MvMaAa
WlBaAa
GyGbAa
WlBaAa
KfAaAa
UrHaAa
PmKbAa
XkPbAa
ZlJbAa
SfLaAa
UrGaAa
WdAaAa
OwGaAa
RwPaAa
WlBaAa
VlDaAa
DgAaAa
RwNaAa
FmOaAa
PbAaAa
HdKbAa
IbHaAa
KqIaAa
MwBaAa
IiBaAa
BvFaAa
KbCaAa
AiJbAa
ZzFaAa
PvDaAa
ImBbAa
MaBaAa
FlPaAa
WdYbAa
WxFaAa
WsCbAa
PlSbAa
TrIaAa
VuMaAa
XbZbAa
XjMaAa
EcTaAa
XjMaAa
BiDbAa
OiQbAa
PeAaAa
MkAaAa
OjXbAa
ZnBaAa
JzPaAa
MwBaAa
SoBaAa
TbUaAa
WcLbAa
OpFaAa
DdTbAa
PuJbAa
EcIaAa
GeIaAa
GsBaAa
OjXbAa
EqXbAa
ShDaAa
FnDaAa
IxQaAa
DgAaAa
PuUaAa
XgBaAa
MsAbAa
VrAaAa
BeBaAa
JbGaAa
UsPbAa
WmKaAa
XiEbAa
WdAaAa
EcTaAa
NeQbAa
YiTaAa
AmAaAa
FfVaAa
ReSaAa
NyObAa
GiBbAa
EvGaAa
BiDbAa
NhAaAa
HiAaAa
BkYaAa
JrDaAa
LcFaAa
FqPbAa
WyMaAa
GcAbAa
UoCaAa
EpNaAa
UeRaAa
MnFaAa
WdAaAa
QaVaAa
PeAaAa
RiSaAa
QpAaAa
OpKaAa
LdCaAa
CwXaAa
LlFaAa
EpNaAa
ImHaAa
KhQaAa
WqEbAa
FeBbAa
AfLaAa
NhAaAa
QlTaAa
QaVaAa
JbGaAa
SnIaAa
WjPaAa
YkHaAa
UeMbAa
QoLbAa
QeAaAa
FfFaAa
NkCaAa
DaAaAa
WlUbAa
BiKaAa
JoVaAa
AnGaAa
VqXbAa
NtWaAa
HqTaAa
CxTaAa
LdCaAa
ZxIaAa
BwEaAa
DqBaAa
JmTbAa
DsEbAa
QyFaAa
WeOaAa
CcDaAa
MbTaAa
NnEbAa
VzDaAa
YsCaAa
TrIaAa
HvJbAa
HgCaAa
FiEbAa
NqKbAa
AfLaAa
SxUbAa
EdAaAa
OzEaAa
XoWbAa
DcIaAa
SlVaAa
EyNbAa
TzAaAa
NhAaAa
RaDaAa
MpBaAa
MmEaAa
VgJaAa
QnTaAa
NqKbAa
JyJaAa
JjFaAa
KkYbAa
LtMaAa
MkAaAa
IcAaAa
KbUbAa
FnRbAa
RrZaAa
GvIaAa
DsIbAa
YaFaAa
PjWbAa
MwBaAa
UoBaAa
IcAaAa
NcKaAa
StBaAa
DkKaAa
DeHaAa
CkSaAa
GgAaAa
FeCaAa
BxDbAa
BbSbAa
VuKaAa
SoYaAa
EeDaAa
LcFaAa
WgOaAa
WqBaAa
GsCaAa
ZrEaAa
VoWaAa
GwVaAa
HyAaAa
VrAaAa
IuOaAa
EtAbAa
JmBbAa
CwEaAa
SxAbAa
EcTaAa
JoHaAa
FsBaAa
YmJaAa
TbCbAa
KrSaAa
VoWaAa
MmGbAa
LgPaAa
QwRaAa
TuEaAa
FvYbAa
OsAaAa
RtBaAa
YuGbAa
TjAaAa
SmCaAa
ZaFaAa
FeTaAa
NkAaAa
NzEaAa
PbAaAa
GmJaAa
RqRaAa
EoKaAa
TsYbAa
VaWaAa
NyLaAa
AlNbAa
JbGaAa
GmJaAa
HkWbAa
XgZaAa
YjRbAa
BwEaAa
BvFaAa
DvCaAa
GfFaAa
NfRaAa
LsFbAa
GmPbAa
BnLaAa
XiEbAa
NfObAa
BiKaAa
EsCbAa
MfBaAa
UnIaAa
OjJaAa
TmCaAa
ZqJaAa
VoCaAa
LvEbAa
XiWbAa
LlFaAa
BpGaAa
HyAaAa
XiGaAa
UnUaAa
DrAaAa
FpRbAa
ZvPaAa
SoYaAa
RgKaAa
StCaAa
DxLaAa
PwIaAa
MzQbAa
FgHaAa
TkFaAa
RfDaAa
OlCbAa
WqEbAa
RmJbAa
ZgCaAa
KcIbAa
BmVbAa
XbEaAa
AtTaAa
FoIbAa
TbSbAa
TaIaAa
VfGbAa
FtIaAa
EeObAa
PyRaAa
LfBaAa
DiXaAa
ZaPaAa
KdGaAa
CrAaAa
TmAaAa
HvNaAa
AzAaAa
NnEbAa
TjAaAa
RmCaAa
UjAaAa
PfIaAa
EuDaAa
SiJbAa
YnPaAa
ElBaAa
WqIbAa
VsIbAa
MtKaAa
ReSaAa
EeCaAa
BuMbAa
NaEaAa
HrQaAa
ZlQbAa
FeBbAa
PeAaAa
VaObAa
UaXaAa
PhBaAa
PwUaAa
OdEbAa
LqAaAa
LrSaAa
YiIbAa
EyNbAa
QlBbAa
UpFbAa
PuJbAa
VpUaAa
KcFaAa
KvAaAa
LsLaAa
NkAaAa
BqJbAa
MbLbAa
QcBaAa
QeAaAa
QfTaAa
RxLbAa
YsCaAa
VmHbAa
SoBaAa
QhBaAa
UnNaAa
FeCaAa
NdWaAa
QcEaAa
QnTaAa
BxDaAa
OjJaAa
LrSbAa
PfTaAa
IcLaAa
DhPaAa
HzFaAa
NkCaAa
DrAaAa
BdPaAa
WlUbAa
ArVaAa
NrBaAa
GbTbAa
DxFaAa
QfIbAa
TkFaAa
PjSbAa
JaSbAa
EdYbAa
AtTaAa
WdAaAa
FtRbAa
BjAaAa
YeDaAa
OjJaAa
GaNaAa
IeWbAa
GiAaAa
FxBaAa
IxQaAa
DoSbAa
ErUaAa
EaAaAa
OhCbAa
RaDaAa
RoJbAa
OoDbAa
PhZaAa
VaAaAa
YkHaAa
KuCaAa
JbGaAa
VaAaAa
WeHaAa
ObAbAa
MjZbAa
KcFaAa
RrVaAa
CsPbAa
ZrRaAa
IvXbAa
RmYaAa
QfIaAa
RbLaAa
DoSbAa
HqTaAa
EeCaAa
ZqTaAa
BjBaAa
KcSbAa
FiRaAa
TyNaAa
RcSaAa
ZlAaAa
OxGbAa
HlCaAa
EgEaAa
QdWbAa
OhBbAa
FpEaAa
UkRaAa
QnTaAa
HfKaAa
BnLaAa
TbUaAa
SpTbAa
EjTbAa
KhQaAa
MdOaAa
RyBaAa
YsCaAa
MrWaAa
BeBaAa
BoYaAa
IcAaAa
KyTaAa
UpFbAa
UeYaAa
NmRbAa
GaFaAa
BzJaAa
VfGbAa
DlGbAa
UsKaAa
CjCaAa
WiMbAa
JdEaAa
SlEaAa
KmNaAa
EuDaAa
UmAaAa
MoEaAa
BzJaAa
NaYbAa
MsGaAa
IiNaAa
UqYaAa
LfAaAa
GoNbAa
AnGaAa
DdFaAa
BmSaAa
XrUaAa
PeAaAa
EiRaAa
RyBaAa
AjAaAa
IvObAa
LsFbAa
PbNaAa
TsYbAa
FmOaAa
TgYaAa
YkZaAa
KrSaAa
CrGaAa
FqCaAa
EpEaAa
PjSbAa
AnBbAa
FvHaAa
UwEbAa
RaVaAa
DcIaAa
UsPbAa
GxBaAa
FeCaAa
NnWaAa
SfNbAa
TsSbAa
CkRaAa
HrEaAa
RrZaAa
UrHaAa
GiAaAa
QjEaAa
LyHbAa
BmVbAa
CvBaAa
JfAaAa
TaJaAa
TwEaAa
SfNaAa
PxAaAa
JhKaAa
HyAaAa
DqBaAa
FxBaAa
KrSaAa
BwEaAa
ZgCaAa
CwAaAa
DaAaAa
RmBaAa
FzLaAa
BpHaAa
BnIaAa
ZgCaAa
OkCaAa
XqOaAa
VdFaAa
GkHaAa
ZrPaAa
ImGaAa
UnUaAa
OxAaAa
FpEaAa
WzYbAa
XaAaAa
ImHaAa
TfPaAa
WgOaAa
CqMbAa
GiAaAa
MzQbAa
OqRbAa
XwKaAa
IgIbAa
RfNbAa
BnTbAa
KcPbAa
LcFaAa
ZgIaAa
WoFaAa
QlZaAa
SnBbAa
FiHaAa
LrSaAa
EcLbAa
NaEaAa
BpGaAa
IwZaAa
NhJaAa
HeCbAa
RcBaAa
MlKaAa
UjAaAa
KqGaAa
VoXaAa
SpTbAa
PkKbAa
GwKbAa
DvVbAa
ZaFaAa
YoNbAa
GcAbAa
BjBaAa
IyAaAa
KlQaAa
OhBbAa
DkKaAa
NzYaAa
AfLaAa
HrPaAa
VrIaAa
FwKaAa
QpAaAa
IhKbAa
CdAaAa
UzObAa
UiKaAa
CcDaAa
HsOaAa
KyTaAa
SfUaAa
IzUaAa
ImGaAa
PhBaAa
HlCaAa
XvYbAa
KqBbAa
NvKaAa
TzHbAa
ImBbAa
KnObAa
RnTaAa
HfFaAa
TuXaAa
KbUbAa
MpXbAa
MdJaAa
TaDaAa
DeHaAa
MwBaAa
GkMbAa
DsEbAa
NkAaAa
NnEbAa
TbCbAa
BqMaAa
TcDbAa
LcUaAa
TiLbAa
TpHaAa
QyBaAa
MnWaAa
OjMbAa
WiHaAa
MoNaAa
CpBbAa
DyEaAa
EbBaAa
BzJaAa
SaDaAa
AuAaAa
VhTbAa
EbNbAa
ClTbAa
PvDaAa
ZsVaAa
VaTaAa
VdAaAa
HxIaAa
DqYbAa
OcMaAa
BaAaAa
LsLaAa
RbFaAa
IcAaAa
KcAaAa
HuGbAa
CqMbAa
DeGaAa
JfSaAa
BiKaAa
DlDaAa
TzAaAa
JgLaAa
EcLbAa
YaFaAa
GiAaAa
DlGbAa
FeEbAa
MkAaAa
PxAaAa
DoXaAa
HxHaAa
YiTaAa
DeHaAa
PeKaAa
FeIaAa
RbPaAa
LxEaAa
HrQaAa
KzWaAa
AmAaAa
LdYaAa
MbLbAa
EcOaAa
AnGaAa
AzAaAa
YvQaAa
UjBaAa
PjCbAa
WgBaAa
JcPaAa
TvFaAa
PfCaAa
NqKbAa
ClTbAa
VeHaAa
FfFaAa
WvHbAa
ZaFaAa
MdOaAa
WdAaAa
EsCbAa
CmRaAa
YaFaAa
LaKaAa
QzKaAa
CcCaAa
SlYbAa
JdEaAa
UmFaAa
TjLaAa
NoDbAa
MwBaAa
MkAaAa
QgKbAa
EvGaAa
OfAbAa
XgZaAa
IiAaAa
GsCaAa
GiBbAa
YbTbAa
RyBaAa
UbCbAa
BvBaAa
WzYbAa
FmOaAa
WeWaAa
AaQaAa
NvYaAa
UeDbAa
WqEbAa
HwKaAa
DqMbAa
AlLaAa
OaTbAa
TxVbAa
HuVaAa
FzLaAa
RfNaAa
FeIaAa
JyLbAa
OjMbAa
AjNbAa
RfNbAa
TkXaAa
CeRaAa
XoJaAa
VjUaAa
KbDbAa
MhWaAa
TjAaAa
QrJaAa
IcAaAa
ZvPaAa
WgGaAa
DgMbAa
TcGaAa
GjGbAa
DgAaAa
CdAaAa
IzUaAa
BwEaAa
YiIbAa
AjAaAa
IiAaAa
PeAaAa
KiCaAa
CaAaAa
VqBaAa
FcOaAa
JrXaAa
LqLaAa
NkAaAa
PeKaAa
QcEaAa
QtTbAa
RoJbAa
OcMaAa
MkUaAa
PeAaAa
BhCaAa
BxDbAa
KmEaAa
DmWaAa
OkCaAa
CxFaAa
InBaAa
BaAaAa
YsBaAa
RmCaAa
NnAaAa
CwXaAa
KhDbAa
CjCaAa
OqNaAa
RiFbAa
FvGaAa
MhWaAa
PxKaAa
WiWaAa
BiDbAa
PrOaAa
CjBaAa
BxTaAa
UhVaAa
CoObAa
CxFaAa
IeWbAa
IhFbAa
RfNbAa
LpMbAa
XtIaAa
JaPaAa
VbKaAa
EvFbAa
TpHaAa
HbSaAa
LdCaAa
SkFaAa
YrRaAa
XdAaAa
XqCbAa
RoDaAa
CdPaAa
YvQaAa
QdWbAa
TyNaAa
ItEaAa
McNbAa
GxXbAa
DdFaAa
MwCaAa
HzGaAa
RmCaAa
CpGaAa
CgYaAa
UtBbAa
ZvNaAa
FyVaAa
OjXbAa
UeMbAa
TjAaAa
SlVaAa
DaAaAa
CrAaAa
GmPbAa
AfWbAa
ZlAaAa
PyRaAa
XmOaAa
KbDbAa
WlBaAa
QfIbAa
WgGaAa
TpBbAa
RtJaAa
QwUaAa
IwZaAa
OgQbAa
RyPaAa
RcBaAa
AaQaAa
PwUaAa
ZvJbAa
PmQbAa
LvEbAa
LdCaAa
ZsCaAa
VgRaAa
DbKaAa
LdCaAa
TsSbAa
CaXaAa
FbBaAa
EgVbAa
KmEaAa
NhJaAa
PjGaAa
VsMaAa
BpGaAa
LdHaAa
CdAaAa
SfUaAa
QjEaAa
MpHbAa
GbTbAa
ImHaAa
JcAaAa
IiNbAa
LdHaAa
JjFaAa
EaLbAa
PhZaAa
CaAaAa
DjUaAa
LtXaAa
GjQbAa
HrQaAa
VdAaAa
UcJaAa
DgMbAa
BgYaAa
KmEaAa
KqAaAa
FgAaAa
SkFaAa
BcRaAa
WgEaAa
BmSaAa
XbEaAa
FjMaAa
ZkBbAa
MwBaAa
NcKaAa
DlGbAa
PjSbAa
QwJbAa
SxDaAa
VvRbAa
EcLbAa
RfNaAa
MfRaAa
TvFaAa
WcLbAa
JzQaAa
GiAaAa
NoRbAa
HlKbAa
DgMbAa
WoWaAa
GbTbAa
CuSaAa
OpOaAa
ImHaAa
KiDaAa
BdPbAa
AhNaAa
InMaAa
WcIaAa
YeIaAa
QlZaAa
RzLbAa
KfAaAa
ZwLbAa
FiJaAa
ZlAaAa
GxYbAa
VaXaAa
AhCaAa
CwSaAa
ZaPaAa
DpUaAa
AfWbAa
HiEaAa
NsHaAa
DxLaAa
NlEbAa
YmCbAa
NwFbAa
QcEaAa
PhBaAa
WpRbAa
LrObAa
CeGaAa
OpFaAa
QlTaAa
GoKaAa
DsEbAa
WlUbAa
LtXbAa
ZvNaAa
RnTaAa
MuFbAa
SlVaAa
RiFaAa
BnLaAa
PrOaAa
NhVbAa
IiNbAa
MkAaAa
MhMbAa
ZnBaAa
MfRaAa
EaLbAa
GrNaAa
LkDaAa
FeBbAa
KfAaAa
BaAaAa
OgQbAa
BqMaAa
ViWaAa
MdVbAa
ImGaAa
VaAaAa
VqXbAa
GkHaAa
NnAaAa
WcLbAa
JkIaAa
DgAaAa
XeTaAa
JfAaAa
KyAbAa
MiGbAa
FwKaAa
RfNbAa
YiWbAa
KhQaAa
LcUaAa
RsUaAa
QfDaAa
ImBbAa
MsLbAa
KvAaAa
SoBaAa
WlDaAa
FsBaAa
KcFaAa
QaQbAa
MkAaAa
MkBaAa
MfGaAa
BfWbAa
GoIbAa
IfKaAa
LyVbAa
AuEaAa
ReSaAa
CoCaAa
VuMaAa
FsBaAa
IwDaAa
VlDaAa
KmEaAa
YsCaAa
GmPbAa
MsHaAa
CwAaAa
RdSbAa
VzMbAa
ZlAaAa
IhFaAa
ShDaAa
HzRaAa
PwHaAa
QfIbAa
GkBbAa
CbCbAa
UrAbAa
RoMaAa
BmSaAa
UoCaAa
KqGaAa
VaAaAa
SlYbAa
IhFbAa
QaVaAa
QcBaAa
TkFaAa
KqAaAa
BfPaAa
FyNbAa
WoOaAa
XeCaAa
DgAaAa
ItAaAa
TgXaAa
BsDaAa
MaNbAa
XxGaAa
TsYbAa
PbAaAa
QfIbAa
UeMbAa
JfAaAa
WdAaAa
FiOaAa
MjZbAa
TcDbAa
YvQaAa
LbIaAa
MrWaAa
VaAaAa
RrZaAa
PmBaAa
BwEaAa
IiAaAa
LjKaAa
KdQaAa
VlDaAa
PyRaAa
YlMaAa
UpFbAa
PfTaAa
GmWbAa
FvGaAa
XiWbAa
KqGbAa
AuWbAa
CzDaAa
TiKaAa
InBaAa
CsMaAa
XxCaAa
NkCaAa
IkEaAa
MuLaAa
KfAaAa
PvDaAa
JcAaAa
OjHaAa
DlGbAa
JpMaAa
YsCaAa
NbXaAa
CeRaAa
KmEaAa
WhPaAa
TcHaAa
KfAaAa
PmBaAa
NaYbAa
GmWbAa
XgEaAa
SfWbAa
KrObAa
VfGbAa
NhVbAa
SpZaAa
AjIaAa
MaNbAa
FmOaAa
BfPaAa
RbHbAa
XxXbAa
RlTaAa
YrNaAa
HqFaAa
KlObAa
BjAaAa
KpYaAa
KvAaAa
ImHaAa
FsBaAa
FzFbAa
HjRbAa
MkUaAa
LaCbAa
WgOaAa
CaAaAa
ImBbAa
SlNaAa
ZvNaAa
EsWaAa
IhKbAa
XxGaAa
TrIaAa
VuKaAa
SbFaAa
DgJaAa
RbPaAa
JzIaAa
CjBaAa
ChLaAa
TkFaAa
PhTaAa
PeAaAa
BcRaAa
OqNaAa
PkRbAa
FwKaAa
JkIaAa
YaFaAa
ZaBbAa
ElBaAa
GfKbAa
AuPaAa
MkAaAa
RwPaAa
CkRaAa
PkMaAa
EiRaAa
PxAaAa
UsPbAa
BjBaAa
NlOaAa
LdDbAa
LbIaAa
UrHaAa
RhIaAa
DlGbAa
VqMbAa
BaIaAa
BmSaAa
VwAaAa
WlDaAa
JzQaAa
EuDaAa
IbHaAa
DzVbAa
ByNaAa
IwDaAa
BfZbAa
TrBbAa
XlBaAa
BxAbAa
MiGbAa
QbAaAa
PhBaAa
WySaAa
YiIbAa
VkOaAa
BaAaAa
SjIaAa
NvYaAa
WaAaAa
IcAaAa
OyFbAa
NpPbAa
LwCaAa
AzAaAa
CcYaAa
QcSaAa
SnGaAa
PrNbAa
JiPbAa
KdEaAa
MdZaAa
TtBaAa
ZrPaAa
GiCbAa
XzLaAa
OpFaAa
FdKaAa
WdGbAa
CoMbAa
SbFaAa
IgIbAa
ObAbAa
KrXaAa
BxDbAa
NlOaAa
HzGaAa
IpQaAa
TuEaAa
MoAbAa
SxUbAa
EeDaAa
CjBaAa
WqCaAa
TmAaAa
PhBaAa
CxFaAa
XxGaAa
ViHbAa
YnDaAa
JrObAa
LtXbAa
JrXaAa
QyGaAa
QlTaAa
CcYaAa
MkAaAa
TbUaAa
EuDaAa
YfMaAa
FnDaAa
ViHbAa
JcAaAa
EpNaAa
DsIbAa
HtRaAa
BoRaAa
CaXaAa
BaAaAa
DaOaAa
GjRbAa
CcDaAa
WaAaAa
WoYbAa
KvAaAa
AqDaAa
ImTaAa
UuSaAa
XbEaAa
WxFaAa
KpYaAa
PpFaAa
VlDaAa
TpLaAa
FgZaAa
PoLbAa
VaAaAa
WzYbAa
KqBbAa
WgVbAa
KcFaAa
GmWbAa
SoBaAa
MfGaAa
PhBaAa
QtJaAa
ZaFaAa
EjGbAa
UoCaAa
GnDaAa
FqWaAa
XuDaAa
XiGaAa
RmCaAa
PfDaAa
YyOaAa
EyYaAa
ZlAaAa
DxFaAa
KrSaAa
OxAaAa
ZrPaAa
GjQbAa
PjEbAa
NhHaAa
HmCbAa
BnLaAa
HgCbAa
NbOaAa
NaYbAa
CqMbAa
JjSaAa
BjAaAa
MwBaAa
AhNaAa
XdKaAa
PuUaAa
VyKbAa
MsHaAa
DvCaAa
WlUbAa
BvTaAa
IiBaAa
SxDaAa
ZxHaAa
OiUbAa
UtFbAa
LfAaAa
HiEaAa
PkMaAa
AfLaAa
TgXaAa
OwGaAa
HcNaAa
IiBaAa
NaYbAa
BjNbAa
MjAbAa
LsFbAa
MqFbAa
VhPaAa
JiBaAa
JzQaAa
MkAaAa
ZtRaAa
GqJaAa
ZfKaAa
BmObAa
WgOaAa
KqGbAa
JiBaAa
XkPbAa
JoVaAa
XlBaAa
UrHaAa
EyYaAa
VgEbAa
LfBaAa
QsQaAa
TgQaAa
LsFbAa
RiSaAa
ScHaAa
IxJbAa
EnUbAa
ZrJbAa
SpZaAa
TbCbAa
IxQaAa
UiAbAa
DjCaAa
UiQaAa
XdKaAa
AgKaAa
BiDbAa
EbBaAa
CcYaAa
IfKbAa
EsYaAa
JyLbAa
BjAaAa
TmAaAa
ObAbAa
FjMaAa
YiTaAa
BpGaAa
CcCaAa
BaAaAa
KyDaAa
DoSbAa
CeEaAa
FiJaAa
YaEbAa
XhMaAa
RmCaAa
AhNaAa
FiOaAa
HdKbAa
OzMaAa
ZaPaAa
KmNaAa
MdOaAa
QbAaAa
AiFaAa
AfPbAa
YgCbAa
MuBbAa
FgZaAa
VaAaAa
XfMaAa
AmAbAa
FiEbAa
EcWaAa
RpVaAa
EqCaAa
WyNbAa
OjHaAa
NoDbAa
ZnBaAa
DsEbAa
EtIaAa
MjZbAa
XlPaAa
BcGaAa
GzCaAa
CeXaAa
ZgCaAa
JzBaAa
PsAaAa
PhZaAa
KfAaAa
JcAaAa
XtIaAa
GxFbAa
ItPaAa
CwAaAa
UnNaAa
BxJaAa
YbBaAa
QyBaAa
ViHbAa
TpTbAa
AnGaAa
KyDaAa
EeDaAa
BmVbAa
HvNaAa
SuEaAa
GeIaAa
LsFbAa
UhVaAa
ShDaAa
CiLbAa
FmEbAa
PjWbAa
NbLbAa
AhCaAa
BjAaAa
AfLaAa
NlEbAa
MhObAa
CjBaAa
XkPbAa
CxFaAa
KdGaAa
KyTaAa
PfDaAa
SpTbAa
CqMbAa
KdRaAa
ViHbAa
CmRaAa
RyBaAa
FfMaAa
FbEaAa
YlMaAa
BpGaAa
VaJbAa
UcJaAa
PhBaAa
XjMaAa
ZgCaAa
IcLaAa
DlGbAa
HyAaAa
ZlCaAa
EbBaAa
GyGbAa
TqMaAa
OsAaAa
MeTbAa
WdAaAa
QyJbAa
JuKbAa
AzAaAa
XkPbAa
DzTaAa
FgBbAa
WlBaAa
AmAaAa
FsYaAa
ImTaAa
XiWbAa
BaAaAa
MoAbAa
RoDaAa
XmCbAa
NzYaAa
WaAaAa
VdFaAa
YqJaAa
JcAaAa
VdAaAa
KhQaAa
FlPaAa
CcDaAa
NlOaAa
RiFaAa
VcIaAa
IcAaAa
EeZaAa
JfAaAa
CcYaAa
JbGaAa
VhPaAa
TdPaAa
WwTbAa
NzYaAa
GlAaAa
DoXbAa
NdIaAa
HvJbAa
UeGaAa
LtDaAa
YiCbAa
EtIaAa
MtKaAa
TsDaAa
PyFaAa
EnRbAa
ZgCaAa
GkJaAa
XvHaAa
WcLbAa
OwGaAa
WmIbAa
KhQaAa
DsIbAa
SiJbAa
KqBbAa
AhDaAa
EaLbAa
WwGbAa
UhGbAa
YoNbAa
QgKbAa
DdAaAa
OeVaAa
TcHaAa
OyFbAa
WoEbAa
XnQbAa
GoIbAa
AbBbAa
HqTaAa
HiEaAa
EyNbAa
ReAaAa
KqBbAa
CoMbAa
OaTbAa
XxXbAa
OaEaAa
NrXbAa
CqMbAa
PmPaAa
VjCaAa
KqBbAa
GkJaAa
DhTbAa
AjAaAa
LvSaAa
MaNbAa
XeBbAa
MpXbAa
OlCbAa
OxMaAa
PySbAa
ZaPaAa
EbNbAa
FvGaAa
ChUaAa
BhLaAa
TsYbAa
ZrEaAa
ZaFaAa
ZlCaAa
DaAaAa
EeDaAa
BgYaAa
EaWaAa
UmAaAa
FxFbAa
RyBaAa
ZaBbAa
RtBaAa
FxFbAa
UoCaAa
HkWbAa
XvYbAa
ZgCaAa
PhBaAa
WaAaAa
VdAaAa
QfCaAa
KyTaAa
FvYbAa
BgYaAa
JzHaAa
LzNaAa
DaXaAa
HkTaAa
GbMaAa
LyBbAa
ZzFaAa
GzCaAa
GzCaAa
AlLaAa
QiRbAa
JpSaAa
EuYaAa
IgIbAa
SiJbAa
ZlAaAa
QrJaAa
PvDaAa
NyLaAa
OxAaAa
FgOaAa
SyPaAa
CdAaAa
SlYbAa
KvPbAa
QyBaAa
BaRaAa
ZsBaAa
GzCaAa
OxGbAa
EpEaAa
BjAaAa
McNbAa
LyBbAa
PmPaAa
TsSbAa
AfLaAa
UzObAa
NlOaAa
EtIaAa
DxLaAa
OaSaAa
ZaBbAa
FtIaAa
WyMaAa
KdEaAa
HsOaAa
VwEbAa
YpPaAa
RjNaAa
BjBaAa
HlAaAa
MkBaAa
SfUaAa
AqDaAa
UuMaAa
YfKbAa
ZgIaAa
OfAbAa
PhBaAa
KiBaAa
GvIaAa
OhHbAa
ZgCaAa
UnNaAa
HtJbAa
ImHaAa
ZcNaAa
ZrEaAa
MdCaAa
GmPbAa
JzHaAa
ElBaAa
UzObAa
JpDaAa
TgXaAa
QsJbAa
OfHbAa
DaWaAa
IbHaAa
UlUaAa
WzYbAa
MuGaAa
BqMaAa
EyNbAa
YoNbAa
MtYaAa
OpFaAa
AlTaAa
NwBaAa
JnYaAa
PhBaAa
EuDaAa
OzEaAa
DjCaAa
EpEaAa
AxDaAa
DgJaAa
QsQaAa
TaIaAa
MhWaAa
AuWbAa
ImGaAa
GjUbAa
KvPbAa
NwFbAa
ZgIaAa
MdVbAa
EuDaAa
KbCaAa
OxAaAa
QcSaAa
RgJbAa
HrEaAa
FzLaAa
YiMbAa
SxDaAa
MfGaAa
DdFaAa
GiAaAa
KvPbAa
TpHaAa
YaFaAa
LwCaAa
ImBbAa
JxNaAa
QyBaAa
KhQaAa
ZgCaAa
WoFaAa
EaLbAa
WoYbAa
TeBaAa
LtXbAa
GxBaAa
FiOaAa
ZaPaAa
PqEaAa
FfMaAa
RrZaAa
FbBaAa
BtFaAa
HlLbAa
NhAaAa
OeFaAa
EcTaAa
BnGaAa
TjVaAa
ExCaAa
UhGbAa
KfAaAa
ZsOaAa
EnGbAa
FmOaAa
DaOaAa
DrDbAa
GjQbAa
FxBaAa
PsUaAa
OjJaAa
GfMaAa
RyPaAa
DmFaAa
PeAaAa
EpEaAa
QpAaAa
VgRaAa
ImBbAa
PbAaAa
TfPaAa
MlHbAa
CyNaAa
PzYaAa
CxFaAa
ZmZaAa
MkAaAa
QuJbAa
RoMaAa
HtAaAa
QcSaAa
MoEaAa
RjNaAa
XfMaAa
WuCbAa
QzKaAa
TsYbAa
HqFaAa
IkEaAa
RnHaAa
AfPbAa
KrYbAa
GkJaAa
CeGaAa
JpSaAa
RgKaAa
NkAaAa
VuKaAa
KtXaAa
DgAaAa
CeRaAa
KmEaAa
KfAaAa
CjCaAa
EnUbAa
QcSaAa
PgFaAa
HsOaAa
VcWaAa
FeCaAa
KdGaAa
EeDaAa
WoKaAa
WqEbAa
NwBaAa
OmDaAa
OtNbAa
BvBaAa
PfTaAa
PeAaAa
EoFaAa
ZhFaAa
MlHbAa
NcKaAa
OpCbAa
GjUbAa
FjGbAa
GwKaAa
GeEbAa
RwQaAa
TdPaAa
GcAbAa
LaIbAa
EuDaAa
BmVbAa
KfAaAa
YbTbAa
GnQbAa
UdPaAa
JyJaAa
MhMbAa
CxFaAa
YhRbAa
WdYbAa
MxSaAa
XtIaAa
TmAaAa
RmCaAa
XjMaAa
SxDaAa
MfRaAa
EsWaAa
WgGaAa
KuCaAa
JqAaAa
SkDbAa
FvYbAa
HbTbAa
NlEbAa
YsCaAa
DcDaAa
WoCaAa
PfDaAa
LqHaAa
DhPaAa
BmCaAa
EbBaAa
SxUbAa
QcBaAa
FvHaAa
WjPaAa
YbKbAa
LlFaAa
VyKbAa
PmPaAa
PfCaAa
PfIaAa
ImHaAa
LyBbAa
UjBaAa
QlGaAa
AmAaAa
LdCaAa
WrUaAa
MfGaAa
KyTaAa
BkYaAa
BvBaAa
MwBaAa
OhHbAa
CaXaAa
TzAaAa
RwPaAa
TyNaAa
UzObAa
CaYaAa
SfUaAa
GqJaAa
ToBaAa
CcDaAa
AjIaAa
XvGaAa
VoWaAa
DpUaAa
PyFaAa
WgOaAa
ZtQaAa
ZvPaAa
JfAaAa
VvRbAa
MaNbAa
VsIbAa
TsDaAa
GcVbAa
FeCaAa
GaFaAa
CaXaAa
JaSbAa
CxFaAa
DlGbAa
ZiEaAa
RmCaAa
CtBbAa
WaAaAa
ZkZaAa
PeAaAa
NlEbAa
BaQaAa
MwBaAa
GkJaAa
MxIbAa
EeZaAa
EnRbAa
BpHaAa
IhFbAa
FnDaAa
ZlCaAa
GaFaAa
UmFaAa
RoDaAa
AhNaAa
RbFaAa
ZtRaAa
ByNaAa
PhBaAa
GbSaAa
UwSaAa
LzNaAa
StFaAa
SqSaAa
ArFaAa
ZgCaAa
BzJaAa
DiXaAa
TrIaAa
CuSaAa
UeRaAa
SoRaAa
FxFbAa
XuDaAa
MnFaAa
EbBaAa
SfWbAa
CsPbAa
TjVaAa
JfAaAa
UrKbAa
FgBaAa
EsCbAa
MzKbAa
IhFbAa
NeQbAa
ZuOaAa
JnQaAa
ZaPaAa
HuOaAa
EuMaAa
DmWaAa
UjBaAa
PfTaAa
XxXbAa
TaIaAa
RgKaAa
McUaAa
RcFbAa
TrIaAa
LrKaAa
NeFaAa
YfKbAa
NaEaAa
GrNaAa
RjNaAa
LsDbAa
VpUaAa
SaDaAa
HyKaAa
CcDaAa
SfIbAa
WeZaAa
AgJbAa
OeVaAa
MnWaAa
PjSbAa
IoZaAa
XxXbAa
CzUbAa
MzKbAa
RaGaAa
ZgCaAa
CqMbAa
MsIaAa
KbDaAa
XoJaAa
NoRbAa
KnCaAa
PnWbAa
VwMaAa
DiXaAa
AlEaAa
EeHaAa
UeRaAa
OpKaAa
ScRbAa
WwGbAa
JrDaAa
OeKbAa
HoNbAa
TaRaAa
WxCaAa
UmAaAa
GcAbAa
ZgCaAa
VqXbAa
UnUaAa
MkAaAa
UcJaAa
LyHbAa
BaAaAa
DsSaAa
MvMaAa
UuMaAa
FjMaAa
HhFaAa
KyTaAa
DgAaAa
TkFaAa
IiBaAa
ZaPaAa
LuAbAa
ZvNaAa
VgRaAa
FiJaAa
BuAaAa
QeUbAa
TkXaAa
FbEaAa
MkAaAa
LdDbAa
HxUaAa
QcEaAa
WoOaAa
WaAaAa
ToXaAa
KmEaAa
BdPaAa
TqSaAa
CkRaAa
JrObAa
EbBaAa
ZlAaAa
OcMaAa
HlAaAa
JxNaAa
IcAaAa
WqEbAa
JgNbAa
UdUaAa
WaAaAa
KkYbAa
PeMaAa
HxIaAa
NeFaAa
PmQbAa
ZvPaAa
KfAaAa
LjKaAa
DjUaAa
TvFaAa
TsYbAa
KfAaAa
LgTbAa
PyRaAa
ZzGaAa
VaAaAa
FeBbAa
RiSaAa
JyJaAa
QlGaAa
GbTbAa
PjWbAa
AuEaAa
UzObAa
AxDaAa
DrAaAa
MkAaAa
DvLaAa
ToBaAa
VgEbAa
AnBbAa
FgAaAa
GjRbAa
PqEaAa
RfNbAa
JfAaAa
XpEaAa
MnFaAa
KfAaAa
QcBaAa
EmKaAa
XiEbAa
MoEaAa
UrAbAa
UoCaAa
NcKaAa
UlUaAa
OfEaAa
HvNaAa
MlKaAa
JiBaAa
HkWbAa
AfLaAa
TwEaAa
ShDaAa
JuUbAa
MtXbAa
TzAaAa
PhBaAa
EuDaAa
BxJaAa
ZsBaAa
BmSaAa
BnTbAa
JdBaAa
YnDaAa
CsMaAa
KyTaAa
MdVbAa
KvEaAa
DhTbAa
DjDaAa
TsDaAa
FqCbAa
EgVbAa
ImHaAa
MhMbAa
BaAaAa
PuJbAa
GzCaAa
PhBaAa
QnTaAa
JqAaAa
EuDaAa
BaAaAa
RfNaAa
CrAaAa
VyKbAa
MzQbAa
MbTaAa
GqJaAa
BlEaAa
CmXaAa
YnDaAa
QzKaAa
TrGbAa
EuDaAa
ShCaAa
RcFbAa
OzEaAa
AmAaAa
TaDbAa
BxJaAa
VzDaAa
HsOaAa
ElGbAa
FnDaAa
StFaAa
KsBbAa
LfAaAa
PjEbAa
InMaAa
XeBbAa
EpNaAa
AyQaAa
LlFaAa
RyPaAa
RtZaAa
EbNbAa
QjEaAa
IgDaAa
FlPaAa
TgYaAa
DdAaAa
PwHaAa
ZaBbAa
DeHaAa
EqCaAa
BsYbAa
RvJaAa
XaAaAa
CjLaAa
LhYaAa
LpBaAa
NaEaAa
TkFaAa
MtYaAa
YpEaAa
FxBaAa
BiKaAa
VdAaAa
TyNaAa
QdWbAa
HdKbAa
CrBbAa
UsPbAa
EgVbAa
VwMaAa
DhTbAa
VjCaAa
SaDaAa
XoCbAa
TgYaAa
UrLaAa
PwObAa
NhAaAa
RlTaAa
CdAaAa
UjAaAa
CkRaAa
DuMaAa
DaYaAa
JmLaAa
HlAaAa
EnUbAa
QcEaAa
IeWbAa
GyGbAa
OjJaAa
ZaFaAa
TrIaAa
CwAaAa
QlTaAa
FwKaAa
TxVbAa
PaSaAa
QvDaAa
CrAaAa
NwFbAa
OpFaAa
LsFbAa
OfHbAa
WiMbAa
GlAaAa
EvCaAa
OaGbAa
EpEaAa
EbNbAa
UhVaAa
RbFaAa
SfWbAa
MkBaAa
JtAaAa
HvUaAa
UhVaAa
MdJaAa
CmObAa
JuUbAa
JuKbAa
DiObAa
FgBbAa
ThDaAa
YiIbAa
NhAaAa
MmEaAa
UaJbAa
EtGaAa
MuBbAa
ZlAaAa
VhPaAa
TpLaAa
FmOaAa
VdAaAa
GgCbAa
FvYbAa
TmAaAa
FsBaAa
SvUbAa
MuFbAa
LrKaAa
TiKaAa
DaWaAa
VcWaAa
ZgCaAa
EnUbAa
GbSaAa
FyYaAa
CtBbAa
MtYaAa
UjAaAa
HnKbAa
WeZaAa
CnNaAa
SpTbAa
JqVaAa
MrWaAa
YkBbAa
KdEaAa
DmWaAa
WqEbAa
DdAaAa
DoXbAa
RgKaAa
LqHaAa
KwDbAa
SlEaAa
WwTbAa
YdVaAa
ZuOaAa
OaZbAa
MbTaAa
SfUaAa
FxBaAa
PjSbAa
KjSaAa
TrBbAa
PuJbAa
QaVaAa
BmAaAa
VxLaAa
DsIbAa
OpOaAa
YeIbAa
OlCbAa
FoIbAa
FnDaAa
PeAaAa
VkOaAa
SlVaAa
CnNaAa
DgDbAa
VeHaAa
MtYaAa
XlUbAa
WoKaAa
GxXbAa
NqUbAa
UcJaAa
WyMaAa
ZlAaAa
SzAbAa
TbCbAa
XpLbAa
BiJbAa
KdQaAa
QbLaAa
WjPaAa
PkMaAa
EcLbAa
XeBbAa
GeTaAa
LiUaAa
JaSbAa
MkBaAa
LgTbAa
KzWaAa
ObAbAa
CjBaAa
XhUbAa
PrNbAa
LdDbAa
ZgSbAa
OeKbAa
MfEaAa
QzKaAa
XmOaAa
PpFaAa
WoOaAa
AoJbAa
VuKaAa
FfFaAa
JzHaAa
HkWbAa
MsIaAa
DqBaAa
GnDbAa
JjFaAa
KoIaAa
KyTaAa
OfGaAa
JzIaAa
DaYaAa
AhDaAa
DzDaAa
BsYbAa
TqMaAa
NhAaAa
PyGaAa
HvJbAa
LjObAa
BxTaAa
DgAaAa
GbTbAa
BjLaAa
AmAaAa
PvTbAa
FtIaAa
GjRbAa
BvFaAa
BmSaAa
HtAaAa
JcAaAa
DgJaAa
YaFaAa
WsCbAa
QeAaAa
GmWbAa
NlOaAa
ToHbAa
HlCaAa
ZnDaAa
XkCbAa
HzFaAa
CdAaAa
TgYaAa
GjMaAa
UhGbAa
LjKaAa
VcIaAa
UeRaAa
TiKaAa
JfAaAa
ScHaAa
QhSbAa
PfDaAa
FzLaAa
XlPaAa
HiBbAa
QnTaAa
NpXbAa
WgBaAa
UoCaAa
WgBaAa
DpUaAa
EbBaAa
VkOaAa
OtNbAa
SiJbAa
MaNbAa
HvJbAa
UeMbAa
MkAaAa
CuSaAa
VaAaAa
LkVaAa
CcYaAa
ZgCaAa
LdCaAa
DoXbAa
TdPaAa
PsAaAa
WdAaAa
XgZaAa
AjAaAa
BpGaAa
YeCaAa
EtIaAa
YaFaAa
OkAaAa
IxQaAa
FbYbAa
LdCaAa
EgBaAa
QySbAa
DsEbAa
JcAaAa
RiSaAa
AuWbAa
TzJaAa
UoCaAa
TvFaAa
CwAaAa
RyIaAa
XpEaAa
EyYaAa
FuDaAa
ZsOaAa
RdSbAa
OaSaAa
RdSbAa
DuSaAa
IcAaAa
PrOaAa
FsBaAa
QcSaAa
YrNaAa
FvHaAa
WoFaAa
FiOaAa
FvYbAa
GlAaAa
EeDaAa
FmOaAa
EuDaAa
XxGaAa
CaAaAa
HlAaAa
VpQbAa
ZgCaAa
FxCaAa
OhOaAa
AhNaAa
IxQaAa
VrAaAa
XzLaAa
AyHaAa
TmObAa
KdQaAa
EeCaAa
NkAaAa
LsLaAa
LgPaAa
NfOaAa
CbSbAa
NoRbAa
ImTaAa
PjSbAa
LsLaAa
VaOaAa
WrUaAa
ZqTaAa
YbEaAa
LmNaAa
OhCbAa
EbBaAa
ZzGaAa
CaAaAa
MgYbAa
ZeNaAa
LsDbAa
WlDaAa
AzAaAa
HgIaAa
MvMaAa
RjNaAa
ByNaAa
QcBaAa
TqMaAa
TxUbAa
QcEaAa
DjCaAa
WwAaAa
FbEaAa
FeCaAa
WsCbAa
KnObAa
RcBaAa
KcFaAa
GiAaAa
BnTbAa
RpVaAa
GhQbAa
CaAaAa
OwGaAa
AvTaAa
UrIaAa
ViWaAa
BjBaAa
NeFaAa
YgEaAa
MfRaAa
FnDaAa
CcGaAa
WyMaAa
LtDaAa
FsBaAa
KnCaAa
CuSaAa
JzHaAa
OpPbAa
FlGbAa
LtDaAa
HrJbAa
BfLaAa
HlLbAa
MsHaAa
ImGaAa
HxUaAa
RfSbAa
NwBaAa
FrUaAa
VrAaAa
VuCbAa
GlAaAa
WzYbAa
BqJbAa
DuEbAa
PjZaAa
WdGbAa
TjVaAa
IkEaAa
EdGbAa
RbPaAa
QfIbAa
UkFaAa
PxKaAa
EbBaAa
JaSbAa
DlGbAa
KsBbAa
LsFbAa
IiAaAa
MzKbAa
AfPbAa
JxQaAa
JkNbAa
RyBaAa
LdDbAa
ZhFaAa
SfPbAa
ZqTaAa
UcJaAa
MvMaAa
FjPaAa
MlHbAa
VaAaAa
PuUaAa
LgTbAa
BjAaAa
HxHaAa
FtIaAa
GlAaAa
SrZaAa
IxHaAa
SuEaAa
VyEaAa
MwBaAa
VkOaAa
RmCaAa
MoIaAa
PuJbAa
VhPaAa
OzEaAa
LvSaAa
CaAaAa
XaAaAa
BiKaAa
DjUaAa
MzQbAa
RzLbAa
CcDaAa
KrSaAa
FsBaAa
JcAaAa
MjZbAa
KcFaAa
HsOaAa
FeTaAa
GkHaAa
ZtRaAa
BiKaAa
CsSbAa
EbNbAa
HzGaAa
EgGaAa
KmEaAa
VeHaAa
WgOaAa
UaJbAa
BsDaAa
KxPbAa
CzJaAa
VcWaAa
RdSbAa
SlNaAa
DgAaAa
GwVaAa
MtYaAa
DjTbAa
KqIaAa
ZgIaAa
UoCaAa
LiDaAa
NvCbAa
KzWaAa
GiGaAa
HzRaAa
IyAaAa
SiJbAa
VoWaAa
AkQbAa
AjAaAa
GgEaAa
KpYaAa
VvFaAa
EaRbAa
OdWaAa
DbKaAa
UnEaAa
QmLbAa
JmLaAa
EkKaAa
GaNaAa
NoUbAa
QtJaAa
IzFaAa
DiYaAa
KoIaAa
QpAaAa
JcAaAa
ZgWbAa
GzCaAa
GiEbAa
PuNaAa
JzQaAa
DyEaAa
LbCaAa
JqAaAa
HqNbAa
FzLaAa
DxCaAa
EpEaAa
KfAaAa
LtXbAa
OxAaAa
EsYaAa
CrAaAa
FsBaAa
KdGaAa
NhEbAa
ZkWbAa
CwAaAa
GiAaAa
MkAaAa
IxQaAa
LqLaAa
PjEbAa
QwQaAa
TyNaAa
UrLaAa
YoNbAa
XvYbAa
BpGaAa
MfRaAa
RcBaAa
KcAaAa
SoBaAa
DgAaAa
FgBbAa
RaDaAa
EpEaAa
WrUaAa
NzYaAa
MoEaAa
RxLbAa
RwNaAa
GzCaAa
SvTaAa
VwAaAa
TsMbAa
HuOaAa
DgAaAa
NhAaAa
GxBaAa
NlEbAa
MtDaAa
BbSbAa
XqOaAa
GlAaAa
AvZaAa
MsAbAa
MoNaAa
RbPaAa
PjEbAa
XbEaAa
VoWaAa
NhHaAa
CqYaAa
WdAaAa
HnBaAa
AxDaAa
HwVaAa
ZsCaAa
BzJaAa
BvKbAa
IeWbAa
OsUaAa
BkYaAa
RvJaAa
UzBbAa
DhPaAa
KnCaAa
CaJaAa
BzJaAa
NoDbAa
PbAbAa
ToXaAa
MlHbAa
PhBaAa
UbUaAa
BwEaAa
SaQaAa
HtRaAa
JnYaAa
VeMbAa
ZaHbAa
HfKaAa
VaOaAa
FsBaAa
JoZaAa
IgCaAa
WgJaAa
JcPaAa
LfAaAa
YxBaAa
BxJaAa
HrEaAa
PpIbAa
TdUaAa
BeBaAa
JpJbAa
LdCaAa
WiMbAa
HlLbAa
TjVaAa
IdSaAa
DsEbAa
TbCbAa
YrNaAa
LtXbAa
WuIbAa
WoOaAa
VrHaAa
DpUaAa
CaAaAa
SkFaAa
HqFaAa
UaUbAa
JjSaAa
QeAaAa
MzKbAa
KlSaAa
LhYaAa
KvPbAa
VdAaAa
FbBaAa
DgAaAa
JkIaAa
BuEaAa
UrHaAa
CeEaAa
GnDaAa
BmAaAa
PeAaAa
UkQaAa
StBaAa
DjTbAa
SuEaAa
PjSbAa
VwAaAa
JbGaAa
HvJbAa
SlNaAa
HyKaAa
OjJaAa
TeBaAa
FgZaAa
FzFbAa
UqYaAa
RnHaAa
KfAaAa
VgRaAa
SmCaAa
OeQbAa
OjHaAa
DgAaAa
WaAaAa
OfAbAa
QjIbAa
VlDaAa
YpNaAa
NkCaAa
KgPbAa
GiAaAa
YeIbAa
VoWaAa
WrUaAa
ZaBbAa
SxUbAa
SuEaAa
TxVbAa
DgAaAa
YsCaAa
HlCaAa
VzDaAa
LqHaAa
VbKaAa
XoFaAa
IiNbAa
BkSaAa
OxAaAa
VhPaAa
TzAaAa
BmObAa
KpYaAa
QfIbAa
CiDbAa
TpLaAa
HyOaAa
PrNbAa
TpHaAa
EpEaAa
CtBbAa
NhJaAa
PfCaAa
XbBaAa
GfKbAa
NbZaAa
BcGaAa
KiDaAa
BmSaAa
IcAaAa
UuMaAa
WoEbAa
KbDbAa
PkMaAa
GwVaAa
TaJaAa
FiEbAa
PeAaAa
FeTaAa
CwAaAa
GmOaAa
OjHaAa
MvMaAa
WiMbAa
QcBaAa
MtKaAa
StCaAa
KwDbAa
WlDaAa
NlXbAa
YvQaAa
TsDaAa
YbKbAa
YyOaAa
QlBbAa
BaIaAa
WoFaAa
MsAbAa
WcTaAa
PfCbAa
ZnBaAa
RiSaAa
FmKaAa
TzAaAa
MyVbAa
OaGbAa
JhKaAa
DiXaAa
PeAaAa
TsDaAa
TzAaAa
FdKaAa
MhYaAa
JkYbAa
BvFaAa
LhXaAa
DwXaAa
CeYaAa
JfSaAa
QcEaAa
KdRaAa
YbSaAa
VaAaAa
TuXaAa
GgCbAa
MyBbAa
OjJaAa
UfPaAa
LtSbAa
JjFaAa
KvMbAa
TwEaAa
QgKbAa
IzCaAa
EcTaAa
ByNaAa
DcDaAa
DdTbAa
OxGbAa
LsLaAa
YgBaAa
VgEbAa
OqUaAa
LsLaAa
XiGaAa
WgEaAa
LiCaAa
KqAaAa
RyPaAa
PySbAa
EcLbAa
ZxHaAa
SpZaAa
ItPaAa
VcDaAa
EuDaAa
FoAaAa
EeVbAa
WoOaAa
QpAaAa
ScRbAa
GxBaAa
CaYaAa
SlNaAa
MxSaAa
YkBbAa
JdEaAa
EeVbAa
VtFbAa
PbNaAa
YsBaAa
MkAaAa
MrWaAa
PuNaAa
KiDaAa
HzCaAa
DlGbAa
XdAaAa
PeAaAa
QcSaAa
CaAaAa
XfMaAa
ZxIaAa
ObAbAa
XxXbAa
SxDaAa
FfQbAa
AzOaAa
WcLbAa
MhMbAa
HxHaAa
ZsCaAa
PyFaAa
WyMaAa
AuEaAa
DgJaAa
RbFaAa
OaEaAa
YbTbAa
OcMaAa
TbUaAa
XoJaAa
ZnDaAa
SvTaAa
LgTbAa
HlAaAa
HyAaAa
GkBbAa
PjCbAa
NnAaAa
GsCaAa
CsYbAa
CjCaAa
JwUbAa
MbLbAa
LzXaAa
RcBaAa
TaIaAa
HqFaAa
ZnDaAa
HrEaAa
DyEaAa
PsAaAa
CeEaAa
IiNaAa
VaAaAa
UvBaAa
NyLaAa
TsDaAa
HfKaAa
MjKaAa
BaAaAa
UeEaAa
UvLaAa
PvDaAa
ZrPaAa
HvJbAa
XkPbAa
RyBaAa
KoIaAa
CeXaAa
KwAbAa
IsTaAa
ItEaAa
KnObAa
AuObAa
CxFaAa
CaXaAa
TjVaAa
YnKbAa
VkOaAa
IcLaAa
TzJaAa
LqLaAa
UoCaAa
MbTaAa
GbTbAa
LxXaAa
YsBaAa
UoCaAa
CaAaAa
CaXaAa
YxXbAa
CpHaAa
WwYaAa
EtRbAa
KfAaAa
PwIaAa
RdNaAa
VuCbAa
FzFbAa
UnNaAa
CwAaAa
FsBaAa
DdFaAa
SzOaAa
XlPaAa
UnEaAa
ViHbAa
CcYaAa
ZxUaAa
WgEaAa
MfBaAa
TbUaAa
NhJaAa
RrVaAa
CjCaAa
XuDaAa
IpQaAa
MmEaAa
FmOaAa
PfTaAa
MdOaAa
SmCaAa
CdAaAa
WgEaAa
ZlAaAa
CeYaAa
ChUaAa
CcYaAa
DgMbAa
ObAbAa
LqHaAa
LqHaAa
GcAbAa
QpTaAa
LiUaAa
AmAaAa
CqYaAa
QlGaAa
MoNaAa
UpFbAa
ImBbAa
PkMaAa
YsCaAa
TuXaAa
AnGaAa
EcLbAa
SlIaAa
ZrPaAa
WkHbAa
InMaAa
XmOaAa
IhKbAa
WzYbAa
ZlAaAa
XgBbAa
FbEaAa
FdZbAa
BvBaAa
OcMaAa
BaAaAa
JcAaAa
ItEaAa
SpTbAa
IcNaAa
NsHaAa
IdSaAa
HkTaAa
UpFbAa
OfHbAa
KaWbAa
WjPaAa
XeBbAa
BbSbAa
QoLbAa
TfPaAa
TaJaAa
QlBbAa
QyGaAa
EiMbAa
XdKaAa
OjHaAa
DhPaAa
RmYaAa
DoXbAa
VaAaAa
MhMbAa
EuEbAa
AhNaAa
QlHaAa
MsLaAa
IzGaAa
ZlAaAa
WoKaAa
HrEaAa
NlEbAa
MxIbAa
OaGbAa
WzYbAa
CaAaAa
JgLaAa
AmAaAa
TpHaAa
SvJaAa
XzLaAa
HtAaAa
KmEaAa
UaJbAa
IgDaAa
QdWbAa
VqBaAa
FtIaAa
KhQaAa
QyBaAa
VuIbAa
BhNaAa
WcTaAa
MfBaAa
DwEaAa
MjZbAa
UoCaAa
VbKaAa
UtFbAa
YoNbAa
QvTbAa
SkFaAa
JpJbAa
QyJbAa
VcIaAa
CcDaAa
FhUbAa
IbHaAa
IzUaAa
GiCbAa
UiAbAa
PuJbAa
XwKaAa
KfAaAa
JqAaAa
TqMaAa
OhBbAa
FuDaAa
XwKaAa
IwZaAa
GsBaAa
JcWbAa
NoUbAa
PvDaAa
DxFaAa
OwGaAa
VwAaAa
JwJaAa
DsSaAa
JdEaAa
WpNaAa
JmLaAa
ImBbAa
BvFaAa
GmJaAa
IzHaAa
IxQaAa
TdUaAa
PwIaAa
SqSaAa
AjIaAa
GlCaAa
JrXaAa
LtXaAa
QmMaAa
OiUbAa
VxFaAa
DgJaAa
XlBaAa
FwKaAa
LkDaAa
OjJaAa
TjVaAa
JuUbAa
CaQaAa
CmXaAa
UvLaAa
TsSbAa
WoKaAa
BvBaAa
KbUbAa
TpLaAa
YoAaAa
MfBaAa
QyBaAa
PmKbAa
ZmYbAa
GfMaAa
GpRbAa
EeDaAa
PeAaAa
OyFaAa
OgQbAa
BeBaAa
HyAaAa
MxIbAa
NvCbAa
UuMaAa
IiBaAa
ObAbAa
ThLaAa
KiDaAa
YfKbAa
MsAbAa
TcDbAa
HlCaAa
UdXbAa
RaDaAa
FsCaAa
GkHaAa
MsIaAa
ZwLbAa
DzDaAa
EeDaAa
PhZaAa
KnYaAa
OiQbAa
AlNaAa
UtBbAa
XpEaAa
IcAaAa
EbNbAa
FmOaAa
OnAaAa
ShCaAa
NkAaAa
DgAaAa
EvHbAa
TbCbAa
LyRbAa
WqEbAa
NoUbAa
BxTaAa
YaFaAa
CaXaAa
BbSbAa
QcBaAa
ZeNaAa
XsCbAa
AnGaAa
GxGaAa
CyWaAa
MbWaAa
McNbAa
FeOaAa
QcEaAa
GfFaAa
MaBaAa
DlGbAa
TsDaAa
XtIaAa
QyBaAa
FjGbAa
HkWbAa
EmWaAa
KzQaAa
XeBbAa
VqBaAa
KoTbAa
BjBaAa
GiBbAa
PuJbAa
LdDbAa
CjCaAa
TsDaAa
ViWaAa
HiEaAa
EyEaAa
FbEaAa
FgZaAa
YbSaAa
EuYaAa
MuBbAa
MdObAa
QfIbAa
ShCaAa
XeTaAa
VdFaAa
XeIaAa
DtLaAa
WgEaAa
EtRbAa
DmWaAa
RhIaAa
CzDaAa
RaGaAa
BqObAa
EpQbAa
HiZaAa
VtDbAa
PgFaAa
XjPaAa
DlDaAa
UeMbAa
RgFaAa
NhAaAa
OcQbAa
DwAaAa
AcHaAa
RmCaAa
SpZaAa
QtJaAa
DdFaAa
VsEbAa
ToXaAa
IsJaAa
JfAaAa
CdAaAa
AiJbAa
QyJbAa
TjAaAa
EbBaAa
PbAaAa
EjCaAa
GfFaAa
AtTaAa
DzDaAa
CwAaAa
OpFaAa
PrNbAa
BvBaAa
DsMaAa
GwKbAa
WlUbAa
CaXaAa
JpSaAa
NrCaAa
OtCbAa
NmFbAa
MsAbAa
CqYaAa
VsEbAa
KqGbAa
FfFaAa
FzFbAa
MwBaAa
ZxHaAa
DcIaAa
TiFaAa
BjBaAa
AlLaAa
HbKbAa
EbBaAa
VoWaAa
AjIaAa
VqBaAa
GiGaAa
TmAaAa
FvHaAa
UpAbAa
BaAaAa
IoZaAa
QcEaAa
SkFaAa
FgBbAa
GiAaAa
HyAaAa
HxUaAa
EbNbAa
YjQbAa
SaQaAa
XaAaAa
QyJbAa
AxDaAa
HhFaAa
PuJbAa
AwPaAa
RtQbAa
FgBbAa
XmCbAa
CcYaAa
PjSbAa
KfAaAa
CwXaAa
DsIbAa
DjUaAa
HvNaAa
KmEaAa
LvEbAa
VbKaAa
KmEaAa
RpVaAa
JzQaAa
QyBaAa
OpOaAa
KvAaAa
SfPbAa
YxBaAa
TbUaAa
GqJaAa
XvHaAa
RvDaAa
DyEaAa
RzLbAa
BaRaAa
IoTaAa
YiIbAa
EuDaAa
NhAaAa
KrSaAa
BnLaAa
ReAaAa
RcEaAa
EuDaAa
BuAaAa
JfSaAa
EgBaAa
YnPaAa
JzIaAa
ZnBaAa
BvFaAa
EbBaAa
VqXbAa
LdDbAa
InMaAa
FnDaAa
OhAaAa
KrXaAa
BiKaAa
KrSaAa
YoJaAa
AlEaAa
RoJbAa
QzOaAa
HvNaAa
XiGaAa
JhKaAa
PyGaAa
WcLbAa
BiKaAa
VrAaAa
StFaAa
UnUaAa
DoSbAa
JjSaAa
NlEbAa
PmKbAa
MzKbAa
KdGaAa
ArTaAa
CmRaAa
RgJbAa
UnNaAa
OaTbAa
VaOaAa
CtBbAa
OeQbAa
JfAaAa
NdEbAa
HyAaAa
YcAbAa
VaAaAa
LsFbAa
AhNaAa
IcAaAa
ReSaAa
ObAbAa
ZtRaAa
HgCbAa
ZlAaAa
ZlMaAa
AtFaAa
PhZaAa
ZxHaAa
BjAaAa
CdAaAa
FeBbAa
RjNaAa
CdAaAa
ImBbAa
HtAaAa
XpEaAa
AzAaAa
QbAaAa
YaFaAa
YsBaAa
NzEbAa
CuSaAa
LrSaAa
MnWaAa
QrFaAa
RrZaAa
ZaBbAa
YkHaAa
FeVbAa
ZgCaAa
EpNaAa
QpAaAa
ZqFaAa
GiBbAa
UqHbAa
QrFaAa
NwFbAa
AoBaAa
UoCaAa
SbWbAa
BoRaAa
WuKaAa
UeRaAa
LpBaAa
SfUaAa
FlPaAa
QmLbAa
GlAaAa
DoXbAa
HqFaAa
QwJbAa
DdAaAa
SvTaAa
JpJbAa
ByNaAa
ZsBaAa
KkYbAa
ZuZaAa
AnZaAa
BaRaAa
ZsBaAa
MbTaAa
RmCaAa
DuMaAa
NvCbAa
CeGaAa
CxFaAa
ZfRbAa
NdEbAa
RhIaAa
LgPaAa
ZlLbAa
AaQaAa
BdPaAa
XtIaAa
HiEaAa
JoVaAa
MfBaAa
CrGaAa
FbEaAa
HiSbAa
RvJaAa
GzCaAa
KaIbAa
BhLaAa
IsFaAa
SfWbAa
RjYbAa
QyBaAa
NzYaAa
EjPaAa
UvBaAa
DeHaAa
VaAaAa
MpXbAa
EuDaAa
YfKbAa
ElBaAa
CwAaAa
LcIbAa
RtZaAa
JwUbAa
WoPbAa
ViWaAa
CwAaAa
VlDaAa
PhBaAa
RaGaAa
LpBaAa
YrRaAa
KmEaAa
MiUaAa
GtUaAa
FfFaAa
JcAaAa
JgLaAa
PwIaAa
KyTaAa
MaNbAa
ZuJaAa
HyAaAa
RoDaAa
GfFaAa
QcBaAa
QmLbAa
DfTbAa
AtTaAa
HzGaAa
FxBaAa
IhFbAa
UmFaAa
ZeNaAa
RpNbAa
AfLaAa
OpOaAa
PjWbAa
GiAaAa
EgRaAa
UaXaAa
DhTbAa
XmOaAa
EuDaAa
HnPaAa
KaUaAa
DpUaAa
CoMbAa
AxDaAa
UeXaAa
XjMaAa
LxEaAa
CtUbAa
YsBaAa
LpMbAa
ErUaAa
GcAbAa
PhEaAa
OiUbAa
FxBaAa
IiBaAa
WyMaAa
EbBaAa
XqOaAa
FsCaAa
IgIbAa
QcEaAa
OqRbAa
KvSbAa
BxTaAa
LbJaAa
GvIaAa
ZaHbAa
ZaHbAa
PmBaAa
OqKbAa
UwSaAa
XeBbAa
EyIbAa
FqIbAa
PjZaAa
EpNaAa
PsAaAa
EeDaAa
FsCaAa
IbHaAa
WxLaAa
BuEaAa
KiDaAa
ZaBbAa
EcLbAa
LtXbAa
MbTaAa
SaQaAa
NlEbAa
LqLaAa
LrWbAa
ZxHaAa
YaFaAa
FbBaAa
QyJbAa
KdQaAa
CcCaAa
OgQbAa
WpRbAa
HrJbAa
BzJaAa
NwBaAa
XqOaAa
NaEaAa
QyBaAa
FfFaAa
EjTbAa
WpRbAa
BgYaAa
NhHaAa
SfWbAa
RyBaAa
EiXaAa
KrSaAa
MdVbAa
HlCaAa
NlXbAa
JwJaAa
VfYbAa
KdQaAa
PeAaAa
EsWaAa
GzCaAa
CaAaAa
DjCaAa
ExRbAa
NzSaAa
NaEaAa
BmVbAa
RjNaAa
YqJaAa
PjZaAa
FjPaAa
VkOaAa
AoBaAa
AjIaAa
UxHbAa
RbPaAa
EtRbAa
CwAaAa
EaAaAa
LtXbAa
WdYbAa
PeAaAa
ZgCaAa
QcEaAa
WdAaAa
OpKaAa
OpOaAa
YaFaAa
PyFaAa
SbPaAa
RtBaAa
YsCaAa
VkOaAa
YeIbAa
WaAaAa
AjNbAa
GqJaAa
YbSaAa
ZuZaAa
EzBbAa
DlGbAa
FgAaAa
SlVaAa
EgEaAa
JkYbAa
GlAaAa
CxFaAa
DlDaAa
PhZaAa
AjIaAa
LcFaAa
OpFaAa
MdOaAa
XwKaAa
PhBaAa
ShDaAa
QvDaAa
UaXaAa
VsIbAa
RyBaAa
CrGaAa
MwBaAa
VuKaAa
EuDaAa
VyEaAa
RnHaAa
UeRaAa
UvBaAa
GxYbAa
QcEaAa
FbEaAa
GmWbAa
NoRbAa
WlUbAa
JoHaAa
RpVaAa
LwCaAa
UhGbAa
RtCaAa
WoFaAa
UoCaAa
BmVbAa
EpEaAa
TgXaAa
ViHbAa
IxQaAa
HlAaAa
AlNbAa
IiEaAa
GgAbAa
VaAaAa
LmNaAa
UkRaAa
KzIaAa
MdZaAa
CtBbAa
WzYbAa
LgTbAa
QfIbAa
OcZbAa
FeTaAa
ItPaAa
UpFbAa
WeHaAa
RcEaAa
SdLaAa
TaIaAa
XxFbAa
NoUbAa
YnKbAa
HaHbAa
MlFaAa
MmGbAa
LjKaAa
JiBaAa
GeAbAa
XiWbAa
NeQbAa
ExCaAa
KpSaAa
ReSaAa
CdAaAa
LsFbAa
RwPaAa
EuDaAa
JjFaAa
OsAaAa
YvQaAa
YkGaAa
WwMaAa
RmJbAa
OwFbAa
NhAaAa
CmRaAa
IgIbAa
FdKaAa
PfTaAa
IiAaAa
GbMaAa
JpJbAa
EqWaAa
GzCaAa
XeCaAa
YeIbAa
EaLbAa
JnYaAa
OpFaAa
FsBaAa
EuDaAa
KiDaAa
IyAaAa
WeZaAa
YpLbAa
EeOaAa
GmWbAa
DrDbAa
DxRbAa
BdLaAa
KdRaAa
KjSaAa
UrHaAa
CeBaAa
OwRbAa
YzLaAa
KmEaAa
JyJaAa
XqOaAa
QhBaAa
MkAaAa
FoOaAa
VaAaAa
HgCaAa
VmWaAa
FsBaAa
UcYaAa
SvJaAa
WqBaAa
VvLaAa
GlAaAa
DlDaAa
XpEaAa
LcAaAa
SxDaAa
FyVaAa
DpUaAa
MoNaAa
KfAaAa
ZrPaAa
QlZaAa
GnDaAa
SoBaAa
LxEaAa
BdPaAa
ZwLbAa
ZuJaAa
RwNaAa
GfFaAa
RtBaAa
JeLaAa
JuKbAa
ReAaAa
WmIbAa
MuFbAa
RlOaAa
ZlAaAa
MqLaAa
NoDbAa
ZlJbAa
RfNbAa
EpEaAa
LjKaAa
GxBaAa
EbBaAa
QhBaAa
VcIaAa
ZeNaAa
LdDbAa
VaAaAa
JaSbAa
ZrPaAa
PySbAa
IwZaAa
AnBbAa
BaAaAa
UmMbAa
LcUaAa
YfKbAa
HxHaAa
IcAaAa
GiAaAa
NkCaAa
EjPaAa
QlBbAa
HiEaAa
WhPaAa
PfIaAa
QcEaAa
KaIbAa
MsIaAa
KmEaAa
UcJaAa
OhAaAa
AlZaAa
YlMaAa
InMaAa
WgEaAa
KfAaAa
VaAaAa
MsDbAa
JyAbAa
NdIaAa
WdAaAa
CwAaAa
JjSaAa
UzHbAa
TsXaAa
YjQbAa
BxTaAa
NoUbAa
QyBaAa
MdCaAa
KbDbAa
IcLaAa
VaObAa
ZzGaAa
RyPaAa
BeBaAa
MuFbAa
FlUbAa
AuWbAa
ReAaAa
RjIbAa
CzTaAa
FeIaAa
KoVaAa
GzCaAa
JdEaAa
YxBaAa
LfAaAa
OhHbAa
AdLaAa
HiEaAa
IiEaAa
FuDaAa
KbDaAa
VaOaAa
DcIaAa
QdHbAa
XwKaAa
LdCaAa
FgAaAa
PmBaAa
XtIaAa
KdQaAa
NvYaAa
EqWaAa
WuCbAa
JwJaAa
JcAaAa
WdYbAa
KzHaAa
MkBaAa
YuVaAa
FiOaAa
FoAaAa
AjIaAa
SmCaAa
OaZbAa
IgDaAa
KlSaAa
OnPbAa
JfAaAa
HyAaAa
SaQaAa
BuAaAa
GbSaAa
NpPbAa
GmPbAa
MwBaAa
McNbAa
KaUaAa
NoEaAa
PfDaAa
BvBaAa
MqGbAa
SoBaAa
ToXaAa
CeXaAa
JwJaAa
RmCaAa
EoFaAa
CdAaAa
EcTaAa
PrOaAa
KgUaAa
NfGaAa
OdBbAa
KmNaAa
HcNaAa
PpFaAa
OpFaAa
PhEaAa
PvDaAa
PnCbAa
EuDaAa
IeWbAa
TdPaAa
KnSaAa
XiWbAa
JrXaAa
CeEaAa
FxCaAa
SpTbAa
GgBbAa
PbAaAa
MfBaAa
TsDaAa
UoCaAa
XfMaAa
MwLaAa
DrAaAa
CwXaAa
ImTaAa
EyNbAa
YsBaAa
ShNbAa
ZuZaAa
UeXaAa
GsCaAa
LcFaAa
PeAaAa
UnEaAa
MmEaAa
TpLaAa
UrHaAa
StFaAa
GkGaAa
ZgCaAa
EeZaAa
IfUbAa
YvRaAa
EpUaAa
BkDbAa
MbTaAa
AuAaAa
TzAaAa
ZlAaAa
JhKaAa
DxLaAa
HlLbAa
RtBaAa
JqAaAa
OjJaAa
IiBaAa
DgAaAa
FoAaAa
XfMaAa
PkMaAa
FzLaAa
RxLbAa
JkIaAa
DsPbAa
WdGbAa
FxFbAa
XfMaAa
PfDaAa
MzQbAa
KzQaAa
MfBaAa
TaIaAa
LjKaAa
LvSaAa
TqMaAa
NhAaAa
VaAaAa
GoNbAa
GxBaAa
QtJaAa
FwYaAa
BmObAa
EjGbAa
OxAaAa
ItAaAa
JfAaAa
OpOaAa
AuEaAa
CmRaAa
MqGaAa
AlEaAa
TbIbAa
FyVaAa
BaAaAa
KfAaAa
VaOaAa
InMaAa
GgCbAa
MuGaAa
OaEaAa
GrNaAa
YxMbAa
OpFaAa
PwIaAa
AgFbAa
KrSaAa
LgPaAa
OwBaAa
IgIbAa
NyLaAa
PbAaAa
ZaFaAa
PhBaAa
OkAaAa
FuWaAa
VhTbAa
PcKbAa
TrIaAa
FmKaAa
LtDaAa
IxQaAa
EmWaAa
EvFbAa
XmOaAa
FeCaAa
ZlAaAa
LcCbAa
DeHaAa
FhUbAa
BmAaAa
AnBbAa
EnRbAa
GwKbAa
OpFaAa
MdZaAa
CwEaAa
BxJaAa
OxAaAa
CcYaAa
SiJbAa
CjBaAa
MvMaAa
PxKaAa
BtGbAa
OaTbAa
EnUbAa
TeBaAa
CjCaAa
FgVbAa
QwQaAa
BnTbAa
QrOaAa
DcWaAa
JmTbAa
TpHaAa
EgVbAa
TtBaAa
JpMaAa
DcWaAa
KmEaAa
MuBbAa
BsXaAa
JzQaAa
UaXaAa
QdIbAa
OtNbAa
IbHaAa
KrSaAa
PbAaAa
NnAaAa
HcNaAa
GzCaAa
FnDaAa
PjSbAa
AfLaAa
XiEbAa
VgJaAa
CaAaAa
LsBbAa
EpEaAa
RoJbAa
WzYbAa
NlHbAa
LyTaAa
PgMaAa
EuDaAa
JpSaAa
QlZaAa
HzFaAa
PmBaAa
EuDaAa
UoCaAa
PmBaAa
GmJaAa
TlYbAa
DcYaAa
QcBaAa
YuVaAa
UvLaAa
SaQaAa
HyKaAa
QbAaAa
KbUbAa
IvXbAa
PaSaAa
YxBaAa
SiJbAa
ZmZaAa
FtIaAa
BvKbAa
TnTbAa
SlVaAa
EgGaAa
VrAaAa
JpMaAa
ZkHaAa
QwJbAa
CjCaAa
KqIaAa
YrRaAa
GqJaAa
PvQbAa
SlYbAa
QcEaAa
EqCaAa
YnPaAa
UuMaAa
XdAaAa
YlMaAa
UnEaAa
UrLaAa
FfFaAa
LjKaAa
FzLaAa
QbAaAa
WrUaAa
UtBbAa
XbEaAa
KzWaAa
IwZaAa
TgXaAa
ShDaAa
DgMbAa
KfAaAa
IiAaAa
QcEaAa
RrZaAa
XlPaAa
EbBaAa
DcDaAa
MnWaAa
RfNbAa
WdAaAa
GwVaAa
FtHaAa
VyEbAa
BaAaAa
WvFbAa
TqMaAa
VdAaAa
TzAaAa
NnAaAa
QrJaAa
HnBaAa
DrDbAa
QwUaAa
VgRaAa
TrGbAa
IyKaAa
LcAaAa
AjNbAa
VaAaAa
UvBaAa
BpLaAa
JwUbAa
GlAaAa
IoZaAa
ZlAaAa
VoCaAa
FpEaAa
RlHaAa
AbPaAa
FvYbAa
SmCaAa
IwDaAa
PyGaAa
QtJaAa
GzFbAa
DsEbAa
BeBaAa
CaAaAa
AlLaAa
VaOaAa
KmEaAa
DaWaAa
QfIbAa
JfAaAa
JzBaAa
SjNbAa
CaXaAa
CaAaAa
XoJaAa
PeAaAa
ZuJaAa
OzMaAa
VgEbAa
QlHaAa
SoBaAa
JpDaAa
JhKaAa
DyEaAa
BmVbAa
SlEaAa
XeBbAa
AnBbAa
IkEaAa
UpAbAa
EjCaAa
LiUaAa
VuKaAa
UhVaAa
McNbAa
NhJaAa
XmOaAa
FnDaAa
HvNaAa
DqBaAa
XgBaAa
LmEaAa
IkEaAa
DwAaAa
ZgIaAa
BxJaAa
XgBaAa
YpPaAa
RhIaAa
AfSbAa
XeTaAa
MhWaAa
GnDaAa
UeRaAa
JuUbAa
RfNaAa
ZuZaAa
EtRbAa
YvRaAa
JpJbAa
MnAaAa
WaAaAa
XxGaAa
QmLbAa
EyYaAa
WrUaAa
ElBaAa
MhWaAa
EsIbAa
WaAaAa
KvAaAa
KwUbAa
OaGbAa
QsQaAa
DcIaAa
TwEaAa
HdKbAa
NaEaAa
FpEaAa
NtWaAa
QbAaAa
QhBaAa
ZeNaAa
XeCaAa
EvFbAa
KsBbAa
EqCaAa
SlYbAa
NhJaAa
DaOaAa
XiEbAa
KjJbAa
VaAaAa
OpFaAa
DeEaAa
KbDbAa
XwKaAa
TtFaAa
LzEbAa
YiTaAa
PmBaAa
GiAaAa
RyBaAa
AdLaAa
GzCaAa
DlGbAa
CaAaAa
HzRaAa
TmAaAa
VgJaAa
BbSbAa
QbAaAa
TpLaAa
TrIaAa
PgFaAa
MtDaAa
JsZaAa
ToHbAa
RcBaAa
QpAaAa
GjRbAa
XeBbAa
WrUaAa
EjPaAa
DcWaAa
AfLaAa
ZgIaAa
OdEbAa
KfAaAa
PsAaAa
GiAaAa
EpEaAa
LnSaAa
CsMaAa
EnUbAa
QdNaAa
BpLaAa
JqAaAa
ErUaAa
VgRaAa
EuDaAa
TdPaAa
HlAaAa
ShDaAa
GjRbAa
KmNaAa
SfWbAa
GmPbAa
YvRaAa
KlVbAa
YnDaAa
NhJaAa
PfIaAa
FbEaAa
PwObAa
GcAbAa
ShCaAa
IzUaAa
JcAaAa
DiXaAa
TaIaAa
TrIaAa
IcAaAa
WrUaAa
OgQbAa
LpMbAa
IcAaAa
KaIbAa
VsIbAa
OpFaAa
MkAaAa
PmKbAa
SaDaAa
GjQbAa
QcSaAa
KfAaAa
BnLaAa
GcAbAa
QcEaAa
BuAaAa
DcIaAa
UcHaAa
DcIaAa
BhLaAa
AnBbAa
JhSaAa
EbBaAa
GiAaAa
ErUaAa
PvDaAa
CwSaAa
KuCaAa
ZuZaAa
DvCaAa
VaAaAa
PjSbAa
JmLaAa
OjHaAa
CeRaAa
WaAaAa
AlEaAa
KiDaAa
IiAaAa
KdQaAa
PhZaAa
DhTbAa
EsWaAa
PeAaAa
RfNaAa
XeBbAa
RyBaAa
PkMaAa
YbSaAa
RbFaAa
FfVaAa
AlEaAa
TsSbAa
MlKaAa
AuWbAa
IhFbAa
SlIaAa
EuYaAa
PjZaAa
CmXaAa
UoCaAa
IcAaAa
WiMbAa
CrGaAa
BxJaAa
XcTaAa
ZnBaAa
RcEaAa
WuIbAa
GsCaAa
JzQaAa
GsBaAa
ScHaAa
NfOaAa
ZmYbAa
LvPbAa
WgBaAa
DoXbAa
PjZaAa
CjCaAa
WaAaAa
GoNbAa
UcHaAa
PsUaAa
VxLaAa
QpNbAa
FmOaAa
RjNaAa
MnWaAa
HiEaAa
EvGaAa
JdBaAa
AyQaAa
PbAaAa
BwEaAa
JzQaAa
WoEbAa
XtIaAa
YeIbAa
EcLbAa
MbTaAa
ItEaAa
YsBaAa
IiNaAa
GjQbAa
CaXaAa
WsCbAa
NnEbAa
LdYaAa
CcRaAa
RmJbAa
QpAaAa
LyVbAa
VdAaAa
OkAaAa
AfLaAa
GmJaAa
FsBaAa
IiBaAa
CaAaAa
IyAaAa
DbKaAa
OaSaAa
WqBaAa
HrEaAa
NvYaAa
MpXbAa
HfFaAa
AuWbAa
ZzCaAa
KvEaAa
MdOaAa
XeBbAa
IwDaAa
CcDaAa
TgXaAa
AjIaAa
XtIaAa
UtFbAa
FfQbAa
MkAaAa
CqMbAa
AaQaAa
JpSaAa
YiTaAa
IgIaAa
BaIaAa
SuEaAa
DlGbAa
MnFaAa
CsXaAa
SaQaAa
EpEaAa
MnFaAa
MgYbAa
NvYaAa
UqYaAa
BjBaAa
VuIbAa
WdAaAa
TxTaAa
KzQaAa
YeIbAa
GmJaAa
UhGbAa
BsDaAa
JmHaAa
AmYaAa
XeCaAa
FiGaAa
HsOaAa
PbAaAa
MrWaAa
PbNaAa
LhLbAa
CmObAa
ZxIaAa
TzAaAa
ZvNaAa
NvYaAa
YnDaAa
CaAaAa
PhZaAa
QlHaAa
CqYaAa
PkKbAa
UmRaAa
DgJaAa
WiHaAa
AhCaAa
AtFaAa
QuJbAa
AfLaAa
VlDaAa
EbBaAa
IiBaAa
RgJbAa
VcIaAa
CcDaAa
AjIaAa
QbLaAa
EaOaAa
AuAaAa
FoIbAa
EcLbAa
ZbTbAa
MfEaAa
HiSbAa
JcAaAa
VfGbAa
RmCaAa
KqGbAa
YeIbAa
TsSbAa
DaAaAa
WsCbAa
UpFbAa
HqFaAa
CcYaAa
GjRbAa
HaHbAa
KbDaAa
TbCbAa
ZtJbAa
QpAaAa
FgAaAa
WeZaAa
LqLaAa
ZcHbAa
InMaAa
LrSaAa
TdUaAa
GmJaAa
TsYbAa
RoDaAa
UjBaAa
VdAaAa
ToBaAa
LdCaAa
KyTaAa
JnYaAa
CjBaAa
TqMaAa
DjTbAa
CcDbAa
CeEaAa
RuObAa
GfFaAa
YaFaAa
YkBbAa
IiBaAa
UqYaAa
PqNaAa
UgYaAa
EyYaAa
NdVbAa
IiBaAa
SfUaAa
OpIbAa
CmRaAa
EbBaAa
KcFaAa
BiKaAa
AaQaAa
DgAaAa
BaRaAa
KfAaAa
UjBaAa
AuPaAa
XjMaAa
MoNaAa
GtUaAa
NkAaAa
KsBbAa
RfDaAa
VxLaAa
YaFaAa
EcOaAa
MkBaAa
KdQaAa
DiXaAa
MbIaAa
VlDaAa
KdEaAa
IsJaAa
TuXaAa
RyPaAa
LrSaAa
KfAaAa
YeIbAa
PkMaAa
KmEaAa
AqDaAa
RsPaAa
RyPaAa
YpRbAa
AtTaAa
VaObAa
TxDbAa
KmNaAa
KnSaAa
HvJbAa
ZvNaAa
TtFaAa
PwIaAa
UrAbAa
IsFaAa
LqBbAa
QbLaAa
ZzCaAa
SbLaAa
BgFbAa
LwCaAa
XvHaAa
OjHaAa
IcAaAa
GgCbAa
IsTaAa
ZlAaAa
KhQaAa
TgYaAa
SmCaAa
VrAaAa
YyOaAa
LtMaAa
WmEbAa
TjVaAa
MoAbAa
NyLaAa
OjXbAa
MpXbAa
PbEbAa
JrObAa
PjZaAa
SkDbAa
PjSbAa
LhXaAa
WaAaAa
YsCaAa
XgOaAa
DlGbAa
OxGbAa
UnNaAa
KyTaAa
HxHaAa
BjBaAa
EdGbAa
RxZaAa
RoMaAa
FeBbAa
VdAaAa
JnJbAa
XgZaAa
KmEaAa
EbBaAa
WgBaAa
VpUaAa
TkXaAa
MbXaAa
DiXaAa
BjAaAa
GsBaAa
PqEaAa
HrPaAa
WrUaAa
YxRaAa
DuSaAa
RfNaAa
ZfKaAa
PbAaAa
UnEaAa
ZgCaAa
AbFaAa
FxBaAa
AjAaAa
VyEaAa
BaIaAa
TqMaAa
AfNaAa
ItAaAa
ItPaAa
WmIbAa
RfNbAa
CvFaAa
UaYaAa
TvFaAa
BaAaAa
EdGbAa
DiXaAa
TyNaAa
BpGaAa
SnBbAa
DcWaAa
SvJaAa
TrIaAa
JmLaAa
BvFaAa
PeAaAa
RoMaAa
FvYbAa
SoBaAa
CgYaAa
ImTaAa
GwKbAa
LcAaAa
DlGbAa
CeRaAa
InMaAa
LiDaAa
UwEbAa
CdAaAa
NkAaAa
WdYbAa
EaLbAa
KcIbAa
BoRaAa
HgCaAa
BnTbAa
XvYbAa
GbTbAa
MwBaAa
LhXaAa
PhBaAa
ZaHbAa
JcAaAa
GgCbAa
OlEbAa
MfBaAa
OiQbAa
XmCbAa
TnLaAa
UjVaAa
AfWbAa
JkIaAa
EyNbAa
VgMbAa
ZlCaAa
HtUaAa
CsPbAa
GbTbAa
IgDaAa
ZlAaAa
YqNbAa
FmOaAa
DsSaAa
QjEaAa
CwXaAa
RfNbAa
DmWaAa
UtFbAa
NrBaAa
VxFaAa
NdOaAa
FqIbAa
QcEaAa
OaGbAa
QjHaAa
KvPbAa
FgBbAa
BnLaAa
PfDaAa
CzTaAa
OzEaAa
DkKaAa
NvYaAa
ViAbAa
QmMaAa
ZgCaAa
AiKbAa
PrOaAa
YjQbAa
QlGaAa
TiKaAa
LqHaAa
YpPaAa
JiBaAa
OtNbAa
JrXaAa
RmJbAa
MkUaAa
MwBaAa
RdSbAa
OoRbAa
ImTaAa
QsQaAa
AhNaAa
PmPaAa
LyBbAa
OgQbAa
PhBaAa
BpHaAa
BxUbAa
IbHaAa
UnNaAa
KdQaAa
PkMaAa
HrPaAa
UmRaAa
GwKbAa
IgDaAa
QwQaAa
MaBaAa
GwKaAa
MxSaAa
PeAaAa
UeXaAa
OyFaAa
UsPbAa
IsTaAa
ThCaAa
DcWaAa
XdKaAa
FoIbAa
FxFbAa
DgAaAa
BzAaAa
ZgIaAa
ItAaAa
OhCbAa
IoZaAa
DmFaAa
FaAaAa
UoCaAa
PhTaAa
AnBbAa
UqSbAa
JjFaAa
FvHaAa
UeRaAa
LgPaAa
ZxUaAa
PeKaAa
AlNaAa
OxGbAa
WqEbAa
FeIaAa
TcHaAa
VyEaAa
TcDbAa
IkEaAa
KjLbAa
MkAaAa
GcAbAa
NkAaAa
MdZaAa
RxLbAa
CmObAa
PqEaAa
EuYaAa
ShDaAa
FiJaAa
ZnDaAa
FfQbAa
XlBaAa
BiKaAa
YbSaAa
MhLbAa
GwKbAa
MfBaAa
KbUbAa
FzFbAa
VgJaAa
KoBbAa
PeAaAa
NkBaAa
PbAaAa
TdPaAa
EnRbAa
PuUaAa
CzDaAa
StFaAa
KmEaAa
RnHaAa
VrAaAa
YnPaAa
HzFaAa
AfPbAa
MfGaAa
RiFaAa
OhBbAa
SpTbAa
HrJbAa
TjVaAa
BkYaAa
OgQbAa
AhCaAa
FdKaAa
NnEbAa
EcWaAa
OcMaAa
CmSaAa
InBaAa
EeDaAa
KtXaAa
SnBbAa
YaFaAa
MlHbAa
NrBaAa
YsCaAa
ZlAaAa
LtXbAa
NfBaAa
DmWaAa
BmSaAa
SkFaAa
NwFbAa
EcTaAa
CjCaAa
DaWaAa
ZnDaAa
WiHaAa
QpAaAa
ExCaAa
MdVbAa
FiJaAa
QdNaAa
MzQbAa
JmTbAa
QxKaAa
TpZaAa
HtAaAa
YeIbAa
CeGaAa
OeFaAa
HkTaAa
WuYaAa
ZrJbAa
RxLbAa
DdAaAa
AdLaAa
OhCbAa
XbEaAa
VaObAa
DaOaAa
EcLbAa
FqCaAa
KmNaAa
TrIaAa
YkGaAa
NpPbAa
KfAaAa
GgCbAa
SpZaAa
LcUaAa
JcAaAa
AuEaAa
VnEaAa
JpSaAa
WjPaAa
YvHaAa
XxCaAa
TuXaAa
ReSaAa
QaVaAa
XjMaAa
JcAaAa
AaQaAa
TrIaAa
FzFbAa
NkAaAa
SnIaAa
TzAaAa
KrSaAa
PbAaAa
PbAaAa
GlAaAa
CwXaAa
YbSaAa
FfFaAa
WoEbAa
GeZaAa
HkJaAa
BmVbAa
AvTaAa
XtIaAa
StFaAa
YvQaAa
YsCaAa
WaObAa
QhBaAa
WdYbAa
UuMaAa
WcWaAa
MnFaAa
JyAbAa
RaDaAa
MhWaAa
YkGaAa
WsKaAa
FhUbAa
QxOaAa
AiJbAa
NrBaAa
YrNaAa
EbBaAa
EnUbAa
YbTbAa
XfMaAa
BmVbAa
PhBaAa
DlGbAa
GkGaAa
ZgCaAa
PfDaAa
ZgCaAa
HkSbAa
FtHaAa
CaXaAa
ViWaAa
TrIaAa
EpEaAa
OaSaAa
SlVaAa
RtCaAa
CsDaAa
PlJaAa
BpGaAa
KfAaAa
LcUaAa
CaAaAa
UzObAa
GgCbAa
NfOaAa
JrDaAa
KiDaAa
PhBaAa
DiXaAa
AuEaAa
PeAaAa
CvAbAa
DbPbAa
MoAbAa
JgLaAa
JoTaAa
DsIbAa
GtUaAa
BvBaAa
QcEaAa
OpOaAa
MdDbAa
TcHaAa
WpAbAa
QuNaAa
HqTaAa
PeAaAa
QdWbAa
QyBaAa
BiJbAa
FpKbAa
PpFaAa
EdYbAa
CcDaAa
HbTbAa
LyBbAa
LzEbAa
SmYaAa
DeRaAa
QcEaAa
UiObAa
ZaPaAa
WzXbAa
EeObAa
JwJaAa
QkKbAa
OhAaAa
XoPbAa
ZzFaAa
FeIaAa
KcFaAa
EvGaAa
GfKbAa
KdGaAa
SaCaAa
VcWaAa
FfQbAa
PfIaAa
UcHaAa
JpJbAa
BcHaAa
PnWbAa
KaUaAa
ViHbAa
TzAaAa
FbBaAa
HtNaAa
PjEbAa
WzYbAa
HkWbAa
VaAaAa
HgIaAa
JjSaAa
LiUaAa
MrYaAa
OwGaAa
RyBaAa
UwSaAa
QbLaAa
KvEaAa
NqHaAa
BqMaAa
EvHbAa
JcPaAa
RpAaAa
PfCaAa
GqJaAa
SbFaAa
AuWbAa
LsLaAa
EvHbAa
WaAaAa
HqFaAa
QlZaAa
VrAaAa
YsCaAa
EaLbAa
KcAaAa
VdAaAa
SfWbAa
PeAaAa
PkKbAa
PeAaAa
UdPaAa
OsUaAa
QlBbAa
GzCaAa
DhTbAa
XqEbAa
BfUaAa
WaAaAa
WaAaAa
QeUbAa
BxJaAa
LmEaAa
QcSaAa
EuDaAa
SvTaAa
QmLbAa
RaGaAa
CjCaAa
KiCaAa
JiAaAa
XgBaAa
QcEaAa
CsPbAa
QdWbAa
RaDaAa
XeIaAa
EcLbAa
RbFaAa
CcGaAa
BcRaAa
VhPaAa
RtZaAa
WgOaAa
NuRbAa
VwAaAa
AhIaAa
YfKbAa
EtRbAa
UeMbAa
GbSaAa
IkEaAa
JrDaAa
AuAaAa
LqHaAa
LiUaAa
KvEaAa
RoMaAa
XoAaAa
CxFaAa
MdObAa
GgCbAa
UqYaAa
AlEaAa
OqRbAa
HlLbAa
AyQaAa
SfPbAa
MkAaAa
UhVaAa
QmLbAa
VcIaAa
RoMaAa
HtJbAa
KfAaAa
ZcWbAa
BsYbAa
FgAaAa
JzBaAa
OfAbAa
ZcNaAa
CcCaAa
AiJbAa
AfNbAa
ZuOaAa
YsCaAa
YaNaAa
PwUaAa
KbDbAa
MhMbAa
OgQbAa
ZfKaAa
OpKaAa
YaFaAa
AuAaAa
TrIaAa
GuNbAa
MnFaAa
OqRbAa
NkAaAa
JkIaAa
WuIbAa
VtFbAa
LxXaAa
AiJbAa
KqAaAa
CzDaAa
MxIbAa
JePbAa
UcJaAa
NkAaAa
EiMbAa
WsCbAa
PwHaAa
AiJbAa
XgBaAa
RiFaAa
QyJbAa
NtXbAa
YsCaAa
WdAaAa
NoDbAa
BpLaAa
SoBaAa
DgJaAa
JyAbAa
SuMbAa
TvFaAa
ImGaAa
JrObAa
CpIaAa
XbEaAa
RpAaAa
DpUaAa
XtIaAa
MxSaAa
YsCaAa
EbBaAa
LvEbAa
YiEbAa
IsTaAa
FaLbAa
CdAaAa
OzEaAa
NdEbAa
NnAaAa
BcRaAa
FoPbAa
WoYbAa
IzHaAa
GmCbAa
FsBaAa
KiDaAa
HkTaAa
DgJaAa
EqCaAa
QcBaAa
BsXaAa
BhLaAa
DsEbAa
UlUaAa
RiFaAa
KyDaAa
MuFbAa
DqBaAa
UtBbAa
ZuJaAa
NkCaAa
ImBbAa
XjMaAa
EuDaAa
KzWaAa
NtWaAa
QlTaAa
DrFbAa
MvMaAa
AjNbAa
CzDaAa
AcHaAa
TxVbAa
WgEaAa
OhAaAa
YvRaAa
BvFaAa
VtBbAa
ZkGaAa
MwBaAa
QmLbAa
EqCaAa
YxBaAa
YiIbAa
IhKbAa
LvEbAa
CvBaAa
YbSaAa
RbPaAa
TeQaAa
QfIbAa
UxVbAa
XoJaAa
MtYaAa
YvQaAa
OiUbAa
JfAaAa
NpPbAa
QmMaAa
WaAaAa
GtUaAa
FtHaAa
EdYbAa
NlOaAa
JzQaAa
KbUbAa
UjBaAa
HrPaAa
PhEaAa
QhBaAa
FgBbAa
NpWaAa
PhZaAa
BpLaAa
KqAaAa
DoXbAa
WzWbAa
DgAaAa
MkAaAa
HyKaAa
EyNbAa
VeMbAa
CeGaAa
LgPaAa
VqYaAa
SqSaAa
CoCaAa
HxUaAa
DhYbAa
QnTaAa
OqRbAa
OsAaAa
OeKbAa
PjEbAa
PwGaAa
YsBaAa
XiEbAa
LpBaAa
WoKaAa
MwBaAa
VdFaAa
KnCaAa
MtKaAa
SxUbAa
BfNbAa
EeDaAa
JeNbAa
WpNaAa
JkYbAa
BvBaAa
XgJaAa
IcAaAa
EeDaAa
JrXaAa
XoFaAa
OeKbAa
QzOaAa
JhKaAa
UnNaAa
OsAaAa
HrPaAa
BpLaAa
EeDaAa
FsBaAa
KiDaAa
ZjQbAa
AyQaAa
VeGaAa
QfIbAa
SkFaAa
LqLaAa
GwKbAa
SoBaAa
GfFaAa
AfLaAa
SlIaAa
FzLaAa
JuKbAa
OzEaAa
FfFaAa
WaAaAa
LiUaAa
IcAaAa
FeTaAa
FbBaAa
MxSaAa
PiQbAa
GiCbAa
MoAbAa
LtXbAa
JyJaAa
JpMaAa
HgIaAa
KuCaAa
EeVbAa
VcIaAa
YsCaAa
ZlCaAa
YvQaAa
CsPbAa
IiBaAa
MfBaAa
NtWaAa
RzGbAa
LcUaAa
OhCbAa
QgKbAa
OqRbAa
TxVbAa
OzMaAa
LrKaAa
KrSaAa
ZfKaAa
CkXaAa
VbKaAa
ReAaAa
RdSbAa
WgGaAa
WdAaAa
EaLbAa
XgBaAa
AiKbAa
MkAaAa
HxBaAa
WaAaAa
AhCaAa
ObAbAa
TrIaAa
XdKaAa
GzCaAa
QcEaAa
IcAaAa
MaBaAa
NfOaAa
YsCaAa
FzFbAa
WrUaAa
ReAaAa
PyFaAa
OgQbAa
EuDaAa
VcDaAa
GiAaAa
UiAbAa
KqIaAa
EbBaAa
HuOaAa
YkBbAa
YoNbAa
NoRbAa
RbFaAa
IkEaAa
AjAaAa
SlEaAa
UhGbAa
VxFaAa
YjQbAa
TrGbAa
EtRbAa
VdAaAa
MdVbAa
QyJbAa
RzOaAa
YsBaAa
VaAaAa
EvFbAa
RaDaAa
WeWaAa
TiQaAa
PeAaAa
KaUaAa
DfTbAa
MbTaAa
TjAaAa
DaAaAa
GoNbAa
LsLaAa
MfEaAa
UaJbAa
NsHaAa
HlAaAa
XbQbAa
KyTaAa
GlAaAa
OaZbAa
OiQbAa
PwIaAa
WlBaAa
MhXaAa
JzHaAa
DsEbAa
AhCaAa
LgPaAa
KvSbAa
LhYaAa
BxTaAa
FgZaAa
YfKbAa
NrCaAa
BgYaAa
KfAaAa
MdVbAa
KvPbAa
WiHaAa
TeQaAa
AwWbAa
BgYaAa
DsSaAa
CmXaAa
GoAaAa
IcAaAa
ZlAaAa
MxSaAa
XhQbAa
VdFaAa
SqSaAa
XaAaAa
FzLaAa
OhCbAa
NxMaAa
PeAaAa
TaDbAa
DcIaAa
HkWbAa
QlGaAa
OoAbAa
JdFbAa
OwFbAa
GzCaAa
CaAaAa
KbCaAa
KpYaAa
RoMaAa
JfAaAa
FgAaAa
KdQaAa
JoHaAa
PmPaAa
TcRaAa
KyUbAa
MoEaAa
VzDaAa
VwAaAa
JgIbAa
GmCbAa
KqBbAa
WmIbAa
MoEaAa
DqBaAa
QsQaAa
CmSaAa
YbTbAa
SpZaAa
EoKaAa
ZhFaAa
YoAaAa
WjCaAa
KxNaAa
NdIaAa
BmAaAa
SlVaAa
HvNaAa
LyVbAa
XeTaAa
GiAaAa
CcYaAa
FgZaAa
NoUbAa
QeUbAa
DcWaAa
VeHaAa
NnWaAa
KqGbAa
OzEaAa
EuDaAa
HiAaAa
ZsCaAa
YyGbAa
WrUaAa
MwBaAa
OxCbAa
AnBbAa
TfPaAa
MtKaAa
MoNaAa
LyBbAa
KdRbAa
YnKbAa
HlCaAa
DlGbAa
CrGaAa
RrZaAa
NhAaAa
SfPbAa
WmIbAa
LzNaAa
PbNaAa
FpEaAa
BkSaAa
SaQaAa
JdFbAa
FiZbAa
WlUbAa
PxAaAa
OtWaAa
IvJbAa
CvCaAa
PuHaAa
ScSaAa
BuAaAa
WlUbAa
YfKbAa
TmAaAa
UpAbAa
BvFaAa
JyJaAa
BgYaAa
XeTaAa
MuFbAa
YsCaAa
IjUbAa
BqJbAa
MtDaAa
DcDaAa
LgTbAa
KmEaAa
YbBaAa
OaTbAa
SpZaAa
ApZaAa
PxAaAa
PeKaAa
EsXbAa
EeDaAa
ToBaAa
MkAaAa
KmEaAa
RcEaAa
LcFaAa
FcOaAa
XpEaAa
FgZaAa
EuYaAa
NzNbAa
HzFaAa
DjUaAa
QbLaAa
WlRbAa
QsQaAa
UiQaAa
VyIbAa
IiNbAa
ShDaAa
VwEbAa
LdCaAa
JwUbAa
JzQaAa
YvQaAa
BcGaAa
OjHaAa
AuWbAa
VaAaAa
TcDbAa
NdEbAa
CjBaAa
VfGbAa
RrZaAa
BaIaAa
YlPaAa
KuUbAa
AoJbAa
JuKbAa
AjAaAa
NkAaAa
VaAaAa
WdAaAa
GmPbAa
XdAaAa
CoXaAa
FmOaAa
NlOaAa
FzLaAa
AnHaAa
PaTbAa
LhYaAa
BcGaAa
JrXaAa
BaAaAa
QgKbAa
ApZaAa
VxLaAa
GcVbAa
CiDbAa
DaOaAa
VfGbAa
RmYaAa
FeCaAa
AtTaAa
CwSaAa
PkMaAa
RqPaAa
UcJbAa
KwUbAa
WiWaAa
WxFaAa
AjIaAa
OpFaAa
JaSbAa
QwJbAa
TzAaAa
UaJbAa
OsAaAa
GjRbAa
TeBaAa
CjLaAa
QcEaAa
PyRaAa
WaAaAa
AyQaAa
KaSbAa
PuJbAa
QcEaAa
AuAaAa
HqTaAa
VpUaAa
KgUaAa
ExLaAa
WjCaAa
QpAaAa
GoNbAa
EeDaAa
EoWaAa
XmOaAa
QpKaAa
RcBaAa
UsPbAa
IxQaAa
ZtRaAa
WaAaAa
BaIaAa
WyMaAa
PfTaAa
KfAaAa
ShCaAa
EgGaAa
WmIbAa
GwKbAa
EgGaAa
RaDaAa
DsIbAa
MsAbAa
BgYaAa
PcKbAa
JdEaAa
SuMbAa
VaAaAa
KdEaAa
UrLaAa
MoAbAa
YfKbAa
QaVaAa
ChUaAa
ZlJbAa
ExCaAa
KnObAa
QrOaAa
EeOaAa
XmOaAa
TmAaAa
SkAbAa
DeHaAa
VgWaAa
HgIaAa
UpAbAa
IdSaAa
LdJbAa
ZlCaAa
LjKaAa
CmRaAa
OtNbAa
ZnBaAa
XvHaAa
AzAaAa
QrJaAa
XxGaAa
QyBaAa
HbTbAa
KnCaAa
XxXbAa
AaQaAa
YaFaAa
EoKaAa
HvJbAa
UaXaAa
VhTbAa
YjRbAa
MnFaAa
GbSaAa
VlDaAa
NdIaAa
HzCaAa
CrGbAa
QcBaAa
PhTaAa
PyRaAa
EuDaAa
DkKaAa
CrAaAa
LdCaAa
EyCbAa
NtWaAa
OeKbAa
LsLaAa
OtNbAa
ShCaAa
AuAaAa
BiDbAa
UtFbAa
HxHaAa
HrQaAa
BmVbAa
FoAaAa
CxFaAa
CeXaAa
EeVbAa
ZsBaAa
JiBaAa
QbLaAa
WoKaAa
CjCaAa
ZaFaAa
ApZaAa
DyEaAa
MfRaAa
XzLaAa
UlUaAa
RmKbAa
EfGbAa
JpMaAa
RwQaAa
VxObAa
QvDaAa
PkKbAa
QcEaAa
OeMaAa
IgDaAa
ZqJaAa
NwFbAa
UaXaAa
QlZaAa
BdPaAa
WcIaAa
AmAaAa
QpAaAa
CkRaAa
KlQaAa
ZaLaAa
JoHaAa
OiQbAa
AnHaAa
IhKbAa
PpFaAa
ByNaAa
HzFaAa
JxNaAa
CvBaAa
PlPbAa
QcEaAa
KfAaAa
StBaAa
ZnBaAa
TlIaAa
StBaAa
XlPaAa
KpYaAa
BmAaAa
TaDbAa
CzDaAa
SkFaAa
EmXbAa
EyQbAa
SlLaAa
VaOaAa
RgJbAa
EvBbAa
XiGaAa
DzDaAa
QsQaAa
MsLaAa
NoRbAa
HxHaAa
XfMaAa
MiGbAa
FnDaAa
AuAaAa
DcIaAa
KcFaAa
EeZaAa
StFaAa
LvEbAa
OeMaAa
UeMbAa
CoCaAa
UcDbAa
DzDaAa
YsCaAa
VwMaAa
UyXaAa
AuAaAa
OjMbAa
ImTaAa
RcBaAa
YpPaAa
AuEaAa
EaLbAa
UvBaAa
UsPbAa
RyPbAa
JrObAa
OjJaAa
MtPbAa
WgBaAa
JfAaAa
RiSaAa
ZlAaAa
GeDaAa
UeEaAa
LdXaAa
XgGaAa
MwBaAa
GiJaAa
ZvNaAa
LsDbAa
UuSaAa
YeBbAa
FsBaAa
EjGbAa
OaGbAa
OeKbAa
LbDbAa
CkQaAa
VpLaAa
AuAaAa
DnGbAa
XgBaAa
HlLbAa
EpEaAa
MaBaAa
AjNbAa
XvYbAa
XlPaAa
HzFaAa
OaZbAa
CjCaAa
YiIbAa
DgMbAa
IiBaAa
KcFaAa
ZkHaAa
RoQaAa
CqMbAa
OfOaAa
ZdKaAa
SoYaAa
SkFaAa
HrPaAa
EkHbAa
HlAaAa
AnGaAa
LqHaAa
EuDaAa
PqEaAa
CeGaAa
SpZaAa
OxAaAa
AlNaAa
UwEbAa
PbAaAa
SuEaAa
KcAaAa
UsMaAa
ShCaAa
BsYbAa
LhYaAa
MwBaAa
OjXbAa
ZlAaAa
EvHbAa
IwZaAa
VlDaAa
OpKaAa
OiQbAa
OpFaAa
NwBaAa
OvYaAa
HiAaAa
QdWbAa
GvYbAa
IkEaAa
SkFaAa
TxVbAa
JzQaAa
IwOaAa
PpFaAa
KbCaAa
YvYbAa
ToXaAa
DrAaAa
EnUbAa
FsBaAa
ZaHbAa
NkAaAa
UrLaAa
JjFaAa
XoJaAa
PpFaAa
KfAaAa
AtFaAa
KbDbAa
CcYaAa
OiUbAa
TrIaAa
MdOaAa
IcLaAa
JaPaAa
LsLaAa
ZuJaAa
ZxBaAa
MbTaAa
BiDbAa
AhNaAa
PmBaAa
QwQaAa
LzEbAa
UtFbAa
KqGaAa
OpFaAa
NrBaAa
ZgCaAa
YaFaAa
BkYaAa
YnDaAa
AiJbAa
XaAaAa
AyQaAa
YsCaAa
AhNaAa
TjVaAa
IrEaAa
MfAaAa
JbGaAa
EvGaAa
EbBaAa
BdPaAa
LpBaAa
YkZaAa
MuFbAa
HiEaAa
WiWaAa
LvEbAa
GcAbAa
ZlAaAa
FgAaAa
VaAaAa
FnDaAa
CdAaAa
SkFaAa
RrFaAa
XdKaAa
QdIbAa
InMaAa
VaOaAa
QrFaAa
DvCaAa
PhBaAa
TeBaAa
SpZaAa
ItAaAa
JfAaAa
ZtRaAa
IwZaAa
ByNaAa
RgJbAa
EnRbAa
YaFaAa
IcLaAa
TmAaAa
JcAaAa
ZsOaAa
CwAaAa
BjAaAa
MjZbAa
ZrEaAa
RjEaAa
UhVaAa
RfSbAa
FsBaAa
GbGbAa
UwSaAa
DuPbAa
HqFaAa
TzAaAa
JyAbAa
TiKaAa
HtAaAa
UcYaAa
AqDaAa
PxAaAa
QdNaAa
FuDaAa
DtDbAa
QlHaAa
LdCaAa
RdSbAa
TsDaAa
VhPaAa
IvQaAa
JiBaAa
GzCaAa
NaEaAa
DeRaAa
VhGbAa
QrJaAa
ZgCaAa
YnDaAa
FwKaAa
WdAaAa
FhUbAa
TkXaAa
DcYaAa
XpKbAa
FcWaAa
EoFaAa
XhMaAa
QbLaAa
NpPbAa
FiEbAa
BbBbAa
AfWbAa
JqAaAa
BsXaAa
LsLaAa
GlAaAa
IgIbAa
YfKbAa
PzSaAa
ZnBaAa
VqBaAa
OfHbAa
SlEaAa
PuJbAa
HxUaAa
IsTaAa
LgLaAa
SkFaAa
VhTbAa
MvMaAa
QcEaAa
ZlCaAa
TkObAa
PfTaAa
GsCaAa
YsCaAa
MfRaAa
AhCaAa
YbTbAa
VdAaAa
EgEbAa
ImNbAa
YpPaAa
UoCaAa
SnGaAa
GjRbAa
IpQaAa
IcLaAa
JrObAa
EaTaAa
XmCbAa
CpGbAa
TpHaAa
UzObAa
AzAaAa
MkAaAa
AhDaAa
WyEaAa
BnTbAa
LoIaAa
XeCaAa
JhKaAa
ZlMaAa
ZlKbAa
TzTaAa
VrHaAa
RrZaAa
RnHaAa
KfAaAa
FpEaAa
WdYbAa
FnDaAa
JkYbAa
HrEaAa
YaFaAa
XgZaAa
SdSbAa
TrIaAa
OpKaAa
CsPbAa
QcEaAa
MjZbAa
KqGaAa
BnLaAa
SqXaAa
FpEaAa
MbLbAa
CmObAa
UnNaAa
PhAaAa
MbLbAa
ZeNaAa
FsBaAa
QsNaAa
FeDaAa
KiDaAa
MqHaAa
KrObAa
OhCbAa
YpPaAa
MoAbAa
YmPbAa
HiEaAa
XeBbAa
KiDaAa
NqKbAa
XiOaAa
WlUbAa
CvCaAa
ErUaAa
GtUaAa
EnUbAa
SnBbAa
RgKaAa
FdKaAa
YnDaAa
QmMaAa
MzNaAa
DsSaAa
GiCbAa
VhPaAa
JfAaAa
AfIaAa
YkBbAa
GkBbAa
SlNaAa
XgEaAa
CrGaAa
UgLbAa
KfAaAa
RpVaAa
SkFaAa
HsOaAa
TbCbAa
ZtRaAa
JhKaAa
TdUaAa
MfEaAa
DqBaAa
EeDaAa
XjMaAa
MkAaAa
SlVaAa
VqBaAa
RaDaAa
UzJaAa
YvQaAa
OpOaAa
KiDaAa
TnGaAa
BmCaAa
ZlAaAa
HaHbAa
UeRaAa
PeAaAa
BvBaAa
NhAaAa
BsYbAa
VrAaAa
DcIaAa
SfUaAa
CeYaAa
BnBbAa
SkFaAa
KyDaAa
PbEbAa
NlEbAa
QtJaAa
EqBaAa
GgCbAa
KqGbAa
BnLaAa
OxAaAa
CwAaAa
AsEaAa
JwZaAa
NzEaAa
OiQbAa
RnHaAa
CsPbAa
XaAaAa
TjAaAa
RaDaAa
NhEbAa
QpAaAa
GsCaAa
UmFaAa
SnBbAa
VaAaAa
CkQaAa
LtMaAa
FzLaAa
IwZaAa
HxHaAa
QhBaAa
RyBaAa
PnJaAa
YaFaAa
CwXaAa
YjQbAa
WaAaAa
IkTaAa
FgBbAa
NzEaAa
IiNaAa
XfMaAa
GbBaAa
UrIaAa
DxRbAa
TaDbAa
IeWbAa
MnFaAa
AtCaAa
VdAaAa
VaOaAa
JzQaAa
DeYaAa
OaTbAa
XbEaAa
UmAaAa
JcAaAa
QlBbAa
DsEbAa
JzBaAa
WdFaAa
EsYaAa
NfBaAa
BqMaAa
PhZaAa
TaJaAa
IgSbAa
DaOaAa
CsMaAa
CaAaAa
BlNbAa
JuUbAa
YuTbAa
PhTaAa
NvKaAa
VsIbAa
TwEaAa
WqEbAa
LzEbAa
DwAaAa
EnRbAa
VaAaAa
TeQaAa
MtDaAa
ZnBaAa
EiMbAa
OsUaAa
AtZaAa
FsCaAa
LvSaAa
TpHaAa
AhNaAa
HiAaAa
BaAaAa
FuDaAa
JcAaAa
RmYaAa
DgLbAa
HuOaAa
GiAaAa
LzWaAa
SnIaAa
BbSbAa
AjYbAa
CxFaAa
HvJbAa
CaYaAa
TpHaAa
BsYbAa
QyBaAa
AjPbAa
BaAaAa
WgBaAa
EaLbAa
WcIaAa
HgIaAa
BvBaAa
EhGbAa
KfAaAa
VaAaAa
SpZaAa
PhEaAa
PeAaAa
BaAaAa
JiBaAa
CdAaAa
LcFaAa
DwXaAa
UwSaAa
ZgCaAa
TjVaAa
AvTaAa
QsQaAa
QcBaAa
AvOaAa
TdPaAa
AmAaAa
EtRbAa
DgAaAa
LxXaAa
VkOaAa
CqYaAa
KfAaAa
HzGaAa
RwPaAa
SlVaAa
CrAaAa
XuDaAa
UaJbAa
VaObAa
FtHaAa
MkAaAa
TaDbAa
MdObAa
BpHaAa
VcWaAa
PhEaAa
FqPbAa
BxDbAa
BpLaAa
NoRbAa
EpEaAa
HyAaAa
FySaAa
EuYaAa
UpAbAa
SeRbAa
HxIaAa
HfFaAa
UcXaAa
EpQbAa
MsGaAa
GkBbAa
IvNaAa
MwBaAa
EoKaAa
QaVaAa
GkXbAa
YkGaAa
GaFaAa
DlGbAa
NhEbAa
NdDbAa
KnObAa
PrNbAa
BpHaAa
XuDaAa
IiNaAa
EeObAa
PrOaAa
MoNaAa
CsPbAa
SfPbAa
OxGbAa
FsCaAa
KoBbAa
KyTaAa
TmAaAa
ZsVaAa
NoRbAa
HlKbAa
NwBaAa
DoSbAa
MuGaAa
ZuOaAa
DjUaAa
ZnBaAa
ZhFaAa
DnUaAa
XgGaAa
TjAaAa
VpUaAa
FsCaAa
TvFaAa
UtFbAa
QbAaAa
ItRaAa
SnGaAa
XaAaAa
TrIaAa
GmWbAa
VdAaAa
IcAaAa
QcBaAa
OaZbAa
DcWaAa
LsFbAa
WdAaAa
QhBaAa
OnKaAa
OkAaAa
DgAaAa
EeVbAa
TiQaAa
GlAaAa
YeIbAa
OhHbAa
FsBaAa
JuUbAa
YsBaAa
VzDaAa
RcBaAa
KwAbAa
GmPbAa
RaGaAa
XaAaAa
UaJbAa
HrQaAa
KrSaAa
KmNaAa
KfAaAa
BaAaAa
VuIbAa
LqGbAa
WoOaAa
OsAaAa
BvFaAa
ZnBaAa
AjNbAa
CeGaAa
RbFaAa
SlIaAa
OpOaAa
PmBaAa
ErUaAa
BtFaAa
HjRbAa
TdPaAa
MnFaAa
JuKbAa
TuXaAa
DwAaAa
FsCbAa
KmEaAa
GmWbAa
JxPaAa
WjPaAa
FsBaAa
QxOaAa
PjWbAa
NsIaAa
NkCaAa
ZgIaAa
JfAaAa
DgAaAa
UuMaAa
GlAaAa
SiFaAa
QfIbAa
JcAaAa
KcIbAa
UuMaAa
EyYaAa
MfGaAa
JiIaAa
AfWbAa
IsFaAa
MfEaAa
JdBaAa
AjEaAa
JcAaAa
AuAaAa
DiXaAa
XkMbAa
DjCaAa
TaJaAa
UeMbAa
OfOaAa
HuGbAa
OkCaAa
HzCaAa
HxHaAa
GaFaAa
QcEaAa
NhHaAa
AuWbAa
QcSaAa
CdAaAa
HzGaAa
ZaFaAa
XdKaAa
EsCbAa
BxTaAa
OhHbAa
VuKaAa
FzFbAa
TrIaAa
DcIaAa
VlDaAa
ViHbAa
LhYaAa
ByNaAa
ImTaAa
QlBbAa
EoFaAa
XoKaAa
RfNaAa
KiDaAa
GmWbAa
WlDaAa
KmEaAa
MzKbAa
IlLbAa
LkDaAa
GrNaAa
BjBaAa
BhLaAa
ImHaAa
RiFaAa
RbAaAa
UjBaAa
GbTbAa
FxBaAa
PkKbAa
AmAaAa
EuDaAa
EbBaAa
YkBbAa
EyYaAa
KsBbAa
YpPaAa
WiHbAa
KfAaAa
VzDaAa
DjDaAa
QbLaAa
GvCaAa
KrSaAa
IyAaAa
SfUaAa
AxZaAa
RoPaAa
PfWaAa
LbIaAa
ElBaAa
GbTbAa
LhYaAa
BcGaAa
WdAaAa
ChLaAa
QcEaAa
HqTaAa
EcWaAa
FiEbAa
JpSaAa
JrDaAa
EvGaAa
SkFaAa
LyTaAa
VqXbAa
EcTaAa
XaAaAa
SfWbAa
IvNaAa
AhIaAa
QbLaAa
JrDaAa
JcAaAa
CdAaAa
BzAaAa
OhHbAa
DcWaAa
OzEaAa
RgKbAa
JcPaAa
TyWaAa
EbBaAa
PsAaAa
NrBaAa
RaDaAa
CnNaAa
EgHaAa
QsQaAa
FhUbAa
GwKbAa
NxMaAa
OhHbAa
DwAaAa
KqBbAa
VrAaAa
XlBaAa
BpGaAa
WcLbAa
CbCbAa
UvBaAa
IcAaAa
TfPaAa
RbFaAa
DoSbAa
NpPbAa
MwBaAa
EdGbAa
EoKaAa
KgUaAa
XbZbAa
MtYaAa
NdEbAa
BxDbAa
LyBbAa
JqAaAa
TfPaAa
OqRbAa
FtIaAa
EjPaAa
YbSaAa
DwSaAa
HjQbAa
RyPbAa
DhTbAa
HzGaAa
UqMaAa
RyIaAa
BaIaAa
ZgCaAa
EcXaAa
AzAaAa
IsFaAa
ImGaAa
EgGaAa
GxXbAa
EgEbAa
FiOaAa
DxFaAa
TnTbAa
MnFaAa
LdCaAa
KqGaAa
MnWaAa
FeIaAa
KzIaAa
ZsCaAa
EdGbAa
ZlAaAa
GfFaAa
QgKbAa
CeXaAa
NxNbAa
CzDaAa
FvHbAa
FnDaAa
EcLbAa
BmVbAa
HcAbAa
SpTbAa
VuIbAa
RvJaAa
VsYbAa
ReUbAa
IiBaAa
HzRaAa
ThDaAa
IfKaAa
FoFaAa
HyOaAa
NqKbAa
DlDaAa
TbUaAa
MdCaAa
EkHbAa
LlFaAa
PyFaAa
XqOaAa
LdEaAa
AvTaAa
XfMaAa
IiAaAa
CyNaAa
JdEaAa
JfAaAa
FnDaAa
QeUbAa
IyAaAa
AiSaAa
NjHbAa
JdEaAa
CrGaAa
LyBbAa
FiEbAa
YsCaAa
WpRbAa
KnCaAa
XlUbAa
PbAaAa
PwYbAa
FxFbAa
PeKaAa
SfPbAa
UzObAa
IdSaAa
DsIbAa
AhXbAa
FnDaAa
FnDaAa
WqEbAa
ShCaAa
XsCbAa
BfPaAa
BsYbAa
PxAaAa
DcWaAa
IsVaAa
TiQaAa
QhSbAa
ApZaAa
QpAaAa
VoCaAa
HtAaAa
DfTbAa
JcAaAa
ZlAaAa
BjAaAa
TaCaAa
RoJbAa
OpFaAa
FwNbAa
JyAbAa
PeAaAa
OtNbAa
OqNaAa
UoCaAa
KoHaAa
NeFaAa
ZhFaAa
FdKaAa
CaYaAa
ShIaAa
VuKaAa
EeDaAa
CcYaAa
PfTaAa
FvHaAa
TuAaAa
NyLaAa
EoKaAa
RaGaAa
JfAaAa
DmWaAa
BmVbAa
XvHaAa
MhMbAa
IiNaAa
GiAaAa
DbKaAa
BaAaAa
PeAaAa
EdYbAa
JcAaAa
DxCaAa
CwSaAa
KbCaAa
OqNaAa
OgQbAa
KdRaAa
KbUbAa
BaIaAa
YvRaAa
BhDaAa
ReAaAa
LfBaAa
NhEbAa
WoKaAa
WaAaAa
FbNbAa
LsLaAa
PhEaAa
ShDaAa
WsIbAa
LcUaAa
BaJaAa
CaAaAa
CkRaAa
VfGbAa
EyYaAa
AuEaAa
JpMaAa
LtXbAa
FsCbAa
CqYaAa
JpJbAa
LsFbAa
BwEaAa
WdAaAa
MuBbAa
MjZbAa
VqBaAa
XbEaAa
HyAaAa
DpUaAa
AuAaAa
NhHaAa
RhIaAa
IbVaAa
WyEaAa
IdSaAa
EyNbAa
HgIaAa
NyLaAa
GkBbAa
KvAaAa
XeIaAa
UeXaAa
QyBaAa
KmNaAa
FfFaAa
WcWaAa
QpAaAa
KbGaAa
OpFaAa
OjMbAa
IbHaAa
XxGaAa
NeQbAa
TrQbAa
LrSaAa
LyVbAa
HtRaAa
PfTaAa
WlBaAa
MfRaAa
BmQaAa
GsBaAa
UrIaAa
CeXaAa
DrAaAa
SlNaAa
WvHbAa
ZvNaAa
RxLbAa
ScQaAa
JdFbAa
JyAaAa
RpAaAa
KyTaAa
CxFaAa
MkAaAa
GoNbAa
GkGaAa
UuMaAa
VqXbAa
VcDaAa
JgLaAa
NrCaAa
FgHaAa
DmWaAa
RmJbAa
PbAaAa
GzCaAa
MsAbAa
SzAbAa
QsQaAa
NxYaAa
TbUaAa
FyNbAa
QhBaAa
AmAaAa
JzBaAa
FgZaAa
QyBaAa
JvWbAa
MlKaAa
ZaPaAa
ZnDaAa
HyAaAa
RaDaAa
PuNaAa
OyFbAa
GfKbAa
TgQaAa
MkBaAa
TyIaAa
CxFaAa
HzGaAa
EuDaAa
JiIaAa
LkTbAa
EpEaAa
OzEaAa
VpAbAa
MnWaAa
UwEbAa
RtBaAa
NhAaAa
EsYaAa
IcAaAa
AcHaAa
XgHbAa
TsDaAa
BiDbAa
SaDaAa
RyPaAa
DbKaAa
NsHaAa
ToYaAa
EbBaAa
DdAaAa
FeIaAa
YbTbAa
GbSaAa
HqFaAa
KjFaAa
AlEaAa
FbYbAa
FsBaAa
MkAaAa
DoXbAa
TdPaAa
EgHaAa
ImGaAa
PjSbAa
ZbSaAa
AbFaAa
VdAaAa
LdRaAa
EoSbAa
BjBaAa
JdEaAa
PcKbAa
AtFaAa
DxRbAa
LdEaAa
JhKaAa
BhPbAa
NhAaAa
GbSaAa
EeDaAa
NwFbAa
WgOaAa
JmLaAa
WgVbAa
JfAaAa
BzAaAa
JrXaAa
KwDbAa
RcFbAa
BcRaAa
CxFaAa
RbFaAa
CcYaAa
IxQaAa
XgEaAa
QzOaAa
FvHaAa
LdBaAa
LaKaAa
RmLbAa
MdRaAa
EcTaAa
PyRaAa
WlUbAa
AvTaAa
BmObAa
JrDaAa
SiJbAa
NtWaAa
MxIbAa
VcIaAa
UzBbAa
PeAaAa
PuJbAa
IiEaAa
ZgCaAa
WoEbAa
LqBbAa
ZgCaAa
WcLbAa
AfLaAa
VwAaAa
EuDaAa
KbDbAa
EgHaAa
QcBaAa
PhBaAa
SlNaAa
LsFbAa
CeRaAa
MjZbAa
RgKaAa
QjIbAa
TpLaAa
ReSaAa
YyGbAa
KrSaAa
HkTaAa
KbCaAa
JzQaAa
WgEaAa
HsOaAa
HrQaAa
LnSaAa
NbTaAa
DgAaAa
MdCaAa
MtDaAa
IwDaAa
GnDaAa
BvBaAa
EsYaAa
SmCaAa
EuDaAa
ZvNaAa
JuKbAa
KpQaAa
FiEbAa
NqKbAa
HyAaAa
EoFaAa
ZiEbAa
KhDbAa
PeAaAa
SoYaAa
QfIbAa
RjYbAa
BdPaAa
SfPbAa
PyFaAa
LrSaAa
HzGaAa
LlRaAa
FsCaAa
IdSaAa
MuFbAa
MjZbAa
AlEaAa
QnTaAa
BsXaAa
DjUaAa
PqEaAa
CwXaAa
TmAaAa
TzAaAa
VgEbAa
PeAaAa
FbEaAa
JoHaAa
QxAaAa
RiSaAa
AnGaAa
EuYaAa
TsDaAa
WlBaAa
RpAaAa
ImGaAa
NhEbAa
QcBaAa
EiXaAa
RlGaAa
ZsBaAa
QtVaAa
CdAaAa
RtBaAa
WcLbAa
FbYbAa
NkCaAa
ZsOaAa
HqFaAa
OfAbAa
UrHaAa
ImHaAa
UjAaAa
JwUbAa
IkEaAa
LdDbAa
QfIbAa
KbDbAa
JrDaAa
UnNaAa
ZsCaAa
LxXaAa
UhVaAa
IvJbAa
DxFaAa
CwAaAa
WoEbAa
HmPbAa
MjZbAa
OxAaAa
MrWaAa
XvYbAa
LfBaAa
RoJbAa
EdAaAa
MoNaAa
CmObAa
KdQaAa
CxFaAa
PeAaAa
LpYaAa
TbUaAa
HvQaAa
NsVbAa
TmAaAa
GlAaAa
NcYbAa
JqAaAa
RbAaAa
LuCaAa
WjPaAa
VdAaAa
ZwLbAa
BpLaAa
ZlAaAa
DbPbAa
MiGbAa
ViHbAa
KmNaAa
ZmZaAa
NkAaAa
LhYaAa
WjPaAa
OxAaAa
JgLaAa
EtIaAa
UoCaAa
IwDaAa
ZrEaAa
LdHaAa
KyTaAa
UpAbAa
UrGaAa
NvYaAa
PsAaAa
PhBaAa
IiNaAa
OoRbAa
PnCbAa
EgJaAa
VuEbAa
ZgCaAa
ZuOaAa
JjFaAa
CvBaAa
OxAaAa
RtBaAa
MiGbAa
HiEaAa
FsBaAa
TzAaAa
BtTaAa
DiXaAa
EySaAa
VjVaAa
OpFaAa
FfQbAa
ZlAaAa
NhAaAa
GfFaAa
WjPaAa
UaXaAa
MvMaAa
JfAaAa
OkCaAa
AhDaAa
VxLaAa
CeXaAa
EeObAa
GmWbAa
HxHaAa
PhBaAa
NkCaAa
WzYbAa
QhBaAa
VaOaAa
ZlAaAa
NvKaAa
QtJaAa
RjNaAa
ZlAaAa
QrJaAa
EoFaAa
XvYbAa
AcHaAa
EcOaAa
QdNaAa
NqKbAa
JjSaAa
PjSbAa
CaAaAa
CeEaAa
OiQbAa
OzMaAa
MsHaAa
LcUaAa
UlUaAa
FeBbAa
QbAaAa
GbTbAa
EoFaAa
UcCaAa
FeCaAa
EfYbAa
GwKbAa
ZuZaAa
YcTaAa
NhAaAa
MkAaAa
OaSaAa
VdAaAa
MdCaAa
RrZaAa
FeTaAa
YoAaAa
QyJbAa
MwRbAa
MfBaAa
WoKaAa
DgAaAa
SiJbAa
PhBaAa
JuKbAa
VjCaAa
GtUaAa
ZsCaAa
SlEaAa
AlEaAa
ZrEaAa
ZlAaAa
AfLaAa
WqEbAa
EcTaAa
EuDaAa
HrQaAa
KdGaAa
ZtRaAa
NnAaAa
FeDaAa
IcAaAa
NvKaAa
LiDaAa
VfGbAa
QcEaAa
DkRaAa
ToObAa
FmOaAa
UwEbAa
WlDaAa
VjCaAa
ZlJbAa
RpAaAa
FxBaAa
PeAaAa
MxSaAa
HuOaAa
QcBaAa
HkTaAa
VwAaAa
OkCaAa
SkFaAa
VoWaAa
MkAaAa
RiFaAa
LiDaAa
SkFaAa
VhTbAa
GjRbAa
YlMaAa
HhFaAa
UwEbAa
MfRaAa
EuDaAa
FbYbAa
UhVaAa
MuFbAa
IhFbAa
VdAaAa
RfNaAa
EtFbAa
GtUaAa
EcTaAa
KcAaAa
JuUbAa
KwAbAa
YsBaAa
UtFbAa
LuLaAa
RxLbAa
VdFaAa
PjWbAa
FdKaAa
UsPbAa
PsAaAa
BaQaAa
IgDaAa
WgBaAa
EeDaAa
LpBaAa
CdAaAa
EnUbAa
CuSbAa
RgFbAa
KvPbAa
ViHbAa
FiOaAa
BpHaAa
UsMaAa
CxTaAa
GgCbAa
VmXbAa
KtXaAa
DeHaAa
YuVaAa
DaXaAa
JwJaAa
DsIbAa
PhBaAa
WxFaAa
IhKbAa
ZzCaAa
XqBaAa
MnFaAa
IcAaAa
UwEaAa
PwUaAa
YkGaAa
XdAaAa
JaSbAa
ZaFaAa
GaFaAa
YsBaAa
IiBaAa
TvFaAa
UlUaAa
VaAaAa
HlAaAa
GkBbAa
XaAaAa
ZtQaAa
UpFbAa
LdJbAa
WrUaAa
LsLaAa
DkVbAa
CaJaAa
YoAaAa
NuHbAa
IkEaAa
GdKaAa
AnGaAa
EyYaAa
EnUbAa
PyRaAa
LsDbAa
KtXaAa
DcJbAa
HxHaAa
StFaAa
XbEaAa
UiObAa
PuJbAa
BxTaAa
NdEbAa
NpPbAa
OhCbAa
NkAaAa
GgCbAa
WqEbAa
OaGbAa
KfAaAa
JmTbAa
QyJbAa
OjHaAa
MfBaAa
WpNaAa
XdKaAa
MxIbAa
BlEaAa
XfMaAa
DoSbAa
TgYaAa
WwGbAa
WoEbAa
NoUbAa
GbTbAa
DaAaAa
OeKbAa
PxKaAa
JfAaAa
CdAaAa
XxGaAa
QyBaAa
MhWaAa
ZlAaAa
BmVbAa
VtFbAa
EnRbAa
TpHaAa
EuDaAa
TrIaAa
EbNbAa
LdCaAa
QwQaAa
TvFaAa
AaQaAa
RgJbAa
BzJaAa
DcXaAa
XdMaAa
NpCaAa
BjBaAa
WdAaAa
NxMaAa
BlIaAa
KvAaAa
WdAaAa
JgIbAa
PwUaAa
KbUbAa
BkSaAa
YyGbAa
HiEaAa
YqJaAa
OhAaAa
CxTaAa
TiQaAa
UeRaAa
OyYbAa
FtIaAa
JfAaAa
NzYaAa
UhGbAa
IzUaAa
OpFaAa
XmKaAa
GcAbAa
SlYbAa
YuVaAa
ToHbAa
VgJaAa
UwSaAa
KuCaAa
KyTaAa
JwJaAa
ZaFaAa
KdGaAa
NcKaAa
SpZaAa
MnXbAa
UqYaAa
UhYbAa
OaTbAa
JaSbAa
TqMaAa
HhFaAa
ZnBaAa
PsAaAa
IvXbAa
OpFaAa
BmVbAa
JfAaAa
EvRbAa
PhBaAa
XeCaAa
KsGbAa
HiEaAa
NfHaAa
MuFbAa
SlLaAa
PfDaAa
FvYbAa
BbSbAa
KaIbAa
YkHaAa
MoNaAa
ZbSaAa
BbSbAa
RmCaAa
QcBaAa
MoNaAa
VqBaAa
AhNaAa
XmCbAa
CjBaAa
KaIbAa
KaSbAa
JuKbAa
KnSaAa
CaYaAa
KfAaAa
OiQbAa
QcEaAa
ZoNbAa
ApZaAa
YkZaAa
QtVaAa
MlHbAa
TbUaAa
SnBbAa
HxIaAa
PhEaAa
WoOaAa
YnDaAa
YgTaAa
EdTbAa
YnPaAa
GkBbAa
HlAaAa
MdJaAa
EtIaAa
PwHaAa
EyEaAa
YaFaAa
ImGaAa
TbCbAa
XxGaAa
AuAaAa
RoJbAa
PfDaAa
GiJaAa
PbAaAa
FvGaAa
DfTbAa
IiNbAa
JgLaAa
NnAaAa
ZwLbAa
NrBaAa
GeIaAa
BiKaAa
IiBaAa
MoAbAa
AfPbAa
WaAaAa
MlKaAa
UaIaAa
QcBaAa
UeGaAa
WgOaAa
VkKaAa
NfHaAa
TaJaAa
DeHaAa
JmLaAa
NoUbAa
RyBaAa
AzAaAa
ZnBaAa
CsMaAa
PjEbAa
NwFbAa
RjYbAa
UaJbAa
EtVbAa
NhMbAa
NdEbAa
TtBaAa
QfIbAa
EpEaAa
KdEaAa
UaXaAa
OlOaAa
WoXbAa
ZzFaAa
YyOaAa
MuGaAa
DpUaAa
AnHaAa
VjCaAa
YrNaAa
PhEaAa
FnDaAa
AuAaAa
DwXaAa
VbKaAa
EbBaAa
DlGbAa
InMaAa
NkCaAa
KdEaAa
MnXbAa
StCaAa
WaAaAa
EtIaAa
KaUaAa
IvIaAa
GmJaAa
WgEaAa
DrAaAa
YgTaAa
LqLaAa
EcLbAa
MuBbAa
IhFbAa
EtRbAa
UoCaAa
ItEaAa
RpVaAa
CdAaAa
CwAaAa
UmAaAa
DaOaAa
NhAaAa
OzMaAa
KdGaAa
RqRaAa
GkBbAa
UeXaAa
XwKaAa
XgOaAa
OiQbAa
MkAaAa
PhBaAa
BbSbAa
QcBaAa
EpNaAa
WdAaAa
KmEaAa
WdAaAa
TjVaAa
ZfKaAa
QlTaAa
OlCbAa
HvJbAa
KmNaAa
EvFbAa
VaAaAa
InMaAa
BaAaAa
PfDaAa
UiAbAa
PvVaAa
IcAaAa
ApZaAa
ZiEaAa
ByNaAa
SuEaAa
DqYbAa
VrAaAa
ZaHbAa
VgEbAa
LiDaAa
SkFaAa
NoUbAa
QsQaAa
FbEaAa
TaIaAa
MdObAa
XeBbAa
XdMaAa
QpAaAa
SmCaAa
KmEaAa
UsKaAa
DjCaAa
UsPbAa
MpXbAa
GjQbAa
FzLaAa
ZaHbAa
YfKbAa
FzLaAa
GcAbAa
NdWaAa
ZgCaAa
WoKaAa
BaIaAa
EpEaAa
WgVbAa
FiJaAa
KmEaAa
AaQaAa
JcPaAa
OpFaAa
UuMaAa
IiBaAa
DgAaAa
QmMaAa
KbUbAa
XoJaAa
OsAaAa
HeHbAa
ZsBaAa
DgJaAa
JdFbAa
HcAbAa
HhFaAa
QlGaAa
EnRbAa
HlAaAa
TzAaAa
NtDaAa
JxHaAa
PhZaAa
TaDbAa
MdZaAa
OeKbAa
JwUbAa
JfAaAa
JrDaAa
LgPaAa
EuYaAa
RaGaAa
NvKaAa
IcAaAa
CzHbAa
IwDaAa
CdAaAa
CaRaAa
ZlAaAa
WrUaAa
GbTbAa
VcDaAa
BlYbAa
BaAaAa
BcRaAa
DeDbAa
GmWbAa
ZaHbAa
TiQaAa
BxJaAa
AmAaAa
YuVaAa
JbGaAa
KnCaAa
WbXbAa
OpFaAa
BvFaAa
XlPaAa
MwBaAa
OaSaAa
MaNbAa
EpEaAa
ZgCaAa
PyXbAa
BsDaAa
AyPaAa
QaVaAa
DgAaAa
VaObAa
RbPaAa
GtUaAa
IaEbAa
AlEaAa
LsFbAa
GoNbAa
LvEbAa
RmCaAa
FfFaAa
SbWbAa
IoZaAa
LnMbAa
IcAaAa
UeMbAa
CvDbAa
GkBbAa
HiZaAa
NhAaAa
VwMaAa
FgZaAa
AzAaAa
EsCbAa
WyNbAa
MkAaAa
NeQbAa
DmXaAa
FsBaAa
RaDaAa
CaAaAa
VyKbAa
ZkGaAa
YjQbAa
CoCaAa
NxMaAa
RwJbAa
ZlAaAa
LtDaAa
KnSaAa
MvMaAa
CcDaAa
KdQaAa
CrGaAa
AmCaAa
EbBaAa
SoVbAa
BiKaAa
NfHaAa
DvCaAa
RuObAa
NnWaAa
IcAaAa
MhMbAa
EmXbAa
KoBbAa
BjBaAa
MdVbAa
SkFaAa
MaNbAa
XdKaAa
BnGaAa
MsIaAa
WwTbAa
SfPbAa
EaLbAa
NuBbAa
CwAaAa
DlUaAa
OkCaAa
UgYaAa
ZgCaAa
LnCaAa
HzRaAa
TkFaAa
VzMbAa
MkAaAa
LnSaAa
AvTaAa
GfKbAa
CvBaAa
YfKbAa
ZkHaAa
XoAaAa
ImTaAa
HxUaAa
KcAaAa
VqXbAa
YpNaAa
RcFbAa
QhBaAa
FgBbAa
QcSaAa
WeZaAa
IcAaAa
ZlCaAa
NtWaAa
PbAaAa
TjVaAa
IaMbAa
NfRaAa
QzKaAa
YmWbAa
GwVaAa
CeGaAa
BpHaAa
EuYaAa
IfUbAa
MyVbAa
FvGaAa
YrNaAa
ErLbAa
KfAaAa
NoRbAa
FnDaAa
DaWaAa
MuVbAa
UeRaAa
VuCbAa
WlBaAa
JpSaAa
YkGaAa
UaXaAa
YqJaAa
BsDaAa
PfTaAa
BhLaAa
KbDaAa
MzQbAa
HkTaAa
BtFaAa
MwBaAa
MqFbAa
TzAaAa
QpAaAa
UrGaAa
KmEaAa
NyLaAa
TbUaAa
FbYbAa
WiHaAa
PmBaAa
LyBbAa
XeCaAa
TqMaAa
TpLaAa
CsPbAa
LoIaAa
LhXaAa
PbAaAa
GwKbAa
GmPbAa
EvGaAa
DiXaAa
GxBaAa
AuAaAa
IcAaAa
QcEaAa
AuAaAa
OsAaAa
LfAaAa
VaOaAa
VaAaAa
XgBaAa
JeNbAa
EqCaAa
LmEaAa
FyMaAa
UhVaAa
SbPaAa
GjQbAa
FgAaAa
FyVaAa
RiSaAa
OxGbAa
DlGbAa
JwJaAa
TzJaAa
TjVaAa
NkAaAa
SfWbAa
FeEbAa
GgZaAa
PhBaAa
TmCaAa
ImHaAa
WaTaAa
XbEaAa
CaAaAa
YaFaAa
RxLbAa
UhYbAa
VaAaAa
LlFaAa
NzNbAa
YyGbAa
JdEaAa
XeDaAa
KcFaAa
MoNaAa
LyRbAa
AmAaAa
MsAbAa
EqWaAa
OvYaAa
GaFaAa
WmIbAa
KsBbAa
CjBaAa
BhLaAa
VrAaAa
SiJbAa
MkAaAa
FeTaAa
MtKaAa
YqJaAa
KkLaAa
OgUbAa
UsPbAa
IpQaAa
PySbAa
VaAaAa
GwKaAa
CcYaAa
AfLaAa
LhYaAa
KyTaAa
VqBaAa
HtAaAa
DkKaAa
AoBaAa
CaDbAa
YqJaAa
PbAaAa
XlBaAa
YkGaAa
MsHaAa
WgBaAa
LbJaAa
AuAaAa
VgRaAa
FgBbAa
KyDaAa
JrDaAa
XjMaAa
NkAaAa
RyPaAa
AhNaAa
ReAaAa
XoIbAa
YiTaAa
OkCaAa
ZrEaAa
IbHaAa
NzYaAa
IdSaAa
FsBaAa
XlBaAa
ZgCaAa
VgEbAa
XbEaAa
TkXaAa
MfGaAa
MdOaAa
UaXaAa
PmKbAa
LpBaAa
NhHaAa
UwSaAa
WyMaAa
DyEaAa
FuDaAa
LtDaAa
CbCbAa
EiMbAa
KcFaAa
LcFaAa
LjKaAa
AvTaAa
FsCaAa
WeZaAa
MwBaAa
XdAaAa
BcGaAa
TfPaAa
MdJaAa
MpBaAa
DkKaAa
UoCaAa
LiUaAa
TgYaAa
IiAaAa
WdAaAa
FuYaAa
CcCaAa
QuUaAa
KyAbAa
TuEaAa
QcEaAa
YrRaAa
ZnBaAa
KcIbAa
RmJbAa
FnUbAa
MdCaAa
ZgIaAa
AlBbAa
WaAaAa
AqDaAa
YgBaAa
MsIaAa
AuAaAa
YqOaAa
AyIaAa
XbEaAa
BsYbAa
RmYaAa
CwSaAa
ReSaAa
PyGaAa
JlAbAa
VaAaAa
ZuJaAa
FoIbAa
FsBaAa
SnBbAa
VdAaAa
TvFaAa
KgLaAa
AuWbAa
UcJaAa
KcPbAa
LhXaAa
RwQaAa
KrSaAa
YvHaAa
FgHaAa
WaAaAa
ZxHaAa
EiVbAa
EyNbAa
MwBaAa
TmAaAa
LhYaAa
ZlJbAa
IsTaAa
DkKaAa
AoBaAa
CeRaAa
QyBaAa
CwEaAa
EuDaAa
UiAbAa
FzLaAa
AoBaAa
PjEbAa
UnNaAa
ZhFaAa
QzOaAa
QbLaAa
DsIbAa
OaTbAa
MnWaAa
PeAaAa
BjAaAa
NzKbAa
AhDaAa
ZlAaAa
YoAaAa
AqDaAa
IkEaAa
KfAaAa
ZtRaAa
DcDaAa
VrIaAa
YaFaAa
NpPbAa
DdTbAa
FeDaAa
IgCbAa
TjAaAa
VaObAa
NdIaAa
GtUaAa
LaKaAa
WySaAa
CwSaAa
MfBaAa
MdZaAa
CeEaAa
XeIaAa
PeAaAa
CzAaAa
DvCaAa
VlDaAa
ZaPaAa
JuKbAa
EtRbAa
NeFaAa
NaEaAa
KcFaAa
MiGbAa
CeEaAa
MfEaAa
FeTaAa
MtYaAa
ZlCaAa
UlIaAa
ZgCaAa
IiAaAa
BaRaAa
RfNbAa
FsBaAa
MhWaAa
LiDaAa
PaSaAa
VgJaAa
JtPaAa
MoGbAa
DrGaAa
RaDaAa
TvFaAa
VrAaAa
CsMaAa
IxQaAa
MvMaAa
GgBbAa
CoMbAa
WoKaAa
YyGbAa
GhMaAa
ZrPaAa
MdJaAa
DjCaAa
PhTaAa
DiYaAa
UeGaAa
GrNaAa
LiDaAa
AnGaAa
UzObAa
NaYbAa
CwXaAa
JrXaAa
DxFaAa
PhBaAa
XbEaAa
JcAaAa
FvHbAa
FtGaAa
VrGaAa
OtNbAa
FdKaAa
XjMaAa
CdAaAa
AfWbAa
DlDaAa
GfMaAa
RhIaAa
IwZaAa
BmAaAa
JzBaAa
GtUaAa
VwAaAa
YaFaAa
AqDaAa
IbHaAa
OiQbAa
GzFbAa
KbUbAa
CeGaAa
HrEaAa
HrQaAa
CaAaAa
UzAaAa
DhPaAa
LnMbAa
WdAaAa
UzAaAa
WdAaAa
UnEaAa
OaSaAa
MwBaAa
KzWaAa
SfUaAa
ZzFaAa
HzRaAa
LyVbAa
YfKbAa
PsAaAa
IwZaAa
MnAaAa
WaAaAa
MkAaAa
KiDaAa
XfMaAa
MrWaAa
IgIbAa
XeTaAa
IbHaAa
DdAaAa
HhFaAa
YkHaAa
BjAaAa
BeBaAa
EeDaAa
YuVaAa
RmJbAa
DxLaAa
NeFaAa
HlCaAa
ZlAaAa
BfPaAa
LgTbAa
RmCaAa
FcMbAa
KqBbAa
XoJaAa
DhTbAa
LcFaAa
UcJbAa
FvHaAa
KrSaAa
ZsBaAa
NnEbAa
RbPaAa
BeBaAa
BsXaAa
LhXaAa
EvFbAa
QdWbAa
MfBaAa
QcEaAa
VhTbAa
CeXaAa
YfFaAa
ZaBbAa
WrUaAa
HaHbAa
MwBaAa
UzObAa
YsBaAa
CzDaAa
SlEaAa
RsEaAa
FqIbAa
IdSaAa
SuWbAa
WeZaAa
VdAaAa
VaJbAa
VdAaAa
CeXaAa
OkAaAa
PyGaAa
WgGaAa
PhBaAa
CiQaAa
WpKbAa
DgAaAa
EuDaAa
KgUaAa
OaTbAa
QcBaAa
UeEaAa
HiEaAa
LdCaAa
IdSaAa
EtGaAa
OiQbAa
TzJaAa
SbFaAa
QpAaAa
UhNbAa
XmIbAa
IvXbAa
QyBaAa
HfKbAa
IcAaAa
QdNaAa
HvNaAa
JrDaAa
YiTaAa
KmEaAa
YkBbAa
PxAaAa
DcWaAa
JvNaAa
XcLbAa
VzDaAa
RoMaAa
ImTaAa
EaLbAa
NdEbAa
TcHaAa
KbQaAa
JrDaAa
KuCaAa
UnUaAa
FeTaAa
WlUbAa
LkDaAa
EgGaAa
EcLbAa
WuIbAa
EuDaAa
VfGbAa
GmSbAa
HvJbAa
QmMaAa
ZmYbAa
PtNbAa
KuCaAa
WzYbAa
GiAaAa
MoNaAa
YsCaAa
SmQaAa
UeEaAa
QrFaAa
KcAaAa
StFaAa
WqCaAa
BsObAa
UrHaAa
OpFaAa
EcDaAa
VgEbAa
AtTaAa
PhZaAa
CeYaAa
TdNbAa
QnTaAa
MwBaAa
WrAaAa
SaQaAa
IbHaAa
JuKbAa
OwBaAa
ZxHaAa
FzLaAa
XeIaAa
EbBaAa
SoBaAa
AxDaAa
FvHaAa
DgAaAa
AjIaAa
UcJaAa
UsKaAa
YjRbAa
KuFaAa
RiFaAa
PhTaAa
MwBaAa
IqFaAa
OhBbAa
JmLaAa
QcEaAa
WaAaAa
MzKbAa
ZwLbAa
QyBaAa
WaAaAa
ZqTaAa
XbEaAa
UwEbAa
AtFaAa
PrNbAa
HvNaAa
NoUbAa
NhEbAa
VoWaAa
JzBaAa
XeIaAa
YbEaAa
NcKaAa
KcIbAa
MjZbAa
EuDaAa
LrMaAa
VeHaAa
OjHaAa
MoEaAa
JcAaAa
TqMaAa
OiQbAa
SiJbAa
AqDaAa
LiUaAa
PhZaAa
AzAaAa
BhLaAa
WmIbAa
HtAaAa
NlXbAa
HxUaAa
JfAaAa
MkAaAa
RiFaAa
AtTaAa
VuCbAa
OfAbAa
AfWbAa
VoWaAa
CcCaAa
PaQbAa
JjFaAa
OaSaAa
LfAaAa
YeIbAa
KwUbAa
YxGaAa
GlAaAa
HdKbAa
BaIaAa
ZaFaAa
GzCaAa
CxFaAa
NhHaAa
VdAaAa
JpJbAa
KnSaAa
DsIbAa
LjKaAa
JkIaAa
HqTaAa
TpLaAa
WgEaAa
AyQaAa
WzYbAa
VqXbAa
FyVaAa
YbEaAa
GdKaAa
PmPaAa
EtAbAa
EdYbAa
BzAaAa
QcEaAa
WwGbAa
EuYaAa
WzYbAa
KoIaAa
OcMaAa
NxYaAa
FvYbAa
NeFaAa
XxCaAa
MrWaAa
ImGaAa
RzKaAa
YgTaAa
EtVbAa
MwBaAa
HeCbAa
BaRaAa
BbSbAa
RgKaAa
DnGbAa
CwXaAa
PhBaAa
HdKbAa
TpHaAa
BkYaAa
TtFaAa
LfAaAa
KtXaAa
DgAaAa
OxAaAa
GmWbAa
UrAbAa
HaHbAa
UzObAa
FsBaAa
BpHaAa
UoCaAa
GzCaAa
VaObAa
TnLaAa
TzAaAa
IiBaAa
HtUaAa
PqEaAa
EuDaAa
ChLaAa
JyAbAa
CwAaAa
NvYaAa
EjPaAa
EnFbAa
UzBbAa
MhMbAa
NkAaAa
SnBbAa
YkZaAa
SpTbAa
KfAaAa
QcEaAa
WaAaAa
BsDaAa
UqYaAa
QeAaAa
JfSaAa
TgYaAa
ZsOaAa
BaRaAa
YiCbAa
OaSaAa
OxGbAa
ZlAaAa
VuIbAa
JmLaAa
KfAaAa
ZlAaAa
FfFaAa
ChLaAa
ReAaAa
BzAbAa
FvHbAa
OiQbAa
TiQaAa
ShDaAa
SfWbAa
PkMaAa
EbNbAa
OpFaAa
DoXbAa
YeIbAa
DvVbAa
VgObAa
RjEaAa
ZaPaAa
ToHbAa
KfAaAa
FbYbAa
AcHaAa
QaVaAa
HyAaAa
ReSaAa
ZvNaAa
JyJaAa
GmWbAa
AzAaAa
HzCaAa
UpAbAa
TpHaAa
FeDaAa
YsBaAa
EhUaAa
MlKaAa
AjAaAa
SdSbAa
FbBaAa
CsMaAa
MfRaAa
VqXbAa
NxMaAa
OxGbAa
HqTaAa
JkYbAa
JgLaAa
QyJbAa
IqJaAa
KmEaAa
QcBaAa
WiMbAa
XgZaAa
EcLbAa
QuIaAa
DoXbAa
NlOaAa
TfPaAa
IiNbAa
VhPaAa
YnDaAa
ExCaAa
RyHaAa
YyGbAa
BqSaAa
OlCbAa
JxNaAa
LiDaAa
BaAaAa
KfAaAa
SbWbAa
AtOaAa
QhIbAa
HiZaAa
BsWbAa
QyBaAa
JdEaAa
HlLbAa
NhEbAa
TrIaAa
XwKaAa
QfIbAa
HxIaAa
MaBaAa
EgVbAa
OgQbAa
CdAaAa
XgZaAa
BeBaAa
VhPaAa
EpEaAa
FnDaAa
JtAaAa
UvLaAa
DaWaAa
QwHaAa
QlTaAa
DrDbAa
PhBaAa
YaFaAa
NlEbAa
GzCaAa
HrPaAa
EyEaAa
EyNbAa
HdVaAa
RwNaAa
BqMaAa
NqKbAa
FeBbAa
CaRaAa
ZsOaAa
GnDaAa
WzYbAa
YsBaAa
KmEaAa
WgEaAa
FzFbAa
UrAbAa
KnObAa
UoCaAa
KiDaAa
TzAaAa
BmObAa
BcRaAa
KbQaAa
MrYaAa
JzQaAa
HlLbAa
VcWaAa
LzEbAa
YaAaAa
RrJaAa
NkAaAa
SgSaAa
NeQbAa
DnEaAa
WgBaAa
DhTbAa
OnEbAa
SlEaAa
XeAbAa
OjMbAa
RhNbAa
YoNbAa
PuHaAa
BnTbAa
LrSaAa
RwQaAa
YaFaAa
KsBbAa
JdEaAa
MwBaAa
WaAaAa
EbNbAa
EnRbAa
SjYbAa
LdQaAa
PbAaAa
NrCaAa
UtLbAa
JpJbAa
GfKbAa
IyAaAa
AqDaAa
FyVaAa
OjJaAa
MgPaAa
MdOaAa
RuObAa
RvJaAa
WuCbAa
DdTbAa
DnEaAa
OhBbAa
PbNaAa
WdAaAa
WgOaAa
WwGbAa
JyJaAa
RyIaAa
GkBbAa
CjCaAa
BeBaAa
XwAaAa
UeRaAa
OfAbAa
KhDbAa
IiAaAa
MlKaAa
YaFaAa
QlTaAa
TtCaAa
JiBaAa
OpFaAa
AlNaAa
UxHbAa
AnBbAa
KcAaAa
LjKaAa
MdObAa
MdOaAa
XeTaAa
PhBaAa
AfWbAa
FbEaAa
TjAaAa
RbFaAa
LqHaAa
BgYaAa
NaXbAa
WdYbAa
BhPbAa
NnAaAa
QcBaAa
IwDaAa
KrSaAa
MfRaAa
LhYaAa
IiBaAa
FeCaAa
MdJaAa
HlLbAa
OiUbAa
QgKbAa
KnObAa
OyFaAa
ZlAaAa
KrSaAa
MwBaAa
FvYbAa
EhPaAa
ZkTaAa
PjZaAa
QwIaAa
EeOaAa
BsYbAa
DwAaAa
VwAaAa
WuWaAa
VrAbAa
XbEaAa
AzAaAa
BbSbAa
JkIaAa
HkGaAa
FiOaAa
DjTbAa
RtJaAa
LiUaAa
GbSaAa
BpGaAa
EiMbAa
MbLbAa
OlCbAa
AhDaAa
IgDaAa
UjAaAa
NeQbAa
MrWaAa
PpOaAa
QyBaAa
LbJaAa
NqKbAa
RdSbAa
KfAaAa
UxVbAa
LrMaAa
UtFbAa
SaDaAa
LcFaAa
VjCaAa
OhBbAa
EcOaAa
MkAaAa
GeBbAa
IhFbAa
XeTaAa
RyPaAa
AyQaAa
GzCaAa
BkFaAa
BxTaAa
IyAaAa
ErUbAa
CeYaAa
ToHbAa
AfLaAa
BwEaAa
ToHbAa
AhDaAa
SlEaAa
VfGbAa
LtXbAa
AtFaAa
HaHbAa
QcEaAa
ZsCaAa
FzLaAa
RtZaAa
AxDaAa
KnCaAa
AhNaAa
TgXaAa
XvYbAa
WaAaAa
WoKaAa
TwPaAa
UjVaAa
IiNbAa
HqFaAa
DxCaAa
ToBaAa
GzCaAa
DoObAa
VdAaAa
MwBaAa
HkHaAa
ZsBaAa
LyVbAa
DmWaAa
LhXaAa
NxIbAa
MvMaAa
SfWbAa
JfAaAa
VoWaAa
UtBbAa
TqHbAa
XeBbAa
BnLaAa
PhBaAa
KqBbAa
KbDaAa
BeRbAa
PkKbAa
XjMaAa
NsVbAa
UwEbAa
KtXaAa
HyAaAa
EdYbAa
SaDaAa
YeCbAa
GwKbAa
UnEaAa
ImGaAa
DkKaAa
PbAaAa
YkSbAa
CiQaAa
HrJbAa
YiTaAa
ImTaAa
PyRaAa
GkHaAa
XiWbAa
AzAaAa
NfRaAa
KoIaAa
QjZaAa
KnCaAa
GkHaAa
JtEaAa
BmVbAa
VaOaAa
OhBbAa
PhBaAa
XiEbAa
BxTaAa
TbFaAa
OhHbAa
UeRaAa
BxDbAa
GkJaAa
MwBaAa
AhDaAa
YlMaAa
ZgIaAa
HiEaAa
DgAaAa
MdJaAa
KfJbAa
FoIbAa
PhZaAa
VcIaAa
SpZaAa
RlHaAa
IxQaAa
ToHbAa
RvDaAa
ScRbAa
DcDaAa
CdAaAa
CaAaAa
LsLaAa
TxDbAa
FlPaAa
OpFaAa
FpDbAa
PfDaAa
XeTaAa
ZaFaAa
NeFaAa
JdFbAa
YbKbAa
MfLbAa
BxUbAa
OpFaAa
CqYaAa
BjAaAa
ZrPaAa
PyRaAa
EyNbAa
JpSaAa
CjCaAa
MuGaAa
XmOaAa
NjWaAa
IyAaAa
IbHaAa
GvIaAa
NlEbAa
OyFaAa
SbFaAa
YsCaAa
GbSaAa
EyYaAa
RtBaAa
FtIaAa
NoUbAa
OfHbAa
FxFbAa
TzJaAa
IuZaAa
UiObAa
OaSaAa
MwBaAa
XiWbAa
GaFaAa
AzAaAa
MwBaAa
MhWaAa
OpFaAa
EgBaAa
LlFaAa
ZzCaAa
HzRaAa
VaObAa
ImZaAa
BmSaAa
CcDaAa
LhYaAa
CsMaAa
WdAaAa
SiJbAa
NwFbAa
YiWbAa
LxXaAa
EdYbAa
SuEaAa
IrEaAa
JqAaAa
LiUaAa
SlIaAa
CxFaAa
KdEaAa
MnWaAa
TaIaAa
EnUbAa
DsSaAa
OfHbAa
EgEaAa
OwGaAa
NnKaAa
RiFaAa
TkXaAa
NfOaAa
QbAaAa
UnUaAa
XoKaAa
IcAaAa
DaAaAa
VkOaAa
FjMaAa
PhZaAa
BtFaAa
UoCaAa
XeCaAa
YaFaAa
EoKaAa
ShDaAa
MwBaAa
JwUbAa
YpPaAa
JkIaAa
KfAaAa
YfKbAa
MkBaAa
RcBaAa
FwKaAa
KqGbAa
SpVaAa
UeXaAa
CvLbAa
XiEbAa
BjBaAa
XoJaAa
EgHaAa
MhMbAa
WwMaAa
DcDaAa
ReSaAa
LxXaAa
UeMbAa
BkYaAa
NwFbAa
XbEaAa
VhTbAa
ToXaAa
KfAaAa
DlGbAa
WcLbAa
TmObAa
DrAbAa
MiGbAa
UtFbAa
ZkWbAa
MbTaAa
UqYaAa
XoJaAa
SaDaAa
EiMbAa
QmMaAa
XjMaAa
JdBaAa
XeAbAa
GvIaAa
VgRaAa
ZxIaAa
VeMbAa
FvYbAa
XgEaAa
NyLaAa
YsCaAa
CoMbAa
DdFaAa
GaNaAa
KfAaAa
XgBaAa
MfGaAa
YwKaAa
TrIaAa
QzOaAa
TuXaAa
JaSbAa
StBaAa
ShDaAa
TzAaAa
KdQaAa
FeCaAa
RpAaAa
RmYaAa
EnUbAa
QtJaAa
FzLaAa
GjRbAa
RcFbAa
OjHaAa
EsCbAa
VhTbAa
ZxHaAa
MuFbAa
VnFbAa
TkFaAa
WzYbAa
TzAaAa
IiAaAa
TfPaAa
OeVaAa
WeOaAa
IzUaAa
HhFaAa
MwBaAa
PhZaAa
MsAbAa
YkHaAa
CpIaAa
SlVaAa
DcDaAa
TjAaAa
GkBbAa
TiQaAa
YbMaAa
NvYaAa
BfPaAa
EyNbAa
PwIaAa
MhWaAa
ShDaAa
LnCaAa
QcBaAa
IyAaAa
RoDaAa
IcAaAa
GmSbAa
SaDaAa
WyMaAa
CqYaAa
NpPbAa
GjQbAa
JmTbAa
MrKaAa
WiMbAa
EuDaAa
TpHaAa
FgAaAa
RzLbAa
BpGaAa
FsCaAa
XeIaAa
GmPbAa
FtHaAa
BmVbAa
PuUaAa
JqAaAa
KoIaAa
HsCaAa
NvCbAa
MfGaAa
WsCbAa
HrQaAa
OfAbAa
OaGbAa
KmEaAa
NqUbAa
RhWbAa
EiRaAa
EsWaAa
UuMaAa
BwEaAa
WcDaAa
GkHaAa
UeMbAa
GrNaAa
ZsCaAa
FbNbAa
EuDaAa
IcAaAa
MfRaAa
DaAaAa
NlXbAa
JpJbAa
ViVbAa
KrSaAa
JgLaAa
SjIaAa
PhZaAa
LdCaAa
SnIaAa
UeXaAa
QzKaAa
QyBaAa
UiAbAa
RbLaAa
VaOaAa
EvFbAa
CeEaAa
EpEaAa
BiKaAa
JgLaAa
RzLbAa
IpQaAa
HkWbAa
AzAaAa
HgCaAa
OjHaAa
TfPaAa
CjCaAa
DsIbAa
SlEaAa
RcEaAa
MhWaAa
ImBbAa
YkZaAa
UhVaAa
PfCaAa
NlEbAa
EbBaAa
MdObAa
EiVbAa
WxFaAa
IbHaAa
KmEaAa
BsDaAa
LxEaAa
SbFaAa
BiDbAa
IiNbAa
KuCaAa
FeCaAa
HaNaAa
KsBbAa
JyJaAa
WaAaAa
MfGaAa
QdNaAa
UrGaAa
PeKaAa
NlOaAa
FpDbAa
ZxHaAa
LtDaAa
MdJaAa
RjNaAa
XeDaAa
AaQaAa
EoKaAa
UhVaAa
LsBbAa
RfNaAa
VpUaAa
LrSbAa
MkAaAa
KfAaAa
IiNaAa
XzFbAa
YrRaAa
WgGaAa
TaDbAa
MdObAa
EpEaAa
XeIaAa
GtUaAa
BzUbAa
XiEbAa
OdWaAa
LfQaAa
QlHaAa
JcPaAa
GsWaAa
KnCaAa
TaJaAa
RmCaAa
QkFbAa
EoFaAa
UsPbAa
MnWaAa
JoHaAa
PwUaAa
PyRaAa
OpKaAa
KiCaAa
ByNaAa
OxTbAa
OgQbAa
TrIaAa
RaDaAa
FbYbAa
GmWbAa
FzFbAa
PjSbAa
KmEaAa
FiRaAa
WqEbAa
WtVbAa
FgAaAa
EeObAa
VpUaAa
NeFaAa
CcCaAa
LyBbAa
KuCaAa
YpPaAa
TrIaAa
HyAaAa
RoDaAa
TpLaAa
NnEbAa
WyYaAa
TcDbAa
DlDaAa
KzWaAa
JkYbAa
PyGaAa
EcOaAa
NtIbAa
TbCbAa
MuFbAa
PbNaAa
ZlAaAa
ReAaAa
CdAaAa
GbSaAa
JrXaAa
ZaFaAa
XgAbAa
WeGaAa
ZuJaAa
WgBaAa
LdCaAa
ImHaAa
NkCaAa
FiEbAa
TxVbAa
ZbBaAa
BxTaAa
KzQaAa
ChUaAa
WySaAa
FtHaAa
HqFaAa
EeZaAa
NnEbAa
GxYbAa
EdYbAa
XuDaAa
VdAaAa
LdCaAa
XfMaAa
EbBaAa
JmTbAa
AqQaAa
WwQbAa
OfAbAa
HxHaAa
NhEbAa
PmKbAa
ImGaAa
SqSaAa
YkZaAa
VcWaAa
FvGaAa
GjMaAa
LfAaAa
XbEaAa
BfWbAa
WdAaAa
SlEaAa
BkYaAa
EySaAa
PhBbAa
EuDaAa
GcAbAa
IiAaAa
GwVaAa
TjAaAa
UaXaAa
CxFaAa
TlVaAa
OhAaAa
DcXaAa
LdCaAa
BvBaAa
NdIaAa
PbNaAa
QpAaAa
AjIaAa
WjPaAa
WpRbAa
AuAaAa
XvYbAa
BvFaAa
WiHaAa
FjMaAa
QcBaAa
QcBaAa
QmMaAa
CeXaAa
KdRaAa
DnGbAa
KcAaAa
OjMbAa
VzObAa
XmCbAa
BaRaAa
WlUbAa
KcFaAa
JpJbAa
OkUbAa
MuBbAa
CoMbAa
ExCaAa
LdCaAa
HyAaAa
DoXbAa
RoDaAa
JuUbAa
KqBbAa
AhNaAa
CsMaAa
ReAaAa
AtTaAa
FbNbAa
QcEaAa
DaAaAa
MqBbAa
DoSbAa
FeCaAa
LtXaAa
UmFaAa
VdAaAa
LkTbAa
ZlAaAa
YiTaAa
UhVaAa
VaObAa
RcEaAa
JmTbAa
JkNbAa
LoBbAa
RpVaAa
QcEaAa
OnEbAa
FxBaAa
DyXaAa
RbFaAa
JyJaAa
AuAaAa
GqPbAa
DyXaAa
PeKaAa
XgEaAa
OjXbAa
JuKbAa
LcCbAa
ImTaAa
NhJaAa
TsYbAa
CeRaAa
CaXaAa
TrIaAa
RoDaAa
BcQaAa
JsFaAa
WlDaAa
FnDaAa
IiBaAa
EaLbAa
WiMbAa
VgEbAa
EoFaAa
VtBbAa
CtBbAa
DoSbAa
HxUaAa
DcWaAa
BaAaAa
YrNaAa
IyAaAa
BmQaAa
JfAaAa
ZzJbAa
FoAaAa
YlMaAa
TzAaAa
BnLaAa
YkZaAa
HiTaAa
UjAaAa
PeAaAa
MbRbAa
FsBaAa
TpLaAa
JdFbAa
WbKaAa
VdAaAa
RaDaAa
MjZbAa
JnMaAa
AuEaAa
YaFaAa
RfNaAa
YnDaAa
HvJbAa
UeMbAa
BsObAa
BmVbAa
UrGaAa
FnDaAa
OwGaAa
YrNaAa
CwSaAa
KrSaAa
SnVaAa
EeCaAa
BmSaAa
HgIaAa
ZzCaAa
QgKbAa
DsIbAa
CoCaAa
HzCaAa
AoBaAa
GzCaAa
OhBbAa
CwPbAa
CwXaAa
ZlAaAa
QzOaAa
XkPbAa
VaAaAa
HsOaAa
KfAaAa
CqMbAa
EeDaAa
FcTaAa
FsCaAa
DsSaAa
OjHaAa
YoNbAa
ZxIaAa
VwAaAa
XzYbAa
VaOaAa
EpEaAa
VaAaAa
EySaAa
PhBaAa
MuBbAa
BcRaAa
SlYbAa
DpGaAa
WjPaAa
LbUbAa
OgQbAa
JnJbAa
PbAaAa
JzQaAa
WmIbAa
UxVbAa
QfCaAa
PjEbAa
OqRbAa
QhTaAa
ZuZaAa
FqEbAa
SvTaAa
KuUbAa
FmOaAa
YvQaAa
VjCaAa
JzBaAa
OjMbAa
JcLaAa
OpIbAa
DcWaAa
ZlAaAa
TdPaAa
IiAaAa
MaNbAa
EdYbAa
ZoNbAa
QwJbAa
CbUaAa
OaSaAa
VgJaAa
DrGaAa
GrNaAa
BpHaAa
FgBbAa
OjMbAa
BkYaAa
TsXaAa
MbTaAa
YsBaAa
HlAaAa
MwBaAa
UwEaAa
IhKbAa
JmLaAa
UmFaAa
OpFaAa
IoZaAa
EnUbAa
ZxWbAa
RwPaAa
NsHaAa
TgXaAa
HsOaAa
DiObAa
CrGbAa
GiAaAa
BkSaAa
SnGaAa
UeEaAa
UeBaAa
RtBaAa
OaSaAa
KdBaAa
OpOaAa
OkAaAa
AjNbAa
FyVaAa
BvBaAa
EpEaAa
WoOaAa
AhXbAa
TfUaAa
DoSbAa
BmObAa
GkJaAa
CcDaAa
CoObAa
ZgWbAa
ByNaAa
MfBaAa
UoCaAa
FsCaAa
IsFaAa
JdSaAa
AnBbAa
DcWaAa
FiJaAa
ImBbAa
XqOaAa
WpKbAa
NaYbAa
QyBaAa
FbBaAa
OxGbAa
EpEaAa
KqGbAa
AaQaAa
HaFaAa
KdQaAa
QjEaAa
LmNaAa
KiDaAa
LdHaAa
OgQbAa
PyRaAa
FxBaAa
QxGbAa
EuDaAa
MoEaAa
OaZbAa
QtJaAa
AlEaAa
EpNaAa
DoXbAa
YeIbAa
BnLaAa
QyJbAa
DkKaAa
WpNaAa
WuCbAa
IhKbAa
MzQbAa
KgUaAa
HkWbAa
MjZbAa
KmNaAa
DcWaAa
AjIaAa
JaSbAa
CjCaAa
ImTaAa
MlKaAa
WwGbAa
IvXbAa
SlIaAa
JmLaAa
QfDaAa
BxDbAa
UnUaAa
UmFaAa
RtBaAa
JmTbAa
RtBaAa
ZrEaAa
HzFaAa
GcOaAa
IiNbAa
DxFaAa
WgEaAa
IkWbAa
EjCaAa
KyTaAa
XzLaAa
PeAaAa
FiOaAa
DaAaAa
MfRaAa
QyBaAa
BvFaAa
EoKaAa
ScQaAa
DgAaAa
QbAaAa
LdDbAa
BvFaAa
UrAbAa
ZlAaAa
MwBaAa
BpGaAa
TbUaAa
QgKbAa
VrAaAa
UoCaAa
YsCaAa
MlHbAa
PfTaAa
QbAaAa
RcBaAa
PfTaAa
NaYbAa
QyBaAa
LjXaAa
NdIaAa
KdEaAa
SyPaAa
CnNaAa
CwXaAa
SqSaAa
TbUaAa
MjZbAa
MnFaAa
AcHaAa
BnTbAa
CeGaAa
QyRaAa
PyFaAa
OfHbAa
HxIaAa
ArZaAa
MrWaAa
KoIaAa
AvTaAa
MkAaAa
UrAbAa
CeGaAa
XiMbAa
MbLbAa
LzNaAa
WsCbAa
LyVbAa
IhKbAa
TaIaAa
LmNaAa
DlGbAa
VxLaAa
OzMaAa
YiTaAa
ByNaAa
KnObAa
GkJaAa
BaAaAa
CcDaAa
YpPaAa
WhTbAa
EeZaAa
VeRaAa
NqKbAa
NsHaAa
TpLaAa
ZlAaAa
VrAaAa
YbTbAa
MhMbAa
WgGaAa
WgBaAa
WpRbAa
LlFaAa
CqMbAa
DgAaAa
BvFaAa
UsKaAa
LsLaAa
MsIaAa
WcLbAa
PeAaAa
KsBbAa
ZxUaAa
HsOaAa
NkCaAa
CdAaAa
TbUaAa
JdFbAa
EbNbAa
SfWbAa
WwGbAa
WmIbAa
YsCaAa
LqBbAa
WiHaAa
VyEaAa
VmWaAa
GlAaAa
UlUaAa
GmWbAa
XqOaAa
DxLaAa
YrNaAa
LqBbAa
JyAbAa
XwKaAa
CuXaAa
XbBaAa
AfLaAa
GjQbAa
NmRbAa
AaQaAa
OhAaAa
JaSbAa
VjAaAa
VjCaAa
SqXaAa
CmXaAa
LbJaAa
UpFbAa
WzYbAa
ZxUaAa
BaIaAa
KiDaAa
GsBaAa
CdAaAa
FtIaAa
JcAaAa
DkVbAa
PrOaAa
LbJaAa
MkAaAa
CdAaAa
LrKaAa
MtYaAa
NvYaAa
HqJaAa
TqMaAa
TcHaAa
ZgCaAa
AgFbAa
MdObAa
TkXaAa
TcDbAa
CrAaAa
DsMbAa
BxTaAa
ZeNaAa
CvBaAa
NnEbAa
QmLbAa
XiMbAa
DxLaAa
PeAaAa
YaFaAa
HpPaAa
ZlAaAa
PxAaAa
XoIbAa
MwBaAa
MnFaAa
FiOaAa
QyBaAa
DmWaAa
EmKaAa
MsHaAa
VaOaAa
KgUaAa
YiTaAa
WrHaAa
UoCaAa
NhJaAa
YjQbAa
CjCaAa
MaBaAa
ImTaAa
AnHaAa
WwXaAa
ItEaAa
DjTbAa
PeKaAa
MsHaAa
FsCaAa
QcBaAa
LdCaAa
TkXaAa
VeJaAa
GpEaAa
SlIaAa
RsRaAa
JrObAa
EqWaAa
WyMaAa
KkNbAa
DeHaAa
KiDaAa
FxBaAa
PfTaAa
YeIaAa
WqEbAa
HdKbAa
QrFaAa
IuZaAa
GzCaAa
GoCbAa
ZuZaAa
AnGaAa
PwHaAa
KfAaAa
OiQbAa
WaAaAa
UgXaAa
SyPbAa
VqXbAa
GvIaAa
KvAaAa
NoRbAa
CmXaAa
JmTbAa
VcWaAa
AlEaAa
TjAaAa
JwUbAa
WrUaAa
OpOaAa
JmTbAa
JnYaAa
FgVbAa
HhFaAa
VcIaAa
SfPbAa
WlDaAa
AgKaAa
NkCaAa
TdPaAa
OhCbAa
NaYbAa
FxBaAa
DlGbAa
NwFbAa
LdCaAa
LvEbAa
AoBaAa
XqBaAa
TtCaAa
LyBbAa
WgEaAa
MoAbAa
TsDaAa
PfIaAa
IiNbAa
BzJaAa
DxCaAa
FiGaAa
GgHbAa
HxBaAa
PhZaAa
CdAaAa
TaUbAa
GjRbAa
BcGaAa
GiBbAa
RbFaAa
VaObAa
BaAaAa
QtJaAa
DwSaAa
DoXbAa
ShCaAa
SpZaAa
PjBbAa
DgAaAa
KpYaAa
JmTbAa
IoTaAa
ToXaAa
JuKbAa
YsBaAa
JfAaAa
SaDaAa
KuCaAa
JcAaAa
NsHaAa
KjJbAa
MwRbAa
HvJbAa
CtFaAa
KnSaAa
LrSaAa
BaAaAa
CtBbAa
ZaHbAa
NfObAa
ZaHbAa
QaZbAa
CrAaAa
UiAbAa
IyAaAa
TxVbAa
XbEaAa
OpFaAa
HdKbAa
EnUbAa
KnObAa
EcOaAa
KfAaAa
BnTbAa
KcFaAa
BaAaAa
XaAbAa
XdAaAa
IcAaAa
OkCaAa
DgAaAa
GvIaAa
TeFbAa
MnFaAa
TmAaAa
OhHbAa
FsBaAa
DeHaAa
KfAaAa
ImGaAa
PbAaAa
PmBaAa
SoRaAa
EsCbAa
AoBaAa
HxUaAa
RtBaAa
MoNaAa
MtDaAa
VrAaAa
YkGaAa
EtRbAa
RpVaAa
DlGbAa
MfBaAa
GcAbAa
UoBaAa
OhHbAa
SvTaAa
WcTaAa
FeBbAa
VhTbAa
DhPaAa
TrIaAa
WgEaAa
ZlAaAa
TrIaAa
KvPbAa
GnDaAa
MdJaAa
AcHaAa
JgLaAa
FdQbAa
MlKaAa
GgHbAa
UwEaAa
OlCbAa
DoMbAa
XeTaAa
RvJaAa
VcWaAa
HsOaAa
ZyKaAa
IoZaAa
BsYbAa
KfAaAa
JrXaAa
LcFaAa
QcBaAa
BiDbAa
BaRaAa
UhVaAa
LtDaAa
JpSaAa
CwAaAa
WgEaAa
OiUbAa
NvYaAa
FyNbAa
OhCbAa
HxUaAa
GrNaAa
FlPaAa
VgEbAa
KqIaAa
ZfKbAa
QlZaAa
LdRaAa
TjAaAa
HzCaAa
KpYaAa
BjPbAa
NvKaAa
AmAaAa
YqJaAa
HqTaAa
GoNbAa
VqXbAa
IeWbAa
DdFaAa
XdKaAa
LfBaAa
JoVaAa
FzLaAa
TdPaAa
ZwLbAa
BaAaAa
FtIaAa
WpUbAa
PgFaAa
CxFaAa
VdFaAa
PhEaAa
KyTaAa
MwBaAa
NeQbAa
XgBbAa
RvJaAa
HtAaAa
HzCaAa
FsCaAa
UoCaAa
LuLaAa
UuSaAa
IcAaAa
AyQaAa
YiIbAa
XiHaAa
QlTaAa
QkKbAa
GqJaAa
VlDaAa
QhBaAa
PwUaAa
AoBaAa
MnFaAa
XtIaAa
FyVaAa
FzFbAa
AyQaAa
QpAaAa
AnBbAa
JiBaAa
EdGbAa
WdAaAa
PuJbAa
WqEbAa
DxCaAa
KmEaAa
FmOaAa
PyRaAa
OlCbAa
PeKaAa
HzFaAa
IzUaAa
CrAaAa
FnDaAa
BaAaAa
EdYbAa
RtCaAa
OxGbAa
TjVaAa
TmSaAa
DgAaAa
DiXaAa
OgUbAa
OjHaAa
VdAaAa
GkHaAa
IiNbAa
YmJaAa
UwSaAa
BaAaAa
GtUaAa
OiQbAa
AnGaAa
ObAbAa
IbVaAa
KgUaAa
HgIaAa
EsYaAa
PwHaAa
RsQaAa
HlLbAa
EqCaAa
TfWbAa
BmAaAa
FlPaAa
YrRaAa
AaQaAa
AzAaAa
JmTaAa
DgAaAa
KnObAa
ToBaAa
YsCaAa
GwVaAa
AhDaAa
KfAaAa
VhPaAa
WgEaAa
EiRaAa
FfFaAa
MpXbAa
XlDaAa
HqTaAa
RcEaAa
LrKaAa
GbTbAa
UiAbAa
PwIaAa
InMaAa
JdEaAa
FpEaAa
PrNbAa
OaSaAa
CmRaAa
HvNaAa
KcFaAa
OjXbAa
TjVaAa
PhTaAa
EoSbAa
ZeNaAa
GzLaAa
PeAaAa
EgHaAa
CdAaAa
UvFaAa
OtNbAa
EgEaAa
MxSaAa
StFaAa
DgAaAa
CsPbAa
FeBbAa
XqOaAa
FbEaAa
CdAaAa
BjIaAa
YaFaAa
VyEaAa
PqEaAa
JwJaAa
KfAaAa
BqMaAa
QdWbAa
NqKbAa
AtTaAa
XeZaAa
JfAaAa
EvHbAa
BjAaAa
LuCaAa
FvYbAa
WoOaAa
TeQaAa
XdAaAa
MzQbAa
KrSaAa
FnDaAa
UlUaAa
VwAaAa
XdAaAa
OkAaAa
FoAaAa
PmBaAa
PfCaAa
VhPaAa
KoIaAa
FfQbAa
UaJbAa
LvSaAa
JcAaAa
SnIaAa
MtDaAa
RwPaAa
GzCaAa
DgAaAa
NiPaAa
AaQaAa
ZxIaAa
NfMbAa
RwPaAa
ZqTaAa
YfKbAa
ZaFaAa
PkKbAa
QcSaAa
ZgCaAa
OcMaAa
OsAaAa
XjMaAa
YbSaAa
RyBaAa
SqXaAa
TjAaAa
BmVbAa
OqRbAa
GwKbAa
RyPbAa
GaFaAa
XjPaAa
CjBaAa
GzCaAa
CrGaAa
DnGbAa
KgLaAa
FbYbAa
IiNaAa
YvQaAa
MaNbAa
EjPaAa
XfMaAa
MrYaAa
ImGaAa
TwEaAa
NeFaAa
SbFaAa
BvFaAa
UmAaAa
CeEaAa
GmJaAa
HsOaAa
TzAaAa
VwSaAa
SzAbAa
ShDaAa
TiKaAa
UsKaAa
MjAbAa
KwJaAa
WgOaAa
MzQbAa
BaAaAa
DoSbAa
SyIaAa
UwXaAa
EbBaAa
IhKbAa
AhCaAa
UiAbAa
LhYaAa
GgBbAa
UeYaAa
NxMaAa
JhKaAa
TrIaAa
HuDaAa
WaAaAa
MzQbAa
EmKaAa
ZaPaAa
EcTaAa
LpBaAa
KbDbAa
SoMaAa
WdGbAa
MkAaAa
VjCaAa
EuDaAa
LvEbAa
HxIaAa
HkWbAa
HaHbAa
MsIaAa
KdRaAa
MdObAa
QhBaAa
BxTaAa
ZyOaAa
PrNbAa
EtIaAa
PeKaAa
VcWaAa
XfMaAa
LmEaAa
FxFbAa
GzCaAa
SoBaAa
RmJbAa
BfPaAa
KvPbAa
BxJaAa
ToBaAa
SkFaAa
KzWaAa
ReSaAa
PxKaAa
KmEaAa
MrYaAa
PxKaAa
WcLbAa
VmFaAa
OjOaAa
PpFaAa
GlAaAa
CoCaAa
TxVbAa
ZuJaAa
UmFaAa
LyDaAa
FnDaAa
AtZaAa
JfAaAa
QaVaAa
QhBaAa
GzCaAa
EcLbAa
UeEaAa
PuNaAa
VxLaAa
GzCaAa
ZeNaAa
QbAaAa
PlCbAa
CmXaAa
CsPbAa
AjAaAa
FxBaAa
MjZbAa
WoKaAa
QdNaAa
TdPaAa
OpKaAa
BaAaAa
IyAaAa
BsXaAa
KrSaAa
DnGbAa
OhAaAa
XgZaAa
UvBaAa
TvFaAa
DjTbAa
ZlAaAa
BcRaAa
TeBaAa
WgJaAa
GgCbAa
XbEaAa
PeAaAa
QlHaAa
TjVaAa
DxRbAa
ZgCaAa
PzEaAa
GiAaAa
TnGaAa
OiQbAa
BvBaAa
AvTaAa
HvYbAa
FgAaAa
EqWaAa
UxVbAa
OxAaAa
WgBaAa
WpNaAa
CvBaAa
BaQaAa
OxAaAa
OsAaAa
MbTaAa
EiMbAa
LdCaAa
HlAaAa
RiSaAa
EaLbAa
MxIbAa
EdFaAa
QnYbAa
IsTaAa
FxBaAa
YkHaAa
FsBaAa
MwBaAa
CwAaAa
NrBaAa
RmCaAa
RnHaAa
UeEaAa
ErUaAa
XoJaAa
HvJbAa
SkFaAa
XiWbAa
SnGaAa
EcOaAa
RfNbAa
LwCaAa
YiIbAa
IiNaAa
XdKaAa
KhQaAa
FgAaAa
OyYbAa
XmOaAa
ZsCaAa
JcAaAa
GlAaAa
KmNaAa
JnJbAa
RrZaAa
AoBaAa
EgAaAa
TbCbAa
GbTbAa
ZaPaAa
ZeNaAa
HqTaAa
TjAaAa
JeLaAa
GbSaAa
NcKaAa
AfPbAa
JmTaAa
KnObAa
XgEaAa
KrSaAa
ReAaAa
WeZaAa
IcAaAa
CjBaAa
LrKaAa
YgTaAa
PfDaAa
WgBaAa
WgVbAa
WdYbAa
GbBaAa
RjYbAa
PpFaAa
CbIbAa
UcJbAa
DgAaAa
TlYbAa
ItAaAa
CoCaAa
NdZaAa
EuDaAa
PeAaAa
KuCaAa
GaFaAa
QhIbAa
DgAaAa
OxAaAa
IiNaAa
EuDaAa
IiAaAa
MkAaAa
YiIbAa
LzNaAa
QcEaAa
PkKbAa
VyEaAa
TpLaAa
RrZaAa
DsEbAa
RbFaAa
KwUbAa
JuUbAa
YyOaAa
GkBbAa
MdObAa
GaFaAa
PfCaAa
GoNbAa
NxMaAa
JrObAa
EdYbAa
CeYaAa
EuDaAa
CdAaAa
MdVbAa
SlVaAa
YsCaAa
PeAaAa
JoVaAa
FbYbAa
MfGaAa
LxXaAa
GiAaAa
XfQbAa
TlVaAa
GbSaAa
HkGaAa
LcFaAa
BwEaAa
UeXaAa
PwUaAa
WaAaAa
UkFaAa
TuXaAa
TrIaAa
TjAaAa
PyGaAa
MhWaAa
TaIaAa
HeCbAa
OfAbAa
DlGbAa
UeMbAa
FeTaAa
NvYaAa
GzCaAa
PgFaAa
YjQbAa
NeFaAa
FeTaAa
UrGaAa
BiKaAa
WnUbAa
CoMbAa
KmNaAa
ZlCaAa
WiHaAa
UeEaAa
OpOaAa
QcSaAa
WqXbAa
CzDaAa
UoCaAa
CqMbAa
PeAaAa
MsAbAa
PeVaAa
MwBaAa
TcDbAa
TmAaAa
DsIbAa
HyAaAa
YjQbAa
CxFaAa
JlAbAa
OhAaAa
MsAbAa
RjNaAa
LdCaAa
IkEaAa
ImHaAa
TeBaAa
BaAaAa
FoIbAa
ZsOaAa
MuFbAa
JkIaAa
QcSaAa
ElBaAa
UhVaAa
PyGaAa
KpSaAa
LuLaAa
PcKbAa
SfPbAa
ZhFaAa
CdAaAa
NdOaAa
AdLaAa
GbTbAa
ImGaAa
RxLbAa
KdRaAa
ZgCaAa
CkRaAa
KfAaAa
JbGaAa
GiAaAa
GiAaAa
VqXbAa
AyHaAa
MxIbAa
BzAaAa
BaAaAa
LmEaAa
ZgCaAa
LdCaAa
AtFaAa
CdAaAa
IcAaAa
CjBaAa
RpVaAa
StCaAa
FzFbAa
OhBbAa
HhFaAa
MxIbAa
MdCaAa
ItPaAa
EbNbAa
CzDaAa
CvBaAa
GmPbAa
LjObAa
TwEaAa
AlEaAa
RnHaAa
UeRaAa
CnNaAa
VjUaAa
MtXbAa
DiXaAa
MfGaAa
ItEaAa
YsCaAa
OtNbAa
DcIaAa
ChUaAa
VjCaAa
NfWaAa
RmYaAa
BbSbAa
MgTbAa
IdSaAa
XoJaAa
DsIbAa
MkAaAa
ObAbAa
VfGbAa
KvAaAa
XdAaAa
AuWbAa
NvKaAa
DoSbAa
TcRbAa
EdGbAa
TxVbAa
KuFaAa
MkAaAa
CwAaAa
RyIaAa
AuObAa
KiLaAa
RgKaAa
XqOaAa
IkWbAa
ImGaAa
PrOaAa
HxBaAa
YqJaAa
KpSaAa
OcMaAa
QaVaAa
KbDaAa
OxGbAa
DyEbAa
FaAaAa
KaIbAa
CdAaAa
WlUbAa
UuMaAa
YjQbAa
SmQaAa
SlEaAa
GiCbAa
QlTaAa
OyLaAa
YyGbAa
WpRbAa
UjAaAa
LtDaAa
NkAaAa
SqSaAa
XaAaAa
KnObAa
WcLbAa
XaAaAa
ObAbAa
LtDaAa
NqKbAa
ZsCaAa
OxMaAa
UoCaAa
NhAaAa
VfGbAa
HhFaAa
ZuOaAa
QjEaAa
VeJaAa
SnBbAa
GmPbAa
ErUaAa
BcRaAa
XkPbAa
ToHbAa
YkHaAa
MvMaAa
KmEaAa
CaDbAa
OkAaAa
OfHbAa
SkAbAa
SpTbAa
CeGaAa
XtIaAa
XmCbAa
SuEaAa
KkIaAa
QdWbAa
CxFaAa
VbKaAa
FvYbAa
KoIaAa
BqMaAa
RpAaAa
JjFaAa
AaQaAa
KaUaAa
FoIbAa
OsAaAa
XdKaAa
FiJaAa
MkBaAa
BxJaAa
KvPbAa
MkBaAa
VeQaAa
EyNbAa
MxIbAa
QcBaAa
YgTaAa
EgBaAa
KiDaAa
CgXaAa
ZfKaAa
EiRaAa
ZeNaAa
CjCaAa
MuFbAa
LlRaAa
IiBaAa
ItRaAa
TzAaAa
KbUbAa
SnBbAa
WrAaAa
LqHaAa
FbEaAa
HfKaAa
KxNaAa
LnXaAa
YyGbAa
YqJaAa
VfGbAa
TeQaAa
FgGaAa
RzOaAa
DyEaAa
QlGaAa
NhAaAa
DgAaAa
CqYaAa
WoWaAa
JrObAa
StBaAa
UeEaAa
TpHaAa
KtXaAa
JdEaAa
YlMaAa
FeTaAa
GkBbAa
UnNaAa
OhHbAa
PmKbAa
NhAaAa
TkFaAa
GeZaAa
ObAbAa
QyBaAa
EgVbAa
DwSaAa
MkBaAa
UdPaAa
TeQaAa
LyVbAa
ZzFaAa
WdAaAa
OaZbAa
MdCaAa
ToXaAa
EcOaAa
SmCaAa
YbTbAa
ZfKaAa
GaFaAa
VuIbAa
TkSaAa
SzLbAa
KuCaAa
MxSaAa
DzDaAa
YlBaAa
WcTaAa
MkAaAa
IhKbAa
KqBbAa
HcNaAa
LkDaAa
JsTaAa
CvLbAa
TfPaAa
KdRaAa
HdKbAa
ZaPaAa
GiAaAa
LqHaAa
PhBaAa
QdWbAa
DiXaAa
MjZbAa
LbYaAa
OzMaAa
ZlCaAa
CoCaAa
YrNaAa
GiGaAa
VlDaAa
QcEaAa
TgQaAa
AjNbAa
MoAbAa
SnBbAa
FsCaAa
WgEaAa
RmCaAa
LmEaAa
DeHaAa
CzDaAa
VzDaAa
LdJbAa
UcCaAa
CgYaAa
UiAbAa
CjBaAa
BiKaAa
LjKaAa
AuPaAa
EjGbAa
GlCaAa
MtKaAa
YlPaAa
SoBaAa
KfAaAa
EySaAa
WsCbAa
AfLaAa
UrGaAa
PhEaAa
DhPaAa
ApZaAa
YsBaAa
TaJaAa
ScRbAa
IsTaAa
OsAaAa
TzAaAa
DoXbAa
HiZaAa
DnNaAa
WrUaAa
UeEaAa
JwJaAa
EoFaAa
ZhFaAa
EkKaAa
HqFaAa
TaIaAa
GoNbAa
XkCbAa
QsQaAa
VqXbAa
HrEaAa
NrBaAa
QoPaAa
QcBaAa
ZvPaAa
CeYaAa
ReSaAa
KpYaAa
QwQaAa
HgCbAa
WaAaAa
XqIbAa
PgFaAa
MbTaAa
UvBaAa
YlRbAa
VfYbAa
DhTbAa
HqOaAa
SlIaAa
PxKaAa
NkCaAa
AfLaAa
QhTaAa
KbCaAa
NrBaAa
PySbAa
MaNbAa
CmXaAa
BuAaAa
ZyOaAa
HtRaAa
WpNaAa
VdAaAa
YlMaAa
FfFaAa
EoFaAa
LwCaAa
VcWaAa
LgPaAa
SuMbAa
KbUbAa
GwVaAa
LcUaAa
NxMaAa
NeQbAa
ZtRaAa
GzCaAa
VaObAa
UhGbAa
WaAaAa
FbYbAa
XgOaAa
KoBbAa
AuObAa
WxFaAa
BmVbAa
FfQbAa
CsYbAa
GjQbAa
EbBaAa
FmOaAa
EyIbAa
JpJbAa
VeGaAa
DaOaAa
MsGaAa
QcEaAa
JuUbAa
IeWbAa
QyBaAa
GlCaAa
OxAaAa
JsZaAa
RoDaAa
TsSbAa
OqKbAa
CcDaAa
WzYbAa
EuDaAa
JwUbAa
UrGaAa
UpAbAa
NhJaAa
QcBaAa
JaSbAa
GxBaAa
SyIaAa
YbBaAa
WpRbAa
DaWaAa
EnUbAa
VqXbAa
TjAaAa
FhUbAa
JoHaAa
VqXbAa
KfAaAa
RlHaAa
JfAaAa
PhEaAa
VdAaAa
WoOaAa
FnDaAa
UrGaAa
JdEaAa
IiNaAa
UaJbAa
DyEaAa
OhBbAa
WoFaAa
RjNaAa
OiUbAa
TrGbAa
GmJaAa
LiDaAa
RnHaAa
ViHbAa
BzAaAa
VxLaAa
YaFaAa
EqCaAa
MdJaAa
HdKbAa
JrDaAa
KvPbAa
VtAbAa
DjCaAa
AuAaAa
EvBbAa
PbAaAa
WoKaAa
BzDbAa
LdDbAa
KfAaAa
TvFaAa
EkHbAa
VtVbAa
YiTaAa
LfAaAa
CpGbAa
GjRbAa
FsBaAa
EgHaAa
EyNbAa
GzCaAa
XzLaAa
PwIaAa
WiMbAa
TwPbAa
WxLaAa
NyLaAa
LfSaAa
UoCaAa
LdCaAa
ZgCaAa
SoBaAa
IvXbAa
FoPbAa
VyEaAa
FgBaAa
MuGaAa
ToBaAa
LgTbAa
EvHbAa
WoKaAa
EsCbAa
PsAaAa
XwKaAa
IiBaAa
KmVaAa
YsCaAa
RiFaAa
RoJbAa
BjBaAa
GoNbAa
RtBaAa
KcAaAa
MeTbAa
TbSbAa
WwGbAa
DsSaAa
QqPaAa
JfSaAa
LpBaAa
NxNbAa
BmVbAa
FnDaAa
NoUbAa
SkFaAa
BnBbAa
UtLaAa
QzKaAa
TjAaAa
CdAaAa
PhEaAa
XgEaAa
TbCbAa
XfMaAa
SuEaAa
EpEaAa
CjCaAa
AaQaAa
EsCbAa
NnEbAa
MsAbAa
NdWaAa
WgGaAa
PrNbAa
TyNaAa
IcAaAa
QcBaAa
KaIbAa
KvEaAa
GlPaAa
SxDaAa
RaGaAa
PwYbAa
HfKaAa
NoUbAa
LdCaAa
LfAaAa
QjTaAa
QcEaAa
ZhFaAa
BzJaAa
LpHbAa
MzIbAa
LaSbAa
KmEaAa
HvUaAa
BuMbAa
BeBaAa
RmJbAa
AjNbAa
QgKbAa
XkPbAa
FpKbAa
UeMbAa
HgTaAa
XeBbAa
XdAaAa
UiAbAa
QlGaAa
BvBaAa
KiDaAa
ZxIaAa
NlOaAa
EgAaAa
EbNbAa
JiNaAa
LhXaAa
GwVaAa
AuAaAa
BcRaAa
FvHaAa
DeHaAa
VbXbAa
AiJbAa
LyVbAa
OvMaAa
NrBaAa
NwFbAa
EeVbAa
DxFaAa
QcBaAa
AvOaAa
YbSaAa
KfAaAa
HhFaAa
VrAaAa
RmYaAa
TrIaAa
VjCaAa
XeIaAa
GtUaAa
JdEaAa
FvYbAa
StTaAa
OpKaAa
FnUbAa
CeYaAa
HfKaAa
LrKaAa
FeTaAa
CoMbAa
MnWaAa
WlDaAa
KdEaAa
XlPaAa
CcDaAa
FmOaAa
MvMaAa
FsBaAa
UiAbAa
QrJaAa
MtYaAa
FsBaAa
XbEaAa
NsHaAa
MiDaAa
UrHaAa
ZuOaAa
TgYaAa
MkBaAa
BxTaAa
PwHaAa
XuDaAa
XhMaAa
CcYaAa
XeCaAa
GjRbAa
KfAaAa
WwNbAa
NaYbAa
NnEbAa
QdWbAa
WoKaAa
JnYaAa
FjMaAa
CaAaAa
TbUaAa
HqFaAa
JfAaAa
HuOaAa
MwBaAa
GeDaAa
BkSaAa
GrNaAa
HkTaAa
PhZaAa
XxGaAa
AtTaAa
UsPbAa
KrSaAa
ZeNaAa
AlEaAa
DiYaAa
PhBaAa
SlVaAa
QfDaAa
EqWaAa
DaWaAa
ItPaAa
EbBaAa
QrFaAa
KqGbAa
MaNbAa
IoZaAa
EeDaAa
YkZaAa
SnIaAa
QhBaAa
PmKbAa
YlPaAa
ZgCaAa
KcAaAa
FsBaAa
KoBbAa
NkBaAa
SlNaAa
OpOaAa
MaBaAa
MfGaAa
EvGaAa
JbHaAa
AzAaAa
NwFbAa
BmAaAa
TiQaAa
XiEbAa
ZnBaAa
MbTaAa
FfFaAa
MlHbAa
IgIbAa
OkAaAa
GpLbAa
UmFaAa
WdAaAa
WpNaAa
KbCaAa
EaLbAa
OvYaAa
RaDaAa
HxUaAa
PhBaAa
GeBbAa
CbCbAa
MhMbAa
WzYbAa
DhPaAa
YsBaAa
LtMaAa
ErUaAa
HrPaAa
YiIbAa
CmRaAa
EaLbAa
MzQbAa
QtJaAa
BvFaAa
MzKbAa
IzUaAa
NhHaAa
BdPaAa
VaAaAa
OwBaAa
MvMaAa
MtKaAa
TaJaAa
EbBaAa
IwZaAa
RoJbAa
MsHaAa
BvBaAa
YsCaAa
IiAaAa
CzDaAa
ZnBaAa
MuFbAa
UvBaAa
PfDaAa
MkAaAa
HtAaAa
AyUaAa
IyKaAa
SlNaAa
BkYaAa
GcAbAa
AtFaAa
TzAaAa
SfWbAa
ZlAaAa
TbUaAa
KcFaAa
QcEaAa
NkCaAa
AlEaAa
XpEaAa
HvNaAa
PkMaAa
NcKaAa
PbAaAa
KyDaAa
EjGbAa
TaIaAa
KaSbAa
KpYaAa
VdAaAa
FbEaAa
DjTbAa
QdNaAa
ZvPaAa
KqAaAa
ImGaAa
WzYbAa
MkAaAa
BcGaAa
EeOaAa
MjAbAa
WdAaAa
FeIaAa
GiCbAa
OvYaAa
PxKaAa
DiYaAa
UeRaAa
WzYbAa
KnCaAa
OxGbAa
ZaFaAa
EcLbAa
ZaPaAa
AmYaAa
AdLaAa
TwEaAa
VuKaAa
IoZaAa
ZgCaAa
WxFaAa
DxCaAa
InMaAa
AnHaAa
OsUaAa
EiMbAa
TgYaAa
KnCaAa
OkCaAa
NyLaAa
ZlJbAa
QlHaAa
KnObAa
VuCbAa
IkEaAa
VaObAa
DmXaAa
MzQbAa
FlUbAa
EsYaAa
WxFaAa
JdBaAa
OhBbAa
DjUaAa
BeFbAa
JwJaAa
BmAaAa
GzCaAa
TdUaAa
RwHaAa
FgBbAa
KpYaAa
FiJaAa
BmSaAa
IzHaAa
SfUaAa
MnWaAa
QkFbAa
CnNaAa
XuDaAa
HvNaAa
PfDaAa
PwHaAa
KrSaAa
YjQbAa
EuDaAa
GeBbAa
ZgCaAa
JoVaAa
VaAaAa
DvCaAa
OpOaAa
LbIaAa
IyAaAa
OpPbAa
VcDaAa
KrSaAa
QwRaAa
MtXbAa
KyDaAa
HrEaAa
DsSaAa
AvTaAa
NsHaAa
CrGaAa
NkAaAa
IwZaAa
SlNaAa
LaCbAa
OiQbAa
WdAaAa
IaLaAa
OxAaAa
CwXaAa
GoNbAa
KtXaAa
AaHaAa
GtUaAa
MtYaAa
CxFaAa
XdKaAa
DoXbAa
NkCaAa
TzAaAa
NqKbAa
LbJaAa
TkSaAa
WeWaAa
JrObAa
GgAbAa
BnTbAa
UeEaAa
BtOaAa
VkWaAa
JiBaAa
DdAaAa
PvDaAa
OwBaAa
NxMaAa
BbSbAa
QbJaAa
KdQaAa
RmCaAa
MbLbAa
TcHaAa
UrHaAa
JcPaAa
DxFaAa
KoIaAa
MpXbAa
XuDaAa
UhGbAa
DhTbAa
MoEaAa
XxFaAa
SdNbAa
CdAaAa
KsBbAa
QdNaAa
QcEaAa
VrAaAa
VaOaAa
DxHbAa
NrBaAa
ZtRaAa
DcIaAa
JmLaAa
UuMaAa
QpTaAa
HzGaAa
BcGaAa
BpLaAa
ZgCaAa
IiNbAa
UtFbAa
MhXaAa
JqAaAa
UhVaAa
MpXbAa
NsHaAa
DoXbAa
IkWbAa
AuWbAa
UmAaAa
PhBaAa
NqKbAa
HrPaAa
FmOaAa
WrAaAa
KzWaAa
PbAaAa
JcAaAa
OwFbAa
NzSaAa
ZeIbAa
WgEaAa
UcJbAa
ZlAaAa
YyOaAa
MbLbAa
XvYbAa
ShDaAa
UmAaAa
FaZaAa
CsMaAa
XbBaAa
VuCbAa
OhHaAa
DoSbAa
CxFaAa
UoCaAa
DnGbAa
UlUaAa
ZzFaAa
FnDaAa
MlKaAa
WsCbAa
KdRbAa
TwPbAa
FiEbAa
HuOaAa
EsSaAa
QcEaAa
YnPaAa
IeWbAa
TrIaAa
QnTaAa
SpZaAa
ZuZaAa
LsDbAa
OdObAa
BaAaAa
FtIaAa
IdSaAa
CeJbAa
NqUbAa
IiBaAa
TqSaAa
FpKbAa
StFaAa
NaNbAa
DgAaAa
DcJbAa
NlHbAa
VlDaAa
XvYbAa
BoBaAa
RpAaAa
JdFbAa
CaYaAa
JuKbAa
NkCaAa
StFaAa
PlCbAa
DgAaAa
RfNaAa
CxVbAa
DcDaAa
TrIaAa
FnDaAa
XpEaAa
TjNbAa
SgSaAa
CwSaAa
TvFaAa
KmEaAa
FuDaAa
EtAbAa
FfMaAa
FeBbAa
SnGaAa
JjSaAa
CdAaAa
EsWaAa
DrAaAa
QjSbAa
SnGaAa
DtLaAa
NkCaAa
VdAaAa
ZuOaAa
ZaBbAa
BbSbAa
UrGaAa
HzCaAa
PhBaAa
KvAaAa
ZlLbAa
CaYaAa
OtNbAa
ZlJbAa
CgDbAa
EgEbAa
BnLaAa
EoKaAa
JrXaAa
JcAaAa
JmLaAa
BaAaAa
RrJaAa
GkBbAa
NcKaAa
AuAaAa
KoIaAa
AoBaAa
JpSaAa
PfCaAa
FvGaAa
DhTbAa
CjCaAa
DdAaAa
PhBaAa
FoAaAa
TcDbAa
NrWaAa
EbNbAa
SlYbAa
LtDaAa
SlYbAa
AiJbAa
WdYbAa
WlBaAa
UeXaAa
JyAbAa
LdCaAa
XgBaAa
CvLbAa
TaJaAa
CeRaAa
SwNaAa
QyFaAa
WdAaAa
VwAaAa
ZiIbAa
MhWaAa
MkAaAa
YbSaAa
RbFaAa
FgOaAa
NwFbAa
EcOaAa
CwAaAa
UaXaAa
BbSbAa
GxYbAa
JpMaAa
AuAaAa
EaLbAa
IoZaAa
QuNaAa
IeWbAa
HfKbAa
IiBaAa
VaOaAa
JzQaAa
TbCbAa
GsCaAa
WlUbAa
DlGbAa
UtFbAa
XeBbAa
WoEbAa
VlDaAa
ItEaAa
WzYbAa
OaTbAa
DlDaAa
GvIaAa
NgGbAa
PcKbAa
WuCbAa
ImBbAa
GiBbAa
XiEbAa
QeUbAa
MhMbAa
UzBbAa
BmVbAa
BmObAa
XkPbAa
MlHbAa
JdBaAa
GeTaAa
ZuJaAa
EpNaAa
DiXaAa
EaLbAa
OsUaAa
GzCaAa
DdAaAa
DwAaAa
CeRaAa
HlAaAa
MwBaAa
KzWaAa
FvYbAa
ItPaAa
NbObAa
VhPaAa
WtRbAa
QvDaAa
JrXaAa
RrZaAa
CjCaAa
VtBbAa
UwEbAa
ZsBaAa
UzAaAa
DoXbAa
BjAaAa
WcWaAa
IdKbAa
QbLaAa
ZlAaAa
YeIbAa
FsCaAa
GiCbAa
LtMaAa
KdRaAa
KrSaAa
NlOaAa
GaNaAa
PxKaAa
NlOaAa
VaAaAa
EbBaAa
TeBaAa
RtBaAa
UyEbAa
DpUaAa
EnRbAa
NdObAa
WdAaAa
VkOaAa
VaOaAa
QcSaAa
NeQbAa
NeQbAa
OjMbAa
NrKaAa
MtYaAa
GfKbAa
DuPbAa
KbUbAa
FgZaAa
AdLaAa
IkEaAa
KbCaAa
KyDaAa
JdEaAa
MxIbAa
SlEaAa
CdAaAa
XmCbAa
MdZaAa
QmLbAa
EbBaAa
DoSbAa
RaHaAa
HiBbAa
IiBaAa
QpAaAa
HhFaAa
MwBaAa
ZnBaAa
CoMbAa
KqAaAa
HqTaAa
XqOaAa
WdYbAa
YeIbAa
HxIaAa
OkCaAa
CcDaAa
RaDaAa
UaXaAa
NdOaAa
KdQaAa
LrKaAa
CdAaAa
XvHaAa
FbYbAa
RdSbAa
UcXaAa
NkAaAa
YeIbAa
EpEaAa
NvYaAa
WsCbAa
JmTbAa
WlDaAa
YtIaAa
RjNaAa
KyTaAa
PsAaAa
RbFaAa
StCaAa
WgRaAa
KkYbAa
ZaHbAa
DmWaAa
QvDaAa
OiQbAa
MaNbAa
JaSbAa
YaFaAa
BjBaAa
KdEaAa
XdAaAa
StFaAa
IxUaAa
ZyKaAa
ScRbAa
DhPaAa
XdKaAa
BzJaAa
DgJaAa
UhGbAa
PbAaAa
VcWaAa
AfWbAa
RjNaAa
KqGbAa
KqGaAa
FjMaAa
HkTaAa
NvKaAa
MwBaAa
DeHaAa
FhUbAa
KmNaAa
CoMbAa
QzOaAa
IcAaAa
AtFaAa
RfNbAa
KmEaAa
PjSbAa
GiCbAa
MmGbAa
OhHbAa
CdAaAa
OxAaAa
ZrEaAa
NpPbAa
DoSbAa
MwBaAa
OpFaAa
EsCbAa
LfSaAa
OhOaAa
LwCaAa
CjCaAa
OgQbAa
HzCaAa
QpAaAa
YkHaAa
KvAaAa
MoAbAa
BpHaAa
AhCaAa
WxCaAa
OpKaAa
CmAaAa
ZsOaAa
YyOaAa
UoCaAa
EdYbAa
IiBaAa
NdIaAa
VsIbAa
NtWaAa
RoMaAa
ZwLbAa
AlNaAa
KfAaAa
PbAaAa
CrQbAa
WeLbAa
ZtRaAa
AuAaAa
YgEaAa
ZaPaAa
WkOaAa
UeGaAa
PjEbAa
UrKbAa
BzJaAa
MtDaAa
OpFaAa
FhUbAa
HrPaAa
FbEaAa
QcEaAa
XqEbAa
RvJaAa
QrFaAa
KvAaAa
KfAaAa
EpEaAa
OaTbAa
CoCaAa
GiBbAa
LwCaAa
AlNaAa
NtWaAa
ViAbAa
ZgCaAa
TgXaAa
EzMbAa
GxBaAa
SmCaAa
MsIaAa
SlVaAa
UuMaAa
SmCaAa
YkGaAa
LuLaAa
JlAbAa
JuKbAa
DmWaAa
FgBbAa
MfRaAa
ZtRaAa
HiAaAa
QhBaAa
CaAaAa
MuGaAa
GjRbAa
OfHbAa
HzGaAa
AzAaAa
LwFaAa
TjAaAa
ZgCaAa
LbCaAa
IcAaAa
QtJaAa
FeIaAa
XjMaAa
PySbAa
ZaBbAa
VkOaAa
OhAaAa
LdCaAa
VuIbAa
YlKbAa
VcDaAa
EeDaAa
KcAaAa
QlGaAa
UoYaAa
EtGaAa
ZdUbAa
BfPaAa
UsKaAa
UcJaAa
GrNaAa
RwPaAa
YmCbAa
TkObAa
WgHaAa
KmEaAa
ShCaAa
QyBaAa
LyBbAa
JoVaAa
LuDbAa
AuAaAa
GiAaAa
PlCbAa
AtTaAa
MdVbAa
VaAaAa
RyPaAa
DaWaAa
EzDaAa
QfDaAa
EzDaAa
OjJaAa
ZyKaAa
CwXaAa
FpEaAa
UsKaAa
GcAbAa
WwGbAa
SlIaAa
BvBaAa
PxAaAa
IxQaAa
HrEaAa
VeHaAa
JmTbAa
OfAbAa
HgIaAa
HyAaAa
HrJbAa
WvHbAa
AjIaAa
FtHaAa
XeCaAa
PmBaAa
CtKbAa
HgCaAa
CsMaAa
IaMbAa
BnLaAa
AjAaAa
BsDaAa
AuWbAa
EgVbAa
GiAaAa
VqXbAa
WjPaAa
DgJaAa
BdPaAa
ZhFaAa
RcEaAa
PvDaAa
QlHaAa
MhWaAa
QvDaAa
TkXaAa
OjMbAa
HrJbAa
UzAaAa
KmEaAa
UtFbAa
KmNaAa
XaAaAa
WyMaAa
IwZaAa
TfPaAa
OlXbAa
OlCbAa
HtAaAa
UcJaAa
WdAaAa
DgMbAa
AvTaAa
FeCaAa
IsFaAa
QrNbAa
RjYbAa
ZaFaAa
VaObAa
XgZaAa
RdSbAa
ScHaAa
FhUbAa
ZxIaAa
CtBbAa
HvNaAa
AyQaAa
VgRaAa
UyEbAa
RdSbAa
PfDaAa
GsBaAa
OiUbAa
CcGaAa
NcKaAa
ErUaAa
GrNaAa
FiJaAa
ErUaAa
HxHaAa
KaIbAa
TnBbAa
ZrPaAa
UgYaAa
CwAaAa
FeDaAa
OxAaAa
HzGaAa
NsHaAa
XjMaAa
VcIaAa
QdNaAa
OlCbAa
NlEbAa
CeYaAa
MbLbAa
FnDaAa
XiEbAa
YkBbAa
YnPaAa
DoSbAa
YsBaAa
ImGaAa
RrVaAa
CpIaAa
IcAaAa
GmPbAa
UjAaAa
UaXaAa
XwKaAa
YrRaAa
BjAaAa
QbAaAa
TjAaAa
KrSaAa
XmOaAa
QhEaAa
RhIaAa
BqJbAa
XeCaAa
ZzCaAa
GhUbAa
JyAbAa
UeEaAa
OpFaAa
AnGaAa
WpRbAa
KnObAa
AcHaAa
MrWaAa
UeEaAa
YsCaAa
HfKaAa
XzFbAa
DdFaAa
UoCaAa
EcOaAa
VhTbAa
OfHbAa
AmAaAa
KfAaAa
PyGaAa
JxNaAa
PwUaAa
WoOaAa
EtAbAa
WoOaAa
SvTaAa
XgEaAa
KiDaAa
EuDaAa
WdAaAa
LwCaAa
QcEaAa
OxAaAa
BaAaAa
QcBaAa
JqAaAa
DrAaAa
ZaPaAa
OaTbAa
ZcNaAa
QvDaAa
CzDaAa
EaLbAa
PbAaAa
PfTaAa
WgEaAa
UjAaAa
ZxBaAa
FzLaAa
FiJaAa
GfKbAa
YbEaAa
VhPaAa
ScRbAa
PwHaAa
WeWaAa
HuOaAa
VoCaAa
XzSbAa
FbEaAa
CdAaAa
NyBbAa
JzIaAa
CeGaAa
UsDaAa
SdSbAa
IhKbAa
VdAaAa
NsHaAa
AuAaAa
RlBbAa
UeMbAa
BxDbAa
EyNbAa
ZgCaAa
YrNaAa
EiWaAa
MkAaAa
VxFaAa
RjNaAa
VoSbAa
MoEaAa
MwBaAa
PjWbAa
XvYbAa
PeAaAa
IcAaAa
CaXaAa
GzCaAa
TzAaAa
EyNbAa
ScHaAa
WlBaAa
BmAaAa
RhNbAa
LzNaAa
XiGaAa
AtTaAa
TbUaAa
RdSbAa
PqEaAa
DmXaAa
WaAaAa
CsPbAa
KaUaAa
IoZaAa
ZfKaAa
OiQbAa
XgEaAa
JdEaAa
XbEaAa
DmWaAa
MdVbAa
PjEbAa
LpYaAa
FvHaAa
WpRbAa
CxDbAa
WcIaAa
TrIaAa
VoCaAa
GkMbAa
DsEbAa
AfWbAa
FySaAa
AfPbAa
XiGaAa
QhBaAa
WpNaAa
AwPaAa
CrAaAa
KfAaAa
JdEaAa
VeHaAa
BpHaAa
OnIbAa
ZvPaAa
RcFbAa
RoMaAa
LyDaAa
MkBaAa
TzAaAa
ScRbAa
CzDaAa
SyIaAa
SvTaAa
CwAaAa
EiRaAa
WwGbAa
OyFaAa
VwAaAa
NjZbAa
LrKaAa
DaOaAa
YvQaAa
KqGaAa
KrSaAa
WcLbAa
WrUaAa
XxGaAa
BdPaAa
YbTbAa
LpXaAa
CwAaAa
RfNaAa
TqMaAa
LxWaAa
OpFaAa
IcLaAa
KfAaAa
ImGaAa
JhKaAa
RaDaAa
PwIaAa
PjWbAa
LuLaAa
RmYaAa
ElBaAa
PbAaAa
SlVaAa
DoSbAa
UrFbAa
KzWaAa
JnMaAa
ZxUaAa
CdAaAa
OqNaAa
IiNbAa
BcGaAa
ZnDaAa
ZgCaAa
DgAaAa
QyBaAa
KqGaAa
EuDaAa
EgVbAa
JoVaAa
OpFaAa
ShCaAa
FbEaAa
WlBaAa
HxIaAa
RmYaAa
ZsCaAa
QcBaAa
JuKbAa
FzLaAa
CmVbAa
QdWbAa
UrAbAa
PmPaAa
CrAaAa
UeXaAa
BbSbAa
XeTaAa
RwNaAa
NzNbAa
ImTaAa
XwKaAa
CaJaAa
YsCaAa
TeBaAa
ViHbAa
FmOaAa
IiBaAa
CeYaAa
MxIbAa
MxSaAa
QbLaAa
DoSbAa
GwKbAa
JoHaAa
PmBaAa
UpAbAa
FbYbAa
QzOaAa
RtBaAa
RjEaAa
CkObAa
XiGaAa
NrCaAa
LtMaAa
QlZaAa
YeIbAa
RuJbAa
OwGaAa
WzWbAa
SlYbAa
TeBaAa
BpLaAa
UrGaAa
OxNbAa
NuHbAa
AjNbAa
DrLaAa
VpFbAa
LnSaAa
MbJbAa
OpOaAa
YsCaAa
UmMbAa
IeWbAa
UeXaAa
TaJaAa
GfKbAa
AnBbAa
YyOaAa
PfCaAa
StCaAa
HkWbAa
WlDaAa
FzFbAa
ElBaAa
GaFaAa
EySaAa
RmCaAa
FwKaAa
PhBaAa
PeKbAa
TfPaAa
UmFaAa
RmCaAa
HlLbAa
PyRaAa
NhAaAa
VyCbAa
BaAaAa
YjRbAa
IcAaAa
HkWbAa
UuMaAa
UnNaAa
BgYaAa
DxLaAa
LqLaAa
FtIaAa
DdFaAa
ImHaAa
FoIbAa
ZuOaAa
VdFaAa
VeRaAa
ViWaAa
VaAaAa
YpPaAa
PeKaAa
ImTaAa
MiGbAa
RyPaAa
KzWaAa
XyVaAa
IzPbAa
DxRbAa
HzRaAa
VdAaAa
CxFaAa
MaNbAa
CeGaAa
MnFaAa
UsPbAa
SfUaAa
BxTaAa
YkZaAa
MbTaAa
KcFaAa
InMaAa
WgGaAa
RaDaAa
VwMaAa
TvTaAa
VaAaAa
MaNbAa
HgCaAa
OfHbAa
RaGaAa
OpFaAa
TrIaAa
TqSaAa
XdAaAa
BmAaAa
OaZbAa
TbUaAa
JoHaAa
OiQbAa
IyAaAa
GnDaAa
QsQaAa
WlBaAa
KmNaAa
PvDaAa
HxUaAa
ZuOaAa
PmKbAa
DfTbAa
LhXaAa
IkEaAa
IzHaAa
YjQbAa
WwGbAa
TzAaAa
IlJbAa
WcWaAa
ZgIaAa
LnMbAa
EkHbAa
VaTaAa
RtBaAa
SqSaAa
XhQbAa
TmCaAa
OpFaAa
RfNaAa
WgJaAa
KnObAa
YjUbAa
LtDaAa
McXbAa
CwAaAa
FxFbAa
BdPaAa
JuKbAa
SoYaAa
KmNaAa
HqJaAa
QzKaAa
JzBaAa
YoNbAa
MwBaAa
ZhFaAa
KsBbAa
MpXbAa
BaCaAa
CeRaAa
BuEaAa
ZuOaAa
WgBaAa
FbYbAa
KmEaAa
IeWbAa
ScFbAa
KoIaAa
LjKaAa
StCaAa
TlHaAa
TmAaAa
RiSaAa
NaEaAa
SaQaAa
FbNbAa
WrAaAa
IcLaAa
CcYaAa
XbBaAa
IiNbAa
DnNaAa
ScRbAa
MwBaAa
WgGaAa
MlKaAa
PjWbAa
PkKbAa
ReAaAa
YpPaAa
YkHaAa
DxRbAa
QvDaAa
WoOaAa
LtXbAa
XbBaAa
VaAaAa
CmXaAa
FeBbAa
WrUaAa
YsBaAa
WdAaAa
VqYaAa
KsBbAa
XgZaAa
CaXaAa
WaAaAa
HyAaAa
GjQbAa
AhDaAa
GiCbAa
JfAaAa
QdWbAa
SfWbAa
WgEaAa
PtNbAa
FwNbAa
JdBaAa
FnDaAa
OtNbAa
ImTaAa
MjAbAa
KrYbAa
CpLaAa
ZsBaAa
QcEaAa
GiAaAa
SfPbAa
EaLbAa
LzNaAa
AhCaAa
CcDaAa
GaFaAa
DdTbAa
BoRaAa
BnBbAa
DaFbAa
BaAaAa
LdCaAa
LwCaAa
DlGbAa
TjAaAa
ZuZaAa
BjBaAa
ToYaAa
RtBaAa
DvVbAa
GnDaAa
DwAaAa
SbFaAa
KsBbAa
UuMaAa
TfPaAa
BcGaAa
WwAaAa
FsCaAa
GtUaAa
KdGaAa
QwQaAa
FmOaAa
TcHaAa
DaAaAa
KqIaAa
MwBaAa
PpOaAa
TfPaAa
XeTaAa
WaAaAa
CvBaAa
RyPaAa
RaDaAa
PeAaAa
TgXaAa
JcLaAa
JyAbAa
XmIbAa
MvMaAa
LsDbAa
TuEaAa
SfPbAa
HvJbAa
BjAaAa
TkQaAa
MjKaAa
YkHaAa
ZgCaAa
EtRbAa
DyEaAa
EvBbAa
NeQbAa
TeBaAa
LsLaAa
OfAbAa
TsYbAa
RmCaAa
NhEbAa
KbCaAa
DlGbAa
OjMbAa
OpKaAa
DkKaAa
GcAbAa
NvYaAa
FxFbAa
JyAbAa
VdFaAa
SnVaAa
NkCaAa
QnYbAa
GfFaAa
BpLaAa
VaAaAa
SaVaAa
KyDaAa
FuDaAa
EuYaAa
SfWbAa
QpAaAa
MfRaAa
BmObAa
LdDbAa
GqJaAa
YoAaAa
BxDbAa
KvPbAa
IiBaAa
FbBaAa
JkYbAa
SlEaAa
PmBaAa
FxFbAa
PmPaAa
BnVaAa
ToHbAa
KbDaAa
UhGbAa
LfAaAa
FwKaAa
EnUbAa
KaWbAa
ZvNaAa
RlGaAa
KiCaAa
JgLaAa
PeKaAa
PfDaAa
MnWaAa
GzYbAa
CxFaAa
WpNaAa
VuIbAa
VuIbAa
VcIaAa
IiNaAa
TfPaAa
YnDaAa
LnMbAa
MdVbAa
MxSaAa
QeUbAa
CjCaAa
TpLaAa
KyJaAa
VoCaAa
TcDbAa
FgZaAa
VcWaAa
XbEaAa
FoKaAa
IxQaAa
MkAaAa
ByQaAa
SmCaAa
CrAaAa
SnBbAa
AmAaAa
IzUaAa
IiBaAa
ZiIbAa
OwGaAa
QcBaAa
OhBbAa
TfPaAa
QyBaAa
NvKaAa
FeTaAa
EySaAa
MxIbAa
FdKaAa
ErUaAa
CaYaAa
ZgCaAa
SfPbAa
EpEaAa
KqGaAa
IpQaAa
BbWbAa
QcBaAa
PjBbAa
DjUaAa
CmRaAa
PgFaAa
HtAaAa
OpFaAa
HzCaAa
CbSbAa
JzIaAa
GfFaAa
AhCaAa
MiUaAa
XqOaAa
BpGaAa
ZgWbAa
IdSaAa
LdCaAa
ZmZaAa
JfAaAa
ZkBbAa
JbHaAa
PxAaAa
OjMbAa
HnBaAa
RoMaAa
JuUbAa
BzAaAa
PjWbAa
MpXbAa
CcDaAa
NtWaAa
AzAaAa
DxFaAa
YeTaAa
DaWaAa
WyEaAa
SpZaAa
EiMbAa
MmGbAa
RbFaAa
JzIaAa
FsBaAa
ImTaAa
MnWaAa
PeAaAa
VnGbAa
UoCaAa
OsUaAa
EoKaAa
AzAaAa
OhCbAa
JzHaAa
AjIaAa
FsCaAa
NbLbAa
XbQbAa
LcFaAa
AuWbAa
YeIbAa
PwHaAa
WgGaAa
AuAaAa
VdAaAa
EvHbAa
RmJbAa
JvWbAa
JcAaAa
UrFbAa
KoBbAa
WiMbAa
JjSaAa
JjSaAa
YsCaAa
EaLbAa
XzLaAa
TaJaAa
NkAaAa
EgAaAa
XiEbAa
EgBaAa
LxEaAa
OaGbAa
JpSaAa
YaFaAa
CdAaAa
BfUaAa
MuGaAa
OdWaAa
LrKaAa
XlPaAa
XiWbAa
YeIbAa
DdAaAa
LrSaAa
FsCaAa
OjHaAa
EqCaAa
PbNaAa
StFaAa
KmEaAa
OxAaAa
JuUbAa
ZxIaAa
SjNaAa
BbSbAa
KdBaAa
RtJaAa
OcMaAa
SqXaAa
EcTaAa
ZiTaAa
ZqTaAa
GiAaAa
RpAaAa
OaGbAa
KdQaAa
PrBaAa
MaBaAa
KwJaAa
RpVaAa
GoNbAa
FfQbAa
MlKaAa
JbGaAa
FsCaAa
GjQbAa
NfAaAa
NqKbAa
AmAaAa
VgJaAa
QtJaAa
KbUbAa
GgCbAa
LgPaAa
KdQaAa
BvFaAa
XpEaAa
XtIaAa
AuAaAa
ObAbAa
RxLbAa
QcBaAa
JhFbAa
WpNaAa
BpGaAa
GbSaAa
JkYbAa
BuAaAa
RyBaAa
ItEaAa
UaXaAa
SlNaAa
WgEaAa
EjGbAa
CcDaAa
ShCaAa
EgBaAa
IgDaAa
LsFbAa
LfAaAa
SeRbAa
XjMaAa
PgFaAa
YqJaAa
WbKaAa
XtIaAa
VmXbAa
TsSbAa
AzAaAa
FgBaAa
QjEaAa
AyQaAa
NvKaAa
KfAaAa
IzFaAa
XbEaAa
ZvJbAa
KfSaAa
HiBbAa
EgVbAa
OqRbAa
DaOaAa
CcYaAa
EqBaAa
EnUbAa
MsIaAa
WrUaAa
KdQaAa
HtRaAa
QhTaAa
TjLaAa
OaGbAa
CqMbAa
DnGbAa
CxFaAa
HxUaAa
PfDaAa
VsIbAa
FnDaAa
RnHaAa
VfGbAa
IcAaAa
IbHaAa
TjAaAa
UaJbAa
SaQaAa
JiBaAa
IcAaAa
FeCaAa
BvFaAa
AlEaAa
WiHaAa
LdYaAa
TrIaAa
UeEaAa
DwEaAa
MwBaAa
KyTaAa
ZlJbAa
MdHaAa
SmQaAa
HiEaAa
FbYbAa
OpFaAa
MdVbAa
EqWaAa
NhEbAa
JzIaAa
HkWbAa
OaGbAa
MtYaAa
AcHaAa
VxLaAa
EiRaAa
XbEaAa
PjSbAa
MnFaAa
GjUbAa
NaYbAa
ZhFaAa
DjCaAa
AuAaAa
HkTaAa
YaFaAa
MrWaAa
UaJbAa
NtWaAa
UiKaAa
NkAaAa
LaCbAa
EcTaAa
AtOaAa
IhKbAa
LxXaAa
BdPaAa
FeBbAa
HsOaAa
NhAaAa
FdKaAa
AtFaAa
CeYaAa
ZvJbAa
ItAaAa
VuIbAa
SaCaAa
JuKbAa
RbFaAa
SlNaAa
BqJbAa
WxFaAa
ZaFaAa
VqXbAa
HyAaAa
VjBaAa
EuDaAa
GiAaAa
NwFbAa
PeAaAa
LlFaAa
BkDbAa
DmXaAa
RmCaAa
XbBaAa
RyBaAa
MwBaAa
EvFbAa
IoZaAa
ZmZaAa
KaIbAa
UvBaAa
QcEaAa
QcEaAa
FsBaAa
DbKaAa
YpPaAa
GiAaAa
ExCaAa
EaLbAa
NaEaAa
EgWaAa
AoBaAa
BnTbAa
UzObAa
LxEaAa
WwGbAa
BbSbAa
VlDaAa
UlNaAa
IvObAa
GiAaAa
KfAaAa
DgAaAa
QjEaAa
IcAaAa
KrSaAa
GiAaAa
ZrEaAa
RyBaAa
ToHbAa
SnGaAa
JuKbAa
OpFaAa
JmTbAa
OqRbAa
MrKaAa
UnEaAa
JzIaAa
QcEaAa
UvBaAa
AaQaAa
MdZaAa
PkKbAa
ZsOaAa
TyNaAa
UhUaAa
MxSaAa
HxUaAa
SjYbAa
XlDaAa
JhKaAa
MaBaAa
JgLaAa
ZxIaAa
ErUaAa
PpKaAa
LdGaAa
OjXbAa
KoBbAa
CaAaAa
YiGaAa
GkBbAa
QcEaAa
NxIbAa
ZmZaAa
ZgCaAa
PcKbAa
ScRbAa
YaFaAa
CxFaAa
GjRbAa
ScQaAa
KuCaAa
TuXaAa
TrIaAa
HtAaAa
WaAaAa
LdRaAa
CmXaAa
XlBaAa
QcEaAa
LdHaAa
TrBbAa
FuDaAa
DsEbAa
AfPbAa
WgBaAa
AuAaAa
StCaAa
GtUaAa
DpUaAa
KiDaAa
GyGbAa
SfPbAa
NeQbAa
MuBbAa
OmDaAa
YjQbAa
ZtRaAa
BjAaAa
QlZaAa
QrJaAa
EoFaAa
NxYaAa
YqOaAa
QaVaAa
ZuZaAa
VcWaAa
AlEaAa
RgJbAa
MqHaAa
NuGaAa
GqCbAa
BpLaAa
IiXbAa
HyKaAa
PfTaAa
ZuJaAa
WsCbAa
OiQbAa
XeBbAa
XuDaAa
DcDaAa
GuYaAa
MqAbAa
EdYbAa
FrUaAa
DdFaAa
MoAbAa
UiAbAa
RgJbAa
RgKaAa
ZsCaAa
JfAaAa
HkWbAa
UlUaAa
BzAaAa
FnDaAa
NpPbAa
WqEbAa
PfTaAa
EgBaAa
CkRaAa
LyBbAa
BpHaAa
TiLbAa
NlOaAa
RmCaAa
VhGbAa
GwKbAa
CsMaAa
HxUaAa
MlHbAa
CtKbAa
GiBbAa
EvHbAa
CuSaAa
AuWbAa
FxBaAa
EoKaAa
RiSaAa
QnTaAa
CdAaAa
DgJaAa
BjBaAa
EuDaAa
JhKaAa
EvFbAa
FmIbAa
RaHaAa
BqSaAa
KcFaAa
GeCaAa
RrFaAa
KfAaAa
QmPaAa
LfAaAa
CkRaAa
WaObAa
XoJaAa
OlCbAa
LqHaAa
RaDaAa
KfAaAa
GnDaAa
HqTaAa
HkTaAa
QlHaAa
LtDaAa
MfEaAa
MdObAa
BiDbAa
DcIaAa
KtXaAa
IsTaAa
DtFbAa
LxXaAa
MuGaAa
NeFaAa
QzOaAa
RaDaAa
JtWbAa
YpPaAa
BxJaAa
MrWaAa
TfPaAa
WpUbAa
ChLaAa
EpEaAa
NoDbAa
JhKbAa
EySaAa
FuKaAa
TgYaAa
CmXaAa
XeBbAa
XgZaAa
PsUaAa
CaAaAa
VaObAa
PrOaAa
UaJbAa
AfPbAa
MjVbAa
WlDaAa
CxFaAa
SrJaAa
BvBaAa
UeYaAa
CiQaAa
ChUaAa
WqBaAa
CvBaAa
PbNaAa
VuKaAa
SbFaAa
TmSaAa
UaJbAa
LiDaAa
BaAaAa
DoObAa
JcAaAa
AoBaAa
VrAaAa
CdAaAa
ZnBaAa
CsMaAa
TnTbAa
WdAaAa
FfMaAa
YnDaAa
LsDbAa
RmJbAa
PxKaAa
FyVaAa
BbSbAa
XuDaAa
ZbEaAa
GlAaAa
XeTaAa
ZnBaAa
MsAbAa
ZgCaAa
NfOaAa
ZzFaAa
WwGbAa
GjQbAa
GoCbAa
RjYbAa
EpEaAa
WgEaAa
ZlAaAa
AxDaAa
EnUbAa
BxTaAa
NwFbAa
NsHaAa
MtDaAa
MuFbAa
CjCaAa
KrSaAa
ViWaAa
VjCaAa
OqRbAa
SaDaAa
CuAaAa
FnDaAa
ZzCaAa
RpVaAa
HvNaAa
DnEaAa
MuGaAa
AvTaAa
UoCaAa
IpQaAa
JsFaAa
FgOaAa
DrAaAa
NbObAa
UfTbAa
GiAaAa
AiJbAa
NvIbAa
WlUbAa
TpGbAa
DcDaAa
ZxIaAa
XeTaAa
MdOaAa
MoEaAa
RnHaAa
TaIaAa
JaSbAa
AxDaAa
FyVaAa
YaFaAa
TkFaAa
GzCaAa
QbAaAa
HxUaAa
HzGaAa
VuIbAa
VaAaAa
YnDaAa
HeHbAa
KyDaAa
FmOaAa
AyPaAa
SxDaAa
FzYbAa
UjVaAa
CnLaAa
SkFaAa
RyPaAa
DjTbAa
GbSaAa
BjBaAa
RoDaAa
IeWbAa
YpPaAa
GlAaAa
QzGbAa
PhZaAa
NvKaAa
RiFbAa
VkOaAa
MsFbAa
OdBbAa
YhRbAa
ShIaAa
NeFaAa
DxBbAa
QyBaAa
WoKaAa
LaUaAa
MoNaAa
AiJbAa
PmBaAa
QmLbAa
JvWbAa
PjSbAa
WnRbAa
JzQaAa
PwYbAa
VaAaAa
FxCaAa
ZaPaAa
UrHaAa
MdJaAa
DmWaAa
KrSaAa
EuDaAa
KgUaAa
XeBbAa
RuPaAa
TvFaAa
UoCaAa
VcJaAa
IyAaAa
BgYaAa
NoDbAa
AmAaAa
BpLaAa
FtHaAa
FtHaAa
LkDaAa
DkKaAa
EoFaAa
YrNaAa
WaAaAa
OjJaAa
JfAaAa
AxDaAa
BaAaAa
WxCaAa
KmEaAa
WaAaAa
MzQbAa
PvDaAa
OpFaAa
PcMaAa
ReAaAa
OcZbAa
PeAaAa
OkPaAa
YnPaAa
VjCaAa
KdEaAa
SoVbAa
FgRaAa
RnHaAa
OlCbAa
MjZbAa
YvRaAa
NpPbAa
AzAaAa
QcEaAa
NeQbAa
DaAaAa
PfTaAa
FvFbAa
CmAaAa
ZwOaAa
QkKbAa
VsIbAa
TeBaAa
AlNaAa
OiUbAa
NoUbAa
RxLbAa
KnObAa
CuSaAa
NpPbAa
IeWbAa
BkSaAa
HyAaAa
HrJbAa
WlUbAa
PeAaAa
VsIbAa
NoUbAa
JkYbAa
WjPaAa
OiUbAa
EyNbAa
IcAaAa
UrAbAa
FeDaAa
ZaFaAa
AhNaAa
KfAaAa
EuYaAa
FbYbAa
UtBbAa
YiIbAa
YsBaAa
BaJaAa
EuDaAa
QcBaAa
WgEaAa
VsKaAa
YbTbAa
EmKaAa
JyAbAa
YyGbAa
CeYaAa
NxMaAa
YnDaAa
XjMaAa
HwKbAa
YaFaAa
VjCaAa
VpAbAa
EeCaAa
GaFaAa
TpHaAa
DjAaAa
VeEaAa
InMaAa
AjIaAa
KqAaAa
DkRaAa
BwEaAa
NaEaAa
TjVaAa
TdPaAa
RtBaAa
JxQaAa
BkSaAa
OsHaAa
JoVaAa
BqJbAa
StFaAa
KiDaAa
TcDbAa
KqGaAa
BmVbAa
WqEbAa
UoCaAa
ZrEaAa
XfMaAa
VwMaAa
KcAaAa
PjEbAa
AuEaAa
QhBaAa
LbIaAa
KqIaAa
AzAaAa
TrIaAa
YeIbAa
IyAaAa
DnGbAa
FfQbAa
HxUaAa
KvPbAa
PwHaAa
OxAaAa
LgPaAa
CeXaAa
CzDaAa
HkTaAa
JfAaAa
EuDaAa
DpUaAa
PxAaAa
VcDaAa
HsOaAa
CcDaAa
QbAaAa
OfAbAa
FgZaAa
MxSaAa
OaGbAa
YsBaAa
QlBbAa
WyMaAa
ItPaAa
YaFaAa
NkAaAa
XxGaAa
SnBbAa
JqAaAa
XkMbAa
DjUaAa
MoNaAa
IiBaAa
VdAaAa
NoUbAa
WcLbAa
SxDaAa
XmCbAa
FeTaAa
BfWbAa
QyBaAa
NrCaAa
UvLaAa
JrXaAa
QfIbAa
FwKaAa
OxGbAa
AhNbAa
BkYaAa
TrIaAa
MoNaAa
VaAaAa
RoJbAa
KpYaAa
EvHbAa
LsLaAa
YlMaAa
MjZbAa
YsBaAa
CsMaAa
ZgCaAa
EgEaAa
SoDaAa
WmIbAa
FeDaAa
AhDaAa
SxLbAa
MdHaAa
FnDaAa
EpEaAa
StJaAa
SkFaAa
CeGaAa
WwCbAa
CrAaAa
QaVaAa
IcLaAa
FuAaAa
RrZaAa
FySaAa
BiKaAa
QdWbAa
KmEaAa
DsKaAa
GmWbAa
QnTaAa
GlAaAa
NhAaAa
QcEaAa
BsXaAa
OeKbAa
OhCbAa
GqJaAa
LbJaAa
KnVbAa
XwKaAa
YwVaAa
AoBaAa
SkFaAa
EtIaAa
VtVbAa
FhUbAa
OjJaAa
CxFaAa
OcMaAa
EuDaAa
WaAaAa
EdGbAa
OsAaAa
HsOaAa
JyLbAa
YtJbAa
ZgCaAa
LiUaAa
HiAaAa
NhJaAa
HkTaAa
XoJaAa
KnSaAa
XqOaAa
FoAaAa
QcEaAa
MkAaAa
VrIaAa
CwAaAa
WjPaAa
JrObAa
CvBaAa
UrIaAa
CwAaAa
KzHaAa
PhEaAa
VaAaAa
KnYaAa
SoYaAa
FnDaAa
PfCaAa
JdEaAa
LdDbAa
HlAaAa
IcAaAa
VyEbAa
KbDaAa
GyGbAa
TcHaAa
GqJaAa
OcQbAa
YkGaAa
ZaHbAa
MfEaAa
BjAaAa
RcFbAa
UuMaAa
XuDaAa
YqNbAa
CfPaAa
SnGaAa
LbUbAa
ZtRaAa
OfHbAa
QlGaAa
PvDaAa
WsCbAa
LyBbAa
QqPaAa
JzHaAa
QpAaAa
DmWaAa
HxUaAa
TpLaAa
MwBaAa
GdZbAa
HyKaAa
FzLaAa
XgZaAa
BzAaAa
JyJaAa
MnAaAa
LwVbAa
VgJaAa
VzMbAa
VaAaAa
TtCaAa
KbDbAa
FoIbAa
AlZaAa
IeWbAa
LuLaAa
WhPaAa
WaAaAa
NrCaAa
RmCaAa
LaUaAa
HiEaAa
GeAbAa
PrOaAa
BzJaAa
GiAaAa
CsDaAa
PjSbAa
RbFaAa
YaFaAa
BfPbAa
SoBaAa
LrSaAa
UcHaAa
PhBaAa
EaWaAa
EuDaAa
GiGaAa
ImHaAa
JqAaAa
EeVbAa
SfPbAa
BxJaAa
QbLaAa
BkSaAa
RrZaAa
JfAaAa
XqOaAa
RcFbAa
NnEbAa
XiEbAa
MwBaAa
GgCbAa
UzAaAa
AiSaAa
LqHaAa
RrTbAa
SnIaAa
HzFaAa
CrGbAa
YpEaAa
RmJbAa
FeTaAa
HyAaAa
OzMaAa
ZkGaAa
GdKaAa
SlVaAa
KfSaAa
FnDaAa
TuXaAa
EgBaAa
LtXbAa
JoZaAa
JfAaAa
CeXaAa
UsKaAa
VdAaAa
ReAaAa
NaYbAa
DcIaAa
RaHaAa
XmOaAa
GvIaAa
IzUaAa
KyTaAa
NkAaAa
BjAaAa
CaAaAa
FfMaAa
YfKbAa
UnNaAa
QbLaAa
TcDbAa
JdFbAa
OxAaAa
PeAaAa
TvFaAa
LvEbAa
MbRbAa
RoJbAa
WrUaAa
EeZaAa
RpVaAa
CmRaAa
FpKbAa
IoZaAa
EjGbAa
ApZaAa
EwWaAa
IpQaAa
VdAaAa
HkWbAa
KmEaAa
FeTaAa
NoDbAa
PhEaAa
YtNaAa
XgZaAa
IcNaAa
RaDaAa
GgCbAa
VeEaAa
GfFaAa
XxCaAa
ZtRaAa
WeWaAa
BeBaAa
YpPaAa
WkWaAa
PaQbAa
PfIaAa
GbTbAa
XeIaAa
WgEaAa
ImBbAa
VgEbAa
CzTaAa
OpKaAa
UeXaAa
EuDaAa
YkBbAa
KfAaAa
YkBbAa
IgIbAa
EoFaAa
JcPaAa
QyBaAa
MsGaAa
SoYaAa
KcAaAa
NvCbAa
EdYbAa
CoCaAa
WdAaAa
LdHaAa
GaNaAa
GjQbAa
FgZaAa
UeMbAa
AjIaAa
SlIaAa
GaFaAa
TmAaAa
MwBaAa
VjCaAa
PfTaAa
BxJaAa
UoCaAa
UpFbAa
BpGaAa
ZuOaAa
GfQbAa
GoAaAa
ZvNaAa
VjCaAa
IwDaAa
VgRaAa
HtRaAa
BpHaAa
XeCaAa
PuNaAa
XvHaAa
VaAaAa
WwMaAa
WrAaAa
RpAaAa
AiJbAa
MwBaAa
PsAaAa
WrAaAa
EtIaAa
LyBbAa
ZlAaAa
LdHaAa
HvNaAa
GbSaAa
LpBaAa
XiGaAa
GyGbAa
IgIbAa
BjAaAa
DgAaAa
NaXbAa
AlEaAa
VaJbAa
FsCaAa
FpUbAa
AjNbAa
SlNaAa
PbAaAa
MfGaAa
VzObAa
XvYbAa
VhTbAa
WcLbAa
DaAaAa
UcXaAa
GcAbAa
QwJbAa
WoEbAa
AlEaAa
JiAaAa
PySbAa
UiAbAa
UcXaAa
OaGbAa
RaGaAa
FwKaAa
JyAaAa
BiKaAa
GmWbAa
AyQaAa
BiKaAa
EtRbAa
BgYaAa
OgQbAa
LdCaAa
ZvNaAa
LyVbAa
XeTaAa
PhBaAa
UcCaAa
OsAaAa
UaJbAa
BsYbAa
NaYbAa
AxDaAa
WoEbAa
KvAaAa
ZgCaAa
LxEaAa
MtKaAa
KfSaAa
LaIbAa
DoSbAa
NdWaAa
ReSaAa
UeRaAa
GsBaAa
DdFaAa
EvHbAa
XiOaAa
WsCbAa
LyVbAa
ZlCaAa
TpHaAa
QcSaAa
DgAaAa
FbYbAa
XeBbAa
LyBbAa
TgXaAa
AhDaAa
NhAaAa
NkAaAa
HjQbAa
PmKbAa
HtRaAa
OjXbAa
CcDaAa
TsSbAa
NbWaAa
WaAaAa
OjMbAa
LgUaAa
GiCbAa
UoCaAa
FnDaAa
AfLaAa
JfAaAa
MlHbAa
JxNaAa
KjLbAa
FbBaAa
TpLaAa
OkCaAa
EjBaAa
RwNaAa
UmAaAa
RwPaAa
DeHaAa
JfAaAa
VqXbAa
TgYaAa
AmAbAa
WgGaAa
HgIaAa
WlDaAa
MkAaAa
KvAaAa
LzEbAa
UtBbAa
NpCaAa
OaGbAa
UvBaAa
ItPaAa
CjBaAa
XoJaAa
TxVbAa
ZzCaAa
SxDaAa
MgYbAa
KcFaAa
CaYaAa
RcBaAa
OaSaAa
NyLaAa
YbBaAa
CqMbAa
XiEbAa
EuDaAa
CzDaAa
UoCaAa
GzFbAa
CsPbAa
OzMaAa
LkDaAa
SlVaAa
MzQbAa
SkFaAa
BsXaAa
JyJaAa
GsCaAa
UeEaAa
MkAaAa
KyDaAa
PrNbAa
EiMbAa
CwAaAa
IwDaAa
SnGaAa
FvGaAa
GaFaAa
TmAaAa
LxXaAa
YaFaAa
WlUbAa
XiWbAa
UeMbAa
DkKaAa
OsUaAa
WqEbAa
DcWaAa
VdAaAa
LtXbAa
KbUbAa
HxIaAa
AuAaAa
ZvPaAa
PuJbAa
MuFbAa
UhVaAa
SxUbAa
HnDaAa
CjCaAa
FwGbAa
ZlAaAa
WoKaAa
UtBbAa
JfFbAa
TgYaAa
JiBaAa
JiBaAa
XoFaAa
OcMaAa
BwSbAa
MdJaAa
OsAaAa
WsWaAa
PcKbAa
ZzFaAa
MdJaAa
DwAaAa
OsHaAa
VcIaAa
BjBaAa
YaFaAa
McUaAa
QyJbAa
YpPaAa
RwNaAa
BsDaAa
YkZaAa
OzYaAa
VjCaAa
IsFaAa
PmPaAa
KrSaAa
YiIbAa
HyAaAa
MwBbAa
MkAaAa
AjNbAa
VaAaAa
BlNaAa
WaAaAa
KtXaAa
MaBaAa
ZaFaAa
RuObAa
IdSaAa
TmAaAa
WxFaAa
OiQbAa
KbUbAa
NnHbAa
SqSaAa
FeBbAa
GfFaAa
EdTbAa
YoNbAa
TdUaAa
MzKbAa
RuRaAa
BxTaAa
NvYaAa
LcUaAa
DjCaAa
CxFaAa
RwNaAa
LhXaAa
WmIbAa
YrRaAa
MdObAa
GdTbAa
WjPaAa
NsIaAa
FzLaAa
NdDaAa
ZqFaAa
YqOaAa
ZaBbAa
IcAaAa
KcFaAa
LwCaAa
AzAaAa
RvJaAa
PeAaAa
GmWbAa
ZuJaAa
MhWaAa
RdWbAa
StCaAa
BgKaAa
ZaFaAa
LjKaAa
WzYbAa
DoSbAa
NkAaAa
UpAbAa
CiLbAa
LvEbAa
KrSaAa
HyKaAa
KbDaAa
KfAaAa
MuBbAa
PjWbAa
EbBaAa
WyMaAa
MfRaAa
QbLaAa
NhJaAa
CrAaAa
QcEaAa
DwXaAa
LmEaAa
GnDaAa
HtRaAa
VjCaAa
CeXaAa
TcHaAa
KzHaAa
DdAaAa
OpKaAa
JzQaAa
MwBaAa
KyTaAa
WsCbAa
NuFbAa
CtBbAa
FlBaAa
IgIbAa
DoSbAa
OxAaAa
HkTaAa
OlCbAa
ZwLbAa
LyVbAa
VuCbAa
TrIaAa
TgYaAa
NeGbAa
WcTaAa
QcBaAa
PgFaAa
VdAaAa
RtJaAa
IhKbAa
WaAaAa
LvEbAa
ChUaAa
FoPbAa
MzQbAa
MlFaAa
TjAaAa
CrGaAa
JsTaAa
VaAaAa
TsYbAa
NkAaAa
MbLbAa
ZhFaAa
PsAaAa
ZuJaAa
HsOaAa
JmTbAa
AuAaAa
JkYbAa
KpObAa
LiUaAa
AbHbAa
TzAaAa
IwZaAa
UrIaAa
VoCaAa
KfAaAa
AqDaAa
BzJaAa
EgVbAa
UqMaAa
OjJaAa
OjKaAa
ScRbAa
VlDaAa
NlOaAa
NdDaAa
LqGbAa
PhEaAa
WoFaAa
BhLaAa
YlMaAa
ZgCaAa
ZgCaAa
QhZaAa
KfAaAa
MdJaAa
NkAaAa
JcAaAa
PrNbAa
SkFaAa
LtXbAa
QcEaAa
OkUbAa
KrSaAa
AtBaAa
MpXbAa
OcKaAa
FoKaAa
BzAaAa
NkCaAa
QsRaAa
JgLaAa
MtPbAa
HaHbAa
KbUbAa
RgKaAa
EuDaAa
LcUaAa
MfEaAa
JwJaAa
RpAaAa
OjXbAa
DhPaAa
BaIaAa
FvHaAa
MaNbAa
IiBaAa
DmWaAa
DvVbAa
WaAaAa
MpXbAa
LqGaAa
GnDbAa
NxYaAa
DcCaAa
BfPaAa
LxXaAa
KmEaAa
ZsJaAa
NkAaAa
LcFaAa
KbDbAa
NwBaAa
TeQaAa
OsAaAa
AdLaAa
BgYaAa
UuMaAa
BfZbAa
AtTaAa
BaAaAa
CrGaAa
TzAaAa
OzMaAa
CmXaAa
GzCaAa
OiUbAa
AmAaAa
YvRaAa
LhXaAa
HxHaAa
PjXbAa
XgEaAa
AyHaAa
RfIbAa
JqAaAa
FjTbAa
EbBaAa
HyAaAa
EmKaAa
SpTbAa
BjBaAa
BaAaAa
DsIbAa
XdAaAa
RfIbAa
XmOaAa
QhWbAa
OiQbAa
KbUbAa
VbKaAa
JwJaAa
PwIaAa
NlEbAa
EeZaAa
QjEaAa
HrQaAa
EmKaAa
GiAaAa
GnDaAa
FfQbAa
TsYbAa
VwAaAa
BqMaAa
FnDaAa
MkAaAa
IwDaAa
KlObAa
EbBaAa
LgPaAa
UdPaAa
RbPaAa
LbIaAa
YfKbAa
XaAaAa
ViHbAa
WiMbAa
VrAaAa
WoFaAa
BaAaAa
EsWaAa
WaAaAa
PwIaAa
QeAaAa
GiAaAa
HtRaAa
XbEaAa
PvDaAa
RmJbAa
NlOaAa
OiUbAa
XiEbAa
JdFbAa
KcFaAa
JwUbAa
EpNaAa
QdNaAa
ZlCaAa
VoCaAa
OhHbAa
DkKaAa
HrPaAa
KvAaAa
UlUaAa
JnYaAa
LbJaAa
PhBaAa
VqYaAa
HkCbAa
VuKaAa
XpEaAa
TpHaAa
JfAaAa
ZlCaAa
LgPaAa
JgLaAa
NkCaAa
KfAaAa
QnTaAa
WpRbAa
LpBaAa
PwUaAa
YkGaAa
NvYaAa
KzWaAa
DbKaAa
DdTbAa
ScQaAa
LhYaAa
YtJbAa
FxFbAa
CcDaAa
WdAaAa
VoWaAa
TiKaAa
VaAaAa
NoDbAa
YkBbAa
PbAaAa
NxNbAa
EbBaAa
TsSbAa
PyRaAa
QfDaAa
NaEaAa
OfHbAa
XoFaAa
JrXaAa
EtIaAa
IiAaAa
EqXbAa
VbKaAa
RiFaAa
NkCaAa
SlIaAa
NzYaAa
AwJbAa
LgPaAa
IgIbAa
LlFaAa
YiWbAa
HuVaAa
BsXaAa
HzRaAa
OyFbAa
PeAaAa
HtAaAa
VxLaAa
EyIbAa
CxFaAa
KsBbAa
EgBaAa
WiKaAa
HhRbAa
DxFaAa
ByNaAa
CcDaAa
AmAaAa
CaAaAa
RmCaAa
UoCaAa
SoBaAa
JaSbAa
PeKaAa
CcGaAa
RaGaAa
LfBaAa
VwAaAa
ZfKaAa
PyFaAa
NtWaAa
JdEaAa
XeCaAa
JhKbAa
TbCbAa
RvJaAa
DuPbAa
VuKaAa
EnRbAa
EeObAa
KaIbAa
ZzGaAa
CwSaAa
FjGbAa
SnIaAa
QgKbAa
IzUaAa
KfAaAa
BuAaAa
SoBaAa
GtUaAa
WdYbAa
NkAaAa
VdAaAa
AzAaAa
LwCaAa
OpFaAa
OaSaAa
ZlAaAa
LlFaAa
IsTbAa
VgRaAa
OeKbAa
BmSaAa
RjYbAa
NhHaAa
PmKbAa
HtRaAa
SfUaAa
LbDaAa
HgCaAa
PhBaAa
PjZaAa
FiEbAa
CdAaAa
DqBaAa
DaOaAa
UaXaAa
EgVbAa
BhCaAa
VcIaAa
LdHaAa
ToBaAa
ItPaAa
JrXaAa
MxSaAa
RxLbAa
NhJaAa
XlPaAa
JjFaAa
QkKbAa
EeJaAa
DiXaAa
CaAaAa
OaTbAa
AfLaAa
KdGaAa
JxNaAa
WaAaAa
GfFaAa
ZxHaAa
AoBaAa
ShCaAa
CsDaAa
ZkHaAa
XlPaAa
WgOaAa
FsCaAa
EmKaAa
WdAaAa
YvRaAa
CrAaAa
DxCaAa
AhNbAa
FhUbAa
GmWbAa
YiTaAa
ZlAaAa
KqBbAa
WaAaAa
RjYbAa
GzCaAa
FhUbAa
UtBbAa
DsIbAa
RoJbAa
PfCaAa
RlNbAa
IkTaAa
KnObAa
EbNbAa
TmAaAa
ReAaAa
QuNaAa
OkAaAa
HyAaAa
IgIbAa
EhPaAa
UqYaAa
FfFaAa
BvBaAa
GjQbAa
DoSbAa
UwEbAa
NcYbAa
SiSaAa
OiQbAa
YsBaAa
DcIaAa
VsEbAa
BeBaAa
PgFaAa
XoAaAa
VsIbAa
RbPaAa
RiSaAa
EoXbAa
DcDaAa
UeXaAa
NvYaAa
VaOaAa
YiTaAa
LvEbAa
ZcWbAa
KqGbAa
NpPbAa
MhMbAa
KdEaAa
MjZbAa
FeIaAa
QnTaAa
TiQaAa
QhBaAa
VqBaAa
WcLbAa
LiDaAa
QaVaAa
XvHaAa
TgYaAa
GrNaAa
TmAaAa
DdFaAa
RaGaAa
EqMbAa
NsGaAa
TfWbAa
SkDbAa
MkAaAa
ZxUaAa
HtAaAa
LfAaAa
DgAaAa
ShDaAa
UwSaAa
CwAaAa
TnLaAa
GzCaAa
YpPaAa
WoKaAa
DgMbAa
YaFaAa
BaHaAa
KfAaAa
LcUaAa
ReAaAa
MtDaAa
SlLaAa
EpEaAa
NvKaAa
RhIaAa
RbPaAa
RfNaAa
OaTbAa
YnDaAa
ImTaAa
IhKbAa
AdHbAa
KhKaAa
KmEaAa
YfKbAa
CrGaAa
XaAaAa
YiTaAa
MfEaAa
WgEbAa
RmCaAa
WwGbAa
NfHaAa
PbAaAa
HxHaAa
DdTbAa
OaTbAa
CxFaAa
WjPaAa
DiXaAa
CcYaAa
ZlAaAa
XbEaAa
OxAaAa
TsDaAa
JdEaAa
LxXaAa
BpGaAa
RmCaAa
FyVaAa
RgKaAa
CeJbAa
KpYaAa
ZlCaAa
DpUaAa
PrOaAa
LdCaAa
EbNbAa
SpTbAa
CeYaAa
GkJaAa
YbSaAa
QlBbAa
YnDaAa
NdWaAa
DcIaAa
RgJbAa
ToXaAa
HkSbAa
LuLbAa
LxXaAa
PrOaAa
GvIaAa
MdZaAa
UeMbAa
LtDaAa
TdPaAa
TpHaAa
QbLaAa
EhPaAa
VcCaAa
MuGaAa
AvZaAa
PmBaAa
NdIaAa
XyMaAa
MbRbAa
OgQbAa
ZeNaAa
UmFaAa
PxKaAa
AiJbAa
AlEaAa
XmCbAa
OvKaAa
MwBaAa
VaAaAa
KfAaAa
RaDaAa
CxFaAa
DaAaAa
WoFaAa
JbGaAa
FfMaAa
CeRaAa
RxLbAa
FgHaAa
RtCaAa
BbSbAa
CdAaAa
FnDaAa
YqNbAa
YmOaAa
JoHaAa
BjLaAa
CdAaAa
SfPbAa
KbDbAa
SeFbAa
CrAaAa
JyAbAa
DqSbAa
PkMaAa
XiGaAa
PbNaAa
NwBaAa
ChUaAa
SiJbAa
WyMaAa
HrEaAa
JcAaAa
PjCbAa
XlBaAa
PfHbAa
BsYbAa
PeKaAa
OtNbAa
NrCbAa
WdYbAa
ZuOaAa
RfTaAa
MaNbAa
OgQbAa
QpAaAa
HxHaAa
MaKaAa
WgEaAa
IkEaAa
BmAbAa
PgFaAa
QgKbAa
AuAaAa
QlHaAa
QrJaAa
IgIbAa
YvQaAa
ChUaAa
AfNbAa
XoCbAa
EcLbAa
GoWbAa
EpEaAa
SnBbAa
ObAbAa
QwQaAa
MkAaAa
HtRaAa
PfCaAa
CxFaAa
ZsCaAa
LtMaAa
DdAaAa
EvCaAa
NaEaAa
HgCaAa
ZrEaAa
WgBaAa
EcTaAa
EeVbAa
NlEbAa
BaAaAa
XiEbAa
WlDaAa
OtNbAa
WoEbAa
ToXaAa
YjQbAa
SeFbAa
OtNbAa
EnUbAa
UrAbAa
KiDaAa
BmObAa
DxRbAa
JuKbAa
HdKaAa
EsSaAa
BwEaAa
SmJbAa
PeKaAa
MpHbAa
JbGaAa
XiGaAa
NnAaAa
PhBaAa
HxHaAa
HyAaAa
LdCaAa
RnHaAa
UiAbAa
DoSbAa
SuEaAa
CuSaAa
ZqTaAa
XcBbAa
YvRaAa
TgXaAa
TiKaAa
RvJaAa
HyGbAa
CnNaAa
GiAaAa
ZbBaAa
MrYaAa
YyOaAa
AhNbAa
DgAaAa
IkEaAa
HhFaAa
FzFbAa
JsVaAa
AdLaAa
TpZaAa
BaRaAa
XdKaAa
IcLaAa
UjAaAa
JtObAa
WlUbAa
CrAaAa
EoKaAa
XlPaAa
FgAaAa
MfBaAa
QyJbAa
PjEbAa
MkAaAa
QlPbAa
BmAaAa
SqDaAa
VhTbAa
ImTaAa
RsPaAa
GwKaAa
KfAaAa
TfPaAa
LhXaAa
MkAaAa
QpNbAa
BxDaAa
PuNaAa
KoIaAa
GsBaAa
CtKbAa
JcAaAa
DcIaAa
CtBbAa
WlDaAa
XsNbAa
QcSaAa
TdUaAa
JdBaAa
GiAaAa
EpNaAa
LmEaAa
ZnBaAa
JkYbAa
ZxUaAa
IhKbAa
ZuOaAa
HlCaAa
EjGbAa
FsCaAa
MvMaAa
CsPbAa
XiGaAa
WeVbAa
QsJbAa
AbPaAa
DhUaAa
GnDaAa
GlAaAa
CzAaAa
LzNaAa
TbCbAa
AaHaAa
SbPaAa
TzAaAa
CdAaAa
JkYbAa
GjRbAa
FnDaAa
KiDaAa
AfWbAa
EuDaAa
VdAaAa
CsMaAa
VjCaAa
SvTaAa
HtAaAa
EdTbAa
YbBaAa
LhYaAa
OzMaAa
TpLaAa
LqBbAa
WgJaAa
LoIaAa
JxPaAa
HiEaAa
WaAaAa
WaAaAa
OdIaAa
EoKaAa
ZzFaAa
CcCaAa
BsYbAa
NrBaAa
QlHaAa
ToBaAa
HlLbAa
PuNaAa
LbIaAa
BiKaAa
BpHaAa
KaUaAa
QzKaAa
AfLaAa
TiDbAa
BxDbAa
MvMaAa
LhXaAa
ZlAaAa
SuEaAa
ToXaAa
RhWbAa
QcEaAa
YsCaAa
LhYaAa
GjRbAa
JwUbAa
UeRaAa
RbFaAa
DcWaAa
GaNaAa
MpXbAa
ZrJbAa
OpFaAa
HtAaAa
NaYbAa
TrIaAa
ZeNaAa
VdFaAa
NaPbAa
VwMaAa
NvCbAa
MhXaAa
RjNaAa
AcHaAa
DjTbAa
PhEaAa
OjXbAa
DhPaAa
LdDbAa
YkBbAa
NhJaAa
EmKaAa
CeEaAa
ItEaAa
CdAaAa
EeDaAa
JzIaAa
EuYaAa
XmCbAa
DnGbAa
RoDaAa
OpKaAa
MkTbAa
RrZaAa
EySaAa
HrPaAa
FiJaAa
AyIaAa
WpUbAa
EnUbAa
OsAaAa
AhCaAa
DnGbAa
PmKbAa
RrZaAa
SaDaAa
WaAaAa
HzGaAa
DtLbAa
HfKaAa
KfAaAa
DoSbAa
WeOaAa
QhSbAa
YjQbAa
QgKbAa
KbQaAa
DdTbAa
OxAaAa
OsAbAa
ReAaAa
RpAaAa
ExCaAa
LbIaAa
NdWaAa
PhZaAa
OkUbAa
MfGaAa
FeTaAa
XzYbAa
BzAaAa
JwUbAa
QcEaAa
TdUaAa
QcEaAa
SlZaAa
FvYbAa
PwUaAa
YrRaAa
UmFaAa
TrIaAa
FnDaAa
XiWbAa
UdUaAa
LtMaAa
TxVbAa
FeDaAa
NqKbAa
FvHaAa
LdCaAa
WdAaAa
FvYbAa
IlJbAa
WmIbAa
JnYaAa
IcHbAa
VcDaAa
NpPbAa
PyRaAa
UoCaAa
HrEaAa
JpSaAa
VpUaAa
MoAbAa
NoUbAa
GvIaAa
EbBaAa
QcEaAa
GjUbAa
KoIaAa
IgIbAa
HtRaAa
GiAaAa
XgEaAa
FvGaAa
ImBbAa
XpRbAa
HqTaAa
RbPaAa
JrXaAa
PlJaAa
EuDaAa
AtTaAa
EiMbAa
ElBaAa
YeIbAa
MaPbAa
DjTbAa
MwBaAa
CxFaAa
WoEbAa
ToXaAa
MwBaAa
NoUbAa
NxMaAa
KyJaAa
JiBaAa
NpPbAa
XvGaAa
DcIaAa
DxFaAa
ElBaAa
XfMaAa
QzOaAa
ViWaAa
DgLbAa
NtEbAa
EaLbAa
ZwLbAa
VcWaAa
ZlAaAa
MlHbAa
PxAaAa
AaQaAa
DaOaAa
RgKaAa
BqMaAa
ElBaAa
UrHaAa
NwFbAa
WcWaAa
ZvNaAa
TzJaAa
KaIbAa
EvGaAa
PkKbAa
WaAaAa
IcAaAa
DuMaAa
ReAaAa
GgCbAa
FyVaAa
KrSaAa
RhNbAa
LyBbAa
EnUbAa
OvKaAa
DwAaAa
WpRbAa
HyAaAa
BkSaAa
EuDaAa
ShCaAa
LaKaAa
UrIaAa
FsSaAa
BgYaAa
RtJaAa
ZwLbAa
BvFaAa
XdYbAa
SfUaAa
LmEaAa
XfMaAa
GiAaAa
GgAaAa
IiNaAa
MvMaAa
XeZaAa
JfAaAa
GzLaAa
AnBbAa
DgJaAa
CdAaAa
FxBaAa
XgBaAa
FnDaAa
JjSaAa
ZlCaAa
HhFaAa
EgAaAa
CjNbAa
NsHaAa
NvKaAa
WlBaAa
AlLaAa
VaAaAa
UhVaAa
MiGbAa
EtIaAa
AuAaAa
WwCbAa
XeTaAa
DcWaAa
HyAaAa
UrGaAa
CwSaAa
FeDaAa
RxLbAa
KtXaAa
WcDaAa
TqMaAa
UnEaAa
VdAaAa
EcOaAa
YrNaAa
AuWbAa
TgYaAa
ScRbAa
EpEaAa
TpHaAa
ZlJbAa
QlZaAa
YyGbAa
TgYaAa
HkWbAa
RiSaAa
VuKaAa
XaAaAa
TsDaAa
JgLaAa
QeAaAa
FbEaAa
WgBaAa
PrOaAa
TjVaAa
BaAaAa
AlNaAa
MlKaAa
OkAaAa
PcKbAa
BuAaAa
BwEaAa
JgLaAa
NkAaAa
GlAaAa
BaAaAa
WgBaAa
RpAaAa
IwZaAa
RnTaAa
AoBaAa
NrXbAa
EpEaAa
NzYaAa
ZwLbAa
FeCaAa
QbAaAa
HrPaAa
HdKbAa
RwNaAa
TxVbAa
HtRaAa
LwCaAa
BjBaAa
OiQbAa
IlJbAa
WdYbAa
FyVaAa
OhAaAa
DbKaAa
NdEbAa
HlMaAa
FvYbAa
ZnBaAa
BzDbAa
NoUbAa
PyGaAa
RmCaAa
HfKaAa
GxBaAa
NdWaAa
UmAaAa
TaIaAa
AnBbAa
EsCbAa
JrDaAa
EjPaAa
LaKaAa
SfUaAa
KwUbAa
NwFbAa
KdGaAa
BqObAa
MfRaAa
KjJbAa
ObAbAa
NzEaAa
PfCaAa
SpTbAa
TwEaAa
BxDbAa
NtIbAa
OpOaAa
LxXaAa
QzOaAa
QyJbAa
WxFaAa
LdCaAa
BaAaAa
DsEbAa
WqCaAa
JcAaAa
CmObAa
TbCbAa
OjXbAa
ZlAaAa
GzCaAa
FfFaAa
TvFaAa
PeAaAa
WqCaAa
QcSaAa
KfAaAa
XgBaAa
AtTaAa
HxIaAa
NvYaAa
IoZaAa
LdCaAa
FiGaAa
VgJaAa
MdZaAa
KfAaAa
RyBaAa
IaLaAa
QtJaAa
EcLbAa
ReSaAa
OhHbAa
XtIaAa
OkAaAa
MaBaAa
ZlAaAa
FmOaAa
ZzGaAa
DmWaAa
RjNaAa
DgAaAa
BfZbAa
PhBaAa
DpFbAa
DwAaAa
LdEaAa
PbAaAa
HkEbAa
IiAaAa
OjJaAa
FxFbAa
MbLbAa
HhFaAa
GmPbAa
EyNbAa
VcIaAa
WkOaAa
YmJaAa
NaEaAa
MaBaAa
PhEaAa
MhMbAa
UsKaAa
MaBaAa
PySbAa
GsCaAa
SkFaAa
NhRaAa
VaAaAa
WwQbAa
DdFaAa
NrCaAa
CwXaAa
OcMaAa
QyBaAa
MtYaAa
KqGbAa
PcKbAa
JfAaAa
MdZaAa
NeFaAa
ZuOaAa
PhZaAa
CgQaAa
SaDaAa
IcAaAa
ZsCaAa
BaAaAa
KfAaAa
FeBbAa
VhPaAa
LrKaAa
BvBaAa
TwEaAa
EqWaAa
EiRaAa
HrPaAa
PwIaAa
IcAaAa
BmSaAa
BuAaAa
FgBbAa
PmBaAa
FpEaAa
VdAaAa
RwIaAa
JzHaAa
MpSbAa
ErUaAa
MdObAa
WoEbAa
PjZaAa
EkWaAa
DxRbAa
SfSbAa
SxDaAa
NtWaAa
SvTaAa
AnGaAa
FeIaAa
EvFbAa
AiJbAa
XfMaAa
NkCaAa
QcSaAa
BuAaAa
QcEaAa
PhBaAa
EgBaAa
XjMaAa
KaUaAa
GjRbAa
ZuOaAa
XiGaAa
YyGbAa
DjTbAa
FbEaAa
HlAaAa
NdIaAa
EaObAa
JhKaAa
FeDaAa
JkNaAa
FmOaAa
OxAaAa
UeMbAa
LtDaAa
LqHaAa
JwDaAa
MrYaAa
UnEaAa
NzEaAa
KzWaAa
JbGaAa
OqRbAa
ChUaAa
RyBaAa
LvSbAa
SgSaAa
NxYaAa
OmDaAa
GoNbAa
FnDaAa
WeHaAa
SlIaAa
YeIbAa
QcBaAa
FxFbAa
VdAaAa
ZxHaAa
BpHaAa
ReSaAa
GkHaAa
WrUaAa
MrWaAa
JyAbAa
QhBaAa
FmOaAa
LbDbAa
TgYaAa
RdSbAa
EeVbAa
PfTaAa
OcKaAa
UeMbAa
QnTaAa
OkAaAa
NzYaAa
ZfKaAa
RoMaAa
EzMbAa
FzFbAa
PfCaAa
HhFaAa
YjQbAa
KbUbAa
TpBbAa
PfDaAa
VdAaAa
RiSaAa
SkFaAa
XiWbAa
LqHaAa
SuEaAa
PfTaAa
HqJaAa
SpTbAa
NkCaAa
BuAaAa
PjSbAa
JfAaAa
UoXaAa
UzObAa
OxAaAa
WaAaAa
XpUaAa
NnWaAa
BxJaAa
MnFaAa
WaAaAa
KoBbAa
FqBaAa
OjXbAa
YbEaAa
PySbAa
BxTaAa
LtDaAa
PxKaAa
CbCbAa
QgKbAa
NdIaAa
OcQbAa
JnMaAa
WoKaAa
UoCaAa
AsEaAa
RmCaAa
XgHbAa
RmJbAa
WoFaAa
CaXaAa
ElBaAa
DaOaAa
VfGbAa
XxGaAa
SxDaAa
PhTaAa
VfGbAa
DdFaAa
ZzCaAa
BnLaAa
UeMbAa
DiYaAa
CxFaAa
GkHaAa
YsBaAa
UhGbAa
BpLaAa
MfBaAa
ZgCaAa
WrRbAa
MwBaAa
PeKaAa
SvTaAa
MdJaAa
KbUbAa
CdAaAa
InBaAa
NpPbAa
OgQbAa
AyQaAa
UcJaAa
CtBbAa
WcMbAa
MaBaAa
DlDaAa
UrFbAa
RnHaAa
JcAaAa
KcAaAa
DtLaAa
YvQaAa
YqJaAa
PhBaAa
IqFaAa
UnUaAa
ShCaAa
FaZaAa
TrIaAa
QvDaAa
FdKaAa
FaZaAa
SaDaAa
RiSaAa
SqSaAa
JiBaAa
KiDaAa
NdMbAa
ItPaAa
QdNaAa
WpRbAa
NcKaAa
KdEaAa
CkRaAa
FsCaAa
SoDaAa
PfCaAa
SoYaAa
BjBaAa
EuDaAa
TxVbAa
JuUbAa
PbAaAa
HhFaAa
XiEbAa
GmJaAa
LcUaAa
KmEaAa
MwBaAa
BqSaAa
UoCaAa
RyPaAa
QlHaAa
GlAaAa
LpBaAa
QlTaAa
DcIaAa
JiNbAa
IpQaAa
VdAaAa
IrPaAa
XwKaAa
DgAaAa
TaIaAa
TuXaAa
ReAaAa
BzJaAa
MlKaAa
GzCaAa
IeWbAa
IiNaAa
DkRaAa
QyBaAa
BwEaAa
VcWaAa
BiKaAa
UnEaAa
SkFaAa
KfAaAa
ShCaAa
TgYaAa
MrWaAa
YsBaAa
IhKbAa
SfUaAa
TzAaAa
ZnDaAa
CkRaAa
ZaHbAa
HkTaAa
MkAaAa
SzAbAa
NsHaAa
TiQaAa
GtUaAa
SfWbAa
JdEaAa
DsSaAa
AjYbAa
HxUaAa
RaGaAa
RpAaAa
DjTbAa
HfKaAa
RgJbAa
EzDaAa
FvGaAa
GmJaAa
OxAaAa
RmJbAa
DmFaAa
GkBbAa
FsBaAa
MzQbAa
FbBaAa
QuUaAa
XpEaAa
RpVaAa
UsKaAa
IpQaAa
ZuJaAa
VhPaAa
ZlAaAa
ApZaAa
QlGaAa
FhUbAa
UtBbAa
EeObAa
ZmZaAa
FuYaAa
DiXaAa
KmEaAa
CzAaAa
NkCaAa
JcAaAa
WaAaAa
MwBaAa
XeAbAa
JgLaAa
MkAaAa
KyTaAa
DeHaAa
GjQbAa
OeKbAa
XkPbAa
XgBaAa
XgZaAa
XdKaAa
KgLaAa
HvJbAa
VcDaAa
DkKaAa
QwJbAa
HtAaAa
ShCaAa
EbBaAa
NrXbAa
JnYaAa
EaRbAa
NeQbAa
VcWaAa
KiDaAa
FxFbAa
UgYaAa
OxAaAa
YnPaAa
BmAaAa
FbNbAa
PyRaAa
ZgIaAa
JcAaAa
VlDaAa
GiBbAa
QcEaAa
MsDbAa
VyQbAa
NlEbAa
DjUaAa
NiGbAa
TrIaAa
ViWaAa
YxSbAa
NxMaAa
PkKbAa
AnGaAa
VaAaAa
NdDaAa
UeXaAa
AcHaAa
CwAaAa
QyBaAa
UsKaAa
XiEbAa
MwBaAa
MtKaAa
UqYaAa
QgKbAa
QpAaAa
MrYaAa
UtBbAa
LnObAa
NcKaAa
GdYbAa
OhCbAa
QeUbAa
PyGaAa
AlLaAa
IiBaAa
ImTaAa
HkWbAa
RyPaAa
LxWaAa
SoRaAa
CeYaAa
JgLaAa
EvFbAa
TcDbAa
GlAaAa
VqXbAa
TwEaAa
NqKbAa
JpMaAa
YaFaAa
AnGaAa
SmCaAa
JaSbAa
LqLaAa
LpBaAa
MdXaAa
FtRbAa
MjZbAa
HgCaAa
PrNbAa
OjXbAa
KiDaAa
RtBaAa
RmCaAa
WgBaAa
CxFaAa
DsEbAa
EnRbAa
RjYbAa
NzEaAa
HlAaAa
XoKaAa
FdQbAa
OfHbAa
KmEaAa
CmRaAa
MkAaAa
EjUaAa
FtIaAa
HiEaAa
JrObAa
ZzCaAa
EcTaAa
WiMbAa
DlGbAa
AyQaAa
EpEaAa
IhKbAa
ToXaAa
TcHaAa
XgEaAa
FjMaAa
QfTaAa
WdAaAa
BiDbAa
YiTaAa
DxLaAa
JkYbAa
YyGbAa
ZgCaAa
XgZaAa
JcPaAa
ReSaAa
ItRaAa
VdFaAa
WaAaAa
IiBaAa
QlZaAa
QcBaAa
DhTbAa
DgAaAa
CeXaAa
FqWbAa
LdDbAa
XiWbAa
CeEaAa
MwBaAa
BmObAa
TcRbAa
YiTaAa
LaKaAa
CsMaAa
JdEaAa
DoXbAa
GqJaAa
BvBaAa
UoCaAa
CjCaAa
LdGaAa
JdBaAa
ObAbAa
HvNaAa
DrHaAa
BsYbAa
YbEaAa
KnSaAa
KhQaAa
BjAaAa
TgYaAa
IeNaAa
KfAaAa
CjCaAa
FnDaAa
HyAaAa
MbLbAa
PtNbAa
LbJaAa
OjXbAa
SpZaAa
DaJaAa
NsVbAa
PhBaAa
CqMbAa
SpTbAa
ZmZaAa
WhTbAa
JcPaAa
FtHaAa
TrIaAa
DiXaAa
FvHaAa
EzMbAa
YeIbAa
FgEaAa
FoEbAa
JpRaAa
UhVaAa
JoHaAa
QeUbAa
MnWaAa
LuCaAa
AhDaAa
XeIaAa
VcGaAa
KfAaAa
WdZbAa
CoMbAa
DpUaAa
HzRaAa
OhHbAa
QdNaAa
OlCbAa
ZgCaAa
TxVbAa
ZsJaAa
TcHaAa
XeTaAa
AfSbAa
WpNaAa
WgBaAa
PuJbAa
XtIaAa
CaAaAa
RmJbAa
WrAaAa
DlDaAa
KrSaAa
WgEaAa
UhVaAa
GzCaAa
EuDaAa
TzAaAa
WgBaAa
TpBbAa
KdRaAa
TzJaAa
CcDaAa
VxLaAa
PyRaAa
JqAaAa
WrAaAa
FtHaAa
ElBaAa
JpMaAa
FgAaAa
XqOaAa
VgJaAa
BjLaAa
DsIbAa
GkBbAa
XmOaAa
ToYaAa
VeHaAa
YaFaAa
DxLaAa
MdZaAa
JfAaAa
DuEbAa
VeHaAa
CuSaAa
RqRaAa
KqBbAa
CsPbAa
MtDaAa
GjUbAa
CwEaAa
VoWaAa
BsDaAa
XeBbAa
IiAaAa
XeCaAa
GkGaAa
FsCaAa
FbEaAa
JqAaAa
JuUbAa
FwKaAa
SzLbAa
GzCaAa
LwCaAa
DuSaAa
OzMaAa
PwUaAa
XzFbAa
WzYbAa
TpHaAa
GiAaAa
HiEaAa
HrQaAa
ZgCaAa
NfOaAa
JzQaAa
FuDaAa
SaQaAa
VwAaAa
BjAaAa
TzAaAa
FnDaAa
MsAbAa
EgVbAa
EgVbAa
IiNaAa
CeGaAa
ZnBaAa
RbFaAa
DsEbAa
TzAaAa
YiIbAa
FgAaAa
JpJbAa
WbKaAa
KhQaAa
CcDaAa
TdUaAa
TwEaAa
MtDaAa
TkFaAa
EiRaAa
GzLaAa
OwFbAa
OxAaAa
DxFaAa
EtRbAa
LnObAa
OpIbAa
QyBaAa
ThLaAa
OaSaAa
EeObAa
MkAaAa
LdDbAa
GzCaAa
MaBaAa
KnObAa
ZxUaAa
ZeBbAa
EqWaAa
JhFbAa
IkTaAa
WpRbAa
AuAaAa
EbNbAa
KrJbAa
BjAaAa
LcFaAa
VcDaAa
YaAaAa
QrJaAa
RfNaAa
CrBbAa
MwBaAa
KfAaAa
LcFaAa
OjMbAa
YsCaAa
OhBbAa
TrIaAa
XeBbAa
HdKbAa
HrJbAa
PjWbAa
PrOaAa
EsWaAa
LyVbAa
OaTbAa
BjAaAa
SuEaAa
MoAbAa
QcEaAa
KfAaAa
UcJaAa
BmSaAa
KfAaAa
PuJbAa
ZgCaAa
FeTaAa
DjUaAa
XiEbAa
GrNaAa
CwXaAa
OxAaAa
PwUaAa
XmOaAa
KcFaAa
HtAaAa
MoEaAa
DbKaAa
FsBaAa
BkYaAa
NzIbAa
WgBaAa
EuYaAa
FiEbAa
QgFaAa
BmObAa
ReSaAa
OeFaAa
WlUbAa
UsPbAa
PhEaAa
DrAbAa
NoDbAa
WaAaAa
QrJaAa
JbGaAa
OaZbAa
DdAaAa
MkAaAa
ZnBaAa
XfMaAa
ZoTaAa
ZgCaAa
RyIaAa
CrQbAa
SnBbAa
DvLaAa
BdLaAa
SlYbAa
WrUaAa
PqEaAa
WvFbAa
InMaAa
CzDaAa
DdFaAa
ZqTaAa
MsAbAa
HxHaAa
TzAaAa
VdTbAa
TuSbAa
MwBaAa
GjUbAa
ZxIaAa
YeIbAa
GmPbAa
GcAbAa
NkAaAa
TrIaAa
XnQbAa
JsFaAa
NnFaAa
TfNaAa
RpVaAa
XeCaAa
UcJaAa
NdVbAa
TgXaAa
IyAaAa
EtRbAa
CzDaAa
YsBaAa
VaAaAa
KbGaAa
HaHbAa
OcMaAa
MwVbAa
DxFaAa
PgFaAa
DxLaAa
FySaAa
LtXbAa
JaSbAa
NkAaAa
EgVbAa
WrUaAa
PbAaAa
AjPbAa
RjNaAa
MwBaAa
PaGbAa
YlMaAa
WgOaAa
ZeNaAa
OaSaAa
QlZaAa
DaYaAa
KbDaAa
TbCbAa
IiBaAa
CmXaAa
IcLaAa
YsBaAa
YxBaAa
XvHaAa
QrFaAa
ToXaAa
TpHaAa
PyRaAa
PfDaAa
AmAaAa
VhTbAa
YqNbAa
EbBaAa
DcIaAa
HqTaAa
LxEaAa
MdObAa
MdZaAa
CaUbAa
KqGaAa
WaAaAa
IkTaAa
YsCaAa
KqBbAa
AlNaAa
FnDaAa
EuDaAa
HzGaAa
UoHbAa
NdWaAa
OsUaAa
EtIaAa
WmIbAa
PhBaAa
OjXbAa
JuKbAa
FfFaAa
EqCaAa
YwVaAa
XvHaAa
StBaAa
GyGbAa
EuDaAa
QcEaAa
IrEaAa
FiZbAa
BnTbAa
OlCbAa
QaVaAa
YvHaAa
VuIbAa
ZvPaAa
UrIaAa
ZuJaAa
VqBaAa
RtBaAa
KuCaAa
LcCbAa
PcKbAa
CuSaAa
RjYbAa
JcAaAa
PhBaAa
OzEaAa
KuCaAa
LtDaAa
ImTaAa
IbHaAa
StCaAa
BxDbAa
DxFaAa
UeGaAa
EoKaAa
DhPaAa
MbLbAa
ZvQaAa
MdObAa
GzCaAa
MfRaAa
MiGbAa
IeWbAa
IsCaAa
ExCaAa
JkIaAa
VrAaAa
NlOaAa
ZhFaAa
EiMbAa
XlBaAa
DkKaAa
UmFaAa
RpVaAa
EnRbAa
NqKbAa
BmAaAa
VaAaAa
UeRaAa
JcAaAa
EcOaAa
VoCaAa
FjMaAa
UnNaAa
VjCaAa
BdPaAa
FhUbAa
PwHaAa
PjSbAa
VzDaAa
PvDaAa
DnGbAa
IsTaAa
VlUaAa
KqBbAa
CzDaAa
RfNbAa
TaJaAa
AzAaAa
QlZaAa
TxVbAa
EqCaAa
HzGaAa
CjCaAa
OfAbAa
JwJaAa
ZnBaAa
VaAaAa
AlEaAa
ZsBaAa
JfAaAa
ZgCaAa
CiKaAa
BvBaAa
MtYaAa
TaGaAa
UwSaAa
KoVaAa
DyEaAa
DgMbAa
LyBbAa
ViVbAa
SlNaAa
QaVaAa
DpUaAa
JdSaAa
LsFbAa
MhMbAa
PqEaAa
EtRbAa
JpSaAa
CrGaAa
MqAbAa
VaXaAa
UnEaAa
QcBaAa
CzDaAa
FmOaAa
LjKaAa
HnBaAa
MlHbAa
YnDaAa
YyOaAa
PiRbAa
XqOaAa
QyBaAa
XwGbAa
ZlAaAa
RhIaAa
GzCaAa
JhKaAa
OhBbAa
PcKbAa
WrAaAa
MiUaAa
KqAaAa
OjMbAa
RpAaAa
CdAaAa
DmFaAa
WwAaAa
TgYaAa
RlNbAa
DeHaAa
NdIaAa
SaDaAa
CxVbAa
NrBaAa
AhNaAa
IhKbAa
TmAaAa
KyTaAa
XfMaAa
RaDaAa
EiMbAa
LuLaAa
MuFbAa
RbPaAa
YfKbAa
PbNaAa
IgIbAa
WaAaAa
XuDaAa
WaAaAa
OnPbAa
AhDaAa
XgBaAa
YkHaAa
RnHaAa
VrAbAa
KvAaAa
GfFaAa
JuUbAa
VjCaAa
EmKaAa
NdJaAa
FbBaAa
CrAaAa
QuJbAa
QcEaAa
HtRaAa
SlNaAa
NoRbAa
ExCaAa
IxQaAa
UsKaAa
TuXaAa
JmTbAa
YoNbAa
GmWbAa
DyEaAa
JpSaAa
GiCbAa
KgUaAa
JyAbAa
EeOaAa
MkAaAa
QpAaAa
WaAaAa
PyRaAa
JcAaAa
NkAaAa
XiGaAa
CuSaAa
EdGbAa
GsCaAa
OxAaAa
BiKaAa
TmAaAa
LdCaAa
SqSaAa
KoBbAa
UeEaAa
ScQaAa
DmWaAa
YkJaAa
AmDbAa
JxNaAa
FfQbAa
ZxJbAa
LtSbAa
MkAaAa
AuAaAa
PvDaAa
AzAaAa
AuAaAa
SuEaAa
UcJaAa
AuWbAa
RkJbAa
VrAbAa
MwBaAa
NaYbAa
XiWbAa
WoFaAa
IzJbAa
MfRaAa
LmNaAa
VhGbAa
StBaAa
EtGaAa
OaZbAa
WwNbAa
QhBaAa
MnWaAa
HfFaAa
OpCbAa
ExCaAa
JqAaAa
DwSaAa
EeJaAa
XiGaAa
BdPaAa
UrAbAa
JnYaAa
WwGbAa
AnBbAa
KyTaAa
LtXbAa
LyBbAa
IdSaAa
GlAaAa
BeBaAa
ShDaAa
JaSbAa
KaIbAa
UvBaAa
WzXbAa
UrIaAa
RgJbAa
XxFaAa
DyEaAa
QtJaAa
PlJaAa
NfOaAa
DsSaAa
UjBaAa
BxDbAa
YxBaAa
NdEbAa
VrAaAa
GkJaAa
WrAaAa
ViWaAa
CaAaAa
LgTbAa
UoCaAa
OrBaAa
LmEaAa
JfAaAa
DcIaAa
MbTaAa
KrObAa
ZxIaAa
QjEbAa
ZgCaAa
UiAbAa
QcEaAa
AtBaAa
NtWaAa
FjMaAa
JkYbAa
HkWbAa
JkYbAa
JkIaAa
CoCaAa
KhKaAa
NrXbAa
RoMaAa
FfQbAa
DgJaAa
FbEaAa
RdSbAa
RfNaAa
YbSaAa
NwFbAa
XxFaAa
QdWbAa
ViHbAa
CsMaAa
AnBbAa
JcLaAa
GkHaAa
UvLaAa
MkAaAa
IiNaAa
KdQaAa
LfQaAa
PwIaAa
IaPaAa
YsCaAa
NrCaAa
KdRaAa
HzGaAa
QlTaAa
GyGbAa
KmEaAa
QyBaAa
XbEaAa
KqBbAa
UpFbAa
DxRbAa
YuGbAa
BjAaAa
ZtRaAa
NhVbAa
EuDaAa
IxQaAa
MsAbAa
YnLbAa
CaXaAa
QcEaAa
KmNaAa
MdJaAa
KuUbAa
MbTaAa
CwXaAa
GwKaAa
LfAaAa
XgZaAa
XeZaAa
OaTbAa
TaJaAa
MnWaAa
PbAaAa
EcOaAa
RiSaAa
MtKaAa
LhXaAa
KvPbAa
DdXbAa
WgEbAa
VfGbAa
HlAaAa
DrDbAa
MdVbAa
TpLaAa
AhDaAa
IcAaAa
AuEaAa
CcCaAa
KcFaAa
NlEbAa
LhYaAa
VuIbAa
QkLbAa
StFaAa
RxLbAa
FtHaAa
EgEaAa
WtHbAa
ZmZaAa
TaUbAa
JfAaAa
IcAaAa
TiJbAa
CcDaAa
RpAaAa
DdFaAa
AaQaAa
QcEaAa
LcFaAa
MtYaAa
AhIaAa
TzAaAa
VuKaAa
YxBaAa
AfLaAa
EdYbAa
CjCaAa
PrOaAa
EyNbAa
EpNaAa
DgAaAa
UoCaAa
MlKaAa
ZlAaAa
FwCbAa
HqTaAa
EsCbAa
HxHaAa
ZeNaAa
BvBaAa
CcDaAa
XxCaAa
SmJbAa
IeWbAa
KyTaAa
KdQaAa
ZaHbAa
MgPaAa
DgAaAa
XgZaAa
QsQaAa
WgEaAa
ZuJaAa
ZfKaAa
NvYaAa
MvMaAa
CrAaAa
UoCaAa
XzSbAa
VdAaAa
QsQaAa
NfOaAa
EpNaAa
ImGaAa
RbFaAa
RbFaAa
XgZaAa
OxGbAa
LrSaAa
YsBaAa
PbAaAa
FdYbAa
PfDaAa
VaObAa
UhGbAa
RfNbAa
NhJaAa
UtBbAa
JfAaAa
AsPaAa
MxSaAa
KuCaAa
GaFaAa
VuCbAa
TiKaAa
ZlCaAa
FnDaAa
XeZaAa
EaLbAa
ZxIaAa
VhPaAa
ZeCaAa
VrAaAa
YlMaAa
NrBaAa
ZfKaAa
HiCbAa
OpFaAa
ZmZaAa
CvBaAa
ImTaAa
KjSaAa
CaYaAa
FnDaAa
ZsBaAa
XwKaAa
RpVaAa
WcTaAa
QjEaAa
PjGaAa
MdZaAa
VyEaAa
QwRaAa
WpNaAa
VpUaAa
JeWbAa
JzIaAa
TlIaAa
EgHaAa
UxHbAa
HaHbAa
ZtRaAa
FdKaAa
KuUbAa
JmTaAa
CtBbAa
WpRbAa
XvHaAa
VdAaAa
NtDaAa
KdRaAa
EcLbAa
HlAaAa
ZaBbAa
DgAaAa
ReAaAa
QbLaAa
LqIaAa
GcAbAa
EeMbAa
PuJbAa
JjFaAa
MrYaAa
MwBaAa
UeRaAa
JhSaAa
ThLaAa
WwGbAa
GfKbAa
VuCbAa
BmObAa
FnDaAa
EcLbAa
DgJaAa
PeAaAa
UmFaAa
HrJbAa
KdEaAa
WyNbAa
NeFaAa
GaFaAa
EsWaAa
DoSbAa
AhDaAa
AiJbAa
RtCaAa
WdYbAa
QfCaAa
MuFbAa
ZoJaAa
VnNaAa
PhBaAa
VdAaAa
WdAaAa
NeQbAa
GkHaAa
GkBbAa
SoBaAa
XjPaAa
VaObAa
PhBaAa
YnPaAa
SkFaAa
RgJbAa
KcIbAa
OzEaAa
CwSaAa
IwDaAa
GfKbAa
JfAaAa
YyGbAa
RvJaAa
DsEbAa
VcIaAa
LkDaAa
CkRaAa
HlAaAa
NxSaAa
LbIaAa
LmEaAa
OjHaAa
OjMbAa
QyBaAa
FiOaAa
HtRaAa
MwBaAa
CkRaAa
UvBaAa
WxCaAa
KmNaAa
YvRaAa
MlHbAa
YiIbAa
PwUaAa
QrJaAa
AfPbAa
PxKaAa
JuKbAa
EnUbAa
JwJaAa
EuDaAa
IwZaAa
LzWaAa
MgPaAa
LcUaAa
RfNbAa
OeKbAa
VwEbAa
KqIaAa
ZxUaAa
VhPaAa
LjQaAa
YoNbAa
EdTbAa
TrIaAa
OtNbAa
OjJaAa
IgIaAa
VuKaAa
KfAaAa
OoEaAa
UzAaAa
HvJbAa
YsBaAa
FdKaAa
DbKaAa
OtNbAa
YvUaAa
QlBbAa
PhTaAa
OpFaAa
HdKbAa
QbLaAa
RfNbAa
HvNaAa
JfAaAa
MjZbAa
QrFaAa
SaQaAa
CsMaAa
LgTbAa
CoCaAa
FoIbAa
HiCbAa
PyFaAa
UsPbAa
AtOaAa
EpEaAa
HtAaAa
UrAbAa
XqEbAa
KoIaAa
UoCaAa
EuDaAa
SpVaAa
FnDaAa
FzFbAa
HlLbAa
WwYaAa
LwTaAa
NyLaAa
CdPaAa
HhFaAa
TcDbAa
FgVbAa
CwAaAa
BxJaAa
FnDaAa
WrAaAa
FxFbAa
EeObAa
EjCaAa
QcEaAa
GaFaAa
ZgCaAa
IyKaAa
TrIaAa
XmCbAa
WyMaAa
CjBaAa
OnEbAa
RtZaAa
VrAaAa
YfKbAa
DwAaAa
JzIaAa
LyVbAa
SnGaAa
YvYbAa
ZnDaAa
UlUaAa
AnBbAa
RrZaAa
PeKaAa
WaAaAa
HzRaAa
NaEaAa
ExCaAa
LzEbAa
YbSaAa
MtDaAa
WwCbAa
LxXaAa
EnGbAa
TmAaAa
VgEbAa
DxLaAa
TzHbAa
ZzJbAa
TqMaAa
UzObAa
FiGaAa
RbFaAa
MdJaAa
GkHaAa
ErUaAa
OsUaAa
NhAaAa
XiWbAa
RyIaAa
PeAaAa
NlOaAa
LkDaAa
XoJaAa
VfGbAa
NdEbAa
VhPaAa
PyRaAa
VlDaAa
NkAaAa
VkOaAa
HyAaAa
KkIaAa
KaIbAa
QhBaAa
StFaAa
WgEaAa
FeCaAa
SzUbAa
NfOaAa
BdPaAa
ZiIbAa
KcPbAa
JyAbAa
OxGbAa
JyLbAa
NyLaAa
GjRbAa
YaFaAa
PwIaAa
TpLaAa
KiDaAa
UnNaAa
VwAaAa
FxBaAa
UeMbAa
VaAaAa
PbAaAa
LiDaAa
SlNaAa
QaVaAa
DpFbAa
MwLaAa
ZqTaAa
CjBaAa
KnCaAa
QvDaAa
TxVbAa
CaAaAa
NoUbAa
XqEbAa
XdKaAa
OdTaAa
YwKaAa
KnSaAa
DzDaAa
EeOaAa
NvYaAa
WwAaAa
JfSaAa
SmCaAa
JyLbAa
UoCaAa
GiAaAa
PjWbAa
BnTbAa
RyPaAa
QcBaAa
SmCaAa
YvRaAa
FsBaAa
SoYaAa
CeEaAa
OgQbAa
IcLaAa
YbKbAa
RmJbAa
QgFaAa
SbFaAa
BjBaAa
PjWbAa
AwWbAa
LsFbAa
NdWaAa
BdPaAa
KfAaAa
SfUaAa
MuGaAa
AgJbAa
EbBaAa
YrNaAa
TbCbAa
CmRaAa
OpFaAa
JfAaAa
KfAaAa
IsFaAa
UeRaAa
VwAaAa
VaObAa
QeUbAa
KnCaAa
CwSaAa
CoMbAa
JjFaAa
KnSaAa
VgRaAa
CeYaAa
UrGaAa
SkFaAa
SoBaAa
KzWaAa
XkPbAa
UoCaAa
SiJbAa
MfEaAa
JcAaAa
BmAaAa
BeFbAa
KdEaAa
OtNbAa
DgAaAa
QeUbAa
QcSaAa
DgJaAa
OsAaAa
WhTbAa
SaDaAa
RgKaAa
XxCaAa
FfVaAa
GoNbAa
BsDaAa
YmJaAa
OpOaAa
ScBaAa
RmCaAa
SqSaAa
OpFaAa
AnBbAa
WzYbAa
WpRbAa
RaDaAa
SxUbAa
SuEaAa
EbBaAa
YgEaAa
CvCaAa
ZsCaAa
YiIbAa
RlTaAa
VaAaAa
FpRbAa
EpEaAa
UaXaAa
SlVaAa
YeIbAa
AjNbAa
NaYbAa
TkFaAa
DrAbAa
OhEbAa
NoUbAa
UiAbAa
MuGaAa
RlNbAa
TqMaAa
FeDaAa
FxBaAa
BkYaAa
EsWaAa
LzXaAa
JrObAa
EqCaAa
EcOaAa
BhLaAa
UeXaAa
JmTbAa
RnHaAa
CoMbAa
BeBaAa
ZqJaAa
JrDaAa
DnGbAa
EeDaAa
CaAaAa
QvDaAa
BmQaAa
JqAaAa
YwVaAa
AiJbAa
ZnDaAa
CwAaAa
IyAaAa
NbOaAa
DxLaAa
OpOaAa
StBaAa
WgBaAa
ThDaAa
RpAaAa
WaAaAa
TzAaAa
RgKaAa
IvXbAa
OjMbAa
PwObAa
AtZaAa
UtDbAa
BpLaAa
VoWaAa
FnDaAa
FyVaAa
PrOaAa
VqXbAa
LfAaAa
YbKbAa
DoXbAa
OzEaAa
RbHbAa
PsAaAa
TuXaAa
FiOaAa
OpKaAa
EmKaAa
PuJbAa
HtAaAa
PlPbAa
SfWbAa
OxGbAa
DaOaAa
PbAaAa
RyUaAa
BzAaAa
FfVaAa
HrPaAa
AqDaAa
ZgCaAa
OzEaAa
EeHaAa
TeQaAa
NvYaAa
GzCaAa
MsAbAa
JkYbAa
MdZaAa
RwPaAa
CdAaAa
EySaAa
BdPaAa
LjKaAa
RbPaAa
ZsOaAa
JiBaAa
MkDaAa
RiSaAa
ImBbAa
DpUaAa
ExCaAa
PeAaAa
WtGaAa
EySaAa
QkFbAa
NlEbAa
ImHaAa
ZsOaAa
KmEaAa
NoDbAa
OkAaAa
SfUaAa
TcHaAa
RpVaAa
DoMbAa
BcGaAa
RoJbAa
QlBbAa
ZxUaAa
ZvNaAa
ZaBbAa
LdEaAa
TgYaAa
TuXaAa
PuUaAa
ZsOaAa
LtXbAa
XhMaAa
GsCaAa
LtSbAa
LdCaAa
MrYaAa
OsUaAa
IcLaAa
QeAaAa
GiOaAa
AmCaAa
VcWaAa
LnObAa
GiAaAa
OaZbAa
CcDaAa
GmPbAa
FiGaAa
JnYaAa
VaAaAa
HgCaAa
InMaAa
EsWaAa
KvAaAa
YnDaAa
XfMaAa
OfAbAa
NlEbAa
AbHbAa
CmRaAa
SjNaAa
MlKaAa
IxHaAa
EcOaAa
RtJaAa
XvHaAa
QcBaAa
MkAaAa
UqSbAa
KdEaAa
KwAbAa
SnBbAa
AuAaAa
EjGbAa
DlGbAa
WkXaAa
CqMbAa
GgCbAa
MoAbAa
WaAaAa
HlLbAa
RoJbAa
RfNaAa
WpRbAa
YuGbAa
FhUbAa
FsBaAa
KpYaAa
VlDaAa
KfAaAa
RiSaAa
GnDaAa
TiQaAa
WpRbAa
IcLaAa
CpGbAa
KnCaAa
DxFaAa
FfMaAa
CrAaAa
VwAaAa
QlGaAa
GwKbAa
VaTaAa
LfBaAa
NaYbAa
AtTaAa
ByNaAa
FvGaAa
CxFaAa
VkOaAa
BiKaAa
HqKaAa
TfPaAa
GrNaAa
RmCaAa
EgVbAa
MoAbAa
ZhFaAa
BaAaAa
GxFbAa
StCaAa
TmCaAa
TcHaAa
EoFaAa
CzDaAa
NkAaAa
RoJbAa
ZaHbAa
ScQaAa
NdWaAa
HyAaAa
LuLaAa
FtHaAa
WrUaAa
EyNbAa
ZuJaAa
LuLaAa
SnIaAa
MdJaAa
TaIaAa
JrDaAa
MnFaAa
WlBaAa
CjCaAa
CnNaAa
HcNaAa
OfHbAa
QeAaAa
KyTaAa
TaJaAa
YaFaAa
LzNaAa
KiCaAa
WqBaAa
RyBaAa
EpUaAa
EzDaAa
EuIbAa
QcSaAa
TwEaAa
UaXaAa
LiUaAa
CeXaAa
XzLaAa
BjPbAa
BaAaAa
CoCaAa
SlIaAa
LiDaAa
CeYaAa
YeIbAa
HcNaAa
WdAaAa
TrIaAa
XlPaAa
QcBaAa
RyBaAa
HkWbAa
JmTbAa
YsCaAa
PuJbAa
OtNbAa
NdEbAa
GjMaAa
UvLaAa
XsNbAa
OgQbAa
ToXaAa
SvTaAa
QpTaAa
ZwLbAa
HnBaAa
BaJaAa
DgAaAa
HlLbAa
NdZaAa
EkWaAa
JbGaAa
KqIaAa
QrFaAa
GiEbAa
CeEaAa
PbNaAa
VcWaAa
BqMaAa
VuKaAa
FtHaAa
BqMaAa
MbLbAa
QyJbAa
UmFaAa
CjCaAa
XlPaAa
CcCaAa
DxRbAa
CuXaAa
ZgCaAa
OdOaAa
XaAaAa
NxMaAa
KfAaAa
LxEaAa
MzQbAa
EcLbAa
EvFbAa
TsYbAa
JkIaAa
EoFaAa
IwDaAa
PpFaAa
QlGaAa
HkGaAa
CvBaAa
LzEbAa
OjHaAa
KnObAa
PrOaAa
RaDaAa
RoJbAa
VaOaAa
AxDaAa
RjNaAa
WfVaAa
UcJaAa
GoNbAa
GiAaAa
VzDaAa
NhJaAa
JjFaAa
DxRbAa
QhZaAa
HlCaAa
MfGaAa
YrRaAa
CjCaAa
SnIaAa
PjEbAa
GiAaAa
KgPbAa
GiAaAa
JrObAa
DqBaAa
KbGaAa
YiIbAa
NpPbAa
SfWbAa
PyRaAa
JjFaAa
ZzCaAa
VsIbAa
MwBaAa
TaCaAa
JoZaAa
WzDaAa
OvNbAa
PmBaAa
LyVbAa
AuAaAa
ZgIaAa
VkOaAa
EgObAa
ZlCaAa
ShDaAa
FxFbAa
GqJaAa
DkKaAa
BaAaAa
CeBaAa
VwMaAa
HgCaAa
FeTaAa
JfAaAa
WzYbAa
NnWaAa
BaAaAa
LqBbAa
RuObAa
KdQaAa
NhJaAa
TeJbAa
MaNbAa
LhXaAa
ObAbAa
LdYaAa
RyIaAa
DuMaAa
KmEaAa
OaTbAa
YyOaAa
HqTaAa
JoVaAa
ZgCaAa
KfAaAa
GwKaAa
KcAaAa
QeUbAa
IeWbAa
KdFbAa
SuEaAa
OaZbAa
NnEbAa
VrDbAa
WaAaAa
NlOaAa
XmCbAa
KrSaAa
EyNbAa
OaEaAa
IzUaAa
DcXaAa
EsCbAa
KgUaAa
EuDaAa
OsAaAa
IbHaAa
CaAaAa
TrQbAa
LcUaAa
QuNaAa
ZgCaAa
AyQaAa
HyAaAa
KiDaAa
PeKbAa
BkSaAa
VdAaAa
PjEbAa
MrWaAa
PuJbAa
SpTbAa
WbKaAa
UoCaAa
RwNaAa
KhQaAa
ZaHbAa
BjBaAa
ScQaAa
FxFbAa
BqMaAa
XiGaAa
QyBaAa
ItAaAa
DxRbAa
HrPaAa
WgBaAa
FeCaAa
WiHaAa
TvFaAa
RdSbAa
EdYbAa
CdAaAa
ZlJbAa
LlXaAa
TcDbAa
BjLaAa
NxSaAa
HyAaAa
AjIaAa
WeZaAa
VxLaAa
NiGbAa
SyPaAa
UjNbAa
XvYbAa
KdGaAa
WuWaAa
KpYaAa
XxLaAa
BaAaAa
UrFbAa
RqQaAa
JzHaAa
EuDaAa
JgLaAa
IcNaAa
KqIaAa
CaYaAa
WrUaAa
DqBaAa
ZnBaAa
LyBbAa
GoWbAa
MkAaAa
SxDaAa
VlDaAa
DlGbAa
OaGbAa
MmUaAa
UrGaAa
NbOaAa
GmJaAa
RnTaAa
IeWbAa
UvLaAa
IiBaAa
ReSaAa
UoCaAa
RrZaAa
WoFaAa
HrJbAa
MtYaAa
BaAaAa
YkGaAa
EbXbAa
CzDaAa
NgGbAa
LaCbAa
FeTaAa
ZlAaAa
WoEbAa
McFaAa
FmOaAa
PxAaAa
MuBbAa
KfAaAa
SkFaAa
HgCaAa
FsBaAa
RbPaAa
WqEbAa
AfPbAa
KoBbAa
UnNaAa
JyAbAa
LjJbAa
SfPbAa
NeFaAa
SxUbAa
NhHaAa
SiJbAa
EpEaAa
ZaBbAa
MuFbAa
WdAaAa
MzNaAa
NfOaAa
RwNaAa
ZgCaAa
EeZaAa
YyGbAa
KzWaAa
OpKaAa
BaAaAa
PqEaAa
DuMaAa
OxAaAa
BaJaAa
CrAaAa
IsFaAa
UmFaAa
FzLaAa
FwYaAa
MhWaAa
DgAaAa
QbAaAa
VcDaAa
CsPbAa
BqObAa
RjYbAa
ZkBbAa
GoNbAa
DgAaAa
TrIaAa
WpNaAa
BjBaAa
DgMbAa
RgKaAa
GrNaAa
UoCaAa
LbUbAa
UpAbAa
SnIaAa
CjCaAa
GtUaAa
CvBaAa
UvFaAa
LiCaAa
JcAaAa
ZrPaAa
ZlJbAa
AtCaAa
ZnBaAa
BbSbAa
DgAaAa
CaAaAa
EgHaAa
ToBaAa
YkZaAa
DyEbAa
VxLaAa
MlHbAa
BaAaAa
AzAaAa
TsDaAa
KdEaAa
OiUbAa
LyBbAa
GeCaAa
XgBaAa
KmEaAa
ZsOaAa
ByNaAa
LaKaAa
PkMaAa
BzJaAa
IuJaAa
DeYaAa
BaRaAa
AhNaAa
ZwLbAa
PhTaAa
CrGaAa
SiJbAa
NlEbAa
PuUaAa
TzJaAa
RgKaAa
ZlCaAa
XpEaAa
AjNbAa
XxXbAa
RcBaAa
ZiCbAa
OkAaAa
PfIaAa
ObAbAa
MkBaAa
MsAbAa
LbJaAa
PuUaAa
QbLaAa
KqBbAa
MbTaAa
QcEaAa
WdAaAa
OxAaAa
UuMaAa
CcDaAa
CjBaAa
CcDaAa
HiAaAa
CrGaAa
PbAaAa
KvAaAa
MjZbAa
XlPaAa
NoUbAa
WlDaAa
GjQbAa
BxJaAa
HzGaAa
MbWaAa
ZlAaAa
MwBaAa
CmXaAa
DkKaAa
MzKbAa
QcEaAa
FoIbAa
YlUbAa
JzIaAa
CmRaAa
CaAaAa
KfAaAa
BjBaAa
NlOaAa
HsOaAa
UaJbAa
VcIaAa
GnDbAa
TjAaAa
IwDaAa
EjTbAa
WrVbAa
KnYaAa
ReAaAa
QmLbAa
TyWaAa
VcJaAa
YaFaAa
MsGaAa
ToRaAa
GwVaAa
SlNaAa
HxHaAa
GnDaAa
ToXaAa
KqGaAa
ErUaAa
HrPaAa
AvTaAa
MiGbAa
CkRaAa
JdBaAa
FpNaAa
FeTaAa
NeQbAa
MtKaAa
MkAaAa
EcOaAa
PbAaAa
OcKaAa
CwSaAa
FoEbAa
ZtRaAa
DsIbAa
KnObAa
JoVaAa
VyQbAa
OwGaAa
KgPbAa
LsFbAa
KrSaAa
LxXaAa
LxEaAa
IkEaAa
IhFbAa
PkKbAa
ZpEaAa
MyVbAa
JmTbAa
JyJaAa
LcFaAa
NvKaAa
IxIaAa
XfMaAa
ScFbAa
HtAaAa
PwObAa
EpEaAa
OpKaAa
YbTbAa
TgYaAa
PkMaAa
MlHbAa
ZlAaAa
XzLaAa
BaQaAa
MnAaAa
VvBaAa
QdWbAa
MqAbAa
VcWaAa
JhJbAa
FoIbAa
GiBbAa
LtDaAa
PySbAa
QlBbAa
QpAaAa
CeXaAa
VwAaAa
WgJaAa
EsCbAa
KqIaAa
NdEbAa
OxAaAa
OkUbAa
RuObAa
NtWaAa
FfFaAa
KcFaAa
IaPaAa
CjCaAa
LzNaAa
AdLaAa
UzAaAa
IeWbAa
QfDaAa
BeBaAa
DgAaAa
BnTbAa
PmKbAa
JrObAa
DkKaAa
UrIaAa
JzHaAa
SoYaAa
RgJbAa
AyHaAa
SfPbAa
OkAaAa
KcFaAa
FyVaAa
AhXbAa
HkWbAa
JkIaAa
KqAaAa
JzBaAa
GsBaAa
UeXaAa
PwIaAa
FwKaAa
HgCaAa
UxUbAa
YaFaAa
ZlAaAa
YiIbAa
NxMaAa
VgJaAa
ZxIaAa
WlBaAa
YvRaAa
DmWaAa
WjPaAa
BhPbAa
LdDbAa
NoDbAa
KqBbAa
JdFbAa
LqGaAa
NnEbAa
EySaAa
CoMbAa
TeBaAa
XaAaAa
SvTaAa
OhBbAa
KsBbAa
HqTaAa
RcFbAa
EuDaAa
WwQbAa
VdAaAa
RtBaAa
CwAaAa
MkBaAa
HvJbAa
LyHbAa
TpHaAa
KcFaAa
YiTaAa
QlTaAa
EaLbAa
VaAaAa
HlLbAa
DhTbAa
IkEaAa
YiWbAa
GaNaAa
WcDaAa
CqMbAa
KvAaAa
KqGaAa
EsYaAa
HdKbAa
YsBaAa
FoIbAa
JiBaAa
EvHbAa
EyYaAa
DjTbAa
WaZaAa
VdFaAa
DsEbAa
VwAaAa
VaAaAa
GcAbAa
EgVbAa
JeLaAa
MrYaAa
JuTaAa
VdAaAa
EeZaAa
TsSbAa
XtIaAa
TgYaAa
WxFaAa
VdAaAa
ZaFaAa
QpAaAa
TiQaAa
KdQaAa
QeUbAa
LxEaAa
RmCaAa
GwKbAa
OcMaAa
EuDaAa
MtKaAa
MkAaAa
WdAaAa
LvEbAa
MoEaAa
IhKbAa
AuWbAa
ShDaAa
ZzGaAa
PsAaAa
WlBaAa
SnGaAa
GnDaAa
FfMaAa
HdKbAa
QwQaAa
XxCaAa
JyAbAa
PeAaAa
UhVaAa
LxXaAa
AhDaAa
WaAaAa
JfSaAa
OsHaAa
CeXaAa
DbKaAa
KlVbAa
FoIbAa
LsDbAa
ErAaAa
QlZaAa
WgVbAa
PyRaAa
XjMaAa
ZlAaAa
NdEbAa
EcLbAa
ZzFaAa
FiEbAa
TiQaAa
OzEaAa
HxIaAa
PyGaAa
NaEaAa
YsBaAa
SfPbAa
WdAaAa
HrJbAa
NcKaAa
YaFaAa
DyEaAa
VjCaAa
CaYaAa
OxAaAa
EpNaAa
DiXaAa
BpGaAa
VaAaAa
OfAbAa
RhIaAa
DrAaAa
EbBaAa
HvJbAa
FeCaAa
VgJaAa
QcSaAa
RpAaAa
HyOaAa
SoJbAa
MkAaAa
FfFaAa
PwUaAa
PbAaAa
ZeNaAa
KfAaAa
FwKaAa
IhFbAa
MxSaAa
TyNaAa
RvJaAa
FsBaAa
MwBaAa
CjCaAa
HtAaAa
PhTaAa
IiNbAa
LqBbAa
QwJbAa
PhEaAa
YsBaAa
RgKaAa
HzFaAa
VxObAa
NtWaAa
ZiEaAa
SnHaAa
RlHaAa
UjAaAa
QlZaAa
LkDaAa
JpJbAa
BeBaAa
GoNbAa
RyIaAa
UsPbAa
MlFaAa
FtHaAa
BaAaAa
WeWaAa
OqRbAa
BpGaAa
PrNbAa
AzAaAa
GxFbAa
GaFaAa
FsCaAa
IbVaAa
CrAaAa
GjQbAa
CvBaAa
YbBaAa
LzWaAa
WoOaAa
PmPaAa
WyYaAa
MwBaAa
GgCbAa
RhIaAa
WcTaAa
VdAaAa
HxHaAa
XtIaAa
QpAaAa
BvBaAa
TzJaAa
UwSaAa
AzAaAa
DgMbAa
BeRbAa
QpAaAa
WnNaAa
LsBbAa
CuSaAa
DsEbAa
YdKaAa
PuIaAa
CrGaAa
EtIaAa
JcAaAa
GoNbAa
BjLaAa
WdAaAa
UvBaAa
FiGaAa
YqJaAa
HvNaAa
FoAaAa
BaRaAa
AuAaAa
MdJaAa
HyAaAa
FnDaAa
DwAaAa
TmCaAa
EpEaAa
LhYaAa
HtRaAa
BaAaAa
FjMaAa
ReSaAa
VeHaAa
BvFaAa
XiEbAa
JfSaAa
MpSbAa
ZnBaAa
HqFaAa
LiDaAa
ImGaAa
YaFaAa
CsDaAa
NfOaAa
XgGaAa
KfAaAa
BaAaAa
WrUaAa
YaFaAa
KrSaAa
LdJbAa
RdSbAa
PyGaAa
OdBbAa
VoWaAa
CuSaAa
ReAaAa
AiJbAa
XzLaAa
MdZaAa
IeDaAa
PxKaAa
UmFaAa
VdFaAa
UoCaAa
HkTaAa
TbCbAa
VhTbAa
IgIbAa
PcKbAa
DkKaAa
VrAaAa
MsLbAa
YoNbAa
SlYbAa
LiDaAa
KiCaAa
CdAaAa
PhBaAa
QzOaAa
DeEaAa
MrWaAa
SxDaAa
KfAaAa
MjZbAa
MwBaAa
UeRaAa
NnAaAa
PhBaAa
JwJaAa
JnYaAa
AnBbAa
ZvJbAa
PbNaAa
NdWaAa
TsDaAa
WgBaAa
VrAaAa
QlTaAa
YsCaAa
LyBbAa
YrRaAa
PyGaAa
CrAaAa
ObAbAa
GoNbAa
OuRbAa
FbBaAa
IpQaAa
YaFaAa
UoHbAa
VkHbAa
IsTbAa
ZuOaAa
DbKaAa
NkAaAa
XxGaAa
VdAaAa
FeCaAa
DlGbAa
IiBaAa
DlGbAa
VrHaAa
NdWaAa
YqJaAa
TzAaAa
UpFbAa
MkAaAa
YsCaAa
BqSaAa
ScQaAa
ZgCaAa
XvHaAa
CxLbAa
XwGbAa
WdAaAa
RbLaAa
LcFaAa
UqMbAa
GiAaAa
GjQbAa
MaNbAa
FdKaAa
SoBaAa
ZaBbAa
JrObAa
XiGaAa
EiMbAa
LtXbAa
KaIbAa
LtDaAa
KnObAa
AiJbAa
WuCbAa
LiUaAa
TnLaAa
KqTbAa
BsDaAa
OpFaAa
HaFaAa
VhTbAa
MhWaAa
PwHaAa
LzEbAa
EaLbAa
GiCbAa
DjCaAa
MdJaAa
MwBaAa
HlAaAa
CrBbAa
QkMaAa
OyFbAa
FeTaAa
FtHaAa
KuFaAa
EuYaAa
AbBbAa
PbNaAa
AcHaAa
EmKaAa
WaAaAa
XnQbAa
KfAaAa
VzDaAa
ZlAaAa
RgKaAa
TpHaAa
ViHbAa
MoBbAa
QlZaAa
AuAaAa
JxNaAa
EiRaAa
AmAbAa
WaAaAa
SnIaAa
ZgCaAa
HyAaAa
NtKaAa
CoCaAa
GnDaAa
LdDbAa
HkJaAa
KqBbAa
CxFaAa
AxZaAa
JjFaAa
FfFaAa
PeAaAa
OdTaAa
XdAaAa
UlUaAa
WdYbAa
RfNaAa
VaAaAa
CjCaAa
KqBbAa
CaYaAa
ZlAaAa
KdGaAa
VkOaAa
NxYaAa
WaAaAa
ZgCaAa
KdEaAa
GmWbAa
XeBbAa
JuKbAa
YfFaAa
EpUaAa
MuFbAa
MwBaAa
ZlAaAa
NzSaAa
LrKaAa
WzYbAa
NrBaAa
BaAaAa
OpFaAa
ZaHbAa
NdMbAa
BzAaAa
GiAaAa
VaAaAa
HrPaAa
NdWaAa
QbAaAa
GfFaAa
ZvRaAa
BhLaAa
SnBbAa
YbEaAa
VaObAa
MnAaAa
GyGbAa
FgAaAa
BxDbAa
GjQbAa
CqMbAa
PxAaAa
MwBaAa
MrWaAa
JuUbAa
LqHaAa
AuEaAa
KaIbAa
NvCbAa
PhAbAa
GxBaAa
HdKbAa
OdTaAa
UmRaAa
ZuZaAa
GbTbAa
CjCaAa
AjNbAa
AoBaAa
WiHaAa
BmObAa
QyJbAa
MtKaAa
VgEbAa
KmEaAa
LuLaAa
LgTbAa
FiEbAa
PwHaAa
WgGaAa
SbFaAa
DlDaAa
GcAbAa
XzLaAa
IzJbAa
WsCbAa
UzObAa
MpXbAa
EpEaAa
ZzGaAa
BdPaAa
PjZaAa
BaAaAa
OeKbAa
VaOaAa
EuDaAa
CsPbAa
XqEbAa
DxFaAa
IwOaAa
VhPaAa
WaAaAa
DvCaAa
SfPbAa
CgQaAa
KfAaAa
NdEbAa
YkZaAa
PeAaAa
EqCaAa
PjZaAa
ZuOaAa
EsWaAa
BiDbAa
CeXaAa
UoCaAa
MdJaAa
MkAaAa
XeTaAa
XdAaAa
KoTbAa
UjBaAa
HgCaAa
MdOaAa
DjCaAa
TvFaAa
EpEaAa
ZtRaAa
VqXbAa
JaSbAa
DgMbAa
IoZaAa
XuDaAa
EqCaAa
FhUbAa
JyAbAa
DlGbAa
YnPaAa
NlOaAa
FzDaAa
WyXaAa
RdSbAa
WdYbAa
FgBbAa
RvJaAa
XeIaAa
EySaAa
SpTbAa
CpBbAa
WpNaAa
PhTaAa
MfGaAa
YkHaAa
IgDaAa
PyRaAa
RjNaAa
FeObAa
YrNaAa
ZrEaAa
UrAbAa
EpEaAa
GjUbAa
ZyKaAa
KcAaAa
ZxUaAa
TxVbAa
OaSaAa
EuDaAa
CdAaAa
HaHbAa
PrOaAa
TcHaAa
FbBaAa
PqEaAa
EuDaAa
JpJbAa
StBaAa
WeObAa
EbBaAa
TfLaAa
HkWbAa
GbTbAa
ZaPaAa
KgPbAa
IhKbAa
IwZaAa
ZaPaAa
PjSbAa
ChUaAa
CxFaAa
XuDaAa
XlPaAa
KfAaAa
UeEaAa
WoEbAa
CqYaAa
TeQaAa
XfMaAa
TsYbAa
OvNbAa
UeGaAa
PwIaAa
IcAaAa
ZgCaAa
SpTbAa
DmWaAa
PbAaAa
OpKaAa
DoXbAa
WyEaAa
JtWbAa
FtIaAa
ZhFaAa
RiSaAa
IiBaAa
KnSaAa
FuDaAa
OhAaAa
DpUaAa
TmAaAa
MgPaAa
KiBaAa
KuCaAa
TsDaAa
CuSaAa
VgRaAa
PeAaAa
ZwLbAa
KdRaAa
SjIaAa
EiRaAa
JwUbAa
SaQaAa
BaAaAa
UsPbAa
MhYaAa
BvFaAa
MxSaAa
PhTaAa
KcFaAa
DiXaAa
LbIaAa
QzKaAa
XwKaAa
KcFaAa
WgEaAa
OaGbAa
RpVaAa
RyPaAa
QeUbAa
CaYaAa
PbNaAa
EdGbAa
BmObAa
DpUaAa
IwZaAa
CvBaAa
JzQaAa
PfCbAa
LyBbAa
MfLbAa
PeKaAa
MwBaAa
TrIaAa
XeCaAa
ZzCaAa
CxFaAa
FxBaAa
BkSaAa
PxKaAa
KrSaAa
EaWaAa
UnUaAa
YiIbAa
FjMaAa
ZlJbAa
QyBaAa
CjCaAa
ZlAaAa
WgOaAa
MdCaAa
ZvNaAa
UoCaAa
AxOaAa
HtRaAa
CxFaAa
EaLbAa
LiDaAa
RmCaAa
NlEbAa
RnHaAa
UmMbAa
RcBaAa
LcUaAa
VdAaAa
VhTbAa
KvPbAa
TmQaAa
HlAaAa
HlLbAa
EnRbAa
QcEaAa
YlMaAa
HzRaAa
XkPbAa
XbBaAa
OxAaAa
HqFaAa
RmCaAa
XfMaAa
EbBaAa
FgAaAa
MhObAa
WaAaAa
EuDaAa
CaAaAa
VgJaAa
HsCaAa
XyVaAa
IsFaAa
FvHaAa
LpXaAa
ZnDaAa
GzCaAa
CeJbAa
TcQaAa
TgYaAa
YiTaAa
QyJbAa
NuBbAa
GkGaAa
GeObAa
ZdKaAa
QzOaAa
JuUbAa
AmAaAa
VjCaAa
UcYaAa
FiJaAa
DgAaAa
JmHaAa
YlMaAa
TxVbAa
RwMbAa
LsKbAa
WoEbAa
AtTaAa
NhJaAa
JwJaAa
HvNaAa
OrCaAa
UeGaAa
ImBbAa
XbEaAa
WdAaAa
AxDaAa
JdBaAa
KnCaAa
PuNaAa
HtRaAa
RbHbAa
UoCaAa
PmPaAa
OhBbAa
ScRbAa
ZvPaAa
NkAaAa
LgTbAa
MkAaAa
QlBbAa
GxBaAa
HkWbAa
PjEbAa
WxFaAa
TzAaAa
HaHbAa
FgBbAa
ZgCaAa
FfFaAa
KqBbAa
OhBbAa
WrUaAa
HhFaAa
PwIaAa
TaCaAa
BaAaAa
LnXaAa
BwEaAa
XdAaAa
ZxHaAa
VaAaAa
NoRbAa
SpZaAa
CdAaAa
WmIbAa
XoKaAa
CoCaAa
KaUaAa
BlYbAa
KmEaAa
CwAaAa
MkAaAa
NaYbAa
MzQbAa
JzIaAa
CeGaAa
CvDbAa
YjQbAa
BuAaAa
OvCbAa
QeUbAa
KgUaAa
PhBaAa
XuDaAa
DgAaAa
IiBaAa
JuTaAa
IlJbAa
ThCaAa
ZgIaAa
QdNaAa
HyAaAa
VvLaAa
WeHaAa
BmVbAa
JqAaAa
ZgCaAa
YyGbAa
UzObAa
OzEaAa
OpKaAa
KcAaAa
DrAaAa
CcCaAa
CdAaAa
MtYaAa
HyAaAa
MoEaAa
FvGaAa
FfQbAa
GaFaAa
EbNbAa
GiBbAa
YwKaAa
VuKaAa
CzDaAa
XiGaAa
EpNaAa
PhBaAa
CwAaAa
AhNaAa
UeRaAa
OtNbAa
EoKaAa
OtNbAa
TkFaAa
VlGbAa
AnBbAa
OqRbAa
PlOaAa
WiHaAa
LiUaAa
KtXaAa
GaFaAa
MwBaAa
MuBbAa
FtIaAa
EqBaAa
VzDaAa
CeXaAa
TgYaAa
GzCaAa
WvBaAa
FcMbAa
FeIaAa
LrSaAa
TvFaAa
FiJaAa
ZzFaAa
PhBaAa
WgEaAa
FiEbAa
LrKaAa
FnDaAa
StBaAa
MxIbAa
NhAaAa
TbCbAa
UnNaAa
QcSaAa
JkIaAa
SoMaAa
CkRaAa
KyTaAa
GiAaAa
XvHaAa
SnBbAa
VyQbAa
JwUbAa
PhTaAa
JzIaAa
DgAaAa
JfAaAa
EoKaAa
CjCaAa
UoCaAa
FsBaAa
IpQaAa
UtLbAa
KtXaAa
FfFaAa
XgZaAa
OaZbAa
CqYaAa
XpEaAa
UlUaAa
EqCaAa
VuIbAa
NsHaAa
WdFaAa
IaLaAa
BxJaAa
MbIaAa
ToHbAa
EnUbAa
ImTaAa
EeObAa
BaJaAa
QnTaAa
CrAaAa
YfKbAa
WeOaAa
DgAaAa
LzEbAa
ZuZaAa
PhBaAa
WlUbAa
PhBaAa
AuAaAa
WqIbAa
LcUaAa
VzDaAa
YpLbAa
UjBaAa
YjUbAa
SvTaAa
LrKaAa
AaGaAa
NkAaAa
YiTaAa
UuMaAa
OdIaAa
XtIaAa
VzDaAa
GcEbAa
BjAaAa
BxDbAa
CqMaAa
SlNaAa
VaOaAa
ZgCaAa
MsGaAa
UhGbAa
DxRbAa
ZlAaAa
BuWbAa
WaAaAa
FeTaAa
LfAaAa
BaRaAa
RjNaAa
UnNaAa
GtUaAa
IiNbAa
XgEaAa
QeUbAa
FvYbAa
XeBbAa
HiEaAa
AyHaAa
QdNaAa
AyQaAa
GbTbAa
VrAaAa
RbFaAa
HgIaAa
EpQbAa
TjAaAa
IhKbAa
OjHaAa
AfLaAa
IgIbAa
QwQaAa
XvHaAa
BxTaAa
EuDaAa
HtJbAa
AwPaAa
CsMaAa
YkGaAa
ViHbAa
XoWbAa
YkGaAa
HuOaAa
NfRaAa
HrEaAa
OcMaAa
KrSaAa
ScQaAa
HyAaAa
DsSaAa
FxBaAa
OhCbAa
QmMaAa
MhWaAa
KpObAa
EuDaAa
IiNbAa
ByNaAa
WlUbAa
PfDaAa
HdKbAa
VwAaAa
AaQaAa
FtHaAa
MiGbAa
LtMaAa
EiRaAa
FnDaAa
TrIaAa
FzLaAa
ZvPaAa
VpUaAa
ScRbAa
NkAaAa
AaQaAa
VqBaAa
MtYaAa
PeKaAa
GqJaAa
FdKaAa
BxUbAa
JrDaAa
RoJbAa
AxLbAa
XuDaAa
WzYbAa
LcFaAa
BjLaAa
PcKbAa
ImBbAa
XlPaAa
ScRbAa
WwAaAa
TeBaAa
KeNbAa
UiAbAa
XmCbAa
UgLbAa
OcMaAa
DoSbAa
GvIaAa
PbAaAa
MaNbAa
McNbAa
CdAaAa
LdCaAa
TpHaAa
QzOaAa
DhTbAa
BkSaAa
ZmZaAa
ViHbAa
MfGaAa
FyVaAa
CcDaAa
DrAaAa
MjAbAa
NvYaAa
LvSaAa
PgFaAa
YnPaAa
XgZaAa
WmIbAa
IcAaAa
EpEaAa
VnNaAa
LhXaAa
WwGbAa
JfAaAa
QeUbAa
KiLaAa
OjHaAa
AtCaAa
QnTaAa
CsMaAa
YnPaAa
GaFaAa
HzFaAa
RnHaAa
QmLbAa
UeMbAa
EnRbAa
SxUbAa
TyNaAa
NxMaAa
VdAaAa
RfDaAa
GxBaAa
KyDaAa
EeDaAa
MfRaAa
NrBaAa
SpTbAa
RaDaAa
SiJbAa
WaAaAa
OqRbAa
IlJbAa
HmWbAa
LgTbAa
SlYbAa
VcDaAa
JzBaAa
DdFaAa
MuBbAa
ItPaAa
AuEaAa
UhGbAa
YjQbAa
ZlLbAa
CkRaAa
FiGaAa
ZxUaAa
OfHbAa
QwHaAa
OxQbAa
NpPbAa
MwBaAa
PuUaAa
QlGaAa
TcHaAa
XmCbAa
VcWaAa
AyQaAa
ZaFaAa
CcDaAa
KaUaAa
ZnBaAa
TdPaAa
VgRaAa
MhWaAa
ViWaAa
AzAaAa
RmCaAa
QeKaAa
CaAaAa
RxZaAa
MtDaAa
EbNbAa
CdAaAa
VaObAa
OfHbAa
WxLaAa
LfAaAa
OkAaAa
IwZaAa
MrWaAa
PpFaAa
UoCaAa
XvYbAa
KmEaAa
DdTbAa
PhBaAa
DsEbAa
BaIaAa
OhBbAa
AaHaAa
HkWbAa
FsBaAa
OcMaAa
BaAaAa
WzDaAa
IwZaAa
KpMaAa
FsBaAa
JhKaAa
HlKbAa
NpPbAa
MsIaAa
JkIaAa
ReAaAa
KaUaAa
OgQbAa
QnTaAa
XpRbAa
VuIbAa
TkXaAa
HyKaAa
LqLaAa
YbSaAa
DaYaAa
CaRaAa
QcEaAa
CdAaAa
PfDaAa
WxFaAa
XbEaAa
DjTbAa
HtRaAa
BaAaAa
NzEaAa
OaTbAa
BhCaAa
JdEaAa
FeCaAa
WgEaAa
QbAaAa
MiGbAa
WaAaAa
FeIaAa
YsCaAa
RhIaAa
JpSaAa
JpSaAa
LdCaAa
FnDaAa
TcHaAa
ZaHbAa
DmWaAa
AtTaAa
NhAaAa
BqMaAa
OkAaAa
EgAaAa
OeKbAa
RdSbAa
XgZaAa
SaDaAa
OhAbAa
OaSaAa
CwSaAa
GqJaAa
QmMaAa
EvBaAa
UvLaAa
YkSbAa
SfWbAa
QrJaAa
MwBaAa
OsAaAa
UoCaAa
ZaPaAa
VgJaAa
YyGbAa
EsXbAa
NzYaAa
CsXaAa
HzGaAa
PgFaAa
WwTbAa
KoIaAa
EgEbAa
KcAaAa
IhFbAa
WrUaAa
QzKaAa
FiOaAa
KfAaAa
PhBaAa
UoCaAa
NlEbAa
ObAbAa
SuRaAa
BsXaAa
OjJaAa
TkSaAa
NxSaAa
PvDaAa
FvYbAa
TjAaAa
DjUaAa
OsAaAa
AcHaAa
PjZaAa
WeZaAa
AaQaAa
TuXaAa
MvMaAa
FsBaAa
KdRaAa
KnObAa
AjIaAa
WxFaAa
KqBbAa
QeAaAa
JwUbAa
NhJaAa
CwXaAa
EuDaAa
HzGaAa
JjSaAa
BhDaAa
MiGbAa
CsMaAa
XiEbAa
XjMaAa
DgAaAa
KiDaAa
KfAaAa
MqAbAa
WaAaAa
KfAaAa
DxFaAa
ZgCaAa
DxHbAa
OiUbAa
JpSaAa
NxMaAa
ZlMaAa
AoBaAa
NeFaAa
MdVbAa
VaAaAa
UoCaAa
LyVbAa
AwMbAa
SfPbAa
AeSaAa
OfHbAa
SvTaAa
WdYbAa
SeSaAa
LgTbAa
EyNbAa
WyMaAa
LbJaAa
LiUaAa
YnDaAa
HuOaAa
XkPbAa
OxAaAa
EnRbAa
LrSaAa
LqLaAa
HxWbAa
UtFbAa
SfPbAa
PyFaAa
PkMaAa
BmSaAa
FvFbAa
TyIaAa
SfWbAa
MdZaAa
AuAaAa
AxDaAa
YbSaAa
CnNaAa
NhEbAa
ZkZaAa
UpFbAa
UqYaAa
CtUbAa
ZzCaAa
HxHaAa
TcGaAa
GcAbAa
TpBbAa
FsBaAa
FyMaAa
RdSbAa
EyQbAa
EqWaAa
AuAaAa
YbBaAa
CwAaAa
NcKaAa
XvYbAa
TdUaAa
MsAbAa
MdCaAa
GqJaAa
MgTbAa
TzAaAa
ZlAaAa
CoMbAa
UzAaAa
KrObAa
HrEaAa
OfAbAa
MoAbAa
GcAbAa
MlHbAa
TpHaAa
KrSaAa
XgBaAa
CjCaAa
JcAaAa
VwAaAa
IcLaAa
XiGaAa
TiQaAa
SmCaAa
VhTbAa
TwEaAa
OtNbAa
EeOaAa
QcEaAa
JaSbAa
RjYbAa
DxLaAa
NvYaAa
QbAaAa
ZzCaAa
OpFaAa
GjQbAa
KdRaAa
FxFbAa
CoMbAa
KiDaAa
CrGaAa
SmCaAa
OvWaAa
HrEaAa
CbCbAa
LyRbAa
FxFbAa
IiNaAa
UyXaAa
NjHbAa
QwJbAa
SnBbAa
OiUbAa
DrGaAa
DeRaAa
CvAbAa
ToHbAa
CeXaAa
RbFaAa
TgYaAa
OeQbAa
SaQaAa
VaWaAa
PfIaAa
TgYaAa
WdAaAa
ToXaAa
CeRaAa
ZjFbAa
MdJaAa
YsBaAa
JiPbAa
JfAaAa
UrIaAa
ItRaAa
EySaAa
VaAaAa
QxOaAa
BaAaAa
ZuOaAa
TaIaAa
EqCaAa
NfRaAa
NhHaAa
JwUbAa
FvYbAa
TpLaAa
BmObAa
RaGaAa
CeGaAa
GhQbAa
JePbAa
IgIbAa
LxEaAa
ItAaAa
IiAaAa
HuVaAa
VcWaAa
EeZaAa
LhXaAa
IeWbAa
OaZbAa
HuOaAa
HrJbAa
HrQaAa
EqWaAa
SvUbAa
NvKaAa
TjVaAa
IiBaAa
HhQbAa
EeOaAa
ImTaAa
LjLbAa
PySbAa
BpHaAa
XzLaAa
OjMbAa
RtBaAa
QhBaAa
EbBaAa
EsYaAa
CsSbAa
UzObAa
PeKaAa
RgKaAa
PjZaAa
HkWbAa
TkFaAa
WlBaAa
KoHaAa
AlEaAa
VkOaAa
KkIaAa
MtKaAa
FxBaAa
SfUaAa
XxCaAa
XbGbAa
HcNaAa
HvNaAa
ShCaAa
KcAaAa
XeBbAa
ZnDaAa
UcJaAa
DaAaAa
MzKbAa
YoJaAa
TrIaAa
GiAaAa
XaAaAa
JjSaAa
SaCaAa
EdYbAa
LbIaAa
KmEaAa
GjRbAa
QvDaAa
UeMbAa
SlYbAa
NfHaAa
KnObAa
DsMaAa
IcAaAa
WqEbAa
KqAaAa
WdAaAa
RyBaAa
XmCbAa
XlPaAa
DhPaAa
PmKbAa
CkRaAa
FgZaAa
BkFaAa
OjMbAa
UmAaAa
KqGbAa
JuKbAa
YjQbAa
ZgCaAa
FsBaAa
FbBaAa
GiCbAa
YlPaAa
IkWbAa
QcBaAa
SpTbAa
RbFaAa
FsBaAa
NlOaAa
RaDaAa
LbIaAa
GbSaAa
MhWaAa
NpPbAa
VuCbAa
LcFaAa
UgDbAa
ItQaAa
LbJaAa
UpFbAa
OpFaAa
XtIaAa
JzBaAa
CaYaAa
VhGbAa
JzBaAa
VdTbAa
DlDaAa
VkOaAa
ZeNaAa
UaXaAa
LtMaAa
XoJaAa
VrAaAa
IcAaAa
BsYbAa
NvIbAa
YiTaAa
DgAaAa
VdAaAa
KiDaAa
ZxIaAa
BmObAa
CqMbAa
BnLaAa
KhDbAa
VuKaAa
PbAaAa
JtEaAa
YbSaAa
JgNaAa
HrPaAa
DgMbAa
DsEbAa
AjIaAa
ZgWbAa
JoVaAa
TzAaAa
VeMbAa
ApZaAa
RwNaAa
WrAaAa
TxUbAa
GjUbAa
RoQaAa
FeIaAa
CsPbAa
XuDaAa
LiUaAa
ZbVaAa
UoBaAa
GaNaAa
KvPbAa
FbYbAa
MuGaAa
RjNaAa
CcDaAa
AnBbAa
LvPbAa
PnAaAa
GfKbAa
TgXaAa
CrAaAa
AfPbAa
GvYbAa
XvYbAa
VxLaAa
QbLaAa
PfTaAa
YsBaAa
QxAaAa
FtHaAa
FsCaAa
HyAaAa
ErUaAa
SnVaAa
KiDaAa
PuJbAa
PeAaAa
NwFbAa
UpAbAa
WzYbAa
RfSbAa
IxIaAa
LlFaAa
ZzFaAa
SvTaAa
NsHaAa
LrSaAa
JzHaAa
MdCaAa
FfQbAa
BiDbAa
EgEaAa
GiAaAa
EcOaAa
LyVbAa
JfAaAa
WaAaAa
HkTaAa
HnPaAa
VhTbAa
EjCaAa
QeUbAa
OsUaAa
CoMbAa
UmAaAa
KqBbAa
NhAaAa
AhDaAa
HrQaAa
PbNaAa
QvDaAa
MzKbAa
GoNbAa
UoCaAa
BnTbAa
ZcWbAa
DcIaAa
HhFaAa
BoYaAa
HyAaAa
SmCaAa
EcOaAa
FsBaAa
WlBaAa
MwBaAa
BaAaAa
IrQaAa
ZlAaAa
KyTaAa
WyMaAa
VxLaAa
SoBaAa
JpJbAa
GkJaAa
OzMaAa
MdYaAa
NhHaAa
IyAaAa
FxFbAa
ElBaAa
GyGbAa
TqMaAa
GzCaAa
QcBaAa
IhKbAa
XxCaAa
DnNaAa
MbLbAa
WuWaAa
KnCaAa
EcObAa
KvAaAa
TbCbAa
DhTbAa
XcTaAa
WsCbAa
UwEbAa
SnBbAa
YtJbAa
OsAaAa
BpLaAa
EbNbAa
EbBaAa
MkBaAa
GiAaAa
VdAaAa
TxVbAa
JqAaAa
TgYaAa
ChUaAa
NzYaAa
ErUaAa
VaAaAa
RbFaAa
RmCaAa
GiBbAa
LxWaAa
MwBaAa
LiDaAa
GmPbAa
EtRbAa
SkFaAa
OgQbAa
BuAaAa
MwBaAa
JwJaAa
FgZaAa
NvKaAa
SlIaAa
BkYaAa
DlDaAa
VaOaAa
QcBaAa
ToHbAa
PrNbAa
EbBaAa
StBaAa
EnRbAa
UeDbAa
CjBaAa
KoVaAa
RcBaAa
AgFbAa
IeWbAa
AbFaAa
JwUbAa
ReSaAa
DaOaAa
MwBaAa
KfAaAa
XiGaAa
ZgIaAa
DeHaAa
EmKaAa
PpFaAa
TsDaAa
MuFbAa
TwEaAa
TsDaAa
VaAaAa
OaZbAa
DsSaAa
MwBaAa
PfIaAa
FgRaAa
GiBbAa
IbHaAa
TzAaAa
YvRaAa
NkCaAa
HtAaAa
YsBaAa
KgUaAa
LsLaAa
NwFbAa
NpXbAa
RyBaAa
CbUaAa
SuEaAa
ZlAaAa
BpLaAa
ZoNbAa
XiWbAa
GjRbAa
KfAaAa
HbSaAa
YaFaAa
UeRaAa
SqSaAa
PuUaAa
BkYaAa
ZxIaAa
LfAaAa
ZgCaAa
PjWbAa
EeDaAa
WaAaAa
FgEaAa
UpFbAa
ZnDaAa
CaYaAa
AwWbAa
QtJaAa
CoMbAa
MwBaAa
XxMbAa
HyKaAa
HaHbAa
FzFbAa
NpPbAa
JuKbAa
MuGaAa
RmCaAa
GzCaAa
DmXaAa
RjNaAa
SoYaAa
NeFaAa
MaNbAa
YbEaAa
ItAaAa
DsIbAa
BmSaAa
XeBbAa
WgGaAa
RlGaAa
GbSaAa
MsHaAa
RtBaAa
PeAaAa
UoCaAa
PfDaAa
LlFaAa
RbFaAa
GzCaAa
XbBaAa
LdCaAa
MpJbAa
RwPaAa
QhTaAa
MoNaAa
HgIaAa
LaKaAa
XgGaAa
LrKaAa
EtRbAa
QrJaAa
UsPbAa
VcWaAa
IkEaAa
DrHaAa
PkKbAa
GqJaAa
StCaAa
HxUaAa
AhCaAa
RwNaAa
FiJaAa
IiBaAa
GfMaAa
GmJaAa
BcGaAa
TzJaAa
WqEbAa
QqPaAa
TrIaAa
WmIbAa
IcHbAa
NhEbAa
RdSbAa
FnDaAa
GfKbAa
FzLaAa
EbBaAa
CsPbAa
OpFaAa
QdWbAa
GiAaAa
SkFaAa
JdEaAa
GkJaAa
CeRaAa
PbAaAa
GiBbAa
TsDaAa
ZlJbAa
PjSbAa
ZsCaAa
ZrEaAa
SxUbAa
RmYaAa
DmWaAa
XhMaAa
NpPbAa
EuDaAa
VvLaAa
TpLaAa
PySbAa
CcDaAa
TdPaAa
WoKaAa
VzDaAa
BxDbAa
KhFbAa
KfAaAa
XqOaAa
JoHaAa
NeFaAa
FaZaAa
BaAaAa
UeMbAa
HiIbAa
RiFbAa
FpUbAa
HzGaAa
WgBaAa
VoWaAa
GkBbAa
ViHbAa
TiLbAa
UoBaAa
KiDaAa
GzCaAa
VdAaAa
KhQaAa
PhBaAa
CaAaAa
CyWaAa
SpZaAa
MbTaAa
LbJaAa
ZuJaAa
ZwLbAa
PhCbAa
JyAbAa
DgAaAa
FiJaAa
PeAaAa
KrSaAa
HuVaAa
QlHaAa
XlBaAa
QyJbAa
VtBbAa
AfPbAa
RyIaAa
AzAaAa
ZvPaAa
DjTbAa
DgAaAa
QqNaAa
HzFaAa
FtIaAa
JmGaAa
KyTaAa
BsDaAa
DaWaAa
DlGbAa
VuKaAa
CjCaAa
BjBaAa
MkAaAa
FeBbAa
AuAaAa
AfWbAa
PzEaAa
MkAaAa
XeDaAa
VuKaAa
IcAaAa
QcEaAa
KnObAa
EvHbAa
JgLaAa
PkMaAa
AhNaAa
CcDaAa
AuAaAa
MmNaAa
GkGaAa
VrAaAa
AlLaAa
CvBaAa
EbBaAa
MdJaAa
DjTbAa
BsXaAa
MxIbAa
UsPbAa
NzEaAa
JpMaAa
OeKbAa
HxIaAa
KhQaAa
GzLaAa
ZrEaAa
RwPaAa
JuUbAa
KfAaAa
PbVbAa
VkOaAa
LmEaAa
ZgCaAa
TaRaAa
ChUaAa
BiDbAa
NeFaAa
DcDaAa
JdBaAa
YyOaAa
MzQbAa
TkFaAa
RnZaAa
ZnBaAa
DlDaAa
NkCaAa
OpFaAa
TpHaAa
PqEaAa
OlCbAa
ZgCaAa
BvBaAa
WgEaAa
FvYbAa
FgBaAa
RfNaAa
AcHaAa
VlDaAa
OoRbAa
UsPbAa
OhBbAa
UnUaAa
PrOaAa
LvEbAa
RrZaAa
MuFbAa
RbFaAa
GzCaAa
ZhFaAa
BpLaAa
ImTaAa
ReSaAa
OqNaAa
ErUbAa
TvFaAa
VsIbAa
CeGaAa
VaOaAa
GiAaAa
KgUaAa
RmJbAa
OiQbAa
WsCbAa
VaOaAa
GmWbAa
BsDaAa
ZaHbAa
EnUbAa
UsPbAa
PhZaAa
OpOaAa
PySbAa
NeQbAa
LgTbAa
YkBbAa
CaYaAa
UcJaAa
ZsBaAa
FqCbAa
FlUbAa
GjRbAa
EjTbAa
BaRaAa
IpQaAa
IiAaAa
KdQaAa
CsSbAa
NqKbAa
YeCbAa
KmEaAa
TjVaAa
JuUbAa
KqBbAa
QlHaAa
YsCaAa
ZlCaAa
BjAaAa
MsIaAa
MaBaAa
VrUbAa
LvEbAa
MsGaAa
CwEaAa
WoEbAa
NnEbAa
ZaHbAa
UeRaAa
QaVaAa
PrOaAa
NrBaAa
IcAaAa
JnYaAa
DdTbAa
UeMbAa
AuEaAa
SfWbAa
EvHbAa
KbUbAa
TxUbAa
RvDaAa
NiPaAa
VaAaAa
OaGbAa
QhHbAa
KqBbAa
MwBaAa
PqNaAa
QeAaAa
DsEbAa
UiAbAa
NnEbAa
HxHaAa
FgAaAa
WgEaAa
HxUaAa
MlKaAa
NaYbAa
VlDaAa
AhDaAa
BmVbAa
WdAaAa
BaAaAa
KmNaAa
XuKaAa
YaFaAa
LgPaAa
FpNaAa
AwPaAa
FsBaAa
RcFbAa
SlYbAa
JxQaAa
EsCbAa
FiEbAa
UoCaAa
QjEbAa
OaTbAa
UeMbAa
NxMaAa
UoCaAa
UeMbAa
AhWbAa
FfFaAa
VuIbAa
PnPbAa
FfFaAa
RgFbAa
BdPaAa
FtHaAa
UsPbAa
HvUaAa
SzLbAa
VrLbAa
FeCaAa
UcYaAa
OwGaAa
YsCaAa
FlPaAa
UiAbAa
VeRaAa
BjAaAa
BaJaAa
KaIbAa
NvYaAa
RaGaAa
RgKaAa
JpJbAa
QyBaAa
UeXaAa
HfKaAa
SnGaAa
HrQaAa
DbKaAa
YeIbAa
AiJbAa
ItAaAa
LpYaAa
LfAaAa
CxFaAa
QzKaAa
MaNbAa
BiKaAa
NhAaAa
UdUaAa
XdAaAa
NwBaAa
ReSaAa
IcAaAa
UkFaAa
TpLaAa
KdGaAa
TdPaAa
GjQbAa
GaNaAa
MdOaAa
QfIbAa
PuUaAa
AmAaAa
PeAaAa
XvHaAa
FfFaAa
IcAaAa
UoCaAa
OnIbAa
WwTbAa
MgPaAa
YjUbAa
IsTaAa
JxNaAa
UaXaAa
KfAaAa
XiWbAa
BcRaAa
YrRaAa
FeTaAa
FfQbAa
FvHaAa
CmXaAa
NfObAa
EbNbAa
UlUaAa
ImHaAa
MrYaAa
KoHaAa
PjSbAa
KlQaAa
OmFbAa
YnDaAa
RmCaAa
DpUaAa
HsOaAa
UeEaAa
KlObAa
CqMbAa
CdAaAa
CrIaAa
YkBbAa
EeObAa
CxFaAa
PeAaAa
JtAaAa
MaBaAa
SvTaAa
NsHaAa
LiUaAa
RfIbAa
YsBaAa
MbTaAa
CoCaAa
LqLaAa
HqTaAa
KbUbAa
ZrPaAa
EvFbAa
AtFaAa
MwBaAa
OeKbAa
DhYbAa
MnWaAa
OiMaAa
PrOaAa
LjObAa
XbEaAa
GkHaAa
VdFaAa
QgKbAa
VjCaAa
AlNaAa
WzYbAa
KmNaAa
MsAbAa
NqUbAa
GkHaAa
MuBbAa
KrSaAa
YbSaAa
MoEaAa
SnGaAa
YvQaAa
QzOaAa
YpPaAa
UeXaAa
StCaAa
MuBbAa
HxHaAa
SlYbAa
OhAaAa
QdNaAa
GcAbAa
WoKaAa
PuNaAa
CeGaAa
ViHbAa
RxLbAa
OqRbAa
WdYbAa
PkMaAa
GtUaAa
ZgCaAa
WpNaAa
DgAaAa
DrFbAa
KfAaAa
VjCaAa
KnVbAa
TzAaAa
RxLbAa
IyAaAa
YpRbAa
CcDaAa
QzKaAa
RaDaAa
VrAaAa
BaAaAa
IbHaAa
GnDaAa
DkKaAa
QdWbAa
BiDbAa
RfNaAa
XvYbAa
HtNaAa
CgXaAa
LdHaAa
AcHaAa
SpZaAa
DaOaAa
QyBaAa
BiDbAa
FiRaAa
YbKbAa
IiBaAa
VaAaAa
PiUbAa
EqWaAa
QcEaAa
RtCaAa
FzLaAa
ZxIaAa
ZlAaAa
YsCaAa
BjBaAa
JfSaAa
KfAaAa
UoCaAa
CrGaAa
YnDaAa
XaAaAa
MuFbAa
QcEaAa
TrIaAa
ZxUaAa
QcSaAa
JwJaAa
MwRbAa
SlNaAa
LoIaAa
FtIaAa
NlOaAa
VaOaAa
TiKaAa
MeZbAa
CjCaAa
FxBaAa
LbUbAa
IcAaAa
UeRaAa
ZiCbAa
SnBbAa
ZhFaAa
KoIaAa
PyFaAa
HiEaAa
OxAaAa
HqTaAa
UwSaAa
UsSbAa
UnUaAa
EpEaAa
ZtRaAa
NeQbAa
RaGaAa
RiFaAa
TaJaAa
KkIaAa
CwXaAa
GbTbAa
FoAaAa
FuDaAa
YsCaAa
MrWaAa
PmKbAa
XeIaAa
VwAaAa
VaAaAa
HnBaAa
LdCaAa
QlHaAa
HnBaAa
DjTbAa
JpJbAa
BkFaAa
IiBaAa
OpFaAa
QhIbAa
StFaAa
HyAaAa
CvBaAa
MwBaAa
CjCaAa
VdAaAa
KcFaAa
PgFaAa
UzObAa
MzKbAa
IzJbAa
EpEaAa
RdSbAa
IwZaAa
CdAaAa
CkRaAa
YiTaAa
CjCaAa
ToObAa
WrAaAa
FvHaAa
VyEaAa
PfDaAa
LtMaAa
RbPaAa
IhFbAa
MdOaAa
KmEaAa
BcRaAa
MkUaAa
HlAaAa
LzNaAa
JyJaAa
EdYbAa
HfKaAa
KsBbAa
QcBaAa
YeVbAa
WzWbAa
LtXbAa
NdEbAa
EySaAa
KzWaAa
JzQaAa
ItEaAa
SwPaAa
ToHbAa
TgDbAa
IgIbAa
OtNbAa
BnTbAa
LyVbAa
SfWbAa
MhWaAa
AhDaAa
UwSaAa
VbKaAa
OtCbAa
BmAaAa
LdDbAa
DvCaAa
AuEaAa
YnDaAa
VrIaAa
BsDaAa
ZaPaAa
LxEaAa
XgBaAa
NpXbAa
IsTaAa
HrPaAa
OtCbAa
YjQbAa
RnHaAa
HvNaAa
XmCbAa
BnTbAa
TqMaAa
QlHaAa
PhBaAa
SkFaAa
TsYbAa
BxTaAa
AhCaAa
FsBaAa
NkCaAa
UcCaAa
XgGaAa
YwKaAa
VdAaAa
RjYbAa
CrAaAa
BvFaAa
MzQbAa
WcIaAa
XgZaAa
QzKaAa
CxFaAa
BkFaAa
LtMaAa
VcDaAa
JhSaAa
SiJbAa
VpUaAa
RlZaAa
AzZaAa
DzDaAa
BzJaAa
VyEaAa
ErUaAa
OcMaAa
WoFaAa
VcWaAa
EgEaAa
NoDbAa
KtXaAa
MzKbAa
IcLaAa
KsBbAa
SdNbAa
PuJbAa
KfAaAa
SwNaAa
GzCaAa
EpEaAa
GmJaAa
GmPbAa
AhDaAa
MuGaAa
CxFaAa
LzNaAa
NyLaAa
XuDaAa
BaIaAa
IxJbAa
VdAaAa
FsBaAa
JvWbAa
MwBaAa
ItPaAa
LdCaAa
LhXaAa
ZuOaAa
BhNaAa
ExCaAa
UeEaAa
KcFaAa
QcEaAa
GpLbAa
DcIaAa
VhTbAa
KdQaAa
SpZaAa
MlKaAa
TgYaAa
TqMaAa
IbVaAa
LiUaAa
KfAaAa
RmCaAa
PxAaAa
FzFbAa
UaXaAa
JgLaAa
WmIbAa
PmPaAa
InMaAa
PfCaAa
UiAbAa
YkGaAa
FtHaAa
EvGaAa
OhBbAa
CqYaAa
AzAaAa
CeXaAa
WdAaAa
JcAaAa
QyBaAa
IiNaAa
VdFaAa
KfAaAa
CnNaAa
UzObAa
EaLbAa
LtDaAa
QfDaAa
ToXaAa
BmVbAa
CeYaAa
BmAaAa
EsYaAa
TxVbAa
IxRaAa
LpBaAa
RwNaAa
YrRaAa
CxFaAa
QzOaAa
ZaPaAa
MaNbAa
RcEaAa
CwSaAa
YqNbAa
NvCbAa
BbSbAa
QmMaAa
MmNaAa
OpKaAa
AlNaAa
IlJbAa
GhUbAa
NaPbAa
ZzGaAa
GbSaAa
KiLaAa
BaAaAa
QcBaAa
IcAaAa
AdLaAa
MdObAa
AlLaAa
DgAaAa
AoBaAa
FbYbAa
JoHaAa
VgRaAa
HyAaAa
UoCaAa
MhWaAa
GiCbAa
MdJaAa
HrPaAa
XpEaAa
TyWaAa
KmEaAa
OhBbAa
DbKaAa
NoRbAa
KtEaAa
QcBaAa
QbAaAa
GiAaAa
QeAaAa
ZdUbAa
MiDaAa
BpLaAa
WoOaAa
MwBaAa
YnDaAa
EvHbAa
LzNaAa
LtXbAa
YiIbAa
GiAaAa
PwHaAa
RtBaAa
FtIaAa
KnCaAa
FfFaAa
GyGbAa
OiQbAa
MpBaAa
KfSaAa
BzAaAa
NlOaAa
OlEbAa
UtBbAa
FvGaAa
IcHbAa
ZlAaAa
BaAaAa
KtXaAa
JdFbAa
NwBaAa
EqCaAa
CqMbAa
ZvJbAa
NqKbAa
WdYbAa
SoYaAa
CaAaAa
GkJaAa
YoAaAa
DjTbAa
GlAaAa
DwAaAa
PqEaAa
BvFaAa
GiAaAa
CaAaAa
VhPaAa
CrAaAa
GhUbAa
IwZaAa
QyJbAa
XkEbAa
UzObAa
OpFaAa
VdAaAa
DgAaAa
HmPbAa
JrXaAa
ByNaAa
HyAaAa
NvYaAa
OsAaAa
DkKaAa
BsDaAa
UnNaAa
RjNaAa
EeZaAa
JzIaAa
WxFaAa
QaVaAa
MfBaAa
CuSaAa
KiCaAa
CjCaAa
VlDaAa
BjAaAa
GxBaAa
CkXaAa
JcPaAa
UeMbAa
HmPbAa
OcMaAa
KjFaAa
KuKbAa
GqJaAa
OaSaAa
QlBbAa
HrJbAa
KyTaAa
YyOaAa
RvJaAa
ZuJaAa
AvTaAa
QhBaAa
PhBaAa
AoBaAa
LyBbAa
DnGbAa
AfLaAa
JnYaAa
FbBaAa
ZyGbAa
JaSbAa
EeVbAa
EqWaAa
PmBaAa
BvFaAa
UpHaAa
MtYaAa
PyRaAa
BzAaAa
FxFbAa
BmObAa
StBaAa
ToXaAa
WgGaAa
DaWaAa
GwYaAa
LdCaAa
DyEaAa
KfAaAa
RgKaAa
BbSbAa
ZfKaAa
XbBaAa
YkHaAa
PjEbAa
LxEaAa
ZgCaAa
VfGbAa
VlDaAa
LsDbAa
GiAaAa
MkAaAa
RiSaAa
JiIaAa
GoNbAa
NkAaAa
EuDaAa
XmCbAa
YeIbAa
OpFaAa
HiIbAa
MwBaAa
DhTbAa
TeQaAa
KzWaAa
MdObAa
LbIaAa
TiKaAa
GnQbAa
EaLbAa
QwQaAa
TkFaAa
WiMbAa
UcJaAa
PfIaAa
FeDaAa
HqTaAa
YvQaAa
HmSbAa
DjTbAa
TgXaAa
VhPaAa
OtNbAa
DyEaAa
KfAaAa
YaFaAa
HmJaAa
NwBaAa
NhHaAa
MkUaAa
GrNaAa
MjZbAa
XkCbAa
BhLaAa
YnPaAa
DhPaAa
YbKbAa
KaUaAa
CpHaAa
PeAaAa
DcDaAa
UrIaAa
VxLaAa
WoYbAa
VaObAa
GhUbAa
JoHaAa
PjGaAa
RwNaAa
XeDaAa
JdEaAa
WdYbAa
WgEaAa
FeTaAa
KaUaAa
XbEaAa
MnXbAa
MdYaAa
ImHaAa
VdAaAa
AnGaAa
ViAbAa
MbLbAa
XlPaAa
FbYbAa
EeJaAa
GtIaAa
VfGbAa
FbYbAa
HlLbAa
ZvNaAa
ZaPaAa
KcFaAa
HsOaAa
CeGaAa
WtHbAa
DhYbAa
OxAaAa
CvBaAa
QdWbAa
XzFbAa
EbNbAa
SoYaAa
DbKaAa
RyPaAa
DgAaAa
VrAaAa
WzYbAa
RnHaAa
ZaHbAa
JfAaAa
DdFaAa
SaDaAa
NtWaAa
KnSaAa
LzNaAa
OaTbAa
MfEaAa
XoAaAa
NlEbAa
EvFbAa
IiNaAa
TzAaAa
RlZaAa
XiEbAa
JcAaAa
ZgIaAa
ZkWbAa
IdSaAa
BqMaAa
PxKaAa
SqSaAa
OzMaAa
PwIaAa
KaUaAa
VrAbAa
JyAbAa
ZaHbAa
KbCaAa
KvPbAa
GfFaAa
ZxUaAa
InMaAa
CzDaAa
SnVaAa
NvYaAa
XgEaAa
HiBbAa
XaAaAa
SbAaAa
GbTbAa
BnTbAa
KwAbAa
LyBbAa
EeDaAa
UcJaAa
PuUaAa
AjIaAa
DaAaAa
PbAaAa
ZhFaAa
KiDaAa
RrZaAa
GaFaAa
UnNaAa
QcEaAa
SnVaAa
NjVbAa
BzAaAa
KfAaAa
WgEaAa
TjVaAa
SdSbAa
QpAaAa
VgJaAa
OyYbAa
FyMaAa
FiGaAa
DaWaAa
ExCaAa
ZgIaAa
DwXaAa
HyAaAa
VlDaAa
TmVbAa
UnUaAa
FnDaAa
RgKaAa
CdAaAa
RbFaAa
RtBaAa
EjPaAa
JuUbAa
RhIaAa
DcWaAa
MjZbAa
BaAaAa
UhVaAa
XdAaAa
PyRaAa
AlLaAa
BkYaAa
SuEaAa
TbUaAa
MvMaAa
LyRbAa
WpRbAa
OhBbAa
HfKaAa
EaRbAa
ExCaAa
VaAaAa
FeDaAa
JjFaAa
NsHaAa
XvHaAa
ViWaAa
YwKaAa
EySaAa
AlEaAa
WqCbAa
HiEaAa
MtKaAa
VbKaAa
VgEbAa
DmWaAa
AzAaAa
PfDaAa
VuCbAa
PwHaAa
QyBaAa
AjNbAa
PuJbAa
QmLbAa
VoWaAa
PhBaAa
HdKbAa
SoBaAa
BcGaAa
AlLaAa
NvIbAa
GeWaAa
WmIbAa
FeDaAa
SpAaAa
IgDaAa
KpYaAa
EuDaAa
QfDaAa
UwEbAa
XdAaAa
BsDaAa
KoBbAa
FsCaAa
PnCbAa
FyVaAa
AqDaAa
MuFbAa
UsPbAa
YaFaAa
RmJbAa
AhCaAa
OxGbAa
DxFaAa
XgBaAa
PyGaAa
FsBaAa
EgBaAa
JwJaAa
BfPaAa
FnDaAa
MrKaAa
MlKaAa
RvDaAa
BnTbAa
AsPaAa
IhFbAa
KbUbAa
ExCaAa
ZsCaAa
FgAaAa
LdCaAa
YnDaAa
JdEaAa
KvAaAa
ByQaAa
JfAaAa
RtBaAa
FgZaAa
PpFaAa
VoWaAa
DsIbAa
HaHbAa
LtXbAa
JkYbAa
UxUbAa
LwVbAa
XgZaAa
GmPbAa
BdPbAa
NmRbAa
FvGaAa
DyEaAa
BjBaAa
UeXaAa
ZlAaAa
NdWaAa
WxFaAa
VaAaAa
OhAbAa
LrKaAa
VaXaAa
KlObAa
PeAaAa
MjVbAa
ZdKaAa
JfAaAa
MoNaAa
WtVbAa
WcLbAa
UiAbAa
YkBbAa
EeVbAa
MjVbAa
UhVaAa
AzAaAa
YjQbAa
WaAaAa
IcAaAa
SfUaAa
QbLaAa
OnPbAa
PhBaAa
TkFaAa
UnUaAa
JmTbAa
EvGaAa
HkWbAa
YeIbAa
EyNbAa
BuEaAa
EySaAa
GmWbAa
MiGbAa
DzObAa
NsGaAa
CtBbAa
PySbAa
ImBbAa
KqGbAa
TsSbAa
SxDaAa
CxFaAa
LjKaAa
VuIbAa
TgYaAa
VsIbAa
YaFaAa
GmWbAa
CjCaAa
VqBaAa
OaZbAa
SlIaAa
RoQaAa
BjAaAa
NfBaAa
IlJbAa
MzKbAa
GcAbAa
PuUaAa
WqEbAa
QlTaAa
WaAaAa
NxYaAa
DbKaAa
QrNbAa
NlFaAa
CcDaAa
UmFaAa
WoFaAa
BoVbAa
RoDaAa
SxDaAa
PhTaAa
VcJaAa
YaFaAa
OrBaAa
CvCaAa
BpZaAa
LiUaAa
BvBaAa
MkAaAa
MpXbAa
NuHbAa
BmSaAa
RiSaAa
MdJaAa
ZvJbAa
DdFaAa
EeVbAa
LkDaAa
WjPaAa
ItPaAa
PjCbAa
YkGaAa
CaYaAa
MsHaAa
IsTaAa
YsBaAa
OaGbAa
MmEaAa
CnNaAa
JmBbAa
UnEaAa
XhUbAa
LhYaAa
OhCbAa
MzQbAa
FfQbAa
OgQbAa
FtIaAa
VzObAa
DqBaAa
TsDaAa
BsYbAa
XgZaAa
HyAaAa
OgQbAa
RtCaAa
DgMbAa
VzAaAa
GgCbAa
FvHaAa
KnCaAa
OjMbAa
XxCaAa
UrAbAa
OiQbAa
EsCbAa
OhGaAa
VdFaAa
DgAaAa
MkBaAa
TrBbAa
GxYbAa
QaVaAa
SlEaAa
IcLaAa
VqBaAa
CkObAa
KmEaAa
LqLaAa
TgXaAa
EzObAa
DgAaAa
VsEbAa
OyFaAa
XgEaAa
UnNaAa
HtAaAa
AtTaAa
LrSaAa
RiSaAa
WgOaAa
DqBaAa
PbNaAa
WjPaAa
VvLaAa
WaAaAa
YwVaAa
RgJbAa
UaXaAa
AuAaAa
EyYaAa
XgBaAa
KtXaAa
XbEaAa
PjSbAa
VlDaAa
ZkWbAa
ZsOaAa
EySaAa
EbXbAa
BvBaAa
MkBaAa
FwKaAa
JfSaAa
GeBbAa
QaVaAa
PmBaAa
QcBaAa
KmEaAa
ThDaAa
HkWbAa
MfEaAa
BsXaAa
XqPbAa
EvFbAa
JdEaAa
WwAaAa
CdAaAa
IcAaAa
NeQbAa
XgZaAa
NtKaAa
OpKaAa
GkJaAa
LzEbAa
MbTaAa
MpXbAa
HrJbAa
VaOaAa
HfKaAa
BkSaAa
DlDaAa
XgBaAa
PxAaAa
NhJaAa
NlKaAa
AnGaAa
KdRaAa
PqNaAa
HuOaAa
WuCbAa
JtEaAa
LdCaAa
MhWaAa
PeAaAa
LsDbAa
KvPbAa
UnNaAa
TiKaAa
DbKaAa
ArTbAa
LsLaAa
CdAaAa
LsLaAa
LdHaAa
EsCbAa
GzCaAa
BkYaAa
HyAaAa
CxFaAa
LdCaAa
WpRbAa
FoKaAa
OaTbAa
ZuOaAa
JuKbAa
DaOaAa
OpFaAa
BjBaAa
OeKbAa
KvAaAa
LgTbAa
ErUaAa
YfKbAa
NhAaAa
LdHaAa
LsFbAa
JdFbAa
OjMbAa
GdMaAa
UoHbAa
GjQbAa
OiUbAa
OaTbAa
UqYaAa
WgOaAa
DzDaAa
QaEaAa
IgIbAa
RmYaAa
BjAaAa
UsSbAa
GiCbAa
KfAaAa
RiSaAa
TpHaAa
BmObAa
JzHaAa
EnRbAa
PmKbAa
EyNbAa
EgHaAa
VdAaAa
PjEbAa
DgAaAa
WyMaAa
GeBbAa
WdYbAa
PcKbAa
LuCaAa
HgCaAa
YxBaAa
JaSbAa
HyAaAa
TcHaAa
QlGaAa
NoRbAa
QzKaAa
PjSbAa
ZqTaAa
YyGbAa
VhTbAa
KdGaAa
DbKaAa
IwDaAa
RoJbAa
GwVaAa
NtKaAa
DxCaAa
IiBaAa
FbYbAa
XzLaAa
FzFbAa
KsBbAa
YsCaAa
GzCaAa
LdHaAa
UvBaAa
CaYaAa
QcBaAa
FuDaAa
HtRaAa
NdMbAa
VdAaAa
FwKaAa
NkCaAa
ScHaAa
UrGaAa
PbAaAa
PaZbAa
EyYaAa
JrDaAa
UjNbAa
DgAaAa
QsQaAa
MwBaAa
GzCaAa
QxOaAa
QsQaAa
YsCaAa
PhBaAa
TcHaAa
VoCaAa
IiAaAa
XoJaAa
JhKaAa
QfIbAa
ZgCaAa
WoEbAa
KcAaAa
BpLaAa
ZwLbAa
XdKaAa
MrYaAa
XmCbAa
SpAaAa
GzCaAa
PwYbAa
JjFaAa
EgHaAa
SlYbAa
PjSbAa
GsBaAa
HrPaAa
ZjFbAa
FtHaAa
BkYaAa
EiRaAa
TbUaAa
DyEaAa
XbBaAa
ErUaAa
BfPaAa
HgIaAa
XgBaAa
LgTbAa
FdKaAa
JuUbAa
FuDaAa
GwVaAa
MzQbAa
BkSaAa
HtNaAa
GlCaAa
XeTaAa
DhUaAa
DwEbAa
HcNaAa
HzGaAa
YbEaAa
QrFaAa
GtHaAa
PhBaAa
WlBaAa
AmAaAa
UnEaAa
JcPaAa
ZrNaAa
JdEaAa
WoOaAa
HiEaAa
GmPbAa
BgSaAa
LgTbAa
JfAaAa
MxXaAa
OpFaAa
AfWbAa
NhVbAa
UlUaAa
KrSaAa
LcFaAa
UaXaAa
VjBaAa
VaAaAa
XaAaAa
NvYaAa
MjZbAa
JhKaAa
BjAaAa
EnUbAa
HxUaAa
EqCaAa
NqKbAa
SpZaAa
VkOaAa
ZuZaAa
EeDaAa
GzCaAa
LgPaAa
GbSaAa
HxHaAa
CxFaAa
AuAaAa
MkAaAa
YvRaAa
JlAbAa
SbFaAa
NhEbAa
CrAaAa
QwRaAa
HqFaAa
WlBaAa
EcTaAa
GmWbAa
NxMaAa
CaAaAa
OgQbAa
YsCaAa
FeBbAa
DeHaAa
GoNbAa
JnYaAa
GdMaAa
KnObAa
YnDaAa
XpNaAa
FfFaAa
UoCaAa
MoNaAa
FeIaAa
MsGaAa
VdTbAa
FeTaAa
JpSaAa
GwKbAa
QbAaAa
ZuQbAa
GiAaAa
WiHaAa
PpKaAa
WdAaAa
DhTbAa
TsYbAa
KfAaAa
EoKaAa
ZrEaAa
VdFaAa
QhBaAa
CkObAa
SfPbAa
XqOaAa
UsPbAa
ZxIaAa
GoNbAa
VwAaAa
UsXaAa
JhKaAa
TbUaAa
SdSbAa
LuLaAa
FnDaAa
RyIaAa
LiDaAa
YkBbAa
QyJbAa
VdAaAa
KbDaAa
YkBbAa
XvYbAa
WqEbAa
ZxUaAa
KqGbAa
LmNaAa
BmObAa
OiUbAa
LpYaAa
TxVbAa
WaAaAa
CeXaAa
CkRaAa
ZxHaAa
CdAaAa
DcIaAa
SiJbAa
ZgCaAa
FlPaAa
ShDaAa
FsBaAa
FbBaAa
VhTbAa
WiHaAa
FzLaAa
UoCaAa
ZnKbAa
AhNaAa
ZrPaAa
PyRaAa
BmVbAa
JqAaAa
KbUbAa
LdCaAa
YiBbAa
ZxIaAa
CdAaAa
JyAbAa
WoFaAa
WiMbAa
CsMaAa
TsSbAa
MeTbAa
FeObAa
LtDaAa
PjWbAa
KoGaAa
FdKaAa
WjGbAa
MvMaAa
TsDaAa
CxJaAa
UqMaAa
FfQbAa
VcHaAa
IeWbAa
FvYbAa
QyBaAa
MwBaAa
BcQaAa
CcCaAa
XxFbAa
LbDbAa
MzKbAa
UzObAa
PbAaAa
PbAaAa
NzEaAa
RxKaAa
JxJbAa
RcEaAa
ZzFaAa
OgQbAa
FsCaAa
EeVbAa
AjNbAa
VlDaAa
LyVbAa
QhBaAa
NoUbAa
RbFaAa
FwKaAa
KoTbAa
StFaAa
LqHaAa
MzQbAa
FfFaAa
FnDaAa
DeHaAa
MjKaAa
TjVaAa
KdGaAa
VfGbAa
HcNaAa
JkIaAa
ZlAaAa
YkBbAa
BfPaAa
ZfKaAa
WzYbAa
AyIaAa
LdCaAa
RaDaAa
HuOaAa
GmWbAa
GwVaAa
OfWaAa
IrEaAa
QmLbAa
WrUaAa
ReAaAa
AuAaAa
DhTbAa
MnFaAa
VrAaAa
EiMbAa
MsIaAa
TfPbAa
EgVbAa
ZlJbAa
JqAaAa
XlDaAa
KrSaAa
StFaAa
HzFaAa
WpNaAa
SnGaAa
OkAaAa
OsAaAa
KoIaAa
JeSbAa
OlCbAa
UeXaAa
BfUaAa
XdKaAa
MsIaAa
EpEaAa
XiJaAa
PsAaAa
PjEbAa
ZbEaAa
GkBbAa
NvKaAa
EeCaAa
YcAbAa
JkYbAa
KuCaAa
UoCaAa
PrOaAa
QzKaAa
RcEaAa
HhFaAa
HzGaAa
GnQbAa
DgMbAa
FfMaAa
CcDaAa
LsLaAa
XqOaAa
MwBaAa
KfAaAa
FtHaAa
VhTbAa
FsCaAa
VaAaAa
TeBaAa
KdQaAa
BiKaAa
FtRbAa
KvAaAa
EbBaAa
KcFaAa
IxQaAa
KfAaAa
OsAaAa
SaQaAa
IoZaAa
RyHaAa
HlCaAa
AuWbAa
ObAbAa
GiCbAa
RfNbAa
UoCaAa
RrVaAa
HtAaAa
AxDaAa
FeBbAa
NwBaAa
DhTbAa
UiAbAa
UjAaAa
HrJbAa
QzOaAa
EdGbAa
QpAaAa
IhKbAa
AdLaAa
BqMaAa
QcEaAa
NsVbAa
CoMbAa
SiJbAa
ZgCaAa
WhTbAa
McUaAa
PrNbAa
PqNaAa
QbLaAa
KmIaAa
DhPaAa
RxLbAa
EyYaAa
DrAaAa
EaLbAa
PuJbAa
OyFaAa
NuFbAa
ZgCaAa
KrSaAa
NoUbAa
PySbAa
VkOaAa
TmYaAa
BiKaAa
YsCaAa
WkWaAa
EuDaAa
YsCaAa
MfGaAa
EjBaAa
EqWaAa
UuSaAa
CoMbAa
PhBaAa
JbGaAa
JrXaAa
QlZaAa
VfGbAa
SfUaAa
GrNaAa
SlEaAa
ImTaAa
WaZaAa
EcTaAa
DgAaAa
AqDaAa
JhFbAa
FeZaAa
XeCaAa
PfDaAa
YoNbAa
CaXaAa
PhZaAa
IdSaAa
QtTbAa
OpFaAa
FgEaAa
IsTaAa
KrSaAa
KqAaAa
CmXaAa
PeAaAa
FsCaAa
UjBaAa
UtBbAa
ZxIaAa
YsCaAa
DxLaAa
NwBaAa
CwPbAa
HlCaAa
VaAaAa
YiTaAa
MdDbAa
FiEbAa
CeYaAa
WyMaAa
DgAaAa
GgCbAa
FgHaAa
WsCbAa
GgCbAa
FjMaAa
NbObAa
TeQaAa
JbHaAa
CwSaAa
OaTbAa
JaSbAa
DtFbAa
YdAaAa
CwAaAa
FeDaAa
ZlCaAa
NkCaAa
CmRaAa
UrGaAa
MvMaAa
QrFaAa
ReUbAa
UoCaAa
QyBaAa
HfKaAa
IgIbAa
OcMaAa
XzLaAa
DeYaAa
TrIaAa
MfBaAa
TuXaAa
EyYaAa
JqAaAa
GiCbAa
OpFaAa
RbFaAa
DdTbAa
AuAaAa
KrSaAa
JdFbAa
OsAaAa
NyLaAa
OcMaAa
NdIaAa
NhJaAa
EsYaAa
DxRbAa
YrRaAa
IbHaAa
KdRaAa
ZrEaAa
NkCaAa
HcNaAa
IiAaAa
UeRaAa
XiWbAa
CeGaAa
GbTbAa
QdNaAa
BhLaAa
DkKaAa
AjIaAa
JdBaAa
YjQbAa
TqMaAa
QlBbAa
TsSbAa
UpGaAa
JzHaAa
OfAbAa
BgYaAa
CzDaAa
TjAaAa
TcDbAa
EqCaAa
IhFbAa
OhAaAa
JkYbAa
QcEaAa
KrSaAa
TrIaAa
YeBbAa
DsSaAa
LiUaAa
JcAaAa
SpZaAa
TkFaAa
QyBaAa
ImBbAa
KmEaAa
OxAaAa
GwVaAa
DrAaAa
QtJaAa
PhEaAa
GzCaAa
GiAaAa
KoBbAa
WcLbAa
FuDaAa
EeZaAa
EeDaAa
MxIbAa
YsCaAa
FmOaAa
NyLaAa
LwCaAa
DcIaAa
QwJbAa
IiNbAa
WlUbAa
JnYaAa
NeFaAa
IzUaAa
PiQbAa
LjKaAa
CjCaAa
JuKbAa
CqMbAa
WhPaAa
FgGaAa
BjBaAa
MdCaAa
HtUaAa
FbYbAa
HxUaAa
GfQbAa
KmEaAa
LcFaAa
WcLbAa
PwHaAa
RmCaAa
UnEaAa
KbRaAa
ZeNaAa
IiBaAa
YoNbAa
HxIaAa
GwKbAa
KqBbAa
ZnDaAa
HsOaAa
JjFaAa
JkIaAa
SoYaAa
BiJbAa
XfMaAa
IsTbAa
MxSaAa
AtGbAa
HvQaAa
UsKaAa
MsAbAa
ZgCaAa
FsBaAa
MrYaAa
ZnPaAa
TeQaAa
UiAbAa
DcIaAa
SxDaAa
TpBbAa
FxFbAa
RoMaAa
KoIaAa
BpGaAa
YyOaAa
WaAaAa
VvFaAa
EmKaAa
BzDbAa
SmCaAa
BfPaAa
BvBaAa
SfUaAa
TuEaAa
LxXaAa
HhFaAa
XdAaAa
NkAaAa
JfAaAa
CnNaAa
KoIaAa
NkCaAa
EaLbAa
LjXaAa
YpPaAa
JpJbAa
YaFaAa
QtJaAa
GwKbAa
KmEaAa
EdGbAa
GxBaAa
WhTbAa
UaJbAa
LjKaAa
YkBbAa
DgAaAa
QjSbAa
QmLbAa
JoVaAa
EmHbAa
VqBaAa
GiCbAa
VdAaAa
KmEaAa
ScRbAa
CdAaAa
EeZaAa
JoVaAa
NfHaAa
IyAaAa
BaIaAa
LiUaAa
HhFaAa
XeCaAa
CwSaAa
LdDbAa
OpFaAa
UzAaAa
PbAaAa
IiBaAa
HkSbAa
OgQbAa
MuVbAa
BaIaAa
NxTbAa
DjUaAa
CpIaAa
NdIaAa
MiVaAa
YsCaAa
VfGbAa
TtBaAa
UzAaAa
TkXaAa
NoDbAa
VuIbAa
MfRaAa
FxBaAa
ZaFaAa
PsAaAa
PsAaAa
AqDaAa
ImGaAa
VsIbAa
OxGbAa
XeCaAa
WyNbAa
WhPaAa
OlCbAa
RlBbAa
JaSbAa
LiUaAa
PhAaAa
DdAaAa
WaAaAa
UcCaAa
GaNaAa
ZgCaAa
BqMaAa
YsBaAa
OjJaAa
DqBaAa
DhTbAa
LyVbAa
CoMbAa
LsLaAa
NdIaAa
ZlAaAa
DjBaAa
NdIaAa
PwGaAa
CmXaAa
WaAaAa
AuEaAa
LlFaAa
EuDaAa
QcEaAa
XdKaAa
IiAaAa
KdQaAa
XxXbAa
SlNaAa
ZaPaAa
DxCaAa
OpWbAa
BfPbAa
VdAaAa
UwSaAa
NfBaAa
JzPbAa
MnAaAa
ZvNaAa
FyVaAa
GxBaAa
PyGaAa
MtYaAa
BzJaAa
AvTaAa
RmYaAa
TcHaAa
WdAaAa
ZwLbAa
PyFaAa
VlNaAa
ObAbAa
WaOaAa
GjRbAa
LzNaAa
ZgCaAa
NzYaAa
FtIaAa
PwHaAa
DlDaAa
MfEaAa
TzAaAa
EuDaAa
YkHaAa
IhKbAa
OsAaAa
SqSaAa
JpJbAa
LuLaAa
VaAaAa
BpLaAa
HnBaAa
KfAaAa
UoCaAa
YiTaAa
SmCaAa
DjUaAa
EaLbAa
OcMaAa
WeZaAa
XlDaAa
EeCaAa
PeAaAa
UeGaAa
ZlAaAa
YjQbAa
WmIbAa
NzYaAa
GsBaAa
PeKaAa
MnXbAa
LqAaAa
EpEaAa
JnYaAa
JiBaAa
TyNaAa
PfTaAa
LrSaAa
OpEbAa
RmCaAa
OpKaAa
HkZaAa
YvQaAa
OhAaAa
UhLaAa
EqCaAa
BzJaAa
SfPbAa
EyEbAa
YnDaAa
FlPaAa
IgDaAa
PmPaAa
TeBaAa
QcBaAa
FuDaAa
JpMaAa
MwBaAa
JrDaAa
EuKaAa
QfDaAa
LsKbAa
YsBaAa
AmAaAa
UmFaAa
LbJaAa
NoDbAa
JuKbAa
HlAaAa
KdGaAa
LtMaAa
AlLaAa
KdGaAa
EgGaAa
WqEbAa
ZnDaAa
ArTaAa
IrQaAa
BnLaAa
DjBaAa
UsKaAa
XoJaAa
AuAaAa
CcCaAa
HxUaAa
FeTaAa
IhKbAa
QyJbAa
VbKaAa
NnKaAa
CdAaAa
IgDaAa
QjEaAa
UmFaAa
LfAaAa
HdKbAa
DaOaAa
NvIbAa
AiJbAa
QcEaAa
KcAaAa
EqWaAa
WxFaAa
QlBbAa
YsBaAa
FbYbAa
XeCaAa
AyUaAa
AfPbAa
PhBaAa
CmRaAa
ZuZaAa
NnFaAa
XtIaAa
BfWbAa
HhFaAa
OpFaAa
QrFaAa
JpSaAa
TlIaAa
MkAaAa
KkIaAa
LxXaAa
HfKaAa
PfCaAa
DdAaAa
UoCaAa
MwBaAa
GcAbAa
KmEaAa
WlBaAa
VlDaAa
RgJbAa
BaAaAa
KoIaAa
ToHbAa
AdLaAa
RmCaAa
RoQaAa
OxAaAa
UfPbAa
FxBaAa
CwAaAa
RrZaAa
DvLbAa
LqGaAa
EgGaAa
MvMaAa
PvDaAa
ZvNaAa
FuDaAa
WxFaAa
IgSbAa
IaPaAa
FjMaAa
JkYbAa
TdPaAa
AcHaAa
OtNbAa
BaAaAa
AfPbAa
CdAaAa
BsXaAa
QwJbAa
ZtRaAa
UqMaAa
FvHbAa
LdDbAa
ExCaAa
CxFaAa
WfGbAa
DsEbAa
IgIbAa
KbUbAa
YpPaAa
DqYaAa
WoOaAa
OhEbAa
GoNbAa
YaFaAa
DaOaAa
KhQaAa
TdUaAa
DbKaAa
TrIaAa
VsIbAa
TsMbAa
TbSbAa
TrIaAa
VlDaAa
JxNaAa
MwBaAa
BmSaAa
AhNaAa
GlAaAa
DgAaAa
JdBaAa
OpOaAa
JcAaAa
SoBaAa
PxAaAa
YsCaAa
KnSaAa
VqXbAa
TlVaAa
GaLbAa
UpAbAa
HxIaAa
UhGbAa
WgOaAa
OcKaAa
TsSbAa
GqJaAa
OhJaAa
YsBaAa
PxAaAa
SkFaAa
QyBaAa
BsDaAa
YbTbAa
JkIaAa
TgXaAa
CeYaAa
UeMbAa
LnObAa
TeQaAa
KbCaAa
IzFaAa
PfCaAa
XeTaAa
DyEaAa
UwEbAa
TvFaAa
SjNbAa
YeHbAa
NxYaAa
BjLaAa
XoJaAa
VaOaAa
RhIaAa
VuKaAa
AqDaAa
FvHaAa
RbFaAa
UrIaAa
PeAaAa
UoCaAa
PeAaAa
HyAaAa
QrJaAa
KpYaAa
VhPaAa
RmJbAa
YvRaAa
ShDaAa
VhTbAa
KqGaAa
QlBbAa
CzDaAa
SaCaAa
JwUbAa
QcBaAa
MfGaAa
GtUaAa
UhGbAa
AfLaAa
TrIaAa
HyGbAa
SmCaAa
VdAaAa
KkIaAa
NlOaAa
VsIbAa
QyJbAa
JfAaAa
BnTbAa
RcFbAa
VuIbAa
CoMbAa
HdKbAa
ZuOaAa
QcEaAa
OpWbAa
MfEaAa
OgQbAa
QlTaAa
BeBaAa
ZlLbAa
OvYaAa
JyJaAa
FbYbAa
SpZaAa
FiJaAa
GxBaAa
UgDbAa
JuKbAa
CeXaAa
NvYaAa
XfMaAa
DwAaAa
FuWaAa
JhFbAa
QmLbAa
EjGbAa
CjBaAa
RmCaAa
VyEaAa
MgTbAa
YiGaAa
WcWaAa
HgCaAa
OzMaAa
QnTaAa
VdAaAa
KvAaAa
TwEaAa
PwUaAa
VbXbAa
XgAbAa
OaZbAa
VhPaAa
PeAaAa
NrCaAa
ZlCaAa
XvYbAa
KiDaAa
NkCaAa
JcPaAa
YbBaAa
VaAaAa
IsTaAa
LnXaAa
MaNbAa
KzWaAa
TsSbAa
FgOaAa
QaVaAa
UoCaAa
JxQaAa
AyFaAa
HvIaAa
MkAaAa
QzKaAa
QdWbAa
KcAaAa
JhKaAa
QrJaAa
MnAaAa
DcDaAa
LvEbAa
EpEaAa
WoEbAa
WeObAa
MhMbAa
VoSbAa
DcIaAa
DoSbAa
ToXaAa
YsCaAa
NxMaAa
KdRaAa
KqBbAa
VdFaAa
TsDaAa
ZvPaAa
RiFbAa
OdBbAa
JdFbAa
QdNaAa
AmAaAa
WiHbAa
FfFaAa
ScQaAa
EuDaAa
UtFbAa
LdCaAa
GmPbAa
GzCaAa
IiEaAa
UlUaAa
VdAaAa
CeYaAa
CmRaAa
TbCbAa
NnAaAa
FxBaAa
BuAaAa
LwVbAa
HyAaAa
TzAaAa
ImTaAa
ErUaAa
DpUaAa
FhUbAa
NaEaAa
AxLbAa
WzYbAa
EbNbAa
VbKaAa
MoNaAa
HgIaAa
MfEaAa
FtHaAa
QcSaAa
CzDaAa
JdEaAa
YnPaAa
JfSaAa
PyRaAa
CpGbAa
HyKaAa
BcGaAa
QcSaAa
XbEaAa
HrJbAa
PmKbAa
QlGaAa
CaYaAa
AfLaAa
XfMaAa
RyBaAa
OpFaAa
DgMbAa
ZlAaAa
YmWbAa
EnRbAa
BjBaAa
NrCaAa
ZgCaAa
JfAaAa
VdAaAa
GkBbAa
WcTaAa
LtMaAa
GmJaAa
AbHbAa
JcAaAa
HtRaAa
MbXaAa
TbUaAa
GaFaAa
YyOaAa
MkBaAa
HmPbAa
KmEaAa
QcSaAa
RoDaAa
MxIbAa
KaIbAa
JhKaAa
JpJbAa
EdYbAa
AoBaAa
WdGbAa
TtBaAa
SoBaAa
FgZaAa
ImBbAa
TpLaAa
UnEaAa
MvMaAa
PbNaAa
EuDaAa
QnEbAa
UjAaAa
XkPbAa
SmCaAa
DsEbAa
KhQaAa
VdAaAa
RyPaAa
RcEaAa
YbSaAa
OvYaAa
CvCaAa
JdEaAa
PwObAa
PgFaAa
CoMbAa
FjMaAa
FlPaAa
OfHbAa
OzMaAa
WeZaAa
SsObAa
BxTaAa
BmAaAa
KoIaAa
KqGaAa
SfWbAa
TqMaAa
BxDbAa
RgJbAa
AfLaAa
IrQaAa
XeBbAa
ItPaAa
TiQaAa
SnBbAa
VdAaAa
DrAaAa
AfPbAa
HiEaAa
LfQaAa
TjVaAa
TpHaAa
SnBbAa
UeGaAa
KdGaAa
JoVaAa
SlVaAa
EgBaAa
CqMbAa
PcKbAa
AhCaAa
LsDbAa
CpGaAa
GfKbAa
ToHbAa
PbAaAa
WaObAa
SfWbAa
VgRaAa
TiKaAa
VmAaAa
KgUaAa
GfKbAa
MnFaAa
RnHaAa
CjCaAa
ImTaAa
OhAaAa
WgBaAa
UlUaAa
DsIbAa
KmEaAa
IzUaAa
DcIaAa
JfAaAa
QfIbAa
MdCaAa
ZzFaAa
VzDaAa
LtXaAa
LrSbAa
TkFaAa
TiKaAa
JrXaAa
YsBaAa
MrWaAa
CoMbAa
DsKaAa
NcKaAa
IkTaAa
XiEbAa
ZeIbAa
HiEaAa
JzHaAa
FxBaAa
VvLaAa
MsDbAa
QdNaAa
QcSaAa
JpSaAa
PuNaAa
PhAaAa
CeRaAa
ToXaAa
CxFaAa
OhBbAa
GiAaAa
OxAaAa
FoIbAa
IgIbAa
KoIaAa
RyIaAa
HiAaAa
QtJaAa
EoSbAa
RiFbAa
MdHaAa
KxNaAa
RaDaAa
PrNbAa
WgOaAa
QwQaAa
GiAaAa
PyFaAa
ScQaAa
DlGbAa
BsDaAa
TpLaAa
CxFaAa
VaAaAa
QqPaAa
ZaHbAa
VlDaAa
YbTbAa
EyNbAa
HdKbAa
IaHbAa
NeFaAa
RyPaAa
WdYbAa
DaOaAa
VjCaAa
GwKbAa
WaAaAa
MwBaAa
ZeNaAa
GnDaAa
YkZaAa
XmCbAa
GiCbAa
XqOaAa
XiEbAa
YpPaAa
AnZaAa
LyBbAa
TsYbAa
PsAaAa
HyAaAa
MtKaAa
ZvPaAa
AoBaAa
LqLaAa
FsCaAa
OaTbAa
TjAaAa
RdSbAa
RrZaAa
RgKaAa
LtDaAa
ZrPaAa
DaFbAa
ZgCaAa
DiObAa
KqBbAa
MaKaAa
FzWbAa
NvKaAa
FmOaAa
LuLbAa
PcVaAa
OqRbAa
YoAaAa
YhMaAa
JpDaAa
DsIbAa
PbAaAa
AyQaAa
KfAaAa
StBaAa
YsCaAa
KoVaAa
HuTbAa
XiGaAa
WoEbAa
MoNaAa
AjIaAa
KmEaAa
SuMbAa
IhKbAa
SiJbAa
QdNaAa
OsUaAa
CzDaAa
DoSbAa
XiGaAa
UdXbAa
VgEbAa
HzFaAa
EcOaAa
MnFaAa
NeQbAa
TxVbAa
BsXaAa
UmAaAa
EvHbAa
XfMaAa
RgJbAa
TjAaAa
PyRaAa
BaAaAa
NhHaAa
LzEbAa
SxDaAa
HgCaAa
WdAaAa
JhKaAa
WwGbAa
FnDaAa
FqEbAa
MjZbAa
AbNaAa
WeZaAa
SlNaAa
RmYaAa
IiNbAa
EgBaAa
RjNaAa
LxXaAa
AuAaAa
JbGaAa
HlLbAa
YbSaAa
MwBaAa
WwGbAa
IqFaAa
DjUaAa
SvTaAa
LjXaAa
VdAaAa
HdKbAa
EeOaAa
MfBaAa
ZuZaAa
HqFaAa
WgEaAa
YsCaAa
OhJaAa
FgBbAa
VuKaAa
JuUbAa
KqAaAa
OeFaAa
OiQbAa
XiWbAa
SxUbAa
YbTbAa
FeBbAa
AhCaAa
NqUaAa
IiAaAa
WmIbAa
RaDaAa
DtFbAa
NpXbAa
GoNbAa
TzAaAa
CrGbAa
RrJaAa
DrAaAa
RiFaAa
GtIaAa
GtUaAa
LzNaAa
VhVaAa
MwBaAa
SlNaAa
QgKbAa
GqJaAa
MbTaAa
ZaPaAa
YiZaAa
FxFbAa
HqTaAa
RfNbAa
QhSbAa
FvGaAa
VaAaAa
WyMaAa
VjCaAa
SpZaAa
AnBbAa
DgAaAa
GzCaAa
SfUaAa
DkKaAa
YdYbAa
PqEaAa
JfAaAa
BcGaAa
LyVbAa
OzMaAa
BaAaAa
HyAaAa
EeVbAa
KmEaAa
KaUaAa
RnTaAa
XwQbAa
IiAaAa
GmJaAa
DcWaAa
NpPbAa
UqYaAa
OpKaAa
DxLaAa
QyJbAa
GkBbAa
PuNaAa
KfAaAa
YsCaAa
RjNaAa
RyPaAa
CoMbAa
ZgCaAa
HyAaAa
PhBaAa
TbUaAa
ZkWbAa
ZlAaAa
ZgCaAa
KjFaAa
NrBaAa
NfVbAa
BkYaAa
RhXbAa
HyAaAa
JzBaAa
IiBaAa
ExCaAa
WlBaAa
ImHaAa
PwIaAa
ZaPaAa
XgZaAa
FtHaAa
MzEbAa
WgOaAa
SaDaAa
BgYaAa
ZqTaAa
XiEbAa
NzEaAa
OxGbAa
NhEbAa
YsCaAa
TaIaAa
MdCaAa
KoIaAa
EeVbAa
OqNaAa
MuGaAa
HsOaAa
ToBaAa
GxBaAa
ZvRaAa
AfLaAa
EuYaAa
HzFaAa
GiAaAa
GiAaAa
PbAaAa
NwFbAa
HgCaAa
CdAaAa
BaAaAa
QzKaAa
TcHaAa
WqEbAa
YsBaAa
TkFaAa
PeKaAa
ZaFaAa
OiQbAa
LlFaAa
XuDaAa
YvQaAa
AuAaAa
MfRaAa
QeUbAa
CdAaAa
LpBaAa
VcObAa
QhBaAa
GiBbAa
MnFaAa
GmWbAa
IwZaAa
BsWbAa
PmBaAa
DgMbAa
RjEaAa
IaHbAa
EoWaAa
TeQaAa
CxFaAa
UeMbAa
JdSaAa
DhTbAa
WrAaAa
AfPbAa
AyIaAa
XtIaAa
BvFaAa
PeAaAa
ItAaAa
PuUaAa
PeAaAa
DuSaAa
PhZaAa
ZaBbAa
FsBaAa
SlZaAa
WpRbAa
AcHaAa
QqEaAa
CzRbAa
WiHaAa
MvMaAa
SlEaAa
DgAaAa
GaFaAa
TsDaAa
AmAaAa
EvHbAa
KfAaAa
ZlAaAa
MfEaAa
JpSaAa
ZzCaAa
MpXbAa
HxHaAa
QnTaAa
FnDaAa
KiDaAa
PySbAa
MtKaAa
ZkWbAa
UoCaAa
OhEbAa
AvTaAa
ErHaAa
ZvNaAa
YbSaAa
TpGaAa
WqEbAa
QeUbAa
KcFaAa
QdWbAa
ZlJbAa
DeHaAa
HrJbAa
AqRaAa
NbOaAa
FwCbAa
OsAaAa
GbTbAa
MxIbAa
HlCaAa
PmQbAa
JrObAa
MdJaAa
UtFbAa
MtYaAa
RmCaAa
XgEaAa
FnDaAa
HxHaAa
BfPbAa
PyFaAa
EeVbAa
CeGaAa
UjAaAa
XqOaAa
TxTaAa
NvCbAa
SiSaAa
XiWbAa
FeBbAa
KqIaAa
AuAaAa
SlEaAa
PgQbAa
PfIaAa
QcEaAa
EcTaAa
BiDbAa
JjFaAa
WoKaAa
CwAaAa
DlDaAa
DxFaAa
AnBbAa
KfAaAa
EpEaAa
JoVaAa
CoCaAa
LwCaAa
EbBaAa
ZjKbAa
ZlDbAa
TpLaAa
ZrEaAa
LgPaAa
FhUbAa
BzAaAa
HqFaAa
QqPaAa
ZlAaAa
YbEaAa
WwAaAa
XtIaAa
PfDaAa
TrIaAa
KuCaAa
OsAaAa
HtAaAa
JpMaAa
XgEaAa
YsCaAa
MoEaAa
RxLbAa
BpGaAa
NsHaAa
MnWaAa
IwZaAa
YbTbAa
DgJaAa
UeEaAa
RaDaAa
WgGaAa
BnLaAa
StCaAa
PqEaAa
DgAaAa
RyBaAa
BaIaAa
MxEaAa
GfFaAa
BvBaAa
CqMbAa
IkHaAa
UsPbAa
ScRbAa
DqYaAa
NoFbAa
QcSaAa
FpUbAa
WaAaAa
GiBbAa
MuBbAa
RmYaAa
BnTbAa
MtDaAa
GiBbAa
UwSaAa
EaLbAa
OjMbAa
MkAaAa
NnEbAa
PvDaAa
DyEaAa
LsKbAa
ReUbAa
GcAbAa
WlDaAa
OvKaAa
QhBaAa
RjYbAa
CwXaAa
YiTaAa
EeZaAa
RwNaAa
VcJaAa
CdPaAa
NqUbAa
LsFbAa
NvKaAa
JdFbAa
SaDaAa
CsPbAa
SuEaAa
RiSaAa
OrCaAa
ToHbAa
NlWaAa
WaAaAa
XlBaAa
MwBaAa
VaAaAa
NkAaAa
RiFaAa
JcAaAa
YeIbAa
OfHbAa
VkOaAa
JpRaAa
MdVbAa
MiGbAa
FvHaAa
HzGaAa
NdJaAa
CsMaAa
UmAaAa
ToXaAa
YkZaAa
OmDaAa
QhZaAa
HlLbAa
KnCaAa
YkGaAa
PkMaAa
RmCaAa
AuWbAa
OeVaAa
SnIaAa
HzFaAa
HxBaAa
MrWaAa
GiBbAa
YsCaAa
QkLbAa
OzMaAa
GpEaAa
UpFbAa
JfAaAa
FfFaAa
ImHaAa
JkYbAa
LiUaAa
SlVaAa
WaZaAa
QeUbAa
UvLaAa
PjSbAa
PhBaAa
FnDaAa
WoFaAa
FfFaAa
FeCaAa
CmSaAa
CzDaAa
AfLaAa
SnBbAa
AuEaAa
SnGaAa
ViHbAa
CdAaAa
GwVaAa
NfOaAa
JjSaAa
BxDbAa
KrSaAa
EdGbAa
RyPaAa
MrYaAa
WgGaAa
JaSbAa
KfAaAa
YrNaAa
VlDaAa
FeBbAa
IiEaAa
WlUbAa
YlMaAa
UlUaAa
BkYaAa
PmKbAa
WaAaAa
YvUaAa
CzDaAa
MaBaAa
MaBaAa
CrAaAa
KiBaAa
PuNaAa
XkPbAa
FeBbAa
DkKaAa
EgEaAa
LdHaAa
LgTbAa
JyAbAa
YsCaAa
TxVbAa
XlPaAa
BpHaAa
ZcHbAa
OxAaAa
UoCaAa
ZaBbAa
WlDaAa
NoDbAa
QcEaAa
ZrPaAa
RdSbAa
FvHaAa
EaLbAa
OkGbAa
SlEaAa
UiQaAa
YbTbAa
CxFaAa
DgAaAa
WgOaAa
NdIaAa
EySaAa
BxTaAa
EgEaAa
TmAaAa
JkYbAa
TjVaAa
GsCaAa
JfSaAa
BpGaAa
VnFbAa
NxCbAa
ZeNaAa
MtDaAa
NkAaAa
CfPaAa
QdNaAa
BuAaAa
XgEaAa
JjSaAa
WcTaAa
IcAaAa
NxMaAa
KfAaAa
KdQaAa
XeTaAa
AlNaAa
DuSaAa
EeVbAa
BfPaAa
VcDaAa
XbEaAa
NrXbAa
LwCaAa
MsIaAa
VgRaAa
ZvPaAa
MdObAa
NfEbAa
HtAaAa
BbSbAa
PqEaAa
OzYaAa
IcAaAa
ZmNbAa
CcDaAa
WzYbAa
RbPaAa
TzAaAa
DsEbAa
LrSaAa
DaOaAa
LgTbAa
CcYaAa
AhCaAa
SaVaAa
AlLaAa
UnEaAa
RyPaAa
CeYaAa
JoVaAa
UnEaAa
ZrEaAa
VhTbAa
BaAaAa
KdEaAa
MrWaAa
VgJaAa
FgAaAa
KaUaAa
EyQbAa
NfHaAa
PhBaAa
DgAaAa
QcEaAa
OtNbAa
DnGbAa
XlPaAa
HxUaAa
PrNbAa
ZnBaAa
JkIaAa
OkAaAa
TaJaAa
VbKaAa
MkAaAa
LxEaAa
HrQaAa
WgBaAa
GwVaAa
KmEaAa
QcBaAa
SnGaAa
LrKaAa
XzSbAa
XeBbAa
TaJaAa
PgFaAa
PfDaAa
PbMbAa
QaVaAa
MkAaAa
PyRaAa
IoTaAa
CcCaAa
ZmZaAa
PuNaAa
ZvPaAa
GfFaAa
DhPaAa
RaGaAa
JzQaAa
YsCaAa
MfRaAa
DcWaAa
FmOaAa
EeZaAa
RcBaAa
UjBaAa
FwKaAa
KbCaAa
YlMaAa
ZqTaAa
QfCbAa
IeWbAa
EuYaAa
NqKbAa
AuEaAa
XeTaAa
RgJbAa
CfPaAa
WaAaAa
ZuOaAa
CdAaAa
VuKaAa
ItPaAa
GjRbAa
FuDaAa
FdKaAa
OqNaAa
RoJbAa
FgAaAa
WmIbAa
JiNbAa
CsPbAa
YtIaAa
StCaAa
QwQaAa
FzLaAa
KjDbAa
DgMbAa
KoBbAa
TsSbAa
MhWaAa
ThLaAa
LdEaAa
UbCbAa
YaFaAa
YxSbAa
VrAaAa
JiBaAa
OeKbAa
AhCaAa
OpKaAa
DcIaAa
OhAbAa
PgFaAa
IxQaAa
EcLbAa
YaFaAa
DhPaAa
WlBaAa
EbBaAa
HlAaAa
AtTaAa
EbBaAa
HtJbAa
YlMaAa
CsPbAa
WpRbAa
WzDaAa
GcAbAa
IkEaAa
RyPaAa
UoCaAa
PhZaAa
SvJaAa
BnTbAa
WeZaAa
DxRbAa
FfMaAa
LiDaAa
VvRbAa
BrZaAa
HgCaAa
TjAaAa
EcOaAa
DxCaAa
UnUaAa
HzRaAa
WlUbAa
VcWaAa
QcEaAa
YyOaAa
AhDaAa
LbJaAa
SpTbAa
PfIaAa
NkBaAa
TyNaAa
AcHaAa
LzEbAa
MbLbAa
StBaAa
RcFbAa
MtYaAa
XeCaAa
SfUaAa
TzAaAa
CjBaAa
QpTaAa
VhPaAa
SlIaAa
RcEaAa
YnDaAa
LiDaAa
RjNaAa
CpHaAa
EbBaAa
AmAaAa
DhPaAa
ZhFaAa
GaFaAa
IwDaAa
OxGbAa
BmObAa
DpUaAa
VwIbAa
KdQaAa
DaWaAa
XfMaAa
JrXaAa
SlIaAa
DeYaAa
KqGaAa
DcWaAa
CcUbAa
FoAaAa
CeEaAa
WcTaAa
EeVbAa
BsXaAa
KfAaAa
NvCbAa
TkXaAa
IwDaAa
AhDaAa
TcRaAa
ZfKaAa
GjUbAa
MhWaAa
CuSaAa
BcRaAa
RrZaAa
PhBaAa
FzWbAa
GwKbAa
TvFaAa
PwIaAa
EbBaAa
CaAaAa
BaAaAa
FbYbAa
PyCaAa
UaJaAa
LyRbAa
XoAaAa
CwAaAa
ZzFaAa
ViHbAa
JnYaAa
SuWbAa
BhLaAa
MkAaAa
FeCaAa
TsYbAa
CcYaAa
EgWaAa
VaAaAa
KdRaAa
VkOaAa
JpMaAa
GwKbAa
QyGaAa
MrSaAa
WgEaAa
ZnDaAa
CpHaAa
QlZaAa
KfAaAa
LdRaAa
YaFaAa
NhHaAa
OeKbAa
LtXbAa
MdCaAa
HnBaAa
UpAbAa
NvKaAa
UnNaAa
AfLaAa
WySaAa
PhEaAa
KvSbAa
TjAaAa
MbLbAa
QrFaAa
HuOaAa
PwUaAa
TcHaAa
ChUaAa
CoMbAa
WeZaAa
EeZaAa
NlEbAa
MaNbAa
GsCaAa
OzEaAa
MlHbAa
TrIaAa
XwKaAa
LiUaAa
DoMbAa
TxVbAa
GiBbAa
SlVaAa
KbUbAa
DxRbAa
EiMbAa
HkIbAa
UyXaAa
OpFaAa
EuDaAa
AhDaAa
SxDaAa
UzAaAa
TdPaAa
FtIaAa
TeBaAa
CwSaAa
MaBaAa
RnHaAa
EgAaAa
SqSaAa
NxMaAa
KoBbAa
PhBaAa
WoOaAa
LhXaAa
VgEbAa
BmSaAa
WcLbAa
PxAaAa
BaAaAa
XfMaAa
UeMbAa
BaAaAa
KmNaAa
LwCaAa
NcYbAa
NlOaAa
HiEaAa
IwZaAa
BzJaAa
ScEaAa
RjYbAa
VpAbAa
GiBbAa
LpBaAa
VaObAa
BsDaAa
SiSaAa
AfPbAa
RbHbAa
HtRaAa
AhCaAa
ApZaAa
TvFaAa
EvHbAa
KvAaAa
KdQaAa
SnBbAa
UwEaAa
PbAaAa
CiDbAa
ZnBaAa
OaGbAa
WlUbAa
ZaPaAa
RuRaAa
EbBaAa
TjAaAa
VkOaAa
SlYbAa
XzLaAa
YpPaAa
BdPaAa
DlDaAa
FiOaAa
AuWbAa
HsOaAa
GvIaAa
EdGbAa
NoRbAa
EeVbAa
CgQaAa
ItEaAa
QcBaAa
NhEbAa
SqSaAa
IgIbAa
GwKbAa
BdPaAa
RmCaAa
YpPaAa
BdPaAa
GbQbAa
DxLaAa
LhDbAa
HyAaAa
FuDaAa
QwQaAa
HqFaAa
ZwLbAa
HvJbAa
VaAaAa
MdZaAa
FeIaAa
ZtRaAa
RiSaAa
UzObAa
EeVbAa
DiXaAa
HlLbAa
MfRaAa
ZgCaAa
BmAaAa
DsSaAa
BvBaAa
ZuJaAa
QbAaAa
IyAaAa
PeAaAa
AtTaAa
ShDaAa
QcBaAa
RjNaAa
AzAaAa
UzAaAa
GmOaAa
EpNaAa
BsYbAa
XeBbAa
YjQbAa
PuJbAa
XqEbAa
ZlAaAa
LwTaAa
IiNaAa
JaSbAa
IzHaAa
RgKaAa
UtFbAa
UmFaAa
EpEaAa
WeOaAa
KcFaAa
HkTaAa
XgBaAa
XmCbAa
MvMaAa
AcHaAa
BvFaAa
MrYaAa
SlYbAa
VjCaAa
LaKaAa
EeDaAa
RmJbAa
DwAaAa
OjHaAa
MwBaAa
RfNbAa
UrIaAa
RvJaAa
LxXaAa
WoEbAa
QwJbAa
QgRbAa
ZwOaAa
GjRbAa
CeGaAa
UjBaAa
CaXaAa
PrNbAa
BmAaAa
BaAaAa
EvFbAa
MoEaAa
RbFaAa
AfWbAa
EeObAa
EaLbAa
BaAaAa
CaYaAa
BuAaAa
NtWaAa
HoAaAa
CrGbAa
BhDaAa
DgAaAa
QnTaAa
FeIaAa
WdAaAa
TuXaAa
BvBaAa
MuGaAa
ZlCaAa
MdObAa
InMaAa
BbSbAa
UxBbAa
HrQaAa
UaXaAa
OzEaAa
GsBaAa
FiEbAa
WdAaAa
JcAaAa
VfGbAa
XkPbAa
JfAaAa
LtDaAa
UrAbAa
LcFaAa
BiKaAa
LrKaAa
VdAaAa
PsAaAa
ErLbAa
ImHaAa
YsBaAa
PhBaAa
AsEaAa
QaVaAa
PsAaAa
NiTbAa
CzDaAa
HzRaAa
PwIaAa
FsWaAa
GbEaAa
AtTaAa
GjUbAa
DaXaAa
MhWaAa
AfPbAa
KsBbAa
RmCaAa
DaAaAa
PpFaAa
OaSaAa
GsCaAa
VgRaAa
VzDaAa
FxBaAa
NvCbAa
KiDaAa
FfMaAa
UuMaAa
GiAaAa
PfTaAa
DjUaAa
BbHbAa
PvYaAa
VuIbAa
BaRaAa
MbLbAa
MnFaAa
MbTaAa
RdSbAa
UzBbAa
RyBaAa
SfWbAa
JwUbAa
PeAaAa
TiJbAa
PrOaAa
LsDbAa
PyGaAa
NlOaAa
RwPaAa
NkAaAa
GzCaAa
RiFaAa
KvAaAa
FnDaAa
HrPaAa
RcEaAa
MsAbAa
NhEbAa
MdOaAa
PhZaAa
SlVaAa
MwCaAa
LwCaAa
PeAaAa
CeRaAa
KlQaAa
DgMbAa
PqEaAa
DvDbAa
PeAaAa
LsFbAa
JpSaAa
CcUbAa
DjTbAa
VgMbAa
XiEbAa
YiTaAa
KfAaAa
EuDaAa
KqAaAa
DdTbAa
CwAaAa
TkFaAa
BpGaAa
GiEbAa
ZgCaAa
AlEaAa
FjMaAa
MhMbAa
ImTaAa
CaAaAa
EuDaAa
MfRaAa
KuUbAa
CwEaAa
NyLaAa
KbDbAa
BlLaAa
RzKaAa
OsUaAa
DnGbAa
FoIbAa
LsDbAa
JnYaAa
YkZaAa
HhFaAa
VhTbAa
VxLaAa
TsDaAa
ZaHbAa
JzQaAa
GzCaAa
TpHaAa
ZqTaAa
FtIaAa
RbFaAa
XeCaAa
PmPaAa
PfDaAa
FuDaAa
FjMaAa
JkYbAa
MnAaAa
JwUbAa
MxSaAa
PySbAa
AfWbAa
RgKaAa
QwJbAa
QcEaAa
UmFaAa
KdEaAa
PfIaAa
BxTaAa
RfNaAa
DvCaAa
IvXbAa
YbEaAa
OhAbAa
KcIbAa
VsEbAa
AqDaAa
GiAaAa
NdIaAa
EbBaAa
PfCaAa
NrBaAa
QsQaAa
UeEaAa
SxUbAa
MrYaAa
TeBaAa
GcAbAa
IxJbAa
GnDaAa
BbSbAa
JxQaAa
PvDaAa
HhFaAa
MwBaAa
KmEaAa
CaXaAa
ImBbAa
TuSbAa
ZoAaAa
YiZaAa
DiXaAa
GwKaAa
NhEbAa
HxUaAa
IpQaAa
QlTaAa
AhCaAa
VcDaAa
PhEaAa
OiQbAa
WeEbAa
KdGaAa
OlCbAa
RgKaAa
QnTaAa
FtIaAa
SxUbAa
QjEaAa
CsYbAa
OaGbAa
BdPaAa
KrSaAa
MoAbAa
YbSaAa
DyEaAa
TmAaAa
GxBaAa
FfMaAa
UvVbAa
CpBbAa
ItAaAa
UoMbAa
EgEaAa
MfRaAa
HtAaAa
NoUbAa
RdNaAa
ZaFaAa
CcYaAa
RtZaAa
CsPbAa
MbLbAa
NoDbAa
PhBaAa
JfSaAa
LxXaAa
VdAaAa
SuEaAa
QlZaAa
ImZaAa
QcEaAa
EeZaAa
LsDbAa
VaObAa
EeZaAa
JcAaAa
VuKaAa
GaFaAa
OaSaAa
FfFaAa
NzEaAa
KcFaAa
CcDaAa
DxRbAa
EcTaAa
JmLaAa
OaZbAa
ZgCaAa
YkZaAa
LqHaAa
YjQbAa
PyFaAa
EgVbAa
AcHaAa
UhGbAa
KaIbAa
EoXbAa
ZxIaAa
CqMbAa
CcDaAa
DcDaAa
QySbAa
ViWaAa
ToHbAa
PrNbAa
MsIaAa
QhBaAa
PhBaAa
CwAaAa
GyGbAa
AhDaAa
SmCaAa
SiJbAa
WyMaAa
RbPaAa
YkBbAa
PhEaAa
FpUbAa
CkRaAa
QpTaAa
PwIaAa
PyRaAa
EpNaAa
EpNaAa
WiWaAa
YuTbAa
DsSbAa
LgPaAa
JpSaAa
XjMaAa
FbEaAa
KyDaAa
CdAaAa
KmEaAa
AtGbAa
JfAaAa
CvBaAa
JrObAa
TlIaAa
NyLaAa
CaUbAa
SuEaAa
KbFbAa
XuDaAa
IoZaAa
CzDaAa
RvDaAa
JtPaAa
GiCbAa
AuAaAa
RwPaAa
BhLaAa
GfFaAa
GkJaAa
OzMaAa
MsLaAa
FhUbAa
GvIaAa
RyJbAa
DyEaAa
IeWbAa
VpUaAa
BoVbAa
CjBaAa
NzKbAa
CwPbAa
MdVbAa
SuEaAa
JpMaAa
AiJbAa
FnDaAa
XzLaAa
DcDaAa
GwVaAa
EuDaAa
NrCaAa
CaYaAa
JrXaAa
AlEaAa
UhGbAa
SmCaAa
VwAaAa
RhXbAa
RmCaAa
YbSaAa
FgAaAa
QjEaAa
WrAaAa
UmFaAa
VkOaAa
KyDbAa
CrAaAa
OzEaAa
MnFaAa
IlCaAa
HcNaAa
BaAaAa
CtBbAa
CwAaAa
PeAaAa
LgPaAa
VjCaAa
XmOaAa
YyGbAa
KcFaAa
QzZaAa
XjMaAa
KsBbAa
CwAaAa
EuDaAa
DgAaAa
VrAaAa
ZaBbAa
RhIaAa
TuXaAa
JrObAa
LfQaAa
DiXaAa
LlYaAa
HtNaAa
ImGaAa
LvEbAa
NkAaAa
UrAbAa
MkAaAa
WgGaAa
AdLaAa
WiMbAa
RiSaAa
EpEaAa
FsBaAa
XoJaAa
PbVbAa
EqWaAa
SaQaAa
AnGaAa
WoFaAa
BiKaAa
ZoTaAa
ApZaAa
PvVaAa
YoNbAa
OxAaAa
CaYaAa
GmJaAa
MpBaAa
EeDaAa
HyAaAa
PnWbAa
FzLaAa
DsEbAa
AyQaAa
WpRbAa
PfDaAa
MhMbAa
LsFbAa
AmAaAa
UlUaAa
XeCaAa
QcEaAa
QwJbAa
YiWbAa
LpMbAa
TiKaAa
QlTaAa
QcSaAa
ZaHbAa
PwHaAa
QwUaAa
LdCaAa
SiJbAa
OoRbAa
RyBaAa
FzFbAa
YmJaAa
TtBaAa
HxHaAa
LkDaAa
KoIaAa
EdGbAa
XgGaAa
DyEbAa
JwJaAa
XeBbAa
YlPaAa
FuDaAa
TzJaAa
YrRaAa
CeXaAa
EuDaAa
OpFaAa
EnUbAa
MtKaAa
GaFaAa
DvCaAa
PhBaAa
TdLaAa
UvLaAa
MsAbAa
EuDaAa
VsIbAa
RaDaAa
HrJbAa
YbBaAa
FdQbAa
QrJaAa
FjPaAa
SkFaAa
AzAaAa
TaRaAa
EjGbAa
VaOaAa
PeAaAa
YrNaAa
PySbAa
DrAaAa
MnFaAa
CeYaAa
FlUbAa
UsKaAa
PhBaAa
IiBaAa
JuUbAa
MaNbAa
WaAaAa
HtAaAa
EaLbAa
EdGbAa
OlOaAa
VgObAa
GbTbAa
ZjFbAa
CuSaAa
CsMaAa
NrBaAa
FsBaAa
NdDaAa
KpYaAa
KmEaAa
XzFbAa
AjIaAa
EyNbAa
CrAaAa
SfPbAa
AcHaAa
KtXaAa
FfQbAa
WgEaAa
GfFaAa
KdQaAa
QbAaAa
PhBaAa
WvFbAa
LyBbAa
JfAaAa
AtTaAa
EtIaAa
HkWbAa
JdFbAa
QrFaAa
IcAaAa
GfKbAa
KdRaAa
MzKbAa
MdOaAa
WaAaAa
WdAaAa
LpBaAa
XvYbAa
EgAaAa
QmLbAa
EeZaAa
ZgCaAa
ViWaAa
RmJbAa
OwGaAa
KfAaAa
JfAaAa
PqVbAa
TvFaAa
XzYbAa
KhQaAa
PpOaAa
CcDaAa
MtXaAa
EnRbAa
MuBbAa
GsCaAa
CdPaAa
GhMaAa
WsCbAa
ZxHaAa
JpQaAa
HrQaAa
KdEaAa
PmPaAa
YbEaAa
CtBbAa
BnIaAa
MwBaAa
VqBaAa
HyKaAa
XbEaAa
CkRaAa
FeTaAa
SoBaAa
ZwLbAa
UcJaAa
DoXbAa
DmWaAa
WdAaAa
KpJbAa
ZnDaAa
OaEaAa
NdWaAa
MwBaAa
NkCaAa
VlDaAa
LiCaAa
GfKbAa
YxBaAa
ZrPaAa
KmEaAa
QeUbAa
QlGaAa
SnIaAa
CoCaAa
DqBaAa
GrNaAa
XoAaAa
YwGbAa
DhPaAa
VsSaAa
LdCaAa
CaAaAa
RoJbAa
LnMbAa
DgMbAa
VrAaAa
HaHbAa
QlGaAa
ZfKaAa
XoJaAa
WrRbAa
PySbAa
KfAaAa
ZgCaAa
UaJbAa
TvFaAa
ScQaAa
BjLaAa
BhLaAa
BjLaAa
HlLbAa
YiIbAa
SeSaAa
VhTbAa
CsMbAa
VpUaAa
SfUaAa
CmVbAa
CaYaAa
FhUbAa
JaSbAa
UiAbAa
SdNbAa
NnEbAa
MpXbAa
FbEaAa
YjQbAa
XiEbAa
ZlAaAa
LdCaAa
GkGaAa
DoSbAa
AlEaAa
KbUbAa
JoVaAa
BxDbAa
GkJaAa
SlIaAa
QmMaAa
CdAaAa
QlGaAa
PwHaAa
FuWaAa
JfAaAa
GcBbAa
GyGbAa
GbTbAa
PyFaAa
ToHbAa
QlTaAa
JaSbAa
CmSaAa
JmLaAa
JfAaAa
HzFaAa
PfIaAa
YlMaAa
ZlAaAa
CvBaAa
CoObAa
VwMaAa
JmTbAa
MoAbAa
OaTbAa
KtXaAa
UhVaAa
HhFaAa
TyNaAa
UeQaAa
TzJaAa
MkBaAa
TgYaAa
EdYbAa
KnCaAa
PvVaAa
HsOaAa
ZrEaAa
VyEaAa
KdRbAa
ZlAaAa
GrNaAa
BcRaAa
NuGaAa
CxFaAa
OgQbAa
BxDbAa
MnWaAa
MvMaAa
UjBaAa
JcPaAa
FeIaAa
OfAbAa
BlYbAa
ZnBaAa
KhQaAa
HnBaAa
EnGbAa
SnGaAa
CvDbAa
KbRaAa
WoEbAa
FnDaAa
EuDaAa
NhEbAa
SvTaAa
WsCbAa
HzRaAa
GjUbAa
HyAaAa
MdJaAa
CcYaAa
VbKaAa
TbCbAa
BvFaAa
MsHaAa
WvHbAa
GsCaAa
HxHaAa
LfBaAa
IwDaAa
IaMbAa
OjXbAa
WpDbAa
VaAaAa
BvOaAa
IzFaAa
BuAaAa
LsDbAa
HqTaAa
CnTbAa
RhIaAa
JkIaAa
OsIaAa
YkZaAa
XbEaAa
OaSaAa
NyLaAa
KsBbAa
RrZaAa
UkRaAa
JyJaAa
HmJaAa
AuAaAa
ImHaAa
JzBaAa
EcLbAa
VeMbAa
CxFaAa
KlVbAa
PhBaAa
CwAaAa
AmAaAa
FlUbAa
QcEaAa
DlGbAa
DcWaAa
BqMaAa
BwSbAa
ByNaAa
JiBaAa
FeBbAa
ZrEaAa
NpWaAa
OnAaAa
SlYbAa
NqKbAa
JdFbAa
RtBaAa
VwAaAa
CjCaAa
WoKaAa
PxKaAa
UeMbAa
ZlAaAa
YeIaAa
XuDaAa
BqJbAa
DjTbAa
CwAaAa
TnVaAa
LjKaAa
CcDaAa
SvTaAa
OfOaAa
UrGaAa
AcTbAa
MhMbAa
RpAaAa
DaWaAa
FsCaAa
UgYaAa
DaWaAa
TkFaAa
WdAaAa
CwSaAa
AuAaAa
AcHaAa
GkBbAa
IcAaAa
HxHaAa
VaObAa
QfIaAa
FsCaAa
IyAaAa
GyGbAa
SnBbAa
XvYbAa
GnDaAa
MdOaAa
IyAaAa
OvKaAa
OlOaAa
MwBaAa
TwPbAa
MwCaAa
VeMbAa
UiAbAa
LbIaAa
NuGaAa
MuBbAa
TcDbAa
DwEbAa
ZaFaAa
PqNaAa
LvEbAa
EbBaAa
WzYbAa
EvFbAa
PuNaAa
KdGaAa
NeQbAa
EpNaAa
MdYaAa
DpUaAa
FnDaAa
BmAaAa
ZxHaAa
EmXbAa
DgAaAa
LqGaAa
DgJaAa
QdNaAa
FnDaAa
GkBbAa
CxFaAa
NrYaAa
GfFaAa
WwGbAa
JwJaAa
XvHaAa
WyMaAa
DdFaAa
KzWaAa
QwQaAa
IbHaAa
SdSbAa
ZtRaAa
GmPbAa
UeXaAa
HdKbAa
CkRaAa
TzAaAa
SbFaAa
PhBaAa
PbNaAa
PfCaAa
AfPbAa
PqEaAa
VdAaAa
NeFaAa
DdAaAa
BaRaAa
ZgCaAa
PjZaAa
LwVbAa
QcBaAa
DmWaAa
TaJaAa
ZnPaAa
DzVbAa
NhAaAa
YsBaAa
NhAaAa
NfBaAa
DeHaAa
UjAaAa
FuWaAa
PjSbAa
CrAaAa
MkAaAa
OzMaAa
XzLaAa
LdCaAa
XmOaAa
MkAaAa
LlFaAa
FfFaAa
WoOaAa
DxRbAa
UuMaAa
IiNaAa
ErUaAa
DcDaAa
WwGbAa
LbJaAa
YsBaAa
HgCaAa
OjMbAa
TzAaAa
OgQbAa
JkYbAa
LpBaAa
ZsJaAa
QcEaAa
YsCaAa
IiBaAa
EeZaAa
CjBaAa
JgLaAa
YiTaAa
JwJaAa
BvZaAa
GlAaAa
MfRaAa
LtDaAa
AhNaAa
VxFaAa
ScHaAa
TsDaAa
QaVaAa
TgYaAa
TsSbAa
RdSbAa
FeIaAa
KdRaAa
BwEaAa
YbBaAa
AaQaAa
FfQbAa
YhRbAa
OsAaAa
IhFbAa
NqKbAa
MwBaAa
QcEaAa
LkTbAa
RpVaAa
GzCaAa
KmNaAa
PgFaAa
VjCaAa
RbFaAa
AnBbAa
BuAaAa
FbEaAa
DqMbAa
KuCaAa
JbGaAa
HzFaAa
AmAaAa
DlGbAa
KvPbAa
ZzCaAa
SsWbAa
VlUaAa
VzAaAa
JpJbAa
GzCaAa
JgLaAa
BcRaAa
OxAaAa
XzLaAa
HsOaAa
RjPbAa
CqYaAa
LcUaAa
TmAaAa
LfAaAa
IvXbAa
MsGaAa
ZiEaAa
BmSaAa
MrYaAa
OkAaAa
KrSaAa
QyBaAa
MrWaAa
RcSaAa
VcDaAa
NhEbAa
EqWaAa
XtIaAa
WaAaAa
ScHaAa
TeQaAa
XnQbAa
HjRbAa
QlGaAa
PrOaAa
PhEaAa
HtAaAa
KqAaAa
PeKaAa
ZlJbAa
GwKbAa
KmNaAa
MzQbAa
MzCbAa
BaAaAa
LiUaAa
PhEaAa
SlEaAa
WgOaAa
CeJbAa
CaYaAa
TbUaAa
ZgCaAa
VxFaAa
LtDaAa
KfAaAa
PhZaAa
RvJaAa
XeTaAa
AmAaAa
YeCaAa
ZyOaAa
SxDaAa
ZsCaAa
IcAaAa
MdObAa
QyBaAa
MuGaAa
EaLbAa
BvBaAa
AlEaAa
YvRaAa
QbNaAa
PjWbAa
ElGbAa
GjQbAa
JuUbAa
UiAbAa
OtNbAa
TqSaAa
FzLaAa
KcFaAa
StCaAa
NkCaAa
IhKbAa
BjBaAa
MaBaAa
MnWaAa
UnEaAa
FqWbAa
JnYaAa
RaDaAa
QhWbAa
LzNaAa
HnBaAa
DlGbAa
JpSaAa
PhTaAa
MdJaAa
WdAaAa
NhEbAa
EjPaAa
AhDaAa
LwCaAa
DmWaAa
CkSaAa
BnLaAa
NkAaAa
EnFbAa
OaZbAa
FvYbAa
WrUaAa
FxBaAa
KxNaAa
ZeNaAa
WzYbAa
ViHbAa
EuDaAa
BvFaAa
TzJaAa
FsBaAa
UmSaAa
UgLbAa
PmBaAa
FiOaAa
EjGbAa
SfPbAa
AhCaAa
NxIbAa
PjWbAa
MsFbAa
MdOaAa
CcCaAa
NfOaAa
VoCaAa
LdHaAa
XpEaAa
RnHaAa
QmLbAa
KfAaAa
CyNaAa
LpBaAa
VkOaAa
GaFaAa
QcEaAa
NhJaAa
JqAaAa
LdCaAa
DjVaAa
AlLaAa
BeRbAa
AnBbAa
AfWbAa
YbSaAa
HzCaAa
EcTaAa
KaSbAa
AqDaAa
GvIaAa
JfSaAa
TsMbAa
ZsBaAa
SgSaAa
GjQbAa
FeOaAa
WyNbAa
KrSaAa
CrAaAa
NaYbAa
GfFaAa
KbUbAa
ZlAaAa
DaOaAa
HuOaAa
DkVbAa
VjCaAa
JjFaAa
UnEaAa
EuDaAa
WcMbAa
MwBaAa
AtTaAa
ZgCaAa
SsEaAa
MtPbAa
IzUaAa
AjAaAa
KgUaAa
WjPaAa
LpBaAa
EcOaAa
DyEaAa
ZrEaAa
FiGaAa
EtAbAa
TrIaAa
KfAaAa
GjQbAa
YsCaAa
BmVbAa
TpTbAa
KqAaAa
QzOaAa
RqRaAa
DvCaAa
FeZaAa
FgVbAa
KoLaAa
HrEaAa
WrAaAa
IhKbAa
ZuJaAa
HsNbAa
UrIaAa
BvBaAa
CjCaAa
CmRaAa
FsCaAa
VaAaAa
HvJbAa
HiEaAa
PbAaAa
QvDaAa
AtTaAa
NhJaAa
MjKaAa
DgJaAa
ZlAaAa
UfPaAa
CjCaAa
JkYbAa
ZtRaAa
UsPbAa
KaUaAa
WdYbAa
FxBaAa
WpNaAa
SnIaAa
KiDaAa
ArTaAa
UsKaAa
OgQbAa
GrNaAa
QlGaAa
JcAaAa
VdAaAa
VzDaAa
YqOaAa
ZgCaAa
MkAaAa
WiMbAa
BaQaAa
ZlAaAa
WoOaAa
WrAaAa
CeEaAa
HlLbAa
QjEaAa
QlBbAa
WwQbAa
OpWbAa
SbFaAa
KnSaAa
JkIaAa
MdJaAa
NoUbAa
KfAaAa
KqBbAa
OpIbAa
VyEaAa
BeBaAa
LyVbAa
JpMaAa
HyAaAa
BaIaAa
JmLaAa
LiUaAa
BvBaAa
ChLaAa
AxDaAa
InMaAa
CvCaAa
XmOaAa
GiOaAa
IsTaAa
GbTbAa
MzQbAa
XtHaAa
CmXaAa
HrEaAa
KzBaAa
RtBaAa
OxAaAa
JyJaAa
KnObAa
KbDaAa
JcAaAa
BxDbAa
OfAbAa
NnAaAa
MnFaAa
NsHaAa
FvHaAa
UcHaAa
MlHbAa
TiKaAa
XmCbAa
SxAbAa
DsIbAa
LdCaAa
BxUbAa
NvKaAa
OkCaAa
DxCaAa
LrSaAa
EgBaAa
MwBaAa
RjYbAa
LfBaAa
EuDaAa
OkAaAa
HfKaAa
TzAaAa
TdPaAa
PvVaAa
TxDaAa
WaAaAa
XxXbAa
NfGaAa
UhVaAa
PjZaAa
JzQaAa
LcFaAa
BmObAa
IiNaAa
LfQaAa
EbNbAa
AxDaAa
BaAaAa
CeRaAa
KgUaAa
RsEaAa
RrZaAa
MdOaAa
NvKaAa
DrAaAa
FfQbAa
LtSbAa
ZgCaAa
RfNaAa
RwNaAa
PwUaAa
EgVbAa
MtYaAa
LqBbAa
CwSaAa
TbCbAa
ScQaAa
VxLaAa
CaYaAa
XlPaAa
TzAaAa
ScQaAa
TzAaAa
UhGbAa
WsCbAa
EuDaAa
ErUaAa
ZkWbAa
FnDaAa
GwKbAa
VmMbAa
SfPbAa
CjCaAa
UvLaAa
IzHaAa
YiSbAa
MiGbAa
FfQbAa
NdIaAa
UtBbAa
RdSbAa
RyIaAa
QcEaAa
AiJbAa
DsKaAa
GiAaAa
JoVaAa
EnRbAa
VdAaAa
McNbAa
WdAaAa
CjBaAa
EtIaAa
DhTbAa
ZqTaAa
VgRaAa
EqWaAa
XbEaAa
ZnBaAa
DkVbAa
QlZaAa
IyAaAa
TjAaAa
EtRbAa
HlLbAa
UyNaAa
RpAaAa
JkYbAa
PwHaAa
NlKaAa
FwKaAa
ExCaAa
HgCaAa
WjPaAa
BsXaAa
NdEbAa
DcDaAa
WoOaAa
EmXbAa
GwKbAa
EtIaAa
WaAaAa
EcOaAa
YkBbAa
ImBbAa
EdGbAa
LyTaAa
OaTbAa
NdIaAa
LxXaAa
HyAaAa
QyFaAa
SoYaAa
BjBaAa
CcDaAa
LdDbAa
MzKbAa
GjRbAa
WoYbAa
RmCaAa
GwVaAa
FnDaAa
ZqTaAa
PbNaAa
DvCaAa
TlNaAa
AtFaAa
YtIaAa
CqMbAa
OtYaAa
NuGaAa
IiBaAa
HxUaAa
OsUaAa
IgDaAa
FnDaAa
QuNaAa
VcZaAa
TlEaAa
EpNaAa
VpUaAa
WoKaAa
TsYbAa
BqMaAa
LdCaAa
YyOaAa
EaAaAa
CxFaAa
XmCbAa
LsDbAa
UeBaAa
AhNaAa
UnNaAa
WpRbAa
UrGaAa
VcWaAa
YiIbAa
MsHaAa
LvXaAa
MrWaAa
CaAaAa
OzEaAa
OjHaAa
ZeNaAa
GaFaAa
QsQaAa
KnObAa
XeDaAa
BxTaAa
NsHaAa
KnQaAa
OjXbAa
QvDaAa
CtBbAa
WwMaAa
ReAaAa
WcTaAa
DhPaAa
YsCaAa
VrAaAa
WmIbAa
EuDaAa
NuRbAa
FvHaAa
AtQbAa
KqBbAa
WaAaAa
PhBaAa
FiJaAa
GiBbAa
PeAaAa
IbHaAa
VeGaAa
PhZaAa
UnEaAa
EeCaAa
PwHaAa
UmAaAa
MsAbAa
DxFaAa
LgTbAa
RmCaAa
PrOaAa
ZvPaAa
RpVaAa
TvFaAa
JjFaAa
LhYaAa
EuDaAa
AjNaAa
HiEaAa
ZgIaAa
KmEaAa
FgBbAa
DrAaAa
NdIaAa
CcDaAa
HyAaAa
TeBaAa
TkObAa
WgBaAa
XlBaAa
OzMaAa
YsBaAa
HyAaAa
BpLaAa
FdGbAa
KnObAa
HzRaAa
KnSaAa
RoJbAa
HaHbAa
BpGaAa
OcMaAa
DgAaAa
AnBbAa
YqJaAa
ZeNaAa
XfMaAa
JpMaAa
TeBaAa
HtAaAa
NrCaAa
DyEaAa
ZaBbAa
RyIaAa
RbFaAa
SnGaAa
WaAaAa
QpAaAa
FiGaAa
NlHbAa
KsBbAa
WgEaAa
TjAaAa
XiEbAa
QwHaAa
MbLbAa
KmEaAa
EuDaAa
VqXbAa
YkBbAa
FfQbAa
SfUaAa
CzTaAa
LbJaAa
QnTaAa
WdYbAa
FjMaAa
DzAaAa
LiDaAa
ByNaAa
TzAaAa
JoVaAa
ZlAaAa
ItAaAa
JyAbAa
BsXaAa
GkHaAa
CcYaAa
FvGaAa
JfAaAa
OqNaAa
PhZaAa
ScQaAa
QwXbAa
LgTbAa
DyEaAa
HuOaAa
KfAaAa
XwAaAa
PxKaAa
BaIaAa
RuRaAa
FiJaAa
QjTaAa
FsCaAa
VcIaAa
MoAbAa
MnFaAa
VhGbAa
TaIaAa
FeWaAa
CaYaAa
ErUaAa
CeRaAa
BhLaAa
JkYbAa
OdTaAa
XzLaAa
TpHaAa
SnBbAa
XgZaAa
IoZaAa
KqBbAa
CjCaAa
OxAaAa
ZxIaAa
CjCaAa
GlAaAa
KmNaAa
OhCbAa
BjAaAa
JcAaAa
LuLaAa
ZnBaAa
WwNbAa
LfAaAa
IiBaAa
BaCaAa
RmCaAa
IxQaAa
FsWaAa
NoDbAa
EeVbAa
SlEaAa
RvDaAa
XiWbAa
MaBaAa
NbZaAa
DxCaAa
EbBaAa
LgPaAa
JbGaAa
CcYaAa
HqFaAa
RiSaAa
AfLaAa
OjOaAa
CpBbAa
GsBaAa
XlPaAa
XdKaAa
YsCaAa
YyGbAa
XmCbAa
WgEaAa
EbBaAa
LiUaAa
TzAaAa
RpAaAa
ZeNaAa
DgJaAa
BjBaAa
TeQaAa
IlAaAa
OaGbAa
MoNaAa
TpHaAa
ChUaAa
NhVbAa
EjGbAa
JzQaAa
VpUaAa
UwEbAa
ReSaAa
OzEaAa
BuAaAa
MoEaAa
VhTbAa
KqBbAa
DuMaAa
FvYbAa
QcBaAa
TiQaAa
FsBaAa
AyQaAa
SaCaAa
BxDbAa
LmTaAa
CjCaAa
EmHbAa
VgEbAa
GlAaAa
PwUaAa
IiBaAa
PfDaAa
JdEaAa
PgFaAa
CvBaAa
MzQbAa
OjMbAa
AiJbAa
NhAaAa
RnHaAa
LqLaAa
DgAaAa
YaFaAa
AoBaAa
KrSaAa
UaJbAa
XaAaAa
YkBbAa
BdPaAa
QsHbAa
GzCaAa
UcJaAa
PhBaAa
ZgSbAa
EuDaAa
WwGbAa
NnEbAa
ZwLbAa
MtDaAa
RaHaAa
CwSaAa
IgSbAa
HsCaAa
QyJbAa
NkAaAa
CcDaAa
XdKaAa
LrKaAa
ZwLbAa
OkCaAa
SlEaAa
IdSaAa
RmJbAa
KmNaAa
BkSaAa
AjPbAa
SnGaAa
WsCbAa
QfDaAa
TnGaAa
DgAaAa
MuBbAa
IoZaAa
HrQaAa
OsAaAa
QlGaAa
RjYbAa
EuDaAa
UrAbAa
UsPbAa
EeMbAa
DgMbAa
HuOaAa
HrEaAa
PjSbAa
AbLaAa
BjLaAa
IsFaAa
YpVbAa
OiUbAa
LoBbAa
EtRbAa
NzYaAa
QvDaAa
HrPaAa
GsBaAa
DgAaAa
VaOaAa
HkTaAa
TxVbAa
FhUbAa
LyVbAa
ScRbAa
NvEbAa
RfNbAa
WxFaAa
UpFbAa
DhPaAa
IhKbAa
BhLaAa
QeUbAa
IrPaAa
ZgCaAa
DtFbAa
NeQbAa
OjHaAa
LsLaAa
UzAaAa
PkMaAa
ZlCaAa
DcDaAa
UoCaAa
EjPaAa
YyOaAa
EcTaAa
LjKaAa
VgMbAa
SkFaAa
KmEaAa
EhPaAa
LyUbAa
JpSaAa
IzUaAa
DnGbAa
HrEaAa
TpLaAa
JbHaAa
EiMbAa
GjQbAa
PsAaAa
DdTbAa
QlBbAa
ErUaAa
XmCbAa
RpAaAa
FjMaAa
TzAaAa
PwHaAa
WlBaAa
AlEaAa
JyAbAa
CcDaAa
EvBbAa
GbTbAa
ShCaAa
FeBbAa
GxXbAa
LrSaAa
GmPbAa
JaSbAa
RiFbAa
KqGaAa
UqYaAa
IcLaAa
CxFaAa
CdAaAa
JdEaAa
EdFaAa
CuSaAa
XwGbAa
KnSaAa
AoBaAa
UeEaAa
NoUbAa
VgRaAa
SnBbAa
HdKbAa
CwSaAa
QcEaAa
IiNaAa
EvFbAa
YfKbAa
NsHaAa
LgPaAa
PnCbAa
ZaHbAa
ZbSaAa
RtBaAa
HzFaAa
LsFbAa
YkZaAa
TrIaAa
BxTaAa
BmObAa
HzRaAa
ThCaAa
BbWbAa
XxCaAa
KyTaAa
FtIaAa
LzEbAa
KqGbAa
FrUaAa
FgZaAa
EqXbAa
EbBaAa
BpGaAa
ErUaAa
EiXaAa
LhYaAa
LjKaAa
BaAaAa
QbLaAa
TaJaAa
MyVbAa
FsCbAa
ImBbAa
OsUaAa
JnYaAa
HzRaAa
KiDaAa
WwGbAa
BjBaAa
DgAaAa
FgAaAa
DoXbAa
LdDbAa
SiJbAa
ZvNaAa
LdDbAa
BvBaAa
JmLaAa
ZuZaAa
SfUaAa
XiWbAa
JpSaAa
MfGaAa
NrCaAa
VdAaAa
PyFaAa
NhEbAa
HxIaAa
KfAaAa
DxCaAa
AuAaAa
XxXbAa
CgDbAa
AfWbAa
IsFaAa
GzCaAa
CqYaAa
VwMaAa
RdSbAa
UpAbAa
DlGbAa
XjMaAa
EeVbAa
GrNaAa
UwEbAa
HyAaAa
NrBaAa
VjAaAa
WgVbAa
QdNaAa
HuOaAa
NsHaAa
EcOaAa
BoRaAa
BvUbAa
XkPbAa
DjUaAa
ObAbAa
EcTaAa
JuUbAa
WaAaAa
CmRaAa
MtKaAa
CwAaAa
ZrEaAa
GbTbAa
LtDaAa
SqObAa
CwAaAa
XdAaAa
KvPbAa
UnUaAa
SlZaAa
NdWaAa
NdEbAa
ViYaAa
VqXbAa
KoBbAa
CmVbAa
XqOaAa
YbTbAa
DtLbAa
OiQbAa
FdKaAa
StBaAa
HiIbAa
YgAbAa
NeQbAa
CjBaAa
PeAaAa
ZaBbAa
JfAaAa
NoUbAa
PhBaAa
YbSaAa
UhGbAa
DoXbAa
YsBaAa
RqRaAa
NkCaAa
CvBaAa
BfPaAa
EiMbAa
SaGaAa
OlCbAa
OqNaAa
MkBaAa
HmJaAa
PzEaAa
XeTaAa
AsPaAa
MkAaAa
HzGaAa
FeTaAa
NsIaAa
NkCaAa
EqCaAa
QtJaAa
MfGaAa
PkRbAa
MnObAa
SkFaAa
WaAaAa
FiEbAa
GbSaAa
MkAaAa
BpHaAa
EgVbAa
CaAaAa
GiAaAa
ToHbAa
JxNaAa
LwCaAa
HvNaAa
XxFbAa
MkAaAa
AlNaAa
TjAaAa
WsCbAa
ItAaAa
VsKaAa
EySaAa
HcNaAa
QlBbAa
EoXbAa
VgEbAa
GiAaAa
FsCaAa
IgIbAa
AtFaAa
KqBbAa
DjTbAa
BjAaAa
TyNaAa
LnMbAa
KrSaAa
UnNaAa
LcUaAa
WaAaAa
GmPbAa
KsZaAa
TpHaAa
UwEbAa
NqKbAa
PeAaAa
SmCaAa
YsCaAa
BkSaAa
BaAaAa
MkAaAa
QrFaAa
MzQbAa
YkZaAa
CtTaAa
LpMbAa
DdXbAa
IbHaAa
SaQaAa
UrAbAa
ItEaAa
BnVaAa
QjSbAa
TzAaAa
WxCaAa
RwPaAa
FnDaAa
TkXaAa
WlBaAa
CrAaAa
AlNaAa
YlBaAa
KoBbAa
UeGaAa
CoCaAa
RwPaAa
KdRaAa
FyVaAa
RmCaAa
TcDbAa
WgBaAa
DwAaAa
IuZaAa
BmSaAa
KhQaAa
VhTbAa
IiBaAa
KdRbAa
VzAaAa
DwAaAa
IcNaAa
QcSaAa
XgZaAa
IkEaAa
DiXaAa
UpFbAa
GmPbAa
AuPaAa
VkOaAa
NxMaAa
XoAaAa
VrGaAa
PkMaAa
ImBbAa
JrPaAa
OaGbAa
OcMaAa
JbGaAa
LxEaAa
FiOaAa
RfNbAa
BvBaAa
PeAaAa
ZgCaAa
LdCaAa
CcDaAa
PjWbAa
GiBbAa
DaWaAa
LbCaAa
OeQbAa
WjPaAa
BxJaAa
TiKaAa
TvFaAa
UoCaAa
YpPaAa
YrRaAa
AlLaAa
UjAaAa
BdPaAa
FgAaAa
EdGbAa
RoMaAa
WpNaAa
MtYaAa
RoJbAa
TdPbAa
FbEaAa
PqEaAa
LfBaAa
FuDaAa
GxBaAa
GfKbAa
CrGaAa
MaNbAa
ZmZaAa
HrEaAa
KdEaAa
PuNaAa
IiNbAa
GjRbAa
KnObAa
NoDbAa
KfAaAa
PfCbAa
VgJaAa
ZvPaAa
AhCaAa
KfAaAa
DoSbAa
XvYbAa
GoNbAa
GkBbAa
KdRaAa
DcDaAa
XvHaAa
CxUbAa
BsXaAa
XxCaAa
JdEaAa
XoAaAa
IqTaAa
PwHaAa
VzDaAa
NvCbAa
KpYaAa
XwKaAa
JiAaAa
YkSbAa
MrWaAa
BsXaAa
BzAaAa
BkSaAa
LfBaAa
YqJaAa
PjBbAa
WdGbAa
RbPaAa
KnSaAa
MzKbAa
JcAaAa
XwKaAa
QcEaAa
EgVbAa
QtJaAa
PmBaAa
UpHaAa
KmEaAa
DpUaAa
ZrPaAa
MtKaAa
GiCbAa
OhAaAa
LsFbAa
FxBaAa
IgSbAa
FoIbAa
SiJbAa
DgMbAa
DsSaAa
EyYaAa
WzYbAa
WgBaAa
NlOaAa
VuCbAa
RjYbAa
HxHaAa
KfAaAa
KnCaAa
WzYbAa
OlCbAa
GcAbAa
OpOaAa
JdBaAa
HsOaAa
SkFaAa
CxFaAa
IcAaAa
MmEaAa
PeKaAa
OpFaAa
TvTaAa
MkAaAa
UtBbAa
TdPaAa
FvYbAa
FpKbAa
UoCaAa
OzEaAa
NnAaAa
PhEaAa
DqYbAa
AhNaAa
CqMbAa
LdRaAa
RgJbAa
PxKaAa
JpQaAa
EuDaAa
LfAaAa
TfPaAa
LkDaAa
IiBaAa
HiEaAa
KcAaAa
DcDaAa
LfAaAa
QjEaAa
PmKbAa
OhHbAa
KdQaAa
AfWbAa
KnCaAa
CjCaAa
PxAaAa
LfAaAa
LiDaAa
ZgCaAa
RvJaAa
NhEbAa
CrAaAa
TcDbAa
IiNbAa
RyPaAa
GjQbAa
UeGaAa
UmAaAa
KqGbAa
UhGbAa
XxXbAa
HeCbAa
IiBaAa
HnBaAa
WlDaAa
RsEaAa
SwNaAa
DsSaAa
NlXbAa
MkAaAa
OlCbAa
EoKaAa
ZgIaAa
BaAaAa
RyPaAa
YhMaAa
MlKaAa
RdSbAa
EbBaAa
UvBaAa
BvBaAa
SlNaAa
ByNaAa
DlDaAa
BfPaAa
JnYaAa
TjLaAa
JdEaAa
SlNaAa
XgBaAa
RlGaAa
NdDaAa
KhQaAa
JfAaAa
NlWaAa
XgEaAa
GiCbAa
MjZbAa
CxVbAa
BcGaAa
PkMaAa
PgMaAa
WaAaAa
QyBaAa
UjVaAa
DjUaAa
CdAaAa
TaJaAa
OjXbAa
UrLaAa
FiEbAa
VwAaAa
EvHbAa
HcNaAa
FzFbAa
BzJaAa
DhPaAa
LdCaAa
ElBaAa
FeIaAa
CsMaAa
PkMaAa
ImBbAa
UiObAa
EnUbAa
PyGaAa
SkFaAa
AhNaAa
XxXbAa
UrGaAa
PqEaAa
KfAaAa
YiTaAa
VrAaAa
MuGaAa
JnYaAa
IlLbAa
KdQaAa
BnVaAa
CnNaAa
CcCaAa
NhAaAa
HfKaAa
OqRbAa
NeQbAa
TeBaAa
LvEbAa
KdGaAa
JnYaAa
CxFaAa
LqHaAa
EhPaAa
RwPaAa
BkYaAa
ByNaAa
FbBaAa
RtBaAa
FoIbAa
IcAaAa
QcSaAa
RrZaAa
MzKbAa
FsBaAa
GyGbAa
EnUbAa
ImGaAa
CeRaAa
GkMbAa
JzBaAa
AhDaAa
UhVaAa
TbUaAa
IdSaAa
LdCaAa
UuEbAa
DdAaAa
UoCaAa
RuObAa
RtCaAa
UwEbAa
MoUaAa
KmLaAa
KhQaAa
JbGaAa
SfPbAa
TrIaAa
JzQaAa
BpLaAa
ZaBbAa
RjEaAa
FnDaAa
SmCaAa
MwBaAa
CsPbAa
KjDbAa
JuUbAa
KrSaAa
VtBbAa
VdAaAa
UiLbAa
HyAaAa
FgAaAa
KcFaAa
MsIaAa
QxOaAa
MsAbAa
KoIaAa
FoAaAa
ZrQaAa
ZlAaAa
ZlAaAa
MuFbAa
AmAaAa
WxFaAa
HsOaAa
SsWbAa
GfFaAa
OxAaAa
RwPaAa
YbBaAa
HrQaAa
EpEaAa
MsIaAa
WgBaAa
ZgCaAa
AiJbAa
UcJaAa
VaAaAa
XiWbAa
YsCaAa
EeCaAa
EpQbAa
QfTaAa
XeTaAa
CjBaAa
VcIaAa
SiFaAa
UzObAa
YaFaAa
OiQbAa
JzQaAa
KfAaAa
EsWaAa
AoBaAa
LqHaAa
IhKbAa
TmAaAa
CqMbAa
PeAaAa
CaAaAa
CxFaAa
UrHaAa
GiCbAa
NhJaAa
FnDaAa
KdRaAa
PmKbAa
NoRbAa
TpHaAa
TiQaAa
PrNbAa
QcEaAa
PjZaAa
IbVaAa
KmEaAa
YbTbAa
NoDbAa
OhAaAa
PhEaAa
FdKaAa
StCaAa
BnLaAa
TwEaAa
QtTbAa
EbNbAa
MoNaAa
UeGaAa
LzEbAa
MnWaAa
FeBbAa
SkFaAa
YrNaAa
TkXaAa
JmLaAa
UpAbAa
BmSaAa
KrSaAa
BnTbAa
QwJbAa
MwBaAa
FtHaAa
EgGaAa
VfYbAa
KsBbAa
GaNaAa
LaKaAa
MlKaAa
IwDaAa
XeCaAa
SoBaAa
KcFaAa
PlJaAa
AjAaAa
KiCaAa
HlLbAa
YbSaAa
IyAaAa
CvCaAa
SiJbAa
StFaAa
EsCbAa
ZxUaAa
JnYaAa
PuNaAa
NuFbAa
JfAaAa
RfNaAa
PfIaAa
FxBaAa
PmQbAa
WrUaAa
HlLbAa
ZgCaAa
ZyGbAa
MrYaAa
CiDbAa
MzKbAa
KoLaAa
HqFaAa
KfAaAa
DgJaAa
MbWaAa
BaAaAa
NfWaAa
XdVaAa
PxKaAa
HzGaAa
XjMaAa
LnMbAa
VdFaAa
JfSaAa
KvAaAa
PkMaAa
ZrPaAa
ZlDbAa
UdXbAa
XoJaAa
QeUbAa
XxCaAa
VgMbAa
EeObAa
IcAaAa
DaWaAa
BuAaAa
EbBaAa
CnNaAa
LtDaAa
FsBaAa
MlKaAa
FtHaAa
RtBaAa
PrNbAa
CaRaAa
KmEaAa
FzFbAa
VhPaAa
EnRbAa
HgIaAa
RyPaAa
SlVaAa
CzAaAa
OtNbAa
ZnBaAa
EtRbAa
UzObAa
FxFbAa
JkYbAa
SpZaAa
TjAaAa
SlYbAa
IiNbAa
LpBaAa
YkGaAa
YiIbAa
OdVbAa
KqBbAa
KaIbAa
HgCaAa
ZfKaAa
NvKaAa
CcDaAa
JkYbAa
CsPbAa
MsAbAa
OpFaAa
HkSbAa
BaAaAa
GkXbAa
XbEaAa
XlPaAa
YnDaAa
HqTaAa
MsHaAa
DaAaAa
MvMaAa
GsCaAa
FsBaAa
XqOaAa
JfAaAa
ZsOaAa
SaCaAa
MdObAa
FfQbAa
PjSbAa
EsCbAa
KnCaAa
AuWbAa
QrJaAa
XjMaAa
DeHaAa
BgSaAa
DbKaAa
GiAaAa
BcRaAa
GcAbAa
OzMaAa
BjIaAa
QmLbAa
CuSaAa
KqIaAa
PpJaAa
EjGbAa
EaRbAa
KbDaAa
HtAaAa
OtNbAa
TzJaAa
DrAaAa
ZvNaAa
SmCaAa
VcIaAa
EpEaAa
ByNaAa
RzLbAa
GbYbAa
AlLaAa
HhFaAa
EnUbAa
BqJbAa
EcLbAa
MwBaAa
LsDbAa
PbAaAa
IcAaAa
VaObAa
IgIbAa
XgEaAa
HyAaAa
WwAaAa
KmEaAa
XgZaAa
EuDaAa
KpYaAa
VyEaAa
FdQbAa
KrSaAa
TaJaAa
SlIaAa
WeEbAa
JjSaAa
ErUaAa
ToBaAa
PhBaAa
ZlAaAa
XaAaAa
EuDaAa
XyMaAa
WoOaAa
UiKaAa
GbSaAa
DsEbAa
EcTaAa
MuGaAa
EdGbAa
VhPaAa
FiEbAa
HaAbAa
WgEaAa
UnUaAa
SlEaAa
GzCaAa
DjTbAa
QrFaAa
DlDaAa
KsBbAa
JrObAa
KbDbAa
TkQaAa
XbBaAa
VzDaAa
FsBaAa
DcWaAa
TaJaAa
TdUaAa
ShCaAa
FsBaAa
FvGaAa
AiFbAa
GbSaAa
TcDbAa
XmCbAa
MjVbAa
NrBaAa
VfGbAa
NtWaAa
AtFaAa
FgGaAa
DsIbAa
KfAaAa
YnDaAa
FsCaAa
KoIaAa
MtDaAa
LqHaAa
NaYbAa
WwGbAa
ZaPaAa
VrLbAa
GiCbAa
BbSbAa
NwBaAa
OfHbAa
IiAaAa
VqBaAa
CwEaAa
RaDaAa
StFaAa
XdAaAa
RfNaAa
GgAaAa
CfZbAa
GmWbAa
EdYbAa
BjLaAa
WoEbAa
QlZaAa
BpLaAa
NkBaAa
ZsOaAa
XeCaAa
MxIbAa
AfWbAa
DcIaAa
CaXaAa
MoUaAa
FaTaAa
QeUbAa
DgAaAa
ItAaAa
YvRaAa
FiJaAa
MiGbAa
VaAaAa
TzAaAa
MkAaAa
IgIbAa
JuKbAa
CcYaAa
AhNaAa
KoBbAa
JrObAa
LsFbAa
JpMaAa
GkGaAa
AfWbAa
IwZaAa
CwSaAa
VkHbAa
DdFaAa
SqSaAa
OjHaAa
FvHbAa
LsDbAa
DaWaAa
DdFaAa
JyJaAa
WeZaAa
HtAaAa
VcIaAa
AtOaAa
EvGaAa
FcTaAa
XbEaAa
HyAaAa
VgEbAa
VsIbAa
ZgCaAa
PcKbAa
PkKbAa
TaUbAa
DcWaAa
LdDbAa
AuObAa
AvJaAa
BaAaAa
XxCaAa
HzRaAa
OhCbAa
JhKaAa
GiBbAa
NuHbAa
ZgCaAa
MtYaAa
YcAbAa
RjYbAa
LiUaAa
XgZaAa
YvIaAa
XlUbAa
FtIaAa
IiNaAa
OhAaAa
PjWbAa
IdSaAa
XgBaAa
EpEaAa
VdAaAa
QeAaAa
DsEbAa
MvMaAa
LcFaAa
DbKaAa
GcAbAa
PbEbAa
GoNbAa
BpHaAa
XeBbAa
IcAaAa
VzDaAa
UcCaAa
WgEaAa
XiMbAa
UjBaAa
RdSbAa
CeYaAa
HqFaAa
FgAaAa
DjTbAa
EgVbAa
DdAaAa
IeWbAa
TgYaAa
CeGaAa
AhCaAa
OqRbAa
UmFaAa
AmAaAa
ShPbAa
InMaAa
CxFaAa
NwFbAa
PmBaAa
EuDaAa
WlDaAa
HiCbAa
NwBaAa
KmNaAa
PoKbAa
ShCaAa
KoBbAa
QnTaAa
WpRbAa
TzJaAa
MkAaAa
RvJaAa
AhCaAa
QeUbAa
HlCaAa
XzLaAa
NaEaAa
IwZaAa
RoJbAa
WdYbAa
RyPaAa
JkIaAa
YaFaAa
ZxIaAa
MhLbAa
BkYaAa
IrPaAa
SoYaAa
EuDaAa
VdAaAa
VjCaAa
EgAaAa
QeAaAa
SpZaAa
KmEaAa
JqAaAa
ZsOaAa
EgGaAa
VdFaAa
QbLaAa
KaUaAa
WoYbAa
CkRaAa
VhTbAa
MkAaAa
EuDaAa
GjQbAa
QmLbAa
KhQaAa
DaWaAa
EuDaAa
KqBbAa
QsQaAa
WiHaAa
OhHbAa
YoNbAa
EnUbAa
TzAaAa
MsIaAa
HcNaAa
FsCaAa
SxDaAa
McFaAa
YeIbAa
NoDbAa
UaXaAa
QrFaAa
YbEaAa
DoSbAa
OkCaAa
UaJaAa
QcSaAa
LdCaAa
LlRaAa
GnDaAa
StFaAa
LsLaAa
NyLaAa
GjQbAa
GmPbAa
VzDaAa
XqOaAa
KiDaAa
BaAaAa
HxHaAa
SsObAa
PyRaAa
NxMaAa
IcAaAa
PfTaAa
ZlAaAa
AuEaAa
XeAbAa
QeUbAa
VeXaAa
EiMbAa
AlNbAa
WqEbAa
BnTbAa
NlOaAa
AgKaAa
XwAaAa
RbFaAa
DmWaAa
GlAaAa
JtEaAa
TrIaAa
MfRaAa
VwMaAa
AzAaAa
MuVbAa
MsAbAa
KmEaAa
BsDaAa
QfIbAa
FzFbAa
ZgCaAa
EuDaAa
CzDaAa
XgBaAa
SlVaAa
DgAaAa
EaLbAa
NyLaAa
GkHaAa
OsAaAa
BzAaAa
UmFaAa
VyEaAa
YeIbAa
BaJaAa
QaVaAa
RvJaAa
DgAaAa
EjGbAa
CdAaAa
RfNaAa
AuAaAa
HfKaAa
MsAbAa
VgRaAa
LtXbAa
EqWaAa
JoVaAa
YuDaAa
RzLbAa
WgBaAa
IcAaAa
NoDbAa
EmKaAa
CdAaAa
TcQaAa
DqBaAa
FgOaAa
ScQaAa
MdOaAa
MxSaAa
YfFaAa
LcAaAa
ZhFaAa
FeBbAa
XmCbAa
EpEaAa
QfIbAa
TiKaAa
FxBaAa
PmBaAa
LtXbAa
OjHaAa
MsLbAa
FtHaAa
SoBaAa
JdEaAa
IgDaAa
LsDbAa
DlUaAa
NkCaAa
KfAaAa
KfAaAa
PeAaAa
FeTaAa
OdTaAa
FwYaAa
MzEbAa
NoUbAa
LtXbAa
KdQaAa
AjNbAa
SoSaAa
SaDaAa
CzJaAa
HvNaAa
AhDaAa
MrWaAa
ApZaAa
PwUaAa
ZaBbAa
LdHaAa
PsAaAa
UoCaAa
GiCbAa
WpUaAa
VpUaAa
XeDaAa
JfAaAa
CrGaAa
OhHbAa
IoZaAa
BaRaAa
SzUbAa
QpAaAa
CpIaAa
WyMaAa
NzNbAa
YsCaAa
NoRbAa
JiBaAa
QcBaAa
RwNaAa
UrAbAa
KpYaAa
PvDaAa
EfGbAa
JfAaAa
NcKaAa
QcBaAa
ZiTaAa
LfAaAa
KyDaAa
ZsCaAa
OgQbAa
JrObAa
PyRaAa
DjUaAa
XgBaAa
KfAaAa
WlBaAa
KnSaAa
LaCbAa
WsWaAa
AuAaAa
BsYbAa
FnUbAa
EpNaAa
OxAaAa
YeIbAa
GmPbAa
VaAaAa
AlEaAa
EvBbAa
MzQbAa
JrObAa
QlTaAa
EpEaAa
TjAaAa
DnGbAa
LdCaAa
PhTaAa
CbUaAa
NaEaAa
CrGaAa
JrXaAa
EeVbAa
KqBbAa
ZsOaAa
GgCbAa
GyGbAa
KfAaAa
ExCaAa
BxDbAa
PjMbAa
MkAaAa
ErUaAa
ZfKaAa
BmAaAa
NzYaAa
AaQaAa
RaGaAa
QlHaAa
UcYaAa
VgEbAa
BpHaAa
HkTaAa
NmRbAa
XeDaAa
TqMaAa
YkGaAa
IoZaAa
MnFaAa
NoDbAa
PbAaAa
XbEaAa
CvBaAa
AfSbAa
CaAaAa
PeKaAa
BiKaAa
JoHaAa
FfFaAa
SnIaAa
IkTaAa
MaNbAa
KjFaAa
PrNbAa
RaGaAa
ErUaAa
WrUaAa
XjMaAa
VnTbAa
WxFaAa
WxFaAa
DgJaAa
UeGaAa
WgBaAa
JrObAa
FbYbAa
OqRbAa
KtXaAa
CoCaAa
JyJaAa
PjZaAa
TsSbAa
TsYbAa
NvKaAa
BcGaAa
NhMbAa
EyQbAa
CmXaAa
UoCaAa
XlBaAa
JrObAa
ZsJaAa
AlLaAa
XgZaAa
WzWbAa
IiBaAa
UcJaAa
CwXaAa
OxAaAa
NlEbAa
BpZaAa
QeKaAa
GkBbAa
PhBaAa
GyGbAa
VdAaAa
DsSaAa
JfAaAa
IxQaAa
LtMaAa
OaZbAa
UaJbAa
DgJaAa
FiEbAa
OxMaAa
LdGaAa
KyTaAa
EsYaAa
FwCbAa
UrDbAa
XbEaAa
ScHaAa
AaGaAa
VmWaAa
QcSaAa
ZeNaAa
GrNaAa
KvPbAa
OxAaAa
EyKbAa
UvBaAa
CkRaAa
JmTaAa
TwEaAa
SuEaAa
CxFaAa
KfAaAa
ExCaAa
MrYaAa
WsCbAa
AhCaAa
ZzCaAa
TfPaAa
EdGbAa
UjAaAa
EcTaAa
WaAaAa
DzDaAa
BxJaAa
SpZaAa
JfAaAa
RiFaAa
PhTaAa
HxWbAa
ZgCaAa
ZnBaAa
ZzCaAa
MnFaAa
ImTaAa
QlTaAa
CuSaAa
SpVaAa
XmCbAa
JhKaAa
PmPaAa
XpEaAa
UhGbAa
LbDbAa
MfBaAa
UzBbAa
HwKaAa
FtIaAa
DaOaAa
LyBbAa
OeMaAa
XoJaAa
JcAaAa
IcAaAa
MkBaAa
MkBaAa
ReSaAa
EjCaAa
AhDaAa
OsUaAa
PkMaAa
PeAaAa
DiLbAa
GmWbAa
JzQaAa
QcEaAa
ElBaAa
UiAbAa
AuAaAa
DlGbAa
EwIbAa
ZgCaAa
FpEaAa
CwAaAa
UoCaAa
PkKbAa
BpHaAa
XiGaAa
AcHaAa
WwGbAa
DuSaAa
HxIaAa
VkOaAa
YaFaAa
VzAaAa
JpJbAa
UsKaAa
QhIbAa
YoNbAa
XtIaAa
QcEaAa
RmCaAa
GfFaAa
LtDaAa
JrDaAa
QlBbAa
PrOaAa
GjUbAa
IxQaAa
LdCaAa
FiZbAa
AnBbAa
NpPbAa
OiQbAa
HdKbAa
SoYaAa
GkCbAa
OaTbAa
VyEaAa
KcFaAa
CjCaAa
ZgCaAa
DjTbAa
TzAaAa
QcEaAa
DlDaAa
QmMaAa
ItAaAa
LkDaAa
YuDaAa
WlUbAa
TzAaAa
HtHaAa
GiAaAa
OwGaAa
FtIaAa
KnCaAa
MsIaAa
MkAaAa
IeWbAa
FuDaAa
MjZbAa
VdAaAa
MbLbAa
VaAaAa
CwXaAa
WdAaAa
KoHaAa
UpAbAa
LiUaAa
JzQaAa
NhAaAa
IdSaAa
FiEbAa
QwQaAa
BaAaAa
CeXaAa
UeGaAa
OtNbAa
QrNbAa
YkGaAa
WoOaAa
KjDbAa
AzAaAa
FjGbAa
RmCaAa
XaAaAa
WjPaAa
UvLaAa
QcSaAa
YyOaAa
VyKbAa
FeBbAa
AvTaAa
ToXaAa
RnHaAa
SiJbAa
RjYbAa
NhEbAa
GiJaAa
UzObAa
LsDbAa
EsEbAa
FfFaAa
IcAaAa
EyYaAa
BhLaAa
RtBaAa
YnDaAa
NxQbAa
WdYbAa
FxBaAa
DsSaAa
NdWaAa
ZmZaAa
KnObAa
BlLaAa
RpAaAa
VeHaAa
KdRaAa
CqYaAa
NoDbAa
YuVaAa
EnUbAa
PiRbAa
VwAaAa
RrZaAa
GlAaAa
DbKaAa
WoOaAa
XlDaAa
LtXbAa
AjIaAa
UjVaAa
WaAaAa
OxAaAa
IoZaAa
PeAaAa
PsAaAa
DgJaAa
VqXbAa
XqOaAa
SuMbAa
RhIaAa
XiWbAa
CwXaAa
VaAaAa
EgEaAa
HvJbAa
VdAaAa
EjDaAa
QzOaAa
TzAaAa
LtMaAa
WwEbAa
MdGaAa
EuDaAa
PwIaAa
ZwLbAa
CvBaAa
JrXaAa
MlFaAa
VwAaAa
BkFaAa
TvFaAa
HvNaAa
MkAaAa
CjBaAa
NfOaAa
LaKaAa
BmVbAa
MtPbAa
JfAaAa
FuDaAa
AjNbAa
QsQaAa
VuCbAa
PfIaAa
EgEaAa
HoIbAa
MfEaAa
ZsOaAa
NvKaAa
FfQbAa
NdWaAa
NoUbAa
NtWaAa
NvCbAa
QcMaAa
FfMaAa
ZrEaAa
NoRbAa
MoEaAa
EbNbAa
GzCaAa
MiGbAa
YnDaAa
CdAaAa
GiCbAa
BjBaAa
WpNaAa
CaAaAa
LmEaAa
PbAaAa
CzDaAa
AuAaAa
RwNaAa
ErLbAa
DgJaAa
SiJbAa
MbTaAa
OzEaAa
CsMaAa
VqXbAa
NfOaAa
KoGaAa
CaYaAa
DqBaAa
ItEaAa
VqXbAa
PeAaAa
MxIbAa
YkBbAa
LpXaAa
NqKbAa
QsQaAa
PyGaAa
DjCaAa
WqEbAa
LiDaAa
MfRaAa
KxNaAa
WrAaAa
GbSaAa
RtZaAa
LjKaAa
MdVbAa
LuLaAa
ExFaAa
ZzFaAa
TrIaAa
LpBaAa
NaXbAa
RoDaAa
ZgCaAa
TbUaAa
PbNaAa
ZlCaAa
SfWbAa
ZuOaAa
EeZaAa
AoBaAa
XaAaAa
EuDaAa
DzDaAa
HgCaAa
TaCaAa
FgBbAa
CpIaAa
YnDaAa
BcGaAa
LdCaAa
FiJaAa
PqEaAa
RhIaAa
HxIaAa
ScQaAa
FiJaAa
OaTbAa
KuCaAa
MuFbAa
YkBbAa
OaZbAa
PrOaAa
PhBaAa
UmFaAa
CqYaAa
QoPaAa
DgAaAa
RwPaAa
UhGbAa
RvJaAa
MbLbAa
GxBaAa
JiBaAa
ObAbAa
XvYbAa
LdDbAa
DgAaAa
LgPaAa
MtKaAa
EgVbAa
NpPbAa
KmEaAa
QfIaAa
CeGaAa
WgGaAa
EgEaAa
OxAaAa
FgEaAa
AjIaAa
IcAaAa
CjBaAa
HaHbAa
GjUbAa
HyAaAa
AoBaAa
JmTbAa
PhBaAa
WmIbAa
DgAaAa
HuOaAa
IcAaAa
WrAaAa
ToBaAa
OtNbAa
XlPaAa
FvHaAa
FzLaAa
LcFaAa
UcJaAa
RoDaAa
EmKaAa
UeMbAa
UrAbAa
MfEaAa
EbBaAa
EuDaAa
CoMbAa
UlUaAa
LiUaAa
WsCbAa
ZgCaAa
KoIaAa
FuDaAa
YpPaAa
HxHaAa
IwZaAa
IlLbAa
QlGaAa
JfAaAa
GdMaAa
QaVaAa
SnIaAa
TsDaAa
DbKaAa
VqXbAa
JoVaAa
IwZaAa
GiCbAa
JyJaAa
TeQaAa
JwJaAa
TpIaAa
ExLaAa
WgOaAa
BqDaAa
VuCbAa
NhAaAa
EtRbAa
YeCaAa
NqUbAa
FbBaAa
GkJaAa
BkDbAa
AlEaAa
MsHaAa
ZwLbAa
LyBbAa
TcHaAa
EoFaAa
VhPaAa
KlObAa
FgAaAa
WaAaAa
AfPbAa
CxFaAa
MfGaAa
TbFaAa
UwEbAa
VqBaAa
HnBaAa
RjYbAa
LdDbAa
KmEaAa
QnTaAa
UqYaAa
OfAbAa
SfLaAa
QjSbAa
PeAaAa
EoFaAa
ZgCaAa
VwAaAa
JdEaAa
OsAaAa
EbNbAa
HlCaAa
DsKaAa
OaZbAa
FjGbAa
UnNaAa
RiSaAa
LmEaAa
MwBaAa
LlFaAa
UpLaAa
EqCaAa
FuDaAa
XvYbAa
EgVbAa
QySbAa
EgEaAa
AhNaAa
OjHaAa
DkKaAa
EmKaAa
VuKaAa
CzDaAa
JuKbAa
KnCaAa
VdAaAa
CeEaAa
FvHaAa
RmCaAa
QdWbAa
ZrPaAa
YnDaAa
EoKaAa
FoOaAa
PrOaAa
AlNaAa
RnHaAa
ExCaAa
LkVaAa
FzFbAa
HkTaAa
KcPbAa
QpAaAa
NzYaAa
BpLaAa
RbPaAa
QlZaAa
JwJaAa
SnIaAa
JfAaAa
CqMbAa
LyVbAa
WeZaAa
JkIaAa
LxXaAa
CcYaAa
UwSaAa
WzYbAa
NkAaAa
TaJaAa
PeAaAa
TmAaAa
PzMaAa
JrXaAa
GzCaAa
FoAaAa
YkHaAa
TgYaAa
PbAaAa
FvHbAa
AjNbAa
PyRaAa
XjMaAa
EySaAa
HxUaAa
HgCaAa
AqDaAa
QcSaAa
RbFaAa
PkMaAa
NhAaAa
XvHaAa
UzObAa
UjVaAa
YpEaAa
EjUaAa
BmVbAa
GiAaAa
SxAbAa
CsMaAa
SnIaAa
BhLaAa
NrBaAa
NgVaAa
KvSbAa
NmFbAa
IcAaAa
XeDaAa
KaIbAa
BjBaAa
XeIaAa
HqTaAa
EzMbAa
DiYaAa
NeFaAa
KvEaAa
EgVbAa
JdEaAa
AyQaAa
YoAaAa
PfCaAa
VbKaAa
MiGbAa
YsCaAa
JuUbAa
WrAaAa
MsHaAa
KbUbAa
DcIaAa
QaVaAa
QjWbAa
UnUaAa
BpGaAa
VnGbAa
FvYbAa
CsPbAa
WoEbAa
WuIbAa
QcEaAa
BnTbAa
BnLaAa
OxAaAa
TpGbAa
LqGaAa
MdVbAa
TcDbAa
VsIbAa
UcJaAa
IxQaAa
YrNaAa
YsBaAa
XiEbAa
VvBbAa
SlYbAa
PrNbAa
UwEbAa
CeRaAa
JcAaAa
YnPaAa
QgKbAa
UjAaAa
RwNaAa
ZeTaAa
TrQbAa
BaAaAa
EcWaAa
MdJaAa
CsMaAa
CaXaAa
QsNaAa
GbSaAa
DcDaAa
EpEaAa
ZgCaAa
AxLbAa
VaObAa
OhBbAa
CwAaAa
BfPbAa
EgVbAa
GfFaAa
VhTbAa
WlDaAa
RgJbAa
AbHbAa
YaFaAa
NsGaAa
QdHbAa
KqGaAa
TrQbAa
AnZaAa
TrIaAa
AtTaAa
VwMaAa
UoCaAa
GsCaAa
PhBaAa
LdHaAa
JaSbAa
LrKaAa
YkHaAa
FvYbAa
FfFaAa
VoCaAa
PkMaAa
BmVbAa
DnGbAa
PfDaAa
FcTaAa
WwNbAa
YsCaAa
FsBaAa
FuYaAa
VyEaAa
KuKbAa
KoVaAa
VhTbAa
EpNaAa
AhDaAa
QwJbAa
RlZaAa
ZrPaAa
HlLbAa
PbAaAa
KfAaAa
LbIaAa
BoVbAa
DjUaAa
FjMaAa
VaAaAa
ZrPaAa
OaGbAa
WcIaAa
ObAbAa
JmLaAa
XmCbAa
MkAaAa
RfNbAa
NhEbAa
DaAaAa
EuDaAa
RfNaAa
RtBaAa
JfAaAa
DxRbAa
XoJaAa
IsOaAa
KdEaAa
QrNbAa
GeDaAa
KtXaAa
AiJbAa
UwSaAa
ZuJaAa
JdFbAa
ToBaAa
AmJbAa
TzAaAa
NsGaAa
EsYaAa
ChUaAa
EnUbAa
QaVaAa
SoVbAa
CrGaAa
NhAaAa
UjBaAa
ZuJaAa
LcUaAa
DgAaAa
LiUaAa
MdObAa
LxXaAa
DjTbAa
SnBbAa
MuBbAa
VwAaAa
LxXaAa
TmObAa
DzObAa
VnGbAa
HzCaAa
RfNbAa
RcEaAa
GzCaAa
SiFaAa
AmAaAa
XjMaAa
DaAaAa
MdObAa
XeDaAa
ZbEaAa
YhRbAa
UzObAa
RcFbAa
FgVbAa
MwBaAa
FiGaAa
MdJaAa
VdAaAa
MfGaAa
YxCaAa
YsCaAa
JgLaAa
AjAaAa
VlDaAa
QpNbAa
YaEbAa
FfFaAa
XdAaAa
DgAaAa
KyTaAa
ToBaAa
VaObAa
AvTaAa
GyGbAa
LsFbAa
PeKaAa
EgGaAa
UsPbAa
UrIaAa
RvJaAa
OzMaAa
QrFaAa
MlWaAa
DzDaAa
JgLaAa
DjUaAa
CeGaAa
EnUbAa
BnTbAa
NqKbAa
KsBbAa
GzCaAa
UmAaAa
UrIaAa
XeTaAa
SvTaAa
PfDaAa
PhBaAa
MdOaAa
CdAaAa
BjBaAa
HiAaAa
YbTbAa
MdVbAa
ShIaAa
MhWaAa
JpSaAa
UoCaAa
CoMbAa
KaIbAa
OkAaAa
NqKbAa
DsSaAa
CeRaAa
WoFaAa
TvFaAa
SxUbAa
McFaAa
MyHbAa
QyBaAa
DgAaAa
UtBbAa
DnGbAa
RiSaAa
EoFaAa
JrXaAa
HuTbAa
UwEbAa
GfKbAa
NhAaAa
KfAaAa
VgEbAa
RdSbAa
MwBaAa
LyVbAa
JfAaAa
PeAaAa
MoEaAa
QmLbAa
LrKaAa
CaDbAa
EtRbAa
BvBaAa
ZlAaAa
NkCaAa
DqSbAa
ZgCaAa
YkHaAa
GzCaAa
KiDaAa
RhIaAa
IeNaAa
AlLaAa
LcUaAa
OaTbAa
IwDaAa
NdOaAa
ShCaAa
FtHaAa
UjAaAa
WlDaAa
QdIbAa
UzObAa
DhTbAa
VwIbAa
LdHaAa
SoBaAa
UlUaAa
PfCaAa
VpFbAa
YeBbAa
VpQbAa
NsHaAa
GvIaAa
NbObAa
CjCaAa
PhBaAa
MrWaAa
GwKbAa
FuDaAa
UaIaAa
XoJaAa
HiAaAa
QyBaAa
WyNbAa
VoCaAa
HgCaAa
XaAaAa
ApZaAa
EnRbAa
TpLaAa
IbHaAa
QsAaAa
VhPaAa
NvYaAa
YaFaAa
GfKbAa
ReAaAa
YtNaAa
IcAaAa
IcAaAa
EeDaAa
MwBaAa
JdEaAa
YiSbAa
YsBaAa
HqFaAa
OaTbAa
GxBaAa
UtBbAa
QpAaAa
WgOaAa
ZnBaAa
GbTbAa
ZxBaAa
CdPaAa
TjVaAa
SvJaAa
IiNbAa
ZuOaAa
TfNaAa
TzAaAa
QwQaAa
YaFaAa
ZsBaAa
OsUaAa
ReSaAa
VeHaAa
YkGaAa
PwIaAa
IiNaAa
CoCaAa
QyBaAa
VhPaAa
EnUbAa
TpLaAa
MvEbAa
GkJaAa
ZxBaAa
IdSaAa
WdAaAa
JnYaAa
LyHbAa
BcQaAa
QcEaAa
VlDaAa
XmCbAa
ZlAaAa
WzYbAa
PaGbAa
KtPaAa
XkPbAa
MnFaAa
BuAaAa
LfAaAa
VqXbAa
GtUaAa
NeQbAa
FvHaAa
NrBaAa
QcEaAa
MhWaAa
KvPbAa
BjAaAa
EgBaAa
JcAaAa
DhTbAa
CrAaAa
NuHbAa
MnWaAa
WxCaAa
RpVaAa
NwFbAa
WiMbAa
LpXaAa
EvFbAa
RcEaAa
CcDaAa
EyQbAa
EuDaAa
YeIaAa
CaYaAa
HlCaAa
DcWaAa
QcSaAa
IiNaAa
WmIbAa
JzIaAa
ZwLbAa
ZwOaAa
BdPaAa
OpKaAa
NkAaAa
RoQaAa
LbIaAa
AwWbAa
EnRbAa
GgCbAa
KrYbAa
AyQaAa
YkZaAa
AtFaAa
NkAaAa
PhBaAa
YiGaAa
KcFaAa
JuKbAa
UnNaAa
LkDaAa
KqAaAa
RbFaAa
JfAaAa
BcGaAa
GrNaAa
DgMbAa
XuDaAa
TsYbAa
JmTbAa
GmJaAa
AwWbAa
YkZaAa
TsSbAa
IcAaAa
OhBbAa
AdLaAa
QeUbAa
KoIaAa
YkZaAa
TsYbAa
FiZbAa
ItAaAa
PsUaAa
CjCaAa
TrIaAa
NeGbAa
YsCaAa
HvJbAa
MlKaAa
XpLbAa
VgJaAa
IbHaAa
WoEbAa
KnCaAa
WgOaAa
BqSaAa
HqFaAa
BvUbAa
LzNaAa
FvYbAa
BkSaAa
PsAaAa
MzQbAa
EqCaAa
NxYaAa
VrAaAa
VgEbAa
EbBaAa
SxUbAa
HxWbAa
OsAaAa
TzAaAa
WaAaAa
LzEbAa
PjSbAa
DjTbAa
LbUbAa
YlMaAa
SaQaAa
DhUaAa
OeVaAa
OxAaAa
PbAaAa
JaSbAa
ZmZaAa
XaAaAa
ZlJbAa
DcIaAa
VeHaAa
RjYbAa
IiBaAa
LrSaAa
FbYbAa
CcDaAa
OhBbAa
RrZaAa
MwBaAa
WrUaAa
EpEaAa
CcDaAa
BsDaAa
JiBaAa
DaWaAa
VwMaAa
VgRaAa
YoAaAa
UcYaAa
VhTbAa
GfFaAa
VpUaAa
VdAaAa
QlGaAa
BxTaAa
OpEbAa
KfAaAa
LhXaAa
HgCaAa
UrGaAa
XxXbAa
ZjQbAa
WcLbAa
BzAaAa
VdAaAa
LdCaAa
MrWaAa
AqDaAa
LsLaAa
MkAaAa
XtIaAa
XiGaAa
KdQaAa
ItPaAa
MwBaAa
BsDaAa
CoMbAa
StCaAa
VuCbAa
DxLaAa
MjZbAa
CrAaAa
KcAaAa
MwBaAa
ZlJbAa
OaSaAa
OaSaAa
DlDaAa
GfKbAa
HyAaAa
JnYaAa
MkAaAa
YrNaAa
SfUaAa
CdAaAa
CjBaAa
BaAaAa
JcAaAa
EdGbAa
ByNaAa
PmPaAa
KfAaAa
IcAaAa
MnFaAa
AoJbAa
CsPbAa
KmEaAa
JkNbAa
BhLaAa
OiQbAa
VuIbAa
MaBaAa
MuBbAa
KfAaAa
BhLaAa
DuPbAa
GoPbAa
FnRbAa
SoYaAa
TiQaAa
XeTaAa
OeKbAa
EbBaAa
OiQbAa
MtMaAa
YkZaAa
BaAaAa
EcTaAa
VgJaAa
TpIaAa
RmCaAa
SmCaAa
PfIaAa
WzYbAa
EqWaAa
LyBbAa
WdAaAa
KqIaAa
YyGbAa
WcLbAa
NtIbAa
VbKaAa
YbSaAa
FsCaAa
ItPaAa
WdAaAa
GmWbAa
MoNaAa
XmIbAa
WrUaAa
LtMaAa
RwNaAa
OiQbAa
MnWaAa
YiCbAa
BaRaAa
CdAaAa
VeMbAa
EcTaAa
CaAaAa
VpUaAa
HzGaAa
MwBaAa
UsKaAa
UqYaAa
WaAaAa
XuDaAa
BdPaAa
KbDbAa
DeHaAa
BjLaAa
MwBaAa
OhHbAa
VaJbAa
DeXaAa
TqMaAa
YbBaAa
DeHaAa
FgAaAa
HyAaAa
RmCaAa
KxNaAa
TkFaAa
VmWaAa
PeAaAa
NnFaAa
JnYaAa
MsDbAa
KbCaAa
PrOaAa
YjQbAa
GbSaAa
HiZaAa
XwKaAa
AfWbAa
AhDaAa
XlPaAa
HyGbAa
YoNbAa
LyBbAa
YvRaAa
LgTbAa
SfPbAa
VkOaAa
BvFaAa
EeOaAa
DhTbAa
EuDaAa
OnIbAa
UjAaAa
IgIbAa
OgQbAa
YyGbAa
BeRbAa
XyMaAa
XxXbAa
JmTbAa
FnDaAa
GzCaAa
QfDaAa
XbEaAa
WdAaAa
MzKbAa
FeCaAa
NlEbAa
EbBaAa
XvGaAa
QlGaAa
UrGaAa
BpHaAa
LsFbAa
MdOaAa
MoEaAa
KoIaAa
VyEaAa
MtDaAa
TiJbAa
JwDaAa
AqDaAa
UnEaAa
XeIaAa
LjKaAa
PpFaAa
RaDaAa
CgQaAa
GfKbAa
AuEaAa
FeBbAa
DuSaAa
ViWaAa
ToBaAa
QyBaAa
EgGaAa
MtKaAa
MfEaAa
RpAaAa
QwHaAa
NlHbAa
WlDaAa
TmCaAa
CeXaAa
BbSbAa
XoIbAa
YvQaAa
LyVbAa
UeDbAa
EdGbAa
VnGbAa
AjAaAa
RyJbAa
XjMaAa
OjJaAa
SaCaAa
IiAaAa
BmSaAa
IoZaAa
VuCbAa
ZfRbAa
StFaAa
OwFbAa
MbLbAa
GqJaAa
EjGbAa
SoBaAa
KuCaAa
CaAaAa
HxWbAa
ZgIaAa
BkYaAa
KfAaAa
SgJbAa
VaAaAa
UhVaAa
TkQaAa
AuAaAa
BeBaAa
RvJaAa
JuUbAa
ZqTaAa
StJaAa
XiGaAa
OeKbAa
XaAaAa
CdAaAa
JcAaAa
YyGbAa
TiKaAa
YdKaAa
DiXaAa
BmAaAa
KzBaAa
MwBaAa
TqMaAa
RdNaAa
NdDaAa
EpNaAa
BzAaAa
EsWaAa
AfWbAa
KnCaAa
ZlJbAa
AqDaAa
PhTaAa
AoBaAa
AjNbAa
AlZaAa
IpQaAa
ZjMaAa
ZlJbAa
NxYaAa
MdVbAa
HzFaAa
TjVaAa
CmRaAa
WlUbAa
HvJbAa
SkFaAa
GiAaAa
ToXaAa
KaIbAa
RyBaAa
TdUaAa
VaObAa
MtEbAa
EgGaAa
PfIaAa
XxMbAa
WzWbAa
QlBbAa
SfWbAa
JcAaAa
LaKaAa
AtFaAa
GxBaAa
HrEaAa
DlDaAa
EsIbAa
OpOaAa
JfAaAa
ZuJaAa
RgKbAa
FwGbAa
CvBaAa
AdLaAa
RyBaAa
XvYbAa
EtIaAa
KmIaAa
MkAaAa
ZgCaAa
LbIaAa
NtWaAa
HyAaAa
UaXaAa
XiGaAa
PeKaAa
CcDaAa
BaAaAa
LzEbAa
WlDaAa
JfAaAa
PhZaAa
IhKbAa
UnNaAa
FlPaAa
KqBbAa
FsBaAa
CzDaAa
YrRaAa
FvHaAa
VkOaAa
KqIaAa
QmLbAa
ReAaAa
QlTaAa
ToBaAa
XaAaAa
UnNaAa
OvNbAa
QlZaAa
VzDaAa
YkHaAa
LyBbAa
ScFbAa
EaWaAa
EbBaAa
NlEbAa
PgFaAa
KcFaAa
ZzGaAa
BpHaAa
DcDaAa
IcAaAa
WlBaAa
NoUbAa
UcJaAa
EqCaAa
RfNaAa
EuDaAa
VcWaAa
KhQaAa
FbBaAa
PwHaAa
PuUaAa
JkEaAa
ScRbAa
JpSaAa
DiXaAa
FsBaAa
VcIaAa
BmObAa
NhEbAa
DhPaAa
AuAaAa
CaAaAa
EzDaAa
MuBbAa
ZlJbAa
NtDaAa
LrKaAa
MjZbAa
ZaFaAa
BzJaAa
RwPaAa
RyPaAa
AgKaAa
MwBaAa
JpJbAa
TmSaAa
RbFaAa
LdCaAa
EkKaAa
HbTbAa
PhTaAa
NkAaAa
RiSaAa
UsKaAa
MjZbAa
IbHaAa
MkAaAa
AuEaAa
OxAaAa
CqMbAa
VxLaAa
XvHaAa
IjFbAa
GtUaAa
BvBaAa
XgBaAa
OpFaAa
PwUaAa
EpNaAa
JmLaAa
ScRbAa
NnEbAa
PnJaAa
UeMbAa
AmAaAa
LdCaAa
WeZaAa
BaAaAa
LiDaAa
WcLbAa
ScRbAa
YoNbAa
DnNaAa
GmPbAa
MkAaAa
SfUaAa
QwQaAa
PfDaAa
DcIaAa
FoAaAa
KcPaAa
PjEbAa
MxSaAa
ZzGaAa
MhMbAa
KsBbAa
LxEaAa
EgEaAa
LuLaAa
CdAaAa
WyMaAa
KrSaAa
LvSaAa
HzRaAa
UuMaAa
GlAaAa
DrAaAa
ZrEaAa
EjGbAa
BlEaAa
DcIaAa
ZrRaAa
UrIaAa
VxLaAa
IiBaAa
RlZaAa
EaLbAa
CjCaAa
HyKaAa
QlGaAa
FiGaAa
TjAaAa
GlAaAa
RjNaAa
CcCaAa
YmWbAa
CdAaAa
EkKaAa
RmYaAa
NzSaAa
LdCaAa
DhPaAa
MjVbAa
OpOaAa
MlKaAa
BxDbAa
TrIaAa
ReSaAa
FvHaAa
BxJaAa
YrNaAa
FeOaAa
DpUaAa
IhKbAa
OlOaAa
PjEbAa
JwJaAa
KqGbAa
MtYaAa
TzJaAa
JdEaAa
NkAaAa
KrSaAa
AnGaAa
NhHaAa
XpEaAa
OsAaAa
KfAaAa
CuSaAa
WaAaAa
KhQaAa
PhTaAa
JcAaAa
GjQbAa
LmEaAa
BdPaAa
FuSaAa
IkEaAa
BfLaAa
WaAaAa
RbPaAa
GnDaAa
VaAaAa
YsBaAa
XpEaAa
FfFaAa
GoNbAa
YyOaAa
VdAaAa
PvDaAa
XiGaAa
JfAaAa
BhCaAa
NdEbAa
LfBaAa
FzLaAa
CaXaAa
PhEaAa
OfHbAa
VaObAa
LtDaAa
TfPaAa
BxTaAa
WgEaAa
XxGaAa
YvRaAa
YkHaAa
MnWaAa
DmWaAa
EbBaAa
MwBaAa
GvIaAa
FvGaAa
VdAaAa
FnDaAa
BaJaAa
SfWbAa
MhMbAa
IaLaAa
BaQaAa
GbSaAa
RrVaAa
JcAaAa
LsDbAa
UsKaAa
YqOaAa
IkEaAa
TrIaAa
XdAaAa
HhFaAa
XeCaAa
CrAaAa
QcEaAa
BmObAa
KyDaAa
OhCbAa
HlLbAa
OyFaAa
KoIaAa
NlHbAa
EvHbAa
FbBaAa
VgJaAa
HzRaAa
OxAaAa
QdNaAa
UbUaAa
WaAaAa
YoNbAa
EuDaAa
ZeIbAa
TgYaAa
BzUbAa
QeKaAa
EmKaAa
EeVbAa
FoIbAa
FeTaAa
DaWaAa
QlTaAa
XyVaAa
MnWaAa
RbPaAa
NtWaAa
WaAaAa
PwYbAa
HuOaAa
EaLbAa
IhFbAa
YoNbAa
WoEbAa
AtTaAa
OkAaAa
EuDaAa
OlCbAa
VoCaAa
EgVbAa
UeMbAa
HiBbAa
ZhFaAa
HxUaAa
EoKaAa
TeBaAa
XvHaAa
MwRbAa
LqHaAa
FzLaAa
MoAbAa
TsSbAa
MiGbAa
UvBaAa
XgEaAa
RhIaAa
XeIaAa
TrIaAa
HfFaAa
BmSaAa
SnIaAa
CwXaAa
DsSaAa
SfUaAa
HhFaAa
PwIaAa
DjTbAa
FmOaAa
LyVbAa
LmEaAa
QlZaAa
BsYbAa
QbLaAa
EeZaAa
HgIaAa
CtBbAa
ZrEaAa
NqKbAa
ZgCaAa
XeBbAa
DwAaAa
DxRbAa
UsKaAa
VrAaAa
UvBaAa
BmVbAa
KbRaAa
RyJbAa
DaWaAa
OaTbAa
AnGaAa
VaYaAa
CaAaAa
QcBaAa
PrOaAa
MpSbAa
ZnBaAa
QcEaAa
YsBaAa
ZgCaAa
KvPbAa
GzCaAa
KbUbAa
RwNaAa
XzLaAa
GpEaAa
MvMaAa
LvEbAa
ShCaAa
TpHaAa
VaAaAa
PvDaAa
VuIbAa
SnBbAa
YvRaAa
PwIaAa
KfAaAa
DoSbAa
LxEaAa
XmCbAa
PrNbAa
WaAaAa
LbIaAa
ArTbAa
QyJbAa
LvEbAa
TrIaAa
DnNaAa
UsKaAa
GlAaAa
FuDaAa
XtIaAa
KmEaAa
NnEbAa
NrBaAa
DcIaAa
WiMbAa
WwGbAa
WoEbAa
QeKaAa
RcBaAa
VhTbAa
PjZaAa
FuDaAa
FsBaAa
KfAaAa
FeTaAa
KbUbAa
LrSbAa
PuNaAa
NhJaAa
DjCaAa
QcBaAa
EpNaAa
VcWaAa
VaOaAa
VqBaAa
FnDaAa
RuUaAa
BdPaAa
PhEaAa
CeXaAa
RxLbAa
ZgCaAa
QlGaAa
OpPbAa
ItPaAa
HxIaAa
GoNbAa
MrPbAa
HzGaAa
HxUaAa
VaAaAa
YsBaAa
KhQaAa
FiOaAa
AhDaAa
ZxJbAa
ByNaAa
PyRaAa
IkEaAa
MdVbAa
OaSaAa
VpUaAa
TyNaAa
VeHaAa
XeCaAa
KcAaAa
ZxUaAa
PwUaAa
RjNaAa
MwBaAa
WiHaAa
KiDaAa
LdCaAa
MdObAa
EuDaAa
DaOaAa
LbIaAa
FuDaAa
XaAaAa
PbAaAa
VzDaAa
GiAaAa
DxLaAa
OdBbAa
LqLaAa
LdDbAa
KcFaAa
EyXaAa
WgEaAa
LpBaAa
ZsOaAa
RpVaAa
IgTaAa
JnYaAa
WgGaAa
GzCaAa
ZxIaAa
KvPbAa
JfAaAa
VaAaAa
BmObAa
KoIaAa
GfMaAa
IiNaAa
VxFaAa
ErUaAa
OhHbAa
HlCaAa
XkPbAa
RsPaAa
KfAaAa
OtNbAa
WgGaAa
WsCbAa
TmAaAa
FvGaAa
MoNaAa
NkAaAa
ZmZaAa
ObAbAa
RuRaAa
OsUaAa
HhFaAa
CcDaAa
FwKaAa
NtWaAa
MfRaAa
KmLaAa
JrObAa
CwAaAa
UrHaAa
BbSbAa
VwMaAa
KmNaAa
KyDaAa
KrSaAa
EvFbAa
DyEaAa
VeHaAa
AlLaAa
XbEaAa
NpPbAa
GiAaAa
VcDaAa
GcVbAa
VlDaAa
GoJaAa
EsXbAa
JkNaAa
DoSbAa
DaJaAa
HfKaAa
DzDaAa
MoNaAa
MoFbAa
CoMbAa
GiBbAa
FtHaAa
MdObAa
NhHaAa
CqMbAa
SnIaAa
FmOaAa
UmAaAa
WaAaAa
TrIaAa
FzLaAa
BpHaAa
PhEaAa
KoTbAa
GbTbAa
QgKbAa
QtJaAa
QcBaAa
QyBaAa
OzEaAa
GyGbAa
PfCaAa
QmMaAa
YoAaAa
MuBbAa
YaFaAa
ZkHaAa
TcDbAa
PvTbAa
GkJaAa
WcWaAa
HkTaAa
OjXbAa
OsAaAa
QpAaAa
CmRaAa
VoXbAa
LhXaAa
UjAaAa
BjBaAa
EcObAa
PjWbAa
DgJaAa
ZmZaAa
LsLaAa
LmEaAa
ZtRaAa
WmEbAa
ToXaAa
SkFaAa
OxAaAa
HtRaAa
CsPbAa
QsNaAa
CzDaAa
HrEaAa
AuAaAa
ZvPaAa
SiJbAa
VwSaAa
KfAaAa
DiYaAa
KiDaAa
BkSaAa
XbGbAa
MfJaAa
UoCaAa
MoEaAa
KfAaAa
PxKaAa
XyVaAa
JaSbAa
StFaAa
MdOaAa
PjMbAa
OlEbAa
JuKbAa
TcDbAa
KsBbAa
GzCaAa
RyBaAa
HaHbAa
BwEaAa
KuCaAa
AaGaAa
KfAaAa
VbKaAa
HqTaAa
QgKbAa
MyRbAa
KmEaAa
OsAaAa
CaYaAa
PgFaAa
ElBaAa
RmJbAa
OsUaAa
IyAaAa
DeHaAa
EgGaAa
LdJbAa
TzAaAa
ZuJaAa
FmOaAa
LdCaAa
ScHaAa
PnPbAa
OsAaAa
DaWaAa
MdOaAa
TpBbAa
GoWbAa
LdCaAa
PfDaAa
FfVaAa
DgAaAa
PiMaAa
KrSaAa
LqHaAa
BqMaAa
GkJaAa
FsCaAa
JzQaAa
WaAaAa
ZlAaAa
TaIaAa
OjXbAa
IpQaAa
AfLaAa
MjZbAa
ZvXbAa
AvTaAa
BjBaAa
CwAaAa
KiDaAa
TaJaAa
XeCaAa
XxXbAa
ZlAaAa
HrNaAa
SpZaAa
HtAaAa
PgFaAa
CwAaAa
CjCaAa
ViWaAa
NvCbAa
HlLbAa
FuDaAa
ZlAaAa
FyNbAa
ZzCaAa
CxFaAa
UjAaAa
LsDbAa
PyRaAa
KcFaAa
MaBaAa
BaAaAa
SlVaAa
GfKbAa
IwZaAa
QyBaAa
ReSaAa
YxXbAa
XvYbAa
CsMaAa
YpPaAa
XkPbAa
FpEaAa
MdCaAa
VuKaAa
GgAbAa
PhBaAa
JpSaAa
QnTaAa
IiNbAa
HzRaAa
OfOaAa
DjUaAa
MaNbAa
MaBaAa
KnSaAa
VcIaAa
PySbAa
EtGaAa
VjCaAa
NkBaAa
IkEaAa
CzDaAa
VxLaAa
NrCaAa
DgAaAa
EvFbAa
DgAaAa
PhZaAa
DgAaAa
VcIaAa
AoMaAa
HuOaAa
PhEaAa
IwDaAa
YiWbAa
IcAaAa
SvTaAa
OfAbAa
VpUaAa
UoCaAa
ToHbAa
WiHaAa
EcTaAa
TsDaAa
XqOaAa
KiDaAa
YaFaAa
BsDaAa
PpFaAa
IdSaAa
LlRaAa
ZpPaAa
OaSaAa
VbKaAa
ZuTbAa
VaAaAa
CrIaAa
LgTbAa
RbPaAa
JwUbAa
XuDaAa
WdAaAa
FtIaAa
OpFaAa
YrRaAa
PeAaAa
UoCaAa
KhQaAa
BvBaAa
RaVaAa
EvHbAa
XvYbAa
DcDaAa
JePbAa
MdObAa
EcIaAa
UwEbAa
VkOaAa
JqAaAa
AmAaAa
VaJbAa
YrRaAa
YnDaAa
WaAaAa
KfAaAa
PfTaAa
VfGbAa
WoEbAa
ImTaAa
FnDaAa
OaGbAa
AdLaAa
DgAaAa
AhCaAa
CcYaAa
LmEaAa
VuCbAa
VaAaAa
UdXbAa
UmAaAa
ZtRaAa
EaLbAa
VcWaAa
PwObAa
CxFaAa
TqMaAa
VoWaAa
HtJbAa
MtKaAa
VkOaAa
FbEaAa
DpUaAa
EuDaAa
OhHbAa
YaFaAa
YiTaAa
ShNaAa
LiUaAa
ZtRaAa
FoAaAa
YaFaAa
XxXbAa
ZeNaAa
MfBaAa
JcAaAa
UvLaAa
OpKaAa
UoCaAa
XkPbAa
DmWaAa
CaAaAa
CjCaAa
TzAaAa
VdAaAa
KrObAa
GaFaAa
JiBaAa
DjUaAa
NvYaAa
YsCaAa
GjRbAa
NeFaAa
KiCaAa
TpHaAa
JxNaAa
IiTaAa
IyAaAa
BzUbAa
FzFbAa
OiUbAa
FgBbAa
NkAaAa
EcWaAa
IiNbAa
DdAaAa
LcFaAa
TaJaAa
UnEaAa
QbAaAa
ZgCaAa
MwBaAa
FzLaAa
YvRaAa
WgGaAa
AhNaAa
RcEaAa
SoBaAa
EnRbAa
EnUbAa
AuEaAa
BaRaAa
ExCaAa
AuEaAa
NpPbAa
QlGaAa
FtIaAa
OzEaAa
RnTaAa
SnGaAa
TbCbAa
PhBaAa
PfCaAa
ZcHbAa
ZrEaAa
YnPaAa
SkFaAa
FjTbAa
VuKaAa
FiGaAa
MdVbAa
RwPaAa
BhLaAa
PfIaAa
YqJaAa
LoBbAa
DcIaAa
DaOaAa
CtBbAa
AnBbAa
BkSaAa
FsCaAa
XxXbAa
RdNaAa
ZnBaAa
CjCaAa
MkAaAa
FyMaAa
GbMaAa
HoNbAa
VeRaAa
UdUaAa
HjUbAa
CnNaAa
ElBaAa
KnCaAa
CrAaAa
HkTaAa
PaYbAa
RgKaAa
IbHaAa
EnRbAa
EyYaAa
EnRbAa
KbDbAa
BdPaAa
JfSaAa
WxCaAa
JpSaAa
PhTaAa
XeTaAa
EcJaAa
JwUbAa
RwNaAa
LyBbAa
CwAaAa
RmCaAa
PmKbAa
ReAaAa
WgEaAa
SdNaAa
XxGaAa
GfKbAa
NrWaAa
CfPaAa
MzQbAa
GzCaAa
GoNbAa
WaAaAa
YkBbAa
OaGbAa
DoSbAa
ZgCaAa
AuEaAa
BgYaAa
VwAaAa
SpTbAa
IsTaAa
UxHbAa
GiCbAa
RjNaAa
RyHaAa
RgKaAa
XkCbAa
FzLaAa
JaSbAa
GjQbAa
IsJaAa
KgUaAa
YsBaAa
DhTbAa
EsCbAa
AuObAa
MdVbAa
VlGbAa
FxFbAa
VaAaAa
XeCaAa
ExFaAa
CeXaAa
LrKaAa
JiNaAa
FfFaAa
XdKaAa
CqHbAa
UtBbAa
LwCaAa
ExCaAa
MdVbAa
YbTbAa
VjUaAa
UvBaAa
AuAaAa
SnHaAa
JzHaAa
SnIaAa
SiJbAa
ZvPaAa
AhIaAa
WdAaAa
MnFaAa
WiMbAa
MiUaAa
EoFaAa
YjQbAa
LbUbAa
KyDaAa
QsQaAa
BsXaAa
QcEaAa
EcLbAa
ZlAaAa
EsWaAa
OqNaAa
RaDaAa
WoKaAa
KfAaAa
LdDbAa
SkFaAa
DhPaAa
IcAaAa
XxXbAa
XiGaAa
YaFaAa
OpFaAa
YvIaAa
PwUaAa
PhOaAa
VwAaAa
UpAbAa
TpLaAa
WiHaAa
CiDbAa
WaAaAa
AbBbAa
TwEaAa
SfWbAa
EuYaAa
PcKbAa
NfOaAa
QcEaAa
LtDaAa
LpBaAa
FfFaAa
UaXaAa
VrAaAa
JdEaAa
JzIaAa
AiJbAa
MrYaAa
AjIaAa
VdAaAa
GfVaAa
WtVbAa
GqJaAa
AnBbAa
NoDbAa
RdWbAa
MbTaAa
KsZaAa
OgQbAa
BpLaAa
EaFbAa
PfHbAa
XbBaAa
MdObAa
CzJaAa
YlMaAa
WlBaAa
QyJbAa
FpEaAa
IlLbAa
NvYaAa
JdBaAa
JdBaAa
YyGbAa
JfAaAa
TgXaAa
KxPbAa
AjIaAa
CqYaAa
HvJbAa
ViAbAa
JuUbAa
GjUbAa
NxTbAa
RvJaAa
GxXbAa
ZvUaAa
LxXaAa
FnDaAa
DvCaAa
LvEbAa
JwUbAa
WgBaAa
CzDaAa
WlBaAa
XgBaAa
YjQbAa
NoDbAa
ImBbAa
JcPaAa
ZgCaAa
XgHbAa
OhAaAa
IdSaAa
VoXbAa
XuDaAa
TrIaAa
BuMbAa
OaZbAa
VdAaAa
EyNbAa
YxBaAa
EnGbAa
WlDaAa
ZgIaAa
KiLaAa
ZaPaAa
MhMbAa
EgVbAa
XeTaAa
IkSbAa
BwEaAa
MzKbAa
NhAaAa
LhYaAa
BmObAa
ReAaAa
SbPaAa
JoTaAa
MuBbAa
PqEaAa
RaDaAa
YmCbAa
GyGbAa
NnEbAa
FnDaAa
IeWbAa
CmRaAa
VrAaAa
IxUaAa
XgZaAa
EoFaAa
LyVbAa
LsDbAa
LjObAa
QyBaAa
PhEaAa
GkJaAa
CeRaAa
LsLaAa
EbNbAa
SdSbAa
UtFbAa
ZlAaAa
RcBaAa
AuRaAa
SlNaAa
GwKbAa
BnLaAa
UeEaAa
LgTbAa
RmYaAa
SaCaAa
HrNaAa
CdPaAa
HxUaAa
CdAaAa
RaGaAa
PkMaAa
XdAaAa
WoEbAa
FfQbAa
IyAaAa
IvObAa
EgHaAa
CdAaAa
IwKbAa
IiBaAa
PyRaAa
LwFaAa
XfMaAa
NnAaAa
MpBaAa
GkJaAa
QcBaAa
RmCaAa
QcEaAa
AfPbAa
MlHbAa
WyMaAa
VdAaAa
HdKbAa
UpAbAa
OxAaAa
LcFaAa
AtFaAa
CoObAa
NqKbAa
SpZaAa
YqJaAa
TcDbAa
NoRbAa
OhHbAa
YbTbAa
SqDaAa
JzUaAa
BhLaAa
BjIaAa
XiEbAa
DyEaAa
GxBaAa
UhYbAa
DoXbAa
GkBbAa
EeOaAa
EuDaAa
CnTbAa
XcBbAa
HtAaAa
VcWaAa
MbXaAa
ZbBaAa
IcAaAa
LdDbAa
GzCaAa
QzKaAa
DpFbAa
YrNaAa
CqMaAa
TsDaAa
DcDaAa
FzFbAa
CaXaAa
JqAaAa
YkBbAa
DqBaAa
YjQbAa
HcNaAa
MwBaAa
NhHaAa
BiKaAa
DxFaAa
HjUbAa
QlZaAa
SqSaAa
WoFaAa
QeUbAa
DgJaAa
NxSaAa
VaOaAa
ElBaAa
OjXbAa
FdKaAa
UhGbAa
GjUbAa
PeAaAa
GbTbAa
BiDbAa
RmJbAa
FuDaAa
ZsBaAa
PbAaAa
AxZaAa
VxFaAa
QuHbAa
GkHaAa
QcSaAa
BvBaAa
MdCaAa
JjFaAa
XfMaAa
XiGaAa
QwJbAa
CuRaAa
FeCaAa
QcEaAa
KqGbAa
VjUaAa
TjAaAa
VcWaAa
KvPbAa
CdAaAa
FbYbAa
NrBaAa
JwUbAa
LlFaAa
UsPbAa
BzJaAa
IoZaAa
LdCaAa
JcAaAa
ChUaAa
GlAaAa
JfAaAa
QdNaAa
YjUbAa
BpZaAa
DsIbAa
LzNaAa
JfAaAa
EbBaAa
JjSaAa
OaTbAa
KwUbAa
MdVbAa
ZaFaAa
BbSbAa
NxIbAa
IiBaAa
FxBaAa
LhXaAa
JiBaAa
XeIaAa
MdZaAa
ToObAa
CeYaAa
AiJbAa
BaAaAa
YsCaAa
PxKaAa
TgXaAa
QcEaAa
YbEaAa
GfFaAa
UmFaAa
ViWaAa
WgEaAa
EeObAa
PcKbAa
QlTaAa
ZaBbAa
MnFaAa
IcAaAa
JdEaAa
ZlCaAa
LsLaAa
OxAaAa
XlPaAa
JoVaAa
JeSbAa
RmCaAa
EwIbAa
HaHbAa
CnNaAa
VwAaAa
FzFbAa
GrNaAa
HxIaAa
OtNbAa
AlNaAa
DwAaAa
FnDaAa
RdWbAa
YnPaAa
HkWbAa
UrHaAa
YfKbAa
RwMbAa
LvEbAa
KcFaAa
ZnBaAa
NhEbAa
PuUaAa
PjMbAa
PeAaAa
GfKbAa
TjAaAa
RcEaAa
TpHaAa
ZaHbAa
QmMaAa
GiAaAa
FaLbAa
EbNbAa
QsHbAa
OpFaAa
IuZaAa
FwKaAa
HxHaAa
OiUbAa
NeQbAa
SpTbAa
MsAbAa
TpLaAa
RwMbAa
TvFaAa
ZgCaAa
UoCaAa
NaYbAa
ZuOaAa
JdFbAa
JgLaAa
QyBaAa
QfIbAa
OsUaAa
YmWbAa
OrCaAa
FzFbAa
PhBaAa
PqEaAa
NfOaAa
VtLaAa
VcIaAa
OxAaAa
SiJbAa
YsCaAa
FvGaAa
OpKaAa
LzNaAa
TjAaAa
UpAbAa
NdEbAa
GiBbAa
RoJbAa
KmEaAa
WqEbAa
XtIaAa
FyVaAa
NlOaAa
OpOaAa
EwAaAa
FvYbAa
LdCaAa
ZgCaAa
KvSbAa
ReAaAa
XqOaAa
LdCaAa
EbBaAa
NfRaAa
UtFbAa
YeIbAa
QyBaAa
VrUbAa
ZsBaAa
ChUaAa
WdAaAa
LzNaAa
WlDaAa
WlUbAa
KfAaAa
IcAaAa
KdRaAa
KcFaAa
HgTaAa
RnHaAa
QyBaAa
YuVaAa
DjBaAa
JkYbAa
MnAaAa
CcDaAa
AfWbAa
VcHaAa
ZqTaAa
AlEaAa
RtBaAa
YoAaAa
KqGbAa
NlEbAa
FdKaAa
UeGaAa
EbBaAa
EuDaAa
XxCaAa
JqAaAa
QyBaAa
ZlCaAa
FpEaAa
SdSbAa
DaAaAa
EyNbAa
HzCaAa
HhFaAa
VaAaAa
UiObAa
IcAaAa
VsIbAa
LdQaAa
WgGaAa
XdAaAa
OpFaAa
HtRaAa
TsXaAa
HuOaAa
SlIaAa
WdYbAa
DxCaAa
TbCbAa
HqTaAa
DxRbAa
TeBaAa
AuAaAa
ImHaAa
EdGbAa
SlYbAa
EbBaAa
YnPaAa
NxMaAa
XiEbAa
XxXbAa
XvYbAa
XeIaAa
YkBbAa
JbGaAa
DxFaAa
TpHaAa
NpPbAa
ShCaAa
IcLaAa
LqHaAa
PpFaAa
XpEaAa
TgYaAa
XoOaAa
IoZaAa
NvCbAa
TaJaAa
LsLaAa
FyVaAa
HxWbAa
DgAaAa
CqYaAa
NlEbAa
MkAaAa
XmHbAa
VgEbAa
WgGaAa
LsLaAa
DdXbAa
MaNbAa
WdAaAa
EdYbAa
FoIbAa
BmVbAa
QlBbAa
TcDbAa
StCaAa
BkSaAa
OdWaAa
OhAbAa
OsAaAa
PrNbAa
AoBaAa
ShCaAa
KuKbAa
RbPaAa
GwYaAa
PeAaAa
ZbSaAa
BpGaAa
PkRbAa
RmJbAa
VgEbAa
FxFbAa
XuDaAa
XuDaAa
MhMbAa
TsXaAa
VaObAa
VnEaAa
KnObAa
RaDaAa
NsHaAa
UrIaAa
YoNbAa
SnBbAa
LnObAa
SaDaAa
MdVbAa
HcAbAa
AqDaAa
VqBaAa
MdVbAa
KpYaAa
ExCaAa
AyQaAa
HzGaAa
ZsCaAa
RvOaAa
CwAaAa
CoCaAa
MdDbAa
CcDaAa
TjAaAa
MlKaAa
KqAaAa
OzMaAa
ZtRaAa
UeEaAa
OjOaAa
BxJaAa
EgBaAa
NlOaAa
MkBaAa
KrSaAa
UiAbAa
SiJbAa
BzAaAa
KcPaAa
ZnBaAa
XfVaAa
TlYbAa
CmRaAa
CrAaAa
AjIaAa
PbAaAa
LpXaAa
LjKaAa
UuMaAa
HtAaAa
KoBbAa
GlAaAa
LhYaAa
BaAaAa
UrHaAa
VdAaAa
CaAaAa
YkZaAa
JyJaAa
IgIbAa
RyBaAa
UzAaAa
VdAaAa
CqYaAa
XlBaAa
GqKaAa
BiDbAa
IrPaAa
QcSaAa
HgCaAa
BkSaAa
BtZaAa
JnYaAa
MrWaAa
FeDaAa
IiBaAa
CwAaAa
NhMbAa
NwFbAa
YkHaAa
HqFaAa
WaAaAa
CdAaAa
NrBaAa
CjCaAa
DrHaAa
OpFaAa
OhBbAa
ZgCaAa
LxXaAa
YjRbAa
LgPaAa
PkKbAa
JePbAa
RfNaAa
KgLaAa
EcZaAa
HxUaAa
TwEaAa
EuDaAa
ToBaAa
WrUaAa
BpGaAa
JcAaAa
IcAaAa
XzFbAa
EeDaAa
MlKaAa
MdObAa
RyIaAa
FbEaAa
RiSaAa
SfUaAa
OtWaAa
BaJaAa
QcBaAa
XfMaAa
CaAaAa
QdWbAa
NoRbAa
RaVaAa
OqRbAa
VqBaAa
NnEbAa
OxAaAa
EuDaAa
PgMaAa
JfAaAa
NhAaAa
SlIaAa
PaSaAa
JyJaAa
PxKaAa
RyPaAa
UmAaAa
RjYbAa
WdYbAa
MbTaAa
EqBaAa
MtEbAa
LkDaAa
IhKbAa
ScRbAa
ZqTaAa
HvNaAa
LzEbAa
PfDaAa
VeGaAa
SqRaAa
HrQaAa
TuXaAa
HuTbAa
VdAaAa
JcPaAa
FbYbAa
ShCaAa
TvFaAa
SoBaAa
TyNaAa
MlKaAa
TmAaAa
PbAaAa
WaZaAa
OvCbAa
LpBaAa
HqTaAa
HsOaAa
UjAaAa
UpAbAa
LaKaAa
AnZaAa
IsFaAa
GuNbAa
HlLbAa
GfFaAa
DbKaAa
OxAaAa
ZaPaAa
EpNaAa
CvCaAa
LxXaAa
ImBbAa
DdTbAa
YrRaAa
VaOaAa
BzAaAa
JkIaAa
KpJbAa
WdAaAa
TeBaAa
HzGaAa
PhBaAa
ObAbAa
GwQbAa
OwGaAa
KyDaAa
EySaAa
PkMaAa
UvLaAa
SmCaAa
NcKaAa
RrZaAa
RtCaAa
VuCbAa
KaUaAa
YpPaAa
FoIbAa
ElBaAa
TdSbAa
AuPaAa
CdAaAa
XoIbAa
MkAaAa
DvCaAa
SkFaAa
IdSaAa
InMaAa
BaRaAa
OfHbAa
BzAaAa
TrBbAa
LcUaAa
PfTaAa
KnSaAa
EpEaAa
DsIbAa
RnHaAa
HlLbAa
GcAbAa
KbDbAa
QpAaAa
JzHaAa
TeQaAa
EcZaAa
RaGaAa
NqKbAa
PaMaAa
MwBaAa
DlDaAa
AxDaAa
OlCbAa
FbBaAa
JqAaAa
DaAaAa
PmKbAa
HrPaAa
XwTbAa
VgJaAa
XbEaAa
RoJbAa
HsOaAa
RxZaAa
OkCaAa
XmCbAa
TrIaAa
RjNaAa
KmEaAa
VgJaAa
AhDaAa
JuUbAa
MfEaAa
DkXaAa
CwSaAa
RfNbAa
VyEaAa
WwGbAa
OkCaAa
TeQaAa
YrNaAa
AmAaAa
QkKbAa
ReAaAa
RyPaAa
UmAaAa
JkIaAa
MdObAa
VuCbAa
SaDaAa
CsPbAa
MkAaAa
ZlAaAa
XuDaAa
SaCaAa
UrHaAa
CqMbAa
FmOaAa
DgAaAa
CuSaAa
ItNaAa
EuDaAa
LbIaAa
AvTaAa
NoRbAa
RbPaAa
SfUaAa
JwJaAa
YkHaAa
GiAaAa
AmAaAa
FoIbAa
QvDaAa
BcRaAa
SlYbAa
YuVaAa
WuCbAa
LlFaAa
HxHaAa
GaNaAa
ErUaAa
MdZaAa
TmObAa
HtAaAa
FpEaAa
DeHaAa
SbFaAa
PhAaAa
FfFaAa
DeHaAa
LuLaAa
MkAaAa
HgIaAa
WeOaAa
MuBbAa
LrKaAa
TkXaAa
PjEbAa
RfNaAa
XvYbAa
ZlCaAa
UrAbAa
HmJaAa
GnDaAa
MsAbAa
UhVaAa
LxEaAa
LtSbAa
ZlJbAa
LsLaAa
KbQaAa
ZlMaAa
QtVaAa
XhMaAa
QcEaAa
PxKaAa
VzDaAa
FiJaAa
OkCaAa
JrXaAa
UzObAa
QbLaAa
CrAaAa
TnIaAa
OiUbAa
UmFaAa
UpAbAa
GlAaAa
KfAaAa
JwUbAa
VfGbAa
YkBbAa
QpNbAa
EcDaAa
XbZbAa
XeTaAa
VxLaAa
KfAaAa
VlDaAa
NeGbAa
OtWaAa
CyWaAa
QpFaAa
EuYaAa
CdAaAa
KnObAa
RrZaAa
AjNbAa
BaAaAa
QzOaAa
EyNbAa
FfFaAa
TqMaAa
ZkGaAa
IgDaAa
BjBaAa
TzAaAa
BdPaAa
PrOaAa
KqBbAa
HhFaAa
BmObAa
GiBbAa
EpEaAa
EuDaAa
YkGaAa
HaHbAa
ZzFaAa
ZlAaAa
XkPbAa
VuKaAa
KfAaAa
MxSaAa
DoXbAa
YsCaAa
KbDbAa
LsDbAa
HtRaAa
BfLaAa
ItAaAa
IhKbAa
HtRaAa
ZlAaAa
VjCaAa
PmBaAa
OsUaAa
IgIbAa
GlAaAa
ZuZaAa
ZiIbAa
BhPbAa
XxGaAa
XmCbAa
FfMaAa
UeEaAa
OsAaAa
AhDaAa
HnBaAa
CzDaAa
YkPbAa
ZvPaAa
LrSbAa
QnTaAa
YdKaAa
JzQaAa
LtMaAa
KvEaAa
QiUbAa
FvHbAa
EiMbAa
MbJbAa
XeCaAa
NvYaAa
WrUaAa
FbYbAa
MkAaAa
OhBbAa
IhKbAa
FeIaAa
OiUbAa
AuAaAa
CcDaAa
BgYaAa
NlEbAa
GfMaAa
TrIaAa
PhTaAa
NeQbAa
NvYaAa
QfDaAa
EuDaAa
EjGbAa
JzBaAa
GzCaAa
OkAaAa
EuDaAa
BaAaAa
KrSaAa
YjQbAa
GdMaAa
PbAaAa
TpLaAa
MjZbAa
OmDaAa
WaAaAa
NaYbAa
BtFaAa
VbKaAa
XlBaAa
CeBaAa
RpVaAa
TaIaAa
YsBaAa
EdYbAa
MxSaAa
YsBaAa
SfNaAa
FdYbAa
RoJbAa
GkXbAa
TqMaAa
QmMaAa
DaAaAa
CmObAa
IrQaAa
TcRbAa
IxHaAa
YkZaAa
SfPbAa
ZmZaAa
MbTaAa
OeQbAa
MsAbAa
NrBaAa
IwZaAa
JyJaAa
FqIbAa
PuJbAa
LyBbAa
LdDbAa
BxJaAa
VuKaAa
VwMaAa
OzEaAa
BhDaAa
ApZaAa
PeAaAa
McFaAa
WdYbAa
VaAaAa
UrIaAa
GiCbAa
FnDaAa
BsDaAa
OpFaAa
ToHbAa
ZgCaAa
AnGaAa
LsFbAa
UrIaAa
FhUbAa
FaLbAa
EhTbAa
RfNbAa
SpZaAa
AzAaAa
AuAaAa
RbFaAa
KmNaAa
WpRbAa
DgAaAa
WgEaAa
WlBaAa
GiAaAa
YyGbAa
BpGaAa
MuBbAa
HsOaAa
VyEaAa
MsIaAa
VpUaAa
BjBaAa
DxCaAa
MbLbAa
GiAaAa
XeTaAa
DmWaAa
NdIaAa
UeRaAa
KwDbAa
MnFaAa
IoZaAa
SoBaAa
PhEaAa
MsHaAa
GnDaAa
OpFaAa
IiBaAa
UhGbAa
DgJaAa
NzYaAa
FuDaAa
GwVaAa
BmObAa
ZeNaAa
FeDaAa
HhFaAa
AcHaAa
KmEaAa
TmVbAa
GbTbAa
RpVaAa
GyGbAa
LrKaAa
NrCaAa
FeOaAa
PuNaAa
MnFaAa
TpHaAa
EuDaAa
BmObAa
MkBaAa
WpRbAa
JjSaAa
MaBaAa
QmMaAa
PpFaAa
VfGbAa
RrZaAa
WqEbAa
PeAaAa
KyDaAa
RfNaAa
LcFaAa
EiRaAa
GiEbAa
BiDbAa
RfNbAa
MwBaAa
JdSaAa
HxRaAa
OwGaAa
GgOaAa
OgQbAa
VzMbAa
KpYaAa
ZuOaAa
CbCbAa
YjQbAa
XgZaAa
LxXaAa
DaOaAa
VaObAa
KdRaAa
CjCaAa
KdQaAa
PcVaAa
PrNbAa
BkSaAa
RuPaAa
SaQaAa
CeXaAa
TrIaAa
YiWbAa
SyIaAa
LpBaAa
ZgCaAa
LwCaAa
QlTaAa
EbKaAa
UeRaAa
QhSbAa
DrAaAa
ImGaAa
JxNaAa
ZsOaAa
IdKbAa
ReAaAa
BlIaAa
EiRaAa
JcAaAa
NfOaAa
EqCaAa
WoEbAa
PpFaAa
HcNaAa
HiSbAa
KvAaAa
QcSaAa
TeQaAa
BvBaAa
BcRaAa
EyYaAa
SaDaAa
CxTaAa
FvYbAa
EiMbAa
ZtRaAa
QmLbAa
XuDaAa
WcLbAa
WoOaAa
ZlJbAa
UqYaAa
XiGaAa
NrBaAa
OiQbAa
TcHaAa
NkCaAa
YvQaAa
NhHaAa
NoUbAa
NtIbAa
XvHaAa
SnGaAa
YkGaAa
TiQaAa
BhLaAa
WuKaAa
OhEbAa
QcEaAa
QzOaAa
LgTbAa
EvFbAa
VaXaAa
JrDaAa
XiOaAa
XoOaAa
MiGbAa
AzAaAa
KcFaAa
TfPbAa
RpVaAa
ByNaAa
AvTaAa
OsUaAa
PuUaAa
LdCaAa
NrCaAa
NdEbAa
BsDaAa
JpMaAa
RbPaAa
QyJbAa
FySaAa
XxXbAa
DgJaAa
UzAaAa
JhFbAa
XgZaAa
OvEbAa
HfKaAa
OpFaAa
MbTaAa
HqJaAa
YbBaAa
ZeNaAa
LtSbAa
OjHaAa
UjBaAa
RmYaAa
CqYaAa
TiKaAa
TzJaAa
YiTaAa
KaIbAa
CxFaAa
KoIaAa
AiJbAa
EpEaAa
QmMaAa
QzOaAa
SpTbAa
CdAaAa
SoJbAa
KqGbAa
WtRbAa
LyVbAa
QtJaAa
OqNaAa
RoQaAa
EbBaAa
AiJbAa
FvGaAa
JrObAa
WeObAa
ZaHbAa
VdFaAa
TsMbAa
QwJbAa
MhWaAa
WwGbAa
WoEbAa
SoVbAa
EeZaAa
AzAaAa
DgMbAa
GoNbAa
ReAaAa
DjUaAa
SfPbAa
DsIbAa
OeKbAa
BdPaAa
UmXaAa
VkOaAa
VaAaAa
OpOaAa
NaNbAa
FpEaAa
TkXaAa
JfSaAa
WaAaAa
MdJaAa
XjPaAa
IcAaAa
BuWbAa
FtHaAa
DcDaAa
SlVaAa
VzDaAa
YbSaAa
IiBaAa
CeGaAa
JaSbAa
KqGbAa
EcOaAa
ClLaAa
PwUaAa
MiDaAa
NqKbAa
AoBaAa
HkWbAa
MbLbAa
QwJbAa
WdYbAa
JpMaAa
WdAaAa
QoPaAa
PgFaAa
UaJbAa
JfSaAa
UeGaAa
AcHaAa
XzSbAa
ZgCaAa
ReQbAa
SkFaAa
AzAaAa
FxBaAa
DkKaAa
MrWaAa
LtXbAa
YbTbAa
JqAaAa
GsBaAa
UcJbAa
EgRaAa
CyWaAa
BjBaAa
XqEbAa
QbAaAa
OhBbAa
JdBaAa
WxCaAa
CsMbAa
NdEbAa
BeBaAa
UoCaAa
EcLbAa
BpGaAa
PbAaAa
HhFaAa
NsIaAa
EeZaAa
GfFaAa
YtJbAa
IiBaAa
MnWaAa
CqYaAa
CcDaAa
EoKaAa
YiBbAa
LyVbAa
GvIaAa
GfKbAa
MdZaAa
MtYaAa
FxFbAa
HzFaAa
ShDaAa
BsDaAa
PeAaAa
CcDaAa
EcOaAa
EoKaAa
MoAbAa
SkFaAa
QhBaAa
YbEaAa
HiAaAa
XxGaAa
EsCbAa
TqMaAa
GmJaAa
TsYbAa
ExCaAa
GmJaAa
OcMaAa
MhYaAa
FgBbAa
DiXaAa
YiTaAa
DmXaAa
RdSbAa
BaAaAa
SlEaAa
BaIaAa
RjYbAa
CjBaAa
JmTbAa
KoBbAa
WlBaAa
VdAaAa
YkGaAa
FuDaAa
QlBbAa
XuDaAa
VdAaAa
PmKbAa
DhTbAa
PjWbAa
LzNaAa
NvYaAa
NfVbAa
DsEbAa
FeTaAa
FgBbAa
PfDaAa
EcLbAa
BdPaAa
BxDbAa
CzDaAa
ZvRaAa
MrWaAa
AuWbAa
QaVaAa
VaOaAa
JcPaAa
XvYbAa
MwBaAa
GbQbAa
UpAbAa
SfPbAa
IkEaAa
CqMaAa
OaSaAa
YvRaAa
YiSbAa
QsQaAa
UwSaAa
EuDaAa
XwKaAa
KcFaAa
JcAaAa
JmLaAa
KfAaAa
ZnBaAa
LdCaAa
OeMaAa
YiTaAa
UhVaAa
GiAaAa
HrEaAa
WpNaAa
EgHaAa
QyJbAa
EbBaAa
KoIaAa
JxQaAa
ToBaAa
MnWaAa
LdCaAa
HyAaAa
BpGaAa
ObAbAa
LrSaAa
PrNbAa
HtNaAa
AuAaAa
PbNaAa
VyQbAa
EbNbAa
DdAaAa
DjBaAa
SoBaAa
DuEbAa
UeXaAa
FeTaAa
StCaAa
RwNaAa
EcOaAa
QzOaAa
FdKaAa
MxSaAa
DbIbAa
QzKaAa
NzSaAa
KlVbAa
VuCbAa
YtNaAa
VgEbAa
PjSbAa
AuWbAa
JmTbAa
XaAaAa
PgFaAa
RoMaAa
GjUbAa
DxBbAa
RrTbAa
CwAaAa
DhTbAa
XiWbAa
BvFaAa
UpAbAa
IsTaAa
JxNaAa
BsYbAa
NrCaAa
InMaAa
GaFaAa
VdAaAa
BxTaAa
MnHbAa
WuWaAa
ItAaAa
GmPbAa
ToXaAa
LdDbAa
SlVaAa
YpPaAa
HnBaAa
FrVbAa
QzOaAa
TjVaAa
AqDaAa
PeAaAa
JaSbAa
IiBaAa
HgCaAa
FzLaAa
ZlJbAa
KdGaAa
DpUaAa
VaAaAa
RdSbAa
FsBaAa
PxAaAa
MwBaAa
YnDaAa
XyMaAa
MiGbAa
YyOaAa
ErUbAa
SfWbAa
TmAaAa
IhFbAa
QcEaAa
WjPaAa
LtDaAa
VaAaAa
IgIbAa
FmHbAa
ZeNaAa
BmObAa
XmOaAa
KvPbAa
UwEbAa
BfPaAa
UuMaAa
AvTaAa
YeCaAa
NzQbAa
GkBbAa
NhAaAa
OsAaAa
YrNaAa
ArVaAa
KvPbAa
JjFaAa
EySaAa
AiFbAa
EjUaAa
McUaAa
DcXaAa
CdAaAa
PfDaAa
WoEbAa
RoJbAa
CeXaAa
MhMbAa
XgEaAa
PgFaAa
ItEaAa
ZtRaAa
BaAaAa
KqBbAa
UtBbAa
EcOaAa
UsPbAa
FsBaAa
OhCbAa
WxCaAa
KqGbAa
PyRaAa
WeEbAa
EoKaAa
JzQaAa
AzAaAa
OzEaAa
MoAbAa
WxFaAa
BsObAa
VuIbAa
NrBaAa
BnTbAa
UpAbAa
CwAaAa
TiJbAa
RxLbAa
ViWaAa
CwSaAa
AuQaAa
NlEbAa
VhTbAa
ScEaAa
JmTbAa
YyOaAa
HfKaAa
AzAaAa
WaAaAa
ErUaAa
BkDbAa
KnCaAa
IyAaAa
YrRaAa
NfEaAa
FdKaAa
DjUaAa
SaKbAa
UmAaAa
JfAaAa
HnKbAa
EeZaAa
RwPaAa
JfSaAa
CqYaAa
RtBaAa
EbBaAa
XwKaAa
QaVaAa
HqTaAa
BuAaAa
LzNaAa
EeOaAa
TmCaAa
CwAaAa
DlDaAa
ZsBaAa
EgGaAa
EeObAa
IcAaAa
EpNaAa
GcAbAa
TpHaAa
VxLaAa
DjTbAa
PuNaAa
CoMbAa
AlEaAa
UnNaAa
UqYaAa
ZaFaAa
UoCaAa
CmRaAa
WrAaAa
KfAaAa
RcFbAa
QyBaAa
MkAaAa
EeCaAa
GyGbAa
KhDbAa
CcDaAa
KyJaAa
PxAaAa
CsPbAa
KqAaAa
MkAaAa
RjYbAa
JpMaAa
TeBaAa
WgRaAa
IgIbAa
LuLaAa
GdKaAa
MpXbAa
DgJaAa
RxLbAa
YbEaAa
VaAaAa
UsKaAa
NeFaAa
ZgIaAa
ObAbAa
NzYaAa
CcDaAa
MkAaAa
TdUaAa
VoCaAa
FzFbAa
TcHaAa
JmLaAa
MxSaAa
DhTbAa
DcDaAa
GwVaAa
MfEaAa
HrNaAa
TcDbAa
UpAbAa
AxDaAa
ZeNaAa
ZxHaAa
AnZaAa
QrFaAa
KoTbAa
ShDaAa
UoCaAa
HkTaAa
DxRbAa
LtXbAa
WmIbAa
UzAaAa
YbEaAa
NwFbAa
QlGaAa
PmBaAa
BzJaAa
EmKaAa
QtTbAa
InMaAa
FzFbAa
WaOaAa
IxQaAa
XxXbAa
FeTaAa
EmKaAa
MaKaAa
KsBbAa
ZrNaAa
GjUbAa
TiKaAa
MwBaAa
OwGaAa
BiKaAa
KdQaAa
HlAaAa
DjTbAa
WsCbAa
KqBbAa
BxTaAa
YpPaAa
CeYaAa
IgDaAa
BgYaAa
TsSbAa
HlMaAa
EbNbAa
CaAaAa
EdYbAa
PhBaAa
NdIaAa
FsCaAa
AfPbAa
IcAaAa
GoIbAa
ScQaAa
ZaBbAa
ErLbAa
UoBaAa
DiYaAa
GlAaAa
HtRaAa
KhQaAa
QuQaAa
BnLaAa
BaAaAa
FiJaAa
BdLaAa
IiBaAa
EdGbAa
JoVaAa
YxBaAa
UpAbAa
OhHaAa
FeVbAa
NdWaAa
FqIbAa
MhWaAa
TgXaAa
PjMbAa
YnPaAa
NkAaAa
LsKbAa
FeIaAa
TjVaAa
GrNaAa
MdCaAa
FgAaAa
CpGaAa
NoUbAa
BjAaAa
EeOaAa
ErUaAa
LkTbAa
LiDaAa
ThCaAa
OtNbAa
WuKaAa
WdAaAa
EsYaAa
MrYaAa
HyAaAa
CwXaAa
MtYaAa
DdTbAa
NvYaAa
SpTbAa
FvYbAa
XfMaAa
HqFaAa
ZlAaAa
YeIbAa
AvTaAa
MmEaAa
PjWbAa
FgBbAa
UeEaAa
LqHaAa
VaAaAa
DhPaAa
IkEaAa
AuWbAa
MrYaAa
CdAaAa
TrGbAa
KfAaAa
ZlAaAa
EtRbAa
EwMaAa
PhBaAa
MwBaAa
AjIaAa
CmXaAa
ZbEaAa
TpLaAa
FeTaAa
OsAaAa
QdNaAa
JmTbAa
OlCbAa
XeIaAa
AmAaAa
CaYaAa
YbTbAa
UnEaAa
NvCbAa
AuEaAa
KvEaAa
LvEbAa
PbAbAa
KbCaAa
NkCaAa
TqMaAa
ReSaAa
QuUaAa
OaYbAa
AlLaAa
LrMaAa
ScRbAa
BwEaAa
OxAaAa
FiEbAa
JcAaAa
SpTbAa
DaOaAa
KrSaAa
CjBaAa
JxNaAa
BpGaAa
UlUaAa
DaOaAa
LiDaAa
FnDaAa
LbJaAa
MbJbAa
LjKaAa
PbAaAa
UoCaAa
WcTaAa
OhCbAa
FvHaAa
LtDaAa
CjLaAa
NwBaAa
DxRbAa
NkCaAa
MoNaAa
WgBaAa
TrIaAa
SnBbAa
JmTbAa
XlPaAa
EcOaAa
PhTaAa
JcAaAa
NhAaAa
HzRaAa
JrDaAa
MwBaAa
FyVaAa
MvMaAa
OlCbAa
ZlJbAa
CeEaAa
PjWbAa
DjCaAa
BaAaAa
PyFaAa
DxFaAa
XaAaAa
RmJbAa
PvDaAa
VuIbAa
QgKbAa
VmFaAa
BsDaAa
UaJbAa
NhJaAa
MfEaAa
KvPbAa
KnSaAa
XvYbAa
PyGaAa
FxBaAa
LvEbAa
DgAaAa
XbEaAa
NxMaAa
XuDaAa
QpAaAa
QyJbAa
IkEaAa
TpLaAa
GlAaAa
EcLbAa
RpAaAa
TvAbAa
DgMbAa
EqWaAa
RfNbAa
NiGbAa
PvDaAa
CjCaAa
GrNaAa
PfTaAa
BgYaAa
JfAaAa
ZnBaAa
BaJaAa
SlIaAa
WaAaAa
RbPaAa
HeIbAa
YiIbAa
QhBaAa
KpYaAa
HdKbAa
DsSaAa
XiHaAa
FyVaAa
CrAaAa
FnDaAa
FpKbAa
HyAaAa
RyIaAa
QbAaAa
AhDaAa
GiAaAa
WeEbAa
QfDaAa
DaFbAa
SmCaAa
CuSaAa
VyKbAa
TsYbAa
CcCaAa
YlMaAa
YaFaAa
LuLaAa
GxBaAa
EnGbAa
QgKbAa
KyDaAa
CjAaAa
KpMaAa
ApTaAa
GwKbAa
GmWbAa
PfIaAa
ZsOaAa
UmAaAa
LrKaAa
JoHaAa
TbUaAa
GsCaAa
KqAaAa
ZqTaAa
XgBaAa
MfRaAa
PeAaAa
YaFaAa
TgXaAa
AfLaAa
MyBbAa
AvTaAa
NpPbAa
ZlAaAa
KmEaAa
GiAaAa
CoObAa
NlOaAa
DjUaAa
MuBbAa
KcFaAa
BdPaAa
HnBaAa
ElGbAa
YkZaAa
EdTbAa
AxDaAa
RiSaAa
WcLbAa
XeDaAa
KcPaAa
ZvPaAa
LgPaAa
FjUaAa
QtJaAa
FgBbAa
OzYaAa
BiDbAa
XaAaAa
TkFaAa
DcIaAa
ByNaAa
DgJaAa
CeBaAa
WgEaAa
VdAaAa
GfFaAa
PyRaAa
ZnDaAa
GkJaAa
DgAaAa
UaXaAa
OhHbAa
MxSaAa
ZsCaAa
EqCaAa
KqGbAa
SfWbAa
CaAaAa
TxVbAa
OaZbAa
NqKbAa
EeOaAa
LfAaAa
QnTaAa
PyRaAa
FgZaAa
UzAaAa
FnDaAa
MaBaAa
HqJaAa
HiAaAa
ZlLbAa
AuAaAa
YeIbAa
MpXbAa
UeMbAa
WlUbAa
CaAaAa
OqRbAa
AhNaAa
XxGaAa
OxAaAa
ItEaAa
VgRaAa
QvDaAa
LnCaAa
CaAaAa
XuNbAa
BkYaAa
ZgCaAa
HvNaAa
LqHaAa
BoVbAa
YvQaAa
IaMbAa
HlLbAa
CjCaAa
CaAaAa
CmXaAa
KwZaAa
ArVaAa
OlCbAa
HcNaAa
MxIbAa
JcPaAa
FiGaAa
PeAaAa
SuEaAa
XeBbAa
QwQaAa
AzAaAa
NdOaAa
QcEaAa
XiWbAa
WoKaAa
TrIaAa
CmRaAa
GmJaAa
GaFaAa
FzLaAa
ZsCaAa
YoJaAa
EdGbAa
KqGaAa
DtFbAa
DnGbAa
VxLaAa
LcUaAa
YpPaAa
JuKbAa
OwGaAa
OaZbAa
PySbAa
VaAaAa
UvBaAa
ZuZaAa
MbLbAa
EbNbAa
JpJbAa
KrSaAa
BaAaAa
QfDaAa
AoJbAa
DjTbAa
UrAbAa
EeVbAa
LvEbAa
XvHaAa
NnEbAa
PfIaAa
EnUbAa
EoKaAa
CrAaAa
HzRaAa
BwEaAa
DeEaAa
LyBbAa
IiBaAa
WuYaAa
VcObAa
WuYaAa
PySbAa
DgJaAa
HpPaAa
JjFaAa
SqSaAa
BaAaAa
DaOaAa
QwQaAa
EjGbAa
JcAaAa
LsFbAa
TrIaAa
ItEaAa
KrSaAa
LfAaAa
HhFaAa
LbDaAa
YjQbAa
GsBaAa
EuDaAa
FgZaAa
IhKbAa
DxFaAa
QkLbAa
QfIbAa
MrKaAa
VdAaAa
JzIaAa
QsQaAa
UsMaAa
SqSaAa
DlGbAa
DoMbAa
SoBaAa
EfGbAa
GfFaAa
SoYaAa
DnGbAa
FfQbAa
NnAaAa
CqMaAa
IiAaAa
TkXaAa
XmCbAa
OsAaAa
QtJaAa
XxXbAa
ShCaAa
VzObAa
RoJbAa
FiEbAa
OjOaAa
QmLbAa
OhBbAa
AqDaAa
KnSaAa
MjZbAa
OxAaAa
SlNaAa
HqTaAa
KwUbAa
ZaFaAa
VcDaAa
NvYaAa
XlPaAa
SiJbAa
OzMaAa
LxPaAa
NdObAa
XvYbAa
UaDaAa
CdAaAa
OqNaAa
DrAaAa
CkRaAa
QbAaAa
EpEaAa
DoSbAa
LdCaAa
LzWaAa
RbFaAa
GiCbAa
BnTbAa
XiGaAa
QtJaAa
MfRaAa
EjUaAa
AwNaAa
YkSbAa
FpKbAa
JwUbAa
FgBbAa
IkEaAa
PbAaAa
JrXaAa
VaAaAa
IsFaAa
FgBbAa
JpSaAa
JdEaAa
MdVbAa
FxFbAa
JoHaAa
PjJaAa
TvFaAa
KbDaAa
CwAaAa
MhMbAa
GwTbAa
NdWaAa
YsCaAa
CqYaAa
EeZaAa
CzDaAa
QyBaAa
UaJbAa
UgYaAa
DrAaAa
PbEbAa
NqKbAa
ZxHaAa
QtVaAa
ExCaAa
FgZaAa
OaSaAa
TcHaAa
MuLaAa
ToXaAa
FiGaAa
LyBbAa
ZnDaAa
DaWaAa
UiAbAa
DgAaAa
AvZaAa
PfIaAa
RoMaAa
BsDaAa
HqTaAa
QcEaAa
IvNaAa
OxMaAa
WgOaAa
AjIaAa
IwDaAa
NrCaAa
PxAaAa
VwAaAa
NwBaAa
FeBbAa
MfGaAa
QbLaAa
TeQaAa
HzRaAa
XgOaAa
QwQaAa
QcEaAa
MfEaAa
WrAbAa
HcAbAa
VeHaAa
KuCaAa
FnFbAa
CaYaAa
DtLbAa
RcFbAa
GfQbAa
VdAaAa
KuCaAa
AiFaAa
DgJaAa
OqKbAa
IdSaAa
GgZaAa
LsDbAa
WgBaAa
EeZaAa
FrVbAa
PhBaAa
CqMbAa
OkAaAa
BjBaAa
AoBaAa
JfAaAa
YaFaAa
WmIbAa
MzQbAa
CtBbAa
KrDaAa
DeGaAa
YxCaAa
QmLbAa
IdSaAa
VeHaAa
PxKaAa
CjCaAa
MdOaAa
DgAaAa
OcMaAa
JpJbAa
WiMbAa
EcLbAa
SkFaAa
YxBaAa
JeSbAa
HsOaAa
XlDaAa
VdAaAa
FzLaAa
ZzCaAa
AhDaAa
AuEaAa
RdSbAa
PeKaAa
KmEaAa
IbHaAa
EuDaAa
JcPaAa
HrPaAa
EaLbAa
ZzCaAa
TdUaAa
RbPaAa
YnDaAa
MrYaAa
EgObAa
HiAaAa
JyJaAa
NpPbAa
UwEbAa
VeHaAa
TzJaAa
HlAaAa
FfMaAa
PmBaAa
AyIaAa
NaYbAa
SmYaAa
GiAaAa
PwGaAa
XbEaAa
ScRbAa
EeDaAa
GbSaAa
NoRbAa
QlBbAa
GfFaAa
CmSaAa
ZlAaAa
TdPaAa
TfPaAa
QyBaAa
WhPaAa
ScRbAa
EbBaAa
TkFaAa
QkFbAa
YvHaAa
GbZbAa
QyBaAa
OpKaAa
YmWbAa
DqBaAa
IhFbAa
OkAaAa
FuWaAa
NkCaAa
AxDaAa
EuYaAa
YsCaAa
LjYaAa
OaTbAa
DsIbAa
HkSbAa
YnDaAa
WaAaAa
SkFaAa
NqKbAa
YkGaAa
IsTaAa
AlNaAa
IpQaAa
WqCaAa
ToBaAa
MoNaAa
TrIaAa
TgDbAa
DtDbAa
NvCbAa
CxFaAa
QnTaAa
EbBaAa
TzAaAa
VqXbAa
LfAaAa
RfNbAa
EoKaAa
GxFbAa
AyQaAa
EeVbAa
ErUaAa
LtDaAa
ToHbAa
WaAaAa
SfPbAa
MdVbAa
KnSaAa
YiTaAa
XqOaAa
FeBbAa
FfFaAa
VaAaAa
RjYbAa
RfNbAa
DgAaAa
HiAaAa
VaObAa
RcEaAa
FsBaAa
QcEaAa
RoMaAa
YiWbAa
WaAaAa
FtHaAa
IgIbAa
UlUaAa
CcDaAa
DrAaAa
JcAaAa
UvLaAa
EoKaAa
SnIaAa
PmBaAa
WgOaAa
DmWaAa
EcLbAa
KoTbAa
PfIaAa
PhEaAa
LsDbAa
XlPaAa
FzYbAa
YqJaAa
ZlJbAa
SoBaAa
MbLbAa
MtKaAa
RxLbAa
KcAaAa
IcLaAa
ZqTaAa
QjZaAa
LgTbAa
ViWaAa
UrGaAa
GwVaAa
YjRbAa
ImBbAa
RoMaAa
DrLaAa
ImTaAa
EqWaAa
WrAaAa
RrZaAa
KtMbAa
SxDaAa
JzQaAa
UhGbAa
NoRbAa
ZfKaAa
EsCbAa
NeFaAa
EcLbAa
DkKaAa
RpAaAa
MdJaAa
HyAaAa
AaQaAa
PeKaAa
HqTaAa
AhDaAa
YeIbAa
CxFaAa
FoAaAa
WlDaAa
QlGaAa
VsIbAa
DjTbAa
FiJaAa
KtMbAa
SfWbAa
CqMbAa
NwFbAa
UoCaAa
AtTaAa
FeZaAa
IsFaAa
IcAaAa
MlHbAa
QyBaAa
FySaAa
QsQaAa
RyBaAa
TrIaAa
MjZbAa
VaObAa
FnDaAa
FsBaAa
StBaAa
OaSaAa
YqNbAa
LbJaAa
StTaAa
NvIbAa
UlUaAa
LiDaAa
OxGbAa
FsBaAa
PdAbAa
NnEbAa
YbKbAa
EnUbAa
YiSbAa
IyAaAa
AzAaAa
FsBaAa
KjSaAa
AhIaAa
TjVaAa
QpAaAa
PnJaAa
QhBaAa
IvNaAa
DjUaAa
AhNaAa
OeQbAa
CnLaAa
KqGaAa
SjNbAa
AjYbAa
IwZaAa
NhAaAa
FjMaAa
BjBaAa
PrOaAa
EdGbAa
DkKaAa
XtIaAa
UaJbAa
MrWaAa
SlVaAa
PzMaAa
UgXaAa
DdFaAa
GlCaAa
RtCaAa
JdBaAa
IkEaAa
PyXbAa
BdSbAa
DjTbAa
RcEaAa
MlKaAa
QaVaAa
LdCaAa
EsYaAa
XaAaAa
ZlAaAa
OsUaAa
LbJaAa
CeGaAa
KdEaAa
LrKaAa
JnYaAa
BjBaAa
RfNbAa
DuPbAa
AlNaAa
PuUaAa
MaNbAa
CuSaAa
EgGaAa
DiXaAa
WwGbAa
JrObAa
EiRaAa
IcAaAa
XtIaAa
EcOaAa
MbTaAa
MoNaAa
EbBaAa
FfMaAa
UuSaAa
NtWaAa
JpJbAa
GiCbAa
UoCaAa
GcZaAa
SfNbAa
LtDaAa
NlEbAa
KmEaAa
BvFaAa
IkEaAa
OzEaAa
OzEaAa
UzObAa
DnGbAa
YsCaAa
WgOaAa
AlLaAa
NdOaAa
HlAaAa
ArTaAa
RcFbAa
BjAaAa
QeUbAa
BzAaAa
BaAaAa
YxBaAa
WoFaAa
UzObAa
KrSaAa
CcDaAa
JpSaAa
AtTaAa
RmYaAa
GiCbAa
MaBaAa
NaEaAa
HiIbAa
MaNbAa
AuAaAa
NxMaAa
ZwLbAa
QbAaAa
JlAbAa
SlEaAa
TmAaAa
ImBbAa
BkYaAa
AdLaAa
OzQbAa
CpGaAa
LfBaAa
ZqTaAa
XwKaAa
RcFbAa
SpZaAa
ZvNaAa
ArVaAa
CxFaAa
CaXaAa
SnIaAa
QpAaAa
YyOaAa
VkOaAa
DiXaAa
NjHbAa
NrCbAa
PjEbAa
ZqTaAa
GmCbAa
FfMaAa
OhAaAa
OkAaAa
FiOaAa
TbCbAa
CjBaAa
CwAaAa
VjAaAa
GzCaAa
ImTaAa
HkTaAa
HlAaAa
HzFaAa
JfAaAa
DdFaAa
BnGaAa
FvYbAa
AvTaAa
QlZaAa
RmCaAa
WxFaAa
HzGaAa
JbGaAa
FlPaAa
NvCbAa
UmFaAa
UwSaAa
JfAaAa
DyNaAa
IgIaAa
CoCaAa
MqLaAa
TpGaAa
BnLaAa
ZgCaAa
MdOaAa
SuEaAa
LdCaAa
KyDaAa
XfQbAa
NoUbAa
LbUbAa
FsBaAa
FdKaAa
EyNbAa
FiGaAa
EeObAa
KfSaAa
NwBaAa
PfDaAa
ZnBaAa
NnEbAa
RmLbAa
TxVbAa
IbHaAa
EqCaAa
IcAaAa
MwBaAa
QhBaAa
ReSaAa
WqEbAa
WoKaAa
UnEaAa
TbCbAa
XbMaAa
GqJaAa
NvYaAa
CmRaAa
HlLbAa
MwBaAa
PuNaAa
PhEaAa
MkAaAa
PeAaAa
JkYbAa
DpUaAa
GaNaAa
UeRaAa
MaBaAa
PpFaAa
SmCaAa
FeCaAa
VtFbAa
GmPbAa
BbSbAa
JqAaAa
HaHbAa
PhZaAa
ZeNaAa
QfIbAa
YsBaAa
VpUaAa
GzCaAa
OwGaAa
GlAaAa
WgEaAa
UtLbAa
MzQbAa
LgTbAa
ZaFaAa
KgUaAa
JoVaAa
KhQaAa
RpVaAa
NaYbAa
DaOaAa
PdAbAa
VaOaAa
XlPaAa
HrJbAa
OqRbAa
BnTbAa
CaYaAa
NqKbAa
VhTbAa
VlDaAa
NoUbAa
BaJaAa
TaIaAa
QcEaAa
BeBaAa
RdSbAa
NqKbAa
OcMaAa
WgEaAa
AjAaAa
XxXbAa
UsKaAa
HrJbAa
ZuOaAa
PeKaAa
TvFaAa
NnEbAa
NpPbAa
UoMbAa
QcEaAa
GlAaAa
PwIaAa
TpLaAa
LyBbAa
LcFaAa
MwBaAa
DhPaAa
JnYaAa
AuWbAa
HyAaAa
OxAaAa
CiKaAa
QcEaAa
KrSaAa
DxFaAa
VoWaAa
HrJbAa
DoSbAa
OqNaAa
WpNaAa
HlQbAa
KqIaAa
RtCaAa
KmEaAa
MnFaAa
EeZaAa
EcLbAa
KaUaAa
JaSbAa
GxBaAa
AgJbAa
QvDaAa
TqMaAa
ZaFaAa
AlEaAa
XeCaAa
UtFbAa
CeGaAa
KwDbAa
YeIbAa
GqJaAa
QzKaAa
TbCbAa
JyJaAa
JtRaAa
EbBaAa
KvAaAa
DaFbAa
JrXaAa
VpUaAa
XvHaAa
OpFaAa
LsFbAa
TmAaAa
CeRaAa
XvHaAa
OhBbAa
VqYaAa
VpUaAa
MyVbAa
IgIbAa
VaOaAa
HyAaAa
PcKbAa
EbBaAa
GjQbAa
GpDbAa
JzQaAa
BmSaAa
BxDbAa
HiEaAa
JiBaAa
GwVaAa
NkAaAa
FiEbAa
MjZbAa
KfAaAa
QaVaAa
OpFaAa
DtDbAa
FoIbAa
NnWaAa
GbSaAa
VbKaAa
GiAaAa
FvGaAa
DxRbAa
EuDaAa
ZcHbAa
EoFaAa
DlUaAa
SlYbAa
UaJbAa
DwAaAa
JyAbAa
OlCbAa
ZxHaAa
MtYaAa
DhTbAa
WzYbAa
GkJaAa
UoCaAa
CqMaAa
GsCaAa
NdEbAa
TeBaAa
ZxIaAa
KqBbAa
ZgCaAa
GvIaAa
WdAaAa
SpTbAa
RoDaAa
ZgCaAa
AoBaAa
GkJaAa
RaKbAa
WsCbAa
ZxIaAa
UlUaAa
GbSaAa
QnTaAa
DcWaAa
AhDaAa
PfDaAa
UwEbAa
TaJaAa
EeVbAa
WgBaAa
EqWaAa
QaVaAa
KiBaAa
GqIbAa
GnDaAa
XxFaAa
OsUaAa
FvGaAa
GlCaAa
OpFaAa
UzObAa
MuBbAa
GcAbAa
GzCaAa
MlHbAa
TkFaAa
YkBbAa
JmLaAa
EsCbAa
UeRaAa
CcDaAa
GiAaAa
WiHaAa
QrJaAa
DbKaAa
EeObAa
YaFaAa
AlEaAa
UuMaAa
TzAaAa
FiEbAa
MwBaAa
CdAaAa
EsCbAa
HrQaAa
TkFaAa
QzKaAa
QpTaAa
VaObAa
DsEbAa
QzKaAa
IsFaAa
KoIaAa
VxFaAa
CrAaAa
MwBaAa
JkIaAa
FoIbAa
CcDaAa
RmJbAa
NoRbAa
KaIbAa
JfSaAa
UeGaAa
UiAbAa
JfAaAa
OlCbAa
QzOaAa
AlEaAa
OfAbAa
YkBbAa
PjEbAa
TaGaAa
DxRbAa
ShDaAa
TpHaAa
ZsBaAa
AuWbAa
EbNbAa
CrGaAa
WaAaAa
OpOaAa
OiUbAa
RaDaAa
UdUaAa
AfPbAa
MnXaAa
EpEaAa
YsBaAa
ZuJaAa
DtLbAa
DdTbAa
VsSaAa
NfObAa
DaAaAa
FpEaAa
VhPaAa
ZaFaAa
FoIbAa
VpUaAa
UeMbAa
QjEaAa
VdAaAa
EbBaAa
CxFaAa
MfRaAa
MuFbAa
UtFbAa
EiMbAa
XxXbAa
CaXaAa
PhBaAa
TpLaAa
YqJaAa
UkRaAa
HuOaAa
HqFaAa
KbDbAa
CaAaAa
SqXaAa
RcBaAa
KqBbAa
YkGaAa
CuSaAa
MzQbAa
PhTaAa
CjBaAa
KfAaAa
SoBaAa
VaAaAa
AoBaAa
AzAaAa
JjFaAa
IiBaAa
MrYaAa
IaHbAa
SlEaAa
WgEaAa
MjZbAa
BzAaAa
BhCaAa
KqBbAa
PfTaAa
IaLaAa
UmAaAa
FsBaAa
VfGbAa
BbSbAa
JdBaAa
SaQaAa
ZcNaAa
MuBbAa
LhLbAa
LbIaAa
HrQaAa
EvFbAa
PySbAa
JfAaAa
DgJaAa
EiRaAa
KmEaAa
PfIaAa
MsDbAa
KnSaAa
CdAaAa
DlGbAa
CdAaAa
MkAaAa
RhIaAa
DlGbAa
InMaAa
EdTbAa
MwBaAa
QlGaAa
FsBaAa
EbNbAa
ErUaAa
OaGbAa
NtWaAa
VaAaAa
IzUaAa
HqTaAa
LbIaAa
CsPbAa
KdGaAa
QfDaAa
XxCaAa
GeTaAa
LyBbAa
FpNaAa
EnUbAa
HlLbAa
BgYaAa
BxJaAa
SpTbAa
EjGbAa
EeOaAa
TmAaAa
GkJaAa
GaFaAa
MzQbAa
DaWaAa
CrAaAa
BxDbAa
ZmZaAa
YyOaAa
LsFbAa
DlDaAa
UrGaAa
CjBaAa
ZlAaAa
WaAaAa
XsNbAa
SfWbAa
PeAaAa
GlAaAa
NhHaAa
AhNaAa
SiJbAa
XcTaAa
FeHaAa
KmNaAa
JrDaAa
KdRbAa
AhDaAa
MtKaAa
WgHaAa
WyMaAa
ZvNaAa
YlMaAa
MhWaAa
JyLbAa
OhHbAa
BxUbAa
VdFaAa
AtTaAa
MrKaAa
EuDaAa
KfAaAa
DgAaAa
PvDaAa
ZvNaAa
CxFaAa
MfRaAa
QcEaAa
KnSaAa
EyNbAa
ZaBbAa
ZgCaAa
JcAaAa
EtIaAa
KmEaAa
VyCbAa
InMaAa
TmAaAa
WgBaAa
ZvPaAa
LpBaAa
VdAaAa
JcPaAa
BuEaAa
OhHbAa
TzAaAa
DrHaAa
AjNbAa
UeGaAa
GiCbAa
IwDaAa
HiEaAa
SkFaAa
AyQaAa
DaOaAa
NzYaAa
KcAaAa
MkBaAa
WcLbAa
SqDaAa
GfFaAa
PuJbAa
EdYbAa
EoWaAa
KnYaAa
LyBbAa
IiNbAa
OjMbAa
EnRbAa
KqBbAa
GxBaAa
JwUbAa
CjCaAa
IiNbAa
DsEbAa
FsBaAa
PuNaAa
EnUbAa
EwAaAa
MkAaAa
LvEbAa
QyBaAa
BmObAa
EsCbAa
MkAaAa
LmEaAa
UcJaAa
CaXaAa
PeAaAa
EpEaAa
TjVaAa
KfJbAa
KdGaAa
EpEaAa
PpKaAa
CdAaAa
EgHaAa
MtDaAa
OkAaAa
PyXbAa
MsIaAa
IbHaAa
JwZaAa
KfAaAa
CbSbAa
JkIaAa
QfTaAa
CeEaAa
OpKaAa
MjZbAa
HgIaAa
IwDaAa
UvBaAa
BjBaAa
WcLbAa
ToXaAa
RaDaAa
KhQaAa
JzIaAa
OfOaAa
EeVbAa
LyBbAa
LyBbAa
KgUaAa
YvQaAa
VxFaAa
UnBbAa
ImHaAa
IrQaAa
RgJbAa
KcFaAa
CzDaAa
DrGaAa
CcYaAa
FsBaAa
MxSaAa
ToYaAa
VcWaAa
EuDaAa
AzAaAa
MwBaAa
WeZaAa
YjQbAa
NqKbAa
VcIaAa
PfCbAa
SzUbAa
OxGbAa
VwMaAa
VaAaAa
BaIaAa
EvHbAa
VuCbAa
SaQaAa
OaGbAa
KuCaAa
LxXaAa
KdGaAa
NjVbAa
EuDaAa
WaAaAa
JfAaAa
VrAaAa
FoIbAa
MdZaAa
UhGbAa
FvHaAa
HzFaAa
EvFbAa
BzAaAa
HsOaAa
GrNaAa
CvBaAa
GyGbAa
TzAaAa
RgKaAa
BcGaAa
HrJbAa
MzKbAa
PhEaAa
DgAaAa
VfGbAa
PvDaAa
PhZaAa
UoCaAa
LrSbAa
QyBaAa
JwJaAa
ZgCaAa
CtBbAa
EsCbAa
QlGaAa
IxQaAa
AyQaAa
RpVaAa
AzAaAa
RiFaAa
JcAaAa
HrJbAa
TjVaAa
WaAaAa
VtBbAa
XbEaAa
EiRaAa
KaUaAa
EcDaAa
GzCaAa
AjAaAa
MoEaAa
UvBaAa
EvHbAa
HvJbAa
ZaPaAa
RbFaAa
HxHaAa
QlBbAa
YyGbAa
QfDaAa
FjMaAa
KyTaAa
UoCaAa
TwEaAa
VdAaAa
PbAaAa
TaIaAa
WaAaAa
NkCaAa
HqFaAa
KqGbAa
OkCaAa
VbKaAa
OhCbAa
LxNaAa
PcQbAa
DqBaAa
CuSaAa
XeZaAa
StFaAa
YtJbAa
FeIaAa
UpAbAa
BpGaAa
DwAaAa
KdQaAa
JhKaAa
LrKaAa
FsBaAa
DxRbAa
DsSaAa
NuLaAa
CsSbAa
ReAaAa
QyBaAa
WdAaAa
YiTaAa
QcSaAa
KvSbAa
AaQaAa
KzWaAa
FhPaAa
YkSbAa
YrNaAa
TkObAa
WdAaAa
ZrEaAa
CxFaAa
OyFaAa
XmCbAa
CgDbAa
KbUbAa
GpLbAa
AjIaAa
XoJaAa
PwHaAa
HtRaAa
JmLaAa
WaAaAa
WwAaAa
KbDaAa
NxMaAa
TsSbAa
WiHaAa
PfTaAa
PwHaAa
UcJaAa
TjVaAa
MnWaAa
NwBaAa
HrPaAa
QfTaAa
UpFbAa
RaDaAa
AlEaAa
HnBaAa
BjAaAa
RmJbAa
TgDbAa
JmLaAa
GtUaAa
UeRaAa
HtJbAa
FmOaAa
LuUbAa
QrJaAa
EgBaAa
EnUbAa
EqWaAa
HtUaAa
HuOaAa
JdFbAa
WzYbAa
EvHbAa
CsPbAa
HlAaAa
PuUaAa
ErUaAa
GiAaAa
JhKaAa
KrSaAa
VpUaAa
MhXaAa
PjXbAa
PyRaAa
OaTbAa
LfAaAa
JwUbAa
MsHaAa
NsHaAa
OwGaAa
FeTaAa
KyDaAa
IsTaAa
FpKbAa
YkGaAa
GaNaAa
TrIaAa
SeFbAa
VuCbAa
BvFaAa
JoVaAa
XoJaAa
WlBaAa
VyEaAa
TcHaAa
HvQaAa
UwXaAa
LvEbAa
PkKbAa
EpEaAa
EeZaAa
XbEaAa
FiOaAa
PbEbAa
PfTaAa
NvCbAa
DnGbAa
CkRaAa
AnZaAa
CsYbAa
TzAaAa
TpHaAa
EbBaAa
LxXaAa
NaYbAa
TuSbAa
KrDaAa
CrGbAa
YbGbAa
PeAaAa
CxVbAa
WgEaAa
BnTbAa
ZzCaAa
RvJaAa
HqTaAa
EbBaAa
WaAaAa
CcDaAa
LcUaAa
RjYbAa
UnNaAa
BzAaAa
PbAaAa
LbIaAa
SlIaAa
FeDaAa
PwUaAa
UqMbAa
LzEbAa
MrYaAa
HuOaAa
BfPaAa
PrOaAa
GqJaAa
GkCbAa
VxLaAa
QwRaAa
PhBaAa
QfIbAa
KfAaAa
PeKaAa
LcUaAa
SfUaAa
QuQaAa
KbDbAa
AiJbAa
CxFaAa
EcTaAa
MtKaAa
NtDaAa
MiGbAa
RmCaAa
YbTbAa
AuEaAa
SfPbAa
LdCaAa
CaAaAa
TrIaAa
YnDaAa
BiDbAa
ItPaAa
MbWaAa
KfAaAa
WeZaAa
NtWaAa
UjBaAa
InMaAa
GiAaAa
NsAbAa
QuQaAa
JhKaAa
PfDaAa
DjTbAa
ZgCaAa
LiDaAa
UwSaAa
CqMbAa
CwAaAa
OkCaAa
XjMaAa
QfIbAa
UeEaAa
OdBbAa
WlRbAa
NdWaAa
XoOaAa
RwQaAa
WwTbAa
QfCaAa
NhAaAa
QcBaAa
LyBbAa
EuYaAa
ZxJbAa
KyDaAa
DoHbAa
PrOaAa
VqBaAa
HtNaAa
EyYaAa
WgEaAa
ZxHaAa
HiAaAa
MdJaAa
WgEaAa
IuZaAa
ViHbAa
ZgCaAa
TbSbAa
TyQaAa
WeRaAa
NvCbAa
JxNaAa
LdHaAa
LdCaAa
DzBbAa
IfKaAa
JuUbAa
OfAbAa
QlGaAa
QrJaAa
YvIaAa
YkHaAa
GiAaAa
CxFaAa
NhJaAa
MkAaAa
DsIbAa
CqYaAa
IgDaAa
NzYaAa
JcAaAa
EiMbAa
RgKaAa
ReUbAa
ItAaAa
UrAbAa
BxTaAa
MlKaAa
VaAaAa
EoKaAa
NkCaAa
QzOaAa
ScQaAa
SfLaAa
DvCaAa
FsBaAa
EtIaAa
TjAaAa
DdAaAa
LbIaAa
BqMaAa
FiJaAa
XeBbAa
LdHaAa
FoAaAa
FgBbAa
RmCaAa
BpLaAa
EvFbAa
LbRaAa
JyAbAa
IkEaAa
QnTaAa
WlBaAa
AyQaAa
LwCaAa
FeOaAa
TjAaAa
GwVaAa
QyJbAa
XeTaAa
YfKbAa
YoNbAa
BjBaAa
WrAaAa
BaAaAa
EpEaAa
IiEaAa
MwBaAa
LcFaAa
IyAaAa
ZnBaAa
KmEaAa
NqKbAa
LsDbAa
QcEaAa
ZzCaAa
FhUbAa
MdZaAa
EeZaAa
PfIaAa
DbKaAa
XeBbAa
DlUaAa
JnYaAa
IcAaAa
JkIaAa
XoAaAa
TwEaAa
PsAaAa
TcHaAa
YbKbAa
UuMaAa
ZlCaAa
QfDaAa
JjFaAa
MdZaAa
PeAaAa
WdYbAa
RmJbAa
TpHaAa
WnFbAa
PaTbAa
WeEbAa
ViQaAa
JwJaAa
OyFaAa
NhAaAa
NoRbAa
LhYaAa
LsDbAa
DnUaAa
CcDaAa
UuMaAa
WaAaAa
RdSbAa
XtIaAa
DgMbAa
WaAaAa
SaQaAa
VnFbAa
PhBaAa
LyVbAa
OxAaAa
DiYaAa
QlGaAa
PyYbAa
IfKaAa
NhMbAa
BaAaAa
TgQaAa
VlDaAa
VuCbAa
OjHaAa
NkAaAa
UhGbAa
YsBaAa
PfCaAa
SxDaAa
UsKaAa
OgQbAa
HzGaAa
GwKbAa
FuYaAa
WgBaAa
JdFbAa
DgMbAa
VbKaAa
ZmZaAa
PwYbAa
MsAbAa
KmEaAa
EnRbAa
UrHaAa
UoCaAa
NxCbAa
XiWbAa
FgZaAa
EpEaAa
EiMbAa
TaRaAa
LkDaAa
YfKbAa
MkBaAa
OkCaAa
VoWaAa
GmWbAa
HkWbAa
WiHaAa
InMaAa
JoHaAa
HnBaAa
BoYaAa
MiGbAa
OaTbAa
NwFbAa
BaAaAa
ZzFaAa
SaQaAa
EdGbAa
IwDaAa
GyGbAa
PhBaAa
YqJaAa
RmCaAa
BhLaAa
TbFaAa
WlBaAa
MfBaAa
YvRaAa
RmCaAa
UiYaAa
YbSaAa
WwYaAa
UrAbAa
EpEaAa
YoNbAa
JfAaAa
MfRaAa
XpEaAa
LdCaAa
MzKbAa
OkAaAa
BpHaAa
JcAaAa
FrUaAa
KfAaAa
ElDaAa
TzAaAa
KyTaAa
QhBaAa
KnCaAa
QfIbAa
FfQbAa
TxVbAa
MyObAa
GyGbAa
SoBaAa
NuHbAa
ZgCaAa
QsQaAa
QmMaAa
GiAaAa
VqXbAa
HrQaAa
OpOaAa
NhHaAa
HiZaAa
TrIaAa
VzObAa
LdDbAa
OjMbAa
TpHaAa
JyAbAa
FxLaAa
CzRbAa
LzTbAa
FlPaAa
KdRaAa
ZnDaAa
WaAaAa
BhLaAa
GmPbAa
QyBaAa
LtMaAa
VoWaAa
SuEaAa
IwDaAa
LiUaAa
DyEaAa
QyJbAa
QcBaAa
UmAaAa
BsDaAa
IxQaAa
GlAaAa
CkRaAa
NzYaAa
JjSaAa
YyGbAa
CrGaAa
UpAbAa
OiUbAa
DvCaAa
ZgCaAa
PfTaAa
OzEaAa
GwVaAa
NrCaAa
WgBaAa
ShCaAa
LrSaAa
DwAaAa
HxUaAa
NvCbAa
EoFaAa
HlLbAa
QnTaAa
IiNaAa
WeVbAa
NhAaAa
FvYbAa
DhPaAa
YnPaAa
FzLaAa
XwCbAa
TtCaAa
ToHbAa
QaVaAa
ZtRaAa
CjCaAa
JcAaAa
UaJbAa
OxAaAa
MqAbAa
JfAaAa
FxFbAa
FcTaAa
DjDaAa
EcTaAa
BaAaAa
TsYbAa
CjBaAa
VsIbAa
WrAaAa
RpVaAa
YsCaAa
SoBaAa
XoJaAa
JyJaAa
PwIaAa
PrNbAa
YxRaAa
UoCaAa
QcEaAa
KnYaAa
QyBaAa
JrDaAa
YpPaAa
MdVbAa
DvCaAa
OhHbAa
NkAaAa
QqPaAa
HlCaAa
YgBaAa
BfPaAa
NvYaAa
XwKaAa
GiCbAa
XiOaAa
RjNaAa
LxWaAa
YlBaAa
ShDaAa
CxFaAa
RjYbAa
TjVaAa
DsEbAa
HyAaAa
QmKbAa
SnBbAa
PuJbAa
RoMaAa
SjNaAa
AlLaAa
GkBbAa
SoMaAa
JzQaAa
JwUbAa
EsWaAa
XtIaAa
TrIaAa
KnObAa
StFaAa
NhAaAa
JdEaAa
BaAaAa
SqSaAa
YkBbAa
OiUbAa
ScRbAa
JfAaAa
IvPaAa
SaQaAa
TbCbAa
LrSaAa
LfAaAa
PfTaAa
LjXaAa
QmLbAa
VqBaAa
FtHaAa
BfPaAa
NvMaAa
DgAaAa
YiIbAa
PxAaAa
VjCaAa
ZsCaAa
NjXaAa
QcBaAa
TnGaAa
WlUbAa
XqOaAa
ZjQbAa
ToHbAa
IbHaAa
HzRaAa
VgRaAa
PjZaAa
IwDaAa
IiNaAa
HyAaAa
RpAaAa
BeBaAa
GsCaAa
ToHbAa
KyTaAa
QtJaAa
UzObAa
OkAaAa
NlEbAa
FiJaAa
CmXaAa
IgIbAa
TmAaAa
UtBbAa
DkKaAa
QlTaAa
CcDaAa
SxUbAa
WaAaAa
QlTaAa
NkCaAa
RtCaAa
IxJbAa
HzFaAa
YsBaAa
LiDaAa
NkAaAa
VaAaAa
CwSaAa
PfIaAa
TsDaAa
CmRaAa
UjBaAa
NkAaAa
WwAaAa
WrUaAa
AqDaAa
LdCaAa
IcAaAa
NeQbAa
QaVaAa
TnGaAa
YyOaAa
LjKaAa
QwQaAa
CwAaAa
DoMbAa
CaAaAa
WlBaAa
TuAaAa
NlXbAa
QwJbAa
NkCaAa
LgTbAa
LcUaAa
DyEaAa
WeBaAa
OoRbAa
ZlJbAa
PhBbAa
CtUbAa
TpHaAa
HdKbAa
VeXaAa
TpHaAa
GlPaAa
TgXaAa
OpKaAa
AvTaAa
KoIaAa
FbBaAa
VcWaAa
JqAaAa
NkAaAa
BhNaAa
MkAaAa
BcGaAa
RhIaAa
ZfKaAa
BaIaAa
PxAaAa
JcLaAa
PwHaAa
MpXbAa
PrOaAa
WaAaAa
XgZaAa
AoBaAa
KcPaAa
KsBbAa
AaDaAa
NwFbAa
LbJaAa
SoBaAa
IkEaAa
EoXbAa
SgJbAa
IeWbAa
MuGaAa
FgBbAa
UeRaAa
XeDaAa
SxZaAa
FsBaAa
QcEaAa
PhBaAa
HkWbAa
ZmZaAa
XpEaAa
XpNaAa
AiJbAa
FsBaAa
KsBbAa
MpXbAa
UqSaAa
SkDbAa
VlDaAa
SoBaAa
AuAaAa
JxNaAa
EoKaAa
TkXaAa
MbTaAa
OxAaAa
JfSaAa
UwSaAa
QcSaAa
ByNaAa
EyNbAa
JrXaAa
IgZbAa
IcAaAa
SkFaAa
GiAaAa
MkBaAa
YpPaAa
UsKaAa
OfHbAa
EuYaAa
FpEaAa
WhPaAa
RmJbAa
MxIbAa
UhYbAa
MaBaAa
CzTaAa
EuDaAa
DdAaAa
VvLaAa
IiNbAa
AyQaAa
WeHaAa
FtIaAa
TdUaAa
MlKaAa
DxFaAa
PeAaAa
EdTbAa
JkIaAa
TqMaAa
JzIaAa
YoNbAa
EuDaAa
ZrPaAa
OaTbAa
OjXbAa
DxFaAa
LfAaAa
VcJaAa
HzCaAa
SnGaAa
WlUbAa
QvDaAa
PvDaAa
GzCaAa
HzFaAa
TrIaAa
JuUbAa
GjRbAa
YsCaAa
PuNaAa
EvCaAa
GsCaAa
TgYaAa
EiMbAa
DsEbAa
KnSaAa
GyGbAa
NnAaAa
WeZaAa
StFaAa
ZuOaAa
EcWaAa
UvBaAa
DrAaAa
FyVaAa
NkAaAa
MhMbAa
RgKaAa
NsVbAa
SfXbAa
MkAaAa
RgKaAa
TbUaAa
PwGaAa
PwUaAa
OlCbAa
QbAaAa
EyNbAa
CxFaAa
LuLaAa
OzEaAa
LqHaAa
EsWaAa
TyNaAa
GiBbAa
SiJbAa
EjGbAa
KdQaAa
FzFbAa
RjYbAa
JqAaAa
CjBaAa
WdFaAa
XaAaAa
RgJbAa
IkEaAa
QyBaAa
JmTbAa
LdHaAa
XlPaAa
CwSaAa
JqAaAa
KdGaAa
AzAaAa
MdJaAa
DrAaAa
OkCaAa
MgYbAa
PeKaAa
PrNbAa
BcGaAa
VpUaAa
QdNaAa
PxKaAa
PbAaAa
QcBaAa
BxDbAa
PnJaAa
LmEaAa
AuAaAa
EtIaAa
UsKaAa
ImHaAa
CoCaAa
LdCaAa
CsMaAa
KcIbAa
UuMaAa
VeRaAa
RaDaAa
QdNaAa
AlLaAa
LuDbAa
MwBaAa
MvMaAa
BaAaAa
PbNaAa
TrIaAa
BaAaAa
BsDaAa
EoKaAa
EeDaAa
OrBaAa
CdAaAa
VgRaAa
UxHbAa
AfSbAa
LtXbAa
MlKaAa
EjGbAa
CxFaAa
LsBbAa
AxDaAa
MjZbAa
XjMaAa
OfHbAa
VgEbAa
LnCaAa
CdAaAa
GfKbAa
EuDaAa
OpKaAa
LmEaAa
HaHbAa
YsBaAa
RbPaAa
WeZaAa
BpHaAa
NnAaAa
CvFaAa
CzDaAa
FzYbAa
TsXaAa
WiMbAa
KqAaAa
TjVaAa
NkAaAa
SbFaAa
TpLaAa
CjCaAa
JjSaAa
KdQaAa
IzUaAa
TcGaAa
ZgIaAa
MaNbAa
PjEbAa
DaOaAa
DhTbAa
YbTbAa
EaLbAa
GpEaAa
ReQbAa
NhAaAa
ZgIaAa
VaAaAa
WgBaAa
ZmZaAa
NcKaAa
HcAbAa
KgPbAa
ToXaAa
LwCaAa
PySbAa
BiKaAa
KdRaAa
BgYaAa
JfAaAa
VoWaAa
ImGaAa
HpPaAa
EdGbAa
GoWbAa
EeVbAa
GzCaAa
UqMaAa
NkAaAa
DsIbAa
OeQbAa
GjRbAa
YyGbAa
WoCaAa
PbAaAa
YuDaAa
JoHaAa
FuDaAa
YlMaAa
KlObAa
DcDaAa
YrRaAa
ZaHbAa
UkFaAa
HqJaAa
UeGaAa
TkXaAa
AfLaAa
SfUaAa
TsDaAa
PgFaAa
AcHaAa
QfIbAa
HrJbAa
UeEaAa
UrHaAa
NdObAa
JkYbAa
ToHbAa
BpGaAa
BlLaAa
CsPbAa
JcAaAa
LbJaAa
MrWaAa
WiMbAa
YbSaAa
DsEbAa
HyAaAa
CaAaAa
AtTaAa
YiIbAa
WdYbAa
HlLbAa
MwBaAa
DbKaAa
ZbSaAa
GmPbAa
DdAaAa
KmEaAa
CdAaAa
RjWbAa
QrJaAa
TyNaAa
KnCaAa
GiCbAa
QyBaAa
JpJbAa
OtNbAa
JkYbAa
FfFaAa
SmCaAa
MjVbAa
NnAaAa
XuDaAa
DgAaAa
CaAaAa
DvLaAa
PvDaAa
DvCaAa
XmCbAa
ZzGaAa
IiNbAa
UrIaAa
KhQaAa
XlDaAa
PfTaAa
LkDaAa
JrDaAa
JgLaAa
EuDaAa
GoIbAa
JxNaAa
GaFaAa
WpNaAa
SoJbAa
EbBaAa
FeTaAa
SfWbAa
DsIbAa
PwHaAa
QwQaAa
JuKbAa
DdFaAa
JuUbAa
TeBaAa
XbEaAa
AoBaAa
LqGaAa
PfDaAa
EgBaAa
DxRbAa
FbEaAa
OoRbAa
YiTaAa
WoOaAa
QgKbAa
GyGbAa
LgTbAa
VdFaAa
JjSaAa
ScRbAa
AfLaAa
LwFaAa
MkAaAa
DgMbAa
GfFaAa
RaGaAa
PvDaAa
LdHaAa
MdXaAa
MaNbAa
PfDaAa
NlOaAa
AdLaAa
GkGaAa
MjAbAa
AmAaAa
ZzGaAa
PqEaAa
HqFaAa
GzCaAa
UqYaAa
MuVbAa
TmLbAa
AwNaAa
EoFaAa
BsDaAa
YnDaAa
GbTbAa
MuBbAa
XtIaAa
DaWaAa
CjCaAa
VuCbAa
XiGaAa
FeIaAa
JfAaAa
DvVbAa
DcIaAa
FpEaAa
WoKaAa
CzDaAa
XbBaAa
GmPbAa
OxAaAa
QaVaAa
MwBaAa
ZlAaAa
EbBaAa
KyTaAa
BaRaAa
GzCaAa
AuWbAa
RmCaAa
BsYbAa
YsCaAa
GzCaAa
YsCaAa
ZtRaAa
IpQaAa
OkAaAa
YlMaAa
VhTbAa
MkAaAa
VxLaAa
PeAaAa
HeIbAa
DmRaAa
RgKaAa
WaAaAa
CcDaAa
ImHaAa
FbYbAa
EdGbAa
UeYaAa
JpSaAa
KoBbAa
XwKaAa
SkFaAa
WgBaAa
XxCaAa
RmCaAa
GmPbAa
IiBaAa
CyWaAa
PxKaAa
XpEaAa
EyYaAa
MjZbAa
NoUbAa
QeUbAa
JjSaAa
DbKaAa
SoYaAa
VcZaAa
PfCaAa
BsWbAa
EjBaAa
IiNbAa
CrAaAa
SvTaAa
SfWbAa
NsHaAa
WqCbAa
BjAaAa
BcGaAa
LsDbAa
SlIaAa
XeTaAa
HhFaAa
YlMaAa
EpEaAa
WpRbAa
RhIaAa
KrSaAa
KqAaAa
MtKaAa
YbSaAa
RoDaAa
CvBaAa
ReAaAa
IzFaAa
UaJbAa
FoOaAa
LrSaAa
XbMaAa
RpAaAa
VrAaAa
YsCaAa
HfFaAa
NlEbAa
IjFbAa
ItPaAa
VhPaAa
ViHbAa
BaRaAa
VqXbAa
CjCaAa
QyBaAa
VpUaAa
VdAaAa
BsDaAa
KvAaAa
VsIbAa
PaGbAa
HfKaAa
UrAbAa
EcTaAa
EyNbAa
DcIaAa
DcDaAa
KcFaAa
IpQaAa
XqOaAa
YsBaAa
JpVbAa
KbDbAa
YkHaAa
IzUaAa
KjJbAa
PfDaAa
TgYaAa
AtTaAa
WdYbAa
EzMbAa
EbBaAa
GjRbAa
KmEaAa
PbNaAa
KmEaAa
UmAaAa
DaFbAa
SlNaAa
VaOaAa
IcAaAa
PmBaAa
KnSaAa
OwGaAa
HlCaAa
MjZbAa
WwGbAa
YjQbAa
CcDaAa
FpEaAa
UxTaAa
EnRbAa
JuUbAa
JzBaAa
KfAaAa
BgYaAa
JxPaAa
EgVbAa
TzAaAa
AtFaAa
PbNaAa
JoZaAa
WgBaAa
TkObAa
MuFbAa
PhBaAa
EvFbAa
GaFaAa
DwAaAa
VkWaAa
PuUaAa
XuDaAa
UhGbAa
CmRaAa
HgCaAa
FoIbAa
KqAaAa
JfAaAa
XbEaAa
YeIbAa
MzQbAa
MbLbAa
RxLbAa
NhHaAa
BcQaAa
RnHaAa
MfRaAa
YrRaAa
PcKbAa
WzYbAa
TjVaAa
YmOaAa
RmYaAa
KgLaAa
JuKbAa
FeOaAa
RmCaAa
TzAaAa
WdQbAa
TvFaAa
RyPaAa
KrObAa
MwBaAa
GnDaAa
OjJaAa
JkEaAa
PcKbAa
OpFaAa
BaIaAa
JoVaAa
PvDaAa
JdFbAa
EuDaAa
XoJaAa
XmCbAa
CzDaAa
LgTbAa
RoJbAa
ZnDaAa
CqMbAa
EnUbAa
LpBaAa
LfBaAa
JmLaAa
TyNaAa
WpNaAa
IgIbAa
MdCaAa
AuAaAa
RvJaAa
IgIbAa
HyAaAa
ImGaAa
FsBaAa
UgXaAa
FxBaAa
LlFaAa
DgJaAa
ImTaAa
RgKbAa
LvEbAa
YkGaAa
CxVbAa
LdCaAa
MwBaAa
ZuZaAa
XmCbAa
DrAaAa
DyEbAa
DdAaAa
CuEaAa
EgBaAa
BlEaAa
SfUaAa
NpPbAa
OcMaAa
WrHaAa
DcIaAa
GxBaAa
OjJaAa
YoJaAa
XdAaAa
CxFaAa
OqRbAa
QlBbAa
RjNaAa
TbCbAa
SfWbAa
ZxHaAa
LyBbAa
UrHaAa
RtBaAa
WrAaAa
BsDaAa
EbNbAa
LdHaAa
TpHaAa
FsCaAa
HkWbAa
EgVbAa
BnIaAa
PhTaAa
EpEaAa
XiMbAa
JwUbAa
CzDaAa
KwAbAa
BzAaAa
FbYbAa
GnQbAa
GvHaAa
QsRaAa
OkCaAa
OpKaAa
PbAaAa
VxFaAa
LmNaAa
GnDaAa
MwBaAa
ZzCaAa
JcLaAa
PaZbAa
MwBaAa
ZzGaAa
FiGaAa
MdObAa
JaSbAa
QdNaAa
HjQbAa
OpOaAa
OtYaAa
FfFaAa
GvIaAa
SbWbAa
GlAaAa
RcSaAa
QcBaAa
OiUbAa
MxSaAa
PkKbAa
LcFaAa
QoLbAa
BxDbAa
TkXaAa
BpHaAa
HvJbAa
VuIbAa
LdCaAa
WoOaAa
ZgCaAa
KoBbAa
SaQaAa
XoWbAa
LfAaAa
AjNbAa
IeWbAa
NfOaAa
FiJaAa
ZvQaAa
WoKaAa
CvCaAa
ZtRaAa
JtWbAa
BpLaAa
NvKaAa
ZrNaAa
NwFbAa
MdOaAa
AsEaAa
CoCaAa
YlMaAa
IwZaAa
ImBbAa
ZsOaAa
GtUaAa
XeTaAa
MaBaAa
EdGbAa
UwSaAa
YsBaAa
DgAaAa
JoZaAa
PfIaAa
ZnBaAa
CxFaAa
HtAaAa
UnUaAa
BnTbAa
QwJbAa
LhXaAa
RaDaAa
GjRbAa
TjAaAa
WdAaAa
LlFaAa
OpFaAa
AqRaAa
IzRaAa
BqMaAa
EuYaAa
KyDaAa
PmKbAa
QtJaAa
GtUaAa
XwAaAa
ZrEaAa
TjVaAa
OlCbAa
EgVbAa
ZnBaAa
CrAaAa
LbIaAa
TaJaAa
TzAaAa
TvFaAa
ShDaAa
UnNaAa
QnTaAa
CrAaAa
CdAaAa
IiBaAa
ZuJaAa
DgMbAa
HlCaAa
OpFaAa
VcWaAa
QaVaAa
DaWaAa
CiKaAa
KyTaAa
NhJaAa
MfBaAa
YkBbAa
RvJaAa
BjBaAa
YsCaAa
ObAbAa
SmCaAa
FfQbAa
JpJbAa
WcLbAa
NsGaAa
TdPaAa
EeCaAa
UhVaAa
PwHaAa
ZbSaAa
AyHaAa
LhYaAa
XgEaAa
UeGaAa
BbSbAa
CsMaAa
StBaAa
EiRaAa
CdAaAa
HkTaAa
DcIaAa
XoJaAa
WoEbAa
HxUaAa
NtWaAa
CwSaAa
ImBbAa
MoAbAa
FxBaAa
DiXaAa
RcFbAa
UeRaAa
EbBaAa
EuDaAa
WrIaAa
IuOaAa
HaFaAa
MoAbAa
PvDaAa
WcIaAa
UbUaAa
FsBaAa
UrAbAa
JhKaAa
DbKaAa
GfKbAa
MfGaAa
FhUbAa
RtBaAa
FiGaAa
GjMaAa
WoKaAa
FsBaAa
XvYbAa
WqCaAa
DgMbAa
JdBaAa
YvRaAa
BwEaAa
QlHaAa
YyOaAa
HbYbAa
HuVaAa
GwVaAa
ZaFaAa
VaAaAa
VaObAa
UrAbAa
VeXaAa
CjCaAa
EuYaAa
JoHaAa
ViAbAa
EiXaAa
EnRbAa
UhVaAa
UnNaAa
LqHaAa
KvPbAa
OjJaAa
FfQbAa
WoYbAa
DeHaAa
JkIaAa
LzEbAa
LdCaAa
TzAaAa
ObAbAa
EqWaAa
XgBaAa
QrJaAa
HvNaAa
TfPaAa
JfAaAa
PiRbAa
YyGbAa
VkOaAa
OfAbAa
VcDaAa
OkCaAa
GsCaAa
VdFaAa
XgEaAa
LcUaAa
VfGbAa
DhTbAa
JcAaAa
ZrPaAa
BjAaAa
MdCaAa
LaKaAa
ZmNbAa
HcNaAa
ScRbAa
TpZaAa
FvYbAa
HhFaAa
RpVaAa
WiHaAa
ImBbAa
QcEaAa
FiEbAa
BvBaAa
FhUbAa
ZrPaAa
PjZaAa
BaIaAa
MwBaAa
UiAbAa
SmJbAa
NqKbAa
EyCbAa
SvTaAa
OsAaAa
EqWaAa
CoCaAa
XnQbAa
HxIaAa
FiOaAa
WgGaAa
WrAaAa
ImBbAa
IyKaAa
JbGaAa
OkCaAa
RaGaAa
RyBaAa
SfWbAa
YaFaAa
OaYbAa
BaAaAa
MbLbAa
PkKbAa
OjMbAa
ZqFaAa
RmJbAa
BmSaAa
CaXaAa
TdPaAa
WaAaAa
PaZbAa
DjUaAa
LvEbAa
YfKbAa
VuCbAa
YbSaAa
FfQbAa
XmCbAa
KgUaAa
TeQaAa
UjBaAa
VcDaAa
FzLaAa
TkXaAa
WgOaAa
YkBbAa
OzMaAa
TfPaAa
LrKaAa
GqJaAa
XdAaAa
JjSaAa
AhDaAa
VzDaAa
EjGbAa
CwAaAa
JpSaAa
YbSaAa
PqEaAa
PhZaAa
MsGaAa
LgTbAa
QbAaAa
LjQaAa
MkBaAa
BiKaAa
KrSaAa
WgGaAa
RaDaAa
UiAbAa
JoVaAa
WpNaAa
WiHaAa
VzAaAa
MkBaAa
BzUbAa
PaSaAa
TsDaAa
QeKaAa
PxAaAa
ViWaAa
BwEaAa
YrRaAa
WyEaAa
ViWaAa
YsBaAa
QpAaAa
UvLaAa
YaFaAa
DiXaAa
DaOaAa
ZmZaAa
ZgCaAa
EpNaAa
CqMbAa
CaAaAa
BjLaAa
QlBbAa
QdNaAa
NqLaAa
KmEaAa
MnFaAa
HtAaAa
UyNaAa
GwVaAa
QkKbAa
UoCaAa
QbAaAa
PhEaAa
MoEaAa
ZsCaAa
JrObAa
FzYbAa
VhTbAa
BsXaAa
DrAaAa
DgMbAa
TqMaAa
XeIaAa
ZaFaAa
AoBaAa
EeVbAa
VaAaAa
PaQbAa
IyGbAa
EtRbAa
QyBaAa
KrSaAa
JjFaAa
JoHaAa
PrNbAa
NhAaAa
ViHbAa
AhDaAa
RnHaAa
WrUaAa
HrPaAa
RtCaAa
YnPaAa
VdAaAa
LxEaAa
PmKbAa
RdSbAa
WyMaAa
KqAaAa
RgKaAa
FnDaAa
JpSaAa
TmAaAa
ZaHbAa
StFaAa
XpEaAa
JfAaAa
OjXbAa
RnHaAa
VaAaAa
BfPaAa
LuLaAa
NiPaAa
YgTaAa
AlLaAa
AjIaAa
PxGbAa
VoWaAa
YrNaAa
HrPaAa
CxFaAa
EaLbAa
UoCaAa
YkBbAa
UaJbAa
CzDaAa
XlPaAa
FyMaAa
CcDaAa
WxCaAa
GzCaAa
BaAaAa
DzDaAa
YvQaAa
UrAbAa
TbCbAa
BcGaAa
EgBaAa
IcAaAa
LbDaAa
LpBaAa
LdHaAa
WdQbAa
JuKbAa
NkAaAa
RaDaAa
OzEaAa
QcSaAa
IwZaAa
DnUaAa
LvWbAa
NhEbAa
UnNaAa
ShCaAa
VdAaAa
JdEaAa
TsSbAa
QgKbAa
YkHaAa
GtUaAa
VkOaAa
FiJaAa
EgGaAa
NnAaAa
WdAaAa
DrAaAa
JbGaAa
DkKaAa
VtDbAa
GgCbAa
FiEbAa
FgVbAa
ToHbAa
MoEaAa
ZaPaAa
GsCaAa
DxRbAa
CcYaAa
SbFaAa
NdWaAa
LfBaAa
VlDaAa
BaAaAa
CcYaAa
YaFaAa
GmPbAa
JyAbAa
UcJaAa
JwUbAa
HqFaAa
GrNaAa
QlTaAa
TsYbAa
CwAaAa
MlHbAa
ZfKbAa
LuLaAa
PjSbAa
EpEaAa
BfUaAa
AaQaAa
ScHaAa
YvQaAa
MfRaAa
XeBbAa
QgKbAa
SiJbAa
GzCaAa
FdZbAa
RyBaAa
SeFbAa
KuCaAa
ZwLbAa
KhQaAa
PcKbAa
OjMbAa
FeBbAa
ReSaAa
GjQbAa
QwJbAa
QtJaAa
DhTbAa
UsPbAa
DoXbAa
VaObAa
IcAaAa
WoEbAa
XfMaAa
MrYaAa
XeAbAa
XeCaAa
FeTaAa
YbEaAa
SoYaAa
QeUbAa
XqOaAa
YiTaAa
SaQaAa
VlDaAa
PeAaAa
SoBaAa
WiMbAa
MbTaAa
IzUaAa
YbTbAa
LkDaAa
VcWaAa
HyAaAa
AmAaAa
SbFaAa
NsHaAa
BpGaAa
WoKaAa
RlTaAa
MuFbAa
MuGaAa
RbFaAa
XeCaAa
GaFaAa
YnPaAa
HxUaAa
CdAaAa
TwEaAa
PyRaAa
HxIaAa
VuCbAa
KvPbAa
RbFaAa
KiDaAa
FoIbAa
TrIaAa
PhZaAa
ChUaAa
StFaAa
SnGaAa
KnCaAa
OjHaAa
FxBaAa
QyBaAa
HtAaAa
XaAaAa
BxTaAa
AdLaAa
XlPaAa
FzYbAa
YbEaAa
VrAaAa
OpFaAa
QyBaAa
WlDaAa
HwKaAa
HjRbAa
CzHbAa
KqGbAa
NaEaAa
NhAaAa
PfIaAa
YaFaAa
AnBbAa
YaFaAa
YvQaAa
TzJaAa
VpUaAa
CoCaAa
ZxUaAa
MrYaAa
EbBaAa
KbDaAa
ZtRaAa
NiPaAa
TvFaAa
QhWbAa
OsUaAa
FzLaAa
VlDaAa
YkZaAa
IxQaAa
FzLaAa
OsUaAa
KmEaAa
LyBbAa
LxXaAa
YrNaAa
KnSaAa
RcEaAa
CaYaAa
YyOaAa
CdAaAa
YnPaAa
JdEaAa
WoEbAa
HrPaAa
JrDaAa
NaBaAa
MoNaAa
XzLaAa
JhKaAa
DhPaAa
YvQaAa
YvQaAa
NoDbAa
DaUbAa
WaAaAa
ZaBbAa
PmKbAa
PlJaAa
EpNaAa
GmPbAa
YaFaAa
OfAbAa
CdAaAa
PfTaAa
QfIbAa
WdAaAa
SdLaAa
NhAaAa
MsHaAa
RwNaAa
WxFaAa
PiTbAa
GkHaAa
MxIbAa
RoDaAa
PoLbAa
TwEaAa
PyWbAa
DoXbAa
HeIbAa
SlVaAa
SiJbAa
LcPbAa
QbAaAa
KfAaAa
KbDaAa
KaUaAa
OaTbAa
MkBaAa
JyAbAa
FeDaAa
OyLaAa
CqMbAa
DnGbAa
VaObAa
KyDaAa
EuDaAa
JfAaAa
HgCaAa
VrAaAa
MzQbAa
VjUaAa
DbKaAa
SoYaAa
FnDaAa
TsMbAa
CeEaAa
LmEaAa
LyBbAa
CaYaAa
PhBaAa
HrPaAa
FgGaAa
TmAaAa
CaAaAa
ExCaAa
SaDaAa
AqDaAa
GjQbAa
FbYbAa
MnWaAa
RfNbAa
WaAaAa
DgAaAa
LtXbAa
YiCbAa
IbHaAa
XzLaAa
WaAaAa
PuIaAa
RbFaAa
KoIaAa
VoXbAa
QjBbAa
JpJbAa
PuUaAa
KyTaAa
XoJaAa
FeWaAa
DqBaAa
JzHaAa
QcSaAa
LiUaAa
CjCaAa
RjNaAa
YvRaAa
QnNbAa
YbEaAa
XxGaAa
GsBaAa
EeDaAa
MoAbAa
BnLaAa
NkAaAa
DmWaAa
VxLaAa
GzCaAa
QpAaAa
NlEbAa
NnEbAa
SoYaAa
CwAaAa
ExFaAa
EiWaAa
QkFbAa
JmGaAa
VcIaAa
XeCaAa
NoRbAa
WaAaAa
WdAaAa
LfAaAa
PvDaAa
WdAaAa
FsCaAa
JdFbAa
CaAaAa
BjNbAa
UzObAa
NkCaAa
FdZbAa
YgEaAa
YqNbAa
EcWaAa
HzGaAa
QzOaAa
WaAaAa
TvFaAa
ShDaAa
QrJaAa
WgOaAa
AtFaAa
MrYaAa
ZzFaAa
LdCaAa
PjSbAa
NdWaAa
DjTbAa
DxLaAa
YsBaAa
OeKbAa
YfKbAa
VdAaAa
QlGaAa
QpAaAa
WpRbAa
OzMaAa
OxGbAa
EcLbAa
PrNbAa
CwXaAa
UrHaAa
HgCaAa
NrBaAa
AmAaAa
HaHbAa
YnPaAa
PxKaAa
QdWbAa
BkYaAa
AjYbAa
QvDaAa
JdFbAa
WaAaAa
NdIaAa
OlCbAa
KdGaAa
QpAaAa
ApZaAa
IsFaAa
MkAaAa
DdTbAa
XxGaAa
UsPbAa
OvKaAa
BgSaAa
BjBaAa
WaAaAa
IhKbAa
FbYbAa
LtDaAa
TqSaAa
TgXaAa
RmYaAa
UzObAa
GoNbAa
NzKbAa
EsWaAa
EbBaAa
EoKaAa
NhEbAa
LdCaAa
RnHaAa
YbBaAa
TnIaAa
HkEbAa
CgQaAa
TwEaAa
HyAaAa
AsPaAa
EeVbAa
RbFaAa
EiRaAa
KsBbAa
BmObAa
CcDaAa
NuHbAa
DgAaAa
YiTaAa
YnDaAa
TeQaAa
NwBaAa
LiUaAa
FiMbAa
IiBaAa
FxBaAa
EcTaAa
ZxHaAa
KpYaAa
MwBaAa
DxFaAa
OfAbAa
TrIaAa
KqIaAa
IgDaAa
GaAbAa
OlCbAa
GkJaAa
CjCaAa
UnNaAa
QuQaAa
RfNaAa
DpUaAa
GsCaAa
CjBaAa
HuOaAa
FoAaAa
LdJbAa
UaJbAa
HyAaAa
KdGaAa
FgBaAa
UmFaAa
CrGaAa
HyAaAa
IkEaAa
KgLaAa
CcDaAa
KqGbAa
CsMaAa
SfNbAa
CvBaAa
NsIaAa
LtXbAa
VwMaAa
KdRbAa
EfYbAa
RiSaAa
OpEbAa
RhIaAa
LgTbAa
TgXaAa
OpFaAa
MhMbAa
DxLaAa
FgBbAa
RjPbAa
QwQaAa
VrAaAa
DjTbAa
AiJbAa
GdVaAa
YoNbAa
BmObAa
QfCaAa
PwUaAa
QcEaAa
OfHbAa
JqFaAa
HtAaAa
RcEaAa
JgLaAa
FoIbAa
PiMaAa
WpRbAa
SoSaAa
PuJbAa
ZxJbAa
LuLaAa
QzOaAa
OkAaAa
MbLbAa
XoAaAa
QxOaAa
GjUbAa
TuXaAa
DmWaAa
WgGaAa
PmPaAa
EjGbAa
EpNaAa
FmIbAa
EpEaAa
WlDaAa
HgCaAa
BqMaAa
XqOaAa
DnGbAa
CdAaAa
EeZaAa
AjIaAa
NoUbAa
XeIaAa
TsYbAa
JdEaAa
NhAaAa
LgPaAa
TjAaAa
MdZaAa
EgEaAa
HiEaAa
AzAaAa
HyAaAa
AfPbAa
GbMaAa
FuDaAa
HrPaAa
GkGaAa
DeHaAa
VwAaAa
NwBaAa
HeHbAa
OpKaAa
NlEbAa
XeIaAa
WySaAa
WoKaAa
DqYbAa
SoBaAa
VaAaAa
GiAaAa
QsQaAa
TwPbAa
MjZbAa
FeTaAa
VhTbAa
LcUaAa
QyBaAa
BxJaAa
ZsOaAa
BmSaAa
MzQbAa
QzKaAa
TtCaAa
GoYbAa
DbKaAa
EcLbAa
FsBaAa
WgBaAa
QwRaAa
LjKaAa
FeDaAa
CoMbAa
TaIaAa
PuNaAa
LhKaAa
MdOaAa
UmAaAa
XeDaAa
GkBbAa
CsPbAa
VcWaAa
QfIbAa
CzRbAa
XuDaAa
TqMaAa
VpUaAa
AgKaAa
TeQaAa
AlNaAa
DlGbAa
NdIaAa
DgMbAa
UvLaAa
GeAbAa
IfUbAa
PhBaAa
ZwLbAa
GbYbAa
NwFbAa
FqWbAa
QmLbAa
TxDaAa
EuDaAa
MwBaAa
TgYaAa
GqKaAa
PuIaAa
TpHaAa
KvPbAa
KqAaAa
BwEaAa
NxMaAa
SxUbAa
YsNbAa
AxLbAa
CwAaAa
EsCbAa
KoGaAa
SxUbAa
ZsBaAa
DzDaAa
EoKaAa
TmAaAa
GaAbAa
VpUaAa
LzEbAa
JxNaAa
UhVaAa
NhJaAa
DbKaAa
MsAbAa
KdQaAa
ZgCaAa
OpOaAa
KsBbAa
HrJbAa
FzLaAa
AbHbAa
OgQbAa
DlDaAa
LfBaAa
WqEbAa
AjAaAa
MtKaAa
SmCaAa
JzBaAa
FbBaAa
KfAaAa
NeQbAa
NkCaAa
ErAaAa
XdAaAa
FeTaAa
MoEaAa
VkOaAa
WaAaAa
FsYaAa
OaGbAa
DwAaAa
DdFaAa
ZuJaAa
ZlAaAa
VzObAa
AtTaAa
NkAaAa
KcFaAa
UsPbAa
TaJaAa
PuJbAa
NdIaAa
PkKbAa
EoFaAa
MdVbAa
AhXbAa
GbEaAa
FvHaAa
EcLbAa
MdObAa
KyTaAa
GbSaAa
MkAaAa
MaNbAa
HgIaAa
ZgIaAa
OpFaAa
WwGbAa
SiJbAa
GhUbAa
UqSaAa
LyVbAa
MnWaAa
UvBaAa
MjZbAa
EsWaAa
YdAaAa
TiKaAa
FlPaAa
OpFaAa
TgYaAa
LuAbAa
OoDbAa
QfDaAa
TkFaAa
MrWaAa
MtYaAa
VaAaAa
TeQaAa
UzJaAa
JkIaAa
YsBaAa
HxUaAa
YrRaAa
CwAaAa
GkXbAa
UtFbAa
ZtRaAa
OsHaAa
VdTbAa
RnHaAa
WlBaAa
YsCaAa
MwBaAa
TuXaAa
ZmNbAa
BuAaAa
PqNaAa
CcDaAa
DyEaAa
TjVaAa
WdYbAa
OaSaAa
YnDaAa
UoMbAa
NoRbAa
FfFaAa
EfYbAa
ZgIaAa
EwAaAa
TwEaAa
VlDaAa
MdObAa
LdCaAa
QlZaAa
QwQaAa
DsSaAa
FvHaAa
PjSbAa
CcCaAa
WoEbAa
NrBaAa
GjQbAa
RvOaAa
JjFaAa
JkIaAa
PxAaAa
WwGbAa
ZzFaAa
VdAaAa
MwBaAa
DxFaAa
DnGbAa
DoXbAa
LyVbAa
KqAaAa
CaYaAa
WgGaAa
JoVaAa
RcEaAa
EcTaAa
LdHaAa
SnIaAa
JfSaAa
WgBaAa
DcWaAa
UtBbAa
EoKaAa
JoVaAa
PjWbAa
VaOaAa
HlCaAa
VdAaAa
VeHaAa
FoIbAa
GqJaAa
VaAaAa
MiVaAa
TiQaAa
HrEaAa
XeCaAa
OqNaAa
TeBaAa
DcRaAa
ZrJbAa
PbAaAa
QcEaAa
GkJaAa
XgZaAa
BvFaAa
FiOaAa
HsNbAa
XgEaAa
SlVaAa
RiKbAa
UpFbAa
YsBaAa
VhPaAa
XgBaAa
NkAaAa
BfWbAa
YvRaAa
BjBaAa
JiBaAa
NxTbAa
ZvObAa
EdGbAa
YyOaAa
PvDaAa
PwUaAa
HiCbAa
JkYbAa
UpAbAa
VxFaAa
JgLaAa
DgMbAa
YvQaAa
RxLbAa
TsYbAa
QcEaAa
CeGaAa
GlAaAa
PxVaAa
HrJbAa
PyGaAa
IcAaAa
ImGaAa
VaJbAa
SlEaAa
ZgCaAa
QyBaAa
ViHbAa
VaAaAa
BvUbAa
RcBaAa
NhJaAa
KfAaAa
YkGaAa
OqRbAa
VaOaAa
YkZaAa
VbKaAa
ZlAaAa
HrEaAa
RrVaAa
HrPaAa
IcLaAa
WdYbAa
XeCaAa
PwIaAa
HcNaAa
QlTaAa
DgMbAa
DlGbAa
AnBbAa
YsCaAa
UaJbAa
YiTaAa
RjNaAa
JdFbAa
CcDaAa
YaFaAa
RbFaAa
UoCaAa
KmEaAa
FwKaAa
AmAaAa
EuDaAa
ImTaAa
DeGaAa
ToHbAa
HlAaAa
MdCaAa
NdIaAa
DlGbAa
KnCaAa
MwCaAa
EjCaAa
JfSaAa
WzYbAa
EqCaAa
JcAaAa
ViHbAa
EvFbAa
RpVaAa
ZmZaAa
ZhFaAa
KvPbAa
WhPaAa
OpOaAa
YvRaAa
LyBbAa
OpFaAa
OeFaAa
BcGaAa
VhPaAa
VhPaAa
PtNbAa
WlBaAa
CdAaAa
WsCbAa
EcTaAa
AzAaAa
RaGaAa
UzBbAa
RbFaAa
WlDaAa
DgAaAa
LdCaAa
RvJaAa
CwSaAa
GvHaAa
BkSaAa
KdGaAa
EgBaAa
RuRaAa
WzYbAa
KuKbAa
BpGaAa
RtBaAa
UvLaAa
PySbAa
JhKbAa
TrIaAa
CxFaAa
PmPaAa
JfAaAa
XdAaAa
XlBaAa
IiBaAa
FpEaAa
XiEbAa
DeHaAa
MkAaAa
LjKaAa
UsPbAa
JkIaAa
QcEaAa
QmLbAa
FnDaAa
MdCaAa
EuDaAa
ZcHbAa
EoKaAa
PhBaAa
VpFbAa
AoBaAa
OfAbAa
MtKaAa
MuBbAa
ZrEaAa
YfKbAa
LqGbAa
VdAaAa
YxBaAa
CsPbAa
XhMaAa
NkAaAa
SoYaAa
ZrEaAa
GfKbAa
MpBaAa
FeTaAa
BqMaAa
AfLaAa
ZuJaAa
QmLbAa
LqIaAa
VkOaAa
FpNaAa
NkCaAa
LzEbAa
MrWaAa
IsVaAa
HiIbAa
ZeNaAa
UhVaAa
DgAaAa
KmVaAa
HgCaAa
CaAaAa
ZaBbAa
AnBbAa
PeKaAa
QsQaAa
LtMbAa
InBaAa
YyGbAa
MxIbAa
SkFaAa
KnSaAa
YsBaAa
IkIbAa
HrQaAa
ZvNaAa
CeRaAa
BmObAa
QfIaAa
KmNaAa
GjRbAa
VwAaAa
QlZaAa
TlIaAa
NdWaAa
HdKbAa
BmAaAa
TtBaAa
RaVaAa
VdAaAa
EbBaAa
NkAaAa
HgCaAa
NrBaAa
PeAaAa
JfAaAa
UsPbAa
HlCaAa
OfAbAa
FmOaAa
TmSaAa
MoEaAa
GsCaAa
CuAaAa
YkBbAa
DnGbAa
AnGaAa
RwPaAa
IoZaAa
JpSaAa
NxMaAa
LyBbAa
JgLaAa
ZxJbAa
AjIaAa
QeUbAa
UhUaAa
FiOaAa
DxFaAa
NoRbAa
SfWbAa
EpNaAa
ZmYbAa
VsPbAa
PeAaAa
GbQbAa
XxCaAa
XzLaAa
BaAaAa
TsYbAa
GzCaAa
KqBbAa
CpHaAa
GiAaAa
PbAaAa
XoJaAa
LxEaAa
BoRaAa
DoXbAa
TsYbAa
HrEaAa
OtNbAa
WpNaAa
ZgCaAa
RjYbAa
AxDaAa
UuXaAa
XzLaAa
GbTbAa
JcAaAa
QcBaAa
CvFaAa
UiAbAa
QyBaAa
JpSaAa
VfGbAa
RcFbAa
XxCaAa
ZfKaAa
HlQbAa
NvCbAa
YrRaAa
FzFbAa
OiMaAa
SxDaAa
XdAaAa
XgZaAa
WuYaAa
DdTbAa
LcAaAa
AqQaAa
EfYbAa
TeQaAa
MwBaAa
AmYaAa
ZzFaAa
HzGaAa
DyEaAa
EyNbAa
BkSaAa
LgTbAa
HhRbAa
PrOaAa
XvHaAa
RaGaAa
PbAaAa
QjIbAa
EsCbAa
XdVaAa
VjCaAa
EyTbAa
YbTbAa
LqHaAa
EsCbAa
GqJaAa
CxFaAa
XkPbAa
PxGbAa
ZgCaAa
LyBbAa
BsDaAa
NvYaAa
TrIaAa
DkVbAa
MwBaAa
OpWbAa
IkTaAa
NoRbAa
ItAaAa
SiJbAa
MjZbAa
ZlJbAa
SnGaAa
UeEaAa
MdJaAa
RaDaAa
OkUbAa
ZsCaAa
FzLaAa
EbBaAa
UeEaAa
XwKaAa
JwUbAa
OpWbAa
WcDaAa
XlDaAa
CcCaAa
QcEaAa
BaAaAa
KmEaAa
GmWbAa
MwBaAa
YiIbAa
LdCaAa
TjVaAa
OyMbAa
MsAbAa
HsOaAa
DmWaAa
BwEaAa
OfHbAa
MyVbAa
YlBaAa
BqDaAa
QlBbAa
GsBaAa
WgBaAa
MdOaAa
ObAbAa
PeAaAa
CuSaAa
UqYaAa
YxXbAa
KmEaAa
KnSaAa
PeAaAa
VdAaAa
GjRbAa
ChUaAa
OhGaAa
MkVaAa
VxBbAa
TrIaAa
MnWaAa
HoNbAa
JcAaAa
MbJbAa
GtUaAa
BxJaAa
HzGaAa
ZaPaAa
BmVbAa
UzObAa
PmBaAa
HzGaAa
KfAaAa
RtBaAa
CaYaAa
DoSbAa
LgPaAa
DdFaAa
MdVbAa
EmKaAa
YaFaAa
MwBaAa
NnEbAa
JfAaAa
AlNaAa
KbUbAa
CyWaAa
CqYaAa
TxVbAa
XoJaAa
JgNbAa
EdGbAa
VgRaAa
TdPaAa
LzNaAa
JmLaAa
FgZaAa
RtCaAa
PjSbAa
CwAaAa
PeAaAa
QfIbAa
UuAaAa
AqDaAa
WkKaAa
LzNaAa
WlBaAa
BaRaAa
DzDaAa
NvYaAa
RiSaAa
TfPaAa
XdAaAa
FfFaAa
NeFaAa
MrYaAa
NkAaAa
XbEaAa
CxFaAa
MjZbAa
AtTaAa
LrSaAa
VrAaAa
OaZbAa
IlJbAa
OjHaAa
GfFaAa
XeCaAa
VkOaAa
CaXaAa
XvYbAa
NtWaAa
DeHaAa
HrQaAa
JuKbAa
SkFaAa
OlCbAa
BwEaAa
GrNaAa
ZaLaAa
LiDaAa
KyTaAa
TzJaAa
LlFaAa
XeCaAa
MwBaAa
DwSaAa
ImHaAa
PmPaAa
BmAaAa
PbAbAa
JpSaAa
XeCaAa
FySaAa
UzAaAa
MtYaAa
EeCaAa
FoAaAa
WlBaAa
VaAaAa
PeAaAa
RfNbAa
MjZbAa
QcEaAa
LyVbAa
JzIaAa
HvNaAa
HuOaAa
ZgCaAa
FvHaAa
GoNbAa
ZlCaAa
QlTaAa
BxTaAa
AmAaAa
YbEaAa
ZeNaAa
SkFaAa
VcWaAa
FeDaAa
EoFaAa
FsBaAa
BxDbAa
UmMbAa
SlYbAa
HqTaAa
KzBaAa
EnUbAa
EdAaAa
GxBaAa
ZuZaAa
UdPaAa
CsPbAa
DjCaAa
JzBaAa
QfIbAa
IiAaAa
BcGaAa
YyGbAa
QcEaAa
UhGbAa
RiSaAa
LkDaAa
UbUaAa
BhLaAa
VgJaAa
KhQaAa
YxBaAa
XkPbAa
GwVaAa
JhKbAa
NlOaAa
PyGaAa
AxDaAa
CzDaAa
JkIaAa
PfHbAa
LdHaAa
ZlAaAa
WdAaAa
MuFbAa
KqBbAa
ShDaAa
PuJbAa
DeGaAa
IiBaAa
JdFbAa
KzBaAa
PbNaAa
YiIbAa
CaAaAa
VdFaAa
BjLaAa
KuCaAa
RiSaAa
LvEbAa
VdAaAa
CsMaAa
GxYbAa
SqDaAa
AfLaAa
CaXaAa
ImNbAa
PeAaAa
VaObAa
JoHaAa
FeDaAa
DcDaAa
SfPbAa
EvFbAa
YiTaAa
EyYaAa
AxZaAa
KaUaAa
EnUbAa
JbGaAa
JyAbAa
DnGbAa
GjRbAa
HbQbAa
XbEaAa
GtUaAa
BxJaAa
LtXbAa
DcWaAa
FqWbAa
FnDaAa
TsDaAa
OjXbAa
TpLaAa
IcAaAa
UwEbAa
RnZaAa
RgKaAa
FoAaAa
ErUbAa
UgLbAa
SxUbAa
QtJaAa
JhJbAa
AqDaAa
MoNaAa
BaAaAa
CqYaAa
HkWbAa
WoOaAa
CxFaAa
NwFbAa
FnDaAa
MtYaAa
GrNaAa
LdCaAa
UtBbAa
EgGaAa
AnBbAa
ZqTaAa
BxTaAa
VgObAa
JcAaAa
OhBbAa
ImGaAa
VjCaAa
WaZaAa
MfRaAa
OaSaAa
WaAaAa
XlBaAa
UlUaAa
CaAaAa
PbAaAa
UpFbAa
MrYaAa
DzDaAa
DlDaAa
LfAaAa
OsAaAa
JcPaAa
BsXaAa
IyKaAa
MtYaAa
VuMaAa
WoOaAa
EeZaAa
FgBaAa
ZnDaAa
TjAaAa
OaSaAa
YaFaAa
YoNbAa
TaJaAa
NsGaAa
FiEbAa
AjIaAa
LwUbAa
QmMaAa
CrAaAa
DoMbAa
EcOaAa
DmWaAa
HrJbAa
ZqTaAa
DsIbAa
MtKaAa
MwBbAa
MjZbAa
XgEaAa
SfUaAa
DmWaAa
YeIbAa
DgMbAa
HrPaAa
XkCbAa
DrAaAa
LaKaAa
LqHaAa
XmCbAa
BvTaAa
JcAaAa
YlMaAa
RbFaAa
TaJaAa
KuCaAa
VgEbAa
MtYaAa
EvFbAa
UeGaAa
IcAaAa
QlHaAa
RmCaAa
FsBaAa
EsWaAa
IxQaAa
JqAaAa
MxIbAa
RcFbAa
FlBaAa
SkFaAa
DqSbAa
NcYbAa
ZrNaAa
BzJaAa
PeAaAa
UvLaAa
PbNaAa
BzAaAa
IeWbAa
CcCaAa
ZwLbAa
EbNbAa
ZxHaAa
CjCaAa
OjHaAa
BnLaAa
JcAaAa
NwFbAa
EdGbAa
ZrPaAa
OfAbAa
PeAaAa
UpFbAa
LcFaAa
StCaAa
TsYbAa
MwBaAa
SaDaAa
HdKbAa
BsXaAa
ZlAaAa
WxFaAa
VdAaAa
LgTbAa
FeBbAa
TgYaAa
LbJaAa
PbNaAa
WlDaAa
PsAaAa
RbLaAa
PjSbAa
DgAaAa
RxLbAa
CvCaAa
BiKaAa
MjZbAa
PhBaAa
UtFbAa
QzKaAa
PfTaAa
RdSbAa
KoBbAa
BuAaAa
KcPbAa
CdAaAa
MrWaAa
GkHaAa
PeAaAa
JmTbAa
SfWbAa
OwFbAa
PcKbAa
EnUbAa
CjBaAa
SvTaAa
WpRbAa
LtMaAa
QpAaAa
WpNaAa
ZnPaAa
BsYbAa
JdEaAa
IhFbAa
FvYbAa
VbKaAa
XmCbAa
EgHaAa
SlYbAa
YyOaAa
LuLaAa
MzQbAa
TiKaAa
StBaAa
PxAaAa
MdJaAa
AjIaAa
MkAaAa
XyVaAa
KpYaAa
UzObAa
LvEbAa
EuDaAa
VgJaAa
FgAaAa
TrIaAa
SlVaAa
LqLaAa
NqKbAa
SrZaAa
EgBaAa
FvYbAa
PeAaAa
PfIaAa
BmSaAa
PyXbAa
YaFaAa
RsJbAa
GdVaAa
UvBaAa
AhNaAa
AhCaAa
MrYaAa
YkZaAa
RnHaAa
CeXaAa
NfOaAa
RoMaAa
ShDaAa
QlZaAa
NhHaAa
NrCbAa
NiPaAa
PuNaAa
DgAaAa
BpGaAa
GzCaAa
TzAaAa
BiDbAa
DaAaAa
OpFaAa
OkCaAa
YpPaAa
AnGaAa
KyTaAa
AaQaAa
MfGaAa
RiSaAa
EtLbAa
MaBaAa
XqOaAa
QcBaAa
WdAaAa
FvYbAa
IkEaAa
WiHaAa
CjCaAa
QhBaAa
WaAaAa
UhGbAa
BxTaAa
DxLaAa
MsHaAa
KbDaAa
XtIaAa
UvBaAa
DcIaAa
MnWaAa
MaNbAa
PbAaAa
VgRaAa
PeAaAa
HzGaAa
TrIaAa
WrUaAa
UvLaAa
PyXbAa
LaKaAa
TrIaAa
MuBbAa
MfEaAa
CdPaAa
RaDaAa
BaAaAa
BaAaAa
BqJbAa
KbUbAa
NcKaAa
FxBaAa
AhNaAa
MwBaAa
PlPbAa
TzAaAa
WrUaAa
TzTaAa
UiAbAa
XzLaAa
RjEaAa
CuSaAa
GoNbAa
BiDbAa
ZkSbAa
HgCaAa
PhBaAa
HtAaAa
SvTaAa
LlFaAa
OpFaAa
FyVaAa
KbUbAa
BzJaAa
TaJaAa
SfUaAa
WeZaAa
XwKaAa
SaDaAa
VrAaAa
GfQbAa
AnGaAa
ZgCaAa
WdAaAa
JaSbAa
ZsBaAa
PhBaAa
BnTbAa
NlEbAa
OpFaAa
QyBaAa
RdNaAa
RbPaAa
MwBaAa
HgCaAa
RgKaAa
QcBaAa
GwKbAa
CcDaAa
SbPaAa
FnDaAa
AjEaAa
YnDaAa
ScRbAa
SnBbAa
TvTaAa
GkBbAa
DaAaAa
GfKbAa
VdAaAa
LyHbAa
IfKaAa
PvQbAa
XwKaAa
MjZbAa
SxUbAa
ItRaAa
TsSbAa
DkSaAa
XgBaAa
XuDaAa
CsPbAa
ZaHbAa
EjPaAa
PcMaAa
ZgCaAa
JrObAa
CtBbAa
VdAaAa
ZqTaAa
ZaBbAa
RaDaAa
XxCaAa
VjCaAa
BpNbAa
OaZbAa
YaFaAa
XuDaAa
CsYbAa
IzHaAa
MnFaAa
HxUaAa
TxVbAa
KmEaAa
AyUaAa
PwUaAa
HzGaAa
JaSbAa
QdNaAa
NiPaAa
LqGaAa
YvQaAa
XqEbAa
NkCaAa
JfSaAa
RmCaAa
NhWaAa
BcRaAa
WwGbAa
VdAaAa
BjLaAa
NkCaAa
RaDaAa
LiDaAa
LbJaAa
XtIaAa
QlBbAa
XfMaAa
DgMbAa
EtRbAa
OpOaAa
CiKaAa
VhTbAa
ZuOaAa
MbDaAa
RhNbAa
CsDaAa
GkHaAa
CcYaAa
XvHaAa
DuXbAa
ZgCaAa
HtAaAa
RiFaAa
JrDaAa
TaJaAa
LyBbAa
QvDaAa
BqDaAa
HtAaAa
CaYaAa
UvFaAa
RmYaAa
OxIbAa
OxAaAa
DjCaAa
WzWbAa
HcNaAa
VvBbAa
JfAaAa
HqFaAa
ZqFaAa
LbIaAa
NpPbAa
FwKaAa
NrCaAa
IxQaAa
XeBbAa
YvRaAa
MkAaAa
KqBbAa
XeCaAa
JpJbAa
FsBaAa
JxNaAa
PeAaAa
KnSaAa
YsBaAa
FeTaAa
UlUaAa
BaAaAa
VdAaAa
EuDaAa
DxFaAa
MsAbAa
CcDaAa
RfNbAa
PuUaAa
XgZaAa
HrQaAa
LqHaAa
XqOaAa
RmCaAa
LzNaAa
TkFaAa
NtWaAa
EyQbAa
EeZaAa
BmVbAa
XeIaAa
PeAaAa
ZuOaAa
VmObAa
HcNaAa
EgEaAa
GiAaAa
AuWbAa
GkHaAa
JfSaAa
RaDaAa
BmVbAa
WaAaAa
UeMbAa
JkYbAa
WxFaAa
QwJbAa
MzQbAa
KnSaAa
KbUbAa
FnDaAa
LtMaAa
NrBaAa
QlTaAa
JqAaAa
IiNbAa
LsFbAa
EvFbAa
OqNaAa
QcBaAa
CuSaAa
GcVbAa
TpLaAa
ZuOaAa
ByNaAa
KkLaAa
IzRaAa
GgCbAa
QwQaAa
ScHaAa
KdEaAa
LzNaAa
JyAbAa
BaAaAa
VqBaAa
RbFaAa
LbIaAa
MsAbAa
QbLaAa
XjMaAa
CwAaAa
OhBbAa
EcTaAa
VdTbAa
YoFaAa
NvYaAa
SpTbAa
GzFbAa
WyMaAa
YyGbAa
VdAaAa
YbBaAa
VgJaAa
JuKbAa
ZgCaAa
JdBaAa
BpLaAa
YvRaAa
TzJaAa
OjMbAa
RnHaAa
AmAaAa
SyQaAa
JyAbAa
AzAaAa
JgLaAa
MnWaAa
OvKaAa
WpRbAa
FnDaAa
YrRaAa
XqOaAa
HqTaAa
LxEaAa
NrCaAa
BmObAa
GkHaAa
QeAaAa
OeKbAa
BxJaAa
RhIaAa
PhZaAa
ZsTbAa
SvTaAa
DyEaAa
IsTaAa
GiAaAa
HiCbAa
CkRaAa
QsQaAa
QdNaAa
RjNaAa
DeHaAa
XgZaAa
VvLaAa
SnIaAa
ZaBbAa
NqKbAa
BaAaAa
VoWaAa
ScHaAa
PhHbAa
OiQbAa
DpUaAa
WwGbAa
SkFaAa
WaAaAa
UtFbAa
IoZaAa
HtRaAa
LsBbAa
QdWbAa
LxXaAa
GfKbAa
HvNaAa
RiFaAa
YyGbAa
KbGaAa
CmRaAa
UpAbAa
JdEaAa
XjMaAa
MzQbAa
ToXaAa
BeBaAa
IeWbAa
VdFaAa
VyEaAa
PwHaAa
RcBaAa
SfWbAa
GaNaAa
RoDaAa
DmWaAa
KqGbAa
NaYbAa
MuGaAa
OpFaAa
LvSaAa
XdVaAa
HxUaAa
OkAaAa
JzQaAa
RiFaAa
YbEaAa
BjBaAa
OhBbAa
AuAaAa
JkYbAa
WoCaAa
OfAbAa
WpRbAa
TrIaAa
UiAbAa
OkUbAa
CoMbAa
SlZaAa
UoCaAa
UeEaAa
KmNaAa
OjHaAa
ZvPaAa
QcSaAa
LdCaAa
BbSbAa
XwKaAa
LxEaAa
FgAaAa
CwXaAa
WxCaAa
FsBaAa
FtHaAa
JrDaAa
KiDaAa
AhCaAa
CqMbAa
NlOaAa
MaNbAa
AtCaAa
CyNaAa
IgDaAa
EbBaAa
ItPaAa
VlDaAa
MuGaAa
ExFaAa
AhDaAa
MsIaAa
KbFbAa
JrXaAa
IzFaAa
AnGaAa
ZlAaAa
WrAaAa
UjBaAa
CuSbAa
FfQbAa
JfSaAa
QaVaAa
TsSbAa
FtIaAa
ToHbAa
GmJaAa
RfIbAa
WcTaAa
RjNaAa
QcEaAa
NkAaAa
PuUaAa
FoKaAa
WjCaAa
WgGaAa
MpXbAa
MwBaAa
LgPaAa
ZzGaAa
VaObAa
DrDbAa
XgBaAa
MsIaAa
PlSbAa
NtWaAa
TzAaAa
PrOaAa
YrNaAa
GiAaAa
AdLaAa
IyAaAa
IcAaAa
KfAaAa
XuDaAa
OkAaAa
EuDaAa
SeRbAa
EpEaAa
DsMaAa
SyBaAa
UqHbAa
PkMaAa
AqDaAa
VcJaAa
EeZaAa
XgEaAa
ImGaAa
EiMbAa
KdQaAa
PsAaAa
GjUbAa
EdGbAa
BvFaAa
NeGbAa
FzLaAa
JfAaAa
YkZaAa
LgPaAa
UeXaAa
PbNaAa
VkOaAa
YlPaAa
CaAaAa
AlEaAa
VwEbAa
PgFaAa
BmObAa
KnSaAa
AnHaAa
BvBaAa
YbBaAa
VdAaAa
ZeNaAa
ZoJaAa
MfRaAa
UzAaAa
PhTaAa
VkWaAa
GiBbAa
QmLbAa
KtXaAa
FdKaAa
ItAaAa
RaGaAa
HrPaAa
IhKbAa
TsYbAa
DxFaAa
YyGbAa
EeObAa
VlDaAa
JrXaAa
GbTbAa
VhTbAa
LjKaAa
MzQbAa
JxNaAa
ArTbAa
VhVaAa
FxFbAa
CcDaAa
ElBaAa
WgOaAa
TzAaAa
FjMaAa
YiTaAa
JwUbAa
YsBaAa
GxBaAa
DkKaAa
TrIaAa
QkFbAa
MnWaAa
AjPbAa
DtBbAa
VdAaAa
ZaBbAa
OpKaAa
IgIbAa
UdXbAa
WpNaAa
JxNaAa
LwCaAa
VdFaAa
AaDaAa
BhDaAa
EgGaAa
XpEaAa
PjWbAa
IiNbAa
AjIaAa
VxFaAa
VaAaAa
TjVaAa
GjRbAa
XxXbAa
PbNaAa
UrAbAa
QwJbAa
GiAaAa
OjMbAa
PuUaAa
JwUbAa
PvDaAa
KbUbAa
HbKbAa
FiOaAa
UcCaAa
LmEaAa
SxUbAa
SmCaAa
PmBaAa
CqMbAa
NoUbAa
HzRaAa
TsDaAa
JbGaAa
HzRaAa
PxAaAa
NaEaAa
LcUaAa
MwBaAa
YsCaAa
CoCaAa
WaAaAa
KdGaAa
DcWaAa
UzAaAa
ImHaAa
WiWaAa
OkAaAa
OpFaAa
RvJaAa
BmAaAa
BpZaAa
SqSaAa
RgKaAa
RcBaAa
TsSbAa
OpFaAa
DuMaAa
VhTbAa
OyYbAa
HlCaAa
NhEbAa
MdVbAa
FvHaAa
HvQaAa
BvFaAa
QdWbAa
IxHaAa
MkBaAa
KnObAa
GkHaAa
HyAaAa
UcDbAa
YnQbAa
MsIaAa
NhEbAa
BaAaAa
OpFaAa
GmJaAa
HrEaAa
TgXaAa
JfAaAa
BvBaAa
CdAaAa
QbLaAa
TbUaAa
GvGaAa
UrGaAa
ImHaAa
PbAaAa
OzMaAa
KmEaAa
VeMbAa
EpNaAa
KrSaAa
QmMaAa
IhFbAa
ZtRaAa
FpEaAa
XhPaAa
MnFaAa
VdAaAa
PbAaAa
ExCaAa
IlJbAa
CzTaAa
XaAaAa
SnBbAa
AiJbAa
KvPbAa
VeEaAa
KyTaAa
QkKbAa
DwAaAa
VcWaAa
OxAaAa
LdCaAa
CjCaAa
NkCaAa
KfAaAa
BaRaAa
LtMaAa
GbSaAa
NvCbAa
VaObAa
KiDaAa
TrIaAa
ZcHbAa
LtXbAa
NpPbAa
ImTaAa
EcLbAa
ReSaAa
FbBaAa
DjTbAa
GeCaAa
VbKaAa
EeZaAa
YpPaAa
FeDaAa
WqEbAa
UpAbAa
ImHaAa
ImBbAa
QyBaAa
EfYbAa
NdEbAa
KbUbAa
SxUbAa
LiUaAa
QjZaAa
KfAaAa
NhAaAa
PzMaAa
OpOaAa
LrSaAa
VaAaAa
DrGaAa
JrObAa
CsMaAa
SlNaAa
BcRaAa
VaObAa
EpNaAa
XgEaAa
KqIaAa
RyBaAa
CeXaAa
GmWbAa
YyGbAa
MbTaAa
RwJbAa
VdUaAa
OvYaAa
CqYaAa
PxAaAa
ZlAaAa
YnPaAa
KyDbAa
GbTbAa
QnTaAa
VaObAa
PwIaAa
OkAaAa
BsXaAa
TlEaAa
OdHaAa
TiQaAa
KcSbAa
QlBbAa
HzFaAa
WoOaAa
IiBaAa
WsCbAa
UoCaAa
NoRbAa
TrIaAa
AnBbAa
NdIaAa
AtTaAa
MiDaAa
DjCaAa
QjEaAa
KcPaAa
SzAbAa
RbPaAa
JrDaAa
JoVaAa
NhEbAa
EbBaAa
UuMaAa
XmCbAa
JyJaAa
LsDbAa
LqAaAa
NuHbAa
FiVbAa
HyAaAa
UtFbAa
XoIbAa
BjBaAa
PhBaAa
YiTaAa
HiEaAa
AhDaAa
RtBaAa
BzAaAa
AhXbAa
VnEaAa
GzCaAa
OqKbAa
UeMbAa
TkFaAa
EeZaAa
HrPaAa
NzYaAa
HhFaAa
UeGaAa
UeEaAa
KyTaAa
MwBaAa
SkFaAa
OsAaAa
DwAaAa
DpFbAa
MvAaAa
GiAaAa
PjEbAa
HzGaAa
KcFaAa
SaDaAa
RxLbAa
KgUaAa
NeFaAa
YcAbAa
GnQbAa
ZeNaAa
LdCaAa
JrXaAa
DxRbAa
OdWaAa
MuBbAa
PhEbAa
NrBaAa
UjAaAa
KrSaAa
MdJaAa
TbCbAa
HbTbAa
BkDbAa
VgMbAa
QzKaAa
SiJbAa
FpRbAa
HzRaAa
LvEbAa
AlEaAa
QcBaAa
XiJaAa
ScHaAa
PbAbAa
TbCbAa
MzQbAa
WzYbAa
FgBbAa
EpEaAa
SaCaAa
OlCbAa
SpTbAa
ZxCaAa
CxFaAa
OaGbAa
BkSaAa
PwHaAa
GfKbAa
WdYbAa
UtFbAa
PwBaAa
NdWaAa
WfVaAa
CaAaAa
AvJaAa
MoNaAa
KnVbAa
RiFaAa
OpCbAa
GiCbAa
OqRbAa
RzKaAa
ZgIaAa
JoHaAa
KmEaAa
BpLaAa
IgIbAa
QpAaAa
ZsCaAa
ScRbAa
WaAaAa
AzAaAa
MoAbAa
JnYaAa
DgAaAa
YbSaAa
MsAbAa
MoNaAa
GoNbAa
NkCaAa
LtDaAa
HvNaAa
ZxUaAa
VgRaAa
KfAaAa
LgPaAa
IzUaAa
VaAaAa
RmCaAa
DlDaAa
PvVaAa
PhTaAa
WxFaAa
CnNaAa
TpLaAa
GvGaAa
LqHaAa
EnRbAa
DrAaAa
RcFbAa
CxFaAa
QcBaAa
GwKbAa
JdEaAa
LcUaAa
DcDaAa
UnNaAa
TjVaAa
DiXaAa
YsCaAa
RgJbAa
CwAaAa
HkWbAa
MoEaAa
ZvNaAa
JrObAa
AnBbAa
MtYaAa
GnDbAa
AwNaAa
SoBaAa
ZvPaAa
DxRbAa
TcDbAa
NnEbAa
KpYaAa
QcSaAa
BdPaAa
QfIbAa
YjQbAa
KbDbAa
KfAaAa
CuSbAa
OzEaAa
HyKaAa
VlDaAa
EuDaAa
PmKbAa
DzDaAa
IzUaAa
XeCaAa
BjLaAa
OjJaAa
SkAbAa
YiTaAa
QqEaAa
ShDaAa
WgOaAa
RyPbAa
IsFaAa
UjAaAa
JhFbAa
FjMaAa
VrAaAa
CaAaAa
EvFbAa
CeEaAa
NdIaAa
KyDaAa
NwFbAa
SbFaAa
NaNbAa
PbAaAa
FbEaAa
TzAaAa
DkRaAa
AnBbAa
AbBbAa
DzDaAa
ImHaAa
PlPbAa
HnBaAa
BcRaAa
TcDbAa
AuAaAa
UqYaAa
IcAaAa
ImGaAa
PwUaAa
EpNaAa
PwHaAa
CxFaAa
MkAaAa
HlLbAa
NyLaAa
ItAaAa
GbZbAa
RwJbAa
DbKaAa
ZaHbAa
GjUbAa
OhCbAa
FsBaAa
DgAaAa
TeQaAa
WdAaAa
ReAaAa
SlNaAa
EuDaAa
ZgCaAa
HxIaAa
EaWaAa
DhPaAa
MpXbAa
KbUbAa
RlNbAa
NpPbAa
OqNaAa
QlHaAa
MfEaAa
CuWbAa
DdFaAa
TkQaAa
VlDaAa
OeKbAa
YbSaAa
FxBaAa
FnDaAa
IsTaAa
GgAaAa
DgMbAa
YaFaAa
LxXaAa
WvFbAa
FgAaAa
GgCbAa
VxFaAa
LkDaAa
FoAaAa
QyJbAa
NqKbAa
DxLaAa
LzXaAa
RhIaAa
ZfKaAa
UeGaAa
BjAaAa
YiIbAa
NvYaAa
LhQaAa
FeWaAa
LtXbAa
XvYbAa
JuKbAa
SyQaAa
DoXbAa
QhBaAa
JpSaAa
SkFaAa
GwVaAa
MoNaAa
ZuOaAa
ZmZaAa
BxDbAa
GsCaAa
XuDaAa
DxRbAa
NsHaAa
FgZaAa
CdAaAa
KtXaAa
UvBaAa
TiQaAa
FvGaAa
GaObAa
MoNaAa
FnDaAa
PhBaAa
HtAaAa
EfGbAa
XeTaAa
HlLbAa
KfAaAa
EuDaAa
SiFaAa
GkCbAa
JjSaAa
FfFaAa
IcLaAa
GvHaAa
DgAaAa
QlZaAa
FfQbAa
UrGaAa
AzLbAa
SkFaAa
RtBaAa
JzBaAa
RoMaAa
GzCaAa
KhQaAa
WgBaAa
WxFaAa
TjAaAa
AcHaAa
LcUaAa
BzDbAa
MnWaAa
IvXbAa
PjSbAa
KvPbAa
DsIbAa
VuMaAa
UeMbAa
AfWbAa
NkCaAa
RnHaAa
ZqJaAa
LcUaAa
DhYbAa
IcAaAa
JoVaAa
MuFbAa
WqCaAa
CzDaAa
LgPaAa
EuDaAa
CkRaAa
EpEaAa
SnIaAa
QcSaAa
InMaAa
LtSbAa
BaAaAa
ZuJaAa
VlDaAa
PfCbAa
GnDaAa
CdAaAa
UvLaAa
JjSaAa
UaJbAa
AzAaAa
AyQaAa
NxSaAa
EeZaAa
NvCbAa
StFaAa
BpHaAa
MnWaAa
KqAaAa
RwPaAa
VhTbAa
XoWbAa
MfRaAa
NwBaAa
FuYaAa
LzTbAa
AjNbAa
AnBbAa
UmAaAa
PeAaAa
DgJaAa
HzFaAa
QdNaAa
AiFbAa
HqFaAa
VdFaAa
QbAaAa
AhCaAa
OaSaAa
RwNaAa
NfOaAa
ZuZaAa
GrNaAa
GbTbAa
KdQaAa
EsWaAa
PaGbAa
FeBbAa
UqYaAa
BxTaAa
JfAaAa
BzUbAa
BaAaAa
WwAaAa
WgBaAa
JzBaAa
KbCaAa
WdYbAa
OlCbAa
KyTaAa
BxTaAa
BpGaAa
HeHbAa
IzCaAa
LtXbAa
YeIbAa
BvBaAa
KdRaAa
SuEaAa
RmJbAa
FcTaAa
ZnDaAa
VkOaAa
XmOaAa
MtYaAa
IxJbAa
MbTaAa
ZgCaAa
CwAaAa
UoCaAa
AhDaAa
VdAaAa
RjEaAa
GrNaAa
MhWaAa
AaHaAa
AoBaAa
AoBaAa
XwKaAa
IgIbAa
EvCaAa
YnDaAa
CaYaAa
UsPbAa
GzCaAa
EmFaAa
SlIaAa
UaXaAa
AfNaAa
JuUbAa
DvCaAa
OpFaAa
UiObAa
ZmZaAa
NhAaAa
RaGaAa
TjAaAa
VaAaAa
OvIbAa
QcBaAa
HiEaAa
CaYaAa
HzFaAa
SsObAa
GsBaAa
CdAaAa
MtEbAa
VwMaAa
PhTaAa
XiEbAa
EbNbAa
CjBaAa
PwHaAa
GwKbAa
ExFaAa
EuDaAa
ErUbAa
OcQbAa
EuDaAa
FgAaAa
MfBaAa
VoCaAa
SlEaAa
LuAbAa
WaAaAa
CvBaAa
SvJaAa
JwUbAa
AmAaAa
MdObAa
PxAaAa
EsYaAa
WrUaAa
SlYbAa
HxRaAa
OsAaAa
TcHaAa
QaVaAa
ZsBaAa
MuVbAa
KqBbAa
LdDbAa
KoIaAa
CdAaAa
LhXaAa
ObAbAa
JpMaAa
ViHbAa
YsCaAa
PhEaAa
EpEaAa
ScRbAa
DoXbAa
BmObAa
XfQbAa
CaUbAa
GxYbAa
EuDaAa
NnEbAa
ZlAaAa
AbHbAa
KbDaAa
FsCaAa
JpSaAa
YaFaAa
JzIaAa
CwXaAa
LpBaAa
NeQbAa
AxDaAa
HyAaAa
SaQaAa
UeMbAa
JmLaAa
VlDaAa
YoAaAa
OiUbAa
MfBaAa
FxBaAa
RoJbAa
EeOaAa
BgYaAa
OpFaAa
QcEaAa
NvIbAa
SxDaAa
ZlAaAa
YyGbAa
UrAbAa
FgBbAa
TbIbAa
KnObAa
CoCaAa
PySbAa
EaLbAa
ZoNbAa
CgQaAa
WoCaAa
SlVaAa
HzRaAa
ZeNaAa
PeAaAa
BqMaAa
EpNaAa
WgEaAa
AmAaAa
JdEaAa
JwUbAa
RnHaAa
XgEaAa
ZlAaAa
CeRaAa
XkPbAa
VaOaAa
OsAaAa
VlDaAa
IcAaAa
ScQaAa
DsIbAa
RoDaAa
SkAbAa
AiFbAa
TeBaAa
YkSbAa
HkWbAa
VgEbAa
VbKaAa
WdYbAa
VjBaAa
PjEbAa
PmPaAa
UtFbAa
IsFaAa
BmSaAa
EqCaAa
MjZbAa
JpSaAa
FnDaAa
WgBaAa
CkRaAa
HrPaAa
DgAaAa
YrRaAa
WgEaAa
EeVbAa
CeEaAa
UjBaAa
GaFaAa
YeIbAa
KbDbAa
QyJbAa
SuEaAa
EbBaAa
MfEaAa
CeXaAa
SnGaAa
ZwLbAa
EbBaAa
CxFaAa
CqHbAa
VyEaAa
KgUaAa
QfDaAa
GjUbAa
TjLaAa
JyJaAa
BqMaAa
XzLaAa
CqHbAa
FhUbAa
DmWaAa
PpFaAa
WgBaAa
BmVbAa
XxGaAa
XgBbAa
QcEaAa
MaBaAa
EdGbAa
RmCaAa
QlZaAa
DcWaAa
GiAaAa
PbAaAa
OxAaAa
MrWaAa
KqGbAa
XcIaAa
BeBaAa
VxLaAa
QlGaAa
LsDbAa
ZeNaAa
BnTbAa
XxGaAa
RiSaAa
VuCbAa
ZgIaAa
SlVaAa
NlOaAa
QfIbAa
CiDbAa
EaRbAa
CkObAa
EcOaAa
IhKbAa
MdOaAa
FjMaAa
DoXbAa
MoAbAa
EfYbAa
DdAaAa
XaAaAa
GmWbAa
QyBaAa
KqIaAa
QrJaAa
FsCaAa
OaSaAa
OcMaAa
PyRaAa
ArTbAa
JqVaAa
UeMbAa
PhBbAa
KlVbAa
XoEbAa
HyKaAa
EmKaAa
BvUbAa
JoHaAa
YeIbAa
CzTaAa
OjXbAa
GiAaAa
PeAaAa
JbGaAa
CvAbAa
FgBaAa
TrIaAa
ZaBbAa
XmOaAa
HtRaAa
XwKaAa
FiEbAa
TyNaAa
WlBaAa
LbIaAa
DtLbAa
ZzFaAa
UvLaAa
IcAaAa
LzEbAa
BxTaAa
LzEbAa
BuAaAa
AhDaAa
PmKbAa
OtCbAa
MdObAa
KoIaAa
DwEbAa
KcSbAa
PhBaAa
XvHaAa
FzLaAa
HyKaAa
NsHaAa
WoFaAa
DvLaAa
EvGaAa
RwIaAa
HtAaAa
OqRbAa
AcHaAa
TqMaAa
PrOaAa
PhBaAa
MnWaAa
KvPbAa
DbKaAa
PhBaAa
LyBbAa
WpNaAa
JiBaAa
KcFaAa
PxAaAa
FwKaAa
WdAaAa
JzHaAa
CdAaAa
QrFaAa
GmJaAa
SlEaAa
MuBbAa
FvYbAa
MhMbAa
EmKaAa
ToBaAa
JyAaAa
TrIaAa
CmSaAa
NbZaAa
EoFaAa
MmEaAa
ApZaAa
JhKaAa
EbBaAa
PlJaAa
QlTaAa
EuDaAa
MnHbAa
UeBaAa
CvCaAa
CpBbAa
HxHaAa
VrUbAa
WaAaAa
TsDaAa
ZtRaAa
WaAaAa
FfMaAa
CcDaAa
ZgCaAa
SdNbAa
EcTaAa
EcLbAa
LnCaAa
WyNbAa
JqAaAa
XlBaAa
YyOaAa
NhAaAa
PaGbAa
JoVaAa
VzJaAa
BmAaAa
ByNaAa
SnIaAa
NrCaAa
AnBbAa
NkCaAa
EnRbAa
XaAaAa
YyGbAa
JbGaAa
HrJbAa
NvKaAa
PeAaAa
BaAaAa
HdKbAa
EeDaAa
UeMbAa
AvTaAa
FbNbAa
NoRbAa
PvDaAa
MzKbAa
KqGaAa
VaOaAa
SvTaAa
ImGaAa
TiQaAa
DgAaAa
ZaHbAa
NzYaAa
EbBaAa
CrGbAa
UeEaAa
WxFaAa
GiAaAa
PmBaAa
LhYaAa
RpAaAa
LsKbAa
NqUbAa
XkPbAa
EiMbAa
SpTbAa
QvDaAa
XkPbAa
IeWbAa
NpPbAa
VcWaAa
MaNbAa
MaBaAa
PjSbAa
OeKbAa
VgJaAa
GnUbAa
VdTbAa
SfPbAa
MdVbAa
BrTbAa
SlIaAa
KoIaAa
YsBaAa
AfWbAa
XmOaAa
ZzFaAa
QnTaAa
ImBbAa
KfAaAa
RgJbAa
FoAaAa
MzQbAa
ZqTaAa
EgEaAa
CeXaAa
CzHbAa
OlCbAa
ObZaAa
PfDaAa
AqDaAa
VaJbAa
QzOaAa
ZaBbAa
ZxHaAa
AhNaAa
OaSaAa
RfNaAa
ZpPaAa
DgAaAa
ErUaAa
IeWbAa
BjBaAa
CzDaAa
KqIaAa
VnFbAa
FzLaAa
PjWbAa
LxEaAa
TjVaAa
KgUaAa
EuDaAa
NqKbAa
KzBaAa
ZrPaAa
UoXaAa
LfAaAa
EpEaAa
DgAaAa
XhMaAa
DdAaAa
PwIaAa
XgEaAa
JcPaAa
VwAaAa
IsTaAa
OtNbAa
DgAaAa
WiAbAa
DdFaAa
PuJbAa
NzYaAa
LuLaAa
TiQaAa
ZrPaAa
AhDaAa
MzQbAa
NhEbAa
JsTaAa
SuEaAa
StFaAa
RiFaAa
VdAaAa
EbBaAa
MdVbAa
VkOaAa
QrOaAa
WoEbAa
PySbAa
FfFaAa
QrOaAa
NkCaAa
TpHaAa
ScRbAa
DaWaAa
RoMaAa
FiOaAa
RpVaAa
IbHaAa
FnDaAa
CaYaAa
LdCaAa
HtRaAa
JkYbAa
OgQbAa
OxTbAa
FeTaAa
ZnBaAa
LbIaAa
WdAaAa
YsCaAa
VlDaAa
ViWaAa
RmCaAa
WpDbAa
IhKbAa
NnEbAa
DmWaAa
GwVaAa
GlAaAa
JkIaAa
PhTaAa
TfUaAa
JsFaAa
JkYbAa
DjTbAa
OzEaAa
YbTbAa
LcUaAa
EpEaAa
TxUbAa
VeEaAa
UeEaAa
DgAaAa
GjQbAa
OjMbAa
GkHaAa
OeKbAa
FeObAa
AgKaAa
SnIaAa
ZxHaAa
DjUaAa
LlXaAa
JzHaAa
TbUaAa
LdHaAa
OgQbAa
EbBaAa
PiUbAa
NdEbAa
QjEaAa
PmBaAa
RdNaAa
MoEaAa
BmObAa
BpLaAa
DwAaAa
DcWaAa
XzDaAa
JaSbAa
TcHaAa
QrJaAa
WdAaAa
DbKaAa
RoDaAa
IyAaAa
GwKbAa
CvBaAa
YuTbAa
PeAaAa
ZnDaAa
YqJaAa
DlDaAa
SfWbAa
EsCbAa
JjFaAa
TsDaAa
EeDaAa
WeZaAa
ScRbAa
XiEbAa
DjTbAa
QmLbAa
ZgIaAa
LsLaAa
VhTbAa
SfPbAa
NnAaAa
IgIbAa
VwAaAa
ZgCaAa
UpFbAa
ZrJbAa
AzAaAa
BvFaAa
KrYbAa
QhSbAa
IqTaAa
OrBaAa
JiBaAa
FnDaAa
MkBaAa
GaFaAa
ZsTbAa
IcAaAa
FgBaAa
CdAaAa
EeVbAa
IdSaAa
StCaAa
OsAaAa
JbGaAa
AuWbAa
NzYaAa
GbSaAa
JuUbAa
YvUaAa
GiCbAa
ToHbAa
HkWbAa
KvAaAa
UoCaAa
ReAaAa
SpTbAa
GbSaAa
TiKaAa
OjJaAa
CwAaAa
EoWaAa
QyJbAa
ZuJaAa
HiAaAa
XiOaAa
TgDbAa
JpQaAa
KtXaAa
TeJbAa
IyAaAa
HyKaAa
CoCaAa
NoUbAa
WrAaAa
AfWbAa
JcAaAa
DhUaAa
QvDaAa
JrDaAa
ZhFaAa
JrObAa
HlLbAa
XoJaAa
NvKaAa
UhGbAa
AtTaAa
AtFaAa
XgZaAa
XmOaAa
TzAaAa
XcWaAa
QmLbAa
MdObAa
WcLbAa
AuAaAa
SjIaAa
KhQaAa
QcEaAa
YkZaAa
RdSbAa
LdRaAa
VsKaAa
QaVaAa
RdSbAa
DcIaAa
FeWaAa
MjZbAa
QtJaAa
WtGaAa
DeHaAa
DaWaAa
KnCaAa
SlVaAa
LsDbAa
MwBaAa
CuSaAa
NiGbAa
JjSaAa
AtTaAa
VkOaAa
TsSbAa
EmKaAa
PhBaAa
KfAaAa
JdEaAa
UvBaAa
SdSbAa
PhBaAa
GdMaAa
NoRbAa
DrGaAa
WaAaAa
PyRaAa
NsRbAa
GxBaAa
JrObAa
ByNaAa
GlCaAa
KrSaAa
LlRaAa
QpAaAa
PjSbAa
CvAbAa
BkYaAa
ZgCaAa
BuAaAa
MwBaAa
KgUaAa
AlLaAa
OhBbAa
OqKbAa
ZrNaAa
WoEbAa
BdPaAa
IxQaAa
ItAaAa
FeBbAa
XoIbAa
VqXbAa
FnDaAa
ZlAaAa
KfAaAa
NqKbAa
FpQbAa
FeCaAa
EpEaAa
EvFbAa
UaJbAa
SoVbAa
OhHbAa
UeMbAa
RjNaAa
ApZaAa
GgCbAa
VaObAa
GfKbAa
MtKaAa
JkYbAa
XeBbAa
IoZaAa
PfDaAa
SpZaAa
MfEaAa
EvFbAa
SqSaAa
OaZbAa
MsLbAa
EeOaAa
EbNbAa
SmCaAa
TpLaAa
OiUbAa
EpEaAa
JjSaAa
YsCaAa
EnFbAa
ZvRaAa
JuKbAa
FsBaAa
CaXaAa
YiIbAa
HtAaAa
GeDaAa
MkBaAa
FjMaAa
UuMaAa
SqSaAa
JpMaAa
TzJaAa
FsCaAa
OzEaAa
HzFaAa
SxDaAa
MhMbAa
BjBaAa
HrQaAa
OiQbAa
HgCaAa
ZgIaAa
BdPaAa
FiOaAa
OpFaAa
CeEaAa
EgEbAa
EbBaAa
TgYaAa
EtIaAa
XqOaAa
PhBaAa
XxCaAa
HlLbAa
DgAaAa
FlBaAa
YfKbAa
OhAaAa
XtIaAa
AzAaAa
PeAaAa
BzJaAa
DwAaAa
DhPaAa
DiXaAa
PkKbAa
BgYaAa
HzRaAa
ZmZaAa
HaHbAa
VuCbAa
AmAaAa
KnCaAa
VzObAa
WhTbAa
UtLbAa
ShDaAa
AoBaAa
TpHaAa
NuBbAa
QbAaAa
IcAaAa
HqFaAa
MwRbAa
DgAaAa
YlMaAa
JzIaAa
GnDaAa
ZuJaAa
QrJaAa
MkAaAa
HlLbAa
NoUbAa
AlNaAa
ZxUaAa
FzLaAa
PeAaAa
TqMaAa
TpLaAa
HrQaAa
FeBbAa
MwCaAa
ShCaAa
XlUbAa
BuWbAa
NuBbAa
MsHaAa
GcAbAa
JfAaAa
MhMbAa
EsYaAa
IdSaAa
PhHbAa
XgZaAa
GkBbAa
EpEaAa
XmCbAa
EjGbAa
KoLaAa
OpOaAa
YaFaAa
CyNaAa
QfIbAa
KaUaAa
NhJaAa
BaAaAa
SpTbAa
JgLaAa
FfFaAa
VfGbAa
MwBaAa
IuOaAa
VzDaAa
QcBaAa
TpLaAa
CcDaAa
EcTaAa
LjQaAa
JfAaAa
NdEbAa
FiOaAa
JiBaAa
PuNaAa
XmCbAa
YrRaAa
TiKaAa
EtBbAa
VzAaAa
SzUbAa
RmCaAa
WcLbAa
TzAaAa
ZpPaAa
VgRaAa
DcWaAa
UrIaAa
DjUaAa
FbYbAa
CwAaAa
BxDbAa
WsCbAa
LrSaAa
UvBaAa
QvDaAa
KaUaAa
CsPbAa
YqJaAa
EoMbAa
NlEbAa
HyAaAa
CgQaAa
IsTaAa
DrAaAa
HrEaAa
LtDaAa
EsCbAa
NsHaAa
FgGaAa
IhFbAa
NnEbAa
CrGaAa
TyNaAa
XeCaAa
ZkBbAa
CcCaAa
KyTaAa
PfCaAa
RyBaAa
HzCaAa
JkIaAa
FeIaAa
EoFaAa
XoWbAa
CdAaAa
FgZaAa
DrIaAa
XeBbAa
JzBaAa
GaNaAa
WaObAa
DkRaAa
JjFaAa
TrIaAa
PwHaAa
ZgCaAa
KpYaAa
VrAaAa
QvDaAa
WjPaAa
FbYbAa
NlOaAa
FoIbAa
CjCaAa
AtTaAa
BmAaAa
HgCaAa
OsAaAa
JkYbAa
TbCbAa
KgUaAa
KmEaAa
SlEaAa
UeGaAa
JoVaAa
UhVaAa
SoBaAa
YrNaAa
RlGaAa
YnDaAa
FdQbAa
UeRaAa
AoBaAa
JrDaAa
YuTbAa
NnEbAa
CmXaAa
IiBaAa
MvMaAa
OhBbAa
HxUaAa
QyBaAa
EuDaAa
QcBaAa
AdLaAa
EeVbAa
VwAaAa
BmObAa
JdEaAa
FxFbAa
YvRaAa
CsMaAa
UlUaAa
GkCbAa
RpAaAa
OhHbAa
TmVbAa
OtNbAa
VrAaAa
NwBaAa
EsYaAa
NaEaAa
FvHaAa
ZgCaAa
LoVaAa
DzDaAa
XzLaAa
HmPbAa
LdHaAa
EqCaAa
RiFaAa
ToBaAa
EbBaAa
SfWbAa
CcYaAa
ToXaAa
TkXaAa
TmSaAa
DhPaAa
ZfKaAa
RiSaAa
EgBaAa
BaAaAa
PjSbAa
WpRbAa
OaGbAa
VgMbAa
PqEaAa
BhLaAa
ZgCaAa
ZgCaAa
LsLaAa
TsYbAa
ToBaAa
MoAbAa
PkKbAa
PhBaAa
RmCaAa
AuAaAa
XxXbAa
VqXbAa
BaAaAa
ObAbAa
XuDaAa
TmSaAa
UoCaAa
GgBaAa
UmMbAa
KuKbAa
LaKaAa
IoZaAa
WaAaAa
LaKaAa
HqTaAa
EvFbAa
PmQbAa
TwEaAa
SoBaAa
TgYaAa
JfAaAa
VuCbAa
ZwLbAa
FaLbAa
KmEaAa
XgHbAa
JxPaAa
GzCaAa
EbBaAa
JcHbAa
OxAaAa
CcCaAa
TzAaAa
RnZaAa
RvJaAa
TmAaAa
CcDaAa
EjBaAa
SnGaAa
BnLaAa
EeObAa
VqXbAa
SxUbAa
ZgCaAa
YrNaAa
BaAaAa
KmEaAa
EuDaAa
IiBaAa
ItAaAa
HrEaAa
GsCaAa
HaHbAa
BdPaAa
EyYaAa
XeBbAa
JqAaAa
GiAaAa
WaAaAa
NvCbAa
XpRbAa
GgCbAa
YsCaAa
DxDbAa
YkZaAa
UsPbAa
KoTbAa
XbEaAa
MlWaAa
FgBbAa
KmEaAa
WyMaAa
PhBaAa
AuAaAa
IiBaAa
KfAaAa
EjPaAa
BlIaAa
HzGaAa
VfGbAa
KfAaAa
DoSbAa
OiQbAa
IwZaAa
DgAaAa
QyBaAa
YsCaAa
QnTaAa
RjYbAa
HiCbAa
CjBaAa
EbNbAa
ZmZaAa
XmCbAa
PmKbAa
VwAaAa
EeCaAa
GwVaAa
HzFaAa
KrSaAa
KfAaAa
PhBaAa
CwXaAa
QzOaAa
BiKaAa
NnAaAa
OaGbAa
BiDbAa
MhMbAa
JqAaAa
MsGaAa
JzIaAa
ZlAaAa
TiQaAa
FoIbAa
SoDaAa
WaAaAa
JhJbAa
BpLaAa
SlEaAa
OfAbAa
OwGaAa
VsIbAa
DhTbAa
CcCaAa
ApZaAa
MwBaAa
QkFbAa
EsCbAa
VcDaAa
WdAaAa
PgQbAa
BpGaAa
LaKaAa
HsOaAa
OeKbAa
MxIbAa
QvDaAa
AjIaAa
DaAaAa
FiZbAa
MbTaAa
UeRaAa
LhYaAa
FeBbAa
RiFaAa
CkXaAa
NpXbAa
KbDaAa
NzEaAa
VpUaAa
NdCaAa
OsAaAa
LyBbAa
YkHaAa
VaAaAa
CrAaAa
MkAaAa
NkAaAa
CwAaAa
XjGbAa
NdEbAa
EyYaAa
EeDaAa
LdHaAa
CeGaAa
BcGaAa
AzLbAa
DgJaAa
UrHaAa
PgFaAa
KyDaAa
PyGaAa
IcAaAa
CmXaAa
DsEbAa
AtTaAa
PeAaAa
CdAaAa
NlOaAa
EySaAa
DxRbAa
OgQbAa
IgDaAa
SiSaAa
MoEaAa
YyOaAa
XbEaAa
YrRaAa
IsTaAa
LdCaAa
HqTaAa
KfAaAa
OhBbAa
RnHaAa
UoCaAa
TlIaAa
ReAaAa
UrAbAa
IxHaAa
JbGaAa
IcAaAa
BuMbAa
LtXbAa
QaVaAa
ZaPaAa
QrFaAa
VlUaAa
MkAaAa
VeHaAa
UmFaAa
JgLaAa
ImTaAa
VcWaAa
UcQaAa
ChUaAa
AcEaAa
GwKbAa
EpEaAa
IoZaAa
LdQaAa
NlEbAa
ZaHbAa
BjAaAa
UoCaAa
MvMaAa
MlKaAa
IcAaAa
LrSaAa
UzAaAa
FnDaAa
GiAaAa
RwNaAa
LbRaAa
RbFaAa
NzYaAa
RmCaAa
WrVbAa
HyAaAa
NlXbAa
DsSaAa
KqGbAa
NhHaAa
GoNbAa
RmJbAa
HgCaAa
HrJbAa
UjAaAa
AhCaAa
EuDaAa
EmKaAa
SqSaAa
EeZaAa
DmWaAa
TpHaAa
OhAaAa
YbTbAa
MwBaAa
MnFaAa
TjAaAa
YfFaAa
PhTaAa
TzAaAa
CaAaAa
BbSbAa
WaAaAa
OfHbAa
OpFaAa
YrNaAa
KqBbAa
QfDaAa
ZuZaAa
XoAaAa
BaRaAa
SlNaAa
NaYbAa
CuSaAa
OlCbAa
HiTaAa
ZoAaAa
PkKbAa
BcGaAa
GyGbAa
JyJaAa
GiAaAa
FzLaAa
VaAaAa
FbNbAa
KmEaAa
FcMbAa
GoNbAa
GkHaAa
HuGbAa
VjCaAa
DcIaAa
OkAaAa
ZxUaAa
LrKaAa
AcHaAa
BmVbAa
DsSaAa
SaQaAa
IcAaAa
EeVbAa
MsGaAa
CaXaAa
FtIaAa
JwUbAa
KtXaAa
CqYaAa
TcHaAa
TmAaAa
FtHaAa
FzWbAa
CsMaAa
XbGbAa
TpHaAa
ZeNaAa
AzAaAa
RmJbAa
ZgIaAa
BmVbAa
DhPaAa
TjAaAa
CdAaAa
VhPaAa
JtAaAa
FnDaAa
PsAaAa
RaDaAa
ZnBaAa
JkIaAa
NvYaAa
NfOaAa
MxIbAa
NfObAa
WiHaAa
QmLbAa
HfKaAa
YfKbAa
JbGaAa
UwSaAa
MoNaAa
WwYaAa
EmWaAa
YrRaAa
OpOaAa
CtBbAa
ZxIaAa
FcTaAa
SlNaAa
BaAaAa
KfAaAa
VhTbAa
PxKaAa
EvHbAa
TdPaAa
PyRaAa
KrSaAa
AzAaAa
FvGaAa
BxTaAa
FbEaAa
VhPaAa
TcGaAa
PwIaAa
KcIbAa
BxTaAa
MsGaAa
EvGaAa
RyPaAa
OhAaAa
NeFaAa
BjLaAa
EtRbAa
HtAaAa
SkFaAa
WjCaAa
NkAaAa
IyKaAa
ZkGaAa
LxEaAa
FpUaAa
ScFbAa
UyEbAa
CwXaAa
TbUaAa
CkXaAa
DoCaAa
WaAaAa
JuKbAa
BiKaAa
FxBaAa
KaUaAa
BiDbAa
XpRbAa
ZhFaAa
MhMbAa
UcJaAa
GmPbAa
PcVaAa
GkBbAa
GmPbAa
GjUbAa
XaAaAa
AuAaAa
BzAaAa
UaJbAa
GjQbAa
CwAaAa
UnEaAa
VhPaAa
OqRbAa
XlBaAa
IhFbAa
ByQaAa
CsMaAa
WdTbAa
IxQaAa
AtTaAa
NnAaAa
TwEaAa
EsCbAa
LhYaAa
QyBaAa
AuAaAa
MuBbAa
MrSaAa
HxRaAa
IcAaAa
HtAaAa
TkFaAa
MxIbAa
BpHaAa
HyKaAa
OhOaAa
CmRaAa
TqMaAa
EjPaAa
VdFaAa
RyIaAa
TmAaAa
DjUaAa
AoDaAa
AmAaAa
HnBaAa
VoCaAa
DaWaAa
PjZaAa
RbFaAa
YrRaAa
ToBaAa
PbAaAa
EsWaAa
HxHaAa
RaDaAa
GmSbAa
BaIaAa
TzAaAa
TvFaAa
GiBbAa
ZgWbAa
LdGaAa
VaAaAa
EoKaAa
XgBaAa
KcFaAa
MdJaAa
YbEaAa
JdEaAa
OaSaAa
MlKaAa
FzLaAa
KfAaAa
XaAaAa
NhAaAa
YsBaAa
VxFaAa
QcSaAa
McXbAa
DwEbAa
LtDaAa
EuDaAa
AmAaAa
TaDbAa
DhTbAa
YoJaAa
PsAaAa
TdSbAa
RuPaAa
YsBaAa
XaAaAa
XqOaAa
AfLaAa
PjZaAa
HlAaAa
XeCaAa
NhRaAa
FgBbAa
YvQaAa
NhEbAa
KbUbAa
VrAaAa
PeAaAa
BvFaAa
TmObAa
YvRaAa
BaRaAa
RdSbAa
UoCaAa
OpFaAa
HrPaAa
AfSbAa
DbKaAa
VrAaAa
EcTaAa
KfJbAa
BkDbAa
PbAaAa
XuDaAa
KoIaAa
QyBaAa
MsIaAa
BfPaAa
JuUbAa
GiAaAa
SfNaAa
IgIbAa
PeKaAa
LyBbAa
XoIbAa
CwAaAa
UtDbAa
EqWaAa
NcYbAa
SoMaAa
TaIaAa
ZgCaAa
FdKaAa
YqJaAa
NnWaAa
LdCaAa
YpPaAa
DkKaAa
IvNaAa
XlPaAa
HtRaAa
BnLaAa
WrUaAa
BjBaAa
VxLaAa
DxRbAa
NuFbAa
SoYaAa
OhAaAa
VcIaAa
YsCaAa
LfAaAa
RtBaAa
MwBaAa
AhNaAa
KtXaAa
FyVaAa
FoAaAa
RfNbAa
TsDaAa
BhLaAa
EdGbAa
IzHaAa
PbVbAa
FxBaAa
SpAaAa
LdCaAa
JnYaAa
BmSaAa
BaAaAa
SoDaAa
McNbAa
JeNbAa
SfWbAa
FnDaAa
GjGbAa
DxLaAa
UaXaAa
XlUbAa
DcWaAa
ApZaAa
WjPaAa
CaYaAa
ZfKaAa
DxRbAa
PyGaAa
DmWaAa
SfUaAa
EqCaAa
FmOaAa
JqAaAa
RaDaAa
NzYaAa
HrJbAa
FtIaAa
YxBaAa
FeDaAa
CnNaAa
FdKaAa
JqAaAa
KbUbAa
AzAaAa
VjCaAa
VrAaAa
SoBaAa
BkSaAa
GkHaAa
SfPbAa
JfAaAa
CuSaAa
QrFaAa
MtDaAa
OtNbAa
NnEbAa
KcFaAa
LfBaAa
PyFaAa
TpLaAa
OhBbAa
LsLaAa
QrJaAa
DjCaAa
GfFaAa
BqMaAa
IoZaAa
JiNaAa
MdOaAa
SkFaAa
NbTaAa
SxDaAa
UiAbAa
HzFaAa
WeZaAa
SkDbAa
WsCbAa
QlZaAa
UnNaAa
CzDaAa
VuCbAa
YxSbAa
CeQaAa
BaQaAa
ViWaAa
HtJbAa
BjAaAa
BhLaAa
KtXaAa
MnWaAa
XgBaAa
EcOaAa
QwJbAa
XbZbAa
QyBaAa
SmCaAa
HgTaAa
ZlAaAa
LvEbAa
GyVaAa
OzYaAa
QuJbAa
ZgCaAa
LcAaAa
CqYaAa
QfCaAa
IiBaAa
JrObAa
PuJbAa
TmAaAa
CcDaAa
TsYbAa
FvGaAa
NfOaAa
ZlAaAa
HqFaAa
DmWaAa
MdZaAa
EyYaAa
AzAaAa
JqAaAa
UlUaAa
UmAaAa
CeYaAa
ZqTaAa
TzAaAa
KcAaAa
HdKbAa
YnDaAa
LtXbAa
ZhFaAa
LsDbAa
ZlAaAa
FpNaAa
KlSaAa
IyAaAa
CaAaAa
RvJaAa
WyMaAa
BsYbAa
JkYbAa
FhUbAa
XvYbAa
GmJaAa
LsFbAa
DmWaAa
JrDaAa
NaYbAa
TbCbAa
LtXbAa
GxBaAa
TzJaAa
KfAaAa
VgWaAa
WsCbAa
IwZaAa
AcHaAa
XjMaAa
PsAaAa
VaRbAa
PfIaAa
NkAaAa
PjWbAa
GbSaAa
WwCbAa
GbSaAa
SdNaAa
QsQaAa
SnBbAa
FjGbAa
RyPaAa
OxGbAa
ExCaAa
SlYbAa
VfYbAa
JhFbAa
LtMaAa
RmCaAa
OqRbAa
IgDaAa
XbBaAa
QyJbAa
KqAaAa
UaJbAa
VuSaAa
NxXaAa
CcDaAa
JpDaAa
MlKaAa
FnDaAa
PuJbAa
XzLaAa
QbLaAa
FiOaAa
VlDaAa
HlAaAa
KdEaAa
ZgCaAa
EvGaAa
PhVbAa
YvRaAa
TiDbAa
HiEaAa
ZnBaAa
YrRaAa
HgIaAa
ZsOaAa
TyNaAa
PeAaAa
SoBaAa
WwAaAa
BuMbAa
EbBaAa
SlNaAa
BxJaAa
YsBaAa
YkHaAa
DmWaAa
AfLaAa
GiEbAa
GfKbAa
OpOaAa
HkTaAa
SfPbAa
SnGaAa
OhBbAa
EgObAa
LcCbAa
VaAaAa
MdCaAa
KaIbAa
YiIbAa
CwAaAa
FnDaAa
ExLaAa
MjZbAa
WlDaAa
TvFaAa
VlDaAa
AlNaAa
HhFaAa
UrLaAa
JpMaAa
QwQaAa
EgEaAa
PbAaAa
VsIbAa
LcCbAa
VoXbAa
MhMbAa
EaLbAa
SpZaAa
BmObAa
XdKaAa
LtMaAa
OzEaAa
AoBaAa
BmVbAa
KtXaAa
EqCaAa
DoSbAa
VhPaAa
QcEaAa
ZsBaAa
AjIaAa
EsYaAa
CjBaAa
DjDaAa
CoMbAa
ToBaAa
TsYbAa
ZsCaAa
BxDbAa
VrAaAa
GkJaAa
ZeNaAa
UiAbAa
UiAbAa
KsBbAa
BaAaAa
TmAaAa
LtDaAa
MoEaAa
EaAaAa
LcFaAa
XfMaAa
WgBaAa
ZrPaAa
ZlAaAa
NhAaAa
OpKaAa
BaRaAa
AfLaAa
XkPbAa
CbUaAa
GkHaAa
CxFaAa
WaAaAa
QlGaAa
MbWaAa
UpFbAa
WgBaAa
OwGaAa
YaFaAa
ZlMaAa
RvJaAa
TmAaAa
YvIaAa
GmPbAa
VdAaAa
PmPaAa
DhPaAa
VpLaAa
VwAaAa
CrGaAa
GbTbAa
BzAaAa
JcPaAa
PvDaAa
SjYbAa
TzAaAa
ApZaAa
WuIbAa
SdSbAa
FrUaAa
WdYbAa
UvLaAa
UhGbAa
GxBaAa
SoBaAa
UmAaAa
BdPaAa
HvNaAa
SlYbAa
QyJbAa
IzHaAa
OmDaAa
SqDaAa
YiIbAa
UpAbAa
QcEaAa
VuIbAa
WoFaAa
WvHbAa
GyGbAa
FmOaAa
EaLbAa
IeWbAa
MnWaAa
DgMbAa
BoYaAa
RcFbAa
NvMaAa
JfAaAa
KnObAa
ImBbAa
TwEaAa
FiOaAa
FiJaAa
WrAaAa
DhTbAa
HuOaAa
UvFaAa
YsCaAa
AfPbAa
UtBbAa
SaDaAa
CxTaAa
AtGbAa
DqBaAa
SlNaAa
SqObAa
EvFbAa
XjPaAa
MbTaAa
UpAbAa
JwJaAa
KmEaAa
TiLbAa
TwEaAa
CvBaAa
FwKaAa
FtHaAa
PeKaAa
TxVbAa
AlEaAa
IxUaAa
AdLaAa
FtHaAa
JpSaAa
QlBbAa
NkCaAa
UeBaAa
ThDaAa
SpTbAa
OeKbAa
TpLaAa
CdAaAa
GnDaAa
QkMaAa
QyBaAa
EeVbAa
NoUbAa
ZzFaAa
IwDaAa
IgDaAa
EgEaAa
KqGaAa
YvRaAa
JmTbAa
YxBaAa
AvJaAa
XvYbAa
ZxHaAa
ZnBaAa
HyAaAa
VtGaAa
OaSaAa
ZaFaAa
IsFaAa
ZsOaAa
ExCaAa
FyVaAa
EeDaAa
BvBaAa
NzYaAa
IcAaAa
NeFaAa
QgKbAa
KuCaAa
AhDaAa
ZbSaAa
YeIbAa
UuMaAa
SnIaAa
QcEaAa
ZgCaAa
HxUaAa
LdCaAa
YiHaAa
WoWaAa
RjNaAa
PrOaAa
RcBaAa
ZlAaAa
XiGaAa
KdEaAa
FeTaAa
LyVbAa
OqNaAa
JzQaAa
DxFaAa
MoEaAa
CuSaAa
PfDaAa
CpGaAa
EjGbAa
BnLaAa
AcHaAa
UiAbAa
UmFaAa
FzLaAa
OpKaAa
UsPbAa
ExCaAa
RgJbAa
WcLbAa
CjBaAa
JjSaAa
OsAaAa
GlAaAa
ZlCaAa
PvDaAa
EtVbAa
KdQaAa
ApZaAa
EcLbAa
UaXaAa
RwJbAa
WpRbAa
HlLbAa
SbFaAa
FgAaAa
VpQbAa
KjFaAa
ZlAaAa
KmNaAa
EbXbAa
OpFaAa
CjCaAa
HzGaAa
LnCaAa
VdAaAa
KrSaAa
CzDaAa
PxAaAa
TdUaAa
KbDbAa
TkXaAa
OkAaAa
RnHaAa
HiEaAa
GvIaAa
DwAaAa
OlCbAa
VdAaAa
WmIbAa
PhBaAa
ElGbAa
WwYaAa
WxFaAa
McNbAa
FtHaAa
KtXaAa
GoWbAa
MwBaAa
ZgCaAa
EdYbAa
QjEaAa
XzLaAa
GlAaAa
ViWaAa
MaBaAa
GzCaAa
BmObAa
LrMaAa
NkAaAa
CkRaAa
CoObAa
FiGaAa
UnEaAa
FiGaAa
PhBaAa
PyFaAa
RoDaAa
KmEaAa
UnNaAa
LdHaAa
FgAaAa
UeXaAa
ImTaAa
FuDaAa
GbGbAa
YsBaAa
DgAaAa
QlZaAa
RmLbAa
VyEaAa
LyVbAa
EpEaAa
KcFaAa
DlGbAa
TkFaAa
UeRaAa
ShDaAa
BvTaAa
OkCaAa
YxBaAa
IwZaAa
VeHaAa
MwBaAa
IwZaAa
HlLbAa
VgJaAa
SlEaAa
VrHaAa
JjFaAa
WgBaAa
VwIbAa
LxXaAa
OcZbAa
XeDaAa
CdAaAa
EnRbAa
ZxIaAa
EbBaAa
DeYaAa
EpEaAa
QaVaAa
ErUaAa
QaVaAa
LsLaAa
MfEaAa
RfSbAa
NhHaAa
AlNaAa
NhHaAa
NkAaAa
YyOaAa
IhKbAa
VhPaAa
OpKaAa
YaEbAa
WgEaAa
ViWaAa
CvBaAa
OjXbAa
XjMaAa
JiBaAa
AmAaAa
SqDaAa
PySbAa
AjIaAa
PvDaAa
MdVbAa
PpFaAa
MwBaAa
EbNbAa
DaYaAa
QlHaAa
WjPaAa
RhIaAa
PfCaAa
LmEaAa
OzEaAa
ZnDaAa
NwBaAa
SnIaAa
BpGaAa
UrHaAa
WdAaAa
KnSaAa
LqHaAa
LgPaAa
JdFbAa
NrCaAa
PsAaAa
NpXbAa
FvGaAa
HtRaAa
XzLaAa
ZfRbAa
YmOaAa
BwEaAa
TbUaAa
HhFaAa
KgUaAa
VcWaAa
YsCaAa
DqYbAa
EeOaAa
FbYbAa
ZvNaAa
OfAbAa
UcHaAa
WwGbAa
PaGbAa
FfQbAa
OiQbAa
CaYaAa
RdSbAa
TiQaAa
NeQbAa
VkOaAa
DjCaAa
QeAaAa
DiXaAa
ZsOaAa
LqHaAa
YoNbAa
HyAaAa
UzObAa
LeXbAa
HyKaAa
SjIaAa
NdDaAa
ZjFbAa
FbBaAa
XiWbAa
ItPaAa
HkTaAa
YrRaAa
NwFbAa
MdOaAa
DhPaAa
QoPaAa
QvDaAa
RrJaAa
FnDaAa
MoEaAa
EnRbAa
WaAaAa
IkZaAa
JgLaAa
QcEaAa
TyNaAa
XlBaAa
GlCaAa
MlHbAa
PfCaAa
XeCaAa
PkMaAa
XfMaAa
XdVaAa
JfAaAa
XlPaAa
PmPaAa
MkAaAa
RbPaAa
VpFbAa
FxBaAa
WaAaAa
WgGaAa
QgKbAa
CxTaAa
YjQbAa
PbNaAa
GgCbAa
WaAaAa
LvEbAa
HiCbAa
EySaAa
GzCaAa
WySaAa
AtTaAa
MkAaAa
FeZaAa
WaAaAa
PySbAa
RtCaAa
OxAaAa
TmAaAa
QrJaAa
UrDbAa
PjEbAa
NuGaAa
LhXaAa
VfGbAa
QtJaAa
KbDbAa
XgZaAa
CsMaAa
NwFbAa
SuWbAa
CaAaAa
LwVbAa
OjXbAa
IiBaAa
TkObAa
SpTbAa
RwNaAa
QoPaAa
IkEaAa
RnHaAa
MdCaAa
JdBaAa
RfNbAa
JhKaAa
DiXaAa
LzEbAa
UhUaAa
CeRaAa
GkJaAa
XdKaAa
RtBaAa
JfAaAa
IxUaAa
WaAaAa
QcEaAa
ImBbAa
CdAaAa
KpYaAa
OpFaAa
EuDaAa
SfWbAa
UhGbAa
LdCaAa
BjBaAa
KmEaAa
EcTaAa
DcCaAa
GmWbAa
RmJbAa
SoBaAa
UaXaAa
WdYbAa
YbBaAa
ThDaAa
GjQbAa
QeUbAa
PkMaAa
TbUaAa
ReAaAa
CkXaAa
XgEaAa
RtCaAa
LdCaAa
ToBaAa
ZuJaAa
DvCaAa
DoCaAa
KyUbAa
RjYbAa
BvBaAa
QvDaAa
MbJaAa
CcCaAa
NwFbAa
FzLaAa
MdObAa
RfNaAa
XoJaAa
RmJbAa
SlNaAa
WaAaAa
TmAaAa
BuAaAa
UpAbAa
AfLaAa
ScRbAa
CwAaAa
DbPbAa
SzAbAa
EnUbAa
RbFaAa
OjMbAa
KdRaAa
QlTaAa
NhHaAa
ObAbAa
AmAaAa
NxMaAa
ZrPaAa
ZzFaAa
HzCaAa
CxFaAa
McXbAa
CrVaAa
BzAaAa
RcBaAa
FvHaAa
ZlAaAa
TqMaAa
JfAaAa
QhBaAa
VqBaAa
KqGbAa
VgMbAa
WcTaAa
FzLaAa
BvFaAa
OlCbAa
OsAaAa
NqKbAa
FgZaAa
JcAaAa
WzYbAa
EuDaAa
BaAaAa
ZlJbAa
KqIaAa
HtRaAa
VaRbAa
FmOaAa
VoCaAa
NkAaAa
KhQaAa
LsLaAa
LtXbAa
OpCbAa
WlDaAa
HiCbAa
ZaBbAa
BaAaAa
OaZbAa
EyYaAa
XgZaAa
MvMaAa
CjCaAa
JwJaAa
BcQaAa
ZuOaAa
CxFaAa
MzKbAa
WdAaAa
CsPbAa
KbUbAa
YiIbAa
OsUaAa
XlBaAa
XeBbAa
TdUaAa
VlDaAa
FeEbAa
PvQbAa
TmSaAa
EjGbAa
UiAbAa
RjNaAa
EpEaAa
EiMbAa
KcFaAa
NkCaAa
DbKaAa
YoNbAa
DcWaAa
QeUbAa
GhUbAa
FtIaAa
EeDaAa
YxGaAa
NhEbAa
LtXbAa
VkOaAa
RdSbAa
BuEaAa
FnDaAa
WgEaAa
BgYaAa
TsYbAa
DgAaAa
KrDaAa
EuYaAa
RmJbAa
AtTaAa
XfMaAa
DxFaAa
CaYaAa
DgAaAa
ShDaAa
YiIbAa
JzHaAa
XiGaAa
QaVaAa
EqWaAa
IgDaAa
VkOaAa
DgMbAa
RmCaAa
XtIaAa
BoBaAa
CxFaAa
PmBaAa
JtPaAa
DdAaAa
AfWbAa
VaAaAa
GkHaAa
HyAaAa
ZqEbAa
LrSaAa
NdWaAa
RmMaAa
YpPaAa
GgCbAa
LyBbAa
EcTaAa
CoObAa
HyAaAa
OnEbAa
CjCaAa
LtXbAa
FoAaAa
GiAaAa
RdSbAa
QcEaAa
NoRbAa
HqPbAa
GcVbAa
BpGaAa
XeAbAa
OxGbAa
HtRaAa
PfIaAa
HrJbAa
OaGbAa
CcDaAa
ZgCaAa
AlLaAa
CzDaAa
SxDaAa
YqJaAa
FeTaAa
PfIaAa
FsBaAa
FoAaAa
ZaBbAa
OgQbAa
OkCaAa
WgEaAa
VzDaAa
NeFaAa
AiJbAa
UrIaAa
BsYbAa
BjBaAa
JfAaAa
VgJaAa
SjNbAa
HzGaAa
ZhFaAa
PhBaAa
RgKaAa
GaFaAa
AqDaAa
SiJbAa
LyVbAa
JkIaAa
NhEbAa
EvHbAa
FoAaAa
OfAbAa
PjWbAa
OzMaAa
LdCaAa
BsDaAa
BnTbAa
SkFaAa
PyGaAa
OkUbAa
AuWbAa
WcLbAa
LmEaAa
DcIaAa
FsCaAa
DwAaAa
AlEaAa
FiJaAa
ShIaAa
MfGaAa
FvGaAa
VlDaAa
FiGaAa
FoOaAa
AdLaAa
OjMbAa
EdGbAa
FsCaAa
BsDaAa
YyGbAa
EoCaAa
XoJaAa
NtWaAa
FzLaAa
DuPbAa
PyGaAa
PaQbAa
QbLaAa
JuUbAa
SdPbAa
FfFaAa
RjNaAa
AtFaAa
PiQbAa
BiKaAa
EcTaAa
PhBaAa
BmSaAa
UeGaAa
OjMbAa
AmAaAa
NvKaAa
SdLaAa
QzKaAa
TxDaAa
AiJbAa
CwAaAa
WdAaAa
UtBbAa
HhFaAa
PpFaAa
KmEaAa
VeHaAa
XiEbAa
YlMaAa
DgAaAa
KqGbAa
WoFaAa
KwDbAa
GoCbAa
RpAaAa
KrSaAa
PwHaAa
JcAaAa
RmJbAa
XoKaAa
BdPaAa
ZlAaAa
JkIaAa
ZaFaAa
NfOaAa
MuFbAa
EsCbAa
NjVbAa
TmAaAa
BcRaAa
HrQaAa
NwFbAa
CdAaAa
UhGbAa
ToHbAa
FdYbAa
RyBaAa
SdLaAa
CsMbAa
AhNaAa
CcDaAa
QuJbAa
NvWaAa
SaHaAa
OjMbAa
CsMbAa
VgRaAa
AvTaAa
TjAaAa
EnUbAa
HkWbAa
NhAaAa
HkWbAa
BpLaAa
UoBaAa
SnIaAa
WjPaAa
YnDaAa
HrPaAa
GiAaAa
TyNaAa
WgEaAa
BtFaAa
FeTaAa
BkYaAa
AhNaAa
KmNaAa
GiAaAa
CzHbAa
XxGaAa
GiCbAa
RjYbAa
NzEaAa
MwBaAa
EoKaAa
ChUaAa
GjUbAa
RcEaAa
CbCbAa
TaJaAa
FpEaAa
TgYaAa
VvLaAa
EpNaAa
VdFaAa
ByQaAa
UeEaAa
SfXbAa
CjBaAa
QtJaAa
OaGbAa
TzAaAa
VpUaAa
CtBbAa
NoRbAa
LlFaAa
OxAaAa
KdQaAa
ZfKaAa
GjUbAa
VhTbAa
LzEbAa
MaKaAa
ZjRbAa
ZzFaAa
GgZaAa
IcAaAa
EeZaAa
ZlLbAa
BhLaAa
MtMaAa
HyAaAa
ZxIaAa
WoEbAa
OzMaAa
CxFaAa
EyNbAa
FfMaAa
StFaAa
XoJaAa
IzUaAa
XxGaAa
EsYaAa
NxMaAa
SfWbAa
CxFaAa
BsDaAa
ExRbAa
EoKaAa
SfPbAa
BaJaAa
WcIaAa
OxAaAa
XzYbAa
BsYbAa
UsPbAa
PyGaAa
JfFbAa
FtRbAa
GkJaAa
GyGbAa
OxAaAa
MkAaAa
IhKbAa
ZmNbAa
TvTaAa
TwEaAa
JfAaAa
YbEaAa
WcLbAa
WgGaAa
EvHbAa
CeXaAa
XjMaAa
EpEaAa
DgMbAa
UmAaAa
GkGaAa
YiMbAa
MfEaAa
JkIaAa
MhWaAa
QiQbAa
MzQbAa
KqGaAa
ZgCaAa
JcAaAa
UnNaAa
JcAaAa
IzRaAa
QbAaAa
PnAaAa
LuLbAa
NeQbAa
KuCaAa
SfWbAa
YkHaAa
ScQaAa
KiDaAa
EtRbAa
OhBbAa
AtTaAa
XcTaAa
CaAaAa
UjAaAa
CsMaAa
QyBaAa
UrAbAa
GsBaAa
OpFaAa
OaTbAa
MlHbAa
AlLaAa
DgAaAa
BdPaAa
EtIaAa
YuTbAa
LzNaAa
KnSaAa
BcRaAa
CqYaAa
ShCaAa
OpFaAa
FpDbAa
DdTbAa
DaWaAa
UuMaAa
WlBaAa
WlDaAa
NdEbAa
NkCaAa
OcZbAa
YbBaAa
QrJaAa
KzWaAa
GbSaAa
LzEbAa
NeFaAa
EpEaAa
ZgCaAa
RjNaAa
FwKaAa
NrXbAa
EaLbAa
FeDaAa
JjFaAa
FeBbAa
OkCaAa
ZqTaAa
VqXbAa
NdEbAa
LbJaAa
EeOaAa
DhYbAa
OaTbAa
YaFaAa
RwNaAa
DlGbAa
KmEaAa
EuDaAa
RjNaAa
OaSaAa
PuNaAa
XqOaAa
IdSaAa
FgBaAa
PfTaAa
RgJbAa
TcHaAa
MkAaAa
SlEaAa
PuJbAa
YsBaAa
PuJbAa
SxDaAa
LyBbAa
LhYaAa
XlPaAa
CdAaAa
YkBbAa
ZaFaAa
KuUbAa
NsHaAa
SpTbAa
LdDbAa
FsBaAa
RgKaAa
CkRaAa
HrJbAa
TfPaAa
AtTaAa
ImTaAa
JzPaAa
NdEbAa
EbBaAa
BnLaAa
TzAaAa
UeGaAa
QdNaAa
HrEaAa
YkBbAa
DaJbAa
CdAaAa
UtLaAa
QcBaAa
CrAaAa
StFaAa
XpEaAa
CaAaAa
CvBaAa
IiNbAa
PpFaAa
ZwLbAa
DsIbAa
HrPaAa
GiBbAa
CeGaAa
WeVbAa
HuOaAa
MpXbAa
RvJaAa
HfKaAa
DeHaAa
QtVaAa
LqLaAa
IcAaAa
DpUaAa
OgUbAa
MnFaAa
AqDaAa
ZhFaAa
KqAaAa
RiFaAa
EeObAa
KrXaAa
XeBbAa
LnMbAa
EbBaAa
EcLbAa
TiQaAa
EeObAa
NkAaAa
OqRbAa
DmXaAa
OqRbAa
ZrEaAa
AnBbAa
QcEaAa
CeXaAa
XiWbAa
VoCaAa
PgFaAa
NdWaAa
YoNbAa
JcPaAa
ImBbAa
GjRbAa
ZbTbAa
VzDaAa
UsMaAa
HgIaAa
QfDaAa
RmCaAa
GwKbAa
VdAaAa
RaDaAa
NdMbAa
BjBaAa
HkWbAa
FiHaAa
QzKaAa
ImZaAa
PwHaAa
ByNaAa
LnXaAa
LaKaAa
MnWaAa
OaGbAa
KoIaAa
CeRaAa
OpWbAa
FeTaAa
YaFaAa
YnPaAa
NfVbAa
FdKaAa
LrKaAa
FiJaAa
OoRbAa
QyBaAa
JcPaAa
PhBaAa
TkFaAa
VgRaAa
VhTbAa
ReSaAa
FeIaAa
WgGaAa
KnSaAa
UtLbAa
DxRbAa
UvLaAa
YfMaAa
GjUbAa
EuDaAa
CwAaAa
QsQaAa
KaIbAa
OxAaAa
MhWaAa
UjBaAa
WgEaAa
WkOaAa
YdAaAa
ZvJbAa
EiRaAa
QyBaAa
GmPbAa
EbNbAa
NcKaAa
IzUaAa
GfFaAa
YvRaAa
HtAaAa
MtYaAa
FpUbAa
PhBaAa
ViWaAa
CjCaAa
IzUaAa
HdKbAa
QhBaAa
CcCaAa
DxFaAa
ZkWbAa
ItAaAa
GeDaAa
ZfKaAa
WuYaAa
PfDaAa
RgKaAa
MfRaAa
RiFaAa
PuJbAa
ZxIaAa
RhIaAa
QgKbAa
DrAaAa
QgKbAa
FbYbAa
XuDaAa
CwXaAa
CoCaAa
ZgCaAa
HnBaAa
LvEbAa
PhBaAa
PbAaAa
DcIaAa
CaYaAa
PcKbAa
QhIbAa
UxVbAa
QbLaAa
PkKbAa
AfLaAa
DeYaAa
QwQaAa
QrFaAa
CjCaAa
NyLaAa
OhCbAa
JxNaAa
SmYaAa
PqEaAa
AhNaAa
PwUaAa
MdVbAa
MuBbAa
HkTaAa
ToXaAa
KfAaAa
JoHaAa
QyJbAa
FvGaAa
FfFaAa
BmSaAa
UtDbAa
QbEbAa
WeZaAa
UqYaAa
JfAaAa
TqMaAa
UuMaAa
EuYaAa
QxOaAa
TdPaAa
TeBaAa
UhYbAa
SvTaAa
SoBaAa
TtBaAa
ZnBaAa
ChUaAa
XzLaAa
TzAaAa
MdJaAa
MsAbAa
OxAaAa
DbKaAa
HmPbAa
QcBaAa
GlCaAa
IrEaAa
FtHaAa
JrDaAa
OyFaAa
HzFaAa
EjGbAa
VuKaAa
KrSaAa
UaJbAa
NoRbAa
VdAaAa
VdAaAa
WpNaAa
AdLaAa
XuDaAa
OtCbAa
CaYaAa
JfAaAa
FyVaAa
TjVaAa
BeBaAa
LwCaAa
YkGaAa
XvHaAa
VpUaAa
HrEaAa
HrPaAa
OzEaAa
CdAaAa
QrJaAa
TgXaAa
GjRbAa
FuDaAa
WcLbAa
XlPaAa
KbUbAa
BqJbAa
AqDaAa
HfKaAa
ScRbAa
BpGaAa
DdAaAa
EjPaAa
FmOaAa
PfCaAa
TrIaAa
SpZaAa
OaTbAa
MrYaAa
XdAaAa
MbIaAa
KdGaAa
MfJaAa
SlVaAa
IhKbAa
JfAaAa
OzMaAa
RzKaAa
VzDaAa
UzAaAa
ZgCaAa
KtMbAa
OeKbAa
YfKbAa
EgVbAa
ToBaAa
ImBbAa
ZlAaAa
EqWaAa
CkRaAa
QcEaAa
BcRaAa
FeIaAa
DxCaAa
IwZaAa
GcAbAa
MwBaAa
SqXaAa
VlDaAa
NvCbAa
QbLaAa
IeWbAa
SqSaAa
SlEaAa
PhZaAa
UrAbAa
EpEaAa
PwIaAa
MsIaAa
BpGaAa
UzObAa
ZuJaAa
HlLbAa
NkCaAa
ElBaAa
HrJbAa
OaSaAa
SlNaAa
JcAaAa
WqBaAa
BkSaAa
SlLaAa
UtDbAa
GnDaAa
YoNbAa
UiAbAa
FvGaAa
FiOaAa
GaFaAa
JjFaAa
GrNaAa
EgMbAa
AjYbAa
JePbAa
EpEaAa
QsQaAa
KfAaAa
JfAaAa
BkYaAa
OaSaAa
FgBbAa
EjPaAa
UpFbAa
LlFaAa
PySbAa
CyNaAa
BqJbAa
RmCaAa
AtFaAa
KmNaAa
KoIaAa
AtFaAa
OhAaAa
LdHaAa
EeZaAa
AuAaAa
PvDaAa
FnDaAa
MrYaAa
SaDaAa
QfDaAa
NfOaAa
TcHaAa
PkKbAa
QjEaAa
FbBaAa
HiEaAa
IwOaAa
OjHaAa
KfAaAa
PpFaAa
DyEaAa
YbEaAa
TbUaAa
XmCbAa
UpAbAa
MfEaAa
EnRbAa
GoNbAa
CvCaAa
ZxHaAa
ZwLbAa
RiSaAa
FeCaAa
FiOaAa
RaGaAa
CcDaAa
CxFaAa
KnSaAa
QcBaAa
WaAaAa
VkKaAa
TwEaAa
BnLaAa
GfFaAa
JwUbAa
EsWaAa
LdHaAa
JwJaAa
QhBaAa
UsKaAa
ZlAaAa
FyVaAa
SoYaAa
CtBbAa
VrAaAa
CoBaAa
LiUaAa
WlDaAa
UrHaAa
RtBaAa
GjUbAa
CwAaAa
NnAaAa
MkAaAa
TnLaAa
NlOaAa
RcEaAa
PjSbAa
VhPaAa
NeQbAa
LqLaAa
UrHaAa
UmFaAa
CqMbAa
ZgCaAa
BzJaAa
ToBaAa
NkDaAa
WoOaAa
NrBaAa
ZqTaAa
UhVaAa
OhHbAa
LhYaAa
ZgIaAa
CuSaAa
ZrPaAa
JiBaAa
YkZaAa
DpUaAa
WsEbAa
LyVbAa
LzPaAa
QlGaAa
WiHaAa
WaAaAa
ZzFaAa
HgIaAa
IwZaAa
XbEaAa
EuDaAa
OdCaAa
ZfRbAa
EnRbAa
PmPaAa
XdAaAa
VqBaAa
DgAaAa
ShDaAa
DjUaAa
SbFaAa
AuEaAa
TbUaAa
BcRaAa
TzAaAa
FsBaAa
VbKaAa
ZvPaAa
TiKaAa
TxVbAa
IiNaAa
KdQaAa
CzDaAa
OxAaAa
CcDaAa
JcLaAa
YaFaAa
UrGaAa
YkGaAa
OzMaAa
KdRaAa
TzJaAa
WaZaAa
FbEaAa
UcJaAa
DoSbAa
UaJbAa
LxEaAa
MwBaAa
LvEbAa
JdEaAa
RgKaAa
KfAaAa
GkJaAa
CjBaAa
MdJaAa
LwCaAa
PpFaAa
PfDaAa
EgEaAa
ZzFaAa
VcIaAa
JdEaAa
KtXaAa
TxVbAa
BxDbAa
CeGaAa
UlUaAa
NkCaAa
KyJaAa
RbFaAa
XgHaAa
UgXaAa
FbYbAa
EtIaAa
KbDaAa
TaJaAa
WpKbAa
DgJaAa
DaOaAa
SqSaAa
HuOaAa
RgJbAa
PcKbAa
GwKbAa
UeRaAa
XkPbAa
YiIbAa
TcHaAa
EgVbAa
YtHaAa
HsOaAa
CrAaAa
QqEaAa
EpEaAa
SqSaAa
ZlCaAa
WzJaAa
KrSaAa
FbYbAa
JyJaAa
GiAaAa
WlDaAa
EpEaAa
PeKaAa
NcKaAa
PyGaAa
JnJbAa
XeAbAa
HuOaAa
RkLbAa
HiAaAa
MlKaAa
NdVbAa
QeAaAa
BaAaAa
JwUbAa
AzAaAa
AlLaAa
BvBaAa
DtLbAa
GiAaAa
PpFaAa
JyAbAa
TpLaAa
IbHaAa
ElBaAa
XgZaAa
AuWbAa
FiEbAa
JpJbAa
RlBbAa
JvWbAa
CeEaAa
JmHaAa
MhWaAa
EgVbAa
ViHbAa
DaWaAa
FbYbAa
CqMbAa
GsBaAa
LtDaAa
HxHaAa
WiMbAa
HkBbAa
ZtRaAa
DrAaAa
RgKaAa
QcBaAa
ZtRaAa
OpFaAa
BbSbAa
KxNaAa
TzAaAa
ZsOaAa
JcAaAa
PfTaAa
ZuOaAa
NkAaAa
DpFbAa
NsIaAa
RcFbAa
MdOaAa
PfCaAa
ViHbAa
AjIaAa
JvWbAa
JrXaAa
CgQaAa
JnMaAa
FeTaAa
BqMaAa
MdVbAa
BsYbAa
WlDaAa
JyJaAa
QnTaAa
QeUbAa
PmBaAa
SxDaAa
WlUbAa
EzDaAa
BrTaAa
FeIaAa
StCaAa
VoWaAa
EeCaAa
YaFaAa
PpJaAa
YxRaAa
MuGaAa
AjIaAa
WlDaAa
JwUbAa
AnGaAa
QkLbAa
EhVaAa
PsHaAa
DoXbAa
RyPaAa
GkBbAa
OiQbAa
CiDbAa
QyBaAa
RmJbAa
GnDaAa
HiEaAa
QwJbAa
GyGbAa
CzDaAa
FsYaAa
KiDaAa
FgBbAa
AfNaAa
TsDaAa
HdKbAa
PmKbAa
ImBbAa
OqRbAa
ZgIaAa
CoYaAa
JfAaAa
SaQaAa
DjTbAa
BqMaAa
RnTaAa
KyDaAa
MxSaAa
GkHaAa
FfQbAa
TdUaAa
NcKaAa
UsSbAa
KmEaAa
DiXaAa
DaAaAa
EqBaAa
YkGaAa
BnTbAa
MrWaAa
RoQaAa
OlOaAa
LjYaAa
FtHaAa
WiHaAa
LhYaAa
TuXaAa
AmAaAa
UlUaAa
BsYbAa
PmPaAa
NhAaAa
PgFaAa
NhVbAa
RdSbAa
WtRbAa
JpDaAa
FgZaAa
LdCaAa
TfPaAa
LpXaAa
OeKbAa
CcYaAa
OpOaAa
JgLaAa
UvBaAa
QlBbAa
DsIbAa
FvHaAa
PmKbAa
DxFaAa
UpHaAa
AmAaAa
LhQaAa
GiAaAa
AlNaAa
NdZaAa
WmKaAa
ApZaAa
AiJbAa
QdNaAa
FmOaAa
ZzGaAa
EtRbAa
MaNbAa
QsQaAa
MlKaAa
TvFaAa
NlOaAa
OrCaAa
WyMaAa
XaAaAa
RyPaAa
XcTaAa
RlNbAa
BuAaAa
KmEaAa
MlWaAa
DlGbAa
PrOaAa
QpAaAa
WgEaAa
LyUbAa
CjBaAa
SiJbAa
FgBbAa
VaObAa
RzOaAa
HyAaAa
RoDaAa
ZpPaAa
OaZbAa
YsBaAa
WgOaAa
QfDaAa
YeIbAa
OhEbAa
ZrEaAa
BvBaAa
EvHbAa
YvQaAa
FgBbAa
WpRbAa
SoBaAa
GiAaAa
OxAaAa
PmPaAa
EyNbAa
ZlAaAa
WcLbAa
OaGbAa
DrAaAa
QzOaAa
OwGaAa
IfKaAa
DoSbAa
GfFaAa
VvAbAa
GaNaAa
CuSaAa
TbCbAa
EvBbAa
ZxIaAa
WiMbAa
AvZaAa
JyJaAa
QwHaAa
MwBaAa
SxDaAa
LbJaAa
UmFaAa
ApZaAa
AoJbAa
ZxBaAa
EpEaAa
FfMaAa
VcDaAa
ZnBaAa
KfAaAa
CcYaAa
AyQaAa
XiGaAa
YjQbAa
JcAaAa
DkKaAa
JzQaAa
AbBbAa
CwSaAa
MkAaAa
LwCaAa
LsKbAa
EgVbAa
HzGaAa
VgEbAa
QhIbAa
SnBbAa
PhAaAa
DgAaAa
PsAaAa
RfNbAa
GzFbAa
SaDaAa
VeHaAa
FiOaAa
UoMbAa
LrKaAa
PfCaAa
HtRaAa
FfQbAa
MwBaAa
UoCaAa
YjQbAa
MkBaAa
XbEaAa
GmJaAa
CxFaAa
QfIbAa
ByNaAa
MoAbAa
KoBbAa
NvYaAa
LhXaAa
MwBaAa
ImBbAa
EpNaAa
ReSaAa
CcDaAa
IiNbAa
TlEaAa
MzQbAa
UeGaAa
KdRaAa
LsLaAa
MkAaAa
KpYaAa
NdEbAa
MkAaAa
WaAaAa
BgYaAa
ReSaAa
LhXaAa
IkEaAa
WaAaAa
IsTaAa
WrAaAa
PfCbAa
UaJbAa
DdAaAa
NhAaAa
LbDbAa
XlPaAa
AaQaAa
CwAaAa
YsCaAa
UhVaAa
CqYaAa
ShDaAa
XdKaAa
OtNbAa
FmOaAa
ZeNaAa
DoCaAa
DmWaAa
EmHbAa
EnRbAa
HnKbAa
KaUaAa
LrSaAa
DuMaAa
FtIaAa
OcMaAa
VhTbAa
UaXaAa
YeIbAa
EmXbAa
MkAaAa
EuDaAa
CzJaAa
NlXbAa
ItEaAa
SuEaAa
ZvNaAa
KiCaAa
YoAaAa
RcBaAa
CuSbAa
AxLbAa
RgKaAa
MdJaAa
VhTbAa
EeObAa
MiGbAa
ShDaAa
PxKaAa
VuIbAa
TmAaAa
DvCaAa
QcEaAa
EiRaAa
MtDaAa
KiDaAa
ElBaAa
VhTbAa
KuCaAa
ZnDaAa
RaGaAa
EbNbAa
YyGbAa
OaZbAa
MhLbAa
SnGaAa
HuOaAa
BeRbAa
ZaHbAa
HzFaAa
MfEaAa
AyUaAa
WjPaAa
NoUbAa
TjVaAa
QcSaAa
BjIaAa
QjSbAa
JfAaAa
JpJbAa
RbFaAa
PmPaAa
OtNbAa
YqJaAa
TzAaAa
ZsBaAa
ZlAaAa
LgTbAa
KfAaAa
LpBaAa
VaAaAa
YnDaAa
JzIaAa
MtDaAa
BnTbAa
VcIaAa
MjZbAa
UnNaAa
JcAaAa
QcEaAa
DgMbAa
HxIaAa
GeTaAa
FoIbAa
KvPbAa
SlYbAa
QcBaAa
FiOaAa
KuUbAa
DoSbAa
SlNaAa
CcDaAa
XxGaAa
SoBaAa
BxTaAa
MuGaAa
HxHaAa
DgAaAa
ZgSbAa
YrRaAa
WdAaAa
QhBaAa
KqGbAa
NvYaAa
PhTaAa
YuGbAa
UhUaAa
TcHaAa
OzEaAa
XoAaAa
EsWaAa
BsXaAa
ZaBbAa
ToXaAa
UwEbAa
LtDaAa
TcDbAa
KfAaAa
PjJaAa
HiAaAa
LgTbAa
NkCaAa
HlKbAa
TwEaAa
UqYaAa
RjNaAa
KdGaAa
QhBaAa
RdSbAa
GkBbAa
KbDaAa
TpHaAa
CoMbAa
BaCaAa
GgZaAa
LbJaAa
AhCaAa
SfPbAa
SuEaAa
ItEaAa
AuWbAa
CeEaAa
NoDbAa
CwAaAa
HqFaAa
UeDbAa
EfYbAa
QlBbAa
SdPbAa
TiKaAa
JuKbAa
NwBaAa
RvJaAa
XaAaAa
HzGaAa
KfAaAa
NaYbAa
EuDaAa
BlIaAa
RkJbAa
OpKaAa
BkYaAa
MwBaAa
VqBaAa
IiBaAa
EyNbAa
OwGaAa
XeCaAa
TaJaAa
OeKbAa
TzJaAa
FbEaAa
MtMaAa
GoPbAa
LyVbAa
RjYbAa
DsEbAa
CzDaAa
IcAaAa
HvIaAa
QcBaAa
YpPaAa
NnEbAa
LfBaAa
MuGaAa
YkMbAa
XbEaAa
AhDaAa
MoEaAa
UsKaAa
AnBbAa
FqIbAa
SoBaAa
HmWbAa
IcAaAa
QcEaAa
HkWbAa
QsQaAa
KoGaAa
MkBaAa
NoUbAa
AjAaAa
BqMaAa
EgGaAa
VdTbAa
BaAaAa
ZuJaAa
MzQbAa
KfAaAa
OjMbAa
NfOaAa
ZdUbAa
QbLaAa
CzAaAa
VhPaAa
YsBaAa
SmCaAa
QfDaAa
QyJbAa
JzIaAa
TgYaAa
OaTbAa
ZaBbAa
DsIbAa
KzWaAa
TsYbAa
RnTaAa
KzUaAa
DsIbAa
CeEaAa
MpXbAa
BxDbAa
RwNaAa
LgPaAa
OhHbAa
OsAaAa
GmPbAa
LhXaAa
KbUbAa
PwUaAa
DdAaAa
YbEaAa
NtIbAa
YkBbAa
RaDaAa
ErUaAa
YbSaAa
JyJaAa
CcHaAa
MoNaAa
EuYaAa
VcWaAa
TsSbAa
CdAaAa
QbAaAa
MwBaAa
RfNbAa
DnGbAa
BdLaAa
NvYaAa
YkZaAa
MoEaAa
MsIaAa
RnHaAa
TiKaAa
FmEbAa
HaHbAa
AtFaAa
KfAaAa
BuWbAa
AhNaAa
MdOaAa
BvFaAa
EbBaAa
FoIbAa
RmJbAa
KbUbAa
PmBaAa
RnHaAa
FyVaAa
PyGaAa
UuMaAa
AaQaAa
CsMaAa
NoUbAa
XfMaAa
EcTaAa
FwYaAa
TpHaAa
BsXaAa
LyVbAa
OfAbAa
KbUbAa
CqYaAa
HvJbAa
DrAaAa
TrIaAa
HxIaAa
EaLbAa
MaBaAa
DzDaAa
GmWbAa
GmPbAa
MbTaAa
DsSaAa
JqAaAa
MrWaAa
AfWbAa
BxDbAa
KfAaAa
OxMaAa
NnAaAa
JsTaAa
AqDaAa
KaIbAa
ZaPaAa
NwBaAa
CoMbAa
WdAaAa
UaXaAa
AaDaAa
WzYbAa
FwYaAa
YlMaAa
KfAaAa
IcLaAa
QiRbAa
MdJaAa
TyNaAa
IpQaAa
VaAaAa
ZlJbAa
MrWaAa
EgVbAa
KvAaAa
XxXbAa
AaHaAa
ZqJaAa
ZgCaAa
ZkHaAa
MaBaAa
XvYbAa
ViHbAa
KmEaAa
JpSaAa
JpJbAa
CwXaAa
MaKaAa
IxQaAa
DkRaAa
JxNaAa
JdEaAa
XjPaAa
XbBaAa
TeBaAa
AxDaAa
RpAaAa
PbAaAa
RiFaAa
WwGbAa
DxFaAa
OjJaAa
TrIaAa
MkAaAa
BqMaAa
IiNaAa
CdAaAa
RdSbAa
WgEaAa
VaAaAa
NaYbAa
PuJbAa
EkHbAa
SbFaAa
SjYbAa
CqMbAa
BxJaAa
XlBaAa
IdSaAa
PhBaAa
QyBaAa
BuAaAa
NkAaAa
GqJaAa
HrEaAa
FeVbAa
PxKaAa
QlZaAa
RiFaAa
VaOaAa
RvOaAa
EgHaAa
JyAbAa
NrBaAa
PjCbAa
FvGaAa
YsCaAa
NnEbAa
HaHbAa
NoRbAa
RoDaAa
KzIaAa
AhDaAa
JzIaAa
RcFbAa
HrPaAa
FnDaAa
PnWbAa
MkBaAa
WgGaAa
AzGbAa
QnTaAa
YuDaAa
YqJaAa
WfVaAa
JkIaAa
UrHaAa
DoCaAa
IcAaAa
PhEaAa
YbTbAa
VkOaAa
KmEaAa
CwXaAa
JzQaAa
PfCaAa
ScRbAa
BaAaAa
JuUbAa
TuXaAa
RcFbAa
PyFaAa
MpXbAa
IbHaAa
BkYaAa
HlCaAa
GxYbAa
RfNbAa
LyBbAa
DdAaAa
CxFaAa
JzQaAa
QpTaAa
WxLaAa
WyMaAa
HuOaAa
GfFaAa
MkAaAa
FvYbAa
EpEaAa
TwPbAa
RwNaAa
CsPbAa
BnVaAa
EbBaAa
XgAbAa
IbVaAa
CdAaAa
ApZaAa
ZfKaAa
BvFaAa
DdFaAa
BaAaAa
FvYbAa
NaNbAa
KfAaAa
EyXaAa
CoCaAa
GwVaAa
ZlAaAa
YsBaAa
JxPaAa
KqIaAa
VzDaAa
CeEaAa
IiNbAa
AlLaAa
QcEaAa
LdCaAa
EgBaAa
CvCaAa
MiGbAa
JcAaAa
ImBbAa
IgCaAa
KuCaAa
IdSaAa
LxXaAa
FoAaAa
AnBbAa
WmIbAa
PxAaAa
UoBaAa
OsAaAa
ReAaAa
WrAaAa
VgEbAa
JfAaAa
WgJaAa
DmWaAa
ReSaAa
LbIaAa
RjPbAa
FlPaAa
LuAbAa
NdIaAa
EeDaAa
MtYaAa
XiGaAa
JyAbAa
YlBaAa
NkAaAa
QcBaAa
LxXaAa
WlDaAa
AuAaAa
YeTaAa
GiAaAa
JwUbAa
RpVaAa
TzJaAa
StBaAa
BaRaAa
ZxHaAa
GmJaAa
IuTbAa
GlAaAa
PcMaAa
TjVaAa
DoXbAa
JhKaAa
CdAaAa
FdKaAa
KdRaAa
XbEaAa
MkAaAa
DlDaAa
LdCaAa
RwNaAa
PwUaAa
EbBaAa
WpRbAa
WoFaAa
RaDaAa
VzDaAa
TgXaAa
HrQaAa
EuDaAa
LjXaAa
BnLaAa
QdNaAa
JfAaAa
JkYbAa
FsCaAa
ByNaAa
RhXbAa
PpFaAa
OsUaAa
ZuOaAa
TiQaAa
EeZaAa
JxPaAa
HaFaAa
QwJbAa
PhBaAa
HpLbAa
FpEaAa
TzAaAa
MjRaAa
ErLbAa
CwXaAa
BqObAa
IhKbAa
JjFaAa
AyQaAa
KdEaAa
OpKaAa
YeIbAa
XmCbAa
WrAaAa
DoXbAa
DrAaAa
RyBaAa
CeYaAa
OsAaAa
LuCaAa
HlLbAa
JgLaAa
EgBaAa
YpPaAa
OxAaAa
ZxIaAa
WzYbAa
BvFaAa
BbSbAa
FbBaAa
ZmZaAa
TtCaAa
NvCbAa
RvJaAa
PxAaAa
JiBaAa
BjAaAa
StBaAa
WaAaAa
QgKbAa
QcSaAa
PwUaAa
UyNaAa
QcBaAa
KbCaAa
ZfKbAa
QmMaAa
TdPaAa
BmSaAa
SxDaAa
VuKaAa
ObAbAa
SvTaAa
FeCaAa
NhAaAa
ReAaAa
XxXbAa
LsLaAa
MzQbAa
TgYaAa
UaJbAa
AuPaAa
EcOaAa
FeTaAa
NnEbAa
KbQaAa
YeIbAa
ToXaAa
PeFaAa
AiJbAa
YiBbAa
TzAaAa
QgKbAa
ZvNaAa
CjCaAa
UrGaAa
GbSaAa
EdFaAa
DcDaAa
HkWbAa
KmEaAa
UpFbAa
XvYbAa
RfNaAa
EgGaAa
MzKbAa
NyLaAa
TaIaAa
RcEaAa
WoFaAa
HkWbAa
KzWaAa
WgEaAa
DgJaAa
FgBbAa
DhTbAa
RmCaAa
KsBbAa
HkSbAa
YnDaAa
RcBaAa
VrAaAa
TbCbAa
NlEbAa
RfNbAa
KcAaAa
JmLaAa
SjNaAa
DgJaAa
EjPaAa
BpLaAa
ObAbAa
UgLbAa
NnEbAa
DaWaAa
LbJaAa
QfDaAa
MsLaAa
EbBaAa
AaVaAa
SvTaAa
PySbAa
GwVaAa
IdSaAa
YaFaAa
YoNbAa
CuSaAa
XbEaAa
PsAaAa
ShCaAa
ZlCaAa
MoEaAa
HkTaAa
RfNaAa
PhBaAa
SmCaAa
PfDaAa
ZmZaAa
RmCaAa
IoZaAa
SpTbAa
DnGbAa
KfAaAa
CrAaAa
EnUbAa
EvFbAa
NzYaAa
WeWaAa
PxKaAa
NsHaAa
OzMaAa
SaDaAa
NvCbAa
ZiIbAa
SmCaAa
TwEaAa
VhPaAa
MfAaAa
SmCaAa
NdEbAa
NhAaAa
DeHaAa
GnDbAa
LmEaAa
XlPaAa
WrUaAa
GxBaAa
CdAaAa
KvPbAa
YnPaAa
JkYbAa
JfSaAa
GfKbAa
LrSaAa
FkWaAa
DsSaAa
EqWaAa
CdAaAa
LjKaAa
ZbKbAa
DxRbAa
GiAaAa
AuWbAa
RaDaAa
EuYaAa
KqIaAa
NoUbAa
ZlCaAa
TyNaAa
AuWbAa
EeVbAa
NvKaAa
WqXbAa
MjZbAa
MiGbAa
HtAaAa
QpAaAa
KrSaAa
XsNbAa
VyEaAa
FmEbAa
TjVaAa
YvRaAa
MwBaAa
DzObAa
SlYbAa
EgVbAa
ZgCaAa
YsCaAa
FxFbAa
BaAaAa
VeHaAa
NhAaAa
MlHbAa
IiNaAa
PbAaAa
ItEaAa
BwEaAa
VaAaAa
HiCbAa
KmEaAa
KnCaAa
ScEaAa
HzFaAa
EySaAa
CkRaAa
DdFaAa
UtBbAa
UnEaAa
GnDaAa
HyAaAa
SnBbAa
SlIaAa
FvYbAa
UlUaAa
ZzGaAa
YlQbAa
NjZbAa
XxXbAa
LwCaAa
DwAaAa
GiCbAa
AuAaAa
VqBaAa
GaNaAa
NjWaAa
WlUbAa
CvBaAa
OlCbAa
TcHaAa
EpNaAa
WwQbAa
ZzFaAa
CaYaAa
KiCaAa
UtBbAa
EySaAa
JxQaAa
CdAaAa
KzHaAa
HhFaAa
AjIaAa
EqWaAa
GsBaAa
JfAaAa
OcMaAa
CoMbAa
IhFbAa
QlGaAa
BqSaAa
WaAaAa
BjBaAa
QyJbAa
TfPaAa
PySbAa
CsXaAa
IlQbAa
UhGbAa
YoNbAa
RmYaAa
RmCaAa
TaIaAa
TgYaAa
FgBbAa
MtDaAa
UoCaAa
FhUbAa
MhMbAa
IcAaAa
QgKbAa
OaGbAa
DvCaAa
XbEaAa
WcMbAa
HyKaAa
LdCaAa
RbFaAa
VaOaAa
IiNbAa
PhBaAa
SlVaAa
NgVaAa
GiJaAa
GgCbAa
XiGaAa
WxFaAa
AuEaAa
JiAaAa
NhEbAa
SpTbAa
BaAaAa
XeCaAa
YiIbAa
EqWaAa
MuFbAa
GkBbAa
BxUbAa
GqJaAa
UaXaAa
KcAaAa
VhTbAa
NxMaAa
CuSaAa
CcDaAa
CoCaAa
NvYaAa
LmEaAa
WaAaAa
VuIbAa
HzGaAa
ZrNaAa
MnWaAa
ReSaAa
KoIaAa
IoZaAa
TvFaAa
JpJbAa
GjUbAa
YpEaAa
LxXaAa
HkZaAa
OeKbAa
PfIaAa
BkDbAa
PdAbAa
RdSbAa
EgObAa
CdAaAa
QsNaAa
VgEbAa
EeOaAa
MbLbAa
PyGaAa
QvDaAa
MbTaAa
RoJbAa
DgAaAa
IiBaAa
MaBaAa
UlUaAa
UeEaAa
ErUbAa
QpAaAa
VqXbAa
EgEaAa
ZtRaAa
UmAaAa
IiNbAa
TgXaAa
HyAaAa
KbDbAa
TsDaAa
EuDaAa
KmEaAa
VwMaAa
OnIbAa
VyEaAa
RmCaAa
XpEaAa
KcFaAa
NlEbAa
ZeNaAa
VpUaAa
CcCaAa
EcOaAa
CeRaAa
LgPaAa
PgFaAa
IhKbAa
FmOaAa
QcEaAa
EbBaAa
QvDaAa
BaRaAa
DbKaAa
MiVaAa
OhEbAa
ZcWbAa
HlAaAa
VcDaAa
KfAaAa
FtIaAa
HrPaAa
ZxUaAa
JhFaAa
AcHaAa
JdEaAa
KfAaAa
LcFaAa
CzDaAa
GjQbAa
XiGaAa
HvNaAa
WgEaAa
NbLbAa
GiAaAa
NwFbAa
IoZaAa
LhXaAa
RaHaAa
PcKbAa
KbUbAa
PeAaAa
IsTaAa
LsFbAa
WlBaAa
HjUbAa
ZvRaAa
LrSaAa
YoNbAa
OiUbAa
DwEbAa
YpPaAa
MfRaAa
EgHaAa
JzIaAa
HuOaAa
CaAaAa
RzOaAa
HvJbAa
BqMaAa
VvBbAa
OaSaAa
CrGaAa
SxUbAa
WwGbAa
VaAaAa
OpFaAa
UzObAa
WiMbAa
EcLbAa
KaUaAa
PbNaAa
ZeNaAa
GwVaAa
DdTbAa
CcDaAa
KmEaAa
QkFbAa
LsFbAa
FeBbAa
HcAbAa
PkMaAa
KnSaAa
NxSaAa
CsPbAa
MrYaAa
UxHbAa
SbFaAa
UzObAa
KiLaAa
MdVbAa
KmTbAa
MzKbAa
BkYaAa
BaAaAa
VlDaAa
NxSaAa
PhBaAa
DxFaAa
JmLaAa
QrJaAa
TxVbAa
MnWaAa
RbFaAa
AmAaAa
NoUbAa
HlAaAa
QaVaAa
CoCaAa
JcAaAa
CoMbAa
HqFaAa
YkZaAa
GkGaAa
EsYaAa
ErLbAa
VsIbAa
WaAaAa
HqJaAa
LgPaAa
LrSaAa
SfPbAa
FzLaAa
XvHaAa
JfAaAa
YnDaAa
CrQbAa
CnLaAa
AaQaAa
UsKaAa
PjHaAa
LpBaAa
IxUaAa
BeBaAa
GyGbAa
CqMbAa
UrAbAa
QbLaAa
SoBaAa
MxIbAa
SoBaAa
OaGbAa
YkGaAa
VfPaAa
TvFaAa
HzRaAa
IeWbAa
ZlAaAa
FoFaAa
PjEbAa
YsBaAa
KtXaAa
SnIaAa
QcEaAa
GgCbAa
AlNaAa
BmAaAa
TpHaAa
QzKaAa
FwCbAa
GsCaAa
CxFaAa
RcBaAa
MmUaAa
DgMbAa
BaAaAa
HbYbAa
NkAaAa
HvNaAa
YtNaAa
UrGaAa
WoKaAa
XwKaAa
QyBaAa
MpSbAa
LaKaAa
AuAaAa
YbSaAa
OvNbAa
YnPaAa
EkHbAa
LjXaAa
SlIaAa
EgJaAa
XeTaAa
IhFbAa
FkHbAa
NtYaAa
CeGaAa
KbUbAa
HrEaAa
OpOaAa
HdKbAa
JqAaAa
OkCaAa
GmJaAa
FdGbAa
MsGaAa
QzOaAa
WoFaAa
WaAaAa
CdAaAa
YsCaAa
AbFaAa
WiHaAa
ImBbAa
QbLaAa
OiQbAa
HfKaAa
CoCaAa
DlDaAa
GzCaAa
WaAaAa
AhNaAa
YrNaAa
TpHaAa
PkMaAa
CaAaAa
PoLbAa
PuJbAa
HtRaAa
YgZaAa
TbUaAa
GkHaAa
WaAaAa
UsKaAa
BeBaAa
YoNbAa
UnUaAa
NoRbAa
EcLbAa
PrNbAa
MwBaAa
WgBaAa
WzYbAa
HhFaAa
PwIaAa
KiDaAa
AhNaAa
HrJbAa
VdAaAa
OxAaAa
FtIaAa
NnAaAa
FvGaAa
EoKaAa
PuNaAa
JdBaAa
QaVaAa
MhWaAa
PgFaAa
JfAaAa
BpHaAa
TcGaAa
NdWaAa
FfFaAa
NdEbAa
GbTbAa
PwGaAa
JcPaAa
AdLaAa
DlGbAa
BsYbAa
JmLaAa
XvYbAa
QtJaAa
RmCaAa
NuGaAa
CzTaAa
PfIaAa
LxXaAa
KwAbAa
OhAaAa
TwEaAa
ZsBaAa
QwJbAa
EuDaAa
HhFaAa
XiWbAa
DxCaAa
CeRaAa
MfEaAa
TmAaAa
QyBaAa
CcDaAa
JqAaAa
JxNaAa
NvKaAa
DgAaAa
SaCaAa
AwNaAa
JmTbAa
UcDbAa
PxKaAa
VqBaAa
ShCaAa
DoXbAa
GcAbAa
RfNbAa
YbBaAa
NfBaAa
JpSaAa
KmEaAa
UpAbAa
ZgCaAa
HcNaAa
EdYbAa
LyBbAa
FiRaAa
BhLaAa
PhCbAa
CxFaAa
MtYaAa
BaAaAa
OiQbAa
AlEaAa
IrQaAa
OxAaAa
CzDaAa
PhZaAa
HzFaAa
WgBaAa
PySbAa
HtUaAa
MwBaAa
WdAaAa
AjNbAa
ShDaAa
HrJbAa
CaDbAa
UpFbAa
ZlAaAa
FgVbAa
GkBbAa
XeBbAa
OzYaAa
QyJbAa
KrSaAa
FfQbAa
BmVbAa
CjCaAa
LtMaAa
EyNbAa
WjPaAa
LsLaAa
QzOaAa
WxFaAa
RzOaAa
PjZaAa
HzFaAa
GkGaAa
OhHbAa
RpVaAa
QcEaAa
UrAbAa
LdCaAa
BeBaAa
FiGaAa
QzOaAa
WiMbAa
YvQaAa
YbSaAa
FiEbAa
IgIbAa
CaAaAa
FpEaAa
WqIbAa
NqUaAa
PeAaAa
IhKbAa
EuDaAa
TgYaAa
WdAaAa
ZvNaAa
BxDbAa
MoNaAa
BnLaAa
ImBbAa
GlAaAa
GwVaAa
CjCaAa
RfNbAa
JnYaAa
XvHaAa
ZzCaAa
RmJbAa
FvHaAa
UsSbAa
IiNbAa
GsCaAa
QyBaAa
HhFaAa
MfEaAa
ZsBaAa
QjTaAa
IoZaAa
TpZaAa
StFaAa
DgAaAa
PgFaAa
BvBaAa
GcAbAa
RdSbAa
UnNaAa
WlUbAa
JdBaAa
DgAaAa
AcHaAa
LkDaAa
KnCaAa
DrAaAa
YfKbAa
FvGaAa
DsSaAa
HyAaAa
NqKbAa
CwPbAa
RbFaAa
YyGbAa
OpFaAa
WiMbAa
OsUaAa
UwSaAa
BzJaAa
KmEaAa
EeCaAa
PhBaAa
DnGbAa
ItAaAa
BzAaAa
YkGaAa
JfAaAa
DiXaAa
IeWbAa
IdSaAa
EyKbAa
KyTaAa
OwGaAa
UnNaAa
XjMaAa
VkOaAa
PfDaAa
PfDaAa
ZtRaAa
KbUbAa
TpGbAa
ToBaAa
PbAaAa
EeVbAa
CrAaAa
CcDaAa
GmPbAa
KcAaAa
UpFbAa
OjMbAa
RjNaAa
WzYbAa
CcDbAa
OwGaAa
AhDaAa
KcFaAa
CaAaAa
EmKaAa
JcPaAa
GqJaAa
LiDaAa
VaAaAa
JqAaAa
VoWaAa
TkXaAa
VlDaAa
InMaAa
AtQbAa
FfFaAa
XxCaAa
SlIaAa
FbYbAa
PySbAa
RmYaAa
CvBaAa
KfAaAa
FsCaAa
JfAaAa
HzGaAa
BaJaAa
AqDaAa
RtCaAa
CxFaAa
UmFaAa
IiBaAa
UhVaAa
KfAaAa
KfAaAa
RoMaAa
HrEaAa
CdAaAa
IhFbAa
MlHbAa
KyUbAa
UrAbAa
XeIaAa
JzBaAa
YxBaAa
PhBaAa
OnIbAa
HlLbAa
FgBbAa
YaFaAa
FeBbAa
PeAaAa
EbBaAa
YiTaAa
JpJbAa
EtIaAa
TiKaAa
WoKaAa
LqHaAa
ZeNaAa
LhYaAa
GkJaAa
RiFaAa
UnNaAa
CdAaAa
EeZaAa
HhFaAa
GrNaAa
RwMbAa
ZlCaAa
JdEaAa
RcFbAa
ApZaAa
GjQbAa
HvNaAa
AuAaAa
UmAaAa
YcAbAa
DeHaAa
BuAaAa
HdKbAa
BcRaAa
TnLaAa
JvWbAa
MkBaAa
EuDaAa
GoNbAa
XaAbAa
LbGaAa
HxIaAa
MrWaAa
SoRaAa
SfPbAa
KiDaAa
TzJaAa
PcKbAa
XgEaAa
BmVbAa
DaWaAa
OlEbAa
XdAaAa
UoCaAa
BkYaAa
QcBaAa
PyRaAa
BsYbAa
KnObAa
MuLaAa
MgYbAa
LhXaAa
UwEbAa
SqSaAa
WgBaAa
GxFbAa
EqWaAa
EdYbAa
IdSaAa
ByNaAa
OpFaAa
IcLaAa
XjMaAa
EjGbAa
FsCaAa
KvAaAa
CeRaAa
VxLaAa
JcAaAa
IkEaAa
MuBbAa
ZqJaAa
FnDaAa
DkKaAa
ScQaAa
PfDaAa
GgCbAa
DpUaAa
UlUaAa
BjAaAa
SaCaAa
IsTaAa
XlPaAa
DsEbAa
YnPaAa
TrIaAa
CwAaAa
RkKbAa
JaSbAa
YyGbAa
PsAaAa
OzEaAa
VdAaAa
YcBbAa
VaAaAa
VaOaAa
SyPaAa
DiXaAa
XvGaAa
LcAaAa
WwGbAa
IcAaAa
NgVaAa
HkTaAa
GkJaAa
PySbAa
KnSaAa
CaAaAa
JaLaAa
GmJaAa
MfGaAa
FyVaAa
HzFaAa
NkAaAa
PyCaAa
EuYaAa
RyBaAa
HxHaAa
FiGaAa
KbDbAa
ZtRaAa
HzCaAa
ZeNaAa
ToXaAa
CmXaAa
RlTaAa
PhEaAa
OxGbAa
KqGbAa
RoDaAa
IcAaAa
BcGaAa
EcOaAa
BxJaAa
ObAbAa
HzRaAa
WzYbAa
PeKbAa
YnDaAa
RmLbAa
WqEbAa
SqSaAa
QyBaAa
DlDaAa
DxFaAa
XpNaAa
RhIaAa
EqWaAa
FyVaAa
DgAaAa
OxAaAa
DdFaAa
VoWaAa
RmYaAa
YoAaAa
FsBaAa
CsDaAa
IyAaAa
NnAaAa
QoPaAa
MfEaAa
QwObAa
WrAaAa
DpUaAa
SgKaAa
MfMbAa
CmXaAa
SuEaAa
UwEbAa
AoDaAa
VkOaAa
NqKbAa
VdAaAa
GfFaAa
CkRaAa
KmEaAa
DcDaAa
NxMaAa
DsEbAa
YkGaAa
WoOaAa
ZrNaAa
JwJaAa
VdAaAa
EbBaAa
TfPaAa
ObAbAa
BpHaAa
IiNaAa
XjMaAa
OhJaAa
LsKbAa
RxLbAa
ClTbAa
FxBaAa
SvTaAa
OkAaAa
BzAaAa
NdEbAa
AhCaAa
RbPaAa
BxTaAa
MdJaAa
WqEbAa
AwPaAa
AuPaAa
SbFaAa
BcRaAa
NpWaAa
FgZaAa
SoBaAa
FsBaAa
BeRbAa
GyGbAa
SlVaAa
FzLaAa
SxDaAa
SlYbAa
RfNbAa
AqDaAa
DiXaAa
CeYaAa
PfDaAa
DjTbAa
HqTaAa
PgFaAa
EcLbAa
WgEbAa
IiBaAa
VuKaAa
AfLaAa
WpRbAa
FvHaAa
VwMaAa
BgYaAa
KmEaAa
XiEbAa
AuWbAa
InMaAa
RtBaAa
ErUaAa
JzHaAa
EyQbAa
OzMaAa
ViWaAa
VvLaAa
RiFaAa
ZuJaAa
MjZbAa
RgJbAa
HzFaAa
LqBbAa
LbJaAa
GwKbAa
DzDaAa
MkBaAa
SpZaAa
LpBaAa
XfMaAa
JrDaAa
FgZaAa
YsCaAa
JkYbAa
MuFbAa
NwBaAa
MfEaAa
QlTaAa
AuAaAa
RjNaAa
KcPbAa
DsIbAa
IgIaAa
VsIbAa
EmKaAa
TrIaAa
JcAaAa
NlOaAa
PqEaAa
TjAaAa
IeWbAa
VsIbAa
SlNaAa
FbYbAa
MoAbAa
BvBaAa
WoEbAa
NdWaAa
BkDbAa
BbSbAa
OzEaAa
NxMaAa
EoKaAa
QfDaAa
FvYbAa
MgTbAa
XdAaAa
LnSaAa
JxNaAa
VpUaAa
EpNaAa
TgQaAa
FwNbAa
ZtRaAa
FzLaAa
NrCbAa
KoBbAa
FfFaAa
BmObAa
DyEaAa
XiWbAa
HyAaAa
HdKbAa
RbFaAa
RoMaAa
FgObAa
TcQaAa
BhNaAa
EuDaAa
DgAaAa
PgFaAa
OjXbAa
AjYbAa
LgPaAa
GfKbAa
LsDbAa
IcAaAa
HtRaAa
WcLbAa
ZmYbAa
GkHaAa
NqKbAa
TcRbAa
ZsCaAa
FsBaAa
TjAaAa
AxDaAa
BxDbAa
LsLaAa
FrUaAa
BhLaAa
OsAaAa
AoMaAa
JjFaAa
NeQbAa
RjYbAa
SfWbAa
TzAaAa
WjPaAa
VdAaAa
BzJaAa
QmLbAa
DsSaAa
XaAaAa
ZvPaAa
NhJaAa
CcDaAa
UlUaAa
MxEaAa
ZwOaAa
DdTbAa
FeBbAa
AmAaAa
IcAaAa
PkMaAa
KmNaAa
QtJaAa
ZkZaAa
LiDaAa
IaLaAa
KcFaAa
QlGaAa
LcUaAa
CxFaAa
FpNaAa
GgAbAa
UoCaAa
KqGbAa
OpCaAa
HgHbAa
CwAaAa
EpEaAa
TbUaAa
FcTaAa
RxLbAa
XgOaAa
QmKbAa
ScQaAa
QtJaAa
HkWbAa
CeYaAa
HvJbAa
NlOaAa
SkFaAa
IzJbAa
LcUaAa
TjVaAa
JjFaAa
MyBbAa
NcKaAa
CnLaAa
NoDbAa
PeAaAa
ItAaAa
WuYaAa
BiKaAa
EbBaAa
YkGaAa
RcEaAa
VqXbAa
XxGaAa
CpHaAa
CdAaAa
BcGaAa
IkEaAa
CdAaAa
LdCaAa
EvHbAa
JzBaAa
TgYaAa
NvKaAa
QcEaAa
FtIaAa
FbYbAa
WeZaAa
SaQaAa
LmEaAa
KdQaAa
GnQbAa
GnDaAa
WgJaAa
EnUbAa
FsBaAa
TrIaAa
PvDaAa
VaIaAa
HzRaAa
JfAaAa
CdAaAa
EvHbAa
WpNaAa
DaOaAa
QvDaAa
WgOaAa
CmRaAa
PbAaAa
MhWaAa
QrNbAa
OhCbAa
FcTaAa
FeBbAa
MnFaAa
BcGaAa
IsTaAa
EbXbAa
NvKaAa
PuJbAa
DjBaAa
GnDaAa
VdAaAa
FpEaAa
KgUaAa
JxPaAa
JwJaAa
BjAaAa
KaIbAa
OqNaAa
QuJbAa
WlBaAa
HkWbAa
UeXaAa
QfDaAa
LrSaAa
HvJbAa
ShDaAa
RdSbAa
YkGaAa
YoNbAa
UpAbAa
CaXaAa
YsCaAa
QyBaAa
TcDbAa
RyIaAa
HtRaAa
AmAaAa
HzRaAa
CuXaAa
JuUbAa
XlPaAa
MkAaAa
MtEbAa
UjAaAa
ExCaAa
MvMaAa
DtFbAa
NaEaAa
AnBbAa
LhYaAa
CjCaAa
ZlJbAa
UiAbAa
FoIbAa
KmEaAa
GvYbAa
MhMbAa
CmRaAa
XzLaAa
YkJaAa
FbYbAa
ItEaAa
JcPaAa
JzIaAa
RjYbAa
CjBaAa
VtFbAa
VaAaAa
RlTaAa
FmOaAa
JuUbAa
CaIaAa
MuFbAa
NnEbAa
HzFaAa
HbSaAa
BxDaAa
RaDaAa
EeDaAa
NeFaAa
KoBbAa
CpLaAa
NdObAa
FjMaAa
VdAaAa
EbBaAa
HkTaAa
DwAaAa
FfFaAa
EgEaAa
DgMbAa
PvDaAa
StCaAa
XdAaAa
QbAaAa
KbUbAa
JcAaAa
DhTbAa
PmQbAa
FoIbAa
LxXaAa
XvHaAa
UrGaAa
YiIbAa
BaRaAa
MbXaAa
PfDaAa
DsIbAa
FgZaAa
PwIaAa
FvFbAa
EbBaAa
VaOaAa
NlKaAa
NlEbAa
UtDbAa
OfAbAa
QlBbAa
UcJaAa
CeEaAa
BhLaAa
JbGaAa
QcSaAa
UtFbAa
NoUbAa
IxQaAa
KrSaAa
VwMaAa
TcRbAa
EyYaAa
AmAaAa
KdRaAa
OjHaAa
TmCaAa
GqKaAa
BiDbAa
EgVbAa
AhNaAa
VaAaAa
TsDaAa
UpAbAa
DgAaAa
PmKbAa
OhCbAa
DhTbAa
AhCaAa
TgXaAa
ZlCaAa
WaAaAa
XzLaAa
JgSbAa
LxXaAa
VwAaAa
UwEbAa
UvLaAa
OjMbAa
XgBaAa
KvPbAa
CaAaAa
RgKaAa
EdYbAa
CvBaAa
BeBaAa
OjXbAa
LvEbAa
UiKaAa
VjCaAa
CcDaAa
VhPaAa
CaRaAa
MbWaAa
UdXbAa
CaAaAa
RjEaAa
GgBbAa
TuXaAa
OxAaAa
GkJaAa
MbLbAa
PfTaAa
LtMaAa
CeYaAa
EuDaAa
CmRaAa
SxUbAa
HlCaAa
EcTaAa
HtAaAa
HzFaAa
XbEaAa
ZqTaAa
GsCaAa
IiBaAa
LrSaAa
CjCaAa
NoRbAa
HtRaAa
WoOaAa
XrAaAa
XeTaAa
TcDbAa
JfAaAa
VaAaAa
DaAaAa
FfQbAa
FxBaAa
FeTaAa
MtYaAa
FiEbAa
JaSbAa
OgQbAa
NxMaAa
AyQaAa
NfBaAa
CwAaAa
DaAaAa
PuUaAa
JhKaAa
NxMaAa
WoEbAa
DyEaAa
QsQaAa
FbYbAa
PgFaAa
KdGaAa
IsFaAa
RmPaAa
QhOaAa
LrKaAa
NaYbAa
FrAaAa
XbZbAa
RuRaAa
MqAbAa
WlUbAa
XdMaAa
MhMbAa
WaAaAa
FfFaAa
TdPaAa
HvNaAa
FnDaAa
LyBbAa
VdFaAa
JmTbAa
BmSaAa
TjAaAa
DjCaAa
VuKaAa
XiEbAa
IwOaAa
BiKaAa
IiBaAa
MkAaAa
SkFaAa
BjBaAa
WaAaAa
PeAaAa
MuFbAa
PhBaAa
CzDaAa
FnDaAa
XuDaAa
EoWaAa
GdMaAa
KmNaAa
JdEaAa
BaJaAa
CaAaAa
ToBaAa
UlUaAa
VgEbAa
ZlAaAa
QcEaAa
FhUbAa
GaFaAa
SfWbAa
HkIbAa
XbEaAa
WzYbAa
GcAbAa
LsFbAa
QcEaAa
QjEaAa
HyAaAa
CyWaAa
HvJbAa
KmEaAa
ZgCaAa
HdKbAa
DzDaAa
HuVaAa
HgCaAa
VgRaAa
PjSbAa
KqIaAa
HmWbAa
WySaAa
GfFaAa
GoNbAa
CzDaAa
PmPaAa
SlYbAa
WxFaAa
JpMaAa
RrTaAa
DxLaAa
SjYbAa
UrHaAa
MfBaAa
ZsCaAa
IzUaAa
DjCaAa
DuEbAa
JzIaAa
IhFbAa
ToXaAa
UwXaAa
KfAaAa
AuAaAa
XhQbAa
WcLbAa
GiAaAa
LoVaAa
VdAaAa
VoCaAa
MhWaAa
UnNaAa
UtFbAa
QzOaAa
MsGaAa
IeWbAa
KpYaAa
KyTaAa
ZuOaAa
RmYaAa
BsYbAa
MhYaAa
ChUaAa
IiBaAa
MdCaAa
MxSaAa
QnTaAa
PhZaAa
QcBaAa
XiEbAa
WgEaAa
JrXaAa
MfGaAa
UmAaAa
MkAaAa
YaFaAa
PbAaAa
WaAaAa
XzLaAa
DjCaAa
VwEbAa
DgAaAa
VjCaAa
YaFaAa
ZuOaAa
HlCaAa
BzAaAa
CaXaAa
GaFaAa
JpMaAa
ZvQaAa
TfPaAa
IhFbAa
XiGaAa
RiFaAa
BiDbAa
DvCaAa
KiDaAa
TaIaAa
JfSaAa
CwXaAa
IeWbAa
WaAaAa
OjXbAa
XvYbAa
SpTbAa
VdAaAa
SmCaAa
GiAaAa
LqLaAa
QcKbAa
RvJaAa
PfDaAa
GaFaAa
JcAaAa
BsObAa
NkAaAa
EgAaAa
BdLaAa
RlNbAa
WaAaAa
HvJbAa
LxEaAa
DyEaAa
PhEaAa
CcDaAa
RnHaAa
ThDaAa
WgEaAa
JbGaAa
BxTaAa
LqHaAa
ZvPaAa
PvDaAa
EsCbAa
RoMaAa
DiXaAa
VwMaAa
UcXaAa
LiUaAa
ZmYbAa
JzQaAa
DgJaAa
LbUbAa
IiNbAa
NvCbAa
AfLaAa
HrEaAa
WoOaAa
BvTaAa
CjCaAa
QwQaAa
QpAaAa
YnDaAa
AuAaAa
KbDbAa
SeSaAa
MfBaAa
OfHbAa
NqKbAa
XgZaAa
MwBaAa
OdIaAa
PeAaAa
ZlLbAa
MkAaAa
GiGaAa
GiAaAa
BsXaAa
BzJaAa
PpFaAa
VdAaAa
MhMbAa
ItAaAa
LyBbAa
EeYaAa
SkFaAa
OcMaAa
PmKbAa
QyJbAa
PhEaAa
OjHaAa
FvHaAa
WoKaAa
JrDaAa
TjAaAa
VhTbAa
AaQaAa
DeXaAa
EyNbAa
LpXaAa
KhQaAa
OpOaAa
QwQaAa
YsBaAa
LsDbAa
EdGbAa
ImGaAa
GxYbAa
PjSbAa
RyPaAa
TkFaAa
CrGaAa
RcFbAa
SfPbAa
KmIaAa
SnGaAa
MuFbAa
XgHbAa
FsBaAa
XxXbAa
PhBaAa
RjNaAa
ZgCaAa
AmAaAa
AgFbAa
LqIaAa
DdTbAa
QmLbAa
WaAaAa
LyBbAa
EeVbAa
OsAaAa
VkWaAa
FgBbAa
YtNaAa
TiLbAa
YfKbAa
BaAaAa
ThLaAa
VcWaAa
QcBaAa
EsCbAa
EeOaAa
QdHbAa
UhGbAa
ErUbAa
RaGaAa
SmCaAa
MnAaAa
ItAaAa
QwJbAa
SpAaAa
EoXbAa
EoFaAa
UhGbAa
OxGbAa
CcCaAa
BkSaAa
CjCaAa
ZbEaAa
BaJaAa
FsCaAa
QsQaAa
OpFaAa
GlAaAa
CaAaAa
QrJaAa
HtRaAa
CjBaAa
YkZaAa
QnTaAa
VpQbAa
HdKbAa
HqTaAa
FgZaAa
NrBaAa
BaAaAa
UzJaAa
RyBaAa
KqBbAa
TpLaAa
EpEaAa
NcKaAa
IgIbAa
DjCaAa
TdPaAa
ByNaAa
AlLaAa
IbHaAa
OxAaAa
AjAaAa
WrUaAa
MdZaAa
OqRbAa
IyAaAa
FeBbAa
BhLaAa
UzObAa
KbDaAa
PqEaAa
AlNaAa
DjCaAa
RgKaAa
SkFaAa
FxBaAa
CpGbAa
AiJbAa
GmPbAa
FyMaAa
QfIbAa
CsPbAa
IiNbAa
GcAbAa
KvAaAa
ToHbAa
WaAaAa
BsDaAa
TcDbAa
XfMaAa
ZlAaAa
MbLbAa
TlNaAa
GbSaAa
UjAaAa
TyNaAa
EeHaAa
LrMbAa
KyTaAa
HxIaAa
FbBaAa
TzAaAa
CfZbAa
YkZaAa
TiKaAa
BsDaAa
VoWaAa
BsDaAa
PfDaAa
MdZaAa
SlNaAa
OpOaAa
JmLaAa
GmJaAa
XmCbAa
XjMaAa
CnNaAa
ZaFaAa
DkKaAa
LyBbAa
ChUaAa
ZaHbAa
PfDaAa
EgHaAa
AxDaAa
ZlAaAa
WoFaAa
YrNaAa
ZaFaAa
IkEaAa
MiGbAa
GiAaAa
RrZaAa
AjNbAa
AuWbAa
SpTbAa
DsSaAa
CqYaAa
LtDaAa
PeAaAa
KrSaAa
BwEaAa
MoUaAa
LuAbAa
QpAaAa
OsAaAa
AtBaAa
JqAaAa
ZaPaAa
HyAaAa
OhAaAa
BqMaAa
CwSaAa
WxFaAa
TpLaAa
XvHaAa
DxRbAa
VzDaAa
QzOaAa
ImHaAa
LrSaAa
TdPaAa
OpFaAa
EoKaAa
CvFaAa
CwSaAa
QnTaAa
XiWbAa
PpFaAa
ZiTaAa
UhGbAa
WsCbAa
JmTbAa
HvJbAa
BaAaAa
FyVaAa
WlUbAa
NyLaAa
HkHaAa
UoCaAa
TyNaAa
QyJbAa
UtBbAa
SnBbAa
MaBaAa
CxFaAa
RbFaAa
NvYaAa
TvFaAa
FyVaAa
DwAaAa
ZuJaAa
ImGaAa
GtUaAa
CaAaAa
AjNaAa
AjIaAa
SqSaAa
PjHaAa
NvCbAa
VqBaAa
TmAaAa
ElBaAa
GyGbAa
AlNbAa
UwSaAa
EuYaAa
KcFaAa
EuDaAa
TqMaAa
LdCaAa
CjCaAa
LtMaAa
UhGbAa
BpGaAa
JzIaAa
CvCaAa
MzIbAa
LmEaAa
LbJaAa
PvQbAa
YnDaAa
WwGbAa
OiQbAa
AhCaAa
SkFaAa
SbFaAa
GxBaAa
BhLaAa
RtQbAa
SlNaAa
LhXaAa
SmCaAa
MlWaAa
CuSaAa
RwNaAa
YrNaAa
CuSaAa
RjNaAa
ZkWbAa
QvDaAa
WoEbAa
GiAaAa
TcHaAa
GiAaAa
HyKaAa
DxLaAa
OhAaAa
SnIaAa
JyLbAa
AkMaAa
BaRaAa
TzJaAa
DcDaAa
QzOaAa
CjAaAa
JdBaAa
VoCaAa
MkAaAa
FoIbAa
VoHbAa
OxAaAa
NoUbAa
EqWaAa
DkKaAa
HyAaAa
MwBaAa
IxQaAa
FoIbAa
GiAaAa
CgXaAa
YsCaAa
ZfKaAa
DlDaAa
ZnBaAa
KrSaAa
XbEaAa
NsHaAa
CmRaAa
AwWbAa
EsCbAa
YaFaAa
KdQaAa
AfNbAa
JmTbAa
DdTbAa
BaAaAa
ErUaAa
QwQaAa
JtQaAa
HnBaAa
BiJbAa
FeIaAa
XdAaAa
MwBaAa
KlVbAa
JuKbAa
IwDaAa
UgQaAa
VuIbAa
DyEaAa
IrRaAa
DjUaAa
KdEaAa
PySbAa
OfZaAa
OjHaAa
SzUbAa
NfOaAa
LdCaAa
LbJaAa
XxXbAa
YkBbAa
VqBaAa
TvFaAa
NkAaAa
XwKaAa
PmBaAa
XxXbAa
ZgCaAa
LfBaAa
OxAaAa
ShCaAa
GfFaAa
JzBaAa
LdCaAa
PeAaAa
RtBaAa
OyFaAa
VrAaAa
OxAaAa
ZlJbAa
YnPaAa
BdPaAa
OkCaAa
PyGaAa
MwBaAa
PbAaAa
ReSaAa
JpMaAa
SxAbAa
RtJaAa
YoAaAa
JkYbAa
LhXaAa
NhEbAa
UrIaAa
PuJbAa
GqJaAa
JpRaAa
DaOaAa
KfAaAa
HrQaAa
RyUaAa
AtTaAa
XrAaAa
DdAaAa
NtKaAa
RyPaAa
PeAaAa
EtRbAa
YqJaAa
PmBaAa
GiAaAa
BaAaAa
GiAaAa
HvJbAa
KmEaAa
MwCaAa
EmXbAa
YbTbAa
YsCaAa
WpNaAa
EuDaAa
OjMbAa
StCaAa
UcHaAa
TnLaAa
FxBaAa
ZkSbAa
VjCaAa
NvCbAa
QdWbAa
XkPbAa
MdObAa
PhTaAa
EgHaAa
ObAbAa
QlGaAa
XcLbAa
HaHbAa
FeTaAa
FgBbAa
KpYaAa
NpPbAa
UsKaAa
CcYaAa
FbYbAa
ZlAaAa
BfWbAa
YgBaAa
BvFaAa
QtJaAa
AvTaAa
VwAaAa
PbAaAa
CuSaAa
AuWbAa
RsPaAa
CjCaAa
UiAbAa
KaIbAa
VwAaAa
TcDbAa
XoJaAa
YlMaAa
LdXaAa
RuNaAa
JfAaAa
JjFaAa
EaLbAa
FeTaAa
HfKaAa
CmXaAa
EyEaAa
EcLbAa
XqOaAa
PsAaAa
HtAaAa
GmWbAa
ZzCaAa
RgKaAa
DzDaAa
PhBaAa
MdVbAa
ZuZaAa
IcAaAa
YiTaAa
NjWaAa
TwEaAa
LsLaAa
GdMaAa
SmJbAa
ImJaAa
AxDaAa
KuCaAa
LtMaAa
OjMbAa
KoIaAa
IiNbAa
FfQbAa
JnQaAa
LsLaAa
QcBaAa
JcPaAa
HgIaAa
QfDaAa
EoXbAa
HyAaAa
AuAaAa
ZhFaAa
JaSbAa
CeQaAa
ZrRaAa
ZuJaAa
FbBaAa
KhQaAa
LxXaAa
SmCaAa
ZlAaAa
RqRaAa
EcOaAa
NvYaAa
GlAaAa
SuEaAa
HgCaAa
CdAaAa
IwZaAa
EdYbAa
XjCaAa
HnBaAa
CaAaAa
XkPbAa
OyFaAa
SnIaAa
PvDaAa
TdPaAa
LdCaAa
UtFbAa
TsSbAa
WrAaAa
ImHaAa
GmJaAa
PfDaAa
YqJaAa
UvBaAa
NtWaAa
EnRbAa
NaYbAa
UqMbAa
DwAaAa
WsCbAa
WqEbAa
FvHaAa
DoXbAa
MlHbAa
VdAaAa
EcDaAa
YaFaAa
SoYaAa
PjWbAa
HgIaAa
VrAaAa
XvHaAa
DxVbAa
DhTbAa
PmKbAa
CwAaAa
JfAaAa
LwCaAa
NzYaAa
LfAaAa
JrXaAa
JgNaAa
HvNaAa
CcGaAa
ShCaAa
KoBbAa
NeQbAa
UoCaAa
ZwLbAa
ZsOaAa
VyEaAa
OtNbAa
DaWaAa
QcEaAa
XkPbAa
AtTaAa
LvEbAa
FpEaAa
RlTaAa
DzDaAa
VlDaAa
RcFbAa
IiAaAa
EoKaAa
PrOaAa
GiBbAa
CaAaAa
IuJaAa
PnWbAa
PxAaAa
ZlAaAa
XaAaAa
HyAaAa
NxMaAa
JmLaAa
XxGaAa
JqAaAa
CcDaAa
TzAaAa
IiBaAa
LlRaAa
EiRaAa
TbUaAa
RoDaAa
CwSaAa
ShDaAa
NoRbAa
YbTbAa
ZgCaAa
IcAaAa
XwKaAa
BxTaAa
FfFaAa
XdAaAa
ZaFaAa
AfWbAa
XeBbAa
KqGbAa
XkPbAa
BzAaAa
MuGaAa
TpHaAa
MzKbAa
JrObAa
VoWaAa
VaAaAa
OpKaAa
GgZaAa
MsIaAa
RbFaAa
ItAaAa
JnYaAa
CfPaAa
IcAaAa
EcTaAa
KoBbAa
YyOaAa
EySaAa
XdYbAa
SoBaAa
OpPbAa
RgKaAa
HrEaAa
JzBaAa
QsAaAa
StBaAa
CmAaAa
WaAaAa
EtIaAa
DcWaAa
MlHbAa
DeHaAa
ZrRaAa
UoCaAa
ByNaAa
LdJbAa
YrNaAa
YpPaAa
QgKbAa
KjSaAa
OtNbAa
LjKaAa
UtFbAa
BsDaAa
BxDbAa
FfFaAa
PfIaAa
XdAaAa
TkXaAa
SbFaAa
KnSaAa
WaAaAa
QcSaAa
ZtRaAa
CeQaAa
RjPbAa
WeObAa
NqUaAa
QwQaAa
CcDaAa
JpDaAa
UrIaAa
ZuZaAa
VdAaAa
YeIbAa
CxFaAa
LjXaAa
CjCaAa
JxJbAa
LqHaAa
ZzFaAa
KaIbAa
GoNbAa
FgBbAa
WoKaAa
MhMbAa
RgKaAa
PwYbAa
OaZbAa
CaYaAa
FmOaAa
ItAaAa
SlYbAa
KmEaAa
MxSaAa
LdDbAa
YyOaAa
MpXbAa
OhHbAa
HhFaAa
MfBaAa
HkJaAa
ZzGaAa
HiEaAa
FsBaAa
PaQbAa
ImBbAa
ScRbAa
TzAaAa
YoNbAa
CjCaAa
CwXaAa
HgIaAa
QnTaAa
AmAaAa
OcQbAa
ItPaAa
ZiGaAa
LcUaAa
EmWaAa
ZhFaAa
DqMbAa
RbPaAa
RtBaAa
TqMaAa
KnSaAa
ZuOaAa
LdDbAa
OpOaAa
JrXaAa
XpNaAa
ZnDaAa
XiWbAa
GnDaAa
KoBbAa
QmLbAa
FjMaAa
FeIaAa
EeOaAa
LbIaAa
MkAaAa
HgCbAa
NhEbAa
QpNbAa
FfQbAa
JfSaAa
QbLaAa
NqKbAa
ItPaAa
GpRbAa
SaGaAa
YrRaAa
TmAaAa
AjNbAa
KfAaAa
MiGbAa
LbIaAa
JxQaAa
TgXaAa
BmObAa
LiDaAa
DnGbAa
XvHaAa
TbCbAa
LzEbAa
GkHaAa
CdAaAa
EuDaAa
UcCaAa
XzLaAa
KmEaAa
UcJbAa
KdRaAa
LiDaAa
EeDaAa
XiEbAa
RtBaAa
LbJaAa
EuDaAa
VbXbAa
ToBaAa
TjVaAa
SlVaAa
EoKaAa
IeWbAa
FvFbAa
GmWbAa
ByNaAa
EbBaAa
MrWaAa
PjCbAa
BxUbAa
QbAaAa
VsIbAa
NkAaAa
TzAaAa
CcYaAa
QjTaAa
KrSaAa
VhTbAa
MsAbAa
FoSbAa
WySaAa
FyVaAa
EeObAa
OnIbAa
YrNaAa
JcAaAa
ZwOaAa
FuDaAa
KrSaAa
TaIaAa
RbFaAa
XdFaAa
NtWaAa
JwJaAa
GmOaAa
UlUaAa
GoIbAa
DxFaAa
YbBaAa
YhMaAa
ExRbAa
YsCaAa
FgOaAa
EwWaAa
BgYaAa
HaHbAa
YoAaAa
RcEaAa
DgMbAa
RjYbAa
XfMaAa
VdAaAa
HnBaAa
MfRaAa
AoBaAa
OlIbAa
FeObAa
NoRbAa
VaAaAa
DrAbAa
QyBaAa
DvCaAa
CwXaAa
WlBaAa
EsYaAa
ZnBaAa
RrZaAa
CvBaAa
NhJaAa
EvHbAa
EeVbAa
UjDaAa
VdAaAa
GiAaAa
UvBaAa
SoYaAa
EdGbAa
EbBaAa
AfLaAa
QcEaAa
ReSaAa
EyYaAa
CmXaAa
EbBaAa
NdIaAa
LlFaAa
PfTaAa
TqMaAa
ImHaAa
YaAaAa
TlEaAa
MoNaAa
XeCaAa
VwAaAa
QlGaAa
JzQaAa
BfZbAa
CcDaAa
GnDaAa
EsCbAa
QmLbAa
LtMaAa
GvVbAa
FsCaAa
EeDaAa
FdGbAa
CsSbAa
MzQbAa
ZlAaAa
VaAaAa
GkBbAa
XgBaAa
VaXaAa
IcLaAa
UmFaAa
XeAbAa
WqCaAa
JjFaAa
RbPaAa
UsPbAa
FfMaAa
MxIbAa
JiAaAa
GaFaAa
RmCaAa
QmMaAa
KdRaAa
SxUbAa
JxNaAa
IdKbAa
ApNbAa
ZaHbAa
PxKaAa
EpEaAa
YiIbAa
EeDaAa
PxKaAa
EbBaAa
TeBaAa
BaIaAa
LcFaAa
RgKaAa
QdNaAa
MoAbAa
MwBaAa
YnDaAa
OaGbAa
XvYbAa
KbDaAa
ShDaAa
VnUaAa
PbAaAa
NlOaAa
GxYbAa
KdGaAa
FwYaAa
MdJaAa
VjCaAa
QyBaAa
ExCaAa
TnBbAa
HrEaAa
DcIaAa
ItPaAa
JfAaAa
OnIbAa
SlYbAa
OhCbAa
LdCaAa
NqKbAa
QyBaAa
QmMaAa
EvFbAa
FsCaAa
IiNaAa
ZxHaAa
FbEaAa
BsYbAa
VqBaAa
VgRaAa
XaAaAa
JaSbAa
HxUaAa
PeAaAa
AiSaAa
EuDaAa
NwFbAa
EyNbAa
OhMbAa
RaGaAa
XeIaAa
MkAaAa
KdRaAa
JmLaAa
OsUaAa
IcAaAa
BaIaAa
MlHbAa
QuNaAa
BeFbAa
AjIaAa
DsSaAa
XdKaAa
FiOaAa
EuDaAa
GiAaAa
KqIaAa
LtDaAa
LuLaAa
ZxHaAa
CwAaAa
UcJaAa
WzYbAa
JdFbAa
ZnBaAa
KoBbAa
CaAaAa
AoBaAa
SrVaAa
PkKbAa
OiUbAa
QxOaAa
VeHaAa
JfAaAa
GsBaAa
TvFaAa
GvGaAa
PxAaAa
HyKaAa
TpLaAa
LzTbAa
LxXaAa
KdRaAa
FsBaAa
XgBaAa
AfWbAa
RoJbAa
KyDbAa
ErLbAa
NoRbAa
IcAaAa
ZhFaAa
VqYaAa
WlUbAa
UuMaAa
YkZaAa
KvAaAa
OxAaAa
PhZaAa
NnEbAa
OiUbAa
FiEbAa
TpHaAa
KnCaAa
HkTaAa
OsAaAa
KnSaAa
ToBaAa
QcSaAa
KfAaAa
HgIaAa
OtNbAa
KuCaAa
NsIaAa
VxFaAa
FeBbAa
CoCaAa
AmAaAa
VoCaAa
BaAaAa
IiAaAa
BxDbAa
EeJaAa
VgMbAa
SwPaAa
NoUbAa
FfFaAa
EuIbAa
IaHbAa
NyLaAa
NvYaAa
ZrPaAa
PfTaAa
SlLaAa
AhCaAa
KmEaAa
BvFaAa
OtNbAa
XgAbAa
YjQbAa
PuNaAa
UeXaAa
OdTaAa
JfSaAa
XvYbAa
ZmZaAa
IkEaAa
IdSaAa
ExCaAa
ZfKaAa
PjXbAa
BiKaAa
UnNaAa
IiBaAa
YhRbAa
SnIaAa
JrDaAa
WqEbAa
ZnBaAa
EsWaAa
NkCaAa
CaYaAa
MdOaAa
CeEaAa
CxFaAa
OaSaAa
TpHaAa
ZgCaAa
ZkTaAa
BlIaAa
DgAaAa
CaYaAa
MzEbAa
PsAaAa
WaAaAa
LjKaAa
HrJbAa
XkPbAa
XiEbAa
UcJaAa
LbDaAa
ZxIaAa
OxAaAa
YbTbAa
TkXaAa
KrSaAa
EbBaAa
RaDaAa
WdQbAa
QhBbAa
KmLaAa
NdWaAa
QcEaAa
QmBaAa
UeEaAa
AoBaAa
DsSaAa
FxBaAa
ZxUaAa
WgEaAa
CcDaAa
LhXaAa
ZqTaAa
NvYaAa
VaOaAa
TkXaAa
NbObAa
HqTaAa
OhBbAa
GkCbAa
TwNaAa
BjIaAa
JbGaAa
JxIaAa
DtFbAa
EgAaAa
IuZaAa
LhYaAa
FfFaAa
MtYaAa
PfIaAa
VuKaAa
TrIaAa
EcObAa
FsBaAa
LzNaAa
DgMbAa
MxIbAa
OjMbAa
RoDaAa
WoEbAa
LqHaAa
XeIaAa
HyAaAa
HnQbAa
WaAaAa
MpXbAa
GjMaAa
NcKaAa
CxFaAa
OqRbAa
ZfKaAa
UzAaAa
FyVaAa
EcTaAa
PhEaAa
PhBaAa
ReSaAa
CxFaAa
GiAaAa
XeTaAa
OyYbAa
OtNbAa
QpAaAa
AxOaAa
HxUaAa
VeYaAa
MnXbAa
AuEaAa
NrCaAa
KsBbAa
VrAaAa
MlKaAa
GyGbAa
QwJbAa
MwBaAa
WpDbAa
IiBaAa
ToXaAa
NkAaAa
VaTaAa
DxLaAa
GzCaAa
HqTaAa
UpFbAa
VgEbAa
LqLaAa
ChUaAa
TxVbAa
RyPaAa
NlEbAa
SmCaAa
MhMbAa
GqJaAa
DbKaAa
BaAaAa
GlCaAa
JzHaAa
AnGaAa
XzFbAa
UlUaAa
CcYaAa
TbUaAa
AdLaAa
VeHaAa
EyYaAa
TyNaAa
WqCaAa
LpBaAa
QmLbAa
PrOaAa
KfAaAa
WzWbAa
HrQaAa
CcDaAa
YpPaAa
VwAaAa
EySaAa
OaGbAa
YlMaAa
FgZaAa
IiBaAa
GeAbAa
ZvNaAa
IiBaAa
GuDaAa
PlSbAa
PbAaAa
GoYbAa
EqCaAa
QyRaAa
XiWbAa
QwQaAa
QnTaAa
UjBaAa
KiCaAa
PxKaAa
PwIaAa
ItPaAa
UpHaAa
PeAaAa
RzKaAa
OwGaAa
FbBaAa
EpEaAa
BvFaAa
TaIaAa
ZeNaAa
XmOaAa
KdQaAa
EySaAa
ZlAaAa
CnNaAa
CwXaAa
PjCbAa
LyVbAa
EpNaAa
StBaAa
SaCaAa
HhFaAa
LrDaAa
OhAaAa
KmEaAa
RyPaAa
FuDaAa
ErUaAa
SoBaAa
RjNaAa
WxFaAa
LdJbAa
KoZaAa
YkBbAa
BmObAa
HqFaAa
OwGaAa
MpXbAa
GkBbAa
BcGaAa
FiOaAa
CwXaAa
DdTbAa
RgKaAa
GiAaAa
MjRaAa
QlBbAa
LrSaAa
DnGbAa
AlNbAa
VfGbAa
MuBbAa
ZeNaAa
BeBaAa
MsAbAa
OpFaAa
LdCaAa
AhNaAa
RmYaAa
YkZaAa
KoIaAa
VsIbAa
ElBaAa
FjMaAa
NwFbAa
WpRbAa
FeCaAa
HiBbAa
BcGaAa
PfDaAa
AuEaAa
UwEbAa
EbBaAa
XvHaAa
WjPaAa
LdHaAa
AuEaAa
NvYaAa
FiVbAa
RrZaAa
ImGaAa
AnGaAa
GzCaAa
BvFaAa
FiJaAa
DzDaAa
KmEaAa
RcBaAa
FeTaAa
QyBaAa
XdMaAa
DkKaAa
EgJaAa
JwJaAa
JuKbAa
WgGaAa
SoBaAa
JwUbAa
EtRbAa
XdAaAa
KdRaAa
IiBaAa
GgCbAa
VyEaAa
TdUaAa
OaGbAa
HrEaAa
OxKbAa
UoCaAa
CmXaAa
IgIbAa
WgGaAa
CmXaAa
IcAaAa
EaLbAa
SnIaAa
NdEbAa
OpFaAa
QcEaAa
ZlAaAa
XfMaAa
MtKaAa
BnZaAa
LqLaAa
GiAaAa
NcKaAa
MdObAa
SlIaAa
RyBaAa
PvQbAa
VvLaAa
VaAaAa
HrPaAa
JxNaAa
PcKbAa
IcAaAa
LiUaAa
AuWbAa
QkLbAa
AvZaAa
PfDaAa
XmOaAa
MdOaAa
OfHbAa
VaObAa
BvFaAa
AiJbAa
OkAaAa
CeGaAa
XeDaAa
OeKbAa
ZaBbAa
YxBaAa
HzGaAa
OaTbAa
GiAaAa
ItQaAa
ZnBaAa
NhJaAa
PkKbAa
VaAaAa
GjRbAa
OeVaAa
TmAaAa
JpJbAa
FeBbAa
XwKaAa
PcMaAa
ZlJbAa
NpPbAa
CeGaAa
InMaAa
LzXaAa
EgVbAa
GiAaAa
JrObAa
EqBaAa
FtHaAa
MkAaAa
CaYaAa
GkJaAa
CcDaAa
FzFbAa
FuYaAa
StCaAa
EyYaAa
EgBaAa
AyQaAa
UtBbAa
OxAaAa
LqHaAa
WdAaAa
KqIaAa
ReSaAa
RwPaAa
FpEaAa
PmKbAa
MsAbAa
BsYbAa
VcWaAa
XxGaAa
LgTbAa
WoOaAa
UiKaAa
KuCaAa
XmOaAa
PhBaAa
JoHaAa
BpGaAa
FsCaAa
SmCaAa
PhEaAa
YbSaAa
NfRaAa
CcRaAa
PcKbAa
TrIaAa
MdOaAa
CaYaAa
CeEaAa
IoZaAa
KuCaAa
ScHaAa
ZuQbAa
TmAaAa
MfRaAa
EuDaAa
MnWaAa
ZsCaAa
LiUaAa
TvFaAa
LtDaAa
XlPaAa
GfFaAa
ZaBbAa
XbBaAa
QlBbAa
MwBaAa
AhNaAa
JoHaAa
VuIbAa
KdQaAa
LhLbAa
EoKaAa
TmAaAa
WoOaAa
RyBaAa
VgWaAa
SnGaAa
AtTaAa
VjCaAa
AfSbAa
GgZaAa
UoBaAa
VkOaAa
FmEbAa
MsAbAa
UoCaAa
MdOaAa
KdRaAa
EbBaAa
DsSaAa
PzZaAa
KsBbAa
PjWbAa
HuOaAa
QyJbAa
KmNaAa
LjKaAa
YtIaAa
UcJaAa
BfPaAa
OsUaAa
FsCaAa
BqMaAa
OiQbAa
SlIaAa
RoJbAa
IoZaAa
QrFaAa
KfAaAa
QyBaAa
AhIaAa
YiTaAa
QyBaAa
NsHaAa
JjSaAa
JzQaAa
RgKaAa
RpAaAa
KbRaAa
CoMbAa
LgTbAa
WmKaAa
EaObAa
HnKbAa
SkFaAa
RmJbAa
FiJaAa
YuDaAa
QzOaAa
FgZaAa
JvMbAa
NwFbAa
YbTbAa
EbBaAa
CjCaAa
OzMaAa
NrCbAa
SpZaAa
UeGaAa
VeXaAa
AyQaAa
EyNbAa
SaCaAa
DgAaAa
CeEaAa
LuLaAa
KbDaAa
HzGaAa
TbSbAa
MfEaAa
TyNaAa
BqMaAa
WgEaAa
PyRaAa
KnCaAa
JdEaAa
WoKaAa
EnUbAa
EcTaAa
BmObAa
OsAaAa
ItEaAa
QsQaAa
CzTaAa
SpTbAa
GjUbAa
PmBaAa
JwJaAa
MfBaAa
OxMaAa
RoJbAa
SxDaAa
MhObAa
TsYbAa
RdWbAa
PuJbAa
HyKaAa
FzLaAa
FsCaAa
PfDaAa
KmEaAa
XxGaAa
EdGbAa
FgAaAa
XgEaAa
CrAaAa
HfFaAa
PuJbAa
XiEbAa
LsDbAa
EgHaAa
DwAaAa
QlHaAa
NhAaAa
MoEaAa
TeQaAa
AzAaAa
GfFaAa
FcOaAa
GmJaAa
JfAaAa
YjQbAa
MhWaAa
FzFbAa
KmNaAa
OjJaAa
FwNbAa
OsHaAa
ReAaAa
ZzCaAa
TiQaAa
LwCaAa
EdGbAa
OhHbAa
IiNaAa
WrUaAa
XoAaAa
CmObAa
GyGbAa
PmBaAa
QrJaAa
EeZaAa
UdPaAa
NfOaAa
DwEbAa
IzUaAa
ZzFaAa
BzAaAa
BsXaAa
QdHbAa
FfFaAa
ZiTaAa
LrSaAa
QrOaAa
FdKaAa
LaUaAa
QhTaAa
FiOaAa
ZlAaAa
FsBaAa
EiRaAa
JzHaAa
ImBbAa
MhWaAa
BiKaAa
MdObAa
VoWaAa
BxTaAa
MpXbAa
QhBaAa
OaGbAa
VrAaAa
AyQaAa
SnIaAa
PvVaAa
OaGbAa
PeAaAa
ZvNaAa
CsMaAa
HyKaAa
LrKaAa
RyIaAa
FbYbAa
BvFaAa
BfSbAa
XdAaAa
WoKaAa
BsDaAa
BhNaAa
HiEaAa
MsAbAa
GmWbAa
ZgCaAa
QhBaAa
KqGbAa
CdAaAa
YyGbAa
RmCaAa
XbEaAa
HqFaAa
KfAaAa
MfRaAa
JfAaAa
PjSbAa
MkAaAa
OpFaAa
RwPaAa
MbLbAa
QhBaAa
NuRbAa
NbObAa
MkBaAa
QhEaAa
KhDbAa
OkAaAa
UwEbAa
MoEaAa
AnBbAa
UeEaAa
ZlAaAa
ApZaAa
YbEaAa
EoFaAa
NlEbAa
DsEbAa
VqBaAa
QpAaAa
NwBaAa
RoMaAa
FvGaAa
ZlAaAa
UhUaAa
ZfUbAa
MwBaAa
SnGaAa
QcEaAa
HuOaAa
EuDaAa
GiCbAa
LnYaAa
FeIaAa
HvQaAa
HrJbAa
ZaPaAa
JfAaAa
QdWbAa
PlPbAa
VhPaAa
ArZaAa
GkHaAa
OsAaAa
TxVbAa
JcPaAa
KcAaAa
ToHbAa
SpTbAa
MpXbAa
NrBaAa
DdFaAa
QeUbAa
VaObAa
JpSaAa
YnKbAa
WaWaAa
MdOaAa
NhJaAa
GlAaAa
UbCbAa
NvYaAa
CuSaAa
BzAaAa
FsBaAa
VkOaAa
VdAaAa
JdFbAa
WdAaAa
DhTbAa
MyObAa
TdPaAa
CjCaAa
BcRaAa
CnNaAa
NhEbAa
GoCbAa
WzYbAa
PeAaAa
LrSaAa
AzAaAa
EcOaAa
WzYbAa
KnSaAa
KqGbAa
FiEbAa
OyFbAa
FoIbAa
GgAaAa
IwDaAa
SwNaAa
YaAaAa
EeZaAa
QaVaAa
RmYaAa
PbAaAa
EjPaAa
CwSaAa
GzCaAa
NtIbAa
DlDaAa
YkZaAa
BkLbAa
UwXaAa
QgKbAa
OkAaAa
NnEbAa
WdAaAa
PuJbAa
ApJaAa
FbBaAa
DrAaAa
BuMbAa
TpZaAa
LyTaAa
CeRaAa
YoAaAa
TrIaAa
MnWaAa
JhSaAa
WpRbAa
FbEaAa
EpEaAa
WoFaAa
LvEbAa
AcHaAa
UsDaAa
BaAaAa
ChUaAa
QbAaAa
NlEbAa
CtBbAa
BnIaAa
LdCaAa
GbTbAa
VaAaAa
RiSaAa
SxUbAa
GyGbAa
MdOaAa
LtDaAa
JkYbAa
TgYaAa
ApZaAa
OkCaAa
YaFaAa
EgRaAa
PuNaAa
LbJaAa
UsKaAa
PlPbAa
IiBaAa
DgAaAa
YeDaAa
LqAaAa
BzDbAa
RyBaAa
LuLaAa
XaAaAa
IgZbAa
FnDaAa
CtUbAa
ItPaAa
YiIbAa
LsLaAa
VcIaAa
TsYbAa
KbDaAa
NfBaAa
KvAaAa
XbEaAa
LyBbAa
BzAaAa
VhPaAa
PoLbAa
VfYbAa
LiUaAa
QsJbAa
PhBaAa
FmOaAa
HzFaAa
ZuZaAa
NyLaAa
ZvPaAa
XxCaAa
LxEaAa
XqOaAa
KvPbAa
EyNbAa
HxIaAa
XeTaAa
NvKaAa
ZlJbAa
AuAaAa
ChUaAa
QjMbAa
NaEaAa
SeRbAa
BjBaAa
BhLaAa
YjQbAa
JfAaAa
BkSaAa
HwKbAa
XtIaAa
TfPaAa
DgAaAa
VaAaAa
WaAaAa
ZzCaAa
PmKbAa
OqNaAa
NkCaAa
IyAaAa
YyGbAa
ZgCaAa
ViHbAa
XjMaAa
VwAaAa
MkAaAa
ZvNaAa
QyJbAa
MoNaAa
HrEaAa
CwAaAa
CoCaAa
MuGaAa
WuCbAa
WeZaAa
LbDbAa
WsCbAa
IwDaAa
WoOaAa
WqXbAa
VrHaAa
AuWbAa
FsBaAa
KzIaAa
XbEaAa
TmAaAa
RiSaAa
CrAaAa
IzHaAa
ClTbAa
IeWbAa
XgEaAa
UhVaAa
HiBbAa
KpYaAa
PlJaAa
XqOaAa
AwMbAa
LgPaAa
IuJaAa
QgKbAa
BbSbAa
EuDaAa
VlDaAa
OaZbAa
FfFaAa
XeTaAa
MkAaAa
KvPbAa
IiBaAa
EeHaAa
DcWaAa
UlUaAa
UeGaAa
MrYaAa
PuJbAa
PeAaAa
EeDaAa
YnDaAa
WaAaAa
CcDaAa
SoBaAa
LnMbAa
TcDbAa
RtQbAa
YgZaAa
MnFaAa
DxHbAa
QhBaAa
GzCaAa
YbTbAa
NaYbAa
CcDaAa
YvRaAa
TyNaAa
PfCaAa
UvBaAa
BvFaAa
QmMaAa
KaUaAa
MbLbAa
YoAaAa
EcLbAa
DbKaAa
JfAaAa
NhJaAa
UuMaAa
AlNaAa
WrUaAa
RmJbAa
MxIbAa
KdRaAa
JgNaAa
CxFaAa
EcTaAa
SuEaAa
NwBaAa
FlPaAa
QlZaAa
AtTaAa
XmOaAa
FfFaAa
FeTaAa
YkBbAa
TgXaAa
FjMaAa
DdFaAa
ChUaAa
BqObAa
NhEbAa
CwXaAa
JuKbAa
WdGbAa
WgEaAa
VaAaAa
DcXaAa
DcIaAa
TfPaAa
VdAaAa
MwBaAa
CmXaAa
GsBaAa
UnNaAa
LhXaAa
BdSbAa
CrGaAa
TzTaAa
WpUaAa
WiHaAa
MaNbAa
WrAbAa
WlRbAa
CuSaAa
TuXaAa
FsBaAa
NhAaAa
ZzFaAa
MdJaAa
KzWaAa
IcLaAa
AuAaAa
CjCaAa
JpQaAa
WsCbAa
RhXbAa
LkDaAa
XeTaAa
KpYaAa
HyOaAa
KdRaAa
CkSaAa
FiOaAa
AgJbAa
SlNaAa
HyAaAa
DhTbAa
NlOaAa
XvYbAa
EpEaAa
UeMbAa
ZfKaAa
ViHbAa
DgAaAa
CeXaAa
QtJaAa
MlHbAa
AxDaAa
FeIaAa
UzObAa
XeBbAa
DkRaAa
UvLaAa
JjFaAa
SlNaAa
UmRaAa
JcAaAa
OfRaAa
RyPaAa
WuYaAa
IkEaAa
YvRaAa
YoAaAa
DaWaAa
PbAaAa
BfPaAa
KfAaAa
MlWaAa
IsFaAa
GjQbAa
KyTaAa
RyBaAa
CeRaAa
MgTbAa
WuCbAa
LlFaAa
VuIbAa
MwBaAa
TbCbAa
ZrPaAa
EjGbAa
AtTaAa
IoZaAa
SfWbAa
HrJbAa
EdYbAa
VdAaAa
ZsBaAa
HyAaAa
DsIbAa
KaUaAa
DeRaAa
XjMaAa
MfRaAa
AnBbAa
LiUaAa
KuCaAa
AjIaAa
AuPaAa
TgYaAa
LnObAa
ZqTaAa
LfBaAa
XeTaAa
PuNaAa
OzEaAa
SnHaAa
LpBaAa
EuDaAa
SoBaAa
EbNbAa
NsAbAa
MdJaAa
KiDaAa
JuUbAa
YsBaAa
BiKaAa
NeQbAa
KbUbAa
WdAaAa
XrRbAa
ZlCaAa
QtVaAa
XeIaAa
BkYaAa
WiHaAa
AzAaAa
KpSaAa
UnEaAa
NfOaAa
NnEbAa
VyEaAa
VuCbAa
HqTaAa
BdPaAa
LfAaAa
GjRbAa
PyRaAa
VdFaAa
MrWaAa
AfPbAa
NkBaAa
ZuZaAa
XiGaAa
GbTbAa
CgXaAa
HhFaAa
VgRaAa
CdAaAa
EuDaAa
NnEbAa
XkPbAa
QvDaAa
LdDbAa
EeVbAa
ItAaAa
UnEaAa
MsAbAa
VdAaAa
ZaPaAa
LyRbAa
KrSaAa
YsBaAa
TrIaAa
BsYbAa
SlVaAa
QvDaAa
VdFaAa
JfAaAa
SxDaAa
PbAaAa
FsBaAa
KuCaAa
PfTaAa
FeWaAa
JjFaAa
OsUaAa
MsHaAa
AuAaAa
CwSaAa
MdJaAa
VxLaAa
SyPaAa
ExCaAa
CzJaAa
KbUbAa
QlHaAa
ZgCaAa
YfKbAa
XlBaAa
PyRaAa
MnAaAa
QwJbAa
TbUaAa
ZnDaAa
JcAaAa
PqEaAa
MnFaAa
JfAaAa
LsFbAa
JdBaAa
FjTbAa
GbSaAa
DoXbAa
HyAaAa
OiUbAa
PuNaAa
KrSaAa
JcAaAa
CoCaAa
KvPbAa
NxCbAa
KiDaAa
QfIbAa
LpBaAa
PiUbAa
QyBaAa
HiEaAa
UnNaAa
CdAaAa
XeCaAa
HfKaAa
SwNaAa
UoCaAa
HqFaAa
RcFbAa
UuEbAa
MlKaAa
XuDaAa
FxFbAa
ZwLbAa
HcNaAa
WqEbAa
SpTbAa
MhMbAa
YrRaAa
FnDaAa
HnBaAa
VdAaAa
LgPaAa
JdEaAa
PfDaAa
KyDaAa
EpNaAa
UrLaAa
JpJbAa
TdUaAa
DeYaAa
DrAaAa
KnCaAa
XiGaAa
TdUaAa
VaAaAa
PeAaAa
NwFbAa
RdSbAa
LgTbAa
HhFaAa
CqYaAa
DwAaAa
QeUbAa
MuGaAa
HiAaAa
NkCaAa
CwAaAa
WaAaAa
CrBbAa
BiKbAa
KfAaAa
JaHbAa
BjBaAa
UpAbAa
PfTaAa
QrJaAa
EcTaAa
CrGaAa
SkDbAa
AlLaAa
BjLaAa
ZzGaAa
ByNaAa
JjFaAa
SgKaAa
AmAaAa
UmFaAa
OfHbAa
SiJbAa
RnHaAa
WwGbAa
MbCaAa
TcDbAa
QxKaAa
WaAaAa
DpUaAa
RmCaAa
GjRbAa
CaAaAa
EcWaAa
NnEbAa
FeIaAa
OkCaAa
EsYaAa
DvCaAa
IiNaAa
BwEaAa
JdBaAa
RjNaAa
DsSaAa
CsPbAa
CsMaAa
VhTbAa
IgIbAa
NoRbAa
HxBaAa
DsPbAa
JuUbAa
MfEaAa
BjPbAa
VqBaAa
PhZaAa
EsYaAa
YgBaAa
BjLaAa
TmAaAa
CaDbAa
KfAaAa
PhEaAa
JqAaAa
ZzFaAa
DgAaAa
WnUaAa
EpEaAa
YsCaAa
DsIbAa
FoIbAa
CmXaAa
FsBaAa
SlNaAa
JpRaAa
FtHaAa
BxDbAa
IcAaAa
XgBbAa
GiAaAa
AbHbAa
QsQaAa
EoKaAa
MhMbAa
WaAaAa
HzFaAa
BgYaAa
ZlJbAa
UrFbAa
RiFaAa
LeXbAa
BaRaAa
JfAaAa
OiQbAa
WmIbAa
PfIaAa
OaZbAa
VhTbAa
CqYaAa
UjBaAa
AhNaAa
SxDaAa
OxAaAa
RoJbAa
CdAaAa
OkCaAa
DwAaAa
PeAaAa
KcPbAa
WrUaAa
IgIbAa
LrSaAa
JbGaAa
GfKbAa
VwMaAa
LfAaAa
PhEaAa
JhKaAa
XeIaAa
TsDaAa
MnFaAa
IgDaAa
YnDaAa
NeFaAa
XlBaAa
EuDaAa
VgEbAa
EpNaAa
NwFbAa
ZhFaAa
TsYbAa
CsPbAa
RhIaAa
KoIaAa
NwBaAa
KbCaAa
EvFbAa
DwEbAa
TuXaAa
SlYbAa
MlHbAa
SuEaAa
IsFaAa
OfZaAa
CrAaAa
MrWaAa
WdQbAa
PjMbAa
DjCaAa
DgAaAa
JrObAa
FiHaAa
JzQaAa
ZlAaAa
LqLaAa
EyYaAa
LtMaAa
UuMaAa
RrZaAa
YgTaAa
JqAaAa
AtFaAa
GvIaAa
ToBaAa
YyOaAa
OiQbAa
XxGaAa
BgYaAa
ZgCaAa
VcDaAa
IgIbAa
GzCaAa
QmMaAa
JrXaAa
NzEbAa
LqHaAa
VxLaAa
YbSaAa
GqJaAa
CaAaAa
AfWbAa
LfAaAa
DdTbAa
PfCaAa
XlBaAa
VyEaAa
JtAaAa
ZqTaAa
HqFaAa
WcLbAa
HyOaAa
VaAaAa
BaAaAa
WaAaAa
QuUaAa
YzLaAa
CwAaAa
RcBaAa
YxBaAa
TsSbAa
CsPbAa
RbPaAa
PuUaAa
DhPaAa
HgCaAa
QcEaAa
FvGaAa
BxDbAa
OiUbAa
MfEaAa
EbKaAa
QzGbAa
JcLaAa
RnTaAa
ZrEaAa
LbIaAa
AcHaAa
QlZaAa
EnRbAa
DgAaAa
QdNaAa
BmSaAa
GjRbAa
JyAbAa
QzKaAa
RtBaAa
VdFaAa
MzQbAa
OpFaAa
ZaBbAa
NsHaAa
VdFaAa
PhBaAa
UjBaAa
DpUaAa
YnPaAa
BnLaAa
QcEaAa
DkKaAa
VzDaAa
AzAaAa
CmRaAa
CqMbAa
DeHaAa
WgHaAa
TgYaAa
BbSbAa
CvBaAa
BhLaAa
UfTbAa
EeDaAa
UwEbAa
IlCaAa
TfPaAa
NeFaAa
CqMaAa
RwJbAa
FgBbAa
XeTaAa
ZgCaAa
OpKaAa
JwUbAa
FtHaAa
LzNaAa
JmTbAa
ChUaAa
RlHaAa
EcLbAa
BpGaAa
OpFaAa
KgUaAa
FzLaAa
GqJaAa
JmTbAa
VfGbAa
DjUaAa
LjKaAa
FbBaAa
VdAaAa
RmJbAa
BfPbAa
RcEaAa
EyNbAa
NhRaAa
UrAbAa
SlIaAa
QmMaAa
QzOaAa
TrIaAa
XdAaAa
RpAaAa
FbEaAa
MkDaAa
EyYaAa
OeFaAa
ZuVaAa
PiUbAa
GiCbAa
LhXaAa
CsMaAa
PlCbAa
YfKbAa
SmLbAa
BiDbAa
CsDaAa
VaAaAa
RyBaAa
IcAaAa
NtWaAa
JzHaAa
GcVbAa
BpGaAa
LvEbAa
ZaHbAa
WoOaAa
VuCbAa
PkMaAa
QlZaAa
RiKbAa
JuKbAa
NnAaAa
DdAaAa
EmHbAa
VaOaAa
MfMbAa
LnMbAa
CkRaAa
QpAaAa
PgFaAa
FnDaAa
LaKaAa
CuSaAa
UdXbAa
IoZaAa
CaYaAa
WuYaAa
UsKaAa
QlCbAa
TiKaAa
GfFaAa
UwSaAa
VfGbAa
RwNaAa
WvHbAa
CmVbAa
DhPaAa
HvJbAa
QzOaAa
UrGaAa
GjQbAa
UnEaAa
CtBbAa
VkOaAa
BwEaAa
DaOaAa
VrAaAa
PjZaAa
CcGaAa
FeTaAa
MbLbAa
RmCaAa
CqYaAa
JpJbAa
KoHaAa
TeBaAa
CjBaAa
SvTaAa
YoNbAa
BcRaAa
EbBaAa
BjLaAa
EdYbAa
VwAaAa
QhBaAa
EmKaAa
XxYbAa
BoPaAa
FsCaAa
DuSaAa
TpHaAa
JkYbAa
BjLaAa
RjNaAa
AuAaAa
DrAbAa
IsFaAa
WwGbAa
BfPaAa
HiBbAa
EcTaAa
VrAaAa
EbNbAa
TzAaAa
UnUaAa
HyOaAa
HrPaAa
QvDaAa
WpKbAa
GlAaAa
OzYaAa
GgAbAa
TpIaAa
JuUbAa
ZgCaAa
VtFbAa
UlUaAa
NdEbAa
WiMbAa
QcBaAa
MnWaAa
DrBbAa
RmMaAa
BaAaAa
RyPaAa
DxBbAa
CaYaAa
WdAaAa
RtBaAa
CkRaAa
RdSbAa
KcFaAa
QdWbAa
DgAaAa
UuMaAa
KaUaAa
GiAaAa
YjQbAa
AuEaAa
GkBbAa
OcMaAa
WgEaAa
LwCaAa
VmFaAa
PmPaAa
AuPaAa
VzDaAa
XbEaAa
CcYaAa
SoBaAa
EyTbAa
TaIaAa
KuCaAa
XlUbAa
YkBbAa
VeEaAa
JrXaAa
ZcHbAa
NiPaAa
UsKaAa
DxRbAa
VcJbAa
DxFaAa
KuCaAa
NhAaAa
GwKbAa
FgBbAa
RcEaAa
CjCaAa
IgIbAa
DgAaAa
HrQaAa
VkOaAa
HkCbAa
WbXbAa
LdXaAa
HtRaAa
VfGbAa
FeCaAa
GnDaAa
QvDaAa
QyJbAa
BiKaAa
TpGaAa
MlHbAa
NhHaAa
QdNaAa
GeDaAa
IwZaAa
WsCbAa
PfCaAa
XaAaAa
ZlJbAa
LzTbAa
ZeNaAa
YsCaAa
LbIaAa
EiRaAa
ZlMaAa
CrAaAa
ZrEaAa
RuRaAa
DjUaAa
LsLaAa
ImHaAa
ZsCaAa
CjCaAa
LsDbAa
KbCaAa
SfNaAa
ReAaAa
DgAaAa
UjVaAa
NwFbAa
IpQaAa
OpFaAa
IxQaAa
UlUaAa
YgEaAa
RpAaAa
JsTaAa
FvHaAa
HkTaAa
XiMbAa
PkKbAa
MdCaAa
PbAaAa
BtFaAa
WdAaAa
HlAaAa
LpBaAa
KfAaAa
QfIbAa
TfPaAa
OfAbAa
LbIaAa
NtKaAa
SlVaAa
UrHaAa
KgUaAa
JuTaAa
LiUaAa
KxPbAa
NnEbAa
KqBbAa
KzWaAa
MfAaAa
BzUbAa
XqOaAa
QhBaAa
WoFaAa
CxFaAa
TyNaAa
XlBaAa
KvAaAa
JiNbAa
CxFaAa
SqSaAa
BzJaAa
YrRaAa
SzAbAa
WwAaAa
ZlAaAa
OgQbAa
WoEbAa
SfNbAa
XjMaAa
GiAaAa
DsSaAa
OxGbAa
AuWbAa
HzGaAa
OpOaAa
VoCaAa
NeQbAa
JcPaAa
PfDaAa
YeBbAa
WdYbAa
GwVaAa
LgUaAa
KwAbAa
BjBaAa
LrMaAa
CaXaAa
OjHaAa
MdJaAa
NaEaAa
GcVbAa
VsMaAa
XxCaAa
PbAaAa
BxTaAa
VxFaAa
LqGbAa
YvQaAa
LdHaAa
EeOaAa
BpGaAa
QeAaAa
MpXbAa
KqBbAa
IeWbAa
YkBbAa
MuGaAa
DjUaAa
MtXbAa
ZuOaAa
TyNaAa
QaVaAa
LsKbAa
OjOaAa
LzEbAa
OhAaAa
VuIbAa
CjCaAa
MdZaAa
KqBbAa
DxRbAa
WiHaAa
OaZbAa
EeObAa
HrPaAa
JrDaAa
GlAaAa
EeZaAa
OcMaAa
LxEaAa
BjLaAa
QwJbAa
KqGbAa
VaObAa
WaAaAa
GcAbAa
JxNaAa
VsKaAa
GoNbAa
RjYbAa
SlIaAa
SfWbAa
RmJbAa
KuCaAa
KfAaAa
CwAaAa
ZlDbAa
NoRbAa
YbSaAa
IpQaAa
QfIbAa
LbUbAa
NsHaAa
HxIaAa
HxUaAa
LtMaAa
DsKaAa
XtIaAa
PhBaAa
RyIaAa
IhKbAa
ZuZaAa
CcDaAa
CcDaAa
HxIaAa
PeAaAa
NkCaAa
MnFaAa
CeXaAa
AjNbAa
EcWaAa
AiJbAa
DeEaAa
LpYaAa
XlBaAa
AtTaAa
VaOaAa
TcDbAa
SiJbAa
QbVbAa
TiQaAa
KpJbAa
DoSbAa
JcAaAa
LlFaAa
IcAaAa
TkXaAa
NwBaAa
DdTbAa
BzAaAa
PrOaAa
WdGbAa
HvNaAa
PhBaAa
OpOaAa
GxFbAa
BmObAa
NzYaAa
CoXaAa
HtRaAa
SqSaAa
HfFaAa
KrSaAa
WjPaAa
FfVaAa
XkPbAa
SlYbAa
AtFaAa
UhVaAa
UrIaAa
IcAaAa
BnLaAa
TkAbAa
RaDaAa
MgDaAa
ZrJbAa
PkMaAa
YlMaAa
GzCaAa
BpLaAa
XkPbAa
WoOaAa
ZwLbAa
ZsCaAa
CqYaAa
GkBbAa
NaNbAa
OkAaAa
GzCaAa
ExCaAa
VgRaAa
KfAaAa
TkSaAa
VdAaAa
KzWaAa
HtAaAa
MtKaAa
KbDaAa
AjAaAa
FvGaAa
KfAaAa
HlLbAa
DxLaAa
DgMbAa
DdAaAa
PxAaAa
ReAaAa
ShCaAa
WiHaAa
HlAaAa
IrEaAa
QwIaAa
AjIaAa
WiMbAa
BxUbAa
VgJaAa
AoMaAa
KdQaAa
WaAaAa
MwBaAa
TgXaAa
SjPbAa
FjMaAa
WwAaAa
RyBaAa
HlAaAa
UaXaAa
PsAaAa
DoSbAa
UvLaAa
OvYaAa
XuDaAa
VwAaAa
ZuJaAa
KiDaAa
PnWbAa
YsCaAa
EuDaAa
FpEaAa
UvLaAa
VaAaAa
TtCaAa
JuKbAa
FvFbAa
XbEaAa
LqHaAa
KiCaAa
XeBbAa
HaHbAa
XqOaAa
GkBbAa
EcTaAa
JrObAa
XiEbAa
WsWaAa
GiBbAa
KqAaAa
LpBaAa
HuOaAa
AuAaAa
FnDaAa
LiDaAa
UrHaAa
AhCaAa
OgQbAa
PrNbAa
LtMaAa
KbDbAa
MpXbAa
PbNaAa
HiEaAa
KdFbAa
EoFaAa
IbVaAa
NdZaAa
GjRbAa
FvFbAa
ZeIbAa
LrKaAa
QyBaAa
KnYaAa
GmWbAa
TyNaAa
LsFbAa
NkCaAa
XeIaAa
PqEaAa
PmPaAa
QcEaAa
CmVbAa
KnObAa
BdPaAa
ZgCaAa
MzQbAa
JmLaAa
JqAaAa
RbFaAa
BaAaAa
PeAaAa
JmTbAa
VyEaAa
MpXbAa
SvTaAa
MxSaAa
DwAaAa
KdEaAa
UnUaAa
WlBaAa
GbSaAa
DvBaAa
AhCaAa
LwUbAa
QbAaAa
KnSaAa
AlEaAa
HkMbAa
NzEaAa
LsDbAa
QlZaAa
CkRaAa
BcGaAa
PkKbAa
PeAaAa
TeQaAa
FgBbAa
MhMbAa
PuNaAa
AyQaAa
MoEaAa
JrDaAa
UeEaAa
QyBaAa
MjZbAa
BuAaAa
KdEaAa
ImTaAa
NdEbAa
LhXaAa
WiMbAa
AoBaAa
PeAaAa
GkJaAa
BuAaAa
DaOaAa
YeDaAa
EuDaAa
ViHbAa
LtDaAa
AlNaAa
EdYbAa
IsTaAa
OiMaAa
DmXaAa
IcAaAa
EbNbAa
SpTbAa
TrIaAa
DnGbAa
MrYaAa
MdOaAa
FfQbAa
GiAaAa
OsAaAa
FzFbAa
TmAaAa
FmOaAa
QcEaAa
CdAaAa
UyEbAa
CsMaAa
UpFbAa
DbPbAa
PwIaAa
VrIaAa
AuEaAa
QyJbAa
IzUaAa
EjCaAa
EeObAa
MkBaAa
FoAaAa
XmOaAa
AhCaAa
UsSbAa
TrGbAa
UwEbAa
QrFaAa
LbJaAa
BvBaAa
WdAaAa
FdKaAa
VwAaAa
CaAaAa
IcAaAa
QlBbAa
ZbVaAa
PbAaAa
VyIbAa
XvYbAa
KwAbAa
HzFaAa
KdGaAa
KmEaAa
TaIaAa
HxIaAa
SaCaAa
YyOaAa
SxDaAa
HfKaAa
YsCaAa
HxUaAa
UzObAa
GkHaAa
UnUaAa
CxFaAa
IgZbAa
IiAaAa
VaRbAa
LzNaAa
CaAaAa
EgBaAa
KmEaAa
OuHaAa
VhGbAa
UzObAa
GfFaAa
LuLaAa
NzYaAa
UvBaAa
DyEaAa
PhBaAa
DxRbAa
CwXaAa
DgAaAa
OpFaAa
YkZaAa
QfIaAa
WpNaAa
YvYbAa
OhCbAa
JbGaAa
TgYaAa
KcAaAa
FxBaAa
SlIaAa
NdWaAa
EzMbAa
SoDaAa
EyNbAa
RcBaAa
CwAaAa
LkDaAa
XwKaAa
AtFaAa
OkAaAa
ZlAaAa
WxFaAa
DxRbAa
ZgCaAa
UpAbAa
DcDaAa
NfOaAa
LcFaAa
RoDaAa
RiFaAa
TrIaAa
HdKbAa
DcWaAa
IrPaAa
JhKaAa
WdAaAa
GiAaAa
IiBaAa
PhBaAa
RcEaAa
MoEaAa
PfIaAa
DxLaAa
JiIaAa
VvBaAa
GbEaAa
LlXaAa
NxMaAa
HtAaAa
DgAaAa
ZlAaAa
FdKaAa
RuPaAa
RwNaAa
JgLaAa
XdAaAa
WeZaAa
WcTaAa
EmKaAa
XbQbAa
FtIaAa
WrUaAa
GiAaAa
PwGaAa
EcLbAa
HrPaAa
GiBbAa
GbSaAa
HkTaAa
VkOaAa
DsSaAa
ZzCaAa
GoIbAa
WaAaAa
FsCaAa
KqBbAa
BfPaAa
TjVaAa
DbKaAa
ReAaAa
GtUaAa
ZfKbAa
WdAaAa
JwUbAa
EcLbAa
YsBaAa
ZnDaAa
EoMbAa
UwSaAa
XiEbAa
JdEaAa
UaJbAa
XjMaAa
LyBbAa
RoJbAa
IiAaAa
CyNaAa
MwBaAa
MhMbAa
OaGbAa
IaPaAa
MwBaAa
EuYaAa
MqHaAa
EeZaAa
GjUbAa
AiJbAa
CwAaAa
GkHaAa
BaAaAa
PqEaAa
PhEaAa
HtAaAa
BjBaAa
MlKaAa
FlPaAa
MdObAa
ApZaAa
MlKaAa
MkAaAa
DrBbAa
PhBaAa
KcFaAa
PpFaAa
KoBbAa
RaGaAa
XdYbAa
LuLaAa
UrHaAa
DoSbAa
EgJaAa
YmCbAa
UiQaAa
DeHaAa
CmSaAa
XiGaAa
QwJbAa
UhVaAa
CeRaAa
WzYbAa
RiSaAa
FaFbAa
CiQaAa
TsDaAa
GrNaAa
CwXaAa
KqBbAa
NyLaAa
GfFaAa
BgYaAa
KtXaAa
JyAaAa
WiHaAa
TjAaAa
CaDbAa
OjHaAa
UrHaAa
OsAaAa
ZgCaAa
SlYbAa
UlUaAa
KfAaAa
RcEaAa
MeTbAa
WiMbAa
QcBaAa
QlHaAa
QtJaAa
VaAaAa
BxJaAa
CzDaAa
BqMaAa
OaSaAa
AdLaAa
XvYbAa
GwVaAa
IiBaAa
GiAaAa
HrEaAa
EvFbAa
OsUaAa
LfAaAa
ZzCaAa
VfYbAa
JeLaAa
NdMbAa
ItAaAa
ImHaAa
NkAaAa
BxJaAa
QfIbAa
CwAaAa
KqGaAa
NaBaAa
ZaBbAa
VaOaAa
PeAaAa
YaFaAa
FnDaAa
DiXaAa
WpRbAa
PmBaAa
DmFaAa
BmVbAa
BvBaAa
TrIaAa
GgAbAa
MsAbAa
EyNbAa
IzUaAa
VwMaAa
KoBbAa
SlEaAa
LiDaAa
JkNbAa
NqGaAa
RpAaAa
MkAaAa
SpZaAa
DpUaAa
UiKaAa
ZvPaAa
EbNbAa
WoFaAa
ZqTaAa
DgAaAa
YyGbAa
IjRbAa
OuHaAa
EpNaAa
RlBbAa
KpYaAa
DoXbAa
ZgCaAa
JmTbAa
DxFaAa
EgGaAa
MbTaAa
BaAaAa
CnNaAa
XmIbAa
YeIbAa
CkRaAa
AjIaAa
NkCaAa
UrAbAa
HtAaAa
OuRbAa
StBaAa
BbSbAa
EyNbAa
DnGbAa
GmWbAa
GqJaAa
InMaAa
QeAaAa
VdAaAa
GiAaAa
YsBaAa
OzMaAa
QeUbAa
TaIaAa
QlHaAa
SoBaAa
ZlCaAa
DpUaAa
CeQaAa
WaAaAa
MmGbAa
EpNaAa
PkMaAa
WxFaAa
LhYaAa
KnCaAa
QwJbAa
TsDaAa
OhHbAa
NoUbAa
AqDaAa
FvHaAa
JoVaAa
KfSaAa
JwJaAa
FnDaAa
MuGaAa
MkAaAa
OxAaAa
OcMaAa
JoVaAa
JcAaAa
FiOaAa
JzIaAa
OaZbAa
WaAaAa
NkAaAa
DjTbAa
JbGaAa
MwBaAa
UrHaAa
UzBbAa
LwCaAa
EdGbAa
XvHaAa
JzQaAa
XoEbAa
ZlAaAa
BqSaAa
GbSaAa
KyDaAa
VeJaAa
RlBbAa
DnGbAa
QtJaAa
OjXbAa
VaAaAa
ZzGaAa
SpZaAa
BnTbAa
NhAaAa
AhCaAa
AfLaAa
TzAaAa
RqRaAa
OwGaAa
WaAaAa
PmKbAa
FdKaAa
JhKaAa
HtNaAa
QaVaAa
GxGaAa
CxFaAa
RyIaAa
DsIbAa
TbIbAa
HqTaAa
JvWbAa
TmAaAa
JfAaAa
GwKaAa
VrAaAa
YyGbAa
GxBaAa
OzEaAa
LsLaAa
ZgCaAa
OlCbAa
WyKbAa
OyFaAa
OsAaAa
UqMaAa
MwBaAa
QeUbAa
HtRaAa
CmRaAa
QtJaAa
UwSaAa
DhPaAa
PrNbAa
XqEbAa
MbIaAa
CdAaAa
UrIaAa
TaJaAa
HxHaAa
MoNaAa
DkVbAa
NlEbAa
CaAaAa
MoEaAa
RbHbAa
ThDaAa
BzJaAa
DpUaAa
RmYaAa
DxFaAa
BaAaAa
OtNbAa
AuObAa
AyUaAa
VeHaAa
MuBbAa
QmBaAa
WiHaAa
FsBaAa
MkAaAa
PySbAa
AtFaAa
QfDaAa
ZlAaAa
NnEbAa
ZxHaAa
EsCbAa
MmGbAa
MkAaAa
IxQaAa
TvFaAa
ZgCaAa
BhNaAa
DgAaAa
PcKbAa
TpLaAa
AtBaAa
EeObAa
BjIaAa
QlZaAa
MfRaAa
YkBbAa
WlDaAa
AoJbAa
KqBbAa
QvDaAa
KyTaAa
KrSaAa
TrIaAa
LtMaAa
FsCaAa
QqPaAa
QjIbAa
XvYbAa
QyJbAa
CxFaAa
WcTaAa
CsMaAa
GiBbAa
RyPaAa
FvHaAa
GcAbAa
PhZaAa
QfTaAa
XmOaAa
BuAaAa
DgAaAa
JeNbAa
WaAaAa
PfDaAa
JwJaAa
MhWaAa
KgIbAa
FvGaAa
RyIaAa
AjIaAa
FfFaAa
MoNaAa
HqTaAa
GiCbAa
MzKbAa
PsAaAa
XlBaAa
ZxIaAa
JfAaAa
KoGaAa
PoLbAa
PcKbAa
CdAaAa
UsPbAa
CdAaAa
KfAaAa
VhPaAa
TbUaAa
TeQaAa
BaIaAa
UyXaAa
TaJaAa
ClVaAa
LhXaAa
JdEaAa
QeAaAa
HxHaAa
InMaAa
BsXaAa
NsHaAa
OpKaAa
OeMaAa
AjAaAa
XdKaAa
UsMaAa
CsMaAa
OnKaAa
JcAaAa
CqYaAa
IgIbAa
EpNaAa
EcTaAa
QvDaAa
JfAaAa
JcAaAa
FgBaAa
LsDbAa
PjZaAa
DqYbAa
KyDaAa
QpAaAa
BmObAa
TcDbAa
RyBaAa
MbTaAa
RiSaAa
RgKaAa
VeMbAa
GrNaAa
OpFaAa
GwKaAa
FzLaAa
ItAaAa
BaIaAa
AdLaAa
YnPaAa
UsPbAa
ZfKbAa
DyEaAa
NlOaAa
DsEbAa
BeBaAa
AvTaAa
McUaAa
KqAaAa
UhVaAa
BmVbAa
HlLbAa
QxAaAa
WgOaAa
BsXaAa
CcYaAa
KmEaAa
KyDaAa
FgAaAa
NkAaAa
VaAaAa
MoNaAa
JqAaAa
AoJbAa
XdKaAa
QrJaAa
WdAaAa
EnUbAa
BsDaAa
MbLbAa
SlVaAa
VaAaAa
FnDaAa
RiFaAa
NaYbAa
RyBaAa
RvJaAa
QdNaAa
CpBbAa
EiMbAa
FgZaAa
RmCaAa
SiJbAa
WpRbAa
ScRbAa
HuOaAa
XoKaAa
VdFaAa
MwBaAa
HtAaAa
GmCbAa
PbNaAa
FtIaAa
CxFaAa
OaZbAa
DsIbAa
GsBaAa
MsAbAa
OqNaAa
QsQaAa
ZwLbAa
ExCaAa
GiBbAa
XsCbAa
QnTaAa
UvBaAa
SpZaAa
AgJbAa
YrNaAa
PeAaAa
PjSbAa
LfQaAa
JoVaAa
NnEbAa
JmTbAa
WaAaAa
RvJaAa
NvYaAa
HxIaAa
UeRaAa
LsDbAa
HlAaAa
LgTbAa
MsUbAa
RnHaAa
QcBaAa
JrDaAa
IlJbAa
EqWaAa
IyAaAa
UkRaAa
YyGbAa
PrOaAa
QhBaAa
GcAbAa
EtRbAa
TdUaAa
GiCbAa
CvBaAa
IkEaAa
ZoAaAa
BmAaAa
PxGbAa
EeOaAa
ZuJaAa
QtJaAa
UqYaAa
CjLaAa
RgKaAa
PySbAa
BsYbAa
MbJaAa
IxRaAa
CmRaAa
JzPaAa
IlAaAa
MbLbAa
HiAaAa
CrGaAa
MtKaAa
HyKaAa
NeQbAa
HxBaAa
JwUbAa
IwDaAa
XbEaAa
SbFaAa
FbYbAa
NoUbAa
UjBaAa
MxSaAa
UjBaAa
WuYaAa
EsWaAa
CeEaAa
HkJaAa
IgZbAa
EuYaAa
HrQaAa
ImHaAa
GjRbAa
QaVaAa
PmPaAa
YiTaAa
GtUaAa
BkSaAa
VcIaAa
LfAaAa
BjAaAa
ZrEaAa
MxSaAa
AjIaAa
QyFaAa
TrIaAa
PjGaAa
BvBaAa
RyBaAa
ZvNaAa
EcLbAa
BkYaAa
WpNaAa
VeLbAa
OpOaAa
PqEaAa
ZaBbAa
KcPbAa
LcUaAa
QjEaAa
ReAaAa
CmObAa
UoCaAa
OjJaAa
PmBaAa
KsBbAa
ZzGaAa
OpOaAa
SuEaAa
MlKaAa
YsCaAa
CzDaAa
GjQbAa
WlDaAa
HzGaAa
OhCbAa
MwBaAa
HvUaAa
EpEaAa
QzOaAa
FfQbAa
ZjQbAa
WzYbAa
BaAaAa
YdKaAa
LrKaAa
KoBbAa
DgAaAa
WgGaAa
IuJaAa
PeAaAa
UeXaAa
QaVaAa
FxFbAa
KvPbAa
DcWaAa
DzDaAa
JgLaAa
BzAaAa
HrJbAa
PmPaAa
LsDbAa
LzEbAa
EpNaAa
RcEaAa
YzLaAa
XdKaAa
AdLaAa
QeAaAa
EuDaAa
HkCbAa
PgFaAa
FeDaAa
VhTbAa
RfNbAa
TpLaAa
EpEaAa
XvHaAa
MoNaAa
JdEaAa
TlEaAa
PsAaAa
OxAaAa
ZlAaAa
ToBaAa
LrSaAa
ArJaAa
QzOaAa
UvBaAa
VaAaAa
CwXaAa
RnHaAa
RcFbAa
GwVaAa
HlLbAa
JuKbAa
PeAaAa
UwEbAa
JfAaAa
KyTaAa
CmRaAa
OhHbAa
GdVaAa
GwKbAa
LpBaAa
KhQaAa
GfKbAa
RqRaAa
RgJbAa
SoBaAa
YkZaAa
UaXaAa
JhKaAa
QcEaAa
LxEaAa
DoXbAa
PeAaAa
BkYaAa
GiAaAa
OkUbAa
XcBbAa
ZlAaAa
UoCaAa
OtNbAa
ItEaAa
TwEaAa
LcFaAa
RaGaAa
PwHaAa
OaZbAa
QvDaAa
MuBbAa
YhRbAa
ZaHbAa
FoAaAa
XfMaAa
OcMaAa
CaAaAa
EbBaAa
LaKaAa
MwBaAa
DlGbAa
AuObAa
CrGaAa
SaCaAa
HyAaAa
LcFaAa
HfKaAa
UaJbAa
CxFaAa
MdVbAa
JcAaAa
JyKaAa
BiDbAa
EyNbAa
DaWaAa
XtIaAa
YvRaAa
StBaAa
ElBaAa
AuAaAa
HtAaAa
YkBbAa
CeGaAa
XvHaAa
RnHaAa
TeQaAa
HuOaAa
SbFaAa
OsAaAa
KhQaAa
ZsBaAa
XlPaAa
FnDaAa
VaAaAa
YsBaAa
FpDbAa
EcLbAa
GnDaAa
VdAaAa
BjLaAa
PjZaAa
CoCaAa
YxSbAa
VyEaAa
HyAaAa
PqEaAa
IcAaAa
FfQbAa
AsPaAa
TcDbAa
CeXaAa
LcUaAa
BzAbAa
MsIaAa
KpYaAa
HyNbAa
NoDbAa
UtBbAa
VdAaAa
SlNaAa
GkJaAa
XxCaAa
IkEaAa
YoJaAa
ArVaAa
YkHaAa
ZwLbAa
TkFaAa
BgYaAa
XgEaAa
FxBaAa
NdIaAa
NoRbAa
HlCaAa
HkWbAa
OkCaAa
KqBbAa
KrSaAa
PjMbAa
OpFaAa
LdHaAa
EcLbAa
JcAaAa
WxCaAa
ZpPaAa
ViWaAa
NfOaAa
VpUaAa
ZgCaAa
BaAaAa
PbAaAa
QfIaAa
CeRaAa
IiNaAa
UtFbAa
JnYaAa
PsAaAa
YyOaAa
EeZaAa
KjJbAa
XrUaAa
RfNaAa
GiBbAa
RdWbAa
GeCaAa
WxFaAa
FsCaAa
SxLbAa
DlDaAa
OaGbAa
AyHaAa
EqWaAa
QdWbAa
HgAaAa
PfDaAa
GmPbAa
NdWaAa
DnGbAa
OpOaAa
AvTaAa
VpUaAa
NvMaAa
DsEbAa
QyBaAa
QyBaAa
OqNaAa
PyRaAa
XlPaAa
JePbAa
TuXaAa
WwGbAa
BaAaAa
ZgCaAa
JzIaAa
KaSbAa
ZfKaAa
WiMbAa
UpLaAa
IcAaAa
NrCaAa
TvFaAa
UvVbAa
OhJaAa
SnGaAa
WlDaAa
CgYaAa
FiGaAa
YjMaAa
ZgCaAa
HrPaAa
PjZaAa
VtGaAa
NeQbAa
DbKaAa
DiXaAa
KfAaAa
FzLaAa
AcHaAa
BcRaAa
UqYaAa
NuBbAa
LzNaAa
CdAaAa
EqBaAa
BwEaAa
TzAaAa
GnDbAa
BvBaAa
TjAaAa
BxTaAa
ZfKaAa
JkYbAa
TrQbAa
UeQaAa
VgRaAa
SpVaAa
OqNaAa
GbSaAa
RmCaAa
VhPaAa
SaCaAa
EpEaAa
CcYaAa
TiKaAa
ZtRaAa
HzFaAa
JaSbAa
WdAaAa
KdFbAa
PjEbAa
NfBaAa
MdJaAa
RdSbAa
MhWaAa
ZuOaAa
LxEaAa
IcAaAa
EbBaAa
CdAaAa
KgUaAa
DhPaAa
GqJaAa
TkFaAa
BcRaAa
ZlJbAa
BvFaAa
OyYbAa
NkAaAa
DeGaAa
FuDaAa
ZhFaAa
PjZaAa
GiBbAa
PfDaAa
QdNaAa
BnTbAa
EnRbAa
GkBbAa
DgJaAa
XfMaAa
WlBaAa
SuEaAa
YaFaAa
CcYaAa
PxAaAa
BnLaAa
TvFaAa
CdAaAa
RiSaAa
XoOaAa
MxIbAa
IcAaAa
OgQbAa
YjQbAa
JuUbAa
WxCaAa
SfWbAa
BjLaAa
UoCaAa
RaGaAa
UkXaAa
FuDaAa
JzBaAa
JwJaAa
YkZaAa
NdOaAa
PyFaAa
UzObAa
VrAaAa
CcDaAa
LrKaAa
PmBaAa
BmSaAa
OjXbAa
UzBbAa
VrHaAa
XxGaAa
SaCaAa
LtXbAa
EuDaAa
VqXbAa
FgHaAa
ChUaAa
BcRaAa
StBaAa
AvTaAa
RiSaAa
IiAaAa
IzHaAa
VvBbAa
FlUbAa
EjPaAa
YbTbAa
MsGaAa
KfAaAa
MjZbAa
UoCaAa
PeKaAa
KvEaAa
GmJaAa
OwBaAa
MlKaAa
LtDaAa
RcBaAa
LiUaAa
EaXaAa
LgPaAa
KfAaAa
UrFbAa
VwMaAa
RoMaAa
BgYaAa
WaAaAa
ReAaAa
LsDbAa
EdYbAa
SnGaAa
DjTbAa
JzIaAa
VtVbAa
JdEaAa
DuSaAa
VrIaAa
TjAaAa
FsCaAa
FpEaAa
JoHaAa
UoCaAa
WeHaAa
RxZaAa
AfWbAa
IqFaAa
ZfKaAa
PqEaAa
JwJaAa
JdEaAa
EiRaAa
JpSaAa
ObAbAa
XgZaAa
GiBbAa
BaIaAa
MaNbAa
UmAaAa
TcHaAa
CvCaAa
RiFaAa
MnWaAa
QaMaAa
AoBaAa
UhGbAa
VdAaAa
UnUaAa
BmObAa
BjLaAa
PeAaAa
JpJbAa
NvWaAa
InMaAa
QzOaAa
FyVaAa
AqDaAa
ByNaAa
GzCaAa
ZxIaAa
TvDbAa
KfAaAa
RmCaAa
MdOaAa
FvFbAa
NeQbAa
DrGaAa
TjNbAa
HzFaAa
JuKbAa
LcUaAa
IiNaAa
FsCaAa
OcMaAa
EuDaAa
PyGaAa
GxBaAa
OxGbAa
EpEaAa
FeBbAa
IsTaAa
KbUbAa
TzJaAa
JpMaAa
ZbTbAa
ZlAaAa
TvFaAa
AuAaAa
DkKaAa
EbBaAa
YoNbAa
IeWbAa
LtDaAa
MbIaAa
PuUaAa
HuOaAa
IcAaAa
EuDaAa
SnBbAa
TbCbAa
NpPbAa
UuMaAa
WcTaAa
OhHbAa
FxFbAa
ZgCaAa
YsBaAa
MuBbAa
ZlCaAa
HkTaAa
TzAaAa
IxQaAa
VwMaAa
ZaPaAa
CjBaAa
AlEaAa
NnEbAa
YeIbAa
YvRaAa
WjPaAa
IsVaAa
TsDaAa
BpGaAa
LqAaAa
ScHaAa
VhTbAa
KuCaAa
EjGbAa
JqVaAa
HkJaAa
WrUaAa
YsCaAa
KcFaAa
DmWaAa
UoMbAa
HcNaAa
HuOaAa
RaHaAa
QlTaAa
BxDbAa
CoMbAa
YlMaAa
IiBaAa
MpJbAa
MkAaAa
XlPaAa
XtIaAa
UnUaAa
AxDaAa
VdFaAa
TrIaAa
UhVaAa
KaUaAa
PqEaAa
HcNaAa
OpKaAa
EoKaAa
BmObAa
IsFaAa
BvBaAa
GmWbAa
XxXbAa
AiJbAa
SxDaAa
GxBaAa
PeAaAa
LyBbAa
VaAaAa
UcJaAa
GkHaAa
GcAbAa
NyLaAa
SmCaAa
YkHaAa
NrXbAa
VgObAa
GjQbAa
SkDbAa
YsBaAa
FfFaAa
VwMaAa
AoBaAa
LhXaAa
WoOaAa
QhBaAa
QjEaAa
StCaAa
WdYbAa
PfDaAa
NaYbAa
PaMaAa
KnObAa
DqSbAa
GcAbAa
RgJbAa
SxUbAa
QbAaAa
RyBaAa
FeTaAa
VaAaAa
QbAaAa
HuVaAa
EyYaAa
KcFaAa
IiAaAa
KmNaAa
YaFaAa
VuIbAa
HxHaAa
JrXaAa
QcSaAa
XuDaAa
AqDaAa
UjBaAa
QcEaAa
QyJbAa
JfAaAa
LzNaAa
AwPaAa
QlGaAa
KdGaAa
PvDaAa
XvHaAa
RgJbAa
TpLaAa
VhPaAa
QfIbAa
PcKbAa
XlBaAa
GkJaAa
RrTbAa
DoXbAa
XbEaAa
LxXaAa
TxVbAa
EjGbAa
PyGaAa
PxAaAa
YbBaAa
PmPaAa
NfGaAa
QfIbAa
NaYbAa
CvBaAa
LrWbAa
WmEbAa
LcFaAa
XmCbAa
HzFaAa
XaAaAa
HzCaAa
MuFbAa
TjAaAa
GeAbAa
VpUaAa
PjEbAa
IcLaAa
BmSaAa
MdVbAa
AiJbAa
NwBaAa
FoAaAa
BbSbAa
YsBaAa
GvIaAa
SqSaAa
OkCaAa
NvYaAa
KcFaAa
DyXaAa
HtRaAa
KqGbAa
RrZaAa
NzEaAa
DcWaAa
LgPaAa
QwHaAa
UoCaAa
LqLaAa
DrHaAa
LtDaAa
VoCaAa
MkAaAa
HzGaAa
UrAbAa
HfKaAa
WlUbAa
IbHaAa
IoZaAa
UoCaAa
KbDaAa
DjTbAa
SqSaAa
JfAaAa
CwSaAa
RwNaAa
NvCbAa
PhTaAa
TuXaAa
YpPaAa
RaDaAa
UwSaAa
QzKaAa
RwQaAa
ShBaAa
HzRaAa
KpYaAa
QdWbAa
DdAaAa
JiBaAa
VuKaAa
GaNaAa
FsBaAa
PeAaAa
NhEbAa
IcHbAa
PnWbAa
XbEaAa
DvVbAa
HlCaAa
MtDaAa
KrSaAa
JpJbAa
WrUaAa
IoZaAa
ZwLbAa
GbTbAa
NcKaAa
QwQaAa
SuEaAa
IuQbAa
WeObAa
EuDaAa
KvAaAa
RnHaAa
KdEaAa
RoDaAa
OpCbAa
MtYaAa
PhTaAa
HrQaAa
TcDbAa
IcAaAa
CxFaAa
VvRbAa
ZqTaAa
DoXbAa
MwBaAa
EdGbAa
AuAaAa
RgJbAa
ZaFaAa
PbAaAa
BdPaAa
GaFaAa
AoBaAa
ZfKbAa
UoCaAa
MwCaAa
GlCaAa
SfUaAa
ViVbAa
BaAaAa
LlFaAa
IdSaAa
FiEbAa
QvDaAa
NoRbAa
UuMaAa
GxXbAa
HhFaAa
EgEaAa
BsYbAa
OfAbAa
TaJaAa
TpLaAa
XlBaAa
CjCaAa
PxAaAa
TsMbAa
GfFaAa
UcJaAa
FeZaAa
CdAaAa
ImBbAa
KbDaAa
AtTaAa
LrSaAa
KhQaAa
OaTbAa
CeYaAa
LrKaAa
IsFaAa
FfQbAa
MdZaAa
QvDaAa
DeHaAa
XdAaAa
KfAaAa
OgQbAa
UrAbAa
PjEbAa
BvFaAa
WqCbAa
FdQbAa
IcAaAa
MwBaAa
OkAaAa
VdAaAa
IiNbAa
PhBaAa
GkJaAa
OiUbAa
UwSaAa
QrJaAa
VrIaAa
PwUaAa
FgZaAa
YsBaAa
OtNbAa
PzMaAa
KfAaAa
TpLaAa
LwVbAa
XlPaAa
KjFaAa
QaVaAa
EsYaAa
KnCaAa
NwFbAa
XeCaAa
TzJaAa
NvYaAa
HkTaAa
UoCaAa
JcAaAa
NyLaAa
BkYaAa
OeFaAa
OzEaAa
DaWaAa
ZuOaAa
JzIaAa
NbZaAa
YuGbAa
TqMaAa
PuUaAa
OiQbAa
ZzCaAa
NdObAa
LtDaAa
PyGaAa
CxFaAa
CeXaAa
LkTbAa
LmEaAa
NeFaAa
PpFaAa
UeRaAa
FvHbAa
RmCaAa
ZuJaAa
JpMaAa
TjVaAa
TkXaAa
FiEbAa
ZgCaAa
PkMaAa
FxBaAa
EuDaAa
JzHaAa
XqOaAa
BkSaAa
LgPaAa
MdJaAa
HqFaAa
VlDaAa
DhPaAa
SpTbAa
VnGbAa
TgYaAa
TxVbAa
JmLaAa
BqMaAa
UrHaAa
LqLaAa
UhGbAa
CvBaAa
XjMaAa
ZsBaAa
RgKaAa
IsFaAa
UlUaAa
KvAaAa
EjPaAa
AuAaAa
QaVaAa
SfXbAa
YaFaAa
DbKaAa
NnAaAa
YnDaAa
JrDaAa
GjUbAa
WgJaAa
HrPaAa
IxQaAa
EmKaAa
FdKaAa
EtRbAa
PxAaAa
YsCaAa
ZqTaAa
HgIaAa
NgVaAa
UsKaAa
CaAaAa
OxAaAa
QyBaAa
OjMbAa
RbFaAa
UaXaAa
LoBbAa
IhFbAa
ZvNaAa
XgEaAa
NeFaAa
KbDaAa
RwNaAa
WzYbAa
NnEbAa
RaDaAa
UeEaAa
YvUaAa
GjUbAa
OiUbAa
VaAaAa
FbBaAa
EcTaAa
VuCbAa
AjIaAa
MaNbAa
VjCaAa
TuXaAa
FsBaAa
KfAaAa
GcAbAa
RgJbAa
YiIbAa
OwGaAa
QlZaAa
IhFbAa
IfUbAa
StFaAa
IdSaAa
JjSaAa
UmFaAa
IdSaAa
CjCaAa
AaHaAa
RyIaAa
VsIbAa
WgBaAa
GyGbAa
KtXaAa
DaAaAa
RyBaAa
ToBaAa
QtJaAa
EiMbAa
OhAaAa
GgHbAa
FeDaAa
XtIaAa
JmBbAa
DdAaAa
FvHaAa
NoNaAa
WaAaAa
VwAaAa
LqGaAa
JfSaAa
QyBaAa
KzWaAa
ZtRaAa
WqBaAa
SnIaAa
BaJaAa
UpFbAa
PvDaAa
AlEaAa
RoDaAa
ZgIaAa
UnNaAa
QcEaAa
BjLaAa
IcAaAa
GfKbAa
PiQbAa
AjSbAa
XeIaAa
BhNaAa
IlFbAa
TmCaAa
XiJaAa
VdAaAa
OhHbAa
LkTbAa
MdOaAa
UoCaAa
WaAaAa
TkXaAa
DoXbAa
XdKaAa
VcIaAa
HsBaAa
PjSbAa
PwHaAa
NaEaAa
IcAaAa
HxUaAa
JiBaAa
ReAaAa
AfWbAa
FgZaAa
PcKbAa
RmCaAa
SlEaAa
PuUaAa
XoJaAa
FuDaAa
EqWaAa
CmXaAa
RjNaAa
GoAaAa
WcTaAa
BnLaAa
NvIbAa
QlZaAa
ZeNaAa
LdRaAa
SfWbAa
TcRbAa
FsBaAa
NhAaAa
KmEaAa
SlVaAa
WuWaAa
BdPaAa
KiLaAa
PeAaAa
XgZaAa
WwGbAa
NvYaAa
WsIbAa
GgCbAa
ZsCaAa
ZxIaAa
AyHaAa
VoCaAa
KwTaAa
AgJbAa
NoUbAa
RgJbAa
LzEbAa
NlOaAa
SeSaAa
MlKaAa
KfAaAa
VkHbAa
XxGaAa
IiNbAa
VaAaAa
YvQaAa
FsCaAa
HrEaAa
VvRbAa
BnTbAa
QlGaAa
OtCbAa
KrDaAa
MnWaAa
EbBaAa
HzFaAa
CaYaAa
OxAaAa
MvMaAa
KfSaAa
XoJaAa
NsHaAa
PaGbAa
DoCaAa
EuMaAa
KqGbAa
WsWaAa
CmXaAa
AqDaAa
PhZaAa
HrQaAa
DvCaAa
JdEaAa
UzJaAa
OpKaAa
ZlLbAa
IoZaAa
WgOaAa
DdXbAa
EsYaAa
WdAaAa
QaVaAa
PhZaAa
BnLaAa
AlNaAa
VcWaAa
JrDaAa
OfAbAa
XpEaAa
LhXaAa
UeMbAa
PuNaAa
QcBaAa
ToBaAa
IsFaAa
FdKaAa
TmObAa
BpGaAa
CdAaAa
PhZaAa
WgGaAa
JuUbAa
UcJaAa
WdAaAa
VaAaAa
CuSaAa
VeXaAa
BkSaAa
GiBbAa
TyNaAa
IoZaAa
LpYaAa
WsCbAa
DgAaAa
XmCbAa
JqAaAa
CjCaAa
UvLaAa
BaAaAa
BaAaAa
VoWaAa
GlCaAa
AuAaAa
UnNaAa
BnTbAa
SlIaAa
RnHaAa
MwBaAa
KfAaAa
LcUaAa
FnUbAa
SpTbAa
SqSaAa
DgAaAa
CdAaAa
MbLbAa
DaXaAa
DcJbAa
HzRaAa
LkTbAa
WgOaAa
UoCaAa
JjSaAa
PkKbAa
NuCaAa
AgKaAa
ZaFaAa
LkDaAa
EgAaAa
LjXaAa
KqIaAa
BhLaAa
ZmZaAa
PhBaAa
KqIaAa
LtMaAa
CoCaAa
PuUaAa
UpFbAa
HbSaAa
IxUaAa
PjWbAa
EzMbAa
FsBaAa
KuKbAa
LpBaAa
IiNaAa
ZxUaAa
XlPaAa
GaAbAa
DjCaAa
QmLbAa
RfNbAa
EsWaAa
IiNbAa
IuJaAa
EpEaAa
IcLaAa
XlBaAa
JqAaAa
RcFbAa
OpFaAa
WzYbAa
OcMaAa
ZeNaAa
JfAaAa
AuWbAa
WaAaAa
VsPbAa
FfFaAa
EgVbAa
WaAaAa
TgXaAa
PfCaAa
LgTbAa
ErUaAa
PaTbAa
PjEbAa
HyAaAa
YkZaAa
VdAaAa
QzOaAa
OfHbAa
DgAaAa
XeIaAa
RbFaAa
ScRbAa
LdHaAa
MwBaAa
KrSaAa
DcIaAa
QhBaAa
HaHbAa
QwJbAa
SfWbAa
EmKaAa
EpUaAa
WaAaAa
MhMbAa
OhCbAa
JkIaAa
YiIbAa
PpFaAa
CcUbAa
GmJaAa
LlFaAa
CjBaAa
RwPaAa
ImBbAa
KqAaAa
SoQaAa
XeCaAa
ZxHaAa
UwEbAa
OlIbAa
NxMaAa
MwBaAa
PbAaAa
MfBaAa
PfDaAa
RbPaAa
QfTaAa
EdTbAa
PhZaAa
JoHaAa
MiGbAa
ZsBaAa
PmPaAa
UsKaAa
BnTbAa
OsUaAa
VkOaAa
LlFaAa
ZvJbAa
TpHaAa
XwGbAa
VwSaAa
FsCaAa
CeEaAa
GaFaAa
GiCbAa
CzDaAa
NrBaAa
NhAaAa
UrIaAa
NuHbAa
KoTbAa
CdAaAa
RjNaAa
PwHaAa
KtXaAa
NcKaAa
TjVaAa
IrEaAa
TbUaAa
VcDaAa
AlNaAa
FnDaAa
QyBaAa
DwAaAa
YiWbAa
OjJaAa
SnBbAa
HxUaAa
KmLaAa
TxVbAa
LaKaAa
RsRaAa
MuFbAa
XeTaAa
QwQaAa
RaDaAa
MxIbAa
MjZbAa
PqEaAa
LkDaAa
LmEaAa
ReUbAa
FaLbAa
IiNbAa
YvQaAa
VcDaAa
YiTaAa
HiEaAa
SmQaAa
EuIbAa
QyBaAa
XbEaAa
IiBaAa
BpGaAa
RxLbAa
HtRaAa
CaXaAa
XxGaAa
AvTaAa
YqJaAa
XeTaAa
RcFbAa
XdMaAa
NaEaAa
GgBbAa
GsCaAa
MvEbAa
IcAaAa
NbIaAa
BfPaAa
BoVbAa
QgKbAa
BaIaAa
WaAaAa
EeVbAa
SdSbAa
XeIaAa
EoFaAa
LsFbAa
StBaAa
QzOaAa
UcYaAa
TeBaAa
DqBaAa
AoBaAa
AfLaAa
VwAaAa
HgIaAa
FgBbAa
WoEbAa
FsEbAa
TeBaAa
LrMaAa
LuBaAa
PgFaAa
UtBbAa
MuFbAa
PeAaAa
BkYaAa
EtVbAa
VuKaAa
QyBaAa
MvMaAa
LzXaAa
TrIaAa
QmMaAa
RyBaAa
SnBbAa
JaSbAa
JiBaAa
XzLaAa
ZqTaAa
PcKbAa
ObAbAa
RtCaAa
AiJbAa
DrAaAa
HzFaAa
VzDaAa
LtDaAa
FtIaAa
EcLbAa
CjBaAa
HxIaAa
JoHaAa
QlGaAa
QcBaAa
ZlAaAa
LnObAa
ZxJbAa
VuCbAa
NtWaAa
ZtRaAa
LpYaAa
SmCaAa
LiUaAa
DxFaAa
WaAaAa
BmVbAa
XmOaAa
MdJaAa
FeDaAa
IzPbAa
DgMbAa
ItPaAa
ZzGaAa
BvBaAa
WlDaAa
MiGbAa
NdWaAa
MhWaAa
GaFaAa
RwNaAa
ShDaAa
KyDaAa
ItPaAa
TxTaAa
NrBaAa
WpNaAa
XeIaAa
PeKaAa
YnDaAa
PkKbAa
WcJaAa
GkJaAa
KfAaAa
PuJbAa
EbBaAa
EeZaAa
LhYaAa
RmMaAa
GjRbAa
VsIbAa
RcBaAa
EsSaAa
XdYbAa
FeTaAa
VzDaAa
LrKaAa
KqAaAa
ZwLbAa
DsSaAa
PsAaAa
YsCaAa
GzCaAa
IiBaAa
QdNaAa
GmPbAa
DsIbAa
MbIaAa
PhTaAa
GgCbAa
RmJbAa
JrDaAa
DgAaAa
XgBaAa
TzAaAa
SfPbAa
PbAaAa
BvFaAa
BmVbAa
EyYaAa
LcFaAa
CkRaAa
SvTaAa
UsKaAa
TzJaAa
BgSaAa
YbBaAa
UsKaAa
DkKaAa
CmAaAa
WaAaAa
NhRaAa
RaDaAa
UgYaAa
OxAaAa
LxWaAa
EyNbAa
OkCaAa
FgAaAa
QcMaAa
VgRaAa
UpFbAa
BwEaAa
RcBaAa
MxIbAa
XwAaAa
ZnBaAa
HrEaAa
UzObAa
DmXaAa
KqIaAa
BeBaAa
YrNaAa
RxOaAa
HqFaAa
EcObAa
WlDaAa
MuVbAa
EpUaAa
KiDaAa
PkMaAa
HwKaAa
RyPaAa
BqMaAa
QwQaAa
JoVaAa
DcWaAa
KbUbAa
QcEaAa
IpQaAa
QtTbAa
YvQaAa
KkYbAa
CxFaAa
RlNbAa
JiNbAa
CeXaAa
MtYaAa
XeAbAa
VwAaAa
JaSbAa
VoSbAa
KiDaAa
SnGaAa
ObZaAa
MfEaAa
IgDaAa
EwIbAa
MkAaAa
XmCbAa
NxTbAa
RnTaAa
UaJbAa
JdFbAa
JcAaAa
ToXaAa
MtKaAa
ZrEaAa
CvCaAa
LhXaAa
BzJaAa
VhPaAa
QtJaAa
CxFaAa
JgLaAa
CeGaAa
XeBbAa
FeWaAa
NhEbAa
WaAaAa
BnBbAa
XvYbAa
AhCaAa
KdQaAa
WjPaAa
TeQaAa
EeDaAa
MkAaAa
TzAaAa
KnObAa
XmIbAa
RaGaAa
LyBbAa
RmCaAa
XaAaAa
DiXaAa
PbAaAa
ThNbAa
TeQaAa
WsXbAa
BjAaAa
PxKaAa
QvDaAa
WpUbAa
GgCbAa
TkDbAa
MzKbAa
ZnBaAa
VgJaAa
GbSaAa
GiAaAa
EbBaAa
GkMbAa
DdAaAa
GvIaAa
MiGbAa
BvBaAa
ZlAaAa
DbKaAa
SlYbAa
NaYbAa
GzCaAa
JjSaAa
NeQbAa
XwKaAa
VaAaAa
EyYaAa
GzCaAa
WaAaAa
EdYbAa
JdBaAa
OpOaAa
QcBaAa
EnRbAa
MwBaAa
LsLaAa
ElBaAa
SxAbAa
CcYaAa
OgQbAa
EnRbAa
DoXbAa
MwBaAa
YrRaAa
LdDbAa
IbHaAa
ScQaAa
GgCbAa
HyAaAa
LbJaAa
XtIaAa
MdJaAa
VdAaAa
UmFaAa
KvPbAa
WaAaAa
NaEaAa
QgFaAa
ZgCaAa
VoWaAa
QsQaAa
IwZaAa
AwRaAa
EuDaAa
FsCaAa
MrWaAa
OjJaAa
MxSaAa
UxHbAa
QdWbAa
LjYaAa
MiDaAa
OsAaAa
LvEbAa
FoIbAa
TvDbAa
GsCaAa
UfPaAa
ZlAaAa
IcAaAa
KfAaAa
UrIaAa
RbFaAa
MsAbAa
FoIbAa
BkSaAa
UcJaAa
XwKaAa
BmAaAa
BmObAa
WaAaAa
KaUaAa
VzDaAa
ErUbAa
GjRbAa
PvDaAa
SkFaAa
ZxUaAa
DjCaAa
EvFbAa
VdFaAa
ItPaAa
MfGaAa
PxKaAa
RoJbAa
XdAaAa
GiCbAa
TgDbAa
QjCbAa
OxAaAa
LdCaAa
MuFbAa
FsBaAa
KpYaAa
QrFaAa
XgEaAa
VxFaAa
JpJbAa
LsLaAa
OhAaAa
QsQaAa
CkRaAa
WgEaAa
RpAaAa
WoKaAa
YrRaAa
VeGaAa
QvDaAa
BsDaAa
ToHbAa
MdObAa
AtTaAa
IyAaAa
ImHaAa
YsBaAa
FsCaAa
VaAaAa
BfZbAa
NpPbAa
VdAaAa
JfSaAa
FlUbAa
OjXbAa
LbJaAa
QeUbAa
UhUaAa
LiUaAa
CaAaAa
ByNaAa
LwCaAa
JdFbAa
PbAaAa
QpAaAa
UaCaAa
BlNaAa
VhPaAa
TsMbAa
LwCaAa
MfRaAa
KdGaAa
VoCaAa
MhMbAa
VyCbAa
TvFaAa
OaSaAa
ZgCaAa
OxAaAa
FfFaAa
FgBbAa
DhPaAa
LzWaAa
XqOaAa
PjSbAa
VwAaAa
DbKaAa
FvGaAa
KcPbAa
AuAaAa
PuUaAa
AfLaAa
EdYbAa
TjAaAa
YjQbAa
AdLaAa
JfAaAa
PjZaAa
YbSaAa
SfPbAa
EdYbAa
AfWbAa
KdFbAa
WpNaAa
NnEbAa
TeQaAa
DqMbAa
YnDaAa
RaGaAa
VjCaAa
LtXbAa
BbSbAa
BpHaAa
QwJbAa
AaHaAa
KoBbAa
BhLaAa
ExCaAa
WcObAa
FeCaAa
GkBbAa
MuLaAa
VfGbAa
CcCaAa
XfMaAa
MwBaAa
LxXaAa
KmEaAa
IcAaAa
WaAaAa
PfIaAa
XxFbAa
GwVaAa
YaFaAa
PfTaAa
UhGbAa
FfMaAa
KcFaAa
XdKaAa
JjFaAa
QdHbAa
YnPaAa
HxHaAa
FyVaAa
NoDbAa
WgBaAa
CzAaAa
XmOaAa
IbHaAa
DaWaAa
JzBaAa
WyMaAa
DsEbAa
ZlJbAa
OzMaAa
CeRaAa
IiBaAa
ElBaAa
RyPaAa
ZnBaAa
IzUaAa
CsPbAa
FsCaAa
CjCaAa
PkKbAa
EnUbAa
SbFaAa
ZxHaAa
BnTbAa
UpFbAa
ZlJbAa
ZcHbAa
HlLbAa
HzRaAa
IsFaAa
MdRaAa
TiKaAa
ReUbAa
OpKaAa
YrNaAa
GbTbAa
YfKbAa
GqKaAa
BmYaAa
NnEbAa
PmKbAa
DgAaAa
JcLaAa
UjAaAa
RpAaAa
UjBaAa
IiBaAa
QmMaAa
DaAaAa
LrKaAa
XiWbAa
AyBaAa
JcPaAa
YbTbAa
XiWbAa
ZsVaAa
WwAaAa
VlDaAa
PdBbAa
PuNaAa
LwCaAa
NvYaAa
KnObAa
UrFbAa
LjQaAa
KyTaAa
LzBaAa
WaOaAa
ObAbAa
LbJaAa
NqHaAa
PwHaAa
RxLbAa
AcHaAa
VcWaAa
YsBaAa
TzTaAa
GkHaAa
QvDaAa
DeHaAa
UtFbAa
VzDaAa
EuDaAa
ItAaAa
CsMaAa
EiMbAa
GoNbAa
LlRaAa
OjXbAa
BaAaAa
NaEaAa
KcAaAa
WdYbAa
AuWbAa
CaYaAa
ByNaAa
CwSaAa
DgJaAa
KiDaAa
EvHbAa
FjMaAa
DgAaAa
OeKbAa
EySaAa
TiQaAa
YsCaAa
ZoAaAa
ZsBaAa
JmTbAa
EeObAa
PjEbAa
HsOaAa
PbAaAa
XvYbAa
BmAaAa
SnGaAa
FvYbAa
XdKaAa
MiGbAa
ShCaAa
IcAaAa
RcEaAa
AuAaAa
WsCbAa
AnBbAa
TdUaAa
TbCbAa
RaDaAa
XbBaAa
NbZaAa
FgZaAa
RpVaAa
AiFaAa
HnBaAa
AbPaAa
MzQbAa
NoUbAa
RmCaAa
UoCaAa
JbGaAa
PyRaAa
DsMaAa
JfSaAa
GiBbAa
VsIbAa
ZzCaAa
XeCaAa
CmXaAa
BpGaAa
VjCaAa
SqSaAa
QjEaAa
WaAaAa
BfPaAa
WdQbAa
DeEaAa
GiAaAa
WzYbAa
AnBbAa
WoOaAa
BiKaAa
TzAaAa
NkAaAa
CzDaAa
NhJaAa
FvFbAa
KmEaAa
EuYaAa
NhAaAa
GzCaAa
FeBbAa
HrPaAa
VeEaAa
YyOaAa
CjBaAa
KrSaAa
WaAaAa
VdAaAa
OyFaAa
NhHaAa
UjVaAa
LxEaAa
ShCaAa
MfBaAa
WaAaAa
VuKaAa
ZlAaAa
KyTaAa
BpGaAa
DoMbAa
KmEaAa
JyAbAa
JrDaAa
ToBaAa
BnLaAa
NwBaAa
XiWbAa
DsIbAa
DgAaAa
VzDaAa
EkWaAa
GkJaAa
UhVaAa
XgZaAa
LdHaAa
LcUaAa
JjSaAa
IiNaAa
XmOaAa
HtJbAa
ThCaAa
AfSbAa
NfOaAa
EsCbAa
JgIbAa
HzCaAa
WdYbAa
PjSbAa
UiAbAa
VhTbAa
EyEaAa
SfUaAa
UwSaAa
EgHaAa
JgNbAa
GmWbAa
ItPaAa
NwFbAa
RmCaAa
YeIbAa
XmCbAa
CwXaAa
LcFaAa
KmHaAa
BvBaAa
PeKaAa
RfNaAa
YkGaAa
ZtRaAa
GiBbAa
BmAaAa
QmLbAa
CdAaAa
ZvNaAa
CoCaAa
YbEaAa
IiAaAa
ZvNaAa
PjZaAa
JwUbAa
WaJbAa
OfHbAa
LtXbAa
BaAaAa
CpHaAa
TxVbAa
VaAaAa
LkDaAa
OgVaAa
FbEaAa
AuAaAa
MuVbAa
NhHaAa
BvBaAa
FcTaAa
EaLbAa
JzPaAa
NkAaAa
XoAaAa
PfHbAa
AhDaAa
JmTbAa
CxAbAa
KcSbAa
RfNbAa
VqBaAa
RaDaAa
FvHaAa
YsBaAa
OxAaAa
KvPbAa
CdAaAa
LrKaAa
QeUbAa
ZwLbAa
MzQbAa
SxUbAa
WdAaAa
OhAaAa
ZgIaAa
TqMaAa
DsIbAa
FeDaAa
YvRaAa
KhQaAa
WzYbAa
EbBaAa
WaAaAa
UoCaAa
ZuOaAa
OxAaAa
PjSbAa
KnSaAa
WnRbAa
FxCaAa
UhVaAa
NoRbAa
KyTaAa
MtYaAa
EjGbAa
KrSaAa
ZgCaAa
DgAaAa
YaAaAa
CsYbAa
WaAaAa
ItAaAa
QhWbAa
GvIaAa
YbTbAa
EsYaAa
HyAaAa
VaObAa
TgXaAa
KnCaAa
GyGbAa
UaJbAa
RoDaAa
EuDaAa
YnDaAa
JkYbAa
LkDaAa
AfPbAa
BjAaAa
TvFaAa
EjTbAa
PfDaAa
RbHbAa
NoRbAa
QmLbAa
ViWaAa
QyBaAa
GiAaAa
CeGaAa
FiEbAa
ZlBaAa
JfSaAa
PfIaAa
HlAaAa
HuOaAa
RmJbAa
PhEaAa
PwHaAa
AaQaAa
SgJbAa
FxBaAa
TeQaAa
ZwLbAa
AqDaAa
DgAaAa
GiAaAa
HyAaAa
TxVbAa
YkGaAa
BaAaAa
MwBaAa
MwBaAa
HlLbAa
TaIaAa
ZcWbAa
RyPaAa
JpSaAa
ApZaAa
SnIaAa
HgIaAa
WsCbAa
XwKaAa
HnBaAa
LtDaAa
DgMbAa
GiAaAa
BxTaAa
PmPaAa
EgVbAa
VuIbAa
SoDaAa
IpQaAa
ChUaAa
QcBaAa
XeDaAa
QcEaAa
WoOaAa
KrSaAa
JfSaAa
CsPbAa
KyTaAa
XiOaAa
ZrEaAa
KdRaAa
ZfKaAa
PbNaAa
KbUbAa
TcHaAa
CdAaAa
LqLaAa
ZeNaAa
RwSbAa
QzKaAa
VaObAa
CmRaAa
EbBaAa
BnVaAa
YjQbAa
DiXaAa
NqKbAa
PwUaAa
UoCaAa
LnObAa
VjCaAa
DjCaAa
AuAaAa
ImZaAa
LiCaAa
LyBbAa
TbCbAa
QpAaAa
FeIaAa
PeAaAa
GiAaAa
GjRbAa
HlAaAa
IgIbAa
SvTaAa
RdSbAa
GkBbAa
KdQaAa
FbBaAa
DqSbAa
KcFaAa
DxRbAa
CkRaAa
OpFaAa
FmIbAa
HrPaAa
ZgCaAa
SvTaAa
BsYbAa
PhBaAa
DgAaAa
TkXaAa
ZxHaAa
OhCbAa
UjBaAa
FiOaAa
CzDaAa
UuMaAa
NlEbAa
MwBaAa
TsSbAa
AeSaAa
AyQaAa
DjTbAa
EnRbAa
JyJaAa
EuYaAa
OaGbAa
VkOaAa
MtYaAa
JhKbAa
GgCbAa
KqBbAa
WwAaAa
ZaFaAa
LsLaAa
VdFaAa
EgAaAa
PfCbAa
NoDbAa
SoBaAa
PyRaAa
IeWbAa
NkCaAa
VgEbAa
FoAaAa
YyOaAa
VqXbAa
KoBbAa
TmAaAa
CaAaAa
LyDaAa
BsXaAa
BlLaAa
DsMbAa
IxJbAa
BaAaAa
FoEbAa
ZgCaAa
WeZaAa
AhDaAa
TbCbAa
SmCaAa
ZhFaAa
BxDbAa
WeZaAa
JoVaAa
EiMbAa
DlGbAa
UlUaAa
NwRbAa
WlUbAa
AuEaAa
MnFaAa
PkKbAa
FmOaAa
CeRaAa
QbLaAa
IyAaAa
ZeNaAa
BgYaAa
JjSaAa
HqTaAa
CrGaAa
DdFaAa
WoOaAa
CwXaAa
MkBaAa
TsDaAa
KvEaAa
ExCaAa
ZaFaAa
PeAaAa
TcGaAa
RgKaAa
HuOaAa
VdAaAa
XlPaAa
FeDaAa
VcIaAa
SrZaAa
CsMaAa
CsSbAa
VxLaAa
HlLbAa
ZzFaAa
DmWaAa
MiDaAa
MxSaAa
XxXbAa
DpUaAa
JqAaAa
AoBaAa
ZrEaAa
ZfKaAa
ZgCaAa
SqSaAa
UuMaAa
ZlAaAa
VuCbAa
QfIbAa
BsDaAa
ToHbAa
JfAaAa
FgBbAa
UlUaAa
GmJaAa
CcDaAa
BiDbAa
ScRbAa
CcCaAa
QlBbAa
LvEbAa
PhZaAa
CvBaAa
ObTaAa
CqMbAa
DlDaAa
TzJaAa
UiAbAa
NeQbAa
TkFaAa
NdObAa
RbLaAa
OsAaAa
KdGaAa
VwIbAa
DgMbAa
YqJaAa
DgMbAa
LfAaAa
FxFbAa
BfPaAa
PjEbAa
JfAaAa
MzQbAa
EvHbAa
IzHaAa
GcAbAa
QfCbAa
QyBaAa
AlNbAa
HvNaAa
ZvPaAa
YbSaAa
SlIaAa
PyGaAa
ZlCaAa
TkXaAa
DbKaAa
BcRaAa
EuDaAa
CjBaAa
DzDaAa
HqTaAa
SvTaAa
WyMaAa
HrPaAa
PhTaAa
IgIbAa
ZtRaAa
FhUbAa
FyVaAa
JqVaAa
CvCaAa
DgMbAa
TpGbAa
WzYbAa
KuFaAa
FoIbAa
SlNaAa
CaYaAa
OaXbAa
MdOaAa
QaVaAa
ZuJaAa
DgAaAa
AhCaAa
AuAaAa
NhAaAa
ZgIaAa
MbTaAa
EbNbAa
OaSaAa
YlMaAa
SoBaAa
UhVaAa
SoBaAa
UmFaAa
QrFaAa
EqCaAa
BsYbAa
RgJbAa
NeGbAa
CaAaAa
SoDaAa
IiAaAa
SpZaAa
HkWbAa
SfUaAa
JbGaAa
NcKaAa
RiFaAa
HkWbAa
ZgCaAa
YfKbAa
ZvPaAa
TsDaAa
NfObAa
EpQbAa
UqMaAa
EqCaAa
TrIaAa
BkSaAa
YmOaAa
RbFaAa
QcBaAa
VsIbAa
OaGbAa
CdAaAa
MdCaAa
HnBaAa
FxBaAa
MtKaAa
GzCaAa
IeWbAa
DwAaAa
LrKaAa
OkCaAa
MwBaAa
RaGaAa
DiXaAa
UhVaAa
BnLaAa
HlKbAa
QjEaAa
BaAaAa
QnTaAa
NoDbAa
JcPaAa
YbTbAa
LyBbAa
JjSaAa
KfAaAa
NkCaAa
LrKaAa
KvPbAa
YfKbAa
BjAaAa
XxLaAa
PhTaAa
EoKaAa
OtNbAa
MjZbAa
IkEaAa
SbWbAa
VdFaAa
JfSaAa
PeAaAa
UrAbAa
TaJaAa
NpPbAa
VdAaAa
MbLbAa
QdNaAa
BfPaAa
PfTaAa
CeXaAa
ZlAaAa
XtIaAa
XoAaAa
ZrNaAa
AfPbAa
UzAaAa
VeEaAa
LdCaAa
OeKbAa
CaRaAa
XkMbAa
MjZbAa
CzDaAa
DmWaAa
HsBaAa
JzBaAa
MkBaAa
XkPbAa
CzDaAa
YfKbAa
OjXbAa
BuWbAa
DoSbAa
PwHaAa
XqEbAa
ZzFaAa
MkAaAa
YoNbAa
RdSbAa
KvPbAa
EeOaAa
CxFaAa
XoJaAa
BsObAa
BdPbAa
ItAaAa
RtBaAa
CxFaAa
OiUbAa
SnIaAa
WaAaAa
DaWaAa
JcAaAa
ToHbAa
BnLaAa
CaAaAa
XtIaAa
PvVaAa
PjSbAa
PjZaAa
RmCaAa
SxDaAa
CeYaAa
AfNaAa
NrBaAa
JaSbAa
YkZaAa
XbBaAa
QyBaAa
OzMaAa
GeIaAa
CcDaAa
DbKaAa
OxAaAa
BaAaAa
JzIaAa
ZlAaAa
PrSaAa
LfAaAa
MkAaAa
VcObAa
RcFbAa
VwAaAa
DiXaAa
OjJaAa
FvHaAa
FvGaAa
EuDaAa
ZaPaAa
JdBaAa
WwGbAa
HnBaAa
PjEbAa
ZlCaAa
EpNaAa
UtFbAa
NoDbAa
ZnBaAa
PuNaAa
NtWaAa
KrSaAa
AfWbAa
IgIbAa
BqMaAa
YkHaAa
YsBaAa
KmEaAa
GsBaAa
StCaAa
EjGbAa
KnCaAa
YnDaAa
UiAbAa
MaBaAa
JkNbAa
PgFaAa
EgAaAa
IqFaAa
BjBaAa
EfYbAa
CdAaAa
HzCaAa
EcLbAa
QcBaAa
AuObAa
VsIbAa
QcBaAa
DlDaAa
GiAaAa
OxGbAa
XbGbAa
TaIaAa
ViWaAa
RcBaAa
JeNbAa
HvJbAa
FsCaAa
TaJaAa
EgVbAa
HyAaAa
BaJaAa
WqIbAa
TqMaAa
HxUaAa
PhBaAa
ZtRaAa
YnDaAa
UaJbAa
MsHaAa
PvDaAa
QgKbAa
EeVbAa
GbZbAa
KgUaAa
DxRbAa
JpJbAa
GiAaAa
HqFaAa
SmYaAa
SkFaAa
CoMbAa
ErUaAa
BbSbAa
GkJaAa
LgTbAa
IiBaAa
VwAaAa
LnObAa
YnPaAa
KbUbAa
JkIaAa
IkTaAa
MhMbAa
AhCaAa
PvCbAa
MlWaAa
UmFaAa
WrUaAa
UqYaAa
QlHaAa
ScRbAa
EgHaAa
JiBaAa
PiQbAa
NdEbAa
MdOaAa
EnRbAa
GjRbAa
HtAaAa
TlNaAa
PiQbAa
GjUbAa
NrBaAa
TqMaAa
ZmZaAa
UaJbAa
TaIaAa
SfUaAa
NvKaAa
TpGbAa
EeOaAa
EqWaAa
EiRaAa
NdEbAa
ZzCaAa
DvCaAa
NdEbAa
XbEaAa
EdGbAa
UrAbAa
YsBaAa
ZqTaAa
YiGaAa
RmCaAa
JpJbAa
AjIaAa
JuKbAa
VxLaAa
IdSaAa
StCaAa
HqFaAa
YaFaAa
PbNaAa
TmAaAa
QyGaAa
FiJaAa
YsBaAa
JxNaAa
TzAaAa
AiJbAa
HhFaAa
CrGaAa
TsDaAa
NaYbAa
CjCaAa
PhTaAa
PhBaAa
CoVbAa
LyVbAa
FsCaAa
KfAaAa
HtAaAa
CeRaAa
FyVaAa
LbJaAa
MoAbAa
RmCaAa
JcAaAa
QyFaAa
OyFaAa
LcAaAa
EyNbAa
OhHaAa
GtUaAa
LjObAa
FaZaAa
JqAaAa
IwDaAa
DoSbAa
PhEaAa
LcUaAa
DrAaAa
CtBbAa
OsUaAa
BmAaAa
UpFbAa
JwUbAa
QcEaAa
PyFaAa
GsBaAa
OxAaAa
FbEaAa
GbQbAa
XiWbAa
FuDaAa
CmRaAa
AjIaAa
TvFaAa
KdEaAa
DlDaAa
LsFbAa
HgIaAa
HiGaAa
DqBaAa
JbGaAa
PhBaAa
SaCaAa
OlCbAa
WmIbAa
YfFaAa
CmRaAa
OlCbAa
GkGaAa
KnCaAa
GlAaAa
KhQaAa
WaAaAa
VsIbAa
UaXaAa
KpSaAa
IcAaAa
LdCaAa
YyOaAa
BmQaAa
JmTbAa
XkPbAa
KmEaAa
VaOaAa
FvHaAa
LkDaAa
NeQbAa
JfSaAa
XiWbAa
IgDaAa
VwMaAa
VoWaAa
YrNaAa
QdWbAa
BkSaAa
KuCaAa
WvFbAa
KmEaAa
WqCaAa
SkFaAa
GnDaAa
QhEaAa
MdVbAa
EuYaAa
ShDaAa
GtHbAa
JjSaAa
AfLaAa
OqRbAa
CzJaAa
LdDbAa
KiDaAa
VdAaAa
GmPbAa
BmAaAa
WaAaAa
PbNaAa
PwHaAa
OxAaAa
BoVbAa
HqTaAa
ShDaAa
ZrPaAa
AlEaAa
NaYbAa
NdCaAa
NlEbAa
CmRaAa
GfMaAa
CkXaAa
YsCaAa
NjZbAa
SuWbAa
XeIaAa
AhDaAa
HyAaAa
GsCaAa
MwBaAa
ZuJaAa
CxFaAa
TjAaAa
OpKaAa
SqSaAa
WxCaAa
IhFbAa
YvRaAa
QcBaAa
QfIbAa
HzCaAa
FnDaAa
RjNaAa
VqXbAa
LpBaAa
ImGaAa
QyBaAa
TvFaAa
GrNaAa
MwCaAa
ApZaAa
VwAaAa
GlAaAa
FvGaAa
CaAaAa
WwGbAa
KdGaAa
SfUaAa
TbCbAa
JqAaAa
QfIbAa
OhCbAa
IiNaAa
KqGaAa
ZsJaAa
ViHbAa
DnGbAa
PeAaAa
WmIbAa
CsPbAa
NrCaAa
IiAaAa
WgGaAa
MlKaAa
BnTbAa
EuDaAa
PgFaAa
EyTbAa
QyBaAa
PfIaAa
JbGaAa
TbUaAa
FyVaAa
FgZaAa
UtBbAa
FyVaAa
MnFaAa
FsBaAa
DgAaAa
SaCaAa
CdAaAa
XiJaAa
XgEaAa
NyLaAa
KyAbAa
WwAaAa
QyBaAa
CjCaAa
QlHaAa
HnPaAa
BvBaAa
OzMaAa
XxCaAa
IiNbAa
SaQaAa
GkCbAa
LcFaAa
IgDaAa
VgJaAa
IcAaAa
OtNbAa
AmAaAa
TgXaAa
FgZaAa
FzLaAa
OtYaAa
TgYaAa
UsKaAa
XvYbAa
VfYbAa
FvYbAa
GcAbAa
KdEaAa
UrDbAa
ZgSbAa
ZtRaAa
KiDaAa
YlPaAa
UeGaAa
VfGbAa
DxFaAa
KqBbAa
OfHbAa
EpEaAa
PuUaAa
NpPbAa
DjCaAa
TaCaAa
RgKaAa
JuKbAa
TpLaAa
BzJaAa
PfCaAa
QgKbAa
NuHbAa
CjCaAa
LiUaAa
BxTaAa
KdGaAa
JyJaAa
ItPaAa
UrAbAa
PhEaAa
VuKaAa
WwGbAa
LxEaAa
GlAaAa
RtBaAa
ZtRaAa
ZaFaAa
PmKbAa
EpEaAa
JzHaAa
ObAbAa
YsBaAa
IcNaAa
JyJaAa
EeVbAa
EmRaAa
EaTaAa
EbXbAa
JfAaAa
EbNbAa
WqXbAa
MkAaAa
RxLbAa
OzKbAa
VcWaAa
QeUbAa
DcCaAa
JjSaAa
JjSaAa
MkAaAa
OnFaAa
OhHbAa
BxDbAa
HxUaAa
NkCaAa
GaFaAa
PwYbAa
FfQbAa
KmEaAa
SxDaAa
RwJbAa
GnDaAa
CkQaAa
YkGaAa
FgZaAa
GcAbAa
LbJaAa
ViWaAa
MkAaAa
DhPaAa
QgKbAa
RhIaAa
VdAaAa
XuNbAa
ZgCaAa
WyMaAa
VwAaAa
BnTbAa
NcKaAa
LlFaAa
UjDaAa
MeTbAa
QpAaAa
LyBbAa
GcAbAa
CwAaAa
NvYaAa
ZlAaAa
RoMaAa
UlUaAa
UpAbAa
PhEaAa
WgEbAa
NzEaAa
CeYaAa
WdAaAa
XoJaAa
UsYbAa
EaAaAa
MiGbAa
FiOaAa
AmAaAa
QmMaAa
YfKbAa
PhZaAa
JqAaAa
XwKaAa
VdAaAa
GiBbAa
HmPbAa
RcBaAa
LpBaAa
OcKaAa
KfAaAa
ReAaAa
SoBaAa
AtTaAa
PeAaAa
RxLbAa
GaAbAa
GnQbAa
MfBaAa
EqCaAa
QdNaAa
DzVbAa
WlBaAa
UsKaAa
QuJbAa
EgHaAa
QdWbAa
LtXbAa
WaAaAa
CsMaAa
XpEaAa
JwUbAa
SkFaAa
GaNaAa
RaGaAa
PoLbAa
BnTbAa
YfKbAa
RdSbAa
PzMaAa
JeSbAa
WoOaAa
DaOaAa
DvCaAa
KyLbAa
MpXbAa
BvBaAa
GmPbAa
CwSaAa
ZvXbAa
AnBbAa
YfKbAa
KuFaAa
MkAaAa
ByNaAa
RoMaAa
OpFaAa
KmEaAa
YsBaAa
EgEaAa
BcRaAa
VkOaAa
EiYaAa
NvIbAa
LbJaAa
GiAaAa
LrKaAa
DlGbAa
DiXaAa
RwNaAa
ViHbAa
HzGaAa
NeQbAa
MoAbAa
AuAaAa
PaQbAa
QsQaAa
EuDaAa
QyBaAa
IxHaAa
QcSaAa
RyUaAa
NzNbAa
XoJaAa
CdAaAa
PhEaAa
QwIaAa
OpFaAa
GbTbAa
ZfKbAa
CzDaAa
JiBaAa
KcPbAa
LyVbAa
VuCbAa
HzFaAa
VcWaAa
GiAaAa
HzGaAa
VgJaAa
HkWbAa
BvFaAa
BsYbAa
WdAaAa
MrSaAa
WqXbAa
SmCaAa
VnGbAa
TcDbAa
AlNaAa
MxSaAa
BqMaAa
VhPaAa
UrIaAa
QmLbAa
YxBaAa
VqXbAa
ZaBbAa
EqWaAa
QlHaAa
AfSbAa
AnZaAa
OxAaAa
AaQaAa
VaOaAa
ZlAaAa
NvMaAa
ViWaAa
ErUaAa
BcRaAa
XtIaAa
KdQaAa
RbPaAa
IiBaAa
DgAaAa
DnGbAa
HqTaAa
WoWaAa
XqOaAa
KfAaAa
YlMaAa
IiNbAa
CeYaAa
RyBaAa
KtXaAa
HrQaAa
RrZaAa
SqSaAa
LyBbAa
IcAaAa
AuWbAa
YaFaAa
RwPaAa
YiIbAa
EuYaAa
QrFaAa
HzRaAa
JrDaAa
GzCaAa
CdAaAa
GnDaAa
OeKbAa
FiJaAa
KqIaAa
LbIaAa
NyLaAa
TdUaAa
UrHaAa
XmIbAa
AmCaAa
WiObAa
RmJbAa
XvHaAa
HuOaAa
NhHaAa
VxFaAa
ZmNbAa
MhWaAa
OpKaAa
UvLaAa
XgZaAa
PmKbAa
SnBbAa
OqRbAa
LgPaAa
NhHaAa
AnBbAa
GiBbAa
MkDaAa
FwCbAa
ZxUaAa
BmVbAa
KqGbAa
LvEbAa
VeHaAa
MdJaAa
FzLaAa
PgFaAa
VdAaAa
ZxIaAa
DgAaAa
SfPbAa
AlLaAa
QdIbAa
XmCbAa
HcNaAa
WlDaAa
UwEbAa
BnTbAa
YeCaAa
OcMaAa
HbKbAa
ZgCaAa
PhBaAa
LdHaAa
UeMbAa
MlKaAa
JoHaAa
VqBaAa
BaAaAa
WwTbAa
KsBbAa
RdSbAa
PpFaAa
JwUbAa
VwAaAa
XoOaAa
GtUaAa
BkYaAa
HxRaAa
XgBaAa
DvCaAa
BaRaAa
AuAaAa
MdCaAa
JuUbAa
QjEaAa
OpKaAa
WxCaAa
BwEaAa
QpAaAa
ZaHbAa
MoUaAa
AqDaAa
WoEbAa
QtJaAa
HnKbAa
DoMbAa
XuDaAa
MlHbAa
XeIaAa
MdZaAa
CuSaAa
PvDaAa
XpDbAa
QsQaAa
RiSaAa
YjQbAa
RfNaAa
CwAaAa
DvCaAa
CnNaAa
NkAaAa
AzAaAa
OfHbAa
MiVaAa
VaOaAa
QzKaAa
FyVaAa
KiDaAa
HiAaAa
VwMaAa
MwBaAa
VdAaAa
WqEbAa
IeWbAa
MaNbAa
PhBaAa
FsCaAa
WiMbAa
PfDaAa
HlAaAa
VaObAa
UrGaAa
JhKaAa
FeBbAa
RnHaAa
ZuOaAa
PyRaAa
IiAaAa
TkXaAa
DwXaAa
ImHaAa
YvIaAa
FhUbAa
PrOaAa
GaFaAa
BeRbAa
HqFaAa
XiOaAa
IsFaAa
DkKaAa
ZhFaAa
HsOaAa
JdEaAa
XbQbAa
CaYaAa
EnUbAa
NlOaAa
UcJbAa
RaDaAa
XxGaAa
TpHaAa
PhBaAa
NuRbAa
VdAaAa
QpNbAa
PcKbAa
PwUaAa
EgHaAa
CdPaAa
JmTbAa
YkGaAa
EuDaAa
KqGbAa
EvHbAa
IoZaAa
RmCaAa
ShDaAa
MsGaAa
IaLaAa
JdEaAa
KdEaAa
BaIaAa
GmJaAa
EdYbAa
AwNaAa
RdSbAa
ZxUaAa
HlLbAa
KsBbAa
JdEaAa
EiMbAa
AcHaAa
EgEaAa
BjLaAa
TvFaAa
JzUaAa
HxIaAa
QcBaAa
UrHaAa
VsIbAa
VdAaAa
EeZaAa
UrGaAa
QhBaAa
QfIbAa
JmLaAa
XqOaAa
VrUbAa
LfBaAa
LmEaAa
PySbAa
XmOaAa
RgKaAa
VsKaAa
FnDaAa
VgJaAa
BvBaAa
NtDaAa
NhAaAa
ZrEaAa
ZuZaAa
BmQaAa
MbLbAa
RaGaAa
XvHaAa
AtFaAa
ZgCaAa
YsCaAa
LkDaAa
MaNbAa
CoMbAa
EcWaAa
WrUaAa
TaIaAa
XoKaAa
PsAaAa
HrQaAa
RcBaAa
IpQaAa
ZgIaAa
DyEaAa
EuDaAa
WaAaAa
MtDaAa
HiEaAa
YsBaAa
WgBaAa
VaAaAa
FnDaAa
KoBbAa
CkRaAa
NhHaAa
CrAaAa
VhPaAa
MwBaAa
SpTbAa
QcSaAa
ZlJbAa
KsBbAa
DsIbAa
CaXaAa
LyBbAa
ApZaAa
RmCaAa
CsSbAa
QyBaAa
OxAaAa
MsGaAa
LrKaAa
XxGaAa
RzKaAa
MzQbAa
DgAaAa
GyGbAa
GjQbAa
GiAaAa
ZvPaAa
RmJbAa
KyTaAa
GaNaAa
QyBaAa
OzEaAa
UsPbAa
EvVbAa
RoJbAa
NvKaAa
GlAaAa
WqEbAa
ScHaAa
AuAaAa
JfSaAa
HzRaAa
ZkZaAa
FvYbAa
TqMaAa
MfGaAa
JoHaAa
JdEaAa
KgUaAa
BaAaAa
LmNaAa
GsCaAa
KnObAa
JuUbAa
JuKbAa
TdPaAa
JmGaAa
WlBaAa
KlQaAa
WyEaAa
VsPbAa
RiSaAa
JmHaAa
CuXaAa
EbBaAa
DcWaAa
FnDaAa
RfNaAa
TkSaAa
OyFbAa
QlZaAa
ZsOaAa
JeSbAa
CuSaAa
AuObAa
ZeNaAa
MhMbAa
FwYaAa
HhFaAa
PbAaAa
MnFaAa
PjWbAa
QsQaAa
VxFaAa
LtDaAa
WxFaAa
JyJaAa
JjSaAa
IxQaAa
WeZaAa
OaZbAa
BgSaAa
AtFaAa
StBaAa
HlLbAa
MkAaAa
PcKbAa
JnYaAa
ZxHaAa
DsSaAa
NaNbAa
EuYaAa
OpOaAa
LsFbAa
IwDaAa
NwBaAa
RmMaAa
UpFbAa
AqQaAa
UrHaAa
DpUaAa
KoIaAa
NyLaAa
ZgIaAa
FnDaAa
IhFbAa
HkGaAa
EsCbAa
FsBaAa
PjMbAa
SaDaAa
QsJbAa
YvRaAa
QfIbAa
BpLaAa
YpEaAa
XxXbAa
MuAbAa
KqAaAa
NhAaAa
VdAaAa
IoZaAa
FbEaAa
DpFbAa
XlPaAa
OxKbAa
FeBbAa
OaSaAa
FsCaAa
CmXaAa
QdWbAa
DdTbAa
YsBaAa
TmAaAa
VmHbAa
MwBaAa
FvHaAa
HzFaAa
HyAaAa
OjXbAa
PuUaAa
EuKaAa
MuFbAa
ZsOaAa
IbHaAa
JzIaAa
BvFaAa
EuDaAa
DxLaAa
YsBaAa
LyBbAa
TpHaAa
FiOaAa
TpGbAa
GsBaAa
EgEaAa
NoRbAa
QzKaAa
FmIbAa
GbMaAa
YkGaAa
HiTaAa
JmTbAa
MkAaAa
EmMbAa
FjMaAa
IzHaAa
QrNbAa
ZxUaAa
FoPbAa
PfDaAa
JpSaAa
LqGaAa
WcObAa
XiGaAa
YkHaAa
ByNaAa
ExCaAa
JyJaAa
EyYaAa
JfAaAa
RpAaAa
KcFaAa
ImTaAa
PcQbAa
WyYaAa
LuAbAa
FvHaAa
QvDaAa
DeHaAa
DoSbAa
BkYaAa
BnLaAa
AmAaAa
FxBaAa
RaVaAa
HrQaAa
NlOaAa
HxIaAa
SiJbAa
JyJaAa
EuDaAa
EaOaAa
JwJaAa
XjMaAa
IcAaAa
GoNbAa
MjZbAa
HvJbAa
KiDaAa
NtKaAa
TxVbAa
NuFbAa
SxUbAa
DnGbAa
KtXaAa
GlCaAa
UeMbAa
PbAaAa
RyPaAa
QfDaAa
IuQbAa
NfOaAa
JkYbAa
QcSaAa
NlOaAa
SbFaAa
RbAaAa
CqYaAa
LkDaAa
InMaAa
MrYaAa
AoQaAa
GzCaAa
JzQaAa
MhMbAa
HqFaAa
PxKaAa
IwDaAa
WgBaAa
PySbAa
OsUaAa
FeZaAa
WiWaAa
KtXaAa
CeRaAa
YsCaAa
KwJaAa
EvHbAa
TbUaAa
BcGaAa
MfRaAa
InMaAa
WrGaAa
BsYbAa
IiBaAa
EsWaAa
OiUbAa
PaMaAa
MrWaAa
QmMaAa
CmSaAa
MbLbAa
CjBaAa
TpTbAa
MlKaAa
PeKaAa
OhCbAa
EbBaAa
QcEaAa
DcWaAa
JzIaAa
YfFaAa
BxDbAa
AhDaAa
BmObAa
NwBaAa
GqOaAa
BkYaAa
DmWaAa
MuGaAa
QmLbAa
OwGaAa
YvRaAa
NhAaAa
KoBbAa
OwGaAa
VdAaAa
ZlJbAa
CwAaAa
GfKbAa
NeQbAa
CdAaAa
LdCaAa
XtIaAa
UcJaAa
WxFaAa
HyAaAa
AlLaAa
ZgSbAa
ZgCaAa
VdFaAa
YoNbAa
UeXaAa
VyEaAa
CwAaAa
JfAaAa
GzFbAa
UlUaAa
LmEaAa
CuXaAa
PkMaAa
JpJbAa
QcSaAa
MvMaAa
EySaAa
DgJaAa
NrBaAa
CqMaAa
RfNaAa
BpHaAa
PeKaAa
RoJbAa
WiHbAa
MxIbAa
QzOaAa
UaXaAa
JpMaAa
KoBbAa
CvFaAa
VaJbAa
AmAaAa
MkAaAa
ToHbAa
RnHaAa
ZcNaAa
FiJaAa
CaAaAa
DjCaAa
RcFbAa
VdAaAa
DjTbAa
DxBbAa
AbFaAa
XkPbAa
AtOaAa
OiQbAa
MkAaAa
WdYbAa
SnIaAa
CcDaAa
WpNaAa
JsFaAa
OwGaAa
LzNaAa
CeEaAa
CeXaAa
RjNaAa
JyJaAa
PbAaAa
YiTaAa
ToHbAa
YmJaAa
ErUaAa
EvHbAa
FlPaAa
MaKaAa
IiBaAa
ObAbAa
KtXaAa
EdGbAa
ReSaAa
RtBaAa
MrYaAa
ZgCaAa
XgEaAa
WcTaAa
RaDaAa
PvDaAa
KbDaAa
KfAaAa
FpUbAa
FeTaAa
PkKbAa
GmWbAa
ZvNaAa
OjJaAa
VqBaAa
QpAaAa
JcAaAa
AcHaAa
SnIaAa
DgAaAa
EpEaAa
UcJaAa
BkYaAa
CmXaAa
FyVaAa
PsAaAa
ViAbAa
NvKaAa
SlVaAa
JxUaAa
FbYbAa
ZrPaAa
VkOaAa
VfGbAa
SgSaAa
MkBaAa
BaAaAa
KqGbAa
LfAaAa
DgAaAa
KaUaAa
LgTbAa
PuJbAa
RpAaAa
LnXaAa
IcAaAa
IcLaAa
NdIaAa
QlHaAa
HsOaAa
EeOaAa
YkGaAa
KsBbAa
JdEaAa
GkHaAa
SfPbAa
LmEaAa
JiIaAa
GtUaAa
IgIbAa
ElBaAa
TmAaAa
CtBbAa
UoCaAa
EbBaAa
YsCaAa
UjBaAa
MxSaAa
HtRaAa
TeBaAa
FbBaAa
PrOaAa
CcDaAa
ZrNaAa
MdJaAa
EpEaAa
WiMbAa
BjAaAa
MjSaAa
KfAaAa
SlGaAa
DqBaAa
PhZaAa
OvKaAa
EbNbAa
ImBbAa
EgBaAa
XkPbAa
XkPbAa
XeTaAa
NdEbAa
ApZaAa
RzOaAa
AxDaAa
JzHaAa
EbBaAa
ClIaAa
EuDaAa
JrXaAa
EeVbAa
RjYbAa
RmCaAa
FmOaAa
CrAaAa
UmFaAa
CqHbAa
RiSaAa
QdWbAa
ZgCaAa
HtAaAa
LcUaAa
CwAaAa
WpNaAa
ZzFaAa
JqAaAa
AlNaAa
ZzGaAa
UeEaAa
TfPaAa
QpAaAa
BsDaAa
OpOaAa
WjPaAa
ZzCaAa
TxDaAa
DkKaAa
JaSbAa
PqEaAa
EbBaAa
LyVbAa
ToHbAa
SfWbAa
AzAaAa
RtBaAa
EeDaAa
RoQaAa
NvYaAa
NzYaAa
NqKbAa
JkNbAa
KbDaAa
QtJaAa
LtXaAa
FyVaAa
VdAaAa
VdAaAa
XfMaAa
UrAbAa
XwKaAa
BpTbAa
AuAaAa
RmJbAa
VyEaAa
CeYaAa
KiDaAa
DxHbAa
VbKaAa
NkAaAa
MoAbAa
MuBbAa
FbBaAa
UmFaAa
KrDaAa
UoBaAa
MfRaAa
DpUaAa
SlIaAa
XdKaAa
UoCaAa
YlMaAa
PyFaAa
YoNbAa
PwIaAa
KrSaAa
ZyGbAa
OxAaAa
KyDaAa
LsFbAa
KvAaAa
CqMbAa
DvCaAa
YnPaAa
CuSaAa
CcDaAa
HrJbAa
OpFaAa
HyAaAa
IoZaAa
UjAaAa
QwJbAa
PbAaAa
RcFbAa
CdAaAa
MkBaAa
BfPaAa
SfWbAa
ZaHbAa
XvYbAa
RmCaAa
MoAbAa
TmAaAa
OzMaAa
BmSaAa
UeYaAa
RjNaAa
MkDaAa
SyQaAa
VuKaAa
NnEbAa
OaYbAa
ZvPaAa
XyMaAa
CdAaAa
FvHaAa
YvRaAa
GlAaAa
XjMaAa
WlDaAa
TbCbAa
TpHaAa
QgKbAa
SbFaAa
RwNaAa
XfMaAa
VrAaAa
PjEbAa
BmSaAa
QgKbAa
PfAbAa
GmPbAa
BmSaAa
BpLaAa
TwEaAa
HkTaAa
GtUaAa
KuFaAa
KfAaAa
IcAaAa
GiAaAa
EpEaAa
XiWbAa
PhEaAa
ZzJbAa
LoIaAa
HyGbAa
VwMaAa
PjEbAa
GxBaAa
MsAbAa
CkRaAa
NhAaAa
ZvJbAa
EdYbAa
QlGaAa
EdYbAa
AuWbAa
WaZaAa
YvHaAa
TzAaAa
CaYaAa
QlTaAa
IwZaAa
UsKaAa
JiAaAa
BaAaAa
UiYaAa
HuOaAa
QyJbAa
StFaAa
FbBaAa
ReSaAa
SaQaAa
WyMaAa
PySbAa
XjMaAa
TaJaAa
MkBaAa
IbHaAa
RfNbAa
OtNbAa
AfPbAa
CwAaAa
HrEaAa
TaJaAa
QhEaAa
PhBaAa
CrAaAa
YbEaAa
ZaBbAa
QcEaAa
HtRaAa
VcIaAa
PfIaAa
LhYaAa
LiDaAa
AtTaAa
IiBaAa
CeGaAa
QsQaAa
UhVaAa
PbAaAa
HkBbAa
MzQbAa
AtTaAa
PfIaAa
ZsOaAa
YkHaAa
IsOaAa
GkHaAa
BaAaAa
KaUaAa
SuEaAa
AmAaAa
JmBbAa
TqMaAa
ZaPaAa
BaJaAa
GfFaAa
XeTaAa
FiJaAa
TsYbAa
OxAaAa
KiDaAa
FgAaAa
KmIaAa
BvFaAa
AjIaAa
LtDaAa
XiEbAa
IfKaAa
KfAaAa
NzEaAa
AqDaAa
IwZaAa
NhAaAa
IyAaAa
ZsOaAa
ZsBaAa
PcKbAa
PyFaAa
HrPaAa
MvMaAa
HrPaAa
ZxIaAa
ReSaAa
ExCaAa
RjNaAa
OtNbAa
SmCaAa
VuCbAa
ZcDaAa
ZaBbAa
GrNaAa
ZlJbAa
BaAaAa
BpGaAa
AoBaAa
BvBaAa
VeLbAa
KdQaAa
UeEaAa
YsBaAa
SnGaAa
GbSaAa
VaAaAa
KmEaAa
ZbTbAa
XqOaAa
GxFbAa
AvOaAa
WaAaAa
PvTbAa
MrWaAa
EyYaAa
IcAaAa
NtWaAa
JxNaAa
IcAaAa
DnGbAa
RgKaAa
IoZaAa
MxIbAa
TzAaAa
ZeNaAa
VaTaAa
LfBaAa
AfLaAa
BjLaAa
ZnBaAa
KoIaAa
LcFaAa
BvBaAa
XuDaAa
XrAaAa
YsCaAa
XgZaAa
YbEaAa
GlAaAa
CdAaAa
JzQaAa
UmAaAa
BqMaAa
CxFaAa
LkDaAa
NfBaAa
QfDaAa
OiQbAa
CyNaAa
WoYbAa
CwSaAa
ZaBbAa
JjFaAa
SiJbAa
IdSaAa
CcDaAa
PeAaAa
NkCaAa
KoBbAa
IcAaAa
ScRbAa
MwBaAa
JzPaAa
ReUbAa
PsAaAa
MtDaAa
NdEbAa
JyAbAa
KqGbAa
JfSaAa
DoSbAa
QfDaAa
QrFaAa
IyAaAa
IlCaAa
PhBaAa
XeCaAa
WgBaAa
BjNbAa
DlGbAa
EuYaAa
XlPaAa
WaAaAa
LrSbAa
QfIaAa
UeRaAa
GtUaAa
PuJbAa
NdIaAa
YvQaAa
VdAaAa
QpAaAa
HtAaAa
RbFaAa
BnLaAa
DnGbAa
EgAaAa
OyLaAa
JwZaAa
CvLbAa
BmSaAa
EyYaAa
UmAaAa
YuTbAa
NeQbAa
IoZaAa
EeDaAa
TkXaAa
WgBaAa
KqGbAa
PjWbAa
PyGaAa
ZtRaAa
KfAaAa
OpFaAa
RrFaAa
CmRaAa
YiTaAa
UaIaAa
OpKaAa
LwCaAa
TgXaAa
ZlAaAa
SfWbAa
PmPaAa
ElBaAa
IoZaAa
VeLbAa
ZgCaAa
OfHbAa
DeHaAa
PuJbAa
JyAbAa
HzFaAa
DaWaAa
QcEaAa
MsIaAa
GsBaAa
OuRbAa
IxSbAa
CoVbAa
BxDbAa
ZeNaAa
HxUaAa
LuLaAa
PySbAa
JpSaAa
MkAaAa
FnDaAa
HyAaAa
TzAaAa
GfFaAa
XgEaAa
UlUaAa
TaIaAa
MaBaAa
MbLbAa
DgAaAa
PdEbAa
UoBaAa
GfKbAa
KcFaAa
QzKaAa
VaOaAa
MfBaAa
SyQaAa
YoAaAa
SiJbAa
WoOaAa
XbEaAa
NaBaAa
BjAaAa
ZnBaAa
MlHbAa
VhPaAa
TrIaAa
HkTaAa
PaZbAa
DaWaAa
CeXaAa
DxLaAa
ToBaAa
TgYaAa
QmDbAa
KfAaAa
QcSaAa
EuDaAa
XmIbAa
DgJaAa
GeBbAa
BpLaAa
AfLaAa
XkMbAa
BfPaAa
OiUbAa
EqWaAa
UaXaAa
PuNaAa
LdCaAa
BnTbAa
EuDaAa
OhBbAa
RoJbAa
KfAaAa
JzQaAa
NvCbAa
MzQbAa
CjCaAa
QdNaAa
YlMaAa
PhBaAa
UcCaAa
RmJbAa
SlVaAa
MdZaAa
BkYaAa
GbQbAa
AnBbAa
EaLbAa
XkPbAa
VcWaAa
JrDaAa
YiIbAa
HqTaAa
MwBaAa
JcAaAa
MsHaAa
CwSaAa
EbNbAa
DxRbAa
HiIbAa
HcNaAa
AlNaAa
CdAaAa
MkBaAa
GwKbAa
LqHaAa
NfOaAa
VlUaAa
CkRaAa
FeJaAa
NvKaAa
XeAbAa
DeEaAa
IaLaAa
ZnBaAa
FvYbAa
VaAaAa
GzCaAa
KqBbAa
MfEaAa
CsPbAa
EnRbAa
UwSaAa
YbEaAa
HtRaAa
AvJaAa
ShCaAa
LdHaAa
ScQaAa
PbAaAa
SlIaAa
RgFbAa
RtCaAa
TrBbAa
OlEbAa
RjYbAa
GiAaAa
PwUaAa
VcWaAa
PeAaAa
EgEaAa
OaSaAa
TsSbAa
MzQbAa
QaVaAa
JhKaAa
BmVbAa
ScQaAa
WzXbAa
FbBaAa
MfRaAa
NoUbAa
ZuZaAa
UrIaAa
GrNaAa
HgHbAa
JmTbAa
KdRaAa
RtCaAa
MaNbAa
BmAaAa
PfDaAa
RtBaAa
AnGaAa
TbCbAa
MsIaAa
GcAbAa
ImTaAa
OfAbAa
NnAaAa
LuLbAa
YyGbAa
JpJbAa
KyDaAa
IwZaAa
UnUaAa
LsDbAa
YpPaAa
FtIaAa
FvHaAa
PfAbAa
LtXbAa
NfLbAa
FcObAa
OhCbAa
AtTaAa
NzYaAa
YbEaAa
VaOaAa
YoJaAa
GeBbAa
CcYaAa
BeBaAa
EeDaAa
BwEaAa
EdYbAa
UpAbAa
PyFaAa
PkMaAa
CdAaAa
OnEbAa
KdRaAa
KbCaAa
MwBaAa
PjWbAa
NzEaAa
BsYbAa
NkAaAa
LkDaAa
VgEbAa
BmSaAa
CdAaAa
DiXaAa
DcWaAa
UvLaAa
VhTbAa
OgQbAa
XwKaAa
GlAaAa
VdFaAa
PeAaAa
NoDbAa
UwEbAa
BjBaAa
LtXbAa
FeIaAa
WwGbAa
HxGaAa
IwDaAa
NvCbAa
DbKaAa
WpRbAa
LsFbAa
VfGbAa
OqNaAa
UlUaAa
NnAaAa
XqEbAa
ZnDaAa
MtYaAa
ZqTaAa
OxAaAa
XdAaAa
ZgCaAa
StBaAa
RjYbAa
NrCaAa
YgTaAa
IxQaAa
CrGaAa
VoCaAa
LdDbAa
WdYbAa
VsIbAa
NeFaAa
YnDaAa
WrUaAa
UpAbAa
HrEaAa
FhUbAa
MoNaAa
HvJbAa
MzQbAa
QdNaAa
KcFaAa
LjKaAa
IgIbAa
YbTbAa
QpAaAa
FdKaAa
KfAaAa
GiAaAa
MyObAa
VkOaAa
LsDbAa
DjDaAa
HvNaAa
AbFaAa
WeZaAa
RdSbAa
AxDaAa
RjYbAa
ApZaAa
YsCaAa
XjMaAa
VlDaAa
GiAaAa
NhHaAa
LrKaAa
EpEaAa
FsBaAa
FlPaAa
XuDaAa
RsPaAa
JfAaAa
BjNbAa
WlBaAa
WrRbAa
UcRaAa
HwVaAa
HuOaAa
FnDaAa
NzEaAa
KgUaAa
MdCaAa
RdSbAa
HtJbAa
UeMbAa
YsBaAa
HqFaAa
WaAaAa
YkBbAa
XeIaAa
QvDaAa
MhYaAa
ElBaAa
VwAaAa
TcQaAa
EpEaAa
BsYbAa
QeKaAa
MtDaAa
XwKaAa
GgCbAa
PuNaAa
CdAaAa
HtAaAa
UaJbAa
CcCaAa
AdLaAa
UoCaAa
ShCaAa
DgAaAa
JgDaAa
YfKbAa
LsFbAa
PhHbAa
KgUaAa
ZlAaAa
EjGbAa
NvWaAa
WaAaAa
EbBaAa
IoZaAa
FeTaAa
CsMaAa
RmJbAa
WxFaAa
NnAaAa
TsDaAa
PmPaAa
VgEbAa
OzEaAa
ZuJaAa
DiXaAa
OhBbAa
RwNaAa
QcEaAa
WiMbAa
KgUaAa
BpLaAa
XqOaAa
IiBaAa
GsBaAa
ZzCaAa
HlFbAa
GmWbAa
TzAaAa
GfKbAa
ZrEaAa
ShCaAa
NhHaAa
HdKbAa
EpEaAa
AoBaAa
AuObAa
XlBaAa
UdPaAa
MdZaAa
JuGbAa
EjPaAa
KiDaAa
TcHaAa
KoBbAa
NbObAa
KdQaAa
SvTaAa
XgBaAa
RnHaAa
YnPaAa
QcSaAa
AjYbAa
SlYbAa
NtWaAa
KzHaAa
KbUbAa
FsBaAa
NhEbAa
PbAaAa
UlUaAa
WiMbAa
WgRaAa
YsBaAa
WyKbAa
XdKaAa
TzAaAa
AuAaAa
BgYaAa
QfDaAa
EwSaAa
HvNaAa
NnEbAa
RoJbAa
UoCaAa
PxKaAa
OfHbAa
BcRaAa
ZxHaAa
PbNaAa
PhZaAa
WyMaAa
YsCaAa
EcLbAa
FeBbAa
KmEaAa
MrSbAa
KbDbAa
BvTaAa
RgJbAa
GtUaAa
KfAaAa
FgZaAa
JdBaAa
JmTbAa
WgGaAa
FzFbAa
CaAaAa
AhDaAa
MpXbAa
CoCaAa
JyAbAa
FdKaAa
JdEaAa
ZnBaAa
NkAaAa
EbBaAa
IvRaAa
KpYaAa
GjUbAa
XgZaAa
FpEaAa
MqAbAa
AaQaAa
MdObAa
RbPaAa
GsBaAa
KdEaAa
ToBaAa
AlNaAa
BqDaAa
XeIaAa
GvIaAa
JnYaAa
FiGaAa
PmKbAa
TaJaAa
KmEaAa
NhJaAa
PxGbAa
SpTbAa
ZsBaAa
IbHaAa
VdFaAa
CxFaAa
GiAaAa
PpFaAa
YsBaAa
WcLbAa
OqNaAa
DsIbAa
ZrEaAa
LtMaAa
MtYaAa
AnBbAa
GkGaAa
YkHaAa
HzGaAa
RnHaAa
TuXaAa
DlGbAa
RbFaAa
MfLbAa
YuGbAa
IiAaAa
KdQaAa
JuUbAa
IoZaAa
LdDbAa
JfAaAa
XbEaAa
VwAaAa
ScFbAa
KmNaAa
LtDaAa
MzKbAa
EnUbAa
FfMaAa
WlBaAa
KmEaAa
WsCbAa
XoKaAa
ZlCaAa
ZlAaAa
PmKbAa
BsDaAa
XjPaAa
LgTbAa
KgUaAa
UcJaAa
DbKaAa
GbSaAa
XiWbAa
ZuJaAa
FnDaAa
CjCaAa
YsBaAa
TmAaAa
GsCaAa
LjKaAa
OiQbAa
HhFaAa
ZsOaAa
DgAaAa
UeGaAa
FyVaAa
HqFaAa
BbBbAa
EeZaAa
TzAaAa
EpNaAa
VcJbAa
XmOaAa
PuNaAa
WaAaAa
NkAaAa
RzOaAa
LdDbAa
CuXaAa
MlHbAa
MwBaAa
MfBaAa
WlDaAa
IkEaAa
NeQbAa
MdJaAa
VwAaAa
BnBbAa
FbEaAa
DgAaAa
JzBaAa
SlVaAa
JuUbAa
ElBaAa
KiDaAa
UhYbAa
JqAaAa
UuMaAa
UpAbAa
LyVbAa
XuDaAa
CaAaAa
DlGbAa
NoUbAa
FzFbAa
TjAaAa
NfBaAa
VyIbAa
LdCaAa
VdAaAa
SlNaAa
KvAaAa
KiDaAa
VaAaAa
ZaPaAa
UrDbAa
ScRbAa
WlRbAa
VyEaAa
EgEaAa
ShDaAa
PeAaAa
VwMaAa
CqMbAa
KiDaAa
TjVaAa
GmJaAa
KiNaAa
WpNaAa
JfAaAa
BiJbAa
YbBaAa
TwEaAa
VpUaAa
GkHaAa
AjNbAa
ZnBaAa
LaKaAa
FzLaAa
TrIaAa
KmEaAa
AjIaAa
PkKbAa
BvBaAa
KbUbAa
RtBaAa
OdBbAa
SpVaAa
XeBbAa
KrYbAa
JpJbAa
KfAaAa
KtXaAa
BxDbAa
JoHaAa
GfKbAa
NvCbAa
PkKbAa
RdSbAa
QcEaAa
MaBaAa
WyMaAa
FiEbAa
LdCaAa
CoCaAa
QhBaAa
IlLbAa
KvSbAa
WgGaAa
VoCaAa
BmObAa
DsIbAa
SaQaAa
AnBbAa
KiIaAa
EgVbAa
WpNaAa
NxTbAa
UtFbAa
TrBbAa
VlUaAa
BfPaAa
CkXaAa
HqNbAa
YlMaAa
VcWaAa
HlQbAa
SoYaAa
KqGaAa
YkZaAa
RyIaAa
RiFaAa
MkAaAa
EmKaAa
ZlJbAa
BvFaAa
LdHaAa
DgMbAa
EyIbAa
FoAaAa
FvHaAa
ZhFaAa
LcFaAa
CcDaAa
SmCaAa
KdEaAa
FuDaAa
MtKaAa
CeGaAa
NeQbAa
FpDbAa
ErUaAa
MsHaAa
AiFaAa
LbJaAa
KrSaAa
VaAaAa
HqFaAa
IiNbAa
AuWbAa
PwUaAa
QcEaAa
VaAaAa
XjMaAa
BiDbAa
ZgCaAa
UcJaAa
CeGaAa
ToHbAa
ReSaAa
OdIaAa
WoOaAa
QcBaAa
CeEaAa
DtLbAa
DjUaAa
EsCbAa
IhKbAa
HyKaAa
IuJaAa
WzYbAa
WoOaAa
LiUaAa
OxAaAa
PiRbAa
PhBaAa
ZkTaAa
VuKaAa
GzFbAa
EoKaAa
TwEaAa
ZmZaAa
WmIbAa
JhKaAa
PhBaAa
MzKbAa
LdCaAa
XtIaAa
KpYaAa
WeEbAa
ZlAaAa
TjAaAa
IiNbAa
IgDaAa
TaJaAa
HfKaAa
PrOaAa
PmPaAa
JdBaAa
CvBaAa
OzMaAa
NkAaAa
VcIaAa
PvDaAa
ZgIaAa
JdBaAa
LvEbAa
RwNaAa
GmJaAa
LiUaAa
OwBaAa
XgZaAa
TjAaAa
CxDbAa
XxCaAa
OlCbAa
GnDbAa
YvHaAa
WrRbAa
EuDaAa
IxQaAa
XbEaAa
BkYaAa
EeDaAa
ArVaAa
PeAaAa
XxYbAa
CjBaAa
QjEaAa
JcAaAa
BvFaAa
DpUaAa
KrSaAa
EaLbAa
SfUaAa
DjTbAa
KbUbAa
NoDbAa
SlYbAa
MoNaAa
ZuOaAa
GfFaAa
PwIaAa
LiDaAa
CjCaAa
JcAaAa
UmFaAa
EcLbAa
KdQaAa
GmJaAa
MnWaAa
IdSaAa
ZlCaAa
MnWaAa
LdCaAa
ShDaAa
FyVaAa
RrZaAa
DqBaAa
RmLbAa
EhVaAa
DkKaAa
UnNaAa
TsXaAa
NxMaAa
CaAaAa
DkKaAa
WoCaAa
TiKaAa
WcLbAa
ZlJbAa
GiAaAa
BxTaAa
GcAbAa
OgQbAa
KcPaAa
TzTaAa
PxAaAa
WzMbAa
FzFbAa
FoIbAa
PkKbAa
GpLbAa
EbBaAa
UeRaAa
FfMaAa
KiCaAa
RbPaAa
IzFaAa
IpQaAa
MdObAa
HaHbAa
ZnDaAa
GiCbAa
BuAaAa
IgIbAa
ZeNaAa
NnAaAa
ZbEaAa
TgXaAa
TzAaAa
YbEaAa
YjQbAa
UwSaAa
ZvNaAa
OpFaAa
IiBaAa
LrKaAa
TsSbAa
MoEaAa
PjEbAa
YyGbAa
SvTaAa
HtAaAa
QzKaAa
IcLaAa
StBaAa
EoKaAa
NpPbAa
HtNaAa
UcDbAa
CoMbAa
VcIaAa
DbKaAa
CpBbAa
VcDaAa
GbSaAa
LgTbAa
EpEaAa
ZnBaAa
AjNbAa
IyAaAa
UrIaAa
LhYaAa
NrCaAa
ZnDaAa
RjNaAa
JpSaAa
MyBbAa
OhCbAa
HrQaAa
EuDaAa
RmCaAa
IhFbAa
FsCaAa
SfPbAa
GkBbAa
WeZaAa
BpGaAa
TcDbAa
JzIaAa
KbDbAa
EzDaAa
OcZbAa
IcAaAa
MkBaAa
OaTbAa
VgRaAa
AfLaAa
JnYaAa
HzCaAa
SnIaAa
SnBbAa
PgFaAa
IgDaAa
RxLbAa
LiUaAa
RtBaAa
UeEaAa
JrObAa
CaUbAa
YiTaAa
MwBaAa
YkCbAa
OaZbAa
UpFbAa
MwBaAa
WoEbAa
MwBaAa
YeIbAa
ZlAaAa
AhXbAa
YaFaAa
HjRbAa
CtBbAa
MfEaAa
BsXaAa
VxLaAa
ZgCaAa
WwEbAa
HzRaAa
HrJbAa
WcDaAa
XeTaAa
GyGbAa
CmXaAa
VaAaAa
ZnDaAa
ZlCaAa
JfAaAa
MpXbAa
VxLaAa
GiCbAa
SoBaAa
MtKaAa
RhIaAa
EuYaAa
WpNaAa
WpNaAa
RbVbAa
BmAaAa
FyVaAa
BaAaAa
MsAbAa
RbFaAa
VaWaAa
YiIbAa
OqNaAa
XzWbAa
KaUaAa
IcAaAa
BjBaAa
MwBaAa
GiAaAa
KqIaAa
BeBaAa
IyAaAa
GcAbAa
VrUbAa
DwAaAa
SlLaAa
EtRbAa
KmEaAa
IhFbAa
CcCaAa
VlDaAa
EnUbAa
WaAaAa
GcAbAa
NaEaAa
PjSbAa
EgVbAa
AjPbAa
BxDbAa
EuYaAa
RyBaAa
RmCaAa
ZsCaAa
LfSaAa
JbGaAa
FgZaAa
VsIbAa
JoVaAa
MxIbAa
PhZaAa
MbRbAa
CrAaAa
DsIbAa
LiUaAa
OzEaAa
PqEaAa
SoDaAa
VuCbAa
JjSaAa
DsEbAa
NeFaAa
CwAaAa
QsQaAa
OfHbAa
EpEaAa
IsTaAa
AfWbAa
VaWaAa
MhWaAa
KdEaAa
InBaAa
EbBaAa
HsOaAa
GzCaAa
HlAaAa
CuSaAa
JdEaAa
CqYaAa
ZzCaAa
EpEaAa
SnIaAa
ReSaAa
IiBaAa
MxXaAa
MkAaAa
ReSaAa
NnAaAa
ZhFaAa
HcNaAa
FrLbAa
NtWaAa
KvAaAa
KcAaAa
EgAaAa
DgAaAa
RrJaAa
OgQbAa
ZaBbAa
OhCbAa
ZlJbAa
KrSaAa
OlCbAa
OpOaAa
QpAaAa
ZgIaAa
YkBbAa
PxKaAa
GmPbAa
DzTaAa
KfAaAa
ItAaAa
VuCbAa
DvCaAa
KqGbAa
FtIaAa
HxUaAa
NjZbAa
DbKaAa
SqObAa
ReSaAa
VpQbAa
ZaFaAa
YaFaAa
WcTaAa
EuDaAa
WcLbAa
TzJaAa
QcEaAa
GkHaAa
QfTaAa
StBaAa
ZxIaAa
MtYaAa
RoDaAa
MpXbAa
DdXbAa
JfSaAa
OjHaAa
ChUaAa
AzAaAa
KhFbAa
JnQaAa
UeGaAa
XdKaAa
JqAaAa
EsWaAa
QzKaAa
OpFaAa
PbAbAa
TvFaAa
TjVaAa
NrCaAa
DiYaAa
XcLbAa
MiGbAa
GxBaAa
NkAaAa
UoCaAa
YsBaAa
PvTbAa
ZsBaAa
NdWaAa
CrGaAa
BsDaAa
BcHaAa
BvFaAa
YiEbAa
UcJaAa
QhTaAa
DyEaAa
DcWaAa
UnEaAa
FtHaAa
DzDaAa
AoJbAa
YyOaAa
LlFaAa
VgEbAa
XiEbAa
UnUaAa
BxTaAa
EsCbAa
AcHaAa
HvQaAa
AjIaAa
AlLaAa
EcZaAa
ZxHaAa
DdFaAa
JwUbAa
WrUaAa
BaAaAa
KbQaAa
SxUbAa
AhCaAa
BfPaAa
GnDaAa
IcAaAa
VhTbAa
EdYbAa
NnWaAa
RhBaAa
AwPaAa
JkNaAa
DoXbAa
WqXbAa
MtYaAa
ViWaAa
OpFaAa
OpFaAa
DoXbAa
WlDaAa
DcIaAa
GnDaAa
JjSaAa
MwBaAa
TfPbAa
RyBaAa
OhCbAa
YkBbAa
MfGaAa
BpGaAa
OpKaAa
IhFbAa
GnDaAa
MtDaAa
EpEaAa
YsCaAa
PbAaAa
BzAaAa
AcHaAa
NhJaAa
KoBbAa
OpCbAa
XxXbAa
DqBaAa
UrGaAa
CcDaAa
ZuZaAa
KaWbAa
WgEaAa
EuDaAa
LgTbAa
DxRbAa
HiEaAa
VhPaAa
YbSaAa
KdGaAa
MkAaAa
NnEbAa
FsBaAa
YsBaAa
AhCaAa
XgEaAa
GzCaAa
IdSaAa
WlUbAa
XfMaAa
ScRbAa
RcFbAa
JnYaAa
WoOaAa
RsQaAa
EiRaAa
FuYaAa
OsUaAa
CqYaAa
DxLaAa
PyRaAa
PfDaAa
BcRaAa
CeXaAa
LxEaAa
GjRbAa
UnNaAa
BpHaAa
DaWaAa
ZmZaAa
EsSaAa
MtXbAa
MxIbAa
YbTbAa
KoBbAa
YiZaAa
MwBaAa
FpEaAa
RpVaAa
NfWaAa
LmEaAa
DhTbAa
TpHaAa
OpFaAa
GzCaAa
RmYaAa
IiAaAa
HrJbAa
AjNbAa
BmVbAa
UvBaAa
OkPaAa
HdKbAa
BmObAa
EvVbAa
XxXbAa
XqOaAa
ZxHaAa
SnBbAa
OpFaAa
OqNaAa
YsCaAa
TkFaAa
MvMaAa
FbYbAa
HzGaAa
MdObAa
MnHbAa
VzDaAa
FvGaAa
IiBaAa
DgAaAa
KaIbAa
UmMbAa
CwAaAa
ZrPaAa
QcBaAa
GdMaAa
OhCbAa
CmXaAa
GiCbAa
XbEaAa
RoMaAa
IwDaAa
OjJaAa
QvDaAa
EbNbAa
AoBaAa
TiQaAa
AjIaAa
BsDaAa
RgJbAa
TdPaAa
DqYbAa
ZnBaAa
BcGaAa
KwDaAa
ZnBaAa
GbSaAa
NfVbAa
CaDbAa
IyAaAa
RwPaAa
MtDaAa
IiNbAa
YoNbAa
VaAaAa
ZgIaAa
WrUaAa
AtTaAa
XlBaAa
WeZaAa
PbAaAa
PxAaAa
AqDaAa
OhAaAa
GiAaAa
NlEbAa
PcKbAa
GjRbAa
EuDaAa
MdObAa
VhTbAa
LtXbAa
ZqFaAa
TqMaAa
NdMbAa
SoBaAa
MwBaAa
RiSaAa
AzAaAa
VhTbAa
NhAaAa
ZaFaAa
CuSaAa
BvFaAa
WgVbAa
SdLaAa
RsJbAa
QrJaAa
CuSaAa
JaSbAa
XdKaAa
JmBbAa
XlDaAa
UyEbAa
TjAaAa
OsUaAa
IeWbAa
MvMaAa
VuKaAa
VdAaAa
DcIaAa
BpLaAa
MwBaAa
VuIbAa
UvBaAa
TmVbAa
PgQbAa
RnZaAa
ZaBbAa
FxBaAa
QjEaAa
AhCaAa
WmIbAa
WaAaAa
EuDaAa
NdIaAa
UsPbAa
NtWaAa
CaXaAa
DcWaAa
WqEbAa
RvJaAa
TgXaAa
TbCbAa
LdHaAa
IwZaAa
DiObAa
VuCbAa
MtKaAa
FeCaAa
ZlAaAa
RfNbAa
LiUaAa
WxFaAa
NqKbAa
OkAaAa
GmCbAa
UvBaAa
JbGaAa
BlEaAa
UqYaAa
ErUbAa
FdKaAa
UvLaAa
CrGaAa
ZlCaAa
MlKaAa
JgLaAa
MxIbAa
FhUbAa
BjLaAa
OpKaAa
PfDaAa
CzDaAa
JhFbAa
MmGbAa
TkXaAa
MjZbAa
EeObAa
LsDbAa
VyQbAa
ZxUaAa
ShCaAa
AuWbAa
QyBaAa
MwBaAa
IgIbAa
MoEaAa
BcRaAa
NaEaAa
HgCaAa
YnDaAa
PhTaAa
LdCaAa
ZuZaAa
MwBaAa
JjSaAa
OhHbAa
JzBaAa
DwXaAa
BnBbAa
NkAaAa
WlBaAa
MbLbAa
PfCaAa
AlEaAa
PuNaAa
DmWaAa
TlNaAa
EeZaAa
PhTaAa
JqAaAa
BoRaAa
RhBaAa
RtJaAa
MpSbAa
DsIbAa
BnIaAa
ScQaAa
BvFaAa
OaGbAa
UyNaAa
BaAaAa
NoUbAa
PbNaAa
QyBaAa
PjEbAa
ZlCaAa
OpFaAa
GlAaAa
BfPaAa
PbNaAa
CcDaAa
KiCaAa
KbUbAa
QlTaAa
RaDaAa
HkWbAa
FbEaAa
EsCbAa
ZfKaAa
EdYbAa
FnDaAa
WmKaAa
TkFaAa
JwJaAa
PxKaAa
PrNbAa
IgDaAa
JwJaAa
MrYaAa
QlGaAa
GyGbAa
AtTaAa
GzCaAa
LiDaAa
BaAaAa
CdAaAa
EbBaAa
QlTaAa
RbFaAa
VaAaAa
LgTbAa
LvEbAa
PwUaAa
HrJbAa
UnNaAa
BpLaAa
PjWbAa
YaFaAa
GiBbAa
ImHaAa
XwKaAa
OkCaAa
QdHbAa
SqDaAa
SxDaAa
YyOaAa
InMaAa
ZiJaAa
TmAaAa
MwBaAa
CxFaAa
KrSaAa
UwEbAa
EeObAa
UhVaAa
CbIbAa
EaTaAa
BeBaAa
VzAaAa
HvNaAa
OiQbAa
JxNaAa
WaAaAa
RyPaAa
MbLbAa
TpHaAa
TmSaAa
IcAaAa
CjCaAa
UpAbAa
SgKaAa
NhEbAa
YjQbAa
NzSaAa
ZaPaAa
KaSbAa
QdWbAa
MsLaAa
GeBbAa
JuUbAa
HyAaAa
NqKbAa
WdAaAa
XbEaAa
IbHaAa
BcGaAa
NhAaAa
RpVaAa
SlEaAa
OxGbAa
CcDaAa
DgAaAa
OiQbAa
DhPaAa
QzOaAa
ZwOaAa
OpFaAa
OiQbAa
ZrEaAa
WoEbAa
UeGaAa
UcJaAa
DsIbAa
PmBaAa
EvHbAa
CwAaAa
RvJaAa
LsFbAa
SgJbAa
ZvPaAa
BiKaAa
DgAaAa
EuDaAa
ZvPaAa
JgLaAa
CrGaAa
TpHaAa
PbAaAa
OzMaAa
DgJaAa
UeRaAa
WgBaAa
TlIaAa
CdAaAa
GlAaAa
HvNaAa
HrJbAa
TzAaAa
TcHaAa
VcXaAa
ImHaAa
OhBbAa
MuGaAa
WoFaAa
YkZaAa
CjCaAa
HrQaAa
RxLbAa
GjRbAa
YaFaAa
GkJaAa
ApZaAa
UzObAa
VrIaAa
ZqTaAa
CrGbAa
MzEbAa
LaKaAa
GaNaAa
KuFaAa
SlIaAa
JrXaAa
CxFaAa
HmWbAa
KkYbAa
XeZaAa
VcWaAa
DcWaAa
BdPaAa
ToXaAa
KmTbAa
MrKaAa
IeWbAa
PfDaAa
FsBaAa
JzBaAa
SoYaAa
DoSbAa
VwAaAa
RuPaAa
CwAaAa
SmCaAa
VuCbAa
KcAaAa
RpVaAa
CdAaAa
EuDaAa
HrPaAa
PfCaAa
WyMaAa
MjAbAa
VwAaAa
RyPaAa
AfLaAa
KdQaAa
CcDaAa
AuWbAa
YbEaAa
RiFbAa
KyTaAa
ApZaAa
WgGaAa
PhBaAa
DqBaAa
UoCaAa
PvQbAa
LxXaAa
DwAaAa
CmXaAa
DxLaAa
XeTaAa
IiBaAa
CkRaAa
VgRaAa
CwAaAa
HaHbAa
PcKbAa
TjAaAa
LmEaAa
VjCaAa
JrObAa
FfFaAa
PvDaAa
CcDaAa
RcFbAa
KyDaAa
KiDaAa
IoZaAa
QjWbAa
EnUbAa
CdAaAa
SaDaAa
PeAaAa
VjDaAa
OqRbAa
VxFaAa
IgDaAa
UtFbAa
ScRbAa
TtFaAa
HtRaAa
BjAaAa
XeIaAa
PgFaAa
FeBbAa
IpQaAa
XeDaAa
OwGaAa
RcEaAa
UpHaAa
LlRaAa
JcAaAa
EvHbAa
DpUaAa
WcTaAa
DxLaAa
TgXaAa
GfFaAa
WdYbAa
FvHaAa
KkEaAa
CmRaAa
WzDaAa
DcDaAa
DvVbAa
KgPbAa
QtTbAa
BsXaAa
QaVaAa
PfCaAa
HlAaAa
AtTaAa
HkTaAa
PhBaAa
MyVbAa
LiDaAa
GiAaAa
PjZaAa
EtGaAa
OxAaAa
KmTbAa
WaAaAa
KvAaAa
TzAaAa
VrAaAa
AuAaAa
HyKaAa
OoRbAa
OfHbAa
TiKaAa
ZxHaAa
LqHaAa
PsUaAa
CcDaAa
DeHaAa
HtAaAa
QcSaAa
UoCaAa
OhAaAa
ZzGaAa
MkAaAa
KqIaAa
BpGaAa
TiJbAa
IwDaAa
PbAaAa
GmJaAa
CqMbAa
EeVbAa
XbMaAa
MfEaAa
LwCaAa
TiKaAa
OkPaAa
AzAaAa
PjBbAa
IcNaAa
HrJbAa
IiNbAa
MvMaAa
KhQaAa
MkBaAa
WpRbAa
IcAaAa
ZjMaAa
UhGbAa
KqIaAa
BiKaAa
MwBaAa
FtHaAa
DgAaAa
HuOaAa
EgHaAa
AcHaAa
AgKaAa
YfKbAa
HiEaAa
LcFaAa
BjAaAa
BkYaAa
MfRaAa
SaQaAa
MpSbAa
OaTbAa
HuOaAa
IiBaAa
QbLaAa
IcAaAa
CaYaAa
BaAaAa
RmCaAa
HyAaAa
XmCbAa
UaJbAa
DsKaAa
StFaAa
XdAaAa
PmPaAa
JfAaAa
EiRaAa
PhHbAa
PkKbAa
FmKaAa
EaRbAa
ScRbAa
EpEaAa
IeWbAa
XbQbAa
ImTaAa
ImBbAa
OfGaAa
KoBbAa
NkAaAa
RdSbAa
TpLaAa
VxFaAa
CxVbAa
RjYbAa
PsUaAa
ZhFaAa
DcIaAa
ItEaAa
UoCaAa
MkBaAa
HkWbAa
MsAbAa
ZnBaAa
CjCaAa
FyVaAa
OjMbAa
StBaAa
BjAaAa
WaAaAa
VoWaAa
UrHaAa
JfSaAa
PySbAa
DsSaAa
VsIbAa
DxFaAa
FxBaAa
OkCaAa
QfIbAa
XiGaAa
MkAaAa
EvRbAa
OfAbAa
YfMaAa
GvIaAa
PqEaAa
CdAaAa
QyBaAa
EwIbAa
YqJaAa
KfAaAa
KtXaAa
EuDaAa
WrUaAa
OcMaAa
PkMaAa
BdPaAa
DlGbAa
LbJaAa
TfPaAa
LzEbAa
FsBaAa
PfIaAa
TjVaAa
DiXaAa
BiKaAa
EdYbAa
EuDaAa
HpPaAa
WpRbAa
VrAaAa
LhXaAa
JoVaAa
LtXbAa
JfAaAa
OlCbAa
ZqJaAa
RiFaAa
HkTaAa
RuObAa
ScRbAa
IdKbAa
NkCaAa
DsSaAa
UuMaAa
QcBaAa
ClTbAa
TmAaAa
WqEbAa
CoCaAa
KbDbAa
LdCaAa
FgGaAa
EtIaAa
UaJbAa
MwBaAa
HrQaAa
YpPaAa
JzHaAa
NnAaAa
YuTbAa
QmLbAa
OeVaAa
FfFaAa
KiDaAa
IxUaAa
OhAaAa
JfSaAa
VwAaAa
MaBaAa
SfNaAa
YeIbAa
FyVaAa
MxSaAa
IvIaAa
FsBaAa
PhBaAa
TpLaAa
WgEbAa
HgTaAa
VuKaAa
ViHbAa
VdFaAa
MwBaAa
DoSbAa
LgTbAa
IvXbAa
GoCbAa
CwAaAa
YkBbAa
AnGaAa
UwEbAa
RcFbAa
MsIaAa
RcBaAa
OqRbAa
BvFaAa
IsFaAa
AlEaAa
FvGaAa
PuNaAa
ZlJbAa
EtRbAa
NvKaAa
CaYaAa
RtCaAa
PfDaAa
FsCaAa
BmAaAa
GkCbAa
AqQaAa
FlPaAa
XaAaAa
FzFbAa
AcHaAa
ShCaAa
SpZaAa
OpOaAa
EeZaAa
EvRbAa
OjMbAa
TqMaAa
EbNbAa
RoMaAa
KfAaAa
RiSaAa
LsFbAa
OpFaAa
RcBaAa
NvMaAa
WgOaAa
ZlAaAa
OaTbAa
RfNbAa
ZlAaAa
XuDaAa
LtMaAa
NnAaAa
DaAaAa
LdDbAa
KfAaAa
OlEbAa
KbDaAa
OfAbAa
BkSaAa
OjXbAa
SvTaAa
BgYaAa
OhCbAa
UoCaAa
ByNaAa
ZrPaAa
TcDbAa
EuKaAa
ZeNaAa
LyDaAa
AmAaAa
SpTbAa
BkSaAa
HqFaAa
BzJaAa
GpLbAa
KpYaAa
KtXaAa
XjMaAa
XjPaAa
CeXaAa
ImBbAa
BwEaAa
XlBaAa
DgAaAa
MsLbAa
FjMaAa
VyEaAa
IhFbAa
EeVbAa
GsBaAa
DhPaAa
KqBbAa
GbYbAa
OxAaAa
EoFaAa
BjAaAa
NhJaAa
KtXaAa
FoAaAa
GwVaAa
NqKbAa
VjBaAa
BaAaAa
LtDaAa
WaAaAa
NtWaAa
XgBaAa
TbUaAa
FoKaAa
KmEaAa
JfAaAa
QtJaAa
BbWbAa
KfAaAa
AuAaAa
RtCaAa
WaAaAa
NwBaAa
LdCaAa
CvCaAa
ViHbAa
VxLaAa
XfMaAa
AaGaAa
AfLaAa
TkFaAa
RvDaAa
CcCaAa
HlLbAa
RbFaAa
KvPbAa
TaDaAa
MfRaAa
GzFbAa
AlNaAa
XxCaAa
BvFaAa
QlBbAa
GjUbAa
InBaAa
UvVbAa
VdAaAa
IhFbAa
SwNaAa
DhTbAa
EoFaAa
IeWbAa
NkCaAa
CaAaAa
XlBaAa
UuMaAa
IeWbAa
IiNaAa
MkBaAa
IeWbAa
NhHaAa
GfFaAa
JrDaAa
TcHaAa
YsBaAa
SaDaAa
EqCaAa
LuLaAa
PhBaAa
CaYaAa
UtFbAa
WqIbAa
TrIaAa
CjCaAa
LsDbAa
ZkGaAa
TzJaAa
MqFbAa
RwPaAa
JuUbAa
CdAaAa
RwPaAa
BaAaAa
UwXaAa
NeQbAa
JqAaAa
PeAaAa
UsKaAa
RhIaAa
EvFbAa
HyAaAa
TxVbAa
QjWbAa
RwPaAa
MkAaAa
ToHbAa
JdFbAa
RdSbAa
VkOaAa
JaSbAa
IxQaAa
DnEaAa
YzLaAa
BzAaAa
SkFaAa
TgYaAa
YyOaAa
VvBbAa
CaRaAa
YsCaAa
IiEaAa
ShDaAa
ZnDaAa
OqNaAa
EuYaAa
TaJaAa
TcDbAa
AvTaAa
DqYaAa
YlMaAa
TgQaAa
BpHaAa
VcWaAa
NeQbAa
AnGaAa
NqUaAa
OkUbAa
IeWbAa
WnUbAa
UzObAa
UeBaAa
AsQaAa
PkMaAa
KmNaAa
PhEaAa
PhBaAa
PhEaAa
WzYbAa
FsCaAa
GdMaAa
SnBbAa
LtDaAa
ZuOaAa
CaAaAa
PwUaAa
BzAaAa
DnGbAa
ImBbAa
OqNaAa
QdWbAa
NxMaAa
NkCaAa
VaAaAa
CqMaAa
OhCbAa
CkRaAa
QzOaAa
CwAaAa
EaTaAa
PuJbAa
HlAaAa
KaUaAa
MuGaAa
FcObAa
XiWbAa
AtTaAa
NeQbAa
DmRaAa
JtQaAa
YtIaAa
VeHaAa
KlQaAa
MxEbAa
KnCaAa
DgAaAa
QbLaAa
SaDaAa
FfQbAa
ZrPaAa
LgPaAa
VqBaAa
EoSbAa
SmQaAa
UsKaAa
KrSaAa
PuUaAa
XzLaAa
CrAaAa
NkCaAa
QnTaAa
VrAaAa
VdFaAa
WcLbAa
VdAaAa
ToYaAa
RdNaAa
KqGbAa
VmXbAa
PySbAa
IpQaAa
FvHaAa
CeGaAa
DjCaAa
TzAaAa
ZlJbAa
PeAaAa
ScQaAa
KxPbAa
FsBaAa
DlGbAa
LaCbAa
EnRbAa
QdWbAa
RcEaAa
JzUaAa
FiEbAa
HgCbAa
NvCbAa
EyNbAa
RmYaAa
PqEaAa
GkBbAa
HdKbAa
FpNaAa
ZuJaAa
EuDaAa
KfAaAa
YpVbAa
JzBaAa
NoEaAa
EgWaAa
JoVaAa
XeCaAa
ArTbAa
QwIaAa
EuDaAa
NwFbAa
QzOaAa
YyGbAa
WiMbAa
SlYbAa
PxAaAa
YsCaAa
MiGbAa
QlHaAa
GsCaAa
FsBaAa
NhJaAa
RfNbAa
KmEaAa
WxLaAa
RuObAa
YsCaAa
SoBaAa
KuCaAa
WgEaAa
ExCaAa
RpAaAa
SxUbAa
JhSaAa
WdAaAa
LzXaAa
QyJbAa
QbAaAa
WdYbAa
TiJbAa
JdEaAa
HyAaAa
QtJaAa
MuBbAa
WpKbAa
ZvNaAa
YsCaAa
QfIbAa
SnHaAa
NlOaAa
OvCbAa
HrEaAa
AuAaAa
BiDbAa
ZmZaAa
UmAaAa
GzCaAa
EeZaAa
QhBaAa
CxFaAa
CmRaAa
UcJaAa
EuYaAa
PhEaAa
ErLbAa
CqYaAa
LtXbAa
WrUaAa
GqWaAa
ZqTaAa
AuAaAa
JzBaAa
NtWaAa
YsBaAa
XeTaAa
AyIaAa
SjYbAa
QcEaAa
WaAaAa
QpAaAa
GlPaAa
ShDaAa
XbBaAa
AzAaAa
EgHaAa
CrGaAa
BvFaAa
RtBaAa
NzSaAa
KiCaAa
VhPaAa
RxLbAa
JsVaAa
MdVbAa
VoWaAa
PcKbAa
TjAaAa
VaAaAa
KmNaAa
KuCaAa
RhIaAa
FdKaAa
OhBbAa
KqIaAa
FgAaAa
RpVaAa
CjCaAa
XwAaAa
OhAaAa
ZmZaAa
WaAaAa
BdPaAa
BxDbAa
DsSaAa
FqPbAa
XdAaAa
HgCaAa
HzFaAa
SfPbAa
GsBaAa
NhEbAa
SsWbAa
OjJaAa
WcLbAa
PrNbAa
JjSaAa
DdFaAa
TbCbAa
OfVbAa
WeZaAa
PkMaAa
RmCaAa
XxCaAa
QyBaAa
ZgCaAa
KbDbAa
RtBaAa
WdYbAa
WwGbAa
IsFaAa
BfPaAa
EcLbAa
InMaAa
ZgCaAa
ZlJbAa
KnObAa
EpEaAa
IdSaAa
VmWaAa
LtMaAa
NzEaAa
XgBaAa
QjIbAa
FsCaAa
PeAaAa
GkJaAa
HlAaAa
MxSaAa
TpGbAa
CeXaAa
PjSbAa
SoSaAa
SoYaAa
NlOaAa
CeEaAa
UhVaAa
JuUbAa
YrRaAa
WpNaAa
ZaPaAa
MxSaAa
VdAaAa
LqHaAa
XdAaAa
KfAaAa
LwCaAa
AiJbAa
WdAaAa
FbBaAa
PfDaAa
RwPaAa
AuAaAa
EyNbAa
MkAaAa
VaAaAa
BdPaAa
EoKaAa
KfAaAa
YbTbAa
YiTaAa
JdBaAa
FvGaAa
TrIaAa
UeGaAa
AjAaAa
GbTbAa
FwKaAa
WaAaAa
XiWbAa
MkAaAa
GwKbAa
UaXaAa
JgDaAa
AlEaAa
FtHaAa
IdSaAa
HtUaAa
CcDaAa
XvGaAa
KmEaAa
QuIaAa
BlIaAa
JfAaAa
WgEbAa
EgHaAa
WeOaAa
ScQaAa
NtWaAa
CjBaAa
AtBaAa
HsOaAa
CdAaAa
RyIaAa
KmNaAa
FvYbAa
YoAaAa
HyAaAa
YaFaAa
AnBbAa
FfFaAa
HvJbAa
TqMaAa
EqWaAa
TsYbAa
AlNaAa
QlBbAa
HvJbAa
CdAaAa
ZaBbAa
AqDaAa
BmObAa
SmCaAa
EqCaAa
QbLaAa
IcAaAa
TjAaAa
KgUaAa
LtDaAa
CdAaAa
MdOaAa
InMaAa
CwSaAa
BbSbAa
XeTaAa
KlSaAa
FeDaAa
VoSbAa
XpRbAa
UqYaAa
ZvNaAa
VcDaAa
WlBaAa
WvHbAa
YiTaAa
CnNaAa
BpGaAa
BjBaAa
DoXbAa
CwSaAa
XxYbAa
MkAaAa
JqAaAa
UoCaAa
QcEaAa
FfQbAa
EiXaAa
HdKbAa
ToHbAa
LiDaAa
MwBaAa
PbAaAa
OiUbAa
TeQaAa
LbJaAa
ObAbAa
CxFaAa
PkKbAa
SmCaAa
YbEaAa
DaOaAa
VrUbAa
KdFbAa
HgIaAa
HlAaAa
WrAaAa
WqBaAa
QwQaAa
VlDaAa
JfSaAa
UoCaAa
LkTbAa
VlDaAa
ZlJbAa
IdSaAa
MwBaAa
BaAaAa
NlOaAa
OfAbAa
FoIbAa
DlGbAa
LsLaAa
PmKbAa
RtJaAa
SaCaAa
PeKaAa
MnFaAa
DgAaAa
SaQaAa
LbJaAa
DcIaAa
JzIaAa
IsFaAa
AnBbAa
OjMbAa
WoKaAa
IcAaAa
QmMaAa
YsBaAa
KoIaAa
KoHaAa
ZlAaAa
CxFaAa
ShCaAa
AmAaAa
HrJbAa
FyVaAa
OlCbAa
BaAaAa
XcTaAa
PuIaAa
MbTaAa
OpKaAa
QlTaAa
MwBaAa
BpLaAa
VzDaAa
OgQbAa
DhTbAa
FsBaAa
OaTbAa
LbIaAa
SlYbAa
SlEaAa
YoAaAa
JdBaAa
QwRaAa
AhCaAa
QlTaAa
LkDaAa
ZnDaAa
KfAaAa
IzUaAa
SnBbAa
VhPaAa
NpPbAa
JcAaAa
QwUaAa
NyLaAa
MoEaAa
NjLbAa
UyWaAa
LxEaAa
LwCaAa
LcFaAa
AmAaAa
ToXaAa
MzQbAa
KbUbAa
DoSbAa
FnDaAa
TbUaAa
QcBaAa
KfAaAa
HzFaAa
RpVaAa
XuDaAa
DsIbAa
VwMaAa
ScRbAa
AzAaAa
RgKaAa
CwSaAa
PgFaAa
PmBaAa
BbSbAa
FvGaAa
LwCaAa
TcDbAa
OqRbAa
DxRbAa
DqBaAa
YqJaAa
VwMaAa
BjAaAa
JwUbAa
MdObAa
EsWaAa
NnAaAa
DrAaAa
InMaAa
TjAaAa
VuIbAa
GiAaAa
KqGaAa
OkAaAa
LdCaAa
UoMbAa
NdIaAa
TjVaAa
JrDaAa
ZqTaAa
WaAaAa
MbTaAa
FnDaAa
ImHaAa
NvCbAa
LxEaAa
YkBbAa
EeVbAa
PqEaAa
FnDaAa
LyTaAa
OxAaAa
ZsOaAa
CcCaAa
DsIbAa
TiLbAa
KbFbAa
LyVbAa
YiTaAa
SbFaAa
JkYbAa
MkAaAa
GmPbAa
DsSaAa
OpOaAa
SxDaAa
RbFaAa
AoBaAa
LzXaAa
SnGaAa
QyBaAa
OaZbAa
QpAaAa
RgFbAa
VjCaAa
YbTbAa
TzAaAa
FpEaAa
OlCbAa
AdLaAa
EmKaAa
RbPaAa
WwAaAa
CwAaAa
ZlAaAa
OxAaAa
YoNbAa
DcIaAa
GrNaAa
KfAaAa
JdBaAa
RjNaAa
AjNbAa
DmWaAa
KjLbAa
DeHaAa
UcDbAa
AvTaAa
XeCaAa
WyMaAa
GmWbAa
HkWbAa
JfAaAa
ErUbAa
NqUaAa
KyDaAa
GmJaAa
JoHaAa
WrUaAa
CdAaAa
AiFbAa
LfBaAa
FxFbAa
KqGbAa
FfFaAa
NrBaAa
RaGaAa
YbTbAa
EbNbAa
EdYbAa
XiWbAa
JrDaAa
MuFbAa
AuWbAa
CjCaAa
WdAaAa
ImBbAa
WqEbAa
GkJaAa
BiDbAa
ScEaAa
DcIaAa
EiRaAa
CzDaAa
HvJbAa
RxLbAa
ZlCaAa
QfIbAa
EaOaAa
QzOaAa
PbAaAa
NuFbAa
RmYaAa
SpTbAa
MdVbAa
VeRaAa
DoSbAa
KmVaAa
MpXbAa
CcDaAa
HyAaAa
DaFbAa
NlEbAa
ZaFaAa
LjQaAa
YmJaAa
HiEaAa
XeDaAa
JyJaAa
WsCbAa
FeCaAa
ZlAaAa
QzGbAa
HrEaAa
WgOaAa
ZaFaAa
NkCaAa
QlBbAa
CjCaAa
OlCbAa
WgGaAa
XeCaAa
OaTbAa
DoXbAa
DjTbAa
ZaFaAa
KqBbAa
YoNbAa
CeRaAa
DqBaAa
TjAaAa
KfAaAa
GzCaAa
MhMbAa
CmObAa
QzKaAa
NeFaAa
GiAaAa
KiDaAa
AfLaAa
TzJaAa
TaIaAa
CxFaAa
VwAaAa
ZiIbAa
BgYaAa
HzRaAa
WdAaAa
YkHaAa
EySaAa
PyRaAa
CzDaAa
OhEbAa
TvFaAa
SpZaAa
WqEbAa
PwIaAa
TkFaAa
HyAaAa
NeQbAa
EvFbAa
EgEaAa
JyAbAa
EqCaAa
AqDaAa
RhIaAa
UzObAa
UmAaAa
GnDaAa
GaFaAa
HfKaAa
RbPaAa
FnDaAa
ZgCaAa
TbUaAa
MrYaAa
JkIaAa
MdCaAa
LhYaAa
JdEaAa
RiFaAa
GrNaAa
NwFbAa
PhBaAa
HzRaAa
EmKaAa
GiBbAa
LtDaAa
OpPbAa
EoFaAa
JwUbAa
OjMbAa
GvIaAa
AuAaAa
ExFaAa
SaCaAa
FxFbAa
EcLbAa
VrAaAa
SfWbAa
CqMbAa
EqCaAa
MuBbAa
DrFbAa
PwHaAa
RrZaAa
ZsBaAa
DpUaAa
CmXaAa
AoBaAa
RuJbAa
HhFaAa
VuCbAa
CsPbAa
TgYaAa
MfEaAa
QlHaAa
FeDaAa
ZnBaAa
UxLbAa
YfKbAa
RyIaAa
PyRaAa
EgEaAa
TeQaAa
FpEaAa
VxLaAa
DcWaAa
SeRbAa
WlUbAa
DgMbAa
XgZaAa
RaGaAa
XpEaAa
QcBaAa
GgCbAa
LsFbAa
BuAaAa
PwYbAa
CwAaAa
KcFaAa
KaIbAa
XiGaAa
BaRaAa
PrNbAa
RjYbAa
MwBaAa
PySbAa
NcKaAa
KyJaAa
OhAaAa
LcUaAa
BaAaAa
SiJbAa
ErLbAa
VzDaAa
HtAaAa
YkZaAa
VqXbAa
MdZaAa
PvCbAa
OlCbAa
CdAaAa
HlLbAa
JzHaAa
YaFaAa
JmTbAa
NbObAa
FyVaAa
MpXbAa
HrPaAa
CaAaAa
LyVbAa
IsTaAa
NvYaAa
IcAaAa
PyRaAa
RmCaAa
BkDbAa
DsIbAa
TbFaAa
KdQaAa
GfKbAa
OoUbAa
KdFbAa
GrNaAa
NvKaAa
OjXbAa
VoXbAa
PpFaAa
GjRbAa
VeHaAa
NfOaAa
YkZaAa
ZgCaAa
EpNaAa
WcDaAa
YeIbAa
HqFaAa
QhEaAa
RgJbAa
ErAaAa
SnIaAa
FgBbAa
JmTbAa
QbLaAa
XxXbAa
LfDbAa
JdBaAa
PaQbAa
PzEaAa
FvYbAa
JpDaAa
BjBaAa
LyVbAa
NvCbAa
OhHbAa
VaAaAa
TcDbAa
IhFbAa
ShDaAa
VuKaAa
WrUaAa
EqWaAa
FeCaAa
GzCaAa
LqAaAa
JwUbAa
YnPaAa
VlDaAa
DlDaAa
PhZaAa
CsPbAa
PqNaAa
QjIbAa
VtBbAa
TzAaAa
JdEaAa
OxAaAa
MfRaAa
JcAaAa
BeBaAa
DjCaAa
AtTaAa
WaAaAa
FvYbAa
WyKbAa
FmOaAa
QbLaAa
VsIbAa
MtYaAa
DbKaAa
ShDaAa
TyNaAa
WsCbAa
GbSaAa
BaAaAa
FzFbAa
QpAaAa
OaZbAa
NoRbAa
SaCaAa
ImGaAa
OjJaAa
IcAaAa
TaIaAa
OsAaAa
QbAaAa
EgVbAa
JrXaAa
WhPaAa
OjXbAa
WaAaAa
YaFaAa
WoFaAa
VlDaAa
OaTbAa
GmPbAa
GaFaAa
WpNaAa
KmEaAa
ImBbAa
McXbAa
KdFbAa
FxBaAa
GjUbAa
ZsBaAa
WcLbAa
RaVaAa
PvDaAa
IgIbAa
OzMaAa
RtBaAa
HvQaAa
ZwLbAa
FoEbAa
EvFbAa
TzTaAa
DlGbAa
GiBbAa
TrIaAa
WrUaAa
SoBaAa
FeIaAa
KqGbAa
OhBbAa
MdOaAa
QlTaAa
UoCaAa
MsAbAa
DwAaAa
DrAaAa
RmJbAa
OqNaAa
GnDaAa
JdEaAa
FpEaAa
SfNbAa
OiUbAa
BgYaAa
GmPbAa
FbYbAa
FtVbAa
WdYbAa
EfTbAa
EmKaAa
OtCbAa
NeQbAa
UuSaAa
EsCbAa
DsEbAa
DiXaAa
LdHaAa
TrIaAa
OhAaAa
DsSaAa
KiDaAa
PqEaAa
NbJaAa
DgAaAa
YbTbAa
MqHaAa
BvFaAa
DsIbAa
RgJbAa
GnDaAa
RxZaAa
PkKbAa
ZlAaAa
RfNbAa
XeDaAa
TsDaAa
HyAaAa
NlEbAa
NpPbAa
CrGaAa
UhGbAa
LsDbAa
OaGbAa
ZlAaAa
CxTaAa
CrAaAa
MwBaAa
SlVaAa
BcRaAa
HkHaAa
EeZaAa
WyMaAa
SkFaAa
XeTaAa
GgCbAa
RtBaAa
PyRaAa
UwEbAa
PeAaAa
OjJaAa
IgDaAa
ImBbAa
KqGaAa
AdLaAa
LrKaAa
FmOaAa
TjAaAa
IuQbAa
DkKaAa
GmWbAa
DxLaAa
IaPaAa
JkYbAa
UeXaAa
PkMaAa
WeZaAa
NkAaAa
MhWaAa
CjCaAa
BmObAa
NhAaAa
RfNbAa
GmPbAa
DgJaAa
YlMaAa
FeIaAa
QyBaAa
ZgCaAa
ZgIaAa
CcYaAa
EeObAa
KdGaAa
AvTaAa
NvYaAa
MtKaAa
FtHaAa
DiXaAa
UrAbAa
EgJaAa
ZlAaAa
MiGbAa
PhBaAa
ZaHbAa
LaKaAa
GmPbAa
JzBaAa
DdFaAa
XmCbAa
CtKbAa
EnUbAa
CeYaAa
SmCaAa
OoDbAa
YqJaAa
BvBaAa
KqIaAa
BdPaAa
RiSaAa
VeGaAa
AeSaAa
ItAaAa
FyNbAa
JcAaAa
FbBaAa
CkRaAa
QwJbAa
LdYaAa
IjQbAa
YvRaAa
EoFaAa
JfAaAa
QlGaAa
ZmZaAa
FhUbAa
ZeNaAa
IcLaAa
QhBaAa
RyPaAa
QcBaAa
NhJaAa
InMaAa
PhBaAa
PeAaAa
IbHaAa
IhFbAa
KrSaAa
XuDaAa
VlDaAa
QsQaAa
ImBbAa
IiNbAa
SnBbAa
FwYaAa
FnDaAa
EeZaAa
QlHaAa
BjIaAa
EaObAa
KiDaAa
TzAaAa
SoDaAa
GiAaAa
WgBaAa
KtXaAa
DsIbAa
QsQaAa
TgYaAa
IiBaAa
CkXaAa
SeAaAa
SaCaAa
QgKbAa
PfDaAa
PaTbAa
BfPbAa
OoDbAa
QyJbAa
OxGbAa
KmEaAa
EgVbAa
NfWaAa
LcFaAa
WrUaAa
BsYbAa
MaBaAa
BaAaAa
ImGaAa
JwJaAa
OeKbAa
QwQaAa
XbZbAa
JwUbAa
ZgCaAa
DvCaAa
HqTaAa
IuTbAa
JfSaAa
KyDbAa
LxEaAa
HsOaAa
IiBaAa
JuUbAa
DxRbAa
ZaBbAa
PwIaAa
LqHaAa
PmPaAa
YxBaAa
NdIaAa
CcDaAa
VqBaAa
ZuZaAa
KcFaAa
SgSaAa
UoCaAa
OaSaAa
EyNbAa
AwMbAa
NoRbAa
BqDaAa
JdSaAa
CsPbAa
OeKbAa
JmTbAa
ZnBaAa
FeTaAa
JyJaAa
EsYaAa
XzXbAa
OxAaAa
FeBbAa
TsYbAa
RgJbAa
CcDaAa
VdAaAa
ZgCaAa
PjZaAa
FeCaAa
MlKaAa
EvFbAa
DgJaAa
RxLbAa
CdAaAa
EuDaAa
AcHaAa
WoEbAa
YuGbAa
GoNbAa
PyRaAa
QmLbAa
UeEaAa
MxIbAa
SpZaAa
WdAaAa
NsVbAa
FsBaAa
NvCbAa
WaAaAa
JoVaAa
ZwOaAa
EeVbAa
BvFaAa
OxGbAa
CrAaAa
ZwLbAa
JfAaAa
YsBaAa
QjEaAa
NkTbAa
VdAaAa
BaAaAa
JgLaAa
WwYaAa
AiJbAa
ZgIaAa
RoMaAa
TsYbAa
DmXaAa
NvKaAa
FsBaAa
EgHaAa
KmEaAa
ZlMaAa
JoVaAa
LhYaAa
HfKaAa
TkQaAa
SiJbAa
HkTaAa
JfAaAa
HzCaAa
HlAaAa
BvFaAa
JfAaAa
TxVbAa
RtBaAa
HhUbAa
XxCaAa
CdAaAa
FbEaAa
RxLbAa
LlFaAa
FiGaAa
BkYaAa
XtIaAa
JfAaAa
XiGaAa
DhTbAa
MzKbAa
OpKaAa
QcEaAa
PmBaAa
WwGbAa
UhUaAa
CqYaAa
AyQaAa
GjRbAa
SaQaAa
IvPaAa
CeGaAa
IsTbAa
UmFaAa
AiJbAa
VkOaAa
NkAaAa
EpEaAa
LzNaAa
RtJaAa
JoVaAa
XsWaAa
CsMaAa
EmKaAa
EvFbAa
TsDaAa
PyFaAa
NmGbAa
TaIaAa
YwVaAa
IjFbAa
TmAaAa
KmEaAa
DtLaAa
SnBbAa
LjKaAa
FwKaAa
KqAaAa
FfFaAa
GiCbAa
ZgCaAa
ZuOaAa
FfFaAa
UpFbAa
OxAaAa
QfDaAa
NcKaAa
PhEaAa
NkAaAa
QbLaAa
PbAaAa
NnEbAa
BmAaAa
JpMaAa
JfSaAa
GxFbAa
HkWbAa
JpJbAa
YnDaAa
QxAaAa
BjAaAa
OgQbAa
OxAaAa
PkKbAa
TiQaAa
JmTbAa
GrNaAa
UoCaAa
FsBaAa
SeFbAa
TxVbAa
BzJaAa
CtBbAa
HqTaAa
TeQaAa
EpEaAa
YrRaAa
YbTbAa
FnDaAa
OoDbAa
ZnDaAa
KqIaAa
UnEaAa
TeQaAa
ZnDaAa
YbSaAa
WiHaAa
PyRaAa
FdKaAa
ZuZaAa
FtIaAa
SxUbAa
MrKaAa
FlPaAa
RpVaAa
NbTaAa
IcAaAa
BdPaAa
GiAaAa
VhPaAa
MbTaAa
RdWbAa
PwHaAa
LrMaAa
WyMaAa
NrWaAa
HkTaAa
TmSaAa
KfAaAa
HmWbAa
OcMaAa
JpJbAa
KcAaAa
EeOaAa
YaFaAa
VwAaAa
XlPaAa
OsUaAa
MrWaAa
NtWaAa
PvDaAa
GjRbAa
VaOaAa
FoAaAa
KfAaAa
NoDbAa
BvBaAa
PrOaAa
MrYaAa
MwBaAa
CdAaAa
NoDbAa
JrXaAa
SnGaAa
UeRaAa
AfWbAa
JkYbAa
MwCaAa
PsHaAa
WlDaAa
FlPaAa
MxEbAa
CtBbAa
ZlAaAa
QcBaAa
TaCaAa
CrAaAa
EyEaAa
DgJaAa
QfTaAa
NvAaAa
NzYaAa
YaFaAa
WdAaAa
ZlMaAa
XyMaAa
YkZaAa
CdAaAa
HqFaAa
DvCaAa
FiEbAa
KiLaAa
IkEaAa
QcBaAa
FbYbAa
DzBbAa
TrIaAa
XgBaAa
PvDaAa
OlCbAa
BnTbAa
MvEbAa
TdUaAa
QlBbAa
JdEaAa
YrRaAa
YaEbAa
ZlCaAa
CyNaAa
VtGaAa
HrEaAa
XdKaAa
FeTaAa
LsDbAa
PbAaAa
KoGaAa
PcVaAa
SaDaAa
VzDaAa
PmPaAa
NkCaAa
MtYaAa
LhYaAa
NfEaAa
FoAaAa
FgBbAa
BpHaAa
ZsJaAa
YbSaAa
RbPaAa
AnGaAa
GyGbAa
GfFaAa
MdVbAa
XaAaAa
ZgCaAa
LhYaAa
HhRbAa
IzPbAa
KhQaAa
DcDaAa
BvBaAa
SfWbAa
RoMaAa
YfKbAa
FiRaAa
KoIaAa
TxJaAa
FeBbAa
SuEaAa
ImGaAa
SnBbAa
AlEaAa
EiVbAa
XoAaAa
UeXaAa
EbBaAa
VdAaAa
UlUaAa
HzCaAa
HzRaAa
GlAaAa
HrQaAa
RjYbAa
HfFaAa
YyGbAa
UzObAa
ImTaAa
RbFaAa
WpNaAa
VxLaAa
IhFbAa
HcNaAa
RpVaAa
CmRaAa
VsIbAa
GlAaAa
AcHaAa
AaGaAa
VuIbAa
YrNaAa
XmOaAa
SvTaAa
KaIbAa
PfCaAa
OpFaAa
SkFaAa
ApZaAa
DdAaAa
JrXaAa
CxFaAa
OsUaAa
YbTbAa
ZgCaAa
RjYbAa
JyAbAa
OhCbAa
HzGaAa
LyHbAa
BzLbAa
NkAaAa
JpSaAa
XoFaAa
DhTbAa
GfKbAa
GbTbAa
PeKaAa
OhCbAa
MfRaAa
XzLaAa
OwGaAa
CrAaAa
EoFaAa
UmFaAa
IuZaAa
KqGaAa
BpGaAa
VkOaAa
OzMaAa
QtJaAa
MfEaAa
ZgCaAa
WxFaAa
DiXaAa
NlOaAa
AjNaAa
JeSbAa
ZsOaAa
KvPbAa
JdEaAa
PmPaAa
LzNaAa
AuAaAa
ZgCaAa
ZhFaAa
PrOaAa
EnUbAa
KoIaAa
WpRbAa
DwAaAa
IxUaAa
XgZaAa
OaGbAa
XqCbAa
VuKaAa
WaAaAa
CoXaAa
RcSaAa
LdCaAa
BaJaAa
BoBaAa
IiAaAa
LfAaAa
YkPbAa
ReSaAa
GfFaAa
YbBaAa
IwZaAa
WgEaAa
YbTbAa
MzKbAa
MsAbAa
SfUaAa
JyAbAa
DiXaAa
WdAaAa
TvFaAa
PyGaAa
IzPbAa
IeWbAa
IrRaAa
DbKaAa
NfOaAa
KfSaAa
SnGaAa
LlFaAa
ZxBaAa
EgVbAa
VaObAa
RyBaAa
AoDaAa
PcKbAa
JoHaAa
IdKbAa
NsHaAa
CaAaAa
IiAaAa
GoCbAa
MaBaAa
PjBbAa
GeWaAa
BqMaAa
QhWbAa
LcUaAa
CtBbAa
QjEaAa
ReAaAa
YaFaAa
VjBaAa
EqXbAa
WuKaAa
AdLaAa
KdQaAa
TwEaAa
UuMaAa
CnNaAa
KvPbAa
MvMaAa
SlEaAa
CdAaAa
FoAaAa
YiIbAa
RoDaAa
YqJaAa
HyAaAa
JpMaAa
JoHaAa
JhKaAa
DgAaAa
MuBbAa
LsLaAa
ObAbAa
AhIaAa
GjRbAa
YkZaAa
DvFaAa
LsLaAa
FtHaAa
EeDaAa
ZaPaAa
SpTbAa
YkZaAa
HgIaAa
UwSaAa
UuSaAa
TxDbAa
NyLaAa
XeBbAa
ErUaAa
GvIaAa
ScRbAa
CwAaAa
FiJaAa
RoJbAa
VoWaAa
VkHbAa
YsBaAa
NvIbAa
ZvNaAa
SmCaAa
FhUbAa
FeTaAa
BsYbAa
ZuJaAa
EsYaAa
UnNaAa
EySaAa
MxEbAa
HzGaAa
NrBaAa
EeZaAa
MhMbAa
KbUbAa
NaEaAa
XeCaAa
NxMaAa
PeAaAa
XeIaAa
VwAaAa
ItEaAa
UgLbAa
EqCaAa
LvEbAa
NtWaAa
AxDaAa
NyLaAa
MhWaAa
KnCaAa
YvRaAa
HlCaAa
QrJaAa
UiAbAa
VzObAa
PyFaAa
DsSaAa
BaRaAa
OkAaAa
PrNbAa
SkFaAa
LsDbAa
DyXaAa
VbXbAa
IfKaAa
UrAbAa
HaHbAa
GyGbAa
NoUbAa
MuGaAa
PzEaAa
GtUaAa
MfEaAa
AyHaAa
ItPaAa
WwAaAa
ZuJaAa
PqEaAa
FvYbAa
HiEaAa
IiBaAa
JfAaAa
DgAaAa
WwGbAa
PgFaAa
PbAaAa
IiNaAa
ZlAaAa
QcBaAa
PbEbAa
TaCaAa
EjPaAa
SoJbAa
IdSaAa
QmLbAa
DhTbAa
AgKaAa
JiBaAa
DgMbAa
KvSbAa
HlCaAa
ItEaAa
UoCaAa
FsBaAa
YlMaAa
YpPaAa
JxNaAa
BmObAa
CwXaAa
KcFaAa
PySbAa
NyLaAa
GjUbAa
KqGaAa
OjXbAa
LbFbAa
FfFaAa
JuKbAa
YyGbAa
VxFaAa
CzDaAa
NvCbAa
EpEaAa
YiTaAa
DnGbAa
LxEaAa
TyNaAa
VgJaAa
XvHaAa
UuMaAa
BsYbAa
MaBaAa
XeTaAa
KqIaAa
TaIaAa
BkSaAa
AuAaAa
PkMaAa
MfEaAa
NaEaAa
BkYaAa
OzEaAa
PfIaAa
PeKaAa
IdSaAa
VrAaAa
LtXbAa
CsPbAa
CdAaAa
WoCaAa
RdSbAa
KkLaAa
GxBaAa
VdAaAa
IkEaAa
ZtRaAa
JwJaAa
VgRaAa
ZaPaAa
OyWbAa
MnWaAa
TmAaAa
LnMbAa
KrSaAa
DrAaAa
NmRbAa
QhBaAa
AtZaAa
CjCaAa
SlEaAa
BwEaAa
WlUbAa
AwPaAa
JwZaAa
IsFaAa
YgTaAa
ShDaAa
AtOaAa
SiFaAa
WsEbAa
MtYaAa
XfMaAa
YsCaAa
XhQbAa
RuRaAa
VoWaAa
TmAaAa
NwBaAa
UiAbAa
HdKbAa
DvCaAa
ZyGbAa
ReAaAa
LvEbAa
OfAbAa
MaNbAa
GlAaAa
IcAaAa
RfNbAa
KcAaAa
CjCaAa
GmJaAa
QcEaAa
QsQaAa
RyBaAa
AuAaAa
PvVaAa
ScQaAa
TcQaAa
UoCaAa
OyFaAa
PuUaAa
HkTaAa
OkCaAa
UmAaAa
UzBbAa
GsCaAa
ToXaAa
KiDaAa
BwEaAa
WcLbAa
PmPaAa
MoAbAa
UvLaAa
BvZaAa
GvGaAa
QcEaAa
BfLaAa
NkCaAa
WeObAa
JdEaAa
JpSaAa
SlNaAa
FoAaAa
ItAaAa
HgIaAa
JpJbAa
MlKaAa
ZaPaAa
FnDaAa
ImBbAa
YsBaAa
BjBaAa
CpBbAa
MlHbAa
ApNbAa
WgEaAa
VlDaAa
EgGaAa
KyDaAa
NaEaAa
TgYaAa
CcDaAa
PhZaAa
HxHaAa
GjUbAa
KbDbAa
YrNaAa
HtAaAa
KgUaAa
WjPaAa
CmRaAa
QmMaAa
NoDbAa
MsAbAa
ZrPaAa
MdVbAa
DsIbAa
VzDaAa
GcAbAa
VlDaAa
LqBbAa
XmOaAa
GqJaAa
MkAaAa
GfFaAa
DnNaAa
ZlAaAa
OtNbAa
YiTaAa
PwUaAa
XjMaAa
DcDaAa
ZaFaAa
VvRbAa
YvRaAa
SnGaAa
OzEaAa
ZnBaAa
ZzCaAa
BbSbAa
JfAaAa
XgGaAa
NaYbAa
DxLaAa
BeBaAa
UmFaAa
WaAaAa
SkJbAa
OpFaAa
KsBbAa
OaTbAa
PhEaAa
MtKaAa
CwAaAa
HuGbAa
CaXaAa
QlZaAa
IyAaAa
HxHaAa
PvDaAa
EeVbAa
OxMaAa
JrXaAa
MdJaAa
WaObAa
HyAaAa
LhXaAa
PhBaAa
TbCbAa
IcAaAa
PhEaAa
JuKbAa
BsYbAa
YbEaAa
VaOaAa
CjCaAa
WeZaAa
KiDaAa
FoEbAa
XeIaAa
OaZbAa
LyTaAa
FlPaAa
YbSaAa
DaAaAa
AlLaAa
VaAaAa
WcTaAa
OyFaAa
NhHaAa
NcKaAa
CkRaAa
AuWbAa
QnTaAa
AlNaAa
CxFaAa
RvJaAa
WsCbAa
QzKaAa
XiWbAa
IsFaAa
GwKbAa
ShDaAa
UoCaAa
KfAaAa
XeIaAa
GiCbAa
PyRaAa
TqSaAa
PhBaAa
QfDaAa
FfQbAa
BeBaAa
NyLaAa
ZzCaAa
XtIaAa
KaUaAa
FsCaAa
DcIaAa
NsHaAa
DoXbAa
EdGbAa
RbPaAa
ToHbAa
HhFaAa
VaAaAa
KqBbAa
WxFaAa
BvFaAa
NtEbAa
KoIaAa
MkBaAa
FnDaAa
AuAaAa
UvBaAa
JfAaAa
CaAaAa
MbLbAa
HvNaAa
HjQbAa
IzUaAa
EyNbAa
RzLbAa
MbLbAa
NkAaAa
ZzGaAa
QcSaAa
TwEaAa
OxAaAa
AnGaAa
OaTbAa
MsIaAa
FzLaAa
RjNaAa
JzBaAa
KmEaAa
LfBaAa
CdAaAa
VqBaAa
CzDaAa
VpUaAa
CdAaAa
FxBaAa
KsBbAa
KiLaAa
XtIaAa
HsOaAa
WwYaAa
ZlAaAa
GiAaAa
PpFaAa
ItEaAa
TwEaAa
LzEbAa
VaAaAa
DaYaAa
TrIaAa
UtFbAa
VrAaAa
NdWaAa
HsOaAa
HyAaAa
OaGbAa
MhObAa
TgXaAa
VdAaAa
VdFaAa
QcBaAa
PvQbAa
XgZaAa
FiOaAa
YpPaAa
UeGaAa
NvCbAa
WoEbAa
OvNbAa
RcEaAa
EgVbAa
RpVaAa
QlZaAa
WaAaAa
EsWaAa
AlNaAa
GiAaAa
ZnBaAa
MzKbAa
QwUaAa
GoNbAa
CqMbAa
RtBaAa
RfNaAa
NnAaAa
TiKbAa
YvQaAa
WaAaAa
GxBaAa
AoQaAa
PeKaAa
DeHaAa
CcCaAa
JdBaAa
LhXaAa
UzObAa
BaAaAa
ZlCaAa
PhBaAa
UkFaAa
XcTaAa
DgMbAa
WcLbAa
OiUbAa
UwEbAa
CsMaAa
UwEbAa
RyBaAa
VaAaAa
KfAaAa
BvFaAa
AvOaAa
WjCaAa
LjObAa
ZzCaAa
RmCaAa
WrAaAa
ZmZaAa
JdBaAa
ToBaAa
ShDaAa
PcKbAa
XgBaAa
UqMbAa
EbBaAa
OpOaAa
FbBaAa
BaAaAa
QdNaAa
LiCaAa
PfTaAa
JzBaAa
UhVaAa
DsIbAa
TzJaAa
NnKaAa
ZsCaAa
DsEbAa
MwBaAa
IpQaAa
FsBaAa
BkYaAa
VoCaAa
LvAaAa
LdCaAa
AnBbAa
OnEbAa
DlDaAa
UeRaAa
BsYbAa
DyEaAa
OcZbAa
BmObAa
UpFbAa
IcAaAa
TaJaAa
ZaHbAa
RfNbAa
QcBaAa
FzFbAa
LdDbAa
DzBbAa
SlEaAa
AtTaAa
BjLaAa
YaFaAa
UtDbAa
CeXaAa
JuUbAa
DxFaAa
XeIaAa
KnCaAa
TcDbAa
NlOaAa
SnBbAa
DtDbAa
VuIbAa
ZaHbAa
MkAaAa
KdRaAa
VwAaAa
ZaBbAa
KmEaAa
LyVbAa
RbFaAa
SlIaAa
JxNaAa
HrJbAa
QmMaAa
RyPaAa
WpDbAa
PmPaAa
JmTbAa
EvHbAa
ZaFaAa
XfMaAa
LtMaAa
YqJaAa
JdBaAa
JkIaAa
SuEaAa
DgAaAa
KsBbAa
FoAaAa
ApZaAa
XgEaAa
LsDbAa
QeUbAa
VdFaAa
MbJbAa
RoMaAa
IdSaAa
XoAaAa
PjSbAa
MxSaAa
CwAaAa
ZrPaAa
PfCaAa
KnObAa
WaAaAa
KqGbAa
QvDaAa
NkAaAa
DdTbAa
BnTbAa
UpAbAa
NcKaAa
CcCaAa
FvGaAa
WdAaAa
SqDaAa
FnDaAa
YnLbAa
ByQaAa
GoNbAa
IcAaAa
ZsBaAa
QwJbAa
EyNbAa
BmObAa
UrIaAa
FxFbAa
SqSaAa
MaNbAa
VaAaAa
KoTbAa
VgRaAa
DxBbAa
EcLbAa
LsDbAa
DhTbAa
ZvNaAa
LnObAa
DoSbAa
AtTaAa
CtKbAa
SvTaAa
JfAaAa
CrGaAa
VhTbAa
TpLaAa
QcSaAa
NfRaAa
RhIaAa
TlNaAa
JcAaAa
RtCaAa
MwBaAa
IwDaAa
MwBaAa
QyBaAa
EmKaAa
VfGbAa
JrXaAa
KzWaAa
MhMbAa
BcGaAa
OjMbAa
FmOaAa
BaRaAa
JvWbAa
BmObAa
YcBbAa
ZaHbAa
LvEbAa
MtKaAa
HzFaAa
DwXaAa
NbLbAa
PhHbAa
VpUaAa
FjMaAa
TrIaAa
QkFbAa
PuJbAa
MdCaAa
UoCaAa
BcRaAa
PyGaAa
NvCbAa
PeAaAa
LaIbAa
ScEaAa
ZgCaAa
NgPaAa
LqBbAa
OfAbAa
PyGaAa
KfAaAa
YgZaAa
HrJbAa
ShCaAa
EbBaAa
NtWaAa
DnGbAa
EjGbAa
VgEbAa
FfQbAa
IcAaAa
UvLaAa
FgVbAa
HyAaAa
CiDbAa
SeSaAa
SfUaAa
QcEaAa
XoKaAa
SoBaAa
XoAaAa
IsTaAa
LhYaAa
VwMaAa
XmOaAa
PgFaAa
LzEbAa
TdUaAa
CeJbAa
IhFbAa
DrAaAa
UeEaAa
FeBbAa
WgEaAa
MtKaAa
CaYaAa
SnBbAa
IhKbAa
OjJaAa
CaXaAa
QeUbAa
VdAaAa
OxAaAa
ZgCaAa
DgAaAa
LzNaAa
QcEaAa
EbBaAa
ExCaAa
NtWaAa
EiRaAa
UaJbAa
UuXaAa
EdYbAa
InMaAa
AuWbAa
TmAaAa
QbLaAa
ZaBbAa
EuDaAa
IhKbAa
UjBaAa
KcAaAa
DcJaAa
FsCaAa
AqDaAa
AcHaAa
WlUbAa
AuAaAa
IiBaAa
IcAaAa
KlQaAa
EeJaAa
PhEaAa
PhZaAa
RwQaAa
UsKaAa
HfKaAa
AqQaAa
GkJaAa
WxFaAa
JfAaAa
EeVbAa
TuXaAa
MnFaAa
HyAaAa
XlRbAa
ImHaAa
HnBaAa
OpFaAa
LsFbAa
EmXaAa
KvPbAa
LpBaAa
LyHbAa
JxQaAa
KuCaAa
TuXaAa
UrAbAa
EgBaAa
BbSbAa
WgBaAa
KcFaAa
JpRaAa
FgZaAa
GiAaAa
KmEaAa
SrZaAa
LtMaAa
BaIaAa
KcPbAa
PhBaAa
RbFaAa
DcJbAa
VpUaAa
IiNaAa
AhDaAa
DgAaAa
YiIbAa
OpFaAa
IsFaAa
VnNaAa
MwBaAa
TdPaAa
TzAaAa
TsSbAa
OfHbAa
GlAaAa
RpVaAa
XeIaAa
PuUaAa
IiBaAa
ChUaAa
TcHaAa
YsBaAa
PeAaAa
FdYbAa
OlOaAa
EtRbAa
PpFaAa
AtFaAa
GlAaAa
FvGaAa
RoMaAa
MaBaAa
HuGbAa
SlIaAa
HtRaAa
QyJbAa
ZgCaAa
NrBaAa
MaBaAa
CuSbAa
OkCaAa
LxEaAa
YkZaAa
DcIaAa
BxDbAa
NfOaAa
OiQbAa
PhEaAa
MvMaAa
OzMaAa
YiIbAa
XqOaAa
RpAaAa
BfPaAa
IdSaAa
ZlAaAa
UmFaAa
ImBbAa
GoNbAa
EdYbAa
MfMbAa
IcAaAa
KnObAa
BlLaAa
NwBaAa
SlNaAa
MyObAa
YqJaAa
OnKaAa
CuSaAa
HlLbAa
VaObAa
ZxUaAa
FtIaAa
UsKaAa
JiEaAa
AhNaAa
IwZaAa
BaRaAa
OxGbAa
WaAaAa
ViAbAa
BsYbAa
KuCaAa
EeVbAa
LbIaAa
EpEaAa
PjEbAa
KoBbAa
KyTaAa
UcJbAa
YbTbAa
GmPbAa
JcAaAa
RmCaAa
MwBaAa
FxFbAa
GwVaAa
RhIaAa
NoUbAa
DxCaAa
KoIaAa
TjAaAa
LtDaAa
UeMbAa
RhIaAa
NnEbAa
ReAaAa
ElGbAa
ZqTaAa
QhBaAa
PhBaAa
OeKbAa
EcLbAa
LtXbAa
PjEbAa
KnObAa
YnDaAa
WyYaAa
WmIbAa
EdYbAa
OiUbAa
KyTaAa
HrPaAa
RgJbAa
FnDaAa
VqXbAa
EcLbAa
DgAaAa
MpBaAa
VoWaAa
HvNaAa
DlGbAa
IiNbAa
GiJaAa
CrGaAa
DcDaAa
WoEbAa
WoWaAa
KdGaAa
JdEaAa
WjPaAa
JmLaAa
ScHaAa
XlBaAa
PjSbAa
CtKbAa
DsSaAa
GoIbAa
GlAaAa
QmBaAa
OaSaAa
TkFaAa
HcAbAa
IiNbAa
EcObAa
PvDaAa
SfUaAa
XaAaAa
QfIbAa
MkAaAa
RjNaAa
PyFaAa
BmSaAa
PjWbAa
WoOaAa
CqYaAa
HrQaAa
WeHaAa
EfYbAa
BhDaAa
MdJaAa
XgBaAa
MdObAa
BcGaAa
KuBaAa
ZgCaAa
PmBaAa
WpRbAa
CuSaAa
ZvPaAa
AjIaAa
AuAaAa
FsBaAa
GnDaAa
TjAaAa
MaNbAa
DpUaAa
MfRaAa
SlYbAa
GgCbAa
BaRaAa
MtKaAa
HqTaAa
CrGaAa
HaHbAa
OlOaAa
QwQaAa
CcDaAa
WgEaAa
GoJaAa
HzFaAa
UsPbAa
BpHaAa
JgIbAa
YbTbAa
AfLaAa
RmCaAa
BaJaAa
UpAbAa
XeTaAa
BhLaAa
XqOaAa
KtXaAa
VbKaAa
DgJaAa
BjLaAa
LiCaAa
PbAaAa
KaWbAa
LbUbAa
MuBbAa
SaCaAa
IkEaAa
TkFaAa
UnEaAa
HiEaAa
WyMaAa
DaWaAa
YsCaAa
QrFaAa
AcHaAa
AnGaAa
VqBaAa
JpSaAa
MfEaAa
KfAaAa
EpEaAa
SxUbAa
TjAaAa
UcHaAa
SfPbAa
LkDaAa
WyMaAa
BnLaAa
RbFaAa
UcJaAa
BsObAa
PvDaAa
HzRaAa
JbGaAa
XeIaAa
BpLaAa
IcAaAa
KjJbAa
JhFbAa
GkBbAa
MdObAa
UlUaAa
IhKbAa
KmEaAa
YkGaAa
HdKbAa
OaGbAa
XvYbAa
PxAaAa
JcAaAa
ReSaAa
MwBaAa
QlGaAa
RnHaAa
RmCaAa
AfLaAa
UoMbAa
FfMaAa
UiAbAa
RwPaAa
BjLaAa
AxDaAa
HfKaAa
TpLaAa
DaAaAa
PmPaAa
HiSbAa
ZlCaAa
CwAaAa
DgAaAa
PkKbAa
PhBaAa
SyPaAa
FiOaAa
NvKaAa
DoCaAa
TaJaAa
MlHbAa
HvNaAa
XxMbAa
EsYaAa
VcIaAa
MxIbAa
CdAaAa
WoKaAa
BaAaAa
PwIaAa
YkZaAa
TrIaAa
RmJbAa
NcKaAa
NeQbAa
XxGaAa
HzFaAa
LqLaAa
KnObAa
DdAaAa
NhAaAa
ToXaAa
BkYaAa
EyIbAa
FiGaAa
FyVaAa
KoIaAa
WiHaAa
ZhFaAa
KhQaAa
PhEaAa
VaAaAa
HhFaAa
PuUaAa
OpFaAa
TaJaAa
LnObAa
IiBaAa
EySaAa
YsCaAa
TmAaAa
MsIaAa
ShCaAa
SnGaAa
TlVaAa
YvRaAa
ShCaAa
QeUbAa
IkEaAa
JwUbAa
MjZbAa
PhBaAa
VwAaAa
PwHaAa
CdAaAa
BwEaAa
PhZaAa
CrAaAa
RvJaAa
TpLaAa
WwGbAa
MlHbAa
EqBaAa
ApZaAa
PjCbAa
OfAbAa
DmWaAa
BhLaAa
GsBaAa
IiNbAa
UrDbAa
RmMaAa
BzJaAa
ToBaAa
OxGbAa
SaQaAa
VaOaAa
BeBaAa
AiJbAa
FnDaAa
IzGaAa
GbSaAa
HxWbAa
JiBaAa
PyRaAa
EeVbAa
AuWbAa
KsBbAa
RmYaAa
FxFbAa
HsOaAa
HyAaAa
YsCaAa
XoFaAa
NtIbAa
BmAaAa
WdAaAa
FzFbAa
PhTaAa
GmWbAa
NpPbAa
LkDaAa
BpGaAa
YkGaAa
UsKaAa
IzUaAa
IdSaAa
WgEaAa
ZqFaAa
LbJaAa
PeKaAa
LiUaAa
JrXaAa
FsCaAa
XvYbAa
PjHaAa
BpTbAa
WlDaAa
VoCaAa
VjCaAa
LoIaAa
OzEaAa
OxAaAa
MaNbAa
DcWaAa
ZrEaAa
EcLbAa
BpGaAa
SxUbAa
PqEaAa
UnEaAa
JcAaAa
PeKbAa
NcKaAa
FoAaAa
DrAaAa
CdAaAa
QzKaAa
BkYaAa
YaFaAa
DaOaAa
SlYbAa
MfJaAa
BvBaAa
PyFaAa
BhLaAa
DxFaAa
JxNaAa
UnUaAa
DjUaAa
KvAaAa
XxGaAa
HyAaAa
NhAaAa
WrUaAa
XkPbAa
FoAaAa
CrGaAa
HlLbAa
CwSaAa
GaFaAa
QcEaAa
KqGaAa
CvCaAa
KnVbAa
PmKbAa
XbBaAa
QlTaAa
KmEaAa
JdEaAa
PbAaAa
RpAaAa
BuAaAa
RbFaAa
YyGbAa
LeXbAa
QlHaAa
ToXaAa
OfZaAa
BxDbAa
FlPaAa
VsDaAa
AtQbAa
AzAaAa
NlEbAa
TsYbAa
EeVbAa
NbTaAa
KrSaAa
CdAaAa
JyJaAa
JtWbAa
PmBaAa
MuLbAa
AyHaAa
QeAaAa
JfAaAa
SkFaAa
BuWbAa
UwEaAa
VhPaAa
CcDaAa
WdYbAa
TgYaAa
CdAaAa
XwKaAa
JjSaAa
EfYbAa
UeXaAa
MkAaAa
IzGaAa
NeQbAa
CvBaAa
YkBbAa
MxEbAa
PwHaAa
AmAaAa
HrEaAa
FiGaAa
OjXbAa
ZtRaAa
StFaAa
RbFaAa
GsWaAa
DhUaAa
AtTaAa
FeBbAa
VuCbAa
OmUbAa
OxGbAa
JuUbAa
HgTaAa
KfAaAa
BjBaAa
MjKaAa
ZaHbAa
OxAaAa
NlEbAa
PwIaAa
NoDbAa
OpFaAa
OoEaAa
DgAaAa
DpUaAa
QeUbAa
RbFaAa
BvFaAa
IiBaAa
OxAaAa
AoBaAa
KmEaAa
KdQaAa
MwBaAa
EqCaAa
HzFaAa
IzHaAa
XeTaAa
EeDbAa
CrGaAa
RbFaAa
BaIaAa
ZgIaAa
EjPaAa
GzCaAa
ZaBbAa
EhGbAa
UoCaAa
CmXaAa
EqWaAa
VaAaAa
YfKbAa
LbIaAa
WgBaAa
RrTbAa
BbSbAa
XpLbAa
ZgCaAa
BpGaAa
PbAaAa
EnRbAa
QhBaAa
YbTbAa
OxAaAa
DoSbAa
EeCaAa
YaFaAa
LdCaAa
GbSaAa
PgFaAa
WiHaAa
VaAaAa
OxGbAa
FpKbAa
KnObAa
RiFaAa
OpFaAa
MbLbAa
DsIbAa
CzDaAa
BwEaAa
JfAaAa
BgYaAa
PuUaAa
RgKaAa
IiBaAa
QpAaAa
QoPaAa
WgGaAa
FbEaAa
QcBaAa
KmEaAa
LjKaAa
DeHaAa
JmLaAa
AhDaAa
SlVaAa
VaAaAa
CeRaAa
ZgCaAa
FeDaAa
JfAaAa
FpDbAa
VrAaAa
AiJbAa
DcDaAa
EsYaAa
MnFaAa
YsBaAa
IhKbAa
AzAaAa
VtBbAa
AnGaAa
VaAaAa
DlGbAa
KpYaAa
NbOaAa
GdVaAa
HxUaAa
VsSaAa
VcWaAa
PuJbAa
EbBaAa
AmAaAa
WoKaAa
FgAaAa
IfKaAa
ZaAaAa
IsTaAa
ZxIaAa
YyOaAa
EaLbAa
KdRaAa
ZsBaAa
RmCaAa
BiJbAa
MpXbAa
TrIaAa
LhYaAa
DmXaAa
LkDaAa
VrAaAa
IgDaAa
UmAaAa
QcBaAa
AwNaAa
HvJbAa
UbUaAa
FbBaAa
XwKaAa
TbCbAa
OjMbAa
HdKbAa
QpAaAa
CaYaAa
TzAaAa
VaObAa
OfGaAa
LbJaAa
FpEaAa
GlAaAa
ZuOaAa
FsBaAa
NvKaAa
LzEbAa
RpAaAa
GmWbAa
BvBaAa
PjEbAa
FwKaAa
RoJbAa
CoCaAa
LpBaAa
PeKaAa
WoKaAa
PkMaAa
KnSaAa
WgEaAa
AuWbAa
HtRaAa
VfGbAa
PhBaAa
DlGbAa
QvDaAa
ExCaAa
CcDaAa
ZlAaAa
UuMaAa
TjYbAa
EjPaAa
HrPaAa
IbHaAa
GiCbAa
YkZaAa
XwKaAa
EoFaAa
QtJaAa
NpPbAa
IzHaAa
DcIaAa
IcAaAa
GcAbAa
PyFaAa
FbBaAa
IcAaAa
TqMaAa
RmLbAa
QfIbAa
NaBaAa
YpPaAa
MfEaAa
EpNaAa
DhTbAa
VsIbAa
PwIaAa
PpFaAa
YqJaAa
UeMbAa
TgYaAa
TcHaAa
NoRbAa
JuTaAa
ZgCaAa
CzDaAa
ZlJbAa
GaNaAa
AvTaAa
MtDaAa
YbTbAa
MrYaAa
PfDaAa
WcTaAa
RgKaAa
HrQaAa
NnAaAa
FuDaAa
BkSaAa
OnPbAa
MhXaAa
MwBaAa
AjAaAa
AzAaAa
EpEaAa
BvBaAa
DiXaAa
BpHaAa
YbBaAa
NkAaAa
JiNbAa
AlNbAa
EcOaAa
WgEaAa
WoPbAa
UwEaAa
QaVaAa
SxLbAa
GiAaAa
VlDaAa
NnEbAa
IhKbAa
RaDaAa
HrPaAa
RyPaAa
KoBbAa
AiJbAa
EqSbAa
RtBaAa
UaYaAa
DrAaAa
OrBaAa
HuOaAa
DpUaAa
KmBbAa
ZrEaAa
XaAaAa
QlZaAa
WyMaAa
NfWaAa
XkCbAa
SuEaAa
KmVaAa
CqYaAa
GzCaAa
NtWaAa
VcWaAa
PjJaAa
KrDaAa
KmNaAa
ImTaAa
YsBaAa
PfTaAa
PkMaAa
EgAaAa
MdCaAa
VrAaAa
SfPbAa
HtAaAa
EpNaAa
IzUaAa
QbAaAa
TaCaAa
IzFaAa
JyJaAa
IcAaAa
YeIbAa
JrXaAa
MmGbAa
IiNbAa
GkGaAa
HyAaAa
VsIbAa
DaWaAa
PmKbAa
KoIaAa
ZaBbAa
XiGaAa
BjLaAa
AfLaAa
RfNbAa
GvIaAa
PfTaAa
RpAaAa
EvHbAa
WdAaAa
TsYbAa
CwXaAa
SfPbAa
CdAaAa
RmCaAa
RyPaAa
OjXbAa
VaAaAa
BcGaAa
NaYbAa
QyJbAa
ZnBaAa
TiLbAa
ZxHaAa
KdQaAa
LiDaAa
KbCaAa
HrPaAa
NeQbAa
XmIbAa
OpFaAa
EqXbAa
EcWaAa
QcVaAa
PkKbAa
OaZbAa
LdYaAa
FmOaAa
PgFaAa
FeDaAa
WwTbAa
QaVaAa
UhVaAa
UvBaAa
GwVaAa
GgAaAa
RiKbAa
YsBaAa
FfMaAa
WwGbAa
CwAaAa
SmCaAa
SlVaAa
EbNbAa
WmEbAa
BnLaAa
LxXaAa
QzKaAa
UsPbAa
ZgCaAa
EySaAa
GeAbAa
XdKaAa
VlDaAa
ZyOaAa
NfGaAa
JfFbAa
EuDaAa
IsTaAa
VaOaAa
XoJaAa
FuWaAa
QgKbAa
NnEbAa
FbEaAa
ShDaAa
KfAaAa
FgZaAa
PkMaAa
KaIbAa
XeZaAa
AuAaAa
TrIaAa
RtBaAa
LdDbAa
UaJbAa
MdJaAa
FiJaAa
XwMaAa
FgAaAa
EnUbAa
TkFaAa
VlGbAa
QsQaAa
YvIaAa
LhYaAa
ImBbAa
IcLaAa
IcAaAa
MbXaAa
JmLaAa
GzCaAa
GiAaAa
YqNbAa
QcEaAa
QlBbAa
BaAaAa
CjCaAa
SiJbAa
BvFaAa
TkFaAa
IgDaAa
CeGaAa
ToHbAa
JkYbAa
OhEbAa
YeIbAa
BlIaAa
TeBaAa
XfMaAa
TsMbAa
ZmZaAa
LwCaAa
IgCbAa
IbVaAa
OhCbAa
HxIaAa
XaAaAa
VaRbAa
CdAaAa
LbUbAa
VdAaAa
FsBaAa
AjIaAa
ZlCaAa
IwZaAa
RaDaAa
KrSaAa
KmEaAa
WiMbAa
QnTaAa
ZaFaAa
YxSbAa
OwGaAa
QpAaAa
AyQaAa
WqEbAa
FfFaAa
QeAaAa
FnDaAa
RoJbAa
KpYaAa
UmFaAa
HaHbAa
IgIbAa
StBaAa
KvPbAa
DzDaAa
RtZaAa
OlCbAa
QlBbAa
PfDaAa
JjSaAa
OjHaAa
UrIaAa
KdEaAa
AxDaAa
AtFaAa
FnDaAa
OsAaAa
AoBaAa
IpQaAa
KrSaAa
WpRbAa
NcYbAa
DuPbAa
DdAaAa
QhSbAa
AlNaAa
XpEaAa
AiJbAa
CeEaAa
ObAbAa
XeZaAa
LtXbAa
ToHbAa
CeRaAa
ZsOaAa
EnUbAa
BaQaAa
ZaPaAa
OqKbAa
FxFbAa
KbUbAa
DgAaAa
YkGaAa
GmPbAa
CeRaAa
HyAaAa
YaAaAa
TkXaAa
JtPaAa
IeWbAa
UaJbAa
XgEaAa
DdAaAa
KcFaAa
IkEaAa
AmAaAa
FeTaAa
GmWbAa
BnLaAa
PfCaAa
SjIaAa
DyXaAa
AcHaAa
TaJaAa
XdAaAa
UeEaAa
VkOaAa
VwAaAa
VpFbAa
VbKaAa
WmIbAa
GjUbAa
DhUaAa
EsWaAa
RbFaAa
QmBaAa
XbMaAa
ZlAaAa
DbKaAa
ZjFbAa
DgAaAa
ZlCaAa
XjMaAa
SaDaAa
MkAaAa
GbBaAa
GiAaAa
EqWaAa
HpPaAa
ErUaAa
MaBaAa
WoKaAa
OxAaAa
EtIaAa
WaAaAa
PvDaAa
CjBaAa
GiAaAa
ZhFaAa
PkMaAa
ZkTaAa
IcAaAa
UaXaAa
YnDaAa
CsMaAa
CzHbAa
CeEaAa
XmCbAa
EuDaAa
SjNbAa
TaIaAa
BdPaAa
SnBbAa
ZrRaAa
VcWaAa
DbPbAa
CoMbAa
LdHaAa
RcEaAa
SfPbAa
NlXbAa
XlPaAa
DqBaAa
FiGaAa
NdWaAa
NrCbAa
MtKaAa
YoAaAa
UqYaAa
XvYbAa
MkAaAa
WoFaAa
HrEaAa
UeRaAa
SdLaAa
UjDaAa
DuAaAa
EyNbAa
VcWaAa
VdAaAa
TdPaAa
HfKaAa
GbSaAa
QyJbAa
UmAaAa
VwMaAa
KmEaAa
TpHaAa
AfSbAa
LlXaAa
MsHaAa
PuJbAa
KzWaAa
EuDaAa
KmNaAa
OkCaAa
SlVaAa
BsDaAa
AuAaAa
EcLbAa
ZgIaAa
FoAaAa
JhKaAa
QrJaAa
FgOaAa
KnJbAa
QwQaAa
VxFaAa
ZhFaAa
HzGaAa
IkEaAa
QcKbAa
TyNaAa
DnEaAa
JeWbAa
FhUbAa
CzDaAa
UuSaAa
WaAaAa
CbUaAa
MbLbAa
HyAaAa
YkHaAa
JkYbAa
TrIaAa
VhPaAa
WdYbAa
CwSaAa
OcMaAa
VoWaAa
AnGaAa
KnSaAa
CxFaAa
RfNbAa
WgEaAa
KfAaAa
SxUbAa
LgPaAa
CzDaAa
RjYbAa
LiDaAa
BpGaAa
BzAaAa
TkXaAa
BbSbAa
PhEaAa
EjGbAa
QfDaAa
TkXaAa
QsRaAa
BtTaAa
ObAbAa
LlFaAa
HoNbAa
HkGaAa
YkHaAa
StBaAa
FoKaAa
EuDaAa
CqYaAa
LfAaAa
QgKbAa
XlDaAa
PjMbAa
MrWaAa
KnCaAa
EbNbAa
FdKaAa
GjRbAa
VjCaAa
LsLaAa
TjVaAa
TcHaAa
QlGaAa
PuNaAa
ZgIaAa
KdQaAa
IgIaAa
NfGaAa
XmCbAa
EeZaAa
LzNaAa
BzJaAa
DcIaAa
KoBbAa
GlRbAa
KhQaAa
OlCbAa
XgGaAa
LdXaAa
MwBaAa
RcFbAa
HvNaAa
BcGaAa
JePbAa
LuLbAa
TzJaAa
BhLaAa
BaAaAa
KaUaAa
AxZaAa
CwAaAa
BpZaAa
UzAaAa
LtXbAa
WiMbAa
RvOaAa
LlFaAa
IgIbAa
SmCaAa
HkWbAa
UeRaAa
QtJaAa
ZvPaAa
KvAaAa
ApZaAa
QyBaAa
DiXaAa
WaZaAa
CoCaAa
TsSbAa
McFaAa
CeRaAa
UjBaAa
IzFaAa
VoWaAa
VaObAa
DqBaAa
CaYaAa
KyDaAa
RtBaAa
QcEaAa
IxQaAa
TaIaAa
MhMbAa
WeZaAa
CzDaAa
OpFaAa
YfKbAa
FeBbAa
ImTaAa
CuAaAa
KaIbAa
SnIaAa
JoVaAa
LjKaAa
FzLaAa
EtVbAa
CzDaAa
MfMbAa
KmEaAa
AyQaAa
MkBaAa
LgPaAa
AfLaAa
FzLaAa
RcFbAa
EbBaAa
MdObAa
LrKaAa
OaTbAa
HzCaAa
VwAaAa
MtYaAa
MbWaAa
LdHaAa
MwBaAa
GvIaAa
HzFaAa
NoUbAa
KmEaAa
HvNaAa
UcCaAa
NzQbAa
LzWaAa
EmKaAa
YsCaAa
PxKaAa
FdKaAa
AjIaAa
ArTaAa
JdFbAa
VeHaAa
ZkTaAa
EuDaAa
FnDaAa
ZnBaAa
RtBaAa
RrZaAa
McUaAa
UjAaAa
TdPaAa
NkAaAa
EnUbAa
RjNaAa
NuFbAa
EaLbAa
NoDbAa
CsPbAa
MhMbAa
IiBaAa
HnBaAa
QjTaAa
QsQaAa
HkWbAa
PrNbAa
ZoAaAa
HaHbAa
DmWaAa
IgIbAa
IgCaAa
FdKaAa
XgBaAa
CwAaAa
JcPaAa
EnUbAa
BjBaAa
FiGaAa
BsYbAa
UuMaAa
JcPaAa
NdMbAa
HzGaAa
PfDaAa
FfQbAa
KpYaAa
CsPbAa
MkAaAa
DxRbAa
SkDbAa
IcAaAa
VuIbAa
DrFbAa
VeXaAa
CxFaAa
AvTaAa
AmJbAa
OkCaAa
WdAaAa
UoCaAa
VaAaAa
MhMbAa
VsIbAa
PhZaAa
ZqTaAa
JcAaAa
CcDaAa
DsSaAa
BaAaAa
SnBbAa
IiNaAa
YbEaAa
KbUbAa
JrXaAa
GjRbAa
NfOaAa
HhMaAa
NvYaAa
IfUbAa
YhRbAa
HhFaAa
VuIbAa
TeBaAa
WmIbAa
WrAaAa
SmCaAa
GlAaAa
XfMaAa
GmPbAa
LtXbAa
SiJbAa
YrNaAa
CeGaAa
GjGbAa
WyMaAa
IwDaAa
EpEaAa
GgHbAa
EqCaAa
KmEaAa
EuDaAa
OaGbAa
FmOaAa
CdAaAa
FyVaAa
HkWbAa
RwNaAa
GmWbAa
JpMaAa
SeFbAa
LdCaAa
PcKbAa
UpAbAa
NdEbAa
QmMaAa
AdLaAa
KnYaAa
CcYaAa
TpLaAa
NwBaAa
BsYbAa
QsJbAa
QrFaAa
SuEaAa
PfDaAa
AhCaAa
YfKbAa
CeXaAa
IiTaAa
TgYaAa
LyBbAa
MoNaAa
QlBbAa
PhBaAa
KyUbAa
YvRaAa
LiUaAa
AlEaAa
YiGaAa
DgMbAa
BnLaAa
TdUaAa
ZlCaAa
GiAaAa
FiOaAa
GlAaAa
QaVaAa
NwFbAa
ZgWbAa
XeCaAa
AuAaAa
PhEaAa
TrIaAa
TzHbAa
DgMbAa
LyVbAa
ImHaAa
RhIaAa
BcRaAa
IkEaAa
XxXbAa
WiMbAa
QlTaAa
BjLaAa
KfAaAa
XvYbAa
LzEbAa
MfGaAa
RlGaAa
QhZaAa
ZrQaAa
KbUbAa
GiBbAa
XzYbAa
OaSaAa
XtIaAa
VpUaAa
WpNaAa
PbAaAa
BxDbAa
BeBaAa
XgBaAa
AbPaAa
NdEbAa
PuUaAa
DsSaAa
EaLbAa
QjTaAa
RmCaAa
NxCbAa
VuCbAa
PhEaAa
MwBaAa
IcAaAa
TsYbAa
PeKaAa
PrNbAa
UnUaAa
SbFaAa
XfMaAa
LxEaAa
RaDaAa
PhEaAa
NkAaAa
MwBaAa
CwAaAa
TbUaAa
JfAaAa
PbNaAa
ZsCaAa
HtRaAa
MrWaAa
FnDaAa
WaAaAa
BbSbAa
AvZaAa
KbUbAa
RyUaAa
EpNaAa
OjMbAa
EgVbAa
QtJaAa
OcMaAa
FbYbAa
StFaAa
FmOaAa
CmRaAa
BjLaAa
UnNaAa
CvBaAa
VeRaAa
OhAaAa
QyJbAa
SjNbAa
VbKaAa
WgBaAa
VbKaAa
LlFaAa
AfPbAa
DyEaAa
JzQaAa
DjTbAa
PhBaAa
HuOaAa
UiYaAa
DxFaAa
KfAaAa
WaAaAa
RkKbAa
QwJbAa
QuNaAa
MhWaAa
PbAaAa
KvPbAa
DyEaAa
YsCaAa
FgZaAa
LwCaAa
LlFaAa
TjVaAa
JwUbAa
LqLaAa
OsVbAa
SnBbAa
RiFaAa
NrBaAa
FnRbAa
WwGbAa
TzAaAa
UrIaAa
KvAaAa
GoNbAa
IbHaAa
KbDbAa
ThDaAa
MaNbAa
EcTaAa
AyQaAa
SmCaAa
VdAaAa
KbCaAa
AnZaAa
CwSaAa
AvTaAa
SlNbAa
XvYbAa
CxFaAa
CiKaAa
CaXaAa
YaFaAa
CeEaAa
MkAaAa
EmKaAa
YkBbAa
FiEbAa
JcPaAa
YnLbAa
VgEbAa
KiDaAa
GiAaAa
WpRbAa
XeDaAa
TrIaAa
MnSaAa
JcAaAa
BkYaAa
QfIbAa
QlTaAa
KdGaAa
SwSbAa
WdGbAa
VdFaAa
RpVaAa
YyOaAa
JzBaAa
FeCaAa
LcFaAa
MbLbAa
FgAaAa
ApZaAa
PhBaAa
XaAaAa
SoBaAa
FeDaAa
CuSaAa
YnDaAa
LtDaAa
XuDaAa
SxDaAa
RyIaAa
VcWaAa
FeDaAa
YrNaAa
KlSaAa
HtRaAa
ZhFaAa
CeGaAa
RyIaAa
DrAaAa
LsFbAa
OjMbAa
GqJaAa
SuEaAa
RwJbAa
ZzGaAa
TzAaAa
OkCaAa
HuGbAa
VjCaAa
BkYaAa
VlDaAa
FfMaAa
MtYaAa
UhGbAa
TzAaAa
QlTaAa
KfAaAa
YjQbAa
AhNbAa
EfYbAa
DgAaAa
WjPaAa
KaUaAa
BmObAa
LcAaAa
IhFbAa
LjXaAa
KfAaAa
CeRbAa
HzCaAa
GnDaAa
TrIaAa
HcNaAa
YkPbAa
DsIbAa
PfIaAa
VuKaAa
LsFbAa
EpEaAa
XuDaAa
NaPbAa
KmEaAa
NsHaAa
NkAaAa
CvBaAa
AjIaAa
PfDaAa
YbBaAa
CeEaAa
EuDaAa
NhAaAa
OhCbAa
LxXaAa
QlHaAa
VyEaAa
VoXbAa
RhNbAa
NuRbAa
QcBaAa
VhPaAa
DiXaAa
DhTbAa
IiBaAa
HrPaAa
MsLaAa
WoOaAa
QdNaAa
HkIbAa
EoFaAa
OnEbAa
QcEaAa
BzAaAa
MuBbAa
BxDbAa
DxRbAa
FoIbAa
AhXbAa
YyOaAa
XlBaAa
AjNbAa
BmQaAa
LcUaAa
TaIaAa
QrJaAa
PkMaAa
ZwLbAa
TsYbAa
TvFaAa
NdIaAa
GiAaAa
OiQbAa
CwAaAa
GkHaAa
FvYbAa
JkIaAa
BjTaAa
PhBaAa
JvWbAa
RaDaAa
GzCaAa
KbUbAa
SkFaAa
LzXaAa
NjZbAa
OpFaAa
FzLaAa
RmCaAa
KrSaAa
JhKaAa
CcYaAa
YnPaAa
GmWbAa
JwUbAa
JoVaAa
AtFaAa
QfIbAa
CcDaAa
NvYaAa
BaAaAa
UrGaAa
FxFbAa
AlEaAa
VaAaAa
ZzFaAa
GcAbAa
HbSaAa
CeYaAa
YkGaAa
UeXaAa
HxUaAa
SoBaAa
HyAaAa
KiDaAa
YvRaAa
WgEaAa
FnDaAa
KgUaAa
BoBaAa
RoMaAa
ZhFaAa
EuDaAa
RoJbAa
EoKaAa
IsTaAa
JjSaAa
DdAaAa
OsAaAa
XvYbAa
GbTbAa
PxAaAa
NrWaAa
GlCaAa
RrTbAa
EpQbAa
XfMaAa
OjOaAa
KrObAa
HaHbAa
SnIaAa
NvKaAa
VjCaAa
QcBaAa
FgAaAa
GeAbAa
MwBaAa
DqBaAa
FnDaAa
QlGaAa
VfGbAa
GnDbAa
MsLaAa
DaAaAa
MxIbAa
FvYbAa
DaWaAa
IiNaAa
GbSaAa
YbTbAa
XdAaAa
VxLaAa
KqBbAa
GbTbAa
JkIaAa
XeDaAa
VwAaAa
YyGbAa
LdEaAa
QhBaAa
IsTaAa
MwBaAa
SnBbAa
WwAaAa
ZxUaAa
IzUaAa
EySaAa
AcHaAa
KfAaAa
AnGaAa
VuIbAa
HxHaAa
GnDaAa
TvFaAa
EpNaAa
VyEaAa
KiCaAa
ZgCaAa
JoVaAa
LzNaAa
HlAaAa
QcSaAa
EuDaAa
ZgCaAa
DgAaAa
ZlAaAa
MoEaAa
QfDaAa
XdAaAa
DvCaAa
SmCaAa
DoSbAa
BaCaAa
AnNbAa
ZvPaAa
HvJbAa
SxDaAa
QwRaAa
DgAaAa
AwNaAa
RoMaAa
QyBaAa
YbTbAa
ZgCaAa
WpNaAa
SlIaAa
ScQaAa
EgJaAa
NfOaAa
OfZaAa
EcLbAa
HzCaAa
AhDaAa
DlGbAa
BmObAa
VoCaAa
OjMbAa
RrZaAa
RcFbAa
VpUaAa
QcSaAa
RyIaAa
OxGbAa
RhIaAa
NxNbAa
ByNaAa
WlDaAa
WaAaAa
MdZaAa
NkCaAa
QpAaAa
EuDaAa
YvRaAa
EtIaAa
SnBbAa
KpYaAa
NlEbAa
XxFaAa
NpPbAa
EuDaAa
RrZaAa
LsLaAa
FlPaAa
CeGaAa
McNbAa
OtNbAa
OsUaAa
NdIaAa
IgIbAa
KfAaAa
DoSbAa
SoBaAa
FtHaAa
TmAaAa
AdLaAa
FeZaAa
DnUaAa
BaAaAa
NaEaAa
SfPbAa
VlDaAa
YrNaAa
EjUaAa
ZgCaAa
RgKaAa
NkCaAa
EvGaAa
HxHaAa
LcFaAa
ZsOaAa
FgAaAa
DsSaAa
AvOaAa
WrAaAa
GaFaAa
EnRbAa
SfUaAa
SuEaAa
LrMbAa
AzAaAa
ZvNaAa
LsDbAa
NoRbAa
YqNbAa
JhKbAa
YbGbAa
SoBaAa
UxVbAa
RbFaAa
DrAaAa
HrEaAa
HuVaAa
XfMaAa
JfSaAa
UrAbAa
LkDaAa
DqBaAa
AjNbAa
NoUbAa
SoBaAa
IiNbAa
BqMaAa
QpAaAa
OpOaAa
MdZaAa
FpEaAa
OzEaAa
MdObAa
ZeNaAa
BaRaAa
MrWaAa
EdYbAa
ExCaAa
OlCbAa
PfCaAa
PqEaAa
EuDaAa
JuKbAa
WmIbAa
HgCaAa
LzNaAa
EuDaAa
EgRaAa
UqYaAa
DjUaAa
MdCaAa
MoAbAa
NxMaAa
BbSbAa
ImGaAa
TeQaAa
WcLbAa
WmIbAa
HlAaAa
YsCaAa
NnEbAa
HrEaAa
AoBaAa
OaGbAa
UtFbAa
KuCaAa
DoSbAa
TfPaAa
PlPbAa
VdAaAa
OaTbAa
TgQaAa
KbUbAa
JiBaAa
MdZaAa
WrUaAa
YaFaAa
JxNaAa
EeVbAa
KpYaAa
UoMbAa
LtXbAa
OsHaAa
VvLaAa
XjMaAa
KtXaAa
MsAbAa
AmAaAa
PuUaAa
SqSaAa
ZgIaAa
TsDaAa
PjCbAa
TiQaAa
CwXaAa
HeCbAa
BaAaAa
CxFaAa
JcAaAa
CvBaAa
DqYbAa
FbBaAa
KqGaAa
RbFaAa
AvTaAa
XaAaAa
FxBaAa
GlAaAa
LpHbAa
GwVaAa
TjVaAa
AeSaAa
HiEaAa
PgFaAa
KzIaAa
LmEaAa
UvLaAa
LhXaAa
ZgCaAa
LkDaAa
KiDaAa
FzLaAa
HiTaAa
RlHaAa
UmAaAa
ZgCaAa
ViHbAa
NvYaAa
NfEaAa
GwVaAa
WlUbAa
UjAaAa
VgRaAa
FhUbAa
EeZaAa
NtWaAa
UoCaAa
JkEaAa
DoSbAa
YnPaAa
XmOaAa
UgLbAa
NdEbAa
XpEaAa
AnGaAa
SfUaAa
VzDaAa
CqYaAa
BvBaAa
FnDaAa
MhWaAa
PlPbAa
DnGbAa
FoWaAa
MtYaAa
BqSaAa
ZbBaAa
TpLaAa
PmPaAa
SqSaAa
LqLaAa
UjAaAa
DvCaAa
VaObAa
CtBbAa
ZgSbAa
WdAaAa
TiKaAa
KqAaAa
HxIaAa
MdHaAa
BbSbAa
RqPaAa
QaVaAa
CtBbAa
MoEaAa
EaLbAa
QmLbAa
VbXbAa
KnObAa
ZwLbAa
OfHbAa
JrXaAa
YlMaAa
ZkZaAa
RwNaAa
EeYaAa
IhFbAa
XmOaAa
QeAaAa
MkBaAa
FoEbAa
WaAaAa
ErUaAa
EyNbAa
RfNaAa
ZlAaAa
TmSaAa
XmCbAa
JfAaAa
GaNaAa
GnDaAa
VdFaAa
ZvPaAa
KmEaAa
RpAaAa
LjKaAa
CaAaAa
EvHbAa
MlHbAa
UpFbAa
HrEaAa
YoNbAa
AtQbAa
UoCaAa
EpNaAa
YlMaAa
TzJaAa
EtRbAa
EkHbAa
RcBaAa
YiTaAa
LwFaAa
XzDaAa
DeHaAa
JdBaAa
VvBbAa
ZaHbAa
GsBaAa
XqOaAa
CwAaAa
KvPbAa
WdAaAa
JnYaAa
UjBaAa
NlEbAa
FbBaAa
BaAaAa
LnMbAa
ZnBaAa
WsCbAa
KiDaAa
LzEbAa
ZuOaAa
VjCaAa
RpAaAa
HqNbAa
KpYaAa
EgHaAa
GiAaAa
XjMaAa
DgAaAa
ZqTaAa
JuUbAa
QyBaAa
QcEaAa
LuCaAa
FvGaAa
PjZaAa
XmOaAa
YkZaAa
XiWbAa
ErUaAa
FxFbAa
LrMbAa
UjAaAa
JmTbAa
UwSaAa
JrXaAa
QlTaAa
LfAaAa
BxTaAa
CjBaAa
WaAaAa
BpLaAa
WxLaAa
TbCbAa
FiGaAa
DvCaAa
BtFaAa
PjWbAa
EgVbAa
PjSbAa
FeCaAa
LxEaAa
ImBbAa
ScRbAa
DgAaAa
MzKbAa
JqAaAa
SmQaAa
ObAbAa
LsLaAa
MbLbAa
LgPaAa
QfIbAa
SkFaAa
ArVaAa
ItEaAa
NhAaAa
CaAaAa
ByNaAa
JpJbAa
VfGbAa
KmEaAa
NhEbAa
LlFaAa
VcIaAa
TmAaAa
ZgCaAa
EpEaAa
QgKbAa
CyWaAa
CcDaAa
AuAaAa
OjJaAa
ErUbAa
ZlAaAa
QmMaAa
NhAaAa
KfAaAa
DbPbAa
AkFbAa
SeFbAa
PeAaAa
DxFaAa
OpOaAa
VrLbAa
IiNaAa
FfFaAa
SfPbAa
RtBaAa
YiIbAa
CxTaAa
TaDbAa
OgQbAa
UvBaAa
CxFaAa
FxFbAa
FtHaAa
YyOaAa
KiCaAa
EvGaAa
FeCaAa
UpFbAa
OyFaAa
QgKbAa
SlIaAa
UsKaAa
EpEaAa
MoNaAa
VjCaAa
XoAaAa
FzLaAa
NvCbAa
LrSaAa
JhKaAa
MkUaAa
VcIaAa
HqJaAa
ZrPaAa
YbEaAa
JgLaAa
DgAaAa
DbKaAa
KbDbAa
HcNaAa
WyMaAa
YnDaAa
EyNbAa
TqMaAa
MxSaAa
OzMaAa
FtHaAa
TzJaAa
PwHaAa
QgKbAa
YeIbAa
UoCaAa
IhFbAa
FeBbAa
NaYbAa
GnDaAa
YyOaAa
GwVaAa
HtAaAa
MkAaAa
LbJaAa
BqMaAa
DjTbAa
IiBaAa
VyIbAa
ZqTaAa
MkAaAa
CcDaAa
LsFbAa
BeBaAa
DxFaAa
KvPbAa
YaFaAa
AyHaAa
BmVbAa
BlLaAa
MuBbAa
FxFbAa
XtHaAa
SmCaAa
JcAaAa
BvFaAa
EbNbAa
HaEbAa
KqBbAa
LtXbAa
MfGaAa
AuEaAa
HfKaAa
GvIaAa
TiKaAa
OxAaAa
CwAaAa
DxRbAa
ZzCaAa
AuWbAa
IyAaAa
RpAaAa
JcAaAa
NnAaAa
PjEbAa
EuKaAa
GfKbAa
WlUbAa
MkAaAa
KqGbAa
LdCaAa
ZfKaAa
WaAaAa
ZlAaAa
OcZbAa
OtCbAa
BvBaAa
HaHbAa
YyGbAa
SqSaAa
AjIaAa
AvTaAa
XxFaAa
AuEaAa
OaTbAa
DsEbAa
WoKaAa
OiQbAa
MkAaAa
ViHbAa
KnObAa
MsAbAa
TrIaAa
RoJbAa
QjEaAa
KmIaAa
TdPaAa
QgFaAa
GkGaAa
EeObAa
EuYaAa
CcDaAa
LyVbAa
TcDbAa
CvBaAa
XwKaAa
GjMaAa
RwPaAa
PeKaAa
UwSaAa
ZxUaAa
AfSbAa
NeQbAa
OhHbAa
IzHaAa
JkYbAa
YnPaAa
LsLaAa
DzObAa
TsSbAa
GkJaAa
OxAaAa
VuIbAa
TjVaAa
EiRaAa
OqNaAa
PhZaAa
YvQaAa
IuJaAa
UeGaAa
JcAaAa
ZgIaAa
GsCaAa
XiWbAa
PuHaAa
BaAaAa
TrIaAa
KvAaAa
AdLaAa
NaYbAa
XvHaAa
LbIaAa
UjBaAa
LqHaAa
HxHaAa
PeAaAa
HyAaAa
KvSbAa
WlDaAa
BpTbAa
CtBbAa
NxMaAa
ImGaAa
NdEbAa
YnDaAa
IrEaAa
JvMbAa
ZqTaAa
PeAaAa
TkFaAa
HqTaAa
HdKbAa
IbHaAa
RgKaAa
BnTbAa
FtRbAa
KoBbAa
UnUaAa
XaAaAa
TbCbAa
NvKaAa
GiAaAa
RiFaAa
FzFbAa
YvUaAa
PmBaAa
YsBaAa
WzYbAa
VyEaAa
HyGbAa
PhBaAa
PfDaAa
UmAaAa
BaRaAa
UhGbAa
PcKbAa
GoNbAa
HyOaAa
PjZaAa
DyEaAa
ZqJaAa
LlFaAa
CwAaAa
WjPaAa
UiAbAa
HtAaAa
EeVbAa
EeDaAa
QhBaAa
CoSaAa
UwEbAa
HuOaAa
XiWbAa
SiJbAa
OaTbAa
PjEbAa
VaOaAa
VrAaAa
JkNbAa
MuBbAa
ArVaAa
WsCbAa
CdAaAa
TsDaAa
YkZaAa
NjHbAa
StBaAa
BkSaAa
LhXaAa
RpVaAa
UsDaAa
WaAaAa
DxFaAa
DoSbAa
BiKaAa
MsGaAa
HrEaAa
BjBaAa
QcEaAa
VwAaAa
VpAbAa
ZlAaAa
YiIbAa
ZxUaAa
NbWaAa
GfFaAa
KbCaAa
DjBaAa
MdJaAa
GcAbAa
ZuZaAa
UcYaAa
AlNaAa
KlQaAa
EbBaAa
NvCbAa
UuMaAa
KpJbAa
MwBaAa
ToHbAa
GbTbAa
JxNaAa
YaFaAa
OhCbAa
AuAaAa
XiWbAa
UaJbAa
BaAaAa
EnRbAa
XjMaAa
CwAaAa
MdVbAa
FeCaAa
OfAbAa
CqMbAa
NdDaAa
UmFaAa
ToBaAa
BcRaAa
FmOaAa
EtRbAa
CdAaAa
GkBbAa
QsQaAa
DaOaAa
HuVaAa
HzGaAa
NzYaAa
SfUaAa
CnNaAa
LqHaAa
LvEbAa
OjXbAa
JbGaAa
BsXaAa
OpOaAa
WuIbAa
GzCaAa
LxEaAa
DaOaAa
OqRbAa
DxCaAa
KcFaAa
ZlJbAa
BcRaAa
PiQbAa
DeYaAa
XgZaAa
DcWaAa
OtNbAa
YnDaAa
AnGaAa
RcEaAa
PlSbAa
CrGaAa
NoUbAa
PyRaAa
IeWbAa
CuSaAa
VkOaAa
OzMaAa
ScRbAa
KrSaAa
UzAaAa
IcAaAa
FzLaAa
NkCaAa
UtBbAa
OgQbAa
LsDbAa
YjQbAa
CwSaAa
TrIaAa
CdAaAa
WsCbAa
OqLbAa
FeIaAa
MfGaAa
HtAaAa
LxXaAa
MzQbAa
PhBaAa
EbBaAa
IiBaAa
RoDaAa
ApZaAa
MhMbAa
OfAbAa
MhMbAa
YrRaAa
XiWbAa
QsQaAa
WkKaAa
OkAaAa
QmLbAa
BaAaAa
PsAaAa
FsBaAa
VoWaAa
BpHaAa
PfCaAa
YkZaAa
UpAbAa
RjYbAa
ZrEaAa
JfSaAa
ZaHbAa
TgQaAa
BvTaAa
ItAaAa
YvRaAa
PuJbAa
MiGbAa
WcTaAa
PcKbAa
EqWaAa
AbBbAa
MkAaAa
WdAaAa
CtBbAa
CsMaAa
BbSbAa
FhUbAa
DqBaAa
VaAaAa
LdDbAa
MaBaAa
KiDaAa
OhHbAa
KrSaAa
UqYaAa
IhFbAa
EeOaAa
LrSaAa
LdCaAa
RgJbAa
GkXbAa
CdAaAa
LfAaAa
EgHaAa
VaAaAa
WcLbAa
LnMbAa
FtHaAa
HtAaAa
AtTaAa
AyHaAa
WcMbAa
QkMaAa
CzDaAa
KyDaAa
FeIaAa
BsXaAa
KuCaAa
AtFaAa
QcBaAa
XlFbAa
QcEaAa
GeBbAa
MoNaAa
PfDaAa
YkHaAa
EgVbAa
OzMaAa
YkBbAa
QcEaAa
FlPaAa
RvZaAa
HgCaAa
EeDaAa
HyAaAa
MbTaAa
YbEaAa
MlKaAa
VrAaAa
FxBaAa
VgRaAa
UiYaAa
OqNaAa
VcIaAa
ZlAaAa
ObAbAa
CcCaAa
FsBaAa
YnPaAa
WpDbAa
DcDaAa
DoSbAa
OxAaAa
UqYaAa
ShDaAa
YnPaAa
ZgIaAa
VaAaAa
GiBbAa
WrUaAa
VaAaAa
JxNaAa
ZuOaAa
RdSbAa
ThCaAa
RwPaAa
CzDaAa
ZgWbAa
XeIaAa
PjZaAa
NeFaAa
SxDaAa
OpFaAa
ZgCaAa
AjIaAa
TrIaAa
DoSbAa
TdPaAa
VlDaAa
JuKbAa
ZzCaAa
OhBbAa
EnUbAa
ZnBaAa
OfHbAa
UsMaAa
BaAaAa
KbCaAa
YkGaAa
QfDaAa
HxIaAa
AoBaAa
GgEaAa
QgKbAa
RcFbAa
HyGbAa
OjMbAa
TvFaAa
BcGaAa
AnGaAa
WxFaAa
OxGbAa
XuDaAa
GlAaAa
UtFbAa
CzDaAa
DqBaAa
MwBaAa
ImGaAa
GtIaAa
CsPbAa
YnKbAa
ZgCaAa
VfGbAa
OxAaAa
JrXaAa
JdFbAa
RiFaAa
LwCaAa
ImBbAa
IcAaAa
SvTaAa
UeRaAa
AhDaAa
DgAaAa
MpXbAa
SlYbAa
AlNaAa
NxMaAa
KxPaAa
CjBaAa
IkEaAa
DmWaAa
DlGbAa
LbDaAa
YeIbAa
ZgCaAa
NrXbAa
OzEaAa
MjZbAa
PjSbAa
BzAaAa
LbIaAa
SmCaAa
PmBaAa
YlMaAa
LsFbAa
WmIbAa
MeTbAa
JcAaAa
YvUaAa
RuPaAa
JpSaAa
RjYbAa
IkEaAa
LpBaAa
PrOaAa
ReSaAa
OnAaAa
HtAaAa
UaXaAa
TdPaAa
PvDaAa
VfYbAa
EgHaAa
BzAaAa
JdBaAa
ZgIaAa
GrNaAa
XpEaAa
TjVaAa
ZmZaAa
LyBbAa
BlEaAa
ZeNaAa
NvWaAa
EmWaAa
VdFaAa
IkTaAa
XeDaAa
ZaPaAa
TcDbAa
YvQaAa
SmCaAa
JcPaAa
MkAaAa
FoIbAa
VtGaAa
CnNaAa
BjIaAa
DgMbAa
KnSaAa
CaXaAa
MsGaAa
UzObAa
LsFbAa
OzEaAa
NaEaAa
PaQbAa
QdNaAa
AuRaAa
CeXaAa
CxVbAa
OcMaAa
GbSaAa
UmFaAa
YpPaAa
ZgCaAa
OtNbAa
YaFaAa
JzBaAa
KmEaAa
IxQaAa
AfWbAa
TcDbAa
KfAaAa
AmYaAa
WeZaAa
HtRaAa
JiBaAa
LuLaAa
FeTaAa
BhLaAa
AfWbAa
OzEaAa
YbEaAa
EeHaAa
EuDaAa
CaRaAa
LrSaAa
MaNbAa
WoKaAa
WwYaAa
QbLaAa
AtTaAa
CrAaAa
GeCaAa
VpUaAa
NwBaAa
XqOaAa
UwEaAa
CzDaAa
ZxHaAa
QcEaAa
HxIaAa
WqEbAa
WmIbAa
BaIaAa
UcXaAa
LgPaAa
HtNaAa
XpEaAa
ViHbAa
MdJaAa
ZsCaAa
HhFaAa
KtXaAa
InMaAa
SnBbAa
IqTaAa
YeCaAa
EyIbAa
CaAaAa
FtHaAa
MkAaAa
CvCaAa
DgMbAa
BdPaAa
AjAaAa
ZxIaAa
CvBaAa
LdDbAa
FdGbAa
RaGaAa
IpQaAa
JcAaAa
KyJaAa
EiRaAa
QpAaAa
VtLbAa
MsIaAa
PuUaAa
LsDbAa
LqLaAa
HrJbAa
UhYbAa
MaBaAa
PhEaAa
IiNaAa
YkZaAa
OlCbAa
BsDaAa
ZsBaAa
UeXaAa
DdTbAa
ViHbAa
WlUbAa
CeRaAa
EuDaAa
ExCaAa
MtDaAa
UqYaAa
WdGbAa
VdAaAa
OjMbAa
MbTaAa
NnAaAa
HzFaAa
NoDbAa
UkXaAa
LzEbAa
JpMaAa
JwJaAa
QwJbAa
VcWaAa
OiQbAa
HgCaAa
QlBbAa
CwSaAa
NaEaAa
VqXbAa
MwBaAa
WaAaAa
VuIbAa
HtAaAa
VoCaAa
ZuJaAa
CcYaAa
BzJaAa
RrTbAa
ZxHaAa
DdTbAa
BaAaAa
MuFbAa
YkBbAa
OeKbAa
RyIaAa
JdFbAa
DvCaAa
AfLaAa
AhCaAa
TdPaAa
OsUaAa
AvTaAa
NkCaAa
YlBaAa
QyBaAa
WqEbAa
IgIbAa
AfPbAa
GyGbAa
EbXbAa
MhMbAa
RmCaAa
AdLaAa
LiDaAa
GiAaAa
RmJbAa
WwYaAa
KmEaAa
PjEbAa
MtYaAa
SlEaAa
NtKaAa
YyGbAa
YuVaAa
VdAaAa
NaBaAa
QlZaAa
RtJaAa
ZiSbAa
ItAaAa
LfAaAa
ToHbAa
RmCaAa
LsDbAa
XbGbAa
ZuJaAa
RcEaAa
BmSaAa
HkIbAa
IsTaAa
UaJbAa
NkAaAa
JyJaAa
QcEaAa
DcWaAa
UsKaAa
MbLbAa
YaFaAa
PtNbAa
BxJaAa
XbEaAa
PfIaAa
IiBaAa
NoUbAa
DaAaAa
XxXbAa
OhAaAa
ZxIaAa
ZgCaAa
EgAaAa
OhAaAa
CwAaAa
UeXaAa
LrKaAa
PrOaAa
GmWbAa
GkGaAa
RiFaAa
ZaHbAa
IiBaAa
ItPaAa
UvLaAa
GyGbAa
LjKaAa
UhGbAa
NfWaAa
XzYbAa
FuDaAa
PjXbAa
KbUbAa
TdPaAa
QtVaAa
SaCaAa
WsCbAa
PrOaAa
MxSaAa
PuNaAa
FeIaAa
GiAaAa
QcEaAa
NvYaAa
XhQbAa
OhCbAa
MzIbAa
XfMaAa
XkPbAa
GvIaAa
DzDaAa
AhDaAa
TbCbAa
GsBaAa
LyBbAa
SoBaAa
WsCbAa
CjCaAa
BjBaAa
BfPaAa
LcUaAa
BpLaAa
XbEaAa
GjUbAa
WdYbAa
LtDaAa
CcYaAa
WzYbAa
EbXbAa
TfPaAa
JpJbAa
VaOaAa
YkBbAa
VqXbAa
RxLbAa
DeHaAa
VeHaAa
MtDaAa
OhCbAa
AtTaAa
HxHaAa
ZlAaAa
LvEbAa
RbAaAa
NrBaAa
NqKbAa
LiDaAa
AuWbAa
UrAbAa
TmCaAa
HlKbAa
CeGaAa
DjUaAa
CeEaAa
AuAaAa
EsCbAa
QwQaAa
JgLaAa
ZzCaAa
PyGaAa
RcFbAa
ApZaAa
EySaAa
JiNbAa
IcLaAa
ZrEaAa
AtTaAa
SpTbAa
QeAaAa
EySaAa
LlFaAa
FgBbAa
ExLaAa
MlWaAa
FjMaAa
UcJaAa
DoXbAa
IbHaAa
QdNaAa
RvJaAa
EbBaAa
AfLaAa
DoSbAa
EnUbAa
EcOaAa
ZxUaAa
TzAaAa
QnTaAa
DhTbAa
MsBbAa
QdNaAa
BnTbAa
PfDaAa
XmOaAa
BaAaAa
ImBbAa
TcRaAa
JzHaAa
VbKaAa
EeVbAa
SlYbAa
HmJaAa
QcBaAa
CvBaAa
OjXbAa
JgLaAa
FvHaAa
VjCaAa
UrGaAa
DaOaAa
LyVbAa
VbKaAa
MrSaAa
OqRbAa
OxGbAa
FsBaAa
MhWaAa
TjAaAa
UvLaAa
JqAaAa
ItPaAa
NbTaAa
JoHaAa
EvHbAa
ZlCaAa
XbEaAa
FeTaAa
NwRbAa
FyMaAa
CyNaAa
NkAaAa
EvGaAa
IwZaAa
GkJaAa
YiEbAa
PhBaAa
EeVbAa
FnDaAa
TmCaAa
LsLaAa
LvEbAa
XiGaAa
TmSaAa
NfHaAa
FwKaAa
UtFbAa
YeHbAa
OkCaAa
CiLbAa
TyNaAa
CaAaAa
YbSaAa
TvFaAa
BcRaAa
MkBaAa
CdAaAa
MdVbAa
KdQaAa
OkAaAa
HfFaAa
JyAbAa
QfIbAa
UrHaAa
RwJbAa
QyJbAa
EvGaAa
PhBaAa
OwGaAa
YkGaAa
GfKbAa
SuEaAa
YnPaAa
DcWaAa
RnTaAa
WsCbAa
TiQaAa
BzUbAa
VqBaAa
YjKbAa
XsNbAa
ZrEaAa
DoSbAa
ZgCaAa
NeFaAa
CoCaAa
ZsOaAa
DuPbAa
ZvQaAa
AfNbAa
VhTbAa
ErUaAa
KbDaAa
YaEbAa
StBaAa
XlBaAa
BaAaAa
EgVbAa
JjFaAa
RyIaAa
DxRbAa
XiWbAa
DhTbAa
LdHaAa
IvJbAa
PvDaAa
NsAbAa
RfNaAa
JdFbAa
ZgCaAa
NwBaAa
OsAaAa
ZzJbAa
CwXaAa
ImGaAa
PbAaAa
DoSbAa
MdOaAa
CqMbAa
AoDaAa
TrBbAa
MwBaAa
JhKaAa
XlBaAa
SdPbAa
JhKaAa
KrSaAa
YsBaAa
BqMaAa
NaYbAa
DdFaAa
IhFbAa
IoZaAa
DsIbAa
PwHaAa
AnGaAa
AtFaAa
YsBaAa
IhKbAa
QuUaAa
DcIaAa
XwKaAa
SpZaAa
QsRaAa
QvDaAa
YvQaAa
AiJbAa
FlPaAa
PkMaAa
SzUbAa
XkPbAa
YsBaAa
IlJbAa
HrQaAa
XxLaAa
UoCaAa
MbLbAa
DiXaAa
PmKbAa
ViWaAa
ZmZaAa
QlZaAa
FvYbAa
RoJbAa
HqFaAa
HdKbAa
DjDaAa
RgJbAa
NpCaAa
PbNaAa
RpAaAa
DrAaAa
UzAaAa
CwAaAa
NnEbAa
MyObAa
IcAaAa
MfRaAa
GlCaAa
JpMaAa
BcRaAa
WgEaAa
FdKaAa
CcDaAa
SuEaAa
WsCbAa
RjYbAa
DcJaAa
OpFaAa
StBaAa
JjFaAa
ZqTaAa
SnBbAa
JuKbAa
WwYaAa
TiQaAa
ImTaAa
EgHaAa
FhUbAa
CaXaAa
HtRaAa
UeGaAa
QrFaAa
OsAaAa
QyJbAa
TsYbAa
HgCaAa
VlDaAa
HzFaAa
ZlAaAa
VyEaAa
HxUaAa
QhSbAa
LpBaAa
QrFaAa
CwAaAa
AlLaAa
RxLbAa
EqWaAa
XbBaAa
CcDbAa
IzHaAa
VrUbAa
TtFaAa
KbCaAa
VuIbAa
RyPbAa
GgCbAa
OjHaAa
TeBaAa
KbDbAa
KcAaAa
XkMbAa
GrRbAa
TzAaAa
CdAaAa
GjUbAa
GsBaAa
UpFbAa
IoZaAa
IcAaAa
GaFaAa
BtTaAa
WpRbAa
BiDbAa
NwBaAa
AfPbAa
NgYbAa
RcFbAa
ZiIbAa
MuGaAa
IsFaAa
UmFaAa
EcLbAa
NkCaAa
ImTaAa
JhJbAa
DjTbAa
WrUaAa
GjMaAa
WoEbAa
RjYbAa
FnDaAa
UjAaAa
LmEaAa
IwDaAa
UmRaAa
MhMbAa
YrRaAa
CrGaAa
FjMaAa
ChUaAa
GtUaAa
WyMaAa
BhLaAa
JtEaAa
KvPbAa
MtYaAa
AlLaAa
XiWbAa
RgKaAa
ZnDaAa
GfFaAa
EsWaAa
LcUaAa
FfQbAa
WgEaAa
NoRbAa
YaFaAa
JnYaAa
YyOaAa
GfFaAa
OoUbAa
NvYaAa
XeTaAa
RfDaAa
XuDaAa
LvEaAa
QlGaAa
TaJaAa
VoCaAa
EuYaAa
GsBaAa
LzNaAa
HxIaAa
RxLbAa
ReSaAa
NoDbAa
BnLaAa
UhGbAa
ErUbAa
WyKbAa
DaAaAa
RjYbAa
MjKaAa
UqYaAa
BdPaAa
XgBaAa
TsSbAa
DgAaAa
MkAaAa
NlEbAa
FsCaAa
MqFbAa
VdAaAa
PaGbAa
XlPaAa
XbEaAa
PxAaAa
LpBaAa
GiAaAa
YnPaAa
UsKaAa
LtDaAa
WsCbAa
GiOaAa
OfAbAa
EpEaAa
OhBbAa
XbEaAa
EcLbAa
QjWbAa
PfDaAa
HvNaAa
SkFaAa
BwEaAa
EpEaAa
EgEaAa
SeSaAa
ZzFaAa
MzIbAa
VwMaAa
JdSaAa
BaIaAa
IzHaAa
AoBaAa
QwRaAa
GtUaAa
OaTbAa
EuDaAa
HhFaAa
NsRbAa
LwCaAa
UfTbAa
MaBaAa
TsDaAa
YsBaAa
IdSaAa
QaVaAa
TbCbAa
SfXbAa
IiNaAa
EpEaAa
PkKbAa
QzOaAa
WjPaAa
CrAaAa
HvNaAa
LtMaAa
FzFbAa
KiDaAa
IhKbAa
PhBaAa
YvRaAa
KqIaAa
ToXaAa
NkCaAa
YkZaAa
UuMaAa
QrFaAa
CeYaAa
CcDaAa
DvLaAa
TpLaAa
ErUaAa
RlBbAa
EjGbAa
GxBaAa
DpUaAa
UrHaAa
ZzCaAa
GiAaAa
AvOaAa
MkAaAa
WoEbAa
UiYaAa
KfAaAa
CjBaAa
CcDaAa
ReAaAa
SxDaAa
CaIaAa
PhTaAa
GfKbAa
LiDaAa
UhGbAa
EvFbAa
HvQaAa
CqYaAa
KoIaAa
QgKbAa
DpGaAa
NaEaAa
SfPbAa
ZsBaAa
EcWaAa
DoXbAa
NnAaAa
HzFaAa
DqBaAa
TvFaAa
KuCaAa
AhDaAa
BxTaAa
CkRaAa
XeCaAa
PnCbAa
DcWaAa
VgJaAa
KbUbAa
DyEbAa
ZgCaAa
KbUbAa
EsCbAa
UnNaAa
JuUbAa
ScQaAa
BzAaAa
DcDaAa
KzWaAa
CxVbAa
ImHaAa
QeMaAa
NaYbAa
BmVbAa
OqRbAa
IdKbAa
VdAaAa
TzJaAa
TxVbAa
YjMaAa
UjAaAa
LbJaAa
XiEbAa
HvNaAa
PfTaAa
TqSaAa
QfDaAa
JuUbAa
YhRbAa
DiXaAa
CyWaAa
SiFaAa
OlCbAa
VjUaAa
JzIaAa
JwJaAa
WsWaAa
QyBaAa
HxIaAa
GrNaAa
ZxHaAa
MwBaAa
GmWbAa
VuIbAa
JdEaAa
GcAbAa
TbUaAa
JcAaAa
XiGaAa
LgPaAa
XlPaAa
UvVbAa
KcPaAa
DlGbAa
XqOaAa
OtNbAa
EdFaAa
HyAaAa
PjZaAa
PbAaAa
QbLaAa
ZjQbAa
HnBaAa
PkMaAa
HyAaAa
AtGbAa
LhYaAa
KqBbAa
WwGbAa
VeMbAa
LkDaAa
BaAaAa
QdWbAa
SlVaAa
KfAaAa
KdEaAa
DcDaAa
XuDaAa
ToHbAa
PuHaAa
OiUbAa
WdAaAa
CvBaAa
FgZaAa
MvPbAa
FeCaAa
IkEaAa
ZmZaAa
NaXbAa
OxAaAa
QaVaAa
JiNaAa
TzAaAa
QzKaAa
DrAaAa
VeHaAa
PwIaAa
VgRaAa
MnFaAa
AhDaAa
XxGaAa
OkCaAa
WiHaAa
BhLaAa
WoKaAa
VgJaAa
DoSbAa
NdEbAa
JjFaAa
MbTaAa
LvEbAa
ZwLbAa
EsYaAa
AuWbAa
WxFaAa
BmObAa
NoEaAa
CeGaAa
ZsBaAa
WgBaAa
SlIaAa
LrKaAa
KrYbAa
WyMaAa
GtUaAa
UpAbAa
UrAbAa
FmOaAa
TmObAa
HtAaAa
QyJbAa
ZfKaAa
RtBaAa
PhZaAa
GnDaAa
EeZaAa
DeHaAa
NyLaAa
AiJbAa
QpAaAa
SaCaAa
EjUaAa
QbLaAa
FsBaAa
XjMaAa
YkZaAa
KdEaAa
PfTaAa
EqWaAa
GvIaAa
AzAaAa
HfKaAa
RjPbAa
AlEaAa
XiWbAa
VgRaAa
LqHaAa
DxRbAa
HhFaAa
CmVbAa
GaFaAa
UrDbAa
RiSaAa
UpAbAa
DrAaAa
SfPbAa
AuAaAa
CwXaAa
YvRaAa
NhHaAa
NdEbAa
KqAaAa
VcWaAa
ReSaAa
UcJaAa
GzCaAa
QdNaAa
ZoTaAa
FeTaAa
OyLaAa
TsDaAa
AzAaAa
BjAaAa
TaJaAa
XeAbAa
EyEaAa
KrSaAa
KdQaAa
OlCbAa
TgYaAa
VuKaAa
HlCaAa
FeDaAa
TjAaAa
EgVbAa
JtPaAa
DhUaAa
WzYbAa
EiRaAa
EqWaAa
NkAaAa
BeBaAa
VaAaAa
ZxHaAa
QlGaAa
MrWaAa
WaAaAa
CkXaAa
LsLaAa
FfQbAa
ScQaAa
XiWbAa
LhYaAa
EuDaAa
AwJbAa
OvEbAa
CcGaAa
FeVbAa
LcUaAa
CzDaAa
DiObAa
JfSaAa
TzHbAa
GfKbAa
HsOaAa
ByNaAa
NvYaAa
GmPbAa
BfPaAa
LsFbAa
VxFaAa
MnFaAa
TzAaAa
YeIbAa
RoJbAa
TfPaAa
JcAaAa
SlNaAa
WoEbAa
XxXbAa
LaIbAa
AmAaAa
DfTbAa
QjEaAa
PfTaAa
BkYaAa
CcGaAa
RjNaAa
HhFaAa
HtAaAa
HzGaAa
ZlAaAa
NzYaAa
AzAaAa
XzLaAa
VwMaAa
VgJaAa
SfWbAa
ScRbAa
XzLaAa
YsBaAa
KmEaAa
ToHbAa
CeRaAa
EpEaAa
XeBbAa
RbPaAa
HtRaAa
QzKaAa
ZgCaAa
FiEbAa
ZzGaAa
PfIaAa
XdAaAa
CtBbAa
DiXaAa
EbBaAa
SiJbAa
HtNaAa
WeZaAa
NeFaAa
EkHbAa
NkCaAa
CeRaAa
JqVaAa
DoXbAa
FsBaAa
JpJbAa
JvMbAa
MhMbAa
LjKaAa
RyPaAa
YjQbAa
VhPaAa
MjZbAa
XxXbAa
FpKbAa
KaSbAa
DxFaAa
WfGbAa
GgMbAa
RoJbAa
XoOaAa
PbAaAa
KyDbAa
OlIbAa
KcFaAa
VhPaAa
FeObAa
UmMbAa
HpEaAa
JgXbAa
JzBaAa
LhXaAa
JiBaAa
NvYaAa
AnBbAa
MwBaAa
HnDaAa
BmObAa
BdPbAa
FbYbAa
KbDbAa
UcJbAa
QmLbAa
EvHbAa
LtSbAa
NoRbAa
JfSaAa
GzCaAa
LtDaAa
PcMaAa
ImHaAa
KoIaAa
RpVaAa
JnJbAa
DvLaAa
QzKaAa
NkCaAa
VbKaAa
XdKaAa
JmTbAa
QhBaAa
XeBbAa
JoHaAa
MsHaAa
BqMaAa
OaSaAa
LtDaAa
RoDaAa
AuAaAa
KqIaAa
QcBaAa
ZgCaAa
YsBaAa
FpEaAa
GzCaAa
TiJbAa
FvYbAa
GiAaAa
ScQaAa
TfPaAa
CxFaAa
RjNaAa
UsKaAa
YlMaAa
JfSaAa
CdAaAa
KdQaAa
ZfKaAa
NrCaAa
NoRbAa
YjQbAa
MxXaAa
AgJbAa
FeCaAa
LdCaAa
NkCaAa
EcOaAa
KmEaAa
YmPbAa
BiDbAa
YrNaAa
XoJaAa
IcLaAa
YjQbAa
JoHaAa
QsQaAa
BxTaAa
WfGbAa
XmCbAa
WjPaAa
HtRaAa
TpHaAa
FwKaAa
GwKbAa
QpTaAa
ZrPaAa
FsBaAa
OhAbAa
KwJaAa
LiDaAa
FtIaAa
DsIbAa
MtYaAa
JcNaAa
KpYaAa
ZlAaAa
LrKaAa
DlDaAa
WbKaAa
GgCbAa
AfWbAa
JuKbAa
MzQbAa
YpPaAa
RwSbAa
WoKaAa
LqLaAa
CpLaAa
WpRbAa
VcWaAa
ToXaAa
RjNaAa
JjSaAa
LfAaAa
BmSaAa
CrAaAa
IcAaAa
OaTbAa
WaAaAa
DxRbAa
KqIaAa
QlBbAa
OaZbAa
SsObAa
JzQaAa
TfPbAa
GiCbAa
ReAaAa
NlKaAa
KaIbAa
VwMaAa
NfEaAa
WrUaAa
SnGaAa
XxCaAa
BeRbAa
TaCaAa
ZgCaAa
SpTbAa
PmKbAa
ZrPaAa
VpUaAa
BxTaAa
ZaPaAa
TpLaAa
VoCaAa
NoUbAa
YaFaAa
WwYaAa
DlGbAa
DbKaAa
CjCaAa
RaDaAa
JnMaAa
GgCbAa
OzMaAa
VwAaAa
YbSaAa
IhKbAa
EsIbAa
ZgCaAa
YpPaAa
ZrPaAa
JpSaAa
AlLaAa
PeAaAa
VzDaAa
WaAaAa
JkYbAa
GgAbAa
BhLaAa
NoUbAa
QvDaAa
FfMaAa
QdNaAa
DgMbAa
PkMaAa
KuCaAa
KbUbAa
LdCaAa
SnGaAa
CiLbAa
EeObAa
QrJaAa
MzQbAa
OsAaAa
TzAaAa
WaAaAa
OvKaAa
EeOaAa
EyIbAa
SuEaAa
FpKbAa
QpAaAa
UvLaAa
PmKbAa
AyQaAa
GbTbAa
OtNbAa
QzKaAa
UoCaAa
LuLaAa
ZfKbAa
DxRbAa
YwVaAa
GsBaAa
EeHaAa
BnLaAa
LdCaAa
TmAaAa
GgCbAa
TxDbAa
JyAbAa
PqEaAa
RoMaAa
FfFaAa
KcSbAa
GeCaAa
NkAaAa
RdSbAa
WcTaAa
VpUaAa
IcNaAa
FsBaAa
NvYaAa
SuEaAa
VgObAa
RbPaAa
OfAbAa
UeXaAa
LiUaAa
MhMbAa
HgIaAa
YsCaAa
JhKaAa
YsBaAa
UpAbAa
KzPaAa
WoOaAa
MfBaAa
PbAaAa
PxKaAa
IcLaAa
XdAaAa
OmDaAa
PfDaAa
GiAaAa
CrAaAa
FgBbAa
QzOaAa
CjCaAa
KbUbAa
JyAbAa
FfFaAa
CcDaAa
HtRaAa
MbLbAa
CdAaAa
DiXaAa
JdEaAa
HrQaAa
TxUbAa
TcGaAa
WoFaAa
ZtRaAa
BqMaAa
DaXaAa
BgYaAa
YqNbAa
EuDaAa
AbBbAa
ZmZaAa
IgIbAa
KhQaAa
UkFaAa
VlDaAa
OhCbAa
ZfKaAa
YlMaAa
RxLbAa
QcSaAa
KfAaAa
QcEaAa
CsMaAa
MhMbAa
IeWbAa
OsAaAa
AuWbAa
EvFbAa
PeKaAa
AoBaAa
DoXbAa
IuOaAa
MkAaAa
FsBaAa
SuEaAa
WdAaAa
HzFaAa
ZlAaAa
ZxHaAa
TsDaAa
IxQaAa
BqMaAa
ImBbAa
KmNaAa
PcMaAa
MxIbAa
CtBbAa
CjCaAa
VlDaAa
HxUaAa
OhHbAa
HiSbAa
VqMaAa
HyOaAa
YkPbAa
UeXaAa
CaAaAa
SpZaAa
RwNaAa
VuCbAa
CjCaAa
LgPaAa
YbSaAa
PaTbAa
PmKbAa
LdCaAa
NeQbAa
LyBbAa
MzKbAa
LyVbAa
LbJaAa
GnDaAa
EqCaAa
LlFaAa
GgCbAa
EbBaAa
RjYbAa
WdAaAa
CqYaAa
SnIaAa
RoJbAa
EuDaAa
MbLbAa
EqCaAa
KqGaAa
VlDaAa
FeObAa
ZvPaAa
JfAaAa
YsCaAa
WgGaAa
SpTbAa
DhPaAa
TsYbAa
PbAaAa
YaFaAa
KzWaAa
EbNbAa
RbLaAa
TbCbAa
GjRbAa
CmXaAa
NvKaAa
EuYaAa
DjTbAa
NkAaAa
OaZbAa
GxBaAa
PfDaAa
HlCaAa
CrAaAa
WwCbAa
HfFaAa
TzAaAa
KqIaAa
WlBaAa
NlOaAa
ReSaAa
FbNbAa
RjNaAa
ZlAaAa
PfTaAa
KuCaAa
UlUaAa
TiKaAa
DcJaAa
ZaFaAa
ZsOaAa
YsCaAa
MkAaAa
EbKaAa
MsHaAa
XgZaAa
AyQaAa
OhAaAa
PkKbAa
MkAaAa
LjKaAa
HrJbAa
LaKaAa
ImGaAa
PwIaAa
RgKaAa
VdFaAa
VzDaAa
NdWaAa
VeGaAa
YiEbAa
DpUaAa
EpEaAa
UoCaAa
NnAaAa
GwKbAa
MqAbAa
DdAaAa
DyXaAa
TpLaAa
CcDaAa
EcTaAa
ArTbAa
KmNaAa
RyIaAa
SfUaAa
OhHbAa
GjQbAa
QrOaAa
BiDbAa
VeHaAa
HkTaAa
SiJbAa
VhTbAa
BeFbAa
CwSaAa
CsMbAa
HlLbAa
HzGaAa
TtBaAa
RoJbAa
QpAaAa
DcDaAa
BgYaAa
BxDaAa
OkUbAa
OpFaAa
BpHaAa
BqSaAa
TgYaAa
LyBbAa
PmKbAa
ChUaAa
VgJaAa
ChUaAa
ZeNaAa
JkYbAa
VaAaAa
YlBaAa
GoNbAa
QrFaAa
TrIaAa
ZnBaAa
NkCaAa
QcBaAa
PfDaAa
ZlAaAa
XzLaAa
OhAaAa
QdNaAa
EbNbAa
CeJbAa
VjCaAa
BuAaAa
OaTbAa
XlPaAa
XqOaAa
SqObAa
JwJaAa
CkRaAa
PeAaAa
OjXbAa
IvNaAa
FdKaAa
VjAaAa
FsBaAa
UtFbAa
QcBaAa
MkBaAa
QwQaAa
UtFbAa
MoEaAa
VdAaAa
DeYaAa
FdKaAa
GpDbAa
AmAaAa
GlAaAa
PjZaAa
DgAaAa
BvBaAa
LqLaAa
ZgCaAa
PhBaAa
CsMbAa
AuAaAa
XgZaAa
WoKaAa
XeTaAa
BmMaAa
PmBaAa
UeXaAa
OhCbAa
IcAaAa
XkPbAa
MdVbAa
BnTbAa
KrSaAa
CcDaAa
KoIaAa
KqGbAa
DnGbAa
IgZbAa
CaAaAa
LtDaAa
YnDaAa
ScRbAa
FiZbAa
PySbAa
LcUaAa
ZgIaAa
UzAaAa
ZaBbAa
LsKbAa
BsDaAa
PzZaAa
MnWaAa
EsXbAa
YsCaAa
KdQaAa
SoBaAa
QlGaAa
ZlAaAa
WaAaAa
FmEbAa
BpLaAa
NcKaAa
ZlCaAa
VgRaAa
DgAaAa
VlNaAa
UrGaAa
NrCaAa
ViHbAa
AtTaAa
AlLaAa
BzDbAa
AuEaAa
ZlCaAa
GiAaAa
DsSaAa
WgBaAa
UoCaAa
JdFbAa
CjCaAa
BmObAa
SnIaAa
HzRaAa
KfAaAa
RhIaAa
UaJbAa
JuKbAa
KhDbAa
WoEbAa
AtFaAa
KfAaAa
LsDbAa
ZuOaAa
DaAaAa
YsBaAa
HrEaAa
QyBaAa
CxVbAa
VaAaAa
PfIaAa
EeVbAa
LuDbAa
SoYaAa
CaXaAa
StBaAa
IcAaAa
VdAaAa
MhMbAa
ToXaAa
RpAaAa
DeRaAa
UoCaAa
YlMaAa
QbLaAa
IcAaAa
BaIaAa
AhNaAa
YeIbAa
VaObAa
ZfKaAa
DcIaAa
QtJaAa
BsXaAa
FfMaAa
OxAaAa
QcEaAa
VdAaAa
MwBaAa
DjTbAa
PhBaAa
IeHbAa
GaFaAa
VcZaAa
QsNaAa
TjAaAa
JoVaAa
VkOaAa
PrNbAa
YvQaAa
TpHaAa
XrUaAa
ZlCaAa
AhCaAa
RbAaAa
OeKbAa
IgDaAa
CaAaAa
ZlLbAa
YaFaAa
OpKaAa
EqWaAa
EuDaAa
DaAaAa
EgBaAa
QnTaAa
ByQaAa
KfAaAa
KrSaAa
ArVaAa
BnTbAa
GiAaAa
GmOaAa
EeVbAa
LcUaAa
BnBbAa
IzUaAa
DgMbAa
NvKaAa
FeCaAa
FeBbAa
HlAaAa
FlPaAa
EcTaAa
MwBaAa
HkZaAa
TuXaAa
StBaAa
QcBaAa
IcHbAa
CdAaAa
BvFaAa
MbTaAa
OpFaAa
ScRbAa
MlHbAa
OxGbAa
EbBaAa
LiUaAa
BqMaAa
UrAbAa
AjIaAa
KoBbAa
UsDaAa
FxFbAa
NnAaAa
AuWbAa
MvMaAa
VcDaAa
FtHaAa
TwEaAa
TrBbAa
NnFaAa
PkKbAa
MfGaAa
UeMbAa
ViHbAa
XvHaAa
ZxHaAa
UeEaAa
XiEbAa
TwEaAa
OkAaAa
MkAaAa
CrAaAa
ObAbAa
KqIaAa
DgAaAa
JkIaAa
KgUaAa
GfKbAa
DpUaAa
IyAaAa
WyNbAa
RgKaAa
FyVaAa
QmLbAa
MlHbAa
JpMaAa
BrZaAa
DwXaAa
SwNaAa
FyVaAa
IcAaAa
ItEaAa
BpGaAa
WpUaAa
QlBbAa
MfRaAa
MrWaAa
KbDbAa
ImTaAa
TfPaAa
VhPaAa
OpFaAa
DiXaAa
AyQaAa
JaSbAa
SlIaAa
YkZaAa
SlYbAa
BaRaAa
DmWaAa
PuUaAa
DdFaAa
NdEbAa
NsLaAa
IyKaAa
LcFaAa
LyVbAa
EyNbAa
YsCaAa
EqWaAa
AiJbAa
YeCbAa
RjYbAa
NoRbAa
TdPaAa
QyJbAa
FoIbAa
IbHaAa
MiGbAa
WeVbAa
WdAaAa
EbNbAa
DnGbAa
LdHaAa
FfQbAa
FsCaAa
EoKaAa
PmPaAa
NeQbAa
EiMbAa
BaRaAa
MsIaAa
IiNaAa
BkYaAa
PxAaAa
MwBaAa
RmCaAa
EdTbAa
QuUaAa
GzCaAa
YaFaAa
WaAaAa
YkHaAa
CvCaAa
FmOaAa
MoNaAa
QpNbAa
FhUbAa
OaGbAa
NsHaAa
AaQaAa
NrWaAa
FyVaAa
DmWaAa
MdVbAa
ZaPaAa
OpFaAa
KhQaAa
QbNaAa
XgEaAa
OsUaAa
XiWbAa
RcEaAa
YeIaAa
GjRbAa
CoMbAa
KmNaAa
UrGaAa
ZnBaAa
FxFbAa
DcWaAa
DcCaAa
ToBaAa
SlNaAa
UpFbAa
DjTbAa
PuJbAa
NvCbAa
RtQbAa
OaGbAa
PfCaAa
GrNaAa
SlNaAa
BzAaAa
RvJaAa
CvCaAa
DaWaAa
CeYaAa
PlSbAa
MkAaAa
MnWaAa
EzMbAa
NhJaAa
JjSaAa
BiDbAa
YxBaAa
JcAaAa
EjCaAa
CaYaAa
JdFbAa
KrSaAa
FzLaAa
ErUaAa
PbAaAa
QcEaAa
UfTbAa
RmJbAa
DoCaAa
CqYaAa
OpKaAa
VeHaAa
JxQaAa
HlLbAa
QpAaAa
VjCaAa
WoWaAa
BxTaAa
EeDaAa
LsFbAa
SnIaAa
PmKbAa
TmAaAa
IwDaAa
YiIbAa
CgDbAa
NzEaAa
LsFbAa
OfAbAa
RmMaAa
DhPaAa
IcAaAa
OaTbAa
UnUaAa
YrNaAa
LnCaAa
XiGaAa
PsAaAa
BpLaAa
UtFbAa
BjAaAa
BsXaAa
UaJbAa
KgLaAa
TlEaAa
UoCaAa
NdEbAa
QcBaAa
KsBbAa
TtCaAa
ObAbAa
CeRaAa
VsIbAa
VpUaAa
PbNaAa
TwEaAa
LsLaAa
IiBaAa
QmLbAa
CrAaAa
JfAaAa
QwQaAa
GwVaAa
JzHaAa
UiAbAa
BqMaAa
NhEbAa
HyAaAa
BpHaAa
OaTbAa
UoCaAa
PhBaAa
StFaAa
RmCaAa
PuJbAa
YsCaAa
MoEaAa
ZlAaAa
UhVaAa
KrDaAa
DgAaAa
UuMaAa
NkCaAa
PwUaAa
VdFaAa
XmCbAa
SfUaAa
OsAaAa
CyWaAa
LdDbAa
NtWaAa
HdKbAa
MkAaAa
YeIbAa
LsDbAa
XtIaAa
BnIaAa
OyLaAa
UzObAa
SkFaAa
SxDaAa
SmCaAa
TsDaAa
OaTbAa
JzBaAa
OqRbAa
YaFaAa
SaCaAa
ItEaAa
FtIaAa
OpWbAa
CcCaAa
JyJaAa
TvLbAa
AzAaAa
RmCaAa
UeEaAa
UyNaAa
OaTbAa
BmAaAa
VgEbAa
UtBbAa
CsMaAa
KrSaAa
JhKaAa
DsSaAa
ToHbAa
LdCaAa
BxJaAa
QzOaAa
ErUaAa
DdAaAa
ViWaAa
UtLbAa
KfAaAa
EjGbAa
QlZaAa
GvIaAa
GgCbAa
GnDaAa
QdNaAa
QcEaAa
XtIaAa
KiDaAa
EcIaAa
KrSaAa
UjAaAa
EtGaAa
DdXbAa
CxVbAa
EmXbAa
FlPaAa
BvBaAa
BgYaAa
WgBaAa
WaAaAa
EeDaAa
FnDaAa
MsIaAa
SoJbAa
CjCaAa
TgYaAa
BzAaAa
FuYaAa
PbAaAa
UvBaAa
LyVbAa
WaAaAa
ToBaAa
IwDaAa
ZsBaAa
MiGbAa
NdIaAa
NrCaAa
UsKaAa
EdGbAa
TmAaAa
XiGaAa
EdYbAa
EgVbAa
OfAbAa
YwVaAa
QcEaAa
PjZaAa
RvJaAa
JmTbAa
OxAaAa
BmObAa
EvFbAa
RaDaAa
TuEaAa
OpKaAa
WaAaAa
HtAaAa
AtTaAa
BdPbAa
DgJaAa
VgJaAa
LfBaAa
PtNbAa
NcKaAa
FbEaAa
IhKbAa
VcIaAa
KaUaAa
KdQaAa
ReSaAa
VdAaAa
RmJbAa
MdVbAa
OpFaAa
SoYaAa
XgEaAa
QgKbAa
SmCaAa
YaFaAa
LtXbAa
OpOaAa
YsCaAa
SlEaAa
NqKbAa
DgAaAa
RrZaAa
WaAaAa
TrIaAa
ZvNaAa
KsBbAa
LhXaAa
WaAaAa
MzKbAa
XbEaAa
BcRaAa
UqYaAa
ZzGaAa
JfAaAa
UiAbAa
YsBaAa
OqNaAa
CvCaAa
OeKbAa
AfWbAa
LdHaAa
LqLaAa
OpFaAa
PhBaAa
LyVbAa
ZaHbAa
FtHaAa
BaRaAa
AmCaAa
SfWbAa
CcDaAa
BcGaAa
VaAaAa
PhEaAa
GfFaAa
UhVaAa
SoDaAa
MxIbAa
ZgCaAa
DkYaAa
OjXbAa
JjFaAa
QhTaAa
GxBaAa
WdAaAa
BjLaAa
GwKbAa
KoLaAa
YbBaAa
QcSaAa
RjNaAa
VwMaAa
BnLaAa
WtRbAa
HzFaAa
YkGaAa
TeQaAa
GjUbAa
UmFaAa
SiJbAa
DeHaAa
CmAaAa
PeAaAa
EkHbAa
WaAaAa
EcDaAa
DiXaAa
KhQaAa
BpLaAa
IhKbAa
BdPaAa
DrHaAa
ZaBbAa
DdFaAa
FxFbAa
VyEaAa
HyAaAa
OqRbAa
CqYaAa
RmCaAa
KyDaAa
ZtRaAa
QpAaAa
GaFaAa
KvPbAa
JpSaAa
ZbBaAa
TnGaAa
MdOaAa
RmYaAa
LtDaAa
DjUaAa
EyNbAa
UmAaAa
IgIbAa
BjNbAa
QsQaAa
UvLaAa
TjVaAa
MlKaAa
PfTaAa
VyEaAa
WjPaAa
KvPbAa
TeBaAa
HrQaAa
QhTaAa
PrNbAa
CzDaAa
JdBaAa
VdAaAa
EjGbAa
VuCbAa
NdWaAa
GkJaAa
MdObAa
UeGaAa
DhTbAa
FyNbAa
JxNaAa
DpUaAa
XtIaAa
YyGbAa
ImZaAa
RhIaAa
BaAaAa
ObAbAa
WwGbAa
BkSaAa
TtCaAa
SaDaAa
AtFaAa
SkFaAa
CrIaAa
SvTaAa
XmCbAa
PhBaAa
MtYaAa
RqRaAa
KfAaAa
TdPaAa
GgCbAa
GbSaAa
ZwLbAa
DxRbAa
AlNaAa
ZuZaAa
WeZaAa
HuOaAa
WyYaAa
XxXbAa
JkNaAa
JhKaAa
ZlAaAa
OaGbAa
QpAaAa
AjIbAa
FeIaAa
VrAaAa
GwKbAa
NyLaAa
JuUbAa
JgLaAa
HlAaAa
IaLaAa
PlJaAa
MxSaAa
PjZaAa
SlIaAa
UiAbAa
EyNbAa
VrAaAa
BgYaAa
OwFbAa
TgYaAa
QcSaAa
LyTaAa
FpEaAa
SoYaAa
CaAaAa
MwCaAa
JcPaAa
PwUaAa
VsIbAa
BjLaAa
FeIaAa
HfKaAa
SlEaAa
LpBaAa
EgBaAa
JdEaAa
WpRbAa
NhRaAa
EuDaAa
PhTaAa
LuLaAa
WeZaAa
LyBbAa
UoCaAa
FsCaAa
AfWbAa
MyObAa
UyNaAa
MwBaAa
EsYaAa
RhIaAa
UcJaAa
JwJaAa
YsCaAa
EdTbAa
SfWbAa
BcRaAa
CeQaAa
TpHaAa
CeGaAa
UeRaAa
OsUaAa
PfCaAa
JpJbAa
JnYaAa
DpUaAa
PbAaAa
EbBaAa
DxLaAa
OjXbAa
HzGaAa
YyGbAa
VvLaAa
MtXaAa
QwQaAa
GiBbAa
CuXaAa
NvIbAa
AaQaAa
TmAaAa
FeDaAa
YeIbAa
WrAaAa
QdWbAa
DoXbAa
OaSaAa
FwCbAa
DdFaAa
GyGbAa
KrSaAa
WyMaAa
EuDaAa
PfIaAa
AuAaAa
HrEaAa
HrQaAa
BaAaAa
ShDaAa
CkRaAa
NkAaAa
ZgCaAa
WiHbAa
LwCaAa
OhHbAa
AnBbAa
KmEaAa
OjOaAa
WaAaAa
JqVaAa
NyLaAa
QlBbAa
FoKaAa
BkSaAa
TsSbAa
GmPbAa
JfAaAa
TdUaAa
XyVaAa
NrCaAa
YxBaAa
KtXaAa
NhJaAa
DxBbAa
PvDaAa
PcKbAa
AzLbAa
IsFaAa
KmEaAa
UeRaAa
UeGaAa
GaFaAa
QmLbAa
FsCaAa
WsCbAa
PrOaAa
HlAaAa
KtXaAa
HrPaAa
EySaAa
HlAaAa
IlAaAa
FiJaAa
DgAaAa
CkRaAa
MpXbAa
KhDbAa
FsBaAa
PvTbAa
LyVbAa
QcEaAa
SlEaAa
KpYaAa
CaYaAa
UnNaAa
CaAaAa
HtRaAa
BjBaAa
YkGaAa
SpZaAa
IcLaAa
WiHaAa
DmXaAa
QmMaAa
VaAaAa
FxFbAa
HiCbAa
QrJaAa
GbSaAa
VwAaAa
OhHbAa
DcIaAa
ItPaAa
TpHaAa
EeDaAa
WgGaAa
SlEaAa
SfWbAa
WlDaAa
PeAaAa
MnHbAa
NkCaAa
AfLaAa
DaWaAa
OlEbAa
QqEaAa
CxFaAa
CrAaAa
UeGaAa
JbGaAa
NoUbAa
DlDaAa
VaOaAa
AzAaAa
BxDbAa
UrGaAa
XeTaAa
FeBbAa
JcAaAa
LgPaAa
JhKaAa
CeEaAa
ZgCaAa
HfKaAa
JfAaAa
RxLbAa
ImHaAa
EvHbAa
IwZaAa
GbTbAa
KfAaAa
DpUaAa
UpAbAa
OjHaAa
HvNaAa
BdPaAa
FfQbAa
HlCaAa
AxDaAa
SqSaAa
LvXaAa
ZgIaAa
RdSbAa
PbNaAa
MrWaAa
MbTaAa
ToHbAa
LaKaAa
KmEaAa
OhCbAa
KmEaAa
PcKbAa
ElDaAa
MkAaAa
LgPaAa
QfCbAa
OhHbAa
HxIaAa
QcEaAa
YnPaAa
FjMaAa
TqMaAa
WaObAa
KwTaAa
FeBbAa
WdYbAa
KmEaAa
JnYaAa
BzAaAa
SmCaAa
AtTaAa
QyBaAa
EvGaAa
IwOaAa
LvEbAa
FtHaAa
OaTbAa
RaDaAa
AlNaAa
KoIaAa
UvBaAa
FfMaAa
XtIaAa
TkFaAa
QwQaAa
CeYaAa
FfFaAa
BpHaAa
MpSbAa
AzAaAa
AmAaAa
JwZaAa
UoCaAa
PbAaAa
DoSbAa
FnDaAa
EoFaAa
DgMbAa
MfRaAa
BzJaAa
QsQaAa
ZvPaAa
BvBaAa
AqDaAa
RoMaAa
QwQaAa
SpTbAa
BmObAa
QcBaAa
VsSaAa
AsEaAa
BmSaAa
FfQbAa
VwMaAa
VuKaAa
RpAaAa
YyGbAa
MrYaAa
LdCaAa
KmIaAa
VsIbAa
LlXaAa
GvYbAa
UeGaAa
GwKbAa
MpXbAa
VcWaAa
PbAaAa
UaYaAa
NnEbAa
EkHbAa
OzMaAa
OxAaAa
AtTaAa
ChNaAa
XeBbAa
OxAaAa
NlOaAa
ByNaAa
UhVaAa
GqJaAa
PmPaAa
CzDaAa
VqBaAa
SlNaAa
GiAaAa
HfKbAa
LsLaAa
WzYbAa
LpBaAa
QcBaAa
XtIaAa
PmPaAa
QpAaAa
OhAaAa
XeBbAa
XqOaAa
YmOaAa
FvYbAa
DgAaAa
ErUaAa
YeIbAa
QlTaAa
JwUbAa
ItPaAa
QdWbAa
RwQaAa
PrOaAa
MsGaAa
XlPaAa
MbLbAa
SiJbAa
KqIaAa
WoOaAa
FxFbAa
CvFaAa
EeDaAa
ZlJbAa
FhUbAa
ZsBaAa
CwXaAa
UvBaAa
BlLaAa
MxIbAa
RcFbAa
KhQaAa
WjPaAa
KmEaAa
EoKaAa
ZsOaAa
CzDaAa
OkCaAa
MtKaAa
KqGaAa
DcIaAa
NvKaAa
JdFbAa
OsAaAa
NnAaAa
KcAaAa
AhNaAa
KdRaAa
KzWaAa
TzAaAa
ToXaAa
PfCbAa
TcDbAa
ScRbAa
XxXbAa
MoNaAa
GjQbAa
EdYbAa
VaObAa
DkVbAa
KfAaAa
ZgIaAa
TpLaAa
BcGaAa
FwKaAa
ZqTaAa
AoBaAa
JfSaAa
ZgCaAa
OkCaAa
UzAaAa
MlHbAa
AsPaAa
NvKaAa
KnVbAa
ZgCaAa
EgMbAa
CoRaAa
IiAaAa
EuDaAa
DzBbAa
TsYbAa
TmAaAa
OfHbAa
NlEbAa
FjMaAa
VdAaAa
FbYbAa
XlBaAa
GtUaAa
PeAaAa
VcWaAa
DvCaAa
VrAaAa
DhTbAa
JmTbAa
VlDaAa
LlFaAa
XtIaAa
OpFaAa
QyBaAa
OfAbAa
PmBaAa
OxAaAa
EuDaAa
AhDaAa
GmPbAa
YaFaAa
XjPaAa
LyBbAa
SvTaAa
WeHaAa
EaTaAa
WmIbAa
IcAaAa
TjAaAa
YxXbAa
MdGaAa
SzUbAa
PpFaAa
TaUbAa
LuCaAa
AuWbAa
BpGaAa
ZuOaAa
LuLbAa
CvBaAa
WoEbAa
EeVbAa
WnRbAa
HeHbAa
JaSbAa
ZiWbAa
PhBaAa
BiDbAa
QgKbAa
NoRbAa
LgTbAa
TmAaAa
VuCbAa
YaFaAa
MaNbAa
XmOaAa
IiNaAa
IcLaAa
XjMaAa
TcDbAa
FqWbAa
OdEbAa
OhAaAa
AaQaAa
FbBaAa
DdFaAa
YnDaAa
OxCbAa
LfAaAa
VwMaAa
RdSbAa
NiGbAa
AhNbAa
WdAaAa
KfAaAa
YkHaAa
MfGaAa
GxBaAa
BxJaAa
RcEaAa
YaFaAa
RoMaAa
WrUaAa
RfNbAa
MaNbAa
WeWaAa
MsAbAa
XxCaAa
IiAaAa
WdAaAa
PhBaAa
GcAbAa
CtBbAa
TsSbAa
OlCbAa
EyKbAa
EaLbAa
RpAaAa
CeRaAa
MtKaAa
VdFaAa
CuSaAa
VbKaAa
RaGaAa
YjRbAa
WdAaAa
WaZaAa
TjVaAa
BhLaAa
LgPaAa
ElBaAa
BxDbAa
JmTbAa
ZlJbAa
PmQbAa
TyNaAa
LdDbAa
WaAaAa
YiIbAa
RbPaAa
KvPbAa
ZcNaAa
JbGaAa
VaObAa
WlBaAa
RcEaAa
RtBaAa
ObAbAa
WcIaAa
XiEbAa
ZvNaAa
EvHbAa
TiQaAa
MwBaAa
RnHaAa
JzHaAa
TrIaAa
HsOaAa
CjCaAa
PjZaAa
WxFaAa
SbFaAa
PbNaAa
ZgIaAa
GnDaAa
ZlCaAa
MsIaAa
BpHaAa
WmXbAa
HtNaAa
StBaAa
DmWaAa
UtBbAa
VaObAa
EbBaAa
IcLaAa
UcJaAa
RoJbAa
LtMaAa
WoFaAa
PqEaAa
VfGbAa
LsLaAa
DdTbAa
GkJaAa
YvHaAa
BzAaAa
QiRbAa
YkGaAa
QcBaAa
MfGaAa
MfEaAa
FsBaAa
YbSaAa
JmTbAa
IkEaAa
ZxIaAa
CoCaAa
EtIaAa
OhBbAa
ZvPaAa
LiUaAa
SgKaAa
WcMbAa
NzKbAa
ZaBbAa
KlVbAa
BpHaAa
MsAbAa
BwEaAa
OhBbAa
XeCaAa
KrObAa
ZqTaAa
XsCbAa
TiQaAa
TmCaAa
HtAaAa
PrOaAa
HcNaAa
LcUaAa
HrQaAa
QdNaAa
WlBaAa
JgNaAa
IiBaAa
QfIbAa
LzEbAa
UrGaAa
PmBaAa
JjFaAa
XxYbAa
DpUaAa
CqMbAa
KdRaAa
AlNbAa
KdEaAa
PwUaAa
KmEaAa
AdLaAa
JuTaAa
EdGbAa
CuSaAa
PuUaAa
JzIaAa
JzHaAa
KyAbAa
JjFaAa
RjYbAa
DkKaAa
UvBaAa
FfFaAa
SuEaAa
QsQaAa
NaYbAa
XeBbAa
ZuOaAa
HrJbAa
PjSbAa
TkXaAa
HxHaAa
ImHaAa
NqKbAa
JdSaAa
TuXaAa
ZwLbAa
PhZaAa
KfAaAa
ZxUaAa
IhFbAa
ZuJaAa
EnRbAa
XwKaAa
LhYaAa
GyGbAa
RjNaAa
BxDbAa
JmLaAa
EuDaAa
DqBaAa
QcSaAa
JnYaAa
ZxIaAa
ZlAaAa
IiAaAa
BbSbAa
YbEaAa
GbTbAa
DhPaAa
JfAaAa
JbGaAa
OhGaAa
NdIaAa
PhBaAa
AfLaAa
KyAbAa
PxKaAa
PyGaAa
PwIaAa
OiQbAa
DxFaAa
FxFbAa
SfWbAa
SlIaAa
UoCaAa
DbKaAa
OtNbAa
WaAaAa
RmCaAa
CwAaAa
XgZaAa
MpXbAa
PeKaAa
AhCaAa
GgCbAa
EbNbAa
PjWbAa
QyBaAa
NdEbAa
VaOaAa
WoOaAa
YfKbAa
OiQbAa
SlIaAa
IuOaAa
IwDaAa
OkCaAa
TrIaAa
ZaHbAa
VuIbAa
TsSbAa
OzYaAa
JcAaAa
KnQaAa
UcJaAa
OkAaAa
QlGaAa
SaQaAa
BpGaAa
RjYbAa
QaVaAa
IdSaAa
IzFaAa
YjMaAa
BjIaAa
NxTbAa
YsBaAa
UuMaAa
LxEaAa
IlCaAa
NkAaAa
EdGbAa
NxMaAa
MbDaAa
AtBaAa
SlNaAa
SlYbAa
EnUaAa
NqHaAa
BbSbAa
QzOaAa
WeZaAa
KzWaAa
NrBaAa
LqLaAa
WcLbAa
EvHbAa
HqTaAa
OxGbAa
FdKaAa
KpSaAa
ShPbAa
BvBaAa
XbEaAa
JdEaAa
HnBaAa
ReAaAa
UaJbAa
QhSbAa
HuOaAa
SkFaAa
TzAaAa
JpMaAa
DaAaAa
XmCbAa
WcTaAa
GtUaAa
PuUaAa
PsAaAa
NxMaAa
TsSbAa
UsKaAa
NrCaAa
IiNaAa
OpFaAa
QlHaAa
MaNbAa
PyGaAa
RmCaAa
GkHaAa
OpFaAa
AyUaAa
KuCaAa
KnCaAa
EeDaAa
XxCaAa
DsIbAa
LjObAa
XvYbAa
VaAaAa
OhCbAa
QwJbAa
DxLaAa
CaAaAa
ZlAaAa
ZaPaAa
UoCaAa
EtRbAa
OpFaAa
KyDbAa
VoWaAa
YmCbAa
PfIaAa
WqEbAa
BdPaAa
CwSaAa
CjBaAa
TfPaAa
SoYaAa
LhYaAa
LiUaAa
GzFbAa
GgCbAa
VgRaAa
VzDaAa
OhHbAa
UvBaAa
BcGaAa
KoIaAa
EsCbAa
YpPaAa
WaAaAa
JzQaAa
GwKbAa
MnWaAa
VuCbAa
CwAaAa
UoCaAa
YsBaAa
HzGaAa
EcIaAa
AzAaAa
XdKaAa
BgYaAa
KfAaAa
MuFbAa
EuYaAa
WwGbAa
TrIaAa
ExLaAa
KmEaAa
TdUaAa
BmSaAa
EaLbAa
XeDaAa
CaDbAa
UoCaAa
ZvPaAa
AyUaAa
WdAaAa
DgJaAa
EpFbAa
MaNbAa
MlHbAa
GiAaAa
GsCaAa
IxQaAa
YjQbAa
FbBaAa
QzKaAa
JfAaAa
FoIbAa
BaAaAa
MwBaAa
DsSaAa
WwGbAa
YeIbAa
NdWaAa
CqMbAa
JfSaAa
LfAaAa
JwUbAa
HrJbAa
PhBaAa
VaAaAa
NpCaAa
StCaAa
UsKaAa
IcAaAa
HlLbAa
VpAbAa
RqRaAa
IhFbAa
TyNaAa
RdSbAa
LbCaAa
ZfKaAa
KiDaAa
BcGaAa
OnPbAa
HxIaAa
TxDaAa
TkXaAa
KaUaAa
WwAaAa
PeAaAa
HzRaAa
OpFaAa
HxBaAa
DcIaAa
AzAaAa
XoJaAa
TmAaAa
MbRbAa
PqEaAa
DaWaAa
CcYaAa
KoBbAa
QcBaAa
ZzGaAa
HiEaAa
CoObAa
IyAaAa
JzPaAa
CeXaAa
CzDaAa
JwJaAa
DiXaAa
WdYbAa
TkQaAa
AvTaAa
NsIaAa
VyEaAa
CeGaAa
MrYaAa
NlOaAa
RtBaAa
NfBaAa
MjAbAa
PhBaAa
NoUbAa
KoGaAa
OkAaAa
KiCaAa
DgMbAa
SnBbAa
OpFaAa
HcNaAa
MpXbAa
AmAaAa
GwKaAa
ViWaAa
LtMaAa
PhBaAa
AjAaAa
CzDaAa
MkAaAa
PxAaAa
XiGaAa
KkIaAa
VaAaAa
VqXbAa
WoFaAa
WoOaAa
FlUbAa
MbTaAa
OaTbAa
MnWaAa
LdCaAa
BkSaAa
WwAaAa
EgEaAa
VgRaAa
OpWbAa
ExCaAa
VwAaAa
WuCbAa
EdYbAa
QwQaAa
TpLaAa
TjVaAa
KdQaAa
EgVbAa
TrIaAa
WoKaAa
CaUbAa
YkBbAa
GaFaAa
SkFaAa
ToHbAa
NdIaAa
OxAaAa
GlCaAa
IiAaAa
VlDaAa
JtWbAa
EpEaAa
NdIaAa
MkAaAa
ZrPaAa
BcRaAa
PvDaAa
SjNbAa
ZvPaAa
HgIaAa
MkAaAa
GsCaAa
WdAaAa
KvPbAa
BxTaAa
UvBaAa
HeIbAa
VhGbAa
DeXaAa
OsAaAa
EgMbAa
GtIaAa
RpAaAa
VhPaAa
EsCbAa
AoBaAa
YmCbAa
ZzCaAa
KmEaAa
ApZaAa
CwAaAa
DnGbAa
EgVbAa
EvFbAa
BvBaAa
FcTaAa
IiBaAa
OeKbAa
TjAaAa
JwUbAa
UhVaAa
GyGbAa
HyKaAa
NaEaAa
UlUaAa
XiWbAa
MzQbAa
CxFaAa
SaCaAa
NhAaAa
MvEbAa
EeVbAa
WxCaAa
VgRaAa
CvBaAa
WwIbAa
KcFaAa
PuJbAa
AnGaAa
FcOaAa
YeIbAa
LuLaAa
BxTaAa
YnDaAa
AmAaAa
EyIbAa
RxLbAa
GjRbAa
WaJbAa
WqEbAa
EyYaAa
RwPaAa
UeMbAa
PhBaAa
AyUaAa
HxUaAa
LaKaAa
NeQbAa
PjCbAa
IiBaAa
MbTaAa
HhFaAa
EgVbAa
NfEbAa
NwBaAa
NoRbAa
WgBaAa
IhFbAa
HtAaAa
WxFaAa
PfCaAa
PbAaAa
VuIbAa
TrIaAa
MaNbAa
DsEbAa
TaJaAa
AuAaAa
TaDaAa
QfIbAa
LgTbAa
EmKaAa
VqBaAa
VoCaAa
KcFaAa
UkRaAa
KyDaAa
OaTbAa
RjYbAa
MfGaAa
PkMaAa
LsLaAa
ZgCaAa
OeKbAa
AuWbAa
BaAaAa
UwEbAa
AfLaAa
QbLaAa
CaAaAa
GoIbAa
FvGaAa
IrQaAa
JcAaAa
XaAaAa
KnCaAa
VpUaAa
WxFaAa
YsCaAa
CxTaAa
BkSaAa
GjQbAa
VlDaAa
OfAbAa
VeMbAa
DcIaAa
CmRaAa
OiQbAa
KgPbAa
FlUbAa
KbGaAa
QzKaAa
OgQbAa
XmCbAa
AoBaAa
UaXaAa
LcUaAa
RmCaAa
HuOaAa
OaGbAa
BpZaAa
NzKbAa
ZuJaAa
RxLbAa
GfKbAa
FfFaAa
JfSaAa
MnHbAa
ZqFaAa
BvBaAa
AqDaAa
OuHaAa
ZqNbAa
OeKbAa
BxDaAa
DhPaAa
LvAaAa
QsQaAa
WdAaAa
IcAaAa
DkKaAa
NnAaAa
WrUaAa
GoAaAa
BmVbAa
NdMbAa
QmPaAa
OpOaAa
UlUaAa
CjBaAa
TuSbAa
KmEaAa
EsYaAa
AlNaAa
KsBbAa
TkObAa
MdOaAa
KpYaAa
SlNaAa
EsXbAa
YfKbAa
PeAaAa
GtUaAa
ZwLbAa
OfHbAa
XbEaAa
KhQaAa
CjCaAa
CoMbAa
OsAaAa
XoJaAa
PfIaAa
FsEbAa
GuNbAa
HtAaAa
KpYaAa
AhDaAa
HhRbAa
LmEaAa
EuDaAa
JpMaAa
MuFbAa
TsSbAa
AmAaAa
VgRaAa
VuKaAa
HaHbAa
SoBaAa
WcTaAa
QvDaAa
CvCaAa
VeQaAa
AuAaAa
CdAaAa
FfMaAa
VeRaAa
FtIaAa
CsDaAa
IaPaAa
HcNaAa
GiAaAa
KbCaAa
UmAaAa
JgNaAa
FvYbAa
JmTbAa
JcAaAa
GrNaAa
VyKbAa
GiAaAa
KvPbAa
AfLaAa
YeBbAa
CmRaAa
OkCaAa
YxBaAa
TzAaAa
YkZaAa
LfAaAa
GtUaAa
SlIaAa
CwAaAa
NeFaAa
SpTbAa
YkBbAa
SlEaAa
MnWaAa
ZlAaAa
WrUaAa
BsYbAa
GfFaAa
SnIaAa
DmWaAa
TcDbAa
FbEaAa
LtDaAa
WgGaAa
UvBaAa
FtHaAa
TyNaAa
QfDaAa
EeZaAa
VaOaAa
CcYaAa
JaSbAa
OhCbAa
XlBaAa
TbUaAa
WiMbAa
MlKaAa
BjLaAa
HrQaAa
LqLaAa
PhZaAa
KiDaAa
HzFaAa
QtJaAa
LiDaAa
BkFaAa
FbBaAa
XbMaAa
YsBaAa
QzOaAa
LzEbAa
VgEbAa
YiIbAa
NsRbAa
ZsBaAa
DsSaAa
RaHaAa
XkPbAa
EeJaAa
CdAaAa
GaAbAa
TsYbAa
MkBaAa
FsCaAa
QyBaAa
HiTaAa
IcAaAa
SfPbAa
ZnDaAa
ChUaAa
DxFaAa
CxFaAa
ApZaAa
OqNaAa
CmVbAa
JfSaAa
NqKbAa
SuEaAa
QcSaAa
GyGbAa
FiJaAa
DgMbAa
JnQaAa
TeQaAa
FnDaAa
PhTaAa
MkAaAa
OpFaAa
TjAaAa
KqGbAa
TzAaAa
EqWaAa
DaAaAa
HiAaAa
LdCaAa
KoIaAa
CqYaAa
EkHbAa
CjCaAa
TkFaAa
LoBbAa
HzFaAa
RpAaAa
YoNbAa
PaZbAa
EbKaAa
CzDaAa
VfYbAa
CwAaAa
ZvPaAa
VbKaAa
TvFaAa
QlHaAa
DxJaAa
WgEaAa
TcDbAa
DxFaAa
SuEaAa
RmCaAa
EeOaAa
MkAaAa
MtYaAa
PyRaAa
EuPbAa
NoUbAa
AlLaAa
RfSbAa
DsSaAa
UwSaAa
EqWaAa
NzEaAa
TjVaAa
TrIaAa
WiHaAa
FwKaAa
TfPbAa
WpRbAa
UmFaAa
CtBbAa
CuSaAa
FsCaAa
BgYaAa
MbTaAa
FlBaAa
ScQaAa
BkYaAa
XtIaAa
AmAaAa
NoDbAa
MkAaAa
KdEaAa
ZaBbAa
JjSaAa
PhEaAa
MnWaAa
EuMaAa
EqWaAa
EtRbAa
WpNaAa
HzGaAa
EuDaAa
GzCaAa
KiDaAa
VmFaAa
HrJbAa
JfSaAa
YlMaAa
QkMaAa
XbEaAa
MuFbAa
EnGbAa
VeMbAa
BaAaAa
ScQaAa
QlBbAa
ZlAaAa
DaWaAa
DiObAa
CqYaAa
FvGaAa
KbDaAa
FeIaAa
IhKbAa
QsQaAa
KdGaAa
OkCaAa
SmYaAa
FeDaAa
NaEaAa
NfJaAa
NhWaAa
YoNbAa
JsTaAa
QcSaAa
IiBaAa
JqAaAa
YyOaAa
NdDaAa
TbCbAa
QyGaAa
DgAaAa
ReSaAa
KyTaAa
ErUaAa
WoEbAa
UjBaAa
DoMbAa
FfFaAa
YaFaAa
JcAaAa
GkBbAa
VdAaAa
GlAaAa
TzAaAa
FgAaAa
WlUbAa
RaDaAa
JyJaAa
FtHaAa
LfAaAa
GoNbAa
JdEaAa
GmPbAa
GfKbAa
RoDaAa
RwNaAa
UnUaAa
TeQaAa
CrAaAa
LiUaAa
LqLaAa
SlVaAa
AlNaAa
OcKaAa
VdFaAa
UuMaAa
BxJaAa
ZuJaAa
XdTbAa
TaJaAa
WxFaAa
OpFaAa
KnCaAa
CcDaAa
QgKbAa
YsCaAa
PxKaAa
AdLaAa
AiFbAa
MtKaAa
EbBaAa
ZyOaAa
QmBaAa
AqRaAa
RpAaAa
TxVbAa
IwDaAa
RmMaAa
HzRaAa
ByNaAa
MhWaAa
HhFaAa
PsAaAa
DzDaAa
QyGaAa
DxCaAa
QuNaAa
LqGbAa
QgRbAa
YlKbAa
BpHaAa
WoCaAa
EeVbAa
UlUaAa
GxBaAa
HmWbAa
ZgCaAa
VoWaAa
KoTbAa
KmEaAa
UaJbAa
BmAaAa
AvTaAa
VnEaAa
LyVbAa
GwKaAa
IwZaAa
UsPbAa
BvBaAa
AfLaAa
DgAaAa
YoAaAa
WdAaAa
OaSaAa
KhQaAa
PvDaAa
JmBbAa
WcLbAa
OhCbAa
EuYaAa
OeKbAa
IwZaAa
NpPbAa
PjXbAa
IiNaAa
YaAaAa
TjAaAa
KcSbAa
HyNbAa
RrZaAa
FoIbAa
BaAaAa
QdIbAa
BzJaAa
WaAaAa
AtTaAa
JkYbAa
RcEaAa
EeVbAa
OjXbAa
AzAaAa
BvUbAa
MsFbAa
GzCaAa
MwBaAa
VrKbAa
UsPbAa
CzHbAa
YeIbAa
RmYaAa
JfAaAa
WoEbAa
BhNaAa
EeZaAa
NhJaAa
DdFaAa
KcFaAa
SxAbAa
PjWbAa
ZlJbAa
LzNaAa
VqXbAa
LgTbAa
BbSbAa
WnUaAa
LxXaAa
WpNaAa
CjCaAa
ScQaAa
XqOaAa
EyTbAa
UeMbAa
RoMaAa
EgVbAa
ZrPaAa
RpAaAa
PjZaAa
JfAaAa
KnCaAa
PmBaAa
FeDaAa
YrNaAa
OsAaAa
HyAaAa
PzZaAa
QhBaAa
PwIaAa
NqKbAa
XiWbAa
FsCaAa
TkXaAa
BxJaAa
XgZaAa
WgOaAa
PqEaAa
LtXbAa
FnDaAa
BxUbAa
TxVbAa
BaAaAa
EqCaAa
PfDaAa
GwVaAa
KnObAa
MzQbAa
KfAaAa
SiJbAa
YoJaAa
WwGbAa
YkZaAa
SoRaAa
DjCaAa
BjLaAa
CqMaAa
AhNaAa
NdVbAa
MkAaAa
OhAaAa
HiZaAa
QcEaAa
MtDaAa
ShCaAa
XgBaAa
NhAaAa
IkEaAa
SfPbAa
ToHbAa
WeEbAa
EbNbAa
DgAaAa
DpHaAa
XbBaAa
KdQaAa
HxUaAa
JrObAa
PjEbAa
ZrPaAa
NhAaAa
CoCaAa
NoDbAa
StFaAa
PmBaAa
BwEaAa
FeDaAa
FxBaAa
TpHaAa
JfAaAa
UtBbAa
TwEaAa
HkWbAa
ZhFaAa
BeRbAa
CwAaAa
YkBbAa
KqGaAa
VoCaAa
ZlAaAa
HkZaAa
FoIbAa
VeHaAa
MuBbAa
JfAaAa
PbNaAa
TfPaAa
PySbAa
MbJbAa
TzJaAa
PbAaAa
QlBbAa
NzYaAa
RbFaAa
MpXbAa
XyVaAa
EaLbAa
YnDaAa
XeTaAa
CaAaAa
KbUbAa
MaNbAa
GlCaAa
AlEaAa
OiQbAa
EmKaAa
QlHaAa
EgRaAa
DxFaAa
ZuZaAa
BzJaAa
LyVbAa
WwAaAa
DaOaAa
KcAaAa
TaJaAa
UzAaAa
TtBaAa
ZhFaAa
RvJaAa
RaDaAa
MbTaAa
LdCaAa
DyEaAa
FiGaAa
XeIaAa
LtDaAa
YsBaAa
KvPbAa
EsCbAa
AuEaAa
EeVbAa
TgXaAa
KqAaAa
AhNaAa
PlJaAa
HxUaAa
AlNaAa
BkYaAa
LsFbAa
WgEaAa
YxXbAa
AuAaAa
BaIaAa
CjBaAa
LqAaAa
DgJaAa
NoDbAa
BfPaAa
CcCaAa
KnSaAa
WpRbAa
GjQbAa
UcXaAa
IiBaAa
ImHaAa
YbBaAa
EsYaAa
BmVbAa
AmAaAa
ZxIaAa
XeIaAa
CwAaAa
VjCaAa
SbFaAa
PgFaAa
PhBaAa
RdSbAa
FhUbAa
CcYaAa
HxHaAa
NjHbAa
AwPaAa
QsJbAa
EeDaAa
VhPaAa
WaAaAa
JdEaAa
WaAaAa
MbLbAa
WjPaAa
WiMbAa
QxKaAa
AoBaAa
YjQbAa
NeQbAa
LbDbAa
IzHaAa
MdObAa
VhTbAa
XoJaAa
KfAaAa
WwNbAa
JfAaAa
UvLaAa
VtBbAa
RuRaAa
DcIaAa
OpWbAa
OpFaAa
MkAaAa
RiKbAa
RtQbAa
AcHaAa
VaAaAa
WcLbAa
YeDaAa
TiDbAa
OhAaAa
ZtRaAa
KnCaAa
TjAaAa
VdAaAa
LdHaAa
FuDaAa
MyVbAa
WmIbAa
XiGaAa
ZuJaAa
WxFaAa
NdOaAa
KsBbAa
QdWbAa
FgZaAa
KcFaAa
KqBbAa
DgAaAa
VdFaAa
EqWaAa
XtIaAa
FvGaAa
HxHaAa
IkEaAa
LgTbAa
GgCbAa
WcTaAa
VpUaAa
LsLaAa
CaAaAa
GzCaAa
CtUbAa
VwAaAa
VzDaAa
MjZbAa
FvYbAa
CeRaAa
BcRaAa
RpAaAa
NoRbAa
TjVaAa
UjAaAa
WoFaAa
VoWaAa
YoNbAa
LwCaAa
ApZaAa
FvYbAa
EuYaAa
EbBaAa
BsYbAa
CoCaAa
WoOaAa
LbIaAa
CqMbAa
AjNbAa
PbAaAa
TiKaAa
ZaBbAa
QjEaAa
RyIaAa
ShCaAa
McUaAa
CoCaAa
YeIbAa
CwSaAa
RyIaAa
UlUaAa
FiEbAa
NnAaAa
IdKbAa
CnNaAa
FnDaAa
PhBaAa
BbSbAa
MbJaAa
RaDaAa
OkAaAa
GqJaAa
VaAaAa
XhMaAa
CdAaAa
RtBaAa
GqKaAa
CjBaAa
QtVaAa
XpEaAa
KlObAa
KoBbAa
HzCaAa
SkFaAa
MqAbAa
XlBaAa
CcYaAa
DaWaAa
IiNbAa
LxXaAa
QbLaAa
QfDaAa
AzAaAa
JfSaAa
AlEaAa
ZdUbAa
ChUaAa
HqTaAa
YaFaAa
UvLaAa
MsAbAa
WaAaAa
QjTaAa
SaDaAa
JcAaAa
DgJaAa
ZuOaAa
VdAaAa
UrLaAa
EuYaAa
ItAaAa
KfAaAa
VgJaAa
XlPaAa
VdAaAa
PqEaAa
YyOaAa
GjUbAa
RbFaAa
HkSbAa
VgJaAa
DjDaAa
BxTaAa
TbCbAa
FnDaAa
UrAbAa
RwNaAa
UsKaAa
MoAbAa
EuDaAa
RcBaAa
NfGaAa
AtTaAa
RcEaAa
LdCaAa
MsIaAa
PvDaAa
LiUaAa
UzBbAa
PpFaAa
VpFbAa
ReAaAa
ZgCaAa
KqBbAa
QeUbAa
RmCaAa
VhPaAa
GoJaAa
AjNaAa
CwAaAa
KyTaAa
BaRaAa
LoBbAa
RhIaAa
MrYaAa
IiBaAa
KnCaAa
QlBbAa
PvDaAa
PbNaAa
UcHaAa
RaDaAa
YbEaAa
ZgCaAa
AcHaAa
DiXaAa
ZnBaAa
LdCaAa
NaYbAa
JoVaAa
IeWbAa
UrHaAa
RpVaAa
TsSbAa
VpUaAa
IfUbAa
VeHaAa
PeAaAa
RfNbAa
SoYaAa
EdGbAa
RwPaAa
KrSaAa
UrLaAa
VaAaAa
CuSaAa
XvGaAa
MsAbAa
EyNbAa
DjUaAa
GxXbAa
PuNaAa
UpAbAa
DyEaAa
FsCaAa
MvMaAa
FzLaAa
QjEaAa
CsMaAa
UsKaAa
ImBbAa
ZlAaAa
VgJaAa
ZwLbAa
BxTaAa
QjWbAa
UwEbAa
UeMbAa
UjAaAa
ZvNaAa
FuDaAa
KfAaAa
XrUaAa
CwAaAa
HhFaAa
ReSaAa
ZnBaAa
FeEbAa
OcMaAa
ZsCaAa
FpEaAa
GtUaAa
DpUaAa
PjZaAa
LhLbAa
TpHaAa
KhQaAa
MdOaAa
OxAaAa
IvPaAa
VhPaAa
PuUaAa
RcEaAa
BpLaAa
YlPaAa
OpFaAa
OpFaAa
MsAbAa
JrXaAa
IbHaAa
UqYaAa
UxBbAa
WpUaAa
QcSaAa
RaDaAa
EtRbAa
XbEaAa
FgBbAa
JwDaAa
QlBbAa
OaTbAa
VdFaAa
YsCaAa
SpZaAa
JrObAa
NoDbAa
FzVbAa
GfKbAa
EuDaAa
ZxIaAa
WyMaAa
ShDaAa
QmLbAa
XgZaAa
WwAaAa
SuEaAa
BxDbAa
BaIaAa
VmXbAa
CcCaAa
EgAaAa
JoVaAa
PeAaAa
PmBaAa
QhIbAa
JcAaAa
PhZaAa
FfMaAa
LdDbAa
BpGaAa
ZaBbAa
NfObAa
FyVaAa
CxFaAa
WoFaAa
DoXbAa
OqRbAa
PhBaAa
TfWbAa
AbFaAa
CsMaAa
VaAaAa
QcEaAa
XeAbAa
CrGaAa
MwCaAa
AhDaAa
CmVbAa
LqHaAa
FlPaAa
QvDaAa
WeZaAa
CxFaAa
YaFaAa
BhLaAa
GsCaAa
HfKaAa
PhBaAa
RrTbAa
ToHbAa
TcHaAa
JnYaAa
LiUaAa
GiAaAa
JpSaAa
VaAaAa
DdFaAa
LuLaAa
AhNaAa
BaRaAa
MaBaAa
YkHaAa
GlAaAa
YsBaAa
UtFbAa
KcFaAa
AnBbAa
GiAaAa
IiBaAa
OpPbAa
OqRbAa
HvJbAa
FhUbAa
IiNaAa
LqGbAa
QcEaAa
KbDaAa
MzKbAa
VcWaAa
YqJaAa
LrKaAa
WwGbAa
ZeNaAa
ViHbAa
XcLbAa
UlUaAa
QnTaAa
VrAaAa
SxAbAa
HlLbAa
AnBbAa
RoJbAa
FtHaAa
JrXaAa
LdCaAa
NhAaAa
TuXaAa
PmBaAa
KbDbAa
FvYbAa
VpUaAa
OaTbAa
AdHbAa
TzAaAa
BmVbAa
JzBaAa
AjNbAa
VwAaAa
UmAaAa
MfEaAa
YkZaAa
OsAaAa
UxHbAa
ZrNaAa
SxDaAa
WcLbAa
AuAaAa
UuEbAa
PeKaAa
HqTaAa
FgAaAa
IwDaAa
IoZaAa
JyAbAa
GcVbAa
FoAaAa
LvEbAa
SeRbAa
KbDaAa
DcIaAa
MhMbAa
EvFbAa
BiJbAa
RaDaAa
WaAaAa
UiAbAa
GiBbAa
EgHaAa
MoNaAa
MnFaAa
KuBaAa
ZlAaAa
BmObAa
OyFbAa
TrIaAa
KrSaAa
HkWbAa
ImHaAa
EuDaAa
MwBaAa
GiCbAa
EzDaAa
LpMbAa
JrDaAa
CrGaAa
AhNaAa
UsKaAa
VcDaAa
KwZaAa
FnDaAa
YsBaAa
AlNaAa
JdEaAa
NvKaAa
VaAaAa
HnBaAa
DmRaAa
EvHbAa
EgVbAa
GjUbAa
SuMbAa
VoCaAa
FzLaAa
BiDbAa
NrBaAa
TjVaAa
JzIaAa
ZnBaAa
MlWaAa
WuCbAa
ZnBaAa
QkFbAa
CwXaAa
SkDbAa
AjNaAa
UzObAa
ZlAaAa
SwSbAa
JnYaAa
CeRaAa
TiKaAa
OiQbAa
GzCaAa
YiZaAa
PkMaAa
ZeNaAa
PhZaAa
QfDaAa
OhAaAa
NtKaAa
CeGaAa
OcMaAa
GiBbAa
NkAaAa
KvPbAa
WgEaAa
AuAaAa
AnBbAa
FiEbAa
QeUbAa
MlKaAa
YmJaAa
AlNaAa
YiEbAa
OhCbAa
VaAaAa
UtFbAa
ItAaAa
BzJaAa
YtJbAa
GkBbAa
YoJaAa
CzTaAa
KnCaAa
EiMbAa
UmFaAa
SsWbAa
LfAaAa
JtWbAa
OqNaAa
LcFaAa
JvMbAa
CwXaAa
QcBaAa
KrSaAa
AiJbAa
EdGbAa
HrEaAa
GxBaAa
CaXaAa
NoDbAa
PeAaAa
IbHaAa
OjXbAa
IhFbAa
TkSaAa
KdQaAa
TqMaAa
QlHaAa
PsAaAa
SlIaAa
ReAaAa
DjUaAa
KjDbAa
KhQaAa
VdAaAa
AvTaAa
VcIaAa
SlNaAa
AeSaAa
SdPbAa
ZnDaAa
QlGaAa
KrSaAa
SlNaAa
ZqJaAa
DcIaAa
KdGaAa
KtXaAa
PrOaAa
MfRaAa
LtXbAa
VdAaAa
WdAaAa
ZlAaAa
UoHbAa
EcTaAa
EcLbAa
QdWbAa
HqTaAa
VrAaAa
EqCaAa
MwBaAa
BsXaAa
EeDaAa
RmYaAa
CjCaAa
ThDaAa
RoDaAa
FoFaAa
RhNbAa
XpEaAa
KmPbAa
OaGbAa
AxDaAa
UrAbAa
BxJaAa
ZtRaAa
PhEaAa
DiXaAa
EgAaAa
PeKaAa
SkAbAa
FiGaAa
CrBbAa
FbEaAa
LqHaAa
XuDaAa
JdFbAa
NsHaAa
LaUaAa
LaKaAa
KsBbAa
RaDaAa
FgZaAa
PvDaAa
FpNaAa
RoDaAa
BjAaAa
DxFaAa
MfGaAa
BtFaAa
PsAaAa
WoEbAa
CeXaAa
SpAaAa
WxLaAa
EtRbAa
LiDaAa
HrQaAa
HrJbAa
CiQaAa
CvBaAa
VqBaAa
EeVbAa
XeCaAa
CdAaAa
OhHbAa
NoRbAa
QdWbAa
NdEbAa
WlUbAa
ElBaAa
XoAaAa
VvAbAa
GfKbAa
CtBbAa
UkRaAa
StBaAa
HkTaAa
PbAaAa
MlHbAa
CmRaAa
BpHaAa
DcGaAa
NfOaAa
ScQaAa
MaBaAa
CuSaAa
CxFaAa
KnBaAa
FxFbAa
RiFaAa
CcDaAa
PcVaAa
GyGbAa
RsEaAa
KiDaAa
MkAaAa
XvYbAa
MuBbAa
GyGbAa
WgEaAa
CsPbAa
WaAaAa
ZnDaAa
QyJbAa
EeVbAa
CeRaAa
IdSaAa
IsFaAa
IlFbAa
NwBaAa
UnEaAa
SvTaAa
PfIaAa
AfLaAa
ZnPaAa
KfAaAa
EbBaAa
WyMaAa
WlBaAa
NhJaAa
VpQbAa
PjWbAa
CeGaAa
EsYaAa
AvTaAa
LcFaAa
TiQaAa
AiJbAa
ZnDaAa
QdNaAa
VdAaAa
AbHbAa
DaWaAa
LwCaAa
ImZaAa
IdSaAa
RiSaAa
NcKaAa
MbTaAa
IiNbAa
MpXbAa
FqXbAa
MuBbAa
ReAaAa
AxZaAa
ToHbAa
OhBbAa
WgEaAa
FbYbAa
FtHaAa
NkCaAa
RiFaAa
DnNaAa
VwAaAa
RcEaAa
RmCaAa
JfAaAa
KmEaAa
FsSaAa
XeTaAa
SnBbAa
OhHaAa
VuKaAa
KgPbAa
FhUbAa
BaCaAa
MwBaAa
ZfKaAa
LvEbAa
DcWaAa
XoJaAa
VuIbAa
AqDaAa
GkJaAa
FiOaAa
JmLaAa
CaAaAa
RmJbAa
EtRbAa
EcTaAa
MjZbAa
MxSaAa
AoBaAa
QwJbAa
VrGaAa
RaDaAa
WlDaAa
EuDaAa
QyBaAa
HqTaAa
WgOaAa
TrIaAa
ZlJbAa
VqXbAa
OyFaAa
CwAaAa
RpAaAa
ErUbAa
IcLaAa
RyBaAa
LcUaAa
IdSaAa
DxLaAa
YkBbAa
QcBaAa
TgYaAa
DgAaAa
QcEaAa
HzFaAa
GjRbAa
TgYaAa
CuSaAa
PyFaAa
KfAaAa
XiWbAa
VpUaAa
ZnDaAa
StBaAa
LcFaAa
OqRbAa
FxBaAa
NsAbAa
CuAaAa
NoUbAa
ErLaAa
KmEaAa
KjSaAa
FtIaAa
FuDaAa
SuEaAa
HvNaAa
DbKaAa
NhJaAa
LhYaAa
CsPbAa
MrWaAa
PuUaAa
ImBbAa
WlDaAa
GbSaAa
NhHaAa
FmOaAa
TgXaAa
KvPbAa
ZlAaAa
UaIaAa
EpEaAa
PxKaAa
NzNbAa
EqCaAa
RoJbAa
CaAaAa
QfDaAa
QlHaAa
RbFaAa
EcTaAa
ZzFaAa
ByQaAa
EgBaAa
AfWbAa
GmJaAa
JbGaAa
TkFaAa
RbHbAa
MxIbAa
EsWaAa
VjBaAa
RjYbAa
FiEbAa
JuKbAa
TrGbAa
OeYbAa
KqGaAa
FnDaAa
NrCaAa
BhLaAa
JdBaAa
EuDaAa
KvEaAa
JaSbAa
AmAaAa
ZgIaAa
EgAaAa
WlRbAa
EdYbAa
UtFbAa
OkAaAa
EuKaAa
HlCaAa
MrWaAa
PrOaAa
HrQaAa
LqLaAa
BsXaAa
MrYaAa
KfAaAa
VxFaAa
UzBbAa
LpYaAa
LpXaAa
HxUaAa
OjJaAa
FeTaAa
MhMbAa
TaJaAa
JmTaAa
WdQbAa
TuXaAa
JuUbAa
XeDaAa
TaIaAa
CxFaAa
GiAaAa
ZlAaAa
AnGaAa
QsJbAa
FnDaAa
ZgIaAa
PeKbAa
WgBaAa
SaQaAa
EdGbAa
JpMaAa
KdGaAa
CkRaAa
TkFaAa
PqEaAa
CaYaAa
HiEaAa
JoVaAa
GsBaAa
HhFaAa
HrQaAa
RyPaAa
JrXaAa
MxSaAa
CwXaAa
QwQaAa
CkRaAa
OiQbAa
CwAaAa
KaUaAa
KwDbAa
HzRaAa
NwBaAa
RoJbAa
UsMaAa
KtXaAa
ZgSbAa
EySaAa
UuMaAa
MfRaAa
SoYaAa
JjSaAa
LhYaAa
HsOaAa
EuDaAa
ToHbAa
NrBaAa
RjNaAa
OvCbAa
CcRaAa
BuAaAa
AhNaAa
TpGaAa
PuUaAa
FbBaAa
PhBaAa
FbEaAa
JpJbAa
DgMbAa
FvCaAa
KdRaAa
GeCaAa
GoAaAa
AuWbAa
XbEaAa
UoCaAa
QmLbAa
QxAaAa
FeCaAa
HqTaAa
PhBaAa
DgAaAa
MaBaAa
DsIbAa
BqMaAa
WdAaAa
XfMaAa
WwGbAa
UiAbAa
GiAaAa
VqXbAa
WcLbAa
CrAaAa
PbNaAa
EnRbAa
JhKaAa
BcRaAa
GqJaAa
JiAaAa
KsBbAa
CsPbAa
EqWaAa
HzGaAa
GmWbAa
ZxIaAa
LdHaAa
BxAbAa
FjMaAa
KfAaAa
VkWaAa
VwSaAa
IiNbAa
EiRaAa
LyBbAa
YsBaAa
WsCbAa
KvPbAa
IfUbAa
ToBaAa
MbTaAa
FcTaAa
ZtRaAa
KbDbAa
RjYbAa
NvKaAa
WsEbAa
SmCaAa
GfFaAa
NdWaAa
NzYaAa
UmFaAa
TeBaAa
BqMaAa
PwIaAa
AuWbAa
UrGaAa
UvFaAa
MoNaAa
EbNbAa
GzFbAa
GiBbAa
VwMaAa
KcPaAa
HzRaAa
HfKaAa
XlBaAa
MkAaAa
KdRaAa
OpFaAa
GrNaAa
XlBaAa
PoLbAa
BaRaAa
UtBbAa
NkAaAa
XuDaAa
WaAaAa
CaYaAa
BpLaAa
MmGbAa
BjBaAa
HbTbAa
MlKaAa
WlUbAa
RrZaAa
BxJaAa
HnBaAa
RdSbAa
OjHaAa
DkKaAa
FlBaAa
YqJaAa
EcTaAa
IbHaAa
RwNaAa
XuDaAa
GiAaAa
OiQbAa
AdLaAa
YsBaAa
QhTaAa
JwUbAa
VcIaAa
CdAaAa
MfEaAa
RgKaAa
EtRbAa
RwNaAa
QlBbAa
JrXaAa
NrBaAa
UeGaAa
AqDaAa
JzHaAa
MkAaAa
MkAaAa
ZzCaAa
GiAaAa
GtUaAa
VaAaAa
HrJbAa
SmCaAa
IgDaAa
CmSaAa
MnWaAa
OjMbAa
DtKbAa
DyEaAa
TgYaAa
HyAaAa
PwHaAa
TeBaAa
VgRaAa
HzCaAa
QcBaAa
ZjQbAa
JzHaAa
PwIaAa
PbAaAa
DjUaAa
SfXbAa
LsFbAa
QmLbAa
LhYaAa
PkMaAa
ZlJbAa
QzOaAa
SfLaAa
AyJbAa
FoAaAa
OrWaAa
CuSaAa
GnDaAa
WwGbAa
AuEaAa
CvBaAa
ZmZaAa
CaAaAa
TbCbAa
DkKaAa
ZgCaAa
TpHaAa
PeAaAa
TkXaAa
EuDaAa
RcFbAa
QvDaAa
VaAaAa
HdKbAa
ToObAa
VaOaAa
WgVbAa
KoBbAa
KrSaAa
JrObAa
MdJaAa
UvBaAa
EbNbAa
XxCaAa
SfPbAa
LtXbAa
GbSaAa
CqYaAa
TjAaAa
PwYbAa
MoNaAa
CmSaAa
VwIbAa
IhKbAa
JcAaAa
LiUaAa
QbAaAa
KrSaAa
FpEaAa
JxNaAa
PrOaAa
WlBaAa
MwBaAa
OaGbAa
RwNaAa
QlGaAa
UiAbAa
UnNaAa
QfIbAa
TsMbAa
YpPaAa
NdEbAa
NlEbAa
FtHaAa
MoNaAa
BsXaAa
IrEaAa
AiSaAa
EcOaAa
GjUbAa
FnDaAa
KvAaAa
OxAaAa
TiKaAa
KoBbAa
EeOaAa
VyKbAa
CjBaAa
NxTbAa
WmKaAa
UrGaAa
MtDaAa
FiEbAa
KfAaAa
KqGaAa
JpDaAa
NdIaAa
MaNbAa
QrJaAa
MwBaAa
LtDaAa
YvRaAa
LbJaAa
MwBaAa
ImTaAa
EyNbAa
OgQbAa
SiJbAa
YaFaAa
HwKbAa
HkWbAa
OoDbAa
ShCaAa
ZzFaAa
RhIaAa
WwGbAa
BhLaAa
TrIaAa
WgVbAa
RyBaAa
OeKbAa
WdAaAa
MsGaAa
VxLaAa
CcDaAa
NxMaAa
RyPaAa
LpYaAa
SnIaAa
ScFbAa
LsDbAa
SfLaAa
CnLaAa
YvRaAa
EyNbAa
EpEaAa
QcSaAa
MhWaAa
LbDbAa
GkBbAa
DsEbAa
WxCaAa
YbBaAa
JuKbAa
EbBaAa
KiDaAa
WaAaAa
KdQaAa
VdFaAa
FtIaAa
MdJaAa
JxQaAa
TgYaAa
WdAaAa
BbSbAa
FnDaAa
DrAaAa
EeDaAa
HaHbAa
VcDaAa
ZlAaAa
NvYaAa
VwMaAa
GkHaAa
EzMbAa
KqGaAa
WaAaAa
TaCaAa
BlYbAa
JgLaAa
XqOaAa
KaUaAa
MdDbAa
TfPaAa
IcLaAa
UvBaAa
LcFaAa
ZhFaAa
EjGbAa
FiEbAa
HxHaAa
CoCaAa
TzAaAa
MhMbAa
MgUaAa
EqCaAa
TzAaAa
TbUaAa
YpLbAa
SlIaAa
FvGaAa
KuCaAa
WpNaAa
IhKbAa
GiAaAa
BaAaAa
TrIaAa
VhTbAa
ZsBaAa
LlFaAa
DtDbAa
FeCaAa
CoCaAa
AzAaAa
ZaBbAa
HvQaAa
JbGaAa
MfRaAa
FyVaAa
OhBbAa
RbFaAa
GkBbAa
AvTaAa
BsDaAa
WgBaAa
TrIaAa
TsSbAa
CwXaAa
VyQbAa
FbYbAa
GlCaAa
NtWaAa
RmJbAa
OwGaAa
GmOaAa
XxGaAa
SaDaAa
ZzFaAa
FfQbAa
LtMaAa
MkAaAa
QdWbAa
CnLaAa
CdAaAa
FbBaAa
VaOaAa
VaTaAa
NpPbAa
UeGaAa
VfGbAa
QfZaAa
UoBaAa
RxLbAa
BvFaAa
EsCbAa
BcHaAa
UiAbAa
ZgCaAa
LqHaAa
HlAaAa
KfAaAa
ZsBaAa
FvHaAa
ReAaAa
GkBbAa
BxJaAa
XpEaAa
PeAaAa
HeCbAa
ObAbAa
AfLaAa
GsCaAa
DaOaAa
DgLbAa
BzUbAa
EeOaAa
YiIbAa
FtHaAa
WdYbAa
AnGaAa
CoCaAa
XlBaAa
OtNbAa
QnTaAa
EgJaAa
DqBaAa
QpAaAa
EgVbAa
YbTbAa
HvNaAa
UpAbAa
JuKbAa
YsBaAa
DyEaAa
FeCaAa
FiGaAa
OpWbAa
BxTaAa
UrAbAa
LqBbAa
IzHaAa
JmLaAa
QmLbAa
GfMaAa
FyMaAa
FsBaAa
YrNaAa
QhBaAa
RmCaAa
BaAaAa
EeVbAa
CjCaAa
CiQaAa
FcOaAa
GiAaAa
EpEaAa
UoCaAa
KdQaAa
DgAaAa
GkGaAa
LtXbAa
GzCaAa
EzDaAa
HvJbAa
NnAaAa
FeEbAa
EuDaAa
QcEaAa
KtXaAa
YxXbAa
JyAbAa
CjCaAa
NkAaAa
IiBaAa
YvUaAa
EuDaAa
NjWaAa
LdDbAa
KqAaAa
ShPbAa
RuObAa
GmWbAa
UhGbAa
VeHaAa
YaFaAa
BvFaAa
OwBaAa
NeQbAa
QrJaAa
YfKbAa
PhZaAa
NvKaAa
WcTaAa
NyLaAa
FtHaAa
ElBaAa
XgZaAa
SoYaAa
UaXaAa
GsBaAa
HuOaAa
GiAaAa
BgYaAa
MdJaAa
UoHbAa
NtYaAa
FxBaAa
JuUbAa
UzObAa
TeBaAa
HqTaAa
FfQbAa
KcFaAa
OwGaAa
GjUbAa
NdIaAa
RlZaAa
PeAaAa
RhBaAa
CwSaAa
GfFaAa
MoAbAa
HyKaAa
NhEbAa
IkEaAa
XzLaAa
FnDaAa
BmVbAa
DjCaAa
KbQaAa
XiEbAa
LjXaAa
PwHaAa
DyEaAa
TiKaAa
ZgCaAa
FbYbAa
VnEaAa
SaGaAa
MnFaAa
TzAaAa
SkFaAa
YlMaAa
AcHaAa
QjTaAa
LtXbAa
FoIbAa
ImTaAa
MkAaAa
VrAaAa
OjMbAa
TbCbAa
KrSaAa
OgQbAa
FfQbAa
OsAaAa
ImHaAa
SlVaAa
OiQbAa
IcAaAa
QtJaAa
KmEaAa
VhTbAa
UoCaAa
WoYbAa
GbSaAa
ItEaAa
EuDaAa
JcAaAa
JmLaAa
KgPbAa
PyCaAa
XoAaAa
MrYaAa
UoHbAa
LgPaAa
BkYaAa
XpEaAa
TqMaAa
EiRaAa
KyDaAa
FxFbAa
GlRbAa
GmWbAa
UiAbAa
ZaFaAa
AuAaAa
LsDbAa
EbBaAa
RnHaAa
YvQaAa
YyGbAa
CqMbAa
QfIbAa
HtAaAa
EnUbAa
InMaAa
UwEbAa
HsOaAa
LmEaAa
OpEbAa
KcFaAa
XvYbAa
HzGaAa
UnUaAa
VxFaAa
QlBbAa
UpAbAa
XbBaAa
LfBaAa
LdHaAa
VeLbAa
KcFaAa
NeQbAa
MvMaAa
EuDaAa
XiGaAa
TgYaAa
DjUaAa
CsPbAa
TpLaAa
GsCaAa
MaKaAa
TrIaAa
CcYaAa
EcObAa
OhHbAa
OiUbAa
LoBbAa
YvRaAa
TeAaAa
TgYaAa
DbKaAa
AfLaAa
WiMbAa
WyMaAa
ZvNaAa
DoCaAa
HrEaAa
VrAaAa
WvBaAa
NrBaAa
XoAaAa
NrBaAa
AzLbAa
QbLaAa
LsFbAa
DcJaAa
QzOaAa
PpFaAa
QrFaAa
CjCaAa
AyQaAa
FjMaAa
MfGaAa
SfNbAa
TkXaAa
OjMbAa
VcDaAa
IwDaAa
XvHaAa
ZlAaAa
TxVbAa
UaXaAa
CwXaAa
NlEbAa
GjRbAa
FeBbAa
YzLaAa
RgJbAa
VzDaAa
JyAbAa
DoXbAa
JiBaAa
DaAaAa
QfIbAa
CsPbAa
OsUaAa
PqEaAa
VaAaAa
BkYaAa
OkCaAa
CvBaAa
XxCaAa
EgVbAa
RcFbAa
KuCaAa
LdQaAa
CoCaAa
SuEaAa
WdAaAa
UpHaAa
JaSbAa
UuMaAa
RcFbAa
HyAaAa
OjMbAa
OpKaAa
TrIaAa
MwBaAa
RwNaAa
MnWaAa
JlAbAa
WcLbAa
WoFaAa
WgBaAa
GrNaAa
RbFaAa
SxDaAa
RmCaAa
TlNaAa
JvMbAa
UnEaAa
ToBaAa
UtBbAa
GbSaAa
PjSbAa
HzGaAa
ZnBaAa
TrIaAa
KfAaAa
FtIaAa
UpFbAa
CaAaAa
GyGbAa
GmPbAa
PhBaAa
ZgIaAa
DjTbAa
OsUaAa
LdCaAa
CcYaAa
BvBaAa
ZlCaAa
EpEaAa
GcAbAa
JfAaAa
FsBaAa
FgZaAa
DwAaAa
LkDaAa
ZvPaAa
DaFbAa
OtNbAa
EuYaAa
FgZaAa
HnBaAa
PmBaAa
XxFaAa
OdBbAa
NaYbAa
FbBaAa
KyTaAa
PmPaAa
CoMbAa
AiJbAa
ZtRaAa
VjBaAa
BnTbAa
OtNbAa
HcNaAa
QyBaAa
XjMaAa
KsFaAa
TjVaAa
YkBbAa
QcEaAa
RyUaAa
OnIbAa
SiJbAa
UwEbAa
AhDaAa
YfKbAa
OdTaAa
SlYbAa
KyDaAa
BaAaAa
HtAaAa
KrSaAa
LbJaAa
IiNaAa
IiNbAa
MvMaAa
KdBaAa
JjFaAa
QfIbAa
RbPaAa
NqKbAa
BjAaAa
PeAaAa
MvMaAa
UcCaAa
DlDaAa
CdAaAa
VhPaAa
SnBbAa
WiHaAa
HyAaAa
OwGaAa
KaSbAa
UrGaAa
HjQbAa
AjIaAa
OsAaAa
NvKaAa
EuYaAa
EiRaAa
AuWbAa
JuUbAa
BsXaAa
XkPbAa
IcLaAa
PhTaAa
WxFaAa
ExCaAa
OaTbAa
YfKbAa
ZlAaAa
HzFaAa
GsCaAa
QxKaAa
LiUaAa
GgCbAa
FnDaAa
CtBbAa
OsUaAa
XvHaAa
DvCaAa
PjWbAa
CsSbAa
DxFaAa
KuCaAa
EeZaAa
ZlJbAa
VaOaAa
CkQaAa
UnNaAa
BzJaAa
PeKaAa
MdObAa
BcGaAa
YbEaAa
AuAaAa
FbBaAa
ErUbAa
FiJaAa
PgQbAa
WgGaAa
IcAaAa
QrJaAa
FeVbAa
KvPbAa
DxLaAa
IkEaAa
EtIaAa
CdAaAa
GfKbAa
KrSaAa
HxWbAa
XkPbAa
OlCbAa
KuCaAa
MiDaAa
EuDaAa
HgCaAa
DgJaAa
SaDaAa
LwCaAa
ImBbAa
ZsOaAa
WgEaAa
UaXaAa
YoOaAa
MaBaAa
XbBaAa
MaBaAa
HzCaAa
ZxUaAa
GmJaAa
PjXbAa
MtYaAa
RtBaAa
VtBbAa
MtYaAa
RxLbAa
TsYbAa
VaOaAa
CeXaAa
WoEbAa
BsDaAa
CwAaAa
StBaAa
OhBbAa
KqGbAa
AaGaAa
FnDaAa
CaYaAa
VgEbAa
NeQbAa
QaVaAa
UvBaAa
KyTaAa
OjJaAa
JyAbAa
EdGbAa
VaAaAa
PcMaAa
PwIaAa
BgYaAa
EoFaAa
KdRaAa
WgGaAa
BjBaAa
AlNaAa
GzCaAa
NlEbAa
DnGbAa
HyAaAa
BaAaAa
DpUaAa
LsLaAa
KbFbAa
AhNaAa
MlFaAa
KvAaAa
FjMaAa
HrQaAa
ZaBbAa
FiJaAa
ZlAaAa
EtRbAa
HhFaAa
BqDaAa
TjAaAa
VpUaAa
CzDaAa
SoBaAa
XfMaAa
RoMaAa
GsBaAa
ZsCaAa
NhAaAa
XgZaAa
CaAaAa
CoCaAa
AvTaAa
LaKaAa
HgCaAa
OcMaAa
LdCaAa
HvJbAa
OpFaAa
UhVaAa
BuEaAa
EvBbAa
WoPbAa
RcEaAa
FfMaAa
GiAaAa
VdAaAa
BzJaAa
TpHaAa
TbCbAa
OhGaAa
WlUbAa
IbHaAa
BcGaAa
EoKaAa
JqAaAa
HvUaAa
BgYaAa
YpPaAa
GiBbAa
IyAaAa
AzAaAa
BnTbAa
TrIaAa
MsIaAa
UoCaAa
AtFaAa
OzMaAa
EyNbAa
MhMbAa
SmCaAa
JiNaAa
ZzFaAa
LmEaAa
TzAaAa
OhBbAa
LtDaAa
WpNaAa
FxBaAa
MuGaAa
AtTaAa
IcAaAa
CxFaAa
RgKaAa
ToXaAa
VoCaAa
MnWaAa
BlNaAa
WeZaAa
TzJaAa
EnUbAa
BsXaAa
CjCaAa
AqDaAa
YkZaAa
NeFaAa
GkJaAa
GlAaAa
DpUaAa
WpNaAa
TpLaAa
HkTaAa
NkAaAa
EyCbAa
KqAaAa
QfIaAa
VgRaAa
JzIaAa
LuLbAa
FbYbAa
PbAaAa
AuEaAa
GiAaAa
FfQbAa
WlUbAa
UwEbAa
BvFaAa
SbFaAa
BpHaAa
CeEaAa
NaXbAa
EcLbAa
PbAaAa
JrObAa
DgAaAa
CwXaAa
PbNaAa
TqSaAa
TzJaAa
ZaFaAa
LfAaAa
KoBbAa
EpEaAa
QcEaAa
CwSaAa
GxBaAa
ZzFaAa
PwUaAa
BzJaAa
GnDbAa
FiHaAa
TkXaAa
KvPbAa
AtFaAa
BsDaAa
AyQaAa
KqAaAa
YiTaAa
DhTbAa
KrObAa
ZzGaAa
DlDaAa
XxMbAa
HkWbAa
EmKaAa
MrWaAa
RtZaAa
CjCaAa
OxGbAa
ScRbAa
UzAaAa
VgJaAa
RyPaAa
BaAaAa
YnPaAa
YyGbAa
UjVaAa
WaAaAa
FsBaAa
ZlCaAa
MkAaAa
GaFaAa
YnPaAa
MdVbAa
MjZbAa
ZkBbAa
GlAaAa
BaAaAa
MaBaAa
JhFaAa
JzIaAa
JmTbAa
GoJaAa
KmTbAa
XxXbAa
CrAaAa
RlTaAa
IiAaAa
EbBaAa
TiKaAa
QrFaAa
OsUaAa
SfPbAa
XxFbAa
GcAbAa
SpTbAa
OpFaAa
CjCaAa
KfAaAa
GzFbAa
PyRaAa
QdWbAa
KbDbAa
TrIaAa
VaAaAa
MlKaAa
WrRbAa
GaFaAa
KfAaAa
VdAaAa
ObAbAa
UeXaAa
OxAaAa
OaSaAa
CeXaAa
TpHaAa
NlOaAa
EsWaAa
JxNaAa
RwNaAa
HtAaAa
TrBbAa
LdQaAa
OjMbAa
VdFaAa
JoHaAa
ZaFaAa
FsBaAa
DrAaAa
EbNbAa
QrOaAa
AhDaAa
XgZaAa
KqIaAa
MdZaAa
ZqTaAa
PySbAa
YrNaAa
PeAaAa
XwKaAa
ScHaAa
UoCaAa
VdFaAa
PuNaAa
ZgCaAa
XdKaAa
OhJaAa
YfKbAa
JpSaAa
CeGaAa
VqBaAa
VdFaAa
RwPaAa
KaIbAa
AzAaAa
UoCaAa
MkUaAa
DpUaAa
TqMaAa
IcAaAa
PkKbAa
OfAbAa
HxUaAa
JdEaAa
GyGbAa
NbObAa
AjIaAa
YkBbAa
RwPaAa
AyQaAa
DrFbAa
DvLaAa
IbHaAa
VkWaAa
HjUbAa
CeXaAa
KpSaAa
TkKbAa
GiGaAa
NdWaAa
UeMbAa
RvJaAa
IhMaAa
HiEaAa
DsSaAa
QlGaAa
PfTaAa
WrVbAa
IfQbAa
CrAaAa
SlNaAa
ImHaAa
WzYbAa
RtCaAa
PmKbAa
ZlCaAa
TgYaAa
KnCaAa
DaOaAa
XgEaAa
YrNaAa
OeMaAa
IhKbAa
ZzCaAa
GoNbAa
LdCaAa
MdJaAa
GrNaAa
GkKaAa
NyLaAa
ZvPaAa
SaDaAa
BkSaAa
ZaPaAa
DaWaAa
XiGaAa
OvKaAa
LrKaAa
ZuOaAa
AuEaAa
RmJbAa
LtMaAa
VfYbAa
EwWaAa
CxFaAa
MuGaAa
YnPaAa
MrWaAa
KzWaAa
GjUbAa
GmPbAa
TlYbAa
JhKaAa
MaBaAa
CvBaAa
QcSaAa
KgUaAa
FsYaAa
CeYaAa
UfTbAa
UoCaAa
TpBbAa
CrAaAa
JgXbAa
UmFaAa
EbBaAa
AlEaAa
ZlAaAa
KfAaAa
YoNbAa
NoDbAa
LdDbAa
RfNbAa
KmNaAa
GiCbAa
EbBaAa
NvCbAa
NvYaAa
StTaAa
CoCaAa
ScQaAa
GkJaAa
MkAaAa
BxUbAa
TgYaAa
PhBaAa
WdYbAa
PuNaAa
TjAaAa
KnObAa
LxEaAa
JcAaAa
LjKaAa
CjCaAa
OsAaAa
KlVbAa
SnIaAa
TsYbAa
QnTaAa
YtJbAa
WrVbAa
KmEaAa
YoNbAa
LdHaAa
EsCbAa
LnSaAa
XbBaAa
ZaHbAa
SlIaAa
IdSaAa
VqBaAa
ItAaAa
ExCaAa
QtJaAa
TeQaAa
WdAaAa
YsCaAa
IvXbAa
QsAaAa
WoOaAa
BzJaAa
ZlAaAa
FlUbAa
CoMbAa
GmPbAa
YqJaAa
MbLbAa
YrNaAa
XfMaAa
PeAaAa
IpPaAa
TsYbAa
GzCaAa
HtRaAa
DdAaAa
CjBaAa
AhDaAa
MbWaAa
HkGaAa
SlYbAa
RaGaAa
VhPaAa
TfPaAa
CaIaAa
YwKaAa
PlEbAa
YdVaAa
TzAaAa
SnGaAa
LqIaAa
NhAaAa
FfFaAa
IiEaAa
VdAaAa
EcLbAa
SfPbAa
BxJaAa
AiJbAa
GwKbAa
CaAaAa
WhTbAa
ZgIaAa
MuGaAa
PrOaAa
VcWaAa
OpFaAa
DzDaAa
ScRbAa
PhBaAa
HrQaAa
NhEbAa
UvBaAa
ZpPaAa
WrAaAa
MpXbAa
AbPaAa
XiEbAa
IcAaAa
FuDaAa
ZuZaAa
RtJaAa
VfGbAa
YkHaAa
MnAaAa
UtBbAa
DdAaAa
PfDaAa
YjMaAa
WaAaAa
MhWaAa
TcHaAa
DaAaAa
RpVaAa
AyQaAa
TcHaAa
XiEbAa
AdLaAa
FgBbAa
FvHaAa
JjFaAa
LkDaAa
PpOaAa
IbHaAa
WaAaAa
ZlAaAa
HkSbAa
YyGbAa
ZrPaAa
HyAaAa
HrJbAa
PwHaAa
KdEaAa
VcWaAa
VnFbAa
OeYbAa
QwJbAa
RbFaAa
WgEaAa
GiAaAa
EjGbAa
RmCaAa
NvKaAa
NkAaAa
JuUbAa
DlDaAa
AjPbAa
CcDaAa
AmJbAa
VxLaAa
GcEbAa
CdAaAa
HlCaAa
JfAaAa
YrNaAa
DaAaAa
GlAaAa
PsAaAa
KyUbAa
YrRaAa
VsIbAa
BaAaAa
PeAaAa
JrObAa
CtBbAa
TrIaAa
GbZbAa
AeSaAa
QdWbAa
QzOaAa
ZlCaAa
PhBaAa
AfLaAa
BeBaAa
VaObAa
DdFaAa
BpHaAa
BxDbAa
TnGaAa
RaGaAa
YyOaAa
LgTbAa
NdEbAa
BvUbAa
XoAaAa
SlYbAa
KcAaAa
UmAaAa
CxTaAa
CeYaAa
GiAaAa
DdFaAa
MsIaAa
OkAaAa
DaOaAa
IsFaAa
GrNaAa
LqHaAa
DkKaAa
TkFaAa
WgEaAa
XmOaAa
TsSbAa
GgCbAa
XpEaAa
ElBaAa
LcFaAa
ZlAaAa
KfAaAa
DyEaAa
JnYaAa
ZnPaAa
PjWbAa
TiQaAa
IiAaAa
JaSbAa
JzHaAa
UsPbAa
BaAaAa
WlBaAa
CzDaAa
WlDaAa
MhMbAa
PyFaAa
WdAaAa
CjCaAa
QyBaAa
ZxIaAa
KmEaAa
RtBaAa
KiDaAa
EuDaAa
LxEaAa
WfGbAa
QbLaAa
BcHaAa
SnBbAa
IcLaAa
ScQaAa
NrBaAa
HaHbAa
BdPaAa
JwDaAa
QwQaAa
RcEaAa
QeUbAa
JgLaAa
MuVbAa
AyQaAa
FoPbAa
GlAaAa
YrRaAa
JoHaAa
XoCbAa
JpSaAa
BjBaAa
QcSaAa
CtBbAa
RyIaAa
VbKaAa
PwIaAa
ExCaAa
HcNaAa
LtDaAa
ToBaAa
GjQbAa
TiQaAa
WgEaAa
LyDaAa
FbEaAa
SaQaAa
HuOaAa
RhIaAa
LyVbAa
PuIaAa
NwBaAa
OkUbAa
GkGaAa
NpCaAa
AjYbAa
FsBaAa
UmFaAa
HxUaAa
YmCbAa
OlCbAa
JnYaAa
KbDbAa
GfFaAa
OfHbAa
QjEaAa
RrZaAa
YhRbAa
JwUbAa
GiCbAa
JmTbAa
BnLaAa
PmPaAa
UhGbAa
IvNaAa
YqJaAa
NlOaAa
JpJbAa
CzDaAa
YiIbAa
RiFaAa
KpMaAa
CxFaAa
TzTaAa
OpKaAa
UrIaAa
EdGbAa
NdWaAa
IgDaAa
TuEaAa
GgCbAa
KmNaAa
OqRbAa
VcDaAa
QqEaAa
WyEaAa
FeObAa
MkAaAa
ZqTaAa
PhEaAa
VrAaAa
KbUbAa
KvAaAa
IcAaAa
TqMaAa
WqEbAa
ZaHbAa
DpUaAa
VuKaAa
NcKaAa
GkBbAa
BdPaAa
SlIaAa
BvFaAa
EuDaAa
ZnBaAa
WaAaAa
KdGaAa
VgRaAa
VdAaAa
FfFaAa
YgTaAa
UjAaAa
CaAaAa
DxFaAa
SlIaAa
GkBbAa
OpFaAa
FvHbAa
OhCbAa
ErUaAa
PkKbAa
CwAaAa
TaUbAa
HcNaAa
BqMaAa
ZeNaAa
QcSaAa
RyIaAa
EdGbAa
FmOaAa
JbVaAa
YsCaAa
CeGaAa
KaIbAa
HlLbAa
TkXaAa
ZgIaAa
AmAaAa
VxLaAa
QcBaAa
WlDaAa
XiWbAa
YsCaAa
CxFaAa
EpEaAa
AfLaAa
GnDaAa
WwGbAa
AmAaAa
KzWaAa
CsPbAa
TjVaAa
GoNbAa
KmEaAa
EeVbAa
XaAaAa
OsUaAa
CgYaAa
QtJaAa
LfDbAa
XxCaAa
WaObAa
BjLaAa
HrJbAa
IvNaAa
YkGaAa
SqSaAa
MzKbAa
CgDbAa
EgVbAa
VvBbAa
CsMaAa
TbUaAa
IdSaAa
IbHaAa
PaSaAa
BpLaAa
UiQaAa
GhUbAa
EaLbAa
BcGaAa
SfWbAa
TsDaAa
LzNaAa
OhBbAa
XeCaAa
YaFaAa
XvYbAa
EhVaAa
KmEaAa
CdAaAa
VwAaAa
BzJaAa
IgIbAa
JuTaAa
QlHaAa
UmAaAa
FsBaAa
LhXaAa
QcBaAa
KcPbAa
LyBbAa
MzIbAa
ZlCaAa
GjUbAa
ZsOaAa
QcEaAa
VxLaAa
OzEaAa
OlIbAa
DeDbAa
LoIaAa
EbBaAa
DzDaAa
VrAaAa
MtDaAa
BnTbAa
PkMaAa
RbFaAa
VfGbAa
WzYbAa
UoCaAa
RoDaAa
QeUbAa
NqKbAa
SnBbAa
GcAbAa
NhAaAa
CdAaAa
MsFbAa
MjZbAa
UiAbAa
KdEaAa
WxCaAa
WzYbAa
ZgCaAa
OzEaAa
IkEaAa
TwEaAa
JfFbAa
PqEaAa
QbLaAa
KtXaAa
CvCaAa
MvEbAa
VaAaAa
VgObAa
JjFaAa
JxNaAa
PeAaAa
DtFbAa
DyEaAa
HqTaAa
VeHaAa
RhBaAa
IvNaAa
IbHaAa
RgJbAa
LqAaAa
VwAaAa
UnNaAa
JuKbAa
JfAaAa
FeIaAa
DlDaAa
JgLaAa
FpEaAa
LqHaAa
JfAaAa
MdJaAa
ZjQbAa
BhLaAa
LdHaAa
EpEaAa
InMaAa
NvYaAa
MbLbAa
KsBbAa
OkCaAa
DbKaAa
LyBbAa
SnGaAa
VgMbAa
QdNaAa
WxFaAa
MoNaAa
MvMaAa
TkFaAa
UvLaAa
VeXaAa
VqBaAa
NhJaAa
TaJaAa
HjUbAa
FsCaAa
UwEbAa
BmObAa
OeFaAa
TmAaAa
FeOaAa
OaTbAa
HrPaAa
IdSaAa
BaJaAa
QhBaAa
MuBbAa
KaBbAa
UzObAa
ZeNaAa
RfNaAa
TxVbAa
FsBaAa
LgPaAa
WqEbAa
FiOaAa
GcAbAa
SvTaAa
QsRaAa
GiCbAa
BaIaAa
TeBaAa
GiBbAa
MsDbAa
BaAaAa
PjWbAa
LrSaAa
MwBaAa
AmAaAa
CaYaAa
KqGbAa
IcLaAa
VqBaAa
RmCaAa
KfAaAa
NvCbAa
VqYaAa
MmEaAa
DmWaAa
TwEaAa
CxFaAa
NdIaAa
UuMaAa
KyTaAa
OjXbAa
DcXaAa
JfAaAa
PaSaAa
DeEaAa
TmAaAa
WjPaAa
UoCaAa
QdIbAa
XeDaAa
CuSaAa
OpOaAa
MaBaAa
XxMbAa
YmOaAa
ScHaAa
QyBaAa
TrIaAa
RgFaAa
OyWbAa
MfBaAa
TdPaAa
VhPaAa
VgRaAa
FpEaAa
JoVaAa
PvDaAa
BnIaAa
OqKbAa
MxEaAa
VxLaAa
MwBaAa
GvIaAa
PkKbAa
YiCbAa
MdJaAa
JfAaAa
IcAaAa
JcAaAa
StFaAa
NsRbAa
TkFaAa
DyXaAa
TrIaAa
OxGbAa
XmCbAa
QcEaAa
SfWbAa
NrCaAa
XoCbAa
UwEbAa
EySaAa
LgTbAa
MhWaAa
CrAaAa
PfAbAa
RiSaAa
SqDaAa
TjAaAa
YkGaAa
NvKaAa
WeZaAa
KyDaAa
KfAaAa
CvCaAa
KqBbAa
AvTaAa
GqJaAa
GmPbAa
EyYaAa
BkSaAa
AhDaAa
PvQbAa
UnEaAa
VlDaAa
AhNbAa
WrUaAa
DgAaAa
HyAaAa
ByQaAa
MpXbAa
JfAaAa
JxNaAa
RnHaAa
KoBbAa
PhBaAa
IgIbAa
TzAaAa
UtFbAa
HkWbAa
WgEaAa
ArTaAa
RmCaAa
FxBaAa
ImTaAa
DiXaAa
FeIaAa
DuSaAa
ExCaAa
IcAaAa
IdSaAa
UrHaAa
NlHbAa
JqAaAa
CsMaAa
DwAaAa
MwBaAa
ZqNbAa
AuAaAa
KhKaAa
SmCaAa
OsAaAa
AjNbAa
GfFaAa
XjMaAa
DiXaAa
NaYbAa
CnNaAa
WdAaAa
SoYaAa
BmQaAa
VkOaAa
FfMaAa
DoXbAa
FbYbAa
JgLaAa
FnDaAa
ZrPaAa
PuNaAa
ApZaAa
RcBaAa
OxGbAa
PkMaAa
DcWaAa
HgCaAa
ZaPaAa
DlGbAa
GlAaAa
PhBaAa
LtDaAa
VoCaAa
OoRbAa
JqAaAa
TdUaAa
GiAaAa
CwSaAa
ImTaAa
LaKaAa
RcFbAa
YsBaAa
RaGaAa
JfSaAa
MhWaAa
YbTbAa
TjVaAa
IyAaAa
RbPaAa
MzKbAa
ZaHbAa
CeYaAa
YsBaAa
WyMaAa
UiAbAa
FwKaAa
VdAaAa
RmYaAa
KkYbAa
LtMaAa
LiCaAa
FpEaAa
HkSbAa
BeFbAa
EcTaAa
VfYbAa
DlDaAa
BaIaAa
CnNaAa
UjVaAa
QpAaAa
UeGaAa
JiBaAa
UjBaAa
JoVaAa
QfIbAa
QhBaAa
PjWbAa
VbXbAa
CwEaAa
HzGaAa
BuAaAa
PgFaAa
ZgCaAa
DcWaAa
SlVaAa
QjEaAa
XdAaAa
PfTaAa
OkAaAa
UnEaAa
HnBaAa
GbSaAa
OzMaAa
ZaPaAa
PwHaAa
NxMaAa
SnBbAa
UpAbAa
RoJbAa
HrEaAa
CqMbAa
RtBaAa
TjVaAa
HfKbAa
KuCaAa
MwBaAa
HeHbAa
MkAaAa
AmAaAa
LtDaAa
JzQaAa
UeQaAa
XvYbAa
FyYaAa
NoDbAa
LaKaAa
MaNbAa
TzAaAa
KxPbAa
GcAbAa
JcAaAa
CtKbAa
TsYbAa
PbVbAa
CjCaAa
ToBaAa
YkJaAa
FzLaAa
NoRbAa
HzRaAa
EiRaAa
CjCaAa
JqAaAa
CeXaAa
TjAaAa
YkZaAa
PuJbAa
GiAaAa
YpVbAa
XzSbAa
QpAaAa
BvFaAa
PjEbAa
HiEaAa
AtFaAa
MuFbAa
MwBaAa
WoEbAa
ZaHbAa
QwQaAa
UtFbAa
OtCbAa
PqEaAa
EqWaAa
XgEaAa
CaAaAa
VyIbAa
UaJbAa
QmLbAa
ToHbAa
SwPaAa
UiObAa
EeZaAa
SlIaAa
UqMbAa
EsCbAa
FeBbAa
CcDaAa
BfPaAa
TqHbAa
ElBaAa
NnAaAa
HzFaAa
KrSaAa
GoNbAa
WyMaAa
LfAaAa
FbEaAa
CfPaAa
BxTaAa
EuDaAa
KoBbAa
VzDaAa
SfPbAa
RhIaAa
YqOaAa
PpFaAa
MaNbAa
VnGbAa
FiZbAa
TtFaAa
AuAaAa
FnDaAa
UhGbAa
HrPaAa
NhMbAa
FfFaAa
MkAaAa
EqCaAa
ByNaAa
RaDaAa
KcFaAa
DgAaAa
DdFaAa
XoAaAa
FfMaAa
WlBaAa
EuDaAa
YsBaAa
GjRbAa
QbLaAa
EeDaAa
RfNbAa
KbUbAa
BzUbAa
MfGaAa
HkSbAa
CeRaAa
BeBaAa
JzQaAa
DpFbAa
SnGaAa
FqCaAa
PbNaAa
QtJaAa
KnSaAa
NdIaAa
DeDbAa
EgHaAa
LpXaAa
JfSaAa
UmFaAa
EpNaAa
XjMaAa
OdCaAa
SkFaAa
IgIaAa
EgHaAa
JkNaAa
EgHaAa
UhVaAa
XuDaAa
JjUbAa
KqAaAa
QyBaAa
BpLaAa
EaLbAa
WgGaAa
XiWbAa
VdAaAa
DoCaAa
GgCbAa
OaZbAa
BuMbAa
CvBaAa
FmOaAa
OpKaAa
OxAaAa
ZmYbAa
HcNaAa
FwYaAa
FxBaAa
AuEaAa
VxLaAa
RcSaAa
CrGaAa
FmOaAa
LkTbAa
GbSaAa
TbCbAa
UoCaAa
LrMaAa
PxKaAa
MpXbAa
JiBaAa
FeCaAa
LdGaAa
WeZaAa
LdCaAa
AfWbAa
TwEaAa
VdAaAa
EdGbAa
OhAaAa
SqSaAa
GcBbAa
PqNaAa
TpHaAa
VwAaAa
GvIaAa
DpUaAa
GbSaAa
OyWbAa
YgOaAa
OxGbAa
VgJaAa
EeJaAa
XeDaAa
TjAaAa
AfWbAa
PbAaAa
RgJbAa
XtIaAa
RnTaAa
PhBaAa
QcBaAa
WdAaAa
CjCaAa
ZlMaAa
JpJbAa
RpVaAa
JmLaAa
ZnBaAa
IoZaAa
ArZaAa
SxUbAa
XxGaAa
PwUaAa
BxDbAa
KoIaAa
DrGaAa
NyLaAa
HtAaAa
TrGbAa
MsAbAa
MpBaAa
TgXaAa
HxUaAa
DcDaAa
OlEbAa
GnDbAa
EcLbAa
EuYaAa
QdNaAa
FnDaAa
WcOaAa
ToYaAa
WgJaAa
YqJaAa
FgHaAa
AvTaAa
MdVbAa
QvDaAa
AuWbAa
EgGaAa
PvDaAa
ZlAaAa
TsXaAa
MvMaAa
VrAaAa
CjCaAa
HtAaAa
GjUbAa
JlJbAa
MwBaAa
TdPaAa
YlMaAa
YkHaAa
HiEaAa
TeQaAa
MwBaAa
NlEbAa
CeGaAa
WlBaAa
QdNaAa
ScRbAa
YgTaAa
JmTbAa
PsAaAa
PbAaAa
XeDaAa
AtFaAa
DhPaAa
EuYaAa
BaJaAa
FiOaAa
EuDaAa
ItEaAa
OjHaAa
DrDbAa
VcIaAa
TiQaAa
FlBaAa
GcAbAa
PeAaAa
MaNbAa
NzQbAa
TkFaAa
RpVaAa
JpRaAa
KiBaAa
PhEaAa
CcDaAa
OnAaAa
NhAaAa
UbCbAa
AnGaAa
AjNbAa
YkBbAa
CsPbAa
KdFbAa
OjMbAa
QaVaAa
DkKaAa
ZaHbAa
AcHaAa
TuXaAa
EdYbAa
AxDaAa
NmRbAa
KrSaAa
WoOaAa
TyNaAa
JfAaAa
OeMaAa
UzObAa
EfYbAa
RmCaAa
OhHbAa
KyTaAa
PbNaAa
MhWaAa
BkYaAa
EdYbAa
CcGaAa
BxDbAa
RoDaAa
PxKaAa
CjBaAa
ZgCaAa
OpFaAa
DgAaAa
FyYaAa
BqMaAa
TcDbAa
NoRbAa
LfQaAa
HtRaAa
LyBbAa
KfAaAa
ScQaAa
TzAaAa
ViHbAa
UnUaAa
HyKaAa
FzLaAa
RbLaAa
QfDaAa
TyNaAa
ZoAaAa
QlBbAa
CxFaAa
JnQaAa
VwMaAa
EpEaAa
LfYaAa
PbAaAa
OpWbAa
VaAaAa
FhUbAa
NwBaAa
LzWaAa
OqNaAa
WcLbAa
LiDaAa
VdAaAa
EaOaAa
DpUaAa
YsBaAa
PbAbAa
EeJaAa
GiAaAa
OaGbAa
SaCaAa
WlBaAa
QdNaAa
XeBbAa
MoNaAa
MaPbAa
BxJaAa
JyJaAa
VaAaAa
PrOaAa
JuKbAa
PeAaAa
JjSaAa
PeAaAa
YkGaAa
MhWaAa
ZrPaAa
YbTbAa
IdSaAa
BmVbAa
FhUbAa
GlCaAa
WmIbAa
XdVaAa
UoCaAa
HnPaAa
IiBaAa
JdEaAa
VdAaAa
FxCaAa
JjFaAa
HvIaAa
HyAaAa
NwBaAa
ZlJbAa
QcEaAa
ZvQaAa
UhGbAa
FpEaAa
AfNaAa
YsCaAa
GjRbAa
FiJaAa
OkCaAa
MxEaAa
FbEaAa
UwSaAa
UeQaAa
GxBaAa
VkOaAa
JyAbAa
CnNaAa
GoEbAa
TbUaAa
OqRbAa
JdEaAa
WwAaAa
VqBaAa
QwJbAa
TxVbAa
CmXaAa
EeCaAa
OjXbAa
SaCaAa
DrFbAa
IeWbAa
UeMbAa
RcFbAa
HuOaAa
VuIbAa
KnSaAa
CjCaAa
EaWaAa
YsCaAa
DdFaAa
JyJaAa
KkYbAa
RoDaAa
WaAaAa
GmOaAa
XlDaAa
AmAaAa
EcTaAa
CwPbAa
MvMaAa
MkBaAa
MfEaAa
LzNaAa
BmVbAa
LsLaAa
DzDaAa
SuEaAa
ErUaAa
FoWaAa
TjVaAa
YbEaAa
XeCaAa
WsCbAa
XuDaAa
UoCaAa
AhNaAa
MxSaAa
KiDaAa
GiOaAa
DhTbAa
QoLbAa
XlPaAa
WgVbAa
QuNaAa
DoXbAa
BuAaAa
FeDaAa
DrHaAa
PuNaAa
CeGaAa
LdCaAa
NnEbAa
TsYbAa
VhTbAa
ZsCaAa
VeMbAa
JmTbAa
PqEaAa
XdAaAa
TrIaAa
CrGaAa
GbSaAa
QyBaAa
CkRaAa
XoAaAa
XoJaAa
SmCaAa
BkSaAa
NdWaAa
DkKaAa
YqJaAa
HqTaAa
MsAbAa
NzYaAa
RiSaAa
YeIbAa
CeXaAa
EpEaAa
MnHbAa
AjNbAa
QbVbAa
IcAaAa
DgJaAa
PjSbAa
JpSaAa
VqXbAa
DzVbAa
UyQaAa
ReAaAa
CsMaAa
DsEbAa
UjAaAa
EmHbAa
ReSaAa
LfBaAa
SbFaAa
DoXbAa
YoAaAa
KqBbAa
QeAaAa
QpAaAa
GiAaAa
YfKbAa
FzFbAa
YaAaAa
OaGbAa
XxXbAa
VaAaAa
PuUaAa
JcAaAa
SaCaAa
JvMbAa
TbCbAa
KrSaAa
StBaAa
AhNaAa
VdAaAa
RoMaAa
VeGaAa
BjLaAa
TxVbAa
XiWbAa
LhKaAa
PfIaAa
JnYaAa
EjTbAa
ZzCaAa
GgHaAa
GiAaAa
YaFaAa
TsYbAa
SmCaAa
QwQaAa
ZbBaAa
FyVaAa
RbLaAa
FsBaAa
EqCaAa
KnCaAa
XeDaAa
ZuJaAa
BvFaAa
YqJaAa
UcJaAa
FtHaAa
OeKbAa
TjVaAa
CcDaAa
BsDaAa
PhTaAa
ViWaAa
HzCaAa
RgKaAa
FiEbAa
PbAaAa
ReUbAa
XdAaAa
PgQbAa
HmPbAa
AfWbAa
LqGbAa
PuNaAa
JcAaAa
BzJaAa
MdVbAa
TrIaAa
FiJaAa
EaObAa
BpLaAa
UeMbAa
QhZaAa
GbTbAa
ZlCaAa
KaIbAa
DaWaAa
BjBaAa
MlHbAa
RaDaAa
LcFaAa
NjHbAa
QlZaAa
VzDaAa
McUaAa
PhBaAa
DxCaAa
BvBaAa
XoJaAa
FgZaAa
HtRaAa
YsBaAa
LgPaAa
OiUbAa
VwAaAa
AvTaAa
FtIaAa
SpZaAa
DaOaAa
QcSaAa
BqRaAa
OnIbAa
LdHaAa
AnBbAa
MdCaAa
FhUbAa
VgJaAa
OiQbAa
WpNaAa
XeIaAa
GmWbAa
RyIaAa
PmKbAa
HdKbAa
UpAbAa
OkCaAa
SfNaAa
BkYaAa
VpUaAa
UtFbAa
AmAaAa
CvBaAa
KyDaAa
KmEaAa
FfFaAa
ScRbAa
NnEbAa
ImTaAa
DnGbAa
DlDaAa
ZyOaAa
XeZaAa
MbRbAa
WqEbAa
MlWaAa
QpAaAa
MkAaAa
KbFbAa
YaFaAa
ZlAaAa
CvBaAa
FiGaAa
KgUaAa
WoOaAa
KrSaAa
OpFaAa
ImHaAa
IxIaAa
GwVaAa
PhEaAa
LhYaAa
TuAaAa
DgJaAa
BnLaAa
HlLbAa
NlHbAa
YuGbAa
IgIaAa
XgHbAa
KlObAa
WxFaAa
TjAaAa
UrHaAa
BqMaAa
BuAaAa
ZtRaAa
KfAaAa
HsOaAa
XbQbAa
UaXaAa
MxIbAa
NzYaAa
UvLaAa
FfMaAa
YsCaAa
CdAaAa
VbXbAa
RiFbAa
OeKbAa
OfAbAa
EdYbAa
QhBaAa
CkXaAa
VuKaAa
PdAbAa
HyKaAa
MqFbAa
LdDbAa
HcNaAa
NoRbAa
FfMaAa
HuOaAa
ZwOaAa
MkAaAa
TmVbAa
BaAaAa
UtFbAa
TkFaAa
NtWaAa
NxMaAa
GxBaAa
QaVaAa
ZlAaAa
QwJbAa
NqUbAa
VdFaAa
NhJaAa
MkAaAa
IhFbAa
PhBaAa
XqOaAa
SoBaAa
CkFaAa
EyQbAa
FzLaAa
EsWaAa
EeZaAa
XdKaAa
XfMaAa
FhUbAa
KbCaAa
MoEaAa
VaAaAa
AnBbAa
YwKaAa
CcYaAa
LwCaAa
UnNaAa
MkAaAa
KbUbAa
PeAaAa
CjCaAa
UlUaAa
SfPbAa
TzAaAa
VjCaAa
EeDaAa
QlTaAa
NrBaAa
RmYaAa
McNbAa
LfAaAa
GzXbAa
AwNaAa
KzWaAa
UjAaAa
BsXaAa
YrNaAa
GrNaAa
CsPbAa
EvFbAa
EeDaAa
XhQbAa
UoCaAa
KpJbAa
OjOaAa
BjLaAa
OfAbAa
JuUbAa
CdAaAa
YbSaAa
MwBbAa
JjSaAa
EjGbAa
FrUaAa
NrYaAa
YlMaAa
TmObAa
OzEaAa
KfAaAa
IzUaAa
FuWaAa
IzHaAa
PgQbAa
XxXbAa
UwEbAa
JeNbAa
FgAaAa
RmCaAa
CyNaAa
DcWaAa
SqSaAa
NvCbAa
UhGbAa
YeIbAa
EyTbAa
TzHbAa
CpTbAa
NeFaAa
PkKbAa
UlUaAa
UjBaAa
JfAaAa
PmPaAa
PfCaAa
IzHaAa
PeKaAa
AcTbAa
PhBaAa
BmSaAa
OjJaAa
GnDaAa
BxTaAa
PyFaAa
KmEaAa
ShIaAa
DiYaAa
YvRaAa
JhJbAa
AoBaAa
KfAaAa
WdAaAa
KfAaAa
BjAaAa
DeHaAa
XoAaAa
ZuZaAa
VqBaAa
ShDaAa
MoAbAa
EdYbAa
WgHaAa
YsCaAa
VaAaAa
BvFaAa
XjMaAa
LyVbAa
NbLbAa
XgBaAa
JrDaAa
ZgCaAa
DiYaAa
QfIaAa
FzLaAa
YqJaAa
MkAaAa
UzObAa
DcWaAa
SfWbAa
OqKbAa
JdEaAa
MdVbAa
BkDbAa
QwUaAa
HtRaAa
EyYaAa
QwQaAa
DcIaAa
QyBaAa
LxEaAa
PeAaAa
FeTaAa
ZzCaAa
CsMaAa
SiJbAa
TgYaAa
CqYaAa
NaYbAa
OaEaAa
RtBaAa
CzDaAa
MjZbAa
CwAaAa
JpRaAa
YrRaAa
HzFaAa
MwBaAa
LtDaAa
SnHaAa
EeDaAa
MfAaAa
ShCaAa
IkEaAa
MoNaAa
LzEbAa
CoCaAa
GoAaAa
BiDbAa
WlBaAa
KyDaAa
FeVbAa
WpDbAa
LgPaAa
JdBaAa
UoCaAa
FxBaAa
OaTbAa
KqBbAa
QcEaAa
JgXbAa
YsCaAa
EeObAa
RyPaAa
ZhFaAa
OzEaAa
FfMaAa
EtAbAa
BqMaAa
QyBaAa
KqBbAa
FnUbAa
ZsCaAa
JfAaAa
ZlJbAa
BpGaAa
KrSaAa
UoCaAa
FyMaAa
EuDaAa
IgDaAa
LrKaAa
YaFaAa
YjPaAa
RcEaAa
CeGaAa
FsCaAa
UaXaAa
NwBaAa
QhZaAa
MkAaAa
EbBaAa
YkBbAa
ZlAaAa
DaWaAa
SnIaAa
EqBaAa
FgAaAa
PjWbAa
UtFbAa
WmIbAa
EySaAa
TzAaAa
HqTaAa
CuSaAa
PqEaAa
SaDaAa
FwKaAa
OeKbAa
GfFaAa
SnGaAa
ShCaAa
TzAaAa
QcEaAa
HgCaAa
GiAaAa
GoAaAa
RiSaAa
InMaAa
MnHbAa
LpMbAa
DwAaAa
VwMaAa
KqBbAa
JrXaAa
WwGbAa
TdUaAa
FiMbAa
ZaPaAa
QcBaAa
WqEbAa
RlZaAa
WgGaAa
WlBaAa
ZuZaAa
EdYbAa
ZsCaAa
ByNaAa
MrYaAa
EuYaAa
FxBaAa
FmOaAa
GoNbAa
MsAbAa
MkAaAa
ScBaAa
CeYaAa
UiAbAa
KyAbAa
JtPaAa
XlBaAa
JgLaAa
KrSaAa
ZaLaAa
EqCaAa
QcEaAa
KjLbAa
PfIaAa
BtTaAa
QyBaAa
WqEbAa
GkGaAa
BeBaAa
OsUaAa
ZrEaAa
RmJbAa
RbFaAa
FyVaAa
HaHbAa
KnObAa
MoNaAa
RaDaAa
RbFaAa
NhAaAa
GoAaAa
VrAaAa
GjUbAa
LzEbAa
TzJaAa
GbTbAa
ZxHaAa
CuSbAa
VdAaAa
SrTaAa
IcAaAa
VgEbAa
LvEbAa
YxGaAa
FiGaAa
XpLbAa
FvHaAa
YjQbAa
RgKaAa
CjBaAa
LwCaAa
FlPaAa
XgBaAa
CsPbAa
HtAaAa
MsAbAa
FxBaAa
BxJaAa
UoCaAa
PhTaAa
PuNaAa
ScQaAa
KnObAa
OpFaAa
SlYbAa
ItEaAa
DxFaAa
UrIaAa
KqAaAa
NtWaAa
DrAaAa
BjBaAa
GbTbAa
YeBbAa
ItAaAa
UrGaAa
WmIbAa
LpYaAa
RpVaAa
BxJaAa
LyBbAa
EeOaAa
BkSaAa
OxGbAa
NoDbAa
NhEbAa
HkWbAa
CmObAa
MnFaAa
GoNbAa
BmVbAa
CdAaAa
IcAaAa
GqOaAa
MfGaAa
HtAaAa
KiDaAa
YsBaAa
VaAaAa
AmAaAa
OvMaAa
EnUbAa
RlBbAa
TaJaAa
YlMaAa
NhAaAa
TqMaAa
VxLaAa
LtMaAa
BaAaAa
OjMbAa
BiDbAa
OlCbAa
LdDbAa
QcSaAa
GiAaAa
FeCaAa
KxNaAa
ZzFaAa
GbSaAa
AdLaAa
KfJbAa
HtAaAa
RtBaAa
JrObAa
LgPaAa
WyMaAa
KfAaAa
SfUaAa
KgUaAa
TsSbAa
JkIaAa
AfLaAa
NvMaAa
JpMaAa
XtIaAa
VbKaAa
WpNaAa
AuWbAa
XvGaAa
EnUbAa
WuWaAa
FsCaAa
ItAaAa
TzAaAa
IsFaAa
PxKaAa
ZnLbAa
IzHaAa
VqXbAa
UeRaAa
GwVaAa
HzRaAa
ZuZaAa
OdWaAa
SkAbAa
TaIaAa
WgEaAa
RaGaAa
AqDaAa
YfKbAa
UnUaAa
OxGbAa
QrFaAa
LbUbAa
WlBaAa
FjMaAa
EtIaAa
EuDaAa
DdAaAa
RoJbAa
EmKaAa
FbYbAa
VhTbAa
UpFbAa
CaUbAa
UjBaAa
SfUaAa
JzQaAa
IzFaAa
IxQaAa
VpUaAa
BqMaAa
UiYaAa
OpFaAa
JnYaAa
JcAaAa
FsBaAa
UzBbAa
PgFaAa
VeJaAa
QwRaAa
MwBaAa
ZzFaAa
KoBbAa
EoFaAa
HvJbAa
BaAaAa
LlFaAa
PyRaAa
PmBaAa
PrOaAa
KvAaAa
LiUaAa
WwAaAa
EsWaAa
AjIaAa
AhIaAa
XgEaAa
EuDaAa
SaQaAa
ViWaAa
FyVaAa
VqXbAa
ImHaAa
EdFaAa
KbDaAa
FbYbAa
EoSbAa
EyNbAa
AhNbAa
BzAaAa
AnBbAa
VaOaAa
EqWaAa
VkOaAa
YiIbAa
GnDaAa
DzDaAa
IrPaAa
EeZaAa
QjWbAa
RdNaAa
MlHbAa
XfQbAa
QeAaAa
PbNaAa
IeWbAa
VrUbAa
IeWbAa
PjZaAa
ItPaAa
AuWbAa
VdFaAa
UwSaAa
FhUbAa
UqMaAa
PaGbAa
SmCaAa
ZgCaAa
MwBbAa
WwGbAa
MvMaAa
XvHaAa
MdCaAa
TdPaAa
VfGbAa
PhBaAa
FpUbAa
IdSaAa
JuUbAa
MuCaAa
KvAaAa
EuDaAa
ZuZaAa
CwXaAa
QzKaAa
OzEaAa
YkZaAa
BaAaAa
FjMaAa
FoAaAa
JrObAa
PvDaAa
EbBaAa
EyNbAa
FbBaAa
KpYaAa
JpSaAa
DcIaAa
JdFbAa
WgBaAa
BsDaAa
BpLaAa
TrIaAa
LyVbAa
CmXaAa
LjKaAa
WoOaAa
VxObAa
UhVaAa
WlUbAa
PsAaAa
RbPaAa
SqSaAa
FvHaAa
PbAaAa
LaKaAa
YsCaAa
ZlAaAa
LfQaAa
WxFaAa
DsSaAa
JwJaAa
PpFaAa
YbTbAa
JfAaAa
TjVaAa
EdGbAa
OgQbAa
DjUaAa
IiAaAa
NuGaAa
CuSaAa
DuMaAa
KfAaAa
RdSbAa
OjHaAa
RfSbAa
DxLaAa
IbHaAa
FuDaAa
TjVaAa
IeWbAa
GjUbAa
LwCaAa
OaSaAa
MfGaAa
EyQbAa
VkWaAa
PbNaAa
FeCaAa
RgKbAa
WqEbAa
VdFaAa
JzHaAa
JqAaAa
YxSbAa
VsIbAa
HtRaAa
FvHaAa
FpEaAa
OpFaAa
WqEbAa
VqBaAa
ZlAaAa
ReSaAa
UeGaAa
RaDaAa
UrIaAa
XdAaAa
OqNaAa
EbBaAa
ZhFaAa
TvAbAa
CcDaAa
DsSaAa
PwHaAa
FuDaAa
IiBaAa
TmAaAa
AmAaAa
UaJbAa
PzEaAa
DhTbAa
CeGaAa
MxIbAa
FpEaAa
OaTbAa
EjPaAa
ZgCaAa
DzDaAa
VxLaAa
HzGaAa
NvCbAa
TrIaAa
BaQaAa
ZlAaAa
AlLaAa
BmVbAa
SlYbAa
QlGaAa
NoDbAa
LyVbAa
NfGaAa
OcMaAa
HnBaAa
KgUaAa
IeWbAa
NrBaAa
BxJaAa
WpNaAa
YkHaAa
NzKbAa
UoMbAa
NvKaAa
BsYbAa
GcEbAa
AfLaAa
UrAbAa
EjTbAa
YvQaAa
WaAaAa
FzLaAa
YrNaAa
AjIaAa
PvDaAa
RmCaAa
MhXaAa
DeRaAa
WcLbAa
OhBbAa
YoJaAa
KqIaAa
OqNaAa
JfAaAa
OhHbAa
EpQbAa
FiOaAa
AbFaAa
GzCaAa
QfDaAa
MsAbAa
OiQbAa
BbSbAa
XxXbAa
JjSaAa
EnRbAa
BwEaAa
ZuOaAa
YkBbAa
IsTaAa
CkYaAa
ZsBaAa
TqMaAa
FeTaAa
KdEaAa
SnIaAa
IiNaAa
MuFbAa
ZnDaAa
FeTaAa
FfFaAa
IoZaAa
EuDaAa
ZzFaAa
UwSaAa
WiHbAa
BmObAa
WlBaAa
KmEaAa
HxUaAa
ToXaAa
JcPaAa
ScRbAa
WuCbAa
JbGaAa
BeBaAa
EyYaAa
LiUaAa
MbTaAa
CsDaAa
GzCaAa
SoYaAa
BsDaAa
GaFaAa
WoKaAa
FqIbAa
UiAbAa
IdSaAa
EpEaAa
BmSaAa
NkCaAa
KfAaAa
KcAaAa
AvTaAa
KrXaAa
FoAaAa
NiPaAa
RbPaAa
KmEaAa
EqWaAa
LrKaAa
XdAaAa
IiBaAa
GiAaAa
XbEaAa
GaFaAa
GwKbAa
MwBaAa
TrIaAa
FsBaAa
JhKaAa
WqEbAa
JvWbAa
CsSbAa
RgFbAa
GrNaAa
BsDaAa
ReAaAa
JfAaAa
GzCaAa
ZgCaAa
DgMbAa
BaCaAa
KsBbAa
WgBaAa
JoVaAa
PwIaAa
IwDaAa
LrSaAa
PkMaAa
BaAaAa
LiDaAa
OjJaAa
EvFbAa
DgAaAa
OaEaAa
CwAaAa
QcBaAa
JjFaAa
MoEaAa
DgAaAa
JuKbAa
FvGaAa
SaQaAa
YbTbAa
KdEaAa
BgYaAa
QdWbAa
MbLbAa
YyGbAa
SzOaAa
RiSaAa
ZaHbAa
IeWbAa
RfNbAa
ZwOaAa
YxBaAa
OgQbAa
TuXaAa
EmKaAa
RnHaAa
GiAaAa
CdAaAa
VrLbAa
JhKaAa
UaJbAa
VaOaAa
HqTaAa
VoXbAa
VjCaAa
RoJbAa
KqAaAa
DsSaAa
ScRbAa
XfMaAa
SaCaAa
RoMaAa
DgAaAa
JuKbAa
DxFaAa
VcObAa
FnDaAa
RjNaAa
UnEaAa
YaFaAa
HgCaAa
QhEaAa
TkXaAa
CzDaAa
LzEbAa
CjCaAa
YgZaAa
LmEaAa
ReSaAa
RwPaAa
DgAaAa
JwDaAa
LyBbAa
EuDaAa
QyBaAa
TsDaAa
YeTaAa
YiIbAa
NxTbAa
UeGaAa
VaAaAa
JfAaAa
NeFaAa
LmEaAa
TsSbAa
NfEbAa
GjQbAa
IcAaAa
OcMaAa
WaAaAa
PbAaAa
TeQaAa
CaAaAa
TvDbAa
TdPaAa
GiCbAa
JrDaAa
VmHbAa
GlAaAa
EiRaAa
PxAaAa
JfAaAa
OhHbAa
FgEaAa
WyMaAa
PaGbAa
AvTaAa
FsBaAa
ToObAa
XpEaAa
ZnBaAa
BjAaAa
ItPaAa
SbFaAa
FvGaAa
PeAaAa
RlTaAa
PlJaAa
TvFaAa
FwKaAa
WzDaAa
WgVbAa
TsYbAa
GmJaAa
ReSaAa
TaIaAa
LtDaAa
BjLaAa
KaIbAa
VdAaAa
IiBaAa
EgVbAa
ObAbAa
LsDbAa
NeQbAa
JvWbAa
ZaFaAa
XkPbAa
VqBaAa
HvJbAa
KiDaAa
VaOaAa
AtZaAa
RbPaAa
YpPaAa
DoSbAa
EuDaAa
CnTbAa
UoCaAa
RfNbAa
MdCaAa
DdAaAa
QoPaAa
PySbAa
YkZaAa
XbZbAa
PmBaAa
XeBbAa
RgJbAa
PuUaAa
IhFbAa
LkDaAa
ItEaAa
QtJaAa
NeQbAa
KrSaAa
DcWaAa
WwTbAa
YbBaAa
ZvNaAa
RgJbAa
ZaHbAa
EtRbAa
MwBaAa
DgAaAa
XvYbAa
JbGaAa
RbFaAa
BqMaAa
JdEaAa
NnWaAa
OjXbAa
MnWaAa
OkAaAa
BvBaAa
TxVbAa
WgBaAa
VcWaAa
KpYaAa
BaAaAa
KqAaAa
NdIaAa
CaYaAa
FnDaAa
FvYbAa
HkBbAa
CcDaAa
NdVbAa
DcWaAa
ViWaAa
CzDaAa
QwQaAa
FxBaAa
ExCaAa
ZsOaAa
MwBaAa
QcSaAa
MfLbAa
VxLaAa
GkHaAa
ZlCaAa
EbKaAa
QyGaAa
FiEbAa
JmHaAa
OxAaAa
AyQaAa
KfAaAa
GqOaAa
EgAaAa
BnTbAa
DbPbAa
TqMaAa
WdGbAa
YtUaAa
BeFbAa
CpGaAa
BaAaAa
DhTbAa
DxLaAa
SiJbAa
EnUbAa
PmPaAa
OhHbAa
OcMaAa
EuDaAa
OqNaAa
HkZaAa
UqYaAa
MkAaAa
XiGaAa
LtMaAa
JfAaAa
EmWaAa
ZlAaAa
XkPbAa
GjQbAa
BaRaAa
LhLbAa
KqGaAa
CdAaAa
UwEbAa
YrRaAa
JzHaAa
MdCaAa
MhWaAa
YqJaAa
MdVbAa
DwEbAa
GtUaAa
BzJaAa
CeRaAa
RvJaAa
UnEaAa
EcTaAa
JfAaAa
XiGaAa
IqTaAa
HgIaAa
DxLaAa
JaSbAa
LbJaAa
UjBaAa
OfAbAa
HzRaAa
QsQaAa
YqJaAa
EaLbAa
HyAaAa
FbEaAa
RmCaAa
SoDaAa
RcFbAa
KdRaAa
CjAaAa
RwNaAa
KrSaAa
RmCaAa
AoBaAa
NdEbAa
TbUaAa
GkBbAa
RyPaAa
NkAaAa
QbLaAa
BmAaAa
VrAaAa
IgTaAa
XpRbAa
BmAaAa
AlNaAa
BmVbAa
DaWaAa
OgQbAa
RgKaAa
QlTaAa
SoSaAa
ZgCaAa
NkCaAa
QyBaAa
GlPaAa
QcEaAa
GvHaAa
UiYaAa
UwEbAa
OxAaAa
BsObAa
IuZaAa
BpLaAa
IkEaAa
LvEbAa
BdPaAa
EuIbAa
TgYaAa
KbGaAa
EcTaAa
DjCaAa
DeGaAa
MuBbAa
StCaAa
JaSbAa
DaAaAa
PvDaAa
TxVbAa
GmWbAa
XeTaAa
EySaAa
CdAaAa
GiOaAa
LcFaAa
TiKaAa
BnTbAa
EzDaAa
EoWaAa
OsUaAa
PvDaAa
FeCaAa
CeYaAa
UeBaAa
AqDaAa
HzRaAa
NpPbAa
DxFaAa
ObAbAa
GlAaAa
TzAaAa
TcGaAa
DaOaAa
HtRaAa
LiDaAa
KoBbAa
BxJaAa
PuUaAa
UtFbAa
EvFbAa
JdBaAa
XkPbAa
UwSaAa
KmEaAa
YkZaAa
FvHaAa
ZgCaAa
DoXbAa
GsBaAa
GjQbAa
PjXbAa
WaAaAa
YxRaAa
KmEaAa
YbTbAa
IiNaAa
ZxHaAa
QyJbAa
ZeCaAa
KvAaAa
MdVbAa
YbBaAa
ZrNaAa
RjPbAa
NcKaAa
MbIaAa
WqEbAa
ImHaAa
EoFaAa
VlDaAa
BjBaAa
QhAaAa
ApZaAa
ZwLbAa
QcBaAa
TjAaAa
VlDaAa
EaObAa
AqRaAa
DfTbAa
VaAaAa
EeDaAa
AnGaAa
RyIaAa
ZnBaAa
EcTaAa
PwIaAa
SlYbAa
YbTbAa
ZaBbAa
DrDbAa
FzLaAa
DdTbAa
NmFbAa
OjMbAa
GiBbAa
LuLaAa
MsAbAa
KyDaAa
FgBbAa
BjLaAa
VcIaAa
VdAaAa
LsFbAa
YnDaAa
TgXaAa
ZgCaAa
XkMbAa
PmPaAa
PhZaAa
MxSaAa
JrObAa
CeGaAa
MnWaAa
CbUaAa
PhTaAa
EjGbAa
UeMbAa
HbTbAa
YkBbAa
IeWbAa
QwJbAa
CgDbAa
JfAaAa
JzHaAa
AfSbAa
ZsCaAa
LyBbAa
BvBaAa
WgGaAa
FfMaAa
RfNbAa
OfHbAa
VjCaAa
SiJbAa
PkCaAa
GeBbAa
MnFaAa
XwKaAa
OkCaAa
NhJaAa
QhSbAa
SpTbAa
LtMaAa
UmFaAa
BzAaAa
TdUaAa
OhHbAa
QlTaAa
UlUaAa
UrAbAa
RoJbAa
VoWaAa
VeHaAa
CzJaAa
FdKaAa
FnDaAa
QcEaAa
VzDaAa
SnGaAa
SiJbAa
HzCaAa
WdAaAa
KdGaAa
GeZaAa
HlCaAa
CmVbAa
RbFaAa
XeCaAa
AtFaAa
TsMbAa
OsHaAa
YsCaAa
TwEaAa
WdAaAa
FmOaAa
LdHaAa
FsBaAa
TdPaAa
LqBbAa
EvFbAa
XoJaAa
GoNbAa
NvCbAa
LsLaAa
MdCaAa
DaYaAa
IcAaAa
FjMaAa
OsAaAa
PqEaAa
QeAaAa
FiEbAa
AiJbAa
KfAaAa
KpYaAa
NrBaAa
PtNbAa
EgVbAa
IvJbAa
RwNaAa
CnNaAa
PkMaAa
JfSaAa
ZsCaAa
QpAaAa
DgAaAa
VhGbAa
OkPaAa
FxBaAa
MsIaAa
PkKbAa
EvGaAa
CaJaAa
OaGbAa
PwHaAa
ZlAaAa
InMaAa
EgEaAa
HkGaAa
IxQaAa
SjIaAa
LbDaAa
TfPaAa
UjVaAa
QlHaAa
OdObAa
IcAaAa
TbCbAa
OhBbAa
JzBaAa
IyAaAa
BtFaAa
VgRaAa
LqHaAa
JjSaAa
NhHaAa
BmVbAa
RsQaAa
WaAaAa
BhLaAa
IiBaAa
VsIbAa
JyJaAa
UoCaAa
UeRaAa
YtJbAa
EmKaAa
VfGbAa
KnCaAa
BtBaAa
JaSbAa
KmEaAa
YrRaAa
XdKaAa
FsCaAa
OhAaAa
EgHaAa
PeAaAa
UjAaAa
UpAbAa
ZgCaAa
DpUaAa
NkAaAa
NsHaAa
ThCaAa
HsOaAa
InBaAa
AzAaAa
DmWaAa
GkHaAa
PgFaAa
StBaAa
SnBbAa
XeTaAa
JzBaAa
OqNaAa
PyFaAa
MaBaAa
QfIbAa
AfPbAa
FoAaAa
VyEaAa
QbAaAa
PfCaAa
QjEaAa
AtQbAa
XlUbAa
VaAaAa
UaJaAa
TrIaAa
XlPaAa
OpFaAa
JcAaAa
IpQaAa
WpRbAa
UpAbAa
AlNaAa
JcAaAa
XoJaAa
LtDaAa
AyHaAa
CuSaAa
LvEbAa
MwBaAa
CeEaAa
EzMbAa
PeAaAa
YvRaAa
ShIaAa
ZhFaAa
HlAaAa
CcYaAa
TeBaAa
OjMbAa
MkAaAa
JrDaAa
JcAaAa
CjLaAa
XmCbAa
XaAbAa
XgEaAa
DgAaAa
IrJbAa
ZgCaAa
EbBaAa
WdAaAa
KdGaAa
PeAaAa
JpMaAa
JwJaAa
XuDaAa
PbAaAa
ZaHbAa
CnNaAa
SnBbAa
CeGaAa
KnCaAa
VpUaAa
DjTbAa
LtMaAa
FnDaAa
EuDaAa
UpAbAa
AcHaAa
RoDaAa
SlVaAa
NlOaAa
EmKaAa
AyQaAa
KrSaAa
VcIaAa
KqBbAa
BnTbAa
XiGaAa
CnNaAa
MkAaAa
JuUbAa
MnFaAa
ZuJaAa
BcRaAa
NpCaAa
MdObAa
PfTaAa
CwSaAa
YsCaAa
XiEbAa
PhTaAa
GgCbAa
CcDaAa
FvHaAa
WeObAa
VkOaAa
GiAaAa
KdQaAa
HcNaAa
MhObAa
SlNaAa
DgAaAa
LfBaAa
OsUaAa
LpBaAa
YxBaAa
TmAaAa
ZmZaAa
IiAaAa
ShDaAa
RbPaAa
CrAaAa
FeBbAa
NrYaAa
VdAaAa
MwBaAa
NwLaAa
AiJbAa
CsDaAa
RvJaAa
UoCaAa
HzRaAa
WoKaAa
XeTaAa
KqBbAa
AtTaAa
SfXbAa
ItRaAa
MdZaAa
LdDbAa
ZnPaAa
SlYbAa
DaOaAa
OkCaAa
BsYbAa
ToObAa
YrRaAa
BmSaAa
MtKaAa
MwBaAa
ShCaAa
YhRbAa
WoOaAa
LsFbAa
YvQaAa
ApZaAa
EbNbAa
LsLaAa
AjNbAa
AxDaAa
QmLbAa
XeDaAa
ZgCaAa
QpAaAa
KiDaAa
OkCaAa
UcJaAa
PkPaAa
QbAaAa
EoKaAa
KmEaAa
MfRaAa
QmLbAa
TyNaAa
AuAaAa
ToHbAa
WeZaAa
LdCaAa
GnDaAa
AdLaAa
NaYbAa
VoWaAa
VaAaAa
OfAbAa
CjCaAa
NkCaAa
QkAaAa
FoAaAa
DgAaAa
NfEbAa
JwDaAa
MoEaAa
ZxIaAa
ViWaAa
UkRaAa
ShDaAa
CkRaAa
XuDaAa
PkMaAa
ElBaAa
VaOaAa
HhFaAa
HlAaAa
TrIaAa
FmOaAa
ZrEaAa
MhMbAa
JfAaAa
LdHaAa
FwKaAa
MnFaAa
QyBaAa
RhIaAa
SfWbAa
ObAbAa
FjMaAa
KiDaAa
EbNbAa
ZlJbAa
UuEbAa
SuEaAa
VaObAa
LbJaAa
JzUaAa
PwYbAa
WaAaAa
RaGaAa
BkSaAa
PyCaAa
YsCaAa
HlCaAa
FxBaAa
NrXbAa
RnHaAa
JzQaAa
TbUaAa
DxFaAa
KfAaAa
JeNbAa
DaWaAa
PuJbAa
EyKbAa
CxFaAa
YbTbAa
EeCaAa
EyNbAa
TyNaAa
TpLaAa
LsLaAa
VfGbAa
UsKaAa
ZuJaAa
FsBaAa
QzOaAa
LbJaAa
GaFaAa
OtNbAa
ZuOaAa
GkJaAa
ViWaAa
EsWaAa
PeAaAa
LwCaAa
QlZaAa
WgEaAa
ZlJbAa
FxFbAa
CaYaAa
EvHbAa
DdTbAa
ZlAaAa
TxTaAa
SiSaAa
OsAaAa
BcQaAa
EzDaAa
MzQbAa
KmEaAa
SnBbAa
IrPaAa
ViHbAa
IcAaAa
KfAaAa
PqEaAa
ZuZaAa
ZsOaAa
MtYaAa
AlEaAa
WwGbAa
PvDaAa
IdSaAa
PeAaAa
LbYaAa
KpYaAa
BpTbAa
RoDaAa
LhXaAa
AiKbAa
PfCaAa
CqYaAa
JmTbAa
AfLaAa
FzLaAa
OhCbAa
YpPaAa
UsKaAa
FoIbAa
BjLaAa
XnQbAa
KoBbAa
CrGaAa
EvFbAa
EiObAa
QbAaAa
QySbAa
PwUaAa
BaAaAa
PfIaAa
LyVbAa
HiEaAa
PkKbAa
DxLaAa
GfKbAa
RjYbAa
RbFaAa
TcDbAa
WrUaAa
BmSaAa
FxBaAa
BvBaAa
FaZaAa
LyRbAa
QmLbAa
BfWbAa
NuRbAa
FeTaAa
JpMaAa
FbEaAa
ZnBaAa
OoRbAa
VdAaAa
TaUbAa
TmObAa
PhEaAa
TaIaAa
WcLbAa
PbAaAa
QyBaAa
AqDaAa
JrDaAa
ZgCaAa
DxLaAa
GfKbAa
LqHaAa
LcFaAa
JmHaAa
LsDbAa
TzHbAa
XoJaAa
YpPaAa
YyGbAa
IzUaAa
BaAaAa
XbEaAa
ZnBaAa
CaAaAa
GxGaAa
NrCaAa
NmEaAa
IaPaAa
HfKaAa
ScHaAa
DqYbAa
KmTbAa
RwRaAa
TeQaAa
CmRaAa
QyBaAa
MdCaAa
VwAaAa
XgBaAa
IzHaAa
VsIbAa
IzUaAa
MfLbAa
JfAaAa
PhZaAa
GlAaAa
QaVaAa
KmEaAa
LyBbAa
PeKaAa
GjRbAa
OjXbAa
YrRaAa
IcAaAa
ImTaAa
RbFaAa
BjAaAa
SpTbAa
YsNbAa
BxTaAa
VgJaAa
TkXaAa
OqRbAa
RjEaAa
XjMaAa
PjSbAa
FwKaAa
TjVaAa
SmCaAa
VwAaAa
TpHaAa
ZsCaAa
KoTbAa
PhZaAa
XiWbAa
DaAaAa
LbIaAa
PeAaAa
TcHaAa
FnDaAa
XpEaAa
EbNbAa
OgQbAa
HvNaAa
UnEaAa
QdWbAa
RyBaAa
MzQbAa
IzPbAa
UuMaAa
NlEbAa
PmPaAa
YwKaAa
RaGaAa
GyGbAa
BdLaAa
OaTbAa
QcEaAa
RdSbAa
UaIaAa
BaJaAa
JyAbAa
ImBbAa
TpHaAa
MbYaAa
PrNbAa
LtDaAa
GzCaAa
JgIbAa
NaYbAa
LlFaAa
HjQbAa
DjTbAa
WaAaAa
QcEaAa
OeKbAa
LyBbAa
RwNaAa
MiGbAa
GmJaAa
OkAaAa
OpOaAa
UeGaAa
FeIaAa
LbJaAa
CmSaAa
AaQaAa
DnGbAa
GzCaAa
ImTaAa
DxRbAa
BmAaAa
IoZaAa
RvJaAa
AjIaAa
DjTbAa
GbSaAa
RaDaAa
HtAaAa
DdAaAa
GoNbAa
QsNaAa
CxFaAa
SgKaAa
IlCaAa
FiGaAa
MfBaAa
HkTaAa
WqEbAa
BgYaAa
NdZaAa
AhCaAa
VdFaAa
HqTaAa
XeIaAa
XqOaAa
XmCbAa
RoDaAa
MiUaAa
QlBbAa
SlNaAa
MpXbAa
UsKaAa
VoWaAa
FuDaAa
BlYbAa
WnUbAa
RcBaAa
WiHaAa
BxJaAa
EmKaAa
JzBaAa
QwQaAa
OaSaAa
HyAaAa
DgAaAa
DjUaAa
LwCaAa
QsQaAa
PsUaAa
NvKaAa
TfPaAa
LrSaAa
RpVaAa
LiUaAa
RuRaAa
YoNbAa
GmSbAa
YaFaAa
TvTaAa
YqOaAa
XaAaAa
GgCbAa
GgCbAa
BmSaAa
FgZaAa
LrSaAa
WyMaAa
LdCaAa
LdYaAa
IdSaAa
CoObAa
MbTaAa
GmWbAa
HlCaAa
SmCaAa
RcFbAa
QjIbAa
ZlCaAa
NnAaAa
SpTbAa
PyGaAa
CaAaAa
JqAaAa
VjCaAa
PhAaAa
GnDaAa
NdHaAa
OqNaAa
NhHaAa
FvHbAa
GkHaAa
CaAaAa
NoRbAa
PjZaAa
NxTbAa
KmHaAa
BvBaAa
DvBaAa
OeKbAa
OpFaAa
YkZaAa
KqAaAa
CxFaAa
SxUbAa
QfIbAa
FzLaAa
SuEaAa
ReSaAa
LiUaAa
KwTaAa
SmYaAa
HxHaAa
BkFaAa
NzYaAa
KcFaAa
LqLaAa
KrSaAa
NnAaAa
BfZbAa
WaAaAa
StFaAa
RfNbAa
SoBaAa
CgXaAa
GaNaAa
BpGaAa
GmWbAa
VvVbAa
DhYbAa
IwZaAa
WlUbAa
CwSaAa
PcKbAa
PyGaAa
UjAaAa
JjFaAa
BaAaAa
NoUbAa
ZlMaAa
KfAaAa
TuEaAa
PuUaAa
KwDbAa
JzQaAa
CxFaAa
KaWbAa
FbYbAa
PfDaAa
FbEaAa
ZlAaAa
UtBbAa
QySbAa
OxAaAa
CjCaAa
PcKbAa
WpRbAa
CsPbAa
GkOaAa
WdYbAa
VfGbAa
UeMbAa
XoJaAa
NtWaAa
AwWbAa
HrQaAa
NcKaAa
MzQbAa
ItAaAa
VdAaAa
XjMaAa
IiNbAa
KvAaAa
BoRaAa
DmWaAa
TpHaAa
ZzCaAa
CaXaAa
DxFaAa
LdEaAa
YlMaAa
CqYaAa
UnUaAa
WzYbAa
CaAaAa
KrSaAa
EaLbAa
AlLaAa
QyJbAa
SnIaAa
LpYaAa
PxKaAa
EgVbAa
EgBaAa
DjUaAa
HrEaAa
LfBaAa
WpNaAa
NxMaAa
LtDaAa
VgEbAa
SmCaAa
TxVbAa
JyAbAa
WgEaAa
RjYbAa
CcCaAa
KaUaAa
UpFbAa
FbYbAa
OtNbAa
MzIbAa
DgLbAa
HiEaAa
YkZaAa
LtDaAa
LzNaAa
AxDaAa
XmCbAa
FeCaAa
DgAaAa
CkRaAa
PmPaAa
OxAaAa
XvHaAa
VkOaAa
JzHaAa
RgKaAa
FiGaAa
RgKbAa
QmLbAa
JiBaAa
HxFbAa
EeVbAa
AmAaAa
EtGaAa
ZuZaAa
GiAaAa
YkGaAa
VuCbAa
FxBaAa
CdAaAa
UnNaAa
DnUaAa
GwKbAa
BpHaAa
KfAaAa
EyYaAa
FtHaAa
EcOaAa
DpUaAa
MfBaAa
FxBaAa
DjCaAa
NrCaAa
SlNaAa
LtMaAa
BqMaAa
MoUaAa
TpLaAa
EaLbAa
JwUbAa
OgQbAa
PvDaAa
XdAaAa
WcLbAa
VsSaAa
UrAbAa
FsBaAa
KyDaAa
ZlCaAa
UeMbAa
YkGaAa
OhHbAa
UrAbAa
PjWbAa
NdIaAa
PvTbAa
CdAaAa
LlFaAa
MmGbAa
FfFaAa
YaFaAa
PmQbAa
AyQaAa
ItRaAa
WwGbAa
SaQaAa
EvFbAa
DhUaAa
TkXaAa
RbFaAa
ImTaAa
PsHaAa
XmCbAa
SlYbAa
DoSbAa
WcLbAa
VcWaAa
YxBaAa
XoCbAa
PhBaAa
UoMbAa
PhBaAa
UjBaAa
CaXaAa
JwUbAa
MfBaAa
MkAaAa
YjQbAa
PuUaAa
KaWbAa
HxUaAa
TrBbAa
LbJaAa
WcJbAa
BzAaAa
OvCbAa
UsKaAa
CaIaAa
ImHaAa
TeQaAa
OtNbAa
XlBaAa
BqMaAa
GiAaAa
OkUbAa
WlBaAa
MrWaAa
CzDaAa
WcLbAa
DdTbAa
IsFaAa
HgCaAa
VaOaAa
QhBaAa
JmTbAa
JnJbAa
VcIaAa
UtFbAa
BmSaAa
KfAaAa
KaIbAa
EgEaAa
WaAaAa
PkCaAa
GjUbAa
OgQbAa
YbSaAa
JfAaAa
UpAbAa
YnDaAa
IcAaAa
OaSaAa
IsFaAa
EjPaAa
NvYaAa
ZgIaAa
YrRaAa
EeCaAa
PhZaAa
EvFbAa
IcAaAa
RmCaAa
LdCaAa
PkMaAa
BaJaAa
GiBbAa
LtDaAa
ImHaAa
MwBaAa
XwKaAa
LdCaAa
QlZaAa
OzMaAa
WaAaAa
FsBaAa
QeUbAa
OsAaAa
EiMbAa
KyJaAa
FvYbAa
YiEbAa
FhUbAa
TkFaAa
PeAaAa
LsFbAa
IcAaAa
QaVaAa
BvBaAa
CeGaAa
QbNaAa
SoJbAa
TsDaAa
DqBaAa
AdLaAa
YsBaAa
VfGbAa
MwBaAa
IdSaAa
OgQbAa
NkBaAa
SlYbAa
IoZaAa
NwBaAa
CqMbAa
FqWbAa
SuRaAa
ImGaAa
CjLaAa
VdAaAa
ZhFaAa
SfWbAa
TwEaAa
BpLaAa
RyPaAa
VwAaAa
SoBaAa
PjEbAa
LjKaAa
MdObAa
GsCaAa
KbDbAa
FiGaAa
YkGaAa
HqFaAa
DaAaAa
AzAaAa
KrSaAa
YvQaAa
LiDaAa
GjQbAa
ZnBaAa
VlDaAa
WrAaAa
NdObAa
PfIaAa
QbAaAa
VfGbAa
ZtRaAa
FvGaAa
BsXaAa
SnHaAa
OqNaAa
WdAaAa
YlMaAa
PhBaAa
LzEbAa
HtAaAa
UlUaAa
HrEaAa
GiAaAa
VcDaAa
FzLaAa
FpEaAa
NtIbAa
WgEaAa
LdCaAa
VaOaAa
UtLbAa
PeAaAa
MkAaAa
TkXaAa
FnDaAa
HvJbAa
ZaPaAa
KwJaAa
ZlAaAa
YeIbAa
TuXaAa
HgCaAa
BpHaAa
KfAaAa
YlMaAa
TyNaAa
FnDaAa
FvHaAa
ZlJbAa
RmYaAa
QdNaAa
LgTbAa
GzCaAa
KrXaAa
LxEaAa
TzHbAa
FfFaAa
EeDaAa
YsCaAa
XeTaAa
UnEaAa
AnBbAa
EgBaAa
MnWaAa
JyKaAa
VdFaAa
ZnBaAa
CwAaAa
IaFaAa
IcAaAa
DwSaAa
NvCbAa
MfLbAa
MhMbAa
ZeNaAa
FwKaAa
NxNbAa
VqBaAa
PhZaAa
SgJbAa
KdQaAa
KlVbAa
KcFaAa
FjMaAa
GuDaAa
BhCaAa
MpXbAa
VuKaAa
LtSbAa
SlIaAa
JrObAa
IsTaAa
HaHbAa
DdTbAa
DsMaAa
HgTaAa
WdAaAa
NaEaAa
CrGaAa
FsBaAa
DgAaAa
DzDaAa
HyAaAa
KoBbAa
LtMaAa
JcPaAa
VcIaAa
JrObAa
YaFaAa
EuYaAa
KdRbAa
ZlJbAa
PjSbAa
XgBaAa
GcAbAa
JnYaAa
XgOaAa
GnDaAa
UoCaAa
KoIaAa
KmNaAa
JwUbAa
LhYaAa
ImTaAa
XzLaAa
LrSaAa
CuSaAa
NsIaAa
MwBaAa
LyRbAa
JwZaAa
FhUbAa
JdEaAa
YvRaAa
YsCaAa
KoVaAa
OfAbAa
YaFaAa
VwAaAa
SfWbAa
MsHaAa
JhFbAa
NoUbAa
DcYaAa
CrAaAa
QrFaAa
PbNaAa
BcQaAa
CdAaAa
KmNaAa
BfUaAa
CqYaAa
RiSaAa
MoEaAa
UmMbAa
CwAaAa
DgAaAa
VkWaAa
PkKbAa
SuEaAa
NrCaAa
IzHaAa
OxGbAa
MbTaAa
DgAaAa
ZaBbAa
JlAbAa
NzYaAa
ImHaAa
KmEaAa
SaDaAa
CdAaAa
QfDaAa
LsDbAa
AjNbAa
NxMaAa
ZgCaAa
LvEbAa
BbSbAa
EsCbAa
HaNaAa
EwWaAa
NlOaAa
MrWaAa
HyAaAa
XxXbAa
GxBaAa
HrPaAa
JpSaAa
VdAaAa
SoBaAa
YiIbAa
MkBaAa
JzIaAa
BxDbAa
OfAbAa
LlFaAa
JwUbAa
LrKaAa
MwBaAa
EeZaAa
EyNbAa
YjQbAa
XiHaAa
JnYaAa
VoWaAa
BuAaAa
KpYaAa
WgGaAa
UoCaAa
ChUaAa
TdPaAa
ItAaAa
EuDaAa
RyPaAa
OhCbAa
GqJaAa
MlWaAa
ScRbAa
HfKaAa
HkWbAa
GzYbAa
ZgCaAa
MxEbAa
YaFaAa
KfAaAa
StCaAa
KhQaAa
TyJbAa
UsKaAa
JpQaAa
HvJbAa
EjPaAa
ZeNaAa
FeDaAa
YkJaAa
PaBaAa
QlBbAa
PbAaAa
BmAaAa
IvXbAa
CwAaAa
JyAbAa
PqEaAa
BeBaAa
TzAaAa
MwBaAa
BnTbAa
FzFbAa
ApZaAa
BzJaAa
ChUaAa
MnFaAa
QyJbAa
FjMaAa
JuKbAa
HlLbAa
BnTbAa
FtHaAa
NvYaAa
KoIaAa
OwGaAa
LnMbAa
PfDaAa
KqBbAa
BzAaAa
UrAbAa
IcAaAa
LdXaAa
ToHbAa
EuDaAa
AqDaAa
KsBbAa
ZsCaAa
CcYaAa
GiAaAa
QsQaAa
KrSaAa
YnDaAa
WzDaAa
OfAbAa
GqJaAa
ItPaAa
GmWbAa
DkKaAa
FyVaAa
BkSaAa
KdQaAa
ZwLbAa
GyGbAa
ToBaAa
PqEaAa
KbCaAa
PfDaAa
SmCaAa
HyAaAa
NoRbAa
RgKaAa
TtCaAa
VaOaAa
WlBaAa
WiMbAa
HkWbAa
JxHaAa
KcAaAa
GmWbAa
BcRaAa
IiAaAa
SfXbAa
RtBaAa
LpBaAa
AtTaAa
QeAaAa
AjIaAa
NsIaAa
LcFaAa
OzMaAa
ShDaAa
MtDaAa
UtFbAa
KvPbAa
ByNaAa
WdAaAa
VuCbAa
IgSbAa
XpRbAa
MdCaAa
ZsCaAa
SpAaAa
GjRbAa
IyAaAa
SlYbAa
SkFaAa
AuAaAa
FnDaAa
ZsBaAa
RcSaAa
CcRaAa
TcDbAa
EdGbAa
MkAaAa
MoFbAa
VdFaAa
KdQaAa
MrWaAa
UmFaAa
ZsCaAa
CqMbAa
FsBaAa
CvBaAa
GjRbAa
ExRbAa
GaFaAa
DcWaAa
SlIaAa
VaAaAa
NsHaAa
IzJbAa
DzDaAa
MwBaAa
OsUaAa
VdAaAa
GwKaAa
IiNbAa
TfPaAa
ZgCaAa
EqCaAa
CvAbAa
DvLaAa
ZlAaAa
PqEaAa
QcBaAa
UrGaAa
VaAaAa
FvHaAa
WpNaAa
DcXaAa
VsEbAa
FvYbAa
GzCaAa
TrIaAa
SmQaAa
SmQaAa
EsCbAa
JwJaAa
RyPaAa
YbKbAa
PiRbAa
QcEaAa
OiUbAa
SnVaAa
VcWaAa
TzJaAa
HcBbAa
WdFaAa
GrNaAa
PbAaAa
JcAaAa
MrYaAa
ZgSbAa
CrAaAa
FdGbAa
XvHaAa
SeFbAa
NgPaAa
LzNaAa
EpEaAa
OaZbAa
KuCaAa
AyQaAa
OiQbAa
FbYbAa
UrGaAa
OoRbAa
YnPaAa
IzUaAa
XiWbAa
CvCaAa
QlTaAa
RfNbAa
TiKaAa
OeKbAa
QzOaAa
YkZaAa
CkSaAa
SzUbAa
HrJbAa
ZfKaAa
BaAaAa
MkBaAa
OrCaAa
OsAaAa
XeCaAa
HsBaAa
JcAaAa
LcUaAa
VhPaAa
FeZaAa
AtFaAa
LyBbAa
DxCaAa
XbEaAa
GwKaAa
OhBbAa
CjCaAa
LaCbAa
ZmZaAa
WrAaAa
MrWaAa
ZqTaAa
WeZaAa
JfAaAa
RaDaAa
FvYbAa
FbEaAa
OiUbAa
TbUaAa
VqBaAa
TsXaAa
GrUaAa
FpUbAa
TqMaAa
YkZaAa
MfRaAa
LrSaAa
CeXaAa
NvYaAa
MxSaAa
LyBbAa
PySbAa
EiRaAa
ErUaAa
RbPaAa
QcEaAa
AvTaAa
WeHaAa
HkTaAa
QsRaAa
OkCaAa
QeUbAa
JiBaAa
VjCaAa
JzQaAa
DzDaAa
QlGaAa
JzQaAa
DoXbAa
TsYbAa
RyPaAa
TbCbAa
XlBaAa
BnLaAa
WdAaAa
VdAaAa
CvBaAa
XmCbAa
LsLaAa
QjEbAa
DiXaAa
VgEbAa
BpLaAa
BxTaAa
JqAaAa
HzGaAa
BfSbAa
NvIbAa
GvIaAa
VuIbAa
NkAaAa
XeBbAa
EgBaAa
GfKbAa
YaFaAa
IyKaAa
EbNbAa
JbGaAa
DlDaAa
WcTaAa
BxJaAa
DaWaAa
LwCaAa
FsBaAa
FmKaAa
SkFaAa
ReAaAa
RcBaAa
MwBaAa
BaIaAa
CvCaAa
DmXaAa
AfPbAa
UmAaAa
VcWaAa
VyEaAa
IzUaAa
FoIbAa
UqYaAa
EgBaAa
XvHaAa
EiRaAa
XeDaAa
GbBaAa
VrAaAa
TmAaAa
KrSaAa
PjCbAa
ShCaAa
GiEbAa
QlZaAa
PeAaAa
OxAaAa
TiKaAa
UaJbAa
CdAaAa
TpHaAa
EaTaAa
ZlAaAa
WaAaAa
BgYaAa
KrSaAa
TxVbAa
KhQaAa
NcKaAa
LlFaAa
KrSaAa
EoSbAa
JzIaAa
RgJbAa
ZmZaAa
HxIaAa
XeCaAa
LyHbAa
ObAbAa
KfAaAa
HsBaAa
JbGaAa
DdTbAa
PxKaAa
ShBaAa
NzYaAa
GaFaAa
KqGaAa
ZgCaAa
VrAaAa
BsXaAa
HyAaAa
TzAaAa
XiGaAa
PfTaAa
YlMaAa
EgBaAa
JqAaAa
OrCaAa
FeBbAa
JzBaAa
KiDaAa
KqBbAa
HqFaAa
DcDaAa
NhEbAa
UvLaAa
JjSaAa
IxQaAa
KqAaAa
HiEaAa
LfBaAa
KqBbAa
EgAaAa
FnDaAa
MdJaAa
PbNaAa
NrBaAa
DkKaAa
BqRaAa
NoDbAa
DtFbAa
JzIaAa
HxHaAa
HwKbAa
JpSaAa
PfOaAa
QcEaAa
KmEaAa
PrNbAa
SxDaAa
BpHaAa
IdSaAa
GiAaAa
NlOaAa
RiSaAa
IzUaAa
GsBaAa
VtGaAa
HeHbAa
PySbAa
HrEaAa
VdTbAa
MtYaAa
KbDbAa
EpEaAa
AuAaAa
PbAaAa
XeCaAa
KfAaAa
JmTaAa
EsWaAa
EnUbAa
LaKaAa
PhBaAa
ReSaAa
AqDaAa
PfCaAa
WcLbAa
PvDaAa
UnNaAa
RmMaAa
BnLaAa
BjLaAa
JcPaAa
EqCaAa
RiSaAa
ZzGaAa
TyNaAa
CcYaAa
OzMaAa
RmYaAa
SlNaAa
QcEaAa
VhTbAa
QyJbAa
QtJaAa
JfAaAa
JcAaAa
PeAaAa
XoJaAa
CsMaAa
GlAaAa
PjSbAa
NxMaAa
XpEaAa
OfAbAa
QcEaAa
WdAaAa
MzKbAa
KgUaAa
XbEaAa
LtDaAa
OpKaAa
MkAaAa
DkKaAa
BkSaAa
AhCaAa
XmCbAa
EtRbAa
HtRaAa
UoCaAa
DcXaAa
CaAaAa
SfUaAa
KnObAa
ElBaAa
OaZbAa
UcJaAa
IzUaAa
GiCbAa
LqAaAa
VaAaAa
FuDaAa
TdUaAa
JfAaAa
WoOaAa
DxFaAa
AuAaAa
HvJbAa
DpUaAa
NvCbAa
RtBaAa
GkBbAa
AdLaAa
HgIaAa
NlOaAa
WdFaAa
HdKbAa
MiGbAa
DxFaAa
VrAaAa
MsDbAa
ToHbAa
PmQbAa
EvFbAa
UvBaAa
SkJbAa
BjBaAa
FvGaAa
JkIaAa
BwEaAa
GbZbAa
TwEaAa
BcGaAa
MoAbAa
SbFaAa
PcKbAa
HzFaAa
TzHbAa
CxFaAa
IeWbAa
XbEaAa
UvBaAa
BqMaAa
QfDaAa
HrQaAa
UaXaAa
YrNaAa
LhQaAa
RxZaAa
KaUaAa
RbFaAa
TlVaAa
CzDaAa
BhIaAa
ReAaAa
QyJbAa
AoJbAa
HsOaAa
CwAaAa
PyGaAa
PhZaAa
LfAaAa
UqYaAa
GjUbAa
EbBaAa
VgMbAa
SaQaAa
AsPaAa
PwUaAa
LcUaAa
DoXbAa
FgZaAa
SlIaAa
EdYbAa
KoBbAa
RgJbAa
SkFaAa
GgCbAa
MoEaAa
KnCaAa
SnBbAa
HaHbAa
EeVbAa
XuDaAa
SnBbAa
YoNbAa
MkAaAa
UoCaAa
XpLbAa
LdYaAa
ImTaAa
FjGbAa
OhHbAa
ZuJaAa
ItEaAa
WqEbAa
QcEaAa
UiKaAa
ImGaAa
PyFaAa
IiBaAa
VaOaAa
CsPbAa
CvCaAa
HkGaAa
PgFaAa
ZtNaAa
VdAaAa
YnDaAa
YaFaAa
QyBaAa
PhTaAa
XfQbAa
DgAaAa
DyEaAa
XbBaAa
SoYaAa
KjDbAa
XiWbAa
GrNaAa
XeCaAa
StFaAa
VrAaAa
WiHaAa
RfNaAa
LkDaAa
TjAaAa
LxXaAa
BsYbAa
LhYaAa
BvBaAa
PnJaAa
SoBaAa
QoPaAa
JpMaAa
AuRaAa
AiJbAa
VsIbAa
CjBaAa
ReAaAa
AiJbAa
WaObAa
FoIbAa
OcMaAa
SqObAa
YoJaAa
RjYbAa
CiKaAa
KfAaAa
TpLaAa
PeAaAa
OaGbAa
LtMaAa
HgCaAa
KdRaAa
WiVbAa
IyAaAa
BaAaAa
GrNaAa
QxKaAa
GkHaAa
QyBaAa
HrJbAa
LhXaAa
JdEaAa
TkFaAa
VsIbAa
VaAaAa
DzDaAa
VaTaAa
FmOaAa
DxCaAa
QbAaAa
CcYaAa
CtBbAa
IiNaAa
UeMbAa
ZuZaAa
MdJaAa
WdAaAa
JkIaAa
GjUbAa
LxWaAa
XxGaAa
KoTbAa
UjAaAa
LxEaAa
NkCaAa
KtMbAa
EeCaAa
JuKbAa
ZgCaAa
NkAaAa
FiZbAa
HdKbAa
IcLaAa
QtJaAa
AzAaAa
NkAaAa
ZrEaAa
TaJaAa
NaYbAa
ZaBbAa
JjSaAa
HlAaAa
HcNaAa
RxLbAa
YvQaAa
QcBaAa
TwEaAa
XbEaAa
EvGaAa
NfGaAa
WeZaAa
XtIaAa
OcMaAa
UlUaAa
MvMaAa
NoDbAa
YxBaAa
EqWaAa
DjCaAa
YoNbAa
LhQaAa
EsCbAa
ZxUaAa
PfDaAa
LmEaAa
OeKbAa
YqJaAa
BtTaAa
PeAaAa
WoCaAa
VgEbAa
HtAaAa
AoBaAa
SnGaAa
PmBaAa
MdOaAa
RvJaAa
WgBaAa
VtLaAa
ZlCaAa
OwGaAa
ZlJbAa
UpAbAa
HtRaAa
CcDaAa
EuDaAa
CxFaAa
QnTaAa
CsPbAa
YsBaAa
NdEbAa
MkAaAa
ZlAaAa
PvVaAa
QcEaAa
PuUaAa
VhPaAa
GmJaAa
DzDaAa
VaAaAa
PwIaAa
JwJaAa
PfTaAa
VsSaAa
DdAaAa
NsHaAa
ImBbAa
XbBaAa
IiBaAa
KrSaAa
TzJaAa
JyAbAa
HxUaAa
SoYaAa
KrSaAa
NzSaAa
CaCaAa
PgFaAa
SnBbAa
NhAaAa
YgTaAa
VyQbAa
LaKaAa
GiAaAa
JfAaAa
LaCbAa
VbKaAa
QwQaAa
QvDaAa
TlVaAa
LwDbAa
XrVbAa
MuFbAa
EtIaAa
OaGbAa
PmPaAa
PiUbAa
RmCaAa
PvDaAa
RwNaAa
FxFbAa
OpFaAa
VxLaAa
AtOaAa
VlGbAa
TsSbAa
KqBbAa
RcFbAa
FnDaAa
ExCaAa
AiJbAa
CaYaAa
RgJbAa
ZkTaAa
YvQaAa
XeCaAa
LbIaAa
ZlCaAa
XtIaAa
FbNbAa
LqAaAa
CcYaAa
IiNbAa
JfAaAa
AfPbAa
VrAaAa
PrNbAa
DgAaAa
MkAaAa
UnUaAa
XbEaAa
UjBaAa
CdAaAa
IgDaAa
JaLaAa
FiGaAa
AnGaAa
UzObAa
NrCaAa
PxKaAa
YuTbAa
EcOaAa
ZvPaAa
KaUaAa
TxVbAa
MwBaAa
XiGaAa
GhQbAa
TiKaAa
LcFaAa
GlAaAa
IsFaAa
MkAaAa
MsIaAa
GkJaAa
VdFaAa
PqEaAa
DxCaAa
NoFbAa
MuGaAa
LpXaAa
OjXbAa
FvHaAa
BjNbAa
IzUaAa
NoDbAa
YvQaAa
XxXbAa
RyPaAa
MwBaAa
EyEaAa
UoCaAa
YsCaAa
WiMbAa
EbKaAa
VeMbAa
KmNaAa
RvJaAa
PeAaAa
GnDaAa
JcAaAa
KeSbAa
NnAaAa
EoFaAa
HaHbAa
JfAaAa
HlAaAa
OhHbAa
UjAaAa
MaBaAa
BvBaAa
GkJaAa
ZlCaAa
WmIbAa
EbBaAa
JcAaAa
HyAaAa
BcRaAa
VdFaAa
BcRaAa
CyWaAa
TfPaAa
WwAaAa
SfWbAa
DaXaAa
SxDaAa
AuAaAa
GwKbAa
RaDaAa
EvHbAa
RgKaAa
BaAaAa
StBaAa
WaAaAa
CeGaAa
KbGaAa
VuIbAa
MuFbAa
NuGaAa
EgEaAa
OhHbAa
GfKbAa
MpXbAa
XxYbAa
JuQbAa
XvHaAa
ZxIaAa
ZgCaAa
TqMaAa
MlHbAa
LyVbAa
OsUaAa
EsYaAa
JrDaAa
JcAaAa
IiBaAa
KaUaAa
EeObAa
VhTbAa
YsCaAa
ZuOaAa
MdOaAa
MwBaAa
PkMaAa
QbAaAa
YfQbAa
BxDaAa
PhBaAa
UlUaAa
ZbEaAa
ZlJbAa
PjSbAa
XkPbAa
CvBaAa
AcHaAa
VbKaAa
CaAaAa
ZeNaAa
OzEaAa
BuAaAa
OxAaAa
EgAaAa
PhZaAa
PuUaAa
HeCbAa
NwBaAa
JcPaAa
GfKbAa
FvHaAa
QmLbAa
PkKbAa
PjSbAa
XxFbAa
IcAaAa
OvNbAa
FwKaAa
RmMaAa
GqKaAa
LdHaAa
JuKbAa
UqYaAa
AiJbAa
CnNaAa
GoNbAa
UhVaAa
GnDaAa
OhBbAa
RrZaAa
UhGbAa
PyGaAa
BaRaAa
LcFaAa
NkCaAa
MhMbAa
EbBaAa
MhMbAa
EeZaAa
ZuOaAa
HrPaAa
MrWaAa
RoDaAa
BvBaAa
XtIaAa
YtJbAa
JmLaAa
YiBbAa
ToBaAa
LgPaAa
KaUaAa
VcWaAa
HvNaAa
GwVaAa
NpPbAa
DlDaAa
MwBaAa
KfAaAa
SlNaAa
UtFbAa
PgFaAa
WoKaAa
AuAaAa
ZnDaAa
LrKaAa
BfLaAa
FsBaAa
FiJaAa
ImBbAa
JwUbAa
NhEbAa
DgJaAa
ZtRaAa
BcRaAa
XgBaAa
NoRbAa
ZvNaAa
KuKbAa
RfNaAa
PeAaAa
AfPbAa
MmGbAa
MhWaAa
JkYbAa
WwGbAa
EeCaAa
StBaAa
SlIaAa
QpAaAa
XlBaAa
MdJaAa
FnDaAa
MrWaAa
NkAaAa
BmSaAa
EnUbAa
IwOaAa
IcLaAa
CjCaAa
IiNaAa
NrCaAa
ZwVaAa
YsCaAa
FoAaAa
WaAaAa
EaLbAa
HqTaAa
OiQbAa
RnHaAa
DoXbAa
DxHbAa
BdLaAa
HlAaAa
XiGaAa
GpDbAa
RgKaAa
BkYaAa
GiJaAa
NrYaAa
ZkGaAa
NdCaAa
KcFaAa
FgZaAa
GgBbAa
TwEaAa
LwCaAa
ZaHbAa
MtYaAa
ZuZaAa
DgMbAa
FcMbAa
ToXaAa
ImTaAa
GjRbAa
FnDaAa
ZzFaAa
XpEaAa
TjAaAa
HcNaAa
XeIaAa
UjBaAa
DgAaAa
RxLbAa
WaAaAa
NsAbAa
FfMaAa
NyLaAa
OzEaAa
PeAaAa
QrJaAa
MlHbAa
WcDaAa
XgBaAa
ZaPaAa
HyGbAa
MdJaAa
ByNaAa
RlBbAa
YaAaAa
CuXaAa
MrWaAa
WdAaAa
StBaAa
LxXaAa
YxBaAa
CmXaAa
GiEbAa
WiMbAa
WzYbAa
HyKaAa
PhZaAa
GsBaAa
PpFaAa
BmObAa
GiAaAa
GdVaAa
VjCaAa
OdWaAa
ZtRaAa
EsWaAa
PqEaAa
UvLaAa
JkYbAa
GlAaAa
VgJaAa
FfMaAa
QpAaAa
XlUbAa
EyNbAa
AuAaAa
BqMaAa
EiMbAa
PbAaAa
ZxIaAa
PhBaAa
CqYaAa
GaNaAa
QcEaAa
RgKbAa
FnDaAa
TbUaAa
PpFaAa
SlVaAa
UyXaAa
PgQbAa
HlLbAa
ToBaAa
MfRaAa
VdFaAa
QnTaAa
BnVaAa
SpVaAa
PeKaAa
SlEaAa
IgIbAa
DgAaAa
JyJaAa
OqNaAa
UoCaAa
JgLaAa
UaJbAa
EdYbAa
RrZaAa
KrSaAa
QcEaAa
HzFaAa
TgYaAa
CmRaAa
KnCaAa
ZnBaAa
PuNaAa
JmTbAa
KpObAa
LjObAa
AqDaAa
ZrEaAa
JiBaAa
PcKbAa
IkEaAa
XxXbAa
MfEaAa
NaYbAa
CsMaAa
SlYbAa
ZsCaAa
MwBaAa
DhTbAa
DkKaAa
DxBbAa
WyMaAa
KmEaAa
IgDaAa
OyLaAa
QeUbAa
PmKbAa
BeBaAa
VlDaAa
FtHaAa
FgZaAa
QeUbAa
RyBaAa
BcGaAa
LjKaAa
KnObAa
DjUaAa
JfAaAa
EcLbAa
AvTaAa
GfFaAa
KbUbAa
RmCaAa
EyEaAa
YkBbAa
UrIaAa
KdQaAa
KpYaAa
KzWaAa
HaHbAa
HvJbAa
DzDaAa
RpVaAa
VeHaAa
QnYbAa
GbBaAa
XiWbAa
KmNaAa
IcLaAa
UaJbAa
LdCaAa
OlCbAa
EsYaAa
PeAaAa
UoCaAa
FmOaAa
LhYaAa
UpFbAa
YlMaAa
XwKaAa
YaFaAa
DkKaAa
TkFaAa
HzFaAa
PeQbAa
XxGaAa
QcBaAa
KiDaAa
OaSaAa
OjHaAa
WzYbAa
UpHaAa
XgEaAa
VmHbAa
SaQaAa
DoXbAa
SfUaAa
MkAaAa
MfBaAa
AuAaAa
CdAaAa
EeVbAa
RhIaAa
VxFaAa
NeQbAa
GtIaAa
MhMbAa
TsDaAa
BzJaAa
EgBaAa
OjMbAa
DeYaAa
JdEaAa
WdGbAa
KfAaAa
FeCaAa
BvBaAa
WzWbAa
FbYbAa
UlUaAa
AjIaAa
DkKaAa
EeCaAa
NdIaAa
OkAaAa
GsCaAa
NhHaAa
VpUaAa
MkBaAa
YrNaAa
RfNaAa
IyAaAa
OhCbAa
TyNaAa
FmIbAa
IyAaAa
CaAaAa
AoQaAa
DcDaAa
JtPaAa
StCaAa
XhMaAa
CcYaAa
CdPaAa
XaAaAa
BhLaAa
FdZbAa
HrQaAa
YyGbAa
LtDaAa
LuLaAa
LgPaAa
NdObAa
JzIaAa
GoNbAa
AzAaAa
HsOaAa
MdJaAa
BcGaAa
QcEaAa
FsBaAa
XgBaAa
UuMaAa
KmLaAa
KbUbAa
SfUaAa
PyFaAa
VuKaAa
RlHaAa
OjHaAa
YbTbAa
GrNaAa
PeAaAa
HaNaAa
KdRbAa
SlIaAa
MfGaAa
GjMaAa
DdTbAa
QqEaAa
FiGaAa
IwOaAa
PfCaAa
PpFaAa
XiEbAa
YnPaAa
QzKaAa
EdYbAa
NeFaAa
VyQbAa
UaXaAa
RwNaAa
GgCbAa
SpTbAa
SfPbAa
TuXaAa
HqJaAa
DlDaAa
YvIaAa
KvPbAa
YjQbAa
ZcWbAa
HgIaAa
GiBbAa
GiAaAa
UeEaAa
GrNaAa
CeRaAa
HrJbAa
QnTaAa
BuAaAa
WoEbAa
ScRbAa
PrOaAa
JcPaAa
SfZbAa
UnUaAa
ZzFaAa
TdUaAa
PeAaAa
CwAaAa
BvBaAa
RoMaAa
VuKaAa
VwAaAa
VuKaAa
LdCaAa
ZaPaAa
UeMbAa
VmWaAa
JrObAa
UwSaAa
SpZaAa
EgHaAa
PqEaAa
FlUbAa
LsBbAa
BnTbAa
XuDaAa
AaQaAa
HdKbAa
WdAaAa
SpTbAa
XjPaAa
JcAaAa
OcMaAa
PkMaAa
FyVaAa
LhXaAa
MsHaAa
TmAaAa
FnDaAa
MvMaAa
SkFaAa
VmHbAa
RpAaAa
ZmZaAa
FeBbAa
WoKaAa
EuDaAa
QfIbAa
UoCaAa
NdWaAa
VdAaAa
OqNaAa
ZwLbAa
TrIaAa
CgDbAa
NlOaAa
CiDbAa
TkFaAa
YsCaAa
BxTaAa
YkGaAa
KoIaAa
OsAaAa
YvUaAa
KgUaAa
SnGaAa
XpEaAa
FeDaAa
BkYaAa
TpHaAa
XiWbAa
DoXbAa
MtEbAa
OgQbAa
QlHaAa
MqHaAa
NhJaAa
VwAaAa
LiCaAa
MaNbAa
RyUaAa
IiBaAa
AfLaAa
ZlCaAa
FsXbAa
FiOaAa
MxSaAa
XeIaAa
TqSaAa
FfFaAa
XbEaAa
BsXaAa
GmJaAa
CaYaAa
HzGaAa
PeKaAa
LpBaAa
FmOaAa
OxAaAa
IgDaAa
EgAaAa
IoZaAa
XkPbAa
YvRaAa
NoDbAa
ZnBaAa
VdFaAa
ZeNaAa
YsCaAa
NxIbAa
JzHaAa
BaAaAa
BzAaAa
KdQaAa
CdAaAa
KcFaAa
IcAaAa
YnDaAa
EnRbAa
UrHaAa
EyYaAa
EpNaAa
DsIbAa
ZaHbAa
RcBaAa
ZxUaAa
GgCbAa
ZrEaAa
DaWaAa
QlBbAa
NdMbAa
JqAaAa
WaAaAa
MzQbAa
HiEaAa
MjVbAa
IzJbAa
OhBbAa
RfNbAa
FiJaAa
JsVaAa
TrIaAa
EiMbAa
FmOaAa
WgEaAa
FsBaAa
KmIaAa
UpAbAa
VsIbAa
LwCaAa
FfMaAa
WgEaAa
OnIbAa
LbIaAa
WiHaAa
QlTaAa
LwFaAa
MnFaAa
LaUaAa
TiQaAa
DlDaAa
KoBbAa
JfAaAa
DgAaAa
TmAaAa
JcPaAa
GcAbAa
ZlAaAa
BsDaAa
IiGaAa
YlMaAa
MzQbAa
BpHaAa
QtJaAa
KoIaAa
DrAaAa
UvLaAa
UuXaAa
ZaHbAa
CtBbAa
YvQaAa
ZgCaAa
EcLbAa
WwCbAa
QmMaAa
XkPbAa
WcTaAa
JjFaAa
ZuJaAa
NhEbAa
ToXaAa
ZuJaAa
WsCbAa
YeIbAa
MtMaAa
CzDaAa
MuFbAa
OkCaAa
ZvNaAa
UoCaAa
AtFaAa
ZsBaAa
MwBaAa
MfGaAa
VcIaAa
WnRbAa
NhAaAa
KfAaAa
KgUaAa
HrEaAa
LpBaAa
EpEaAa
KvPbAa
TxDaAa
UwEbAa
ZgCaAa
WlBaAa
OjMbAa
CvFaAa
XbMaAa
IxQaAa
OeKbAa
FiEbAa
OaTbAa
HxBaAa
EbBaAa
KjDbAa
ScHaAa
SoYaAa
KaIbAa
DoXbAa
CjCaAa
OhHbAa
VaAaAa
NnEbAa
LsFbAa
FlPaAa
AzAaAa
XgZaAa
JyKaAa
NsHaAa
EnRbAa
MuFbAa
KbCaAa
CxFaAa
GbTbAa
TxVbAa
CwXaAa
ScQaAa
IsTaAa
UvVbAa
BvFaAa
UqYaAa
UcJaAa
LxEaAa
ZlAaAa
LsFbAa
XxXbAa
MwBaAa
KnObAa
DgAaAa
LbJaAa
QdWbAa
VwMaAa
KnObAa
BsDaAa
RlGaAa
KsBbAa
UsMaAa
GiEbAa
HzGaAa
AhDaAa
AlNaAa
HeHbAa
AbHbAa
FsBaAa
PhZaAa
LkDaAa
MtYaAa
AtGbAa
CwSaAa
GaFaAa
JcAaAa
AjNbAa
EdGbAa
JpMaAa
DiXaAa
KcPaAa
CxFaAa
DzDaAa
PcKbAa
BlIaAa
GmJaAa
MwBaAa
UrGaAa
CaDbAa
CrIaAa
FnDaAa
OjXbAa
JzIaAa
IcHbAa
RaGaAa
EqWaAa
MtYaAa
MwBaAa
WjGbAa
NqKbAa
FmOaAa
WoOaAa
NhJaAa
TgYaAa
NkCaAa
ZzGaAa
UnNaAa
CrAaAa
OaTbAa
LrKaAa
FiEbAa
WgBaAa
EuDaAa
DyEaAa
DgAaAa
DwXaAa
EzMbAa
EuDaAa
CbSbAa
UsKaAa
DoSbAa
ZuJaAa
UsPbAa
XzLaAa
JzQaAa
DnGbAa
QyBaAa
GyGbAa
LdCaAa
MuFbAa
AjPbAa
CwXaAa
UcJaAa
KnCaAa
WiHaAa
NtWaAa
KsBbAa
CxFaAa
KyDaAa
MdObAa
PfTaAa
AlLaAa
WlBaAa
MkAaAa
GkBbAa
DlGbAa
KlObAa
LgPaAa
QmLbAa
JpMaAa
VsIbAa
FcTaAa
TzAaAa
XvHaAa
VuCbAa
KqGbAa
VvLaAa
NkAaAa
WoOaAa
UvLaAa
EnRbAa
WiHaAa
ItEaAa
YsNbAa
NeFaAa
DgJaAa
FjMaAa
SvTaAa
DsSaAa
JyAbAa
ApZaAa
NnEbAa
OcMaAa
LwVbAa
UfPaAa
DcYaAa
XdAaAa
WoOaAa
BvBaAa
HvJbAa
YlQbAa
MuGaAa
CrAaAa
QtJaAa
VoCaAa
CxFaAa
GmPbAa
TkDbAa
KlVbAa
DdFaAa
YnPaAa
FuDaAa
FnDaAa
BsDaAa
JuUbAa
VsIbAa
ZzFaAa
JpJbAa
BlIaAa
JaSbAa
WlDaAa
KfAaAa
MkBaAa
UhVaAa
BvFaAa
IcAaAa
DiXaAa
UrAbAa
QdWbAa
WmIbAa
BnTbAa
FvGaAa
JdEaAa
VdAaAa
UhGbAa
KbCaAa
NvCbAa
RbPaAa
VnNaAa
FpNaAa
JbGaAa
GiCbAa
EuDaAa
SqSaAa
WuIbAa
QwQaAa
KhKaAa
DcWaAa
RjYbAa
HgCaAa
OfAbAa
LyBbAa
MaBaAa
JfAaAa
BcRaAa
UeRaAa
UvLaAa
PwIaAa
HfFaAa
XwKaAa
CwSaAa
QcBaAa
StBaAa
NxYaAa
IcAaAa
VoSbAa
XeDaAa
DdAaAa
SaDaAa
CoCaAa
MtDaAa
TjAaAa
UpAbAa
JmTbAa
AtZaAa
HzRaAa
OfHbAa
HyKaAa
SfWbAa
NfBaAa
LpBaAa
ZnBaAa
EcWaAa
BxJaAa
JfAaAa
EgEaAa
BgYaAa
FeObAa
CcDaAa
PgMaAa
DpUaAa
YeIbAa
XgEaAa
XbBaAa
FxBaAa
CaYaAa
RrZaAa
ShCaAa
JzIaAa
UnUaAa
TjVaAa
QeUbAa
FnDaAa
MxSaAa
YsBaAa
WdYbAa
WoFaAa
OhCbAa
GgCbAa
WyMaAa
HzCaAa
EgGaAa
WpRbAa
IcAaAa
FsCaAa
UnEaAa
YsCaAa
TaCaAa
KoIaAa
OhHbAa
TrIaAa
UcJaAa
CwXaAa
SqSaAa
CwSaAa
GjQbAa
HkWbAa
MrSbAa
DrAaAa
WdAaAa
PbAaAa
SlEaAa
BnLaAa
CrAaAa
DxCaAa
EvHbAa
LxEaAa
OsAaAa
KdEaAa
FsCaAa
LtXbAa
KdRaAa
GyGbAa
KcLaAa
PmBaAa
UzAaAa
BiKaAa
QdNaAa
FiEbAa
DgAaAa
UeMbAa
OyFaAa
AnBbAa
DcWaAa
VkWaAa
JuUbAa
CzJaAa
GlAaAa
XkMbAa
AhIaAa
LaUaAa
UzObAa
GcAbAa
DoSbAa
RfNaAa
ElBaAa
CsPbAa
EeVbAa
TbSbAa
YjQbAa
AmAaAa
SxUbAa
MhWaAa
BmObAa
PhZaAa
QfDaAa
CcDaAa
AxDaAa
WgJaAa
ZqTaAa
ZyOaAa
EpEaAa
UlUaAa
ZeIbAa
GiCbAa
CzDaAa
HrJbAa
WgBaAa
MwBbAa
DaOaAa
WlDaAa
OhAaAa
CxFaAa
MuFbAa
QlZaAa
NoUbAa
GaFaAa
JbGaAa
ZrPaAa
XhUbAa
NzNbAa
YyGbAa
HsOaAa
MfRaAa
PySbAa
ThDaAa
AbHbAa
YeIbAa
DoXbAa
GjQbAa
VaAaAa
EuYaAa
NvYaAa
HuVaAa
CkRaAa
XfYbAa
ZzFaAa
RhIaAa
FnDaAa
NzYaAa
PxAaAa
CeRaAa
JjSaAa
BfLaAa
WgEaAa
ZzFaAa
FfFaAa
PxAaAa
SaDaAa
IxQaAa
DgAaAa
SaCaAa
OoNaAa
PaGbAa
CsPbAa
UvLaAa
WaAaAa
CaYaAa
MtDaAa
WqEbAa
JhKaAa
OqNaAa
OkAaAa
IhFbAa
NvKaAa
QmMaAa
ApNbAa
MdJaAa
QcSaAa
EbNbAa
ZaFaAa
MhMbAa
GkBbAa
EmKaAa
MkBaAa
PrOaAa
RgJbAa
EnRbAa
PhZaAa
GjQbAa
LkDaAa
ShDaAa
FdZbAa
ZsCaAa
CqHbAa
UzObAa
MvMaAa
JzHaAa
HkTaAa
BzAaAa
BiDbAa
VfGbAa
UnEaAa
CsMaAa
TcRbAa
KcAaAa
GaFaAa
FxFbAa
JmBbAa
GiAaAa
FfFaAa
LwCaAa
CsMaAa
PwHaAa
MtPbAa
LpMaAa
RxLbAa
ZlAaAa
IiNbAa
MdCaAa
QdWbAa
BnVaAa
MnAaAa
AhNaAa
ReUbAa
VsKaAa
ZnBaAa
OeKbAa
ZtRaAa
YqJaAa
GkHaAa
GbSaAa
HlCaAa
JcPaAa
JfAaAa
GwVaAa
VgEbAa
AfLaAa
LdCaAa
PmPaAa
VaAaAa
FzLaAa
LdCaAa
HaHbAa
KqBbAa
VdFaAa
KmEaAa
FiEbAa
VaObAa
MzIbAa
TzAaAa
GmJaAa
UfPaAa
NlEbAa
WwGbAa
ZaFaAa
ZaPaAa
MkBaAa
GkJaAa
DdTbAa
SiFaAa
MbLbAa
WxFaAa
KoBbAa
WlDaAa
MsGaAa
ZvPaAa
WdAaAa
DzDaAa
MsGaAa
GmCbAa
DjUaAa
ImBbAa
JnYaAa
SiJbAa
UmAaAa
XoEbAa
JiPbAa
ZlAaAa
CmXaAa
VgRaAa
MkAaAa
PgFaAa
IcAaAa
EjGbAa
OpOaAa
BqMaAa
DpUaAa
FjMaAa
SjNaAa
CeXaAa
WrUaAa
ScBaAa
PcKbAa
HiAaAa
MbLbAa
PqEaAa
DdFaAa
PuUaAa
GbTbAa
VrAaAa
IiBaAa
JnYaAa
BjLaAa
PvDaAa
UoCaAa
GqJaAa
CqMbAa
SlIaAa
FtHaAa
ViVbAa
FmOaAa
UvLaAa
MxSaAa
PrOaAa
EdYbAa
LyVbAa
CcDaAa
KrSaAa
PeAaAa
JzUaAa
PhBaAa
NcKaAa
FeDaAa
WgEaAa
PySbAa
EgVbAa
OpFaAa
VeHaAa
BaAaAa
PbAaAa
TjAaAa
QaVaAa
UeXaAa
PbAaAa
TaIaAa
TxVbAa
HkWbAa
EySaAa
WiMbAa
TxVbAa
YiEbAa
GzCaAa
EeZaAa
YsCaAa
GkBbAa
OgQbAa
GsCaAa
JmHaAa
WwAaAa
WoOaAa
SoBaAa
YoWbAa
SpZaAa
VyEaAa
TjAaAa
MsGaAa
KtWbAa
MxSaAa
FeTaAa
AxDaAa
SxUbAa
RtBaAa
NvIbAa
KfAaAa
WlUbAa
PrOaAa
MaNbAa
XkPbAa
UtFbAa
CqMbAa
WnNaAa
CkRaAa
MkAaAa
JxNaAa
VaXaAa
DjCaAa
RoMaAa
OaTbAa
YrRaAa
EnRbAa
MkBaAa
OzEaAa
XoAaAa
LiDaAa
WgGaAa
CcDaAa
ZzFaAa
PyRaAa
NkCaAa
TaJaAa
CjBaAa
JxNaAa
ZnBaAa
HaHbAa
JdEaAa
EtRbAa
LyUbAa
NhHaAa
WeObAa
RgJbAa
WdAaAa
OxGbAa
EbBaAa
MtDaAa
JwJaAa
PgFaAa
RaDaAa
CkRaAa
JaSbAa
ElDaAa
UoCaAa
BwEaAa
HgIaAa
HtUaAa
SkFaAa
FxFbAa
PgQbAa
FnDaAa
PhBaAa
PpFaAa
YkBbAa
WsCbAa
TjAaAa
EsYaAa
PhBaAa
LbJaAa
KaUaAa
MhMbAa
LhYaAa
LrSaAa
HrQaAa
DlDaAa
MzCbAa
XmOaAa
PyGaAa
HrQaAa
ZgCaAa
BjAaAa
WoXaAa
OsAaAa
KrSaAa
DoSbAa
DgAaAa
GiAaAa
DcGaAa
JdFbAa
GkHaAa
RfSbAa
TjAaAa
SnBbAa
VpUaAa
DtBbAa
MrWaAa
DyEaAa
BgYaAa
WpUbAa
LsLaAa
XfMaAa
VfGbAa
EjCaAa
QcEaAa
EpEaAa
EbXbAa
OgQbAa
YoNbAa
OcMaAa
MdVbAa
WaAaAa
KnObAa
WpRbAa
LlFaAa
RmYaAa
NxMaAa
EbNbAa
GbTbAa
QhIbAa
OpKaAa
ZlCaAa
JpMaAa
MzQbAa
PbAaAa
KbDbAa
BpHaAa
WmIbAa
JdEaAa
XaAaAa
VjCaAa
CjCaAa
YoAaAa
XbGbAa
LcUaAa
PmKbAa
GmJaAa
FeDaAa
TdPaAa
EgGaAa
WsCbAa
MkAaAa
VsIbAa
VrUbAa
KrSaAa
VdAaAa
PoLbAa
LgPaAa
MhWaAa
ToBaAa
WaAaAa
MsHaAa
BmVbAa
JkYbAa
MuFbAa
FeBbAa
EuYaAa
BjAaAa
PuNaAa
CoCaAa
DyNaAa
DgMbAa
WpRbAa
BzAaAa
QrFaAa
QcSaAa
KfAaAa
LiDaAa
HtRaAa
NfOaAa
WrUaAa
XdKaAa
PfDaAa
TaJaAa
AtTaAa
WlBaAa
JzQaAa
RjNaAa
FzLaAa
ImHaAa
MjZbAa
EvCaAa
CiDbAa
CxFaAa
EgVbAa
QcEaAa
GiAaAa
HuOaAa
BsPaAa
UeGaAa
NnFaAa
SmCaAa
FeBbAa
EbBaAa
YhRbAa
CrAaAa
DgAaAa
WrUaAa
ZyOaAa
RfNbAa
MzKbAa
OxAaAa
YbSaAa
EvFbAa
MkDaAa
BwEaAa
WaOaAa
ImBbAa
SpVaAa
WzMbAa
CcYaAa
XeDaAa
AhDaAa
HvNaAa
EiWaAa
StCaAa
VaOaAa
VbKaAa
OhCbAa
HzCaAa
PhBaAa
AzAaAa
UrAbAa
KoBbAa
IbHaAa
GoFaAa
YyOaAa
MyVbAa
PbAaAa
ZgCaAa
VgJaAa
YnPaAa
FtHaAa
NnEbAa
PmPaAa
AsPaAa
DpUaAa
YsCaAa
OsAaAa
MkUaAa
ZgCaAa
UrIaAa
TsYbAa
DeGaAa
UrGaAa
NhHaAa
DsEbAa
MiUaAa
FvHbAa
HdKbAa
ZnDaAa
IzCaAa
EqCaAa
CkObAa
YkZaAa
AnGaAa
BuAaAa
VgRaAa
DxFaAa
GvIaAa
CaAaAa
IiNbAa
AzAaAa
KrSaAa
WcLbAa
TaIaAa
WeObAa
LuDbAa
ZlAaAa
PmKbAa
EsCbAa
FfFaAa
EeDaAa
AmAbAa
MjZbAa
RtBaAa
ZqNbAa
SaDaAa
TiQaAa
LdHaAa
XiGaAa
NzYaAa
RyIaAa
ZhFaAa
SxUbAa
JiBaAa
UwSaAa
PiRbAa
FeIaAa
JjSaAa
ElBaAa
SdLaAa
YoNbAa
MxEbAa
HxHaAa
PvDaAa
YpPaAa
JdFbAa
ByNaAa
FgZaAa
QjWbAa
BnIaAa
SnIaAa
DlGbAa
LzNaAa
JrDaAa
KqAaAa
XxGaAa
UmAaAa
DzDaAa
InMaAa
YsBaAa
ZuOaAa
CdAaAa
ZuJaAa
JwUbAa
AwXbAa
QvDaAa
WiMbAa
WoOaAa
XbBaAa
WlUbAa
AjIaAa
MpXbAa
NvWaAa
FnDaAa
GmJaAa
QbAaAa
ZuOaAa
TqMaAa
KrSaAa
FlPaAa
MbTaAa
MwBaAa
JiBaAa
FeBbAa
RiSaAa
TjNaAa
EvHbAa
LxEaAa
MjAbAa
AfPbAa
EuDaAa
AfLaAa
CnNaAa
RyBaAa
InMaAa
PyRaAa
MwBaAa
SkFaAa
UuMaAa
PfDaAa
NeQbAa
QlBbAa
DlDaAa
YsCaAa
KfAaAa
LxXaAa
TqMaAa
BqSaAa
NdObAa
JrObAa
HeCbAa
SpZaAa
MbLbAa
DlGbAa
QyBaAa
ZnDaAa
KrSaAa
EeDaAa
RgJbAa
VxLaAa
CkRaAa
HgIaAa
XxFaAa
GxBaAa
LuLaAa
GgCbAa
XuDaAa
MzQbAa
EaObAa
QfIbAa
EeOaAa
HlCaAa
PeAaAa
LdCaAa
WoKaAa
EtIaAa
MfGaAa
GgZaAa
TsYbAa
OsUaAa
BsDaAa
XeIaAa
UpAbAa
QtJaAa
QyBaAa
UvBaAa
HlCaAa
MyVbAa
OzEaAa
UrGaAa
AxZaAa
RnTaAa
ToMaAa
AnGaAa
HkTaAa
FrVbAa
LqHaAa
NaYbAa
LdHaAa
PhEaAa
BaAaAa
PpFaAa
YkGaAa
GjMaAa
FzLaAa
BdPaAa
IwZaAa
IcAaAa
RtCaAa
WwEbAa
VeHaAa
XvYbAa
LuLaAa
FfQbAa
ZvNaAa
IiAaAa
DyEaAa
JjSaAa
IxQaAa
PrNbAa
OqUaAa
JrXaAa
CjCaAa
QbLaAa
JoVaAa
ZoNbAa
EcObAa
FoAaAa
IhKbAa
RbFaAa
NdEbAa
YnPaAa
TdUaAa
KaUaAa
YlMaAa
CaAaAa
KaIbAa
VaAaAa
JdEaAa
GwKbAa
RpAaAa
DhPaAa
LrSaAa
LpBaAa
CmRaAa
SlGaAa
ScQaAa
LbJaAa
XbEaAa
EnRbAa
FvYbAa
BdPaAa
MzKbAa
RfNaAa
MfRaAa
AoBaAa
NaEaAa
PqEaAa
CdAaAa
AtFaAa
LtDaAa
IcAaAa
BnTbAa
HyAaAa
YxSbAa
HdVaAa
HrJbAa
ZzCaAa
CmObAa
JpSaAa
SqSaAa
PqEaAa
VdAaAa
FsBaAa
VcIaAa
PyRaAa
BjAaAa
JcPaAa
UvBaAa
EyEaAa
XpEaAa
HqFaAa
VuKaAa
AoQaAa
OhHbAa
MlHbAa
QcBaAa
BmObAa
CaXaAa
SdSbAa
DiXaAa
KcFaAa
FbBaAa
AnBbAa
GtUaAa
GzCaAa
QyGaAa
XwKaAa
EvRbAa
CqYaAa
PpFaAa
WlBaAa
KwUbAa
QbLaAa
RjYbAa
HqTaAa
JkYbAa
WySaAa
JrObAa
FvYbAa
RdSbAa
CjBaAa
XdAaAa
KyTaAa
GkHaAa
VzDaAa
SyPaAa
RoDaAa
XeCaAa
ToBaAa
AjPbAa
JcAaAa
ZxHaAa
YeIbAa
ZoNbAa
ImHaAa
FxBaAa
QnTaAa
FsCaAa
FiOaAa
LfBaAa
ApZaAa
MfRaAa
MfGaAa
UrHaAa
FzFbAa
TpLaAa
KsBbAa
MoEaAa
LdHaAa
LjKaAa
KiDaAa
OzMaAa
PlPbAa
DxLaAa
TgYaAa
CwSaAa
YeIbAa
QbAaAa
NaEaAa
YfKbAa
EeZaAa
KpYaAa
SxUbAa
DkVbAa
QeAaAa
OhJaAa
KbDbAa
JrXaAa
OvWaAa
AtTbAa
JcAaAa
HyGbAa
XmOaAa
LvEbAa
CeRaAa
JyAaAa
ZaFaAa
UtFbAa
SlIaAa
JzIaAa
NlOaAa
UjAaAa
LqAaAa
MbLbAa
TwQaAa
QpAaAa
AhNaAa
OjHaAa
LgPaAa
FxBaAa
EvFbAa
PrNbAa
HzCaAa
SeAaAa
OkCaAa
BjBaAa
UtBbAa
KmEaAa
ZuZaAa
WjPaAa
DcWaAa
DcWaAa
KmEaAa
FpEaAa
MqFbAa
FfFaAa
OhAaAa
EvFbAa
XvYbAa
EvFbAa
OwGaAa
QlHaAa
MuGaAa
TeQaAa
RbFaAa
YkZaAa
OeQbAa
WoKaAa
BzAaAa
YaFaAa
CcDaAa
BxUbAa
ZtRaAa
KrSaAa
MaNbAa
NmRbAa
QfDaAa
GqJaAa
HcNaAa
MmUaAa
MkAaAa
ZlAaAa
EtIaAa
YkZaAa
KfAaAa
YbSaAa
RiFaAa
FoKaAa
KbDaAa
KvAaAa
FoAaAa
NoDbAa
SnGaAa
WmIbAa
KfAaAa
UtFbAa
NtWaAa
VlUaAa
SlVaAa
MrWaAa
EdYbAa
LgPaAa
DrDbAa
YaFaAa
PhBaAa
ScRbAa
QdWbAa
JwJaAa
HdKbAa
SaQaAa
YeIbAa
JqAaAa
AuAaAa
XbEaAa
DgAaAa
DxLaAa
HuDaAa
IsTaAa
VcIaAa
FeIaAa
UeMbAa
EcTaAa
JfAaAa
FeBbAa
NwFbAa
MdJaAa
VrAaAa
FfQbAa
AaDaAa
RyIaAa
DxRbAa
LbJaAa
IeWbAa
BdPbAa
LkTbAa
UaJbAa
WpRbAa
AuAaAa
MyObAa
SpTbAa
OvKaAa
QsQaAa
UtDbAa
UzAaAa
GaNaAa
RmMaAa
MzKbAa
IoZaAa
LgPaAa
KrSaAa
VbXbAa
NcYbAa
DcWaAa
YnPaAa
RvJaAa
VmAaAa
DrAaAa
YsBaAa
KvAaAa
OpKaAa
HdKbAa
ZzRaAa
CsPbAa
GaNaAa
MzKbAa
EuYaAa
MfEaAa
JuKbAa
FvHbAa
NaYbAa
ReSaAa
YyOaAa
BjBaAa
FgZaAa
HgCaAa
VaOaAa
BsXaAa
ZzCaAa
CvAbAa
FuDaAa
FsBaAa
AcHaAa
MoEaAa
KiDaAa
SuEaAa
JqVaAa
FmIbAa
LsDbAa
FqCbAa
MbTaAa
GeTaAa
VpUaAa
NtKaAa
NmRbAa
VeHaAa
KqGbAa
MdJaAa
ImHaAa
LmEaAa
KrSaAa
FsCaAa
XlPaAa
KuCaAa
TpIaAa
UlUaAa
RuNaAa
EnRbAa
NvKaAa
VeBaAa
TtKbAa
TgYaAa
DeHaAa
TeQaAa
ZeNaAa
DlGbAa
ZlAaAa
BsDaAa
PwHaAa
TvDbAa
ZfKaAa
JgLaAa
FtHaAa
EdYbAa
YiTaAa
OhHbAa
GiAaAa
KcFaAa
PkKbAa
TiQaAa
LbIaAa
YfKbAa
DcDbAa
MiGbAa
VrAaAa
WdAaAa
IcAaAa
IhKbAa
TxVbAa
WwMaAa
EpEaAa
HuOaAa
LpBaAa
UjBaAa
HkTaAa
ZxUaAa
CxFaAa
QyJbAa
PyRaAa
QcEaAa
PvQbAa
PxAaAa
YzLaAa
LdCaAa
YlMaAa
DyEaAa
PxAaAa
SfWbAa
LqHaAa
KbDbAa
ObAbAa
OsUaAa
UzObAa
LgTbAa
PbNaAa
UnUaAa
HyAaAa
DaOaAa
ZuOaAa
EgWaAa
WmIbAa
CxFaAa
LsLaAa
GgCbAa
YjQbAa
WpUbAa
XbEaAa
KvPbAa
EaLbAa
PhBaAa
EgEaAa
NkAaAa
DpUaAa
XmOaAa
PwIaAa
OxAaAa
OhHbAa
KsBbAa
KfAaAa
VaAaAa
WdAaAa
FfQbAa
PhBaAa
ItAaAa
TdUaAa
ZuOaAa
UmAaAa
SoJbAa
FhUbAa
JzQaAa
RmCaAa
XkMbAa
HyAaAa
HrEaAa
OsAaAa
HrEaAa
EuDaAa
GzCaAa
YuDaAa
OhCbAa
CjBaAa
JgNaAa
BnTbAa
SfWbAa
NhAaAa
KhKaAa
CmXaAa
RcBaAa
KdEaAa
ZlAaAa
ThCaAa
FsCaAa
FiJaAa
BwEaAa
JzHaAa
VkOaAa
CsMaAa
VdAaAa
SpZaAa
FsBaAa
NdWaAa
BbSbAa
QzOaAa
HrEaAa
UqSbAa
JfAaAa
UaXaAa
YsCaAa
ZnBaAa
YxRaAa
HkTaAa
ZgCaAa
PbAaAa
JqAaAa
LcUaAa
UjBaAa
IrPaAa
DsMaAa
HtRaAa
CxFaAa
FgAaAa
ZvNaAa
XiWbAa
VdAaAa
YaFaAa
GmWbAa
ZlAaAa
GfFaAa
RmCaAa
LqLaAa
PhBaAa
OfAbAa
MfAaAa
AyUaAa
BgYaAa
FxBaAa
GaAbAa
TzAaAa
UaXaAa
OoRbAa
IcLaAa
QdHbAa
DaWaAa
CeEaAa
CeJbAa
EpQbAa
AoBaAa
JyJaAa
YnPaAa
RjNaAa
RxLbAa
YqJaAa
DaAaAa
PjGaAa
HxIaAa
KsBbAa
RmCaAa
SoBaAa
DsIbAa
HcNaAa
RbPaAa
BiDbAa
TjVaAa
ZlAaAa
UwXaAa
DzDaAa
RmYaAa
CvCaAa
BiDbAa
MuBbAa
VuPbAa
VxLaAa
HiAaAa
GyGbAa
FoIbAa
NoRbAa
CnNaAa
QcSaAa
VdAaAa
BbSbAa
KdEaAa
KqAaAa
VlDaAa
TwEaAa
MkAaAa
QyJbAa
DaWaAa
FdKaAa
PyGaAa
YqJaAa
HyAaAa
EgEaAa
DhTbAa
FeZaAa
LsBbAa
MaNbAa
ZgCaAa
MsIaAa
QfIbAa
UoCaAa
GqJaAa
XgEaAa
WcLbAa
RyBaAa
JaSbAa
RmCaAa
ZgCaAa
EoKaAa
JcAaAa
HxWbAa
AyQaAa
DlDaAa
PbAaAa
GjUbAa
MfGaAa
DcWaAa
LjKaAa
VqBaAa
LhYaAa
ZkTaAa
HkTaAa
CdAaAa
QxKaAa
JfAaAa
ZrEaAa
ItEaAa
JkIaAa
AjNbAa
OaZbAa
DgAaAa
GjUbAa
GiAaAa
JjFaAa
EyYaAa
ZsBaAa
AoJbAa
EsWaAa
BaIaAa
DgJaAa
GcAbAa
AzAaAa
DgAaAa
PmBaAa
WiMbAa
WqEbAa
CxFaAa
KgLaAa
KcFaAa
IsTaAa
AfPbAa
CxFaAa
AnHaAa
DxFaAa
RnHaAa
ImGaAa
OhBbAa
YoNbAa
YbTbAa
UhDaAa
EpEaAa
OfHbAa
JcAaAa
KfAaAa
JsZaAa
FgAaAa
BsYbAa
KaIbAa
TuXaAa
EaOaAa
KvEaAa
KvPbAa
HzCaAa
ZaBbAa
VfGbAa
YbEaAa
VcZaAa
ZnPaAa
BaAaAa
MdVbAa
NhHaAa
DhTbAa
PmPaAa
NwCaAa
QcEaAa
EgHaAa
CvBaAa
OpOaAa
IwZaAa
YaNaAa
RnHaAa
ZaBbAa
FnDaAa
QrNbAa
XoJaAa
SfWbAa
EjGbAa
OgQbAa
MlHbAa
JaSbAa
RiFaAa
OjXbAa
UtBbAa
RtBaAa
DcWaAa
NqUbAa
WwCbAa
FbBaAa
ZvNaAa
IwDaAa
YeIbAa
IlLbAa
ZvRaAa
DgAaAa
XlPaAa
DeGaAa
NkAaAa
UmFaAa
VdFaAa
NsRbAa
BaAaAa
GwKbAa
YeIbAa
CeYaAa
MxSaAa
AmAaAa
FgBaAa
BuAaAa
MuGaAa
SoBaAa
WoEbAa
CxFaAa
TdPaAa
GjQbAa
BwEaAa
FvHaAa
ZnBaAa
LdHaAa
GpEaAa
YkGaAa
BsYbAa
TzAaAa
YyOaAa
ItEaAa
VhPaAa
WcDaAa
QlZaAa
IcAaAa
XjAaAa
AbPaAa
DnGbAa
MsIaAa
DvCaAa
TuXaAa
RhXbAa
ZgCaAa
NlOaAa
QwUaAa
PpFaAa
GiBbAa
EuDaAa
GjUbAa
ImTaAa
XiEbAa
PfDaAa
BiDbAa
UiAbAa
SpTbAa
VjCaAa
CdAaAa
QlHaAa
YrRaAa
OvKaAa
SpTbAa
LjObAa
CdAaAa
BaJaAa
PfDaAa
RaVaAa
LsDbAa
LhYaAa
EsCbAa
WyMaAa
EuDaAa
KbFbAa
MxIbAa
LtXbAa
VdAaAa
VdFaAa
BpGaAa
JwZaAa
ErAaAa
HyAaAa
KdRbAa
XmSbAa
YkBbAa
NdMbAa
WzDaAa
YaFaAa
OiQbAa
LlFaAa
QaKbAa
KaUaAa
JiIaAa
EcTaAa
MjZbAa
EsCbAa
VqYaAa
PsAaAa
NsHaAa
LhYaAa
GwVaAa
LaKaAa
PyGaAa
AjAaAa
NkCaAa
XeTaAa
IvNaAa
WmIbAa
JdEaAa
UpFbAa
PrOaAa
YaFaAa
MbTaAa
YbEaAa
PrOaAa
XsCbAa
EsWaAa
BcQaAa
IkEaAa
FqCaAa
JeWbAa
RbPaAa
HxHaAa
GdVaAa
KdBaAa
AhCaAa
SfUaAa
ZeNaAa
MfLbAa
DrDbAa
AtTaAa
RkKbAa
EiRaAa
PxKaAa
BzAaAa
BmObAa
KbDbAa
CcDaAa
EcOaAa
EvFbAa
KiLaAa
UwEbAa
JqAaAa
KcFaAa
SxUbAa
GiAaAa
KzHaAa
CvDbAa
LdCaAa
KfAaAa
CeXaAa
YsBaAa
MrYaAa
IpQaAa
SxUbAa
PhTaAa
GvIaAa
NlOaAa
LbYaAa
DjCaAa
JcPaAa
NdEbAa
UzObAa
GjUbAa
TzAaAa
BbSbAa
ZuOaAa
YyGbAa
DaWaAa
YgZaAa
EeJaAa
VgJaAa
ItEaAa
JiBaAa
VaObAa
CzDaAa
HrPaAa
BmBaAa
JmTbAa
GzCaAa
DeEaAa
FbBaAa
BxJaAa
VuKaAa
VeLbAa
NsVbAa
SnBbAa
IpQaAa
JwJaAa
QqPaAa
OeMaAa
FdKaAa
FgZaAa
AhDaAa
ZgCaAa
DcJbAa
VdAaAa
WwNbAa
RbPaAa
SlYbAa
YbSaAa
TpHaAa
DgMbAa
MxIbAa
DxCaAa
IiBaAa
NrBaAa
BaAaAa
LdCaAa
TcRaAa
VuIbAa
LuLaAa
NzQbAa
WcTaAa
QcEaAa
UlUaAa
PeAaAa
DjCaAa
OjJaAa
XjMaAa
MwBaAa
IxQaAa
RbFaAa
EySaAa
GlAaAa
WrAaAa
ViHbAa
MwBaAa
DjUaAa
KzBaAa
AjNbAa
IcAaAa
KqGbAa
GbZbAa
AuRaAa
ImGaAa
VkOaAa
QlGaAa
TbFaAa
NlOaAa
QlZaAa
GxYbAa
SfWbAa
YkBbAa
JgIbAa
QbAaAa
FoAaAa
JcAaAa
HvJbAa
LhXaAa
QwXbAa
ZsCaAa
UvBaAa
XgEaAa
HiAaAa
NnEbAa
VoWaAa
GaAbAa
SnIaAa
IiNbAa
QrJaAa
AaQaAa
LzEbAa
JhKaAa
XxCaAa
SkFaAa
KyTaAa
RyBaAa
TjVaAa
PrOaAa
HgCaAa
JcAaAa
EgVbAa
QlBbAa
CrGaAa
NhEbAa
WeZaAa
BjAaAa
NzYaAa
UsPbAa
DjUaAa
IwDaAa
DxCaAa
XgBbAa
LhYaAa
GiCbAa
SkFaAa
LzEbAa
EuYaAa
OeFaAa
MdCaAa
TxDaAa
ZnBaAa
FmIbAa
AoBaAa
XkPbAa
NaYbAa
IcAaAa
MkAaAa
TjVaAa
HlCaAa
EgAaAa
SlEaAa
DgAaAa
EiRaAa
YpVbAa
MdZaAa
WoKaAa
EnUbAa
RmCaAa
UaJbAa
JhKaAa
ZgIaAa
EeOaAa
NlOaAa
QcEaAa
QvDaAa
VoWaAa
QlZaAa
PmBaAa
EgVbAa
KyDaAa
EySaAa
QaVaAa
BwEaAa
AhCaAa
JdBaAa
PrOaAa
MbWaAa
DxFaAa
FdKaAa
MbTaAa
UoCaAa
ErUaAa
OsAaAa
HrEaAa
LzEbAa
GiAaAa
UcJbAa
YjQbAa
VdAaAa
EdYbAa
BaAaAa
UrAbAa
MbRbAa
MlHbAa
UzObAa
LgTbAa
SoBaAa
YiIbAa
LyRbAa
LhXaAa
DxLaAa
VdFaAa
UrDbAa
DgMbAa
MkAaAa
ChLaAa
YeDaAa
UoCaAa
BzJaAa
OaZbAa
GiCbAa
PsAaAa
HtRaAa
IiAaAa
XgZaAa
RgJbAa
EbBaAa
XgZaAa
RqKbAa
EnRbAa
KfAaAa
EgBaAa
OlCbAa
ZvPaAa
NqKbAa
BxTaAa
TzAaAa
AoBaAa
HyKaAa
KnCaAa
BlEaAa
OiUbAa
EySaAa
CsPbAa
BlNaAa
XmCbAa
PeAaAa
EuDaAa
PhEaAa
DoSbAa
WaAaAa
XmCbAa
OkCaAa
IxIaAa
AhDaAa
DcDaAa
RyPbAa
XzLaAa
RyPaAa
RcFbAa
HyAaAa
JqAaAa
NrBaAa
VoCaAa
WaAaAa
VeEaAa
RxLbAa
BkYaAa
CjLaAa
NuHbAa
EuYaAa
KiDaAa
BgYaAa
XqEbAa
AuEaAa
CsXaAa
OxGbAa
VdAaAa
JuKbAa
KqAaAa
TzJaAa
JrXaAa
UdPaAa
SuEaAa
HyAaAa
OlOaAa
QaVaAa
ZqTaAa
EuDaAa
ZlJbAa
BaAaAa
XiHaAa
QlGaAa
YqJaAa
CxFaAa
XfMaAa
ZzCaAa
AuAaAa
IgIbAa
WwAaAa
YjRbAa
VaAaAa
MvMaAa
MbTaAa
JzBaAa
GfKbAa
MxSaAa
TvFaAa
GjUbAa
LvEbAa
TrIaAa
FfQbAa
MdZaAa
MvMaAa
TcDbAa
VhTbAa
NpPbAa
ZaHbAa
DgAaAa
ImGaAa
RbPaAa
UqSbAa
KqGaAa
LgTbAa
TaIaAa
JdEaAa
WwAaAa
ItQaAa
TiKaAa
HxUaAa
SaDaAa
ZvJbAa
QcEaAa
QmMaAa
FfQbAa
CoCaAa
HqFaAa
WsCbAa
AcHaAa
FfQbAa
WzYbAa
YbTbAa
RaVaAa
SmCaAa
WaAaAa
JxJbAa
IgDaAa
EjGbAa
KcIbAa
HqFaAa
YxRaAa
ZtRaAa
UwSaAa
JpJbAa
RyBaAa
JgLaAa
DgAaAa
VxLaAa
KmNaAa
QrJaAa
HlLbAa
HiEaAa
VtGaAa
SzUbAa
XrAaAa
BaAaAa
LrKaAa
WaAaAa
OaZbAa
MfLbAa
KaUaAa
TbCbAa
MnFaAa
QcEaAa
SoBaAa
KnSaAa
FuYaAa
CjCaAa
XgZaAa
EpEaAa
NoUbAa
FxBaAa
RvJaAa
KoIaAa
AlNaAa
SoBaAa
OhBbAa
AtFaAa
YoNbAa
IsTaAa
QgKbAa
FiEbAa
IrPaAa
MgPaAa
RtJaAa
PeAaAa
KfAaAa
MtYaAa
RaDaAa
XgEaAa
OnIbAa
SmCaAa
FtIaAa
AhCaAa
GkMbAa
KdRaAa
RoMaAa
DzDaAa
ObAbAa
NwBaAa
RbFaAa
RvJaAa
JpMaAa
EvHbAa
UhDaAa
GmJaAa
KoIaAa
KuCaAa
GyGbAa
VcWaAa
UmFaAa
AfNbAa
XqIbAa
VcIaAa
UsKaAa
OpFaAa
PrOaAa
KmEaAa
ZwLbAa
ZaBbAa
GrNaAa
UtFaAa
LxEaAa
EcLbAa
QhBaAa
VaAaAa
GiAaAa
VrAbAa
KoIaAa
OfAbAa
SmCaAa
RfNaAa
KbDaAa
WcLbAa
FeDaAa
FiEbAa
DeHaAa
WaAaAa
BaAaAa
OtNbAa
WgEaAa
HtRaAa
WdYbAa
ErUaAa
HlLbAa
MdJaAa
CvDbAa
YmOaAa
EeVbAa
LdHaAa
ZnBaAa
WrAaAa
UmFaAa
CrGaAa
LzEbAa
GvIaAa
XgZaAa
UmFaAa
MiGbAa
TeQaAa
XeDaAa
LqLaAa
JbGaAa
PpFaAa
GvIaAa
KmEaAa
PyRaAa
PsAaAa
CcYaAa
BoBaAa
SnGaAa
NhAaAa
GjQbAa
TmAaAa
FsBaAa
MsIaAa
MsIaAa
OiUbAa
SxUbAa
BvBaAa
DcWaAa
XiGaAa
MjZbAa
WoEbAa
ImHaAa
QlTaAa
XdAaAa
VlDaAa
PuJbAa
QcVaAa
LyBbAa
TgYaAa
YjQbAa
BiKaAa
JsTaAa
VnGbAa
QmLbAa
WdAaAa
CoCaAa
IdSaAa
FoPbAa
PiRbAa
EbNbAa
EpEaAa
VwAaAa
DnEaAa
KqGbAa
YkBbAa
RtBaAa
SnBbAa
ZlAaAa
TjVaAa
NfBaAa
XeZaAa
XoJaAa
KmEaAa
OfHbAa
KfAaAa
UcDbAa
YbSaAa
DlDaAa
UeMbAa
SbFaAa
FsBaAa
HzRaAa
EbXbAa
WxFaAa
JfAaAa
MbXaAa
ErLaAa
MwBaAa
VgRaAa
ScHaAa
JfAaAa
CoCaAa
OcMaAa
QcSaAa
JiBaAa
PcKbAa
BxJaAa
BzAaAa
DeDbAa
XiHaAa
YsCaAa
GpEaAa
HkWbAa
YrRaAa
MpXbAa
ZlJbAa
YyGbAa
KvPbAa
VaAaAa
AuAaAa
YeIbAa
UoCaAa
PxAaAa
TbCbAa
CeQaAa
VuIbAa
HaHbAa
OjHaAa
GcAbAa
RgKaAa
UtFbAa
JaSbAa
AvTaAa
FeBbAa
TfPaAa
LdDbAa
FeTaAa
KzWaAa
StFaAa
TzAaAa
EcTaAa
OpFaAa
EpNaAa
YbSaAa
XeCaAa
VuIbAa
FxFbAa
LuLaAa
GcBbAa
MsIaAa
IhFbAa
MzQbAa
MoNaAa
HkTaAa
BmSaAa
BuMbAa
GmJaAa
JuTaAa
FfQbAa
WgEaAa
CnNaAa
FbEaAa
FiJaAa
CjCaAa
IiNaAa
BaAaAa
DgAaAa
BcRaAa
VaObAa
TjAaAa
DtFbAa
NfOaAa
GiAaAa
FmOaAa
QbLaAa
HtRaAa
KqBbAa
YvYbAa
KoIaAa
JcAaAa
OfAbAa
BmSaAa
EpQbAa
TaQaAa
SfWbAa
ZqTaAa
DnGbAa
HqTaAa
KjSaAa
XuDaAa
DoXbAa
XpEaAa
JdEaAa
EoKaAa
RxLbAa
KnSaAa
DhPaAa
AcHaAa
OxAaAa
IcLaAa
RdSbAa
QoPaAa
OjXbAa
SlNaAa
IoZaAa
GkJaAa
YaFaAa
HtAaAa
LtXaAa
VwAaAa
TjVaAa
ZxHaAa
JwJaAa
HtJbAa
BzJaAa
JnYaAa
BwEaAa
NnWaAa
CmXaAa
GcAbAa
FlPaAa
AhCaAa
GkBbAa
WwGbAa
XxCaAa
IxQaAa
EySaAa
PyRaAa
MkBaAa
ViHbAa
KfAaAa
EgWaAa
ZgIaAa
AfLaAa
ImGaAa
LrKaAa
ZqTaAa
IyAaAa
DvCaAa
AjIaAa
TcDbAa
RiFbAa
PeAaAa
GlAaAa
GbTbAa
FqPbAa
ZgCaAa
PsAaAa
GzCaAa
VlDaAa
CdAaAa
JcAaAa
QmLbAa
EgEbAa
BsXaAa
RwNaAa
QcEaAa
GqJaAa
UaJbAa
ZzFaAa
WdAaAa
HmOaAa
YbTbAa
SaDaAa
SaDaAa
FfFaAa
NwFbAa
GhQbAa
BkYaAa
ZvNaAa
FnDaAa
FvYbAa
FsBaAa
NdWaAa
NgGbAa
AlEaAa
KiDaAa
OxAaAa
SlVaAa
VoWaAa
SpTbAa
IhKbAa
AtFaAa
StTaAa
YiCbAa
HvNaAa
NpCaAa
EbNbAa
TzAaAa
PbAaAa
UrGaAa
VuKaAa
HgIaAa
PpFaAa
ViWaAa
OpOaAa
EbBaAa
MkBaAa
GfFaAa
DnGbAa
SfPbAa
YsBaAa
AtFaAa
WxCaAa
MbLbAa
PeKaAa
KsBbAa
LrMbAa
AhNaAa
LaKaAa
QcBaAa
YiIbAa
OtNbAa
ZgCaAa
DbKaAa
NwFbAa
ZaBbAa
QjEbAa
UxBbAa
NnEbAa
ItAaAa
PjBbAa
MsLaAa
OjJaAa
HeIaAa
OpEbAa
MyObAa
FvYbAa
SoBaAa
KqAaAa
ZuOaAa
HzFaAa
DhPaAa
EsWaAa
MkAaAa
MmEaAa
WpRbAa
WrUaAa
YeIbAa
WoPbAa
KfAaAa
OaSaAa
PjSbAa
CiQaAa
FoFaAa
TiQaAa
VsEbAa
JgLaAa
BdLaAa
BjLaAa
SfWbAa
PuUaAa
FnDaAa
PgFaAa
BhLaAa
PxAaAa
GkCbAa
FiOaAa
SkFaAa
MtKaAa
GkCbAa
EvFbAa
HcNaAa
RaVaAa
HvJbAa
QrFaAa
WgGaAa
PkMaAa
AsPaAa
VfGbAa
SnIaAa
GnDaAa
GiCbAa
XzYbAa
WqEbAa
WlRbAa
XvYbAa
VxLaAa
UwSaAa
PkMaAa
VuIbAa
EcLbAa
WoFaAa
TyNaAa
OtNbAa
CaXaAa
PhTaAa
DgAaAa
CqYaAa
GfKbAa
GnDaAa
KnObAa
BsXaAa
GiJaAa
KoIaAa
MdObAa
UsKaAa
MwBaAa
RcBaAa
CwAaAa
XzYbAa
FnDaAa
EySaAa
HrPaAa
TsYbAa
KfAaAa
NoDbAa
CjCaAa
GlAaAa
TuAaAa
DdTbAa
WlUbAa
LgPaAa
LcUaAa
NoUbAa
EtAbAa
PmKbAa
PbAaAa
AcHaAa
ObAbAa
PhHbAa
NhAaAa
CeXaAa
QgRbAa
BmObAa
WlBaAa
ApZaAa
DhPaAa
TcRbAa
MbTaAa
NfOaAa
FtHaAa
LtXbAa
HyAaAa
UmFaAa
BnTbAa
OgQbAa
LyVbAa
SvTaAa
BaRaAa
WsCbAa
OwGaAa
TbIbAa
YnDaAa
KyDaAa
WwGbAa
XxMbAa
OaZbAa
IiBaAa
AlEaAa
SiJbAa
GjRbAa
FcOaAa
ZaHbAa
BkYaAa
QaVaAa
IyAaAa
XpEaAa
EcTaAa
LtDaAa
ZbEaAa
VaAaAa
ZuZaAa
QyBaAa
TbUaAa
NkAaAa
IcAaAa
EsCbAa
SnGaAa
JrObAa
ZlAaAa
UvFaAa
PkMaAa
CdAaAa
DcDaAa
QnTaAa
FzLaAa
IiNaAa
IiEaAa
ZxUaAa
NxMaAa
QcBaAa
SpTbAa
ZoAaAa
UoCaAa
JzBaAa
YlMaAa
BaAaAa
VdAaAa
MlHbAa
ZgCaAa
DwAaAa
XbEaAa
ImHaAa
ImHaAa
HrQaAa
GlCaAa
EoWaAa
TcDbAa
PjEbAa
FyVaAa
VhTbAa
UjBaAa
OpFaAa
DeHaAa
JqAaAa
LxXaAa
PrOaAa
EoFaAa
VuIbAa
SqSaAa
DgAaAa
YeIbAa
AlEaAa
GjQbAa
VeHaAa
FgAaAa
LvAaAa
PqEaAa
SdPbAa
IhKbAa
DjTbAa
ErUaAa
UzAaAa
ZeNaAa
VuKaAa
EbBaAa
PnIbAa
HhFaAa
PmKbAa
UgQaAa
MlHbAa
AhCaAa
PhBaAa
JrXaAa
YnPaAa
KaUaAa
LyVbAa
MuFbAa
KoIaAa
NnWaAa
NkCaAa
PyCaAa
ShCaAa
JyJaAa
LyBbAa
EuDaAa
KiDaAa
ImTaAa
EvFbAa
MfRaAa
JoHaAa
EbNbAa
UqMbAa
PpKaAa
WpRbAa
KqGaAa
OaGbAa
GnDaAa
JuUbAa
MnFaAa
HsBaAa
MkAaAa
ZqTaAa
AfPbAa
EdGbAa
ImTaAa
GiAaAa
ViHbAa
NnEbAa
UrHaAa
SfPbAa
AlNaAa
UeGaAa
FfMaAa
YkZaAa
HrQaAa
GfKbAa
ElGbAa
CwSaAa
UeEaAa
LrSaAa
CiDbAa
RwPaAa
QlZaAa
NdZaAa
EeZaAa
JpJbAa
IyAaAa
EpEaAa
KiDaAa
BjBaAa
HsCaAa
FjMaAa
LdCaAa
ZrPaAa
OqNaAa
TsDaAa
NhEbAa
KvAaAa
MuFbAa
ZgCaAa
ZaPaAa
PuJbAa
PeKbAa
MyDaAa
DwAaAa
TpHaAa
RpVaAa
XgEaAa
YvQaAa
FfFaAa
AuWbAa
OfHbAa
RzKaAa
AvTaAa
YvIaAa
BjBaAa
MtKaAa
YrNaAa
VdAaAa
ZlAaAa
TbIbAa
CcDaAa
WaObAa
WaAaAa
AoJbAa
HaHbAa
VrAaAa
NkAaAa
EsEbAa
KmEaAa
VnGbAa
BpGaAa
KsBbAa
GoIbAa
JkIaAa
BcGaAa
NhHaAa
NnAaAa
QwJbAa
IhKbAa
KiDaAa
RbFaAa
FtIaAa
TbCbAa
IxQaAa
RvDaAa
ZkPbAa
SlYbAa
XmOaAa
QsJbAa
OjHaAa
EsWaAa
MsIaAa
KoIaAa
PgFaAa
CaJaAa
ZxIaAa
NvCbAa
UjAaAa
PfDaAa
UeBaAa
UeXaAa
ErUaAa
VyEaAa
TpIaAa
VqBaAa
UqYaAa
HrQaAa
DvCaAa
KnCaAa
BaAaAa
YsCaAa
RjNaAa
YbTbAa
GkBbAa
AhNaAa
CqYaAa
KyUbAa
ToHbAa
IoTaAa
EqWaAa
AjIaAa
YnPaAa
XiWbAa
XdKaAa
NhEbAa
VeHaAa
MuFbAa
AfPbAa
BaRaAa
VxLaAa
FbEaAa
DjCaAa
AmAaAa
RyPaAa
OgVaAa
DgAaAa
TsYbAa
ZwLbAa
KbUbAa
SmCaAa
KpYaAa
NdOaAa
LjKaAa
NgGbAa
HxIaAa
QzOaAa
DaAaAa
HkTaAa
DyEaAa
BiKaAa
ApZaAa
IcAaAa
HrPaAa
KjLbAa
ArVaAa
TcHaAa
RdWbAa
NnAaAa
LpHbAa
FzLaAa
LpYaAa
QcEaAa
YbBaAa
KfAaAa
RrTbAa
VaAaAa
DjTbAa
PhZaAa
HqFaAa
PhTaAa
JdBaAa
MfMbAa
StBaAa
WdAaAa
HzGaAa
CbCbAa
IxQaAa
FeCaAa
OfHbAa
CmRaAa
UaJbAa
PhBaAa
DvBaAa
IsFaAa
YfKbAa
JyAbAa
ZvXbAa
WsCbAa
EoKaAa
BeBaAa
XgBbAa
ZgCaAa
IpQaAa
FyVaAa
PvQbAa
ZeNaAa
SqDaAa
VhTbAa
NaYbAa
CmXaAa
PkKbAa
EaLbAa
PmQbAa
TjAaAa
KaWbAa
PeAaAa
HvNaAa
KoIaAa
ZaBbAa
RiSaAa
GmWbAa
XiMbAa
AnBbAa
KqGbAa
LdHaAa
KrSaAa
WoKaAa
FgBbAa
KoIaAa
QcEaAa
TpHaAa
VcDaAa
AvTaAa
GjQbAa
GwVaAa
EeDaAa
SoBaAa
BsYbAa
NrCaAa
VdFaAa
KyDaAa
FmEbAa
RgKaAa
CqYaAa
ZgCaAa
ZaFaAa
PqNaAa
IaFaAa
DoSbAa
EbBaAa
VaOaAa
GfFaAa
HaHbAa
IsFaAa
JmTbAa
HyAaAa
BmVbAa
QhBaAa
GfFaAa
LlFaAa
TgXaAa
VxFaAa
FmOaAa
KgUaAa
TrIaAa
YeDaAa
SnBbAa
AfNbAa
RyBaAa
LjKaAa
NhJaAa
XpNaAa
KfAaAa
VeGaAa
KiCaAa
RvOaAa
MnWaAa
LoBbAa
DmWaAa
EuDaAa
DvCaAa
CcYaAa
QrJaAa
WlDaAa
JfAaAa
TnLaAa
CeEaAa
TdPaAa
ShDaAa
HtRaAa
QmLbAa
FiMbAa
LsDbAa
SlEaAa
FgEaAa
ZnBaAa
OfHbAa
UrGaAa
VeHaAa
KoHaAa
QlGaAa
IwZaAa
RgJbAa
EiVbAa
EmKaAa
UrAbAa
FsBaAa
ImHaAa
VhTbAa
PjSbAa
QwUaAa
TdSbAa
TqHbAa
RiSaAa
DgAaAa
IwZaAa
XxXbAa
YbBaAa
QcBaAa
EbXbAa
CrGaAa
YkZaAa
IgIbAa
ZzCaAa
YrNaAa
RyPaAa
LtDaAa
ErUaAa
RjNaAa
XgBaAa
PjEbAa
KtXaAa
VcWaAa
ZkZaAa
EtDbAa
GwVaAa
EfGbAa
TiJbAa
DiXaAa
IiBaAa
KfAaAa
YzLaAa
MrYaAa
BaAaAa
LtXbAa
CcYaAa
YoAaAa
TkXaAa
QwJbAa
GwKbAa
BjLaAa
EcLbAa
RwNaAa
MkAaAa
ScRbAa
FvYbAa
IlCaAa
XeCaAa
EbBaAa
MaNbAa
DaAaAa
FqEbAa
SqDaAa
RyBaAa
QxKaAa
HhFaAa
VdAaAa
VwSaAa
SoBaAa
OlCbAa
HfFaAa
GbSaAa
WsCbAa
UsKaAa
XyVaAa
SmCaAa
GiAaAa
NkBaAa
IgIbAa
JqAaAa
UoCaAa
KdEaAa
UqYaAa
FeTaAa
JcAaAa
LhXaAa
QdIbAa
VuKaAa
MaNbAa
BaRaAa
EeObAa
GvIaAa
ZnBaAa
XeBbAa
IaPaAa
EtIaAa
WaAaAa
WdAaAa
DoXbAa
CmVbAa
JeSbAa
VjCaAa
VrUbAa
CcYaAa
WpNaAa
LjKaAa
TcRbAa
OkCaAa
ZaFaAa
WaAaAa
FwNbAa
TrIaAa
UrIaAa
EuYaAa
DaXaAa
FgZaAa
FiOaAa
IgIbAa
DdTbAa
GzCaAa
KnSaAa
NrCaAa
PhBaAa
LbUbAa
SmCaAa
CxFaAa
WaAaAa
BnLaAa
YaFaAa
JfAaAa
XxXbAa
SfUaAa
TyWaAa
CcDaAa
StCaAa
QpNbAa
BuAaAa
EsEbAa
NeQbAa
LhYaAa
XdKaAa
RgKaAa
FbBaAa
HiEaAa
ZmZaAa
YkHaAa
JfAaAa
TjAaAa
AcHaAa
IiAaAa
XfMaAa
KdQaAa
TkXaAa
DcIaAa
KdGaAa
JdEaAa
FiEbAa
OaTbAa
NfObAa
LiDaAa
YvQaAa
QlTaAa
AfWbAa
AzAaAa
KcFaAa
JrObAa
XbEaAa
OgQbAa
XiGaAa
GvIaAa
CiDbAa
KiDaAa
NoUbAa
AaQaAa
IkEaAa
OsUaAa
UpAbAa
CzDaAa
SxUbAa
OaZbAa
EjGbAa
TkSaAa
LzNaAa
VwMaAa
CzDaAa
YtUaAa
MnCaAa
KcHbAa
YwKaAa
UaXaAa
VaAaAa
AzAaAa
TxZaAa
DnUaAa
JdEaAa
KvPbAa
NhJaAa
OkCaAa
ScHaAa
PyLaAa
TqSaAa
WhPaAa
KiDaAa
TgYaAa
KdEaAa
BaAaAa
CqYaAa
WgOaAa
RdSbAa
EjPaAa
IlJbAa
LyRbAa
AlEaAa
PfIaAa
XmOaAa
KhQaAa
GjRbAa
LsFbAa
RzKaAa
YjQbAa
UnEaAa
XhUbAa
HuOaAa
OpFaAa
UgYaAa
BwEaAa
KaUaAa
NoDbAa
WlDaAa
BsDaAa
FsBaAa
GaFaAa
TeQaAa
SeAaAa
VtVbAa
CjCaAa
EvHbAa
IzUaAa
DdFaAa
XyVaAa
EbBaAa
LrSbAa
BmSaAa
CwSaAa
NdWaAa
KmEaAa
CvBaAa
PeAaAa
BkYaAa
VsIbAa
VrUbAa
SaQaAa
YyGbAa
BpLaAa
ZgSbAa
FiOaAa
WdAaAa
ImHaAa
JgLaAa
ZgCaAa
VqBaAa
MoEaAa
AuEaAa
EdYbAa
AyQaAa
ReSaAa
GaOaAa
PhBaAa
CaAaAa
SpTbAa
PhEaAa
ZuZaAa
TyWaAa
VrAaAa
EnUbAa
NkCaAa
AlEaAa
PxKaAa
UsKaAa
CjCaAa
DcDaAa
BiDbAa
BcRaAa
AoBaAa
BaRaAa
FuDaAa
LsLaAa
AaHaAa
PmPaAa
XiEbAa
WcTaAa
DhUaAa
HkTaAa
QcBaAa
WaAaAa
SlNaAa
PhTaAa
CdAaAa
MdJaAa
IcAaAa
DgAaAa
WoCaAa
CaAaAa
CdAaAa
ExCaAa
IwOaAa
PpOaAa
AzAaAa
YjQbAa
YoAaAa
DgMbAa
EyNbAa
BvFaAa
FnDaAa
PjEbAa
CwAaAa
NcKaAa
XxXbAa
CwSaAa
UnNaAa
DhPaAa
TwEaAa
TcDbAa
QcEaAa
KeSbAa
QcBaAa
NdDaAa
PeAaAa
KtXaAa
OhAaAa
TsSbAa
ZvPaAa
MdJaAa
FpUbAa
IyAaAa
DgAaAa
KfAaAa
JgLaAa
MbLbAa
XjMaAa
NoRbAa
TeBaAa
RaDaAa
DyEbAa
MdZaAa
RaDaAa
PeAaAa
OsAaAa
QmMaAa
ZlAaAa
GjUbAa
SlIaAa
UqMbAa
WlBaAa
LcUaAa
NnAaAa
BdPbAa
FtHaAa
FeCaAa
XqOaAa
YsCaAa
JbGaAa
PfIaAa
RaHaAa
VhPaAa
EpNaAa
FcMbAa
DwAaAa
AhNaAa
LsLaAa
JzBaAa
CjCaAa
EiRaAa
VuKaAa
CwSaAa
VbKaAa
AtQbAa
SiJbAa
DsSaAa
OsAaAa
KfAaAa
FoIbAa
YvUaAa
MtPbAa
XzLaAa
MnWaAa
OpOaAa
QnTaAa
MbTaAa
YiTaAa
VaAaAa
TpHaAa
KbCaAa
UsKaAa
LdRaAa
RiSaAa
VtLbAa
WgBaAa
NlEbAa
MdVbAa
AmYaAa
VdAaAa
OpFaAa
JhKaAa
WpRbAa
BpHaAa
JhFbAa
UyXaAa
XgBbAa
VrAaAa
LvEbAa
DgAaAa
QyBaAa
IcAaAa
CsPbAa
XvYbAa
LxXaAa
YkBbAa
ZtRaAa
MtKaAa
OjMbAa
EmWaAa
UsKaAa
JfAaAa
FbNbAa
GrNaAa
IeWbAa
NkCaAa
XeDaAa
PuNaAa
QyBaAa
GfFaAa
CsPbAa
YaFaAa
GkHaAa
ErAaAa
JoHaAa
WeMbAa
YsCaAa
MpXbAa
NhJaAa
ScQaAa
HxHaAa
TsSbAa
TpLaAa
AhDaAa
FvHaAa
KdRbAa
YwKaAa
BzAaAa
JjFaAa
LtDaAa
FzFbAa
JfSaAa
MzQbAa
OhBbAa
JfAaAa
XoJaAa
ZzFaAa
DdAaAa
MfLbAa
FvHaAa
UaIaAa
MdOaAa
WlBaAa
KrSaAa
LdEaAa
XbEaAa
BzAaAa
JhKbAa
DdAaAa
EcOaAa
HqTaAa
StFaAa
MuBbAa
XgEaAa
FoIbAa
RbFaAa
DsEbAa
ZnBaAa
HiAaAa
RcBaAa
DaOaAa
FnDaAa
SxLbAa
KgUaAa
TmAaAa
HtAaAa
NpPbAa
XbEaAa
NsAbAa
XeDaAa
UjDaAa
LgPaAa
MnAaAa
PjSbAa
BuAaAa
SdNbAa
HzCaAa
FvHbAa
DgAaAa
IwZaAa
OaSaAa
HjUbAa
VmXbAa
ZwLbAa
FsCbAa
SoBaAa
VwAaAa
TbCbAa
NpPbAa
ZsOaAa
KiDaAa
CzDaAa
CvBaAa
TuXaAa
CjCaAa
YaFaAa
TrIaAa
AtTaAa
RcFbAa
ZlAaAa
WxFaAa
XnQbAa
PaSaAa
ZgCaAa
CrGaAa
VdAaAa
EcLbAa
GcEbAa
HrEaAa
VcWaAa
EjPaAa
FiJaAa
MlKaAa
EnRbAa
FjMaAa
WaAaAa
VjCaAa
MwBaAa
RbPaAa
CgDbAa
EoFaAa
KyTaAa
WnUaAa
CcYaAa
JiBaAa
ZxUaAa
TxVbAa
HkSbAa
NoDbAa
MhMbAa
DgAaAa
IsVaAa
YyGbAa
UiYaAa
BjNbAa
YnDaAa
XoJaAa
SlYbAa
EdGbAa
MuGaAa
ZeNaAa
OxGbAa
DoXbAa
UeXaAa
XmOaAa
XjMaAa
AmAaAa
ShCaAa
MuFbAa
ZyOaAa
IsJaAa
VbKaAa
ImTaAa
PuJbAa
DpUaAa
QcBaAa
ZaFaAa
XlBaAa
OcQbAa
JzIaAa
MrYaAa
DoSbAa
DcWaAa
DeHaAa
DaWaAa
OlXbAa
OkAaAa
ZlAaAa
HzRaAa
MoUaAa
FuDaAa
IqFaAa
QvDaAa
FvHbAa
LcFaAa
RoJbAa
LpBaAa
LsLaAa
KqGaAa
FtHaAa
OqNaAa
LsDbAa
CaXaAa
FfQbAa
BfNbAa
MzQbAa
KqGaAa
EuYaAa
RjYbAa
LsLaAa
QmPaAa
KpDaAa
LvEbAa
TfPaAa
SvTaAa
SaDaAa
QaVaAa
WmIbAa
MkAaAa
LvEbAa
OhAaAa
IhKbAa
IcLaAa
BmSaAa
XbEaAa
AmAaAa
XiJaAa
UzObAa
KuFaAa
IgDaAa
KrSaAa
HqFaAa
StFaAa
WiHaAa
UsPbAa
QeUbAa
XtIaAa
OwGaAa
UzObAa
WjPaAa
XlDaAa
FvYbAa
YnDaAa
GwKbAa
PcKbAa
SnHaAa
TsSbAa
PjEbAa
QyBaAa
GiAaAa
PeAaAa
HyAaAa
MbTaAa
GlCaAa
DzDaAa
VgRaAa
MwBaAa
EpEaAa
XjPaAa
MaNbAa
IgIbAa
SqXaAa
HrQaAa
OyWbAa
FgAaAa
ToBaAa
VaAaAa
BxDbAa
LyBbAa
ZtRaAa
IoTaAa
EbBaAa
EsCbAa
QcBaAa
SoBaAa
HlCaAa
MoAbAa
QtJaAa
ZgIaAa
LcFaAa
MwBaAa
KiDaAa
QaVaAa
ChUaAa
JuKbAa
DsIbAa
TgXaAa
InBaAa
MwBaAa
ApZaAa
PyGaAa
OgQbAa
UvBaAa
KaUaAa
VgRaAa
YfKbAa
YjQbAa
FwKaAa
LvEbAa
MdJaAa
LlFaAa
SlEaAa
HfKaAa
VuCbAa
VuIbAa
LzNaAa
UrGaAa
HvJbAa
FyMaAa
AlNaAa
CdPbAa
TzJaAa
EnRbAa
JpMaAa
QsQaAa
BqMaAa
FeTaAa
BsDaAa
EjPaAa
PuJbAa
JnJbAa
NwFbAa
HdKbAa
GkHaAa
KbCaAa
RfNbAa
AuWbAa
AhXbAa
UhVaAa
UhGbAa
SyIaAa
CcYaAa
CaAaAa
OhHbAa
VdAaAa
AqRaAa
JgLaAa
BeBaAa
BaAaAa
PgFaAa
KmNaAa
LcUaAa
DgMbAa
LzEbAa
EvFbAa
RaGaAa
EcOaAa
ZzGaAa
SaQaAa
TdPaAa
IgSbAa
AiKbAa
JfAaAa
JdEaAa
TpHaAa
YjQbAa
CjCaAa
HyAaAa
WxFaAa
KtXaAa
DaWaAa
ItEaAa
VrAaAa
LdCaAa
XuDaAa
WrUaAa
BjLaAa
KvPbAa
CqYaAa
ZaFaAa
CaYaAa
VlDaAa
JzQaAa
YtIaAa
TdUaAa
EyYaAa
WpNaAa
SoBaAa
UtFbAa
BqDaAa
RyIaAa
RwPaAa
RmJbAa
YoAaAa
NdMbAa
DxCaAa
SpTbAa
TpLaAa
LlFaAa
VaOaAa
NcKaAa
JpSaAa
EvFbAa
YpPaAa
QwQaAa
JnYaAa
UoHbAa
UwSaAa
LtDaAa
FwKaAa
UeMbAa
KbUbAa
FiOaAa
IbHaAa
YkGaAa
RgJbAa
ChLaAa
CwSaAa
LqHaAa
ZuOaAa
NkCaAa
JmTbAa
FiEbAa
YqJaAa
RiFaAa
EuDaAa
AhCaAa
SqSaAa
UcYaAa
QlHaAa
WaAaAa
XmCbAa
KoIaAa
VqBaAa
SvTaAa
TjVaAa
SkFaAa
LcFaAa
NlOaAa
IeWbAa
KmEaAa
RoMaAa
PeAaAa
CjLaAa
RtBaAa
QuUaAa
MfBaAa
YdKaAa
WgGaAa
SiSaAa
RmCaAa
MbTaAa
JcAaAa
OqRbAa
KbUbAa
YkPbAa
NtWaAa
WcLbAa
DeHaAa
VaWaAa
LfAaAa
GwVaAa
YnPaAa
QjIbAa
CeGaAa
WdYbAa
VqXbAa
AuAaAa
KmNaAa
OpKaAa
LdHaAa
LbYaAa
PgFaAa
DwXaAa
PeAaAa
MmUaAa
LrSaAa
DnGbAa
TsYbAa
OxAaAa
ZsOaAa
NhAaAa
QvDaAa
QyBaAa
OlCbAa
RpVaAa
OdBbAa
IrQaAa
SoBaAa
MnFaAa
XmOaAa
DhPaAa
EiRaAa
MiGbAa
DlDaAa
LgTbAa
XiMbAa
DwSaAa
SfPbAa
EgEaAa
IyAaAa
CeGaAa
SoBaAa
OjMbAa
TcDbAa
OjMbAa
AuEaAa
MnFaAa
PuJbAa
XkPbAa
PuJbAa
QlGaAa
HuOaAa
IiBaAa
KmEaAa
EbBaAa
JyAbAa
ShCaAa
TkFaAa
CcCaAa
TdPaAa
AhDaAa
PuNaAa
VyCbAa
UnUaAa
NoDbAa
DbKaAa
ZiTaAa
PhBaAa
KyTaAa
ZaPaAa
PsAaAa
WdAaAa
FeBbAa
KdRaAa
KdGaAa
FoIbAa
QcBaAa
JwJaAa
NkAaAa
WoKaAa
WqEbAa
EgHaAa
CnNaAa
TdUaAa
UtBbAa
IpQaAa
ItPaAa
CzAaAa
EvFbAa
ViWaAa
MkAaAa
ToBaAa
FgAaAa
DjCaAa
CeXaAa
FbNbAa
ScHaAa
SkAbAa
JfAaAa
FgZaAa
TsXaAa
JmLaAa
DmWaAa
HkZaAa
KcFaAa
MbRbAa
HgCaAa
EuDaAa
OxAaAa
HtRaAa
TcDbAa
JnYaAa
BhLaAa
GrNaAa
VmAaAa
KfAaAa
AoDaAa
NrCbAa
CeEaAa
EoKaAa
OsHaAa
JdFbAa
TrQbAa
KaSbAa
MuFbAa
XzSbAa
FsBaAa
VyEaAa
BiKaAa
IiBaAa
CeRaAa
RcFbAa
VaAaAa
DmSaAa
TrIaAa
CcDaAa
OaTbAa
ZrPaAa
UsDaAa
WxCaAa
YxBaAa
GiEbAa
IkEaAa
PmKbAa
TzAaAa
TrQbAa
IsFaAa
PmBaAa
IcLaAa
MoEaAa
FySaAa
SaDaAa
MwBaAa
XzSbAa
OsUaAa
DjTbAa
WmIbAa
RdSbAa
FsBaAa
WlDaAa
HxUaAa
WpRbAa
JnYaAa
NhRaAa
XqOaAa
XsCbAa
MtMaAa
PhBaAa
ZlAaAa
EuDaAa
WpNaAa
UrIaAa
SoBaAa
NzKbAa
PfTaAa
VaAaAa
MvMaAa
EuDaAa
JnYaAa
OtNbAa
SpTbAa
PvDaAa
BbWbAa
WyMaAa
WySaAa
ErHaAa
NyLaAa
EgEaAa
CrGbAa
QlTaAa
MuBbAa
VkOaAa
NnEbAa
ZmZaAa
ImGaAa
FgAaAa
JkIaAa
TbUaAa
WzAaAa
ZaBbAa
XzLaAa
WeOaAa
DyEbAa
VxFaAa
UwXaAa
MjZbAa
PjZaAa
OiQbAa
CmSaAa
ZrEaAa
TdUaAa
VoCaAa
ZaPaAa
WoKaAa
EjGbAa
TaQaAa
XeDaAa
NsHaAa
LdHaAa
FnDaAa
BqMaAa
CtBbAa
WaAaAa
FhUbAa
RrZaAa
NoUbAa
EbNbAa
WwGbAa
WdYbAa
ZaBbAa
JwUbAa
TvFaAa
AfPbAa
MuBbAa
YiZaAa
DgJaAa
XmCbAa
IxHaAa
GiCbAa
QzKaAa
SfWbAa
SlEaAa
BiDbAa
IhKbAa
RfNaAa
WmIbAa
SpZaAa
IhFbAa
IwDaAa
WgHaAa
WiMbAa
LcUaAa
SlNaAa
UeMbAa
GzCaAa
MaPbAa
VdAaAa
JwUbAa
EnFbAa
OqRbAa
FqPbAa
ZgCaAa
BxUbAa
DxCaAa
GkJaAa
VuKaAa
OpFaAa
RmYaAa
CaJaAa
YmWbAa
CgDbAa
XlBaAa
PhTaAa
SnIaAa
OsUaAa
XqOaAa
MzKbAa
OsUaAa
QyBaAa
MyBbAa
OzEaAa
FfQbAa
XdYbAa
FeBbAa
XoOaAa
NeFaAa
TeQaAa
XbEaAa
TdUaAa
OhBbAa
VlDaAa
LdCaAa
NdIaAa
YnPaAa
RtCaAa
FoFaAa
JgLaAa
StFaAa
UvBaAa
NvCbAa
YaAaAa
UjDaAa
LdDbAa
IqTaAa
MhMbAa
BzJaAa
UrIaAa
RjYbAa
RdSbAa
PcKbAa
SxDaAa
FoIbAa
ZaFaAa
HiAaAa
GlCaAa
BaQaAa
JzQaAa
ShCaAa
JcPaAa
PuNaAa
DcWaAa
QcEaAa
KdRaAa
EhTbAa
NkAaAa
XvYbAa
GgZaAa
XpLbAa
ViHbAa
KyTaAa
NdIaAa
YaAaAa
EyYaAa
DoSbAa
SaDaAa
QcEaAa
TzAaAa
WxFaAa
RaDaAa
BaRaAa
PjGaAa
WlBaAa
CkRaAa
NhJaAa
CrAaAa
VhVaAa
EgBaAa
MxSaAa
KiCaAa
MrWaAa
AtTaAa
HiEaAa
AwNaAa
LbJaAa
KyDaAa
PiQbAa
XeBbAa
PcKbAa
UmFaAa
QzKaAa
AcHaAa
FxFbAa
CxDbAa
NbDaAa
JfAaAa
MhMbAa
DsEbAa
QyBaAa
NoDbAa
OhBbAa
VfGbAa
UiJbAa
IsFaAa
GiAaAa
CwAaAa
BaAaAa
CoMbAa
TcHaAa
DkKaAa
LhYaAa
PkMaAa
CeXaAa
AjAaAa
RhIaAa
IcAaAa
XjMaAa
ZaBbAa
VoCaAa
IdSaAa
NqKbAa
LlFaAa
QcSaAa
KiDaAa
VaAaAa
TqMaAa
EzMbAa
NkAaAa
ZkTaAa
JoVaAa
BdPaAa
YrNaAa
EnFbAa
VqXbAa
HxIaAa
GqJaAa
LdDbAa
JoHaAa
TaJaAa
XfMaAa
OuHaAa
KaIbAa
JuUbAa
RtBaAa
ImHaAa
CzJaAa
MkAaAa
JfAaAa
ZmZaAa
QpAaAa
DuPbAa
BaRaAa
CnNaAa
JnYaAa
ErAaAa
HtAaAa
AyQaAa
JuKbAa
AhCaAa
AhCaAa
LaKaAa
BcGaAa
HkWbAa
WxCaAa
VjCaAa
WpNaAa
PrOaAa
WaAaAa
BaAaAa
LcUaAa
XxXbAa
UmFaAa
RdSbAa
JxNaAa
IyAaAa
HiAaAa
GxFbAa
FpDbAa
MuGaAa
UwEaAa
MwBaAa
RyJbAa
DgAaAa
DdAaAa
KtXaAa
CxFaAa
ZlJbAa
QmDbAa
DgAaAa
ImTaAa
NdEbAa
AfPbAa
YpPaAa
JwZaAa
GzCaAa
FxBaAa
OpFaAa
IiNaAa
SmCaAa
WiMbAa
RmCaAa
DoSbAa
LqLaAa
YnDaAa
PhZaAa
FoIbAa
WaAaAa
TxDaAa
AzAaAa
StFaAa
BxAbAa
JwJaAa
BbWbAa
AqDaAa
GzCaAa
TjAaAa
GoCbAa
LlFaAa
TsYbAa
LdCaAa
FeDaAa
QcBaAa
QzKaAa
ScHaAa
CqYaAa
FmOaAa
QzOaAa
NdEbAa
JoZaAa
RhIaAa
CaAaAa
SnBbAa
TpHaAa
RoJbAa
FiJaAa
PbAaAa
LtXaAa
SfWbAa
FnDaAa
PfTaAa
KpYaAa
QzKaAa
JxNaAa
QcBaAa
MuBbAa
OpKaAa
PyRaAa
XqOaAa
OdZaAa
WwGbAa
TgXaAa
PjSbAa
EmKaAa
FeDaAa
PfDaAa
NkAaAa
OqRbAa
WqCbAa
LzNaAa
IvJbAa
MuBbAa
FgBaAa
CjCaAa
MjZbAa
QrFaAa
CeYaAa
SiJbAa
AtTaAa
XhUbAa
WbPbAa
JuUbAa
CoMbAa
VeHaAa
VpUaAa
YpPaAa
HrJbAa
RzKaAa
GdAaAa
EcTaAa
CsMaAa
JfAaAa
OaGbAa
CdAaAa
SaQaAa
JiBaAa
JjFaAa
SlYbAa
XmOaAa
QbAaAa
QwJbAa
FgBbAa
YeIbAa
ZgIaAa
VwMaAa
HqFaAa
JcAaAa
ZuOaAa
EvFbAa
RfNbAa
OhCbAa
BjBaAa
RgKaAa
OxGbAa
EjPaAa
DlDaAa
QlZaAa
XwKaAa
AyQaAa
AtCbAa
FzFbAa
KyTaAa
DcJbAa
VeLbAa
ZqTaAa
HrQaAa
RzOaAa
VgMbAa
GkJaAa
TcHaAa
CrAaAa
CoMbAa
RmJbAa
GqJaAa
TdUaAa
TzAaAa
DsSaAa
RfNbAa
VcDaAa
PyRaAa
OpOaAa
RmYaAa
CxFaAa
ZaBbAa
CrAaAa
KrSaAa
CaXaAa
JkIaAa
NvCbAa
SpZaAa
XwKaAa
TgYaAa
JjSaAa
HvNaAa
XwKaAa
DvCaAa
YrRaAa
SwNaAa
GiAaAa
KfAaAa
PeAaAa
UrGaAa
JwJaAa
JjFaAa
UmAaAa
WhPaAa
QjEaAa
PeAaAa
NkAaAa
BxDbAa
IbHaAa
HxHaAa
KtXaAa
MbWaAa
YzLaAa
CwAaAa
GkBbAa
LhXaAa
QzOaAa
ZaFaAa
PsAaAa
SlEaAa
ToHbAa
CaAaAa
KoTbAa
CdAaAa
SxDaAa
SxUbAa
ZxIaAa
IdSaAa
MaNbAa
AnBbAa
PhBaAa
KnObAa
WaAaAa
FfFaAa
JfAaAa
EiRaAa
WzXbAa
EpNaAa
AyQaAa
KlSaAa
UrGaAa
MlKaAa
MwLaAa
SpZaAa
NnEbAa
RoJbAa
WoOaAa
HlAaAa
HgTaAa
PrNbAa
ZeNaAa
VlDaAa
FbYbAa
WgEaAa
YnDaAa
KcAaAa
DpUaAa
CxFaAa
BjBaAa
EmRaAa
WaAaAa
SoBaAa
TcDbAa
PhBaAa
StCaAa
SuEaAa
DaYaAa
HyAaAa
EyYaAa
TcHaAa
FiJaAa
BfPaAa
FsBaAa
VaOaAa
PfDaAa
DmWaAa
WwGbAa
TqHbAa
GwKbAa
OsUaAa
TiJbAa
EuDaAa
LtMaAa
CjCaAa
QyBaAa
ZlAaAa
UqMbAa
YkHaAa
OxAaAa
VlDaAa
VhTbAa
KmEaAa
UnEaAa
WwGbAa
NuGaAa
UpFbAa
OrCaAa
GfKbAa
GkBbAa
NqHaAa
PuJbAa
TzAaAa
FjMaAa
WgOaAa
YaFaAa
CqYaAa
QcEaAa
WpRbAa
KvAaAa
WsCbAa
YyGbAa
PvDaAa
BiDbAa
UzBbAa
DoMbAa
RbFaAa
VoWaAa
UoCaAa
ChUaAa
ZlAaAa
QcBaAa
TiKaAa
JjSaAa
LtXbAa
ZvQaAa
JfAaAa
MfGaAa
MfBaAa
EyNbAa
HyAaAa
NsHaAa
AxLbAa
UvLaAa
IcLaAa
OhAaAa
CxFaAa
QrFaAa
PbNaAa
AdLaAa
GeIaAa
EpNaAa
RgJbAa
EdYbAa
VdAaAa
XoJaAa
KfAaAa
YrRaAa
FsCaAa
KbDbAa
EdGbAa
MsAbAa
VgRaAa
XjPaAa
MhWaAa
UoCaAa
LcUaAa
FeEbAa
PkRbAa
ZxUaAa
GiBbAa
IiNaAa
XzLaAa
AuAaAa
EcOaAa
FmOaAa
TeBaAa
NpPbAa
MtKaAa
KoIaAa
CcYaAa
VkOaAa
NhHaAa
UsSbAa
CaAaAa
KwJaAa
PyRaAa
KuUbAa
HaHbAa
VpFbAa
DsEbAa
TjAaAa
DgAaAa
ApZaAa
RmCaAa
GmJaAa
TrQbAa
QnTaAa
PeAaAa
WdAaAa
HxUaAa
LhYaAa
GjMaAa
TrIaAa
WoEbAa
UqYaAa
RcEaAa
PmKbAa
FtHaAa
MhObAa
GsCaAa
QfIbAa
EbBaAa
XzLaAa
PfTaAa
VtGaAa
TpVaAa
ImZaAa
UoCaAa
WlDaAa
OiQbAa
MwBaAa
RtBaAa
HyAaAa
VwAaAa
VdAaAa
YuVaAa
IpQaAa
AtTaAa
JwUbAa
RnHaAa
FbEaAa
CeGaAa
XgZaAa
RtBaAa
PmBaAa
GgBbAa
TzAaAa
BlEaAa
MoNaAa
OdCaAa
MdObAa
CzDaAa
EoFaAa
YbEaAa
RgKaAa
DoXbAa
LlRaAa
AjIaAa
RiFaAa
ClTbAa
ZlAaAa
WgEaAa
CoMbAa
JmLaAa
WyMaAa
MtEbAa
JcPaAa
OiQbAa
NsHaAa
RoJbAa
EuDaAa
MoAbAa
UhUaAa
VuKaAa
NoRbAa
ZsCaAa
PhBbAa
OpFaAa
UpFbAa
CdAaAa
FmOaAa
JuKbAa
BsYbAa
FtIaAa
AiJbAa
CjCaAa
CeYaAa
TdUaAa
VaOaAa
LwVbAa
DgAaAa
BdPaAa
MvMaAa
HiSbAa
BiKaAa
CiLbAa
WzDaAa
WvHbAa
GwVaAa
RmCaAa
SpTbAa
NoRbAa
WoKaAa
XzLaAa
IiAaAa
HkTaAa
IzUaAa
YyOaAa
JrObAa
GiAaAa
LcUaAa
PhTaAa
MdJaAa
CjCaAa
WpUaAa
AiJbAa
ZgCaAa
SnBbAa
OjXbAa
YiIbAa
CjCaAa
XgEaAa
BeBaAa
CzDaAa
FgAaAa
CgYaAa
MoAbAa
XvYbAa
TsYbAa
LzEbAa
YnPaAa
KqIaAa
VjAaAa
KrSaAa
YiWbAa
RcBaAa
GxGaAa
YvYbAa
CqYaAa
TlIaAa
EyTbAa
MhMbAa
QaVaAa
NsVbAa
NxMaAa
YbTbAa
ChUaAa
UuXaAa
ScBaAa
UpLaAa
WlUbAa
ZgCaAa
FgBbAa
ZrPaAa
TvFaAa
ImHaAa
ByNaAa
MjKaAa
WpRbAa
ZnPaAa
FeObAa
RlHaAa
EyYaAa
OjMbAa
IsFaAa
PyRaAa
RfCaAa
UzBbAa
TrIaAa
RfNaAa
VgRaAa
FgZaAa
EdGbAa
NnEbAa
RlTaAa
DcIaAa
AcHaAa
OaGbAa
JpJbAa
CeQaAa
WgRaAa
AcHaAa
EeDaAa
ScRbAa
SaVaAa
HgTaAa
LtXbAa
OhCbAa
CxFaAa
VcDaAa
KfAaAa
CrGaAa
UuEbAa
EnUbAa
RfSbAa
XiEbAa
ZuZaAa
JoHaAa
JcAaAa
EvFbAa
LvEbAa
DaYaAa
CqMbAa
PjMbAa
UeGaAa
GrNaAa
YfKbAa
PhEaAa
ZaPaAa
WoOaAa
RdSbAa
OwFbAa
OhAbAa
YrRaAa
KzBaAa
VoWaAa
QjEaAa
MtDaAa
EuDaAa
ZmZaAa
EgEaAa
LbUbAa
QcEaAa
XiWbAa
CeXaAa
LqIaAa
XeTaAa
CuSaAa
MaBaAa
SbFaAa
JuUbAa
LcFaAa
QyBaAa
EeCaAa
HdKbAa
MiGbAa
ImGaAa
BnTbAa
PcKbAa
EcTaAa
MzKbAa
SnGaAa
FzWbAa
QlZaAa
CcCaAa
YpLbAa
KqBbAa
PkKbAa
JzIaAa
MaNbAa
OfGaAa
XbEaAa
YvQaAa
UyEbAa
QsNaAa
KmNaAa
VcDaAa
OsAaAa
TzAaAa
CcDaAa
CmXaAa
HtAaAa
LvEaAa
EeZaAa
AhNaAa
KtXaAa
PfCaAa
AfWbAa
AmAaAa
XqOaAa
FbEaAa
HxHaAa
YvQaAa
TqMaAa
ZuOaAa
DhPaAa
LbJaAa
TlEaAa
CqMbAa
VdAaAa
ElGbAa
VqBaAa
LxXaAa
FjMaAa
GtUaAa
PyFaAa
PhBaAa
WpNaAa
NoRbAa
IvJbAa
VwAaAa
VeHaAa
LyBbAa
DvCaAa
FsCaAa
VyEaAa
KrSaAa
MvEbAa
QjIbAa
DnGbAa
OxAaAa
TtBaAa
LsLaAa
NvCbAa
JqVaAa
EmXbAa
ZuJaAa
QmLbAa
IiBaAa
LpBaAa
HrPaAa
ShDaAa
IaLaAa
MwBaAa
QlHaAa
AcHaAa
GkJaAa
IxQaAa
WpRbAa
HkTaAa
MdCaAa
PkMaAa
EsWaAa
RfNbAa
EuDaAa
FfMaAa
FcOaAa
VwMaAa
CxFaAa
LcFaAa
XgBaAa
UsDaAa
OiUbAa
YsBaAa
EyNbAa
LhXaAa
PhTaAa
BmAaAa
MjVbAa
FuYaAa
JdEaAa
TcDbAa
OsAaAa
TwEaAa
OfZaAa
VdTbAa
IcLaAa
NoRbAa
FvHaAa
KqIaAa
PbAaAa
SlIaAa
AyPaAa
PsUaAa
GqJaAa
VcObAa
QfIbAa
AzAaAa
FbYbAa
CcDaAa
CmXaAa
EcLbAa
ZgCaAa
XdKaAa
CwAaAa
XoAaAa
UwSaAa
WcLbAa
RbPaAa
HdKbAa
XzLaAa
RcFbAa
XgZaAa
LkDaAa
AuAaAa
QlGaAa
EpEaAa
HyKaAa
KbDaAa
KmEaAa
JtObAa
ChUaAa
QeAaAa
UnEaAa
TsDaAa
RlTaAa
AhDaAa
BcGaAa
KbUbAa
KaIbAa
IuQbAa
TpGbAa
EySaAa
KaIbAa
CiKaAa
UmFaAa
ScQaAa
PeAaAa
WqCaAa
KyDbAa
IxUaAa
LtDaAa
TwEaAa
IhKbAa
AhXbAa
IcAaAa
KaUaAa
MkAaAa
YyOaAa
TkXaAa
EiMbAa
WcLbAa
EgBaAa
IiBaAa
ShIaAa
JmTbAa
NxIbAa
ToHbAa
KfAaAa
TiDbAa
HyAaAa
XlBaAa
YbTbAa
EySaAa
QdWbAa
XiWbAa
QnTaAa
KiDaAa
GiCbAa
CwSaAa
BkYaAa
HrEaAa
VgEbAa
ZwLbAa
FtHaAa
GzCaAa
YvHaAa
MdZaAa
GiAaAa
KmEaAa
TjVaAa
SpZaAa
ExCaAa
AuEaAa
UyNaAa
NkAaAa
FeZaAa
OhCbAa
CrAaAa
XeBbAa
SpTbAa
DhTbAa
CcDaAa
CxFaAa
UuMaAa
NkAaAa
PhZaAa
PeAaAa
TzAaAa
BdPaAa
NkAaAa
UoCaAa
BaQaAa
RgJbAa
SfLaAa
FxFbAa
WoKaAa
RbLaAa
FsBaAa
CmXaAa
EeOaAa
JfSaAa
KsBbAa
BjBaAa
HvNaAa
TsDaAa
EyQbAa
RiFaAa
BhLaAa
EiMbAa
NbTaAa
TrIaAa
CaAaAa
UrIaAa
GzCaAa
BhLaAa
JuKbAa
PbAaAa
PgFaAa
EbKaAa
GjQbAa
UzObAa
MuFbAa
LdCaAa
EiRaAa
OhBbAa
LdDbAa
ImHaAa
FxBaAa
QyJbAa
KdEaAa
BpHaAa
FvYbAa
FgBbAa
JzBaAa
SbFaAa
DiXaAa
CtBbAa
PzZaAa
SaQaAa
YaFaAa
CkRaAa
ZuOaAa
EcOaAa
GfKbAa
WlBaAa
XmCbAa
TzJaAa
JyJaAa
LgTbAa
HtNaAa
WaAaAa
ZqTaAa
XbEaAa
McFaAa
WgBaAa
AlNaAa
YyOaAa
WpUaAa
QtJaAa
KfAaAa
OtCbAa
BkSaAa
NfBaAa
LbIaAa
MiGbAa
WiWaAa
RmCaAa
MsFbAa
DyEaAa
HtRaAa
LwFaAa
GkBbAa
TvTaAa
FtIaAa
KsBbAa
UwEbAa
EySaAa
EgHaAa
InMaAa
FjMaAa
KyDaAa
VoWaAa
VeHaAa
HlLbAa
CxFaAa
NqUaAa
FqEbAa
SnIaAa
DsSaAa
IhKbAa
XdKaAa
XgZaAa
NhJaAa
EgHaAa
UqYaAa
CcDaAa
VfGbAa
StCaAa
MiGbAa
LoBbAa
AyHaAa
ZsOaAa
QlBbAa
ZvXbAa
YsCaAa
NeQbAa
TfPaAa
RtBaAa
DjUaAa
NvCbAa
YkGaAa
XmOaAa
ZlCaAa
CdAaAa
WwGbAa
SiJbAa
BzAaAa
HyAaAa
NvCbAa
OhAaAa
AbPaAa
BvBaAa
IcAaAa
AmAbAa
QcEaAa
KnObAa
KfAaAa
OdOaAa
AuEaAa
JcPaAa
MzKbAa
PfDaAa
SnBbAa
BpLaAa
AlNaAa
PjEbAa
RtCaAa
FvGaAa
SfWbAa
DkKaAa
OsAaAa
QcBaAa
MsGaAa
XpRbAa
UlUaAa
EmKaAa
LdYaAa
FnDaAa
FwKaAa
KbDaAa
PbVbAa
LjKaAa
YiIbAa
GiBbAa
KdRaAa
RnHaAa
FiOaAa
XbZbAa
NwBaAa
KdGaAa
FoAaAa
EuDaAa
YbEaAa
GlAaAa
OhBbAa
QcEaAa
BvBaAa
SpZaAa
AfWbAa
UuMaAa
EaLbAa
LyVbAa
GzCaAa
NqKbAa
CiQaAa
WyMaAa
YkZaAa
FfQbAa
DbKaAa
RvJaAa
OsUaAa
OsAaAa
UeXaAa
BaAaAa
EeObAa
VoWaAa
LsLaAa
PvDaAa
IzUaAa
HdKbAa
YaFaAa
BaAaAa
PiQbAa
JfAaAa
AoBaAa
MtYaAa
RoDaAa
IkTaAa
NnAaAa
JdFbAa
KiDaAa
YjRbAa
MrWaAa
BjAaAa
QdWbAa
MfRaAa
KyAaAa
QfDaAa
LsDbAa
IzUaAa
MbLbAa
AjYbAa
HyAaAa
GwKbAa
AjNbAa
CoXaAa
BuAaAa
LhYaAa
SbFaAa
DcCaAa
YlMaAa
WoKaAa
UmAaAa
MoAbAa
VsIbAa
OzMaAa
DoSbAa
LgTbAa
CsPbAa
NpPbAa
PeAaAa
VaAaAa
WoFaAa
LyBbAa
IjFbAa
MuFbAa
ZwOaAa
KoIaAa
CaAaAa
FkKaAa
UiAbAa
MwBaAa
WlBaAa
DcIaAa
UhYbAa
EpEaAa
WsCbAa
FzWbAa
LcUaAa
FhUbAa
BzJaAa
PwIaAa
JhKaAa
GkHaAa
VlDaAa
PyRaAa
QtJaAa
BcGaAa
ImHaAa
FiOaAa
TiKaAa
EdGbAa
IeWbAa
DsEbAa
YaFaAa
ZxIaAa
OpFaAa
PbAaAa
CjCaAa
MpXbAa
AnGaAa
HrJbAa
PyGaAa
OeKbAa
QlGaAa
SiJbAa
SnBbAa
YbTbAa
ItAaAa
UoCaAa
VfGbAa
FvGaAa
PhBaAa
ImTaAa
UhVaAa
BmSaAa
DoXbAa
JyJaAa
EvGaAa
HoNbAa
MaBaAa
WcLbAa
GfFaAa
QwJbAa
YsBaAa
QfIbAa
AtOaAa
MuBbAa
RvJaAa
QdWbAa
MkAaAa
GmCbAa
JfAaAa
YqJaAa
YvQaAa
KnSaAa
RmLbAa
MlKaAa
JqAaAa
KcAaAa
FmOaAa
KvPbAa
EcTaAa
ZqTaAa
XeTaAa
LsDbAa
TpHaAa
ZtRaAa
MzKbAa
ZuOaAa
ImGaAa
ZuJaAa
TrGbAa
TkFaAa
CrAaAa
CvBaAa
WoKaAa
YsCaAa
AaGaAa
InBaAa
QfTaAa
QyBaAa
MaBaAa
RcFbAa
TyNaAa
YzYbAa
CaAaAa
EeVbAa
RfIbAa
VqXbAa
TpGbAa
ReKaAa
CeEaAa
FzYbAa
WwGbAa
PhBaAa
YeIbAa
QuUaAa
RiFaAa
EcOaAa
QeUbAa
HzGaAa
ToHbAa
BzJaAa
MoNaAa
GkGaAa
HxHaAa
TjVaAa
VyEaAa
EbBaAa
OxGbAa
EvHbAa
MsIaAa
OuHbAa
CmSaAa
OmFbAa
RoDaAa
OjMbAa
AtTaAa
QwIaAa
GkJaAa
DkKaAa
CxFaAa
VcDaAa
EqWaAa
MqHaAa
FtIaAa
TbCbAa
XoJaAa
BkFaAa
AmAaAa
TbCbAa
ScHaAa
LcFaAa
OhCbAa
SlNaAa
JbGaAa
GtUaAa
JhKaAa
CeGaAa
DhPaAa
SxLbAa
HqTaAa
ZrEaAa
CxFaAa
KfAaAa
JwJaAa
HnBaAa
JzQaAa
MlKaAa
TrIaAa
CqYaAa
CwXaAa
OaSaAa
OpKaAa
DyEaAa
VdAaAa
MwBaAa
WcWaAa
HzGaAa
ToXaAa
SdLaAa
SkFaAa
WpNaAa
PhZaAa
VsSaAa
AbPaAa
FvHaAa
KbRaAa
MkAaAa
EnUbAa
OwGaAa
HmWbAa
DpFbAa
UwEbAa
MkAaAa
DxLaAa
FeTaAa
HeBbAa
OqNaAa
PhBaAa
CcCaAa
ZuJaAa
JrXaAa
UrHaAa
JkYbAa
KoVaAa
CkQaAa
DaWaAa
ChUaAa
BzAaAa
PbAaAa
XeCaAa
JjSaAa
EjPaAa
EtRbAa
KcIbAa
DgAaAa
NeFaAa
IoZaAa
KdRbAa
CoMbAa
EpEaAa
BmObAa
EdYbAa
EgWaAa
JzIaAa
DcCaAa
SxDaAa
EsCbAa
QlTaAa
UvLaAa
PfTaAa
GsCaAa
CrBbAa
QhBaAa
IpQaAa
TgYaAa
BjBaAa
FiHaAa
IkEaAa
JcAaAa
DcWaAa
UnUaAa
JmTaAa
QyJbAa
FeBbAa
MwBaAa
ZaHbAa
OkAaAa
FxBaAa
QfDaAa
TdUaAa
AhCaAa
FmOaAa
BjBaAa
WjPaAa
ZsCaAa
QdWbAa
WxFaAa
QsRaAa
PwIaAa
GcVbAa
CcUbAa
XdAaAa
NzYaAa
KrSaAa
BvFaAa
TjAaAa
OqRbAa
WmIbAa
LkDaAa
GiAaAa
NpPbAa
VqBaAa
BjAaAa
NhAaAa
SbFaAa
HlLbAa
ByNaAa
YiCbAa
DjCaAa
HdKbAa
LuUbAa
AmAaAa
NfHaAa
XeIaAa
FgOaAa
MuBbAa
BmVbAa
QcEaAa
VaAaAa
TvFaAa
DcIaAa
MaBaAa
EaLbAa
WlRbAa
CxFaAa
GrNaAa
ZgIaAa
ReSaAa
WeZaAa
TsDaAa
QzOaAa
DgMbAa
ViHbAa
QuUaAa
AuAaAa
LzNaAa
LqHaAa
GiBbAa
RiKbAa
UpFbAa
WlBaAa
SxDaAa
WgEaAa
SfXbAa
KqAaAa
SfWbAa
OcZbAa
MxSaAa
UjAaAa
FzWbAa
VxLaAa
PkMaAa
EbBaAa
YlMaAa
OxAaAa
PfDaAa
DsEbAa
SoBaAa
UnEaAa
ToHbAa
QcBaAa
WgEaAa
OqRbAa
BxTaAa
GpEaAa
UzObAa
FzLaAa
EtRbAa
CdAaAa
JrXaAa
OpKaAa
CeYaAa
ZrPaAa
WgBaAa
FzFbAa
UeMbAa
XaAaAa
LbJaAa
UsKaAa
TrIaAa
FvHaAa
MkAaAa
RoDaAa
YtUaAa
UmXaAa
WeZaAa
IhKbAa
CdAaAa
SiJbAa
MrWaAa
IzUaAa
VeJaAa
BjBaAa
ItEaAa
UpAbAa
VaAaAa
SlIaAa
WlRbAa
HhFaAa
UsPbAa
QsQaAa
PeAaAa
EpEaAa
QcBaAa
VbKaAa
PsAaAa
PhBaAa
SfUaAa
CxFaAa
GkJaAa
RoJbAa
NhHaAa
BuWbAa
IzHaAa
CjCaAa
UtFbAa
TgYaAa
MlHbAa
QyBaAa
NpXbAa
DvLaAa
FeIaAa
PySbAa
YkHaAa
FuDaAa
MjVbAa
EbBaAa
OdBbAa
EtRbAa
LiDaAa
WsWaAa
AnGaAa
SfPbAa
EpEaAa
InMaAa
YaFaAa
RpVaAa
PuNaAa
TkFaAa
YiIbAa
OhOaAa
WoEbAa
KsBbAa
KmEaAa
BnTbAa
SvTaAa
PeAaAa
SkFaAa
BjBaAa
CkRaAa
IcAaAa
HxIaAa
VwAaAa
JwJaAa
MzKbAa
QrFaAa
IiBaAa
OoUbAa
GiBbAa
KyDaAa
KmEaAa
NrCaAa
NwFbAa
BpGaAa
MkAaAa
ZgCaAa
BsWbAa
EbBaAa
VqXbAa
AzAaAa
KmEaAa
MdZaAa
PfTaAa
MlFaAa
OhBbAa
JpJbAa
MwBaAa
XbEaAa
KqBbAa
KrSaAa
IhFbAa
LtXbAa
BnTbAa
RdSbAa
PjSbAa
NhHaAa
SiJbAa
JpJbAa
HsOaAa
ElGbAa
CqMbAa
PhZaAa
AuAaAa
NdIaAa
KfAaAa
VyEaAa
QfIbAa
DjTbAa
CmRaAa
VhPaAa
ToBaAa
SlYbAa
IgIbAa
CcDaAa
FsBaAa
FoAaAa
OhCbAa
OpKaAa
UrHaAa
PeAaAa
BbSbAa
NrCaAa
HkWbAa
QqPaAa
McXbAa
EaLbAa
KyDaAa
CeXaAa
IbHaAa
VxLaAa
QeUbAa
XxXbAa
BzJaAa
GiGaAa
PbAaAa
LuCaAa
CnNaAa
XkPbAa
EqMaAa
PbAaAa
ZaFaAa
PcKbAa
XbQbAa
EsIbAa
OjHaAa
NrCaAa
LrSaAa
BdPaAa
KoBbAa
TkFaAa
OjMbAa
VdFaAa
CoCaAa
AnBbAa
GcAbAa
MbTaAa
LdCaAa
EoFaAa
DgAaAa
UrLaAa
GmWbAa
IkWbAa
MhWaAa
WgEaAa
RiSaAa
NhEbAa
MhMbAa
SaDaAa
YkHaAa
HrJbAa
UrHaAa
LvSaAa
PmKbAa
TgYaAa
FxFbAa
WaAaAa
LgTbAa
DyEaAa
IiBaAa
LhYaAa
GaNaAa
DpUaAa
WwGbAa
RyPaAa
UzAaAa
ZmZaAa
XjGbAa
PbNaAa
AyQaAa
KrSaAa
KaIbAa
VaObAa
OiGbAa
BmVbAa
MlHbAa
BhLaAa
CvLbAa
EuYaAa
YyGbAa
WcLbAa
YoAaAa
NdEbAa
BuAaAa
NvCbAa
YkPbAa
VaRbAa
NhEbAa
QcBaAa
TkXaAa
ViHbAa
VaAaAa
EuIbAa
ExCaAa
PjEbAa
OeKbAa
ScQaAa
WgEaAa
BcGaAa
FgAaAa
CjBaAa
NdMbAa
CwPbAa
OpOaAa
ZgCaAa
ZuJaAa
PbNaAa
KkIaAa
WgEbAa
RpAaAa
RiKbAa
PeAaAa
GfFaAa
KdRaAa
MzKbAa
MbTaAa
ZlAaAa
SlIaAa
SpTbAa
GaFaAa
MdJaAa
GvIaAa
FbYbAa
AcBaAa
UoBaAa
TrGbAa
UaJbAa
WoFaAa
ImZaAa
BhLaAa
KpJbAa
TtFaAa
IkJaAa
SlVaAa
GgCbAa
BaIaAa
NeQbAa
FeWaAa
SlEaAa
XeBbAa
MkAaAa
UnNaAa
RgJbAa
UeXaAa
TeQaAa
BaAaAa
ZvNaAa
MsAbAa
VaAaAa
OaZbAa
IeWbAa
TuSbAa
DjUaAa
RxLbAa
CcYaAa
CpBbAa
KfAaAa
VeHaAa
GsCaAa
MkBaAa
YbTbAa
SsQaAa
OhCbAa
UaXaAa
KzWaAa
BdPaAa
KhQaAa
NcKaAa
AnBbAa
SlVaAa
EbNbAa
GfFaAa
MkBaAa
UhGbAa
YaFaAa
BwEaAa
QtJaAa
EvHbAa
RcFbAa
CcRaAa
FeTaAa
HfKaAa
FfFaAa
GbSaAa
NhAaAa
ChUaAa
ZrQaAa
ZyKaAa
ZmZaAa
UoCaAa
ZlAaAa
XvHaAa
QcSaAa
ScQaAa
DcJaAa
JaSbAa
PbNaAa
StFaAa
TzTaAa
GhUbAa
MrWaAa
QwJbAa
MsAbAa
WcTaAa
OhEbAa
BmSaAa
OaSaAa
BlNaAa
TaJaAa
CkObAa
KoIaAa
KdRaAa
BqMaAa
HkWbAa
OiQbAa
GeTaAa
WoOaAa
DzDaAa
PfDaAa
PwIaAa
IfUbAa
EiMbAa
CdAaAa
CdAaAa
GjRbAa
TzJaAa
UsPbAa
QmLbAa
KaUaAa
ErUaAa
AzAaAa
DdAaAa
MaBaAa
LzEbAa
TfPaAa
PhBaAa
SlIaAa
XeCaAa
HaNaAa
ApZaAa
BeBaAa
CaXaAa
IsFaAa
FwGbAa
HiIbAa
FlPaAa
KiCaAa
UiAbAa
IcAaAa
MwBaAa
QhSbAa
QsQaAa
NwBaAa
PfTaAa
FxFbAa
UnEaAa
KzQaAa
FcOaAa
LxXaAa
TyNaAa
JkIaAa
PmBaAa
PhBaAa
XmOaAa
NnEbAa
FxFbAa
HdKbAa
MrKaAa
PhBaAa
GjUbAa
MaNbAa
LmEaAa
KuBaAa
RhXbAa
WpNaAa
WdAaAa
BsYbAa
DdAaAa
KdQaAa
GbSaAa
TaJaAa
NjHbAa
PwHaAa
MkAaAa
XmCbAa
CmXaAa
GtUaAa
OaTbAa
BcRaAa
BxTaAa
YaFaAa
GjQbAa
QfDaAa
PqEaAa
JpSaAa
CeGaAa
LcUaAa
BxTaAa
JsFaAa
RlHaAa
LvEbAa
UlBbAa
ExCaAa
OpFaAa
WdYbAa
IsTaAa
XjMaAa
MwBaAa
SnGaAa
IhKbAa
ZgIaAa
OfHbAa
VdXbAa
RyPaAa
CwAaAa
TcRbAa
TrIaAa
UoCaAa
MfRaAa
JtObAa
UeEaAa
NzKbAa
YrRaAa
TfUaAa
HkWbAa
NdWaAa
XrAaAa
LpXaAa
TjYbAa
BnLaAa
GmWbAa
PwHaAa
NcKaAa
KkIaAa
XcTaAa
MfRaAa
QzKaAa
GiCbAa
HlCaAa
UrLaAa
VrAaAa
DrAaAa
BfZbAa
QsQaAa
JfAaAa
NkAaAa
FfQbAa
QdWbAa
MxSaAa
BxTaAa
GbSaAa
OfHbAa
GxBaAa
ViWaAa
HrQaAa
AmAaAa
XvHaAa
NlOaAa
MzQbAa
RwPaAa
HqFaAa
KtXaAa
GoNbAa
BhPbAa
FyNbAa
SfWbAa
PrNbAa
FiGaAa
FbBaAa
DyEaAa
FeDaAa
AcHaAa
DgAaAa
DlGbAa
DxCaAa
ZtRaAa
CcDaAa
GzCaAa
FeTaAa
WlUbAa
DqYaAa
IbHaAa
UwEbAa
WqEbAa
KfAaAa
CwAaAa
QlBbAa
KdRaAa
LjKaAa
EmHbAa
KmEaAa
UzAaAa
LwCaAa
EgBaAa
DgJaAa
BaAaAa
CmRaAa
LqLaAa
QbLaAa
PvDaAa
SiJbAa
IsFaAa
ZaFaAa
OxAaAa
SfUaAa
ZhFaAa
RoDaAa
QdWbAa
CzDaAa
ZlAaAa
FwYaAa
KdQaAa
SkFaAa
PhTaAa
JlYaAa
UrGaAa
BcRaAa
FdGbAa
MtYaAa
UhGbAa
MdZaAa
JyAbAa
FeBbAa
CwAaAa
FsCaAa
PkMaAa
HrQaAa
ItPaAa
UhVaAa
QyBaAa
HlLbAa
MtYaAa
CcDaAa
YbKbAa
RaDaAa
DxFaAa
MkAaAa
HzGaAa
PxAaAa
XmCbAa
WxFaAa
EySaAa
OlOaAa
LsLaAa
QmLbAa
CoMbAa
LcUaAa
KhQaAa
IiBaAa
FiEbAa
GzFbAa
WaAaAa
EpNaAa
BxJaAa
TgXaAa
HlKbAa
WqEbAa
TaJaAa
DqYbAa
AhNbAa
JzIaAa
CdAaAa
GiAaAa
PjSbAa
BaAaAa
RmCaAa
PdAbAa
CtBbAa
KpYaAa
NhAaAa
QlZaAa
EpEaAa
RrZaAa
CeXaAa
YsCaAa
ZtRaAa
EuDaAa
EuDaAa
NrBaAa
QyBaAa
VeHaAa
FsCaAa
RbPaAa
TlEaAa
MdCaAa
QhSbAa
JwJaAa
BaIaAa
ZkWbAa
VaAaAa
FoAaAa
AfWbAa
RhIaAa
ZuJaAa
NhHaAa
RmYaAa
AlLaAa
SyJbAa
EpNaAa
RcBaAa
KmEaAa
RdIbAa
VaOaAa
FxBaAa
PhBaAa
DqYaAa
OxAaAa
BhLaAa
YnDaAa
IzHaAa
IzJbAa
TeQaAa
NxMaAa
WmIbAa
QwJbAa
OgQbAa
GzCaAa
EaLbAa
KdGaAa
LqHaAa
KpYaAa
ZxUaAa
YuTbAa
MxSaAa
DgAaAa
MrKaAa
ThDaAa
OjXbAa
ZmZaAa
XgEaAa
TsSbAa
JdEaAa
IxQaAa
CeGaAa
XoKaAa
ZsOaAa
NjHbAa
PjWbAa
GcBbAa
MdVbAa
CeRaAa
OhBbAa
YnDaAa
LsDbAa
BaAaAa
ImBbAa
WoKaAa
ZaFaAa
BsXaAa
DcWaAa
TcQaAa
GkJaAa
HvGaAa
NsVbAa
EtAbAa
OdWaAa
DmRaAa
VhPaAa
FjMaAa
LvEbAa
NsHaAa
ZzFaAa
XdAaAa
StBaAa
CeEaAa
DbKaAa
IiAaAa
AfLaAa
VrAaAa
UsPbAa
DlDaAa
EiMbAa
WyMaAa
TsYbAa
DeHaAa
RbLaAa
JzIaAa
WaAaAa
LdGaAa
CbSbAa
FsBaAa
BhLaAa
YaFaAa
DgMbAa
QnTaAa
PjEbAa
IsBaAa
CjBaAa
AfPbAa
WaAaAa
YaFaAa
RmJbAa
ZgCaAa
XdAaAa
DpUaAa
EuIbAa
HyKaAa
FoAaAa
YsBaAa
RwSbAa
VdAaAa
LgTbAa
MwBaAa
VdAaAa
TiKaAa
KoLaAa
IcAaAa
ZsJaAa
HlLbAa
BsYbAa
NdZaAa
CsYbAa
KaUaAa
QmMaAa
UnNaAa
HvNaAa
GiBbAa
EaObAa
RuPaAa
OtNbAa
MkAaAa
BbSbAa
TsSbAa
MoEaAa
UrHaAa
VkHbAa
WjPaAa
DmWaAa
UeRaAa
BpHaAa
KtXaAa
OlCbAa
EpEaAa
TjAaAa
VrLbAa
VlGbAa
EeCaAa
RrZaAa
JwJaAa
KfSaAa
PmPaAa
FsCaAa
FfFaAa
GbSaAa
LdCaAa
TsSbAa
VrUbAa
DbKaAa
VaAaAa
OxAaAa
HhFaAa
YmWbAa
YbTbAa
IiNaAa
NlOaAa
DpUaAa
FiEbAa
VeHaAa
YyOaAa
AuAaAa
CcYaAa
ZuZaAa
DgAaAa
MfRaAa
GnDaAa
GlPaAa
QfIbAa
WoKaAa
RrTaAa
BvFaAa
WlDaAa
IgDaAa
NxMaAa
CjLaAa
TzJaAa
CdAaAa
UrAbAa
DjDaAa
FsBaAa
HaFaAa
LzEbAa
XiGaAa
AuWbAa
LrKaAa
RcFbAa
KyTaAa
SyBaAa
JsFaAa
CsPbAa
QkQbAa
WwNbAa
GlAaAa
PeKaAa
ZzFaAa
SoVbAa
HqTaAa
PwHaAa
QcSaAa
BkYaAa
CqMbAa
NkAaAa
OaGbAa
HrJbAa
GiCbAa
VqBaAa
UzObAa
GkGaAa
TiQaAa
HrQaAa
ZlAaAa
BaAaAa
HdKbAa
JpJbAa
GkHaAa
WqEbAa
NpWaAa
YeHbAa
TsDaAa
WoEbAa
CeYaAa
CcYaAa
PpFaAa
RrZaAa
CzDaAa
WaAaAa
XzLaAa
YpPaAa
TbUaAa
HxHaAa
VtGaAa
OfAbAa
LxXaAa
RhIaAa
ZyKaAa
UaJbAa
CaAaAa
AqDaAa
CaYaAa
HuOaAa
WsIbAa
MdOaAa
JcPaAa
DsEbAa
AcHaAa
TrIaAa
TvFaAa
WrUaAa
LhYaAa
MuGaAa
JaSbAa
FuDaAa
DgAaAa
MfAaAa
EpEaAa
FeIaAa
OhHbAa
GcAbAa
ZgCaAa
VzMbAa
UpFbAa
JnJbAa
ViWaAa
GoPbAa
TiKaAa
PfDaAa
UeXaAa
QfIbAa
MzKbAa
DyEaAa
BaAaAa
OtNbAa
EgGaAa
TsSbAa
WiHaAa
MdCaAa
UtBbAa
DjTbAa
ZuOaAa
LsLaAa
OsUaAa
XlBaAa
LgTbAa
QbAaAa
MwBaAa
LrKaAa
BsXaAa
WoCaAa
PhZaAa
PhBaAa
NlEbAa
QkKbAa
JjFaAa
VaObAa
PuUaAa
JrXaAa
JpMaAa
QrJaAa
YyGbAa
UbCbAa
MkAaAa
FhUbAa
VlDaAa
QlZaAa
KjSaAa
JrDaAa
YfKbAa
TbCbAa
OaZbAa
MsIaAa
DgAaAa
VeXaAa
MwRbAa
IiBaAa
VdFaAa
FeBbAa
JcAaAa
PuUaAa
GbEaAa
LgPaAa
RaDaAa
HyAaAa
WeVbAa
QzOaAa
CqYaAa
NxMaAa
MoEaAa
BvBaAa
GjRbAa
MxSaAa
CeGaAa
KqBbAa
VoWaAa
MnXaAa
HyAaAa
ToBaAa
GbTbAa
PbAaAa
CwAaAa
RyJbAa
PeAaAa
KcAaAa
LgTbAa
FzFbAa
SmCaAa
XgEaAa
IyAaAa
QnTaAa
RmMaAa
FoFaAa
WlBaAa
OgQbAa
CaYaAa
DgJaAa
YaFaAa
OfHbAa
StCaAa
OpFaAa
DxRbAa
JgIbAa
SdSbAa
UuMaAa
EvGaAa
HdKbAa
PdAbAa
PhBaAa
LdDbAa
MfEaAa
NyLaAa
QlBbAa
HzFaAa
CzJaAa
DjUaAa
FzLaAa
HaHbAa
JzHaAa
CwSaAa
VoWaAa
OpFaAa
VdAaAa
TmAaAa
WjCaAa
EeVbAa
KrSaAa
EdYbAa
MuFbAa
UmFaAa
JxPaAa
JzBaAa
PyGaAa
QyBaAa
FsBaAa
OjJaAa
DlGbAa
GfKbAa
VdAaAa
AtBaAa
PkAaAa
LjKaAa
HkTaAa
OaSaAa
RoJbAa
CxFaAa
NeQbAa
EaLbAa
DxFaAa
PeKbAa
EbNbAa
CvFaAa
MdZaAa
HzCaAa
MaBaAa
EiRaAa
PuNaAa
ImGaAa
PmQbAa
HlAaAa
WdYbAa
SpTbAa
LbIaAa
MkAaAa
VaAaAa
PyFaAa
CmXaAa
KmEaAa
PeAaAa
YyGbAa
EdYbAa
JmBbAa
PjXbAa
AjAaAa
BzAaAa
ElBaAa
HzRaAa
HiEaAa
HyAaAa
GwKbAa
VcDaAa
ViHbAa
MxEbAa
GwVaAa
AuAaAa
QkRbAa
AuAaAa
KaWbAa
DgJaAa
CzDaAa
HsOaAa
CjBaAa
EiMbAa
OzEaAa
KpYaAa
VdAaAa
RwNaAa
JgLaAa
CdAaAa
TyNaAa
VlDaAa
MuGaAa
GkJaAa
JwJaAa
OxAaAa
DgAaAa
CvAbAa
OhAaAa
MbTaAa
JzIaAa
NnEbAa
WgBaAa
MbRbAa
OsUaAa
ViHbAa
KbDaAa
YsCaAa
ClTbAa
ZrQaAa
DdTbAa
FiOaAa
LjKaAa
WwAaAa
XxGaAa
GiCbAa
BfZbAa
JoVaAa
SlYbAa
SiJbAa
LqLaAa
BdPaAa
IpQaAa
TbCbAa
PxKaAa
FsCaAa
HlKbAa
MxIbAa
WoWaAa
FsWaAa
FbYbAa
RbLaAa
BqObAa
KyDaAa
RgKaAa
HzRaAa
JqAaAa
JtObAa
CaYaAa
CjBaAa
XtIaAa
PwIaAa
UjAaAa
BxJaAa
LbIaAa
LwCaAa
NnEbAa
LiUaAa
IeWbAa
QfIbAa
CsMbAa
ChLaAa
AtQbAa
WaAaAa
ZtRaAa
HhFaAa
FhUbAa
VbKaAa
CwXaAa
MbTaAa
KyDaAa
BdPaAa
YaFaAa
XqOaAa
YsCaAa
YsBaAa
YaFaAa
XbEaAa
UmRaAa
UaJbAa
BsDaAa
PdEbAa
MlHbAa
GiCbAa
SxDaAa
JdEaAa
WoKaAa
KdGaAa
KdEaAa
LhYaAa
GaNaAa
OgQbAa
KfAaAa
JfAaAa
CrQbAa
IcAaAa
JcAaAa
KzUaAa
WoKaAa
MmUaAa
MjZbAa
OxGbAa
CzTaAa
DwXaAa
WiMbAa
FgBaAa
IwDaAa
GsCaAa
EsCbAa
WpNaAa
WgBaAa
DoSbAa
UsKaAa
WoKaAa
CjCaAa
RjNaAa
FfFaAa
GdKaAa
FjMaAa
PjSbAa
CmXaAa
AfWbAa
PmKbAa
VcIaAa
VtFbAa
RaKbAa
OhHbAa
VaOaAa
XeTaAa
OpFaAa
CjCaAa
SeSaAa
XxCaAa
TrIaAa
VdAaAa
IiBaAa
TpLaAa
MsAbAa
XxYbAa
BvBaAa
PqEaAa
SlEaAa
UwEbAa
SnBbAa
EpEaAa
TbUaAa
KqAaAa
EySaAa
DeHaAa
XxCaAa
PfDaAa
WlBaAa
UnEaAa
EgBaAa
RmJbAa
GaFaAa
RpAaAa
NkCaAa
DoSbAa
JwJaAa
ImGaAa
SoYaAa
UwSaAa
ElBaAa
GoNbAa
AuAaAa
OxAaAa
ObAbAa
TgXaAa
AhDaAa
WcLbAa
WcDaAa
SnGaAa
KcAaAa
VaAaAa
DzDaAa
BmSaAa
MbTaAa
MwLaAa
HrQaAa
FxBaAa
EsCbAa
IiAaAa
MhWaAa
ZvNaAa
MfRaAa
ZgCaAa
EeObAa
OkAaAa
DgAaAa
GqJaAa
AlNaAa
MwBaAa
VeMbAa
AtTaAa
UtDbAa
RtCaAa
NoDbAa
HfKaAa
EeDaAa
WrAaAa
RfNaAa
QvDaAa
DxLaAa
QeUbAa
AlEaAa
GzCaAa
NkCaAa
PeAaAa
JzIaAa
MaNbAa
LrSaAa
XeDaAa
JzQaAa
QcEaAa
OxGbAa
AhNaAa
GiAaAa
RyIaAa
BzJaAa
PfTaAa
HgTaAa
TsSbAa
DpUaAa
QcEaAa
XgZaAa
JtWbAa
LiDaAa
NdWaAa
TsDaAa
OjHaAa
ZvYbAa
ZaPaAa
QxKaAa
CzDaAa
AbHbAa
FbEaAa
QhWbAa
AjNbAa
JiNaAa
CuSaAa
UsKaAa
NzKbAa
SxDaAa
EgEaAa
IbHaAa
PjEbAa
SnGaAa
RjYbAa
XvYbAa
XbEaAa
SpTbAa
RmJbAa
CxFaAa
LqLaAa
CaXaAa
FgAaAa
CcDaAa
CmRaAa
ZxIaAa
CoCaAa
UrGaAa
JrDaAa
ScHaAa
OrCaAa
HjQbAa
OjMbAa
HrEaAa
YnDaAa
UrAbAa
ReSaAa
CjBaAa
TjAaAa
YbEaAa
UoCaAa
JuKbAa
CcYaAa
LiUaAa
CwSaAa
AhXbAa
IiNaAa
GbSaAa
MvMaAa
GmPbAa
TiKaAa
MfGaAa
EeDaAa
UoCaAa
SoJbAa
IoZaAa
TdPaAa
OaGbAa
FsBaAa
ZxIaAa
ExCaAa
DjTbAa
CkXaAa
XmOaAa
LaKaAa
YrNaAa
ZrRaAa
TaCaAa
MkAaAa
VaAaAa
DcDaAa
XtIaAa
LbJaAa
OhBbAa
VdAaAa
QwJbAa
NoUbAa
VhVaAa
GlAaAa
IcAaAa
UtFbAa
NrCaAa
ZuOaAa
AlEaAa
ZsOaAa
DaWaAa
LkDaAa
GkHaAa
FfMaAa
CqHbAa
YbSaAa
CrAaAa
IgIbAa
VoCaAa
DjUaAa
ZgCaAa
EmKaAa
LuLbAa
IbHaAa
YbBaAa
YeCaAa
QzKaAa
AlEaAa
FvHaAa
VyQbAa
GiAaAa
UzObAa
TyNaAa
EgHaAa
RmJbAa
FyVaAa
QnTaAa
SpZaAa
FfFaAa
SpTbAa
EgBaAa
YyOaAa
FsBaAa
FtHaAa
OzEaAa
LxXaAa
JpJbAa
OiUbAa
RfNaAa
GeDaAa
UaJbAa
CoCaAa
AzAaAa
OpOaAa
DcIaAa
VdFaAa
LtMaAa
YoAaAa
JhKaAa
ToHbAa
OaZbAa
IcAaAa
TnBbAa
NlOaAa
CpGaAa
EeDaAa
UaXaAa
IzHaAa
XlPaAa
TxVbAa
AhCaAa
SlVaAa
TcDbAa
AaQaAa
EhVaAa
BaAaAa
LfAaAa
HlCaAa
OqNaAa
KpYaAa
GyGbAa
WwAaAa
SqObAa
LtDaAa
JcAaAa
DnNaAa
PfCaAa
YpPaAa
KqAaAa
YxBaAa
HlAaAa
VwMaAa
XpEaAa
EoKaAa
SaCaAa
InMaAa
BmAaAa
MrWaAa
LuCaAa
PcVaAa
ReAaAa
DeYaAa
HrEaAa
RdSbAa
DjUaAa
PbNaAa
EwWaAa
SnBbAa
UwSaAa
YsCaAa
PjZaAa
PbAaAa
IwDaAa
AuAaAa
RyPaAa
EtRbAa
ZvPaAa
ZuZaAa
HgCaAa
PhTaAa
RtBaAa
NpPbAa
FeDaAa
ZnBaAa
GxBaAa
ScRbAa
VdFaAa
GiAaAa
HzRaAa
VfGbAa
OdEbAa
PuNaAa
PgFaAa
AlLaAa
CkRaAa
NkCaAa
XeBbAa
GiAaAa
IsTaAa
LlFaAa
PfDaAa
YkBbAa
DrFbAa
LiUaAa
DxLaAa
NxCbAa
AoBaAa
IkEaAa
RmYaAa
KcFaAa
OrWaAa
PbAaAa
KdGaAa
NfVbAa
DjTbAa
SfPbAa
UcJaAa
PrNbAa
QpAaAa
DqBaAa
FsBaAa
DgAaAa
KmEaAa
ThDaAa
ZmNbAa
MsAbAa
VjCaAa
MdCaAa
KnCaAa
AmCaAa
OsAaAa
RoJbAa
XeIaAa
FgZaAa
BsDaAa
TrIaAa
BxDbAa
CaJaAa
HnPaAa
PxAaAa
XoFaAa
KvPbAa
GkGaAa
FiGaAa
QvDaAa
KsBbAa
UmAaAa
YcTaAa
ImHaAa
LbIaAa
VdFaAa
MlHbAa
SnIaAa
ExCaAa
KmEaAa
RpVaAa
PjWbAa
YbBaAa
UaXaAa
VaAaAa
SfWbAa
DgAaAa
DdTbAa
BgYaAa
NwFbAa
WxFaAa
VhTbAa
MrWaAa
ViHbAa
YaFaAa
FbYbAa
HxUaAa
XgOaAa
HxUaAa
CqYaAa
EuDaAa
XiEbAa
AjIaAa
OgQbAa
AlNaAa
RpAaAa
QyBaAa
TxVbAa
AhDaAa
CcDaAa
CoMbAa
ScHaAa
DaWaAa
KhSaAa
AfLaAa
KaWbAa
MrYaAa
JmTbAa
GtUaAa
YkHaAa
ThDaAa
TkFaAa
JjFaAa
RmCaAa
FvHaAa
RgKaAa
KaIbAa
LtDaAa
PmKbAa
TrIaAa
VoWaAa
EuDaAa
MnWaAa
DxRbAa
HrJbAa
ThLaAa
DlGbAa
VwAaAa
XmCbAa
EcTaAa
VhPaAa
FnDaAa
OpFaAa
LtDaAa
ZaBbAa
BxDbAa
OhCbAa
JdFbAa
ZgTaAa
HmJaAa
UoCaAa
ZxHaAa
ZsCaAa
EqWaAa
HgCbAa
MpXbAa
KbDbAa
VcWaAa
EeZaAa
QwJbAa
LcFaAa
BqMaAa
NdWaAa
PwHaAa
BpGaAa
ZvPaAa
IaLaAa
SlYbAa
BpLaAa
EqCaAa
QcBaAa
YsBaAa
FfFaAa
YkZaAa
EoKaAa
XlPaAa
DcDaAa
AoBaAa
MjAbAa
UaXaAa
XeTaAa
FsYaAa
KwDbAa
AuWbAa
GlAaAa
MhWaAa
CjCaAa
EnRbAa
NoRbAa
OtNbAa
PuJbAa
NoUbAa
PfTaAa
FlPaAa
NqKbAa
PkKbAa
ZaFaAa
OzEaAa
WqEbAa
TmAaAa
FpEaAa
MlHbAa
TsSbAa
OxGbAa
QyJbAa
RzLbAa
SoYaAa
WaAaAa
RmYaAa
WgGaAa
DoXbAa
MkAaAa
IcAaAa
EsWaAa
GvIaAa
DgAaAa
AuAaAa
KdBaAa
IsFaAa
UcJaAa
OiUbAa
MrWaAa
QlTaAa
ZoNbAa
XeCaAa
LzNaAa
GsBaAa
GiCbAa
EvFbAa
KgUaAa
PwIaAa
BaAaAa
MlHbAa
SmCaAa
HdKbAa
FfQbAa
JsZaAa
DgAaAa
AfLaAa
KfAaAa
PiRbAa
LaUaAa
OzMaAa
FfFaAa
AdLaAa
WcTaAa
JmLaAa
QnTaAa
AqQaAa
EbNbAa
OxGbAa
MtKaAa
VrAaAa
WrUaAa
DiObAa
UeEaAa
ZtRaAa
PuJbAa
JfSaAa
SoYaAa
AqDaAa
VdAaAa
QtJaAa
MoNaAa
OsAaAa
WrUaAa
KnCaAa
CvCaAa
DiXaAa
ZlCaAa
PfTaAa
DcWaAa
LgTbAa
RmCaAa
HdKbAa
OpKaAa
AqDaAa
GjRbAa
UhVaAa
PjWbAa
JrDaAa
GyVaAa
AaQaAa
MtMaAa
OvYaAa
DbKaAa
KbQaAa
IcAaAa
ZlJbAa
OcZbAa
IiNaAa
YfKbAa
MdCaAa
WmIbAa
PrOaAa
YfKbAa
AnBbAa
QyBaAa
NfOaAa
CwAaAa
DsSaAa
SoBaAa
HyAaAa
RyIaAa
BoBaAa
LuLaAa
WlUbAa
CdAaAa
WgOaAa
QzOaAa
SxDaAa
SaCaAa
LwVbAa
YiIbAa
BaAaAa
EiRaAa
MtDaAa
DgAaAa
VsIbAa
WoEbAa
QdAbAa
OiUbAa
LuLbAa
RyIaAa
KyTaAa
UrHaAa
VaOaAa
XqOaAa
RtCaAa
OhCbAa
DpUaAa
KiDaAa
NvCbAa
ItAaAa
NdDbAa
LbDbAa
IeWbAa
KfAaAa
RtBaAa
QpAaAa
VgEbAa
ZuOaAa
QdWbAa
ZlCaAa
UnUaAa
MzKbAa
DvCaAa
ZlDbAa
KfAaAa
RrZaAa
VqBaAa
RmCaAa
PjBbAa
CaYaAa
AoBaAa
PeKaAa
LzNaAa
AcHaAa
MxSaAa
KoBbAa
DoCaAa
NrBaAa
KrSaAa
HkHaAa
XmOaAa
CjBaAa
ApZaAa
GbTbAa
JrObAa
CxFaAa
LbUbAa
JuKbAa
RpVaAa
RgKaAa
IsFaAa
KiDaAa
KnCaAa
HzCaAa
DaWaAa
AhIbAa
UhVaAa
CwAaAa
DlGbAa
OcMaAa
RyBaAa
WyMaAa
YaAaAa
MdVbAa
BiDbAa
SkFaAa
DlDaAa
BhLaAa
WcLbAa
SaGaAa
OxGbAa
DgAaAa
LtMaAa
WsCbAa
TkSaAa
QcBaAa
FnDaAa
QcBaAa
WpNaAa
YfKbAa
PySbAa
PcMaAa
VxObAa
TaQaAa
HcNaAa
MwBbAa
XuDaAa
PwHaAa
DdFaAa
LqBbAa
OxGbAa
BcGaAa
EdYbAa
VkOaAa
WgBaAa
FvYbAa
FzLaAa
MqAbAa
FtIaAa
AbPaAa
PySbAa
FeDaAa
DpUaAa
YeCaAa
TgQaAa
CjCaAa
WpKbAa
YaFaAa
OaGbAa
YfKbAa
AiFbAa
VaAaAa
NuFbAa
LhXaAa
DjCaAa
BfPaAa
GwKbAa
KzWaAa
RcFbAa
DjUaAa
YkZaAa
QyBaAa
IgIbAa
CrAaAa
WoKaAa
TzJaAa
NvYaAa
PlPbAa
XiWbAa
WoOaAa
LoVaAa
TrIaAa
RpVaAa
MrWaAa
WoKaAa
SoYaAa
UrKbAa
JpQaAa
XeTaAa
FbEaAa
BxJaAa
YvRaAa
SaCaAa
KrSaAa
QtJaAa
CuSaAa
PcVaAa
ZgCaAa
QlBbAa
TsYbAa
EjGbAa
KiDaAa
TtBaAa
BmCaAa
PwUaAa
MnFaAa
HvJbAa
BkSaAa
JdBaAa
RoDaAa
HrPaAa
WsCbAa
DnGbAa
AgKaAa
AlLaAa
YeIbAa
RbPaAa
YvRaAa
TsSbAa
YvHaAa
UoCaAa
LtXbAa
RoJbAa
JiBaAa
JmTbAa
UzObAa
YrRaAa
DxLaAa
QdNaAa
SuEaAa
WcMbAa
YvQaAa
GdVaAa
WbNbAa
CcCaAa
VoWaAa
PcKbAa
IiNbAa
WyEaAa
AaKbAa
YiTaAa
NhJaAa
QcSaAa
PsAaAa
KmNaAa
OqRbAa
MnWaAa
RhIaAa
SlIaAa
TxVbAa
ZgCaAa
NwBaAa
IjFbAa
EiMbAa
RaDaAa
UaXaAa
KvEaAa
ZrPaAa
TcRaAa
CqMbAa
ZlAaAa
XzYbAa
OyFaAa
ZgIaAa
ZaFaAa
MkAaAa
QcEaAa
UoCaAa
CwAaAa
EvFbAa
CdAaAa
PeAaAa
CsMaAa
HiEaAa
WoKaAa
IcNaAa
ZuOaAa
LtMaAa
EgJaAa
XeTaAa
KaIbAa
KvAaAa
LsBbAa
HlMaAa
IvObAa
YsCaAa
TkXaAa
MwBaAa
VuCbAa
ZxHaAa
CwAaAa
JqAaAa
SbFaAa
BnTbAa
MaNbAa
BxJaAa
IiBaAa
ZsCaAa
PhEaAa
FiJaAa
JoHaAa
ZxHaAa
HcNaAa
WcWaAa
JvMbAa
BpGaAa
UeXaAa
ReAaAa
GoNbAa
DvCaAa
UoHbAa
VdAaAa
OaSaAa
RhBaAa
OjXbAa
NpPbAa
NhAaAa
CsXaAa
YxBaAa
FgAaAa
KgUaAa
HgIaAa
OhBbAa
YnPaAa
DgAaAa
LyVbAa
TrIaAa
NoRbAa
ZzFaAa
KmNaAa
HlLbAa
CeXaAa
FfMaAa
NlEbAa
HzGaAa
GdKaAa
JcAaAa
VcDaAa
LaIbAa
YsCaAa
YeIbAa
FoIbAa
XjMaAa
FnDaAa
JjFaAa
XmCbAa
DjCaAa
AeSaAa
CkRaAa
FpUbAa
KdQaAa
JzHaAa
KdGaAa
JrXaAa
NlOaAa
WsCbAa
EjPaAa
AwPaAa
QvDaAa
VqBaAa
BjAaAa
NvYaAa
NrBaAa
EpNaAa
NhAaAa
ZzFaAa
CtBbAa
HxUaAa
TyNaAa
HvJbAa
WdYbAa
KvAaAa
TeQaAa
FhUbAa
RjYbAa
NtKaAa
XfMaAa
IcAaAa
VwEbAa
RfNbAa
PfTaAa
MtYaAa
WmWaAa
VuCbAa
IiAaAa
JwUbAa
HyAaAa
IgIbAa
PeAaAa
AcHaAa
CmRaAa
PcKbAa
HrPaAa
YiIbAa
WgEaAa
GlAaAa
QmPaAa
FfQbAa
TjAaAa
HrEaAa
MoNaAa
MbLbAa
CdAaAa
TsYbAa
TkFaAa
FuDaAa
CmRaAa
SnBbAa
LuDbAa
FyQbAa
QtJaAa
LyVbAa
TmAaAa
MbLbAa
WbKaAa
ShCaAa
BaAaAa
BvBaAa
HrJbAa
ZgCaAa
EnUbAa
OjHaAa
AuAaAa
CdAaAa
WaAaAa
OoDbAa
RwNaAa
BzAaAa
CaXaAa
UnEaAa
EjPaAa
SfPbAa
GtUaAa
EgVbAa
LvPbAa
FbYbAa
TjVaAa
TjVaAa
NkAaAa
MwBaAa
LdHaAa
RgKaAa
XxGaAa
ZgIaAa
VzDaAa
TmAaAa
LdCaAa
DaAaAa
WqXbAa
BjAaAa
YaFaAa
HjUbAa
NeQbAa
NjHbAa
VpFbAa
BeBaAa
DxLaAa
AwQaAa
NfOaAa
AqDaAa
QfDaAa
WpNaAa
NhHaAa
ReAaAa
LfAaAa
EuDaAa
CnLaAa
LbJaAa
GbTbAa
CvCaAa
JmLaAa
BaJaAa
LtDaAa
ZaPaAa
QcEaAa
LxEaAa
NkAaAa
HzRaAa
WzDaAa
FzLaAa
ZvNaAa
OfOaAa
YkBbAa
XdKaAa
HvUaAa
XvYbAa
WdAaAa
LtMaAa
PbAaAa
DaAaAa
DrAaAa
WeZaAa
YsCaAa
VuCbAa
VkOaAa
HcNaAa
DxFaAa
PrNbAa
FyNbAa
CxTaAa
GkJaAa
NdWaAa
MaBaAa
ClTbAa
KnYaAa
ZmZaAa
NnEbAa
GwKbAa
PjWbAa
LdCaAa
GlAaAa
PmKbAa
PeAaAa
YnLbAa
CwEaAa
DgMbAa
QcEaAa
QcBaAa
GaFaAa
LjKaAa
EuDaAa
EgVbAa
QmMaAa
FzFbAa
FeCaAa
NhHaAa
AmAaAa
BfZbAa
GgCbAa
IcAaAa
FtHaAa
ApZaAa
TzAaAa
TsDaAa
DgAaAa
BpLaAa
JfAaAa
MxIbAa
AyHaAa
CsMaAa
SfUaAa
OhHbAa
FgZaAa
RwNaAa
SaCaAa
DgAaAa
OfOaAa
LzNaAa
UwXaAa
ScRbAa
QnTaAa
MwBbAa
CmRaAa
TeJbAa
ZtRaAa
WcLbAa
JzIaAa
HyAaAa
OhHbAa
EnUbAa
NoDbAa
OdEbAa
GrNaAa
AjIaAa
TfPaAa
BvTaAa
JzIaAa
FeDaAa
JfAaAa
ItAaAa
EnFbAa
PbAaAa
CaAaAa
QbLaAa
LdCaAa
MwFaAa
BpGaAa
NoRbAa
PhBaAa
LrMaAa
OtNbAa
MfBaAa
EuDaAa
ZbEaAa
EjGbAa
PfIaAa
OgQbAa
RaHaAa
DgAaAa
BfPaAa
NzQbAa
DlGbAa
GvIaAa
ImBbAa
WzYbAa
GwKbAa
GiAaAa
CvDbAa
PrNbAa
UeEaAa
RvJaAa
QcBaAa
PvDaAa
JwJaAa
CcDaAa
EvGaAa
UjAaAa
SkFaAa
YrRaAa
SoBaAa
ToXaAa
MtMaAa
AbHbAa
TjAaAa
QyBaAa
MnWaAa
TiKaAa
ScRbAa
FlPaAa
PfDaAa
EeVbAa
WsCbAa
EeObAa
OfHbAa
JkYbAa
WaAaAa
FeBbAa
JpSaAa
KbDbAa
MfRaAa
WnGbAa
BvBaAa
MuGaAa
ZeNaAa
GvIaAa
UeXaAa
YrNaAa
OhAaAa
MoAbAa
CsSbAa
WaAaAa
QcSaAa
MyVbAa
UoCaAa
MoNaAa
OsAaAa
TjAaAa
OqKbAa
XqOaAa
ZvPaAa
RaDaAa
XqOaAa
MsLaAa
ZqTaAa
OfHbAa
ZxHaAa
PjWbAa
QhEaAa
ScHaAa
DaGaAa
CvBaAa
EtRbAa
XeIaAa
UmAaAa
UsPbAa
KpYaAa
XeZaAa
UzObAa
OaSaAa
IiNaAa
SoBaAa
OzYaAa
YjQbAa
QcEaAa
ZgCaAa
MpXbAa
JwZaAa
TvFaAa
WlUbAa
ZqTaAa
NlOaAa
VfGbAa
UcJaAa
XlBaAa
MuBbAa
AhNaAa
OxAaAa
TaIaAa
MxSaAa
KcAaAa
XiGaAa
HlKbAa
KdQaAa
LtXbAa
AaGaAa
RyPbAa
LqLaAa
UmAaAa
JcAaAa
VoWaAa
JiPbAa
MiGbAa
SnHaAa
YpPaAa
SuEaAa
MtKaAa
JrXaAa
JrObAa
RcFbAa
YeIbAa
VqBaAa
JpJbAa
ZlJbAa
EdGbAa
XeBbAa
BhLaAa
FnDaAa
CcYaAa
TpLaAa
IsTaAa
JzIaAa
KmEaAa
SpZaAa
FsBaAa
FiOaAa
PfHbAa
WdAaAa
PfDaAa
ZaFaAa
VhTbAa
HkWbAa
VfGbAa
BzJaAa
HvNaAa
BsJbAa
YiSbAa
XuDaAa
KdRaAa
PmBaAa
MpXbAa
IcAaAa
YoNbAa
VqXbAa
SmCaAa
GeBbAa
OxAaAa
IiNbAa
BaIaAa
FfQbAa
OjMbAa
UiQaAa
ZrPaAa
MrWaAa
JmTbAa
BqMaAa
ZrEaAa
TkFaAa
HzGaAa
SlNaAa
OuHaAa
MlKaAa
KmEaAa
AlNbAa
OiUbAa
TcRaAa
JiBaAa
HyAaAa
XxGaAa
TgYaAa
AfNaAa
SnIaAa
TuXaAa
HyAaAa
QpAaAa
GsBaAa
TeBaAa
EtRbAa
NrCaAa
GwKbAa
CcDaAa
CfUaAa
OzMaAa
BpHaAa
MbTaAa
EyNbAa
GgCbAa
HuOaAa
CbCbAa
HkWbAa
JwUbAa
JfAaAa
CjCaAa
AyQaAa
PbAaAa
CtBbAa
StBaAa
PmPaAa
DdTbAa
GkBbAa
RwNaAa
UrHaAa
OsAaAa
EeDaAa
IiNbAa
YrNaAa
AlNaAa
XiWbAa
WsCbAa
TiQaAa
OyFaAa
CzDaAa
JdFbAa
PfDaAa
GfFaAa
CgQaAa
NrIbAa
DwAaAa
LpBaAa
QbAaAa
BaJaAa
KnSaAa
CwAaAa
AzAaAa
VdAaAa
TaJaAa
XoJaAa
NaYbAa
UnUaAa
GgHbAa
LqHaAa
MfBaAa
NqKbAa
XoAaAa
OxAaAa
OqNaAa
NwFbAa
FvFbAa
IcAaAa
KzWaAa
TqMaAa
RwPaAa
UaJbAa
HgCaAa
UnEaAa
CoCaAa
SoYaAa
UoCaAa
YrNaAa
PeAaAa
KpObAa
RiSaAa
XgHbAa
TfPaAa
SaDaAa
WdAaAa
LdHaAa
RoDaAa
AfLaAa
LtDaAa
NwBaAa
NkAaAa
LcFaAa
TuXaAa
MdVbAa
YyGbAa
PeAaAa
JiAaAa
UjAaAa
VdAaAa
UtBbAa
QeUbAa
AtFaAa
ZqTaAa
IiNaAa
OjHaAa
MnWaAa
DxLaAa
BvFaAa
ItEaAa
RoJbAa
ScRbAa
UzObAa
DaWaAa
XxGaAa
FyVaAa
HgCaAa
NoDbAa
XgBaAa
QpAaAa
WdYbAa
AcHaAa
GiAaAa
MfRaAa
TcHaAa
RwNaAa
VuIbAa
JwJaAa
YsBaAa
FnDaAa
IeNaAa
BnTbAa
UvBaAa
WdAaAa
WlDaAa
DxLaAa
GjRbAa
JfFbAa
DwAaAa
OpFaAa
LyVbAa
JzHaAa
VdAaAa
WdAaAa
YiTaAa
IbHaAa
IwZaAa
UmMbAa
OsUaAa
RhEaAa
NoRbAa
GiCbAa
PdEbAa
CoMbAa
FnRbAa
CeXaAa
RaDaAa
RxZaAa
CwSaAa
JkIaAa
WxCaAa
EyTbAa
FfMaAa
WmIbAa
ZzFaAa
SkFaAa
EoFaAa
FwNbAa
BuAaAa
LrSaAa
WlBaAa
PvQbAa
NkAaAa
HgIaAa
BnLaAa
EeZaAa
SoYaAa
UaJbAa
RbFaAa
DgAaAa
EuDaAa
WdGbAa
VjCaAa
VgJaAa
IkEaAa
CiKaAa
JzQaAa
RjPbAa
LbDbAa
MxIbAa
GkBbAa
TsDaAa
CcCaAa
CmXaAa
BcRaAa
PuJbAa
ZrEaAa
IiAaAa
IsFaAa
RvJaAa
PuNaAa
LyDaAa
GiCbAa
IcAaAa
SvJaAa
YtIaAa
CrQbAa
PfDaAa
GxBaAa
NoUbAa
SnGaAa
WrUaAa
CcDaAa
OfAbAa
FiGaAa
KiCaAa
MkAaAa
IgCaAa
PjEbAa
MoEaAa
EtVbAa
BcRaAa
PhZaAa
AbFaAa
EcLbAa
FtIaAa
EcTaAa
WeZaAa
TcHaAa
BqMaAa
DxLaAa
QjEaAa
ZzLaAa
KhQaAa
PyFaAa
GuNbAa
WgRaAa
LkDaAa
GmWbAa
EaTaAa
KfAaAa
IfKaAa
DcCaAa
FeBbAa
JcAaAa
CrAaAa
PgFaAa
BaAaAa
KbDbAa
BcQaAa
JdEaAa
OaZbAa
EeDaAa
HxUaAa
EuIbAa
YiIbAa
LsBbAa
OxAaAa
PeAaAa
TpHaAa
WgVbAa
BnBbAa
NhEbAa
EpEaAa
PwIaAa
KaUaAa
QsAaAa
AuPaAa
EuYaAa
BxDbAa
EgHaAa
OsAaAa
NsVbAa
DgMbAa
CwAaAa
MzKbAa
AoBaAa
KoIaAa
AuWbAa
KbCaAa
KcSbAa
FsCaAa
HzGaAa
XiHaAa
XvYbAa
FnDaAa
GgCbAa
KiDaAa
FeBbAa
QwUaAa
WpRbAa
EeDaAa
MmGbAa
MbJbAa
IcAaAa
OpFaAa
VaAaAa
VcWaAa
VaAaAa
ZlAaAa
KlQaAa
FgAaAa
YkJaAa
TvFaAa
NvKaAa
JyAaAa
MoNaAa
TvFaAa
OeVaAa
BpGaAa
QfIbAa
CrAaAa
QwJbAa
AcHaAa
WjGbAa
UvLaAa
IiNaAa
PlPbAa
JfAaAa
SpTbAa
YvQaAa
HlLbAa
RyBaAa
NaYbAa
CsPbAa
MsIaAa
QjEbAa
FeCaAa
EjGbAa
PfDaAa
XeCaAa
RpVaAa
EuDaAa
BfPaAa
FiGaAa
DiXaAa
ZvPaAa
BxTaAa
HwVaAa
XeTaAa
JfAaAa
CcDaAa
QgKbAa
PmPaAa
SuMbAa
KrSaAa
RjYbAa
BzJaAa
TrIaAa
KbDaAa
KqGbAa
PfDaAa
BmVbAa
ByNaAa
SfWbAa
RyPaAa
HxUaAa
ZzCaAa
MdOaAa
ZtUaAa
PrOaAa
XeTaAa
PmBaAa
TbCbAa
SfPbAa
ZlAaAa
CvLbAa
ZaBbAa
OpKaAa
JfAaAa
QpAaAa
NkCaAa
WaAaAa
KhQaAa
IiBaAa
LdCaAa
DnGbAa
LaKaAa
QsQaAa
JpJbAa
UjBaAa
VaOaAa
BaAaAa
ZrRaAa
WoKaAa
KdRaAa
BnLaAa
GmWbAa
YcAbAa
MuBbAa
EcOaAa
ZwLbAa
PwUaAa
WeZaAa
AqDaAa
GjRbAa
YkZaAa
BhPbAa
YxBaAa
OzEaAa
VpUaAa
CeXaAa
LhXaAa
SbPaAa
WzYbAa
SaQaAa
CeGaAa
RgJbAa
PuNaAa
AuAaAa
PfCaAa
LvPbAa
HkMbAa
PeAaAa
AtFaAa
UvBaAa
ZbBaAa
LrSaAa
XbBaAa
NvYaAa
EyCbAa
DdTbAa
BuMbAa
XkPbAa
LdCaAa
GxBaAa
ZfKaAa
TxDbAa
AhDaAa
UmFaAa
XxGaAa
AtBaAa
VpLaAa
SpTbAa
QcEaAa
AfLaAa
PySbAa
OsUaAa
FtHaAa
NhAaAa
BvBaAa
NsHaAa
NoRbAa
JpMaAa
FsCaAa
PbAaAa
GjUbAa
EyYaAa
CbIbAa
DpUaAa
TdPaAa
JwUbAa
RcFbAa
AtFaAa
FxBaAa
SoBaAa
AuAaAa
TuXaAa
WiHaAa
LhXaAa
KuCaAa
TnIaAa
IrPaAa
UtFbAa
QlBbAa
AjNbAa
WoWaAa
WcLbAa
AaQaAa
TpHaAa
OyYbAa
YrNaAa
BiKaAa
TfPaAa
MzQbAa
FgEaAa
MxEbAa
ArVaAa
UrIaAa
YkBbAa
HtRaAa
IhFbAa
CeXaAa
LsDbAa
NpPbAa
ZlCaAa
EgWaAa
NqUbAa
JzHaAa
KfAaAa
ZzJbAa
MiDaAa
OyFbAa
CrAaAa
RiFaAa
MrYaAa
AzAaAa
EiMbAa
WpNaAa
LdDbAa
MdObAa
LsKbAa
MkAaAa
HaHbAa
UeEaAa
WlBaAa
CeEaAa
ZlAaAa
LaIbAa
EuDaAa
KiCaAa
ZhFaAa
CaXaAa
OxGbAa
NeFaAa
IgIbAa
RhIaAa
PhBbAa
RaDaAa
QtJaAa
UmFaAa
HkSbAa
LiDaAa
PkKbAa
OsUaAa
YjQbAa
AmAaAa
FhUbAa
JiNaAa
GeHaAa
TgXaAa
DjUaAa
MtKaAa
YkZaAa
WlDaAa
UlUaAa
RoDaAa
KdQaAa
MdObAa
LbDaAa
KfAaAa
LlFaAa
OhAaAa
EeDaAa
TrIaAa
XlPaAa
SoBaAa
LqGaAa
YbSaAa
EiRaAa
EzMbAa
HqFaAa
XbEaAa
XyVaAa
GsCaAa
VpUaAa
DgAaAa
ZsBaAa
PmPaAa
MsLbAa
GxYbAa
TsYbAa
JfSaAa
TnLaAa
JwJaAa
AfWbAa
WiHaAa
UpAbAa
RoDaAa
QeUbAa
UoCaAa
OaZbAa
PjZaAa
HyAaAa
CaYaAa
PuUaAa
FlPaAa
TsSbAa
UjBaAa
NzEaAa
ScQaAa
IiBaAa
DkKaAa
HlCaAa
YsCaAa
VgRaAa
NwFbAa
SnBbAa
VhPaAa
JkIaAa
KcFaAa
NzYaAa
YaFaAa
FeTaAa
EjPaAa
JwUbAa
CdAaAa
BaAaAa
LrKaAa
UeXaAa
ZqTaAa
JfAaAa
UtFaAa
QtTbAa
XiWbAa
TiLbAa
VhTbAa
NzEaAa
XlBaAa
CvBaAa
RhIaAa
TiQaAa
HyAaAa
YsCaAa
PhCbAa
HdKbAa
UjBaAa
SaDaAa
HqTaAa
KnObAa
QbAaAa
WcLbAa
LcFaAa
HrNaAa
RuRaAa
ZuJaAa
PhZaAa
DhTbAa
TaJaAa
EyNbAa
EnRbAa
GbSaAa
WxFaAa
KdGaAa
VhPaAa
HxIaAa
PeAaAa
NlOaAa
BvBaAa
NvYaAa
CtUbAa
SvTaAa
QrJaAa
TjVaAa
IcAaAa
KnCaAa
WwTbAa
OzEaAa
CsMaAa
MsGaAa
XlPaAa
HnDaAa
EjGbAa
YsBaAa
CmRaAa
PmKbAa
DnGbAa
DhTbAa
IcLaAa
EeVbAa
GsCaAa
MlHbAa
JdFbAa
GmJaAa
SiJbAa
YoNbAa
QwQaAa
ZlAaAa
OaSaAa
YyGbAa
CxDbAa
VdAaAa
YsBaAa
TlVaAa
WaAaAa
IwDaAa
BcHaAa
BhNaAa
CaYaAa
VdFaAa
JqAaAa
CxFaAa
BpHaAa
QcBaAa
YkGaAa
PuJbAa
LdJbAa
MnWaAa
UrKbAa
JyAbAa
DjTbAa
FxBaAa
PbNaAa
VdAaAa
TyNaAa
HzGaAa
VdAaAa
ZqTaAa
ChUaAa
JkYbAa
JzIaAa
QhBaAa
SuEaAa
NuGaAa
OiPaAa
UsPbAa
SfUaAa
JkIaAa
HhRbAa
AlNbAa
VmXaAa
HoNbAa
JuUbAa
UwSaAa
EgWaAa
GkHaAa
KbDaAa
FtHaAa
AiJbAa
XoJaAa
JoVaAa
EhPaAa
KnCaAa
PeKaAa
GsBaAa
QyBaAa
AfLaAa
DcWaAa
NrBaAa
YxBaAa
SxDaAa
BkYaAa
NwBaAa
LqLaAa
PqEaAa
PhTaAa
VkOaAa
QcSaAa
VxLaAa
GiAaAa
ShDaAa
KzQaAa
BuAaAa
JrObAa
FiEbAa
CxFaAa
CeEaAa
RoMaAa
JoVaAa
KvPbAa
TbFaAa
YrNaAa
TgYaAa
MwBaAa
JuKbAa
JfAaAa
EcOaAa
AuAaAa
YiIbAa
OzMaAa
CeEaAa
HxHaAa
EuDaAa
RjNaAa
KfAaAa
PmKbAa
CcYaAa
QzKaAa
FuDaAa
HmPbAa
GoNbAa
DxFaAa
XlPaAa
IhRbAa
CuXaAa
UjBaAa
UjBaAa
NnEbAa
YsBaAa
ZnBaAa
VuMaAa
RpAaAa
FfQbAa
WyEaAa
QlBbAa
AuAaAa
RoJbAa
MlWaAa
PeAaAa
DlUaAa
WaAaAa
BzAaAa
DxHbAa
UmAaAa
SfNbAa
AwMbAa
EpEaAa
GaNaAa
MfRaAa
LtDaAa
IwDaAa
BjLaAa
WlDaAa
VjBaAa
FeBbAa
FqPbAa
FfFaAa
DvCaAa
QlTaAa
DqSbAa
XeWaAa
GiAaAa
MxSaAa
FnDaAa
BpHaAa
IqTaAa
ItAaAa
NnEbAa
RjYbAa
MkAaAa
MlHbAa
AjAaAa
UsKaAa
SoMaAa
OaZbAa
KdGaAa
VbKaAa
YeIbAa
OwGaAa
SiJbAa
MpXbAa
IiBaAa
NnAaAa
ZsCaAa
ScRbAa
ZzCaAa
WdAaAa
ZvXbAa
UpAbAa
GgCbAa
LxEaAa
PhZaAa
QaVaAa
SoYaAa
UjBaAa
ZxUaAa
FgBaAa
UrDbAa
EyYaAa
AuAaAa
JkNaAa
WgBaAa
ZlAaAa
UvLaAa
TsYbAa
MuBbAa
XvYbAa
BsYbAa
WmIbAa
BxDbAa
PmBaAa
SjIaAa
KdRaAa
MxEaAa
XeBbAa
RlHaAa
CsMaAa
UnEaAa
DxFaAa
KiLaAa
VkOaAa
HsOaAa
XvHaAa
VqXbAa
FgBbAa
BhLaAa
BkYaAa
UaJbAa
BsYbAa
DcIaAa
DdAaAa
VlUaAa
TyWaAa
PqEaAa
LtMaAa
SfWbAa
EdYbAa
VcDaAa
IdKbAa
PhZaAa
VzDaAa
IzUaAa
EuYaAa
FyVaAa
IbVaAa
UeRaAa
AmAbAa
YgAbAa
RpAaAa
UnNaAa
WpNaAa
VgLbAa
CcDaAa
MtYaAa
ZuOaAa
RdSbAa
JyJaAa
DvCaAa
EtRbAa
FbBaAa
JyAbAa
GzCaAa
ImBbAa
BvFaAa
HxHaAa
JjFaAa
XcLbAa
DoXbAa
TiQaAa
XzLaAa
AnGaAa
ZbTbAa
GyGbAa
FiOaAa
IcAaAa
QnTaAa
TcRbAa
QsNaAa
RcEaAa
AmAaAa
TyPaAa
KwAbAa
KfAaAa
NrBaAa
AlLaAa
OcMaAa
JhKaAa
FhUbAa
HzFaAa
UrHaAa
JdEaAa
JpJbAa
KhQaAa
ViWaAa
KhDbAa
TbCbAa
HzGaAa
KcFaAa
YfKbAa
HiSbAa
LsFbAa
GnDaAa
WaAaAa
SlEaAa
SuEaAa
BfPaAa
OxAaAa
HzFaAa
QcBaAa
KxPbAa
EnUbAa
TcHaAa
HsOaAa
DoXbAa
JwUbAa
OjXbAa
FyVaAa
ZgCaAa
WaZaAa
SlVaAa
IxQaAa
QrFaAa
NzSaAa
BiDbAa
PhEaAa
UqYaAa
OkCaAa
NqKbAa
EbNbAa
TuXaAa
QnTaAa
KcFaAa
YvRaAa
OxGbAa
MsGaAa
AnHaAa
ToHbAa
WqEbAa
BeBaAa
BcRaAa
HzFaAa
FsBaAa
TrIaAa
RtCaAa
SoBaAa
PpJaAa
ImGaAa
HtAaAa
ScRbAa
VcDaAa
HaFaAa
FlPaAa
XkPbAa
GcAbAa
OpKaAa
PuNaAa
EgMbAa
AlGaAa
WxLaAa
VaJbAa
TsWbAa
InMaAa
NmFbAa
YsBaAa
VaObAa
XlBaAa
MrWaAa
CkRaAa
TsYbAa
BxTaAa
LsFbAa
DaAaAa
DgAaAa
AfLaAa
FuDaAa
QlTaAa
UuMaAa
BxJaAa
XgAbAa
MkAaAa
QcSaAa
QlGaAa
EuDaAa
IqFaAa
HfKaAa
NlOaAa
FxFbAa
DyEaAa
PeAaAa
CsYbAa
NoFbAa
OeKbAa
OwBaAa
GcBbAa
XiWbAa
WlBaAa
CoObAa
OcMaAa
DgAaAa
KdBaAa
MaNbAa
OpKaAa
OjMbAa
MsAbAa
YvQaAa
NvYaAa
WoEbAa
CzDaAa
CxFaAa
BmAaAa
SjNbAa
BjLaAa
VqBaAa
IdSaAa
WoKaAa
CjCaAa
TdPaAa
RtBaAa
CrQbAa
GyGbAa
NmRbAa
LuDbAa
AtTaAa
GjRbAa
PkKbAa
JoVaAa
LsDbAa
PbAaAa
LqHaAa
AyPaAa
UvLaAa
JaSbAa
OiQbAa
NlEbAa
GaNaAa
HcNaAa
KvAaAa
GoNbAa
CvBaAa
KdEaAa
OjOaAa
IjUbAa
FtHaAa
RoDaAa
MxXaAa
BpLaAa
AuAaAa
UwEbAa
GgCbAa
IbHaAa
UtBbAa
VgRaAa
OxGbAa
NvKaAa
UbIbAa
PhBaAa
VrAaAa
PvTbAa
NaEaAa
KmNaAa
RfIbAa
ApZaAa
FsCaAa
NoEaAa
WaAaAa
YeIbAa
BaAaAa
MdCaAa
KnObAa
AnGaAa
CsDaAa
HsOaAa
PgFaAa
MdVbAa
NqKbAa
JfAaAa
SxLbAa
XmOaAa
ZlJbAa
WoOaAa
EpEaAa
YiBbAa
GkJaAa
QtJaAa
KlSaAa
EbBaAa
KoLaAa
AuEaAa
NeQbAa
JqAaAa
KdQaAa
IdSaAa
EsWaAa
UeEaAa
MdObAa
QdWbAa
PpFaAa
AvTaAa
HqFaAa
TrIaAa
TyNaAa
JjSaAa
HaHbAa
EvHbAa
CwAaAa
YkHaAa
PuJbAa
CwAaAa
ZsOaAa
FgBbAa
BcGaAa
ZvPaAa
BaAaAa
ZhFaAa
MtDaAa
XsCbAa
SpTbAa
RwQaAa
GfKbAa
RwNaAa
EuYaAa
EuDaAa
BkSaAa
FnDaAa
ViHbAa
EqCaAa
CqMaAa
JuUbAa
MrYaAa
KfAaAa
AlLaAa
NeFaAa
JfAaAa
FvHaAa
KaUaAa
KaIbAa
LdCaAa
YxBaAa
JqAaAa
BaAaAa
JqAaAa
YeIbAa
LuLaAa
ApZaAa
TpBbAa
UeGaAa
UjAaAa
AlLaAa
GzCaAa
XxGaAa
MxSaAa
AhDaAa
JrXaAa
FoAaAa
WgOaAa
TxVbAa
LrSaAa
EgAaAa
ZtRaAa
XmCbAa
XgBaAa
XiEbAa
PfDaAa
HrJbAa
CnIaAa
OfAbAa
OeKbAa
SnBbAa
WpNaAa
EcZaAa
OzMaAa
MsIaAa
QpAaAa
NxMaAa
KfAaAa
LaKaAa
RgKaAa
FsCaAa
FhUbAa
LcFaAa
RaDaAa
HhFaAa
YeIbAa
NoAbAa
XfMaAa
IiAaAa
XlPaAa
PmBaAa
IaPaAa
RhIaAa
OxGbAa
LsFbAa
GiAaAa
KyTaAa
InBaAa
SvTaAa
WgVbAa
GbSaAa
LzEbAa
EpEaAa
TvFaAa
TcBaAa
OjXbAa
ZxHaAa
XgBaAa
BaJaAa
JbGaAa
WaAaAa
XqOaAa
CwAaAa
WcLbAa
BuAaAa
TkFaAa
YbTbAa
JbGaAa
GiBbAa
UjBaAa
CzDaAa
PbAaAa
KbUbAa
WyMaAa
QbLaAa
EuDaAa
PbAaAa
PmKbAa
GzCaAa
PjZaAa
JuUbAa
WdAaAa
VjAaAa
PkRbAa
YyGbAa
EyYaAa
CoMbAa
ObZaAa
RiSaAa
IyKaAa
OsAaAa
OhCbAa
FfFaAa
MkAaAa
XhQbAa
LqLaAa
OpKaAa
MkAaAa
MwRbAa
GwVaAa
XlBaAa
ShDaAa
QeUbAa
DdTbAa
JkYbAa
VvBbAa
FfFaAa
XlBaAa
CwAaAa
MsIaAa
IgDaAa
FtHaAa
UwEbAa
LbIaAa
OjJaAa
QhBaAa
TaJaAa
WaAaAa
MoEaAa
VwAaAa
MzQbAa
MlWaAa
EgVbAa
EnGbAa
ToHbAa
XlPaAa
FxFbAa
TsDaAa
JgLaAa
LyBbAa
UpFbAa
OvYaAa
EbNbAa
ZlAaAa
JdBaAa
FyXaAa
WlUbAa
IwDaAa
MuGaAa
OjHaAa
FwKaAa
OaSaAa
UeRaAa
BuAaAa
GcAbAa
OpFaAa
AzAaAa
FbEaAa
PkKbAa
DaAaAa
PwUaAa
KuCaAa
NoUbAa
AfPbAa
CxFaAa
MdJaAa
CaAaAa
VaAaAa
KnObAa
XlBaAa
OaYbAa
MiUaAa
UlUaAa
VuCbAa
FbEaAa
BvFaAa
CvBaAa
BmObAa
KmEaAa
CsSbAa
QwJbAa
VrAaAa
YbTbAa
FvHaAa
SaCaAa
TfPaAa
NbTaAa
EyQbAa
DdFaAa
BaIaAa
PvVaAa
UrIaAa
OfAbAa
SmCaAa
ZsCaAa
ZaFaAa
FwKaAa
YvQaAa
CjCaAa
CxFaAa
BgYaAa
JzHaAa
DxFaAa
OlIbAa
XaAaAa
NnEbAa
VhTbAa
WgGaAa
ZlAaAa
MdOaAa
UuMaAa
QwQaAa
EuYaAa
WlBaAa
RcBaAa
QlGaAa
GmCbAa
SuEaAa
MtDaAa
IsVaAa
EgMbAa
ZrPaAa
ShCaAa
MoFbAa
SxUbAa
XoAaAa
YoNbAa
CpBbAa
JcAaAa
ItAaAa
DoSbAa
MkAaAa
TxUbAa
HuOaAa
SfWbAa
HkZaAa
DoSbAa
HjRbAa
XvHaAa
XcLbAa
TaIaAa
VnEaAa
FeCaAa
WdAaAa
LdQaAa
LvSaAa
QhEaAa
OsUaAa
CcYaAa
CjCaAa
VyIbAa
HxUaAa
ImGaAa
EbBaAa
UjAaAa
MbWaAa
IzJbAa
MvMaAa
FgBbAa
MhWaAa
CmXaAa
OxAaAa
KnObAa
NhJaAa
RcEaAa
GmPbAa
HdKbAa
ReSaAa
IdSaAa
LnQaAa
HlAaAa
DrAaAa
GwKbAa
DcWaAa
GeIaAa
SlVaAa
HkHaAa
BaAaAa
KbUbAa
GcAbAa
FgZaAa
BvBaAa
VgRaAa
IwZaAa
XgBaAa
AuEaAa
AmAaAa
GyGbAa
EeVbAa
AfLaAa
JmLaAa
DlUaAa
LdCaAa
TmAaAa
XdYbAa
VlDaAa
AmAaAa
DlGbAa
OtNbAa
TeBaAa
OzEaAa
AaQaAa
FbEaAa
VaAaAa
WlDaAa
QyBaAa
NfOaAa
EiRaAa
TzAaAa
IcLaAa
BxDbAa
KbDbAa
ZtRaAa
AiSaAa
BmSaAa
JaSbAa
NkAaAa
CuXaAa
JhJbAa
NsAbAa
KyDaAa
OtNbAa
PuNaAa
BsYbAa
FoIbAa
IqTaAa
RbFaAa
CwAaAa
KyDaAa
FdKaAa
GxBaAa
ClIaAa
ZlAaAa
EtRbAa
NqUbAa
ReSaAa
RgJbAa
SpTbAa
SnBbAa
IwDaAa
TcDbAa
JuUbAa
ZwLbAa
OcKaAa
ZzGaAa
NrCaAa
PyFaAa
EiMbAa
UjAaAa
ToBaAa
MkAaAa
NlEbAa
QlBbAa
ZxHaAa
VaAaAa
CxFaAa
PxKaAa
VlDaAa
SnIaAa
YkBbAa
VdAaAa
FyVaAa
BsDaAa
PmPaAa
BpGaAa
OwGaAa
HiZaAa
HvJbAa
LgUaAa
CmRaAa
JuKbAa
KgUaAa
EaLbAa
DsIbAa
DgAaAa
PwIaAa
LdCaAa
FuDaAa
OaZbAa
KdRaAa
ZkZaAa
HiIbAa
GoNbAa
BvBaAa
SnIaAa
GgCbAa
QnTaAa
DlUaAa
MpXbAa
GcAbAa
EtRbAa
TeQaAa
WiMbAa
YmCbAa
IcAaAa
KfAaAa
NvCbAa
MxEaAa
TjAaAa
GcAbAa
TeQaAa
ZgCaAa
VsIbAa
RoMaAa
PeKaAa
CvDbAa
WiMbAa
MoNaAa
HlLbAa
VzDaAa
EpEaAa
DdFaAa
FqIbAa
FbBaAa
EgBaAa
WuIbAa
ZgCaAa
WzYbAa
LyBbAa
YkGaAa
GnDaAa
VdAaAa
BsYbAa
NbZaAa
MnWaAa
PnCbAa
LuLaAa
PmKbAa
DoXbAa
HkGaAa
BsDaAa
EnUbAa
HcNaAa
BhLaAa
RyBaAa
NoUbAa
RoMaAa
TcDbAa
TdUaAa
IgIaAa
DgAaAa
LyVbAa
TaJaAa
WdAaAa
KdGaAa
UrAbAa
MpXbAa
PmBaAa
UeMbAa
PmBaAa
UwSaAa
WlBaAa
CkRaAa
HnBaAa
RmCaAa
DcWaAa
YsBaAa
TcDbAa
IlCaAa
TqMaAa
WoOaAa
OhAaAa
KdQaAa
PfIaAa
OcMaAa
YnDaAa
UeBaAa
WgVbAa
PjWbAa
ZrJbAa
YsBaAa
WuYaAa
DlUaAa
StCaAa
PmBaAa
BnTbAa
FzLaAa
GiCbAa
UpAbAa
MoAbAa
BvBaAa
NkAaAa
ReSaAa
ToBaAa
WlBaAa
XwKaAa
RbFaAa
ZgCaAa
XxXbAa
ZwLbAa
EaLbAa
QrFaAa
XlBaAa
QnCbAa
ZnDaAa
QySbAa
VyEaAa
UtBbAa
ZmNbAa
RwNaAa
FpEaAa
TeBaAa
CaAaAa
ZlJbAa
LrKaAa
XeTaAa
XlPaAa
YkGaAa
TbCbAa
GiAaAa
VdAaAa
XeTaAa
DcWaAa
AlLaAa
MjZbAa
PjSbAa
HgCaAa
XuDaAa
XkPbAa
CrAaAa
OqRbAa
HpPaAa
TmAaAa
KmEaAa
SlIaAa
DkKaAa
RiFaAa
QpAaAa
EvHbAa
GkBbAa
LyVbAa
UlUaAa
PrOaAa
JjFaAa
PcKbAa
IzUaAa
SfPbAa
OfAbAa
EeDaAa
GjUbAa
MwBaAa
OsAaAa
YtIaAa
JrXaAa
CdAaAa
FvYbAa
XuDaAa
OaTbAa
FvGaAa
MhWaAa
PxKaAa
JmHaAa
KdRaAa
MkBaAa
OpKaAa
QpAaAa
MdHaAa
VlDaAa
XuDaAa
CcDaAa
MmUaAa
VyCbAa
CwAaAa
ExCaAa
BxDbAa
AzAaAa
JzPaAa
YeIbAa
RyIaAa
RpVaAa
AlEaAa
PeAaAa
RaGaAa
ZlAaAa
TkXaAa
NkCaAa
SlVaAa
YvQaAa
KvPbAa
GfFaAa
WiHaAa
GeTaAa
GaFaAa
EyTbAa
VoXbAa
FnDaAa
DaXaAa
MtDaAa
BmAaAa
TjAaAa
JkYbAa
KmEaAa
KmEaAa
QmLbAa
EyIbAa
IiNaAa
AfPbAa
HdKbAa
FsCaAa
BuAaAa
DgAaAa
CkRaAa
ZpPaAa
UeEaAa
RmJbAa
ZlAaAa
TsYbAa
CeJbAa
ItRaAa
ZxIaAa
OfHbAa
SfWbAa
TeQaAa
BvFaAa
JfAaAa
EsEbAa
VkOaAa
OsUaAa
DgMbAa
SbFaAa
OhCbAa
VrAaAa
PaMaAa
VfGbAa
NkCaAa
MtDaAa
FgAaAa
NdWaAa
GzCaAa
LqHaAa
MsLbAa
IvJbAa
HsOaAa
YfKbAa
XgZaAa
YyZaAa
PgFaAa
AcHaAa
JwUbAa
OjHaAa
FiGaAa
GmWbAa
FbBaAa
EeVbAa
TzAaAa
LsLaAa
KnCaAa
LnMbAa
PhBaAa
IhKbAa
EeOaAa
JfAaAa
VaAaAa
GxBaAa
CcYaAa
NvKaAa
ZmZaAa
JrDaAa
UmAaAa
DwAaAa
MdVbAa
VdAaAa
ZnDaAa
JpSaAa
QcBaAa
ZgCaAa
XtIaAa
XeCaAa
NqUbAa
SqDaAa
LlFaAa
HcNaAa
WjPaAa
RjYbAa
RaDaAa
RmCaAa
PpFaAa
ZsCaAa
EcTaAa
AiSaAa
GyGbAa
BjLaAa
AjAaAa
NzYaAa
ZhFaAa
EuDaAa
ZxUaAa
MjVbAa
RxLbAa
UoCaAa
TvDbAa
VdAaAa
SnBbAa
PySbAa
JtWbAa
NeFaAa
WgBaAa
SxDaAa
AfWbAa
RgKaAa
EpEaAa
FgZaAa
NzEaAa
WaAaAa
AaQaAa
HhFaAa
WbKaAa
LtDaAa
RyPaAa
KqIaAa
HgCaAa
XhUaAa
KpYaAa
TdUaAa
MkAaAa
VwAaAa
CjCaAa
QhIbAa
NpPbAa
HvNaAa
PwHaAa
PiUbAa
EeVbAa
JmTbAa
PjXbAa
VuIbAa
MdVbAa
VoCaAa
EjTbAa
KiDaAa
XgBaAa
XgOaAa
BnLaAa
CmSaAa
SaDaAa
StBaAa
VgEbAa
OiUbAa
BkSaAa
EgAaAa
DoSbAa
KxPbAa
CkRaAa
SgSaAa
UiAbAa
HiAaAa
EgVbAa
BaAaAa
ZeNaAa
JyAbAa
IcLaAa
LdDbAa
CaXaAa
PeKaAa
BxJaAa
EbBaAa
RwNaAa
EbBaAa
QcEaAa
BlLaAa
MhMbAa
RpAaAa
RaDaAa
MsAbAa
RdSbAa
WaAaAa
CaAaAa
OiUbAa
QzOaAa
TgYaAa
FsCaAa
ZlJbAa
PbNaAa
GiAaAa
XgOaAa
SlNaAa
QfDaAa
QaVaAa
AaQaAa
YbTbAa
SfWbAa
MfEaAa
RcBaAa
ZoTaAa
SoVbAa
TjAaAa
IsTaAa
DpUaAa
FeDaAa
WlDaAa
TlIaAa
SsObAa
YjQbAa
OlEbAa
VwMaAa
QcBaAa
OvCbAa
TaJaAa
ZaHbAa
NvYaAa
VkOaAa
KqIaAa
BbSbAa
QfIbAa
ErUaAa
DdFaAa
DrBbAa
VkOaAa
NuVbAa
LjKaAa
PuNaAa
HyAaAa
AnGaAa
UwEaAa
ZlAaAa
WzYbAa
BzDbAa
ReAaAa
TvTaAa
NkCaAa
QcBaAa
JpJbAa
SlYbAa
CsMaAa
TjAaAa
HyKaAa
JyAbAa
KfAaAa
TcDbAa
PbAaAa
RfNaAa
ZwLbAa
DoSbAa
HdKbAa
MwBaAa
DsIbAa
RtBaAa
EyIbAa
JaSbAa
CxFaAa
AaGaAa
BkYaAa
AmAaAa
KmEaAa
PuNaAa
JpQaAa
UoCaAa
OxGbAa
CkRaAa
DtDbAa
OfHbAa
EuDaAa
JkYbAa
TcRaAa
GmWbAa
FzWbAa
LtMaAa
QhBaAa
NxTbAa
DmWaAa
ShDaAa
MkAaAa
EnRbAa
QdNaAa
JcAaAa
KwAbAa
BjBaAa
FmOaAa
EcObAa
YaFaAa
WwGbAa
OaSaAa
MuVbAa
MtKaAa
KdSaAa
JrDaAa
MwBaAa
XbEaAa
GjUbAa
VfGbAa
LbJaAa
XjPaAa
TeJbAa
IaPaAa
OaGbAa
AiJbAa
FgAaAa
FjMaAa
WrUaAa
NqKbAa
ZsCaAa
HqFaAa
RaDaAa
BkSaAa
ZrPaAa
DaOaAa
WlUbAa
AlEaAa
WoCaAa
ApZaAa
JhKaAa
PjSbAa
ZaPaAa
BxJaAa
YsCaAa
TsYbAa
XgEaAa
XgEaAa
JkYbAa
OpFaAa
LaKaAa
TvFaAa
LrMbAa
CjCaAa
UoCaAa
AfPbAa
EuDaAa
HtUaAa
SnBbAa
TjAaAa
OxAaAa
CtBbAa
EiXaAa
NxMaAa
BnLaAa
QtVaAa
ZnDaAa
MzQbAa
ZsOaAa
DaFbAa
IzHaAa
BaAaAa
RhIaAa
IzPbAa
FoIbAa
LbJaAa
SiJbAa
PhZaAa
EyYaAa
PkKbAa
BxDbAa
DhPaAa
GzCaAa
QrFaAa
JkYbAa
PuNaAa
XhUbAa
KfAaAa
KdFbAa
BsDaAa
NoUbAa
DzDaAa
QzGbAa
ImHaAa
DaOaAa
PxKaAa
UoCaAa
UjAaAa
KcFaAa
CqMbAa
KyJaAa
UzObAa
AnBbAa
DaWaAa
ZlCaAa
XkPbAa
FxFbAa
LrSaAa
AlNaAa
EdGbAa
QcSaAa
DaAaAa
EaLbAa
DgAaAa
TxVbAa
HrEaAa
VsIbAa
StCaAa
UmAaAa
VwEbAa
OzEaAa
UeRaAa
LtDaAa
YkZaAa
OhBbAa
IyAaAa
NlXbAa
RgJbAa
LyBbAa
JoVaAa
MdCaAa
ZjQbAa
CaAaAa
HrNaAa
CxJaAa
KrSaAa
LjQaAa
FsBaAa
IcNaAa
WpRbAa
FbBaAa
NuRbAa
FbBaAa
IyAaAa
XmOaAa
QbAaAa
CmAaAa
FiOaAa
XjMaAa
JdEaAa
PhBaAa
XcTaAa
LjXaAa
DhTbAa
DwWbAa
OoUbAa
RhNbAa
DyEbAa
GxBaAa
OzEaAa
LbJaAa
KoBbAa
XwKaAa
QcBaAa
DyEaAa
AcHaAa
VuCbAa
IcAaAa
LzEbAa
IwDaAa
QcSaAa
NhAaAa
ZsBaAa
GbTbAa
PeKaAa
LsFbAa
UuMaAa
VwMaAa
BaAaAa
FyVaAa
OkAaAa
RbFaAa
TiDbAa
UuMaAa
JfAaAa
AcHaAa
NzYaAa
OfAbAa
UwEbAa
EbBaAa
EpEaAa
JyLbAa
StCaAa
PxAaAa
IbHaAa
CoCaAa
RfNbAa
NdWaAa
ZrPaAa
FoIbAa
KqIaAa
OqNaAa
VpUaAa
AoBaAa
UoCaAa
FbEaAa
BeBaAa
MsAbAa
LcFaAa
ZdUbAa
MdVbAa
FxBaAa
NaEaAa
EpEaAa
WdAaAa
XlBaAa
AfPbAa
UbUaAa
GbTbAa
XdAaAa
ZsOaAa
IhFbAa
ZvRaAa
MwBaAa
NaEaAa
AhDaAa
TxUbAa
VaOaAa
DiXaAa
ZfKaAa
QfIbAa
XpEaAa
AzAaAa
WsCbAa
YkZaAa
MvMaAa
CoXaAa
LrKaAa
DgJaAa
QdNaAa
HzCaAa
UlUaAa
QcEaAa
QlTaAa
ZaFaAa
JoHaAa
AuEaAa
CtBbAa
PjSbAa
WdGbAa
EyTbAa
KiDaAa
MtYaAa
ToXaAa
EpQbAa
LoIaAa
KlQaAa
IpQaAa
PjWbAa
VgMbAa
HaHbAa
JfAaAa
EgHaAa
SoBaAa
KbRaAa
PsAaAa
LbIaAa
CeGaAa
JoHaAa
MaBaAa
LtDaAa
PbNaAa
FiJaAa
EuYaAa
EqCaAa
WpQbAa
EsCbAa
ZzCaAa
QsNaAa
NrXbAa
UrHaAa
RmJbAa
AzAaAa
ZuJaAa
FiOaAa
XxXbAa
DhPaAa
LpJbAa
EyYaAa
WaAaAa
DjCaAa
HtAaAa
RfNaAa
OpKaAa
LfAaAa
UaJbAa
EoFaAa
JcAaAa
JpJbAa
OgQbAa
GjUbAa
HdKbAa
QcEaAa
ApZaAa
ZgCaAa
WrAaAa
YkHaAa
WcTaAa
QmLbAa
LvPbAa
QpAaAa
CkRaAa
FbYbAa
HoJaAa
RmCaAa
HzRaAa
ImGaAa
XzLaAa
ExFaAa
HcNaAa
HxHaAa
QnCbAa
TpLaAa
GjUbAa
BmSaAa
XhQbAa
StCaAa
AiFaAa
FeBbAa
BeBaAa
LsBbAa
EuDaAa
EaLbAa
PyFaAa
JfAaAa
XoJaAa
ExCaAa
XmOaAa
SoBaAa
KmEaAa
FbBaAa
OpOaAa
DyEaAa
UoCaAa
KfAaAa
QfDaAa
HrJbAa
DaWaAa
WjGbAa
NdWaAa
CbUaAa
PyFaAa
KfAaAa
AqDaAa
CaXaAa
EuDaAa
BjBaAa
IwZaAa
YpPaAa
KdRaAa
HrNaAa
ChUaAa
ShCaAa
JbGaAa
EiMbAa
PmBaAa
VpUaAa
JcAaAa
MwBaAa
MoEaAa
AqDaAa
DsMaAa
TwEaAa
XeDaAa
OtNbAa
EgGaAa
ZlAaAa
YbSaAa
QcBaAa
DxLaAa
HcAbAa
UaXaAa
NhAaAa
RvJaAa
QhWbAa
JrObAa
VaOaAa
PuNaAa
AoMaAa
AfWbAa
EiRaAa
FiJaAa
LdDbAa
NdIaAa
AtFaAa
RbFaAa
ZaBbAa
BpGaAa
CkRaAa
YaFaAa
RtBaAa
TiKaAa
FgBbAa
EbBaAa
SlEaAa
ZeNaAa
CuSaAa
WgBaAa
AoBaAa
KmNaAa
NrCaAa
WaAaAa
CoCaAa
UvBaAa
CjCaAa
EsCbAa
GvIaAa
KfAaAa
MjVbAa
OfHbAa
JmGaAa
UjVaAa
WoEbAa
AhCaAa
MzKbAa
WlDaAa
RgKaAa
KaUaAa
HuOaAa
IuVaAa
XkPbAa
MbTaAa
BwEaAa
PwIaAa
FhUbAa
WjCaAa
PrNbAa
HgIaAa
JoHaAa
MzEbAa
SaQaAa
VgJaAa
AfLaAa
CwPbAa
QwJbAa
EvFbAa
CjCaAa
GaFaAa
KyTaAa
JfSaAa
PyRaAa
EpEaAa
VaObAa
RnHaAa
GjQbAa
UwSaAa
MwBaAa
IhKbAa
DgAaAa
MdVbAa
BjLaAa
KmEaAa
DaOaAa
CdAaAa
AtFaAa
DhTbAa
SnGaAa
QcEaAa
OqNaAa
SnHaAa
BxJaAa
VyEaAa
GjRbAa
CeBaAa
VuCbAa
FoAaAa
OaZbAa
LmEaAa
TsSbAa
FeCaAa
AlNaAa
BiKbAa
QnTaAa
KrDaAa
OxGbAa
XqOaAa
ElBaAa
KbFbAa
MtDaAa
PeAaAa
PrNbAa
ImHaAa
BhPbAa
ZlCaAa
KmNaAa
TsSbAa
DxLaAa
XvYbAa
NoUbAa
HlCaAa
VcDaAa
JaSbAa
EcTaAa
LiDaAa
KnSaAa
YkJaAa
KfAaAa
PhTaAa
VbKaAa
WlBaAa
EdFaAa
RyPaAa
ExCaAa
NhAaAa
UsPbAa
UoCaAa
DjTbAa
DlGbAa
ZgCaAa
EnUbAa
JkYbAa
UeGaAa
UaXaAa
CjBaAa
TpHaAa
WiHaAa
NkAaAa
BzAaAa
PhEaAa
IcAaAa
YrNaAa
ZeNaAa
BpHaAa
YsBaAa
PkMaAa
QcBaAa
HqTaAa
VoCaAa
MaBaAa
HvJbAa
DjCaAa
GfFaAa
PfDaAa
BmAaAa
MlHbAa
QcEaAa
LdCaAa
SlYbAa
MbTaAa
AlNaAa
YkPbAa
LzEbAa
MdOaAa
CjCaAa
AyQaAa
WrUaAa
RgJbAa
JqVaAa
OgQbAa
HrQaAa
RiSaAa
AtTaAa
WgGaAa
GaAbAa
YiZaAa
ReAaAa
DdTbAa
NnEbAa
JpMaAa
OgQbAa
ZxUaAa
GqJaAa
VaJbAa
VhPaAa
JrXaAa
EoKaAa
MuVbAa
QnYbAa
ZyKaAa
XdAaAa
AhDaAa
KcSbAa
SaQaAa
BdPaAa
HfKaAa
CuSaAa
VaObAa
ZvNaAa
ZxIaAa
HxHaAa
LrKaAa
QnTaAa
PkMaAa
MhWaAa
LzEbAa
SfLaAa
XlBaAa
IlLbAa
WpKbAa
EnRbAa
OhBbAa
QcBaAa
EuYaAa
RyPaAa
PjZaAa
LgTbAa
PgFaAa
PhBaAa
FiGaAa
CuAaAa
DhPaAa
BxTaAa
QwUaAa
LfAaAa
CeYaAa
GxYbAa
NnFaAa
QcBaAa
ShCaAa
PxKaAa
AuRaAa
GjUbAa
UhVaAa
YhRbAa
MtYaAa
KbUbAa
IcAaAa
DdFaAa
UtBbAa
DlGbAa
WaAaAa
YbEaAa
FbBaAa
UeBaAa
QcEaAa
MkAaAa
JhJbAa
XeIaAa
ZmZaAa
JvWbAa
QlGaAa
IiBaAa
EqCaAa
GjRbAa
DbSbAa
DoXbAa
PrOaAa
LvSaAa
RoDaAa
UaJbAa
ScRbAa
WzYbAa
PhBaAa
LcCbAa
YrRaAa
TgYaAa
EqCaAa
ZlAaAa
MlKaAa
FsBaAa
HrQaAa
KfAaAa
UwEbAa
UoCaAa
YoNbAa
DcDaAa
UvBaAa
MfRaAa
MnFaAa
PvDaAa
GzCaAa
MvMaAa
CsPbAa
ZoAaAa
QhIbAa
ZrPaAa
OyFaAa
HtRaAa
LbIaAa
QeUbAa
MdObAa
OsAaAa
CnNaAa
HaHbAa
BiKaAa
HyAaAa
NcKaAa
OhCbAa
LsLaAa
PbAaAa
TcDbAa
GfKbAa
MoAbAa
LbUbAa
AhCaAa
OkAaAa
PeAaAa
DsIbAa
KrSaAa
ZuZaAa
XmCbAa
PfDaAa
JpMaAa
CnNaAa
OhAaAa
QcBaAa
CwSaAa
OfHbAa
JcAaAa
MgYbAa
KcFaAa
RcEaAa
GlAaAa
ZuOaAa
EyNbAa
WaZaAa
SpTbAa
XmOaAa
MfAaAa
NrXbAa
ImBbAa
MlHbAa
PmKbAa
ZlAaAa
BtZaAa
ItAaAa
UcDbAa
QzOaAa
BsYbAa
HrJbAa
NoRbAa
YuVaAa
CvBaAa
GeBbAa
AhSbAa
AhXbAa
SxUbAa
LuLaAa
GaNaAa
WoKaAa
CaIaAa
NeFaAa
HzRaAa
ZgWbAa
PnIbAa
RtBaAa
RrJaAa
SuEaAa
NkAaAa
YiIbAa
NdWaAa
IiNbAa
JjFaAa
SkFaAa
IbHaAa
CkRaAa
LcFaAa
OlCbAa
QlBbAa
CeGaAa
CxJaAa
WdAaAa
DkKaAa
BpHaAa
XkPbAa
XdMaAa
CrAaAa
NvCbAa
ImTaAa
TeBaAa
HgCaAa
VsSaAa
UsKaAa
WlUbAa
YvRaAa
FvHaAa
DeEaAa
AjNbAa
VwAaAa
ZeNaAa
NwFbAa
EsWaAa
AfLaAa
EgGaAa
KiBaAa
ChUaAa
EdGbAa
NaYbAa
AfNbAa
FgBbAa
CbSbAa
BpHaAa
GzCaAa
MoAbAa
SpTbAa
TrQbAa
KmEaAa
WgRaAa
PrOaAa
KcFaAa
GiAaAa
HkWbAa
UeYaAa
SlEaAa
WlBaAa
YfKbAa
EaXaAa
ZjFbAa
KpYaAa
EqCaAa
ErUaAa
RfNaAa
CwAaAa
AzAaAa
MwBaAa
FsCaAa
WmIbAa
LqHaAa
QvDaAa
CmAaAa
MdOaAa
LyRbAa
IhFbAa
EgEaAa
ZiGaAa
RoDaAa
TkXaAa
JnJbAa
TmAaAa
IaHbAa
IbHaAa
LtDaAa
TxVbAa
GoIbAa
EuDaAa
BzJaAa
OeVaAa
RaGaAa
WcTaAa
PmPaAa
VxFaAa
MzKbAa
FeIaAa
HtAaAa
LcFaAa
DcDaAa
AnBbAa
TgYaAa
CdAaAa
RoJbAa
MlHbAa
YeIbAa
CcUbAa
QfDaAa
GbTbAa
TvFaAa
PbAaAa
LaKaAa
AhNbAa
MaBaAa
MsLbAa
TfPaAa
CoCaAa
MoEaAa
GmJaAa
VdAaAa
GoAaAa
TiQaAa
BaAaAa
MtMaAa
RmJbAa
BjAaAa
JdEaAa
GgAaAa
FsCaAa
KfAaAa
OcMaAa
RyIaAa
JoVaAa
PpFaAa
FwKaAa
IeWbAa
UhGbAa
LnMbAa
GxBaAa
DcDaAa
FfQbAa
HlLbAa
IgIbAa
RfNbAa
DpUaAa
ZnBaAa
NfOaAa
YkHaAa
TgYaAa
VwAaAa
ZaFaAa
UhGbAa
WlUbAa
BjLaAa
UoCaAa
LjKaAa
GaFaAa
HaHbAa
PcKbAa
RwNaAa
FeVbAa
ScBaAa
FjCaAa
OhCbAa
AzAaAa
VaAaAa
EjUaAa
MhMbAa
DnEaAa
RcEaAa
SwPaAa
SaQaAa
YkZaAa
KqBbAa
QrOaAa
AdLaAa
FxBaAa
NpPbAa
NcKaAa
ExCaAa
PrOaAa
NdWaAa
WgBaAa
ZtRaAa
KdEaAa
DsSaAa
MbLbAa
LdHaAa
EoKaAa
AzAaAa
CrAaAa
QcBaAa
HuOaAa
NbTaAa
ChUaAa
TvFaAa
CaYaAa
KmEaAa
UcJaAa
XwKaAa
KdQaAa
IxQaAa
XiWbAa
XzSbAa
CwXaAa
BbSbAa
SaQaAa
HyKaAa
EgJaAa
EsWaAa
UqYaAa
RyIaAa
HuOaAa
CcRaAa
JmGaAa
DnGbAa
LqHaAa
ZoNbAa
YgEaAa
FjMaAa
AfPbAa
BvFaAa
OeKbAa
YxSbAa
UzAaAa
YiIbAa
VaOaAa
MdCaAa
ToHbAa
CeRaAa
WaAaAa
OqNaAa
LtMaAa
VgJaAa
CrAaAa
FwKaAa
VmMbAa
QcEaAa
SnIaAa
VjCaAa
BsDaAa
WlDaAa
KfAaAa
JaMbAa
ZxHaAa
CcDbAa
BjAaAa
VyEaAa
OaSaAa
WmIbAa
JmLaAa
XvYbAa
OyFaAa
KhDbAa
RhIaAa
DgMbAa
HaHbAa
MkAaAa
XdAaAa
SlNaAa
LzEbAa
VpLaAa
YfFaAa
DoSbAa
TzAaAa
DkKaAa
MxIbAa
CsMaAa
VaAaAa
WyYaAa
NzEbAa
ZlAaAa
MaNbAa
HsNbAa
ZeNaAa
RjNaAa
QmMaAa
ZvRaAa
GjUbAa
FuDaAa
VtGaAa
JwJaAa
BkYaAa
EgVbAa
NaYbAa
GnDaAa
HwKbAa
UaXaAa
DcDaAa
UzObAa
RcFbAa
BaAaAa
CaAaAa
MkAaAa
PeKaAa
EsYaAa
VcDaAa
BhLaAa
JfAaAa
OsUaAa
QsQaAa
HgIaAa
JzHaAa
IzRaAa
UaXaAa
RiFaAa
HjQbAa
PwHaAa
PvDaAa
ZxHaAa
EfGbAa
AuAaAa
JeNbAa
BdPaAa
AnHaAa
NnEbAa
HzCaAa
LsFbAa
GbSaAa
YqJaAa
FbBaAa
WpNaAa
CwAaAa
DeEaAa
FfQbAa
BzJaAa
StBaAa
GkHaAa
MfRaAa
WzWbAa
VcObAa
HiTaAa
XeDaAa
NeQbAa
CuSaAa
ZzGaAa
WnUbAa
XgZaAa
GrNaAa
VyEaAa
JdEaAa
YsBaAa
KnObAa
UsSbAa
JoHaAa
UeMbAa
JnYaAa
OhHbAa
EyYaAa
JzQaAa
JwJaAa
MxIbAa
HgIaAa
NkAaAa
SuMbAa
HzFaAa
GxBaAa
WdAaAa
WcDaAa
QdNaAa
OeKbAa
TwEaAa
QvDaAa
DrAaAa
ZgCaAa
LbDbAa
VoWaAa
YsCaAa
QwQaAa
VrLbAa
FfFaAa
JdFbAa
BbSbAa
EoKaAa
JtAaAa
TyNaAa
CcDaAa
OpPbAa
LuLaAa
KfAaAa
YeDaAa
TkFaAa
QlTaAa
UeRaAa
UcJaAa
PcVaAa
OhCbAa
PwIaAa
QhTaAa
UdPaAa
TxVbAa
JzHaAa
MaBaAa
IaHbAa
OaSaAa
MdOaAa
MkAaAa
TpHaAa
FgZaAa
TwPbAa
RoDaAa
ArTaAa
SuMbAa
JpSaAa
UpAbAa
BxUbAa
RmJbAa
CjCaAa
CmRaAa
MwBaAa
QcSaAa
SfPbAa
EpEaAa
LdCaAa
MwBaAa
OhBbAa
BpLaAa
BmSaAa
JkIaAa
MaBaAa
ViHbAa
FdGbAa
PuJbAa
GiEbAa
RaDaAa
LaCbAa
BsXaAa
QyBaAa
XlBaAa
JnYaAa
OpFaAa
QbAaAa
SjNbAa
PgFaAa
KmEaAa
BcGaAa
HrQaAa
WxFaAa
FfQbAa
MjZbAa
HyAaAa
CxVbAa
QcEaAa
XoWbAa
PmBaAa
MwBaAa
VuCbAa
LjKaAa
OpKaAa
LbDaAa
RoPaAa
BvBaAa
EuDaAa
NaYbAa
EpUaAa
XvYbAa
XfMaAa
KcAaAa
MxSaAa
WmIbAa
ZeIbAa
CoXaAa
RrTbAa
WrUaAa
KjSaAa
GfKbAa
CaAaAa
LgTbAa
FfFaAa
MtKaAa
MoUaAa
UkXaAa
NfOaAa
ZfKaAa
DjTbAa
ZlCaAa
IgIbAa
TkXaAa
AuAaAa
DrAaAa
VaOaAa
YkZaAa
QkFbAa
GiCbAa
TfPaAa
LvEbAa
RwNaAa
UhVaAa
RfNbAa
GaAbAa
LsLaAa
MtKaAa
TaUbAa
KbUbAa
VuIbAa
UtBbAa
WmIbAa
CwAaAa
MwBaAa
YsCaAa
HgCaAa
PyRaAa
FfQbAa
EuDaAa
GlAaAa
FiJaAa
CtBbAa
BkSaAa
GbQbAa
CeRaAa
XpEaAa
NoDbAa
KmNaAa
PhBaAa
KgUaAa
PqVbAa
TbCbAa
QeAaAa
XwKaAa
DcIaAa
NsHaAa
XkPbAa
LxEaAa
YkZaAa
MjZbAa
BeBaAa
BsWbAa
SaDaAa
NeFaAa
ZaFaAa
UoCaAa
ZgCaAa
PgFaAa
VuCbAa
QgKbAa
FvHaAa
UsKaAa
YbTbAa
VwAaAa
KfAaAa
GwVaAa
QcEaAa
FfFaAa
WcLbAa
VdAaAa
WwGbAa
MwBaAa
GiAaAa
DbKaAa
VdAaAa
UeMbAa
OpOaAa
CaAaAa
MkBaAa
MwBaAa
QhBaAa
FnDaAa
MaBaAa
AcHaAa
EdGbAa
BcHaAa
KfAaAa
JhKaAa
HkWbAa
IiNbAa
XzLaAa
BzDbAa
EuDaAa
IiAaAa
ViHbAa
DyEaAa
GvHaAa
IhFaAa
CeGaAa
VdAaAa
UrIaAa
JfAaAa
VaAaAa
QcSaAa
CdAaAa
OaSaAa
OpWbAa
FeIaAa
ImGaAa
EpEaAa
ItQaAa
PwUaAa
ReAaAa
HaHbAa
BdLaAa
MyObAa
EiMbAa
AhDaAa
WdAaAa
EgEaAa
IzUaAa
JpSaAa
PvDaAa
XzLaAa
UvVbAa
LxEaAa
HfKaAa
PeAaAa
MlKaAa
EcTaAa
TqMaAa
QpAaAa
AiJbAa
BxDbAa
XvYbAa
AfPbAa
FgAaAa
AuAaAa
CaAaAa
GcAbAa
WoYbAa
JyJaAa
PbAaAa
MkVaAa
FpEaAa
OhBbAa
IgIbAa
XqOaAa
SdNbAa
UpFbAa
OfAbAa
KbUbAa
CsMaAa
GmPbAa
CcDaAa
YoAaAa
GiAaAa
SiJbAa
NkCaAa
BfPaAa
YfKbAa
KtXaAa
VrAaAa
JsZaAa
JmLaAa
NhEbAa
ZlCaAa
WaAaAa
BnBbAa
UsKaAa
OaGbAa
JaSbAa
ToBaAa
EeBaAa
FnDaAa
ZuOaAa
UzAaAa
JkEaAa
UoCaAa
ChUaAa
EvHbAa
TgYaAa
AlLaAa
BfPaAa
TaIaAa
ZbEaAa
BpHaAa
FgAaAa
HzCaAa
YrRaAa
PsAaAa
XfMaAa
RmJbAa
MdCaAa
GwVaAa
WoKaAa
AuEaAa
BuAaAa
IkTaAa
ZgCaAa
PjEbAa
EeDaAa
QlTaAa
CqMbAa
EnUbAa
YlMaAa
IiNaAa
ToXaAa
PhBaAa
YkZaAa
NbZaAa
AnGaAa
KbDbAa
GkGaAa
AfLaAa
IbHaAa
ZgCaAa
KvAaAa
SnBbAa
HsOaAa
UtFbAa
LrSbAa
DfTbAa
CtBbAa
ToHbAa
FyVaAa
ZaFaAa
ZhFaAa
ZoNbAa
MbTaAa
PbNaAa
SbFaAa
GvHaAa
NaYbAa
XyVaAa
XbEaAa
AxDaAa
TxTaAa
JdSaAa
ZgCaAa
WaAaAa
WwNbAa
XmCbAa
VsIbAa
EgAaAa
VfGbAa
ZsCaAa
DdAaAa
EyNbAa
NnKaAa
BaAaAa
PmBaAa
DzDaAa
QzOaAa
ToHbAa
HrPaAa
YkZaAa
KfAaAa
WgBaAa
DsKaAa
CeEaAa
GxBaAa
HrEaAa
CaAaAa
IxQaAa
AlLaAa
RmYaAa
ErUaAa
GsCaAa
CeGaAa
BzAaAa
HyKaAa
FvYbAa
UeEaAa
JgLaAa
PbNaAa
ViHbAa
LiDaAa
SlEaAa
GeCaAa
FfQbAa
TrIaAa
UeRaAa
AtQbAa
OfHbAa
OsAaAa
CmRaAa
EpNaAa
XvHaAa
ItPaAa
CjCaAa
RfNaAa
MwBaAa
TbUaAa
OjMbAa
AyQaAa
KbDbAa
XeBbAa
EyNbAa
RfNaAa
DxBbAa
OjJaAa
HnDaAa
JdBaAa
GxBaAa
AhCaAa
XnQbAa
OzEaAa
VhVaAa
FfQbAa
CdAaAa
LxEaAa
AfLaAa
UeMbAa
TxDaAa
AcHaAa
PeAaAa
OfOaAa
YnPaAa
MwBaAa
SmCaAa
NdIaAa
BjBaAa
KwLbAa
GyGbAa
XxXbAa
AvTaAa
WsCbAa
DkKaAa
FhUbAa
KxPbAa
RcBaAa
JkYbAa
NpPbAa
XxXbAa
GiCbAa
FdYbAa
BzJaAa
EoFaAa
BkSaAa
YiTaAa
LyBbAa
GiCbAa
MuFbAa
SxDaAa
UoCaAa
VdAaAa
LcCbAa
NkCaAa
ZqTaAa
BxAbAa
VrAaAa
DgAaAa
DdAaAa
UrDbAa
TqMaAa
WqEbAa
JgLaAa
PwHaAa
TrIaAa
KdQaAa
FoEbAa
ZrRaAa
XeCaAa
SyBaAa
OpKaAa
LcFaAa
PxGbAa
HcAbAa
HvJbAa
YbSaAa
LaKaAa
YnDaAa
PeAaAa
NkAaAa
OxGbAa
OsAaAa
BaCaAa
FjMaAa
NkAaAa
LfBaAa
WoFaAa
UtBbAa
VmRaAa
VnGbAa
XfMaAa
GiCbAa
PhZaAa
EeOaAa
UpHaAa
OsAaAa
GiAaAa
EmKaAa
CoCaAa
EcObAa
HyAaAa
KfAaAa
PuUaAa
GlAaAa
JfAaAa
OfAbAa
KmEaAa
HnBaAa
WaAaAa
EbNbAa
VyEaAa
QdNaAa
UtBbAa
JoVaAa
PsAaAa
SuWbAa
TdPaAa
VjUaAa
DyEaAa
CwSaAa
LrSaAa
BmObAa
FsBaAa
KdQaAa
FxFbAa
FvYbAa
QyBaAa
XzLaAa
XpEaAa
WwNbAa
LhYaAa
DwAaAa
FfQbAa
GqJaAa
PySbAa
FnDaAa
IiAaAa
EbNbAa
OfHbAa
TrIaAa
FiEbAa
DiDbAa
ZuOaAa
MjZbAa
LiUaAa
XxYbAa
WsWaAa
HxIaAa
KdEaAa
ZmZaAa
PuJbAa
CdAaAa
HyAaAa
JiIaAa
MsAbAa
GdMaAa
NnKaAa
GgCbAa
MsGaAa
RaDaAa
NhEbAa
NsHaAa
WaAaAa
EsWaAa
EcLbAa
VgJaAa
KvPbAa
YlKbAa
MdZaAa
UsMaAa
DiObAa
YqJaAa
VwAaAa
VgRaAa
DmFaAa
HgCaAa
UwSaAa
XtIaAa
RaDaAa
CaAaAa
YoNbAa
RtBaAa
VtGaAa
FiJaAa
JrXaAa
KoLaAa
YaFaAa
WhPaAa
YlMaAa
RiSaAa
CjCaAa
GwVaAa
QtTbAa
GiAaAa
EpEaAa
GmPbAa
UuEbAa
QaVaAa
EcTaAa
ElUaAa
QgKbAa
OjMbAa
ZsOaAa
UvVbAa
NaEaAa
UkXaAa
XoAaAa
OiQbAa
JpJbAa
AbHbAa
NtWaAa
KvWbAa
YsBaAa
UsKaAa
IpQaAa
OnAaAa
UeEaAa
UsDaAa
MwBaAa
PkKbAa
PrNbAa
UrHaAa
FyMaAa
BhLaAa
IyAaAa
BiDbAa
PeAaAa
FeCaAa
DcWaAa
SdSbAa
JxNaAa
ReAaAa
DvCaAa
FtRbAa
VeEaAa
AzAaAa
CkRaAa
FhUbAa
BdSbAa
XkCbAa
LzEbAa
PhTaAa
EgEbAa
UvFaAa
FgZaAa
EnRbAa
XiEbAa
BmVbAa
XoWbAa
UwEbAa
KoIaAa
EuDaAa
SlYbAa
RmCaAa
UnEaAa
CrBbAa
XvHaAa
QcBaAa
VrAaAa
PjSbAa
NhHaAa
ZaFaAa
EeZaAa
AnGaAa
PdAbAa
EjGbAa
StCaAa
WgEaAa
ItAaAa
RpAaAa
EpEaAa
NsRbAa
CwAaAa
MkAaAa
PfCaAa
AiJbAa
WgVbAa
TrIaAa
XgZaAa
QtJaAa
NhHaAa
ZrEaAa
MkAaAa
CrGaAa
FtAbAa
YgBaAa
TgXaAa
BqDaAa
IhFaAa
UeEaAa
BmAaAa
ZgCaAa
QnTaAa
TrBbAa
QzOaAa
DoSbAa
LzNaAa
SaQaAa
PqEaAa
EuDaAa
CaAaAa
PrOaAa
DhTbAa
OkAaAa
MlFaAa
XlPaAa
MfRaAa
FzFbAa
LyVbAa
SoSaAa
NdWaAa
LrMaAa
FdKaAa
ToHbAa
ZqTaAa
MbLbAa
RjYbAa
WsCbAa
KyTaAa
PpFaAa
FgZaAa
SbPaAa
PmKbAa
KzWaAa
KfAaAa
BlEaAa
GgCbAa
PhZaAa
VlDaAa
VrAaAa
SqSaAa
KqGbAa
UjAaAa
SlNaAa
DgAaAa
IpQaAa
XlPaAa
IwZaAa
JcAaAa
FeTaAa
ToBaAa
FmOaAa
PsAaAa
JfAaAa
JrObAa
YkZaAa
NlKaAa
WlDaAa
QeUbAa
JuKbAa
DcWaAa
JzIaAa
UrAbAa
UpAbAa
JzBaAa
MyVbAa
NtWaAa
PjEbAa
QcBaAa
KbDaAa
IlAaAa
YkZaAa
AaHaAa
CvCaAa
XgZaAa
GwKbAa
XoCbAa
DpUaAa
XdKaAa
VeXaAa
JkNbAa
JdEaAa
NkCaAa
CeXaAa
AzAaAa
CdAaAa
MkAaAa
EoFaAa
YkBbAa
SfPbAa
NcKaAa
CjBaAa
MkAaAa
TzAaAa
HsOaAa
RvOaAa
OaTbAa
IiBaAa
KfAaAa
IhFbAa
MaNbAa
LaKaAa
MbLbAa
AqDaAa
PeAaAa
ZxUaAa
TxVbAa
CvBaAa
EuYaAa
UnEaAa
MxSaAa
XbBaAa
HlCaAa
MxIbAa
MaNbAa
YrNaAa
YbEaAa
BjBaAa
NlEbAa
RvJaAa
JdFbAa
TpHaAa
IiBaAa
XbEaAa
RmJbAa
AoQaAa
ZgCaAa
JzHaAa
UhYbAa
PhHbAa
AyHaAa
ItPaAa
IiEaAa
JpMaAa
OcMaAa
XuDaAa
PhTaAa
PkMaAa
XbZbAa
HgIaAa
HxHaAa
AhDaAa
FuYaAa
VgMbAa
DmVbAa
JdSaAa
RtBaAa
EpNaAa
WoOaAa
KoIaAa
CdAaAa
PyRaAa
GlAaAa
JcAaAa
IwZaAa
BgYaAa
MrWaAa
TfPaAa
GzCaAa
JzIaAa
BhLaAa
KyTaAa
GiAaAa
ZsBaAa
ZlAaAa
UmFaAa
TdPaAa
CwAaAa
NoUbAa
YaFaAa
BaAaAa
ZgZaAa
NkCaAa
PjEbAa
PuUaAa
GiCbAa
FsBaAa
QmMaAa
MdOaAa
DlGbAa
BaAaAa
JfAaAa
JhKaAa
YkGaAa
NsVbAa
YsCaAa
ImTaAa
NoUbAa
PkKbAa
EsWaAa
WqXbAa
KrSaAa
LhYaAa
HyAaAa
VcIaAa
WlUbAa
KuBaAa
EbBaAa
NaYbAa
SnGaAa
RmJbAa
UhVaAa
BzJaAa
OgQbAa
BdPaAa
EsYaAa
LdCaAa
KnCaAa
ZqTaAa
BxDbAa
VjCaAa
TkFaAa
KoBbAa
ItAaAa
BhCaAa
FwCbAa
QrJaAa
TfPaAa
MfRaAa
FbYbAa
GvIaAa
RmJbAa
TrIaAa
FsCaAa
GaFaAa
LxXaAa
FyVaAa
MbJaAa
NkCaAa
LfAaAa
KmEaAa
CmXaAa
JfSaAa
TzAaAa
OpEbAa
WrAaAa
LdHaAa
KfAaAa
VwAaAa
BbSbAa
IcAaAa
NdIaAa
TeQaAa
UpAbAa
OpKaAa
SaCaAa
QnTaAa
LjKaAa
YeBbAa
RoDaAa
HuOaAa
ImGaAa
DgJaAa
QcEaAa
SlIaAa
BkYaAa
RvJaAa
LdHaAa
QcEaAa
XeIaAa
RyBaAa
SlYbAa
CcYaAa
FuDaAa
VkOaAa
EySaAa
JqAaAa
ZlAaAa
NxMaAa
XkPbAa
ZvNaAa
HxUaAa
VrAaAa
NnAaAa
OjJaAa
JqAaAa
KvAaAa
ImTaAa
UqYaAa
CeGaAa
EeDaAa
HyKaAa
PbAaAa
ScHaAa
WgOaAa
MdVbAa
OxAaAa
OdWaAa
JdBaAa
YqJaAa
XpKbAa
MtXbAa
OxMaAa
UeRaAa
KqGaAa
TjAaAa
YaFaAa
WaAaAa
FhUbAa
HqTaAa
PhBaAa
QdNaAa
ZgCaAa
RmYaAa
PhZaAa
BxJaAa
IiBaAa
XjPaAa
MrYaAa
HaFaAa
SmCaAa
BaAaAa
QlGaAa
HyKaAa
ZnDaAa
QdNaAa
UcJbAa
QwQaAa
FsBaAa
UpAbAa
GwKbAa
MkAaAa
JdEaAa
ShCaAa
JcLaAa
JwJaAa
PfDaAa
NtWaAa
BpHaAa
EpNaAa
EeVbAa
QsNaAa
NdWaAa
VcZaAa
OjHaAa
OaSaAa
HtRaAa
RxLbAa
TdUaAa
XiGaAa
ScEaAa
CrAaAa
VfGbAa
IkEaAa
RmCaAa
XlPaAa
NdWaAa
XiMbAa
PeAaAa
EvFbAa
KfAaAa
FnDaAa
TmAaAa
UsPbAa
KqGaAa
QwXbAa
EtGaAa
AmAaAa
LsFbAa
WeZaAa
FfQbAa
HrPaAa
TdPaAa
MwBaAa
EeLbAa
EyNbAa
KzBaAa
ZgCaAa
NkAaAa
LzEbAa
CaYaAa
AoBaAa
PuJbAa
JpSaAa
MiGbAa
HnPaAa
VhTbAa
WoEbAa
IcAaAa
YsBaAa
CxFaAa
KbDaAa
QlZaAa
PfIaAa
ToBaAa
VeHaAa
EeOaAa
KcAaAa
AzAaAa
GrNaAa
AyQaAa
XxCaAa
DbIbAa
RbPaAa
VtVbAa
TuXaAa
LhQaAa
MdObAa
GnDaAa
FtRbAa
VgEbAa
DhPaAa
AyQaAa
PjJaAa
NuHbAa
BkYaAa
AyQaAa
UmAaAa
MiGbAa
AsPaAa
SbFaAa
NaYbAa
BhLaAa
GfMaAa
PuJbAa
EuDaAa
TtCaAa
PjZaAa
LrSaAa
EgBaAa
LsBbAa
MkUaAa
PhZaAa
DrAaAa
CjCaAa
OfAbAa
CrAaAa
YxBaAa
BzDbAa
CrAaAa
ZvPaAa
CjCaAa
CzDaAa
OiQbAa
YnDaAa
SqSaAa
NhHaAa
EsWaAa
ImBbAa
NbTaAa
GwKaAa
AtFaAa
KpJbAa
OyWbAa
JwJaAa
PbNaAa
WtRbAa
TbUaAa
LqLaAa
CiKaAa
WlUbAa
YkHaAa
VuIbAa
SkFaAa
TkXaAa
PhTaAa
CjCaAa
NkCaAa
GmKaAa
WyMaAa
ZaFaAa
ZgWbAa
CeXaAa
MsIaAa
ShCaAa
LwFaAa
YxBaAa
WoKaAa
TiQaAa
BvFaAa
AhCaAa
UjBaAa
KmEaAa
LbCaAa
LgTbAa
QcEaAa
TcQaAa
WsSaAa
JtWbAa
KtXaAa
MdJaAa
TkFaAa
EyYaAa
ZsCaAa
FrVbAa
ToXaAa
NiGbAa
ExLaAa
LyVbAa
OxAaAa
BaIaAa
VqBaAa
VzDaAa
KqGaAa
YoNbAa
RrTbAa
IxQaAa
QsNaAa
PvDaAa
FvYbAa
XbEaAa
GeBbAa
IzHaAa
OaZbAa
NfOaAa
EeCaAa
UvVbAa
NoUbAa
LsDbAa
HvNaAa
DtFbAa
MfGaAa
LdCaAa
CxFaAa
XbEaAa
QyJbAa
BkSaAa
EtRbAa
HiAaAa
IhQbAa
TsSbAa
WaAaAa
PuJbAa
IdSaAa
JpSaAa
XbEaAa
NhAaAa
JzIaAa
KrSaAa
NeQbAa
OvKaAa
ZqTaAa
RhIaAa
KnCaAa
SlVaAa
BaAaAa
LpHbAa
EjPaAa
TpLaAa
IeWbAa
VfGbAa
NdWaAa
SqSaAa
AmAaAa
PxKaAa
DdTbAa
XjMaAa
CuSaAa
GmWbAa
ZlAaAa
AlLaAa
QcEaAa
NpCaAa
AuObAa
CmRaAa
YnPaAa
LdDbAa
EgVbAa
HlCaAa
JuKbAa
QcEaAa
YsBaAa
NoAbAa
GjUbAa
ExLaAa
YqJaAa
LiDaAa
BxTaAa
OfHbAa
AmAaAa
MkBaAa
SgKaAa
UeGaAa
PfCaAa
MsIaAa
BsDaAa
WlBaAa
JzBaAa
OhBbAa
ImNbAa
ZmZaAa
FsYaAa
FsBaAa
OvYaAa
EaLbAa
VhTbAa
YjQbAa
TjAaAa
ImHaAa
XdAaAa
QvDaAa
MiUaAa
AnBbAa
DnGbAa
IgSbAa
YkHaAa
GbTbAa
XgBaAa
CdLaAa
ZwLbAa
NwBaAa
SqSaAa
NrYaAa
EiMbAa
JyKaAa
EsSaAa
BsYbAa
UzObAa
KfAaAa
YvRaAa
LiUaAa
WyNbAa
OyFaAa
RxLbAa
DrAaAa
ZrEaAa
FlUbAa
QaVaAa
LzNaAa
TkFaAa
AiSaAa
OeKbAa
SaDaAa
EyNbAa
EoFaAa
VkKaAa
LqHaAa
ToBaAa
LcUaAa
ZvPaAa
CcDaAa
MdJaAa
SnIaAa
CjCaAa
KoIaAa
MmEaAa
LdCaAa
QgKbAa
BxTaAa
WjPaAa
KfAaAa
ZvPaAa
NkAaAa
CxFaAa
RfSbAa
MlHbAa
NdWaAa
FeObAa
VuIbAa
GkBbAa
EiVbAa
LzEbAa
NaXbAa
ImHaAa
RdSbAa
HxUaAa
AdLaAa
DrAaAa
UcHaAa
KdQaAa
BxJaAa
JzHaAa
CcDaAa
EcTaAa
WlBaAa
DjUaAa
VtVbAa
CtBbAa
MyBbAa
CgYaAa
YkBbAa
UcJaAa
CzHbAa
PeAaAa
KsBbAa
QwObAa
KnObAa
EeJaAa
OdBbAa
DsSaAa
ZvPaAa
IcAaAa
BfWbAa
YaFaAa
ZlAaAa
LbJaAa
HyKaAa
GbGbAa
TiLbAa
GbTbAa
FyYaAa
GaAbAa
DoXbAa
AiJbAa
YyOaAa
QcSaAa
NkAaAa
OjHaAa
IzUaAa
DsSaAa
ShDaAa
KrSaAa
WgGaAa
YvRaAa
VfGbAa
MhMbAa
QdNaAa
JrXaAa
WpQbAa
RtJaAa
EpEaAa
FgAaAa
CvBaAa
NkAaAa
XzLaAa
ZsCaAa
RmCaAa
WxFaAa
PmBaAa
CeYaAa
IbHaAa
GtIaAa
MmEaAa
JmTbAa
HrEaAa
FsBaAa
NrXbAa
QcBaAa
JkIaAa
BhLaAa
TzJaAa
CyWaAa
CkRaAa
OkCaAa
LbIaAa
XdAaAa
MwBaAa
TzAaAa
JnJbAa
CnTbAa
HxIaAa
HqNbAa
PjWbAa
DnNaAa
BhLaAa
PwUaAa
SlNaAa
AzAaAa
YrRaAa
ShCaAa
FeZaAa
EmKaAa
UnEaAa
IzHaAa
ThLaAa
KoBbAa
MrKaAa
ZwLbAa
PsAaAa
OkPaAa
PvDaAa
ItEaAa
LtDaAa
OpFaAa
PfHbAa
HgIaAa
OdTaAa
KmEaAa
YbSaAa
DgAaAa
IiNbAa
QnTaAa
EbNbAa
NdIaAa
CuEaAa
VeXaAa
ExCaAa
NwBaAa
NrCbAa
YrRaAa
TgYaAa
VxFaAa
SfWbAa
VaAaAa
GbTbAa
TzAaAa
KmNaAa
AfLaAa
YbSaAa
NcKaAa
BxTaAa
DdAaAa
JiNaAa
OhBbAa
FfQbAa
LiDaAa
JyJaAa
EyKbAa
LgPaAa
DmWaAa
WoOaAa
CmAaAa
MhMbAa
QhBaAa
QyFaAa
WzYbAa
HxHaAa
PbNaAa
LtXbAa
ZgCaAa
EpEaAa
EpNaAa
BzJaAa
VqXbAa
BaAaAa
BpGaAa
NvYaAa
KcFaAa
DgAaAa
JzQaAa
PyRaAa
FgBbAa
BsYbAa
PmKbAa
JpMaAa
JpMaAa
PxKaAa
XzLaAa
LdHaAa
PyRaAa
OkCaAa
QzOaAa
VuKaAa
MdOaAa
KfAaAa
ErUaAa
PeKaAa
RzOaAa
CoMbAa
SfWbAa
GzCaAa
XzLaAa
GbSaAa
FfVaAa
RdSbAa
SlVaAa
XyNbAa
TbUaAa
VaAaAa
KrSaAa
FdGbAa
HlCaAa
WzYbAa
VxLaAa
EvGaAa
TkXaAa
VkKaAa
CcGaAa
ZlAaAa
GcEbAa
FsBaAa
FcWaAa
KmLaAa
AhXbAa
PeAaAa
JfAaAa
IiBaAa
MaBaAa
WeZaAa
ZsCaAa
YxBaAa
MtXaAa
FbYbAa
UcJaAa
ViWaAa
YkGaAa
GmPbAa
HkSbAa
CsPbAa
EgAaAa
NzYaAa
PhZaAa
EiMbAa
YnPaAa
PhBaAa
EvBbAa
BaJaAa
HyAaAa
RmYaAa
LtMaAa
KjDbAa
MhWaAa
FsBaAa
IkEaAa
VrAaAa
BxDbAa
GcBbAa
OqNaAa
QdNaAa
BaAaAa
EbXbAa
MwBaAa
FzLaAa
PhBaAa
JyAbAa
WcTaAa
XlPaAa
XxGaAa
KdGaAa
OjMbAa
WlBaAa
CwAaAa
XpNaAa
DhPaAa
CdPaAa
YaFaAa
NmFbAa
DuSaAa
OaSaAa
KmNaAa
IsVaAa
YoAaAa
PjEbAa
YvQaAa
SoRaAa
GxBaAa
HqFaAa
LxXaAa
BmSaAa
EqCaAa
PfCaAa
NhEbAa
AyUaAa
CcCaAa
CzDaAa
BcGaAa
DoSbAa
IwZaAa
XzLaAa
MsAbAa
FvYbAa
TaJaAa
OtCbAa
KrObAa
EgAaAa
VaAaAa
CqMbAa
FbYbAa
EgJaAa
TrIaAa
WpKbAa
AtTaAa
ZgCaAa
SaDaAa
EyTbAa
JwUbAa
FsBaAa
EvFbAa
HlLbAa
PeAaAa
RpVaAa
EuDaAa
PbAaAa
CeXaAa
LaCbAa
QvDaAa
VqBaAa
UdXbAa
VaAaAa
PfCaAa
GvYbAa
OkCaAa
IzJbAa
KsBbAa
KpObAa
VbKaAa
DdAaAa
XvYbAa
TzAaAa
EySaAa
RpAaAa
FvFbAa
KqGbAa
XtIaAa
CdAaAa
WwGbAa
ZgCaAa
VdAaAa
QrJaAa
OsUaAa
BeFbAa
FiEbAa
GiAaAa
MkAaAa
MrWaAa
UnNaAa
YbBaAa
WrUaAa
DlGbAa
KqGbAa
MkBaAa
AnGaAa
MaNbAa
RbPaAa
JjSaAa
CvCaAa
ZuOaAa
VwMaAa
EuDaAa
DgAaAa
YxRaAa
AyQaAa
XeCaAa
DoMbAa
CzDaAa
LgTbAa
PyGaAa
QcSaAa
DdAaAa
GjRbAa
BmSaAa
GeIaAa
YbKbAa
RpAaAa
ZuJaAa
MoEaAa
BnLaAa
BxDbAa
EaAaAa
NeQbAa
JoVaAa
CeXaAa
NoRbAa
RbFaAa
MdObAa
EpEaAa
KmEaAa
YsBaAa
AqDaAa
AuEaAa
VbKaAa
YkZaAa
PrNbAa
KhQaAa
BxJaAa
TwEaAa
TpLaAa
TvFaAa
MwBaAa
QzKaAa
DsIbAa
QaVaAa
HyKaAa
PfDaAa
LyDaAa
UoCaAa
SwNaAa
YjRbAa
XrUaAa
LbYaAa
XmKaAa
NlOaAa
ZxUaAa
IsTaAa
LtDaAa
SaDaAa
BkYaAa
DeGaAa
VaObAa
ZlAaAa
ZlAaAa
QmLbAa
ZzCaAa
EgVbAa
YjQbAa
JzHaAa
YvRaAa
OwGaAa
YkHaAa
ImTaAa
JaSbAa
MnWaAa
GjQbAa
LhXaAa
DcCaAa
KrSaAa
UrLaAa
MrYaAa
LiDaAa
IiAaAa
OpKaAa
GjTbAa
YkBbAa
RmJbAa
MoEaAa
QeUbAa
AhCaAa
OgQbAa
IkTaAa
ZgCaAa
HkTaAa
XiGaAa
EqWaAa
FuDaAa
NzNbAa
FxBaAa
DaAaAa
DmRaAa
YsCaAa
YkGaAa
HlCaAa
IsFaAa
WxFaAa
EeDaAa
VuCbAa
VsPbAa
OdOaAa
LzEbAa
HvJbAa
CoMbAa
KfAaAa
LnObAa
OkAaAa
BkYaAa
IpQaAa
IwOaAa
JzHaAa
JfAaAa
PyGaAa
XaAbAa
OaEaAa
QlZaAa
DrAaAa
KvPbAa
KdEaAa
AhDaAa
CeRaAa
TzAaAa
HqTaAa
ZvPaAa
HrJbAa
NsAbAa
UqYaAa
WwGbAa
MaNbAa
SkFaAa
EnRbAa
KmEaAa
DcDaAa
UmMbAa
YyGbAa
VlGbAa
XfQbAa
MnAaAa
XeZaAa
WpNaAa
LiUaAa
XdVaAa
JwZaAa
JkIaAa
DdFaAa
VcWaAa
VaObAa
WgBaAa
FzFbAa
VlDaAa
BkYaAa
ZlAaAa
VfGbAa
VhPaAa
ReSaAa
HyAaAa
FqBaAa
AfWbAa
IzUaAa
UnNaAa
LxWaAa
GlAaAa
FyVaAa
TgXaAa
MwBaAa
ExLaAa
ZxUaAa
PwUaAa
YvRaAa
DcWaAa
DmRaAa
AfLaAa
TsYbAa
JpMaAa
CpTbAa
QfDaAa
QyBaAa
DsEbAa
YiIbAa
KoIaAa
LxEaAa
QdWbAa
AuEaAa
McXbAa
AnGaAa
EqWaAa
SpZaAa
XpDbAa
LaIbAa
BwEaAa
LcUaAa
VdAaAa
EvHbAa
QpAaAa
NaEaAa
OjMbAa
RmYaAa
SlEaAa
KoIaAa
VpUaAa
MbTaAa
BjAaAa
PmBaAa
PeAaAa
KrObAa
HrEaAa
JuKbAa
TsDaAa
RmCaAa
UlUaAa
VbKaAa
EiRaAa
QbAaAa
TpLaAa
MoEaAa
TdUaAa
JcPaAa
BmSaAa
KnCaAa
XdKaAa
MtSaAa
UvLaAa
LdHaAa
PyRaAa
XlPaAa
NdIaAa
ZaFaAa
XiGaAa
UgLbAa
BgYaAa
YaFaAa
JxNaAa
MdJaAa
SmJbAa
IoZaAa
RoMaAa
ZxHaAa
IyAaAa
OaTbAa
DoSbAa
VaAaAa
MrWaAa
ZaHbAa
LsFbAa
WwMaAa
CpHaAa
UpAbAa
OxGbAa
IeWbAa
CdAaAa
ZgCaAa
BmSaAa
JrXaAa
TvFaAa
DtUbAa
VxLaAa
YqNbAa
NfOaAa
KvAaAa
HvNaAa
EdYbAa
JrXaAa
PwGaAa
DjBaAa
NoNaAa
UrAbAa
HvJbAa
HxUaAa
EkKaAa
QrJaAa
EsCbAa
CuSaAa
PyGaAa
EgMbAa
HkWbAa
UcJaAa
ExRbAa
BfPaAa
XxCaAa
UsKaAa
TzAaAa
VeHaAa
GkBbAa
AiJbAa
OhAaAa
BfPaAa
SaDaAa
NeQbAa
MhWaAa
MfBaAa
VdFaAa
WmIbAa
BpHaAa
KmEaAa
DlTbAa
ImHaAa
PhBaAa
YxGaAa
WlDaAa
HyAaAa
UnUaAa
XeTaAa
RgJbAa
FeCaAa
ZlAaAa
NkAaAa
AzAaAa
TdPaAa
OjXbAa
CuSaAa
NdWaAa
IsTaAa
QcBaAa
LnXaAa
OaGbAa
MtKaAa
XvYbAa
EbNbAa
IsFaAa
NhAaAa
ZhFaAa
QsQaAa
ZtJbAa
KnObAa
WcLbAa
KzWaAa
SpZaAa
VdAaAa
GmJaAa
RhIaAa
DlGbAa
NwFbAa
DxRbAa
YqJaAa
PpKaAa
EsYaAa
LxEaAa
RpVaAa
LzEbAa
CcDaAa
AxDaAa
NzSaAa
TzAaAa
YjQbAa
TpLaAa
MwBaAa
NgVaAa
SrZaAa
SlNaAa
CjCaAa
QcEaAa
NhAaAa
JkIaAa
NdEbAa
BpGaAa
JfAaAa
FeTaAa
YjQbAa
JwUbAa
GcAbAa
HlAaAa
ZzFaAa
GbTbAa
UoCaAa
QpAaAa
IaPaAa
LxXaAa
OpOaAa
QcBaAa
QcEaAa
MbJaAa
DcWaAa
QlZaAa
DoXbAa
XtIaAa
RtBaAa
WjPaAa
TeQaAa
EeObAa
XgBaAa
IcAaAa
OuHaAa
WrAaAa
QpAaAa
HrQaAa
DwSaAa
YqJaAa
QyBaAa
SaQaAa
ObAbAa
PhBaAa
YyOaAa
FxBaAa
UpFbAa
EySaAa
DpUaAa
YiTaAa
VkWaAa
UoCaAa
NhAaAa
FdKaAa
FeCaAa
AmAaAa
VcWaAa
WdAaAa
NtWaAa
KqGaAa
LfAaAa
HzRaAa
DgAaAa
MaBaAa
IeWbAa
CwAaAa
FoPbAa
AyQaAa
ZlAaAa
VcIaAa
LxEaAa
FzLaAa
TzAaAa
TqMaAa
BwEaAa
VaObAa
YjQbAa
CeYaAa
EeCaAa
DxRbAa
CcDaAa
CcCaAa
UrHaAa
DjTbAa
AyQaAa
YnDaAa
DnGbAa
WeZaAa
UlUaAa
MkAaAa
VpUaAa
XoJaAa
CaYaAa
AqDaAa
LpBaAa
SaCaAa
TgYaAa
LbJaAa
UnUaAa
YeIbAa
GjMaAa
DgAaAa
UiAbAa
GaNaAa
EpEaAa
DqSbAa
QySbAa
TrQbAa
YsCaAa
BjBaAa
YoNbAa
LpHbAa
BmVbAa
FsBaAa
DrDbAa
HnBaAa
PkMaAa
ZsJaAa
XqOaAa
IcAaAa
KqIaAa
OpKaAa
LdDbAa
CaYaAa
DuEbAa
PjWbAa
GnDaAa
KfSaAa
WjCaAa
NeFaAa
TaJaAa
JoVaAa
QwJbAa
WdAaAa
QyBaAa
KgUaAa
BpLaAa
CbSbAa
FeCaAa
TmAaAa
PqRbAa
LtXbAa
MhWaAa
EtRbAa
CvBaAa
OpFaAa
GxBaAa
WoEbAa
OvNbAa
MpXbAa
MtKaAa
HrPaAa
DbKaAa
KaIbAa
VtVbAa
LrKaAa
EuDaAa
TzAaAa
OeMaAa
RbPaAa
KfAaAa
FgZaAa
RmCaAa
PmBaAa
RrJaAa
MaNbAa
MuFbAa
VwMaAa
EeOaAa
TiDbAa
EiRaAa
MzQbAa
TpLaAa
BhLaAa
CqYaAa
LvEbAa
CaJaAa
YfKbAa
UrIaAa
QeUbAa
FhUbAa
DiXaAa
MnFaAa
KvPbAa
JiBaAa
UuSaAa
BlLaAa
XxXbAa
FsCaAa
PiUbAa
MaBaAa
XiMbAa
HmWbAa
CvBaAa
ZzCaAa
MwBaAa
QlZaAa
EsWaAa
GzCaAa
VsMaAa
SaCaAa
AuEaAa
VcDaAa
NtYaAa
ZuOaAa
OpFaAa
YeIbAa
WyMaAa
LsLaAa
PkMaAa
DjBaAa
XbEaAa
ZaHbAa
AmAaAa
WqBaAa
KaIbAa
ZaFaAa
RiFaAa
PyFaAa
OiUbAa
SlNaAa
IiAaAa
SbFaAa
RvJaAa
CxFaAa
GwVaAa
ZlAaAa
IiNbAa
GsCaAa
ZsCaAa
VaAaAa
XqOaAa
NuBbAa
MoUaAa
WdQbAa
EhTbAa
BzAaAa
LlFaAa
ExCaAa
CmXaAa
MwBaAa
GbEaAa
RpVaAa
VaAaAa
XlPaAa
GsBaAa
HzRaAa
ZrRaAa
WdAaAa
LrMbAa
UjBaAa
YlMaAa
LbIaAa
QpAaAa
TvAbAa
GoAaAa
KvPbAa
ZgCaAa
IiNaAa
MnFaAa
GtUaAa
JeLaAa
BgYaAa
PhBaAa
FnDaAa
EbBaAa
MeTbAa
FfFaAa
PhBaAa
KcFaAa
WpRbAa
IpQaAa
LfBaAa
PfIaAa
EoFaAa
CeEaAa
PrNbAa
OlCbAa
FtHaAa
DhPaAa
EjGbAa
NoUbAa
AjAaAa
MpXbAa
MfGaAa
NfVbAa
XbBaAa
UeEaAa
MbTaAa
UrIaAa
ShCaAa
TjAaAa
OaGbAa
KmEaAa
ZsOaAa
FeTaAa
GiAaAa
EgJaAa
MnFaAa
JoVaAa
IxUaAa
VjCaAa
TaIaAa
NrBaAa
ZyOaAa
PkMaAa
UtFbAa
DeHaAa
UeRaAa
FcMbAa
GnDaAa
MlKaAa
RaDaAa
YsBaAa
IcAaAa
NrCaAa
PeFaAa
FfMaAa
MoNaAa
TjAaAa
ReSaAa
WaAaAa
ZoAaAa
MlHbAa
DqBaAa
AlNaAa
QtTbAa
HxUaAa
StFaAa
MfRaAa
DsIbAa
NtDaAa
KzWaAa
KmEaAa
XeCaAa
MpXbAa
WlUbAa
EtAbAa
MdVbAa
PyXbAa
VjBaAa
RmJbAa
JaSbAa
FjGbAa
LfAaAa
RbFaAa
VaObAa
ZaBbAa
MdVbAa
OjXbAa
CcGaAa
IdSaAa
XpEaAa
RbLaAa
DzDaAa
VaObAa
KzWaAa
EpQbAa
CdAaAa
AuEaAa
EsCbAa
TfPaAa
DiQaAa
JePbAa
DrAaAa
SlEaAa
XoAaAa
XbBaAa
GiCbAa
CcYaAa
YnKbAa
VcIaAa
GfQbAa
XzLaAa
VgRaAa
UdUaAa
LoTbAa
IfUbAa
KbCaAa
YyOaAa
TjAaAa
TaJaAa
VlDaAa
ZlAaAa
FsBaAa
XvYbAa
GyGbAa
QmKbAa
NvWaAa
SrZaAa
FsBaAa
XsNbAa
IgDaAa
KyTaAa
PbNaAa
ChUaAa
VdAaAa
QcEaAa
CnNaAa
KvAaAa
OpFaAa
IbHaAa
PwUaAa
NtWaAa
WqCaAa
CxFaAa
YrNaAa
PmKbAa
AcHaAa
ZaBbAa
HrQaAa
EdGbAa
HiEaAa
YkZaAa
KwTaAa
VcIaAa
TmCaAa
PwIaAa
QgKbAa
TjVaAa
PwIaAa
PySbAa
SlIaAa
QzOaAa
AmAaAa
HrQaAa
XqOaAa
QpNbAa
RaDaAa
IgIbAa
FbBaAa
RyPaAa
RmYaAa
FgAaAa
QzGbAa
MkAaAa
OiQbAa
LwCaAa
ScRbAa
CsMaAa
RfNaAa
EpEaAa
ThCaAa
CmXaAa
LbIaAa
UoCaAa
QaVaAa
OaSaAa
MsAbAa
BdPaAa
JhKbAa
ZzFaAa
XxXbAa
YyGbAa
SiJbAa
YiSbAa
DxBbAa
WyMaAa
JfAaAa
FwCbAa
NcKaAa
VvLaAa
BvBaAa
QcEaAa
PfDaAa
MhWaAa
VaAaAa
GyGbAa
KfAaAa
IiBaAa
NwBaAa
KqGbAa
AlNaAa
HvQaAa
VgRaAa
RwPaAa
FtIaAa
QgKbAa
VwAaAa
WaAaAa
MwBaAa
EyNbAa
GsCaAa
GiCbAa
SfWbAa
BkYaAa
CcUbAa
VvLaAa
CwSaAa
EsXbAa
NtYaAa
XtIaAa
UmAaAa
TdPaAa
QyJbAa
MyVbAa
XxXbAa
RjYbAa
AjPbAa
QlHaAa
JzHaAa
RgKaAa
JpJbAa
XzLaAa
QbAaAa
YnDaAa
PkAaAa
ZhFaAa
AiJbAa
OyFaAa
JdBaAa
JiNaAa
UcJaAa
UzAaAa
VlDaAa
ZmZaAa
LkDaAa
OyFaAa
PjSbAa
GbSaAa
SvUbAa
AtFaAa
QbAaAa
GkJaAa
LdCaAa
PfDaAa
RaGaAa
LtDaAa
SlYbAa
OhAaAa
QmLbAa
CcDaAa
DoSbAa
FzWbAa
JzBaAa
TqMaAa
HtRaAa
CeYaAa
LkDaAa
ElBaAa
WaAaAa
UmAaAa
PwIaAa
UuMaAa
MtDaAa
ZaFaAa
BxDaAa
TcGaAa
KyTaAa
KpYaAa
GzCaAa
BnLaAa
MrWaAa
WaAaAa
GtUaAa
XgBaAa
OhAbAa
IwOaAa
HzRaAa
LyHbAa
CtKbAa
LiUaAa
XoAaAa
IcAaAa
QyBaAa
HyAaAa
AsEaAa
OaTbAa
PjEbAa
HkJaAa
RpVaAa
BaAaAa
LhXaAa
PxGbAa
KvPbAa
JwUbAa
XlBaAa
GfKbAa
BaJaAa
YsBaAa
CzDaAa
TbUaAa
XeTaAa
TuXaAa
FbEaAa
IxIaAa
VsIbAa
EeOaAa
HnDaAa
GmCbAa
YpVbAa
HkTaAa
UvBaAa
YvRaAa
PeAaAa
MdVbAa
NaYbAa
BzJaAa
GbTbAa
UrGaAa
LdHaAa
FgAaAa
RiSaAa
NeQbAa
BiKaAa
OzEaAa
CcRaAa
WgOaAa
MxIbAa
WeEaAa
GkJaAa
MkAaAa
AtFaAa
XkOaAa
AfWbAa
FjGbAa
EqCaAa
XzLaAa
FpEaAa
NlOaAa
WfVaAa
PyGaAa
AhDaAa
TpHaAa
OaZbAa
RfDaAa
VgEbAa
DhPaAa
MnWaAa
AuWbAa
XoAaAa
LuAbAa
SlYbAa
WwAaAa
WqEbAa
BmVbAa
FsCbAa
GbTbAa
LvEbAa
TrIaAa
CwAaAa
IyAaAa
XeCaAa
CqMbAa
TpHaAa
LtMaAa
TsYbAa
TdPaAa
GwVaAa
EvFbAa
PkKbAa
UrHaAa
AfNbAa
CwXaAa
MdZaAa
PeKaAa
DiXaAa
GnDaAa
UhGbAa
LdXaAa
ZgBaAa
GrNaAa
UaJbAa
FpEaAa
QlGaAa
WaAaAa
WgEaAa
CaAaAa
PhBaAa
VjCaAa
VnEaAa
NsAbAa
KqGaAa
MvMaAa
AyQaAa
CxFaAa
EeDaAa
AtTaAa
BsDaAa
TbCbAa
EsWaAa
GwVaAa
NhJaAa
MlKaAa
RmYaAa
EuYaAa
UoCaAa
CqYaAa
PxKaAa
XxXbAa
MoAbAa
ToXaAa
ZaLaAa
LtDaAa
TiQaAa
FbEaAa
DpUaAa
AnGaAa
GdQbAa
KcFaAa
TyNaAa
MnWaAa
KqGaAa
BjLaAa
MdDbAa
AhNaAa
TjVaAa
NkAaAa
MhWaAa
PeAaAa
FoAaAa
HxIaAa
MbUbAa
SvTaAa
JzQaAa
AlEaAa
IdSaAa
JfAaAa
EcLbAa
EjPaAa
ObAbAa
IpQaAa
EgGaAa
ZgCaAa
EpEaAa
NhEbAa
BdNaAa
HqTaAa
WlDaAa
KmEaAa
EgVbAa
YkBbAa
WzYbAa
KdEaAa
KtXaAa
QjEaAa
OeKbAa
HgCaAa
LsLaAa
SnGaAa
MxEaAa
PyRaAa
NlOaAa
QtJaAa
GyGbAa
ZgIaAa
ScRbAa
WtHbAa
QlHaAa
ZnDaAa
MkAaAa
OaGbAa
OoRbAa
JfSaAa
BmAaAa
GlCaAa
WrAaAa
FsBaAa
QpTaAa
TaIaAa
VlDaAa
QyXbAa
EnRbAa
BnTbAa
ZuOaAa
CeXaAa
PeAaAa
IkEaAa
HaHbAa
FdKaAa
EuDaAa
YkGaAa
IbHaAa
DgMbAa
WxFaAa
AlZaAa
DaOaAa
MrYaAa
FdKaAa
GzCaAa
FfMaAa
VqBaAa
ToHbAa
UsPbAa
UzObAa
SnBbAa
IcAaAa
BcGaAa
EgBaAa
MwBaAa
EeObAa
EyYaAa
XvGaAa
FdKaAa
UkRaAa
CdAaAa
EpUaAa
ZxUaAa
PsAaAa
ZuJaAa
WeHaAa
RyFaAa
CxFaAa
PrCaAa
FsCaAa
RbHbAa
ZgCaAa
LjKaAa
QxKaAa
FyMaAa
PrNbAa
JzIaAa
UjBaAa
TcHaAa
QyJbAa
VcWaAa
NkCaAa
TqMaAa
YfKbAa
KbDbAa
VuKaAa
LzEbAa
ZaLaAa
MfGaAa
WdAaAa
CaAaAa
WsCbAa
AnGaAa
YaEbAa
HqTaAa
RrTbAa
VeHaAa
AaQaAa
EaLbAa
JkYbAa
VxLaAa
JyJaAa
MpXbAa
CsMaAa
DeHaAa
NnAaAa
PrNbAa
UtLaAa
EeOaAa
CsPbAa
VgJaAa
UrHaAa
HfKaAa
HmWbAa
AtTaAa
WgBaAa
CdAaAa
EuYaAa
TyNaAa
CrAaAa
ZgCaAa
ZsCaAa
BkFaAa
YsBaAa
ImGaAa
EcLbAa
LgPaAa
ZaBbAa
DsEbAa
KnCaAa
OlCbAa
XbEaAa
JdEaAa
FfFaAa
MkUaAa
OtNbAa
LtMaAa
PpFaAa
MaBaAa
FbBaAa
RiKbAa
NqKbAa
ScQaAa
NeFaAa
JgIbAa
DcWaAa
GzCaAa
OtNbAa
ZsOaAa
SnBbAa
UtBbAa
OsUaAa
TzTaAa
HqFaAa
JmTbAa
KiDaAa
HzFaAa
UpFbAa
RoJbAa
FpEaAa
DnGbAa
FiEbAa
DbKaAa
YnLbAa
JhKbAa
QcEaAa
LiDaAa
SlIaAa
FsBaAa
LuLaAa
CsPbAa
TjAaAa
KdEaAa
NlEbAa
YgEaAa
LhYaAa
EnUbAa
NfOaAa
XoOaAa
ReSaAa
NpPbAa
ChUaAa
QpTaAa
AoQaAa
PhEaAa
HnDaAa
SuEaAa
MwBaAa
BpGaAa
HgCaAa
WgEaAa
FsCaAa
QcSaAa
XlPaAa
HrJbAa
NdZaAa
VaAaAa
UoCaAa
AmAaAa
NdWaAa
XpEaAa
YrNaAa
RoDaAa
CwAaAa
LdCaAa
VdAaAa
JqAaAa
EqCaAa
QyJbAa
KbDbAa
NtWaAa
FxBaAa
CcDaAa
RxLbAa
KnVbAa
OfAbAa
UuMaAa
TsDaAa
IxQaAa
KzWaAa
JcAaAa
AvZaAa
PhBaAa
JzQaAa
DgDbAa
UpFbAa
UrAbAa
AlLaAa
MkAaAa
TbCbAa
YbSaAa
EeLbAa
CcCaAa
JmLaAa
QcEaAa
PeAaAa
JnQaAa
FuDaAa
VqXbAa
LrKaAa
LsDbAa
GiAaAa
BaAaAa
IbHaAa
FsCaAa
UsDaAa
CvAbAa
PcKbAa
TbCbAa
JdEaAa
EeDaAa
YrRaAa
JyAbAa
ScRbAa
KnSaAa
CjCaAa
IcAaAa
AvTaAa
KwAbAa
TjAaAa
YnPaAa
NhMbAa
FsCaAa
WdAaAa
QcEaAa
EgEaAa
VaObAa
IeWbAa
MkAaAa
ZgCaAa
PwHaAa
LfAaAa
UmFaAa
IgIbAa
NeFaAa
BiDbAa
FiEbAa
MrWaAa
KfAaAa
HtAaAa
JgNaAa
BvUbAa
AtFaAa
VaObAa
CaAaAa
LxXaAa
UtFbAa
RyJbAa
QyBaAa
WoEbAa
WzYbAa
ScQaAa
EdGbAa
GoCbAa
TpLaAa
YoNbAa
VrAbAa
KbDbAa
RgKaAa
EnUbAa
CuXaAa
RhIaAa
QmLbAa
TiQaAa
XuDaAa
CrAaAa
NwBaAa
ShDaAa
SlYbAa
PbAaAa
DdAaAa
BpGaAa
PwUaAa
RyBaAa
KcAaAa
NhAaAa
YvRaAa
UwSaAa
VwAaAa
RmCaAa
HqFaAa
SaQaAa
JxNaAa
FxFbAa
HcNaAa
FeDaAa
WhTbAa
UuMaAa
CjCaAa
TuEaAa
NvCbAa
PlJaAa
OhBbAa
WsWaAa
XuDaAa
JhJbAa
ShDaAa
EeGaAa
TwEaAa
NuBbAa
ZpPaAa
YxXbAa
EoCaAa
AlEaAa
BjAaAa
JyAbAa
GmWbAa
IcAaAa
OeKbAa
IiNaAa
KqBbAa
MsGaAa
VuKaAa
DgAaAa
YxBaAa
MzKbAa
YpNaAa
UlUaAa
WoFaAa
LfAaAa
EgVbAa
YeIbAa
EbNbAa
FvGaAa
DoSbAa
OeKbAa
VzDaAa
SmQaAa
GjRbAa
OzMaAa
OhCbAa
OfHbAa
MnXbAa
JzQaAa
JdEaAa
VcWaAa
DyEbAa
ErUaAa
ToXaAa
LuLaAa
AuAaAa
CwSaAa
NaEaAa
UuMaAa
DsIbAa
HqTaAa
WlBaAa
KfAaAa
AjAaAa
XaAbAa
UhYbAa
FgZaAa
ZzFaAa
FsCaAa
QjEbAa
VwAaAa
VdAaAa
BmAaAa
MwBaAa
LsFbAa
PhZaAa
DrAaAa
MoAbAa
KzWaAa
ZsOaAa
WoEbAa
EqCaAa
TiQaAa
JhKaAa
OxAaAa
IiNbAa
PnJaAa
PaQbAa
IwDaAa
VsIbAa
RcFbAa
LaKaAa
MjZbAa
CcDaAa
YmJaAa
BkSaAa
KnCaAa
XrUaAa
FlPaAa
PgFaAa
LiDaAa
HgIaAa
YmWbAa
WqEbAa
NxMaAa
QcBaAa
OsAaAa
JdEaAa
EcLbAa
LdEaAa
AiSaAa
HrPaAa
UlUaAa
PlCbAa
YvRaAa
CdAaAa
EpEaAa
YgEaAa
EnUbAa
JpJbAa
MnFaAa
BjAaAa
ViHbAa
RvJaAa
ObAbAa
WrAaAa
OsAaAa
OpKaAa
WgEaAa
JyJaAa
LcUaAa
RmYaAa
YoAaAa
DsIbAa
CxFaAa
ToYaAa
LxXaAa
KmEaAa
MrYaAa
MwCaAa
DoXbAa
BzJaAa
HiAaAa
CoObAa
RrVaAa
HgCaAa
ZlAaAa
EbBaAa
FfQbAa
KdEaAa
PeAaAa
NhVbAa
JgLaAa
WzXbAa
PcKbAa
VhTbAa
YkBbAa
EyNbAa
QxAaAa
KbDaAa
ZsCaAa
NrXbAa
EsWaAa
FnDaAa
PvDaAa
SmCaAa
ScQaAa
UaXaAa
RmJbAa
SbFaAa
RiFaAa
EaRbAa
JnMaAa
LiDaAa
ItPaAa
AfWbAa
CjCaAa
WsSbAa
KcFaAa
FeIaAa
IcAaAa
EuYaAa
WzWbAa
ZxIaAa
NdObAa
FvGaAa
FnDaAa
WpRbAa
UoCaAa
VrFbAa
FfQbAa
EaLbAa
SxDaAa
CnNaAa
YyOaAa
OaSaAa
ZqTaAa
PbAaAa
PgFaAa
KmEaAa
EpNaAa
FoPbAa
EfYbAa
NnEbAa
FeDaAa
KcAaAa
KcAaAa
EgEaAa
QlGaAa
GmWbAa
LlFaAa
XjMaAa
BaAaAa
PpFaAa
ZmZaAa
FgAaAa
WeHaAa
JdEaAa
ZgCaAa
PvVaAa
MsAbAa
JyAbAa
VuCbAa
ZlAaAa
GiOaAa
FnDaAa
SaQaAa
LzEbAa
EcLbAa
SnGaAa
UaXaAa
EqWaAa
TzAaAa
FjMaAa
YsCaAa
RmCaAa
HdKbAa
KcSbAa
BmSaAa
UeRaAa
GcAbAa
QdNaAa
XbEaAa
SlEaAa
YkHaAa
WmIbAa
UqYaAa
DaOaAa
VuIbAa
FpEaAa
TpHaAa
PyRaAa
JkIaAa
EeVbAa
EgHaAa
HzRaAa
CqMaAa
VaAaAa
GrNaAa
ImHaAa
BbFaAa
IzGaAa
PrNbAa
AyQaAa
MkBaAa
OfAbAa
QhBaAa
FnDaAa
KiDaAa
ZlAaAa
FxBaAa
SlIaAa
TeQaAa
StBaAa
WwGbAa
QlHaAa
EuYaAa
CgYaAa
OiQbAa
NaEaAa
SvTaAa
IpQaAa
FbBaAa
MjZbAa
FmXbAa
NdVbAa
IbHaAa
LaUaAa
KrSaAa
YnPaAa
FnDaAa
WxFaAa
YmPbAa
ShCaAa
WgEaAa
LdDbAa
JqAaAa
SnBbAa
SlEaAa
LdCaAa
ItRaAa
PjBbAa
ZsBaAa
CxFaAa
OpFaAa
DeHaAa
PyGaAa
CwAaAa
FuDaAa
AaQaAa
QaVaAa
FxBaAa
FeDaAa
RnTaAa
ZlAaAa
KnSaAa
CyQaAa
EuYaAa
XjMaAa
QeUbAa
KnCaAa
RyPaAa
ZwLbAa
NnAaAa
SaCaAa
YnDaAa
XvYbAa
VuIbAa
AzAaAa
OjMbAa
LaKaAa
KaUaAa
LvXaAa
MaBaAa
CaAaAa
PvDaAa
KiLaAa
CwSaAa
FnDaAa
GcAbAa
BgYaAa
TjAaAa
PeAaAa
HzGaAa
YnDaAa
HrPaAa
UsPbAa
XeBbAa
LbJaAa
QlZaAa
GiAaAa
LsLaAa
HlAaAa
BaAaAa
MtYaAa
LkDaAa
PxKaAa
RcBaAa
PlJaAa
NzYaAa
AuEaAa
RaGaAa
RpAaAa
SnGaAa
FgZaAa
ApZaAa
ZgIaAa
ApZaAa
GoCbAa
IgDaAa
LbCaAa
MwBaAa
VwMaAa
LgTbAa
PhBaAa
NhEbAa
ZnDaAa
ItAaAa
DcIaAa
PjEbAa
MbLbAa
LwCaAa
FuDaAa
FnDaAa
MlHbAa
BxTaAa
XpEaAa
EdGbAa
GjUbAa
FrUaAa
CgXaAa
LsFbAa
MwBaAa
ToXaAa
KoBbAa
ArTbAa
CcDaAa
LpBaAa
KqBbAa
LzNaAa
KuKbAa
AuAaAa
DyEaAa
IbHaAa
FlDaAa
RwPaAa
TkFaAa
EsEbAa
EiMbAa
TsDaAa
EpUaAa
NhJaAa
NtIbAa
HxHaAa
XeCaAa
AnBbAa
LqLaAa
AhNaAa
GwKbAa
DiXaAa
EgWaAa
NoDbAa
NdWaAa
LsFbAa
BvUbAa
KfAaAa
XiGaAa
AvTaAa
YbEaAa
MsIaAa
BnTbAa
XgZaAa
CaYaAa
HgIaAa
AuAaAa
CiLbAa
IsTaAa
IcAaAa
FfFaAa
RmCaAa
EbBaAa
LcFaAa
BjAaAa
LtDaAa
VvBbAa
EeVbAa
YeCbAa
YeTaAa
HqFaAa
XlBaAa
RmCaAa
JfAaAa
StCaAa
EgJaAa
VzAaAa
FeWaAa
MhYaAa
MaNbAa
QkLbAa
TkXaAa
EbBaAa
OqNaAa
GkCbAa
JzIaAa
FtIaAa
MhWaAa
AtTaAa
ZlAaAa
GqOaAa
JdEaAa
CrAaAa
FsYaAa
OjMbAa
NdWaAa
ViHbAa
MnFaAa
LfAaAa
LsFbAa
HlCaAa
BhPbAa
QbAaAa
CoCaAa
QrFaAa
FfQbAa
DdAaAa
DhPaAa
IzFaAa
TkFaAa
XiEbAa
NlOaAa
RoDaAa
FoSbAa
SbFaAa
KmEaAa
QwQaAa
FiWaAa
IiBaAa
MtYaAa
FbBaAa
MkAaAa
LqHaAa
OrBaAa
KqGbAa
VuCbAa
JjSaAa
WgEaAa
DeJbAa
KsBbAa
WoEbAa
NdDaAa
OqKbAa
CjCaAa
LxEaAa
FnDaAa
KoBbAa
UrGaAa
XkPbAa
ZgCaAa
QtTbAa
HqFaAa
CaYaAa
EeObAa
FzFbAa
TjVaAa
PmKbAa
MfGaAa
FsBaAa
UnEaAa
MuGaAa
JuTaAa
QdWbAa
XuYaAa
OxGbAa
YlMaAa
KfAaAa
QcEaAa
UsKaAa
PkMaAa
QpAaAa
OzMaAa
KbCaAa
AoBaAa
EdGbAa
BmVbAa
KqAaAa
TjAaAa
MfRaAa
DhPaAa
XeCaAa
QlBbAa
AfPbAa
SfPbAa
RbAaAa
CdAaAa
JdEaAa
BzAaAa
DvBaAa
CjCaAa
GlAaAa
FdKaAa
RtCaAa
HzRaAa
EjTbAa
OzEaAa
KrSaAa
YsCaAa
WoOaAa
XlPaAa
HcNaAa
RdSbAa
HyAaAa
IzUaAa
JeSbAa
RaDaAa
ZqTaAa
OhAaAa
ObAbAa
FxFbAa
QeUbAa
QmLbAa
PmKbAa
AzAaAa
JfAaAa
GkBbAa
JpSaAa
VoWaAa
OzMaAa
LmEaAa
MhWaAa
YkZaAa
DxRbAa
QrFaAa
FgBaAa
ImHaAa
HgCaAa
LdCaAa
CcDaAa
YkGaAa
AoQaAa
OkAaAa
UeMbAa
NhEbAa
VqXbAa
VkWaAa
IgZbAa
UmAaAa
VdAaAa
KbCaAa
BvBaAa
ZaBbAa
NrWaAa
BqObAa
OtNbAa
ZmZaAa
EcTaAa
CoMbAa
RyPbAa
HaNaAa
XcBbAa
ZvNaAa
MuFbAa
XbEaAa
ZgTaAa
WqEbAa
QyBaAa
LdCaAa
CmXaAa
RcEaAa
JrXaAa
YrRaAa
NdEbAa
KzUaAa
WaAaAa
NkCaAa
JkYbAa
DxLaAa
BkSaAa
GsCaAa
OwFbAa
MdObAa
JkNaAa
UeEaAa
ZiEaAa
YtNaAa
WgBaAa
TjAaAa
CdAaAa
AiKbAa
XmCbAa
AuWbAa
MjZbAa
UsKaAa
OkUbAa
BsYbAa
PiRbAa
DbKaAa
PfCaAa
NqKbAa
GcEbAa
LyBbAa
BmVbAa
LsLaAa
VdAaAa
EgEaAa
XaAaAa
VqBaAa
LlFaAa
UsWbAa
RgJbAa
ReAaAa
BpLaAa
QlZaAa
LsFbAa
RpAaAa
OpOaAa
LqAaAa
CaXaAa
AuRaAa
FfFaAa
LiUaAa
RwPaAa
YcAbAa
KfAaAa
NtWaAa
YsBaAa
WdAaAa
IcAaAa
UzAaAa
MtKaAa
CmXaAa
SiJbAa
MdVbAa
AuWbAa
IiNbAa
ZnBaAa
TgYaAa
XmCbAa
NlOaAa
IiBaAa
JkYbAa
CjCaAa
UmFaAa
ZsCaAa
UeMbAa
QjSbAa
EnUbAa
UuXaAa
XjPaAa
PfTaAa
PjSbAa
EnRbAa
HxUaAa
BmAaAa
JrObAa
AuWbAa
FzLaAa
UrHaAa
YeCbAa
UnNaAa
VuIbAa
ZzGaAa
PwUaAa
BsYbAa
BdPaAa
DuMaAa
VdFaAa
PfCaAa
EcTaAa
KsBbAa
HfKaAa
EnRbAa
LyBbAa
AhCaAa
FfFaAa
LxEaAa
ZvXbAa
DsIbAa
FfFaAa
EnGbAa
DgAaAa
DtLaAa
CoMbAa
NnAaAa
RgJbAa
CdAaAa
MwBaAa
NzKbAa
MkAaAa
RtBaAa
VxObAa
HgCbAa
UaJbAa
XlBaAa
WlBaAa
CtUbAa
VcWaAa
NoUbAa
GkBbAa
VaOaAa
MoEaAa
HqFaAa
FuDaAa
UzAaAa
DqBaAa
CoCaAa
BvBaAa
OkCaAa
DwAaAa
RpAaAa
OeKbAa
LuLaAa
FoFaAa
UrHaAa
RgKbAa
PiRbAa
UpFbAa
ZgCaAa
TwEaAa
BsYbAa
YiCbAa
BjLaAa
QfIbAa
LaKaAa
PhBaAa
OqNaAa
LlFaAa
EcOaAa
GbSaAa
ElUaAa
PhBaAa
ZsOaAa
CeXaAa
MkAaAa
OrBaAa
NdIaAa
GtUaAa
GiAaAa
YaFaAa
OjHbAa
ZoAaAa
BzAaAa
VdAaAa
LgPaAa
GiAaAa
FfQbAa
EeVbAa
YkHaAa
FgBbAa
XdKaAa
SvTaAa
XuDaAa
CjAaAa
ZkGaAa
MbLbAa
PhBaAa
MtKaAa
TmObAa
DpUaAa
YkGaAa
EgHaAa
HqFaAa
MfBaAa
MfGaAa
QwQaAa
CzJaAa
EgEaAa
NkAaAa
ZeNaAa
LdDbAa
GjUbAa
SaDaAa
DlDaAa
TeBaAa
AgKaAa
SmCaAa
LrSaAa
FnDaAa
PwUaAa
RbFaAa
XbMaAa
GiAaAa
DdFaAa
QsQaAa
PeAaAa
ToHbAa
NoRbAa
FgAaAa
EuDaAa
XbEaAa
OaSaAa
YoAaAa
YiWbAa
IsTaAa
FqIbAa
ZaHbAa
EiMbAa
UoCaAa
XdKaAa
WlDaAa
FnGbAa
AqDaAa
MkBaAa
BdPaAa
ToXaAa
CpGbAa
BxTaAa
CwSaAa
CkQaAa
GbYbAa
AiJbAa
OjMbAa
GcAbAa
JyAaAa
ZaPaAa
SpZaAa
PrNbAa
VhTbAa
ZqTaAa
OiQbAa
LmEaAa
XiGaAa
PkKbAa
KgUaAa
IzUaAa
LzWaAa
GfFaAa
GbTbAa
ToHbAa
SlVaAa
QmMaAa
PhBaAa
NtWaAa
JkYbAa
VdAaAa
ImBbAa
HyKaAa
GbSaAa
WeZaAa
HlAaAa
OnPbAa
NlEbAa
SfWbAa
FxFbAa
LyVbAa
PfIaAa
XeBbAa
DcWaAa
JkIaAa
NqKbAa
SfUaAa
VgRaAa
VaAaAa
EvFbAa
HyAaAa
GiCbAa
UzAaAa
MzQbAa
JpMaAa
FbEaAa
WoFaAa
YiWbAa
MwBaAa
PhEaAa
JvMbAa
BzJaAa
SpVaAa
TaIaAa
BsDaAa
UmAaAa
PhBaAa
LhQaAa
PfAbAa
PmKbAa
WaAaAa
AnBbAa
AcHaAa
VeHaAa
PkKbAa
CdAaAa
FeBbAa
LqLaAa
BjBaAa
VhTbAa
IzHaAa
XlPaAa
DjTbAa
KtXaAa
HvJbAa
FtIaAa
GiAaAa
CxFaAa
SwPaAa
GiAaAa
MzKbAa
LrHbAa
OkCaAa
OhAaAa
DoSbAa
MkAaAa
QfDaAa
XgZaAa
PjXbAa
BaRaAa
TwEaAa
IhKbAa
OqRbAa
QwJbAa
HlLbAa
JuKbAa
VrIaAa
RlZaAa
ZwLbAa
QbLaAa
DsEbAa
OeQbAa
WpNaAa
HqNbAa
QcEaAa
NgPaAa
JfAaAa
AhNaAa
VuCbAa
YfKbAa
BcQaAa
PfIaAa
RiFaAa
EcOaAa
VgJaAa
PhBaAa
FbEaAa
BbHbAa
YeHbAa
ZrPaAa
SoBaAa
NhEbAa
LiDaAa
FgAaAa
DlDaAa
UkXaAa
YnPaAa
GwKbAa
EcLbAa
BiKaAa
EqCaAa
QnTaAa
VlUaAa
KzWaAa
DeHaAa
StCaAa
LxEaAa
WoKaAa
EsCbAa
JxQaAa
GrNaAa
JrObAa
DgAaAa
DgLbAa
UnNaAa
VgRaAa
AzAaAa
FeIaAa
QlBbAa
CxFaAa
UsKaAa
BsDaAa
YkBbAa
IgIbAa
RyIaAa
ZzGaAa
PwHaAa
FzFbAa
BbSbAa
KuCaAa
EpEaAa
EbNbAa
MxIbAa
PkMaAa
MfEaAa
TpLaAa
KnSaAa
QlGaAa
KdGaAa
QmLbAa
CuSaAa
TgQaAa
EaWaAa
DxLaAa
PuUaAa
NyLaAa
PhBaAa
PySbAa
RjYbAa
EpNaAa
YsCaAa
KgUaAa
MkAaAa
BpLaAa
LjKaAa
OfAbAa
QbNaAa
FzLaAa
PjZaAa
VhTbAa
FeBbAa
JbGaAa
ZeNaAa
UzBbAa
EbBaAa
AaHaAa
MzKbAa
YbKbAa
VeHaAa
FzWbAa
AhCaAa
GiCbAa
BhCaAa
UvBaAa
AdLaAa
YoAaAa
ScHaAa
YyOaAa
ZqTaAa
VwEbAa
OxGbAa
ZsOaAa
WgBaAa
FnDaAa
BfPaAa
ScQaAa
ZgCaAa
BuAaAa
DsSaAa
RfNaAa
GmCbAa
ZfFaAa
BjLaAa
PhBaAa
LxEaAa
ZgIaAa
BvBaAa
NhJaAa
DgMbAa
XmCbAa
VkHbAa
GlAaAa
MdVbAa
JnYaAa
ZsCaAa
EcTaAa
OpOaAa
EdYbAa
CkRaAa
DoSbAa
FnDaAa
VwAaAa
ErUaAa
OfHbAa
FtIaAa
BqJbAa
NcKaAa
EaLbAa
PvDaAa
SlYbAa
QgRbAa
AoBaAa
WlBaAa
YtUaAa
IiNaAa
MyVbAa
SnGaAa
TdUaAa
GxFbAa
WyMaAa
JcAaAa
LdCaAa
OfHbAa
CtBbAa
WgBaAa
CwXaAa
PdWaAa
QwUaAa
RwNaAa
SbFaAa
RcEaAa
HyAaAa
YpPaAa
ShDaAa
TiQaAa
WaAaAa
SuEaAa
TzAaAa
NqKbAa
KuCaAa
WrUaAa
MlKaAa
MsAbAa
OsAaAa
KqGbAa
YkGaAa
SiJbAa
JqAaAa
PcKbAa
BeRbAa
SlEaAa
KmEaAa
IsFaAa
LvAaAa
EnUbAa
EtGaAa
KfAaAa
DjCaAa
LsFbAa
WyMaAa
PjZaAa
LsFbAa
IiEaAa
PsAaAa
VwSaAa
LtXbAa
MtYaAa
WoPbAa
VaWaAa
YpPaAa
AhDaAa
LqLaAa
CaYaAa
CmRaAa
AnGaAa
IpQaAa
DsIbAa
EuDaAa
YeCaAa
AlNaAa
WrUaAa
JjSaAa
XlPaAa
XlBaAa
NkAaAa
YsCaAa
KfAaAa
OxAaAa
GiAaAa
FzFbAa
ZgCaAa
LiUaAa
YsBaAa
CcYaAa
CeGaAa
MkBaAa
EuDaAa
LhXaAa
GmPbAa
QjIbAa
KqFaAa
DgAaAa
GkGaAa
WwGbAa
KfAaAa
UmXaAa
ZlAaAa
OqRbAa
GzCaAa
YaFaAa
EeDaAa
KnCaAa
PeAaAa
OyFaAa
EcLbAa
ImNbAa
VaAaAa
HxUaAa
BmObAa
QmMaAa
ZlAaAa
HyAaAa
CcDaAa
TmAaAa
PnCbAa
BcGaAa
UlUaAa
IxHaAa
MaNbAa
GtUaAa
MoEaAa
RcFbAa
WeVbAa
ZaBbAa
MwBaAa
OzMaAa
ImBbAa
JzHaAa
ZgCaAa
MgPaAa
UhGbAa
WaAaAa
MmEaAa
MtKaAa
CsMaAa
KfAaAa
XeDaAa
VpUaAa
DlDaAa
LzNaAa
NaYbAa
DvCaAa
LdCaAa
WaAaAa
HvUaAa
SiJbAa
ZgIaAa
FwKaAa
EeZaAa
UwXaAa
FgBbAa
ItPaAa
HcNaAa
AmAaAa
FySaAa
TpLaAa
UzJaAa
GsCaAa
KjJbAa
OsAaAa
TzAaAa
UcXaAa
PfCbAa
NlEbAa
PyFaAa
HxRaAa
PjEbAa
GfFaAa
JkYbAa
DqBaAa
HqTaAa
CoCaAa
KfAaAa
QbAaAa
YaFaAa
DjCaAa
BnLaAa
IzHaAa
ItRaAa
XwKaAa
DsEbAa
HzGaAa
RmCaAa
AvJaAa
QdNaAa
BmObAa
RgKaAa
JnMaAa
EeDaAa
NhAaAa
OhCbAa
VdAaAa
BsDaAa
EiMbAa
ItEaAa
RtJaAa
BjAaAa
MoEaAa
DyEaAa
GhMaAa
CeBaAa
FvHaAa
MwBaAa
UvFaAa
VqXbAa
RmCaAa
DjUaAa
PjWbAa
RmCaAa
JfSaAa
UaJbAa
JlDbAa
QyBaAa
EeZaAa
WoFaAa
MnWaAa
KqIaAa
CeXaAa
KfAaAa
SaQaAa
MsDbAa
FiOaAa
YoAaAa
ZgCaAa
MdOaAa
KoIaAa
WdAaAa
XbYbAa
MkAaAa
UaJbAa
KrSaAa
IkEaAa
PhBaAa
LkDaAa
FwGbAa
AlLaAa
DwAaAa
HiSbAa
DgAaAa
LgPaAa
PnJaAa
CcDaAa
FjMaAa
DeHaAa
BgYaAa
XkPbAa
GjRbAa
YlMaAa
SmCaAa
McXbAa
BaAaAa
LkDaAa
DwEbAa
OqRbAa
ShDaAa
RaDaAa
SoYaAa
NlOaAa
SpZaAa
VaObAa
RbFaAa
QcEaAa
KlVbAa
VoCaAa
KqGaAa
MkUaAa
NhHaAa
SmCaAa
CsPbAa
QcEaAa
UrAbAa
QyBaAa
MaPbAa
EoSbAa
OgQbAa
HhFaAa
NoRbAa
PhBaAa
XgBaAa
ApZaAa
CeJbAa
TeBaAa
XzLaAa
VcWaAa
RpAaAa
PfDaAa
ApZaAa
WxFaAa
NlEbAa
PbAbAa
PeAaAa
AqRaAa
NbObAa
YfKbAa
AuEaAa
GzCaAa
KcFaAa
ImBbAa
XbEaAa
YtNaAa
MhMbAa
CjBaAa
NnKaAa
QpAaAa
ZlAaAa
VuKaAa
PqEaAa
EeVbAa
HtRaAa
EtVbAa
ZvXbAa
SkFaAa
GkGaAa
LfAaAa
HrQaAa
RcFbAa
UmAaAa
PcKbAa
MuGaAa
AhXbAa
NnEbAa
FbBaAa
KxPbAa
MlKaAa
CjBaAa
NhEbAa
JxNaAa
IiNbAa
KaIbAa
AuAaAa
PyGaAa
TkFaAa
XqOaAa
BmObAa
GnDaAa
YyOaAa
EeOaAa
LdHaAa
OjMbAa
DpFbAa
VuKaAa
DkKaAa
RmYaAa
HtAaAa
BwEaAa
AjAaAa
CaAaAa
CqMbAa
ShDaAa
TcHaAa
WwGbAa
VrAaAa
LrKaAa
NxMaAa
OfAbAa
TeQaAa
QcEaAa
QvQbAa
RbFaAa
BvBaAa
EdGbAa
MwLaAa
CrAaAa
HeZaAa
ItAaAa
ZsCaAa
YoNbAa
QkFbAa
IgDaAa
YdAaAa
DcDaAa
DjUaAa
JyAbAa
DqBaAa
EpEaAa
OpFaAa
JkIaAa
RwNaAa
PhEaAa
CaYaAa
CdAaAa
BsXaAa
LrSaAa
BnGaAa
WdGbAa
ZhFaAa
NnEbAa
TzAaAa
BjNaAa
JpJbAa
VgJaAa
UrAbAa
NrCaAa
XvHaAa
EeOaAa
OdBbAa
CcDaAa
JcAaAa
FiJaAa
CeGaAa
CaAaAa
HaHbAa
EtIaAa
JjFaAa
IsTaAa
CwAaAa
KoIaAa
DxFaAa
LhXaAa
PzZaAa
JsFaAa
EyKbAa
VrAaAa
LdCaAa
MwBaAa
QcEaAa
FoEbAa
YaFaAa
JoHaAa
TxVbAa
QgKbAa
VpUaAa
DwXaAa
EvFbAa
LbDaAa
BhCaAa
XwKaAa
PlPbAa
AuAaAa
DwAaAa
PlPbAa
MbJaAa
JrDaAa
TfUaAa
EcLbAa
NxMaAa
JqAaAa
BzJaAa
OfHbAa
VuIbAa
FbEaAa
TaJaAa
MfGaAa
KfAaAa
DcIaAa
GkJaAa
YbBaAa
TtTaAa
UcJaAa
CwSaAa
DnGbAa
NcKaAa
BgYaAa
UoCaAa
GiCbAa
OsAaAa
LdCaAa
NkAaAa
AxDaAa
UoCaAa
RyPaAa
DjUaAa
QcEaAa
LfAaAa
FfQbAa
SlLaAa
WoFaAa
VkOaAa
PyGaAa
UaXaAa
CmXaAa
KyDaAa
AuAaAa
TbCbAa
TmAaAa
DjBaAa
DbKaAa
ZlAaAa
RjYbAa
JqAaAa
CzHbAa
JgLaAa
UnUaAa
LxXaAa
MjZbAa
ZqTaAa
CwXaAa
YvQaAa
BwEaAa
CjCaAa
JfAaAa
WnGbAa
ToBaAa
GjQbAa
FxBaAa
RyBaAa
RbFaAa
MdJaAa
UnNaAa
OaGbAa
GwKbAa
AtVaAa
FsCaAa
CdAaAa
EpNaAa
TfWbAa
ZsBaAa
CwSaAa
WfVaAa
ZgCaAa
ZxUaAa
WgEaAa
JdFbAa
QdNaAa
AjPbAa
SfPbAa
ObAbAa
ToHbAa
EuDaAa
EgHaAa
BpGaAa
KdEaAa
CwAaAa
ZzPbAa
QmMaAa
MfEaAa
ZfRbAa
RcEaAa
FeBbAa
QcEaAa
ZuOaAa
VgJaAa
FoEbAa
MuGaAa
FsCaAa
SmCaAa
NhVbAa
OhCbAa
CtBbAa
RjYbAa
VuCbAa
ZhFaAa
QyBaAa
XjMaAa
DgAaAa
PeAaAa
PyGaAa
NsRbAa
VdAaAa
DsIbAa
GlAaAa
KfAaAa
AlLaAa
EbBaAa
ZgIaAa
PxAaAa
WgEaAa
IgIbAa
HkJaAa
LdHaAa
FiJaAa
ZhFaAa
YwVaAa
NeFaAa
DoXbAa
TkFaAa
ApZaAa
PbAaAa
ImGaAa
TmAaAa
WoKaAa
VwAaAa
MhObAa
BsYbAa
BsDaAa
UmAaAa
ToHbAa
PvDaAa
ZxHaAa
NeFaAa
UlUaAa
YlMaAa
ZaHbAa
EdYbAa
LsFbAa
EoKaAa
ZmZaAa
PxKaAa
VuIbAa
NkAaAa
NhHaAa
JwUbAa
GiBbAa
DxLaAa
KnCaAa
ScFbAa
IpQaAa
UeRaAa
TxVbAa
IcAaAa
JdBaAa
EpEaAa
XiEbAa
JmTbAa
AfWbAa
EbKaAa
KqGaAa
QdWbAa
KfAaAa
BuAaAa
LjQaAa
ZxHaAa
TfPaAa
BpHaAa
BjBaAa
YkBbAa
ToXaAa
UsPbAa
TrQbAa
OjXbAa
AlEaAa
OsUaAa
ImHaAa
KsBbAa
DjTbAa
MoNaAa
QgKbAa
CjBaAa
KdQaAa
WpNaAa
HgCaAa
LfAaAa
TcHaAa
SkFaAa
XoAaAa
MhWaAa
WyMaAa
EeOaAa
UaXaAa
NhEbAa
SlEaAa
UzObAa
NvCbAa
HyGbAa
MfEaAa
FwKaAa
DjCaAa
PxAaAa
IwZaAa
HvJbAa
SlVaAa
NkAaAa
ZlAaAa
KpObAa
CxFaAa
RmJbAa
QaVaAa
MnWaAa
BjBaAa
BaAaAa
CvCaAa
JfSaAa
OcMaAa
DzDaAa
JyJaAa
NeFaAa
CaAaAa
MaNbAa
LsFbAa
PaMaAa
ZfKaAa
IiNbAa
RtQbAa
ZvPaAa
CqMaAa
JpMaAa
PbAaAa
IdSaAa
QaVaAa
CjBaAa
MkAaAa
AlEaAa
JdEaAa
BqMaAa
OcMaAa
DsSaAa
FiEbAa
RaGaAa
DlDaAa
QyBaAa
MtDaAa
PhEaAa
GlAaAa
OjMbAa
JfAaAa
CcUbAa
AxDaAa
ZgCaAa
DaYaAa
CsXaAa
TzAaAa
ZuOaAa
FfFaAa
KtMbAa
BnVaAa
KnSaAa
DlGbAa
YkGaAa
NsHaAa
OjHaAa
MfEaAa
PyRaAa
PrOaAa
BsYbAa
XeTaAa
ZtRaAa
VaAaAa
YiWbAa
RnHaAa
QaVaAa
KiDaAa
NzYaAa
BpGaAa
KnObAa
HyAaAa
WxFaAa
PhEaAa
OhAaAa
QhBaAa
HxUaAa
OsAaAa
IcAaAa
DgAaAa
DtFbAa
BsDaAa
StFaAa
UdXbAa
MoNaAa
IqTaAa
IcAaAa
ZrRaAa
NzEaAa
OsAaAa
HxHaAa
WwGbAa
IiBaAa
EiVbAa
EmKaAa
NyLaAa
OeVaAa
QtJaAa
FbBaAa
WcLbAa
UcDbAa
NzYaAa
PeAaAa
MfBaAa
XdKaAa
LyVbAa
CwSaAa
FwCbAa
TgYaAa
FfFaAa
WsCbAa
NtWaAa
XxXbAa
TyNaAa
MdJaAa
GiOaAa
JkYbAa
JhKaAa
YvQaAa
UeYaAa
LdCaAa
UeMbAa
KnObAa
VwAaAa
OpKaAa
GlAaAa
AnGaAa
RcBaAa
VcDaAa
TsDaAa
OeFaAa
AhDaAa
DuPbAa
KoBbAa
NdWaAa
BsYbAa
FdKaAa
CeEaAa
AdLaAa
KmEaAa
OqRbAa
EeZaAa
PxGbAa
EaLbAa
WxCaAa
KyDaAa
LbJaAa
HuOaAa
OkAaAa
BhLaAa
FiMbAa
BhLaAa
LbIaAa
KbDaAa
VrAaAa
FgZaAa
FyVaAa
WgGaAa
VoCaAa
CtBbAa
HzFaAa
MrYaAa
GzCaAa
OaGbAa
OlCbAa
EbBaAa
AuAaAa
ZvPaAa
WaAaAa
UcJaAa
ZxUaAa
RaDaAa
YtNaAa
MkAaAa
AlNaAa
KfAaAa
LsDbAa
XgEaAa
YbTbAa
MwBaAa
QyBaAa
FfQbAa
ZzCaAa
RnHaAa
UwEbAa
MjZbAa
CaAaAa
MrWaAa
MnFaAa
PhBaAa
BiDbAa
GbSaAa
YbBaAa
EsEbAa
RvDaAa
NsHaAa
EgBaAa
KbDbAa
XgZaAa
SmCaAa
OpFaAa
EdYbAa
QdWbAa
LlFaAa
IbHaAa
OxAaAa
KdEaAa
JcNaAa
DfTbAa
CqMbAa
LfAaAa
LvEbAa
OjMbAa
UoCaAa
XdKaAa
FzFbAa
CvCaAa
QyRaAa
GtUaAa
BaIaAa
BpLaAa
DhTbAa
UoCaAa
QyBaAa
RwNaAa
GoCbAa
ZgCaAa
DpUaAa
BmVbAa
UwSaAa
AsEaAa
BxDbAa
KmEaAa
CdAaAa
XmCbAa
JzQaAa
OpFaAa
GxYbAa
FeIaAa
WmEbAa
UuMaAa
ZsCaAa
BaAaAa
QpAaAa
WaAaAa
KmEaAa
AnBbAa
UiAbAa
ZlAaAa
ZsCaAa
FoIbAa
GkJaAa
NvYaAa
PmBaAa
HxBaAa
CtKbAa
WdYbAa
JfAaAa
XaAaAa
SlVaAa
NoRbAa
MsFbAa
EeOaAa
CdAaAa
UoCaAa
RcEaAa
LtDaAa
LuLaAa
FsBaAa
OjMbAa
QlTaAa
KoIaAa
CtBbAa
KmEaAa
AnGaAa
OhCbAa
TyNaAa
FiGaAa
LwCaAa
EdGbAa
YkHaAa
XcBbAa
FySaAa
CjBaAa
MbJaAa
SnBbAa
ZuOaAa
LsDbAa
LdCaAa
ZwLbAa
WaAaAa
BxJaAa
JcAaAa
SxDaAa
RgKaAa
VaObAa
LcFaAa
YvRaAa
YuTbAa
UvBaAa
KqGbAa
EuIbAa
VuIbAa
FdKaAa
OiQbAa
AtTaAa
YoAaAa
BvBaAa
EeOaAa
YlPaAa
UiObAa
BkSaAa
MqAbAa
EaLbAa
GgCbAa
JdBaAa
JwJaAa
WgBaAa
ZvQaAa
OkCaAa
VyEaAa
YqJaAa
MsIaAa
AhNaAa
FeCaAa
YbSaAa
VwEbAa
IcAaAa
EqCaAa
OpFaAa
MxIbAa
CcDaAa
GmJaAa
DdTbAa
FjMaAa
PyGaAa
WaAaAa
EqCaAa
FnDaAa
RmCaAa
CzTaAa
OaSaAa
IcAaAa
DrAbAa
MrYaAa
JrObAa
QmLbAa
MjZbAa
JdSaAa
AjIaAa
EdGbAa
EyNbAa
TfPaAa
JqAaAa
JjSaAa
UoCaAa
WdAaAa
GcAbAa
FfMaAa
XtIaAa
ZvNaAa
IhFbAa
HtNaAa
FzFbAa
RpAaAa
JdEaAa
TeQaAa
WzYbAa
ZxUaAa
LzNaAa
AuPaAa
DcDaAa
VrAaAa
QcEaAa
TcDbAa
VaAaAa
NdVbAa
GmJaAa
XoJaAa
CwPbAa
WqXbAa
GiJaAa
CxFaAa
VdAaAa
WrUaAa
LiDaAa
VsIbAa
ZeNaAa
RjNaAa
UoCaAa
IwDaAa
TzJaAa
HvUaAa
UsPbAa
ZuOaAa
JiBaAa
SoBaAa
TgXaAa
VuKaAa
MbIaAa
NoRbAa
BxTaAa
FbBaAa
CkRaAa
CzJaAa
FqPbAa
EbNbAa
LjKaAa
BmVbAa
EeZaAa
KhQaAa
QgKbAa
TvFaAa
YnDaAa
JuUbAa
FsBaAa
NfWaAa
MaBaAa
HrPaAa
VwAaAa
QlGaAa
WpUaAa
MdHaAa
NoUbAa
IiAaAa
BsDaAa
BsYbAa
KbCaAa
CaIaAa
ZzFaAa
AyQaAa
KiDaAa
ZzCaAa
OoUbAa
AqDaAa
FnDaAa
JwJaAa
DsEbAa
DaOaAa
LcSbAa
LlFaAa
SfPbAa
KnCaAa
KaIbAa
IiNbAa
DlDaAa
ZhFaAa
MsIaAa
MrYaAa
XeIaAa
YsCaAa
AjIaAa
MdVbAa
TmAaAa
PqEaAa
HuOaAa
PcKbAa
RoMaAa
VeHaAa
FzFbAa
IdSaAa
LxEaAa
IaLaAa
KmEaAa
MnWaAa
VsIbAa
LqHaAa
YiZaAa
KfAaAa
FiOaAa
XjMaAa
IcLaAa
PcMaAa
RoMaAa
MuGaAa
EySaAa
EgVbAa
VrAbAa
RtCaAa
VqBaAa
WlUbAa
CaAaAa
OiQbAa
PbAaAa
DzDaAa
LzEbAa
OtIbAa
YbEaAa
CoMbAa
VyEaAa
TdPaAa
PwGaAa
FfQbAa
SkFaAa
QvDaAa
NeFaAa
GmJaAa
FeCaAa
PrNbAa
KfAaAa
CcDaAa
CtBbAa
BkSaAa
LdDbAa
ZrPaAa
VdAaAa
CnNaAa
OpFaAa
ZzJbAa
JdEaAa
KcFaAa
QgKbAa
LpBaAa
AuEaAa
MuFbAa
CkRaAa
TjVaAa
BhLaAa
YfKbAa
MuFbAa
BuAaAa
RhIaAa
UtBbAa
WgBaAa
DzDaAa
BzAaAa
BvBaAa
HxRaAa
ZgIaAa
PwHaAa
HnBaAa
MsIaAa
LdCaAa
EvCaAa
YaFaAa
WeEbAa
TkXaAa
ShDaAa
RbFaAa
KuKbAa
XuDaAa
MiGbAa
BmObAa
RoMaAa
TkFaAa
IcAaAa
VdFaAa
EgBaAa
XoJaAa
EbBaAa
TkSaAa
GlAaAa
OaZbAa
PpFaAa
WsCbAa
XuDaAa
BnTbAa
RhIaAa
MoNaAa
VuCbAa
LtXbAa
AuAaAa
DwAaAa
CyNaAa
LmEaAa
RjNaAa
HxWbAa
UhGbAa
QbLaAa
NkCaAa
AjNbAa
CsPbAa
HfKaAa
GeAbAa
TmAaAa
RfNbAa
SxUbAa
YbTbAa
RmCaAa
VaAaAa
MkAaAa
MbTaAa
BfLaAa
PkMaAa
FqIbAa
FnDaAa
PuUaAa
UoCaAa
JfAaAa
LdHaAa
DgJaAa
EnRbAa
IcAaAa
UoCaAa
DsIbAa
XiWbAa
OsAaAa
UtBbAa
HnRbAa
WqXbAa
NhHaAa
RrJaAa
YyGbAa
KcFaAa
MrWaAa
FxFbAa
HaFaAa
BaAaAa
VdAaAa
SqSaAa
QpAaAa
UbUaAa
GzCaAa
NdIaAa
MfEaAa
ErUaAa
WgMbAa
BoJbAa
PjWbAa
NrBaAa
TaJaAa
HxHaAa
QmLbAa
ZlAaAa
AqDaAa
MdObAa
AnGaAa
EpEaAa
LjQaAa
MyBbAa
TsYbAa
ZlAaAa
UgLbAa
JrDaAa
NcKaAa
KmEaAa
MkAaAa
EdYbAa
LdHaAa
EsXbAa
VaYaAa
MaNbAa
BkYaAa
GjRbAa
WxFaAa
TrIaAa
PwHaAa
LqHaAa
GmPbAa
OhHbAa
XfGbAa
VeHaAa
BcRaAa
AmJbAa
BuAaAa
XdMaAa
MzIbAa
YoAaAa
EySaAa
GlAaAa
RhIaAa
HzFaAa
KbDaAa
WzYbAa
CwAaAa
DoXbAa
WpRbAa
GmJaAa
CaAaAa
VgJaAa
GiAaAa
YnPaAa
UvLaAa
TwPbAa
LgTbAa
WaAaAa
XhUbAa
OsUaAa
UoCaAa
KoHaAa
IeWbAa
UvVbAa
CeGaAa
UnUaAa
PuJbAa
PbNaAa
QdWbAa
OvYaAa
MuVbAa
BbSbAa
RwPaAa
LyVbAa
IzHaAa
RgKaAa
YsCaAa
MkAaAa
QcEaAa
FzFbAa
WdAaAa
EnRbAa
XeCaAa
ImHaAa
AtBaAa
GsCaAa
BaRaAa
HxHaAa
XxXbAa
MhWaAa
NkCaAa
ZvPaAa
MkAaAa
UrIaAa
UiAbAa
XaOaAa
PyFaAa
YsBaAa
AuWbAa
CaDbAa
KrSaAa
VxLaAa
GjRbAa
EwAaAa
ZlAaAa
ZtRaAa
HtAaAa
AtTaAa
NtDaAa
RbPaAa
KcAaAa
LsDbAa
RoJbAa
RmYaAa
EcTaAa
BqMaAa
CpGaAa
BsWbAa
TaJaAa
QlBbAa
IiBaAa
OyFaAa
TzAaAa
VcWaAa
NhJaAa
LdDbAa
XlBaAa
PfDaAa
UeRaAa
UoCaAa
ZxHaAa
FxBaAa
DgAaAa
YsBaAa
QgKbAa
TpHaAa
GsCaAa
TyNaAa
LaIbAa
DxLaAa
LrMbAa
TjVaAa
WgBaAa
QyFaAa
GoNbAa
FhUbAa
DcDaAa
YsCaAa
ToHbAa
SnIaAa
OaTbAa
CfPaAa
XjMaAa
JhFbAa
HlCaAa
GfQbAa
OjJaAa
TwEaAa
WwAaAa
BnTbAa
XiJaAa
WkWaAa
WjPaAa
LgPaAa
YjQbAa
ToXaAa
GbTbAa
PuUaAa
QfTaAa
ZzJbAa
EsCbAa
KiCaAa
StCaAa
QqPaAa
CaAaAa
OpFaAa
UeGaAa
MkAaAa
OaZbAa
BmSaAa
QcSaAa
RbPaAa
TzAaAa
BiKaAa
LjKaAa
ExCaAa
TzJaAa
DjCaAa
RyPaAa
SoYaAa
BkYaAa
UqYaAa
XeCaAa
VeRaAa
AtTaAa
JoVaAa
SpTbAa
NgTbAa
DhTbAa
SlNaAa
TpHaAa
WcLbAa
PvDaAa
VrAaAa
XzLaAa
OxAaAa
NdIaAa
YrRaAa
MhWaAa
DrFbAa
RjYbAa
GvGaAa
UyNaAa
MkAaAa
BaAaAa
JkIaAa
BaAaAa
FxCaAa
SqSaAa
GmPbAa
ZgCaAa
NxMaAa
YsBaAa
MsGaAa
OzEaAa
OyFbAa
XhQbAa
HlPaAa
IhFbAa
HfKaAa
JfAaAa
AhNaAa
BpLaAa
QdWbAa
HsCaAa
OqRbAa
KuUbAa
UpFbAa
MkAaAa
HxUaAa
FdKaAa
ArVaAa
AjNbAa
UmFaAa
CrAaAa
ZsCaAa
DdTbAa
ZhFaAa
FbBaAa
FyVaAa
CcDaAa
EgBaAa
PkMaAa
KfAaAa
KvPbAa
CwAaAa
EcLbAa
UmAaAa
EsYaAa
VkOaAa
WrUaAa
OsAaAa
OsUaAa
XxXbAa
BpLaAa
XvHaAa
EoWaAa
PhBaAa
IcAaAa
EmHbAa
BkYaAa
EbBaAa
MwBaAa
DgAaAa
RoMaAa
EbBaAa
IcAaAa
NlEbAa
JdBaAa
WgBaAa
XvGaAa
OxAaAa
MnWaAa
FvYbAa
RtBaAa
VuMaAa
WaAaAa
XqOaAa
YyGbAa
VxObAa
ZxIaAa
EuDaAa
ZuJaAa
VuCbAa
UoCaAa
UhVaAa
RtBaAa
JfSaAa
XeTaAa
OhHbAa
TfWbAa
VeEaAa
VuKaAa
QaVaAa
UoCaAa
RmCaAa
PeAaAa
JfAaAa
UuMaAa
PqEaAa
NxMaAa
GnDaAa
HnBaAa
FvHaAa
EiRaAa
OiQbAa
GkJaAa
AuAaAa
VuKaAa
AhNaAa
KrSaAa
EgWaAa
TjVaAa
AnBbAa
CqYaAa
FmOaAa
TrIaAa
CwXaAa
MdVbAa
UrDbAa
TpHaAa
MwBaAa
WeEbAa
WzYbAa
YiTaAa
XnQbAa
MrWaAa
FjMaAa
EqSbAa
GdKaAa
BvFaAa
NbOaAa
UeRaAa
EsYaAa
CoCaAa
AuAaAa
PjXbAa
RgKaAa
BvUbAa
IiBaAa
PfIaAa
JfAaAa
NcKaAa
NsHaAa
AjNbAa
RhIaAa
PrOaAa
TrIaAa
KmEaAa
DbKaAa
FsBaAa
RiKbAa
GiCbAa
EmKaAa
TqMaAa
DgAaAa
MrWaAa
FyVaAa
UiAbAa
PyRaAa
LfAaAa
BaAaAa
LcCbAa
KrXaAa
EuDaAa
PmBaAa
EgHaAa
PjZaAa
OqRbAa
YkHaAa
AjIaAa
YvIaAa
TaJaAa
VqXbAa
HxHaAa
JpJbAa
AjAaAa
QzKaAa
XqBaAa
EdYbAa
VaAaAa
AqDaAa
SxUbAa
YkZaAa
CjCaAa
CqMbAa
NtYaAa
IvObAa
QyBaAa
EuDaAa
TwEaAa
MlKaAa
NgGbAa
CeRaAa
RmJbAa
EbNbAa
MkAaAa
AvTaAa
VkOaAa
JkYbAa
CvBaAa
FiGaAa
YxSbAa
VqXbAa
UoCaAa
LcFaAa
DcIaAa
IcAaAa
JzBaAa
AdLaAa
ImGaAa
AtBaAa
DgAaAa
VgWaAa
PqEaAa
PmKbAa
PeAaAa
EnUbAa
JrXaAa
FyYaAa
PmKbAa
CsYbAa
XeBbAa
RmCaAa
KrSaAa
CeEaAa
JqAaAa
AzAaAa
CcDaAa
WaAaAa
KrSaAa
DcWaAa
XgZaAa
WzYbAa
SfPbAa
TrIaAa
MjZbAa
RfNaAa
UrAbAa
ZlCaAa
LvSbAa
MoUaAa
QrFaAa
CzRbAa
LbJaAa
GkXbAa
ZrPaAa
FgZaAa
JuKbAa
OtNbAa
KsBbAa
QxAaAa
NsHaAa
IeWbAa
GlCaAa
FeTaAa
LsLaAa
DaWaAa
RvJaAa
CkRaAa
NnFaAa
OdTaAa
QzOaAa
DpUaAa
JpSaAa
FpEaAa
FeCaAa
BnTbAa
EeZaAa
LiDaAa
RyBaAa
HaHbAa
UiAbAa
IsFaAa
JjSaAa
UrGaAa
TbCbAa
NyLaAa
LxEaAa
KnSaAa
SvJaAa
WwAaAa
LiDaAa
NoRbAa
AlNaAa
XiWbAa
XyVaAa
OfHbAa
XfMaAa
TfPaAa
VuKaAa
OaGbAa
WgHaAa
PqEaAa
RcFbAa
CsPbAa
PbNaAa
YeIbAa
OfAbAa
AiJbAa
UqYaAa
BnLaAa
FgBbAa
TgQaAa
YiTaAa
UnNaAa
HrQaAa
ZqTaAa
BwEaAa
FyVaAa
MwBaAa
BjBaAa
LcUaAa
NvKaAa
RwQaAa
FtHaAa
MwBaAa
HkWbAa
KtXaAa
NoRbAa
GzCaAa
FtIaAa
JpMaAa
BtTaAa
ZaPaAa
WlBaAa
DgJaAa
GkBbAa
MzQbAa
CsDaAa
IgIbAa
QrFaAa
DoXbAa
VgRaAa
FgAaAa
FnDaAa
IkEaAa
WdAaAa
DgAaAa
GmWbAa
HvQaAa
YnPaAa
RiSaAa
IzUaAa
WwMaAa
AhNaAa
CmXaAa
XtIaAa
HhFaAa
UzAaAa
YsCaAa
YfKbAa
UnEaAa
RaDaAa
EvGaAa
LgPaAa
FdKaAa
CdAaAa
DjUaAa
SfWbAa
RyBaAa
PvDaAa
QyRaAa
MlHbAa
IwZaAa
WgGaAa
CtBbAa
EoFaAa
XmIbAa
UzObAa
WzYbAa
TaIaAa
ZcNaAa
MxSaAa
CwPbAa
DzDaAa
TcDbAa
JpJbAa
IgDaAa
BfUaAa
SmYaAa
BaIaAa
RdSbAa
MoAbAa
QyBaAa
WaAaAa
ArZaAa
QjCbAa
LgPaAa
CsMaAa
JmTbAa
LgPaAa
JaMbAa
AhCaAa
ShCaAa
BvFaAa
UeRaAa
OcMaAa
UtBbAa
CmXaAa
GiAaAa
ZsCaAa
TzAaAa
UaXaAa
VqBaAa
MkBaAa
RjNaAa
CmRaAa
NfRaAa
GsBaAa
MfEaAa
CmRaAa
IoZaAa
CaUbAa
FgAaAa
BsXaAa
GrNaAa
LgPaAa
GbTbAa
GmJaAa
CaYaAa
TdPbAa
KnCaAa
EjGbAa
VdFaAa
ShPbAa
KrSaAa
NtIbAa
PfDaAa
XvYbAa
OjHaAa
YqOaAa
SlIaAa
RiFbAa
ZqTaAa
QpAaAa
RnHaAa
EcOaAa
FeIaAa
YnDaAa
BkYaAa
XgBaAa
ZwLbAa
WgJaAa
MuFbAa
LzNaAa
GsCaAa
IoTaAa
LfAaAa
RtBaAa
TyNaAa
RwNaAa
HlAaAa
PmPaAa
LvXaAa
YlMaAa
RrZaAa
QaVaAa
VdFaAa
CoCaAa
JdEaAa
FnDaAa
NtYaAa
NkAaAa
HtRaAa
CaAaAa
SyQaAa
MkAaAa
QlBbAa
OxAaAa
TlTbAa
SfWbAa
KdEaAa
FuDaAa
QeUbAa
XgZaAa
AjIaAa
UwSaAa
WwGbAa
CjCaAa
VgRaAa
UeGaAa
CqYaAa
PhBaAa
XeBbAa
PvDaAa
IyAaAa
DlDaAa
DaWaAa
DhTbAa
EvHbAa
GbTbAa
DgAaAa
WoOaAa
VoCaAa
PbAaAa
CjCaAa
PbAaAa
TzJaAa
VyKbAa
WiHaAa
OkCaAa
JbGaAa
ZgCaAa
WaAaAa
RtBaAa
NdIaAa
BdPaAa
DdFaAa
TbCbAa
TsDaAa
AgFbAa
TrGbAa
WgBaAa
LfBaAa
OhBbAa
NoRbAa
UzAaAa
ZlAaAa
RdSbAa
OjMbAa
KgUaAa
SuWbAa
IwZaAa
ZsOaAa
StCaAa
FiEbAa
SfUaAa
TjAaAa
NxMaAa
CuSaAa
ZuOaAa
CmXaAa
HxIaAa
MwBaAa
CaYaAa
YkBbAa
SuEaAa
BzAaAa
JfSaAa
CkYaAa
VhTbAa
XdKaAa
GrNaAa
KvPbAa
AbHbAa
IiBaAa
KoIaAa
GjQbAa
OiMaAa
OaSaAa
LsLaAa
YoAaAa
KvAaAa
AqDaAa
OhCbAa
AnBbAa
CdAaAa
GmPbAa
HzGaAa
OsUaAa
NkAaAa
RhIaAa
LgXbAa
YjKbAa
RjYbAa
ZvNaAa
AuWbAa
YkGaAa
StCaAa
XeCaAa
GiBbAa
HvJbAa
WmIbAa
LrSaAa
SfWbAa
WjPaAa
TsSbAa
QcSaAa
XoJaAa
QdWbAa
ZvPaAa
OjJaAa
BkYaAa
WmIbAa
IhFbAa
FeDaAa
LiUaAa
PlCbAa
MzQbAa
ZrPaAa
MoEaAa
KhQaAa
BsDaAa
XdYbAa
XgZaAa
ZxIaAa
FzLaAa
NzYaAa
TjAaAa
NyLaAa
AtTaAa
PfTaAa
NaEaAa
ZcHbAa
ZmZaAa
WtHbAa
DlDaAa
FvHaAa
BqMaAa
DhPaAa
QdNaAa
ZlJbAa
AfWbAa
CwAaAa
EdGbAa
RcFbAa
GrNaAa
QlBbAa
VaAaAa
JuKbAa
BzAaAa
EvBbAa
PhBaAa
YnDaAa
GfQbAa
KtXaAa
QfDaAa
EuDaAa
NqUaAa
CbSbAa
UcDbAa
OaSaAa
EnRbAa
PcVaAa
ZlCaAa
ScQaAa
UnEaAa
EvHbAa
LtXbAa
CeEaAa
TrIaAa
EuDaAa
YiTaAa
YrNaAa
EgGaAa
ZgCaAa
DaJbAa
RcSaAa
BuAaAa
NrWaAa
VoCaAa
UjAaAa
JkIaAa
GgZaAa
VlDaAa
DtLaAa
UhGbAa
JbGaAa
QcEaAa
XvHaAa
SvJaAa
VbKaAa
JwUbAa
AfWbAa
CzDaAa
FhUbAa
BxTaAa
QhBaAa
ZaBbAa
DbKaAa
ZzFaAa
OsAaAa
IsFaAa
WdYbAa
EdYbAa
GzCaAa
YyZaAa
BeBaAa
EuDaAa
UeRaAa
AfPbAa
AgFbAa
VqXbAa
UqYaAa
WaAaAa
RvJaAa
KcAaAa
JmTbAa
PjGaAa
OgQbAa
KfAaAa
EgRaAa
PhEaAa
JrDaAa
YgZaAa
YeTaAa
SlNaAa
PvDaAa
WeZaAa
UlUaAa
KoIaAa
EbBaAa
WpRbAa
ScFbAa
MwBaAa
WrAaAa
AiJbAa
VqBaAa
PuJbAa
MkAaAa
MbLbAa
KqGbAa
GaAbAa
JiBaAa
YnPaAa
BzJaAa
MdOaAa
AnBbAa
JmLaAa
XlPaAa
MtDaAa
DgMbAa
MmGbAa
WsCbAa
TjIaAa
VrAaAa
JfAaAa
EtRbAa
PjZaAa
ImBbAa
HfKaAa
QhSbAa
KcFaAa
NnWaAa
YiTaAa
XeTaAa
CxFaAa
CcDaAa
OxAaAa
FyVaAa
MzKbAa
UjBaAa
CvBaAa
YoAaAa
JfSaAa
OrCaAa
VrAaAa
McXbAa
BxTaAa
SlIaAa
TrIaAa
GbTbAa
NzYaAa
ToXaAa
FgAaAa
QwJbAa
FbXbAa
BbSbAa
XzYbAa
QpAaAa
PjZaAa
VfGbAa
FfFaAa
QyJbAa
PmKbAa
AoBaAa
GfKbAa
NyLaAa
NkAaAa
CxFaAa
AyQaAa
JyAaAa
QzOaAa
KmEaAa
ZlAaAa
QuUaAa
SoJbAa
AlLaAa
GgAaAa
FeTaAa
VaAaAa
PhEaAa
EbNbAa
ZwLbAa
VsEbAa
BsDaAa
EsWaAa
RnHaAa
EuIbAa
EbBaAa
HzRaAa
UiAbAa
BcRaAa
SeSaAa
ExCaAa
LzNaAa
CkRaAa
AaQaAa
EdYbAa
JcAaAa
ZsTbAa
LvEbAa
GjQbAa
NaYbAa
UsKaAa
UnUaAa
TaJaAa
RoMaAa
AtFaAa
IeWbAa
SlIaAa
ZgWbAa
ErUaAa
MrYaAa
HnKbAa
ToBaAa
XkPbAa
GwKbAa
WrAaAa
MtKaAa
MsFbAa
AuAaAa
IoZaAa
ZlAaAa
EeCaAa
EgBaAa
MiGbAa
JpSaAa
CeXaAa
HqOaAa
MrWaAa
FbBaAa
KoIaAa
RzOaAa
GjUbAa
GmJaAa
OpFaAa
RaDaAa
BhLaAa
EeVbAa
LnCaAa
HzGaAa
DsIbAa
SbFaAa
QjEaAa
LuCaAa
RmYaAa
HiEaAa
TzAaAa
WqCaAa
VgEbAa
HlAaAa
BmVbAa
UtFbAa
TcDbAa
UcJbAa
GkJaAa
GiAaAa
FtIaAa
AhCaAa
GzCaAa
RgKbAa
HlLbAa
LdQaAa
BqMaAa
IzUaAa
HaHbAa
HlLbAa
NlEbAa
AuAaAa
WoKaAa
YvQaAa
ZyKaAa
KiCaAa
OnPbAa
QmPaAa
IsTaAa
EgEaAa
OpOaAa
KqBbAa
PkMaAa
EaLbAa
EgAaAa
MhMbAa
TrIaAa
YiTaAa
LdCaAa
KjJbAa
QcSaAa
VbKaAa
CeYaAa
QfDaAa
BnTbAa
PbAaAa
WjCaAa
WgOaAa
ZnBaAa
VzDaAa
AhNaAa
WzYbAa
JzBaAa
UeMbAa
IgIaAa
XxXbAa
EeOaAa
IcAaAa
YnPaAa
JcAaAa
WdAaAa
KrYbAa
NvCbAa
PhZaAa
QcEaAa
GiAaAa
WdAaAa
ViHbAa
LgPaAa
ZvPaAa
DgAaAa
XuDaAa
BmSaAa
SfWbAa
ZaBbAa
ImBbAa
HrEaAa
OlCbAa
EiXaAa
RyBaAa
PqEaAa
RfNaAa
JxJbAa
EySaAa
EbBaAa
EbBaAa
IcAaAa
IcAaAa
QnTaAa
GiAaAa
VaAaAa
QlGaAa
QjZaAa
GnDaAa
MsGaAa
XtIaAa
OkPaAa
FpNaAa
LpBaAa
RhNbAa
RtCaAa
VoSbAa
DxFaAa
IwOaAa
KfAaAa
CjCaAa
IrPaAa
CsPbAa
MoAbAa
EsSaAa
PjWbAa
FgBaAa
DcDbAa
TeQaAa
GwVaAa
GbTbAa
OlCbAa
CeYaAa
UeRaAa
MzQbAa
CkRaAa
DjTbAa
KnCaAa
DjCaAa
XgZaAa
KuCaAa
EpEaAa
NhHaAa
BcGaAa
UoCaAa
KyUbAa
AdLaAa
KdQaAa
KrDaAa
JnYaAa
KfAaAa
OfAbAa
GfFaAa
FpRbAa
PhTaAa
GoWbAa
CdAaAa
CcDaAa
EbBaAa
GnDaAa
UvBaAa
UuMaAa
BmSaAa
SkFaAa
BpHaAa
MwBaAa
JxNaAa
PwUaAa
PhBaAa
UnEaAa
TyNaAa
QlTaAa
BaAaAa
BmObAa
AyIaAa
WgBaAa
VeHaAa
CsPbAa
ScQaAa
LfDbAa
MaBaAa
TxVbAa
NdWaAa
ZgCaAa
WoFaAa
TxDbAa
QwRaAa
LyVbAa
TjAaAa
EeCaAa
CkRaAa
RsEaAa
UkRaAa
EnRbAa
DqBaAa
QbLaAa
PpFaAa
MpXbAa
HrEaAa
SbFaAa
LrSaAa
FdKaAa
PwIaAa
QlGaAa
UaXaAa
FvHaAa
OxGbAa
XdAaAa
XhMaAa
GnDaAa
XlPaAa
UoCaAa
NhAaAa
ImHaAa
SbFaAa
XxCaAa
WiMbAa
UpFbAa
FeBbAa
WdAaAa
IpQaAa
PyFaAa
TiQaAa
IkEaAa
QnTaAa
FjPaAa
XtIaAa
VlUaAa
KrObAa
WrUaAa
OvCbAa
JzQaAa
LgPaAa
HzGaAa
XpEaAa
SiJbAa
JxNaAa
ScFbAa
JwDaAa
CcDaAa
NzYaAa
YsBaAa
JoVaAa
WaAaAa
FgZaAa
LfBaAa
EbBaAa
TjVaAa
RgJbAa
JhKaAa
UmAaAa
VlDaAa
QfIbAa
RjYbAa
IiBaAa
RaGaAa
JjFaAa
ZuOaAa
FjMaAa
IxQaAa
ZrPaAa
IoZaAa
HiBbAa
KfAaAa
WoWaAa
LiDaAa
VrIaAa
ZlAaAa
CjCaAa
XeDaAa
CeGaAa
BnTbAa
AhCaAa
UlUaAa
GgCbAa
NyLaAa
RgFaAa
ZuOaAa
XgEaAa
NdWaAa
JaSbAa
OsAaAa
ByNaAa
IhKbAa
NhAaAa
ZmYbAa
HdKbAa
VkWaAa
ZnDaAa
ToXaAa
GsBaAa
DiXaAa
FxBaAa
SoBaAa
GxXbAa
WyYaAa
CuSbAa
ZaPaAa
KhFbAa
OeKbAa
XaAbAa
DsEbAa
JkIaAa
EgVbAa
KkEaAa
OlIbAa
VhPaAa
TsSbAa
VrAaAa
TnIaAa
OeVaAa
QcEaAa
FeDaAa
UaXaAa
UzObAa
YyGbAa
QmLbAa
PmPaAa
FjMaAa
NvIbAa
JcAaAa
BiDbAa
OqNaAa
YkHaAa
HyAaAa
ZlAaAa
CsDaAa
HhFaAa
YsCaAa
EdYbAa
JgLaAa
DgAaAa
PaQbAa
SxDaAa
PjSbAa
JwUbAa
WzYbAa
OfAbAa
RoJbAa
TcHaAa
YiTaAa
KfAaAa
WgGaAa
YaFaAa
EqCaAa
SfWbAa
XbMaAa
MzQbAa
DdXbAa
OjHaAa
WaAaAa
IqTaAa
JfAaAa
LpMbAa
DsEbAa
OsAaAa
BzAaAa
OhCbAa
VaAaAa
KpYaAa
ZxUaAa
MuFbAa
GmJaAa
LtXbAa
GaFaAa
BaIaAa
BjAaAa
SoYaAa
XeIaAa
ItEaAa
EaObAa
XgZaAa
QcEaAa
QfDaAa
OhAaAa
CwAaAa
WxFaAa
NxEbAa
NrWaAa
LpBaAa
KcAaAa
ZgWbAa
JpMaAa
EjGbAa
DiXaAa
GiAaAa
TzAaAa
IwZaAa
DhYbAa
OiQbAa
CxFaAa
YaFaAa
AyIaAa
BcQaAa
CdAaAa
PsAaAa
ToXaAa
CdAaAa
TbCbAa
XxGaAa
VwMaAa
FfFaAa
OkAaAa
DxFaAa
KfAaAa
EeOaAa
FoAaAa
JrDaAa
TkXaAa
FsBaAa
FpEaAa
CqMbAa
BxAbAa
WgGaAa
JfAaAa
UtDbAa
NiPaAa
FvHaAa
XtIaAa
DtDbAa
TdUaAa
WgEaAa
MwBaAa
VbKaAa
KiDaAa
MfBaAa
WlUbAa
IiNaAa
UwXaAa
LdHaAa
VgJaAa
VyEaAa
BiKaAa
PhBaAa
XvYbAa
BlNaAa
OwBaAa
FgBbAa
EqCaAa
PvDaAa
ZmZaAa
ZhFaAa
YsCaAa
MbLbAa
JqAaAa
YjQbAa
PyFaAa
AnBbAa
NzEaAa
ChUaAa
PbAaAa
KtXaAa
YoAaAa
FsBaAa
YpPaAa
CwXaAa
IiBaAa
WoKaAa
KbDbAa
KfAaAa
JcPaAa
GjUbAa
IoZaAa
FgZaAa
OxGbAa
PuNaAa
BiDbAa
SmCaAa
MdOaAa
BdPaAa
MkAaAa
OpKaAa
UwSaAa
NnKaAa
EcObAa
JpSaAa
VvBaAa
GgCbAa
ZgCaAa
MaBaAa
OhAaAa
ZlAaAa
OxAaAa
XgZaAa
NwBaAa
EiMbAa
MbLbAa
BvBaAa
IgDaAa
SlEaAa
PkRbAa
IiBaAa
GlCaAa
ApZaAa
EuKaAa
CnNaAa
PeAaAa
QnTaAa
NsHaAa
PhEaAa
ZwLbAa
DpUaAa
UiAbAa
GbTbAa
TyWaAa
CqMbAa
HxUaAa
RiFaAa
VbXbAa
EpEaAa
WaAaAa
BjBaAa
LjKaAa
OhHbAa
FjPaAa
WyNbAa
RvJaAa
UeYaAa
NdDaAa
OjMbAa
BqJbAa
XbBaAa
DgJaAa
TsSbAa
VdAaAa
OzMaAa
BnTbAa
AfWbAa
OwGaAa
YsBaAa
UvLaAa
TzHbAa
VcWaAa
DdAaAa
JcAaAa
XdKaAa
UeDbAa
RtCaAa
PkMaAa
WpDbAa
KfAaAa
SfPbAa
DgAaAa
GkBbAa
AqDaAa
HkTaAa
IeWbAa
NkAaAa
VgMbAa
JzBaAa
EgEaAa
XmCbAa
VlDaAa
VwMaAa
KfAaAa
OxAaAa
NfEaAa
RtJaAa
QkMaAa
MfBaAa
QrJaAa
KbUbAa
YqJaAa
GqJaAa
HsOaAa
JwUbAa
OqNaAa
DgJaAa
FtIaAa
HyAaAa
FfQbAa
TeBaAa
ImGaAa
EjGbAa
PhBaAa
WcLbAa
DjCaAa
SfWbAa
EpEaAa
UnUaAa
WtHbAa
TxDaAa
OjXbAa
JfAaAa
QlGaAa
MmUaAa
WgEaAa
WeZaAa
VuCbAa
EtRbAa
MnFaAa
CqYaAa
EeVbAa
OzEaAa
MtKaAa
CmXaAa
UqYaAa
CsPbAa
IdSaAa
EcOaAa
RlGaAa
GhUbAa
DuPbAa
GwVaAa
EjPaAa
LzNaAa
WeHaAa
KmLaAa
MbLbAa
KmEaAa
BqMaAa
ReAaAa
WrUaAa
TvAbAa
LfAaAa
DcWaAa
HtRaAa
ScQaAa
GhQbAa
PeAaAa
BmVbAa
GlAaAa
FiEbAa
ZaHbAa
WaAaAa
WgEaAa
VjCaAa
KaIbAa
HzCaAa
UaRaAa
TaIaAa
OsUaAa
QdIbAa
EcLbAa
SqDaAa
LbJaAa
BxJaAa
SkFaAa
OjXbAa
FdKaAa
HqFaAa
FhUbAa
BiKaAa
IhFbAa
LtDaAa
QyBaAa
VlDaAa
MkAaAa
TwPbAa
YqJaAa
QpAaAa
PgFaAa
CpGaAa
MdVbAa
YtNaAa
ZrPaAa
PdAbAa
BqSaAa
PpFaAa
IiNaAa
YkZaAa
FnDaAa
NjZbAa
MuFbAa
LiDaAa
PbAaAa
BzJaAa
MzKbAa
FgAaAa
XeDaAa
SkFaAa
KrSaAa
SjYbAa
OjMbAa
RoDaAa
JjFaAa
HjUbAa
UpFbAa
RoJbAa
HhFaAa
VdFaAa
XeBbAa
JkYbAa
RiFaAa
WgEaAa
UrAbAa
KbDaAa
CaYaAa
TzAaAa
VwAaAa
MuFbAa
ZlAaAa
FpEaAa
IcLaAa
XzLaAa
OpFaAa
PeKaAa
DpUaAa
CxFaAa
QcEaAa
HlAaAa
BnTbAa
McNbAa
WoEbAa
MoAbAa
TiQaAa
EnRbAa
QcSaAa
WrUaAa
XzLaAa
RgJbAa
RaDaAa
OkAaAa
BoBaAa
VaAaAa
BaAaAa
KtXaAa
AmAaAa
JrXaAa
BmVbAa
XzLaAa
DvCaAa
FoIbAa
FsCaAa
MfBaAa
JcAaAa
LkTbAa
JkIaAa
KiDaAa
DrAaAa
MlHbAa
PhBaAa
PkMaAa
IdSaAa
VuIbAa
OxAaAa
AhNbAa
VaOaAa
KqGbAa
ZrPaAa
YlMaAa
FsBaAa
GkCbAa
YiIbAa
PuUaAa
RyPaAa
FiOaAa
TvFaAa
XiEbAa
KkIaAa
JrXaAa
YiTaAa
WoOaAa
EtRbAa
RyPaAa
JbGaAa
KhQaAa
EvHbAa
BrVaAa
KpYaAa
WaAaAa
GsCaAa
HiAaAa
TpLaAa
VuKaAa
AfLaAa
NkAaAa
EpEaAa
GbSaAa
IcNaAa
CuSaAa
CzDaAa
AuAaAa
PrNbAa
AdLaAa
AmAaAa
JmTbAa
MhMbAa
LzEbAa
MbJaAa
PxKaAa
FiGaAa
RbFaAa
KbDbAa
CeRaAa
JkIaAa
OjHaAa
HrJbAa
DmFaAa
IiBaAa
KmEaAa
UcHaAa
TiKaAa
TyNaAa
UuMaAa
AjNbAa
PfTaAa
UzObAa
BpLaAa
ZnBaAa
LgTbAa
IcNaAa
LsDbAa
MaBaAa
YsCaAa
FbEaAa
MoAbAa
CzAaAa
ZgCaAa
QjSbAa
VfGbAa
XwGbAa
MaNbAa
XkMbAa
ImTaAa
VsIbAa
GwVaAa
BqDaAa
JfAaAa
PhEaAa
WgEaAa
EuYaAa
QlHaAa
KqGbAa
TsDaAa
PyRaAa
QfDaAa
VwAaAa
OpEbAa
QcEaAa
GiAaAa
YkBbAa
CtBbAa
HyAaAa
WoKaAa
IkEaAa
GwVaAa
VhVaAa
CsPbAa
RyPaAa
UiAbAa
ZaBbAa
NaYbAa
VzDaAa
JdFbAa
FbBaAa
PjEbAa
NyLaAa
TcHaAa
ZlAaAa
QmLbAa
KqGbAa
JdEaAa
YfKbAa
IiAaAa
UeEaAa
EbNbAa
GiAaAa
NyLaAa
CdAaAa
OqNaAa
TjAaAa
CzDaAa
QfIbAa
FxFbAa
AlEaAa
EjGbAa
TcHaAa
PjSbAa
YaFaAa
UmFaAa
OhOaAa
PuJbAa
BlIaAa
FmOaAa
GgHbAa
QdHbAa
VdAaAa
FhUbAa
SaQaAa
NyLaAa
IbHaAa
AmAaAa
LlFaAa
MtKaAa
XgZaAa
AhDaAa
NwBaAa
JoVaAa
ViHbAa
QtJaAa
ZqTaAa
XlBaAa
BaAaAa
PhBaAa
VhTbAa
NfWaAa
MrWaAa
NkCaAa
MzKbAa
RtBaAa
DxCaAa
EgWaAa
VwMaAa
ZaFaAa
RmCaAa
OpFaAa
YkHaAa
XmOaAa
QrFaAa
MkAaAa
BxJaAa
OhAaAa
OlCbAa
SyIaAa
QlGaAa
LdCaAa
VqXbAa
ZuJaAa
PxKaAa
YvRaAa
UuMaAa
BtTaAa
AvGbAa
QkLbAa
ExCaAa
GfFaAa
WoOaAa
EcOaAa
FbYbAa
TjVaAa
CaAaAa
MhWaAa
TgYaAa
WaAaAa
EnUbAa
BjAaAa
CrAaAa
RvDaAa
AfPbAa
UwEbAa
CsMbAa
VzDaAa
OvYaAa
CaAaAa
GjRbAa
YkJaAa
MuLaAa
CrGaAa
HkWbAa
HkTaAa
WsCbAa
VnEaAa
AuAaAa
GzCaAa
BmAaAa
JzIaAa
XxCaAa
MgTbAa
LcUaAa
JwUbAa
BeBaAa
XeIaAa
KfAaAa
MzKbAa
SfUaAa
AnZaAa
GiAaAa
VwAaAa
EySaAa
XgZaAa
PjSbAa
PeKaAa
YsCaAa
BcRaAa
VdXbAa
KqAaAa
MfGaAa
CjCaAa
ZlCaAa
MkDaAa
OsAaAa
IoZaAa
EcLbAa
SnBbAa
TtBaAa
QyBaAa
QeUbAa
OiQbAa
NqKbAa
QfIaAa
NvKaAa
LyBbAa
YaFaAa
CmXaAa
GaNaAa
BuAaAa
RvDaAa
EaWaAa
NeFaAa
BkSaAa
GiOaAa
QmBaAa
WdAaAa
ZzGaAa
MwBaAa
XgAbAa
FoAaAa
WjPaAa
UvLaAa
HeHbAa
WsCbAa
YnKbAa
SaCaAa
EgGaAa
XzLaAa
JcAaAa
ZsBaAa
DbKaAa
ObAbAa
OnFaAa
RtBaAa
PfCaAa
IqTaAa
BmSaAa
WmEbAa
VdTbAa
FgBbAa
EgBaAa
JoHaAa
MdVbAa
ErUaAa
MdObAa
KbDbAa
AtBaAa
NhJaAa
BpLaAa
FsCaAa
IvObAa
VfGbAa
MuVbAa
ZmZaAa
WoOaAa
AuWbAa
SqSaAa
OaTbAa
PhEaAa
CsPbAa
TeQaAa
CbIbAa
HzFaAa
MwBaAa
WgEaAa
WpRbAa
CjBaAa
MwBaAa
FgZaAa
FgZaAa
WpRbAa
NqKbAa
MwBaAa
GxBaAa
JjFaAa
MoNaAa
QcEaAa
XgOaAa
HuOaAa
FfFaAa
QwHaAa
EuDaAa
AhCaAa
YiIbAa
ZmZaAa
LlFaAa
PjEbAa
KrSaAa
BvBaAa
JpJbAa
ZuZaAa
MqLaAa
LdCaAa
XgEaAa
UwSaAa
QeUbAa
LaCbAa
AhNaAa
DlUaAa
IhKbAa
WaObAa
FeObAa
LmNaAa
MoAbAa
IgIbAa
WiHaAa
SnGaAa
QwQaAa
GcBbAa
MhWaAa
KdQaAa
TpHaAa
DeHaAa
NdIaAa
EcOaAa
RfNaAa
WlDaAa
FeCaAa
WrUaAa
AnGaAa
BsXaAa
VhTbAa
PfCaAa
OiUbAa
DsEbAa
CuSaAa
GlAaAa
CeEaAa
OlEbAa
SpTbAa
IcAaAa
EnUbAa
VaAaAa
VdAaAa
CsMaAa
VzDaAa
CqMbAa
DtLbAa
BaAaAa
GqJaAa
FiGaAa
NhMbAa
QvDaAa
LzNaAa
SpTbAa
NhVbAa
BaJaAa
BeBaAa
XxGaAa
IgDaAa
BmAaAa
IgDaAa
IsTaAa
RhIaAa
BgYaAa
PbAaAa
ZuOaAa
KcSbAa
RuNaAa
RaGaAa
CrAaAa
KgUaAa
VgEbAa
OsAaAa
JyJaAa
VyEaAa
KmEaAa
ToXaAa
WaAaAa
SjPbAa
LxXaAa
EdYbAa
NtKaAa
StCaAa
YlMaAa
EdTbAa
IkEaAa
OkCaAa
VrAaAa
ZnBaAa
JwUbAa
KnObAa
FnDaAa
XdAaAa
VzDaAa
KdQaAa
GlAaAa
PbAaAa
RgJbAa
GjRbAa
CzTaAa
GmWbAa
GiBbAa
CaXaAa
XiHaAa
WsCbAa
RmJbAa
XlPaAa
TwPbAa
YnDaAa
OxMaAa
VsXbAa
VuKaAa
MoEaAa
CxFaAa
MwBaAa
OjHaAa
CrGaAa
GmPbAa
OlCbAa
EvHbAa
UnUaAa
TrIaAa
EaLbAa
IoTaAa
WlBaAa
OzMaAa
UoCaAa
HlLbAa
SlVaAa
XvYbAa
PeAaAa
WcLbAa
FeCaAa
BaRaAa
PfIaAa
NiPaAa
AlEaAa
ImGaAa
MdVbAa
OhHaAa
PqEaAa
KqBbAa
YsCaAa
MlKaAa
MtDaAa
TqMaAa
UtBbAa
CwAaAa
NhEbAa
KnCaAa
WrRbAa
AuWbAa
ViHbAa
CaAaAa
EuDaAa
RmYaAa
AuAaAa
EoSbAa
NzYaAa
GgAaAa
EuYaAa
JmTbAa
IxQaAa
SnIaAa
WaAaAa
QlBbAa
BfZbAa
JqAaAa
EbBaAa
RhIaAa
ZuZaAa
YiTaAa
ImHaAa
MwBaAa
CmXaAa
CdAaAa
TpZaAa
OeMaAa
EcLbAa
ErUbAa
JrXaAa
EeDaAa
CcDaAa
GxBaAa
UlUaAa
PrOaAa
QlZaAa
EeDaAa
RvJaAa
XiGaAa
DdUaAa
WsCbAa
DoSbAa
VeJaAa
SoRaAa
TzAaAa
GdVaAa
WeZaAa
YbBaAa
PuNaAa
LrMaAa
EnRbAa
YsCaAa
WdYbAa
UnEaAa
AtTaAa
DyEaAa
CkXaAa
KmEaAa
ImHaAa
AzAaAa
RlGaAa
GiAaAa
ZxHaAa
FiEbAa
JtPaAa
WeObAa
XwKaAa
RrTbAa
NkAaAa
XpEaAa
FoAaAa
ViWaAa
XlPaAa
QuUaAa
TdUaAa
UzObAa
ZwLbAa
EqMbAa
YpVbAa
WaAaAa
HxIaAa
WzXbAa
BxJaAa
GiAaAa
RnHaAa
MnFaAa
NrBaAa
LdDbAa
FlPaAa
IoZaAa
QbLaAa
GbSaAa
FfQbAa
StBaAa
FtIaAa
ZuZaAa
TmAaAa
AhDaAa
QrNbAa
KnCaAa
GfKbAa
KrSaAa
ZgCaAa
RcEaAa
GaFaAa
LfAaAa
UuMaAa
NdIaAa
HjUbAa
IzUaAa
YsBaAa
GzFbAa
DsSaAa
ToXaAa
QtJaAa
WcWaAa
BvOaAa
PdObAa
ZxIaAa
YuDaAa
YpPaAa
YsBaAa
AxDaAa
TiQaAa
UiAbAa
DhPaAa
CtUbAa
TsYbAa
LzNaAa
ZuZaAa
KmEaAa
CmSaAa
WgBaAa
QtJaAa
XuNbAa
JoZaAa
JcAaAa
TzLbAa
DgMbAa
MfBaAa
FhUbAa
IcAaAa
IbHaAa
XbEaAa
LrMaAa
OpFaAa
VhTbAa
JpJbAa
AcHaAa
GxBaAa
FsBaAa
FiJaAa
CwAaAa
VdAaAa
MdZaAa
ZsTbAa
YaFaAa
MlKaAa
ZgCaAa
YsCaAa
DzDaAa
DyXaAa
RpAaAa
IzRaAa
VeJaAa
FuWaAa
AyQaAa
UoCaAa
RyPaAa
UaXaAa
JmLaAa
TmAaAa
PvDaAa
RyUaAa
AxDaAa
DtDbAa
XnQbAa
QrNbAa
IhKbAa
OtNbAa
CdAaAa
EpEaAa
TgYaAa
HiEaAa
YsBaAa
JfAaAa
HyAaAa
AtGbAa
QpNbAa
AbBbAa
BnTbAa
ZhFaAa
AfPbAa
KiDaAa
GfFaAa
ZjQbAa
CuSaAa
RbPaAa
NpPbAa
HxUaAa
PeAaAa
HlAaAa
WuYaAa
YyGbAa
PhAaAa
GgCbAa
EwAaAa
EuDaAa
UrHaAa
FoAaAa
TlYbAa
GzCaAa
BnLaAa
XiWbAa
NvWaAa
YyOaAa
FyVaAa
UoCaAa
CaXaAa
LhYaAa
ImHaAa
FzFbAa
CwXaAa
WjPaAa
VaAaAa
VlDaAa
QzOaAa
KhQaAa
IhFbAa
CcDaAa
ZvPaAa
SoDaAa
EeObAa
PhEaAa
RuObAa
BmObAa
IgIbAa
XpEaAa
JdEaAa
NoDbAa
XpEaAa
UhGbAa
KdRaAa
VdAaAa
XdKaAa
MsGaAa
WiHaAa
VzDaAa
DlGbAa
CkQaAa
LdCaAa
BkYaAa
ToBaAa
BaAaAa
HcNaAa
HnKbAa
OhAaAa
JpSaAa
HiZaAa
EeDaAa
QaVaAa
DqBaAa
XlBaAa
GeOaAa
ZaPaAa
VeRaAa
NeFaAa
FbEaAa
BaAaAa
HzRaAa
MuBbAa
AfWbAa
WiWaAa
HgCaAa
JhKaAa
VaOaAa
DqBaAa
PbAaAa
LtDaAa
JpJbAa
KpObAa
KqIaAa
MoNaAa
EbBaAa
FeCaAa
MuFbAa
CcCaAa
QyBaAa
XvYbAa
PhBaAa
FhUbAa
UwEbAa
EvHbAa
RyBaAa
ZaBbAa
HfKaAa
VaAaAa
GrNaAa
TpBbAa
EgMbAa
UeRaAa
HrEaAa
LrSaAa
QyBaAa
QkFbAa
OjXbAa
VyEaAa
OlCbAa
TzAaAa
ToBaAa
TjAaAa
QuQaAa
WaAaAa
VkOaAa
BvFaAa
BzDbAa
FqWbAa
OpOaAa
XmOaAa
BsDaAa
RpVaAa
DqSbAa
FoAaAa
YnDbAa
GnDaAa
WwGbAa
GtUaAa
WfVaAa
KcFaAa
OaZbAa
VwMaAa
QcBaAa
UeMbAa
WoEbAa
TrIaAa
DjUaAa
DcDaAa
HfKaAa
IcAaAa
LbJaAa
IgIbAa
MeTbAa
OxAaAa
BmSaAa
GiBbAa
AuEaAa
ZgCaAa
EqCaAa
LhXaAa
AxDaAa
RjNaAa
JfAaAa
TzUbAa
EcTaAa
LiUaAa
NkAaAa
OfAbAa
GrNaAa
ZuOaAa
YaFaAa
BxDbAa
MbJaAa
AtTaAa
YoNbAa
BkSaAa
IcAaAa
KnObAa
OxIbAa
XoAaAa
RcBaAa
VcDaAa
NrCaAa
RaDaAa
BjBaAa
MwBaAa
IlJbAa
WmIbAa
MwBaAa
TcHaAa
RgJbAa
UsKaAa
AiFaAa
XvYbAa
FdGbAa
GsBaAa
AyQaAa
GkHaAa
XjMaAa
KfAaAa
BsDaAa
FiGaAa
RmJbAa
HbZbAa
AhNaAa
IsTaAa
PfDaAa
XtIaAa
QfDaAa
KnSaAa
ImHaAa
EuDaAa
ItPaAa
GoKaAa
QyBaAa
AmAaAa
WaAaAa
CcDaAa
PhEaAa
VdAaAa
PjEbAa
UrGaAa
DcDaAa
EbBaAa
KnSaAa
JkIaAa
QcEaAa
RmCaAa
XeTaAa
QnTaAa
FxBaAa
XdAaAa
PyGaAa
OjXbAa
MrYaAa
XoJaAa
YoNbAa
RxLbAa
TzAaAa
OzEaAa
CjCaAa
QcBaAa
HrJbAa
LhXaAa
FnDaAa
HyAaAa
JmLaAa
SlIaAa
FhUbAa
QpAaAa
MtKaAa
CaAaAa
XkPbAa
JwUbAa
GwVaAa
BfPaAa
JcAaAa
KyTaAa
NvCbAa
BmSaAa
CxFaAa
RsPaAa
WqEbAa
NbZaAa
MzQbAa
VoCaAa
OxAaAa
DsIbAa
VdAaAa
CvCaAa
LtDaAa
MkAaAa
AjAaAa
RvDaAa
GuNbAa
YrRaAa
GkGaAa
TiKaAa
ZgCaAa
DxFaAa
FvYbAa
NhAaAa
VwAaAa
EuDaAa
HtAaAa
EyQbAa
TqHbAa
QsQaAa
UoHbAa
SlNaAa
KiCaAa
CwSaAa
ZgCaAa
GrNaAa
CdAaAa
DxLaAa
FsBaAa
LrKaAa
ItPaAa
KrSaAa
ZgIaAa
JuUbAa
OpOaAa
HzCaAa
PmPaAa
PeAaAa
MbTaAa
MnWaAa
TmAaAa
LdHaAa
IuZaAa
FeWaAa
MfRaAa
KmTbAa
VyEaAa
UmRaAa
TkFaAa
DcIaAa
FiOaAa
NlEbAa
NoUbAa
BgYaAa
UmFaAa
LxEaAa
MoNaAa
PjSbAa
HyAaAa
XaAaAa
XiWbAa
LsKbAa
LfAaAa
HlAaAa
EpEaAa
XzYbAa
EeObAa
XkPbAa
QaVaAa
JiBaAa
MfRaAa
UmAaAa
KyTaAa
KyTaAa
RaDaAa
MoNaAa
FbEaAa
DpUaAa
CaAaAa
PxKaAa
LhXaAa
MwBaAa
VgEbAa
JbGaAa
PyGaAa
PuUaAa
UhVaAa
YyOaAa
CtBbAa
BjLaAa
MtDaAa
OiQbAa
TvFaAa
EaLbAa
VyEaAa
IiBaAa
TpGbAa
LmEaAa
RhIaAa
ApAaAa
TjAaAa
RfNbAa
ZaFaAa
BdPbAa
YnDaAa
UtFbAa
FtRbAa
PbVbAa
MtKaAa
VaTaAa
RpVaAa
BpLaAa
XiWbAa
NkCaAa
FsCaAa
JrDaAa
RaDaAa
OhHaAa
CrAaAa
FgEaAa
DrAaAa
XdKaAa
XaAaAa
QcEaAa
ZxIaAa
CwAaAa
ZdUbAa
XdAaAa
YsBaAa
JmLaAa
CjBaAa
WoOaAa
HuGbAa
KyAbAa
PfTaAa
UtLbAa
AfWbAa
XrUaAa
PcKbAa
PhEaAa
GiAaAa
RiFaAa
KpDaAa
GjRbAa
XiGaAa
SoYaAa
BzJaAa
MxIbAa
JrDaAa
OiUbAa
KzWaAa
KaIbAa
OzEaAa
JqAaAa
QyBaAa
GiAaAa
KkYbAa
HrPaAa
GbSaAa
QwJbAa
BjBaAa
TaIaAa
JoVaAa
AuAaAa
OkCaAa
PhCbAa
XhUbAa
HuVaAa
NeFaAa
RbPaAa
TgXaAa
VaObAa
VhTbAa
HzFaAa
GbSaAa
CtBbAa
BsDaAa
DhTbAa
OhBbAa
SiJbAa
AlLaAa
YrNaAa
OlCbAa
VrAaAa
ZtRaAa
FjMaAa
CeXaAa
JxNaAa
XjMaAa
PkKbAa
OlCbAa
PhEaAa
TpHaAa
DxLaAa
WpRbAa
TrIaAa
JzIaAa
YkGaAa
ZfKaAa
JdEaAa
KfAaAa
QlTaAa
GkJaAa
ElBaAa
JjSaAa
CqYaAa
PhBaAa
LdCaAa
LbIaAa
HlCaAa
GmJaAa
PjEbAa
XeBbAa
BcRaAa
CrAaAa
DvCaAa
XmCbAa
ScQaAa
BmObAa
DoSbAa
FvYbAa
WpNaAa
WpNaAa
UtFbAa
GiBbAa
YsCaAa
HqFaAa
RnHaAa
EoKaAa
PfCbAa
UoCaAa
HtNaAa
EzMbAa
NsHaAa
OvKaAa
UmAaAa
SfPbAa
HyAaAa
DcCaAa
EyYaAa
XtIaAa
ByNaAa
CjCaAa
MrWaAa
IeWbAa
SaDaAa
JoHaAa
ErUaAa
KfAaAa
TpLaAa
TaQaAa
VoWaAa
ZgCaAa
VdAaAa
UoCaAa
NaEaAa
OpOaAa
LrSaAa
CyWaAa
WdAaAa
TiKaAa
BgYaAa
VoWaAa
BaRaAa
GsCaAa
SeAaAa
BnTbAa
PjSbAa
CvDbAa
WzYbAa
PuJbAa
TrIaAa
FyVaAa
OpOaAa
NuFbAa
SlIaAa
VmXaAa
CdAaAa
NdEbAa
SnVaAa
HyAaAa
EnRbAa
EvRbAa
CrGaAa
QfIbAa
ZaFaAa
PeQbAa
VcIaAa
NrCaAa
CwXaAa
WiMbAa
HsOaAa
ZgIaAa
BvBaAa
ZkTaAa
GsBaAa
UhGbAa
MaNbAa
QcEaAa
YxBaAa
VxLaAa
WeHaAa
EvFbAa
MqFbAa
NhJaAa
KnObAa
SpZaAa
SxUbAa
PmPaAa
SeSaAa
PmKbAa
CvFaAa
EcOaAa
ImTaAa
EgJaAa
ImHaAa
UeDbAa
LzWaAa
XiWbAa
ImZaAa
OpOaAa
RtJaAa
VyKbAa
QpAaAa
QcEaAa
DpUaAa
AmAaAa
JrXaAa
YsBaAa
LiDaAa
WoFaAa
MtKaAa
MuGaAa
LaKaAa
RtJaAa
LlRaAa
IoZaAa
RtBaAa
NhAaAa
WyMaAa
MjZbAa
DaWaAa
VdAaAa
IsVaAa
BzAaAa
UtBbAa
OcMaAa
OlCbAa
IiNaAa
TzAaAa
EpQbAa
FoIbAa
EnUbAa
DhPaAa
QmLbAa
RfNbAa
ZuGbAa
RmCaAa
LbJaAa
MuGaAa
RiSaAa
RhIaAa
LzEbAa
YsBaAa
MsAbAa
RfNaAa
ImTaAa
DsSaAa
PxKaAa
LsDbAa
CsMaAa
KaUaAa
EbNbAa
OjHaAa
ItPaAa
BjAaAa
WdYbAa
BpGaAa
CwAaAa
TgKaAa
EdYbAa
JjFaAa
KbFbAa
QfIbAa
IbHaAa
HzGaAa
CjCaAa
BxDbAa
ImBbAa
MbLbAa
TuXaAa
CzDaAa
KtXaAa
CrGaAa
TjVaAa
MxIbAa
RdSbAa
RdSbAa
LyHbAa
MrYaAa
GdMaAa
OaTbAa
BaRaAa
XaAaAa
QyBaAa
SoYaAa
HgIaAa
BmVbAa
AfWbAa
WdAaAa
WlUbAa
QlHaAa
LiUaAa
DgJaAa
SpZaAa
SfUaAa
DjTbAa
ZxJbAa
MsIaAa
DgJaAa
GvIaAa
KrSaAa
LmEaAa
LgPaAa
YeIbAa
XjMaAa
JzQaAa
QrNbAa
NnEbAa
UeEaAa
KmNaAa
UeEaAa
CvFaAa
PjEbAa
RgJbAa
OhBbAa
CeEaAa
BhLaAa
GiBbAa
BlLaAa
QlTaAa
CeJbAa
LfAaAa
MtYaAa
BpGaAa
DoXbAa
OhMbAa
TuXaAa
GoNbAa
EgGaAa
EgEaAa
ZaHbAa
TiKaAa
ImHaAa
DaWaAa
WyMaAa
CwSaAa
LrKaAa
QpAaAa
BlEaAa
YnPaAa
EmKaAa
CeYaAa
KfAaAa
VkHbAa
LyBbAa
BjBaAa
ZeNaAa
OsAaAa
XeTaAa
PbNaAa
WxFaAa
DhTbAa
AyQaAa
JaSbAa
HsCaAa
HqTaAa
MkBaAa
QmMaAa
AzAaAa
SaQaAa
GkBbAa
MsGaAa
JmTaAa
ZxUaAa
ZaFaAa
SjYbAa
JmLaAa
DmSaAa
LcPaAa
WlRbAa
DxCaAa
LiUaAa
QpAaAa
LmEaAa
XfQbAa
PeAaAa
MnWaAa
FiOaAa
FpRbAa
DcDaAa
JaSbAa
YnPaAa
FbYbAa
HcEbAa
DwAaAa
RmMaAa
NkCaAa
ZnBaAa
EuDaAa
KfAaAa
SnGaAa
LsKbAa
OlCbAa
OkBaAa
QtJaAa
FzLaAa
GqJaAa
UoCaAa
XlUbAa
PeKaAa
KdEaAa
VrUbAa
BqMaAa
MdObAa
GlAaAa
WgEaAa
NaEaAa
HiEaAa
BaAaAa
KoBbAa
PcKbAa
JcAaAa
TkFaAa
GiAaAa
BfPaAa
EqWaAa
IcAaAa
JpDaAa
MxSaAa
WoOaAa
FnDaAa
KmEaAa
ChUaAa
QhBaAa
WoEbAa
KoBbAa
MwBaAa
ClTbAa
LyVbAa
WaAaAa
EoSbAa
WpRbAa
KmEaAa
GeCaAa
HmJaAa
DdFaAa
VdAaAa
RgJbAa
WaAaAa
BxDbAa
BjBaAa
ZgCaAa
LgPaAa
GbTbAa
AjPbAa
XeIaAa
ZlCaAa
NzEaAa
KjJbAa
BnLaAa
WaAaAa
TmAaAa
CeXaAa
TeQaAa
IiNaAa
PfDaAa
AwPaAa
GtUaAa
SiJbAa
GfKbAa
WmIbAa
VaAaAa
KoHaAa
OxAaAa
NoRbAa
TuXaAa
LyRbAa
ShNbAa
SfPbAa
BcGaAa
FnDaAa
LuDbAa
CxFaAa
EsCbAa
KxPbAa
FlPaAa
UwEbAa
CsMaAa
QyJbAa
KhQaAa
EvFbAa
ZxIaAa
BaQaAa
GgCbAa
WpRbAa
PcVaAa
UeRaAa
CxFaAa
VaAaAa
AmAaAa
BeRbAa
DcWaAa
OjHaAa
EuDaAa
OzEaAa
UpFbAa
CjCaAa
IhFaAa
UpFbAa
YtUaAa
CqYaAa
JwJaAa
HyAaAa
WyEaAa
JpJbAa
NhEbAa
EgEaAa
GwVaAa
IsTaAa
MbXaAa
YeBbAa
QcEaAa
KfAaAa
JuKbAa
QpAaAa
RbPaAa
MnFaAa
NvCbAa
FfFaAa
EcLbAa
MfRaAa
ZrQaAa
NhEbAa
KuCaAa
XvHaAa
ZaFaAa
TjAaAa
LvEbAa
DaOaAa
QyBaAa
SuEaAa
SlYbAa
EgVbAa
JzHaAa
YkZaAa
GbTbAa
JcAaAa
UvBaAa
CcDaAa
OjHaAa
LzEbAa
QrJaAa
HoNbAa
UgLbAa
UnUaAa
LlRaAa
PmPaAa
UsDaAa
KuCaAa
UjAaAa
MsIaAa
ImZaAa
OtNbAa
PkMaAa
McXbAa
LbIaAa
VzDaAa
BnLaAa
FvHaAa
GkBbAa
FqWaAa
NkCaAa
GbSaAa
LdCaAa
VhPaAa
EcTaAa
UiAbAa
PfDaAa
VuKaAa
EpNaAa
ShDaAa
NkAaAa
DnGbAa
ToBaAa
UnNaAa
FsCaAa
BdPaAa
NoDbAa
UjAaAa
LtDaAa
WwQbAa
PmBaAa
KtXaAa
GsBaAa
ViHbAa
YaFaAa
IeWbAa
RaDaAa
WoOaAa
CuSaAa
UoCaAa
BkYaAa
BeBaAa
JdFbAa
QzOaAa
XrUaAa
ZcNaAa
PuUaAa
VjCaAa
UoCaAa
NeQbAa
XbEaAa
KdQaAa
OiQbAa
NbObAa
OxAaAa
VoCaAa
CeYaAa
KaUaAa
VhTbAa
MjZbAa
FuWaAa
QlTaAa
CdAaAa
BcHaAa
QpNbAa
VuIbAa
YxXbAa
HqTaAa
PkCaAa
PyGaAa
OqNaAa
FvHaAa
YfKbAa
VhTbAa
CdAaAa
ZlAaAa
CuSaAa
UwEbAa
UcDbAa
LdCaAa
CjCaAa
GxBaAa
RvOaAa
JkIaAa
KmEaAa
MdJaAa
IrEaAa
BeBaAa
JxNaAa
ExLaAa
ApZaAa
YbSaAa
PwHaAa
FgZaAa
LfBaAa
MkAaAa
OiQbAa
IzUaAa
HvJbAa
YfKbAa
EtIaAa
MrYaAa
SxDaAa
UzObAa
DxRbAa
CmRaAa
MdHaAa
FiJaAa
CsMaAa
NlKaAa
IeWbAa
GzCaAa
VfGbAa
LvEbAa
JzHaAa
QwQaAa
FfFaAa
VuIbAa
LnObAa
XeIaAa
PeKaAa
WmIbAa
DpFbAa
TiQaAa
GaNaAa
ZsCaAa
AlLaAa
FuDaAa
EgVbAa
XiEbAa
GbTbAa
XbBaAa
HzRaAa
KbDbAa
FeTaAa
AuWbAa
SaGaAa
PhBaAa
WeVbAa
BfPaAa
VwAaAa
MxIbAa
UsPbAa
JkYbAa
JlAbAa
RiFaAa
TcHaAa
PrOaAa
WjGbAa
MkAaAa
ImGaAa
LiUaAa
LzEbAa
JzHaAa
KnSaAa
NvKaAa
QaVaAa
HaHbAa
RcBaAa
ZfKaAa
WdAaAa
ZtRaAa
JhKaAa
UvLaAa
AlLaAa
DdTbAa
JxPaAa
OmDaAa
OjMbAa
IgDaAa
BsXaAa
EbBaAa
TpZaAa
MsAbAa
NvCbAa
HiBbAa
BkYaAa
DcDaAa
AdLaAa
JzQaAa
HvJbAa
KiDaAa
IiNaAa
YeIbAa
AmAaAa
KoIaAa
XuDaAa
DxFaAa
AlNaAa
EsWaAa
QgKbAa
GiCbAa
SlEaAa
TfUaAa
IiNbAa
GqJaAa
ToXaAa
KyTaAa
VeHaAa
WoKaAa
OfZaAa
EbBaAa
XlPaAa
EbBaAa
WdAaAa
BjBaAa
YrRaAa
DgAaAa
LrKaAa
KfAaAa
SmQaAa
AcHaAa
UaJbAa
YgBaAa
AvJaAa
JwJaAa
LdQaAa
EdGbAa
WkWaAa
DaAaAa
FxBaAa
VdAaAa
RwJbAa
DgAaAa
ReAaAa
BfUaAa
MvMaAa
QlGaAa
EuYaAa
DnGbAa
SlLaAa
EySaAa
ZvPaAa
RhIaAa
MxEbAa
NwFbAa
DpUaAa
NhHaAa
RcEaAa
WxCaAa
JdFbAa
NwFbAa
KyTaAa
JpMaAa
VaAaAa
LdCaAa
NpPbAa
IyAaAa
VbKaAa
WuKaAa
BqSaAa
CtBbAa
IcAaAa
QcBaAa
UtFbAa
UiAbAa
NzYaAa
LyBbAa
LdDbAa
SfUaAa
RlZaAa
CsMaAa
WyMaAa
ExCaAa
NdWaAa
QlZaAa
XdKaAa
WoKaAa
JmTbAa
RhIaAa
PbAaAa
RjNaAa
SfUaAa
OxAaAa
FtIaAa
TcQaAa
HhFaAa
CvBaAa
TkFaAa
WgEaAa
IgCaAa
FvGaAa
MrWaAa
TeQaAa
WoFaAa
MvMaAa
LtDaAa
OjJaAa
IaMbAa
PhBaAa
UhVaAa
CqMbAa
XbMaAa
OnPbAa
GdFaAa
FiGaAa
LiDaAa
CeQaAa
IpQaAa
XbEaAa
DpUaAa
RyIaAa
CaAaAa
XwKaAa
GzCaAa
IbHaAa
KgUaAa
OhAaAa
CqYaAa
VkOaAa
BkSaAa
XgZaAa
AfLaAa
JkIaAa
WlDaAa
FjMaAa
LrSaAa
TaDaAa
RmJbAa
KqGbAa
SaCaAa
AfPbAa
SxUbAa
CeRaAa
TpLaAa
RyBaAa
LqHaAa
BkSaAa
SxDaAa
IhKbAa
RnZaAa
DiObAa
YsCaAa
JyAbAa
NnEbAa
ImBbAa
GbSaAa
GkBbAa
CcYaAa
LtXbAa
DhTbAa
SxUbAa
LvEbAa
EyYaAa
HyAaAa
NoRbAa
TzAaAa
DnGbAa
OpKaAa
EvFbAa
AnGaAa
YuDaAa
DaWaAa
QyBaAa
NnEbAa
GuDaAa
VgRaAa
YnDaAa
QbAaAa
RpVaAa
BxTaAa
WqEbAa
VdAaAa
HnBaAa
PrOaAa
YbEaAa
NwFbAa
LrSaAa
DkKaAa
MzQbAa
KcFaAa
GkMbAa
GiCbAa
OaZbAa
CvFaAa
FoIbAa
WgOaAa
IeWbAa
YiIbAa
QrJaAa
QcBaAa
BaAaAa
BuAaAa
MsHaAa
ZgIaAa
EtIaAa
WkOaAa
McNbAa
MnXbAa
PfCaAa
PrOaAa
IiEaAa
MfGaAa
LgPaAa
WiMbAa
KtXaAa
HxHaAa
JwJaAa
XpEaAa
WeZaAa
KiDaAa
BvBaAa
EnUbAa
EgDbAa
CcDaAa
CpGbAa
QhBaAa
JzHaAa
RfNbAa
OdBbAa
HaHbAa
VeHaAa
BkYaAa
WgBaAa
KfAaAa
ZeNaAa
NzYaAa
UsPbAa
QbAaAa
XeCaAa
UtBbAa
MzWaAa
AjIaAa
LkDaAa
NwFbAa
CkYaAa
NlKaAa
HdKbAa
EeVbAa
UbUaAa
YzLaAa
EgEaAa
RbFaAa
LcUaAa
KcAaAa
GoWbAa
ObAbAa
RfNaAa
VoCaAa
StFaAa
AjIaAa
PeAaAa
EqWaAa
BqMaAa
FiJaAa
WaAaAa
BjLaAa
McNbAa
MnFaAa
FwKaAa
FfMaAa
VlDaAa
YsCaAa
VzDaAa
RkQbAa
BaIaAa
BvBaAa
DeHaAa
ReAaAa
BlNaAa
GlAaAa
UoCaAa
WoOaAa
CqYaAa
FeCaAa
GmJaAa
HlCaAa
YeCbAa
EqCaAa
EyNbAa
ZsCaAa
JqAaAa
VxFaAa
FlPaAa
JrObAa
UnEaAa
DiXaAa
KrSaAa
RnHaAa
YbTbAa
TyNaAa
WdAaAa
GoCbAa
IsTaAa
DcIaAa
FzFbAa
QjEaAa
KmEaAa
WcLbAa
KpSaAa
MzQbAa
VqBaAa
UeEaAa
GxBaAa
OxAaAa
BkSaAa
PgFaAa
LiUaAa
CrGaAa
UqYaAa
OjXbAa
ScHaAa
KfAaAa
WgGaAa
TcDbAa
JiIaAa
OxAaAa
FzFbAa
VdAaAa
GxBaAa
ZaHbAa
EpEaAa
UoCaAa
EeCaAa
RvJaAa
RmCaAa
OhHbAa
TpHaAa
NzYaAa
ImHaAa
QhBaAa
ShDaAa
AmAaAa
KdEaAa
UoCaAa
StBaAa
UmCaAa
WiMbAa
SnIaAa
YuDaAa
JpSaAa
ZlAaAa
WpNaAa
VhPaAa
JfAaAa
ZnDaAa
BuAaAa
GbTbAa
ToHbAa
NnAaAa
NkCaAa
XiWbAa
XmOaAa
GdMaAa
JmTbAa
YsBaAa
ZmZaAa
NfVbAa
TxVbAa
TjAaAa
QvDaAa
DuPbAa
FiGaAa
WoKaAa
QlBbAa
MqFbAa
MjZbAa
NhEbAa
RbFaAa
NpPbAa
OxAaAa
WiWaAa
FgBbAa
ZvNaAa
UoCaAa
PeAaAa
DxFaAa
NhWaAa
XaAaAa
VxFaAa
VdAaAa
ZlAaAa
NqKbAa
HiEaAa
BmQaAa
KqGbAa
XiEbAa
KnVbAa
JkIaAa
OpFaAa
GiAaAa
ReSaAa
ItEaAa
VdFaAa
EpEaAa
KhQaAa
PbAaAa
MfEaAa
AoBaAa
MxSaAa
IgDaAa
PkMaAa
BpGaAa
MfGaAa
IlJbAa
JcAaAa
GlCaAa
CqMbAa
QyBaAa
EbNbAa
IgSbAa
OsAaAa
LdCaAa
JwUbAa
WgBaAa
QhBaAa
KaWbAa
LaKaAa
IcLaAa
TmCaAa
MoEaAa
DgMbAa
JmLaAa
YqJaAa
ShCaAa
RmCaAa
GgCbAa
CxFaAa
BoYaAa
XoCbAa
VhTbAa
ZvPaAa
YkZaAa
FtHaAa
CdAaAa
VcIaAa
LtDaAa
VcDaAa
MoNaAa
FnUbAa
QzOaAa
ZkGaAa
HkTaAa
KqIaAa
DaAaAa
MdOaAa
OhCbAa
MtKaAa
YjQbAa
FjMaAa
FvHaAa
KzWaAa
CkRaAa
EtRbAa
IkEaAa
AjNbAa
SeFbAa
KlSaAa
DkRaAa
YsBaAa
DxFaAa
VdAaAa
QwQaAa
PhCbAa
LuLaAa
CeEaAa
HsOaAa
DkKaAa
IhKbAa
HxHaAa
GbSaAa
EnRbAa
WnRbAa
VfGbAa
OaTbAa
EiMbAa
RwSbAa
EdGbAa
VgRaAa
MjZbAa
MfRaAa
CsPbAa
BiDbAa
AuWbAa
PhTaAa
GgCbAa
FiGaAa
QmMaAa
UeEaAa
SlNaAa
MaBaAa
LdCaAa
CcYaAa
KsBbAa
YsCaAa
TcDbAa
KnCaAa
CrAaAa
BxJaAa
ErUaAa
WaAaAa
NhAaAa
PfTaAa
BmVbAa
OjXbAa
IaHbAa
PxAaAa
OvKaAa
RiFaAa
IcAaAa
SiJbAa
JgLaAa
HyAaAa
SlVaAa
RaGaAa
QfIbAa
XiHaAa
ZzGaAa
GgCbAa
FfFaAa
OpOaAa
EtRbAa
DlDaAa
ZgCaAa
DdAaAa
TgXaAa
CjBaAa
LdCaAa
RjYbAa
LcUaAa
GtUaAa
NeQbAa
LrSbAa
HkTaAa
CdAaAa
XzLaAa
MpXbAa
XpEaAa
UaJbAa
LsFbAa
XtIaAa
PmPaAa
HxHaAa
LdHaAa
UnUaAa
PbAaAa
TsDaAa
RgKaAa
VtGaAa
YsBaAa
XzLaAa
FnDaAa
MnFaAa
KgUaAa
QeKaAa
FwKaAa
YsCaAa
RdSbAa
MdVbAa
VmXbAa
WgRaAa
EtRbAa
EjGbAa
FqEbAa
GiBbAa
UrLaAa
RcBaAa
PxKaAa
LyVbAa
EaLbAa
SxUbAa
JmTbAa
VaOaAa
KtXaAa
ZrEaAa
UwEbAa
NzEaAa
IeNaAa
EpEaAa
TaIaAa
PfDaAa
VbXbAa
ZqTaAa
NeQbAa
LhYaAa
PeAaAa
CxFaAa
CwSaAa
AnBbAa
StBaAa
MiVaAa
BdPaAa
ZxIaAa
PqEaAa
MdOaAa
LbIaAa
MzKbAa
GjRbAa
LpBaAa
QdWbAa
ZzCaAa
MfRaAa
QyBaAa
PuUaAa
BxJaAa
MnFaAa
DoMbAa
TrIaAa
AuAaAa
WeOaAa
TbCbAa
YvHaAa
KpYaAa
MnAaAa
NqKbAa
UuMaAa
DxRbAa
PeAaAa
JpJbAa
WlUbAa
GkHaAa
NaEaAa
DmWaAa
JoHaAa
TjLaAa
BbSbAa
HtAaAa
DxFaAa
GoNbAa
FvYbAa
SoBaAa
AuWbAa
EeCaAa
RgKaAa
GoNbAa
KrSaAa
HfKaAa
HlAaAa
UeRaAa
BiKaAa
OsHaAa
GjUbAa
OjJaAa
SaQaAa
CpHaAa
KbUbAa
YrNaAa
BmObAa
AfLaAa
TzAaAa
WwQbAa
JdFbAa
BsDaAa
DjUaAa
TkFaAa
UmFaAa
VaOaAa
DgMbAa
KnObAa
JpMaAa
NoUbAa
PfAbAa
TbCbAa
TbUaAa
ImHaAa
ZeNaAa
LsFbAa
TbCbAa
GxBaAa
PwIaAa
WpRbAa
TrIaAa
BkSaAa
XoJaAa
HrJbAa
EgEbAa
CjCaAa
SfUaAa
FuDaAa
SlNaAa
LhYaAa
FmOaAa
YlPaAa
RkJbAa
OhCbAa
PpFaAa
WoOaAa
SiJbAa
LtDaAa
UwSaAa
PuNaAa
CaAaAa
HcNaAa
BpLaAa
LsDbAa
DzDaAa
AoMaAa
CwAaAa
JoVaAa
PmPaAa
UrHaAa
NpPbAa
NtWaAa
SiJbAa
BjBaAa
AyQaAa
PhBaAa
YoNbAa
OiUbAa
WrVbAa
SpTbAa
VuIbAa
WlUbAa
RuRaAa
DzDaAa
QlZaAa
IvXbAa
SlYbAa
RcFbAa
AiKbAa
ZlAaAa
ToHbAa
PuUaAa
EoFaAa
WpNaAa
PyFaAa
NeFaAa
VgJaAa
MfRaAa
WuWaAa
JuKbAa
OfHbAa
ZuZaAa
VuCbAa
DvCaAa
NtYaAa
EqWaAa
JrXaAa
XvHaAa
EpEaAa
NhAaAa
NaYbAa
DsSaAa
ZsBaAa
IsFaAa
KyDaAa
ZsBaAa
KpYaAa
HaNaAa
VuKaAa
JcAaAa
NbObAa
NdIaAa
GcAbAa
KmEaAa
SkFaAa
XgEaAa
GmJaAa
EpEaAa
QkLbAa
WaAaAa
UsSbAa
KqIaAa
CcDaAa
BzJaAa
YpPaAa
RoJbAa
VcIaAa
XuDaAa
BmSaAa
PxAaAa
PmKbAa
KqAaAa
VaObAa
ImBbAa
IcNaAa
VnNaAa
JmTbAa
GwVaAa
PwUaAa
ZgWbAa
PqEaAa
AuEaAa
BxTaAa
PgQbAa
TfPaAa
JuTaAa
KfAaAa
GjQbAa
ZaFaAa
LdHaAa
OpFaAa
RjYbAa
AtOaAa
AlLaAa
XtIaAa
YbTbAa
BbSbAa
BpHaAa
MsLaAa
FwKaAa
AuObAa
FbBaAa
CcYaAa
CxFaAa
VdAaAa
VwMaAa
OjMbAa
JdFbAa
QcEaAa
EsEbAa
KrSaAa
QfIbAa
AaQaAa
ExCaAa
VkOaAa
YyGbAa
GxBaAa
QmPaAa
RrZaAa
ZzGaAa
KnObAa
UvLaAa
SlVaAa
HsCaAa
FoAaAa
MlHbAa
UvLaAa
QcBaAa
SiFaAa
CxFaAa
NvKaAa
UjBaAa
CdAaAa
EyYaAa
EpEaAa
BzJaAa
GpEaAa
FbYbAa
WpDbAa
WaAaAa
CjCaAa
JpSaAa
UiAbAa
OqNaAa
LbJaAa
MtDaAa
CzDaAa
LiDaAa
NhJaAa
NpPbAa
OhCbAa
MaNbAa
FeBbAa
YxCaAa
GiAaAa
WpNaAa
DgAaAa
GpLbAa
TlYbAa
VcIaAa
UmAaAa
FoIbAa
QkKbAa
BnTbAa
KvAaAa
YoNbAa
ImBbAa
FbYbAa
ZzGaAa
IcAaAa
SnIaAa
VpUaAa
XqOaAa
YuDaAa
HdVaAa
EgBaAa
BmSaAa
EuDaAa
JiEaAa
QbLaAa
KdGaAa
YjQbAa
AuAaAa
DgAaAa
OfAbAa
TdUaAa
XiHaAa
KfAaAa
KmEaAa
JeNbAa
FpEaAa
FzYbAa
YbTbAa
OjJaAa
SkFaAa
XfMaAa
SvTaAa
DxLaAa
DrAaAa
OqLbAa
FhUbAa
XsNbAa
FtHaAa
NuHbAa
FeZaAa
LvXaAa
BaIaAa
PmPaAa
YyZaAa
UqYaAa
DiObAa
MkAaAa
CcDaAa
WdAaAa
NdIaAa
YnLbAa
HuOaAa
KuCaAa
FvHbAa
StBaAa
UrHaAa
YxCaAa
FzFbAa
UhVaAa
KjDbAa
SsObAa
KqGbAa
SyBaAa
TnIaAa
GzCaAa
AvTaAa
KbDaAa
FtHaAa
QcBaAa
DgAaAa
JmTbAa
LzTbAa
LyHbAa
BjLaAa
WgEaAa
JjSaAa
ZgIaAa
ElGbAa
OzMaAa
ThCaAa
MkAaAa
NhJaAa
PwIaAa
WyMaAa
FzFbAa
WwGbAa
PsAaAa
MtYaAa
CnNaAa
LyVbAa
QzOaAa
LlQaAa
LdJbAa
KvPbAa
EeCaAa
WaAaAa
JpMaAa
PeAaAa
DsIbAa
VaAaAa
AdLaAa
RtBaAa
RoJbAa
DxLaAa
LdEaAa
IiBaAa
CoCaAa
XiWbAa
PzZaAa
XiGaAa
PeAaAa
OxGbAa
RgKaAa
MwBaAa
KnCaAa
EuDaAa
BmVbAa
LdCaAa
NsHaAa
UaIaAa
WjPaAa
EyCbAa
ZsBaAa
HlAaAa
QcEaAa
IkEaAa
VuKaAa
TxVbAa
ScHaAa
BjBaAa
VdFaAa
NhEbAa
PbAaAa
OiUbAa
AxDaAa
BqDaAa
GzCaAa
PhEaAa
CnNaAa
EjUaAa
LkTbAa
VgMbAa
VrUbAa
CwXaAa
HaNaAa
FoFaAa
BgYaAa
RoJbAa
NwFbAa
VgEbAa
YgBaAa
QeUbAa
CoMbAa
HrNaAa
YnPaAa
MjAbAa
AfWbAa
KcPbAa
ZwLbAa
TfPaAa
AoBaAa
YiIbAa
PbNaAa
KnYaAa
UmAaAa
MsAbAa
VaAaAa
AbLaAa
ZxHaAa
FiEbAa
VlDaAa
ZsBaAa
EtIaAa
RwMbAa
ChUaAa
DmWaAa
CmRaAa
XfMaAa
CaJaAa
ZsOaAa
FoOaAa
JfAaAa
ZgIaAa
RkLbAa
YkSbAa
RwPaAa
DqBaAa
VgJaAa
MlHbAa
ZxHaAa
MgYbAa
UrHaAa
NaYbAa
PwIaAa
QeUbAa
CwAaAa
HyAaAa
JpQaAa
RwNaAa
VgJaAa
VuKaAa
FeIaAa
TbCbAa
KnObAa
VzDaAa
NwFbAa
OpFaAa
EuDaAa
XkPbAa
KfAaAa
DeHaAa
NhWaAa
MoEaAa
UoCaAa
WlUbAa
LsFbAa
QtJaAa
YnPaAa
CdAaAa
DrAaAa
BnTbAa
LiUaAa
ZkWbAa
FbYbAa
SoBaAa
BgYaAa
EvHbAa
MjZbAa
MoNaAa
EuDaAa
OkAaAa
WrUaAa
BaAaAa
QtJaAa
QcEaAa
EeDaAa
WaAaAa
UaXaAa
JzHaAa
GjPaAa
CqMbAa
EpQbAa
SfXbAa
ZgCaAa
BjBaAa
QkKbAa
VaAaAa
RcEaAa
NoRbAa
TcDbAa
BjAaAa
FeCaAa
PfDaAa
DdAaAa
UnEaAa
BzJaAa
QyJbAa
RoMaAa
DhUaAa
JfAaAa
SxUbAa
BmAaAa
WaAaAa
EeVbAa
VdAaAa
KvAaAa
HtAaAa
GzCaAa
RyPaAa
RmCaAa
LcUaAa
XeBbAa
AxZaAa
GxBaAa
ToHbAa
ZgCaAa
TrGbAa
NvCbAa
NmGbAa
QfDaAa
LiDaAa
YbEaAa
MdObAa
MkAaAa
NaYbAa
AnGaAa
KhQaAa
KmIaAa
MzKbAa
BvUbAa
EeOaAa
StFaAa
SkAbAa
SiJbAa
IiBaAa
KdQaAa
RmYaAa
AuWbAa
XzLaAa
NxMaAa
DiQaAa
CaAaAa
NaYbAa
XiEbAa
VpFbAa
WgGaAa
OxAaAa
AmJbAa
JfSaAa
RlZaAa
MuFbAa
YiTaAa
YxSbAa
HwVaAa
CcDaAa
WgGaAa
SpTbAa
DxRbAa
IiNaAa
XiWbAa
EjGbAa
VaOaAa
CnNaAa
OpFaAa
TzJaAa
SnBbAa
RjNaAa
WdYbAa
MwBaAa
CdAaAa
UoCaAa
VaOaAa
GbSaAa
CaYaAa
ZlJbAa
BaCaAa
YtUaAa
JgLaAa
MnWaAa
HyAaAa
HiBbAa
QcEaAa
WrAaAa
RrZaAa
HgCaAa
BcRaAa
TjAaAa
CmXaAa
CaAaAa
SoBaAa
YaFaAa
DoMbAa
UoCaAa
PeKbAa
HrEaAa
CjCaAa
CdAaAa
SiFaAa
HpEaAa
VwMaAa
RiFaAa
ZgIaAa
CcDaAa
AjIaAa
QlBbAa
TuXaAa
AbBbAa
VcIaAa
HkZaAa
OdCaAa
