10000
500
0.02
0 0 0 5000
8476 6047 77 69548
8406 8231 88 80203
7927 6812 67 68521
7136 7266 68 69641
3675 6244 66 56913
7093 9657 73 79936
6474 9779 61 76160
7896 8273 84 79157
8680 7075 67 69880
8733 4375 3 39914
6080 7584 62 66554
9287 7974 84 81463
8320 9849 69 81971
7996 8955 81 80945
4850 296 78 39810
6250 6374 100 72061
6475 8208 87 76944
8423 6940 69 70646
7144 8045 64 71475
6519 404 30 29419
9806 9377 71 83244
9048 9723 65 80939
7028 6070 75 65853
7956 8931 78 80286
3107 6326 16 42016
6057 7895 66 68936
7821 9359 63 77937
6501 9573 69 76147
8251 9633 89 86260
2472 2227 11 22823
7422 8776 77 78561
6660 7083 88 73245
8184 9217 95 87051
9595 8161 79 79862
6192 5520 51 54558
7492 7022 63 67113
6111 7345 71 68438
9899 6394 69 71454
8661 9116 99 87493
7615 8750 34 65633
8167 6008 93 73548
9679 9197 91 87736
6010 7771 68 67592
6811 9394 95 84418
9863 9361 54 78611
7581 8532 86 79473
6699 6233 76 66090
6515 7064 94 75011
9972 7817 100 85253
8795 8959 29 67594
7889 8981 83 82125
9881 7280 92 81404
6401 7477 75 70327
8139 7833 88 78667
9363 141 84 50175
7595 7897 83 76010
8614 9270 60 77258
9764 6531 70 71986
6507 7753 92 77086
6365 9459 0 55720
7104 6431 89 71049
7357 7296 82 73099
8658 8466 70 77957
9114 7329 88 79833
7203 8774 11 57634
9352 7065 95 80720
7031 6549 79 69783
8064 9171 92 85943
6480 7601 83 72599
251 2979 20 23491
8343 9902 97 90640
9933 9071 81 84637
6972 8466 67 72270
8666 8368 98 84689
163 9515 28 51917
7882 8918 79 79448
7836 8933 100 87211
6145 8544 60 69832
7510 9014 70 77855
5769 7517 19 51730
9123 7578 85 78338
8048 8254 65 74522
7479 8759 97 84400
8232 9838 77 83684
6619 9698 21 63901
6038 9314 81 78781
8109 8138 61 72223
6583 9905 85 83293
9091 7950 85 81084
2708 335 51 27084
7850 7738 99 80904
6497 6025 93 69647
7324 6929 82 72111
8125 7602 83 76508
8033 6329 28 54382
8669 6476 66 67252
9868 8721 87 85097
8890 7081 93 78645
7090 8040 66 71098
6331 3638 66 51399
6974 7267 80 72940
8109 9168 70 79794
7311 8991 66 76332
8873 7530 76 76139
6088 5200 87 63627
7332 9674 86 83756
7885 9656 77 82477
9178 6628 95 79278
9153 6372 71 70118
206 1858 51 28253
6456 6763 89 72275
9401 6490 86 76289
7509 7427 64 68082
7922 8117 75 74902
6084 5621 45 53955
9169 8077 80 80043
9387 6302 80 72127
8475 9055 90 85391
7613 8153 87 79139
8078 6043 63 63942
7953 9193 68 78818
7075 6162 77 65969
9307 7340 90 79730
7493 9856 83 84542
4174 4214 32 40714
9287 9168 79 83295
6076 7908 89 76130
6525 6105 71 64521
7180 7245 94 76905
3462 1599 51 32839
7213 7389 86 74214
7119 9817 75 80792
9735 6136 80 73034
8463 8165 66 74801
2314 2449 55 36150
6004 8615 83 76005
6275 8216 60 68175
9896 7122 69 73403
6873 8020 61 68859
7757 9939 34 69685
9230 7891 78 78014
8549 6323 73 70120
7696 8936 91 84048
6259 6350 98 72234
4462 5786 29 46392
6153 6254 73 63663
6202 7549 84 73195
6153 6987 97 73441
8034 7625 79 76198
6874 4936 20 43784
7740 6805 78 71605
7744 9649 62 77771
6532 9756 75 78634
6659 6581 93 72152
8398 8852 75 78876
6877 8536 60 69967
8507 8621 63 75296
7935 6606 79 71091
7344 6408 69 65865
6855 1738 86 50725
6627 6809 98 74518
7000 6794 75 67919
6021 9052 73 74418
7824 6883 69 67991
7976 6046 91 73092
7854 6465 98 75889
6475 9613 71 78082
8492 9627 93 88860
8272 9246 98 88394
1754 4791 78 50956
7152 8226 60 70189
8982 9136 65 79867
7783 8118 82 78589
7591 8298 64 73260
6184 2922 88 55385
6132 8771 60 70162
9285 9941 85 89699
7027 7686 64 68594
7445 6781 81 71326
6050 2890 81 52982
7307 8202 80 76800
7352 7905 94 78791
7107 6601 95 73402
7014 8757 67 74680
7659 7867 2 52136
9768 6709 88 76940
9940 8980 75 83090
7056 6078 61 61556
7148 6659 67 66619
3339 2215 58 37502
6634 6208 78 66433
6140 6398 65 61975
9592 8538 84 83354
6974 6297 65 64136
4095 3809 78 51797
9999 7700 88 81968
6865 8665 98 82193
8349 7991 67 72969
9586 6481 65 70041
5205 9241 75 75093
9477 7578 74 76192
7748 6702 68 67093
9572 7649 64 74837
9035 8072 82 78981
7152 9104 1 55313
7758 7977 79 75190
8048 9858 83 85346
9745 7982 92 83526
8783 9279 88 86767
225 7767 27 44917
6093 9118 73 75736
9601 8757 66 78125
6451 9808 85 81710
8608 7186 90 77792
8400 6607 43 61102
8032 7266 83 75467
6900 9425 64 76042
6370 7345 92 74388
7539 9713 63 78823
5321 1547 31 31399
9903 9623 64 82955
9391 6517 61 68525
8793 6028 89 74334
8255 9563 87 85625
9797 3343 70 58881
6495 6554 94 72906
6210 6546 77 65852
9572 9512 72 84743
8288 9413 67 79391
6348 4517 80 59771
7369 8118 86 78934
8204 6951 65 68092
6676 9524 73 78697
9808 8670 87 84529
4781 2742 55 42710
6378 9206 79 78017
7853 7156 93 77773
6596 9048 71 75545
8537 6762 70 70708
8639 8789 56 73849
8128 9128 65 77691
6671 8457 95 80959
6882 7109 91 75177
9333 6894 82 75519
893 7978 32 48797
9839 7727 95 83211
9516 7934 92 83485
6039 9731 72 78141
8235 6288 99 76033
999 50 1 7872
6352 7662 100 79106
6708 7491 60 66682
8330 9241 90 84636
7469 6389 64 65449
1138 5298 19 33221
6171 6751 72 65940
8732 7864 78 78311
7579 9435 89 84184
6269 8393 74 72867
7204 7801 43 63946
6113 7834 85 74943
6396 6507 88 69303
6130 7830 72 69558
7063 7307 92 75400
1609 2276 37 28492
8441 9699 87 86993
6727 9155 96 83828
9608 6369 98 78693
8721 8847 87 83165
4738 8833 100 80158
8188 6145 98 74581
9708 7189 84 77642
6927 9100 78 78035
9685 7431 94 82624
9275 2664 70 54206
6352 6313 66 61972
9514 8424 94 86393
7454 8009 72 72687
8294 8996 61 75797
5755 7444 63 64768
7389 9972 69 79506
9554 6248 72 70593
6797 9884 74 80412
7216 9167 88 82760
2331 941 91 40691
7011 9002 85 80054
9545 6622 94 78436
8374 7744 79 76156
8873 9618 95 89975
551 2568 95 45722
8651 6904 92 78465
9864 7761 100 84822
9761 8546 91 86425
6907 7199 61 66705
8874 9918 88 88634
7662 6047 87 71501
8100 8884 88 83681
8193 9286 99 87359
8985 8323 61 73838
4185 146 88 40142
9702 6198 61 67695
8098 9010 79 81875
9264 6356 64 68383
6437 9542 79 79657
5852 6156 86 67630
7709 9218 60 74765
7743 9466 89 84207
9165 7341 95 80798
9209 8097 63 74830
7317 8163 37 63959
9625 6004 80 71724
6151 9125 77 76905
9238 6668 78 74143
8353 6979 75 72891
2457 8559 68 63805
8434 7131 73 73205
6342 7439 83 71991
8054 7252 67 70908
9313 8212 85 81147
2103 8624 78 66396
6874 7756 62 69238
6199 8416 68 72250
6072 8209 63 67931
6020 7446 84 72518
4690 2046 37 32871
9365 8320 80 80405
8697 8537 83 81502
8863 7187 71 72725
6088 9741 85 82418
4132 838 47 29862
6118 7051 74 68083
8614 8237 78 78059
7103 6533 65 64859
7166 7207 69 68808
3465 710 38 26230
7017 6642 79 68515
8958 7525 76 74891
9039 8737 62 75886
7981 7484 86 76262
5586 6480 40 53802
7532 7321 74 72413
8515 7009 88 76150
7234 8930 79 79695
7826 6255 90 72672
7862 6005 80 67944
7424 8140 61 71354
8497 7740 74 74932
8822 6830 83 74234
7032 9261 90 83424
2174 1791 19 21830
7464 9931 90 85873
6038 9025 95 81154
8446 8842 83 81209
8725 6139 68 66988
2687 5461 69 52758
9776 6991 90 78757
6601 7157 81 71353
6199 7009 97 75505
9004 8921 78 82437
725 1932 26 21532
9982 9841 81 88939
7909 8121 78 77117
6541 6822 97 74244
8848 7779 93 82206
1447 312 33 18537
9386 7682 87 80508
9355 8586 61 76595
7210 7671 88 77073
9751 6023 75 71016
9380 2041 46 45249
8850 9579 96 89323
7124 6437 90 71442
9062 6568 90 76434
6949 7773 97 79456
6969 5071 5 41587
7282 6521 82 71144
6868 6527 69 65361
6584 9014 89 80583
7676 9679 90 86463
9492 1736 88 57566
8969 8260 89 82118
9941 6621 89 77103
6048 8347 75 73905
9395 9691 98 92939
4686 1564 19 25452
6482 7450 96 76923
6801 9314 89 82147
9670 6380 64 69097
6841 9796 87 84581
2427 4273 36 37970
7471 6602 77 69829
7265 8722 75 77200
7867 6684 85 73553
9845 6820 74 74480
4845 3226 75 50820
7944 8914 88 82919
7753 8614 92 82929
6740 6068 94 70791
7076 7527 99 79314
5688 4418 29 43625
8925 6908 88 76768
6741 7443 60 65370
8783 7553 97 82154
7741 7733 70 71628
887 8868 20 48085
6382 6990 61 63268
8451 7461 73 73614
8940 8250 81 80171
6092 8540 76 74083
9265 2079 99 60592
9337 8721 69 78704
8324 7054 67 70790
8084 6269 60 64674
7860 6008 73 67418
8421 8413 92 83931
7413 7353 79 73368
7646 6746 65 67689
8042 9840 60 79422
9060 6954 67 70608
3464 846 90 42678
7420 7953 84 77630
6565 8246 78 74499
8853 6866 81 74182
6026 7929 65 67536
8721 3472 81 61093
8367 6719 97 76919
8759 7742 96 81778
9607 6054 65 67813
6877 7482 92 76515
6196 9974 95 85164
8232 8268 71 74913
7660 7437 64 69103
8218 6243 70 67901
9104 9621 68 82030
3980 6572 52 54966
6727 9604 78 80511
9097 9496 65 80398
6336 7601 92 75327
7116 9576 89 83799
5504 8252 34 59509
8551 6171 86 72525
9168 9423 87 87766
7980 7962 70 74129
9185 8511 73 79957
2103 6869 75 58391
8119 8208 60 72029
7508 6819 69 68310
9684 8324 76 80741
7931 8090 88 79828
3222 2799 56 38887
7920 6288 61 63516
9050 8507 66 77198
6429 6147 64 60911
7030 8021 82 75291
3629 9449 18 55202
8247 8352 97 84773
6330 6114 69 63330
7287 8414 96 82223
9015 7841 63 73920
913 2689 11 20414
6283 8040 72 70483
6463 8922 90 80459
6556 7640 94 77018
8843 6377 89 74650
5167 6315 35 51570
7869 9386 92 86053
8884 6698 60 68542
9208 8091 100 85232
7357 6296 88 70967
3379 6690 39 50707
7000 6251 73 65182
8125 9318 82 83425
9493 8257 79 80163
7190 9792 90 86268
8595 2755 42 46552
6482 8594 92 80337
6546 6823 70 65426
8365 8496 73 78293
9738 6978 60 70789
70 1208 66 30240
7713 8672 63 73985
9044 7167 78 75833
9669 8035 94 84681
6184 9528 72 76430
8072 3203 36 44165
8133 7406 99 80539
6820 7470 89 74763
6017 6655 95 72180
7581 7720 79 74964
9713 9502 12 66235
7495 7070 63 66446
9019 8020 93 83493
6159 7780 94 77290
7383 6685 76 68873
3813 360 30 23103
8634 9567 98 89167
7596 8084 81 76171
8067 7751 82 77651
9066 9080 94 87611
707 3878 17 26595
7845 8228 92 82183
6620 6472 67 64704
6581 6939 98 75721
6367 6782 75 66536
6461 1682 22 30987
8921 9217 90 87102
7806 7767 77 75705
7916 6658 83 71678
6317 9555 67 75571
1750 4808 81 51831
6646 6408 76 66200
7194 9208 93 84861
8809 7423 91 79951
8976 7889 100 84539
3597 1719 13 23216
8848 7545 96 81146
6425 9068 98 83138
9128 7627 78 76623
8616 7645 71 74788
4702 332 81 40750
8836 8722 65 77805
7501 9675 67 79237
9466 6154 62 67899
6226 8317 89 77331
6556 639 68 40126
7365 6147 78 66776
7722 6745 65 67182
9898 7605 72 76769
9312 8865 65 79552
4 4965 57 41980
9474 9416 88 88494
6819 9600 100 86312
7656 8160 93 81111
6672 8746 100 84289
6293 6838 84 70777
7484 7285 66 68406
6009 8576 91 78456
6341 9446 63 74236
6534 7929 87 75212
9232 6868 7 52163
7481 7370 71 71113
7657 8296 85 78585
8192 9521 91 87733
6557 8542 84 76639
7064 89 45 33409
8620 8053 85 79511
7758 6958 84 73048
9617 6796 73 73314
7234 9515 80 80617
1662 2893 47 34807
8977 7428 88 78330
6609 6973 61 64878
8758 7918 61 72748
8182 6348 79 69457
815 5405 6 30864
7618 7951 66 71346
8302 7102 93 78027
8411 6315 63 65209
6249 6193 84 66541
7033 2138 98 56982
8289 9565 75 82225
8188 6485 67 67273
9768 6858 93 79776
8249 6657 72 69196
7282 4287 67 56437
8794 6851 85 76171
6940 9863 87 83446
9495 7383 77 75933
6536 6957 60 64540
909 9280 77 66332
7139 6322 94 72440
9766 9136 70 81124
8976 8064 77 79082
6867 9707 88 83490
1872 5940 45 46523
9583 9991 92 91740
9211 6909 90 78446
8871 6302 100 77833
7992 9796 75 82880
8867 5931 27 55142
7243 9279 91 83349
8698 7911 99 82951
7746 7518 64 70139
6574 7445 72 70269
8949 1198 38 39305
9656 7225 97 82388
8898 8647 70 77664
9506 8755 69 79877
9328 8192 96 85519
4645 1229 51 34412
6693 8908 75 76479
7475 8954 79 79194
9049 7056 94 79426
7139 9045 67 74736
5474 1931 83 47881
8729 8106 69 76309
9433 7843 69 76148
8259 7936 65 73287
9356 8875 96 88301
8797 8440 6 59035
9133 7332 92 81035
7081 8680 72 75031
9259 9495 97 91540
9565 9746 95 91165
251 8782 70 61620
6736 8706 69 74784
6308 7234 83 70934
8910 9965 64 81973
8317 9964 66 80704
5366 8909 62 70039
8778 6406 80 71940
8969 6978 74 73925
6796 7679 90 77279
6045 8424 90 77170
1030 9791 39 58769
7469 9074 74 78853
9280 8623 97 86728
7547 6708 72 69331
6721 9900 91 85106
133 5737 25 35384
9999 7161 79 76582
9748 7061 77 75201
9183 8564 71 77976
9309 6302 89 75170
2172 1833 84 41851
9150 9450 70 82941
6680 9258 93 83388
7274 9254 71 77504
7256 7175 95 77221
8796 2959 57 52002
9975 7460 65 74512
8065 7231 72 71667
7192 6099 75 66564
8910 9722 100 91644
7602 4290 65 57781
6970 9520 61 75941
9945 8884 74 81700
7566 9089 81 80482
6811 9520 85 82836
24 8078 45 50440
8267 6110 63 64233
7494 8553 67 73409
9494 7657 91 82422
9404 6208 85 75067
939 2384 22 23791
9354 7966 75 78624
7282 7275 62 67598
6166 6598 64 62683
8913 8255 80 79106
3289 7047 93 66869
7682 8969 86 83028
9971 8291 82 81866
8558 7493 64 72012
7869 6890 77 70857
693 8820 81 66566
9309 6305 99 77667
6773 7710 71 70679
8882 9982 94 90461
9797 6392 85 76390
7160 6557 66 65531
6165 8120 98 79992
8397 9885 89 87863
6807 9802 66 76674
9762 6359 78 74014
5766 1775 12 26638
7515 6511 100 76808
6881 6210 83 68950
6005 8888 67 71991
7004 8986 65 74622
960 1147 91 38697
9246 6254 68 68714
9988 9967 88 91113
9439 7844 61 74512
7701 6011 94 72101
2783 9435 27 56016
7790 9356 87 83333
7992 6149 86 70506
7054 7794 68 70343
6282 6416 94 71058
6426 6361 83 68334
6871 9838 74 80731
6649 6179 92 71198
6931 9167 73 76650
8900 6495 83 72900
7739 6058 28 53711
7603 7342 74 72059
8501 6759 79 73618
9806 6985 80 76420
6511 7214 100 76188
4447 8756 31 58691
8223 8115 89 80755
9904 6310 96 79746
8334 8792 95 84482
8124 8043 87 78875
5139 3972 22 37264
6879 8249 84 77408
6462 8754 71 73563
7078 7558 90 76475
9832 9298 95 90177
569 1527 94 41110
9060 6567 62 67965
7790 9070 87 83749
7767 7988 72 73263
6769 8979 81 79641
201 4902 72 46391
9833 6631 74 73750
6415 9547 97 85700
7560 9627 70 80063
7012 8295 60 70885
5580 3348 7 32236
6996 7487 93 76674
6133 9084 67 74139
8904 8338 86 82759
6628 8832 66 73098
8312 9263 17 64739
7713 9126 78 79331
6700 6209 76 66519
6468 9744 95 85942
8881 6257 70 69258
2132 4996 13 33815
8155 6040 96 74305
7172 8676 73 76426
6400 8011 72 70557
8915 7470 86 79329
1444 5364 65 48890
6155 7973 67 69953
8043 6078 97 74906
9755 6525 92 78427
7100 6378 91 72282
5409 1120 24 28440
8607 9520 79 84229
8871 6173 70 69414
9900 6882 99 81261
7773 6484 83 71405
863 5520 38 40230
7464 9940 74 82169
6871 8104 60 69906
8248 7138 80 74799
9850 6880 67 72436
7463 2266 36 39000
6789 6699 63 63590
9180 6441 88 76301
7904 7138 79 73589
6560 9879 61 75225
7986 5495 24 50022
8607 8870 99 86852
9453 8944 96 88642
6706 7907 79 73911
6545 7134 66 67127
7906 8778 12 58909
8907 6936 95 79970
7482 8501 86 79879
6170 6584 67 64737
8340 8688 62 74856
717 2288 60 33777
7505 9293 74 79686
6696 8107 67 70279
6104 7462 64 66256
8183 7703 98 81767
7432 1169 97 54303
7908 6281 80 70878
9627 9656 76 84832
7365 6881 96 76720
8266 6292 91 73956
8675 4577 17 46132
7725 8961 62 75339
6921 9814 83 83553
8687 7313 95 80014
7377 6245 92 73068
6388 5056 81 63016
8271 7871 97 82450
9176 8160 86 81302
9067 6434 99 79060
8389 8119 76 77088
7957 3770 4 36465
7842 6769 74 69224
6634 6079 86 68296
9871 6238 64 69222
9355 8701 68 79265
4964 4245 98 60404
9819 6236 83 74447
9808 8966 70 82394
6426 8449 69 72379
8284 9971 84 86014
7989 3399 78 57633
9689 8048 90 83697
9277 9244 64 79514
8878 7623 72 74085
8225 6515 73 69630
2355 9362 99 77645
7244 6008 61 62066
7099 8708 85 79722
6326 8606 97 80709
7656 6813 78 71169
8448 9614 23 67820
8767 6516 86 74214
7052 6269 66 64341
9655 8493 72 80276
9803 6592 67 71499
1925 4728 78 51611
8137 9219 95 87640
9599 6016 67 68429
9997 8934 73 82072
6200 6208 69 62078
7645 7979 45 65728
9865 8168 82 82819
8847 8331 87 83065
7239 8867 64 73259
6880 8454 78 75276
5946 8747 97 80701
8915 8758 72 79552
6308 6803 67 65688
7720 9878 67 80661
7146 7540 82 73440
2797 8930 46 59525
7483 8463 79 76868
9991 8844 95 88037
9031 6634 99 78402
8951 9704 95 89550
7305 1183 33 33369
6992 6794 86 72899
7304 8750 69 76031
9478 7501 65 72518
6969 7510 91 75976
6741 3803 1 34074
8413 8540 65 75798
9974 6822 68 73045
8704 8754 73 79918
6346 7659 95 76126
9383 1623 54 46415
9387 8628 73 79935
7954 9407 89 84799
8959 6778 77 72147
6654 9014 74 76061
8451 2549 57 49029
7171 7748 69 70130
8172 8837 93 83682
9871 9999 83 89471
6358 7802 91 76925
9033 5321 18 50121
8500 9233 83 82866
9510 6507 91 77883
7987 8927 80 81508
6332 7059 94 75033
9077 6572 29 58105
6984 8446 100 83630
7554 9882 66 79113
7272 6398 98 74616
8117 6127 77 68950
6505 911 78 45649
8285 7573 96 79691
7940 7534 80 74366
8497 9924 96 91106
9039 6541 62 67581
7426 9727 30 68181
9441 8718 85 84451
6687 8092 69 71570
9020 7398 91 79079
6757 7557 84 74888
4798 7831 20 51630
6383 9792 69 77195
8848 9181 82 83287
8646 6784 90 77348
9425 8340 92 84090
5190 8872 23 58350
6597 7989 99 79159
8712 9430 85 85995
7815 8023 61 71526
8707 9355 86 86238
7931 9308 90 84434
6848 7291 86 73711
8013 6384 94 74753
6755 8168 78 73802
9516 8488 86 83237
5273 662 13 22888
9108 6237 88 74433
9285 9717 78 86589
9330 6698 95 78643
9733 7304 89 81186
2875 6789 7 39753
9327 9368 93 89066
7147 8310 93 81316
9088 6001 90 74048
7589 6796 80 70638
600 3633 10 22969
6338 7121 94 73922
8983 7204 74 73562
6934 7328 87 74029
6819 8267 84 76405
9676 5751 80 71383
8839 8898 100 88200
9382 6534 92 77463
9834 6477 63 70123
8780 9772 81 86891
8398 5117 77 64667
9100 9936 69 84533
6509 6468 97 73597
6274 7023 90 71801
6389 8877 86 78598
5760 5584 9 40631
9712 6993 61 70283
6650 8501 99 82598
9908 8688 63 78544
6540 6559 70 64618
6940 8110 4 52159
8084 7367 72 72454
8444 7348 69 71818
7381 7616 94 77482
8976 7391 70 73411
597 6956 58 50768
7448 9162 68 76212
8387 6878 65 69545
9954 6480 73 72687
9213 8968 87 86202
55 3471 84 43317
7235 8733 100 83937
8317 8170 83 78887
9684 7039 72 73826
7996 9081 80 80386
8860 9540 38 72550
9055 8627 74 80168
9546 9038 68 80848
8607 8157 73 76606
6300 9960 86 84232
5601 9789 28 64049
9513 8585 88 83920
6277 6654 81 69405
9659 7865 94 83135
8066 7120 81 73031
4671 8817 0 50349
9261 8105 60 73733
7142 9307 74 77712
7713 8134 72 75519
9621 8094 84 82715
6082 8316 72 73023
6529 6811 67 64955
8303 8507 83 80461
7878 8472 76 77433
9097 7259 84 76870
8376 4580 9 41877
8660 6327 71 67971
9474 7324 90 79900
8045 8916 82 81550
6020 7328 74 69138
805 1758 31 23183
9584 9482 72 83163
8377 9415 91 87007
6998 7124 76 70127
6048 8323 95 78305
7848 4907 31 50606
6173 6665 75 66895
8779 9661 97 91067
9192 9320 66 80758
7673 8711 75 76831
5807 3299 0 30054
8194 8732 84 81417
9890 6059 95 76639
8016 7473 77 73208
6937 9488 95 84725
779 2359 25 23084
6796 8109 66 71152
7110 9232 76 78606
8552 7844 72 74589
9532 6968 74 75068
8859 6685 57 65746
9433 9745 60 81581
6640 7148 61 64618
8363 7990 62 72203
6244 7891 64 68394
3173 2782 19 27407
8930 6791 89 76827
7246 8082 85 77504
6825 7599 71 69686
8430 6829 83 73242
7323 9911 38 69931
7009 8205 66 70911
6298 7271 60 65291
6634 9756 71 77686
7640 6676 91 73952
8411 6594 62 67755
8237 9685 87 86946
8558 6126 91 74461
7097 9837 65 77858
8353 9117 68 77783
936 6597 2 33756
7064 8706 88 80642
7987 7854 61 70189
9135 9435 77 84825
8839 7437 85 78562
9086 5387 57 62178
7291 7304 63 67854
7413 9664 63 77911
7352 6383 78 68716
9438 9722 78 85450
5188 2002 90 49584
7046 6843 60 63834
6700 9888 76 81341
9732 9466 86 88596
9253 6555 90 77330
3531 4368 4 30486
6497 9071 73 76538
9654 8139 78 80011
8679 9864 86 87691
8429 9440 96 88380
2507 9086 12 50453
6420 6406 67 63164
7964 8187 96 82035
9301 6690 65 70605
9510 9203 65 80651
7807 7920 33 61762
7770 6326 68 66461
7985 6338 97 75377
8491 8796 83 82897
6277 7051 79 68622
6034 6816 18 49374
9623 8335 99 87150
9653 6424 64 68638
7745 7699 95 80512
6181 9234 75 76866
104 3270 63 37975
7570 8412 97 82729
7104 6559 72 66574
7858 7771 65 71558
8918 9125 98 88624
7242 2080 100 58474
8385 6619 95 76106
9555 6985 63 70654
9194 6657 73 71143
6210 6173 66 62399
8813 9844 99 91832
7441 7498 90 76917
6475 7682 67 67964
7315 6985 86 73443
8686 9697 94 90074
701 102 48 20475
9618 7521 66 73664
9977 8303 70 79439
8936 7407 67 72305
6152 9245 70 75287
7377 7642 99 80092
8468 8398 65 75568
8291 9849 88 87767
6581 8644 60 70708
7308 7578 74 72747
877 1680 4 14034
6770 6593 65 64513
6444 6774 93 73336
6941 9830 83 83552
6559 7437 80 70915
1379 5953 77 55560
8606 8077 85 79452
9628 9582 65 81923
7653 6503 78 70223
6729 10000 91 84947
4963 8458 73 69866
6145 6700 99 74427
8167 8353 70 76335
6000 6253 92 68670
9668 8601 74 80066
606 6290 16 35612
6648 9125 95 82960
7714 9539 68 79288
6767 6622 72 66444
6762 7242 63 67260
4585 371 44 29258
6348 8252 75 74165
7352 8570 73 76065
9541 8956 98 88456
8940 9916 84 88636
1615 1232 41 24611
6972 9022 79 79206
9467 8370 84 81802
8166 8076 84 79508
8392 7251 82 76109
2356 2744 48 34240
7223 6510 62 64859
6315 6778 83 69160
8493 8199 85 80803
6816 7019 62 64533
6127 4996 12 41311
9387 7732 98 83377
6761 9955 94 87171
8558 7982 76 76212
6160 8945 97 81723
7147 3788 72 56380
8952 8420 90 84181
8741 6494 64 66787
6807 8284 75 74522
8957 6813 67 69969
7909 6861 3 48347
8702 9810 100 91014
9661 7334 84 78468
6053 6090 99 71647
6500 7662 76 71655
775 3327 73 41944
8941 8895 89 85205
8648 9806 74 83433
7879 7363 93 78647
8221 8497 64 75426
8821 8301 71 77826
9823 8190 95 86681
8228 9439 85 84227
9984 6925 81 76410
7200 9886 95 87268
4975 9381 51 68728
6389 7191 92 74988
6187 8615 90 78211
8680 7376 72 73719
6596 9221 85 80167
6590 450 55 36946
8758 6532 83 72620
9224 8028 68 75293
7774 8524 63 73360
7176 7234 100 77563
5081 5616 38 49123
8358 6997 95 78980
6958 7606 82 73000
9965 8047 77 79453
9023 7809 70 75513
8963 3854 91 65068
7825 7348 82 73659
7619 9804 61 77508
7637 9491 90 84702
8952 8681 96 86415
3310 4893 14 34536
8971 6501 93 77027
6867 7101 72 68521
6910 6051 60 61057
8823 9417 74 83102
5016 2664 46 39612
7775 7016 66 68899
7520 9709 92 87408
9008 9349 97 89955
9724 7866 80 79234
4864 1048 2 19128
9962 8330 94 85634
7435 8785 78 79102
9523 9879 63 81629
7702 7476 66 69943
2956 5392 64 50782
7601 9235 73 79046
9980 6111 79 73876
9100 7410 87 78915
7070 8367 92 80913
7098 5401 12 43796
8810 9985 67 82152
7546 6243 79 68555
8633 7544 81 77474
9360 8167 80 81038
5759 2179 35 36675
9842 6811 92 78886
8846 8381 62 74414
7760 6881 77 71221
6848 7916 80 74869
9831 2385 95 61849
9812 8428 69 78207
7576 8038 80 77122
8829 9267 66 79923
7110 7285 72 69625
2328 1510 8 17425
6117 6341 82 66238
9584 9216 88 88111
8263 6495 68 67339
7501 9979 74 82934
5853 6437 11 46435
8153 6306 79 70916
7287 9372 93 85437
8795 8986 75 81200
6697 9498 74 79417
9500 7582 56 70248
6057 8948 64 71900
7153 9462 81 81070
8251 9323 94 87399
9680 9777 74 84680
3827 8056 24 51411
6137 6038 87 68421
8318 9833 89 88575
6673 6989 95 74479
6249 9139 67 74213
6626 2958 90 56504
6801 9575 99 86068
8182 6439 82 72243
9000 7980 76 77495
9709 8821 65 79779
7541 9215 98 85966
8011 6716 75 69513
7698 8620 66 75117
7540 7993 83 76358
6176 6811 64 63510
2350 1523 75 37557
8146 9358 85 83916
7497 6459 82 69513
6417 8949 64 73084
6353 9159 66 74457
8574 7092 58 68081
7934 6862 80 72823
9983 8518 85 83898
7000 6036 99 73097
8513 9312 64 78183
5119 9574 93 81923
7353 7476 100 79882
9149 8912 80 83821
7866 7099 68 69668
7759 6886 81 72425
7617 4525 97 67319
9428 6323 92 76756
8123 9480 94 86612
8756 6445 63 66381
8854 6676 97 78269
8802 3084 58 53105
8683 9020 85 84090
9136 7600 91 80429
9667 8386 62 77216
8699 7664 95 81303
6451 4848 1 36699
7204 7298 83 74146
9843 7003 89 79389
7928 9176 78 81622
9530 8546 68 79469
3975 5780 16 41851
7935 7484 96 79015
9630 6810 88 77548
7331 7717 69 70505
9201 6397 89 75936
6437 7427 83 71526
9132 6210 73 69469
9943 6087 72 71508
8358 7440 88 78015
6006 8431 99 81360
3205 9756 69 71143
8046 7998 64 71541
9615 9907 77 86246
7256 9260 76 79482
6468 8907 92 81479
8145 2519 84 56435
9457 7337 70 74427
6648 9067 71 74970
8642 8702 90 84434
7608 6530 83 70571
7969 9306 90 85785
9997 9439 76 85510
6477 9139 84 80527
8524 9182 60 76839
8942 9929 83 87298
3394 2103 9 23163
8815 7273 94 80296
9564 7857 66 74769
7714 8504 96 83534
8891 7812 67 73764
1061 5405 48 42370
6634 6932 60 63338
7102 9396 100 86675
6684 9703 93 84954
8465 7639 79 77042
5241 5707 49 52605
6224 9503 63 73438
7804 9823 86 86503
9705 8494 91 85998
8998 8415 93 83971
6890 2847 15 35127
8324 7836 79 76265
6644 8387 96 80976
9251 8913 90 86876
7397 7831 65 70646
2215 1649 43 28695
7076 7828 88 77555
7920 8346 95 81908
7434 7310 64 68264
6374 9307 61 73399
7582 6477 89 73266
8957 6559 96 77278
8949 9454 99 90183
7189 6889 69 68441
9951 7680 78 78550
1516 7990 77 63245
9926 8936 73 83144
6469 8276 68 71604
8279 6021 60 64339
9195 8806 80 82088
4652 2059 51 37556
8616 9507 81 85518
9097 6924 69 72330
7500 8397 81 78454
9862 6319 80 73462
1392 5407 69 50889
8661 8852 72 79059
9590 7725 69 76281
9088 8676 76 80170
6775 8389 92 79338
1224 4889 9 30505
8347 9651 67 80963
9342 8258 94 84372
8506 8544 88 83273
6035 6993 76 67582
669 9583 47 57984
6072 8821 60 69659
7612 6926 60 65423
9788 7944 90 82460
7835 9002 97 86215
5717 8410 92 78183
8235 9464 83 83654
9902 9865 88 90519
9079 9142 92 86467
9288 7290 90 80254
1042 624 57 27569
8030 8919 82 81083
7053 9613 96 85545
6781 8834 92 82162
8937 7813 92 81964
5658 836 45 33463
7532 7181 82 72433
8049 7718 73 74739
8625 6170 60 64665
7144 7743 89 76514
1484 8813 44 56704
9639 9013 78 83033
6078 9362 63 74026
9753 8439 62 77313
9361 6167 92 76762
5887 4374 4 34886
8203 7411 67 71778
7253 7573 97 79320
6676 9012 71 76173
6650 9204 95 83598
1985 4055 15 28989
7539 7895 79 76354
6357 6840 80 68605
8497 8538 72 76768
8498 8233 94 82136
1579 7616 57 56110
6521 8334 99 80623
6384 8240 84 75626
6805 7844 80 74212
6488 9941 97 87001
7438 5927 40 55240
9078 6964 92 79505
8677 6727 62 68051
7063 9240 79 80105
8553 6905 69 69931
3520 7446 87 68357
8723 9932 85 88012
6304 8378 64 69656
7885 8578 93 83184
7945 7571 96 79544
7322 7808 48 64944
8093 8267 89 81019
7821 7702 76 73556
7471 6008 86 69534
8837 8879 100 88694
209 6931 70 53161
8551 6662 69 69822
9842 9931 95 93585
9160 9823 86 89235
6554 9457 71 78197
7347 3222 55 49855
6349 8191 77 73187
6760 7147 69 67365
6682 8097 91 77235
7295 7088 67 67614
4617 5490 77 59965
9609 9337 84 87180
9829 8810 86 85304
6234 7384 84 72548
7909 9101 74 79140
5538 290 88 44409
8719 8974 60 76985
8835 9201 91 86569
7621 6770 73 69982
8134 9458 86 84553
3115 9329 31 58170
7202 6985 94 75494
6190 9296 69 76252
7304 9898 94 88193
6035 9869 75 78556
1236 5476 16 34418
6922 7313 79 72790
6692 6308 61 61279
8888 6406 68 68113
6309 8510 100 81823
6732 8099 25 57832
7388 9591 85 83585
6218 6651 81 68487
8153 6697 64 67943
6312 8869 97 81517
6510 9757 52 71657
9888 8659 87 84734
7377 8993 79 79941
6974 8130 81 75271
8530 7056 69 71602
2559 8670 80 69752
8236 9721 69 80620
7086 9690 60 76016
9643 6223 65 69217
7631 8046 87 77606
6012 3209 69 50453
8536 6062 83 71036
6583 6988 90 73199
7730 6365 82 70383
8202 8207 71 75659
77 1595 31 21681
8343 9138 79 82227
7031 9068 72 76463
7887 9353 79 82610
8291 8616 63 75421
1102 2630 0 17605
6997 6394 93 72704
8248 7961 72 74259
9051 8995 65 78637
8616 9498 74 81935
8966 8002 85 80830
7388 6144 60 62577
7696 7317 85 74866
6474 6200 86 68991
9965 7462 73 77262
8691 9717 90 88114
9394 7880 66 75079
8978 6619 100 78981
8589 9808 88 87042
9564 9837 85 88056
9146 2878 87 60321
8673 7877 72 76440
9078 8490 98 86501
9766 6455 87 76006
7200 9478 98 86893
7001 9326 100 85905
9909 7352 64 73512
6745 9954 84 83333
8745 8249 73 77084
9763 9684 62 81175
2162 6339 54 50513
9298 7796 96 83937
6777 6431 70 64315
8005 8887 82 80845
8541 9477 62 79123
2587 915 80 38568
9617 6341 88 75543
9626 8274 83 82477
8893 7334 94 80318
6136 6398 89 69672
6745 2887 30 38813
8411 9154 71 80732
9435 7070 84 77288
9946 7727 86 81786
8016 6956 98 78980
7038 3009 56 47755
6280 6969 96 74569
8669 9993 76 84435
8260 8586 75 78423
6579 6312 65 62584
4214 8273 0 46239
7578 7851 99 81563
6084 9638 97 84621
6201 8575 94 80832
8769 9186 63 78069
9786 3701 53 55211
6393 6590 97 74081
6033 8887 61 71903
8379 8890 85 81996
7021 6939 60 63962
5795 1769 38 34339
9105 8019 64 74142
7146 6469 100 75449
9881 9725 79 87266
7334 9670 93 85261
2940 9039 72 68807
6125 9002 85 79315
7216 6039 75 65449
6422 7046 81 70318
6447 8128 76 74044
2437 3002 99 50849
8644 8949 66 77827
6340 9851 92 85193
8123 8364 69 74944
6066 9779 73 78203
8003 4473 54 54508
9504 8093 86 81519
8905 8785 99 88450
9375 7672 67 74651
8360 6085 76 69775
7153 4941 19 44605
9599 7705 97 83357
9942 7324 61 73065
9458 7667 70 75758
7011 8056 81 74766
1965 3911 47 38510
6621 6373 70 63746
6855 8582 93 80389
6038 8035 77 72601
7406 8992 100 85857
9963 2128 77 57255
8236 8811 99 86816
7753 8159 92 79843
6208 7540 64 67081
9532 6458 76 71743
5899 8285 56 66625
9934 8365 60 76778
6256 9885 71 78023
6386 6187 81 66994
8535 9610 62 79909
372 7301 85 61386
6572 6945 76 69513
8152 8520 86 80737
7259 8002 68 72165
7429 7099 95 77560
8260 9908 71 83009
9084 9437 79 83796
9144 8573 100 87065
8874 6976 94 79157
7663 6276 100 74502
4227 9060 17 54893
8732 8946 91 85920
9761 8004 83 81816
8087 9641 92 87178
8410 6827 79 73705
4203 1487 48 34668
7042 8613 60 71328
9663 8661 74 81878
8488 7075 95 79600
9375 9404 83 86170
4645 840 12 20465
8586 9612 78 84260
7785 9601 99 89584
9047 7671 95 81640
6625 9138 64 73675
5594 5849 71 61196
7812 7744 69 71459
6913 9078 63 74420
9809 8170 66 76983
8142 8277 97 82614
2175 2701 85 45396
7734 8921 77 78534
8831 7867 94 82166
8171 7111 96 79006
7658 7062 83 74354
8719 8666 13 60815
9673 6028 64 67228
8942 8214 66 75273
8150 6564 85 73627
6940 6083 61 62265
973 2765 44 30993
7682 7789 66 70900
6281 6375 86 67906
9620 9928 61 82603
6653 6153 92 71325
9830 7285 25 61683
6084 9502 90 81208
8777 8851 69 79651
7923 9080 100 86198
9332 9919 61 81400
2659 1496 28 24361
8013 8147 72 75952
6434 9937 87 83425
6607 9945 75 80018
6857 7351 77 70684
1458 136 91 36636
9088 9688 61 80717
6048 9714 79 78855
8349 8940 75 79207
6311 7825 100 78095
3708 2561 70 42727
6232 7389 90 73300
9227 7189 96 80211
8055 6623 85 73339
8847 7658 93 81092
6164 29 23 24430
6659 6621 67 63944
7742 8708 100 85850
8062 8845 95 85266
7484 7226 61 67318
1223 6608 44 46441
6615 8437 93 80105
6198 8322 69 70918
7991 6223 89 72052
6967 6123 71 64467
5834 6584 3 43860
8450 8457 79 80006
7845 8850 91 83526
6813 7648 74 71717
7241 7117 80 71713
3441 4836 30 40315
8311 7550 73 74106
7084 9461 84 83101
9766 9141 82 85867
9008 7592 91 81507
7469 9202 20 63170
8994 7358 80 76232
6691 9361 81 79915
8318 8658 74 78970
9055 9763 90 88204
9576 1976 17 37311
6107 8985 94 80874
8375 9041 89 85275
7115 9205 60 74827
8072 7511 94 78483
8059 6378 33 56983
8292 9348 98 88544
7555 6032 88 69982
7897 8910 92 84371
9215 8897 73 81731
2067 9411 60 65665
8553 8864 63 77096
7818 8511 94 83015
7317 9766 98 87298
6828 7033 77 69443
4856 1173 56 35706
9043 7369 92 79682
8513 6115 99 75907
7759 7278 85 74435
8590 9437 83 83999
8670 4317 11 42728
6071 6142 70 62311
7786 6947 82 73251
8816 8521 75 79441
6584 6974 71 68198
3930 8837 98 77516
9449 6500 61 68748
9436 7631 72 75278
6240 9019 86 79837
9724 9727 78 86535
5607 3263 52 45152
6082 7973 72 71442
9097 9577 78 84697
7005 7679 76 73125
7156 8868 92 83345
6897 6867 31 55438
7356 6641 73 68855
7488 8580 86 79173
9183 8430 73 79884
7574 9749 86 83983
3708 8331 19 52070
7181 6666 90 72415
6589 6731 65 64659
9198 9525 87 87639
6867 7664 99 79762
4352 9375 88 77731
7187 7785 80 75380
6322 7586 90 75946
7565 8615 60 72982
6629 9963 60 76468
3028 639 58 30146
8965 9629 79 86097
8175 9775 65 79287
9821 6711 90 78095
7341 6025 64 63591
1672 6149 98 63340
6331 9678 67 76220
6545 8424 79 74614
8124 7005 61 67599
7908 7308 100 80878
4658 8337 98 77629
6697 9907 86 84088
7446 7061 99 77299
9554 9922 90 91003
8258 7881 65 72285
8737 1819 51 44624
8225 8444 86 81865
9230 6924 76 73257
6626 7688 93 76672
6861 7170 82 72695
7925 9613 98 88691
7089 7762 91 76678
7485 7696 99 81260
7368 7187 76 70985
6900 8438 75 74351
7909 6663 86 73665
8916 9122 60 76770
9876 8930 68 80560
9761 8315 77 81839
8642 8707 83 82822
8446 5350 90 70676
6078 9434 88 82278
6529 7214 77 70308
7688 7053 79 71990
6811 6243 66 63968
9883 1441 97 60611
8504 6202 92 74872
6523 8341 83 77242
6548 6224 80 67558
6864 8173 91 78756
2989 8565 80 69566
6231 9740 92 83651
7673 6215 71 66674
6824 9038 94 82072
9261 9625 95 91174
6988 6480 25 53355
7761 6900 94 76656
7833 6532 81 71621
8307 7511 67 72227
7422 9780 83 83866
38 5140 55 42254
6644 8127 77 74160
6363 6446 83 69110
9109 8712 98 86533
7213 6930 82 72353
3999 6960 45 54524
8169 6310 88 72109
7164 8183 98 81880
9740 7207 89 80076
8997 8868 76 80772
7289 4312 56 53643
6942 7701 93 76767
7648 8902 92 83162
8400 6117 76 69811
8944 8935 83 83865
5911 9228 57 70345
7018 9057 86 80138
6234 7698 100 78164
6257 9574 78 79794
6486 7827 90 75469
3919 7861 70 65195
7492 9106 66 76804
9981 9615 64 82464
6218 8205 75 72723
7676 6261 95 74604
7951 9274 13 60920
7500 9687 82 83347
6071 6804 85 69421
7259 8911 71 76933
9936 8904 78 84661
7697 1257 6 28201
9519 9404 95 89608
9684 7799 96 85178
8953 7613 100 82992
6913 9182 71 77655
3169 4002 36 37785
7405 7290 87 74199
6394 7947 97 78551
7927 8287 98 83286
8076 9829 63 80286
4124 2380 48 36654
8429 6250 89 73140
9379 8116 93 84931
8197 8747 100 86320
8782 7346 73 74177
6874 7955 69 70732
6698 9733 98 87000
6111 8761 83 76852
8955 7064 96 80864
6704 7010 72 68271
1384 4014 95 51673
7505 9784 69 79808
6617 9287 98 85128
9605 6087 69 68806
7007 6097 94 72437
3187 2203 98 49431
8309 6356 83 71855
7673 6947 80 71542
7612 8899 91 82580
7938 7946 72 74665
6244 7835 29 58129
6778 7342 94 75125
7009 8475 68 73148
6289 9033 74 76696
8538 7427 75 74753
4591 5700 17 42904
6314 8606 66 71244
8455 6703 77 71348
8626 8363 92 83649
6017 7243 74 67569
6355 5959 28 49032
6054 6585 71 65122
9756 8661 76 81172
9717 7792 98 84926
9009 6250 80 71818
4660 6642 68 60627
8386 6450 86 73193
6203 9611 77 78989
8696 8356 89 82958
8123 9520 76 82291
2107 8774 65 62828
8842 9776 99 91672
7433 7143 88 74101
9769 6221 62 68859
8494 7543 63 71667
2676 3938 74 48236
9000 6342 71 69539
6833 7409 67 68589
7873 6399 93 75040
9167 9005 82 83536
6941 7101 27 55606
8152 6908 74 70843
7954 7904 70 72912
8807 8748 87 83859
6126 6407 83 68001
312 1369 27 19799
7556 6268 93 73617
9563 8204 93 85312
9963 9356 85 87574
9713 7324 74 75219
5046 8181 46 61447
6430 8778 86 78548
6267 7694 96 76754
8615 7527 94 81009
7458 9507 82 82814
123 4861 83 49510
9765 9576 89 89951
7311 9648 86 84532
9956 8760 78 82606
9874 8600 77 82099
8798 6212 93 75199
9821 7691 92 82376
9032 8877 97 86976
6153 8636 99 82139
9177 6446 98 79427
1936 3047 35 32381
9684 6249 89 75830
6371 6628 94 72219
8367 7393 90 79160
6302 7002 85 71328
1630 976 26 19350
7013 6812 83 71149
9549 7610 95 82844
6248 7538 99 77046
9584 9388 88 88038
5866 7166 14 50372
6646 7501 79 72703
8781 9133 72 80139
9522 7387 81 77864
9791 8259 95 85636
9568 1472 14 33952
8758 6097 60 64544
8587 7453 69 71822
8921 9361 97 89834
7775 8708 91 82912
8025 9872 57 77555
6003 8263 71 70709
9273 8459 92 85955
6240 8330 67 70761
7441 9735 69 78787
9341 1509 75 52033
7668 6776 98 77616
7558 8504 78 78078
6800 8605 96 81742
9178 8852 67 78849
1333 4520 73 46833
9951 8872 71 81573
8037 8005 91 79775
7940 9804 62 79102
7714 9348 85 83806
6807 9930 47 71637
9821 8707 83 83841
6661 8648 91 79401
7040 9252 84 81881
7613 8555 93 82061
7694 4609 13 42544
8988 7142 93 80334
9458 6429 84 74144
7347 7211 69 69238
7352 7792 67 71414
762 4113 27 31978
6070 6590 88 69908
9672 9882 95 91891
8315 8007 92 81419
8766 8447 63 75103
1034 832 42 22045
7036 9296 66 75589
7725 6708 99 77948
8348 8559 83 80098
7406 6499 98 75990
5101 2771 42 39031
7821 6440 88 73067
9410 6392 70 70028
9810 9962 100 94905
8636 8306 94 83508
9627 7326 97 81862
8692 9921 86 87805
9963 9341 67 82937
7045 6736 62 64226
6409 7638 63 67173
344 1711 93 41306
9729 8911 70 80560
8179 8479 78 77925
9336 9812 86 87934
9235 7027 76 75331
9940 6069 4 50837
9470 9955 98 93171
9738 8820 76 83412
8686 9642 83 85316
7750 9677 96 88464
3882 8427 70 68312
9774 6089 91 76709
7720 7872 95 79499
6437 6869 73 67663
9013 9144 78 82130
2296 7232 31 48028
6048 7773 79 72042
6718 7067 83 71574
9602 9434 71 83886
9265 7837 95 83308
6794 4404 93 64210
6110 8850 60 71028
9691 7720 76 78051
6743 8987 61 72752
8319 8072 85 79713
2706 2592 2 21939
6458 7477 75 70388
7154 7390 96 77030
9881 8153 100 87297
8012 9363 74 79938
3789 5716 51 50281
7753 9003 80 79708
6961 7061 90 74583
6705 9712 85 82983
8592 8548 71 78668
4071 5116 57 50363
6979 8700 76 75657
9978 7188 68 74301
6824 6994 72 68333
9391 6324 74 71517
1493 6702 85 59481
6944 9250 70 77877
9958 6433 84 75992
7281 9789 70 80483
6879 8964 71 75883
9832 2861 71 56444
6533 9083 97 82784
6229 8735 76 75303
8859 9908 67 82694
7152 6831 93 75354
1034 7705 18 42318
8174 8894 84 81462
9863 8960 69 81411
8595 6114 72 68735
8597 8622 86 82376
4104 9986 40 65496
8251 8999 75 79982
9105 8024 81 78673
8360 6565 74 69862
7877 9415 86 84704
5791 1339 86 48308
6932 8628 73 75681
8425 8929 70 78790
6238 9142 97 84113
7536 8026 64 71249
380 4472 65 43449
7980 6074 61 64013
8037 7522 82 75748
7121 8504 65 73329
9110 9260 85 86626
6453 3828 29 41562
9980 6748 89 78541
8138 6774 76 72071
7412 9743 78 82841
8838 8602 77 79291
417 5191 22 33870
8305 9397 99 89639
8239 9949 89 88354
6997 9596 87 82582
7055 7487 84 74699
9902 9588 78 86124
9435 9599 66 82398
6494 6113 81 65871
7719 8653 60 73251
8404 8308 93 82829
1109 8346 42 54139
8966 9424 69 81711
9234 7376 82 77879
8841 8028 82 78951
7116 7575 85 74850
8372 7928 98 82323
7011 7309 93 75455
7173 7684 84 74701
7904 7570 69 72468
9841 7896 60 74778
1893 1670 59 33777
9701 6033 65 67850
8512 6529 94 76655
8191 8231 85 80798
8739 6507 62 66966
8128 1912 49 44528
7038 8212 81 76347
7885 6224 74 67828
7969 8602 77 77908
8235 8678 82 80316
3330 2407 78 45652
7842 9147 82 82640
7615 9094 99 85491
8031 8885 76 78541
8564 7052 86 75630
2301 6489 91 61981
7957 6344 80 69553
6072 6223 94 69691
6887 8308 89 78669
9882 6014 61 67149
8619 2405 85 57225
9245 7221 77 76159
6164 7896 95 77374
8030 8965 87 83881
6941 8423 81 76463
5923 857 86 46807
6298 8583 62 70051
7057 9525 93 84945
6257 7773 67 68273
9874 7196 86 79257
3933 8152 91 72220
8225 8573 81 79053
8639 6004 70 66835
9442 8632 78 81763
6117 7020 72 66598
8756 5698 37 55561
8239 6554 95 76356
7359 8481 98 82666
6281 9640 84 80722
7570 6052 61 62063
2010 7348 65 57414
7911 8677 64 74759
7631 8851 89 81541
6002 8455 67 71873
6153 6617 92 71281
9521 7273 14 57435
8378 9127 80 82913
8930 7866 71 76018
8752 6410 77 70861
7378 6744 62 64531
206 1166 60 28346
7102 8512 97 83199
9101 9394 90 87393
6205 6456 68 63095
9975 6127 96 78088
6489 9982 94 85138
8602 6072 80 70511
9282 7428 91 81355
6621 6298 80 68344
7675 6057 86 69493
8097 9265 49 73912
9613 8418 78 80882
9215 9215 75 82659
9441 8764 83 84125
9025 8672 85 82391
4783 1583 62 40121
6819 8696 79 77373
9315 8725 71 80549
7171 9412 73 77922
6746 8292 73 73857
183 3362 59 35723
8377 9304 76 81523
9179 9605 81 85432
6919 6233 99 72598
8424 7821 83 77370
4543 9376 66 72253
9217 6998 74 73863
6579 8748 90 80334
8400 9494 64 79739
8689 9015 62 77159
4451 4556 36 43798
7845 6069 83 70426
7910 9669 96 88378
9369 8640 97 88131
8118 9872 70 80811
3743 5841 58 53036
7253 8783 60 72196
7943 6976 89 75327
7168 6543 89 72279
7824 6371 91 73821
1610 5483 34 40326
7151 8850 83 79272
9751 8442 98 87991
9148 9272 73 83174
9214 7326 78 75372
4289 6523 38 50590
6000 8031 76 71961
9758 8595 93 86607
7510 8843 65 75218
9942 7617 96 84509
4207 3947 86 55457
9695 6320 93 78035
9044 9629 88 87680
9885 8268 73 80302
7096 6534 80 69789
1732 8600 28 51470
9394 8969 95 87796
7144 8208 64 70380
8438 6419 97 76345
9964 8938 94 87992
8437 8069 56 71719
6197 7741 95 76846
8134 7033 61 67805
9375 9027 64 78605
7052 9582 74 80580
8383 9886 66 81898
8016 9718 85 84616
7718 6093 98 73881
9219 9286 96 89050
9946 6965 70 73034
4282 8879 64 67740
9242 9537 64 81138
7885 6764 97 77836
8505 7983 93 82762
8578 7137 82 75545
1364 9172 77 68381
8668 9914 77 85076
9655 7947 75 78498
9677 6818 84 76059
9831 9041 67 81634
241 8122 35 49269
7396 6081 91 71449
8772 7869 77 76541
6493 7998 89 76123
8234 6351 65 65726
5164 869 6 21368
8693 6949 88 76381
9540 7040 96 81620
8185 9767 60 79170
6730 9398 77 79608
4314 4869 79 57743
6377 8562 100 81440
7236 6560 97 75600
8016 8236 71 76085
8030 7458 82 76481
2561 8646 6 46374
8706 6133 67 67418
8622 8088 100 85330
6760 9348 87 82815
9129 8161 67 76568
2935 5318 2 33085
9957 6229 94 77730
9235 6860 71 72937
9638 9035 91 88170
8765 6022 91 72944
9708 8477 69 79902
9077 6355 96 77841
9341 8598 79 81318
6651 8880 82 77916
6021 7716 71 68381
974 3331 86 45723
8689 9748 69 82441
9081 9033 82 83257
6973 7625 74 71878
9563 9252 96 90130
6054 79 8 20104
6140 8812 78 76704
7815 7562 85 77362
6277 9629 95 84779
7939 6438 68 66571
698 8717 98 70793
6609 7025 90 73216
8498 6456 78 70899
7305 7296 100 78682
8476 9002 96 86934
4673 1656 36 31201
8021 6192 69 66881
7870 8865 65 74973
7001 6088 68 64682
8420 7368 68 72345
8008 3972 99 66875
8168 7590 72 73549
9491 8478 87 83483
7022 8328 80 77355
7080 7510 99 78671
7264 5422 29 49099
9474 6596 76 73271
7722 9205 99 87369
8814 7366 83 77244
7855 8341 77 78026
204 4523 79 47787
8906 8882 88 84791
7079 7076 97 76773
7856 7887 100 83241
7429 7014 93 76734
9949 4408 74 65110
6110 6281 71 64289
7574 6177 79 68399
7498 8160 73 74628
9902 7232 86 79952
906 5639 90 55888
9120 8999 71 80335
7928 7091 66 69157
9867 7263 85 79211
8277 6720 67 68771
555 299 40 18447
7728 7346 76 73263
8273 6464 75 69064
8286 9262 79 83107
9058 7857 82 79398
5626 6835 44 56603
6334 9030 71 74779
8379 6019 68 66713
6820 7452 79 71873
8418 9476 99 89252
9136 1371 47 43212
6760 9624 87 82843
8602 9501 90 86297
6533 7409 61 66065
8307 7999 73 74958
6194 943 51 35697
7333 8182 64 72172
8930 6037 98 76461
6450 6903 85 71006
8526 9666 75 83139
5110 7658 98 74559
7787 6629 96 76122
8369 7947 77 76481
7136 7456 64 67953
7310 6217 68 64477
3457 5612 86 59779
9875 6244 75 72271
8474 9825 86 86334
7556 8421 91 81095
8737 8610 93 85652
5572 4150 79 56331
8801 6045 70 67936
9114 9410 86 86997
8376 7728 90 79469
6379 6255 88 68662
8371 6090 67 66703
8177 6694 90 74631
7354 6510 95 74841
7147 9986 93 87082
8445 6777 65 68026
3090 2240 99 49716
8651 7812 69 73703
9895 6171 94 77919
7189 6261 95 73014
8754 7596 70 72953
6802 8891 43 66232
6245 6646 95 72520
7573 7246 76 72220
7276 8088 76 73969
8916 7211 86 76752
8563 8948 76 81363
6863 7448 76 71728
7017 7569 72 69920
6655 9025 94 83192
7799 6577 66 66221
5053 6273 77 63737
6598 8458 75 74079
8731 9989 97 91140
8215 8493 87 82247
6801 7558 96 77666
3905 1771 94 48755
9517 6448 96 78033
8025 7688 100 81172
9052 6934 82 74912
7880 9409 74 81182
911 5788 24 37649
8123 6178 100 75341
7891 8517 93 81766
8728 7407 71 73804
9876 9593 91 91006
3393 5966 91 63921
6901 8646 72 74532
9777 6658 81 76425
9721 6150 80 72771
8467 6019 90 72691
8861 9647 51 77199
6081 7873 92 76557
7473 8586 96 82710
8256 6599 98 76650
9912 7288 92 81912
9322 4652 70 63199
8726 8583 99 87297
9178 9447 91 87956
6780 7825 88 75646
7554 9253 81 81249
9437 5211 43 58486
9864 6995 74 74775
7841 7848 61 71050
9725 6468 68 70975
6931 6147 64 63520
9491 2020 32 40837
7694 6547 93 74819
8216 6421 87 72898
9072 6834 91 77869
7352 8837 88 82024
8043 8265 30 63519
9138 6455 68 69176
8460 6288 98 76706
7928 8654 75 77993
8926 6236 94 76576
8848 3240 4 36214
9459 9116 63 80021
9123 9650 87 87516
6958 7739 77 72327
6595 7419 70 68037
5554 4269 4 34466
6990 9293 94 84370
8780 9884 72 84358
6778 7350 85 73247
7361 7293 100 77917
3149 5850 0 33986
7755 6094 70 65555
7471 7812 65 71368
6795 7988 91 78416
7073 7474 60 68020
3923 7237 12 44395
8338 6414 69 68080
6464 6330 96 72139
8696 7195 99 81832
8527 9983 69 83340
9578 8573 67 77719
6330 8116 63 69336
7139 8752 71 75731
6045 7301 79 69411
6340 7056 90 73263
4907 620 84 43456
8532 7143 90 76984
6394 6452 89 71227
6478 6970 64 65130
8365 7727 100 82204
60 7039 23 40728
6658 9971 96 87291
8827 9711 89 87706
7521 7936 82 75860
7168 6644 98 74563
8074 3792 93 63690
9265 6872 86 77460
8371 7301 98 80278
7721 8049 85 78956
6505 7598 86 73269
4368 1209 28 27966
9615 7873 92 84157
8894 7090 74 73692
9268 9195 87 86501
6422 9009 68 73963
6275 7249 47 59778
6730 9991 91 86596
9184 6776 71 71714
6992 9454 94 84372
7054 6841 87 73517
9658 1125 82 52754
6661 9186 80 78229
9289 9655 71 82984
9726 8517 83 83794
8423 8031 88 80386
4209 1176 10 21678
9571 8206 80 80533
6214 9269 70 76445
7609 7899 82 75570
9153 6186 93 75677
6246 4781 91 64139
8351 8466 61 74163
7578 7126 66 69321
7527 7138 85 74654
7506 8920 97 83876
4977 4611 65 53387
8046 9904 90 87360
8653 8632 72 77818
9527 8007 60 74072
9090 9321 72 81517
7988 3862 75 58449
9528 8942 79 83206
8507 9230 74 80549
8122 9926 92 88913
6344 9865 79 81379
3001 2276 7 22534
6217 8141 88 76299
7097 7184 87 73924
8285 6924 85 75201
9692 9000 66 80592
4672 2784 48 40487
6649 8169 98 80273
7891 8819 78 79864
9773 9530 90 90210
6923 7680 63 67988
9107 1414 16 33681
6444 9387 61 72929
7041 8738 84 79784
9486 7880 92 83039
6286 7151 63 64807
8284 2650 44 44398
9031 6045 87 74178
6324 6810 70 66474
9911 8054 70 78974
9345 9391 72 83572
460 2720 36 27491
6861 7350 85 72822
6384 9026 65 73810
9186 8716 99 87706
9406 6228 97 77629
8015 2713 49 46671
7102 9898 79 81697
7937 9280 95 87127
7736 6306 68 66767
7426 9602 76 81036
3601 6940 18 46190
7824 6055 87 71251
9645 8024 75 78802
8897 9247 87 86083
7751 6370 79 69009
1935 3760 81 47939
7509 6213 77 67250
8234 9564 65 79725
7222 9697 72 80075
8840 8651 94 85432
8751 6659 40 61531
7554 7555 95 78185
8912 6779 87 75638
8607 6266 83 71672
8901 8598 93 85552
4682 1287 42 31454
8417 6922 93 78207
7639 8130 88 78623
6963 8733 97 83325
8851 9564 64 80160
9275 393 88 51028
9328 7067 88 78584
6687 9151 98 84330
8606 9593 85 86035
7284 6447 70 65556
5508 6108 11 44701
7304 8689 67 74267
8321 8903 95 86262
8727 7970 71 75073
8414 6068 73 67864
6439 3263 82 55028
6879 7080 63 66714
9391 9423 67 81258
7867 6467 65 65885
7085 7104 93 74848
2115 4051 44 38205
8267 7345 61 70208
6804 6996 62 64342
6903 8339 76 74785
6603 8588 79 76941
4429 9628 91 79580
8922 6111 73 68286
8131 9267 69 79528
7607 8059 98 81334
6808 7023 79 69991
4588 417 49 29557
8728 6071 97 76431
7959 6855 68 69648
8572 7060 67 70510
8976 7840 93 82791
9126 7152 43 65189
6338 7383 93 74917
8415 7342 94 80190
9098 6215 62 66919
9474 8183 84 82360
3124 6254 95 64415
9530 8684 64 78590
6246 6338 60 60975
8074 9604 90 85841
9021 8504 65 76066
9691 9671 33 72192
7689 7877 69 72793
6567 6835 85 70463
6594 6646 72 66641
7821 8851 77 78634
6729 8044 78 74681
6551 6420 62 61724
6360 6126 93 70073
8123 8763 88 83651
8530 8021 71 76018
4996 6196 58 58151
6440 6856 87 71060
6754 6733 62 64487
6446 7433 65 66330
8887 9170 98 89067
4007 6139 36 49307
8961 6517 87 74837
7963 8540 86 80299
6561 8187 94 79727
7782 7568 68 70608
9979 2129 19 39118
6368 7881 79 72827
6293 7123 93 73158
7831 7520 77 73806
8581 6271 81 72174
7852 1973 25 37071
9143 7949 85 80807
9702 8619 98 89138
7834 7423 99 80261
6318 7745 95 76855
1796 7225 93 64434
8781 6449 95 76701
9687 7511 87 79849
8263 6694 78 72612
8252 6335 79 70279
6739 9473 88 83151
7311 6161 85 69494
6581 7490 78 72095
7143 6282 68 65017
8020 9441 100 88702
9348 7799 29 63025
8344 9095 97 86411
6148 7156 94 74309
9522 9589 69 82563
8427 7869 60 71883
4768 7352 39 55089
9555 8854 90 87314
8341 9532 65 79003
8739 6013 71 67891
9427 6633 92 78178
9894 2497 15 38469
7331 7525 77 73183
9685 6377 97 79739
6807 9958 65 77966
9954 9205 90 89463
552 214 55 23873
8838 7993 65 74499
9191 6803 78 74393
8775 7796 61 72915
9976 6340 64 69199
1662 6793 32 45071
8794 8724 60 75398
8145 8043 91 81021
7199 6181 74 65400
6299 8582 61 70887
4564 8910 7 52343
6786 7497 83 72487
6736 6731 71 66993
6553 9845 87 83070
7997 9551 76 81236
2858 7296 32 50079
9726 6797 76 74759
7641 8390 97 82902
6918 8540 93 81704
8532 6951 94 77249
8642 5369 92 70428
6199 8513 75 73386
9412 6821 80 74230
8523 6719 89 75632
6294 7392 99 77431
8884 5299 91 71189
7006 9939 94 86604
6432 6763 68 66259
8282 8948 100 87273
8541 9077 97 86751
4728 9289 88 78060
7538 6251 92 72031
8392 7848 77 75758
6855 7582 91 77274
7235 6186 84 68715
8780 466 53 39542
7560 8113 97 82586
7846 7940 97 81430
9055 6028 94 74768
8072 9987 68 80576
4342 2034 36 32978
7039 8216 89 79153
7042 8849 85 80971
8870 9540 74 83120
8376 8451 76 78663
6854 6058 68 63401
9676 6418 99 79397
9799 8852 86 86126
8223 7900 69 74510
6292 9271 93 81644
960 9075 99 73917
7846 6979 100 79273
8540 7254 89 78461
7954 7637 69 71486
8871 8930 81 83552
4699 9156 20 56572
9884 9004 86 85843
9551 8657 84 83393
9987 6922 90 79639
7044 7552 98 79431
8498 6587 67 67687
6580 7229 67 66272
7087 7232 63 66826
6534 6009 82 65735
8021 9699 67 80189
3239 5352 61 51459
7358 7417 97 79224
7838 9046 92 83539
7478 6620 86 71293
6309 8594 61 69726
1806 2870 24 26443
8801 9929 75 84881
8247 6661 64 67431
8266 8319 86 81159
9918 6946 64 70924
4527 2573 8 26232
7765 6886 91 74465
9746 9890 74 85904
6582 7201 64 65367
6036 8924 81 77763
4875 3319 54 44502
6531 7864 75 72433
7124 6524 90 71756
8136 9703 60 77557
9692 9903 62 82898
1642 6262 10 35501
8411 8076 93 81724
8364 8132 93 81702
8861 8098 88 82248
8725 9365 76 82096
6491 3468 25 40012
8084 6469 84 72353
9266 7483 89 79454
9369 9816 62 81008
6320 7961 70 71243
8327 1742 58 46129
8066 9542 88 85850
6648 8191 67 71564
8154 6784 80 72219
6441 6126 79 66057
8861 4491 41 52741
7785 6078 99 73924
9705 6513 76 73560
7384 9220 69 76633
8077 6286 86 71587
5599 3437 37 40202
7659 7155 85 74862
9708 6740 84 76555
6933 7118 89 74588
6267 7380 63 65098
7201 6853 89 74463
9271 9315 69 80525
6286 8491 64 71538
9449 6647 81 75126
6497 7501 66 67477
4997 2022 57 39239
9249 8563 96 85881
6227 8335 88 77327
7906 7748 85 77507
6613 8985 69 75657
3477 9251 81 73809
8835 9821 96 90810
7276 7147 78 70594
7162 7799 73 71567
6882 6392 70 64590
4940 8071 23 53803
7171 6384 62 63746
9296 7413 91 80334
8027 8813 94 85335
9298 6164 75 70344
2786 5567 38 44944
6652 9813 94 85675
7926 6600 93 75393
6462 9306 74 76740
8069 7564 68 71371
3142 1208 55 33563
8550 9001 94 87155
7830 8993 94 84634
8508 6649 77 72191
8787 7064 65 70092
1690 6606 3 36665
7619 9638 68 78959
6305 8752 65 71968
7964 8447 90 80785
7662 6651 65 65947
9757 1354 47 44575
6162 8445 86 76553
9178 8401 84 81554
6887 7922 76 73768
8071 9258 86 83656
3872 4648 4 33298
9820 8197 84 82000
7559 8057 84 78006
9666 8223 81 81241
7466 8699 99 83761
8251 4382 37 50518
7412 6175 80 68072
6015 7092 64 64066
7173 9308 89 82886
7179 8405 74 75070
1351 2919 89 45146
8713 6657 82 73416
9773 8706 84 84150
9150 6358 75 70475
9164 9107 87 86597
624 2923 90 44221
8536 6279 67 67674
8647 8506 86 82289
8116 7573 95 80733
8477 9550 72 82037
6917 9861 71 80109
8634 9063 78 82136
8761 6782 73 71143
9308 6858 62 69634
6022 8799 98 81074
9866 905 27 37164
9055 9918 67 82140
7540 6802 67 68081
6920 6129 73 64490
6345 7506 68 68955
4656 9397 75 73728
9027 8680 84 82530
8379 9412 74 82324
9829 8608 85 85009
7108 6185 93 71780
1182 704 96 38899
9174 9695 84 87222
9090 9153 71 80666
8670 8494 67 75861
9749 8002 93 84060
7253 5614 65 61154
7539 9356 94 86340
6447 9048 99 83849
6092 8548 86 78129
6728 8931 68 74981
8181 5395 96 71657
8887 8155 94 84591
9966 6323 62 69468
6637 8657 68 72688
9459 6990 83 77258
2142 8382 31 51680
7774 9153 98 87445
7001 6866 79 70574
8852 7478 75 75035
6271 6246 67 62666
278 6166 43 43600
8283 9070 67 77805
6202 6861 84 69722
8159 6389 74 70056
9767 9824 71 84631
5872 9360 68 74222
9734 7646 62 73537
9248 9271 84 86556
9896 6200 63 69370
6161 9206 87 80331
9610 8059 15 60049
8482 7728 88 78521
7566 9932 74 81245
8879 9494 80 84522
7529 7706 83 75890
3811 4318 24 37531
9309 8761 94 87565
6504 7897 100 78994
9117 6823 78 73079
8430 8855 77 80435
963 7407 16 41342
7267 9743 72 79943
6279 9595 87 81933
9597 7069 73 75039
9045 8579 76 80620
7133 147 19 26258
6954 6451 62 63197
8942 7455 68 73971
8748 8645 94 86098
7277 6148 95 72345
7181 9462 94 85250
7611 6941 86 74071
6419 8586 60 69621
8835 9509 98 89249
6976 8835 73 75631
8296 8526 32 65913
6088 6153 69 61941
8487 8157 63 72570
6722 7509 100 78369
6358 8675 90 80381
5180 1078 98 48730
8557 7117 95 79585
9983 8574 64 78344
7958 8855 69 76811
8897 9986 75 85422
5012 1566 29 29702
7513 9879 94 88345
8934 9638 84 87467
8925 6456 83 74190
7516 8588 69 75471
3790 8280 0 46496
6079 7610 90 74350
9216 9186 99 89505
7638 6225 83 69186
6799 8050 86 76400
3185 6360 72 58984
7621 6539 67 65819
6654 8563 72 73495
7721 8217 85 77963
7197 9961 96 88436
3542 3228 36 35280
6770 6533 78 68116
6065 6321 97 71137
7298 7512 79 73272
7687 9134 93 84367
7985 8451 80 78651
8604 8975 89 84436
6597 6293 82 67796
8742 9093 97 88901
6366 9991 83 83228
9814 3945 23 46380
9749 7804 72 77944
6596 7668 100 79007
8362 7427 90 78651
7404 6196 72 67039
7603 8850 12 58263
7717 8520 79 78374
9037 6720 65 68470
9326 6328 88 74516
8229 9486 65 79022
5496 3340 78 53515
9353 8782 71 81034
6352 7802 67 69852
9709 6498 60 69249
9456 9120 97 90377
4255 632 14 20628
8738 7689 66 72144
8232 8965 97 85573
8860 6147 65 66431
7122 6044 69 64676
7053 884 97 51381
8382 7085 75 73327
6820 8741 98 82732
7796 8473 85 79751
9102 8114 73 77090
6045 8099 95 77558
7772 9950 92 88409
9277 9760 64 80847
8616 6251 69 68150
9228 7068 87 77353
3921 1090 87 42790
8840 7461 62 70801
9946 8786 82 84288
6418 9721 73 78852
7302 8010 75 74150
3686 8540 69 68077
6210 6166 85 67476
8740 6327 69 69042
9018 9870 93 90833
8757 7714 65 73503
7884 6942 54 64873
9920 9486 71 83419
7476 9896 88 86225
7009 6035 97 73228
6610 8066 91 77073
2253 3787 99 54060
7188 8204 86 78399
8679 9640 67 80442
7174 9423 95 85323
6376 9218 97 83233
9511 5114 21 49893
8934 8863 67 79041
9885 9862 92 90976
7281 9973 60 76827
8998 9416 63 79909
6281 2280 88 53590
7108 9779 79 81250
9852 8006 90 83633
9938 7963 81 80169
6661 9872 67 78868
7600 2401 48 44054
7644 9160 89 83542
8385 7499 78 75420
9504 7306 91 79532
7016 6790 77 68840
7716 5021 10 43183
7519 6113 92 72679
9733 7420 74 77068
8896 7063 99 80727
7989 8904 77 80447
1941 1935 24 23693
9514 8911 94 88199
8791 9381 79 84543
8151 6324 66 65441
7980 7043 98 77951
1213 9687 11 49824
6046 7596 74 70404
8062 7066 78 71900
7169 6753 79 69462
9714 7872 80 80389
185 3087 18 22306
6349 7183 85 71686
6235 9563 67 75307
9971 7562 81 79339
9691 7425 95 83030
4037 2793 98 54505
7580 8943 70 77323
7375 9888 79 83642
6034 8507 86 76180
9811 8699 96 87941
4764 7379 21 49573
7602 8312 81 78053
6535 9511 96 84791
8764 9634 84 85324
7713 6474 68 67226
2083 9840 76 70330
7185 6806 71 67631
6021 6903 65 64186
9562 7988 86 81765
9312 6415 98 79211
1877 4101 79 49322
9850 7383 74 77343
6401 9137 80 77983
7090 7324 86 74527
6603 6898 62 63434
785 9894 65 65351
6856 8124 82 74972
6324 7619 75 69627
7189 7940 78 73786
8723 6429 97 77195
4309 9149 63 68712
7875 9188 85 83987
9679 7884 67 76213
9087 7538 94 81891
7867 7895 97 82408
7899 6888 72 70601
6073 9179 82 78151
8600 8512 75 79581
7873 9136 89 84153
6387 8910 86 79366
9146 4065 44 52702
9117 8244 98 86273
9531 9428 91 90062
7353 6541 66 65932
6031 7293 87 73277
3062 2861 41 34698
8141 9907 65 80687
6264 6604 69 64074
7035 9842 88 84136
7712 7193 94 77172
3916 1642 39 30348
7856 9743 91 87806
7856 7121 74 71134
6587 6176 82 68061
7488 7126 90 74751
8207 3002 49 48435
7179 9479 99 87518
6166 8669 89 77916
8064 6227 87 72316
7301 7970 74 72689
442 9486 76 67156
7976 7591 62 69462
7678 6350 96 75024
7153 8406 83 78105
9070 9690 88 88351
4573 3909 78 54088
8442 8572 86 81969
7410 6632 69 66437
8571 7379 99 81845
8048 9507 60 76882
6694 3240 76 53647
9088 7378 74 74145
7809 7205 71 71492
9956 7847 65 75700
7069 9367 89 82811
6772 3000 21 36020
7182 8281 79 76214
6349 9767 92 85202
9092 7833 84 79523
6626 8592 91 79259
4965 9932 26 63165
7799 8333 66 74704
7928 8940 72 78099
7950 8322 77 77767
6930 9831 82 83519
2039 2064 54 33301
6911 9241 91 82573
7120 9691 95 87005
9915 6909 73 75308
7943 8649 69 75896
3400 7242 51 55484
6685 9912 82 82761
6321 7867 63 68442
9938 6227 94 77157
6331 8275 95 79191
5791 8759 98 81338
9484 7545 80 78608
8731 9206 79 82942
7543 6055 68 63827
9124 7621 77 76067
599 6225 73 52606
6966 9885 66 78530
6479 9609 74 77984
9078 9756 95 89816
8591 6452 98 77585
2053 7218 84 63688
6115 8781 81 76038
6117 6756 86 70775
7404 9250 90 83782
8229 6054 90 72191
8975 4164 47 54290
6806 9528 95 84963
9699 9351 74 84857
7562 8525 73 76526
9745 9902 87 89629
1118 5697 85 56384
7272 6580 69 67393
9346 9139 95 88732
8995 9761 77 85383
9356 8375 94 86220
8932 852 25 34262
7232 7146 90 75796
7659 9913 79 83047
9671 7661 83 79840
9911 8050 66 77564
9430 1381 67 48886
6669 7308 60 65914
6232 9212 74 77367
8680 7460 76 74563
7677 8959 74 78130
2570 3677 67 44638
9087 7707 80 78900
9630 9293 94 89331
7475 8470 73 76587
8524 8606 69 77925
329 4778 60 42904
9153 8189 93 83602
9970 6229 92 77024
6285 7033 78 69240
7539 9968 99 89393
1456 7079 14 40353
9862 6053 81 72324
9963 7649 63 73748
6672 7838 70 70956
9440 9526 100 91830
3639 1761 45 32970
7271 9465 99 86448
8851 9320 98 89069
6405 6194 89 68535
8425 9367 83 84080
4875 3120 46 40786
8524 8282 61 73200
6855 8379 85 78290
8163 8082 75 76322
7532 9879 93 87383
5371 8269 4 50410
7394 9253 73 79495
9855 8973 85 86011
8479 8122 79 78915
6983 8804 66 74585
6 5507 82 52563
6197 9572 85 81121
6291 9227 83 80031
7444 9548 94 86598
6839 8830 68 74896
9182 9344 11 63394
9853 9076 68 80628
8020 8716 96 85004
8803 6377 69 68489
6590 9384 67 75536
5531 8022 75 70517
9181 8358 72 78983
6114 7476 99 76954
6762 6503 65 64556
9425 8422 91 85390
1951 9468 98 77166
6613 7504 87 74248
8389 9418 94 87486
9525 6476 69 70168
9039 6724 95 78524
2240 4808 43 41510
7763 7560 66 70655
9095 7705 91 80894
9303 6152 89 74309
6390 7156 66 65874
7893 6343 19 51995
8224 8091 79 77316
6500 8373 72 73078
8140 9666 89 87231
6867 8649 88 79656
8113 6394 30 55534
9801 6278 72 71729
6709 7978 67 70502
7816 8908 89 83714
6548 6341 96 72515
2188 4181 90 52800
8643 6921 66 70161
6535 8180 62 69947
9854 9514 98 91289
9296 6727 80 73777
4613 7796 76 68981
7414 9271 74 78841
7357 7846 93 79380
6811 9411 90 83280
7334 8951 88 81650
5127 5253 75 58455
7213 7086 65 66524
8631 9390 81 83674
7359 7541 68 70597
6767 8669 87 79730
1726 1938 98 44706
7806 7159 96 78883
8723 7390 61 69852
8073 6402 78 69262
8993 9936 86 88794
3760 9430 31 60413
7637 6145 69 66451
8194 8381 79 79579
7404 8644 99 83431
6626 9380 71 76761
2922 3680 61 44730
8096 7983 68 74029
7731 7216 71 69878
7765 7831 87 78566
8271 7858 91 80422
2121 2499 86 45555
8759 9536 71 81659
6405 6445 67 64460
7269 7712 66 70164
9595 9790 99 93679
9035 1927 96 60119
8788 8691 96 86913
6992 9674 76 80634
7774 6489 92 73324
7572 8670 86 81260
9126 5757 3 46744
7729 7619 63 70240
9769 8332 63 77248
6346 6190 60 59828
7790 9376 67 78164
693 7734 84 62090
7524 8343 98 82425
7462 8152 98 81277
8114 8916 72 78258
7699 7753 88 76811
5710 6183 97 70859
7839 8913 91 83815
8287 8303 85 79329
8045 6950 77 72443
9767 6598 64 70035
412 6707 46 45996
7613 9617 97 88084
7680 6248 87 71330
6983 6897 89 73497
9444 9087 90 86862
1329 3959 6 24700
9189 9609 73 84210
9563 8646 92 85766
6958 8858 92 81114
6519 7039 62 65611
3908 4015 33 38872
6274 9840 79 81074
7899 8853 75 79367
7728 9931 96 89613
7288 8647 72 76613
7225 1284 25 31357
8656 7288 98 81127
6913 9024 84 79667
8277 7902 96 81851
9216 8478 99 86282
3700 8803 12 50984
7934 6386 68 66768
7605 8892 99 85444
7390 8327 97 82293
9327 8299 89 82770
2137 6699 13 40078
7868 9418 70 79199
8800 9222 93 88305
9287 6135 83 72123
8620 7699 87 78937
9233 4014 41 52550
6363 7387 91 75184
9742 6665 81 74979
6899 6777 89 72343
6556 9141 86 81341
5798 9016 40 64006
7569 9219 84 82614
9517 6573 87 75918
7961 7107 72 71683
7975 8292 84 78396
442 8834 48 55088
7480 8680 96 84258
8409 6256 97 75126
7028 8985 63 73511
7756 9078 66 76975
5301 3489 95 58366
8378 8018 79 78312
8288 6361 79 69835
9128 9374 60 79131
9698 9726 85 89645
6124 9667 100 85896
8560 9965 71 84140
6823 6103 69 63271
8940 6644 88 76275
8359 7498 94 79965
9278 2148 6 33218
6008 6947 86 69832
9877 8947 78 84723
7154 9206 92 84605
9472 6536 89 77097
2545 4432 36 38748
9379 9177 85 85053
7581 7700 89 76760
7876 7653 66 70797
8763 9049 88 85938
4047 3484 34 36820
9881 6378 66 69936
6399 6033 85 66536
9112 9444 81 84648
6106 7861 75 71217
6147 8530 10 55128
8914 6852 84 74712
9655 7313 63 73121
6076 8429 69 71173
7644 9378 67 76938
6151 9404 50 70172
6281 9064 61 72072
6208 8767 65 71186
9399 9373 66 80647
6614 9795 79 80592
8049 8099 74 75270
9054 9558 73 82793
9278 7534 69 74859
8493 7092 100 80866
7221 9419 60 74929
5682 6509 98 71921
7563 8578 75 76872
8541 9023 65 78540
6082 6410 94 71337
9828 7476 96 83444
6933 5550 19 46650
8519 6875 83 73628
6399 6209 63 61524
8829 7990 81 78376
6295 6807 91 71373
7294 5871 54 60268
6945 6358 98 74095
6817 9461 78 79647
9870 8444 86 84509
8274 6730 80 72117
8134 7675 55 67730
7549 9756 84 83482
8584 8471 80 80620
8294 9143 79 81627
8410 8070 79 76814
3735 197 8 15110
7055 8508 68 74203
8150 8481 100 86103
9623 6350 91 76163
8696 9940 72 83354
8627 8148 11 58393
8476 9910 100 92105
8106 7364 69 71959
9056 9048 87 85621
6233 9209 97 83806
7298 6827 93 74449
6680 7320 79 71407
6395 9269 71 75568
7797 6971 60 66086
6566 9914 88 84163
9720 1724 20 37576
6727 9975 87 85011
8907 6631 68 69128
8239 8840 71 79094
6295 6860 84 70823
6069 6030 78 65038
9328 7828 100 85540
7436 8947 78 79242
9878 6362 78 73440
6586 6618 83 69980
9613 9862 61 81319
8403 8249 86 80998
8555 6495 98 76747
7541 7814 69 72306
6897 8933 70 75106
2702 8213 3 44914
9406 7648 77 77458
8091 7044 77 72921
9474 8219 95 85708
8145 9892 94 88688
9011 6504 15 53630
7383 8278 76 75138
9537 8130 89 83853
8369 7635 89 78097
8126 6545 61 66693
1189 1873 53 29904
6059 6359 82 67786
7952 7457 86 77376
6882 7819 84 75082
6699 7491 99 78666
3976 9762 98 80891
7686 7764 60 69363
9437 8903 74 81522
6564 7252 67 66763
8839 6909 95 79414
7296 3744 27 42462
7634 8350 95 82222
6378 6907 91 71909
7744 6077 84 70819
9459 9500 97 90277
3094 2627 25 30189
8327 8501 89 82661
9271 8924 67 80127
6343 9672 86 81433
9098 7744 91 80692
7585 4734 96 67280
7256 7457 67 68842
8376 9822 76 83818
9640 8352 84 82413
9949 9268 99 92234
766 610 25 16769
8892 9725 96 89648
8428 6061 71 66740
6077 9218 71 75788
8651 6518 79 72738
6688 3143 37 41446
9572 6141 87 75401
9172 7979 81 79360
6991 8470 68 72404
9237 8303 83 80913
9397 6161 60 66129
8891 9893 88 88305
8893 6113 83 72277
6318 8623 94 80602
7261 7258 69 70190
8033 5932 87 71233
9522 8007 98 85081
6008 8343 74 72438
9951 7928 62 75703
9826 9815 73 85261
1313 1842 64 34106
9368 7159 92 80468
9105 6237 74 69694
9977 6508 80 75806
7127 6991 66 66398
6756 5152 16 43588
6976 8779 98 83673
7417 9017 79 79592
9803 8908 89 86401
6345 9090 63 72874
5835 8103 42 60746
9706 7605 63 74119
9232 9522 76 83448
7660 6994 96 77755
8867 6659 79 73611
9473 2389 75 56710
7858 6166 88 70781
7810 8274 93 81795
8344 6183 77 70268
7073 9373 66 76099
394 565 36 18767
9408 7757 98 84854
9730 6381 60 68120
7059 8486 91 79742
8289 6937 95 78577
3498 4970 36 42595
8886 8433 76 80175
7625 9789 62 77405
9870 9231 68 82568
7171 6783 79 70636
3101 331 11 16607
9672 9285 79 84649
8437 7428 80 75926
9771 9923 99 93514
9387 9989 63 81919
5329 7154 55 60407
8330 7874 81 77655
8960 6494 74 70989
9107 6267 93 75260
7838 7114 95 77767
8023 1735 54 43519
8601 8206 83 80157
7894 6848 97 76899
8295 8605 92 82912
7083 9384 67 77635
5707 4316 10 35744
8956 6882 84 75449
9712 6304 96 77987
9967 7683 78 79767
6749 9199 64 74874
6408 8084 59 67686
7234 9151 68 76497
6601 6579 67 65463
9406 7006 73 74036
9414 6009 73 69228
5463 6005 0 40055
9957 8070 69 77852
9728 6722 66 70645
6092 9756 81 81268
7889 6149 84 70598
4802 8996 40 62717
8382 7203 90 76683
9622 8392 72 80183
8916 7509 68 73869
7511 7336 100 79907
8195 3003 46 48172
6373 9994 60 75459
9079 6993 97 79911
8403 8569 94 84609
9298 9003 78 83839
5917 9638 51 69796
7193 8580 86 79623
8313 7551 87 78666
9194 7064 78 74876
9805 9838 92 90932
1791 7471 9 41693
7850 8747 85 80501
6105 9514 73 76599
6206 9315 96 84328
9504 8262 67 77468
317 4412 13 26775
9287 6674 81 75035
6789 6989 78 69431
7574 9505 91 85223
9916 9019 83 85303
750 3814 9 23527
7656 8649 89 81909
6826 7012 60 65607
6461 6855 96 73619
6636 8108 96 78569
9477 7604 36 64772
9019 7941 64 73991
6854 6167 95 72553
9152 7416 69 73374
6861 8967 60 73408
7700 1972 12 32863
8871 6246 80 71504
9443 7543 69 75140
9789 7731 72 77102
7295 7059 86 73167
689 2456 66 36581
8832 9591 75 82777
6373 6585 72 64779
8207 9428 90 86521
8332 8530 78 78449
4181 1523 46 33984
6687 6331 74 66561
7792 8862 97 85616
8689 7252 66 71047
8115 9333 75 80110
1465 5796 96 59053
8594 8866 69 77844
6018 8864 92 79197
8448 8532 86 80890
6268 6171 74 63871
6441 9226 98 84168
6106 7778 61 67164
9532 8948 82 84694
8889 8882 89 85470
7481 6833 98 77562
5301 6762 40 54705
7976 7130 93 77312
8343 7015 79 73738
8038 8571 70 76834
6089 7423 70 67839
4618 5572 97 65157
6588 7215 90 74202
9573 9848 90 89961
6997 9602 89 83447
9278 6709 86 76850
1681 356 58 27182
8669 9221 93 87212
8060 8724 94 85086
8571 7299 80 74614
7956 8846 84 81791
8859 9622 14 64679
7697 9300 75 79909
8776 9273 85 84201
7379 8615 68 75456
6184 6450 66 63011
3859 3542 81 51194
8831 6226 60 65495
8015 9051 63 76615
9195 7356 86 78850
7070 7204 80 72646
5667 5506 92 65113
7653 6384 62 64054
7447 6586 62 65307
7806 6656 85 73120
8330 9425 63 77601
4488 6834 28 49486
8410 9482 65 79720
8197 6333 98 76080
8673 7971 74 76496
6252 6389 61 61011
4971 5953 15 42275
8983 8904 60 76947
9494 9843 85 89235
8374 8059 91 81331
9405 7647 95 82463
761 2134 80 39319
6911 9544 87 84049
8786 8834 93 86660
9363 6414 62 67120
9395 6989 74 74174
7255 6175 29 52074
6616 8933 71 75629
9608 7900 70 77178
8521 6596 96 77767
7336 8938 86 82122
5509 8847 50 67285
6804 6221 83 69082
6302 6416 95 72197
8530 9779 72 82628
7505 9947 88 85517
9229 2461 67 52587
8049 6787 72 70220
7553 6446 85 72006
8088 6444 75 69917
7585 9698 68 79918
9958 7684 42 67619
6806 7490 83 73572
9330 6934 85 77575
8242 7570 74 73452
9000 7583 63 72332
7100 1114 61 42234
8071 7119 88 75556
9011 6843 89 77675
7676 6895 79 70884
6694 7898 64 69975
8231 1800 9 30574
7531 9147 78 80657
6004 9332 75 75870
9992 9115 75 84637
8715 8805 99 86481
5813 2991 70 49342
8842 7132 79 74103
6014 6927 95 72512
7690 7659 94 80143
8738 6188 95 75346
543 1234 78 34826
7054 8882 81 78765
8416 7336 70 72928
6543 6291 70 64162
9313 6715 77 72608
7544 5340 5 43527
7900 7855 92 79184
8809 7249 86 77551
7569 8222 63 72708
8055 6161 90 72649
508 6359 15 35304
8861 8650 92 84319
7835 6210 93 73412
8774 8312 94 84244
8510 8487 61 73715
8397 7594 68 72617
8903 6623 100 78919
9478 9928 80 88374
8678 9769 73 82415
8153 8127 90 81053
5227 8736 42 63614
9347 7475 60 71229
8315 9846 74 84030
9163 8674 96 86574
7751 7580 63 70281
7586 7980 22 58532
8297 7621 87 77219
9949 7642 98 85861
6583 7845 81 73103
7720 7736 94 79258
8297 3461 56 52473
8462 9929 95 90009
8832 6394 90 74495
8309 8963 81 81152
6116 9792 94 84816
9763 5903 97 77587
8942 7888 97 82978
9860 7248 84 78326
6483 7892 74 70884
8661 6337 73 69933
4658 2003 26 30651
9232 6330 77 72026
7614 7838 99 80566
6200 6655 86 70604
8323 7286 92 78297
3711 7146 72 62238
6172 9933 86 83463
6251 6216 60 61048
9428 6746 92 79419
6110 9519 96 83506
7181 6584 35 56764
9791 9127 66 81883
8736 6786 79 72745
9508 8172 92 84834
9994 7360 99 85011
3418 7759 95 71514
8270 7588 69 73334
8211 8568 94 83924
9323 6775 95 79005
7131 8767 96 83183
4851 9463 17 58114
9198 6499 93 77418
6454 6375 62 62534
9216 9963 67 83212
6606 8069 72 72294
3458 2531 45 35640
8186 8712 85 81167
9819 8724 83 83648
7543 9939 82 84109
6661 9832 64 77596
8677 8668 78 80991
7895 7991 95 80401
9559 8770 80 82311
7983 6817 99 78144
7704 6148 75 66945
1885 1493 15 18732
8624 7534 82 77361
6269 7027 96 74122
8913 8697 72 79465
6370 6558 90 70828
8429 7094 86 76425
6446 9339 96 83286
8155 8996 69 78909
8598 7119 85 75302
9115 6250 63 67313
3055 4002 86 53550
7551 6298 62 63969
9399 7287 60 70549
9408 7253 84 78562
9081 8702 84 82320
1864 6680 21 40857
7545 6646 84 72462
9278 8955 71 80562
7241 9359 94 85947
7586 8922 76 78650
107 4703 7 26294
6332 8723 65 72730
8683 9429 77 83354
6180 6094 62 60334
9119 9066 89 86978
1767 1910 12 19960
9055 9154 74 82453
8751 7677 91 81125
7756 6521 70 67001
9945 8806 99 89659
9331 3371 19 43555
6667 9075 60 71995
6305 6048 63 60611
7016 8404 84 78554
9475 6889 63 69548
1595 1386 97 43497
6447 7489 70 68020
6857 6287 82 69326
8927 8627 99 87663
8051 6931 78 71452
2564 5841 15 38556
6931 6427 77 67143
8671 6155 76 70037
9393 8587 81 81835
9465 6812 68 70896
8466 1868 53 44328
9956 8316 72 79300
9722 9982 85 90675
6978 9199 69 75814
9952 9318 78 85065
3587 4237 11 31733
8788 6459 64 67843
8968 8116 62 74285
9923 7125 67 74411
8465 9749 67 80937
9970 9247 25 69747
6594 8316 86 76703
8435 6640 95 76745
8304 6777 76 71189
8222 9430 64 79243
3521 1430 12 21101
6971 9868 81 82790
9322 9266 96 88628
7792 8949 83 81852
6096 9830 86 83300
7109 9107 96 84195
9850 8731 89 86262
8122 9578 99 89313
8104 6336 63 66114
9557 8276 79 81291
2691 8420 9 47446
9871 9721 72 84411
7485 7164 95 77153
9957 9301 78 84792
8844 9463 73 83426
2048 4085 75 47488
8303 8793 82 82249
7559 9095 87 82167
9543 7024 76 75709
9193 7421 97 81901
2693 8022 3 43640
7700 7733 71 73256
8579 7917 94 82145
6616 7225 71 68339
7147 9356 79 80227
7595 5693 97 71127
6605 7968 62 68196
9927 8433 72 79187
8423 8064 68 74238
9901 9315 99 91639
9763 2846 2 36776
7088 6233 60 62331
9778 8515 91 86144
7517 6196 96 73436
6493 8110 100 80942
9405 5252 53 61616
8917 9724 100 91723
9946 6334 81 74964
8592 6392 84 72805
9424 9982 71 85122
7075 7742 1 49736
7489 7675 94 78015
8498 7559 81 75737
8226 8555 72 77093
7964 9332 63 76186
8197 5001 7 44244
9428 8444 84 83341
6703 7290 90 73921
6087 9685 78 78812
8873 8168 89 81294
8933 537 16 30769
6612 6747 68 65862
8860 9308 65 79631
9703 9696 92 90443
8072 8553 71 76927
4295 3394 92 55615
8569 7441 70 73571
6594 8143 62 68436
7708 6015 61 62762
7828 8201 80 77280
9683 6451 7 52104
8130 9341 79 83152
7621 8495 68 75305
7628 6993 60 66130
7672 8807 78 79029
1043 5592 5 30760
8010 6999 69 69790
7875 8850 87 81848
8717 8724 98 85810
8554 7085 76 74127
9441 7023 66 71291
7232 9654 93 85905
6024 6073 99 70317
9068 9130 67 78876
7318 7013 81 72710
7354 4229 9 38662
7317 6567 95 74853
8056 8099 61 71851
7890 9789 96 88610
6690 6376 67 62994
6072 6276 96 70482
8698 6211 96 75433
6578 9452 73 78280
7859 6684 64 65656
9980 6409 94 78622
9900 2157 34 43354
9838 8863 67 80844
8999 8678 72 80113
9604 9471 60 81017
9343 9490 74 84631
3946 5703 85 61440
7347 9520 84 82418
7973 9378 96 86341
8606 7797 99 82917
9025 9347 77 83051
3491 9437 70 70403
7488 7550 75 72029
6462 9938 79 81958
7107 9548 81 81585
8494 6145 99 76569
7869 7881 80 75296
8048 8568 92 82587
7508 7325 91 76920
7675 8716 82 80692
7363 8252 72 75105
442 880 83 34401
7614 8324 78 77117
7689 8486 64 74232
8139 8124 88 80217
8535 9222 94 87751
4861 1027 83 43494
7610 8249 71 75220
6645 6954 95 74068
6188 9763 94 85020
6464 9137 80 78593
2999 7447 70 60930
9698 8677 63 77374
6246 9511 79 79224
6311 6969 83 70369
9122 6687 76 73780
3114 1750 68 37845
9359 7550 72 74624
7342 7153 91 75796
7034 7175 92 76027
7332 9280 89 82959
1151 1939 10 18461
9027 7192 78 75774
7993 8353 98 84457
7408 9969 72 81968
8007 7621 76 74057
4780 8552 1 48484
7400 7076 89 75658
6591 6326 66 63171
6059 6371 60 61277
7407 8948 71 77096
1260 265 66 27444
9873 9219 70 82885
8954 6996 75 72703
7373 7134 72 70652
6644 9133 97 84587
4104 3422 83 52285
7342 8575 81 79152
7804 7057 69 69118
7301 6493 77 69577
9305 7255 92 79250
632 3106 59 36139
9692 9598 62 81460
8087 8783 95 84434
7826 8754 95 83690
9196 9954 77 86771
1182 1479 5 14238
7555 8626 95 83668
9312 7909 79 78549
6139 9530 60 73690
6317 9274 90 81841
6183 2177 89 52518
9287 9219 75 82919
8854 6037 89 74217
6678 7715 90 75758
7365 8210 81 77332
1653 4135 55 40423
9453 6430 68 70536
6878 6275 76 66818
8257 8412 84 79447
8950 9631 98 91545
2523 3440 69 43962
8090 9479 84 84853
8713 7034 83 74861
6161 9253 93 82350
6777 7165 79 71796
5644 8422 43 63775
7010 7777 91 77166
9518 7793 87 80315
8870 7625 75 75607
8540 6682 98 77350
8899 4491 87 67171
9873 7312 67 73910
8068 7609 68 71552
8126 8481 65 73896
9873 7444 86 80161
7897 2962 34 43582
8980 7454 77 75582
9273 9458 86 86943
6386 9719 95 85816
9911 6608 99 80110
2715 5567 76 54992
9360 6769 75 72718
9352 7550 79 76762
6296 6449 93 70860
6436 9911 89 84451
6738 6407 95 73196
6116 7522 95 76526
6723 8512 69 72194
8614 8393 67 75921
7368 8810 94 83744
8368 2173 26 37975
9292 8641 67 77280
7951 9756 82 85396
7634 6763 78 69758
8276 9899 96 90237
2101 4107 7 28259
8444 9569 65 79695
7944 9942 96 88672
9058 9246 76 82288
7189 9361 81 80572
2 2204 89 39563
7598 8900 68 76551
6086 8531 93 79063
9655 9485 62 81631
7818 8615 96 84203
4996 8095 96 75242
8221 9423 66 79818
7235 8126 90 78504
9159 6507 70 69375
9972 9457 80 86640
6994 4097 91 61778
6714 8803 76 76677
9186 9509 82 85576
9604 6642 100 80266
9312 6586 84 75276
1458 6947 79 59279
6477 8178 73 73003
8489 8915 97 87163
6792 7045 61 64652
8029 8463 60 73648
9053 5218 78 67947
7681 7988 61 71307
7288 8654 71 75567
9413 6050 88 74189
6770 7798 100 80702
4959 6623 42 54083
8781 8891 87 84213
8797 9627 70 82667
6725 9841 74 80620
8794 7942 87 80084
1148 6287 88 59249
7686 8092 88 79637
8684 8737 94 85458
6824 7370 61 67296
9319 6265 89 75202
991 829 69 30571
8819 8643 77 79632
6353 9516 86 81901
8529 7115 95 78271
6129 7563 93 75336
3921 5045 46 47468
9154 6223 85 73894
6584 8911 76 77009
6989 9487 98 85615
8469 8073 88 80032
3809 2164 71 42330
6647 7856 61 68153
6087 8301 89 76532
9499 6345 90 76238
6995 9968 92 86058
4696 1913 82 47286
6006 7405 68 67545
7742 6427 99 76736
6145 7610 98 76761
9328 6305 99 79009
8747 557 24 31243
9568 7933 87 82028
6873 7698 88 76898
7631 9487 86 83559
8976 7693 89 79823
374 3159 1 18786
6416 6304 71 64768
6870 7755 90 76556
6956 6031 84 68364
9133 7432 75 75321
227 4439 72 43873
6200 7162 65 64808
6428 6442 84 67921
7287 9957 68 79112
7954 7691 82 77073
8237 6085 67 65471
6908 7340 70 69001
8175 7243 83 75507
8348 9317 82 82880
9727 8091 62 75230
3783 2658 91 50008
7929 9781 87 86607
9857 6062 60 67219
9702 8526 92 85530
9302 6541 89 77367
6297 3493 6 32510
9046 8481 68 77070
7379 8621 74 77216
9075 6288 70 68464
6823 7668 75 72496
181 9843 63 63439
8366 9455 100 90464
7297 9131 95 84552
7811 7698 86 77442
8326 7275 90 77309
1372 3420 60 39567
7478 6972 66 67519
9669 6540 84 76567
7744 9850 70 81261
9266 9958 86 89595
5870 6716 43 57142
6212 8957 64 73074
7538 7462 88 76406
6854 6616 90 72578
7266 6893 68 67919
4944 9343 30 60939
8600 7715 95 81326
8816 8719 97 86745
7720 8788 88 82556
7512 7315 75 71596
3426 8283 32 53804
9194 9680 79 85128
8825 6350 79 72162
6793 8192 64 69793
9909 8846 90 86305
7400 40 64 39175
7749 8671 89 82808
9549 9899 83 88881
7659 6397 62 63592
6178 6429 89 69286
6964 5279 79 62932
7323 8972 71 76986
7458 8691 69 76329
6244 6943 88 71745
7467 9638 85 83161
8402 9123 47 73382
9957 8623 73 81070
6045 8457 100 80363
8226 6901 93 77352
7986 6535 85 73298
6388 3963 84 59659
7076 7397 73 70256
6660 7271 66 67760
8904 9119 60 77435
6894 8229 66 71571
7412 1079 70 44325
7818 8391 64 73928
7763 8269 61 71015
9050 9836 83 86742
6164 9188 68 73754
6194 4754 76 58805
9382 8254 81 80857
9026 8177 76 77653
8141 8776 66 76555
6849 7411 82 72311
7603 6397 15 51122
9417 7442 80 78138
7146 8348 63 71261
6385 6111 93 69150
8256 9181 68 77874
5245 1697 60 40778
6644 6470 63 62595
8273 7211 66 70792
6943 9951 64 77001
6424 7394 77 70695
1233 1204 88 39420
8923 9596 95 89064
9602 7978 83 81129
8252 9916 94 89635
7025 8020 65 71571
4812 4959 96 63826
9028 8370 87 83549
7850 7841 84 76554
7667 6498 90 73414
9868 6899 61 70328
3137 5541 81 56760
8196 8668 72 77274
7901 7560 79 74907
6379 7595 82 72700
9403 9081 65 79442
5407 4200 18 38867
7929 7904 88 79297
9471 9634 81 86163
7386 8704 73 75529
7742 9328 62 77375
4921 1802 50 37636
6309 7663 83 73791
9124 7720 93 81319
6230 7151 71 67628
7380 8789 68 74866
3015 5013 29 39773
6879 9121 83 79438
9581 9986 98 92525
7077 6518 64 63709
6117 8955 86 78553
5919 9309 99 83300
7128 9341 88 82409
6624 6611 75 67184
9288 6757 76 72809
6060 9001 69 73078
9688 5097 71 66222
6672 8850 81 78519
7947 6531 86 72521
7775 6828 80 71368
6413 7885 88 75184
4712 6030 34 49723
9231 8995 70 80473
6627 7739 79 72569
9032 9443 97 90869
7011 9951 64 77053
4016 1657 82 44623
7319 6820 81 71676
6830 6662 62 63554
7451 8676 87 80458
7935 8435 88 80213
762 6777 58 50465
9204 9060 97 88770
7451 6242 98 74571
6893 8850 88 80365
6908 7961 63 68649
8331 1763 19 33837
9388 7747 76 77694
6883 7167 87 73302
7691 8410 64 74032
6722 6543 86 70757
2631 2886 92 50361
7586 6659 90 73296
6158 7932 71 69970
7418 9865 72 80676
7132 7176 66 68172
7056 9423 74 78394
8758 9771 67 81667
8336 8690 98 85809
6041 7498 92 74392
9577 6419 94 78885
3838 7634 1 43896
8339 6179 96 74960
7544 9586 62 77862
6307 7604 72 69469
7126 8509 98 81820
5433 789 64 39155
7519 6695 100 77268
9961 8653 69 79407
7569 9079 73 79328
7661 8942 74 77796
1559 7672 76 62432
8846 9989 90 89702
9741 8018 76 80100
9169 9546 84 87674
7860 8211 85 80024
4631 7598 100 74521
9992 8009 96 86388
6052 6894 83 68946
8931 7263 71 73780
6625 6496 78 67997
3276 2005 6 21093
9935 7105 98 82264
7353 8155 91 80317
9011 7032 83 75654
9468 6947 86 77226
8277 4901 99 71075
7815 8699 71 76687
8793 9756 65 81550
8756 8106 65 75327
9405 9589 66 81611
9940 7705 12 58878
6516 8376 93 79828
8020 7443 73 71957
6754 7979 71 72398
6461 9636 66 75954
4932 1189 10 22949
9696 9085 64 80137
7802 7249 66 69312
9826 8977 62 79994
6452 6692 94 72425
1047 1319 38 22993
9591 9670 76 84977
9373 9151 84 85256
6325 7960 76 71491
7957 7837 83 78139
4814 254 54 32318
9266 9304 82 86042
8992 7016 82 75765
9109 9652 83 86771
7621 7646 88 76368
8545 9859 48 75549
6172 6523 98 72377
6010 6774 80 67191
8423 7639 93 80170
8067 7213 95 78662
6843 2681 84 55480
6338 7680 92 76896
9084 9274 98 89461
8894 8971 99 87714
8673 7070 91 78220
3831 86 14 17305
6099 8112 71 70195
9121 9706 73 84076
9518 7915 82 80073
8976 6398 60 67257
7929 6560 91 75287
8176 7166 63 68872
7880 9135 93 86193
6201 6185 73 64207
6619 6095 78 66730
6318 6890 92 72468
9537 9283 76 83319
6827 6553 81 69783
8075 6002 67 64686
7538 8238 83 77239
342 141 84 30700
6051 8567 83 76714
7020 8450 69 72591
8160 8733 86 81481
8649 9956 73 84656
9952 991 80 53255
8862 9329 64 80130
6110 6383 62 61602
8868 7386 61 70006
9420 7034 96 80127
172 5164 99 55917
8228 8452 81 79734
7663 6119 99 74775
8806 8475 66 76458
9972 7967 86 81732
9094 3140 43 49300
8415 8828 77 80264
8956 7666 84 78673
8059 6937 74 71026
7774 6049 83 68874
3492 2844 38 34690
8831 8140 77 77864
7485 8514 65 72632
7889 8206 92 81711
7327 8625 68 73837
9092 5244 68 65507
6692 7973 79 73139
7924 6735 88 73964
9236 8991 71 80297
8498 8390 83 79620
9454 2126 8 35543
7965 9692 74 81513
8648 9768 62 80736
6136 9052 69 73450
6408 9168 63 73252
3133 4011 56 44758
6166 9938 76 80527
7335 9699 63 76644
7126 8017 82 75758
6431 6393 100 72767
7026 5480 39 52224
6527 9837 86 83657
9489 6747 71 72803
7155 6708 91 73477
6385 6541 95 72365
5916 5335 22 44039
7407 7257 84 74604
8672 7547 94 81346
8578 8808 76 80366
9349 9492 80 86170
8443 1621 72 50936
8110 8386 86 79686
6626 8766 100 83222
6807 6665 74 66815
9466 7059 74 75117
53 2486 44 27530
7931 8223 76 76101
6880 9856 77 80424
9224 6223 92 75597
7149 7388 99 78828
8768 527 39 35622
6294 7526 72 68912
8504 8106 67 73851
6211 6578 61 61064
7373 8680 94 81982
7239 5028 22 46739
6311 8354 74 73985
6702 8882 69 74512
8610 7282 66 71151
8138 7613 96 81072
7044 7041 12 50719
6476 6287 66 63864
6320 7451 89 73762
7459 9629 82 82737
9363 8644 91 85707
1075 2502 8 19302
7289 9850 65 79064
6743 8855 98 82446
9865 8362 61 77127
9757 9673 67 83979
1350 9020 33 52969
8146 6872 80 72354
8472 6568 71 69689
7350 8334 91 80532
8219 9370 95 87077
7396 7722 84 76201
8927 7575 94 80540
7864 7100 68 69052
6738 9545 98 85492
6997 6679 77 69588
1519 1491 92 41838
8682 6693 91 76719
9379 8348 98 86508
7541 7410 68 69388
9543 7746 94 83715
2290 256 80 34530
8853 7264 62 70678
7241 8307 71 74746
8926 6781 92 78032
6730 8041 81 74844
5865 8724 23 58105
7339 9505 87 83044
8097 7553 60 70070
7391 8433 77 75674
7977 7968 76 75843
3553 23 21 18342
6923 7568 62 67197
9249 7199 65 71009
9636 9204 97 90254
9440 7641 77 77788
9360 8421 14 62101
9423 9078 100 89804
7328 6465 96 74778
6356 7190 72 67139
9300 7637 100 83895
8009 3086 92 61299
8205 8739 62 75789
9423 6971 69 73314
6264 8483 86 78001
9938 8885 83 85141
5310 9976 47 68640
9175 7135 92 79246
8425 9682 96 88758
8573 7086 66 69369
9120 8112 90 83668
8325 3327 20 40714
9150 6041 99 77672
8677 7503 95 81520
9460 7375 96 81303
8954 6941 66 69913
196 5067 25 33609
6690 9452 83 81017
6433 9908 90 85417
6875 8573 76 76411
6360 9438 100 86038
414 7898 57 55283
8170 9752 78 83218
9921 8707 81 84773
8998 8004 64 73639
7418 9378 97 85793
5012 7061 40 55484
9181 8566 79 81231
7367 8388 90 80968
6083 8435 79 74079
6937 6662 73 66944
7580 6583 83 71817
7879 8339 79 78665
8618 7706 73 75553
7582 8840 69 75272
7724 6577 61 65427
7997 9727 76 82923
8426 7578 88 78864
8480 6250 67 66959
8919 6313 61 66310
8929 6489 89 76018
5795 1427 20 27964
9584 8033 68 77650
8644 9144 100 88821
8971 6769 61 68946
9955 9033 73 83023
7768 996 24 30898
9018 8966 88 84922
8144 8478 64 75147
9010 7764 93 81029
6469 6776 67 65887
9181 543 14 30150
7098 7318 60 65943
7409 8244 70 74732
8014 8609 99 85550
9189 7374 74 74412
5671 6022 8 43512
8020 7120 95 78620
7965 7995 60 70526
7702 9039 83 81272
8871 8078 83 80871
3582 6352 81 62334
7318 8906 95 83771
8727 6650 60 67550
8628 8878 94 85484
9917 6543 87 77399
4287 6270 80 61961
7800 7711 68 71055
9019 6571 64 68399
9240 7457 73 76122
7005 6617 74 66682
4404 1903 97 49811
7766 9716 91 85702
7026 9349 90 83651
6753 8457 97 80700
6665 8565 94 80778
3076 8839 66 66111
6113 8222 72 71457
9729 7839 62 73790
9467 8375 82 82947
8063 8832 93 83367
4338 2111 71 42591
9412 9274 70 82903
9686 6983 82 76064
6855 9176 77 78731
8132 7749 64 72000
4684 2234 95 51391
8825 6303 67 68522
9929 6040 76 71159
8579 9039 90 85522
9410 7158 65 72130
6870 291 32 29057
7702 7712 92 78860
6187 6938 70 65871
6067 6416 83 67725
9161 9599 67 82214
4185 2403 29 31779
7628 7462 81 74606
7323 6658 98 74821
6623 9598 99 85862
8360 6240 71 68029
4283 187 3 14308
8952 7870 99 83084
7027 9348 92 84673
6325 8310 80 73988
6110 9174 88 80739
3250 1916 73 41920
8148 8081 73 75018
9103 9434 97 89686
8786 8517 78 80949
8373 7610 98 82369
8172 2426 99 61700
6403 8788 79 77614
7125 8524 69 73606
6092 7260 80 70499
7086 8830 60 72869
3272 3838 17 32231
9498 6519 62 68775
9943 8403 61 76299
7558 6091 100 74301
6945 6704 60 64622
6270 2826 79 51883
8393 9752 96 89474
9163 7615 90 81280
7103 9898 78 82670
9236 6547 94 77219
5336 5923 79 64001
8189 9292 71 80528
9197 9102 94 88986
7992 9744 77 82753
9632 7220 67 72958
5016 5126 46 48343
7585 8229 78 76889
6009 6486 92 70117
7925 6538 94 74544
7452 9782 90 86629
837 9594 65 64538
7531 8412 83 78704
8375 6546 85 72547
7551 7033 81 72686
9336 7620 73 76419
688 3729 9 23266
6257 8079 87 75476
9962 9594 75 85218
7627 7821 98 80923
9856 6843 100 81684
5727 1041 81 45751
9485 6721 79 73627
9995 9257 69 82077
9813 8360 98 87494
6159 8555 86 76795
2751 7452 76 62442
8689 7477 69 73670
7134 7339 74 70374
8286 9031 97 87110
9601 7506 78 78453
2824 4845 9 33309
7611 7179 68 68411
9963 6057 87 75029
7289 6204 91 70823
9140 7726 71 75424
7851 3491 28 42227
9343 7466 97 83214
7181 6106 76 66772
7868 9504 100 88493
8958 8270 99 85697
2996 877 69 35230
6284 9333 72 76342
9694 6512 69 70226
9204 7278 87 79410
7299 6309 70 65065
1577 4664 89 54119
7248 7528 80 73955
9565 6923 64 71195
7102 7612 89 75787
9736 6243 91 76140
9801 9165 39 72724
8778 6719 98 79806
9387 6135 99 78866
6850 9626 83 82609
8805 9208 63 78700
8779 7893 55 70057
8684 6666 91 75440
6781 7331 96 77251
8780 8063 99 85175
9751 7248 68 73404
2555 1842 24 25414
8674 8432 80 80533
7417 6319 100 75612
9680 9541 80 86466
8777 8696 76 79201
5982 9931 52 72516
9562 9287 83 86556
7556 8859 99 86000
9021 6093 76 70570
6632 6709 85 70661
3399 1375 65 36673
7384 7038 79 71980
9623 8907 67 80530
8495 7545 67 71875
8915 6723 98 79817
3016 4089 28 36444
8939 6096 67 68278
6638 6935 78 70356
6778 9772 77 79895
9329 8642 63 77479
3794 1337 85 43260
9955 8480 98 87326
7317 7900 69 72361
9632 10000 83 88707
6802 8093 69 72664
9109 4837 33 51686
8230 8010 77 76736
8099 7218 76 72016
8336 8883 72 77806
8719 6531 67 69338
7470 5431 63 59914
9858 6379 74 73168
9546 6805 71 72140
8842 6091 68 66784
9993 8974 86 85708
7320 8407 23 60987
8779 8746 75 80859
9065 6863 77 74269
9471 7426 77 76622
6958 9019 90 82273
9988 36 34 35313
9676 9055 67 79887
9668 7771 86 81339
6300 8069 80 73762
8372 7948 65 72051
7788 5112 78 64632
8052 9529 86 85831
8730 7169 88 76981
9550 6854 78 74446
8863 8845 93 86960
7659 6452 26 54568
7360 9758 84 83302
9440 6537 95 78569
8717 9373 76 83708
9329 8814 70 79354
5173 11 27 22717
8106 8688 85 81740
8219 7472 73 73690
6869 7281 83 73475
6363 6942 95 74647
3446 7575 0 41884
9431 7361 92 81143
8193 9079 62 76821
6290 9076 72 75065
9925 8373 91 85249
1446 6061 58 49833
9779 8405 65 77570
8496 7360 64 71405
8152 7045 69 69506
6619 9901 72 80359
1196 1946 86 41331
9114 9088 75 82710
6216 8782 82 77311
8298 9134 60 76391
6813 8424 87 79196
7601 9611 67 78311
7420 7703 81 75667
8171 7850 67 72506
9528 8163 67 77388
9151 8992 66 78634
4732 6669 24 47459
8790 6902 83 75359
9669 9425 88 88287
8569 8010 64 72450
8209 7015 85 74425
444 8984 81 65751
6063 8264 65 70402
9613 7401 82 78436
9174 7447 66 73842
9504 6522 94 79249
821 2599 79 40182
9785 9084 77 84393
9553 7787 78 78814
6854 9558 70 78572
8878 9149 90 87133
2613 6491 73 57576
8730 8986 65 78223
9772 8815 81 84390
7082 9651 72 79513
9917 7290 68 75095
5219 4200 88 58309
6132 8828 90 79022
6091 8846 74 75441
8122 7526 95 79750
8578 7284 98 81601
2448 8888 3 45360
8288 6839 77 72223
7945 8743 73 77651
9163 6527 81 74545
7459 8718 88 80293
2928 6422 14 41685
9299 6185 66 67332
9205 6214 69 68521
6258 8760 87 78445
6477 9927 97 85868
882 296 58 26219
9444 6029 96 76573
6311 6302 60 60262
7803 8116 72 75531
6042 6441 99 72496
2112 3228 41 35224
7003 9829 73 79711
8760 8235 90 82612
6880 9402 67 77289
9085 8808 89 84971
7149 7843 39 63175
9317 6495 94 77892
7859 7905 60 69479
6637 7445 78 72142
6981 6433 63 63084
5222 5822 27 46077
6489 9261 99 85604
8235 9419 81 83639
9742 7458 75 75834
6926 9856 85 84073
4823 1286 35 30292
6922 8631 95 82396
8047 8904 100 87197
7880 6278 75 69303
9219 7463 94 80515
1903 9775 37 59147
6863 6629 82 69395
7922 9619 70 80282
9960 6570 73 72832
9926 8323 89 85775
2117 5975 13 37432
6742 6171 60 61283
6146 7817 77 72604
8231 8946 67 77519
6708 6069 98 71732
8738 3973 42 51859
6827 6661 83 71041
6709 6895 62 65217
6705 6625 78 67493
7853 8427 93 82008
4541 2518 2 25211
9208 9235 89 86568
7482 7877 94 80427
7045 8946 87 81462
7377 8289 68 74070
6826 5953 83 67838
6635 6649 95 72980
8509 9214 64 77766
7357 6864 94 74418
6973 6630 97 74496
2532 3472 72 45988
7991 8584 71 75672
8653 7127 96 79904
8703 9062 95 87258
7568 6140 100 75455
3136 4739 12 34342
9505 9430 79 84761
9044 7014 80 74556
9334 9429 62 80136
8393 6818 90 75338
3598 5510 64 54022
8924 6593 68 69687
8555 7894 90 80218
6733 6848 65 66014
8331 7344 78 73539
6807 3235 71 52834
7395 6936 83 71546
9691 8233 95 84874
8400 9107 73 80677
9804 8115 93 85357
2552 4159 51 41481
7648 8806 75 77358
8987 9354 98 90658
8622 6491 78 70644
8375 9220 71 80703
1268 8837 75 64872
8909 9507 97 90294
7584 9402 79 81171
8137 6969 89 74944
7351 9222 86 82137
7459 7590 78 74224
9602 9361 77 84837
8122 7464 60 68645
9287 9133 90 87615
8400 7024 95 79044
5855 1970 38 35014
6910 9322 86 82408
6032 7493 71 68523
9218 7051 91 78796
9384 6939 100 81446
2946 4404 33 39013
8364 9722 74 81876
6368 9952 96 86275
9174 7964 94 83425
6237 8217 66 70716
7808 7295 30 59333
9604 6463 62 68214
9810 8807 69 79583
6683 6105 71 64120
8364 7230 72 71930
9231 6030 45 61555
8603 7083 70 71435
8394 7619 86 78860
9526 8768 90 87048
9846 6111 71 69727
7751 8697 94 84258
6295 8920 79 77701
6587 6825 95 74821
6465 8588 75 75755
6383 7261 77 70858
3598 1550 8 20644
6216 8824 100 83346
9820 6676 84 77493
6608 9402 86 81502
6095 6787 91 71173
1086 758 77 32703
7607 7901 72 72701
7166 8815 72 76070
7746 8192 77 76560
9472 9763 88 90208
6178 1129 50 36648
7455 7471 97 78115
8601 6756 73 71217
8659 6446 64 67401
6597 6956 66 66271
4661 6747 66 61883
7254 7399 79 72039
6568 8040 100 79328
7309 8481 77 77232
6444 8624 61 70292
8656 7804 36 65075
8034 8811 70 77199
9311 7960 97 84864
7178 9910 76 82146
9934 7538 94 82839
5115 5317 47 49858
6580 8417 83 77385
6042 8681 64 70032
8867 8709 78 80218
6558 9203 99 85133
4396 9677 31 62480
7513 7206 88 75575
8581 9204 68 78625
9097 9478 60 78202
7773 6074 79 68777
9942 1388 42 43397
8082 9323 99 87514
9730 8553 91 85114
7458 6052 70 64376
8464 6378 84 72052
7621 9846 36 69791
9737 6749 79 74533
8161 7386 62 69562
6597 9696 65 77160
7772 7358 84 74399
3934 7027 85 65854
7391 9294 70 78223
6338 8737 90 80321
8764 8812 73 79999
9153 6331 78 72121
6690 5712 26 48375
7320 8159 94 79911
9793 8636 61 76758
9913 7686 97 84161
8315 8818 88 83017
9661 2491 22 41331
7864 6417 91 74286
6605 9726 99 85992
8306 6372 71 69143
9469 6483 74 72529
9297 4308 41 54042
8961 8673 98 87664
9407 9787 63 82841
6376 6776 63 63089
8903 6189 83 71690
8665 1788 15 33416
9286 7020 91 79013
9401 7877 98 84107
9499 8181 62 75742
9007 8575 66 76333
7798 9565 96 87643
9819 7956 87 82103
9252 8909 99 89194
9699 7253 71 74601
6558 9584 79 79893
6616 2992 0 29273
6667 6044 67 62151
9487 9261 62 80334
9210 8105 80 79087
7383 9646 60 76834
6809 6561 94 72129
9685 7705 70 77161
7412 7046 95 75880
6004 8594 70 72141
7306 6563 83 71289
3683 1616 83 44557
7336 6210 93 72461
8869 6949 94 79252
8883 9853 69 83448
8000 6039 74 66959
6097 6811 33 53388
9416 9566 100 91322
7553 9107 94 85153
7154 6861 84 72676
9680 8764 92 87985
9253 4719 32 51278
8287 7035 80 74538
9033 9249 63 79801
6397 8122 85 75095
8804 7208 77 74637
1680 9091 48 58576
9760 7583 73 75917
9744 8539 71 80154
7878 6461 98 75419
8727 7740 62 71878
2290 5075 49 45126
9734 8021 97 86480
7473 7174 100 78721
7744 7329 87 76097
7888 9763 60 78534
828 8791 61 59918
6725 8623 66 72481
6117 8723 61 69911
7851 8306 75 75794
8408 6377 80 71136
5353 7055 19 50245
8597 8496 72 77598
9621 9984 94 91774
9797 8076 86 82921
7206 9760 69 78821
3503 3154 71 45945
9972 7317 80 78836
6861 7040 67 66679
6547 6406 74 65175
9683 9388 95 90932
8736 9263 82 83939
6441 9168 82 79902
6151 8423 86 76521
9139 9550 87 88382
8956 6792 70 71993
743 796 96 38360
8563 9916 62 80510
6499 9133 81 78265
7589 8729 73 76692
7841 6883 79 71015
8134 5917 22 50991
9743 7682 86 81711
9466 6222 73 70907
7230 7874 89 77732
8122 8987 83 82553
2206 5638 52 48498
9724 6137 76 71199
6173 9302 100 84484
6692 6941 77 68960
7432 8587 86 79302
5587 6295 15 45547
8353 9239 78 81806
8348 9796 70 81851
9050 9785 62 80648
6978 7481 94 76269
1038 6942 80 59153
8011 6236 68 66320
6014 7568 73 69203
7149 7538 98 78412
8493 7068 73 71780
5315 7429 48 59886
9372 6045 94 75419
6476 8276 60 69263
7948 9274 65 77025
7054 7704 64 68471
1072 6290 85 57625
6971 9617 73 79883
9763 8519 60 76108
9199 6817 83 76292
6816 6067 66 62923
3529 3076 38 35992
9497 6216 100 78180
8090 7331 98 79731
7599 7665 94 79484
6168 6342 85 68362
4072 9088 66 68853
8289 6318 94 75807
7666 6602 60 64187
8767 9805 81 86913
6661 9590 88 83647
2521 8998 33 56010
9521 8203 98 86234
7416 9840 64 78936
8410 7872 82 77928
8996 8447 84 82782
4330 3156 41 38483
6010 7290 70 66377
8369 9094 89 84713
9377 9306 61 78945
6265 6643 98 74483
3538 8457 29 54340
7087 8749 75 75857
8170 7949 86 79576
6621 9752 72 79464
8025 7786 83 77540
927 2081 10 18632
9756 7097 67 72128
9846 9376 64 82130
7637 7645 63 70530
6912 8499 75 75443
478 3377 33 29531
7344 6077 91 70553
9543 9583 78 85116
7597 8992 73 78769
9595 7134 98 81777
6579 7627 56 65491
7485 8019 87 78375
7511 7684 86 77528
7183 9427 66 76955
7587 8008 86 78229
1705 4344 25 33431
8210 9619 73 82493
9117 7815 97 83863
9735 9963 81 88380
9364 8351 60 75347
5455 5913 63 57835
7410 7425 74 71626
7708 7019 85 74568
9436 6816 74 73269
9484 7652 92 82771
2892 4776 65 50074
8078 9739 64 79600
6438 8700 68 72167
7186 8012 94 79784
7825 9810 81 84877
9441 1622 18 34849
8833 8973 86 84169
8626 7288 87 77422
7480 7904 95 80144
9990 6429 87 75832
2914 4930 45 44239
9472 9553 97 90410
7232 7302 92 76826
9880 9817 61 81811
8911 8234 93 83924
6918 8100 78 75462
7050 9807 74 81294
9230 6546 87 76541
8989 7511 85 79490
8999 9534 73 83282
2655 1032 65 33013
9122 8845 80 82837
7995 9139 98 87394
7098 8037 88 77433
9724 7377 72 76103
9540 1037 53 44244
7440 8443 78 77809
9368 7846 85 79722
7761 7862 97 80367
7944 6251 62 65381
2072 6066 81 56862
9614 6444 62 68076
9036 7268 91 78970
7159 8073 89 78222
7427 9994 67 80668
3953 9656 2 51874
6839 8989 89 82058
6316 6674 75 66472
9285 9304 72 82398
8753 7494 77 76492
7932 8735 34 66223
7305 8819 62 72596
7929 6141 80 68555
9595 9132 66 81118
9362 9806 83 88307
2428 5956 83 59145
9401 7517 94 82906
9748 7245 67 74067
9552 8687 85 83995
7898 6326 90 72382
5289 6829 23 50426
9405 7057 82 77038
8660 7460 79 76497
6870 8878 81 78215
6229 9684 65 75810
7562 1356 89 53178
7051 6770 75 68004
9421 6640 73 72546
9428 6818 91 78513
8410 9466 65 78681
293 1724 62 31770
9474 9280 65 80738
9840 6780 91 79941
8660 7659 63 72354
9492 7213 86 78351
8749 4836 22 48790
9717 7479 87 80117
6368 8100 93 78989
8197 7071 76 71543
8825 8990 78 82806
4626 8079 54 62339
6017 7635 63 66067
8057 8515 97 84509
6612 9491 66 75303
7230 8130 65 72027
6014 5280 7 41142
8879 7573 78 76559
9519 6699 63 69112
9344 6405 76 71957
8129 9193 100 88977
9666 3975 50 54952
6947 7335 93 75517
9715 9692 73 84398
9737 8603 98 88225
7290 6653 73 68277
2762 6169 81 58803
6848 9600 97 86264
8926 9645 90 88570
7091 7933 85 76616
7150 7953 75 73188
3715 9822 93 80284
9764 9003 85 86502
6092 8754 89 79255
8469 8869 88 83066
7313 9242 63 75620
7540 2315 51 45307
9156 9819 75 85789
9261 8266 92 84689
9122 6910 92 77909
7300 6744 73 67544
3866 858 2 16231
7570 6811 65 66174
9409 9714 75 85919
9226 8719 85 83384
8736 7683 85 78785
7735 6571 40 58710
9698 9156 81 84866
9877 8013 83 81150
6220 7351 82 70802
7767 9709 62 78563
1875 8438 100 72695
9043 8099 75 78512
8813 7944 94 82828
9385 8263 70 77368
6975 7883 96 80063
4825 6212 36 49306
6126 7599 80 72100
8966 7523 86 78758
9429 6537 82 73629
8429 7953 99 83891
1122 8311 51 55813
8921 7607 82 77180
7007 7875 71 71712
9051 9509 76 83826
9152 7375 100 83232
7377 4924 60 58053
6269 9901 87 82943
8420 6808 96 77069
9915 8554 78 82911
9745 7591 100 84291
5546 2468 16 30250
6168 7553 86 73488
7987 7877 79 75891
8687 7455 90 79406
8693 8610 60 75743
3400 2767 30 31003
7136 6086 91 71559
8726 7327 86 77629
8601 9740 65 81486
8819 7707 77 77296
5464 351 0 17704
6093 9598 85 80805
9849 7045 66 73394
6479 9927 84 83827
6586 9995 74 79664
3310 6665 10 41812
9464 8540 79 82392
6965 7219 61 66113
8603 9951 76 83995
8306 7676 81 76736
1523 5563 60 48419
7946 9119 70 78580
6005 9392 63 73564
6510 8368 62 70567
9999 6603 69 71881
6418 6998 15 50754
6581 7913 65 69867
9567 7782 86 80391
6567 9962 77 81188
8169 7432 80 74440
9139 6931 51 67043
8353 7220 66 70871
7692 7102 95 76837
7771 9803 77 82858
7689 7461 83 75040
3877 6521 30 46904
8488 8962 100 87021
9368 6031 86 73272
8972 9687 77 84041
8137 7750 76 74218
1368 3379 23 28273
6308 7961 92 77816
8363 8513 73 78574
9029 7958 93 82205
7384 8665 72 76709
4039 5960 100 66709
8058 9153 89 83451
7687 6626 70 67653
7713 9570 96 87153
9232 8303 68 77413
3902 2283 92 49931
8901 9529 90 87895
6095 6043 100 70466
10000 7252 91 80826
6852 8339 92 80206
6249 8492 39 62564
6438 9596 86 81264
6431 7447 61 66264
7534 7798 60 69368
8466 9051 78 80653
5319 4315 18 37938
8840 6199 63 65794
6413 8114 62 68430
7425 9049 92 83370
8777 9379 80 84186
8974 9030 41 71975
9322 6019 85 72817
7716 7536 72 72606
9434 6702 73 71986
9030 6869 62 68480
8112 1575 74 50288
7386 9254 90 83282
8656 9284 76 82231
8011 8881 62 74413
8295 8881 100 87852
8002 171 18 26561
8571 9329 64 79182
8784 9564 60 78079
7653 8499 74 77199
7722 9018 83 81527
831 7620 10 40897
9496 8657 81 82744
7826 8659 71 76681
9536 9131 60 79377
7463 6198 67 65389
1173 5659 80 53995
8856 7650 86 78159
9377 7909 75 77682
9813 8792 87 85114
8100 6022 82 69256
135 852 52 24427
6584 6235 87 69189
7574 7939 69 72660
7900 9696 92 87059
9832 8556 94 87996
1197 8878 80 66444
9398 7914 92 83622
7262 9570 100 87022
6442 7128 77 69188
9829 6189 69 69712
4942 1792 31 31161
9507 7841 60 72547
7009 8123 68 70939
6179 6990 85 70112
7333 7178 79 72711
3250 7583 95 70258
9441 8546 64 76510
8843 6643 88 76168
9956 7401 91 82603
7711 7444 92 78758
7177 6103 41 56248
7932 7776 61 71086
7397 8152 61 71646
7787 6912 70 68230
7105 7202 82 72552
6568 1342 16 29088
9067 6649 69 70208
6005 8230 71 71845
9930 6675 100 80752
6507 9038 62 72937
9877 6665 23 58890
7075 8726 77 76413
9948 9891 89 92129
8637 7039 69 71385
9946 8511 94 87319
2210 8993 76 68168
9599 8638 71 81013
8638 7764 93 80616
7988 6366 73 67537
6197 6974 77 68567
8919 903 58 44112
9901 9798 100 94815
6319 8986 86 78628
7720 8860 65 75543
9693 9052 92 87841
9234 3206 53 52066
7404 9795 93 86697
9851 8579 69 80637
7247 9783 64 77512
9580 9026 66 80381
1524 9746 36 57363
7386 9252 81 81552
7448 7153 89 75202
6815 7751 91 77489
6736 8801 83 78235
5415 5972 29 47549
7744 9929 67 80081
7582 8779 79 79098
9514 9469 87 88714
8576 7701 97 82920
3271 7345 42 54033
7292 8018 71 72962
8690 7354 86 77956
8126 9107 99 87890
7098 7246 86 74737
8378 8929 37 69034
6011 9536 68 75850
7381 8918 88 82372
8995 7295 90 78172
8184 7282 76 74078
5916 342 46 32223
9772 8793 83 85537
6050 6180 85 66707
8839 9033 90 86802
6097 9285 70 75875
5295 5343 30 45720
7682 7816 79 76214
8720 6668 93 76089
8671 8265 85 81340
8227 7808 60 71134
3821 4809 23 38409
6218 9620 64 74440
8387 8551 66 76580
8253 8347 99 84482
6049 9541 61 73995
3796 628 36 26814
6573 7073 69 66495
8972 9386 62 79649
7478 9094 95 83915
9358 7291 74 75379
396 2860 18 22587
6352 7674 79 73009
7775 9074 67 77533
9869 7209 81 77098
7252 6365 69 64744
4589 7507 29 52887
6663 9341 98 85894
9728 8574 81 82393
9518 9819 90 90601
7649 6118 72 67108
4687 9313 53 67031
7038 9325 89 82172
6017 9304 60 72377
8533 7433 72 73291
8851 7056 64 70185
5799 5815 63 57958
6366 8877 87 79046
9038 9153 67 80261
9115 6766 60 67379
7244 8923 74 77827
9320 5123 65 63385
8205 8154 75 76623
9201 7925 91 82263
6294 9340 87 81275
6047 8885 99 82824
8928 7773 71 74557
6404 9146 99 83207
9506 7769 82 79168
7752 8317 76 76681
6373 6534 63 63105
2315 9280 77 69536
9464 8315 80 80673
7688 9397 91 84588
7212 7175 72 70552
6423 9093 67 74942
764 1329 14 15988
8442 7410 67 72399
6582 6204 81 67030
8719 8968 69 79779
7964 7216 69 70457
1091 3567 12 25542
7318 7715 62 69424
6807 6699 64 63752
9187 9348 74 81991
8472 8950 82 82915
3426 9187 74 71423
7304 9645 75 80952
7426 6079 73 65788
7773 9625 89 85056
8612 9931 91 89015
7216 3779 34 45702
9360 9018 80 84117
7533 9084 64 75274
8310 9935 91 88254
7605 7386 62 67742
4626 1604 81 45933
8489 7634 90 78922
6804 9115 68 75571
8822 7556 60 70250
8602 7568 89 78458
7158 3464 13 37520
8691 9769 84 86228
7818 6299 83 70172
7732 8352 82 78289
6253 7353 95 74765
5751 3294 33 38726
7667 9024 99 86009
6654 8708 68 73300
9926 9530 70 84634
8842 8246 68 76275
9190 2539 1 33680
7694 8558 100 84200
9544 8665 84 84700
6942 8088 91 78069
7741 9278 80 80771
896 6649 39 44589
6536 6960 88 72135
7496 6225 62 62564
9268 7002 97 80522
6698 9376 100 86697
7716 2118 70 50479
9771 7922 61 74148
7562 6984 84 73123
7260 8662 89 80487
7487 6879 93 75815
4010 8106 41 57153
9248 9414 63 79233
9408 6345 99 78634
8240 6972 89 75578
7973 9200 73 79629
4112 5316 90 60952
8669 7120 99 80419
8700 8510 89 83866
7105 7008 82 72612
7643 8985 76 79145
6242 626 96 47863
8526 8383 81 79428
9663 6042 86 74980
6466 6615 71 64762
8200 6233 93 74396
6193 776 54 36932
7665 7477 66 69598
6953 9123 61 73556
6893 6975 72 68561
7147 8020 69 73024
9643 8487 97 86771
9455 9525 88 89097
6982 7539 77 72558
8080 8261 91 82196
9313 9874 85 88958
7427 3128 61 51500
7455 8912 73 77036
6333 8487 81 76681
6126 7086 77 68733
6937 7794 85 75770
1152 7398 42 50403
6728 6454 62 62529
9069 9427 93 89380
9302 6036 74 70883
8162 6241 78 69630
6866 7655 72 70005
6244 7400 69 67387
8220 8153 84 79450
9343 9038 70 80931
7383 7461 100 79561
134 1995 80 36709
9167 8324 86 82213
6298 7089 72 68217
6780 8389 93 80743
9193 7070 70 71934
7198 2422 18 35211
9843 8665 64 78625
7848 9870 66 80919
6459 6905 65 64417
9165 9751 81 87494
2685 137 99 41549
7210 9104 98 84735
7598 9701 100 89223
8635 6607 94 77248
7990 7158 62 67577
3602 3801 48 42413
8236 6303 63 66422
6204 6910 93 72041
6392 9436 64 74458
7067 8086 81 75913
2478 1445 85 41033
8349 8578 84 80385
9598 6686 62 69514
8496 8634 98 85085
8643 6423 72 69772
1509 4856 62 46026
9940 6782 71 72900
7912 6220 72 67149
7314 6506 85 70455
7586 9199 98 86106
7335 3019 33 41546
8748 8894 64 76299
9020 6294 73 70456
9216 8465 98 86652
8393 7653 81 77115
2421 6100 35 45053
9269 7233 78 76797
8797 6908 99 80203
9473 6750 92 77936
7489 6673 100 75771
4603 3471 2 28500
6842 7017 74 69849
8294 8857 66 77582
9371 9088 94 88032
6049 7865 61 66908
8929 4212 67 60097
9781 9827 78 87293
7047 7132 65 66959
7604 9621 91 85550
8036 6033 91 72153
4065 5570 78 58588
6869 6937 92 75060
8708 7863 68 75196
8754 6629 94 76907
9250 9265 60 78695
2704 8778 68 66685
8606 6742 80 73419
8909 8440 68 76867
9741 6317 66 69731
7683 6995 87 73524
3770 1546 73 40883
8342 9126 69 78438
6700 8251 82 76691
9871 7817 100 85531
8028 8412 97 83865
995 1063 20 16398
9553 7550 76 76914
6633 7306 77 70493
7807 9133 98 85838
7437 7176 80 72158
5159 379 52 33126
6021 9514 83 80956
6844 9267 82 81252
6757 6642 81 69926
7063 7257 79 71549
3896 427 84 39570
9822 7630 74 78100
9723 9231 63 79471
8843 8177 91 83108
8770 7437 72 73618
3178 8912 2 46752
8173 9469 80 83688
8140 9264 67 77486
9442 7903 75 78247
8270 9388 99 87985
3843 2668 10 26082
6127 7775 74 70171
7630 7941 63 70615
8580 6887 81 73697
7825 9774 68 79479
2203 9710 12 52159
6359 9124 80 78946
6867 8954 72 75656
6528 6881 70 66676
8317 8480 72 77127
5167 9743 53 69994
7652 9594 64 78133
9213 7705 63 73525
6351 9169 72 75031
7553 6234 91 73074
2031 6137 33 43317
6279 8555 82 76419
9949 6485 78 73481
8240 7653 72 72982
7841 6175 82 69270
5896 7204 63 63971
7459 6923 67 67221
9922 7187 97 82781
8685 7194 91 78782
9667 9943 65 83919
6191 690 95 49139
6439 6143 63 61487
9175 8814 75 80622
7250 9126 69 75934
7636 7483 73 72366
2100 2390 5 20446
9560 9372 60 78676
7580 7517 89 77313
9187 7103 93 80296
9329 7812 92 82875
5679 9209 88 79411
8014 6115 91 73419
8628 9028 97 88174
7971 6185 83 71043
8459 8726 94 85417
5534 2965 75 50656
9193 8942 85 84147
7031 7255 87 73961
7918 9719 77 82285
7352 6514 95 73311
1582 953 24 19576
9169 7777 74 76599
6419 6009 77 65388
7641 6811 100 77578
8712 7852 73 76347
4080 4820 27 40826
7475 6913 64 66893
7991 9730 64 78620
8318 7917 70 74887
7537 6525 86 71830
8757 3234 28 44827
6133 6326 63 62342
7164 9858 62 76465
8060 8616 81 80717
9490 6573 81 74931
6165 1435 66 43029
8068 9286 90 85899
9609 8259 100 88105
9247 9559 65 81538
6142 8693 95 79755
1207 1294 99 41378
7076 9282 98 85473
9779 9122 94 89069
6116 6390 98 72232
6859 9109 71 76499
9787 8584 91 86330
6951 9477 93 83993
6338 9557 82 80159
8820 7830 65 74458
9134 6178 88 73976
7440 6106 0 43720
9722 9470 71 83172
9930 9590 75 85462
6650 8519 85 76970
7198 8088 78 74184
3173 6859 64 57599
7103 9973 62 76732
7981 6403 85 72963
9478 7435 78 78024
9362 6552 85 74432
5068 7049 57 60717
7357 6819 88 73589
9333 7335 62 70934
7606 6833 81 70868
7002 6016 83 68096
2611 8346 96 72180
8189 6367 82 71793
8311 9599 62 79541
8355 6564 88 73906
8343 7728 65 72809
256 687 68 29321
9145 6627 70 71191
7867 8528 67 74921
7787 9474 76 80687
6358 8504 98 80923
8233 3810 96 66024
8995 8423 64 75079
6772 7918 62 67984
7448 7104 64 67416
6942 7619 80 72542
9922 6729 62 70377
7690 9791 95 87571
9859 6251 60 68267
7372 7550 100 80507
9906 7348 96 83593
1505 2975 88 46190
8731 6798 61 68526
8971 9923 83 87419
7540 8544 71 76157
9829 9671 68 83844
7109 272 56 36465
7888 8151 76 76408
9889 9954 70 85277
8465 7814 100 82390
8916 7590 76 75086
8462 439 51 38656
9151 7586 88 80576
6229 6622 85 69898
6578 6411 62 61968
6526 7495 100 78648
3682 8617 44 60902
9391 6761 88 77037
9091 9403 63 78709
8261 8594 62 74964
7227 7414 96 78111
6524 8886 99 83752
8852 6835 90 76446
8778 8905 94 86942
7413 9270 87 83006
6716 9217 91 83371
8245 7796 48 67407
8251 8040 67 73272
6854 7633 64 69381
7593 7369 91 77195
6237 7686 66 67434
6574 7450 1 47726
6438 6684 91 72725
9872 7422 89 80986
7155 9669 90 84298
8987 7255 87 78052
9382 389 61 44029
8336 7930 61 71470
6298 8269 77 73804
7293 8200 97 81396
6330 8943 92 81915
331 7402 96 63484
7683 7602 81 74901
9619 8723 67 79968
6452 8806 62 72703
9616 9677 96 92498
9007 4001 40 51223
7789 7877 85 77726
9431 8996 60 78123
8579 8330 81 79297
9316 7394 84 78721
2864 9679 57 66596
8424 9784 80 85199
7519 9624 89 84560
8214 9477 61 78014
6473 8009 96 78327
38 5941 35 38660
9552 8416 70 78422
7366 8291 100 83730
9696 6398 61 67572
9838 9548 65 82511
6637 1181 99 53195
7796 7948 93 80392
7299 9001 73 78005
7845 7304 75 72493
6735 8216 65 70404
7469 7887 18 57146
8595 7255 76 74141
9221 6287 85 73554
6594 8397 85 77055
6012 6381 72 63399
8197 2571 55 48294
8709 7192 78 75350
9337 8528 74 79257
6471 8021 64 69916
7992 7044 75 71442
8075 2607 92 58730
6434 6848 81 69595
6672 8934 87 80310
7752 6173 90 71823
6161 6433 100 73178
316 1505 6 13451
8815 6260 75 69477
7892 8672 65 74158
9890 9071 90 88141
7384 8402 60 70663
2761 3372 83 49127
8171 8881 72 78903
7836 8443 87 80390
6383 7803 68 69884
9814 8711 74 81217
1251 7178 85 62610
9888 8703 67 79668
7665 7448 84 76265
8657 9484 66 80032
8135 7369 90 76759
2014 6024 44 46433
8044 6994 93 76698
8779 9987 82 86744
8993 9429 62 79211
6217 6653 63 62448
6603 7194 67 66195
9812 9343 76 85110
8950 7070 85 77306
6850 9185 67 75522
9595 8639 69 79023
1604 1076 58 30843
9204 6025 76 69681
6585 7238 89 73150
8603 6738 95 77447
8585 8539 100 85553
8306 5472 62 61916
7541 7256 64 68846
6324 9199 88 80987
7885 7199 85 75182
6129 9838 60 75220
1892 9219 46 58637
6697 6119 83 67390
9154 8901 61 77934
9218 9365 86 86491
8332 6911 83 74168
9754 6226 20 54417
8593 7202 86 76637
8157 9126 94 86666
7947 9980 60 78138
8220 7490 97 79557
1630 8409 76 65397
6999 9021 81 78942
8808 7291 92 78811
9189 8383 68 76596
9264 6910 70 72165
2198 4539 86 52832
6754 6630 92 71937
7063 9620 85 83601
9696 9895 65 83478
7644 9530 93 86732
4396 3391 61 46419
8533 8794 71 77659
8177 7307 84 75924
6636 8049 91 76848
7512 8785 66 74508
2332 4239 77 49324
9702 6789 96 80756
8065 9468 70 79878
6654 6153 88 69240
7802 6579 64 65521
6124 4929 49 51275
6646 8747 84 79295
7006 6403 93 72461
9958 8607 60 76425
7923 7902 77 75384
8574 9371 25 66767
7806 6826 79 71689
8176 7699 67 71501
8228 6943 75 72020
9478 8389 65 77451
8879 1533 69 49102
8433 9507 86 85704
9549 7454 100 84392
7952 8272 72 75195
8000 9827 85 86465
9402 7373 79 76296
6733 9982 94 87351
6807 7522 64 67829
7914 8981 98 85998
7767 7127 79 71875
7958 9661 32 69379
9394 6865 99 81115
8588 8533 62 75655
8308 9366 84 84503
6579 9694 96 85640
2811 1598 33 26739
9603 7285 83 78022
6131 7034 96 74292
9042 8972 80 83648
6917 9493 82 81380
6037 3247 84 54750
8564 8676 64 76745
9893 7222 87 79362
7685 7260 86 75448
7018 6743 90 73627
3092 4734 56 46592
6185 6437 93 70201
9889 9683 79 87645
8562 7702 67 72365
9894 7859 86 82587
3940 2031 33 30967
7649 8620 97 83507
9854 6347 99 79421
8820 6818 81 73944
9844 8481 75 81908
3837 3838 61 45352
6694 8777 93 81514
9087 7725 78 77476
8604 6956 90 77020
6199 7933 90 75866
2541 8573 16 49578
6673 6167 99 72805
7497 6169 89 71522
6624 7044 69 67807
6058 8857 64 71850
1348 5703 89 57907
9224 9656 67 81801
6370 7979 70 69674
6060 6578 76 65823
9420 9753 83 88526
6047 5044 61 55539
9707 7184 61 70473
6146 6847 85 70325
8211 7976 88 79186
7916 6421 100 75982
8385 125 99 51439
6887 6445 94 72241
8303 6889 64 69285
8102 9928 84 86885
8396 8905 74 79349
5873 3243 52 44415
8854 8481 73 78341
6780 9080 67 75395
7502 8570 73 77066
7915 8679 80 80039
6130 7433 41 60207
7300 7736 93 79180
7062 6043 65 62879
8072 9110 62 76237
7477 9749 90 85665
4156 4299 54 45985
7585 7646 79 73817
7192 7479 75 71942
7216 7986 78 75642
6063 6788 94 73357
7011 3903 58 52952
9913 7400 69 75845
7539 6674 63 65885
8642 8982 64 77993
6317 9524 82 80623
3975 134 81 36911
9178 7913 92 81951
6901 9579 61 74436
7644 7661 72 73401
6585 9329 75 77498
8251 8365 60 72103
6452 6258 76 65147
7808 8453 87 80004
7759 8470 77 77018
6540 7807 90 75874
181 8604 32 49980
6458 6378 79 66519
6115 8371 82 74683
8075 9819 62 78542
9620 6966 85 78396
427 6651 1 32363
8778 7248 68 71603
6524 7254 78 70218
6155 6145 85 67557
6105 9111 82 77370
6874 9287 47 69603
9081 8331 63 75933
6085 6790 70 65430
6474 6188 70 63371
9102 8370 78 80110
4136 4381 48 44611
8223 8950 62 76476
9758 6120 80 72862
7031 8886 92 81285
7588 8343 97 82558
1125 5231 52 44609
9224 7316 80 76320
8502 9499 99 90543
9241 9494 92 90048
8706 6663 77 72033
5763 6485 69 63249
8272 8589 86 81373
6485 7494 82 73546
9626 7545 66 75129
8214 8665 64 75005
8296 519 72 44325
8453 9144 96 87576
8762 9584 78 83967
6382 7334 68 66977
7773 6405 77 68719
8572 7864 39 65063
6539 9360 73 77972
6843 9073 69 76330
7691 6486 94 75052
9205 8767 99 87739
4512 1269 72 40362
6534 9900 85 82876
8782 9741 63 79728
6534 7489 95 76682
6595 7872 61 68930
6067 4118 60 50685
8015 7807 94 80119
6895 7749 63 68933
7209 9406 86 83099
7424 8536 80 77550
8287 5133 43 55113
7357 7770 64 69141
7179 7238 70 68594
6025 7021 72 66625
9010 7809 65 72893
7618 2118 52 44272
9717 7216 79 76118
7492 7608 65 69671
6424 7159 89 73302
6183 6293 77 65920
9872 6742 52 66712
9084 7791 74 75930
8619 7886 89 80176
8597 6579 84 74537
6071 8095 65 69483
5334 189 19 21412
8319 9807 81 85720
6833 8849 95 82348
8086 9139 71 79488
6544 6080 95 70069
2787 4424 64 47095
7046 7861 87 77440
6232 7804 76 71170
7253 8534 92 81715
9046 6024 86 72900
7250 6742 83 72145
6887 6565 84 71194
9138 9349 99 90387
6651 8099 77 73854
6277 7156 80 70616
4489 6916 25 49763
7289 7648 70 71235
6513 7040 80 69771
7317 6291 66 64074
7796 6837 67 67200
5084 1574 16 25328
6299 9917 73 79128
8740 9269 86 85073
9820 6016 64 67988
6300 9510 87 80840
9860 9009 6 62302
9676 6300 98 78673
6210 6892 62 64329
9729 6670 84 76642
6493 6324 61 61041
6490 8322 14 56323
6914 7634 81 73021
9677 6138 92 75909
9578 8108 71 77284
6290 8996 98 83209
6517 2204 70 47401
9788 8614 67 79569
8754 6597 66 69532
9317 8207 79 80106
8622 9271 62 78475
9452 9459 38 72810
8331 6253 99 76026
9962 8856 61 79594
9159 6172 92 76420
6409 7509 83 72652
473 4960 94 53305
8992 7996 75 77145
8703 6962 76 73899
7234 8697 73 76478
8590 9870 88 88788
3974 4558 98 59901
9512 9580 80 85452
8234 8173 62 73374
6334 7471 74 70181
7436 9446 91 85882
6498 5957 22 47653
8776 8856 63 76872
7752 9680 100 88861
6167 8595 79 74887
7486 6674 80 70082
626 3758 64 40543
6630 6993 66 66937
8537 7066 62 68646
9766 9985 67 83633
7323 9670 81 81774
6608 7740 13 53370
9098 7840 70 74728
8188 7773 80 76675
8363 8776 83 81046
7829 8283 67 73612
4726 2524 85 49468
9470 6314 73 71409
7473 9797 79 82203
7235 9446 88 84157
6682 9658 74 79128
8801 5398 61 63041
7035 8358 67 72424
6705 7609 96 77253
6945 9002 78 78419
9712 9985 85 89764
3680 3969 64 46786
9243 8750 62 78002
8050 8335 82 79381
9749 6060 71 70987
7173 7389 70 70134
6907 9837 26 65448
6992 9602 85 82097
7544 8286 95 82379
9382 7172 76 74377
9535 9372 89 88064
7992 1295 96 55686
8943 6671 70 69574
7510 6780 96 75807
8091 7664 76 75525
9495 6222 61 68159
2917 7376 10 44257
8643 6033 84 72298
6211 6050 66 62033
7501 9538 79 82699
6832 6523 79 67810
3112 3780 16 30804
7853 8348 99 82863
9306 8048 62 74222
8093 7567 92 78333
6336 6003 89 67940
6354 9429 18 61624
6760 7879 76 73228
8626 7241 90 77256
6550 9011 76 75972
6925 9041 74 76957
7969 4785 49 55075
8387 7251 83 76062
8422 9618 70 82094
6730 7532 64 68270
6082 9856 67 76760
578 3608 2 21147
8795 7617 72 75161
9613 8474 66 76968
7229 8299 99 82561
6986 7040 80 71072
2164 3610 92 51205
6294 7311 81 71074
6733 6547 75 66765
7629 9987 66 80804
6165 8452 74 72580
6160 8759 7 55148
8589 9995 75 84300
7881 6870 65 68234
8382 7429 76 75027
9758 9453 92 89816
7579 6601 45 59274
8734 7553 65 72953
8232 8943 78 80806
6186 8203 66 69417
6947 8387 100 82485
8372 8599 45 69102
9450 9816 96 91029
9028 7542 65 72988
9145 9627 61 80980
9918 6783 65 71300
8006 7851 34 63445
7497 8698 90 82637
9746 7372 74 75983
7108 8618 99 84295
6811 9011 66 73952
6960 5601 91 68250
7497 8213 75 76158
9285 9800 83 86689
8655 8043 62 73861
8054 9113 90 84193
709 2801 47 31803
8490 7972 92 81201
7636 8401 81 79025
7796 8348 90 81768
8715 9605 67 81033
6472 7127 7 48185
7027 7244 75 70285
6870 9625 62 76344
6611 7920 68 70061
7872 6942 94 77465
3251 4599 51 44396
7124 6925 64 66324
8633 9188 61 77422
6848 7837 83 74539
6046 7287 62 64216
9441 8095 90 84051
7017 8356 76 75763
6164 6739 86 70266
9343 8809 82 84471
8849 8948 96 86705
4502 5640 27 43664
6854 8382 67 71733
8890 8122 67 76073
9170 9248 76 83821
8509 8819 60 74605
9020 882 13 29759
7856 9443 95 86674
8511 6934 63 69317
6395 6423 89 69692
7083 6889 68 67763
3365 4421 53 44824
7620 9638 67 79524
9280 8964 92 87733
6486 7404 78 70201
7333 8404 67 73036
7992 416 5 24529
9152 9638 74 84578
7232 8983 73 76825
9292 8647 67 77932
7490 9360 96 86447
4850 758 92 45786
6455 6272 99 72687
6008 9225 81 77548
8038 8693 97 84175
8615 6285 81 71112
7675 4524 2 39016
6250 6133 65 61143
7257 6078 60 62481
9540 6912 61 70542
6718 9240 88 81364
7798 262 74 43519
8867 9548 90 87067
7488 9543 96 87054
6072 6090 71 63437
9871 8142 85 81989
7117 905 24 30701
6927 7111 90 74267
7928 8872 81 81412
6064 6270 92 70579
9249 7748 82 78213
7689 6063 17 49139
8736 6441 65 67098
6805 9772 90 85512
9615 8487 75 80643
7623 8141 64 71921
8834 5548 20 51010
7902 9163 89 85004
6573 7401 95 76751
8683 7623 97 81954
6060 6203 100 71819
4146 1377 54 35611
7644 9173 65 77201
8228 9544 60 77006
8558 7579 99 82829
7337 8447 62 72370
742 5205 45 41639
7470 7829 76 73829
9359 7019 95 80966
6854 6331 94 71698
7877 6557 81 70803
98 9583 7 45125
6731 8168 92 79707
6345 8522 98 81112
6494 9610 69 77341
9760 8116 81 81013
5642 7642 20 52214
8882 9847 89 88259
8024 8933 91 85045
9970 6228 93 78691
8348 6242 94 74680
4026 8371 8 48748
6821 9413 79 80412
6115 6819 73 66062
7516 8010 67 72564
9890 6039 100 78073
4132 2119 58 39801
9919 7826 74 79335
9453 6309 99 79135
8753 7015 86 75579
9216 9596 81 85480
8291 2007 58 48000
9709 6875 89 79117
8579 6734 69 69622
6603 9957 79 81007
9695 7535 77 77559
900 9900 46 59904
8934 8926 82 83504
7019 6029 85 69152
7193 6505 68 66177
6386 6513 84 68319
8675 5159 14 46249
9809 7404 65 73694
8500 6103 79 69317
8837 6112 91 74534
8941 6899 72 72289
109 6058 44 42193
7822 7078 68 68406
9735 6256 73 71612
8669 7014 82 74364
9498 8549 83 82671
7473 8418 55 70526
7608 9793 68 79181
8833 7098 72 73265
6626 7837 97 79014
6449 8183 65 70040
2121 4742 81 52445
6828 6057 60 60256
6258 6033 100 71355
8418 8663 88 82587
8486 6102 90 73049
728 3020 36 28836
9865 8161 64 76971
6954 9396 97 85819
8325 7688 88 78603
9979 7297 87 79263
9388 4277 76 63747
6517 9550 85 81473
8889 7162 73 73204
6406 6472 60 61958
7185 9017 72 77316
7634 4641 79 62596
8617 9440 88 87008
8719 6354 70 67996
7228 9620 83 82299
6739 6889 92 72896
2367 669 75 35305
7403 7228 72 69358
9896 9765 96 92281
6706 9515 96 84874
7968 8500 96 83653
5088 1407 67 41076
8833 7807 97 83922
7512 7282 60 67059
7233 7871 66 70725
8848 7855 76 76552
2596 3524 99 54686
9970 9459 64 82484
8672 9839 86 86784
8613 8397 87 81724
6892 6230 73 65326
1279 1873 10 18846
6412 9509 80 79713
8878 8103 69 75018
6576 8565 84 77814
6867 6959 90 73092
3693 5648 31 44459
9519 9194 76 83382
7327 9667 90 84634
7291 7551 100 79537
9479 7473 64 73886
5851 3510 75 54137
9155 6233 84 72676
7577 8554 97 84270
8867 8870 100 88985
6472 7098 86 71677
9760 7262 12 57000
6646 9013 94 83063
9516 6756 78 74742
8901 6759 73 72348
6402 6317 78 65781
9402 5802 40 59254
8523 6249 95 74599
8532 8605 67 77013
6411 7843 71 70683
8026 9297 78 82321
284 2357 100 45975
8159 6191 92 74414
8744 9238 87 86349
9758 7223 69 73366
8089 8729 92 84230
9464 1344 55 46379
7728 6740 74 70191
7876 7673 90 78063
9398 8936 63 78704
8644 6516 71 69942
2074 8272 49 56987
9594 6215 95 77236
7976 6297 79 70146
8062 7228 96 78740
9641 6460 97 78710
3055 9261 37 59422
6326 9695 99 86287
6406 9329 98 85411
9679 6036 67 69009
8449 6604 100 79102
1178 3303 3 22131
7367 8401 91 79684
8067 6458 70 68575
9218 8636 92 86328
8731 9359 67 79953
5912 3050 19 35713
7166 6469 81 69841
6267 8849 92 79744
9199 8109 68 76897
8277 6233 73 69187
263 2183 47 27750
9166 6118 97 77052
9059 7236 88 78219
9966 9999 72 86100
6509 8893 99 82890
9656 1475 0 29307
9746 8601 90 86343
6463 6148 65 62925
6026 7315 87 71611
8610 6488 96 76559
3649 6721 38 51233
9777 9915 61 83236
7735 8535 80 79223
9112 8069 87 82082
6852 7404 71 69359
8218 4243 15 42394
8021 9979 84 86314
7314 7737 77 74593
9226 8615 60 76482
7170 7069 79 71486
906 2856 47 32135
7157 6511 87 70976
8619 7567 64 72583
9070 6075 83 71852
7611 6429 96 75619
4426 4592 78 55262
6657 7541 64 68246
8008 7986 85 79441
6891 8575 89 80019
6429 7155 62 65628
6904 7843 93 78971
6417 8584 84 77381
8052 6150 79 68727
8483 8537 81 79645
7171 6063 98 73904
4707 7140 83 67213
6975 7631 84 74753
7382 7193 80 73038
6434 8215 97 80804
7788 7785 79 76329
4478 7743 59 62346
6112 9575 88 81066
6837 7541 85 74635
8703 8359 70 76920
8430 9346 60 76617
2191 715 68 32540
9690 8224 96 85093
6015 9026 79 76804
7441 9032 88 82613
8271 8340 66 74332
2944 8499 65 64405
8921 9849 70 83257
7019 7797 60 68035
8426 7054 86 75295
7342 9492 82 82058
3266 128 20 18598
9332 8130 67 75404
6269 8559 71 73014
9613 8643 77 82522
6348 9689 84 81871
1043 2790 68 39132
8884 8309 79 80689
8550 9146 63 77145
6497 6231 74 65849
8015 6383 83 72335
7287 9238 9 58675
6842 7832 62 68361
8700 7474 96 82067
8400 8696 77 79351
7604 7928 93 78930
5308 4344 36 43036
8182 8424 91 82404
7670 7137 76 71291
6883 7483 78 71482
7735 6343 100 74856
6111 4287 73 55757
7312 9513 73 79355
8225 7291 93 77662
8260 6570 71 69767
6088 7648 86 73817
5980 642 58 36308
7987 7690 60 69625
7179 7640 88 75837
9738 7023 66 71617
7543 6717 74 69619
9163 7381 77 76546
9827 8806 83 85136
7806 7726 82 76963
9440 6187 64 67552
6191 6415 61 61203
226 7646 90 63931
6295 6337 84 68973
8218 9414 68 78586
7231 8235 92 80131
8206 6922 100 79619
8700 4151 66 59390
8381 8107 64 74089
6134 7091 68 66485
6089 8819 91 79329
6658 9486 72 77638
4983 5262 69 55939
7304 8539 82 78988
6048 9678 75 78779
6994 9478 82 82223
7860 8807 84 80987
9347 5466 87 70879
7298 9814 81 82198
7681 8908 92 83896
7676 9779 75 81350
6933 8050 70 72429
7428 1201 38 36184
7212 7967 90 77897
9731 9359 86 88689
6328 6201 100 72190
8900 6458 73 70302
8806 8169 76 78939
8041 9992 65 81386
8226 6013 71 66658
7981 6919 69 69137
8207 7142 80 74660
7975 6203 68 65327
6845 9215 90 82889
7112 7156 92 74909
7943 7146 71 71177
6610 6473 80 69006
949 9056 68 63181
9136 7085 76 73584
7809 8476 74 75723
6346 7778 82 72677
9768 6251 74 71782
3334 5814 29 42881
9366 7138 72 73635
6846 6304 76 65950
6210 6695 68 64469
9466 7973 81 79726
1942 3906 36 34914
8213 6549 60 65410
9576 6526 64 69681
6552 7327 83 72572
6631 6447 100 74006
1970 3392 17 28048
8504 9514 65 79342
8721 9987 64 81247
6067 8556 96 80997
9619 8647 98 89120
9944 1959 42 45804
7936 9159 76 80430
8624 8637 71 77251
6906 7265 96 76750
7840 7432 88 77218
9352 2667 27 42316
9634 9444 82 87314
7445 9605 85 83140
6248 8351 87 76168
6225 6106 82 67383
6534 838 76 44163
9689 7645 71 76323
9634 7877 64 75557
6499 8380 67 71478
7985 7287 89 77331
5651 1241 93 48675
8950 9555 65 80779
9633 9348 88 87778
6520 9530 97 85604
8593 8168 76 77839
8999 752 50 40649
8703 8457 66 76006
7012 9030 65 75200
7484 7295 65 67750
6809 6010 64 62194
6001 5851 85 66763
7457 8224 77 75460
6484 9438 91 82922
8904 9061 86 84796
6581 6178 66 62275
8128 9943 19 67689
8278 7174 97 79763
7503 8513 61 72568
8455 9295 84 85243
6442 6221 76 65146
8316 2553 5 33565
9808 8763 76 82935
8559 7070 61 67850
6054 6065 69 61901
9085 7597 63 72715
6271 2743 4 28764
6366 8492 84 76263
8503 9191 63 77905
7494 7440 96 78843
8846 6107 76 69845
810 3489 98 49378
7732 7855 83 77747
7489 9362 85 83136
8070 6243 82 71357
9401 9647 94 91255
3220 9876 12 55113
7521 7491 77 73314
6120 8056 87 75439
9338 8830 98 89254
7371 9403 96 85597
7889 1816 24 35783
6801 6423 100 74311
7895 8903 71 77670
6312 7503 72 69271
9662 9035 89 87599
7437 9621 11 61976
9799 7728 94 84162
8698 8355 70 76158
6991 6961 74 68981
8780 8662 66 77117
8482 3393 91 63422
8807 7190 90 77489
9296 8080 71 78182
6666 8809 82 79044
7458 7549 91 78131
6959 2703 52 46009
8090 9600 70 81404
9494 6787 78 74961
8423 8969 100 87206
8930 9531 98 90281
504 5104 67 46228
9268 9416 81 85783
6135 6924 63 64543
6678 6699 64 64832
7848 8533 60 72984
1792 179 82 33549
6067 7321 66 66638
8142 8354 83 80248
8332 8246 88 80301
9294 9117 96 89674
5093 7810 42 59872
9924 7105 95 82228
8475 7103 64 68755
9676 7584 83 80367
9805 9968 91 91489
920 3218 17 25613
8957 9678 66 81027
7937 6813 72 69011
6989 9143 78 79849
8031 6658 74 69050
2959 3613 45 38498
8035 9999 88 86605
9184 7302 66 72242
6188 6080 99 70820
6563 9949 80 82421
5615 6129 25 47827
9820 8859 82 84665
9473 9307 69 81454
8731 8611 60 74489
7655 9005 94 83825
9885 3607 66 59363
6192 8981 91 80801
9199 8753 67 77559
6360 7822 62 68080
6416 8031 68 71136
7013 4640 19 43365
8650 6758 63 67776
9491 7754 84 80420
8565 7728 81 78153
8560 7693 64 71277
7554 8068 41 63818
9149 7056 81 75899
7884 7206 66 69905
7675 9379 65 77161
9679 9021 86 85770
7835 5511 81 66674
7636 8735 79 79512
8104 7406 75 72796
8983 9966 69 83770
8057 7360 71 71537
3304 321 61 30587
6062 6487 92 70080
7372 7969 66 71048
8795 7182 69 72105
6690 6355 64 62478
6332 4747 35 46263
8517 7511 79 76728
9619 6660 64 70004
8720 9308 62 78082
9979 6165 60 68259
5477 4794 49 50095
8685 9869 89 88136
7912 8072 65 72688
6308 6070 100 71945
8280 7656 89 78574
545 9594 79 67377
9222 9102 88 87078
7454 9740 61 76233
6263 8347 86 77451
6707 6016 68 62336
315 6582 32 42242
6243 9834 86 82140
8554 7087 75 72984
9310 9017 88 85190
6227 7261 65 65033
6370 4918 31 46316
8608 9425 70 80628
7648 6830 75 69671
9249 9453 87 87508
9867 6638 82 76031
390 8638 50 55182
8981 9552 84 85949
6915 8284 72 73882
6126 7311 78 69440
9948 9626 78 87052
3888 1572 95 47670
9625 8629 71 79083
7136 9786 70 79843
9858 6085 70 69620
9382 7455 80 77177
9148 5113 30 52533
8249 6123 87 73029
7595 8698 90 81607
7743 6554 99 76908
8292 6716 88 74702
7629 1830 91 54525
7097 9577 69 77284
9479 9042 92 87749
9206 8304 77 79813
9648 9282 86 86249
7168 2662 74 52657
7406 7710 98 80478
9382 6941 74 73226
9291 8314 97 86896
7699 8798 65 75920
4937 8584 88 75781
8665 7703 81 77361
6414 7612 80 71835
8821 7491 65 72621
8026 8312 80 78916
8526 9244 25 67022
7888 6096 71 65802
9430 8416 78 81174
7571 7097 71 69999
7832 8226 99 83089
4421 2706 82 49708
6547 9301 70 76936
7642 7454 72 71025
9337 7561 66 74259
9603 7884 70 76079
3533 5003 57 48620
8593 9690 60 79026
9495 8175 60 75189
7234 6662 75 69104
8599 7654 61 71962
4403 9939 37 64820
9539 7183 61 71703
6439 6062 95 70022
6315 8114 78 74179
7041 9163 87 81388
1942 3981 51 39264
6082 9082 68 74563
8342 8482 76 78468
7527 9811 66 78800
8313 9995 69 83244
6788 9886 4 58651
9465 7375 72 74964
8055 8752 64 76256
9421 7571 92 81186
6469 7850 65 68029
6313 2123 90 52230
9610 9743 60 81936
9328 7701 69 74596
9247 7130 67 71235
7456 6367 84 70265
5868 293 34 28551
6580 7119 68 67874
9869 8743 76 81994
8008 6705 97 76519
6601 8712 68 72593
9143 4884 13 47123
9442 9848 85 89272
9936 6081 83 73941
8259 6090 72 68138
6422 6336 86 68145
4991 4362 25 40101
6424 8897 76 77173
9355 9593 86 87583
9454 7641 87 79793
7763 8818 82 80390
6193 2987 42 41601
6373 6907 76 67301
6263 7734 66 67453
7386 7825 62 69261
7180 9476 95 86162
7893 2440 57 48048
9332 8478 69 77608
8308 9870 79 85031
8784 6302 75 71173
8637 6095 86 72758
9679 3360 60 55594
8783 8335 64 74316
6783 7380 61 65511
8767 9300 99 90116
9730 7099 78 75769
33 7848 54 53356
6680 9709 62 75251
6987 6157 87 68859
6541 7036 92 73877
7825 7633 68 70672
6147 1350 49 37276
7549 9084 75 78766
7590 7143 87 75156
7794 6677 70 67571
8713 6062 70 67076
9401 5245 62 63996
7343 9386 66 77626
7413 7585 88 75694
8187 7198 100 79564
7228 9467 82 82318
9972 4453 100 72878
8620 6616 72 70641
7173 7416 95 78074
9600 7882 98 86016
9608 7376 70 75124
740 5741 99 59929
8683 6311 83 72119
9995 6274 95 78000
9364 9051 88 85585
7045 7484 61 66904
9936 3579 33 48234
9294 9874 64 81613
7152 8959 85 81195
7853 7537 65 71250
8344 9592 69 81275
389 4280 40 34562
8642 8817 73 79884
9833 7776 75 79231
8727 9473 100 91284
8770 9718 92 89656
2280 4018 37 36435
6267 6481 100 73875
9570 7117 65 73005
8092 6999 91 76378
9204 6113 89 74169
2835 6820 97 67370
7551 9858 97 88781
8405 8438 89 81924
8280 6332 87 72570
9851 6766 86 77043
9977 7383 40 66257
7991 9165 95 86616
8692 9961 81 86843
6497 9904 78 80188
9296 7283 82 78271
8445 1138 41 39460
6583 8179 87 77623
9424 7800 78 79189
6419 8178 92 77261
9023 9977 94 90160
1337 3701 19 27726
6923 9971 62 76482
8285 6806 86 74134
8581 6694 92 76957
7263 6760 76 69952
8769 9723 4 63505
8536 8184 79 77782
6748 8638 67 73178
7663 8573 100 84148
6736 7894 76 73573
9348 7597 69 75585
7255 6984 68 67770
8326 9540 74 82682
8779 9510 68 81121
6843 9604 69 76885
695 3111 14 22262
7879 8869 72 77063
8501 7095 98 80648
6708 8180 98 80500
8823 6044 76 70158
408 4174 68 42023
6014 9566 93 82754
7545 9870 91 86362
6855 8267 90 78139
6244 9526 60 73560
8885 1319 47 41521
7244 9723 80 83164
9421 7155 65 72851
9959 6160 60 67231
7942 9313 74 80572
8178 3346 83 60484
8808 7238 64 70645
6817 6643 80 68553
7102 8042 81 74890
6804 8649 83 78032
4437 4109 19 35773
8506 6973 73 71520
9267 6777 60 68068
7135 7256 90 75246
9418 7638 60 73106
2879 1087 64 34522
7204 7383 73 70660
8090 7093 72 71498
9241 7365 84 78241
7319 7915 92 78202
2690 7391 67 60469
7257 6758 90 73295
8283 6781 79 71677
9801 6905 91 80474
7828 9095 75 79528
290 8977 13 45117
8994 8034 90 81893
6890 7065 61 65205
7670 8356 100 83488
9554 6910 87 78177
2796 4347 1 27358
7952 8214 63 71885
6205 7303 100 76521
8647 7827 82 77993
7081 6778 71 66913
8518 9203 58 75983
7187 9357 96 85141
9441 9441 97 90014
7737 7466 63 69943
6440 6103 92 70281
574 5420 87 54330
8169 8810 67 76778
6224 9879 85 81970
8288 6812 95 76708
6930 6756 90 73393
4977 4085 62 50064
9480 9752 62 80824
6017 8460 81 75803
7859 7399 90 78313
9122 6016 87 74052
1246 4519 80 50537
6619 6062 67 62406
8759 9204 91 87403
7495 9738 77 82487
7652 6532 97 75123
3395 5157 95 59929
8229 6819 85 73405
9677 6918 87 77501
6092 7623 97 76564
7371 7057 77 70338
8155 8731 0 56827
6451 9147 84 79294
8098 6974 87 74657
8483 6796 62 68398
7399 8526 91 82196
4698 7744 0 44414
9299 7263 85 77222
8500 8431 91 83588
8520 8595 89 82463
8058 8096 67 74085
1177 5419 15 32805
9271 9547 74 83336
6753 8151 66 70847
8576 7687 82 77760
6568 8176 84 75438
9942 3923 67 60577
6158 8399 61 69379
6211 6910 99 75255
6682 7158 92 74285
7567 9039 89 83222
6241 3706 97 61974
8074 9919 81 85484
6383 9296 95 83974
9535 6601 89 76263
8602 8746 62 74886
6381 5197 82 63008
9175 8563 60 74696
7229 9391 70 77860
7105 6803 90 73798
9112 9893 69 83812
8622 386 77 46605
9505 7299 65 72701
9091 8990 85 84101
7518 8924 86 81316
9950 6270 72 71162
9796 4851 43 57041
8856 7947 92 83068
9477 6596 65 70540
9080 6152 97 77775
8255 6277 71 67398
8826 3307 90 62247
7233 6187 84 70287
7421 6465 84 70518
8179 8716 79 80921
8622 6195 61 65285
8048 9310 72 79404
7582 6755 95 75602
9061 8683 68 79027
7381 9791 62 77211
9926 7771 86 81257
388 9859 13 49461
6224 9495 80 79330
8027 8485 91 82845
9517 9280 100 91070
8011 8243 85 80355
2739 4171 13 30368
6476 8741 94 81961
8653 9158 78 81542
8531 9991 96 89877
6453 6753 81 69788
4356 1403 91 46284
9471 6375 94 77182
9416 8413 72 79937
7236 9903 83 83755
8674 9268 93 87666
5514 9773 59 73589
9883 8752 69 80563
6718 7210 72 69612
6093 9101 80 77138
6958 7902 89 77405
5096 9733 79 78823
6105 8750 90 79411
7178 6402 66 65370
9186 9992 67 83993
7852 6500 84 72375
2237 3671 60 42753
9994 6909 85 78078
7246 7273 94 76613
9826 8683 61 78462
9772 9061 64 80831
6565 3195 83 54975
6337 8257 98 80855
7427 9902 82 84593
9057 6947 69 72004
8661 9998 96 91580
4064 7837 31 54119
8909 8374 90 84260
9412 6860 67 70659
6479 7216 80 70810
8901 9604 82 86236
4094 6295 42 50609
8767 8786 82 82284
7347 9474 91 85263
8242 6291 65 65870
8851 7582 60 71527
4437 5332 52 51794
9397 7548 83 78201
8260 8467 95 83298
8309 8640 84 81507
7156 6428 97 74790
4136 936 48 31855
9199 7943 99 85349
6226 6504 91 71650
8544 6085 78 70231
9690 7808 78 78732
6485 5563 8 42460
8255 9709 64 80435
9423 8650 83 82555
6273 9093 68 75021
8765 6872 61 68992
9485 7948 19 60605
6500 7673 82 73876
6151 6651 71 65007
9640 8020 91 84571
7642 7667 75 74268
1451 5787 86 56307
8122 6183 72 66725
9874 8656 69 80796
9563 9470 70 82547
7156 7423 72 71273
4683 3054 47 40322
6519 7000 100 75385
9648 6318 64 68739
7119 8990 77 77389
8302 7629 60 69650
2425 3599 15 28620
7262 9093 90 81935
9986 6919 88 78302
7047 8570 93 81618
9666 6139 83 73253
5628 8537 0 50177
7372 7364 95 77789
6844 9016 93 82135
7718 6933 91 74554
7157 6736 89 73020
3315 605 66 34209
8939 7767 66 73332
7175 6022 64 63341
7997 6869 72 70468
8139 9016 70 79162
4593 1755 63 41025
8748 8795 81 82057
9857 6132 99 78117
7574 6572 65 65202
8347 8502 80 79684
6664 9187 33 64790
9277 9745 71 84459
6270 8356 97 79411
7277 8061 89 79358
9398 8173 67 77331
3279 2043 97 47851
6301 6340 85 67464
8172 6009 66 64614
7151 6153 65 64090
7311 8764 99 83785
4163 8824 98 77854
6605 9332 63 74055
6299 9914 91 85141
9266 9830 86 88110
7099 8812 94 81713
5616 8415 45 63276
6953 6466 68 65400
6833 8432 91 79138
8543 6354 82 71459
8367 7286 94 79450
9070 1527 31 39213
8168 9482 71 81527
9182 9916 62 82144
7182 9739 60 76236
8500 8729 92 84613
5300 4630 95 62291
6448 6978 74 67885
9478 8125 64 75842
8038 7281 66 70672
7510 6053 89 71077
4923 9808 80 77667
9922 9085 73 83828
9157 7931 62 74278
9470 8724 61 78087
7564 7791 99 81653
3824 6864 43 52797
9451 7181 84 78434
7574 8234 74 74559
8378 8329 80 79768
6588 8531 89 79692
4015 4840 72 53571
9708 7042 82 76357
9204 8458 85 82570
9686 8389 86 83624
8428 7244 67 71128
7061 5113 91 67705
6829 8716 73 75216
8066 9588 66 79441
6188 6685 98 72560
6178 9384 82 79488
8044 342 19 27723
7915 8938 80 79760
6853 7716 66 70134
7892 8456 69 74906
9538 9121 66 80353
2204 2253 61 37503
9146 9732 98 91917
8719 6917 68 69978
7555 8466 84 78970
7633 9654 84 83732
6203 5690 0 40378
7500 7695 89 77818
6077 7573 87 74314
8170 7369 79 74058
7630 9078 75 79156
3075 3601 83 50502
9996 6546 73 73578
7538 9186 92 84041
6578 6879 85 70711
8729 7109 95 79507
5018 2792 89 53555
6335 6306 92 69513
6368 7958 100 78637
8696 8767 76 80750
9966 8990 75 84371
8760 8717 32 66710
8386 7227 89 78033
6563 6895 99 75787
6157 9424 94 83222
6618 8721 96 81989
1380 6572 76 56269
6238 8822 81 76637
8382 8237 83 79904
7025 8191 83 76468
6153 9148 85 79829
1988 5482 85 57271
7380 9527 95 86443
6706 9878 78 82047
6418 9532 78 79815
8576 7618 76 75091
1866 8949 77 67102
7939 6926 77 72454
7034 7382 62 66614
8206 9338 66 78455
8689 9157 78 81693
5979 3974 40 45325
7875 6971 66 68870
6421 9516 82 81417
6304 6274 77 65923
9860 8598 100 89102
1570 3128 50 35287
9408 9962 70 83883
6588 7939 71 71663
6481 7225 99 76333
8357 7388 74 72715
2884 9299 44 60525
9269 9822 62 80789
9218 6175 85 73363
9037 6297 84 72635
8460 9687 79 84355
9321 5957 40 58724
9461 7478 98 82367
6378 9245 84 80335
8891 8533 73 77998
6529 6845 64 63983
9299 6503 85 75176
8386 7581 74 73727
8352 7552 94 79278
8388 8340 69 75098
7091 7282 62 67444
8468 8970 94 85874
8844 7689 87 79736
7679 8547 72 76362
7466 9712 68 79504
7595 9606 99 87319
5917 1248 41 33413
6346 7369 99 77024
7468 7732 70 71953
7608 7351 91 76476
8816 8245 89 82146
158 5547 69 48007
7011 9711 87 84616
6433 7807 85 74988
9270 7365 92 79711
7663 7451 84 75759
1299 4630 74 47738
8852 8233 81 79259
7585 9509 87 83306
8704 6238 90 74361
8351 8880 94 84435
756 2894 39 29756
8552 7567 84 77130
6819 7024 64 65101
8151 8038 75 75905
6817 9085 72 77098
6267 3512 85 57417
9795 6736 78 75177
6215 9673 91 82860
9850 6015 87 74327
9084 8434 66 76972
5519 8370 37 60182
8745 8006 86 81029
8623 6731 81 73970
8175 7270 76 72551
9998 8423 99 88145
5848 4259 42 47306
6761 9602 87 82539
6729 9623 98 87235
6724 9052 60 72828
9133 6709 71 70925
300 6728 19 38003
7165 7341 87 75003
8714 7275 76 73871
9050 7284 85 77724
9330 9474 70 83280
5600 1809 59 41558
9635 8422 69 78204
8836 6610 68 68649
6986 6288 93 72775
6683 7843 68 70112
2794 4895 53 46616
6178 9244 95 82213
8297 9316 62 78384
7793 6702 68 68673
8442 6404 67 67576
2305 3239 15 26120
9363 7053 79 75279
8466 6556 93 76136
8317 9178 76 82029
7731 9658 61 77044
9078 7149 32 61675
9004 6828 89 77709
9350 9346 66 80355
9520 8511 93 85887
7678 9327 60 75535
2233 5901 32 43507
9885 6665 82 75347
6648 6665 89 72251
6260 8203 83 75158
7892 7160 62 68739
9222 5330 62 62956
7992 6541 68 67760
9933 7323 70 76029
6311 9141 72 76366
6922 7641 64 68656
506 408 64 27379
9887 8555 66 78851
8824 9296 64 78157
9511 8556 74 80127
9996 8366 72 80004
7241 9586 2 58852
8977 7811 72 75620
9289 9237 86 86387
7812 6271 97 73886
7828 9094 84 82888
9501 2306 94 61407
7636 8694 84 80811
7474 8459 98 82596
8393 8101 86 80701
7089 6975 82 71547
9148 1743 27 38184
8401 8091 82 79048
9042 6272 77 71476
8525 7212 66 69972
8496 7682 63 70771
5604 7511 58 64209
7383 6153 88 70729
6810 6768 72 67526
9098 7968 96 83540
7170 9650 96 86741
2464 1688 16 20884
7591 6086 61 63240
6421 7498 69 68001
6018 8009 62 67101
9527 9406 86 88342
8713 624 6 26251
6769 8254 71 72508
6955 6877 81 69920
8483 6734 66 68810
9110 7702 83 79370
7817 1523 45 40117
9476 7069 87 78146
6074 7392 62 66012
8018 7891 78 76061
9103 6681 69 70173
9150 9767 99 91792
6728 9061 65 74477
7484 6241 98 74803
6217 7768 92 75665
7266 6918 89 73037
5890 3362 85 55408
7580 9420 90 85753
6255 8247 90 77461
8819 7236 77 74534
7966 6749 93 76825
8336 8219 22 61503
9236 6392 67 69468
6307 8115 61 67811
8570 9230 97 87797
8143 7860 77 76397
3596 5580 69 55748
6060 8204 77 73595
9060 6792 71 71317
9381 8724 79 82862
7058 9643 78 81058
3553 6808 78 62930
6958 8297 80 75871
7872 9533 60 77550
9441 9420 85 87798
8767 8924 100 87651
6836 3030 51 46983
9387 8138 81 80504
7408 9643 88 85469
9695 6841 96 80781
7475 9005 65 75058
1860 3755 20 29256
6617 7265 89 74610
8169 8374 93 82533
6216 8645 81 76828
9428 7960 64 75466
7084 6125 57 60443
6602 8832 60 71802
7280 7921 91 77732
7688 8959 73 78746
7395 8847 86 81299
6288 8892 69 73999
6860 9531 69 78108
7733 8929 84 81699
9270 6958 62 69832
6021 8901 86 78688
922 7620 98 66271
8718 6823 80 73367
9001 9868 68 83173
6505 9810 90 84593
9420 8339 83 81633
7822 2283 25 37962
6112 7579 91 74571
9809 9041 68 80283
9523 9484 78 85697
6786 9697 72 78465
823 2869 32 28669
8927 6380 67 68166
6567 9091 64 74490
8898 7470 85 78825
7899 9158 75 78986
6836 300 13 23478
8401 8529 89 82734
6046 9078 96 82706
8857 6019 61 65187
8093 6626 90 73941
5626 7030 64 63716
8818 9464 73 81786
9597 8798 62 78096
8104 7661 94 80653
9591 8870 79 83288
275 1644 26 19231
7874 9616 95 87463
7372 7039 79 72232
7792 8663 69 76645
6216 6580 69 63517
8579 9211 89 84911
7203 8222 63 70361
6610 7335 77 70847
7813 8090 72 75061
8579 6532 62 67020
1965 5515 11 34472
6552 6241 64 61529
7972 7403 83 75458
6780 9648 97 86279
8569 7532 84 77472
4454 357 90 43307
7931 9176 98 86125
7104 6830 98 75108
9683 8262 84 82970
6721 9550 83 81823
6777 7882 3 50215
8819 9315 90 86005
6858 8009 100 81678
8925 7368 80 77286
7354 8967 76 78726
462 1488 38 23253
6187 7599 85 74148
7918 8456 72 76512
7411 9400 91 84593
8238 6032 88 71033
2747 680 73 34483
6446 8195 74 72554
7978 9006 62 75734
7242 6028 99 74051
7915 8605 67 75513
7566 6933 14 52917
7381 7082 94 75784
8246 9323 98 87237
7089 6098 76 65885
7412 7319 76 71396
6905 9468 62 76230
9191 6191 67 68643
9674 7987 81 79620
6361 8070 75 71705
6786 8385 76 74333
820 6364 46 45539
9666 7656 86 79874
7366 9790 98 89274
7870 8707 95 84986
7385 7183 65 67534
9507 8069 6 58473
6222 8079 61 68098
7139 6365 72 66072
8654 6659 81 72782
6802 9733 60 74866
3368 1846 48 34414
8926 9316 64 79750
6886 7741 90 77188
7053 9871 88 85786
6381 6420 81 68329
6094 1087 78 44276
8950 9569 64 80062
6206 8070 93 77733
9405 7530 85 79880
7768 7997 64 71676
7723 936 92 50864
9817 9386 73 83551
8875 8559 82 81648
9796 6462 79 74185
7108 8848 99 83975
9360 8656 47 72560
7984 8873 72 78917
9082 9115 93 86559
6989 7886 68 70335
6127 9050 73 75890
8597 1895 86 55002
9838 8327 86 83521
8174 9729 95 88917
6955 8041 72 73482
7252 8019 77 74097
4917 4026 59 48989
8068 7653 77 74229
6713 7820 85 74925
8888 6264 71 69558
6743 9653 65 75735
8330 3188 51 50117
6763 9251 90 83078
7104 9421 88 82752
6887 8360 94 80005
6864 6578 67 64892
5740 9175 88 79921
8616 7596 84 77808
8386 7205 81 75620
6582 6347 69 64128
7072 9085 72 76108
9294 7554 74 76773
7489 8870 93 82794
9830 9138 88 88487
7797 6016 81 68511
9621 7193 88 78810
2352 1853 94 44980
8739 7179 94 78662
6978 9206 74 78272
6045 7966 98 79098
9029 7525 64 72587
3239 6591 93 66688
7461 8601 64 72529
6531 7430 70 69589
8995 6744 69 70010
9070 7171 69 71889
3674 3466 70 46212
6142 6377 95 70634
6423 8747 70 73257
9947 8075 85 82881
6126 6824 73 67072
62 6750 93 59644
9142 8163 77 79669
6781 6299 74 66323
6127 6023 96 70603
7190 7178 74 70980
835 6196 34 42540
8622 6816 95 78040
6047 7210 94 74249
7145 7985 96 79972
7264 9189 68 75802
9313 7883 77 77943
8485 8364 77 79071
8875 9733 71 82799
6504 7537 75 70836
8809 7571 85 77485
9647 449 57 43288
6551 7965 95 77717
7828 6158 92 73206
7633 6925 84 73271
8207 7948 93 81272
120 9319 69 62265
8518 8904 74 80734
8923 9293 91 88009
7842 6013 77 67323
9623 7218 67 73402
9185 6214 32 57587
6060 9906 92 84399
7360 6420 68 65503
9425 8977 90 85873
8003 7270 65 69712
1444 8004 16 43943
8386 7376 86 77841
9084 9120 76 81924
6300 8282 79 73842
7475 7930 69 73125
8882 9807 47 75719
9672 6545 88 77859
6534 9753 65 76507
7862 8882 63 75035
6897 8196 65 70623
9903 8210 21 63620
6408 9805 68 76470
8672 8493 75 77990
6807 8216 67 71254
8524 6410 90 74899
5841 5140 11 40901
6833 8966 90 81396
6266 7848 92 76139
6375 7806 86 74818
7486 6377 68 66513
7003 998 24 29794
8009 9540 77 81510
8492 8680 93 84133
8239 7106 77 72140
8436 6171 85 71741
6351 8026 71 70625
9030 6355 61 66888
7245 9455 77 79506
9829 7455 78 77043
7440 7522 81 73703
8818 1116 46 41417
7792 8750 82 79641
6981 7443 75 71142
9031 9762 60 81014
7606 8599 73 75746
9599 793 85 52920
7980 9784 99 89575
8888 7684 95 82406
9002 7185 75 73939
9366 9024 60 77622
814 4221 54 40468
6036 7384 63 65635
6462 8483 66 71213
6243 9714 89 83837
8155 8616 66 74911
5161 5140 91 64172
7609 6213 89 72169
6480 6236 69 63241
6816 8239 66 70507
6519 8940 96 82677
2925 6570 18 42000
9297 8608 77 80829
8623 8028 84 79829
7062 8728 82 78557
8865 6063 84 71738
1198 8360 91 67625
8943 7806 76 76872
6337 9151 69 74824
6100 8251 68 69792
8540 9829 82 86076
9584 7255 35 64279
7441 6537 63 65026
6590 6410 86 68997
8398 6871 100 79427
9691 6745 64 69675
2446 249 44 23350
7247 7296 90 75824
7564 8528 72 75488
8647 6552 79 72551
8747 9657 63 80342
8425 6477 86 73602
7947 7751 70 73562
6938 7652 95 77664
8926 7450 75 74693
8686 6993 74 72781
7563 2627 43 44046
8490 7501 89 78321
7033 8580 60 71403
7141 8842 86 79705
7169 6000 75 65018
5281 6413 96 69415
8049 6651 91 74813
8033 7779 78 76579
8867 8126 90 81979
7458 8917 94 84196
6310 4425 54 52265
9506 9596 73 84949
7955 7218 72 72034
8008 8350 78 78015
6478 9283 66 74222
3958 1922 3 20612
8699 6117 100 76341
6910 7209 85 73475
9610 7958 78 79643
8010 9304 96 87963
9965 1852 93 60107
8512 9583 77 84027
8137 7239 64 68698
6357 8147 63 69402
9321 7535 68 73997
7938 1858 15 31828
7713 7076 77 71430
9766 6302 67 69417
9546 6166 99 79252
7862 7621 84 75911
245 3908 85 47224
6739 6119 90 70185
8709 6404 100 77594
6397 9086 80 79029
9172 8599 91 84414
2558 7172 93 67025
8709 6934 85 74916
7480 6722 88 72542
7083 8023 97 80429
8265 8700 100 85809
6065 703 25 27732
7403 6645 82 71247
7057 9574 75 80641
6892 7656 64 68667
8195 7331 71 71215
7382 8714 96 83024
8414 6016 100 75373
9932 7614 92 83565
7823 9489 73 81427
6185 8133 95 78768
2459 3486 92 51638
8906 7199 68 72424
8828 6007 84 71434
8795 9307 68 81018
7114 9298 69 76589
5291 1589 76 44832
6326 7840 74 70607
7626 7797 60 70434
6709 6578 95 72637
6308 6018 63 61208
209 4656 44 38163
7937 8343 93 81477
9586 6247 77 71858
6242 9336 69 76274
6134 6241 79 66375
6434 9286 77 78239
8414 9697 87 86027
9016 9361 63 78979
6754 8668 99 82357
7074 6406 84 70786
1324 8697 54 58470
9113 8718 76 80744
6067 6278 84 67967
6278 7340 67 66611
8642 9993 67 81393
8223 1817 59 46270
8308 8382 83 80327
7921 9664 100 89721
6201 8080 67 70129
9570 7338 77 77525
7624 1813 2 28495
7286 7496 98 79598
8626 9953 87 88757
6962 7043 77 69237
6403 7729 74 71150
1526 1141 55 29604
8179 6006 83 70579
7552 9631 72 80291
6820 6686 74 68579
9979 8114 91 84426
3250 1160 69 35883
9837 9739 99 92356
8798 8735 100 87227
7391 6751 91 74301
6088 9555 98 84684
6294 2352 95 55654
6108 9558 66 75833
8353 8109 65 72854
8497 8392 86 81436
6703 6688 77 68249
1722 3564 70 44475
6370 7418 97 77360
6660 6678 100 75239
9249 8258 95 85853
6784 7503 95 77161
1068 3923 85 47583
9279 6899 76 74737
6874 8649 89 80085
9044 8928 92 86181
8397 8399 82 80637
7124 9119 98 84717
9194 9037 65 78830
8570 9291 63 77275
8823 9431 90 87946
7074 6562 84 70967
6224 4260 86 60037
7006 7020 63 66426
8252 7558 79 75393
8214 8743 89 84087
9049 6614 89 76161
418 8324 4 40149
8062 9043 71 79302
8910 7953 68 74701
7566 6609 90 73619
6973 9904 79 81741
4320 6517 32 49381
6007 9098 77 76749
8538 6174 77 69031
9089 7837 78 78679
9653 7614 61 73894
5729 4542 64 54046
7567 9430 83 83078
7698 9754 90 85854
9334 6574 72 71473
9612 9101 87 87407
1329 2911 1 19765
9361 8002 70 75895
7984 9674 71 80063
7538 7191 62 67991
9981 8436 67 78460
8569 6431 64 66423
9066 7967 94 82502
9411 6719 77 74263
9342 8192 60 74975
6164 6081 86 68055
7320 8902 44 69295
6196 6394 90 70116
9345 6214 95 77411
9097 6756 81 74226
9068 6209 79 71852
7201 7132 14 52625
8965 8465 73 79429
6365 9931 80 81637
9123 8309 60 74828
7953 8110 75 76168
2940 3636 94 53960
9130 9802 70 83629
8071 9969 70 82878
7863 9180 83 82458
8557 6615 63 68115
4096 5191 5 36088
8514 7286 66 70659
7122 8166 98 81183
9456 6689 88 76406
6667 9634 60 75826
118 7617 48 49432
7892 9949 89 87119
7605 9898 88 85843
7200 9613 97 87682
7531 9503 61 76375
2054 2968 31 29689
7967 7599 93 78516
7596 7458 99 79192
8025 9776 92 87907
6457 6932 86 72310
6568 5290 23 46453
8263 7999 91 80775
9929 7717 96 83929
8716 9032 75 81690
7860 8383 98 83459
8714 9306 72 81467
8006 8698 85 81932
8809 7829 85 79874
9407 6537 83 75639
9106 7358 79 75569
7261 2970 80 54666
7829 7211 64 69592
8118 6205 92 73940
6268 6935 60 62849
9640 8373 97 87684
6098 2876 45 41823
6448 8823 62 72152
6108 8750 87 77363
6074 9673 76 79135
7234 7880 73 73267
958 3493 60 38925
6415 6736 84 69988
7112 6008 98 72916
8104 6838 97 77883
7764 6960 83 74018
5256 8155 38 59439
6883 9959 80 83147
8340 8202 90 80882
8977 8632 71 78927
9127 8047 86 80554
5254 3207 32 38606
7470 7519 82 74007
7871 9720 91 87876
9440 6299 71 71295
6741 8416 60 70247
2792 2351 0 19116
9508 7184 98 81348
8697 9440 60 78023
7939 6250 71 67310
8985 8453 88 83424
4221 1264 8 20717
8957 9220 68 79816
6113 9184 84 78183
6898 6434 69 64707
9609 7349 73 74678
1231 4976 14 30673
7392 8970 62 73541
6895 8029 68 71537
7056 7648 75 73162
7968 6646 90 75508
6845 4435 40 47652
8406 8896 97 85725
9805 7018 68 73559
8041 7068 81 74510
9670 6649 67 71437
6102 5394 32 47544
9437 9246 81 84936
7931 8892 91 84212
8103 6515 86 73285
7602 9293 67 77892
5357 2216 46 37527
6308 6291 87 68390
8215 6676 98 76750
8218 6012 68 65956
9226 6122 96 77716
554 5059 77 49954
9704 7470 63 72525
9938 8312 65 77554
9168 6109 91 74200
7894 9199 85 84082
5002 5673 5 40025
8192 6935 65 68515
9218 7309 71 74528
8659 7984 73 76170
7089 7988 60 69540
456 7416 66 54559
7149 8404 82 78094
9283 9652 75 85142
7513 7782 73 73865
6776 7759 91 76367
4599 1971 77 44330
6405 9597 90 83734
7741 6493 68 66851
8772 7409 73 74263
7045 8212 81 77066
5762 1511 92 49519
6424 8156 93 78240
6332 8032 96 79290
8945 6516 73 71347
7614 9647 97 87867
6938 7847 62 69330
7337 7096 61 65626
6994 8197 97 81831
7079 8538 74 76268
7067 8339 73 74693
7007 2420 46 42217
6992 7109 94 74655
9990 9452 94 90180
7577 7413 68 69412
7672 7726 75 73423
9034 1997 91 58298
6832 9406 85 81733
7169 7673 100 80470
7867 8477 94 82018
7556 8555 69 75333
7283 342 30 30095
8206 7641 76 75661
9753 9307 82 85624
6334 7099 93 74003
9757 6001 94 76058
1541 7709 26 46279
8992 7448 79 77200
7475 9380 93 84966
7505 8389 100 82570
9213 6534 86 75145
5320 7882 53 63753
6756 7885 80 73294
6095 7953 93 77308
9541 6234 93 76321
8311 8663 87 82918
2604 2860 29 30812
7347 6488 70 66748
9310 6266 98 78917
7553 7966 98 82010
9580 8431 87 82985
7859 698 66 43902
7397 6731 73 69544
9142 7720 91 80764
8116 7076 95 77073
6432 7231 71 68949
2021 5810 100 62154
8486 9436 100 90439
8944 8413 96 84357
7172 9803 66 77547
9188 9863 60 80972
780 6708 36 43645
8451 8475 83 79897
7389 6964 69 69295
7707 6927 84 72994
8140 7074 94 77100
2133 9429 74 69154
8628 8898 89 84761
8769 7738 73 75285
6332 9733 68 77540
9099 6043 86 72215
5475 1524 26 30379
8637 8023 72 75296
8021 9974 61 78848
8468 8286 72 75914
9934 7898 73 78782
8470 6598 19 53745
9363 8019 85 81719
8427 8234 90 81278
7052 9009 73 77031
8452 6516 100 77941
6103 6356 44 55185
6974 6918 77 70494
6472 9713 83 81380
7496 6683 100 76155
9859 6597 73 72823
5634 9428 14 58999
6040 6460 68 63986
9932 9056 94 89457
8051 9001 74 79450
9425 8334 67 77695
5284 6906 72 64119
6279 9601 80 79788
6599 7208 78 70785
8219 6187 64 66287
7800 8286 72 74946
4838 7684 62 64706
6592 6918 65 65692
8836 7166 63 69894
6551 7542 91 74592
7012 7286 82 72839
2973 4552 88 55633
9859 7190 98 82306
9890 9840 100 93628
8623 6139 98 76887
9169 7075 99 80853
8551 4963 85 68224
8826 8734 74 79027
8561 9759 78 85316
7205 8478 63 71480
9440 6465 64 69796
4066 811 25 22996
7338 7815 64 70875
8431 9941 99 90360
7181 7442 98 79130
7369 6049 85 69537
9428 7242 36 62933
7242 7759 73 71892
9154 9627 83 86626
6123 7401 92 74422
8453 7673 79 75777
3963 3982 41 40514
8687 7992 62 72424
6141 7486 67 68278
7021 8098 99 80950
9477 9464 60 80088
4209 5867 76 58967
6740 8687 88 79672
7501 8923 84 81431
8972 6346 62 67088
9075 9860 100 91826
487 7081 23 41079
7542 9537 74 79624
9511 8001 61 73725
9111 8411 85 82872
9246 7756 81 78641
411 8423 34 50095
6848 9523 81 81592
6655 8027 91 76873
9459 9437 97 90797
8444 8552 85 82482
8684 9287 5 60526
8386 9165 94 86707
9414 8708 77 80819
6454 8165 99 80729
7396 8770 67 74125
2790 1688 61 35631
6950 9159 73 77690
7886 8458 81 79665
8164 6269 72 68612
6704 8087 60 69321
2544 9115 60 64032
9459 9662 84 87722
6153 6246 87 69147
9624 8497 61 75696
8411 9602 75 81820
4242 5971 76 59540
9340 9084 68 81212
7500 6108 71 66651
7218 9459 64 75608
9091 6521 96 77800
1615 411 16 14085
6898 6449 90 71797
8754 6096 89 73817
9261 9980 98 92784
8339 8377 90 81541
3613 5984 78 59392
7660 8395 86 80255
8961 8343 90 82648
9135 9703 62 81350
7290 7775 74 73425
7038 9389 68 76594
7814 6145 89 71437
6753 8307 66 72075
9947 7891 86 81721
6058 7887 81 72007
7008 4662 94 65122
7663 6878 90 75127
7672 6907 68 69340
9529 9605 99 91907
7883 8520 98 84248
49 4495 58 39870
7149 9148 72 77938
6099 7679 100 78587
6812 7698 87 75029
8230 8606 89 82284
6434 3906 57 50584
7075 6433 74 66490
9981 6042 79 72645
8695 9117 91 87151
8565 7907 63 72148
4977 8754 68 70106
8618 9397 84 85412
7309 7699 60 69209
8930 8134 76 77480
6939 9134 61 72946
9858 9143 39 73777
7574 7409 75 72346
9598 9671 91 89476
8479 9946 99 91353
7837 9607 71 79529
103 5375 95 55358
6608 6788 87 72394
6678 8868 86 80603
8970 8276 65 74743
6294 8193 65 69709
7263 7785 8 52719
9533 7342 77 77411
7757 9343 67 77517
8819 6335 82 73349
8534 9108 60 75981
6180 5798 92 68777
7584 6737 70 68776
9105 7143 76 75437
8288 6842 86 75288
7002 6358 100 75288
9474 3093 87 62075
8840 9649 84 85827
9464 8161 71 77299
6532 7889 79 72752
8091 9534 82 84736
4968 4898 58 51655
8675 9949 64 81114
7350 6844 81 71890
6639 6735 100 74847
8747 7531 91 80728
6907 4873 63 57344
9722 8060 70 77374
9968 8003 74 79267
7294 7167 90 74601
6032 7195 96 75498
2469 2246 78 42075
7533 7974 67 71148
8284 6937 92 76917
9923 9804 67 84941
9084 8074 87 82163
2295 7970 47 54689
8234 8223 79 77449
8207 9054 92 85790
9390 8004 88 81800
7686 7069 83 74400
5622 8800 9 54450
8667 6729 78 72169
9852 8554 85 84913
8165 6432 61 66279
9357 9755 76 84773
2231 6006 72 55857
9137 7407 61 72162
8914 8086 67 74280
7841 6993 93 75788
8786 6456 83 72604
1191 4928 77 50063
7600 9154 76 78931
7941 8517 100 84550
6844 6694 97 74063
8360 8331 82 79959
3601 2983 74 46636
7479 8947 69 76808
8003 6870 76 70981
9967 8128 68 78639
9513 7824 70 76112
6327 3443 92 58247
7584 9360 62 75269
6948 8473 91 80353
9010 7737 77 77674
7736 7437 96 79944
376 2363 47 28525
7684 8726 83 79407
9339 8077 99 86128
6417 7931 78 73673
8689 8879 85 83933
3030 5916 0 34179
7593 6099 87 71569
7933 9585 97 87557
6941 9452 87 82486
8834 9468 91 88154
34 4926 75 46681
9519 6013 76 70763
9732 9046 78 84768
7733 9066 60 75718
8613 7257 81 75671
1606 3194 44 34745
9588 7337 69 73697
6937 6815 87 73157
6241 6599 74 66299
7557 9592 69 79452
8091 4273 20 45060
7362 6500 82 70162
6918 6767 95 75403
6741 8057 100 81596
8368 8032 63 72997
3255 5810 51 49270
6222 9325 69 75848
9272 6831 81 75141
9202 9267 66 79549
7437 8596 100 83346
7757 8763 63 75360
9048 9481 85 87213
8352 9370 60 76654
8896 7967 87 80980
8482 7241 77 73313
4379 3728 16 33460
6348 8701 66 72415
8511 7216 68 70510
8722 7341 80 74944
9218 9640 99 91837
415 5534 77 50984
6154 8657 79 75216
7516 9295 63 75290
9363 7686 78 77925
7618 6519 94 75022
8632 9405 80 83383
9408 9621 71 83891
7930 6853 75 70142
8663 8170 72 76891
6454 6156 72 63154
3364 7080 10 42775
7829 8669 66 74165
9685 9704 62 80873
6824 6402 77 66505
9532 7110 76 75959
6213 1208 57 39818
6431 6384 77 67091
7465 7341 99 78935
8336 9864 79 85668
9631 9909 91 92110
7832 9246 26 65986
7146 7534 75 71675
6637 8792 85 79459
7414 8671 69 74497
7883 7336 87 76409
8189 9633 53 74826
8598 7260 98 81265
7257 7451 81 72621
6360 6016 85 68009
9306 8206 83 80640
8039 6172 44 59224
7768 8952 94 85454
6086 8348 98 80455
7753 9899 83 84146
8109 7980 92 80773
7623 7490 62 67938
9921 7391 97 84017
9294 8672 93 85747
6698 6950 64 66132
9265 9800 94 90916
6483 9315 57 71483
7001 6821 81 71319
6868 9738 92 85594
7660 9419 91 85467
9880 6023 62 66564
6595 3953 41 46807
8943 6711 77 71930
6303 8805 97 81712
8912 9094 81 83448
8990 6607 99 78827
4857 4232 72 54087
7059 8478 78 75555
7412 7371 75 72249
7337 8003 81 76817
9264 9928 97 92517
9485 6770 34 60781
7073 9066 60 73554
9225 6634 85 74879
8580 9623 85 86179
6378 7167 84 71061
5149 3310 12 32005
7637 6610 95 74605
9880 8473 96 88028
9879 6463 74 73432
7660 8757 89 82359
5044 9231 61 69511
6042 8158 79 74219
8130 6223 79 70721
8621 8823 98 86291
6294 8837 67 72471
5367 647 61 37015
6813 9596 93 85330
8237 6682 93 76642
7445 6674 63 66296
9380 9104 78 84098
5335 9263 1 52125
7008 6254 60 61286
6178 8159 98 78436
7907 7471 66 71238
7585 8370 99 84034
9970 3207 57 54934
6255 9242 96 83366
6607 7637 68 68352
6721 8565 92 80712
9433 8499 92 85298
28 7655 88 62831
6596 9690 94 84670
6606 8256 98 79863
9930 8202 62 76639
6454 7516 93 76659
1937 8890 30 54032
6099 7117 80 68728
9291 6130 98 78288
9252 8719 97 88215
7257 9972 99 88261
7659 6908 1 48877
7585 8504 66 74697
9608 7395 76 76819
8039 7889 93 80806
6321 7279 84 71001
3343 1240 9 20143
8769 9655 98 90967
7124 6125 65 62291
7941 7273 61 69151
9682 6087 69 69781
1337 5301 93 56296
8804 6363 92 76631
7215 8590 98 83768
6753 9770 92 86057
8445 8868 94 84969
7821 5414 16 47956
8713 9913 98 91733
6859 7240 75 71168
8137 9168 65 78237
6172 8022 69 70799
2710 2386 90 47459
8127 8617 62 74932
7390 8113 74 75305
9088 8654 77 80962
6914 8123 92 78986
6944 8248 13 55981
9758 6957 73 74740
7850 8882 72 76853
7586 6973 61 67128
9012 8759 79 82200
4566 3811 72 49987
6981 8004 80 74624
7803 8465 62 72873
9589 6473 96 78464
6300 8761 67 73202
3284 2047 31 29684
7055 9462 65 76789
7857 8572 91 82707
8948 8263 93 84792
7602 8331 79 77304
2190 3548 77 46355
9919 8353 91 86040
7267 6036 93 71450
9940 8554 67 78889
8936 6409 81 73202
4792 1393 81 43848
7100 6557 74 67066
7540 6023 95 72078
9288 7012 74 74024
6209 8697 75 74047
8982 1551 37 40993
7302 9416 90 83596
9493 8679 65 78941
7208 9925 63 78889
6913 8649 74 76491
7708 9003 81 80774
8852 7772 87 78897
7424 7035 69 67770
9199 9275 85 86263
6696 7886 89 77005
7657 4464 24 44821
6856 6870 97 75746
6248 9467 82 79718
6608 9762 77 80240
9976 6137 60 67876
4088 9477 77 73858
9948 6861 87 77736
6129 9029 85 78447
7304 6307 66 65332
6430 8515 72 72520
9642 6647 20 57649
6592 7342 96 76815
7673 6062 74 66609
8789 8084 79 78078
9266 8013 85 81594
2918 9022 44 61102
7037 6596 80 68724
6476 9387 91 82745
7595 7349 60 67343
9499 8233 99 86172
5684 5737 33 49998
9494 9502 82 86451
9418 6348 71 70756
6008 6359 63 61601
6005 8190 71 70603
5210 4385 52 48896
6951 6536 66 65760
8129 7994 72 74827
8176 7994 64 72109
6606 7994 84 75698
7391 5414 79 65749
9456 8196 68 77613
8442 6565 63 66789
8049 6750 66 67159
9227 8868 71 80296
2968 661 100 43376
8379 7078 65 69014
8234 7304 70 72602
8765 8167 95 84514
9287 8338 86 82941
3969 8262 93 72918
7423 9187 93 83715
9408 6308 92 77369
8997 9341 85 86737
9333 7131 94 80603
180 7938 98 66578
6355 7973 68 70694
9095 9071 71 81589
7873 6665 87 73365
7031 9095 80 80087
2621 6309 26 43355
8397 7008 76 73000
8715 7339 93 80163
6876 7594 98 77939
8294 6996 62 68861
7565 3665 16 39952
9526 6188 92 76322
8078 8564 89 82113
9121 9714 85 88119
7532 7855 84 75704
8772 6679 80 73304
7484 7850 94 79906
9303 7692 84 79760
9631 6499 73 71906
6749 6730 78 68614
1987 2753 79 43825
9958 9763 92 92280
9798 8173 65 77609
8263 8707 84 82459
9349 7769 76 77755
1312 4122 12 27988
8026 8068 74 76100
6237 8216 77 73164
8907 7075 76 72952
7145 8474 84 79163
3915 2507 4 24585
9067 9981 89 90501
7551 6425 83 70513
7529 6076 81 69064
9472 6019 82 72531
7420 8153 95 80679
7219 8386 86 79181
6712 8100 75 72745
6913 8222 100 81665
8937 9885 87 87738
300 4688 7 26629
9330 8846 86 84928
6664 9892 93 86656
7270 8457 60 71301
8803 9934 87 88272
2313 7915 16 46816
6103 8724 82 77655
6828 6201 94 71522
9006 8252 76 78735
7118 6405 87 71489
3384 5280 94 61454
7107 8122 81 75728
7432 9746 63 78439
7566 8630 98 83255
6234 7635 94 75752
6925 9550 66 77777
6186 7801 67 68679
6942 8713 85 78332
7816 9718 86 85698
7410 7714 72 71994
7058 3178 11 34513
8411 9876 70 81469
7585 9369 63 76245
8815 9179 72 80175
8859 9370 83 84688
384 3720 27 29593
8461 9613 83 84675
6882 8459 85 78586
6592 6057 90 69294
7615 8913 88 82175
3194 8694 88 73548
6783 7406 79 71585
7967 6832 73 70328
9080 9215 80 83304
8027 8590 96 83593
3670 6089 19 42698
6450 9707 100 87539
7277 8844 78 78027
6601 9999 95 85899
6520 8574 67 73175
1513 397 53 25108
7239 7802 93 78606
8085 7980 90 80676
9957 8225 62 77413
6381 6413 100 72592
2654 505 96 42061
6399 9993 90 85582
8496 9303 79 83604
7619 7394 97 78148
8822 6479 79 71758
38 4181 36 33449
9512 9879 83 89025
8503 7329 71 73041
6876 7514 88 74701
8942 8242 86 82329
8156 9240 83 82231
8426 8285 77 77584
9811 9798 70 85424
8909 9942 63 82328
9536 9782 79 86180
2836 7331 43 52809
7615 7293 81 73097
6146 8324 68 71567
6935 6388 96 73531
8412 6993 88 76506
6468 2805 1 28651
8377 6398 82 71822
8991 9900 80 86267
7125 8395 71 73647
9625 6431 85 75757
3057 1510 6 19848
7998 9190 60 74785
9590 6893 96 80931
9054 6479 74 71389
8575 7159 76 73143
5473 4557 70 55900
8633 9501 96 89646
8391 9566 90 87582
6007 9866 81 80594
7366 6108 89 71274
1872 229 61 27982
9202 8252 93 83694
8894 6950 72 72395
6886 9683 76 81260
7341 6251 95 72322
8804 2110 64 49317
6640 7836 75 71164
9013 7903 75 76535
9278 9720 93 90918
9271 7023 98 81976
1816 4067 93 52543
7173 6548 60 62647
6889 6742 100 76570
7450 6005 60 61958
7478 7411 75 71119
1127 3759 62 41602
7690 7580 69 71214
6515 7558 100 78710
6295 9172 85 79670
8612 8650 96 86318
1207 418 95 38448
6124 8231 66 69180
6505 9667 72 79236
7260 7702 100 79660
8351 6306 82 71171
4259 7466 45 57341
7999 6727 72 68979
9984 7582 67 76360
9542 8043 75 78391
8053 8780 82 81381
8295 1095 85 52141
9714 9231 60 79447
7114 7965 90 78938
8028 7174 79 73029
6794 9167 87 81907
5506 9406 93 81577
9108 7690 82 79420
7328 7428 91 77193
9894 8377 91 86150
9369 7317 62 72584
4918 6971 94 70034
9840 9193 86 87846
7140 6931 90 74584
6462 8253 63 69223
8745 8015 76 77957
3284 3151 86 49838
6711 8702 61 71160
6087 9647 96 85006
7733 8470 83 80066
7771 9148 84 82557
4038 7768 100 74882
7813 9145 82 81094
8046 9594 74 81807
8374 7939 92 80244
6249 7547 69 68447
403 9236 76 64883
7042 8931 71 75367
9007 9535 83 85718
8589 9415 72 81960
7975 7950 81 76914
2204 9031 37 56516
6235 7544 74 69540
9952 9873 64 83016
6915 6573 60 63505
9296 8221 68 77162
7205 110 60 37668
6177 9087 72 75932
7443 7356 82 74076
6825 7143 98 76904
8908 7819 67 74485
913 2932 18 23456
7806 7969 78 75618
9893 9803 66 82961
8835 8809 95 87128
9463 6021 65 67052
1220 2718 17 22539
9443 7594 95 83277
7233 6185 72 64922
9223 7404 61 71211
8975 9616 77 83743
1246 7408 61 56069
7255 6912 72 67996
9905 6974 82 77087
9597 9350 74 84532
6487 8684 66 73361
86 8692 86 65577
8407 6029 77 69328
9906 9368 96 92018
8184 7442 94 80065
9299 8188 85 81695
5613 1314 93 50378
6445 8557 81 76316
7005 6147 92 71699
9241 9359 74 82903
6992 7446 71 70115
8824 4685 14 44924
8871 6998 68 71520
8923 6910 87 76484
7829 9543 77 81450
6444 7673 99 78808
6486 9175 100 85532
9099 8328 76 79841
8098 8411 98 84515
9455 6731 91 78018
6750 8800 67 74397
8747 9618 24 68853
9571 6056 77 72297
7010 7140 60 64842
9365 6187 62 67260
7818 6964 78 71238
7624 9285 59 75434
9866 8265 79 80571
6506 6638 72 65182
8957 9757 65 81741
8769 9047 75 81240
3942 390 27 21896
7480 8680 63 72668
8229 9894 83 86388
9897 6116 65 69424
8306 6678 84 74437
1204 3529 83 45874
8793 7516 75 75436
8973 9199 74 81963
7908 7052 90 76892
9564 6608 97 78999
678 9369 66 64179
6162 7859 75 71100
7964 8859 63 76037
7005 6775 63 65272
9744 8476 80 82408
7073 1427 41 37491
6784 9340 100 85697
8533 7582 98 81042
8004 7565 99 81948
8528 8205 94 83819
4099 1140 62 36907
8685 6791 65 68102
7615 9650 71 80830
9252 6863 61 69800
6316 7832 72 70280
4554 6145 96 68373
7335 6883 60 65410
8924 6286 77 70375
8001 8339 80 77456
7670 9535 86 83327
606 9348 32 52481
8290 9552 74 81098
9055 9135 78 82260
6639 6208 83 67900
6902 9960 93 86282
5109 3351 71 50160
7842 9214 82 81624
7387 8746 62 72447
6665 6190 71 64562
9697 8956 97 89983
3489 3330 40 37743
7191 7766 66 70215
6244 7605 94 75517
8317 6021 97 74499
7085 7690 83 74679
1456 1638 15 19682
8156 8892 78 80257
6721 8203 68 71431
9812 8828 67 79132
8594 8610 71 78291
4031 9203 34 59343
9656 7532 72 76336
9127 9761 63 81434
8510 9286 80 82321
7325 8970 100 85408
6197 93 13 21062
9691 9671 64 82765
6299 8608 85 77618
9599 7888 98 86004
8420 9657 73 82306
7293 9759 20 63622
6033 9990 66 77610
6738 7691 66 68552
6144 8538 80 75059
8859 9633 98 91437
1320 8766 65 62465
7007 7161 86 72677
6130 7989 66 69064
9521 9940 64 82020
9549 9911 80 88364
218 4090 4 23401
9884 8077 61 75769
8560 8768 90 83985
6195 6969 80 69232
6707 6045 60 60842
8592 1557 65 47131
8188 9955 91 89291
6026 7786 92 75634
7506 6505 94 74280
8874 6827 98 79401
7556 2975 59 50261
7670 10000 86 86927
9911 6373 84 75878
6300 7934 93 77316
8364 7403 99 80784
64 2115 54 30529
8908 8079 89 81031
8185 7812 62 72098
6887 8346 69 72339
6874 9531 69 77431
4426 1348 55 35937
7939 7200 95 77635
8868 8304 98 84523
9262 6585 89 76934
8851 7114 99 80485
5464 7290 39 57027
7395 7944 97 80360
7642 8006 74 73848
9299 9142 80 83923
8956 8078 95 83906
6153 2963 80 53678
8517 6158 99 75692
8432 7615 69 73191
6727 6670 89 71725
6004 9154 68 73953
7488 1255 1 25354
9640 8382 88 84359
6703 7600 97 77731
8768 6298 81 71684
9113 8249 78 78963
1369 1318 2 14521
9868 7970 67 76603
7912 6998 79 71755
9754 6179 94 77429
8396 8733 86 81713
3405 6105 39 47268
8749 9245 80 83576
9710 7277 76 75739
8853 6138 77 71229
8030 6215 71 66556
5449 5890 17 45491
8282 8250 73 76799
6671 9603 85 81264
6217 7228 94 75175
8530 6346 79 71774
4177 4849 70 53886
9519 6273 97 78889
6772 6861 80 69967
6914 8173 77 75324
7089 7009 60 64563
2342 5781 68 52224
9584 7320 96 82219
6723 6361 64 62261
8709 9404 93 88001
9446 8498 60 76397
7956 1087 19 30506
7014 6734 87 71572
9969 7321 87 79474
9408 8073 72 77116
7102 6456 81 68793
4366 9853 45 66203
9426 8929 91 86787
9791 8768 67 78766
6298 6357 75 64744
8633 6551 68 69541
4874 7652 35 56106
6850 8136 74 73315
9957 7613 91 81737
9697 6077 99 77601
7719 6208 85 71569
931 5151 62 45860
6113 9609 64 75617
6868 8603 62 71685
6390 9339 63 73763
9035 8392 69 76614
3430 2036 72 42215
8019 6861 63 67120
7955 6573 71 68980
6669 6633 91 72291
8599 9142 82 84094
361 2350 70 36653
6423 9409 63 74642
6360 7153 97 74962
6531 9444 68 75264
7728 7497 77 73584
650 5187 48 41409
9160 6647 78 72906
7972 7962 88 80180
6234 7740 98 77670
8659 7902 66 74007
6895 9442 0 56981
8645 7756 99 84012
6517 9258 96 84780
7864 7886 81 77364
7554 6581 68 66131
9090 7267 68 72093
9408 6779 76 73622
8925 8953 99 87882
9737 7222 85 78243
6534 8338 92 78633
8637 9801 50 77031
6906 7186 60 66356
9680 9935 71 85973
7182 7054 65 66620
8829 7021 76 74149
7137 7705 73 72375
7069 8679 87 79278
7853 8180 99 83814
7008 6166 67 64660
7434 9410 61 75986
8958 5747 76 68625
7154 8390 81 77249
6909 6997 74 68199
8253 8660 90 83068
6968 8560 63 71866
9019 9926 82 87610
8501 8894 70 78264
6979 7752 98 78672
8633 6340 67 67365
8668 9294 93 87798
9796 8546 48 73977
8168 7516 88 77783
9137 8482 66 77493
9547 7023 92 79109
7576 9469 96 87647
3993 3739 22 33626
7814 6914 93 75502
7995 9807 64 78712
6521 8228 66 70751
6695 7130 61 65132
8287 1312 8 29714
6627 9413 73 76829
9955 8714 62 78029
6277 7750 98 77805
6735 7794 83 75125
4131 6679 53 56089
8292 9553 75 82262
7702 7955 66 72805
7368 9483 78 81050
6036 8274 93 77944
8622 2021 61 47966
9277 9971 96 93118
8701 6839 69 70968
8326 6134 90 74130
6235 9196 82 78432
7720 9997 100 90315
8384 9352 73 81070
7445 6986 87 74774
8995 8991 90 85420
6751 9876 68 78478
6152 7292 38 57030
6952 9212 99 85163
9093 7485 68 72922
6569 9215 99 84212
6633 7059 74 68674
8122 5568 29 52308
6874 6357 75 66112
8954 8979 83 83018
8783 9513 77 83966
6313 8129 95 78969
3520 7351 69 61877
8408 7407 85 76896
6375 7021 81 70566
9642 9888 82 88422
8056 9975 82 85036
1964 77 82 33429
8578 9099 99 88683
8956 6698 72 71742
6481 6801 99 75698
8921 9269 64 79264
2914 9653 64 67735
9792 8556 60 76031
6185 9219 66 74820
8427 9881 98 91712
7001 6813 86 71655
1238 9741 55 63398
8827 6545 74 71114
9003 9232 84 84202
6692 8278 63 69942
7234 6041 70 63882
4613 8368 36 59494
6893 7139 63 67171
9032 7506 82 78404
8204 6323 63 66304
6886 6470 88 71301
2168 6058 100 64523
7170 9889 95 87074
6658 8575 80 77532
6576 9359 92 82627
7550 6564 97 75548
7003 5364 81 64487
8137 6381 63 64941
8507 7046 98 79572
6667 6231 60 60863
9326 7171 76 74457
5929 5053 78 61112
6005 6149 71 63798
9381 9020 81 84533
9081 9969 91 89657
6943 9575 72 79199
4669 8196 98 76120
8904 9120 75 81955
7026 8538 65 72526
7049 6629 99 74658
7910 9293 75 80270
7287 6853 39 59178
7535 9718 96 87233
6089 6911 70 66526
7250 8474 60 70634
6541 6552 80 68950
3598 1643 86 45265
8936 7432 61 71675
6716 8490 72 73207
8732 6235 86 73543
8038 6839 73 70728
759 4958 9 28623
6697 7487 84 73609
6021 7628 80 71682
7702 9581 83 82725
6525 6229 65 63389
473 346 88 33919
7390 6365 88 70770
6689 6619 60 62279
7909 8137 72 75680
9081 6195 95 77172
2125 8718 16 49430
6049 7338 65 66690
7281 9708 88 83883
8906 9962 94 90429
7725 8351 60 71286
6406 1229 12 26873
9537 6592 62 68300
8980 6422 93 75711
8253 9256 90 84840
9618 8360 70 78339
310 5496 40 40492
9571 7799 68 76021
6189 7454 79 71679
8536 8003 98 83392
6225 9364 62 73986
2193 9649 68 69298
7963 6260 81 69311
9735 8283 81 81453
7654 9433 66 77062
8823 9143 87 85084
4821 6968 95 70678
9048 8201 63 75250
9490 9602 91 90097
9417 9888 100 93173
6264 7719 81 73043
5424 7416 97 75560
6850 8596 71 74925
9406 6575 81 74869
9169 8312 72 77956
8170 6165 95 75456
7356 858 48 38336
9965 9778 80 88088
8568 7332 78 75276
7142 7503 77 71796
7350 7999 60 69731
6766 3722 15 37910
6979 9359 92 84110
7244 9362 83 82044
7696 7686 93 78342
6221 8310 61 68470
9014 1428 79 52703
7751 7481 82 75748
7592 6812 67 66840
9783 6992 99 82932
8991 9910 72 83881
9304 5156 36 55754
7906 9892 64 79157
8888 9713 66 81233
6359 7891 97 77604
9252 6188 82 73448
3535 628 2 15322
6036 9280 84 79943
7377 7857 67 71882
9739 8236 88 83873
9925 8936 89 87820
1571 7816 25 47423
9754 8610 64 78302
8494 9145 81 82637
10000 7288 96 82526
8777 8570 73 78448
5371 8720 28 59271
7035 6161 76 67237
6363 7217 87 71791
7610 7017 79 72816
9398 9304 86 87173
2476 394 25 19990
7358 8418 60 71065
8102 6675 70 69197
8589 7574 80 76383
8129 9239 86 84262
5159 4728 54 50209
7479 9300 80 81664
9195 7471 79 76794
8830 6535 99 79243
9951 6498 64 70398
346 5288 42 39581
7297 6969 62 65758
9709 9632 93 90375
6870 9755 100 88116
9512 9836 71 83836
3658 7820 48 57995
6954 9355 76 79453
7982 6050 92 72112
6856 7390 68 67953
8621 6468 75 69618
9789 8880 17 66079
9668 6908 65 72025
6752 9110 95 83575
9299 6680 71 71715
9241 6593 89 77119
7048 9654 37 68471
8239 9109 89 85066
8493 7675 76 75154
7949 6435 91 74058
6026 7027 71 66432
392 7102 87 60939
9165 7904 83 78959
6741 8727 85 79359
9000 9307 74 82139
6075 7593 99 77556
2899 4688 50 44945
8302 9713 74 82112
9180 7739 66 73956
7942 6856 66 67648
8940 6831 73 72854
5111 4071 54 47233
7353 6664 83 71749
9446 6718 62 69366
8219 6881 66 68628
9492 9104 83 85597
5884 4298 63 53810
8668 8806 64 77751
6102 6684 81 67637
9552 9772 73 85813
6915 9278 74 78568
5266 9910 37 67142
7474 8119 72 74678
9480 9640 81 85896
7847 7901 90 79914
6387 8676 80 75758
9109 5557 77 68489
7413 9086 75 78130
6718 8223 69 72519
6010 8274 98 80343
7267 7236 85 73799
6034 7910 72 69402
6474 9831 82 81632
6948 7976 91 77958
9281 6543 86 75013
9929 9762 67 84370
151 5281 31 35652
7239 7720 62 68153
7382 9570 95 87060
8972 6416 89 75270
7128 9396 71 78706
1673 5713 40 43095
9856 9878 82 89206
7571 9837 97 87961
8659 8867 61 76461
8410 7870 100 84086
6436 7832 44 62107
6048 7280 84 71168
6743 6896 73 67455
6780 8602 80 76055
7071 6959 99 76987
4470 9302 30 59816
6237 9141 72 76470
6682 9286 62 74963
8125 9475 72 80547
7663 6456 71 67492
4586 9946 61 73005
9560 6158 69 69202
9814 8398 96 87476
7193 7853 60 68917
8556 7151 80 74219
3855 3457 93 54662
7714 9049 73 78823
7030 9646 100 88351
9274 8417 83 81243
8840 6364 98 76744
105 8345 55 54641
7337 7107 72 69061
9893 8087 85 82587
7860 8687 87 81588
7868 8963 81 81836
794 6467 64 50943
8697 9836 80 86639
7177 8110 95 79744
6452 8612 91 79455
7546 6736 71 68261
6874 3622 24 41307
6902 7382 97 78351
9450 8067 97 84897
8052 9689 68 80371
9026 7132 99 81302
4485 2786 32 35185
8274 9928 68 81866
9820 6898 78 75011
7382 8867 66 75730
8008 9094 78 81670
3315 9527 80 72863
9936 9056 95 88903
9006 7299 96 80169
8342 7679 73 74064
6709 9718 97 86029
9738 1334 15 33640
6922 6238 82 68044
9906 7237 90 80788
7361 8129 72 73247
7814 8058 85 79134
1319 5111 53 44631
7557 7687 71 72675
9435 8433 65 78000
8174 6259 79 69231
8048 6797 75 70051
8933 4018 10 42035
8844 6057 68 68312
9796 9447 71 84181
6158 6887 88 71483
7603 9803 65 78639
358 6455 96 60198
9948 9745 87 89078
7364 7924 86 77441
8912 6033 81 71800
8307 8605 69 76608
7817 4411 74 60583
8024 6825 100 77924
7693 9733 75 82380
6981 7709 82 74108
8709 9619 92 89181
5863 8784 5 53811
7792 6512 89 73198
8374 8612 62 74739
7670 6482 77 69204
6060 7971 66 68094
342 8847 38 51731
7414 9787 97 87805
6963 8498 97 81667
7348 6889 89 74218
8784 6586 97 78428
991 4337 21 30910
9827 6515 95 78825
8213 9646 79 83194
9448 9994 97 92506
8908 7893 84 79523
3197 5039 77 54942
7472 8215 67 72372
9694 7363 100 82876
6975 7296 81 73018
8624 8612 91 84362
909 978 50 26375
8321 6488 95 76909
6111 6066 70 61953
6210 8157 61 68632
6612 7412 74 71003
9680 806 37 38387
8736 7026 81 75440
7895 7401 61 68299
8225 8868 88 83415
6793 9790 80 81385
8142 517 8 26035
9976 7753 60 74459
7571 8462 95 82893
7052 9642 87 82952
6995 9119 92 82826
5258 1316 56 37445
7945 8685 63 75403
8578 6928 96 78990
8654 6142 91 74674
9273 6007 75 69491
3269 3550 18 31503
6217 9327 99 83566
6498 6072 71 64188
9247 6025 60 66535
7016 7487 90 76512
3656 1965 78 44441
6378 6690 65 63287
9928 8921 75 82718
8370 9871 77 84120
6881 8442 89 79910
8186 1258 91 54692
7108 6751 73 67525
7736 6142 97 74784
6746 8282 61 69251
9946 9748 85 89483
9765 8593 49 72695
9191 7955 93 82457
9546 7020 69 71929
6934 9345 63 74536
6599 8210 63 70433
6802 4029 83 60275
9276 8037 67 76705
9922 9813 74 86777
6350 7356 91 74419
8982 7069 88 78337
3057 3239 98 53922
7820 9036 84 82821
8801 9949 62 81005
7277 7959 68 71977
7413 6534 73 68312
3910 5277 53 49551
8044 8893 87 82081
6480 9160 63 73398
9242 6026 64 67603
9195 6501 66 68894
5417 6835 66 62037
8106 8501 70 75508
9335 7254 60 69854
9259 6078 99 77330
7861 6915 78 71768
1980 7062 25 44706
8506 7391 79 75630
8934 9912 96 90994
9002 6955 72 73190
8810 9271 81 84927
6647 1398 99 53390
7760 7883 99 82350
6588 9155 83 80067
8498 7647 64 71794
6320 6440 90 71347
8742 797 9 28752
7793 9493 67 78292
9482 6872 81 74906
8498 6088 79 69204
9924 7520 65 75264
6242 7866 77 72091
8447 8121 80 79131
6121 7552 76 69547
8290 6182 80 70084
8212 9433 61 76684
6755 7120 76 69071
7331 8060 73 73003
7164 6603 100 74777
7654 9582 88 85491
7491 7012 65 67074
9867 6311 4 50336
7877 7646 70 72708
7097 9499 76 79874
8531 6153 69 66945
8011 9979 63 78872
617 6377 99 60654
9522 9316 67 81440
7582 9506 97 87663
9665 8268 88 84543
6167 9256 65 73628
2488 1839 69 38194
8516 7246 68 72336
6544 6560 75 67045
6379 7839 100 79079
8227 8017 100 82529
4011 4963 36 44437
9882 9313 90 89311
6910 7852 62 68542
8559 7746 78 76463
7016 7479 77 72207
6728 1205 58 40193
9891 6883 75 74755
8242 6032 78 69974
8032 8665 71 77469
8372 6622 99 78894
9935 6066 37 59524
8914 8741 79 81543
7301 6368 75 67391
9605 6807 82 75599
7876 8291 64 73349
5279 6137 91 66462
7020 8786 76 76972
7972 6612 95 75513
9488 7525 96 83842
7990 6339 62 65263
2410 5886 6 34250
6752 7880 79 72853
7713 6021 77 66789
9204 9310 62 78452
7182 6155 99 72839
590 948 13 13304
6245 7645 92 75773
7079 7689 88 75768
7945 7803 96 81350
7365 9888 80 82599
1980 3450 47 36012
7380 8684 88 81383
8856 9681 80 86299
9086 7378 77 75155
6297 8643 81 76541
901 2637 58 35313
7824 6434 100 75399
6379 8452 77 75047
10000 9772 62 82938
6429 7842 88 75608
2717 1448 35 26227
6129 8078 67 70038
6772 7394 97 77982
8930 7071 88 77550
9798 8615 70 80955
151 9361 68 63753
9210 6264 75 70336
7139 6911 76 70703
9410 7155 75 75377
6890 6702 97 74685
1301 1755 86 39907
7841 7931 100 82524
6715 9015 70 75816
8412 6998 70 70912
8480 9547 75 82776
321 5700 46 42626
8499 8729 74 78701
8568 9053 93 85793
7462 8615 77 78113
9572 7075 64 71029
7194 1683 45 39394
9368 6205 75 70787
8078 7229 78 72694
8856 8209 60 73840
7161 7469 87 75665
574 5522 95 56400
7640 8566 74 76423
9681 9119 83 85941
6457 7081 66 66704
7434 8143 66 71440
4642 9967 88 80244
8084 8896 64 75838
9423 9753 85 89028
8065 9838 70 80537
9939 8261 88 84835
2960 2128 40 30708
9068 9063 65 78123
7678 8053 94 80995
6501 8580 66 71142
9821 6426 64 68888
61 7133 100 64033
7729 8756 90 82985
9170 9067 95 87695
8656 7777 86 78852
9309 9978 83 89129
5878 4869 2 35908
8193 7475 80 75014
8680 8848 88 84466
6189 6542 88 69394
7146 8238 100 82179
8421 7987 14 57372
6374 9626 71 78056
7282 9767 77 80790
8323 6246 71 68620
8491 9739 88 87080
4811 5688 31 46408
8940 9994 71 83865
9669 7369 100 82969
7816 6236 62 65085
8801 9548 77 84333
201 3825 73 42099
8651 6759 100 80093
6007 9279 84 79707
7492 9050 91 84141
8383 6506 100 77304
113 1686 10 15052
9200 8591 74 79379
7986 8369 72 75277
7108 6947 98 76159
7420 9024 88 82782
411 6340 26 38612
9783 7060 98 83200
7284 9363 91 84556
7531 6020 94 71831
8402 9330 64 78974
5767 8921 6 53115
8831 8629 84 81715
8214 6903 79 73556
9337 6369 68 68762
7966 6561 69 68769
5361 2411 14 29792
9554 8765 97 87928
6133 8865 69 72553
7748 6047 72 67169
8049 6631 85 73169
5462 170 30 26230
6850 9374 83 81841
9629 7528 92 81446
9663 9483 98 91300
9509 9031 79 83673
4311 6138 93 65174
7889 7348 62 69058
9399 9526 92 89966
9330 9785 87 87902
9915 7654 86 81587
407 969 71 30539
9949 6842 74 73733
7280 8186 69 73377
8472 9525 70 81900
9193 6771 96 79336
5230 3851 70 52112
8381 8985 83 82564
8762 7081 75 73624
9751 8203 76 79350
9446 6426 69 70531
2084 2220 3 19679
7988 7459 96 79263
8875 6568 81 72935
6721 6273 77 65651
8596 8386 77 78084
5314 7094 25 51872
8471 9436 69 79586
9144 6258 91 75865
6144 9372 61 74064
9935 7166 95 82394
1794 8858 19 48907
6848 7818 94 78263
7799 8045 90 79808
7404 9643 87 85061
6176 9549 74 78416
5903 3950 75 55177
6631 7159 60 64539
9081 7317 68 72979
8978 6366 79 71325
9283 9712 80 85731
722 4062 55 38406
6752 9954 66 77451
9030 7536 68 74075
7917 7511 75 73392
7238 8973 75 77555
3833 9191 53 65241
8528 8502 97 84802
6210 7990 73 70567
6256 8803 65 72728
6144 8248 67 71076
6539 6897 29 54504
6420 7827 81 73120
9622 7956 65 75266
7031 6635 80 69740
9083 6601 68 70863
4771 6220 57 55705
7270 9681 95 87492
8792 7080 88 77873
6743 8971 96 82953
9345 8119 91 84274
7063 4006 29 43377
6931 8838 80 77850
8714 7114 71 72074
9713 9915 82 89372
6478 7640 89 75219
5726 3111 38 40650
9945 7491 94 83061
7905 7465 68 70683
6391 6073 99 71088
8396 6966 94 77465
7382 9738 80 82613
9927 7212 68 73622
8391 8046 90 80184
8247 9804 81 84104
7368 8168 97 82430
8841 7238 15 55620
7052 6496 81 69981
8513 8843 99 86896
6693 9760 91 85412
8624 9577 81 83902
7474 3328 64 52673
8028 9288 98 87468
8207 8615 99 85753
6774 8542 67 72500
8026 7601 96 80217
8917 5845 67 65477
8994 6199 96 76534
7880 8230 81 77401
6014 7606 68 68411
8399 7482 68 72179
637 1688 91 40867
9698 6428 90 76285
6911 6333 89 71781
7950 9437 93 86825
8055 9016 85 83350
8728 3288 2 35878
7388 7014 89 73709
9518 7154 97 82647
8376 8705 70 77568
7723 8510 68 74311
7326 4422 27 46121
7594 6939 77 70232
6558 8754 73 75124
8660 8157 72 77063
6382 6716 92 73016
9066 6752 82 74157
9823 9253 97 90612
6486 6897 87 71668
9975 7610 68 74984
9582 7276 93 80293
8827 8607 7 59834
9376 6367 73 71758
7264 7580 74 72480
9319 8940 79 83882
9186 6245 88 75240
8616 6000 1 45906
9960 9823 71 85834
9932 8786 63 79317
9306 7956 82 79307
7913 9303 73 80090
6900 9235 26 62567
9589 6344 62 69015
8762 6863 66 70202
6945 6737 100 76325
9479 7613 76 76658
1531 3629 6 23905
7773 6462 100 75892
7894 6710 82 71823
9642 6476 69 70062
6010 7638 96 76228
5582 6738 63 62664
9955 7750 83 80864
9685 8923 98 89407
8923 7871 84 79343
6263 6061 88 67955
9783 2368 77 57017
7407 6876 62 65092
8087 7433 93 79618
8645 7687 63 72787
6487 7174 80 71435
4185 4755 84 57612
9990 6924 67 73373
9814 8832 82 84285
8758 7064 91 78932
7115 7330 80 72771
3669 6013 77 58722
8200 6737 72 70353
6301 6923 75 67203
8796 8411 80 80084
6884 7500 74 71826
6588 7705 87 74175
9312 8191 74 78932
8382 7702 87 78594
7564 8308 94 82311
8921 7267 83 77455
5936 6996 71 66374
9921 9633 80 86729
7643 9726 63 78139
8219 8660 70 76546
8626 9204 82 83268
8687 3805 0 36819
6704 9196 71 76827
6266 9389 79 79551
6534 9443 99 85570
6292 8264 99 79372
5259 4731 81 58500
9473 8681 66 78091
9898 9899 86 90663
9677 8744 68 79472
9405 6919 86 77908
5990 9874 48 71336
9894 8074 66 76757
6797 6726 88 72835
9282 7827 74 77973
8876 9724 94 89453
1139 6137 47 46297
7824 9237 92 84592
9180 9256 71 81178
6720 6655 83 70057
8408 7340 95 79636
7369 6019 4 45621
9642 6319 68 70882
6594 6536 65 64008
8546 8945 99 87596
7301 6476 89 71208
8055 20 85 47224
8198 7236 72 72116
9123 7960 92 83663
7083 7867 67 70080
6885 7037 69 67882
9230 1355 71 50053
7160 8535 86 78747
7161 6309 97 72997
9806 8200 74 79237
7513 9251 74 78315
8138 9352 25 65195
7134 7121 60 65958
8259 6081 80 70404
7213 6060 80 68007
8815 7948 68 74593
2307 8060 28 50945
6170 7892 77 71880
7451 7964 79 74797
6637 8543 60 71207
9869 8198 78 80570
2316 8777 81 68565
9905 9303 99 91486
8763 6647 90 76186
9487 6743 61 68336
7079 8654 89 81231
3260 1216 8 18912
6869 6997 79 69696
6021 6775 62 63590
8247 6607 86 74111
6603 8159 84 76807
1017 8657 7 44133
8034 7040 63 67997
7804 7825 90 78331
7741 6285 93 74484
8691 7586 61 72011
1120 7967 66 59214
9146 6647 72 70760
9775 9961 98 93098
7788 6566 93 75322
8592 6152 83 70975
2113 7779 21 46716
6063 9955 85 82431
9110 7180 79 74834
9538 9748 69 83720
9311 9294 70 80803
2568 2026 56 35350
7744 6903 80 73087
8793 7490 68 73806
9319 6062 77 70779
9148 9786 87 87981
7114 5914 86 68201
9441 8921 77 82294
9042 6608 60 67919
6001 8638 79 75057
8267 9611 62 78034
804 4781 72 46920
9540 7289 75 76227
9575 8425 96 87339
6543 9386 64 75253
8208 8306 94 82593
5033 2751 31 36161
6848 6998 93 75290
9774 8086 98 86180
7273 9755 65 78823
9035 9236 70 81530
4730 9487 52 67220
8703 6557 74 71516
7641 6925 86 73033
8589 9451 94 88113
7693 7323 63 68062
5432 5207 6 37919
7250 9491 73 78471
6016 7599 72 69215
7794 8095 100 82043
9232 9880 61 81134
3870 71 7 15385
6213 7868 87 75751
8459 9362 84 85246
9623 9352 63 80406
8844 6796 90 77801
2003 7730 47 54652
7425 6701 94 74379
6407 8801 79 76874
9937 8531 84 83401
8117 7888 91 80531
4626 2888 87 52271
6986 8988 78 78022
9561 6668 97 79398
6330 8217 89 77032
9605 9648 63 81306
3014 9747 92 77243
6435 8802 78 76038
6254 7198 88 73028
9871 9882 79 88630
6620 9167 84 79286
9758 7208 7 56265
7085 9855 76 80534
8828 6005 69 67757
6605 8303 89 78703
9808 7287 61 71890
7916 4132 18 42915
7467 9004 64 76144
7391 9305 87 83272
9512 7426 90 81494
8825 8924 63 78197
3502 4398 90 55772
7712 8121 75 75059
7292 7366 76 72246
8202 7098 65 68870
8049 7866 93 81296
166 1851 13 15979
9674 8148 100 86783
8379 9721 71 81475
7288 8195 82 77538
8570 9082 95 86248
3585 8878 17 52771
7341 6711 76 69207
8061 8629 76 78200
6168 9653 73 78151
8503 8868 70 77568
2919 924 70 35790
8731 7974 85 80855
6696 7572 62 66485
9076 9841 97 91209
7397 9753 82 83387
7056 1466 35 34881
8701 6227 78 70940
9307 8443 85 83494
6934 8089 73 72339
6456 7061 84 70739
8547 8764 70 77958
9751 8584 84 83728
8087 7070 68 69047
8440 6062 87 72189
7123 9390 61 74510
3094 945 45 28736
6292 7739 66 67858
6620 8112 66 71098
8224 8803 60 75557
6789 7292 63 66487
7880 3722 9 37382
9824 9823 68 83409
8506 8249 62 72622
7671 9205 93 85713
6098 8485 94 79423
8046 551 40 34780
6112 7509 94 74553
7519 9146 81 80524
8002 7073 81 73574
9206 8155 100 85777
700 8882 81 65795
7087 9356 68 77760
8967 9107 64 77577
7110 7256 69 68041
8542 7910 68 74428
6347 1202 48 36966
6795 6731 74 66813
6740 6500 64 63426
7228 8439 93 80898
9785 7378 60 72799
5941 4873 93 64542
7228 6695 97 76103
7011 7376 94 76181
9436 8046 83 81083
9708 7830 75 77951
6968 3357 88 57983
8242 7555 73 74314
9156 8722 78 81901
6848 6525 97 73299
6320 8666 100 82032
664 9178 90 70329
6209 8079 85 74690
9741 8938 74 81580
9523 7206 69 74563
6434 8532 65 72086
2948 3236 28 33090
6179 7692 70 69853
7452 6574 100 76028
6338 8315 87 77817
9403 9935 87 89549
1104 168 18 12632
6041 8171 89 76741
8410 7568 66 71769
7035 9374 96 86074
8318 7628 96 80719
9745 5620 59 65435
8782 6788 63 69363
7509 6416 88 72441
6414 6858 92 72326
8726 8857 60 76727
6400 1248 17 27337
6416 7755 72 69612
9188 8354 67 76067
9991 6625 80 74534
9458 8873 95 88806
35 554 30 16721
8929 7204 73 73813
7144 6017 66 62451
6109 9620 74 77998
8159 9073 75 80391
3436 6852 26 46724
9586 7624 77 76875
8019 7802 93 80832
8186 7810 89 80067
6596 6668 63 62860
9219 120 100 53608
9256 9958 61 81700
6518 9137 83 80084
8434 6880 76 72763
9957 6978 63 72055
9311 2043 13 36008
6345 9800 97 85543
6216 9093 91 81975
6222 9106 96 82691
7363 8736 78 77728
4974 3523 86 53994
9573 7529 82 79522
9398 8280 78 79334
8429 8320 66 74209
6524 6805 94 72546
9138 950 92 55200
9389 6385 98 79030
8960 6131 62 65590
9817 8674 77 82894
9402 8141 62 74526
8132 7239 61 67774
7823 8020 77 76323
6794 9537 76 80279
7830 6498 87 72789
7894 9127 98 86496
589 3360 26 28170
6041 8995 91 80357
6628 6978 75 68533
7202 9382 81 82165
9121 7454 62 72002
8494 7817 42 65464
6823 8866 88 81355
9774 6625 97 80774
6563 7654 69 70207
7157 7352 95 77821
7247 6798 48 60611
6463 7697 78 72892
9238 8929 92 87158
6184 9964 70 77319
6767 7775 97 78312
5502 5814 37 49941
9212 8760 73 81108
6333 8371 74 73898
8021 9999 75 83667
9225 7078 79 75271
8646 8979 83 82632
6054 7580 92 75187
8890 9384 78 83139
9148 9487 79 84267
6651 9709 67 77206
1666 728 7 12917
7991 7799 72 74148
6934 9872 85 82930
9698 8078 65 75290
6311 7727 100 79072
6232 2386 23 34042
7574 9134 78 79692
8738 8650 79 79884
6347 7731 88 74680
8865 8293 70 77164
5219 5975 80 63429
8572 8608 90 83584
7223 7333 80 73342
8965 9880 80 86927
6929 9043 64 73599
5795 1356 90 49870
7568 7343 95 77953
9826 9371 98 91325
7116 6652 100 75221
7030 9233 89 82189
7475 5385 99 72035
7179 7233 90 75064
9213 7579 80 77568
6319 6364 76 65517
7720 6381 91 73837
8453 413 52 39416
8600 9164 75 80580
7615 9718 66 78112
8278 8976 90 84918
8624 6896 81 73668
1664 7883 8 41846
9002 6683 68 70227
8173 6537 65 67873
6972 9459 93 84386
7241 6781 90 73201
7787 8420 79 77505
6556 6594 72 65263
8778 8372 82 79955
7793 8021 93 81274
6625 7824 86 75510
9303 367 7 27613
6082 9047 72 75263
9212 7227 79 75845
7425 9635 69 78176
6010 6437 63 62052
4570 6476 8 43308
8553 8095 89 81120
6255 6452 85 67870
6036 7404 95 76168
8635 6140 69 66756
6664 2960 51 45850
7812 6568 70 68536
8085 7333 66 70733
8075 8654 82 79441
9652 6907 79 76626
5833 5287 56 54230
7447 7774 88 77090
8704 6756 60 66724
7693 8028 66 72404
8738 7530 64 71986
7829 8019 87 78127
9523 8656 94 87068
8085 7650 93 80622
9527 6390 72 71996
7614 7468 83 75255
865 925 19 15392
7567 6209 95 74182
6458 6399 99 72523
7855 8167 68 73893
8601 9794 67 82404
6716 600 1 20491
6310 8520 96 81431
7738 8892 94 83807
9960 6199 98 78875
7287 6192 90 71393
4794 481 21 22758
7908 6598 80 71395
9799 7482 93 81754
8253 8257 97 82649
7800 6109 93 73286
445 2076 56 31807
7664 7291 72 70173
6784 6992 85 71634
6432 6394 79 68028
6179 6588 69 64949
61 5913 69 49272
8569 9015 73 80383
9212 6208 97 76779
9369 7423 65 73327
6037 8754 69 73195
1245 1208 3 12367
8001 7986 89 79828
8060 7356 95 78763
6437 7136 91 72747
7689 9163 98 87194
1973 198 61 28111
8205 8534 100 85539
9551 7456 88 80513
6585 7426 85 73220
8441 7404 87 77637
3096 2302 45 34207
9781 7611 82 79349
8580 9340 97 88144
6800 7848 84 74437
8914 6075 83 71926
7761 4547 53 54478
7523 8168 81 77650
9923 9120 92 89239
9870 6077 94 77465
7953 9139 100 87758
8320 6120 33 56026
6662 9052 75 76470
8180 9866 84 86995
6277 7801 76 72367
8297 9112 96 87346
1502 5050 80 52303
8765 9237 93 87277
8234 7075 75 73178
8769 9238 69 81016
7387 7797 94 79043
5758 5109 17 42422
7707 8623 93 82894
8616 9104 61 76442
9660 9426 79 86365
7247 6660 87 72790
8328 3021 15 38879
6725 7065 99 75627
6785 8766 82 77370
6740 7682 72 71131
9785 8132 71 77415
4169 421 54 30810
7743 6415 95 74386
9008 9106 61 78592
6388 6779 60 63133
7968 6634 87 72983
4475 2466 24 31394
6334 6702 80 69018
7566 6975 94 76485
7040 8329 75 75812
7453 6657 99 76048
8952 5917 67 66729
6492 9568 93 84276
9146 7752 100 84704
6004 8294 92 77358
9268 7398 71 73636
58 9040 24 47526
8411 7490 98 80750
8596 7356 66 71838
9353 9619 74 83969
6403 6350 83 69076
7980 4475 64 58160
7674 9641 83 84512
8016 6465 87 73281
6518 8639 74 75086
9231 7226 82 77477
9437 201 50 39135
9994 9796 65 84501
7121 7150 75 71062
7281 9806 63 76888
8400 7581 93 79248
859 6968 91 62816
7301 9913 83 85087
6936 6400 75 66596
8574 9707 66 79780
7096 8595 69 75073
8827 9238 38 71511
7581 8393 73 74743
8569 6139 73 69185
8703 6640 95 76711
7332 7149 86 73373
8877 1077 49 42197
7712 7408 82 74467
9752 6737 69 71215
8495 6255 74 68275
7065 7299 74 70455
3661 2023 21 27370
8751 7931 70 76167
6379 9163 66 74467
9896 6055 97 78030
9629 6483 77 73477
1464 8203 90 68091
7257 6453 65 65401
9609 7018 72 74193
8537 7464 89 78877
9861 8834 62 79290
638 2547 56 32407
7613 9423 83 82791
9526 9506 96 89957
8346 6898 86 74228
7092 7209 64 67513
5290 5360 88 64091
8566 9838 90 87516
8088 7541 91 78924
7889 8417 72 75137
8394 8218 84 79296
797 4099 69 44472
8530 6524 75 70923
9178 7733 92 81092
7515 7305 87 76021
7962 9834 66 79782
2676 3199 26 30484
8755 6020 72 68947
7782 6722 83 72556
6752 9900 90 84545
9963 8920 88 86099
4635 5428 25 42484
9879 8748 70 81108
7331 8716 90 81476
9783 8834 84 84804
7680 8376 99 83299
1823 8084 74 64143
9596 8988 97 89738
9620 8819 88 85375
7531 9215 94 85780
9667 8305 100 88310
9437 3795 10 42549
8797 6377 84 74203
7437 9790 77 81644
7981 7736 71 72251
9576 6108 95 76347
2098 6984 37 48675
8483 7419 69 72535
6980 7974 69 71223
6143 9146 98 82888
6237 9899 95 86393
282 4474 94 50937
6697 9395 91 83055
7095 6238 98 73970
8755 8847 98 86992
7722 6757 72 69158
3716 5201 8 36186
7874 7386 78 73592
8436 7614 97 81574
7888 6274 79 70049
9788 6498 98 79033
3735 1718 41 32574
9597 8743 85 84085
9954 9034 99 91131
9601 8777 66 79498
9497 8882 79 83581
3025 455 94 40370
9721 8072 73 78679
9483 7142 84 77486
6169 9209 62 71955
8564 8203 93 82875
5171 6538 74 63552
9236 9769 76 84652
6868 9269 77 79130
7531 8018 82 77639
7424 7241 63 68034
7569 2284 52 44962
6733 7051 81 70423
8097 7321 68 70613
6466 8316 77 74777
7625 9546 72 79195
7132 3446 66 52814
6333 8756 67 73742
8217 6927 61 66869
8436 9071 84 82761
6870 8182 68 71059
935 5028 67 47107
7995 7556 68 72133
6990 8778 85 80496
8942 6579 68 69358
6228 7174 74 67696
5650 7192 75 67989
6054 6258 69 62732
7785 6048 99 74969
7754 9002 75 79384
7698 8518 62 72329
3429 9324 46 62716
9521 8875 60 77770
9983 7916 64 76359
7628 9346 82 82933
6284 8901 91 79647
4139 2334 42 35184
7083 8445 79 76988
7462 8482 99 82806
9904 6988 80 76093
9978 6298 62 69160
6699 1511 69 44529
8046 9685 71 81544
9247 9292 86 86411
6897 8763 75 75820
8467 8454 97 85318
4961 3014 61 45316
7793 9431 85 84082
6814 6636 99 74717
8127 6697 83 72037
8873 6633 87 75957
6683 6155 75 64636
8150 6268 71 67047
6327 9078 80 78950
6352 9047 90 80111
9743 7001 76 76077
6864 1390 22 29909
7831 9299 72 79742
7644 7733 66 71926
9290 6461 61 66967
6497 8751 72 75420
8760 8041 42 66825
7058 9744 71 78865
6209 7560 60 66076
6013 7002 61 63667
9083 7331 85 77183
180 9545 32 52547
9187 6882 73 71904
9416 8289 79 80970
8297 8527 72 77037
7005 7777 70 71799
7353 4739 71 59317
6679 8094 93 78346
9794 6564 92 78558
7336 9230 61 74211
8631 8786 99 86176
4473 1099 24 25750
9965 9134 94 90589
7104 8376 97 82396
9914 8926 96 89706
7039 9543 88 84191
137 4745 96 53661
8737 7909 88 80436
6556 6837 93 72563
9099 8385 98 86458
6572 6087 84 67244
9948 7402 35 65714
9590 7942 81 80073
9354 7910 78 79485
6407 8604 62 71165
9845 7656 80 79279
7751 3016 45 45818
7805 7407 100 80302
6626 6615 73 65727
6280 7521 76 70898
9201 9601 83 86679
2947 5041 67 50617
9796 9234 61 79391
8771 8344 95 83448
6823 8373 89 78751
8752 6125 74 69564
6575 7542 71 70391
6160 6900 85 71333
9267 8464 83 81771
9249 8909 60 77245
6762 7574 64 68321
3586 4235 0 29448
7383 7261 100 78321
7379 9529 95 85817
8871 7302 66 71539
9568 8134 62 75480
7138 8543 16 57683
6621 9340 64 74687
7321 8448 61 72387
6088 9876 77 80477
8418 6078 94 74749
4486 2981 56 43514
8991 7082 71 73057
7835 8989 97 86203
8980 6101 75 70121
6842 9035 85 80757
2647 1760 92 44008
7210 8462 97 82916
8647 8004 76 77959
9776 6708 95 80341
7865 9008 85 82896
3507 814 92 41964
7851 7536 93 78118
7875 7833 95 81155
8919 9538 99 89912
9691 9509 75 84962
6404 1209 90 49833
9911 6202 85 75286
9483 6146 86 74886
9230 6361 78 71899
6535 9555 82 81298
9775 4469 63 61367
7785 7089 100 79787
6436 8172 68 71364
8994 9302 78 82773
7881 7382 90 78005
1262 7313 94 65692
7552 9371 78 81953
7602 7913 81 76860
7367 6929 100 77637
7707 7176 97 78870
8567 6965 68 70135
9258 7212 80 76470
9447 9004 83 85629
7371 7131 71 68926
6628 6420 78 68025
9246 5330 1 45187
9812 7576 82 78588
8635 8229 77 78331
8394 9521 66 80204
6692 6812 67 65446
4106 3971 19 35486
8036 8389 73 76921
8657 8472 89 83104
9294 9928 69 83639
8965 9478 100 90306
3598 1042 45 30472
9390 8436 65 76075
7338 6778 100 76853
6571 7624 74 70358
7467 8963 94 83632
9579 8573 69 78242
7406 8343 91 80905
6571 7634 76 71612
7387 9933 60 78313
8297 8822 92 84762
201 7396 95 64150
6882 8328 87 78062
7632 7968 95 80426
9711 6625 76 73502
6832 8818 98 84239
3897 9545 71 72861
6964 8770 67 73315
9401 7929 83 80802
9992 9134 82 86018
6338 6778 64 64558
7277 2128 45 40567
9488 9341 63 80264
7906 7154 79 72510
8388 6573 73 69196
7529 9484 87 83520
3058 3884 22 33711
7489 7738 71 71847
6144 6032 83 66124
8865 7985 97 83837
8501 8342 88 82327
4425 733 54 32691
6691 7685 90 75125
8873 7046 60 69821
6732 8536 80 77423
6185 9746 74 79253
110 828 32 18073
8177 9499 82 83957
6281 6463 66 62225
9014 9611 90 88287
10000 10000 100 95000