126 475 86
-1 -1.000000 -1 -1 5
-1 -1.000000 -1 -1 8
-1 -1.000000 -1 -1 9
56 223.952336 1 2 -1
3 1607.170566 3 4 -1
-1 -1.000000 -1 -1 4
-1 -1.000000 -1 -1 0
106 1442.077489 5 6 -1
-1 -1.000000 -1 -1 0
-1 -1.000000 -1 -1 5
70 1560.294356 7 8 -1
-1 -1.000000 -1 -1 1
109 1363.398307 9 10 -1
-1 -1.000000 -1 -1 4
-1 -1.000000 -1 -1 6
-1 -1.000000 -1 -1 4
-1 -1.000000 -1 -1 3
35 533.087824 11 12 -1
41 1677.746476 13 14 -1
74 1811.865575 15 16 -1
-1 -1.000000 -1 -1 2
-1 -1.000000 -1 -1 0
-1 -1.000000 -1 -1 4
105 1576.603040 17 18 -1
90 1701.150977 19 20 -1
18 1670.102563 21 22 -1
117 587.614425 23 24 -1
-1 -1.000000 -1 -1 0
-1 -1.000000 -1 -1 6
94 839.241610 25 26 -1
4 1925.498307 27 28 -1
-1 -1.000000 -1 -1 5
29 550.874866 29 30 -1
16 292.773776 31 32 -1
84 1648.875642 33 34 -1
-1 -1.000000 -1 -1 5
59 713.569042 35 36 -1
-1 -1.000000 -1 -1 4
69 1016.630858 37 38 -1
22 1054.567911 39 40 -1
20 756.637894 41 42 -1
44 1408.960215 43 44 -1
-1 -1.000000 -1 -1 5
88 1401.523252 45 46 -1
-1 -1.000000 -1 -1 6
-1 -1.000000 -1 -1 0
-1 -1.000000 -1 -1 8
28 1619.747713 47 48 -1
-1 -1.000000 -1 -1 5
3 805.980802 49 50 -1
-1 -1.000000 -1 -1 2
-1 -1.000000 -1 -1 7
78 477.733067 51 52 -1
-1 -1.000000 -1 -1 8
-1 -1.000000 -1 -1 0
48 747.196469 53 54 -1
112 499.456397 55 56 -1
-1 -1.000000 -1 -1 7
68 1734.078565 57 58 -1
39 881.734429 59 60 -1
117 300.343504 61 62 -1
12 1774.694063 63 64 -1
81 693.750726 65 66 -1
-1 -1.000000 -1 -1 8
-1 -1.000000 -1 -1 5
-1 -1.000000 -1 -1 1
32 490.997348 67 68 -1
58 1136.348252 69 70 -1
22 1002.200056 71 72 -1
44 1816.813415 73 74 -1
41 504.444800 75 76 -1
-1 -1.000000 -1 -1 1
-1 -1.000000 -1 -1 0
38 1626.556235 77 78 -1
-1 -1.000000 -1 -1 8
92 560.766074 79 80 -1
-1 -1.000000 -1 -1 8
-1 -1.000000 -1 -1 7
14 107.458726 81 82 -1
-1 -1.000000 -1 -1 1
23 1312.436446 83 84 -1
-1 -1.000000 -1 -1 0
-1 -1.000000 -1 -1 7
59 356.367656 85 86 -1
45 1896.423984 87 88 -1
-1 -1.000000 -1 -1 5
-1 -1.000000 -1 -1 7
-1 -1.000000 -1 -1 6
-1 -1.000000 -1 -1 9
-1 -1.000000 -1 -1 7
42 1572.776458 89 90 -1
54 1363.951540 91 92 -1
-1 -1.000000 -1 -1 5
-1 -1.000000 -1 -1 6
-1 -1.000000 -1 -1 1
61 647.951937 93 94 -1
-1 -1.000000 -1 -1 4
11 1564.664292 95 96 -1
-1 -1.000000 -1 -1 4
112 1160.719551 97 98 -1
-1 -1.000000 -1 -1 9
7 110.397875 99 100 -1
-1 -1.000000 -1 -1 1
82 648.251901 101 102 -1
107 96.598740 103 104 -1
-1 -1.000000 -1 -1 8
95 308.233052 105 106 -1
-1 -1.000000 -1 -1 1
-1 -1.000000 -1 -1 0
-1 -1.000000 -1 -1 0
74 288.230128 107 108 -1
87 1259.909302 109 110 -1
99 794.639474 111 112 -1
-1 -1.000000 -1 -1 8
37 1646.252450 113 114 -1
32 161.502218 115 116 -1
93 1745.298801 117 118 -1
104 451.319732 119 120 -1
-1 -1.000000 -1 -1 2
4 952.207413 121 122 -1
6 1843.504211 123 124 -1
-1 -1.000000 -1 -1 4
27 1392.560723 125 126 -1
34 1691.900341 127 128 -1
-1 -1.000000 -1 -1 1
-1 -1.000000 -1 -1 3
63 1842.647140 129 130 -1
-1 -1.000000 -1 -1 0
53 1272.061165 131 132 -1
24 1978.825104 133 134 -1
-1 -1.000000 -1 -1 7
64 1403.924903 135 136 -1
-1 -1.000000 -1 -1 4
-1 -1.000000 -1 -1 7
-1 -1.000000 -1 -1 3
25 1182.959863 137 138 -1
-1 -1.000000 -1 -1 6
-1 -1.000000 -1 -1 0
102 447.399644 139 140 -1
-1 -1.000000 -1 -1 4
73 1604.394134 141 142 -1
-1 -1.000000 -1 -1 0
91 690.516915 143 144 -1
-1 -1.000000 -1 -1 8
38 286.129895 145 146 -1
-1 -1.000000 -1 -1 5
66 1476.340505 147 148 -1
-1 -1.000000 -1 -1 1
65 167.930791 149 150 -1
77 953.884499 151 152 -1
-1 -1.000000 -1 -1 9
4 1545.957483 153 154 -1
65 622.447023 155 156 -1
107 1064.308944 157 158 -1
-1 -1.000000 -1 -1 6
119 245.801554 159 160 -1
32 214.471879 161 162 -1
62 87.757118 163 164 -1
-1 -1.000000 -1 -1 5
120 1141.042551 165 166 -1
8 597.148094 167 168 -1
35 1839.607659 169 170 -1
112 1156.265976 171 172 -1
-1 -1.000000 -1 -1 4
70 947.499182 173 174 -1
104 1073.636860 175 176 -1
-1 -1.000000 -1 -1 2
33 1905.012574 177 178 -1
41 1599.817095 179 180 -1
-1 -1.000000 -1 -1 7
61 1964.683479 181 182 -1
50 1243.978053 183 184 -1
-1 -1.000000 -1 -1 6
14 175.076978 185 186 -1
-1 -1.000000 -1 -1 1
97 1288.119627 187 188 -1
111 1988.766910 189 190 -1
-1 -1.000000 -1 -1 1
-1 -1.000000 -1 -1 6
84 591.938170 191 192 -1
32 1248.241533 193 194 -1
44 782.287731 195 196 -1
51 1301.363273 197 198 -1
112 1869.897346 199 200 -1
16 238.784096 201 202 -1
83 1775.624546 203 204 -1
25 1506.068818 205 206 -1
-1 -1.000000 -1 -1 8
-1 -1.000000 -1 -1 6
51 798.999426 207 208 -1
-1 -1.000000 -1 -1 5
-1 -1.000000 -1 -1 7
122 486.945968 209 210 -1
63 742.566122 211 212 -1
-1 -1.000000 -1 -1 0
120 121.575417 213 214 -1
40 587.149505 215 216 -1
39 947.440903 217 218 -1
-1 -1.000000 -1 -1 2
76 1632.659310 219 220 -1
-1 -1.000000 -1 -1 3
89 1299.270297 221 222 -1
24 486.014699 223 224 -1
-1 -1.000000 -1 -1 4
0 446.022647 225 226 -1
20 456.582876 227 228 -1
-1 -1.000000 -1 -1 6
-1 -1.000000 -1 -1 8
69 496.207735 229 230 -1
64 1796.071696 231 232 -1
-1 -1.000000 -1 -1 7
-1 -1.000000 -1 -1 9
-1 -1.000000 -1 -1 7
-1 -1.000000 -1 -1 1
107 911.148498 233 234 -1
76 1421.341458 235 236 -1
-1 -1.000000 -1 -1 8
-1 -1.000000 -1 -1 2
-1 -1.000000 -1 -1 9
118 759.317185 237 238 -1
107 506.020309 239 240 -1
28 1557.883378 241 242 -1
45 1365.753069 243 244 -1
-1 -1.000000 -1 -1 4
-1 -1.000000 -1 -1 9
-1 -1.000000 -1 -1 7
61 26.815127 245 246 -1
-1 -1.000000 -1 -1 8
-1 -1.000000 -1 -1 9
-1 -1.000000 -1 -1 9
93 1059.220398 247 248 -1
43 329.065681 249 250 -1
-1 -1.000000 -1 -1 5
86 1372.799769 251 252 -1
83 1001.078615 253 254 -1
68 592.790690 255 256 -1
-1 -1.000000 -1 -1 2
-1 -1.000000 -1 -1 2
123 252.698423 257 258 -1
-1 -1.000000 -1 -1 7
-1 -1.000000 -1 -1 8
32 682.177155 259 260 -1
116 94.299245 261 262 -1
-1 -1.000000 -1 -1 0
69 1291.468865 263 264 -1
37 483.527356 265 266 -1
-1 -1.000000 -1 -1 0
-1 -1.000000 -1 -1 6
-1 -1.000000 -1 -1 7
-1 -1.000000 -1 -1 1
-1 -1.000000 -1 -1 0
60 382.695346 267 268 -1
34 1754.642367 269 270 -1
66 83.055222 271 272 -1
-1 -1.000000 -1 -1 3
-1 -1.000000 -1 -1 5
-1 -1.000000 -1 -1 9
48 991.010813 273 274 -1
77 1906.615828 275 276 -1
-1 -1.000000 -1 -1 3
121 1814.309867 277 278 -1
-1 -1.000000 -1 -1 0
-1 -1.000000 -1 -1 9
89 102.302391 279 280 -1
-1 -1.000000 -1 -1 6
-1 -1.000000 -1 -1 4
-1 -1.000000 -1 -1 3
-1 -1.000000 -1 -1 2
107 991.069082 281 282 -1
-1 -1.000000 -1 -1 1
-1 -1.000000 -1 -1 4
-1 -1.000000 -1 -1 1
-1 -1.000000 -1 -1 7
90 559.341811 283 284 -1
-1 -1.000000 -1 -1 4
69 377.344610 285 286 -1
107 1885.709456 287 288 -1
-1 -1.000000 -1 -1 6
-1 -1.000000 -1 -1 4
79 1305.022653 289 290 -1
68 1614.566426 291 292 -1
-1 -1.000000 -1 -1 0
-1 -1.000000 -1 -1 2
0 1728.349307 293 294 -1
82 1987.816027 295 296 -1
-1 -1.000000 -1 -1 0
55 369.118516 297 298 -1
77 342.221991 299 300 -1
117 1485.947495 301 302 -1
33 897.512148 303 304 -1
-1 -1.000000 -1 -1 8
-1 -1.000000 -1 -1 6
89 613.307699 305 306 -1
21 1199.230031 307 308 -1
-1 -1.000000 -1 -1 9
-1 -1.000000 -1 -1 0
32 535.374871 309 310 -1
-1 -1.000000 -1 -1 8
70 1892.310509 311 312 -1
39 1290.638470 313 314 -1
82 618.656586 315 316 -1
-1 -1.000000 -1 -1 4
-1 -1.000000 -1 -1 8
45 1029.455812 317 318 -1
-1 -1.000000 -1 -1 9
124 875.715618 319 320 -1
124 1920.413882 321 322 -1
-1 -1.000000 -1 -1 5
-1 -1.000000 -1 -1 2
56 565.696592 323 324 -1
72 1067.390269 325 326 -1
-1 -1.000000 -1 -1 4
83 1955.837218 327 328 -1
117 80.106510 329 330 -1
-1 -1.000000 -1 -1 9
61 1559.655898 331 332 -1
19 417.481923 333 334 -1
99 1491.526404 335 336 -1
-1 -1.000000 -1 -1 1
58 366.394294 337 338 -1
31 1550.385517 339 340 -1
6 1006.895000 341 342 -1
113 333.268486 343 344 -1
-1 -1.000000 -1 -1 0
-1 -1.000000 -1 -1 2
109 27.807759 345 346 -1
119 8.786033 347 348 -1
50 820.840953 349 350 -1
12 438.693646 351 352 -1
-1 -1.000000 -1 -1 8
-1 -1.000000 -1 -1 2
-1 -1.000000 -1 -1 0
-1 -1.000000 -1 -1 8
20 578.192458 353 354 -1
-1 -1.000000 -1 -1 8
94 1071.116201 355 356 -1
78 68.557058 357 358 -1
43 1457.620615 359 360 -1
-1 -1.000000 -1 -1 5
-1 -1.000000 -1 -1 1
87 546.488243 361 362 -1
59 104.198840 363 364 -1
-1 -1.000000 -1 -1 4
-1 -1.000000 -1 -1 1
-1 -1.000000 -1 -1 3
-1 -1.000000 -1 -1 8
8 1153.041759 365 366 -1
-1 -1.000000 -1 -1 4
-1 -1.000000 -1 -1 8
58 388.422019 367 368 -1
-1 -1.000000 -1 -1 7
-1 -1.000000 -1 -1 6
-1 -1.000000 -1 -1 6
63 578.477804 369 370 -1
71 884.118844 371 372 -1
-1 -1.000000 -1 -1 2
-1 -1.000000 -1 -1 2
-1 -1.000000 -1 -1 4
81 1049.468107 373 374 -1
87 482.442822 375 376 -1
99 1723.138481 377 378 -1
70 1959.660887 379 380 -1
81 697.444635 381 382 -1
124 1533.881294 383 384 -1
-1 -1.000000 -1 -1 2
-1 -1.000000 -1 -1 5
-1 -1.000000 -1 -1 3
0 47.812029 385 386 -1
-1 -1.000000 -1 -1 7
97 280.065314 387 388 -1
-1 -1.000000 -1 -1 2
56 523.852779 389 390 -1
104 34.757289 391 392 -1
101 1660.217111 393 394 -1
36 987.536951 395 396 -1
86 1313.687651 397 398 -1
-1 -1.000000 -1 -1 2
114 643.578430 399 400 -1
23 1552.299654 401 402 -1
-1 -1.000000 -1 -1 8
-1 -1.000000 -1 -1 1
94 1813.995220 403 404 -1
12 368.931972 405 406 -1
97 16.177258 407 408 -1
82 164.878545 409 410 -1
70 824.600061 411 412 -1
115 760.951309 413 414 -1
-1 -1.000000 -1 -1 5
66 823.079489 415 416 -1
-1 -1.000000 -1 -1 3
-1 -1.000000 -1 -1 1
85 1571.764733 417 418 -1
-1 -1.000000 -1 -1 9
-1 -1.000000 -1 -1 7
84 346.892646 419 420 -1
-1 -1.000000 -1 -1 0
0 61.269502 421 422 -1
-1 -1.000000 -1 -1 4
21 923.550403 423 424 -1
-1 -1.000000 -1 -1 7
1 717.516123 425 426 -1
-1 -1.000000 -1 -1 8
36 224.047519 427 428 -1
-1 -1.000000 -1 -1 5
-1 -1.000000 -1 -1 1
-1 -1.000000 -1 -1 0
-1 -1.000000 -1 -1 2
-1 -1.000000 -1 -1 3
-1 -1.000000 -1 -1 5
-1 -1.000000 -1 -1 4
-1 -1.000000 -1 -1 1
81 196.733424 429 430 -1
-1 -1.000000 -1 -1 2
121 337.618666 431 432 -1
66 311.848378 433 434 -1
110 1709.060406 435 436 -1
92 1149.864620 437 438 -1
-1 -1.000000 -1 -1 8
110 1674.947485 439 440 -1
-1 -1.000000 -1 -1 0
-1 -1.000000 -1 -1 2
66 976.397959 441 442 -1
-1 -1.000000 -1 -1 1
88 74.233865 443 444 -1
-1 -1.000000 -1 -1 1
51 514.168008 445 446 -1
103 1427.856151 447 448 -1
55 411.598538 449 450 -1
-1 -1.000000 -1 -1 6
-1 -1.000000 -1 -1 9
81 1935.342455 451 452 -1
15 914.188770 453 454 -1
-1 -1.000000 -1 -1 5
64 0.014043 455 456 -1
-1 -1.000000 -1 -1 9
5 1048.493750 457 458 -1
100 1550.633654 459 460 -1
-1 -1.000000 -1 -1 7
2 1765.492792 461 462 -1
1 123.274347 463 464 -1
-1 -1.000000 -1 -1 9
-1 -1.000000 -1 -1 1
111 1333.540299 465 466 -1
-1 -1.000000 -1 -1 5
35 562.662883 467 468 -1
-1 -1.000000 -1 -1 6
71 1602.270860 469 470 -1
-1 -1.000000 -1 -1 4
-1 -1.000000 -1 -1 7
28 495.913415 471 472 -1
-1 -1.000000 -1 -1 3
-1 -1.000000 -1 -1 4
-1 -1.000000 -1 -1 7
-1 -1.000000 -1 -1 5
-1 -1.000000 -1 -1 8
61 1714.300805 473 474 -1
-1 -1.000000 -1 -1 6
-1 -1.000000 -1 -1 9
-1 -1.000000 -1 -1 0
-1 -1.000000 -1 -1 9
-1 -1.000000 -1 -1 3
-1 -1.000000 -1 -1 0
-1 -1.000000 -1 -1 6
-1 -1.000000 -1 -1 4
-1 -1.000000 -1 -1 0
-1 -1.000000 -1 -1 5
-1 -1.000000 -1 -1 1
-1 -1.000000 -1 -1 4
-1 -1.000000 -1 -1 9
-1 -1.000000 -1 -1 9
-1 -1.000000 -1 -1 4
-1 -1.000000 -1 -1 7
-1 -1.000000 -1 -1 2
-1 -1.000000 -1 -1 8
-1 -1.000000 -1 -1 0
1725.279076 1767.712848 1651.503407 1151.931559 2403.231954 459.080347 450.328472 1252.822149 1325.464663 424.952563 1529.241456 1296.953272 527.043345 761.984222 1264.500911 993.237976 1986.319219 2134.408391 1953.350311 1089.903299 1122.143544 76.779249 3.963171 218.723661 66.020063 58.558748 2266.384366 662.428873 863.864026 1258.225136 1010.661236 1653.404802 2396.877840 2423.963502 53.891292 1965.680212 2385.973404 227.140371 1323.609529 793.407518 165.247985 1629.483116 1437.732003 2085.107363 1381.655026 1433.971733 1729.423074 554.864274 223.443091 1485.308509 2280.648618 1207.913590 1008.561809 54.700714 1446.990134 937.662758 1441.830276 1039.667938 1679.636781 2160.816572 1654.590084 839.110411 1021.052973 546.043151 1038.181610 463.599260 2452.630822 2035.319966 1667.788590 586.882782 626.063574 1105.624742 1851.718881 545.388143 1933.949121 2313.943484 386.934204 1389.180204 506.057997 1264.875046 1885.852917 592.516884 1774.904433 2010.784839 1890.085212 1023.832133 2322.349969 154.824159 1583.241947 1217.605757 1512.447816 1721.330067 2279.234990 495.709592 621.630828 1121.063618 913.283861 77.544675 24.826831 662.112229 37.143118 329.586606 786.721598 1188.375013 1434.733202 1782.258847 2019.063134 146.193334 2372.380856 1297.948418 574.013174 1850.747594 1077.790347 1492.043877 190.203350 290.375999 2093.412315 426.464508 1732.314315 565.483084 2141.721723 570.070080 2049.441917 2292.257711 1734.847356 833.308529
1386.914475 1264.173068 774.619564 2436.144205 1633.601577 250.556552 70.380721 1800.106853 844.571910 2282.590119 427.401872 45.084707 498.480076 2173.909932 1609.463665 1389.198509 2166.704438 1305.226576 812.606874 1678.649628 645.765018 14.782286 424.024174 1594.328736 1376.731127 1966.759702 407.092241 156.241384 2431.000627 1333.856140 2207.470974 88.306247 2081.872781 1249.599361 2031.389346 2414.488803 1560.242805 1510.293105 642.525258 626.362802 860.277726 1607.014172 71.551320 1422.385292 1093.820720 2392.022211 794.344669 1604.122474 1173.487781 1583.835477 1813.374133 2314.458259 1165.184868 2298.664378 2218.982768 1847.715288 1901.136852 1027.219709 1684.150696 964.577613 763.807109 30.491607 1453.751509 2341.639858 1533.856726 849.877994 1013.768526 2481.504363 1322.952898 1802.387639 260.780987 1169.145070 1366.314645 221.414546 1302.013041 572.563100 1394.072254 815.234655 1789.273422 39.038140 2288.741000 83.540835 1159.535742 1888.050260 563.620965 297.687855 1786.314844 682.469772 1155.476505 1688.338599 2162.319493 109.753642 2435.687589 165.423087 418.677515 323.184405 537.439999 1692.081997 2130.378587 1028.398141 2075.473118 1623.273386 1727.843037 1463.276497 2278.675822 2102.333704 1089.997238 2469.500357 44.074448 543.024217 1843.318491 861.748540 1857.461635 1415.597955 1705.429735 976.967727 1508.831436 1097.818616 2237.980211 891.458177 1748.378870 516.261129 1906.617203 1828.656340 2052.260270 1709.588241
1244.368406 2146.280780 1084.482287 2274.232729 2033.415406 1602.640706 2254.952023 1512.241305 298.616922 1168.437684 50.700306 2412.622666 385.893796 2444.599458 348.963538 31.142274 2297.374716 2416.856070 347.776331 1012.717540 1960.796495 2186.602044 2390.116765 1688.754579 945.616630 466.553974 245.116954 145.316300 1753.553484 2337.521024 2456.977112 183.211604 2430.173268 15.996617 1815.016627 1438.131150 2246.406838 1525.087619 2159.342080 1823.666485 713.144334 85.773429 1794.376633 1284.513313 706.456720 594.810372 2484.496600 554.885402 1495.683946 2357.248603 484.090190 1349.299052 203.516364 1804.028006 574.294570 1804.634291 2493.134525 610.547815 1769.115764 1633.746106 861.085062 2235.810058 1993.596485 2204.533771 2184.616816 1748.377235 598.353098 174.335477 1382.355204 717.001949 1382.442655 1698.720129 898.368986 182.750389 101.178048 1547.757673 811.603359 2361.273820 1217.890581 1527.407268 342.543173 1315.804636 736.891025 2147.782573 1.954560 121.949629 2197.657617 569.570712 2341.097052 1249.334868 1733.537133 414.440683 2126.473176 857.875384 699.120922 142.633619 1328.451244 4.996949 489.634127 374.995831 1161.776295 969.058779 2357.583700 1608.319671 891.340825 19.801961 1126.825238 86.301024 1340.188286 976.989913 2134.928376 2216.712475 2362.321409 542.307172 2018.289635 1873.078450 504.843426 1771.944738 331.121293 2415.369344 201.967109 2498.421570 1654.466637 66.479716 1239.332140 162.192360
2122.123526 909.310044 738.753052 1084.606383 927.785870 1549.539550 2299.492012 851.762432 2226.405578 685.080773 697.855966 2273.716451 20.261672 1860.688991 883.378002 1567.941618 758.947826 925.707250 1759.021394 739.042733 1580.380336 2068.894484 2060.761300 1181.799686 264.981717 2069.218260 1555.043310 1097.239358 479.076990 1855.980144 1436.597813 264.759967 499.833770 189.709921 1262.780137 1898.333302 434.474645 191.239479 1330.756497 2387.686846 2229.019912 2346.392903 1118.575254 737.648703 552.796734 927.090776 2103.376175 872.797578 2277.797601 1235.049844 1290.768149 627.604945 173.369044 1701.476189 1432.632394 1534.769705 1399.685012 135.492690 1925.673867 779.871505 888.659602 1052.725771 223.662572 1525.083403 2428.160990 1321.208598 2287.452916 475.119129 2373.960825 1626.872652 1392.051192 2160.300029 1170.847548 736.479750 363.130991 250.381025 896.703282 29.185647 2111.510508 278.465097 2085.614329 1510.955195 526.127150 1246.971184 1609.041036 264.994319 458.052725 1436.713160 970.818222 976.050373 496.531106 1007.068899 2156.344577 2150.460200 1582.508382 1599.494935 676.464311 13.398683 1607.120278 2032.686942 942.261887 1832.238648 1859.631379 158.718347 38.873116 369.062253 304.522357 1962.192988 1231.168052 946.744106 1374.961932 2252.815719 2200.494423 823.772127 30.019062 1313.971530 481.418636 237.970303 2079.000440 2409.407332 596.987980 1324.556779 2446.660296 2258.537909 524.337264 2364.364469
2208.309878 1345.847671 680.727055 1113.565451 1881.246196 911.801437 626.992600 1182.086840 2197.298216 550.559925 2201.516792 606.438772 1962.895492 1629.659962 1199.918420 1917.855616 661.237660 1978.260228 2490.077332 1046.708980 1949.691168 741.994509 364.922428 2392.329951 1222.680791 235.042746 627.572480 422.445110 1782.651165 1506.004588 1622.348031 1609.887037 2210.791443 1976.899898 924.018055 795.235030 1210.999700 812.187742 1243.312482 1575.105464 1430.029357 1870.271155 994.609306 915.109022 66.497156 458.724850 214.363253 946.535453 803.162963 1834.925329 749.501003 1140.469263 129.556896 700.561884 81.461178 67.122015 1431.564333 2153.953181 815.822839 1926.508341 2339.768994 538.264769 1333.612691 2391.986293 1694.280048 1087.298848 1927.293158 1859.809892 486.679639 1322.855786 2101.210221 2103.524021 597.163865 1706.333498 1189.825434 1121.601790 1598.515157 58.138827 1898.037713 1090.694064 1179.686548 1747.269814 1882.437904 93.497318 857.485039 1900.051996 2344.905884 628.925478 753.629194 2453.296568 2475.587622 1866.814241 2008.377345 1269.825302 358.574627 1129.405840 1095.912572 2270.241687 1991.720952 2341.385622 1803.029689 257.649313 915.101090 1992.460560 1935.559865 858.982409 2024.157850 1100.456833 2108.703654 149.110227 815.162124 96.352869 1749.997563 606.954034 1097.267746 899.926725 1990.062443 688.243323 892.801620 887.869294 847.047590 9.117025 1953.109824 2151.784572 1153.380364 968.066863
2467.454155 174.616183 2208.597534 855.205952 736.253260 352.258566 0.625453 298.079647 733.665887 584.424138 1928.910686 1081.986221 372.396584 1365.128373 690.747167 2059.866299 132.190238 389.604697 409.551116 922.056717 1550.148339 1361.949665 26.149945 1017.073410 2347.440556 144.354506 732.419731 914.394583 1744.165309 2173.671704 2005.590256 1509.397826 1660.621605 1296.439704 1484.221543 675.956736 677.124976 536.451862 1682.111836 2405.740718 2045.323594 1102.018568 722.522025 53.953582 408.770284 849.193990 963.069069 1588.985903 1188.887067 1551.488872 1625.114742 999.193778 507.550855 285.450188 1411.121219 71.894941 1697.606700 1666.037307 349.377325 232.329137 894.806458 1807.593602 1430.314891 143.751346 272.059167 317.597221 300.601780 783.644077 1237.019895 2332.628952 719.524796 311.164909 535.491599 974.579083 1570.453430 1229.427024 1282.757044 352.666116 1199.587055 1558.806532 807.939960 2389.203500 1583.130794 1500.269486 1606.935583 1878.478654 2190.066065 2214.276015 690.376293 724.656764 314.298053 2192.572186 1793.073553 2204.791120 1101.093057 1386.397403 626.973646 209.847930 627.462513 90.215921 1198.049695 1755.332158 257.743272 745.254958 992.769772 668.930848 1872.716629 1642.833689 695.128119 1339.596000 757.926933 249.562787 2177.463289 1955.151357 916.513102 1871.616668 1548.261658 961.343216 482.752364 1674.737407 2059.871045 1402.878381 1703.508905 1417.561750 2474.084594 1787.180370
1671.887528 598.830795 2472.008241 537.857832 1268.158100 324.421447 363.622659 940.888603 585.195066 2302.519810 408.608898 1899.937461 1091.734316 1882.153739 1191.613966 1972.763789 81.876938 2301.467064 2081.848427 1698.595565 1079.482024 410.931950 516.621370 863.218072 1259.258493 1093.060550 969.788033 1235.696725 2336.663538 2440.517502 2003.543496 78.634227 1695.206135 2302.434208 8.830645 66.688231 1778.277360 1428.460953 2466.122469 1093.113314 882.008540 1454.627895 2381.296922 1852.566180 57.092947 1526.129622 339.473589 2015.652791 1544.163688 1830.384329 399.941436 1609.314451 949.154508 1660.864624 1738.053323 2298.908231 2186.041733 2121.264039 2136.650578 12.277873 518.638555 304.910661 2233.419275 1634.782268 671.282167 1582.122475 328.971628 1914.982239 1060.329232 2227.893969 1639.075337 1302.246883 441.954668 1578.448451 2492.663359 544.578820 518.412120 309.400709 1374.895827 2209.503414 714.921730 1160.837185 1433.435140 1924.744822 1281.846914 343.510856 1531.686084 2350.897541 2464.397967 1308.440999 22.816101 1028.245421 1643.577340 2333.574403 1700.874813 2096.168359 1285.002855 130.603507 636.703948 962.919784 1461.791795 51.372896 554.772728 1070.692376 536.928635 1463.077934 766.795580 1547.657826 751.248045 89.669649 1148.823116 2272.950396 934.809104 515.438256 981.398858 1486.317584 1517.721805 1536.730531 1981.363565 921.481487 792.796945 12.446964 978.842313 1843.583295 509.403120 5.872084
1619.098358 2373.510062 2347.435319 508.274259 592.066956 167.692030 1951.921237 1831.975891 1272.242996 702.883421 1782.808524 540.314125 2370.229660 200.895279 2036.712313 199.970493 1183.352246 1859.309556 1135.920439 964.650064 1712.909476 1277.239051 2003.294879 2435.806090 2333.001523 1742.365789 687.638264 994.436012 2379.534328 2390.420054 555.950497 2460.461931 1410.378845 1248.861688 1843.275923 2157.297816 1211.680746 1402.949103 1669.411735 1735.976223 1851.005260 1719.264725 1533.170165 889.706449 1470.264254 829.190395 1092.186924 362.992714 1172.339795 965.858093 1482.115503 1336.071672 2362.991969 1428.648346 1568.637771 1354.583259 1563.838520 2166.309363 2120.131580 1322.996702 1383.383198 898.930244 620.892211 2424.844086 1242.042864 436.485872 510.737382 1911.729357 1625.992844 1679.050694 961.374220 1074.359068 482.504388 370.986925 122.256486 1614.973172 2002.993837 523.658119 2151.184947 1913.846246 254.487365 2406.741449 189.663758 1336.290251 1086.130084 436.171664 409.865148 963.518364 1344.749587 432.884009 654.741073 1226.258149 1961.274887 985.533975 2316.863437 2006.141322 2395.530047 306.718421 1846.990062 2483.945327 7.381630 2349.087160 24.804194 470.842268 2164.179485 1995.825230 2292.490137 653.221123 1257.529543 1311.150134 2058.552589 2053.217505 2437.574104 914.442809 589.650456 2447.179038 672.494298 2431.229034 2011.208274 4.617841 667.045049 2239.926386 154.261318 1513.309737 2244.259577 1241.120161
2214.573924 1764.979774 1051.059452 1239.341870 586.177933 1613.896408 2167.926838 1113.299172 2335.667733 931.812375 1615.928078 1511.955823 2277.822553 1840.391412 205.366692 558.486537 1809.446907 2429.101142 1292.587441 812.399137 2481.595688 771.714238 1767.923179 683.428775 853.110220 1922.922505 1045.076046 1668.411225 1550.785870 1383.356617 148.104940 432.691293 773.747612 538.638772 540.123513 126.897038 1361.843885 1760.332006 1207.580575 520.245734 897.420851 1962.112260 2247.379511 1698.951995 2399.378026 80.281346 2488.965314 1914.395450 642.009031 325.633162 609.236792 2165.584108 1990.002114 314.272883 679.686966 1800.851655 1089.224542 2415.845522 1618.482207 2483.728167 462.513826 1580.038287 1110.643998 732.158712 1598.705437 1034.420463 1892.114355 665.788970 1239.900507 61.762283 2192.306814 1339.534443 2412.018917 723.547807 668.429793 2102.333275 1538.571802 1231.693780 1066.917224 702.319624 1621.619631 1018.284870 1786.808479 2042.860076 1657.954580 314.017579 2363.227833 1854.650279 152.248470 1174.313824 2245.792381 1400.434842 1943.808849 651.159453 1261.072453 419.382856 2179.050114 1181.035788 543.729641 303.930386 984.564232 2223.642097 1073.075518 2176.406215 1711.625645 907.264649 1612.438053 1977.894755 1043.524190 633.276924 283.845663 853.002704 302.662976 1500.765085 962.049126 2345.854901 1867.761763 820.064674 224.524671 1603.269180 356.349629 115.631326 229.091314 489.607129 2406.752868 2218.345756
1666.056488 1749.842408 1450.991720 1658.729956 82.196080 168.065435 551.250449 1458.539192 2393.893456 1651.520716 190.557795 791.517159 803.577199 916.247228 2352.084090 529.781264 2386.316025 148.587726 2177.057196 1642.878520 832.096291 1454.005261 576.579981 2306.147134 2005.225863 1552.266898 273.580558 2406.311471 2227.017744 1613.007555 2176.119020 2072.874774 2327.494328 153.314728 367.876412 1497.625802 245.375775 1016.372206 1434.321067 2488.166758 319.445197 1737.808049 1337.753194 1198.184412 1235.301385 2208.954562 2215.990649 1041.146278 246.818147 639.973757 999.670887 1782.887161 1714.883323 1054.956181 751.303506 107.030391 2140.912266 742.277247 978.087820 368.541347 1170.418174 1112.395556 826.410841 51.206996 741.351258 550.840278 673.317959 328.212016 885.381188 1571.528788 379.923852 1360.925752 1169.261211 1396.588547 1822.498035 241.568067 1686.335897 2173.716230 1788.882416 655.547909 805.852374 2340.092955 2438.621751 2181.548032 555.240178 128.034949 1339.191949 2276.558538 2158.184888 249.145507 1796.065528 1405.809335 174.294637 1984.536423 2123.565039 912.288261 1749.734695 94.964958 2410.995798 230.003279 1789.857298 38.164413 1310.416858 689.698538 873.274021 925.701103 1014.871993 820.708325 1660.298084 1661.585962 656.343456 650.905523 535.581815 2087.352643 1228.992150 1824.297359 2356.657789 2369.528194 862.061749 1211.513656 792.218842 700.723761 1239.567028 479.056708 382.907587 2258.759793
1185.840223 399.560580 502.924898 729.845597 1884.521861 800.299506 2250.945077 2326.519444 1469.236766 1343.434371 274.222507 1731.736578 245.983458 2263.382831 1602.640887 1085.977361 1122.769303 815.396767 2275.273711 1621.197226 769.310241 889.015364 79.564106 1074.557368 2027.019375 98.158862 467.084011 1122.773530 2228.809395 1364.225165 1222.713188 2185.407916 1847.683359 2192.465904 1259.428013 1007.148365 2487.453891 708.915209 1279.542218 1548.283034 1834.733167 2196.855210 361.024608 670.601115 2116.370949 493.724656 1716.555305 2410.421732 566.224726 1188.438421 97.948844 1163.195486 1534.377090 1839.085582 1220.835306 2088.913359 2333.816693 441.752793 722.475864 175.416772 1590.111876 680.365772 1579.527400 1638.683117 2443.232027 1086.350241 396.043066 536.789286 473.433250 4.337287 949.659626 1303.452187 1218.992363 1834.545841 1273.277371 1118.023539 1470.861773 355.823384 1795.633639 2151.500971 796.501679 1360.434351 1605.928001 91.525781 1434.531758 447.507698 1734.839165 323.292597 1350.656772 90.119656 1100.851732 376.243208 289.598106 2437.270565 627.925094 755.490912 2364.736537 1601.140217 351.740488 1329.968987 1375.370812 1415.291109 1212.443432 2003.450633 859.928813 1795.310925 830.831781 1414.075265 319.340702 662.585189 2210.035534 2051.230335 230.405050 1868.833629 1557.254034 1674.025260 713.131729 1144.754657 235.182250 1643.222767 2303.678853 2101.020819 2465.287776 1319.891051 983.519712 2374.550339
2214.962880 1615.961581 405.132274 237.947157 186.640346 2345.984406 2364.427374 677.608713 703.735098 1047.996562 559.771881 361.963518 1938.316214 1917.884732 929.297817 135.993222 1020.017988 1934.366648 789.992914 1897.517536 2435.888331 905.388659 660.521283 669.011898 320.122906 1279.595234 989.256500 1757.230079 2223.252364 1907.535832 39.193297 2242.301090 1718.667059 703.614347 1063.548316 1076.726272 822.747074 533.607657 550.881428 2355.508686 1483.517102 2412.926084 340.795557 2367.919530 539.697201 132.495802 508.126797 1371.529665 2371.243654 2327.296664 580.651320 1219.255475 1845.190852 1668.185717 2311.673573 2463.448934 427.690761 1201.088077 468.459395 1296.205281 1778.073018 56.082447 1015.746670 720.287116 1964.161308 1991.131244 654.386512 2441.546275 888.625147 1968.115476 638.545122 1882.175403 734.698358 1889.928975 30.378959 647.816098 950.423046 1405.465044 769.703123 401.477959 1328.174867 389.728283 1624.675132 1708.697962 1076.853839 1483.559511 2027.135182 1725.124255 2401.250568 2173.174807 509.505060 2178.434514 1224.007825 1604.543988 588.742561 2393.706999 1947.759619 1367.289029 96.721425 935.041487 112.691626 1815.898912 2150.683467 1361.582063 983.951786 1013.749169 275.087466 2021.624990 529.727706 2439.570029 1711.346577 1059.679687 2175.528222 2045.661366 2174.821504 2159.408837 875.491251 765.200703 530.979006 253.856273 2261.690908 1434.696914 352.266218 1863.251929 917.400134 1581.364194
2037.793002 1013.010776 2058.240605 740.864840 143.247933 320.628275 13.506513 610.993871 202.336347 1251.111856 1134.669917 674.630297 249.326496 2113.707559 701.341733 323.161100 1767.471625 508.670366 674.926742 700.749063 1185.604337 6.142726 71.282688 642.943260 1543.684745 223.562397 2357.788381 1635.078363 2321.261792 523.324580 2302.839592 985.119806 1514.958446 1391.159798 610.948150 1505.843908 1825.494728 901.464486 1551.064154 414.652602 1373.232686 1287.877481 271.694898 1124.507290 61.956301 1746.926120 90.563085 2367.840968 2122.049299 2157.507338 314.646165 1471.951417 649.809623 1747.957728 2284.847364 2110.412028 288.339505 1440.565120 1193.433221 1790.075922 2486.661624 1543.081380 2499.033587 1305.611231 775.495019 1790.696357 1645.923171 1683.876127 847.809732 630.395273 763.062314 1578.245207 1429.161138 957.652559 234.764311 1119.181816 1779.663715 218.140888 1774.197149 2347.849294 2133.780258 2229.068617 1603.882277 254.017338 1558.594879 1568.026110 1011.486412 618.662511 1546.152612 2069.156767 1524.129680 37.442278 1888.309399 1204.824594 726.854851 1716.548827 2077.778853 2232.960434 1699.028954 1622.498705 1883.868251 143.318826 503.375057 866.757432 886.412926 2428.858116 1999.430396 602.461563 1870.762538 886.619659 128.205794 2298.133713 244.564334 1202.419625 920.258218 1577.526322 1150.049398 144.819202 2153.476533 1221.609041 466.672128 257.143497 782.394356 74.103057 2059.131140 1173.253950
1490.413601 2127.544233 113.124627 2267.662750 1696.810235 279.544548 883.700827 1879.388436 639.046079 1719.972764 595.610644 671.359876 1204.465222 2352.115390 1491.266759 617.811701 1897.280869 1386.084306 1352.427149 1777.477379 384.700034 252.969298 2.701678 673.233118 205.559713 881.084475 1061.151010 1448.584833 1043.412886 704.622803 319.061920 2027.995871 544.593413 1510.535067 1169.150432 1772.960681 624.839058 2049.155696 2030.645689 1864.569384 264.048814 626.297302 1389.757723 2096.149098 1458.045910 2179.258568 828.730202 1590.452731 1968.930220 1600.668305 2369.823246 2416.138300 2462.319624 1608.569298 975.656186 1832.775424 462.498341 1804.327515 10.696235 452.115370 1539.491835 1152.683334 2443.810976 1989.576086 2071.020588 2452.252801 2284.924659 1042.889811 618.968587 1417.158941 197.765591 700.875638 2113.329662 672.103492 1901.716131 500.145727 373.006644 1512.679142 146.599200 1839.232123 164.226361 1524.912742 1491.755387 1012.694634 2377.260467 457.023381 2245.465726 437.033949 1628.484421 2052.437714 2460.052236 501.776045 1864.788255 179.586781 332.845476 1198.570966 590.302378 1941.123786 1825.789267 297.660289 339.108698 1808.377703 1224.220768 1056.823177 2137.319489 1953.485524 48.938253 224.032430 1142.397824 869.466934 425.590334 1085.782318 1362.304573 694.448772 1108.265335 943.995539 2372.734476 835.899781 557.827061 25.780632 304.908144 604.234485 973.730999 2398.849283 2029.418342 1386.890878
1805.397505 2075.449903 908.826532 1355.616706 872.955014 1494.150322 303.319678 53.048971 2223.661235 361.679051 394.421628 1173.173492 338.809311 2387.614017 1037.864917 1319.666877 724.741987 1585.276912 2197.214948 1492.237465 2053.124319 125.160622 1867.247208 513.421077 196.529420 227.355138 276.425725 2099.913795 2468.454753 937.203383 1710.777969 2340.144895 1507.917909 1898.467460 108.654067 131.402045 246.502892 306.293144 117.932437 1890.780632 338.375706 2122.888828 2140.258609 578.100718 362.415336 53.885067 1148.399021 1056.784938 2305.071074 1699.130849 1866.045061 17.848470 1393.977781 1738.200308 1946.851802 2433.987839 2360.846999 83.848001 1652.087121 2423.395476 872.203388 1429.669788 1704.451032 543.030055 942.913469 1857.514552 2070.977399 1352.254312 1683.433745 108.847248 2009.649971 1954.109299 1371.141693 1291.710238 1973.217316 948.629628 1906.183158 1501.046066 1246.505994 1641.724928 728.077931 872.815641 737.688246 832.850404 2344.950949 1896.516103 838.417071 1957.298445 964.797246 786.344625 329.261926 1160.477013 2376.354848 1211.175354 2364.900945 2450.910504 372.046351 798.743959 79.732725 655.657457 2331.824851 1442.100590 1425.743243 2041.421822 623.207836 10.707982 1252.471929 784.347436 1937.426035 778.448973 2319.334228 680.606208 2470.694207 1058.147043 801.606508 1320.363355 1245.722424 126.605892 710.674238 119.113920 742.666162 1019.271349 1970.179330 259.197144 476.825449 749.673766
125.210052 2195.273575 2056.272239 2045.381684 2058.331673 2187.102823 286.535227 1764.992201 1896.468649 1849.001456 1687.809152 1280.551059 664.360727 1105.753327 2413.374006 1654.157405 2158.088167 1814.614469 1259.328303 1065.315413 258.357446 2308.945654 531.732908 107.436704 2303.709286 420.370789 2419.476133 2069.865246 201.950930 2036.708320 290.097584 2434.833131 317.341691 607.466931 2267.684256 899.279161 213.456248 1308.576026 711.018933 9.416714 157.254245 1529.736301 1840.900145 148.130338 1656.511212 1041.992739 2027.340163 2000.171057 1319.595597 449.499213 912.901154 701.686634 1181.632826 1364.875760 1666.205822 982.475580 1436.029683 1607.341667 994.590644 1502.481706 1087.243647 1340.632930 2462.688811 697.003039 2250.800350 1894.162736 2337.867478 1800.360247 2286.314119 69.112205 2263.934900 2464.221410 12.240569 2183.914202 1258.354745 661.399566 1203.009600 2153.545551 2069.998056 13.360151 1157.656336 548.436687 1451.386828 632.519545 1135.521400 1855.485563 822.879547 612.695510 681.814748 951.697135 427.592589 1665.474140 2480.086693 164.748857 1938.833872 1733.087438 748.261381 668.369707 1621.762370 1736.459988 1657.069642 1581.260443 1043.947375 540.569400 1620.487576 2342.713205 82.136882 492.538725 731.604200 760.940283 1826.260994 1552.791799 902.528426 2299.311911 2330.623154 2242.050326 26.591306 923.883267 2352.885693 1493.115141 1041.088737 62.588755 1089.817042 796.974828 2006.356616 1432.090718
416.432068 1699.288204 1275.405274 1985.813910 1387.923712 1923.430831 2073.551526 722.602382 775.989689 308.489234 1244.697304 1403.407780 1512.393527 1397.609492 2043.766810 168.790264 74.664191 1011.584474 270.267213 1213.747998 60.844214 265.754293 1748.540490 1450.058349 107.015198 1944.690682 211.722988 281.357504 167.675266 507.792838 863.062443 2232.496063 2130.743661 1422.232149 1215.711219 1995.160024 1926.884421 65.522687 2277.193919 1128.524385 1062.771480 167.443437 1643.330620 2198.289686 2414.054059 375.620459 2285.084337 590.043458 154.939267 882.986182 2428.562386 1585.309154 1702.012447 1760.327530 1123.839320 1351.864508 287.578212 2322.512553 1551.228643 1006.861597 271.154097 2368.858256 2351.866589 482.209220 376.277209 814.351424 1526.194398 1366.229657 252.665255 1155.244765 1338.398371 2189.372043 1866.761932 2100.291602 39.244215 2352.390513 481.414406 1689.698093 26.206716 81.320590 203.290847 75.276144 601.075404 2247.579604 967.185198 2120.428072 1199.104736 2039.074141 1803.642593 2090.983641 1868.056876 699.127980 2030.973493 1620.201134 2058.585242 247.923636 1077.265262 471.340533 1388.761579 766.241348 664.291687 538.469895 1246.346099 788.433752 2200.290026 2233.919894 885.368102 1191.635311 1412.434444 322.687889 756.971862 1477.811927 442.256968 2454.210440 1099.274712 94.147106 1385.062249 2031.517735 1381.944959 541.789898 205.103970 1284.722208 1135.439475 88.041489 167.973870 144.650730
785.989273 1613.736221 1926.192638 227.781160 1812.437324 1985.604976 358.740707 1473.801817 2126.795930 2044.732573 1642.210169 1641.129099 234.475632 1201.116748 1657.695596 376.484317 1053.329390 1535.631779 2031.015631 2432.620812 1110.365411 665.386897 543.598636 1962.324320 2100.891462 279.767552 1330.173736 142.144448 816.595331 39.756164 1630.523063 2197.892169 494.013852 1252.672365 137.329580 2065.724242 2258.947601 1241.257027 1050.869230 1047.146738 1575.328070 1410.618977 1782.074275 1211.420437 1072.507732 1428.831424 10.599551 2233.031823 1184.771382 530.279784 2217.426352 6.754101 931.791874 1566.103235 1585.870911 1883.799067 1144.203724 1700.658068 215.334996 1917.043597 1251.144633 1963.720611 9.239688 814.809157 452.420324 2178.908574 1804.263345 20.924183 1694.914196 2276.375432 1426.300499 574.170562 1897.824855 2285.630944 215.773525 2320.000461 2445.322152 2245.077101 614.664646 1294.271066 1279.367052 1204.869838 82.283806 441.893191 765.484873 82.907453 2479.078068 1545.783436 1344.952152 1849.225955 2463.992624 1374.753769 1050.994158 549.256495 1464.778937 2026.660771 1151.818729 1213.893899 1827.473861 1685.845088 31.998119 286.365397 2024.648692 1237.967930 880.311691 414.211017 1443.089856 814.874615 1456.766817 1320.160410 110.092866 232.898943 1962.581098 1468.279350 624.420782 351.313694 1111.958220 1395.685914 2258.330966 1566.382203 846.334496 328.307158 486.434984 1027.620271 1976.119273 2328.107995
850.899621 905.001149 1742.330806 1742.623455 1925.160768 1716.831415 24.537227 74.908044 2030.137292 733.841272 2271.206784 2080.725641 119.616952 832.186062 1964.170233 110.981098 1814.511304 1815.760431 1654.144127 1688.930237 846.724703 138.365450 2018.178493 42.915408 428.178449 81.391240 1533.380851 56.685151 547.946187 2010.404050 741.350337 1804.020729 2096.229330 2468.178407 1932.476136 1767.623364 340.256443 271.032721 1673.757089 1506.430567 1209.955829 1504.334361 977.273194 50.571015 416.907806 2326.650330 1538.667679 2270.133968 1492.806243 1219.392614 2292.583799 1477.884819 1402.139000 1156.689550 1231.439423 1001.126501 1579.457519 746.480052 728.445084 1232.368752 1627.568723 1450.166171 1247.311011 1380.809281 2070.328108 840.761108 933.588580 1424.177364 456.297279 271.098831 1148.993580 357.362029 2334.502022 395.362154 512.233926 2213.462128 2417.178691 464.845971 909.764372 943.815250 947.502549 306.959059 107.927099 904.168378 1948.114332 255.183309 2116.458344 187.575854 2157.555240 504.923837 84.365239 2232.614857 2299.271645 1574.314497 440.449004 1639.997474 1338.139854 992.203794 599.453047 229.904178 564.541115 775.940497 606.117093 998.996349 2168.800930 1420.096423 1238.297758 2.278453 1730.780779 243.793574 1745.360239 723.498198 907.062391 1740.193179 553.228042 2116.106362 435.836245 285.824421 1838.670063 329.052429 238.886863 277.726203 1519.743163 2026.854462 713.040254 2165.357995
2021.197110 1029.529657 2139.537701 475.905287 2479.480918 726.412197 1866.379727 663.466963 2458.776699 2220.618073 1605.396849 818.413232 2159.258404 437.298933 1966.090764 862.549418 734.563991 1708.734204 221.211755 1198.543625 2356.248533 2210.606427 964.477502 634.123770 1154.517138 1332.025887 915.757817 546.663665 748.165855 1840.666647 1786.578424 1014.261966 104.462462 2326.748225 619.067729 537.811363 410.458736 1966.388456 1427.873393 2340.742376 2148.053918 849.592375 1626.783579 136.345907 1569.195243 1806.849254 367.585173 995.945877 2049.219845 879.393801 770.698776 2324.705871 1851.848734 989.819051 2181.889829 121.779140 2241.222417 118.371850 1641.973005 1009.600051 2333.498449 605.589718 355.411577 124.229639 1107.510676 2012.717755 423.168323 487.059652 2445.572476 0.096124 866.811338 487.367341 2233.171410 199.102872 1500.421609 511.312333 213.790624 276.887161 2208.108217 1247.407604 1926.223780 41.564366 31.178154 554.873810 669.852047 1014.265429 1734.333580 2460.734354 1671.648280 2051.102676 1784.395662 1428.155097 1940.502047 1019.612514 2379.846615 1940.027534 2281.760761 1406.023156 2435.454027 726.075881 781.995559 2446.092155 1878.683946 1594.023009 1072.259987 1531.626109 2049.756754 1879.522963 2095.176301 526.882193 2068.429144 580.359629 1191.419113 749.266233 1671.899850 1041.073862 502.549708 907.893976 265.768835 950.613033 1989.917078 2457.808721 1872.442138 565.736489 222.194369 146.304722
314.269464 314.354533 1834.250009 2341.271237 1875.627391 1516.555068 813.785921 227.858806 676.980666 927.459651 1670.350080 1772.595319 1815.968722 2105.758796 1882.936146 1806.738813 1917.488133 236.971251 44.546201 1878.519762 1143.399847 2035.178153 101.759046 1600.049814 2091.104571 1694.437051 1908.861023 2111.665739 1062.116984 240.127678 679.576469 1862.789736 2352.193499 971.719554 1236.128346 609.106364 1149.334528 1128.819446 357.044001 2413.466039 942.340583 890.226923 2267.455774 1259.733225 1598.101158 1977.861332 1024.044136 19.866308 1259.209247 877.433825 1320.247685 1019.154097 2498.697001 394.797542 2156.327069 1903.476257 2486.315711 981.896862 52.480227 2266.903519 2474.474225 168.128614 1755.740263 643.936986 1465.471292 766.133199 1847.145946 1784.520151 978.093798 2188.851220 2449.067428 2305.234017 7.432547 2490.217136 2123.076464 819.118279 2003.337999 694.864170 1682.510538 2206.673733 427.285857 1651.839279 1761.931956 1952.848613 1485.446116 586.345982 1604.160392 2344.016726 1563.414377 720.157737 1305.858387 2271.623261 549.900723 70.099412 661.080135 625.843277 854.515219 522.702048 2340.956112 2106.696240 650.574558 1103.392274 1977.223557 1577.911740 88.661206 121.151653 1008.611272 1336.601578 499.483403 2207.934216 382.998396 1354.147345 1178.814111 2428.139299 2261.070266 1898.184127 2444.166395 1717.462433 433.095458 781.641151 1657.741244 1546.836205 174.396802 992.975162 2316.609486 1771.005721
1071.883998 1477.890567 1613.872520 1911.250960 1207.931698 650.799079 186.114785 1138.212997 1549.502964 1479.901836 1483.318331 766.926694 1205.229373 2205.202832 795.566087 1636.980377 791.968516 2332.413710 633.056679 641.352776 203.076755 760.087659 1999.818440 443.281194 2464.397692 192.936926 543.901403 2491.980850 2073.312605 988.733791 437.616647 52.807394 2383.354491 945.450347 2251.609491 93.664666 1786.444971 1901.386038 1756.102278 1752.801324 1605.499581 2132.057045 810.552871 1889.388966 805.561580 762.341346 1188.808224 811.926375 107.507531 1070.423349 1441.443126 890.119666 618.629835 1925.764424 1536.343277 204.177054 1331.792758 2209.189395 1295.962311 1173.223566 2012.562024 2485.034925 1903.672814 2263.564023 2064.998339 2098.867442 2498.791574 1255.489186 2127.680192 409.795699 1038.981421 1243.473335 370.938553 185.203614 1656.583074 646.747437 312.742684 151.368817 1903.670278 738.796075 2312.943236 475.294124 2121.752066 366.674573 2067.113969 2398.295871 344.882032 476.584300 471.397812 1422.967017 2038.596615 934.537419 433.588711 581.896156 1018.955222 1716.092014 1609.924510 1689.040377 932.758618 935.634745 2239.294359 830.542846 586.239548 1337.904529 1269.021391 1125.585518 1924.137705 1970.722110 725.643300 1818.974410 965.371870 926.303799 1893.513052 452.998120 512.527596 45.888248 1479.037524 447.609589 1178.510815 554.270987 2276.327544 2100.814491 2184.547191 1490.730466 624.428064 2068.348043
711.030669 1777.162649 844.062158 2138.948878 1479.442259 2398.079177 636.055652 1726.742720 2288.945080 604.883109 1922.177914 1598.787567 1443.070482 1904.522733 1887.766516 1251.235814 1196.859443 1055.392956 1626.188772 2163.386446 2009.465788 1381.093986 2133.732293 18.280925 1079.016005 1787.233526 755.163331 1840.608452 2399.982958 488.801921 1775.567113 872.186833 1099.147802 535.503494 745.341415 1433.519612 1825.530624 2455.808358 1203.466514 304.414059 174.216310 373.448974 975.378268 234.166288 607.468521 1964.359190 1364.679485 435.414748 2414.481179 507.845770 2035.238127 2113.158186 2066.868738 1542.957600 133.725909 741.127040 1884.934021 127.993723 2155.145022 26.474748 2030.588266 211.707046 1799.710824 1149.531807 1452.159330 679.251257 1107.790327 2077.360138 279.056684 2375.106210 1276.822297 26.522920 708.988318 810.141452 897.387865 2071.370876 2321.033399 1222.692062 899.474427 118.617921 858.684419 628.470062 1432.917020 1984.368438 1245.556153 922.556178 502.626285 57.362819 443.076496 1891.451715 1061.061680 1714.683639 641.034403 1983.332463 2368.207824 2186.207286 1376.233868 1662.213152 208.036227 930.855000 1388.578353 526.183668 1703.201229 1498.737300 369.364060 1809.613366 1019.160833 2047.788177 2004.691242 1728.187148 982.141416 502.801856 97.609565 463.888051 2405.276105 2059.233954 2297.630964 67.102062 2272.010850 2449.510596 70.863237 1294.517350 628.129760 1695.894981 1016.531044 25.001132
536.900191 277.844102 2309.753018 1986.642423 1967.086670 1312.004293 2032.397034 2218.160357 1484.248971 2464.442640 57.240081 987.753038 1038.434078 562.734168 646.689356 2473.585877 2278.194460 1974.589088 1603.498202 591.413844 890.813663 993.160698 2246.405807 1367.350344 994.920226 1995.230240 2222.291250 2205.180196 747.654223 353.489396 1174.917274 1261.038371 1182.451288 1244.449733 1046.394855 515.700269 1823.161989 1091.105364 1278.638733 1285.863136 2234.569206 2249.346184 1032.491840 1365.949463 1755.949378 2139.706996 119.664281 2018.947034 2420.575035 1069.317736 300.864248 2027.042871 2251.855910 1633.340059 1048.653014 1108.708619 613.687255 922.393412 2273.085765 1983.365885 1137.335195 2111.768739 457.130737 925.894523 78.809662 1669.388162 1318.531896 1272.983255 2186.778711 1398.248471 676.296125 256.174826 1421.742424 2271.909374 2086.623142 866.485994 2484.749893 2477.491466 2246.333890 235.607983 21.819725 1645.690817 1771.486477 1914.792529 284.606268 918.392337 1196.580393 1058.785758 1474.655056 114.557814 1132.258555 2136.964678 410.436309 2022.865030 1766.297607 1514.029661 296.362541 2196.039319 2444.371979 1437.663930 1262.019941 1581.442077 2285.390520 1082.642135 2306.451784 116.969972 640.124391 16.911505 1852.940202 2080.024949 1752.274211 520.013486 192.504471 2384.558727 2184.995254 129.114422 59.732910 1515.385601 143.902551 1038.728897 2179.852777 1417.177223 1404.815548 1340.590102 1561.610277 1443.102224
1205.484071 233.739748 95.100088 1106.650362 1824.256441 513.408546 1600.748893 299.639000 2299.802806 465.552810 2365.648888 924.902681 378.655963 1802.669803 227.899503 378.108357 945.283985 1181.959980 1800.730042 2491.377047 963.719400 863.701109 2249.396385 76.903957 77.865499 1804.564005 981.802296 466.103233 1888.388527 1231.885050 283.581908 1275.102856 2435.977904 234.266630 2251.103376 526.149805 1317.909293 306.934600 1110.723001 28.780849 1719.128992 1658.146905 1280.608833 2423.479050 1719.185293 313.480908 1628.212424 2499.361121 1955.370447 1537.202992 2140.212410 864.098978 2012.411732 336.793076 584.622209 918.290722 2463.502497 1196.282793 1552.861536 1223.239028 404.311348 1469.248082 1308.883857 1932.745698 1895.184466 41.097899 179.848245 195.070812 1144.385292 1.969972 521.696340 1289.215430 2056.633656 205.756246 2213.879366 962.585177 1782.359946 2494.875666 15.858306 423.161524 789.110672 1232.583111 1336.506880 2077.177826 2234.822044 826.923914 2122.132263 651.279580 830.620516 1208.187579 387.642604 1932.181558 2499.792290 2156.569018 2288.949677 1159.160761 2059.177910 552.941414 950.644122 2116.798557 665.114030 1931.301647 2295.497936 924.830630 1779.619694 1177.493676 522.412647 101.535421 1874.855111 1637.535897 791.201042 1015.639897 622.605860 504.529663 1897.771437 2204.136831 976.762745 2487.427769 1221.558435 773.963235 1406.892576 1233.979815 2062.674603 2095.558990 374.949662 1705.221864
2223.178194 382.995298 1423.672836 1267.399345 917.428799 1132.155826 1762.323963 86.108299 785.550069 1292.209085 506.890504 650.670935 1266.396260 590.261144 2366.293832 272.143850 946.351757 1433.850683 1307.136051 173.694003 873.168246 227.378320 14.466826 960.668388 2439.029599 2443.625935 1861.307214 630.769884 2094.861801 1385.707272 2150.928043 1099.984410 1462.920884 1930.303946 2055.704090 2477.593849 1911.624009 2196.185059 1820.703129 977.437560 570.061371 2489.375718 1569.021932 810.072460 1553.838711 1468.791514 1570.106111 1435.220839 1956.681588 507.210989 1730.873556 118.418322 1656.829239 1044.223568 1738.401906 1536.495892 172.375218 67.682021 787.551337 1425.679440 1966.432911 1655.361687 2151.716084 2119.178134 1749.324377 1609.660943 2198.079916 939.172719 486.029691 1708.748081 980.069134 802.449890 1234.618885 1778.230728 1862.471610 1780.295851 2242.429932 300.712002 979.359872 1162.258125 487.015648 905.540261 516.854042 949.152020 343.335625 2313.700136 2444.080122 1827.291970 764.753387 2292.477693 472.956107 1640.377515 1677.794235 22.086266 2184.036622 930.448617 774.036105 1230.857026 2095.782919 2381.802143 302.384073 2322.033294 198.085460 2451.919203 2441.057204 2430.597917 451.115167 1147.594490 2286.947878 942.121659 1024.266461 1091.132954 2443.663741 1607.359832 488.458142 445.804935 113.763035 1206.298143 28.611734 2484.786710 1097.928436 1704.531671 1707.318807 1935.646130 1296.999003 2265.057742
1776.973130 1675.074448 723.982597 1339.522454 944.086501 925.715151 302.617959 1073.170610 2364.987266 115.056426 473.753642 806.856614 1427.505472 324.644301 1878.391630 2276.935386 371.228904 1855.719764 214.629259 1060.134660 1328.509545 757.259959 2461.842877 2445.811211 76.390203 781.988093 2165.528739 196.675374 211.372325 768.648945 296.132865 829.800946 406.267350 587.804540 2019.701798 702.665579 1354.699579 9.312844 1042.957818 227.967657 2211.587860 212.696415 475.272870 1374.661254 1477.277431 889.300604 2275.320170 467.087596 830.282685 2040.534008 300.625593 2168.689654 1367.843550 2138.844705 199.148586 1296.522609 2338.974196 2122.666354 818.803655 1254.290731 321.443167 1908.318587 146.225054 2078.832329 1247.351465 117.739118 323.500607 845.215317 704.179581 200.185964 1473.035463 771.465595 2253.720396 1006.674753 191.206089 1428.944654 906.563476 397.325112 1198.279467 1759.264886 691.385531 1307.067128 1543.328987 2299.438596 618.788777 1950.591930 2145.765425 1942.742185 84.788097 1879.526661 1861.868273 1797.994007 2499.109601 985.613798 2481.383621 1015.411241 1129.514822 2181.093568 43.182288 851.766048 391.160720 714.328266 548.748039 1382.791869 199.657370 1393.565112 1648.025762 1228.062785 389.164546 1215.914683 752.886690 2140.258430 1359.529382 103.265058 1692.970667 1130.393275 1942.862266 983.801254 714.260784 2313.089383 1972.744370 84.775776 1442.500252 1748.327198 607.203835 1160.188383
1583.335440 1222.591537 47.480807 32.350133 887.748683 558.468060 1606.202060 723.132164 897.027536 1818.122703 2050.574643 2464.285088 505.012858 37.472743 1854.021123 2030.899180 221.218498 529.846095 673.597623 824.670046 149.815249 1677.673630 2121.014126 436.241357 2362.098021 1991.584365 608.428952 634.532810 101.486363 2051.944599 1267.724214 1870.054830 1872.815778 1512.675770 225.881086 662.360148 2228.920996 1953.558976 1863.881992 2342.935205 372.553735 251.592456 2372.181456 1951.135009 2121.137999 578.189421 139.346707 661.210709 1814.194958 316.473577 950.307541 1109.736438 395.051602 398.230841 1271.340554 2443.933276 2437.108411 2403.322854 488.288005 533.433742 1463.373848 1770.912739 889.699092 815.416444 821.530854 1206.878893 1249.238210 2028.245773 1193.488360 4.899986 1566.355508 1810.271770 851.888291 414.218802 21.354322 1263.030771 545.523084 781.636322 2218.011167 1838.123057 1651.889295 223.419798 1028.542854 1857.088433 1338.169605 211.632918 984.706152 1255.212430 2274.700219 1036.601244 883.291661 42.338391 1944.911561 2399.811403 1566.696172 2329.456990 749.211304 1513.815006 1191.412101 455.571900 1170.581288 1504.930630 1168.071166 2282.121893 373.683034 103.698547 516.076876 1006.032147 1507.158927 1941.781910 1131.972181 2430.319124 1331.536799 2437.956005 2230.242387 992.076703 1039.741012 186.329362 2177.973486 1771.192613 1860.509148 83.683794 1981.405739 1524.520240 270.420299 476.955365
1840.535397 17.240100 1225.264359 2108.076444 1109.906181 330.897263 1197.367186 1893.770491 2257.423511 2232.807671 1649.138392 1997.393184 2395.207769 1563.122968 786.066450 163.582758 2117.775166 1024.084178 1790.253845 2315.446468 1143.039671 2032.280074 863.683347 866.234352 686.023082 215.228405 1027.740713 1969.159244 1533.498504 502.414003 2290.728227 62.362658 1477.042104 1997.201609 1442.670861 2389.571924 1675.564205 306.828561 444.679244 777.427738 2166.061569 1544.638036 1951.555689 1401.420691 2144.487944 953.607899 1551.898208 255.955685 487.570822 464.769043 2237.520752 1856.903411 382.561181 2388.403460 2373.386168 532.090979 2134.188359 1200.759748 2436.661046 1159.680704 1155.894364 855.179073 1158.227334 2233.244329 531.543723 73.620685 2377.599200 1644.410860 1543.262099 1525.718600 1101.665619 2347.270788 1790.329012 1526.721414 1915.572682 298.465118 574.509922 360.627991 990.113636 1639.410122 1214.482014 907.297700 476.578194 1862.727167 223.299538 1124.978250 1102.330877 1424.039839 2245.600890 770.427173 1669.697199 1090.338930 1846.618808 551.037677 348.819838 1782.735521 659.989291 204.065993 1192.170353 1206.765013 1468.875011 1457.126873 843.125139 1327.091988 2064.642685 2002.963843 2214.773261 1874.092978 367.955530 688.009090 1125.903578 1539.022486 2272.389950 2127.455784 695.805186 482.427221 1892.639278 2429.447079 1763.670412 1820.160149 787.251045 2146.770112 1602.631223 1041.332522 458.830469 959.510604
449.180171 974.801095 2449.774310 26.527732 2381.144952 1286.703148 752.561437 87.203978 1904.216339 809.100064 1661.446889 1671.329145 478.118411 778.101420 2354.173809 2423.371463 376.086485 2201.609523 976.543813 919.259864 2308.293775 1129.412075 2065.426698 1552.060157 397.541209 1506.662632 204.261177 556.771333 781.039536 943.916494 1082.561341 407.762471 140.814014 650.016521 74.381360 1896.903219 376.823386 1259.374083 12.924758 398.408605 1197.214297 1963.249853 478.645067 1225.309164 1201.663039 42.323487 2496.105515 1086.023839 540.311194 1034.444706 748.921228 1644.149719 272.178200 2102.700001 2136.615669 2288.731029 1092.285365 2441.975350 1210.758293 637.516059 1774.180654 1966.535082 580.659837 1653.055315 1407.349466 132.800405 1497.626655 998.207191 1884.367755 2039.778465 161.600109 811.159800 1247.681009 1303.222191 795.446390 72.593272 305.041508 2187.900326 1937.567092 2398.091570 1361.001289 643.500276 341.231937 976.434454 2352.344368 1956.812421 906.234248 2225.451765 1747.772778 1257.459001 1831.791257 2162.277608 456.064786 788.250299 647.984957 469.739529 2143.996643 96.844907 1150.258633 1834.984368 1109.449542 1131.405633 446.929707 1970.151173 1462.205374 2358.801824 532.266822 493.238560 520.468987 406.262606 1009.295847 2207.520164 821.707565 980.267946 2053.144818 1400.002566 708.900540 1988.204733 2161.669548 2019.688469 1862.840274 725.750162 2386.323089 1358.111355 1943.388180 625.293988
453.654891 1920.996868 1467.420684 25.994490 2387.318149 1339.877626 2426.164693 837.856328 1042.223536 273.421895 2267.826481 1094.980256 1505.923479 242.055685 2081.510101 699.261002 2012.408776 275.766379 475.191605 1381.138939 745.495129 1361.030459 1190.178719 2463.337792 894.990039 1690.373453 1402.415002 357.241240 969.105822 901.822051 1405.369569 62.568797 1133.968377 1008.529682 1986.160805 1353.628521 698.960724 2239.403918 487.250473 500.081353 265.963786 2131.280578 1433.769565 2237.178172 1970.319084 71.034387 864.175501 1468.472326 1382.429379 2067.397942 2194.532340 1974.864795 1836.585408 252.103515 1718.697038 1172.595715 1501.238679 1609.222906 1009.247532 1087.002791 1238.479399 529.809072 725.740981 830.742107 911.749014 1588.757198 1205.069512 961.958844 510.546375 94.666653 1514.776788 1835.394436 2386.249583 405.418567 129.158410 2424.321700 1544.621525 2090.790004 1727.028950 1925.254871 2323.301226 1059.915838 2430.854050 2060.088337 1454.249004 2433.325168 1247.673659 2000.473874 436.590423 1068.081477 1271.020709 1452.851121 2379.458640 701.601493 339.723410 809.237051 2085.861119 1328.427907 1373.041129 1300.883332 971.340686 2213.795355 2494.974659 1190.976996 2163.049098 1364.678045 1884.289239 2044.798747 969.191882 1268.283498 164.828478 1962.945605 1205.810410 1379.092808 1175.298277 1741.186150 763.660573 421.153189 1128.875166 497.280138 966.558429 1917.042484 1450.705731 549.414562 184.510798 1827.121778
386.911513 1729.512686 1989.080051 1376.618494 592.694456 248.075339 81.222604 296.843926 109.943858 714.873313 1579.184218 320.328881 2272.958022 992.740017 1340.884617 991.413455 408.333643 1759.252959 2267.428523 717.045018 2368.552736 1599.160824 460.065156 2245.951257 699.466570 1919.352147 540.159488 1010.906962 1557.051487 316.227886 841.890339 1915.656332 1366.544340 805.091481 1520.288313 724.054016 1443.227321 1217.050002 1124.555081 1513.396114 185.342250 2289.130105 656.978204 730.515152 1991.655898 1785.714638 1165.815480 1045.137728 1094.720950 1738.308386 1203.262254 13.696785 824.606415 403.011840 1784.552874 666.911809 1476.725954 557.544824 257.572671 166.591874 2357.938029 1667.802584 1170.114801 1617.089024 801.467834 659.747180 2242.634236 780.913156 791.181908 1843.273932 77.507434 2125.741057 2133.851532 1889.993080 835.554506 723.700676 1264.333989 1328.016923 1610.501505 1581.660559 981.609366 1479.875922 364.103029 595.514227 422.072934 765.060331 1004.323072 1600.083560 1923.648841 413.757541 2162.670478 2370.534329 1424.355366 1438.716665 177.693237 997.578561 1529.011446 1616.347057 1784.755513 1970.471815 1496.691884 1673.216782 190.735062 1400.421700 1851.716523 591.451301 482.239736 2473.754540 438.217829 1040.482674 198.057645 1397.199274 1474.730696 1400.505538 961.331814 151.663259 1634.660323 266.844535 352.917946 828.721417 585.624365 1539.239750 279.621105 298.944822 1702.688095 433.525832
1860.988554 1210.968348 1083.610791 1910.673757 422.499322 2120.063877 881.705336 995.439435 1371.109612 1594.252997 449.112120 1393.875351 1453.700003 2210.128149 704.304136 1591.587430 450.069395 522.920662 1461.169290 2351.895811 1048.476592 1209.149588 1011.438794 2356.637106 1494.024087 1678.124299 1053.324728 1740.588604 1851.242433 1667.961223 1833.408539 987.961231 2138.068678 2397.193964 129.152356 1380.830713 1705.450257 2347.313868 706.266820 290.722839 2455.385086 1897.276037 1977.542691 687.777721 174.355762 2156.648060 835.826529 2307.349220 352.668363 2470.037461 1229.193656 181.615070 1397.841568 1642.534425 1324.264734 1832.807969 832.499198 2327.378360 1400.003908 186.888590 1254.917015 1220.577859 785.541410 2111.779812 2303.344381 1131.094896 40.064831 531.397937 82.371076 213.547572 241.284424 355.007993 1050.695617 1247.593069 1323.197447 2158.259090 1855.025440 1869.023277 905.721354 73.253352 2227.419537 1675.475188 1356.048363 149.311466 1504.982467 384.621965 350.775030 1670.841945 15.566746 552.077422 1703.527403 1244.046855 208.116645 1894.613048 753.169952 2036.679444 1152.960187 92.434025 2409.882411 637.206655 1861.995007 1644.056443 1601.518726 1988.378918 295.520483 322.973842 1133.784999 2019.538881 1530.312632 2024.725505 1446.362821 660.688428 33.203669 806.006003 1686.701079 1415.451271 2439.630633 2396.509368 2208.664580 112.246292 2239.544356 1192.911437 331.999747 910.557396 2236.485588 1527.490739
312.413946 139.667095 1543.602979 122.181943 829.226085 295.169896 2381.872443 1124.440161 969.361648 69.220101 405.338259 1206.824833 32.026674 2099.735088 2174.081871 1319.677855 1994.309066 2109.239846 457.691929 2496.050252 1726.978852 1351.066380 2048.581568 1511.393307 1566.732446 1213.035335 959.368508 747.448149 531.400052 1331.690367 132.923230 1948.523746 2158.779115 637.048887 1172.289917 1807.546952 2342.052292 673.679642 623.328916 1084.057273 1316.470736 922.784092 344.955526 1503.724998 361.919225 1179.080098 304.064979 1395.432235 1951.918232 675.386369 670.109079 1504.190336 2138.991772 69.141347 650.046150 1376.830945 2073.410693 707.417458 1975.098955 398.814589 333.775227 74.902251 920.228843 1258.026770 450.338265 111.081307 1373.153117 2398.619751 2485.856063 1003.590771 363.529685 265.069755 1480.114758 1895.723745 980.906538 1507.021628 2263.403932 832.245297 712.131114 975.032156 2334.996663 310.059108 1984.404313 2039.127155 242.022263 349.070037 1282.304219 2390.929962 50.940460 1435.788060 632.553247 746.431382 764.919873 1784.736298 2266.786264 2024.184304 350.688775 1995.598357 2467.233215 1324.821728 70.092382 847.100347 1732.267522 626.429258 2208.174954 2184.948277 859.403671 2083.084166 1450.542814 2294.131816 970.640051 2380.103657 1227.885261 445.413755 2208.528504 987.661199 668.121190 1141.582193 1926.651913 1931.371018 1535.112481 1593.754527 1658.863889 61.961918 694.344692 1294.737003
709.611878 733.519944 829.838706 1510.440363 843.877454 726.109962 2179.167579 1966.244438 1587.057524 1571.680781 1383.996270 759.955393 1101.274669 317.653963 1331.470006 2258.819232 802.919666 2384.906337 1137.473602 2406.963001 761.637422 1348.965822 701.854288 858.590544 1287.791045 888.610677 1202.799226 240.499131 766.392545 193.019432 835.121210 1772.557200 1741.353528 2408.029908 1305.302571 92.931735 1780.711878 1397.679589 2197.489699 537.200649 1655.077951 1486.888525 1200.462607 763.557390 460.845911 1322.266375 470.614407 1468.536065 1625.963194 1216.296131 1765.161161 542.970601 1472.930814 81.353784 2207.001289 1034.444280 1079.751409 868.708880 34.072481 1889.150687 2349.818220 1730.771675 1652.914957 335.061424 1831.051093 563.211420 231.372657 1218.351257 1162.285057 948.593914 584.045656 2403.557416 2180.426459 340.889798 1629.677808 524.117622 2310.549237 196.752092 1388.049662 1641.464599 1667.011841 1306.359610 494.023647 501.132946 1598.722228 688.107481 51.198273 175.544838 2073.949477 2346.298994 2017.270601 1734.868667 537.472684 282.680971 539.566118 2249.918435 2467.308796 151.348881 726.820619 12.641261 2331.531201 1992.454303 684.632478 206.269024 762.098467 1833.584789 1186.049853 1953.453210 660.686126 1251.875730 1727.737671 1467.935544 929.311925 1473.151383 656.380474 1232.299851 949.790791 265.460859 2452.428705 907.601068 2288.430039 2146.606646 326.046797 2487.849215 2306.249539 772.880926
2284.056003 488.378918 1503.733202 193.573258 1467.022269 1264.450805 2338.279488 261.890370 1220.555677 687.778663 647.372903 1357.243259 1146.650560 238.128160 1670.159148 2436.912831 263.424628 2116.744907 1350.135962 2443.887708 141.758509 466.504015 2402.479663 1801.317284 1374.660016 2216.222276 503.187184 816.717451 2265.608193 2171.708521 1223.640901 2240.903177 2481.330433 2458.820084 2433.371198 1982.816477 2420.842106 490.583826 375.334026 1709.376385 2073.081237 2118.897493 2359.494989 1198.602125 1596.954363 625.487174 1062.439519 965.007918 459.324482 2217.428909 353.065117 96.562932 1122.173598 708.452014 1351.973168 2241.823234 1724.380910 1025.609815 1396.002136 1624.005885 514.280428 2121.434145 944.467556 1217.750667 1861.069347 2473.692354 1464.081397 242.690316 2079.089455 1308.301949 1759.393078 1964.251949 1649.529429 527.503196 1773.752432 1670.551110 711.942232 107.543264 2194.278529 1950.285428 1451.360624 20.155416 1974.651038 1120.435233 535.581919 2462.110362 2355.387755 1982.560122 1759.658366 840.135016 73.297077 970.064937 101.087494 264.418475 2260.753444 1911.980597 715.079603 225.936037 215.471562 602.271159 2331.998647 2434.382016 1167.846359 1994.606004 740.021981 2363.077109 450.968148 1129.148315 1814.774168 849.656494 2280.426271 1452.804306 1247.343183 2341.114634 2038.465861 2439.454252 1922.202846 2322.877267 431.149081 805.268783 2247.766121 947.076683 986.937105 2180.206902 1185.957183 74.211260
1738.808184 2049.859444 297.122329 1661.445804 1077.339879 419.655180 362.100307 2229.969639 559.730591 1436.535793 524.055432 1121.662714 285.155828 595.279181 709.050245 152.564249 1570.637068 241.375256 918.145415 802.981185 409.592036 651.919131 1055.348370 1644.802723 461.392241 396.776500 2006.660051 1568.864633 715.752967 24.518401 1609.556531 343.467455 646.965864 646.266174 1964.411505 1793.019454 1946.202767 1501.417193 1828.544155 2032.345067 3.470731 60.144639 1268.547340 467.697586 2032.267990 1914.605563 2112.229669 1918.479442 621.347789 566.488318 684.967844 2008.517126 1194.383152 1606.215380 769.765799 632.845872 1143.961063 1655.811518 598.152443 2406.591903 1016.148545 963.996005 2306.497517 2223.477520 764.913289 1154.525742 1315.669106 2025.750276 2343.210907 328.973784 491.025948 1026.625163 593.807449 1960.710627 1218.265133 2340.657638 600.959878 791.697932 1384.337537 1788.635207 354.803181 2328.763990 2119.289371 50.258945 1228.175478 1522.767359 1149.274589 263.228210 737.767609 895.409147 1605.703252 602.859945 2057.728941 1799.028429 586.437266 1965.020262 1246.332730 1877.079666 584.637396 2070.994530 1129.259967 1037.192020 1759.530359 1861.452017 1841.518450 243.661606 1231.206262 927.115262 1047.141194 729.264538 2094.117578 363.659578 2300.595402 2246.280777 1968.120156 1715.010304 1641.446881 874.098784 1489.147329 2428.669880 684.717883 2182.271773 2245.079410 963.267290 1656.300409 2038.853657
2184.317436 1094.184606 1486.687367 2233.286423 525.530084 584.050920 500.670813 915.199687 2342.178442 1784.044729 1847.856130 795.780195 2366.319089 1338.292328 386.581932 1742.786916 1650.772810 711.203400 1344.498500 876.900613 2476.502602 894.694281 685.463967 560.867292 1599.224404 2151.181059 1838.840064 1613.343969 1758.349591 1753.337588 1474.064188 1812.078296 1002.232879 1628.951725 52.011954 917.362344 261.982364 400.499669 2272.761339 2274.430175 162.272527 812.134901 2209.086884 1837.522981 792.051429 2002.620159 296.446464 1110.291333 742.261273 11.683560 1390.559345 2449.902595 251.628240 1982.363885 1436.375603 2228.056846 2280.307771 914.822359 140.616960 1820.783688 138.949319 1126.573207 876.456720 557.522752 645.553464 97.005856 1917.218638 873.603896 809.579819 908.286607 2430.693598 152.515261 660.453136 1210.901177 1839.942587 586.193316 2275.100583 614.864024 637.870984 592.178810 289.504720 1303.158324 1793.869066 182.868981 2126.939659 1565.833028 680.910136 2409.620170 1290.001905 896.935875 261.831245 1404.582054 1285.439537 2198.505269 1932.975308 646.084178 708.547384 1417.550031 1277.755835 1293.557811 2389.930593 1063.363915 565.468611 1273.829833 2280.556059 1325.410297 2235.236413 2381.762801 243.344416 769.964472 2217.238061 276.323327 2327.042223 2295.219481 2499.098030 1265.515110 394.494658 906.705840 2029.981670 525.149608 1937.921639 2165.328558 2380.550745 1789.726743 315.521991 655.925427
1709.115339 2411.181001 68.888799 134.420438 2101.934583 2386.410371 572.723375 2416.711418 1704.955591 367.335354 790.864913 2320.721273 2024.191178 832.955253 2401.321154 662.764458 2361.419249 242.489382 1711.247075 1429.734694 1695.777658 2242.801057 1185.935316 686.480707 1090.735911 1823.265132 2134.070473 1354.286089 2196.597553 1454.624413 892.738485 671.991187 2272.988120 1417.371175 965.391482 1737.083257 540.250474 1911.537557 129.052189 2077.874116 2329.632777 1823.613949 2438.085687 420.163387 2470.481970 1707.325919 832.646311 74.445221 689.545757 2160.447484 1544.870912 27.169116 895.247460 1802.620941 101.354349 212.071234 987.498915 2084.761222 363.218259 817.101010 322.301311 2486.223752 1338.230856 1503.750879 636.137368 499.047624 367.590491 985.283438 731.627013 2241.836045 219.750290 1737.522643 922.711306 1361.538776 674.146740 1180.610440 768.723612 725.564430 1800.360794 1553.869163 1832.804344 1958.634059 1081.672872 1777.188897 949.538420 1608.529245 2215.369721 1356.125394 2463.860897 1029.471545 1640.609651 1471.284838 1469.233745 1198.843662 1256.557663 2473.313663 1143.407176 1304.686890 1611.966222 719.583043 192.163300 2352.958136 1540.760789 349.176942 1160.239858 978.678483 719.262744 2172.037760 1161.569485 1972.359310 1592.011760 2177.376277 92.853283 976.442546 2050.853232 1596.913305 1181.260092 67.187849 1605.907471 1448.665889 73.144208 1191.626243 0.372273 1332.820028 583.908228 2170.040796
94.729274 1141.044731 227.292934 137.650067 734.664367 1651.564187 2073.867195 2121.393413 127.166386 1341.504715 2162.730166 1103.353609 1859.487143 531.936543 1378.490664 885.816466 788.113414 692.532473 2424.249610 483.987005 2394.881955 1238.443506 2405.662724 1770.806634 1378.003699 308.198927 24.394659 1800.604385 487.482797 1654.647874 2373.841759 460.259923 773.110285 1218.154756 762.981117 1328.220014 2031.374207 1715.824068 320.358185 995.418328 2175.251095 2228.829795 1206.337032 1382.816061 167.160748 1607.308619 251.467234 940.299001 1414.548838 2270.189303 1817.255342 1374.533792 1952.192412 2485.544882 2479.586683 1615.560809 1185.391771 2140.907456 731.460134 1578.432395 1143.871452 184.546456 2292.161744 348.223537 1973.200586 444.695518 1101.849307 1307.141447 1005.048896 2429.469023 1970.623408 135.279499 147.053890 40.027736 1462.998549 1456.348639 1709.426829 637.936513 1875.358042 754.883376 2253.232652 1973.067941 1563.563151 172.395179 724.555479 1391.689871 588.391618 2221.912536 563.079030 1201.655943 1226.704854 2038.188731 920.229712 1496.989165 672.778290 548.321173 50.580971 2452.809672 2294.743250 2341.110724 603.457152 1705.599084 614.982752 2181.383453 732.683742 439.287101 127.947830 1242.786509 1847.053782 1123.454860 2213.616455 551.929364 574.304981 1151.087705 2093.209993 2462.837153 968.712722 1906.477686 1774.894883 2037.651480 1618.600536 662.758601 1900.335290 2004.374576 1366.350610 2472.872486
368.168731 2308.752661 136.549034 1832.324609 548.852096 548.376587 2010.814331 1002.621700 116.502264 1861.340784 2404.161424 1614.325968 1070.273948 2135.355298 2060.720833 2037.222615 1172.261568 1941.647985 773.085904 259.684653 455.010701 238.572336 1551.774679 1275.476721 2350.777254 1185.813925 1701.142653 1511.574056 1453.903785 1219.798936 338.672473 1608.101727 365.161435 825.320206 1681.855799 2204.086435 2480.732269 880.279494 568.680469 2432.956162 2344.948359 1780.510575 2370.320155 150.557348 387.703546 215.121351 1885.729906 1366.062770 1221.816991 336.013969 567.610969 249.068165 750.380537 1739.201496 2215.933183 2227.153967 425.880744 1665.840355 2105.467943 1617.150257 774.929362 828.181073 311.885217 1935.592313 2033.220603 1965.772783 188.502352 1572.230413 673.920917 2047.224484 2236.583875 155.933525 2294.583959 910.126854 2050.878652 731.054364 1128.264758 1711.600618 223.209587 298.714245 165.343667 243.608160 1149.008945 948.653978 1033.429603 1455.367532 1952.462378 627.072922 884.423698 1743.063842 1000.430600 2005.384605 29.144869 403.295550 1070.401577 2395.209766 2304.303188 1271.927864 2434.351115 912.485239 509.979676 2046.637756 2230.052910 1836.674770 533.957752 1878.611346 1637.478326 699.582882 2211.095858 487.794736 1622.062396 1415.256118 756.989649 1723.075830 460.922645 1352.862461 1849.099524 703.086675 1794.117312 1911.004966 1432.514680 945.178055 1064.051844 625.952629 2355.014504 1225.981678
1958.386738 432.762673 557.578783 2028.279305 820.010424 857.034288 42.645031 1604.637935 1740.045391 800.634028 477.602909 816.169282 184.271737 1722.283098 1136.819665 2468.787322 1948.416675 1027.253916 444.648832 1887.706314 2333.049173 586.900324 1011.385474 462.817625 1319.497851 2488.987420 1178.854720 1299.938226 711.382898 2274.019688 1263.834003 1646.236478 225.711397 456.539883 1912.801965 1076.711819 2315.686351 796.790567 688.544342 1092.091621 1042.274757 915.614924 2329.813347 632.767355 1891.983230 163.575471 2321.536198 2488.931566 1624.481825 2492.748253 469.473224 2226.493235 2475.067393 722.983177 236.710158 2016.436474 883.463949 2252.328291 547.886611 797.059100 236.834441 2288.811777 1787.813604 684.002094 788.168730 305.931235 2226.606677 1832.743766 603.013617 1431.373136 1210.000886 976.746745 1266.018703 2007.201747 1447.696214 2301.613526 605.120020 1226.793413 390.631853 2251.496655 1891.179362 1825.393798 49.818054 228.110909 868.511647 1635.864404 1577.321689 47.052309 1598.454718 1309.633186 1345.878166 1510.455777 2193.052098 2078.018618 2439.843218 2442.925964 1140.082001 39.008107 243.894880 1895.256575 2397.189503 907.189333 890.753606 136.803295 362.841961 1074.168852 1896.762094 1380.643497 573.595354 2046.167734 2336.607779 1214.017692 2421.762387 237.094767 2082.572612 1635.069917 1357.651819 1885.507824 1370.412798 2079.793198 459.524339 2296.485441 552.911488 1661.747103 2361.239417 1099.511389
606.303941 1507.482782 1509.793753 391.879951 2405.199966 2308.892959 1515.150675 1049.575011 1333.130272 136.979718 406.496407 383.229285 324.494440 442.600423 2112.187799 1502.415373 279.019840 1570.449875 2196.264436 352.869090 1148.207204 591.812205 1154.330832 1722.690578 2184.376617 1105.333308 504.340095 888.798275 1384.730218 896.227505 821.376819 6.835869 1486.860322 333.654033 1529.347148 10.716319 2344.957375 605.039583 882.658374 161.537295 1906.961798 702.654096 1739.256105 836.247007 69.887570 1478.152688 988.238854 658.523497 1085.157820 79.900942 2228.694210 1998.897682 2487.667304 2110.187924 587.138665 1258.924501 449.142790 92.856516 514.777432 2391.372703 1682.605100 1756.170418 1222.691233 835.032228 491.784894 785.566021 1947.800023 1170.392808 1268.084622 2226.481274 1199.946463 874.941662 1605.779976 217.968660 1582.029172 497.668972 2178.741587 1563.895682 883.061264 1415.078677 892.883251 2451.998634 989.780943 1087.525057 2062.480948 1442.833815 1145.265857 59.978955 2177.633321 1250.952317 1065.646499 1025.471173 465.140214 1438.918059 456.814147 304.463345 2384.839764 297.959883 862.061031 2432.030481 1958.431969 1201.300886 918.252210 2373.360747 14.557551 1687.881221 2206.682099 1707.038466 1333.363242 1741.580911 2447.035270 541.097674 675.263103 1917.101098 2034.077870 570.043824 266.543333 1057.497865 2335.450522 1955.934793 1565.934889 438.495360 367.981588 1110.877468 851.084237 126.734379
1268.695906 1734.099285 1718.713230 1109.547495 569.344964 194.501528 1397.135048 2162.844534 411.927586 2455.350321 2323.085586 1745.874734 874.526319 1767.596920 1049.236239 825.514890 2215.002633 1454.094031 1643.661649 1666.253600 2194.726614 45.503140 1724.026227 471.645590 1609.604983 1879.286988 773.665061 2239.514335 1237.960204 1494.204678 1280.620712 707.347931 1529.539664 1707.212478 681.375601 856.258012 885.545420 847.705681 1092.675263 886.509920 122.119176 2387.988161 33.948614 33.449781 1033.080109 2421.554200 1127.096048 215.814571 1066.188181 879.597618 362.893707 938.228255 201.406064 1421.618656 80.860600 923.329857 1090.520065 2211.412095 2080.168061 820.107064 267.392793 393.659562 328.189223 1012.886345 1977.557351 1725.972275 2201.770872 87.262166 166.216662 199.390809 2415.660777 1994.947921 2166.552135 576.703149 1494.372759 1061.984314 1990.880725 1516.118720 1566.017740 1156.150039 1278.739704 715.286786 488.935225 2499.617541 2111.043047 305.110443 2473.429684 434.307460 2106.754162 1201.002560 1664.343612 684.966001 673.717187 678.334941 145.682454 1503.935186 1033.953206 938.844032 2117.398920 570.094503 672.327879 1657.966705 2129.578948 2026.745684 932.730086 1846.215341 9.405989 1695.364540 1262.633957 852.275245 2277.079696 1538.338343 1155.099273 1440.840065 1380.963970 1070.250131 1822.151238 1092.961797 1704.835925 2231.027067 426.739422 1022.865740 800.182258 272.266035 1331.833048 352.725643
302.890812 196.570083 2331.561455 696.050899 1614.343362 1779.980938 2262.532678 286.880699 1683.278989 1769.997881 2068.434100 563.044244 2249.383901 1271.373002 1817.246252 1793.848488 706.497082 244.746235 1707.441047 1256.735418 11.072663 1370.746609 1070.493764 670.040196 628.913580 1338.209406 1091.017129 1546.938550 2043.944523 1975.747563 739.471412 238.529746 492.331700 1661.240165 2367.628286 525.427787 878.877650 2446.260537 736.584613 1745.539015 153.411057 998.805410 1020.016530 2232.736650 842.651186 548.858883 911.019527 805.964029 467.483334 550.540356 1999.715130 1183.460564 1697.801021 49.664371 619.416056 2315.237982 321.926859 303.342596 1513.075367 329.767598 364.636475 2351.566890 1755.742526 2202.592437 686.856418 775.818623 1218.033448 1566.252254 1159.889808 234.465632 175.176096 476.497780 677.967955 1525.980520 1133.095449 2470.021119 1432.442690 1482.636164 1602.973376 1204.972554 774.324317 2065.177143 1449.870020 1507.365909 2148.115968 544.143595 117.184579 1422.746543 145.127577 172.884303 2189.694031 1039.018698 269.305615 2134.489429 61.598246 398.925654 594.244381 170.371192 591.687555 165.006251 1573.087770 1140.656121 416.149608 2108.156925 2215.485979 219.533904 1442.394632 800.727713 72.011290 2249.964731 1945.702630 2204.274243 345.513829 294.236027 1886.072504 71.338352 529.471092 448.875900 780.680880 733.191856 420.016677 761.016817 1219.255506 642.142618 103.455946 464.448503
745.647026 962.836182 1905.076277 986.939883 906.806074 1320.018875 1944.670825 35.053633 325.660622 491.825943 130.229774 1712.094642 1885.399810 656.829289 907.768047 2478.829805 973.259147 670.687939 1639.306274 312.841841 169.473250 2244.648713 351.236661 528.236881 2246.831490 176.511491 1424.811797 1912.515409 676.789922 2434.288026 697.974882 2346.003844 2362.862023 2284.464992 1097.456650 473.416529 2222.710118 1271.778700 910.292314 1336.544497 1277.624114 1823.926671 1979.829645 477.377572 585.459290 2403.290855 290.637461 2029.036751 1300.945718 598.483550 1890.021646 1689.843753 227.168895 65.964381 2348.594908 737.341446 1846.499533 2166.789091 2385.658005 1127.287111 794.503948 893.525003 1084.023091 2482.657109 974.059177 2449.231676 1362.331617 1603.439122 2283.949133 116.752467 170.814691 355.538495 2018.370273 492.975482 1917.207792 1868.215392 1631.422691 1286.136970 1741.386629 403.514068 181.959711 1495.666047 2108.601095 2416.032675 1876.201416 1224.988188 1057.779640 1360.251004 1226.972501 617.137458 1237.339224 179.068545 2392.385142 2077.315872 2281.363066 2261.971958 1634.719573 608.693911 1752.990983 540.679340 679.769660 373.136068 1430.531783 1655.383196 2043.197872 178.804971 2320.074714 1209.994319 924.309290 1348.201607 296.405156 2157.130859 680.408380 2295.142076 2273.932265 1589.560219 2288.000642 1176.094275 157.881550 131.824783 1269.102531 82.598869 1327.558361 2270.241681 1912.424713 594.732820
28.386699 1293.897475 1083.949878 331.551902 2397.813162 2336.724001 1239.306615 1911.975249 294.516596 952.359514 815.420692 275.271399 839.210763 1711.150582 1909.590416 250.909733 281.309029 1419.907717 2458.739734 162.576404 1149.798997 2006.491367 2439.333363 2356.983759 546.106223 1611.474209 1363.121537 1711.528388 1052.433111 311.270239 2002.369473 1115.926241 1502.285940 1570.898417 1456.957751 51.917551 2016.338855 939.214335 915.665680 734.960986 1881.705470 2199.361075 1937.840632 1097.057697 1571.938476 2396.223048 1846.537010 438.945256 637.488200 1225.455482 2119.734945 260.981775 643.478186 115.573608 1220.888143 731.795015 1079.416197 1235.170507 1394.315012 114.758533 843.503254 1306.828363 976.198116 594.658318 1751.160628 542.202742 751.513062 529.083635 1056.002084 2386.882830 2289.798286 1465.944450 485.855090 40.687383 756.795732 1869.391640 529.601930 12.937113 466.956499 837.619012 1000.401164 511.921897 1839.208555 371.319357 2222.758907 1414.914870 1332.763627 1039.902397 1285.823807 325.532692 132.256725 1334.381981 731.131429 605.719017 1729.789876 911.183038 306.534494 2218.527609 1725.261452 1624.747553 2385.193029 258.771768 1497.001439 2026.244935 1000.327845 80.156220 2141.421859 666.202093 1362.343164 254.721261 218.861845 2467.973721 1632.787340 521.141336 1473.200314 791.162774 898.850701 418.689818 1363.433541 123.508921 895.937546 280.483116 293.247210 594.068586 405.427525 1861.223071
1597.471444 681.102855 462.843188 2262.382879 1719.474815 1416.909719 957.690806 873.545505 1523.383091 43.036936 1912.010890 234.469944 321.049575 522.121524 2401.893750 1132.634727 2182.552229 1039.771475 863.394702 1998.086760 368.965962 1972.093058 2376.716062 1287.397620 1618.450391 574.418648 1160.151616 1469.147572 109.367073 1185.856619 1278.605968 747.570009 1522.708258 1954.694324 2392.624344 2383.931415 782.183756 2328.388606 1393.683862 173.325584 2308.076729 583.954671 526.432553 2227.727207 1627.884025 869.111023 151.828790 2100.037739 515.417577 1871.800687 2398.471153 1391.265988 147.303023 1428.073402 1219.775603 725.019240 1325.472113 681.265107 1819.002730 1755.767678 1551.059716 2289.891610 1486.846310 2447.901754 214.042204 112.501656 1763.501565 1759.659222 1030.739742 1164.869386 606.906023 1850.949889 2440.784499 1589.401401 600.355714 2122.201987 1134.241151 1134.114273 415.400803 2110.554544 799.351059 1931.107958 1548.730454 308.993010 1662.127119 1975.202862 2411.214589 1158.093399 1025.618613 2311.099922 1652.391819 2344.917769 351.388253 932.969920 227.723336 2160.392978 117.399033 11.095141 2377.554235 2228.943897 856.354855 1794.715606 2269.277410 970.755417 2144.742666 2272.509854 1165.798311 1399.058603 1207.646523 182.283646 2174.841090 1639.951196 1663.416155 2078.263279 1741.393228 656.277176 970.803422 1372.492160 1002.377765 2453.150698 19.798328 1511.032879 2347.793241 1998.867893 2431.440897 2176.140266
362.469276 270.882821 2133.207154 160.433604 1707.641998 1443.491712 805.111803 865.944143 20.558394 1258.994634 466.858060 1497.031011 1790.327447 1646.722076 152.868304 1130.187461 990.597604 2435.350430 891.606997 457.077274 501.918895 1705.572676 2335.589469 1498.418531 983.005050 916.620037 479.670383 2112.850163 1975.110907 2188.780921 1327.818147 2156.064331 2295.556827 2356.475260 1341.426219 2131.569428 2363.867558 104.387163 644.500697 1918.824666 287.361544 1653.171297 1220.496753 342.726614 1816.123250 2314.790240 751.669000 2149.720081 891.903551 1538.440072 122.825886 1449.022416 1764.287727 535.162342 1596.152298 1900.110460 2099.658263 1834.267589 1702.400455 324.846799 2253.668017 1227.156298 1316.620380 1243.871893 2000.160632 2109.387582 1315.768932 41.587652 1284.601614 1266.065800 1378.474149 1314.321352 730.689025 1847.539404 2394.643712 322.469412 1458.106680 861.351955 2414.796087 1882.403669 854.894341 1596.605990 2475.510841 484.100073 2249.094202 2296.602213 2406.803221 2024.458156 1938.095950 1698.422405 1134.663590 2289.335969 1773.973871 1880.421756 150.230278 1770.656982 434.340780 2371.909840 1375.645909 1303.592390 1788.319086 326.624291 2287.809427 1850.030076 1102.715365 418.963605 2102.932031 2440.318891 1552.578275 1003.651216 1529.633717 2058.443652 1733.742471 508.632881 2041.963050 1788.766409 1870.025577 127.148993 1671.033068 1917.146680 667.255231 1349.743388 757.394768 1703.262803 1466.853953 1327.709560
2464.505935 1767.524773 1364.994542 1883.862122 811.494398 1833.050314 2457.998615 283.544732 1357.608223 1823.000962 1027.114695 1514.320297 969.500047 1177.676394 210.766565 1960.325255 1343.656021 2026.776207 1416.168728 464.045059 2231.896168 964.840530 880.259107 319.923770 2270.963963 453.666177 767.509809 110.826393 2310.579250 1738.314164 567.994361 34.219591 1554.412441 787.527973 1530.221581 1093.699413 260.458842 2002.955973 1484.831472 435.612158 1187.981582 510.246088 1598.265918 318.786231 2017.838038 2194.062584 964.411672 1385.255907 2070.161923 1786.810584 1824.463418 244.501949 327.256826 760.689761 863.098693 1576.454476 9.130622 2028.147565 2003.991537 267.661680 89.250677 1472.890070 2438.323572 170.627055 1508.776431 1762.673534 2164.186702 670.218070 1092.721718 1312.733612 793.079592 1440.193902 1870.644444 1664.696955 229.304828 2074.769986 436.711774 516.898942 208.888909 379.099364 1348.182250 1170.698397 1187.451537 481.142898 193.444293 423.767554 1122.300658 1421.026709 536.973272 2426.748929 2144.613385 1124.626122 1707.943936 1964.377591 1049.579419 316.434421 711.964814 1475.561834 296.285829 1256.194796 759.191428 916.749782 687.171211 782.579865 1767.903552 2301.303928 893.372934 316.332545 1538.334236 1010.321473 1049.413018 1244.764679 441.169800 2344.812123 1014.273574 2427.160052 626.770382 1873.977303 1568.442436 1976.016583 919.824643 2100.600986 1916.164360 1249.475339 1533.209514 755.478243
2498.407231 1731.903137 123.019458 1671.794693 2105.165928 1302.809313 1119.311555 847.073995 1293.329182 700.131414 1650.476562 674.093624 2033.663990 2236.027898 1071.220987 296.594980 181.330373 1603.095192 985.153132 2190.417897 2327.257205 336.953934 1796.840065 1154.119490 1515.474122 944.487082 2328.949540 1638.759513 1126.567934 2086.435885 1792.834782 208.073596 2051.766596 2.544761 1623.545468 1783.331322 288.104552 887.450273 742.225172 161.237694 1138.543698 1045.073336 790.682504 899.458799 1350.640588 1767.718120 419.703885 1140.345747 1469.916179 6.660842 626.240447 1149.998906 1116.119341 2178.761003 1986.208046 1345.402710 1068.145068 479.138824 1485.896379 1077.623943 2142.659596 1858.400992 2247.665791 1873.692491 505.023717 609.971052 687.665787 476.599183 1582.523860 1129.974423 2132.881821 101.564374 2445.101654 2092.700060 1916.174259 1423.244954 1129.521320 1497.494520 2272.309350 1139.128517 1420.235005 1913.941937 415.497082 1332.021415 2302.801937 104.856109 980.786549 1892.481833 590.132229 370.897069 564.803753 911.920474 2220.040713 2172.148891 1351.393762 1997.873998 1978.562003 215.730816 1973.567909 1084.728589 2092.160933 1716.427065 1553.212487 406.995140 1983.875221 1101.156129 118.843036 63.497060 1065.352288 369.015939 730.063155 1945.955087 451.260664 2366.294604 2214.156586 2094.208168 1989.720615 1591.139723 1171.568602 1170.495884 412.480869 1862.835198 2451.042831 410.618801 680.246521 499.026672
1891.764662 362.837359 628.268101 1118.579050 374.471331 2012.101525 1841.767245 1851.193891 1943.991227 1504.322489 506.932845 975.696268 2351.329042 1559.379361 1058.772587 1728.174827 325.000313 795.855240 492.233755 67.690829 1368.687545 1695.442100 1264.094467 303.286712 453.930967 816.171512 2204.932602 1623.597481 1088.085052 702.538812 1856.799598 555.687074 745.465063 2305.414744 1313.209252 1091.275588 2261.686179 1161.004391 2130.992695 2074.192482 1670.246306 1192.633363 1592.412634 1010.045262 640.198307 1563.564644 249.069748 1061.778655 1864.378965 1982.100531 341.263710 830.916160 224.258501 1156.073219 2206.324473 1237.225324 1999.839727 1225.932767 1528.062070 953.128329 1597.932234 676.800116 1108.253762 2264.521838 798.989508 1627.611818 320.100869 1238.314650 128.648360 654.962015 1011.315307 49.064113 2258.387908 2442.417182 644.026956 971.076054 967.949349 1601.085729 2190.907785 563.730773 662.198037 847.629764 976.369920 682.915852 2443.760270 603.146529 1948.500080 1974.549972 1203.082764 1745.045614 1022.086947 239.799510 135.668405 2018.178305 1134.997453 1678.162386 2359.455952 2106.750454 632.787663 460.112436 1703.152914 1996.033447 2498.979023 498.320525 1130.884304 1401.956583 745.785922 1306.790811 1575.648415 1764.923574 1037.854976 1094.643358 1093.912093 2051.793651 1863.667879 1091.392275 2483.295855 1724.725754 111.690510 1513.371581 279.159229 1879.933597 1542.108330 278.286425 258.363573 1796.035346
1312.930752 117.868228 1845.931985 201.933927 1510.773391 1069.251399 1929.837542 1237.397261 935.986816 2366.512535 2243.102049 712.036252 158.128685 789.793001 1185.765158 1504.290976 1747.159120 1565.382454 2453.134306 793.149777 1473.541556 1409.267241 199.005247 1330.137490 1164.164372 306.397298 1164.125779 726.922835 1550.401909 1527.466110 487.179352 880.729022 2235.077110 1412.688952 1414.799185 594.413934 1713.552302 1589.954507 73.189643 877.164616 1096.880808 223.522608 2378.897868 2472.604398 993.734542 1371.204093 1581.046365 1904.316772 2194.738963 2263.602986 2495.280832 293.027165 2443.865244 2064.918116 478.118324 730.893077 1264.052656 2174.036765 232.264060 659.476446 408.853803 814.210800 1115.541726 989.666627 2382.464804 1457.905347 151.727521 1081.392489 905.958678 538.120859 1007.201216 181.713615 413.350521 1082.491493 1856.170575 1992.391139 866.125659 632.493844 487.356223 2129.450244 1367.284121 2339.253930 1264.298252 1310.421425 103.015557 1447.799143 1805.577185 2476.115693 2087.040100 1585.714989 662.826832 2022.186082 1161.163014 299.012380 279.096738 2485.841504 997.665935 13.640071 2493.667301 2447.969446 863.007672 917.952963 23.054026 820.793296 339.481115 1383.140767 2438.832134 101.743079 311.539467 2441.528936 2329.944841 231.531996 1227.458685 1281.948453 743.257500 135.487982 872.805504 43.339976 2205.842407 1318.099175 1649.592637 1294.449507 2482.620015 2139.639765 1431.837882 1084.479689
2341.190563 2328.426600 2281.369654 1435.544656 811.211015 2130.964345 1379.736784 1264.817214 1639.362334 2238.312895 919.488472 1157.672376 2196.855123 1943.660673 916.743153 1922.158707 1759.104668 755.316902 2064.290238 1054.632029 349.151438 541.612411 1502.904638 2346.430010 873.597306 781.668681 1581.812236 1551.130015 308.904631 1688.059736 2388.557169 1828.879230 1017.946875 1802.456533 2164.629295 1737.932720 1785.193615 144.439643 505.509118 1135.493029 1998.828434 348.260105 889.435472 228.777100 1623.486044 1252.929737 2253.643963 2115.713353 1068.667755 339.034063 1474.996022 415.963857 1772.287750 1835.238345 1607.833072 1478.626541 720.180079 1801.302969 1708.322271 1306.085628 835.092140 152.652787 1918.823920 2075.848284 1510.214034 1130.609496 112.159002 1972.494287 1239.166012 2470.241450 1351.820377 146.953611 146.374751 1600.195633 1409.768035 174.971767 1868.742461 1674.257615 593.721896 1925.563442 1742.255486 2087.229768 309.060294 1298.895573 1647.197359 1777.238562 1169.546576 1716.364003 1594.808588 2107.172537 647.852725 2205.693646 1680.483016 2266.971896 2441.911607 505.683378 1724.555763 545.373818 1514.319067 1033.370205 1200.723985 416.570370 2356.247911 537.576975 421.312840 1150.919906 2382.685972 2327.073202 1983.372645 870.510049 891.609801 1223.851073 718.246454 2058.762109 1538.888324 87.587448 438.131982 82.561069 1813.810941 86.450771 1304.159419 1957.118009 1689.222328 1813.969702 1583.537999 2136.833676
1094.215403 2043.493885 1592.151935 963.761525 2498.764810 1130.908240 864.812165 505.749117 1267.476324 924.949826 1545.758268 170.064162 2339.582395 706.086635 1464.915450 2061.154139 398.093448 422.075535 1641.197860 1716.971129 173.631503 1571.519854 1639.396441 1821.330928 1989.641070 523.083990 2376.188775 349.014276 633.735060 1832.584771 2326.841234 1244.936509 440.510780 801.579696 1914.747854 2467.884103 992.168508 152.828011 1955.872992 453.457453 1673.759946 2304.016861 1465.083563 1613.338056 716.312811 27.164481 1699.706101 1755.307478 710.886303 2450.155288 1453.699401 172.687015 748.635099 1129.666119 1146.253649 1731.372645 1966.489785 701.904253 157.778090 845.443710 1022.371289 787.870709 261.465199 2188.629276 683.714268 1724.699761 1954.105281 119.080747 135.866297 644.586572 1439.146546 55.261095 302.698605 1243.342002 1676.309611 2434.113558 348.296515 2204.412702 1900.999249 1438.526066 2264.365787 1299.082058 26.038334 520.741701 1410.620355 142.326024 2440.800722 915.384116 269.806685 1711.898688 1792.766857 1502.695087 2010.511224 31.053857 2161.871743 684.152188 2210.418804 1022.470910 1874.907483 2383.675372 382.332938 2314.258349 2119.836319 465.839479 370.118558 203.137632 1440.570716 1589.284369 1319.881665 281.567127 2232.051214 1498.339405 1904.312028 1135.246392 655.924451 2300.441965 2379.566183 753.937282 1891.975576 1674.498510 2487.368621 1091.827588 2032.916408 2054.697002 532.552728 1202.080220
1712.208755 430.807911 1592.675989 1365.074516 1449.512307 1602.120690 1453.352291 2412.665533 1435.548224 41.705571 909.406846 1902.438418 1347.657680 25.429404 2104.944972 2151.159620 1059.678709 1141.221017 1732.253641 1768.625945 2202.620007 727.446431 154.343388 2355.806403 1126.135830 21.166252 342.759614 41.607938 2053.253157 2213.115006 305.445879 980.423666 705.598282 1089.525059 1459.866896 1408.350132 2062.319224 1172.908108 463.244333 608.257595 686.062328 209.840508 1587.565917 882.094949 1815.863536 856.583283 1911.469710 2112.509242 20.651508 1138.778592 1972.752776 2214.921928 2253.025893 829.791300 586.785204 1099.213658 2351.920510 1047.853165 1548.733677 390.863990 2166.741256 2465.328448 588.163170 1910.589359 595.440251 1128.953118 1797.528711 2194.582806 2144.848689 1171.314835 1603.047985 277.403475 2330.630103 626.122591 437.099668 372.589009 1094.789312 1469.873761 789.267044 588.958810 1500.987458 1850.490988 1966.123665 2084.371573 1388.854708 1092.472219 220.105950 1525.177067 2240.920670 2368.698527 883.861052 2326.162248 1832.483960 445.571269 1824.892868 2281.510599 2098.551290 132.635886 1519.368673 956.006808 1414.535023 1734.330909 358.648426 2035.719205 1839.788542 351.374707 876.003959 1066.330366 1277.205645 555.562003 792.188078 1697.434742 1908.405235 2280.819329 570.762929 175.736590 764.647899 342.516810 1330.168228 1883.175341 2299.105278 2104.285622 2067.798633 633.819129 2309.208106 1906.269003
1034.205672 870.892651 1476.213170 972.417012 2415.890953 1289.709309 2398.805980 1562.886670 2163.816401 317.225461 1286.019822 2418.337031 1277.403395 1293.614937 606.936632 1221.512986 1754.859742 833.509659 166.789324 1080.197378 357.559803 0.531850 4.110945 183.219381 1834.947328 808.415598 1772.067379 1880.559318 1452.002750 200.650417 2280.169355 2264.203977 258.200999 957.278684 520.810400 2137.756478 1309.014204 1656.267047 2485.876697 302.554106 975.365470 1667.297505 825.229049 124.023247 456.764052 484.310174 2235.668279 233.913471 2003.865918 2255.925490 2385.354564 2466.833088 82.170871 190.497673 785.537911 237.040421 238.142913 1114.579976 2031.322559 1989.412487 618.137523 1099.684688 1729.767136 2058.451696 2233.901607 2344.215575 2360.822872 1442.608275 1626.202890 647.487230 1987.839728 1390.717936 2263.057863 1073.436296 1677.903620 422.349389 1485.109777 435.895988 2066.393608 1011.685920 825.491745 2322.568386 1538.483096 1586.259851 646.792922 1456.769665 2461.236626 409.032326 211.297373 1295.089818 1240.261827 1723.373242 666.494377 2302.471403 695.052324 2433.205543 1499.943083 553.679035 1808.291171 1203.536025 1549.881100 1998.884095 945.630001 1262.328334 1164.672796 467.622426 1097.860743 2388.064267 2288.339748 2206.551507 2452.369918 2301.579829 1551.787053 2059.988540 395.728517 338.539822 722.808328 2166.902323 398.477454 2095.499349 1783.073461 2291.080367 1451.206939 598.551800 1405.719997 940.273530
1696.601043 693.520926 1240.079299 331.917175 323.979791 288.607130 109.072094 1257.220451 964.859414 313.834196 659.941786 2387.657894 1527.548594 171.168434 2391.132457 859.543635 481.421314 940.904380 178.550486 292.612643 1010.338886 2113.202247 1545.869388 895.779171 2262.493361 2370.179307 1338.191621 446.187244 1782.932430 1866.762948 1062.066047 2002.394543 42.505285 323.580403 182.982451 1067.687894 2440.811950 1291.869927 903.856685 2129.804320 245.279983 747.356429 1603.072802 1006.801417 55.323985 168.361860 1322.317441 218.299050 703.857668 2374.728800 1876.624605 1149.474567 1104.257039 120.176971 1468.124766 1354.033871 2332.328379 2271.279075 1228.179450 2366.375102 895.955534 609.113506 1123.021071 1952.351757 538.757187 650.304892 2087.098470 1444.494979 20.100611 255.670282 175.891826 2120.676862 304.522943 220.837902 2332.340031 1877.683601 2401.790700 1963.878835 740.964304 1982.256352 189.549584 14.472700 650.674892 1119.863455 1335.208250 396.651677 1194.120980 485.252027 1660.876764 1626.917738 684.049747 275.985136 977.878468 606.197165 858.493410 1320.896158 1527.796504 2494.048142 462.084072 2019.447380 485.703471 1464.674963 2241.959468 31.661434 283.785226 440.062405 374.278493 2379.447015 2074.894095 1913.418393 1754.497257 1621.132247 1259.938953 1839.659469 1974.849058 65.438086 1417.512864 1341.182120 445.773317 1290.320113 450.784184 1279.302038 562.785261 713.008267 1502.533882 1130.520966
1656.297307 587.782444 1790.165325 1096.995044 1952.223855 10.782519 374.657967 207.516518 1115.069235 222.514646 100.763515 268.182153 1745.932321 1721.614808 849.321255 1726.534117 951.628717 225.754205 2025.914327 1731.030953 839.677774 1145.846910 809.467112 2021.581536 375.251449 1902.646766 380.405544 181.600963 284.809641 1412.128082 937.161171 2356.926024 455.903128 2072.775840 1397.316062 2363.000708 323.718518 736.267088 587.677698 297.022750 316.804161 1123.393518 1975.385064 1763.279078 734.042397 1429.789381 1013.587801 508.611458 158.813625 643.042244 1145.659951 690.749823 1724.722614 2163.416312 1654.759732 1144.732327 2313.646465 2343.481961 596.402308 2486.505268 2144.137881 1282.411627 215.465744 2419.178646 1248.381352 518.221494 866.815220 1439.683079 217.152981 921.993485 603.039410 1335.538249 529.096826 1264.310244 850.741376 1985.961144 1199.497738 619.243801 920.081407 1214.635866 1030.097426 698.266989 1741.188087 41.418378 159.293917 2452.179689 736.379859 656.969173 648.625004 785.799225 805.648631 2238.939238 1315.402743 162.724720 1554.228587 1239.504945 2433.675684 2155.321046 858.438402 347.480180 909.324900 2395.946706 1015.149726 251.396141 2148.566617 1640.189875 984.466922 574.024504 678.758595 1981.622835 1008.909614 1366.576211 210.794285 2420.488994 406.978980 611.733517 2303.793990 1620.140997 712.108045 2229.146463 1001.842547 2167.816979 1270.068280 2031.068747 1565.284504 752.441750
49.307940 2047.304341 1583.956335 1566.248029 2444.659110 633.374743 1871.049526 725.749465 2019.348984 2466.494505 2374.741836 1092.008977 1670.134572 1994.950651 1143.210530 2015.239794 618.439801 2394.782854 375.412602 119.977830 947.265708 835.879892 73.595741 305.683995 2220.739146 2382.854496 897.998362 798.895636 2029.956013 1755.530055 2164.505891 399.024856 761.577076 482.219262 2309.788729 290.285138 120.657557 2418.447540 1961.883324 1761.807992 2061.231609 583.534223 2389.315512 1456.178407 51.366247 1770.991724 1755.757110 1058.683445 432.395700 1688.055638 98.791307 2237.101032 2407.859665 1739.296112 949.164370 20.528779 1365.079570 1168.631193 2059.133993 560.654208 551.750715 2269.862508 1363.423639 811.453685 1558.736896 1073.475892 2161.681604 2257.079924 305.873193 1707.353323 1832.129685 1472.655332 666.991061 602.318834 1765.306686 905.628481 2302.717337 195.446888 730.813219 1795.852717 861.217866 2130.497146 1866.577778 480.378422 1638.067013 2170.334718 1305.498071 2181.657676 2132.843422 1820.089551 824.417820 1281.075695 2336.974765 1043.136655 735.303919 387.599516 312.798129 2151.978058 452.737652 1364.800531 1135.801496 2475.913308 2374.577693 145.558359 1348.070184 2030.702005 694.278209 1922.880613 525.922916 1749.063446 2155.004439 1470.312201 217.701155 1754.984244 616.941080 2499.100530 1063.952413 153.835693 2105.217207 1188.594027 434.139713 888.838562 1214.505965 2471.456553 985.378244 1692.779749
1439.589937 348.928229 2472.864783 1142.452171 343.494789 1172.612944 1608.314118 1442.515420 1672.531570 2082.504400 2484.658277 1277.854493 335.949438 1156.538637 902.683225 61.829544 2449.493609 2082.523549 1134.709113 307.067258 491.327399 388.268884 2258.253526 724.154420 1304.133752 1546.642687 2268.152165 1733.303874 16.897555 1834.984502 442.328079 1172.244560 1237.924104 1105.001221 2366.531919 469.204314 2366.133831 2114.888004 97.301260 1304.696589 618.031982 1432.672698 1639.222085 114.600318 1008.628223 435.999237 1607.078679 2158.290914 1434.294941 1716.097162 344.053948 455.783582 674.681064 457.246687 2109.855356 1628.684344 1417.122778 2417.701785 534.739460 1195.018460 650.596745 1941.870204 981.271556 544.330516 598.117796 206.797247 1200.163822 219.086673 825.138565 503.402878 352.700608 2488.292313 284.404406 1921.487759 1698.297100 2112.355264 1610.928437 969.923206 1908.679344 285.915142 979.123019 333.795048 519.124629 752.884887 2003.056461 2379.752725 1778.032561 93.975667 1154.142862 1454.925655 2022.329462 1067.722384 1704.291974 826.403188 769.920330 2082.482445 140.943481 1151.980191 1943.974252 1699.007072 930.126581 2402.141502 1593.728734 2165.455587 1895.743749 781.073309 701.567506 1247.735524 211.781347 424.545757 119.791966 2426.469972 839.874096 2493.214182 1082.614094 2353.152321 2242.928723 1292.674603 743.445252 902.427412 1856.893129 1425.470637 1874.053235 1554.196889 588.016615 988.248808
848.049431 320.499292 2038.947143 716.299092 2158.427104 438.030559 1315.631370 82.338679 122.815466 1961.470606 681.747640 259.903120 28.235155 141.220329 2396.734835 517.376400 1995.973200 2447.271898 2227.971053 1720.596413 2499.143781 1860.788337 561.126825 1728.167753 1108.324370 1227.082453 2210.317273 1556.978974 1330.573729 1704.001518 2120.055274 80.456598 306.473886 2231.939146 2076.660666 1737.850255 653.520074 570.510086 1653.366566 917.326225 2490.946366 698.668192 75.404143 436.338303 466.136240 304.667081 1879.378956 922.897238 1747.242598 1122.663890 1050.446532 2428.849664 1339.944206 2358.923626 526.778476 677.045033 203.363805 94.632453 724.592322 230.666941 1350.099271 1645.774243 1361.305520 295.901311 1365.189953 1176.146006 1926.759694 200.791051 1258.688532 2035.641484 1938.567930 231.436427 384.073032 911.534564 1103.235112 2381.093137 1024.895298 17.896808 1014.679823 937.083155 1431.419490 2130.437282 1450.737285 284.111957 342.983360 2074.051314 1243.167488 2232.991338 2430.898548 591.298111 2090.410899 1783.449568 303.808272 1947.159982 456.216969 887.164852 1029.921381 2266.045302 19.044388 449.450587 1388.455718 1593.558147 2164.013435 1204.704921 1430.649836 949.946600 2486.205140 933.838736 55.273138 2445.551382 1141.387957 2366.341149 990.582072 1266.167240 155.013062 1323.570428 825.121363 46.757769 1090.885332 2238.633635 408.417575 1384.845033 1254.335498 1504.423283 2231.950301 1781.761332
691.605200 1188.948027 729.913794 2410.323685 706.042249 2204.205531 1744.865322 518.170413 1226.138997 991.994987 2479.721116 2008.783701 506.677071 851.909231 89.193626 1447.436562 2037.706669 1057.041868 1910.628058 1528.461610 2477.668972 447.108115 2223.440178 1819.979818 1880.071220 1202.857951 943.568658 686.623007 1203.755734 1902.375644 1639.469050 6.625822 892.217850 1653.092619 661.722681 2264.541861 1501.732569 625.976197 641.463508 1691.008105 1529.383309 927.733506 2353.299155 484.727024 1783.998343 2089.065171 313.895953 1356.684706 2464.694934 1189.338946 751.105237 2458.855112 2251.383061 433.763185 763.416642 1765.256309 976.586605 2405.416083 1274.825798 2275.006550 727.993567 74.239045 680.626016 1348.524943 1320.213813 328.817539 751.812423 1769.671528 2253.984165 254.845146 1248.892217 2076.544118 713.610868 2406.960916 1944.541380 602.387829 687.341496 91.758572 1583.651113 461.468114 2017.436363 2176.264147 188.481537 9.077470 1367.926047 401.184373 694.304195 207.695977 974.827725 2347.806184 332.662732 2352.004391 1591.227481 596.771164 158.564463 1628.003448 1434.332681 1204.198933 2256.865852 1886.701657 1799.270382 2318.373383 264.599036 367.867943 2428.457122 2413.225936 2134.495544 543.939757 477.046964 296.599533 975.042338 83.287232 1964.529806 1671.436591 2195.313455 1911.822735 2266.161661 1668.119894 1646.363222 873.511524 2307.328891 2413.669719 732.710700 1097.316109 1146.415899 2004.162546
1780.227055 740.621030 2147.543763 1852.427147 666.406342 1245.702960 1356.994931 97.604235 69.903548 220.048032 1130.466884 1022.081819 222.193354 2330.534479 1470.080702 241.714471 474.060276 1849.383244 1874.758481 1640.811368 206.627437 453.465065 1770.701869 1258.155178 2082.913758 516.451697 1826.552190 1503.927985 330.473398 1524.510899 1680.368784 1621.182251 818.481557 1938.415975 510.494934 1983.040793 2148.003024 1965.226637 877.556515 1360.908627 1572.039541 1019.351854 602.165948 2441.382557 2191.761859 103.989541 2190.759489 356.215899 801.045902 1772.958311 437.076922 80.025727 1105.970652 2106.908580 1329.189222 2322.581341 2457.077708 108.343963 589.540997 559.693129 628.333136 878.920643 578.225135 1881.995579 153.814974 1633.493554 418.328787 2474.534759 1075.188467 1143.137464 2050.276307 1782.270934 1021.644150 1909.102199 1887.050424 407.768081 608.646250 1393.435547 1252.250615 729.114438 1188.317533 2459.049823 1508.297437 2419.058262 2104.528113 253.498258 2325.359421 87.067292 234.038575 2374.447838 650.570792 1609.574737 774.801058 1164.906322 2255.644245 2484.326141 1279.011317 2323.526307 2470.155998 2243.350535 1130.453759 384.348213 1188.040176 2324.641238 371.111395 1638.410031 84.638814 1365.741281 1726.042821 1479.594758 2243.877904 1818.516496 797.918927 1460.127083 1844.809531 861.653009 1803.415262 600.778242 1276.077371 519.483625 323.473638 942.234206 1020.588305 2231.949912 1599.636232 63.902267
588.991550 1734.920770 1434.792931 395.460579 706.541648 633.866159 1727.967542 1794.927822 518.240520 1836.864816 838.199179 1968.571125 1397.395429 2185.539198 907.080877 1458.253662 1226.755857 1435.834856 1506.322449 391.869221 1044.105798 1616.242381 1462.328486 106.018954 1625.058186 103.539169 1916.473518 477.878748 1731.796066 836.952904 1619.291019 2128.798254 1099.756660 402.350667 894.149569 556.936579 479.598431 174.650569 887.057596 1867.806743 1994.914729 2263.359056 2225.280147 1138.130677 248.450739 370.302726 1119.129451 1712.023644 647.227326 24.565168 2265.113769 616.602516 604.011635 1704.605581 1587.964495 1924.614373 1332.328832 944.947575 1600.913972 215.999459 1112.040493 1195.433923 592.004506 371.970907 2480.263903 1579.411332 2203.100215 1493.971230 1743.652853 1593.354253 1789.934901 2407.511344 814.029239 2100.206835 1469.025578 1205.282487 588.730285 1514.604383 1619.133870 1333.656716 72.442123 1748.846675 749.017511 1722.463866 10.218276 1645.475716 661.262348 1689.489016 1307.765271 1224.484137 1982.837059 120.310026 1930.516297 2003.042391 1541.734421 372.446339 692.071916 2299.041623 1517.478710 2383.947243 2420.261081 483.464301 184.916900 823.407201 2352.030419 983.397350 920.481064 1797.705564 2148.757156 1768.935625 1330.643521 781.646790 1948.161571 377.583845 2085.488747 1742.242722 48.195307 629.948831 1098.417338 12.228793 1293.228804 691.629138 738.444835 20.322974 126.502483 343.371507
414.264738 1105.524335 83.033730 2021.709917 517.909518 2088.578021 2238.565145 1911.797276 2215.174560 1424.840225 770.457605 1008.171471 2025.402201 1974.874979 1148.556038 1850.561403 73.903283 1895.472663 667.692076 1293.800785 149.364657 872.377069 1245.564965 2379.756509 828.582960 2385.706382 1395.499278 2096.031705 2104.694869 2122.940366 1298.958282 34.732165 525.994562 1550.847906 475.631371 1352.162214 987.396150 1361.597053 494.233549 895.911097 93.411400 1342.590973 202.202300 1769.704082 1215.578986 491.524542 2342.442970 54.169816 714.850378 1117.867350 96.670107 2068.268549 128.397148 1476.570087 1642.631292 363.786800 2063.002442 1197.965461 2328.949227 2154.849680 1586.558781 1600.212293 6.607090 391.511808 1275.104274 2417.565445 1337.122741 654.087228 676.029885 34.299999 1376.560661 390.622858 972.071888 1626.419300 1979.087831 1324.426310 1288.523743 1829.094885 462.760178 105.681413 1966.559676 1734.214816 1578.470141 2062.303248 1630.620812 2431.940742 182.779776 1486.095996 1993.197392 833.109586 1450.343750 1675.902120 160.099094 2144.803096 2164.903176 845.333210 606.469870 1639.550467 729.268571 2282.579565 2290.833097 410.325236 1049.266027 1484.341423 1972.062304 566.011378 1035.061574 1339.909924 1882.758185 715.400347 1205.167985 81.928143 2248.479429 1267.434680 1090.240520 2444.514990 2387.127044 302.203130 1174.837758 1217.682448 2253.109207 1416.342925 354.278636 106.513448 634.162783 1233.353431
2499.542173 1280.306519 1842.966634 1323.486960 1286.597199 1203.749542 812.565767 1520.082434 544.091164 1450.783083 431.983714 1095.825840 2409.372340 1354.721634 1790.322049 1116.406110 2162.604745 1183.081376 1265.918166 128.123125 1910.710395 388.684530 1642.446222 2156.155318 2468.268231 999.355512 12.694745 2082.818792 1110.289620 1375.614691 1011.453118 934.779233 844.687955 609.530995 1025.950056 481.615084 2260.924344 825.660241 2468.224906 1394.889791 12.293813 1397.074390 632.644621 955.450512 108.496452 375.246398 1218.664808 640.776481 2351.164606 2089.846672 1794.537831 819.293663 500.125389 1399.655639 379.811676 1614.538127 479.617557 973.526920 2319.480535 2417.266318 1779.286087 2377.272352 1716.744561 1793.953677 719.023533 923.445957 1621.119588 767.752657 1645.786067 910.231153 873.491553 1464.332085 1906.568408 706.439282 651.650447 1290.885455 1586.828128 951.274083 413.945745 1166.369012 1688.296726 1033.110068 2121.887453 1019.264465 86.360225 692.479639 2014.893639 980.233089 1010.728589 1430.252138 1729.721980 152.880974 1686.707740 2273.764864 1516.701674 303.834428 1150.479860 669.728149 2064.556028 1737.735560 458.405063 305.288315 1464.977657 1826.987621 387.585097 75.572687 1151.789623 647.859162 1932.678301 2190.918618 1635.865583 2247.638961 1325.614973 1238.902786 2328.818950 2357.733427 2100.011703 893.969428 1414.580005 649.723666 1839.749919 2480.695966 1384.759906 673.714692 911.467245 1507.469589
118.989295 774.255420 1932.439734 519.809313 1600.852391 1056.785180 870.163170 211.582713 854.082581 1185.835595 1463.340917 301.105226 2276.573152 1620.913474 2162.113864 1184.856027 268.149108 467.371923 1681.004998 1613.088072 1105.722744 811.598138 1585.685540 1828.218899 686.717068 1161.625916 679.166016 2005.401754 1988.731518 27.847643 1192.201286 440.448612 2134.306002 571.998932 1731.243197 261.624033 2227.451048 1561.318946 725.993507 547.539238 1618.741884 65.247106 1648.038850 189.866301 1860.056376 2409.485162 950.423331 1739.185351 1350.013343 1406.962181 1100.150788 1129.271257 385.074746 1198.252262 1988.663620 372.540542 890.841559 1956.130648 2057.873745 1960.309063 1706.756390 348.381232 293.362678 1996.959567 2202.998348 1730.643751 1620.418597 2120.081237 137.192888 456.586586 323.708441 21.513448 1131.705671 740.358500 884.466152 65.824151 357.701740 145.564648 1993.613761 2241.503865 476.020309 1230.564871 1277.505445 426.501410 2064.557453 2195.848230 681.156126 385.092057 42.858158 79.852825 1019.454505 2463.373408 1217.854113 301.102917 1266.315811 323.097821 1097.289966 2058.844277 566.174859 178.141934 2269.910697 1321.439679 1925.707211 2490.595329 1995.745487 1891.663351 1706.010617 784.920494 233.874084 955.215778 2407.086295 1757.072228 1557.678997 1870.690383 1763.530521 920.347301 1181.667935 1329.015962 280.322950 435.320397 1386.312134 2010.163923 1216.797251 713.031649 1960.974254 2132.064072
2341.403818 2293.423748 1052.451177 2263.699666 1059.707810 1180.423550 948.351962 1518.992963 1120.057355 897.588355 1560.246789 2277.249211 367.173667 2141.022521 443.974510 1859.747542 1690.321802 1958.419645 500.521609 845.337171 1829.285182 821.681938 320.607647 51.321970 2447.718663 1843.303919 1088.160614 137.077682 144.053876 1343.670141 1347.948814 921.671023 1284.737086 38.402943 2117.279781 986.958759 847.451074 1995.893018 615.558900 1703.529520 1898.110086 1821.006528 2199.013273 2086.894358 1809.933041 2040.011829 1231.922243 1236.456008 1193.770118 596.530435 2069.866962 867.118118 1069.657316 2026.847725 1693.214181 31.890939 770.526366 1483.486395 314.651999 804.403213 1677.379309 167.548285 2399.101917 2036.472695 1549.549643 2183.079621 740.990891 538.713458 1876.999634 447.646223 858.503645 2471.470226 2084.171929 278.791410 1053.829575 1282.502287 64.609609 463.349730 199.379595 1813.107030 2092.193963 657.192284 1166.180220 961.884849 1767.932179 551.757505 595.748674 375.176796 2116.916919 36.999166 2337.153357 292.222017 2451.053134 703.066973 763.453114 2277.743516 1421.853139 1984.062317 1570.592755 958.380859 378.023212 375.745820 1314.009590 1469.764251 554.061117 159.196195 1509.557708 1798.060756 1745.963710 423.961147 1833.576011 2221.745454 2071.021784 46.155473 2110.258190 1801.403123 1239.573297 2475.682590 1774.498007 974.683649 1518.647824 1793.678411 841.070892 1624.137923 2344.059168 1966.077778
1630.743816 1320.842249 1425.990758 94.281514 677.294747 2462.422181 818.276008 795.805442 1007.547189 1558.124336 345.113368 86.944050 1807.420195 1562.313547 331.916803 236.503577 1731.329498 160.273521 2495.631988 423.987068 2296.106074 689.371025 893.548131 773.343165 322.741733 2391.916459 1617.375236 1518.529118 1417.607984 722.067807 746.099317 511.146664 1508.311995 1488.050627 1443.376485 556.612016 39.455772 39.005517 670.023651 949.836094 1375.195005 372.096034 61.108998 1155.471001 2413.583627 786.042482 1889.776809 1979.660539 1591.129885 1127.212733 1260.600091 678.697234 1089.440492 1005.071414 386.313580 2077.888254 638.936788 1090.205457 1758.824441 289.684465 15.927407 1695.492734 1221.274900 1279.295114 730.185413 57.023868 1272.281727 933.400204 398.216630 2079.637089 2495.474861 794.146485 1067.138284 386.478364 1591.125808 878.633829 1199.493173 2387.445669 519.204015 224.611940 462.974968 994.275298 979.357156 360.009131 1442.279536 1400.841123 1112.407931 2219.214342 1407.860541 63.499565 2043.216906 27.019771 1314.740626 2040.879473 1369.065665 1640.075483 801.117054 1103.310865 1043.890281 1421.530607 918.379634 462.465401 606.999806 865.886185 739.400968 2317.272313 969.928134 526.554991 662.415406 646.543993 1182.260732 1965.502274 1908.141481 677.644457 897.262749 1799.095079 2062.987863 1601.636627 293.322267 626.752712 777.958808 156.057932 720.454782 639.926244 19.726818 2402.511937
660.650997 1027.132726 2373.474879 279.305791 1777.992206 1118.893613 211.071806 672.542105 408.624458 2325.878954 2388.465880 1133.795055 340.618727 84.207502 1679.089634 2105.735113 431.110700 2493.450542 465.479400 917.719720 1161.043318 1428.236580 2088.905052 2286.265119 527.813298 670.241655 1831.414197 872.853764 1491.820338 1533.218825 1977.662862 1427.775652 908.501288 906.288905 207.052006 1137.442842 305.890704 1468.117879 680.294806 2351.928029 1064.094821 1445.174378 46.780432 1965.435991 826.061777 920.086698 1501.412143 1231.410725 1072.897230 2197.767446 88.992043 1653.669467 1408.583933 532.120244 203.084856 940.295575 344.426557 754.699565 1623.981819 1362.806448 2133.569540 566.997233 684.515023 1735.087025 884.787665 369.293000 1903.430698 1249.140751 823.463736 1883.381727 1064.134063 2021.057274 1339.115206 2032.786473 2245.819775 2329.310003 2360.915621 2125.359757 2000.363612 2210.721705 370.412598 31.865261 1673.950160 2291.905594 739.153884 1542.611338 1304.792460 941.082575 955.836094 1346.453366 844.098067 1199.072405 1113.344275 273.109574 2484.445177 1408.093265 293.752652 1376.899073 1204.060854 1449.199349 100.675838 672.398082 694.521041 1617.249577 1674.830896 1819.396701 1065.874872 2375.325428 40.595717 1266.042430 602.331739 1066.116340 1442.632834 2224.051200 1221.354000 2011.480249 593.636389 1348.791595 1408.889733 518.432844 1899.165791 120.973978 1216.708573 2315.116055 1773.802562 324.679413
2441.158996 1758.040914 378.481220 2378.133383 444.921282 2049.104885 729.957679 294.881289 668.427200 2311.701715 544.020288 940.075364 1078.078827 2466.571546 173.021409 2020.903718 2475.888233 695.375683 1317.821878 147.971977 1471.875405 994.362523 241.722582 1095.974973 19.314235 2290.504629 533.129621 1684.587502 1568.396588 898.167236 2370.392756 1317.084749 79.256609 870.241971 108.540618 2392.766425 1298.623420 1991.177718 1307.226635 365.543552 56.386908 968.155459 634.496188 2376.287796 1976.632961 234.577648 13.775117 2391.742714 1539.706158 1711.711874 1456.635347 624.657815 1404.304417 2064.942742 1552.777138 822.761302 2398.058851 537.611229 1501.918547 913.657585 1631.299763 1312.369293 1989.892013 1911.362000 1082.687214 2136.011516 1435.092693 2097.105694 2457.839950 544.165562 2238.414960 894.000707 1697.150672 1237.131072 1867.587408 952.468993 674.122950 1528.965226 1779.369428 1692.447930 1494.957593 1384.596986 368.684317 2358.620071 1986.530542 1978.061449 434.050393 445.437942 690.267267 2192.214798 840.230122 948.070724 490.064567 785.632876 1724.043859 1431.643879 1623.756294 51.019720 2113.146118 540.840050 2393.660421 2493.527985 1388.073494 833.302398 694.257709 1568.790247 1205.276152 1588.316625 1538.994865 2370.074748 1601.970963 1152.031688 576.509473 1362.899825 1932.580817 483.597611 1035.767754 1344.236089 1651.907921 769.543639 1046.130429 489.376982 2256.196974 1683.574653 1545.296335 862.524222
453.278655 105.669781 843.555439 1656.459418 326.998811 1138.861337 2394.354636 1077.279136 1592.969238 123.847758 579.538973 1408.376841 814.480345 903.797593 955.408155 202.867563 421.634061 29.077286 550.350150 2162.727389 2389.395952 659.648383 1931.328063 1708.013143 2176.245893 18.489797 232.846481 28.826043 109.175784 2067.627746 2370.061320 517.790041 2497.841950 0.896948 2339.981824 97.340957 891.311505 14.969799 663.493308 1055.623141 532.005377 201.358535 2383.789771 872.367941 1669.496829 547.337345 1176.017659 1325.913985 559.529729 243.290752 2128.130046 384.953567 1965.411828 2002.926806 1889.087417 364.040730 578.450999 1463.249708 1232.086499 2136.396137 1968.823546 1242.504888 1474.718724 1995.751433 1163.273549 1811.338992 1071.205805 2339.256014 849.132526 23.373411 1574.632301 1396.803743 1606.798030 1214.283015 2352.987183 2401.768653 1458.542253 402.017047 1231.281366 1816.091433 192.641288 110.827231 2262.082006 2222.726425 2216.243250 356.233946 1265.004616 516.036042 1012.504663 1598.249038 2021.266255 105.654419 1917.799194 2004.234344 1637.735025 1082.559286 1570.221779 1073.960959 775.310764 1547.756772 1340.744758 1500.830917 1527.041531 600.138397 547.521863 2254.707580 2100.177040 987.277739 1240.759492 2289.663658 653.063700 722.928580 492.754035 1151.077029 1370.294891 609.766106 1709.596119 429.242698 1187.873940 2013.807995 39.823638 725.844698 2249.962816 2457.222832 1775.100597 651.471551
1559.461538 1002.209280 1480.673551 1962.135140 2493.295806 1469.849604 105.604219 1210.230007 807.836971 2359.852485 1084.491795 966.736513 1052.725224 617.022534 1949.727721 1629.887664 361.812026 609.927118 978.068549 2399.173497 1684.638346 1920.998092 364.062265 1257.577996 2320.049175 1835.144132 2392.529187 2164.864525 387.609041 1042.660766 95.721101 529.291696 2333.176817 282.409252 1521.660696 1153.985064 962.493811 962.098897 2327.728875 1622.507148 1917.614670 935.280897 1976.853459 1662.532278 1128.281440 449.039442 867.579266 1692.204490 2194.406208 330.566457 761.972291 2411.200056 1503.412730 2426.803458 2165.151671 1129.114299 2038.453702 684.190415 1801.103748 605.651197 2162.519198 2238.683745 2194.681047 502.754195 1031.006324 1703.258885 780.781681 1816.870694 725.591179 742.578717 2302.318311 984.451367 1454.971287 1337.246665 667.686134 765.560001 2490.834918 860.183021 1255.692746 587.046166 2033.780921 536.878861 241.852731 1963.947111 1172.101871 2412.259886 2342.813449 1631.397654 1319.398990 2071.994415 286.908877 2137.123148 1142.572125 2005.621934 262.509367 852.337807 1594.811063 33.827937 1763.953615 521.388915 1278.491381 1247.516183 2446.877984 1072.637391 631.042866 703.502154 40.364345 748.951574 1695.937028 1688.954883 868.354076 868.618967 425.386560 16.375857 550.507654 1977.263534 592.951884 634.966680 1154.400131 1236.329857 2202.200239 79.442363 818.029057 353.801000 408.239483 15.350370
66.914667 1858.487494 793.882770 1546.375506 1684.038848 1422.179484 118.628748 84.602376 1413.683684 79.293830 539.135719 142.463702 568.749756 2210.308580 813.113792 1199.190514 1286.865438 1596.730018 1489.814029 1619.494543 582.432886 2280.403275 2401.850579 324.133534 852.310140 1415.972348 1918.455306 2056.563120 2129.524242 40.695625 337.765253 1769.048290 776.871340 966.160850 2013.731205 896.888510 1578.377573 1503.817929 527.350793 852.099265 437.740754 314.908272 1602.699178 2091.116544 226.123537 1697.119921 1406.161701 2076.203228 38.697823 28.202151 1113.574878 220.450610 2105.383591 1201.284685 667.889576 1542.037008 1824.266710 2468.754848 1134.389830 163.917184 2325.104588 954.658759 2220.934540 906.845777 313.820897 2151.666153 659.056232 2094.456416 429.715738 563.056992 1505.680747 1644.421435 724.239351 2017.974465 912.283206 493.386661 589.997395 1887.967339 447.797146 1256.877085 581.104950 77.448782 1713.186068 1001.520768 2184.797233 1946.004338 2376.546481 625.662193 2269.574122 1676.965559 602.855385 1.898092 1822.892350 2016.350682 1682.225530 142.067987 336.437730 1836.614284 1799.483210 2443.770935 1061.487019 1373.123671 965.395337 100.851220 611.934321 1981.437298 2215.348767 2384.972883 280.448762 1667.387336 2230.217404 1537.772486 177.560065 846.737264 1981.707601 2473.212552 1894.265807 21.065184 1139.782192 1596.521036 892.811108 1841.506626 2446.706984 1629.277538 34.902281 1326.384300
2281.933285 504.198140 2135.449206 199.115003 870.293945 771.951222 2371.327100 250.511965 430.482095 966.727806 2472.671401 26.468627 613.627394 824.115728 708.908683 2111.205605 1790.506275 1523.025080 2190.457280 962.287568 2252.091582 1518.709267 2386.047074 427.715205 1472.779708 1631.368051 2035.566367 2471.038745 716.210714 2112.378438 1421.977208 1335.068445 690.426539 293.603193 2306.009469 989.680751 2497.685259 193.075611 1049.653452 312.419399 2299.395527 1894.000275 1574.867233 462.953332 1565.269524 30.296660 451.209879 410.069027 2475.234521 1499.727641 903.097704 921.361970 1172.018147 182.399379 1441.382508 922.920037 1746.816996 573.158260 2404.066929 1851.640546 2028.686190 352.109678 1025.355629 165.479831 931.498974 1106.083903 2470.914551 1949.032220 863.323598 1731.758756 2301.041934 1005.084958 2493.201410 1749.928059 722.910808 372.997008 2211.488987 1043.742133 2040.091706 89.114436 57.625652 2213.689322 251.872250 308.727739 995.186378 743.816668 1419.756925 1385.327968 2376.411993 66.219612 1310.254467 1145.703532 1582.707888 2168.851828 1132.547027 2120.235927 1400.446876 1966.072488 1203.985368 274.174868 2163.702450 1897.005372 1258.414528 724.886006 67.699433 736.022826 876.913029 1978.251021 1138.110938 1687.315954 2335.163367 224.530781 2438.829546 963.143463 143.158613 585.465806 918.174386 2288.072639 1527.194066 1736.352213 2366.534058 1253.517072 434.082426 1621.680854 1728.537245 500.132094
860.298257 2030.610023 270.913557 1603.980476 296.618587 1068.284674 1141.389395 1077.953040 1919.310673 2334.009029 1154.490883 1996.744624 2219.899756 922.820644 1191.550261 2068.584184 892.655524 1054.557277 1763.758828 1591.990573 1043.017410 1.030324 1013.792090 970.758082 2458.293481 474.029616 1959.777732 2309.988185 286.354835 2.790983 963.506835 793.065136 2154.275930 117.323846 921.248563 1073.873486 382.435354 511.322617 916.763490 681.002743 1101.417260 1093.206336 1224.632058 2141.415625 225.591257 1882.840349 1724.306327 731.526174 1270.030541 1808.463061 2259.223912 1714.932660 44.996742 653.897164 2417.490889 124.207455 2361.129327 2167.748420 2425.413796 182.566888 1618.814637 726.566606 1129.954729 557.281217 978.003348 1606.952719 187.942244 1569.283712 926.574695 1097.543374 144.570400 1351.576769 676.984238 2412.037907 786.747091 2217.824965 2072.097859 968.800888 807.921877 1480.301481 2344.339104 1181.598225 1680.858178 1973.937462 913.035304 743.262631 1446.081510 1053.907714 1031.049773 1850.050706 1289.307612 2233.248312 664.716876 1665.462410 895.296886 883.508118 2320.388177 374.584651 467.903377 520.642593 324.393115 1182.659824 1047.370827 1205.924194 339.917068 1730.535665 512.811756 471.596869 871.730188 1459.360914 103.045970 316.914743 2159.580392 1453.559037 1579.854739 316.748672 303.300733 1696.764270 1425.835910 1597.012998 1432.223247 1809.607569 180.084649 1963.766518 171.827639 2218.386291
1395.447065 334.088920 1537.657834 425.465507 1798.965282 2285.940806 1777.557611 1584.903455 2353.942994 1098.036582 455.941532 1178.711665 470.388063 1510.231005 1217.922181 2303.251736 2230.430033 2405.851643 2195.041200 1447.673327 1890.563364 412.812668 2283.253527 988.861955 1860.364587 1252.780099 1292.217350 750.210619 2126.139187 1008.315934 923.819370 940.379242 971.490264 877.425031 1698.732304 2347.081464 1164.331388 1762.106672 1239.819128 1241.960129 2307.715464 348.112605 2331.865500 1038.032112 1646.656507 1200.697480 994.521671 702.304961 479.806426 1189.531247 1743.131931 1232.107308 1154.859853 43.893288 1292.364467 1502.704775 1459.607490 1738.025628 1257.057340 2018.679338 2401.015429 145.463118 1485.178844 1855.911141 1597.499975 1640.917790 780.924092 2028.395966 1527.525260 390.599466 1553.772572 301.139820 291.634323 1256.252424 2405.753948 2445.067720 226.868042 365.106326 2499.018189 116.149040 546.876648 1568.149119 1461.669264 707.329650 144.599199 997.284592 1044.194597 1573.965461 328.260036 446.428086 133.004068 2241.936841 893.985587 998.344075 1437.527096 2069.883332 353.320006 2007.534794 125.437320 1509.216846 315.737992 1149.654041 1128.186149 649.775364 392.400076 113.818072 1203.641921 1688.939196 1162.062078 871.823927 353.167189 2009.036099 80.012906 1021.075158 1679.431542 874.816834 432.046643 1164.011558 1025.446755 792.558494 387.202039 1797.853479 2090.931443 30.311298 1309.582866 151.103171
56.711609 237.841037 1631.369743 2447.629143 1018.039584 268.400749 1537.462427 652.351930 757.295145 351.104530 1755.173826 48.051982 1237.446410 473.922894 1675.216594 1967.832986 720.062172 2282.200190 2116.546164 745.009464 1126.638534 2172.502887 651.031879 280.939168 339.414515 1932.976901 1678.769502 1412.971372 453.534956 2353.030869 1254.853358 747.318951 612.735951 803.127926 1724.730980 2000.622508 2090.978451 1593.352313 382.707952 2165.390112 1514.756248 1783.638017 1150.501026 2058.899237 627.054127 403.114132 1698.866931 693.703786 417.041582 2472.630172 499.821642 1775.874257 1106.165008 2345.839444 1760.970050 1732.609223 2496.492981 411.466414 1335.654714 837.235915 10.535908 299.773996 939.506169 1495.137179 1545.023535 1885.874612 576.392769 667.430252 1838.032804 1027.477658 1101.477588 2468.983725 1008.378234 151.294566 1431.408941 2253.886876 2083.473287 78.421299 1587.501063 15.301625 581.436291 2359.763895 516.748768 1197.913462 292.952543 1784.305575 1626.333323 802.387405 1059.402669 2111.511809 239.271791 106.937327 1375.618390 1770.510485 1646.848194 1738.435958 1520.022871 1602.530684 183.471428 2158.946330 1986.436057 548.499996 420.179412 158.072874 661.352806 1286.550653 1948.637093 1267.068207 52.221293 1415.862936 2230.300390 560.633696 114.702870 666.273128 253.553707 2243.024728 696.198922 2463.132207 2191.889364 1850.331513 881.702888 1729.882775 2428.026386 125.215270 920.431529 479.853788
1920.690795 2143.315591 1077.691232 2159.693994 1299.322158 1405.068124 365.602081 970.843838 1731.604462 248.148581 1652.670824 533.299959 21.178100 599.777309 1353.072104 380.230127 2002.397168 2470.619836 612.381341 1945.241761 1554.404693 1519.827898 224.018849 1454.614565 1680.211307 1253.292500 1998.964593 1375.239241 618.506041 490.782116 300.327641 389.982934 27.847162 2024.578137 139.715042 726.777386 133.519733 2424.021897 18.249372 2061.715935 1149.516455 979.405112 1550.652522 2209.197113 2340.436214 415.590630 1139.249533 1899.607707 991.420034 123.587968 415.756824 425.593963 1489.984842 841.253564 2119.228876 2176.804937 2019.816717 670.434839 127.626877 1756.654417 2017.913453 2028.737487 1286.983869 775.591510 1525.740082 1969.840092 668.651602 114.651152 2286.077084 296.863572 296.764520 1088.369883 2481.133465 2349.258221 1525.903190 2106.886484 2086.172200 1418.008418 2037.391843 1509.216761 568.535461 1653.044660 2186.170664 124.492708 1885.732336 1261.995354 1672.624081 908.084279 1832.154934 1726.997216 2336.769562 1177.968329 1810.993186 531.674538 1994.191064 491.248567 1374.378181 110.811174 2342.645320 942.848232 1510.296770 1027.678926 2078.221204 2051.399335 919.888806 1804.883239 356.034905 1989.844538 2410.870262 1443.491797 2022.890121 127.984187 1269.325288 62.707922 1766.753633 794.928322 927.735464 1426.793881 1712.653386 0.356668 1863.745317 2184.635928 766.930512 2373.938063 273.448163 1680.960928
2201.908732 77.785291 2489.161958 1597.933352 1864.010064 1188.070410 2115.819190 1609.247585 891.846355 2481.380641 1731.422601 1392.239525 1626.890670 44.982091 2063.204747 2006.877368 2051.558190 514.520313 32.537710 2269.284219 2104.898785 747.860724 1996.850938 1435.842192 156.687810 1036.296622 138.029153 1899.773480 958.096411 1070.541524 1168.237450 2119.730795 2199.148955 715.302089 2033.872589 1979.356035 2410.132062 647.030595 62.746555 1609.826724 1468.799592 1623.807909 1271.314800 2234.051916 1755.575622 1181.702632 1040.866783 783.091456 431.747200 1601.169908 533.758573 1601.789265 1802.969225 1899.713146 884.322227 1166.350597 1558.112779 75.948983 318.834782 1015.396396 1139.185958 2225.181074 1261.594251 419.408446 760.406147 339.564913 352.326981 147.243602 486.299084 927.546508 664.336267 2327.426337 241.044612 1949.715401 1785.486705 756.936002 1910.245845 1748.174053 2337.280358 1871.931020 1137.432636 1173.367148 528.998645 1184.565748 697.516869 2123.439019 1464.259798 1026.737260 1428.196341 1279.016749 2137.646510 816.316008 1095.676381 1042.129149 1929.562446 799.919401 886.831269 1038.731242 1169.980404 1537.713723 1470.731151 930.561754 2176.344571 2025.017813 237.475244 1925.379253 532.330729 862.800322 1939.765223 364.911639 487.493289 963.974777 163.821078 1508.674833 312.596089 306.256858 2356.494603 1361.090852 471.533907 1822.939202 1382.957707 31.004199 1937.605877 1029.721409 311.968784 379.158219
1974.557540 2219.005451 116.675779 234.019036 1026.885386 726.607744 2127.842014 1932.635767 1250.685670 1029.668838 1736.728887 2265.474384 1351.812389 2141.830851 180.460201 2298.232252 2243.602858 1972.513194 608.735444 874.030244 1397.137040 83.585153 80.351746 150.315655 1118.750356 1637.770931 1997.120520 2141.909930 2269.233662 1376.396378 968.307063 1216.697930 401.023881 1432.872562 2095.311440 2079.820617 1725.133258 478.030819 2401.447513 318.463858 2224.879606 975.714448 1456.238790 488.148052 1996.397222 1555.282215 56.368578 2170.252080 1844.020368 2320.373642 1401.942669 739.974968 266.703212 2155.055269 850.960273 1791.517735 120.987491 1796.705347 216.008586 1821.955497 1556.480527 1515.447809 1191.085384 2148.794560 1689.579762 870.180776 2368.063980 452.096226 138.192904 1479.620643 1704.141038 1548.375936 2248.361472 1986.847608 1286.733342 1403.994665 1559.934733 1347.942347 763.545394 592.209618 1776.162051 722.585764 70.871762 1636.123294 1543.938441 1016.681745 132.678646 2116.046585 303.593644 2269.001149 1377.453408 1546.267326 1632.558218 631.774589 2184.800515 256.001752 2099.452227 2229.395379 35.952961 2211.706127 290.571483 277.005434 1763.582334 234.795602 1970.039491 2452.886527 61.295245 300.355084 2320.538402 1472.597703 2074.726086 1620.097743 1492.907410 1207.895863 1432.192591 514.772064 1647.545799 1433.077862 680.917889 1364.053637 1860.976263 768.468685 1352.081591 2247.384207 847.126368 1799.187383
1136.469220 86.643079 132.504624 1546.340709 1373.635617 1767.377069 1413.379535 1574.096332 904.461908 2474.903254 1609.765008 1555.465774 1793.998049 241.641111 626.564594 2053.505876 204.981337 838.744183 1908.553721 1141.072278 477.410333 436.986188 1922.722183 1370.944888 2006.411964 1733.272508 1718.008244 110.170366 1517.164521 1823.565655 336.404169 1639.644391 315.781920 1638.534603 1299.485724 1964.680337 1968.605028 908.782115 523.938415 2227.074499 701.455772 2003.293018 2441.245834 734.158650 1558.288840 2093.711531 902.803370 528.108463 945.391153 1777.902098 1227.261110 1977.345503 40.970871 825.946835 85.106014 637.250049 1190.760561 629.729630 1207.305531 824.947573 1329.429817 2319.219941 2114.495406 1269.685648 715.001402 2269.754589 1980.991762 1593.761462 120.276086 1874.715942 1147.512371 1039.623965 1379.719844 1840.652249 615.409899 2035.763773 1860.702438 639.250597 1969.186057 2034.403853 1210.402263 690.822409 841.484011 300.250439 1016.397634 591.044138 1154.363140 1586.517360 1569.720166 580.829324 1599.467421 549.416527 1014.974376 1366.918496 1078.494622 1351.884558 1745.650264 1440.904663 471.072878 941.176018 1692.319812 31.610529 1418.703449 33.461494 2297.698421 1407.126611 167.202424 1701.763956 293.829901 1452.607529 373.994543 2489.421599 17.069030 930.660183 772.796750 597.556392 1962.012222 159.445755 2466.537035 369.051687 2117.440012 758.380220 1778.303933 313.483457 1949.038284 2067.592545
1457.794734 1002.576736 696.735503 689.062371 2263.950647 417.475786 1295.877199 2367.328944 2227.143783 2129.592282 841.984637 1015.848526 605.483212 2056.127416 1295.302769 895.667502 1190.576468 2165.984689 2314.922342 221.605546 1347.471787 997.522163 2233.202704 514.857651 1837.090478 1504.743430 1323.703707 1363.066391 1651.718018 710.192844 1954.748135 1551.397506 1121.643697 2212.265015 690.860285 1496.865436 2243.123289 1806.036820 1322.676187 16.885728 1053.228569 268.113691 400.054671 1499.456047 1376.975510 1192.629358 164.028241 246.510248 1089.800627 818.588567 390.587239 1398.643415 448.207500 190.218772 1877.489168 1141.934054 219.884323 2298.258346 625.013839 885.106160 889.183464 862.992047 1944.666649 1322.910246 1660.597723 1036.766633 2144.051292 1419.974356 1543.660511 1599.188294 1186.393956 2375.950898 2339.561735 2206.565430 789.178930 904.738712 1025.446948 29.234438 2186.680076 1087.529665 1175.357213 37.916705 1141.165961 494.946042 2233.676222 1713.698847 623.641803 104.895276 586.703714 48.958626 2006.142612 1350.408568 1562.711078 2365.892095 2262.202503 1548.013268 2230.554016 1503.157651 1131.934951 679.350175 695.602087 1604.391655 1343.255704 1689.554785 778.806166 289.697976 689.419381 204.534075 1280.946784 2280.554543 192.472229 2409.010774 1212.237736 932.781647 1224.873253 304.135560 472.729648 663.700343 18.294086 2416.597713 2471.849397 1259.334839 859.353989 5.631780 1006.311648 163.936421
1790.379198 561.739101 2043.213162 2188.695298 1483.991084 2200.771354 1753.138346 53.467733 1851.826932 804.271880 2125.947474 2171.968238 813.001390 297.632344 1303.555991 129.928216 872.042797 1158.510388 2006.967783 2010.029317 102.738905 751.969793 798.515530 142.235501 2473.998218 893.610975 1157.812871 1108.174320 306.818234 1789.348384 2449.491426 76.069039 2264.779940 2276.420502 235.398054 1994.539535 1151.117093 2273.767300 1110.813340 1930.872289 1624.705695 1383.861001 1513.508461 2489.669348 1854.702364 1134.334960 1722.976335 1660.446807 1548.157440 1459.530149 1654.322200 2101.369184 2092.974417 1409.436127 1225.511864 1455.595629 1708.157903 1387.529826 1256.169229 737.644738 2338.293408 540.072082 1661.115581 827.646369 698.577419 2171.195842 1965.262702 1927.902040 2374.322540 2028.977447 706.045576 1020.049538 742.772301 253.345139 704.468343 1789.877026 16.905752 2351.045902 1292.577729 1471.154869 1679.652197 1413.936508 9.817835 998.240999 1539.987152 625.706979 2035.238749 1051.976122 257.098517 260.297913 1677.254410 1563.293539 2496.467750 251.374954 1440.697726 1504.786081 463.085503 1055.845969 2223.946385 922.284859 6.462510 406.043608 1926.171806 2.058696 711.502846 1716.095776 921.788621 1310.774166 561.349094 975.402665 266.348409 1036.519068 2327.428382 724.930853 1272.745414 1695.750498 1252.552538 2046.738086 972.588848 2440.336567 1848.652644 2061.945508 213.980751 821.443042 661.787960 266.912650
1524.972795 1409.054841 624.993510 1435.995453 937.234925 213.141752 2476.368268 1039.110217 662.786825 2062.074889 0.164786 839.816356 1929.677647 2460.340416 2474.215019 264.419531 1492.906124 2006.792496 729.344518 1681.160370 452.116583 752.147893 2344.105354 13.111937 863.289034 965.570981 1740.351018 463.758288 1990.900854 2169.502764 835.540780 2481.115498 2182.914922 415.537706 729.627636 1904.743522 2217.273899 2047.072343 2254.368491 2037.762088 1114.653652 1656.999448 1987.199674 619.528000 1958.429389 1092.489645 1276.252689 702.141032 954.147957 1633.356764 1967.443590 879.037658 1135.090090 871.351224 1629.128101 1912.035210 1474.427093 831.227406 1802.069790 2167.327264 278.257549 1369.201336 1945.324386 2283.680920 1981.191503 1851.483437 506.856845 471.695033 1438.363063 1522.952024 1405.273640 117.136342 1135.260505 1176.062760 1336.862449 1995.983431 2355.348745 1337.966797 1860.117235 878.793400 820.841119 1098.670634 1891.861199 1266.383415 576.217870 1520.955561 93.885069 827.065087 1479.463823 917.445320 97.652499 1597.194419 395.739690 1532.170130 1876.537872 2340.540898 1289.590339 1130.263310 24.236016 2131.465027 362.630928 706.620008 461.310516 2166.861817 20.508077 1061.649501 2209.402853 1001.950284 1738.032585 212.866441 369.615268 60.340421 296.694319 1757.594586 2090.460977 581.466165 765.598751 2197.496686 2030.402307 760.804212 898.176652 2301.088086 2397.570725 1108.697771 1806.822122 636.115715
