1000
227 315 6 800 12 818 891 849 10 339 979 112 284 177 268 926 407 783 763 606 535 418 810 237 863 312 846 540 644 685 759 897 459 427 439 15 482 990 883 304 723 342 329 510 189 122 198 119 388 501 379 392 861 550 260 258 486 805 598 906 397 735 960 199 229 350 255 876 726 563 17 542 169 561 82 331 513 306 638 322 142 797 689 835 446 653 691 734 885 481 2 293 667 409 998 121 747 441 309 704 690 866 466 503 299 505 279 172 802 894 252 935 801 795 997 787 420 370 769 820 895 346 382 343 871 186 366 423 462 123 520 709 72 468 643 716 780 126 636 389 66 881 674 11 896 710 939 238 954 484 7 517 851 46 509 591 390 457 974 549 109 465 680 338 8 933 566 809 830 922 148 290 487 754 956 153 874 744 415 327 832 623 756 617 316 472 500 707 579 235 571 757 845 594 597 478 266 980 19 724 18 864 364 140 560 71 33 321 905 54 572 743 403 529 47 194 539 816 80 741 456 265 651 545 642 798 782 762
173 707 146 252 175 782 133 935 80 232 919 836 188 739 891 979 510 579 288 945 585 481 238 224 215 908 122 158 730 66 389 988 60 28 924 350 947 885 869 402 121 976 129 649 91 27 929 767 143 467 660 926 992 927 636 155 472 345 821 901 468 877 391 807 123 307 628 53 966 137 576 367 565 521 972 933 618 692 930 241 102 184 938 881 981 846 635 507 494 398 534 431 245 874 641 77 798 64 860 313 518 748 330 899 446 776 229 965 12 536 164 620 163 217 362 983 213 863 493 152 206 48 384 781 725 443 438 940 612 382 791 697 463 181 615 973 95 535 348 591 599 429 763 587 790 24 605 437 221 515 117 645 364 506 393 769 50 318 46 273 397 524 390 674 310 657 887 430 647 783 512 596 425 356
104 585 360 228 852 992 101 999 554 76 451 946 103 856 660 396 516 998 281 123 16 60 937 12 338 934 491 523 657 687 495 873 865 829 30 717 534 951 213 672 225 510 551 511 129 712 569 324 259 409 358 171 467 877 697 556 803 173 637 652 85 716 600 154 975 267 894 273 857 765 430 275 593 263 376 845 425 49 743 412 321 540 407 180 867 587 520 725 813 492 79 711 667 833 298 899 423 464 606 682 54 347 367 420 892
59 664 515 686 709 76 248 448 496 603 952 607 857 959 52 417 241 204 989 623 705 479 878 273 446 351 343 281 737 119 251 288 768 245 534 325 979 381 638 93 949 616 312 422 801 994 636 222 640 372 563 405 379 214 464 568 123 265 732 316
201 803 65 543 872 413 689 983 604 294 388 912 628 371 182 531 926 859 90 449 708 245 359 35 702 30 920 318 623 808 605 606 382 700 561 11 679 422 818 929 118 339 570 470 52 590 599 900 341 68 88 97 968 407 632 33 287 464 925 191 578 40 652 336 799 677 918 135 535 479 421 36 428 93 671 133 400 596 699 572 360 494 51 468 851 74 874 618 69 780 787 161 130 402 10 555 467 609 741 351 854 176 644 824 233 177 309 28 691 639 275 219 805 86 96 690 403 522 364 142 429 418 730 409 772 234 834 930 612 412 509 143 532 951 511 138 848 153 404 826 390 556 524 921 445 955 463 372 785 592 132 767 85 419 672 769 374 832 610 743 102 616 218 947 736 962 173 366 865 57 356 53 852 886 924 523 626 268 734 753 411 299 491 972 837 333 349 490 155 436 896 47 884 541 500 670 722 946 739 447 845 324
19 701 535 902 943 732 305 573 992 752 485 269 153 412 389 171 578 698 51 13
92 916 824 576 19 797 621 376 825 935 460 96 755 555 305 891 127 347 481 523 312 873 678 451 639 776 151 730 646 673 82 896 788 39 396 126 80 742 415 9 757 315 190 149 957 488 240 364 719 442 851 697 799 538 360 375 544 271 248 34 552 615 286 148 745 650 154 901 235 20 882 672 350 31 79 909 52 569 38 955 739 777 349 831 766 124 516 42 502 965 45 657 65
79 704 163 376 14 477 676 38 274 742 984 119 718 184 665 709 324 615 61 840 25 27 981 787 68 650 660 987 578 378 640 643 849 114 866 72 255 900 272 761 775 553 995 994 624 280 917 377 942 929 662 794 861 611 234 871 285 316 924 596 260 819 20 250 541 333 583 476 210 729 796 574 839 888 335 99 228 15 39 224
294 406 497 206 636 376 263 229 793 878 444 839 964 686 41 400 67 102 551 614 521 283 147 194 914 626 672 152 338 401 87 922 621 982 317 963 321 765 881 394 396 288 85 951 979 315 769 997 291 589 375 944 151 236 714 480 293 524 795 763 946 481 957 200 752 136 385 693 232 786 767 986 472 201 899 19 373 911 251 280 58 139 179 692 299 28 168 460 846 68 269 615 20 84 335 88 708 587 791 407 144 300 233 832 462 510 354 492 192 83 554 927 805 958 751 345 503 333 670 588 496 743 968 989 694 920 56 114 879 834 351 679 662 450 903 17 73 403 198 99 603 75 508 538 170 896 230 106 772 61 103 57 576 314 309 138 177 490 484 537 504 934 531 453 898 583 150 459 596 441 775 685 862 430 739 381 471 548 296 542 770 729 624 518 735 469 353 640 78 747 221 178 443 174 970 358 207 94 683 22 991 998 653 671 750 630 840 673 487 981 262 579 717 637 663 689 550 526 218 111 435 901 324 466 514 447 166 506 250 148 212 918 730 530 909 440 29 646 30 421 140 577 245 618 431 267 107 59 271 477 249 867 961 782 529 562 171 929 816 486 781 216 382 377 916 798 404 932 654 90 326 244 849 873 629 500 561 680 661 438 571 594 797 892 239 422 800 187 339 397 98 417 51 553 709
24 998 773 545 495 408 880 218 402 888 164 858 564 64 315 298 464 453 766 798 646 438 244 973 477
170 891 94 81 345 50 674 915 120 462 491 22 406 755 535 750 976 978 651 741 662 399 604 101 864 282 90 528 440 697 914 178 408 322 601 871 612 274 16 279 159 624 873 168 165 421 900 704 626 366 583 533 216 926 424 131 625 141 817 80 725 591 492 718 837 538 201 569 572 319 23 532 705 779 25 371 865 15 194 296 666 844 526 847 143 33 433 398 475 708 187 681 630 158 215 237 107 128 61 944 198 297 443 966 673 342 109 882 129 606 451 263 461 517 927 388 553 394 714 134 65 437 962 504 807 645 457 389 311 401 781 972 164 76 103 619 594 119 971 581 292 870 585 693 35 276 785 269 152 965 182 593 820 293 316 872 935 848 782 726 579 74 267 667 831 448 515 856 53 675 902
34 442 638 141 99 478 559 788 659 744 924 78 428 446 102 778 834 203 507 875 623 998 951 444 148 271 884 287 917 565 607 222 158 107 441
273 349 931 553 896 951 217 189 727 881 244 510 355 887 579 470 763 786 316 952 263 915 903 731 847 78 883 481 185 993 985 482 581 657 282 393 767 753 685 486 776 947 384 575 299 410 611 928 91 846 597 587 416 884 892 631 693 51 740 196 609 768 245 642 983 676 441 347 346 878 279 180 239 683 241 302 192 39 719 336 294 493 666 576 413 348 817 402 18 363 459 513 434 594 184 863 798 92 260 686 268 751 961 79 221 444 929 650 473 516 232 819 610 535 129 491 810 261 313 456 77 87 617 200 427 460 595 590 679 933 225 957 762 257 360 802 880 364 171 128 350 439 295 805 140 222 387 564 32 388 376 722 356 850 99 691 362 320 848 854 789 33 698 161 559 829 962 46 139 778 926 267 830 173 67 340 250 40 290 149 264 647 554 49 201 635 707 75 233 43 919 502 297 733 154 375 94 327 703 527 358 558 354 1000 407 199 378 596 602 213 288 694 446 449 812 702 296 344 60 167 37 708 876 670 932 557 913 286 620 781 942 374 660 292 855 274 357 752 165 186 746 658 236 433 208 212 853 950 806 102 725 964 525 531 524 369 875 518 211 151 248 712 228 76 612 61 117 921 982 238 818 203 198 98
195 995 851 478 556 539 21 635 415 269 464 963 879 646 585 567 217 575 545 119 579 424 891 49 935 650 179 859 792 756 470 153 197 610 460 930 937 241 822 389 147 191 921 444 117 622 351 912 124 589 421 722 310 497 335 180 31 25 672 679 515 990 785 864 202 704 425 347 644 601 352 766 573 322 369 302 686 700 344 720 521 529 656 925 988 480 280 784 69 560 386 728 801 182 404 551 888 343 108 142 361 883 131 523 746 609 928 454 383 873 875 418 587 897 75 201 139 459 114 120 23 652 943 426 219 156 297 508 450 707 498 203 360 432 303 165 604 135 313 934 72 790 723 946 572 684 397 206 451 149 978 755 307 125 85 285 608 288 757 840 841 144 718 45 739 32 422 243 540 660 592 248 392 989 634 486 453 373 494 530 345 667 549 833 439 926 668 788 950 750 198 353 412 907 945 745
179 966 468 529 30 705 836 615 33 79 927 938 578 229 254 357 211 521 248 275 129 556 661 681 19 52 589 693 882 281 207 750 609 460 219 174 535 157 131 332 963 458 728 753 679 714 806 808 352 334 292 359 566 236 518 401 674 690 721 523 356 579 183 387 454 299 363 153 684 880 766 694 459 390 110 436 723 983 181 917 400 58 828 477 606 20 335 306 472 38 409 279 288 888 349 975 337 88 720 23 464 633 57 348 422 740 955 509 582 852 871 671 226 406 336 941 81 590 87 965 284 42 618 812 329 295 910 450 177 315 532 555 997 323 98 185 872 490 760 101 657 572 846 395 748 319 290 343 72 124 514 906 388 466 135 921 92 696 892 433 29 169 241 255 264 639 415 205 717 232 108 286 32 593 159 527 21 797 80 630
112 651 352 77 190 815 865 849 172 208 100 223 559 317 319 905 330 460 69 686 123 349 63 332 667 724 359 537 828 340 91 864 544 892 135 162 212 327 435 295 373 880 422 575 393 491 742 146 207 469 817 336 800 312 589 901 420 705 825 267 19 153 652 56 593 38 362 522 20 875 834 17 649 673 401 75 108 42 25 366 966 331 994 490 891 183 374 423 884 233 110 240 689 783 120 194 321 122 368 217 31 80 822 889 701 151 631 561 248 578 292 906 603
30 100 431 764 239 314 988 798 366 902 820 555 796 582 492 861 531 932 486 706 303 916 466 229 819 399 283 369 637 935 385
247 999 128 233 567 499 649 768 37 593 908 87 463 845 714 261 580 524 242 66 414 663 686 525 335 698 40 602 296 34 110 607 817 801 687 786 808 62 435 849 36 754 286 537 573 760 634 478 956 458 832 316 288 665 155 532 22 742 662 392 911 488 640 244 895 559 226 265 785 779 486 199 818 626 861 333 310 55 847 741 513 724 489 643 983 819 475 877 581 515 853 186 625 830 894 252 54 30 548 996 706 570 75 411 629 143 303 933 307 270 794 502 80 781 251 571 770 39 234 565 142 883 705 660 330 257 955 457 539 605 951 439 799 340 965 148 968 506 717 65 552 177 68 838 712 929 519 888 187 166 444 826 137 104 623 780 632 531 990 162 101 892 545 563 784 854 927 834 159 814 919 487 974 949 616 977 583 622 451 64 493 317 546 946 116 194 218 773 434 631 223 790 507 168 547 225 347 948 221 38 302 672 282 572 994 299 111 387 249 172 59 384 276 84 641 579 836 691 287 639 429 594 367 108 72 217 495 61 914 184 936 772 841 268 555 86 880 887 338 941 608 102 50 807 427 812 405 253
72 379 863 648 974 361 157 665 446 744 883 590 687 500 939 389 587 857 960 806 72 438 747 42 144 746 251 291 318 831 686 30 706 731 725 757 22 659 41 967 489 833 81 260 991 415 219 970 368 98 510 593 396 695 143 739 369 892 357 963 423 101 226 344 372 668 141 105 394 107 558 585 465
60 299 947 281 896 73 971 291 161 646 187 977 509 485 392 480 902 80 681 801 700 807 305 607 368 240 383 420 576 154 45 115 165 466 442 171 911 266 117 796 133 50 627 969 699 917 349 125 735 201 652 669 357 386 311 597 264 387 747 97 433
23 147 30 359 206 444 114 640 568 397 700 285 779 225 838 468 66 653 189 371 381 636 827 693
155 650 446 676 982 381 783 770 897 762 747 735 255 604 197 633 514 890 559 768 518 655 263 603 722 459 239 882 155 317 730 341 187 582 28 410 466 955 51 324 367 685 732 434 906 729 968 386 687 379 692 199 433 223 656 516 625 792 452 980 903 978 889 496 615 398 526 881 531 669 298 29 229 164 853 383 224 130 182 72 91 328 463 163 652 509 212 711 310 948 874 962 480 709 519 32 37 513 911 571 843 702 664 741 667 214 546 596 789 640 863 541 833 611 616 101 644 61 923 184 411 237 544 884 136 400 81 111 654 167 370 491 618 777 698 120 608 542 799 805 688 413 554 288 209 147 947 802 997 970 375 819 750 984 296 241
156 975 829 572 276 320 393 475 579 563 652 450 245 343 484 24 346 738 666 266 238 943 301 324 784 613 80 98 410 211 775 625 171 811 486 453 384 949 350 575 67 251 779 712 38 429 458 174 298 326 948 376 201 506 766 907 884 597 642 232 736 367 360 841 645 303 463 197 748 124 227 682 524 57 483 437 69 278 327 686 935 714 95 543 548 537 381 887 844 470 546 142 237 395 523 654 44 920 885 295 757 153 185 508 565 881 454 29 188 647 476 78 691 213 418 866 366 110 785 37 852 801 473 45 535 573 520 860 974 271 371 549 451 715 668 600 193 442 200 513 598 321 385 99 97 280 971 333 157 400 106 36 372 899 315 322 960
237 524 317 722 500 833 212 515 454 122 464 265 611 110 656 599 719 127 895 703 941 445 280 775 839 88 932 138 324 794 84 842 991 944 403 613 622 491 862 675 494 710 47 924 724 650 340 578 746 40 87 362 712 625 269 815 126 768 293 676 183 648 782 700 46 759 414 978 184 659 422 903 856 537 41 757 608 931 380 798 222 799 544 741 371 702 185 347 787 224 581 241 976 93 136 109 561 308 795 351 286 299 652 707 281 466 306 326 418 693 190 455 818 257 961 315 68 933 144 163 595 242 854 162 664 250 345 635 85 623 943 83 407 181 577 843 860 969 462 660 628 852 352 582 790 562 448 840 32 423 263 140 223 70 973 247 563 73 304 334 864 435 174 525 705 761 240 483 593 135 715 107 391 778 208 603 125 546 166 958 863 731 838 394 964 178 259 521 134 210 575 797 290 640 662 302 600 499 266 695 405 685 295 930 379 717 672 331 889 427 450 966 594 277 116 785 867 431 481 772 186 584 35 307 369 381 137 985 886 820 763 52 947 949 972 487 495 993
113 875 194 871 935 630 828 82 467 661 202 440 250 545 667 199 613 417 320 799 292 557 241 598 647 203 776 617 578 904 329 113 706 804 766 130 341 331 816 1000 888 452 486 825 526 721 139 571 591 106 790 645 413 988 946 498 152 714 643 665 934 172 473 386 760 269 101 588 189 789 849 756 445 781 827 975 432 164 632 902 654 759 330 266 820 360 235 537 30 362 115 333 582 36 494 561 245 739 829 686 268 187 909 129 861 840 930 219 972 337 954 677 892 971
124 135 411 540 980 526 219 43 483 608 371 262 789 913 309 740 729 614 510 82 137 881 926 363 270 668 644 352 586 966 776 314 485 870 889 884 791 246 176 573 495 156 594 275 612 267 866 208 757 711 646 686 85 391 843 558 141 380 865 195 240 432 807 512 394 244 408 633 669 65 597 353 312 697 709 439 388 272 954 475 313 565 143 732 508 463 710 456 345 755 41 93 849 658 390 108 342 770 645 415 951 40 63 328 48 943 44 530 90 375 450 78 659 599 199 908 851 239 271 619 197 864 572 215 696
115 208 544 573 550 695 861 286 454 160 983 912 129 184 315 827 507 971 989 590 526 83 753 551 561 831 986 466 751 441 746 220 700 906 390 297 608 993 832 411 559 821 412 193 139 478 86 28 253 442 687 915 162 421 741 341 752 53 142 45 205 283 282 875 886 167 920 267 956 978 73 847 185 194 132 658 105 504 61 874 634 93 759 60 343 125 936 359 486 882 248 944 943 602 675 498 715 138 218 955 67 433 525 725 38 722 812 691 50 68 213 269 713 302 77 574
193 664 31 783 398 608 357 582 800 906 775 950 436 739 460 606 861 452 181 91 936 296 555 569 835 590 243 543 992 814 527 394 828 372 288 935 669 688 186 621 209 940 305 368 988 34 858 847 895 529 128 498 758 166 160 255 106 229 375 461 341 629 743 871 504 362 83 995 147 959 831 98 342 970 773 178 444 824 961 679 358 709 84 411 401 269 596 771 751 509 624 232 806 770 793 926 234 407 951 431 946 261 628 952 344 474 789 335 568 728 574 700 230 620 747 418 231 262 124 595 787 244 131 412 948 784 925 643 665 188 944 150 517 886 827 962 717 513 458 898 626 503 492 247 708 102 957 242 550 738 62 320 611 403 605 258 641 704 112 295 391 439 790 954 109 177 222 283 870 603 245 57 637 846 837 845 631 919 364 562 149 673 567 989 818 389 405 916 600 868 694 904 494 652
148 146 569 657 405 624 366 57 221 523 425 656 845 94 399 773 873 335 810 70 158 988 468 727 497 683 859 586 598 778 77 132 184 416 943 155 985 756 78 83 691 715 719 661 240 947 491 836 846 860 235 342 982 279 553 902 93 717 217 185 936 483 244 822 219 740 755 984 695 852 300 1000 415 445 232 606 757 44 844 320 597 849 766 850 448 791 180 530 248 426 608 540 737 429 195 371 353 867 113 576 441 68 631 69 489 983 809 228 895 952 643 472 739 328 978 469 986 848 250 712 825 145 731 725 689 312 685 36 958 728 796 246 972 734 440 398 319 114 967 704 436 168 485 529 541 361 321 639 171
53 962 956 816 298 375 374 632 910 612 985 535 151 852 858 388 715 435 248 536 192 882 51 315 958 53 556 494 126 244 414 811 807 789 271 607 348 978 294 636 221 219 45 794 74 819 881 617 109 983 41 245 961 35
116 819 836 957 344 746 449 351 145 514 82 629 863 173 674 700 268 531 686 221 403 920 963 77 619 326 865 984 277 209 486 647 720 409 561 172 413 872 297 527 791 266 183 444 185 191 543 656 731 217 395 161 818 540 316 524 927 33 499 905 331 631 73 283 382 582 434 310 544 163 448 375 61 981 291 559 230 704 278 157 503 883 410 588 782 516 776 166 89 736 802 790 598 795 970 641 558 971 451 87 653 642 377 290 371 754 873 333 563 456 571 952 223 950 714 148 512
71 45 227 174 446 952 616 463 799 498 529 489 215 113 59 178 423 358 435 128 331 475 509 547 913 722 776 353 988 258 917 163 397 276 112 793 839 146 974 325 535 842 384 273 213 966 955 148 377 886 173 108 851 871 875 562 599 71 788 608 60 394 779 120 550 830 980 523 409 922 249 135
162 392 80 786 312 606 678 437 178 234 469 617 298 721 981 875 425 151 917 514 526 496 326 447 536 695 568 102 607 308 228 794 804 889 895 877 214 801 488 994 263 975 638 718 106 442 52 952 907 467 463 411 860 926 608 218 187 780 831 699 669 683 113 217 930 581 920 976 379 314 515 410 596 428 305 77 871 691 154 413 109 60 725 337 710 793 449 431 958 884 56 787 848 599 422 185 394 666 256 893 841 614 516 623 501 166 506 722 676 814 659 586 712 333 992 845 807 269 338 401 299 755 386 289 891 493 750 730 632 851 415 368 511 912 478 494 901 54 932 565 356 803 966 79 239 272 829 619 93 953 629 378 944 91 530 402 180 241 769 943 588 937 686
116 773 444 550 40 858 838 727 275 831 911 643 182 341 659 847 483 562 349 686 479 812 162 834 60 303 441 909 938 165 816 304 430 964 721 321 331 399 264 873 465 433 627 251 65 614 876 802 597 356 135 824 887 315 401 403 722 103 188 963 667 221 169 701 989 828 552 633 308 658 92 668 551 262 322 79 513 527 497 696 953 55 172 620 277 216 977 258 972 605 974 538 482 421 159 787 307 204 582 746 998 940 49 219 648 248 542 96 638 948 316 388 285 380 958 706 745
296 411 301 793 751 173 94 381 605 975 460 509 138 293 253 520 859 577 225 602 101 705 706 866 436 84 890 892 944 727 111 113 470 456 896 58 991 108 247 250 508 581 191 755 312 162 535 335 835 997 212 326 721 682 49 957 879 120 363 989 710 978 747 196 821 974 610 931 588 333 576 757 141 827 795 123 544 51 254 359 392 962 532 569 263 811 750 987 78 979 375 782 711 136 227 951 971 367 79 476 629 290 593 319 736 177 145 303 240 868 900 54 409 329 680 617 478 258 539 826 625 636 583 270 416 126 337 798 766 534 519 194 926 845 863 371 134 428 403 768 398 668 399 501 323 406 296 489 728 302 665 497 448 52 692 904 833 91 708 70 891 426 829 118 990 916 764 530 823 161 557 878 720 742 59 127 797 582 325 985 53 311 69 388 340 82 531 90 197 842 585 116 579 812 66 185 395 65 117 542 100 47 725 861 338 983 614 726 279 550 295 657 512 756 952 637 37 81 356 165 818 437 744 886 449 666 105 458 999 140 1000 855 903 917 678 486 457 785 830 354 923 415 269 482 83 135 825 430 432 956 660 556 505 649 92 862 315 538 467 67 515 712 820 759 885 790 265 696 487 905 964 864 911 774 328 613 850 492 121 112 832 234 686 938 817 933 204 282 285 779 199 237 806 459 352 343 217
300 767 711 408 608 741 968 924 536 761 286 270 930 401 854 518 705 726 62 774 140 272 207 491 537 267 214 899 623 553 644 438 461 104 653 188 273 135 762 403 814 170 804 201 179 99 457 689 735 796 872 534 310 417 953 532 815 754 674 893 76 139 673 596 634 377 386 40 495 996 362 519 830 405 958 732 70 858 138 541 414 955 339 464 44 839 821 100 657 778 828 341 556 357 121 157 915 931 984 312 648 983 240 488 87 483 889 813 661 505 426 276 460 422 184 194 277 514 572 175 250 684 437 174 305 190 707 783 818 288 535 223 427 451 478 994 841 947 597 284 348 42 238 448 986 737 823 291 801 768 485 852 785 164 331 484 369 733 946 345 633 706 750 919 808 456 937 330 342 51 738 89 663 542 323 561 416 723 318 92 951 444 480 220 573 934 473 95 326 206 467 606 587 268 795 522 651 743 881 338 834 999 647 463 659 603 282 668 239 418 225 178 246 781 688 320 638 131 497 388 547 187 907 63 544 385 897 349 526 490 67 358 793 244 68 944 969 340 922 766 789 509 370 352 885 845 867 888 990 549 562 196 690 298 671 860 38 932 256 56 787 430 217 868 765 656 144 79 558 307 742 37 263 123 205 575 528 740 151 516 901 595 580 500 127 397 666 523 900 209 626 91 579 791 380 784 285 530 210 645 730
115 938 779 679 817 169 171 96 260 869 783 875 284 699 802 112 594 663 469 526 339 932 185 66 850 50 872 796 550 908 192 311 602 700 905 342 236 960 636 67 106 607 42 985 909 70 472 587 478 598 485 994 570 697 495 213 338 397 416 329 928 204 502 239 964 161 599 731 447 432 394 441 772 630 498 492 501 631 251 376 457 314 835 785 488 173 484 829 688 353 487 954 855 244 475 601 38 665 114 428 995 47 825 210 892 111 334 98 57 762 369 39 539 645 460 41
133 509 919 857 481 806 200 862 815 968 496 444 178 550 392 461 159 253 943 731 312 889 794 598 546 939 734 276 179 229 805 635 565 331 458 110 411 251 648 315 559 748 583 197 918 328 630 177 633 423 59 336 573 592 850 845 217 910 834 355 966 317 94 338 605 100 965 716 643 938 831 516 867 610 859 551 619 937 116 599 457 547 353 202 556 932 342 280 975 356 319 828 397 941 486 167 501 268 813 185 761 50 447 851 860 375 819 554 368 232 955 727 288 286 266 324 647 856 947 210 341 560 281 676 789 671 793 492 743 898 777 506 512 149
196 738 924 645 96 495 543 908 331 226 666 452 833 819 131 236 981 493 275 358 990 348 195 646 951 993 768 634 193 319 704 757 881 310 725 888 806 916 936 276 689 896 288 790 953 57 608 538 126 476 153 600 584 65 664 763 979 150 767 164 693 166 607 261 251 551 90 512 244 917 380 506 719 293 43 593 418 998 848 854 977 890 856 838 528 576 284 841 457 257 692 72 447 723 647 311 332 868 222 882 620 629 379 484 435 718 592 461 946 66 156 291 930 149 460 514 237 641 340 345 467 93 382 54 342 632 433 496 330 775 114 359 843 966 46 392 708 228 119 230 346 962 103 190 205 717 269 390 813 115 779 135 220 273 80 499 609 386 267 652 147 107 574 782 434 378 877 935 134 520 867 741 873 361 610 603 387 335 986 184 376 582 740 314 123 179 870 425 95 780 488 699 531 710 589 722 430
118 128 744 541 270 680 453 974 779 609 755 204 482 971 596 126 233 335 705 465 435 320 852 704 721 440 357 54 63 968 173 801 317 131 564 44 75 951 407 976 231 198 439 896 929 942 201 745 166 281 185 900 487 458 570 434 48 354 736 562 339 196 66 297 828 795 808 170 307 492 86 550 855 872 43 535 569 243 502 638 388 847 822 454 448 142 725 522 161 871 713 858 267 337 129 668 358 61 647 526 463 923 153 667 960 897 722 938 200 816 355 568 353 697 112 431 731 836 511
90 784 240 112 837 150 559 525 716 341 506 427 445 91 86 714 349 406 711 123 316 792 849 741 82 311 180 210 44 917 682 621 622 212 487 593 428 790 350 699 402 143 420 730 144 422 997 280 726 660 945 976 685 50 126 906 557 98 771 911 558 510 145 343 47 118 528 827 514 744 955 978 878 968 172 698 894 276 345 247 83 129 826 130 527 533 909 573 880 926 535
233 638 987 377 117 104 496 506 814 439 151 641 143 944 375 395 778 675 322 331 709 556 811 602 876 317 145 220 828 996 609 671 257 495 78 754 702 149 130 779 216 168 418 510 469 321 403 927 564 444 431 835 247 176 136 862 772 250 417 804 751 125 857 818 433 848 731 990 386 135 370 903 619 413 73 921 293 508 664 800 631 255 115 440 301 96 219 822 677 463 462 986 314 186 774 464 886 190 139 604 333 360 585 428 669 235 499 339 710 330 989 358 951 144 284 696 775 362 659 984 537 416 617 397 690 162 280 46 689 642 99 199 282 155 838 939 169 652 354 591 85 175 829 568 334 708 723 827 90 242 299 83 404 223 681 423 69 670 558 969 65 744 74 258 438 61 206 729 208 900 167 184 346 672 487 958 892 319 721 171 651 315 394 879 933 654 188 768 52 392 766 843 806 275 679 881 725 276 759 695 571 853 555 588 95 836 406 519 897 997 603 237 303 72 226 97 676 286 657 907 203 278 473 436 133 629 114 164 138 443 599 749 420 240
166 379 649 304 968 195 642 251 194 928 927 726 482 985 209 231 910 939 192 570 840 959 707 673 765 106 362 75 920 574 665 504 685 92 588 208 180 998 319 199 728 759 980 655 349 419 790 486 907 704 579 492 70 297 700 434 545 813 898 211 825 447 415 281 164 963 858 455 395 833 74 597 452 143 182 795 674 94 643 544 255 969 847 981 64 430 599 710 167 404 372 903 607 273 604 701 770 183 830 875 725 788 657 145 760 600 514 330 789 972 450 351 368 246 531 309 663 853 746 389 637 361 378 586 85 578 105 773 593 467 549 116 441 187 692 233 871 650 743 382 561 112 879 324 932 329 483 922 583 711 274 787 256 206 128 796 350 662 528 227 67 266 226 123 93 285 230
252 697 993 287 979 694 934 582 503 168 485 62 47 323 144 433 157 544 907 543 248 528 660 349 984 751 650 450 151 849 536 679 115 133 462 841 313 895 592 130 778 374 183 484 84 256 507 828 854 365 407 575 428 449 351 177 461 948 618 199 82 53 551 671 293 892 583 473 516 882 761 871 550 173 364 111 325 932 533 369 423 274 958 696 164 930 918 811 838 950 457 242 402 552 574 296 742 608 145 283 775 951 617 291 185 354 432 792 358 652 107 297 89 139 680 79 852 190 523 839 816 480 560 232 698 140 76 779 785 63 68 518 763 648 906 332 814 501 658 217 755 541 567 367 784 822 998 525 848 847 682 894 769 772 233 565 81 810 941 253 620 647 688 646 60 955 968 634 760 269 454 794 862 138 181 896 431 479 260 573 195 728 487 588 836 702 738 798 149 992 104 633 586 952 391 515 817 165 284 382 767 505 307 1000 720 990 938 572 352 184 911 974 335 611 290 915 539 905 684 599 491 126 740 645 622 58 265 221 175 664 621 201 120 687 759 312 247 569 988 268 425 890 510 568 837 711 437 887 878 451 368 280 88
27 732 468 703 685 564 928 575 596 100 255 995 119 317 772 415 459 332 257 237 680 978 938 153 161 917 755 321
248 555 208 524 740 229 456 961 595 730 915 624 481 989 749 527 657 157 881 986 541 424 764 712 462 943 912 158 635 457 998 939 669 291 884 748 714 769 893 732 137 146 235 548 422 838 942 811 868 92 432 567 255 965 247 552 99 140 351 702 421 648 444 758 328 588 94 767 804 458 412 793 366 865 192 91 77 390 437 716 504 822 262 847 62 846 483 892 744 582 646 856 656 134 934 761 359 956 679 493 272 173 534 324 826 169 968 399 494 63 685 818 103 518 406 106 304 287 69 507 662 700 827 641 310 308 969 1000 193 153 73 592 490 306 52 975 925 242 545 115 383 922 594 200 258 347 990 816 337 581 916 376 227 560 525 766 367 640 167 114 219 981 718 237 274 394 402 810 118 213 222 338 50 186 874 689 170 303 264 797 945 236 803 496 453 101 97 872 920 172 959 598 890 571 279 568 327 400 143 425 190 206 910 230 727 778 984 122 577 993 857 420 782 147 852 460 250 913 240 224 445 125 290 999 941 853 108 814 360 149 66 410 828 710 124 49 561 61 104 210 332 513 430 414 698 450 479 56 587
44 131 238 257 489 842 414 190 221 268 976 832 85 798 378 104 220 839 585 124 488 50 479 377 214 223 470 198 282 191 833 906 149 807 756 185 194 511 945 510 208 154 87 291 237
202 188 742 899 831 667 385 939 527 928 686 964 473 933 755 705 165 364 335 710 62 308 735 196 284 822 925 131 472 850 599 981 793 616 226 560 315 638 920 150 554 716 211 825 751 556 334 374 996 580 905 953 682 483 936 918 327 565 709 856 514 98 612 738 539 584 450 835 635 812 242 724 798 548 288 978 464 430 184 163 286 597 344 200 664 614 82 927 333 190 404 809 646 461 399 811 557 930 818 537 307 832 1000 744 660 342 343 982 439 696 442 995 275 79 479 754 783 681 166 790 830 509 637 912 112 737 239 926 707 868 619 285 524 786 942 420 199 795 853 690 99 906 651 993 734 312 67 152 366 116 183 785 448 258 172 453 93 304 808 807 923 234 137 723 864 583 866 329 371 208 662 838 987 924 915 555 69 508 998 325 816 401 504 114 156 544 456 115 455 970 95 270 260 273 767 634 402 159 189 701 567 475 352
65 889 85 667 912 943 393 380 260 325 532 803 663 546 321 181 483 396 814 676 215 938 611 905 969 778 996 555 788 169 878 784 317 401 787 347 147 933 562 222 109 287 285 942 715 234 402 344 539 858 256 228 830 609 671 255 708 937 499 201 796 392 430 516 945 187
41 310 326 275 718 345 233 472 70 979 922 875 813 230 169 220 629 800 896 935 340 214 287 708 926 654 761 860 915 973 540 528 69 833 868 848 372 905 62 390 414 812
240 127 603 203 209 173 995 730 480 510 262 369 331 172 408 636 792 591 394 968 312 902 811 275 252 200 515 976 115 546 441 519 161 447 507 444 545 569 99 557 493 771 496 823 470 756 872 245 455 551 824 133 486 938 355 981 868 170 626 167 226 978 772 897 940 573 989 70 299 443 663 736 238 941 901 909 841 661 579 754 461 145 694 963 633 565 221 657 125 943 377 487 352 832 539 622 126 779 67 600 534 114 65 531 242 704 894 492 419 398 605 526 196 405 958 85 652 108 112 386 132 962 602 140 82 568 433 399 271 639 128 464 129 582 182 439 415 920 975 631 919 764 79 979 883 768 584 326 896 278 535 104 489 996 227 703 283 294 933 998 432 417 829 728 86 965 90 877 855 100 575 164 413 788 525 195 572 188 826 623 472 237 158 959 76 724 785 378 646 96 662 318 207 926 303 552 98 878 949 527 375 404 580 466 423 834 717 714 93 465 347 898 257 842 983 215 302 879 931 988 784 120 630 87 900 390 218 684 60 240 987 317 501 320 473 745 421 651 379 720 502
195 303 58 246 746 825 614 845 199 101 877 500 591 573 826 929 126 279 457 229 468 920 474 114 261 664 843 647 703 774 587 280 967 256 54 467 435 764 160 371 158 281 214 524 871 57 314 333 286 455 811 859 583 841 241 773 533 412 73 356 717 849 695 162 231 167 154 487 726 900 221 187 72 248 914 936 403 332 153 862 451 683 904 511 872 630 316 177 331 800 680 143 447 760 846 905 184 171 245 59 623 727 485 535 355 582 945 440 592 469 53 692 433 957 601 638 649 606 529 701 409 908 799 219 149 818 891 949 434 942 926 662 531 307 652 441 277 602 560 709 961 594 410 243 321 545 368 357 213 990 697 290 191 429 657 963 824 910 341 916 832 379 503 79 282 959 617 605 839 276 428 796 687 320 671 870 754 781 715 978 938 262 714 620 607 109 552 445 576 260 973 343 270 104 631 299
286 276 630 860 664 744 906 78 133 190 643 478 852 665 715 656 79 645 88 532 768 862 500 564 82 987 259 578 815 420 555 325 139 920 711 308 974 70 66 595 490 173 198 840 726 604 526 516 817 258 752 456 463 62 513 653 751 175 416 220 683 117 269 235 638 810 203 475 144 311 880 650 344 594 559 541 189 757 631 612 402 713 927 695 811 587 86 216 642 64 828 126 691 93 776 457 787 535 296 514 636 825 83 644 140 166 842 352 983 900 543 588 785 74 704 973 511 557 71 447 406 334 597 263 613 539 444 261 956 329 369 340 827 315 544 725 323 740 412 167 239 729 417 801 105 69 891 741 91 782 626 755 330 470 397 558 129 141 947 771 357 795 952 663 709 205 719 939 820 441 163 95 275 520 327 109 950 986 534 252 724 758 128 800 978 201 518 573 222 895 164 924 705 487 910 113 77 730 390 938 193 467 837 531 948 147 143 693 794 673 614 780 396 423 279 861 289 336 672 998 781 997 569 185 253 779 104 152 472 866 328 385 824 489 859 287 732 572 944 696 877 633 710 628 483 990 432 753 838 391 522 932 553 218 897 525 136 775 646 488 690 624 370 912 307 523 401 970 641 55 366 379 151 238 284 264 509 234 881 885 679 127 453 368 623 256 267
80 700 697 316 168 171 660 142 694 436 742 959 594 376 479 940 892 187 559 670 794 782 798 590 809 365 941 661 89 980 604 259 417 478 944 343 59 881 136 310 891 566 856 329 115 895 192 600 97 290 353 769 696 868 199 729 237 276 469 173 372 132 612 451 817 188 679 326 628 653 715 684 592 999 821 565 230 189 145 281 349
52 117 725 766 60 413 657 650 658 530 563 540 666 895 701 274 747 704 296 706 392 129 368 487 830 865 80 912 404 118 126 620 938 818 454 632 235 857 926 604 317 955 116 958 927 343 300 110 271 844 824 720 974
167 179 646 139 397 126 300 681 110 509 780 864 511 197 945 141 445 811 399 400 874 721 991 618 921 668 775 960 91 631 146 943 749 352 585 119 841 520 642 205 802 716 174 519 215 288 464 808 570 654 999 777 503 880 209 980 498 101 326 387 892 269 522 339 332 693 279 663 170 996 497 254 910 409 789 338 491 794 705 114 415 96 821 162 905 65 161 160 543 838 486 132 153 177 360 194 286 739 647 937 273 173 489 736 529 333 781 122 430 835 740 853 289 530 108 988 145 844 350 442 287 949 564 722 274 328 217 382 994 863 534 353 594 927 252 277 83 275 426 317 75 236 678 671 404 633 887 156 357 639 164 127 265 935 477 881 562 930 679 369 934 855 187 191 768 418 990 866
10 533 778 356 599 247 782 140 452 280 317
101 394 674 669 497 469 77 753 232 425 136 247 202 422 806 159 930 141 510 941 713 511 222 183 848 594 856 267 280 328 313 502 654 348 968 87 529 231 693 562 522 692 85 487 234 68 580 632 208 577 663 841 571 602 832 759 335 744 220 928 540 355 772 771 340 592 391 329 204 373 959 740 749 252 386 398 569 728 823 156 931 330 411 81 115 129 791 488 842 382 310 266 322 662 180 128 870 432 815 307 896 195
7 824 940 83 988 827 72 152
107 843 224 299 437 345 713 258 907 244 795 475 811 275 671 459 257 522 958 322 809 95 558 554 710 571 401 951 551 599 928 372 330 669 191 187 944 277 623 738 861 789 701 378 276 188 968 628 452 720 925 204 949 648 415 281 102 413 888 631 399 683 255 65 624 923 336 538 823 218 732 471 868 396 619 869 499 88 110 128 153 235 513 226 395 386 115 353 119 985 173 350 632 722 833 546 803 726 921 212 418 854 826 160 881 506 139 674
84 648 509 831 98 396 87 837 485 975 828 391 335 681 113 850 273 702 440 769 701 953 715 439 246 145 635 746 69 133 191 505 239 819 949 747 707 678 202 810 740 205 813 109 224 341 830 210 856 265 179 128 196 378 336 492 393 331 338 158 823 371 649 551 73 89 362 987 170 311 518 605 477 944 552 482 408 550 618 847 777 983 472 294 277
291 343 805 665 534 543 730 166 262 204 953 137 205 168 260 617 563 966 770 284 602 367 952 694 473 73 504 832 77 466 905 145 841 818 314 442 993 87 687 95 523 810 916 131 821 416 224 180 129 708 366 783 459 234 895 986 861 625 598 501 163 697 122 242 72 159 82 539 364 964 545 213 901 533 295 476 969 537 261 243 540 404 760 853 285 415 727 146 601 579 520 692 874 716 542 167 661 226 356 609 464 202 576 963 669 531 837 315 616 736 957 984 443 273 485 560 268 878 317 875 554 453 331 449 174 63 641 387 107 71 593 493 915 659 987 511 414 809 322 244 379 670 565 184 192 580 927 894 400 157 344 186 842 245 119 397 633 603 507 148 319 207 831 110 779 451 109 888 320 869 388 138 358 185 862 654 559 425 456 436 406 329 722 820 649 298 907 988 750 586 898 791 440 101 407 502 355 395 867 328 321 208 136 124 640 555 267 535 337 114 858 689 361 255 684 788 206 171 879 498 278 432 646 483 152 584 847 433 913 305 149 385 713 962 784 92 189 323 581 836 417 431 86 567 236 733 517 196 519 304 583 992 663 701 509 212 896 484 426 970 968 222 513 271 556 301 345 604 300 748 91 211 702 672 608 674 950 903 463 311 293 767 386 116 651 893 947 976 844 758 363 622
90 366 909 615 319 825 204 310 932 200 69 411 391 656 424 238 432 549 228 542 181 392 398 523 85 816 308 363 613 198 942 438 548 283 930 996 197 543 459 151 276 775 785 512 711 492 779 743 895 997 412 720 632 957 516 79 245 723 427 300 409 450 224 477 377 696 209 622 77 793 355 226 849 880 289 789 153 858 981 240 194 885 318 579 820 408 787 850 147 384 640
211 661 487 664 278 754 981 509 804 713 933 519 518 192 526 846 500 866 897 568 874 799 205 267 502 997 891 882 503 728 833 638 872 264 781 742 616 258 603 373 389 478 546 596 387 966 301 415 159 830 884 150 552 829 729 430 271 212 412 149 372 807 322 406 112 703 508 73 806 443 189 1000 783 241 504 474 213 871 775 522 423 837 305 564 668 457 77 428 776 763 327 797 656 929 798 394 979 545 505 673 558 100 330 626 255 619 700 569 577 374 611 249 556 862 506 395 172 460 239 256 495 782 107 165 523 943 137 441 83 167 608 980 696 446 945 688 119 835 641 365 759 573 842 115 185 68 635 146 581 128 530 989 718 720 907 655 337 686 838 216 402 813 468 257 791 822 375 124 535 861 332 920 96 463 740 880 666 534 536 102 765 856 719 562 708 766 717 885 171 517 758 521 612 676 169 285 549 610 955 251 623 451 359 932 201 482 352 458 710 726 999 405
46 201 752 307 267 887 677 830 774 506 470 225 138 668 903 252 745 994 617 728 270 779 278 890 691 894 674 650 597 657 679 794 496 153 377 744 651 992 684 348 813 107 101 941 993 550 215
14 157 735 412 602 281 211 240 84 499 568 297 154 695 697
273 450 79 345 479 809 478 913 209 988 317 232 739 312 965 322 998 676 817 131 878 200 580 408 435 174 574 577 489 642 412 900 195 310 901 899 609 144 148 895 472 331 226 962 742 565 362 102 388 534 524 630 530 756 753 311 234 180 987 190 773 929 991 865 782 894 217 671 118 570 960 715 757 139 521 130 402 914 238 405 535 670 705 664 752 504 484 605 213 444 662 466 658 352 96 775 448 592 155 935 751 99 169 277 519 167 114 921 366 371 304 480 339 426 498 115 116 328 137 507 922 261 927 707 510 636 886 161 69 477 851 425 517 343 572 816 700 70 608 208 762 330 353 601 714 933 644 561 955 83 320 979 746 950 432 104 461 160 398 381 884 100 543 250 553 445 626 631 112 975 803 655 638 550 152 135 289 244 409 673 241 731 127 318 582 946 727 890 113 389 475 81 390 637 400 457 597 191 407 377 696 926 774 750 585 255 367 82 818 866 422 709 229 602 365 889 291 109 726 920 875 216 68 853 157 294 583 954 347 546 279 861 813 245 885 669 488 288 485 916 361 223 293 625 164 925 469 325 348 786 158 859 796 147 915 119 588 427 540 633 780 518 508 591 501 942 877 779 639 910 575 569 968 203
263 420 680 896 995 241 722 294 352 170 180 576 409 196 444 455 606 72 267 264 471 291 732 522 595 991 81 908 675 584 874 554 128 75 638 760 260 265 439 150 197 207 836 386 240 105 764 922 443 505 583 721 304 973 959 870 378 395 862 177 176 77 123 434 224 872 94 609 780 235 977 894 865 859 337 562 347 309 389 813 623 473 100 388 295 856 333 394 496 794 336 713 750 752 970 754 958 219 854 774 739 926 535 184 783 152 305 723 164 920 706 312 968 882 548 129 483 416 239 245 303 558 523 800 932 181 923 201 313 281 247 477 695 817 417 596 927 503 344 737 521 607 857 986 620 166 306 222 174 327 676 349 468 733 652 844 384 644 171 864 791 517 613 834 114 402 363 627 949 109 454 153 486 770 351 366 167 121 880 912 537 381 190 236 898 111 308 969 410 965 211 433 117 84 580 253 182 399 579 158 448 671 238 646 311 682 188 385 909 806 404 905 975 110 787 677 635 302 340 162 552 947 99 594 151 718 280 598 115 205 798 690 119 134 136 703 960 293 348 146 744 227 255 615 445 593 778 133 165 321 524 319 673 474 618 790 628 956 951 925 407 954 97 697
274 503 126 916 819 351 150 166 423 543 700 625 948 771 223 522 966 935 372 586 275 443 317 636 767 752 599 571 587 951 904 885 235 611 196 345 515 289 598 806 226 870 531 231 792 245 143 356 330 489 329 101 371 848 557 494 424 282 632 128 609 849 860 859 432 863 963 979 772 433 323 343 549 456 488 865 867 718 230 335 259 938 203 118 517 348 132 992 996 883 785 685 149 148 210 731 155 124 315 727 442 373 449 634 749 744 959 783 385 283 882 797 212 830 458 75 540 988 728 102 98 281 463 201 521 766 591 554 477 689 809 658 133 909 997 338 628 955 607 630 270 567 680 660 644 665 618 763 268 980 880 360 755 139 930 736 698 482 569 499 262 238 527 290 928 568 758 818 638 242 365 334 670 900 807 635 451 982 667 219 276 626 318 990 688 312 444 600 257 699 690 735 140 274 77 484 971 802 962 357 453 828 327 446 637 464 668 790 159 437 913 528 985 715 545 187 386 411 83 381 178 559 325 944 284 247 857 304 697 462 678 972 145 585 467 722 116 344 227 331 896 246 998 681 524 534 516 652 593 208 927 923 723 435 475 175 82 675 300 414 430 86 642 404 777 459 889 333 363 383 737 471 129 326 608
245 754 151 112 596 688 394 122 746 194 289 507 896 803 612 186 978 782 376 421 218 595 988 386 330 331 341 444 364 454 176 972 171 626 181 353 912 468 294 115 889 512 767 502 292 303 842 243 951 611 414 119 765 816 110 766 478 575 939 441 248 438 625 82 188 905 891 453 886 851 263 755 689 801 126 259 779 86 356 823 309 601 273 607 849 1000 729 511 530 620 566 286 880 159 996 984 582 638 993 786 399 634 209 647 856 831 844 928 908 648 334 653 378 898 189 495 352 540 956 290 669 591 991 287 913 568 710 465 128 407 358 629 622 99 780 675 615 539 225 549 308 475 428 469 552 941 432 720 677 843 256 133 650 775 501 820 538 764 806 690 134 360 948 855 758 242 78 329 217 315 165 457 83 123 313 610 442 709 874 924 518 676 955 732 333 204 296 907 482 995 75 268 794 581 412 964 80 630 437 684 584 627 169 853 111 77 124 660 811 102 91 157 602 483 177 247 129 533 731 174 393 641 965 967 397 576 867 384 109 327 795 986 927 998 200 338 470 375 413 215 830 666 293 686 668 261
223 896 281 385 337 810 292 558 575 268 695 640 252 171 216 628 431 282 902 745 461 834 510 159 918 559 324 601 750 391 185 699 78 111 847 535 93 771 858 511 343 115 603 965 518 322 853 108 812 288 239 359 993 314 266 508 805 595 98 911 73 757 844 670 890 546 365 397 147 614 895 422 91 450 604 316 777 665 538 966 725 900 128 516 740 196 921 247 505 680 752 476 940 234 112 937 452 553 712 707 751 821 319 349 706 329 871 753 95 912 917 859 311 548 92 608 582 340 744 717 778 182 226 869 787 501 131 935 650 527 137 824 690 714 285 654 466 802 886 410 219 581 589 639 835 636 909 825 861 217 291 586 952 86 390 926 153 455 362 568 631 117 897 815 718 122 647 96 412 249 396 599 991 961 295 830 326 335 672 242 250 297 438 904 813 615 294 351 721 440 81 113 486 551 487 945 257 950 659 539 434 543 181 617 641 154 140 767 143 273 534 984 89 982 265 474 144 345 442 103 732 235 799 218
182 103 269 526 162 152 443 465 452 368 340 698 581 286 455 168 608 342 825 143 357 299 704 671 570 405 338 542 952 486 935 734 992 220 924 439 527 229 184 434 521 551 409 817 657 966 287 987 694 294 569 600 842 603 218 776 540 327 635 208 822 289 381 808 353 559 795 500 238 73 127 473 656 426 236 508 471 113 492 374 223 346 485 705 578 315 339 990 637 712 756 901 742 311 179 245 283 546 372 488 785 297 271 640 147 231 889 222 934 558 779 292 823 151 914 78 121 682 388 154 792 481 812 985 266 258 446 330 279 234 841 408 520 993 622 904 161 318 820 136 964 255 868 598 317 745 81 365 619 257 668 714 899 224 794 457 609 386 580 758 614 605 474 262 169 665 566 95 164 766 655 754 856 380 132 800 420 774 324 973 202 713 377
178 655 484 171 579 200 856 492 598 222 360 734 899 157 75 930 543 663 495 485 988 912 479 346 357 581 770 449 297 738 562 233 625 662 288 828 226 387 642 535 840 431 547 99 812 615 115 388 421 211 874 994 569 158 333 102 803 315 82 884 250 188 660 924 844 721 452 754 169 923 358 630 154 600 654 806 887 673 509 683 375 401 319 371 807 198 437 577 406 108 443 408 450 181 570 120 596 130 112 399 557 714 938 993 486 658 589 554 858 261 881 279 566 339 695 906 678 216 304 243 869 821 244 355 776 376 616 795 591 217 659 718 867 215 604 830 775 996 199 336 883 699 482 849 308 724 709 944 536 785 370 552 341 186 693 259 743 894 528 765 989 368 425 800 947 905 961 442 453 730 274 958 374 101 733 204 310 530 851
182 152 330 704 573 661 905 510 574 831 771 450 308 741 801 512 853 979 962 811 85 407 387 109 492 999 969 415 233 197 896 436 358 773 476 689 622 695 163 369 561 207 216 776 146 908 624 610 590 224 808 732 225 551 770 167 188 637 278 434 720 470 314 639 532 78 200 749 825 931 743 171 990 666 181 116 924 693 180 991 221 937 781 445 569 952 645 473 444 642 179 837 700 764 83 504 726 79 948 839 753 633 456 309 392 829 719 588 168 927 807 886 603 446 718 203 254 860 339 461 294 195 262 535 159 805 324 122 499 876 650 138 483 176 412 451 315 904 283 210 818 583 397 135 226 975 626 245 528 581 658 274 933 229 421 114 328 222 530 778 459 946 822 841 228 544 338 824 280 219 198 235 907 895 541 519 232 669 942 687 672 345 539
278 983 954 896 237 230 893 316 453 775 612 259 880 145 864 340 161 894 526 411 863 750 270 842 873 150 394 216 998 205 959 783 819 974 840 355 169 874 335 547 739 820 626 828 878 130 424 186 610 650 492 675 957 588 242 290 772 247 798 461 938 348 578 923 337 185 960 961 332 939 977 617 698 945 616 159 764 319 149 948 686 96 947 736 985 468 98 94 620 770 372 76 272 520 715 315 357 345 289 621 163 139 455 195 734 207 501 458 504 847 558 82 445 725 760 480 509 176 423 309 581 553 680 436 714 99 719 262 861 108 263 963 971 200 915 430 693 976 223 466 634 324 731 441 979 756 522 658 624 836 811 605 827 688 687 393 857 904 817 489 479 279 376 574 810 321 156 929 469 97 910 697 226 733 221 312 403 729 318 271 816 608 911 229 943 439 132 196 447 850 952 792 354 311 106 491 153 212 638 766 925 180 104 640 188 569 481 867 838 825 589 175 676 941 690 834 1000 325 684 839 371 646 631 293 431 994 701 542 669 632 213 599 741 255 350 199 685 269 852 183 78 596 307 438 498 282 579 927 787 538 314 833 909 276 352 385 814 913 128 926 138 625 706 364 603 373 286 524 361 993 799 131 821 875 258 829 280 399 173
200 367 745 658 795 109 536 219 843 321 516 815 728 691 711 757 235 230 682 344 652 607 867 197 122 234 750 730 786 554 716 305 410 417 727 126 947 244 551 797 921 467 824 433 482 83 427 419 168 724 848 627 206 763 700 675 881 274 323 649 499 833 900 660 245 208 110 860 550 132 693 934 794 477 518 173 576 422 847 828 177 341 520 547 141 192 140 112 961 276 196 783 858 522 377 561 411 315 496 495 767 301 403 588 99 471 973 992 972 327 363 803 837 322 487 81 773 719 144 993 473 507 738 967 981 412 408 283 863 864 525 849 107 899 171 955 133 333 204 625 445 587 755 945 789 371 455 198 741 740 853 82 568 372 909 211 228 93 915 466 612 765 802 199 714 595 242 96 386 407 962 665 440 613 461 852 866 999 705 785 661 739 438 476 416 223 232 620 694 246 330 844 478 139 656 963 919 231 1000 832 252
98 653 411 84 257 714 634 232 654 416 345 382 557 749 945 154 406 551 608 967 935 270 139 333 287 482 998 469 96 452 747 706 568 253 444 269 817 697 205 396 703 501 217 329 831 912 168 198 745 805 968 456 113 628 934 875 946 506 315 541 921 220 116 618 294 229 963 147 582 965 292 558 140 300 176 643 534 792 398 440 673 821 710 97 896 235 675 873 766 92 900 129 370 775 134 545 521 399 578
33 981 685 184 597 697 188 541 369 913 94 833 739 732 384 791 641 553 359 846 951 201 790 731 646 156 946 80 824 252 592 86 284 652
140 292 601 158 611 746 753 847 308 122 480 398 483 363 722 618 802 239 221 668 157 336 170 393 741 642 524 910 987 481 708 723 872 635 304 930 545 566 608 833 185 988 81 644 374 100 638 809 257 670 108 200 516 727 918 729 302 163 903 299 770 337 82 478 864 390 263 83 957 446 908 750 91 981 356 248 713 258 168 535 646 695 747 858 376 926 976 962 846 127 226 238 553 321 218 986 550 738 99 382 999 332 124 326 616 479 230 305 512 1000 98 354 109 113 437 411 219 626 869 549 776 849 385 400 804 925 347 110 404 592 683 313 952 732 276 107 115 712 373 641 730
169 437 881 304 986 857 774 995 364 1000 612 128 386 490 379 590 672 205 217 699 380 132 286 854 188 337 746 876 812 497 680 576 646 493 469 962 644 851 901 505 669 485 600 472 478 535 724 567 492 225 301 342 149 382 449 326 750 544 705 213 203 692 665 737 867 565 760 874 187 956 744 333 964 129 773 653 378 965 752 978 947 171 316 971 336 510 499 339 145 506 878 856 322 347 719 734 892 323 529 454 377 375 431 345 954 522 448 731 913 264 277 399 147 367 976 408 532 733 216 253 303 414 832 480 173 960 206 245 690 334 977 355 425 331 951 234 759 376 643 823 442 811 782 468 288 398 351 748 369 133 327 837 140 391 968 979 456 730 413 638 887 388 697 796 693 828 500 628 632 361
210 868 248 93 218 998 547 98 470 713 860 425 324 427 813 760 582 648 936 625 351 386 774 381 873 268 211 328 102 921 581 969 501 206 674 111 209 197 787 478 736 184 587 544 939 472 596 310 305 578 97 503 170 84 290 661 452 225 727 941 553 539 212 172 526 490 843 378 374 669 721 696 710 412 762 166 308 113 477 95 103 297 984 280 886 871 230 847 133 960 992 240 114 446 617 764 758 291 600 522 957 399 190 889 884 335 923 822 327 429 650 306 180 684 504 594 383 120 349 549 619 186 642 357 858 141 118 848 387 718 665 872 168 274 358 953 909 145 315 948 816 494 855 223 887 867 592 742 934 112 214 161 371 157 856 152 852 204 935 183 701 900 564 243 602 641 614 534 1000 896 288 624 109 584 657 763 124 620 332 107 530 719 321 397 970 753 561 686 178 568 380 794 435 580 673 483 323 687 988 540 405 942 458 893 527 533 638 932 692 236 802
46 346 361 389 903 824 593 442 943 130 276 680 808 908 399 592 855 494 975 267 775 870 758 747 329 354 711 234 430 498 546 481 433 658 770 779 533 531 485 467 944 374 993 387 803 883 315
288 834 891 519 866 923 279 703 474 843 718 783 210 317 365 593 829 905 482 403 728 976 894 304 87 802 84 840 162 697 228 673 255 533 188 107 298 639 419 551 862 549 146 842 974 500 814 513 966 907 544 687 582 960 308 233 378 796 787 385 302 963 585 766 720 337 910 332 691 99 939 633 779 153 213 758 224 818 342 318 854 962 906 808 812 816 93 176 924 306 518 828 235 618 168 386 948 469 470 399 616 262 489 494 560 769 765 423 221 890 848 466 710 321 239 356 980 897 497 708 110 347 269 643 965 460 945 998 760 641 594 445 149 973 194 729 381 851 833 861 375 400 413 696 988 236 430 144 602 712 525 244 402 679 781 472 272 94 731 104 805 601 243 395 158 597 314 510 139 125 671 392 870 140 371 219 201 606 446 918 869 532 217 340 989 241 412 771 165 657 296 613 380 978 368 128 307 352 118 968 578 554 179 163 684 909 248 185 526 979 432 716 943 246 820 646 408 265 1000 390 701 191 883 926 345 257 372 819 914 394 794 414 936 867 881 715 655 759 743 234 341 706 750 431 680 603 197 591 156 514 648 540 619 88 746 422 649 499 711 714 250 180 825 205 225 498 543 411 169 553 846 277 652 573 856 134 651 821 362 674 261 122 443 768 305 98 569 456 631
285 374 371 879 639 303 123 597 130 424 593 904 803 596 366 204 791 480 690 634 992 466 177 210 657 543 154 185 816 172 397 498 872 307 168 991 373 901 818 549 459 677 840 722 682 683 279 443 859 126 650 519 755 527 668 117 450 627 756 337 852 469 832 702 757 525 737 187 658 231 851 507 810 144 561 684 913 926 365 143 895 259 706 539 769 743 405 815 458 662 433 269 749 712 538 351 918 122 368 748 849 445 876 651 940 689 585 878 183 530 590 740 198 115 347 902 336 630 886 385 486 935 120 403 924 146 784 569 423 541 647 167 289 235 641 271 857 809 536 540 696 132 889 984 814 515 656 846 169 454 869 463 871 804 711 790 649 764 714 232 560 509 747 557 584 334 825 945 428 961 410 865 139 228 318 160 283 564 179 346 199 362 253 296 675 291 759 547 340 939 985 197 907 326 836 953 499 965 697 214 473 408 449 106 548 863 661 194 648 599 417 845 103 299 193 844 655 932 313 676 323 875 645 425 693 555 792 216 178 789 768 229 608 778 964 394 736 563 301 997 239 212 550 215 190 196 620 225 93 524 826 801 534 328 708 131 250 858 411 438 333 481 390 654 988 163 970 934 820 937 973 426 345 316 707 760 574 441 653 633 995 611 698 312 90 950
265 605 456 259 436 816 767 654 137 290 222 97 452 320 655 636 908 814 1000 352 325 360 527 902 596 122 196 349 513 920 254 925 167 958 884 156 982 922 595 266 945 907 111 937 304 812 514 414 647 565 422 843 543 861 258 806 358 394 227 866 247 245 809 119 737 306 957 172 395 858 978 471 106 405 995 153 354 685 283 393 381 857 914 278 708 392 546 791 327 378 308 832 689 268 177 286 109 510 509 682 450 798 956 711 883 859 621 627 126 835 427 209 267 784 256 940 566 539 280 413 699 198 979 323 975 787 517 875 516 768 197 631 939 852 617 563 98 696 380 174 507 475 447 774 451 564 989 431 479 900 429 491 508 376 239 991 759 649 850 904 794 556 276 202 953 115 606 598 974 829 731 744 773 318 190 166 608 253 672 446 169 301 799 778 522 628 870 983 243 270 493 300 315 644 909 917 753 134 868 445 189 144 629 751 498 752 468 295 796 579 803 179 388 585 173 540 511 481 480 303 986 763 100 981 701 406 339 846 807 171 760 893 670 949 379 587 474 671 512 496 255 700 467 620 739 921 918 281 541 865 813 415 646 143 718 946 726 831 326 612 284 840 790 110 271 458
286 926 555 280 933 810 752 102 481 921 116 293 749 898 326 428 507 750 315 563 816 126 559 408 719 420 465 781 134 437 446 558 273 131 615 688 297 532 879 194 930 175 698 974 181 537 434 145 949 235 550 444 832 182 668 603 651 775 381 259 799 452 540 762 958 334 207 944 830 589 201 807 436 385 257 622 670 413 925 363 367 576 910 722 98 714 681 429 208 995 805 153 369 605 908 863 159 720 342 220 570 503 743 669 977 780 285 331 250 552 738 724 868 511 482 823 368 929 353 680 248 826 221 770 291 604 165 139 796 710 861 981 514 443 187 292 412 414 424 277 754 144 361 702 178 611 835 836 337 646 509 506 232 195 519 582 461 471 453 568 814 439 500 784 716 637 375 699 142 318 700 802 281 693 479 252 792 785 135 148 838 133 486 156 571 903 513 774 425 316 508 227 779 160 377 523 166 524 914 167 660 409 370 402 314 991 557 657 673 635 894 463 875 378 846 329 663 829 231 103 737 180 183 741 266 396 475 855 577 372 546 801 547 927 579 345 110 866 96 874 264 294 161 901 856 937 820 271 219 141 191 382 662 251 623 211 578 349 366 822 900 114 472 320 192 984 757 515 447 140 487 120 218 335 883 922 610 362 530 176 305 236 468 432 624 538 978
207 849 967 825 622 464 672 843 606 498 202 360 953 899 891 96 598 567 743 860 974 419 868 310 643 720 435 352 323 982 945 664 278 519 656 241 873 639 913 493 276 716 225 342 267 219 585 162 420 722 92 113 379 530 981 654 652 916 234 590 944 605 423 155 815 373 146 857 763 864 545 479 560 490 157 776 803 779 858 705 201 166 384 404 556 902 147 214 220 863 345 458 744 747 483 666 158 123 624 703 780 760 183 182 994 619 867 223 88 701 797 289 382 554 195 283 311 935 757 824 527 552 418 591 521 167 397 486 536 948 854 770 511 964 401 874 334 641 724 613 500 191 715 440 497 680 233 555 324 291 541 987 723 484 714 988 709 884 582 405 831 785 282 813 525 645 823 543 822 921 110 126 694 607 366 951 870 274 122 370 488 448 112 993 154 892 294 217 976 986 300 657 322 165 752 330 898 708 388 151 239 612 592 736 950 800 504 738
191 385 631 659 533 197 431 612 418 370 367 578 460 256 998 345 371 783 171 397 191 203 496 753 239 466 637 730 590 295 849 572 269 346 988 954 160 435 139 796 827 965 694 143 449 797 279 401 748 751 289 389 348 951 802 885 122 728 729 363 152 566 551 281 744 626 302 832 417 618 478 316 457 756 92 319 768 833 593 922 685 673 657 608 291 386 259 365 499 809 908 906 169 488 377 489 493 806 642 711 912 217 468 887 914 725 285 979 522 771 641 695 446 844 147 617 599 891 390 120 528 624 221 997 132 240 828 237 759 196 463 338 357 317 178 691 337 159 829 395 663 474 733 214 342 793 714 813 441 696 487 157 741 918 282 969 955 910 782 483 681 915 400 724 376 633 205 234 473 246 286 526 448 987 638 961 332 335 403 523 428 798 927 433 387 249 821 786 686 415 300 978
264 399 496 723 835 845 936 990 299 960 287 499 537 335 856 892 989 531 430 883 741 351 948 919 292 279 239 463 603 244 202 326 381 717 614 823 294 462 362 448 214 209 956 266 257 271 592 886 607 766 820 503 180 361 616 639 108 210 682 327 801 267 392 274 572 655 410 94 667 784 993 645 227 697 888 383 585 920 809 509 638 574 921 249 853 926 328 860 909 578 454 999 849 954 776 817 101 195 286 234 311 495 242 690 159 637 693 561 705 734 384 357 816 110 255 331 225 344 181 277 240 887 979 680 822 95 575 456 598 250 836 487 565 407 127 882 185 204 739 372 800 867 341 161 348 353 278 505 258 611 631 408 560 968 178 150 906 733 832 659 747 167 418 658 291 212 900 803 805 795 91 313 588 265 382 670 196 385 786 414 843 424 546 96 907 497 580 477 683 970 228 238 810 388 668 302 437 524 252 472 749 315 813 789 600 395 606 555 280 688 135 191 320 482 622 275 380 417 254 346 922 571 840 837 608 221 514 828 691 819 676 854 93 911 436 866 365 863 933 893 975 917 288 720 467 762 441 332 925 934 404 815 573 397 550 782 260 190 991 640 236 984 534 985 812
11 254 457 999 602 225 619 810 684 406 637 292
153 998 360 266 966 776 524 162 490 235 241 970 715 198 182 593 224 321 314 901 102 370 598 238 457 893 692 898 620 531 382 605 591 904 296 220 512 691 667 582 158 581 248 734 244 801 945 883 554 421 765 250 768 135 433 500 941 395 874 403 564 757 374 735 930 716 486 594 839 690 447 294 637 631 310 149 511 543 186 762 526 190 161 247 870 795 215 575 155 860 369 647 968 121 326 708 878 264 960 650 483 746 454 586 988 899 276 100 705 969 912 942 137 547 489 891 642 317 917 955 947 819 783 385 569 336 347 299 731 977 669 365 606 824 148 709 424 287 386 398 383 907 908 934 482 857 805 649 994 861 175 445 358 791
227 819 931 850 342 505 535 480 633 700 247 356 286 313 608 318 428 610 613 979 573 637 881 464 346 319 497 378 769 627 334 868 960 431 132 225 395 646 291 375 906 618 600 506 97 377 198 365 496 852 263 542 962 596 483 352 601 512 153 507 866 582 433 404 135 742 835 778 261 987 491 349 806 643 763 406 803 692 621 557 681 285 495 749 208 144 571 867 407 258 331 928 364 510 172 249 419 748 733 831 489 594 844 885 781 943 919 651 599 842 388 466 684 796 408 735 177 917 254 128 585 214 110 538 179 134 933 664 820 379 595 930 450 736 108 746 115 458 713 576 986 822 476 1000 799 680 968 590 719 623 658 488 215 300 959 741 584 854 704 644 804 877 415 435 143 616 935 416 827 401 523 990 856 883 589 912 653 438 467 891 447 359 355 157 992 940 947 411 211 925 966 607 753 641 756 155 502 655 859 417 967 732 306 100 311 636 902 996 133 329 410 386 309 353 477 509 482 107 456 773 574 858 775 146 691 800 626 560
254 239 626 534 267 488 466 376 665 843 261 476 884 730 712 649 263 734 337 776 609 676 460 491 858 678 287 841 225 404 872 117 354 805 204 227 603 594 378 617 782 878 365 452 690 774 141 904 956 608 208 295 284 985 393 917 656 765 909 798 633 406 840 307 554 711 489 797 486 613 589 210 614 852 925 523 545 854 459 969 283 477 921 993 440 412 722 875 230 163 947 273 864 963 937 830 967 862 206 339 232 935 675 397 579 421 197 205 997 542 303 868 238 356 887 471 431 595 168 867 623 170 270 919 971 497 1000 532 787 334 584 315 311 291 224 891 974 672 978 973 566 527 454 164 144 688 512 367 636 896 447 510 663 309 453 869 906 607 902 228 831 980 860 828 484 817 761 478 173 894 628 721 252 824 810 123 912 581 724 392 411 181 793 692 929 514 320 142 426 125 882 211 968 501 395 666 266 386 751 119 873 820 373 959 420 297 716 350 995 996 681 344 513 106 938 689 723 321 679 953 637 889 193 188 620 893 358 312 709 990 845 280 596 794 832 999 635 319 269 171 423 809 763 96 819 934 883 557 544 304 172 140 634 441 575
184 144 726 648 764 913 334 284 761 198 694 419 325 767 729 281 727 573 249 682 275 832 645 949 630 974 947 868 513 922 871 982 368 813 544 440 667 988 231 256 851 885 898 762 963 341 455 796 136 611 695 894 492 177 211 326 95 345 268 600 944 686 317 846 705 401 202 377 960 238 644 510 367 666 819 903 732 105 466 118 691 248 621 724 636 581 418 430 839 733 373 741 587 556 458 833 618 139 895 812 515 332 747 115 899 814 818 564 565 162 624 632 461 257 642 807 1000 660 850 347 693 503 243 538 690 534 826 780 395 468 888 169 567 995 845 989 970 539 199 558 212 459 520 866 743 809 956 454 821 928 916 496 99 497 742 952 229 128 445 758 411 855 583 197 349 774 499 376 392 357 653 185 560 383 730 495 545 876 137 765 427 681 710 218 563
236 582 655 124 175 296 509 522 839 243 762 997 721 560 167 679 169 463 498 396 850 184 269 304 481 573 792 995 493 950 331 953 669 674 936 370 595 433 401 303 134 728 313 821 428 417 120 141 201 384 610 492 172 435 685 135 419 924 357 954 306 361 696 770 105 159 730 109 883 468 736 977 429 570 335 580 884 880 979 343 892 767 165 483 511 157 239 870 772 688 234 629 116 867 353 701 211 312 140 759 862 474 959 450 660 490 791 848 288 186 989 694 139 367 178 664 217 551 998 601 108 142 746 532 869 473 287 187 164 261 345 714 636 342 197 276 236 198 113 222 617 327 645 226 919 847 851 940 443 528 349 698 671 702 749 465 344 155 626 529 283 336 255 815 461 352 625 552 961 901 693 633 199 973 957 987 271 421 259 472 872 221 208 207 174 391 420 778 984 554 716 891 289 745 672 593 161 744 888 971 112 406 686 637 899 947 521 535 362 480 579 602 612 675 687 273 237 555 727 449 764 699 705 426 935 228 976 755 369 451 723 581 123 253 325 952 876
236 159 772 743 862 832 705 802 689 879 721 703 644 191 688 335 850 246 674 102 914 419 479 515 485 156 508 582 455 675 890 824 954 171 837 632 635 935 487 606 214 919 412 303 920 244 432 876 122 537 442 642 308 974 340 936 744 371 607 320 216 422 881 888 130 795 157 733 172 758 567 281 490 104 491 788 725 488 921 908 370 746 742 999 325 541 355 797 808 258 937 222 230 492 138 563 997 158 622 227 817 404 870 871 922 334 996 184 807 998 686 450 588 525 181 821 565 931 865 961 137 763 196 337 581 552 440 339 729 353 321 910 151 633 732 516 762 268 236 305 605 544 706 188 120 408 770 421 438 929 599 891 702 143 397 945 164 478 566 497 323 139 640 666 280 685 224 892 284 310 1000 840 240 791 994 885 394 987 619 975 292 350 395 866 496 820 115 481 401 510 198 248 319 195 249 210 182 747 175 739 771 615 962 810 410 923 317 730 253 443 333 609 738 326 555 460 242 431 829 928 512 554 202 663 493 266 208 283 696 626 123 343 801 105 990 276 550
131 326 793 355 342 188 300 422 217 149 153 458 935 606 625 402 668 636 872 302 522 707 995 664 512 844 623 893 747 286 289 973 865 942 745 427 403 740 210 439 955 525 356 726 584 943 285 250 101 777 320 883 876 380 532 568 529 468 851 367 624 107 735 199 531 493 669 785 587 918 249 478 736 801 543 950 301 163 999 150 846 394 670 573 556 181 703 962 585 349 926 513 611 99 836 970 859 218 158 445 825 544 147 314 257 325 408 378 278 885 516 324 357 339 420 530 245 937 465 901 892 990 880 415 383 948 570 964 710 778 469 267
149 679 865 696 543 694 415 308 291 738 776 915 251 337 348 368 719 279 373 592 231 645 929 885 924 922 673 278 859 407 398 714 565 411 132 712 806 395 952 537 835 309 823 437 977 378 604 372 656 772 881 194 938 382 542 473 106 591 255 133 334 126 584 862 693 456 830 664 450 198 246 362 409 379 930 427 863 587 399 573 841 189 575 237 363 154 430 307 576 326 797 289 710 540 842 260 986 138 527 336 935 838 434 412 312 310 389 238 779 141 512 788 875 525 787 149 972 814 380 836 809 598 262 563 992 816 683 633 825 119 794 323 762 277 739 331 359 128 926 596 524 622 717 920 345 606 226 296 570 234
290 836 794 450 992 370 327 275 771 362 330 301 952 277 258 984 659 718 265 432 420 444 279 577 700 791 225 160 308 523 996 315 793 944 696 573 531 676 221 350 748 539 971 953 435 940 524 745 863 161 961 479 513 344 405 687 643 756 561 540 414 545 445 257 653 210 846 858 228 959 469 617 441 689 274 870 662 844 483 462 252 849 699 447 416 293 907 521 403 713 613 215 570 295 585 304 134 986 542 897 975 429 341 430 126 216 562 119 286 173 549 607 195 889 253 736 141 426 991 232 249 936 227 725 766 862 292 234 600 470 727 205 869 827 580 560 269 208 418 379 264 891 395 829 620 386 211 346 241 615 964 162 795 197 446 833 116 400 101 910 720 790 312 299 568 835 471 574 103 352 685 581 467 510 722 946 348 571 579 463 558 166 742 843 553 254 309 217 636 556 436 781 154 931 593 338 945 499 739 375 139 260 355 821 850 442 457 175 502 555 575 168 902 885 706 884 633 387 721 298 777 172 772 949 997 630 705 328 861 222 586 120 448 913 552 845 434 927 192 642 322 207 886 649 551 143 135 230 526 658 688 792 976 786 752 810 356 942 719 402 764 112 468 906 915 333 229 363 670 412 675 324 198 601 684 455 994 812 248 122 342 866 692 703 187 547 893 750 294 932 839
42 963 572 192 277 814 972 334 457 787 553 845 487 513 109 178 828 833 189 539 503 151 209 685 153 538 246 559 168 602 259 202 825 157 240 527 208 647 745 185 956 498 369
121 266 942 779 695 259 632 363 377 817 697 304 701 218 494 453 551 825 636 277 398 311 706 225 108 508 877 791 805 413 149 128 175 524 295 622 902 374 773 683 958 240 346 739 199 647 978 923 542 197 550 579 670 130 952 930 792 163 469 855 111 208 190 899 322 523 470 757 226 557 379 667 460 227 147 333 990 770 456 349 417 176 916 771 734 428 268 486 642 562 372 894 661 343 437 880 925 893 984 445 571 731 473 983 823 729 789 323 565 465 402 392 222 212 158 320 161 244 881 685 933 563
193 623 197 823 581 877 589 574 488 498 845 631 263 786 413 357 840 621 913 222 103 315 604 400 811 667 543 872 218 204 404 275 725 356 159 230 654 605 437 938 216 722 651 251 523 157 689 117 233 681 642 401 209 892 113 471 911 885 132 706 807 610 367 685 445 668 670 449 369 755 613 969 374 982 627 657 501 506 247 978 644 520 266 324 423 834 923 301 165 311 981 649 467 705 430 873 328 257 540 410 565 136 355 387 741 833 996 110 759 775 641 773 692 399 690 553 704 917 236 852 954 229 637 130 843 111 509 783 832 910 686 767 968 995 577 296 279 341 291 601 645 188 632 771 835 934 288 206 560 669 728 289 487 283 176 447 697 528 180 912 362 941 231 866 281 508 936 377 906 694 687 974 702 943 126 868 350 142 155 618 184 753 531 541 458 721 937 608 290 822 418 347 307 294
121 211 842 967 545 237 210 284 641 830 129 984 988 883 310 765 462 300 108 962 283 178 488 427 755 571 627 998 365 504 150 369 213 254 269 307 964 897 315 643 276 687 910 333 1000 113 768 242 245 137 639 663 710 262 556 958 597 726 422 350 384 347 354 325 551 544 517 565 913 311 693 675 600 617 308 295 314 206 320 609 895 337 392 563 507 574 534 538 744 334 814 596 162 285 459 633 414 758 692 683 887 782 133 720 937 849 492 862 833 856 553 228 815 540 640 655 900 389 623 999 558 869
110 775 489 704 899 113 872 894 292 639 942 480 555 126 444 597 885 855 349 341 857 734 954 125 379 989 238 803 145 493 319 578 666 239 312 967 348 675 385 871 509 502 344 767 807 282 839 286 278 955 838 267 531 193 914 731 429 240 579 184 576 178 692 733 295 128 603 117 487 347 225 339 802 865 614 760 514 985 500 651 586 262 717 299 476 304 173 291 374 741 946 708 424 235 217 272 916 850 788 550 665 443 560 688 276 256 146 761 867 567 582
77 798 296 958 911 801 546 602 600 845 717 377 892 792 585 382 184 843 321 902 108 201 967 852 271 990 455 759 635 218 889 700 802 701 579 130 596 959 861 312 404 415 595 362 699 261 445 470 573 249 690 673 230 778 607 277 431 200 336 649 234 594 665 856 242 837 334 463 328 740 897 992 246 864 812 764 440 614
226 959 598 706 481 945 679 579 736 616 248 213 592 762 391 742 314 328 479 897 609 467 153 508 735 241 840 164 767 181 732 212 604 266 929 262 382 299 659 128 375 578 724 884 189 943 673 423 211 428 404 674 303 935 443 495 284 387 368 112 844 695 979 228 703 132 252 249 644 610 992 258 627 491 871 254 867 469 134 389 818 558 471 476 338 459 794 415 917 316 440 538 165 699 373 292 237 434 114 350 640 330 196 635 568 178 455 465 229 304 363 519 942 999 388 135 246 126 582 773 888 653 950 437 204 963 544 238 778 955 879 452 117 308 711 615 618 144 435 641 122 136 751 550 805 271 815 463 184 969 107 496 329 591 718 855 583 367 492 235 239 750 290 145 841 321 438 813 919 904 962 208 829 910 957 294 835 633 696 453 811 710 418 214 197 947 685 347 486 596 502 704 182 816 123 569 377 858 411 660 560 781 287 216 932 333 928 433 426 222 402 637 787 541 580 110 966 758 206 607 561 887 722 431 741 833 310
227 296 733 485 448 439 845 705 883 453 273 869 486 654 557 704 278 860 844 164 979 543 297 537 948 583 203 554 788 501 482 986 376 898 129 388 634 653 191 789 714 356 795 556 995 888 474 317 511 985 981 740 194 754 291 968 344 404 526 576 393 891 747 764 1000 697 305 161 820 965 867 626 712 701 268 864 520 221 311 175 364 111 542 251 214 525 575 756 510 346 667 547 429 645 992 253 532 360 515 323 938 587 829 748 442 414 681 608 812 126 470 920 676 550 616 209 962 569 847 120 492 476 925 288 427 801 545 369 283 793 187 300 884 690 303 522 275 507 378 299 152 629 213 564 935 600 443 358 598 234 245 889 402 713 887 674 179 331 242 686 946 665 350 533 390 394 473 410 663 679 596 178 743 314 136 418 586 881 761 963 797 367 189 115 671 477 852 624 114 707 696 254 752 342 830 585 919 876 937 555 552 400 226 763 849 964 215 340 943 855 837 658 760 223 680 913 535 177 805 549 365 729 195 822 672 683 993 951
75 708 784 843 348 558 116 375 950 755 399 672 120 222 956 600 461 984 261 620 371 113 759 674 863 830 404 966 284 774 775 230 143 289 927 701 129 402 510 897 874 511 287 610 839 886 403 953 234 205 968 899 175 951 928 741 769 439 682 417 797 875 326 800 270 149 223 557 947 997 758 327 506 842 645 958
160 668 953 967 504 236 452 567 536 884 571 391 755 551 397 542 133 858 699 168 349 537 675 982 574 312 154 164 859 792 665 191 977 464 324 268 483 787 562 943 598 640 128 843 360 461 575 120 646 434 161 597 481 698 738 393 826 158 559 427 345 243 771 785 215 553 902 323 628 933 548 219 810 722 206 216 228 731 303 388 976 970 519 126 522 372 786 908 741 954 592 235 328 533 367 867 315 214 707 286 800 526 782 405 241 713 364 183 788 878 233 379 546 719 525 723 127 978 855 637 278 517 234 972 331 113 632 577 540 872 288 465 179 757 196 240 814 244 513 523 623 124 705 986 182 327 910 600 812 561 625 907 193 928 846 969 329 795 512 501 276
48 699 686 651 944 447 468 387 966 355 324 956 882 644 162 961 274 989 646 724 300 767 282 975 152 380 404 865 567 195 768 364 938 810 315 785 146 180 877 305 437 679 822 665 485 353 483 292 397
269 781 130 123 733 749 519 604 987 833 255 537 713 510 327 843 825 201 957 253 926 541 375 836 509 331 497 905 974 917 565 769 630 809 117 309 157 280 791 359 420 172 984 278 188 351 859 788 893 903 700 976 824 688 888 166 884 667 712 887 496 598 250 757 557 701 716 784 484 813 578 640 355 954 673 391 877 212 628 561 376 685 558 807 296 693 866 739 432 891 136 478 687 650 939 290 814 397 536 590 114 534 626 523 125 671 321 168 882 465 187 388 471 295 260 610 118 446 404 798 213 820 742 699 595 202 723 354 858 182 443 228 480 622 842 915 846 674 768 271 242 755 371 658 883 366 133 602 827 886 880 409 589 718 361 120 776 966 566 978 448 491 783 910 999 780 728 549 447 227 611 943 912 652 872 967 363 745 975 216 469 738 704 142 455 425 821 427 817 386 659 147 607 400 946 127 655 270 797 616 844 555 822 869 180 424 482 195 112 449 644 815 545 969 303 269 531 333 668 525 492 458 793 990 416 933 285 124 778 441 848 500 273 586 310 931 194 1000 606 512 470 901 368 433 445 423 236 235 538 921 116 251 204 304 155 818 265 149 474 569 618 831 352 593 627 466 372 160 503 289
282 959 155 858 760 928 782 819 547 283 975 481 157 875 483 464 585 869 800 335 394 429 178 584 877 281 742 246 133 557 486 864 808 548 610 798 531 371 471 492 150 603 202 361 638 841 161 510 597 583 198 182 543 859 165 743 300 442 129 694 707 423 378 187 633 901 566 526 773 354 340 983 387 447 482 649 179 867 160 286 806 140 115 601 781 894 370 215 963 390 218 787 333 726 259 494 672 930 805 595 730 395 706 721 506 419 639 828 305 700 981 621 744 430 753 556 903 767 343 435 882 992 988 375 653 389 341 849 725 717 568 462 658 671 413 977 417 438 369 324 999 769 282 572 372 847 365 181 896 640 718 536 803 474 878 911 636 132 357 364 487 358 684 757 857 539 151 1000 530 278 791 284 686 514 329 275 754 422 277 629 410 434 425 688 169 777 837 830 833 546 219 588 292 239 453 956 456 861 135 122 173 332 545 379 971 729 812 645 590 954 587 312 388 623 685 883 232 747 860 399 666 565 459 573 944 591 463 134 790 606 720 618 251 509 936 922 325 166 863 650 255 996 119 238 712 895 544 317 765 452 838 912 253 366 149 559 625 675 995 737 785 517 813 473 264 654 845 779 170 523 804 772 279 527 470 950 465 205 203 152 589 660 832
101 781 983 576 820 826 312 549 698 282 933 252 520 774 494 459 889 202 287 967 732 704 890 137 376 953 267 522 509 258 786 707 875 839 565 120 1000 442 236 597 393 337 906 680 844 285 675 345 689 481 788 245 682 758 718 779 305 868 433 324 515 538 836 806 392 476 187 713 374 382 651 577 765 657 761 876 801 795 414 734 802 724 208 456 672 165 687 773 507 886 685 161 453 902 328 691 673 584 327 931 274 413
148 467 849 274 598 436 600 169 526 134 709 707 899 742 255 428 462 298 532 502 812 924 443 885 736 836 361 575 723 495 115 726 368 178 688 387 635 619 624 918 775 497 523 223 539 525 430 875 248 628 455 355 841 354 561 450 992 593 369 289 550 912 242 252 479 365 762 241 394 948 505 490 507 183 281 566 832 738 597 867 457 152 692 389 855 967 710 240 971 859 506 350 864 804 228 138 349 829 117 854 170 625 715 162 679 358 721 794 414 763 781 384 958 356 613 633 195 509 620 932 316 645 953 496 150 167 279 364 321 586 172 149 988 243 901 666 827 408 650 997 608 916 871 124 737 724 785 653 454
89 587 576 492 856 236 653 867 271 542 974 721 321 626 296 687 730 838 693 459 267 327 301 643 752 671 777 195 328 520 143 786 457 220 206 924 910 756 530 130 513 808 660 719 919 120 531 175 645 962 911 797 947 466 691 169 158 509 182 123 554 199 307 543 555 600 832 202 572 741 205 406 547 666 230 288 389 813 902 178 485 351 909 416 284 613 260 487 672 783
198 871 866 653 987 364 819 798 864 155 248 386 655 261 943 966 137 315 349 470 373 316 632 398 805 854 452 226 918 720 953 909 679 755 485 408 919 161 281 269 694 130 319 180 564 699 279 601 750 210 472 554 606 585 543 620 236 499 836 453 191 523 456 497 647 922 828 765 309 675 996 263 146 198 873 387 937 422 506 991 327 432 428 813 277 960 887 175 708 149 974 396 815 981 123 537 363 447 144 219 119 758 807 571 390 760 868 406 443 270 167 880 736 196 127 416 280 577 709 970 711 906 676 272 773 179 663 186 323 791 541 509 489 403 553 357 426 889 531 473 877 448 686 245 853 247 611 501 804 305 187 747 855 494 304 275 378 321 673 892 781 578 425 477 347 599 151 382 535 318 513 558 958 657 271 337 656 133 888 648 117 429 320 522 872 809 306 276 435 145 933 533 233 726 667 702 322 488 857
60 320 806 758 420 730 564 310 118 273 219 922 282 160 283 945 786 433 932 286 664 259 665 123 394 374 543 257 124 903 477 962 601 861 515 880 892 697 802 542 761 549 431 716 792 769 995 370 752 812 250 224 717 733 567 156 510 180 639 780 611
264 127 793 579 406 279 486 237 278 882 848 810 399 619 747 825 305 407 548 623 452 543 225 126 978 946 532 329 673 703 815 631 926 426 272 474 161 550 870 571 321 580 828 238 711 901 441 315 952 264 300 847 191 491 773 397 597 149 599 159 633 242 213 256 925 378 655 523 442 761 154 409 196 929 852 731 628 281 534 865 850 724 417 574 967 175 783 765 570 282 403 649 733 691 778 128 680 427 332 193 883 290 414 792 911 846 286 544 715 995 466 900 554 880 692 756 475 791 646 760 347 144 686 477 292 198 993 698 435 767 699 209 189 903 618 801 158 744 905 309 709 438 976 389 740 509 920 753 843 965 217 954 787 184 419 813 401 899 502 969 576 271 627 872 587 222 415 525 503 897 621 157 317 984 966 957 707 685 595 745 140 314 138 869 468 205 130 489 284 585 605 690 591 215 162 303 526 739 372 142 784 859 249 420 206 366 893 187 796 220 600 381 780 704 460 241 689 728 522 730 867 752 531 524 817 588 697 387 854 937 713 244 374 717 807 643 853 283 889 568 779 539 939 277 660 788 136 355 722 338 624 736 365 607 231 671 288 980 354 183 772 933 508 718 798
229 960 730 460 835 218 447 849 449 375 579 322 702 907 161 927 749 458 564 832 957 278 150 224 890 159 613 346 784 173 724 456 504 759 701 808 714 910 434 300 824 132 452 743 491 705 998 778 356 168 663 220 976 672 334 959 612 317 814 556 499 731 158 580 809 416 939 598 902 348 915 254 804 961 590 875 879 641 766 392 310 274 364 507 519 984 276 962 266 771 845 755 202 694 280 257 852 558 775 157 741 495 993 237 365 867 652 964 351 820 650 327 229 914 213 717 409 966 780 739 370 582 721 708 569 936 226 635 822 918 181 990 779 638 184 622 252 543 554 767 943 400 285 843 618 163 502 665 277 523 831 151 377 637 127 989 388 713 707 560 949 776 859 720 924 357 418 242 994 905 217 898 931 338 174 565 249 469 911 829 899 922 643 271 689 194 889 673 904 510 546 244 219 373 419 243 238 751 526 291 302 209 671 901 189 236 880 722 871 873 487 262 727 169 555 478 457 126 341 877 135 345 866 676 696 240 349 389 729 740
181 851 775 993 187 881 518 540 831 350 460 599 267 328 271 289 212 307 122 448 833 783 525 524 747 359 883 512 222 587 985 219 622 596 672 936 430 472 304 441 322 327 733 297 373 451 995 226 987 930 427 404 446 807 626 523 615 248 998 329 516 955 461 830 556 970 945 331 338 645 290 209 577 401 658 922 351 368 745 684 686 563 519 510 847 392 737 886 666 974 127 704 803 155 897 880 866 517 856 976 700 487 935 548 910 579 898 299 136 660 800 914 650 552 624 447 913 526 963 499 859 199 551 835 140 611 720 347 667 874 515 710 589 716 417 377 980 968 179 580 364 889 674 949 415 498 279 437 694 838 952 409 736 836 812 873 882 375 944 276 465 852 553 999 344 917 648 333 381 546 840 485 768 792 263 348 146 439 827 154 148 742
275 803 265 635 857 564 295 705 319 689 207 791 597 511 378 915 824 561 847 327 212 323 696 530 954 470 650 663 545 967 409 279 301 596 160 143 779 130 889 721 153 274 332 837 435 490 623 240 930 590 983 191 486 168 1000 410 388 599 407 855 219 961 171 174 595 535 862 944 210 386 434 957 140 710 519 851 772 574 439 493 575 845 751 877 514 887 237 176 482 255 748 270 768 339 343 506 821 347 500 797 700 758 572 666 156 230 693 496 173 718 317 893 813 809 613 912 988 498 630 938 711 199 839 632 460 532 303 481 336 387 704 796 368 672 943 401 534 196 328 876 466 232 464 987 216 223 422 503 289 997 589 982 526 524 151 126 288 206 528 789 123 925 310 269 318 241 601 583 737 291 551 280 489 684 449 282 315 272 335 245 656 164 502 559 320 858 864 671 909 898 391 790 624 788 251 937 892 201 923 186 354 610 761 880 725 838 549 350 225 131 412 214 681 141 614 664 217 384 379 305 667 461 147 246 364 603 258 952 903 231 585 341 139 692 546 259 719 184 828 932 886 904 382 921 959 478 424 477 218 504 324 871 393 371 940 602 356 965 978 620 419 654 531 619 883 759 187 641 321 142 505 591 578 643 769 394
133 224 957 568 655 944 239 445 772 432 217 592 323 322 597 927 482 677 712 969 646 951 561 711 304 306 140 175 817 225 295 557 795 876 897 413 143 936 162 619 855 885 416 462 998 842 999 594 691 588 850 537 440 402 415 662 635 989 851 670 480 173 840 314 430 525 248 125 158 330 442 759 264 521 182 315 147 191 725 137 178 278 986 426 618 792 982 202 366 150 387 273 491 520 404 532 601 261 222 569 151 465 647 741 146 534 909 294 260 942 340 332 994 671 669 799 785 746 733 716 700 233 538 649 422 209 642 318 616 835 496 806 206 658
11 208 663 374 598 718 168 326 305 293 357 736
98 423 371 687 864 950 742 573 396 857 128 449 229 246 303 391 313 799 310 791 690 934 644 354 253 228 932 815 327 826 426 362 239 161 682 823 855 679 744 351 605 129 716 551 538 821 714 895 474 684 964 956 676 709 258 593 672 891 630 678 312 686 321 859 429 953 640 335 470 372 463 226 642 510 489 657 473 780 211 996 524 688 427 131 305 417 393 455 633 591 499 760 454 552 697 637 606 285 933
217 195 734 256 758 961 661 852 206 749 488 540 279 923 244 204 639 222 337 387 517 971 480 192 396 788 864 374 545 716 612 785 812 220 555 979 251 239 470 328 895 219 970 271 460 952 868 873 471 680 532 919 751 342 513 656 720 371 564 655 937 995 320 281 329 319 307 857 710 264 566 270 401 834 357 766 169 773 667 237 593 427 312 715 490 136 629 363 893 589 909 245 137 133 988 229 798 568 842 576 856 625 462 236 664 581 467 703 487 627 588 949 177 448 648 855 181 712 587 314 875 833 538 573 511 778 652 380 819 926 662 253 167 230 847 896 981 479 925 687 908 966 452 862 502 418 980 910 358 492 200 430 248 552 736 928 696 527 305 135 821 790 456 311 165 376 425 713 983 203 628 769 476 792 756 838 907 892 436 922 327 187 473 557 681 968 372 567 735 816 654 963 389 432 241 724 128 733 554 142 665 325 276 836 344 183 771 940 282 638 631 359 182 635 149 283 313 669
218 606 297 820 392 135 972 461 241 677 390 598 694 604 243 874 410 505 225 284 794 275 483 336 656 971 771 593 186 525 836 174 750 420 691 770 484 887 264 487 397 527 509 204 312 643 754 425 809 725 209 733 615 293 619 563 772 601 325 967 203 911 482 192 167 634 958 688 881 497 338 168 749 455 786 388 532 501 358 616 605 355 931 863 215 542 870 843 208 258 562 589 681 797 131 507 515 633 857 1000 983 178 747 142 668 889 612 377 417 831 294 611 463 253 580 195 596 424 448 839 316 452 665 469 687 380 957 354 920 916 173 878 235 535 941 841 609 639 803 603 321 769 187 462 989 502 892 800 533 212 709 400 254 285 676 441 613 952 170 185 513 902 147 206 291 314 761 428 201 873 675 921 626 635 934 933 394 970 278 574 383 226 737 734 999 171 962 164 416 402 998 591 398 540 326 955 845 460 334 735 199 685 387 365 169 602 341 592 702 421 295 551 162 768 700 910 155 128 151
73 781 851 517 200 462 620 738 136 129 729 846 700 924 416 175 849 331 716 896 277 910 179 802 172 537 647 421 376 280 633 476 976 162 341 783 531 722 255 770 150 942 304 249 184 660 577 452 921 888 206 636 566 925 297 203 405 361 518 847 988 408 655 237 435 189 354 682 337 244 991 286 204 701
8 195 155 454 909 750 823 754 688
164 991 870 184 648 592 419 988 613 667 779 836 933 311 570 727 423 502 553 540 979 574 142 299 973 457 335 893 598 789 617 860 255 313 513 402 300 320 288 416 172 189 369 265 351 948 171 544 888 799 249 280 571 476 271 507 424 340 987 733 900 848 604 961 966 499 656 875 614 432 778 509 344 382 632 959 644 702 291 567 436 437 218 754 527 983 831 790 618 559 562 319 675 957 722 657 582 619 626 605 662 176 147 285 353 459 213 533 572 958 144 707 823 181 210 180 694 143 840 483 337 990 826 488 584 460 920 734 624 331 783 765 693 294 804 422 654 359 329 755 199 332 538 226 945 504 514 439 759 138 434 206 219 195 356 952 814 212 506 740 818 725 746 588 730
112 947 411 326 814 150 999 744 420 820 940 640 574 302 862 952 344 296 365 357 586 994 887 804 860 941 258 312 452 485 973 628 816 634 945 829 143 376 483 313 463 807 937 772 685 730 972 905 273 412 213 799 191 364 859 133 605 175 410 363 595 726 445 371 788 821 589 598 784 263 223 844 246 380 584 352 955 597 750 631 199 396 398 593 231 813 677 204 781 743 854 969 713 152 386 892 388 749 830 980 374 228 356 975 703 794 836 182 925 144 471 642 801
86 294 704 539 387 343 218 559 449 508 969 404 471 502 634 993 518 861 520 964 443 811 988 681 381 979 146 440 173 797 710 997 491 946 801 713 181 352 813 698 794 541 723 650 891 375 846 500 772 551 290 793 566 340 147 211 787 385 626 212 670 178 240 971 858 614 258 330 264 722 939 571 651 284 609 578 347 467 892 398 225 260 654 295 840 790 845
289 851 235 367 333 675 629 273 425 453 808 495 700 309 161 221 698 182 674 406 528 989 942 926 381 249 397 487 196 608 298 678 394 880 850 452 706 800 243 499 461 663 631 780 931 658 349 458 665 988 743 388 446 520 482 987 486 341 323 614 852 976 345 242 592 253 861 673 901 590 640 839 838 245 286 979 845 375 269 444 586 566 507 434 872 553 237 496 435 913 448 574 969 206 885 749 306 985 437 671 955 186 999 522 693 679 360 297 946 380 312 252 280 938 188 420 895 691 645 284 468 556 275 685 346 402 733 601 287 144 203 943 868 151 271 423 472 319 329 183 720 145 300 610 829 607 939 552 240 171 455 696 864 494 259 701 336 953 154 572 667 819 405 408 491 174 990 699 821 282 688 371 505 497 211 567 737 940 476 358 637 212 316 555 853 726 506 467 874 681 966 615 204 765 164 226 870 965 510 676 606 793 742 722 613 466 747 331 439 290 554 973 813 492 945 374 920 537 731 735 293 156 717 823 283 481 365 514 219 972 192 986 891 272 974 368 811 860 565 962 433 718 356 266 888 740 321 716 577 158 960 465 187 197 620 146 593 918 379 597 498 810 910 755 630 889 656 725 866 255 952 347 511 274 659 805 785 841 376 661 361 363 479 193 401 536 529 477 518 545
71 681 783 494 250 266 167 335 640 408 431 248 737 999 997 685 136 475 961 439 405 524 625 936 898 211 377 719 899 485 553 800 300 387 317 639 346 392 345 973 511 350 287 918 572 617 587 584 885 687 950 148 468 404 606 791 380 347 295 159 281 296 504 151 930 147 876 836 928 750 913 948
84 376 335 135 268 513 697 228 546 532 157 521 824 436 487 586 569 972 174 815 812 817 469 986 568 264 981 138 234 292 241 236 425 508 183 543 337 171 776 270 952 334 165 177 378 455 258 842 415 498 502 535 659 432 803 536 742 871 279 624 690 584 821 411 217 160 578 537 144 806 994 248 418 349 861 911 393 982 231 147 866 712 281 272 724
290 602 646 468 926 868 239 908 709 893 137 689 332 950 229 308 819 644 807 708 976 176 512 158 892 675 305 445 660 645 858 928 869 998 386 831 692 919 688 417 738 352 421 567 479 490 827 971 494 652 498 589 245 254 535 795 814 485 796 214 684 224 456 424 862 615 431 213 842 783 429 579 274 960 166 889 196 751 188 533 849 403 903 315 243 193 180 295 513 680 201 699 726 910 248 677 317 562 340 539 698 668 351 883 423 504 378 981 293 325 521 165 566 603 463 581 967 345 402 549 255 881 611 621 186 160 541 171 219 555 965 707 584 885 371 560 426 547 818 309 532 725 702 290 462 495 994 169 430 647 834 522 642 866 187 899 242 376 620 961 780 509 536 958 761 730 778 410 714 327 693 492 674 791 516 312 933 383 894 947 275 904 568 203 788 451 223 768 343 585 179 572 724 656 334 350 194 801 401 876 905 447 349 966 387 697 909 664 742 863 663 420 846 500 901 453 683 259 167 797 153 923 957 821 672 282 168 241 273 847 992 307 895 952 569 588 740 249 944 989 628 299 552 623 157 612 435 586 687 886 286 364 497 755 887 377 773 732 358 491 793 667 776 749 798 413 575 924 838 631 396 464 488 671 609 941 640 624 437 342 786 860 872 641 528 465 619 906 719 477 826
198 943 398 175 726 450 710 495 361 675 804 985 291 246 656 410 364 377 631 448 469 659 694 600 511 196 869 553 474 273 839 908 644 997 461 290 182 347 229 870 507 426 234 227 344 502 899 861 271 517 867 385 465 270 435 761 840 160 639 735 479 910 590 700 906 464 319 933 408 512 849 318 138 457 866 341 974 214 524 794 599 658 699 487 958 164 806 286 819 235 879 690 967 231 157 454 493 768 810 379 789 510 272 163 653 563 459 420 355 607 184 187 254 796 161 872 834 643 629 285 683 992 778 632 171 920 554 755 436 727 611 200 415 889 868 412 333 555 252 665 827 253 874 784 233 970 624 798 622 640 329 942 648 181 442 793 365 304 193 975 737 747 926 972 172 221 729 372 919 718 952 754 405 166 779 591 736 968 751 772 888 821 213 473 722 430 984 209 215 616 300 194 589 498 226 416 446 501 1000
152 481 568 839 921 522 500 538 792 208 656 893 447 793 528 999 467 874 565 290 232 215 747 205 846 802 827 682 508 483 272 621 440 591 840 937 859 891 493 230 278 149 841 506 153 671 698 768 660 983 611 248 560 634 478 179 420 319 583 203 702 758 214 626 331 914 629 722 731 373 887 361 321 261 247 812 956 212 711 725 213 385 414 966 638 152 832 161 173 732 619 540 985 470 191 853 598 575 585 155 603 643 907 594 411 814 620 712 484 982 424 958 549 516 401 198 302 852 176 308 614 342 944 719 918 927 989 304 531 990 831 263 816 754 663 695 896 458 514 573 450 327 461 967 410 323 602 475 571 539 613 345 623
217 938 738 553 388 920 774 587 777 279 479 348 504 692 788 862 864 338 558 795 825 199 1000 985 280 726 389 419 801 693 767 403 676 566 271 240 643 267 278 675 757 220 179 478 989 745 395 905 534 563 450 966 161 438 518 266 789 371 377 385 351 620 608 677 685 424 900 901 372 349 336 715 462 186 197 812 629 319 811 595 276 830 414 924 821 640 828 778 237 969 212 202 415 793 215 468 645 599 993 975 329 751 747 580 221 655 962 883 593 333 437 357 860 646 782 513 154 824 637 524 576 274 420 452 949 476 282 600 986 309 597 815 841 781 570 638 324 198 722 399 912 727 163 869 168 230 433 581 805 265 702 583 299 350 902 508 748 564 769 996 297 141 644 559 994 214 145 150 651 960 480 284 945 304 493 520 737 668 786 808 875 195 223 227 719 635 992 370 473 609 943 354 796 442 238 882 406 293 707 182 185 331 742 783 303 759 797 601 871 760 618 463 752 560 666 391 604 827
158 581 756 211 817 243 483 669 191 549 849 928 222 762 646 305 938 323 375 601 476 915 569 518 441 820 454 620 504 896 706 798 516 850 591 477 260 422 456 613 718 427 747 940 852 886 523 851 696 567 153 246 543 377 979 313 583 649 344 396 763 587 387 491 816 642 208 953 331 839 412 482 234 662 962 716 230 794 932 967 419 555 534 354 489 588 658 873 202 805 556 484 542 598 160 506 784 831 402 627 572 623 844 614 398 749 409 403 571 565 818 447 870 327 905 368 993 723 697 316 257 599 408 702 337 342 746 709 212 296 507 745 889 163 458 888 797 421 143 497 186 469 444 843 291 560 445 528 751 394 251 923 714 655 242 365 722 284 846
23 511 755 551 581 366 737 943 750 724 618 841 295 722 242 808 273 490 704 620 376 311 859 775
163 565 989 809 204 509 750 496 945 364 850 503 592 451 358 157 578 580 554 961 209 683 876 373 551 877 553 650 267 386 902 814 477 601 532 710 882 829 459 891 931 304 559 851 800 419 476 825 465 309 479 864 947 511 727 771 164 235 824 668 142 353 846 190 813 938 692 863 594 560 965 802 420 610 168 980 700 682 324 275 244 253 206 673 631 384 445 255 788 660 639 894 843 886 890 914 159 697 722 776 626 422 772 767 905 875 441 298 538 378 774 156 619 288 783 984 443 835 284 517 732 640 379 634 907 152 849 766 468 564 555 200 154 356 998 590 908 599 956 213 210 494 506 901 962 742 563 195 589 167 999 242 959 646 787 524 729 314 587 435 838 614 990 241
273 894 331 391 361 367 284 533 827 944 156 185 646 991 957 748 377 355 751 727 610 764 866 919 688 231 473 793 563 366 666 221 568 589 468 263 574 457 945 505 765 844 941 676 618 500 458 841 445 328 795 789 779 821 510 931 514 407 867 552 759 526 177 738 871 319 446 643 800 733 863 961 925 534 924 639 461 503 244 375 572 667 782 962 723 352 525 984 403 550 210 848 1000 923 339 301 920 798 425 927 219 770 199 211 855 245 822 775 165 491 347 794 518 233 453 719 965 887 820 837 489 591 934 598 383 864 859 729 817 981 421 696 999 187 560 652 752 423 628 714 225 747 238 509 914 543 368 270 650 615 255 909 189 338 609 149 907 389 890 237 223 587 826 613 882 329 815 597 693 297 261 476 825 497 363 963 426 668 911 993 469 454 487 777 749 186 480 349 334 188 427 201 702 277 929 576 768 870 479 248 674 766 912 209 672 417 791 786 862 192 228 218 888 398 677 531 735 555 330 896 803 205 442 452 379 658 828 548 350 171 249 718 679 360 240 705 724 173 922 861 595 321 916 880 257 447 616 750 903 373 562 158 314 810 230 364 168 292 685 608 604 516 515 895 605 687 952 631 983 204 429 308 317 578
4 472 796 483 286
210 848 273 214 648 815 390 960 366 703 921 789 245 238 311 276 516 389 410 350 411 182 370 709 525 609 561 400 744 177 834 769 824 475 910 880 833 948 241 310 770 267 920 933 704 793 380 377 498 148 742 175 292 646 176 484 249 332 336 785 821 738 317 487 784 786 680 959 369 969 372 971 200 963 827 979 191 781 731 362 972 489 250 823 462 711 401 364 884 776 895 825 605 539 667 766 486 740 154 751 543 446 435 436 443 509 563 640 935 826 686 554 418 943 1000 262 843 716 673 391 949 155 399 615 503 285 533 540 903 626 515 658 782 220 749 869 548 458 619 147 303 588 453 888 916 915 510 647 388 756 376 927 651 274 335 496 683 660 422 259 255 378 407 754 536 365 811 992 584 706 517 156 762 197 440 705 851 747 526 966 479 758 919 636 606 724 205 506 790 502 575 281 463 975 900 268 188 779 318 982 669 452 534 288 217 991 456 657 881 849 974
170 858 691 974 237 159 624 387 407 845 280 524 405 286 147 914 847 876 278 523 565 778 472 447 476 153 911 322 807 846 794 417 295 727 443 815 627 611 339 474 936 284 281 978 819 771 328 245 873 499 558 888 434 342 625 352 257 732 667 782 482 663 188 464 274 353 661 848 298 859 603 181 697 581 513 886 337 931 649 677 900 496 439 234 713 593 461 905 310 828 421 768 455 860 883 547 240 559 370 739 164 659 214 530 163 692 832 932 622 309 902 878 981 729 579 314 203 539 327 348 386 980 597 855 306 582 948 762 492 687 863 279 994 748 207 243 968 285 546 988 596 156 664 229 728 620 400 670 678 270 458 180 761 364 835 227 304 959 813 634 705 485 639 952 592 324 495 996 746 576 467
63 687 400 310 270 296 619 906 640 812 359 928 338 383 256 709 554 403 484 931 991 950 770 293 645 892 767 898 183 633 695 923 626 657 678 486 639 943 526 666 593 533 704 470 915 328 827 874 409 851 301 402 571 603 538 828 791 926 373 387 834 223 798 560
150 492 523 632 616 341 772 767 612 438 371 206 515 246 363 694 272 210 863 839 266 752 154 319 918 234 569 669 601 214 984 435 723 427 630 952 358 881 287 174 637 409 366 192 390 615 610 662 464 796 720 645 834 419 537 189 379 374 497 323 423 981 677 564 280 889 619 162 949 422 920 655 359 955 416 716 845 391 148 229 547 176 313 557 575 856 779 152 982 445 434 201 524 905 320 740 866 818 548 807 209 973 728 661 181 605 169 921 755 787 218 924 574 474 310 937 191 781 203 999 618 298 486 797 347 963 700 604 150 578 499 216 770 332 562 485 956 840 588 264 408 997 846 733 260 179 458 436 334 832 488
39 245 819 224 307 504 551 413 641 467 652 533 518 281 988 916 167 802 463 669 428 380 240 254 739 150 993 392 800 758 295 282 575 206 341 557 954 825 432 497
31 858 331 931 152 797 837 808 593 199 982 342 959 296 739 965 255 452 480 942 507 234 450 520 893 737 229 456 357 698 724 228
57 722 820 213 872 240 540 961 460 229 260 685 625 846 245 554 975 208 808 513 302 657 412 246 250 947 892 800 952 696 743 990 718 752 470 199 506 566 860 939 681 931 967 473 215 390 637 1000 639 997 548 230 273 880 706 492 790 586
149 357 768 706 966 532 727 883 274 900 535 960 237 831 537 755 187 391 174 435 390 619 993 711 563 652 294 786 457 734 425 446 158 689 646 568 420 694 270 456 495 529 482 763 691 342 624 677 620 949 838 445 308 660 953 262 696 496 543 522 983 411 573 428 564 698 283 156 433 451 639 793 253 597 587 480 341 252 918 516 159 335 375 307 182 800 617 849 477 455 293 917 175 212 766 328 761 165 598 713 625 805 686 452 528 239 861 367 834 718 956 901 271 946 602 220 277 385 781 683 567 557 198 238 876 887 235 630 894 186 319 723 899 384 193 542 310 584 399 554 233 257 481 401 855 817 982 526 823 991
17 875 535 933 848 664 967 660 494 909 573 202 460 397 784 674 443 811
18 221 497 810 306 593 943 481 362 316 583 528 222 960 524 962 685 701 929
33 455 574 725 291 497 155 918 379 310 806 279 865 564 718 537 411 529 168 669 803 957 984 424 325 253 490 256 480 370 514 992 973 974
82 285 198 692 725 401 488 343 272 309 568 836 577 495 655 563 593 746 180 680 713 821 849 381 816 690 810 915 274 176 841 955 620 707 160 460 714 346 943 169 188 483 305 576 206 843 689 440 489 449 718 276 246 243 161 780 973 471 715 228 335 375 561 590 221 665 377 419 409 386 341 354 903 734 345 158 813 958 560 374 541 425 506
134 599 984 371 448 652 487 677 714 634 682 612 600 293 838 422 417 236 694 817 754 505 568 963 483 264 235 660 877 869 977 872 752 391 357 923 557 692 510 620 797 223 361 730 950 810 995 791 328 722 560 913 221 527 468 672 162 309 705 458 710 729 686 627 819 808 958 699 419 170 896 796 526 565 480 414 494 575 608 434 446 282 200 759 513 698 661 881 294 783 780 844 834 257 504 908 534 503 210 438 857 577 384 662 450 347 454 900 725 203 406 762 515 772 648 514 208 220 164 943 974 272 586 410 889 965 967 598 669 924 576 198 555 761 263
142 956 873 987 534 770 733 574 198 630 367 615 396 556 841 942 621 995 656 398 424 878 926 419 224 333 823 641 798 924 848 279 286 498 609 674 502 565 748 583 794 966 405 540 499 973 658 435 860 596 611 737 648 961 159 719 950 894 558 756 775 306 269 844 408 253 916 654 919 800 250 356 259 283 477 883 503 742 587 453 804 868 768 386 570 824 698 187 910 215 341 516 626 383 256 437 196 837 896 544 549 791 856 167 430 501 975 855 912 739 584 821 362 354 962 680 318 746 888 573 170 576 519 618 557 241 388 629 548 183 213 440 247 431 708 869 339 403 569 802 407 464 360
136 800 968 710 174 434 539 692 426 185 342 631 987 776 540 482 805 859 799 801 331 366 391 296 701 162 293 214 348 245 529 948 820 583 290 651 853 686 465 488 568 759 663 287 307 695 371 751 428 863 876 796 869 951 473 707 809 478 495 179 188 471 678 311 781 822 965 974 787 660 661 511 277 258 344 589 929 493 711 192 850 698 834 361 161 806 515 849 735 521 439 497 248 767 744 418 867 474 352 815 320 265 654 752 476 884 198 910 612 856 561 337 638 739 408 681 409 810 671 603 703 936 889 909 165 520 469 644 956 573 704 464 715 719 841 594 224
79 662 961 634 907 972 924 464 757 883 490 207 395 502 317 621 245 200 572 229 564 910 645 929 719 627 205 324 905 442 447 724 370 969 225 773 485 549 390 908 539 637 841 805 392 749 960 593 854 468 736 643 523 198 913 238 548 986 889 311 601 810 955 639 441 742 813 411 275 364 545 996 789 496 734 733 939 632 769 425
186 523 625 644 698 616 685 462 365 408 807 270 474 327 317 239 825 641 185 288 281 220 215 608 972 364 465 357 620 445 236 530 237 173 420 415 903 321 928 568 692 688 559 536 259 264 280 907 441 238 170 995 639 927 746 854 309 650 695 974 904 179 940 254 839 725 613 894 730 737 782 1000 296 293 999 677 217 947 519 563 978 640 271 735 703 298 968 591 924 786 790 913 512 990 985 962 233 386 407 794 847 772 893 397 456 966 391 719 984 987 444 216 457 506 991 612 754 671 245 853 377 766 617 642 260 747 885 824 554 815 597 161 752 274 162 656 183 775 566 758 804 447 230 961 577 442 370 897 276 934 874 670 869 835 694 826 909 427 225 199 948 308 898 704 278 430 290 942 535 833 313 732 171 437 579 451 336 412 864 669 779 352 736 629 797 424 248
214 638 796 602 463 358 482 978 300 875 627 566 714 515 210 220 722 306 553 784 260 273 575 289 312 347 597 590 467 505 922 406 190 782 416 963 288 945 965 723 702 365 652 905 657 243 670 911 537 342 995 341 793 410 715 509 942 809 544 954 798 436 287 667 440 608 493 771 346 718 671 599 378 896 264 286 653 863 401 311 933 778 716 309 261 611 637 693 446 710 292 820 431 985 633 372 932 808 353 466 640 455 879 255 522 222 176 972 336 499 999 646 169 464 208 560 681 964 998 325 308 612 834 888 787 803 720 626 404 957 407 518 359 506 413 254 426 187 848 775 247 788 824 862 424 769 203 263 214 904 388 433 725 890 279 728 756 441 617 517 581 511 916 217 204 484 389 812 766 209 759 516 340 490 946 919 855 168 672 262 802 527 545 415 258 847 219 500 329 530 941 591 826 272 823 428 471 420 604 980 377 425 790 835 747 632 740 345 991 732 556 454 543 688 409
114 507 165 562 317 724 620 839 631 932 395 525 712 522 531 363 804 227 950 498 186 223 299 748 628 449 683 575 676 264 335 315 513 635 909 195 762 835 732 276 699 275 182 770 542 231 958 957 661 389 906 184 718 418 642 572 652 318 997 1000 890 709 719 973 608 427 428 874 650 294 429 805 534 579 480 502 235 283 394 350 861 755 927 585 489 307 474 599 625 252 554 684 658 884 836 605 349 285 265 834 728 976 754 942 357 316 681 863 400 281 795 987 372 812 523
66 970 275 375 187 318 631 232 453 517 656 646 867 654 393 400 681 494 245 302 796 834 912 527 262 556 348 854 175 918 334 781 367 894 707 899 780 758 301 871 294 811 915 838 442 675 962 850 727 989 418 371 919 829 559 802 289 520 709 249 645 486 476 340 911 905 939
117 620 893 406 315 999 921 579 321 598 187 936 252 293 524 372 843 530 362 729 638 982 772 970 765 480 392 211 884 533 175 523 484 862 927 578 841 861 780 509 169 559 751 307 408 835 443 418 375 243 553 881 895 943 172 548 298 179 846 556 359 478 770 735 639 225 584 848 345 454 676 809 412 487 674 462 505 833 570 417 499 731 275 397 583 828 168 870 536 414 701 631 514 655 488 319 795 218 952 580 271 245 519 272 340 659 831 399 797 802 274 611 782 871 996 249 930 254
272 311 894 957 246 426 348 795 920 703 942 976 559 487 399 428 398 738 752 313 557 279 323 256 177 535 646 923 540 333 218 238 733 761 568 324 232 673 414 388 421 213 623 214 921 892 561 710 893 661 167 907 978 534 582 545 803 827 931 425 396 284 688 376 591 393 391 402 953 484 647 221 422 216 589 914 332 605 490 510 778 745 539 361 972 682 407 631 433 961 731 941 839 423 226 533 343 679 439 730 765 680 472 527 743 289 283 314 191 858 831 877 233 492 613 307 435 662 531 522 899 434 373 829 450 413 837 385 355 560 689 352 715 229 766 906 718 345 968 876 190 453 912 288 835 443 970 852 455 838 387 199 424 507 822 775 336 537 182 990 278 844 760 480 495 358 814 447 997 567 497 235 354 818 357 642 683 705 188 668 826 286 729 926 427 615 862 958 883 575 584 747 995 473 386 692 654 678 756 841 360 952 936 714 318 181 992 470 671 901 436 461 482 898 335 947 329 363 848 169 792 268 800 265 503 206 556 521 702 272 930 632 820 201 419 998 551 295 933 924 449 172 408 706 908 573 934 321 943 179 243 298 415 248 553 369 895 853 628 498 448 601 980 794 801 493 306 989 786 366 530 202 1000
76 966 282 746 480 711 288 537 504 416 641 915 780 823 808 290 767 223 812 472 309 607 452 443 648 898 195 605 366 955 783 254 606 741 454 382 993 560 178 990 971 497 206 832 184 669 337 935 403 339 430 352 541 956 862 218 424 911 650 983 402 354 683 429 211 519 228 799 926 757 718 286 376 989 409 827 651
219 671 294 599 422 650 307 598 209 871 190 839 233 686 426 221 394 289 637 999 204 519 174 528 753 658 568 328 188 384 207 741 926 219 281 744 914 593 362 315 730 640 450 473 960 621 933 818 823 477 809 386 548 852 901 327 582 381 498 460 325 712 882 819 239 168 831 636 976 884 449 696 457 210 659 583 370 428 979 566 248 389 743 464 455 559 332 561 242 606 951 689 873 262 827 845 443 745 522 376 906 692 706 990 815 483 835 198 927 972 340 495 265 675 610 261 864 371 191 729 635 773 883 939 409 691 438 353 300 805 253 319 378 721 228 728 961 735 512 446 767 241 375 690 893 627 668 434 778 237 403 989 555 553 750 590 917 669 738 957 323 458 623 511 415 509 462 632 861 848 549 796 722 232 997 343 398 592 373 297 602 698 419 934 342 250 500 572 256 697 638 664 518 841 230 726 236 925 385 439 200 571 694 492 768 418 255 505 372 171 782 344 952 784 550 993 176 810 243 524
295 579 834 302 815 326 633 391 303 670 628 841 771 316 438 710 297 524 225 793 489 659 498 542 936 666 682 501 548 291 877 505 711 453 370 266 846 879 643 296 537 561 181 988 294 998 910 632 861 352 198 731 287 331 575 432 569 340 818 568 254 458 792 398 274 784 233 994 838 984 881 491 741 219 646 431 496 915 658 284 293 401 170 598 664 905 526 623 533 911 570 178 257 783 786 583 912 571 581 609 897 859 739 855 684 839 935 383 324 593 639 523 981 901 322 361 734 933 364 812 791 828 624 677 248 261 961 253 873 967 872 488 346 918 518 377 963 188 531 874 991 425 362 790 552 782 465 714 926 989 654 169 755 565 193 406 564 648 776 969 965 421 743 462 413 644 817 803 550 299 708 206 689 359 949 528 466 510 497 563 369 200 913 681 378 321 725 545 224 753 802 860 393 427 980 356 399 227 588 241 567 441 947 272 485 868 827 277 655 360 902 810 371 268 858 785 971 281 486 876 796 543 943 271 761 603 313 341 727 566 997 218 479 631 262 175 676 944 450 948 546 759 387 478 929 773 586 703 414 806 611 745 856 778 903 415 762 422 835 837 179 720 958 995 547 844 871 587 864 752 544 230 730 318 480 229 289 629 809 437 290 270 212 608 867 334 445 442 184 390 363 223 722 436 798 240
215 304 596 798 639 400 198 910 187 587 559 770 316 244 256 687 354 735 840 292 278 327 448 837 418 416 959 478 221 497 271 717 682 800 235 329 275 597 577 967 662 296 699 542 997 801 359 395 633 549 423 574 368 974 690 293 479 265 314 708 868 199 792 948 732 432 444 424 924 317 504 262 378 447 784 787 816 581 618 431 567 730 917 310 913 865 691 631 871 181 459 180 637 883 566 968 853 777 510 694 405 197 848 493 905 543 227 501 301 437 749 185 557 832 188 741 295 207 630 860 241 670 908 377 833 629 541 850 956 200 558 472 945 638 970 280 425 268 849 391 829 281 679 218 349 427 723 955 752 588 624 521 449 831 854 367 442 634 806 245 496 592 716 640 874 190 522 902 778 843 802 224 867 821 636 303 995 380 651 182 539 477 568 445 779 973 333 195 211 225 332 932 286 984 986 756 202 344 430 279 494 373 644 203 357 434 788 964 928 774 413 675 660 780 673 857
112 871 821 818 705 887 355 883 878 403 745 953 327 361 543 792 976 568 292 806 402 245 680 534 243 416 864 952 910 212 761 764 922 537 526 740 439 192 971 870 674 451 755 449 802 774 767 789 653 325 522 222 587 776 997 905 923 479 753 990 799 773 676 797 264 626 280 967 575 394 703 617 291 183 421 244 300 316 746 814 263 242 509 719 474 314 177 682 321 200 650 399 342 732 846 501 881 771 608 341 726 996 475 226 639 494 406 546 973 702 782 497 452
23 289 720 558 928 807 463 590 943 323 980 843 630 635 985 906 548 264 767 225 284 273 540 511
89 306 681 370 515 691 792 627 465 494 344 972 457 504 778 624 959 173 897 481 717 829 863 406 702 364 660 405 534 926 315 732 371 478 197 807 814 212 501 578 950 899 857 628 524 179 199 498 490 635 563 321 960 542 246 742 756 715 654 979 848 188 288 603 916 304 317 574 831 466 338 862 269 387 471 225 543 302 447 964 420 196 782 186 204 229 237 677 413 802
115 779 520 934 716 575 308 606 321 596 562 559 549 226 620 699 401 414 219 444 457 507 249 845 358 501 668 303 947 849 839 702 376 289 622 598 650 300 474 626 452 879 527 641 771 529 283 946 582 459 964 372 390 891 743 375 895 484 644 365 448 763 694 996 576 229 674 244 389 907 705 778 816 920 379 985 278 953 397 992 180 850 566 834 463 243 176 883 279 896 851 928 333 509 954 280 500 589 310 553 588 755 893 366 980 682 384 305 672 392 706 734 658 712 617 293
187 328 698 225 208 334 363 815 616 499 606 791 516 209 630 623 775 329 910 928 751 421 561 889 766 987 638 936 688 301 551 262 350 198 575 537 380 633 410 247 612 971 271 713 322 722 903 182 364 376 635 587 531 584 481 255 256 760 605 755 754 735 604 263 965 550 651 429 898 206 650 298 819 899 286 758 458 294 991 536 978 441 319 924 932 495 890 887 925 501 810 399 882 851 212 545 567 346 838 677 613 832 435 652 528 337 361 634 585 176 708 938 497 387 665 548 440 507 637 318 867 199 196 644 837 447 904 221 801 183 402 431 966 367 415 279 772 365 465 873 703 315 338 358 288 802 226 417 383 218 857 300 614 866 611 710 980 933 895 715 848 849 642 663 313 752 822 248 583 492 919 658 228 694 450 175 264 457 371 817 726 388 394 926 627 258 299 213
183 969 713 728 476 269 298 416 826 392 562 687 901 833 892 197 703 384 910 381 592 748 244 649 600 279 496 636 454 784 970 919 593 390 378 362 697 906 203 386 561 265 839 768 205 177 981 695 761 951 514 215 671 779 503 179 898 766 884 251 650 663 406 434 603 575 530 733 656 843 632 363 930 312 492 756 634 954 432 887 801 860 950 295 446 1000 958 746 847 622 512 783 273 896 945 964 474 989 882 996 340 323 804 420 519 948 825 757 767 255 542 213 934 601 963 976 751 486 375 333 504 317 299 581 491 353 417 856 820 280 864 929 282 350 419 614 845 921 704 210 627 315 873 431 256 684 200 903 957 667 468 288 594 680 911 753 297 291 897 865 507 236 620 775 829 272 689 800 495 982 628 984 787 465 653 590 595 257 690 871 360 259 452 613
126 468 877 881 590 552 965 731 756 802 563 909 246 522 652 916 343 718 384 750 622 398 784 633 571 582 436 676 647 927 188 370 709 551 358 839 341 296 406 805 871 509 658 222 249 445 377 482 736 231 711 656 938 241 767 356 587 710 420 421 626 400 847 338 715 372 470 580 214 782 373 388 810 319 841 600 516 926 959 612 961 238 915 476 210 933 749 667 240 980 807 751 192 211 854 218 244 830 196 727 884 890 459 638 485 530 690 811 906 190 632 970 923 708 929 506 849 611 572 512 491 798 677 964 442 597 928
183 707 782 811 591 690 391 487 313 243 392 638 350 319 193 342 807 616 642 506 996 777 486 677 539 542 337 468 500 351 990 845 931 272 352 178 509 371 580 601 383 292 918 266 255 693 675 589 959 274 883 786 824 261 205 232 945 535 621 930 981 555 785 576 874 577 585 656 401 853 454 915 470 947 795 894 682 436 848 879 715 447 354 709 290 505 632 333 501 964 854 404 694 864 859 420 746 779 666 326 378 348 228 597 305 662 331 458 851 361 212 488 304 264 678 238 530 410 689 960 755 978 804 384 620 408 868 860 564 571 567 665 738 979 579 469 667 863 531 343 732 200 914 652 701 923 275 877 608 358 498 839 465 471 473 236 409 933 900 641 924 269 461 991 514 475 432 793 920 208 213 740 204 359 595 640 376 607 515 565 796 416 281 424
177 534 825 438 349 317 350 295 215 436 723 527 589 704 374 943 324 325 690 195 744 807 798 355 738 462 548 878 992 479 207 339 718 309 917 312 256 241 610 473 916 685 393 182 439 281 808 249 494 655 927 838 771 425 982 187 276 760 871 841 788 783 512 530 975 579 621 469 684 703 787 385 680 586 495 558 543 388 565 650 297 358 528 830 779 702 870 837 523 859 858 736 716 564 260 615 836 955 934 186 717 327 306 708 404 515 442 803 909 902 304 441 367 273 682 679 490 381 800 351 477 933 849 986 941 976 595 944 759 286 516 574 277 919 316 912 229 192 411 588 603 284 844 267 340 906 395 582 742 557 483 647 435 234 732 809 525 437 665 196 326 288 476 466 202 971 551 782 594 843 676 501 745 962 677 796 334 711
36 593 606 288 398 191 408 623 786 940 638 685 683 646 379 345 761 671 583 729 264 414 258 915 453 279 608 641 253 805 910 937 951 604 515 184 941
127 825 903 916 615 424 317 567 675 273 428 470 446 380 654 316 983 755 425 260 471 947 643 184 403 689 804 619 902 311 591 713 957 890 287 928 870 249 770 529 307 589 219 855 246 705 820 869 285 203 290 972 323 849 435 609 966 891 263 345 259 488 746 846 447 334 831 551 844 225 242 722 523 783 590 630 569 743 864 548 805 897 286 853 629 858 553 811 968 340 898 613 407 617 937 257 453 663 423 818 539 808 872 516 592 240 887 195 587 528 362 426 441 464 786 780 450 886 458 434 681 305 194 395 232 757 750 226
235 472 722 518 403 195 670 187 589 235 213 768 462 506 299 892 633 857 220 263 697 229 914 446 770 507 330 665 656 701 437 385 810 192 967 188 880 644 978 941 427 554 950 248 939 508 209 897 654 339 502 348 812 648 626 593 906 974 949 980 534 690 681 398 836 267 543 301 786 256 282 788 536 311 918 355 817 940 791 728 394 261 946 888 639 927 662 585 661 353 268 455 749 381 752 217 991 636 759 698 883 958 487 227 246 519 925 858 577 826 719 546 614 527 762 695 737 225 787 284 207 702 976 387 500 399 335 797 559 709 723 769 458 278 631 703 755 610 907 686 545 865 912 988 305 252 288 325 264 255 640 619 776 563 800 586 926 794 222 599 628 833 894 429 320 573 598 715 572 779 736 645 971 944 286 584 578 689 221 959 444 1000 625 368 655 388 425 259 420 521 505 811 659 837 489 478 501 514 346 405 537 503 512 499 855 548 583 442 595 228 781 236 724 274 650 923 917 453 694 409 494 426 495 273 576 751 937 361 522 712 620 529 486 260 754 484
56 212 766 379 458 542 700 377 717 928 391 438 671 855 333 911 817 964 832 459 839 718 408 648 815 601 713 698 516 634 337 323 894 445 878 870 929 701 915 838 908 339 859 857 951 652 677 453 873 483 833 195 752 285 317 970 952
43 211 471 656 710 964 633 306 953 721 302 739 625 193 254 344 659 758 705 821 581 599 720 412 200 565 318 923 420 906 209 592 222 245 237 325 835 265 843 327 788 371 722 662
22 994 835 541 520 702 361 239 620 584 382 252 618 941 558 883 751 596 947 306 730 418 951
241 314 487 965 788 673 851 792 909 672 361 351 557 845 383 601 915 379 604 403 733 811 484 819 913 438 680 539 370 724 631 912 731 783 265 839 676 796 236 620 319 762 886 824 390 958 558 198 934 844 378 986 716 353 498 769 269 822 649 959 242 280 318 797 961 703 248 657 445 760 847 765 709 939 710 616 369 360 348 193 431 206 647 963 422 814 486 725 931 509 325 371 489 199 699 567 945 828 777 263 613 292 329 645 492 222 364 897 363 652 826 281 570 499 755 908 877 549 926 779 597 457 261 916 619 255 575 713 187 835 291 662 694 451 924 519 424 564 423 933 402 495 678 200 624 574 971 491 467 825 925 475 810 494 544 238 704 344 728 864 901 853 365 693 775 640 648 849 639 903 343 895 305 820 303 929 533 579 542 711 469 756 737 785 869 516 745 328 677 393 468 688 252 223 730 641 938 927 264 682 593 515 804 427 211 286 806 437 990 758 872 812 485 239 497 473 465 686 408 518 856 992 786 411 766 523 586 525 879 340 216 278 789 891 355 590 749 841 675 259 892 696
289 402 888 897 321 739 936 650 548 956 361 203 960 854 253 315 986 366 470 225 380 495 651 885 875 430 824 879 958 882 872 779 303 534 266 510 339 923 927 451 509 621 416 423 645 841 931 284 477 608 892 369 420 836 441 740 731 306 741 409 269 464 191 652 393 771 782 442 981 331 831 781 563 371 955 299 732 373 857 491 247 453 957 982 454 320 880 594 723 199 387 669 469 377 277 286 466 232 935 292 666 458 877 672 580 531 713 443 462 365 390 659 696 899 515 450 776 710 722 876 272 658 994 757 819 682 835 797 403 426 967 642 244 592 513 661 625 637 752 500 540 217 417 490 252 953 541 575 457 787 496 869 952 784 754 925 640 350 670 565 610 767 468 189 478 693 294 676 408 368 638 211 207 249 990 344 240 988 221 924 698 606 861 335 518 476 395 195 561 977 894 848 763 965 399 839 887 926 790 336 295 362 950 928 863 961 911 307 337 846 993 983 212 775 502 756 612 624 604 551 991 811 227 271 728 589 689 394 791 917 937 392 842 345 459 474 653 311 193 372 574 635 801 668 989 556 850 298 813 858 224 886 697 407 214 243 667 573 452 412 942 978 675 267 860 800 327 657 605 997 585 683 818 644 226 208 446 338 646 736 194 859 915 688 712 568 317 388 785 263
206 544 809 625 197 859 617 766 899 749 679 674 682 238 951 475 275 794 931 454 524 923 257 535 797 643 357 942 558 447 825 392 830 296 213 584 843 518 623 955 596 599 298 253 501 371 668 583 291 452 852 273 542 675 255 862 437 802 250 765 559 889 341 760 605 495 694 690 639 771 618 878 989 290 645 405 339 803 549 527 421 556 384 532 206 438 708 214 388 918 821 377 386 367 632 271 313 706 373 485 1000 474 925 641 629 845 240 316 657 590 308 967 209 833 754 352 329 815 884 342 451 546 965 630 424 311 553 726 861 419 700 680 482 363 444 202 768 664 338 227 944 232 979 402 245 611 837 903 879 624 824 902 856 688 652 609 586 272 603 738 561 849 970 594 500 798 966 396 219 536 881 369 354 307 747 301 217 956 722 588 382 468 916 440 736 400 446 858 287 297 510 353 449 285 714 945 365 730 980 863 459 478 711 968 415 247 996
245 672 579 609 336 557 310 801 399 526 547 486 898 228 887 952 825 679 987 315 632 295 247 595 541 885 562 616 909 193 294 567 525 529 388 378 368 428 474 612 556 448 907 438 753 211 835 930 391 333 904 504 657 853 404 516 374 986 723 267 281 255 537 538 675 323 989 479 899 751 265 684 563 533 481 882 539 929 670 687 375 772 756 868 656 893 261 923 693 842 821 273 950 735 881 490 767 342 240 519 773 677 661 717 988 891 621 371 739 754 714 497 454 301 220 275 312 471 522 940 350 434 791 396 580 259 818 565 857 807 337 548 630 568 552 901 508 798 836 192 425 244 478 518 530 879 902 908 362 456 509 512 869 463 234 890 647 671 206 775 549 971 804 873 948 651 272 288 701 949 810 758 564 521 534 960 884 870 774 213 792 776 367 566 502 936 289 398 355 933 258 780 461 637 424 910 441 559 947 212 555 698 406 393 955 912 845 596 660 472 494 389 372 888 875 328 330 932 197 413 649 781 769 854 822 249 245 871 386 348 464 517 867 190 263 354 913 217 746 499 707 790 578 208 830 794
36 397 369 636 852 217 963 949 919 539 554 340 224 243 847 985 921 597 296 668 446 273 375 677 688 702 202 386 356 804 735 231 258 786 504 395 387
135 705 670 549 325 261 860 312 861 227 271 785 225 910 706 719 471 820 268 639 941 936 737 462 975 547 289 228 347 664 357 579 457 509 727 556 575 407 928 962 722 799 223 499 847 265 604 589 336 803 425 764 916 212 280 519 300 897 714 761 447 768 789 488 524 495 618 275 555 474 540 214 388 378 644 586 966 657 732 363 235 831 665 645 918 647 595 675 940 797 470 818 605 965 399 625 476 825 851 543 254 402 874 345 534 285 917 220 256 834 828 667 740 848 720 537 247 360 568 578 251 364 814 199 725 277 485 198 518 194 845 909 284 748 815 898
272 663 198 705 915 743 622 576 950 535 238 373 325 419 360 657 574 767 934 244 940 437 421 899 728 941 812 290 784 430 209 487 625 308 919 714 296 698 313 792 687 976 652 810 362 601 241 363 554 971 774 737 889 872 754 551 841 751 193 499 821 619 927 423 773 963 279 875 560 610 200 975 297 468 321 258 569 757 398 644 503 538 630 388 837 990 713 342 912 316 584 236 733 627 514 641 623 598 717 413 410 877 585 451 965 519 967 192 249 697 725 907 586 982 634 618 755 319 819 561 953 772 509 455 386 997 974 863 955 583 991 886 446 382 450 748 220 781 324 320 340 759 643 834 993 513 835 612 845 738 829 289 646 234 703 987 868 412 497 500 802 216 346 904 811 695 274 338 518 793 553 813 523 295 715 381 326 951 862 937 983 260 397 504 547 374 307 543 894 926 636 508 327 527 650 621 521 562 699 207 683 694 555 800 298 931 929 895 592 992 268 559 213 264 434 614 635 195 372 820 565 520 533 489 380 332 939 368 323 989 420 760 692 606 765 770 488 892 461 566 908 855 305 390 732 354 943 616 730 454 847 969 745 843 385 459 558 407 661 968 272 579 970 632 426 336 405 876 512 747 677 494 801
251 889 727 405 543 696 801 476 526 971 306 645 383 564 715 826 247 956 913 446 359 283 848 464 546 906 295 221 985 502 382 954 452 551 512 316 654 608 636 391 360 362 440 711 816 902 354 858 928 584 736 421 330 755 778 627 721 497 233 866 979 326 887 607 890 353 471 356 215 754 532 587 200 490 432 745 581 830 862 212 896 917 881 401 423 700 712 690 795 481 660 845 207 975 279 505 828 258 718 931 644 559 435 981 293 949 791 614 915 339 640 784 886 957 648 663 272 237 509 537 331 294 631 365 966 312 280 843 852 449 259 495 241 557 1000 302 580 970 236 994 749 822 657 214 230 722 759 541 934 442 298 218 415 545 612 591 250 967 709 529 344 666 524 944 317 276 768 932 623 955 548 840 760 920 863 983 903 788 829 701 419 687 783 278 986 935 264 274 960 281 974 578 908 740 773 825 457 894 930 592 769 349 254 343 477 962 462 695 861 820 285 554 798 227 976 846 659 943 717 859 673 883 308 756 844 408 619 195 904 496 874 939 313 403 249 893 487 750 674 438 617 418 345 590 694 871 965 301 972 273 643 239
83 410 402 978 610 471 336 602 404 766 656 963 974 998 633 980 299 618 775 335 211 794 284 981 522 521 989 630 930 950 543 869 619 200 272 540 456 896 911 791 828 844 379 256 612 773 865 442 513 605 824 671 492 319 657 274 762 547 368 451 898 670 474 939 676 342 701 808 847 693 840 294 614 194 834 327 545 462 704 305 639 205 448 698
263 382 719 277 664 693 671 576 692 988 244 461 379 436 966 546 373 857 438 239 387 417 618 725 566 747 413 601 199 774 848 260 561 350 499 330 923 920 638 276 602 288 279 933 408 336 716 600 626 903 522 788 882 258 971 993 284 201 948 238 944 465 612 291 793 366 339 473 1000 970 649 799 835 843 489 345 659 265 450 321 385 911 526 846 713 690 791 509 879 622 325 648 447 616 851 845 280 637 940 991 209 231 544 708 251 452 264 748 578 378 496 720 458 860 451 798 634 563 359 610 893 226 727 418 666 856 974 241 593 510 275 453 908 723 735 476 872 230 752 547 951 999 874 786 645 575 884 698 294 985 683 718 282 938 784 627 370 962 997 401 328 588 386 396 441 979 323 768 250 832 484 589 300 545 482 609 855 541 829 828 515 918 762 457 763 197 782 571 813 384 958 508 246 736 394 533 516 570 926 995 210 316 337 886 914 597 643 608 407 823 696 861 711 621 324 550 808 266 775 390 474 863 466 904 304 531 272 731 216 650 816 761 789 404 660 215 817 873 388 598 765 479 744 657 537 435 543 553 931 319 780 309 844 668 658 223 569 283 950 255 443 642 655 331
196 854 410 575 718 928 960 940 393 623 699 278 828 292 298 937 433 707 302 658 595 902 325 957 247 815 734 829 737 202 531 629 869 889 809 617 418 711 578 835 521 848 778 789 562 520 483 653 439 704 315 601 310 859 610 746 592 414 919 365 430 297 836 659 513 918 288 554 203 555 362 381 887 226 335 234 628 996 967 727 935 851 866 721 740 788 750 341 367 924 559 485 426 441 678 289 758 686 386 917 637 898 802 242 316 608 376 504 525 499 267 844 230 779 507 621 638 356 455 868 343 210 360 209 550 502 337 958 673 850 871 537 568 250 698 965 912 930 715 304 797 227 742 444 977 670 542 738 355 892 350 906 512 705 526 219 277 923 865 408 993 853 357 532 886 669 573 259 732 949 490 454 481 561 509 333 991 252 374 821 862 403 225 849 487 785 306 313 759 243 748 205 814 417 942 973 693
216 626 831 848 373 763 818 650 335 374 498 235 750 937 740 568 308 917 537 222 241 494 412 724 555 414 263 232 660 476 806 279 990 365 493 267 572 349 994 790 248 331 487 805 444 206 492 696 321 873 539 910 819 997 742 289 269 204 522 201 437 956 586 747 471 828 219 671 458 428 463 785 469 391 329 964 999 826 593 623 293 561 822 966 585 265 294 510 497 748 961 536 902 867 923 676 453 684 929 662 322 509 311 615 967 603 965 722 766 278 720 256 892 397 382 239 530 645 527 199 733 457 986 236 812 327 753 993 969 942 991 659 810 767 634 465 551 798 638 330 372 690 655 858 246 283 584 837 599 271 526 782 681 924 630 988 629 821 852 843 679 512 312 286 864 851 926 887 914 714 622 968 376 624 528 951 633 227 500 556 419 635 825 430 665 301 963 779 486 791 729 897 205 360 390 488 885 853 921 893 254 939 291 223 933 460 673 237 816 953 895 780 226 901 352 944 447
67 466 781 513 726 874 688 871 373 638 254 585 882 662 516 275 958 270 348 616 338 695 451 930 738 308 684 982 866 774 700 498 471 200 642 646 509 833 981 624 810 988 845 610 503 632 798 517 344 857 818 261 458 437 376 388 463 880 336 272 962 815 433 892 459 971 378 447
38 903 336 250 803 675 368 745 293 363 487 224 390 816 933 488 388 361 936 313 942 841 875 560 409 280 662 954 894 741 537 586 661 846 758 258 585 493 867
101 542 876 213 979 928 513 625 816 365 397 771 256 860 694 379 551 272 655 929 352 799 670 848 782 344 259 596 796 325 605 926 559 745 428 809 615 629 283 390 976 228 545 458 662 750 690 396 931 877 927 409 995 805 313 840 610 882 680 613 564 456 924 977 804 232 917 787 955 433 783 789 341 912 566 749 980 648 494 731 320 901 575 326 406 598 354 747 990 766 794 380 878 867 475 705 740 296 338 748 761 356
65 972 651 617 218 760 229 812 206 985 967 613 647 625 824 627 863 322 567 894 308 720 575 630 875 717 236 300 524 989 451 431 709 466 203 390 297 827 962 674 725 955 916 452 910 343 568 377 569 874 296 432 998 787 507 378 265 800 823 654 204 799 890 421 407 252
264 295 588 483 827 723 802 824 782 591 796 216 367 550 644 914 298 966 423 924 989 382 664 907 565 598 507 972 431 736 559 427 801 419 320 658 838 542 660 776 260 647 307 687 292 571 956 585 339 982 449 610 563 371 708 231 695 788 715 246 442 667 911 790 493 475 693 631 244 447 810 416 599 869 396 902 862 600 650 432 615 344 331 228 843 996 602 668 508 655 414 323 926 939 820 697 696 378 814 545 991 451 590 471 334 521 240 262 866 794 413 561 880 270 380 916 905 573 691 726 463 204 458 725 931 987 616 364 811 809 737 433 484 765 389 577 844 582 654 718 971 676 927 786 459 530 400 784 779 863 535 885 409 963 553 857 873 253 306 919 834 347 767 893 301 569 211 855 920 850 337 375 835 404 837 629 293 771 815 665 529 509 672 385 406 979 688 967 721 993 405 595 568 601 694 877 826 234 328 812 372 275 397 534 562 343 768 845 917 302 466 221 671 740 472 613 333 218 560 391 395 441 520 465 741 946 759 749 551 791 578 816 770 353 673 606 526 492 781 462 641 719 938 356 285 623 860 887 910 868 532 237 488 390 739 872 955 858 212 256 861 482 832 656 232
146 449 883 436 526 527 938 550 990 609 512 484 590 930 485 438 977 902 773 680 756 441 787 482 500 768 405 721 878 838 385 917 584 558 869 776 709 668 245 442 958 478 516 490 433 867 367 751 864 994 685 518 844 939 974 824 826 373 729 740 636 262 676 469 794 868 239 922 781 637 985 671 834 272 708 443 852 643 225 980 476 926 585 251 408 743 664 710 816 536 937 907 727 223 495 933 981 973 842 311 266 644 711 413 987 369 975 541 339 589 935 488 924 221 870 370 758 989 507 630 678 224 228 329 997 941 576 534 807 504 318 475 621 528 283 323 246 774 226 983 753 828 428 798 993 679 365
211 215 300 443 618 277 296 470 244 774 265 936 609 755 431 744 495 218 824 553 467 305 369 690 332 953 521 490 678 381 487 321 630 689 764 921 641 716 658 980 496 354 969 387 497 752 691 556 928 692 537 473 220 603 637 984 253 622 597 256 233 210 355 668 399 584 516 395 593 298 219 383 269 434 479 814 379 221 503 364 736 484 423 893 493 825 578 510 788 628 930 438 384 446 492 855 850 927 718 558 261 447 463 923 713 996 999 283 527 366 425 255 372 455 551 854 530 902 654 747 705 701 513 627 929 380 665 499 478 282 988 404 526 874 343 247 776 920 737 502 263 621 293 696 729 356 740 412 631 625 408 243 804 917 252 608 879 866 962 846 657 402 769 759 702 320 600 238 700 648 561 864 576 914 599 910 672 206 781 209 405 512 656 779 894 450 739 401 507 539 790 704 952 437 829 683 887 386 735 582 555 569 663 750 922 350 207 787 859 939 232 933
16 752 427 684 447 974 682 859 469 879 772 698 883 245 240 635 789
226 512 503 536 507 678 620 696 935 621 693 433 486 867 571 865 444 819 410 901 388 254 547 225 908 812 877 650 771 403 357 250 224 885 370 257 859 799 899 274 563 815 390 286 830 677 726 788 871 590 665 325 209 853 883 843 524 356 215 767 836 971 426 327 806 346 441 342 436 455 725 631 934 562 635 869 294 875 522 296 646 868 993 264 787 781 593 216 898 602 884 644 948 545 751 307 599 876 548 352 969 609 359 926 692 896 586 365 784 574 996 838 639 921 849 493 259 283 567 367 703 807 474 630 223 488 345 234 999 698 834 287 747 754 424 482 715 704 425 770 289 389 251 984 498 998 982 270 362 778 795 394 301 212 412 915 288 276 600 263 329 789 273 483 526 520 569 269 453 842 543 261 892 684 308 531 611 511 530 420 881 649 707 809 583 323 904 306 629 963 580 756 208 759 987 275 923 280 383 341 651 515 800 458 589 895 316 828 976 785 419 995 518 975 906 608 227 472 856 312 613 905 614 894 450 699 764
280 931 296 532 375 306 403 774 783 241 258 620 781 810 982 638 784 941 693 600 263 617 275 657 465 387 470 242 209 418 848 378 400 782 513 551 510 798 605 663 311 529 960 838 277 531 463 468 819 293 717 645 772 577 607 426 667 446 246 769 855 925 327 728 787 549 458 493 789 596 992 237 889 944 991 451 272 497 793 684 895 435 836 256 711 807 268 540 534 226 407 526 723 342 905 854 922 623 676 388 628 228 478 262 865 870 828 811 948 349 644 956 659 736 767 945 467 233 852 361 309 785 748 326 716 797 761 910 359 301 341 866 477 829 911 550 338 221 366 365 563 372 658 918 678 496 274 339 410 712 521 834 1000 972 813 714 692 788 244 283 795 323 890 254 584 990 626 423 479 779 567 288 892 954 318 381 724 765 336 232 377 508 476 507 665 983 492 734 825 771 770 284 715 383 352 432 259 637 547 919 661 846 701 821 518 831 488 553 950 307 415 358 730 434 487 211 345 530 937 223 255 924 675 364 815 917 962 929 753 346 276 625 696 558 482 515 368 955 920 557 257 820 269 243 935 609 227 357 632 880 861 913 766 938 234 421 475 936 965 250 270 900 347 449 522 480 984 826 524 546 351 367 207 902 370 879 392 727 904 319 556
28 923 778 289 866 250 759 448 266 408 237 622 252 653 890 897 649 548 646 711 792 668 694 623 843 798 334 317 229
187 892 627 539 625 378 350 802 613 540 740 918 452 537 920 668 475 787 1000 349 841 278 691 288 811 824 981 562 337 489 748 717 335 769 284 857 860 219 421 970 652 491 790 658 401 602 649 592 257 249 346 821 235 934 444 601 696 547 379 921 623 535 281 570 529 212 603 930 432 241 417 816 862 457 377 291 393 462 294 224 823 720 515 644 534 362 229 624 490 501 771 880 702 777 345 428 739 272 584 354 355 295 879 858 783 909 681 514 886 895 467 938 530 928 367 546 836 441 803 738 924 209 528 341 794 958 726 993 380 648 559 612 829 986 786 519 566 242 715 665 788 945 780 254 994 548 955 338 305 763 651 999 707 287 524 826 375 878 453 373 752 552 518 382 650 744 225 216 990 701 221 725 370 317 904 478 280 402 732 885 718 902 509 985 538 861 473 265
181 385 642 973 781 554 357 392 624 348 705 328 572 908 255 985 724 448 720 367 355 571 289 520 270 880 366 663 226 838 939 479 552 325 531 802 707 841 519 892 957 220 917 709 288 978 852 726 372 458 935 457 594 924 401 272 673 346 763 236 803 981 493 566 275 265 321 555 851 559 759 837 371 508 701 651 871 549 505 771 408 585 776 365 238 922 742 541 278 636 294 966 504 843 513 762 829 526 988 433 768 500 914 630 814 414 276 570 476 766 425 322 558 268 307 995 394 537 680 697 689 875 868 847 229 212 732 815 453 915 718 735 842 784 715 765 945 377 411 309 700 647 218 578 728 905 246 729 992 333 486 373 231 540 740 713 854 228 245 274 951 456 955 855 925 395 828 417 864 750 560 703 382 440 676 426 834 475 389 213 965 434
7 235 811 672 305 245 816 682
68 335 658 444 605 867 284 529 362 820 385 519 988 675 547 842 216 537 747 630 694 794 536 765 504 999 623 638 996 825 879 506 596 972 815 438 883 353 214 252 534 813 960 915 894 935 417 441 239 803 906 266 342 509 313 392 408 651 918 662 364 530 965 869 838 827 588 299 677
286 447 920 937 464 538 624 699 523 340 674 857 367 873 376 298 223 521 787 874 846 594 639 587 358 544 976 648 617 239 318 621 263 710 248 468 520 972 605 332 564 705 279 741 416 473 819 785 987 854 625 488 365 272 919 344 271 907 410 896 658 826 623 424 800 543 378 807 255 680 496 294 693 269 331 764 562 412 967 324 711 413 245 470 894 986 234 588 839 404 278 481 688 385 453 568 290 657 283 557 351 399 432 914 220 671 348 224 692 805 554 619 864 923 686 804 921 840 341 932 629 645 567 337 763 596 880 887 319 561 364 406 953 820 526 401 835 366 878 751 682 463 788 709 890 549 579 252 476 349 575 849 633 727 458 822 449 918 415 828 346 256 755 311 993 221 440 315 580 652 359 238 581 649 877 852 776 756 829 777 577 414 484 759 591 534 307 608 772 371 861 233 746 550 277 906 806 490 573 758 668 724 293 369 868 832 885 482 786 925 962 679 467 578 257 533 721 748 443 718 237 888 955 597 487 670 926 728 383 952 313 930 273 790 545 971 454 448 392 716 362 941 632 745 770 869 282 799 931 615 903 614 985 929 700 512 618 992 881 227 612 417 753 627 247 370 504 661 275 266 361 213 801 964 576 824 966 684 218 280 949 240 287 948 802 329 651
194 467 954 655 770 370 363 893 831 949 861 315 746 321 413 216 424 274 913 641 542 917 736 787 743 943 598 716 502 388 942 701 299 595 458 444 844 839 925 808 295 938 498 350 796 953 635 758 381 899 785 645 956 471 632 282 536 827 858 273 374 951 590 247 795 294 344 322 561 603 224 675 870 262 901 514 248 767 992 804 547 557 994 935 728 836 875 387 977 729 931 495 826 781 657 510 336 337 690 800 225 218 926 232 723 895 249 578 705 493 813 676 741 558 423 365 907 669 677 852 596 556 838 491 251 421 489 980 845 356 866 591 922 375 564 681 617 962 985 559 589 406 624 722 668 301 614 702 539 364 549 809 376 966 976 515 400 586 914 507 300 685 650 349 319 816 446 532 505 797 818 790 369 991 393 638 455 243 260 945 506 988 562 822 666 340 724 244 279 964 771 753 742 639 488
277 346 424 836 223 758 555 582 538 965 252 778 757 326 912 489 521 416 480 779 586 449 377 557 382 914 760 825 387 499 883 946 236 773 671 747 490 797 814 314 665 872 993 804 392 944 545 958 386 361 452 728 491 367 534 897 641 570 299 464 576 656 763 751 399 466 865 451 228 714 347 777 630 578 577 999 358 915 957 756 307 744 767 396 563 771 414 801 636 371 573 470 850 885 634 799 844 753 500 289 608 261 277 684 886 631 738 620 287 809 560 469 954 338 642 905 975 917 652 322 286 995 568 246 675 704 501 468 248 459 862 458 520 919 433 317 849 783 565 390 931 830 226 774 890 811 629 385 819 899 910 775 649 722 343 898 727 796 294 888 792 953 715 638 383 688 413 342 640 859 840 851 304 874 380 923 705 770 351 934 513 607 353 572 495 618 506 637 476 303 340 909 549 991 220 746 460 245 550 693 619 496 754 352 820 985 587 852 502 948 855 922 444 966 682 981 268 701 284 487 662 678 339 445 972 539 969 368 492 494 575 561 324 955 734 943 635 973 880 270 970 415 559 696 983 660 602 511 222 302 816 438 748 908 685 907 721 225 388 741 542 331 913 418 976 566 729 533 447 916 750 768 989 842 442 256 505 673
115 603 629 238 260 313 911 604 718 409 958 534 279 999 476 582 921 253 811 952 804 251 422 232 880 760 456 838 599 455 691 784 767 831 224 821 487 396 308 907 782 708 406 375 230 379 833 744 376 889 901 795 286 613 336 391 545 575 840 759 935 749 878 577 560 519 936 671 968 618 627 877 562 557 332 324 516 858 580 918 218 558 285 654 540 991 263 588 851 480 284 977 584 569 883 948 482 439 761 240 679 844 244 861 384 894 429 477 638 810 525 685 526 955 895 932
30 375 392 842 553 701 365 651 466 288 841 294 562 380 391 610 525 285 226 779 860 741 698 543 697 268 703 789 349 965 820
181 461 870 450 556 579 575 713 805 317 328 581 439 994 570 847 746 417 740 645 539 692 795 734 793 599 504 484 465 733 455 477 723 559 893 596 361 771 784 396 459 804 982 510 783 863 271 629 500 412 390 822 375 912 974 341 987 288 872 774 561 409 545 762 875 531 724 794 280 820 684 880 331 801 568 265 600 770 852 630 960 697 909 935 460 444 756 566 517 609 593 675 984 595 860 433 825 925 785 229 480 478 879 704 528 443 735 744 297 614 431 707 757 715 976 399 891 768 274 963 359 505 631 384 316 615 224 792 275 652 876 249 263 747 883 388 648 646 425 823 653 538 458 488 410 829 495 643 238 493 563 761 319 383 745 619 866 330 420 592 311 996 955 261 332 983 290 278 602 284 603 474 849 858 832 695 958 219 254 448 380 736
226 493 965 387 589 568 960 321 476 574 873 467 932 641 491 748 360 661 700 1000 366 470 289 694 878 281 417 425 511 325 250 412 408 919 959 483 978 797 930 551 698 729 696 294 653 686 825 601 230 892 299 949 385 644 545 418 469 815 346 264 875 427 688 902 623 664 830 615 382 292 419 881 506 752 252 705 532 828 233 456 295 234 957 720 687 422 656 823 276 572 270 556 767 379 951 224 775 406 547 912 962 313 845 579 400 888 423 624 599 606 301 421 424 261 284 588 576 540 801 840 880 993 806 936 725 903 221 542 697 647 761 283 637 464 431 282 333 285 915 747 923 334 604 640 779 911 362 735 679 654 354 968 350 649 675 996 231 293 388 434 786 441 942 620 818 490 765 754 805 985 246 263 742 766 348 241 732 359 798 375 433 952 618 268 795 485 357 648 731 975 242 622 397 967 636 226 745 447 913 810 414 496 611 652 708 787 361 304 833 703 336 826 531 737 999 459 790 386 539 987 665 677 676 928 525 401 669
110 407 541 466 870 570 814 928 435 263 340 405 835 561 491 317 619 505 575 359 945 889 296 784 715 654 980 627 943 550 624 482 703 275 655 860 545 589 733 751 674 558 762 976 237 326 642 508 255 738 740 330 770 489 909 780 679 879 485 836 717 729 761 973 693 958 696 864 221 988 776 246 327 534 1000 966 329 355 245 488 373 998 823 848 957 504 285 705 869 380 332 752 594 900 905 271 470 535 858 585 944 455 792 647 859 867 483 284 930 386 286
169 932 626 329 876 454 731 661 752 236 288 383 790 670 705 846 771 920 867 545 611 244 821 262 590 840 326 564 904 903 221 608 453 323 936 552 618 695 518 508 826 498 726 910 622 827 313 671 713 582 849 884 469 592 911 680 421 688 376 324 968 923 318 794 744 300 764 591 276 522 1000 583 304 751 256 803 769 987 698 765 239 494 889 336 997 718 310 358 328 979 418 436 492 360 391 283 521 791 585 613 678 776 863 637 712 496 305 517 445 297 899 413 485 455 646 851 385 944 828 571 625 331 972 806 473 308 261 709 736 717 460 634 689 877 862 845 924 341 730 355 242 955 643 257 627 909 933 880 593 452 398 525 978 325 502 640 560 599 610 621 368 511 263 732 346 789 641 344 895 474
274 874 387 442 958 772 865 653 966 592 264 237 881 579 512 801 824 974 376 259 252 610 499 932 463 687 929 581 392 518 361 954 884 747 465 692 965 377 923 529 278 261 795 876 890 325 341 227 315 783 650 432 657 905 968 767 263 491 411 366 467 637 616 340 746 708 281 625 805 771 804 831 322 563 962 344 474 228 453 907 483 443 851 829 525 445 760 522 852 541 290 913 284 611 399 561 295 364 493 437 751 412 960 811 452 794 781 918 520 556 737 447 441 498 351 942 888 546 490 634 953 507 739 460 943 742 713 359 822 404 914 240 273 660 348 947 664 799 813 779 670 628 1000 223 976 957 500 683 924 887 680 970 931 564 354 626 675 258 880 748 480 858 602 254 623 869 554 438 536 620 553 577 372 649 280 806 792 282 684 287 383 821 517 495 247 940 778 472 655 839 793 327 502 897 234 878 735 459 756 752 716 667 286 967 915 652 825 642 868 709 587 600 785 533 833 461 488 766 830 902 595 633 575 640 975 842 531 895 807 910 329 537 754 427 798 370 386 582 260 433 246 590 638 435 647 762 896 671 909 832 641 497 986 446 916 987 457 566 232 702 319 511 622 534 598 969 604 526 983 860 318 988 668 750 599
80 821 613 942 348 637 432 618 538 553 847 756 252 789 225 863 469 941 324 255 859 350 636 327 570 650 313 801 541 834 304 659 446 599 520 935 994 543 691 593 842 518 297 308 790 692 816 679 824 232 524 784 340 907 403 438 522 525 424 296 902 912 466 901 295 539 623 387 449 575 854 828 685 479 433 806 915 808 962 843 572
250 349 994 325 821 553 765 733 817 601 728 496 939 467 337 326 348 884 667 462 489 249 658 857 867 743 509 548 624 880 801 316 600 778 668 458 686 252 368 978 335 752 632 988 367 264 356 910 710 708 287 940 822 833 860 233 558 442 793 641 891 471 824 286 950 330 251 842 390 924 714 261 533 777 616 785 815 527 381 719 373 257 565 828 285 311 351 374 512 302 758 389 809 229 437 634 810 461 329 517 695 866 689 607 562 922 942 279 510 575 599 920 626 804 469 420 636 295 753 871 947 411 715 460 633 228 823 568 704 935 981 802 760 797 294 699 353 539 422 918 784 456 963 574 477 612 986 872 618 862 987 764 242 835 892 524 432 812 592 234 831 975 779 370 713 915 754 926 983 243 645 491 439 630 638 788 359 790 905 970 313 481 304 841 886 250 876 241 1000 597 890 569 551 450 659 604 350 518 627 362 991 707 385 281 384 307 746 730 938 339 749 723 502 405 933 722 735 960 945 696 898 278 740 532 274 700 529 850 625 583 493 657 665 639 770 717 635 675 581 361 500 834 483 479 475 528 375 270 944 265 671
58 485 703 578 880 419 269 693 510 363 313 799 755 986 466 844 293 595 423 679 584 884 882 953 616 763 552 451 252 321 450 437 906 757 769 414 946 401 994 649 421 656 887 952 377 247 810 292 482 641 575 784 226 441 304 566 295 361 444
6 444 896 635 884 762 395
181 841 651 711 581 714 787 699 770 971 867 730 846 804 442 949 955 750 284 381 973 585 245 987 641 783 637 440 449 808 531 779 503 700 663 992 932 634 993 602 805 864 599 820 880 876 799 837 659 891 350 518 459 612 358 256 455 249 271 366 378 897 335 241 754 929 962 889 849 588 887 640 281 931 412 365 886 396 935 685 399 439 512 292 948 297 298 277 661 390 1000 348 647 816 629 537 428 648 928 807 737 693 392 419 299 467 609 905 877 951 834 279 719 965 975 251 482 290 959 890 765 437 620 653 520 924 597 664 289 999 654 796 351 917 756 496 621 763 636 395 416 857 479 477 347 422 933 734 888 755 593 768 427 603 907 517 650 665 334 565 831 713 784 570 362 418 724 285 229 705 394 979 367 303 760 278 240 300 468 343 291 753
115 526 687 460 398 848 309 641 239 480 750 467 580 670 845 268 757 601 409 253 267 785 657 801 822 472 653 244 778 926 422 671 751 396 597 426 863 913 963 924 837 722 716 916 699 965 446 995 243 644 725 647 821 437 250 907 734 415 961 402 488 632 960 416 970 672 360 377 592 582 861 650 469 321 384 529 622 453 745 559 410 705 429 594 585 743 754 317 831 826 603 727 789 385 903 897 890 383 834 782 341 567 558 284 423 436 684 399 683 663 363 613 948 758 386 432
156 972 734 964 363 845 445 646 556 383 349 319 449 605 340 905 771 399 789 986 893 326 927 418 365 549 621 561 901 280 622 939 745 359 389 732 567 841 311 268 908 982 541 875 297 237 945 677 847 680 700 932 942 735 915 809 367 436 907 766 702 420 904 862 992 266 589 390 285 327 322 993 689 547 393 983 439 917 425 230 588 961 837 673 848 377 827 464 265 579 352 305 884 570 946 543 977 704 289 273 572 300 607 514 851 469 843 569 865 324 736 576 829 511 261 384 948 870 681 303 744 783 725 483 653 498 371 438 239 997 248 290 515 491 263 922 838 782 611 670 603 962 535 855 703 408 978 357 988 740 415 396 963 520 921 284 338
65 431 446 625 475 759 520 692 347 742 808 788 829 668 731 902 870 496 842 360 646 614 353 635 328 628 967 853 676 557 314 677 472 452 813 832 395 270 704 894 839 843 800 760 991 956 807 921 641 427 252 977 246 949 524 658 755 558 768 548 804 411 767 758 939 330
230 765 628 299 526 398 874 531 547 463 563 843 572 327 722 433 301 338 365 960 945 674 450 430 601 313 820 784 417 560 769 798 562 892 446 627 735 506 901 636 402 911 719 598 962 687 675 692 343 371 746 750 250 877 993 678 723 673 832 586 792 713 974 799 658 490 590 861 257 822 422 871 434 517 288 336 883 508 254 997 976 462 244 440 921 405 766 705 592 605 523 651 265 423 897 786 549 880 493 264 716 670 977 793 318 239 902 709 253 558 838 610 479 544 926 642 922 958 952 404 431 924 978 379 655 424 599 444 778 931 266 460 847 540 648 726 848 454 860 611 234 339 640 754 914 676 448 916 940 772 856 854 290 321 957 350 959 826 461 866 790 539 717 442 876 524 695 374 571 771 262 986 919 270 604 873 519 942 971 910 858 689 836 535 814 359 777 579 557 545 679 354 272 283 803 247 681 844 967 252 475 747 514 862 443 946 352 653 886 970 845 909 595 260 984 624 982 421 380 641 357 330 663 297 638 918 732 495 615 893 489
128 620 880 934 445 1000 338 563 986 473 664 312 984 812 927 278 440 541 659 913 923 245 468 722 982 906 713 313 458 948 918 816 603 839 754 335 794 678 631 439 800 568 490 237 520 946 303 949 341 920 768 936 348 379 442 952 886 586 283 359 973 384 635 555 903 791 500 270 759 548 469 614 236 582 428 925 298 250 869 255 375 648 668 483 463 875 756 392 826 418 899 732 990 775 871 336 299 409 406 688 491 363 764 830 232 239 390 589 835 450 814 523 715 569 761 985 451 577 269 915 964 748 924 956 967 730 928 321 494
136 872 365 324 553 335 656 407 893 440 525 586 427 591 237 461 420 808 721 979 408 921 267 870 936 811 967 604 796 513 288 282 361 366 693 773 470 315 293 497 473 311 606 851 896 346 303 417 499 700 545 600 787 401 926 785 894 755 564 234 589 574 603 266 763 676 776 971 642 321 985 498 426 536 730 966 988 500 547 992 999 836 875 723 429 837 396 406 248 352 993 888 932 735 410 686 627 235 582 298 424 788 242 886 302 378 830 332 358 674 374 466 783 571 692 708 305 301 754 974 784 249 794 916 561 930 824 323 247 727 441 698 439 528 548 625 460
97 734 493 347 366 397 541 535 868 386 939 388 391 719 741 819 441 731 721 764 502 786 956 670 863 938 516 271 458 985 273 876 606 615 515 902 267 708 942 589 748 1000 980 344 534 694 704 858 292 953 608 828 343 798 791 480 246 644 539 736 645 551 648 882 733 291 489 917 873 816 979 666 672 325 234 254 393 935 869 669 804 355 922 802 548 836 453 423 497 986 723 732 484 514 840 368 609 818
84 685 625 358 763 481 466 688 429 736 528 327 843 354 715 848 573 382 864 288 879 903 900 505 792 397 624 706 740 714 931 967 471 699 669 516 499 938 578 649 677 839 844 545 524 940 322 953 377 684 293 503 847 636 241 602 662 863 749 278 575 846 331 835 492 428 664 570 564 409 700 837 318 551 776 351 454 917 866 1000 453 718 815 868 680
38 273 561 911 393 722 926 832 410 293 860 890 704 596 956 710 445 706 623 961 992 657 662 379 292 972 958 435 541 419 874 694 434 793 847 479 754 636 271
296 745 326 838 962 900 502 392 870 740 281 756 703 879 980 849 886 378 706 487 852 885 895 346 840 831 906 335 866 442 592 718 957 480 350 329 658 734 927 418 341 390 766 610 328 682 822 934 777 360 362 576 506 920 364 241 744 810 843 917 579 672 944 541 970 537 630 461 711 789 919 388 998 1000 509 949 356 484 607 814 936 661 871 284 296 693 344 702 618 353 272 909 563 892 424 667 739 580 825 985 336 416 717 930 793 608 310 561 899 709 896 526 330 918 433 687 444 761 727 889 302 982 312 901 751 946 768 447 673 742 700 308 625 554 641 904 387 331 922 258 884 257 260 594 979 811 411 285 623 883 928 243 743 355 955 524 430 747 939 954 867 582 795 698 270 343 361 668 881 847 267 298 748 869 914 550 479 507 868 475 455 963 492 784 402 504 913 854 300 269 363 785 253 297 464 659 809 440 670 250 812 332 755 912 677 633 372 817 239 568 950 320 775 508 454 434 965 684 877 585 574 288 788 754 548 991 665 783 439 422 581 488 446 474 794 406 837 792 864 705 600 637 839 471 599 765 476 855 595 583 626 807 570 495 519 782 764 467 520 565 948 945 916 987 468 545 803 707 978 435 757 577 624 606 593 292 263 986 333 443 924 553 925 410 671 590 827 238 415 365 237 726 805 276 666 893 373
22 784 325 987 680 596 795 458 316 613 827 554 505 998 959 317 836 610 893 488 373 980 997
282 740 404 956 290 562 984 763 850 853 818 502 858 756 746 273 516 977 903 620 734 628 277 640 927 777 506 872 742 768 659 707 726 242 418 566 885 410 700 662 710 419 463 407 363 551 457 869 362 616 455 247 581 736 982 414 789 962 353 335 378 639 815 306 623 607 527 901 415 526 673 875 568 769 785 313 426 518 706 490 508 954 261 567 810 801 465 905 254 412 547 965 900 251 445 663 584 577 822 466 401 705 315 377 346 831 770 867 487 305 384 624 324 250 661 703 692 773 864 278 269 459 460 345 795 802 529 980 563 574 325 444 889 842 653 437 499 299 300 310 308 714 549 757 732 699 843 615 248 398 298 627 871 915 894 564 824 316 320 599 660 969 782 780 558 846 708 674 981 610 450 256 704 751 711 638 911 968 280 596 701 582 532 474 461 570 388 792 597 935 859 352 643 764 425 614 496 354 536 538 656 988 379 750 534 677 373 276 427 779 995 307 422 442 347 837 553 361 556 595 970 268 319 696 587 521 798 936 992 246 473 598 709 482 650 297 931 697 517 530 572 267 974 680 552 489 546 478 922 507 863 738 919 717 618 979 804 314 351 484 812 679 718 794 767 265 733 985 303 514 304 826 548 372 433 886 899 882 434 498 678 275 664
167 915 723 699 787 326 282 826 563 758 443 308 736 813 983 662 329 964 332 509 452 303 676 489 317 654 632 765 435 616 639 455 998 642 398 323 644 927 950 846 926 241 824 299 573 864 252 243 958 302 490 389 475 746 822 784 347 732 396 873 606 850 875 990 369 342 797 284 910 849 634 969 362 734 275 591 269 348 486 688 488 405 331 837 242 623 383 712 916 706 922 863 339 604 464 828 415 351 744 708 861 845 274 423 267 434 827 867 615 622 576 851 441 449 322 919 750 470 860 857 687 256 344 355 297 885 316 913 740 594 561 977 975 570 839 341 345 924 419 891 533 503 257 722 397 349 923 315 601 611 756 479 459 400 365 939 469 283 439 743 657 906 411 959 262 613 825 665
140 363 338 318 817 708 718 501 736 290 586 911 995 850 241 767 390 295 618 871 255 778 944 283 714 484 885 683 340 243 349 854 687 838 648 388 536 516 526 342 768 294 695 463 305 680 840 541 943 456 491 653 913 454 370 876 789 631 414 671 793 575 443 262 997 860 924 862 644 293 480 919 594 395 785 466 621 812 474 660 630 599 315 500 650 941 746 568 947 957 942 380 616 640 334 681 569 344 847 658 798 974 391 477 245 964 833 529 339 811 530 766 535 988 804 358 765 863 744 487 300 873 853 727 864 604 906 465 916 419 520 962 519 356 347 796 421 827 289 296 799
118 678 982 551 320 597 792 671 373 412 882 419 536 999 244 316 322 331 844 600 380 862 754 394 765 642 720 693 482 298 911 924 371 588 883 650 299 860 878 337 773 594 922 699 923 670 263 591 966 886 853 555 572 811 356 658 790 267 568 843 566 908 774 486 255 500 625 953 864 413 324 993 375 390 592 668 933 967 898 530 688 640 556 827 694 840 548 785 271 970 541 587 579 477 487 485 342 523 465 540 314 832 471 646 365 926 787 667 969 655 714 758 411 257 315 789 690 386 715
279 522 391 483 250 830 258 353 905 551 561 639 365 689 719 417 423 515 703 399 386 952 877 768 840 566 273 684 605 523 477 846 539 672 411 346 936 318 785 653 575 691 908 965 816 656 637 833 481 757 571 552 904 865 450 590 533 282 629 471 945 828 901 493 673 950 451 852 501 261 807 490 787 845 809 876 626 291 854 385 492 731 652 459 509 853 267 480 697 875 354 980 827 837 693 323 810 312 643 634 562 754 594 297 818 396 796 978 609 902 681 479 545 732 293 834 932 667 314 793 669 251 664 791 742 272 989 421 413 680 959 359 756 934 608 706 373 789 721 741 472 674 526 967 663 352 930 511 376 671 286 603 707 892 338 452 292 315 765 435 496 675 988 436 922 924 879 774 277 556 812 867 357 983 295 686 288 831 623 245 994 627 618 907 331 776 734 999 802 397 486 409 519 677 563 749 911 725 394 624 598 735 990 442 499 412 469 487 377 736 534 733 894 642 482 616 863 607 289 310 662 407 360 984 332 893 931 410 806 362 814 506 269 543 243 342 946 430 265 751 253 839 761 762 665 900 836 565 610 971 655 987 801 925 710 316 977 928 390 844 248 698 274 262 602 933 766 437 860 504 956 531 449 1000 847 699 872 414 715 889
9 285 884 935 669 866 945 289 276 779
13 380 292 528 801 806 362 728 595 671 485 489 297 780
228 677 656 652 956 938 767 805 571 829 689 703 433 498 617 685 512 249 903 449 577 836 681 646 260 611 308 838 895 670 544 284 402 480 569 408 576 826 756 798 552 807 600 602 774 369 332 985 814 772 530 947 902 753 892 839 357 986 594 725 387 282 918 583 883 621 747 922 394 763 374 272 436 490 660 423 910 462 397 333 682 338 377 628 686 806 416 516 698 407 487 875 399 832 709 688 437 700 630 604 900 380 359 296 940 691 812 937 736 873 822 729 386 974 857 808 973 334 427 458 907 776 752 506 719 761 620 847 669 612 740 957 970 872 888 655 312 983 303 783 824 831 944 593 742 554 916 757 850 404 549 633 699 522 551 959 864 791 782 921 813 450 316 451 445 411 391 931 851 750 279 732 584 990 381 447 687 645 345 734 644 817 277 738 741 848 961 472 543 370 343 463 591 1000 414 287 385 412 324 928 886 256 288 489 581 749 565 247 820 434 575 517 648 666 527 676 987 547 339 553 599 964 259 755 972 790 314 671 442
158 913 766 476 541 492 905 856 731 771 657 548 837 388 333 893 303 348 321 565 345 934 560 823 575 858 944 453 911 918 873 895 725 850 602 296 539 543 499 553 941 709 490 428 896 483 469 413 720 451 584 752 599 996 327 536 579 403 685 923 503 697 573 515 505 595 301 283 615 890 556 562 285 852 806 521 314 475 981 393 917 315 431 594 497 816 906 990 317 871 627 481 275 636 417 364 432 875 790 645 604 958 983 613 908 409 659 719 572 264 608 614 802 526 353 250 506 948 593 694 787 570 531 410 868 881 692 853 931 921 737 422 260 794 449 817 603 999 294 682 571 644 473 704 360 788 635 576 745 416 932 807 634 976 286 915 523 639 454
41 405 387 804 627 719 935 832 836 431 256 667 853 872 383 529 997 977 313 983 849 512 908 263 926 361 558 448 859 675 678 494 877 816 344 601 302 440 987 643 291 468
157 839 653 404 341 334 845 489 270 727 975 690 738 543 462 900 377 501 682 967 821 361 915 707 924 701 611 563 308 691 896 595 451 776 923 560 686 907 386 980 766 970 922 474 430 439 677 649 310 304 301 487 820 778 657 350 843 571 305 408 266 336 434 792 578 541 397 939 443 951 787 428 790 780 850 918 976 574 413 828 527 473 609 337 836 494 684 732 797 602 617 990 627 849 818 625 770 452 695 454 840 545 950 697 666 342 352 529 385 561 562 948 521 425 471 803 713 291 409 927 926 959 292 255 312 844 879 669 450 886 800 297 403 513 698 370 610 295 427 531 917 599 893 477 919 296 573 741 464 327 988 935 281 812 813 365 260 662
80 259 874 419 777 810 412 1000 923 578 382 733 807 387 590 695 843 501 356 340 735 587 714 724 429 462 883 743 790 835 303 452 586 771 548 994 954 841 847 535 654 723 274 612 862 731 822 329 341 601 620 482 413 641 799 359 331 690 671 674 488 968 639 493 901 547 392 816 753 635 251 688 768 334 391 927 890 969 532 323 694
227 531 719 575 961 733 847 363 415 496 684 768 474 523 524 967 925 855 263 783 935 545 803 861 945 766 784 422 510 382 458 490 893 541 331 771 923 344 908 977 554 671 725 746 592 822 561 954 296 813 321 782 690 675 888 801 405 459 303 390 586 843 462 956 284 849 898 542 800 748 508 253 693 614 942 750 271 367 930 287 904 887 388 958 356 615 500 984 325 895 809 549 350 351 386 672 971 533 896 288 365 400 464 905 515 635 900 309 318 581 535 699 936 990 799 913 355 473 596 527 752 823 525 621 743 742 613 414 979 343 293 427 868 883 381 626 258 417 739 538 952 962 340 409 326 443 820 711 824 370 821 252 255 853 959 312 955 884 385 1000 275 439 844 551 555 467 618 754 537 889 595 706 431 646 451 712 732 493 793 556 994 674 389 519 880 299 526 897 764 862 610 354 593 460 330 773 425 810 456 642 529 452 277 727 641 717 520 465 828 619 817 872 761 724 578 940 876 329 580 609 939 594 722 985 852 669 265 292
41 619 409 308 922 705 255 498 411 983 869 873 427 448 401 636 379 581 294 880 615 587 659 942 821 265 746 491 923 525 549 743 654 645 836 626 739 480 902 402 412 425
105 656 889 265 969 981 888 965 373 880 320 826 540 289 381 466 441 892 685 338 459 808 700 694 951 787 333 660 791 418 793 277 647 920 805 486 480 435 637 570 275 702 469 522 659 302 315 499 716 519 890 626 376 474 817 767 907 558 574 719 502 343 378 812 699 529 272 367 545 935 488 818 711 551 526 553 365 786 680 809 726 613 917 757 743 530 882 874 323 958 294 318 926 484 454 449 439 902 335 782 339 447 755 388 836 410
285 464 752 741 255 476 815 763 696 948 388 373 465 405 303 984 622 537 292 968 645 269 677 803 974 320 481 843 310 480 873 339 850 650 626 670 427 261 283 694 797 578 796 538 530 573 926 357 406 806 844 565 866 599 833 711 543 598 282 404 683 587 628 470 561 727 309 608 838 757 660 568 638 506 349 841 972 894 539 920 665 893 913 522 729 386 917 328 294 765 407 705 953 580 722 391 749 640 807 266 567 735 828 368 490 384 905 655 801 707 704 692 374 747 513 570 614 823 649 270 569 907 493 381 661 376 688 871 632 929 699 927 673 267 596 574 875 908 460 925 656 771 592 606 835 581 995 415 503 621 900 817 821 834 556 494 710 994 955 856 346 789 439 804 940 408 583 685 572 633 285 792 782 326 336 664 750 690 589 260 451 365 885 846 719 411 516 329 959 740 560 679 469 832 500 275 390 550 672 657 825 743 845 462 473 753 720 344 466 930 432 689 434 426 897 433 906 517 723 444 709 681 819 502 324 291 1000 651 422 409 527 467 289 839 319 636 668 620 933 535 870 523 861 654 279 520 393 296 363 923 775 342 360 777 758 485 878 265 430 847 595 579 274 784 348 497 868 854 366 979 563 680 896 790 440 302 813 601 658 779 860 726 855 697 477 316
295 580 895 615 451 734 391 764 574 966 595 542 521 829 792 787 738 604 972 558 272 381 656 395 973 767 839 305 640 956 844 328 661 740 821 383 434 562 698 805 401 303 708 923 943 650 511 858 309 613 904 711 547 626 938 871 780 531 718 262 706 679 584 431 423 605 964 354 289 304 551 452 677 285 680 259 315 372 896 268 794 527 638 811 880 591 999 366 482 648 890 341 644 763 552 419 672 276 465 969 742 645 840 376 599 587 612 658 831 363 543 283 443 842 905 621 983 409 548 696 968 830 311 286 510 600 263 538 986 362 371 725 979 833 334 812 318 461 292 312 779 403 887 961 641 428 939 565 559 761 707 275 430 369 367 301 639 578 425 435 332 271 783 415 520 997 388 654 448 459 345 766 453 682 715 789 490 743 716 769 911 614 629 389 566 410 954 643 471 526 948 609 347 468 433 541 546 307 865 632 958 365 652 940 869 898 735 361 776 386 931 598 529 749 585 544 635 396 385 663 993 843 460 333 607 399 727 775 532 804 603 924 793 917 406 753 846 560 705 368 683 744 508 704 777 464 659 466 261 364 407 537 593 445 412 685 741 316 536 912 660 838 463 495 818 768 505 485 674 486 847 291 828 570 746 504 478 984 479 522 841 441 900 800 513 355 534 929 739 627 758 288 864 487 439 382
175 382 693 648 540 316 633 312 279 694 326 767 552 828 629 922 876 319 391 466 989 858 854 544 436 645 289 752 901 655 679 872 988 535 387 845 528 396 643 578 918 857 709 640 293 956 749 700 726 738 457 581 665 923 366 516 256 991 979 557 762 416 353 990 899 687 377 873 589 756 659 343 736 336 307 887 439 881 961 584 514 389 506 859 712 906 939 508 401 330 596 610 262 821 612 258 948 632 951 787 666 744 658 985 882 720 430 820 527 703 814 493 829 615 675 603 646 669 348 298 597 301 347 618 711 295 920 327 796 907 558 986 576 657 465 908 513 662 740 952 905 741 292 267 477 286 788 479 548 888 379 889 364 486 861 955 739 408 678 815 704 698 976 757 874 978 866 424 600 969 594 628 647 852 488 399
68 648 591 813 369 257 920 432 864 604 950 638 788 565 364 983 886 952 967 323 783 285 620 761 621 279 843 781 719 471 901 556 614 897 808 882 465 717 516 652 571 363 399 493 576 622 398 476 608 295 774 422 466 929 686 854 975 381 488 357 438 299 562 848 857 340 861 281 258
259 579 918 631 604 363 307 316 436 595 567 848 679 877 650 691 944 314 411 757 889 685 852 599 537 949 421 613 715 891 916 633 535 339 996 542 357 858 961 870 700 575 925 994 862 847 804 806 1000 347 375 723 911 423 942 722 769 995 935 473 969 620 811 271 430 565 899 678 288 291 586 480 417 687 596 418 393 426 964 490 903 429 260 782 327 675 788 328 335 502 705 442 402 576 634 406 893 508 849 798 913 364 397 661 570 784 860 478 846 686 713 368 754 632 746 646 590 332 882 979 285 503 859 265 680 729 803 297 400 751 952 489 946 592 320 380 707 539 636 974 627 333 871 628 696 873 336 796 325 531 524 699 888 734 837 455 296 399 462 580 289 766 451 264 709 282 341 443 748 716 694 413 303 851 771 585 643 432 275 721 884 545 387 358 623 401 560 583 292 775 273 652 777 915 767 340 467 469 483 664 704 511 513 283 693 311 644 591 839 459 900 639 302 656 735 816 404 869 629 270 688 801 258 506 857 914 562 259 498 343 482 290 383 896 630 841 512 747 647 781 552 354 855 892 299 522 843 742 954 807 818 533 640 975 930 556 711 603 563 874
162 509 695 960 814 523 706 505 668 985 910 431 638 497 532 733 802 962 775 863 647 498 263 907 577 674 271 618 515 900 973 836 763 533 677 529 780 879 462 954 414 531 264 976 656 307 527 524 591 857 971 835 450 621 430 878 905 566 828 704 666 432 816 603 687 314 442 796 889 583 388 730 378 339 593 709 500 732 979 363 359 392 612 480 641 949 742 822 683 501 303 427 831 946 323 824 482 813 637 340 705 625 356 820 419 966 457 365 945 366 549 351 901 521 735 607 681 978 554 643 578 839 381 957 461 304 678 874 455 883 936 534 1000 697 343 865 354 738 370 408 537 628 652 275 739 585 302 416 385 922 332 897 994 990 856 470 786 952 347 906 915 293 853
265 441 930 659 568 581 407 298 726 960 690 501 541 570 932 904 953 564 406 975 504 883 353 703 398 728 878 871 539 796 747 834 337 679 882 285 872 376 888 648 328 553 403 364 457 910 301 391 781 489 775 283 443 572 314 697 367 967 927 550 485 898 579 819 939 850 836 753 754 405 409 884 559 393 355 968 408 436 744 973 865 548 803 752 363 534 329 662 671 859 510 426 271 825 707 695 687 447 907 948 345 741 299 844 542 556 576 739 341 527 868 270 497 378 618 525 330 935 454 537 430 293 464 952 900 791 308 310 970 470 634 651 352 487 702 721 349 261 841 286 856 790 385 934 332 612 429 276 656 280 982 644 558 552 415 294 879 992 705 484 987 773 915 478 482 517 360 720 588 894 676 655 853 947 468 463 383 395 434 998 615 919 870 675 467 458 379 892 956 518 788 392 300 766 462 421 452 751 881 895 481 573 799 988 700 792 646 498 359 476 574 600 505 265 961 311 368 950 991 667 343 774 297 807 855 966 450 820 990 710 937 273 538 326 911 826 290 555 384 267 811 597 860 417 428 786 356 862 848 823 449 396 887 640 767 709 854 496 759 840 532 260 830 864 598 979
77 667 399 909 305 888 977 675 654 976 570 458 704 489 752 539 567 831 983 872 540 902 615 710 309 453 291 917 768 970 266 711 885 790 445 294 598 356 974 637 636 907 847 856 465 490 826 556 396 931 997 623 308 913 817 364 971 312 621 647 742 714 849 626 368 915 624 772 432 358 472 708 282 726 517 393 409 583
48 902 894 264 706 857 303 289 939 640 977 655 324 644 460 367 341 773 665 809 500 613 552 467 565 984 578 564 742 870 477 388 468 986 474 931 519 975 798 514 662 489 597 306 996 710 789 338 525
265 296 424 565 931 486 274 881 482 616 332 503 546 267 375 851 361 374 441 691 385 965 712 599 526 915 364 814 298 475 838 744 585 478 269 281 445 956 769 617 873 300 477 973 266 664 882 308 360 570 828 770 625 771 396 353 523 532 651 536 729 943 953 409 581 783 749 367 816 676 662 682 685 933 758 963 794 855 560 778 519 283 703 942 284 802 587 506 955 276 282 400 824 972 767 713 887 839 950 464 896 823 319 677 782 563 935 977 740 607 929 964 720 920 807 775 892 369 620 748 286 774 551 738 550 732 888 485 494 719 322 820 800 903 718 766 690 987 657 847 291 508 528 447 649 928 561 355 371 863 736 661 272 630 408 726 846 694 805 531 488 715 812 393 394 874 555 539 310 614 401 501 481 934 922 817 629 462 669 683 947 427 548 659 307 571 737 487 869 784 727 559 333 335 755 623 962 832 295 325 448 917 976 788 871 419 831 911 961 793 602 687 930 710 777 327 640 885 365 264 898 842 866 870 960 878 404 725 728 821 373 351 280 340 315 721 688 610 705 437 495 287 622 329 840 760 453 611 845 843 313 764 799 613 993 299 288 639 533 575 415 524 320 265 316 497
256 458 599 806 397 869 929 469 330 297 765 921 666 803 888 901 757 727 537 364 350 656 847 686 855 479 641 572 804 492 489 976 283 814 775 886 561 955 363 404 655 432 455 422 460 335 904 501 602 685 631 895 348 669 876 982 564 894 989 928 340 935 649 943 661 787 728 516 323 377 719 742 764 534 553 416 942 688 994 290 893 962 730 302 396 371 748 919 758 834 810 327 471 556 305 352 859 644 509 444 883 314 932 355 750 456 285 965 817 361 695 436 665 866 690 518 788 491 411 763 969 960 568 621 597 824 296 850 358 544 552 521 420 684 799 535 265 917 266 760 845 270 527 365 836 601 522 985 577 375 586 794 987 511 381 607 514 958 634 542 670 749 961 823 699 925 983 523 441 554 793 944 447 598 933 998 549 759 548 789 606 512 979 608 975 673 467 448 809 507 802 409 515 394 603 359 446 504 916 638 645 725 774 860 344 275 309 362 878 331 271 292 590 930 347 885 927 743 311 622 679 268 640 785 703 336 981 274 434 571 466 308 472 370 483 973 971 864 632 583 611 769 840 746 771 830 510 482 818 423 617 470 486 610 438 738 710
111 585 577 347 549 580 835 317 598 584 728 685 419 547 339 887 967 987 621 699 563 686 438 906 374 433 929 448 410 780 813 753 508 473 497 516 744 913 334 465 787 871 843 360 680 359 590 498 888 568 988 836 741 774 495 280 725 706 818 386 634 926 594 379 591 935 646 420 644 762 536 514 859 792 643 504 781 507 266 999 791 723 424 766 722 315 431 898 941 626 727 883 877 328 989 915 268 459 566 373 442 364 902 523 802 666 641 613 556 527 271 274
182 271 776 629 492 937 534 587 981 446 450 809 617 899 845 322 710 795 608 638 391 775 925 585 816 388 872 861 631 835 451 582 570 463 894 568 661 596 615 486 484 737 540 630 993 305 367 569 888 602 444 941 914 583 561 554 764 665 980 619 268 318 936 294 781 326 424 448 452 577 813 296 804 732 445 996 898 550 705 458 459 726 354 733 991 970 947 415 840 758 718 351 699 340 719 285 648 427 456 352 567 994 792 401 517 707 440 382 413 607 308 740 511 501 712 811 810 497 542 676 658 465 692 989 547 856 691 950 939 754 431 789 428 289 460 905 881 535 783 749 578 325 685 286 952 762 780 766 678 640 779 655 430 652 900 530 532 883 394 725 927 807 621 333 383 746 806 812 635 968 288 410 734 878 773 639 962 541 518 622 697 668 449
206 479 371 830 734 888 416 993 852 605 453 945 412 775 731 382 617 576 960 672 459 798 895 308 567 592 659 638 507 703 580 269 833 702 651 915 743 890 406 512 326 718 842 537 277 418 602 505 469 478 647 885 980 715 908 569 431 484 282 747 329 390 694 552 810 477 866 321 271 355 338 370 762 739 791 367 387 487 532 545 657 894 758 683 700 519 501 541 447 577 642 839 950 947 333 963 533 943 510 867 362 822 796 275 802 934 790 737 546 697 600 773 824 427 783 624 954 759 770 898 923 518 522 939 468 330 358 865 590 526 504 456 400 405 485 568 860 353 652 805 666 609 582 801 384 544 971 870 396 755 902 517 511 414 488 984 539 813 627 815 594 986 276 689 612 838 879 655 760 372 992 394 729 445 380 630 746 644 899 292 732 310 466 661 562 587 719 653 584 597 782 623 417 972 542 929 419 987 458 893 341 673 816 352 964 869 806
76 815 285 768 823 462 423 992 531 272 839 781 901 493 471 573 851 948 655 395 435 936 527 844 475 873 548 418 357 345 278 980 394 494 906 516 974 747 320 545 830 469 982 419 925 890 857 614 916 632 955 303 733 510 365 542 876 329 421 503 795 296 473 984 316 722 460 715 599 288 445 725 671 668 998 590 971
238 674 844 577 545 590 969 788 365 807 529 881 472 387 516 960 343 354 783 587 691 830 391 535 785 802 989 356 929 438 947 578 495 314 622 860 444 351 534 993 831 977 591 931 916 928 675 302 848 697 427 686 934 936 317 700 846 628 776 492 400 589 305 288 731 540 437 806 500 526 878 469 779 372 789 705 988 600 774 467 282 962 978 809 833 436 547 682 992 308 357 530 681 792 722 511 862 404 754 278 755 892 908 946 457 270 430 281 876 994 561 546 778 984 463 332 981 655 732 299 520 974 566 757 650 333 311 765 874 767 493 352 673 367 507 810 684 668 337 606 713 550 816 595 407 790 315 490 424 653 832 597 510 782 439 716 318 850 570 923 677 309 922 285 926 649 432 403 911 575 274 286 866 327 388 666 828 532 615 473 459 458 316 986 656 599 588 564 849 347 920 865 571 812 633 769 910 528 764 326 938 693 770 503 609 334 290 374 592 331 443 897 963 768 907 525 383 476 552 826 692 613 704 380 421 903 417 811 386 642 306 758 657 355 627 521 987 335 773
203 902 497 626 729 962 772 904 942 903 912 634 684 1000 668 327 960 323 584 984 714 986 783 956 967 376 434 314 464 723 555 498 551 293 442 300 780 355 698 475 655 857 627 619 329 661 836 920 755 928 653 737 549 396 533 299 745 310 452 970 477 957 726 413 695 641 438 841 644 454 824 553 279 733 446 487 560 997 572 302 556 439 926 682 910 948 665 734 929 994 486 974 400 776 489 306 616 541 505 907 436 618 391 531 398 352 511 837 340 564 814 911 506 493 403 873 377 767 798 819 459 277 976 384 307 980 332 875 784 694 625 842 998 687 654 773 862 936 651 433 683 876 717 479 605 877 853 958 387 620 656 827 647 532 577 281 739 585 557 410 629 545 751 449 688 536 432 637 676 847 315 373 821 455 720 811 645 451 961 704 884 395 870 872 795 547 617 834 287 930 467 753 885 427 273 563 666 530 878 810 568 992 356 542
116 679 373 303 415 616 622 890 348 889 949 838 854 281 422 966 424 696 392 661 670 832 519 803 691 512 338 853 388 485 634 377 546 518 816 905 824 615 567 666 858 962 379 953 444 565 675 814 836 295 815 568 409 293 755 747 559 692 474 489 603 359 607 285 957 643 784 351 985 582 383 613 834 447 459 709 918 405 382 463 483 545 657 840 798 812 821 627 958 876 839 504 760 534 556 837 283 944 964 817 590 498 923 768 852 726 902 402 354 910 886 975 972 418 561 564 579
215 860 354 480 755 932 907 527 952 703 762 501 742 990 999 874 561 623 857 460 334 854 770 291 375 544 595 564 573 306 855 940 473 435 735 751 565 436 429 682 497 886 662 713 765 559 873 488 679 786 982 881 454 303 508 685 808 408 824 633 879 797 369 506 474 553 830 791 851 294 812 690 734 918 458 772 672 578 937 947 395 708 289 694 416 938 463 819 550 392 450 298 827 787 739 584 640 540 346 592 631 902 729 985 423 456 301 876 378 915 630 935 523 914 816 536 362 833 338 297 618 807 328 617 976 707 528 407 968 852 624 615 717 434 405 651 862 983 384 882 632 427 337 942 492 710 600 905 810 351 352 371 525 504 568 696 649 432 776 276 738 741 499 612 837 606 789 519 956 505 756 469 654 396 481 834 613 928 723 318 784 531 757 295 639 461 308 507 418 800 861 498 673 758 532 740 358 646 614 452 828 836 960 389 345 412 547 747 316 611 795 700 943 749 848 644
36 755 869 917 636 411 587 446 841 730 910 565 901 517 872 447 813 397 811 668 393 832 630 383 681 529 786 712 660 394 586 757 761 623 777 922 629
47 398 417 687 444 870 791 525 962 640 760 378 488 335 339 811 793 313 431 748 717 766 480 829 828 320 628 615 842 801 357 323 413 860 328 692 834 920 390 893 281 803 511 774 416 520 557 683
85 644 730 862 327 291 280 731 497 997 773 338 591 894 517 871 391 650 848 424 695 694 553 513 519 831 960 337 994 925 469 577 907 703 770 637 667 288 322 467 336 534 361 293 909 457 735 944 680 706 326 936 279 963 956 282 404 554 996 797 901 571 387 486 636 834 444 858 659 420 408 653 618 303 752 583 324 529 966 651 676 727 767 916 705 509
293 628 790 444 698 637 617 383 926 974 597 905 822 392 335 784 308 570 684 603 1000 368 882 964 696 709 304 518 359 848 658 406 298 417 739 829 845 576 653 609 598 888 483 804 403 795 937 856 619 457 293 641 857 360 377 850 305 531 378 682 960 978 409 588 878 437 493 700 818 989 460 586 479 770 551 379 910 890 727 446 796 278 517 421 456 334 547 702 640 659 951 387 897 286 450 532 610 635 563 685 867 758 347 924 812 557 521 512 915 384 533 621 652 580 657 921 742 949 614 663 660 322 312 837 876 506 585 454 381 549 962 543 439 502 783 934 726 777 401 558 651 567 362 938 331 647 473 361 769 680 616 526 814 472 952 782 374 720 821 303 467 645 376 644 445 970 565 556 509 992 289 771 615 564 885 489 935 440 601 750 332 296 697 412 625 967 550 838 893 578 995 738 792 624 554 482 326 744 752 546 441 900 508 887 587 806 809 284 638 385 941 357 842 898 535 911 490 458 605 947 983 510 388 465 424 480 980 453 759 516 340 691 734 929 351 484 901 939 959 825 997 438 982 892 730 708 595 315 675 555 292 756 754 799 276 969 633 389 345 287 611 747 428 884 948 853 488 630 476 386 787 674 705 455 529 459 788 622 918 442 953 725 824 743 957 300 545 993 712 540 433 920 678 569
267 322 923 751 368 291 385 974 577 880 381 725 338 917 712 459 700 354 788 531 642 475 969 490 687 533 388 831 279 956 701 398 884 716 904 339 793 823 430 932 659 525 810 432 453 576 592 481 471 874 332 905 781 937 519 304 947 943 394 631 434 802 764 786 685 994 515 277 447 478 607 516 723 522 693 562 999 585 982 660 499 733 552 901 717 601 532 563 437 964 598 695 455 821 861 373 755 345 427 397 990 963 865 798 925 360 696 673 722 307 449 661 957 419 370 333 574 740 759 557 734 406 382 340 488 456 894 344 668 679 900 564 774 638 767 706 977 914 899 933 944 521 762 808 691 805 777 966 472 497 817 909 600 680 580 853 857 724 629 567 799 657 688 606 968 311 440 635 641 349 790 792 288 995 780 561 888 410 836 301 308 343 988 965 814 871 565 346 336 752 556 559 960 489 466 378 868 588 972 929 392 323 547 501 699 708 536 523 473 882 841 441 482 655 628 443 683 620 316 327 285 867 778 451 851 910 566 958 970 973 776 390 847 939 429 479 617 815 572 399 543 803 377 510 396 549 542 505 329 613 335 541 450 416 800 289 654 278 766 518 826 791 811 797 912 321 653 614
58 516 335 763 924 299 323 746 294 855 664 640 972 327 1000 945 776 421 342 914 442 714 740 842 967 997 416 878 307 418 362 359 744 703 304 634 938 534 348 397 932 793 297 618 476 998 436 859 389 466 443 334 899 542 517 587 388 865 996
237 558 655 976 309 365 347 526 306 609 954 297 304 867 763 504 602 568 554 950 664 955 375 624 831 604 989 612 466 515 578 922 493 331 561 635 592 627 332 573 621 834 675 691 962 361 354 400 553 829 901 711 882 921 961 752 477 751 736 973 982 529 725 792 960 420 820 505 670 284 608 825 975 628 369 687 413 648 996 472 649 362 322 337 702 292 557 427 683 394 454 296 582 355 392 572 844 944 747 865 824 828 441 286 280 937 703 746 335 938 894 551 293 714 530 957 550 924 498 740 723 728 450 376 425 835 814 342 880 860 300 382 494 653 966 701 936 405 918 416 470 889 842 352 870 866 902 968 748 410 659 580 396 926 799 759 372 430 695 910 449 511 783 456 991 771 596 338 856 523 845 744 326 350 798 490 534 811 414 373 336 932 391 721 468 663 471 575 871 737 671 443 940 863 506 722 319 990 715 366 522 978 531 622 888 403 423 993 987 329 803 462 349 673 794 790 398 911 970 992 884 598 652 290 776 684 781 804 605 935 601 429 753 885 502 386 594 893
291 408 992 500 807 881 505 343 724 543 356 793 376 404 620 655 291 882 727 612 977 930 542 994 379 488 708 536 758 688 348 704 968 656 674 960 703 979 561 491 436 810 308 738 438 444 664 502 579 956 290 390 857 687 473 433 825 788 552 388 562 725 400 830 920 437 371 865 641 665 712 900 506 779 466 781 386 520 969 797 864 756 777 748 844 835 413 432 624 329 483 575 928 567 608 422 441 551 714 295 303 813 672 340 301 524 921 718 317 957 331 478 988 339 455 573 402 891 288 314 931 740 757 862 842 904 782 598 602 633 850 606 393 816 932 922 487 429 980 311 615 814 405 507 821 498 854 984 378 282 407 568 746 773 749 820 345 990 775 940 398 916 454 828 328 396 347 976 583 367 586 434 822 824 894 846 481 372 557 723 693 893 495 831 671 966 908 326 692 787 476 919 430 335 952 650 717 377 658 728 337 540 768 342 924 700 461 563 902 360 853 811 332 426 953 636 794 299 937 452 352 982 713 492 465 747 837 682 890 595 544 954 649 411 959 827 826 720 926 532 319 800 293 614 989 566 729 739 770 302 878 716 917 929 428 330 817 514 999 626 829 795 755 318 676 678 879 610 401 357 839 533 925 792 776 872 659 545 513 316 981 880 711 801 892 440 784 375 449 462 582 321
264 299 439 990 401 380 788 407 416 965 875 617 512 897 896 779 970 804 563 682 924 417 707 953 917 345 680 506 853 734 327 984 842 894 648 335 546 855 614 801 336 598 967 452 455 342 718 604 999 943 300 880 559 650 913 446 827 425 983 706 593 413 322 820 717 606 870 851 635 863 373 889 385 581 616 307 518 876 577 757 806 980 723 476 914 464 995 888 441 283 632 553 526 596 631 748 810 840 292 564 691 942 973 607 780 503 622 346 993 489 582 422 930 549 479 348 397 743 732 347 890 400 532 951 878 891 369 372 668 519 922 482 551 866 317 834 456 744 368 963 948 672 921 393 805 505 469 340 686 811 440 568 873 301 739 547 466 612 508 770 958 437 916 725 493 483 601 594 602 633 298 824 389 807 861 536 653 711 528 449 862 460 497 765 658 370 643 334 996 364 396 514 488 344 534 314 852 448 294 938 626 445 773 471 453 931 716 390 750 795 350 375 877 776 789 677 430 909 419 823 442 305 338 321 374 444 762 599 330 490 825 325 768 603 535 641 881 808 959 745 954 462 420 533 363 625 477 529 935 937 615 521 669 774 655 871 343 702 747 858 572 848 481 1000 869
284 464 868 300 889 839 833 321 999 469 798 328 751 477 704 606 962 829 515 590 308 826 552 487 954 932 627 566 426 973 762 360 805 885 561 480 399 383 741 938 618 488 503 572 334 791 900 613 410 331 907 789 891 508 433 689 670 970 818 971 369 435 359 852 553 319 934 313 703 901 646 624 649 914 292 655 535 446 753 562 854 827 943 761 483 788 739 775 955 737 921 640 978 648 554 427 481 332 591 679 950 567 692 795 780 506 520 715 311 485 645 422 623 468 478 288 846 779 980 683 723 861 732 849 711 650 834 402 563 769 546 525 376 790 1000 961 684 423 299 721 327 707 758 871 307 589 343 537 672 897 760 397 724 743 491 490 429 411 504 820 966 497 996 759 896 974 716 489 382 524 702 470 439 888 722 720 352 776 560 659 930 629 809 910 461 750 787 936 416 543 611 607 911 565 875 857 669 309 373 513 398 923 803 610 865 531 905 604 982 522 570 917 631 637 838 597 756 992 991 661 988 304 920 785 641 450 837 952 401 693 796 317 540 584 626 925 568 822 595 807 797 764 516 514 364 519 647 972 616 744 294 392 878 928 338 674 644 350 870 851 283 511 378 819 366 467 577 792 749 680 337 783 696 635 694 355 841 533 956 806 507 512 502 763 351
131 486 748 672 829 573 641 939 496 831 930 710 343 489 704 509 832 841 934 994 733 537 682 963 684 415 373 854 800 725 531 790 834 347 768 947 553 312 894 417 664 948 656 839 388 483 919 422 845 912 750 302 445 290 739 309 331 627 622 361 452 797 310 458 379 857 414 577 416 858 993 396 355 765 385 453 328 943 688 985 484 298 581 913 817 398 360 370 702 944 364 630 527 402 938 852 959 557 665 715 695 1000 793 436 692 493 875 613 781 311 980 989 600 413 567 853 605 443 997 970 727 861 851 308 548 601 920 700 634 741 657 620
227 292 289 667 790 921 902 552 625 798 916 633 427 750 829 795 334 683 338 654 459 724 796 296 747 695 730 926 601 999 772 701 350 327 621 784 585 834 426 287 376 309 357 649 760 583 411 340 966 447 410 880 787 847 764 668 993 813 478 600 948 933 844 546 469 801 473 359 845 802 825 603 958 673 968 414 653 405 474 408 990 670 417 494 827 650 501 576 748 671 809 835 710 656 697 561 495 681 848 481 972 465 974 792 512 743 935 979 345 564 493 952 738 500 647 906 299 375 721 594 574 401 317 833 698 940 578 865 527 996 685 904 294 973 407 558 776 870 837 992 890 453 637 613 934 525 761 555 907 385 502 860 910 982 891 480 862 631 866 584 306 775 347 402 978 515 665 766 599 838 765 905 678 560 941 579 627 753 778 285 611 371 623 290 660 477 645 451 805 831 383 528 439 706 687 839 553 728 307 989 924 714 590 736 301 339 305 879 800 529 591 517 713 349 364 361 980 320 302 869 975 715 711 412 684 419 709 888
46 318 935 343 475 677 395 433 772 612 545 499 434 490 519 302 789 820 776 401 806 826 290 870 839 959 891 961 862 497 770 325 837 617 461 969 711 947 479 913 590 631 662 470 544 491 814
32 487 297 720 290 539 429 530 559 914 589 997 901 873 855 897 932 906 291 519 347 982 445 430 499 578 992 999 894 301 958 333 874
144 834 683 881 579 395 426 986 696 478 459 546 522 384 575 803 958 685 432 775 407 648 732 821 623 948 390 681 543 662 379 959 995 385 990 676 540 647 562 723 818 975 605 699 907 464 343 966 507 341 375 931 969 891 290 414 631 388 799 866 409 542 973 391 309 979 654 344 943 939 652 765 961 738 523 607 369 768 612 911 377 711 578 332 588 852 650 600 386 704 798 679 749 968 859 842 747 993 566 560 561 885 695 640 625 794 544 700 712 951 653 606 985 872 926 774 442 626 532 687 657 495 586 942 572 771 865 308 434 597 752 556 399 728 355 585 404 521 427 590 503 817 884 669 806
277 720 880 374 421 828 796 600 814 568 728 973 301 637 465 459 567 513 316 435 599 780 343 573 349 766 694 862 505 445 842 867 633 659 649 298 835 383 727 404 621 560 717 813 839 616 314 743 832 925 699 777 575 644 365 844 888 415 366 323 564 569 437 963 370 943 756 933 817 597 592 903 726 475 360 574 372 371 878 397 498 332 824 551 406 875 809 709 610 319 429 603 708 440 300 367 471 495 458 434 591 749 939 413 512 896 997 695 436 937 358 364 474 771 982 767 481 645 924 740 334 538 317 782 718 768 467 638 414 679 606 964 529 891 689 811 641 733 882 921 586 667 834 295 856 683 327 408 681 614 453 776 960 304 296 648 402 986 496 775 702 764 706 672 996 508 482 379 715 927 531 460 399 750 520 355 652 734 967 441 515 548 433 918 461 468 802 934 922 830 392 965 359 532 632 337 928 391 324 758 661 581 936 291 911 779 755 579 730 741 470 609 897 974 989 774 976 576 711 425 712 539 405 781 887 854 784 500 914 497 545 944 696 302 808 361 890 479 526 739 488 552 668 612 678 847 981 884 553 647 336 815 380 344 394 541 442 628 407 608 950 635 455 666 620 700 752 401 723 912 816 701 490 840 838 852 398 916
227 591 794 764 382 971 663 645 421 718 375 526 757 746 687 627 466 451 886 707 899 875 870 428 320 855 904 301 778 878 622 566 400 540 596 848 830 341 978 628 612 654 961 927 686 557 853 483 377 719 863 363 376 755 427 777 903 937 371 866 693 756 822 297 372 523 361 650 780 460 763 888 685 660 689 788 579 364 462 790 562 474 999 938 453 884 916 847 694 877 458 874 394 800 397 452 340 1000 944 589 518 303 456 915 752 370 404 398 714 968 538 919 391 954 815 291 528 489 942 343 616 677 386 844 998 799 842 796 307 643 834 702 996 519 403 922 630 941 935 600 873 733 809 532 580 739 564 476 467 638 979 347 950 587 814 449 613 495 567 802 552 641 314 318 835 956 471 918 408 816 412 405 949 441 715 647 338 295 854 447 740 985 342 633 695 829 674 329 988 741 522 402 542 365 367 610 311 436 655 736 323 409 390 902 373 862 568 900 326 836 336 322 317 410 583 865 513 967 310 560 820 776 577 463 637 747 723 294
265 856 923 535 679 415 653 533 621 908 690 862 716 656 837 898 853 464 804 438 586 787 492 903 930 425 408 838 540 762 436 745 925 846 575 427 659 452 381 881 984 869 618 728 597 661 359 481 857 894 545 613 751 445 462 606 413 738 981 581 799 504 513 826 340 685 761 429 968 729 673 655 727 813 517 803 949 979 553 821 725 705 888 419 999 819 538 763 792 646 971 476 634 328 569 632 629 642 432 674 555 567 867 698 624 706 568 764 843 335 367 522 459 915 446 663 293 830 691 310 962 753 534 458 386 361 460 633 290 883 778 757 385 810 842 488 451 825 717 493 377 920 892 840 334 591 952 623 733 345 470 926 815 680 483 294 422 499 337 614 620 314 537 809 877 596 828 651 714 927 467 342 625 682 730 417 957 948 875 639 336 721 449 360 515 672 913 347 710 416 963 935 759 776 590 480 924 525 395 916 426 953 737 463 992 442 635 437 306 754 582 602 911 406 885 917 396 781 645 303 298 693 951 683 868 414 747 577 485 954 404 905 572 1000 939 864 631 647 390 806 322 988 311 440 697 660 990 519 836 945 667 630 487 955 947 530 380 524 542 637 784 319 870 876 662 960
208 464 393 561 978 805 714 738 858 778 559 763 348 690 542 310 991 632 817 985 802 630 427 545 579 564 672 884 677 382 973 666 536 848 463 979 506 992 735 571 964 460 296 543 554 459 334 825 876 662 569 641 938 799 906 627 650 877 873 663 807 977 669 309 859 336 843 453 369 417 342 466 592 684 570 996 935 792 791 437 866 580 954 845 940 652 640 516 788 754 418 658 540 922 934 577 718 699 887 524 879 568 756 617 588 971 867 395 920 837 863 686 706 628 511 500 674 610 902 556 531 608 926 354 370 301 710 504 319 732 883 852 416 927 998 731 719 442 875 408 708 462 606 961 415 589 994 907 358 664 668 768 481 680 308 535 637 345 446 553 752 955 692 364 905 986 379 774 618 651 815 558 567 742 597 983 600 819 646 638 694 619 720 656 439 578 405 469 479 931 347 432 521 303 814 870 806 341 644 725 861 827 943 963 530 355 385 673 367
278 778 521 815 400 298 648 404 399 762 450 518 915 601 841 880 746 568 388 888 462 472 698 882 895 770 966 576 544 997 515 379 483 351 970 611 951 610 312 676 743 479 311 982 595 660 545 838 819 403 754 740 973 761 593 940 517 542 301 851 945 919 932 477 481 881 583 692 765 731 738 792 558 423 580 933 343 671 696 584 884 492 969 766 943 638 360 336 503 401 485 934 747 769 452 955 491 418 936 432 600 715 942 412 366 528 446 424 776 567 623 694 855 419 539 863 840 510 667 702 530 632 457 658 609 415 820 469 493 506 532 526 681 809 556 486 725 361 434 836 721 682 806 362 935 728 636 586 866 693 324 854 801 958 845 668 442 861 975 607 654 892 661 961 338 909 410 371 821 978 578 859 779 874 964 499 376 903 396 896 656 689 441 619 546 606 860 810 775 382 524 697 782 608 436 342 829 657 350 647 984 389 511 901 910 835 837 305 879 384 928 304 652 695 316 828 924 805 572 967 482 755 703 906 846 986 827 759 451 626 980 476 520 872 489 454 802 417 635 791 347 480 772 352 529 714 513 716 370 783 726 742 634 320 938 729 554 675 463 824 582 631 547 509 927 440 732 629 497 817 349 777 842 596 674 355 971 864 359
144 430 858 509 461 734 345 955 803 722 458 605 439 667 507 987 488 609 470 594 445 344 487 678 749 944 714 812 834 782 310 676 946 661 852 840 454 436 349 897 648 953 900 466 384 963 556 297 504 853 545 876 411 489 788 879 397 977 312 861 828 844 949 389 849 548 543 371 936 823 432 456 478 780 882 293 950 433 924 327 723 872 966 360 956 569 601 357 702 975 690 836 364 330 452 447 477 303 913 795 365 581 731 922 811 672 315 736 412 464 408 770 442 379 911 521 819 595 998 426 346 790 942 406 787 390 968 542 806 331 469 800 385 709 535 475 321 713 457 659 527 903 670 891 931
274 482 850 871 464 975 716 896 528 461 931 563 405 486 529 722 610 390 895 774 475 813 678 434 915 829 704 869 786 668 672 831 676 321 844 778 439 887 673 428 487 516 776 350 904 830 856 603 819 492 703 648 876 626 982 470 890 738 579 701 934 804 549 472 385 824 569 592 604 677 867 355 327 442 462 802 720 433 789 699 634 606 412 308 935 907 453 570 389 835 335 555 583 973 644 564 809 313 868 438 406 719 416 449 684 961 400 525 388 688 587 948 666 377 787 810 918 694 897 964 547 734 795 726 647 333 670 436 881 978 602 481 480 798 342 908 655 645 857 419 585 304 873 796 652 838 803 358 568 924 324 527 410 307 730 848 981 577 665 298 945 959 317 415 418 397 932 627 737 724 661 559 957 513 916 567 822 713 615 363 763 657 965 806 580 886 906 467 791 680 683 452 297 740 494 537 485 375 430 990 773 764 889 614 491 424 432 922 690 533 834 511 801 373 330 506 917 409 312 870 812 493 991 983 600 641 541 546 578 687 997 364 998 749 898 392 323 980 843 733 616 805 441 903 756 565 345 566 820 847 832 296 391 590 899 594 833 531 989 671 625 380 489 646 573 927 343 399 986 854 417 411 956 337 371
207 432 354 374 666 906 741 788 837 806 867 852 990 310 640 462 776 905 726 385 957 671 914 375 461 331 753 983 431 972 754 482 821 339 342 319 295 571 931 661 827 859 819 495 572 812 329 546 761 880 845 676 882 815 366 360 950 752 934 485 347 900 487 871 720 831 662 415 438 669 619 348 974 600 986 877 886 577 318 457 527 626 982 384 615 748 958 501 736 783 414 313 823 400 299 860 396 584 330 665 427 636 832 936 672 599 658 519 659 357 896 895 743 639 451 312 335 954 889 987 498 445 945 492 855 998 829 835 303 483 298 813 966 963 614 420 703 647 441 551 321 544 576 334 328 399 470 723 706 538 618 881 949 657 301 504 965 539 491 629 878 876 692 536 843 416 773 390 465 677 873 844 858 511 469 514 888 787 960 874 597 473 605 520 587 828 565 602 490 613 537 638 386 745 885 805 840 719 933 800 608 731 650 777 750 604 534 722
155 806 530 877 747 388 686 601 584 491 414 319 582 789 303 496 442 600 549 797 702 432 564 583 706 923 901 399 347 580 567 811 408 539 311 759 683 421 329 522 965 631 595 635 679 857 690 944 998 569 585 465 415 411 808 907 599 626 915 443 302 586 731 887 938 893 800 949 886 525 532 560 309 895 703 437 739 681 738 513 508 436 592 863 588 589 796 775 368 997 641 576 383 493 507 669 445 873 845 718 945 326 450 572 891 823 297 498 755 337 735 492 884 544 540 809 956 785 836 770 889 397 958 603 336 376 548 653 960 470 434 298 615 420 327 529 943 563 744 466 531 908 521 487 463 566 362 651 618 879 859 308 761 427 475 499
162 523 552 358 657 356 444 559 360 535 963 808 477 694 652 795 537 744 724 734 983 447 715 485 706 373 546 887 709 348 880 748 699 411 577 743 556 757 536 298 926 934 590 793 716 865 992 575 942 487 453 959 982 733 383 471 850 664 507 623 659 347 780 710 703 363 339 878 851 496 539 678 481 673 700 856 768 595 997 328 909 786 615 612 435 749 499 805 562 875 436 554 532 801 614 640 698 719 497 677 787 379 374 555 688 560 797 663 745 961 605 365 855 666 672 609 860 914 895 513 571 459 778 918 465 833 815 686 561 631 902 943 779 517 509 470 896 359 899 742 912 405 622 304 439 384 957 415 376 695 355 738 1000 635 354 966 394 628 935 771 763 311 489
186 552 456 684 319 920 762 897 602 618 584 713 409 925 406 492 687 506 931 783 660 882 691 335 653 673 493 597 839 608 890 587 742 698 517 666 926 458 938 534 992 741 325 546 544 924 298 644 524 661 987 598 764 535 971 659 813 600 970 435 736 665 620 394 322 358 860 320 443 838 964 714 843 636 807 864 945 536 421 642 899 772 949 773 774 695 434 532 334 803 460 377 781 820 934 498 861 965 656 657 913 826 856 516 607 563 407 960 599 916 471 966 559 623 338 370 993 757 561 737 507 533 988 564 954 812 789 509 929 551 556 739 903 876 645 333 805 638 304 906 596 404 921 380 900 923 347 622 667 881 489 452 424 947 845 392 819 484 378 323 480 685 432 487 467 722 894 817 359 997 441 311 478 414 416 438 488 702 898 731 528 379 802 650 388 832 835
95 518 307 914 775 937 471 993 492 530 411 606 667 744 580 953 829 986 982 328 602 918 393 859 681 409 631 823 789 949 928 382 938 932 632 651 347 974 511 477 959 895 504 578 689 376 450 340 344 536 787 538 333 638 955 745 979 465 385 308 972 944 402 871 654 434 790 371 459 987 893 348 443 650 940 529 952 822 992 525 954 314 948 973 656 421 896 826 793 522 867 776 882 544 601 977
217 535 579 773 811 998 799 624 385 594 465 860 913 401 958 996 990 940 498 805 845 640 528 551 864 421 746 857 768 526 324 816 397 372 312 869 395 338 949 547 782 656 534 831 544 531 351 973 615 665 761 992 985 496 486 560 682 952 969 770 960 442 891 868 596 653 495 730 762 667 995 738 376 916 618 781 365 842 643 744 459 839 797 759 603 988 380 934 500 941 984 558 791 745 476 880 642 900 734 752 907 901 760 461 785 930 715 614 938 676 400 908 854 404 489 588 708 786 384 986 944 810 763 767 479 313 549 454 937 787 878 936 961 883 402 801 559 850 778 574 893 814 352 997 494 550 681 890 820 449 663 714 874 668 357 433 824 610 300 597 921 981 473 863 684 613 729 607 409 369 720 542 756 414 458 441 451 840 967 939 680 948 666 713 631 340 620 741 881 651 423 669 508 834 310 497 545 911 567 685 504 903 904 602 818 415 336 568 695 396 722 435 716 679 727 733 871 429
292 684 586 805 423 557 987 808 335 893 361 850 580 623 831 572 669 408 852 550 485 629 348 791 917 511 497 496 702 698 813 613 691 414 330 593 587 573 357 865 602 839 783 699 922 463 534 933 578 746 643 789 456 315 700 415 301 916 756 393 517 451 427 661 747 792 760 324 368 452 999 407 435 769 961 911 594 988 338 665 754 867 1000 501 337 325 636 480 773 882 612 896 401 308 915 333 717 546 901 800 704 689 935 654 663 532 977 875 528 615 984 392 542 472 421 869 775 312 902 962 904 549 888 641 786 589 634 703 625 726 766 890 824 914 943 951 881 885 650 673 695 419 359 651 990 513 590 826 331 371 862 720 434 712 351 417 541 358 748 685 996 370 630 376 305 719 626 444 941 765 910 657 656 701 443 491 768 761 568 610 781 399 340 804 622 887 466 952 660 638 564 681 879 378 567 413 729 321 906 751 647 442 346 601 672 924 803 834 998 644 666 909 843 450 880 827 743 980 314 524 482 512 502 653 645 847 812 686 921 475 851 551 925 787 903 969 993 596 432 571 454 360 525 856 533 369 801 400 598 477 731 566 422 846 877 820 449 982 504 832 667 639 349 490 821 809 523 767 470 599 498 810 974 611 742 379 907 486 575 981 583 614 494 373 818 353 448 545 334 341 863 332 945
294 383 539 648 980 758 801 757 780 427 461 396 338 934 367 816 442 706 639 415 526 947 596 594 653 916 940 739 419 717 543 737 984 669 870 738 728 922 326 314 479 895 749 686 446 305 475 319 500 337 488 924 963 327 886 710 629 938 460 569 534 356 885 625 799 977 841 701 733 770 944 332 369 465 921 510 311 582 735 662 971 531 881 631 997 504 783 990 975 463 501 796 931 696 366 830 953 535 857 848 401 889 823 642 845 349 659 520 773 766 936 328 805 718 912 578 506 835 622 598 329 954 499 323 573 478 719 564 581 494 633 867 472 798 747 397 970 1000 707 481 656 420 321 808 826 387 777 609 651 908 872 523 553 751 985 755 612 400 541 620 507 468 880 943 402 519 784 786 587 308 825 851 746 929 585 384 304 322 628 668 725 434 989 325 961 995 966 473 979 834 883 865 807 486 949 933 650 802 619 536 879 605 761 422 679 654 320 965 819 861 856 846 972 684 538 438 310 732 433 775 525 336 771 956 380 324 937 313 409 709 907 917 546 951 491 621 795 406 346 355 994 643 437 948 365 682 690 890 878 792 377 565 920 528 645 577 413 593 926 720 489 958 793 759 411 589 959 765 836 768 810 550 552 364 671 624 983 864 741 962 745 877 616 599 723 950 462 694 476 557 562 392 833 675 540
86 810 803 348 401 343 966 706 593 743 382 708 346 980 380 424 581 387 531 640 788 710 846 733 548 629 323 558 467 686 470 465 702 759 426 326 557 324 423 983 740 495 483 969 863 386 956 480 815 901 864 444 757 641 719 318 945 667 987 842 691 776 729 765 883 804 520 342 427 887 734 538 752 851 417 871 408 539 612 502 974 675 965 477 789 762 890
107 576 626 585 592 528 731 389 781 805 984 848 505 605 780 530 366 897 900 909 934 307 415 602 404 919 657 610 460 820 677 907 327 811 921 357 765 542 653 686 916 651 352 451 565 340 312 417 775 902 319 810 634 776 524 426 666 469 700 891 501 481 882 544 354 974 714 738 504 935 326 609 777 901 398 607 623 925 336 515 330 570 853 482 395 878 705 966 541 801 438 433 401 868 733 732 362 672 739 335 715 804 579 779 694 726 572 803
209 534 942 597 398 357 316 447 358 776 420 780 319 533 803 528 620 665 705 463 586 649 911 522 623 960 811 406 730 653 679 622 320 493 530 817 502 865 369 924 819 359 555 652 857 646 317 694 870 636 689 866 625 327 735 629 948 618 612 339 667 845 917 479 307 869 482 848 587 759 325 341 430 558 489 439 928 552 513 791 998 645 721 698 907 989 769 877 806 890 351 498 855 909 793 773 677 740 832 490 929 615 567 314 557 330 538 954 805 639 915 496 400 596 777 685 318 937 448 991 880 914 897 519 781 399 486 723 662 632 764 849 453 675 451 863 935 905 551 681 499 834 977 601 892 841 461 512 802 982 610 656 874 311 454 938 480 605 414 939 333 912 650 987 784 722 804 800 990 424 546 709 826 943 464 473 758 706 693 961 797 544 770 600 854 360 475 957 967 963 571 584 381 643 785 756 509 541 876 699 624 744 342 446 824 595 946 425 921 428
84 670 643 959 466 696 547 356 602 399 750 759 320 391 587 627 898 746 559 484 498 762 338 601 579 745 724 730 552 330 757 694 781 614 880 892 495 803 786 666 915 516 808 843 958 526 884 990 735 600 626 636 672 805 871 975 591 416 899 649 368 818 774 625 454 679 478 960 821 878 686 336 370 813 572 396 554 315 367 512 307 928 716 496 453
83 891 315 568 334 934 621 967 351 832 605 475 545 977 872 909 899 701 525 820 989 662 516 873 741 405 672 775 708 377 986 881 618 496 532 750 529 823 840 679 946 779 606 816 628 395 933 809 573 965 638 432 666 942 653 373 500 925 559 523 572 311 772 438 362 895 815 948 767 600 491 540 308 346 987 307 704 984 722 528 969 826 626 630
247 346 914 321 597 973 967 821 583 589 518 696 416 318 377 383 894 443 734 392 390 900 326 382 337 722 773 594 371 601 995 641 951 871 620 446 505 328 365 354 683 763 651 834 426 478 792 618 375 338 450 982 713 739 872 755 993 421 919 441 880 701 671 666 687 733 801 985 874 402 855 466 933 850 990 504 837 347 531 388 645 499 503 679 797 447 943 452 483 955 536 424 761 964 569 427 360 537 456 660 869 976 757 962 625 700 827 376 857 806 876 461 563 384 565 528 956 364 607 610 415 506 630 612 725 484 623 480 323 457 496 791 715 698 529 600 915 459 632 366 738 969 688 451 432 887 664 554 398 707 412 986 727 420 460 813 802 591 826 481 335 647 714 804 889 745 974 646 626 522 387 972 352 394 595 849 917 987 582 546 988 925 920 838 845 650 418 556 530 904 890 852 608 570 741 884 911 875 836 924 667 332 374 400 787 853 527 661 746 524 717 636 475 793 847 803 937 510 445 562 902 699 957 842 684 370 898 979 320 899 975 843 817 319 709 656 740 648 622 469 509 814 585 315 947 840 672 473
71 348 443 732 666 941 511 316 432 440 674 528 321 494 974 778 616 536 319 487 594 967 343 386 540 570 421 793 916 853 864 706 309 801 450 939 524 733 461 783 460 925 702 457 315 695 684 478 543 954 332 470 734 381 333 911 804 411 416 551 311 610 634 377 780 819 828 740 678 986 728 629
188 386 336 431 667 927 772 388 312 597 866 613 551 412 449 513 986 458 519 744 338 969 527 750 583 984 377 787 660 470 380 757 451 900 561 421 843 625 730 839 648 557 490 709 879 357 942 854 453 726 324 568 335 668 343 598 929 951 948 975 415 930 426 803 581 871 522 584 487 432 788 694 708 967 963 399 391 910 825 402 528 620 537 861 776 990 496 523 846 404 714 538 941 847 884 705 920 607 710 768 575 356 397 766 657 804 510 989 783 831 728 756 438 616 405 347 697 563 690 371 789 384 932 649 387 334 964 342 850 806 540 681 956 707 781 318 485 778 352 414 994 424 665 615 700 800 931 367 864 369 355 693 959 835 902 530 925 683 543 777 480 341 435 639 782 882 471 593 721 447 609 541 517 702 486 747 673 894 476 869 886 943 320 801 880 443 916 441 440
70 787 545 843 429 836 714 867 599 497 766 969 313 440 590 316 415 964 801 684 644 856 587 645 522 926 327 993 875 425 691 981 885 375 992 728 566 614 786 411 486 930 938 640 709 760 380 521 967 460 414 719 986 737 931 726 538 528 671 899 340 796 755 741 908 773 955 827 935 631 474
18 318 637 711 313 524 477 515 552 793 488 372 461 452 358 406 810 925 718
255 777 878 746 334 549 597 692 329 666 781 715 679 635 763 646 504 424 832 464 690 402 438 507 394 949 691 511 596 712 810 408 831 951 703 755 318 622 915 797 803 633 413 574 737 846 749 610 477 583 355 669 683 698 403 696 821 765 963 335 853 523 938 991 601 544 994 649 694 847 472 721 886 502 454 525 389 757 381 756 840 851 658 500 862 328 893 729 789 677 839 609 517 873 675 444 766 734 393 835 488 650 608 456 567 547 717 984 552 570 877 374 558 399 784 976 625 809 813 554 837 825 330 473 536 680 801 909 496 368 819 681 346 996 884 606 443 676 807 480 672 416 460 849 956 1000 619 932 794 988 401 924 674 931 719 450 883 879 795 415 493 322 975 816 907 319 771 678 792 351 628 400 354 551 664 829 826 618 467 419 347 751 764 353 384 555 348 313 718 470 760 793 620 461 974 887 563 356 820 651 386 412 653 804 921 716 758 688 425 811 798 508 815 564 344 711 627 990 370 881 640 553 926 423 531 919 345 943 871 714 752 978 427 980 736 937 528 530 566 895 668 774 948 830 392 634 823 958 952 759 630 660 336 663 916 579
59 626 423 452 948 951 835 564 954 743 432 778 625 401 798 333 347 923 496 901 559 370 560 982 969 428 617 795 406 586 332 436 696 508 606 702 784 611 378 577 860 426 624 405 958 392 579 491 468 615 431 751 881 574 388 379 845 918 738 420
162 652 495 326 496 412 949 771 705 497 721 498 387 907 658 527 416 688 889 860 913 931 569 968 482 397 525 798 957 494 808 980 342 574 669 840 389 855 593 990 319 493 386 956 736 563 571 465 745 754 454 714 923 973 328 458 908 983 466 338 757 915 334 444 356 682 566 511 760 473 463 755 471 679 626 719 815 933 893 706 583 325 872 595 726 729 522 514 401 363 599 959 718 479 971 396 557 888 519 979 538 504 974 811 445 961 627 765 864 813 467 437 481 920 535 972 861 786 316 462 767 709 414 376 383 641 394 513 344 910 812 742 739 408 370 707 418 672 500 925 894 879 655 892 716 446 506 551 914 380 647 524 747 710 384 610 715 817 883 880 814 821 609
23 613 566 515 828 443 846 852 755 394 569 796 966 658 480 437 425 577 791 948 772 971 484 764
280 797 391 542 508 362 379 723 746 603 358 491 432 669 998 438 530 521 940 989 654 782 454 844 937 858 760 962 991 581 954 910 672 340 894 416 931 878 724 323 682 598 961 849 641 713 344 900 872 355 888 407 562 616 905 772 921 545 994 551 696 690 394 691 425 535 326 453 808 756 363 532 580 618 560 685 941 365 460 647 814 680 770 804 431 703 897 915 385 523 497 360 378 674 799 410 800 963 613 661 812 364 715 576 525 558 318 564 751 404 630 584 767 736 846 522 655 375 932 678 617 662 320 706 867 803 467 821 455 393 504 742 462 942 354 546 595 339 621 605 370 506 433 870 787 614 513 848 710 671 977 479 970 993 966 446 435 979 625 478 737 901 602 644 324 972 481 586 839 321 624 843 456 549 629 777 349 753 675 600 967 401 728 509 441 779 784 604 569 361 837 694 959 886 650 733 411 519 838 687 653 544 434 667 780 712 701 547 978 688 882 748 791 458 708 744 518 899 457 382 968 541 806 731 488 414 336 501 995 976 884 345 698 971 859 461 819 740 348 794 768 880 477 471 510 935 656 917 980 565 533 726 371 677 862 805 871 553 473 609 857 636 665 529 649 332 795 988 835 786 495 926 773 387 484 486 949 390 490 758 413
201 580 429 945 796 737 820 395 687 809 347 667 526 543 523 507 628 870 816 648 777 806 605 985 744 342 453 993 572 955 826 433 662 415 583 711 588 725 785 765 888 676 810 379 402 864 600 593 404 877 804 359 421 996 636 780 934 847 677 409 374 747 739 625 774 522 856 521 823 987 537 917 612 824 885 592 731 718 866 754 590 540 336 653 875 663 617 670 691 783 998 581 450 660 799 594 721 576 668 452 683 363 451 462 935 671 926 502 419 966 842 499 348 390 392 848 362 827 775 515 444 969 346 520 889 693 524 849 726 544 371 611 538 319 423 835 621 869 384 861 654 417 756 984 839 950 408 443 335 720 742 582 844 325 690 458 766 769 326 504 961 821 715 562 689 850 368 334 928 472 939 595 684 530 728 994 781 1000 495 814 829 788 972 533 992 460 547 730 818 631 922 957 666 732 938 800 551 329 831 714 482 575
25 976 871 721 467 644 981 794 811 714 429 575 917 836 699 390 399 819 522 966 916 458 626 344 767 995
182 987 434 450 973 618 944 619 745 575 519 555 762 682 893 799 413 332 780 582 878 499 957 419 828 358 456 979 368 953 389 966 967 679 692 683 472 906 669 615 352 636 528 712 662 627 767 861 846 484 882 451 446 905 910 494 820 589 429 894 713 673 811 638 699 489 694 468 334 902 402 444 923 781 540 723 598 583 930 680 550 321 326 536 885 605 578 554 630 399 588 467 908 824 383 574 639 471 437 466 523 946 872 561 486 791 702 795 733 514 738 859 737 635 980 989 356 822 586 718 665 862 968 914 387 552 837 921 818 696 808 838 830 330 453 716 506 603 401 753 802 890 926 566 975 851 719 560 491 892 441 324 705 416 390 889 393 684 710 385 664 360 512 392 976 747 969 797 590 958 570 616 964 477 788 403 573 348 563 497 474 919 476
218 569 983 812 658 954 734 497 837 584 384 380 722 525 417 427 708 981 483 572 773 379 412 671 775 870 871 725 811 627 999 777 653 873 400 411 745 656 323 800 541 372 586 757 779 657 646 930 596 673 543 582 609 618 820 352 752 720 487 846 815 507 730 408 842 669 817 393 672 915 387 630 733 633 455 526 496 750 518 619 480 495 890 772 791 677 668 926 868 532 814 799 922 451 712 551 368 740 839 899 788 425 711 813 617 538 944 467 421 894 980 706 682 759 955 967 610 847 920 328 390 661 459 988 739 688 503 597 395 753 499 972 878 687 731 603 958 571 959 676 995 383 558 923 675 469 615 909 429 982 826 835 770 430 736 629 804 607 339 883 998 802 744 439 341 828 786 606 531 856 553 534 388 593 579 806 693 366 874 409 865 527 732 550 349 405 501 642 583 447 841 1000 947 624 361 997 908 363 776 452 689 932 808 502 756 792 686 434 749 880 407 466 695 570 989 849 555 850 990
77 501 881 417 482 669 462 606 324 400 351 753 807 476 647 681 683 540 772 437 886 985 878 619 404 651 879 922 659 542 778 990 420 940 955 442 347 859 908 367 514 403 486 512 387 386 754 568 974 752 323 477 503 567 427 999 749 853 914 502 397 883 869 796 667 496 432 718 795 991 959 978 997 539 776 705 459 362
232 406 693 799 654 648 499 652 858 655 769 489 729 798 917 443 644 575 364 861 948 707 888 353 484 641 700 396 556 749 750 686 453 374 773 716 934 606 862 867 471 860 414 675 740 507 347 439 640 949 786 697 851 796 579 385 559 480 665 389 560 891 919 936 426 897 508 768 399 787 775 525 845 408 411 591 407 659 813 444 677 739 633 836 896 427 838 646 462 994 513 558 835 653 452 871 943 542 338 539 505 518 855 461 370 846 348 864 807 535 327 770 699 498 490 706 791 526 477 724 456 843 753 383 632 531 637 520 879 379 857 890 828 666 605 715 790 460 696 405 743 335 822 611 440 326 657 849 342 566 784 712 825 904 698 351 650 805 714 764 832 616 576 519 596 742 804 741 751 417 736 469 734 412 834 727 570 562 540 496 537 797 358 474 446 608 884 993 386 581 541 694 544 975 973 527 701 625 339 645 615 985 684 935 651 842 360 719 809 545 703 369 763 938 325 457 642 747 848 534 942 555 927 631 487 946 856 968 598 323 789 705 600
287 480 753 562 434 921 885 637 641 829 672 700 797 570 602 644 424 348 622 662 676 497 349 454 631 721 657 997 852 443 975 458 736 680 508 727 883 979 380 907 596 868 483 698 673 535 505 580 887 487 953 929 981 971 358 750 414 626 537 865 620 837 619 519 447 668 463 978 564 690 939 799 607 503 554 575 383 551 729 522 590 987 847 791 689 407 481 905 438 410 606 336 401 633 530 525 751 455 998 957 936 695 820 492 776 451 873 567 563 640 390 566 343 782 928 464 756 725 340 863 512 614 761 368 932 803 656 391 709 851 666 965 832 363 647 860 425 629 856 960 332 502 449 875 771 538 830 985 946 511 648 534 423 969 995 844 550 862 431 592 582 735 356 869 719 781 900 777 963 337 381 611 739 649 429 442 416 948 523 841 533 418 755 742 517 421 617 670 950 906 737 783 568 510 371 876 362 595 588 477 749 616 625 686 800 413 879 526 515 968 466 717 469 446 809 400 453 976 471 835 765 741 678 722 811 842 812 490 393 966 684 763 870 827 462 903 347 524 769 798 461 574 681 986 603 861 479 540 724 601 822 802 661 600 531 547 482 489 578 366 367 411 703 325 548 645 716 738 935 891 583 708 475 996 874 924 814 815 378 324 784 726 474 828 817 983 361 788
224 889 779 326 589 530 830 468 419 681 594 485 745 352 964 644 834 970 669 733 328 330 753 678 817 891 878 711 503 519 455 646 380 516 828 803 649 862 493 580 698 748 801 486 566 524 344 520 454 496 712 735 342 770 367 549 705 488 435 626 593 777 411 564 429 425 346 709 540 384 857 397 602 572 465 609 972 948 414 377 587 951 663 567 903 582 494 936 389 919 721 551 674 692 406 430 740 345 417 404 767 606 807 979 702 480 653 479 811 565 729 879 581 341 469 812 522 363 922 374 542 758 533 398 895 449 810 541 905 641 750 635 391 980 825 491 440 987 370 805 662 372 596 396 329 630 701 350 369 876 965 428 460 824 924 632 768 418 983 836 444 899 619 738 618 718 747 375 954 752 579 422 497 526 792 757 325 688 848 886 559 780 627 645 852 360 547 851 481 528 773 621 421 680 413 786 953 543 598 676 723 376 347 459 703 617 502 515 667 863 874 477 554 968 446 532 378 405 766 946 672 648 607 918 829
112 558 538 396 615 596 514 856 616 386 606 689 440 743 428 798 793 363 644 424 411 466 557 532 337 812 374 539 632 951 862 882 329 722 973 946 759 825 706 908 554 515 863 693 870 747 923 419 349 990 638 454 480 578 714 471 479 912 594 966 914 733 593 919 777 723 530 598 418 813 426 527 840 929 941 338 879 522 779 332 443 458 899 891 707 605 823 670 781 568 528 847 561 968 887 398 800 330 939 860 826 628 565 658 592 470 450 871 901 639 896 788 399
97 384 398 416 506 536 913 548 885 446 889 462 526 827 507 834 475 562 391 911 930 805 856 422 780 955 781 689 405 406 797 721 742 396 650 329 675 455 655 770 574 594 382 744 409 468 787 657 353 662 997 745 337 836 330 895 803 720 361 489 691 484 757 723 328 659 729 430 769 982 964 953 1000 472 569 830 500 785 716 700 553 684 705 335 530 926 583 931 482 610 504 971 741 800 855 832 795 494
267 367 898 459 543 736 835 692 834 964 621 517 344 680 847 787 760 914 850 957 843 801 579 592 547 568 652 749 578 380 675 352 908 790 832 505 705 630 852 655 763 961 586 822 461 867 576 719 544 923 731 374 501 538 605 329 873 553 818 528 845 871 954 993 814 331 771 958 748 342 947 398 399 411 659 724 437 694 752 998 946 450 881 564 634 571 431 704 575 387 804 753 926 713 888 709 417 433 365 416 637 985 715 482 720 477 685 402 900 373 627 354 802 955 611 537 589 451 519 369 480 929 595 996 839 540 597 716 677 928 911 651 440 432 649 658 729 833 625 379 811 457 795 609 396 624 870 351 340 967 372 769 783 739 999 817 356 792 384 594 493 508 383 693 525 332 777 336 683 874 904 992 581 549 427 827 560 454 741 535 877 439 886 435 642 496 533 969 500 546 420 902 712 973 778 514 378 556 375 953 882 572 807 513 536 821 678 939 742 377 971 797 348 577 688 977 509 430 641 530 906 825 738 932 872 855 409 489 995 350 750 681 471 602 347 614 682 866 386 566 734 552 791 865 794 557 441 775 390 840 960 813 983 582 803 785 472 601 633 887 883 631 421 419 1000 463 612 606
72 736 929 921 570 885 597 376 456 932 980 861 658 330 642 627 534 585 470 366 832 764 705 623 772 403 872 472 425 992 651 677 984 611 591 809 750 573 895 635 645 562 834 453 552 770 686 911 876 717 797 374 522 531 378 569 587 584 420 682 390 494 753 558 335 807 373 998 716 459 445 942 882
19 333 508 920 901 998 981 801 383 857 488 754 371 999 385 812 486 902 750 995
202 854 477 958 695 727 334 588 630 331 411 685 547 375 622 499 886 335 688 648 541 862 808 677 994 698 415 950 813 577 871 692 782 428 650 939 602 398 938 553 419 722 554 843 395 527 351 665 909 644 719 970 842 642 550 687 672 736 510 600 540 626 942 573 417 837 546 635 814 889 975 453 480 556 963 422 778 770 618 720 627 724 932 649 679 561 861 997 676 703 819 429 656 363 408 995 423 796 459 443 513 446 733 794 908 976 926 713 728 730 801 964 718 732 875 659 874 639 447 852 925 404 517 508 820 406 951 412 333 380 922 858 777 894 497 827 911 652 579 524 424 413 381 670 954 485 729 696 401 893 533 856 776 421 585 991 887 771 707 438 376 640 923 927 669 971 984 345 440 905 740 966 810 623 924 372 826 584 921 368 967 914 571 824 631 982 551 391 933 811 693 651 488 352 936 599 836 781 739 865 985 645 434
248 420 944 410 851 491 654 652 809 555 588 908 552 354 807 523 702 663 547 638 511 837 413 498 966 793 650 726 833 422 772 580 720 703 599 802 351 860 940 967 755 561 594 786 865 775 665 782 596 916 677 368 791 346 472 938 446 560 499 950 395 441 366 408 434 623 954 914 609 712 713 928 394 889 513 334 664 874 633 502 934 586 639 461 965 810 415 843 853 464 349 939 770 458 842 398 866 683 760 735 572 405 660 765 925 468 717 604 504 436 352 573 544 474 979 676 462 385 521 817 337 864 512 619 955 447 675 444 752 750 406 590 647 522 740 974 497 450 566 711 992 428 899 969 557 932 814 401 670 359 709 583 477 551 671 812 384 645 540 968 657 443 935 636 625 668 989 852 662 364 601 476 489 963 390 516 685 696 451 378 510 571 919 371 439 679 376 759 655 407 836 907 923 948 803 891 882 774 515 549 871 546 637 789 797 626 459 826 749 630 536 686 487 435 898 361 535 495 412 417 341 339 684 879 724 903 409 927 768 562 695 970 635 642 457 690 570 868 380 920 883 887 959 396 621 520 858 953 397
113 932 551 976 888 977 945 935 458 788 647 927 964 958 525 547 872 636 447 673 347 480 981 558 774 988 660 593 351 855 739 520 471 515 908 333 508 831 754 882 482 848 434 511 791 562 783 540 701 961 534 778 684 590 714 755 914 918 907 418 691 405 683 693 852 702 790 707 521 634 643 367 375 954 685 692 358 348 549 680 674 993 666 960 542 971 763 745 728 933 452 633 864 421 849 770 354 374 412 334 782 974 751 830 886 448 438 365 401 344 709 455 696 975
192 779 491 931 423 844 968 384 438 693 629 749 874 955 531 792 793 754 521 599 623 957 347 767 733 746 845 361 989 727 345 556 930 658 643 639 471 922 344 582 595 633 486 934 456 614 903 921 619 403 743 781 753 371 337 385 550 495 846 492 607 342 552 909 372 537 401 340 551 863 702 728 387 579 951 880 916 482 510 502 475 406 849 882 388 542 719 945 760 897 507 374 640 956 737 961 503 656 748 661 868 499 410 539 455 818 798 671 819 786 979 441 451 736 982 600 498 554 907 821 416 994 493 604 523 383 632 618 983 560 946 964 449 650 718 445 462 662 536 435 672 370 714 399 657 573 831 375 628 726 782 960 865 711 948 665 680 675 376 400 365 689 617 592 919 378 800 866 673 976 940 419 395 452 472 368 762 520 513 558 751 772 349 722 942 814 437 546 585 707 415 828 875
113 380 339 859 550 797 830 408 449 878 990 763 920 558 603 903 799 904 549 346 680 649 804 842 377 557 414 354 505 776 488 586 861 949 946 907 991 823 573 982 673 941 708 635 598 834 934 341 365 978 642 813 985 493 681 469 460 995 480 677 425 958 593 893 705 889 686 356 961 515 841 453 902 564 870 869 400 756 743 420 793 455 916 882 873 383 394 694 404 654 597 701 781 416 451 762 833 863 773 898 795 660 348 838 736 638 468 374 531 646 741 536 523 780
188 875 416 484 584 673 694 959 607 725 674 884 990 836 384 410 961 922 894 492 800 483 823 668 627 871 701 573 495 593 863 629 609 991 780 578 630 737 903 577 468 806 755 713 760 893 349 530 779 759 983 956 671 793 664 960 572 704 915 967 711 840 808 562 913 534 689 414 714 784 637 383 787 552 377 531 753 616 978 745 365 773 934 697 437 652 830 470 448 828 533 938 707 411 372 824 817 360 520 781 428 818 727 845 348 653 394 777 842 408 403 519 965 997 709 399 890 465 677 899 702 865 392 400 655 471 501 482 591 706 420 889 973 859 681 660 472 877 861 599 930 439 900 879 625 979 735 809 942 583 815 528 822 797 807 554 1000 610 445 868 569 586 802 924 864 490 980 648 883 461 575 765 601 994 688 923 658 605 791 761 382 933 555 473 642 513 617 881 721
11 619 673 776 417 783 914 672 781 511 478 755
9 920 468 881 656 713 454 509 503 825
6 564 493 728 343 782 532
83 992 829 841 401 585 547 587 848 599 936 904 840 515 875 402 695 778 704 420 866 533 862 501 980 995 378 466 918 916 944 714 423 742 680 561 838 479 965 715 690 497 483 351 836 359 959 896 548 961 760 667 538 884 903 621 638 736 375 559 784 473 389 802 777 969 453 839 774 768 990 731 856 412 677 663 921 361 966 823 647 989 521 452
21 494 936 809 757 768 386 934 920 408 378 702 618 886 600 844 638 475 935 587 392 994
207 390 589 757 623 512 588 569 802 514 740 383 697 676 649 559 564 497 668 583 495 526 979 704 400 528 408 816 870 585 989 692 841 576 525 467 641 695 881 852 376 401 977 454 666 584 481 580 423 746 385 356 706 398 898 635 625 980 523 726 444 632 453 407 519 653 835 801 554 798 967 890 661 491 888 725 912 698 458 615 578 795 571 542 778 878 426 970 409 675 822 915 435 577 466 973 809 593 830 877 767 594 799 610 857 359 765 529 892 378 995 464 955 651 998 984 515 981 565 506 793 373 431 702 620 562 345 639 439 871 476 404 710 842 432 486 382 937 928 680 501 630 976 872 891 863 854 361 819 733 991 402 935 434 946 956 367 784 815 930 743 992 700 533 896 758 413 498 827 543 393 468 828 933 831 465 940 792 369 966 924 674 601 683 616 926 734 739 762 492 613 520 882 424 371 768 965 357 808 638 975 425 629 807 694 755 779 953
288 600 780 656 377 863 929 988 966 985 432 921 864 580 755 662 389 922 485 852 806 932 523 394 868 483 962 598 551 470 440 971 849 972 510 724 413 449 851 992 679 933 571 946 442 458 721 603 745 720 495 685 845 815 601 599 365 357 850 506 694 659 665 610 647 785 894 454 967 813 557 771 914 800 375 794 737 690 927 923 766 998 447 535 797 556 955 400 986 528 427 948 846 732 756 696 505 686 807 555 954 875 829 605 476 672 925 395 424 378 542 364 451 708 371 613 552 472 522 425 515 486 638 788 703 501 820 646 464 774 536 717 468 494 915 995 754 935 943 709 963 446 939 718 674 691 484 579 591 477 607 814 969 531 840 563 488 631 934 572 469 964 642 701 448 859 983 585 795 435 959 373 936 420 856 877 886 715 950 643 657 692 881 879 759 764 746 744 491 439 730 757 873 380 791 789 358 415 704 796 989 768 723 423 569 444 530 867 438 982 700 602 743 431 604 534 459 799 661 508 577 635 682 824 628 854 827 905 752 559 833 937 539 433 761 406 711 712 527 592 819 805 871 509 430 588 616 858 567 564 778 767 684 480 779 916 671 651 808 619 822 739 996 968 362 790 706 582 798 369 401 688 910 363 812 655 818 960 578 763 990 471 500 773 844 473 407 735 537
144 914 939 809 464 352 395 739 631 811 698 965 424 649 477 711 598 966 669 603 397 803 755 680 596 568 824 684 436 378 388 917 759 431 985 819 662 832 626 385 844 652 538 696 428 411 745 927 984 546 512 396 671 710 785 800 640 862 519 408 503 693 752 855 742 615 461 780 415 973 629 499 789 777 533 409 633 663 675 798 644 575 933 823 959 467 765 761 783 949 401 991 557 400 539 705 886 940 736 781 703 863 747 941 977 788 590 367 614 699 616 833 946 887 404 882 552 345 937 520 897 372 355 894 873 734 913 952 642 847 730 494 381 561 617 804 556 513 903 600 916 630 992 573 999
169 355 700 504 888 991 706 474 663 900 859 373 590 877 481 919 677 818 832 938 813 609 939 679 611 480 401 507 835 711 632 974 395 982 1000 999 823 831 985 836 977 686 725 567 964 774 359 844 549 918 376 500 451 619 878 658 366 690 669 617 954 659 791 608 806 561 683 657 494 444 463 671 485 392 676 666 664 805 372 682 947 693 716 347 797 987 377 992 406 597 894 539 924 519 437 594 739 776 976 652 672 588 466 374 418 529 522 650 578 988 388 755 963 593 572 983 497 357 424 841 516 618 413 391 945 889 993 685 784 523 917 605 445 362 443 450 384 910 479 520 855 492 736 927 896 754 912 460 932 872 528 796 730 726 845 816 839 369 724 486 379 382 571 950 483 871 423 610 923 470
242 945 798 722 939 553 759 609 463 959 614 489 814 474 483 936 386 902 517 954 837 974 618 703 528 891 714 565 735 806 399 533 395 868 822 894 521 778 369 541 884 736 596 654 738 723 571 561 900 652 980 638 513 478 953 570 376 711 728 550 371 421 963 577 967 951 944 674 854 352 976 379 788 836 506 880 895 583 536 983 530 377 496 419 904 475 783 805 748 448 502 779 768 472 878 914 655 417 544 850 362 754 844 845 949 615 393 671 400 834 412 926 937 920 375 811 469 860 441 838 610 604 373 479 485 420 862 616 594 423 361 762 552 522 372 998 670 416 493 406 363 563 721 381 640 389 597 629 579 710 548 470 351 840 730 682 793 883 514 763 727 461 774 620 803 538 955 634 698 970 444 709 695 631 925 374 402 458 540 388 719 428 812 767 772 683 572 892 621 557 499 665 989 465 704 758 731 933 669 787 898 726 592 511 542 651 486 810 430 964 401 346 607 809 385 943 564 839 928 875 847 367 965 450 392 653 888 829 442 484 874 784 404 813 476 630 927 832 672 481 885 477 537
251 706 906 643 772 982 942 870 456 929 490 724 899 518 506 725 993 447 477 788 721 771 840 455 777 820 516 972 597 896 634 594 463 369 360 933 665 829 794 524 726 349 800 545 387 376 883 445 442 507 651 875 887 598 927 566 821 941 737 905 923 580 957 789 560 935 371 708 955 366 855 958 459 974 640 688 970 718 618 380 491 700 903 892 616 945 533 568 351 407 918 986 658 540 879 629 664 538 544 438 622 672 694 937 458 822 602 487 392 409 954 964 936 911 612 581 611 535 768 783 716 359 909 431 418 723 500 561 916 631 998 806 881 641 546 668 608 880 904 826 860 804 383 398 384 749 512 526 401 361 979 908 657 654 653 842 932 493 732 523 624 411 574 980 419 370 542 605 928 494 685 742 584 969 715 808 817 832 497 391 946 499 786 787 847 803 971 484 796 901 636 762 368 412 775 873 454 385 620 425 888 600 833 469 607 639 769 644 541 951 549 791 812 437 738 876 582 925 449 863 552 894 858 963 680 650 921 988 966 985 920 474 562 520 764 869 778 779 573 711 917 736 659 397 633 816 756 823 815 679 702 801
38 665 378 773 695 759 453 940 896 629 639 611 470 648 488 669 502 847 790 581 482 689 418 682 999 980 751 436 351 885 735 868 850 548 591 595 599 627 598
272 786 549 997 709 867 563 400 519 603 878 559 420 521 592 727 594 864 803 957 391 836 976 977 650 806 994 628 889 766 663 623 542 906 905 960 911 355 804 601 703 427 548 422 666 441 856 862 531 737 462 966 877 580 419 361 560 917 873 963 918 978 915 907 940 371 991 958 670 705 598 743 395 524 964 675 761 880 451 656 775 466 597 768 516 573 691 506 404 662 785 676 985 931 698 932 715 904 411 604 972 952 757 888 855 655 770 887 969 352 458 776 607 852 588 830 593 546 926 487 714 479 769 783 402 407 384 815 589 583 555 706 488 448 828 413 651 759 551 685 470 722 635 824 708 750 763 901 962 796 357 562 540 443 642 678 671 539 823 865 630 712 418 951 788 740 892 838 774 802 695 605 493 636 502 406 772 723 801 375 870 362 690 811 927 688 433 396 499 989 483 793 686 403 532 899 947 550 416 869 861 537 817 439 383 527 986 822 866 606 730 564 398 941 626 733 669 459 849 891 358 896 572 882 930 847 624 431 970 444 643 908 515 463 646 777 491 944 742 753 890 837 827 377 541 434 818 859 446 881 637 845 755 885 848 522 741 543 452 942 480 388 654 731 497 748 387 773 1000 545 397 943 353
57 585 515 718 708 702 931 513 996 781 500 791 986 752 883 425 987 577 924 453 756 619 682 961 731 727 573 869 492 460 724 983 686 938 396 673 529 962 438 797 582 888 798 928 691 845 772 471 792 384 757 732 882 576 916 525 783 380
294 583 845 521 943 742 602 557 881 487 904 1000 941 850 838 578 652 910 459 970 546 978 466 980 859 969 620 433 942 846 807 878 996 922 382 665 435 876 612 951 781 786 568 565 485 491 431 785 516 409 647 444 798 410 726 379 847 545 538 975 634 455 896 644 908 540 788 421 501 888 971 764 625 895 870 723 351 524 886 393 654 462 861 743 724 961 852 659 926 909 499 544 986 480 797 935 651 907 537 621 879 862 450 819 613 675 638 747 525 856 529 775 990 763 811 598 445 871 456 398 759 699 415 535 603 507 461 475 588 593 883 940 851 843 609 794 855 563 670 526 954 949 793 436 361 917 839 925 486 874 564 492 549 575 977 958 597 370 936 998 401 997 885 599 796 614 864 648 693 605 619 913 929 473 635 416 464 732 966 802 503 377 939 558 767 610 713 783 777 453 981 833 446 552 384 974 388 508 903 827 649 519 734 920 730 728 964 898 789 584 818 358 617 577 420 884 367 528 773 780 661 865 355 962 745 515 820 945 736 679 356 672 353 527 542 899 479 674 434 768 522 963 973 692 681 534 994 633 722 967 695 573 882 429 622 762 632 805 691 510 664 989 930 739 984 774 467 766 906 749 857 760 362 680 663 901 822 509 669 694 438 821 703 863 853 645 611 548 630 643 737 452 366 705 816
227 689 744 875 634 471 814 746 502 877 916 583 563 988 799 379 492 879 807 411 896 735 549 625 661 504 587 906 631 819 368 572 790 961 785 622 703 796 886 851 866 438 883 778 552 712 711 476 829 593 654 658 582 657 660 951 406 539 520 395 485 908 970 544 984 484 694 977 623 518 889 431 973 997 358 636 895 515 399 640 841 667 727 810 464 684 971 922 808 692 927 865 469 924 540 680 428 755 683 700 876 820 570 926 954 523 871 930 426 652 581 362 546 401 628 753 467 995 795 626 494 811 390 892 945 873 384 530 675 944 430 890 754 597 666 382 412 910 732 800 410 917 448 884 602 722 985 393 942 578 756 777 389 668 856 994 385 466 503 717 655 975 672 784 687 564 568 419 861 649 576 952 624 848 547 955 377 737 691 786 366 380 665 937 826 710 923 920 651 373 512 725 594 949 664 488 747 699 929 543 437 642 452 566 434 442 932 521 650 550 472 477 854 968 789 398 613 653 643 728 493 586 445 914 397 509 490 774
155 937 591 755 946 981 653 918 816 846 929 538 893 396 810 369 912 982 631 651 364 664 660 519 543 699 904 697 657 585 551 883 400 425 932 767 759 491 885 583 812 838 690 712 580 467 677 685 505 797 862 441 678 916 702 681 693 421 740 403 952 705 449 572 416 991 750 370 683 841 963 686 687 978 381 732 859 969 472 977 433 383 512 521 897 770 635 574 663 477 393 650 604 689 614 827 558 899 598 789 967 700 875 941 881 354 845 777 675 691 457 866 395 595 391 938 669 480 462 715 813 860 625 386 442 577 805 360 772 880 553 532 766 587 920 957 359 450 537 763 830 414 423 737 848 534 375 647 950 798 807 818 565 524 622 995
283 470 817 866 370 656 423 646 443 676 886 660 475 637 445 623 938 893 738 528 929 640 924 448 567 943 662 531 621 644 999 885 533 839 812 650 561 588 688 683 461 602 850 696 986 758 781 988 774 574 987 451 830 407 403 775 845 915 931 742 526 542 682 619 800 690 849 772 577 510 383 613 438 376 762 625 796 551 515 880 876 921 823 889 544 645 517 787 514 401 614 681 382 928 471 780 661 726 937 718 820 373 882 578 745 968 766 734 861 764 852 522 641 956 586 871 439 519 444 939 994 605 680 887 964 936 703 492 628 899 804 935 402 844 624 933 691 717 811 430 389 708 786 413 711 455 627 695 916 541 744 384 771 867 701 527 751 891 616 833 372 525 581 495 741 380 359 571 675 784 761 826 513 749 617 426 870 906 410 364 508 913 782 798 684 723 827 692 537 534 709 411 948 854 842 735 507 746 504 947 972 785 960 569 837 405 806 416 710 979 593 967 422 365 864 814 466 657 550 398 474 927 828 801 966 878 446 512 620 482 792 523 559 420 729 489 674 824 714 983 468 752 524 360 442 611 587 897 793 747 597 363 737 840 502 765 757 706 608 629 743 975 516 668 740 490 595 409 807 598 612 499 859 877 727 843 971 934 642 909 367 554 797 386
114 549 720 690 468 439 713 476 928 636 869 807 892 966 779 414 768 887 358 415 875 602 711 796 823 876 361 737 991 694 879 900 794 673 565 758 790 441 781 948 687 590 878 589 380 926 433 597 527 706 389 663 539 386 973 765 934 764 519 585 881 645 678 398 422 536 888 988 542 466 362 407 704 987 610 599 997 804 501 587 775 752 793 903 909 731 365 856 851 802 454 865 417 581 941 388 949 391 446 699 907 785 381 695 450 570 410 614 730 839 747 617 877 933 809
94 538 730 655 765 974 446 371 891 920 639 357 772 687 587 584 413 840 905 823 743 629 811 529 866 367 501 544 791 887 968 771 952 495 805 677 967 899 950 673 789 519 863 901 512 374 630 445 515 681 848 664 919 377 393 516 797 362 883 372 796 776 807 608 563 389 928 556 535 960 403 386 816 693 462 986 976 369 356 818 855 766 813 748 410 835 517 998 890 469 423 561 473 448 821
34 1000 387 922 691 550 901 965 871 645 943 628 366 454 457 420 536 600 396 426 554 708 569 916 450 903 655 717 497 789 906 517 510 665 430
78 778 899 630 940 870 381 455 436 622 549 577 426 652 592 369 473 942 743 907 598 377 703 795 470 442 952 709 975 927 822 427 510 996 755 677 905 763 728 359 571 740 862 754 932 837 625 786 851 751 570 697 785 383 451 382 738 590 541 935 999 816 857 825 360 505 482 391 712 499 512 878 750 761 492 775 874 926 959
104 505 646 692 700 664 775 513 593 623 733 443 880 411 907 441 977 672 601 571 449 378 500 998 384 544 943 631 407 535 732 454 388 929 479 969 641 461 516 890 417 916 569 782 954 599 904 809 625 471 783 832 705 376 514 984 660 852 532 609 550 991 753 695 359 439 818 536 598 553 949 604 888 391 779 547 655 728 675 575 952 686 556 985 654 458 924 596 410 826 640 793 773 720 587 860 950 578 744 895 667 606 973 939 702
191 874 533 363 718 894 515 596 582 821 608 944 571 501 551 544 758 887 572 741 654 377 517 499 966 455 474 513 522 897 827 669 563 649 594 905 747 691 675 869 415 537 386 726 585 759 454 702 672 445 837 981 727 478 934 862 774 854 880 982 660 472 765 423 912 986 680 980 780 770 930 496 367 947 667 768 592 631 403 834 962 485 888 984 625 705 401 925 753 789 712 536 964 618 530 641 831 456 479 679 439 370 475 857 587 376 762 628 871 911 546 687 918 670 382 828 798 715 800 953 694 626 889 404 444 569 970 820 917 849 589 387 615 793 518 405 578 935 895 483 939 674 577 976 590 868 482 829 932 955 462 450 409 738 543 945 635 557 380 418 751 642 688 803 627 611 760 665 766 676 840 595 460 647 362 811 855 683 985 508 609 529 866 461 907 952 991 903 858 549 730 484
82 773 573 596 664 938 622 562 743 969 673 636 827 896 835 505 717 494 891 496 467 469 911 702 623 837 767 975 763 397 407 949 740 890 559 714 450 594 471 666 983 887 439 403 663 693 868 431 437 919 667 380 725 463 786 617 914 781 515 807 634 1000 553 681 971 872 708 535 832 424 954 656 654 565 608 512 626 929 446 489 487 514 525
76 765 671 554 716 389 573 906 586 476 387 977 596 748 850 457 985 451 762 804 601 639 409 973 883 516 969 632 408 704 570 852 437 550 946 767 537 911 978 433 392 420 823 473 542 665 758 863 816 867 747 921 695 603 735 444 997 746 708 501 902 503 497 842 732 727 806 436 776 366 595 681 715 729 728 726 419
82 923 872 873 671 449 622 948 642 901 682 403 646 470 723 467 770 397 444 925 832 754 800 935 519 793 536 692 604 544 815 847 905 364 665 461 755 814 407 829 784 588 946 766 490 725 751 424 681 942 794 498 560 545 779 431 929 838 757 870 468 688 789 878 456 807 714 747 732 711 799 511 661 737 529 528 928 367 969 903 774 746 764
202 992 649 847 915 623 946 868 778 822 978 605 465 592 711 455 645 606 710 379 852 464 689 692 646 813 660 396 943 792 544 895 716 542 790 885 458 709 411 841 787 899 856 800 861 425 478 724 860 433 801 431 633 747 756 640 839 935 930 438 929 366 739 738 391 687 864 872 585 471 918 397 496 878 670 810 833 426 490 529 704 991 741 815 381 893 536 375 479 858 786 548 903 760 380 616 805 829 610 395 668 737 393 871 665 783 803 577 654 725 904 452 460 627 491 501 557 532 499 509 622 925 437 911 845 897 951 816 389 488 928 798 774 781 913 743 372 922 985 495 703 613 947 916 481 701 780 547 635 558 498 974 535 994 884 384 493 865 877 383 728 700 942 653 759 678 896 429 726 390 894 957 891 573 767 819 551 530 614 677 880 624 966 505 732 958 560 848 964 748 423 473 906 632 387 955 617 697 466 695 763 796 512
81 761 428 690 906 595 454 474 864 813 630 967 829 659 905 510 717 670 646 990 469 484 471 502 879 380 569 971 802 766 585 821 992 694 836 557 801 767 975 750 384 917 402 806 439 933 525 997 685 839 727 426 831 382 571 655 421 600 980 828 978 387 566 653 999 587 509 850 501 425 970 744 648 521 581 803 453 986 574 861 413 687
70 568 749 727 572 374 694 569 531 991 515 653 589 369 973 724 394 933 901 466 721 877 628 388 722 735 652 833 656 390 463 844 957 510 494 893 881 612 528 733 880 447 593 739 939 585 736 475 398 571 779 931 822 828 546 932 410 649 560 964 845 867 705 720 452 689 817 594 784 734 785
280 784 749 861 798 457 376 894 493 838 947 524 529 974 801 694 557 541 552 899 940 551 436 678 760 895 579 830 941 424 512 775 470 490 829 831 598 528 911 570 778 841 503 907 733 429 504 594 812 494 880 982 674 991 625 700 958 399 718 876 922 629 780 679 456 791 1000 789 387 824 615 815 800 623 720 408 496 606 450 548 427 617 942 988 858 497 743 826 699 452 422 867 564 672 477 527 927 945 704 877 735 806 998 706 729 553 648 744 817 751 792 549 513 788 523 462 727 893 809 378 522 647 681 964 689 413 540 869 649 604 714 904 651 593 896 397 405 997 819 994 786 530 510 781 702 374 921 698 521 794 643 952 515 447 935 785 816 808 583 766 472 883 916 969 853 406 782 747 571 645 992 837 696 605 984 385 849 412 975 539 471 840 525 667 631 440 682 367 592 601 728 518 442 707 890 581 990 846 473 599 499 920 370 807 633 616 953 634 765 444 713 901 779 484 950 517 546 576 589 957 509 750 995 726 897 628 799 879 488 708 981 642 431 439 754 663 759 453 971 614 721 677 384 810 676 825 411 835 746 680 554 622 626 703 834 697 961 956 646 973 487 402 407 913 863 712 823 822 814 906 923 415 687 989 983 640 972 555 438 588 418
31 441 994 852 686 541 485 390 963 438 752 832 837 879 771 551 537 401 915 479 633 822 577 956 721 449 730 961 561 811 612 702
44 753 930 542 627 378 572 767 462 704 674 640 789 912 889 403 529 487 739 947 430 871 852 579 749 854 795 398 828 604 685 591 642 864 937 607 531 727 872 691 585 881 929 499 388
272 611 826 605 414 936 994 644 466 739 377 660 947 433 440 560 609 484 854 905 953 988 416 490 773 852 894 729 692 818 503 725 937 899 970 819 822 514 460 839 881 479 934 566 765 897 884 506 423 851 533 772 394 931 673 923 782 682 952 580 628 451 907 929 932 840 421 386 678 868 415 850 447 578 873 838 809 740 441 893 683 788 582 743 876 813 544 595 655 938 641 986 871 888 409 820 870 679 669 378 799 630 766 502 698 462 956 627 481 933 714 726 781 756 736 715 536 571 434 744 996 904 796 825 524 832 670 532 898 625 777 999 373 872 540 616 603 946 964 702 489 804 791 858 917 475 965 742 849 587 914 652 811 658 485 835 517 624 753 816 528 656 843 991 504 749 613 476 672 703 769 610 606 980 521 985 866 995 527 727 430 908 659 954 549 591 924 962 676 370 878 701 395 798 666 664 399 633 941 919 713 617 392 903 896 631 689 588 397 883 449 534 707 935 372 859 418 759 757 885 387 741 973 467 398 688 831 668 784 626 380 775 425 754 391 412 927 889 755 837 384 733 734 515 945 497 574 657 847 648 483 856 724 761 388 771 768 555 915 602 805 390 501 712 770 950 401 671 709 857 940 975 646
215 479 580 417 844 468 482 957 571 592 586 488 879 535 374 556 712 932 653 908 528 781 747 483 943 840 999 901 807 773 809 717 471 674 929 611 501 924 610 831 783 951 456 605 727 779 526 896 856 583 904 798 707 793 521 766 606 740 608 536 619 404 498 972 703 677 746 742 903 520 715 659 481 446 946 581 439 403 537 437 676 731 518 658 997 600 585 644 588 962 763 777 878 947 473 873 987 465 645 522 451 861 550 819 906 454 652 509 628 527 722 412 900 385 785 414 646 625 460 576 762 459 478 827 752 824 502 853 854 866 393 455 542 607 523 484 377 559 476 543 949 915 990 857 940 821 880 472 429 994 549 977 750 791 968 491 893 618 503 448 534 517 756 729 656 654 895 899 594 931 733 663 913 591 865 435 714 847 964 710 797 849 655 440 885 416 624 926 855 952 782 759 438 788 713 597 948 664 572 907 743 680 877 671 799 387 687 434 496 724 937 519 409 469 883 829
103 446 413 374 968 800 607 616 480 970 632 962 574 524 906 575 642 533 549 966 977 510 765 440 390 484 658 383 648 673 499 571 833 593 822 618 388 935 812 845 757 878 380 947 726 562 393 873 529 634 537 719 566 451 394 688 951 532 439 517 848 880 983 803 777 902 761 430 655 923 801 866 391 779 778 434 376 568 945 505 763 830 680 683 630 420 675 460 775 550 744 399 470 876 624 493 894 782 709 530 405 519 478 584
9 390 472 383 841 807 918 487 764 826
165 570 515 743 989 818 592 896 643 755 378 594 862 820 990 715 762 514 902 886 780 546 386 999 534 639 996 920 624 500 576 403 604 379 487 918 779 921 937 601 714 807 971 723 712 524 881 713 668 632 533 383 522 968 694 882 400 761 557 974 782 454 407 788 683 890 597 666 747 667 726 582 599 388 645 450 872 390 796 850 724 396 864 381 673 682 433 854 636 561 784 831 568 770 529 543 838 595 767 805 866 474 710 891 874 907 858 861 981 727 748 928 670 650 563 452 531 704 843 525 496 535 972 846 911 445 565 437 475 477 504 395 741 842 970 626 616 456 917 412 555 408 794 644 705 852 502 702 627 483 404 512 523 537 633 661 517 631 421 469 558 731 976 945 750 958
47 550 812 482 551 637 990 534 763 819 490 523 884 940 612 959 635 851 817 662 685 516 594 973 997 625 428 495 545 580 755 732 745 686 922 786 964 832 676 679 429 773 910 582 829 394 719 616
83 941 392 573 983 964 506 748 409 903 757 780 585 478 954 560 995 656 520 927 730 950 377 412 713 633 719 992 475 729 797 833 949 838 869 837 977 841 686 706 883 967 402 620 864 599 519 502 891 413 708 919 912 968 516 896 591 802 467 494 675 902 653 961 551 680 655 904 471 649 584 627 700 906 480 807 699 999 893 989 524 552 850 535
204 880 681 568 878 968 626 644 444 952 463 876 955 423 747 405 899 636 941 938 442 496 503 722 865 632 961 971 970 652 598 914 424 443 490 869 641 426 495 471 456 633 936 484 927 464 691 414 394 985 461 588 530 958 819 661 646 472 975 969 658 795 783 773 765 900 772 703 387 920 427 809 712 638 871 768 683 995 733 877 624 924 547 451 493 944 775 821 726 437 951 962 599 759 791 532 480 981 625 653 623 403 440 662 564 430 501 688 439 800 902 469 771 643 500 931 634 777 705 939 516 515 953 522 593 825 730 727 820 576 756 541 989 390 470 713 601 664 678 928 482 654 584 697 926 492 422 505 818 570 812 894 855 714 847 404 449 700 916 586 786 512 743 680 605 656 455 725 561 695 841 750 965 753 649 789 660 476 535 682 528 573 918 906 433 997 708 895 903 729 874 963 538 979 685 671 468 628 640 947 736 552 518 642 497
80 519 920 849 656 755 532 676 738 443 798 993 926 444 954 880 549 640 864 769 720 413 706 974 613 407 578 562 768 873 702 527 737 456 898 763 762 543 475 1000 806 834 643 383 389 451 700 654 742 668 686 664 556 421 802 971 672 757 927 718 725 917 982 883 501 832 453 683 777 606 555 633 637 523 488 593 458 846 641 572 515
228 553 923 730 722 436 431 808 902 651 814 966 932 496 588 707 573 954 770 782 888 765 382 780 889 919 617 900 585 686 661 929 874 679 882 664 733 682 522 578 898 975 602 645 505 796 802 404 528 790 514 399 473 762 920 721 909 981 845 850 648 390 727 629 541 958 748 547 418 410 978 540 479 805 896 520 550 926 639 563 534 861 872 537 820 862 830 525 653 950 708 982 760 797 938 740 481 703 734 868 554 677 846 551 562 873 755 732 526 595 660 860 506 781 793 482 415 545 776 567 771 946 834 691 916 949 778 644 822 587 379 786 788 764 994 870 662 895 555 465 970 636 414 750 825 474 709 687 964 987 807 849 815 448 763 844 407 744 912 819 911 925 420 626 521 572 887 511 857 518 826 711 392 437 665 583 631 663 604 621 675 628 513 878 842 594 419 668 965 546 561 995 539 907 519 933 803 523 775 809 596 530 746 485 507 614 642 422 969 591 592 574 696 615 475 411 633 798 841 742 927 579 673 724 937 883 692 670 600
206 679 855 424 689 729 617 602 598 958 995 628 523 557 735 886 805 651 838 624 621 552 559 969 788 812 654 597 600 808 581 727 380 535 483 891 512 890 906 834 746 640 695 920 532 568 431 536 966 922 501 712 635 584 593 671 770 615 929 993 737 795 406 589 964 388 625 959 533 497 637 688 816 516 742 633 938 398 455 725 613 892 579 432 460 627 778 541 684 783 889 914 900 854 927 493 948 903 494 842 919 755 604 610 777 505 824 744 484 915 680 709 415 736 447 522 896 738 894 700 502 542 769 481 590 764 837 418 574 566 986 467 468 962 831 699 693 434 478 399 603 832 713 698 990 504 768 580 780 849 429 751 450 570 548 967 620 722 437 527 518 937 459 402 670 823 825 803 495 448 691 692 446 492 401 761 987 586 639 554 555 933 865 440 720 449 631 952 701 866 766 706 457 676 758 638 750 454 656 436 530 743 796 547 482 774 981
61 655 889 569 929 871 822 474 601 879 531 667 693 525 422 553 872 855 913 833 743 794 391 768 903 850 926 502 810 491 788 624 519 513 518 760 401 893 658 854 812 419 509 706 681 540 490 403 409 781 817 669 440 680 701 535 975 552 612 556 546 859
291 469 443 670 614 389 756 879 995 398 785 974 597 731 736 887 511 904 560 452 422 885 431 517 424 530 570 492 647 903 396 602 714 971 840 740 961 448 755 654 669 417 681 704 676 535 769 663 1000 894 772 470 823 744 650 457 812 631 516 544 929 763 402 945 790 578 419 638 572 479 540 938 952 475 505 804 878 458 700 920 500 515 607 973 863 480 675 805 990 801 482 539 809 502 521 948 884 618 483 651 822 426 393 738 468 598 765 927 800 490 390 428 921 442 664 748 447 880 869 595 900 947 659 593 866 746 915 441 956 999 935 972 668 753 966 837 526 970 552 978 621 754 867 909 514 723 833 546 619 941 844 987 459 899 543 861 639 857 924 608 620 430 886 474 992 713 550 780 901 465 814 943 720 596 991 592 820 382 551 528 529 734 870 967 715 695 797 605 873 902 747 850 839 446 497 633 391 914 761 937 942 533 913 911 711 953 739 644 397 677 827 437 889 406 791 828 512 384 674 636 764 588 883 975 865 777 830 692 513 683 705 831 387 787 519 852 721 925 411 665 464 872 728 582 509 847 819 413 392 571 826 506 493 491 834 603 499 859 573 418 829 635 408 454 471 498 962 799 950 846 989 958 401 556 687 691 666 432 708 955 853 926 684 564 568 916 849 566 508 623 696 400
183 844 678 836 583 878 862 569 937 748 974 994 652 778 679 412 861 493 452 887 840 756 441 746 793 648 980 605 730 833 841 929 416 404 927 532 904 401 685 831 544 398 628 564 784 675 475 534 960 607 826 431 654 808 515 931 689 893 439 846 489 945 819 972 955 589 769 875 459 717 997 516 454 647 533 941 969 479 588 950 394 760 906 420 400 632 900 873 430 677 578 870 590 989 547 806 964 465 926 886 917 772 560 894 907 604 520 539 579 450 817 978 491 853 794 896 595 854 933 432 818 559 402 668 842 626 673 888 598 541 890 662 706 542 415 834 975 811 910 957 938 487 625 716 934 814 920 466 704 734 424 500 959 702 540 405 508 469 671 885 849 796 895 509 418 816 970 795 423 857 609 467 581 474 797 789 711 403 522 763 512 645 718 631
214 710 794 397 533 647 833 588 831 497 797 590 909 802 684 786 410 818 892 808 529 997 423 601 384 573 854 522 756 789 918 653 782 579 637 692 464 563 706 683 642 424 982 696 515 648 663 772 628 695 941 508 843 972 575 963 922 589 829 751 477 608 447 979 420 650 836 473 673 891 463 726 401 487 503 991 926 430 748 698 545 925 923 629 636 501 955 535 816 408 958 921 556 534 474 946 919 484 536 419 861 677 645 510 443 966 774 791 998 462 550 725 440 883 639 488 490 837 454 967 884 395 721 621 580 876 507 796 750 559 779 630 885 763 494 911 906 810 704 754 877 466 668 895 655 769 759 930 441 870 761 620 541 479 506 626 564 411 745 469 755 627 787 867 457 672 483 393 551 935 491 517 415 792 815 458 519 633 974 437 864 622 391 882 428 860 737 719 530 738 960 827 640 671 809 934 940 984 509 973 500 898 953 600 434 862 931 811 514 800 635 566 933 956 605
292 570 523 981 597 932 650 914 804 966 925 421 713 700 547 674 960 706 810 796 473 620 986 977 645 515 788 732 619 593 471 657 588 670 462 513 744 591 691 806 850 401 510 752 763 461 985 820 470 917 940 487 780 644 459 602 739 978 999 478 638 757 437 979 506 813 761 768 693 916 450 623 825 742 663 842 992 847 486 647 728 719 829 963 956 433 756 419 490 870 815 396 877 895 770 675 514 920 819 507 723 722 518 766 982 660 565 831 910 412 734 654 893 958 541 520 516 400 696 901 812 575 646 970 835 538 617 389 909 873 455 837 385 428 642 965 797 878 746 669 614 759 589 772 532 950 552 608 755 502 606 621 497 733 408 894 652 676 649 717 830 627 828 671 774 922 504 573 494 794 394 740 540 429 407 422 414 390 578 409 883 632 403 803 887 905 864 976 465 703 563 418 936 867 939 611 747 595 452 725 585 854 857 495 580 680 886 967 769 688 856 424 754 460 731 718 551 689 807 989 959 604 448 844 643 576 926 974 411 555 814 880 432 697 561 921 399 792 454 704 686 499 569 476 511 531 927 618 477 436 522 672 410 537 862 431 505 526 727 865 559 946 868 698 386 579 661 776 907 447 888 690 849 941 493 787 387 707 778 948 945 492 724 749 833 571 934 994 444 542 892 952 779
96 898 792 773 744 676 693 841 896 759 702 891 953 869 397 735 718 947 769 507 410 447 584 989 497 512 388 451 844 398 818 622 438 581 899 444 774 498 705 798 611 833 692 571 724 501 688 593 595 738 500 807 540 685 931 518 816 861 411 442 842 985 665 537 669 520 683 746 639 750 549 946 407 454 647 736 772 679 416 926 612 696 575 928 592 686 817 801 894 870 570 527 529 834 999 620 868
273 790 448 570 742 784 820 896 655 507 801 399 642 641 994 405 667 707 933 772 781 443 806 961 717 425 466 476 765 640 951 874 417 703 833 588 864 532 942 809 589 831 512 654 699 835 638 677 673 517 542 926 465 631 947 860 922 421 454 674 842 714 907 404 445 940 749 520 859 990 556 909 834 807 694 984 508 543 862 857 744 528 988 635 430 836 853 422 898 810 899 711 659 620 736 955 697 935 843 953 671 821 849 500 509 515 484 548 547 645 463 687 550 472 423 746 997 968 604 487 975 980 625 514 433 930 676 760 592 740 755 591 871 818 802 557 929 996 488 617 682 902 468 412 393 651 767 766 636 924 946 838 681 597 535 494 414 475 778 799 872 747 529 785 518 867 897 782 780 732 634 776 685 973 568 531 606 474 594 584 827 440 569 738 773 549 623 829 757 398 662 932 917 669 663 413 473 928 911 974 962 893 453 971 411 633 863 585 639 903 598 995 789 436 844 437 914 462 664 551 728 626 600 593 486 650 693 539 619 937 698 885 949 485 823 610 614 700 668 656 866 419 858 919 769 915 566 998 661 819 945 705 400 446 410 553 402 527 733 720 544 762 978 460 552 629 431 743 525 730 537 958 561 571
295 623 994 504 984 995 660 930 896 636 857 618 538 945 925 470 730 919 408 639 685 813 959 991 426 869 502 631 929 491 844 803 952 405 453 798 966 773 473 456 846 512 933 621 970 474 683 398 551 458 575 519 540 840 409 802 542 745 713 679 983 835 480 836 492 839 962 903 905 931 913 708 650 885 688 586 703 464 412 872 770 782 396 746 600 890 843 404 654 939 452 758 953 858 641 602 628 413 762 564 463 530 765 853 653 974 487 810 389 715 598 643 465 659 710 707 726 468 694 808 682 938 489 391 402 421 748 493 514 875 940 525 735 942 793 895 511 876 415 734 518 716 665 395 689 943 978 891 848 918 431 565 729 989 400 693 800 894 527 969 864 799 828 947 731 558 920 672 469 717 958 509 501 897 954 771 801 503 826 541 824 619 481 855 788 774 998 578 434 669 807 988 576 531 440 866 422 559 584 806 613 589 490 428 677 630 705 790 460 971 873 718 610 466 658 845 889 451 445 661 870 397 435 816 936 879 627 820 532 982 927 447 915 517 906 781 706 626 821 590 544 596 830 648 647 941 507 485 760 714 432 740 999 429 529 884 899 467 829 878 841 832 900 664 973 450 736 427 545 741 670 769 414 635 411 692 861 597 594 448 944 985 553 449 478 825 901 886 488 752 780 733 652 581 555 655
300 587 657 714 634 459 454 463 907 426 601 588 478 558 490 526 916 400 866 545 709 787 552 926 568 405 439 658 937 693 457 644 973 811 863 844 852 494 960 613 876 623 655 580 772 402 570 921 874 900 617 489 700 556 839 628 766 860 930 671 450 925 505 977 699 660 389 891 848 531 728 646 904 409 393 857 920 770 981 855 763 943 591 861 542 562 893 730 994 842 782 945 506 438 767 995 627 427 514 401 894 615 443 638 853 560 524 756 683 533 715 820 687 563 722 686 734 878 607 729 838 391 738 984 496 711 540 989 458 755 532 906 452 964 749 493 595 748 592 827 422 600 688 569 666 736 541 779 773 392 969 415 479 962 784 639 625 929 780 599 448 807 649 406 475 495 816 582 669 670 814 958 476 529 566 777 797 822 915 637 431 659 486 789 939 641 805 403 503 553 946 818 561 684 468 721 982 705 882 597 899 865 576 885 554 462 928 830 632 919 903 629 480 804 586 815 612 846 590 497 922 758 417 702 854 976 557 881 826 698 957 952 598 947 898 788 423 987 764 968 890 792 581 464 867 404 938 470 733 703 549 675 633 606 883 724 716 897 836 694 678 654 913 959 394 727 611 710 491 517 593 993 630 421 622 785 390 873 880 578 760 682 645 983 972 961 944 840 774 608 551 430 775 428 640 778 444 437 395 800 819
102 474 946 856 757 662 657 880 527 991 917 572 500 682 928 825 704 402 641 907 561 482 651 951 595 793 396 940 914 947 623 452 391 499 647 392 630 439 766 554 490 910 466 644 864 881 998 710 788 643 709 852 670 870 496 491 831 828 819 807 911 622 605 631 868 447 659 693 769 785 823 758 407 557 698 847 406 577 418 427 891 925 504 855 550 930 436 459 780 835 443 592 589 467 863 552 939 417 649 996 728 979 509
37 714 685 522 648 392 964 742 917 877 922 960 696 695 882 642 636 468 949 405 469 832 936 532 459 415 575 523 798 562 701 675 851 603 796 429 413 666
122 692 689 647 910 769 933 442 664 653 584 955 694 453 543 756 469 729 592 796 655 472 732 659 594 896 799 528 565 568 822 751 580 754 621 888 721 975 671 392 507 610 393 620 582 563 550 755 471 558 744 724 996 1000 629 461 821 768 585 733 656 596 948 867 517 972 798 879 546 458 816 956 503 876 807 409 462 622 723 605 556 536 759 484 771 465 777 874 457 763 665 873 954 416 727 428 735 940 925 421 642 590 423 734 646 835 725 491 636 448 938 540 445 830 782 680 623 897 965 856 405 411 482
38 525 892 863 925 780 586 684 543 864 947 686 406 409 690 854 421 657 503 474 728 762 550 919 662 747 536 893 943 980 451 846 918 632 998 786 748 603 560
144 977 867 877 851 960 431 751 724 664 623 665 870 452 495 821 398 614 662 524 868 587 649 571 681 703 582 468 639 519 920 637 817 763 446 869 493 607 816 461 578 770 430 909 406 479 523 807 616 799 979 812 716 882 456 997 755 473 885 589 845 919 465 689 487 669 825 420 638 759 754 773 986 569 542 847 581 601 677 956 791 782 741 756 625 887 643 988 894 659 408 678 605 801 491 903 706 982 626 935 991 660 937 897 471 448 828 636 788 537 711 907 564 731 995 540 819 861 886 443 507 543 483 984 848 797 596 595 599 529 696 463 915 983 585 928 942 469 888 959 745 644 839 565 666
82 505 707 633 692 491 871 933 947 623 486 788 779 859 804 895 532 965 577 811 942 744 913 830 474 620 894 843 572 431 406 914 508 937 461 969 879 862 742 682 837 771 625 791 984 559 961 647 851 473 803 529 629 987 551 946 753 579 844 424 566 688 589 693 552 657 487 695 728 874 831 539 968 684 547 502 970 484 944 764 515 814 941
150 700 455 848 402 901 511 518 775 611 915 853 510 786 494 720 841 812 932 965 845 657 504 533 783 580 787 830 866 503 781 492 947 793 956 574 474 970 683 884 750 776 971 478 919 799 595 650 703 836 544 589 872 549 523 581 880 658 892 548 827 524 685 557 988 766 963 724 835 651 459 502 531 545 887 701 645 654 590 501 975 564 877 960 930 894 958 663 525 648 760 472 839 726 621 539 996 905 542 660 874 577 890 529 952 925 735 480 922 855 604 428 629 792 840 409 822 705 617 400 888 968 899 852 620 562 619 976 484 846 432 768 796 870 687 470 602 739 488 519 438 403 961 769 969 716 834 995 742 900 697
13 755 805 883 973 735 703 715 481 944 467 458 779 897
185 885 778 745 962 997 866 654 821 986 548 572 687 471 444 405 634 414 436 509 926 711 469 538 782 597 953 549 642 914 584 428 901 994 776 630 945 818 458 505 799 936 484 930 479 583 518 683 961 564 717 954 948 547 418 964 581 404 868 881 628 535 708 416 852 658 992 875 805 529 731 801 676 636 863 982 657 765 688 763 753 431 928 536 796 826 822 767 754 656 557 617 438 466 862 649 417 718 647 461 916 816 746 580 411 836 671 733 889 493 854 537 911 626 527 616 988 898 432 614 533 831 761 869 666 977 739 894 999 474 789 900 849 495 607 727 652 401 625 487 566 949 555 704 408 492 662 546 749 446 709 522 998 565 959 713 865 786 838 663 567 632 603 517 813 701 500 715 594 757 482 608 460 872 539 684 951 797 513 905 640 515 698 921 957 588
186 669 740 633 946 508 773 664 971 907 556 488 901 636 733 409 944 413 915 447 876 786 411 719 699 846 854 653 984 479 532 992 585 574 779 481 934 823 787 716 599 982 929 403 710 850 831 922 400 463 621 654 818 859 864 568 986 572 887 547 559 578 541 806 501 586 706 996 569 730 987 609 833 795 545 956 548 794 746 485 851 905 742 637 981 966 690 897 474 543 419 895 955 535 399 575 472 904 785 713 516 913 677 871 461 467 576 442 507 900 899 615 649 594 754 596 834 662 656 513 988 592 623 565 620 732 970 434 477 420 752 426 715 837 502 809 405 763 439 741 950 505 884 521 617 539 588 415 863 695 957 509 813 775 767 714 791 997 560 443 1000 705 514 515 523 619 867 635 703 893 973 630 868 667 836 570 451 750 727 882 660 616 885 410 745 947 959
216 669 505 713 553 664 464 768 811 789 918 782 775 594 932 855 630 966 746 685 780 586 522 894 927 515 821 827 994 697 559 859 867 788 920 693 404 803 484 502 517 610 809 940 676 642 820 936 483 845 460 760 477 438 448 663 506 869 962 591 419 822 616 441 556 826 872 580 551 439 783 430 953 408 554 574 661 532 835 731 905 411 790 909 818 420 402 489 474 947 624 549 912 887 514 841 458 716 583 879 436 958 938 629 703 924 736 652 929 434 446 998 431 600 699 985 511 467 645 963 440 682 638 980 579 737 659 860 984 528 972 950 729 975 633 536 641 956 432 819 791 866 829 546 770 724 899 738 907 683 922 812 715 584 572 500 421 917 612 496 649 802 547 657 545 720 861 844 488 596 846 898 881 433 804 557 735 637 816 507 680 882 524 995 512 753 954 401 968 631 971 823 531 668 765 759 771 444 908 412 620 798 967 443 660 945 691 644 717 566 656 628 883 834 702 754 857
95 518 777 828 519 890 778 463 832 644 520 769 826 643 490 435 797 789 804 743 692 898 624 817 710 628 919 666 489 865 560 576 479 667 433 424 889 901 885 548 602 814 607 847 454 415 669 822 482 851 579 550 779 877 681 935 472 655 954 680 703 835 457 534 645 729 845 431 929 598 955 477 812 578 523 551 646 554 584 660 820 770 603 491 557 788 679 713 447 674 876 545 449 468 768 928
283 452 523 969 531 427 804 998 501 993 642 476 575 939 557 485 959 584 806 606 848 684 456 680 478 498 638 648 759 818 982 743 482 655 858 506 592 515 616 673 824 695 538 629 900 544 587 857 708 954 477 508 793 699 525 955 467 562 960 988 631 439 610 659 545 787 761 483 795 561 965 928 742 514 780 768 620 474 577 850 465 864 410 907 675 434 876 724 492 709 554 910 897 622 977 503 612 460 920 899 512 634 488 691 869 845 972 507 995 643 856 614 663 571 726 505 796 433 463 716 453 943 591 882 423 513 950 788 834 916 936 767 898 903 471 701 405 772 661 679 962 516 613 504 942 747 984 911 598 650 574 773 979 511 924 966 980 576 549 599 493 838 677 860 607 702 621 568 811 891 884 779 644 593 877 765 681 509 685 983 687 662 581 997 705 475 666 732 760 510 719 792 820 745 887 441 844 813 457 529 421 539 755 922 711 419 801 700 865 843 664 443 852 618 733 929 770 653 757 851 668 635 442 889 665 718 896 412 861 833 479 703 404 839 464 633 919 769 625 682 521 409 660 808 935 408 794 520 999 495 961 738 731 854 589 446 799 604 448 639 987 466 417 752 424 872 938 892 970 868 802 603 542 647 875 671 696 546 874 923 786 837 803 578
148 549 716 558 891 947 610 463 739 704 465 851 746 810 994 715 913 795 502 568 791 828 709 977 656 886 621 550 650 627 883 702 729 694 565 590 666 707 754 877 755 408 553 584 455 475 439 856 921 758 537 469 988 769 968 583 783 404 527 803 976 539 752 933 698 677 542 588 934 860 917 479 922 735 789 449 665 655 915 775 429 487 975 814 570 878 742 450 499 850 464 631 451 836 591 409 948 646 835 808 559 734 728 440 503 617 797 414 874 961 846 824 594 894 580 431 884 437 657 546 760 659 672 764 411 833 629 756 442 896 826 603 950 635 869 708 547 425 662 703 683 853 473 949 809 841 927 773 589
91 639 810 808 968 551 687 958 475 698 412 873 927 949 431 908 485 691 773 640 506 888 626 457 417 663 906 564 548 850 964 825 795 571 733 585 896 501 423 930 529 415 816 931 828 586 912 622 827 653 678 697 615 847 498 544 891 954 832 893 882 909 941 869 737 720 650 441 448 846 519 460 791 734 969 652 552 830 921 779 411 872 695 527 886 500 666 437 807 736 602 756
205 916 763 954 672 539 614 556 493 567 963 580 991 643 784 611 525 865 839 417 773 559 900 864 909 503 949 483 834 628 466 729 754 509 676 734 798 830 768 737 842 583 930 761 547 578 538 666 964 647 506 958 808 616 757 663 655 411 462 925 770 904 869 872 524 529 659 706 722 903 966 512 555 434 508 521 883 921 642 915 947 492 685 936 726 985 724 861 585 793 491 472 959 709 553 813 526 976 641 956 790 744 465 927 670 805 974 694 913 460 935 442 621 451 851 690 999 748 828 498 456 868 574 698 703 814 843 911 497 590 610 625 797 605 463 420 568 751 410 604 682 601 623 888 987 534 427 821 738 573 837 543 943 876 693 846 657 997 977 418 548 887 745 867 424 914 855 677 957 892 975 783 990 481 786 679 735 530 431 423 541 712 804 446 501 779 778 732 482 477 825 561 425 494 978 587 589 794 612 575 939 716 971 717 942 415
94 605 629 619 445 986 640 772 976 574 892 744 538 416 781 786 848 515 661 885 670 544 493 632 737 997 852 728 547 890 963 972 429 982 779 407 688 706 918 712 924 916 578 553 989 616 774 806 792 648 624 621 533 920 452 440 758 902 447 654 862 467 560 655 668 795 832 908 749 697 783 476 453 558 406 855 491 836 459 881 530 732 466 985 707 504 639 777 761 742 562 889 811 425 864
197 565 889 945 924 617 790 963 452 842 844 908 551 546 937 483 808 910 460 526 652 797 776 424 491 827 911 571 582 926 837 547 793 554 426 995 558 705 509 633 891 500 757 979 429 841 818 830 777 997 732 576 450 686 811 740 870 765 502 759 994 809 457 489 661 780 939 602 862 611 495 485 680 553 771 678 514 625 850 655 663 766 985 690 525 618 971 973 436 906 497 613 934 826 708 548 598 687 901 420 980 925 810 742 412 835 476 413 838 437 510 885 451 959 473 778 725 848 886 751 787 632 804 681 467 955 492 935 482 741 595 515 859 944 647 530 636 536 501 807 682 666 948 905 623 753 812 664 896 463 800 701 868 978 933 846 917 459 578 458 562 943 538 900 784 688 922 596 543 970 749 447 466 893 665 528 983 975 646 882 743 408 907 855 960 550 645 878 723 563 407 916 537 719 702 427 832 615
208 616 623 750 512 453 570 818 848 966 450 705 460 666 742 497 864 861 614 432 440 895 916 830 698 976 713 514 911 933 757 974 639 489 638 943 691 661 924 470 801 780 579 645 551 879 625 650 716 655 696 771 687 671 868 426 554 743 900 609 575 428 725 468 992 920 945 889 745 465 910 894 603 778 721 995 478 767 989 602 822 746 508 538 704 610 738 571 998 475 774 853 452 408 961 828 829 849 759 925 755 921 416 936 594 669 997 633 417 1000 914 485 986 647 973 533 815 676 567 714 581 878 737 874 908 724 667 506 944 683 693 593 539 469 617 525 990 980 494 799 458 877 814 913 834 862 934 930 658 709 855 970 923 521 673 441 421 795 972 622 896 793 783 955 573 932 592 744 723 461 601 816 532 582 586 589 869 672 519 959 797 431 707 701 769 890 679 843 576 846 919 681 825 956 423 979 985 653 860 888 747 535 675 439 937 635 749 996 975
214 951 883 998 897 550 664 922 893 833 706 594 781 981 796 792 600 502 730 623 854 581 823 501 476 799 482 514 957 479 617 602 528 467 868 866 522 946 938 669 675 902 649 947 619 896 918 474 462 582 712 891 515 477 764 855 950 716 645 739 846 542 908 621 625 807 445 809 471 808 874 940 909 530 683 844 937 511 604 635 686 436 561 717 754 990 911 832 416 720 783 816 593 778 924 529 414 732 661 857 636 430 756 975 757 622 516 994 765 693 828 648 488 618 795 872 655 953 856 943 813 723 878 681 503 658 454 800 564 714 547 785 710 727 948 456 510 997 713 697 960 733 875 788 614 507 558 992 612 989 577 944 411 704 546 770 667 468 777 640 520 654 815 630 478 442 518 887 699 961 650 643 916 988 933 677 682 498 692 915 633 465 769 689 665 836 586 789 451 560 750 694 980 587 672 440 495 425 535 882 666 927 890 663 979 964 688 786 871 659 905 475 470 556 473
82 815 800 499 741 698 685 609 439 527 679 429 799 507 743 474 865 710 478 523 525 437 537 723 619 639 688 611 897 665 906 948 447 762 660 748 913 790 561 794 569 424 725 469 873 626 843 690 944 874 701 510 958 444 985 630 414 479 641 876 759 932 481 954 653 781 425 875 699 823 632 962 930 490 775 757 831 421 859 471 567 916 994
219 526 710 859 491 447 622 448 818 860 427 547 676 675 763 579 750 553 812 440 780 456 956 436 965 565 927 752 590 656 677 776 635 901 724 768 831 415 705 989 701 488 821 717 702 879 645 761 557 577 693 835 733 520 997 783 610 796 514 864 620 637 428 657 823 678 685 815 449 979 801 926 568 875 893 457 764 599 551 797 636 977 910 753 673 784 474 479 896 786 975 494 659 559 434 560 828 911 608 932 824 504 827 471 533 858 563 959 655 998 881 791 795 809 475 769 605 966 537 576 540 648 854 603 985 421 567 426 908 433 418 420 496 880 754 853 888 647 842 625 476 602 600 714 863 770 581 493 495 595 594 541 861 606 1000 819 422 978 626 690 963 772 806 668 531 423 952 990 730 468 598 691 725 833 651 782 826 887 477 487 719 987 839 432 639 638 918 760 609 587 837 463 570 665 630 781 628 947 681 846 680 813 482 694 865 515 957 532 674 425 807 508 805 972 838 876 546 964 650 766
155 908 552 443 875 653 679 682 654 902 925 943 921 602 804 638 965 637 472 550 886 890 632 879 740 696 936 880 849 425 465 466 691 794 569 422 790 444 881 932 561 484 737 479 948 689 850 515 496 647 462 931 934 846 464 606 741 990 698 453 538 939 604 729 563 815 837 728 493 953 868 454 519 975 774 523 969 626 488 430 982 900 619 981 897 502 613 556 730 840 585 634 474 420 437 579 580 697 718 739 477 767 660 583 640 887 719 954 513 959 820 651 693 525 450 582 899 961 817 652 539 956 678 417 854 594 816 787 551 429 445 833 610 522 714 885 964 414 793 581 898 544 910 537 572 573 789 835 627 766 646 487 677 495 658 530
43 588 601 773 521 962 642 764 790 841 760 889 428 752 897 750 795 902 765 448 803 435 771 834 477 499 645 625 474 906 667 858 933 807 798 766 580 761 758 426 977 789 810 874
81 483 706 643 782 476 962 933 934 585 675 536 771 818 924 628 704 559 472 496 530 868 806 939 963 935 734 989 767 626 967 711 987 998 819 696 665 427 800 774 995 855 449 543 866 846 579 537 899 842 446 614 565 730 958 888 574 416 897 884 661 502 444 860 568 752 908 602 832 485 570 761 798 887 951 693 606 878 694 741 722 814
100 485 465 444 614 819 923 991 497 449 670 571 726 503 851 461 617 953 653 699 549 630 656 749 843 959 941 582 714 994 834 514 652 760 600 565 928 867 505 845 443 986 840 569 796 912 839 494 595 753 741 634 781 599 572 579 471 996 930 835 642 518 983 539 934 433 510 936 682 665 454 688 789 809 564 597 978 696 593 592 946 583 762 556 622 915 459 784 415 859 873 718 568 836 715 825 706 506 434 489 860
170 899 767 428 890 903 833 714 424 606 610 492 559 426 894 464 848 716 798 840 907 765 857 484 892 966 486 508 612 517 852 919 737 634 524 960 775 692 493 616 706 595 705 977 872 843 416 1000 679 631 968 471 688 754 858 734 807 812 645 512 687 870 555 446 720 617 438 879 576 908 763 682 578 952 669 983 571 805 460 599 825 620 588 963 627 519 510 782 811 742 523 615 747 663 898 453 866 793 967 569 693 832 975 760 516 577 457 518 735 764 713 500 835 441 715 587 440 444 891 593 485 778 770 874 623 788 585 556 953 550 452 443 549 759 813 442 750 829 697 736 552 887 430 473 909 738 768 589 828 774 509 882 861 790 930 743 656 436 856 662 580 511 630 672 838 961 666 533 824 565 689
29 864 444 556 851 463 442 985 543 897 479 534 496 704 906 515 580 721 767 647 681 775 493 642 592 956 569 908 778 699
176 484 604 641 578 535 808 949 606 629 955 486 451 529 741 936 487 684 700 496 541 784 874 819 517 509 869 688 758 909 998 738 452 511 956 470 746 566 614 691 918 458 834 547 692 733 972 481 766 992 650 431 787 980 764 678 587 468 932 418 987 601 725 852 550 774 426 492 613 924 965 863 704 799 490 607 713 833 988 908 697 617 537 754 788 937 854 600 958 976 682 1000 917 695 519 620 564 940 911 472 803 508 865 434 441 543 771 455 683 848 512 513 767 489 903 884 966 545 931 462 892 813 457 793 720 551 427 654 990 534 661 425 553 666 635 921 444 920 438 723 579 533 631 518 870 878 712 818 624 524 482 627 504 781 471 762 716 755 681 618 889 505 633 792 842 675 685 626 749 753 643 672 439 655 985 732 516
273 979 675 496 455 734 803 593 597 432 883 854 565 584 652 493 819 697 569 989 651 428 984 618 554 980 801 813 440 1000 661 663 827 534 805 718 752 535 441 447 720 461 729 785 689 796 611 562 695 847 942 539 485 851 579 591 990 998 974 913 498 835 886 715 850 820 733 807 662 564 421 755 935 596 943 731 570 939 753 831 833 953 760 822 514 631 861 684 967 866 910 502 933 916 572 550 666 568 708 672 863 986 454 885 622 525 841 574 471 877 941 852 487 908 706 707 494 738 451 730 745 859 467 838 736 648 491 563 472 637 617 869 470 464 739 775 855 685 808 872 547 909 924 879 544 660 607 676 996 517 614 826 633 874 523 530 876 764 828 890 767 623 630 594 545 952 473 969 922 756 533 468 816 937 536 800 926 524 742 993 543 818 741 674 671 632 765 712 714 757 824 548 634 947 849 919 595 549 794 747 657 938 982 624 985 768 900 966 492 556 457 590 946 901 972 426 495 870 887 743 975 437 717 462 970 644 449 810 832 627 450 500 920 642 688 431 777 758 791 929 868 844 823 871 994 995 612 821 931 907 511 728 983 754 542 845 802 881 605 987 585 691 587 641 459 702 420 531 711 977 948 679 561 878
105 550 842 495 474 990 567 954 529 946 961 856 655 668 749 736 469 661 669 756 863 706 865 686 797 599 922 501 514 523 653 451 801 788 823 577 791 622 928 748 424 814 449 994 507 763 879 510 552 576 859 795 887 492 519 905 600 898 691 904 569 881 839 764 609 713 734 927 886 716 468 757 518 836 607 790 690 430 535 917 714 627 551 897 531 515 442 975 900 837 852 891 710 753 428 962 538 742 967 436 895 720 435 654 976 834
193 850 445 472 570 513 749 514 929 851 995 783 984 443 790 794 983 454 624 446 651 458 685 574 921 944 854 779 692 433 801 751 775 787 475 452 755 930 750 586 489 517 976 559 627 730 992 861 653 753 965 747 453 424 688 805 816 786 834 473 502 679 928 553 511 498 710 941 970 583 565 436 712 980 959 934 554 828 648 470 848 609 643 907 812 571 522 678 914 961 811 491 547 713 859 857 768 780 852 948 444 429 904 709 748 754 840 777 969 784 899 807 566 674 532 447 652 931 973 483 853 864 743 763 906 676 868 618 966 964 564 824 772 826 656 637 504 432 580 889 573 645 463 689 500 507 778 776 621 598 820 912 892 925 457 455 711 603 423 626 527 602 841 870 722 756 968 509 581 486 481 757 759 644 576 704 622 590 791 439 937 939 813 817 714 978 815 682 903 919 871 819 945 496
99 883 512 501 695 450 653 891 715 641 747 732 588 683 637 708 443 978 907 930 565 721 647 985 601 876 990 533 496 504 943 449 755 482 590 941 591 704 561 660 618 800 740 455 915 933 815 552 582 917 564 995 932 774 620 492 587 696 758 976 429 897 814 538 456 785 680 968 668 654 972 918 652 584 432 480 491 913 575 836 670 603 925 878 760 889 792 824 783 645 656 531 650 677 914 808 448 625 422 571
278 899 955 963 862 635 991 903 714 504 728 853 831 755 960 873 769 777 478 763 475 829 949 945 730 596 723 846 928 706 574 968 836 680 739 861 845 934 803 786 632 577 996 922 758 522 543 725 890 492 933 555 618 650 712 663 701 508 823 731 581 965 509 682 603 699 580 438 426 563 443 576 673 812 708 645 695 616 983 888 476 722 433 997 686 751 535 685 633 707 507 448 842 944 797 940 457 799 480 760 858 819 929 592 584 606 534 919 501 768 450 864 726 762 941 779 445 995 437 568 808 429 637 551 975 435 770 832 947 856 953 750 800 559 530 895 867 544 798 700 826 772 651 883 898 688 594 713 423 805 705 843 924 767 737 493 809 619 724 980 441 844 909 451 467 600 425 691 630 742 452 560 976 828 969 613 589 771 925 915 505 656 500 693 741 670 440 804 747 629 612 917 988 837 621 624 759 916 872 894 709 424 937 869 702 887 627 579 597 791 946 840 859 488 485 678 990 477 761 591 773 556 718 547 745 531 839 854 830 564 428 692 582 523 958 790 932 738 446 863 835 634 694 793 959 970 484 674 463 848 436 875 462 811 601 667 550 884 734 473 973 587 565 801 647 696 942 870 526 984 926 676 935 593 824 496 491 640 520
1 609
283 858 440 431 680 480 681 571 842 838 821 750 726 544 471 662 937 833 597 453 700 456 539 631 856 506 845 922 701 625 782 666 605 861 603 604 841 670 787 776 973 940 731 552 816 894 622 654 754 608 524 428 870 441 783 926 633 872 647 712 746 820 859 684 863 738 757 869 467 899 514 457 623 458 554 613 550 520 943 438 946 761 523 426 879 835 611 479 527 917 986 447 579 673 905 732 766 436 976 912 473 521 442 794 957 714 998 777 493 475 723 850 558 448 695 468 711 628 984 989 696 834 618 614 519 671 847 643 686 499 454 561 678 758 808 650 512 649 427 586 574 742 449 895 743 768 938 933 677 982 729 909 606 587 942 893 849 981 547 616 656 433 621 535 439 562 636 950 888 674 518 918 878 978 826 525 737 531 903 965 889 697 906 846 857 897 877 767 725 931 913 759 972 817 542 954 489 494 862 830 874 581 478 632 837 630 745 599 919 749 624 962 770 887 626 507 968 944 851 709 927 658 992 875 864 484 883 590 932 811 967 505 882 462 476 775 516 994 532 853 589 693 607 798 763 548 526 481 739 517 868 741 500 975 819 914 464 683 704 790 577 472 923 501 871 791 699 786 455 747 936 598 961 803 720 602 470 949 832 964 915 748 935 916
268 646 964 527 880 756 917 888 881 468 848 954 431 657 521 536 451 836 638 463 507 477 654 640 565 598 689 863 659 750 696 433 648 720 721 817 752 574 933 857 820 915 786 629 543 645 827 582 850 680 679 583 742 526 967 943 528 732 552 748 653 437 687 594 743 981 488 932 723 987 946 694 610 883 621 666 877 438 447 476 911 871 483 904 872 693 631 905 861 734 566 787 461 486 623 509 909 866 840 555 839 841 879 702 737 475 637 668 819 624 562 478 601 994 769 688 511 467 622 591 955 428 890 593 698 894 772 460 960 722 899 908 493 885 846 604 672 966 972 834 906 970 699 947 545 728 823 942 454 472 588 567 736 788 535 641 878 579 937 441 929 799 807 669 661 450 655 686 608 479 602 430 442 542 516 469 508 963 903 765 986 561 973 457 739 651 554 778 767 499 898 781 439 683 907 663 969 896 677 746 665 806 884 649 595 427 564 619 813 547 609 658 650 971 998 681 733 931 744 920 837 859 573 636 901 501 944 520 913 982 577 785 453 585 783 494 825 980 675 481 550 436 558 606 758 590 551 613 740 643 868 948 939 940 557 779 938 959 432 962 674 673 719 830 635 652 892 867 690
116 581 906 583 654 917 433 938 995 837 831 558 948 612 772 706 964 481 806 862 582 867 568 997 593 644 444 947 762 660 510 840 729 951 753 506 946 820 920 866 696 595 500 642 553 471 980 621 848 646 817 578 966 815 782 933 909 892 554 460 605 456 528 882 686 748 545 647 485 680 608 505 478 622 661 988 454 829 921 865 618 614 855 672 956 640 723 902 973 962 579 436 482 492 627 636 697 738 645 905 714 681 676 981 851 793 756 708 908 811 868 475 984 542 543 770 971
240 754 746 625 455 975 652 783 600 901 589 571 680 447 496 856 861 779 886 976 537 805 749 517 492 516 732 817 639 604 924 977 470 506 640 594 577 898 650 581 485 672 790 683 905 673 500 465 747 598 502 820 568 711 791 834 795 618 658 718 829 533 887 873 952 681 868 927 774 958 785 998 430 615 979 458 521 974 912 602 702 961 586 651 872 493 687 923 610 859 690 442 970 893 755 773 632 891 488 995 513 546 758 557 909 682 954 710 812 647 489 870 476 434 514 931 964 713 558 547 701 902 646 884 471 922 551 835 498 560 429 860 532 599 894 907 666 438 664 503 583 539 968 441 797 545 590 444 665 648 636 903 882 629 446 645 878 971 443 559 561 947 700 566 708 966 810 946 643 807 634 849 965 983 497 696 685 592 845 722 804 908 694 656 555 669 473 816 481 528 675 994 731 770 775 751 507 999 630 776 596 939 553 684 814 910 459 876 490 734 973 953 693 753 957 463 619 670 844 889 627 552 635 798 913 580 900 730 949 436 704 660 740 890 601 897 461 529 570 777 541
253 743 883 724 964 505 944 920 985 430 647 542 531 669 634 695 721 825 664 638 747 687 633 665 558 581 975 916 679 928 955 961 503 917 471 732 815 787 705 954 841 442 561 947 468 775 441 939 553 447 546 654 792 753 715 709 926 484 536 921 429 516 980 680 433 854 783 495 909 858 585 593 584 476 729 682 540 445 785 736 641 844 707 649 971 865 820 615 566 522 570 833 685 619 752 449 458 927 555 574 485 804 793 739 918 660 580 673 474 507 520 782 984 599 952 565 771 463 497 942 545 626 465 915 492 768 906 800 811 798 995 911 857 667 745 963 997 896 898 577 477 903 606 759 598 460 519 496 788 686 970 698 728 730 500 733 602 438 472 799 512 727 621 812 751 506 877 966 748 912 467 741 794 453 612 663 622 511 710 714 744 454 860 951 462 872 479 892 712 651 444 761 613 837 435 640 816 693 560 776 514 913 614 867 601 704 723 482 538 786 618 437 900 821 827 856 806 571 646 691 866 740 508 676 902 655 914 769 535 722 617 517 499 836 922 684 767 849 623 817 978 583 818 690 548 870 796 524 528 700 755 490 891 530
148 501 783 671 730 471 604 834 575 688 771 487 569 861 821 677 899 606 849 764 571 502 615 791 675 509 826 910 448 659 647 795 517 458 503 987 917 618 983 533 666 472 886 755 954 781 961 491 585 562 712 689 775 463 547 812 551 895 582 683 486 748 984 578 661 890 570 846 566 572 828 903 950 947 743 829 841 759 767 913 769 716 649 617 679 797 597 765 685 452 699 540 898 928 492 498 639 581 774 520 544 563 982 584 475 739 735 719 470 636 557 905 495 506 583 969 944 555 871 946 856 484 687 835 473 747 836 924 887 940 508 973 664 451 531 971 658 610 816 630 778 750 620 742 784 725 514 799 541
28 993 793 435 690 479 983 788 716 718 841 999 671 795 571 782 655 952 609 727 533 846 833 510 624 490 488 748 757
270 646 987 782 520 876 921 677 616 522 821 754 455 555 580 650 820 439 442 586 926 550 594 854 856 445 982 764 665 748 546 778 489 824 883 627 933 843 899 744 983 832 538 640 917 970 712 528 458 656 951 446 795 512 610 988 984 454 645 724 449 676 770 903 868 776 896 895 490 673 879 685 736 745 893 612 743 825 470 614 526 802 450 862 956 635 852 603 848 633 967 544 769 798 779 664 471 451 731 960 475 593 882 642 965 514 624 574 809 567 487 822 977 853 942 462 813 765 465 939 671 562 517 587 503 511 591 500 780 961 459 804 483 682 711 974 697 753 980 891 684 966 946 696 588 570 531 923 716 482 996 452 466 772 615 870 963 626 865 904 781 581 861 565 762 669 929 681 901 579 643 972 687 437 729 936 805 668 740 971 448 474 934 444 584 849 742 468 910 735 760 505 872 549 556 784 592 497 900 523 608 713 502 973 749 950 850 831 485 639 806 548 726 766 886 700 701 811 763 666 995 818 720 636 600 857 432 484 841 727 582 690 438 601 940 920 532 925 541 568 985 773 622 611 791 675 889 595 902 698 810 863 652 750 440 686 846 976 515 757 648 467 661 723 606 558 916 789 935 894 1000
170 593 859 689 455 774 510 783 518 879 905 860 704 684 959 887 472 546 586 770 592 583 920 597 806 741 488 525 495 498 461 760 899 441 501 983 843 567 702 790 767 785 534 674 781 581 996 557 721 900 842 522 773 762 668 765 804 463 575 693 434 935 869 880 919 801 541 676 553 729 730 720 491 644 922 544 445 487 447 531 776 970 726 484 838 889 494 669 893 732 590 467 660 861 571 481 692 754 966 837 777 492 722 650 753 989 717 852 997 784 871 761 820 792 444 845 901 617 679 875 611 519 737 440 926 988 529 556 972 872 977 933 849 460 709 643 999 620 991 568 572 576 664 656 589 724 602 520 537 555 805 974 459 892 591 969 946 1000 604 714 836 794 601 505 812 815 949 923 694 868 708
51 727 698 700 565 981 710 723 984 619 642 443 534 463 783 988 536 939 796 970 657 913 938 826 917 590 641 493 793 828 720 868 691 888 635 581 919 921 806 771 477 908 640 541 717 562 867 613 853 653 699 668
211 805 449 777 797 447 864 466 518 970 739 837 473 658 452 709 699 818 633 578 767 561 794 981 814 643 895 594 998 983 959 861 637 860 577 965 600 1000 436 755 957 537 517 780 807 700 698 783 886 516 872 593 938 779 455 758 917 876 816 770 585 810 852 444 572 527 858 802 890 834 987 560 552 743 724 937 978 874 905 828 854 927 944 597 941 977 526 980 640 939 659 644 498 623 866 728 474 636 771 734 712 598 440 535 856 599 569 503 732 781 745 911 575 947 556 697 647 819 815 831 677 438 545 547 936 695 451 550 951 485 822 897 706 855 865 720 884 733 847 915 609 682 827 902 628 958 782 744 461 887 859 603 803 714 850 505 530 458 883 934 750 620 465 759 450 880 995 534 680 492 898 538 531 925 645 488 751 765 624 442 945 524 762 548 675 684 806 641 576 786 486 832 817 510 893 701 662 653 871 842 875 484 756 986 529 511 841 838 472 923 555 543
99 850 849 592 596 607 554 896 848 441 447 690 468 999 500 855 806 680 466 742 744 812 737 646 628 715 964 746 565 532 997 594 553 572 782 753 575 932 765 754 662 784 739 763 956 567 700 475 807 521 645 472 826 656 696 570 688 608 711 761 562 623 893 808 585 438 657 949 659 529 885 462 503 901 541 671 522 589 998 813 910 772 591 647 644 984 735 634 978 935 733 556 613 693 552 870 889 545 876 936
67 853 723 804 994 909 750 935 954 919 844 732 590 886 654 920 888 514 438 643 671 901 984 820 616 704 597 461 698 462 1000 955 788 811 903 559 515 949 711 816 673 558 906 717 808 754 572 469 599 734 735 641 625 444 564 507 685 770 846 628 475 476 651 917 925 646 823 480
46 862 518 467 944 638 841 557 857 849 988 548 674 796 961 543 568 605 438 735 473 926 563 533 682 516 571 546 804 962 653 871 860 927 766 981 608 866 691 844 884 810 466 534 490 651 1000
105 773 750 578 648 930 944 809 503 762 959 884 479 515 575 731 994 864 851 782 657 735 985 656 775 955 698 457 567 535 585 791 708 881 694 588 948 471 852 911 935 749 901 971 813 784 964 493 858 593 625 990 976 931 988 453 674 650 552 546 927 600 875 601 679 713 918 700 915 688 928 623 587 788 521 591 475 995 604 505 663 821 763 689 839 620 936 729 984 632 804 856 836 565 767 924 485 824 464 557 472 640 992 913 974 607
256 476 662 551 827 988 535 448 978 710 949 465 879 621 740 554 782 729 808 788 699 525 952 503 507 547 493 674 885 898 771 888 847 975 943 693 721 683 846 914 764 511 934 912 663 796 910 602 545 555 460 880 687 452 812 841 600 703 989 916 528 911 701 639 780 470 613 868 616 500 648 825 657 655 557 553 831 689 723 668 587 584 924 696 667 585 826 630 704 930 670 899 863 565 985 802 830 462 724 566 594 794 999 480 579 453 738 717 541 492 592 672 872 903 505 715 485 483 726 996 862 744 795 629 543 695 842 900 838 690 652 508 697 727 820 939 936 896 540 656 522 488 443 1000 578 487 859 607 599 882 698 472 524 921 658 561 816 571 591 614 569 575 713 559 904 918 468 611 478 761 612 735 874 803 931 783 679 442 983 523 734 681 906 848 685 542 645 736 861 675 705 673 894 577 947 568 751 976 447 957 620 959 758 845 929 692 982 677 866 641 849 787 867 494 615 840 945 804 843 608 669 513 772 909 502 712 960 496 530 573 481 926 444 583 659 875 635 632 741 813 973 824 746 807 819 991 580 719 801 512 532 732 678 637 821 627 944
297 782 629 875 789 986 794 922 863 902 731 528 607 786 453 838 668 512 581 952 687 693 944 760 590 873 703 628 801 771 832 954 486 584 925 699 521 870 737 648 686 582 897 569 950 857 536 622 502 995 891 652 994 834 787 604 477 596 847 719 503 837 980 894 917 849 981 988 487 551 827 828 579 445 963 585 997 803 852 478 815 956 957 705 685 560 520 466 611 895 754 507 689 631 578 752 733 936 874 781 853 548 966 961 811 909 930 522 903 883 444 695 704 750 911 649 595 953 682 563 758 661 640 833 900 958 523 740 899 886 759 938 655 616 756 747 793 718 739 591 716 816 817 677 546 813 469 734 964 441 987 679 979 998 571 552 460 726 858 602 633 517 573 597 448 767 885 959 643 878 451 896 871 514 736 576 939 738 882 946 798 565 532 608 555 879 970 749 839 797 919 525 680 618 725 744 777 570 967 463 992 912 516 598 985 848 485 455 592 774 449 506 662 625 792 504 465 753 619 905 610 666 713 663 587 814 468 672 840 499 556 511 812 575 683 755 867 496 588 543 943 764 538 846 770 831 761 708 926 624 697 962 518 809 694 589 706 673 862 464 948 806 850 928 712 968 715 510 914 869 729 805 681 639 989 975 667 659 802 446 497 745 860 505 653 612 757 476 887 670 494 889 796 475 480 845 674 527
195 456 899 744 673 837 463 714 460 493 926 511 836 529 470 818 700 473 446 644 634 448 683 518 982 983 615 920 793 895 944 873 525 881 588 548 601 731 922 911 975 467 832 796 534 766 587 624 509 526 966 684 876 959 870 814 689 667 686 508 549 808 794 817 520 535 651 757 496 892 603 480 762 569 908 871 783 551 869 698 666 656 897 447 567 607 884 685 633 852 792 650 564 464 787 917 675 485 617 678 512 924 559 637 938 537 843 531 752 739 859 820 932 978 860 599 478 672 502 499 801 660 863 785 695 500 495 655 970 919 915 933 612 789 770 632 826 902 516 958 547 642 866 772 544 994 887 779 952 746 962 755 533 462 951 968 570 857 575 586 736 553 999 710 721 880 943 579 489 879 539 936 501 780 925 872 540 715 527 992 972 697 984 861 790 850 720 605 469 614 706 475 457 519 719 900
17 503 598 832 530 512 560 675 948 969 519 887 761 937 654 650 697 840
108 612 860 774 574 524 935 555 561 632 676 687 865 655 520 785 971 990 751 937 984 659 807 741 735 699 890 742 750 639 496 957 514 630 858 781 448 917 936 546 768 621 457 548 471 616 544 934 648 959 814 635 791 827 545 975 859 870 706 915 521 482 718 537 620 908 692 775 830 649 873 460 729 789 509 508 619 983 815 787 939 472 638 770 578 894 716 793 745 465 488 707 795 709 702 950 792 642 562 981 478 674 615 665 529 948 872 657 891
24 827 518 818 865 968 861 685 961 467 542 543 997 616 627 976 628 612 762 864 835 905 620 830 974
40 765 846 853 623 880 810 750 612 656 655 564 906 585 542 611 471 697 993 579 925 975 871 663 505 866 940 571 622 776 498 673 600 604 945 676 617 518 581 827 802
89 629 907 999 721 760 466 605 800 483 982 920 553 843 860 517 578 622 989 450 923 685 451 900 574 844 893 587 906 566 534 717 478 486 651 507 598 530 740 817 892 455 801 565 589 773 462 881 793 626 794 689 521 447 851 501 813 812 956 555 972 1000 531 914 894 962 528 657 612 560 829 727 655 588 713 902 855 796 545 654 832 492 644 500 510 991 529 885 969 833
210 738 471 503 860 485 885 851 990 615 854 788 889 520 883 955 668 813 491 950 694 974 630 571 892 549 926 480 488 762 533 923 551 465 448 976 811 869 837 697 809 572 988 552 887 938 678 751 834 701 877 866 864 671 954 989 590 530 685 714 574 734 643 588 495 801 636 614 747 968 960 927 482 911 991 838 637 779 895 971 793 914 994 966 821 985 493 698 871 806 609 517 913 794 509 810 467 902 529 870 915 893 536 547 592 846 888 749 501 936 624 761 781 909 641 516 710 949 740 566 708 744 758 935 928 814 898 946 461 644 484 759 756 657 498 850 582 952 512 613 790 492 655 691 972 669 477 722 881 886 739 647 764 504 920 919 706 490 959 548 910 658 579 584 856 812 767 581 681 457 597 653 670 526 555 452 656 478 608 774 621 543 511 884 967 818 649 557 907 553 699 997 775 832 721 723 626 583 900 890 872 502 840 607 567 735 559 570 784 640 460
4 879 653 765 712
205 693 734 771 594 736 464 542 711 540 766 664 970 662 950 868 569 809 855 610 801 676 669 828 861 852 982 592 473 923 572 957 725 590 522 961 559 708 471 836 546 838 460 733 750 477 495 702 511 774 788 638 598 902 494 465 650 983 459 531 964 780 745 891 884 674 803 574 844 760 657 893 675 591 896 605 512 672 696 969 548 624 539 685 476 777 634 882 507 877 751 886 965 727 455 959 753 825 822 479 863 742 735 954 692 816 666 713 677 786 787 918 972 580 740 881 620 813 710 500 808 755 635 581 732 472 490 690 875 551 509 804 543 815 665 704 892 681 974 997 864 564 894 762 920 921 913 814 761 871 602 545 793 927 943 688 595 835 615 467 518 585 468 994 643 516 873 824 947 461 980 552 603 586 515 784 576 570 829 843 721 798 996 878 942 897 752 649 915 607 593 928 754 743 667 538 678 568 729 628 532 764 905 454 775 989
2 582 517
22 795 659 605 709 840 707 902 706 937 885 967 931 626 876 722 648 747 940 865 655 891 554
258 462 895 786 460 733 875 709 872 536 928 470 482 479 929 833 575 985 490 461 931 900 861 710 491 548 665 579 840 747 728 906 537 982 865 562 663 898 778 543 465 828 486 794 998 917 602 792 540 798 724 807 827 610 700 696 656 962 497 456 619 822 950 539 936 542 667 888 883 737 873 717 784 923 561 502 474 788 749 669 902 731 566 498 809 880 689 647 653 483 741 910 763 478 860 622 949 553 849 999 646 639 819 615 708 974 976 988 853 739 984 939 921 518 580 454 732 854 726 857 738 839 945 908 858 713 918 790 842 870 736 463 584 805 757 604 937 485 729 783 871 612 692 611 856 471 641 930 744 587 846 676 801 859 725 894 507 765 804 956 780 953 874 527 681 848 626 884 813 576 545 893 834 551 664 991 877 620 779 901 598 987 851 764 678 703 989 948 694 528 933 903 499 715 826 695 915 753 567 547 836 963 666 889 980 506 958 494 887 862 926 512 771 565 838 832 868 730 907 648 718 782 799 519 806 864 632 690 714 941 511 637 679 674 651 879 816 885 831 748 797 609 618 855 650 817 492 707 680 614 964 803 752 975 530 693 756 628 546
67 530 926 918 993 828 707 754 654 631 499 896 586 488 789 613 456 462 472 633 947 554 722 497 691 490 457 784 929 563 715 875 521 799 674 610 970 888 810 874 943 649 775 793 778 611 794 500 583 951 675 608 700 780 684 949 712 767 653 743 848 601 589 520 838 792 720 982
147 541 866 564 676 518 953 591 916 633 602 623 733 487 673 945 554 613 696 900 856 652 556 918 860 759 471 634 573 763 987 896 942 491 497 937 700 857 578 461 685 658 863 598 474 668 742 574 994 822 776 851 559 818 965 788 800 697 552 614 566 534 752 599 653 925 547 802 519 909 705 862 781 824 516 648 686 549 998 731 840 746 933 874 881 515 709 495 973 981 563 884 712 610 506 508 855 460 473 667 832 789 932 869 645 553 955 481 715 684 457 757 999 786 567 550 845 662 921 799 694 756 478 833 722 713 555 569 687 527 870 618 785 520 659 557 647 907 954 627 982 876 931 649 455 830 972 782
78 871 590 698 526 787 597 699 896 970 918 986 499 718 874 885 574 766 507 706 906 950 934 962 790 813 763 882 820 944 522 593 721 865 769 890 538 775 889 531 965 635 940 632 701 670 801 870 687 527 902 494 912 742 644 761 755 616 789 781 614 475 673 671 537 469 899 907 561 737 983 822 624 541 625 776 987 969 690
110 987 633 507 612 500 867 725 888 581 940 682 621 934 850 707 908 631 489 976 977 568 611 689 512 702 852 687 597 953 567 719 909 737 546 808 831 994 480 856 863 606 557 548 591 881 729 575 932 571 486 821 667 773 577 711 604 632 554 897 872 806 646 514 740 539 945 516 723 826 508 731 718 714 875 681 970 626 559 750 748 855 981 753 929 842 671 800 685 700 754 758 950 587 478 698 672 928 877 930 959 985 497 794 491 695 887 588 783 465 756
80 532 940 726 894 615 882 675 788 874 463 633 857 918 776 685 616 770 641 505 872 999 895 665 907 721 577 950 810 753 833 820 510 751 459 945 652 913 982 938 535 928 925 573 709 742 975 818 803 509 904 516 469 572 988 970 842 564 864 943 629 465 755 711 460 657 481 474 987 646 728 782 523 578 898 569 800 467 946 869 489
118 669 815 721 542 860 473 832 747 612 523 597 462 660 535 671 498 519 578 811 562 537 981 774 991 696 744 932 877 489 821 876 613 655 990 952 797 925 575 529 798 551 864 970 673 518 647 947 834 600 491 641 515 825 871 813 773 927 637 833 629 850 616 986 693 972 827 941 735 853 666 916 471 599 820 852 560 632 743 973 698 607 817 783 481 980 718 923 776 955 911 867 729 907 812 842 546 719 917 580 728 985 854 624 763 845 478 761 548 541 516 960 484 678 992 643 975 476 642
113 618 640 913 930 931 832 923 632 862 734 518 894 634 568 471 879 773 647 538 610 668 744 797 549 600 667 635 607 507 939 524 674 749 576 751 919 701 614 542 636 660 907 637 929 526 793 935 679 727 470 747 762 834 956 884 671 516 689 552 616 707 739 979 870 472 945 686 481 530 977 858 819 665 777 536 918 711 706 912 908 769 974 911 726 857 789 981 933 682 649 937 659 774 597 638 541 585 842 794 967 463 692 608 757 836 808 515 798 563 619 644 888 946
183 549 824 618 990 598 814 701 975 973 772 794 713 843 800 477 563 921 729 854 703 500 600 776 526 690 575 902 462 875 510 467 640 689 971 791 614 997 753 484 708 757 884 612 472 481 734 978 474 953 846 830 672 628 469 695 934 876 786 775 622 662 918 601 877 828 856 727 913 880 751 680 561 859 914 987 664 871 587 950 773 668 503 963 688 821 965 615 629 602 581 566 996 671 874 508 745 917 633 755 712 487 537 593 849 494 567 774 528 927 816 933 667 801 896 550 807 592 686 714 881 683 964 897 482 840 932 982 783 626 574 984 491 728 687 619 540 852 520 536 673 825 596 711 957 937 565 947 507 901 607 795 478 670 788 872 513 943 475 983 920 632 752 495 860 466 583 936 750 857 527 470 851 538 988 501 579 488 797 850 562 625 792 505
147 941 489 886 880 473 901 740 783 977 523 982 870 939 762 994 522 845 792 869 530 558 683 706 586 556 614 980 800 911 747 629 894 734 488 681 514 832 804 577 535 596 495 978 969 799 736 967 819 1000 466 835 936 680 794 667 827 472 913 561 858 655 917 860 654 627 808 769 691 842 878 816 998 791 786 688 943 516 861 766 877 896 693 758 809 498 908 823 707 728 668 947 888 873 727 775 992 644 637 949 527 653 757 551 957 773 919 839 810 899 789 876 555 515 487 735 679 852 643 560 731 476 853 865 968 959 717 934 737 822 578 900 723 837 984 552 872 974 584 767 599 770 933 855 509 511 724 543
97 512 792 631 595 629 979 838 545 480 574 580 907 879 891 749 697 586 507 947 853 508 989 564 693 875 832 920 721 803 525 557 952 953 632 999 996 500 966 611 982 921 593 653 813 961 490 984 790 977 892 659 550 528 967 705 874 572 668 535 509 816 744 906 854 991 926 624 866 973 884 839 566 779 777 824 789 470 958 883 819 563 951 829 533 515 919 630 579 775 582 673 672 587 857 923 707 733
33 636 790 878 810 530 774 582 764 944 546 922 843 833 864 955 778 626 971 691 957 786 872 838 589 871 826 854 578 642 515 973 769 787
112 970 914 869 531 536 892 852 523 701 822 846 665 585 917 925 628 490 766 994 626 647 564 778 634 767 617 871 724 956 708 898 840 475 983 620 550 560 832 854 996 780 586 997 668 757 930 692 514 737 886 965 660 777 530 769 868 465 569 664 816 743 801 819 804 566 794 950 548 904 902 981 671 592 873 570 745 510 482 911 964 912 817 494 993 969 693 594 992 657 599 651 799 764 802 580 755 895 697 648 916 919 787 987 958 593 704 583 921 1000 614 527 772
226 739 614 887 498 702 815 898 988 520 825 943 591 994 907 584 637 807 728 978 623 999 793 696 653 709 617 969 856 806 551 818 639 672 616 644 993 603 705 516 682 853 727 577 557 471 534 610 952 736 695 468 613 508 474 941 828 649 781 769 850 750 479 688 692 767 923 633 743 662 935 959 755 542 716 926 910 909 761 778 842 487 632 774 601 683 668 821 475 679 972 646 581 685 528 630 854 600 484 822 958 567 539 773 826 803 911 562 966 521 983 872 582 892 703 659 694 749 676 506 783 886 612 638 504 947 961 780 791 570 890 745 706 824 665 918 927 566 561 939 522 955 608 724 889 671 556 565 979 832 998 532 733 913 738 636 732 971 973 915 916 888 537 851 840 797 862 697 540 666 921 756 544 507 552 751 622 880 792 869 865 680 686 629 873 894 759 473 920 784 492 984 919 855 899 766 820 519 734 472 670 585 580 813 940 625 876 772 811 684 844 605 891 764 526 987 531 839 568 737 642 747 691 563 893 762 497
183 940 821 771 827 927 618 807 560 747 536 902 767 848 990 787 541 748 637 762 980 667 598 509 904 841 939 895 936 725 555 958 539 671 864 830 795 646 804 891 552 993 808 696 597 966 632 645 826 587 605 836 952 728 778 953 639 673 745 572 684 570 909 578 789 526 676 846 582 867 928 515 777 961 932 737 781 556 708 690 715 896 621 599 919 760 692 565 514 799 507 860 810 973 614 697 750 543 796 622 749 701 519 635 516 716 563 828 878 887 479 946 862 851 988 943 486 883 557 977 829 885 584 478 588 801 794 954 949 633 679 616 672 600 982 915 865 641 913 884 658 630 746 987 607 894 812 838 661 926 719 723 742 663 540 756 835 626 911 847 496 668 814 763 596 474 634 702 892 964 613 591 664 983 1000 642 666 844 959 853 577 602 714 785
207 629 483 859 651 905 846 959 661 799 935 811 633 702 534 979 659 774 492 832 647 815 825 990 523 771 477 583 641 997 608 476 604 806 630 570 501 908 561 548 802 782 703 712 611 973 736 850 701 746 713 562 856 893 597 926 904 917 957 490 820 720 555 882 495 992 580 493 795 966 472 773 675 732 789 515 747 864 658 937 657 697 885 686 717 691 829 480 571 786 519 710 513 481 708 737 547 642 711 679 487 819 634 539 868 607 781 512 748 524 791 886 770 899 652 722 592 550 987 928 847 584 739 540 632 863 932 901 785 639 745 677 581 844 796 925 589 669 600 531 627 837 849 972 818 695 984 670 714 479 688 683 552 920 749 602 841 706 499 967 585 960 933 968 921 650 787 872 969 618 831 993 620 762 986 971 909 538 956 922 945 614 601 919 994 898 532 621 577 533 902 934 869 970 995 553 759 678 914 530 667 587 999 998 758 840 954 598
22 618 609 526 632 901 607 691 501 972 573 505 597 641 627 1000 910 957 571 781 945 751 915
150 835 768 913 935 634 973 702 622 710 694 812 534 944 601 895 580 603 506 882 826 857 516 757 763 876 759 870 524 996 979 627 848 816 706 730 558 891 977 480 968 892 980 513 837 959 692 636 749 555 766 753 550 707 919 724 712 923 880 997 995 821 492 828 734 774 902 478 505 748 528 718 565 901 963 918 877 619 735 510 554 709 561 653 914 960 676 592 639 745 576 806 723 813 802 679 672 518 643 624 783 846 519 665 740 661 898 867 950 662 655 479 820 572 752 791 633 487 998 683 578 717 721 613 900 861 833 927 904 504 822 695 860 767 647 671 507 887 472 907 972 853 500 648 680 932 953 739 670 543 917
216 736 809 502 522 639 633 974 493 760 630 970 629 831 612 909 782 748 915 563 997 794 887 977 1000 935 489 614 766 705 822 897 946 890 624 955 868 506 745 744 813 663 691 848 655 911 481 540 827 785 692 580 527 858 717 517 801 956 693 927 484 957 710 549 776 841 825 688 601 854 722 498 674 695 967 837 620 784 913 483 811 606 872 968 505 508 715 754 547 492 810 975 485 545 953 982 487 536 519 843 706 644 597 855 876 995 835 564 669 482 556 698 945 787 780 512 994 808 515 733 656 638 521 972 952 914 906 971 742 998 670 558 737 642 516 832 850 510 648 926 668 577 790 896 537 611 686 990 899 978 683 976 751 478 860 491 562 948 823 815 942 864 593 697 604 759 572 602 996 940 530 520 622 842 513 621 857 869 645 724 496 912 983 989 723 923 649 943 570 582 791 880 618 471 768 892 699 739 526 937 916 844 600 477 716 779 480 816 865 619 538 804 625 523 495 488 738
26 558 654 910 495 494 532 588 630 506 522 660 946 707 863 809 732 841 683 640 819 961 703 651 565 615 797
188 605 790 645 703 493 653 762 583 625 890 978 795 950 615 661 906 829 788 779 573 738 939 805 508 827 597 992 571 721 916 657 517 891 768 693 919 733 734 883 642 825 818 566 596 612 980 854 554 527 655 526 986 806 951 804 621 506 936 750 498 569 485 631 877 830 873 763 787 650 478 577 505 590 974 971 778 673 675 907 777 504 728 696 474 872 782 547 651 643 592 745 1000 774 864 861 503 945 492 928 516 561 616 609 691 494 705 594 679 611 548 510 922 480 688 648 746 998 760 799 704 826 954 551 717 620 491 555 929 819 483 813 931 812 785 773 553 912 660 871 937 769 801 845 753 995 758 982 499 743 781 578 646 698 748 682 647 716 557 933 764 567 666 533 694 816 585 619 921 966 588 911 970 885 908 723 947 481 584 475 677 807 606 487 550 607 855 523 500
129 505 618 596 736 599 517 503 862 993 819 936 591 988 839 519 701 807 524 926 561 963 745 611 886 636 527 704 866 514 698 729 650 660 689 816 619 755 642 614 864 771 690 772 680 916 859 723 910 834 927 705 952 521 983 965 479 605 621 741 540 937 764 863 688 727 632 623 794 860 844 492 590 976 718 534 538 719 739 720 957 781 991 510 684 494 934 932 845 587 594 725 917 483 569 896 935 699 668 942 663 760 612 987 554 767 535 875 903 675 898 578 532 996 938 662 685 913 975 721 629 836 947 900 606 868 712 752 604 765
42 880 893 495 950 514 726 717 823 978 791 830 657 773 784 714 874 767 529 732 686 794 588 813 670 540 776 741 779 822 889 720 835 499 963 764 668 987 491 864 841 713 907
161 829 748 931 477 607 620 797 597 994 743 783 978 990 775 985 796 586 529 548 924 858 654 533 689 565 562 560 707 695 699 747 996 601 545 481 546 645 992 716 874 575 786 754 513 495 851 879 659 953 981 871 926 623 995 677 564 841 727 670 804 652 571 882 729 988 616 923 979 900 499 483 899 745 579 592 703 983 721 946 509 827 596 861 810 537 760 542 885 496 518 642 793 780 998 535 852 908 639 891 972 650 668 805 873 582 842 909 997 608 816 482 539 866 561 744 895 918 726 488 822 757 576 792 746 838 813 937 492 554 624 778 593 690 849 857 698 798 845 898 696 835 865 632 991 913 869 933 569 843 622 587 630 954 914 634 762 945 769 788 944 949
229 738 934 753 678 604 911 792 749 769 785 733 888 705 489 535 570 711 498 544 959 599 949 609 533 869 898 876 572 517 756 764 817 482 660 632 546 818 771 629 567 896 809 516 694 633 830 912 765 589 975 494 808 782 698 969 561 735 487 603 593 556 794 661 531 875 950 730 719 943 600 915 902 648 704 786 776 828 607 855 811 576 657 768 708 626 925 930 647 859 961 777 485 512 491 510 507 964 852 714 615 839 778 870 933 727 983 928 759 833 583 715 524 850 789 523 686 989 938 787 832 805 731 970 529 478 874 613 665 897 813 922 596 996 814 878 638 571 642 553 664 612 862 597 554 729 646 508 841 518 871 528 707 579 831 948 836 527 901 696 736 724 486 752 526 893 780 899 584 932 973 669 479 793 761 625 904 798 918 653 795 611 960 713 532 497 587 725 484 926 802 807 509 673 823 857 732 655 796 906 687 548 675 500 495 501 594 697 681 709 672 635 985 574 670 592 971 514 618 703 883 910 637 880 552 658 1000 953 667 840
240 683 889 837 881 748 625 590 552 599 621 782 882 901 499 591 776 948 866 715 955 645 576 515 690 822 727 687 586 734 709 629 935 755 614 589 673 563 952 877 660 749 999 501 922 742 538 998 533 747 671 724 978 654 479 536 969 791 832 699 554 567 541 744 664 594 842 973 789 871 648 963 773 865 639 496 772 581 760 733 678 636 810 814 508 492 957 958 905 623 610 562 494 622 643 771 861 762 941 627 854 994 844 746 697 906 657 688 618 834 714 684 525 616 646 560 851 896 551 521 642 858 899 556 519 493 595 928 540 601 547 512 857 949 528 893 558 823 860 498 588 535 640 725 914 864 713 509 862 758 916 873 971 942 656 757 612 602 669 777 635 966 686 988 853 938 698 608 529 926 826 930 831 979 859 904 631 946 641 767 593 923 738 843 534 781 912 951 603 811 875 915 668 953 847 840 649 890 813 490 783 692 910 868 807 617 891 557 849 827 795 981 702 950 700 611 481 931 585 902 569 848 679 845 606 655 975 573 739 968 630 619 513 527 833 820 722 784 553 517 817
170 711 732 484 914 729 985 659 760 654 865 915 532 678 725 872 520 597 602 806 752 538 920 648 559 890 652 554 772 490 960 958 876 988 585 913 694 734 756 764 726 546 560 677 907 604 868 829 646 931 644 621 544 530 640 786 564 824 617 763 959 715 793 529 666 880 813 629 812 507 941 994 822 792 840 488 895 933 748 499 956 983 856 844 747 485 740 837 832 969 650 633 995 567 600 744 993 782 695 556 730 842 624 938 481 867 894 619 879 883 979 940 487 901 628 627 673 493 736 669 647 498 811 541 714 653 698 863 668 870 976 950 871 825 537 797 788 651 850 997 927 489 743 881 638 949 911 838 971 680 753 966 996 742 687 518 661 665 626 631 712 962 855 877 522 575 861 545 780 739 482
17 903 649 915 818 815 975 847 577 643 704 980 662 964 518 553 648 809
206 936 883 994 941 564 908 808 764 565 746 705 981 795 933 590 689 894 776 503 892 653 875 728 724 822 682 901 697 535 814 893 742 834 648 899 863 785 810 918 773 617 891 713 532 586 968 712 492 483 491 826 706 959 497 650 833 630 622 658 860 801 546 769 907 934 626 729 704 600 570 831 674 686 576 538 867 992 562 523 783 513 691 488 580 634 587 982 514 990 608 984 1000 884 818 881 799 615 522 956 486 647 811 512 798 603 896 536 669 916 882 507 790 599 991 912 985 945 687 842 672 508 601 902 597 905 594 937 749 917 551 924 953 640 727 575 545 993 789 613 720 835 969 498 595 751 888 857 873 690 779 854 753 821 920 978 744 869 929 633 656 768 645 616 925 700 663 502 543 555 540 740 780 534 557 737 788 692 913 804 928 862 792 840 701 710 625 736 684 643 714 511 528 874 828 775 870 553 582 895 921 966 765 681 487 848 932
7 989 665 666 962 727 615 683
109 640 571 647 735 997 827 500 726 926 832 711 945 822 616 857 540 592 669 642 580 976 746 999 579 511 705 606 910 992 502 716 486 883 517 814 957 703 902 747 806 881 955 624 788 650 603 609 750 823 686 824 492 907 803 756 655 608 950 718 600 948 564 670 697 809 660 648 861 545 772 946 706 854 520 837 786 751 557 853 607 848 870 885 641 584 981 849 909 886 717 819 617 484 830 664 780 791 638 704 620 792 692 741 694 490 483 908 818 924
156 989 728 968 737 498 844 500 747 704 762 719 961 546 944 510 986 942 506 532 538 861 834 918 953 917 696 740 579 957 878 947 801 501 729 491 774 952 676 511 937 691 805 873 567 778 766 522 678 596 591 867 980 611 604 933 745 586 992 551 913 827 585 802 754 781 530 548 636 693 615 902 784 984 602 659 976 592 537 519 494 877 504 787 756 993 667 818 876 638 859 930 780 584 595 997 508 832 717 810 486 723 574 559 871 843 657 892 965 960 988 581 772 680 645 550 875 643 817 722 700 714 571 768 685 977 682 694 662 539 497 708 794 526 839 853 852 897 791 601 938 733 627 730 812 899 540 948 547 563 665 753 742 609 499 727 881
40 830 492 972 968 713 868 789 905 645 650 587 541 834 603 836 500 507 683 731 631 837 995 808 602 860 608 805 629 685 699 706 863 757 956 974 578 704 546 584 986
173 857 700 989 543 884 618 500 826 623 925 891 610 487 867 737 526 889 909 730 506 566 748 685 837 903 703 893 916 578 818 533 629 721 572 846 922 672 511 995 828 544 567 686 655 913 921 673 696 823 966 756 712 896 716 608 991 729 917 725 820 652 542 907 950 842 781 580 997 806 516 598 792 517 599 811 720 843 540 527 751 538 634 969 759 736 871 523 681 488 536 708 836 888 532 821 619 882 990 717 822 637 877 747 530 988 998 612 985 761 767 668 724 802 649 499 749 718 920 687 565 834 501 738 611 779 863 992 525 958 670 576 740 534 798 911 589 630 872 733 964 498 697 774 868 805 918 581 661 669 908 996 800 977 852 664 755 970 597 639 960 677 976 620 935 676 899 887 870 710 894 923 886 490
121 650 893 601 516 883 847 537 930 885 938 575 502 643 501 654 663 636 553 532 993 625 509 657 818 655 792 801 962 767 568 994 580 937 857 689 969 923 955 781 953 714 600 686 870 524 507 848 712 922 745 736 890 793 612 853 556 593 591 891 924 840 551 662 881 936 698 540 504 521 965 894 707 821 514 743 915 645 985 836 753 629 659 582 837 882 531 704 617 602 491 635 515 950 737 804 673 592 622 787 583 621 525 682 511 967 794 878 789 738 649 718 555 946 656 545 859 809 931 526 624 493
7 979 996 631 937 783 733 766
186 674 935 628 714 549 632 619 779 738 801 561 818 791 665 845 778 908 963 870 676 588 505 926 538 770 960 514 611 972 639 659 921 623 763 980 753 493 861 967 868 627 999 757 564 877 687 605 720 739 626 858 527 740 945 786 807 594 783 811 862 860 491 589 995 802 954 601 521 782 719 578 502 925 600 942 812 666 645 607 675 610 642 566 889 961 604 938 937 840 701 797 866 519 736 943 742 788 759 686 637 975 721 728 887 808 847 494 556 901 933 841 777 882 886 756 826 492 879 693 864 682 931 787 851 821 692 919 799 574 582 876 562 507 785 694 593 920 672 536 907 635 944 950 638 662 643 581 489 669 947 730 918 717 644 703 836 969 548 873 974 990 823 780 563 624 590 622 630 531 979 776 843 881 964 670 968 499 651 718 726 617 629 824 654 850 884
174 643 563 724 873 708 908 814 958 762 861 802 678 847 601 654 845 974 973 662 791 603 795 833 593 616 637 991 895 541 500 740 996 513 516 728 751 668 988 803 999 746 673 972 909 512 966 882 628 935 816 506 927 754 689 865 788 501 838 630 823 617 783 758 866 580 921 734 964 586 853 800 529 569 505 677 527 916 890 548 720 990 699 920 949 794 811 523 680 622 619 748 834 753 539 952 571 504 930 692 525 815 581 528 546 885 897 858 776 953 508 658 712 690 914 697 747 639 538 679 971 963 870 959 510 846 769 544 765 822 695 829 615 496 587 620 1000 717 599 864 492 872 860 674 638 780 570 770 774 998 843 687 509 670 767 937 730 706 495 592 744 743 924 522 985 686 784 704 705 560 797 947 660 549 582
124 891 835 829 956 822 802 867 991 594 744 841 695 959 731 927 938 654 893 557 836 932 771 754 878 510 811 975 679 745 584 532 873 579 880 986 645 502 875 629 955 804 882 760 507 978 498 643 497 940 496 727 750 521 994 547 917 670 877 970 904 676 589 513 707 535 531 637 708 789 881 897 567 697 633 816 923 533 555 605 976 827 741 649 706 582 979 774 709 840 653 821 749 933 736 806 814 622 503 857 809 785 844 799 815 999 838 722 600 876 934 963 945 620 939 951 574 678 696 564 712 859 826 713 604
116 629 664 794 655 542 805 772 559 672 562 974 955 808 965 906 871 695 665 860 742 890 824 846 822 861 648 988 582 497 820 978 670 555 901 939 802 500 615 607 671 883 991 717 540 722 879 932 811 878 813 787 646 832 930 933 498 517 954 735 709 905 981 864 931 740 527 817 507 590 676 711 785 499 601 953 535 748 769 667 612 626 819 996 899 734 949 870 552 806 751 494 963 925 569 577 837 882 888 937 916 784 567 532 587 927 720 781 997 508 545 957 522 719 687 610 892
217 908 727 708 934 834 771 764 887 505 660 752 898 607 644 528 713 782 738 843 619 735 683 871 935 789 930 534 673 890 716 964 654 931 974 800 954 509 565 770 582 653 547 899 776 641 667 568 640 704 796 712 691 651 695 678 784 520 979 730 649 970 692 725 811 865 636 545 743 998 971 980 744 495 690 841 961 900 533 661 785 759 546 952 741 560 763 625 960 731 926 726 906 757 884 736 943 781 949 807 990 503 729 685 889 684 570 869 966 577 823 561 672 671 773 794 540 605 656 642 573 855 604 919 513 719 882 853 702 984 593 544 826 879 595 791 916 886 666 778 986 790 670 967 592 985 813 675 810 515 802 994 689 772 498 550 552 629 504 601 928 965 938 585 903 786 517 832 638 788 937 510 875 574 956 769 584 854 766 909 674 499 911 975 947 633 669 942 668 836 707 588 901 581 917 819 578 606 599 628 635 799 918 569 514 992 721 902 779 698 968 973 780 936 535 818 703 833
81 603 831 591 782 889 499 990 900 609 652 892 770 856 865 733 769 627 517 941 999 918 710 850 704 885 825 566 904 970 938 535 779 951 975 587 533 528 955 649 924 675 985 651 507 691 623 963 631 709 786 511 971 541 909 870 506 529 917 942 745 896 946 542 658 694 868 681 914 833 886 621 804 789 696 494 592 884 741 922 586 614
259 944 633 674 706 954 751 668 672 655 681 637 806 644 928 725 770 696 892 529 968 945 718 1000 685 740 708 570 705 851 646 879 499 679 834 813 575 737 523 594 597 827 645 985 532 772 905 873 836 858 557 993 659 935 870 921 989 810 524 603 955 865 923 694 528 849 516 896 775 875 505 688 504 558 932 771 799 654 948 540 856 796 828 773 693 801 871 653 572 595 988 888 931 909 715 562 731 739 641 926 507 647 832 675 795 531 598 678 724 990 495 574 913 537 951 711 713 549 925 881 900 974 911 912 987 863 983 785 569 538 618 613 652 701 552 761 930 752 760 710 903 952 902 714 964 970 601 783 874 519 571 781 699 853 665 767 808 695 640 866 661 847 750 962 602 939 581 527 852 577 817 940 615 501 823 692 893 855 754 596 712 648 995 605 876 730 631 567 547 891 544 904 616 617 937 682 843 620 561 869 842 733 758 496 846 619 643 814 977 591 721 585 539 906 947 686 838 877 774 822 749 821 553 622 551 996 780 709 497 728 885 747 886 887 535 638 629 550 830 919 826 673 845 520 898 779 895 651 717 689 949 916 984 840 588 530 946 592 777 573
189 619 591 518 864 848 532 964 963 957 685 956 828 749 676 572 818 644 582 667 659 814 624 895 696 743 503 703 774 874 556 661 925 795 953 766 626 712 671 547 590 555 893 765 994 941 929 706 939 772 755 771 835 534 786 649 542 750 609 900 658 675 836 546 686 692 586 967 914 501 857 603 938 735 849 977 580 688 859 968 991 559 898 677 562 522 855 544 767 764 869 643 642 842 989 920 678 628 846 831 903 844 971 665 535 937 566 578 634 588 613 910 514 809 690 502 540 737 708 529 796 870 589 952 663 608 860 917 617 807 961 543 830 753 821 497 866 785 798 742 790 530 896 856 524 657 618 789 853 507 551 713 637 986 884 834 942 655 681 604 817 592 876 622 650 748 777 574 990 788 647 983 754 841 610 854 958 664 931 997 851 536 510 865 916 930 928 999 527 794
125 925 885 565 956 902 619 628 861 858 710 828 979 672 670 675 912 841 777 688 959 901 920 759 717 708 582 756 713 917 889 539 641 726 621 839 947 977 980 689 719 832 911 589 597 681 590 639 805 595 547 806 686 950 845 894 613 849 942 705 843 796 571 926 776 526 803 975 635 604 970 562 524 720 816 552 780 778 715 903 611 620 654 764 869 504 927 762 817 543 994 793 916 538 798 514 753 808 821 706 522 862 669 727 592 789 825 872 518 758 766 809 874 645 694 945 813 531 609 636 725 998 899 987 913 944
69 963 880 713 522 828 519 664 869 936 784 525 616 756 989 806 817 796 578 736 979 795 931 859 672 690 966 841 965 586 714 720 845 737 953 569 802 975 846 905 507 644 935 809 592 799 700 948 585 792 662 927 630 872 785 782 584 697 654 870 590 751 710 640 704 627 540 840 920 669
51 651 908 836 867 687 552 532 790 940 705 920 535 904 510 799 608 931 821 894 778 874 911 617 964 630 826 892 875 956 586 740 526 772 769 914 667 681 733 653 743 688 559 800 840 589 773 700 780 534 952 751
266 742 795 509 599 937 779 691 678 556 866 694 596 924 607 640 706 537 685 741 930 693 565 812 947 746 960 791 798 768 954 574 753 571 603 776 873 662 932 765 644 909 671 862 570 588 592 689 525 886 672 816 827 925 696 648 740 839 626 985 683 973 609 558 919 760 869 726 725 550 583 809 837 989 663 620 944 681 665 912 673 645 904 758 584 851 656 677 755 690 981 965 598 861 508 997 578 850 624 990 964 998 750 703 905 767 983 818 634 891 928 894 859 814 799 745 860 717 785 857 982 716 627 959 643 863 800 680 811 659 728 773 772 729 637 504 917 936 999 557 895 777 700 793 676 631 737 769 915 899 992 707 844 939 695 878 848 887 632 751 586 841 764 972 907 688 794 901 921 888 521 735 562 597 783 934 559 825 710 855 503 828 507 714 630 858 506 897 628 941 955 908 920 523 552 834 651 868 545 842 880 831 874 698 699 958 806 602 922 712 854 906 535 802 820 881 718 589 910 911 715 548 613 845 743 514 819 532 524 950 705 823 675 610 527 617 836 652 668 896 946 629 621 879 978 575 595 534 870 623 807 518 808 875 594 512 606 560 968 658 666 530 611 655 731 540 771
240 508 604 655 675 838 664 532 869 680 610 648 902 572 724 661 957 677 858 930 517 584 946 959 745 888 784 962 815 600 847 660 755 696 698 551 981 878 990 913 781 726 574 625 538 750 747 712 722 857 605 630 509 806 969 830 797 553 984 743 899 596 767 856 707 595 865 970 634 531 593 617 848 541 931 942 609 892 834 785 796 908 932 579 670 762 599 909 550 723 559 940 898 695 589 549 633 665 552 668 534 772 601 721 586 737 558 978 792 953 591 587 746 693 864 642 950 780 719 502 621 805 527 887 577 798 561 804 674 734 789 571 764 849 882 997 951 658 986 845 706 782 687 799 613 575 840 710 803 512 941 547 735 592 844 779 963 697 535 802 861 602 800 739 944 758 763 521 715 952 832 546 744 905 583 679 567 523 813 809 972 788 880 863 576 774 612 562 812 807 876 748 968 686 841 979 543 821 835 801 691 894 893 992 585 659 518 652 653 597 537 988 548 852 901 771 791 705 736 650 727 915 867 759 628 824 778 870 510 742 795 533 883 900 522 828 711 973 678 654 912
208 908 874 784 962 811 536 836 947 516 900 611 701 813 935 570 830 815 822 797 599 867 655 856 587 997 832 849 673 842 653 926 878 663 698 915 691 946 930 609 535 511 664 597 717 593 863 506 642 931 523 950 508 828 504 526 736 755 952 628 544 686 518 789 782 515 592 780 583 938 693 732 715 625 809 979 912 969 816 726 744 775 762 824 971 608 772 879 757 685 812 745 978 936 860 835 800 793 967 690 727 986 612 740 624 779 818 549 510 902 554 959 910 636 639 586 537 692 550 678 603 866 956 803 618 614 889 933 641 916 531 572 787 672 562 718 998 637 615 759 808 802 805 927 623 973 791 773 704 876 981 720 533 548 761 999 988 658 643 814 833 972 703 943 993 648 769 606 785 826 654 705 560 708 616 563 594 839 722 543 711 810 589 792 590 682 843 646 854 963 871 907 747 885 790 847 961 545 710 996 767 862 539 677 579 660 669 768 944
259 827 918 705 680 939 736 822 752 936 894 578 848 857 804 814 961 648 564 859 568 878 587 630 667 800 572 511 820 510 603 930 524 991 929 579 950 693 946 811 805 651 596 784 620 914 862 781 717 647 546 559 571 540 747 666 791 566 640 771 509 729 782 657 690 960 508 839 892 757 897 995 694 639 755 803 989 744 968 650 604 927 610 692 824 998 917 978 792 749 730 512 655 817 522 593 994 922 662 712 845 533 681 590 645 987 704 617 652 547 763 881 529 683 938 549 949 832 907 758 592 865 816 607 928 958 668 698 589 724 924 703 527 526 952 728 999 575 895 676 873 580 948 790 858 797 975 689 931 833 671 783 643 853 906 553 935 517 874 823 624 713 766 888 821 849 852 886 598 806 628 944 856 627 552 660 768 560 700 539 641 536 901 923 720 733 732 685 609 562 702 920 981 611 734 963 898 555 656 945 764 740 926 880 776 633 933 876 887 687 753 548 634 726 867 567 743 875 964 990 905 925 903 691 677 514 872 785 594 985 976 570 912 831 767 505 971 787 550 615 855 646 561 900 810 798 910 889 769 558 543 725 1000 788 854 722 982 756 826 738
263 726 597 598 852 655 589 846 741 709 753 665 573 896 748 691 613 663 524 687 934 988 785 654 765 780 805 536 841 908 555 861 814 967 767 602 607 693 751 552 539 900 875 897 940 914 719 641 968 666 912 720 827 510 777 583 845 825 775 913 826 976 936 584 505 538 625 850 615 804 523 837 791 672 779 707 728 828 918 928 942 526 856 636 937 715 990 537 778 504 577 801 618 525 724 903 888 562 855 909 944 964 764 833 844 530 898 960 911 669 950 710 821 735 971 549 600 989 638 938 955 808 611 668 962 652 823 872 983 744 511 860 704 966 606 987 567 601 586 933 963 840 556 541 622 529 980 817 991 696 684 893 683 878 863 948 947 569 675 865 509 796 939 820 645 904 739 570 770 972 954 532 590 854 916 919 871 714 802 997 810 508 517 731 626 546 831 927 544 554 623 664 986 627 752 659 723 895 868 512 711 685 692 771 575 781 985 975 749 789 811 835 540 730 543 676 941 705 929 574 824 858 848 995 678 718 803 759 702 881 838 755 605 769 951 632 992 763 595 527 890 935 754 768 859 547 996 874 568 560 746 559 946 617 643 689 982 690 915 883 999 609 790 519
189 978 939 752 847 714 808 655 631 938 713 928 734 509 850 813 833 744 944 956 665 549 649 617 840 704 862 950 590 905 805 650 614 682 802 640 897 611 729 962 875 749 882 557 652 987 788 643 869 522 798 915 719 692 543 878 753 722 697 774 825 591 580 740 685 787 861 739 990 726 989 548 797 858 820 827 653 684 666 575 659 759 761 648 551 654 777 968 524 834 616 517 864 573 703 570 536 921 662 786 686 751 867 724 988 547 884 762 819 994 836 630 776 711 998 542 853 567 741 893 725 940 693 754 886 860 728 647 672 821 961 807 530 702 914 979 980 625 584 887 585 779 595 974 514 993 748 732 766 568 937 733 695 970 879 691 773 656 564 951 997 607 911 912 574 778 598 586 589 955 554 750 812 675 772 576 966 977 973 816 664 765 716 856 800 933 890 953 936 810
192 986 796 711 743 527 961 615 641 810 701 625 718 829 913 832 563 784 682 736 530 526 512 820 710 978 759 760 568 923 565 920 778 861 957 564 583 683 656 618 633 997 628 951 537 754 602 627 915 575 687 747 515 695 869 570 959 831 938 609 751 765 713 970 626 801 854 744 948 966 549 613 845 825 679 853 907 692 740 792 726 524 914 704 834 538 599 694 544 588 668 916 529 846 521 949 647 531 637 891 894 767 803 808 954 843 972 984 621 872 996 968 967 971 686 941 741 733 685 928 513 636 926 616 998 932 897 614 748 755 569 717 780 862 535 523 786 578 532 841 964 640 724 772 783 729 930 660 525 962 534 933 732 690 794 982 576 506 582 828 919 921 648 823 835 706 593 677 707 546 910 912 858 815 670 764 992 852 842 738 638 816 976 592 789 662 881 868 925 622 680 952 889
140 770 648 653 710 924 823 757 634 576 778 931 880 830 793 795 835 714 751 676 700 675 514 998 678 988 647 863 825 761 627 960 738 575 671 712 542 750 852 655 804 979 879 766 603 855 654 908 692 613 549 550 680 517 907 663 966 836 945 533 775 985 918 545 728 584 639 803 862 959 904 651 642 681 737 558 942 668 567 995 939 524 844 971 736 553 850 990 579 829 588 608 993 582 839 543 915 744 899 718 619 902 674 814 561 970 637 708 903 581 788 813 525 687 841 537 781 893 565 698 762 554 996 556 805 640 534 512 900 719 636 873 716 610 890 854 752 859 559 910 817
259 598 721 519 579 796 595 575 961 966 661 745 714 740 564 690 718 715 826 991 652 868 543 997 980 673 954 933 603 992 758 554 783 688 737 767 956 531 774 837 847 869 769 719 548 731 594 861 524 585 515 639 627 655 748 580 877 601 811 945 551 908 728 1000 802 746 589 894 953 529 707 672 517 838 695 559 760 800 780 539 558 571 814 779 872 562 628 645 681 523 825 691 626 743 609 566 845 939 729 882 509 981 520 584 874 549 813 902 862 537 633 616 607 927 855 525 831 898 794 893 759 717 983 741 793 865 984 735 510 941 680 676 884 950 666 689 904 880 710 703 820 508 951 527 668 886 929 653 919 629 669 711 615 533 597 561 599 751 829 546 963 795 569 815 976 608 557 750 879 781 792 640 926 968 917 697 916 709 775 932 667 611 581 662 708 827 958 637 593 679 771 903 518 713 801 563 823 808 790 885 922 521 817 876 936 858 952 946 998 977 659 833 905 778 674 699 970 836 818 665 931 761 871 821 568 696 538 605 694 918 765 635 955 701 678 909 590 770 940 809 942 782 915 664 606 646 657 540 588 982 924 969 773 878 654 512 994 716 634 602
136 646 690 541 587 790 626 547 870 707 846 554 697 776 888 844 865 571 688 665 755 669 977 606 726 773 716 696 570 808 609 938 838 901 660 959 593 686 855 735 957 673 650 642 569 840 834 511 803 521 663 704 753 862 894 922 691 965 835 548 918 769 693 563 861 893 572 811 649 695 936 550 864 798 574 558 631 927 655 719 911 937 537 565 770 896 619 709 991 639 518 546 867 908 907 764 706 576 555 598 853 694 919 872 599 718 871 584 910 857 656 624 814 687 825 830 781 932 712 831 780 715 929 566 992 882 793 742 827 968 921 969 982 944 621 956 635
66 765 761 977 516 582 845 722 663 607 577 585 751 997 684 881 664 855 838 726 550 535 564 933 921 597 587 981 956 556 681 788 641 784 869 759 723 971 713 873 716 945 952 879 548 965 834 753 902 980 724 653 744 590 858 575 968 937 542 870 896 557 946 998 996 890 839
3 735 692 822
77 705 985 656 940 604 983 641 820 849 789 520 670 550 866 542 781 813 627 784 575 955 640 630 901 888 796 750 621 984 801 948 868 832 622 957 904 755 980 814 643 648 600 828 963 568 907 637 910 554 810 771 567 527 703 845 890 943 553 884 752 867 571 647 788 778 894 619 903 987 547 883 773 556 578 672 512 690
206 835 555 877 799 935 992 529 728 545 530 644 757 665 887 576 903 598 568 601 648 918 784 754 730 872 820 658 518 599 881 588 981 894 879 738 982 823 613 880 587 970 924 590 516 774 659 740 706 686 693 971 589 662 635 911 989 895 664 538 869 642 650 786 616 609 900 743 860 520 865 826 626 699 945 695 805 761 749 579 962 710 1000 920 676 949 816 773 645 756 620 578 571 701 899 656 643 583 617 976 729 766 607 961 562 751 564 567 813 906 941 712 931 833 829 896 893 815 570 723 974 837 902 807 859 956 940 691 646 910 525 798 542 858 716 999 677 876 655 870 672 593 792 952 692 851 987 836 702 537 922 624 972 565 886 928 776 904 560 862 873 878 673 517 854 696 657 726 521 866 668 553 983 653 592 897 724 631 612 546 785 661 637 804 780 967 830 828 558 839 934 739 519 777 760 688 909 944 720 539 822 569 868 985 781 957 852
31 854 737 913 833 755 861 594 584 586 578 725 988 687 540 824 829 565 675 877 723 515 906 990 778 866 788 709 551 806 910 566
105 783 888 578 938 813 786 693 697 721 860 531 574 891 619 842 540 709 576 553 852 861 750 883 690 874 582 892 997 917 767 979 820 796 996 727 601 816 957 833 638 674 789 843 717 903 687 806 782 792 809 572 518 707 711 981 766 941 825 933 639 935 990 764 523 737 745 660 565 761 948 573 992 626 752 982 855 795 679 744 940 684 754 858 716 695 998 557 606 702 550 868 759 556 869 831 549 945 618 545 801 570 929 900 769 712
152 614 708 909 548 592 744 562 808 719 866 722 877 606 565 618 875 970 679 747 677 852 991 975 577 825 731 525 661 771 897 753 670 754 862 846 819 576 737 659 642 870 805 984 545 985 922 885 787 540 841 783 906 973 785 850 832 546 649 948 884 552 639 687 564 603 702 905 615 516 607 590 910 974 773 864 908 633 709 942 966 946 650 1000 657 596 561 553 591 795 570 798 901 640 668 833 860 707 895 880 705 578 844 940 920 567 824 892 932 954 647 573 662 635 739 935 793 690 848 664 845 788 712 651 663 625 796 699 802 867 598 740 626 784 681 628 728 538 803 653 574 762 853 930 752 965 890 857 696 686 770 697 836
135 597 560 523 863 719 866 834 762 643 774 974 668 933 611 615 928 627 669 686 965 589 783 895 604 879 894 889 723 839 707 749 584 664 790 528 802 583 624 788 997 695 563 529 764 958 755 714 753 951 603 564 807 715 588 865 900 621 812 926 701 846 771 899 713 652 721 857 945 777 612 658 680 875 964 614 594 897 537 849 942 709 962 710 737 660 735 688 934 682 527 657 840 823 973 821 722 531 859 852 586 963 760 886 968 720 555 871 858 610 768 792 885 924 959 579 988 601 995 851 616 872 574 698 970 800 663 827 661 553 953 677 542 932 838 946
60 895 630 984 991 805 970 802 567 845 939 776 719 820 636 755 568 950 536 546 519 659 880 548 971 593 881 674 890 840 760 915 650 827 564 781 800 733 686 784 520 571 811 581 542 640 597 626 856 853 938 575 930 860 859 582 586 685 772 977 993
266 561 783 668 949 942 856 682 859 902 801 601 647 845 555 556 766 855 737 802 746 738 910 820 898 751 947 646 909 932 870 882 878 767 607 541 872 571 974 925 699 981 816 879 658 684 881 790 814 795 938 704 554 583 532 525 582 961 640 604 885 606 641 672 593 695 523 800 689 572 712 964 846 782 651 756 614 674 615 951 686 673 708 707 786 642 755 863 720 778 785 688 581 716 963 618 548 906 626 980 874 926 835 950 915 617 631 588 937 563 939 717 754 735 557 549 920 731 519 589 797 784 621 970 701 891 744 849 739 889 997 880 813 877 679 627 799 943 999 741 940 719 794 714 526 818 570 788 941 924 564 671 559 761 543 675 727 804 725 747 843 819 776 916 711 538 973 810 869 983 866 567 838 552 768 834 907 985 903 798 809 524 840 533 890 736 911 591 982 923 610 605 740 958 975 625 703 842 861 864 871 691 587 620 579 771 757 952 946 632 793 550 529 966 865 987 805 644 913 953 824 884 600 722 706 729 568 648 822 726 636 844 681 535 659 633 988 826 611 540 769 655 897 680 715 530 954 657 796 994 748 930 662 728 666 774 759 991 837 764 558 1000 566 955 967 542 574
210 690 694 681 766 669 883 985 564 841 842 955 795 885 771 993 633 877 983 555 942 809 741 569 625 799 692 860 623 875 728 892 661 793 735 720 895 662 568 857 640 917 959 614 634 881 973 729 817 616 803 631 855 641 868 805 520 869 963 966 653 776 649 561 878 924 534 863 836 571 718 894 834 521 684 755 587 838 947 931 646 903 872 618 573 632 727 593 700 603 642 897 970 891 560 570 658 582 893 652 610 813 639 778 898 680 826 712 637 629 849 706 554 648 953 934 543 899 988 952 540 737 906 874 526 578 721 762 914 824 943 905 797 676 856 870 624 935 825 544 530 794 732 678 844 770 600 583 667 584 688 541 580 913 525 792 751 923 605 719 977 921 837 528 523 576 933 900 991 726 879 581 666 916 902 890 717 984 772 671 607 995 716 979 896 539 599 527 773 865 974 635 644 533 574 802 591 730 645 806 552 835 951 757 657 904 965 800 675 920 542
85 693 702 915 725 552 834 611 595 697 966 523 529 745 910 671 983 728 681 801 797 868 839 668 645 819 751 626 803 706 1000 646 673 881 591 585 678 741 806 747 884 654 862 813 680 871 796 695 633 636 973 625 853 799 794 825 720 677 718 543 742 792 528 620 662 553 565 914 880 653 911 844 763 658 782 688 679 964 638 561 737 802 709 898 686 789
158 640 890 849 739 794 771 921 908 798 643 743 637 731 800 626 838 835 702 574 632 667 602 910 697 599 958 979 573 901 642 859 604 715 620 595 528 842 792 678 975 911 594 717 986 644 845 952 784 719 863 815 995 779 813 865 982 714 630 981 895 583 880 874 636 923 976 930 683 848 722 785 753 671 547 775 666 802 638 610 873 844 732 834 949 524 713 955 936 689 550 805 650 566 582 839 938 725 563 597 532 712 830 869 747 687 685 555 956 679 803 843 945 580 954 858 950 646 966 593 808 737 567 684 814 554 663 672 786 899 699 864 860 541 826 634 603 961 953 825 967 940 912 629 764 653 652 925 546 818 778 795 536 758 819 906 959 613 639
100 588 895 543 544 946 589 561 907 955 636 878 637 928 882 813 800 720 875 770 614 574 975 677 791 768 610 855 849 601 782 896 755 609 854 806 961 889 681 633 562 709 553 926 619 727 985 897 979 956 605 850 987 939 745 656 960 994 674 959 963 660 834 823 648 962 916 970 856 864 999 936 935 767 984 927 790 551 838 829 675 692 930 625 523 638 992 763 779 885 751 542 634 624 564 550 563 788 951 657 847
235 928 563 908 977 989 727 999 650 713 568 746 927 622 806 972 672 771 559 899 647 804 660 774 723 805 664 555 789 917 703 696 549 850 914 818 580 915 632 833 893 529 801 842 668 615 532 571 748 922 535 923 778 867 800 966 659 766 796 929 803 585 630 857 827 738 823 564 950 737 864 561 645 741 710 757 576 759 566 869 697 970 726 817 901 642 686 852 596 841 840 883 767 604 655 832 595 714 991 749 877 631 609 953 829 554 552 548 981 560 773 635 769 790 990 718 683 844 810 608 933 876 812 602 895 775 572 676 605 541 913 998 600 567 639 574 838 907 681 627 798 724 619 536 638 782 957 995 921 663 781 694 820 665 539 986 897 579 603 890 715 858 547 743 849 980 764 679 819 752 971 848 948 779 863 993 634 930 978 623 879 959 785 872 624 674 884 756 889 851 618 528 544 918 934 951 871 666 753 961 685 947 983 946 592 526 962 799 941 768 717 939 870 702 661 967 646 636 739 709 945 543 943 591 675 868 1000 725 620 816 733 874 828 673 894 582
97 681 555 893 885 850 819 639 683 871 660 749 545 992 999 823 976 624 916 811 993 666 978 770 618 827 914 606 922 982 926 763 942 761 529 722 685 907 826 846 854 925 672 813 784 720 897 723 971 814 829 834 654 661 963 740 935 974 910 621 965 726 955 947 665 787 888 531 540 881 990 886 623 573 771 643 892 851 831 705 575 743 894 918 934 614 889 619 554 887 950 572 1000 868 641 598 872 810
142 788 732 675 834 794 900 542 722 990 977 872 731 928 719 827 802 718 573 793 533 660 821 532 924 945 694 792 655 754 724 868 746 873 951 559 902 672 652 931 773 814 547 594 612 815 769 892 886 790 934 941 552 556 564 870 959 648 866 816 721 549 748 622 700 786 536 923 880 726 538 929 819 986 686 685 994 657 771 963 833 543 909 856 975 862 985 664 584 617 946 890 988 671 629 704 882 807 775 711 918 932 526 714 670 881 940 534 838 864 668 653 974 841 835 780 799 662 581 692 783 567 969 637 728 586 906 716 730 911 766 812 687 753 772 968 789 616 638 979 973 831 577
60 668 694 771 564 624 913 942 925 622 527 574 944 958 803 962 533 600 656 635 932 830 855 927 846 652 636 918 799 611 555 560 670 653 740 696 585 823 705 983 715 788 723 865 646 729 666 552 877 859 905 764 978 661 546 641 544 602 617 750 679
57 944 967 614 618 560 938 544 598 968 678 807 964 887 839 696 532 747 572 592 553 812 755 997 863 554 806 821 643 707 874 629 739 956 940 697 905 845 912 765 900 928 759 986 529 733 671 984 937 946 907 611 676 920 769 918 978 988
106 617 799 666 761 894 985 905 739 773 545 890 604 796 817 763 789 943 845 681 556 866 997 855 660 911 800 631 762 869 616 862 744 656 989 642 916 767 637 893 873 626 880 902 937 781 853 670 639 592 856 901 920 624 542 536 680 645 534 726 915 581 583 805 663 638 839 728 566 587 572 867 987 883 602 811 836 575 812 710 951 574 689 956 958 828 577 541 683 641 779 661 833 555 554 655 990 538 816 770 648 540 669 749 840 635 539
201 853 768 828 664 991 997 783 592 650 759 788 952 736 715 958 901 734 707 989 875 786 740 671 780 754 932 661 719 970 807 703 878 756 923 714 642 711 933 633 585 594 624 532 630 673 838 814 556 852 817 926 614 604 949 697 570 951 730 857 867 820 904 533 705 680 973 544 593 777 833 578 726 871 563 683 861 751 955 588 784 702 582 940 610 825 886 774 596 618 934 634 617 813 930 692 941 561 937 560 882 832 745 787 966 854 547 840 752 681 776 607 810 557 887 781 915 842 760 571 873 931 574 619 800 538 576 806 568 897 600 866 645 541 720 717 860 863 704 732 827 628 580 909 858 947 577 625 785 710 903 975 859 531 855 627 765 605 757 802 579 924 575 874 739 654 946 550 698 694 623 818 606 795 917 669 534 928 979 815 689 914 653 824 699 748 639 950 662 971 602 801 688 584 764 821 847 747 693 666 889 942
18 617 612 571 815 695 868 911 674 672 559 871 919 603 745 621 983 624 627
117 782 1000 932 952 739 906 900 709 666 628 658 871 564 877 924 713 580 733 672 947 833 619 629 595 623 917 894 604 694 669 726 909 763 826 632 823 903 874 982 791 641 819 708 938 679 740 817 584 722 798 697 851 593 793 748 550 622 886 997 624 609 891 908 701 626 645 868 693 705 918 872 996 578 635 914 612 736 865 907 801 873 859 849 653 719 936 567 802 607 654 682 933 570 843 830 757 768 537 680 893 888 953 778 717 931 875 611 890 735 862 671 853 881 535 838 962 692
266 975 977 838 991 534 998 647 731 859 752 849 955 674 757 746 853 835 614 969 709 844 919 685 834 760 905 828 743 567 803 633 717 965 934 583 662 537 764 756 648 932 910 715 988 943 886 787 807 556 617 631 739 780 590 565 572 962 546 926 873 541 938 592 956 966 751 901 638 771 960 707 628 682 710 797 679 801 646 652 866 880 907 791 675 770 951 786 656 875 727 813 696 599 983 798 598 936 745 942 990 550 890 949 688 924 806 898 892 593 826 563 918 900 781 972 833 916 762 1000 673 595 777 906 773 995 536 973 603 580 597 624 861 950 639 654 822 657 852 574 630 768 670 832 694 831 939 851 856 749 634 693 979 695 681 915 754 815 775 945 582 899 790 800 825 742 677 882 712 922 629 651 989 935 993 893 963 545 620 692 671 814 655 819 659 884 830 920 928 827 697 970 637 799 689 848 879 720 622 959 793 821 538 726 644 700 994 992 860 817 774 812 561 691 559 767 894 789 947 540 923 823 607 961 669 687 855 608 643 766 811 703 933 891 903 857 557 795 730 839 542 642 672 871 579 952 564 909 587 772 987 678 867 728 570 551 858 999 870 569 723 690 621 912 562 850 575
188 824 715 587 954 556 686 637 963 796 885 718 781 540 708 937 673 865 900 990 988 987 544 886 738 647 960 773 820 591 557 759 729 743 645 746 749 658 580 635 849 752 691 857 855 941 763 674 568 701 846 755 642 890 901 535 559 806 887 776 962 837 906 562 956 833 740 697 631 989 919 882 792 866 977 730 617 964 973 665 881 733 619 922 600 552 951 826 934 689 925 581 787 668 657 795 588 624 835 649 774 542 589 682 753 944 676 976 811 789 629 942 765 836 633 816 564 777 916 563 607 968 848 864 807 639 575 933 920 731 803 685 805 720 867 775 880 874 669 726 590 627 666 599 896 664 662 838 554 982 626 926 822 767 845 932 779 661 946 828 551 813 555 870 574 613 622 800 543 907 859 695 694 561 712 660 967 550 959 704 709 891 606 786 721 814 761 604 830
24 563 554 914 542 837 648 956 973 582 997 549 986 831 572 621 943 681 725 737 993 589 864 657 686
141 763 944 538 822 930 600 980 859 589 982 857 695 914 940 939 542 986 839 991 665 893 576 886 904 609 789 801 867 682 643 616 640 691 919 743 614 855 816 724 948 729 593 813 777 599 612 709 543 597 539 558 769 973 905 574 970 966 841 564 721 605 551 911 792 664 771 764 673 607 957 617 553 630 810 805 774 628 963 866 969 592 714 785 884 836 983 689 606 928 619 658 657 751 959 958 575 943 882 860 998 545 645 734 625 797 659 868 760 757 667 737 947 832 620 581 613 590 755 555 686 556 662 685 791 736 976 915 655 897 942 566 929 997 990 961 540 766 568 569 696 731
3 606 988 905
4 635 974 823 799
148 912 760 687 635 843 770 659 773 847 872 824 813 903 980 889 856 853 703 542 818 915 817 721 704 688 656 621 587 720 675 667 616 814 698 758 550 795 583 606 941 597 904 751 873 644 972 994 777 674 590 539 772 838 625 690 574 908 880 830 917 890 591 997 713 741 657 868 937 781 602 812 661 776 714 1000 785 645 883 640 900 991 925 798 565 982 789 613 803 558 764 846 664 570 715 588 575 771 600 911 731 931 968 750 886 910 568 780 993 738 594 598 633 589 712 660 619 829 671 634 609 551 919 631 692 921 990 964 984 622 951 759 995 627 582 577 810 722 732 706 985 962 541 802 849 596 970 867 571
57 807 565 664 673 825 865 971 795 806 677 644 852 557 917 759 600 927 640 771 847 681 884 902 750 608 973 590 581 616 802 580 705 785 800 817 937 992 903 958 911 788 986 612 842 709 752 824 846 909 897 976 941 573 550 934 838 796
8 680 551 900 631 986 859 925 760
34 595 740 624 552 991 639 904 834 606 579 836 788 931 658 939 847 577 987 754 854 549 993 749 774 960 571 721 652 822 859 797 906 843 759
180 665 980 828 895 941 795 836 978 816 684 787 819 896 835 889 703 564 794 873 809 934 736 935 956 699 927 759 747 666 807 683 700 772 922 709 854 965 903 620 557 724 876 718 885 714 614 918 834 563 590 842 697 954 800 721 987 755 692 639 646 742 977 984 720 678 931 582 655 938 778 996 969 983 966 743 897 798 598 756 920 999 677 872 936 912 670 671 975 979 569 633 998 812 595 796 589 725 610 578 864 753 943 659 846 548 708 785 701 806 735 586 634 855 734 1000 664 916 811 631 826 784 923 750 817 908 905 774 560 558 641 562 915 625 706 689 572 587 851 730 585 690 731 847 944 830 618 551 580 702 820 862 950 662 957 726 878 552 660 728 571 771 612 685 715 886 716 958 791 573 898 601 577 911 647 890 566 729 814 682 741
91 898 718 974 862 842 853 901 764 617 699 545 734 668 594 579 759 793 846 640 647 738 551 838 960 650 798 999 863 641 806 805 851 661 547 574 976 625 609 761 651 621 857 644 753 748 660 606 741 809 950 885 622 855 926 866 762 951 910 849 852 975 553 719 883 807 564 614 845 802 790 833 966 837 688 973 678 565 591 801 859 937 817 611 683 597 903 791 860 897 828 592
121 593 936 954 552 607 840 912 686 953 955 807 816 911 609 692 937 669 839 577 673 986 766 770 873 561 883 744 644 778 909 675 572 784 696 879 660 895 988 830 969 999 945 724 896 588 821 730 985 574 546 878 719 722 824 550 591 982 668 556 565 659 567 904 975 676 881 764 901 783 866 716 848 545 924 750 775 966 952 832 834 967 913 762 671 621 780 872 554 951 944 846 782 925 820 720 664 774 617 714 558 867 995 961 857 713 594 984 571 661 723 709 826 559 797 856 735 931 682 597 972 981
62 877 656 972 935 843 921 587 744 562 777 722 993 795 711 786 604 663 916 980 707 780 695 979 794 904 651 811 888 642 802 950 700 954 592 723 620 867 684 905 704 851 785 764 761 595 991 962 611 798 643 584 978 840 990 951 768 819 708 961 856 654 846
62 826 775 706 802 664 622 722 738 720 825 792 615 945 963 770 863 906 827 971 721 608 692 937 689 724 602 903 780 571 756 757 987 962 986 550 673 856 813 773 982 611 713 639 976 905 564 742 593 824 764 983 928 834 548 956 970 614 845 788 748 869 849
178 552 673 749 648 902 990 898 950 944 874 855 721 612 821 877 585 800 641 977 901 807 655 665 906 724 783 605 754 775 904 656 958 976 837 702 787 692 914 614 866 716 672 677 940 979 972 788 925 926 562 551 626 623 883 743 974 732 818 878 704 851 857 561 700 957 798 876 852 687 709 961 822 670 767 627 870 938 674 603 860 894 1000 629 942 985 715 991 719 917 701 841 631 939 607 765 929 780 980 785 575 747 952 886 728 859 565 887 573 720 654 833 864 669 846 738 969 616 597 659 967 935 987 759 591 567 872 760 862 880 947 815 690 650 909 911 630 820 955 595 830 968 560 583 601 813 770 781 993 849 555 686 810 646 712 584 563 713 723 666 882 582 884 803 776 960 858 966 758 663 806 988 549 730 768 683 989 660 970
281 880 971 607 870 591 619 840 675 784 594 932 763 598 610 646 988 812 861 989 894 917 705 903 775 568 868 905 729 798 649 772 651 790 623 765 693 942 736 744 973 921 602 768 740 576 853 836 600 841 939 838 714 967 834 819 963 802 958 788 686 780 745 691 811 796 689 643 725 582 639 655 925 825 847 554 557 753 771 920 699 685 815 882 662 549 907 630 901 877 855 824 659 761 624 656 614 770 858 916 816 931 979 719 766 703 640 553 718 661 810 818 912 935 648 748 883 589 665 618 910 929 727 1000 950 550 924 900 692 851 918 578 946 805 902 663 872 943 749 628 999 949 889 972 887 609 559 952 587 878 803 783 558 957 733 555 914 758 934 927 793 700 603 908 671 632 762 716 752 604 791 715 620 774 937 867 584 616 710 760 893 876 676 922 795 673 569 940 704 579 848 984 980 885 886 601 617 800 794 856 776 657 953 849 637 787 962 575 552 636 844 667 915 913 690 891 570 695 892 835 992 722 708 906 954 621 728 895 669 647 694 801 638 560 731 654 778 755 674 888 850 595 631 899 751 823 633 890 828 797 881 566 845 968 717 829 561 684 955 860 581 808 964 612 563 857 739 681 644 909 832 843 965 864 969 859 683 961 702 799 572 696
133 703 565 850 869 782 709 868 554 562 999 558 835 630 663 895 978 947 713 805 573 634 681 552 638 736 942 838 976 675 738 734 909 580 579 737 926 679 965 817 791 786 916 741 856 897 840 755 733 839 659 988 912 938 748 690 664 726 732 963 676 605 680 801 710 729 827 933 625 917 583 854 707 672 821 716 673 654 610 957 861 796 697 898 932 724 810 886 795 603 665 820 618 788 837 607 604 555 889 714 771 645 609 715 751 925 774 822 596 891 931 635 568 768 728 711 962 551 824 712 920 588 846 977 684 863 688 571 649 995 626 890 722 758
7 816 581 772 566 761 766 577
185 787 794 558 880 669 692 763 662 808 924 764 630 762 890 859 737 713 614 934 962 643 631 564 955 819 996 695 702 704 802 922 591 709 799 658 809 939 601 893 876 595 673 855 694 626 703 800 571 607 992 879 785 824 997 913 555 836 729 681 818 816 652 999 923 605 823 898 751 883 575 964 888 588 622 789 872 741 993 940 744 933 782 719 797 677 582 914 959 892 793 856 569 768 788 746 732 851 853 841 767 747 973 644 700 795 792 655 743 950 953 604 881 848 748 651 580 717 969 774 970 941 833 991 667 982 668 937 598 565 678 813 640 623 778 698 780 784 734 646 557 954 842 689 723 905 867 834 998 838 665 951 770 722 688 927 758 772 589 691 657 783 781 765 671 790 600 857 775 948 963 920 971 887 577 837 832 560 650 952 988 945 815 616 579 831
206 862 594 835 864 679 870 617 919 633 921 807 826 602 713 829 833 850 790 588 564 985 852 866 858 659 802 792 796 903 774 894 786 726 816 942 671 772 689 762 745 881 554 808 676 570 678 603 739 857 999 915 980 698 697 710 557 566 909 962 861 707 801 628 837 727 961 724 806 907 556 706 752 960 970 892 882 668 754 896 730 836 893 590 712 693 814 900 885 654 579 734 650 977 886 971 635 605 596 595 753 663 662 867 575 748 646 701 986 619 959 934 610 667 669 567 587 976 664 957 928 580 627 670 747 690 883 780 731 981 989 979 583 849 851 733 845 992 932 630 599 591 652 924 759 902 936 773 994 888 930 997 725 943 672 815 645 840 642 649 589 598 846 771 647 956 666 750 740 612 709 562 940 593 704 996 756 720 819 803 636 765 688 880 791 717 918 625 899 648 560 607 871 809 621 991 582 760 624 626 944 789 794 776 869 987 711
128 979 764 557 985 558 733 708 882 893 845 770 860 842 766 604 839 955 819 717 654 641 554 578 852 892 812 573 799 877 861 905 716 924 614 728 876 655 773 706 921 867 742 746 700 696 645 697 783 952 800 844 879 715 875 663 934 843 965 713 957 743 744 623 577 868 913 982 813 899 930 613 747 912 693 932 651 667 679 961 828 745 908 730 942 768 658 886 986 570 926 739 589 726 581 560 757 601 647 603 626 833 660 788 984 804 776 732 617 840 669 830 823 927 605 983 719 680 963 920 588 754 765 939 686 915 780 846 618
224 821 616 629 568 947 648 965 958 927 659 838 598 708 874 963 622 830 785 715 619 851 937 923 782 981 740 761 632 583 577 643 718 684 839 716 850 792 837 805 593 735 763 818 862 558 853 607 902 931 617 730 675 971 660 955 866 833 699 941 872 585 864 908 973 748 945 661 930 774 915 762 597 892 683 592 687 644 822 686 952 608 744 842 869 950 681 651 984 646 669 899 690 581 926 731 925 806 997 836 755 827 602 587 594 613 889 920 703 938 829 737 811 799 932 828 739 989 734 738 880 901 729 609 765 800 569 891 967 556 815 769 940 875 725 636 871 816 883 990 832 939 611 879 561 865 747 943 914 919 634 929 658 745 777 948 867 756 852 819 881 823 601 873 882 652 647 711 787 906 912 859 639 698 961 975 559 909 563 612 999 781 724 680 843 757 773 814 682 934 784 625 877 665 758 635 987 691 780 614 702 970 667 720 917 654 847 894 977 951 767 751 565 922 768 924 572 995 820 754 985 599 678 637 972
213 821 998 611 560 969 973 863 634 682 815 835 657 987 980 927 644 943 816 851 565 789 638 568 813 926 1000 712 721 693 606 905 852 981 948 667 984 935 709 911 929 923 881 900 913 990 567 665 675 785 631 760 965 645 982 649 673 580 841 765 941 909 797 622 589 952 817 600 824 605 614 849 603 558 950 885 687 609 777 924 750 916 564 843 679 635 573 627 910 993 705 966 834 736 744 999 798 656 811 979 871 778 743 713 972 619 940 570 921 759 876 945 575 820 899 629 762 699 769 660 566 676 775 858 607 738 761 710 866 897 951 608 850 587 914 642 898 669 837 740 572 793 767 584 647 991 576 684 889 735 782 741 628 992 692 908 691 963 661 677 659 592 977 957 788 826 932 685 805 846 795 860 995 933 731 786 752 755 594 664 668 766 678 974 613 939 708 774 724 670 756 976 621 578 809 571 680 804 823 641 845 690 643 688 920 954 989 577 602 906 697 875 763 967
28 829 912 967 586 947 888 849 974 662 679 779 859 813 623 900 847 641 563 619 785 752 944 650 792 674 876 754 905
57 901 915 797 681 734 706 948 572 881 852 663 805 891 829 764 992 699 944 574 784 799 616 779 857 615 940 962 911 691 560 898 815 840 965 658 774 679 625 745 968 795 886 974 714 822 585 753 947 896 582 674 676 640 777 903 770 863
93 763 905 754 704 772 836 917 766 920 882 801 695 994 937 800 569 602 619 698 597 852 720 797 764 740 654 694 647 919 649 703 707 949 965 683 842 931 666 762 652 807 936 607 643 957 986 948 873 664 947 790 794 622 680 952 862 804 563 775 798 587 785 988 868 966 734 970 601 721 732 992 976 995 943 661 655 617 885 669 737 644 783 893 758 756 870 824 765 609 697 922 770 570
296 831 967 899 817 752 869 985 700 716 591 609 593 613 661 574 885 835 938 781 927 988 756 765 581 941 983 682 667 702 816 755 714 877 860 919 808 961 795 627 979 872 953 970 794 972 990 855 772 597 662 815 847 640 779 859 675 678 809 637 585 615 626 918 711 865 880 790 923 998 906 709 996 669 589 746 940 720 605 866 564 981 838 810 925 978 735 737 848 673 690 843 814 796 930 787 604 659 971 715 803 934 668 958 982 873 931 584 903 657 956 722 884 950 932 904 708 942 766 692 689 984 652 806 933 713 786 744 856 858 902 757 601 602 666 881 897 804 680 846 706 785 760 887 920 703 583 656 740 707 921 914 693 949 719 834 614 665 827 767 650 577 812 770 888 674 769 951 954 778 578 580 962 775 811 630 677 658 672 896 851 590 696 889 638 699 894 771 649 776 641 773 871 616 828 750 647 852 566 721 964 850 759 663 685 820 670 718 728 698 717 863 922 788 723 629 905 747 784 694 569 777 683 695 901 573 588 868 890 607 802 734 939 684 976 729 910 799 671 774 874 821 841 928 635 952 839 738 758 565 739 994 893 645 622 805 946 586 560 837 895 944 754 892 780 568 653 562 975 854 999 660 724 908 727 818 943 751 712 948 862 997 595 864 960 924 876 625 617 655 793 898 882 929 571 857 825
116 991 717 611 778 701 702 706 924 589 696 741 670 918 989 727 703 880 571 903 643 632 816 719 645 830 726 842 716 764 736 915 601 933 674 784 889 988 599 856 917 964 876 953 660 714 666 862 832 690 615 942 777 590 974 945 729 718 580 668 662 785 735 756 577 738 946 572 802 617 671 644 836 936 606 780 759 837 789 677 928 833 651 751 977 620 570 887 985 875 973 882 834 982 661 646 608 827 765 595 767 867 835 994 961 959 766 770 704 877 794 635 647 981 941 673 708
96 771 989 962 914 891 596 833 918 986 695 622 580 770 842 855 664 963 802 928 760 570 714 629 581 940 594 980 564 899 850 780 757 871 803 643 636 668 645 945 562 739 941 908 601 849 758 954 578 960 693 893 985 961 958 884 786 917 631 822 608 694 813 563 885 886 706 816 729 700 880 790 829 676 650 832 938 955 606 819 921 965 762 934 566 804 623 797 727 728 973 605 572 927 576 717 735
242 851 859 776 835 652 690 948 922 865 772 994 945 576 874 992 571 777 570 653 926 680 691 605 600 635 622 739 784 627 679 644 842 678 566 779 730 857 727 946 879 1000 919 901 903 861 719 769 700 630 802 683 953 724 595 681 735 589 601 585 649 717 693 732 877 809 916 858 957 904 944 955 933 793 972 671 675 997 709 579 881 587 847 711 870 943 931 689 891 805 773 973 810 924 843 899 912 759 754 736 660 695 937 849 636 969 703 744 850 801 996 848 895 659 592 866 925 988 611 885 594 577 684 781 811 817 966 831 936 581 830 862 704 591 927 898 827 846 722 785 590 981 751 928 840 887 829 971 884 663 822 662 871 917 786 755 651 826 765 643 694 706 677 718 752 959 580 645 686 797 602 900 609 572 867 770 873 783 688 806 986 702 710 574 654 578 619 889 956 841 860 941 674 626 731 658 965 832 567 583 762 890 582 812 639 734 852 790 569 909 614 818 794 665 954 715 775 834 906 778 746 799 942 687 763 905 657 782 913 632 655 985 624 753 667 961 708 967 625 923 980 820 642
241 792 724 912 786 977 705 971 685 891 734 978 956 721 609 758 942 748 761 590 931 689 894 888 626 651 765 968 927 619 881 743 933 964 867 876 869 947 591 917 923 856 892 797 930 809 669 594 895 813 645 995 709 780 854 865 581 900 768 782 678 631 737 769 616 938 617 673 701 810 751 570 775 897 955 566 717 732 774 901 815 959 770 967 749 740 764 578 610 674 816 859 845 571 698 653 783 602 847 965 639 640 762 834 885 636 593 871 791 733 677 652 618 675 632 704 863 1000 599 702 754 573 706 941 868 807 806 919 773 666 723 707 987 620 576 889 862 612 739 922 946 994 848 629 687 735 934 670 726 676 820 753 952 621 827 772 850 829 672 642 899 603 906 777 756 963 746 624 821 985 662 607 643 873 864 658 711 939 771 788 908 837 805 843 586 976 951 910 883 980 692 921 647 778 953 914 665 904 969 960 924 926 988 745 836 736 760 918 727 858 679 989 752 644 763 875 725 913 668 686 887 840 823 798 957 824 808 710 567 970 585 905 781 795 755 664 789 583 615 909 683 741
123 641 692 706 622 604 757 568 979 961 824 611 680 978 957 997 619 571 795 854 925 672 833 883 634 632 805 951 660 770 799 592 960 948 807 919 909 927 733 946 587 694 933 582 838 975 579 802 953 901 892 800 849 982 640 682 633 998 602 911 926 643 929 803 606 959 942 822 812 620 840 914 885 764 853 671 917 834 966 683 690 779 603 857 565 813 999 723 676 654 939 695 924 665 601 934 702 985 735 922 637 711 780 984 816 864 570 621 920 730 856 696 958 863 828 989 815 992 669 777 750 576 940 693
66 958 660 661 663 879 622 862 574 684 623 818 981 949 760 634 633 929 747 896 802 968 830 885 624 934 781 880 769 985 641 964 824 755 597 904 677 903 852 844 647 636 653 617 815 629 593 601 854 789 987 996 745 712 974 757 754 857 576 656 731 692 900 912 719 986 872
36 817 852 933 950 581 698 862 813 648 751 815 851 974 645 929 680 979 662 567 660 800 580 888 931 998 821 799 846 838 701 711 772 770 988 858 704
115 660 796 613 986 975 779 973 994 676 595 666 665 575 956 802 741 935 1000 908 902 847 672 782 711 717 789 866 718 745 723 856 707 885 998 854 900 654 757 607 967 926 593 792 585 658 763 965 961 766 614 682 643 628 920 911 814 679 705 903 988 594 808 813 841 769 609 801 968 760 869 914 576 887 747 987 806 809 843 788 846 785 793 606 952 615 818 574 608 889 731 725 691 835 817 751 715 776 732 834 655 868 930 995 974 674 641 639 750 624 755 985 729 837 791 970
204 699 946 675 955 829 906 901 830 996 712 684 701 757 801 820 619 638 611 914 571 895 838 655 926 903 745 797 677 807 887 691 634 696 663 839 889 599 744 654 977 858 623 908 791 848 970 963 580 823 884 672 576 803 589 973 949 937 579 917 682 935 866 845 852 668 759 640 971 991 573 734 776 804 591 786 940 692 609 799 607 997 644 972 727 641 878 882 870 726 716 998 907 954 598 974 944 578 995 860 662 738 581 964 674 855 795 594 731 610 843 606 624 697 775 664 688 582 764 698 979 827 722 969 627 755 743 690 728 818 923 632 833 962 945 575 694 902 602 850 708 647 733 899 570 631 616 614 898 605 881 618 740 710 633 736 819 643 649 916 905 622 812 861 613 859 783 676 590 669 925 705 737 814 808 572 832 806 918 636 985 864 912 629 687 885 782 792 671 715 761 961 772 817 821 841 584 994 900 892 862 897 879 604 891
22 961 720 942 965 581 880 921 875 760 648 979 745 798 862 749 991 574 611 950 867 876 885
264 676 770 856 603 813 924 633 714 741 669 685 715 630 937 807 954 746 908 762 709 863 663 650 972 596 797 942 822 583 836 731 805 776 821 810 943 964 803 651 788 664 684 952 977 760 820 843 976 606 649 743 913 689 883 965 589 918 609 637 933 690 694 707 728 679 865 931 998 739 659 701 878 620 818 686 897 995 614 574 886 793 975 950 580 969 717 997 687 608 604 851 842 904 605 915 996 702 841 763 905 987 812 645 993 593 737 839 617 910 990 957 652 830 594 787 678 721 700 597 612 831 873 768 914 958 789 885 706 928 926 939 967 586 799 683 665 919 784 733 801 895 940 627 754 936 999 951 833 602 884 668 729 991 948 970 837 922 872 697 744 947 959 944 867 808 573 879 901 710 591 823 956 735 966 719 925 864 777 592 656 699 974 994 643 769 949 782 740 877 752 1000 691 938 674 625 775 647 640 815 935 575 607 747 945 693 892 946 835 750 626 920 671 615 911 624 907 635 980 858 880 578 845 772 860 654 794 978 854 572 636 979 984 983 795 844 848 766 923 838 749 646 861 667 698 745 711 738 917 723 582 783 887 704 786 826 722 755 660 765 657 705 734 855 681
186 842 662 817 890 826 837 846 979 696 762 850 738 784 759 965 949 896 689 623 805 899 657 955 880 991 723 752 711 963 847 692 920 958 922 778 844 630 602 712 585 761 830 688 594 579 729 755 681 609 936 819 710 757 902 597 773 872 619 667 598 893 633 745 933 998 989 824 915 925 664 852 730 720 612 993 580 988 665 635 753 883 840 910 887 935 906 631 669 857 624 927 620 841 670 797 878 884 638 691 804 787 876 582 750 905 770 625 815 748 978 816 709 737 632 614 832 969 794 747 812 836 798 835 952 583 874 913 790 923 981 977 932 599 637 733 763 897 845 854 839 1000 684 613 713 870 659 781 641 708 806 961 990 901 722 601 891 829 982 707 769 930 577 882 954 970 821 928 589 767 986 907 849 863 916 859 945 796 673 765 856 966 888 807 957 744 813
104 819 823 911 773 934 881 603 906 873 590 696 843 884 915 947 573 741 971 654 868 648 651 841 660 779 673 743 831 848 816 751 974 592 814 988 805 807 939 731 949 914 770 784 877 766 616 746 642 907 887 633 883 928 767 972 803 734 872 692 778 607 662 938 943 680 725 891 700 975 859 926 678 966 902 787 946 927 808 744 913 732 908 697 800 963 706 685 785 634 635 809 942 931 791 719 965 588 684 825 584 597 982 582 649
51 766 991 979 839 878 866 591 922 613 919 623 911 1000 655 870 897 810 643 996 650 796 997 913 615 576 851 832 920 597 969 765 663 738 759 760 977 598 784 683 729 721 718 884 822 687 944 742 691 770 604 690
260 805 745 693 780 683 796 827 621 710 976 700 580 634 733 575 880 914 676 759 884 677 654 718 940 860 997 807 886 628 624 604 653 918 637 638 602 673 843 972 928 892 691 971 773 817 658 979 772 610 660 675 601 749 709 643 970 585 862 965 990 798 589 981 644 854 919 874 776 932 593 853 873 887 669 791 668 720 649 631 657 826 596 698 665 748 861 804 582 855 926 636 688 622 655 703 939 680 917 713 911 988 829 633 663 816 667 950 728 792 867 612 838 893 968 778 835 755 959 616 960 927 912 611 646 801 897 729 752 823 809 808 739 595 924 933 895 708 706 836 591 899 659 599 814 901 640 615 998 888 806 716 992 1000 841 736 828 951 931 756 910 941 699 882 763 618 896 787 740 857 925 923 692 632 764 955 825 672 982 907 999 994 737 600 815 974 702 784 810 712 689 802 606 695 766 978 581 619 682 832 903 956 986 735 795 818 905 995 583 983 920 730 788 679 822 929 842 952 576 850 908 871 750 975 800 753 744 617 770 878 774 666 876 989 587 935 879 865 782 961 694 590 639 765 864 942 980 754 973 775 793 687 779 769 790 620 579 627 684 967 630
141 722 924 865 911 897 619 617 720 901 684 754 881 631 957 906 629 699 985 927 877 758 696 811 685 630 576 766 882 745 743 715 704 726 734 802 727 606 694 747 791 929 810 612 654 765 752 984 792 918 788 642 638 874 598 864 822 633 746 990 769 626 741 827 659 878 855 698 708 856 731 723 872 622 967 646 996 775 886 932 615 834 905 976 717 867 860 800 711 910 596 678 889 757 942 618 997 658 676 700 610 798 668 903 935 885 863 645 591 813 930 848 672 833 652 735 887 604 691 799 712 870 707 632 664 925 851 682 853 677 958 815 949 939 826 819 583 922 920 703 842 623
123 743 968 652 592 925 923 854 704 589 757 873 781 830 646 895 631 879 596 595 941 828 803 816 740 997 604 838 789 706 605 692 866 843 937 813 906 802 963 774 694 957 796 690 735 888 910 739 872 785 736 738 860 931 630 674 804 658 861 846 607 983 637 615 679 624 902 892 979 918 754 603 980 809 672 583 862 713 705 594 801 934 940 587 685 719 751 942 684 998 584 985 712 786 1000 579 874 659 755 875 656 586 877 701 894 944 978 580 721 965 935 971 996 916 661 981 847 660 950 887 848 599 913 792
174 632 699 764 759 741 996 742 724 752 820 932 800 838 738 680 851 845 639 775 791 971 844 934 580 591 817 846 579 977 605 665 994 704 593 772 766 771 879 717 776 829 830 610 786 795 773 747 740 923 743 825 730 965 828 984 813 841 877 997 861 871 620 933 600 973 998 601 914 991 804 831 642 581 737 769 716 780 633 608 922 703 907 939 647 895 645 643 808 969 824 757 852 853 779 692 651 679 920 694 715 684 945 903 803 890 978 975 873 925 648 681 617 872 809 787 947 886 611 749 823 908 784 755 762 686 732 963 944 767 594 614 792 911 635 718 936 735 839 739 948 951 677 913 712 714 693 835 995 801 899 859 726 758 598 888 783 781 621 806 957 603 950 909 697 736 683 960 897 653 674 597 583 656 893
273 678 644 774 848 863 755 710 751 956 598 969 917 814 824 705 694 783 684 986 634 867 878 768 930 831 836 632 603 891 719 936 656 740 881 594 661 829 991 854 622 651 747 908 992 732 677 885 958 612 604 637 959 819 837 714 807 906 788 931 926 689 621 907 921 580 963 882 602 585 770 726 951 691 840 989 801 924 593 822 996 861 859 862 618 745 712 834 668 663 847 633 800 852 666 981 897 892 702 945 789 690 685 952 720 761 853 586 686 626 762 716 809 617 821 849 628 808 955 983 978 995 601 965 826 583 844 624 619 785 977 803 659 657 673 734 893 608 923 759 858 940 825 915 938 611 664 838 910 816 792 902 1000 796 864 911 731 674 592 699 605 797 818 997 687 946 646 654 641 857 918 890 925 896 599 746 806 961 909 736 647 629 903 709 987 733 953 588 950 901 811 790 777 922 729 660 693 725 868 971 843 894 913 781 934 794 823 639 681 669 828 739 695 914 700 703 662 835 880 985 887 701 765 748 667 758 898 767 883 919 993 713 998 587 766 872 973 856 810 942 717 670 753 697 845 582 947 962 905 724 827 728 715 638 866 754 990 708 944 941 704 636 817 757 960 616 653 920 775 760 671 850 627 650
188 892 723 727 936 637 803 647 607 731 860 765 887 757 671 852 775 761 752 955 613 602 893 880 868 976 652 818 581 902 595 627 957 642 866 909 621 612 659 658 764 776 791 682 827 711 914 925 689 585 603 662 908 696 583 767 938 728 584 656 618 746 981 678 715 899 720 900 650 700 593 631 769 882 895 843 630 945 702 673 698 996 615 812 760 919 844 997 874 793 975 921 798 935 625 640 729 667 963 831 931 973 979 994 878 623 944 839 917 622 721 968 876 679 777 905 828 886 795 865 685 932 688 929 891 875 691 862 939 628 638 965 636 694 646 639 924 858 634 706 854 616 743 982 906 840 949 781 847 864 587 643 928 701 697 848 877 632 995 948 644 869 800 966 904 850 888 586 922 718 943 707 722 668 930 851 972 901 856 787 750 609 810 754 759 958 657 719 821
218 728 605 669 724 874 978 766 758 716 793 722 754 736 663 624 839 756 592 984 748 670 707 621 943 744 693 773 934 640 813 704 868 991 982 884 780 801 915 637 709 903 918 651 619 795 684 860 873 603 992 675 763 686 789 635 630 677 983 639 853 739 588 734 962 687 671 755 862 832 600 622 848 679 694 872 616 614 800 721 799 590 1000 837 599 768 912 760 861 737 865 705 729 667 726 615 958 714 946 961 819 771 672 628 987 889 999 583 836 589 699 629 989 695 774 901 911 851 642 794 959 951 993 730 673 954 636 852 649 895 633 712 666 919 950 644 765 620 678 655 814 810 632 638 969 597 974 753 986 877 660 805 967 587 858 937 939 885 906 659 926 627 818 719 654 843 908 764 975 930 698 802 738 784 829 830 879 769 692 921 945 598 940 998 815 979 846 777 713 701 947 936 960 827 723 888 743 869 808 866 611 996 785 980 835 745 886 952 706 648 964 907 933 720 613 914 966 647 972
263 827 928 967 970 948 584 774 888 954 646 616 795 841 702 922 692 762 858 735 724 862 730 716 590 891 834 813 849 736 912 636 824 952 936 897 969 634 893 622 960 982 633 701 595 705 898 684 637 627 609 641 865 945 832 712 992 854 879 1000 761 700 900 715 780 759 704 830 825 744 923 993 911 852 772 611 655 585 695 718 807 937 743 975 951 682 720 999 747 670 723 710 909 864 729 731 868 620 661 714 754 811 798 662 752 738 938 607 709 734 650 796 826 673 668 907 805 722 706 981 973 876 942 985 652 987 842 812 823 629 740 707 885 833 742 608 915 837 932 737 792 599 896 638 946 927 983 680 965 660 925 776 917 901 727 600 777 802 602 919 806 659 872 949 639 783 855 844 719 874 643 619 810 979 667 986 778 685 645 957 990 921 781 916 906 978 861 630 582 745 894 739 977 845 856 883 980 588 672 755 899 905 869 703 592 771 756 972 753 779 820 968 984 631 848 628 956 918 953 758 782 943 596 926 800 664 989 748 808 746 597 760 784 732 804 791 757 593 676 890 686 929 665 839 678 625 656 947 669 843 612 644 851 671 725 765 974 935 875 910 610 649 693 605
95 882 855 675 671 765 880 974 785 920 736 717 784 963 622 813 615 819 845 641 799 698 931 770 650 899 623 846 881 999 860 665 939 866 794 928 839 777 889 703 775 840 921 666 631 602 704 888 598 853 733 925 716 700 750 655 878 903 950 971 926 780 609 876 689 747 610 809 932 740 593 942 944 712 616 890 924 728 640 983 760 979 970 680 898 594 788 681 685 624 779 988 978 834 938 808
223 658 650 825 901 666 921 801 821 995 705 945 904 607 693 957 651 877 737 656 590 616 795 949 633 993 747 725 985 671 728 602 719 944 703 711 903 596 761 588 742 815 641 727 808 748 970 832 621 739 609 635 686 906 943 660 988 610 625 667 756 855 732 599 874 783 670 809 914 591 978 743 765 838 767 963 735 778 710 973 936 804 639 759 760 992 998 888 891 673 890 623 626 827 717 618 812 885 923 834 702 974 913 977 632 846 663 779 655 613 724 960 896 631 750 831 824 697 905 968 902 972 653 680 996 898 683 990 933 947 593 860 758 864 987 964 929 927 862 690 634 627 870 887 729 880 950 965 746 704 966 938 645 763 826 721 720 757 856 994 982 689 713 848 751 836 657 792 643 934 669 875 638 807 823 926 900 979 863 707 935 953 730 893 857 677 700 989 908 606 918 830 879 847 629 603 868 840 958 814 674 869 986 951 752 617 733 956 899 701 937 818 793 620 952 983 587 997 912 861 851 939 910 871
56 788 878 668 786 702 610 938 801 895 871 592 711 618 972 753 982 845 868 837 847 852 599 589 846 661 866 728 742 897 971 719 807 998 973 725 716 590 823 703 615 956 954 926 853 951 773 804 844 810 930 965 658 976 764 923 988
86 835 848 609 951 858 630 772 798 933 793 800 969 987 684 777 740 720 786 705 672 869 995 643 975 683 614 941 701 766 947 825 1000 670 991 657 814 665 828 891 716 785 596 870 887 588 748 792 789 595 680 681 698 797 599 722 935 612 852 602 903 737 597 704 938 603 763 806 960 805 727 993 836 706 864 741 970 967 873 878 724 629 787 928 939 633 668
4 867 979 999 853
177 653 602 616 650 674 820 827 736 908 733 985 735 785 689 623 853 996 963 1000 727 832 767 948 947 638 761 770 657 751 831 959 918 817 676 703 923 677 818 621 589 925 705 755 857 988 684 870 772 990 693 595 670 998 742 597 814 851 724 903 964 896 697 778 792 659 714 722 769 816 771 904 977 690 843 840 825 822 801 641 978 909 601 713 712 687 754 728 880 872 789 865 916 952 756 636 917 625 633 647 629 618 667 968 993 829 906 812 779 819 981 624 800 706 645 738 688 620 905 885 709 888 967 796 834 878 617 937 969 898 877 672 783 805 639 830 915 594 725 759 651 806 980 610 798 592 737 974 656 867 596 866 883 665 774 855 803 901 955 934 841 804 710 835 766 747 887 939 815 615 929 920 757 989 911 739 608 924
218 708 860 625 624 886 591 799 651 701 817 736 873 716 930 776 957 753 612 879 592 616 986 668 610 788 939 780 687 674 885 777 652 853 767 921 655 827 923 810 972 806 759 822 834 893 727 868 609 851 729 720 669 590 811 713 805 896 919 663 889 645 956 791 694 760 768 647 843 991 779 866 999 882 856 837 682 751 937 832 996 726 661 960 929 790 619 948 865 852 901 594 934 640 677 629 672 828 676 699 626 667 867 603 710 795 641 684 743 854 971 907 606 638 618 826 765 968 706 992 920 998 984 871 980 847 762 985 775 961 924 947 600 950 642 731 690 916 858 981 931 741 979 829 849 646 709 718 824 995 876 630 704 793 740 911 627 988 935 864 952 839 712 993 962 831 821 742 945 789 693 601 894 739 614 615 803 927 874 922 973 786 783 634 659 875 949 802 918 914 951 637 902 813 631 823 589 621 842 862 794 932 953 608 636 697 908 595 872 977 997 994 787 944 735 653 675 660 764
64 794 990 912 951 846 826 591 756 722 798 611 925 776 834 848 863 917 815 937 956 758 646 870 777 731 662 959 891 907 627 844 773 823 793 906 630 686 617 674 972 728 969 827 709 932 594 771 613 971 780 626 682 607 726 642 999 786 671 803 713 857 657 788 737
101 655 615 992 667 985 782 978 833 880 761 842 931 964 728 600 953 606 797 694 596 1000 737 724 962 690 956 746 778 710 691 936 975 848 846 937 720 796 760 651 943 889 873 621 808 930 641 734 756 821 993 779 708 688 776 820 640 851 878 916 744 619 748 817 989 867 714 719 768 853 957 620 879 911 919 987 837 722 982 897 823 838 813 839 865 976 751 922 765 903 657 885 627 860 910 807 713 907 996 629 661 875
280 927 640 699 996 810 709 850 648 833 598 839 779 987 942 737 929 617 678 948 860 711 821 630 872 957 982 745 992 879 635 820 905 684 999 826 592 616 732 792 708 619 651 864 729 889 702 866 593 849 871 832 682 743 738 977 893 600 956 958 875 790 665 670 993 846 683 845 882 731 979 997 978 687 962 757 794 813 734 707 628 761 718 909 998 719 659 649 844 787 857 914 836 804 976 925 959 953 704 647 964 923 945 685 747 954 853 831 653 613 601 913 870 646 965 740 827 780 815 902 671 669 621 985 763 939 785 716 851 967 805 644 774 951 631 752 984 772 663 596 706 694 638 722 847 606 888 910 818 877 869 762 988 637 791 765 822 795 746 720 835 643 946 767 755 974 840 843 918 947 938 714 816 771 611 874 900 943 728 868 834 912 970 650 689 867 907 971 778 937 680 681 736 776 892 751 802 824 789 980 610 715 655 770 854 911 760 800 623 750 995 803 773 855 936 903 981 597 777 602 799 633 781 883 668 865 712 626 726 972 881 928 742 701 991 654 723 838 667 852 906 807 691 766 983 624 878 823 922 901 898 968 949 1000 894 808 828 672 940 952 814 782 811 658 721 856 819 908 607 692 825 614 890 725 744 656 609 677 817 657 615
62 897 797 873 870 613 601 765 766 739 865 743 611 849 905 987 932 713 790 648 819 732 992 874 798 894 845 843 768 831 816 824 794 605 881 910 896 663 610 602 690 858 916 850 599 761 600 653 764 857 818 662 837 685 784 899 645 909 795 658 649 696 889
122 852 625 594 749 906 920 819 700 680 817 942 701 999 755 967 979 865 875 734 814 659 998 978 941 844 752 868 913 857 879 741 702 855 595 698 878 846 807 720 966 727 884 747 602 922 697 610 891 869 785 908 751 808 872 790 988 962 882 611 664 827 770 746 652 990 712 621 788 641 634 649 851 642 663 836 665 750 987 909 725 596 921 924 847 937 993 931 670 726 833 630 740 820 694 628 991 668 707 681 662 954 791 607 776 737 690 980 821 604 619 837 623 774 636 711 722 804 825 907 622 886 806
135 919 765 722 840 740 694 790 889 923 973 884 755 795 705 610 784 869 676 743 713 888 710 603 874 723 731 709 596 763 890 985 716 886 815 688 616 660 807 928 777 633 703 966 945 880 652 753 922 761 997 754 693 719 941 957 643 875 854 742 867 952 968 608 891 935 749 830 925 960 773 656 827 846 597 785 758 714 806 615 853 704 949 972 962 798 873 975 782 711 855 700 617 702 892 635 946 859 862 915 911 812 821 970 990 808 707 907 895 659 824 628 832 750 868 674 687 776 626 678 964 655 992 769 916 936 600 627 690 691 829 684 872 602 624 774
1 975
17 795 689 720 776 777 643 803 971 958 756 763 637 757 827 863 992 613
142 780 685 682 818 970 933 895 805 674 642 790 891 723 663 955 826 639 858 981 783 851 605 823 692 746 728 1000 840 960 888 678 806 873 629 971 844 611 688 958 920 660 767 925 698 977 998 734 853 898 995 657 649 759 764 902 666 733 989 911 784 771 646 847 965 964 786 845 720 950 616 976 726 667 751 644 792 938 813 699 669 872 838 766 807 729 967 697 861 843 972 909 994 637 912 658 739 612 926 653 727 890 949 702 952 754 963 709 703 614 982 598 913 817 883 927 943 978 884 870 975 877 930 741 825 762 928 899 986 650 717 624 793 737 897 701 732 997 836 908 839 901 668
271 628 758 760 812 885 674 736 733 610 926 741 742 678 767 903 641 892 891 652 780 833 638 866 982 868 945 991 861 790 820 605 719 665 777 663 943 658 847 704 904 762 1000 768 729 951 748 735 980 896 989 709 857 888 755 642 695 870 644 703 886 617 948 826 854 769 860 872 655 824 608 810 600 622 938 654 708 648 746 955 914 673 796 745 797 831 697 657 599 693 821 898 988 637 927 998 722 725 668 750 659 865 660 689 987 949 675 962 775 770 666 613 937 620 832 754 731 728 757 715 727 805 963 611 713 632 930 875 916 835 651 782 932 976 785 917 848 839 883 985 969 661 635 696 920 783 855 878 925 671 912 838 852 936 765 897 723 726 607 747 700 787 881 995 918 650 625 732 967 803 670 791 941 677 992 804 779 990 929 978 612 993 934 965 816 975 619 807 776 740 616 961 646 720 711 981 683 712 627 953 802 734 739 647 685 788 884 845 717 640 721 792 692 763 811 950 944 986 778 858 890 643 773 636 730 753 817 923 973 922 809 829 850 710 959 901 801 784 876 842 874 759 601 910 626 882 928 900 869 819 813 706 606 960 618 957 818 621 956 887 823 653 893 837 686 716 724 691 615 970 906 662
236 663 688 975 976 822 624 984 949 737 723 790 936 806 724 982 617 906 986 997 987 696 756 924 989 659 980 818 876 962 637 610 621 856 712 742 804 961 955 841 739 911 792 654 807 619 809 871 816 711 794 600 679 893 909 668 636 886 830 734 622 623 913 864 690 921 951 704 618 655 612 833 927 630 948 849 788 796 917 603 607 783 625 786 891 925 996 991 616 722 754 935 958 881 933 750 851 647 641 846 894 656 969 644 631 916 953 761 808 795 670 719 697 863 824 932 922 908 831 747 797 966 772 760 674 705 635 768 985 759 993 929 683 676 903 673 823 755 896 828 954 701 915 629 714 930 649 669 947 979 880 897 967 837 800 738 762 665 928 799 994 733 904 829 899 902 977 914 812 653 865 694 945 836 751 613 870 793 862 848 675 699 706 887 640 931 817 743 854 946 611 934 774 998 765 859 852 687 698 770 717 740 707 763 901 634 926 923 681 693 614 867 606 758 658 695 627 840 620 860 1000 981 875 972 965 978 777 815 767 729 992 819 918 974 602 700 825
100 604 701 929 747 626 658 602 688 673 603 839 898 691 909 937 715 764 932 792 981 997 800 860 766 989 965 974 623 899 838 953 705 832 661 638 795 633 866 972 968 609 668 844 963 956 760 732 629 672 922 971 799 996 773 712 904 630 857 793 830 708 807 676 789 883 821 809 806 758 879 947 797 915 645 678 615 943 692 612 815 618 885 957 680 803 718 679 662 729 719 643 642 920 721 755 617 941 982 861 802
252 857 950 848 803 662 630 603 850 673 838 919 645 904 867 999 704 654 631 756 910 927 849 715 985 668 876 825 918 899 872 900 846 686 744 893 801 817 863 693 948 907 941 793 955 984 640 788 730 625 968 965 816 635 623 691 815 766 957 837 667 711 695 879 777 828 637 799 994 923 980 776 940 852 627 806 653 716 778 632 874 992 720 945 826 932 672 792 707 835 880 650 881 870 935 958 677 784 660 978 685 680 937 614 706 679 769 914 746 606 841 812 649 920 858 656 905 967 956 624 896 930 604 779 832 889 802 924 804 772 789 636 982 933 974 892 615 700 675 860 764 760 713 962 921 697 770 609 998 890 674 734 648 981 742 661 877 975 909 745 638 854 786 643 628 682 913 610 607 671 794 616 665 898 943 763 732 969 873 771 782 602 901 823 701 821 883 888 869 694 669 633 651 748 790 787 805 617 973 712 944 859 976 990 767 709 689 714 938 894 774 739 747 683 997 868 865 613 953 722 761 991 931 911 690 755 781 819 754 842 946 960 916 831 939 641 926 762 719 987 773 847 856 670 822 887 629 829 951 664 912 864 736
122 782 856 908 929 940 912 721 963 890 715 706 840 729 918 998 976 619 872 730 685 873 648 924 796 983 838 804 605 949 988 711 736 667 777 826 665 772 955 655 895 778 907 917 864 684 787 789 773 813 966 996 851 889 876 769 793 975 641 916 951 842 693 702 609 861 734 746 871 743 638 880 991 801 859 640 882 947 718 701 964 662 930 727 982 832 628 680 683 837 948 661 805 903 985 603 799 663 676 705 792 728 632 670 686 992 844 835 863 634 657 958 794 762 709 688 604 943 788 875 869 945 981
300 768 946 604 880 619 822 917 956 968 811 975 759 952 951 700 983 813 809 912 918 702 969 787 781 949 747 960 996 906 867 938 932 655 743 685 610 957 844 676 941 868 858 799 855 606 904 641 816 885 818 829 823 682 943 896 693 981 673 838 680 900 888 713 948 694 945 930 911 746 742 910 735 763 798 837 773 877 895 852 642 708 805 691 853 639 757 678 608 933 722 760 953 973 929 717 998 640 950 721 668 667 615 851 785 886 893 839 955 919 686 699 756 607 901 725 840 666 814 871 780 921 630 701 944 790 622 926 827 870 720 707 712 782 976 902 683 963 679 623 620 762 795 846 632 884 845 928 903 718 690 807 854 677 614 728 991 631 988 966 766 716 913 842 648 621 940 749 923 736 750 833 967 881 836 724 748 875 663 744 656 825 737 927 934 841 734 990 605 939 947 740 977 997 972 995 788 937 613 638 776 806 803 978 710 979 860 777 627 874 697 770 660 670 635 671 745 634 982 878 964 908 709 695 971 665 879 936 786 647 704 820 646 739 672 765 959 675 751 783 907 810 980 869 925 767 730 732 649 920 793 624 1000 861 894 689 625 987 890 815 774 731 775 872 705 741 931 897 808 753 644 922 715 662 835 669 711 828 935 796 792 800 684 618 654 883 849 764 924 898 650 797 616 727 659 628 986 970 863 864 962
277 946 640 626 709 991 806 656 860 846 838 961 996 728 746 865 866 863 965 893 766 906 678 847 907 745 778 889 922 826 988 621 764 875 622 607 639 752 750 989 636 654 813 816 648 754 696 628 958 874 869 631 735 956 808 616 999 683 963 986 917 794 920 885 775 818 801 833 977 990 904 695 783 651 829 823 983 705 887 796 914 684 736 773 732 979 995 721 739 642 830 613 730 779 883 638 845 902 897 851 763 606 667 932 861 831 722 711 814 619 879 798 707 652 930 790 911 669 921 978 980 725 898 821 981 690 729 969 900 720 617 987 953 853 998 771 774 835 895 810 647 984 859 611 997 694 937 819 884 645 973 682 976 697 785 878 650 944 817 820 804 772 680 812 952 834 747 649 868 760 919 828 758 608 749 660 726 768 876 807 623 918 731 769 635 677 856 618 609 672 666 782 674 786 699 633 756 740 870 777 957 770 903 723 743 948 968 664 788 824 832 718 615 715 923 913 793 653 670 762 924 792 905 802 691 627 641 880 850 909 799 890 949 712 811 634 985 701 703 685 761 899 929 848 610 843 724 727 837 881 941 974 614 943 886 872 658 733 791 962 950 679 767 840 975 971 734 844 765 776 841 687 700 661 620 797 759 714
19 916 841 940 670 678 866 631 902 696 666 931 969 891 653 844 994 928 781 858
84 992 669 962 969 985 731 956 685 836 719 620 975 845 895 828 614 689 955 757 843 862 874 762 976 751 922 984 665 656 692 972 734 794 806 940 674 682 633 993 632 679 676 694 660 822 770 681 611 926 662 914 801 996 777 654 966 944 834 787 800 935 706 947 693 675 997 785 610 637 690 964 765 691 950 869 797 783 772 658 704 630 929 893 773
111 997 761 932 739 983 682 933 640 919 940 869 784 792 610 662 881 861 702 655 987 781 616 905 700 871 648 969 690 945 980 624 651 958 894 723 732 860 812 873 852 673 846 707 634 661 977 609 705 970 960 694 749 642 926 907 891 954 657 693 964 810 821 991 834 736 830 993 975 986 718 649 772 745 819 654 992 956 911 703 619 715 625 824 864 854 725 963 612 803 952 713 943 776 857 916 978 790 613 841 863 773 896 691 944 639 650 967 1000 689 729 818
245 859 789 901 936 693 622 744 757 863 689 737 675 807 856 792 643 709 870 969 816 845 986 874 685 827 909 732 736 723 740 967 914 712 782 1000 708 900 853 939 887 793 918 665 810 946 667 806 730 671 798 981 933 767 876 644 705 768 719 891 766 692 908 861 881 831 899 609 843 812 838 726 781 921 857 636 930 991 771 993 784 627 990 938 903 813 742 819 752 963 678 770 866 701 754 848 694 639 805 646 797 780 623 897 626 978 852 803 610 624 670 934 700 979 895 801 815 684 804 668 647 637 645 790 983 835 944 956 994 945 749 718 818 702 841 842 872 715 920 919 885 659 666 735 839 883 658 943 716 755 778 888 695 745 619 968 970 787 641 864 640 825 728 734 625 698 989 634 743 948 832 873 796 937 706 975 676 997 882 976 902 867 947 616 663 773 932 721 779 629 982 949 612 823 998 662 923 690 828 854 632 729 759 925 821 837 865 672 962 953 630 633 847 720 664 855 935 972 817 765 850 751 889 966 654 653 820 638 611 917 628 617 916 769 999 824 682 776 988 840 924 980 811 952 691 614
88 762 792 988 661 612 936 617 821 977 915 860 681 842 983 781 993 994 827 815 902 867 908 641 676 632 713 635 788 833 828 938 753 679 718 692 686 948 843 652 623 644 646 696 663 885 670 802 784 653 727 698 618 912 857 717 822 963 962 744 863 665 739 835 897 901 942 973 870 674 873 949 655 746 998 927 926 826 789 839 916 824 935 708 764 878 961 945 775
192 704 850 947 703 693 900 936 974 975 920 661 629 684 749 869 896 640 824 678 792 868 739 722 667 908 955 821 643 874 728 836 892 676 619 795 988 690 944 670 972 805 939 628 897 757 994 712 746 638 965 802 822 644 750 932 811 954 649 995 930 885 708 797 770 808 706 991 713 879 990 859 622 827 666 634 901 611 748 633 641 891 926 907 664 817 677 747 841 866 887 925 942 912 618 978 612 918 685 888 861 725 773 927 714 985 723 682 963 837 913 737 854 983 651 820 946 734 876 719 756 915 755 794 671 865 707 992 964 919 877 862 632 709 662 852 763 616 733 744 626 675 902 898 853 715 984 789 650 635 884 716 977 863 793 637 933 787 617 940 826 653 710 659 772 779 740 917 987 830 627 810 839 971 903 844 798 847 809 956 691 717 663 668 721 743 906 996 846 889 871 648 681
38 619 868 877 803 627 784 804 688 760 881 622 898 660 969 852 693 750 630 876 703 615 963 711 650 818 793 778 695 698 908 687 709 902 953 985 975 945 668
255 769 949 634 692 941 791 683 971 913 658 857 801 851 618 758 750 645 968 835 940 781 735 761 689 755 792 799 841 845 626 876 797 690 756 828 849 622 844 867 864 743 982 614 664 684 724 717 777 846 883 785 808 656 955 824 763 782 726 712 784 783 624 780 663 727 636 790 861 633 999 616 879 969 821 981 990 695 770 944 662 843 745 904 613 714 984 732 870 709 778 928 800 935 972 887 651 713 771 822 888 973 674 903 809 802 937 631 880 890 897 865 859 911 908 706 676 901 895 894 915 711 926 722 621 623 847 641 699 923 738 715 721 860 852 960 909 832 834 930 877 811 751 902 934 680 767 789 813 655 1000 744 653 823 957 946 753 793 927 688 891 670 731 907 667 703 918 668 848 696 898 728 939 773 737 615 966 931 899 617 991 723 720 719 994 646 776 736 669 620 677 701 637 652 635 627 831 774 932 642 853 682 630 707 733 855 757 820 752 996 764 985 675 691 881 648 786 804 922 647 747 921 734 980 629 964 798 700 916 989 806 817 775 920 826 638 779 759 959 705 833 992 816 977 681 772 704 628 856 625 671 788 740 912 830 660
116 797 847 724 859 867 666 933 938 907 753 765 771 866 646 963 752 994 924 648 632 686 902 825 800 948 798 727 784 995 691 776 756 741 827 917 655 887 916 826 964 744 700 939 879 984 733 774 728 856 817 855 806 793 950 639 830 947 936 660 636 683 644 802 616 989 694 614 712 885 912 987 899 977 962 761 671 703 969 894 996 651 961 701 829 993 982 698 707 873 970 751 888 619 734 625 658 661 745 986 898 929 803 788 818 944 650 896 978 843 780 656 858 758 711 732 875
83 906 730 811 636 948 714 771 724 628 813 982 691 842 869 754 778 785 715 687 975 739 722 710 775 931 796 679 816 905 996 935 692 746 880 767 954 875 853 908 701 779 837 961 793 749 821 664 907 858 797 856 826 801 807 615 855 696 719 720 818 649 912 781 864 992 702 619 708 791 893 835 985 705 974 956 829 899 787 910 680 757 698 1000
38 941 809 667 621 670 970 767 892 722 791 692 880 630 772 913 797 782 868 904 830 918 983 919 739 713 856 1000 861 972 677 802 820 824 906 744 934 841 655
162 852 925 770 875 904 903 928 950 625 867 966 839 972 895 823 974 990 944 668 802 838 883 649 772 622 922 727 957 987 886 831 755 826 898 739 876 701 901 980 734 881 967 674 956 745 732 786 864 892 736 821 642 626 815 671 774 655 623 795 968 911 913 750 942 805 656 935 767 724 657 1000 933 840 912 857 660 977 695 780 804 855 629 997 851 669 715 905 796 914 673 909 713 847 648 759 637 943 833 816 865 764 783 630 837 771 830 740 627 810 921 811 703 728 667 955 631 628 996 709 863 791 769 638 894 952 738 696 822 803 761 753 799 763 846 654 975 959 788 651 999 872 807 988 930 634 829 884 908 871 620 818 861 806 897 694 986 731 665 919 760 859 937
173 925 827 714 705 689 744 719 981 631 625 870 750 665 724 646 973 658 840 650 863 747 728 712 626 668 711 968 703 793 684 739 756 777 811 979 839 636 682 926 832 923 864 772 732 802 806 737 746 667 851 820 771 974 828 910 621 917 709 700 722 913 788 767 901 947 855 766 898 843 679 736 997 892 884 813 803 752 707 723 924 949 975 680 743 889 644 983 640 624 906 634 801 826 713 654 657 853 988 930 639 874 696 630 817 769 897 741 859 995 776 773 734 629 960 868 779 688 815 671 871 805 677 632 954 978 670 733 649 715 927 725 791 861 938 761 849 829 909 842 837 833 635 963 774 690 784 986 933 822 729 708 982 957 950 919 931 718 921 628 706 875 691 664 763 945 780 823 618 990 953 819 757 789
253 621 943 976 851 724 975 642 908 865 771 716 927 694 917 878 715 815 875 674 692 962 784 633 666 836 855 839 948 914 774 620 756 879 823 940 858 693 656 845 868 665 629 721 717 729 850 689 773 968 645 635 778 662 843 795 760 930 964 699 911 732 874 980 863 800 870 913 941 921 640 955 847 982 994 718 624 894 749 981 742 817 954 958 957 935 825 886 951 949 837 944 893 989 806 664 657 622 887 834 681 977 937 802 866 793 737 946 648 710 754 792 816 623 766 934 972 831 690 881 743 947 830 993 814 925 740 797 959 661 752 867 643 920 669 933 803 888 950 731 649 705 915 769 885 953 965 627 734 703 822 813 990 889 924 999 895 677 789 910 919 634 854 733 770 779 852 899 750 639 673 967 906 794 646 902 739 725 986 787 820 896 853 791 945 720 755 963 861 880 748 641 786 897 700 961 918 804 916 833 730 768 983 695 898 811 807 901 626 632 765 671 877 973 857 1000 647 872 923 904 723 905 722 974 844 969 655 757 790 753 788 658 966 746 824 738 883 684 956 776 712 628 840 772 625 688 630 687 992 932 711 638 819 827
3 808 973 940
221 755 695 880 678 710 850 774 939 696 824 683 841 714 794 679 802 805 739 734 631 622 752 971 772 738 657 944 912 942 832 647 836 872 885 886 862 643 843 770 776 931 640 639 896 728 982 863 706 716 703 799 906 759 899 904 915 814 748 624 795 869 654 806 957 845 918 876 827 815 779 626 809 889 857 754 694 680 943 888 724 987 934 887 660 958 867 984 758 981 693 649 993 852 668 871 785 954 945 988 822 704 900 697 860 715 898 972 652 965 778 777 760 816 722 837 727 865 775 829 719 670 855 909 711 941 996 656 902 638 980 986 645 818 791 648 928 910 771 897 744 925 831 853 916 974 879 745 669 676 764 847 877 948 976 707 973 963 655 793 922 691 737 717 762 730 635 868 989 644 961 733 684 634 999 781 797 720 682 854 667 956 810 713 923 666 861 801 907 629 936 743 699 692 890 979 848 786 658 630 757 741 949 930 627 701 790 883 919 893 819 858 621 729 859 653 689 664 873 990 881 840
184 925 752 770 796 887 879 890 933 854 640 744 775 787 903 748 942 711 899 888 709 845 847 962 900 853 986 934 641 830 645 780 713 827 974 751 707 657 876 940 857 802 776 835 722 674 631 982 636 905 747 992 832 634 904 705 795 697 913 665 828 817 767 660 671 837 923 959 686 655 882 675 803 866 883 989 961 948 681 794 664 945 951 716 706 691 727 863 672 779 723 824 898 630 651 859 666 698 840 772 871 710 733 985 983 944 872 910 745 953 836 715 843 880 687 649 907 646 878 993 740 670 972 820 777 764 816 753 813 954 869 955 969 724 746 896 810 644 812 991 960 956 860 749 738 629 851 931 799 633 977 821 689 730 848 861 653 818 661 626 784 741 981 701 849 712 975 926 930 800 965 867 731 737 937 855 742 714 790 759 897 990 678 968 693
281 628 893 660 876 877 816 821 691 795 741 898 967 914 854 646 834 667 958 965 661 899 709 885 657 743 850 671 729 973 910 701 732 949 896 999 912 760 762 696 862 778 915 699 909 663 887 996 737 907 831 635 630 687 859 986 968 945 934 686 624 880 798 776 806 842 685 869 904 792 746 713 917 961 833 759 677 976 829 697 733 813 708 719 718 819 724 892 665 982 632 707 889 747 721 740 844 787 720 839 680 921 799 919 705 906 653 929 864 953 625 944 803 780 897 711 969 664 692 817 716 639 698 966 926 860 689 937 990 928 651 951 676 643 930 783 884 918 858 828 913 998 640 868 631 794 948 863 823 668 946 835 791 874 638 853 979 891 984 656 987 659 684 636 841 712 695 755 837 725 802 786 765 785 978 938 772 770 861 852 727 981 790 650 744 954 683 878 782 788 670 989 814 674 662 710 761 849 690 836 789 902 805 941 738 974 804 997 694 964 971 872 955 923 927 977 942 736 920 890 754 894 700 932 693 658 645 980 939 726 881 903 993 681 975 846 827 781 900 855 753 623 947 865 985 669 940 734 959 848 634 956 629 995 748 731 769 935 895 750 703 960 882 675 682 950 991 774 820 742 957 722 925 830 633 715 749 962 1000 764 857 963
212 713 710 775 830 1000 893 638 869 821 851 648 783 788 804 874 763 955 695 745 624 994 948 744 652 796 978 725 935 883 846 999 629 659 828 838 694 705 819 641 928 794 975 992 921 761 692 750 812 857 810 643 887 717 827 816 740 850 892 940 627 839 934 952 667 950 802 777 645 961 963 983 859 972 736 731 657 741 774 882 971 742 799 776 806 974 988 732 903 640 787 748 969 981 697 729 926 653 962 858 871 945 646 711 737 849 651 671 840 954 889 820 979 913 959 733 751 771 689 801 924 920 722 885 672 902 856 633 843 863 970 773 753 916 911 789 986 951 712 779 661 991 929 684 764 693 968 662 800 890 907 766 755 998 743 910 888 834 942 635 625 855 703 966 769 807 665 953 896 660 673 876 943 861 931 782 639 791 721 696 990 634 784 933 964 719 630 790 746 866 832 797 993 770 715 900 831 880 637 923 996 701 973 897 678 749 798 700 786 631 785 690 944
83 929 685 856 843 967 728 959 853 913 993 858 974 854 878 646 816 762 907 804 736 769 692 934 961 962 748 794 867 680 765 817 702 783 831 737 714 859 916 938 862 715 683 779 902 658 815 808 864 886 705 835 990 865 893 972 720 647 678 948 664 918 803 653 978 697 940 941 892 723 706 921 802 679 758 810 701 662 946 772 734 709 698 776
288 959 920 935 742 765 663 713 976 768 907 694 690 669 757 904 923 977 744 830 981 735 941 682 988 897 730 707 972 677 808 755 998 909 875 848 945 683 699 969 854 763 680 798 737 986 797 630 767 922 679 990 880 818 888 952 658 930 722 876 957 932 703 762 853 982 634 711 895 914 947 772 867 748 881 956 846 792 692 936 758 719 753 866 702 889 970 786 779 890 636 871 787 825 660 837 996 991 626 739 925 769 729 650 695 832 789 927 665 926 774 751 856 718 701 974 933 859 721 781 674 676 821 790 691 979 655 736 795 841 698 764 882 805 628 919 915 913 629 869 689 898 827 734 627 879 824 948 644 873 966 896 741 641 678 834 756 903 975 724 803 838 801 715 643 710 844 664 684 908 785 960 905 899 819 984 809 747 671 645 667 776 884 833 921 999 811 752 688 843 823 784 874 851 631 980 766 807 720 942 992 958 815 826 760 858 978 865 985 850 987 835 997 943 726 793 778 706 849 633 761 656 791 863 857 670 939 732 740 965 906 648 775 872 705 836 931 864 686 675 750 951 733 662 993 812 868 967 886 861 953 759 799 883 891 829 845 723 964 893 937 640 902 839 788 877 709 697 912 989 816 840 672 911 968 646 771 910 649 661 642 831 820 716 794 714 743 657 944
79 912 992 975 918 767 963 677 775 686 809 807 801 815 725 720 844 970 643 665 876 846 818 791 838 800 888 914 961 649 898 674 911 896 650 794 821 799 745 697 829 872 729 926 796 747 771 968 857 726 637 893 946 641 734 923 953 750 930 709 739 839 660 945 902 891 853 875 932 870 707 644 955 922 897 827 666 861 675 921
10 933 966 848 900 826 692 727 694 629 928
295 656 750 768 637 673 719 864 855 896 723 702 728 646 849 708 893 682 773 902 851 678 754 824 891 936 649 767 982 710 955 977 830 897 953 874 820 975 658 999 832 988 744 774 761 833 780 686 730 930 812 706 787 776 847 907 856 818 713 733 861 651 841 655 675 838 810 800 860 797 681 976 937 790 806 644 910 679 669 973 882 840 645 922 715 869 846 908 858 837 786 956 781 909 778 690 819 821 817 648 940 887 664 965 981 962 688 938 629 947 653 870 877 703 693 984 878 714 913 640 917 752 684 788 705 950 926 972 843 968 935 662 923 839 900 650 762 835 857 692 980 873 657 978 904 747 932 743 725 894 704 915 905 794 946 957 866 939 987 793 756 958 631 670 741 696 881 660 942 745 734 960 737 822 989 707 899 808 842 716 884 903 925 765 967 792 959 771 652 663 736 986 694 931 796 880 642 635 683 990 731 791 890 954 680 687 643 784 801 630 751 912 997 985 898 676 859 929 739 961 901 969 983 862 916 974 871 711 991 834 828 755 672 850 760 722 831 921 749 813 868 865 848 674 964 639 885 876 949 863 632 883 700 966 807 995 852 998 691 748 804 746 758 777 770 717 889 709 753 766 735 701 814 661 685 803 634 805 757 867 895 659 802 845 827 919 763 994 829 633 785 963 854 689 698 918
214 698 648 853 993 753 996 755 660 809 656 694 976 643 886 769 825 981 802 786 634 788 630 955 998 792 870 831 944 766 912 740 852 989 751 757 867 632 770 646 907 793 671 897 773 954 733 940 700 855 697 842 701 827 674 871 795 715 821 977 689 721 965 738 676 784 745 799 730 759 717 783 983 720 920 778 807 695 691 826 787 858 798 935 861 941 754 651 851 749 791 832 687 727 899 876 850 668 950 994 704 883 672 939 957 761 964 894 991 909 933 707 819 945 880 988 952 654 724 731 962 683 884 719 756 936 638 881 937 803 705 949 890 805 943 905 742 959 699 833 882 652 684 746 735 929 874 767 808 824 713 828 718 835 971 690 659 834 956 885 655 865 685 898 797 716 764 709 938 667 980 930 914 811 926 686 800 645 637 635 999 712 640 857 647 903 641 974 774 810 918 951 860 631 973 893 804 822 862 670 750 942 666 748 775 900 864 947 846 653 872 877 723 772 841
285 779 878 766 631 891 936 747 737 971 817 638 911 824 995 848 694 669 925 815 814 849 805 639 768 826 804 895 729 686 645 834 734 974 855 818 927 864 989 758 938 711 827 908 957 723 726 792 819 862 947 632 836 733 968 642 773 865 649 797 952 926 822 680 698 884 743 868 662 786 752 749 876 714 703 831 759 840 859 851 702 874 798 898 640 955 886 634 902 978 993 941 679 887 744 683 646 959 854 658 636 871 739 756 748 643 893 693 905 650 670 709 657 899 741 791 661 980 775 656 655 979 880 883 763 935 812 692 777 928 697 962 784 966 795 700 967 757 780 674 965 973 930 652 875 754 994 970 997 675 999 829 906 808 676 945 764 765 699 933 719 772 946 937 903 667 673 788 796 912 705 803 856 894 913 889 770 845 720 890 704 934 647 837 867 846 976 950 990 762 813 969 660 944 975 671 717 896 998 666 943 810 691 783 644 857 984 977 789 651 681 761 830 921 663 712 648 696 807 853 863 664 801 684 755 740 939 689 794 635 942 728 963 738 879 972 701 838 870 710 687 953 800 982 708 753 659 914 835 776 861 866 736 985 869 793 948 954 751 821 964 852 841 750 778 983 842 900 706 688 637 940 715 730 727 735 901 787 858 782 677 724 860 949 992 909
153 968 645 671 839 950 983 698 718 924 702 971 822 741 740 729 760 784 838 662 810 910 800 997 931 903 682 892 989 823 658 667 673 872 863 695 957 660 685 918 898 644 934 745 932 758 653 674 765 652 857 643 963 970 865 852 913 735 819 722 909 772 949 927 752 802 827 809 714 923 954 769 650 680 748 994 896 882 847 1000 782 795 849 814 721 891 688 846 730 641 890 815 634 902 646 976 906 993 759 696 813 700 678 999 747 783 861 987 911 683 727 779 946 669 797 908 833 775 937 881 862 743 855 885 770 790 893 724 739 764 953 647 869 967 935 656 926 796 707 941 990 723 928 939 942 654 980 708 734 731 780 964 679 736
18 835 824 662 967 689 838 729 724 688 666 890 748 668 686 907 879 843 762
111 877 816 736 753 757 755 984 949 831 886 869 987 659 989 730 797 771 783 913 652 761 746 835 890 912 719 974 752 701 647 900 893 774 870 915 758 638 883 925 707 643 699 799 693 960 892 852 855 674 688 872 726 716 789 637 780 846 944 954 665 678 834 858 830 679 712 983 777 680 695 670 807 933 978 865 790 740 727 882 999 662 824 725 924 868 956 888 854 743 884 760 655 918 975 691 843 635 946 856 926 873 658 833 702 905 773 881 642 792 645 708
32 907 923 966 879 959 793 764 960 980 841 824 954 952 637 730 994 901 653 843 931 903 840 885 690 889 983 812 897 698 847 789 658
121 645 644 810 690 820 779 683 988 749 919 962 913 751 753 656 713 879 823 968 675 996 984 957 876 972 847 763 701 890 868 944 998 654 886 909 883 908 658 782 992 646 798 704 864 724 860 740 903 973 655 866 877 764 801 825 865 845 840 826 983 672 774 780 738 923 873 797 841 783 816 914 795 698 680 804 931 660 755 932 969 904 954 759 985 835 846 851 711 794 989 916 817 853 799 978 849 670 691 657 935 934 685 710 720 887 854 882 716 896 806 728 706 958 955 829 942 669 832 726 995 848
126 765 937 788 764 918 751 761 815 736 923 645 896 809 958 912 1000 704 697 864 786 840 919 721 901 824 928 878 639 940 884 909 899 934 782 773 875 811 678 661 980 777 789 668 964 858 709 638 995 972 692 974 873 637 740 969 961 894 792 997 843 893 949 914 677 646 895 665 929 714 664 724 663 835 688 977 842 726 810 739 847 715 839 973 868 683 650 882 652 898 807 690 854 797 775 727 859 869 699 908 747 930 845 855 654 827 781 741 694 983 933 966 660 820 837 826 915 816 920 745 812 672 707 814 700 998 990
15 753 857 691 639 866 652 676 657 876 784 833 690 640 816 677
84 781 674 953 865 725 662 937 649 639 683 747 702 745 656 655 896 885 882 936 848 911 653 812 902 691 948 918 910 955 709 786 772 665 941 640 878 783 740 959 699 778 966 970 810 686 650 671 895 862 853 818 782 871 804 976 761 954 678 935 800 798 741 983 820 974 951 707 676 722 933 998 694 774 689 704 793 687 658 732 651 932 915 673 813
288 766 663 735 724 850 852 870 691 905 987 922 948 790 950 843 968 832 814 769 914 665 804 767 975 959 762 788 725 936 708 847 871 963 734 675 872 863 684 648 903 758 797 748 668 688 727 683 736 974 795 899 869 892 925 776 901 672 890 917 696 927 719 656 889 967 676 800 860 895 913 714 785 662 999 786 930 833 947 671 876 707 810 977 674 923 965 677 912 781 924 835 652 853 685 945 826 980 689 697 773 655 906 993 834 957 711 682 885 722 783 949 680 855 692 791 726 929 878 864 896 824 782 897 995 737 687 793 960 831 815 820 825 845 921 813 875 789 645 801 828 679 988 695 816 659 956 761 902 879 701 694 952 841 854 904 805 978 868 650 759 971 994 723 794 859 931 839 686 926 784 798 862 865 916 712 763 986 958 953 838 765 667 893 989 882 651 779 819 856 644 858 962 990 777 710 646 654 660 943 928 780 846 760 778 969 891 720 745 713 740 944 973 792 747 818 698 803 836 649 705 700 991 704 754 842 721 938 972 817 746 742 829 657 709 728 992 837 640 976 673 702 932 796 970 946 881 739 873 918 730 755 812 888 717 909 770 802 939 848 768 880 933 934 756 822 954 811 851 738 743 981 753 641 749 664 774 733 732 894 775 718 823 1000 771 693 744 915 703
261 739 655 846 865 883 984 751 665 918 729 701 815 861 805 940 859 646 789 779 756 803 685 677 951 695 808 924 679 980 793 783 716 698 936 851 755 986 732 811 727 947 795 648 777 792 641 763 749 822 860 784 959 960 994 728 678 724 888 799 788 825 657 973 932 738 905 863 722 897 734 842 774 824 877 674 694 943 711 841 661 907 823 796 829 875 776 970 817 782 813 983 762 892 730 752 914 765 828 761 800 797 693 849 710 787 682 911 652 744 713 926 992 968 938 675 848 945 925 706 855 939 858 869 731 768 978 903 741 664 929 836 740 987 885 999 913 667 772 669 985 930 931 982 928 881 700 975 656 831 955 812 957 941 942 850 686 972 988 736 872 844 650 852 809 899 964 830 1000 708 893 847 753 901 715 956 944 804 748 998 856 737 958 769 773 827 670 745 764 647 906 725 816 689 981 742 889 720 767 746 806 843 969 758 890 910 990 953 967 672 996 781 723 778 794 766 993 965 709 974 909 649 898 946 979 834 676 747 801 653 895 871 886 857 880 663 862 963 864 697 874 971 702 919 832 950 802 995 810 814 949 837 920 904 726 916 900 790 684 687 908 660
193 732 709 642 882 1000 771 643 888 917 931 801 663 722 908 879 900 783 828 674 953 741 894 697 736 685 707 819 798 968 977 767 750 768 955 790 962 660 851 813 863 890 871 661 655 773 893 876 849 898 766 715 784 889 959 949 986 729 923 726 762 843 645 688 806 869 922 669 866 904 845 947 752 650 864 723 830 713 960 924 958 794 797 915 872 788 782 874 842 737 994 730 686 840 807 808 761 844 786 884 710 780 827 743 976 716 659 991 728 705 969 651 647 901 971 937 897 948 896 747 657 666 878 928 966 679 733 701 748 979 989 853 708 941 751 868 932 892 799 818 946 706 756 850 957 832 867 855 682 921 981 734 822 675 985 920 829 895 759 725 742 793 678 739 919 654 961 826 906 990 789 800 680 982 702 735 925 999 951 854 758 877 907 927 833 952 704 929 724 676 943 690 988 903
220 750 855 763 811 882 737 769 777 917 711 837 854 651 644 924 795 646 708 686 792 871 921 720 886 828 698 865 694 710 878 930 785 718 960 660 673 683 908 885 997 925 866 946 922 717 814 756 999 883 996 859 847 890 971 853 705 779 815 918 723 803 738 836 895 959 887 998 697 747 693 800 841 713 904 790 748 682 696 661 850 963 664 842 983 956 830 706 931 760 812 776 755 731 787 691 700 976 994 856 735 783 732 715 726 692 820 875 962 729 658 649 923 678 867 684 857 913 889 668 881 902 961 699 761 861 773 879 754 839 796 969 704 797 858 864 980 927 860 670 789 674 648 685 950 898 896 926 643 766 989 719 809 846 818 914 863 810 784 703 965 746 822 774 695 782 903 765 826 817 662 647 758 982 709 869 742 934 972 743 801 671 771 973 793 676 788 831 979 681 916 821 775 905 877 832 677 897 740 978 675 749 945 892 880 933 781 834 823 970 868 654 666 753 952 667 734 939 920 799 736
80 708 876 991 946 646 745 840 932 963 956 880 665 675 883 979 656 712 678 788 741 924 810 949 984 672 702 879 727 782 933 861 916 696 807 758 798 854 681 960 684 850 658 770 812 648 893 701 801 753 974 894 993 777 996 761 824 941 915 748 990 756 722 906 724 899 997 951 644 942 955 803 752 887 709 938 950 862 986 834 734
116 794 896 947 853 771 868 658 861 740 836 956 830 666 700 949 898 718 754 960 929 647 776 845 788 935 921 810 928 914 795 706 668 999 757 865 690 665 837 905 820 805 994 739 983 692 901 654 908 694 915 866 859 867 995 899 870 768 835 702 910 828 969 827 746 745 933 688 809 787 697 801 729 857 650 708 847 923 884 648 767 687 813 958 883 890 698 850 887 682 829 981 705 763 800 952 734 775 964 713 717 900 909 977 686 645 681 940 649 727 652 750 957 989 777 938 753
75 656 669 650 916 756 836 829 791 662 884 908 750 707 661 770 742 748 720 706 751 877 937 826 686 659 917 944 959 763 981 805 955 721 780 870 847 824 712 739 795 757 972 664 866 876 878 845 934 835 764 995 989 857 676 891 775 696 759 782 753 839 923 973 822 752 685 947 872 810 975 798 841 935 789 842
281 733 885 699 800 785 754 921 764 832 797 828 744 903 994 867 845 748 933 763 822 843 923 768 929 817 689 786 808 842 955 707 979 914 928 720 675 916 866 901 662 791 677 984 770 659 687 998 693 922 857 778 830 969 995 672 875 1000 705 706 924 723 668 894 905 795 981 724 742 806 670 766 651 787 669 730 959 700 833 953 888 647 648 891 989 779 746 868 874 679 936 846 716 751 838 847 780 878 958 883 941 992 859 762 703 745 708 678 650 964 709 761 971 844 688 945 834 674 813 821 753 860 950 714 907 938 948 993 881 696 839 862 671 913 966 840 803 935 771 863 851 975 739 816 818 710 775 986 852 826 776 697 685 757 949 870 738 810 887 652 939 904 811 788 909 752 841 719 879 970 781 767 682 987 861 837 982 951 790 973 967 925 858 804 660 729 721 782 900 715 836 759 882 725 961 919 794 820 732 722 897 824 896 853 884 653 649 835 654 691 812 947 869 977 990 684 702 976 796 717 783 658 713 912 962 871 809 920 686 736 952 917 940 829 978 683 931 802 895 657 944 930 864 902 718 734 661 663 892 854 756 772 676 814 737 849 960 856 996 819 673 680 801 918 774 926 910 784 968 773 698 963 692 865 942 681 880 825 749 946 704 985
170 826 803 916 853 659 775 836 861 750 976 703 901 769 979 657 667 924 800 828 969 951 753 990 959 651 898 665 834 674 922 825 749 721 752 849 903 767 805 949 796 872 980 701 900 886 950 822 678 883 878 706 864 823 776 785 929 881 889 716 771 766 740 786 940 968 757 806 714 869 850 670 952 860 690 696 920 691 838 963 915 756 934 787 732 994 743 708 704 854 933 992 852 725 671 819 702 877 652 999 841 837 1000 893 684 897 873 948 666 817 859 863 795 941 754 965 865 842 720 926 679 858 712 770 839 884 908 855 711 835 956 705 799 844 987 737 673 715 809 938 780 955 698 995 993 718 745 759 797 777 975 857 791 758 851 977 663 762 896 794 882 918 789 687 895 928 847 699 974 967 820
206 958 696 694 684 899 930 837 790 720 984 966 707 719 670 856 804 946 911 853 728 890 905 774 873 852 710 818 743 896 863 872 880 915 689 816 669 691 706 832 760 929 808 826 895 959 660 996 777 779 748 997 843 674 673 772 833 839 995 802 907 810 738 914 699 753 849 860 796 937 947 879 721 739 922 741 827 659 960 940 749 964 791 761 712 727 713 723 851 993 977 768 972 848 858 692 786 767 1000 715 688 934 918 976 866 840 978 735 745 894 889 792 672 957 842 835 888 845 730 657 953 992 809 813 701 675 782 769 695 963 725 664 974 885 682 711 803 784 736 891 780 811 758 775 900 787 973 990 928 679 875 734 935 681 836 870 893 812 654 854 962 941 913 904 778 844 920 751 951 763 924 864 862 828 881 939 956 653 901 971 902 909 733 668 887 717 886 908 933 949 969 877 650 752 980 838 724 708 764 667 658 938 690 821 801 932 970
227 741 836 721 860 808 867 907 747 884 945 936 956 668 819 987 698 726 692 760 893 887 890 857 704 904 767 774 838 916 980 792 829 993 866 684 657 679 795 779 798 985 924 677 773 758 922 927 682 809 975 665 842 935 745 821 783 970 658 944 776 896 811 960 753 770 709 913 911 955 730 972 986 954 732 963 996 680 675 876 976 965 858 735 827 831 983 925 681 880 937 816 825 968 810 923 710 695 926 966 973 696 852 757 652 788 1000 791 950 839 957 953 766 873 676 797 943 803 716 671 951 800 920 738 689 958 984 731 752 702 967 669 793 724 717 688 978 917 785 988 883 764 830 841 750 981 718 815 714 910 915 989 888 861 817 820 912 906 806 739 751 651 781 777 756 864 990 931 941 942 862 846 961 897 875 833 674 908 786 693 733 759 654 742 746 667 999 794 656 878 762 834 859 894 701 843 801 784 755 662 845 939 918 995 678 729 856 934 870 707 930 849 708 748 850 992 899 772 768 823 666 891 998 826 848 914 886 697
9 756 796 780 976 809 806 835 874 966
43 959 767 692 800 803 979 880 751 804 718 861 941 738 961 812 685 672 697 923 785 658 725 986 883 978 849 671 908 973 722 891 776 868 901 912 788 920 733 748 766 824 661 974
50 794 833 666 674 659 706 932 703 763 883 678 954 671 771 815 983 841 749 730 665 893 965 992 847 943 991 800 851 951 729 825 663 796 813 803 711 996 792 725 868 849 962 809 811 683 865 970 677 734 704
212 757 821 956 870 979 687 778 899 843 748 804 968 789 825 813 897 853 688 669 784 737 698 895 988 985 761 869 723 841 921 655 751 654 889 970 892 938 991 842 816 866 674 684 762 790 993 668 941 865 957 953 965 747 663 824 927 774 815 730 931 764 913 915 798 876 882 898 742 998 838 942 976 713 662 984 775 691 875 932 872 783 714 944 923 830 909 736 851 788 787 657 656 880 754 986 874 891 994 749 826 731 855 877 822 765 854 995 831 896 726 791 802 729 867 945 837 883 672 701 828 772 702 885 707 679 848 914 722 971 884 667 728 803 793 670 696 972 689 926 964 873 785 846 860 862 658 996 786 1000 776 659 925 929 777 959 809 740 903 827 936 690 756 758 890 818 879 833 823 977 733 708 767 946 955 943 746 781 919 724 812 836 920 712 997 660 863 739 725 769 904 844 797 999 878 911 888 820 958 852 864 902 969 711 973 671 792 834 782 800 982 814 699
231 881 811 737 872 725 953 954 874 950 772 841 935 880 679 712 902 939 915 826 970 916 802 960 852 905 670 853 777 893 886 861 668 956 750 778 705 761 749 942 830 889 680 701 865 759 991 672 806 825 721 793 870 979 730 664 786 760 794 683 981 807 931 995 728 715 755 675 801 686 813 816 983 771 662 764 809 877 723 917 753 973 858 735 655 985 927 673 698 854 745 693 713 818 980 946 907 718 958 658 717 661 862 949 666 968 738 748 684 714 803 707 836 892 817 943 710 788 911 878 879 899 884 969 797 847 900 965 657 843 844 944 934 690 656 957 659 913 747 775 768 827 774 961 711 762 932 689 727 918 842 851 752 734 671 678 926 660 692 972 829 859 989 978 779 871 726 695 795 975 697 702 724 909 925 919 708 936 977 798 856 815 740 665 921 781 756 787 903 876 855 732 824 923 833 901 885 959 699 994 928 685 828 767 831 796 694 791 669 908 722 867 790 696 739 799 746 754 706 945 922 742 933 667 682 898 819 733 763 729 677 904
258 909 841 919 752 781 746 955 760 918 939 907 711 877 797 871 828 823 698 959 924 940 999 695 935 678 790 863 745 706 987 846 742 895 713 966 905 865 857 980 815 963 779 725 808 930 837 751 672 782 951 814 872 954 749 840 829 712 772 762 978 902 718 870 836 660 908 807 714 901 820 874 848 736 747 799 894 771 738 941 970 722 724 701 759 960 662 975 982 740 945 994 756 671 993 657 997 824 998 709 896 670 929 880 721 985 989 972 859 692 727 903 957 661 822 758 750 910 777 804 798 694 784 842 674 934 793 787 773 839 767 926 795 768 691 708 844 719 696 879 816 673 967 704 778 933 664 974 675 809 817 892 753 794 715 812 849 734 866 684 703 964 716 726 693 785 943 937 932 968 764 914 881 735 949 973 776 843 855 873 927 904 780 730 988 688 826 834 889 665 979 900 748 923 906 697 922 899 838 883 810 893 886 983 805 744 743 830 897 831 685 861 757 739 996 710 981 699 850 819 884 915 986 755 806 775 845 690 765 676 891 928 737 921 774 936 663 992 995 876 681 754 656 991 783 920 682 984 717 890 878 851 683 668 658 770 852 833 811
215 830 895 874 957 885 760 851 695 937 907 847 961 754 796 716 881 941 821 659 896 746 698 803 742 845 877 726 944 852 779 762 988 923 986 807 989 794 929 930 894 942 905 883 836 691 954 751 866 756 948 749 810 947 765 729 745 740 952 752 684 668 771 719 730 710 994 973 932 797 816 928 835 826 859 791 764 660 808 871 739 910 681 802 661 953 840 848 972 908 820 657 844 878 679 788 785 906 699 970 898 903 1000 780 951 931 917 712 715 769 945 817 678 770 667 964 981 979 743 759 744 772 704 790 860 786 949 811 876 880 728 838 933 983 763 887 805 670 718 675 943 804 892 781 915 732 669 868 693 753 977 998 665 918 783 720 966 694 995 959 875 832 671 734 768 985 897 919 872 713 801 663 721 700 696 701 934 812 664 862 870 955 924 833 714 750 890 735 946 815 755 982 775 834 914 789 950 703 925 689 922 782 884 686 773 806 702 913 850 777 707 940 758 673 690 855
3 762 863 993
25 895 923 900 749 716 941 974 963 735 881 956 758 992 674 902 779 667 666 807 847 806 875 853 683 829
129 892 905 669 948 676 759 828 954 795 825 951 818 890 850 969 934 706 893 950 949 943 758 927 946 694 834 763 921 725 745 953 967 722 781 768 865 994 787 816 979 824 971 802 838 962 903 761 857 992 723 860 876 815 737 833 944 900 964 720 959 915 835 721 773 880 922 809 705 961 821 841 810 884 937 976 957 904 734 817 867 733 918 859 807 902 813 814 831 719 796 978 965 701 798 862 854 891 791 792 765 881 851 840 808 993 677 777 803 707 930 753 800 945 805 1000 726 784 870 977 837 898 844 917 925 704 885 672 661 901
198 943 819 874 763 860 760 968 814 663 924 707 842 664 669 928 908 702 915 921 801 741 728 770 989 718 798 890 753 732 985 774 692 737 661 976 898 844 691 889 905 722 854 861 782 787 703 686 892 991 950 754 939 859 825 704 668 883 803 685 944 904 789 769 809 713 742 725 762 687 955 845 683 862 855 706 847 946 678 877 785 881 765 884 736 899 817 748 873 887 867 938 984 796 776 816 735 766 990 876 684 818 940 778 714 755 983 743 956 729 800 679 848 688 779 999 858 850 790 788 925 949 863 973 870 768 738 965 826 665 715 724 784 865 757 856 910 972 822 868 941 731 838 733 712 709 988 885 681 689 783 750 986 795 933 680 667 761 967 997 719 958 758 957 963 945 931 828 981 927 744 917 841 662 791 974 772 690 918 947 730 821 786 780 682 849 909 674 773 694 677 853 675 936 671 880 896 815 697
52 720 743 994 815 976 665 839 758 803 812 979 670 949 663 991 697 789 813 972 961 933 992 967 977 906 836 762 774 938 717 769 914 753 799 925 725 778 776 856 952 678 989 912 876 993 910 881 984 793 978 667 872
163 857 667 754 964 770 741 997 747 905 903 746 663 962 772 726 991 828 849 886 752 915 928 885 802 776 998 677 939 766 890 686 755 937 775 740 862 879 987 780 904 864 947 930 727 784 717 841 942 694 911 801 965 701 676 674 833 792 926 995 749 882 781 760 972 899 943 891 688 797 695 970 895 681 867 824 705 751 830 966 847 826 790 958 922 757 959 823 665 759 920 822 738 722 668 985 949 861 690 944 918 753 800 689 683 984 708 917 971 846 912 838 932 699 834 682 748 819 718 921 875 848 845 687 933 919 762 666 675 679 960 872 799 710 979 721 909 924 724 836 763 791 898 963 837 927 761 672 812 813 893 774 870 889 771 976 678 853 887 704 869 945 798 728
75 726 974 724 908 819 719 808 793 827 898 897 671 842 958 881 830 969 693 950 705 939 924 736 904 988 910 759 997 991 857 998 823 798 875 892 779 870 976 714 738 977 797 711 978 676 975 909 794 891 931 940 735 953 773 982 824 840 828 691 790 811 856 926 710 896 737 749 665 994 887 938 886 851 959 740
81 877 802 941 873 1000 797 816 909 944 988 879 943 709 783 955 917 982 772 777 840 822 703 748 888 675 953 745 693 736 903 847 665 826 691 962 975 912 732 919 787 741 887 915 870 666 808 756 801 734 844 707 949 859 883 861 878 871 770 963 774 983 696 958 904 884 852 942 779 793 742 836 932 676 930 862 795 754 775 993 866 705
4 698 776 868 838
206 864 838 818 942 786 973 751 957 708 987 870 877 919 675 855 964 978 956 955 767 685 844 959 996 966 777 798 875 846 845 995 788 933 915 736 763 826 723 939 702 821 843 756 796 926 775 760 850 851 688 869 827 816 693 813 719 861 808 787 828 683 689 985 878 682 733 954 867 769 804 700 953 802 696 950 871 912 717 847 932 739 962 975 923 858 758 754 930 963 824 784 715 794 812 948 918 917 883 728 742 910 811 865 667 701 904 778 945 820 765 879 908 902 893 817 674 880 726 876 699 970 753 925 989 761 854 894 937 691 834 968 819 764 781 868 720 898 976 920 750 916 743 929 734 863 803 941 901 815 779 690 809 984 958 727 944 703 909 859 934 762 897 810 840 836 873 783 732 835 833 678 694 741 746 698 931 862 766 671 679 837 800 887 839 772 980 724 677 669 977 943 782 771 856 949 921 785 709 752 676 906 992 928 900 971 986
216 988 674 925 813 712 901 756 701 910 755 979 794 829 908 797 741 974 816 754 973 696 751 737 938 943 980 940 966 899 942 934 961 815 727 896 833 878 750 922 689 705 702 1000 676 888 881 930 886 944 975 757 746 871 935 920 776 752 669 894 986 907 835 904 989 915 950 883 820 792 687 723 726 699 686 714 821 713 715 999 958 675 949 864 848 990 842 954 977 682 673 952 861 677 913 796 718 695 753 844 784 827 722 733 983 865 761 874 946 924 805 937 812 735 679 941 923 717 670 898 770 824 867 967 858 996 700 985 775 879 875 734 859 955 853 855 684 845 957 887 916 763 779 732 804 692 912 856 771 998 841 928 736 800 917 919 846 668 720 748 777 808 725 893 914 956 965 789 745 773 927 885 744 849 994 694 873 945 690 787 847 960 868 902 678 976 939 959 798 823 759 774 819 921 743 869 987 843 818 840 729 826 721 781 791 862 984 680 905 671 825 903 951 749 707 817 991
45 839 721 842 897 717 940 701 955 775 885 694 772 820 938 928 851 978 669 691 879 873 933 819 762 736 886 687 693 742 777 764 838 877 833 822 854 968 731 767 774 960 979 974 999 748
251 788 872 841 969 684 932 825 922 831 851 759 855 926 842 1000 854 702 756 893 906 806 686 776 800 975 775 696 754 814 816 961 710 705 940 937 913 951 847 731 679 944 751 676 991 999 685 778 708 931 974 728 980 903 883 865 949 791 935 715 956 671 699 830 959 982 838 916 717 977 856 923 703 722 874 860 933 983 871 875 820 946 792 884 836 957 941 739 985 761 727 692 723 680 912 694 700 769 994 802 976 691 805 886 878 772 712 834 798 744 745 859 918 882 738 695 687 978 765 774 701 822 997 866 706 721 870 678 766 905 929 713 799 732 817 813 803 716 934 782 833 742 902 824 848 737 784 896 747 809 749 936 879 910 828 954 889 914 768 950 729 736 810 867 790 861 743 698 907 718 857 771 927 777 674 734 948 853 670 928 947 753 938 840 971 901 818 843 988 758 812 845 890 919 785 920 962 968 965 793 863 876 760 873 783 898 767 917 770 714 990 746 852 979 786 881 862 939 897 748 711 877 880 832 858 829 682 837 987 811 972 801 796 735 677 720 943 707 895 821 973 762 794 773 726 787 921 673 899 752 741 780
208 903 1000 740 765 944 980 692 891 954 774 739 808 852 935 813 961 675 963 773 952 886 996 753 688 812 778 968 849 835 889 678 899 807 848 845 847 867 752 894 793 756 748 713 743 716 879 715 832 829 695 686 768 770 859 762 913 764 875 728 710 717 727 959 910 911 781 828 831 881 885 679 736 672 991 966 709 785 680 682 729 804 726 999 920 733 876 851 921 792 860 916 855 689 973 821 925 844 846 923 964 699 749 864 901 940 742 755 882 987 914 998 870 805 978 721 799 874 824 723 896 897 777 866 763 995 949 827 788 820 711 685 707 919 965 801 933 956 800 732 806 986 673 922 741 746 776 930 817 696 694 945 850 892 967 989 988 803 790 853 990 841 754 992 942 780 863 970 951 734 771 858 795 953 759 782 826 928 693 869 982 972 936 738 974 904 957 888 704 700 926 687 676 955 836 984 934 714 691 701 750 718 683 839 915 971 815 837 705
12 817 731 924 811 826 672 865 677 732 682 712 832
140 955 889 693 996 916 858 970 923 907 738 819 790 902 696 724 979 839 852 915 844 684 822 720 752 706 803 718 689 912 975 918 901 849 894 787 771 865 694 980 739 813 823 851 985 781 702 925 892 793 897 994 943 899 840 761 782 695 795 794 785 855 990 866 890 712 838 827 919 860 945 910 730 995 859 815 766 934 946 783 921 836 704 953 792 998 719 729 772 971 817 681 673 853 939 869 676 862 679 887 957 952 777 920 798 854 688 908 991 751 935 725 776 978 843 885 674 973 826 833 966 922 989 879 947 734 837 961 863 960 810 883 964 974 728 675 872 765 726 713 956
98 885 799 730 894 810 907 723 952 893 748 836 956 914 773 962 973 741 845 821 883 689 861 752 971 990 896 994 992 720 691 768 961 997 928 680 886 758 949 816 776 790 829 789 817 813 976 843 716 982 701 912 726 827 812 760 871 764 728 984 706 944 736 807 740 820 850 908 909 684 874 983 891 737 943 695 694 917 824 801 756 761 980 719 929 700 866 746 899 779 859 889 772 725 945 860 833 996 864
149 727 762 831 825 913 816 686 916 752 909 920 845 908 793 928 709 955 861 983 889 977 848 976 970 789 901 745 778 801 884 881 728 937 894 954 924 776 761 796 930 989 899 948 763 835 961 919 725 883 701 706 717 681 986 921 879 953 802 844 994 897 724 731 775 759 904 707 828 757 760 823 846 877 958 744 677 891 996 862 998 873 956 843 922 896 692 758 887 915 965 678 888 690 799 842 710 969 849 841 675 943 746 794 911 785 786 734 960 804 917 872 869 980 847 771 714 949 867 833 767 740 885 806 732 966 914 783 712 988 699 773 978 684 815 878 726 829 723 903 945 689 798 931 824 863 864 733 859 987
263 695 813 684 972 809 943 966 727 832 793 693 897 759 941 923 715 952 918 766 932 964 680 865 735 962 823 831 751 981 697 771 925 987 963 852 951 729 764 783 881 980 871 846 961 860 911 820 907 996 713 863 817 691 816 785 710 982 875 888 746 915 749 999 730 745 709 686 806 732 948 917 748 802 995 884 942 707 901 929 899 902 854 750 738 734 720 976 694 904 885 717 968 702 811 722 705 986 955 778 812 872 971 700 905 763 741 726 953 678 956 688 960 704 978 837 775 808 799 805 760 708 683 984 773 769 928 721 859 945 779 786 819 724 827 685 983 891 856 767 838 958 768 910 800 758 842 733 781 810 882 868 861 731 712 903 801 689 804 681 698 921 679 829 866 947 886 938 744 922 994 753 926 682 855 874 833 950 880 843 835 979 770 878 777 877 920 782 894 742 762 687 992 887 936 821 814 701 934 723 1000 879 909 913 851 752 937 784 862 774 853 696 900 864 825 834 772 797 761 848 873 815 930 743 991 896 791 824 739 725 677 789 711 765 840 736 876 676 716 803 780 927 895 965 796 792 906 973 828 954 790 924 699 788 747 830 931 703 908 867 970 718 776 714
109 865 803 804 749 898 770 956 852 696 890 784 740 842 870 802 761 712 941 855 813 947 928 779 899 864 683 717 716 965 900 723 686 879 943 743 767 694 982 811 936 715 750 700 971 722 782 786 763 709 721 755 695 961 704 797 739 677 927 775 884 792 921 714 708 903 969 955 731 948 857 758 897 983 872 889 805 991 713 986 877 913 874 747 914 774 993 823 756 816 839 851 996 979 860 1000 765 799 888 789 907 818 861 753 916 843 835 710 693 850
280 870 685 784 740 826 694 710 764 886 745 776 708 700 825 759 743 721 974 930 935 783 762 873 777 946 858 893 899 724 845 717 996 956 976 789 861 680 766 851 727 927 983 799 750 900 977 702 763 705 810 774 738 798 781 796 928 941 908 905 864 965 975 920 846 838 707 892 696 806 857 837 971 812 863 948 752 848 875 768 964 880 860 999 758 990 682 753 853 814 876 690 994 885 985 968 815 803 945 843 998 787 802 824 748 916 954 757 919 890 736 822 712 820 967 882 938 987 791 950 992 917 831 832 887 989 982 939 711 888 979 914 733 751 970 991 988 898 856 923 959 679 925 771 744 828 720 847 867 732 788 823 993 958 714 949 811 963 767 773 891 932 689 836 731 966 926 704 889 739 692 839 747 723 895 918 780 683 934 850 881 955 688 756 913 868 807 842 952 835 981 879 874 770 840 686 760 749 730 972 961 841 995 734 980 903 901 859 735 929 844 924 878 681 969 792 746 782 819 755 922 801 911 691 769 865 795 754 907 942 940 800 884 947 986 785 906 817 933 909 897 871 706 715 960 816 896 854 797 849 701 786 741 709 943 973 827 678 693 830 821 869 687 695 790 726 808 684 697 904 915 703 794 813 883 910 829 937 737 944 936
250 939 798 783 873 961 849 852 965 923 697 801 761 716 758 781 742 919 688 906 848 822 854 823 723 913 836 962 991 785 794 829 841 689 744 905 831 878 751 992 937 821 830 894 944 711 809 787 869 771 683 949 715 891 857 795 969 924 922 702 774 925 998 948 778 779 920 745 882 799 861 929 950 810 709 793 818 738 887 730 719 757 696 707 797 868 977 736 690 954 748 767 725 791 971 717 904 728 789 679 984 825 862 734 978 693 844 782 695 712 995 867 947 838 951 806 762 842 918 858 964 784 754 943 921 837 914 832 796 765 772 926 814 955 739 957 805 703 850 760 833 713 877 827 764 802 892 708 700 999 727 740 963 756 900 776 692 680 967 893 743 687 705 959 933 685 876 733 788 864 863 752 817 946 994 824 902 874 928 808 828 731 722 987 686 835 936 714 855 775 701 975 819 804 746 710 845 786 958 953 879 816 684 724 815 870 897 853 847 747 972 699 768 755 898 694 807 973 859 934 932 720 803 749 763 704 706 938 721 780 843 896 942 777 979 986 750 753 871 811 880 718 970 883 735 989 826 931 940 886 980
281 728 900 777 919 911 856 735 751 994 944 849 954 836 910 896 861 782 801 848 942 978 841 887 906 828 814 877 748 729 883 898 976 820 775 737 937 746 955 843 747 920 973 862 688 710 847 854 858 834 869 876 917 941 871 846 762 964 696 914 850 905 875 962 868 739 736 727 680 742 893 831 946 892 845 776 897 974 988 985 860 794 864 812 991 810 780 743 951 798 833 733 947 792 982 685 953 686 936 740 683 767 866 797 996 695 702 773 945 745 709 752 965 788 826 756 738 717 734 763 959 909 838 805 912 778 934 807 822 744 975 926 859 885 705 950 800 886 766 935 750 829 830 938 825 872 968 963 681 755 966 989 815 889 899 824 806 884 684 817 712 902 939 700 741 811 687 758 840 697 915 779 802 952 970 880 924 931 698 928 983 903 895 969 987 764 870 957 816 993 796 721 844 958 768 693 925 770 949 930 699 706 694 933 901 890 787 732 967 759 726 722 990 995 714 781 724 809 819 821 918 839 992 971 929 904 835 1000 997 723 961 771 907 853 932 888 943 692 837 761 731 713 799 867 691 769 789 765 921 863 772 948 842 753 818 682 913 881 922 708 786 760 972 703 984 793 986 704 894 981 701 852 725 999 998 873 865 690 940 795 979 689
150 924 746 742 801 828 952 854 985 896 931 939 751 723 804 944 846 964 760 874 819 946 993 935 849 1000 761 857 782 957 920 776 968 715 988 965 997 709 745 785 698 987 716 744 953 772 759 703 812 734 713 696 791 936 741 728 731 793 797 800 732 738 748 806 778 925 724 879 803 868 976 787 823 835 923 777 978 820 816 725 864 863 938 824 765 729 954 870 873 840 774 700 753 763 878 901 989 915 784 739 704 959 875 963 895 697 970 984 966 913 981 867 905 921 796 691 903 889 904 967 992 780 971 919 707 958 781 775 974 937 947 687 883 914 853 922 786 856 827 890 771 912 736 685 764 755 926 929 927 910 847
210 897 772 991 819 764 916 944 825 973 910 861 763 906 843 800 818 859 835 817 888 988 945 979 976 784 959 970 826 840 758 829 995 853 781 698 695 807 926 880 987 760 686 936 732 812 847 901 952 804 705 966 782 776 938 924 768 824 779 820 867 692 684 909 746 947 863 728 994 899 688 724 751 766 883 866 896 726 770 682 806 821 862 953 989 715 700 931 743 961 693 842 803 750 949 990 717 950 954 742 735 928 777 709 729 930 822 895 734 891 701 755 972 748 894 689 879 958 697 925 796 865 948 765 747 911 922 753 941 704 839 756 887 929 815 708 869 707 789 985 699 696 723 808 905 799 998 997 856 805 833 855 737 968 860 903 971 838 813 754 690 882 932 884 890 868 811 814 900 793 744 773 1000 718 832 951 875 731 920 749 902 876 886 996 794 965 986 974 937 993 788 739 864 892 984 809 795 797 762 964 740 908 810 939 960 955 725 849 977 978 691
207 939 840 719 695 844 729 884 775 845 995 963 762 833 863 691 958 715 914 848 789 925 791 910 976 818 948 927 972 956 896 872 783 815 689 736 735 765 980 898 772 960 869 989 870 998 918 700 997 839 903 746 853 919 977 885 890 782 809 750 864 705 907 706 721 830 726 828 683 708 731 796 899 941 920 915 711 739 811 924 790 999 965 992 942 824 952 817 686 752 698 763 685 785 983 743 901 769 982 994 776 883 886 823 866 978 751 829 868 717 713 810 986 895 793 786 936 777 988 749 968 944 723 943 860 712 758 991 969 923 928 959 897 728 921 767 813 788 929 887 747 932 774 800 859 911 759 962 710 879 732 827 926 697 961 984 909 996 836 688 953 781 855 906 875 861 938 857 792 916 877 849 821 917 854 867 733 900 891 716 878 985 1000 738 847 865 825 852 913 814 714 727 973 882 812 699 871 933 835 784 951 808 990 802 805 692 771 912
72 763 719 992 812 838 859 778 828 810 988 946 709 987 767 862 990 982 684 881 839 814 985 806 952 781 715 818 769 766 927 878 726 790 833 817 792 748 708 979 699 742 956 725 720 999 908 969 889 965 968 801 770 915 909 798 758 940 805 872 995 727 943 991 780 920 729 757 816 989 961 688 930
133 787 761 768 898 783 757 742 770 868 838 730 723 722 946 799 781 905 835 715 846 911 711 687 771 702 812 996 929 797 939 949 696 894 877 750 956 901 861 736 981 737 978 893 803 764 966 795 725 856 951 735 741 887 789 756 916 910 714 990 800 766 850 974 699 873 943 925 821 862 985 915 772 864 986 876 716 824 857 753 765 686 788 773 705 703 994 842 987 977 933 700 733 948 953 704 919 858 690 932 816 689 808 988 904 889 921 829 780 739 843 784 774 975 697 738 688 759 791 692 701 926 879 844 923 942 767 840 732 931 822 883 713 860
111 877 712 987 887 956 694 985 699 819 876 954 715 989 936 835 844 742 733 769 935 803 856 997 934 897 761 880 817 964 958 832 915 922 981 759 901 753 822 955 990 745 919 728 886 968 963 746 749 751 713 739 940 895 881 711 848 700 780 966 991 706 920 939 924 783 825 776 866 811 839 923 744 845 855 810 736 734 945 760 933 947 809 816 914 891 703 828 960 701 961 875 718 790 730 979 770 747 818 692 980 962 893 796 907 836 863 874 904 847 688 826
93 734 933 928 926 720 811 989 795 865 832 787 815 805 830 964 976 978 924 994 873 885 965 721 916 936 694 712 856 695 834 785 855 732 757 960 903 828 889 841 799 789 942 913 959 766 950 750 880 927 764 733 794 882 874 817 812 843 932 820 829 863 707 990 825 867 866 800 988 846 939 887 760 849 908 848 772 864 980 987 973 716 1000 748 703 840 956 962 810 741 993 737 777 871
167 954 751 981 762 849 796 926 812 850 709 741 698 916 965 881 857 871 719 938 745 880 862 782 951 842 794 984 980 910 982 836 927 813 922 752 777 732 955 995 967 708 865 859 882 900 697 789 932 961 701 935 743 892 704 889 774 851 947 856 815 990 971 824 720 902 738 781 827 799 821 731 969 913 755 854 959 811 909 948 801 802 814 873 703 767 765 944 855 875 756 816 992 786 956 780 691 716 986 722 968 792 989 717 976 852 876 714 890 914 970 847 845 931 757 764 940 920 973 779 939 696 833 901 772 793 835 888 754 748 718 706 710 715 904 918 736 766 831 999 728 879 960 896 806 841 864 723 921 788 964 911 805 930 828 699 903 963 978 713 860 761 942 974 775 906 941 923
244 940 690 956 800 849 729 938 870 945 790 717 774 723 757 907 889 803 820 881 832 935 946 824 739 925 825 993 727 730 837 962 948 856 697 984 985 996 997 850 936 931 842 735 888 758 865 760 979 731 751 872 912 963 845 951 978 883 848 852 890 917 804 897 752 713 788 950 885 783 923 830 960 965 765 828 722 696 807 708 698 819 775 942 871 910 916 878 822 772 976 810 896 862 779 859 716 974 894 740 886 707 892 959 934 839 756 769 875 770 880 799 734 826 703 781 873 761 930 977 966 768 762 981 692 943 814 733 755 694 796 785 867 944 763 882 840 861 995 836 718 802 911 778 953 691 929 863 782 919 969 914 982 906 787 999 764 952 971 767 732 797 749 904 695 986 958 750 860 905 705 844 808 851 988 741 766 933 891 805 866 815 983 712 791 776 990 957 913 701 831 811 792 964 714 689 719 954 893 874 928 704 857 855 743 724 821 736 789 759 780 809 932 955 918 817 939 879 921 908 858 973 835 898 806 737 798 899 884 834 887 989 901 700 725 823 813 699 900 968 753 742 829 847 710
10 881 844 818 788 982 905 836 736 740 937
17 884 790 784 935 803 716 957 760 758 870 810 877 702 857 851 964 772
52 742 902 810 743 796 703 847 747 724 885 861 708 741 792 960 694 848 822 739 700 984 827 732 874 780 765 947 719 832 974 881 970 880 956 705 782 884 829 972 729 749 941 725 892 1000 820 939 737 785 949 710 968
227 883 787 996 904 983 774 954 956 722 943 930 867 764 712 775 920 918 728 808 709 850 880 745 926 970 936 875 765 860 847 915 794 934 927 905 778 737 716 917 852 856 717 730 950 750 703 752 974 754 846 835 777 742 864 801 720 895 887 746 933 946 708 704 844 802 980 807 733 997 792 810 851 989 903 701 804 732 748 806 798 898 889 986 941 736 979 795 853 711 731 969 714 831 809 948 839 866 695 870 899 707 766 897 947 743 858 865 995 881 958 849 962 721 965 873 973 940 780 963 726 922 944 953 928 797 984 932 872 694 739 718 753 819 757 741 848 949 894 817 818 740 876 871 767 800 772 938 697 923 885 749 967 991 799 937 892 945 761 813 1000 877 734 929 747 914 751 779 776 783 987 710 823 893 705 832 725 786 869 924 955 857 874 756 990 758 879 693 909 906 952 702 951 805 715 723 988 793 724 868 890 931 713 785 815 841 788 735 977 981 727 816 855 935 830 837 896 744 959 827 845 812 916 699 985 762 698 836
132 906 781 768 856 898 867 925 844 775 701 813 889 939 930 824 883 779 817 712 943 923 975 984 801 852 1000 990 721 907 937 869 832 987 881 713 718 931 845 802 874 899 814 734 997 700 717 917 945 815 778 908 884 970 866 978 803 914 729 993 860 888 789 776 863 834 743 777 839 857 796 762 758 809 719 961 963 872 830 992 825 905 769 900 922 698 697 797 875 947 799 969 751 750 819 948 996 870 995 977 798 879 924 828 720 873 756 696 694 981 724 974 744 742 794 708 959 746 715 862 891 958 910 787 901 835 972 716 928 709 826 904 920
274 881 809 791 923 884 833 996 744 815 978 882 853 913 986 845 870 723 866 699 907 816 807 901 988 736 753 820 980 826 976 893 733 754 795 828 961 960 869 759 940 993 783 814 770 939 727 714 851 725 999 902 912 987 861 731 950 813 750 834 798 898 963 802 904 863 877 909 730 974 933 757 994 739 737 894 732 868 952 788 946 823 842 916 942 841 908 787 931 743 702 887 878 872 883 973 758 990 716 722 742 989 775 696 766 951 708 934 985 955 796 927 896 906 825 779 958 767 836 891 874 705 944 972 892 998 824 695 745 698 806 764 879 830 812 756 929 792 900 818 897 871 979 965 720 808 847 920 919 712 718 953 864 848 954 707 936 844 821 801 831 782 948 735 968 805 724 873 949 925 918 922 930 709 769 859 762 862 856 715 789 992 773 947 741 700 704 910 956 945 903 803 794 749 710 905 738 799 984 838 748 876 982 971 849 817 726 983 774 928 746 846 771 921 768 765 957 962 852 839 822 981 711 721 827 886 797 810 865 835 924 793 850 935 751 804 975 790 854 964 819 780 890 763 706 938 860 875 761 914 843 941 734 880 752 837 747 785 777 943 967 717 760 911 995 829 840 703 857 800 701 776 917 772 784
231 806 765 899 767 830 739 883 761 962 929 749 853 815 814 904 820 779 871 834 746 816 732 813 807 785 817 993 839 875 845 892 860 868 854 976 833 831 968 835 772 915 823 801 992 997 847 704 727 989 936 947 907 946 966 715 726 932 706 698 848 710 866 856 797 755 777 700 924 803 735 846 713 901 978 964 731 889 949 918 744 973 900 851 980 955 996 897 811 702 879 887 990 724 747 821 998 876 913 985 945 769 903 1000 977 852 841 843 986 844 874 912 885 965 718 743 802 707 865 894 762 812 880 725 759 825 708 754 902 890 858 804 975 972 781 774 791 709 792 787 829 970 832 909 979 938 750 867 794 862 895 736 995 786 819 773 701 703 838 888 733 872 911 882 873 953 961 951 906 782 999 805 943 826 828 877 790 944 958 793 840 780 719 711 878 859 948 898 925 775 963 827 931 957 917 849 730 795 818 842 771 766 893 800 729 824 857 950 723 935 908 763 722 914 863 934 836 952 937 920 891 716 764 808 768 956 981 784 886 983 837 905
139 705 781 925 800 924 987 957 697 938 785 900 887 977 915 835 923 955 968 932 740 973 767 801 713 747 824 883 728 858 737 738 736 789 778 765 826 726 960 735 994 966 784 931 856 703 779 981 701 809 746 991 760 756 874 889 743 730 704 818 910 855 817 804 745 990 854 976 868 846 815 999 700 829 869 948 749 945 943 901 885 970 723 733 711 836 949 727 805 870 967 774 850 806 958 718 788 825 867 998 710 937 729 820 814 748 787 895 944 709 975 802 918 773 742 810 912 741 753 764 808 791 807 878 871 879 770 762 940 763 827 717 716 993 839 831 897 754 877 906
171 872 941 933 885 721 843 796 963 926 765 778 983 753 799 891 993 840 861 837 868 947 862 903 703 998 948 887 769 869 779 917 704 978 785 932 781 943 937 838 736 742 974 909 853 934 979 814 905 724 864 819 746 986 995 700 733 914 744 999 792 705 797 866 702 860 750 988 848 759 969 970 849 965 810 924 1000 780 820 828 707 878 716 791 889 776 811 899 708 767 714 770 760 854 804 880 925 876 927 918 879 890 942 823 967 939 739 789 976 756 922 928 782 964 989 844 841 845 990 728 897 711 920 706 981 755 950 832 915 888 783 775 980 856 752 931 855 751 835 806 830 893 762 822 842 910 911 777 935 738 698 916 771 800 719 960 740 709 908 735 766 824 809 886 784 699 968 795 907 896 773 857
43 867 809 839 938 785 977 935 941 890 738 914 711 863 749 791 700 701 993 864 875 974 983 899 968 860 886 915 728 745 862 775 789 896 714 844 811 932 833 948 881 903 786 877
300 793 726 883 788 893 719 923 926 823 900 902 896 857 797 769 934 925 972 842 990 937 943 701 936 895 790 712 977 759 818 897 784 770 920 700 985 702 940 889 998 714 852 945 932 962 778 914 812 930 891 997 833 825 877 971 859 838 809 756 734 777 935 965 861 844 978 792 749 969 921 815 837 871 862 796 835 851 879 989 722 705 744 970 743 727 946 904 927 880 710 984 718 846 917 864 795 951 740 822 966 794 768 834 703 713 715 711 959 950 964 709 840 987 938 721 996 758 876 991 855 763 915 746 845 922 976 772 783 894 953 878 750 723 805 973 848 748 764 939 814 948 941 771 742 988 736 968 760 952 745 801 919 755 704 820 843 907 1000 716 733 789 847 767 994 961 858 870 813 839 753 717 798 804 708 928 752 757 785 808 865 807 911 802 916 854 992 751 800 901 850 975 828 735 963 986 830 875 728 773 947 929 782 956 995 905 868 955 888 791 732 786 799 829 887 918 810 954 942 766 803 729 765 933 720 841 730 899 762 817 898 832 731 949 816 827 831 754 912 979 761 869 724 913 960 826 780 856 884 924 819 873 775 741 774 906 806 866 874 776 738 863 739 885 725 707 944 958 983 931 981 747 706 872 881 910 787 836 909 974 903 982 882 811 908 781 890 867 853 860 886 824 999 821 737 967 957 779 849 993 980
209 850 982 895 777 986 865 732 794 807 706 997 860 996 768 903 964 928 708 795 952 915 920 968 889 879 744 992 854 765 759 821 767 734 831 927 828 885 711 936 851 938 704 741 814 965 948 887 894 712 875 853 805 861 750 910 855 859 797 924 937 763 830 783 792 991 800 900 890 981 749 944 866 834 721 891 984 966 930 752 705 958 791 729 899 872 869 843 871 882 993 985 926 962 874 845 745 880 717 842 809 884 893 816 935 864 715 739 917 841 989 1000 837 978 959 724 784 902 852 951 798 735 714 818 748 835 746 907 781 954 974 898 941 719 778 813 868 770 727 787 983 716 881 858 905 847 773 844 782 817 803 701 973 912 836 702 733 913 863 971 731 999 812 886 977 799 755 840 713 824 839 833 916 976 873 811 995 967 994 822 806 796 825 945 979 753 950 757 914 774 802 909 788 737 766 969 988 793 956 707 901 838 925 790 829 747 762 786 888 933
233 796 765 721 851 705 977 872 970 819 957 809 745 777 947 987 874 847 952 993 979 950 895 862 960 898 813 742 766 804 810 846 974 929 756 992 869 720 759 735 763 894 995 922 784 878 909 886 730 786 757 753 945 912 932 944 714 855 716 873 732 752 996 731 718 850 852 959 866 764 956 890 743 948 981 940 907 958 842 768 991 883 781 990 772 783 715 758 913 703 776 997 938 989 755 760 963 798 980 708 843 931 834 941 860 976 748 773 808 887 915 789 975 951 792 829 905 925 892 870 848 904 733 750 896 824 837 875 744 832 835 725 840 884 746 770 903 791 936 726 982 902 833 928 964 801 825 943 939 961 739 888 916 723 849 973 861 805 769 893 820 767 817 935 838 918 738 724 845 737 967 727 889 828 794 815 856 812 702 881 761 751 911 747 984 844 885 854 802 867 908 914 782 749 712 923 900 859 830 839 811 891 934 983 734 863 706 998 971 778 841 906 953 868 713 877 985 954 927 897 946 924 937 921 949 920 818 972 762 910 806 803 978 736
259 937 891 987 915 863 731 892 723 805 904 809 813 976 729 962 846 859 910 889 866 969 960 766 807 714 901 893 953 865 858 835 814 803 775 816 919 711 955 797 773 972 999 984 983 918 820 873 903 834 942 847 791 740 880 990 900 755 867 991 986 943 771 812 995 783 788 811 710 720 828 744 738 912 967 843 724 730 763 941 998 848 973 716 869 927 749 708 860 989 875 712 751 949 743 781 926 806 940 817 719 825 838 764 878 896 756 717 899 932 785 800 909 808 861 939 911 882 818 707 980 938 798 830 956 768 844 921 850 959 841 855 748 832 760 769 782 853 872 997 765 958 929 759 739 772 733 885 833 964 777 871 762 888 950 947 795 725 789 822 845 924 982 815 721 840 799 894 728 794 931 864 920 945 977 810 837 747 887 804 874 722 862 883 879 993 703 936 890 974 793 758 979 796 916 908 970 774 934 906 966 917 965 784 944 935 836 923 746 981 726 790 930 876 767 831 957 819 978 925 914 754 741 988 786 826 954 780 961 985 839 868 905 821 778 968 849 776 854 735 963 801 802 933 824 752 761 713 753 971 827 952 877 745 886 856 734 770 792 736
19 930 776 759 820 760 995 918 892 786 889 962 872 777 731 815 811 840 895 762
1 895
119 803 735 849 914 866 864 745 862 944 844 860 759 987 783 868 743 871 939 807 725 964 897 815 921 726 961 790 809 724 763 859 890 960 784 816 996 956 729 861 826 894 766 957 924 791 747 959 899 989 932 778 845 883 909 765 891 882 851 772 910 746 750 945 854 986 710 886 923 974 929 727 836 900 855 873 833 919 721 853 768 812 949 840 773 806 874 895 997 981 846 839 951 835 955 993 795 998 936 911 889 825 740 819 798 847 888 770 969 706 733 830 834 887 857 877 775 867 781 823
45 753 777 783 749 847 818 889 824 897 930 917 833 822 710 743 861 929 708 865 901 731 898 796 711 982 946 990 883 963 869 878 904 836 752 762 835 936 714 940 800 945 828 795 741 846
71 919 974 944 907 775 936 941 990 983 757 977 711 791 769 742 743 924 942 793 809 728 980 736 817 748 815 773 832 759 972 729 845 985 722 806 745 960 856 999 956 875 838 777 766 906 898 770 798 945 785 916 979 719 732 968 763 844 807 849 878 951 861 823 851 800 824 904 819 940 905 842
60 863 779 815 914 949 780 979 893 898 716 721 883 789 984 798 860 805 972 851 983 908 932 960 759 793 897 991 888 743 956 907 876 711 964 867 917 717 997 746 996 748 900 873 981 731 773 775 783 795 754 993 927 872 765 966 857 968 757 866 764
212 871 918 906 741 730 811 970 768 776 848 867 919 743 947 895 728 861 985 856 796 891 739 777 766 793 764 897 858 921 775 958 824 844 904 756 969 808 810 783 763 727 968 836 850 828 935 937 910 765 735 755 932 736 802 869 792 784 841 752 829 965 923 797 924 877 986 989 870 830 759 791 770 957 801 757 884 787 875 726 943 956 903 978 725 780 939 915 803 826 800 790 721 963 840 834 748 812 814 833 719 807 710 996 822 988 886 751 744 818 769 946 929 734 984 837 953 835 950 977 959 997 831 908 737 838 974 842 724 773 798 954 843 889 774 847 975 887 806 998 899 733 851 859 993 913 740 785 955 995 853 876 949 945 821 976 894 749 881 967 927 813 820 750 873 942 882 879 933 982 961 1000 771 914 825 960 983 720 794 901 922 930 990 715 738 857 920 907 893 941 916 979 964 863 767 849 761 896 909 874 905 846 795 854 753 832 878 952 912 860 712 890 852
194 991 713 792 924 907 920 899 846 829 841 950 982 901 777 795 839 854 945 986 855 746 908 840 785 948 770 768 717 851 845 739 725 959 918 941 799 837 928 992 774 933 868 905 880 757 860 814 743 971 990 819 962 967 958 830 760 752 806 712 793 826 976 765 869 787 858 884 993 878 721 801 942 804 790 968 747 733 956 871 791 977 836 711 879 848 809 953 997 775 742 728 780 921 824 862 857 764 737 758 800 943 813 931 999 843 820 838 782 914 870 802 955 744 904 719 772 919 994 822 720 1000 771 811 797 932 784 756 729 745 867 913 715 731 965 778 900 812 763 910 886 726 750 944 827 987 952 988 939 996 898 929 805 951 732 872 890 761 887 888 861 981 895 823 995 902 825 794 893 834 741 762 984 779 938 832 966 912 983 723 896 798 853 882 916 926 736 925 998 940 748 815 754 776 978
210 959 810 934 917 866 889 835 914 846 860 990 880 972 820 817 981 827 954 852 792 832 747 784 950 799 957 751 793 875 742 898 750 739 915 916 806 867 785 842 800 732 906 930 727 921 999 848 908 796 865 929 822 740 903 949 719 777 979 937 818 922 857 982 741 893 993 948 932 935 919 790 757 765 901 764 831 884 869 864 778 942 939 960 983 787 924 994 776 863 807 780 782 938 714 812 830 987 735 729 754 952 998 849 838 804 762 988 1000 801 969 925 724 946 791 931 769 986 736 730 760 918 876 828 855 967 992 870 813 886 862 996 789 890 980 868 879 824 920 940 737 712 873 909 883 843 971 731 815 788 878 718 895 748 715 809 825 837 912 997 749 977 887 885 717 845 834 945 976 772 953 802 900 984 962 758 734 858 985 859 808 888 899 728 936 775 720 896 894 847 779 722 991 905 902 872 713 907 851 891 975 716 794 881 771 961 725 989 956 811 892
34 829 868 892 979 782 864 925 916 832 808 827 879 747 865 920 752 961 717 996 733 760 766 764 729 722 734 807 850 906 772 796 837 873 968
104 898 960 731 849 726 876 904 719 758 872 724 834 832 744 717 862 871 912 886 820 793 947 795 725 961 791 866 835 740 841 979 974 803 897 735 972 997 857 869 844 843 787 957 981 945 938 918 821 762 946 856 977 933 993 749 935 968 829 760 715 995 940 754 863 784 714 920 848 925 833 775 949 763 737 826 730 917 924 921 982 817 748 816 840 908 988 747 736 750 992 771 781 985 896 808 890 881 845 780 971 797 852 901 785
218 835 998 912 789 855 751 773 942 858 817 781 927 868 925 768 729 881 788 793 752 826 845 784 764 832 997 716 905 727 907 875 944 825 798 833 895 929 838 726 977 969 744 934 830 741 856 849 892 946 834 888 903 750 973 985 776 718 970 743 996 828 902 762 766 885 753 763 924 730 932 873 742 966 771 734 952 964 975 846 739 879 949 960 754 950 919 922 756 864 794 790 859 935 971 918 884 765 819 862 801 810 887 811 809 829 990 836 732 850 740 865 945 853 831 943 999 748 757 994 802 913 893 758 837 993 910 715 894 989 774 983 898 759 917 956 863 961 988 843 775 896 870 889 786 965 914 959 958 854 980 778 991 923 951 738 749 890 780 745 937 947 731 797 770 806 851 827 920 867 767 938 761 792 900 861 866 926 877 906 984 724 954 728 995 974 909 897 844 822 818 899 746 807 978 760 948 904 871 886 804 799 735 736 820 812 777 962 722 800 940 933 1000 808 872 939 814 883 723
87 770 771 864 827 969 793 825 913 966 764 901 858 787 906 740 914 843 733 962 907 839 794 727 862 948 810 898 985 746 955 930 734 799 904 768 919 921 782 798 756 943 760 757 844 735 736 884 895 888 814 743 915 902 790 890 848 818 824 998 729 947 755 857 774 813 923 850 833 983 739 910 854 792 876 781 995 826 837 765 769 855 990 722 979 773 752 791
229 936 880 761 837 855 820 760 865 972 917 959 968 999 888 870 847 962 727 924 929 816 898 923 985 901 814 868 746 958 957 758 969 799 765 764 772 938 792 757 832 821 833 947 903 935 723 982 751 813 988 879 838 862 796 830 774 998 857 894 763 817 939 890 864 878 897 726 812 787 971 853 801 977 734 849 819 777 773 908 907 920 970 930 948 941 884 782 904 786 861 839 733 916 770 954 783 743 811 875 933 896 800 906 807 931 925 845 828 949 975 844 720 934 967 745 921 989 802 721 951 781 826 937 805 914 983 953 956 784 842 945 928 876 780 899 942 993 779 887 740 722 990 778 997 804 824 818 823 974 785 859 831 835 724 852 869 747 883 730 825 836 863 738 834 756 841 866 755 950 926 827 732 994 793 789 891 729 955 754 915 992 910 766 961 995 979 719 882 881 753 806 885 987 874 735 762 912 940 858 808 900 769 984 718 911 913 810 893 776 854 909 822 856 944 848 728 739 759 851 927 803 877 905 850 966 986 790 725 748
84 785 807 891 800 848 887 851 806 799 936 905 909 930 990 822 922 849 933 898 813 727 850 951 996 859 746 975 874 783 744 947 812 728 743 735 924 911 731 751 835 768 906 965 994 757 973 953 903 844 997 748 914 792 802 720 834 961 837 987 1000 989 854 811 995 864 797 976 862 902 982 741 916 904 804 828 718 825 737 747 763 863 791 779 793
179 799 747 726 963 959 731 883 786 947 765 760 958 946 763 836 933 915 833 784 792 949 954 932 895 805 821 873 922 909 982 846 913 730 957 878 737 823 811 824 797 745 931 838 848 793 939 800 868 996 876 825 822 859 854 985 843 850 877 912 967 812 847 801 815 791 851 908 723 960 905 972 814 780 894 914 923 826 845 974 802 973 761 768 992 879 869 977 907 830 880 991 890 742 772 743 744 782 828 758 837 858 965 804 897 983 926 725 735 993 842 779 724 732 748 844 741 759 860 952 881 781 817 720 757 920 888 856 956 902 746 919 904 874 756 865 882 892 867 754 964 863 951 775 755 918 889 839 738 753 976 970 935 984 901 966 886 789 930 777 783 995 807 925 798 808 785 739 910 917 728 955 776 819 941 809 911 834 751 787
117 839 959 840 778 901 916 950 761 981 968 957 889 850 941 800 817 856 933 900 742 944 753 823 945 728 947 771 757 879 773 768 795 884 752 863 987 811 990 732 750 812 979 749 785 814 842 861 932 786 928 872 755 729 993 983 781 877 770 825 826 896 827 893 998 952 790 807 960 831 876 922 725 912 747 890 864 803 762 994 833 923 727 858 899 885 954 829 851 929 792 854 904 902 776 857 920 741 799 924 810 806 984 735 880 859 966 942 871 845 835 730 934 764 772 937 915 808
264 941 806 812 799 906 839 739 787 859 764 728 965 869 854 850 828 983 993 892 901 889 830 791 970 873 853 825 998 773 940 805 736 979 961 768 732 872 982 727 955 890 818 996 863 977 879 928 767 973 909 860 994 779 950 861 896 722 747 964 876 797 731 888 841 956 946 821 875 899 910 840 780 855 754 834 801 748 943 723 740 959 816 815 827 938 858 971 826 991 807 912 725 942 822 930 917 836 921 877 995 984 894 831 985 770 936 905 817 981 730 785 846 922 782 849 980 881 870 962 865 735 887 781 916 927 729 738 939 721 925 920 926 952 741 758 810 742 750 746 856 848 743 878 843 784 954 824 972 793 987 944 871 777 757 907 796 759 948 992 918 976 844 744 772 908 847 898 880 911 893 755 749 733 776 868 804 798 885 820 886 794 752 957 751 951 960 882 795 789 864 968 765 914 884 988 931 958 935 866 769 763 745 842 786 990 895 814 835 811 819 966 845 891 1000 975 934 778 783 978 753 726 900 813 852 967 862 937 762 833 823 857 969 933 903 734 838 904 997 989 809 760 788 774 902 974 867 915 829 963 756 792 766 913 999 808 771 923 924 790 761 803 932 986 929
160 763 895 904 801 936 959 805 997 908 981 996 911 766 962 755 913 736 851 743 759 942 751 812 941 847 813 776 915 853 804 837 968 886 773 898 955 821 749 728 995 881 976 965 861 788 858 838 828 857 984 957 993 882 781 839 910 829 807 925 824 745 733 888 814 900 1000 787 834 972 994 856 778 840 876 948 818 946 843 866 791 971 785 909 979 885 940 956 842 845 977 769 989 950 849 823 800 793 938 967 901 784 974 887 985 844 723 873 754 780 792 949 859 903 836 920 732 795 822 737 846 775 899 752 753 761 747 970 992 779 730 835 833 734 744 765 980 802 889 954 987 875 877 848 742 963 990 975 943 935 825 817 786 880 933 907 863 852 872 727 982
154 887 940 879 828 969 861 913 935 958 885 784 984 924 954 864 917 821 986 781 775 985 862 738 765 965 811 750 874 994 936 725 904 932 729 943 934 933 891 944 957 909 767 814 901 783 867 953 922 843 829 959 871 915 979 846 808 858 974 839 850 999 726 822 815 939 809 810 890 835 764 763 819 817 976 962 754 797 776 993 977 795 855 964 752 746 760 1000 886 870 826 800 832 755 730 997 728 929 852 938 896 905 923 848 948 756 803 931 857 900 910 980 849 771 863 837 877 786 788 946 878 998 853 793 926 854 903 796 875 975 833 880 921 895 818 743 733 884 741 801 869 737 860 825 758 868 859 807 727 888 740 782 961 723 779
121 990 955 926 919 852 930 960 805 864 747 725 889 791 795 991 849 866 940 775 948 939 989 835 793 932 941 761 845 943 827 741 903 828 905 875 1000 897 750 840 901 815 784 726 884 885 865 971 913 779 778 983 986 973 987 734 817 984 870 994 774 787 968 956 810 965 936 908 844 765 733 749 887 996 925 997 871 822 952 781 888 843 748 911 961 854 855 985 949 892 811 769 928 918 947 899 809 760 942 744 820 979 754 780 978 834 825 935 753 860 964 831 830 823 729 998 975 867 768 904 735 862
28 986 899 732 767 739 912 842 998 954 996 838 864 823 980 907 759 728 776 825 959 834 872 939 745 848 843 805 985
41 813 729 930 814 899 757 995 799 838 727 976 754 880 983 954 994 856 761 883 844 991 892 878 876 967 746 740 822 895 982 778 775 918 955 762 996 726 737 791 855 893
90 757 834 918 883 970 769 916 919 750 922 766 1000 809 876 915 894 796 956 995 965 761 817 855 952 798 770 926 768 839 732 907 852 773 896 889 923 772 911 976 941 780 786 936 738 996 775 928 859 779 877 947 789 879 871 978 975 727 954 842 979 827 818 830 812 875 843 886 969 781 806 958 840 800 948 933 802 966 857 870 931 763 784 758 980 927 791 914 831 808 881
31 975 827 894 774 733 841 826 846 985 810 965 922 887 737 795 950 993 837 751 919 830 897 979 932 763 960 944 921 982 995 823
167 746 737 953 841 980 732 798 830 906 817 860 787 783 857 763 961 844 892 887 995 935 962 975 900 813 846 964 879 738 954 842 800 862 912 806 982 750 762 828 882 877 770 988 902 780 861 938 910 949 965 820 840 983 748 981 893 895 979 767 775 805 891 909 883 734 743 918 782 836 812 797 807 878 853 913 907 942 940 784 944 866 786 758 994 959 747 867 852 765 868 986 991 957 854 905 794 870 1000 832 766 880 858 974 751 937 742 904 826 943 821 778 932 936 899 856 815 730 810 863 931 816 781 827 779 977 947 903 811 864 973 923 845 825 976 833 948 849 848 739 835 859 796 875 869 855 792 838 749 920 996 951 881 929 839 978 847 914 755 785 926 803 741 908 945 989 901 872
250 743 915 823 902 737 808 812 829 966 975 930 852 773 994 745 796 876 776 856 785 934 954 862 847 993 971 730 973 741 795 908 749 887 765 866 905 955 842 936 974 1000 875 894 767 757 984 878 742 990 778 920 952 956 872 834 813 916 843 771 740 989 995 851 855 861 805 977 886 938 841 853 944 909 818 860 951 804 900 904 826 815 988 848 929 825 769 816 935 985 933 738 947 962 748 880 786 879 844 759 731 781 744 882 928 877 925 777 874 752 761 775 810 819 953 883 814 987 838 788 746 747 917 996 790 864 992 779 760 981 762 791 772 766 756 807 797 979 799 960 827 831 898 970 828 950 959 939 961 991 830 763 969 789 758 893 793 806 924 913 976 997 932 857 870 895 986 937 734 733 941 764 892 865 943 921 801 739 927 901 903 910 967 833 753 840 782 802 751 803 787 940 770 965 889 850 918 919 867 817 869 832 736 780 873 885 946 963 983 871 784 754 980 964 949 859 849 835 911 809 998 837 978 891 906 836 999 884 945 774 854 750 868 948 968 942 845 858 926 897 931 839 899 957 735 896 958 824 982 821 794
148 970 744 775 907 732 949 886 992 766 916 808 837 762 845 832 841 818 822 760 892 851 737 806 990 918 820 866 922 793 789 950 772 880 912 935 787 899 838 966 802 921 891 930 790 856 752 941 946 951 792 944 881 902 751 875 828 777 994 809 925 972 968 769 804 774 735 747 998 745 976 938 805 815 853 783 939 746 887 878 821 937 785 909 862 842 981 913 764 956 754 779 884 844 958 959 864 750 748 934 780 869 799 756 736 974 908 850 801 836 995 945 861 901 948 758 770 753 873 960 795 763 867 816 980 743 1000 742 983 993 979 854 906 852 975 927 957 739 825 882 813 971 784 768 733 883 926 962 868
10 970 756 790 866 879 893 926 766 983 841
158 885 968 862 780 906 972 798 953 821 818 743 841 803 856 890 967 924 753 998 923 823 881 954 973 951 919 899 912 994 759 955 863 974 916 749 824 797 902 960 913 883 990 969 802 898 827 936 986 822 836 873 766 949 772 879 925 952 950 938 768 963 847 917 900 848 945 976 771 915 820 830 997 776 757 734 877 867 886 763 971 981 745 767 965 984 887 751 844 996 750 831 850 961 789 754 854 744 839 935 781 866 964 930 989 980 736 993 907 778 884 937 870 999 988 741 790 891 834 738 806 921 908 933 829 813 788 775 934 852 895 943 793 871 959 777 904 944 849 987 845 811 733 975 761 783 794 758 828 740 946 978 737 808 939 747 765 786 784
165 837 982 853 792 756 943 795 955 753 791 903 973 813 884 930 768 830 979 856 983 876 814 961 940 969 959 816 923 775 870 823 786 808 772 803 769 767 800 865 857 948 914 743 847 962 905 946 787 934 807 902 849 906 883 960 949 755 1000 852 738 989 976 965 991 747 996 745 927 887 908 897 846 944 882 951 872 918 815 966 988 735 757 995 840 763 873 832 752 986 888 981 744 784 968 868 759 829 920 952 977 834 942 998 863 739 912 875 957 954 806 777 826 802 964 734 770 776 762 824 828 750 749 748 907 950 928 854 889 919 922 869 885 924 901 933 764 797 845 936 974 740 917 835 899 737 809 963 804 765 937 886 817 972 761 864 842 851 833 970 971 844 746 861 860 985
119 765 793 781 983 859 771 804 943 791 773 818 962 936 881 880 745 954 907 853 869 860 921 803 935 915 812 889 798 774 985 908 866 768 888 832 772 929 948 901 975 994 805 816 966 917 835 756 977 949 735 941 780 800 847 742 777 979 757 736 987 1000 850 846 969 739 925 956 823 968 991 974 927 794 862 752 788 886 852 957 760 938 755 828 883 937 813 819 810 826 942 879 763 928 806 744 779 934 836 770 896 998 980 848 740 892 997 933 814 996 923 946 856 924 743 964 988 918 746 762
175 830 805 952 955 973 851 977 837 996 758 828 940 951 887 847 974 999 784 925 957 750 835 877 779 926 938 797 825 865 748 983 786 771 753 790 751 941 968 765 881 803 889 978 892 918 738 898 787 884 783 934 812 971 861 868 888 831 970 840 770 745 897 848 823 990 826 985 924 906 923 744 904 961 880 816 766 883 785 756 954 804 844 987 815 833 992 811 907 829 967 945 930 799 949 839 988 743 842 858 836 976 932 767 794 905 795 781 1000 759 882 802 774 819 863 908 854 946 773 846 937 849 749 935 780 740 981 879 869 960 975 813 947 913 873 754 814 958 742 933 845 998 878 982 747 834 859 896 757 778 777 959 741 792 736 772 928 775 856 966 737 855 984 739 824 916 872 911 807 755 986 853 789 808 994 993
149 992 876 939 979 889 785 1000 902 769 839 739 880 864 777 930 773 809 941 849 854 917 858 955 867 812 781 958 922 856 832 915 825 742 771 999 994 776 743 924 881 751 914 823 784 916 921 963 782 892 806 863 821 968 779 875 913 868 869 794 899 770 978 750 884 935 944 842 959 758 933 833 972 757 803 910 744 802 887 783 767 993 943 911 906 908 923 938 946 995 947 981 859 885 738 879 835 866 831 826 936 948 928 883 851 937 861 890 969 799 847 953 934 852 820 815 895 984 904 772 888 980 828 741 983 762 988 813 756 873 951 748 891 862 792 754 900 800 989 834 956 791 824 945 991 952 966 872 747 816
175 808 996 947 958 806 896 966 796 963 894 916 949 817 838 989 790 811 738 887 995 821 967 871 868 814 851 785 886 799 751 973 744 926 893 741 769 903 768 892 874 840 981 756 993 888 942 777 875 837 865 988 778 846 929 891 764 782 934 985 779 895 935 766 746 762 818 826 743 801 747 880 992 862 748 788 767 859 793 970 770 974 864 984 742 845 847 876 754 946 980 797 842 853 829 810 983 852 933 994 749 858 739 969 825 991 809 925 900 848 979 907 836 920 789 914 872 863 913 912 839 835 823 827 931 841 783 889 901 956 945 964 828 977 939 758 812 909 885 882 936 982 937 915 975 906 917 922 795 869 961 820 968 824 877 924 776 763 816 787 908 972 898 791 910 902 866 856 899 804 960 957 952 870 986 911
166 798 902 773 906 927 766 949 833 950 839 929 862 966 900 965 872 928 842 956 765 838 996 770 883 886 858 921 790 985 829 930 896 788 975 767 863 942 761 910 994 969 853 776 772 890 840 940 899 981 830 997 887 939 960 995 905 807 964 990 898 978 963 1000 878 882 987 801 771 751 923 893 759 763 889 795 877 752 991 774 743 748 874 973 935 989 974 903 955 817 813 986 819 787 845 937 948 984 805 907 779 857 941 979 745 746 870 947 938 826 961 769 931 901 915 880 818 916 820 811 934 846 799 793 831 953 809 794 866 837 796 753 758 920 791 976 827 828 859 977 871 855 785 968 926 954 816 742 933 860 925 970 783 825 908 895 892 778 945 760 851 919 797 951 775 744 959
201 870 819 833 884 885 775 817 978 840 975 770 861 907 814 788 992 903 790 964 935 805 762 896 851 776 862 740 967 764 742 808 875 868 797 981 961 745 888 785 843 863 802 928 891 848 761 791 830 980 943 864 816 989 952 834 894 854 944 786 845 948 986 838 809 823 794 755 778 810 813 811 945 921 829 779 741 860 758 799 895 985 846 929 946 949 780 916 806 914 969 886 908 880 751 911 950 766 987 955 977 954 822 835 743 789 960 889 782 812 934 947 966 772 905 920 839 976 842 827 997 941 982 890 970 793 959 759 757 837 753 996 874 984 803 983 956 973 900 942 879 995 783 871 784 968 756 876 924 801 963 899 938 974 937 909 958 856 825 979 972 919 940 866 898 800 807 951 815 804 872 957 990 892 913 858 930 821 787 991 754 1000 760 887 878 849 883 988 931 832 859 901 971 831 850 777 865 824 915 873 798 939
92 793 875 948 949 796 869 897 991 890 843 794 885 923 866 842 854 844 879 918 985 750 754 849 896 967 800 873 926 747 932 831 999 786 995 797 795 741 916 763 877 994 955 972 905 753 823 746 956 834 860 966 814 957 870 815 824 840 806 973 984 891 799 776 859 980 751 898 909 880 810 852 940 781 804 987 997 864 782 858 761 742 893 837 965 944 768 816 787 744 758 971 933
232 936 955 757 881 982 985 918 773 807 946 972 799 854 834 999 808 840 844 884 859 922 855 843 862 825 939 822 935 798 915 765 764 992 812 980 845 810 979 772 869 967 997 996 953 928 763 769 791 895 760 909 977 872 800 970 766 775 861 942 751 742 998 779 745 933 753 789 989 750 892 776 829 899 879 930 806 975 853 969 877 910 809 901 994 787 860 793 864 880 857 771 978 824 782 743 838 941 937 778 744 974 883 900 902 914 827 952 795 940 837 756 927 770 752 811 803 870 749 919 847 804 873 762 959 755 841 966 907 863 774 746 819 816 814 995 906 836 893 938 890 948 815 777 790 1000 851 835 849 990 917 805 842 962 786 964 874 865 832 916 875 748 839 885 987 818 802 983 925 856 951 850 821 991 826 882 830 976 934 921 913 950 988 780 792 924 886 993 929 968 833 981 783 758 889 897 963 947 781 923 858 876 867 887 944 823 828 878 904 768 761 965 973 908 868 801 754 813 986 896 871 958 846 903 820 911 905 898 949 931 788 956 960
178 897 908 769 887 896 899 930 814 849 820 997 941 806 936 811 801 795 952 975 746 910 833 798 890 963 864 909 931 995 946 865 998 974 767 823 940 988 828 921 861 924 927 780 835 961 856 775 958 813 755 928 932 846 838 834 830 898 786 826 863 886 907 888 893 985 822 858 791 959 831 915 948 850 967 965 938 906 935 999 947 802 827 868 778 903 942 744 808 889 860 879 752 986 789 943 934 851 743 895 839 829 978 771 748 792 776 812 840 815 964 779 962 866 996 848 797 951 875 990 881 747 993 763 939 892 878 954 923 882 841 904 847 787 972 772 980 867 796 876 790 756 765 870 785 911 885 762 758 926 905 922 950 853 989 825 750 960 794 803 969 979 852 845 880 912 854 913 836 844 799 800 957 754 891 982 953 781 804
146 792 746 945 811 771 866 849 937 873 952 883 947 757 808 863 887 899 807 760 906 836 762 751 885 842 954 999 880 970 809 818 951 826 900 753 962 878 829 816 855 898 879 767 919 875 800 862 765 971 801 798 959 764 819 903 894 797 940 891 795 859 783 851 892 778 843 933 874 973 913 857 752 911 990 841 803 935 963 922 991 896 920 766 972 957 781 754 943 926 889 886 930 865 893 901 931 775 978 830 986 853 796 872 750 968 1000 944 902 769 928 909 844 864 817 949 927 810 840 815 961 773 758 748 789 965 871 825 785 966 918 981 941 942 805 747 822 868 987 921 910 956 755 802 876 929 833
170 794 898 917 986 772 838 867 796 972 996 864 819 866 833 870 985 988 821 755 963 803 814 840 782 929 924 769 875 920 759 858 891 884 790 816 857 872 935 844 954 781 959 957 934 965 798 877 795 748 847 802 788 897 827 983 958 989 928 969 815 910 873 806 886 817 882 813 807 900 914 836 785 937 851 745 925 905 787 978 835 915 749 860 756 792 797 820 933 950 940 800 799 804 824 911 973 861 991 786 916 923 854 862 779 757 863 822 834 783 904 878 936 987 805 823 995 883 945 758 852 868 767 895 951 777 896 771 880 831 751 960 966 946 981 997 976 830 837 784 853 825 968 765 902 980 999 766 811 776 809 885 856 939 984 953 930 990 926 791 778 906 907 881 938 979 975 919 887 874 927
189 795 853 907 977 856 924 955 867 911 980 815 932 988 787 790 994 763 933 746 956 847 881 802 879 834 982 871 803 753 899 883 779 961 925 950 942 845 975 822 807 771 749 902 816 914 892 765 943 764 878 849 967 801 964 1000 770 898 919 917 777 876 941 842 818 840 761 791 766 930 859 769 830 971 855 808 839 888 776 948 862 983 755 985 909 904 828 872 805 981 798 910 850 893 986 780 935 886 958 778 998 793 945 960 768 835 962 774 813 946 812 903 875 918 973 944 773 756 974 952 896 891 789 785 800 978 953 996 857 959 997 995 854 837 908 760 782 767 951 882 940 796 885 889 799 792 783 794 887 832 999 866 827 820 858 757 833 809 949 894 927 970 923 928 748 814 775 921 838 852 824 848 811 936 868 754 829 750 989 823 751 905 900 957 752 987 931 821 762 937
243 951 986 860 962 970 964 904 941 968 819 782 776 939 917 853 806 916 893 977 788 842 811 816 990 787 989 976 751 862 749 880 773 804 947 771 791 752 770 772 945 928 905 824 865 950 969 974 818 965 879 812 857 932 887 935 783 991 954 910 973 829 868 867 891 997 885 833 958 920 837 805 927 820 767 981 998 933 999 778 826 798 959 866 850 919 937 957 907 894 943 903 855 876 848 901 846 763 825 895 883 902 797 896 908 845 911 764 924 761 861 975 906 755 979 948 847 795 914 750 794 831 841 780 960 822 801 854 760 766 963 1000 769 827 774 792 874 978 781 844 817 863 836 921 800 823 923 858 856 918 909 988 765 870 807 952 810 892 878 884 809 873 790 747 786 955 762 785 936 834 980 852 881 994 872 839 840 808 889 828 869 871 995 875 821 877 944 864 851 832 814 949 897 759 953 930 748 784 922 888 835 940 890 843 983 934 802 758 830 815 942 882 813 972 993 931 799 984 966 757 985 915 779 912 900 859 987 793 753 777 796 982 899 938 971 967 996 925 926 992 789 886 768 756
123 772 753 948 815 944 905 838 932 811 980 919 814 849 965 771 832 760 861 837 773 999 955 911 968 881 834 945 952 998 870 761 880 886 755 900 807 857 805 997 782 934 901 967 758 946 928 790 966 924 858 929 763 890 976 897 791 988 828 930 977 848 982 775 921 844 971 810 887 871 778 984 973 987 954 839 865 803 851 824 970 769 893 937 829 749 943 799 770 795 869 873 836 850 926 868 830 841 859 885 752 978 860 983 797 843 993 985 855 969 813 986 941 853 827 991 781 879 981 920 786 909 960 798
104 999 912 752 814 751 769 775 826 801 806 773 811 883 945 824 841 880 864 856 930 771 791 927 975 997 947 756 749 894 845 863 813 763 753 946 795 959 933 874 986 900 882 835 902 905 964 764 951 895 809 855 996 875 789 886 851 921 836 973 815 760 768 962 804 765 977 919 904 800 842 782 981 861 917 759 787 776 948 961 972 918 807 940 955 949 852 778 987 953 830 993 888 770 944 818 989 936 780 925 834 965 805 802 812
20 830 912 779 908 828 855 792 887 949 974 896 968 813 753 845 797 994 897 821 911
174 830 916 995 772 941 795 964 914 932 897 908 919 798 992 813 950 948 773 804 779 909 767 805 920 953 829 986 886 789 820 861 819 766 826 999 983 844 860 904 817 981 774 921 900 870 930 790 896 980 928 783 760 888 761 933 853 952 849 957 752 918 792 951 785 865 862 770 968 793 753 872 827 973 879 868 858 794 824 915 758 775 835 939 913 978 903 864 856 935 974 836 759 898 966 768 822 838 893 808 902 942 917 842 997 1000 848 988 845 781 954 907 755 764 821 894 869 863 883 833 906 979 984 895 816 859 851 937 990 784 955 780 800 993 994 998 934 796 922 987 765 943 965 956 989 963 959 945 801 881 787 857 788 850 884 769 876 880 892 961 899 887 936 771 815 754 809 923 962 969 751 799 982 944 901
37 956 939 830 848 983 999 887 800 767 902 756 768 762 811 833 960 860 897 870 766 837 985 873 795 773 995 968 849 850 770 853 973 868 825 755 774 912
234 777 863 985 859 753 893 856 882 803 850 885 808 949 773 909 979 914 963 781 774 908 878 818 869 784 880 797 837 857 976 854 948 937 877 968 842 958 910 932 954 817 871 891 926 975 754 806 793 775 760 765 986 939 865 830 924 761 919 847 829 923 960 867 866 901 811 922 801 757 874 836 904 983 981 978 879 987 813 767 915 833 794 934 756 864 849 928 952 834 989 860 788 917 845 776 890 907 977 972 912 758 911 804 796 973 764 927 875 826 895 769 816 791 810 967 855 770 944 950 971 940 782 807 852 943 862 762 787 995 868 935 993 763 755 805 838 841 996 898 851 844 789 947 802 831 951 821 824 974 848 778 953 876 768 889 892 906 883 964 783 970 792 959 790 888 800 785 925 938 843 931 820 982 994 835 998 832 766 961 921 872 990 799 945 771 1000 929 819 899 984 825 918 822 992 812 988 897 814 955 896 846 840 962 905 786 916 870 903 839 780 957 920 980 999 942 965 886 809 828 881 894 933 930 823 956 936 966 815 853 759 827 969 779 861
74 872 834 865 947 759 774 938 848 765 959 827 950 923 832 904 787 980 921 993 924 883 836 908 855 944 982 983 817 888 890 903 989 842 952 893 826 805 915 925 945 870 912 824 969 790 964 960 861 831 755 889 918 892 943 962 877 760 986 796 941 818 866 987 810 978 876 793 767 797 763 965 852 909 845
76 767 841 952 890 917 854 799 908 790 837 772 932 918 815 817 793 964 853 997 951 846 883 931 877 924 888 758 963 899 914 874 821 978 950 958 858 939 935 775 979 840 807 921 787 941 795 913 962 981 906 838 876 851 875 785 965 992 910 810 759 813 895 848 985 896 797 863 861 884 824 894 942 974 990 762 980
190 964 886 980 819 769 999 870 840 974 896 856 874 984 998 795 823 894 815 959 865 976 885 876 810 813 807 991 906 914 833 957 938 853 932 764 971 770 771 850 765 778 950 761 916 838 828 941 935 793 915 871 956 775 841 972 844 1000 960 902 948 961 836 839 843 814 808 789 875 790 858 940 781 909 798 796 897 785 802 852 995 913 817 888 892 928 963 924 943 898 933 992 805 873 884 759 816 983 920 855 922 934 907 989 783 952 930 835 792 857 977 908 782 975 994 882 887 800 848 893 927 784 936 821 859 863 760 786 846 890 996 824 937 791 993 879 947 903 774 881 757 820 911 891 780 985 923 990 868 942 827 889 822 854 797 847 837 968 969 944 912 860 982 801 918 901 877 794 978 997 766 987 883 921 867 845 958 925 926 803 779 862 904 988 973 767 842 931 806 825 949
174 854 989 917 885 859 780 860 910 759 778 993 833 973 873 990 981 779 875 901 813 865 890 766 825 794 775 857 911 787 781 968 956 800 929 841 945 995 944 846 832 991 950 928 925 937 892 922 903 964 971 797 795 815 891 988 914 957 807 951 931 868 987 907 785 770 816 829 823 986 761 997 918 979 970 932 960 872 879 952 773 821 1000 883 949 783 767 836 904 921 847 849 830 894 880 978 881 817 777 820 895 866 864 889 870 994 977 877 804 974 793 936 867 771 784 845 915 852 844 788 941 790 943 955 762 812 913 938 887 802 967 801 851 898 975 853 893 782 940 827 939 811 909 843 961 796 858 965 772 809 862 934 942 837 916 900 886 776 963 758 905 848 996 822 920 814 763 953 924 954 919 962 882 805 896
122 977 907 767 999 864 838 806 902 780 777 813 924 890 808 903 794 763 831 944 966 904 765 804 934 925 795 914 772 857 862 802 782 785 770 967 987 920 784 888 822 964 984 896 845 997 868 828 908 878 901 853 953 837 917 854 834 760 991 812 880 843 889 972 786 876 915 805 976 783 959 799 836 803 952 882 938 860 927 884 865 839 809 980 863 768 797 923 856 883 956 852 855 965 875 859 892 940 970 816 933 793 818 846 779 826 841 895 995 949 885 898 800 954 835 969 932 978 994 850 833 931 814
134 815 886 890 807 840 915 926 998 977 916 776 885 944 945 829 799 990 827 891 779 880 953 824 907 955 893 838 844 778 864 863 902 822 962 873 971 816 905 978 924 832 826 858 785 960 883 867 765 771 871 784 911 804 967 802 894 947 772 943 768 934 875 898 761 806 946 909 948 988 830 823 866 795 914 989 780 855 938 884 769 933 762 791 999 956 869 861 767 904 970 781 899 878 857 952 817 798 759 851 972 921 993 903 918 770 837 848 976 810 782 941 942 958 774 984 895 927 821 793 879 964 835 801 900 853 882 881 811 937 876 805 923 850 877
66 795 786 877 790 776 965 971 846 933 926 929 932 866 938 834 927 813 889 951 994 939 856 893 788 991 833 935 989 941 782 801 777 897 890 998 810 892 771 911 937 831 960 905 828 975 872 785 885 798 966 976 864 924 767 870 773 765 804 806 793 808 987 914 853 948 984
163 887 788 763 771 867 802 777 986 855 819 842 885 879 997 840 811 783 935 781 844 962 912 826 816 836 808 854 944 920 961 865 897 764 843 791 923 856 765 847 882 896 850 988 999 834 927 809 772 980 805 786 883 934 862 890 905 969 814 841 857 822 903 886 872 795 978 832 931 915 860 793 994 824 798 770 849 975 876 933 957 838 773 981 831 910 963 966 1000 946 921 868 852 858 960 948 929 830 775 804 967 951 869 877 989 859 971 928 947 964 932 968 796 828 833 937 973 982 976 899 998 992 797 893 906 766 955 945 909 925 829 950 846 881 918 835 803 956 821 861 812 782 851 919 996 761 848 874 954 970 769 985 774 866 952 839 817 794 779 917 813 845 979 914
95 874 956 799 825 964 836 771 788 881 915 820 992 863 960 859 887 818 918 999 841 940 897 917 910 827 894 933 814 856 925 982 800 943 945 995 762 953 951 824 845 944 994 802 791 870 912 948 823 767 775 765 842 955 900 883 766 988 920 904 972 831 829 941 950 811 877 946 906 794 985 976 853 860 878 966 840 768 778 968 937 993 899 821 963 979 975 776 786 888 846 949 983 893 935 812
173 813 876 868 835 941 773 770 765 975 831 812 768 847 964 797 976 824 898 966 852 775 874 918 796 826 771 836 834 895 974 925 829 850 907 970 837 928 853 929 906 903 956 979 841 855 927 786 827 946 914 967 856 980 986 905 952 809 858 950 896 889 769 953 890 901 873 919 877 957 988 867 904 857 807 961 917 969 870 921 766 783 772 968 886 767 981 994 780 778 854 972 818 828 945 942 865 885 802 805 763 930 955 779 924 973 965 884 912 989 819 947 823 843 887 926 943 811 777 791 959 888 909 764 992 911 995 923 790 899 820 851 785 893 860 935 792 933 944 934 817 937 963 833 931 832 880 920 795 869 951 872 774 938 998 916 990 878 808 902 822 787 939 900 793 861 859 984 803 997 804 798 806 894
171 876 979 793 905 888 821 853 823 931 865 927 832 766 936 842 996 846 867 764 813 818 808 954 926 826 775 892 851 856 908 910 991 982 986 917 993 960 852 975 940 881 802 966 921 903 955 816 869 974 794 861 943 930 941 849 882 980 985 995 914 929 769 897 902 838 855 896 786 807 1000 961 792 895 893 879 946 790 898 988 907 939 932 780 799 948 928 830 868 967 952 987 810 911 900 795 971 889 870 885 837 922 827 833 983 947 950 901 873 984 777 999 844 788 854 981 814 953 899 840 933 806 850 959 866 978 992 957 942 845 796 835 958 883 860 772 968 779 862 906 836 804 872 970 871 801 797 798 857 963 994 962 916 800 841 918 915 997 904 847 884 909 923 831 938 771 811 976 783 969 965 819
59 936 944 967 803 896 890 842 994 903 977 781 831 995 787 848 801 856 953 828 923 946 900 919 777 880 893 808 834 800 867 951 807 815 860 765 928 913 795 885 858 844 875 933 879 796 971 789 892 878 992 871 845 818 906 876 993 897 841 814
228 964 965 809 901 783 911 925 845 847 875 958 940 803 956 936 821 873 937 788 983 986 826 891 869 777 944 884 966 939 919 843 849 787 886 904 828 844 790 906 853 979 989 953 898 793 922 951 929 851 811 816 994 866 923 918 948 778 771 981 831 990 903 963 819 954 825 874 992 927 902 998 947 928 976 910 984 894 835 897 830 883 926 943 768 977 838 987 824 855 862 770 942 767 991 909 899 961 795 814 794 800 775 978 957 815 949 985 834 839 975 858 871 860 856 969 779 913 933 877 804 772 799 962 789 993 872 917 888 955 818 829 785 908 945 970 769 848 988 921 857 895 893 801 806 887 817 820 774 797 798 971 880 920 882 840 782 846 932 973 773 870 781 907 941 813 792 959 905 924 914 974 900 833 935 852 854 776 946 832 802 980 960 892 807 950 952 931 786 868 823 808 972 967 836 1000 863 890 810 997 805 822 995 934 812 996 916 896 938 865 842 837 999 876 915 879 968 796 791 881 867 982 885 780 912 878 889 784 864
173 897 951 802 780 831 855 928 866 974 874 860 988 917 867 967 798 795 808 779 840 848 916 919 865 955 826 801 861 1000 939 791 805 960 885 833 806 981 893 987 820 781 909 943 819 999 910 872 812 849 973 900 839 783 853 772 856 882 863 827 832 892 843 935 929 969 797 933 983 921 913 924 993 859 934 941 778 906 990 834 904 830 810 953 773 776 886 994 875 803 775 991 887 965 950 986 774 918 829 938 852 949 796 995 816 926 767 817 869 961 835 784 976 883 836 927 984 769 902 903 879 844 947 982 890 925 978 888 811 970 813 793 945 992 998 920 864 799 963 931 777 940 794 901 937 968 870 771 964 838 932 895 807 975 948 908 905 787 959 915 815 837 880 881 958 851 896 792 942 782 786 997 828 989
218 860 786 834 768 880 910 954 869 876 883 913 968 957 987 796 787 950 848 990 928 923 972 844 966 948 889 823 810 824 773 836 890 845 769 804 898 862 807 820 919 771 817 861 912 899 903 982 1000 974 975 946 983 971 815 965 770 809 967 846 917 926 825 980 841 873 977 943 783 985 875 952 801 797 789 794 907 813 843 922 839 852 851 827 906 826 951 958 935 864 934 775 953 978 986 904 781 777 925 838 831 901 909 915 837 956 973 997 893 805 916 795 868 984 937 811 992 866 778 870 939 920 865 960 911 933 897 947 779 896 784 888 891 894 877 932 854 918 936 803 962 829 835 772 938 792 892 806 995 949 927 802 853 867 961 945 808 782 882 881 798 884 842 885 930 776 991 850 878 785 993 981 886 994 964 944 941 931 871 780 959 989 821 814 902 942 970 816 874 774 924 818 832 830 979 791 887 872 857 921 955 858 840 812 998 963 833 859 855 905 969 799 800 790 914 788 908 895 940
46 859 795 818 986 884 805 771 991 869 873 930 968 939 825 910 799 828 780 886 870 796 984 965 800 867 997 928 817 803 791 879 983 833 777 992 906 837 943 938 982 774 999 792 845 972 788
3 869 901 935
212 946 985 841 838 1000 907 906 836 853 932 831 968 890 797 792 818 775 869 866 824 801 881 994 903 886 846 958 918 779 884 984 899 806 826 928 938 992 814 813 876 870 925 873 776 923 851 782 795 809 880 783 980 825 788 827 944 998 863 912 807 943 794 920 804 913 963 972 847 802 996 815 898 978 872 935 957 953 914 975 780 833 993 860 822 861 979 887 956 902 871 772 939 799 865 974 774 997 930 921 781 991 950 969 948 882 834 839 793 819 995 908 892 786 790 878 999 805 952 823 960 867 798 965 800 983 973 816 859 900 990 784 919 901 895 888 857 810 893 967 894 929 889 961 843 922 989 812 789 987 787 835 934 829 828 966 848 811 986 832 897 777 885 791 796 808 959 858 933 981 926 875 877 971 820 909 864 917 982 856 821 855 840 927 949 883 955 862 896 874 817 962 771 868 773 964 842 850 849 879 947 941 988 970 945 854 940 911 852 778 845 954 931
157 968 812 831 904 957 850 888 872 934 945 865 778 790 981 828 977 970 785 802 971 792 807 798 840 810 884 834 911 922 956 804 822 988 777 976 803 919 933 991 897 793 932 994 915 935 816 877 864 908 906 848 885 947 814 843 966 786 838 989 801 910 972 880 825 787 846 780 929 887 882 862 985 823 924 913 1000 871 854 805 779 978 980 946 992 892 883 907 813 842 959 774 837 894 851 962 921 965 886 938 772 845 836 955 963 874 852 861 943 868 855 927 995 781 844 873 952 893 961 954 818 796 794 858 979 876 789 890 916 869 920 925 996 824 905 903 809 827 784 899 891 847 826 982 860 990 819 782 832 902 953 930 797 901 863 923 775 859
85 801 928 927 821 984 863 856 867 891 795 965 888 945 810 930 985 849 876 844 894 990 913 974 989 797 870 792 829 907 804 887 789 879 872 826 947 929 819 932 848 899 815 970 850 960 901 1000 972 794 911 873 986 938 839 896 855 865 893 939 935 806 925 946 923 920 787 933 864 900 784 924 908 812 852 998 773 783 926 816 917 832 983 884 847 882
105 956 778 889 920 820 984 805 893 872 960 819 821 852 892 997 886 965 933 774 783 866 811 810 786 953 962 876 919 804 925 794 815 982 901 924 981 922 983 988 843 830 807 829 909 782 837 862 959 846 989 917 787 967 798 974 851 800 918 881 878 802 822 978 993 929 908 898 858 948 994 839 827 963 888 840 785 995 867 836 945 911 847 801 900 972 873 850 895 871 844 977 799 950 932 957 803 943 854 916 927 946 891 954 865 973
81 791 870 792 965 851 983 838 938 872 880 917 867 977 823 850 775 794 886 974 848 778 964 832 783 894 864 981 839 786 935 795 997 785 787 944 847 952 904 922 963 825 950 998 985 801 810 885 837 994 889 903 846 866 853 841 824 949 843 928 966 961 978 948 809 819 906 943 799 990 878 930 929 970 876 888 995 896 898 836 835 910
112 977 788 832 941 822 958 902 923 817 989 808 952 988 858 843 895 913 897 912 776 850 781 810 896 860 992 824 809 802 920 837 866 789 880 929 879 960 935 872 999 856 783 893 899 798 957 877 849 916 780 807 937 792 806 829 930 990 890 942 825 954 782 898 945 964 961 803 836 953 973 784 997 886 867 827 891 965 868 892 862 966 787 938 901 917 812 826 955 983 859 980 865 855 878 785 940 903 796 820 978 833 900 926 928 848 914 959 828 951 922 816 778
214 956 830 778 894 936 883 949 860 944 888 891 812 880 873 948 966 999 903 926 979 803 985 857 825 876 963 856 893 898 892 890 902 832 919 841 874 931 863 881 831 928 842 859 942 797 882 895 849 916 786 967 922 801 921 905 802 945 933 790 843 805 927 809 896 806 848 877 814 958 852 815 917 785 791 794 889 872 885 941 995 978 900 867 910 865 973 800 810 957 879 906 816 826 792 837 915 955 960 878 971 943 828 886 959 991 975 884 904 925 854 862 920 829 990 984 871 988 897 901 839 850 997 950 932 847 869 976 783 813 835 980 875 858 804 951 909 935 838 994 954 788 993 807 864 789 937 861 836 983 844 817 938 970 923 822 777 870 784 840 853 982 833 992 793 965 946 929 811 924 934 868 823 820 998 952 964 947 796 851 819 846 989 1000 781 969 779 780 827 977 912 974 918 887 981 795 855 787 818 939 961 987 914 996 911 940 782 821 907 962 913 972 930 953 908
1 940
65 936 815 937 875 917 894 922 909 781 833 872 868 908 953 850 843 985 907 913 784 983 910 814 802 954 923 849 966 980 807 964 902 798 921 987 799 912 970 903 861 973 928 783 817 897 789 965 855 845 819 956 934 865 916 893 804 951 873 990 857 952 930 889 846 796
96 809 812 813 869 925 916 954 956 940 935 960 982 944 808 991 895 994 984 931 849 907 822 785 927 947 804 949 997 868 945 801 930 791 953 959 929 952 967 903 792 796 941 842 998 950 992 934 891 890 922 789 975 864 856 888 795 859 932 977 850 923 987 820 948 990 794 958 981 908 838 894 872 874 972 933 978 832 876 893 886 840 889 865 917 831 884 879 873 799 782 913 837 914 1000 880 815
3 926 999 801
155 967 951 994 919 849 831 868 782 886 883 863 824 995 880 990 832 924 921 898 817 942 931 818 860 926 982 875 888 930 912 808 935 913 854 852 878 812 792 999 825 841 911 954 866 956 962 891 816 974 899 845 833 972 965 944 950 882 961 861 943 810 916 857 869 975 848 871 981 784 932 805 830 788 865 901 903 963 970 847 889 807 920 960 798 864 796 964 938 895 870 971 948 797 844 968 984 800 855 936 983 941 988 881 813 785 908 987 819 946 907 856 791 991 915 998 828 929 993 811 957 787 843 842 879 887 834 947 820 979 821 997 802 873 804 918 815 793 996 884 933 896 846 874 858 836 914 894 850 959 953 801 809 789 803 837
137 981 998 980 947 968 790 961 927 785 851 877 936 964 807 855 871 993 862 937 794 822 783 819 874 847 857 924 885 983 893 832 922 801 940 787 906 882 890 990 872 831 842 919 913 814 982 894 840 863 823 949 970 899 986 879 977 886 791 930 873 992 865 976 967 950 866 818 900 811 935 841 901 839 852 816 868 904 815 951 954 845 844 892 994 989 870 856 876 820 891 838 897 957 978 834 939 929 858 833 984 911 942 786 909 797 917 962 987 821 985 923 827 952 905 846 971 944 888 946 859 974 975 798 889 837 864 829 817 825 912 878 854 796 804 793 916 941
204 820 952 856 965 867 998 995 821 960 832 894 851 850 923 818 842 977 797 898 910 847 993 889 785 901 861 841 819 954 909 953 834 928 906 809 918 823 908 837 931 996 839 899 987 888 854 912 951 853 983 831 840 885 878 900 833 978 1000 946 883 926 864 941 956 902 884 795 944 897 957 871 855 963 904 990 917 925 858 849 947 887 893 811 824 948 872 970 800 937 895 786 936 974 921 870 787 907 942 845 798 964 886 875 950 814 922 903 802 932 988 880 980 784 943 859 860 822 865 934 866 958 911 914 940 927 929 852 979 966 848 985 846 815 915 816 972 967 881 961 828 968 969 933 869 817 962 857 905 838 844 825 829 890 924 879 913 981 949 891 835 916 868 877 803 827 994 862 992 984 863 959 920 930 873 788 975 986 813 792 790 812 801 882 939 830 794 991 989 874 804 789 796 826 791 805 810 808 971 955 892 982 799 876 843
163 860 951 937 814 849 994 805 901 927 797 815 871 824 896 998 789 939 965 933 870 952 791 995 793 957 908 869 902 949 812 953 887 863 931 851 882 909 932 862 881 819 844 808 980 853 833 890 917 943 972 920 884 810 823 921 959 893 960 996 804 944 867 847 834 958 796 906 831 922 938 954 872 792 798 950 788 855 820 924 879 785 914 997 892 905 826 866 868 807 875 806 925 978 928 885 801 811 848 910 904 969 988 961 883 966 962 795 991 964 940 942 841 854 895 894 787 919 888 886 839 794 837 1000 973 842 926 880 975 916 856 864 838 840 935 946 803 817 813 929 809 903 846 968 979 947 800 843 861 852 825 993 984 799 999 976 828 889 818 897 923 790 967 832
167 801 839 905 934 886 836 792 920 921 852 887 984 820 978 804 873 904 972 838 870 945 837 958 909 926 880 980 791 995 974 856 940 855 808 867 977 843 942 897 865 879 993 992 819 906 795 997 898 787 943 903 994 840 821 947 988 850 863 919 841 912 869 966 985 895 800 970 842 952 812 914 862 900 973 941 802 864 907 951 793 826 925 844 809 957 986 969 989 971 868 875 923 965 962 929 828 823 976 827 872 882 815 834 825 918 794 953 939 990 861 908 853 797 1000 807 999 835 930 935 967 961 811 944 956 874 968 854 833 817 936 816 922 803 955 996 859 847 916 849 937 881 913 915 979 857 877 885 946 892 824 902 888 830 987 963 948 790 789 805 910 899 917 983 933 891 950 845
95 1000 871 959 988 984 880 964 815 814 840 993 870 922 857 874 854 879 934 812 789 925 875 809 832 860 826 973 992 802 893 932 843 986 906 807 974 909 999 944 873 792 808 830 892 899 962 831 914 918 983 978 844 846 878 859 803 928 956 905 961 975 921 890 811 882 845 987 877 804 913 798 810 824 926 957 947 806 788 850 794 818 982 888 833 953 797 872 920 900 998 886 852 898 891 849
170 984 829 904 895 795 879 906 821 848 855 836 948 883 799 945 983 867 920 912 797 803 860 805 968 901 849 824 892 877 971 807 889 804 919 840 951 963 796 823 893 959 792 852 810 900 914 806 972 868 886 808 869 910 957 966 861 880 995 986 873 961 894 997 863 946 881 850 913 844 789 811 925 917 791 875 952 866 960 987 947 992 909 888 923 843 878 827 967 944 973 931 835 940 981 815 950 936 897 974 876 841 994 842 998 980 826 929 838 915 865 830 798 896 937 975 832 819 814 932 816 990 976 845 872 833 825 935 954 905 996 854 834 802 890 857 962 818 924 871 907 941 817 908 828 831 953 999 926 790 847 801 928 885 911 927 812 862 793 989 988 858 934 964 956 903 982 970 891 859 991
145 929 935 802 824 798 974 956 958 899 799 977 939 797 866 992 986 829 964 843 937 962 991 862 815 961 1000 878 933 850 909 822 844 892 936 948 817 803 900 883 934 928 889 945 871 858 982 868 830 976 884 926 887 811 852 965 810 800 819 857 823 989 825 816 969 895 864 905 833 791 832 932 915 838 795 890 980 846 953 796 951 930 821 943 990 924 987 842 834 854 973 949 861 955 865 985 925 807 907 875 912 801 908 988 957 814 978 877 970 812 999 853 954 840 952 845 826 836 873 950 820 919 813 917 872 902 941 903 996 789 806 848 851 876 998 828 882 891 808 967 893 831 904 901 922 906
33 798 917 908 893 873 999 851 842 896 830 968 833 996 811 808 939 801 971 800 847 815 954 857 792 936 868 887 957 804 986 972 956 912
183 818 827 997 881 909 878 847 839 837 905 956 831 972 918 815 983 866 960 886 979 902 867 929 904 945 981 892 797 876 830 936 857 922 806 890 796 915 861 957 883 947 900 952 874 835 899 850 954 992 907 812 820 846 817 887 879 951 884 829 855 984 962 888 799 971 854 840 802 822 800 841 832 963 877 931 903 921 825 848 996 798 860 917 975 933 833 862 966 834 955 928 967 934 882 990 999 805 950 988 987 1000 885 986 911 870 989 898 982 807 824 808 970 845 937 792 978 941 940 944 949 791 838 976 894 828 819 851 816 998 995 993 961 889 923 821 859 973 930 856 935 794 893 864 810 927 863 913 880 964 924 869 925 811 906 953 836 803 813 959 991 969 977 938 858 910 795 896 920 872 912 914 852 823 849 965 801 926 868 901 980 946 843 793
83 840 988 949 964 936 979 869 965 922 824 812 816 923 938 982 958 896 794 969 796 897 888 800 910 904 954 891 948 801 855 921 830 839 924 810 792 851 821 865 877 961 898 976 885 950 967 963 881 918 957 799 947 836 996 991 853 795 866 981 894 985 966 934 906 929 870 852 889 995 941 986 843 868 819 971 829 943 822 973 854 990 858 872
84 999 906 860 956 955 909 967 871 912 856 983 888 953 852 930 968 834 825 916 853 851 822 900 849 992 882 984 961 794 969 842 839 922 911 847 801 981 997 828 989 910 932 971 887 845 835 884 921 1000 843 941 946 813 850 797 998 914 893 897 800 870 942 857 951 877 816 943 811 879 894 898 899 818 929 809 978 952 873 799 864 837 902 937 963
34 965 836 931 993 980 795 958 935 992 901 794 921 858 907 957 909 848 883 969 960 970 841 867 920 801 996 1000 910 879 923 825 828 997 927
203 847 890 807 965 800 866 938 882 880 838 820 984 964 852 952 989 908 945 813 801 799 872 814 856 963 804 884 931 824 891 976 985 957 888 834 889 939 836 959 865 962 879 932 983 1000 795 994 825 870 881 907 906 855 966 796 996 812 975 803 798 917 823 822 876 968 974 819 893 810 979 982 929 998 894 892 869 934 840 955 833 883 864 928 878 861 986 941 954 805 995 920 841 901 972 827 899 967 860 859 912 978 902 923 924 829 918 956 916 948 828 973 839 926 806 903 832 943 830 914 958 970 993 915 930 988 809 811 874 947 992 922 919 909 897 940 871 913 886 950 837 942 927 845 971 808 980 862 900 999 933 802 946 821 921 867 937 818 797 961 877 815 911 960 895 904 990 858 885 898 848 953 981 935 843 844 896 853 997 842 925 863 910 987 868 826 873 849 817 991 846 850 854 851 951 936 816 835 905 944 875 949 977 857
4 943 867 830 938
51 886 918 960 938 969 967 974 951 954 994 913 909 854 930 852 875 958 917 901 966 931 922 986 925 799 797 977 950 806 981 953 873 813 882 800 896 924 844 975 961 801 899 984 820 887 856 914 839 988 1000 971
170 995 998 873 919 988 955 883 819 929 876 961 959 821 813 916 878 889 871 894 903 891 830 863 900 836 932 808 928 969 886 852 924 940 976 854 945 952 882 973 937 918 992 869 870 857 930 849 923 817 1000 986 832 866 982 966 991 896 893 975 861 818 979 993 983 826 989 954 967 921 974 946 862 806 844 820 874 913 949 853 970 812 965 804 980 997 840 931 990 803 917 842 927 848 922 851 911 910 828 964 895 907 936 890 838 941 800 972 885 994 908 839 904 943 798 822 897 934 799 939 877 868 887 978 935 810 801 811 847 958 860 884 858 807 846 850 824 962 867 968 835 947 944 856 892 879 805 987 933 898 880 816 906 809 977 827 963 829 957 996 888 938 825 902 834 960 843 909 823 999 985
2 861 808
112 825 915 853 955 854 832 824 889 918 811 820 865 985 982 887 809 934 975 983 998 880 844 980 936 990 895 968 801 931 851 836 818 860 919 962 966 904 995 905 921 873 997 909 841 804 830 970 932 893 973 869 916 815 907 867 839 849 981 826 911 842 866 925 819 913 971 939 890 963 903 878 848 988 821 942 816 899 978 954 928 1000 876 829 924 943 952 946 808 814 984 935 948 850 800 863 843 979 933 993 947 857 957 886 949 994 950 900 831 868 965 846 802
98 867 999 936 985 847 857 878 952 926 951 837 935 851 885 817 990 969 962 937 943 950 941 918 902 846 900 977 993 893 856 859 818 886 984 802 947 813 812 872 865 845 863 964 875 961 946 973 892 906 874 914 983 823 953 919 911 887 940 942 976 987 974 805 967 888 827 903 815 839 912 864 945 949 854 923 929 960 811 910 889 915 836 850 966 819 880 821 1000 948 921 917 958 881 828 879 835 955 980
40 867 965 958 816 873 967 840 838 935 920 931 999 880 844 972 949 826 971 839 988 974 929 998 912 923 900 823 862 976 892 960 934 819 897 846 954 990 847 832 877
24 847 831 918 856 878 880 829 942 974 885 830 993 853 835 951 982 977 911 846 913 912 998 935 886
71 933 951 927 810 959 973 945 924 809 968 903 858 944 966 931 997 948 929 909 846 824 812 906 849 922 985 862 876 805 828 832 844 990 857 895 999 863 937 943 842 899 865 953 850 815 965 871 840 882 825 813 864 860 957 873 915 919 961 837 969 928 991 881 875 936 866 980 855 806 987 935
85 952 829 916 885 894 993 977 817 948 876 895 809 989 927 866 923 972 846 873 908 863 928 912 874 849 860 865 886 910 825 956 811 949 907 934 955 878 979 805 937 898 932 851 974 850 904 982 903 953 891 870 966 921 899 963 881 869 839 958 879 951 929 906 980 991 832 967 940 872 994 930 946 950 812 947 843 824 875 900 830 852 831 902 975 871
22 938 848 815 883 921 966 968 964 944 995 881 937 948 820 855 906 900 962 893 970 814 963
107 816 814 864 861 984 828 905 837 914 966 981 945 926 940 988 872 998 911 997 836 930 949 962 835 953 913 976 956 903 888 979 901 934 915 955 817 870 959 854 909 947 821 919 876 885 958 819 880 868 960 886 996 968 896 917 849 883 954 969 832 815 937 869 851 834 887 982 965 871 863 923 809 944 983 900 895 881 856 843 894 907 957 839 879 950 993 808 929 936 859 906 846 845 853 898 941 875 992 991 918 990 855 924 877 972 978 893
134 845 813 952 999 829 977 875 858 850 925 944 890 836 949 871 831 971 856 902 851 976 953 958 937 915 911 939 910 924 989 882 912 886 948 917 843 985 863 965 994 826 901 834 979 893 959 817 964 861 908 938 883 990 824 954 906 980 978 943 869 997 868 951 859 932 828 848 887 923 963 891 884 970 862 922 975 907 864 928 866 839 876 909 830 873 823 857 927 854 950 903 988 934 818 913 941 867 810 840 892 841 837 957 973 898 870 914 926 825 853 897 984 814 900 986 896 855 832 920 940 933 844 894 936 930 916 974 935 972 982 995 1000 835 812
168 889 845 837 911 962 928 843 927 936 985 986 830 981 972 991 866 959 847 831 910 937 914 944 839 973 946 929 863 904 974 993 933 957 938 947 983 916 948 909 920 822 967 861 876 919 958 865 875 913 950 870 855 856 820 872 836 922 832 833 880 859 846 898 829 878 956 994 809 995 888 943 912 925 992 926 877 990 858 915 902 890 931 906 984 868 945 918 851 849 905 811 813 853 930 827 989 879 964 869 862 935 896 987 826 824 838 848 885 924 940 891 860 900 823 908 934 887 903 821 893 1000 841 817 949 941 834 894 840 828 864 895 881 882 892 965 815 942 816 999 998 980 812 966 873 814 857 961 867 951 988 901 954 818 883 899 952 939 852 907 921 963 969 923 897 810 979 932 953
53 828 890 936 854 877 988 838 974 989 865 888 925 840 810 912 980 992 917 951 953 968 844 975 961 814 952 893 841 913 919 827 852 894 946 950 987 954 908 859 867 958 971 845 869 831 991 856 884 955 957 930 929 963
155 930 939 823 905 886 896 881 900 979 998 814 909 827 988 967 815 853 946 813 917 906 879 945 893 928 976 973 832 892 914 952 993 824 894 863 849 913 880 877 890 934 954 847 856 859 937 915 904 953 963 910 927 899 929 955 822 871 887 846 994 848 902 865 987 834 978 837 916 964 867 873 851 829 835 831 982 920 932 983 980 941 996 962 888 924 981 830 868 836 966 882 841 989 959 960 895 912 811 820 885 828 852 883 818 951 901 957 876 884 845 956 948 897 891 991 971 844 965 874 926 997 940 922 918 943 878 1000 850 921 970 855 854 975 819 947 961 944 821 903 860 923 931 812 816 864 866 950 969 990 949 933 992 908 985 968
5 934 862 903 925 843
89 947 897 898 969 921 862 920 985 814 932 822 857 976 891 870 830 937 919 930 957 854 962 951 923 872 878 832 838 815 833 860 922 875 841 886 929 987 901 843 967 824 931 958 963 846 995 982 954 993 890 829 999 907 977 964 868 866 828 884 915 949 953 813 863 991 816 859 899 826 996 879 821 994 978 942 909 825 990 972 913 856 835 865 848 959 940 945 956 869
43 930 822 953 915 945 882 831 857 995 982 814 986 826 818 908 917 972 979 994 990 965 868 871 888 840 862 920 967 944 978 961 817 839 821 825 971 942 987 963 876 950 864 855
139 941 901 856 876 849 839 902 864 847 998 861 853 980 971 885 868 859 943 940 831 834 975 907 981 923 930 869 867 922 927 908 936 938 991 852 987 879 962 815 854 976 969 862 884 857 890 914 875 960 996 909 934 886 840 916 878 851 978 995 949 942 912 863 897 889 999 903 836 928 929 979 837 873 957 1000 926 920 881 955 973 993 931 977 965 844 972 966 833 880 997 865 818 826 944 841 887 855 904 985 835 986 933 913 866 917 900 988 874 846 895 893 892 948 894 848 945 939 935 983 822 827 845 970 982 964 816 829 992 872 915 961 883 905 871 823 910 968 819 924
61 860 964 924 895 919 966 826 834 899 987 977 913 819 935 937 986 963 992 926 897 972 950 995 993 973 835 864 886 868 997 881 967 846 896 956 991 878 927 855 827 933 893 816 941 880 821 867 936 998 869 925 996 959 849 909 876 980 911 990 985 918
163 894 984 878 864 928 916 906 866 896 977 858 891 999 974 874 950 849 976 887 832 854 968 905 853 825 910 967 915 884 872 822 830 958 994 879 917 847 937 909 901 934 855 980 865 959 843 953 835 880 826 957 992 913 951 982 949 856 985 883 960 995 972 863 857 996 897 833 903 876 871 890 969 824 850 904 844 936 954 932 893 971 940 942 831 930 860 900 861 938 998 935 848 997 926 1000 986 962 946 817 842 828 983 973 964 963 956 837 925 945 875 981 834 870 924 899 852 859 881 941 889 818 867 947 907 862 829 922 944 892 820 961 943 920 902 882 927 975 993 931 923 914 886 838 918 948 988 840 877 888 921 885 823 966 933 841 952 919 827 845 955 873 908 868
64 866 864 833 878 952 851 923 868 929 917 818 821 982 836 919 820 978 954 831 855 824 856 930 980 969 977 998 961 860 941 875 934 959 832 854 933 896 907 966 903 889 951 962 999 859 958 991 967 983 908 852 913 848 912 874 922 894 924 902 876 863 871 990 869
84 920 825 913 962 894 847 880 904 945 926 961 884 855 929 842 895 898 885 832 965 850 854 987 820 858 979 986 900 951 838 857 947 918 975 982 960 905 906 934 871 860 821 834 956 853 917 932 831 952 841 840 837 969 878 865 991 959 893 843 844 997 835 886 863 870 949 928 973 902 862 896 873 824 827 995 985 996 912 908 923 897 967 955 930
49 985 896 835 977 869 987 874 891 892 905 844 922 879 966 824 960 859 831 928 832 964 878 875 868 978 856 1000 855 846 936 948 857 895 906 828 833 924 930 903 909 901 860 829 871 822 989 914 943 994
41 938 891 904 861 855 944 931 902 928 841 850 975 998 842 982 866 832 826 914 874 929 885 882 879 921 848 824 894 835 934 985 988 977 971 846 862 892 890 883 981 865
174 955 836 983 915 925 918 833 975 972 848 825 823 909 877 978 864 939 880 853 906 977 936 997 890 940 951 845 849 993 829 973 898 861 900 982 862 938 994 984 945 924 1000 896 944 894 839 931 837 899 830 919 852 855 892 974 871 943 965 927 893 960 912 989 841 838 999 868 883 891 957 988 835 834 827 948 946 859 935 876 916 962 949 847 882 904 981 832 963 958 942 860 971 856 928 926 888 920 858 992 844 991 824 937 934 873 980 941 910 990 995 913 854 872 863 885 922 874 911 857 908 828 996 967 902 879 884 887 930 869 831 866 867 952 886 923 985 846 953 851 850 905 929 986 842 961 870 976 822 950 987 998 970 865 954 956 979 895 914 947 969 968 878 843 959 907 964 917 933 897 921 875 840 903 889
76 844 945 896 982 913 934 920 872 841 850 918 867 937 915 852 946 856 887 926 827 919 998 978 905 837 840 870 871 995 908 939 958 868 981 857 843 832 993 921 943 855 950 878 838 954 860 936 829 935 884 889 828 994 947 957 997 845 885 839 1000 929 973 888 956 873 847 979 904 901 864 928 951 897 903 858 953
3 925 947 931
44 825 880 923 952 883 826 981 986 895 838 828 852 938 995 908 830 959 841 890 832 928 983 975 950 940 827 891 868 898 905 918 937 865 920 915 888 976 842 922 910 907 941 992 894
143 950 889 842 893 961 841 983 991 828 857 993 890 895 851 830 880 1000 878 973 988 975 929 908 919 985 998 885 886 920 997 869 903 938 963 877 979 891 933 873 966 856 927 915 870 849 902 883 948 957 874 937 899 882 987 843 868 909 861 840 905 999 839 887 967 892 917 852 990 888 934 947 847 922 952 848 912 936 995 951 833 928 836 916 946 956 943 994 989 858 875 939 986 827 949 860 862 969 958 955 944 897 911 942 992 906 932 853 859 977 835 904 935 844 831 864 896 884 850 953 926 854 894 879 918 959 964 863 971 832 907 838 923 982 876 976 881 867 962 829 978 972 981 984
51 920 986 976 827 996 856 944 945 982 914 980 866 978 858 864 848 977 862 950 949 999 878 867 865 873 880 904 842 981 910 936 964 895 965 969 1000 854 961 849 934 930 861 908 833 943 883 847 958 979 956 897
145 965 843 882 993 977 989 879 841 962 831 891 981 966 923 940 842 833 928 859 887 861 903 983 909 987 894 960 847 916 939 970 857 911 985 864 870 949 990 867 845 979 926 886 999 919 957 881 869 920 986 902 950 889 907 963 921 931 836 912 888 929 948 868 897 994 893 925 971 865 906 978 852 844 914 883 840 952 975 998 955 996 851 935 930 976 913 834 972 837 918 932 904 927 876 832 946 890 953 944 988 856 829 880 874 938 866 871 875 828 853 982 855 884 995 974 969 954 892 956 933 951 860 924 885 839 945 873 830 862 900 922 992 943 863 915 1000 967 899 854 878 936 848 908 877 858
8 910 903 913 919 946 888 943 959
95 955 901 975 996 971 846 882 898 932 840 896 857 940 881 866 958 864 883 913 960 924 917 954 831 877 892 872 967 839 964 982 843 987 994 880 834 905 981 946 845 962 867 914 983 851 941 830 937 948 888 957 988 970 897 942 969 852 923 973 895 919 854 986 959 873 893 838 861 890 907 916 842 847 910 925 992 949 832 984 1000 928 911 922 938 985 844 849 900 956 947 951 850 978 833 908
20 906 890 855 939 992 885 987 946 840 968 994 842 934 931 952 868 1000 951 863 877
123 900 875 869 863 981 873 929 995 837 933 931 937 941 838 849 905 950 906 832 862 992 860 916 951 954 984 904 967 877 834 932 926 957 999 966 990 868 876 913 880 977 882 841 919 988 948 944 927 962 980 856 912 883 879 889 968 974 922 930 853 846 971 997 884 986 835 935 959 857 979 915 939 908 850 924 909 910 963 848 893 917 983 942 994 894 989 973 965 976 864 854 890 839 914 842 898 861 899 881 901 982 888 925 921 961 867 845 874 895 896 987 956 887 871 852 870 952 903 969 872 886 840 975
115 1000 854 948 864 988 930 904 931 843 905 949 971 913 884 968 982 837 850 922 939 965 839 923 981 870 869 951 895 858 984 883 833 996 844 917 995 880 991 960 874 847 861 908 985 893 962 836 894 916 902 989 983 909 915 918 912 862 946 940 859 926 963 855 997 907 834 957 886 944 889 920 888 875 924 979 935 911 873 941 955 848 872 976 978 899 973 910 958 937 857 865 990 938 921 868 925 835 881 959 986 887 936 849 993 897 896 914 878 863 980 932 841 879 929 998
142 875 874 990 916 895 975 839 866 957 932 935 955 851 974 880 943 872 927 923 864 914 1000 997 899 922 855 843 982 973 852 921 936 915 911 881 910 984 894 913 934 964 858 871 891 950 898 926 908 994 857 945 837 948 907 924 870 847 951 886 944 966 938 912 968 991 889 939 897 962 999 965 971 941 836 963 877 918 961 860 854 856 949 995 834 848 882 903 884 993 920 862 844 835 906 986 901 853 840 967 885 931 928 992 954 888 900 883 909 983 956 981 893 958 878 979 925 929 978 980 976 859 989 940 842 946 930 970 942 838 846 873 959 917 850 977 867 937 919 902 969 869 865
45 862 921 879 939 839 887 958 907 965 836 987 941 909 973 927 971 995 986 925 912 904 903 864 878 981 895 837 930 960 889 919 915 932 872 885 936 881 905 843 977 886 866 841 996 863
159 933 983 956 976 991 993 850 989 921 911 852 928 975 872 960 939 899 947 880 887 957 900 944 935 882 997 848 875 851 884 916 986 919 907 908 941 885 863 890 858 999 946 926 959 860 938 929 889 896 877 948 869 842 876 866 895 950 972 973 867 901 845 995 969 837 936 927 951 937 914 874 849 954 1000 952 879 918 961 868 955 859 836 898 857 934 980 998 844 847 967 930 891 984 853 838 904 881 977 888 906 964 886 982 862 996 985 865 871 864 949 873 910 970 841 962 878 968 924 902 987 981 839 943 931 920 854 966 990 846 870 883 923 965 974 861 892 940 979 893 932 963 909 925 894 958 915 897 978 971 913 942 945 855 994 843 988 905 912 856
64 926 912 868 842 918 860 987 936 839 944 945 900 840 847 935 996 928 946 927 891 838 933 953 885 993 938 853 878 916 924 841 982 968 991 925 999 940 896 871 917 845 962 990 882 893 886 858 985 920 947 975 943 958 864 941 976 859 977 901 997 904 989 952 939
141 849 926 962 987 872 879 912 968 850 988 995 925 870 938 955 980 871 970 954 932 990 996 878 889 843 929 868 947 950 986 972 993 936 994 914 905 901 874 893 965 886 844 907 964 898 897 851 863 942 839 958 931 861 943 930 862 949 979 855 982 935 946 985 847 939 860 906 953 896 967 941 944 957 1000 969 900 937 852 877 884 984 923 899 997 981 948 940 865 919 999 960 875 880 973 918 971 922 928 978 869 890 959 892 888 859 977 873 882 992 909 904 895 951 854 894 842 908 913 856 881 911 858 989 838 975 998 891 966 956 910 883 927 945 857 848 974 903 952 864 866 934
95 937 869 997 864 870 994 910 903 855 896 935 941 961 923 897 979 893 947 862 863 945 844 843 867 993 972 890 980 907 986 866 952 988 955 917 996 964 860 954 842 951 985 929 850 987 967 908 902 849 905 925 853 981 915 881 975 990 898 957 872 918 932 858 926 878 999 976 919 887 846 883 973 859 924 971 848 922 995 909 875 989 942 868 851 912 928 904 978 906 933 879 931 913 998 920
90 888 968 870 877 992 894 917 914 881 876 846 906 897 984 982 855 954 849 869 978 958 898 969 951 937 959 1000 938 889 971 905 997 983 871 999 902 949 962 976 842 857 957 940 945 935 947 970 932 866 864 874 880 901 878 974 919 872 847 948 920 928 867 899 942 922 841 854 931 909 987 896 985 844 886 908 875 883 915 995 989 991 963 952 979 944 868 891 845 921 936
48 944 848 896 969 881 909 934 895 976 940 974 873 918 966 926 953 932 886 908 945 956 962 979 859 915 847 943 903 917 980 913 867 952 870 912 862 977 869 860 894 906 933 884 890 876 883 878 925
89 974 968 909 875 850 996 972 845 916 882 903 917 864 895 961 890 877 848 973 863 897 871 883 927 859 860 987 923 997 857 847 994 872 844 892 894 878 858 898 867 901 959 991 956 936 902 990 986 982 949 940 979 865 935 879 906 868 932 851 939 931 941 1000 989 849 957 971 876 946 953 862 885 915 950 933 934 988 964 899 945 911 891 978 908 910 952 975 930 943
8 869 944 980 978 936 887 892 921
132 897 949 854 851 975 856 885 997 908 923 875 938 929 969 931 845 991 888 857 928 993 887 942 919 990 890 883 914 940 989 974 988 982 864 966 863 899 848 846 880 894 868 944 932 996 918 956 959 905 954 978 866 981 930 874 955 951 983 968 926 912 903 861 986 967 998 889 977 976 936 1000 953 961 873 972 853 948 886 947 970 985 958 934 921 898 920 924 858 950 877 869 884 906 995 987 910 939 879 891 952 860 849 935 946 892 937 896 957 901 872 916 862 907 852 979 965 904 902 925 980 913 960 999 984 844 964 893 871 911 973 962 917
30 867 971 891 986 898 884 846 962 899 945 999 943 905 944 896 937 963 985 852 995 848 970 849 851 894 939 904 887 957 922
83 913 849 862 894 960 958 881 895 883 910 885 941 984 946 937 991 906 975 905 995 981 866 923 969 977 856 875 971 993 926 933 996 847 924 880 846 909 920 929 953 1000 940 851 956 887 890 858 928 893 914 994 855 864 957 965 877 852 992 945 959 936 911 879 882 973 861 872 865 989 903 904 878 918 921 902 949 899 863 892 990 964 901 853
76 932 979 924 859 907 867 972 902 985 982 858 993 884 870 860 999 951 944 908 955 992 914 956 949 967 913 849 996 891 931 876 935 945 989 890 911 965 863 894 899 892 889 950 904 897 905 990 959 994 903 962 960 966 872 964 900 998 939 868 977 861 963 923 997 853 976 854 901 973 877 886 869 893 879 942 878
6 941 964 900 904 875 911
115 851 873 965 901 880 929 918 936 874 970 887 987 859 951 853 962 888 968 904 870 955 898 953 857 942 883 932 862 920 940 877 957 952 988 910 909 902 908 938 959 896 997 972 856 928 937 975 973 852 906 916 914 863 913 917 912 885 890 905 900 982 964 943 884 878 934 977 861 903 983 850 933 954 949 963 993 971 860 966 869 974 960 866 925 981 872 941 967 994 895 892 886 985 915 998 889 948 944 979 894 875 986 947 927 990 980 922 984 865 923 950 926 891 849 897
143 912 882 962 887 977 963 904 891 992 855 897 983 854 974 942 869 964 873 934 861 877 969 858 990 931 886 945 898 906 924 947 936 937 876 884 870 874 968 993 871 991 989 875 913 930 850 922 954 979 865 894 1000 960 998 958 999 917 868 916 889 879 909 950 966 965 978 893 920 878 925 988 941 949 951 986 972 923 943 961 914 896 987 880 857 895 864 981 940 952 970 910 905 852 900 933 995 888 927 938 872 985 919 946 862 959 973 953 928 955 860 935 932 883 890 926 982 971 967 944 939 976 903 892 997 980 866 907 921 957 856 901 911 948 908 863 975 915 918 902 996 984 853 956
50 920 965 956 991 945 926 862 928 959 969 962 938 951 858 909 886 978 878 918 912 989 987 906 860 899 999 868 900 861 882 884 984 996 895 973 941 889 888 993 908 892 981 1000 975 876 990 856 967 948 898
32 881 928 869 993 944 913 945 899 932 985 876 911 930 933 941 980 956 950 887 877 870 971 923 912 918 868 891 940 998 991 909 977
80 911 930 996 900 994 877 858 905 982 940 963 977 969 967 972 865 993 937 953 988 874 916 971 929 964 857 943 990 898 926 883 947 950 910 956 981 997 985 872 908 925 855 906 923 965 920 986 976 987 975 998 927 897 892 946 873 992 899 876 902 928 866 882 939 979 951 966 983 968 941 948 984 938 884 949 952 931 856 945 924
138 936 876 901 889 878 866 918 867 946 950 993 864 954 944 911 982 983 966 871 957 964 859 953 963 979 855 865 863 897 991 981 879 986 923 975 926 910 872 952 995 949 920 998 854 868 925 917 996 885 870 929 927 860 892 888 948 874 1000 916 997 883 939 977 924 905 988 884 912 902 906 941 990 881 934 893 861 931 903 880 970 877 898 922 956 875 869 973 914 862 972 919 896 937 873 958 895 945 938 900 951 930 968 921 899 965 967 980 935 971 987 989 969 915 856 976 999 928 947 904 913 955 992 907 984 858 985 978 932 943 974 894 908 940 886 887 960 959 942
82 928 901 932 866 992 987 951 999 858 988 979 965 892 908 957 968 949 990 887 861 886 921 888 929 975 933 860 967 993 880 939 960 909 885 916 981 972 879 906 868 969 974 927 953 926 884 941 982 864 877 973 962 865 971 905 874 935 871 895 943 899 966 912 875 995 977 997 872 976 917 958 914 945 915 961 902 956 980 918 930 959 898
145 859 917 860 956 864 910 963 916 912 882 989 906 948 970 913 914 858 880 888 959 857 929 924 945 991 870 892 883 894 946 952 919 871 957 904 862 889 902 943 926 944 900 891 896 965 932 962 866 936 994 954 937 979 925 985 972 971 881 998 978 980 992 939 986 886 984 876 884 997 935 927 967 908 955 901 988 869 868 878 872 942 899 964 1000 905 873 907 977 867 897 861 950 903 933 947 949 920 921 973 877 874 981 966 958 898 987 938 982 974 953 951 940 863 993 856 909 976 969 983 879 996 999 890 895 941 923 922 930 968 918 931 995 865 934 990 875 928 893 961 911 915 960 975 887 885
76 899 993 995 893 868 967 900 892 898 985 858 909 926 950 987 906 954 871 907 873 883 927 941 889 872 895 862 999 990 932 924 933 940 876 912 915 885 988 918 903 925 948 916 986 904 894 857 979 861 869 975 934 965 946 970 879 957 953 867 882 891 942 966 874 997 992 949 877 983 897 863 981 931 884 964 937
8 929 952 928 923 970 909 879 987
110 938 865 943 940 946 922 955 997 921 875 998 919 862 914 962 1000 985 933 936 887 944 896 869 900 881 958 918 969 873 883 911 910 941 878 882 983 917 947 908 964 975 861 954 951 963 905 892 888 906 899 966 890 942 925 927 928 999 864 980 898 987 979 884 982 904 953 923 889 877 897 924 894 991 974 879 935 971 876 984 871 996 868 920 989 937 901 994 995 948 859 880 863 965 916 902 939 952 866 893 972 860 970 932 957 926 977 912 960 903 981
10 915 989 863 860 899 927 941 981 969 912
41 991 872 968 866 861 944 874 943 880 891 915 935 862 914 995 868 947 961 909 954 875 906 927 975 951 956 926 896 912 928 945 974 910 933 984 865 916 983 976 901 980
67 999 886 957 878 947 997 893 904 912 885 983 948 931 942 995 956 988 972 930 911 920 979 896 981 929 925 865 889 910 978 993 921 976 924 961 927 868 862 907 975 950 922 1000 974 883 971 891 866 908 898 963 949 915 923 952 882 951 977 965 945 953 962 894 932 985 954 903
8 876 934 957 937 990 939 978 956
3 998 881 943
76 880 962 943 931 987 957 894 904 893 941 870 944 968 939 954 984 925 909 881 982 884 938 878 900 919 983 996 898 980 973 879 865 998 916 877 977 972 952 935 997 985 908 897 959 995 975 889 966 885 913 895 976 961 888 924 936 951 907 955 940 950 949 974 953 958 872 887 969 932 903 992 933 905 866 896 883
120 948 968 952 900 927 958 893 873 940 871 953 970 913 916 899 888 884 895 904 867 996 942 982 892 960 932 902 918 890 937 875 939 931 974 870 945 876 941 883 988 981 880 874 903 989 957 914 897 990 977 906 881 928 956 979 869 999 877 971 938 901 920 964 885 984 905 898 887 987 891 955 933 911 976 972 995 866 930 959 943 950 915 882 909 991 969 917 966 910 944 961 949 985 936 978 954 963 946 923 872 929 998 922 935 980 951 894 889 912 934 926 924 994 878 975 993 907 997 973 962
42 957 886 949 965 942 893 988 878 917 890 964 978 928 993 911 924 894 870 891 877 880 985 946 936 994 952 923 908 929 956 971 897 966 1000 909 915 879 938 998 869 951 980
23 872 965 910 972 935 881 974 996 897 967 962 969 976 877 954 927 943 873 973 928 964 922 968
34 966 896 917 994 892 874 996 895 902 995 904 972 877 983 912 913 948 962 891 974 964 880 875 982 980 943 881 960 908 958 940 882 1000 956
7 881 872 938 940 917 894 908
50 957 906 944 989 973 907 984 953 879 910 885 962 946 873 995 993 932 975 892 936 902 875 919 986 908 924 937 883 881 951 947 878 985 961 997 999 979 964 899 963 955 959 922 903 981 901 978 983 895 935
43 976 878 884 981 957 907 977 893 905 971 959 960 882 944 978 966 974 991 970 879 939 932 979 880 886 950 891 919 897 997 915 900 904 996 987 903 998 937 917 923 936 927 948
51 990 934 892 896 959 976 903 891 901 972 884 928 966 985 967 975 943 883 987 898 979 909 996 953 994 937 890 949 951 981 947 929 961 886 925 873 983 889 984 908 905 968 895 960 944 919 955 913 997 938 969
47 889 940 954 948 929 931 958 878 900 916 955 881 874 964 926 947 989 920 932 970 998 890 913 981 979 986 950 957 924 983 934 910 876 925 898 899 933 992 991 951 956 909 944 971 987 907 912
4 882 910 930 933
60 991 950 964 919 999 890 923 952 886 888 962 947 907 920 978 982 910 898 955 914 973 948 970 958 879 984 980 927 901 928 974 883 965 951 900 889 986 902 961 941 911 977 896 877 992 930 939 943 924 929 918 949 906 967 994 942 954 979 881 899
121 1000 958 948 881 890 980 972 935 999 928 964 887 879 942 938 900 981 906 961 990 915 955 907 974 932 951 973 954 967 891 894 993 986 945 883 968 897 943 889 995 969 987 998 940 892 985 953 914 905 877 934 937 931 924 902 952 913 965 880 911 962 949 933 893 989 910 896 882 939 957 996 979 978 982 970 936 920 909 930 884 960 921 983 984 927 926 901 916 959 923 918 912 903 947 966 917 944 977 956 898 941 997 885 971 922 963 988 929 878 950 925 946 975 991 895 919 886 908 976 899 994
9 993 992 944 899 900 997 884 902 887
20 910 915 965 961 983 908 904 998 985 893 999 992 951 892 979 940 987 924 937 982
73 898 941 883 975 994 930 909 929 890 911 980 921 887 990 984 917 925 973 933 927 900 982 951 946 910 889 918 1000 956 899 907 988 939 972 923 967 893 998 906 913 995 991 997 895 971 968 965 919 903 948 882 915 963 961 891 936 952 977 992 904 950 958 986 934 926 888 993 931 985 914 943 996 886
112 952 901 987 917 914 904 999 893 983 906 894 973 969 887 947 981 936 907 956 912 925 891 896 980 994 916 984 972 937 903 885 958 940 986 922 945 991 996 918 911 924 951 970 929 975 949 954 992 960 931 995 932 979 988 966 976 946 889 908 899 990 953 933 971 974 895 965 919 935 942 985 886 957 897 950 882 926 1000 915 883 964 978 959 928 913 944 902 998 923 961 967 900 905 993 968 943 939 989 920 938 927 884 890 982 892 962 888 977 997 921 955 963
52 987 988 995 909 882 928 976 968 998 984 996 907 969 999 942 981 938 955 953 900 936 920 951 957 910 954 892 989 975 940 985 883 899 888 960 891 959 922 931 916 958 887 971 992 964 923 897 973 912 965 974 948
40 925 1000 937 945 915 900 997 932 891 894 979 930 911 958 918 992 946 994 939 916 936 955 929 985 967 972 912 987 989 963 995 980 969 986 928 887 888 944 917 954
117 966 912 914 947 948 929 937 972 984 942 975 927 990 884 910 994 933 961 999 906 928 995 954 989 983 956 971 909 962 921 911 894 986 977 979 895 963 953 923 917 925 965 943 893 907 905 887 900 946 993 938 899 935 916 968 969 897 924 926 967 904 976 978 902 952 892 992 915 964 919 955 888 889 997 940 960 939 1000 949 898 932 950 941 901 922 980 908 945 959 885 957 973 951 970 931 920 998 890 936 944 988 974 991 996 981 891 903 913 930 934 982 896 886 987 985 918 958
27 927 952 978 956 994 906 891 898 945 895 980 972 905 946 951 968 998 993 981 941 886 926 982 923 933 924 936
76 888 933 907 950 996 909 935 904 979 980 930 953 981 959 899 977 944 962 986 975 934 915 994 1000 929 948 960 893 985 976 886 890 999 940 956 943 973 900 951 917 920 891 978 969 905 992 941 932 993 989 967 939 928 913 894 923 925 926 965 984 887 897 970 937 974 908 921 947 924 982 919 954 964 952 958 931
78 920 922 935 907 955 903 895 924 983 984 1000 932 987 958 887 937 915 991 992 889 918 919 957 974 964 928 941 954 997 925 978 998 965 906 888 896 945 977 986 927 897 911 960 899 967 956 916 996 900 975 902 913 930 976 981 962 972 931 939 921 973 926 980 971 933 893 988 923 890 904 908 970 948 946 993 982 914 966
44 984 958 931 987 965 935 899 930 977 889 897 898 980 926 971 997 988 932 906 891 910 937 914 967 961 992 929 888 1000 901 976 927 953 915 981 923 936 951 946 952 974 970 890 940
61 909 962 999 956 945 902 947 996 984 948 931 915 900 918 993 981 995 930 934 971 965 974 987 921 906 943 991 912 979 940 970 920 975 919 960 895 938 978 926 932 928 966 992 997 897 922 952 898 925 968 985 954 1000 911 967 964 929 937 905 951 988
38 979 927 972 961 955 949 917 900 928 895 909 980 911 924 989 951 981 986 948 898 976 897 932 918 997 995 990 919 977 943 999 942 891 921 953 962 963 931
71 976 925 1000 894 893 989 903 982 998 954 971 977 930 921 993 938 892 948 945 917 926 914 932 992 902 918 924 957 940 961 935 907 929 953 916 964 943 955 896 895 970 908 923 991 898 962 911 906 952 990 946 905 996 947 960 980 999 919 973 972 995 910 936 959 979 981 983 969 966 897 974
70 926 933 998 927 1000 971 907 966 952 996 964 958 898 939 955 942 999 908 965 982 902 977 978 947 994 896 913 973 997 894 892 917 992 903 989 912 918 932 946 970 991 990 945 959 937 920 987 957 979 949 940 929 905 983 993 936 930 962 975 980 931 924 953 986 968 914 972 963 906 941
55 953 970 990 923 984 971 919 897 913 933 992 983 989 925 977 955 917 905 960 966 900 931 996 974 951 988 906 904 948 912 946 910 893 896 980 981 985 907 895 972 963 908 964 902 899 949 921 916 947 995 937 987 926 941 962
52 955 907 993 956 974 918 988 963 959 931 983 961 973 951 985 939 952 946 903 905 894 964 922 979 944 990 919 921 950 958 933 929 991 920 948 972 994 909 927 969 895 965 966 968 986 914 981 971 930 960 997 999
27 941 924 925 931 935 899 902 963 971 957 905 920 895 988 915 995 974 969 916 954 990 934 914 898 900 927 986
79 936 996 918 965 919 908 990 912 960 932 922 935 958 964 945 947 995 899 970 941 915 989 896 966 906 952 953 927 981 944 978 976 909 923 933 974 956 954 910 905 987 946 979 907 898 931 916 928 985 1000 943 988 920 921 948 938 975 911 967 973 914 925 994 969 971 949 977 962 998 993 940 986 903 897 997 937 957 900 951
85 938 923 997 949 950 991 988 943 924 898 962 978 910 912 906 958 961 916 919 969 986 920 931 902 929 913 985 979 939 993 915 995 901 941 911 977 946 975 999 908 971 960 952 945 967 964 998 909 937 966 935 930 994 954 982 992 963 956 904 968 947 940 936 942 917 957 925 914 926 959 972 989 907 944 990 1000 922 921 918 948 903 900 981 976 934
44 957 998 901 988 909 935 971 991 904 922 984 952 927 938 934 936 950 951 948 983 1000 908 969 953 916 919 974 931 979 999 900 985 959 987 962 973 940 903 977 945 898 907 980 970
2 931 924
9 936 965 953 907 911 989 978 981 926
90 914 902 990 928 959 921 947 993 932 961 920 977 942 904 954 955 992 982 998 910 978 971 966 937 985 908 967 956 994 976 963 907 905 918 996 906 980 952 972 933 951 987 957 1000 944 948 949 909 943 926 970 991 965 999 969 962 997 941 930 924 931 927 901 939 950 913 938 995 919 936 989 986 917 940 975 968 988 922 983 958 953 925 945 916 903 911 923 974 935 973
52 917 950 992 998 993 936 953 911 944 912 966 975 933 908 974 973 977 935 921 962 990 967 941 945 903 988 999 925 942 969 986 938 970 932 963 907 902 971 920 951 948 916 979 931 985 946 926 980 943 994 910 961
32 998 991 944 935 913 968 989 950 992 962 934 905 994 953 955 906 979 972 930 919 956 903 909 947 938 978 974 907 917 957 997 990
9 993 977 996 946 919 965 967 915 973
6 988 914 916 926 912 960
25 950 923 987 909 986 972 969 944 956 939 943 955 914 927 928 930 966 936 935 922 984 998 983 929 994
30 961 916 978 950 952 982 940 981 987 998 922 999 941 931 979 949 943 994 926 957 915 958 909 953 967 925 992 960 937 955
35 911 996 936 994 925 1000 949 916 990 933 987 915 914 945 943 931 940 971 947 973 972 922 997 991 951 918 960 967 953 929 959 976 986 954 988
34 915 947 954 996 987 945 912 963 926 993 949 973 933 980 946 998 967 927 939 934 942 975 914 991 922 982 962 958 941 986 995 938 978 957
32 922 956 997 977 967 955 996 975 986 994 924 935 989 912 981 999 918 930 931 966 1000 920 979 954 993 984 911 936 963 969 910 941
26 947 969 971 919 913 985 952 911 920 975 994 923 993 978 984 989 983 931 958 997 972 929 959 999 996 960
67 975 962 983 913 957 970 943 951 939 986 940 973 998 954 994 990 919 922 918 968 944 967 931 935 926 984 995 950 927 979 960 917 928 958 956 912 946 932 980 938 929 989 933 925 921 992 936 965 966 942 1000 985 920 974 972 959 969 977 924 937 949 934 923 982 930 952 999
2 943 985
8 946 971 917 945 973 922 967 981
28 974 994 965 923 995 999 960 946 967 917 984 948 969 955 940 968 985 982 915 956 920 919 987 953 958 991 942 950
50 921 934 966 991 932 982 950 942 948 965 974 975 919 993 953 946 994 985 926 956 996 961 951 930 943 939 955 959 981 989 936 969 918 941 931 967 924 940 979 978 920 971 968 937 983 984 976 1000 988 923
65 930 979 973 981 996 967 926 935 950 951 929 947 974 936 924 980 975 937 954 976 942 961 999 992 922 955 943 925 952 964 939 941 962 920 932 948 993 949 982 998 928 938 988 963 986 953 997 933 977 944 971 927 958 969 923 991 978 983 989 984 960 990 956 987 965
49 950 969 958 982 993 947 987 945 949 977 973 953 995 989 972 943 974 968 936 986 976 955 994 970 980 941 918 952 939 962 937 926 964 988 983 959 981 930 927 934 965 998 924 960 997 966 920 979 985
45 971 933 970 991 939 997 938 993 987 919 937 952 994 963 969 985 974 990 926 962 946 922 968 989 978 984 940 975 934 927 948 953 947 996 980 944 930 921 928 936 954 959 957 983 941
49 984 932 1000 963 997 924 990 949 927 923 977 948 960 946 967 947 945 980 953 969 936 974 991 950 970 921 964 962 978 925 955 929 959 930 937 995 956 935 940 987 979 994 944 920 992 941 968 934 972
70 924 978 994 964 986 961 968 955 926 984 948 992 966 938 931 945 981 933 946 995 976 970 965 974 934 922 929 940 985 957 936 960 941 947 975 996 987 973 952 942 923 930 935 980 990 944 982 927 951 925 962 969 983 937 953 954 972 932 950 998 1000 967 977 979 988 991 939 971 999 928
58 943 957 959 927 962 990 951 925 998 949 947 955 978 936 954 953 972 966 956 932 926 945 995 928 935 948 940 944 980 922 964 963 958 924 931 965 975 982 946 929 1000 997 970 974 967 984 950 934 961 976 938 941 923 994 988 973 930 933
67 983 962 992 952 930 976 946 972 999 934 940 986 949 997 964 968 978 960 974 943 990 924 928 959 933 995 975 970 993 950 923 973 977 969 941 953 966 931 984 967 991 961 971 926 994 979 957 929 954 937 981 1000 989 956 958 963 925 980 948 936 942 982 951 965 935 932 944
35 941 946 970 931 1000 944 951 995 988 953 933 930 939 979 984 934 992 994 928 957 978 987 949 998 963 993 938 927 952 965 925 954 973 974 940
34 955 978 942 980 971 957 990 986 959 999 983 964 946 945 982 934 1000 973 951 925 975 953 969 962 960 926 976 927 968 977 992 958 970 967
45 929 952 926 990 975 933 941 958 967 942 954 960 940 946 945 959 972 993 936 976 977 934 968 980 964 950 966 949 999 943 971 988 982 984 981 961 927 979 956 965 992 937 991 985 948
31 961 999 931 994 985 995 936 951 932 937 984 935 934 973 990 978 972 940 966 993 997 959 977 949 927 946 930 962 980 950 942
66 973 983 935 954 941 985 982 960 967 937 986 1000 978 974 971 947 930 957 980 979 949 990 931 953 933 989 975 998 932 928 963 995 996 999 948 993 952 959 951 939 958 997 977 968 956 966 969 972 943 994 946 938 950 929 991 944 987 934 964 970 965 936 984 961 988 981
43 974 951 970 976 962 944 994 963 935 968 952 982 936 981 931 929 933 987 938 989 955 980 941 958 959 947 937 950 964 979 971 942 992 1000 969 990 972 946 948 993 998 986 995
5 944 970 953 998 973
24 942 991 979 949 981 982 995 988 951 941 984 962 970 971 944 953 948 989 947 987 943 976 950 955
47 999 988 986 945 949 979 985 953 940 934 958 954 962 956 976 987 982 964 939 965 946 998 955 966 932 961 984 957 973 978 991 996 970 963 967 989 994 936 959 943 935 948 997 1000 993 938 942
20 942 944 971 970 956 948 955 939 953 991 957 989 964 946 981 934 977 982 995 973
22 985 982 989 937 943 947 979 992 953 948 952 946 950 955 951 997 939 936 968 984 942 976
66 949 1000 944 965 967 966 975 964 958 997 983 998 954 991 971 982 972 977 992 936 978 943 952 939 935 993 959 968 956 940 947 937 955 946 976 961 985 990 948 989 974 938 980 951 987 963 945 995 950 979 999 962 981 969 988 960 953 957 973 941 942 970 984 996 986 994
36 965 997 937 951 942 985 983 946 974 943 940 962 939 958 990 964 954 1000 944 987 956 952 993 969 963 978 966 941 959 938 976 994 936 986 999 989
19 952 990 951 941 985 965 962 958 993 940 974 968 953 988 954 982 960 959 991
11 946 945 944 957 980 973 962 938 982 955 949
60 981 994 949 976 950 971 961 968 991 975 947 972 959 977 965 985 978 962 990 993 1000 986 973 967 957 952 964 969 943 942 939 956 999 966 989 958 988 954 995 983 974 984 944 979 982 945 951 941 980 970 940 963 996 955 953 997 960 998 992 946
47 985 988 979 944 950 963 951 992 986 946 995 949 948 971 965 967 958 966 941 953 982 987 973 976 969 945 980 942 994 981 968 983 957 962 956 990 960 1000 972 999 984 970 977 952 964 998 989
42 992 941 996 946 942 968 984 991 962 986 997 954 950 987 979 977 965 969 947 960 990 985 957 998 970 967 966 982 975 994 953 943 956 989 964 952 958 971 980 945 951 973
18 966 985 992 957 942 1000 997 979 976 972 973 950 969 975 993 982 952 995
11 999 959 945 981 954 977 970 955 961 952 983
22 955 958 990 983 954 1000 953 998 972 948 974 995 971 959 960 984 962 964 996 947 956 978
52 948 999 996 975 955 959 971 998 970 952 954 990 993 951 977 949 976 950 969 962 997 995 984 1000 963 988 968 994 946 986 953 980 956 991 957 966 958 973 964 989 987 961 981 978 985 992 967 983 979 960 974 945
3 962 998 999
1 992
30 961 949 990 992 973 985 955 959 952 980 982 950 981 995 983 967 966 991 954 962 994 972 999 953 998 978 1000 974 960 993
42 988 986 950 974 992 989 968 967 1000 972 958 952 979 969 995 963 984 997 996 985 987 973 951 964 994 980 998 955 956 953 999 983 971 976 975 982 978 962 959 977 961 970
29 965 964 998 990 994 960 957 958 971 967 974 988 997 950 996 989 1000 995 962 973 984 980 956 975 991 992 951 982 955
10 991 954 974 964 976 957 980 997 975 977
45 994 965 989 995 960 990 966 981 955 980 977 952 956 996 998 954 959 992 970 997 983 991 963 986 982 975 988 968 958 964 953 961 999 974 1000 957 993 979 962 973 971 987 984 967 985
47 962 968 970 971 1000 989 974 973 959 965 993 954 990 979 982 992 995 961 969 994 967 997 956 972 966 985 988 983 964 987 980 981 978 957 998 963 996 991 986 976 958 960 984 955 999 977 953
34 962 978 992 972 964 983 968 988 971 997 974 991 980 995 987 965 979 966 999 994 975 956 982 981 973 954 989 959 955 990 963 993 998 976
43 962 978 992 995 988 964 996 958 961 980 982 974 977 976 997 981 956 969 1000 986 968 966 994 998 960 973 990 971 991 993 999 975 967 955 970 963 979 957 989 965 972 984 983
4 997 982 968 985
26 984 961 992 981 987 995 975 990 999 996 980 986 960 958 973 1000 972 993 968 970 966 991 969 962 977 979
12 965 969 968 987 961 998 964 972 975 973 999 988
24 970 985 959 967 963 966 968 994 995 984 973 981 965 999 980 974 971 979 990 997 975 964 976 991
21 994 967 974 998 962 961 978 985 970 990 969 987 979 995 980 986 996 984 968 989 973
38 1000 961 994 991 974 966 964 989 981 992 986 968 969 982 995 970 990 988 967 971 972 977 987 998 976 980 963 999 973 997 979 965 996 978 984 985 993 975
21 986 993 969 985 998 977 984 981 1000 962 996 991 965 980 990 976 966 994 995 983 982
22 993 980 975 999 979 994 987 968 978 997 965 973 998 995 990 989 996 966 981 983 992 988
26 984 997 981 998 973 1000 974 968 980 993 975 986 966 989 964 970 978 965 972 999 988 971 985 982 987 992
2 981 994
10 974 976 980 983 977 971 993 988 972 1000
10 993 971 997 987 967 975 968 992 983 991
21 969 986 974 988 977 970 978 987 983 994 982 992 973 998 989 979 990 1000 968 971 972
5 976 993 972 975 980
23 971 990 985 972 984 987 970 989 997 993 986 994 992 996 999 973 980 976 983 1000 981 977 974
27 972 983 996 988 986 979 992 994 976 978 982 985 975 995 984 973 993 1000 980 971 991 977 999 987 990 998 997
5 994 988 991 996 974
22 985 993 990 976 979 984 988 997 986 975 994 981 998 995 991 992 982 974 999 977 978 996
6 983 975 980 997 992 993
6 994 1000 993 992 988 999
6 984 985 997 995 988 989
8 994 984 999 988 989 991 993 998
9 979 982 997 983 978 993 996 990 992
13 1000 994 999 983 995 980 988 979 989 996 991 982 992
11 987 980 999 989 998 982 981 997 1000 993 986
16 981 991 993 989 995 996 1000 982 988 986 997 994 987 990 998 984
3 995 997 992
6 983 1000 998 986 992 989
7 993 995 990 1000 987 985 988
15 985 992 995 998 996 988 997 991 993 986 1000 990 994 989 999
14 986 994 995 993 997 991 989 1000 999 998 992 987 990 996
10 994 988 991 999 995 1000 996 987 990 998
10 1000 989 995 996 988 998 999 993 997 992
5 993 1000 991 997 992
4 996 998 994 999
6 1000 995 997 998 991 993
6 994 997 999 1000 996 995
6 1000 998 994 996 999 993
3 999 997 996
4 997 1000 998 999
2 996 1000
1 997
2 1000 999
2 999 1000
1 1000
0