4848 4854
9062 9065
7358 7362
8470 8473
3157 3167
6239 6241
15598 15600
4207 4209
4373 4376
9332 9335
2325 2327
12038 12040
12229 12231
15152 15156
8222 8227
11079 11082
13825 13827
3398 3401
372 374
5381 5384
6526 6534
7727 7730
7088 7093
7035 7040
8944 8948
14805 14808
4241 4244
3425 3427
13655 13657
5174 5176
5704 5706
1283 1286
14048 14052
13956 13959
9602 9605
2529 2531
3187 3192
8912 8914
6322 6324
15965 15969
15596 15598
14850 14852
964 967
539 542
8282 8289
5223 5228
2997 3001
4047 4050
7767 7771
7745 7747
14963 14965
6300 6302
3483 3485
8579 8582
894 897
1522 1525
2584 2588
14311 14314
2707 2709
12739 12741
14900 14907
13693 13695
1611 1615
15586 15588
13586 13589
9497 9504
6949 6955
10569 10571
8481 8483
11114 11118
15377 15379
9921 9925
6050 6052
14161 14163
2896 2899
4784 4788
13563 13565
5247 5250
8960 8965
858 861
14244 14247
2145 2147
5928 5931
8895 8898
11497 11499
8153 8156
468 471
2044 2046
1100 1102
4985 4987
7500 7502
9942 9944
202 205
3540 3542
89 96
14261 14264
1244 1246
15196 15200
8333 8335
5166 5168
3563 3565
9364 9369
14179 14181
8463 8466
14606 14608
12880 12882
1924 1929
10968 10971
234 237
4269 4273
8045 8049
15406 15409
12074 12080
5330 5333
13313 13316
1922 1924
1819 1822
4315 4317
10129 10131
8282 8289
7898 7905
7571 7577
13722 13725
12201 12205
9198 9200
3611 3613
3387 3390
10135 10138
13228 13230
14181 14183
13350 13352
11412 11415
5765 5767
9200 9203
2915 2917
12107 12109
9901 9903
12756 12758
1909 1911
5800 5804
14054 14060
11578 11582
12786 12790
9084 9086
344 346
1619 1622
705 707
4312 4314
9529 9533
11843 11845
11544 11547
6743 6746
9148 9151
11834 11837
15726 15728
12036 12038
11493 11495
14121 14125
5071 5073
11534 11540
1507 1510
3010 3016
9042 9045
11695 11697
7745 7748
1593 1596
51 53
12064 12069
10045 10048
4103 4108
8144 8147
8578 8580
8124 8126
12567 12570
12051 12055
8231 8234
15489 15491
1605 1609
1631 1634
12039 12041
626 631
11090 11092
11066 11071
12959 12963
15400 15402
11023 11025
4927 4931
2375 2379
3755 3758
8138 8140
6726 6729
1301 1304
7745 7747
5345 5347
5298 5301
15566 15570
13312 13316
12878 12880
12709 12713
6973 6980
3433 3435
7424 7428
13371 13374
14749 14756
11927 11929
1593 1595
14031 14033
14187 14189
8049 8051
15184 15188
13445 13449
2874 2877
6721 6723
14803 14805
1459 1465
766 770
7474 7478
10203 10205
708 711
9854 9856
9094 9098
6001 6004
13456 13458
12740 12745
12359 12363
9127 9134
15260 15263
6417 6421
11389 11392
13903 13908
8631 8633
15448 15451
1239 1241
12253 12255
11175 11178
15788 15791
14072 14075
12268 12270
2874 2877
14863 14866
14329 14331
1725 1727
377 380
9534 9537
13233 13238
8705 8709
9443 9448
8827 8830
11049 11051
11213 11215
4035 4037
5090 5092
12288 12290
13976 13978
3941 3944
11858 11862
7762 7764
9247 9255
9247 9255
1915 1917
15319 15326
5420 5424
8624 8626
14500 14504
6088 6091
11195 11198
3024 3026
7081 7083
5468 5472
5289 5291
10949 10952
12384 12386
11138 11141
12689 12693
5145 5148
7509 7511
924 928
2810 2814
2754 2758
1260 1262
2437 2439
6986 6991
11389 11391
4412 4414
10496 10498
8208 8210
11953 11957
2212 2214
7022 7026
14185 14189
13400 13403
10184 10186
6206 6209
11826 11830
10356 10362
7898 7905
5063 5067
6638 6640
5147 5150
6526 6532
8327 8331
13807 13809
3262 3268
7684 7687
7223 7227
4127 4130
6382 6388
916 920
4383 4385
15586 15588
11530 11532
15226 15229
13368 13371
12293 12295
15162 15164
10916 10918
9118 9120
5447 5451
16101 16104
14574 14576
13435 13437
11983 11988
201 204
11094 11098
16095 16098
15366 15371
9525 9527
14800 14802
7492 7494
3706 3709
8354 8358
186 188
8876 8882
15552 15555
200 202
9204 9206
8872 8874
13855 13857
5253 5255
1722 1724
1809 1811
12099 12101
11484 11487
1861 1863
4494 4501
3467 3469
10731 10736
2764 2772
15109 15114
9779 9781
1675 1678
14175 14178
13810 13812
7725 7730
3475 3478
7854 7856
168 171
2952 2955
10296 10298
7385 7388
13982 13984
14599 14602
15536 15538
548 550
3992 3994
10409 10411
13626 13628
2517 2519
11419 11421
3542 3546
7587 7590
5200 5203
13951 13953
10278 10284
12621 12625
15010 15014
6134 6139
14197 14203
2945 2948
2852 2856
13772 13776
14133 14135
13235 13241
2201 2207
12884 12890
2324 2327
11871 11874
13454 13457
11409 11411
4771 4775
2565 2567
4683 4687
2279 2282
1624 1627
5965 5968
11725 11728
11040 11042
13605 13609
14927 14929
6495 6500
7916 7920
4176 4182
6234 6236
2626 2629
9866 9868
14060 14063
15317 15319
3863 3866
72 75
5206 5208
7346 7348
6939 6943
530 532
1656 1659
9899 9901
805 807
3079 3084
5606 5611
8944 8947
5027 5035
4629 4631
3117 3119
7205 7209
2747 2752
3971 3976
3936 3938
13361 13363
13645 13651
10322 10324
12991 12995
2035 2037
10616 10620
3115 3117
9605 9610
13612 13616
5819 5822
15416 15418
7187 7191
4533 4535
3090 3092
1850 1853
3415 3420
6303 6305
8395 8397
7905 7907
5519 5521
11656 11658
5364 5367
14826 14828
13873 13879
855 858
9285 9288
1010 1012
928 930
744 746
15169 15171
5390 5392
6325 6329
2343 2346
4095 4097
8137 8140
11057 11059
4378 4381
519 523
791 793
1400 1405
10849 10853
9059 9062
12253 12255
3872 3875
2415 2417
8205 8208
10403 10407
10473 10478
5868 5871
11793 11795
1476 1480
5850 5853
13466 13470
5991 5994
8289 8292
10131 10135
5844 5847
11464 11471
2201 2206
14703 14707
5982 5984
2140 2142
7705 7708
15784 15788
5986 5988
13913 13915
1246 1248
2170 2173
1199 1202
2132 2134
9955 9957
7227 7230
6730 6735
1658 1662
8985 8988
15328 15333
8663 8666
10835 10838
15798 15802
12884 12889
2022 2024
9583 9590
4779 4781
8273 8276
11409 11412
1711 1713
12619 12621
9829 9831
4586 4592
6705 6708
9631 9633
6134 6138
12631 12637
2658 2661
3212 3214
5517 5519
1828 1830
7622 7625
8889 8892
2331 2333
1033 1039
3778 3781
14150 14153
7048 7051
8016 8020
9717 9719
1377 1379
12732 12734
2984 2987
3083 3085
7105 7108
5452 5458
9283 9287
4679 4682
9247 9255
12957 12959
14677 14679
4361 4363
225 229
1646 1649
6106 6108
10555 10557
2629 2631
15080 15083
5223 5228
2253 2259
3072 3075
3577 3580
12266 12269
9854 9856
13930 13932
11210 11213
2674 2678
1445 1449
7545 7549
9386 9389
8530 8533
12523 12525
9998 10000
2201 2206
10247 10249
10320 10324
4265 4269
8205 8208
8690 8693
1138 1141
11753 11755
705 707
8038 8041
14637 14639
11674 11677
4866 4868
2667 2669
5027 5030
14725 14727
6382 6389
15992 15996
6848 6850
12372 12375
2533 2535
5509 5512
3403 3408
3485 3488
11293 11298
6032 6039
651 653
14747 14749
11504 11508
8327 8331
6211 6213
8648 8650
15140 15146
5412 5414
6021 6025
1510 1513
12578 12584
1695 1698
854 856
13195 13200
8310 8312
4615 4620
5234 5236
13361 13363
10007 10013
10009 10014
8398 8402
1744 1747
13220 13223
3641 3645
13030 13033
8764 8769
8518 8524
8898 8901
6735 6738
10932 10935
6672 6676
14945 14948
7532 7536
15576 15578
14208 14210
10505 10508
6425 6428
14305 14310
10500 10503
10786 10789
10427 10429
8395 8397
14900 14907
11233 11235
11912 11914
4426 4429
7211 7217
9297 9299
4615 4620
1882 1885
2067 2070
6534 6536
6808 6813
5320 5324
6730 6735
10668 10670
528 531
8764 8769
14558 14560
416 422
10210 10213
3072 3074
12322 12328
751 754
13984 13986
10572 10578
6300 6303
11663 11666
4900 4903
1505 1507
221 225
13230 13235
8063 8072
7155 7157
8305 8308
15312 15316
9042 9045
8080 8082
5067 5070
1520 1522
7779 7781
4888 4894
9151 9154
14161 14164
14764 14766
3473 3475
8690 8695
12354 12359
1457 1459
11566 11570
12186 12188
10932 10934
7953 7957
4315 4317
9643 9645
1181 1183
9811 9816
14920 14923
11889 11892
8200 8204
9031 9033
9730 9733
10088 10091
12676 12680
11046 11049
4254 4257
1966 1968
5162 5165
1799 1802
12959 12963
10324 10329
6961 6963
1510 1512
1043 1046
12011 12014
11024 11026
12233 12237
12861 12864
4307 4309
13645 13648
9151 9153
10393 10396
15320 15326
14785 14789
4229 4232
9925 9929
1585 1589
14538 14541
9647 9650
1797 1800
14896 14899
10410 10413
248 252
11959 11965
6555 6558
12892 12894
15269 15272
10451 10453
12112 12115
15966 15969
8952 8954
9057 9059
9354 9356
7733 7736
7210 7215
15619 15622
13948 13950
9956 9958
3172 3174
3824 3828
7068 7070
7207 7209
150 153
6341 6343
6219 6223
6715 6717
5180 5184
3640 3645
1751 1753
2901 2903
3542 3549
12579 12584
15898 15901
14822 14824
1175 1177
13682 13686
11326 11330
11628 11630
12184 12186
11460 11464
2070 2074
14567 14570
2119 2121
13377 13379
5575 5578
1032 1036
3844 3846
6066 6069
6755 6757
1505 1510
4291 4293
3134 3137
8150 8152
10922 10925
12271 12273
248 253
2671 2673
6062 6064
11235 11241
12496 12501
2025 2031
11079 11082
10496 10500
13800 13806
8315 8318
13313 13316
10325 10332
13385 13389
3066 3071
10142 10146
15353 15357
11964 11967
4634 4636
15482 15484
2401 2403
3489 3491
129 131
5963 5965
12944 12947
3981 3983
8823 8826
4597 4604
14332 14334
14386 14391
11222 11227
4172 4175
9896 9898
7932 7934
15938 15940
11686 11690
3274 3276
8747 8750
15209 15213
9468 9471
5381 5384
10658 10664
9430 9433
10599 10601
14173 14175
11925 11927
4141 4144
1007 1009
206 212
8882 8884
6876 6879
8762 8766
11994 11999
1827 1830
10931 10934
2834 2836
13400 13403
12567 12570
11272 11274
5081 5083
15675 15680
11651 11653
9141 9146
10544 10547
13284 13286
2056 2060
11566 11570
15556 15558
13916 13918
13857 13861
4994 5002
984 988
14161 14163
13095 13098
15106 15108
11002 11004
7596 7599
6955 6960
10843 10847
13002 13004
9443 9448
12093 12095
4122 4126
6872 6876
10009 10013
10626 10631
15019 15023
1030 1032
4730 4732
16096 16098
7155 7157
9459 9464
7658 7660
9669 9671
3552 3556
8138 8140
7119 7122
7398 7401
7283 7286
2193 2196
3420 3423
7884 7886
13274 13277
2201 2206
7072 7074
7755 7759
8666 8669
4232 4234
15348 15350
12352 12354
13661 13666
14893 14896
14908 14912
7326 7328
6312 6316
1387 1389
1268 1273
3504 3506
9512 9515
8932 8935
15945 15947
10589 10592
1811 1813
8502 8505
8879 8883
9141 9146
2145 2147
10487 10489
12600 12602
588 591
7013 7018
15941 15944
9559 9561
14912 14917
7890 7892
8447 8450
5432 5435
10125 10128
3050 3053
10189 10193
11928 11930
14536 14538
12947 12949
12626 12630
1569 1572
10279 10285
8220 8222
11925 11928
10050 10054
6960 6962
8103 8107
14935 14937
5514 5517
2022 2024
15092 15095
10681 10685
11201 11206
3662 3664
7723 7725
3844 3846
11641 11646
9577 9579
684 689
15153 15156
671 674
10074 10076
12172 12174
14749 14756
10320 10322
12133 12135
320 323
10479 10481
13687 13692
13719 13722
13554 13556
4037 4040
13661 13666
14147 14150
5544 5546
1206 1209
6888 6890
1214 1218
11953 11959
7014 7018
13533 13536
12729 12731
5727 5732
7009 7012
13 18
5437 5442
14912 14917
3756 3758
7529 7531
11079 11083
5344 5347
15934 15940
8957 8959
9724 9727
8614 8620
9109 9113
9116 9118
4735 4738
14884 14886
3302 3304
8826 8829
11674 11677
5090 5092
581 583
11789 11793
548 550
3796 3799
6542 6544
1025 1028
1211 1214
2417 2420
7379 7381
15988 15990
974 976
14888 14891
5979 5982
11320 11324
5751 5753
3748 3751
988 992
2549 2553
916 920
5903 5905
13429 13431
11810 11812
2104 2108
693 696
4912 4915
6426 6428
8727 8732
7916 7919
11575 11578
10883 10886
3055 3059
13987 13990
12284 12287
5168 5170
6096 6098
1542 1544
3284 3286
9241 9244
186 188
2153 2155
13768 13771
13332 13334
14728 14730
5526 5528
13061 13063
8371 8374
5548 5550
5263 5268
10754 10758
1211 1213
6417 6420
2473 2475
1067 1076
15152 15156
1875 1879
1015 1017
8956 8958
9071 9075
3882 3885
10809 10812
12802 12804
7319 7321
6876 6879
2096 2098
7996 7998
518 523
3113 3115
1115 1120
11250 11253
10059 10062
7823 7826
3488 3491
11419 11421
4885 4887
12786 12790
15131 15133
7875 7880
15475 15481
8654 8660
14171 14174
7590 7593
2634 2636
8612 8614
11161 11163
5757 5760
12276 12278
4277 4280
4789 4791
4735 4738
2529 2531
9220 9222
2280 2282
4486 4488
11878 11880
11235 11241
9047 9050
391 393
932 937
13491 13493
10621 10625
10806 10808
1921 1923
15621 15623
15182 15184
2227 2230
15396 15399
11293 11298
4938 4941
10592 10594
11473 11477
8299 8301
15226 15230
12993 12996
8354 8358
5718 5721
7775 7779
15929 15934
9095 9100
5424 5428
6097 6099
13655 13657
9712 9715
440 442
12064 12069
1843 1846
11120 11122
7868 7870
11046 11049
4347 4349
5394 5396
10230 10233
1028 1032
8586 8588
14555 14558
597 599
3751 3753
4138 4141
507 510
5142 5144
2852 2856
12379 12381
11785 11789
754 757
15531 15536
1082 1084
7528 7530
9136 9139
14189 14193
467 471
2671 2673
13120 13122
4486 4490
10953 10958
14517 14520
13956 13959
12142 12144
11185 11191
14100 14103
5204 5208
5512 5515
333 337
5232 5234
6229 6231
3849 3852
7466 7469
12023 12027
12602 12604
15671 15673
11629 11632
4851 4854
15702 15708
10325 10329
6955 6960
3959 3962
5162 5165
1592 1595
15660 15663
14416 14419
6848 6850
12130 12132
12457 12459
3486 3489
2781 2783
1558 1560
4519 4522
1411 1414
13107 13111
4846 4848
14414 14416
6070 6073
5425 5429
4835 4837
8837 8843
5447 5451
12130 12132
9067 9069
2456 2459
10633 10635
3193 3196
15646 15648
4157 4162
14396 14398
6960 6962
1778 1781
445 447
15783 15788
5397 5401
3897 3899
160 163
899 906
14121 14127
4765 4768
4992 4994
8896 8898
14035 14038
282 286
8586 8588
12804 12808
5554 5559
6496 6500
7373 7379
539 541
9018 9020
1490 1492
684 689
15471 15475
8904 8906
337 341
4261 4263
9549 9553
14631 14633
8012 8015
14080 14083
664 666
15559 15562
9386 9389
7811 7814
10097 10100
15976 15979
13533 13535
6022 6025
12273 12275
3671 3674
10942 10945
2424 2427
14288 14291
6320 6322
7672 7674
5883 5885
2392 2396
11293 11298
15491 15493
13371 13373
2598 2601
4985 4987
8160 8162
9772 9775
12843 12846
10682 10686
12263 12266
2569 2572
14153 14156
1560 1562
13230 13235
10533 10538
8219 8222
676 679
4134 4137
15274 15277
5592 5594
1503 1505
4441 4443
15566 15570
7775 7780
3368 3370
8666 8669
5921 5924
653 656
11923 11927
3096 3100
14401 14403
9269 9271
15265 15267
6455 6457
6495 6500
15261 15264
287 294
2254 2262
14332 14334
8020 8023
6863 6869
3276 3281
4060 4063
7111 7116
3901 3903
3766 3770
10447 10449
6017 6021
2863 2866
707 710
4541 4543
7263 7265
1300 1303
2533 2535
9581 9589
3187 3192
241 245
8762 8766
5482 5485
1307 1314
8764 8769
11666 11669
12396 12398
11431 11435
7210 7215
665 668
15670 15672
10583 10587
13015 13018
3002 3006
11691 11694
6367 6369
11772 11774
5642 5645
12552 12555
15761 15765
12702 12706
3096 3102
5921 5924
4465 4468
4466 4469
7474 7477
13332 13334
13373 13375
1097 1100
4693 4698
6142 6147
5706 5708
4131 4134
13561 13563
5324 5329
15053 15055
2997 3001
3047 3049
9730 9733
3550 3552
12579 12584
2442 2445
15929 15933
3749 3751
10637 10639
12796 12801
6640 6644
10325 10329
9139 9142
5206 5209
1459 1463
14972 14975
6538 6541
7306 7308
14810 14812
5022 5027
12074 12077
11030 11036
9616 9618
5054 5057
13781 13784
988 991
6876 6879
1709 1711
15482 15485
3395 3397
4751 4754
6415 6420
635 639
14125 14128
14789 14791
15080 15083
6650 6652
9523 9526
8525 8527
9007 9014
5384 5386
11132 11137
14900 14907
14999 15001
4108 4111
6199 6204
15626 15629
1260 1262
2029 2031
7911 7914
829 831
3532 3537
8927 8930
12310 12312
2975 2977
3143 3145
6770 6772
2802 2804
14877 14879
2062 2067
15231 15234
4361 4363
2128 2132
14997 14999
3305 3307
4904 4906
12567 12569
12851 12856
11662 11665
2167 2169
7920 7927
7426 7429
2263 2265
10112 10114
5522 5525
8697 8699
2558 2560
1754 1758
3555 3559
12157 12160
7443 7446
1631 1633
1601 1603
9832 9835
12276 12278
14633 14636
8399 8404
7066 7068
1314 1317
7180 7183
9775 9778
7227 7232
10385 10390
15740 15742
5946 5950
4902 4904
3532 3537
7209 7211
3074 3076
6415 6417
14948 14950
14921 14923
1153 1156
6054 6057
5832 5834
924 927
14038 14041
7215 7219
6886 6888
3518 3520
12359 12362
10691 10693
8256 8258
2282 2285
7477 7481
14937 14941
8402 8406
7215 7219
190 193
2020 2022
12259 12261
6409 6412
2802 2804
13403 13406
9488 9493
10462 10466
8243 8245
2 4
12985 12988
13460 13462
3951 3953
5833 5836
1634 1637
2333 2336
6210 6213
2649 2656
4570 4573
7695 7700
3532 3537
1504 1507
1380 1383
3521 3524
2900 2902
14017 14019
3352 3355
10856 10859
3962 3966
9543 9548
6480 6484
14875 14877
11155 11160
3967 3974
1429 1431
4354 4358
1324 1326
5105 5107
2883 2885
2991 2995
13316 13318
10545 10551
2386 2388
750 754
14988 14992
14820 14822
698 700
13512 13515
10165 10168
2549 2553
16060 16062
7563 7566
4545 4550
5924 5926
14554 14556
4170 4172
2723 2727
4631 4634
6620 6623
6235 6237
1605 1607
4529 4533
11201 11206
2460 2462
14485 14488
7111 7115
9415 9417
983 988
5886 5890
11755 11757
4793 4796
4336 4338
3869 3875
1393 1395
4006 4011
3056 3059
13433 13435
10121 10128
10505 10508
7435 7437
4779 4783
15394 15396
8399 8402
15334 15337
3852 3858
12103 12107
6232 6234
7584 7587
33 36
10258 10265
4140 4144
15109 15113
10300 10306
11769 11772
14164 14167
11984 11988
15285 15288
6635 6638
15893 15896
14220 14223
12388 12392
8838 8843
6480 6484
16077 16079
15106 15108
3821 3823
6526 6534
3371 3375
10819 10828
6378 6380
9219 9221
1589 1591
3469 3473
6819 6821
7407 7409
3358 3361
14329 14331
4494 4501
4479 4481
118 121
10547 10551
4767 4769
10453 10455
1441 1443
4708 4716
12510 12512
15733 15736
9506 9509
15147 15152
12844 12847
2193 2196
15122 15124
3759 3762
9221 9224
3962 3966
12441 12443
6487 6491
3720 3724
3883 3886
2040 2044
10570 10572
3108 3113
7417 7420
1248 1252
1541 1543
1203 1205
4969 4971
6159 6162
1675 1679
13873 13879
3616 3619
13557 13561
10427 10429
7521 7524
4475 4478
1905 1908
3834 3836
1823 1827
5894 5897
7749 7751
4157 4161
10900 10902
9579 9581
8942 8947
3648 3650
13479 13482
6709 6712
12786 12791
10583 10587
4182 4184
11419 11421
252 255
7868 7870
12041 12043
2837 2846
1268 1275
3748 3751
4468 4470
8005 8009
12764 12766
5381 5384
715 719
6902 6906
13459 13461
9296 9298
8794 8796
5684 5691
12530 12533
4176 4182
13932 13934
5712 5716
10382 10384
13420 13423
8258 8260
2216 2219
9224 9226
12354 12359
13006 13011
6522 6524
13195 13201
2045 2047
8041 8044
7671 7673
4528 4530
9760 9763
15515 15518
14243 14247
1903 1907
16091 16094
2803 2805
31 33
12556 12558
4999 5002
10947 10949
11409 11411
1229 1231
3792 3795
14330 14332
15320 15326
10341 10344
13358 13361
4457 4459
1124 1127
4157 4162
2259 2263
8332 8334
6496 6500
12399 12401
2090 2092
4361 4364
11106 11109
7079 7083
15859 15861
13578 13581
6199 6202
12734 12736
10217 10221
10819 10827
3571 3574
12178 12180
10206 10208
854 856
10151 10154
8614 8619
1642 1645
2598 2600
14054 14059
7816 7819
15239 15241
2926 2930
1049 1053
11758 11761
1399 1405
5081 5083
8029 8033
2494 2496
2414 2416
3875 3877
15803 15805
11109 11111
8054 8063
15783 15788
14528 14530
13475 13478
6524 6526
14872 14875
11222 11225
946 949
9040 9042
2253 2259
11 13
10602 10605
11634 11637
14735 14737
5743 5745
638 640
3846 3849
1576 1582
15578 15581
400 402
12064 12069
3501 3504
10032 10038
12931 12934
8654 8660
7909 7911
10434 10436
15692 15694
13052 13054
8051 8055
7721 7723
3387 3390
7178 7180
10522 10525
11544 11546
13605 13609
11324 11326
11860 11862
10351 10353
5496 5500
5060 5062
11930 11934
14592 14594
11496 11499
10142 10146
8800 8802
6746 6749
5580 5583
751 754
15500 15507
9593 9595
13475 13477
14707 14712
4545 4550
11690 11694
8669 8673
13934 13938
8607 8610
2349 2353
7187 7191
1110 1113
15621 15623
11728 11730
4615 4620
12207 12210
12250 12252
9811 9816
2610 2614
11877 11880
982 984
9955 9957
8666 8669
15482 15484
2748 2752
10196 10203
9102 9104
11925 11927
5045 5047
3865 3867
6526 6534
3823 3825
13084 13087
11684 11686
12944 12947
9785 9789
14485 14488
14952 14954
2301 2305
5487 5491
6876 6879
9872 9874
1624 1627
6415 6417
1030 1032
1456 1458
12748 12750
14501 14504
5021 5027
9925 9927
8715 8719
8374 8376
10533 10538
2375 2377
1885 1887
8115 8118
6949 6955
8051 8054
4559 4561
6503 6506
3469 3471
11718 11723
8533 8535
4062 4064
2329 2331
4189 4191
7035 7040
8396 8398
16095 16098
3940 3943
3237 3239
13999 14002
5530 5534
4281 4284
14560 14562
14181 14185
15182 15184
10050 10054
13223 13227
146 149
8440 8443
8711 8714
3808 3810
1649 1651
6472 6475
530 532
3331 3333
14974 14976
2861 2863
164 166
12997 12999
7116 7119
14855 14857
784 787
5190 5196
7667 7669
15381 15384
9729 9733
10772 10776
2451 2455
12674 12676
10131 10135
13935 13938
9858 9860
2958 2960
11858 11860
6480 6484
14798 14800
11596 11598
11795 11799
13773 13776
6765 6768
4063 4066
13672 13674
12574 12577
14252 14255
7720 7722
6295 6298
6570 6573
6492 6495
15942 15945
15999 16002
13497 13501
1174 1177
3053 3055
6445 6447
6904 6907
7822 7826
4211 4214
1247 1250
2148 2151
4751 4754
1636 1638
14217 14223
4185 4189
15373 15375
2182 2184
15556 15558
10112 10114
13974 13978
5802 5804
3977 3980
12460 12466
447 452
6132 6134
5607 5611
12909 12912
3415 3420
13145 13147
12969 12971
13822 13824
6139 6141
13962 13965
15004 15008
3343 3345
6466 6468
13709 13713
3346 3350
11595 11598
7313 7319
6554 6558
11684 11686
1849 1852
8098 8102
3104 3108
9816 9818
1199 1201
7372 7378
9127 9134
5716 5720
13972 13974
10682 10685
2536 2538
7166 7169
14386 14390
4103 4111
15128 15131
3443 3445
4553 4558
10483 10485
14547 14551
14588 14591
14424 14426
9395 9398
19 22
1440 1442
12312 12316
15328 15333
10980 10983
10742 10744
2670 2673
15358 15361
8427 8430
11247 11249
10393 10396
11175 11178
15035 15037
99 102
11279 11282
7211 7215
6098 6105
15997 15999
13358 13361
12572 12574
13687 13692
7625 7630
15397 15400
1705 1709
11612 11614
5676 5678
9603 9610
13903 13908
4977 4980
12702 12706
4298 4300
7486 7488
10707 10710
12640 12645
4981 4983
6013 6015
805 808
9921 9925
232 237
2577 2581
280 282
9332 9335
2587 2590
1948 1950
8567 8571
5237 5239
3066 3071
7467 7469
3363 3365
306 309
12110 12112
11696 11699
15623 15625
10144 10146
2227 2230
14368 14370
8361 8364
9207 9210
8209 8211
3859 3861
216 218
14283 14285
122 127
3766 3770
9605 9610
12155 12159
11713 11715
7816 7818
15089 15091
13547 13549
15462 15465
15060 15062
12141 12143
13273 13275
996 999
14439 14446
10859 10862
16080 16084
13249 13254
13423 13425
14368 14371
15660 15663
970 972
14563 14565
7453 7455
13849 13852
11416 11419
8741 8746
11544 11546
15320 15326
1106 1108
11540 11543
10100 10103
12379 12381
7658 7660
11303 11307
5811 5815
12083 12085
7681 7683
1737 1740
10518 10521
2216 2219
116 121
2497 2499
6676 6680
1350 1354
5846 5848
4940 4942
6192 6196
8190 8194
12085 12088
4172 4174
14303 14306
5236 5238
7968 7970
12039 12041
3258 3260
712 714
462 464
11594 11596
2170 2173
5903 5905
7887 7892
13441 13443
4683 4687
15193 15196
13327 13332
79 82
11172 11174
3609 3611
13469 13471
10968 10971
7684 7687
15273 15277
1288 1291
14852 14857
12261 12263
1211 1214
5857 5860
9897 9899
435 437
13259 13261
12386 12392
648 651
9930 9936
14541 14543
7971 7973
10392 10396
11713 11717
6998 7004
11885 11888
9058 9062
14145 14147
3405 3408
2293 2296
12204 12206
14805 14808
13343 13346
1656 1658
12214 12217
13464 13466
14880 14884
5482 5485
10397 10400
10125 10128
12980 12984
15666 15668
4055 4060
6239 6241
11378 11381
2035 2040
5307 5312
9873 9875
5548 5550
15762 15769
7074 7076
8855 8860
8134 8136
10009 10014
2170 2174
11168 11170
2920 2922
2560 2563
7151 7155
11075 11077
15020 15023
13456 13458
606 610
7908 7910
11967 11969
4535 4539
3092 3096
7463 7465
2943 2945
10895 10899
6106 6108
4457 4460
13058 13061
10908 10911
7368 7372
8988 8992
7757 7760
645 648
6558 6560
3467 3471
11215 11217
10704 10707
8470 8473
1412 1414
7155 7157
1466 1468
6251 6254
12509 12511
140 142
15000 15002
2641 2647
11976 11979
13822 13825
1191 1195
5631 5633
7973 7977
4141 4144
4689 4691
13842 13844
14295 14299
5090 5093
10536 10540
6742 6745
2201 2207
6292 6295
4771 4774
7898 7905
8107 8110
11612 11614
683 689
8267 8270
6097 6099
4894 4896
5050 5056
3096 3100
11227 11229
2748 2753
7823 7829
8606 8609
12884 12890
9605 9612
9983 9985
11336 11338
10953 10958
15642 15646
13522 13525
6703 6705
14606 14608
15417 15419
12809 12812
14896 14899
10411 10413
12080 12083
10325 10329
5132 5135
2738 2740
6725 6727
9504 9507
10229 10233
11625 11627
4364 4367
10175 10178
15441 15445
13219 13223
7175 7179
10420 10425
5022 5027
7742 7744
13841 13844
11429 11431
3551 3555
7053 7055
5534 5536
6422 6426
7739 7742
3833 3836
15175 15177
15556 15558
9332 9335
12410 12412
8932 8936
8835 8838
5592 5594
12991 12995
8154 8156
14804 14808
14774 14779
4141 4151
2037 2040
13710 13713
5811 5813
4880 4882
6435 6439
11102 11104
12556 12558
9962 9964
3498 3500
2474 2476
2460 2462
248 252
8045 8049
5345 5347
10713 10715
15525 15528
10246 10249
4133 4137
3624 3626
6778 6781
386 388
5684 5692
13117 13120
2375 2377
4223 4227
8557 8560
5811 5813
7813 7815
10920 10922
6277 6282
13766 13768
15754 15756
11605 11611
11691 11694
7789 7791
10921 10925
8332 8334
8748 8751
7223 7230
8412 8417
15529 15536
2349 2355
280 286
4463 4465
9921 9923
6183 6186
1646 1649
10187 10189
1788 1791
4692 4698
12471 12473
8567 8569
5871 5875
4788 4790
6321 6323
8815 8819
5345 5347
10676 10678
11009 11016
6317 6320
16075 16079
7193 7196
9169 9171
13480 13484
3967 3971
16018 16022
4336 4339
7413 7415
1624 1628
8214 8217
13137 13139
13160 13163
9148 9151
15815 15817
6326 6331
2369 2372
10359 10363
4254 4259
4735 4738
15487 15489
11257 11261
10731 10737
15650 15659
8671 8674
2752 2754
208 212
7829 7832
5522 5524
6863 6869
7103 7105
2451 2455
1649 1651
9211 9215
3185 3187
6149 6151
12602 12604
7215 7219
3907 3913
15531 15536
13238 13241
10742 10747
14812 14815
4045 4047
12579 12584
286 289
3872 3875
13585 13588
10961 10963
6196 6202
5376 5379
13679 13681
12775 12777
5090 5093
15892 15896
13930 13934
16008 16012
14084 14086
1033 1039
5789 5794
12217 12219
164 167
4912 4915
11669 11672
9828 9830
5808 5811
7081 7085
8159 8162
13501 13504
9527 9529
6558 6560
1097 1100
6973 6980
13395 13397
13076 13081
1507 1510
3762 3766
1202 1205
5894 5898
11858 11862
10035 10038
15922 15927
6050 6052
5330 5333
13163 13166
6884 6888
5089 5092
5648 5650
14997 15000
9417 9419
15462 15465
13076 13082
12702 12706
14517 14520
2902 2905
6831 6835
10244 10246
1096 1098
9525 9527
14813 14820
12777 12779
6847 6849
6404 6406
4098 4102
7175 7178
8705 8709
2269 2272
447 451
4373 4376
86 88
11734 11736
15216 15218
13697 13699
394 396
7344 7346
10701 10703
10741 10744
11713 11715
3439 3441
10056 10058
15140 15146
12749 12751
13836 13841
1813 1815
14138 14140
5684 5691
8683 8685
2524 2527
8614 8620
8849 8851
5278 5283
14301 14303
10108 10110
5203 5206
3852 3858
4664 4667
1857 1859
7838 7840
11222 11225
10438 10440
10484 10487
10166 10168
14428 14432
13466 13469
3016 3018
4708 4713
9397 9399
4075 4077
11992 11994
11447 11449
190 193
15340 15342
1053 1056
8530 8533
2391 2396
10897 10900
12373 12375
8299 8303
619 621
9004 9006
3187 3193
11858 11862
2174 2178
4471 4473
9945 9948
2626 2628
14480 14484
12143 12145
1579 1582
1156 1158
11919 11922
15410 15416
1261 1264
297 299
16053 16055
1736 1740
12318 12321
12025 12028
8457 8462
4635 4637
12562 12565
5626 5629
14815 14822
10396 10398
6401 6404
13189 13191
11824 11830
3467 3469
6657 6662
2420 2424
12503 12506
3185 3187
12268 12270
8812 8814
3020 3022
1415 1419
2836 2843
13342 13346
13928 13930
13786 13789
10677 10679
8487 8489
13233 13235
3391 3393
11686 11690
6040 6042
14747 14751
1978 1981
952 954
2575 2577
4015 4018
10792 10795
863 865
2532 2534
7911 7913
8547 8550
4550 4553
8623 8625
10415 10417
4365 4368
6400 6402
8267 8269
16050 16055
13868 13870
12077 12080
3977 3980
10856 10858
14970 14972
2997 3001
10325 10332
13023 13026
2459 2462
12907 12909
12523 12526
392 394
7602 7604
15320 15326
13338 13342
16073 16075
12859 12862
15607 15609
1839 1843
13116 13118
8410 8414
6869 6871
14593 14595
5022 5027
12263 12265
4051 4055
5181 5184
1759 1761
1276 1279
1833 1839
15955 15960
569 572
15388 15393
6475 6479
15927 15929
6230 6232
11124 11126
11765 11768
15221 15225
2406 2409
5232 5236
4783 4788
5587 5590
15269 15272
7094 7098
12597 12600
4948 4950
1744 1747
11343 11345
14896 14899
4331 4334
5500 5505
10140 10142
11682 11685
6727 6730
4861 4865
13710 13714
14080 14083
3371 3375
1484 1486
10107 10109
8324 8327
3586 3588
15704 15708
3689 3692
4018 4020
14706 14712
2263 2265
12890 12892
9817 9821
2626 2628
2362 2364
13707 13709
9437 9439
6833 6837
4897 4899
8507 8510
7972 7976
10780 10782
14802 14804
9661 9664
7539 7545
10953 10958
14659 14661
6538 6542
1624 1627
6439 6443
4994 4999
12028 12030
7155 7157
1130 1133
15085 15087
10518 10521
9200 9204
14018 14021
2744 2748
11804 11807
12469 12471
4585 4587
4579 4581
10067 10069
7994 7996
11789 11793
248 253
9872 9874
4751 4754
459 461
5144 5147
1284 1288
7863 7865
5546 5549
4280 4282
13982 13984
53 56
766 770
12654 12656
12354 12357
5408 5410
10135 10138
4087 4089
14422 14424
15836 15840
8381 8384
4557 4559
12944 12947
2892 2894
9916 9918
10128 10130
11795 11799
9782 9784
5422 5424
10275 10277
12403 12405
2483 2486
4282 4286
4743 4747
3088 3092
4341 4345
14937 14941
10306 10308
12436 12439
4431 4433
2634 2636
3509 3511
7692 7695
1307 1314
14547 14551
1861 1863
349 352
6494 6496
5615 5617
2546 2549
13266 13269
15732 15736
6886 6889
12949 12954
12818 12820
5036 5038
11957 11964
15020 15023
1787 1790
5138 5140
5824 5826
3365 3368
5288 5290
7789 7791
10565 10570
5923 5926
15869 15872
12178 12181
4981 4983
15663 15665
8103 8110
6088 6090
14565 14567
1496 1499
4326 4328
3748 3751
11265 11267
13319 13324
3193 3197
12507 12510
13445 13448
4642 4645
6913 6915
13733 13735
14566 14568
8656 8660
8517 8524
2329 2331
13278 13281
12241 12244
11572 11574
5989 5991
4730 4732
10093 10095
3531 3535
6629 6631
5700 5703
7385 7388
4241 4244
5333 5335
5476 5479
9149 9153
4723 4725
11540 11543
2991 2995
700 702
14912 14917
16077 16079
2504 2506
10436 10438
7876 7880
9127 9134
9027 9031
2577 2582
9890 9892
3886 3888
4386 4388
6748 6751
13327 13332
132 134
5785 5789
5231 5234
7616 7619
4730 4732
13892 13895
4261 4263
13798 13800
9116 9118
111 115
10839 10843
9272 9277
8491 8494
14875 14877
6058 6062
12408 12410
10892 10894
11206 11210
4478 4481
11575 11578
10984 10989
402 405
9210 9215
3936 3938
3144 3147
9929 9932
178 180
1077 1080
3415 3420
15343 15345
9247 9256
5312 5314
8728 8732
8063 8072
14484 14487
286 289
12958 12960
7435 7437
2536 2538
2362 2364
15162 15164
5718 5720
11219 11222
2969 2971
7438 7440
14286 14288
15478 15481
8228 8230
12631 12637
8279 8282
3689 3692
8664 8669
3139 3141
4282 4286
1489 1492
8088 8093
6857 6860
6706 6709
555 558
7744 7747
3283 3285
11142 11144
12952 12955
3039 3042
9066 9068
8723 8727
12526 12528
5002 5012
15820 15825
10602 10605
6544 6547
9031 9033
4130 4133
808 814
8084 8086
7711 7714
13913 13915
10237 10241
11562 11566
14627 14631
8407 8410
15733 15737
14416 14419
13557 13561
4257 4259
8760 8762
4215 4222
11436 11438
12201 12205
11288 11290
7580 7584
14139 14141
77 79
11865 11869
15375 15379
13186 13189
1022 1025
320 322
725 727
3994 3996
8827 8829
9549 9553
12771 12773
5364 5367
9020 9024
7445 7447
9391 9393
2765 2772
1039 1043
1602 1604
15854 15857
2254 2259
5995 5997
14523 14525
11598 11601
15169 15171
5313 5315
6945 6947
12804 12808
6142 6147
11463 11470
6580 6582
7645 7647
2266 2269
6171 6176
4612 4617
592 596
5632 5634
4530 4533
4512 4514
3572 3574
5137 5140
7749 7751
8738 8740
12995 12997
13776 13778
12926 12928
397 400
3452 3455
14217 14220
10912 10914
670 674
12918 12920
8886 8888
3641 3645
6723 6725
11936 11940
15462 15465
13020 13023
7766 7770
4451 4454
10583 10587
2621 2624
6225 6227
15266 15269
9937 9940
9395 9397
297 299
12201 12204
13137 13139
2577 2581
14140 14142
5081 5085
2484 2487
12116 12120
12366 12370
11572 11574
1468 1470
10287 10289
4807 4813
706 708
9633 9636
4410 4412
15039 15043
14548 14551
9125 9127
8800 8804
10144 10146
10626 10631
11268 11272
7836 7839
14986 14989
6623 6626
4682 4687
14666 14670
11653 11656
10561 10563
1329 1333
10613 10615
7276 7282
16015 16020
12862 12865
5100 5103
5376 5379
13603 13605
15698 15700
7420 7423
14766 14768
1593 1596
7165 7169
15975 15978
2774 2778
6420 6422
4027 4029
15128 15132
6229 6231
11649 11651
10925 10928
13473 13477
13306 13312
3422 3425
10809 10813
6929 6935
6500 6503
13254 13257
3456 3458
11712 11715
13377 13379
4144 4151
15135 15140
11261 11263
13722 13724
12130 12132
8473 8476
8282 8289
7943 7946
4324 4326
6939 6943
2406 2409
1445 1448
4257 4260
7831 7833
15596 15598
3581 3586
3104 3108
11 13
7424 7428
12674 12676
1974 1977
1386 1388
8162 8165
11670 11672
8533 8535
10320 10322
11452 11454
7811 7813
14007 14011
77 79
8304 8307
9897 9899
11748 11753
10207 10209
8012 8015
8734 8736
7697 7702
2902 2905
2417 2419
13120 13122
11923 11927
5991 5993
4008 4011
6563 6566
2252 2254
13015 13017
5864 5866
14436 14438
13908 13911
10187 10189
4434 4436
4683 4687
12028 12031
14823 14825
14894 14896
8381 8384
9629 9632
4999 5002
7563 7566
2588 2591
13773 13776
444 446
9255 9257
6106 6108
15652 15659
6916 6918
6311 6315
8186 8188
8753 8758
11118 11121
7018 7020
15714 15716
52 56
4369 4372
12544 12549
348 352
13273 13275
4223 4227
9912 9914
12882 12884
6925 6928
10944 10946
1654 1658
11066 11071
14292 14294
8418 8423
7695 7697
11343 11345
12380 12382
6815 6817
13725 13729
5785 5790
1852 1854
10378 10380
5015 5019
8159 8162
14986 14988
9562 9564
2686 2688
3268 3274
2995 2997
13510 13512
654 656
10258 10265
516 518
11984 11988
14539 14541
3936 3938
9034 9037
8550 8553
13475 13478
2626 2628
10216 10219
7175 7178
6775 6777
4894 4897
15183 15185
12220 12222
2601 2603
160 163
6273 6277
1195 1197
15652 15660
6588 6591
14271 14273
3504 3506
7898 7905
8892 8895
140 142
253 255
10009 10013
5811 5815
6755 6757
9691 9693
1062 1066
6893 6896
8543 8546
3844 3847
8774 8777
3433 3437
2234 2237
5530 5534
11094 11098
7785 7789
4815 4818
7426 7429
992 994
14054 14059
1438 1440
8838 8843
6823 6825
3618 3620
899 906
11367 11372
1627 1629
8794 8796
5093 5095
9341 9344
2934 2938
10890 10892
314 317
2607 2610
13922 13924
6122 6124
3834 3839
1843 1846
9247 9255
15870 15873
2555 2559
173 175
5569 5573
4667 4670
4942 4945
6273 6277
265 267
5415 5418
7658 7660
11146 11148
10165 10168
10304 10306
7165 7169
1471 1474
8976 8979
4577 4579
3574 3577
7041 7043
16081 16085
1100 1102
304 306
1354 1357
9319 9323
14021 14023
13367 13370
8476 8479
7076 7079
8838 8843
13020 13023
3137 3141
6326 6329
1701 1703
2681 2683
3869 3872
10804 10806
8262 8264
2630 2632
3687 3689
3262 3268
1459 1463
14861 14863
4687 4689
2761 2764
9866 9868
2965 2968
10785 10788
11474 11477
9269 9271
14047 14052
12683 12687
4931 4934
2067 2070
2612 2614
7352 7354
15640 15642
2499 2502
9596 9600
7399 7401
2157 2159
11002 11004
3559 3561
1712 1715
7850 7852
1284 1288
6426 6429
6592 6598
4451 4454
5396 5399
11994 11999
11360 11363
13238 13241
13505 13507
5666 5669
4448 4451
4631 4634
3772 3777
6567 6569
7808 7811
13852 13857
4533 4535
11115 11118
1043 1046
9480 9484
13440 13443
10870 10873
11257 11261
9727 9729
13540 13543
11235 11241
15354 15357
13179 13183
1086 1089
7183 7185
15440 15443
5176 5178
10140 10144
14868 14870
14183 14187
7913 7915
8308 8310
12557 12560
7271 7274
5472 5475
6284 6289
9226 9228
14942 14945
1961 1963
2925 2927
3724 3727
9818 9821
2517 2519
10131 10135
7396 7399
14455 14457
9575 9577
6896 6900
99 101
7669 7671
801 805
9901 9903
490 492
1874 1876
8633 8636
10244 10246
3020 3022
4894 4896
2801 2803
7300 7302
13550 13553
9919 9921
6582 6584
457 459
1033 1036
4513 4515
11723 11725
2022 2024
9382 9386
13386 13389
81 83
4993 4999
11943 11945
13590 13595
4488 4490
10558 10561
5250 5253
14291 14293
7602 7606
5525 5528
11479 11482
8502 8505
9600 9602
5357 5360
515 518
10725 10729
3539 3541
12847 12856
9157 9159
13381 13385
9648 9650
8844 8847
11898 11900
9001 9004
13668 13672
6843 6845
10447 10449
14081 14084
7675 7678
5424 5428
7301 7303
5921 5923
12423 12426
7295 7298
2432 2434
15234 15236
13227 13229
4687 4690
7999 8004
8995 8999
6214 6216
14343 14346
2305 2307
12428 12430
12388 12392
5272 5274
2513 2515
6526 6532
6270 6272
13921 13924
8259 8261
8024 8027
1049 1052
12814 12818
8494 8499
15489 15491
14507 14509
6413 6415
1481 1483
6099 6105
7072 7074
13246 13249
13528 13531
6936 6939
13528 13532
1709 1711
7173 7175
7811 7814
12579 12584
6882 6884
12014 12016
12095 12099
12321 12323
12017 12019
1438 1440
7111 7115
8794 8797
15803 15806
5528 5530
7462 7465
15737 15740
13591 13596
3248 3251
10150 10153
2219 2224
6273 6278
1570 1573
16061 16063
7853 7856
14171 14174
15462 15464
12336 12338
3141 3143
2955 2958
16020 16022
7463 7466
14536 14538
7691 7695
5258 5261
1532 1535
1364 1367
10606 10608
8927 8930
1609 1611
15317 15319
13327 13332
5057 5060
2329 2331
7920 7927
15649 15652
8327 8331
3808 3810
5357 5359
6550 6554
3759 3762
10737 10740
5541 5544
11947 11950
15311 15313
15073 15076
3648 3650
887 890
9382 9386
11637 11639
3365 3368
4364 4367
13015 13017
383 386
2883 2885
2370 2373
15328 15334
1923 1926
424 426
10633 10635
1820 1822
5138 5140
3587 3589
14791 14794
11303 11305
5600 5602
9793 9798
13885 13890
12630 12637
15584 15587
6601 6605
15874 15876
8041 8044
14164 14167
2744 2747
7424 7426
5753 5756
5479 5482
8467 8469
2647 2649
11826 11830
583 589
13055 13058
12598 12601
10425 10428
14611 14614
6947 6949
5879 5881
5476 5478
7009 7013
10428 10430
392 394
6724 6726
13453 13456
4553 4557
4671 4673
5757 5759
71 75
4732 4735
5081 5085
1355 1357
7898 7902
12467 12469
10440 10444
2569 2572
6317 6321
12396 12398
2735 2738
3079 3084
10366 10368
7943 7945
6085 6087
3213 3216
1203 1205
15 18
9485 9489
5779 5782
15375 15379
12303 12307
8654 8660
5447 5451
3018 3020
5020 5022
13128 13131
1787 1790
8541 8546
10393 10397
7423 7426
12 15
931 933
823 825
10420 10425
7344 7347
1177 1180
13224 13227
8137 8140
1863 1865
5578 5580
4232 4234
10125 10128
8168 8171
2574 2577
13817 13819
3151 3153
8766 8769
14066 14070
13547 13549
4157 4162
7880 7884
7020 7022
5087 5089
5436 5441
4944 4947
7905 7907
6771 6773
1028 1030
1978 1981
9302 9305
14997 15000
12055 12062
7362 7365
16002 16004
15859 15861
9427 9430
9287 9290
6982 6984
4000 4002
12999 13001
4659 4661
12091 12093
13990 13992
10653 10655
8823 8826
12330 12332
6156 6159
4993 4999
15880 15884
8766 8770
1400 1405
2595 2597
2044 2046
6217 6219
12935 12938
10148 10150
5724 5727
6917 6921
3277 3281
13701 13703
14448 14451
2941 2945
15397 15400
2254 2262
10117 10121
14796 14798
11339 11342
8404 8407
13235 13238
892 894
9766 9769
11871 11874
860 862
6626 6629
513 515
5961 5965
539 541
8599 8601
4086 4088
1024 1028
12459 12465
15792 15795
4605 4608
349 352
5890 5894
1936 1941
8029 8033
10070 10072
10252 10255
3100 3102
13352 13356
13566 13568
6831 6833
5832 5834
11378 11384
12408 12410
10117 10121
4008 4011
1091 1094
10868 10870
7871 7873
3030 3033
13595 13598
5328 5330
1301 1304
11736 11740
14732 14734
71 75
9889 9892
5352 5355
11127 11130
5386 5388
3589 3594
11761 11765
4427 4429
8088 8091
10968 10971
1947 1950
15715 15717
10876 10880
14770 14774
10693 10696
311 313
6986 6991
5564 5566
3598 3606
436 438
7344 7347
14164 14169
9882 9885
11345 11347
1558 1560
8095 8098
7953 7957
7103 7105
15565 15570
11206 11209
1211 1213
6532 6534
7665 7668
1825 1827
10014 10016
10953 10959
15205 15207
9063 9066
2509 2513
7571 7576
4981 4984
9347 9349
8313 8315
4457 4460
2807 2810
7910 7913
13499 13501
8110 8114
1411 1414
12205 12207
3337 3339
5612 5616
13214 13217
3486 3489
11617 11620
13514 13517
6380 6388
11530 11532
12896 12898
12812 12816
7337 7339
12083 12085
4385 4387
5739 5742
15845 15851
13720 13722
426 430
7647 7649
3425 3428
5989 5991
6730 6735
15011 15014
4387 4389
10088 10092
6844 6846
4693 4698
7027 7029
9914 9916
7524 7529
15297 15299
5966 5968
2738 2740
9122 9125
578 582
4162 4167
2856 2858
5030 5036
14831 14833
6331 6334
9910 9912
9637 9642
237 241
5800 5802
10704 10707
10496 10500
14774 14779
269 274
15273 15277
8371 8374
1367 1372
5669 5671
11625 11627
1601 1603
6347 6349
10142 10144
516 518
14563 14566
12336 12338
13599 13603
5090 5093
10400 10403
4494 4499
8407 8410
7029 7031
11728 11730
13911 13913
6646 6649
8770 8772
11794 11798
5531 5534
1683 1688
15447 15451
3737 3739
12323 12328
2207 2212
11324 11326
10397 10400
15893 15897
5720 5722
4771 4774
11025 11027
12543 12545
11588 11590
2105 2109
6526 6532
10250 10252
8130 8134
8777 8782
13482 13484
12890 12892
8172 8176
11401 11403
862 865
6986 6991
13023 13026
5559 5561
8690 8693
13915 13917
1140 1143
10599 10601
2062 2067
8130 8134
5660 5665
5475 5478
10072 10074
7784 7787
3085 3088
3171 3174
5550 5553
954 956
8527 8530
15031 15033
14535 14537
1345 1347
984 991
13194 13200
2934 2938
14404 14406
10999 11001
8312 8314
9088 9090
3625 3627
1894 1896
1761 1763
15031 15033
9705 9709
1061 1063
4994 4999
9938 9940
9721 9724
2506 2508
14439 14446
7887 7890
3385 3390
10335 10340
14409 14412
3689 3692
10071 10073
10581 10583
8960 8964
11213 11215
1056 1058
5642 5644
2923 2925
13751 13754
15891 15893
13710 13713
14350 14353
13643 13645
1643 1646
5394 5396
2224 2227
15608 15610
15640 15643
13409 13413
10050 10054
14286 14289
3711 3714
11439 11441
8485 8488
14151 14153
7233 7236
6837 6843
13655 13657
805 808
12343 12345
4672 4674
9705 9707
4227 4229
8728 8732
3565 3567
9171 9174
2092 2094
2540 2542
13480 13484
1410 1412
2449 2451
906 908
9811 9816
9705 9709
14513 14515
14164 14169
9230 9234
11617 11619
14646 14648
2513 2515
2145 2148
5568 5570
1537 1540
4198 4205
442 444
16022 16024
14580 14584
6002 6004
16046 16048
5272 5274
4449 4451
1784 1787
8711 8714
10313 10318
4587 4592
12266 12268
6111 6120
14737 14742
15818 15820
3869 3875
15687 15692
4690 4692
13156 13158
10079 10081
5185 5188
7253 7257
1438 1440
3160 3167
5828 5831
10603 10606
6555 6560
14785 14791
2070 2075
5075 5077
4625 4627
2484 2487
4350 4352
10972 10976
10972 10976
11284 11287
2474 2476
8804 8807
6196 6199
5337 5339
11555 11557
12890 12892
9883 9886
11174 11177
5062 5065
15687 15692
15409 15415
1926 1929
4960 4962
12645 12651
15955 15960
14950 14954
9885 9888
3422 3425
13466 13469
5352 5355
6002 6004
1990 1994
11229 11231
8823 8827
8214 8217
10165 10168
5197 5199
14299 14301
10819 10827
1981 1985
3473 3478
3520 3522
16059 16061
5307 5312
9625 9628
12491 12496
352 359
5960 5963
4830 4832
15980 15985
402 406
13160 13164
2320 2324
3578 3581
4854 4856
6917 6921
3371 3375
9454 9456
878 881
14041 14043
8827 8829
7675 7678
14912 14917
6939 6944
12233 12237
8392 8395
5425 5428
11563 11566
15270 15273
13984 13987
4857 4859
10901 10903
15446 15448
10237 10240
7887 7892
4836 4838
1414 1417
9534 9536
9024 9026
7509 7512
2193 2197
10304 10306
14867 14869
11191 11193
13921 13924
410 414
13586 13588
12496 12501
10682 10686
6413 6417
5519 5521
1138 1141
9832 9835
12155 12159
10007 10013
7723 7727
6066 6069
661 664
10391 10393
2333 2336
10608 10610
2792 2795
14196 14201
6463 6465
5361 5363
4029 4032
10865 10868
7094 7098
13015 13017
9537 9542
695 697
5103 5105
10981 10984
7621 7625
13626 13628
13585 13588
9349 9351
11014 11016
6005 6010
2574 2577
10453 10455
13710 13713
814 818
12822 12828
11060 11062
10151 10153
9686 9688
3650 3652
3020 3022
7193 7196
8327 8332
8045 8049
1297 1300
5891 5894
1317 1320
4699 4703
10965 10967
9306 9308
14355 14361
323 327
9610 9613
582 588
13042 13044
894 898
4394 4402
7850 7852
2140 2143
13026 13030
13278 13281
14052 14054
270 274
6929 6933
13141 13143
2531 2533
11907 11909
9809 9812
3532 3535
12261 12263
4032 4035
9648 9652
10864 10866
11185 11190
6331 6333
13697 13699
7300 7302
3512 3515
11569 11572
13259 13262
15250 15253
1532 1535
7321 7324
7745 7748
11994 11999
14378 14381
2677 2679
6955 6960
14205 14208
10076 10078
14375 14378
11925 11928
7437 7440
8364 8367
11227 11230
8386 8388
353 359
6111 6120
10103 10105
11700 11704
9785 9789
10108 10110
14568 14571
13953 13955
1166 1170
7829 7832
3501 3504
11275 11278
13885 13890
8634 8637
4103 4108
5077 5079
4227 4232
1961 1963
555 557
8985 8988
7789 7791
4494 4499
9678 9681
3172 3174
13179 13183
10415 10418
12319 12321
15652 15660
5491 5495
15837 15840
10173 10176
8677 8679
13938 13941
11523 11526
14756 14759
9734 9738
5166 5168
14416 14420
7348 7351
248 253
10895 10899
1234 1236
13266 13269
11155 11157
10296 10299
11810 11813
5096 5098
3185 3187
14054 14060
2136 2138
4325 4328
8931 8935
10085 10087
13395 13398
7587 7590
10200 10203
14863 14867
2013 2020
13616 13618
751 756
7088 7091
2881 2883
9051 9055
8024 8029
1288 1291
5015 5019
13725 13733
15147 15152
661 665
5642 5644
10359 10363
3676 3678
14885 14887
14756 14759
15917 15921
13425 13428
11804 11807
10230 10233
9718 9720
10237 10241
8346 8349
9709 9711
7963 7966
13149 13152
13586 13588
10682 10685
8631 8634
14576 14584
5243 5246
9427 9431
2955 2960
8942 8947
12099 12101
5200 5203
14135 14138
3432 3435
3947 3950
13600 13603
9670 9672
8725 8728
2519 2521
11607 11612
13991 13993
6196 6202
6369 6372
3960 3962
12527 12530
2965 2969
7100 7102
11543 11546
82 86
11901 11908
14815 14820
4275 4277
14480 14484
176 178
10165 10168
15648 15650
8262 8264
4429 4431
3822 3824
6351 6354
14066 14070
8791 8793
2848 2852
10942 10944
3929 3931
9127 9134
10854 10856
15652 15659
2772 2777
2545 2547
10140 10142
3 6
14373 14375
11994 11999
2500 2503
6099 6105
11989 11992
5935 5938
11030 11036
1673 1675
2877 2879
9725 9728
14592 14594
10142 10144
2823 2826
12520 12523
5356 5359
9139 9142
544 549
5700 5704
8336 8339
11582 11585
14861 14863
4182 4185
14478 14484
4721 4723
3613 3616
640 642
9300 9305
4395 4403
4907 4909
3497 3499
8460 8462
15400 15402
11715 11717
15675 15680
5422 5424
4633 4635
11735 11737
9480 9484
641 644
11718 11723
5966 5969
12091 12093
2644 2647
7249 7253
13111 13113
1604 1607
15903 15907
4587 4592
13913 13915
8022 8024
14480 14485
15076 15078
5060 5063
14189 14193
10615 10620
7898 7902
8530 8533
15742 15745
7148 7150
6916 6918
10621 10625
13439 13441
13600 13603
5512 5514
8500 8505
2054 2060
12683 12689
6267 6270
15899 15901
3160 3168
14589 14592
10785 10788
3510 3512
12496 12503
6165 6169
14462 14466
1344 1346
13137 13140
10731 10736
14267 14269
9730 9733
4246 4249
15441 15443
8091 8094
14391 14394
13687 13693
6973 6980
3923 3925
3160 3167
4098 4102
13227 13229
6382 6388
10059 10062
15062 15069
3137 3139
4848 4854
9988 9992
12133 12135
7880 7884
4048 4050
9026 9031
9785 9789
1476 1478
10142 10144
10828 10832
16070 16073
4088 4091
4887 4894
7421 7424
13249 13254
12619 12622
2867 2871
4144 4151
5409 5411
14576 14580
5517 5519
6879 6881
14215 14220
3132 3137
15922 15926
2148 2151
14737 14742
13879 13882
2577 2581
2056 2060
7675 7678
7590 7594
9616 9618
15978 15980
4919 4921
7992 7994
8732 8735
5841 5844
7424 7426
15979 15982
7780 7782
15490 15492
16024 16026
12142 12144
8399 8404
6821 6823
3010 3015
2946 2949
1675 1679
14295 14298
4833 4835
13125 13128
9650 9652
1905 1908
8272 8276
6268 6270
12095 12101
5151 5154
7823 7829
13978 13981
5568 5570
2254 2259
1106 1108
14527 14530
5223 5228
8247 8254
1453 1456
14548 14551
10819 10827
1223 1225
5213 5216
4587 4592
12234 12237
8639 8641
4841 4846
510 512
13755 13761
13027 13033
8567 8569
7639 7643
9894 9897
10329 10333
1945 1948
8623 8625
10828 10832
3833 3836
533 536
1598 1600
7959 7962
1199 1201
2922 2924
12188 12193
3183 3185
13752 13755
13637 13639
5284 5286
13635 13637
4098 4103
9756 9760
11489 11491
1262 1265
9042 9045
8446 8449
12474 12477
11977 11979
8800 8804
9576 9578
4251 4253
5909 5913
14639 14645
15619 15622
3365 3368
14900 14907
1258 1260
184 186
13466 13469
11040 11043
14125 14128
7742 7744
15280 15284
9238 9240
6188 6190
3739 3741
15062 15069
8812 8815
10940 10942
2403 2406
9650 9652
8525 8530
11367 11372
8970 8976
13661 13666
746 748
10751 10753
3493 3497
5258 5261
1901 1905
15397 15400
7295 7298
5166 5168
1246 1248
6520 6522
8680 8683
1046 1049
3096 3102
8596 8599
15982 15985
870 872
8491 8494
15134 15136
840 842
2678 2681
4321 4325
14791 14794
8191 8194
8145 8148
13682 13686
4295 4298
6672 6676
14081 14084
2009 2012
2112 2115
15708 15713
4755 4759
8191 8194
160 163
14436 14439
3104 3108
7406 7408
4863 4865
3010 3015
4414 4416
970 972
394 396
5509 5512
11661 11663
14751 14756
5809 5811
16068 16070
3387 3390
5738 5742
4909 4911
1543 1545
8648 8650
8488 8491
15788 15791
10773 10777
4871 4874
2748 2752
6022 6025
3531 3535
12175 12178
31 33
11994 11999
7185 7187
1 3
3350 3352
4835 4837
12879 12882
5530 5534
1250 1252
14510 14513
9511 9513
9993 9995
8034 8037
97 99
46 51
13210 13212
13327 13332
4553 4557
5554 5559
14842 14847
3268 3274
6623 6625
5528 5531
4128 4130
7290 7292
6620 6625
1519 1521
15929 15934
9207 9210
11349 11351
10707 10710
3422 3425
15733 15736
10131 10135
3552 3555
9702 9705
10029 10035
8393 8396
9736 9739
12297 12300
14086 14092
13962 13965
10907 10911
5413 5415
349 352
1537 1540
4784 4788
14649 14651
9620 9624
6341 6343
3459 3462
1364 1367
9567 9571
13692 13695
10607 10610
15309 15311
9925 9929
4597 4604
14081 14084
12020 12025
13015 13017
11953 11959
5855 5857
13499 13504
16004 16006
12210 12213
4494 4499
2943 2945
6613 6615
5476 5479
7745 7748
15410 15415
3172 3176
4002 4004
402 405
9725 9728
107 110
4449 4452
11899 11901
14217 14220
3024 3026
1839 1842
10561 10563
3552 3555
14868 14870
13459 13461
4319 4321
7951 7953
15249 15253
11700 11704
2763 2765
15583 15586
15880 15884
14977 14981
2740 2742
3425 3428
15598 15600
14995 14997
7173 7175
13604 13609
11665 11667
13438 13440
7205 7209
8865 8868
1670 1672
5897 5902
14063 14066
15233 15236
10715 10720
15023 15025
5314 5317
8086 8088
1265 1267
3714 3717
519 523
1319 1321
6788 6790
13020 13023
6496 6501
2100 2102
14400 14402
10164 10166
679 681
15410 15415
15740 15742
13363 13368
8055 8063
12745 12748
8853 8855
4287 4290
11570 11572
10210 10214
4938 4940
12724 12728
9364 9369
13325 13327
13179 13183
10751 10753
2649 2656
8474 8476
658 660
14338 14343
201 204
1478 1480
10433 10436
3522 3524
10533 10538
5415 5418
7492 7494
7055 7057
2095 2097
6303 6306
15876 15879
3489 3491
9314 9318
4251 4253
2886 2888
3351 3354
15261 15263
5938 5941
3539 3541
9537 9541
3334 3336
15382 15384
12099 12101
12103 12108
5219 5223
13578 13581
14825 14827
14081 14083
2759 2761
13381 13385
8055 8072
13908 13912
15990 15996
2881 2883
6129 6131
14989 14992
8720 8722
10790 10794
4784 4788
14392 14396
9921 9923
13163 13166
615 618
3130 3132
6770 6772
12435 12438
891 893
4269 4272
2930 2933
9404 9407
179 183
13270 13274
11740 11742
4553 4558
4823 4825
13824 13827
12993 12996
9652 9655
9257 9259
9014 9016
8119 8121
13528 13531
9008 9014
4095 4098
10556 10558
14031 14033
11169 11171
6889 6891
15231 15233
14706 14712
13836 13840
3324 3326
11206 11209
6939 6943
7937 7941
27 29
7056 7058
13882 13886
5700 5704
2772 2774
1396 1399
270 275
13019 13023
744 748
3066 3071
5030 5035
5757 5760
6058 6061
9624 9628
891 893
10643 10645
11611 11614
7403 7405
3216 3220
6745 6748
2988 2990
2671 2674
15934 15938
8244 8246
4705 4708
15998 16002
13301 13303
8777 8782
8485 8487
13864 13866
15406 15408
2070 2074
13514 13517
11599 11601
4767 4769
3117 3119
12865 12869
5669 5671
13586 13588
4227 4229
7352 7355
2886 2888
5368 5370
12095 12099
4789 4791
89 97
4162 4167
2490 2492
14311 14317
2225 2227
232 234
10469 10471
13411 13414
7211 7215
2834 2836
10246 10249
7876 7880
6149 6152
11324 11326
9707 9709
1609 1611
15448 15452
9493 9495
12969 12971
11686 11689
15742 15746
14201 14203
2765 2772
10720 10722
14009 14011
15531 15536
6967 6972
6053 6057
8211 8214
3108 3113
11809 11812
5184 5188
3653 3655
671 674
10274 10277
2821 2823
4775 4779
9082 9085
13618 13621
1367 1370
11746 11748
13489 13491
4551 4557
15304 15309
4674 4676
8689 8693
7843 7845
8385 8387
14212 14215
12651 12653
974 976
15366 15368
15462 15464
14725 14728
13905 13911
12631 12637
16103 16105
14414 14416
15179 15181
10415 10417
7695 7697
13715 13717
7166 7169
15267 15269
5416 5418
15917 15921
3427 3429
4024 4027
1106 1108
1386 1388
10498 10502
11633 11635
4046 4048
11607 11611
5203 5206
6238 6240
6662 6664
2488 2490
3789 3791
3420 3423
7321 7324
2757 2759
12410 12412
4082 4084
5819 5821
11837 11843
15134 15136
6085 6087
1641 1643
11612 11615
14314 14317
3234 3236
6142 6147
5748 5751
3549 3551
15765 15769
4055 4060
7103 7108
5130 5132
8183 8186
959 961
11534 11537
10175 10178
5491 5496
11341 11343
11901 11907
4553 4557
708 710
13886 13891
8282 8289
5157 5159
4041 4045
15944 15946
5644 5646
11463 11470
5258 5261
3498 3500
1228 1230
775 777
8970 8976
12150 12152
4809 4813
1761 1763
3433 3437
916 920
11284 11287
6317 6320
1831 1837
6376 6378
481 483
9937 9940
9674 9676
2355 2360
9929 9932
1819 1822
4198 4205
3345 3347
3036 3039
9932 9936
1061 1063
13041 13043
3212 3214
9427 9431
6782 6784
11233 11235
9779 9781
10170 10172
8271 8273
6277 6282
4738 4741
12107 12109
10658 10664
11094 11098
15829 15831
11681 11684
478 481
964 966
12564 12567
5564 5568
2995 2997
9717 9719
475 478
10423 10425
6708 6712
6273 6277
11999 12001
2013 2019
1633 1636
544 548
13710 13713
8510 8512
9709 9712
6680 6682
11630 11633
12610 12612
5228 5231
1745 1750
10559 10563
4896 4898
15069 15071
11695 11697
14515 14520
6240 6242
7005 7007
1871 1873
12935 12938
4530 4533
14894 14896
11534 11537
14447 14451
12457 12459
12872 12875
1279 1281
8103 8107
6359 6361
8567 8571
13570 13574
10674 10676
13095 13098
1758 1760
4241 4244
6907 6909
9 11
16029 16033
9970 9972
6746 6748
1115 1120
7462 7465
11633 11635
11885 11887
794 799
452 454
695 697
11953 11957
6929 6933
5727 5732
13411 13413
1601 1603
1684 1688
5813 5817
10496 10500
16093 16095
1419 1422
8463 8466
6828 6831
9063 9066
9833 9835
10815 10817
8753 8758
2088 2090
12460 12466
5253 5255
1194 1197
4282 4284
13778 13780
928 930
1077 1080
7043 7045
15598 15600
8577 8579
11004 11008
9500 9504
530 532
7388 7392
9489 9493
5953 5955
9812 9817
827 829
10526 10528
4227 4229
15109 15113
7617 7620
364 367
13943 13947
12523 12525
10533 10536
4383 4385
1214 1218
5590 5594
13849 13852
14725 14728
2494 2496
8879 8882
7137 7139
3284 3286
10722 10724
2733 2735
11531 11533
89 96
11164 11167
413 416
7232 7234
9589 9591
661 665
2818 2820
7649 7653
11950 11953
11030 11037
13932 13935
1422 1424
1547 1550
339 341
8543 8546
6257 6260
4900 4902
14244 14247
10312 10315
10780 10782
14063 14066
10347 10349
7500 7502
8282 8289
5263 5266
15788 15792
11740 11742
14171 14173
14135 14137
4004 4006
12072 12074
7524 7528
9473 9476
3925 3929
5850 5853
13074 13076
4784 4788
9583 9590
6815 6817
10140 10142
14319 14322
2128 2132
7897 7902
8907 8912
5530 5534
3253 3255
2385 2388
5519 5521
12271 12273
8134 8136
8614 8619
9034 9037
15011 15015
10097 10102
1756 1758
2640 2644
13631 13635
2524 2527
13687 13692
7494 7497
282 287
2628 2630
11291 11293
4868 4870
11704 11706
7007 7012
3789 3791
5293 5296
1695 1697
9285 9287
5973 5975
2572 2574
13041 13043
14695 14698
1292 1295
15929 15933
14974 14976
10007 10013
12851 12856
2153 2155
11742 11744
180 184
102 105
3100 3104
7547 7550
13611 13614
6326 6329
5662 5666
9808 9811
1617 1621
3886 3888
14466 14469
9667 9669
4209 4211
12077 12080
75 78
10510 10514
13411 13414
4676 4679
7278 7282
9678 9682
4792 4796
4708 4716
5270 5274
5574 5576
41 45
5578 5580
10765 10768
1094 1096
6171 6175
6620 6623
1998 2000
9014 9016
6888 6890
14358 14362
11625 11627
13584 13586
7348 7351
2674 2677
10516 10518
3707 3709
8958 8960
2197 2199
541 544
9076 9078
2254 2259
10636 10639
8907 8912
15243 15246
5703 5705
10219 10222
6998 7001
6426 6429
14102 14104
3976 3980
8536 8540
8553 8556
8622 8624
9007 9014
7633 7635
7470 7474
899 906
1400 1407
9536 9541
14840 14842
14942 14945
12802 12804
9136 9139
5799 5802
7863 7865
15258 15260
4288 4291
3347 3350
13903 13905
13790 13797
4365 4368
660 664
4331 4336
14893 14896
1057 1059
5290 5292
12722 12724
682 684
7658 7660
2689 2691
9452 9454
15215 15218
13589 13591
13543 13547
11532 11534
14403 14405
7223 7227
15482 15485
11559 11562
9436 9439
15410 15415
2207 2212
10838 10843
599 602
7739 7742
11875 11878
2056 2062
4583 4586
8463 8466
5109 5112
15963 15965
7560 7563
13091 13093
13497 13501
1293 1295
1106 1108
11300 11302
2934 2939
1127 1130
1025 1028
14873 14875
11823 11826
12330 12333
4563 4567
15891 15893
2896 2899
14274 14276
14720 14725
4945 4947
11093 11097
13614 13616
15455 15457
12453 12455
6649 6652
2144 2147
10466 10469
1398 1400
10635 10637
8391 8393
10140 10144
10658 10664
1471 1474
2005 2009
10496 10498
97 99
12753 12755
2886 2888
15556 15559
3085 3088
10972 10976
10144 10146
6873 6876
7007 7012
14663 14670
10533 10536
15758 15761
2861 2863
11944 11946
13955 13959
3880 3882
9093 9095
4250 4252
601 604
6196 6202
8417 8423
2293 2295
5779 5785
4924 4927
11925 11928
12876 12878
970 972
8761 8764
15220 15223
8901 8903
4395 4402
6176 6178
15675 15680
14548 14551
8412 8414
8034 8037
2248 2250
8931 8935
13855 13857
6245 6247
8641 8644
6187 6189
3324 3327
6655 6657
1183 1186
870 874
447 451
7942 7945
5002 5012
3405 3408
7362 7366
5708 5710
15410 15415
1721 1723
15147 15152
5909 5914
9319 9323
3621 3625
6758 6761
6873 6879
6631 6634
11184 11190
999 1001
10074 10076
9652 9655
15088 15091
3985 3989
7787 7789
8162 8164
14616 14621
1910 1912
2641 2644
13270 13274
3625 3627
14996 14999
3906 3910
10799 10801
7980 7987
3305 3307
352 359
8080 8083
6617 6619
4369 4372
12330 12333
11801 11804
12523 12526
5002 5012
16077 16079
1731 1735
11767 11769
6511 6514
8852 8854
14521 14524
1043 1045
7202 7204
9837 9839
3596 3598
13350 13352
14977 14981
15970 15972
15358 15361
6413 6417
1519 1521
553 557
5002 5012
4141 4144
14621 14623
16101 16104
941 946
9529 9533
8208 8210
6879 6881
12266 12269
11832 11834
6658 6662
15301 15303
10109 10112
7497 7499
3935 3938
7898 7902
3125 3127
10942 10944
12124 12127
12740 12745
13903 13908
13249 13254
7492 7497
353 359
13359 13361
12178 12180
8906 8912
8166 8168
5179 5181
5324 5329
10583 10587
3298 3302
2333 2336
1525 1530
11213 11215
4559 4561
11901 11907
2670 2673
11837 11841
8543 8546
13816 13819
11923 11925
15206 15209
12188 12193
3311 3314
3141 3143
3700 3702
13081 13083
11148 11150
5223 5228
3749 3751
13224 13228
13175 13177
14858 14860
9844 9847
12212 12214
8425 8427
12269 12271
7248 7250
2317 2320
12154 12157
11715 11718
11834 11841
11276 11279
11530 11532
11563 11569
1864 1867
2101 2103
6804 6806
12490 12496
6876 6879
8985 8988
14663 14666
13017 13019
14276 14279
4259 4261
2417 2419
5172 5174
3863 3866
7196 7198
11784 11789
8967 8969
14086 14092
14466 14472
11550 11552
3309 3312
11947 11952
6320 6322
811 817
11094 11097
13668 13672
6159 6162
7959 7962
12275 12277
7518 7521
12832 12836
9713 9716
6202 6204
12432 12435
11826 11830
15371 15373
2656 2658
13293 13295
12109 12111
16008 16011
3962 3966
13036 13038
12814 12816
3452 3456
572 578
6758 6761
9100 9102
5844 5846
13511 13514
12300 12303
11918 11921
2243 2248
13033 13036
9127 9134
3268 3274
533 536
2400 2402
14981 14983
10292 10294
12619 12622
10541 10544
1443 1445
3807 3809
3053 3055
1652 1654
7700 7702
714 716
2488 2490
3638 3640
7810 7813
2958 2960
1986 1989
10713 10715
12993 12995
5319 5324
14791 14795
16020 16022
4035 4039
13543 13547
14551 14554
3489 3491
15410 15415
5047 5050
13497 13499
7111 7116
10485 10487
5570 5574
15801 15803
15353 15357
16037 16039
15056 15058
11557 11560
15020 15025
7721 7723
9850 9852
2555 2559
8599 8602
14762 14764
11235 11241
7773 7775
15551 15555
4941 4944
12084 12086
2214 2219
11066 11071
5112 5114
11931 11934
908 915
2774 2777
15610 15613
14912 14917
7854 7856
10461 10465
3666 3669
14137 14139
8075 8079
2147 2151
11395 11401
13816 13819
3381 3383
14334 14336
13849 13852
12651 12653
7542 7545
15595 15597
9350 9354
9906 9908
9742 9744
10901 10903
6415 6420
3033 3035
10725 10729
2927 2932
3738 3741
12593 12595
7671 7673
10922 10925
16098 16101
12619 12621
8462 8465
6598 6600
13852 13855
3731 3733
3903 3906
13098 13102
1367 1370
13118 13120
12517 12519
9048 9051
15261 15263
11037 11039
6650 6654
14640 14645
3891 3893
15361 15365
1567 1570
2782 2786
11311 11313
13903 13908
1499 1502
10900 10902
8414 8417
9904 9908
10778 10780
15837 15840
4402 4404
3852 3858
7518 7520
8663 8666
7245 7247
11700 11703
13111 13113
13935 13940
13844 13848
3002 3006
2193 2197
8261 8264
8276 8279
16074 16077
9136 9141
15586 15588
7209 7211
13248 13254
301 304
5329 5331
14392 14394
12 15
7959 7961
15605 15607
10832 10835
7111 7115
4938 4940
13920 13922
2601 2603
635 639
4336 4338
13943 13947
12095 12099
1968 1970
12049 12051
2782 2786
13999 14002
10696 10701
6820 6822
8777 8783
8855 8861
11615 11619
3128 3130
13648 13652
7545 7549
1441 1443
12214 12217
941 945
695 697
10819 10827
10329 10332
12525 12527
15625 15629
3888 3891
2677 2679
5379 5381
7329 7331
1656 1659
9894 9896
15933 15938
12280 12284
6099 6105
8456 8460
3649 3652
6993 6996
1684 1688
1815 1818
2406 2409
5909 5913
3056 3059
14063 14066
3056 3061
289 294
13362 13367
5090 5093
11452 11454
5048 5054
7501 7503
8492 8494
13217 13219
4122 4126
4587 4592
14737 14746
10437 10440
457 460
9299 9302
10178 10180
13768 13771
8864 8868
11947 11950
1199 1202
15128 15132
12064 12069
4656 4661
651 653
5739 5743
9200 9203
11127 11130
7077 7081
5015 5019
12491 12496
9338 9340
3176 3178
11611 11614
15374 15377
13600 13604
15062 15071
10703 10707
2588 2590
14115 14120
3115 3117
1723 1725
3339 3343
836 838
1818 1820
6048 6050
12128 12130
7178 7180
15566 15570
3852 3858
11235 11241
11338 11341
11271 11273
10479 10481
1525 1530
13488 13491
13790 13797
1540 1542
11074 11076
1735 1737
15218 15220
11630 11633
5819 5821
234 239
8289 8292
4607 4609
11271 11273
8457 8462
1364 1367
7767 7771
6837 6843
13122 13125
8381 8384
5213 5216
15394 15396
6605 6610
13348 13350
2192 2196
7674 7678
13209 13212
6184 6186
4190 4193
8985 8988
10407 10409
13956 13961
1 3
3203 3207
388 391
13445 13448
15675 15680
9672 9674
12873 12876
2577 2582
6210 6213
12823 12828
13627 13630
15649 15652
11921 11923
13755 13761
8029 8034
2183 2185
5762 5764
7920 7927
6349 6351
5254 5256
14954 14958
56 58
8239 8243
1702 1705
2347 2349
9393 9395
9898 9900
6096 6098
1554 1558
22 25
14232 14236
9323 9326
8290 8294
14974 14976
3254 3258
13993 13995
3211 3213
9900 9902
14487 14489
1960 1963
11045 11049
11060 11062
14795 14798
8541 8546
8956 8958
5352 5355
1430 1433
11101 11104
14072 14074
4341 4345
3072 3074
13458 13460
733 738
8247 8250
5411 5413
2013 2020
12908 12911
13274 13277
10768 10772
10849 10852
5117 5119
1010 1012
1913 1915
11485 11488
5162 5165
6684 6690
2355 2361
8054 8063
13576 13580
15234 15236
15280 15285
4373 4376
7467 7469
8305 8307
14510 14514
8711 8714
4597 4601
13243 13246
15468 15475
8460 8463
9616 9618
13306 13313
5872 5876
15318 15320
7385 7388
14934 14936
9715 9717
15652 15659
13354 13357
5986 5988
15177 15180
14798 14800
9169 9174
537 539
6126 6129
9868 9870
11768 11772
3861 3865
778 780
11641 11646
8527 8530
12116 12120
8822 8826
3371 3375
10362 10364
15000 15002
10450 10453
14144 14147
10895 10897
7483 7486
12596 12598
10807 10809
15267 15270
4207 4209
8218 8220
9665 9667
8885 8887
12630 12637
6233 6235
10309 10312
4617 4620
6178 6183
7943 7946
13978 13982
4953 4957
12778 12780
13741 13743
2852 2856
15540 15542
7169 7172
9307 9310
14036 14038
597 599
2925 2927
11514 11517
4242 4244
7169 7171
11823 11826
10230 10233
10981 10984
15584 15587
4062 4064
532 536
13038 13041
12175 12178
1823 1825
10245 10247
1373 1377
12366 12369
5848 5850
14857 14859
779 782
481 483
8476 8479
5913 5916
1522 1525
15358 15361
9818 9821
6514 6516
14144 14147
8705 8709
4551 4553
1803 1805
3102 3104
9747 9750
2569 2574
195 197
6589 6592
15813 15815
12490 12496
10744 10747
12713 12716
13436 13438
1624 1627
8191 8194
1710 1712
8079 8082
3941 3944
14528 14530
3591 3596
7123 7126
8494 8499
5739 5743
15087 15089
13113 13115
5732 5735
4312 4314
13493 13495
5223 5228
6354 6357
10489 10492
9471 9473
9427 9430
14663 14666
10451 10453
5684 5692
11871 11874
3088 3090
1995 1997
4041 4043
9281 9283
9159 9164
3971 3974
15087 15089
4575 4578
14295 14298
5206 5208
11222 11227
3177 3179
13622 13624
276 279
4278 4281
15386 15392
11641 11647
14448 14452
8514 8517
610 615
374 378
12549 12552
2637 2639
342 346
7766 7770
1745 1747
15416 15418
15343 15345
2254 2259
12319 12322
14100 14103
6828 6830
5307 5312
7742 7744
2592 2594
13220 13223
2920 2922
8648 8650
1731 1735
15634 15639
5403 5405
11686 11689
12832 12838
4581 4583
10748 10753
4528 4530
836 838
11424 11427
14448 14452
4303 4307
12625 12630
10994 10999
2105 2109
15507 15515
12222 12224
10168 10172
6232 6234
8738 8740
13416 13418
8982 8988
3869 3872
14007 14009
12880 12882
10296 10298
9489 9493
15736 15739
6730 6735
15602 15604
10792 10795
12466 12468
14348 14350
11785 11789
6027 6029
497 501
171 173
127 131
12041 12043
7979 7982
12528 12533
12611 12613
2647 2650
10759 10764
46 50
3347 3350
10336 10340
4838 4840
6396 6400
6523 6525
10505 10508
12441 12444
10984 10986
1933 1936
2033 2037
7282 7284
6 9
8290 8294
14105 14107
13177 13183
13440 13443
10778 10781
417 422
9287 9290
13563 13565
4015 4018
10104 10106
8176 8178
8340 8342
7702 7704
15193 15196
13053 13055
7645 7647
2109 2112
1077 1081
4317 4319
872 875
3387 3391
2196 2199
253 255
9323 9325
5650 5653
13720 13724
101 105
11327 11330
8854 8860
2481 2484
6361 6365
14695 14698
2524 2527
13336 13338
5785 5789
2647 2649
14382 14384
14839 14842
10849 10853
8267 8270
15420 15423
1607 1610
6997 7001
15625 15629
4395 4402
15563 15565
15739 15741
13040 13042
10465 10469
1444 1448
6450 6454
13903 13905
6752 6755
5660 5665
744 748
9305 9307
3555 3559
10166 10168
15441 15443
13790 13796
1664 1668
15250 15253
3540 3542
7532 7536
10597 10599
4390 4394
2267 2269
13107 13111
15683 15687
15482 15485
9027 9031
12043 12045
14261 14264
2020 2023
2748 2752
3402 3405
3153 3157
4545 4550
2219 2222
3151 3153
15616 15619
8573 8577
2761 2764
916 920
15393 15395
4011 4014
9045 9047
7165 7169
12344 12346
7680 7682
5881 5883
14707 14712
2810 2814
14046 14048
6730 6737
1307 1314
11706 11709
14869 14872
2070 2074
4265 4272
14863 14866
9583 9589
8607 8609
11625 11627
10500 10502
12914 12918
1049 1052
783 786
12804 12808
8476 8479
2081 2084
2035 2040
10449 10451
6413 6417
1767 1771
8114 8117
13441 13443
7032 7040
3030 3033
11341 11343
8809 8814
12372 12375
4463 4465
146 149
13858 13861
1793 1796
7803 7805
6662 6664
8855 8860
7532 7536
3415 3420
6631 6634
10715 10720
15146 15152
13064 13067
7369 7372
1517 1519
9391 9393
10322 10325
5894 5897
8282 8289
14760 14762
15584 15587
11341 11343
16086 16089
11251 11253
208 212
15806 15811
2243 2248
14451 14453
4612 4617
7443 7446
15207 15209
5697 5699
8904 8906
3522 3525
3466 3469
10765 10768
2772 2777
11257 11261
1523 1525
13739 13741
14515 14517
5447 5452
4171 4174
13291 13293
15529 15536
5022 5027
12251 12253
5839 5843
2174 2178
11113 11115
12752 12754
14420 14423
13725 13729
12348 12351
9258 9261
9670 9672
11106 11109
13403 13406
8384 8386
15203 15205
5995 5998
11470 11473
2894 2896
7230 7233
15742 15745
11201 11209
10510 10512
5894 5897
12303 12307
8115 8117
3607 3609
12838 12840
2906 2908
4015 4018
11315 11317
13770 13772
15147 15153
13332 13334
30 32
10474 10479
4176 4182
10489 10492
14332 14334
4454 4456
14766 14768
10682 10685
10420 10425
2933 2938
15874 15876
4466 4469
206 212
8629 8633
15406 15408
2338 2340
4858 4861
6380 6388
13762 13765
1268 1275
13168 13170
4098 4102
3291 3295
14580 14585
14210 14212
7714 7717
11627 11629
15196 15198
37 39
457 460
11502 11504
14083 14085
7298 7300
14298 14300
12960 12963
11495 11497
8948 8951
8342 8345
13605 13609
416 422
7458 7461
11517 11523
10961 10965
4387 4389
10997 10999
2420 2423
2301 2305
15265 15267
13306 13312
5430 5432
11592 11594
13058 13063
9008 9014
39 42
2885 2887
14295 14299
7937 7941
8695 8697
15680 15682
2718 2720
1476 1478
10528 10533
3512 3515
11628 11630
11026 11028
5600 5602
12960 12965
11769 11772
5269 5272
7640 7643
3640 3645
3039 3042
11464 11471
14563 14565
15435 15437
10925 10927
12702 12705
4597 4601
14621 14623
6784 6788
317 319
13951 13954
9104 9106
8453 8456
4564 4567
331 333
12290 12295
14480 14484
16020 16022
1859 1861
6569 6572
7116 7119
10377 10379
13069 13071
8222 8227
2729 2732
1791 1793
5748 5751
1665 1670
7193 7196
8808 8812
8580 8582
11168 11170
10653 10655
11264 11267
10072 10074
6863 6869
1675 1678
282 286
12161 12165
9166 9171
13852 13855
7714 7720
2667 2669
15992 15996
15520 15522
7524 7529
4683 4689
9046 9048
482 484
13640 13642
1063 1067
7463 7466
4275 4277
11559 11562
560 563
1391 1393
5266 5269
15675 15680
8572 8577
7625 7630
4755 4761
2664 2667
1922 1924
14358 14361
15140 15146
2765 2772
11635 11637
9695 9697
5057 5060
1376 1378
5112 5114
7604 7607
4003 4005
7429 7431
8124 8127
825 829
9809 9812
14355 14358
2090 2094
11992 11994
14042 14044
955 957
959 961
10884 10886
4620 4623
12217 12219
15320 15326
5177 5179
15273 15277
5468 5470
5223 5228
14061 14063
5364 5368
12960 12963
9739 9741
8931 8935
6896 6900
6450 6452
9193 9195
4091 4097
13122 13128
5894 5898
185 187
14128 14130
12920 12924
9739 9741
15146 15152
9998 10000
6769 6771
6550 6554
9828 9830
15475 15478
8927 8930
3141 3143
15206 15209
9727 9729
2133 2136
15857 15859
98 101
3967 3971
14937 14942
15381 15384
2324 2327
8410 8414
4317 4319
10754 10758
6257 6262
11994 12000
9937 9940
13755 13761
3411 3413
5951 5953
348 352
9596 9600
7477 7481
6415 6420
14880 14884
14837 14839
8154 8157
5512 5515
8208 8210
10258 10265
16058 16060
16031 16033
9561 9564
327 330
1284 1286
9831 9833
11549 11551
7327 7329
10139 10142
3473 3478
1693 1695
2795 2798
12512 12514
3066 3071
9433 9437
4751 4754
5138 5140
10646 10649
5944 5950
15475 15478
14707 14712
3184 3187
5827 5830
11946 11950
13400 13403
4082 4084
7633 7637
14514 14517
15525 15528
300 304
13682 13686
6344 6347
887 890
5030 5035
5684 5691
4699 4703
884 887
3274 3277
16050 16055
12293 12296
12680 12682
16013 16018
10027 10029
7550 7553
13058 13061
1474 1476
15164 15169
8189 8191
7633 7637
8187 8189
333 336
9923 9927
2524 2528
2471 2473
11653 11656
15723 15726
13107 13111
5331 5334
2621 2624
7771 7773
5209 5212
14714 14717
320 322
6195 6199
2000 2002
2156 2159
2723 2727
5818 5821
10300 10306
15410 15415
2118 2121
7577 7579
8977 8980
3381 3383
4395 4402
2186 2189
2074 2076
4301 4303
4103 4108
13424 13426
11641 11646
11757 11761
10401 10403
13674 13676
12175 12178
5585 5587
4888 4894
12630 12637
4551 4557
3959 3962
3910 3913
7381 7383
10315 10320
1695 1698
53 58
4197 4205
15441 15443
2549 2553
12055 12062
11114 11118
5961 5963
11991 11993
15424 15430
15457 15459
15638 15640
13033 13035
7902 7905
3438 3441
5725 5727
11856 11858
11110 11112
2484 2487
9403 9407
6177 6180
2448 2450
14544 14547
15175 15177
6766 6769
13892 13896
2744 2748
6580 6583
9804 9806
9889 9892
2679 2683
1675 1678
7094 7100
15304 15309
9497 9504
1085 1087
13475 13478
9419 9421
270 274
8855 8860
5509 5512
3759 3761
3980 3982
12997 13001
7982 7989
11964 11967
15419 15422
14303 14306
8235 8237
7304 7306
7501 7503
5444 5447
7625 7630
7811 7813
11170 11172
13291 13294
14693 14698
12072 12074
2713 2715
7622 7630
13358 13361
12404 12408
1948 1950
2307 2309
6695 6697
10325 10329
12013 12016
10888 10890
10278 10284
11439 11441
6002 6004
11540 11544
8257 8259
5841 5844
2333 2336
15125 15127
13149 13152
3401 3403
12802 12804
12386 12392
13620 13622
9850 9852
3977 3981
441 444
7665 7667
4103 4108
10698 10701
11452 11454
12005 12007
383 386
10102 10104
10718 10721
380 382
298 300
9923 9927
1889 1893
15531 15536
5491 5495
7341 7344
2262 2264
1547 1549
7173 7175
604 606
9932 9936
8553 8555
13612 13614
1239 1242
11649 11651
8907 8912
15875 15879
5585 5587
4421 4424
7223 7230
243 246
2837 2843
14746 14749
3522 3524
5136 5138
8573 8577
15507 15515
1645 1649
5739 5742
10937 10940
4144 4151
2792 2795
7554 7556
11014 11018
506 508
14900 14907
9581 9589
15796 15798
11097 11101
15055 15057
626 631
6906 6908
14469 14472
491 494
13238 13241
693 696
4162 4167
9153 9156
9027 9031
784 787
2761 2763
9332 9335
3050 3053
4676 4679
15733 15736
13938 13941
3338 3340
10799 10801
1505 1507
4144 4151
7450 7453
8649 8651
4604 4607
4015 4018
3899 3901
1936 1941
4074 4076
8777 8782
13383 13385
7398 7401
12077 12080
11120 11122
10142 10146
2207 2212
1636 1638
4719 4723
6215 6217
865 867
13558 13563
1713 1715
3660 3664
6013 6017
1022 1025
11590 11592
2862 2866
12197 12200
10131 10135
14103 14105
8024 8029
14947 14949
689 691
3781 3783
5518 5520
489 491
7813 7815
15853 15855
14872 14875
33 36
13223 13227
7982 7987
6721 6723
4077 4079
8920 8922
8190 8194
721 723
9793 9798
10967 10970
276 280
5392 5394
5030 5036
7620 7622
11934 11937
5894 5897
8034 8037
11437 11439
7393 7396
437 440
2054 2060
5394 5397
7399 7401
16075 16079
9902 9904
13807 13809
14130 14133
12948 12952
3640 3645
1628 1630
2309 2314
1908 1910
1492 1494
6344 6347
15649 15652
14493 14495
146 148
14742 14746
14025 14029
12055 12062
11901 11908
551 555
11625 11627
440 442
13218 13220
1036 1039
6336 6338
11004 11008
1898 1901
1347 1354
9294 9296
12141 12143
10492 10496
8250 8254
10585 10588
11967 11969
4607 4609
16066 16068
15671 15673
4291 4293
15156 15158
7063 7068
12496 12501
10741 10744
4578 4581
11062 11064
5844 5846
4672 4674
4185 4189
116 121
6163 6169
14150 14153
3182 3184
15055 15057
1398 1400
7980 7982
497 503
13596 13598
9075 9078
3236 3239
2309 2314
679 681
7793 7795
12673 12675
7347 7351
6615 6617
4405 4407
11566 11569
7733 7736
9018 9020
484 487
2569 2574
6215 6217
14970 14972
3358 3361
14796 14798
15120 15122
10315 10320
12847 12851
7207 7209
3762 3766
4039 4041
13006 13011
7142 7145
11164 11167
2960 2965
620 623
13578 13581
248 252
12001 12003
7249 7253
9948 9954
1958 1961
5973 5975
6435 6437
7379 7381
6284 6289
14317 14319
12408 12412
8499 8502
14279 14281
6299 6302
2330 2332
9400 9403
6769 6771
11233 11235
7547 7549
15162 15164
14863 14867
15423 15428
10704 10707
9410 9412
11700 11704
15354 15358
4483 4486
2938 2941
9921 9925
13643 13645
13870 13872
2161 2166
9193 9195
8663 8666
5219 5223
3214 3217
6078 6081
5138 5142
7059 7061
10715 10718
2582 2584
12694 12698
7542 7545
3455 3457
3385 3387
10204 10206
168 170
4443 4446
8808 8812
14551 14554
15784 15788
4882 4884
2823 2825
13398 13402
1764 1767
5169 5171
2669 2671
61 64
2297 2299
388 390
149 152
11142 11145
9567 9571
4564 4569
3962 3966
7871 7874
6851 6854
7250 7256
13624 13627
2070 2074
15820 15826
46 51
10400 10403
13115 13117
2140 2142
821 823
2414 2416
7961 7963
16042 16044
14310 14314
9878 9882
1094 1097
15106 15108
15652 15659
2820 2822
5079 5083
716 721
3660 3662
1411 1414
6422 6426
436 438
2109 2115
15120 15123
15903 15907
12266 12269
7887 7890
1876 1879
11761 11767
4082 4084
3402 3405
14932 14934
3772 3777
15652 15659
14531 14533
13048 13051
3729 3733
3174 3177
1177 1180
7412 7415
8271 8273
4994 5002
9297 9299
14751 14756
2658 2664
11360 11363
12491 12501
1631 1634
1774 1777
9812 9816
15776 15781
10992 10997
897 899
11057 11059
10279 10285
15754 15756
1334 1336
647 649
300 304
12889 12891
15270 15273
145 148
8077 8080
5727 5734
7223 7230
13590 13595
9190 9193
12467 12469
5057 5062
4578 4581
13001 13004
1130 1133
8964 8966
10279 10284
2092 2095
3747 3749
6320 6322
7412 7415
12293 12296
8158 8160
10940 10944
4066 4070
11268 11271
14785 14789
8536 8541
10819 10828
11604 11607
2105 2108
1172 1174
532 536
3621 3624
6724 6726
6873 6879
7506 7509
8200 8204
915 920
6272 6277
10387 10390
12664 12670
12740 12745
615 618
16056 16059
63 65
13132 13135
11875 11878
8301 8304
11083 11085
5405 5408
9500 9506
1396 1398
11691 11695
102 106
13882 13886
6213 6215
1100 1102
12689 12691
6078 6082
3383 3385
9234 9238
3232 3234
8304 8307
13083 13086
4683 4687
8969 8976
14563 14566
12020 12023
6354 6357
6361 6365
15152 15156
15437 15439
5607 5611
2861 2863
8861 8865
3139 3142
10121 10125
5505 5509
7403 7406
6519 6521
11981 11984
15328 15333
13267 13269
3473 3478
12847 12856
2795 2798
9527 9533
7798 7802
9027 9032
6317 6320
7150 7155
11943 11945
12111 12114
13273 13275
13173 13175
8502 8506
14241 14244
1456 1458
3251 3253
906 908
2774 2777
12664 12670
2343 2346
1689 1691
6160 6163
15626 15629
7949 7951
12084 12086
13499 13504
11074 11076
10108 10110
7438 7440
5552 5554
180 184
3561 3563
10258 10266
16037 16040
13998 14000
838 840
16022 16026
46 51
2448 2450
12739 12741
7820 7823
6491 6494
15845 15852
2837 2843
15077 15079
1698 1701
5473 5475
5722 5724
8320 8323
2971 2974
3464 3466
13340 13342
9433 9437
5343 5345
12132 12134
9665 9667
8838 8843
15765 15769
10494 10498
12496 12501
15146 15152
11957 11964
7770 7772
8514 8517
1226 1228
10494 10496
14935 14937
13179 13183
15659 15663
6737 6739
8639 8641
1968 1970
5289 5291
9299 9302
2934 2939
4452 4454
3929 3931
14795 14798
447 451
3203 3207
12520 12523
14237 14239
8214 8217
398 400
9537 9541
6265 6267
3741 3743
2451 2455
4664 4667
14491 14493
7702 7704
5466 5468
9835 9837
692 695
15433 15435
1387 1389
9094 9098
11662 11665
2152 2154
14928 14930
10325 10329
14910 14917
6426 6429
14842 14847
11973 11976
13578 13580
11091 11093
1856 1858
1081 1084
8723 8727
213 215
11916 11918
3036 3040
5301 5305
3092 3096
14145 14147
4486 4490
1174 1177
4066 4070
14640 14646
8462 8465
3664 3666
10932 10934
12468 12471
2607 2610
9742 9744
2923 2925
6913 6916
12752 12754
9980 9982
8639 8642
10782 10784
7750 7753
1747 1751
8297 8301
13460 13462
14012 14014
8727 8732
7599 7602
15992 15996
2325 2327
9553 9558
14815 14822
13306 13312
11494 11496
2320 2324
14148 14150
6346 6349
4081 4083
2515 2519
15173 15177
10048 10052
2577 2581
7697 7700
12496 12501
6548 6550
2982 2986
6876 6879
4626 4628
10994 10999
6501 6503
3489 3491
3441 3445
2723 2727
5433 5435
3925 3929
12974 12979
8063 8072
8766 8770
36 38
6439 6441
4269 4273
9969 9972
3699 3702
15305 15309
13291 13294
9702 9705
8802 8805
2765 2772
13195 13200
10805 10807
6857 6860
4578 4581
10071 10073
12792 12796
3108 3115
2986 2988
1254 1258
10492 10494
15593 15595
11016 11021
3794 3796
2212 2214
11527 11530
25 27
13748 13751
11633 11635
13873 13878
12982 12984
8309 8311
6746 6748
7999 8002
1684 1688
3899 3903
1003 1005
13844 13849
3053 3055
3118 3121
11343 11347
15610 15613
3351 3354
6720 6723
9970 9973
5789 5794
1459 1463
1942 1945
15546 15550
507 510
2801 2803
15934 15938
2469 2471
2273 2275
3799 3804
208 212
6331 6334
333 336
9008 9014
9839 9842
10087 10091
12786 12791
13052 13054
423 425
8279 8282
5595 5597
906 908
6098 6105
13449 13453
12428 12430
8176 8180
6035 6040
6062 6065
14105 14107
10759 10762
107 110
1337 1340
9624 9628
89 96
8948 8951
1062 1066
14840 14842
5718 5721
15834 15837
3804 3807
12579 12584
8282 8289
11009 11014
4080 4082
11570 11572
5466 5468
1827 1830
4457 4459
12110 12112
4218 4222
14016 14018
5598 5600
9780 9782
14104 14106
9760 9763
13076 13082
13257 13261
13417 13419
13930 13932
13011 13014
2392 2398
6154 6156
9666 9668
1846 1848
5540 5544
8015 8018
1525 1530
5418 5420
2908 2910
9436 9439
4612 4617
7094 7098
4642 4645
3920 3923
7999 8002
15961 15963
1268 1273
14217 14220
5966 5969
10731 10736
14766 14770
2782 2786
14466 14469
4941 4944
10572 10577
9282 9285
2960 2965
8466 8469
1546 1549
15792 15795
12188 12193
6663 6665
15153 15156
8168 8171
3532 3535
6548 6554
2383 2385
12064 12069
12713 12716
6005 6010
12754 12756
8993 8995
11582 11586
1903 1907
11837 11841
2907 2910
7529 7531
12473 12475
9441 9443
4543 4545
3415 3420
7524 7529
1135 1137
9648 9650
10789 10792
5349 5351
8829 8833
14686 14689
4102 4108
12836 12838
10001 10005
7714 7717
8410 8412
15019 15023
11897 11899
10142 10146
7509 7511
8664 8669
14751 14756
9703 9705
13768 13771
8965 8967
8700 8702
3234 3236
9897 9899
8524 8527
8593 8596
6107 6109
12489 12491
7847 7852
10436 10438
4981 4983
4198 4205
13695 13697
1436 1439
1716 1719
9906 9908
10740 10742
15692 15694
8377 8380
9185 9188
3308 3311
3077 3083
12348 12351
11142 11144
13284 13287
15396 15399
8547 8552
7717 7720
1043 1046
7700 7703
2896 2899
1976 1978
2658 2661
6051 6053
15494 15496
6671 6676
661 665
270 275
4880 4882
7640 7644
9605 9610
5250 5252
3493 3496
1172 1175
5269 5272
11473 11477
15634 15639
7887 7890
11957 11964
4089 4091
13125 13129
10884 10888
6743 6745
9500 9504
15902 15907
7664 7667
348 352
14713 14715
13340 13342
15908 15913
3600 3607
2338 2341
12447 12450
13852 13855
15292 15296
14978 14981
14535 14537
12323 12328
11075 11077
3823 3825
10542 10545
4033 4037
5027 5030
3767 3771
4157 4162
6712 6714
14043 14045
14181 14185
10465 10469
1337 1340
7219 7221
14378 14380
2723 2729
13718 13720
10400 10403
2317 2324
9793 9798
2430 2434
13558 13561
6626 6628
14684 14686
2186 2190
13819 13822
15774 15776
7467 7470
13306 13312
9889 9892
3504 3506
8847 8851
9619 9621
4738 4741
3355 3359
14576 14580
4127 4130
5357 5359
4324 4326
1323 1326
15466 15468
2364 2366
4379 4383
12062 12064
6017 6022
11030 11036
2161 2166
9527 9533
10551 10553
8262 8264
9534 9537
9048 9051
10279 10284
4465 4468
4340 4345
12178 12181
3408 3411
5177 5179
5324 5328
8393 8395
794 799
9162 9166
13682 13686
8063 8074
4605 4608
8374 8376
14536 14538
8792 8794
15132 15134
15555 15558
3126 3128
1510 1513
10136 10138
9318 9323
3929 3931
5923 5926
14768 14773
6430 6433
11336 11338
13673 13676
631 638
7187 7191
14880 14884
10742 10744
5914 5918
12999 13002
9567 9571
6151 6154
1022 1025
2723 2727
11257 11263
11060 11062
3607 3609
1567 1570
3819 3822
8238 8240
3929 3931
6111 6117
1380 1383
15695 15698
13187 13191
2237 2239
4162 4167
7424 7426
16106 16109
9312 9314
10433 10436
2222 2224
2810 2814
4958 4960
9818 9822
7063 7066
7509 7512
3401 3403
1793 1795
15062 15069
2047 2049
4781 4783
3700 3703
6804 6806
10466 10469
2327 2329
2167 2169
12920 12924
1389 1391
2342 2345
12366 12369
12379 12381
6526 6532
1865 1867
11157 11161
855 858
7602 7604
12600 12602
14115 14120
11071 11074
12656 12658
7909 7911
8907 8912
2412 2415
4855 4857
12281 12284
6619 6623
5958 5960
7111 7116
16111 16113
5301 5304
10213 10216
9496 9500
6642 6646
5799 5802
12384 12386
15605 15607
1518 1520
2991 2995
1183 1186
14170 14173
16086 16090
9705 9707
5883 5885
11083 11086
13858 13862
14452 14454
6746 6749
4668 4670
10578 10580
15146 15152
12851 12856
5918 5920
8246 8250
7532 7536
3637 3640
143 145
11310 11313
9459 9464
6550 6554
482 484
4406 4409
14809 14812
5700 5703
16068 16070
4708 4713
2641 2647
2355 2361
4779 4783
13027 13033
9579 9581
1484 1486
7352 7354
7826 7829
15845 15851
4759 4761
2386 2388
11887 11889
3065 3071
6925 6928
8418 8423
11677 11679
7639 7643
9149 9153
10905 10907
2723 2727
12741 12745
1815 1818
14689 14695
8904 8907
15340 15342
9817 9821
5626 5628
1386 1388
9915 9917
6369 6372
7259 7261
10523 10526
3987 3989
13525 13528
6225 6227
5002 5012
10401 10404
2739 2742
11087 11090
10485 10487
11102 11106
8020 8022
1030 1033
3187 3193
4260 4262
9059 9062
13346 13348
2320 2324
1293 1295
5941 5944
12055 12062
2478 2481
42 45
14965 14969
5766 5769
13499 13501
15670 15672
7366 7368
12924 12926
4629 4633
10828 10832
8995 8999
1429 1431
6503 6506
15280 15284
10473 10478
4713 4716
13463 13466
13046 13048
12796 12801
2170 2173
8891 8893
1067 1073
3655 3657
3185 3187
14244 14247
7250 7256
7021 7025
3317 3321
12112 12115
6237 6239
9719 9721
14541 14543
13511 13514
14701 14706
32 36
6227 6229
10819 10827
1283 1286
583 588
10097 10100
10210 10213
2941 2943
7946 7949
9266 9268
4218 4222
14197 14201
10279 10284
5654 5658
4545 4549
10765 10768
7640 7644
2266 2269
2041 2045
9423 9427
8034 8037
11596 11598
14570 14574
9319 9325
6511 6514
12955 12958
9751 9755
1924 1926
10819 10827
7148 7150
12873 12875
12873 12875
4410 4413
3852 3858
9958 9961
15778 15783
2233 2235
1367 1370
2720 2723
7673 7675
7227 7232
4008 4011
746 750
2894 2896
9288 9291
3762 3767
4328 4330
4383 4385
14663 14670
14735 14737
2630 2632
9573 9575
6548 6550
10870 10875
2320 2324
8181 8185
3185 3192
13630 13632
337 341
14472 14474
6509 6513
8449 8453
10698 10703
8063 8072
631 635
10553 10555
3907 3910
9837 9839
5694 5696
7945 7948
2047 2049
5108 5112
11826 11830
10225 10228
6154 6156
2806 2808
12357 12362
9081 9084
8638 8641
6509 6513
9747 9750
15860 15862
7554 7556
11959 11964
7994 7996
3932 3935
6706 6709
10433 10436
6312 6315
8809 8812
7538 7542
6882 6884
4969 4971
5815 5817
7087 7091
15452 15455
8957 8959
10494 10498
5649 5651
10533 10536
13206 13208
15496 15498
11150 11152
6317 6320
331 333
2861 2863
12307 12309
2641 2644
4070 4074
1444 1448
12616 12621
13836 13840
11855 11858
6907 6909
1378 1380
8151 8153
2007 2012
1837 1842
15045 15049
13881 13885
5841 5843
6341 6344
2837 2843
15947 15949
14576 14584
14371 14374
9109 9113
4493 4499
1077 1080
1817 1819
9839 9842
10243 10245
9738 9741
11254 11256
13609 13611
13377 13380
426 431
4888 4894
4471 4473
5696 5698
6555 6560
6610 6612
1445 1448
8360 8363
4597 4601
6768 6770
1326 1329
6053 6057
14689 14693
11900 11907
14751 14756
6565 6567
6374 6376
10934 10937
1061 1063
3711 3713
10200 10203
7692 7697
9004 9006
16073 16075
9220 9222
11700 11703
15119 15122
999 1001
15740 15742
12801 12804
7823 7829
8590 8594
3916 3920
1039 1042
8666 8671
8948 8951
9467 9470
1189 1191
6117 6120
12064 12069
3641 3645
5254 5256
12 15
15406 15408
9189 9193
13864 13866
6908 6911
5368 5370
10561 10563
9068 9070
14104 14106
12722 12724
7727 7730
10289 10291
3841 3843
9204 9207
146 148
10466 10471
14501 14505
10312 10315
5654 5657
11718 11723
8457 8460
2125 2127
14493 14495
6273 6277
1905 1908
12080 12084
2560 2563
1490 1493
4516 4522
14666 14670
4859 4863
7306 7308
13456 13458
12511 12513
9071 9075
11667 11669
10035 10038
5178 5180
3962 3966
5528 5530
2251 2253
6199 6204
7313 7319
5394 5397
10266 10268
14936 14941
1039 1042
5142 5144
1008 1010
2818 2820
15250 15254
5579 5581
9883 9885
4779 4783
11333 11336
15765 15769
5338 5340
8168 8171
3572 3577
15538 15540
2355 2360
1234 1236
5773 5775
8176 8180
3368 3370
13776 13780
1319 1321
10181 10184
14220 14223
7469 7474
3151 3153
3063 3065
2243 2248
388 390
15008 15010
214 216
14942 14944
11280 11282
10125 10128
12982 12985
1170 1172
9287 9290
4888 4896
12501 12503
5185 5188
5832 5834
10918 10920
8536 8540
2400 2402
536 538
5700 5703
3486 3488
4340 4345
10984 10986
818 820
12736 12738
11969 11971
6542 6544
7061 7063
7207 7209
13962 13965
3074 3076
10433 10436
984 991
3466 3469
15806 15810
15457 15459
15909 15913
12290 12293
3274 3276
908 913
14053 14059
1125 1127
16047 16050
12503 12506
4223 4227
6005 6009
14497 14500
11737 11740
15934 15938
3780 3783
14960 14963
4341 4347
11248 11250
8363 8365
9393 9395
1324 1328
12645 12649
4191 4193
14548 14554
3662 3664
12273 12275
11866 11870
11066 11071
2009 2013
3036 3039
3204 3208
6054 6057
15496 15498
2067 2070
8805 8808
11603 11605
11514 11520
359 362
10315 10318
2182 2184
7045 7047
2794 2798
23 25
15970 15973
8176 8180
14094 14098
7875 7880
12157 12159
14785 14789
6284 6290
11780 11783
3719 3724
1952 1954
5290 5292
6716 6720
13600 13603
9423 9427
12514 12516
14707 14712
327 330
1551 1553
8898 8901
1280 1282
229 232
8091 8094
2385 2388
10371 10373
15531 15536
3506 3509
14137 14139
503 505
8074 8077
9282 9285
14677 14679
1643 1645
6267 6270
5050 5056
11431 11435
6366 6368
6558 6560
12823 12828
14288 14291
14880 14885
7031 7035
9 11
4014 4016
15990 15992
9048 9051
11604 11607
7751 7753
5345 5348
13879 13881
7383 7388
10658 10664
3546 3549
5476 5479
2373 2375
8988 8992
5581 5583
15099 15103
13833 13836
5879 5881
3588 3591
8907 8913
3681 3685
1067 1073
10918 10920
12792 12796
8677 8679
4872 4876
11164 11166
7341 7343
322 326
3812 3814
1545 1547
10945 10947
2837 2846
13687 13693
10895 10897
7711 7714
1124 1127
11459 11463
8914 8917
9549 9553
10351 10353
15500 15507
15704 15708
13287 13293
14517 14520
10266 10268
8024 8029
8603 8606
10370 10372
11490 11492
9546 9548
11710 11712
7068 7070
8215 8218
5825 5827
13395 13397
8709 8711
2080 2082
13120 13125
10007 10013
14737 14742
11588 11590
13183 13185
15280 15284
6613 6615
4822 4825
3861 3863
7648 7651
8055 8063
12451 12453
4637 4639
1884 1886
4897 4899
10935 10937
5573 5575
8928 8931
5826 5828
107 110
1523 1530
3427 3429
422 424
7518 7520
937 945
8137 8140
3814 3816
10565 10569
5805 5807
1719 1721
13167 13170
12392 12396
2765 2772
9063 9066
9443 9448
1901 1905
195 197
11728 11730
4909 4911
8582 8585
4198 4205
10689 10692
1183 1186
2133 2136
8474 8477
1522 1525
14619 14622
7625 7631
6915 6917
4376 4378
4466 4468
13238 13241
1317 1320
957 960
4154 4157
15371 15373
9970 9973
12920 12924
3040 3042
3877 3882
13825 13829
14181 14183
684 689
15027 15031
9347 9349
1936 1941
3983 3985
8565 8567
7902 7905
14707 14712
9149 9151
980 982
8770 8773
11348 11350
15017 15019
3217 3220
12659 12662
15290 15292
14063 14066
12307 12310
9573 9575
9523 9525
2299 2301
3574 3577
253 255
12969 12971
1552 1554
15829 15831
11790 11793
4189 4191
2051 2054
344 348
9164 9169
1436 1438
14894 14899
8305 8308
9185 9189
7115 7118
11372 11375
155 158
10942 10945
12359 12363
4537 4540
12366 12369
8029 8034
15859 15861
12664 12669
8855 8860
11347 11349
6296 6299
13451 13454
2650 2657
10968 10971
3096 3100
4395 4402
2062 2067
9433 9437
8200 8204
8282 8289
8346 8348
11508 11510
976 978
149 152
14243 14247
4887 4894
3684 3686
3767 3771
2000 2002
14045 14047
3893 3895
3260 3262
410 414
6925 6928
7046 7048
4491 4493
11563 11566
13549 13553
10149 10151
11784 11789
13961 13965
15719 15721
14347 14350
15484 15486
15888 15891
5473 5476
4144 4151
5043 5046
15156 15159
10144 10147
8165 8167
12905 12908
4783 4788
14053 14059
8232 8235
7852 7854
5347 5349
6199 6202
12265 12268
5391 5393
11395 11401
7132 7135
4419 4421
3792 3794
15841 15843
7937 7939
6650 6652
5738 5742
5570 5574
6202 6206
13195 13200
7253 7257
12467 12469
8964 8966
8955 8957
1611 1615
15888 15892
10889 10891
7880 7882
5579 5581
8430 8432
15478 15481
5125 5127
7880 7884
2166 2168
14532 14535
8855 8860
11563 11569
13947 13950
14768 14773
14072 14075
1713 1716
6739 6741
7542 7545
1463 1465
1970 1973
4494 4499
3812 3814
14406 14409
5703 5705
14961 14964
4716 4719
3823 3825
12466 12468
12139 12141
11320 11324
4081 4083
13320 13324
11053 11057
4295 4298
2644 2647
9471 9475
12613 12615
11179 11181
441 444
5123 5125
337 341
15179 15181
12657 12659
10230 10233
15781 15784
10181 10184
2007 2009
4980 4983
5241 5243
13451 13454
13512 13515
14567 14570
14559 14561
4121 4125
5374 5376
5698 5700
3811 3813
2081 2084
6755 6758
8935 8938
15719 15721
15185 15189
5208 5210
14157 14161
15055 15057
9658 9661
2124 2127
5094 5096
10689 10692
11573 11575
5437 5441
8590 8593
8766 8770
3204 3207
16003 16005
6808 6812
7416 7419
410 414
4915 4918
6526 6534
6605 6609
6058 6061
9804 9807
8137 8140
7581 7584
8988 8993
13220 13223
12604 12606
8932 8936
15996 15998
13693 13696
15558 15562
6709 6712
2355 2360
10540 10542
8191 8195
7173 7178
3160 3167
3443 3445
8525 8527
2143 2145
7209 7211
4359 4363
14836 14838
9450 9452
2943 2946
7014 7019
9839 9843
4098 4102
11385 11388
12664 12669
5642 5645
4994 4999
10322 10325
10140 10144
204 206
15062 15069
4385 4387
4988 4990
9443 9448
11826 11830
14749 14751
10258 10265
2212 2214
8815 8819
8129 8134
12423 12426
7999 8002
14591 14593
12225 12228
5708 5710
4427 4430
9080 9082
13833 13836
5946 5950
6184 6186
5923 5926
8349 8353
6796 6799
9751 9753
10249 10252
15163 15165
8336 8339
11723 11725
7463 7465
4593 4596
7936 7939
10878 10881
10712 10714
13822 13824
12506 12509
12488 12490
3393 3395
6396 6400
2537 2539
11813 11815
6521 6523
14625 14627
10674 10677
14570 14574
4410 4412
12044 12046
8922 8924
4449 4452
7819 7822
5828 5831
2396 2400
4331 4336
7965 7967
8205 8208
11700 11703
10431 10433
8700 8702
15439 15441
4000 4002
5607 5611
6156 6158
12861 12864
138 140
14276 14281
4035 4039
7461 7463
5056 5060
7006 7009
2843 2846
2193 2196
6390 6392
6039 6042
266 268
13987 13990
5128 5130
12884 12890
4293 4295
15058 15060
756 758
12777 12779
14663 14666
14701 14706
10270 10274
6331 6333
405 407
79 82
7166 7169
6807 6812
2872 2874
11455 11457
4574 4577
4341 4345
9328 9330
10069 10071
15845 15851
8777 8782
2228 2231
10693 10695
6796 6799
11076 11079
15482 15485
8485 8488
5612 5615
15183 15185
12974 12979
7762 7764
7919 7927
1631 1634
8558 8561
10635 10637
6739 6741
1554 1558
2695 2704
3079 3083
8502 8505
2803 2805
6170 6175
14586 14589
1424 1427
5651 5653
11648 11651
373 377
3632 3637
2035 2040
6142 6147
14993 14995
13858 13862
11753 11755
14498 14500
2382 2385
11574 11576
14306 14311
14036 14038
3822 3824
8927 8930
14007 14009
4888 4894
8855 8860
1552 1554
11181 11184
9233 9235
1199 1202
10503 10505
2451 2456
4098 4103
11278 11280
1796 1799
10682 10685
7264 7266
10569 10571
8656 8660
1997 2000
12999 13001
12398 12400
8970 8976
10608 10610
9166 9169
89 96
8766 8769
14815 14820
6429 6433
4721 4723
4442 4446
6437 6441
225 229
13864 13866
3022 3024
11494 11496
13844 13848
5038 5041
1306 1314
487 489
9642 9644
14551 14554
14950 14954
2250 2252
4084 4086
417 422
7373 7378
440 442
7845 7850
3905 3907
9330 9332
3193 3197
3758 3761
13645 13648
14306 14310
10335 10340
7632 7635
12630 12637
9259 9263
15092 15095
4005 4008
6514 6516
9778 9780
5844 5847
6475 6480
11854 11856
7098 7100
4522 4525
1063 1066
6347 6349
13752 13754
693 695
10500 10502
10572 10577
937 941
11914 11916
10029 10032
9572 9574
1280 1282
6923 6925
7470 7474
4103 4108
9288 9291
794 799
6630 6634
1858 1861
13555 13557
1124 1127
15737 15739
12416 12418
14637 14640
12288 12290
407 409
13054 13058
348 352
4499 4501
11700 11703
234 239
8487 8489
892 894
1631 1634
11512 11514
12485 12488
2295 2297
13736 13738
6534 6536
14654 14657
11557 11560
13451 13454
11579 11582
11509 11511
12268 12270
3506 3508
1691 1693
8267 8269
1634 1636
11139 11141
9109 9113
1215 1221
12028 12030
15672 15674
12575 12578
10715 10718
15437 15440
3439 3443
14261 14266
11596 11599
11514 11517
8723 8727
4563 4567
6257 6262
838 840
9534 9536
11300 11302
8861 8864
4664 4667
619 621
10102 10104
9744 9746
4336 4339
8536 8540
1268 1273
15089 15091
5986 5988
10333 10335
1641 1643
11142 11144
5433 5435
11953 11957
1473 1475
8080 8082
12167 12170
14658 14661
2045 2047
7816 7819
11040 11042
9189 9193
831 835
5828 5831
12250 12252
7905 7908
12278 12280
6541 6544
660 664
6570 6573
12261 12265
11601 11603
11261 11263
14424 14426
9904 9906
14358 14361
5600 5603
10598 10601
3771 3776
7286 7289
15451 15454
6658 6662
10050 10052
5808 5811
11142 11145
3994 3996
9485 9488
3717 3720
14424 14426
15749 15751
10740 10742
15862 15868
10453 10455
6526 6532
7711 7717
6178 6183
487 489
14220 14224
11381 11384
13484 13487
14561 14563
6828 6830
623 626
6993 6997
9987 9992
9008 9014
10496 10498
819 821
5083 5085
4168 4171
11124 11126
6924 6926
3295 3297
9364 9369
11152 11155
14908 14912
8948 8951
1163 1169
1186 1188
14880 14884
7198 7201
5813 5817
2167 2169
5926 5928
6250 6253
4888 4894
11065 11071
13499 13501
3611 3613
8072 8074
5563 5566
2761 2764
467 471
12865 12868
8589 8593
9151 9154
14448 14452
12103 12107
6548 6550
4242 4245
4478 4481
8395 8397
7976 7978
14343 14347
1488 1490
5883 5885
9166 9171
10071 10073
4373 4376
3268 3276
12551 12555
13163 13166
1306 1314
15133 15135
3268 3274
696 698
10583 10587
2852 2856
1703 1705
326 329
2971 2975
14852 14857
2555 2559
13866 13868
1157 1159
10244 10246
213 215
10514 10516
1408 1410
12403 12405
11488 11490
12323 12328
5352 5355
15203 15205
13036 13038
3471 3475
6242 6245
3737 3739
13787 13790
4144 4152
8075 8077
4948 4950
2867 2870
15393 15395
2744 2747
7920 7927
6929 6933
4063 4066
808 811
2121 2124
5219 5223
10336 10340
1445 1448
7645 7647
9621 9624
7939 7942
3994 3996
13642 13644
4302 4304
2977 2979
4075 4077
7761 7763
3847 3850
6165 6169
15893 15897
4927 4931
9437 9439
8629 8631
13105 13107
14327 14329
3302 3304
8029 8034
15748 15750
13023 13026
14896 14899
1989 1991
13235 13238
255 258
14281 14285
13537 13540
2818 2820
11855 11858
7916 7920
12516 12518
6737 6739
13402 13406
13027 13030
6484 6487
8614 8619
13306 13313
11332 11335
11367 11372
13440 13443
8970 8976
11139 11141
2509 2513
7937 7939
13658 13660
15482 15484
294 296
13177 13183
13558 13561
4693 4698
8707 8710
5193 5197
8034 8038
15392 15394
11801 11804
7313 7319
2 4
5675 5677
3244 3247
10828 10832
2148 2152
2156 2159
1956 1960
9945 9948
6562 6565
3860 3863
2169 2173
8354 8359
13901 13905
11874 11877
10400 10403
10418 10420
11755 11757
4957 4959
204 206
9398 9400
5129 5131
14013 14015
9421 9423
10381 10383
6005 6009
6488 6492
13969 13973
6183 6186
2960 2965
3591 3596
10230 10233
1209 1211
4775 4781
12023 12025
11125 11127
916 920
8851 8853
8343 8345
267 269
13058 13061
10925 10927
12091 12093
3920 3923
10838 10843
797 799
11679 11681
14167 14169
8656 8660
735 738
13580 13582
15435 15437
15165 15169
6257 6260
195 197
8227 8229
13940 13942
3139 3141
3662 3665
2094 2096
2041 2044
583 588
2871 2873
13076 13081
6937 6943
11673 11677
13822 13824
11514 11517
823 825
12974 12979
3396 3398
11447 11452
9652 9655
3430 3433
410 414
8010 8015
365 367
3532 3535
15457 15459
9581 9589
2370 2372
7854 7856
14232 14237
10372 10374
7622 7630
12005 12007
4608 4610
7249 7253
7942 7945
2333 2336
6426 6429
4198 4205
549 551
2451 2455
3043 3045
15083 15085
3441 3443
7845 7847
11242 11244
10856 10859
4705 4708
5622 5626
6296 6299
9048 9050
7021 7025
14880 14884
8764 8766
3156 3160
12980 12982
10035 10039
850 852
13616 13618
10407 10409
3953 3956
759 764
6278 6283
13620 13622
9546 9549
12958 12960
6609 6612
9500 9504
7055 7057
5639 5641
11423 11425
7757 7759
14226 14229
11818 11821
4900 4903
13011 13015
5162 5165
15980 15982
7237 7242
5660 5665
15973 15975
2727 2732
14737 14746
1926 1930
8942 8947
6044 6047
2927 2930
3475 3478
2863 2867
2888 2892
5926 5929
11367 11372
13477 13479
6570 6572
1818 1820
6158 6160
14493 14495
12281 12284
9759 9762
2254 2262
12640 12645
9188 9190
13873 13878
3302 3304
12876 12879
5852 5854
6231 6233
12722 12726
9071 9073
2921 2923
9596 9601
10876 10878
8016 8020
11367 11372
1307 1314
12792 12795
8680 8683
1958 1960
1117 1120
3314 3316
9687 9691
9603 9610
14153 14156
9762 9764
5850 5852
836 838
6002 6004
11049 11052
9241 9243
11152 11155
8361 8364
2054 2056
11999 12001
1456 1458
3059 3063
3638 3640
3540 3542
9553 9556
9243 9246
10335 10340
4692 4698
15182 15184
61 64
10140 10144
2369 2372
14995 14997
7549 7553
15264 15266
16111 -1
1320 1322
2549 2553
9419 9421
12435 12438
3262 3268
6382 6388
4674 4676
1357 1359
13717 13719
15153 15156
12323 12329
10295 10298
6592 6598
9166 9169
3429 3432
6570 6573
4240 4242
1921 1923
11931 11934
15746 15748
5975 5977
15120 15123
9085 9087
4144 4152
14330 14332
6349 6353
9159 9162
887 891
5451 5453
5708 5710
13246 13249
7178 7180
113 115
6409 6412
9699 9701
8494 8500
13377 13379
2366 2368
6052 6054
13415 13417
4841 4846
1415 1419
16091 16094
1283 1286
8054 8063
15556 15558
11901 11907
7146 7148
12074 12077
1952 1954
14707 14712
14878 14880
9121 9124
13915 13917
11700 11704
6973 6980
6593 6598
7968 7970
8506 8510
14091 14093
15482 15484
15433 15435
11646 11648
5935 5940
5790 5797
259 262
13267 13269
12261 12265
15147 15152
14712 14714
7305 7307
10641 10643
7373 7378
5094 5096
10200 10203
1750 1753
5204 5208
3449 3452
13755 13761
14779 14782
4633 4635
7576 7578
14063 14066
12077 12080
3302 3305
10655 10658
8012 8015
9912 9914
6980 6984
1627 1629
8907 8912
2463 2466
6111 6117
3387 3391
7870 7873
2686 2688
615 618
10776 10778
14700 14703
14805 14808
10518 10521
9625 9628
8517 8524
14285 14288
3352 3355
15297 15299
5718 5720
10907 10911
6266 6268
2490 2492
6730 6735
2827 2829
14326 14328
13456 13458
8222 8228
89 96
14016 14018
9789 9793
4361 4364
870 874
5368 5372
14429 14433
12323 12328
7373 7378
12769 12771
1901 1903
12093 12095
7651 7656
4677 4682
6372 6375
6461 6464
3118 3121
15048 15050
1143 1146
11051 11053
10656 10664
4066 4070
13301 13303
16026 16029
6973 6980
3151 3153
11665 11667
9159 9162
10765 10772
10979 10981
1296 1298
15578 15581
7604 7607
11352 11355
9898 9900
5819 5822
12749 12751
11860 11863
7550 7553
16006 16011
13819 13822
8148 8150
15891 15893
1232 1234
11976 11979
1103 1106
287 289
7284 7286
6069 6071
11300 11302
9046 9048
2863 2866
2607 2610
9961 9964
2765 2772
15576 15578
4635 4637
8560 8563
14774 14779
2279 2282
11454 11456
10387 10390
13616 13618
5289 5291
8290 8294
5056 5060
10843 10848
6796 6799
7690 7692
4719 4721
15621 15623
15173 15175
751 754
11250 11253
3781 3783
3493 3497
4265 4269
11682 11684
2786 2789
908 913
14338 14340
9965 9967
4951 4955
7119 7122
970 972
15338 15340
10847 10849
1112 1114
10819 10827
8264 8266
15342 15344
5108 5112
11160 11162
7388 7392
13343 13346
6227 6229
14033 14035
882 884
1547 1550
8111 8115
5435 5437
7242 7247
7537 7539
13679 13681
626 631
7584 7587
11163 11166
12503 12506
4229 4233
2644 2647
8701 8703
10029 10035
8399 8402
3088 3092
12000 12003
5444 5451
12595 12597
8145 8148
11111 11113
11395 11401
3700 3703
13720 13724
3542 3549
9136 9141
14038 14041
7111 7115
5145 5147
7708 7711
6430 6433
8719 8722
8440 8443
13978 13981
7705 7711
8956 8958
15929 15933
555 558
4755 4759
13135 13137
39 42
6684 6690
16085 16089
4545 4550
5707 5710
9681 9684
15675 15680
5040 5042
5212 5214
12865 12868
11989 11991
1611 1615
5817 5819
6507 6511
9769 9772
7234 7237
15173 15177
12783 12785
10411 10413
14244 14247
15030 15032
2001 2003
4079 4081
15541 15544
2481 2483
6265 6267
8532 8534
3036 3040
8656 8660
6851 6854
8638 8641
15711 15713
4837 4839
9850 9852
1876 1881
7494 7499
8970 8976
6247 6249
11546 11548
13976 13978
7793 7795
13224 13227
14698 14700
13965 13969
9433 9437
6998 7004
4395 4402
6730 6735
15406 15409
10981 10984
1730 1735
14640 14645
10839 10843
3707 3711
16081 16085
8074 8077
4921 4923
13800 13806
5642 5644
11201 11206
8847 8849
3298 3302
8609 8611
4027 4029
10710 10713
331 333
11206 11210
10701 10703
12184 12186
15080 15083
5298 5300
13514 13517
8055 8063
6876 6879
1599 1601
13921 13924
14927 14929
14145 14148
7512 7514
8042 8045
1060 1062
5559 5561
8290 8294
5090 5092
9857 9859
7579 7581
660 664
4347 4349
9640 9643
9908 9912
3910 3913
4955 4958
13509 13511
10797 10800
3771 3776
4872 4876
7215 7217
6380 6388
13996 13998
16086 16089
11482 11484
12823 12828
10193 10196
8623 8625
8957 8959
9817 9821
9439 9441
7649 7653
454 457
2101 2103
7593 7595
5269 5272
53 56
3395 3397
1471 1473
14981 14983
5841 5843
8162 8165
13379 13381
1405 1408
4325 4328
4429 4431
13424 13426
15982 15986
12829 12831
1759 1761
7930 7932
1237 1239
606 609
1077 1080
12969 12971
8609 8611
15175 15179
8728 8732
9759 9762
7300 7302
4553 4558
784 787
8892 8895
6366 6368
10304 10307
13370 13373
6773 6775
14983 14988
9279 9281
10056 10058
14075 14079
14311 14314
3767 3770
3160 3168
1823 1825
13781 13784
248 252
1453 1456
10754 10758
7005 7007
11180 11183
12094 12099
5622 5626
9581 9583
12201 12205
11485 11488
3359 3361
9441 9443
12004 12006
7500 7502
7516 7518
5570 5574
12020 12023
14768 14770
11315 11318
14068 14070
6488 6492
5286 5288
1540 1542
9512 9515
14447 14451
801 805
10029 10032
14524 14526
9120 9122
13035 13037
12916 12918
4354 4358
14002 14007
12600 12602
7132 7135
13682 13686
14439 14446
7014 7018
11206 11210
14594 14597
11479 11482
5038 5041
5779 5782
4466 4469
13227 13229
6273 6277
12460 12466
9151 9153
3455 3457
3493 3497
6249 6251
12408 12412
8473 8476
5909 5913
14633 14636
12329 12332
7103 7105
3228 3231
13951 13953
14229 14231
10081 10083
7133 7136
2489 2491
1542 1544
8621 8623
5550 5552
10371 10373
4639 4642
3352 3354
15552 15555
13868 13870
799 802
11945 11947
11185 11190
3836 3839
4486 4490
6015 6021
6593 6598
13648 13651
15089 15091
15327 15333
4410 4412
8250 8255
3771 3776
7745 7747
2088 2092
3752 3754
9742 9744
11680 11682
5600 5602
11937 11940
890 892
5692 5694
3852 3858
2035 2040
4194 4196
455 457
2843 2846
1761 1763
773 775
695 697
3441 3443
2051 2056
8855 8861
5130 5132
15225 15229
15164 15169
5458 5460
12716 12719
13873 13878
14225 14227
15434 15437
9860 9862
10247 10250
5724 5727
7500 7502
7393 7395
13800 13806
10768 10772
3355 3358
7031 7035
1567 1569
1876 1879
8928 8931
9519 9522
13220 13223
12801 12804
9932 9936
12439 12441
13637 13640
12371 12373
13386 13391
8728 8732
10140 10142
14995 14997
13549 13553
14619 14622
9370 9373
7175 7178
12679 12681
4259 4261
6393 6395
10057 10059
11115 11120
15285 15287
15432 15434
4623 4625
8305 8307
3974 3976
10179 10181
3985 3987
2214 2219
5355 5357
11009 11014
6094 6097
15508 15516
3614 3616
1520 1522
6278 6283
12520 12523
1808 1810
6156 6159
6623 6626
994 999
9421 9427
8229 8231
1854 1856
10698 10701
1981 1984
4869 4871
583 588
15320 15326
12193 12195
8764 8766
10474 10479
1995 1998
3717 3719
11333 11336
11008 11014
14331 14334
11528 11530
11826 11830
5924 5928
46 50
9235 9238
5453 5458
15039 15043
15441 15445
13666 13668
2692 2694
7793 7796
15876 15879
8083 8085
3010 3015
12231 12233
623 625
5119 5121
5476 5478
9738 9741
5560 5563
8095 8100
11250 11253
2547 2553
9605 9610
7123 7127
1422 1426
10858 10860
12596 12598
8247 8250
9308 9310
3542 3546
15876 15879
4001 4003
4994 4999
3063 3065
3888 3892
12109 12111
4373 4376
5274 5276
2222 2225
8055 8063
7102 7105
4771 4774
858 860
1782 1784
61 63
831 835
13652 13654
12986 12988
5718 5720
860 862
9079 9081
6372 6374
956 959
190 193
5297 5300
8715 8719
8711 8714
9648 9650
3778 3780
457 459
13332 13336
12491 12496
7973 7976
10698 10703
4524 4527
811 814
7874 7876
13983 13986
6649 6652
11464 11470
10136 10138
7070 7072
15254 15258
8250 8255
8487 8489
10641 10643
4801 4803
5266 5268
8785 8788
2674 2677
13466 13469
1713 1715
7987 7989
5991 5994
5229 5231
1103 1106
8232 8234
12188 12195
2500 2502
5063 5065
7601 7604
14651 14654
6797 6801
13449 13451
10474 10478
14907 14910
8588 8590
5157 5159
13918 13920
8759 8761
7035 7040
6949 6955
1124 1127
3717 3719
3807 3809
6409 6413
6298 6300
850 854
858 860
2369 2372
15934 15938
14266 14269
8594 8599
14080 14083
2254 2259
4713 4716
9048 9051
4905 4907
13148 13150
6456 6460
10300 10306
7675 7678
14382 14384
4800 4803
4098 4103
5356 5359
14329 14331
1046 1049
13961 13965
1727 1730
8846 8849
12112 12115
4381 4383
12011 12014
12741 12745
12864 12868
8257 8259
9226 9230
14875 14877
5030 5035
2955 2958
8044 8049
12260 12263
13489 13491
8762 8766
8077 8079
8311 8313
5604 5606
7852 7854
2373 2377
5122 5124
14153 14157
14937 14941
5352 5356
4624 4626
3749 3751
155 158
7334 7337
2610 2612
13640 13643
7991 7993
16077 16080
10136 10138
481 483
12997 13001
10095 10100
7840 7842
14827 14830
10065 10067
8914 8918
14970 14972
15207 15212
9603 9610
392 394
6777 6781
451 454
9018 9020
10922 10925
6441 6444
8654 8660
14507 14509
6292 6295
9082 9085
4334 4336
11994 11999
11008 11014
14220 14223
2427 2430
171 175
1252 1254
11810 11813
10279 10284
39 42
6180 6183
9702 9705
5030 5035
1525 1530
14189 14192
15758 15760
8889 8891
10253 10256
2201 2206
2375 2379
716 719
4488 4491
9063 9066
8257 8259
7150 7155
5266 5268
11403 11405
1073 1077
1833 1837
1891 1893
6589 6591
1512 1516
8172 8176
5283 5285
4825 4829
14993 14995
15755 15758
6973 6980
2125 2127
13742 13744
5902 5904
4016 4018
13908 13912
6740 6742
1634 1637
3572 3577
9822 9825
15802 15805
10420 10423
15899 15902
3785 3789
5481 5484
7920 7927
1820 1822
2488 2490
1490 1492
8761 8764
2758 2760
11651 11653
7393 7396
2266 2269
11615 11619
437 440
822 824
5528 5530
528 530
6918 6921
482 484
9073 9076
3542 3546
8183 8186
9452 9454
4840 4846
5836 5839
913 916
15675 15680
304 306
15060 15062
3488 3491
16085 16089
15497 15499
13424 13426
4924 4926
2306 2308
6165 6169
4605 4608
10895 10897
4994 4999
6501 6503
12549 12551
8222 8227
13424 13426
4899 4902
14343 14347
1596 1598
12099 12103
8680 8683
8127 8129
7514 7516
8426 8428
6117 6120
13482 13486
12935 12938
13825 13827
2049 2051
4293 4295
10498 10502
6058 6062
10191 10196
4028 4032
7793 7795
12214 12216
14831 14833
11009 11014
5576 5579
4662 4664
14086 14091
9869 9871
9386 9389
3754 3756
3050 3052
4551 4557
8805 8807
11291 11293
8954 8956
6058 6062
9818 9821
9666 9668
8783 8785
3631 3637
14580 14584
15966 15970
15487 15489
15267 15269
8590 8594
4928 4931
9656 9658
13570 13574
9017 9020
5093 5095
978 980
11293 11299
9439 9441
14887 14890
8172 8176
12027 12030
7560 7563
14515 14520
10022 10025
13367 13370
14885 14887
7073 7076
9008 9014
11769 11772
417 422
2084 2087
12949 12952
9370 9373
12640 12644
7905 7907
9146 9148
13508 13510
5918 5921
15471 15475
12188 12193
5862 5865
12823 12828
10324 10329
645 647
2330 2332
4236 4240
3627 3629
12551 12555
12891 12893
13421 13424
2249 2251
4131 4133
5487 5491
3650 3652
7559 7563
12339 12342
744 746
4443 4446
9308 9310
15092 15094
4383 4385
13293 13295
9921 9925
12037 12039
3128 3130
1777 1781
13703 13705
13873 13878
306 308
7854 7856
1017 1022
13765 13768
2497 2499
2410 2412
13938 13940
6690 6693
12884 12889
8322 8324
2462 2466
12780 12783
1433 1436
12552 12555
2366 2368
13332 13336
6586 6588
4988 4992
7009 7012
10908 10912
3729 3731
7292 7295
12974 12979
1106 1108
14206 14208
79 82
6230 6232
1761 1764
13771 13773
13542 13547
11781 11783
7094 7098
5075 5079
107 111
4494 4501
15080 15084
519 523
10610 10613
13550 13553
13074 13076
7127 7131
4683 4689
5437 5442
15647 15649
7111 7115
7339 7343
10393 10396
14720 14725
7697 7700
225 230
10250 10252
442 444
11171 11173
12875 12878
11395 11401
3808 3810
754 757
2607 2610
1551 1553
10569 10571
15373 15375
827 830
5357 5360
12284 12287
5923 5926
6159 6162
14193 14195
14825 14827
5465 5467
11528 11531
3817 3821
16077 16080
4427 4430
6165 6169
7568 7571
13220 13223
7481 7484
4999 5002
4624 4626
14912 14919
7939 7942
5142 5144
10949 10953
13790 13797
5898 5902
9261 9263
2636 2639
6817 6819
15876 15879
8826 8829
11416 11419
14657 14659
14616 14619
5479 5481
6772 6775
9221 9224
4784 4788
7175 7179
2979 2982
4664 4667
4699 4703
4900 4902
46 50
9910 9912
3144 3147
15120 15122
3825 3828
3092 3096
16066 16068
12796 12801
4825 4829
12444 12446
9338 9341
2798 2802
6895 6900
11953 11957
13928 13930
3204 3208
8488 8491
8654 8660
3077 3083
7373 7378
3612 3614
9701 9703
9399 9402
2903 2906
13614 13617
15694 15696
6105 6107
2795 2798
9314 9316
8680 8683
6417 6421
15 18
602 604
16077 16079
15643 15646
1863 1865
9770 9772
9268 9271
10832 10835
12051 12055
2269 2272
6879 6882
12608 12610
7416 7419
2225 2228
435 437
15466 15468
4144 4151
15373 15375
9001 9004
15765 15769
14868 14870
10977 10979
7209 7211
9656 9658
6603 6605
15165 15169
5030 5035
14795 14798
9180 9185
11999 12001
4406 4409
7484 7487
15792 15795
4587 4592
2299 2301
6924 6926
11332 11335
11075 11077
3869 3875
5301 5304
9872 9874
8430 8432
3496 3498
11130 11132
13208 13210
12011 12014
9762 9764
8460 8463
8579 8582
2474 2476
4670 4672
8977 8979
11994 11999
2426 2428
12545 12549
11077 11079
5307 5312
10077 10079
14121 14127
11146 11149
703 706
15038 15042
2417 2420
4475 4478
9553 9558
1267 1273
11972 11974
14576 14580
3026 3029
2859 2861
3606 3609
11199 11201
14054 14059
394 397
3542 3549
11626 11628
6986 6992
16098 16101
11556 11559
15017 15019
10634 10636
4747 4750
2035 2037
5779 5785
14762 14764
764 766
135 138
13935 13940
971 974
14026 14029
4269 4273
3113 3116
5727 5732
1466 1468
9272 9276
6765 6768
592 595
2479 2481
13661 13666
11607 11611
4826 4829
4379 4383
282 287
1958 1961
802 805
8785 8789
1203 1206
12230 12233
9688 9691
1033 1039
3749 3752
497 503
1745 1750
3322 3324
7621 7625
6361 6365
666 669
3724 3727
14680 14684
13908 13911
15783 15788
2952 2954
5314 5317
11291 11293
11863 11865
2375 2377
4761 4763
9537 9541
12564 12567
10866 10868
10079 10081
478 481
14361 14366
13083 13086
14747 14749
6239 6241
13710 13714
14164 14167
8500 8505
10362 10364
9504 9506
12982 12985
8967 8969
1347 1350
332 336
4882 4884
7308 7310
2610 2614
15708 15713
7625 7630
16106 16108
15280 15284
4452 4455
12709 12713
11699 11703
8547 8552
6237 6239
10088 10091
1094 1096
14086 14091
5500 5508
852 855
15177 15179
5125 5127
11582 11586
7847 7850
8838 8843
4468 4470
9605 9612
89 96
10689 10691
3493 3496
14161 14163
15173 15175
9181 9185
407 409
8002 8005
14399 14401
15820 15825
8027 8029
8075 8079
14570 14574
344 346
5633 5635
3255 3258
8684 8686
2280 2283
16018 16020
416 422
10565 10569
3933 3935
2403 2406
9667 9669
4454 4456
11937 11940
10434 10436
1623 1627
4570 4573
8656 8663
2938 2941
523 527
13164 13167
5473 5476
7783 7785
3255 3258
13145 13147
8220 8222
9878 9882
6534 6536
14732 14735
2349 2353
13343 13346
4395 4402
2161 2166
14568 14571
14320 14323
10633 10635
3600 3607
12210 12212
15056 15058
13224 13227
2555 2558
4851 4854
14515 14520
9958 9960
16098 16103
11757 11761
4838 4840
9954 9956
4055 4062
11087 11090
2798 2802
12403 12405
12796 12801
8603 8607
3780 3783
14989 14992
5890 5894
1067 1073
1131 1134
13030 13033
2877 2879
2720 2722
6644 6647
4066 4070
6962 6964
3645 3647
7808 7811
6017 6021
10561 10563
1599 1601
14674 14677
2366 2368
4801 4803
14589 14592
4886 4888
14861 14863
6949 6955
2867 2870
4994 4999
9526 9529
13114 13116
13772 13776
13722 13724
3941 3944
11795 11798
15688 15692
2960 2965
8895 8898
5232 5234
12810 12812
14331 14334
7455 7458
3527 3531
3100 3104
12501 12506
11351 11353
7928 7930
337 339
11552 11554
1433 1436
12491 12496
9169 9174
6776 6778
1550 1552
11744 11747
15500 15507
14960 14963
15023 15025
309 311
1262 1265
5592 5594
5849 5852
11157 11160
15880 15884
270 274
8385 8387
1651 1653
2185 2189
10655 10658
13982 13984
472 475
3034 3036
4899 4902
1936 1941
14521 14524
6413 6417
1010 1012
3785 3789
9603 9605
9890 9893
8414 8417
3746 3748
5960 5963
10329 10332
6584 6587
15 18
10186 10188
9026 9031
6098 6105
3885 3888
11106 11110
6580 6582
11594 11596
15234 15236
11566 11569
11042 11045
13866 13868
5570 5574
7014 7019
10804 10806
5716 5718
8904 8906
10621 10625
5958 5960
6270 6273
14187 14189
8331 8333
14878 14880
8267 8269
15986 15990
11527 11530
8567 8571
3809 3811
11018 11021
681 683
7242 7247
8517 8524
46 50
1554 1556
4233 4235
6884 6888
5103 5105
11572 11574
8012 8015
3346 3350
15448 15451
14785 14789
13445 13448
9707 9711
5970 5973
8434 8440
4235 4240
10398 10400
15471 15478
4334 4336
6742 6745
9707 9709
15328 15333
5063 5065
7590 7593
6857 6861
5844 5846
4863 4866
4861 4863
15576 15578
6032 6035
4994 4999
4512 4514
6592 6598
12458 12460
13591 13595
13356 13358
6902 6904
15109 15113
2760 2763
9995 9997
5860 5862
12250 12252
5151 5154
10050 10054
3361 3363
7958 7961
7902 7905
9298 9300
799 801
4717 4719
6835 6837
5908 5913
14100 14103
3907 3910
7088 7091
16072 16074
14699 14701
5335 5337
2383 2386
10768 10772
3321 3323
2892 2894
13275 13278
2798 2801
9370 9373
15226 15230
1637 1639
4168 4171
15876 15880
6570 6572
1493 1495
8693 8695
6980 6982
5909 5913
13682 13687
164 166
8227 8229
15907 15909
4894 4896
1898 1901
7625 7631
15 18
13773 13776
11282 11287
6382 6388
4413 4415
5241 5243
14238 14240
3893 3895
11863 11866
9839 9843
12514 12516
13748 13751
13640 13642
14515 14517
3941 3943
8045 8051
13696 13698
12416 12418
15869 15872
6566 6568
9323 9325
3640 3645
1470 1473
3485 3488
14879 14884
8135 8137
2774 2778
492 495
9625 9629
5800 5802
10494 10496
7085 7087
12362 12365
15403 15406
14701 14706
5938 5941
10740 10742
3254 3258
-1 2
12346 12351
700 703
831 835
1797 1800
11994 12000
8483 8485
14718 14720
886 890
11578 11582
4940 4942
15769 15772
6152 6154
8664 8666
13900 13903
7032 7040
13343 13346
15986 15990
11528 11531
492 494
2738 2740
3192 3196
7118 7122
15488 15490
5549 5552
12496 12501
12441 12444
1611 1615
3021 3023
11927 11929
5043 5045
4318 4320
7973 7977
12847 12851
9116 9120
11573 11575
4919 4921
12898 12900
14189 14193
2457 2459
14872 14875
11712 11715
1882 1885
9866 9868
13480 13484
89 96
11178 11180
4793 4799
5952 5955
4805 4807
9785 9789
11931 11934
7126 7131
6142 6147
12175 12178
13940 13942
6017 6021
11680 11682
6479 6481
5206 5208
6850 6854
6335 6337
2134 2136
173 175
12150 12152
14422 14424
10792 10794
15880 15884
13976 13978
11893 11897
10225 10228
10994 10997
6044 6048
5929 5934
1908 1910
16108 16110
15209 15212
16080 16084
15909 15913
6730 6735
13291 13294
12318 12321
14170 14173
5079 5081
14409 14412
10431 10433
10425 10428
9799 9802
5778 5782
3066 3071
14632 14635
8211 8214
9222 9224
8147 8150
7513 7516
12064 12069
8305 8308
12604 12606
2070 2074
1411 1414
2267 2269
2145 2148
13561 13564
3180 3182
8267 8269
15969 15972
8138 8140
260 262
11680 11682
4083 4085
5431 5433
14574 14576
1958 1960
8239 8243
11002 11004
8010 8015
417 422
4732 4734
2140 2142
11027 11030
10712 10714
2506 2508
11317 11320
890 892
10807 10809
5817 5819
2602 2604
14385 14390
1767 1771
2612 2615
9785 9790
13217 13219
15745 15747
5785 5789
9629 9632
5020 5022
14737 14742
14451 14453
10209 10213
9839 9842
967 969
8404 8406
3667 3669
13255 13257
9098 9100
7643 7645
5470 5472
14295 14299
10186 10188
8489 8491
7560 7563
1199 1202
948 950
6825 6828
3992 3994
7358 7361
10225 10229
10269 10274
6450 6452
10868 10870
12423 12426
10514 10518
12722 12724
8157 8159
13718 13720
11152 11154
7339 7343
14698 14700
6099 6105
8144 8147
5140 5144
3998 4001
6412 6415
3187 3192
8130 8134
7656 7658
1474 1476
2628 2630
8165 8167
7267 7271
6625 6628
9244 9246
1489 1492
2883 2885
3312 3314
29 31
2819 2821
4423 4425
15803 15805
7373 7378
13052 13054
6577 6579
14289 14292
1864 1867
3895 3897
1454 1456
12388 12392
5659 5662
11970 11972
8838 8844
8121 8124
6554 6558
13002 13004
10656 10658
102 106
6835 6837
4063 4066
2070 2074
4359 4363
7780 7782
15175 15179
6997 7001
8774 8777
5131 5135
11342 11345
10347 10349
13784 13786
15728 15730
8805 8808
5568 5570
10121 10125
14457 14460
13763 13765
6202 6206
12683 12689
15223 15225
746 750
13892 13896
3804 3807
5285 5288
9342 9347
11614 11617
6601 6605
15475 15478
4545 4549
6775 6777
13735 13737
12734 12736
12882 12889
11504 11507
9050 9053
11190 11192
1288 1290
4683 4687
8327 8331
8855 8860
11746 11748
10025 10027
15819 15825
670 674
12000 12003
14227 14231
9632 9634
10193 10200
9468 9471
6247 6249
13454 13456
4743 4747
10925 10927
13006 13011
7554 7556
5742 5744
8685 8689
5496 5500
3702 3704
14052 14054
8901 8903
11171 11173
6365 6367
916 920
4846 4848
9908 9912
14625 14627
11168 11170
15094 15097
14258 14260
14637 14640
15520 15523
7682 7684
2173 2178
7887 7890
3825 3828
9272 9276
5447 5451
9373 9376
5541 5545
11851 11854
6246 6249
10646 10649
12460 12465
12702 12706
8481 8483
7379 7381
15034 15036
2603 2605
933 937
8673 8675
15792 15794
8305 8308
15756 15758
4537 4539
2515 2519
10819 10827
5216 5218
13781 13784
7322 7324
2606 2610
14478 14484
3153 3156
8322 8324
14809 14812
8920 8922
13995 13998
13377 13379
22 25
14605 14607
4383 4386
1865 1869
6306 6308
341 344
4282 4286
1059 1061
9080 9082
1262 1264
887 890
1030 1032
13279 13282
2879 2881
6776 6778
15255 15259
15403 15406
9669 9671
13571 13576
15025 15030
9678 9681
13616 13618
6650 6654
13327 13334
1554 1558
2442 2445
5585 5590
15305 15309
5397 5399
12540 12543
6032 6035
4894 4896
5844 5846
10552 10554
4551 4553
6967 6973
6192 6196
12939 12942
6382 6388
8802 8805
1743 1745
7497 7500
15611 15613
14742 14746
9512 9515
14217 14223
8830 8833
2105 2108
5973 5976
6380 6382
4269 4272
3479 3481
13149 13152
15588 15592
11129 11131
5676 5678
9395 9397
5600 5602
16084 16086
2534 2536
15775 15778
1228 1230
9677 9681
15001 15004
1599 1601
3108 3115
2051 2056
16077 16079
9682 9686
7871 7873
12579 12584
438 441
8918 8922
5386 5388
897 899
2549 2553
7137 7139
12388 12392
10641 10643
15348 15350
1966 1969
208 212
7118 7122
15185 15188
7373 7379
4880 4882
12293 12296
6778 6781
11009 11016
3046 3048
1056 1058
13472 13475
7105 7108
14791 14795
2212 2216
6698 6703
7278 7282
15226 15229
5886 5890
13696 13698
13645 13648
9583 9589
5799 5802
9932 9936
15455 15459
2267 2270
3772 3776
8084 8086
10565 10569
8723 8725
7335 7338
3180 3183
8766 8769
10741 10744
15292 15296
14770 14774
8800 8804
14072 14074
15954 15960
2216 2219
5897 5902
1663 1665
13148 13150
6929 6933
3458 3461
7399 7401
10160 10163
9966 9968
15486 15488
9193 9195
4793 4799
4569 4572
635 638
2852 2857
12676 12680
2723 2727
9127 9134
3262 3268
10352 10355
3724 3727
414 417
2727 2732
2096 2098
1681 1683
870 872
7302 7304
5370 5373
7882 7885
10532 10536
13550 13553
14796 14798
8826 8829
1459 1463
3355 3359
5799 5802
10839 10847
6312 6316
3810 3812
1825 1827
14986 14989
14843 14848
1225 1227
5973 5975
1523 1530
7061 7063
856 860
7385 7388
11885 11887
9443 9449
3546 3549
5606 5611
8500 8502
8172 8176
1519 1521
14707 14712
4751 4755
8502 8505
8247 8250
4077 4079
7249 7253
7389 7392
7263 7265
6863 6870
14900 14908
4698 4703
2581 2583
1131 1134
13882 13885
4235 4240
9059 9062
9135 9139
684 690
5849 5852
1742 1744
6267 6270
13248 13254
15845 15851
13842 13844
8210 8214
11810 11812
3093 3096
15057 15059
10009 10013
5785 5789
4624 4626
3819 3821
8135 8137
232 237
8636 8638
14960 14963
6925 6928
730 733
558 560
8701 8703
11740 11742
7714 7717
11649 11651
14068 14070
957 960
7163 7165
2852 2856
12899 12901
4426 4429
9859 9861
2843 2847
1710 1712
8772 8774
5284 5286
3285 3291
11552 11555
3492 3496
640 642
11566 11570
3427 3429
13090 13092
5745 5748
7405 7407
13600 13604
3343 3345
4935 4938
15986 15990
2320 2324
11576 11578
4838 4840
10725 10729
3220 3222
6359 6361
8222 8228
2867 2870
5384 5386
15893 15896
15776 15781
1252 1254
9169 9174
14031 14033
4738 4741
15300 15303
12448 12451
12931 12934
6360 6365
11617 11619
14038 14041
6896 6900
7870 7873
7299 7301
3127 3129
184 186
15478 15481
9518 9522
11653 11656
14081 14083
5297 5300
9 11
6226 6229
7970 7972
15255 15258
4086 4088
1127 1129
12676 12679
6400 6402
13084 13087
3446 3449
6134 6138
4550 4553
1254 1257
14330 14332
8569 8571
6550 6554
7305 7307
11909 11912
81 83
13855 13858
4870 4872
6474 6479
15025 15030
15471 15475
15597 15600
14402 14404
15175 15177
15272 15274
11761 11765
5554 5559
7571 7576
6566 6568
8586 8588
8874 8876
12338 12340
7373 7378
13917 13919
15448 15452
10075 10077
431 433
6696 6698
1991 1994
13869 13872
2233 2235
8715 8719
15258 15260
206 212
42 45
5291 5293
10128 10130
11925 11928
7798 7802
10279 10284
9529 9533
4738 4742
1584 1587
15914 15917
7808 7810
8325 8331
5544 5546
4825 4829
8802 8805
3551 3555
581 583
8434 8440
13591 13595
5057 5060
4976 4980
8016 8020
11021 11023
4856 4858
6338 6340
425 430
15578 15581
2549 2554
4653 4655
10934 10937
1206 1209
6027 6029
1419 1424
660 664
12756 12758
9443 9448
13515 13518
1236 1239
5190 5193
7620 7622
2650 2656
2233 2235
14894 14899
11179 11181
15478 15481
6943 6945
6338 6340
1747 1750
10032 10038
11674 11678
10559 10563
2605 2607
1675 1678
6984 6986
10929 10931
5096 5098
8750 8753
3204 3208
13306 13312
15640 15642
15751 15754
3804 3807
4924 4927
14983 14986
7514 7518
10616 10620
13951 13954
4656 4659
2385 2388
4257 4259
1478 1480
4551 4557
5941 5944
5473 5476
5789 5794
1081 1084
5385 5388
8633 8636
12080 12083
2563 2565
15778 15781
5218 5222
771 773
8414 8417
8257 8259
3064 3066
929 931
8530 8533
12861 12864
3962 3966
7835 7838
14926 14928
13287 13291
9057 9059
13438 13440
9008 9014
7356 7358
14541 14543
3213 3216
7271 7276
7609 7612
15845 15852
10572 10577
178 180
11311 11315
7250 7256
10693 10695
2575 2581
11053 11058
7823 7826
9696 9698
6886 6888
280 282
7271 7274
7943 7945
5982 5984
4728 4730
5030 5035
4288 4290
7691 7695
5617 5619
7550 7553
15972 15974
9894 9896
9983 9985
6376 6380
10310 10313
2674 2678
5765 5767
10828 10833
14737 14742
2711 2715
262 264
8427 8430
3679 3684
248 252
4077 4079
3591 3596
4286 4288
13320 13324
6300 6302
8912 8914
8002 8005
7157 7159
12457 12459
15445 15447
14063 14068
2060 2062
9698 9700
12252 12254
14789 14794
15420 15423
15153 15156
3497 3499
5825 5827
6260 6262
3309 3312
7470 7474
12732 12734
15966 15969
3160 3167
1945 1947
15922 15926
6211 6214
2134 2138
4656 4661
11336 11338
1931 1934
4478 4481
945 948
11570 11573
14103 14105
4672 4674
8834 8837
6500 6503
2650 2656
3941 3943
5553 5559
6900 6902
9415 9417
14908 14912
15295 15297
15667 15669
8296 8299
9027 9032
14514 14517
14936 14941
4851 4854
3792 3794
9993 9995
13755 13761
878 880
13332 13334
5404 5406
5821 5823
7722 7725
12242 12245
11696 11699
8682 8684
83 86
12773 12775
7290 7292
14761 14763
12710 12713
3581 3587
757 759
7759 7761
3445 3449
10001 10005
14217 14223
14978 14981
11500 11502
11345 11347
5576 5578
79 82
7787 7790
15237 15239
12695 12698
4424 4426
16096 16101
4474 4476
9921 9923
536 538
11930 11934
15775 15778
746 748
5751 5753
9307 9310
1388 1390
6542 6545
6815 6817
15266 15269
4427 4430
12816 12818
432 434
8642 8646
9865 9867
5231 5234
661 664
12207 12210
3561 3565
15922 15926
5800 5804
12496 12503
5853 5855
6371 6374
3244 3247
14026 14030
6196 6202
11307 11310
12726 12729
10577 10580
13988 13990
11976 11979
3517 3519
11752 11754
5046 5048
14371 14373
10456 10458
3172 3174
5198 5200
2386 2390
6593 6598
7932 7934
11488 11490
11696 11699
2968 2971
10409 10411
1754 1756
4111 4114
13377 13380
3821 3823
3844 3847
2122 2124
15791 15794
8178 8181
4393 4395
10210 10213
5357 5359
4516 4522
10356 10359
7695 7700
3307 3309
2442 2445
15988 15990
9643 9645
10904 10907
13751 13754
3993 3995
10448 10450
6393 6395
8746 8748
5727 5732
11083 11086
9543 9548
4128 4130
11950 11953
12023 12025
2364 2366
1428 1430
15546 15548
15806 15811
9613 9615
3104 3108
13965 13972
6126 6129
966 969
14728 14731
6916 6918
827 830
2650 2656
3589 3594
15854 15857
10393 10396
6396 6400
12312 12316
12676 12680
1887 1889
9995 9997
11423 11425
15500 15507
7234 7237
583 588
12150 12152
2991 2997
11152 11155
12585 12587
10720 10722
8207 8209
5872 5875
5496 5499
875 877
7416 7419
15226 15229
6713 6715
11699 11703
645 647
4341 4345
14899 14907
6390 6392
3381 3383
13493 13497
15327 15333
7502 7504
14888 14891
7992 7994
15099 15103
9063 9065
14732 14734
11271 11273
13773 13776
4055 4060
9159 9162
805 808
14033 14035
7232 7234
12912 12916
10509 10512
14469 14472
4427 4430
9403 9407
12790 12792
12847 12851
9645 9647
15576 15578
2301 2305
13403 13408
1642 1645
6284 6289
5671 5674
2782 2786
323 326
6336 6338
2330 2332
14439 14446
7236 7238
5093 5095
15104 15106
14944 14947
2787 2791
13817 13820
7332 7335
6593 6598
14306 14310
2610 2612
5054 5056
14824 14826
8920 8924
3397 3400
597 599
13755 13762
4318 4320
12603 12605
13238 13241
11251 11253
13673 13676
4738 4741
2984 2986
9288 9291
13901 13905
6492 6494
7331 7334
13122 13125
7542 7545
3920 3923
1684 1688
11586 11588
7708 7714
10404 10407
8042 8045
13263 13266
15652 15659
4006 4008
2156 2159
11064 11066
2948 2950
368 370
9945 9948
1458 1463
6461 6464
12426 12428
13645 13648
3940 3943
7892 7896
15433 15435
7566 7568
3549 3551
13497 13499
5905 5908
6485 6487
6742 6745
2037 2040
7313 7318
5130 5132
197 199
9878 9883
9742 9744
6518 6520
10848 10852
5022 5027
6265 6267
9079 9081
13836 13841
2718 2722
8480 8482
6376 6378
2760 2763
746 748
6413 6415
6986 6991
2549 2554
4293 4298
10953 10958
8932 8935
4479 4481
1006 1008
1896 1899
12698 12702
3839 3842
14571 14575
892 894
13722 13724
6614 6617
10868 10870
8955 8957
11229 11231
11508 11510
738 743
12527 12530
12756 12758
1146 1148
15116 15119
1934 1936
15246 15249
5891 5894
3906 3910
5274 5278
9121 9124
15565 15570
14870 14873
9534 9537
7796 7798
1984 1986
8038 8040
13776 13780
9938 9942
9350 9354
15893 15896
2170 2173
10409 10411
5566 5569
13849 13855
3398 3400
10431 10433
3600 3606
4990 4993
8914 8917
960 964
10428 10430
2707 2711
3596 3598
14000 14002
1210 1213
6617 6620
14158 14163
12027 12030
1001 1003
4321 4325
11185 11190
15880 15884
9575 9577
9831 9833
15546 15550
1199 1202
1134 1137
6884 6888
12579 12584
1889 1893
15318 15320
6770 6772
4185 4190
4185 4189
11064 11066
2031 2033
8198 8200
8578 8580
10187 10189
7753 7755
5171 5174
12099 12101
5409 5411
105 107
14176 14179
3659 3662
4953 4955
1772 1775
6015 6017
6488 6491
2669 2671
3072 3075
8151 8153
9980 9982
14048 14052
2971 2975
1286 1288
2600 2602
11547 11549
15165 15169
13697 13699
12972 12974
10312 10315
9356 9358
8381 8384
6491 6494
8200 8204
11429 11431
6755 6758
8642 8646
10114 10117
12736 12738
1440 1442
10336 10341
6782 6784
2419 2423
8074 8077
5063 5067
2971 2975
7898 7902
372 374
1837 1842
7035 7040
13986 13988
2765 2772
15733 15736
8502 8505
2577 2581
4390 4393
10819 10827
5850 5853
12334 12336
6496 6501
4951 4955
468 472
13195 13201
2235 2237
12401 12404
2174 2178
5185 5189
13306 13312
142 144
9601 9603
831 835
10103 10105
15803 15806
513 516
8187 8189
5256 5261
2707 2709
10701 10704
4052 4060
9247 9256
5891 5894
4194 4197
1839 1842
6647 6650
13755 13761
12319 12321
6186 6188
6716 6720
2765 2772
12882 12884
1671 1673
2607 2612
12244 12246
1688 1690
13350 13354
13676 13678
8586 8588
1718 1720
13158 13160
6915 6917
1427 1429
2666 2668
3277 3281
4091 4097
12676 12679
13808 13810
10296 10299
13084 13087
11199 11201
2138 2140
1778 1782
7919 7927
2871 2873
13852 13855
4379 4383
11427 11429
7896 7898
13193 13195
8985 8988
14893 14896
2754 2757
15918 15921
10091 10093
2872 2874
8774 8782
5674 5676
5165 5168
8055 8072
14192 14194
4141 4144
15126 15128
10300 10304
14732 14734
5284 5286
11648 11651
3736 3738
4341 4345
15350 15352
15274 15277
6746 6748
8368 8371
14187 14189
8766 8769
2661 2664
2958 2965
9415 9419
8690 8693
1188 1190
5109 5113
11758 11765
2736 2739
1775 1778
5815 5817
15202 15204
6250 6253
10781 10784
15280 15284
501 504
6015 6021
13281 13284
10593 10597
426 431
5979 5982
12336 12338
10977 10979
388 390
7006 7009
6254 6257
5278 5283
5622 5626
6911 6913
2686 2688
6526 6532
12359 12363
4022 4026
2941 2943
1383 1385
6044 6047
3739 3741
9799 9801
8714 8717
12920 12924
4000 4002
12201 12204
13996 13999
11885 11888
7931 7934
10035 10038
15493 15495
15344 15346
11199 11201
3415 3422
6929 6933
15288 15290
11718 11723
6147 6151
788 790
13075 13081
9025 9027
2815 2818
7180 7183
6808 6813
2757 2759
4463 4466
252 255
3632 3637
10918 10920
4218 4222
5491 5495
4055 4060
10503 10505
7506 7511
1231 1234
10005 10007
6884 6886
10965 10967
4921 4923
715 719
14619 14621
4395 4403
7238 7245
15410 15415
9471 9473
14392 14394
7550 7553
3974 3976
11061 11063
5482 5485
1127 1130
8084 8086
13363 13367
794 797
14673 14675
79 81
8723 8725
7466 7469
10088 10091
339 342
4298 4301
9729 9733
4393 4395
9180 9185
11247 11249
13547 13549
12354 12359
5256 5258
11504 11507
15876 15880
16006 16008
3365 3369
10001 10005
14632 14635
2161 2167
13581 13583
11359 11361
1503 1505
10163 10165
2060 2067
2462 2466
8547 8552
6298 6300
1361 1364
14975 14977
12293 12295
7596 7599
11071 11075
5622 5626
10247 10249
730 733
7139 7141
8230 8232
7656 7660
3451 3455
6511 6513
15934 15938
6430 6433
1574 1576
5790 5797
5105 5107
3778 3780
15933 15938
9068 9070
5113 5115
10892 10895
1146 1148
6422 6425
14921 14924
14405 14407
11293 11298
13978 13982
7127 7132
7484 7487
15596 15598
8377 8380
7722 7725
15625 15629
13865 13867
10315 10320
11880 11884
15002 15004
14032 14034
1098 1100
6099 6105
2669 2671
12829 12831
8327 8331
16029 16033
8477 8480
13611 13614
5458 5461
7196 7198
9985 9987
13773 13776
3102 3107
8660 8663
572 578
15966 15969
3836 3839
7571 7576
9485 9488
11046 11049
15749 15751
5079 5083
9780 9782
8095 8098
772 774
2729 2732
10315 10318
6035 6040
9261 9265
1450 1453
8596 8599
5435 5437
13766 13768
447 451
15811 15813
13635 13637
9106 9108
10450 10453
15057 15059
1067 1073
7396 7398
7173 7175
15159 15161
8393 8396
1359 1361
3044 3046
15172 15175
3059 3063
11748 11752
11586 11588
12926 12928
11002 11004
9211 9215
3914 3916
30 32
14794 14796
10341 10344
7902 7907
11040 11042
3762 3767
6672 6676
9886 9888
14068 14070
5941 5946
9583 9589
4071 4074
2572 2574
9404 9407
6516 6518
3809 3811
528 531
7191 7193
3552 3555
12219 12221
2934 2938
9241 9244
5804 5806
15249 15253
5500 5505
1345 1347
3717 3719
894 898
2288 2292
8650 8652
2713 2716
10308 10310
5977 5979
7691 7695
12916 12920
14593 14595
4448 4451
10833 10837
1753 1756
9681 9684
9319 9323
5079 5083
9190 9193
15982 15986
98 101
9733 9736
8494 8499
8680 8682
2252 2254
13220 13223
5552 5554
8063 8074
5491 5495
5307 5312
666 669
2007 2012
3008 3010
10797 10799
13748 13752
5569 5573
11944 11946
2742 2744
6647 6649
15611 15614
2207 2214
7886 7890
6111 6117
6745 6748
2280 2283
2109 2112
8753 8758
12603 12605
15675 15680
5568 5570
7943 7945
11731 11733
15117 15119
10509 10512
2025 2031
8434 8439
10681 10685
3846 3849
16098 16101
1861 1863
1002 1004
15406 15408
1623 1627
15875 15879
12166 12168
12025 12028
14241 14244
10680 10682
1530 1532
7886 7890
9118 9121
4730 4734
5174 5176
11217 11219
12760 12763
10451 10453
1125 1129
8389 8391
11556 11559
924 927
8222 8227
7196 7198
2637 2640
10905 10907
12859 12861
7119 7122
15704 15708
5680 5682
5209 5212
5420 5424
9400 9402
1916 1918
4704 4707
2866 2870
9982 9984
7381 7383
13543 13547
7492 7497
13179 13183
13519 13521
7127 7131
297 299
9290 9294
15950 15952
5725 5732
15326 15328
4234 4236
744 746
13978 13981
4463 4465
13585 13588
9644 9646
10878 10881
15034 15036
15 18
15733 15737
11046 11049
12960 12963
15934 15940
9291 9294
16026 16029
9629 9631
1286 1290
4341 4347
4486 4488
4395 4402
15237 15239
8354 8358
11307 11310
2309 2314
1879 1882
15696 15698
11097 11101
1213 1215
8805 8808
7307 7310
12659 12662
708 710
12694 12698
9605 9612
1282 1284
2000 2002
15605 15608
6236 6238
14098 14100
10801 10804
5463 5465
12344 12346
14803 14805
6214 6216
10603 10606
8127 8129
8684 8686
5467 5470
578 581
5372 5374
1833 1839
10547 10551
6889 6891
3824 3828
7286 7288
4316 4318
768 770
10516 10518
5411 5413
10625 10627
4207 4210
8818 8820
3569 3572
11291 11298
12051 12055
6292 6296
8898 8901
311 313
4637 4639
8723 8727
7953 7958
459 461
14295 14298
4530 4535
8200 8204
6709 6713
15742 15745
1317 1320
10420 10425
7556 7559
11678 11680
5293 5296
1140 1143
11925 11928
2908 2912
12101 12103
15552 15555
3631 3637
14005 14007
4623 4625
4807 4809
1784 1787
15350 15352
8527 8530
12114 12116
3512 3515
1449 1453
10828 10832
3717 3720
13042 13044
11769 11772
5581 5583
6709 6712
14026 14029
8168 8171
1205 1208
14403 14405
52 56
10336 10340
14616 14619
3872 3875
8368 8373
13098 13103
2127 2129
6918 6921
2764 2772
7770 7772
11065 11071
5509 5512
12830 12832
11898 11900
984 988
9957 9960
7488 7491
5534 5536
12277 12279
578 581
11989 11992
9921 9925
7487 7491
10462 10465
7798 7802
14289 14292
11112 11114
7920 7927
5466 5468
8956 8958
11293 11298
2919 2921
8095 8098
9098 9100
6396 6400
6464 6466
13809 13812
13371 13374
13844 13848
9672 9674
15794 15796
14707 14712
6817 6819
3697 3699
13002 13005
8664 8669
1445 1448
8034 8037
13870 13872
11929 11931
8257 8259
3483 3486
1400 1407
15902 15907
10048 10052
11318 11324
6015 6021
13943 13947
13350 13354
9756 9759
14092 14094
8872 8875
15361 15365
15417 15419
5496 5500
11231 11233
11598 11601
8590 8593
7614 7617
8160 8164
89 96
7035 7040
13179 13183
8222 8228
8018 8020
8222 8227
8536 8540
14206 14209
11550 11552
14332 14334
3995 3997
13164 13166
6603 6605
2199 2206
158 163
969 971
11582 11586
4341 4345
13738 13740
15358 15361
11353 11356
11730 11732
1158 1160
330 332
9966 9968
196 199
7563 7567
3910 3914
5103 5105
1867 1869
15462 15464
15071 15073
1707 1710
5320 5324
15489 15491
2656 2658
11307 11310
13661 13666
7920 7927
13320 13325
6773 6776
234 237
6368 6371
15909 15913
12376 12380
274 276
380 382
13670 13672
13195 13200
9593 9595
11774 11778
5320 5324
370 372
13976 13981
13787 13789
744 748
13612 13614
12137 12139
3255 3258
1307 1314
11423 11425
7568 7571
14910 14917
13316 13318
15776 15781
13144 13146
759 764
12579 12584
3371 3376
3662 3664
72 75
15902 15907
10138 10140
3382 3384
13334 13337
11353 11356
12069 12072
6233 6235
14683 14685
6273 6277
10696 10698
1011 1013
3496 3498
12095 12099
15441 15445
10500 10503
13881 13885
1445 1449
7893 7896
14688 14693
11364 11366
7902 7907
10860 10862
4848 4851
15887 15891
11352 11355
4774 4779
797 799
7590 7593
14340 14346
5817 5819
7803 7805
13083 13086
5984 5987
2709 2711
7503 7506
8063 8074
5248 5252
13479 13482
6708 6712
2001 2003
10616 10621
506 508
246 252
2479 2483
3066 3071
1422 1424
478 481
12847 12851
6005 6009
8636 8638
15304 15309
15629 15634
13518 13520
9804 9806
15061 15069
9839 9842
3304 3307
12023 12027
11305 11307
3920 3922
3720 3724
2549 2554
14863 14867
8402 8404
7604 7607
2362 2364
13953 13955
1166 1169
13913 13916
6534 6538
13137 13139
8982 8985
2560 2564
8882 8884
11758 11761
15433 15435
14947 14949
4367 4369
10672 10674
14264 14266
12892 12894
15524 15528
4743 4747
671 674
1978 1981
14014 14016
14789 14794
2370 2372
9923 9925
8349 8353
6746 6748
9404 9408
5946 5950
1314 1316
5334 5337
5075 5077
4404 4406
15584 15586
8955 8957
956 959
10837 10839
2664 2667
11336 11338
6380 6388
11774 11778
2754 2757
13454 13456
11471 11473
6550 6554
3922 3924
9906 9910
9247 9255
9404 9407
4915 4918
9442 9448
6475 6479
8918 8920
1958 1961
7261 7264
1861 1863
665 668
6333 6335
2971 2975
11795 11799
10380 10382
12011 12014
8838 8844
11132 11138
8055 8072
490 492
11320 11324
2674 2677
15221 15225
14275 14279
8792 8794
10415 10418
14725 14727
9509 9511
6305 6308
5223 5228
1523 1525
15638 15640
708 711
3449 3451
11113 11115
4931 4934
6566 6568
2538 2540
11043 11046
4573 4575
7217 7219
7146 7148
10976 10979
14066 14068
6361 6365
12846 12851
3385 3387
11914 11917
15986 15990
7393 7396
6180 6183
8693 8695
10542 10545
327 330
5217 5219
113 116
4341 4345
719 722
8826 8829
14539 14541
1965 1968
1133 1135
11122 11125
8642 8646
4361 4363
127 131
7499 7501
13073 13075
15091 15094
11823 11826
13642 13644
8904 8906
11457 11459
1929 1931
8037 8040
4541 4543
12471 12473
5929 5931
2451 2456
14000 14005
4994 4999
9255 9257
10972 10976
4905 4907
3865 3867
6825 6828
4638 4641
5824 5826
13417 13419
10682 10685
306 308
12112 12114
6109 6117
8339 8341
5636 5638
4863 4866
6278 6282
11662 11665
3066 3071
15366 15368
15854 15857
5453 5458
71 75
10649 10651
1429 1431
6986 6992
1624 1627
1016 1022
10028 10032
12237 12239
11649 11651
666 669
661 664
10688 10691
7088 7093
3025 3029
11670 11672
3240 3244
6577 6580
1519 1521
10512 10514
13591 13595
5258 5262
12086 12088
7173 7175
8371 8373
12918 12924
3059 3063
14054 14060
13899 13901
606 610
12520 12523
2380 2382
14110 14113
2045 2047
875 877
15250 15253
6199 6202
5486 5491
15213 15215
8172 8176
14490 14493
14934 14936
7868 7871
12760 12762
2545 2547
2381 2383
14210 14212
3052 3054
10318 10320
4856 4858
6140 6142
15017 15019
9100 9102
9930 9932
2440 2443
15225 15229
7230 7233
2430 2432
13778 13780
7249 7253
2427 2430
10473 10478
5742 5744
13149 13152
6947 6955
11673 11677
15023 15025
1398 1400
3268 3274
5092 5094
12019 12023
15640 15642
13538 13542
766 770
12931 12933
11662 11665
4868 4870
3240 3244
11086 11088
12683 12689
10448 10450
10972 10976
7599 7601
5669 5671
7928 7930
1248 1250
3794 3796
2979 2982
13519 13521
7393 7395
8075 8079
5228 5231
339 341
887 891
3794 3796
2307 2309
15231 15233
10605 10607
7563 7566
7142 7146
877 880
875 877
12912 12916
14225 14227
5377 5379
13742 13744
4841 4847
13377 13380
9701 9703
8746 8748
999 1001
15011 15014
8044 8049
2380 2382
13576 13578
13042 13044
6928 6933
4851 4855
15487 15489
6503 6506
5256 5258
4419 4421
3707 3711
4856 4858
8016 8020
1924 1926
8124 8127
12303 12307
1722 1724
5946 5950
8282 8289
7267 7274
11495 11497
6159 6162
13391 13393
1695 1698
4601 4605
13993 13995
5560 5563
13781 13784
8536 8540
11893 11895
1691 1693
12440 12443
2349 2353
2024 2029
14023 14025
5437 5441
6196 6199
6292 6295
4491 4493
13982 13984
11984 11989
4071 4075
11925 11927
2301 2305
126 129
666 669
11261 11264
9912 9915
12820 12822
14725 14728
9300 9305
15073 15076
7820 7823
2531 2533
4861 4865
2825 2827
12480 12483
7609 7614
15274 15280
7982 7987
2658 2664
14362 14366
8875 8879
6111 6117
5705 5707
4364 4367
15092 15094
4874 4877
16033 16037
10883 10886
15597 15600
7211 7215
7453 7455
1045 1048
12714 12716
12944 12947
5466 5468
13433 13435
8269 8271
4063 4066
12132 12134
13149 13152
7477 7481
11088 11091
6244 6246
2612 2614
10715 10718
1073 1077
9721 9725
11681 11684
12431 12433
10384 10387
11235 11241
237 239
501 503
11614 11617
11162 11164
11299 11301
14060 14063
11478 11482
2025 2029
4937 4940
1664 1668
7271 7274
8798 8800
6249 6251
8034 8037
5057 5062
454 457
1053 1056
1488 1490
14997 15000
1742 1744
1073 1076
9759 9762
845 847
9431 9433
1933 1936
10325 10329
3059 3061
7450 7455
9915 9917
3632 3637
14143 14145
8434 8439
8622 8624
13140 13142
5050 5054
3724 3727
8022 8024
12285 12288
11164 11167
12939 12942
13327 13332
1576 1579
11367 11372
10585 10587
13672 13674
4063 4066
6917 6921
8852 8854
8536 8541
2628 2630
349 353
4888 4896
6620 6625
1323 1326
9764 9766
11408 11411
766 770
7449 7453
4022 4024
4334 4338
4351 4354
10322 10325
835 837
13306 13312
9190 9193
243 246
10878 10880
4815 4819
9671 9673
8599 8602
13605 13609
12683 12689
6445 6447
5935 5940
5364 5368
1131 1133
1260 1262
6430 6435
6219 6225
16046 16048
15814 15816
2270 2272
12483 12485
4683 4687
16059 16061
10114 10121
5970 5973
7750 7753
9848 9850
3542 3546
3537 3539
12530 12535
5298 5301
14863 14866
12944 12947
974 976
11930 11934
14480 14484
8682 8684
4207 4209
7488 7491
4460 4462
1624 1628
2105 2109
691 693
2013 2019
1881 1884
3625 3627
6939 6943
5335 5337
15128 15132
3145 3147
7139 7141
1013 1015
11408 11411
487 490
14425 14427
1891 1894
10819 10828
1649 1651
7590 7594
2201 2206
12385 12388
15652 15659
11624 11626
15109 15113
5050 5054
4223 4229
7751 7753
12664 12669
3749 3751
4198 4205
4904 4906
4114 4117
7700 7702
3006 3010
1911 1913
13900 13903
11637 11639
8147 8150
2391 2396
5145 5147
10318 10320
444 446
4141 4144
4539 4541
15131 15133
674 676
4501 4504
1457 1459
3430 3432
155 157
11454 11456
237 239
13512 13515
920 927
15196 15200
13179 13183
5584 5587
10725 10728
3207 3209
8815 8818
7714 7720
15377 15380
1615 1617
13305 13312
12611 12613
8901 8903
5515 5517
13677 13679
7423 7426
12966 12968
12161 12165
7705 7711
2882 2884
158 160
4395 4402
9373 9376
13061 13063
10059 10062
13668 13670
13030 13035
14438 14446
524 527
2118 2121
10773 10776
2615 2620
1579 1582
6806 6808
168 170
10007 10013
15180 15182
4386 4388
12649 12653
5109 5113
11130 11132
12399 12401
1121 1123
475 478
6367 6369
9936 9938
14432 14435
11375 11378
13441 13444
7453 7455
5723 5725
9090 9093
15652 15660
11686 11690
6964 6966
11464 11470
8439 8442
4154 4157
15478 15481
11785 11789
14147 14150
8210 8214
14075 14079
4654 4656
14201 14203
9592 9594
14707 14712
1923 1926
14917 14919
2709 2711
1805 1808
9216 9219
6325 6329
14576 14580
5673 5675
11385 11388
9556 9559
12064 12069
14319 14322
451 454
6730 6735
6204 6206
11435 11437
5705 5707
13419 13421
326 329
9980 9982
2145 2148
10740 10742
3744 3746
442 445
11144 11146
12465 12467
6986 6992
1298 1301
5841 5843
7198 7201
230 234
14110 14113
9211 9215
6426 6429
9912 9914
15368 15371
12778 12780
8629 8631
6076 6081
3415 3420
13440 13443
10070 10072
6196 6199
1331 1333
8682 8684
13806 13808
4865 4867
5886 5890
4309 4311
6300 6302
11530 11532
9839 9843
6404 6406
5476 5479
10644 10646
6729 6735
1057 1059
1691 1693
5872 5875
6262 6265
8646 8649
11776 11778
9958 9961
13799 13806
9020 9023
15354 15357
4894 4897
7119 7122
11352 11355
1157 1159
12875 12878
10914 10916
2709 2713
5641 5644
3467 3469
12944 12947
2887 2890
9225 9228
15508 15515
8603 8607
15674 15680
8313 8315
15593 15596
1961 1963
19 22
4656 4659
1199 1201
12491 12496
13751 13754
10384 10387
3335 3337
10828 10832
583 588
14129 14133
7077 7079
6235 6237
6142 6147
13122 13128
13693 13695
6152 6154
5898 5902
5436 5441
2403 2406
11248 11250
3455 3457
3700 3702
773 775
10518 10521
6178 6180
14386 14390
11222 11225
11392 11395
8741 8747
14033 14035
1673 1675
8465 8467
8145 8148
788 790
12188 12193
13632 13635
5359 5361
3178 3180
7911 7914
13722 13725
248 252
8240 8243
2051 2054
12717 12720
9347 9349
2823 2826
9134 9136
11937 11941
7767 7771
1400 1405
12764 12768
15976 15978
7155 7157
5443 5447
12255 12257
15696 15700
12506 12509
10942 10945
11110 11112
10981 10983
6444 6447
14919 14921
12792 12795
9193 9195
5514 5517
10270 10275
89 96
15794 15796
12210 12212
10454 10456
12392 12395
4912 4915
12440 12443
10528 10532
920 927
1917 1919
473 475
8423 8426
4755 4759
2880 2882
1317 1319
5692 5695
10833 10835
15375 15379
3481 3483
5301 5304
6726 6729
1307 1314
13120 13122
8171 8176
9629 9632
5634 5636
10603 10606
4037 4040
8594 8596
10819 10827
548 550
8607 8609
13204 13206
913 915
14220 14223
9449 9451
1141 1143
6640 6642
15546 15548
6372 6375
10109 10112
5447 5452
11201 11209
6547 6550
12640 12644
12536 12538
1427 1429
11092 11094
6260 6265
9859 9861
11740 11743
7882 7885
8689 8693
1689 1691
10140 10144
12410 12414
10193 10200
10356 10359
712 714
4144 4151
11184 11190
4475 4478
974 977
13682 13686
3298 3301
8430 8432
14837 14839
10528 10532
13578 13580
51 53
9149 9153
9883 9885
7022 7025
15736 15739
10992 10997
5292 5296
8637 8639
188 190
7406 7408
7951 7953
14670 14672
15358 15362
7207 7210
11925 11927
14965 14967
12552 12555
11957 11964
15969 15972
12178 12180
1521 1523
15578 15582
4579 4582
7025 7027
142 144
10147 10149
14031 14033
13273 13275
15562 15564
13589 13591
14703 14706
6389 6392
13195 13200
681 683
10250 10252
2500 2503
15726 15729
11718 11723
4047 4050
13055 13061
11585 11588
12669 12672
8953 8955
8320 8322
7358 7362
2697 2704
8870 8872
9373 9377
10615 10620
15465 15468
8172 8176
6525 6532
4703 4705
3102 3104
13215 13218
2228 2230
3242 3244
15060 15062
13605 13609
9305 9307
229 232
4152 4154
7711 7714
13796 13798
744 748
2174 2178
9338 9341
3443 3446
7478 7481
6078 6081
12672 12674
4133 4137
6522 6524
11821 11823
5021 5027
9404 9407
8308 8310
4280 4282
6784 6788
631 638
13122 13125
2448 2450
2266 2269
14021 14023
878 881
1833 1837
550 553
7781 7783
12460 12466
12319 12321
15250 15254
15598 15601
9767 9769
8999 9001
9637 9640
527 530
5825 5827
13637 13640
14580 14584
9285 9288
11307 11310
11563 11566
11213 11216
11977 11981
10485 10487
3512 3515
2369 2372
1505 1510
9892 9894
3684 3686
11953 11957
12657 12659
13916 13918
4427 4430
15126 15128
4841 4846
9136 9141
764 766
12254 12256
679 682
8855 8861
237 241
814 817
11318 11320
4463 4466
10208 10210
7166 7169
6784 6788
6730 6735
15384 15388
2272 2275
16050 16053
15749 15751
3926 3929
14336 14338
12814 12816
15623 15625
2148 2151
13087 13089
4668 4670
9065 9067
13549 13553
5062 5065
15494 15496
8494 8500
12659 12662
1125 1129
961 964
12223 12225
10472 10474
2412 2415
3789 3791
2681 2684
10801 10804
6439 6441
14666 14670
14244 14247
2584 2587
8063 8072
2355 2360
1162 1166
2955 2958
4683 4689
16060 16062
15 18
4561 4564
14447 14451
14801 14803
11910 11913
14528 14531
1562 1566
977 979
2084 2087
5083 5087
11534 11540
6752 6755
3439 3443
7841 7843
6133 6138
5022 5030
6837 6843
3641 3646
549 551
6503 6507
12496 12501
13890 13892
6284 6289
6284 6290
1987 1989
13844 13848
932 937
7313 7318
7421 7424
8399 8402
1767 1771
8103 8107
7750 7753
14267 14269
3330 3332
8042 8045
964 967
2917 2920
9326 9330
19 22
15558 15562
1697 1699
5203 5206
5564 5568
11795 11798
10082 10084
2874 2879
1907 1909
14947 14949
14013 14015
7458 7460
1611 1617
957 960
12319 12322
3512 3516
4085 4087
3010 3015
12949 12954
13692 13695
3079 3083
6058 6062
13411 13413
11914 11916
15862 15868
11102 11104
11713 11715
9660 9662
8573 8577
8944 8947
9899 9901
13163 13166
824 827
5680 5682
12093 12095
1186 1188
10870 10873
14751 14756
2062 2070
3739 3741
7127 7131
15980 15982
2143 2145
11633 11635
11799 11801
276 280
14805 14809
16013 16015
6964 6967
15538 15540
8282 8289
4103 4108
13901 13905
13542 13547
9057 9059
8847 8851
6196 6199
8907 8912
7187 7191
13061 13064
1344 1346
215 217
10884 10886
9048 9051
12741 12745
6563 6566
8664 8669
13117 13120
4008 4013
3967 3971
5604 5606
814 817
9159 9162
9271 9276
6073 6075
2507 2509
9497 9504
5756 5759
1499 1502
15489 15491
1756 1759
2174 2178
13554 13556
14978 14983
148 150
3066 3072
9925 9929
11378 11381
4194 4196
14809 14812
8377 8380
6488 6491
10094 10097
8650 8652
3631 3637
5481 5484
4039 4041
933 941
9744 9747
10032 10035
4194 4196
2349 2355
1268 1275
15016 15018
8922 8925
11579 11582
15362 15366
7767 7770
7267 7271
9793 9799
3346 3350
15949 15951
3059 3063
5818 5821
8456 8460
13682 13686
15540 15542
13400 13402
9195 9197
601 604
4407 4410
12880 12882
15231 15234
9785 9789
3659 3662
8783 8788
7506 7511
10181 10185
4528 4530
4755 4761
6697 6701
13962 13965
9379 9382
1211 1214
3323 3326
6415 6420
14808 14810
2916 2919
4575 4578
426 430
13940 13942
15038 15042
5815 5818
13510 13512
12301 12303
11457 11459
6896 6900
12818 12820
7127 7131
11731 11733
5406 5408
14097 14099
4687 4689
3481 3483
7844 7847
5826 5828
3812 3814
8664 8666
1987 1989
2729 2732
11330 11332
772 774
2379 2381
4157 4161
14875 14877
9509 9512
7920 7927
1131 1133
6124 6126
5718 5720
3861 3865
2320 2324
1775 1778
2253 2259
2808 2810
3174 3176
6929 6933
1478 1480
9235 9240
14189 14192
3819 3822
15312 15316
9108 9113
7545 7547
9121 9124
3122 3125
946 948
11408 11411
4098 4103
6480 6484
9388 9390
13406 13409
1490 1492
15344 15346
14507 14510
13558 13561
13940 13942
221 225
10373 10375
14576 14580
4629 4633
13255 13257
712 714
10275 10278
1247 1250
11219 11222
14742 14746
11919 11922
10097 10102
13277 13279
5412 5414
2684 2688
8728 8732
15813 15815
6893 6896
14997 15000
5307 5310
8861 8864
9283 9287
11648 11651
8342 8345
2761 2764
7161 7163
8932 8935
2626 2629
11171 11173
11265 11268
9015 9017
4671 4673
13179 13183
6909 6911
9053 9055
13145 13147
13067 13069
8307 8309
459 461
3063 3065
15711 15713
15264 15266
173 175
1549 1551
15832 15834
11267 11271
107 111
7757 7759
10528 10533
12751 12753
9305 9307
664 666
8358 8360
14398 14400
14410 14413
2852 2856
3174 3176
14402 14404
2837 2846
5473 5475
3148 3151
15975 15978
1159 1161
12540 12544
10069 10071
2317 2324
14295 14299
14559 14561
5946 5950
7656 7658
9017 9020
10420 10423
3907 3913
7308 7311
4022 4026
8625 8627
3350 3352
6986 6991
15529 15536
9859 9861
592 595
1253 1257
6469 6472
3967 3971
10927 10929
4276 4278
10356 10359
2862 2866
15774 15776
4627 4629
2466 2468
13553 13555
4519 4522
3720 3724
11094 11097
12894 12898
14017 14019
14398 14400
15805 15810
12210 12212
14260 14264
14130 14135
12894 12896
2650 2656
11247 11249
6374 6376
7032 7035
13 18
8336 8339
10533 10538
2819 2821
10144 10147
7757 7760
5775 5777
10565 10569
1250 1252
8855 8861
13858 13861
4424 4426
5219 5222
12439 12441
12006 12008
8573 8577
9779 9781
7438 7440
8208 8210
8979 8981
12084 12086
4029 4032
11201 11206
10708 10710
9741 9743
13943 13947
11615 11619
2677 2679
7727 7730
14703 14707
13392 13395
3542 3546
9056 9058
12009 12011
2463 2466
2754 2757
3525 3531
3084 3088
10563 10565
5857 5862
8080 8082
6525 6532
1656 1658
3610 3612
11815 11818
6791 6794
7453 7455
6417 6421
2534 2536
1813 1815
5973 5976
8553 8556
5412 5414
7271 7274
10140 10144
13659 13661
11324 11326
15010 15014
14580 14585
15820 15826
478 481
6574 6576
14217 14223
9776 9778
722 724
1293 1296
11392 11395
6646 6649
8296 8299
4667 4670
12600 12602
10185 10187
8398 8402
2222 2224
5447 5451
13152 13154
12216 12218
4693 4698
13495 13499
11889 11893
15607 15609
10375 10377
9471 9473
12161 12165
5721 5723
1638 1641
3767 3770
1386 1388
9180 9185
12371 12373
5965 5968
4793 4796
13480 13482
10235 10237
10625 10627
12460 12465
3309 3311
10217 10219
6781 6784
3104 3108
1067 1073
2837 2843
3022 3024
14048 14053
865 867
14019 14023
8404 8407
11101 11104
9760 9763
6658 6662
12710 12713
9042 9045
11833 11837
3318 3321
3031 3034
12069 12072
11431 11435
5785 5790
13153 13155
1589 1591
13523 13525
6639 6642
790 792
5841 5844
869 872
11199 11201
6555 6560
14556 14558
7823 7826
14334 14336
14260 14264
3204 3207
15361 15365
5880 5883
13304 13306
7486 7488
11213 11216
14640 14645
8891 8893
1815 1817
5710 5712
14138 14140
9159 9164
5401 5404
10129 10131
12766 12769
8095 8098
3443 3445
5718 5720
4771 4774
15009 15011
3944 3946
6678 6680
4483 4485
4048 4051
12167 12170
6520 6522
2607 2610
967 969
6570 6572
6918 6921
13084 13086
7675 7678
14875 14877
4525 4527
7898 7905
5898 5902
8331 8333
7180 7184
11288 11290
14948 14950
8793 8796
9854 9856
3706 3709
15313 15316
5573 5575
309 312
7730 7733
8948 8951
12622 12626
11149 11152
7369 7372
6017 6021
8391 8393
11185 11191
1203 1205
13406 13408
374 377
916 920
4628 4631
3629 3631
666 668
14167 14169
11559 11562
15616 15619
12847 12856
4055 4060
11361 11364
12792 12795
6035 6039
10006 10009
14659 14663
14276 14279
2806 2808
4161 4167
3920 3922
8029 8033
3542 3546
6273 6277
13267 13270
6573 6576
6099 6105
3632 3637
2808 2814
7937 7941
2023 2025
2272 2275
13561 13563
16059 16061
2880 2882
15857 15859
1859 1861
2879 2881
15755 15758
11287 11289
8488 8491
15529 15536
10117 10121
6044 6047
13812 13816
12136 12139
1848 1850
2837 2846
6260 6262
9082 9084
14299 14301
11785 11789
12384 12386
1869 1871
11429 11432
3836 3841
5127 5129
11765 11767
2877 2879
1850 1853
14197 14201
1505 1507
506 508
4858 4861
3677 3679
5255 5258
11185 11190
3137 3141
3411 3414
10079 10081
2243 2248
195 197
314 317
5886 5891
7001 7005
10085 10087
2729 2732
4679 4682
1698 1701
2500 2502
13806 13808
7913 7915
13368 13371
10027 10029
3149 3151
4560 4563
15403 15406
4041 4043
9534 9537
3906 3910
13962 13965
1584 1587
1114 1117
2180 2182
8748 8751
6782 6784
15020 15025
3980 3982
2190 2193
8741 8746
6973 6980
4738 4741
14595 14598
8094 8098
6331 6333
6580 6582
1728 1730
12037 12039
11001 11003
9388 9390
4984 4986
7680 7682
10006 10009
1380 1383
7139 7142
14115 14120
1218 1221
12721 12724
14746 14749
246 252
15778 15781
9806 9808
7186 7191
1127 1130
10731 10736
15161 15163
1537 1540
5751 5753
11169 11171
6891 6893
1909 1911
10075 10077
2934 2938
14554 14556
5894 5897
3391 3393
5089 5092
7379 7381
1319 1321
13398 13400
14810 14812
5067 5069
1948 1950
13122 13125
15597 15600
154 157
3395 3397
601 604
9600 9602
2157 2159
2307 2309
2644 2649
10598 10601
4131 4134
417 422
4407 4410
2090 2092
13844 13848
12114 12116
2595 2597
1961 1964
12023 12027
899 907
2789 2792
9162 9164
10193 10196
3729 3731
7847 7850
7833 7835
1803 1805
12161 12165
15301 15303
14714 14717
12611 12613
14971 14974
6538 6541
15140 15146
5605 5607
11533 11537
12927 12930
9342 9344
14632 14635
11001 11003
5703 5705
8833 8835
1678 1681
13122 13125
11429 11431
1862 1864
8124 8127
6413 6415
4583 4586
12168 12170
8247 8250
8547 8550
15015 15017
3550 3552
3956 3959
14680 14683
16056 16058
6698 6701
9553 9556
569 572
1370 1373
15652 15659
4361 4363
13286 13291
4002 4004
4994 5002
14446 14448
7920 7927
11 13
10083 10085
8898 8902
4610 4612
4699 4703
7722 7725
8172 8176
6388 6390
5929 5934
14455 14457
5654 5657
1961 1964
916 924
2139 2142
15570 15574
7742 7745
10768 10773
5815 5818
13448 13451
12972 12974
13093 13095
3762 3767
15358 15361
15054 15056
10258 10266
14241 14244
7305 7307
7118 7122
6235 6237
9534 9536
12039 12041
5904 5908
6441 6444
560 564
7763 7765
882 884
12907 12909
15280 15285
9573 9575
764 766
8843 8846
13800 13806
3695 3697
13525 13528
8889 8891
8282 8289
7223 7230
497 501
14695 14699
12214 12217
12605 12607
4035 4039
15751 15755
3344 3346
12735 12738
9193 9196
6545 6547
15055 15057
6048 6051
14513 14515
721 723
5966 5968
241 245
1793 1796
9413 9417
12851 12856
15452 15455
10949 10952
12114 12116
9534 9537
9247 9255
12178 12180
3072 3075
10565 10569
8960 8964
1199 1201
8365 8367
10210 10214
7845 7850
4805 4809
674 676
11341 11343
11490 11492
10481 10483
7856 7861
14801 14803
12103 12107
14153 14156
8830 8833
3387 3390
2228 2230
1386 1388
11364 11366
2240 2243
15009 15011
12299 12301
13436 13438
6324 6326
9739 9742
5297 5300
4349 4351
6292 6295
7488 7491
2988 2990
10585 10588
7835 7838
11799 11801
16086 16089
12303 12307
9763 9765
4122 4125
9664 9666
16075 16079
10849 10853
6544 6547
4540 4542
9018 9020
10731 10736
13235 13238
3941 3944
1117 1120
6254 6256
15674 15680
4699 4703
1298 1301
11910 11913
13574 13576
11126 11129
4525 4528
1333 1336
14472 14474
15751 15754
5757 5759
1183 1186
9098 9100
2406 2410
5184 5188
15266 15269
5574 5576
16081 16084
15203 15205
9770 9775
15806 15810
14480 14485
2329 2331
10414 10417
371 373
14626 14629
12229 12231
14640 14646
2249 2251
9938 9940
9127 9134
2867 2870
15711 15714
13373 13375
9348 9350
9360 9362
1887 1889
12729 12731
13720 13724
13973 13976
9932 9936
11343 11345
626 631
9968 9970
13152 13154
2156 2159
13681 13686
4519 4522
13400 13403
1258 1260
1282 1284
848 850
12261 12265
8311 8313
7298 7300
170 173
2174 2178
12989 12991
1665 1668
9999 10001
2136 2138
6219 6223
12965 12967
3488 3491
11901 11907
5871 5875
8410 8412
814 817
2254 2262
4617 4620
14857 14859
10336 10340
11449 11452
5508 5512
14243 14247
1997 2000
10682 10685
11706 11709
10932 10935
14019 14021
6900 6904
13951 13953
14031 14033
12709 12713
7343 7346
967 970
14879 14884
3376 3380
10731 10736
430 432
10164 10166
1218 1223
7656 7658
2307 2309
7708 7711
13943 13947
15136 15140
8518 8525
15454 15457
6481 6484
2913 2916
10279 10284
1978 1984
13652 13654
3210 3212
9244 9246
3376 3380
15854 15857
15708 15713
2960 2965
7253 7256
10396 10398
4841 4847
12204 12206
12884 12890
3090 3092
6873 6876
1592 1595
1359 1361
2392 2396
9404 9407
2254 2262
15497 15499
13354 13356
13908 13911
8129 8134
12702 12706
13431 13433
8260 8262
8045 8049
9393 9395
1986 1989
5546 5549
9059 9062
7217 7220
5015 5019
7497 7500
2337 2340
14789 14791
12777 12779
12989 12993
14623 14625
7142 7146
12920 12924
15209 15213
4948 4950
13969 13973
5392 5394
5185 5188
8925 8927
6351 6353
977 979
6550 6554
8124 8126
3932 3935
3104 3107
5877 5880
12598 12600
7966 7968
1787 1790
1760 1763
6215 6217
5692 5694
12129 12132
5334 5337
9927 9929
6726 6729
9940 9942
954 956
15231 15233
2523 2527
3044 3046
8656 8663
15328 15333
13913 13916
9197 9199
11718 11723
6503 6506
12399 12401
3430 3433
13862 13864
3607 3610
164 167
10001 10005
8578 8580
2129 2132
1820 1822
11901 11907
12474 12477
14719 14721
14768 14773
12009 12011
2474 2476
12423 12426
12958 12960
5129 5131
13687 13693
10015 10017
6005 6009
3452 3456
1367 1370
1562 1565
2009 2012
10500 10503
15392 15394
16034 16037
5392 5394
3015 3018
8557 8560
3090 3093
7436 7438
2908 2910
5219 5222
7674 7678
2938 2941
10765 10768
1742 1744
13928 13932
7094 7100
2971 2974
3134 3137
9335 9338
2533 2535
14480 14484
11582 11586
10641 10643
1415 1419
2910 2913
4784 4788
4861 4865
11607 11612
1579 1583
10440 10443
721 723
9158 9162
2867 2870
11843 11845
3607 3609
1498 1500
13187 13189
6676 6678
10686 10688
3755 3758
10786 10788
14541 14543
15776 15778
12443 12446
6717 6720
14657 14659
11082 11085
9127 9135
276 279
5219 5222
2843 2846
505 507
9534 9537
10052 10054
9938 9942
155 157
7198 7201
5433 5436
2910 2913
10870 10875
9382 9386
14362 14366
16086 16090
15153 15158
15844 15851
5418 5422
6881 6883
8282 8289
7123 7126
4880 4882
3565 3567
2167 2169
1716 1719
15266 15269
7484 7486
8715 8719
8183 8186
8847 8851
13865 13867
9893 9896
4429 4431
15966 15969
1306 1314
12154 12157
12400 12403
8728 8732
9190 9193
15195 15198
4014 4016
4011 4013
14375 14378
9001 9004
5452 5458
8891 8893
13670 13673
1000 1002
7456 7458
4117 4119
13229 13233
2641 2644
5711 5713
10257 10265
14823 14825
7753 7755
14451 14453
4114 4117
8606 8609
5247 5250
12323 12328
4683 4687
3795 3797
5223 5229
11030 11036
11508 11510
2486 2488
16056 16058
3956 3959
13224 13228
2529 2531
7100 7102
8720 8722
10944 10946
5071 5075
5769 5771
872 874
11320 11324
306 309
417 422
7907 7909
1719 1721
5037 5040
485 487
1986 1989
3160 3167
14081 14084
7261 7264
8381 8384
3405 3410
8080 8083
14250 14252
9473 9475
15950 15952
383 386
1522 1525
8427 8430
490 492
15255 15258
5138 5140
2852 2857
1562 1565
8547 8552
8684 8686
11039 11042
8246 8250
7833 7835
10658 10664
3449 3451
11826 11831
5732 5735
11268 11271
2707 2709
4779 4783
13857 13861
1390 1392
6180 6184
1532 1535
5999 6002
6108 6111
11106 11109
14599 14601
3720 3724
15263 15265
7734 7737
13194 13200
2278 2280
10928 10930
14289 14291
1820 1823
1665 1668
4597 4601
10153 10156
16053 16055
10646 10649
10816 10819
13371 13373
13491 13495
14651 14654
6310 6312
979 981
8008 8010
7868 7870
1740 1742
14059 14061
3244 3247
12433 12436
3452 3455
7617 7619
8993 8996
13943 13947
4247 4250
9596 9600
15817 15819
3224 3228
10221 10223
1849 1852
824 827
10180 10184
7703 7705
12968 12971
4951 4953
14334 14336
10144 10146
13497 13501
46 50
5098 5100
2837 2846
10015 10017
5468 5470
10881 10884
10009 10014
4236 4241
13682 13686
15266 15269
3893 3897
8939 8942
3610 3612
5823 5825
1134 1137
14695 14698
553 555
7341 7343
2476 2479
13259 13261
2 4
3224 3228
4840 4846
3943 3945
9256 9258
1820 1823
13270 13273
129 131
14954 14959
15158 15161
2517 2521
9719 9721
13249 13254
12080 12084
757 759
15280 15285
15837 15840
6065 6067
4965 4969
12166 12168
5293 5297
3085 3088
1494 1496
11974 11977
1579 1582
15490 15492
3706 3709
1697 1699
15519 15522
5916 5918
4236 4240
11767 11769
5999 6002
14707 14712
2761 2763
10009 10013
7730 7734
13523 13526
748 751
10020 10022
12207 12210
12014 12017
15864 15868
15688 15692
3345 3347
7137 7139
11680 11682
12055 12064
13755 13761
1505 1507
11404 11407
6393 6396
7146 7148
4352 4354
3705 3707
9925 9927
6032 6039
13074 13076
2837 2843
15395 15397
2051 2054
10121 10128
1422 1426
12717 12719
7742 7744
14197 14201
2166 2168
11022 11024
9200 9204
10385 10390
6149 6152
1544 1546
2386 2388
1138 1140
15828 15831
9283 9287
2161 2166
13833 13836
8239 8243
14730 14732
5090 5093
8483 8487
1513 1516
12025 12028
8838 8844
9500 9504
7238 7245
1579 1583
8855 8860
10385 10390
8115 8118
1268 1273
15109 15113
8381 8385
3397 3400
7005 7007
9008 9014
9338 9341
8656 8660
8336 8340
8500 8502
28 30
4775 4779
6044 6047
4906 4908
2136 2139
6759 6762
1978 1981
14651 14654
1191 1194
10296 10299
11862 11865
7393 7395
10385 10387
3897 3899
300 304
757 759
6993 6997
12836 12838
13195 13200
5015 5019
2264 2266
2119 2121
4509 4511
11697 11700
8016 8020
15516 15519
6156 6159
5088 5090
10679 10681
14035 14038
4928 4931
11106 11109
15887 15891
11601 11603
733 735
802 805
10710 10712
7563 7566
9211 9215
1646 1649
1260 1262
10459 10461
9830 9832
7775 7779
6142 6147
13913 13916
7714 7720
3952 3955
4592 4594
6272 6277
5626 5629
2007 2009
1811 1814
7057 7059
5130 5132
26 28
9537 9541
8231 8234
5145 5147
10173 10176
1933 1936
10994 10999
15468 15471
13849 13855
11570 11573
4522 4525
107 110
6134 6138
6496 6500
11284 11288
4264 4269
1000 1002
282 286
12894 12898
14197 14201
3992 3994
10970 10972
15688 15692
15750 15754
11689 11691
9567 9571
12865 12868
14298 14300
7882 7885
7069 7071
1520 1522
6658 6662
8527 8530
3808 3810
15406 15408
14330 14332
14663 14666
13741 13743
3242 3244
8709 8711
14875 14878
6380 6382
12175 12178
8614 8619
11257 11263
8292 8295
2297 2299
11009 11014
6382 6388
6693 6695
6415 6417
7831 7833
6413 6415
5886 5891
2117 2119
14548 14551
10528 10533
8957 8959
1601 1603
15328 15333
13743 13745
2273 2276
8423 8426
15593 15595
3084 3088
7892 7896
8607 8610
2070 2074
12359 12362
15934 15938
9686 9688
4029 4032
1707 1710
11910 11913
4079 4081
3237 3240
3803 3807
820 822
8243 8245
9437 9439
6380 6388
9095 9098
3985 3987
10021 10025
10895 10897
4459 4461
12009 12013
10057 10059
4821 4823
451 454
1424 1427
402 405
2524 2527
2193 2197
8055 8063
1945 1948
12114 12116
2424 2426
7861 7863
14292 14294
2230 2233
15742 15746
11115 11120
682 684
10754 10758
5849 5852
5043 5045
14319 14322
7967 7969
2254 2262
10058 10061
5552 5554
3043 3045
10217 10221
10873 10875
13959 13962
11290 11293
13719 13722
2827 2830
14035 14038
2199 2206
1398 1400
830 835
7478 7481
13493 13495
3030 3033
13293 13295
1808 1810
6620 6623
7826 7829
10285 10287
6936 6939
9062 9065
9391 9393
683 689
9285 9288
11637 11639
1350 1354
15980 15985
396 398
1974 1977
1306 1314
12698 12702
14969 14971
11875 11877
13128 13131
15034 15036
10269 10274
7745 7747
6251 6253
10963 10965
12086 12089
13499 13504
808 811
4395 4402
9118 9121
1181 1185
15156 15158
5388 5391
4689 4691
15887 15891
6240 6242
9952 9954
12830 12832
10017 10020
1183 1186
10994 10999
4407 4409
2193 2196
1221 1223
5776 5778
5458 5460
14394 14396
8753 8758
8100 8103
6577 6580
12376 12379
6199 6204
4510 4512
5662 5666
2537 2539
8077 8080
12821 12823
8699 8701
3770 3772
11892 11895
10196 10203
9560 9562
14243 14247
10949 10952
6631 6635
29 31
5263 5266
1237 1241
12944 12948
2857 2859
6825 6828
11284 11287
7767 7770
8585 8587
5684 5691
7547 7549
7504 7509
5761 5763
14672 14674
2872 2874
3483 3485
11711 11713
5905 5909
4732 4735
8150 8152
8005 8008
4373 4378
12382 12384
3681 3684
11026 11028
1025 1028
7405 7407
14187 14189
9373 9376
5641 5644
7759 7761
13816 13819
9158 9162
9851 9854
15921 15926
4281 4284
2584 2587
4953 4957
3932 3935
15123 15125
4122 4126
2190 2193
13740 13742
915 920
1268 1275
216 218
10656 10664
11348 11350
730 733
13773 13776
6273 6277
3594 3596
16015 16018
13621 13623
1658 1662
462 464
1276 1279
9221 9224
14599 14601
11191 11193
10125 10128
11514 11520
14375 14378
10310 10312
4648 4651
16013 16018
10332 10335
5169 5171
7162 7164
722 724
11353 11356
7807 7810
7826 7829
10500 10503
5360 5363
11395 11401
11375 11377
974 977
4466 4468
13063 13067
1953 1956
6241 6244
15796 15798
12527 12530
15648 15650
14110 14113
8240 8244
8603 8606
9513 9515
10809 10812
5635 5637
19 23
9993 9995
689 691
9439 9441
2240 2243
11087 11090
16086 16089
4870 4872
9454 9456
1857 1859
2671 2673
10048 10050
15384 15386
863 865
2496 2498
9004 9006
4263 4265
1535 1537
6260 6262
11093 11097
9382 9386
984 988
9632 9634
8117 8119
3023 3025
7745 7747
7389 7392
14680 14684
12774 12776
6054 6058
5884 5886
5800 5804
4350 4352
2129 2132
553 557
1244 1247
7135 7137
16061 16063
13870 13872
8432 8439
14181 14185
11809 11812
2020 2023
5727 5734
2832 2834
14130 14135
8783 8785
11691 11694
551 553
3574 3577
511 513
4420 4423
9770 9772
14480 14484
15586 15588
416 422
3632 3637
4182 4184
7070 7072
11895 11897
3703 3705
7021 7025
11305 11307
8336 8340
8434 8439
6065 6067
9330 9332
14129 14133
4064 4070
2888 2890
9716 9718
5250 5252
15 18
660 664
15751 15755
519 523
2124 2127
4134 4138
8736 8738
14127 14129
4876 4880
13090 13092
5999 6001
15933 15938
15147 15152
7056 7058
14666 14670
13558 13561
11025 11027
2535 2537
8480 8482
8172 8178
10503 10505
15820 15825
14852 14857
3693 3695
2958 2960
2674 2677
1998 2001
11547 11549
1942 1944
7217 7220
15368 15372
3171 3174
9747 9750
7783 7785
14768 14773
15652 15659
14809 14812
10270 10275
12307 12310
10329 10332
7419 7421
3803 3807
5738 5742
14636 14639
12099 12101
8262 8265
3551 3555
4561 4563
1745 1750
8700 8702
10789 10792
4108 4111
5276 5283
5699 5703
4402 4404
5898 5902
6065 6067
1583 1585
5499 5505
9564 9567
5030 5035
1297 1300
676 679
7344 7346
12579 12584
10542 10545
8682 8684
4679 4682
5140 5144
14695 14698
9643 9645
10181 10184
4848 4851
433 435
15525 15528
1869 1871
7798 7803
5566 5569
11257 11261
7466 7469
5073 5077
15761 15765
12645 12649
5452 5458
10627 10631
12763 12766
3869 3872
9020 9024
234 237
4282 4284
14485 14487
7753 7757
6452 6454
13763 13765
2424 2426
12366 12369
8222 8227
2219 2222
3361 3363
5946 5950
1414 1417
14828 14830
3620 3624
2709 2713
9268 9271
1283 1286
3493 3497
12693 12695
1199 1201
11560 11562
3340 3343
8669 8673
2995 2999
14094 14097
8936 8939
13935 13940
7811 7813
10277 10279
11030 11036
13542 13547
3076 3079
12530 12533
9506 9509
15362 15366
899 906
11625 11627
10949 10952
802 805
301 304
4984 4986
14693 14695
199 201
16050 16053
9776 9778
8960 8964
12234 12237
14689 14695
5258 5261
13581 13583
7259 7261
661 664
13969 13972
400 402
11335 11337
13743 13745
12132 12134
10922 10925
483 485
7295 7299
14972 14975
4232 4234
4807 4813
3100 3102
11077 11082
2025 2031
9404 9408
13827 13830
5119 5122
9477 9479
5144 5147
8489 8492
454 457
1659 1663
13836 13840
13557 13561
2037 2040
13363 13367
14080 14083
15998 16002
15675 15680
4880 4883
5860 5864
2044 2046
3796 3799
6365 6367
5644 5646
3984 3987
1087 1089
2112 2115
14382 14384
15990 15996
9180 9185
6331 6333
13156 13159
1981 1984
12602 12604
3235 3237
15338 15340
9027 9031
8494 8499
14958 14960
13836 13840
3458 3461
14584 14586
5713 5716
2688 2690
4008 4011
12587 12589
7563 7566
8499 8502
9919 9921
5700 5704
11150 11152
10856 10859
6924 6926
3913 3916
658 660
9583 9589
10103 10105
1483 1485
7500 7502
4063 4066
3574 3577
12556 12558
13768 13770
12606 12608
3483 3486
15272 15274
2997 3001
10698 10703
12670 12673
9936 9938
6738 6740
3281 3283
9404 9407
11408 11411
8738 8741
15335 15338
1108 1110
14686 14689
11691 11694
5584 5587
8015 8018
1205 1208
5479 5481
10001 10005
12941 12944
1951 1953
13696 13698
507 510
1679 1682
5162 5165
15441 15445
12491 12496
12064 12069
12736 12739
11560 11563
10138 10140
1536 1540
6333 6335
12222 12224
13398 13400
6766 6769
14912 14917
13687 13692
98 101
9125 9127
5148 5150
9567 9571
8800 8802
13217 13219
8536 8541
301 304
11667 11670
15177 15180
11823 11826
15899 15902
8922 8925
7108 7111
4767 4769
11814 11818
6541 6544
4055 4062
2610 2614
4282 4284
4315 4317
1572 1574
15462 15464
7298 7300
13536 13538
13375 13377
13464 13466
7965 7967
83 88
11880 11884
768 770
8115 8117
13900 13903
15478 15482
14311 14314
11718 11723
11929 11931
14707 14712
7953 7957
16029 16031
2649 2656
1941 1944
11002 11004
4725 4727
10193 10196
14423 14425
12916 12918
11633 11635
5196 5198
5771 5773
10790 10794
15399 15401
941 946
8425 8427
2783 2786
13444 13448
3209 3211
13718 13720
12001 12004
2584 2588
13831 13836
15048 15050
5266 5269
3923 3925
5108 5112
6522 6524
2641 2647
2707 2711
5500 5508
1056 1058
11327 11332
14314 14317
12884 12889
8396 8398
9878 9882
10815 10817
13819 13822
11157 11160
7845 7850
12880 12884
3251 3253
8977 8979
11172 11174
3789 3791
14563 14565
7417 7420
10965 10967
10229 10233
4390 4393
6022 6025
4144 4151
10040 10042
14505 14509
9185 9188
15092 15095
14880 14884
12469 12473
7503 7506
10225 10229
4676 4679
444 446
12241 12244
4394 4402
12210 12213
10637 10640
10176 10179
10121 10125
15034 15036
3828 3830
1936 1942
14348 14350
11969 11971
5401 5403
14833 14835
4581 4583
13781 13784
10325 10329
2530 2532
15312 15316
14661 14663
155 158
3255 3258
15375 15377
7644 7646
6896 6900
1678 1681
8230 8232
15161 15163
1830 1833
7127 7131
11901 11907
5856 5860
14978 14983
2462 2466
564 567
8666 8671
1450 1454
5057 5060
10658 10664
8904 8907
14732 14735
2047 2049
9047 9050
11815 11818
5839 5843
2025 2029
12263 12266
1236 1239
7335 7338
2866 2870
3115 3117
11132 11138
845 847
6349 6353
6703 6705
5105 5108
5646 5648
7602 7606
3108 3115
4877 4880
10795 10799
1966 1969
10213 10216
11088 11090
12930 12933
3213 3216
6245 6247
440 442
15629 15634
4378 4381
12491 12496
12759 12762
684 690
9349 9351
6042 6044
2729 2732
3441 3443
5352 5355
6396 6400
13680 13682
11083 11085
1881 1884
12506 12509
1323 1326
10740 10742
7020 7022
15791 15794
6816 6818
3207 3209
5090 5092
14314 14319
11265 11268
11846 11849
7094 7100
15582 15584
15147 15152
14796 14800
1307 1314
14721 14725
14536 14538
881 884
4451 4454
12746 12748
3692 3695
1011 1013
9812 9816
7818 7820
4393 4395
14054 14059
3777 3780
1323 1326
8865 8869
7186 7191
4114 4119
6268 6270
5923 5926
12536 12540
14135 14137
6042 6047
5040 5042
15820 15825
2476 2479
2212 2214
14592 14594
3532 3535
5746 5748
716 719
14880 14884
1436 1438
11425 11427
8385 8387
323 327
15062 15069
1742 1744
11523 11526
3914 3918
10016 10020
13118 13120
8809 8814
7689 7691
8044 8049
14378 14381
11474 11478
13930 13932
5170 5172
7060 7062
583 589
9717 9719
13306 13312
4955 4957
2368 2370
6757 6759
5348 5350
13291 13293
2825 2827
4119 4121
6389 6392
2640 2644
10518 10521
11217 11219
10322 10324
9122 9125
5437 5441
516 518
9871 9873
12206 12210
9342 9347
10105 10107
1448 1450
11544 11547
9574 9576
9027 9031
7773 7775
423 425
5404 5406
7324 7326
10225 10228
6869 6871
11612 11615
3475 3478
700 702
13582 13584
684 689
7398 7401
4597 4601
8809 8812
10704 10708
137 139
6278 6282
10444 10446
7313 7318
7290 7292
1141 1144
15611 15613
2022 2024
9581 9583
1587 1589
305 308
13318 13320
8906 8912
12664 12669
11865 11869
10472 10474
15223 15226
14347 14350
12763 12766
14113 14115
3681 3684
10828 10832
4278 4281
13203 13206
8968 8970
12225 12228
15566 15572
3143 3145
10953 10958
9007 9014
13248 13254
887 890
12475 12477
2337 2340
14751 14756
12555 12557
7466 7469
10621 10626
13912 13915
12488 12490
5909 5913
9288 9290
10164 10166
6691 6694
14108 14110
7589 7593
6347 6351
7635 7637
11818 11821
5815 5818
3282 3284
13326 13332
6147 6149
3160 3167
8502 8506
14677 14680
4048 4050
2368 2370
1254 1257
9529 9533
1833 1837
10641 10643
1373 1376
10878 10881
9596 9601
8029 8034
6329 6331
6593 6598
12170 12172
10244 10246
14932 14935
11429 11432
10676 10678
12784 12786
11307 11310
11395 11401
6031 6035
3980 3982
7432 7434
11121 11124
11343 11347
5104 5107
10383 10385
9605 9610
2031 2033
10016 10020
5401 5404
5944 5946
6396 6400
14517 14520
8686 8689
14625 14627
10398 10401
4331 4336
13023 13026
4858 4861
10320 10322
3182 3184
12605 12607
14497 14500
13618 13621
15023 15025
15776 15778
1135 1138
12009 12011
5125 5127
15342 15344
5875 5877
1855 1857
827 830
9062 9065
961 964
2451 2456
12562 12565
11093 11097
11748 11753
15386 15388
8720 8722
3767 3770
12094 12099
3445 3449
10492 10494
11353 11355
3153 3156
4307 4309
14031 14033
14703 14706
1707 1709
7103 7105
7165 7169
4097 4102
10341 10345
10404 10407
8407 8409
15424 15428
12993 12996
5941 5944
23 25
4395 4403
6265 6267
6402 6405
13555 13557
4990 4993
234 239
11726 11728
16053 16056
598 601
3987 3991
11588 11590
11778 11780
8353 8358
14340 14343
10580 10582
4211 4214
14181 14185
4663 4667
9527 9533
12708 12710
14192 14194
2588 2590
13745 13747
9590 9592
8652 8654
13392 13395
1407 1410
12023 12025
5782 5789
5307 5312
13776 13778
7942 7945
4029 4033
5916 5918
14375 14378
6501 6503
13632 13635
1129 1131
409 413
8697 8699
15362 15365
7322 7324
3955 3957
9454 9457
3646 3648
12924 12926
827 829
14900 14907
8474 8476
5030 5035
8349 8353
6488 6491
14213 14215
14487 14489
14623 14626
16110 16113
15614 15616
479 482
6973 6980
14279 14283
15845 15851
10610 10613
12865 12869
4273 4275
6684 6690
9423 9427
1361 1364
11785 11789
11163 11166
11804 11807
9269 9272
843 845
15941 15944
9226 9228
9912 9914
12640 12644
12231 12233
383 386
13491 13493
8707 8710
5718 5720
5570 5574
6601 6605
3459 3462
7559 7563
6075 6078
8130 8134
266 268
8055 8063
15698 15701
12916 12918
6636 6639
3761 3766
5476 5479
15366 15368
14533 14536
13153 13155
9462 9466
8425 8427
4404 4406
1183 1185
6415 6417
8063 8072
7587 7590
11690 11694
13086 13088
14452 14454
899 906
8717 8720
6382 6388
3756 3759
9360 9364
15295 15297
6253 6256
8985 8988
11854 11856
4111 4113
9869 9871
14809 14812
12101 12107
7478 7481
12935 12938
12702 12706
6372 6374
7223 7227
11150 11154
2430 2432
5782 5785
5266 5268
9127 9134
3493 3496
5918 5921
6390 6393
7992 7994
15897 15899
4900 4902
9370 9373
15377 15379
1261 1264
820 822
6428 6430
4454 4456
6422 6425
13928 13930
11895 11898
1135 1137
4564 4567
4250 4252
8679 8682
5103 5105
9197 9199
13770 13772
1400 1405
13386 13389
8762 8764
1679 1682
2582 2584
2843 2847
14066 14068
10934 10937
7625 7630
5305 5310
1948 1950
188 190
5822 5824
12080 12083
1490 1492
12028 12031
5737 5739
6850 6854
3627 3629
12536 12538
551 555
5071 5073
14896 14900
5171 5174
13872 13878
12741 12745
5980 5982
5931 5935
8477 8479
1948 1951
14083 14085
8432 8439
5100 5103
12303 12309
8044 8049
6752 6757
268 270
8166 8168
7155 7157
12662 12664
3102 3107
2736 2739
7379 7381
7399 7401
14208 14210
6526 6532
5666 5669
14080 14083
8156 8158
5021 5027
9916 9918
10278 10284
9018 9020
13063 13067
6511 6514
9546 9549
12116 12120
14448 14451
14113 14120
15559 15563
8705 8707
6955 6960
13682 13686
15466 15468
10 12
2086 2088
4236 4240
10474 10479
15836 15840
346 348
5491 5495
7838 7840
9862 9864
14732 14734
12518 12520
6788 6790
7952 7957
9670 9672
4006 4008
134 137
7916 7919
8381 8384
15492 15494
4959 4962
2385 2388
280 282
9776 9779
10972 10976
7354 7356
9109 9113
15955 15960
4369 4372
99 101
10876 10878
11540 11543
14766 14770
583 588
2916 2919
6130 6132
266 268
13254 13257
12303 12307
160 163
410 413
8368 8371
15388 15392
298 300
11979 11981
6791 6794
11551 11554
4128 4131
1123 1125
9603 9605
14303 14305
1905 1908
10583 10585
13978 13981
6821 6823
9843 9847
8535 8540
501 503
9980 9982
13336 13338
4075 4077
1033 1036
11452 11455
1920 1922
2346 2349
6175 6177
9468 9470
7730 7734
10040 10042
2002 2005
638 640
3200 3203
6099 6105
7614 7617
4527 4529
2100 2102
6437 6441
11632 11634
14912 14917
11499 11501
9448 9450
3852 3858
10396 10398
14466 14469
7997 7999
3172 3176
10112 10114
5570 5574
4847 4851
6444 6447
11192 11194
14997 14999
10125 10128
7465 7467
10928 10930
9633 9636
9105 9107
16091 16093
13521 13523
8920 8924
14571 14575
4574 4577
8190 8194
12659 12663
10178 10180
15608 15610
10397 10400
4103 4108
7898 7902
10481 10484
8717 8720
2301 2305
14460 14463
6273 6277
12591 12593
8333 8335
7711 7714
348 352
12080 12083
15468 15471
13105 13111
3550 3552
3096 3102
15701 15704
15798 15802
13487 13489
3872 3875
8215 8218
866 868
3552 3556
4708 4713
8619 8621
13678 13680
11179 11181
12055 12062
14252 14255
8485 8488
6312 6315
4673 4676
2495 2497
12168 12172
1797 1800
12444 12446
7702 7704
1876 1881
15498 15500
10189 10193
5175 5177
14427 14429
3600 3607
12417 12419
2301 2306
9900 9902
14828 14831
5403 5405
8063 8072
11748 11752
3187 3193
14335 14337
12234 12237
10720 10722
6997 7001
15730 15732
12960 12965
676 679
15852 15854
12446 12448
11094 11097
5301 5305
6538 6541
11432 11435
4117 4121
15955 15960
8377 8380
13605 13609
15893 15896
9090 9093
4175 4182
1611 1615
13111 13114
473 475
14048 14052
8855 8860
1863 1865
14879 14884
2404 2409
595 597
14631 14633
193 195
3023 3025
4406 4409
8091 8094
8002 8004
12736 12738
15652 15659
9600 9602
6758 6761
9537 9541
9567 9571
10776 10778
13191 13193
7884 7886
9512 9515
10610 10613
3550 3552
14100 14103
8748 8750
5552 5554
5206 5208
11456 11459
12175 12178
6329 6331
6015 6017
2713 2715
13055 13058
2509 2515
5993 5995
11700 11704
14505 14509
3281 3283
4993 4999
4931 4934
9781 9783
1252 1254
16073 16075
5697 5699
7876 7880
14616 14619
1232 1235
6545 6548
14175 14178
15437 15439
1646 1649
4432 4434
15333 15335
5880 5883
14232 14236
14130 14133
12417 12419
4775 4779
4488 4490
1239 1242
937 941
190 193
4250 4252
9272 9276
14886 14888
8012 8016
1724 1727
2591 2594
15955 15960
1439 1441
3641 3645
14924 14926
4331 4336
15559 15563
2445 2447
14501 14505
744 746
6215 6217
1117 1120
1429 1431
1540 1542
8860 8864
10572 10577
2265 2267
6646 6649
15979 15982
15280 15285
1063 1067
14779 14782
13255 13257
13969 13972
12732 12734
14851 14855
8907 8912
14900 14908
743 746
15704 15708
12851 12856
15833 15836
3538 3540
8939 8942
2129 2132
5574 5576
6665 6668
14737 14746
8229 8231
15542 15544
13220 13223
1820 1823
2132 2134
6219 6223
12431 12433
5095 5097
9166 9171
11145 11148
9073 9076
3395 3397
14972 14975
1003 1005
5020 5022
2440 2442
10854 10856
14495 14498
10079 10081
12619 12621
8996 9000
15798 15802
12448 12450
333 336
5223 5229
8094 8098
7388 7392
7942 7945
7407 7409
4250 4252
14478 14484
14548 14551
13187 13189
6308 6310
553 555
3888 3891
11113 11115
9975 9977
4553 4557
8847 8851
9974 9977
8245 8247
15291 15295
10379 10381
9230 9234
2467 2469
6142 6149
1467 1469
4198 4205
15358 15361
13291 13293
4949 4951
9700 9702
9048 9051
12095 12099
8200 8204
7536 7538
3652 3654
1695 1698
9656 9658
15362 15366
839 842
4721 4723
2276 2279
9107 9109
14698 14700
4476 4479
16050 16053
12941 12944
8215 8217
8121 8124
2178 2180
11066 11071
970 972
5181 5184
6568 6570
9421 9423
13790 13797
14399 14401
4935 4938
2628 2630
12359 12362
4934 4937
78 81
7867 7870
14622 14625
2496 2498
1684 1688
6545 6547
15384 15388
8861 8864
12631 12637
10322 10325
12459 12465
11427 11429
9621 9625
1973 1976
14215 14217
10404 10407
6646 6649
10136 10139
5619 5622
12225 12229
15903 15908
15088 15091
13491 13493
4395 4402
2254 2259
2013 2019
1133 1135
15410 15415
5619 5622
4373 4376
4938 4940
14086 14091
13576 13578
13509 13511
14368 14371
1218 1221
13116 13118
6580 6583
5188 5190
8889 8892
1674 1678
8594 8596
10125 10128
346 349
4443 4448
9918 9920
10928 10930
6005 6010
5447 5452
3130 3132
5662 5665
1033 1039
10131 10136
6219 6223
13152 13154
13959 13961
5550 5552
12436 12438
11388 11391
4594 4596
15410 15415
6967 6972
13918 13920
5815 5817
14791 14794
5151 5154
6005 6009
5042 5045
15267 15269
8110 8114
13962 13965
14737 14742
5722 5724
8979 8981
3785 3789
15669 15671
11142 11145
12121 12123
4662 4664
5988 5990
8200 8204
13386 13389
15200 15202
15837 15841
6076 6078
12471 12474
6615 6619
3759 3761
6623 6625
15152 15156
1112 1114
4472 4474
13624 13626
8826 8829
15388 15392
11395 11401
9869 9871
7829 7831
3486 3488
12963 12965
12458 12460
2309 2314
5285 5288
11327 11330
1724 1727
11042 11045
4674 4676
14367 14370
2179 2182
12903 12907
1499 1502
15607 15609
9326 9330
11964 11967
339 342
1751 1754
3700 3703
10347 10350
14121 14125
14488 14490
7779 7781
6071 6073
12558 12561
7083 7086
1149 1155
9525 9527
6393 6396
2410 2414
14532 14535
15778 15783
10496 10500
2830 2833
2088 2090
12432 12435
9059 9062
12161 12164
14670 14672
8111 8114
9716 9718
7416 7419
6132 6134
86 88
9957 9960
4075 4077
14640 14645
3836 3839
9283 9287
15880 15884
13228 13230
10448 10450
11213 11215
4122 4126
5331 5333
15723 15726
7035 7040
15675 15680
1486 1489
8391 8393
6126 6129
10696 10698
10627 10631
5970 5973
10984 10986
12753 12755
12039 12041
7180 7183
12197 12200
4176 4182
259 262
6509 6511
7665 7668
2837 2843
15237 15240
9148 9151
15584 15586
10088 10091
11169 11171
3681 3684
142 144
10843 10848
1067 1073
8958 8960
8386 8388
2388 2390
9537 9542
71 75
7705 7711
7999 8002
1436 1439
2968 2971
13096 13102
2506 2508
5798 5800
6382 6388
8931 8935
10934 10937
10454 10456
9650 9655
5550 5552
5757 5759
2943 2946
8196 8198
6058 6061
12830 12832
15237 15239
1513 1516
12589 12591
12645 12649
4915 4918
1458 1463
10009 10013
6312 6316
14513 14515
6654 6657
10720 10722
10404 10407
11735 11737
2569 2572
3387 3390
5545 5548
11540 11543
16048 16050
12709 12713
12780 12782
7660 7662
2519 2521
9914 9916
4676 4679
6456 6460
887 891
5266 5269
3867 3869
7151 7155
11504 11508
4543 4545
2894 2896
14130 14133
2293 2296
15508 15515
5539 5541
4395 4403
7077 7081
72 75
106 110
1518 1520
12408 12412
3415 3422
10097 10100
9203 9206
12585 12587
5921 5923
3616 3619
14311 14314
6158 6160
11889 11893
11972 11974
10058 10061
12234 12238
6825 6828
12217 12219
7313 7318
1995 1997
27 29
12348 12351
15169 15171
15033 15035
714 716
9220 9222
16053 16056
13796 13798
7204 7207
11612 11615
6469 6472
13603 13605
15556 15558
5447 5452
8578 8580
2235 2237
11781 11783
13708 13710
12997 13001
14785 14789
14248 14250
4858 4861
5742 5744
1307 1314
7905 7908
15249 15253
12222 12224
8699 8701
5785 5789
5550 5552
3446 3449
7683 7686
13532 13535
14611 14614
13780 13784
10459 10461
7686 7689
4579 4582
14271 14273
12376 12379
4086 4088
15531 15536
1917 1919
4708 4713
1254 1258
11066 11071
11307 11310
4900 4903
5961 5963
11101 11104
3600 3606
7198 7201
5794 5797
11824 11826
10401 10404
623 626
4809 4813
9423 9427
13338 13342
10344 10346
15962 15964
1876 1879
9944 9946
4719 4723
3895 3897
13155 13158
402 405
5934 5938
12193 12196
11106 11109
5607 5612
11343 11345
8158 8160
13420 13423
3502 3506
7980 7987
14614 14616
2147 2151
13781 13785
14580 14585
2549 2553
6396 6400
15742 15745
1490 1492
10279 10285
2207 2212
13725 13733
13413 13415
6998 7004
4767 4769
9076 9078
8823 8826
13918 13920
15843 15845
15584 15587
8215 8217
1453 1456
9507 9511
2462 2466
10453 10455
1268 1273
2615 2620
489 491
3236 3239
12622 12625
4395 4402
1360 1364
9901 9903
9890 9892
5790 5797
4098 4102
7876 7882
12523 12526
12467 12469
6171 6175
8219 8222
5554 5559
6076 6081
4567 4570
5013 5015
7640 7644
15403 15408
13088 13090
381 383
2975 2977
8336 8339
13950 13953
12735 12738
1872 1874
15820 15825
13055 13058
532 536
14080 14083
9420 9423
4897 4899
1412 1414
2138 2140
6845 6847
1194 1197
12154 12157
2810 2814
15057 15059
1896 1898
15313 15316
4612 4615
4631 4633
2180 2182
4693 4698
12323 12328
11893 11897
5071 5075
10322 10324
9127 9134
14527 14530
2870 2872
14763 14765
10789 10792
10017 10020
12089 12091
6005 6009
4390 4393
8995 8999
12689 12691
8620 8622
16055 16058
8738 8740
13479 13482
6626 6629
6801 6804
3809 3811
6017 6021
8453 8457
1505 1510
7942 7945
4898 4900
7267 7271
10196 10200
14742 14746
13581 13583
9843 9847
14658 14661
11665 11667
7902 7907
2890 2892
8246 8250
6548 6550
15120 15122
7032 7035
7458 7460
15675 15681
10754 10758
10205 10207
11858 11860
8282 8289
13786 13789
10948 10952
583 588
12710 12714
4713 4716
205 208
11632 11634
3898 3901
11590 11592
15424 15428
10121 10125
11385 11388
8239 8243
15292 15296
5297 5300
4475 4478
3795 3797
11901 11907
4608 4610
14093 14097
1960 1963
15742 15745
6300 6303
1077 1080
5431 5433
7108 7110
14563 14565
5846 5848
4698 4703
3024 3026
2955 2958
14386 14391
730 735
2848 2856
3334 3336
1250 1253
11992 11994
8725 8727
3291 3295
15584 15587
15988 15992
6545 6548
3546 3549
5993 5995
3466 3469
10571 10577
4235 4240
2612 2615
10621 10625
10095 10097
5596 5598
9206 9210
1053 1056
8791 8793
4052 4055
7892 7896
2243 2248
297 299
15500 15507
13932 13935
1089 1091
12616 12619
7816 7819
11355 11357
9244 9247
5671 5673
878 880
7413 7415
14659 14663
15371 15373
5315 5317
9234 9238
1066 1073
2084 2086
4819 4821
10626 10631
14043 14045
13511 13514
3640 3645
4286 4288
1463 1465
1973 1976
12749 12751
2560 2564
8431 8434
15328 15333
11431 11435
14249 14252
7980 7982
6644 6647
2592 2594
13487 13489
16026 16029
12025 12028
5042 5045
11893 11897
4286 4288
6058 6062
7192 7196
1100 1103
2449 2451
3031 3033
3346 3350
14317 14319
11901 11907
13704 13706
4314 4316
14171 14173
9050 9053
342 346
5776 5778
7271 7274
3938 3940
4032 4035
9734 9736
882 884
6657 6662
2602 2604
15860 15862
10835 10838
13543 13547
4763 4767
11043 11045
4284 4286
11652 11656
1390 1392
524 527
6929 6933
14707 14712
2105 2108
479 481
11850 11852
14338 14340
9730 9733
3977 3980
9166 9171
15004 15008
5720 5722
6344 6346
1815 1818
4154 4161
10472 10474
3445 3449
11860 11862
13849 13852
179 183
4191 4194
13504 13506
5779 5785
2216 2219
14355 14361
5352 5356
12655 12657
13719 13722
15880 15883
4635 4637
11367 11372
13885 13890
8391 8393
3697 3700
2243 2249
5048 5054
7982 7989
15610 15613
14343 14346
14115 14120
53 58
3883 3885
9228 9230
12481 12485
5839 5843
5487 5491
15365 15368
9548 9553
8361 8364
9556 9558
3337 3339
10698 10701
14765 14768
6879 6882
2692 2695
10287 10289
14463 14469
154 157
7462 7465
13129 13131
13174 13177
14977 14981
2669 2671
8517 8524
8753 8758
6246 6249
3677 3679
8168 8172
14042 14044
11039 11042
656 658
306 308
11071 11075
13044 13047
11009 11014
5703 5705
8299 8301
10731 10737
7242 7245
15687 15692
5669 5671
12960 12963
8018 8020
12997 12999
7640 7644
11910 11912
6884 6886
13605 13609
7755 7757
3727 3729
171 173
6256 6260
1710 1712
15215 15218
2783 2786
5935 5940
8100 8103
6768 6770
887 890
1453 1456
4288 4291
6450 6454
9980 9983
7012 7014
8020 8022
14675 14677
1181 1185
12329 12332
12441 12443
12199 12201
7265 7267
12626 12630
5462 5465
13982 13984
11846 11849
1030 1032
532 536
11261 11264
8307 8309
11074 11076
11014 11018
10809 10812
11471 11474
14548 14551
12816 12820
13105 13111
3933 3935
6265 6267
14485 14487
2353 2360
15634 15638
12579 12584
2883 2885
14737 14742
7443 7445
12611 12613
519 523
9109 9113
14046 14048
7905 7907
15540 15542
4593 4596
7063 7068
11333 11336
10451 10453
15264 15266
2225 2228
4295 4298
3262 3268
7081 7085
11656 11658
8888 8891
6349 6351
6773 6775
2960 2965
11474 11478
1242 1244
11222 11225
4763 4767
9175 9180
1619 1621
15634 15638
14226 14229
4402 4404
12301 12307
1015 1017
4008 4011
2193 2196
6772 6775
7774 7779
12593 12595
1881 1884
11981 11984
11756 11758
8282 8289
382 386
1248 1250
2420 2423
8834 8837
6449 6452
13555 13557
13620 13622
10645 10648
10828 10832
10528 10533
9992 9995
8134 8136
2098 2100
1301 1303
4725 4727
13538 13540
6886 6889
1905 1907
5337 5339
14206 14208
3096 3102
15508 15515
4449 4452
15988 15990
10644 10646
6099 6106
12533 12535
5468 5470
6506 6509
9975 9977
6 8
799 802
2986 2988
5057 5062
10387 10391
3429 3432
2370 2372
7303 7305
3240 3242
11062 11064
14060 14063
8514 8517
5089 5092
2254 2259
10620 10625
4724 4726
11058 11060
15515 15518
3552 3555
7513 7516
12249 12251
9244 9247
1473 1475
10081 10083
13393 13395
855 858
13515 13518
15491 15493
11201 11206
13385 13389
14250 14252
3560 3563
1537 1540
8809 8812
5884 5886
8063 8072
12119 12121
6273 6278
2157 2160
14036 14038
46 50
12288 12290
784 787
5442 5444
9572 9574
3823 3825
13790 13796
9247 9255
14189 14192
13825 13827
6749 6751
2127 2129
2740 2742
4113 4117
4134 4137
14823 14825
3355 3358
6501 6506
1013 1015
9886 9888
9610 9613
4236 4240
7355 7357
7073 7076
4993 4999
2837 2843
15165 15169
6949 6955
2316 2320
12533 12536
9829 9831
10892 10895
9878 9883
11130 11132
3018 3021
3199 3201
8010 8015
6503 6506
12400 12403
2035 2040
4004 4006
3083 3085
7663 7665
14494 14497
1833 1837
3748 3751
3843 3846
14153 14157
4457 4459
10674 10677
72 75
14137 14139
5433 5435
11852 11855
5285 5288
8130 8134
14480 14484
15629 15638
12514 12516
14036 14041
5305 5310
12035 12037
9948 9954
11367 11373
12645 12649
6784 6788
282 286
1887 1889
8620 8622
3415 3420
2575 2581
10347 10350
8377 8380
447 451
1104 1108
12604 12606
2531 2533
2575 2581
15885 15887
1181 1183
1695 1698
14212 14215
7385 7388
10953 10959
8239 8243
1358 1360
3233 3235
14330 14332
444 446
195 197
6620 6623
2417 2419
7887 7892
12230 12233
1986 1989
3451 3455
11830 11832
6854 6860
9844 9847
304 306
11213 11216
2463 2467
15424 15428
25 27
916 924
15416 15418
7187 7191
7337 7339
772 774
8907 8913
528 530
12175 12178
8800 8802
524 528
9290 9294
11991 11993
3709 3711
3867 3869
9912 9914
4662 4664
2968 2971
8926 8928
10616 10620
7048 7053
9190 9193
4965 4970
2890 2893
3209 3211
10286 10288
11660 11662
15870 15872
4298 4300
8944 8948
6939 6943
10852 10854
3711 3713
4176 4182
11170 11172
13656 13658
4218 4222
3898 3901
692 695
11444 11447
362 364
908 913
8041 8044
3211 3213
3318 3321
3846 3849
11892 11895
14646 14648
6649 6652
3259 3261
1590 1592
14239 14241
11674 11678
4052 4060
12728 12731
7410 7413
1896 1898
13439 13441
2369 2372
15147 15152
12952 12954
9412 9415
13800 13806
12037 12039
4476 4478
10577 10580
790 792
9109 9113
9078 9080
2180 2182
14780 14782
330 332
15136 15140
5578 5580
9154 9157
6788 6790
12899 12901
3139 3141
6078 6081
12687 12689
7443 7445
4928 4934
14580 14585
14477 14480
14100 14103
8514 8518
11114 11118
7593 7595
12891 12893
16029 16033
1250 1252
11272 11274
8481 8483
5123 5125
501 504
5578 5580
572 578
5203 5206
5897 5902
5484 5486
4315 4317
1010 1012
12526 12528
10860 10864
3018 3020
1087 1090
426 430
13635 13637
13015 13017
12746 12749
8434 8439
3036 3039
8918 8922
10935 10937
13668 13672
12366 12369
12188 12195
7344 7347
6225 6227
14406 14409
10685 10687
14179 14181
1605 1607
2602 2604
12549 12551
9404 9407
2031 2033
11922 11925
1115 1120
6884 6888
12603 12605
5940 5944
1558 1560
10379 10381
4385 4387
3891 3893
13614 13617
14832 14834
15191 15193
1650 1652
13538 13542
16008 16011
7429 7432
6015 6017
10345 10347
6986 6991
15243 15246
5966 5968
7973 7976
15080 15083
6757 6759
13542 13547
7347 7351
8901 8903
3489 3491
9001 9004
8835 8837
1865 1869
3737 3739
11129 11131
7367 7369
5811 5815
7119 7122
10170 10173
9699 9701
5753 5755
6078 6081
3753 3755
5020 5022
8951 8953
7284 7288
12201 12204
11009 11014
9185 9188
3962 3967
12948 12952
7051 7054
13158 13160
11548 11550
3400 3402
13418 13420
13617 13620
13565 13567
11550 11552
4103 4108
6357 6360
15616 15618
14546 14548
1350 1354
10193 10196
5219 5222
5148 5150
11815 11818
8612 8619
5022 5027
8079 8082
6487 6491
10889 10891
1814 1817
11272 11274
10536 10540
6372 6374
6382 6388
3565 3567
2363 2365
9419 9421
8200 8204
388 391
14371 14373
8159 8162
9837 9839
10536 10540
5825 5827
10616 10620
10888 10890
14721 14725
14860 14862
12663 12669
3907 3910
1067 1073
7202 7204
9065 9067
12214 12217
9282 9285
2087 2090
13449 13453
11991 11993
11132 11137
3822 3824
4414 4416
5727 5732
8020 8022
208 213
7339 7343
10230 10235
12520 12523
2129 2132
7042 7044
8717 8719
4926 4928
11170 11172
9332 9335
6955 6960
5284 5286
14637 14640
2603 2605
4656 4659
2704 2706
14646 14649
2711 2713
12483 12488
433 435
15975 15978
1254 1257
5819 5821
9298 9300
4572 4574
11028 11030
14161 14163
1799 1802
11432 11435
15643 15646
12435 12438
6078 6081
12274 12276
6390 6393
9109 9113
13274 13277
5278 5283
13491 13493
8188 8190
2723 2727
4336 4339
15288 15291
14358 14361
15478 15481
4138 4140
2346 2349
12729 12731
4894 4897
5232 5234
15410 15415
15687 15692
468 471
7004 7006
3556 3560
5779 5782
3321 3323
15240 15242
4708 4713
15765 15770
4198 4205
4564 4569
5261 5263
12143 12145
6010 6012
12018 12020
15858 15860
8612 8619
9127 9134
5286 5288
6002 6004
2317 2320
10440 10444
1092 1094
949 951
13409 13411
1231 1234
858 860
5048 5050
8820 8822
234 237
5406 5409
9404 9407
13790 13796
4856 4858
11027 11030
2954 2958
6091 6096
10341 10344
5231 5234
16070 16073
12051 12062
12496 12501
7669 7671
10751 10753
12303 12307
8063 8072
12822 12828
3452 3455
7841 7843
2679 2683
2545 2547
11831 11833
7446 7448
5330 5333
11595 11598
10606 10608
14260 14264
11435 11437
11320 11325
13976 13978
12695 12698
3724 3728
4888 4894
15893 15896
10961 10963
7474 7478
7601 7604
10381 10383
12382 12384
5100 5103
12224 12228
11482 11485
10937 10940
13993 13995
8453 8456
5773 5776
6099 6105
9504 9507
569 571
258 260
10986 10989
15152 15156
13661 13667
6211 6214
11250 11253
4553 4557
12912 12914
924 927
5732 5734
5684 5691
13609 13612
380 382
13725 13729
12872 12875
12384 12386
1314 1316
7470 7474
13580 13582
2285 2288
11860 11862
1576 1582
15091 15094
282 287
12972 12974
5219 5223
10673 10676
11934 11937
4485 4488
15334 15337
4525 4528
13228 13230
13781 13784
684 689
14920 14923
4511 4513
4254 4257
14183 14187
12680 12682
12804 12808
8427 8430
11057 11059
7072 7074
7373 7379
9988 9993
14030 14032
11590 11592
1879 1881
7126 7131
3799 3804
1117 1121
3612 3614
14695 14698
8200 8204
12224 12228
10209 10213
13739 13741
5138 5142
8680 8683
9118 9121
7930 7932
15623 15625
10731 10737
9190 9193
6646 6649
8434 8439
12080 12084
11674 11678
4381 4385
7852 7854
13624 13627
2567 2569
14894 14899
9506 9509
4157 4161
8830 8834
12271 12273
15209 15213
5189 5193
15711 15714
524 528
6408 6412
11386 11389
14640 14645
11959 11964
4807 4813
532 536
8648 8650
2368 2370
11351 11353
9153 9156
15478 15481
9095 9098
1195 1197
3369 3371
13555 13557
2896 2899
6545 6548
4612 4617
7175 7178
8642 8644
6050 6052
2877 2879
15574 15576
5879 5881
7920 7927
3506 3508
13402 13406
13186 13189
51 53
15708 15711
10341 10344
3865 3867
2212 2216
9294 9296
1009 1011
14815 14822
2515 2517
1621 1623
12999 13001
8442 8445
6447 6449
870 872
13417 13419
14011 14013
15869 15872
12316 12318
14981 14986
4152 4154
13386 13389
10583 10585
1584 1587
3684 3686
10483 10485
759 764
8349 8353
11104 11109
8214 8217
6099 6106
1043 1045
3679 3684
7209 7211
2479 2481
12460 12465
2792 2794
13590 13595
11653 11656
14517 14521
10747 10751
1433 1438
4490 4493
15422 15424
11901 11907
5248 5252
10907 10911
6445 6447
11653 11656
15117 15119
1140 1143
12375 12379
4465 4468
13886 13890
8527 8530
12816 12818
4291 4295
8823 8826
2186 2189
8674 8677
8318 8320
2193 2196
10377 10379
2122 2125
3335 3337
4491 4493
6730 6735
2927 2930
9468 9470
7805 7807
5247 5250
10922 10925
9342 9344
3724 3727
45 50
107 110
3234 3236
14707 14712
7357 7361
13962 13969
2248 2250
2588 2591
13790 13796
14707 14712
13746 13748
10666 10668
722 724
10878 10881
83 86
6768 6770
7973 7976
10180 10184
3638 3640
14227 14229
9351 9355
7151 7155
12266 12269
5363 5367
9319 9323
15043 15045
825 827
1445 1448
2946 2948
11607 11611
4641 4645
15598 15600
346 349
2231 2234
842 845
14029 14031
11992 11994
5057 5060
5540 5544
3578 3581
5478 5481
9932 9936
1782 1784
9900 9902
10196 10200
13445 13448
7958 7961
5117 5119
7295 7298
7335 7337
16050 16053
9662 9664
7408 7410
12999 13001
6338 6340
5410 5412
4977 4981
8556 8558
12307 12310
13784 13786
5680 5683
7722 7725
1347 1350
14686 14689
4743 4747
9494 9496
460 462
9410 9413
11265 11268
6917 6921
14900 14907
6876 6879
606 609
10786 10789
9023 9025
1590 1592
5374 5376
14139 14141
2025 2031
8190 8194
9291 9294
4656 4659
9216 9219
13303 13305
12074 12077
15471 15475
13011 13015
11735 11737
2090 2092
9812 9816
12259 12261
2982 2984
868 870
6876 6881
11781 11783
15950 15952
14986 14989
13195 13200
15609 15611
3863 3866
9118 9121
12796 12801
4509 4511
2320 2324
208 212
4122 4125
9561 9564
2697 2704
2772 2777
10965 10967
8540 8543
1208 1210
5869 5872
10173 10175
8715 8717
2615 2620
802 805
14294 14298
13193 13195
12127 12129
12656 12658
9331 9335
9095 9098
9574 9576
8822 8826
3677 3679
306 309
8237 8239
10355 10359
2774 2778
2960 2965
15747 15749
11550 11552
6658 6663
11046 11049
7774 7779
13346 13348
12802 12804
11373 11375
9802 9804
15853 15855
8489 8491
15292 15295
12352 12357
12454 12456
6256 6260
9790 9798
15922 15926
11037 11039
7202 7204
7759 7761
4639 4642
9098 9102
9127 9134
12909 12911
5136 5138
14539 14542
5680 5683
4960 4963
6749 6751
9306 9308
15584 15586
563 567
3143 3145
12555 12557
14640 14645
13773 13776
16111 -1
6568 6570
15668 15670
14326 14328
7943 7946
9844 9847
15317 15319
8381 8384
6109 6111
10392 10396
14033 14035
11785 11789
14286 14289
11299 11301
11885 11887
12362 12365
9272 9276
2697 2705
13282 13284
10288 10290
3317 3321
11474 11477
1728 1730
15255 15259
3085 3088
13230 13235
2792 2795
12219 12221
5570 5574
5170 5172
6278 6282
9297 9299
15424 15428
3224 3228
3134 3137
11392 11395
8399 8402
7885 7887
7051 7054
8325 8331
11626 11628
13087 13089
12716 12719
3591 3594
1087 1090
8100 8102
2513 2517
14354 14358
10450 10453
8928 8931
9932 9936
10828 10832
5622 5625
5442 5444
4446 4448
9615 9618
3438 3441
5090 5092
955 957
15566 15572
6580 6583
14153 14156
8172 8176
15769 15772
3822 3824
13411 13413
13267 13269
8024 8029
9711 9713
16013 16015
4545 4549
3777 3780
11691 11695
11549 11551
11046 11051
10494 10498
14576 14584
8129 8134
12954 12957
15471 15475
4381 4385
3865 3867
12722 12726
10884 10886
4509 4511
9915 9917
4365 4368
7066 7068
15970 15973
12013 12016
5154 5156
15574 15576
8964 8966
1775 1778
7910 7913
10071 10073
13104 13107
8282 8289
13908 13912
774 776
15831 15833
14684 14686
6763 6765
6518 6520
7528 7530
11386 11389
83 86
6626 6628
5886 5890
15663 15665
9576 9578
4664 4668
1376 1378
4941 4944
5132 5135
14661 14663
9005 9007
6583 6586
13223 13227
11674 11677
14167 14169
6550 6554
531 533
10029 10035
3085 3088
10500 10503
7521 7524
14135 14137
1788 1791
3055 3059
1445 1449
11557 11560
2661 2664
10655 10658
8393 8395
14375 14378
4041 4045
13550 13553
9225 9228
9908 9912
1793 1795
11144 11146
15250 15253
5184 5188
14640 14646
4264 4269
2347 2349
7816 7819
11435 11437
50 52
7566 7568
5737 5739
14993 14996
8267 8270
8572 8577
12982 12984
15320 15326
4359 4363
1097 1100
12638 12640
1052 1056
2148 2151
13714 13716
9127 9134
5844 5847
12565 12569
7714 7720
6133 6138
4128 4131
1990 1994
14751 14756
2368 2370
15798 15801
7622 7625
12670 12673
14937 14941
12155 12157
11672 11674
10200 10204
7432 7434
6947 6955
13006 13011
7358 7362
6284 6289
15552 15556
1429 1431
4545 4549
1436 1438
8250 8254
4470 4472
7388 7392
3569 3571
13600 13603
14366 14368
10627 10631
10038 10040
5391 5393
9832 9835
13682 13686
4597 4604
12161 12164
2231 2233
11464 11470
9389 9391
11630 11633
654 657
1817 1819
2097 2099
8273 8276
7123 7126
1805 1808
14978 14983
10817 10827
8176 8178
5373 5375
3390 3392
6541 6544
12840 12843
13462 13464
15423 15428
9471 9475
7643 7645
12808 12810
9605 9610
9378 9382
5875 5877
5785 5790
5067 5070
13004 13006
14407 14410
11637 11639
8970 8977
3479 3481
3506 3509
2507 2509
11795 11799
9069 9071
3877 3880
13104 13107
1541 1543
15305 15309
13371 13373
3179 3182
9373 9377
6199 6202
5288 5290
11201 11206
14795 14798
7481 7483
14382 14384
11737 11742
2234 2237
11880 11885
15770 15772
15886 15888
11637 11639
13882 13885
11303 11305
6891 6893
15791 15794
1291 1293
11357 11360
2533 2535
12750 12752
9297 9299
2390 2392
572 578
2969 2971
13338 13342
8809 8812
7506 7509
26 28
12619 12622
6134 6139
14983 14986
7193 7198
9553 9558
1867 1871
15979 15982
3717 3720
5924 5928
12373 12376
6457 6460
9159 9162
4564 4569
6541 6544
6202 6204
5554 5559
6982 6985
15962 15964
3121 3124
1011 1013
6973 6980
920 927
3415 3420
12323 12329
13521 13523
10677 10679
5824 5826
7651 7653
4645 4648
6409 6412
12351 12354
5079 5083
10258 10265
11348 11350
15327 15333
6947 6949
12033 12036
7401 7403
6542 6545
9378 9382
1295 1297
5138 5140
13790 13796
7094 7100
13295 13297
4743 4747
12103 12107
13725 13729
7219 7221
9567 9571
262 265
5487 5491
12851 12856
1598 1600
4803 4805
768 771
9831 9833
4494 4499
5090 5092
13740 13742
13948 13950
14947 14949
6896 6902
7862 7864
16066 16068
7446 7448
5961 5965
15761 15765
2560 2564
8637 8639
140 143
3847 3850
3955 3957
5090 5093
5669 5671
2718 2722
12080 12083
10904 10907
8480 8482
8361 8363
6303 6305
7237 7242
15457 15462
14948 14950
11282 11287
8693 8695
15733 15736
6664 6667
12698 12702
6784 6789
11785 11789
13786 13789
6273 6278
14036 14038
12001 12004
4754 4759
5963 5966
13870 13872
2650 2656
528 530
13284 13286
9349 9351
171 175
15328 15333
6863 6869
14861 14863
8709 8711
6929 6933
9370 9376
12035 12037
14175 14178
2075 2077
4277 4280
2952 2955
1725 1727
11425 11428
2778 2781
2029 2033
1006 1008
15888 15892
722 724
7410 7413
10258 10265
14978 14981
12214 12216
7381 7383
14130 14133
6005 6009
10883 10886
10581 10583
1899 1901
3236 3239
394 396
12064 12069
12796 12801
3326 3328
14637 14639
1336 1340
12181 12184
6465 6468
15403 15408
15818 15820
8807 8809
13416 13418
12055 12062
13576 13578
14401 14403
9600 9602
14712 14714
7705 7708
2592 2594
11018 11021
4612 4615
221 225
14279 14281
12447 12450
2997 2999
2025 2031
10081 10083
7727 7730
13107 13111
14586 14589
15165 15169
7750 7753
1194 1197
2858 2861
2435 2438
2349 2355
5463 5466
2524 2528
1108 1110
13286 13291
15246 15248
1750 1753
2697 2705
1767 1771
9185 9188
15976 15978
1553 1556
7521 7524
10718 10721
12777 12779
723 725
15574 15576
10855 10858
13844 13848
3655 3657
2969 2971
15400 15402
13588 13590
13747 13751
8103 8110
4641 4645
10029 10032
12245 12248
13598 13600
11098 11102
14832 14834
6962 6964
551 555
16075 16077
16070 16073
15216 15219
3066 3071
239 241
4516 4519
14115 14120
317 319
12693 12695
4047 4050
2896 2899
7751 7753
8312 8314
1537 1540
9720 9724
10838 10843
4063 4066
12103 12107
13879 13881
14749 14756
7762 7764
12132 12134
7156 7159
10291 10293
7601 7604
12033 12035
4250 4252
4269 4272
8686 8689
978 980
10674 10677
5301 5305
15902 15907
14852 14855
12185 12188
2522 2524
13844 13848
15778 15783
6569 6572
15601 15603
15388 15393
8675 8677
118 121
1203 1206
4016 4018
5305 5307
6610 6612
14189 14193
6175 6177
4884 4886
4075 4077
2235 2239
5846 5848
10184 10186
11353 11356
41 45
645 648
10802 10805
836 838
14044 14046
7060 7062
11831 11833
3953 3956
9640 9642
4387 4389
908 913
10407 10409
13213 13215
12489 12491
620 623
12229 12231
9095 9098
9497 9500
9020 9024
9583 9589
12412 12414
14580 14584
7813 7815
8871 8874
2009 2013
7637 7639
4089 4091
2484 2486
6306 6309
1411 1414
3347 3351
7086 7088
9964 9966
15508 15515
2237 2240
12631 12637
15818 15820
12340 12343
10492 10494
5633 5635
3901 3905
1814 1817
12460 12465
8385 8387
9053 9056
7594 7596
3277 3281
5521 5524
1747 1750
2282 2285
7816 7818
5651 5653
12595 12597
10407 10409
2325 2327
3858 3860
6503 6506
14751 14756
6417 6420
8229 8231
956 959
10325 10329
13772 13776
14580 14584
7187 7191
516 518
1547 1550
11877 11880
5811 5815
5559 5561
7079 7081
13177 13183
12266 12268
7863 7865
10091 10093
1500 1502
6778 6782
7987 7990
10469 10471
10777 10780
9478 9480
12899 12901
12530 12533
5590 5592
1307 1314
12549 12551
2816 2819
15564 15566
14661 14666
7875 7880
3255 3258
1859 1862
6354 6359
15058 15060
13220 13223
4796 4799
4848 4851
12453 12455
7798 7802
15354 15357
880 882
15190 15193
7635 7637
9282 9285
2082 2084
12880 12884
9549 9556
7087 7091
5037 5040
496 501
10698 10701
12514 12517
3924 3926
3384 3387
9713 9716
2934 2939
7253 7257
8606 8609
9529 9534
11416 11421
6871 6873
7001 7005
3852 3858
759 764
6162 6165
11409 11411
14476 14478
138 140
5634 5636
6469 6472
4004 4006
4674 4676
2592 2594
3383 3385
6393 6396
6447 6449
5347 5349
1903 1905
4533 4535
6593 6598
10356 10362
13058 13061
7810 7813
1400 1405
8374 8376
12558 12561
4558 4560
11142 11145
11454 11456
459 461
10744 10748
12649 12653
12847 12851
9420 9423
951 953
9564 9567
386 388
2170 2173
2157 2160
1879 1882
10438 10440
8153 8156
5351 5355
7135 7137
12276 12278
14926 14928
5595 5597
10631 10633
5871 5875
5160 5165
7223 7227
2420 2424
14875 14877
3981 3983
4955 4958
3550 3552
1540 1542
5030 5035
15140 15146
460 462
15950 15952
8492 8499
122 126
3394 3396
6805 6807
15366 15368
14978 14981
10193 10196
15136 15140
4779 4781
7512 7514
6684 6690
12720 12722
7840 7842
15069 15071
10278 10284
8944 8947
15362 15365
12095 12099
2890 2893
12622 12625
9166 9169
14406 14409
1934 1936
13125 13129
9448 9450
4486 4488
12630 12637
6615 6619
5794 5797
9504 9506
193 195
11824 11830
564 567
12020 12025
1592 1595
5634 5636
12602 12604
7775 7779
10621 10626
15953 15955
11781 11783
8573 8577
485 489
10336 10340
3706 3709
7227 7230
4365 4368
10986 10990
13064 13067
12354 12359
12161 12165
14081 14083
15986 15990
13168 13170
5536 5538
7180 7183
15459 15462
9247 9255
3228 3231
14774 14779
5811 5813
8214 8217
13897 13899
9467 9470
12254 12256
7401 7405
551 553
3613 3616
7976 7978
2435 2438
7811 7813
3449 3451
1350 1355
9652 9655
1819 1822
13273 13275
9581 9583
6503 6507
13548 13550
6302 6305
6475 6480
7423 7426
8673 8675
5119 5122
2810 2814
12579 12584
6698 6701
5976 5978
10832 10835
1659 1663
2951 2954
5048 5054
10418 10423
2863 2866
163 166
12908 12911
15250 15253
14621 14623
6488 6491
12942 12947
13528 13532
10383 10385
9142 9146
916 920
9901 9903
5718 5721
6835 6837
6199 6204
12323 12328
3260 3262
3803 3807
12206 12210
14002 14005
2606 2610
6346 6349
6776 6778
7625 7630
8128 8130
533 537
11097 11101
5645 5648
2098 2100
6929 6933
14609 14611
5979 5982
298 300
438 441
13857 13861
3187 3193
7863 7865
13011 13014
8315 8319
8477 8479
12870 12872
16094 16096
3899 3901
1839 1842
840 843
9332 9337
312 314
11624 11626
1519 1521
5048 5054
4198 4205
2582 2584
452 454
13913 13915
160 163
6671 6676
7442 7445
14849 14851
14100 14103
5868 5871
7111 7116
2308 2314
5002 5012
149 152
332 336
6484 6487
1611 1615
5437 5441
9578 9580
5908 5913
4928 4931
10375 10377
15500 15508
10839 10843
2607 2610
11637 11640
5216 5218
14834 14836
7022 7026
8088 8093
2527 2529
1006 1008
15432 15434
3812 3814
2112 2115
7775 7780
1699 1701
5569 5573
7339 7341
3217 3220
8361 8363
5409 5411
3201 3203
1741 1743
2707 2709
15350 15352
12842 12844
6709 6713
14830 14832
4304 4309
5307 5312
13538 13542
5200 5203
6949 6955
7890 7892
9226 9228
14717 14719
8157 8159
4003 4005
14232 14237
9658 9660
3803 3807
11598 11601
11899 11901
13943 13947
15982 15985
6409 6413
1042 1045
333 336
5254 5256
7874 7876
11395 11401
7567 7571
4687 4689
13397 13400
8107 8110
7893 7896
12574 12577
11094 11097
6986 6991
9306 9308
6851 6857
14433 14435
11065 11071
1177 1179
4617 4621
7057 7059
3427 3429
15079 15083
8563 8565
14275 14279
10490 10494
11834 11837
2910 2912
15347 15349
10432 10434
12949 12952
9561 9564
15229 15231
5188 5190
12714 12716
14311 14314
5129 5131
10742 10744
5441 5443
2748 2752
1073 1077
10095 10097
11066 11074
5104 5107
8361 8364
1512 1516
301 304
15182 15184
6519 6521
9560 9562
6644 6646
9100 9102
1872 1874
9470 9473
14047 14052
5607 5611
5204 5206
9057 9059
1802 1805
16070 16073
6612 6614
160 164
13709 13713
4035 4037
13160 13163
9468 9470
2040 2044
1631 1634
7730 7733
3006 3008
15328 15333
7647 7649
1039 1042
12631 12637
3428 3430
13430 13432
16106 16109
4133 4137
11447 11452
11520 11523
11694 11696
2689 2691
11604 11607
15011 15014
11132 11137
5920 5923
5657 5659
15165 15169
11231 11233
14215 14220
5333 5335
2723 2727
1598 1600
7248 7250
10654 10656
4339 4341
11626 11628
13921 13924
2500 2503
13640 13642
9664 9666
2388 2391
15675 15680
708 710
882 884
5785 5789
7982 7987
12645 12651
2584 2587
6158 6160
6541 6544
15909 15913
7385 7388
8260 8262
217 219
4197 4205
10157 10160
15410 15415
8557 8560
12251 12253
9590 9592
14930 14932
15652 15660
2474 2476
3151 3156
14661 14666
8535 8540
4771 4774
11303 11305
8809 8812
14455 14457
10013 10015
13400 13403
11403 11405
12110 12112
10946 10948
12664 12669
2542 2545
12775 12777
13787 13789
9806 9808
13368 13371
2896 2899
13604 13609
1273 1276
9847 9849
9127 9134
8457 8462
15962 15964
7798 7802
8541 8543
15441 15443
14934 14936
3681 3685
4992 4994
15541 15544
2391 2396
8723 8727
11338 11341
4055 4060
4642 4645
1886 1889
1011 1013
12509 12511
8614 8620
15132 15134
7230 7232
11893 11897
7373 7378
6078 6081
5828 5831
12619 12622
5015 5019
15103 15106
6742 6745
11846 11850
8423 8426
1161 1163
7973 7976
12916 12920
5397 5399
1361 1364
8145 8147
2631 2633
13061 13063
7861 7863
7332 7335
10994 10999
4509 4511
13294 13296
4567 4570
941 946
7413 7415
14086 14092
15448 15451
8809 8812
5372 5374
1859 1862
11439 11441
12865 12868
5869 5871
2778 2781
8614 8620
8037 8040
14436 14438
1307 1314
5340 5342
4575 4578
12045 12047
11930 11934
1122 1124
6830 6833
14689 14693
15172 15175
9017 9020
8871 8874
6284 6289
9904 9906
2124 2127
7173 7178
713 715
1264 1267
13454 13457
1723 1725
9459 9462
10404 10409
4533 4537
9883 9886
1306 1314
12509 12511
10932 10934
11662 11665
10953 10958
12558 12561
3647 3649
3088 3092
11556 11559
2765 2772
4855 4857
15273 15277
3435 3438
15431 15433
13414 13416
7697 7702
15277 15280
1665 1668
6031 6035
4022 4024
4154 4157
5587 5590
8918 8920
7161 7163
4295 4300
12144 12146
13825 13829
10523 10526
10400 10403
1268 1273
1865 1869
14563 14566
2626 2628
6949 6955
13787 13790
8561 8565
5862 5864
1931 1933
13058 13061
5500 5505
1679 1681
3044 3046
11624 11626
15230 15233
836 838
7664 7667
1146 1148
10440 10444
5081 5083
11063 11065
12985 12988
13489 13493
7705 7711
9241 9244
6509 6513
4888 4894
8463 8465
14220 14224
14585 14588
8948 8951
14912 14917
10712 10714
3897 3899
8008 8010
8290 8294
9958 9960
6876 6879
11497 11499
3852 3858
6662 6664
5292 5296
6933 6935
4872 4876
12713 12716
1731 1736
14989 14992
8494 8499
16090 16093
12031 12033
10731 10736
4743 4747
8959 8964
3148 3151
4965 4969
3799 3804
14310 14314
12112 12115
14747 14749
16062 16065
1358 1360
15963 15965
6250 6253
4872 4876
2630 2632
10001 10004
12762 12764
8629 8633
2934 2938
1227 1229
2560 2564
1709 1711
7631 7633
14061 14063
6417 6420
13526 13531
12631 12637
7951 7953
12001 12004
848 850
1542 1544
11046 11049
6831 6835
4089 4091
15851 15853
15674 15680
3504 3508
6013 6015
1260 1262
5590 5592
482 484
11206 11209
14305 14310
15837 15840
86 89
5554 5559
2207 2214
2496 2498
13167 13170
9890 9893
13445 13449
7619 7621
14161 14164
12878 12880
10295 10298
14100 14102
2774 2778
4325 4328
14410 14412
15515 15518
378 380
6593 6598
1354 1357
6124 6126
9910 9914
13179 13183
7980 7982
7941 7943
899 906
5857 5860
4832 4835
9448 9450
14105 14107
14107 14109
6111 6117
9730 9733
15688 15693
13639 13642
11908 11910
1936 1941
823 825
10525 10527
12178 12180
7742 7744
12896 12899
6209 6211
7945 7948
9443 9448
10627 10632
14415 14419
13668 13672
289 294
4436 4439
10682 10685
11241 11244
14671 14673
5587 5590
3907 3913
14141 14143
7284 7286
12640 12644
6526 6532
3620 3624
5476 5479
9920 9923
5869 5871
12037 12039
13020 13026
5876 5879
4587 4592
4790 4792
15362 15365
11801 11804
2612 2615
15452 15455
8746 8748
4859 4863
12722 12726
11575 11578
14317 14319
7438 7440
2527 2529
6592 6598
15844 15851
14768 14770
1307 1314
11356 11359
1033 1036
15191 15193
953 955
14645 14648
2025 2029
14305 14310
205 208
7563 7566
13451 13453
1605 1607
6347 6351
15708 15713
15947 15949
9998 10000
166 168
13048 13051
1784 1787
14707 14712
6439 6443
14135 14137
46 50
12032 12035
15358 15361
5653 5657
6807 6812
7990 7992
1998 2001
14528 14531
10870 10873
9620 9624
12193 12195
11953 11959
15045 15048
6716 6720
13983 13986
7972 7976
5713 5716
13471 13473
10937 10940
7450 7455
6230 6232
2148 2151
7249 7253
9870 9872
12049 12051
15592 15595
11257 11261
2823 2825
12091 12093
7122 7126
5054 5057
8707 8709
15778 15781
10866 10868
9636 9640
11562 11566
9500 9504
2772 2774
8948 8951
8563 8565
7420 7423
8364 8367
6511 6513
7211 7217
13326 13332
13128 13131
14782 14784
8917 8920
3127 3129
4227 4229
11201 11206
10593 10597
1190 1194
11076 11079
13761 13763
3252 3254
10768 10772
7295 7298
38 41
15588 15590
148 150
10500 10503
5525 5528
2572 2574
3308 3311
4793 4799
13357 13359
1036 1039
13841 13844
10729 10731
5677 5679
14281 14283
5651 5653
3002 3006
3145 3148
7637 7640
1954 1958
11973 11976
2396 2398
11473 11477
13428 13430
1017 1022
2991 2995
8457 8460
10759 10764
12914 12918
531 533
2345 2347
15415 15417
9974 9977
7763 7765
7019 7021
5645 5648
10069 10071
15388 15392
7429 7432
10498 10500
1523 1530
13632 13635
4835 4837
3117 3119
6944 6946
6196 6202
4055 4060
5075 5077
318 320
3286 3291
4784 4788
10046 10050
6284 6290
12459 12465
13480 13482
4103 4108
6428 6430
6986 6991
2575 2581
5779 5785
12316 12318
7369 7372
3733 3735
6913 6915
8789 8791
12256 12258
1944 1947
1697 1699
5340 5342
12064 12069
8936 8938
12593 12595
8874 8876
4002 4004
10270 10274
5088 5090
16003 16005
487 490
5324 5329
10496 10500
4931 4935
1253 1257
12383 12385
5651 5653
14548 14551
4503 4505
4144 4151
7727 7733
1066 1073
1525 1530
3039 3042
5748 5751
10590 10593
5748 5751
15918 15921
3142 3144
1505 1510
12862 12864
7310 7313
9549 9553
6947 6949
9065 9067
6778 6781
908 913
10992 10997
4126 4128
4273 4275
4974 4977
4278 4280
12637 12639
1166 1169
9744 9746
4302 4304
8080 8082
807 811
14932 14934
15388 15393
11517 11523
14794 14796
8861 8864
14436 14438
3621 3625
9807 9809
5836 5839
12622 12625
1617 1619
15929 15934
14094 14097
378 380
14115 14120
12175 12180
10698 10701
7127 7131
9139 9141
7614 7617
8279 8289
15820 15825
14800 14802
11042 11045
14462 14466
6896 6900
8358 8360
2101 2103
7032 7035
1500 1503
15489 15491
14833 14835
12475 12477
3739 3742
14115 14120
13006 13011
15818 15820
1894 1896
6599 6601
7695 7700
5386 5390
14054 14059
3316 3318
6134 6138
7509 7512
15277 15284
7982 7987
14921 14923
11959 11964
9355 9358
10688 10691
10897 10900
12336 12338
13395 13397
380 382
14424 14426
15153 15158
8703 8705
10715 10718
12381 12383
1225 1227
2020 2023
2062 2067
1671 1673
10131 10135
3196 3198
3108 3113
3365 3368
208 212
7571 7577
3700 3703
11180 11183
7690 7692
7465 7467
3567 3569
8318 8320
2400 2402
13235 13238
246 252
870 874
4992 4994
1459 1465
3772 3776
6443 6445
1518 1520
1728 1730
2240 2243
5875 5877
9497 9500
6795 6797
9332 9337
15546 15548
2161 2166
11901 11908
5463 5465
8715 8719
5712 5716
15159 15161
8449 8453
9344 9347
12299 12301
8098 8102
6479 6481
4993 4999
6949 6955
12363 12365
3532 3535
8996 8999
12944 12947
8766 8769
7035 7040
11774 11778
14768 14773
4198 4205
5107 5109
4162 4167
14042 14044
7358 7361
2140 2143
9468 9471
13170 13173
9917 9919
4767 4769
13107 13111
3808 3810
12577 12579
4157 4161
8045 8049
12397 12399
5561 5563
11479 11482
12729 12732
2697 2704
3920 3922
12295 12297
1569 1572
1936 1941
8172 8176
946 949
4218 4222
10627 10631
7887 7890
2740 2742
2251 2253
3204 3207
12823 12828
363 365
14320 14323
2490 2492
969 971
8893 8896
7461 7463
11657 11659
2896 2899
5619 5625
6872 6876
12077 12080
2528 2530
2982 2984
11357 11359
9288 9291
7401 7405
7029 7031
118 121
13972 13974
12352 12354
14978 14981
6134 6139
2597 2600
144 146
14737 14742
9442 9448
12414 12416
2757 2759
3932 3935
15115 15117
6532 6536
6 9
4822 4825
7453 7456
3532 3535
8695 8697
12023 12025
8259 8261
15027 15030
13725 13729
13006 13014
7339 7341
591 595
6147 6149
2178 2180
2808 2814
15380 15382
8399 8402
127 131
5255 5258
4545 4549
11718 11723
7742 7745
11157 11161
2134 2138
11030 11036
14295 14299
1815 1818
8619 8621
742 744
4916 4919
7760 7762
10819 10827
5088 5090
5800 5804
977 979
539 541
7367 7369
5107 5109
6111 6120
2420 2423
13790 13796
7155 7157
7644 7646
10868 10870
11075 11077
8741 8747
4529 4533
13510 13512
6341 6343
6854 6857
9712 9715
10819 10827
9996 9998
1389 1391
11053 11058
12273 12275
7187 7191
929 931
12818 12820
9330 9332
12876 12878
12410 12412
158 160
8818 8820
824 827
4671 4673
6755 6758
6638 6640
7443 7446
160 163
11446 11449
8603 8607
2122 2125
5550 5552
5684 5691
6886 6888
805 808
6605 6609
6475 6479
2049 2051
7589 7593
15080 15083
2713 2716
10230 10233
5204 5206
793 797
8049 8051
12089 12091
6943 6945
13073 13075
8563 8566
13930 13932
10166 10168
11989 11991
10635 10637
10457 10459
4127 4130
6949 6955
6134 6138
2192 2196
11386 11389
9456 9458
1765 1771
7339 7343
5300 5304
10753 10758
8183 8186
16096 16098
8349 8353
9078 9080
9522 9525
1042 1045
3933 3935
6909 6912
7032 7035
1146 1149
15207 15212
8932 8935
14695 14698
12600 12602
10423 10425
15765 15770
6928 6933
9157 9159
11459 11463
6964 6967
5680 5682
7892 7896
12995 12997
3731 3733
880 882
3390 3392
129 132
8939 8942
1158 1160
6326 6331
15999 16002
15496 15498
1223 1225
5846 5848
6949 6955
15922 15926
14474 14476
3204 3207
8536 8540
454 457
258 260
6160 6162
1569 1572
1298 1300
1788 1791
11824 11830
15464 15466
8426 8428
7372 7378
10130 10135
102 105
14725 14727
3717 3719
1604 1607
234 237
13146 13148
3693 3696
4708 4713
12695 12699
4465 4468
11222 11225
11042 11045
1777 1781
7035 7041
14867 14869
2476 2478
1786 1788
13191 13193
9977 9980
14802 14804
6863 6869
13249 13254
5340 5342
12653 12655
4679 4683
8367 8371
12020 12025
3594 3598
12567 12569
10729 10731
11713 11715
15600 15602
5239 5242
11150 11154
8774 8777
402 405
8346 8348
14306 14310
15552 15556
14721 14727
14452 14454
5739 5743
11142 11144
15953 15955
531 533
11973 11976
13439 13441
4948 4950
13550 13553
7594 7596
6884 6886
3532 3537
12426 12428
14498 14501
14657 14659
14244 14248
14046 14048
14517 14520
8512 8514
6808 6812
12417 12419
9753 9756
12631 12637
9839 9842
977 979
13808 13810
13074 13076
225 230
8045 8049
7175 7178
15732 15736
15354 15357
1468 1470
9583 9589
10794 10797
9858 9860
7232 7234
4494 4501
5466 5468
6277 6282
6973 6980
13287 13291
12279 12281
332 336
7169 7171
3803 3807
1360 1364
12861 12864
3090 3093
10112 10114
14910 14917
15277 15284
930 932
3886 3888
8782 8785
11776 11778
11028 11030
8103 8107
9519 9522
4594 4596
14244 14247
11181 11184
10110 10113
11199 11206
8181 8183
9832 9835
9966 9968
10249 10252
13398 13400
8434 8439
13809 13812
9707 9709
13628 13631
8590 8594
10786 10789
7438 7440
13899 13901
13238 13241
10324 10329
15298 15300
7784 7787
12444 12446
12574 12577
5284 5286
1674 1678
5864 5866
4605 4607
232 237
8596 8601
7836 7838
3318 3322
7833 7836
15556 15558
2432 2434
2451 2456
1873 1875
14759 14761
14857 14859
3762 3766
5087 5089
15673 15675
11871 11875
15226 15229
11599 11601
13001 13004
15562 15564
289 295
2843 2847
11863 11866
59 63
9917 9919
16048 16050
2971 2975
2243 2248
1345 1347
5142 5144
2440 2442
1974 1977
602 604
15551 15555
4829 4832
5318 5320
5748 5752
11557 11559
10420 10423
6409 6412
3338 3340
12453 12455
12155 12159
11718 11723
6828 6831
1607 1610
14005 14009
12035 12037
4693 4698
12446 12448
13687 13692
8996 9000
14261 14264
2003 2005
3720 3724
2355 2360
532 536
7410 7412
11713 11715
7119 7123
1067 1073
1671 1673
5757 5759
2787 2789
14416 14420
15942 15944
8555 8557
5746 5748
1575 1579
13027 13030
9966 9968
15529 15531
14857 14859
6762 6764
10267 10269
12764 12766
14798 14801
3804 3808
13320 13324
14954 14958
12460 12466
7328 7330
12188 12193
14232 14236
2013 2019
12698 12702
3466 3469
748 750
14747 14751
12466 12468
9519 9522
3423 3427
6256 6260
11813 11815
9870 9872
9051 9055
13836 13840
5473 5475
2414 2416
15095 15097
10848 10852
13263 13267
14796 14798
14873 14875
13098 13103
4301 4303
10621 10625
10648 10650
15868 15870
11878 11884
5107 5109
11257 11261
7829 7831
9207 9211
15439 15441
2729 2732
2396 2398
10792 10794
610 614
13421 13423
1106 1108
42 46
4915 4918
6837 6843
1463 1466
8883 8885
9488 9493
3950 3952
11706 11709
7739 7742
6082 6085
3268 3276
7395 7398
13421 13424
11712 11715
13002 13005
4886 4888
759 764
3251 3253
7040 7042
5443 5447
15500 15507
7127 7131
8583 8586
14476 14478
16011 16013
2493 2495
12386 12388
15320 15326
2383 2386
10881 10884
14054 14060
13704 13706
9590 9592
1459 1463
11578 11582
4876 4880
14273 14275
363 365
5278 5284
14730 14732
4251 4253
994 996
8634 8636
1990 1994
11478 11482
15285 15287
1569 1572
10839 10843
3989 3991
8462 8465
7700 7703
11222 11225
9855 9857
15140 15146
4905 4907
4087 4089
12786 12790
3655 3657
13072 13074
12545 12549
9729 9733
13449 13453
14789 14791
15929 15933
7059 7061
542 548
7431 7434
12035 12037
3157 3160
15531 15537
15305 15309
14179 14181
4626 4628
1931 1933
7969 7971
15403 15408
12645 12649
791 793
14171 14173
708 710
6854 6857
15545 15548
10125 10128
6907 6909
5660 5662
4081 4083
13872 13878
14626 14629
1384 1386
15320 15326
15499 15507
10206 10208
16018 16022
268 270
7332 7335
12095 12099
14707 14712
6828 6831
957 959
11869 11871
11428 11431
12120 12123
1525 1530
8783 8788
518 523
3415 3420
15357 15361
7330 7332
9656 9660
10953 10958
746 748
14422 14424
8127 8129
5759 5761
7770 7772
3707 3711
5071 5073
4365 4367
8634 8637
5496 5499
15049 15051
5868 5871
10895 10899
6663 6665
4561 4563
15695 15698
8809 8812
4198 4205
9066 9068
14310 14314
1127 1129
2041 2044
13160 13164
4027 4029
11899 11901
12180 12182
14803 14805
5969 5973
8684 8686
13035 13037
4505 4507
12091 12094
10038 10040
5015 5019
12558 12561
5203 5206
5177 5179
14574 14576
11274 11276
9051 9055
7088 7091
7784 7787
1350 1354
3376 3381
13214 13217
6955 6960
13287 13291
15565 15570
3527 3531
6676 6680
8865 8868
13628 13630
811 814
7230 7232
12006 12008
11594 11596
15737 15739
15204 15206
7647 7649
15420 15423
13799 13806
564 569
10022 10027
1450 1454
8656 8660
12330 12332
14580 14585
4304 4309
12752 12754
11934 11937
10270 10275
1969 1971
9051 9055
10050 10052
323 327
2946 2949
11077 11082
13603 13605
10839 10843
8423 8426
14863 14866
1767 1771
3903 3905
15097 15103
7504 7506
6429 6433
13870 13872
8443 8445
13624 13626
65 67
13464 13469
5363 5367
10117 10125
6022 6026
8087 8091
9437 9439
4211 4215
2952 2954
10233 10237
13261 13263
5290 5292
13133 13135
14563 14565
10928 10930
13746 13748
7339 7343
8301 8303
380 382
10908 10912
3358 3361
5995 5998
7223 7227
3581 3587
11667 11669
11282 11287
11150 11152
2474 2476
16081 16085
13466 13469
15085 15087
154 157
10407 10409
6804 6806
7673 7675
1123 1125
5727 5732
5564 5568
12823 12829
5156 5158
10599 10602
1525 1532
7042 7044
15237 15240
11255 11257
5521 5524
5654 5657
14423 14425
6002 6004
3992 3994
11801 11804
11994 11999
6277 6282
13263 13266
7826 7831
5748 5752
4324 4326
14189 14192
9952 9955
3408 3410
15103 15106
14585 14588
2409 2412
3059 3063
5128 5130
9886 9888
4227 4232
13113 13115
11201 11206
129 132
10258 10265
13305 13312
9529 9533
7880 7882
5447 5451
5021 5027
14640 14645
5938 5940
6402 6404
5496 5499
13435 13437
13457 13459
7055 7057
12567 12570
3405 3410
4252 4254
6375 6378
11901 11907
15209 15212
8543 8546
657 660
14161 14164
4345 4347
11375 11378
1664 1668
2632 2634
2109 2115
8569 8571
13204 13206
15583 15586
7449 7453
6469 6471
13287 13291
15025 15027
6240 6242
15609 15611
6376 6378
9118 9121
8631 8633
1268 1273
15640 15643
4176 4182
8404 8407
8968 8970
11447 11452
6445 6447
4621 4624
7571 7577
6408 6412
12804 12809
3298 3301
8696 8698
10028 10032
16034 16037
777 779
6165 6169
10474 10479
1869 1871
12899 12901
1874 1876
13873 13878
118 121
8205 8208
8016 8020
5088 5090
4830 4832
6526 6532
160 163
15934 15938
7278 7283
2075 2077
12528 12530
9645 9647
10626 10631
10641 10644
5071 5073
748 751
8250 8254
8115 8117
10556 10558
13986 13988
2151 2153
1641 1643
7700 7702
1049 1052
2955 2958
14031 14033
12741 12745
4751 4754
12538 12543
11404 11407
10678 10680
10551 10553
2705 2707
9957 9960
7916 7920
9852 9855
13984 13986
14554 14556
11885 11887
2877 2879
11497 11500
551 555
5872 5875
1705 1707
12920 12924
6465 6468
5310 5313
4654 4656
9427 9430
1954 1958
14501 14504
7876 7882
8815 8818
9037 9040
13624 13626
13266 13269
12107 12109
9573 9575
2219 2222
12558 12561
11919 11922
12451 12453
3998 4000
1695 1698
3550 3552
12323 12328
4385 4387
15284 15287
9008 9015
6879 6882
12008 12011
13640 13643
10655 10658
12876 12879
15104 15107
10555 10557
15751 15754
6035 6039
1380 1384
5250 5253
14878 14880
6669 6671
12366 12370
4414 4416
122 126
13873 13878
1301 1304
6658 6662
11407 11409
9500 9504
15525 15528
15177 15179
1438 1440
4509 4511
8222 8227
11299 11301
10859 10862
970 972
11953 11957
8295 8297
1876 1879
417 422
61 64
5800 5802
13179 13183
1201 1203
3085 3088
14774 14779
8185 8187
2420 2424
3591 3594
13395 13398
7920 7928
7348 7351
2896 2900
13058 13063
1127 1129
11351 11353
1113 1115
6270 6273
6500 6503
12040 12043
14742 14746
2774 2777
10154 10156
1665 1668
12233 12237
15406 15408
3542 3546
3327 3330
12914 12918
9106 9108
8558 8560
15351 15353
9104 9106
2471 2473
6647 6649
9549 9553
10415 10417
6441 6444
5946 5950
5246 5248
7946 7948
11046 11051
12631 12638
1691 1693
4960 4963
8823 8826
1609 1611
5169 5171
5067 5070
8535 8540
195 197
9946 9948
7060 7062
15604 15607
15335 15337
5481 5484
2674 2677
9154 9156
13254 13257
7829 7832
4888 4894
10050 10052
9220 9222
89 96
4567 4570
13228 13230
10494 10498
9504 9507
11758 11765
13565 13567
16053 16055
171 173
4755 4759
1879 1882
14115 14120
12214 12217
811 814
5056 5060
7081 7085
14007 14011
12680 12682
4867 4869
13296 13298
6796 6799
11511 11514
1947 1950
6876 6881
1933 1936
13170 13173
15109 15113
12649 12651
5071 5075
1486 1489
10681 10685
15855 15858
9470 9473
10448 10450
16111 -1
15274 15277
15552 15555
2732 2734
3119 3122
12412 12414
8124 8126
15778 15781
2288 2292
327 329
11474 11477
13686 13692
13076 13081
10802 10804
9561 9564
5410 5412
14125 14127
14899 14907
8145 8147
14530 14532
14611 14615
5869 5872
7675 7678
12963 12966
10270 10274
188 190
3797 3799
1887 1891
8432 8439
11185 11190
8627 8629
6998 7001
12188 12193
15820 15825
7013 7018
5352 5356
4494 4499
10075 10077
4985 4987
12200 12204
14326 14328
6292 6295
3946 3950
12328 12330
8996 9000
5428 5430
1277 1279
3003 3006
9008 9014
5898 5902
12974 12980
10322 10325
10976 10979
7356 7358
8016 8020
3254 3258
5491 5495
6890 6892
1115 1120
8920 8924
13873 13878
15027 15030
29 31
4412 4414
14978 14981
11653 11656
13177 13183
3321 3323
5430 5432
12423 12428
15857 15859
8480 8482
15985 15988
3695 3697
9100 9102
7684 7687
5916 5918
12538 12540
10508 10510
9299 9302
6094 6096
15626 15634
6295 6298
3877 3880
15765 15769
10729 10731
5487 5491
14952 14958
11732 11734
2214 2216
8666 8671
9519 9522
5983 5986
5713 5716
1619 1621
13724 13729
14880 14884
11885 11888
11254 11256
11737 11740
13143 13145
12564 12567
1067 1073
8669 8673
13 18
11324 11326
13227 13229
15103 15106
9281 9283
13477 13479
2754 2757
3542 3549
12832 12836
3720 3727
8341 8343
1001 1003
13044 13046
234 237
14178 14181
9618 9620
2434 2437
9734 9736
11965 11969
5472 5475
9404 9408
9078 9080
5654 5657
7366 7368
1370 1373
9489 9493
5639 5642
924 927
2489 2491
10725 10728
14420 14422
5002 5012
3591 3594
9302 9306
7094 7098
1244 1247
14490 14493
14343 14346
10658 10664
5777 5779
6180 6183
10698 10701
6455 6457
8883 8885
12640 12644
11429 11432
1236 1239
14800 14802
884 887
15368 15371
11895 11897
473 477
10505 10508
6141 6147
11860 11863
15086 15088
10682 10685
8844 8846
12556 12558
6879 6882
3997 4000
3836 3841
1100 1102
11725 11728
5255 5258
14392 14396
6646 6649
5857 5862
7142 7145
15230 15233
14761 14763
342 346
5909 5913
5970 5973
4215 4218
4091 4095
4570 4573
9870 9872
3620 3624
6149 6151
3153 3156
14197 14201
8410 8412
13143 13145
2602 2604
4185 4189
10181 10184
6724 6726
14171 14173
14394 14397
10258 10265
6191 6195
2892 2894
9925 9927
9940 9943
8491 8494
14842 14847
1646 1649
5337 5339
15316 15318
8634 8637
11799 11804
8143 8145
10329 10332
12507 12510
10332 10335
14527 14530
10901 10903
916 924
1260 1262
9156 9158
1314 1316
7313 7318
6860 6862
808 811
2678 2681
5020 5022
12935 12938
13639 13642
12077 12083
3040 3043
5486 5491
15320 15326
4215 4218
6758 6761
4470 4472
12225 12228
5671 5674
11435 11437
8614 8619
941 945
7301 7303
7690 7692
11122 11124
4103 4108
10062 10065
5021 5027
7838 7840
3971 3974
13935 13938
5696 5698
3504 3506
5819 5822
15193 15196
527 530
8207 8209
11206 11210
14949 14952
3962 3966
11091 11093
13075 13081
10267 10269
9870 9872
12069 12072
4886 4888
13375 13379
10632 10634
9467 9470
15845 15851
5984 5986
12934 12936
11494 11496
10156 10160
6292 6295
8124 8127
6554 6558
7915 7919
4254 4257
10186 10188
11278 11280
14528 14530
7441 7443
5278 5284
10045 10048
2280 2283
11665 11667
12055 12062
12217 12219
8278 8282
11732 11734
8012 8015
7845 7847
2567 2569
14935 14937
8130 8135
14531 14533
13965 13969
9115 9118
3563 3567
10079 10082
5138 5142
12023 12025
13218 13220
15153 15156
12763 12766
4953 4955
2757 2759
12025 12027
3731 3733
14585 14588
7022 7026
2989 2991
9721 9724
6883 6886
2019 2022
11852 11854
13318 13320
3193 3196
6909 6912
6098 6105
11389 11392
1956 1958
14594 14597
12175 12178
270 275
13510 13512
14213 14215
9734 9738
15898 15901
1517 1519
5611 5615
11514 11517
5673 5675
3863 3866
5410 5412
11004 11009
2045 2047
3182 3184
14783 14785
13948 13950
1483 1485
6967 6973
15088 15091
5931 5935
11178 11180
2045 2047
433 435
4171 4174
5172 5174
3214 3217
12942 12944
12020 12025
9485 9488
15492 15494
5229 5232
5790 5794
3844 3847
8088 8091
5045 5047
10994 10999
11217 11219
4242 4244
7151 7155
8457 8460
9149 9153
5414 5416
12207 12212
3015 3018
8434 8439
7876 7880
8482 8485
1665 1668
4207 4209
13770 13772
10658 10664
12705 12707
1481 1484
11552 11555
10561 10563
8377 8380
11384 11386
13886 13890
679 681
8257 8259
4575 4577
13192 13194
4114 4119
2527 2529
12622 12626
14005 14009
7853 7856
4809 4813
15165 15170
11290 11293
7994 7996
621 625
1668 1671
13055 13061
1617 1619
9763 9765
14232 14237
913 915
5568 5570
6312 6315
14091 14093
13737 13739
9705 9709
96 98
3198 3200
11221 11225
5185 5188
8652 8654
2013 2019
5843 5846
3572 3574
9271 9276
189 193
6210 6213
15401 15403
7436 7438
3167 3169
12865 12868
3309 3312
8055 8063
6050 6052
11596 11598
10976 10979
9852 9854
6805 6807
9776 9778
1537 1540
14248 14250
12821 12823
1833 1839
10376 10378
14824 14826
10859 10862
6837 6844
5101 5103
2530 2532
4321 4324
15746 15748
8977 8980
13036 13038
1642 1645
15559 15562
5965 5968
2212 2214
12540 12543
1521 1523
869 872
13738 13740
10114 10121
12603 12605
6017 6022
15230 15233
10393 10396
10007 10009
14288 14291
3126 3128
4429 4431
12196 12199
8055 8063
7311 7313
9533 9536
7077 7079
6361 6365
4774 4779
15214 15216
9102 9104
10110 10112
8612 8614
15546 15550
11282 11284
10608 10613
2320 2324
5587 5590
11914 11916
10703 10707
3714 3716
7625 7631
9779 9781
8276 8279
15711 15713
1468 1470
11801 11807
8590 8593
2872 2874
5147 5150
5496 5500
4261 4263
12014 12016
6165 6169
14215 14220
15038 15042
246 248
11804 11807
13293 13295
8948 8951
4443 4446
583 589
215 217
8377 8380
2402 2404
457 459
8009 8012
5339 5341
7027 7031
4519 4522
14629 14632
7513 7516
15843 15845
5616 5619
7916 7920
13448 13451
13168 13172
946 949
3056 3059
12914 12916
15260 15263
6784 6788
2506 2508
2092 2095
2355 2360
12995 12997
4570 4572
10718 10721
12786 12790
14521 14523
4119 4121
13778 13781
3083 3085
8932 8936
6078 6081
13076 13081
12952 12955
11028 11036
13489 13491
13618 13621
3034 3036
61 64
14611 14614
6896 6900
2390 2392
374 377
15008 15010
2118 2121
11599 11602
2262 2264
13327 13332
1073 1076
4730 4732
3185 3187
5632 5634
15495 15497
3541 3546
2515 2519
7973 7976
3022 3024
5256 5258
7406 7408
848 850
11953 11959
4774 4779
11381 11384
8957 8959
4103 4108
13842 13848
3277 3281
8654 8660
2641 2644
12774 12776
11582 11585
5002 5012
11343 11345
13186 13189
9222 9224
5435 5437
4721 4723
15400 15402
6684 6690
2774 2777
5465 5467
4781 4783
9605 9610
1419 1422
10196 10200
12695 12699
4509 4511
10986 10990
1911 1913
2543 2545
8322 8324
2612 2615
14900 14908
9314 9318
15978 15980
5806 5808
13400 13402
9596 9600
7250 7253
10434 10436
2522 2524
7902 7905
5782 5785
344 346
4198 4205
6610 6612
12069 12073
14144 14147
8310 8312
15907 15909
4807 4809
3222 3228
2199 2206
9944 9946
8566 8569
9257 9259
6464 6466
14836 14838
5989 5991
1237 1239
9948 9952
9672 9674
5541 5544
6017 6021
8968 8970
9127 9135
4098 4102
79 81
5379 5384
5090 5092
13872 13878
6454 6456
11146 11149
2997 2999
8130 8134
814 818
9098 9102
2007 2009
3863 3866
6445 6448
12616 12621
8231 8234
1543 1545
6913 6916
8970 8976
11930 11934
5587 5590
7060 7062
13117 13120
15346 15348
6050 6052
9412 9415
6755 6758
13389 13392
5987 5989
12626 12630
1987 1989
4971 4974
3113 3115
7898 7902
4639 4641
13523 13525
2159 2161
4965 4969
11785 11789
9050 9053
6109 6117
12832 12836
3435 3438
2971 2974
15388 15392
13001 13004
4784 4789
5041 5043
11658 11660
7344 7346
15410 15415
13812 13817
12438 12440
15902 15907
6088 6090
12477 12479
658 660
2121 2124
15834 15837
8063 8072
11106 11109
11150 11154
13870 13872
9669 9671
2774 2777
3655 3657
7614 7616
8154 8157
11303 11307
3687 3689
3944 3946
5228 5231
144 146
12475 12478
4627 4629
776 778
2846 2848
5075 5077
8349 8353
241 245
3125 3127
15548 15551
5137 5140
8693 8696
11898 11900
15089 15092
2624 2626
13030 13033
6323 6325
9008 9015
7884 7886
4664 4668
1811 1813
5394 5397
11201 11209
3674 3676
4511 4513
3441 3443
4900 4902
10425 10427
7223 7227
6923 6925
12759 12762
8737 8740
14386 14390
10554 10556
6863 6869
1016 1022
132 134
5596 5598
2930 2932
9166 9171
7862 7864
15179 15181
2979 2982
15401 15403
1727 1730
7298 7300
1087 1089
7066 7069
4117 4119
9053 9055
5420 5424
115 118
3355 3358
516 518
4945 4947
13431 13433
11826 11830
8646 8649
11658 11660
15829 15832
1730 1735
8772 8774
5361 5363
9646 9648
5855 5857
176 178
3799 3803
6992 6996
15708 15713
11402 11404
14835 14837
12115 12119
13661 13666
2595 2597
1823 1827
6846 6848
6904 6907
1467 1469
3262 3268
15619 15621
9415 9419
6134 6138
3031 3034
4664 4668
12258 12260
2814 2816
15675 15680
15243 15248
9812 9816
3511 3515
1819 1822
14248 14250
16063 16066
13257 13259
3285 3291
15459 15462
11248 11250
10205 10207
15714 15716
368 370
8477 8479
1591 1593
11537 11540
6262 6265
3493 3497
7302 7304
7711 7714
3834 3836
1106 1109
327 330
15649 15652
8895 8898
8766 8770
2197 2201
11849 11851
10396 10398
11004 11008
7658 7660
11531 11533
7502 7504
11528 11530
2360 2362
5857 5860
8222 8228
4493 4499
15508 15515
11988 11991
2109 2112
11728 11730
8887 8889
12133 12135
1903 1907
6973 6980
388 390
5528 5531
7474 7478
5351 5355
14366 14368
4015 4018
6823 6825
12094 12099
10817 10819
11024 11026
12095 12099
6900 6904
2641 2647
2965 2968
13050 13052
7547 7550
7542 7545
13072 13074
1180 1183
6593 6598
12894 12898
13444 13448
1221 1223
14029 14031
1379 1383
9576 9578
4388 4390
10295 10298
12055 12062
12055 12062
5568 5570
7545 7547
12858 12861
14661 14666
6310 6312
11667 11670
11772 11774
1156 1158
12974 12979
787 789
855 858
10704 10707
10870 10873
13612 13616
8609 8611
13015 13017
276 280
10536 10540
16075 16079
5626 5629
1445 1448
4725 4727
7205 7209
2669 2671
7005 7007
2588 2590
14203 14205
6106 6108
15373 15375
9776 9778
9342 9344
2715 2717
6413 6417
5662 5665
10258 10265
5403 5405
10518 10522
15694 15696
6935 6937
14930 14934
1782 1784
2634 2636
13135 13137
266 268
468 471
4395 4402
15267 15270
726 728
1966 1969
3822 3824
6241 6244
8728 8732
1978 1984
14942 14944
15097 15099
9903 9906
10415 10417
2201 2207
14448 14451
3115 3117
11818 11823
10496 10498
7032 7035
4215 4218
3077 3083
9356 9358
3172 3176
894 897
5766 5769
4269 4272
3411 3413
10605 10607
3079 3084
13371 13373
8882 8884
11912 11914
13556 13558
12405 12408
5500 5505
15825 15827
10418 10420
3886 3891
6303 6306
9459 9462
11145 11148
15922 15926
6603 6605
15583 15586
14736 14742
12322 12328
8440 8442
9662 9664
8883 8885
16074 16077
16101 16103
6183 6186
3929 3931
14206 14209
3510 3512
7081 7085
15643 15647
4582 4585
12468 12471
14514 14517
4563 4567
4516 4519
6158 6160
8573 8577
8741 8747
9190 9195
11834 11837
433 435
6642 6646
1837 1842
11138 11141
1814 1817
11235 11241
11841 11844
11834 11837
26 28
6070 6073
5909 5913
12436 12438
1867 1871
7637 7639
5156 5158
1179 1181
2934 2939
10404 10407
6022 6025
12736 12739
13279 13282
12047 12049
166 168
5022 5027
6589 6591
1811 1813
4551 4557
14015 14017
823 825
7532 7537
13930 13934
14695 14699
14332 14334
4719 4721
12884 12889
831 836
811 814
9571 9573
6712 6714
10312 10315
8029 8033
6106 6108
3217 3222
5524 5526
13227 13229
13517 13519
14299 14301
5960 5963
7256 7258
322 326
5587 5590
7423 7426
1008 1010
13195 13200
1611 1615
11141 11144
13677 13679
2670 2673
15490 15492
15728 15730
3180 3183
3148 3151
10603 10605
1016 1022
9124 9126
14275 14279
10083 10085
15234 15237
15542 15545
86 88
7612 7616
7310 7313
5352 5356
12939 12942
6966 6972
11837 11841
14701 14703
3309 3311
7339 7343
13905 13911
13921 13924
11537 11540
15017 15019
10121 10125
14556 14558
1307 1314
12631 12637
14510 14513
15471 15475
563 567
8191 8195
15805 15810
5002 5012
1158 1160
9980 9983
8480 8482
1601 1603
8485 8487
8063 8072
8024 8029
10095 10097
15248 15250
772 774
2037 2040
10738 10740
7193 7196
12786 12790
3772 3777
5637 5639
1778 1781
2219 2222
16101 16104
1881 1884
12907 12909