3996 3998
1795 1799
2987 2990
771 774
2137 2139
4705 4711
2559 2562
7330 7333
6298 6305
6037 6039
4662 4667
6926 6930
3812 3814
6480 6482
6296 6298
3840 3842
2478 2483
209 213
5153 5155
739 741
6235 6239
3720 3726
159 162
2907 2910
4235 4237
6968 6977
158 161
3777 3783
6587 6589
1246 1248
2766 2768
1268 1273
5044 5048
486 489
4504 4506
2051 2056
3679 3681
723 726
250 252
5360 5362
194 198
2875 2878
4804 4806
6066 6071
1638 1641
6125 6127
1172 1175
434 436
24 28
1631 1636
5993 5996
2553 2557
2516 2520
739 743
4868 4870
1715 1718
4086 4088
4175 4177
2618 2625
1699 1701
6204 6207
4799 4802
7025 7031
5871 5874
2838 2843
7144 7146
4294 4296
6496 6500
4757 4759
4382 4385
5611 5613
6589 6594
6889 6894
5900 5904
4386 4389
2655 2658
2559 2562
899 901
4972 4974
4237 4241
780 783
1896 1898
6470 6473
5880 5884
7058 7060
4549 4555
4468 4471
306 308
5282 5284
798 803
1953 1957
1527 1529
1503 1507
2764 2766
4246 4251
6085 6087
4122 4124
4773 4775
2931 2935
3022 3029
7383 7385
5792 5794
4651 4655
3436 3438
921 923
7126 7128
886 889
4472 4477
2056 2059
3182 3188
5685 5687
6078 6083
5413 5417
1780 1782
4442 4447
402 404
5180 5182
4141 4144
4612 4616
2182 2184
3940 3943
1302 1305
1664 1667
6508 6510
1086 1088
3387 3389
5162 5164
7036 7038
2101 2103
2533 2535
4045 4051
4974 4976
18 20
1943 1946
3955 3957
3964 3967
4636 4639
4296 4298
6911 6914
1389 1391
7018 7020
6508 6510
642 644
1702 1705
1631 1636
7446 7449
6661 6665
2649 2652
4368 4372
6861 6865
5828 5831
6232 6234
3815 3819
4926 4932
5481 5484
1340 1342
3704 3706
4333 4335
2569 2571
4141 4145
120 123
6414 6417
4952 4954
4102 4104
5048 5055
1955 1957
4468 4471
5000 5009
4492 4496
6621 6623
3656 3659
820 829
3886 3895
3673 3675
4668 4671
2379 2381
4914 4916
4736 4738
820 829
426 429
3119 3121
6245 6247
4279 4281
4303 4305
2186 2189
3320 3324
3934 3938
3041 3044
328 334
5492 5494
696 698
6503 6508
4266 4268
4800 4803
1868 1870
2008 2012
6601 6604
4057 4063
3304 3306
2760 2762
7341 7343
7038 7041
6769 6772
1901 1904
681 685
5394 5396
5375 5378
5919 5922
4803 4805
6747 6751
3412 3415
2334 2338
2995 2999
1878 1880
4179 4182
2064 2066
2073 2075
1646 1653
5810 5814
5182 5185
3902 3905
3649 3651
7264 7268
4276 4279
5066 5068
7068 7070
5394 5397
4322 4325
92 95
2051 2054
6854 6856
5886 5890
39 41
6395 6397
5014 5016
6791 6797
2495 2497
5548 5550
4979 4981
1208 1211
6217 6219
1373 1376
2817 2819
1328 1331
567 569
696 700
3252 3257
4922 4924
1502 1505
876 879
4764 4766
5580 5584
5705 5708
4587 4589
654 658
394 397
1915 1917
498 500
3333 3337
3447 3453
4976 4979
1136 1138
2155 2157
3484 3487
972 979
2896 2900
6726 6730
1041 1045
7244 7247
7451 7453
5636 5638
2596 2598
4824 4829
5313 5318
5548 5550
3356 3359
4789 4793
4563 4568
3609 3614
4328 4330
5764 5770
5130 5136
6275 6277
2513 2516
3756 3761
6845 6847
1037 1039
6137 6143
6362 6364
845 849
7278 7281
5586 5590
578 580
6024 6027
6239 6243
339 341
7072 7074
5155 5158
5972 5976
2231 2234
3010 3013
6866 6869
6300 6305
2026 2030
4785 4789
6765 6767
2792 2796
1684 1689
6134 6137
5740 5744
4009 4013
5313 5316
3266 3268
2537 2539
151 154
5579 5584
4994 4996
4394 4396
5068 5070
5614 5618
2630 2633
7378 7383
2504 2508
1795 1800
3806 3809
5486 5488
1120 1124
5919 5921
2913 2916
178 180
3402 3406
6006 6008
4008 4012
769 771
2928 2930
7346 7348
5486 5488
1397 1401
1041 1045
4691 4694
2056 2059
6205 6207
4720 4726
339 341
972 978
3201 3203
4792 4794
7475 7485
1341 1344
4636 4639
2474 2476
7226 7228
2358 2361
4224 4227
4621 4623
6261 6264
3441 3443
6131 6134
5183 5188
5653 5657
1012 1014
5938 5940
2910 2912
7469 7472
5683 5685
4326 4328
3340 3344
225 228
240 243
6800 6803
5764 5771
3188 3191
5603 5605
1165 1169
2426 2429
1181 1183
3986 3988
2834 2836
5653 5657
4886 4890
2547 2550
762 766
5897 5903
5399 5402
5917 5919
6169 6173
5000 5009
4768 4771
75 78
943 946
1670 1673
1646 1652
7442 7444
2662 2664
87 93
2429 2431
2789 2791
2045 2051
7050 7054
4303 4305
5812 5814
4837 4840
5195 5198
520 524
4273 4275
3726 3728
3182 3188
4947 4949
4934 4939
78 80
5904 5906
5375 5378
7264 7268
900 902
3902 3905
2797 2799
2358 2363
1832 1835
3661 3663
1802 1804
256 259
4524 4527
2415 2418
6371 6377
3316 3320
5714 5720
5103 5105
6770 6773
4559 4563
5139 5141
2823 2825
256 259
4644 4646
3348 3354
7444 7446
5082 5085
1914 1916
5267 5269
6223 6229
4213 4216
4018 4021
4627 4633
2969 2972
5738 5740
6497 6500
2671 2676
4283 4289
5417 5420
681 685
1573 1577
7060 7062
1203 1206
784 786
7058 7062
46 50
6233 6235
5378 5382
5720 5722
2219 2221
5172 5175
786 789
2161 2164
2580 2582
4183 4185
4784 4787
130 133
392 394
2682 2684
2858 2861
1210 1212
5850 5855
2431 2433
6161 6164
3264 3266
6444 6448
1896 1898
6694 6696
4731 4733
3293 3295
5082 5085
2301 2306
6275 6277
1163 1169
1315 1317
962 967
4347 4351
4086 4088
7409 7412
1072 1074
4596 4598
7295 7298
4320 4322
3543 3546
2031 2033
6497 6500
776 780
3706 3713
2985 2987
4415 4417
2920 2922
1291 1297
920 923
4750 4753
3588 3590
5380 5382
6362 6364
772 775
2255 2258
5240 5243
7468 7472
5316 5319
6696 6698
1204 1208
938 940
569 571
5590 5594
7444 7446
2666 2669
5661 5663
2411 2413
2320 2322
6527 6531
7050 7055
4074 4076
4998 5000
2939 2944
5059 5064
6342 6345
4283 4287
3100 3102
1240 1242
1904 1906
4784 4787
5212 5214
5831 5835
4718 4720
2075 2079
7328 7330
3425 3429
7115 7119
6941 6944
401 404
1386 1388
51 55
3433 3437
238 243
4608 4612
2113 2116
2839 2843
6111 6115
6909 6911
4743 4746
5812 5815
6756 6761
4549 4555
6410 6412
3233 3235
298 300
3920 3922
3182 3188
4394 4396
869 872
169 171
2451 2455
617 625
1221 1224
5437 5440
4176 4179
213 217
7189 7191
3471 3475
2247 2250
5701 5704
2895 2898
6063 6065
710 713
7001 7005
7079 7081
4009 4012
1586 1588
4697 4700
2256 2258
5285 5296
5494 5497
1654 1656
2090 2092
6371 6377
3317 3320
2420 2424
6615 6617
7302 7308
3644 3648
2650 2654
6352 6355
1618 1621
3348 3354
7463 7465
2095 2097
2753 2756
7497 7501
2559 2562
3947 3949
2914 2917
2366 2374
1925 1928
5676 5681
3713 3717
7383 7387
300 303
2214 2217
5273 5277
2516 2520
3483 3486
7299 7302
5094 5097
2334 2338
2650 2654
3980 3982
288 291
4330 4332
7428 7430
1624 1628
4599 4602
2234 2237
5991 5993
4844 4846
176 180
3056 3060
3029 3032
4898 4904
7356 7358
6916 6919
4980 4983
4296 4301
2667 2670
3173 3175
6734 6738
2270 2272
2736 2742
6436 6444
294 297
4269 4274
6143 6146
2600 2603
2671 2673
7110 7113
6791 6797
3934 3938
4315 4319
383 385
133 136
4842 4846
3368 3372
5149 5152
39 41
6689 6691
28 34
4683 4685
144 147
1082 1084
4065 4069
3022 3029
4283 4289
4322 4325
1114 1117
1215 1218
420 425
5335 5339
4107 4111
2017 2020
3550 3553
3917 3919
879 882
312 318
6490 6492
2990 2992
4405 4411
3252 3257
2473 2476
4436 4438
2105 2108
6992 6995
1898 1900
3756 3762
5850 5856
2735 2742
793 796
5481 5485
2829 2831
2289 2291
6842 6844
4783 4785
4218 4220
4608 4611
4004 4007
6776 6779
1268 1273
2532 2534
2403 2408
279 281
886 888
3431 3433
4112 4116
793 796
1390 1392
1127 1136
6145 6148
125 130
6581 6586
5764 5771
4126 4130
4649 4654
895 900
479 481
1149 1151
5975 5978
6742 6746
2806 2809
510 513
961 964
7199 7202
1934 1936
1887 1891
4151 4156
3022 3029
4367 4371
6323 6327
1373 1376
5818 5822
4599 4603
3988 3990
124 130
680 683
3077 3079
4320 4323
5560 5563
7048 7050
2574 2576
4517 4519
248 251
7439 7442
2708 2712
3285 3289
4916 4918
3844 3848
366 368
111 115
3819 3824
5012 5015
143 146
3599 3601
4353 4355
4777 4779
1358 1360
930 935
1615 1617
3029 3031
4898 4904
7421 7423
7497 7501
7414 7418
5121 5123
6327 6330
4141 4145
4916 4918
159 161
6269 6272
993 995
3356 3359
6917 6921
5204 5207
6002 6004
5426 5430
3438 3441
5406 5410
203 205
3077 3079
1780 1783
6237 6242
7444 7446
2316 2320
4006 4008
3063 3066
592 594
7115 7119
3354 3356
4898 4904
2134 2137
1165 1169
3261 3264
3986 3988
2964 2966
6894 6897
2161 2165
721 723
6606 6608
2066 2069
7392 7397
4248 4253
1600 1603
885 888
766 769
3016 3019
4082 4084
1962 1965
2375 2377
10 13
492 494
924 926
4052 4055
5273 5275
6365 6367
2192 2198
180 184
425 428
5360 5362
217 219
4455 4460
2981 2984
1078 1081
6352 6354
2075 2079
6412 6414
3512 3514
6712 6714
5673 5675
2541 2545
2235 2240
734 737
1259 1262
2277 2280
270 273
408 410
3641 3643
194 198
747 749
4730 4733
6092 6094
598 603
2713 2716
61 63
6619 6621
2330 2334
6195 6201
4165 4169
2040 2042
1154 1157
5346 5352
422 426
3717 3719
3785 3788
4547 4549
3765 3767
1262 1264
3320 3323
6087 6090
7385 7389
5633 5636
2189 2191
634 636
4033 4037
6747 6749
4582 4586
1822 1824
5668 5671
3409 3412
2378 2380
1018 1021
5048 5055
772 774
4640 4643
2448 2450
257 260
2770 2776
3554 3557
3427 3429
698 700
1893 1896
930 934
474 477
1840 1843
1665 1667
3296 3298
2315 2319
5346 5352
1117 1119
2419 2422
2855 2858
7327 7329
6661 6665
5614 5618
4037 4040
119 122
2247 2250
1713 1717
3374 3376
3621 3623
6897 6899
820 829
6859 6861
789 791
1471 1473
4846 4851
2426 2429
1321 1323
2194 2199
2012 2015
759 762
7186 7188
4092 4097
3317 3323
886 889
4057 4063
1226 1229
2131 2133
1431 1433
4808 4813
3653 3655
3998 4001
728 733
5614 5619
2654 2656
1830 1834
5123 5130
3990 3993
1986 1991
4177 4180
22 24
1397 1401
4235 4237
2240 2245
6777 6781
4415 4422
1468 1471
3560 3562
2677 2680
3503 3506
5533 5535
2736 2742
2812 2815
5915 5917
6564 6567
5740 5744
7349 7351
2159 2164
934 938
3121 3125
2471 2473
6410 6413
4253 4256
2130 2132
149 151
5972 5975
4662 4667
6028 6033
176 178
855 859
4315 4319
3080 3082
4910 4914
957 959
5268 5270
6888 6893
7365 7368
4799 4802
7369 7371
4207 4209
6432 6434
2833 2836
1962 1965
4067 4070
2892 2895
4137 4141
1732 1737
644 647
4044 4049
3492 3494
5708 5712
3131 3134
3558 3562
6300 6305
6274 6276
3289 3294
468 471
3280 3282
1972 1975
2084 2090
4377 4379
3455 3459
1546 1548
6337 6339
5856 5859
6284 6286
3706 3711
5089 5092
1656 1660
6096 6098
3075 3077
4571 4573
3140 3146
6614 6616
3857 3859
6844 6846
299 302
240 244
2230 2234
2582 2585
1021 1025
1715 1718
3014 3018
972 978
1629 1631
2365 2368
4886 4888
6984 6987
6776 6779
1061 1065
4934 4939
3603 3606
6608 6612
104 107
3261 3264
2716 2719
3102 3104
6237 6242
4057 4061
5092 5094
4969 4972
6738 6742
428 430
6051 6053
7281 7287
3032 3034
883 886
7364 7366
2540 2545
5190 5192
6716 6718
5284 5291
889 892
5603 5605
4774 4776
5269 5273
6078 6082
6490 6492
2017 2023
3896 3898
6382 6384
281 285
4079 4082
769 772
1930 1932
3125 3128
1944 1946
4237 4241
4773 4775
2221 2223
1432 1434
5923 5925
6330 6334
5705 5712
4294 4296
4305 4309
6257 6261
6921 6923
1983 1986
96 98
2642 2644
6118 6121
5934 5936
4668 4671
468 470
5932 5935
1025 1027
1965 1967
6699 6703
5545 5547
6925 6929
3048 3052
363 367
7207 7210
2426 2431
5653 5658
5169 5172
668 671
3378 3383
5808 5812
6340 6342
5405 5409
6851 6853
4331 4333
6757 6761
2316 2319
2323 2325
5576 5579
6901 6905
3958 3960
4990 4992
3372 3374
2893 2895
6997 6999
696 698
1510 1512
4119 4122
2906 2908
1947 1949
3254 3258
1277 1282
5185 5190
133 136
6426 6429
5573 5576
1463 1465
4119 4122
6608 6610
5723 5725
1577 1579
1021 1025
4682 4684
6534 6538
3994 3996
4254 4256
1365 1368
3818 3820
1463 1467
607 611
4797 4800
4937 4939
3521 3525
549 556
2876 2878
4925 4932
1266 1268
1144 1147
3394 3396
1450 1456
5855 5858
7069 7071
503 507
2812 2814
1771 1773
3570 3573
3497 3499
2054 2059
6493 6496
5499 5503
3422 3425
2099 2102
4056 4061
2250 2253
594 596
2095 2097
6398 6403
3499 3501
3836 3839
1159 1163
103 105
4705 4711
2120 2122
5909 5912
6010 6014
3116 3119
2240 2246
2853 2855
5787 5793
5024 5026
6008 6010
1266 1268
4067 4070
4763 4765
1401 1405
3772 3775
4141 4144
50 54
3416 3421
7244 7247
348 353
3517 3520
3035 3040
1477 1482
7289 7295
6791 6797
4776 4778
1018 1025
3214 3217
938 941
1176 1179
2869 2873
5918 5921
7428 7430
4079 4082
5880 5884
2399 2408
6805 6807
4088 4091
571 574
4351 4355
4829 4831
4111 4115
1654 1656
4241 4243
4784 4787
2266 2268
1084 1086
341 344
1259 1262
5446 5449
4904 4906
6540 6544
1430 1432
5608 5610
7366 7368
2682 2684
3619 3621
637 639
6115 6118
2364 2366
6722 6724
4532 4535
3250 3252
3429 3431
322 325
2958 2960
1038 1040
3753 3756
1336 1338
2166 2169
4268 4273
1925 1928
5277 5280
4256 4265
6330 6333
970 972
4789 4792
4559 4563
6414 6417
1446 1448
6137 6143
5063 5066
2607 2609
4243 4245
6804 6806
1268 1273
6992 6995
872 875
728 733
4563 4568
3140 3146
5935 5937
6730 6733
3711 3713
5870 5872
7184 7186
2280 2282
652 655
5489 5491
51 55
1595 1597
1025 1028
5278 5280
3608 3612
5823 5826
4175 4177
1489 1494
6249 6252
741 743
4445 4447
3197 3199
839 841
2092 2096
1706 1708
101 103
1042 1045
4119 4124
1501 1503
3627 3630
7348 7350
2211 2217
820 829
3289 3294
5378 5380
4886 4888
3593 3595
798 802
4712 4714
1201 1204
6095 6097
5764 5770
7172 7176
3097 3100
5825 5828
7333 7335
6506 6509
4885 4888
5633 5636
614 617
6208 6210
6940 6943
1554 1556
5070 5074
1089 1092
6127 6130
2954 2957
1974 1977
5653 5657
3640 3643
2060 2064
1813 1815
1405 1407
5306 5309
2468 2470
3340 3344
2836 2838
3154 3160
5413 5417
6434 6436
3941 3943
2541 2547
2885 2888
942 944
6601 6604
883 886
5194 5196
6614 6616
4424 4427
1283 1285
6254 6257
164 167
1691 1694
934 938
2661 2663
2697 2701
3412 3415
5426 5430
7064 7067
125 130
2516 2520
3464 3466
4406 4411
4323 4326
6262 6266
4970 4972
5246 5248
3194 3196
3203 3205
854 857
4867 4869
7204 7207
4508 4510
578 580
3706 3711
41 44
4368 4371
612 614
3202 3205
1163 1169
5676 5680
3540 3542
6424 6426
2338 2343
7271 7273
6842 6844
4379 4383
3864 3867
2644 2648
5760 5762
5012 5014
6762 6764
5657 5660
3342 3344
5941 5944
33 36
1604 1607
6820 6822
1049 1051
5318 5321
7150 7158
4720 4726
368 370
5301 5303
3876 3879
1450 1456
4866 4868
3832 3834
3905 3909
2598 2600
342 344
6077 6082
3960 3962
6630 6633
5658 5660
5560 5563
2129 2131
2744 2748
660 663
3221 3225
4237 4241
1339 1341
6412 6414
726 728
605 607
513 515
111 113
5574 5578
6156 6158
6449 6451
5764 5770
6937 6940
1646 1652
4447 4449
2141 2143
1950 1952
1975 1977
5872 5877
6269 6271
2900 2902
2159 2161
6010 6012
2289 2291
5188 5190
6807 6811
1489 1495
5207 5209
1054 1056
6257 6261
938 941
6612 6614
530 532
3295 3297
5449 5456
2346 2350
4572 4575
4968 4970
1085 1087
1639 1643
6871 6873
5378 5382
6957 6959
219 221
1373 1376
4197 4201
2563 2566
890 892
7183 7186
6885 6888
2134 2137
4852 4854
753 755
3071 3074
2116 2118
547 549
4319 4322
5993 5995
1749 1753
5213 5215
3873 3876
3261 3264
5048 5055
4076 4079
2756 2762
3324 3327
5475 5477
2696 2701
5040 5043
7391 7393
6782 6786
6539 6543
210 217
439 442
5561 5564
3812 3814
5355 5358
7308 7310
2553 2558
5309 5311
68 71
1386 1388
3876 3878
2521 2523
1140 1142
6195 6199
3853 3855
3924 3926
3886 3892
5740 5744
1110 1114
5273 5277
6539 6543
3487 3489
1007 1009
644 647
2652 2654
3306 3308
3078 3080
3536 3540
4406 4411
6182 6185
404 407
6854 6857
2158 2161
3934 3938
4309 4313
7108 7110
2258 2261
4671 4674
5900 5903
7221 7223
4212 4216
2081 2083
5077 5080
4846 4851
4084 4087
2273 2275
3425 3429
5534 5537
1473 1476
3433 3436
7250 7252
3939 3941
7405 7407
1936 1938
962 967
3967 3969
3842 3844
1256 1258
6407 6409
5048 5055
1416 1422
1416 1422
3022 3029
3137 3139
309 312
855 859
4455 4460
2101 2103
3472 3475
1422 1426
2853 2855
2338 2342
4871 4873
6078 6082
4641 4643
3588 3590
3056 3060
2800 2804
7238 7240
2409 2411
2116 2118
3706 3713
2595 2597
2189 2191
2182 2184
5430 5432
3333 3337
6153 6155
1589 1592
3692 3695
1691 1694
2464 2467
3624 3627
7031 7033
2893 2896
6553 6555
3525 3532
854 857
4472 4477
480 482
4086 4088
4947 4949
7275 7281
1816 1818
5141 5144
5235 5240
5819 5823
4403 4405
7393 7397
6481 6483
263 265
6804 6806
71 74
5737 5739
855 859
4816 4818
2464 2467
6605 6607
4612 4615
2298 2301
270 273
1546 1548
1843 1846
6166 6173
3018 3020
748 750
693 698
6387 6390
4192 4194
2161 2165
3018 3020
2866 2869
6616 6618
4517 4520
1724 1726
755 757
6906 6908
7104 7108
2387 2389
6405 6407
6368 6370
971 978
5927 5931
367 369
6616 6618
1800 1804
6854 6857
2000 2002
685 687
6923 6925
5787 5792
46 50
4763 4765
5555 5558
1992 1994
1005 1007
5158 5160
4543 4545
247 250
3728 3731
5285 5291
2815 2817
5131 5136
5044 5055
2773 2777
2308 2310
217 219
5015 5018
180 183
3844 3848
113 117
3840 3842
1067 1070
3035 3040
7289 7291
5910 5912
1975 1977
5715 5720
3022 3031
5234 5240
2985 2987
5273 5275
3886 3892
3003 3005
2079 2081
3415 3418
3886 3895
7250 7252
3644 3648
6166 6169
5992 5995
2001 2004
300 303
6191 6193
4151 4155
4875 4877
6421 6424
5425 5430
3248 3251
309 312
3860 3862
5378 5380
6006 6008
1498 1501
2569 2571
769 771
2634 2636
1416 1422
271 273
592 595
6897 6899
3825 3827
7387 7390
1628 1631
6247 6251
510 512
5982 5985
5468 5470
3864 3867
60 62
4310 4313
7085 7087
1744 1749
3065 3068
4536 4538
1850 1853
4069 4074
3098 3102
2392 2396
133 135
6954 6956
7177 7180
7291 7295
6658 6661
3575 3577
698 701
2134 2137
4575 4577
3100 3102
6257 6261
2825 2827
6330 6333
2134 2136
5145 5147
5825 5828
5660 5662
-1 7
3423 3427
2766 2768
5945 5949
5123 5130
6339 6342
5487 5489
16 20
943 946
820 829
2361 2364
4412 4415
4092 4097
394 396
2130 2132
3158 3161
2344 2350
5722 5724
7435 7438
4523 4527
3533 3535
3494 3499
397 400
1938 1941
5361 5363
4439 4442
1643 1646
231 233
3679 3683
46 50
2954 2957
1812 1815
3664 3667
5812 5814
5641 5643
1159 1163
3311 3313
979 982
71 74
7233 7235
2060 2063
6251 6253
951 953
6384 6387
4276 4279
1756 1758
5082 5086
2084 2090
1788 1790
1997 2000
6445 6449
4806 4808
366 368
4917 4921
6387 6389
5035 5038
6176 6178
455 458
4069 4074
2488 2490
5935 5937
7475 7485
3804 3806
6643 6646
4450 4452
138 140
1621 1623
4394 4396
3313 3315
6472 6475
1643 1652
5726 5729
4472 4477
7213 7215
5658 5661
1546 1548
3628 3630
1268 1276
4779 4782
5139 5142
7330 7333
5488 5490
292 294
6835 6837
5758 5760
2643 2645
5181 5183
4438 4442
2364 2366
1876 1878
4712 4714
7485 7487
7378 7383
6087 6090
3329 3331
1728 1731
1965 1967
5764 5770
1646 1653
5278 5280
2900 2902
1268 1276
2420 2424
3857 3859
1152 1155
6562 6564
2001 2004
4041 4044
294 298
4298 4303
4987 4989
6245 6247
3022 3029
4695 4697
307 309
2691 2695
1861 1863
3301 3303
588 591
1422 1425
5525 5528
6115 6118
4822 4829
4256 4265
5009 5011
1564 1566
7172 7174
1 7
5405 5409
5199 5201
7281 7287
7288 7291
904 907
3630 3633
7024 7031
2493 2495
358 360
1717 1720
674 680
1986 1991
5346 5353
5910 5913
3199 3201
1373 1376
5040 5044
1883 1885
1656 1660
4621 4623
477 480
876 879
5059 5063
6751 6754
3279 3281
6861 6865
1983 1985
5596 5602
2136 2139
2713 2716
5383 5385
4319 4322
3750 3752
6286 6288
3922 3925
2133 2136
3812 3814
4449 4452
1120 1124
7262 7264
1259 1262
2392 2396
4716 4718
2194 2199
4659 4662
5198 5200
3582 3584
4976 4978
6977 6983
6529 6532
7131 7133
6613 6615
3356 3359
3628 3630
1904 1907
97 99
6898 6900
7356 7358
3379 3383
4695 4697
5202 5206
4333 4336
4974 4976
5172 5176
2557 2559
3140 3146
6378 6382
1510 1512
5097 5101
3056 3060
6961 6963
1127 1136
1515 1519
4492 4495
4405 4411
669 671
7313 7318
2714 2718
1004 1006
3784 3787
3265 3267
2929 2931
4742 4744
2119 2122
1234 1238
3702 3706
4592 4594
1103 1105
1071 1074
5114 5117
1485 1489
4481 4485
5571 5574
838 840
6267 6271
5618 5620
5829 5831
3237 3246
4645 4648
3050 3052
4993 4995
996 999
5962 5966
2636 2638
5012 5014
934 938
4616 4619
6665 6667
3098 3100
2368 2374
4856 4858
619 625
3486 3488
1600 1603
820 829
3597 3599
1104 1107
6899 6901
141 143
2908 2910
6254 6257
6883 6885
3211 3214
2882 2885
806 808
508 510
6642 6646
2744 2748
453 455
3834 3836
3576 3578
4116 4119
3286 3293
6243 6245
3125 3128
6506 6508
213 217
1 7
6436 6444
6028 6036
3061 3063
1124 1136
3107 3110
6683 6688
6648 6650
5667 5670
5499 5503
3146 3149
5964 5966
958 961
6527 6531
1163 1169
1791 1793
5594 5596
1829 1832
190 193
4452 4455
3743 3747
6012 6014
6436 6444
3861 3863
7075 7077
7426 7428
4803 4805
6954 6956
1358 1360
1172 1175
6937 6940
813 816
4003 4006
4406 4411
2280 2282
805 807
4326 4328
920 923
5551 5554
361 363
1459 1461
5243 5246
5329 5331
4442 4447
1732 1736
2936 2939
1484 1489
7419 7421
4157 4159
3898 3901
7444 7446
2426 2429
210 213
2284 2287
5639 5641
2017 2023
1904 1907
7205 7207
1959 1961
5698 5704
1477 1482
2688 2694
3259 3262
6726 6730
2949 2951
3035 3040
2422 2425
3055 3060
4313 4316
2725 2729
1266 1268
6643 6646
7058 7062
1017 1021
2910 2912
1124 1127
7444 7446
318 320
672 677
3363 3367
3525 3533
7448 7450
4897 4904
4842 4846
6137 6143
6746 6749
3494 3499
3804 3806
6560 6562
2666 2669
5209 5212
5033 5035
7158 7162
4612 4615
1282 1284
5983 5985
834 836
3392 3395
5516 5518
3855 3859
1904 1907
300 302
6745 6747
3768 3770
1627 1629
3971 3975
1011 1013
752 754
1807 1811
6607 6610
4004 4007
3512 3515
5196 5198
6342 6345
1443 1446
6594 6596
5445 5447
1800 1802
3943 3948
6829 6834
7281 7288
2735 2742
6340 6342
4087 4091
2744 2748
5010 5012
6436 6444
6704 6706
1969 1972
4684 4686
1163 1169
6264 6266
7335 7337
3052 3055
1681 1683
2684 2687
2878 2881
3573 3575
190 193
5476 5479
1515 1518
3525 3532
2528 2530
3301 3304
6083 6085
4651 4654
41 44
4445 4448
4486 4490
3601 3603
1262 1264
4126 4130
655 658
458 461
1567 1569
2573 2575
183 187
6434 6436
1527 1529
2990 2992
158 161
6697 6699
4942 4945
2804 2806
6072 6077
4243 4245
393 396
71 74
299 302
5155 5158
2119 2122
2182 2184
422 425
5359 5361
3395 3397
3193 3195
7021 7023
4374 4376
3461 3463
2848 2853
2712 2714
3554 3558
5956 5960
6028 6033
1025 1028
5691 5694
1515 1518
6237 6242
6871 6873
450 452
2610 2613
6786 6791
5496 5499
4705 4712
4544 4546
1485 1489
5082 5086
5105 5108
7067 7069
1520 1523
5563 5565
2610 2613
5888 5890
381 383
1832 1834
3734 3737
1609 1611
6848 6850
4972 4974
2787 2789
869 872
6683 6688
1950 1953
6493 6496
1111 1115
1503 1505
1550 1552
934 938
3286 3289
532 535
3762 3765
5484 5486
1732 1736
3466 3468
4662 4667
4691 4694
2901 2903
202 204
4841 4844
818 829
6436 6444
178 183
4504 4508
4549 4555
321 325
4067 4070
7164 7168
3040 3043
2984 2987
3819 3824
7459 7463
1365 1373
4803 4805
1334 1336
334 337
6572 6574
3902 3905
7115 7119
6581 6583
2150 2153
7374 7378
2966 2968
4213 4217
6414 6417
28 33
7249 7251
5457 5460
1299 1301
1344 1346
1234 1238
4320 4322
2516 2520
7164 7168
5574 5576
5528 5530
2514 2520
3108 3110
7144 7146
287 291
713 715
4608 4611
1556 1558
6527 6529
3603 3605
1757 1759
5136 5139
2502 2504
3988 3990
528 530
2287 2289
2192 2198
626 628
1119 1121
4111 4115
1027 1031
3241 3246
1732 1737
632 634
6239 6243
855 859
3110 3113
4716 4719
370 373
5057 5059
1426 1428
1856 1859
3499 3502
6921 6923
2990 2992
6397 6400
6770 6773
3692 3695
4151 4155
3981 3984
7485 7487
1434 1437
5311 5313
2744 2746
4878 4881
5580 5584
5931 5934
304 306
5728 5730
266 270
2170 2172
6610 6612
2582 2584
1840 1843
5691 5693
429 433
6739 6742
1314 1316
7350 7353
238 240
2149 2151
5445 5447
7176 7180
6696 6698
2105 2108
6699 6704
2005 2008
2179 2182
5509 5514
716 719
2012 2014
691 696
5422 5424
7494 7497
2256 2258
5291 5299
7259 7261
7018 7020
1578 1580
3850 3852
1505 1507
4846 4852
4596 4598
7274 7278
4946 4949
7299 7302
439 442
6188 6190
6733 6738
5291 5296
5055 5057
471 477
6151 6154
195 198
2459 2463
549 552
288 291
3773 3775
5465 5468
3140 3146
5958 5961
1794 1799
4411 4415
4328 4331
3277 3280
3194 3196
3973 3975
1925 1928
5968 5970
3364 3367
5449 5455
1678 1681
637 639
7421 7423
2792 2796
1033 1036
4346 4351
6906 6908
4964 4969
3951 3953
5945 5949
2189 2192
2812 2815
2358 2363
540 546
5016 5018
1544 1546
3731 3733
7304 7308
2432 2435
1914 1916
1830 1832
1042 1046
358 360
3490 3493
3840 3842
3257 3259
5919 5921
6949 6951
5441 5444
5798 5801
1834 1836
811 813
4003 4006
2334 2338
417 422
5874 5878
1 7
3089 3094
3762 3765
6039 6041
2691 2695
1323 1326
1793 1795
4472 4479
745 747
3830 3832
3348 3352
7387 7390
2671 2673
4401 4403
184 188
6449 6451
2030 2032
4107 4111
5668 5670
1564 1566
6462 6466
894 899
1934 1936
7356 7358
3902 3905
4368 4372
6434 6436
3815 3818
5082 5085
6239 6242
1411 1414
7060 7062
2862 2864
5939 5941
4347 4351
5540 5545
4524 4527
1931 1933
5092 5094
1744 1749
6556 6561
3150 3152
6352 6355
4861 4866
3441 3443
1635 1637
2831 2834
1780 1783
5468 5470
5123 5130
4107 4111
962 967
4952 4954
2413 2415
42 45
4969 4972
6531 6533
4942 4945
6512 6514
4591 4593
6689 6693
3050 3052
535 538
3421 3423
3959 3961
1172 1176
6422 6424
1097 1099
1771 1777
2004 2008
3395 3397
4256 4265
155 157
2600 2602
6210 6212
2618 2623
2677 2680
2797 2799
1507 1509
6060 6063
1241 1243
5566 5568
4140 4144
1817 1819
5691 5694
2530 2532
5900 5903
5931 5934
2368 2374
2573 2575
2145 2148
5972 5975
2463 2467
6823 6827
2262 2266
6993 6995
7174 7176
1477 1482
3844 3846
2450 2453
1398 1401
5436 5440
681 683
4853 4856
6608 6612
1296 1298
5460 5463
4070 4075
6978 6983
3916 3918
1314 1316
6756 6761
3506 3508
1567 1571
5833 5836
1612 1614
3121 3125
1631 1635
3540 3543
3248 3250
3131 3134
2223 2227
7070 7072
4256 4265
2792 2796
1003 1005
1067 1070
6608 6610
2096 2099
1806 1808
7338 7340
3691 3693
3282 3285
1327 1330
1251 1256
4787 4789
2494 2497
6859 6861
4423 4425
5521 5525
2732 2735
6555 6560
2709 2713
2073 2075
6033 6036
4939 4941
2902 2904
4455 4461
4690 4693
6174 6177
1331 1333
3896 3900
1726 1728
1817 1819
1391 1393
2084 2090
507 509
6715 6717
6036 6038
3667 3669
7152 7158
3612 3614
3635 3639
4998 5000
1448 1450
3879 3881
4584 4586
969 971
6041 6044
1664 1667
5141 5144
6872 6877
221 224
4235 4237
2426 2429
588 591
6342 6345
654 658
3108 3110
632 634
6188 6191
6782 6785
3622 3624
5664 5666
5371 5373
6604 6606
1544 1547
6161 6163
5161 5164
7238 7241
1629 1631
1899 1901
2597 2600
6500 6502
4274 4276
1934 1936
1124 1127
6181 6185
4461 4463
3174 3176
6575 6577
2161 2164
5991 5993
2366 2368
7401 7404
1922 1925
6296 6298
771 774
5535 5539
3219 3221
4417 4422
7196 7198
2981 2985
2818 2820
3578 3580
7244 7247
3332 3335
849 852
3844 3848
6627 6630
1957 1959
615 619
4954 4957
3455 3458
2527 2529
3212 3215
3921 3924
5764 5770
466 468
5810 5814
1363 1365
1296 1298
3014 3018
1518 1520
2392 2397
4888 4890
6739 6745
4733 4735
5457 5460
7359 7362
5195 5198
4846 4852
2173 2176
4682 4684
3402 3406
591 594
4898 4904
3116 3120
4668 4671
3679 3683
1338 1340
1001 1003
1426 1428
4615 4617
5723 5725
1342 1344
3014 3018
4298 4301
7013 7018
2537 2539
3254 3257
972 978
6082 6084
1251 1255
6311 6315
3459 3462
4266 4268
4963 4968
5645 5647
4962 4964
3392 3395
3455 3459
3041 3043
6777 6781
2878 2881
1502 1505
1176 1179
4914 4916
3752 3755
4151 4156
6166 6173
7368 7371
5507 5509
3677 3679
767 771
437 439
786 789
1273 1277
6916 6919
5633 5635
3215 3218
3418 3422
3990 3993
2368 2374
5154 5158
2581 2584
5917 5919
3252 3254
3973 3977
3379 3384
1360 1362
4237 4241
7404 7407
1773 1778
3743 3747
5011 5014
1665 1667
6658 6663
1360 1363
7009 7011
1239 1241
5646 5649
270 273
2650 2652
6526 6529
1548 1550
4530 4532
3719 3721
6188 6191
5806 5808
124 130
5843 5846
2166 2169
5919 5921
1706 1709
5780 5783
845 849
6016 6020
420 425
1684 1689
4514 4517
2999 3001
2971 2973
4934 4939
6871 6873
363 366
3640 3643
6254 6257
7432 7435
1967 1972
2618 2623
1928 1930
50 54
4368 4371
2616 2618
3606 3609
2628 2631
3651 3654
7281 7288
5547 5549
6062 6064
5234 5240
3233 3237
5629 5631
6277 6279
969 971
5267 5269
4593 4595
3924 3926
3602 3605
7393 7397
6506 6508
4116 4118
2885 2889
1437 1442
3622 3624
5633 5635
6952 6956
281 285
686 688
6699 6703
3438 3441
5475 5477
6697 6699
524 527
5202 5206
7330 7333
4655 4657
1969 1974
1476 1482
1753 1755
535 538
1222 1224
2189 2192
2023 2025
3564 3566
2866 2869
5698 5701
2788 2790
1758 1760
210 213
6078 6082
2253 2256
2063 2065
5970 5972
6739 6742
5365 5368
5826 5829
4091 4097
6014 6016
2250 2255
2415 2417
3741 3743
1795 1799
5094 5097
1934 1936
7025 7031
1558 1560
1790 1792
3078 3080
1497 1500
6606 6608
3196 3198
698 700
3596 3598
4778 4780
6027 6033
6917 6921
4980 4983
3635 3639
2623 2628
1045 1047
2499 2501
5880 5884
4292 4294
2211 2214
1158 1163
4563 4569
5131 5136
4636 4639
5962 5964
2953 2957
6148 6151
921 923
5188 5190
524 528
3200 3202
3825 3827
2151 2153
2533 2535
6536 6538
5739 5744
845 847
4430 4433
1342 1345
3276 3279
4287 4290
2931 2934
1268 1273
5545 5547
4996 4999
13 15
3950 3953
2564 2568
4131 4135
4331 4333
1412 1414
4256 4265
4364 4366
4822 4829
6742 6745
5016 5019
6461 6463
3390 3392
3134 3137
6100 6105
2083 2090
2991 2994
5447 5449
1473 1476
118 120
7121 7123
1416 1422
6279 6283
5188 5191
4495 4497
4233 4237
3902 3905
5850 5856
4108 4112
2490 2493
6367 6369
4546 4548
6254 6261
6121 6123
6119 6122
3459 3461
3798 3802
2703 2707
362 366
4680 4683
6663 6665
5897 5900
5446 5449
3675 3678
5433 5436
2691 2695
6467 6469
4273 4275
999 1001
4075 4079
2468 2470
967 969
2482 2484
6314 6316
752 754
4923 4925
6503 6506
3296 3298
4371 4373
2844 2847
4816 4818
6182 6185
1240 1242
5368 5371
6709 6712
3164 3166
815 817
6158 6160
7475 7485
6610 6612
7262 7264
559 561
3506 3508
18 20
2746 2750
2301 2308
2533 2535
5874 5877
5761 5764
3262 3265
4577 4579
2951 2953
1983 1986
6769 6772
4256 4266
422 425
7144 7147
5273 5275
1710 1713
3396 3400
7278 7287
6539 6543
655 659
4671 4674
7250 7252
6921 6923
3077 3079
2776 2778
6550 6552
522 524
5123 5130
671 674
5339 5342
5240 5242
1744 1748
5299 5301
5499 5504
1284 1286
404 406
5393 5396
7353 7356
4799 4802
4968 4970
7442 7445
497 499
1841 1843
4235 4241
5978 5983
2687 2691
2848 2853
5402 5405
798 802
3140 3149
252 255
4926 4932
5153 5155
6403 6405
6096 6098
2410 2412
7390 7392
2182 2184
5446 5449
1384 1386
6006 6008
5406 5410
6009 6012
2793 2796
5215 5218
5422 5424
6823 6827
629 632
307 309
5117 5120
3975 3977
4846 4851
4773 4775
1585 1587
644 647
299 302
3235 3241
2516 2521
4056 4061
948 951
1222 1225
394 397
4894 4898
4842 4846
1732 1736
3211 3214
219 221
3016 3018
3795 3797
7122 7124
4283 4289
4548 4555
5413 5415
4406 4411
6506 6508
4676 4678
660 663
6010 6014
6845 6847
4266 4268
2598 2600
1461 1465
15 18
3918 3920
1201 1204
3508 3511
2823 2826
6234 6237
1012 1014
7184 7186
964 967
3835 3838
3270 3272
2697 2701
5465 5468
3412 3415
1728 1730
2484 2490
4166 4169
7381 7383
219 221
2328 2330
6369 6371
6885 6888
1426 1428
2516 2520
6782 6785
46 50
7469 7472
5477 5481
7434 7437
1 7
1762 1765
374 378
6105 6108
3116 3119
5653 5657
4685 4687
1580 1582
7322 7327
6619 6621
4041 4044
6782 6786
1896 1899
1221 1224
4248 4251
6431 6434
5219 5222
2103 2105
1622 1624
2612 2616
4718 4720
3277 3280
3212 3215
1405 1407
6202 6205
6643 6647
271 274
3412 3416
1825 1829
1851 1853
783 785
5111 5114
1234 1238
759 762
7453 7456
3659 3661
993 995
6372 6377
6667 6669
2294 2297
6888 6893
7466 7469
6457 6459
4832 4834
3641 3643
2246 2250
1218 1221
2716 2719
6360 6362
1033 1037
123 125
5785 5787
5874 5878
6757 6761
2403 2408
4425 4428
3515 3517
2866 2873
6477 6480
6724 6726
6108 6111
4216 4218
7193 7196
3625 3627
5764 5770
4248 4251
668 671
6294 6296
5715 5720
3973 3975
3525 3532
4327 4330
4537 4539
51 54
1883 1885
5119 5121
1800 1804
6812 6817
927 930
2105 2108
3070 3073
1186 1189
6893 6896
3641 3643
4433 4435
97 99
1525 1527
39 41
5670 5672
4355 4358
3111 3114
107 111
3475 3477
66 68
2136 2139
1018 1021
6347 6349
3661 3664
2378 2380
604 606
4968 4970
1287 1290
6991 6993
5987 5990
6782 6785
739 743
1283 1285
4417 4422
7186 7188
5318 5321
7353 7356
5108 5111
4888 4893
4726 4729
4987 4989
780 783
3266 3268
2578 2581
4955 4957
4857 4859
6861 6866
308 311
7099 7104
107 113
5612 5614
7337 7339
1955 1958
6352 6354
1782 1785
5561 5563
6688 6691
7137 7141
4649 4651
5383 5386
7381 7383
1519 1521
7141 7144
7202 7205
5673 5675
370 373
1503 1507
2073 2079
2539 2541
7472 7475
6195 6199
7475 7487
6467 6469
1407 1411
3635 3638
5499 5503
2453 2456
1998 2001
7168 7170
1913 1915
5983 5985
5301 5303
2005 2008
5503 5507
1904 1907
4785 4789
4937 4940
4256 4265
6804 6806
2161 2164
462 465
3512 3514
2858 2862
6335 6337
2301 2306
2944 2947
713 715
3753 3756
7199 7202
6987 6991
5040 5043
2537 2539
1952 1955
1018 1021
6634 6636
4926 4932
3372 3374
5682 5685
3791 3793
3677 3679
5635 5638
71 74
6459 6461
1416 1422
2179 2182
6161 6163
3402 3406
4974 4976
262 265
754 756
6703 6705
3704 3706
117 119
2166 2168
913 916
6039 6041
5167 5172
6877 6879
2170 2172
7193 7196
4529 4532
3158 3161
2083 2090
5449 5455
5670 5672
1938 1941
696 700
2328 2330
4291 4294
3149 3151
2363 2365
4056 4061
930 934
3833 3835
1827 1830
1124 1127
1291 1296
2639 2642
5638 5640
1152 1155
387 390
1350 1354
3919 3921
2778 2782
7025 7032
3066 3068
2779 2782
1138 1140
2890 2892
6316 6320
2839 2843
5028 5032
101 104
6330 6333
1291 1297
2111 2114
5596 5601
7177 7180
1573 1577
2990 2992
5564 5566
2662 2664
500 506
1251 1255
776 783
5609 5611
1288 1290
604 606
5605 5607
6161 6164
7207 7210
6921 6924
5978 5982
5653 5657
4996 4998
7451 7453
4816 4819
3274 3277
7217 7222
6451 6453
677 680
7475 7485
913 916
5862 5864
2436 2438
3885 3892
6292 6295
5676 5680
5509 5514
2253 2256
4197 4201
6835 6837
6974 6977
4592 4594
6726 6728
6305 6308
1147 1149
596 598
2170 2172
1744 1748
118 120
4981 4985
238 243
4676 4678
6249 6251
4337 4340
5000 5009
3956 3958
3520 3523
1812 1815
4266 4268
3994 3996
1582 1585
4964 4968
4782 4784
5325 5327
5869 5871
2020 2023
164 167
1756 1758
7246 7248
1495 1498
3316 3320
231 233
4774 4776
3264 3266
3429 3431
5259 5261
5916 5918
3355 3357
7475 7485
5826 5828
6358 6360
4539 4543
6734 6738
3692 3695
5360 5362
6961 6963
5000 5009
4996 4999
2878 2881
861 866
4477 4480
3182 3188
6449 6451
5383 5385
7424 7426
944 947
3747 3750
3104 3106
7341 7343
3689 3691
6422 6425
5025 5028
492 496
6143 6146
4471 4477
1242 1244
118 120
1514 1518
6655 6661
6277 6279
4305 4309
5823 5825
6496 6500
541 546
5346 5352
4237 4241
4858 4860
300 303
685 687
136 138
7328 7330
7393 7397
2482 2484
5952 5954
1451 1456
7353 7356
2134 2137
6012 6014
2568 2570
3333 3335
4617 4619
4824 4829
5909 5912
5368 5370
1987 1991
5987 5991
5884 5886
2874 2876
7071 7073
4559 4563
4203 4206
2275 2280
1394 1396
666 669
5927 5932
6812 6818
3140 3146
886 889
4192 4194
4703 4705
6502 6506
3354 3356
3425 3429
592 594
916 918
4210 4213
5580 5584
6300 6305
4714 4716
3348 3352
4333 4336
5520 5522
1827 1830
766 769
6757 6761
6044 6046
541 546
2355 2358
4126 4130
6096 6098
3617 3619
4641 4643
4615 4617
3450 3453
1350 1353
99 101
4281 4283
5346 5353
4514 4517
2610 2612
2425 2429
7298 7301
5306 5311
1837 1839
4026 4031
2748 2750
1643 1652
3320 3324
411 413
3683 3686
6591 6595
798 803
3678 3681
3741 3743
1675 1678
402 404
2597 2600
1362 1364
3211 3214
5221 5223
6252 6254
4305 4309
7036 7038
7163 7168
7445 7448
6028 6033
5066 5068
3477 3483
5649 5652
4792 4794
3612 3615
4721 4726
1386 1388
7278 7287
1606 1609
5674 5676
1186 1189
5778 5780
6226 6229
3788 3791
672 677
7217 7222
6621 6623
4757 4759
5697 5701
6607 6610
6765 6767
4995 4998
1140 1144
6066 6071
5432 5436
2283 2286
7390 7392
1363 1365
1401 1404
3683 3686
830 832
1215 1218
3540 3543
2472 2474
5970 5972
7475 7485
2652 2655
4764 4766
4033 4037
885 888
1276 1279
786 788
3641 3643
4151 4155
2453 2456
842 844
6643 6646
5724 5726
2344 2346
1860 1862
2092 2095
2577 2580
1438 1442
5166 5169
3317 3320
4819 4824
5539 5541
6762 6765
1664 1667
2968 2971
6244 6246
3081 3083
4497 4502
4530 4532
5715 5720
1691 1698
6502 6506
6665 6668
4573 4575
2541 2545
5470 5472
496 498
2079 2081
7099 7103
1610 1612
5576 5579
798 802
3477 3483
5504 5507
3348 3352
5136 5139
571 573
549 552
1428 1430
569 571
5533 5535
2588 2590
2009 2012
6707 6712
2298 2301
6704 6706
1006 1009
4218 4220
3035 3041
4276 4279
6378 6382
6578 6581
4087 4091
2478 2483
3581 3583
4232 4235
6646 6648
4978 4980
2214 2217
982 985
2939 2944
2900 2902
4125 4130
3663 3667
820 829
7093 7095
7158 7163
5420 5422
4802 4804
538 540
6683 6688
6521 6524
1615 1618
4907 4914
1127 1136
780 783
1159 1163
4784 4787
3121 3125
7205 7208
6669 6672
3468 3470
2713 2716
805 807
5055 5058
2041 2044
6072 6076
1586 1588
2823 2826
1338 1340
5044 5048
193 195
3999 4002
941 943
287 291
7325 7327
2910 2912
275 278
2995 2999
3201 3203
2558 2560
6051 6054
1330 1332
3793 3795
4338 4341
3056 3060
2773 2777
1273 1276
6567 6569
195 199
5601 5603
5139 5141
4898 4906
3209 3211
2277 2280
3304 3306
130 133
2652 2654
3140 3146
6730 6732
5175 5177
4105 4108
4092 4097
927 930
2587 2589
5390 5393
1234 1239
3692 3695
4630 4633
3525 3533
2002 2004
5175 5177
3188 3191
123 125
6790 6797
2608 2610
6264 6266
2005 2008
4890 4893
164 167
6377 6382
5000 5009
3329 3331
6873 6877
6436 6444
2858 2862
7232 7235
6372 6377
1099 1101
2499 2501
1643 1652
4417 4422
5509 5515
972 978
1815 1817
2380 2384
1846 1850
4378 4382
6707 6709
6338 6340
5306 5309
5352 5354
4447 4449
6715 6717
6239 6243
4883 4885
3728 3731
6752 6756
4954 4957
1799 1802
2431 2433
6636 6639
843 845
1310 1314
655 658
3615 3617
1012 1014
7240 7244
2240 2246
4800 4802
1868 1870
2901 2903
3259 3261
2930 2934
6202 6204
1573 1578
2817 2819
5787 5792
7208 7210
3022 3029
3477 3483
5108 5112
4856 4858
1639 1643
3943 3947
180 183
6378 6382
5447 5455
4061 4065
1002 1004
6315 6317
178 180
970 972
3547 3549
3802 3804
5649 5651
962 967
4711 4713
4611 4615
1769 1773
4245 4248
6237 6239
2159 2161
5810 5814
1623 1627
4338 4340
2538 2540
5028 5032
6716 6718
3955 3957
6409 6412
2151 2155
6809 6812
1782 1785
5944 5949
2490 2493
1378 1381
1384 1386
6130 6132
5207 5209
1268 1273
569 571
5548 5550
1477 1482
2975 2978
665 668
2355 2358
1629 1635
2764 2768
4221 4223
901 903
7374 7378
2130 2132
189 191
3293 3295
3041 3044
4088 4091
3250 3252
3299 3301
861 866
1603 1606
1465 1468
5353 5355
4433 4436
2549 2552
5522 5528
7453 7457
4371 4373
3963 3967
370 373
4545 4547
2170 2173
1142 1144
6276 6278
1226 1229
522 527
1706 1709
4269 4273
6001 6003
1738 1740
5025 5028
1663 1665
2760 2762
2092 2096
5841 5843
1631 1635
7295 7299
4079 4081
4720 4726
4711 4713
3352 3355
5473 5475
6267 6269
2964 2967
3984 3986
5840 5843
4904 4907
2714 2716
5165 5167
1108 1111
2848 2853
4736 4739
3219 3221
5185 5188
7236 7238
6462 6466
7434 7437
6165 6169
4606 4608
120 123
4904 4907
6556 6560
4589 4591
2708 2712
2778 2782
2102 2104
2399 2408
1484 1489
1159 1163
7310 7313
739 741
1818 1820
5208 5212
6987 6991
6467 6469
2547 2549
2961 2964
842 844
2045 2049
3289 3293
2541 2545
4897 4904
5262 5265
3579 3581
2834 2837
4657 4659
5336 5339
4846 4852
2549 2552
3335 3338
2814 2816
6616 6618
1799 1802
2914 2917
6470 6472
2240 2246
7497 7501
4599 4602
1190 1193
3140 3146
5309 5311
4636 4639
5995 5998
6166 6169
1092 1094
5555 5557
2004 2008
4683 4685
1268 1273
6124 6127
3475 3483
1800 1804
4678 4680
762 767
7275 7281
71 74
492 494
5879 5884
5636 5639
3617 3619
2392 2397
6235 6239
4038 4041
1067 1069
3390 3392
738 741
3188 3190
2864 2866
5219 5221
6497 6502
7013 7018
3397 3400
3119 3121
1656 1661
449 451
5123 5130
1839 1841
1631 1636
3643 3645
6562 6565
7093 7095
7338 7340
3477 3483
5987 5991
3020 3022
5426 5432
6770 6773
752 754
2301 2306
4926 4932
4599 4602
2264 2268
5554 5557
7081 7085
1582 1585
1194 1198
5913 5915
7 9
4343 4345
4783 4785
3969 3971
1255 1258
3806 3809
917 919
6405 6407
4726 4729
2075 2079
3376 3378
155 158
1795 1799
4939 4941
5968 5970
2306 2308
7087 7090
13 15
3066 3068
6432 6435
3337 3339
4223 4227
4572 4575
1859 1861
2194 2198
6894 6897
4648 4651
4341 4343
4559 4563
1042 1045
5331 5335
7164 7169
6090 6092
4797 4799
4177 4180
6655 6658
6765 6767
1046 1049
5927 5931
6060 6063
1860 1862
1529 1535
4164 4166
5758 5760
4305 4310
2391 2396
6158 6160
2491 2493
6435 6444
5573 5576
387 391
7071 7073
5897 5900
1450 1456
5607 5609
5649 5651
71 74
7205 7207
766 769
4797 4799
6407 6410
5918 5921
1943 1946
1728 1731
5504 5507
2752 2756
7407 7409
2537 2539
5802 5806
1065 1069
6310 6314
3225 3231
4045 4049
4251 4253
5346 5353
4108 4111
1390 1392
4224 4227
6730 6732
1675 1678
140 142
2206 2209
959 961
2939 2945
588 591
3842 3844
3734 3739
452 454
5552 5554
4599 4603
5497 5503
3932 3934
916 918
7018 7020
5815 5819
1246 1248
3996 3998
6914 6916
5555 5558
6637 6641
3176 3179
4464 4467
2497 2500
5247 5249
393 396
3986 3988
1610 1612
6899 6901
861 866
4834 4836
6663 6665
6223 6226
3988 3990
4315 4319
111 113
117 119
2673 2676
5325 5327
2315 2319
6477 6479
552 556
2806 2809
3175 3178
3198 3200
1901 1904
1560 1563
4472 4477
3052 3055
3651 3654
1350 1353
6837 6841
1715 1718
5918 5921
7170 7172
3357 3359
4898 4904
1258 1262
4861 4866
6752 6754
5922 5925
3455 3459
5355 5357
1830 1834
2945 2949
3069 3071
7414 7416
665 668
5185 5188
500 503
2838 2843
7119 7121
518 520
706 709
4160 4164
4837 4840
1089 1092
2063 2065
510 513
3692 3695
2250 2255
6234 6237
1127 1136
16 20
1728 1731
1521 1524
4868 4870
2904 2907
7459 7463
6531 6533
4811 4813
213 217
1749 1755
6540 6543
2409 2411
3818 3820
784 786
3182 3190
3713 3718
615 619
7374 7378
535 538
5872 5874
1489 1495
1365 1373
1007 1009
5044 5048
3223 3225
6944 6946
3014 3016
4377 4379
2182 2184
1944 1947
4248 4251
3911 3914
3400 3402
6364 6367
4772 4774
422 425
2667 2669
23 26
4145 4148
5223 5226
5130 5136
5916 5918
2560 2563
4575 4577
5386 5388
4937 4939
4035 4038
1429 1431
1362 1364
1689 1694
4703 4705
3450 3453
3198 3200
4412 4415
6486 6489
5729 5731
4524 4528
2403 2408
5074 5079
2806 2808
748 750
3364 3368
321 325
7013 7018
2779 2782
696 698
3590 3593
1602 1604
5447 5455
6016 6020
5937 5939
2415 2418
3669 3671
641 643
2024 2026
2381 2385
3237 3246
2444 2448
4403 4405
2366 2374
6896 6898
2864 2869
2939 2944
2582 2584
1825 1827
5131 5136
6082 6084
4605 4607
5077 5080
2438 2441
5850 5855
149 151
5775 5778
2876 2878
7301 7304
5658 5660
6599 6601
5172 5175
5561 5564
2292 2294
6121 6123
4231 4233
780 783
4830 4832
6636 6639
3525 3532
1611 1613
6395 6397
5643 5645
7445 7448
7087 7090
2131 2133
574 578
7318 7321
2827 2829
4866 4868
6960 6962
2600 2602
3433 3436
4577 4581
5596 5601
5285 5296
4555 4559
3819 3824
617 619
4124 4126
2673 2676
2844 2848
597 603
5182 5185
4099 4102
5618 5620
4283 4289
2712 2714
6997 7001
5000 5009
518 520
3461 3463
1182 1185
6968 6974
2056 2059
5797 5800
4241 4243
133 136
4934 4937
5897 5900
2206 2209
5774 5778
532 534
2237 2240
5447 5449
1641 1646
4513 4517
5693 5696
459 462
5000 5010
3199 3201
1759 1762
1691 1694
7358 7362
305 307
6191 6195
6999 7003
5522 5525
1215 1219
2187 2191
5580 5584
3286 3289
3695 3698
911 913
5932 5935
1646 1652
3108 3111
4744 4749
1111 1114
5731 5733
5026 5028
1378 1382
6812 6817
5860 5862
2776 2778
1949 1952
1591 1594
6806 6809
4433 4436
6751 6754
4186 4190
3581 3583
1277 1279
6066 6071
3910 3912
780 783
100 103
1189 1191
4116 4119
6300 6305
439 443
5399 5402
7449 7451
3418 3421
1469 1471
3840 3842
6924 6926
3744 3750
3455 3458
1928 1930
3009 3013
5775 5778
4498 4502
6054 6057
2127 2130
5032 5035
1121 1124
4854 4856
5535 5537
2392 2396
982 985
577 579
5724 5726
6300 6305
4519 4521
4964 4968
7066 7068
1152 1155
3084 3088
2442 2444
7442 7444
3229 3232
3648 3650
6648 6650
4472 4477
4898 4904
6466 6468
767 769
2035 2037
7003 7005
5086 5088
6635 6637
6696 6698
6262 6264
3543 3546
3151 3154
649 652
1816 1818
5247 5249
6866 6869
6596 6599
688 691
2502 2508
5504 5507
2271 2273
3543 3547
3487 3489
547 549
48 51
5101 5103
5552 5555
4871 4874
700 702
2495 2499
4355 4358
1621 1623
4651 4654
2748 2751
2338 2342
240 243
1556 1559
2560 2563
7042 7045
3512 3515
1445 1448
6015 6020
4502 4504
6134 6136
2640 2642
1795 1800
1765 1769
3149 3151
964 968
6612 6614
2221 2223
2843 2847
5806 5808
2547 2550
2904 2907
3702 3706
5641 5645
1878 1880
4210 4212
2235 2237
2512 2514
3499 3502
1846 1850
206 208
2864 2866
1953 1957
592 595
2227 2230
2537 2539
5983 5987
474 479
5612 5614
5900 5903
130 133
3342 3344
3868 3870
883 885
6709 6712
4972 4975
2435 2438
6517 6519
142 144
6834 6836
2191 2194
5123 5130
7058 7062
6264 6266
2793 2796
3864 3867
2920 2922
6606 6608
6856 6858
3472 3477
5424 5426
5802 5806
28 33
4353 4355
5705 5712
3934 3938
4233 4237
5919 5922
4589 4591
6688 6691
54 57
5775 5780
3182 3188
101 104
3693 3698
3609 3612
1567 1569
4657 4659
263 265
7456 7458
2035 2037
4177 4179
2882 2885
4472 4477
3884 3886
7425 7427
87 92
5420 5422
6765 6767
7070 7072
2617 2623
6742 6746
6296 6298
298 300
4556 4563
7034 7036
1054 1056
6931 6934
457 459
5708 5712
3766 3768
6323 6327
162 164
1503 1505
6959 6961
715 719
2240 2245
4063 4065
6823 6827
5382 5385
7241 7244
4051 4053
4148 4151
2587 2589
3272 3274
820 829
7313 7318
5594 5596
5795 5797
3268 3270
7104 7109
3979 3981
2504 2508
4269 4273
5155 5158
1771 1777
6497 6502
1981 1985
173 178
7412 7416
3010 3013
4477 4479
408 410
5247 5249
5396 5399
2608 2610
5048 5055
2960 2962
5306 5309
1972 1975
3032 3034
1525 1527
4716 4718
4102 4105
996 999
3316 3320
1124 1127
5850 5855
2967 2969
4406 4411
619 625
3034 3040
6655 6658
325 328
674 677
4373 4376
6330 6334
3579 3581
1018 1021
4155 4157
6984 6986
4926 4932
4279 4282
4989 4991
3557 3560
4721 4728
6691 6694
2499 2501
1821 1823
6978 6983
5955 5958
6749 6752
719 721
5622 5624
7346 7348
1895 1898
1264 1266
2280 2282
3521 3525
1512 1515
7418 7420
3701 3704
2438 2441
430 433
6715 6717
1618 1622
4396 4398
3409 3415
3486 3488
6199 6202
4695 4697
4367 4371
820 829
2375 2378
2297 2301
5860 5863
2453 2456
1182 1185
6911 6914
273 275
5255 5258
1909 1911
5394 5397
2081 2083
5643 5646
2580 2582
2468 2470
2387 2390
7236 7240
359 361
7056 7058
5158 5161
7473 7485
471 474
4087 4091
951 953
4141 4145
3756 3761
2108 2110
6456 6458
1938 1941
4091 4097
1749 1753
5990 5992
5918 5921
6937 6940
7113 7115
6016 6020
6012 6014
541 546
1148 1150
6576 6578
1021 1025
539 541
6327 6329
41 44
4290 4292
5319 5323
5449 5456
3418 3421
4506 4509
3848 3850
5309 5311
358 360
2177 2179
3217 3219
7164 7169
6987 6991
6698 6703
2721 2725
1297 1299
1148 1150
5123 5130
6169 6173
7271 7273
4248 4251
1485 1494
2649 2652
1652 1654
5995 5998
2973 2975
425 428
4398 4403
1572 1577
2390 2392
6323 6327
1025 1028
6470 6473
4991 4993
6153 6155
6946 6950
3580 3582
7381 7383
6024 6027
6589 6591
5985 5990
811 813
845 847
3088 3094
4651 4655
6993 6996
2691 2694
2504 2509
5732 5734
390 392
4092 4097
5611 5613
1892 1895
5509 5514
5636 5639
2334 2338
6300 6305
3477 3484
3919 3921
6115 6118
4169 4172
6066 6071
60 62
5976 5978
3450 3454
3089 3094
3472 3477
7468 7472
411 413
4045 4051
7475 7485
930 934
571 573
972 978
7351 7353
5576 5579
3744 3747
1917 1921
1987 1991
2524 2528
642 644
5730 5732
176 178
1691 1694
961 964
5509 5514
7208 7210
903 907
5270 5275
6119 6121
26 28
4241 4243
3108 3111
5525 5528
5456 5460
5629 5633
3880 3883
2099 2102
4668 4671
6434 6436
7250 7252
2521 2523
2068 2070
4393 4395
530 534
3369 3372
3096 3098
313 319
5149 5152
4715 4718
176 178
3644 3648
4098 4101
3158 3161
3034 3040
919 921
2316 2320
4649 4654
7278 7281
5346 5352
4904 4906
3824 3827
71 74
3573 3575
1851 1853
4890 4893
3379 3383
4053 4056
3281 3283
3229 3231
639 641
2917 2919
3233 3237
2016 2020
5968 5971
5117 5120
7291 7295
147 149
2004 2008
6984 6986
3443 3446
2219 2222
4439 4442
3969 3971
5488 5490
5744 5746
2397 2399
6429 6431
2399 2403
750 752
3125 3128
3359 3363
907 909
5426 5432
2301 2306
2823 2825
2514 2520
248 250
6568 6570
4720 4726
2312 2315
1473 1476
659 662
1631 1636
6806 6809
4480 4484
3390 3392
2108 2110
2312 2315
3416 3421
6797 6800
1878 1881
5304 5306
433 435
899 901
1191 1194
2166 2168
1203 1206
1749 1753
5390 5394
6946 6950
4774 4776
4787 4792
2581 2584
7013 7018
340 342
6968 6974
1427 1429
3734 3737
5270 5273
477 479
7475 7485
3643 3645
4695 4699
7304 7310
5091 5094
3900 3902
2810 2812
5541 5546
5397 5402
2490 2493
125 130
297 299
1947 1949
363 366
2084 2090
3515 3517
7011 7018
2691 2694
3431 3436
6180 6182
6342 6345
3192 3194
4674 4676
2806 2808
4675 4677
5778 5781
151 154
2658 2660
6065 6071
5574 5576
5571 5573
3462 3464
5818 5822
961 964
4065 4069
1140 1144
895 900
7498 7501
3450 3453
5739 5744
3681 3686
880 883
2301 2306
3820 3825
660 663
6781 6785
5871 5874
2673 2676
6037 6039
2084 2090
4182 4185
7005 7007
2800 2804
1689 1694
5675 5680
4744 4746
5437 5440
2491 2494
1785 1788
4283 4287
274 278
411 414
1104 1107
494 497
5961 5964
6548 6550
2266 2269
1469 1472
4721 4726
3743 3747
3838 3840
1498 1501
7322 7325
4805 4808
2800 2806
4676 4678
3627 3630
1567 1571
6707 6709
6414 6417
5080 5085
4105 4108
6342 6345
2127 2129
2256 2258
5708 5712
7456 7458
3871 3875
138 140
443 445
2566 2568
1 7
5299 5301
468 470
2673 2677
5945 5950
6028 6033
2787 2789
2917 2919
1276 1279
3088 3094
4926 4932
741 744
4844 4851
1811 1813
5195 5198
6769 6772
6283 6286
6709 6712
943 946
950 953
6526 6529
1046 1049
1881 1883
1540 1544
7353 7356
1498 1500
164 167
1341 1344
263 266
142 144
4577 4579
5890 5895
4378 4382
5923 5927
6151 6153
3767 3769
5833 5836
4970 4972
2869 2873
2939 2945
6591 6595
1390 1392
5382 5385
5906 5908
4176 4179
4559 4568
4325 4327
662 665
2289 2291
2312 2315
6775 6777
6567 6569
7188 7190
5285 5291
1061 1065
1684 1691
4577 4581
426 429
87 92
5311 5316
6674 6677
1843 1846
2105 2110
538 540
5869 5871
82 84
5415 5417
1515 1518
2843 2847
4549 4556
7191 7193
2374 2377
2966 2968
6004 6008
2925 2927
261 263
6533 6536
3554 3557
1641 1643
1785 1788
1587 1589
2504 2508
3029 3031
2173 2176
1594 1596
6012 6014
907 909
5714 5720
4216 4218
4532 4535
3201 3203
1672 1675
2967 2969
1273 1277
93 95
411 414
4563 4569
293 297
7299 7302
6573 6575
4417 4423
2855 2857
4851 4853
5941 5944
2270 2272
1853 1855
4031 4033
5993 5996
4145 4148
1749 1753
2770 2773
7299 7301
2806 2809
5522 5525
93 96
6473 6477
3902 3908
6578 6581
5573 5576
5016 5018
3501 3503
4439 4442
3648 3650
3154 3160
5182 5185
3289 3293
1830 1832
4804 4806
2020 2023
3096 3098
520 524
34 36
2858 2861
5388 5390
1787 1789
4559 4568
3315 3317
6806 6809
7191 7193
3146 3149
3188 3191
5188 5191
7291 7298
3152 3154
3360 3364
5360 5362
3761 3765
136 138
2194 2198
7295 7299
1099 1101
6363 6365
5358 5360
1422 1425
4192 4196
6330 6333
7250 7252
4442 4445
4916 4918
1087 1089
524 528
1327 1330
5900 5903
2321 2323
5872 5877
5516 5518
2609 2612
4716 4719
7142 7144
6627 6631
3926 3931
4841 4844
4559 4568
7416 7419
2330 2333
4049 4051
4884 4886
1767 1771
4881 4884
5596 5601
652 654
6959 6961
813 816
6978 6983
7399 7401
2562 2564
5968 5970
3392 3395
6846 6848
3047 3050
4057 4061
3235 3237
3294 3296
55 58
3209 3212
6770 6772
2844 2848
3838 3840
3374 3376
3484 3487
5614 5618
1975 1977
3490 3493
7374 7381
7310 7313
1354 1356
5489 5491
847 849
2020 2023
16 18
2858 2861
4436 4438
3863 3867
4389 4391
7152 7158
820 829
6205 6207
2588 2590
5121 5123
6188 6190
6654 6658
4867 4869
3628 3630
5371 5374
5762 5764
957 959
1857 1859
1398 1401
2075 2081
198 200
3909 3911
2323 2327
24 28
4301 4304
4188 4191
3508 3511
4822 4829
549 556
4881 4884
1127 1137
1646 1652
6469 6472
2306 2308
6233 6235
6556 6560
275 279
5114 5119
1756 1758
3753 3756
1566 1569
2426 2429
1771 1773
6579 6581
6987 6991
3973 3975
5357 5359
2878 2881
3232 3235
6718 6721
2528 2530
3950 3953
7042 7045
3442 3446
3870 3873
74 78
3010 3014
4115 4118
7241 7244
2059 2063
6117 6119
890 892
1007 1009
4108 4111
6591 6594
5639 5641
2224 2227
6839 6841
7229 7232
7409 7412
3344 3346
1042 1045
3437 3440
7405 7408
4386 4389
3427 3429
328 333
4547 4549
3943 3947
1763 1767
3214 3217
1137 1139
7122 7124
202 204
1874 1876
3324 3327
2858 2861
6721 6724
6849 6851
3116 3120
3107 3110
6968 6974
1639 1641
2578 2581
6978 6984
2908 2910
853 855
1218 1221
4524 4527
5676 5680
1229 1233
6158 6160
2893 2896
7198 7202
1660 1663
4049 4052
6330 6333
5714 5720
3494 3497
3838 3840
3788 3791
869 872
4648 4651
1932 1934
3811 3813
2541 2545
5653 5658
7437 7439
1907 1911
6490 6492
561 563
2449 2451
4343 4345
353 356
6873 6877
3077 3079
154 157
7137 7141
3525 3532
1159 1163
1438 1442
574 578
4374 4377
5016 5018
6195 6199
2268 2270
6866 6869
2535 2537
1172 1176
3162 3164
5528 5530
3173 3175
3648 3650
87 92
2869 2873
5481 5484
125 130
1589 1592
6119 6122
3733 3737
4524 4527
4455 4460
4439 4445
4342 4344
7091 7094
7337 7339
6880 6884
2310 2312
706 709
6082 6084
6161 6164
5426 5430
5035 5038
4130 4132
4947 4949
5764 5771
4057 4063
4003 4006
5694 5696
3881 3884
674 677
7498 -1
3392 3394
6078 6082
6636 6639
4854 4857
416 420
5698 5701
402 404
5859 5862
2381 2384
3731 3733
2985 2990
5864 5867
2890 2892
6987 6991
7322 7325
3483 3486
4636 4638
2179 2183
4041 4044
2688 2694
3315 3317
5771 5774
5048 5055
2713 2716
6641 6643
5196 5198
5864 5869
3839 3841
6169 6173
1390 1392
6417 6421
6100 6105
3706 3711
6284 6288
6993 6996
2936 2939
3667 3670
4355 4358
6409 6412
2451 2455
3225 3229
6148 6151
1883 1885
7289 7295
7056 7058
1624 1628
6283 6286
5919 5922
1769 1771
4947 4951
4694 4697
6330 6333
6539 6543
7366 7368
5972 5975
6805 6807
278 280
1691 1694
3574 3576
6510 6512
4486 4489
1604 1606
7171 7174
3494 3497
1165 1169
2501 2504
946 948
1646 1652
6210 6213
4639 4641
780 783
6978 6983
6680 6682
1996 1998
1121 1124
5604 5607
6330 6333
1446 1449
2344 2350
6674 6678
1394 1396
322 327
1477 1482
3048 3050
2809 2811
2688 2694
7345 7347
3447 3450
6902 6905
2753 2760
3264 3266
954 957
2937 2944
3277 3280
3793 3795
4148 4151
2858 2862
982 985
2364 2366
1867 1869
3979 3981
4705 4711
5243 5246
541 546
4045 4051
532 535
5807 5810
2766 2770
1377 1381
7468 7472
1212 1214
2617 2623
387 390
5371 5373
1331 1333
3203 3205
71 74
3934 3939
1646 1652
6300 6305
271 273
4305 4309
1067 1070
190 193
3922 3925
4964 4968
3622 3624
6791 6797
6305 6309
2660 2662
4981 4983
2446 2449
2015 2017
2922 2926
1498 1501
340 342
3470 3472
2975 2978
7099 7103
6730 6732
2103 2105
5871 5874
5342 5345
6448 6450
3372 3374
2433 2435
3089 3094
3089 3094
2191 2194
2099 2101
2958 2960
972 978
6195 6201
4082 4084
1977 1979
780 783
320 322
3254 3257
1744 1748
6797 6800
322 327
1881 1883
3407 3409
5479 5481
2875 2878
857 859
6861 6865
2663 2665
7020 7022
5188 5191
4915 4917
1881 1885
5365 5368
566 568
4861 4867
2338 2343
4869 4871
4320 4322
5897 5903
3609 3612
1405 1407
4366 4368
6155 6158
7043 7045
3599 3601
7416 7418
5604 5607
2312 2315
1617 1621
4347 4351
6004 6006
5104 5106
7069 7071
2292 2295
6589 6591
6935 6937
3004 3007
7299 7302
4591 4593
79 81
4027 4032
3515 3517
5867 5870
2854 2857
5389 5393
3547 3549
6601 6604
3560 3562
6125 6130
6279 6281
796 802
2756 2760
1201 1204
6804 6806
3777 3782
2235 2237
835 837
577 579
7469 7472
4092 4097
979 982
2051 2056
6021 6024
2478 2482
2491 2494
2935 2937
4014 4016
6588 6591
3787 3790
1531 1537
6902 6905
1727 1730
3283 3285
2316 2319
4015 4017
3572 3574
1556 1558
6452 6454
5871 5874
2939 2944
1201 1203
3767 3769
4846 4852
3001 3004
120 123
654 658
2269 2271
6683 6688
567 569
997 1000
3425 3427
3211 3214
2214 2217
3850 3853
5449 5456
6957 6959
194 198
6550 6552
5774 5778
510 512
5108 5111
2397 2399
987 990
5426 5430
4924 4926
3454 3458
5633 5635
7389 7391
3418 3422
5457 5461
3805 3808
5775 5778
6538 6540
1485 1489
6410 6412
5846 5850
3919 3921
7142 7144
5758 5760
7172 7176
7252 7254
4627 4630
2691 2694
5074 5077
935 938
7448 7450
5371 5374
5169 5175
1291 1296
4954 4957
5831 5833
312 318
982 984
292 294
2978 2980
457 459
4824 4829
4641 4643
4342 4344
2713 2716
7353 7355
4101 4104
5995 5998
5247 5249
5164 5166
453 455
5667 5670
812 815
4878 4880
1689 1694
3229 3231
1117 1119
6995 6997
632 634
6829 6834
3484 3487
2814 2816
155 158
3296 3298
2987 2991
5207 5209
634 636
841 843
1684 1689
4870 4873
3656 3659
6354 6356
2116 2118
4035 4038
5417 5419
4084 4086
1360 1363
3782 3784
4084 4087
7359 7363
7025 7031
7378 7383
3862 3864
5715 5720
3205 3209
1047 1049
2964 2967
7424 7426
3674 3677
4464 4467
2655 2658
6589 6594
2920 2925
5787 5792
26 33
5026 5028
1489 1494
4176 4179
5226 5229
5082 5085
5877 5879
2913 2916
721 723
5815 5818
611 614
6041 6044
5732 5734
190 193
2176 2178
744 746
6143 6145
1771 1777
5373 5375
1957 1959
1218 1221
4607 4611
98 100
101 104
6623 6626
3004 3007
3078 3080
5375 5380
6991 6993
3542 3546
6145 6148
6643 6646
361 363
4996 4999
44 46
155 157
5494 5497
171 173
680 683
2412 2414
3056 3060
547 549
1969 1972
138 141
2501 2504
1206 1208
3494 3497
5131 5136
516 518
5476 5479
3007 3009
7205 7208
6372 6377
4675 4677
2199 2201
6345 6347
4668 4670
5477 5479
4061 4063
1142 1144
7302 7308
1684 1691
4197 4201
1840 1843
2027 2030
4026 4031
5394 5396
3416 3421
2350 2354
3919 3921
2607 2609
1949 1952
2593 2596
3274 3276
2893 2896
2742 2744
7009 7011
6419 6421
2075 2079
3828 3831
5059 5064
3340 3342
4667 4670
5394 5397
6105 6108
6754 6757
6453 6455
1165 1169
4396 4398
7446 7449
4514 4517
3523 3532
5892 5897
4789 4792
3089 3094
1880 1883
429 433
7001 7003
4718 4720
3734 3739
4859 4861
6579 6581
5119 5121
2415 2418
6051 6054
2691 2695
637 641
1279 1282
4753 4756
5145 5147
3938 3940
6919 6923
6889 6893
7319 7322
5064 5067
2491 2494
5368 5371
2165 2168
1120 1124
5472 5475
5068 5073
7121 7123
3149 3151
2065 2068
2130 2132
1646 1652
6500 6503
6493 6496
4227 4231
869 872
3857 3860
4721 4726
5366 5368
5818 5822
245 247
5334 5336
6215 6217
34 36
180 183
3065 3068
7180 7182
2685 2688
6100 6108
6403 6405
803 805
4092 4097
4904 4907
2634 2636
6500 6502
866 869
5412 5415
67 69
7080 7083
4464 4467
6576 6578
5610 5612
1607 1609
3831 3833
3932 3934
1179 1181
4519 4521
809 811
83 85
1218 1221
7142 7146
7329 7333
539 541
4148 4151
1328 1330
5251 5258
3306 3308
1368 1373
1105 1108
2108 2111
4228 4231
4218 4220
5850 5855
5603 5605
2785 2787
5764 5770
929 934
4983 4985
2392 2397
3140 3146
5701 5705
4992 4994
6182 6185
2075 2079
1812 1815
4340 4342
3154 3158
5521 5525
4105 4108
3825 3828
6257 6261
5235 5240
2247 2250
1222 1224
291 293
5624 5626
1405 1410
2403 2408
6132 6134
4422 4424
1682 1684
2603 2605
3455 3459
1841 1843
1038 1040
4644 4646
643 647
5514 5516
3000 3003
3806 3808
4455 4460
4649 4654
3841 3843
972 978
6974 6977
2173 2177
2277 2280
426 429
5843 5846
137 140
4223 4227
1025 1028
4970 4972
3330 3332
4814 4816
2002 2005
636 639
2161 2164
4926 4933
4398 4401
3728 3731
6650 6654
2703 2707
4256 4265
130 133
7351 7355
6837 6839
6791 6797
3007 3009
2779 2782
1885 1887
4051 4053
2118 2120
2268 2270
552 556
282 285
5264 5266
2995 3000
1267 1273
1337 1339
3421 3423
3580 3582
1991 1994
2969 2972
4428 4430
5094 5096
7287 7289
6181 6185
4368 4372
5850 5855
3259 3261
4166 4169
2682 2684
5752 5754
1843 1845
3465 3467
6243 6245
7275 7281
6161 6163
5048 5057
7181 7183
4472 4477
5302 5304
6066 6071
4806 4811
2937 2939
2603 2607
4452 4455
437 442
3323 3327
200 202
2286 2288
5867 5870
6661 6663
7423 7425
3985 3988
7115 7119
1592 1594
2277 2281
4053 4056
7121 7123
784 786
5409 5411
4366 4368
993 995
4898 4904
20 23
5780 5783
6222 6226
1204 1206
5025 5028
2504 2508
4875 4877
6089 6092
6880 6884
5932 5935
117 119
2071 2073
4668 4670
1465 1468
556 558
256 259
1152 1155
2575 2577
5202 5206
1108 1111
648 650
3317 3320
3421 3423
2818 2820
2547 2550
2051 2056
3447 3450
5908 5910
5823 5826
6986 6991
5815 5818
285 287
2268 2270
1115 1119
5202 5206
4726 4729
6880 6883
7091 7094
4479 4481
1459 1463
1384 1388
2259 2261
252 255
617 619
6894 6896
3296 3298
3635 3638
6906 6909
6885 6888
5074 5077
4573 4575
75 78
3902 3905
3999 4001
4140 4144
6097 6099
5715 5720
5048 5055
6024 6027
2150 2153
2368 2374
6751 6754
6436 6444
3838 3840
167 169
3494 3497
4224 4227
2403 2408
4256 4265
5399 5402
7137 7141
2658 2660
4464 4467
6926 6930
3560 3562
4612 4615
3082 3084
6160 6163
5664 5666
3868 3870
3108 3111
6264 6267
2708 2712
6954 6957
2153 2156
5296 5299
468 470
374 378
6683 6688
6422 6424
7371 7374
7119 7121
4656 4658
7241 7244
28 34
573 577
5399 5402
1373 1376
5346 5352
5961 5964
4269 4273
1825 1827
3901 3905
4795 4797
280 282
2004 2008
4795 4797
4945 4947
6765 6767
51 54
4819 4822
541 546
2478 2482
4504 4506
4406 4411
6952 6954
6517 6519
6581 6586
4881 4884
6210 6213
1040 1042
4504 4508
275 279
1569 1571
4305 4309
1573 1577
3468 3470
5573 5576
2922 2925
1242 1244
257 260
7329 7333
5580 5585
5059 5063
4464 4467
5900 5903
3307 3309
2237 2240
6085 6087
6717 6721
4976 4979
820 829
3905 3908
4256 4265
3016 3018
5185 5188
3692 3695
7034 7036
4141 4145
2301 2306
2864 2869
6699 6703
5026 5028
7291 7298
1483 1485
2378 2380
6039 6041
4124 4126
6410 6412
3706 3711
4368 4371
6946 6950
7104 7108
5201 5204
5319 5321
5640 5643
1373 1376
3603 3606
6946 6949
7299 7301
6288 6290
2550 2552
3333 3335
6199 6202
1438 1443
1224 1226
5175 5177
3664 3667
2878 2882
4141 4144
2056 2059
3969 3971
1636 1638
7087 7090
2708 2712
3223 3229
4355 4358
3922 3924
6072 6077
7281 7287
1042 1045
5563 5565
5855 5858
820 829
5746 5752
4547 4549
187 189
5643 5646
780 783
5764 5770
4246 4251
462 466
2210 2214
7238 7241
574 578
3731 3734
4556 4559
1960 1962
4764 4766
849 852
4668 4671
4256 4265
3289 3293
2037 2039
6742 6746
1911 1913
522 527
3402 3406
721 723
2060 2064
2820 2823
1694 1699
1646 1652
4477 4479
4092 4097
1756 1758
4541 4544
4777 4779
5525 5528
6323 6327
7176 7180
1587 1589
3217 3219
5628 5631
4514 4517
5382 5385
3581 3583
2589 2593
1432 1434
5468 5470
4256 4265
1665 1669
6455 6457
4559 4563
3777 3783
5059 5064
6274 6276
6021 6024
5897 5903
4045 4049
2992 2995
818 820
6726 6728
6199 6202
5726 5729
439 442
2685 2687
5912 5915
5952 5954
1061 1067
80 82
4503 4506
1883 1885
2733 2736
2685 2687
5394 5397
2116 2118
485 489
832 834
7162 7164
2885 2889
7281 7287
2736 2742
451 453
360 362
4253 4256
4251 4253
6394 6396
3293 3295
4379 4382
6946 6950
4049 4052
5364 5366
3775 3777
3885 3892
3475 3477
1998 2001
3924 3926
257 259
4227 4231
119 122
2720 2722
3602 3605
6587 6589
2273 2277
3081 3083
1318 1320
3728 3731
2987 2991
55 58
6924 6926
5672 5674
4705 4711
4063 4067
4112 4116
5931 5934
5661 5663
6125 6130
348 354
7007 7009
7449 7451
5059 5064
6092 6094
3886 3892
5185 5188
6239 6242
2001 2004
5306 5309
1489 1495
1947 1949
3174 3176
3777 3782
3369 3372
4852 4854
125 131
1816 1818
798 803
6809 6812
5412 5415
131 135
715 719
3400 3406
4559 4563
4894 4898
3329 3331
4630 4633
4738 4740
2826 2829
1057 1061
1266 1268
2524 2527
7347 7349
3063 3065
1969 1972
3926 3928
2410 2412
1368 1373
2005 2008
685 687
7364 7366
2898 2900
2147 2149
7475 7485
2392 2396
3235 3237
267 271
5479 5481
57 59
6322 6327
3734 3739
1573 1577
7350 7353
3300 3303
3270 3274
4530 4532
1422 1426
3488 3490
7363 7365
6473 6475
2950 2952
6482 6484
1977 1979
87 92
2792 2796
5101 5104
1108 1110
3022 3029
404 406
7246 7248
7319 7322
5437 5440
5262 5265
2578 2580
4032 4035
6065 6071
3352 3354
6245 6247
4316 4319
4630 4634
2502 2508
3984 3986
2936 2939
4221 4223
1336 1338
4196 4201
6669 6672
2563 2566
6347 6349
7191 7193
7033 7035
3801 3804
3376 3379
6039 6041
4368 4371
6703 6705
6693 6695
4925 4932
546 548
2211 2217
1622 1624
2134 2136
3744 3747
655 658
2397 2403
2816 2818
3731 3734
3352 3355
5504 5507
50 54
7487 7492
584 586
399 401
6914 6916
6372 6378
3394 3396
252 255
5787 5792
397 399
4571 4573
1925 1928
880 883
3925 3928
4571 4573
691 693
3706 3711
4768 4771
4401 4403
5601 5603
4888 4893
2914 2917
3121 3128
3266 3268
5937 5939
1127 1136
6226 6230
1732 1736
5651 5653
4378 4382
5285 5291
2623 2625
705 708
1342 1344
5410 5412
3020 3029
5417 5419
1059 1065
5064 5067
6188 6190
2002 2004
4477 4480
5643 5646
2316 2319
462 465
4042 4045
1105 1107
2271 2273
3900 3902
5945 5949
1378 1381
4125 4130
1893 1896
3998 4001
1672 1675
3494 3499
6177 6179
5504 5509
2866 2869
7164 7168
7369 7374
3374 3376
5590 5595
5646 5649
3543 3546
6508 6510
1138 1140
5675 5680
6718 6722
634 636
4990 4992
2284 2286
4541 4544
1065 1069
5147 5149
4749 4751
5313 5318
7487 7492
1057 1061
3521 3525
411 413
2616 2618
2116 2118
5509 5514
5273 5275
6906 6909
5477 5481
5235 5240
7038 7041
1434 1437
3412 3416
5331 5335
1732 1736
3958 3960
3568 3572
625 627
1353 1355
4105 4107
1878 1881
5877 5879
7339 7341
985 987
935 940
2026 2030
6163 6165
6410 6412
6889 6894
2375 2377
7313 7318
7233 7236
2987 2990
3868 3871
6829 6834
2951 2953
4656 4658
5270 5273
726 728
4844 4846
361 363
1715 1717
4021 4024
1958 1960
4806 4808
3915 3917
6021 6024
4156 4159
6765 6768
1629 1631
5676 5680
6956 6958
6041 6045
5843 5846
7048 7050
1547 1550
836 838
1643 1646
6100 6105
7164 7169
3713 3717
2722 2725
5950 5952
5048 5055
5691 5694
1175 1179
1165 1169
5812 5814
7038 7041
5243 5246
1891 1893
2035 2037
6297 6300
3338 3340
5481 5485
6429 6431
1383 1386
7431 7434
4693 4695
3397 3400
6964 6968
5780 5783
1485 1494
6665 6667
7062 7064
2042 2044
1485 1489
6166 6169
6987 6992
7465 7468
6574 6576
5571 5573
4405 4411
5270 5273
6098 6100
374 376
4361 4364
4800 4802
2823 2825
437 439
967 969
474 479
6817 6820
2247 2250
4897 4904
260 262
4656 4658
4112 4116
263 266
5162 5165
1969 1972
2250 2253
7304 7308
1279 1282
6253 6257
6742 6745
4343 4345
6199 6202
2753 2760
7104 7109
4392 4394
1804 1806
5932 5934
6658 6661
1138 1140
507 509
6809 6811
5311 5316
767 771
3450 3454
7487 7492
3198 3200
1105 1107
101 104
2793 2796
4338 4340
5476 5479
4586 4589
4641 4644
4112 4115
3097 3100
5048 5055
880 882
2275 2280
3221 3223
228 231
2321 2323
84 86
4412 4415
3317 3320
5155 5160
5336 5341
6351 6354
3315 3317
4662 4668
4506 4509
6651 6655
2399 2403
288 292
3675 3677
1262 1264
2269 2271
872 876
6220 6222
6051 6053
3490 3493
1925 1929
5436 5440
2035 2037
3521 3525
6540 6543
6089 6092
125 130
5270 5273
4269 4274
1762 1765
1088 1092
369 373
1887 1890
3949 3951
4559 4563
7050 7054
2069 2071
7278 7281
3374 3376
184 187
5890 5895
4343 4345
2204 2208
3003 3005
7150 7152
1067 1070
2786 2788
1936 1938
2848 2853
895 900
6807 6809
3573 3575
1857 1859
6817 6820
4055 4057
5371 5374
4166 4170
6510 6512
4118 4122
1554 1558
5426 5430
5528 5530
2156 2158
1265 1267
243 245
6199 6201
4361 4364
87 92
3920 3922
2616 2618
3785 3787
1308 1311
5603 5605
2399 2403
6033 6037
5874 5877
702 705
2516 2520
6021 6024
3883 3885
3041 3043
491 494
2934 2936
4756 4759
1715 1718
5826 5828
2374 2377
6919 6921
1323 1326
302 304
677 680
7067 7069
859 861
3066 3068
6519 6521
1391 1393
3507 3509
3041 3044
5193 5195
42 44
7355 7358
5422 5424
2844 2847
313 318
6454 6456
1618 1622
462 466
2113 2116
2375 2377
3146 3149
4693 4695
2104 2108
1416 1422
5172 5176
6121 6123
5651 5653
1818 1820
7262 7264
6704 6706
2630 2633
722 724
3857 3860
5934 5936
7469 7473
6802 6804
3005 3008
1345 1348
7050 7054
2262 2266
1302 1305
2308 2312
3402 3406
5198 5200
6812 6817
3299 3301
935 940
4898 4904
2839 2843
1824 1827
2221 2223
2889 2891
4126 4130
5778 5780
767 769
3355 3357
2224 2230
1573 1577
5043 5048
6523 6525
3056 3060
3237 3241
5504 5507
4513 4517
2051 2054
4207 4209
3022 3029
2151 2155
7111 7115
4754 4757
6215 6217
522 524
2746 2748
700 702
674 677
1176 1180
5611 5613
6757 6761
2298 2301
3335 3338
5752 5754
7058 7062
4023 4025
6092 6094
847 849
6734 6738
3835 3838
1582 1585
1277 1282
3295 3297
6786 6790
3056 3060
1643 1646
2664 2666
6063 6065
4141 4145
3209 3212
6906 6909
566 568
6378 6382
6873 6877
6805 6807
2716 2719
6500 6502
4448 4450
1303 1305
5364 5366
3392 3395
2159 2161
1529 1531
2390 2392
6536 6539
4757 4759
3884 3886
4834 4836
6791 6800
3986 3990
3296 3298
2308 2312
3071 3074
1301 1303
4916 4918
3548 3550
3423 3427
3463 3465
2424 2426
55 58
1210 1212
2346 2350
7025 7031
1785 1788
5063 5066
4743 4746
7339 7341
2729 2731
2697 2701
1031 1036
598 603
195 198
2361 2364
7362 7364
4646 4648
1416 1422
328 333
3266 3268
2194 2199
1699 1701
5299 5301
1127 1136
4619 4621
2368 2374
5983 5987
6905 6908
4481 4485
3104 3106
5456 5460
2885 2888
7430 7432
20 23
3970 3973
1191 1194
875 879
234 236
5342 5345
4659 4661
6124 6127
1760 1763
5607 5609
5044 5048
4433 4436
934 938
1664 1667
687 690
10 13
5204 5206
7001 7005
430 433
4253 4256
6148 6153
2187 2191
7340 7342
4453 4460
1763 1765
4492 4495
7318 7321
6231 6233
1456 1458
5100 5103
2521 2524
6015 6020
6473 6475
3134 3137
2426 2429
2732 2735
1430 1432
886 888
7109 7111
4430 4433
4866 4868
4197 4201
313 318
7048 7050
6964 6968
6251 6253
2703 2708
5165 5167
4098 4101
2464 2467
4355 4358
2602 2605
5230 5233
5470 5472
2753 2760
5447 5449
4960 4962
3750 3752
5675 5680
2876 2881
124 130
95 97
1021 1025
7131 7135
437 439
3832 3834
3536 3539
1969 1972
2453 2455
2974 2978
1163 1169
3777 3782
3535 3539
1127 1136
2124 2127
4662 4667
5461 5463
2431 2433
5645 5647
5978 5982
1451 1456
155 158
3320 3323
62 65
5240 5242
4563 4568
4582 4586
1715 1718
4878 4880
1365 1368
5487 5489
6646 6648
1021 1025
3787 3790
281 285
7338 7340
5364 5366
1684 1689
97 99
2219 2221
666 669
3825 3827
3587 3589
1914 1916
1144 1148
1140 1142
2330 2333
6709 6712
1038 1040
5990 5992
4283 4287
1631 1635
2132 2134
168 171
1218 1221
4906 4910
1923 1928
306 308
449 451
16 18
3215 3217
1846 1850
3968 3970
6237 6239
3022 3029
1531 1535
3863 3867
2375 2378
5449 5455
3787 3790
5746 5752
6092 6094
3908 3910
3400 3402
2330 2333
4641 4644
6964 6968
1811 1813
1556 1558
2397 2399
6777 6779
772 775
2609 2612
4104 4107
541 546
6999 7003
2438 2441
7113 7115
4313 4315
5628 5631
439 443
1550 1552
3162 3165
5303 5305
2150 2153
5441 5444
5058 5063
4646 4648
1251 1255
1667 1670
4237 4241
4934 4939
3494 3499
5910 5913
577 579
1103 1105
1542 1546
1694 1698
4361 4365
6782 6785
3259 3262
183 187
1643 1646
7333 7335
6191 6195
4705 4711
4256 4265
4088 4091
798 802
1255 1258
4450 4453
6543 6546
901 903
1535 1538
2685 2687
4782 4784
1296 1298
3357 3359
546 548
292 294
3562 3565
4750 4753
7358 7362
1744 1748
1288 1291
1061 1065
1857 1860
3248 3251
3728 3731
2350 2353
4871 4874
6058 6060
1221 1224
4045 4049
7451 7453
4119 4122
890 892
701 705
5200 5202
6822 6827
2613 2617
1762 1765
6747 6751
7487 7492
4952 4954
4989 4991
7498 7501
1092 1094
5097 5100
3007 3009
958 961
4379 4382
4867 4869
3220 3223
6292 6295
3641 3644
5836 5841
4939 4941
3494 3497
2516 2520
2831 2834
2387 2389
962 964
6968 6974
5000 5009
6818 6821
1558 1560
6084 6087
1607 1610
2669 2671
6205 6207
6108 6111
5590 5594
4712 4714
3836 3839
6951 6954
7501 -1
2217 2221
2975 2978
1330 1332
3645 3649
5972 5976
2553 2558
5584 5586
538 540
6514 6516
2656 2659
233 236
3934 3939
855 859
7435 7438
2688 2694
4368 4372
4705 4711
4325 4327
6251 6253
2114 2117
3447 3450
5665 5667
232 234
607 611
1124 1136
303 305
5260 5262
659 662
2605 2607
1629 1635
5218 5221
5590 5594
1592 1594
3727 3731
3075 3078
872 875
3820 3824
1165 1169
240 243
5457 5460
6776 6779
633 635
206 208
2847 2853
2962 2964
1582 1585
1262 1264
5373 5375
2553 2557
1405 1407
1673 1675
4009 4012
4126 4130
2725 2728
6367 6369
2822 2825
780 783
5326 5328
4148 4155
5405 5409
178 183
3672 3674
6581 6583
3747 3750
1936 1938
5108 5111
6812 6818
3219 3221
4744 4746
1959 1961
7362 7364
4366 4368
1290 1296
7363 7365
2459 2463
1042 1045
5823 5826
2426 2429
2797 2800
1567 1571
1194 1198
1138 1140
4636 4639
2862 2864
5890 5892
2110 2113
4305 4310
1076 1078
728 733
4832 4835
4176 4179
3623 3625
6137 6143
251 255
5048 5055
6791 6797
1432 1434
5323 5326
6389 6393
1940 1942
494 496
4132 4137
5449 5455
847 849
4658 4661
6655 6658
5620 5622
3731 3733
6398 6400
5269 5273
176 180
387 391
6956 6958
3441 3443
1930 1932
7438 7442
404 406
6626 6630
4861 4866
6262 6266
7032 7034
6742 6745
4735 4738
4442 4447
2532 2534
5682 5685
2283 2286
6000 6002
6234 6237
2524 2527
422 426
24 28
6398 6400
4088 4092
1438 1442
7066 7068
6466 6468
6599 6601
7241 7246
1199 1203
4484 4486
1763 1767
6586 6588
6828 6834
1434 1437
6721 6724
5339 5341
1782 1785
1684 1691
1442 1445
6791 6797
4594 4596
1025 1027
4124 4126
5114 5117
2876 2878
2939 2944
1317 1319
5715 5720
4577 4581
3689 3691
2643 2645
6996 6999
2999 3001
6605 6607
7131 7135
1684 1689
406 408
3912 3914
1881 1885
6943 6946
3441 3443
3182 3188
7183 7186
1360 1363
353 356
6961 6963
5028 5032
6274 6276
4721 4726
6791 6797
1611 1613
7250 7252
4741 4743
3747 3750
7412 7416
734 737
6905 6908
3472 3477
5955 5958
3782 3784
2476 2478
1395 1397
4720 4726
3043 3045
4450 4452
386 390
4057 4063
7262 7264
7241 7244
3050 3055
1384 1388
2995 2999
6579 6581
5590 5594
3671 3673
6482 6484
1185 1189
784 786
2450 2453
1891 1893
951 953
561 563
1308 1310
3418 3421
5874 5877
6340 6345
7164 7168
5746 5752
6952 6956
4947 4951
2237 2245
5620 5622
4227 4231
4417 4422
7439 7444
3846 3849
1653 1655
3721 3726
6322 6327
1960 1962
6021 6024
5890 5895
5169 5172
2558 2560
1896 1899
2735 2742
1654 1656
7211 7213
3400 3406
1890 1892
606 610
468 471
1451 1456
4119 4122
5476 5479
5162 5164
4102 4105
2922 2925
6357 6360
2540 2545
4780 4783
527 530
3152 3154
6716 6718
2380 2384
1531 1535
691 696
346 348
2399 2403
5915 5917
1094 1097
1806 1808
187 189
1663 1665
5494 5496
347 353
374 376
5740 5746
6620 6622
6351 6354
6791 6797
484 486
195 199
4327 4330
4092 4097
7427 7430
5114 5119
7425 7427
4740 4742
4353 4357
1089 1092
6533 6536
5183 5185
3824 3827
4269 4274
7003 7005
4157 4160
1268 1273
7199 7204
5149 5152
3140 3146
1230 1234
1837 1839
4035 4038
3212 3214
845 849
990 992
2346 2353
3455 3459
4996 4999
1925 1929
644 647
4328 4331
5580 5584
7050 7054
6539 6543
7019 7021
3154 3158
604 606
5993 5996
3900 3902
5978 5982
4398 4401
2321 2323
66 68
6348 6351
3046 3048
1740 1742
4480 4484
7387 7390
4202 4206
5430 5432
4383 4386
6902 6905
5363 5365
7409 7412
7135 7137
6071 6076
4009 4012
2981 2984
2576 2578
3963 3967
7058 7062
2876 2878
6747 6751
3999 4001
38 40
1386 1389
4636 4639
87 92
2444 2446
3154 3158
3299 3301
4265 4268
2697 2701
4655 4657
3354 3356
5399 5402
1837 1839
4042 4044
5619 5622
2806 2809
7428 7430
3289 3293
633 635
568 570
4361 4365
820 829
7236 7238
4990 4992
6705 6707
6242 6244
5285 5291
2991 2994
468 470
6009 6012
991 993
3121 3125
2158 2161
5831 5835
2023 2025
845 849
6631 6634
7130 7133
2510 2512
652 655
6964 6968
2960 2962
155 157
1495 1497
6425 6428
1856 1859
1892 1895
647 649
3603 3606
3035 3040
3679 3683
6383 6387
3594 3596
2537 2539
280 282
2688 2691
3453 3455
5048 5055
515 518
6340 6345
6493 6496
5552 5554
4705 4711
6335 6337
119 122
4577 4579
3578 3580
2468 2471
3454 3458
3820 3824
5415 5417
4002 4004
5399 5402
3587 3589
1711 1715
3849 3852
6137 6143
6057 6059
724 726
483 485
6823 6827
5819 5823
4116 4118
5746 5752
6193 6199
1101 1103
956 958
2377 2379
4455 4460
982 984
6161 6163
6356 6358
3713 3717
6839 6841
3427 3429
4358 4360
3215 3217
4137 4140
426 429
868 872
2881 2885
292 294
7387 7390
668 671
2534 2536
7091 7093
426 428
2068 2070
6674 6677
3575 3577
451 453
5374 5378
5097 5101
2854 2857
5166 5169
1906 1909
2504 2508
4524 4527
5801 5806
1883 1885
2582 2584
1111 1114
3702 3706
2625 2628
7281 7287
5346 5352
3517 3519
617 619
6984 6987
596 598
4177 4179
396 399
1028 1033
4726 4728
86 92
2338 2342
6924 6926
6136 6143
2645 2648
2312 2315
6556 6560
3317 3323
7110 7113
2488 2491
5291 5296
5228 5230
1283 1285
2040 2042
4513 4517
3009 3013
2539 2541
4107 4111
583 585
5968 5970
7337 7339
7401 7404
4582 4586
7199 7202
683 685
59 61
1866 1868
5111 5114
3372 3374
6151 6153
1656 1660
2524 2527
7434 7437
3691 3693
4824 4829
6770 6773
3241 3246
635 637
1 7
3884 3886
2355 2358
2815 2817
5639 5641
99 101
7374 7378
5996 5998
5956 5958
5651 5653
6097 6099
2768 2770
2564 2566
2673 2676
5872 5874
6087 6089
5359 5361
1222 1224
611 614
6208 6210
7475 7487
4031 4033
7400 7404
6485 6488
1201 1203
7341 7343
7313 7318
6921 6924
7407 7409
3622 3624
6174 6176
4480 4484
4994 4996
3660 3663
4897 4904
4327 4330
4464 4467
3484 3487
1987 1991
1711 1713
1389 1391
3151 3154
4822 4824
3507 3509
221 224
4697 4699
3820 3824
4067 4070
220 222
7466 7469
169 172
198 200
1639 1641
7229 7232
1206 1208
6053 6057
1821 1823
4527 4529
2709 2712
7453 7456
6769 6772
503 506
3734 3737
762 767
700 702
4203 4207
1405 1407
3521 3525
6021 6027
677 680
1542 1544
2971 2973
5082 5085
2839 2843
4721 4728
762 766
5433 5437
3517 3519
4842 4844
6829 6835
3862 3864
1901 1903
1105 1107
3229 3232
598 603
6028 6033
7229 7232
3387 3389
2914 2916
5991 5993
3543 3547
6436 6444
2679 2681
5089 5092
2056 2059
2399 2403
6956 6958
3114 3116
6047 6050
1720 1724
2707 2709
2981 2985
5490 5492
4301 4303
6579 6583
1749 1753
1728 1730
1214 1218
1925 1928
462 465
1900 1903
7414 7418
4774 4776
1327 1330
5732 5734
941 943
5117 5119
2206 2209
1701 1705
7045 7048
5631 5633
4210 4212
6283 6286
42 44
1273 1277
1660 1663
2670 2673
4398 4401
1800 1804
252 256
5785 5787
1512 1515
951 954
4021 4023
876 879
1340 1342
5860 5863
2368 2374
2459 2463
2346 2350
5306 5311
3540 3543
6839 6842
1783 1785
4546 4548
2426 2429
2484 2488
5235 5242
2992 2995
992 995
4025 4027
4668 4671
1018 1021
3197 3199
1204 1208
2570 2572
3031 3034
4305 4309
5807 5810
636 639
6639 6641
5209 5212
7164 7168
4776 4778
6202 6204
1360 1363
2838 2843
1258 1262
6475 6477
5044 5048
7202 7205
7208 7210
5285 5291
4175 4177
122 124
5892 5897
7475 7485
1749 1753
4092 4097
6148 6151
688 690
5674 5676
416 420
4926 4932
6169 6173
1861 1863
4946 4949
1554 1556
3022 3029
4695 4699
4379 4383
6894 6896
3237 3241
144 147
1916 1919
1880 1883
1684 1689
1909 1911
5825 5828
5259 5261
393 396
539 541
5565 5568
1323 1326
588 592
988 990
2600 2603
1832 1835
1857 1860
5715 5720
3825 3827
6954 6957
6533 6536
5296 5300
619 625
3146 3149
2549 2552
5504 5509
1520 1523
4949 4951
6105 6108
7241 7246
6607 6610
7158 7162
894 899
1111 1115
3043 3045
5313 5316
4351 4355
3139 3146
4853 4856
2153 2156
844 847
1434 1438
7466 7469
6264 6266
3553 3557
2353 2355
5704 5708
6665 6668
2476 2478
2618 2623
6861 6865
3988 3990
4359 4361
1892 1895
3289 3294
1791 1793
5664 5666
5092 5094
1592 1594
4721 4726
2744 2748
6108 6110
3182 3188
252 255
3218 3220
2844 2847
6846 6848
4806 4811
1756 1758
7083 7087
4082 4084
3728 3731
7194 7196
2030 2032
2730 2732
1617 1621
2640 2643
4676 4678
5233 5235
793 798
636 639
1878 1881
2166 2168
5089 5092
3261 3264
3283 3286
1353 1355
3574 3576
4503 4506
1795 1800
1219 1222
7335 7337
3197 3199
2654 2656
7374 7378
1916 1919
6683 6688
5580 5584
876 879
5089 5092
397 400
723 726
4703 4705
5619 5622
3262 3264
1086 1088
2308 2312
4455 4461
7045 7048
4087 4091
1445 1448
6885 6888
672 677
5810 5812
5673 5675
3679 3683
3595 3597
6665 6668
762 767
583 585
762 766
2051 2056
1050 1052
3154 3158
6284 6288
857 859
3272 3274
7259 7262
4506 4509
3744 3747
2070 2073
3191 3193
6361 6363
1285 1287
273 275
3022 3029
4659 4662
203 205
7278 7281
5145 5147
5437 5441
6176 6178
6426 6429
1416 1425
4595 4598
841 843
3387 3389
3892 3895
1121 1124
836 838
1950 1953
1643 1646
1505 1507
282 286
6873 6877
334 337
367 369
686 688
4861 4866
3280 3282
4721 4726
954 957
3014 3018
5440 5444
2042 2044
3791 3793
3446 3450
5860 5863
195 199
1251 1256
3609 3612
518 520
46 48
4033 4035
1378 1381
7144 7147
2784 2786
5494 5496
1967 1969
3408 3412
5732 5734
2217 2221
4438 4442
1778 1780
6072 6077
1592 1595
2516 2520
4347 4353
4394 4396
7238 7241
6883 6885
2151 2155
654 658
5633 5636
6094 6096
754 756
5209 5212
6651 6655
6601 6605
1065 1067
2227 2230
3440 3442
474 477
5296 5299
6829 6834
1215 1218
5270 5273
4799 4802
7115 7119
541 546
4092 4097
188 190
2346 2350
1571 1573
4582 4584
6298 6300
6405 6407
485 489
6790 6797
1679 1682
2882 2885
2697 2701
5386 5389
1763 1765
2714 2718
5457 5461
5326 5328
5888 5892
251 255
6340 6345
3259 3262
943 946
2247 2250
2172 2176
1183 1186
1673 1676
3182 3190
2911 2913
236 240
3166 3173
552 556
195 198
5250 5255
6247 6249
5131 5136
2992 2994
3750 3752
671 674
2235 2240
2415 2417
1969 1972
4979 4981
6544 6547
449 451
7054 7056
4033 4035
3056 3060
5571 5573
5850 5855
2844 2847
1376 1378
4287 4289
7115 7119
2673 2676
5327 5329
820 829
2361 2364
2578 2580
4918 4921
7087 7091
681 685
804 806
2949 2951
6470 6472
5070 5073
1569 1571
2908 2911
3560 3562
2827 2829
6655 6658
2294 2297
1969 1974
6663 6667
169 171
5925 5927
6777 6781
2770 2773
2920 2922
6812 6817
1975 1977
3214 3217
4510 4512
5055 5058
3010 3014
7295 7298
4196 4201
1204 1208
6532 6534
3436 3438
3931 3933
2866 2869
199 201
437 439
4083 4086
3924 3926
4116 4118
1127 1136
1582 1586
397 399
4197 4201
7301 7304
1045 1047
4697 4700
6395 6397
3494 3497
379 381
3953 3955
4875 4877
6496 6500
4784 4787
5850 5855
5481 5484
6878 6880
5390 5394
6536 6538
1319 1321
820 829
342 345
6646 6648
328 334
2438 2442
1947 1949
1855 1857
434 436
1234 1238
4925 4932
1969 1972
5230 5233
4768 4771
2005 2008
1127 1136
3162 3164
1773 1777
5962 5964
3797 3801
6160 6163
1268 1273
1715 1717
3691 3693
5715 5720
6643 6646
2702 2707
2284 2287
5693 5696
4673 4675
2855 2858
4772 4774
1985 1987
3525 3533
5299 5301
4646 4648
2975 2978
6414 6417
6132 6134
1531 1535
5563 5565
3134 3137
4118 4122
7421 7423
628 632
414 416
3352 3354
3593 3595
4893 4897
1336 1338
6651 6655
2255 2258
5888 5890
1311 1314
4897 4904
4846 4851
7069 7071
2939 2944
4254 4265
4746 4749
7137 7142
2168 2170
4577 4579
222 224
4253 4256
2145 2148
7190 7193
1665 1667
1564 1566
1450 1456
930 934
2571 2573
5516 5518
5688 5691
58 60
3429 3431
2721 2725
6062 6064
5985 5990
3081 3083
4714 4716
3509 3511
2418 2420
4693 4695
6889 6893
1268 1273
3543 3546
39 41
4773 4775
7374 7378
2789 2791
5092 5096
1663 1665
497 499
4811 4814
6348 6351
677 680
1115 1117
5773 5775
5697 5701
5715 5720
6631 6633
3131 3134
2683 2685
4292 4296
4521 4523
6232 6234
3257 3259
4529 4532
5073 5077
6342 6345
4926 4932
7126 7128
6517 6520
6273 6275
6028 6033
7025 7031
2024 2026
4273 4275
3591 3594
4981 4985
1215 1218
2800 2804
2042 2045
3623 3625
2040 2042
6843 6845
4539 4543
3070 3073
1972 1974
1994 1997
2716 2718
413 416
2906 2908
1182 1185
4498 4502
7420 7422
806 808
1248 1250
7129 7131
4768 4771
1246 1249
6201 6204
6342 6346
7188 7190
1039 1041
6436 6444
5440 5444
7289 7295
3254 3257
3110 3113
930 934
4197 4201
4283 4289
169 172
1489 1495
2912 2914
762 766
1861 1863
5509 5514
2702 2707
3211 3214
1785 1787
3898 3901
1691 1694
1350 1354
2541 2545
530 532
875 879
2217 2219
6718 6722
1299 1301
4686 4688
3957 3959
4207 4209
5545 5547
5445 5447
2504 2508
2858 2862
1944 1947
5481 5484
4691 4694
5846 5855
3070 3073
491 494
4988 4990
6619 6621
4194 4197
2219 2222
7217 7221
4337 4340
3447 3453
7359 7363
4304 4309
7113 7119
2806 2808
4453 4460
443 445
5509 5514
2418 2420
5560 5563
2001 2004
87 93
5846 5855
528 532
6849 6851
248 251
4503 4506
3169 3173
3947 3949
3886 3892
3455 3458
2529 2531
6458 6460
477 479
2516 2520
7289 7295
1368 1376
5267 5269
2673 2676
1669 1672
378 381
39 41
4112 4115
1887 1891
1987 1991
1451 1456
1851 1854
1795 1800
6164 6166
1268 1273
4453 4460
2823 2826
5586 5594
3463 3465
3472 3475
7269 7273
5781 5784
5507 5509
4607 4611
374 378
1837 1839
1213 1215
6479 6481
4452 4455
4491 4495
5800 5802
5732 5734
5226 5228
4549 4556
5169 5172
2139 2141
1546 1548
820 829
1921 1923
294 297
5255 5258
3359 3363
4636 4638
1204 1208
7421 7423
5784 5786
2170 2173
3593 3595
751 753
6823 6827
876 880
3713 3717
4412 4417
492 494
1273 1276
2582 2585
5525 5528
5705 5708
1691 1698
1646 1652
6636 6639
4536 4538
4371 4373
164 167
5035 5038
5228 5230
832 835
861 866
3376 3379
3394 3396
5740 5744
7207 7210
4806 4811
5819 5823
7336 7338
1199 1203
6148 6153
5978 5982
2399 2403
1663 1665
1248 1250
1360 1363
1142 1147
1969 1974
6643 6646
7048 7050
1368 1373
2876 2881
951 954
2820 2823
3103 3105
313 318
6987 6991
984 986
615 617
4922 4924
3089 3094
3634 3638
6108 6110
6514 6517
6935 6937
1120 1124
6205 6208
3462 3464
6151 6153
876 879
5746 5752
5956 5960
4241 4243
6354 6356
2708 2712
1760 1762
2266 2269
2934 2936
4563 4568
1359 1362
376 378
7330 7333
2864 2866
7475 7485
1477 1482
4251 4254
4539 4543
1010 1012
5291 5296
6615 6617
107 111
4980 4983
6968 6974
4183 4185
1790 1792
6637 6641
5114 5117
3653 3655
5509 5514
10 13
513 515
7325 7327
370 373
4040 4042
6661 6663
7108 7110
2330 2333
2838 2843
6889 6893
7358 7362
6340 6345
6163 6165
6861 6865
3777 3783
107 111
4511 4513
1679 1681
644 647
4294 4298
5683 5685
5872 5877
1941 1943
1981 1985
2640 2642
6739 6745
2422 2425
257 260
6300 6305
2084 2090
916 918
6182 6185
7150 7152
3188 3191
1715 1717
6269 6271
3209 3212
2514 2516
1515 1518
2283 2286
2656 2659
3082 3084
7097 7099
5019 5024
3978 3980
3241 3247
1338 1340
6166 6173
4403 4405
3229 3231
4607 4611
2831 2833
3395 3397
410 413
466 468
5764 5770
655 658
4462 4464
2509 2511
3895 3898
6148 6151
7111 7113
4861 4866
2149 2151
6931 6933
51 54
2524 2527
4070 4074
2170 2173
2470 2472
1115 1119
7275 7281
4313 4316
4898 4904
4563 4569
6253 6257
541 546
143 146
3431 3436
481 483
103 105
4819 4822
5421 5423
1298 1301
6770 6772
7023 7025
4719 4721
180 184
3140 3146
3348 3352
4004 4007
619 625
2958 2961
3194 3196
7423 7425
4053 4055
6952 6956
3934 3938
5240 5242
2056 2060
1538 1540
5715 5720
5258 5260
3022 3029
113 115
1972 1975
895 899
3881 3884
7304 7308
7119 7121
6456 6458
4962 4964
4065 4067
5048 5057
650 652
3960 3962
6866 6869
710 713
539 541
2159 2161
3225 3229
890 893
1004 1006
3635 3638
6436 6444
3200 3202
6765 6768
3726 3728
660 662
2854 2857
1154 1157
2776 2778
2099 2102
2580 2582
7158 7162
1291 1297
3070 3073
123 125
1354 1356
2419 2422
6543 6546
4953 4955
6210 6213
5535 5539
4937 4939
4544 4546
2219 2222
5032 5035
556 558
5346 5353
2736 2744
1795 1800
3324 3327
3274 3276
4070 4074
5874 5877
6235 6239
291 293
4203 4207
1881 1885
3080 3082
2903 2906
7453 7457
1891 1893
6964 6974
4116 4119
1623 1627
5048 5055
1041 1045
6047 6050
2301 2306
443 445
3875 3878
3342 3344
2510 2512
257 259
4980 4983
2284 2287
1641 1646
4092 4097
1362 1364
2682 2684
1054 1056
2603 2605
518 520
1451 1456
4657 4659
6695 6697
46 50
443 445
4733 4736
3664 3669
1639 1643
4655 4657
4203 4206
6601 6605
6176 6178
5339 5341
2847 2853
3169 3173
1215 1218
2397 2399
4332 4335
1211 1213
144 146
3650 3653
1317 1319
2876 2881
886 888
1150 1152
4067 4069
2607 2609
4388 4390
2231 2234
6996 6999
6506 6508
6087 6089
2467 2470
7048 7050
6517 6519
6849 6851
3943 3948
5074 5077
494 497
1830 1832
1548 1550
972 978
107 111
4536 4538
2464 2467
5507 5514
5762 5764
5300 5302
6180 6182
2779 2782
3235 3241
3794 3797
7184 7186
3116 3119
5836 5840
3484 3487
7097 7103
1434 1437
1117 1119
1724 1727
6016 6021
5764 5770
2189 2191
3501 3503
3309 3311
3014 3018
6951 6954
7128 7130
5787 5792
892 894
4464 4467
4976 4979
2804 2808
4157 4159
5662 5664
2709 2713
6850 6853
4617 4619
4041 4044
3098 3102
1127 1136
5744 5752
2612 2616
3999 4001
1052 1056
2839 2843
1078 1082
5386 5388
820 829
1895 1898
1744 1748
3408 3412
6181 6185
5048 5057
5285 5291
2685 2688
5639 5641
5346 5352
1494 1497
6219 6221
4166 4170
702 705
4814 4816
1495 1497
1287 1290
5475 5477
6562 6564
370 373
7247 7249
4944 4946
5059 5063
5432 5436
6191 6195
1219 1221
2221 2223
2628 2631
3643 3645
4926 4932
5658 5661
3162 3164
5484 5486
6300 6305
6136 6143
4633 4636
3190 3192
6003 6006
6846 6848
4816 4819
1562 1564
4933 4937
6595 6599
2488 2491
1673 1675
1422 1425
6547 6550
5444 5446
5432 5436
5204 5207
857 859
4595 4598
3535 3539
7405 7407
706 708
607 611
3570 3572
2839 2843
5436 5440
4364 4366
5676 5681
6390 6393
282 285
4218 4220
7228 7232
3205 3209
4210 4212
2037 2039
57 59
5370 5373
157 159
3360 3364
3970 3973
3040 3043
5433 5436
3855 3859
2471 2473
1582 1585
1215 1218
4186 4190
1176 1179
4556 4559
6275 6277
1386 1389
3418 3421
5892 5897
1338 1340
524 527
137 140
1683 1689
4893 4897
6413 6417
6295 6297
2381 2384
3364 3367
2521 2523
4549 4555
7113 7119
198 200
2607 2609
4169 4172
3971 3973
2391 2396
4662 4668
5653 5657
6041 6044
6879 6883
267 270
7313 7318
1117 1119
1388 1390
3056 3061
2368 2374
1448 1450
208 210
3846 3849
767 769
1334 1337
4926 4932
443 445
4423 4425
5646 5649
4455 4460
4536 4538
2368 2374
1434 1438
3928 3931
7009 7011
5386 5389
4463 4467
2618 2625
1972 1975
3737 3740
5666 5668
1485 1494
3200 3202
6847 6849
1779 1782
5833 5835
5228 5230
516 518
2631 2633
5035 5038
3609 3612
1191 1193
2262 2264
5967 5970
1328 1330
6818 6821
3731 3734
180 183
3154 3158
4049 4051
1219 1221
4837 4840
5864 5867
1917 1919
6169 6173
1577 1579
2219 2222
1451 1456
1934 1936
5945 5949
3497 3499
2275 2280
1046 1049
7205 7208
4995 4998
708 710
5900 5903
6931 6933
5218 5221
1047 1049
6475 6479
1000 1002
3744 3750
7001 7005
7248 7250
5461 5463
59 61
6902 6905
6403 6405
3648 3650
527 530
6709 6714
3839 3841
173 178
3252 3254
393 396
5658 5661
6468 6470
4233 4237
4778 4780
5000 5009
5850 5855
793 798
3316 3320
7208 7210
5983 5987
3472 3475
7238 7241
4655 4657
1046 1049
4135 4140
571 573
1783 1785
3357 3360
2493 2495
5278 5281
5528 5530
4842 4846
2855 2858
1416 1422
7115 7119
7366 7368
3102 3104
6834 6836
1461 1463
6986 6991
2962 2966
2823 2825
1342 1345
5775 5778
1527 1529
5762 5764
3609 3612
6964 6968
6066 6071
4721 4728
5675 5680
2030 2032
313 318
2809 2811
4662 4668
2603 2607
1864 1866
3517 3520
832 835
5411 5413
677 680
3121 3125
3169 3173
4061 4065
1021 1025
3843 3846
522 524
5819 5822
7349 7351
1914 1916
2866 2869
1127 1136
6219 6221
2656 2659
820 830
901 903
7393 7397
1518 1520
1015 1017
3194 3196
4119 4122
4547 4549
7264 7269
6647 6650
5937 5939
7393 7397
4549 4555
7330 7333
2720 2722
176 178
1806 1808
883 886
373 376
4877 4880
1985 1987
2617 2623
6390 6393
7381 7385
5243 5247
2617 2623
919 921
2939 2944
3675 3678
6327 6330
4298 4301
2696 2701
1226 1229
4721 4726
866 869
4385 4388
2866 2869
2861 2863
3912 3915
2571 2573
334 339
234 236
6596 6599
4374 4376
1911 1914
6323 6327
6468 6470
207 209
2510 2512
6223 6226
5503 5507
2844 2847
374 378
6409 6412
2012 2014
7328 7330
7122 7124
6231 6233
2450 2453
2593 2595
2159 2161
3164 3166
6591 6594
4662 4667
3241 3247
5323 5326
3540 3542
1544 1546
5358 5360
3628 3633
861 866
7399 7401
3125 3128
1094 1098
3599 3601
5346 5352
5278 5280
7152 7158
6488 6490
861 868
5794 5797
5522 5525
1078 1081
3182 3188
1061 1065
6001 6003
4668 4670
6160 6163
3364 3368
798 802
3114 3116
5068 5070
903 907
16 20
4675 4677
7422 7424
6734 6738
3066 3068
4148 4155
3369 3372
6565 6568
1431 1433
3281 3283
3165 3169
4079 4082
796 798
6663 6667
5850 5855
7122 7124
2560 2562
6648 6651
3901 3905
5026 5028
5179 5181
7464 7466
5639 5641
5871 5874
7207 7210
7032 7034
3188 3191
5225 5228
5461 5463
4057 4061
3069 3071
2105 2110
3565 3568
3964 3967
642 644
5296 5299
7236 7240
6163 6165
7319 7321
6871 6873
4222 4224
6724 6726
1003 1005
437 442
5705 5708
6297 6300
1567 1569
201 203
6235 6237
3125 3128
595 597
2920 2925
404 407
5522 5525
3310 3312
5810 5814
3359 3363
4291 4294
6016 6020
1411 1414
5477 5481
7199 7204
4671 4674
1186 1189
3223 3225
7414 7418
4993 4995
503 507
1702 1705
6806 6809
6724 6726
2159 2161
5869 5871
3443 3446
6843 6845
4027 4031
1321 1323
2964 2967
4442 4447
4343 4345
6534 6538
3458 3461
1071 1074
3919 3921
1531 1537
7469 7472
2881 2885
2975 2979
4740 4742
6569 6572
486 490
2806 2809
4731 4733
3367 3369
1673 1675
1498 1500
6472 6475
125 130
6782 6786
2375 2378
1967 1972
4157 4160
3957 3959
1154 1157
741 743
5694 5697
4316 4319
6500 6502
4343 4345
101 103
1011 1013
2540 2545
2350 2354
3048 3050
5044 5048
5479 5484
486 489
3088 3094
1767 1771
4197 4201
2179 2182
5982 5985
360 362
3409 3412
4322 4325
4718 4720
1144 1147
2151 2153
5096 5100
7432 7434
1756 1758
229 231
1405 1410
2132 2134
3770 3772
7091 7093
2333 2338
6680 6682
6014 6016
3459 3461
4861 4866
6369 6371
7039 7042
5313 5316
6164 6166
804 806
7152 7158
5746 5752
3625 3628
7369 7374
5195 5198
2628 2631
3734 3737
4606 4608
1958 1960
1906 1909
6709 6712
374 376
7337 7339
6436 6444
4532 4535
1121 1124
6885 6889
7011 7018
7264 7268
5884 5888
5694 5697
1234 1238
604 606
5040 5043
5793 5795
6762 6764
7205 7208
4598 4602
6188 6191
1538 1540
2585 2588
6462 6466
5077 5080
921 924
492 496
3293 3295
2283 2286
1587 1589
2209 2211
7221 7223
3782 3784
4726 4729
7343 7346
4026 4031
4155 4157
2547 2550
6355 6357
7115 7119
51 55
6432 6434
5044 5048
6791 6797
4735 4738
1604 1607
3100 3103
3747 3752
5147 5149
6848 6850
927 930
2553 2557
4325 4327
5758 5760
7080 7083
434 436
1742 1744
541 546
7393 7397
4738 4740
3850 3852
1913 1915
1538 1540
4869 4871
4989 4991
2325 2328
3044 3046
4549 4555
3926 3931
2237 2240
1597 1599
1919 1921
6861 6865
1838 1840
4563 4568
3497 3501
4283 4289
4256 4265
5235 5240
7442 7444
691 693
2575 2577
5869 5871
6269 6272
1965 1967
1840 1843
3900 3902
5531 5533
2822 2825
204 206
3340 3344
5773 5775
1646 1652
2025 2027
4469 4471
3576 3578
4968 4970
3395 3397
962 964
42 45
2756 2760
7409 7414
1706 1709
39 41
7007 7009
125 130
4055 4057
4612 4615
198 200
619 625
3667 3669
28 33
5945 5949
1878 1881
4937 4940
541 546
6968 6974
2459 2463
1432 1434
3896 3898
3695 3700
2329 2333
7298 7301
3119 3121
2718 2720
1816 1818
6284 6288
7295 7298
3964 3967
2023 2025
3692 3695
1407 1411
5932 5934
1931 1933
7251 7253
5096 5100
4330 4332
3525 3532
7349 7351
3400 3402
3695 3700
3264 3266
4079 4082
3088 3094
5259 5261
6964 6968
191 194
4353 4357
1011 1013
3645 3649
2491 2493
4719 4721
6016 6020
3050 3055
1067 1070
3525 3532
7365 7368
5020 5024
6600 6604
2385 2389
3848 3850
3892 3896
2609 2612
1639 1641
4644 4646
7043 7048
3384 3387
1277 1282
1938 1941
2512 2514
516 519
3525 3532
5802 5806
6223 6226
1600 1603
5764 5770
7013 7019
756 758
3772 3775
5492 5494
2009 2012
3773 3775
4313 4316
3706 3711
6986 6991
5558 5560
7264 7268
5399 5402
3276 3279
1599 1602
466 468
2177 2179
4315 4319
3612 3615
5291 5296
1921 1923
7233 7235
3765 3767
4092 4097
5221 5223
4853 4856
6484 6486
393 396
807 809
6384 6389
1065 1067
7080 7083
2132 2134
2426 2431
3121 3125
1473 1476
3270 3274
4711 4713
2898 2900
6143 6145
2092 2096
530 534
498 500
713 716
4366 4368
267 270
6111 6115
1336 1338
6691 6694
972 979
385 387
4131 4135
3437 3440
3029 3032
1909 1913
3285 3289
1603 1606
2142 2144
1171 1175
3820 3824
6962 6964
5331 5334
6931 6933
548 552
79 81
5590 5595
5665 5667
4159 4163
4549 4555
5739 5744
147 150
904 907
4472 4479
6968 6974
2677 2679
3078 3080
4256 4265
6277 6279
4910 4915
2947 2950
4177 4180
7025 7031
5689 5691
2161 2164
246 248
5897 5900
1136 1138
5715 5721
5342 5345
5035 5038
6040 6044
2127 2129
162 164
1736 1738
3570 3573
6923 6925
3635 3639
7327 7329
273 275
3918 3920
2301 2308
4202 4206
964 968
721 723
2827 2830
3174 3176
3061 3065
6926 6929
390 392
5927 5931
2793 2796
5787 5792
3169 3173
3871 3875
6627 6630
2661 2663
2756 2760
6926 6929
6935 6939
841 843
1987 1992
6968 6974
820 829
386 390
20 23
1665 1667
322 327
566 568
4373 4376
2134 2137
5472 5475
6044 6046
1554 1556
4705 4711
6716 6718
68 71
2275 2277
6337 6339
3324 3327
3360 3363
7256 7259
5306 5309
5895 5897
6254 6261
1 7
2017 2020
471 477
5225 5228
5296 5299
1288 1290
115 118
1767 1771
997 999
2354 2358
1870 1872
232 234
2971 2973
6182 6186
6213 6215
5097 5101
4861 4866
468 471
3677 3679
1893 1896
5872 5877
4762 4764
118 120
1451 1456
1489 1494
5038 5040
3958 3960
7366 7369
1363 1365
1612 1614
5285 5291
194 198
125 130
1291 1296
400 402
4579 4582
3635 3638
6229 6231
1802 1804
1550 1552
7475 7487
2936 2939
6286 6288
6187 6190
4659 4661
2504 2508
1563 1565
726 728
2981 2985
4216 4218
3423 3425
2957 2960
588 591
6470 6472
4970 4972
7050 7054
7060 7064
6699 6703
6342 6346
4780 4783
433 435
1694 1699
1896 1898
810 812
7137 7141
2593 2596
2157 2159
1443 1445
3113 3115
5390 5393
5522 5528
3603 3605
5966 5968
921 923
2134 2136
1165 1171
3540 3543
1331 1333
5529 5531
3660 3663
10 13
5685 5688
1398 1401
2020 2024
3289 3293
136 138
402 406
2387 2389
1823 1825
5325 5327
379 381
7409 7412
5048 5055
348 353
2919 2922
2681 2683
4615 4617
1422 1426
5674 5676
2409 2411
4427 4430
1521 1524
2338 2343
5792 5794
6620 6622
20 22
4126 4130
4690 4693
6658 6661
5169 5172
3376 3378
1208 1211
5306 5309
7032 7034
6223 6226
2020 2023
7387 7389
4415 4417
4279 4282
5814 5818
698 700
6090 6094
4806 4808
527 530
6036 6038
1049 1051
7141 7144
755 757
5270 5273
4636 4638
6342 6345
2451 2455
876 879
1229 1233
2071 2073
5941 5945
4981 4985
6503 6508
131 135
4639 4641
4700 4703
5059 5063
2261 2264
4612 4615
5389 5393
1323 1326
4937 4939
999 1001
7228 7232
7343 7345
5326 5328
2944 2947
4981 4985
3211 3214
749 751
4412 4415
417 420
3188 3191
4750 4753
5752 5754
942 944
2271 2273
4032 4035
5086 5089
5425 5430
2245 2247
633 635
3593 3595
880 882
4256 4265
7137 7141
514 516
1812 1815
6677 6679
6754 6756
2261 2264
6021 6024
7043 7045
1991 1994
4056 4061
4657 4659
5676 5681
6340 6342
75 78
3098 3100
1290 1296
2240 2245
4907 4910
5602 5604
1887 1891
4232 4235
759 762
5610 5612
6231 6233
6746 6749
2484 2488
3182 3188
1127 1136
7005 7007
6829 6835
309 311
6807 6811
6169 6173
1560 1562
7337 7339
6959 6961
6742 6745
6422 6425
6310 6314
1638 1641
1955 1957
7058 7060
4926 4932
4383 4386
7385 7387
4243 4245
3121 3128
3702 3704
2170 2173
1477 1482
4549 4555
5313 5318
5687 5689
1046 1049
935 938
2396 2399
1117 1119
6517 6520
3165 3169
1511 1514
585 587
2721 2725
4328 4330
6661 6665
4822 4824
6137 6143
5070 5073
2051 2056
3667 3670
919 921
6730 6732
2784 2786
2919 2922
6021 6027
3727 3731
2478 2482
4538 4541
5843 5846
198 200
5919 5922
6606 6608
888 890
2467 2470
87 92
1802 1804
1663 1665
6954 6957
3503 3506
4612 4615
1813 1816
4537 4539
6754 6757
4621 4623
1208 1210
3022 3029
7291 7295
791 796
1869 1871
3344 3347
7045 7048
541 547
4126 4130
6469 6472
7254 7256
5850 5855
120 122
5726 5728
1509 1511
1582 1586
2456 2459
1458 1461
6257 6261
7050 7054
1639 1643
6412 6414
184 187
2041 2044
4411 4415
3035 3040
3624 3627
7149 7152
2145 2148
2756 2762
5504 5507
4313 4316
4144 4148
2553 2557
2524 2528
6273 6275
4097 4099
2484 2488
1234 1238
5255 5259
7448 7450
3237 3241
6921 6924
4939 4941
180 183
6762 6764
2131 2133
4644 4646
3940 3943
2844 2847
1046 1049
6968 6974
1765 1769
2945 2949
7448 7450
4873 4875
413 416
5044 5048
1201 1203
6724 6726
5486 5488
5033 5036
4175 4177
1629 1631
5541 5546
6873 6878
5492 5494
5388 5390
6517 6520
4025 4027
3653 3655
1887 1890
571 573
4680 4682
5146 5148
4634 4638
5169 5172
5578 5580
5000 5009
5196 5199
2184 2186
830 832
7202 7205
855 857
2992 2994
5950 5953
3880 3883
769 772
5603 5605
919 921
1397 1401
4155 4157
7261 7263
2702 2707
1843 1846
6403 6405
2587 2589
5169 5172
3218 3220
337 340
2995 2999
6575 6577
3871 3875
930 935
1624 1627
677 680
4126 4130
6531 6533
5579 5584
4355 4357
5968 5970
954 957
5070 5074
2411 2413
3943 3947
1670 1673
6984 6987
2566 2569
4981 4985
122 124
1316 1318
2411 2413
2070 2073
2092 2096
972 978
2413 2415
2071 2073
1082 1084
5190 5192
3691 3693
2756 2760
5550 5552
5048 5055
2211 2214
2103 2105
820 830
886 889
2210 2214
1981 1983
6601 6605
6974 6977
5514 5516
648 650
6853 6856
961 964
7135 7137
7119 7122
3939 3941
1895 1898
5846 5850
1718 1724
3886 3892
4779 4782
5661 5663
5785 5787
1015 1017
251 255
3077 3079
4937 4940
5280 5282
6300 6305
1105 1108
6295 6297
4393 4395
5048 5055
3609 3612
1846 1850
2547 2550
173 176
369 373
2922 2925
6851 6854
5518 5520
2027 2031
3203 3209
5070 5073
6390 6393
901 903
889 892
3832 3834
3364 3368
2150 2153
4277 4281
6428 6430
6269 6271
4969 4972
4680 4682
6356 6358
210 217
3270 3274
2926 2928
1773 1777
5595 5601
6330 6333
4894 4897
248 251
4417 4422
6866 6870
6608 6610
4907 4910
6028 6033
6305 6308
3013 3016
2273 2277
5802 5806
962 964
6889 6894
3342 3344
5300 5302
7475 7485
2092 2095
2829 2831
4528 4530
3383 3386
4634 4638
6001 6003
6728 6730
3591 3593
1288 1290
6524 6526
5683 5687
7442 7444
5180 5182
2953 2957
5149 5151
4406 4411
2753 2760
3323 3327
6090 6094
7262 7264
3108 3110
4485 4489
7385 7387
3588 3590
5953 5955
219 221
3909 3911
706 708
7385 7387
1617 1621
3664 3667
2843 2847
5966 5968
383 385
270 273
5540 5545
5077 5079
406 408
3804 3806
4949 4952
2234 2237
693 698
5449 5455
6791 6800
820 829
2240 2245
3003 3005
6560 6562
6254 6257
4894 4897
1333 1336
3061 3063
4837 4840
5251 5258
5433 5436
3998 4001
813 815
3863 3867
3212 3215
387 390
5781 5784
3540 3542
4731 4733
528 532
776 780
4173 4175
1005 1007
904 907
2474 2477
5561 5563
3152 3154
5927 5931
1694 1699
6131 6134
3096 3098
6637 6639
1230 1233
5999 6001
2368 2374
4498 4502
5668 5670
4406 4411
938 941
4711 4713
3594 3596
2773 2776
1937 1940
3241 3246
4305 4309
7390 7392
4638 4640
6033 6037
1089 1092
1906 1909
978 982
6871 6873
6387 6390
930 934
4594 4596
5167 5169
584 586
1234 1238
2676 2679
118 120
1230 1233
3922 3925
1191 1194
6943 6946
6837 6839
3492 3494
4303 4305
5296 5299
3782 3784
4768 4772
7487 7492
5812 5814
2806 2809
61 63
2488 2490
1446 1448
3568 3570
6805 6807
4980 4983
2281 2283
3549 3551
6349 6351
2165 2168
6627 6630
6213 6216
2858 2861
4649 4654
2105 2110
6362 6364
6054 6057
4210 4213
988 991
1591 1594
4224 4227
3035 3040
580 582
2235 2237
5897 5900
4140 4144
2605 2607
6570 6572
5243 5247
6012 6014
341 344
5674 5676
786 788
4325 4327
2070 2073
5202 5206
6252 6254
4926 4932
3579 3581
69 74
6462 6466
6533 6536
6944 6946
6709 6712
629 633
5261 5264
3568 3572
2598 2600
5874 5877
5373 5375
2104 2108
917 919
366 368
2746 2750
2211 2217
138 140
569 571
3225 3231
6610 6612
1572 1577
200 202
6873 6877
3753 3755
5850 5855
2027 2030
4180 4182
4151 4155
1233 1238
3782 3784
7264 7268
4953 4955
5114 5117
2116 2118
5456 5460
6115 6117
2736 2742
3408 3412
5362 5364
5546 5548
6562 6565
5996 5999
3886 3892
4406 4411
344 346
1938 1941
6579 6583
6012 6015
2847 2853
1127 1136
5833 5835
3490 3492
4517 4520
2878 2881
5313 5316
957 959
2364 2366
180 184
6634 6636
530 534
248 250
6835 6837
4563 4568
5746 5752
4624 4626
3713 3718
6873 6877
430 434
5304 5306
2961 2964
6993 6996
4832 4834
7353 7356
2572 2574
188 190
5010 5012
2451 2455
1176 1179
5068 5070
5262 5265
87 92
3022 3029
4388 4390
7042 7045
1334 1337
6851 6854
198 200
5808 5812
6926 6929
4506 4508
146 149
749 751
3317 3320
3233 3235
894 899
4744 4746
3523 3525
3014 3018
4763 4765
5319 5323
422 425
5494 5497
1172 1175
4471 4477
2420 2422
628 632
2467 2470
2896 2900
71 74
3205 3209
3471 3475
4733 4736
4403 4406
2084 2090
213 217
4197 4201
3258 3261
3293 3295
6334 6337
6349 6352
5667 5670
479 481
1505 1507
6383 6387
6756 6761
1961 1965
3994 3997
727 733
2451 2455
3151 3154
1861 1863
6191 6193
2083 2090
4662 4667
7158 7162
1656 1660
4842 4844
4099 4101
5260 5262
7248 7250
2667 2670
6997 6999
3408 3412
2120 2123
3762 3765
3447 3450
6595 6599
3433 3436
4116 4118
6999 7003
5773 5775
1700 1702
1975 1978
402 404
4998 5000
4509 4511
6181 6185
4450 4453
5760 5762
769 771
5285 5291
4556 4563
3881 3884
5158 5161
6044 6046
3483 3486
3043 3045
4612 4615
7459 7463
672 677
3149 3151
5666 5668
1320 1322
1843 1846
5243 5246
2896 2900
2779 2782
5509 5514
6879 6883
888 890
2823 2825
2600 2602
3196 3198
5190 5192
5494 5497
5345 5352
1959 1961
1544 1546
6111 6117
1434 1438
7438 7442
4145 4151
6968 6974
7264 7268
677 681
162 164
3241 3246
3584 3588
2735 2742
3369 3372
465 467
2424 2426
2381 2384
34 37
1373 1376
1527 1529
6460 6462
4846 4851
309 312
407 410
1760 1762
4497 4502
4163 4165
3472 3477
4492 4495
4235 4237
203 205
1362 1364
1485 1489
411 414
3312 3314
2930 2934
3160 3162
2613 2616
7188 7190
2045 2049
1395 1397
5525 5528
4894 4897
3056 3060
4102 4104
1560 1563
1744 1748
1078 1081
3082 3084
5888 5892
3639 3641
3679 3683
5594 5596
962 964
3540 3543
5808 5812
5954 5956
6180 6182
6747 6751
5518 5520
1268 1273
5952 5954
7023 7025
895 899
3853 3855
4145 4148
2206 2208
1110 1114
6334 6337
5432 5436
3566 3568
7229 7233
6262 6264
1767 1769
1070 1072
4498 4502
6021 6024
6844 6846
3549 3551
5897 5903
5836 5840
1107 1110
5424 5426
2751 2753
2266 2269
5909 5912
1194 1198
1315 1317
2268 2270
4316 4320
2920 2925
6436 6444
3265 3267
4844 4846
6195 6201
5970 5972
4388 4390
5586 5590
580 582
6434 6436
5258 5260
762 766
2613 2616
4361 4364
4016 4018
4042 4045
4035 4037
5114 5117
1057 1061
6869 6871
1638 1641
561 566
2051 2054
1552 1554
2545 2549
4668 4670
627 629
5246 5248
6009 6012
2610 2612
6547 6550
719 721
3558 3562
1569 1571
3836 3838
6747 6749
776 783
4858 4860
5026 5028
4057 4063
5334 5336
946 948
2099 2101
2182 2184
6216 6218
1107 1110
2289 2291
674 677
4926 4933
3951 3953
1631 1635
2283 2286
5733 5735
240 243
7281 7288
4079 4081
3955 3957
6610 6612
2937 2944
6866 6869
1983 1986
87 92
387 390
1744 1748
951 953
3532 3535
780 783
5131 5136
1597 1599
248 251
6581 6586
3431 3436
3004 3007
4777 4779
1853 1855
2045 2051
6623 6627
7301 7304
1199 1203
6233 6235
4549 4555
1165 1169
3756 3762
234 236
1502 1505
5846 5850
4428 4430
7177 7180
4486 4489
6921 6924
7343 7345
7177 7181
6567 6569
1588 1591
2748 2750
5123 5130
6230 6232
6148 6151
6734 6738
3241 3246
1000 1002
5105 5108
4044 4049
282 285
691 696
3558 3560
868 872
7475 7485
1127 1136
6683 6688
2680 2682
4009 4012
4611 4615
1042 1046
5390 5393
1925 1929
3598 3601
4586 4589
3836 3838
4294 4298
3566 3568
5101 5103
3820 3824
328 333
6839 6841
6718 6721
7318 7321
1180 1182
2756 2760
4768 4771
2784 2786
2460 2463
4824 4829
4800 4802
1618 1622
1139 1142
247 250
105 111
7150 7152
4949 4951
4319 4322
3660 3663
2753 2756
6556 6560
6527 6529
5841 5843
2079 2082
6516 6519
7498 -1
6944 6946
6205 6208
5843 5850
4549 4556
356 358
1612 1614
4582 4584
2559 2562
2836 2838
5226 5228
6072 6077
982 984
4779 4782
1165 1169
2005 2008
6725 6728
2442 2444
5209 5212
1691 1694
680 683
1489 1494
5950 5952
1028 1031
7330 7333
2670 2673
7188 7190
6430 6432
4890 4893
7259 7261
1551 1553
191 193
1206 1208
6627 6630
1950 1952
2380 2384
164 167
6094 6096
6155 6158
3849 3852
3286 3289
772 775
1407 1410
923 925
2541 2545
4797 4800
627 629
7137 7142
2800 2804
706 708
118 120
1702 1706
6417 6421
3940 3943
1975 1977
4670 4673
4914 4916
2848 2854
4546 4548
1365 1368
1357 1359
2625 2628
6049 6051
3908 3910
2597 2600
3166 3169
7304 7308
4283 4289
5795 5797
6021 6024
6410 6412
803 805
202 204
4549 4555
4547 4549
563 567
6677 6679
633 635
4397 4401
5922 5925
3116 3119
6087 6089
1925 1928
7420 7422
434 436
532 535
4866 4868
6921 6924
4762 4764
5668 5671
7131 7135
3593 3595
2830 2833
5609 5611
2008 2012
6849 6851
2937 2939
5424 5426
5900 5904
3360 3364
4491 4495
5576 5578
1115 1119
4425 4427
6619 6621
5479 5484
6323 6327
7281 7287
4627 4630
538 540
3402 3406
4309 4313
1345 1348
6547 6550
55 58
5537 5539
4403 4405
5764 5771
304 306
5097 5101
2691 2695
2736 2744
4491 4495
3690 3692
7228 7232
4924 4926
1817 1819
5651 5653
5344 5346
4621 4623
5270 5275
5070 5073
5541 5545
5374 5378
7033 7035
1916 1919
3004 3007
3397 3400
6024 6027
6033 6037
2885 2888
4546 4548
3004 3007
522 527
2231 2234
6843 6845
3331 3333
195 198
1664 1667
6335 6338
1654 1656
5878 5880
3503 3506
5215 5218
6053 6057
38 40
1669 1672
2346 2350
4704 4711
5390 5393
3425 3429
7393 7397
861 866
4859 4861
4235 4241
1360 1362
5449 5455
1484 1489
7108 7110
2413 2415
4358 4360
320 322
4397 4401
7099 7103
6521 6523
4822 4824
7194 7196
1415 1422
2991 2994
3146 3150
1238 1240
55 58
1567 1571
5625 5627
5362 5364
6212 6215
5552 5555
5216 5218
6623 6626
5323 5326
309 312
1501 1503
4555 4559
3477 3483
4942 4944
6094 6096
5798 5801
6521 6523
4530 4535
6100 6105
2804 2808
101 104
4587 4589
5744 5752
3031 3034
2198 2201
6345 6347
5888 5890
1830 1832
5235 5240
1731 1736
3081 3083
3934 3938
7461 7463
4326 4328
6519 6521
3162 3165
4926 4932
4861 4866
3152 3158
3953 3955
376 379
1248 1250
3022 3031
3052 3056
169 172
111 115
5668 5670
1203 1206
1836 1838
411 414
558 560
5012 5015
1176 1179
7458 7461
7091 7094
4514 4517
2990 2992
430 433
3089 3094
2980 2984
722 724
370 373
4116 4119
7152 7162
5112 5117
5255 5258
7291 7295
2625 2628
2012 2014
3830 3832
2662 2664
6974 6977
6148 6151
6210 6213
1987 1991
2925 2927
6500 6503
6041 6045
639 642
3402 3406
4816 4818
6725 6728
7330 7333
2051 2056
1909 1913
3166 3173
4830 4832
6957 6959
3525 3532
4197 4201
3019 3022
3304 3307
3173 3175
2504 2508
2460 2463
3630 3633
1163 1165
5534 5537
499 503
6993 6995
3860 3862
4532 4536
5251 5255
4398 4401
559 561
5033 5036
2392 2396
2208 2210
513 515
3900 3902
333 337
4705 4711
6529 6531
2329 2333
6984 6986
1317 1319
1542 1544
3628 3633
2945 2947
5685 5688
6221 6223
2687 2691
5361 5363
3425 3427
5309 5313
7353 7355
4822 4829
5346 5352
6283 6286
1186 1189
1567 1571
992 995
4914 4916
2295 2298
1332 1334
430 433
7475 7485
6153 6155
107 113
4188 4190
413 416
619 625
5404 5406
5972 5976
1552 1554
5160 5162
5808 5810
3309 3311
4590 4592
6496 6500
3775 3777
1753 1756
1144 1148
3376 3379
4623 4625
4330 4332
3355 3357
3134 3139
2756 2760
2368 2374
3376 3379
4040 4042
2927 2929
5800 5802
5059 5063
6100 6105
3706 3711
2177 2179
5831 5833
5119 5121
715 719
3041 3043
435 437
1495 1498
7115 7119
3517 3519
7238 7240
78 80
3169 3173
519 522
1938 1940
715 719
4367 4371
861 866
1596 1598
7475 7485
6627 6631
5976 5978
540 546
4132 4135
1682 1684
2189 2192
5261 5264
4212 4216
2981 2984
3277 3279
414 416
5607 5609
4481 4485
2778 2782
930 935
6851 6854
2964 2967
5585 5590
1006 1009
2192 2194
853 855
6797 6802
2916 2918
4502 4504
1887 1890
4045 4051
5394 5396
1718 1720
4944 4946
147 149
6127 6130
3731 3733
2250 2255
1388 1390
6765 6767
6934 6937
7170 7172
6123 6125
6926 6929
2509 2511
972 978
4395 4397
1056 1059
337 340
6431 6434
2736 2742
2289 2291
3194 3196
3655 3658
4806 4808
2581 2584
4778 4780
1322 1326
2677 2679
1901 1903
3871 3873
6226 6229
2186 2189
1422 1426
784 786
5819 5822
354 356
5131 5136
1505 1508
5342 5345
3125 3128
171 173
1694 1698
2981 2984
7213 7215
2742 2746
2120 2122
4433 4436
1277 1282
5405 5409
4151 4156
6252 6254
5531 5534
3753 3755
2823 2826
2095 2097
2995 2999
7465 7468
4097 4099
3562 3565
582 584
1498 1500
3917 3919
2864 2869
1684 1689
357 359
1992 1994
644 648
4213 4216
1950 1952
557 559
5665 5667
5580 5584
3459 3462
2117 2119
7356 7359
5202 5206
4976 4979
7393 7397
2449 2451
3013 3016
6100 6105
5704 5708
2499 2501
6786 6790
6946 6949
1124 1127
4744 4749
1448 1450
1268 1273
1042 1046
68 71
1251 1255
611 614
2426 2429
4765 4767
6941 6944
1007 1009
1028 1031
5070 5074
1489 1494
1767 1771
304 306
541 546
2987 2990
307 309
3596 3598
979 982
7205 7208
3883 3885
2414 2417
7131 7133
6626 6630
7158 7162
4282 4287
2839 2844
5033 5035
3029 3032
383 386
105 107
3120 3125
7091 7094
7050 7054
341 344
7191 7193
4281 4283
3539 3542
1398 1401
1749 1753
6683 6688
1151 1154
6485 6488
5541 5545
5311 5313
7048 7050
2161 2165
4014 4016
5402 5404
333 337
2316 2319
348 353
4116 4119
4693 4695
1041 1045
5640 5643
3570 3572
2847 2853
3332 3335
3098 3102
6226 6230
4157 4160
580 582
1627 1629
1636 1638
3487 3489
4615 4617
2262 2264
2992 2994
3188 3191
4368 4371
4996 4998
6984 6986
1967 1969
6812 6817
149 151
5457 5460
6354 6356
6191 6193
2964 2966
6693 6695
2861 2863
1792 1794
3994 3996
5490 5492
4659 4661
3787 3790
7020 7022
374 376
4256 4265
4180 4183
2760 2763
4607 4611
7083 7087
5918 5921
6456 6458
270 273
5968 5971
328 333
2009 2014
2456 2459
7409 7412
1311 1314
4730 4733
474 477
1326 1328
5822 5825
4163 4165
6623 6626
3523 3532
2834 2837
7202 7204
5270 5273
4621 4624
4228 4232
6951 6954
5222 5225
3477 3483
1042 1046
3169 3173
2848 2854
5033 5036
1846 1851
5722 5724
6742 6745
6161 6163
3635 3638
3619 3622
4883 4885
42 44
2119 2122
4662 4667
5368 5370
5085 5088
1639 1643
5922 5925
5313 5316
5235 5240
2510 2512
2863 2866
3376 3378
2108 2110
4310 4315
3221 3225
1969 1974
2987 2990
6468 6470
7238 7241
2189 2191
7071 7073
5783 5785
4231 4233
6470 6473
6323 6327
5826 5828
6517 6519
1473 1476
4212 4216
5108 5111
120 122
6836 6839
5533 5535
2119 2122
943 946
1148 1150
5229 5233
4467 4469
5009 5011
2414 2417
2166 2168
433 435
6400 6403
391 393
1987 1992
3713 3717
5783 5785
3883 3885
334 337
1412 1415
5240 5243
414 417
6065 6071
2625 2628
6777 6781
5666 5668
6841 6843
2497 2500
4898 4904
4102 4104
54 57
1021 1025
3854 3857
2330 2333
2272 2275
1962 1965
6249 6252
5447 5449
3783 3785
4575 4577
2673 2676
6450 6452
7487 7492
1251 1255
3998 4001
4038 4041
4563 4568
188 190
247 250
1840 1843
3867 3870
2580 2582
696 698
5955 5958
7211 7213
6952 6956
2468 2471
6757 6762
530 532
5313 5316
6177 6179
2725 2729
1001 1003
4957 4960
4088 4091
6201 6204
173 176
964 967
2966 2968
2338 2343
7313 7318
3484 3487
379 382
5361 5363
913 916
6772 6774
972 978
6239 6242
2206 2209
2168 2170
4231 4233
4447 4449
595 597
6436 6444
6623 6627
4007 4009
5608 5610
1427 1429
6569 6572
1120 1124
4246 4251
1773 1777
5836 5840
5681 5683
1495 1498
4771 4773
843 845
2319 2321
2516 2520
1986 1991
1052 1056
10 13
2334 2338
3698 3701
5121 5123
5048 5055
6681 6683
363 367
2575 2577
309 312
87 92
927 930
6615 6617
341 344
1604 1607
4963 4968
2703 2707
3683 3687
2536 2538
4180 4182
4579 4582
34 36
7164 7168
3333 3337
5426 5430
3788 3791
5497 5503
4520 4523
1646 1652
7244 7247
6434 6436
1159 1165
5787 5792
612 615
4246 4251
2387 2389
1242 1244
1962 1965
4164 4166
3664 3669
3297 3299
3943 3947
4283 4289
750 752
943 946
1445 1448
1154 1157
1410 1412
1804 1807
6952 6954
7423 7425
1074 1076
6276 6278
2361 2364
2541 2545
5880 5884
2338 2342
120 122
3506 3508
183 187
677 680
3348 3354
1025 1027
566 568
2084 2090
497 499
1512 1514
6002 6004
2510 2512
1914 1916
2259 2262
888 890
5092 5094
6008 6010
5912 5915
5923 5927
6964 6968
7115 7119
3225 3229
5580 5584
7351 7353
3683 3686
5764 5770
1414 1416
4559 4563
252 255
7259 7261
1904 1906
3645 3648
7313 7318
3176 3178
6148 6153
2885 2888
1089 1092
392 394
4715 4718
4294 4296
6608 6610
3031 3034
5694 5696
1518 1520
2687 2691
6041 6044
1165 1169
2926 2928
2235 2237
1702 1706
895 900
3313 3315
690 693
5990 5992
6930 6933
4228 4232
5088 5091
6378 6383
2797 2799
634 636
6410 6413
6931 6933
3192 3194
2020 2023
5313 5318
1359 1362
3462 3464
1204 1208
4926 4932
3320 3323
1887 1891
3233 3235
1157 1159
7144 7147
1919 1921
5541 5545
2539 2541
3052 3055
4218 4220
4693 4695
393 396
1618 1621
6873 6877
4778 4780
5148 5151
4617 4619
5954 5956
4447 4449
7137 7141
6436 6444
2562 2564
3128 3131
195 198
5880 5884
1969 1974
5000 5009
1407 1410
6587 6589
7359 7362
1892 1895
6544 6546
4437 4439
1463 1467
1234 1239
7152 7158
4355 4358
615 617
557 559
6419 6422
3075 3077
1941 1943
2697 2701
1021 1025
5247 5249
5504 5507
4183 4185
4974 4976
5708 5712
738 741
4623 4625
4361 4365
1052 1056
6573 6575
1641 1643
7288 7291
4594 4596
1841 1843
6812 6817
430 433
5366 5368
5234 5240
4888 4890
953 956
2184 2186
1276 1279
688 691
5940 5944
2504 2509
6297 6300
4750 4753
3740 3743
4739 4741
5166 5169
958 961
4544 4546
2869 2874
4641 4644
5841 5843
4705 4711
6761 6764
872 875
2385 2387
4846 4851
6463 6466
5864 5867
4498 4502
7217 7221
363 367
1042 1045
6880 6883
1368 1376
266 270
6851 6853
2148 2150
2748 2750
6517 6519
7263 7268
6493 6497
857 861
3043 3045
379 381
6511 6513
4573 4577
4715 4718
776 783
4357 4359
1979 1981
4555 4559
7366 7368
3281 3283
2770 2773
2350 2353
5311 5313
3169 3173
6143 6145
5346 5352
3364 3367
348 353
4630 4633
3162 3165
411 413
6407 6409
4273 4275
3871 3875
1773 1777
3409 3412
4186 4190
4057 4061
498 500
5825 5828
5571 5573
7013 7018
7448 7450
4192 4194
3182 3188
7244 7247
972 978
4231 4233
5449 5455
6187 6190
7035 7037
7172 7174
3392 3395
5306 5309
4835 4837
1031 1033
4963 4968
245 247
3523 3525
3231 3233
2538 2540
6906 6908
1057 1061
5525 5528
563 566
2837 2839
1001 1003
769 771
5123 5130
5246 5248
6716 6718
7393 7397
6939 6941
2145 2148
1839 1841
16 18
3689 3691
6917 6921
5281 5284
1585 1587
2310 2315
6145 6148
2524 2527
1681 1683
5326 5328
6579 6583
471 477
6412 6414
7371 7374
5048 5055
3543 3547
6538 6540
3477 3483
901 903
-1 7
5996 5998
411 414
5412 5415
6028 6033
6615 6617
1111 1114
4491 4495
516 518
2935 2937
1117 1120
2612 2616
3447 3450
6565 6568
342 344
141 143
5819 5823
7405 7407
1732 1736
6919 6921
4207 4210
6234 6237
4922 4924
5040 5043
5339 5341
2866 2873
3731 3733
4044 4049
4336 4338
1769 1771
4296 4301
7487 7492
5441 5444
5715 5720
832 834
6897 6899
832 835
5737 5739
6683 6688
3849 3852
4412 4415
2736 2742
6707 6712
5074 5077
2656 2659
6098 6100
6463 6466
3536 3539
4359 4361
5000 5009
3532 3535
6188 6190
520 524
3862 3864
1994 1996
607 610
3320 3323
2972 2974
1477 1482
5746 5752
2338 2342
334 337
6489 6491
3115 3119
5183 5188
7115 7119
5909 5912
1215 1219
3934 3938
6514 6516
1251 1255
6223 6226
92 95
5339 5342
5030 5033
3943 3947
3125 3128
3299 3301
6854 6857
3876 3879
2725 2728
3477 3483
312 318
3752 3755
5265 5267
2366 2368
5030 5033
535 539
6828 6834
4651 4654
2895 2898
3443 3447
6683 6688
2962 2964
5070 5073
318 320
1065 1067
6351 6354
3433 3436
4544 4546
927 930
803 805
5886 5890
2231 2234
1573 1577
3241 3246
2328 2330
7350 7353
5457 5460
6791 6800
6995 6997
1115 1117
4762 4764
2350 2354
1827 1830
1795 1800
4014 4016
1887 1890
6174 6177
951 954
4922 4924
7364 7366
2105 2108
2298 2306
503 506
370 373
6158 6160
702 706
6430 6432
219 221
1061 1065
7164 7168
1857 1860
4785 4789
136 138
287 291
155 157
5629 5633
3670 3672
5586 5590
6458 6460
7473 7485
7090 7093
6364 6367
7346 7348
7381 7383
3984 3986
4538 4541
1137 1139
820 829
4718 4720
5285 5291
4087 4091
3262 3265
2020 2023
1635 1637
1684 1689
4641 4644
5535 5537
927 930
4549 4555
655 658
1222 1225
4735 4738
1836 1838
5139 5141
6616 6618
2122 2124
1137 1139
5913 5916
5399 5402
4756 4759
733 737
1957 1959
4243 4245
5754 5758
6835 6837
4386 4388
972 978
6728 6730
7199 7202
1078 1081
3979 3981
4232 4235
4926 4932
5825 5828
4603 4605
5121 5123
38 40
5927 5931
3397 3400
6239 6242
3753 3755
6761 6764
2424 2426
2384 2387
592 594
3369 3373
7302 7304
3820 3824
1741 1743
6317 6321
5000 5009
4235 4241
6349 6351
4145 4148
4450 4453
2045 2049
5722 5724
1830 1832
3747 3750
3108 3111
6094 6096
6510 6512
1259 1263
4224 4228
1673 1676
5026 5030
5190 5192
698 701
1870 1872
598 604
4549 4556
3146 3149
720 722
2237 2245
4700 4704
4389 4391
3501 3503
6137 6143
5044 5048
4486 4489
4630 4633
4346 4351
984 986
15 18
494 497
6452 6454
3540 3542
6134 6136
2613 2617
2890 2892
5106 5111
1297 1299
4378 4382
739 743
3892 3896
3706 3711
5426 5430
3788 3790
4256 4265
1094 1097
6730 6733
5697 5701
3022 3031
2262 2266
1485 1489
6213 6215
1052 1056
636 639
48 51
4292 4294
4510 4512
4506 4508
3044 3046
2449 2451
2467 2470
2981 2984
6422 6425
2649 2652
7258 7261
59 61
5461 5463
3512 3515
5164 5166
3360 3364
2245 2247
2214 2217
1185 1189
2677 2679
2810 2812
3013 3016
6431 6434
1279 1282
5746 5752
3862 3864
4266 4269
16 18
1618 1621
971 978
5673 5675
5689 5693
1857 1860
2224 2227
1586 1588
2992 2995
3270 3274
3241 3246
2358 2363
379 382
6601 6604
2683 2685
2764 2766
3619 3621
2954 2958
411 413
3150 3152
2231 2235
2456 2459
3641 3644
1580 1582
5897 5900
806 808
6327 6329
6968 6974
6099 6105
5810 5814
2773 2776
6340 6342
2292 2295
3728 3731
7275 7278
5048 5055
6223 6226
6608 6612
1267 1273
1595 1597
3775 3777
6134 6137
5622 5624
6191 6193
705 708
5354 5357
6028 6033
6754 6757
1991 1994
1643 1646
4438 4442
3828 3831
1930 1932
3409 3412
6053 6057
78 80
3455 3458
4662 4668
2328 2330
2903 2906
320 322
7492 7494
2030 2032
499 503
1795 1800
5415 5417
4242 4245
4824 4829
6519 6521
2752 2756
6669 6672
2153 2155
2587 2589
1843 1845
1404 1407
2874 2876
524 527
1021 1025
1391 1393
4846 4851
2368 2374
6873 6877
3320 3324
125 130
3761 3765
6247 6249
5179 5181
4383 4386
6993 6995
6436 6444
6950 6952
1067 1069
457 459
2523 2527
4412 4417
4511 4513
6699 6703
2814 2816
4649 4651
5473 5476
7475 7487
1514 1518
5172 5175
4197 4201
4983 4985
868 872
4586 4589
6430 6432
1446 1448
3374 3378
1724 1726
2911 2913
5831 5835
2616 2618
3820 3825
918 920
210 213
4861 4866
1259 1262
4861 4866
724 727
2578 2580
7216 7221
2892 2895
5406 5409
3071 3073
5683 5687
5196 5199
2036 2039
4853 4856
3241 3246
1299 1301
4176 4179
1708 1710
7264 7268
4699 4703
5494 5496
7426 7428
5733 5735
2504 2508
503 506
5030 5032
3721 3726
4374 4377
2645 2649
2024 2026
3645 3649
4662 4667
2151 2153
4874 4877
3180 3188
2744 2746
3892 3896
4006 4008
3472 3475
4894 4897
5112 5114
944 946
571 574
1505 1508
6327 6329
3628 3630
4305 4309
3828 3831
6589 6591
2722 2725
5465 5470
6000 6002
3098 3100
7133 7135
3984 3986
3182 3188
4310 4313
2552 2557
6694 6696
5918 5921
6635 6637
4532 4536
1808 1812
3431 3433
5085 5088
1144 1147
1607 1609
820 829
6853 6856
2355 2358
6742 6745
7278 7281
2787 2789
3918 3920
710 713
3317 3323
5653 5657
6072 6076
6136 6143
7180 7182
7343 7345
7409 7412
6757 6761
4033 4035
1846 1851
4122 4124
5653 5658
6709 6712
7152 7162
2194 2198
2972 2974
4379 4382
3464 3466
4283 4289
2890 2892
164 167
221 224
3259 3261
1728 1730
1554 1558
1681 1683
563 566
6181 6185
5247 5249
1839 1841
3879 3881
4472 4477
6627 6631
1482 1484
2453 2456
7356 7358
6851 6854
4366 4368
5619 5622
6078 6082
3472 3475
5927 5932
3293 3295
3721 3726
7322 7327
4486 4489
4468 4471
3698 3700
1863 1865
857 859
6978 6983
6047 6049
6946 6949
2532 2534
1089 1092
5194 5196
4757 4760
6873 6877
3299 3301
4224 4227
2250 2253
6919 6923
3713 3717
5787 5792
3065 3068
6615 6617
2839 2844
5221 5223
5978 5982
5596 5601
4760 4763
2558 2560
4256 4265
1661 1664
3798 3802
2858 2861
7432 7435
532 534
3905 3909
2779 2782
5024 5026
7124 7126
1086 1088
4719 4721
4606 4608
449 451
171 173
2344 2350
2266 2269
705 708
2451 2455
417 420
368 370
598 603
3065 3068
7472 7475
5141 5144
2736 2744
2524 2527
4049 4052
6127 6130
6342 6345
5306 5309
7393 7398
4513 4517
85 87
3289 3293
1358 1360
5996 5999
5285 5291
1972 1975
4623 4625
820 829
668 671
1673 1676
5382 5385
3728 3731
2222 2224
6223 6226
2995 2999
6284 6286
3176 3178
4907 4910
6156 6158
399 401
2131 2133
7391 7393
4779 4782
1783 1785
4141 4145
2453 2455
6010 6012
5030 5032
559 561
2521 2523
4915 4917
6742 6745
6576 6578
1142 1147
6791 6797
4243 4245
4697 4700
5055 5058
2625 2628
2756 2762
3179 3182
3762 3765
991 993
3211 3214
3134 3139
308 311
2240 2245
7374 7378
3140 3149
6329 6333
1962 1965
4082 4084
6575 6577
6843 6845
107 113
3775 3777
6631 6634
1186 1190
5540 5545
6968 6974
6503 6506
3394 3396
3896 3900
967 969
4541 4544
7060 7064
2508 2510
1389 1391
5917 5919
691 696
5255 5258
3667 3669
3115 3119
6024 6027
5541 5546
2816 2818
363 367
7186 7188
1624 1627
3622 3624
2582 2584
3587 3589
677 681
2426 2431
5708 5714
2575 2577
611 614
430 434
3681 3686
4837 4840
1960 1962
4794 4796
5306 5309
5336 5339
6934 6937
1407 1410
5181 5183
4055 4057
6166 6173
6146 6151
3734 3737
7001 7005
4563 4568
123 125
3301 3303
5344 5346
2179 2182
3296 3298
4347 4351
1088 1092
2945 2947
3846 3848
4846 4852
3146 3150
5346 5352
3035 3041
6429 6431
6812 6817
3304 3306
702 705
55 57
1613 1615
3721 3726
6066 6072
4800 4802
3140 3146
1903 1906
3777 3782
4042 4044
6885 6888
3664 3667
7025 7031
4248 4251
2768 2770
3007 3009
6987 6991
510 513
2603 2605
3369 3372
1065 1069
3938 3940
1107 1110
7217 7222
7152 7162
6950 6952
2227 2231
7339 7341
5975 5978
4305 4310
2358 2361
812 815
4449 4452
3060 3063
7148 7150
6677 6679
997 999
3650 3653
434 436
6045 6047
4676 4678
140 142
4464 4467
1743 1748
3625 3627
3924 3926
5566 5569
4657 4659
3048 3050
1456 1459
2671 2676
2866 2869
7164 7168
7463 7465
7150 7158
6524 6526
4385 4388
55 57
2441 2443
6066 6071
3467 3470
221 224
420 425
6245 6247
903 907
4523 4527
4846 4851
4460 4462
1515 1518
4364 4366
3525 3532
5761 5764
1909 1913
762 766
2718 2720
4690 4693
4351 4353
115 117
4447 4449
1327 1330
3918 3920
7183 7186
5024 5026
4726 4729
180 183
2284 2286
4617 4620
4331 4333
5131 5136
4844 4846
7426 7428
556 558
5269 5273
4254 4265
3108 3110
1846 1851
2342 2344
944 946
275 278
6847 6849
5284 5291
5057 5059
1907 1911
5375 5380
6473 6475
5504 5507
1755 1757
213 217
4086 4088
7453 7456
1569 1571
4668 4671
5488 5490
1824 1827
3879 3881
4907 4914
1753 1756
7393 7397
6837 6841
4430 4433
1834 1836
3134 3137
2650 2652
7438 7442
607 610
5494 5497
3046 3048
1904 1906
7211 7213
5048 5057
236 238
486 489
6770 6773
909 911
2438 2441
2671 2673
7356 7359
4069 4074
149 151
626 628
6087 6089
1407 1410
1226 1229
2972 2974
6436 6445
4042 4044
1830 1834
2150 2153
5515 5517
3241 3247
1259 1262
7164 7168
1548 1550
6347 6349
6889 6893
1702 1705
5758 5760
1609 1611
636 639
3922 3924
2478 2482
524 528
1589 1591
3667 3669
6323 6327
6871 6873
7422 7424
1340 1342
7208 7211
1598 1600
1665 1667
944 946
4447 4449
3830 3832
5797 5800
7197 7199
5058 5063
7158 7162
1917 1919
2478 2483
125 130
1086 1088
2201 2203
5874 5877
3926 3928
5793 5795
1086 1088
3820 3824
7001 7005
1646 1653
1176 1180
5752 5754
1467 1469
1684 1689
4978 4980
6058 6060
3131 3134
3402 3406
7210 7212
2694 2696
6223 6226
674 677
159 162
5437 5440
715 719
930 934
3363 3367
3603 3605
3728 3731
4442 4445
5509 5514
4177 4180
6159 6161
6847 6849
2119 2122
7075 7078
5277 5280
4433 4436
3009 3013
5652 5657
5073 5077
6943 6946
808 810
5531 5534
4675 4677
7426 7428
3061 3065
1804 1806
2703 2707
6914 6916
5313 5316
1881 1885
6045 6047
6425 6428
3384 3386
1887 1891
6643 6647
5123 5130
3993 3996
6323 6327
425 428
6033 6036
750 752
3641 3644
2748 2751
4063 4065
144 146
325 327
2819 2822
149 151
6300 6305
1556 1559
2677 2679
194 198
4638 4640
895 899
2697 2701
6827 6829
6562 6564
1540 1544
6912 6915
6400 6403
6791 6797
3661 3663
1465 1468
6823 6827
1277 1282
6836 6839
3237 3246
2854 2857
6837 6839
5092 5096
2321 2323
6565 6567
5430 5432
5191 5193
6885 6888
5886 5888
2451 2455
2418 2420
7214 7216
3898 3901
528 530
930 934
454 457
477 480
7033 7035
2056 2059
7274 7278
4374 4376
4621 4624
4612 4615
5877 5879
4174 4176
2403 2409
2708 2712
5114 5117
5746 5752
5520 5522
1529 1531
7381 7383
5964 5966
1684 1689
1838 1840
6689 6691
7405 7407
1448 1450
1930 1932
6269 6272
6281 6283
674 677
6414 6417
1471 1473
3406 3408
1276 1279
3388 3390
6497 6502
2425 2429
2863 2866
5393 5396
6786 6791
54 57
2384 2387
6905 6908
3753 3756
5698 5704
2661 2663
6635 6637
2310 2315
5346 5352
3304 3307
1694 1699
1426 1428
3297 3299
6754 6756
379 382
1144 1148
5565 5568
1800 1802
1553 1556
4157 4159
5426 5430
4102 4104
927 929
3360 3364
5040 5043
3125 3128
4675 4677
2460 2463
1092 1094
5477 5479
2530 2532
3802 3804
5561 5563
399 401
5864 5869
6923 6925
3169 3173
2392 2396
5735 5737
75 79
7024 7031
6351 6354
3525 3532
6047 6049
3154 3160
2295 2297
3412 3415
6338 6340
5836 5840
7374 7378
861 866
4076 4079
629 632
4137 4141
6734 6738
954 956
7304 7308
2521 2523
6444 6448
7066 7068
4298 4301
524 528
3980 3982
4105 4108
4925 4932
2283 2286
2270 2272
4808 4811
6400 6403
4844 4846
1230 1233
2896 2900
597 603
2041 2044
655 658
6493 6496
2442 2444
1896 1899
3785 3787
743 745
5497 5503
4951 4953
7338 7340
2151 2153
2633 2635
5082 5086
1451 1456
3376 3379
3815 3818
1065 1069
6479 6481
1002 1004
1054 1056
972 978
958 961
893 895
2636 2638
4417 4422
252 255
3756 3761
2235 2237
22 24
1544 1547
6275 6277
6384 6387
1667 1669
3834 3836
3808 3810
2281 2283
4216 4218
7289 7291
5468 5470
5352 5354
4376 4378
1904 1906
5240 5242
4015 4017
710 713
7147 7149
2179 2182
3412 3415
5825 5828
3348 3352
7225 7228
2587 2589
3214 3217
830 832
3663 3667
7194 7197
5092 5094
3282 3285
655 658
4082 4084
1433 1437
5780 5783
1255 1258
3316 3320
3546 3548
6290 6294
2718 2720
2987 2991
6372 6378
3312 3314
4592 4594
1137 1139
6568 6570
7069 7071
1706 1709
5602 5604
1193 1198
2172 2176
756 758
1221 1224
7091 7093
6526 6529
3128 3134
1359 1362
831 834
6195 6201
3536 3540
1795 1800
3137 3139
4069 4074
4961 4963
267 270
3019 3022
3788 3791
2387 2389
4870 4873
706 709
4581 4584
6334 6337
1553 1556
776 783
7174 7177
5919 5922
7164 7168
796 798
5625 5627
6935 6937
275 278
1226 1230
5449 5455
3497 3501
5925 5931
3933 3938
2975 2978
4890 4893
6757 6761
2045 2051
6180 6182
147 149
3512 3514
2609 2612
847 851
2219 2221
5846 5855
28 33
2161 2164
4890 4894
4680 4682
4248 4251
2235 2240
428 430
6906 6909
5048 5055
5925 5931
4137 4141
3806 3809
617 625
2779 2782
2184 2187
1042 1046
4716 4718
1323 1327
6995 6997
3525 3532
3384 3386
3035 3040
1398 1401
1531 1535
1018 1021
5529 5531
6279 6281
140 142
2084 2090
7325 7327
3466 3468
3409 3412
570 573
3787 3790
2995 2999
2173 2177
4521 4524
4532 4535
4705 4711
1234 1238
1811 1813
3364 3367
4038 4041
5164 5166
6654 6658
5457 5460
597 603
4188 4191
5815 5819
7085 7087
796 802
4166 4169
4373 4376
3304 3306
6935 6939
2858 2861
4904 4907
691 696
5374 5378
6417 6421
4731 4733
34 37
6956 6958
6587 6589
3947 3949
6536 6539
2520 2523
2105 2110
6099 6105
7385 7389
5331 5334
5507 5509
1762 1765
155 158
857 859
4224 4227
3342 3346
6247 6249
4368 4371
1717 1720
1941 1943
2789 2791
6734 6738
6612 6614
5064 5067
3040 3043
3741 3744
5904 5906
6923 6925
1727 1730
3237 3246
3407 3409
1940 1942
369 373
840 842
2159 2164
5622 5625
4057 4063
4593 4595
5664 5666
334 337
5982 5985
5708 5712
3490 3493
4699 4703
173 176
4846 4851
1621 1623
1098 1100
6417 6421
5235 5242
1448 1450
3201 3203
2056 2059
841 843
2789 2791
3137 3140
3565 3568
3791 3793
4875 4878
6414 6417
4846 4851
7130 7133
4741 4743
7226 7229
4671 4673
6060 6062
1159 1163
4615 4617
55 58
1117 1119
7349 7351
3169 3174
5016 5018
2664 2666
528 532
4265 4268
2084 2090
4439 4442
3525 3532
1773 1777
2004 2008
2634 2636
3815 3818
6434 6436
5548 5550
4374 4376
3472 3475
4203 4206
5956 5958
2410 2412
1286 1288
5646 5649
4006 4008
5326 5328
5993 5996
2368 2374
7501 -1
3200 3202
1505 1508
4633 4636
7269 7271
5335 5339
6776 6779
1540 1542
7039 7042
1529 1535
5396 5399
6298 6300
4179 4182
1018 1025
4135 4137
5912 5915
1144 1147
5375 5380
5836 5840
7412 7416
677 681
820 829
6858 6861
5194 5196
969 971
3551 3554
2500 2502
4256 4265
4237 4242
4946 4949
3320 3323
6718 6722
7261 7263
5976 5978
1843 1845
3195 3197
7011 7013
4045 4049
6205 6207
3212 3214
6098 6100
2169 2172
5801 5806
16 18
561 563
6583 6587
3785 3787
4151 4155
2603 2605
3431 3433
1731 1736
3928 3931
5182 5185
3934 3939
1622 1624
972 978
1548 1550
3080 3082
885 888
2598 2602
1473 1476
1535 1537
457 459
6066 6071
6358 6361
3128 3134
3477 3483
6137 6143
7129 7131
534 538
6417 6421
6131 6134
5596 5601
2623 2625
1018 1025
1 7
2995 3000
3477 3483
4012 4014
5828 5831
674 677
3734 3739
3407 3409
6410 6413
337 339
2270 2272
6398 6400
4549 4555
4885 4888
4662 4667
5554 5557
5441 5445
5683 5687
5906 5908
1368 1373
6372 6377
7359 7363
5614 5619
300 303
7431 7434
5584 5586
6897 6899
3125 3128
2954 2958
6222 6226
6384 6389
5580 5584
2659 2661
1225 1229
1540 1542
3581 3583
87 92
5746 5754
5415 5417
4868 4870
5607 5609
1614 1617
4545 4547
6066 6071
2564 2566
5574 5578
784 786
4754 4757
2907 2910
7404 7407
4391 4393
5676 5681
944 946
4256 4265
6479 6481
5096 5100
3753 3755
6323 6327
2742 2746
1878 1881
5586 5590
434 436
6358 6361
4188 4190
5393 5396
2497 2499
3956 3958
2059 2063
1624 1628
374 376
246 248
6665 6667
5216 5218
1311 1314
6085 6089
710 715
1560 1562
5945 5949
5640 5643
2770 2773
3963 3967
4968 4970
2261 2264
4630 4634
3035 3041
1615 1617
2420 2424
3199 3201
2211 2214
2240 2245
1003 1005
7430 7432
1586 1588
5306 5309
3554 3557
5915 5917
3762 3765
4013 4015
6873 6878
5336 5341
3303 3306
4508 4510
6217 6219
2036 2039
5596 5601
246 248
3237 3241
4641 4644
4586 4589
4298 4301
956 958
1683 1689
2820 2822
509 512
3035 3040
1586 1588
6322 6327
4859 4861
921 924
1108 1110
4795 4797
5590 5594
5584 5586
4197 4201
6246 6249
490 492
6137 6143
1334 1337
6096 6098
2926 2928
6583 6587
1610 1612
4256 4266
303 305
6765 6767
5432 5436
2346 2353
2578 2580
1047 1049
5342 5345
6900 6902
674 677
4627 4630
1218 1221
2939 2944
4832 4835
1503 1507
2478 2483
2848 2854
3301 3303
1283 1285
5371 5373
246 248
5626 5628
7291 7295
7025 7032
471 477
3895 3898
4603 4605
3274 3277
6742 6745
2102 2104
2513 2516
5724 5726
1986 1991
1442 1445
3846 3849
691 693
1442 1445
1524 1526
3532 3535
4102 4104
649 652
6538 6540
1673 1675
2947 2949
6108 6110
1748 1753
6520 6523
1706 1708
5530 5533
4320 4323
6604 6606
3654 3656
3860 3862
2277 2281
3688 3690
2907 2910
3664 3667
5423 5425
6015 6020
4298 4303
1773 1778
6595 6599
2189 2191
7205 7208
6305 6308
3617 3619
3312 3314
6436 6444
4389 4391
51 55
6407 6410
5141 5144
1376 1378
3342 3346
834 836
7035 7037
2806 2809
120 122
7327 7329
1446 1448
4112 4116
4201 4203
2075 2081
4964 4968
5494 5497
6060 6063
5285 5296
2030 2032
2725 2728
4003 4006
5840 5843
2831 2833
3876 3879
6986 6991
6699 6704
6245 6247
7080 7083
2792 2796
5345 5352
5309 5311
3188 3191
325 328
2169 2172
7449 7451
6339 6342
1263 1265
1087 1089
5919 5921
5869 5871
7023 7025
2534 2536
1612 1614
1459 1461
6164 6166
5586 5590
5011 5014
7461 7463
2652 2655
337 340
3131 3134
4933 4937
5473 5475
3082 3084
2876 2881
1291 1296
7199 7202
133 135
2497 2500
4941 4944
426 428
5494 5496
1885 1887
1808 1811
2056 2059
829 831
4228 4232
5757 5760
3374 3376
3379 3383
6027 6033
2549 2552
1240 1242
4076 4081
2504 2508
184 187
4626 4630
6355 6357
7389 7391
2227 2230
3525 3532
4584 4586
6583 6586
3718 3720
5691 5693
7 9
7018 7020
904 908
6125 6130
5120 5122
2392 2396
5786 5792
820 829
7162 7164
4319 4322
5406 5409
5101 5103
447 449
392 394
1097 1099
1242 1244
1368 1373
3330 3332
1108 1111
2179 2182
2893 2896
4690 4693
3029 3032
6323 6327
2451 2453
282 285
1368 1376
4197 4201
3994 3996
5494 5497
6261 6264
5160 5162
3532 3535
3068 3070
6648 6651
2688 2691
1787 1789
4396 4398
4705 4711
7013 7018
3986 3990
3089 3094
1577 1579
1259 1262
6532 6534
1992 1996
4627 4633
168 171
2513 2516
5960 5962
7068 7070
3775 3777
5892 5895
1529 1531
2896 2900
4814 4816
5235 5240
5112 5114
4430 4433
6964 6968
535 538
3905 3908
2144 2147
4556 4563
319 321
3808 3810
5548 5550
3876 3878
3849 3852
3830 3832
2917 2919
953 956
1856 1859
2101 2103
6092 6094
716 719
532 535
6811 6817
2685 2687
5639 5641
325 327
4391 4393
4289 4291
499 503
376 379
4212 4216
7418 7420
5802 5806
6595 6599
28 33
596 598
4335 4337
4904 4907
2756 2760
5336 5339
2312 2315
6738 6742
503 507
4049 4052
6110 6115
5104 5106
3461 3463
4061 4063
6984 6987
3957 3959
2494 2497
7190 7193
7025 7031
1003 1005
5331 5335
6604 6606
4998 5000
1952 1955
4508 4510
2504 2508
2869 2873
4751 4753
5771 5773
5705 5708
3675 3678
3980 3982
971 978
5309 5311
4009 4012
5465 5468
5995 5998
2992 2994
4728 4730
4099 4102
2608 2610
6477 6479
5533 5535
1368 1373
3019 3022
6909 6912
6828 6834
5613 5618
38 40
16 18
1732 1736
2323 2327
396 399
4398 4401
1893 1895
5836 5840
2638 2640
5152 5154
3773 3775
6782 6786
1669 1672
3815 3818
7453 7456
3839 3841
1556 1558
883 886
5339 5342
2568 2570
5815 5819
486 490
5180 5182
5636 5639
6527 6529
2609 2612
7071 7073
4389 4391
2671 2673
123 125
4736 4738
5964 5967
650 654
6769 6772
666 669
4320 4323
2161 2164
3188 3190
2577 2580
5441 5444
311 313
786 789
3233 3237
2230 2234
4918 4921
4964 4969
5465 5468
4741 4743
6861 6865
6012 6015
4922 4924
7318 7321
4041 4044
5596 5602
4224 4228
4177 4180
2235 2240
4256 4265
2399 2408
4881 4883
4042 4045
7253 7255
3402 3406
7164 7169
1268 1273
5484 5486
6264 6267
4885 4888
1738 1740
3956 3958
7125 7127
1777 1779
4662 4668
4190 4192
4932 4934
3503 3506
6683 6689
969 971
5430 5432
141 143
967 969
5872 5877
7091 7094
7475 7485
2431 2433
1514 1518
3739 3741
5641 5643
5688 5691
3335 3338
4126 4130
3134 3137
910 913
820 829
3116 3119
1804 1807
2054 2056
5426 5430
5117 5120
6155 6158
1333 1336
3958 3960
3060 3063
500 506
2564 2568
2145 2147
6078 6082
1067 1070
6672 6674
6317 6321
4968 4970
2658 2660
3690 3692
178 180
5437 5441
2931 2934
7347 7349
1615 1618
3317 3323
988 991
6861 6865
318 320
5701 5704
5831 5835
3212 3215
2119 2122
6631 6634
4472 4479
1629 1631
4861 4866
4720 4726
6658 6661
4972 4974
6596 6599
3698 3700
6117 6119
5074 5079
95 97
4611 4615
4926 4932
4023 4025
1992 1996
7158 7162
2981 2984
7137 7141
1485 1489
4926 4932
7238 7240
1702 1705
3352 3355
7325 7327
201 203
4177 4180
2979 2981
7054 7056
1891 1893
4691 4693
1033 1037
4757 4759
3330 3332
169 171
3332 3335
2312 2315
5835 5840
5569 5571
1808 1812
6655 6658
4746 4749
6902 6905
2165 2168
2092 2095
5522 5525
3373 3376
1531 1535
2975 2979
3146 3149
2426 2429
809 811
5734 5736
911 915
40 42
1567 1571
1681 1683
4831 4834
5607 5609
2768 2773
1331 1333
1007 1010
648 650
2939 2944
5605 5608
4841 4844
3297 3299
6300 6305
4596 4598
3418 3422
6066 6071
4532 4535
2812 2815
1813 1816
4890 4894
4867 4869
6968 6974
7087 7090
4976 4979
7269 7271
3756 3761
2855 2858
2211 2217
5907 5909
5580 5584
6899 6901
4061 4063
1384 1386
3616 3618
3166 3173
1311 1314
578 580
3324 3328
3815 3818
1110 1114
4107 4111
2235 2240
3232 3235
5406 5409
6490 6492
4514 4517
406 408
6429 6431
3661 3664
3269 3272
1230 1234
5364 5366
2157 2159
7246 7248
908 910
6812 6818
634 636
4309 4313
2677 2679
561 563
691 696
2568 2570
854 857
2056 2060
5594 5596
2306 2308
1607 1610
2381 2385
6693 6695
3131 3134
5671 5673
3908 3910
3747 3750
5449 5455
2157 2159
3852 3854
6893 6896
3601 3603
1846 1850
520 522
2488 2490
4294 4298
3994 3996
2120 2122
3900 3902
1629 1631
813 815
4612 4615
633 635
6311 6314
3221 3223
3902 3905
184 187
5130 5136
1359 1362
598 603
6943 6946
3756 3761
956 958
5419 5421
3472 3477
5622 5624
1646 1653
3166 3169
1498 1501
693 696
164 167
5059 5063
1718 1720
6169 6174
3237 3241
1121 1127
341 344
3860 3862
756 758
2896 2900
306 308
4462 4464
2520 2523
6978 6983
4627 4630
309 311
7111 7115
6641 6643
5185 5190
5972 5975
916 918
7421 7423
3532 3535
4406 4411
2364 2366
6514 6516
2084 2090
3364 3367
1771 1773
370 373
1720 1724
3080 3082
696 700
2222 2224
7439 7444
2108 2111
3352 3355
3911 3914
7041 7043
6477 6480
2504 2508
595 597
3864 3867
4808 4811
6569 6572
5457 5460
2925 2927
437 442
2491 2494
5028 5032
4861 4866
4796 4799
6978 6983
4563 4568
3605 3608
715 719
2714 2718
3320 3323
4065 4067
3540 3542
4012 4014
3115 3119
1438 1442
1749 1753
3846 3848
1548 1551
6400 6403
4960 4962
5846 5850
2151 2155
3633 3635
6384 6387
5421 5423
5426 5432
548 552
5935 5937
4563 4568
2920 2925
890 892
1868 1870
3330 3332
4763 4765
3264 3266
1846 1851
2753 2756
2667 2669
1484 1489
6188 6191
2869 2873
4992 4994
1839 1841
2017 2020
348 353
6358 6360
2663 2665
1962 1966
1795 1800
6182 6185
2444 2446
7496 7498
1966 1969
1395 1397
7487 7492
1946 1948
1303 1305
1234 1239
2464 2467
1622 1624
3299 3301
2770 2773
7289 7295
1438 1443
7408 7412
6878 6880
4386 4388
6426 6428
2640 2642
4254 4265
6929 6931
6963 6968
2640 2642
2934 2936
1726 1728
294 297
4952 4954
1360 1362
4269 4273
4216 4218
3022 3029
2269 2271
2934 2936
1521 1523
1886 1890
3762 3766
5059 5063
4720 4726
6262 6266
845 847
4944 4946
7459 7463
210 213
6996 6999
6917 6919
2403 2409
4699 4703
3575 3577
4582 4586
4188 4190
2876 2878
727 733
2368 2374
853 855
1838 1840
1239 1241
7313 7318
5270 5275
5228 5230
1836 1838
305 307
815 817
4649 4654
6622 6626
1007 1009
7453 7457
1987 1991
6257 6261
4657 4659
3769 3772
4559 4563
7248 7250
4357 4359
7087 7091
5339 5342
7229 7232
2169 2172
7310 7313
5251 5255
104 107
2056 2060
3446 3450
556 558
3591 3593
687 690
4417 4422
7261 7263
2316 2320
6453 6455
3022 3029
1981 1985
1067 1070
1835 1837
2403 2408
5030 5033
270 273
5884 5888
507 509
4063 4067
2770 2773
3140 3146
5831 5835
1075 1078
2969 2972
3409 3415
496 498
312 318
5131 5136
5366 5370
2099 2101
347 353
6583 6587
5255 5259
3374 3376
3247 3250
3658 3660
2557 2559
4449 4452
1788 1790
3396 3400
6323 6329
5978 5983
942 944
4042 4044
5793 5795
3467 3470
5394 5397
167 169
420 422
1542 1546
4922 4924
1345 1348
6997 6999
901 903
2436 2441
6257 6261
3264 3266
3311 3313
1006 1009
4303 4305
3306 3308
2947 2950
3070 3073
3744 3747
2059 2063
3337 3339
149 151
6076 6078
3205 3209
1881 1885
3508 3511
2523 2527
3934 3938
3022 3029
2151 2153
6682 6688
4415 4422
2811 2814
4529 4532
7330 7333
1194 1199
7190 7193
6885 6889
2004 2008
2410 2412
2446 2448
6066 6072
1194 1198
2995 2999
3770 3772
872 876
3443 3447
1857 1860
1489 1495
7060 7062
3523 3532
1860 1862
739 743
4372 4374
1670 1672
3681 3683
7152 7158
4365 4367
598 603
4523 4527
1240 1242
125 130
2097 2099
3525 3532
340 342
5613 5618
6378 6382
2435 2438
5652 5657
6417 6419
425 428
2796 2799
2910 2912
506 508
1075 1078
7363 7365
3704 3706
2916 2918
7064 7067
7428 7430
3873 3875
3982 3985
3591 3593
515 518
5950 5952
5449 5455
4575 4579
4776 4778
5108 5112
6556 6560
3978 3980
1446 1448
4584 4586
3679 3681
6470 6473
7184 7186
5871 5874
5872 5877
6077 6082
7122 7124
4625 4627
2104 2108
3203 3209
1103 1105
2261 2264
6028 6033
6721 6724
3022 3029
6278 6281
6553 6556
370 374
3718 3720
3532 3535
639 641
2361 2363
3487 3489
180 183
3566 3568
1977 1979
3454 3458
6279 6281
113 115
2049 2051
845 849
444 446
7162 7164
2127 2129
2876 2878
1773 1777
6964 6974
4662 4667
5484 5486
909 911
4656 4658
3521 3525
2725 2728
3458 3461
3137 3140
2800 2804
6164 6166
169 172
6978 6983
1114 1117
6021 6024
5609 5611
3941 3943
744 746
5226 5229
3624 3627
2460 2464
153 155
5886 5890
2975 2978
4086 4088
4151 4156
3203 3209
149 151
5106 5108
6145 6148
6222 6226
6931 6934
6995 6997
4898 4904
6066 6072
1702 1705
668 671
677 681
313 318
3998 4001
1741 1743
911 913
5831 5835
2763 2766
5015 5018
4721 4726
869 872
6812 6817
552 556
3179 3182
2460 2463
6323 6327
4366 4368
3335 3337
252 255
2768 2773
6880 6883
2315 2319
2179 2182
677 680
3447 3450
4819 4822
2691 2694
1336 1338
5499 5504
2123 2127
4854 4856
752 754
3978 3980
6205 6208
5101 5103
6368 6370
3010 3013
1484 1489
1368 1373
2602 2605
4081 4083
4571 4573
6818 6821
3151 3154
2685 2687
7485 7492
1337 1339
2969 2972
6617 6619
71 74
1773 1777
6805 6807
1599 1602
3747 3750
2147 2149
3791 3794
2679 2681
4824 4829
5758 5761
1416 1422
5468 5472
1835 1837
6004 6006
724 726
5610 5612
6137 6143
2945 2949
1087 1089
1923 1928
2891 2893
1485 1489
3299 3301
1705 1708
5354 5357
3917 3919
2563 2566
7080 7083
7255 7258
6658 6663
5141 5144
3472 3475
3910 3912
6292 6295
1305 1308
1089 1092
2194 2199
7025 7031
2051 2056
3190 3192
2403 2408
2158 2161
3728 3731
6722 6724
7439 7442
6309 6311
2247 2250
1720 1724
3431 3436
4603 4605
6837 6839
6111 6115
7264 7268
2231 2235
5555 5557
6098 6100
2116 2118
5342 5344
6111 6115
688 690
5388 5390
4289 4291
2306 2310
6984 6986
1249 1251
4824 4830
1158 1163
5976 5982
4721 4726
3871 3875
5797 5800
569 571
592 595
3934 3938
6046 6049
3316 3320
1652 1654
5457 5460
786 788
1301 1303
1287 1290
2992 2995
2799 2804
3364 3367
4512 4514
4743 4746
422 425
1547 1550
2275 2280
5641 5643
7409 7414
4592 4594
5952 5954
4277 4279
1485 1489
588 591
5850 5855
5378 5382
494 497
3627 3630
4194 4196
1795 1799
4888 4890
6361 6363
4033 4035
6038 6040
516 518
524 527
503 506
1242 1244
3175 3178
4173 4175
379 381
5941 5944
6066 6071
4785 4789
378 381
3339 3342
3934 3939
5752 5754
5525 5529
2219 2222
5182 5185
2750 2752
4728 4730
5082 5085
5787 5792
3614 3616
4780 4783
1047 1050
4834 4836
5657 5660
5841 5843
5919 5921
2105 2108
793 796
2874 2876
861 866
4705 4711
5371 5374
1285 1287
1422 1426
2804 2808
5923 5925
3074 3077
5406 5409
4045 4049
4067 4070
3378 3383
2426 2431
1806 1808
5557 5559
3324 3327
2281 2283
791 793
6829 6834
1323 1326
5720 5722
3844 3848
892 894
5631 5635
2753 2756
4373 4376
4932 4934
7241 7244
5733 5735
5251 5255
6551 6553
4985 4988
5164 5166
3654 3656
4067 4070
7037 7039
968 970
399 401
3750 3752
791 793
3919 3921
5316 5319
7054 7056
1296 1298
5786 5792
3955 3957
452 454
5406 5409
7196 7198
2399 2403
425 428
1749 1755
5966 5968
829 831
2858 2861
1127 1136
6016 6021
348 353
3958 3960
57 59
7199 7202
603 605
3010 3013
1057 1059
1800 1802
227 229
6889 6894
552 556
2577 2580
1891 1893
2691 2695
5131 5136
2873 2875
3384 3386
6844 6846
6601 6605
4579 4582
4491 4495
4569 4571
1181 1183
1117 1120
3953 3955
728 734
3161 3164
2593 2595
3686 3688
3029 3031
2322 2325
6486 6488
4536 4538
4651 4654
3313 3315
7148 7150
4213 4216
449 451
6348 6351
5000 5009
728 733
2746 2748
2355 2358
233 236
3574 3576
3340 3344
4504 4506
5507 5514
1773 1777
3711 3713
5864 5869
1142 1147
713 715
6249 6252
6695 6697
4589 4591
2732 2735
3402 3406
4926 4932
7152 7158
3188 3191
2012 2015
6407 6410
6342 6345
119 122
691 693
3315 3317
4775 4777
6181 6185
5440 5444
3615 3617
3442 3446
6340 6342
1628 1631
3272 3274
7337 7339
3917 3919
3121 3128
6396 6398
105 107
642 644
6823 6827
2516 2520
357 359
4636 4638
3892 3895
5219 5222
579 581
4248 4251
6166 6169
5564 5566
4871 4874
4746 4749
2334 2338
7018 7020
7387 7390
5945 5950
4079 4081
6358 6361
4819 4822
5636 5639
6342 6345
680 683
2148 2150
2809 2811
3641 3643
7369 7374
6569 6572
5611 5613
2433 2435
7374 7378
2697 2701
7087 7090
7295 7298
540 546
1987 1992
2246 2250
6818 6820
4327 4330
1204 1206
5235 5240
759 762
3352 3355
3418 3422
1310 1314
701 705
6155 6158
1610 1612
4266 4268
2776 2778
7250 7252
4379 4383
2504 2509
151 153
4135 4140
1344 1346
5147 5149
5913 5915
2958 2961
4673 4675
3824 3827
1226 1229
6699 6703
3188 3190
6776 6779
411 413
3971 3973
2327 2329
3022 3029
1515 1518
4044 4049
7099 7103
2108 2111
2319 2321
4549 4556
2595 2597
2245 2247
3791 3794
2528 2530
4904 4907
5204 5206
2725 2728
7264 7269
7416 7419
1376 1378
4992 4994
200 202
2906 2908
167 169
1732 1736
7075 7078
6896 6898
6500 6502
2866 2873
7171 7174
3140 3146
5499 5503
5937 5939
3304 3307
776 780
1360 1362
2036 2039
4506 4508
6681 6683
1542 1544
322 327
3134 3137
835 837
3397 3400
5016 5019
5255 5258
4519 4521
4581 4584
3422 3425
1268 1273
3679 3683
459 462
6762 6765
3638 3640
6058 6060
5070 5074
1001 1003
4045 4049
2796 2799
4004 4006
4676 4678
3934 3938
1785 1788
2275 2277
690 693
5043 5048
4012 4014
7494 7497
5819 5823
6033 6037
1378 1381
6033 6036
3853 3855
3625 3627
3383 3386
2199 2202
2876 2881
5808 5812
6734 6739
6854 6857
2397 2399
4947 4951
1771 1777
506 508
5897 5903
4373 4376
1430 1432
5473 5475
7142 7144
7261 7263
541 546
5096 5100
5000 5009
818 820
2939 2944
7453 7457
5044 5048
2566 2568
4514 4517
4462 4464
3056 3061
1537 1539
1925 1928
7453 7456
3606 3608
4736 4738
3661 3664
2497 2499
3898 3901
1794 1799
2031 2033
57 59
6900 6902
4926 4932
1874 1876
7152 7158
5900 5903
4305 4309
5829 5833
1262 1264
2918 2920
3525 3532
5641 5643
1618 1621
6514 6517
3659 3661
2536 2538
1384 1386
1016 1018
6523 6525
5353 5355
3543 3546
1962 1965
4108 4112
1773 1777
940 942
4496 4498
1500 1502
3257 3259
5864 5867
6051 6054
5362 5364
309 311
497 499
5383 5386
2864 2866
4846 4851
1183 1185
5424 5426
4313 4315
3570 3573
6573 6575
55 57
552 556
5872 5877
5456 5460
5108 5111
5921 5923
4027 4031
4092 4098
7473 7485
1359 1362
363 366
5301 5303
4131 4135
5810 5814
125 130
5676 5680
6305 6309
1525 1527
2656 2659
3850 3852
4612 4616
7366 7368
5888 5890
5044 5055
4918 4921
1881 1885
4793 4795
7180 7182
3928 3931
3767 3769
6040 6044
1277 1282
7152 7158
447 449
28 33
2494 2497
3737 3740
402 406
1049 1051
2261 2264
5545 5547
4292 4294
4659 4661
3933 3938
5962 5966
6721 6724
570 573
447 449
5278 5280
5144 5146
1093 1097
4023 4025
1804 1806
2773 2776
3490 3493
6115 6117
7273 7275
1773 1777
357 359
3820 3824
4742 4744
6165 6169
3721 3726
5123 5130
3241 3246
5012 5015
1919 1921
3734 3739
7459 7463
2240 2245
479 481
2975 2978
5746 5752
1007 1009
288 291
5829 5831
4197 4201
1909 1913
6143 6145
6607 6610
4993 4995
2914 2917
3125 3128
374 378
4686 4688
755 757
1159 1163
36 38
6857 6859
3116 3119
155 158
6757 6761
3721 3726
3045 3047
1194 1198
2603 2607
1925 1929
4122 4125
972 978
3603 3606
4026 4031
6689 6691
3394 3396
7225 7228
5874 5877
4657 4659
280 282
3813 3815
3509 3512
5856 5858
1933 1935
144 147
6880 6883
2818 2820
6839 6842
6764 6767
2696 2701
6356 6358
674 680
3300 3303
1094 1097
5368 5370
4450 4453
1169 1171
6550 6552
3202 3205
4575 4579
3828 3830
1186 1189
1818 1820
4545 4547
1350 1354
5194 5196
6829 6834
2858 2861
1559 1562
5641 5645
7233 7236
2420 2424
5149 5152
7163 7168
5653 5657
5175 5177
1744 1749
4846 4852
7445 7448
2159 2164
3497 3499
5089 5091
2843 2847
5726 5728
4038 4041
2030 2032
6586 6588
5612 5614
3442 3446
60 62
6929 6931
5573 5576
4778 4780
2237 2245
6691 6694
5614 5618
5860 5862
2900 2902
6941 6943
2652 2654
5843 5846
614 617
5954 5956
1529 1535
4612 4616
5647 5649
5858 5860
4107 4111
6033 6037
44 46
3016 3019
1288 1291
4406 4411
5375 5378
886 888
5011 5014
5691 5693
2593 2596
1535 1537
4736 4739
6090 6092
26 33
5520 5522
2214 2217
5183 5188
1505 1508
2250 2253
541 546
2153 2156
1451 1456
2770 2773
5204 5206
4192 4194
2577 2580
3094 3096
6151 6154
7241 7246
3883 3885
2497 2500
4196 4201
5689 5693
1302 1305
3828 3831
1741 1743
1923 1925
1427 1429
2676 2679
3477 3483
2142 2144
5923 5927
1769 1773
935 938
3363 3367
6829 6834
1778 1780
3348 3352
5586 5590
1537 1539
5278 5281
4596 4599
1384 1388
3158 3161
1159 1163
1224 1226
5394 5397
4237 4241
1732 1737
393 396
1773 1777
5167 5169
1537 1539
1193 1198
1944 1946
3425 3429
6021 6027
6009 6012
598 603
6275 6277
3182 3190
3519 3521
7223 7226
5146 5148
6655 6658
1190 1193
2779 2783
6039 6041
3285 3289
5030 5033
5661 5663
3934 3938
2392 2396
4084 4087
519 522
1548 1551
6523 6525
4498 4503
3503 3506
3055 3060
964 967
5802 5807
4532 4535
2084 2090
2273 2275
1646 1652
3575 3577
2733 2736
387 390
3075 3078
5557 5559
1204 1208
24 26
6630 6633
4898 4904
4777 4779
2363 2365
5499 5503
746 748
3853 3855
2613 2616
6226 6229
5962 5964
13 15
5346 5353
3938 3940
411 413
1683 1689
483 485
7050 7054
7210 7212
3998 4001
353 356
1381 1383
2338 2342
141 143
6314 6316
3492 3494
5415 5419
2656 2658
3606 3609
2869 2873
3521 3523
5165 5167
6506 6509
5497 5499
6646 6648
2298 2306
1049 1051
2411 2413
6873 6877
1941 1943
3052 3055
2800 2806
2538 2540
5730 5732
2096 2099
7359 7363
5101 5103
118 120
3259 3262
3162 3165
2896 2898
1422 1425
374 378
855 859
1760 1762
6540 6544
173 176
6697 6699
1713 1717
7469 7472
4411 4415
4386 4389
2575 2577
5908 5910
1219 1222
2974 2978
7152 7158
6538 6540
5270 5273
3342 3346
5323 5325
530 534
3750 3753
5465 5468
5243 5247
7043 7048
7422 7424
4398 4401
5385 5388
5927 5931
1194 1198
2937 2944
2358 2361
3635 3639
292 294
346 348
7013 7018
2275 2277
4785 4789
1147 1149
3690 3692
1582 1585
5196 5198
769 771
4256 4265
98 100
4333 4335
6926 6929
6885 6888
2702 2707
1612 1614
7340 7342
2714 2718
5547 5549
187 189
5449 5455
4412 4415
5565 5568
1744 1748
2806 2808
3035 3040
6844 6846
3110 3113
3542 3546
2937 2944
2364 2366
6512 6514
3841 3843
6643 6646
5074 5079
2090 2095
5172 5175
5048 5055
556 558
7111 7115
4151 4155
573 577
82 84
2603 2605
5406 5409
2343 2346
6807 6811
1193 1198
3402 3406
808 810
5493 5496
2325 2327
7115 7119
6957 6959
5668 5671
7325 7327
3810 3812
4125 4130
385 387
5359 5361
2129 2131
6961 6963
6648 6650
3045 3047
6323 6327
1987 1991
5169 5172
5036 5038
1505 1508
4598 4602
5633 5636
2142 2144
859 866
816 818
6160 6163
7438 7442
1355 1357
4582 4584
2950 2952
2837 2839
4942 4944
257 259
4871 4874
7439 7444
4980 4983
6398 6403
5705 5712
4194 4196
1007 1009
2049 2051
1638 1641
3192 3194
4926 4933
348 353
1728 1731
3061 3063
5658 5661
910 913
2206 2209
1656 1661
3693 3698
2703 2707
3855 3857
6733 6738
6094 6096
6372 6377
2005 2008
3565 3568
7198 7202
1397 1401
6355 6357
6829 6834
687 690
527 530
4579 4582
5196 5198
210 217
1291 1296
1802 1806
1140 1144
4472 4477
3149 3151
964 967
6279 6283
5122 5130
636 639
6237 6242
6237 6239
883 886
6630 6633
4563 4568
4504 4506
1519 1521
7022 7024
3892 3896
1239 1241
5309 5313
5726 5729
4448 4450
4246 4248
1124 1127
252 255
5103 5105
650 654
5584 5586
6812 6817
2189 2192
5653 5657
6773 6775
748 750
5108 5112
6166 6173
328 333
567 569
1851 1853
7211 7213
1592 1594
5048 5055
805 807
2664 2666
1396 1398
4634 4636
6709 6714
7251 7253
2504 2508
2322 2325
6066 6071
2456 2459
5829 5833
238 243
6202 6205
2939 2944
1302 1305
4224 4228
416 420
5653 5657
2766 2770
7058 7062
434 436
5954 5956
7177 7180
1229 1233
3182 3188
4105 4108
6978 6984
6320 6322
1950 1953
946 948
6065 6071
6296 6298
6655 6661
4535 4537
6812 6817
6436 6445
2618 2623
1760 1762
6083 6085
3811 3813
3702 3704
6367 6369
3550 3553
6889 6894
5346 5352
3832 3834
5596 5601
4999 5009
820 829
1473 1476
868 872
4455 4460
7469 7472
7291 7295
5318 5321
4347 4351
4612 4615
2966 2968
2436 2441
5622 5625
4608 4612
4705 4711
1323 1326
6923 6925
3664 3667
3490 3493
982 984
6944 6949
2069 2071
5580 5584
4675 4677
444 446
1163 1165
1581 1585
6823 6828
2733 2736
3257 3259
2338 2342
7075 7077
6480 6482
1 7
4851 4853
2151 2155
3728 3731
6811 6817
5693 5696
3066 3069
3140 3146
4469 4472
1 7
5808 5812
3352 3355
7217 7221
3686 3688
3340 3344
5361 5363
1955 1957
7412 7414
5158 5160
5864 5867
7401 7404
6779 6781
1451 1456
1087 1089
4256 4265
2685 2687
2541 2545
5912 5915
4182 4185
6523 6525
3969 3971
5833 5836
6016 6021
4403 4406
1279 1282
1405 1407
918 920
6419 6421
5554 5557
3674 3677
4925 4932
4294 4298
4403 4406
1827 1829
4186 4190
6271 6273
5258 5260
2681 2683
1229 1233
6436 6444
2576 2578
6914 6916
2838 2843
1627 1629
2514 2516
1795 1799
62 65
5131 5136
5570 5573
6289 6292
5326 5328
7475 7485
257 260
2478 2482
6546 6548
524 527
2306 2310
4435 4437
2756 2762
957 959
3418 3421
491 494
6004 6006
2240 2245
938 940
1896 1898
674 677
2931 2934
1484 1489
655 658
2665 2667
2368 2374
4697 4699
4926 4932
1563 1565
247 250
5437 5440
3429 3433
3128 3131
669 672
1727 1730
1159 1165
5504 5507
6390 6393
4498 4502
4751 4753
747 749
260 262
5764 5770
1820 1822
4283 4287
7233 7236
2652 2655
2051 2056
3517 3519
3726 3728
7259 7262
2922 2925
4623 4625
4292 4294
835 837
5627 5629
4108 4112
328 333
2590 2593
1825 1827
4291 4294
857 861
3402 3406
885 888
4192 4196
2027 2030
4442 4447
579 581
2934 2936
5165 5167
4678 4680
1544 1547
3588 3590
2179 2182
6974 6978
5149 5152
5249 5251
1540 1542
4651 4654
6426 6429
737 739
1969 1972
3813 3815
3472 3475
5605 5608
3938 3940
6212 6215
3219 3221
3421 3423
7232 7235
6354 6356
5486 5488
530 534
5092 5094
843 845
2272 2275
6997 7001
6158 6160
3001 3004
5246 5248
5740 5746
3681 3683
709 713
1348 1350
5449 5455
3578 3580
7093 7095
1804 1807
6946 6950
6249 6251
4599 4602
2310 2315
7319 7322
1518 1520
1193 1198
2095 2097
7039 7041
2913 2916
2906 2908
2092 2095
397 400
6877 6879
1667 1670
5871 5874
5378 5380
3875 3878
6672 6674
2120 2122
291 293
5036 5040
4910 4914
2926 2928
2929 2931
1853 1855
6491 6493
4269 4274
1641 1643
6323 6327
6406 6409
1234 1238
6650 6654
2363 2365
366 368
3437 3440
6470 6472
552 556
7038 7041
4491 4495
7313 7318
4345 4347
3713 3717
6400 6404
6169 6173
1368 1373
894 899
236 240
1390 1392
1840 1843
3999 4001
1115 1117
6589 6591
4643 4645
3963 3967
2281 2283
5622 5624
4620 4623
3298 3300
7401 7404
3812 3814
6092 6094
3418 3422
2327 2329
4210 4213
6182 6186
935 940
5895 5897
436 439
4180 4182
3492 3494
4794 4796
2981 2985
5961 5964
5344 5346
1198 1201
7261 7263
26 33
3427 3429
1789 1791
6193 6195
5291 5296
1482 1484
3121 3125
5103 5105
57 59
1308 1310
672 674
1317 1319
4273 4275
210 213
4105 4108
6993 6995
951 954
5085 5088
4946 4949
7110 7113
6774 6776
3089 3094
5082 5085
5460 5463
2298 2306
467 470
5550 5552
935 938
5798 5801
7133 7135
888 890
4768 4771
2287 2289
4447 4449
6467 6469
5373 5375
5787 5792
3128 3134
5212 5214
6062 6064
312 318
1378 1381
644 648
1038 1040
5449 5455
1459 1463
2695 2697
5123 5131
2139 2141
5365 5368
4837 4841
5000 5009
1765 1769
2796 2799
4172 4174
6614 6616
1812 1815
3295 3297
1443 1446
5638 5640
3596 3598
2888 2890
4033 4037
5937 5939
6295 6297
4961 4963
318 320
1316 1318
688 690
5359 5361
5792 5794
5825 5828
6407 6410
5580 5585
3266 3268
5557 5559
5982 5985
3454 3458
4049 4051
6111 6115
1021 1025
7501 -1
221 224
3622 3624
2858 2862
3591 3594
962 967
3616 3618
3902 3908
1287 1290
119 122
448 450
3131 3134
2316 2319
908 910
5064 5067
5117 5120
7405 7407
4651 4654
6231 6233
574 577
3850 3852
5142 5145
6544 6547
4492 4495
604 606
2063 2065
1684 1691
4859 4861
7229 7233
7264 7268
4926 4932
4824 4829
5580 5584
1027 1031
4098 4101
3964 3967
579 581
6053 6057
2966 2968
6431 6434
953 956
5752 5757
869 872
1631 1635
3777 3783
1815 1817
429 433
3355 3357
5862 5864
2661 2663
4372 4374
6400 6404
2433 2436
2294 2297
4316 4319
611 614
4289 4291
4915 4917
2051 2056
4256 4265
716 720
2329 2333
5815 5818
187 189
3566 3568
1539 1542
5405 5409
2882 2888
5531 5534
5529 5531
845 847
2691 2695
7041 7043
3111 3113
1213 1215
772 774
6841 6843
1483 1485
6467 6469
4885 4888
6053 6057
4009 4012
5313 5316
5601 5603
3964 3967
6853 6856
5296 5299
3477 3483
4504 4508
7093 7095
3630 3633
903 907
2694 2696
2992 2995
5183 5188
5190 5192
2502 2504
2478 2483
6279 6283
2954 2957
2908 2911
3356 3359
6169 6173
7487 7492
5900 5904
5683 5685
271 273
5595 5601
4757 4760
561 566
5410 5412
737 739
2571 2573
6284 6286
3205 3211
4739 4741
4502 4504
6205 6207
5970 5972
6490 6492
2259 2261
5461 5464
5744 5752
6021 6024
686 688
4254 4265
2354 2358
818 829
6335 6337
641 643
3896 3900
1244 1246
4141 4145
6305 6308
3374 3378
2617 2623
363 366
4510 4512
5229 5233
569 571
4202 4206
6623 6627
2981 2984
3813 3815
6812 6817
5136 5139
6984 6986
4904 4906
7207 7210
6161 6163
1573 1577
2308 2312
5472 5475
3378 3383
173 176
6269 6272
5262 5264
2836 2838
2957 2960
4341 4343
2488 2490
7007 7011
4662 4667
1224 1226
2919 2922
3525 3532
5339 5342
6742 6745
3752 3755
2346 2353
2978 2980
6131 6134
248 250
5614 5618
2531 2533
1191 1193
494 496
2718 2720
4559 4568
4636 4639
4705 4711
4890 4894
2024 2026
2051 2054
1459 1463
4009 4012
1691 1698
4811 4814
3798 3801
1291 1296
1175 1179
3587 3589
4435 4437
2431 2433
1415 1422
615 619
1689 1691
4313 4316
594 596
7358 7362
2219 2221
4428 4431
1199 1203
2312 2316
7371 7374
6509 6511
4221 4223
3154 3158
2753 2756
2358 2361
5070 5073
1724 1727
6039 6041
4894 4897
2301 2306
563 566
2153 2156
7190 7193
6239 6242
820 829
1012 1014
1482 1484
4437 4439
6620 6622
7129 7131
2247 2250
2797 2800
7023 7025
7459 7461
5856 5859
4627 4630
2153 2156
2563 2566
4579 4581
612 615
425 428
5944 5949
1052 1056
5139 5141
2947 2950
6108 6111
3547 3549
6674 6677
1377 1381
4032 4035
2855 2858
5411 5413
2334 2342
6688 6691
1028 1031
2017 2020
3041 3043
5079 5082
4316 4320
986 988
5375 5378
5836 5840
7289 7291
5545 5547
2793 2796
3756 3761
3777 3782
7050 7054
810 812
2833 2836
1282 1284
2834 2836
6473 6477
6266 6269
6912 6915
69 71
6548 6551
5773 5775
6536 6538
4303 4305
1163 1169
2534 2536
4940 4942
3455 3458
2593 2595
433 435
5361 5363
6251 6253
5264 5266
437 442
7310 7313
2995 2999
2289 2291
3656 3658
4511 4513
7164 7169
503 506
2904 2907
1431 1433
7341 7343
6300 6305
199 201
2639 2642
3437 3440
2656 2658
4276 4279
6092 6094
396 399
2289 2291
3052 3055
3152 3158
7420 7422
2776 2778
4472 4477
5620 5622
5302 5304
4577 4579
1643 1646
5922 5925
3425 3427
2947 2950
798 802
5285 5296
3225 3229
2399 2403
4655 4657
7152 7158
3565 3568
4893 4897
6352 6355
4871 4873
5296 5300
4605 4607
107 111
3235 3237
1599 1602
6269 6271
14 16
959 962
7001 7003
7025 7031
281 285
4241 4243
701 705
5112 5114
1753 1755
6040 6044
4819 4822
3573 3575
3675 3677
5355 5358
993 995
4447 4449
233 236
1124 1127
1660 1663
2603 2607
2312 2316
1407 1410
774 776
1577 1579
1342 1344
1836 1838
7349 7351
5985 5990
4251 4254
1283 1285
7451 7456
693 698
6952 6956
3232 3235
6202 6204
105 107
5141 5144
4216 4218
3200 3202
4087 4091
3560 3564
4346 4351
4641 4643
6674 6677
5380 5382
251 255
617 619
634 636
5300 5302
3289 3293
1194 1198
7003 7006
5900 5903
1589 1592
5456 5460
2429 2431
3674 3677
851 853
1061 1065
6790 6797
3339 3342
592 594
2766 2768
1251 1256
6490 6492
1631 1636
6372 6378
2453 2456
6804 6806
7255 7258
7385 7387
6315 6317
6698 6703
3854 3857
3116 3120
1628 1631
751 753
5564 5566
5668 5670
2322 2325
104 107
4357 4359
6872 6877
4612 4615
4811 4814
5000 5009
353 356
7119 7121
2703 2708
4581 4584
5178 5180
3458 3461
6996 6999
5020 5024
1887 1891
5863 5867
2631 2633
3649 3651
6689 6691
1311 1314
3743 3747
855 859
6123 6125
4119 4122
1907 1911
3402 3406
3938 3940
1512 1514
5797 5800
7062 7066
2463 2467
1338 1340
334 337
5032 5035
758 762
7137 7141
1962 1966
806 808
2858 2861
1326 1328
4122 4125
3693 3695
5447 5449
4014 4016
267 270
5964 5966
619 625
1862 1864
5091 5094
4964 4968
71 75
5026 5030
2158 2161
1165 1171
4918 4922
520 522
34 37
4070 4074
6202 6205
3775 3777
6765 6768
1961 1965
2618 2625
1629 1635
6694 6696
6926 6930
4045 4049
1802 1804
1867 1869
4766 4768
4316 4319
2640 2642
3176 3179
3066 3068
5291 5296
4599 4602
4778 4780
6137 6143
3624 3627
7393 7397
4031 4033
6173 6176
2275 2280
4119 4124
1860 1862
3536 3539
4795 4797
7131 7133
3089 3094
716 719
7262 7264
3146 3150
3790 3793
4379 4382
2900 2902
6284 6286
4705 4711
7060 7062
120 122
1983 1985
4760 4762
6452 6454
4412 4415
5636 5638
2358 2363
7393 7397
1706 1709
4122 4125
5449 5455
2550 2552
7235 7238
1268 1273
2593 2595
3590 3593
5691 5693
2250 2253
7036 7038
4598 4602
4785 4787
3209 3211
1084 1086
4596 4599
1031 1036
6637 6639
5059 5063
1001 1003
2319 2321
2355 2358
6237 6239
2746 2750
4604 4606
2017 2020
3294 3296
5216 5219
921 924
6273 6275
903 907
4170 4172
2931 2934
1843 1846
6193 6199
4649 4654
5932 5934
417 422
5368 5370
18 22
4633 4636
5091 5094
1277 1279
4700 4703
291 293
6946 6949
4088 4091
2224 2227
3986 3988
2716 2718
1757 1759
2578 2580
5995 5998
5165 5167
3232 3235
366 368
1864 1866
3622 3624
180 183
5318 5321
327 333
6311 6314
1310 1314
4964 4968
2014 2016
5457 5461
4217 4220
5900 5904
2779 2783
4422 4424
5735 5737
696 700
5985 5990
368 370
5243 5246
4298 4303
6600 6604
1929 1931
7057 7060
6461 6463
6488 6490
6436 6444
1969 1972
4183 4186
4424 4427
4218 4220
2443 2446
4422 4424
105 111
3986 3988
321 325
6581 6586
4877 4880
5230 5234
6254 6261
571 574
2892 2895
5012 5014
287 291
3348 3354
5521 5525
4365 4367
3713 3718
4608 4611
4304 4309
1264 1266
1296 1298
6247 6251
1473 1476
1792 1794
3450 3453
1922 1925
3747 3750
7468 7472
7229 7233
7074 7077
4213 4217
4757 4759
2397 2403
3670 3672
6889 6894
1565 1567
1900 1903
3979 3981
7374 7381
4013 4015
353 356
2312 2315
1589 1591
7247 7249
4685 4687
2037 2039
6148 6153
4496 4498
1365 1373
946 948
5540 5545
979 984
454 457
6730 6732
2491 2494
3633 3635
7374 7378
4112 4115
1007 1009
1615 1618
252 256
6066 6072
3905 3909
5020 5025
861 868
4814 4818
5040 5044
6565 6567
48 51
2334 2342
6561 6564
3406 3408
2470 2472
6785 6790
3820 3824
4549 4556
1159 1163
3554 3558
1427 1429
6444 6448
2237 2240
1565 1567
637 639
3820 3824
6506 6508
4256 4266
3301 3303
3977 3979
3241 3247
2063 2065
2831 2834
5430 5433
5285 5291
904 908
6398 6403
1901 1904
5927 5932
5179 5181
3815 3818
6378 6383
5737 5739
5425 5430
5009 5011
837 839
3932 3934
3688 3690
363 367
4733 4735
2142 2144
5604 5607
4866 4868
5701 5704
50 54
1031 1033
5530 5533
6289 6292
392 394
628 632
628 632
282 285
7193 7196
3342 3346
5558 5560
4720 4726
7256 7259
6351 6354
2920 2925
267 270
629 632
4192 4194
1489 1494
6300 6305
1994 1997
1760 1763
964 968
2448 2450
6968 6974
41 44
3955 3957
7109 7111
852 854
2361 2364
2283 2286
4649 4651
5548 5550
2456 2460
755 757
1957 1959
2330 2333
2334 2338
1121 1124
3988 3991
2800 2804
2665 2667
6472 6475
219 221
3540 3542
2071 2073
7393 7397
7095 7097
1093 1097
560 563
7075 7078
3188 3191
6195 6199
4659 4661
3438 3441
7463 7465
958 961
6404 6406
4875 4878
4379 4383
7031 7033
3659 3661
3565 3568
2036 2039
2590 2593
861 866
4939 4941
1720 1724
3515 3517
938 940
4390 4392
5206 5208
6747 6749
3727 3731
7381 7383
6310 6314
1373 1376
1767 1769
2760 2763
1646 1652
6974 6978
4057 4061
3570 3573
1267 1273
1933 1935
2368 2374
1386 1389
6974 6977
990 992
2142 2144
7304 7308
3554 3557
592 595
4520 4523
5884 5888
4846 4851
2023 2025
3718 3720
2664 2666
5339 5342
6105 6108
5915 5917
4102 4105
7501 -1
655 658
3994 3997
713 716
65 67
2891 2893
3052 3056
1544 1546
6294 6296
1996 1998
4415 4422
274 278
4012 4014
3223 3225
164 167
1771 1777
615 617
3110 3113
1969 1974
6618 6620
5430 5433
4256 4265
4842 4844
1711 1715
2563 2566
2333 2338
3140 3146
1446 1449
3250 3252
987 990
4374 4377
4197 4201
500 506
951 953
4510 4512
5055 5058
486 489
2820 2823
804 806
6480 6482
-1 7
776 783
4549 4555
2473 2476
5142 5145
6314 6316
6054 6057
3154 3158
1631 1636
1016 1018
4648 4651
2890 2892
2159 2164
5449 5455
3020 3029
5382 5385
4151 4155
4705 4711
1176 1179
5251 5255
5100 5103
5509 5514
3808 3810
3784 3787
3254 3257
5549 5551
4824 4830
2763 2766
1684 1689
6309 6311
5888 5890
222 225
2016 2020
4934 4939
6617 6619
5182 5185
3815 3819
7281 7287
2173 2176
6001 6003
4367 4371
7414 7416
299 302
2139 2142
3810 3812
173 176
5108 5111
3031 3034
5230 5233
5620 5622
3116 3119
2495 2499
5972 5975
4976 4979
3551 3554
1050 1052
6327 6329
1527 1529
4503 4506
5380 5383
3089 3096
4780 4782
6090 6094
7405 7408
1251 1255
2650 2654
24 26
4007 4009
6041 6045
5112 5114
98 100
2145 2148
6407 6409
7183 7186
4433 4435
3635 3638
4705 4711
1287 1290
7104 7108
5941 5945
2499 2501
927 930
157 159
6728 6730
6342 6346
3691 3693
5457 5461
4700 4703
6728 6730
3215 3217
3289 3293
3918 3920
5888 5890
7217 7221
4871 4873
7033 7035
2192 2198
6889 6893
6342 6345
5383 5385
3348 3352
2368 2374
5457 5460
4988 4990
780 783
4589 4591
4379 4382
1152 1154
7235 7238
4116 4118
3568 3572
4816 4818
3032 3034
7437 7439
2282 2284
6155 6158
3400 3402
3815 3818
5048 5055
7271 7273
588 591
3634 3638
6118 6121
4819 4822
1085 1087
2697 2701
4941 4944
2446 2448
669 672
6053 6057
3658 3660
1996 1998
2495 2497
5953 5955
7062 7064
5785 5787
3539 3542
4621 4623
3221 3223
5313 5316
837 839
5266 5268
5658 5660
5346 5352
1311 1315
462 466
3770 3772
2079 2082
5130 5136
3154 3160
2245 2247
213 219
700 702
2553 2557
7079 7081
3977 3979
1580 1582
5509 5514
5657 5660
7492 7494
4721 4726
1163 1169
674 680
4808 4813
563 566
3566 3570
1600 1602
5281 5284
1194 1198
5036 5038
4716 4718
28 33
3492 3494
491 494
7104 7109
6960 6962
4268 4273
4792 4794
1943 1946
37 39
3364 3367
5683 5685
6699 6703
1381 1383
5939 5941
5485 5487
6202 6205
2746 2750
2833 2836
5291 5299
7464 7466
7378 7381
7235 7238
2814 2816
7445 7448
587 591
3886 3892
5131 5136
6010 6012
2099 2102
4425 4428
5925 5927
6085 6089
818 820
3484 3486
1191 1193
6962 6964
1646 1652
2409 2411
5509 5514
2829 2831
1942 1944
4592 4594
3317 3323
3648 3650
5282 5285
5964 5966
4333 4335
1037 1039
7304 7308
982 985
5504 5507
5285 5291
1749 1753
6524 6526
6272 6274
6281 6283
1013 1015
6202 6205
7498 -1
982 985
4228 4231
4532 4535
7341 7343
4038 4040
1445 1448
6345 6347
5864 5867
3301 3303
4101 4104
4844 4846
1813 1816
5063 5066
2831 2833
5987 5990
4754 4756
1407 1411
6462 6466
444 446
6889 6893
6512 6514
1961 1965
541 546
1398 1404
3962 3964
1720 1724
7158 7162
1726 1728
348 353
577 579
120 122
6503 6506
3898 3900
4305 4310
3688 3690
5421 5423
3581 3583
3788 3790
5814 5818
719 721
2563 2566
2804 2808
592 594
3235 3237
2521 2524
5378 5380
5306 5311
4486 4489
2697 2701
2491 2493
5618 5620
1277 1279
4328 4330
6724 6726
41 44
4038 4041
7064 7067
397 400
3956 3958
1094 1097
4365 4367
982 984
4340 4342
7137 7141
4122 4125
4926 4932
7475 7485
3387 3389
580 582
2316 2319
3175 3178
6188 6190
3643 3645
663 666
2857 2861
34 36
6919 6923
5614 5619
3588 3590
6066 6071
2682 2684
2511 2513
951 954
5752 5757
2618 2623
4649 4654
713 715
1940 1942
3883 3885
87 92
161 164
3683 3686
4425 4428
7194 7197
4221 4223
4332 4335
2179 2182
3681 3686
3333 3337
5658 5660
5465 5468
3583 3587
1414 1416
5336 5341
7475 7485
238 243
1463 1465
6665 6667
3022 3029
2939 2944
1739 1741
6709 6712
7111 7113
1337 1339
6707 6712
4228 4231
1018 1025
4569 4571
5841 5846
2491 2493
243 245
4584 4586
4841 4844
7186 7188
3969 3971
1821 1823
2504 2508
3750 3752
5038 5043
4405 4411
3943 3948
4141 4144
7060 7064
5327 5329
1763 1767
4524 4527
2280 2282
5697 5701
325 328
5185 5188
4417 4422
5657 5660
1152 1155
222 224
3022 3029
2777 2779
540 546
1941 1943
2748 2751
2809 2811
5815 5819
791 793
2793 2796
4269 4273
1820 1822
2397 2403
5970 5972
5406 5410
1524 1526
26 28
3499 3502
6223 6229
3339 3342
1442 1445
5378 5382
710 713
2736 2744
7381 7383
2301 2306
2631 2634
6803 6805
2139 2142
3374 3378
4357 4359
311 313
2096 2099
3551 3554
2020 2024
2768 2773
1259 1262
3871 3873
5449 5456
7025 7031
5114 5117
1664 1667
5385 5388
2424 2426
381 383
4256 4265
5978 5982
5366 5368
2527 2529
4472 4477
1171 1175
1461 1463
5188 5190
6024 6027
2005 2009
66 68
7469 7473
6321 6323
4772 4774
78 80
3392 3394
4406 4412
1111 1114
728 733
5725 5728
477 480
2005 2009
5770 5773
4746 4749
3820 3824
696 698
4603 4605
3702 3704
1531 1535
5167 5172
1268 1276
1092 1094
5968 5971
6619 6621
1136 1138
3785 3787
6400 6403
1523 1525
1251 1255
4498 4502
2204 2208
5096 5100
387 390
7446 7448
1773 1777
4455 4460
6182 6186
3134 3139
1684 1689
3209 3212
3192 3194
4137 4141
1512 1515
2789 2791
7144 7146
7289 7295
1451 1456
6098 6100
471 477
6100 6105
383 385
6591 6595
5850 5856
4504 4508
6567 6569
1670 1672
6182 6185
2748 2750
347 353
2753 2756
361 363
5856 5859
2939 2944
248 251
4132 4137
5541 5546
790 793
4846 4851
2426 2429
6137 6143
1656 1660
6894 6896
830 832
3502 3506
2150 2153
6844 6846
1355 1357
7064 7066
4283 4287
866 869
1214 1218
672 677
1484 1489
2994 2999
3507 3509
4223 4227
4116 4119
6288 6290
1268 1273
2391 2396
288 291
1953 1957
3943 3947
1987 1991
1550 1552
362 366
4310 4313
6477 6480
5412 5415
7348 7350
5614 5618
5240 5243
2368 2374
5016 5019
1702 1706
4736 4739
1047 1050
1009 1011
7108 7110
6791 6797
6148 6153
1193 1198
7056 7058
5123 5130
6108 6110
4874 4877
8 10
2900 2902
5067 5070
2618 2623
396 399
7299 7301
2514 2520
42 45
4140 4144
5255 5258
5181 5183
3507 3509
1992 1994
2161 2164
5499 5504
1808 1812
5389 5393
2786 2788
7450 7453
298 300
7275 7281
4237 4242
4813 4816
5447 5449
6551 6553
2240 2245
2971 2973
2090 2092
4625 4627
2060 2063
722 724
986 988
486 490
1489 1494
229 231
5720 5722
3762 3766
7400 7404
632 634
4861 4866
4355 4358
5771 5773
1084 1086
2286 2288
5296 5299
3580 3582
4549 4555
1550 1552
1355 1357
7318 7321
1495 1497
581 583
4630 4633
6356 6358
6455 6457
1357 1359
2203 2206
6257 6262
6251 6253
1795 1799
4662 4668
4822 4824
7359 7362
2654 2656
3029 3031
1208 1210
3089 3094
3472 3475
3412 3415
708 710
6119 6122
3097 3100
1629 1631
5752 5754
816 818
5139 5141
3307 3309
4858 4860
1368 1373
3842 3844
294 297
7238 7240
4640 4643
5787 5792
3975 3977
6131 6134
3721 3726
815 817
6995 6997
7144 7146
4283 4287
4417 4422
3289 3294
4141 4145
7205 7207
644 647
2816 2818
2585 2588
4411 4415
3831 3833
2092 2095
3886 3892
4846 4852
1262 1264
868 872
2468 2470
3392 3394
5399 5404
2733 2735
248 251
4519 4521
271 274
1793 1795
3083 3085
4351 4353
2577 2580
5685 5687
7087 7090
2319 2321
1288 1291
4027 4031
4898 4904
3461 3463
7421 7423
6111 6115
6245 6247
5313 5316
6829 6835
1328 1331
221 224
1646 1652
5758 5761
3223 3225
2253 2256
2684 2687
6357 6360
1105 1108
2756 2760
363 367
5326 5328
4074 4076
1911 1913
4563 4568
1471 1473
4742 4744
7319 7322
4156 4159
2301 2306
6410 6412
3825 3827
861 866
4646 4649
6038 6040
5596 5601
3014 3016
506 508
3128 3131
2873 2875
136 138
1323 1326
2066 2069
4067 4070
4463 4467
4603 4605
2346 2350
2105 2110
5206 5208
1789 1791
3161 3164
1691 1698
2448 2450
1638 1641
2719 2721
3020 3029
2655 2658
4933 4937
893 895
5859 5862
6050 6053
5900 5903
6239 6243
3756 3762
219 221
5843 5850
6038 6040
5094 5097
2105 2108
7264 7268
1222 1225
4857 4859
4922 4924
1694 1698
176 178
2702 2707
910 913
4049 4052
4981 4985
5614 5619
7149 7152
816 818
4166 4169
6156 6159
2095 2097
1827 1830
3720 3726
3191 3193
7291 7298
1365 1368
5479 5481
4695 4697
5145 5147
6633 6635
3603 3605
6033 6036
1594 1596
1618 1621
3960 3962
2124 2127
2962 2964
1582 1586
3820 3824
213 217
4835 4837
1248 1250
6014 6016
685 687
3158 3161
2084 2090
1853 1855
3140 3146
3140 3149
5346 5352
3512 3515
5764 5770
7011 7013
2141 2143
5354 5357
7451 7456
3512 3514
5444 5446
3621 3623
723 726
4361 4364
6261 6264
2972 2974
4537 4539
3342 3346
3839 3841
5016 5019
6417 6419
4673 4675
2129 2131
18 20
2812 2815
556 558
6608 6612
5912 5915
3110 3113
849 852
2176 2178
1527 1529
4661 4667
2613 2616
7095 7097
4016 4018
4097 4099
2211 2214
6752 6756
6674 6677
4808 4813
4357 4359
7186 7188
5460 5463
4076 4079
2985 2990
1398 1401
5360 5362
1360 1363
2151 2155
6878 6880
3886 3892
1744 1748
1598 1600
2264 2266
1519 1521
7252 7254
6038 6040
1226 1230
6397 6400
4699 4703
379 381
6734 6738
5012 5015
1965 1967
7158 7162
191 193
3679 3683
1445 1448
260 262
4406 4411
5688 5691
118 120
4484 4486
7039 7041
5357 5359
2219 2222
1047 1049
1592 1594
762 767
4256 4265
6118 6121
1667 1670
3523 3532
467 470
5248 5250
7043 7045
98 100
4854 4857
3340 3342
594 596
1052 1054
5449 5455
4436 4438
859 861
5319 5321
7298 7301
2120 2122
780 784
1676 1678
7229 7232
6997 7001
2017 2020
6643 6646
140 142
3357 3360
2240 2245
4721 4726
2147 2149
953 956
4018 4021
5153 5155
3698 3701
318 320
5094 5097
5565 5568
6665 6668
5149 5152
408 410
1414 1416
1121 1127
1344 1346
5494 5497
6894 6896
417 422
6425 6428
3734 3737
1305 1308
5386 5388
6551 6553
6933 6935
2572 2574
3802 3804
6951 6954
3083 3085
5491 5493
3060 3063
2063 2065
7144 7146
7327 7329
4287 4289
1101 1103
541 547
7228 7232
2042 2044
2424 2426
2346 2350
1350 1353
5612 5614
4472 4479
6470 6473
6978 6983
6958 6960
1338 1340
7177 7181
7104 7109
2502 2508
7115 7119
6490 6492
5732 5734
1285 1287
4842 4844
2424 2426
1210 1212
5528 5530
1350 1353
1740 1742
972 978
4347 4351
6865 6869
5259 5261
4777 4779
1904 1907
6909 6912
4989 4991
6694 6696
920 923
3402 3406
4789 4793
3502 3506
3001 3003
6688 6691
5363 5365
3071 3073
1082 1085
1962 1965
4040 4042
2762 2764
1245 1248
4923 4925
4492 4495
313 318
6286 6288
4119 4122
920 923
1742 1744
6691 6694
5122 5130
2800 2806
6709 6712
4237 4241
4544 4546
471 477
1841 1845
3158 3161
6818 6821
4640 4643
4065 4067
948 950
3880 3883
193 195
48 50
556 558
6066 6071
259 261
1841 1845
4768 4771
3152 3154
4160 4164
5385 5388
5405 5409
2415 2418
360 362
607 610
6425 6428
7248 7250
7439 7442
3314 3316
3241 3246
245 247
6321 6323
1832 1835
1531 1535
445 447
6493 6496
1661 1664
426 428
5108 5112
1489 1494
1025 1028
524 527
7399 7401
5529 5531
4490 4492
5903 5905
4857 4859
4735 4738
28 33
169 172
5139 5142
1874 1876
3446 3450
619 625
2392 2396
3622 3624
2762 2764
4512 4514
7359 7362
6012 6015
1749 1755
5525 5528
5417 5420
4108 4111
3679 3681
5685 5688
7428 7431
3587 3589
474 477
4453 4460
113 117
1226 1229
571 573
6532 6534
3973 3975
3596 3598
3412 3415
3324 3327
4861 4866
2358 2363
3557 3560
1900 1903
2346 2350
4880 4883
702 705
6024 6027
635 637
2742 2746
4320 4323
5958 5960
1430 1432
4949 4952
4498 4503
6060 6062
2031 2033
6215 6217
3737 3740
2900 2902
1249 1251
2628 2630
6878 6880
1384 1388
3431 3433
1694 1698
6384 6387
4514 4517
7442 7445
5760 5762
4216 4218
3747 3750
3919 3921
7009 7011
1928 1930
3971 3973
5819 5822
2268 2270
1165 1171
4661 4667
5806 5808
4202 4206
5915 5917
7348 7350
4112 4115
4394 4396
809 811
6573 6575
4659 4661
2353 2355
270 273
6845 6847
1765 1769
857 859
4335 4337
1065 1067
6436 6444
1264 1266
2590 2595
1498 1500
6414 6417
5987 5991
6705 6707
4041 4044
5685 5688
7473 7475
3841 3843
3016 3019
1407 1411
4383 4386
5463 5465
5457 5460
5955 5958
484 486
5831 5835
257 259
7427 7430
3494 3497
3741 3744
313 318
4383 4385
2346 2353
820 829
6284 6288
1921 1923
4088 4091
-1 7
6620 6622
5728 5730
4662 4667
4448 4450
2531 2533
579 581
247 250
1171 1175
3833 3835
5361 5363
7351 7353
3603 3605
1212 1214
2422 2425
857 861
5781 5784
7281 7287
3840 3842
87 92
3543 3547
3102 3104
3892 3895
3286 3293
3134 3137
5033 5035
3898 3900
5740 5744
5737 5739
930 934
6679 6681
4186 4190
458 461
439 443
3579 3581
7281 7287
1950 1953
2240 2245
3379 3383
5108 5111
2412 2414
1769 1773
5574 5578
2934 2936
484 486
5476 5479
2219 2222
7302 7308
4498 4502
2990 2992
7275 7278
7011 7018
6600 6604
446 448
141 143
1431 1433
6365 6368
4626 4630
5762 5764
5402 5404
5123 5130
5243 5246
5167 5169
3566 3568
59 61
5396 5399
3022 3029
1373 1376
6510 6512
2490 2493
2199 2202
5964 5966
6137 6143
2108 2110
6323 6329
3922 3924
5996 5999
7196 7198
4002 4004
1416 1422
7393 7397
5675 5680
3223 3229
652 655
3521 3523
1401 1404
4651 4654
7110 7113
6908 6911
3218 3220
1577 1579
6472 6475
7498 -1
1305 1308
5026 5028
1183 1186
639 641
1365 1368
2910 2912
2280 2282
1273 1277
7291 7295
1661 1663
4700 4703
524 527
6400 6403
5704 5708
649 652
5941 5944
3232 3235
4532 4535
6450 6452
54 57
1305 1308
927 929
6762 6765
2975 2979
7412 7414
6926 6929
3634 3638
7184 7188
4962 4964
435 437
4684 4686
5967 5970
5010 5012
3841 3843
5846 5850
3840 3842
1773 1778
6095 6097
2951 2953
4355 4357
5671 5673
696 700
663 665
1339 1341
5137 5139
4670 4673
5043 5048
5964 5966
1298 1301
4545 4547
2578 2580
3704 3711
1667 1670
118 120
2953 2957
7238 7240
1730 1732
1346 1348
5204 5206
5704 5708
857 861
2320 2322
6570 6573
2874 2876
4310 4315
275 279
7464 7466
3211 3214
-1 7
4018 4021
2187 2191
5754 5757
3014 3018
1563 1565
10 14
1268 1273
2203 2206
443 445
4021 4024
5123 5130
820 830
3701 3704
1749 1753
71 75
4602 4604
6483 6485
2478 2482
5607 5609
2917 2919
2531 2533
5681 5683
5068 5073
944 946
5643 5645
5941 5945
5089 5091
2800 2804
7170 7172
2484 2488
2415 2418
6572 6574
1741 1743
178 180
3777 3782
1087 1089
5425 5430
1595 1597
4582 4586
4549 4555
3221 3223
869 872
6047 6049
2102 2104
2301 2306
5784 5786
2504 2508
6166 6173
345 347
4926 4933
861 866
3274 3276
2275 2277
5888 5890
5554 5557
3578 3580
5746 5754
1808 1812
5449 5455
584 586
122 124
6468 6470
4254 4256
3672 3674
1154 1157
7062 7064
2930 2934
2102 2104
3134 3137
6678 6680
2625 2628
964 968
5504 5507
3348 3352
4361 4364
3066 3068
6521 6524
1667 1670
1165 1169
6725 6728
3721 3726
195 198
6540 6543
3565 3568
549 556
7469 7472
3955 3957
5555 5558
6674 6677
3926 3928
1127 1136
3602 3605
6169 6173
4657 4659
5309 5311
3089 3094
5342 5344
4266 4269
5734 5736
4207 4209
6586 6588
3344 3347
2344 2346
3070 3073
5504 5507
4269 4273
299 302
3943 3947
5346 5352
5653 5658
1273 1276
6959 6961
5688 5691
3063 3065
6370 6372
6143 6145
2862 2864
4573 4575
2280 2282
5880 5884
189 191
2151 2153
2262 2264
1923 1925
4867 4869
1681 1683
6143 6145
7064 7067
3431 3433
563 567
3841 3843
2663 2665
5433 5437
2864 2866
6544 6546
2306 2310
5475 5477
4975 4978
1841 1845
4768 4771
7498 -1
734 738
3700 3702
959 962
6734 6738
6337 6339
1953 1955
2414 2417
5596 5601
2752 2756
2380 2384
5284 5291
808 810
3274 3277
7302 7304
4292 4296
1085 1087
6555 6560
2468 2470
3237 3241
6406 6409
5561 5564
2361 2363
4276 4279
3324 3327
6670 6674
569 571
4492 4496
571 573
5059 5064
5330 5334
4856 4858
6329 6333
1811 1813
4045 4051
3281 3283
1950 1952
3624 3627
5240 5242
334 339
2292 2294
4196 4201
1011 1013
5685 5687
2866 2873
5638 5640
1004 1006
6281 6283
1860 1862
2210 2214
2459 2463
3402 3406
3409 3412
55 58
5151 5153
3134 3137
1969 1972
4626 4630
7152 7158
1740 1742
4873 4875
2748 2750
5111 5114
866 869
2729 2731
5190 5192
5586 5594
5275 5278
5636 5638
4994 4996
563 566
5579 5584
6092 6095
2618 2625
5967 5970
1172 1176
2250 2255
188 190
6452 6454
2438 2442
5740 5744
3048 3052
4898 4904
5571 5573
3455 3458
4313 4316
1916 1919
6893 6896
5795 5798
4711 4713
5397 5402
20 22
4282 4287
6548 6550
2473 2476
7177 7180
702 705
3806 3808
4955 4957
5386 5389
3982 3985
2284 2287
7278 7281
1646 1652
6963 6968
5746 5752
3683 3686
2177 2179
6781 6785
3376 3378
6484 6486
2392 2397
627 629
1010 1012
1904 1906
4715 4718
4975 4978
598 603
3154 3160
3425 3427
159 161
7466 7468
5867 5869
5676 5681
6829 6834
2237 2240
1389 1391
2389 2391
4427 4430
1749 1753
5701 5705
4063 4067
6493 6497
5715 5720
219 221
1838 1840
83 85
5735 5737
173 178
2056 2060
1111 1114
2361 2363
820 829
3621 3623
1010 1012
4651 4654
5802 5807
4989 4991
6311 6314
4472 4477
1540 1542
3902 3908
500 506
1526 1528
5819 5822
7025 7032
2613 2616
2524 2528
5406 5409
6939 6941
3433 3437
1521 1524
7110 7113
6169 6173
3073 3075
2161 2165
3943 3948
7378 7383
1226 1229
5018 5020
7077 7079
1120 1124
3161 3164
6396 6398
7383 7387
1224 1226
2516 2520
2298 2301
5886 5888
7340 7342
4194 4196
387 390
999 1001
1336 1338
1799 1802
5044 5048
5661 5663
252 256
2049 2054
1028 1031
7150 7152
5783 5785
155 158
6497 6502
5668 5670
3262 3264
3061 3065
6452 6454
1521 1523
5879 5884
2150 2153
4383 4385
1720 1726
726 728
7304 7310
6829 6834
7435 7437
3061 3063
6978 6983
3960 3962
6728 6732
696 700
348 353
2516 2520
6342 6345
2791 2793
4916 4918
772 774
5638 5640
71 74
3695 3700
7152 7158
549 556
3289 3293
5262 5264
1773 1777
437 442
3499 3501
3994 3997
2768 2770
2177 2179
4955 4960
2342 2344
2301 2306
2142 2144
3700 3702
6028 6033
6677 6679
4671 4673
4532 4535
5978 5982
552 557
591 594
4547 4549
5823 5826
3512 3515
5479 5484
1919 1922
4016 4018
1004 1006
3572 3574
1183 1185
7137 7141
6033 6036
2539 2541
5020 5025
1368 1373
2861 2863
7439 7444
3314 3316
270 273
7261 7263
3521 3525
6412 6414
5846 5850
4914 4916
2992 2994
131 135
6193 6195
6330 6334
61 63
1653 1655
294 298
2104 2108
7039 7042
5775 5778
3733 3737
793 798
4596 4598
439 442
6281 6283
5336 5341
5525 5528
1724 1726
2667 2669
2719 2721
3791 3793
5426 5430
7149 7152
3698 3701
1485 1489
4180 4183
2368 2374
5097 5100
6247 6249
6693 6695
7451 7453
3597 3599
5153 5155
5620 5622
713 716
1806 1808
4033 4037
916 918
4836 4840
766 769
6493 6496
4001 4003
7371 7374
1569 1571
5405 5409
2728 2730
4417 4422
6984 6987
6166 6169
3543 3547
1878 1881
894 899
3656 3659
2012 2015
2762 2764
6413 6417
869 875
5230 5233
5097 5100
539 541
6182 6186
3595 3597
749 751
6680 6682
5028 5032
3115 3119
4398 4401
3235 3237
1560 1562
4680 4682
4999 5009
2497 2499
7345 7347
3472 3475
2295 2298
5155 5158
131 135
1110 1114
3252 3257
4751 4754
6449 6451
4528 4530
4942 4944
1176 1179
260 262
5605 5607
294 297
3241 3246
4452 4455
5243 5247
2136 2139
4102 4104
2084 2090
4228 4231
5000 5009
3368 3372
5850 5855
6063 6065
660 663
6987 6991
5596 5601
4126 4130
7073 7075
1169 1172
1036 1038
561 566
4316 4319
2070 2073
5361 5363
812 815
7425 7427
1699 1701
672 677
2119 2122
3734 3739
5420 5422
5123 5131
4705 4711
4368 4371
453 455
267 270
534 538
2325 2327
4976 4978
48 50
2009 2014
4265 4268
2524 2527
6226 6229
6257 6261
2746 2750
5464 5468
2246 2250
496 498
4027 4032
3638 3640
1097 1099
5954 5956
4431 4433
7333 7335
416 420
6024 6027
3605 3608
1558 1560
5653 5658
4320 4322
6087 6090
7126 7128
6099 6105
2096 2099
1016 1018
4925 4932
3193 3195
776 783
7318 7321
4514 4519
2981 2984
7456 7458
213 217
3446 3450
5879 5884
1127 1136
2569 2571
535 538
1699 1701
6712 6714
2132 2134
3089 3094
6169 6173
3241 3246
6028 6033
4037 4040
1311 1315
443 445
3158 3161
2081 2083
4401 4405
4596 4599
3209 3211
2068 2070
708 710
4573 4575
6308 6310
4563 4569
2103 2105
872 875
2968 2971
3762 3766
4177 4179
1476 1482
5139 5141
4087 4091
5802 5807
3683 3687
4378 4382
273 275
234 236
930 934
6124 6127
6817 6820
7205 7207
767 769
2590 2593
6119 6121
4627 4630
1251 1255
1836 1838
1785 1787
2438 2441
3470 3472
1219 1221
5082 5085
1416 1425
2562 2564
4057 4063
4861 4866
2179 2182
312 318
5579 5584
199 201
7009 7011
2878 2881
5437 5440
6346 6348
5938 5940
6785 6790
2858 2862
5233 5235
2075 2079
4757 4760
1514 1518
2092 2096
4937 4940
3060 3063
4888 4890
6076 6078
5787 5792
193 195
6127 6130
4099 4101
935 938
313 318
1011 1013
1893 1895
1465 1467
3979 3981
6944 6949
6822 6827
2890 2892
5746 5752
2289 2291
1937 1940
303 305
206 208
1838 1840
1485 1489
982 984
7075 7078
271 273
3115 3119
2786 2788
5792 5794
1819 1821
213 217
6591 6594
2931 2934
187 189
4861 4866
1676 1679
4777 4779
6223 6229
7434 7437
4811 4813
2358 2363
4435 4437
4296 4301
3065 3068
1226 1229
5018 5020
4243 4246
4907 4910
2630 2633
3070 3073
1 7
1702 1706
6715 6717
979 982
3373 3376
482 484
3768 3770
3128 3131
7289 7291
3875 3878
982 984
3182 3188
3022 3029
4806 4811
6186 6188
1425 1427
855 857
1799 1802
4472 4479
4155 4157
4251 4254
1469 1471
406 408
4751 4753
3756 3761
2703 2708
831 834
494 496
6933 6935
5202 5204
2541 2545
1127 1136
6655 6658
3986 3988
2716 2719
5964 5967
2464 2467
6016 6020
7487 7492
1476 1482
4970 4974
2468 2471
3104 3106
6202 6205
2695 2697
3376 3379
4237 4241
484 486
1497 1500
500 506
5011 5014
6072 6076
5040 5043
5897 5900
7487 7492
2111 2114
4497 4502
727 733
5059 5064
3220 3223
2628 2630
5240 5243
5344 5346
5649 5652
7258 7261
3436 3438
7492 7494
1 7
4398 4403
3488 3490
6246 6249
3248 3251
5764 5770
6276 6278
1883 1886
1042 1045
6786 6790
5301 5303
342 345
3744 3747
1033 1036
650 654
1730 1732
7191 7194
3089 3096
780 783
6521 6524
3360 3363
291 293
5321 5323
4636 4639
2016 2020
4372 4374
3741 3744
7398 7400
2166 2168
1896 1899
3612 3614
3235 3241
2368 2374
252 255
4296 4298
4721 4726
549 552
6083 6085
2159 2164
2206 2208
6546 6548
1808 1812
4452 4455
1391 1393
3678 3681
6009 6012
3470 3472
1384 1388
1082 1084
4316 4319
4548 4555
3614 3616
5815 5818
320 322
5689 5693
7398 7400
2323 2325
2939 2945
4720 4726
1384 1388
6410 6412
6768 6770
3721 3726
2777 2779
1672 1675
7439 7442
7079 7081
2368 2374
5670 5672
3282 3285
494 497
3943 3947
5122 5130
2470 2472
6999 7003
4126 4130
4521 4523
3549 3551
1416 1422
2282 2284
1962 1966
1646 1652
1542 1544
6782 6786
4086 4088
2237 2240
4108 4112
1214 1218
6691 6693
5346 5352
943 946
1230 1234
5999 6001
1181 1183
3308 3310
1773 1777
7215 7217
6747 6751
5449 5455
4026 4031
5629 5631
6089 6092
3660 3663
3750 3753
6993 6995
5806 5808
2516 2520
7313 7318
1602 1604
115 118
6785 6790
5425 5430
7364 7366
2516 2520
2030 2032
1422 1426
5240 5243
1708 1710
1515 1519
5430 5432
6267 6269
3721 3726
5296 5300
5064 5066
7291 7295
5746 5752
4953 4955
2211 2214
6630 6633
1110 1114
6072 6076
1323 1326
7025 7031
3806 3809
3089 3096
5566 5568
3146 3150
4256 4265
44 46
3262 3265
772 775
5764 5770
6561 6564
5266 5268
6254 6261
399 401
2939 2945
6077 6082
6655 6658
2831 2833
1100 1102
3134 3139
4785 4789
5869 5871
5470 5472
2549 2552
3679 3683
5801 5806
7350 7353
641 643
5612 5614
979 982
470 474
2954 2957
267 271
5262 5264
136 138
687 690
5033 5035
7341 7343
6591 6595
5111 5114
5664 5666
5970 5972
2409 2411
6709 6712
3806 3808
5540 5545
7042 7045
4079 4082
6941 6944
721 723
2834 2836
2032 2034
5198 5200
4746 4749
5764 5770
4604 4606
1691 1698
1891 1893
4186 4190
5829 5833
4925 4932
5100 5103
5864 5869
6137 6143
6257 6261
6866 6870
7330 7333
2895 2898
1463 1467
7275 7278
7095 7097
6718 6721
7313 7318
7271 7273
2075 2081
790 793
6099 6105
636 639
1957 1959
5627 5629
1967 1972
7126 7128
1955 1957
3818 3820
169 171
4728 4730
6854 6856
2825 2827
519 522
7473 7485
6223 6226
4719 4721
169 171
2054 2056
6817 6820
1864 1866
3285 3289
6861 6865
5213 5215
6583 6586
688 691
3221 3225
3001 3004
5255 5258
7339 7341
3667 3669
6811 6817
6383 6387
274 278
6757 6761
183 187
5850 5855
3041 3044
4811 4813
5668 5671
7115 7119
7353 7355
4228 4231
944 946
399 401
1007 1009
243 245
5070 5074
4092 4097
6137 6143
855 859
4243 4245
5331 5334
5985 5987
6348 6351
4573 4577
1851 1854
3922 3925
3536 3539
7456 7458
1328 1330
439 443
3881 3883
2051 2056
4092 4097
3192 3194
6761 6764
1117 1120
7281 7287
890 893
3963 3967
574 578
3233 3235
1938 1940
2733 2735
5503 5507
7169 7171
1373 1376
434 436
3928 3931
6648 6651
4861 4866
5440 5444
4910 4914
947 950
2768 2770
408 410
5764 5770
2079 2082
5952 5954
2974 2978
3605 3608
6540 6543
4108 4111
1093 1097
6902 6905
6661 6663
3494 3497
1285 1287
6872 6877
568 570
1556 1558
6239 6242
3978 3980
2328 2330
3022 3031
1670 1672
6670 6674
1396 1398
5137 5139
3164 3166
5378 5380
6739 6745
7457 7459
1819 1821
3970 3973
3056 3060
4922 4924
342 344
5185 5188
5841 5846
4290 4292
1373 1376
2797 2799
4027 4031
3098 3100
1398 1404
6898 6900
320 322
2448 2450
2273 2277
2059 2063
5668 5670
2124 2129
4750 4753
2005 2008
6873 6877
4333 4336
500 503
1525 1527
1214 1218
6066 6071
2054 2059
6682 6688
6483 6485
2910 2912
3115 3119
4590 4592
7409 7412
184 187
6054 6057
6095 6097
2034 2036
4742 4744
6000 6002
2569 2571
662 665
4830 4832
3320 3324
4659 4662
6556 6560
7291 7298
5142 5144
1661 1664
1652 1654
3864 3867
6851 6854
1825 1827
1468 1471
6288 6290
4287 4290
880 882
4289 4291
4661 4667
7313 7318
6497 6500
2491 2493
2350 2353
1655 1660
6873 6878
1052 1054
1225 1229
2111 2114
4254 4265
4287 4290
4243 4245
4854 4856
5559 5561
984 986
6562 6565
442 444
6060 6062
627 629
1311 1315
5105 5108
6329 6333
28 33
3004 3007
6294 6296
5183 5188
6954 6956
6854 6857
7269 7273
1363 1365
852 854
4808 4811
592 595
5242 5246
3922 3924
2934 2936
4705 4711
857 859
5346 5352
617 619
7350 7353
4398 4401
5329 5331
4884 4886
1836 1838
3166 3169
3640 3643
6463 6466
719 721
3298 3300
5108 5111
691 693
1753 1756
3105 3107
3065 3068
6160 6163
6525 6527
2145 2148
4070 4074
2776 2778
6271 6273
6082 6084
1273 1276
3400 3402
6682 6688
442 444
2284 2287
3332 3335
6745 6747
6889 6893
2368 2374
3089 3094
6812 6817
2878 2881
417 420
507 509
7083 7085
3639 3641
3178 3180
3152 3154
3986 3990
5541 5545
5020 5025
3441 3443
4186 4188
2211 2214
5590 5594
2483 2488
2187 2191
342 344
5972 5975
6721 6724
4092 4098
5504 5507
746 748
4376 4378
42 44
2092 2095
1190 1193
5378 5380
7391 7393
6964 6968
3886 3892
2017 2020
7466 7469
6650 6654
2338 2342
2800 2804
4428 4430
755 757
7439 7442
3734 3737
2478 2482
6425 6428
362 366
5334 5336
4673 4675
2355 2358
4313 4315
4556 4559
6683 6688
6335 6338
4169 4172
2170 2173
1098 1100
6926 6930
5059 5063
6323 6327
4668 4671
1521 1524
6335 6338
5036 5040
4837 4841
1785 1788
7383 7385
5123 5131
6946 6950
5468 5472
85 87
1320 1322
1829 1832
5869 5871
6556 6560
2910 2912
3984 3986
4883 4885
6468 6470
1921 1923
6878 6880
1489 1494
1485 1489
3861 3863
4132 4135
5758 5760
5879 5884
3472 3475
3114 3116
3734 3737
6615 6617
6413 6417
4379 4382
6432 6434
2882 2885
2459 2463
3182 3188
2756 2760
1780 1782
6205 6208
1208 1211
3988 3990
4621 4624
6872 6877
5525 5529
3408 3412
5698 5704
5219 5222
3125 3131
6320 6322
267 270
459 462
3098 3100
510 512
2736 2742
1573 1577
3832 3834
4846 4851
6257 6261
5309 5313
7125 7127
4016 4018
579 581
561 566
2301 2306
4254 4256
2922 2925
847 851
3554 3557
2564 2568
6378 6382
6757 6761
6452 6454
328 333
6482 6484
627 629
1264 1266
1041 1045
7020 7022
6954 6957
3731 3733
520 524
3080 3082
3233 3237
3108 3111
5447 5449
6619 6621
1251 1256
5394 5396
1767 1769
677 680
706 709
2375 2378
6497 6502
5596 5602
3102 3104
6785 6790
2855 2857
2682 2684
4319 4322
5515 5517
2810 2812
3056 3060
4898 4904
3881 3884
3595 3597
6734 6738
5196 5198
6490 6492
6010 6014
2831 2833
7264 7268
6288 6290
4212 4216
6642 6646
2103 2105
2153 2156
2092 2095
1103 1105
733 737
7475 7485
1521 1523
595 597
5653 5657
3215 3217
7009 7011
7131 7135
4481 4484
1234 1239
6946 6950
5721 5723
3140 3146
5993 5995
2334 2342
7430 7432
5833 5835
2512 2514
2696 2701
6245 6247
5028 5030
4932 4934
3679 3681
5913 5916
592 594
345 347
4328 4331
3102 3104
5270 5273
1851 1853
7023 7025
5697 5701
4033 4035
1937 1940
2350 2353
3008 3010
319 321
1396 1398
5086 5088
3421 3423
7013 7019
4946 4949
4159 4163
3939 3941
4972 4975
3962 3964
4996 4998
1806 1808
3050 3052
5302 5304
5859 5862
1972 1974
5784 5786
4996 4999
4779 4782
1571 1573
5586 5590
3199 3201
6458 6460
1473 1477
5987 5990
4164 4166
686 688
1099 1101
1142 1147
3397 3402
6866 6869
2935 2937
2214 2217
6289 6292
2433 2435
7351 7353
4662 4667
2908 2910
4160 4163
1072 1074
5209 5212
5696 5698
5485 5487
4842 4846
4721 4726
240 243
1646 1652
5787 5792
5953 5955
7271 7273
5517 5520
6564 6567
4577 4581
3267 3269
2839 2843
383 385
5251 5255
3645 3648
6008 6010
1033 1037
386 390
6925 6929
2361 2363
3625 3628
5441 5445
786 789
3743 3747
3415 3418
4437 4439
5941 5944
6054 6057
6921 6924
6637 6639
5823 5825
1987 1991
6130 6132
3683 3686
5185 5190
5833 5836
6782 6785
5020 5024
4886 4888
1438 1442
3857 3859
3514 3517
4305 4309
3558 3560
6812 6817
3744 3747
2869 2873
5626 5628
1514 1518
6305 6308
1554 1556
101 103
2084 2090
2666 2669
686 688
935 938
1606 1609
5604 5607
7426 7428
5722 5724
2793 2796
746 748
3391 3394
4213 4216
3140 3146
7313 7318
4832 4835
62 65
883 885
4587 4590
1824 1827
3160 3162
3081 3083
208 210
4170 4172
3595 3597
4577 4579
4976 4978
5640 5643
4641 4643
1208 1211
2806 2808
6155 6158
2881 2885
2159 2161
3711 3717
2855 2858
1251 1255
6879 6883
5137 5141
5802 5806
3501 3503
3237 3241
5281 5284
6643 6647
7121 7123
7487 7492
663 666
6041 6045
4491 4495
1835 1837
956 958
532 534
1282 1284
835 837
1382 1384
710 715
541 546
5291 5296
5829 5831
2025 2027
1554 1558
6916 6919
5680 5682
1925 1929
1018 1025
1938 1940
6234 6237
1088 1092
6869 6871
7060 7062
598 603
1333 1336
7113 7119
3066 3069
2273 2275
6053 6057
1581 1585
5499 5503
2385 2389
2084 2090
5978 5982
1234 1239
6896 6898
308 311
3616 3618
635 637
7144 7147
1445 1448
6823 6827
319 321
5455 5457
3215 3217
3121 3128
220 222
3467 3470
5856 5859
3734 3737
7397 7399
3402 3406
7432 7434
7091 7094
178 183
5323 5325
4489 4491
3525 3532
1611 1613
4156 4159
1067 1070
1193 1198
6963 6968
6300 6305
3154 3158
6556 6560
2071 2075
990 992
6481 6483
5639 5641
3523 3532
1503 1505
1099 1101
727 733
5141 5144
2766 2770
2825 2827
5000 5009
1259 1262
1742 1744
4861 4866
4246 4248
5953 5955
5802 5806
6850 6853
5636 5639
4395 4397
4479 4481
7164 7168
4682 4684
3664 3669
266 270
189 191
386 390
1562 1564
4033 4037
1318 1320
3119 3121
4979 4981
374 378
5841 5846
2953 2957
7094 7096
1445 1448
6320 6322
3110 3113
6046 6049
4498 4503
4824 4830
6323 6327
370 373
1689 1691
6208 6212
5441 5444
3543 3546
7404 7407
1179 1181
83 85
6715 6717
1846 1851
5461 5464
1962 1966
4025 4027
3079 3081
3743 3747
4132 4137
2435 2438
1748 1753
6125 6130
4514 4519
5291 5296
957 959
2165 2168
2783 2785
713 716
3050 3052
988 990
2616 2618
7126 7128
4203 4207
459 462
929 934
3387 3389
6573 6575
3009 3013
4607 4611
3128 3131
5463 5465
138 140
6174 6177
4105 4108
796 802
907 909
1410 1412
5860 5862
4024 4026
1277 1279
2035 2037
7229 7232
1224 1226
619 625
2881 2885
2384 2387
838 840
3052 3056
5281 5284
5643 5646
6747 6749
1342 1344
2721 2725
4776 4778
4881 4884
3553 3557
5681 5683
3360 3363
172 176
2746 2748
328 333
4685 4687
7351 7355
4762 4764
7137 7141
3933 3938
1082 1085
7164 7168
1654 1656
1846 1850
4733 4736
2319 2321
3777 3782
3125 3128
4502 4504
1291 1296
5895 5897
482 484
7111 7113
1052 1054
3020 3022
2902 2904
6090 6092
4608 4611
374 376
180 183
455 458
4718 4720
4904 4906
5440 5444
4351 4355
5019 5024
173 176
2914 2917
3713 3717
3886 3892
634 636
5754 5757
2301 2306
5570 5573
4624 4626
997 999
5330 5334
2782 2784
6823 6828
2023 2025
6028 6033
1691 1698
7060 7062
2092 2095
7191 7194
433 435
1830 1834
2237 2240
1373 1376
5321 5323
3744 3750
3640 3643
6579 6583
4674 4676
3220 3223
1758 1760
2325 2327
500 506
4357 4359
7236 7238
4453 4455
1992 1994
379 381
485 489
5740 5744
7176 7180
392 394
6930 6933
2719 2721
6166 6173
4822 4829
913 915
7050 7054
2878 2881
3081 3083
1743 1748
522 527
1172 1175
2491 2494
2862 2864
5038 5040
680 683
7123 7125
1469 1472
6658 6661
1815 1817
1412 1415
3409 3415
184 187
1368 1373
5393 5396
4406 4411
4617 4619
2122 2124
636 639
866 868
7217 7222
1960 1962
113 117
4331 4333
941 943
7369 7371
346 348
4084 4087
7233 7236
1226 1229
516 518
1715 1718
5561 5564
68 71
6800 6803
228 231
318 320
3525 3533
4894 4897
5547 5549
5339 5341
3525 3532
2722 2725
7442 7444
1739 1741
3706 3711
282 285
4137 4140
1291 1297
5300 5302
3225 3229
1937 1940
3926 3928
5643 5646
6752 6756
113 117
1246 1249
2833 2836
6118 6121
6041 6044
6188 6190
7310 7318
453 455
260 262
3679 3681
5339 5342
5327 5329
1305 1308
648 650
1368 1373
3560 3564
2625 2630
1631 1635
5154 5158
7081 7085
5240 5242
100 103
3609 3612
6397 6400
3608 3612
1226 1229
7469 7473
2917 2919
5172 5175
5436 5440
3852 3854
940 942
6567 6569
5374 5378
3182 3188
986 988
154 157
5758 5760
4942 4944
4691 4693
847 849
4535 4537
4282 4287
2650 2654
2730 2732
5879 5884
3088 3094
2186 2189
7077 7079
3812 3814
6493 6497
6749 6751
3523 3532
4608 4612
5048 5055
1969 1972
5737 5739
2688 2691
3450 3454
6803 6805
1621 1623
426 429
141 143
4045 4049
6351 6354
2059 2063
1308 1310
2312 2315
5856 5858
1885 1887
6732 6734
619 625
588 591
6358 6360
5067 5070
6570 6573
1461 1465
1962 1965
5399 5402
1191 1194
6683 6688
4800 4802
4881 4884
1089 1092
7330 7333
97 99
451 453
5836 5840
3868 3870
996 999
3551 3553
1108 1111
1477 1483
5754 5757
5808 5810
6426 6429
6486 6488
4390 4392
6298 6300
836 838
920 923
7416 7419
7273 7275
3810 3812
1679 1681
7310 7313
4017 4021
6986 6991
6247 6249
5258 5260
6547 6550
734 737
3959 3961
1618 1621
7238 7241
4004 4007
2111 2113
4529 4532
4814 4818
71 74
2779 2783
252 255
1582 1585
538 540
5836 5840
1346 1349
7393 7397
309 311
117 119
3728 3731
629 632
4231 4233
4880 4883
2595 2597
2060 2063
6271 6273
2478 2482
3046 3048
7097 7099
2600 2603
1473 1476
2991 2994
328 333
6734 6738
5300 5302
2111 2113
780 784
6919 6923
836 838
1661 1663
5470 5473
3514 3517
7391 7393
706 708
430 433
4697 4700
6562 6564
6274 6276
1934 1936
1893 1896
4453 4460
2484 2488
6591 6595
3409 3415
3267 3269
1935 1937
430 433
1656 1660
619 626
4873 4875
346 348
5346 5352
4744 4746
7074 7077
677 680
3237 3241
5932 5934
2920 2922
6094 6096
1547 1550
3896 3900
4353 4355
3988 3990
6934 6937
3182 3188
4608 4612
5867 5869
3450 3453
7174 7177
5145 5147
4677 4679
3331 3333
5059 5063
4805 4808
1531 1535
5999 6001
1609 1611
2590 2595
595 597
1373 1377
4256 4266
7025 7031
4762 4764
2760 2762
5554 5557
1845 1850
5193 5195
642 644
5058 5063
2866 2869
6087 6090
2954 2957
2878 2882
4331 4333
7211 7213
1010 1012
2898 2901
4232 4235
2368 2374
6400 6404
3344 3346
1459 1461
7083 7087
3335 3337
3089 3094
4646 4648
3442 3446
4764 4766
4655 4657
2987 2990
1627 1629
4799 4802
6382 6384
4645 4648
3200 3202
6677 6679
4417 4422
3359 3363
7341 7343
4957 4960
4256 4266
6158 6160
4559 4568
5447 5449
270 273
6262 6266
2005 2008
1587 1589
5878 5880
2862 2864
4976 4978
6242 6244
107 111
7137 7141
3254 3258
5586 5594
3584 3587
494 497
741 744
2560 2563
3798 3802
4854 4856
1229 1233
3773 3775
7199 7204
7043 7045
7094 7096
6317 6320
840 842
4774 4776
1006 1009
1002 1004
6226 6229
1804 1807
4045 4049
5028 5030
1234 1238
1739 1741
2045 2049
4126 4130
4371 4373
6432 6435
5424 5426
5850 5855
1211 1213
5603 5605
4926 4932
6661 6665
5664 5666
5608 5610
6885 6888
1629 1631
3304 3306
5165 5167
6076 6078
915 917
1282 1284
404 406
1489 1495
5446 5449
3303 3306
4201 4203
5550 5552
3691 3693
2446 2449
5862 5864
497 499
1468 1471
3044 3046
5229 5233
5235 5240
2250 2255
4439 4442
3568 3572
58 60
2259 2262
6483 6485
1950 1953
1072 1075
4031 4033
830 832
5311 5313
7222 7225
615 617
3020 3022
6963 6968
3831 3833
1684 1689
7475 7485
7275 7278
3447 3453
28 33
217 219
2023 2025
5674 5676
5074 5077
2329 2333
724 726
2890 2892
652 655
598 603
2450 2453
1259 1262
6436 6444
4097 4099
2652 2655
6631 6634
2189 2191
4309 4313
2444 2446
3993 3996
2847 2853
1544 1546
3775 3777
5752 5757
6064 6066
498 500
726 728
2355 2358
2240 2245
44 46
6821 6823
6205 6208
4145 4148
7416 7419
5653 5658
4218 4221
292 294
6865 6869
6092 6094
2415 2418
4016 4018
5074 5077
3857 3860
3344 3346
7006 7009
6428 6430
644 648
4266 4268
6919 6923
4439 4442
6779 6782
6271 6273
3195 3197
655 658
16 18
3677 3679
2748 2751
680 683
5657 5660
191 194
4251 4254
1652 1654
1661 1664
5618 5620
3116 3119
972 978
1082 1085
1206 1208
5234 5240
3303 3306
3802 3804
3231 3233
2090 2095
5068 5073
3881 3883
1183 1186
3798 3801
6514 6516
3332 3335
1820 1822
5954 5956
7264 7268
3115 3119
4774 4776
3158 3160
1691 1694
5503 5507
5496 5499
7328 7330
5016 5019
4256 4265
3055 3060
6521 6523
6706 6709
982 984
246 248
6165 6169
4589 4591
5785 5787
5415 5419
3418 3422
7392 7397
4726 4728
727 733
739 741
2618 2623
3898 3900
3588 3590
7058 7060
5771 5774
3106 3108
7202 7204
4169 4172
455 458
5153 5155
749 751
6668 6670
462 465
1213 1215
7043 7045
6217 6219
6455 6457
830 832
6651 6654
1911 1914
1540 1544
1940 1942
2656 2659
6747 6751
5880 5884
4406 4411
2127 2130
5626 5628
4602 4604
6853 6856
6926 6930
416 420
6859 6861
282 285
1892 1895
5662 5664
2009 2012
2312 2316
1007 1010
207 209
927 930
3121 3125
5731 5733
6933 6935
3215 3218
5764 5770
4237 4241
5806 5808
6195 6199
2961 2964
6968 6974
1653 1655
4782 4784
6797 6802
552 556
1691 1694
2084 2090
3850 3853
5762 5764
6148 6151
935 940
4140 4144
1953 1957
2031 2033
1078 1081
2550 2552
4797 4800
234 236
3052 3055
988 991
7097 7099
7268 7271
1342 1345
6502 6506
2042 2044
5836 5840
2446 2448
4471 4477
2330 2333
1012 1014
6859 6861
5449 5455
5646 5649
811 813
252 255
6964 6974
240 244
7365 7368
3630 3633
4445 4448
6190 6193
7302 7308
1744 1748
6436 6445
4170 4172
2709 2712
4004 4007
3409 3415
442 444
4881 4883
2392 2396
169 172
1076 1078
5240 5242
3421 3423
1812 1815
2920 2922
5366 5368
1273 1277
7042 7045
3421 3423
5601 5603
5216 5218
6436 6444
5204 5206
5826 5829
2090 2095
2773 2776
7378 7383
1007 1009
6223 6226
1896 1898
2298 2301
3360 3364
6681 6683
3209 3212
1277 1279
5415 5419
7216 7221
5601 5603
4974 4976
4549 4555
74 78
3369 3372
791 796
4498 4502
2848 2853
1732 1737
6610 6612
428 430
2350 2353
5704 5708
4412 4415
5475 5477
7313 7318
4670 4673
1110 1114
650 652
1907 1911
3562 3565
7251 7253
5610 5612
164 168
5541 5546
4361 4365
7171 7174
6436 6444
1531 1535
3503 3506
1500 1502
4657 4659
3728 3733
5097 5100
5149 5151
430 433
4853 4856
4155 4157
4842 4846
698 701
3409 3412
4462 4464
5139 5141
7129 7131
5120 5122
6906 6909
7343 7346
3868 3870
4917 4921
4323 4326
3048 3050
807 809
595 597
7075 7078
5492 5494
2435 2438
3162 3165
3594 3596
2350 2353
4528 4530
1876 1878
3205 3209
5938 5940
6404 6406
4751 4753
4686 4688
4730 4733
1208 1211
5481 5485
5030 5032
3671 3673
6213 6216
3820 3824
724 727
6046 6049
5476 5479
774 776
7119 7121
7250 7252
7180 7182
3211 3214
5280 5282
660 663
6127 6130
7501 -1
219 221
4013 4015
7313 7318
3734 3739
2618 2623
95 97
1405 1410
2631 2633
1201 1203
3400 3406
5888 5892
6223 6229
6281 6284
5944 5949
5517 5520
217 220
3266 3268
7263 7268
210 213
1388 1390
1785 1787
7 9
6812 6817
4612 4615
5859 5862
1573 1578
5270 5273
2656 2659
4918 4921
1977 1979
1795 1799
6529 6532
7313 7319
4688 4690
1042 1045
5185 5188
4251 4254
4412 4415
2779 2783
4630 4633
5941 5944
7425 7427
4088 4091
4035 4038
776 780
7060 7062
5746 5752
2920 2922
1299 1302
832 834
3885 3892
2247 2250
6125 6127
3392 3395
2256 2258
595 597
5622 5625
6834 6836
5104 5106
1531 1537
1181 1183
5653 5657
6297 6300
1018 1025
4042 4044
5740 5744
3693 3695
5059 5064
5968 5971
274 278
2118 2120
3453 3455
1120 1124
6839 6841
1732 1736
6916 6919
3327 3329
6533 6536
2972 2974
6410 6412
4662 4667
2101 2103
1923 1928
4101 4104
5976 5978
1573 1578
1807 1811
967 969
6012 6015
6199 6201
3734 3737
2947 2949
1785 1788
4126 4130
3933 3938
5096 5100
3782 3784
3775 3777
4789 4792
5975 5978
872 875
4412 4417
7158 7162
1416 1422
3812 3814
2484 2488
2049 2054
5705 5708
1416 1422
1089 1092
3601 3603
2325 2327
190 193
3832 3834
2346 2353
4453 4455
3656 3658
1273 1276
5000 5009
1219 1221
2084 2090
3509 3512
5059 5064
6490 6492
894 899
890 892
7137 7141
5781 5784
5509 5514
5233 5235
2529 2531
3721 3726
6829 6834
1599 1602
1941 1943
2426 2429
1075 1078
6999 7001
3521 3525
1883 1885
5441 5444
6108 6110
5895 5900
6169 6174
677 680
1535 1538
1033 1036
4082 4084
1398 1404
549 552
1438 1442
2962 2964
1914 1916
2294 2297
1422 1426
1378 1382
7252 7254
1407 1411
1165 1171
561 566
4224 4227
2075 2079
5708 5714
138 140
4573 4577
5950 5952
5074 5077
5048 5055
1214 1218
820 829
466 468
3252 3257
1822 1824
6894 6896
1720 1726
2237 2245
3217 3219
3356 3359
4224 4227
7427 7430
1808 1812
3898 3900
2751 2753
4035 4037
1127 1136
5441 5445
3455 3458
3397 3400
3543 3546
1437 1442
2409 2411
6166 6169
7119 7121
3832 3834
4888 4893
1378 1381
596 598
6888 6893
2334 2338
7152 7158
3878 3880
6546 6548
1991 1994
4398 4403
6917 6919
5101 5104
4256 4265
2084 2090
3116 3119
2283 2286
2818 2820
7131 7133
4837 4841
6054 6057
4726 4728
7318 7321
3523 3525
5579 5584
6148 6151
6027 6033
4301 4303
7080 7083
2258 2261
3472 3475
3128 3131
5895 5897
7104 7109
2433 2435
918 920
6426 6428
5057 5059
7287 7289
1495 1497
4305 4310
4241 4243
5216 5219
510 513
4254 4265
6137 6143
4081 4083
954 956
5972 5975
5708 5712
6606 6608
233 236
6841 6843
1350 1353
5016 5019
5112 5117
2541 2545
972 978
3389 3391
3677 3679
285 287
3828 3830
4921 4923
5463 5465
1857 1859
5602 5604
6028 6033
2571 2573
5640 5643
2673 2676
2436 2441
2259 2261
4126 4130
2478 2483
1194 1199
1749 1753
6276 6278
2284 2286
1105 1107
5962 5964
574 577
2650 2654
598 603
7013 7019
6889 6893
2949 2951
2981 2984
5339 5342
6445 6448
5366 5368
6581 6586
2564 2566
3958 3960
1382 1384
6514 6517
2403 2408
6297 6300
2538 2540
4563 4568
6105 6110
4358 4360
1550 1552
2467 2470
4878 4881
7236 7240
5999 6001
4298 4301
921 923
5059 5063
2623 2625
1765 1767
7374 7378
629 632
6553 6555
3509 3512
1222 1224
6485 6488
3588 3590
2900 2902
6670 6674
1238 1240
4246 4251
1874 1876
6683 6688
904 907
5275 5278
4547 4549
1599 1602
4662 4667
2214 2219
1898 1900
219 221
2157 2159
4545 4547
935 938
4002 4004
2707 2709
7207 7210
5993 5996
1422 1425
7036 7038
5668 5671
921 924
639 642
4098 4101
1082 1084
101 104
1283 1285
2149 2151
7281 7287
6648 6650
6454 6456
3850 3852
26 33
7468 7472
1495 1498
5285 5296
2541 2545
6040 6044
4203 4206
4477 4479
5940 5944
524 528
1720 1724
1612 1614
3196 3198
2521 2523
3105 3107
6871 6873
1416 1422
1994 1997
2227 2230
6316 6320
2031 2033
2415 2418
6954 6956
549 552
982 984
6016 6020
557 559
5108 5111
3993 3996
5647 5649
4617 4620
2929 2931
5139 5142
2742 2744
4964 4969
471 474
7233 7235
5285 5291
2075 2081
552 557
1896 1898
4492 4495
680 683
1163 1165
1744 1749
2049 2051
958 961
979 982
5268 5270
5537 5540
5336 5341
7152 7158
5380 5382
2455 2459
5691 5694
3984 3986
5486 5488
320 322
2420 2422
3475 3483
7152 7158
2444 2448
4898 4904
5828 5831
1009 1011
7121 7123
2035 2037
4543 4545
442 444
6536 6538
1841 1845
6631 6633
2323 2327
6481 6483
5720 5722
6706 6709
3022 3031
313 318
4453 4460
2474 2476
3678 3681
5609 5611
4612 4615
6553 6556
7247 7249
1825 1827
3125 3131
4860 4866
7036 7038
4305 4309
3196 3198
3502 3506
4989 4991
1014 1016
522 524
1199 1201
222 225
6457 6459
4151 4156
1246 1249
5285 5291
5048 5055
1191 1194
4269 4273
2312 2315
6436 6444
6823 6827
2848 2853
5092 5096
1469 1472
5299 5301
6244 6246
4486 4489
1238 1240
626 628
3753 3755
6924 6926
2670 2673
938 940
274 278
5406 5409
3658 3660
3511 3514
991 993
6417 6419
528 532
1629 1635
6300 6308
5855 5858
2392 2396
2878 2881
5000 5009
5739 5744
206 208
2945 2947
6231 6233
4630 4633
1094 1097
3744 3747
598 603
3282 3285
3543 3547
3595 3597
6047 6049
655 658
924 926
604 606
3635 3638
3711 3717
3857 3860
3734 3739
1779 1782
118 120
3777 3782
7099 7103
6935 6937
1114 1117
3315 3317
6195 6199
4053 4056
4591 4593
6553 6556
4166 4169
3661 3663
3065 3068
2550 2552
972 978
5574 5578
2071 2075
7226 7229
2027 2031
2275 2277
4792 4794
1603 1606
6108 6110
1656 1661
3065 3068
3418 3422
2703 2707
2890 2892
1615 1617
5447 5455
2378 2380
1054 1057
3369 3372
2756 2762
4166 4170
7304 7308
2881 2885
119 122
723 726
3606 3609
1684 1689
1679 1682
4333 4335
1315 1317
273 275
462 465
6323 6327
1873 1876
2378 2380
5871 5874
1940 1942
2607 2609
1042 1045
1036 1038
178 183
6551 6553
1311 1314
4514 4519
4519 4521
1758 1760
3022 3029
5339 5341
1015 1017
744 746
3040 3043
3583 3587
5878 5880
6064 6066
3713 3717
5649 5652
4203 4206
5955 5958
6445 6449
5673 5675
6370 6372
680 683
5950 5952
7104 7108
3550 3553
6229 6231
5856 5859
1676 1679
6661 6665
1825 1829
6823 6827
7466 7469
1656 1660
6257 6261
3814 3818
6105 6110
2350 2353
4291 4294
4273 4275
228 231
571 573
1923 1925
4403 4405
275 278
3235 3237
6351 6354
6210 6213
7264 7268
7378 7381
4021 4024
6262 6264
7128 7130
178 180
6688 6691
7079 7081
6323 6327
5154 5158
520 524
1107 1110
3320 3323
5850 5855
4140 4144
2136 2139
4829 4831
7281 7287
5319 5323
1865 1867
188 190
563 567
6137 6143
6633 6635
1127 1136
408 411
755 757
5826 5829
720 722
910 913
3180 3182
1691 1698
566 568
5781 5783
1323 1327
5985 5987
592 595
2563 2566
5708 5712
6246 6249
1105 1107
4009 4012
2683 2685
4137 4140
598 603
2259 2261
4132 4137
4814 4816
3984 3986
4471 4477
118 120
7343 7346
3085 3088
2682 2684
4932 4934
895 899
6151 6154
6538 6540
1581 1585
3798 3801
4222 4224
6834 6836
2697 2701
5131 5136
2528 2530
7006 7009
7184 7188
5114 5117
5525 5528
5968 5971
7229 7232
997 1000
2939 2944
5468 5470
164 167
6908 6911
5177 5179
5660 5662
7381 7385
1868 1870
5596 5602
4392 4394
6884 6888
1416 1422
1654 1656
2992 2995
592 594
252 256
6461 6463
3225 3231
5373 5375
6215 6217
313 318
3932 3934
3019 3022
4829 4831
2460 2463
4491 4495
1569 1572
4481 4485
5146 5148
3509 3512
6829 6834
2760 2762
5097 5101
3198 3200
619 625
2922 2926
6273 6275
5955 5958
1860 1862
3061 3065
4523 4527
3131 3134
3105 3107
300 303
1959 1961
4241 4243
14 16
780 783
5147 5149
7333 7335
3164 3166
3741 3743
2618 2623
1028 1033
6564 6567
1665 1669
3902 3905
5547 5549
429 433
7207 7210
5960 5962
2306 2308
2306 2308
5040 5044
4633 4636
3487 3489
1028 1031
2024 2026
6844 6846
1268 1273
2240 2246
2084 2092
1560 1563
5503 5507
2722 2728
7005 7007
7263 7268
7050 7054
3494 3497
3928 3932
7221 7223
655 658
6134 6136
4993 4995
4569 4571
1986 1991
6776 6779
2436 2438
6873 6877
6707 6709
7428 7430
886 888
2718 2720
4063 4065
5964 5966
2256 2258
479 481
3582 3584
5829 5833
3756 3761
6108 6110
4337 4340
6880 6884
1350 1353
5331 5335
2972 2974
6340 6345
5892 5897
6365 6368
2826 2829
866 868
5561 5563
5764 5770
4035 4038
3128 3131
6436 6444
2123 2127
5456 5460
4218 4221
3548 3550
969 971
3475 3477
817 820
2247 2250
6016 6021
5105 5108
6016 6020
3744 3750
6226 6229
3880 3883
5590 5594
3834 3836
4283 4289
3606 3609
2701 2703
4092 4097
2045 2049
6503 6506
4083 4086
2999 3001
3533 3536
1684 1689
7369 7374
4498 4502
4386 4388
4207 4210
1846 1851
2153 2155
4506 4509
7204 7207
1873 1876
5728 5730
2145 2148
7075 7077
4347 4351
3422 3425
4532 4535
3859 3861
3494 3499
5754 5758
5509 5514
2493 2495
4795 4797
195 198
4347 4351
6722 6725
4498 4502
1041 1045
7299 7301
3996 3998
4245 4248
1259 1262
2788 2790
4469 4471
195 198
6187 6190
4335 4337
203 205
1456 1458
6829 6835
499 503
2918 2920
7412 7414
1603 1606
1749 1753
1656 1660
2203 2206
6661 6665
6523 6525
4641 4644
3879 3881
4218 4221
5175 5177
2631 2633
4736 4738
2284 2287
5177 5179
841 843
1689 1694
7050 7054
3433 3436
2449 2451
1085 1087
913 916
6978 6983
6095 6097
5520 5522
6060 6063
637 641
1297 1299
4972 4975
1681 1683
5218 5221
4697 4699
4813 4816
3850 3852
2650 2652
1031 1033
6064 6066
527 530
1589 1592
7152 7158
2065 2068
3570 3572
2020 2023
2164 2166
6695 6697
2770 2773
3289 3293
6072 6076
745 747
404 406
7401 7405
4640 4643
4018 4021
3102 3104
4972 4974
5038 5043
207 209
3902 3908
3259 3262
3121 3128
1978 1981
6230 6232
1245 1248
4192 4196
2333 2338
4762 4764
5620 5624
769 772
3237 3241
4397 4401
6546 6548
4910 4914
5181 5183
4690 4693
6699 6703
7291 7295
5430 5433
6546 6548
1459 1461
7281 7287
6642 6646
4290 4292
1485 1489
2403 2409
3379 3383
3547 3549
3609 3614
4875 4877
5950 5953
2420 2422
4237 4241
4844 4851
6346 6348
5456 5460
252 256
5255 5258
3005 3008
6244 6246
1483 1485
3035 3041
6905 6908
5449 5455
6422 6425
119 122
2208 2210
6072 6077
4649 4651
344 346
282 285
7295 7298
4789 4792
6058 6060
361 363
3550 3553
2280 2282
392 394
2661 2663
1429 1431
5694 5696
1572 1577
1981 1983
6931 6934
2999 3001
1383 1386
3681 3683
390 392
1646 1652
4504 4506
3999 4002
612 614
2392 2397
7329 7333
1891 1893
7109 7111
4148 4151
1384 1386
2227 2230
820 829
5311 5313
1148 1150
2355 2361
6937 6940
1144 1148
2720 2722
6087 6089
5380 5383
3718 3720
4926 4933
6342 6345
4132 4135
7304 7308
5430 5432
7310 7318
7060 7062
3609 3614
982 985
617 625
619 625
2031 2033
5449 5455
7319 7322
4287 4290
5595 5601
3978 3980
6873 6878
3814 3818
5892 5895
869 872
4571 4573
1263 1265
1925 1928
6177 6179
3060 3063
6309 6311
3616 3618
886 888
385 387
434 436
4332 4335
4155 4157
3179 3182
7238 7241
5070 5073
1588 1591
3461 3463
3523 3532
4866 4868
2184 2187
2301 2306
3599 3601
1609 1611
6383 6387
4944 4946
1277 1279
3820 3824
6448 6450
1495 1498
995 997
5259 5261
734 738
6016 6020
885 888
248 250
5701 5704
3383 3386
5955 5958
6006 6008
5785 5787
829 831
3706 3711
3993 3996
282 286
5228 5230
3374 3376
2001 2004
7358 7362
767 769
5649 5652
6004 6008
1944 1947
348 353
1199 1203
2105 2108
2874 2876
4309 4313
5685 5688
1529 1531
3369 3373
710 713
1349 1353
2209 2211
4088 4092
6999 7001
5681 5683
6051 6054
2240 2245
1938 1941
5000 5009
4283 4287
6400 6404
1820 1822
3713 3717
5613 5618
3986 3988
4890 4893
506 508
820 829
4266 4268
1851 1854
2030 2032
3494 3497
5874 5877
7113 7119
4112 4115
1851 1853
7449 7451
3176 3178
2866 2869
3630 3634
3801 3804
3581 3583
3020 3029
5819 5822
3704 3706
3140 3146
5802 5806
7439 7442
6964 6968
3619 3621
1388 1390
3225 3229
7492 7496
1663 1665
1138 1140
6514 6516
875 879
2553 2557
4338 4341
6105 6108
6562 6565
4116 4119
4353 4357
5193 5195
236 240
2012 2014
6728 6730
503 506
6573 6575
1737 1739
5964 5967
7186 7188
4740 4742
4197 4201
6422 6424
7407 7409
1155 1158
5547 5549
1825 1827
3022 3029
5352 5354
2493 2495
4009 4012
2137 2141
2985 2987
231 233
2568 2570
619 625
886 888
5653 5657
2901 2903
2184 2187
3128 3131
5968 5971
3910 3912
5152 5154
3570 3573
5282 5284
532 534
5300 5302
1996 1998
7199 7202
595 597
5740 5744
4676 4678
2187 2191
7001 7003
1337 1339
1007 1009
4878 4880
3369 3372
4906 4910
2953 2957
1349 1353
6473 6475
7144 7147
6028 6033
1876 1880
4980 4983
2680 2682
7435 7437
4157 4159
7356 7358
552 557
1434 1438
6734 6739
5246 5248
5423 5425
4151 4155
5787 5792
5085 5088
7072 7074
1346 1349
4144 4148
6493 6496
6556 6560
7233 7235
4392 4394
2425 2429
6861 6865
28 33
3898 3900
1607 1610
6993 6996
1753 1755
2669 2671
5781 5784
4386 4388
5558 5560
719 721
1520 1523
1646 1653
6836 6839
5595 5601
3363 3367
582 584
4491 4495
3400 3402
6866 6869
2119 2122
691 693
569 571
4947 4951
6148 6151
4918 4921
1919 1921
5352 5354
6425 6428
3094 3097
1291 1296
1563 1565
617 625
234 236
5764 5770
1127 1136
4854 4857
7099 7103
1438 1442
3412 3415
4018 4023
1871 1873
5361 5363
98 100
4102 4105
294 298
5176 5178
7318 7321
4799 4802
449 451
5653 5657
5754 5757
4844 4851
2145 2147
2838 2843
5185 5190
2903 2906
267 271
5879 5884
7416 7419
5787 5792
4658 4661
1434 1438
4316 4320
1251 1255
7158 7162
2184 2186
1458 1461
5773 5775
4947 4949
6413 6417
2334 2342
1823 1825
4445 4448
2403 2409
3868 3871
3886 3892
173 178
2168 2170
2470 2472
2585 2587
3616 3618
4481 4484
4765 4767
14 16
2779 2782
2882 2888
2192 2198
467 470
5580 5584
5757 5760
6648 6650
6857 6859
87 92
373 376
3747 3750
7025 7032
6169 6173
55 58
7108 7110
6829 6834
6933 6935
1307 1310
3879 3881
6812 6817
6365 6367
1870 1872
1033 1036
1067 1069
7435 7437
1567 1571
4016 4018
6390 6393
7119 7122
6823 6827
5131 5136
4577 4579
798 803
7435 7438
1780 1782
4045 4049
5266 5268
1622 1624
7466 7469
1047 1050
1014 1016
6547 6550
5673 5675
2590 2593
7036 7038
2051 2054
159 161
4789 4792
6752 6754
1226 1229
6821 6823
5645 5647
4932 4934
5139 5141
3839 3841
7442 7444
387 390
5922 5925
859 866
5447 5455
3679 3681
4858 4860
7383 7387
4814 4818
5112 5117
1579 1581
2670 2673
1065 1069
294 297
3074 3077
2581 2584
2478 2482
2645 2648
5259 5261
3886 3892
2890 2892
3125 3128
643 647
4065 4067
3360 3364
5658 5661
6817 6820
3212 3214
6384 6387
832 834
1738 1740
1603 1606
6323 6329
7419 7421
4886 4888
2631 2634
1607 1610
5874 5878
6137 6143
2524 2527
6010 6012
2665 2667
1718 1724
1953 1955
4492 4495
4497 4502
3693 3695
5030 5032
716 720
7304 7308
4353 4357
2563 2566
6853 6856
3407 3409
5802 5806
2504 2509
178 183
2768 2773
6964 6968
3427 3429
1360 1362
979 984
1198 1201
3339 3342
6791 6797
641 643
6849 6851
3902 3905
2399 2403
927 929
5038 5040
4918 4921
4170 4173
3998 4001
6137 6143
261 263
1850 1853
4396 4398
5964 5966
4218 4221
5910 5913
1111 1114
4700 4703
2223 2227
6497 6500
1694 1698
4705 4711
4479 4481
4630 4634
4655 4657
546 548
20 22
2330 2333
5275 5277
2101 2103
6621 6623
6347 6349
5188 5191
6108 6111
7104 7108
4731 4733
4504 4508
5018 5020
724 726
1637 1639
7319 7322
6188 6191
1991 1994
1975 1977
3019 3022
3910 3912
811 813
716 719
5836 5841
2770 2776
1925 1928
3316 3320
150 153
4832 4835
6177 6179
2635 2637
7025 7031
584 586
872 876
118 120
4463 4467
751 753
2581 2584
3926 3928
162 167
6352 6354
5406 5409
1256 1258
577 579
4323 4325
996 999
3948 3950
3921 3924
7205 7208
3630 3633
3825 3828
5412 5415
2478 2482
6493 6497
7416 7419
1994 1996
2079 2082
5000 5009
512 514
2358 2363
34 36
2173 2176
4144 4148
6352 6354
6445 6449
636 639
4527 4529
5088 5091
3549 3551
1291 1296
2166 2168
6417 6419
104 107
2240 2245
2105 2108
3447 3450
2418 2420
4251 4254
1937 1940
5344 5346
6682 6688
5251 5255
387 390
4914 4916
3316 3320
4366 4368
538 540
193 195
5319 5321
6807 6809
171 173
5661 5663
4481 4484
2211 2214
87 93
1887 1891
1571 1573
4498 4502
1373 1376
3925 3928
5449 5455
4657 4659
3664 3667
681 683
430 434
3052 3056
2059 2063
5243 5247
4730 4733
2026 2030
2282 2284
4963 4968
437 442
3205 3209
1416 1422
2618 2623
1523 1525
2116 2118
4699 4703
6072 6076
574 577
6538 6540
895 900
4636 4638
6931 6933
7194 7196
4988 4990
6627 6631
1120 1124
774 776
3402 3406
3484 3487
549 556
6707 6709
3580 3582
4415 4422
7301 7304
6821 6823
2985 2987
6001 6003
4577 4581
7188 7190
7385 7389
681 683
5892 5895
1811 1813
4733 4736
4157 4160
1840 1843
6137 6145
5172 5175
3108 3111
3756 3761
1121 1124
5240 5243
2235 2240
5248 5250
2822 2825
2005 2008
3912 3915
4118 4122
2158 2161
4691 4694
4869 4871
6180 6182
1443 1446
2908 2911
307 309
224 227
5412 5415
1837 1839
7094 7096
2071 2075
3762 3766
2017 2020
7318 7321
4582 4584
5907 5909
5559 5561
1277 1279
6400 6404
404 406
3898 3901
4170 4173
6637 6639
4979 4981
7269 7271
4599 4602
6764 6767
2536 2538
6267 6269
619 625
7449 7451
1827 1830
5822 5825
6952 6954
5192 5194
199 201
7001 7003
2687 2691
3116 3120
7299 7301
6015 6020
4480 4484
4626 4630
4898 4906
5058 5063
3846 3848
7497 7501
579 581
7275 7278
5927 5932
3503 3506
5906 5908
5972 5975
1873 1876
84 86
6274 6276
2117 2119
2495 2499
1881 1885
3221 3223
5964 5966
6934 6937
6484 6486
6520 6523
3879 3881
6627 6630
6066 6071
4907 4914
328 333
4496 4498
1652 1654
2549 2552
3315 3317
2153 2155
1268 1273
3020 3022
4328 4330
4032 4035
3102 3104
3324 3327
363 366
5335 5339
935 940
5123 5130
6010 6012
5336 5339
6419 6422
4854 4856
6195 6201
6177 6179
8 10
7127 7129
2008 2012
430 433
3102 3104
2426 2429
3842 3844
612 615
5207 5209
2119 2122
4296 4298
417 420
6089 6092
3140 3149
2092 2095
3540 3542
7212 7214
6503 6506
2084 2090
3618 3621
2652 2654
2701 2703
1394 1396
4504 4506
6181 6185
4389 4391
7401 7405
4721 4726
4145 4148
7103 7108
6475 6479
3574 3576
5219 5222
1932 1934
2836 2838
2361 2364
260 262
2001 2004
2725 2729
2931 2934
6041 6045
5036 5038
3720 3726
5059 5064
252 255
7302 7304
4785 4787
1025 1028
617 625
5983 5987
7055 7057
716 720
1592 1594
886 888
1953 1955
1728 1731
5935 5937
7255 7258
1539 1542
6378 6382
1037 1039
7058 7062
924 926
2885 2888
7036 7038
3369 3373
1119 1121
4693 4695
1994 1997
5945 5949
5552 5555
6477 6480
3066 3069
7186 7188
5299 5301
4875 4877
6974 6977
5754 5757
1789 1791
4067 4069
5222 5225
5855 5858
5177 5179
2201 2203
4172 4174
5995 5998
2663 2665
857 861
3106 3108
2275 2280
6155 6158
4705 4711
41 44
3939 3941
4824 4829
6134 6136
275 278
5858 5860
7124 7126
4197 4202
3446 3450
619 625
1841 1845
2719 2721
527 530
309 312
6300 6305
312 318
6398 6400
2170 2172
3706 3713
157 159
6987 6991
6295 6297
4922 4924
6360 6362
3520 3523
2124 2127
6257 6261
2477 2482
5032 5035
2471 2473
7389 7391
500 503
2259 2262
2753 2756
5131 5136
2968 2971
3477 3483
4057 4061
7392 7397
5662 5664
747 749
5831 5833
1992 1996
3943 3948
1800 1802
4874 4877
1465 1467
7011 7018
1303 1305
5802 5806
3013 3016
10 13
6252 6254
6182 6185
6952 6956
259 261
5622 5625
3615 3617
6547 6550
4361 4364
2652 2655
2444 2446
4867 4869
4569 4571
1622 1624
813 815
1958 1960
4549 4555
1086 1088
5515 5517
4373 4376
4202 4206
3928 3932
3407 3409
798 802
2189 2191
3499 3501
4721 4728
4964 4968
4197 4201
6898 6900
1094 1098
3034 3040
2159 2161
1720 1726
1381 1383
1909 1911
4716 4719
3622 3624
45 48
6728 6730
4733 4735
353 356
3833 3835
6633 6635
359 361
6807 6809
3785 3788
1987 1991
7158 7162
7262 7264
3455 3459
4926 4932
1353 1355
2017 2020
6024 6027
3543 3546
370 374
5169 5175
6933 6935
4298 4301
2422 2424
1713 1717
4705 4711
3298 3300
6482 6484
7158 7163
7414 7416
3806 3808
1407 1410
5521 5525
1876 1880
522 527
4789 4792
5020 5024
1560 1563
2799 2804
1724 1726
5499 5503
7150 7152
4124 4126
3564 3566
5131 5136
1021 1025
4398 4401
1893 1895
2131 2133
392 394
1624 1628
1825 1827
3860 3862
1416 1422
1832 1835
6066 6071
4824 4829
3886 3895
5146 5148
5499 5503
1941 1943
1556 1558
4164 4166
6119 6121
4221 4223
6615 6617
4644 4646
1589 1592
5833 5836
2683 2685
1846 1850
2071 2073
5026 5028
2127 2130
4075 4079
3905 3908
2628 2630
6529 6531
195 198
1556 1558
2613 2617
5346 5352
7346 7348
4713 4715
1962 1965
890 893
1208 1210
5086 5088
6768 6770
3299 3301
5860 5863
2333 2338
5801 5806
3654 3656
6610 6613
6333 6335
1279 1282
648 650
2049 2051
3873 3875
188 190
607 611
4163 4165
7369 7371
5913 5915
1368 1373
2978 2980
4751 4753
5240 5243
2501 2504
5907 5909
5285 5291
1267 1273
3060 3063
1099 1101
959 962
3225 3229
4450 4452
3802 3804
1832 1834
4916 4918
2075 2079
3344 3347
3978 3980
5240 5242
2224 2227
2776 2778
6159 6161
2063 2065
4216 4218
262 265
3943 3948
101 104
7183 7186
474 477
1699 1701
5260 5262
6610 6612
7278 7281
6033 6036
294 298
3824 3827
439 442
4435 4437
5671 5673
203 205
4760 4762
5261 5264
6761 6764
376 379
3166 3169
2864 2866
988 990
7169 7171
5025 5028
6651 6654
663 665
802 804
6532 6534
1117 1119
7475 7487
2408 2410
2211 2214
3169 3174
4340 4342
1307 1310
387 391
3364 3367
6607 6610
3354 3356
4814 4816
3005 3007
2399 2403
359 361
1834 1836
2728 2730
1121 1127
5631 5633
5858 5860
6647 6650
4251 4253
5336 5339
4254 4256
5167 5169
1438 1443
4463 4467
5399 5402
5048 5055
2253 2256
2177 2179
776 780
5541 5545
63 65
3211 3214
4993 4995
6358 6360
2797 2800
820 829
5130 5136
1887 1890
1607 1610
5855 5858
2969 2972
3140 3146
119 122
1841 1843
4697 4699
2301 2308
5313 5316
6182 6185
524 528
5516 5518
3704 3711
6329 6333
4301 4304
4115 4118
147 149
7258 7261
5535 5539
122 124
5923 5927
3369 3372
1843 1846
4379 4383
820 830
6739 6745
559 561
6534 6536
7439 7444
632 634
3743 3747
2275 2280
2703 2707
4203 4207
3881 3884
2660 2662
4510 4512
7369 7371
6060 6062
7244 7246
1353 1355
4976 4978
313 318
5872 5877
5304 5306
6252 6254
2906 2908
5807 5810
5094 5096
6527 6531
5025 5028
3669 3671
1572 1577
3982 3985
6739 6745
1676 1679
3094 3097
5611 5613
6797 6802
3902 3905
629 633
6078 6083
5216 5219
62 65
7494 7497
5833 5836
233 236
5108 5111
55 57
3328 3330
5715 5720
5566 5568
5449 5455
3614 3616
1368 1373
4676 4678
7054 7056
2272 2275
141 143
6105 6108
4549 4555
1581 1585
1065 1067
7137 7141
4593 4595
4705 4711
1794 1799
895 900
3838 3840
5000 5009
4602 4604
7463 7465
4144 4148
1230 1234
6786 6790
1326 1328
5996 5998
1158 1163
2900 2902
6993 6995
6462 6466
7368 7371
4893 4897
728 734
4235 4241
101 103
6873 6877
7299 7302
2224 2227
1710 1713
1111 1114
6239 6242
6791 6797
282 286
6105 6110
3205 3211
1531 1537
7228 7232
4514 4519
4428 4430
3279 3281
4946 4949
7064 7067
3525 3532
3289 3293
7399 7401
4224 4228
4006 4008
3348 3352
5829 5833
2736 2744
2136 2139
7057 7060
4151 4155
2206 2209
4800 4802
2640 2643
5541 5546
3691 3693
2596 2598
4777 4779
5472 5475
734 737
5154 5158
34 37
2141 2143
5291 5296
2733 2736
8 10
4331 4333
2301 2308
3289 3294
3744 3747
3543 3547
3633 3635
5268 5270
6619 6621
5291 5296
5014 5016
6635 6637
2895 2898
3517 3520
4382 4385
3550 3553
813 816
6774 6776
3154 3158
1860 1862
5422 5424
7244 7246
6226 6230
2092 2095
1234 1238
263 265
4527 4529
4424 4427
10 14
1724 1727
3431 3436
348 353
3221 3225
979 984
5026 5028
4568 4570
4910 4914
798 802
1808 1811
5044 5048
458 461
6127 6130
2966 2968
4612 4615
4376 4378
4246 4251
5487 5489
1469 1471
2082 2084
2788 2790
5011 5014
2490 2493
5917 5919
528 530
5576 5578
82 84
2577 2580
4098 4101
5285 5291
2779 2783
297 299
100 103
1641 1646
2166 2169
1684 1689
2633 2635
7113 7115
7439 7444
890 892
6806 6809
6417 6419
7407 7409
3140 3146
2230 2234
7464 7466
1880 1883
6511 6513
3508 3511
3883 3885
4890 4893
2808 2810
2130 2132
916 918
5744 5752
2945 2949
3833 3835
6974 6978
7228 7232
5077 5080
3056 3060
619 625
5316 5318
1602 1604
5402 5404
5202 5206
1078 1082
7241 7244
4549 4555
2414 2417
6993 6996
2707 2709
3750 3753
2165 2168
1323 1326
7171 7174
832 834
7149 7152
1861 1863
5445 5447
4716 4719
2981 2984
7322 7327
3154 3158
5631 5633
1857 1859
5319 5321
4926 4933
7275 7278
6051 6054
3568 3570
4549 4555
6978 6984
1928 1930
3775 3777
6812 6817
5712 5715
5155 5158
2725 2729
5326 5328
342 345
3359 3363
1031 1033
807 809
1025 1027
1327 1330
2275 2280
2284 2286
10 13
6024 6028
4231 4233
2289 2291
2763 2766
5596 5601
6482 6484
4963 4968
1740 1742
7393 7397
4926 4932
4529 4532
4422 4424
5183 5188
5319 5321
2618 2623
2151 2153
3100 3102
1979 1981
6610 6612
101 103
3575 3577
3943 3947
7381 7383
3675 3678
2097 2099
2834 2836
2230 2234
1046 1049
1467 1469
5070 5073
5234 5240
6335 6338
6024 6027
7210 7212
1906 1909
2319 2321
1898 1900
4140 4144
4837 4840
3035 3041
16 18
5725 5728
5900 5903
6929 6931
4269 4274
2227 2230
4861 4866
6221 6223
4347 4351
4013 4015
2800 2804
6536 6538
321 325
5487 5489
309 312
194 198
1456 1458
3218 3220
2493 2495
7325 7327
1667 1669
4704 4711
7123 7125
6968 6974
4731 4733
319 321
1759 1762
107 113
4406 4411
2650 2652
28 34
2939 2944
7408 7412
6647 6650
5470 5473
1210 1212
6369 6371
7035 7037
5645 5647
3140 3146
266 270
3991 3993
4235 4241
1497 1500
193 195
6589 6591
5223 5225
4572 4575
1291 1296
3374 3378
3619 3621
1094 1097
4556 4559
1429 1431
1089 1092
3298 3300
194 198
535 539
1629 1635
639 641
2885 2889
7198 7202
4301 4303
2403 2409
5114 5119
2322 2325
3572 3574
1013 1015
1473 1476
6245 6247
2768 2773
7039 7041
5613 5618
4514 4517
1050 1052
5447 5455
6349 6352
2084 2090
6041 6044
6089 6092
7393 7397
3651 3653
4447 4449
3892 3895
4572 4575
4676 4678
5968 5971
1291 1296
4176 4179
6021 6024
4112 4115
920 923
4382 4385
257 260
2656 2659
2403 2408
1981 1983
5903 5905
1845 1850
3573 3575
2425 2429
3934 3938
3997 3999
7319 7322
4963 4968
2334 2342
6218 6220
4353 4355
2358 2363
309 311
606 610
7269 7271
3140 3149
4345 4347
2638 2640
547 549
2358 2361
3501 3503
5077 5079
2308 2312
1710 1713
1787 1789
6940 6943
3602 3605
4659 4662
1429 1431
1144 1147
2975 2979
4960 4962
5991 5993
4309 4313
780 783
6273 6275
3102 3104
386 390
1967 1969
5057 5059
5251 5258
4345 4347
7498 7501
5447 5455
1613 1615
133 136
2284 2286
2262 2266
6674 6677
2194 2199
1057 1061
734 737
347 353
414 417
4237 4241
3902 3908
1477 1482
7184 7188
1100 1102
4894 4897
1749 1753
5760 5762
1210 1212
2426 2429
5802 5806
3001 3003
4736 4738
356 358
46 50
2763 2766
6137 6143
541 546
3575 3577
2024 2026
970 972
4846 4851
7475 7485
1004 1006
3020 3022
1368 1373
4972 4974
2015 2017
2697 2701
3905 3909
6964 6968
3169 3174
4076 4081
5311 5313
5932 5935
6340 6342
4188 4191
3423 3427
4504 4508
3621 3623
5243 5246
4203 4207
2170 2172
3933 3938
1052 1056
4164 4166
2818 2820
7492 7496
3579 3581
4396 4398
2882 2885
1512 1515
5215 5218
3743 3747
458 461
3386 3388
4721 4726
2793 2796
3400 3406
5355 5357
3679 3681
4052 4055
5130 5136
4662 4667
3458 3461
3941 3943
1846 1850
4274 4276
1713 1715
2131 2133
6543 6546
5339 5342
5413 5415
6639 6642
2210 2214
4298 4303
2035 2037
3121 3128
2984 2987
2473 2476
2056 2060
5119 5121
4052 4055
4979 4981
5775 5778
6431 6434
841 843
22 24
5525 5529
6193 6195
7330 7333
3241 3246
1159 1163
4283 4289
1346 1348
2750 2752
1631 1635
510 513
2882 2885
1627 1629
3267 3269
4424 4427
6791 6800
3926 3928
5580 5584
4367 4371
4417 4422
4174 4176
5346 5352
6883 6885
2113 2116
3220 3223
7485 7487
4406 4411
4160 4163
1983 1985
282 285
1046 1049
6215 6217
2836 2838
744 746
4424 4427
728 734
5818 5822
1915 1917
1264 1266
4313 4316
4688 4691
313 318
3602 3605
3270 3274
344 346
1070 1072
5131 5136
164 167
3543 3547
1718 1724
7271 7274
5529 5531
7459 7463
417 422
1111 1115
650 654
5117 5119
217 219
5165 5167
6242 6244
1115 1117
3044 3046
4568 4570
3855 3857
6024 6027
2297 2301
2866 2869
2217 2219
6639 6642
87 92
5758 5761
2537 2539
1215 1219
2521 2524
1521 1523
5846 5855
4655 4657
720 722
6718 6722
6906 6909
5521 5525
4753 4756
6378 6382
3009 3013
5463 5465
3857 3859
6497 6500
5740 5746
5131 5137
7469 7472
1958 1960
6444 6448
2839 2844
4932 4934
6902 6905
806 808
971 978
4974 4976
1850 1853
1327 1330
2344 2346
3951 3955
3820 3824
5149 5152
2355 2361
1319 1321
6534 6538
5242 5246
4464 4467
961 964
6046 6049
1094 1097
6548 6551
6467 6469
1288 1290
2719 2721
2170 2172
2075 2079
3348 3352
2790 2792
3517 3520
5708 5712
5550 5552
5243 5247
3438 3440
468 471
3262 3265
5991 5993
6028 6033
7099 7103
6004 6008
238 243
1854 1856
6436 6444
2764 2768
6596 6599
5410 5412
1390 1392
4946 4949
2460 2464
3257 3259
6398 6403
3871 3875
3125 3128
7020 7022
4438 4442
2844 2847
681 683
3570 3572
1925 1928
7025 7031
4544 4546
2346 2350
3267 3269
3728 3731
28 33
6954 6957
3883 3885
3089 3094
3975 3977
4670 4673
7050 7054
4543 4545
2907 2910
5574 5578
2827 2829
6432 6434
1718 1724
655 659
4918 4922
1105 1107
4013 4015
6254 6257
610 612
7081 7085
159 162
1448 1450
6821 6823
6064 6066
6148 6151
233 236
786 789
6151 6153
2934 2936
2892 2895
490 492
5015 5018
2520 2523
2545 2549
1084 1086
5460 5463
3902 3908
1591 1594
1795 1799
2027 2030
7366 7369
2578 2581
366 368
7125 7127
5978 5982
3824 3827
6703 6705
5613 5618
4886 4888
1081 1084
7152 7158
7264 7268
3691 3693
2673 2677
1528 1531
1221 1224
5082 5086
1089 1093
2250 2255
4677 4679
7437 7439
1349 1353
6281 6284
5355 5358
6470 6472
5580 5584
1595 1597
6134 6137
5499 5503
4886 4888
2777 2779
3400 3402
2709 2712
3794 3797
5226 5229
5956 5958
2114 2116
4897 4904
7152 7158
1239 1241
164 167
3756 3761
4575 4579
4539 4541
320 322
5213 5215
7430 7432
7062 7066
2192 2198
6169 6173
2368 2374
1998 2001
6428 6430
3898 3901
6016 6020
2330 2333
5608 5610
6398 6403
3791 3793
2159 2161
4045 4049
2610 2612
6125 6127
6861 6865
1 7
3040 3043
5103 5105
789 791
1005 1007
1586 1588
3254 3257
982 985
2655 2658
4294 4296
7149 7152
840 842
5945 5949
4671 4673
876 879
7378 7381
100 103
6500 6502
876 879
6861 6865
2882 2885
4232 4235
6349 6352
6205 6207
1837 1839
958 961
6751 6754
3570 3573
5100 5103
4283 4289
1007 1010
1952 1955
4492 4496
2709 2712
5708 5714
3773 3775
946 948
4423 4425
1551 1553
257 260
962 964
6583 6586
7110 7113
6179 6181
1542 1546
7342 7345
6217 6219
4256 4265
4785 4787
4832 4834
274 278
2541 2545
7451 7456
4884 4886
422 425
5764 5770
2744 2746
3357 3359
971 978
1573 1577
3140 3146
3704 3706
720 722
3686 3688
5802 5806
2589 2593
6870 6872
5976 5982
1317 1319
1611 1613
6450 6452
3447 3453
743 745
4337 4340
958 961
2701 2703
1899 1901
7449 7451
3871 3875
2455 2459
6562 6565
5275 5278
3914 3916
5464 5468
5406 5410
6039 6041
6468 6470
4822 4829
3416 3421
3991 3993
3902 3905
318 320
3169 3173
6627 6631
5950 5952
4359 4361
6651 6654
2746 2750
6742 6745
2939 2944
927 929
4316 4320
7416 7419
5000 5009
33 36
313 318
6555 6560
3664 3667
4467 4469
4406 4411
2217 2219
1268 1276
654 658
2014 2016
2017 2020
2169 2172
503 506
4859 4861
3309 3311
1553 1556
4753 4756
2655 2658
370 373
2625 2628
28 33
2987 2990
3402 3406
1328 1331
6279 6283
2836 2838
2638 2640
6072 6076
5182 5185
6939 6941
6627 6630
5259 5261
1611 1613
4024 4026
6749 6752
985 987
5895 5897
322 325
6712 6714
1779 1782
3205 3209
4772 4774
6978 6983
6161 6163
2889 2891
4256 4265
1142 1144
790 793
4327 4330
920 923
2987 2991
6345 6347
3327 3329
2310 2312
2277 2280
6314 6316
3437 3440
3440 3442
6527 6531
917 919
617 625
450 452
6430 6432
3795 3797
6897 6899
5100 5103
978 982
2312 2315
6488 6490
4563 4568
948 950
2684 2687
5339 5342
4235 4241
4175 4177
5247 5249
5566 5568
3651 3654
1127 1136
2521 2523
3438 3440
6099 6105
3437 3440
6706 6709
3355 3357
7091 7093
97 99
5255 5259
909 911
1249 1251
4137 4140
883 886
6365 6368
4417 4422
5195 5198
3854 3857
766 769
5983 5985
1154 1157
4087 4091
586 588
2463 2467
3820 3824
4623 4625
7351 7355
5596 5601
6217 6219
3918 3920
3111 3114
6714 6716
3022 3029
6939 6941
6363 6365
6461 6463
693 696
78 80
3388 3390
1700 1702
6661 6665
7241 7244
79 81
1176 1180
964 967
7013 7018
920 923
1386 1388
5601 5603
2250 2253
2895 2898
4041 4044
7281 7287
133 136
1582 1586
5104 5106
474 477
3367 3369
6943 6946
5389 5393
6698 6703
5738 5740
2124 2129
7162 7164
6400 6404
2756 2760
4092 4098
2049 2051
1485 1489
872 876
5162 5164
5736 5738
571 573
5176 5178
6054 6057
5836 5841
1646 1652
4298 4301
6217 6219
3687 3689
893 895
1560 1562
2097 2101
1040 1042
6912 6914
1061 1065
598 603
5694 5697
7264 7268
845 847
7152 7158
3698 3700
1061 1065
5016 5018
3493 3497
6897 6899
5998 6000
2869 2873
1655 1660
2893 2895
4108 4112
5040 5043
4947 4951
3630 3633
4376 4378
3596 3598
7099 7104
3360 3363
5627 5629
4309 4313
5460 5463
1757 1759
2338 2342
6589 6594
4802 4804
5731 5733
6993 6996
5668 5671
7419 7421
6205 6207
1284 1286
5734 5736
2333 2338
1449 1451
6457 6459
552 557
6730 6732
6536 6539
5983 5987
4455 4460
1535 1537
1765 1767
4273 4275
3052 3055
4636 4638
4337 4340
3005 3007
728 733
2114 2117
5216 5219
3973 3977
3791 3794
1401 1405
2952 2954
3191 3193
5209 5212
3100 3102
1689 1694
5949 5952
5733 5735
1887 1890
6458 6460
6363 6365
4266 4269
3670 3672
2027 2031
6665 6668
4148 4151
6583 6586
4428 4431
2792 2796
6508 6510
4283 4289
5915 5917
6848 6850
4582 4584
2198 2201
3074 3077
7091 7093
59 61
672 677
4373 4376
3679 3681
3174 3176
3154 3158
3166 3169
6577 6579
3905 3908
541 546
2477 2482
3182 3188
2431 2433
1822 1824
3656 3659
6631 6634
1339 1341
3340 3342
7001 7005
1398 1401
220 222
4097 4099
869 875
5757 5760
3003 3005
5305 5309
7313 7318
2219 2221
7310 7313
1273 1277
7066 7068
6253 6257
5346 5352
2436 2438
391 393
3454 3458
328 333
3120 3125
4160 4163
2541 2545
468 471
2783 2785
7110 7113
1887 1891
4962 4964
6496 6500
143 146
1473 1477
2438 2442
734 738
4395 4397
191 194
3644 3648
1394 1396
4342 4344
2979 2981
1246 1248
1676 1679
1822 1824
4160 4163
5746 5752
5626 5628
6959 6961
1476 1482
6105 6108
1012 1014
5784 5786
3286 3289
4926 4932
6390 6394
7072 7074
5967 5970
7186 7189
6957 6959
5413 5417
1422 1425
3737 3740
6242 6244
793 796
1631 1635
1987 1991
6952 6954
852 854
2823 2826
4746 4749
1155 1157
2631 2633
1542 1546
5285 5291
4778 4780
1283 1285
503 506
3775 3782
3731 3734
615 619
6335 6337
5440 5444
1876 1880
6987 6992
6177 6179
6742 6745
5784 5786
1004 1006
7274 7278
3864 3867
1740 1742
4088 4092
3029 3032
7229 7232
4445 4447
598 604
4477 4479
3131 3134
5291 5296
4744 4749
806 808
5801 5806
7313 7319
6477 6480
3934 3938
5633 5635
1412 1415
4430 4433
4417 4422
4237 4242
2511 2513
6661 6665
6722 6725
6912 6914
6470 6473
3094 3097
1689 1691
3546 3548
4716 4719
639 642
4157 4159
397 400
1392 1394
1780 1783
7135 7137
5366 5368
5206 5208
3068 3070
776 783
6517 6519
1598 1600
2169 2172
1720 1724
4398 4403
3205 3209
6822 6827
4813 4816
1127 1136
6357 6360
5243 5247
6111 6117
1560 1563
7003 7006
1628 1631
3857 3859
1163 1165
6668 6670
1268 1273
2159 2161
1061 1067
4447 4449
1830 1834
3702 3706
122 124
1573 1577
6004 6008
1975 1978
5927 5931
2012 2014
2464 2467
2264 2266
7451 7453
3832 3834
2256 2258
399 401
4112 4115
5088 5091
4359 4361
37 39
883 885
6790 6797
5612 5614
2456 2459
1758 1760
3979 3981
2922 2926
3713 3717
1390 1392
7011 7018
5892 5897
5996 5998
5461 5464
3116 3119
6680 6682
2869 2873
1136 1138
6695 6697
4976 4979
4170 4172
5518 5520
6221 6223
1021 1025
716 720
5905 5907
6739 6742
1959 1961
2663 2665
2385 2387
2904 2907
655 658
1433 1437
6016 6021
3281 3283
2876 2881
4283 4287
6706 6709
7077 7079
5361 5363
6207 6210
1582 1585
5649 5651
6906 6909
3968 3970
5545 5547
3389 3391
334 337
4049 4052
2703 2708
2064 2066
1358 1360
3727 3731
4228 4231
7177 7180
5836 5841
37 39
1477 1482
5867 5869
2557 2559
4188 4191
5932 5935
4368 4371
5987 5990
5775 5778
6596 6599
509 512
4969 4972
1108 1111
2271 2273
4733 4736
1631 1635
3756 3761
6767 6769
2227 2230
3450 3453
7425 7427
3379 3383
1853 1855
1297 1299
6623 6626
3182 3188
3744 3750
2576 2578
60 62
468 471
184 187
4210 4212
5380 5382
2172 2176
4210 4213
5014 5016
2224 2227
6619 6621
4842 4844
1755 1757
210 213
1191 1193
6239 6243
3069 3071
168 171
549 552
3154 3158
6493 6496
2134 2137
6311 6314
6118 6121
7329 7333
2625 2628
639 641
7043 7048
270 273
180 183
7404 7407
6521 6523
4023 4025
7487 7492
4937 4939
245 247
5346 5352
4477 4480
757 759
6289 6292
4784 4787
5406 5409
520 522
1909 1913
5131 5136
5432 5436
687 690
4015 4017
6403 6405
2753 2760
5114 5119
7186 7189
7492 7494
5539 5541
6765 6767
2368 2375
751 753
5146 5148
3986 3988
3078 3080
113 117
6849 6851
1560 1562
1893 1896
3953 3956
5209 5213
2509 2511
5629 5633
514 516
4467 4469
5149 5151
1142 1147
4231 4233
3752 3755
658 660
5068 5070
4744 4749
1615 1618
7097 7103
3566 3568
637 639
3615 3617
2231 2235
3996 3998
7136 7141
1901 1904
5280 5282
985 987
3140 3146
2256 2259
1410 1412
6725 6728
6564 6567
169 172
4179 4182
4347 4351
6466 6468
4070 4074
6448 6450
1082 1084
6949 6951
1899 1901
7070 7072
4119 4122
6166 6169
2361 2364
1890 1892
5535 5539
2770 2776
6395 6397
3146 3150
644 647
869 872
6041 6044
1176 1179
1861 1863
2410 2412
2456 2460
348 353
3312 3314
3154 3158
391 393
400 402
681 683
6058 6060
674 677
7416 7418
3472 3475
6049 6051
1056 1059
964 968
2240 2245
1864 1866
2564 2568
3264 3266
7253 7255
1720 1724
3862 3864
5823 5826
2756 2762
2377 2379
641 643
5775 5780
3664 3667
7060 7062
3004 3007
6137 6143
3785 3787
872 876
4448 4450
5465 5468
2343 2346
3221 3225
1817 1819
3212 3215
107 111
6681 6683
1181 1183
5101 5104
2742 2744
15 18
1670 1672
5112 5114
5020 5024
1159 1163
2964 2967
4978 4980
1483 1485
3125 3128
4590 4592
1485 1489
7258 7261
5626 5628
374 378
6941 6943
6249 6251
6235 6239
3762 3765
1277 1282
5850 5855
1057 1059
4620 4623
3677 3679
1691 1694
1182 1185
4173 4175
2114 2116
2017 2023
2939 2945
3963 3967
6677 6679
644 648
1573 1577
2756 2762
6372 6377
6284 6286
1802 1806
4765 4767
2145 2148
4445 4447
2488 2491
1664 1667
3554 3557
240 243
1288 1290
5517 5520
2912 2914
727 733
4027 4032
882 885
3902 3908
6156 6159
2017 2020
6564 6567
278 280
4581 4584
3812 3814
1841 1843
6497 6500
7304 7308
2623 2625
3777 3782
5944 5949
1199 1203
2161 2164
1165 1169
2101 2103
4075 4079
1558 1560
6084 6087
950 953
4988 4990
1314 1316
5202 5206
2876 2881
4946 4949
6919 6923
2384 2387
7079 7081
3783 3785
2392 2396
2779 2782
7458 7461
1033 1037
3536 3539
5761 5764
1069 1071
2882 2885
1896 1899
394 396
1120 1124
3304 3306
4684 4686
2888 2890
4649 4651
267 271
6870 6872
6247 6249
4035 4038
2736 2742
4298 4301
3584 3587
6596 6599
263 266
4750 4753
1365 1368
7304 7310
6829 6834
514 516
5757 5760
1165 1171
844 847
6773 6775
2330 2333
791 793
486 489
2054 2059
2535 2537
397 399
3022 3029
5080 5082
6305 6308
4101 4104
4824 4829
2509 2511
6165 6169
3645 3648
1149 1151
1783 1787
1391 1393
6837 6839
1870 1872
3347 3352
3196 3198
219 221
7313 7319
2464 2467
391 393
4112 4115
1485 1489
4018 4021
2613 2616
6866 6869
28 33
5449 5455
3968 3970
2392 2396
6486 6488
6997 7001
1115 1117
1938 1941
5670 5672
7048 7050
4819 4822
2483 2488
7097 7099
3477 3483
652 654
2491 2493
3860 3862
4433 4436
6786 6790
3644 3648
1230 1233
6210 6212
23 26
3825 3827
361 363
5375 5378
5993 5996
6739 6742
250 252
6647 6650
6479 6481
6556 6560
2422 2424
2782 2784
2240 2245
5302 5304
588 592
3991 3994
4450 4452
2694 2696
7005 7007
696 698
4875 4878
3001 3004
5862 5864
4298 4303
2084 2090
4894 4897
6361 6363
7273 7275
3192 3194
4996 4998
6854 6856
7158 7163
7330 7333
1082 1084
4412 4415
4053 4056
2656 2658
6805 6807
5701 5704
6693 6695
1299 1302
462 466
5441 5444
5074 5077
2931 2934
2266 2268
2785 2787
2951 2953
3372 3374
759 762
2762 2764
6006 6009
4455 4461
3494 3497
6127 6130
39 41
266 270
5000 5009
4305 4309
6166 6169
2777 2779
1350 1353
4467 4469
2839 2844
6613 6615
1256 1259
6823 6827
340 342
4575 4577
334 337
2219 2221
3664 3667
6952 6956
585 587
397 399
2409 2411
2831 2833
3248 3250
2987 2990
3591 3594
2483 2488
292 294
6166 6169
3402 3407
5240 5243
3269 3272
1500 1502
2673 2677
4485 4489
382 385
1015 1017
953 956
5613 5618
3237 3241
3788 3790
4646 4649
4596 4598
5243 5247
5033 5036
1953 1955
2595 2597
2748 2751
3940 3943
1503 1505
2071 2073
598 603
5917 5919
820 829
3289 3293
5352 5354
3914 3916
4795 4797
5000 5009
1691 1698
796 802
4116 4119
6305 6309
2378 2380
7123 7125
6658 6661
3097 3100
5251 5255
1641 1646
4586 4589
4626 4630
5956 5960
3149 3151
7182 7184
2068 2070
7223 7226
243 245
1600 1602
7281 7288
3450 3453
6288 6290
462 465
5436 5440
7119 7122
4310 4313
2791 2793
677 680
2954 2957
1007 1010
2005 2009
4347 4353
4112 4116
4338 4340
2720 2722
5261 5264
738 741
437 439
5267 5269
236 240
5828 5831
1547 1550
205 207
4524 4527
6492 6496
3355 3357
4242 4245
195 198
6153 6155
5499 5504
1783 1785
6527 6531
7131 7135
7095 7097
5927 5932
4662 4668
4433 4436
6963 6968
7041 7043
3953 3955
4778 4780
6284 6288
2145 2148
2934 2936
3844 3848
5631 5633
739 743
6548 6550
3241 3247
5010 5012
2666 2669
2474 2476
3079 3081
1233 1238
588 591
851 853
6639 6641
7498 7501
4398 4403
1163 1165
5485 5487
2411 2413
4910 4915
6553 6555
334 337
2223 2227
6188 6190
4904 4907
6330 6333
3960 3962
2995 2999
4447 4449
3777 3782
2103 2105
6754 6757
6791 6797
1006 1009
3418 3422
3717 3719
519 522
287 291
6940 6943
2399 2408
4596 4599
6519 6521
383 386
6475 6479
5795 5798
1215 1218
4428 4431
849 851
1780 1782
3591 3594
3905 3908
1979 1981
2582 2584
2557 2559
5117 5120
4112 4116
2908 2911
2066 2068
2581 2584
2914 2917
4523 4527
6536 6539
4871 4874
3070 3073
6143 6145
4693 4695
3100 3102
2746 2748
1790 1792
3134 3137
6871 6873
5987 5990
7023 7025
105 111
292 294
7113 7119
7420 7422
908 910
5516 5518
3902 3908
1612 1614
4926 4932
4942 4944
3875 3878
5394 5397
1846 1850
4949 4952
6475 6479
2671 2673
307 309
3443 3447
4417 4422
3300 3303
494 496
5982 5985
686 688
573 577
273 275
774 776
516 519
3982 3984
1099 1101
715 719
857 861
767 771
1194 1198
1788 1790
866 869
4866 4868
1566 1569
2012 2014
6599 6601
4925 4932
4579 4582
3525 3532
4797 4800
2654 2656
4894 4897
2211 2217
3331 3333
5987 5990
6137 6143
3307 3309
2816 2818
5850 5855
7392 7397
6059 6062
5199 5201
3458 3461
2358 2361
561 566
190 193
7442 7444
5100 5103
629 632
345 347
6033 6036
5888 5890
3276 3279
5321 5323
1438 1442
4310 4313
5365 5368
282 286
2712 2714
4351 4353
5260 5262
4170 4173
1813 1815
6041 6044
2192 2198
5624 5626
4053 4055
439 442
5404 5406
5449 5456
5580 5584
999 1001
9 13
598 603
1301 1303
530 534
1890 1892
4364 4366
46 50
1763 1765
534 538
7023 7025
7438 7442
1510 1512
515 518
3824 3827
2806 2809
5793 5795
5993 5995
2913 2916
500 506
2547 2550
3066 3069
2111 2114
2908 2910
3440 3442
22 24
3599 3602
3672 3674
6678 6680
832 834
7398 7400
810 812
3348 3352
4947 4951
213 217
5520 5522
3756 3761
6612 6614
3765 3767
6044 6046
51 54
6709 6712
598 603
3214 3217
462 465
3834 3836
7371 7374
5829 5831
7438 7442
5740 5744
2691 2694
311 313
2342 2344
5936 5938
941 943
6683 6688
4842 4846
3871 3873
6718 6721
2656 2659
4530 4535
5504 5509
1155 1157
201 203
1713 1717
1713 1715
1986 1991
2361 2364
3200 3202
6587 6589
2919 2922
3766 3768
4662 4667
3540 3543
5778 5780
1987 1992
497 499
6234 6237
2495 2499
4904 4906
5972 5975
4910 4915
6693 6695
5362 5364
3262 3264
229 232
2059 2063
1694 1698
5998 6000
728 733
6337 6339
4479 4481
2206 2208
3376 3378
4569 4571
5202 5206
6397 6400
1780 1783
2463 2467
3603 3606
4830 4832
7 9
5108 5111
4972 4975
4695 4697
6977 6983
4581 4584
4425 4428
195 199
930 934
7261 7263
60 62
4830 4832
1052 1056
4582 4584
2164 2166
115 117
6503 6508
7333 7335
561 566
5265 5267
3400 3406
3630 3633
5357 5359
2995 2999
7336 7338
2000 2002
2438 2441
65 67
1072 1074
2312 2315
3756 3761
5586 5594
2703 2707
1451 1458
5905 5907
751 753
7304 7308
2736 2744
2691 2695
702 705
2346 2350
60 62
6866 6869
2645 2648
4744 4749
3820 3824
688 691
868 872
4644 4646
6065 6071
4228 4231
5397 5402
5284 5291
7001 7005
6791 6797
6591 6595
394 396
5746 5752
2719 2721
3441 3443
3991 3993
4412 4417
5319 5321
5176 5178
2184 2186
2791 2793
3182 3188
240 244
876 879
1040 1042
125 130
1983 1986
4012 4014
4661 4667
2541 2545
443 445
4832 4835
69 71
1818 1820
759 762
1678 1681
5515 5517
904 907
2550 2553
4592 4594
4243 4245
78 80
1017 1021
6538 6540
3283 3286
7064 7067
1268 1273
6066 6072
5336 5339
7353 7356
4160 4163
420 425
210 217
1962 1966
6397 6400
6525 6527
6311 6314
6547 6550
1835 1837
3895 3898
2574 2576
1425 1427
5086 5089
4711 4713
458 461
1028 1031
6613 6615
3840 3842
7067 7069
5653 5658
342 345
1631 1636
3591 3593
2638 2640
3140 3146
3368 3372
2875 2878
5055 5057
6828 6834
7131 7133
6829 6834
3706 3711
4559 4563
6762 6765
494 496
3094 3096
1728 1731
4042 4045
7313 7318
3198 3200
1899 1901
5040 5044
1564 1566
4746 4749
1793 1795
2910 2912
4137 4141
2385 2389
2838 2843
6615 6617
6365 6367
2837 2839
153 155
2219 2221
2875 2878
655 659
4213 4216
4290 4292
3777 3782
16 20
6483 6485
7308 7310
6627 6631
5807 5810
5633 5636
5030 5033
503 506
5626 5628
948 950
6500 6502
4602 4604
508 510
4840 4842
7148 7150
48 50
1672 1675
3704 3711
1067 1070
3035 3040
3862 3864
4442 4447
1598 1600
5580 5584
728 733
5771 5774
3566 3570
5077 5079
2368 2374
5683 5685
4705 4711
6901 6905
588 591
2355 2358
4537 4539
5826 5829
7007 7009
7426 7428
964 967
2045 2049
6674 6678
2199 2201
1265 1267
2151 2155
6300 6305
7374 7378
2090 2095
4988 4990
2790 2792
3402 3406
2975 2978
5892 5895
4506 4509
2582 2585
125 130
1288 1291
1266 1268
2954 2957
2297 2301
2044 2049
4789 4792
4344 4346
5074 5079
7487 7492
6475 6477
2169 2172
6419 6422
1119 1121
3205 3209
7202 7204
3032 3035
2800 2804
2315 2319
3908 3910
574 577
5991 5993
1456 1459
14 16
3645 3648
2119 2122
2661 2663
7407 7409
741 743
7233 7235
7278 7281
1061 1065
3706 3713
7104 7109
2671 2673
629 632
2560 2562
3369 3373
2219 2221
2017 2023
637 639
4472 4477
3286 3289
2563 2566
1472 1476
2456 2460
972 978
4310 4313
4379 4382
1021 1025
1242 1244
5507 5509
2736 2742
3819 3824
680 683
4532 4535
3931 3933
2350 2353
6449 6451
4684 4686
5172 5176
292 294
754 756
3861 3863
5537 5539
4088 4091
855 859
3549 3551
3719 3721
3309 3311
6024 6028
4831 4834
5927 5932
4496 4498
4177 4180
1 7
4535 4537
7093 7095
6968 6974
4719 4721
2838 2843
886 888
6226 6229
3173 3175
6315 6317
774 776
6232 6234
3683 3687
5214 5216
6964 6968
3815 3818
6536 6538
6846 6848
4265 4268
882 885
6523 6525
2858 2862
5740 5744
7150 7152
4857 4859
3815 3818
101 104
3497 3501
2783 2785
1567 1569
2290 2292
6231 6233
552 556
4599 4603
747 749
2403 2408
6208 6212
671 674
1614 1617
2455 2459
6521 6523
2173 2177
1305 1308
5399 5402
5724 5726
2494 2497
6782 6785
3131 3137
4496 4498
7119 7122
2804 2808
1098 1100
7115 7119
3211 3214
5030 5033
7387 7390
477 480
5622 5624
7070 7072
1234 1239
125 130
4687 4690
6364 6367
5040 5044
3755 3761
7485 7492
3896 3900
902 904
7011 7018
4964 4969
2585 2587
4568 4570
1386 1388
1033 1037
2368 2374
1921 1923
2725 2729
2669 2671
6534 6538
3860 3862
4898 4906
3324 3327
7036 7038
853 855
3022 3029
400 402
2733 2736
3892 3895
5155 5158
3098 3102
4577 4581
1906 1909
5815 5818
6169 6174
2355 2358
6519 6521
4359 4361
7451 7453
4423 4425
6066 6072
5048 5055
6647 6650
1046 1049
4957 4960
4969 4972
6199 6202
5982 5985
5758 5760
6633 6635
1529 1531
3354 3356
5044 5048
4923 4925
2793 2796
2789 2791
1042 1046
2593 2596
1052 1056
4939 4941
4881 4883
422 425
1758 1760
7085 7087
2298 2301
7163 7168
2671 2676
5120 5122
3873 3875
2800 2804
486 490
1508 1510
6010 6014
4527 4529
3606 3609
2697 2702
2855 2857
1832 1834
3121 3125
3066 3069
6066 6071
4942 4945
6425 6428
4581 4584
3022 3029
3683 3686
7135 7137
6372 6377
5752 5754
2896 2898
5531 5534
7241 7244
7401 7405
4556 4559
2262 2266
3052 3056
6317 6320
4861 4866
3080 3082
7164 7168
4834 4836
4504 4506
2509 2511
1738 1740
3633 3635
78 80
1320 1322
3423 3425
6583 6586
2682 2684
6092 6095
7248 7250
6761 6764
2321 2323
367 369
2170 2172
1245 1248
4137 4141
5624 5626
4140 4144
3379 3384
7497 7501
3625 3627
4256 4265
6497 6502
793 796
3041 3044
4406 4411
2316 2319
3369 3372
2633 2635
3713 3717
1243 1245
5814 5818
1127 1136
5092 5094
7233 7235
853 855
3490 3492
2553 2557
2981 2984
1808 1812
5829 5831
4603 4605
6954 6957
3677 3679
437 439
619 626
228 231
2596 2598
3768 3770
1742 1744
4918 4921
6349 6351
2230 2234
1321 1323
3813 3815
369 373
4277 4281
140 142
5014 5016
5691 5694
5638 5640
1804 1806
1334 1337
118 120
6683 6688
4721 4728
4417 4423
5922 5925
4328 4330
4871 4873
524 527
22 24
3379 3383
3383 3386
1604 1606
1665 1667
2810 2812
1186 1189
3066 3069
7392 7397
1033 1037
4766 4768
2751 2753
835 837
3993 3996
3470 3472
3868 3870
6912 6914
404 406
1624 1627
2417 2419
3409 3412
2250 2253
5530 5533
4322 4325
3453 3455
5285 5291
6261 6264
55 57
2656 2658
267 270
6247 6249
3198 3200
820 829
3098 3102
6215 6217
3926 3928
927 929
4700 4703
4520 4523
1201 1203
5871 5874
2141 2143
107 111
7325 7328
7025 7031
2173 2176
6861 6865
5869 5871
1676 1679
2882 2885
2882 2885
3116 3119
2289 2291
4575 4577
34 36
2939 2945
854 857
2124 2127
6284 6286
3509 3511
5389 5393
3005 3008
1919 1922
4301 4303
2964 2966
4894 4897
2563 2566
4104 4107
4378 4382
4814 4816
1758 1760
6100 6108
1094 1097
4711 4713
6409 6412
3146 3150
3111 3113
3315 3317
5541 5545
1268 1273
3933 3938
24 26
2084 2092
3702 3704
859 861
6497 6502
263 266
1959 1961
598 603
6178 6180
820 829
370 374
5964 5966
847 849
913 916
3969 3971
5836 5841
5850 5855
6745 6747
1392 1394
7019 7021
71 74
6968 6974
303 305
227 229
178 183
2415 2418
5760 5762
5944 5949
4481 4484
3902 3905
617 625
467 470
378 381
2179 2183
2603 2607
4636 4638
1564 1566
5646 5649
6854 6856
3395 3397
2056 2060
4819 4822
5248 5250
7264 7268
2460 2464
6054 6057
115 118
4627 4630
2960 2962
4754 4756
6496 6500
422 425
3443 3447
2762 2764
1243 1245
5251 5255
3833 3835
5246 5248
2817 2819
1392 1394
1093 1097
136 138
820 829
4009 4013
5190 5192
5915 5917
4112 4116
6752 6756
4796 4799
1628 1631
5000 5009
3532 3535
1028 1031
3702 3706
3342 3346
962 964
6576 6578
7405 7407
2782 2784
6016 6020
2613 2616
6053 6057
5694 5697
2173 2176
7215 7217
4403 4406
3886 3892
1569 1572
6879 6883
1780 1782
3917 3919
6096 6098
7177 7180
2764 2768
1477 1482
3374 3378
420 422
4382 4385
3257 3259
4368 4371
4854 4856
4766 4768
3514 3517
1572 1577
4662 4667
4279 4282
3593 3595
2237 2240
1552 1554
1042 1045
3503 3506
6532 6534
4084 4087
1365 1368
6191 6195
7387 7389
4523 4527
6335 6338
4148 4151
5825 5828
7273 7275
1903 1906
5641 5645
1869 1871
3252 3254
1652 1654
2844 2847
2656 2659
1210 1212
2904 2906
1302 1305
4594 4596
3193 3195
200 202
457 459
6807 6809
4861 4866
1365 1368
2150 2153
970 972
2958 2961
2145 2147
3654 3656
6457 6459
1003 1005
6096 6098
5910 5913
619 625
5122 5130
6834 6836
2564 2568
3539 3542
2913 2916
642 644
615 619
4035 4038
1404 1407
3721 3726
6024 6027
2478 2483
539 541
2858 2862
4840 4842
6828 6834
2516 2520
5964 5966
1353 1355
7249 7251
3905 3908
4014 4016
5784 5786
4041 4044
2861 2863
5374 5378
2426 2429
6568 6570
7313 7318
4569 4571
947 950
75 78
5622 5625
6245 6247
3422 3425
1144 1147
2809 2811
6156 6159
2712 2714
1451 1456
5250 5255
1398 1401
5216 5219
390 392
2429 2432
48 51
7045 7048
471 477
4433 4435
2768 2770
4680 4683
1219 1222
5746 5752
5354 5357
1266 1268
342 344
1878 1881
4780 4782
7164 7168
2881 2885
5114 5117
3840 3842
3161 3164
2815 2817
4875 4878
105 111
4027 4031
4183 4186
1334 1337
4904 4907
3463 3465
5354 5357
404 406
1268 1273
4053 4055
6279 6283
162 164
6407 6410
1544 1546
2344 2346
1684 1689
342 345
2557 2559
138 141
7271 7273
1049 1051
4875 4877
5092 5096
4074 4076
4934 4939
6090 6092
2368 2374
4188 4191
2495 2499
5149 5152
3477 3484
16 20
2645 2648
892 894
6556 6560
2015 2017
5447 5449
6485 6488
1992 1996
2295 2298
6239 6242
5111 5114
4406 4412
2422 2424
7310 7318
3587 3589
5360 5362
2848 2854
3572 3574
1718 1720
3704 3706
6156 6158
7054 7056
2184 2187
5746 5752
6707 6712
3673 3675
3194 3196
6156 6159
1204 1208
4428 4430
7150 7158
3022 3031
2024 2026
7066 7068
5336 5341
6430 6432
5494 5496
6696 6698
2426 2429
1987 1991
4379 4382
1813 1816
4703 4705
894 899
3192 3194
1284 1286
6968 6974
6866 6869
2292 2294
4276 4279
328 334
1320 1322
4038 4040
1656 1660
5972 5975
3844 3846
3854 3857
320 322
5074 5079
3953 3955
153 155
138 141
6601 6605
2869 2873
563 567
1771 1773
888 890
5689 5691
6378 6383
2616 2618
4001 4003
5426 5430
7150 7158
481 483
2985 2987
836 838
7013 7018
596 598
986 988
6188 6191
5123 5130
904 907
6854 6856
111 115
7093 7095
5999 6001
5183 5188
4559 4563
2113 2116
1773 1778
3512 3515
2582 2585
5328 5330
6964 6968
173 178
6311 6315
5787 5792
1854 1856
2787 2789
4266 4268
357 359
3770 3772
5812 5815
1594 1596
5922 5925
193 195
5833 5835
397 399
866 869
1033 1036
4035 4038
6125 6130
3750 3752
1416 1422
5576 5579
3947 3949
1213 1215
3487 3489
1542 1544
693 698
7202 7204
4611 4615
4424 4427
1234 1238
1386 1388
1451 1456
4519 4521
607 610
2833 2836
1900 1903
837 839
2358 2361
5978 5982
5874 5877
1694 1698
2823 2826
3022 3029
3770 3772
1948 1950
4649 4651
4248 4251
5131 5136
5904 5906
3630 3634
5658 5660
2770 2773
1273 1276
3286 3293
817 820
2478 2483
2385 2387
5304 5306
5795 5797
6993 6995
4671 4673
5651 5653
1589 1591
6352 6355
4186 4188
6365 6367
5612 5614
1503 1505
1310 1314
4423 4425
4439 4445
6540 6543
6262 6264
5863 5867
5336 5339
4398 4401
1076 1081
3635 3639
4453 4455
6812 6817
5729 5731
3475 3483
3431 3436
228 231
6707 6712
486 489
4448 4450
5723 5725
4686 4688
5222 5225
6509 6511
6078 6083
5843 5846
4730 4733
3850 3852
7007 7011
358 360
1631 1636
1097 1099
6658 6661
4212 4216
3704 3706
619 625
1052 1054
6781 6785
7025 7031
5218 5221
3798 3802
2259 2261
3570 3573
5879 5884
2358 2361
6417 6419
6188 6190
1705 1708
1799 1802
5836 5840
2598 2602
4814 4818
2119 2122
143 146
925 927
125 131
5660 5662
6151 6154
2438 2442
1087 1089
4532 4536
4417 4423
1748 1753
7289 7295
849 852
3922 3924
2346 2350
4213 4216
869 875
5043 5048
2484 2488
3667 3670
5299 5301
1600 1602
5299 5301
2166 2168
7409 7414
5149 5151
7310 7313
1515 1518
4923 4925
59 61
4132 4135
916 918
6378 6383
1795 1799
2105 2108
6410 6412
6613 6615
1359 1362
2590 2593
259 261
189 191
5146 5148
4670 4673
753 755
2746 2748
7129 7131
1089 1092
271 274
2823 2826
5339 5341
5000 5009
62 65
4461 4463
7087 7090
1845 1850
3836 3838
4787 4789
3728 3733
5956 5958
4957 4961
6223 6226
1430 1432
6745 6747
1932 1934
4878 4880
1683 1689
607 611
1483 1485
2659 2661
1851 1853
6235 6239
4359 4361
1345 1348
4492 4495
4049 4052
552 556
4983 4985
2247 2250
282 285
5146 5148
4617 4620
6127 6131
6677 6679
2922 2925
1 7
2009 2012
4634 4638
1694 1698
5172 5176
7073 7075
7058 7060
1416 1422
2529 2531
574 577
168 171
4040 4042
6902 6905
2896 2900
3089 3094
6407 6409
5441 5444
123 125
2925 2927
5629 5631
348 353
7445 7448
328 333
3986 3988
7381 7385
7233 7236
4366 4368
3418 3421
4097 4099
512 514
4383 4385
3805 3808
6480 6482
1308 1310
6220 6222
4397 4401
5762 5770
3783 3785
567 569
2145 2147
2478 2482
791 796
2464 2468
2494 2497
5937 5939
113 117
2869 2873
7259 7261
451 453
3653 3655
3071 3073
1765 1767
3959 3961
5670 5672
133 135
4532 4535
6378 6382
4014 4016
1637 1639
2566 2568
5746 5752
5145 5147
5744 5746
7308 7313
1117 1119
299 302
1072 1075
4283 4287
919 921
3146 3150
3844 3846
1025 1027
3386 3388
5424 5426
4111 4115
7229 7232
3953 3956
3734 3737
4417 4422
7275 7278
5993 5995
3536 3539
3638 3640
4281 4283
5489 5491
3862 3864
6848 6850
2453 2455
4994 4996
4185 4188
3083 3085
6742 6746
4084 4086
837 839
552 557
3285 3289
1288 1291
3279 3281
3628 3630
1743 1748
7043 7048
7330 7333
3379 3383
7202 7204
135 137
5074 5077
5880 5886
4316 4320
2156 2158
2814 2816
1350 1354
236 240
4132 4135
510 513
1767 1771
524 528
6434 6436
5835 5840
2170 2173
4455 4460
1234 1238
5927 5931
1111 1114
3815 3818
7439 7442
3019 3022
5188 5190
2148 2150
3503 3507
1702 1705
652 655
3128 3134
1720 1724
1887 1890
5389 5393
3237 3241
1163 1165
4792 4794
5653 5657
818 820
3805 3808
3762 3765
3557 3560
1874 1878
3209 3212
6889 6893
7021 7023
3203 3205
3772 3775
6718 6721
1830 1834
5172 5175
1887 1890
4523 4527
1120 1124
3121 3125
4390 4392
1730 1732
4316 4319
82 84
6996 6999
753 755
6426 6429
6539 6543
5378 5382
7469 7473
3040 3043
3687 3689
6503 6506
1724 1726
895 899
3726 3728
6148 6151
1846 1850
5121 5123
6422 6424
5167 5169
2192 2194
3898 3900
6108 6110
5681 5683
65 67
4514 4517
4886 4888
7428 7431
3842 3844
2084 2092
243 245
6251 6253
7091 7093
6797 6800
6915 6917
3436 3438
3661 3663
3922 3925
5764 5770
6223 6226
1915 1917
136 138
7099 7104
2211 2214
458 461
62 65
7295 7298
1016 1018
259 261
3521 3525
610 612
818 820
1191 1193
3958 3960
5915 5917
4283 4287
1531 1535
7058 7062
2834 2837
7003 7005
2914 2917
125 130
1762 1765
107 113
3683 3686
7418 7420
6839 6842
902 904
4394 4396
2662 2664
5449 5455
7255 7258
6896 6898
4802 4804
1165 1171
2746 2748
2478 2482
457 459
4520 4523
3731 3733
1738 1740
240 243
5576 5579
5559 5561
4590 4592
2618 2623
5114 5119
4543 4545
2268 2270
3121 3125
437 442
1163 1169
4382 4385
7099 7103
4568 4570
2578 2581
7110 7113
786 789
6254 6257
3968 3970
5698 5704
3673 3675
4241 4243
391 393
6697 6699
4266 4268
1054 1056
1853 1855
5476 5479
5282 5284
2837 2839
-1 7
6288 6290
4385 4388
7240 7244
4859 4861
6601 6605
6623 6626
1929 1931
5456 5460
5496 5499
4301 4304
2468 2471
178 183
1121 1127
6365 6367
6182 6185
5468 5470
4021 4023
4016 4018
2150 2153
2930 2934
611 614
294 298
3661 3663
3502 3506
3422 3425
6782 6786
904 907
4836 4840
3235 3241
62 65
5011 5014
7431 7434
6709 6714
2644 2648
3078 3080
5923 5925
2079 2082
2075 2079
7232 7235
5570 5573
1461 1465
869 872
7150 7152
2189 2191
400 402
6738 6742
2537 2539
87 92
1596 1598
274 278
1728 1731
1451 1456
3415 3418
7250 7252
5000 5009
6407 6410
3154 3160
5927 5931
2308 2310
5586 5590
111 113
486 489
3134 3139
2773 2776
221 224
204 206
486 490
6880 6883
1456 1458
2041 2044
652 655
6885 6889
1210 1212
7009 7011
1082 1085
7412 7416
3329 3331
5172 5176
1580 1582
5941 5944
1084 1086
4207 4210
2490 2493
2662 2664
5564 5566
4740 4742
2881 2885
3231 3233
4235 4241
2667 2669
5426 5430
6512 6514
6968 6974
4992 4994
4824 4829
1613 1615
4185 4188
2161 2164
1832 1835
154 157
3191 3193
3788 3791
6473 6477
2270 2272
2885 2888
2449 2451
2208 2210
2034 2036
4630 4633
7405 7408
2235 2240
3850 3853
2268 2270
5715 5720
2931 2935
7359 7362
5619 5622
1673 1676
4659 4661
2768 2770
6470 6473
1708 1710
7025 7031
1310 1314
369 373
4492 4495
439 443
6153 6155
3525 3532
6339 6342
3154 3158
5850 5855
3031 3034
7291 7298
4584 4587
820 829
6137 6143
5870 5872
6818 6821
5092 5096
7319 7321
1489 1494
2032 2034
995 997
413 416
1872 1874
410 413
552 556
5715 5720
7001 7003
2004 2008
948 951
6506 6509
466 468
1033 1037
2839 2843
7264 7268
3348 3352
851 853
6873 6878
5449 5455
3562 3565
5927 5932
2071 2075
7281 7287
4173 4175
5822 5825
4730 4733
7094 7096
5169 5175
1021 1025
6100 6105
6165 6169
2598 2602
1092 1094
282 285
3797 3801
2443 2446
3640 3643
5306 5309
5900 5903
1081 1084
5000 5009
1127 1136
6202 6204
6010 6012
1165 1171
7125 7127
7250 7252
2122 2124
2484 2488
4197 4201
3409 3415
5628 5631
4480 4484
7021 7023
2985 2990
4492 4495
4923 4925
1285 1287
734 737
6237 6239
5291 5296
524 527
5746 5752
3938 3940
2032 2034
5909 5912
5797 5800
3462 3464
4347 4351
745 747
2418 2420
4203 4206
886 888
4780 4782
1646 1652
2488 2491
2671 2676
1193 1198
614 617
2916 2918
5864 5867
2589 2593
6378 6383
1948 1950
1678 1681
1021 1025
6036 6038
5176 5178
6078 6082
5978 5982
2513 2516
2628 2631
7193 7196
499 503
6694 6696
6581 6586
221 224
6257 6261
1176 1179
4917 4921
40 42
3281 3283
2975 2979
173 176
2550 2553
4805 4808
6751 6754
7472 7475
7378 7381
3475 3477
1258 1262
7097 7103
702 706
366 368
5746 5752
4097 4099
6330 6333
6718 6722
7275 7278
3140 3146
1684 1689
3517 3519
2796 2799
3711 3717
4972 4975
6525 6527
5020 5024
2971 2973
3686 3688
5437 5440
7339 7341
6072 6076
6143 6145
5840 5843
6721 6724
5900 5904
6177 6179
7006 7009
1901 1903
344 346
3892 3895
988 990
5952 5954
894 899
4102 4104
2985 2990
1443 1446
6786 6790
2553 2557
1783 1787
1050 1052
1031 1033
5468 5472
4530 4535
3108 3111
2231 2235
4894 4897
1344 1346
2590 2593
4359 4361
1401 1404
1346 1348
5033 5035
1661 1664
5758 5761
2041 2044
902 904
5479 5484
6473 6477
6946 6949
417 420
705 708
250 252
3681 3686
4520 4523
5390 5394
5142 5144
979 982
6354 6356
5426 5430
422 425
4712 4714
135 137
3864 3868
342 345
6410 6413
4417 4422
3016 3019
462 466
1922 1925
4183 4185
1502 1505
3286 3293
510 512
6957 6959
4608 4611
7263 7268
6968 6974
240 243
6087 6089
6661 6663
131 133
2390 2392
3374 3376
832 834
520 522
5490 5492
2283 2286
87 93
5798 5800
3416 3421
1279 1282
5541 5545
187 189
6672 6674
6717 6721
4502 4504
6137 6143
3223 3229
2191 2194
3241 3246
6445 6449
2308 2310
2957 2960
5740 5744
5620 5624
1689 1691
7416 7419
6237 6242
1958 1960
3551 3554
899 901
6642 6646
5890 5895
6425 6428
6703 6705
2975 2978
2524 2527
598 603
4691 4693
2874 2876
6964 6968
6098 6100
7006 7009
4186 4190
1171 1175
6728 6732
2316 2319
5705 5708
3691 3693
3934 3938
3182 3188
2931 2935
6403 6405
5158 5160
4301 4303
4713 4715
4313 4315
3614 3616
6513 6516
1386 1388
3675 3677
7228 7232
3533 3535
648 650
563 566
2467 2470
5267 5269
3798 3802
6024 6028
6552 6555
7144 7146
598 603
3022 3029
772 774
2753 2756
1093 1097
2186 2189
5038 5040
275 278
3896 3898
4342 4344
4213 4216
3844 3848
2898 2901
3355 3357
6087 6090
923 925
535 538
713 715
4787 4789
6688 6691
1732 1736
267 270
4197 4201
2898 2900
1339 1341
4705 4711
780 783
6451 6453
3669 3671
1163 1169
2020 2024
28 34
2644 2648
2796 2799
293 297
7342 7345
5209 5213
592 594
2994 2999
2350 2353
51 54
3335 3338
6681 6683
3777 3782
6377 6382
7150 7158
1249 1251
2756 2760
2130 2132
5504 5507
3233 3237
2310 2315
1089 1093
5145 5147
7301 7304
5085 5088
4844 4851
6044 6046
3677 3679
5740 5744
2691 2694
6866 6869
6769 6772
1689 1694
1720 1724
2084 2090
3762 3766
5962 5964
6648 6650
4858 4860
7110 7113
944 946
6627 6630
6363 6365
4415 4417
2346 2353
1509 1511
4625 4627
2064 2066
3915 3917
6254 6261
443 445
2417 2419
6962 6964
3214 3217
2652 2654
2766 2768
808 810
4639 4641
988 991
5446 5449
4170 4173
2301 2306
2694 2696
261 263
2818 2820
281 285
2441 2443
552 556
6436 6444
1529 1531
5792 5794
3392 3395
4797 4800
6124 6127
4719 4721
7171 7174
1903 1906
3554 3557
1248 1250
2962 2966
4575 4577
234 238
5430 5433
5281 5284
655 658
3984 3986
3190 3192
337 339
5070 5073
4450 4453
3994 3996
7365 7368
1482 1484
6223 6226
7475 7485
7405 7407
2378 2380
4720 4726
2756 2760
69 74
5781 5784
2528 2530
5058 5063
3412 3415
762 766
5850 5855
252 255
5175 5177
6024 6028
252 256
2099 2101
5823 5825
288 291
2451 2455
3173 3175
6517 6520
762 766
2231 2234
7176 7180
1691 1694
6207 6210
3166 3169
1337 1339
3251 3254
1885 1887
5114 5119
6579 6581
644 647
5235 5240
506 508
7104 7109
4926 4932
2124 2127
5489 5491
6847 6849
1422 1425
2158 2161
2598 2600
3166 3169
1957 1959
2234 2237
6212 6215
4910 4915
3328 3330
5775 5780
2744 2746
417 422
6987 6991
5421 5423
5493 5496
142 144
5708 5712
4744 4749
1502 1505
270 273
1319 1321
7137 7141
4485 4489
3443 3447
7295 7298
3635 3639
5481 5484
6066 6071
7057 7060
3029 3031
861 866
3683 3686
3022 3029
5515 5517
4160 4164
6802 6804
6614 6616
691 696
2361 2363
1827 1830
5624 5626
1932 1934
1273 1277
4861 4866
221 224
4691 4694
993 995
2199 2201
2612 2616
425 428
4287 4290
433 435
3019 3022
2791 2793
1808 1812
4126 4130
4065 4067
4754 4757
3152 3154
1111 1115
3909 3911
693 698
706 708
2744 2748
6734 6739
4605 4607
6648 6650
6132 6136
2537 2539
5872 5874
484 486
5389 5393
1378 1381
962 964
5672 5674
4674 4676
259 261
3016 3019
6355 6357
2268 2270
2123 2127
5792 5794
2429 2431
5886 5888
69 74
1259 1263
4227 4231
2681 2683
3958 3960
140 142
4797 4799
809 811
5158 5160
2368 2374
1273 1276
7252 7254
4283 4289
1115 1117
1992 1996
857 859
2482 2484
328 333
3898 3900
7069 7071
4683 4685
6911 6914
2338 2342
3630 3634
6785 6790
2820 2822
4808 4811
2660 2662
7381 7385
474 477
5346 5352
1878 1881
2365 2368
5273 5277
6311 6315
6850 6853
2084 2090
3339 3342
4502 4504
1005 1007
6651 6654
1816 1818
7058 7062
1753 1756
4824 4829
1914 1916
1459 1463
7229 7232
4785 4789
1251 1256
3658 3660
1398 1401
5112 5117
2211 2217
3951 3955
4579 4582
162 167
6669 6672
5822 5825
509 512
3813 3815
1799 1802
5595 5601
5555 5557
5787 5793
2084 2090
6777 6781
6208 6212
4814 4816
3713 3717
3860 3862
7335 7337
7431 7434
4453 4455
1646 1652
2625 2628
644 647
5653 5657
6137 6143
7310 7318
7164 7168
4759 4762
2844 2847
598 603
4962 4964
1802 1806
5255 5259
6445 6448
2702 2707
2536 2538
1953 1955
2777 2779
6451 6453
2308 2312
3231 3233
5964 5967
6136 6143
3957 3959
4546 4548
2027 2030
2800 2804
524 528
3463 3465
4126 4130
6715 6717
5819 5823
5546 5548
4957 4960
5097 5100
2208 2210
1983 1985
6132 6134
3588 3590
1159 1163
776 780
2031 2033
688 691
1981 1983
5892 5897
5531 5534
5161 5164
2015 2017
648 650
6484 6486
566 568
6791 6797
4417 4422
2071 2073
1948 1950
3423 3427
4464 4467
5715 5720
5962 5964
1 7
4803 4805
5463 5465
7091 7093
1691 1698
4319 4322
698 700
5971 5975
5874 5877
4735 4738
7446 7448
1185 1189
5242 5246
1521 1524
1297 1299
3761 3765
5383 5385
2137 2141
6872 6877
6105 6108
1627 1629
816 818
6502 6506
125 130
3041 3044
6004 6006
4169 4172
3285 3289
4425 4427
5921 5923
3443 3446
381 383
3354 3356
723 726
6506 6508
1792 1794
5668 5670
1057 1059
597 603
6950 6952
3333 3337
1900 1903
7137 7141
3070 3073
2501 2504
541 546
6066 6071
3593 3595
2143 2145
6431 6434
3190 3192
7252 7254
1353 1355
7217 7221
6410 6412
5859 5862
6854 6856
2964 2966
847 851
83 85
2732 2735
1386 1388
4477 4479
3140 3146
3121 3125
4981 4985
4774 4776
5393 5396
6958 6960
4412 4417
2855 2858
3900 3902
4361 4364
4310 4315
5972 5975
1837 1839
5884 5886
6752 6756
5346 5352
5668 5671
3554 3557
1655 1660
5430 5433
4514 4517
5571 5573
820 829
7208 7210
10 14
6931 6933
3108 3111
6916 6919
6327 6330
3982 3985
5345 5352
4183 4185
5819 5822
2707 2709
4824 4829
1950 1953
7104 7109
1624 1628
6634 6636
3197 3199
7036 7038
5044 5048
4013 4015
7083 7085
7349 7351
4186 4190
6277 6279
322 327
5566 5568
2210 2214
2804 2806
3265 3267
4599 4603
3418 3421
6110 6115
3973 3975
3050 3052
3761 3765
1445 1448
1046 1049
7050 7054
2972 2974
220 222
4437 4439
1720 1724
1172 1175
1072 1074
5011 5014
4671 4674
5561 5564
7378 7381
2283 2286
6978 6983
7259 7262
5172 5175
1942 1944
1240 1242
3919 3921
791 796
2365 2368
7050 7055
125 130
5229 5233
2636 2638
1021 1025
454 457
2878 2881
4957 4960
4668 4670
5194 5196
6231 6233
6651 6654
7062 7064
5424 5426
7191 7194
3570 3572
6264 6266
6974 6977
2688 2691
3286 3293
4283 4287
1092 1094
5488 5490
892 894
3993 3996
5399 5402
5169 5172
6477 6479
3408 3412
71 74
2796 2799
2605 2607
3089 3094
1618 1622
785 788
2497 2499
2553 2557
4926 4932
1602 1604
3492 3494
3431 3436
2151 2153
5341 5344
3202 3205
4546 4548
3134 3137
5900 5904
3364 3367
1494 1497
130 133
5643 5645
4544 4546
5433 5436
3455 3458
2338 2342
746 748
3679 3681
5112 5117
1434 1438
7425 7427
3083 3085
6486 6489
3089 3094
5178 5180
7131 7135
2033 2035
2005 2008
2742 2746
3713 3717
5246 5248
924 926
6977 6983
4417 4423
3553 3557
6670 6674
6704 6706
5373 5375
2875 2878
1298 1301
2334 2338
340 342
1759 1762
1986 1991
3608 3612
5723 5725
292 294
3630 3634
4243 4246
2742 2746
107 111
3953 3956
184 187
3154 3158
69 71
1368 1376
4851 4853
644 647
6396 6398
4910 4914
1607 1609
6829 6834
606 610
4378 4382
2150 2153
2446 2448
3912 3915
3383 3386
5304 5306
3820 3824
5860 5862
5457 5460
477 480
6861 6865
512 514
2631 2633
3418 3421
2882 2885
2516 2520
1006 1009
3525 3533
2240 2246
1057 1059
5683 5685
4559 4563
5843 5850
3166 3173
7458 7461
3499 3501
402 404
2045 2051
5490 5492
4556 4559
1538 1540
4049 4052
3753 3755
1846 1850
1094 1097
3383 3386
1183 1186
744 746
2980 2984
51 55
6045 6047
4983 4985
119 122
2639 2642
7341 7343
6996 6999
4464 4467
4705 4711
3285 3289
2560 2563
4359 4361
3464 3466
5786 5792
1913 1915
3320 3323
3121 3125
6315 6317
1524 1526
3884 3886
6010 6012
4015 4017
6540 6543
2809 2811
7080 7083
2350 2353
5923 5927
6500 6503
1291 1296
20 22
3644 3648
7365 7368
5705 5708
2848 2853
5746 5752
2869 2873
889 892
1824 1827
2985 2990
4680 4682
3327 3329
3726 3728
1127 1136
6220 6222
6648 6650
2730 2732
2363 2365
5831 5833
3494 3497
7289 7295
2793 2796
2834 2836
3425 3429
2079 2081
2588 2590
4202 4206
2756 2760
4607 4611
26 33
7197 7199
6829 6834
4084 4086
5909 5912
938 941
6383 6387
205 207
4983 4985
6773 6775
3074 3077
691 696
3721 3726
7031 7033
869 875
5223 5226
7333 7335
6764 6767
6100 6105
2328 2330
7343 7346
5687 5689
1041 1045
5355 5357
927 929
4957 4961
700 702
2114 2117
1018 1021
7235 7238
4819 4822
5048 5057
2443 2446
6037 6039
4594 4596
3503 3506
5982 5985
5235 5240
7345 7347
592 594
3295 3297
454 457
2920 2922
5795 5798
4217 4220
7497 7501
1412 1414
561 563
786 789
1972 1975
4213 4216
532 534
5925 5927
5712 5715
1631 1635
6724 6726
3871 3875
5671 5673
6323 6327
2192 2194
1401 1405
2885 2888
7130 7133
4808 4811
2934 2936
2582 2584
1266 1268
275 278
6271 6273
6627 6630
3998 4001
3359 3363
5518 5521
4844 4851
3079 3081
895 899
2024 2026
5330 5334
3374 3378
5950 5952
4489 4491
1983 1985
541 546
3081 3083
1972 1975
3540 3543
2600 2603
7172 7176
120 122
3060 3063
3324 3328
1014 1016
4112 4116
1283 1285
5826 5828
3379 3383
2262 2264
2176 2178
2290 2292
925 927
1362 1364
6100 6105
3870 3873
6812 6817
3179 3182
5683 5685
5570 5573
1176 1179
3702 3706
6358 6360
3691 3693
2262 2264
4087 4091
2124 2129
5964 5967
2687 2691
880 882
159 161
3844 3846
7385 7387
1450 1456
6894 6896
5117 5120
4793 4795
6615 6617
5243 5246
4608 4611
4237 4241
6509 6511
6490 6492
3282 3285
6681 6683
3808 3810
5151 5153
7205 7207
4137 4140
4049 4051
6805 6807
394 397
1495 1498
4517 4519
3928 3932
3055 3060
184 188
882 885
6601 6604
4486 4490
5378 5382
15 18
2095 2097
6802 6804
1124 1127
3617 3619
5433 5436
154 157
4651 4654
5330 5334
3643 3645
1987 1991
45 48
5146 5148
1483 1485
4422 4424
5025 5028
169 171
4104 4107
2198 2201
1702 1706
6468 6470
1259 1262
6791 6797
6841 6843
5797 5800
1744 1748
3202 3205
5590 5594
5371 5373
6775 6777
87 92
1477 1482
5590 5594
944 946
3883 3885
4831 4834
5449 5455
3777 3783
328 333
2869 2873
3483 3486
1930 1932
1563 1565
3447 3453
2116 2118
3979 3981
780 783
2969 2971
6136 6143
6372 6377
4729 4731
4626 4630
837 839
964 967
2024 2026
3577 3579
2500 2502
7425 7427
2812 2814
5074 5079
6262 6264
2468 2470
7045 7050
6739 6742
6894 6896
6407 6409
7424 7426
6460 6462
5426 5432
1397 1401
5808 5812
3050 3052
4870 4873
232 234
5012 5014
7127 7129
4726 4729
1653 1655
3074 3077
2804 2808
5787 5793
5378 5382
4514 4519
5931 5934
4733 4736
2521 2524
5223 5226
592 594
3990 3993
5390 5393
5547 5549
3953 3955
5528 5530
240 243
4245 4248
1251 1255
5761 5764
3169 3173
7322 7327
6009 6012
3369 3372
2392 2396
6078 6082
1523 1525
2240 2245
2027 2030
1442 1445
1428 1430
2874 2876
6491 6493
4524 4527
1694 1699
5269 5273
3459 3462
3125 3128
4125 4130
6151 6153
1461 1465
2823 2825
1405 1410
925 927
6111 6117
4364 4366
2455 2459
6330 6333
1679 1681
426 429
5649 5651
1684 1689
4065 4069
411 413
7069 7071
6021 6024
1459 1463
5850 5855
5975 5978
1646 1653
6960 6962
7214 7216
6606 6608
4549 4555
4506 4508
4455 4460
2037 2040
3384 3386
6823 6827
2064 2066
2861 2863
3968 3970
6581 6586
3747 3750
1407 1410
6311 6314
2590 2595
3755 3761
4835 4837
2891 2893
4033 4037
4983 4985
6077 6082
5841 5843
6555 6560
2618 2623
4439 4445
5282 5284
2282 2284
159 161
6583 6587
6473 6475
48 51
2502 2504
2147 2149
1115 1117
180 183
3066 3069
5841 5846
2323 2327
5649 5652
1922 1925
5541 5545
1913 1915
3283 3285
2127 2129
7498 7501
6858 6861
2975 2978
4686 4688
1937 1940
1509 1511
4092 4097
942 944
2449 2451
1255 1258
3192 3194
7456 7458
2853 2855
5291 5296
169 171
3188 3191
376 379
48 50
2403 2408
5619 5622
6473 6477
5449 5456
7039 7041
3747 3750
6885 6888
3695 3698
7466 7468
3635 3639
3013 3016
4721 4726
2438 2441
6616 6618
1276 1279
3885 3892
5396 5399
5802 5806
4269 4274
2429 2432
5978 5982
5658 5661
3919 3921
169 171
5726 5728
5987 5990
5104 5106
5602 5604
3734 3737
4079 4081
743 745
4998 5000
2298 2306
5626 5628
6934 6937
4186 4190
178 180
6137 6143
4503 4506
2826 2829
7050 7054
3720 3726
2436 2438
988 991
6929 6931
6450 6452
5273 5277
103 105
520 522
7182 7184
985 987
82 84
6053 6057
7172 7176
1204 1208
4893 4897
4424 4427
1737 1739
5625 5627
6452 6454
1566 1569
522 524
944 946
4251 4253
847 849
3387 3389
723 726
4406 4411
3262 3264
7191 7193
5738 5740
229 231
2211 2214
6347 6349
6959 6961
3232 3235
1953 1955
5026 5030
7064 7066
408 410
6387 6390
1021 1025
4735 4738
2270 2272
5230 5234
4612 4615
1021 1027
604 606
337 339
759 762
7345 7347
3324 3327
14 16
5226 5229
2099 2102
3056 3060
6834 6836
313 318
61 63
5987 5990
1845 1850
5182 5185
6137 6143
3360 3364
3406 3408
2764 2766
604 606
5302 5304
1456 1459
3137 3139
5622 5625
3617 3619
3364 3367
3815 3819
1706 1708
1565 1567
2944 2947
2549 2552
3274 3277
3246 3248
2665 2667
6276 6278
2179 2182
5910 5912
7208 7211
2453 2456
7090 7093
6226 6229
5137 5139
6262 6266
3392 3394
4878 4881
255 257
5038 5043
6769 6772
2783 2785
4894 4898
4170 4173
3928 3932
3154 3158
3912 3915
4897 4904
1749 1753
3360 3363
5685 5687
1213 1215
3912 3915
6613 6615
5040 5043
650 652
5771 5773
3022 3029
6077 6082
5366 5368
4679 4682
1243 1245
1960 1962
6422 6424
591 594
5509 5514
2137 2141
7363 7365
6707 6709
2607 2609
1140 1144
1450 1456
4049 4051
723 726
5321 5323
2691 2694
4728 4730
4662 4668
2153 2156
619 625
3108 3110
3814 3818
6305 6308
3298 3300
2449 2451
4057 4061
1065 1067
6009 6012
1384 1388
2410 2412
2812 2814
82 84
979 982
2105 2108
6924 6926
2703 2708
588 591
6269 6271
633 635
655 659
1860 1862
7302 7308
131 133
2501 2504
1076 1081
2949 2951
7408 7412
2084 2090
6414 6419
1582 1585
4870 4873
5267 5269
4559 4563
3560 3564
3376 3378
6047 6050
570 573
184 187
4969 4972
2954 2957
2787 2789
2102 2104
4004 4007
7378 7381
6648 6650
5949 5952
2158 2161
1925 1929
5154 5158
408 410
2560 2563
1214 1218
7366 7369
4338 4341
4915 4917
7033 7035
7295 7298
2984 2987
4491 4495
6297 6300
6926 6929
663 666
3300 3303
345 347
5812 5815
2368 2374
2066 2068
4760 4763
497 499
2217 2221
71 75
4886 4888
2893 2896
4417 4422
2864 2866
188 190
2122 2124
48 50
313 318
297 299
4907 4910
4417 4422
940 942
7215 7217
7456 7458
5155 5160
5334 5336
5243 5246
3788 3791
6243 6245
4867 4869
3502 3506
274 278
3928 3932
1100 1102
3584 3587
6782 6785
1617 1621
5960 5962
3272 3274
895 899
6757 6761
1243 1245
5131 5136
1378 1381
5131 5136
2301 2306
3704 3706
6809 6812
26 28
954 956
820 829
3721 3727
7103 7108
3777 3782
3777 3782
2929 2931
3301 3303
4888 4893
7225 7228
2625 2628
3100 3102
4213 4217
2342 2344
1795 1799
708 710
5879 5884
5518 5521
3218 3220
6317 6320
4627 4633
5114 5117
4749 4751
4265 4268
4937 4939
3536 3540
1531 1535
3731 3734
328 333
2779 2783
222 225
3379 3384
953 956
5167 5172
2084 2092
3635 3639
4425 4427
705 708
4347 4351
5321 5325
481 483
3357 3359
2776 2778
4760 4762
1377 1381
935 938
7475 7485
490 492
5342 5344
6954 6957
1942 1944
3554 3557
2237 2240
2105 2108
2590 2595
3619 3622
5066 5068
6066 6071
7271 7274
6108 6110
2041 2044
4372 4374
1835 1837
347 353
6323 6327
1694 1698
4378 4382
6125 6127
2075 2079
6655 6658
5114 5117
3508 3511
3364 3367
6752 6754
1250 1255
1085 1087
7390 7392
650 652
1442 1445
992 995
6232 6234
1987 1992
2261 2264
1047 1049
2540 2545
2379 2381
2547 2549
7177 7181
6583 6586
6772 6774
6612 6614
2945 2947
2178 2182
2618 2623
6161 6163
5235 5240
6063 6065
4904 4906
2240 2245
972 978
5465 5468
7328 7330
2231 2235
7359 7362
3691 3693
4846 4851
4224 4228
234 238
2131 2133
665 668
4970 4972
6565 6567
5953 5955
3711 3713
2733 2736
363 366
5188 5191
275 279
3441 3443
4305 4309
2957 2960
4423 4425
1042 1046
591 594
4606 4608
2060 2064
75 78
2623 2625
4636 4638
1638 1641
5346 5352
3794 3797
2240 2246
3850 3853
5108 5111
5457 5460
3810 3812
281 285
5647 5649
1392 1394
2969 2971
7058 7062
5547 5549
845 849
6654 6658
6872 6877
3209 3212
1328 1330
4049 4052
7291 7295
5114 5119
1694 1698
404 406
3018 3020
5497 5499
2201 2203
4141 4144
1949 1952
4519 4521
1438 1442
5346 5352
4061 4063
4256 4265
4277 4279
1975 1978
4686 4688
4450 4452
7146 7148
5167 5169
4753 4756
6896 6898
7099 7103
3612 3615
567 569
2623 2625
5509 5514
1874 1876
2752 2756
3905 3908
2640 2642
4667 4670
3695 3698
3797 3801
4712 4714
2464 2467
3924 3926
3756 3761
6199 6201
2435 2438
2613 2617
486 489
759 766
7271 7273
2235 2240
2224 2230
6732 6734
5752 5757
213 217
7355 7358
1321 1323
1933 1935
6683 6688
5761 5764
1350 1354
3599 3601
4676 4678
2994 2999
3795 3797
1763 1767
4206 4209
6776 6779
4784 4787
972 978
138 141
6734 6739
2585 2588
180 183
2504 2508
6849 6851
4298 4303
4616 4619
2645 2648
2575 2577
5185 5188
1291 1296
2588 2590
3649 3651
3052 3056
20 23
1311 1314
363 366
2640 2642
3922 3925
4345 4347
6182 6185
7341 7343
1137 1139
157 159
3233 3237
5802 5806
4916 4918
4186 4188
5671 5673
6670 6674
1303 1305
1186 1189
5268 5270
5475 5477
142 144
1501 1503
6889 6893
3747 3750
5770 5773
5410 5412
1987 1992
671 674
312 318
3871 3873
3939 3941
6320 6322
6389 6393
41 44
263 266
5522 5528
1917 1919
1730 1732
4693 4695
5355 5358
705 708
3032 3034
1841 1843
4119 4122
5714 5720
5487 5489
2652 2655
5754 5758
6827 6829
820 829
7359 7363
57 59
3075 3077
3593 3595
581 583
7278 7281
7135 7137
4921 4923
3089 3094
1730 1732
1469 1472
61 63
3176 3178
5196 5198
6092 6095
6365 6368
7036 7038
2334 2338
3814 3818
4643 4645
3713 3717
1959 1961
1330 1332
6577 6579
4785 4787
1059 1065
1410 1412
5460 5463
5683 5685
6460 6462
3996 3998
7208 7210
6608 6612
1042 1045
394 396
2839 2844
5223 5226
7223 7226
2253 2255
4549 4555
391 393
1115 1117
1653 1655
1163 1165
2582 2584
5447 5449
1556 1558
5787 5792
6239 6242
5890 5895
904 908
4406 4412
1 7
690 693
6827 6829
811 813
7258 7261
3630 3633
288 292
1744 1748
1334 1337
3013 3016
3718 3720
6570 6573
3785 3787
3104 3106
2553 2557
3681 3686
5833 5836
4231 4233
6635 6637
227 229
4885 4888
4875 4877
1344 1346
4998 5000
584 586
4069 4074
6822 6827
1631 1635
3379 3383
6436 6444
2869 2873
2811 2814
1548 1551
5658 5660
3096 3098
7308 7310
2903 2906
1203 1206
890 893
3467 3470
4343 4345
3812 3814
5641 5645
4305 4310
6786 6790
5551 5554
1054 1056
7264 7268
7469 7472
6717 6721
3695 3698
6300 6305
1643 1652
2533 2535
6085 6089
1262 1264
3525 3532
6520 6523
1691 1694
2090 2092
84 86
3509 3511
3044 3046
7289 7295
4377 4379
3140 3146
1850 1853
1923 1928
3794 3797
2990 2992
5715 5720
6734 6739
4277 4281
3747 3752
1880 1883
2834 2836
615 617
2473 2476
1376 1378
5886 5888
5112 5114
3840 3842
359 361
6707 6709
953 956
142 144
7446 7448
6123 6125
6517 6520
4038 4040
3698 3700
2992 2995
5964 5967
1392 1394
2015 2017
3111 3113
2330 2334
5798 5801
2097 2101
2834 2836
1760 1762
220 222
979 984
793 796
3885 3892
6191 6193
6601 6604
2097 2099
2142 2144
444 446
979 982
2464 2468
838 840
2365 2368
2429 2431
5313 5316
4816 4819
3160 3162
2848 2854
1219 1221
908 910
5465 5468
3182 3188
7475 7485
4061 4063
2222 2224
4996 4998
6777 6779
4119 4122
6010 6012
1365 1373
4853 4856
5620 5624
2992 2994
6762 6764
5063 5066
6829 6834
2936 2939
3081 3083
5206 5208
6021 6024
2017 2020
3301 3303
6658 6663
2366 2368
2453 2455
3661 3664
7358 7362
4207 4210
2137 2139
5336 5339
611 614
2194 2198
2553 2557
6776 6779
484 486
2016 2020
1215 1219
2568 2570
3005 3008
1302 1305
1398 1401
1240 1242
18 22
5738 5740
2291 2294
3766 3768
1698 1700
5097 5101
458 461
2826 2829
5793 5795
4228 4231
2920 2922
5559 5561
1472 1476
2173 2177
702 706
3553 3557
7226 7228
3041 3044
566 568
845 849
328 333
563 566
5993 5995
3743 3747
1376 1378
2912 2914
5191 5193
3484 3487
930 934
4545 4547
3838 3840
4254 4256
1573 1577
944 947
1519 1521
1901 1904
4237 4241
7087 7090
5681 5683
6006 6008
6153 6155
1477 1483
2284 2287
957 959
3180 3182
4897 4904
753 755
5812 5814
2231 2235
6191 6195
2463 2467
4024 4026
7291 7295
6722 6725
3447 3450
4335 4337
672 674
5336 5341
5714 5720
42 45
1386 1389
6811 6817
1589 1592
5114 5117
4298 4301
4417 4422
461 465
4145 4151
5674 5676
5737 5739
1711 1715
7268 7271
6570 6573
666 668
5701 5704
358 360
4888 4893
6648 6651
3967 3969
7115 7119
75 79
3793 3795
1437 1442
2418 2420
847 851
7111 7115
1755 1757
6021 6024
3886 3892
6286 6288
6846 6848
957 959
4417 4422
6134 6136
7108 7110
263 266
3832 3834
6807 6811
5880 5886
3387 3389
1276 1279
1800 1804
6579 6583
3653 3655
3820 3824
5169 5175
420 425
1880 1883
1230 1234
3339 3342
5000 5010
6608 6612
4907 4914
2084 2090
3003 3005
3641 3643
7291 7295
3128 3134
7235 7238
836 838
6786 6790
1099 1101
813 815
2277 2280
5740 5744
408 410
4012 4014
1508 1510
2206 2209
3645 3649
6384 6389
4398 4401
978 982
2502 2504
334 339
909 911
6284 6288
4814 4816
6378 6382
6384 6387
3664 3667
4995 4998
2504 2508
1564 1566
1159 1163
1393 1395
6089 6092
6428 6430
5242 5246
234 238
2593 2595
6680 6682
5953 5955
5836 5840
1390 1392
5198 5200
2613 2616
6407 6410
1917 1921
2598 2602
857 859
4092 4097
507 509
1907 1909
311 313
6601 6604
5778 5781
1567 1569
3121 3125
2488 2490
861 866
3859 3861
5935 5937
4604 4606
6400 6403
4053 4056
1857 1859
6683 6689
3209 3211
36 38
3553 3557
34 36
7177 7180
840 842
2191 2194
3617 3619
979 982
6199 6202
7338 7340
5423 5425
1159 1163
5620 5622
4704 4711
4700 4704
3083 3085
3348 3354
2612 2616
2612 2616
4802 4804
3570 3573
5251 5255
534 538
6738 6742
5721 5723
1898 1900
5468 5470
2415 2417
6761 6764
776 780
7256 7259
1422 1426
7463 7465
7229 7232
6851 6854
2432 2435
2204 2208
5396 5399
2502 2508
843 845
644 648
749 751
3324 3328
560 563
2648 2650
1749 1753
1604 1607
2438 2441
3551 3553
1397 1401
7368 7371
1544 1546
1434 1438
3237 3246
3192 3194
4824 4829
144 147
1624 1628
494 497
2776 2778
7439 7444
6512 6514
7438 7442
98 100
157 159
4528 4530
2333 2338
2778 2782
7164 7168
4989 4991
4878 4881
5528 5530
4797 4800
808 810
746 748
3512 3515
1311 1314
3458 3461
4667 4670
1564 1566
7168 7170
4224 4227
3035 3040
3121 3125
256 259
3883 3885
1076 1081
1639 1643
6317 6321
222 225
4730 4733
2031 2033
180 183
6823 6827
943 946
954 956
7258 7261
3695 3698
2460 2463
1787 1789
6849 6851
634 636
3484 3487
972 979
6232 6234
1047 1050
1052 1054
5736 5738
3098 3100
757 759
6300 6305
6581 6583
1199 1203
4074 4076
2366 2374
5457 5461
28 33
2920 2925
6002 6004
6605 6607
2753 2756
5961 5964
6539 6543
1305 1307
619 625
6747 6749
1339 1341
1101 1103
1652 1654
2613 2616
3919 3921
2468 2470
5746 5752
2338 2342
5000 5009
1108 1111
1523 1525
5746 5752
5867 5869
6253 6257
2587 2589
2240 2245
188 190
5055 5058
6512 6514
3801 3804
1600 1603
1108 1111
5990 5992
4076 4079
4759 4762
7064 7066
7177 7180
7221 7223
6493 6497
6667 6669
3836 3838
3562 3564
7177 7180
6066 6072
5967 5970
3433 3436
4980 4983
3265 3267
1665 1667
2908 2911
6040 6044
4256 4265
1015 1017
169 171
3543 3547
1931 1933
252 256
1089 1092
5248 5250
1660 1663
2770 2776
7391 7393
6251 6253
6889 6894
3497 3501
2484 2490
6845 6847
2131 2133
4718 4720
3070 3073
6148 6151
552 557
6389 6393
3056 3060
6148 6153
4148 4151
5323 5325
1660 1663
5336 5339
5764 5770
3603 3605
690 693
2194 2199
6223 6226
7463 7465
5177 5179
2191 2194
5823 5825
4662 4667
5285 5296
3704 3706
6739 6742
5035 5038
180 183
7115 7119
4953 4955
2292 2294
6781 6785
4757 4759
1600 1603
3372 3374
3373 3376
2539 2541
4439 4442
3241 3246
6617 6619
7442 7444
793 796
4102 4105
4347 4353
5667 5670
5165 5167
1998 2001
6475 6479
2410 2412
552 557
4627 4630
5697 5701
3512 3514
3914 3916
7238 7240
7475 7485
5085 5088
6709 6712
5147 5149
6462 6466
4386 4388
6403 6405
1540 1542
3113 3115
1061 1067
2308 2312
6732 6734
1127 1136
7251 7253
3262 3264
6450 6452
1631 1636
4227 4231
3997 3999
5541 5545
3661 3664
2831 2834
958 961
4372 4374
2818 2820
6987 6991
3493 3497
2862 2864
6137 6143
5235 5240
7295 7298
4771 4773
7475 7485
7129 7131
5364 5366
6472 6475
5971 5975
1788 1790
561 566
6050 6053
5693 5696
3233 3237
4782 4784
394 396
1007 1009
3956 3958
972 978
5907 5909
7349 7351
2227 2231
515 518
2184 2187
2974 2978
3388 3390
3098 3100
2974 2978
2090 2092
5273 5275
6321 6323
6085 6087
6372 6377
4296 4298
6193 6199
4131 4135
513 515
6044 6046
2403 2408
4824 4830
7387 7390
541 546
262 265
6414 6417
2666 2669
1368 1373
5420 5422
7487 7492
2773 2776
7278 7281
4541 4544
1296 1298
5534 5537
7104 7108
518 520
462 465
1535 1537
4076 4079
1503 1505
1158 1163
4575 4577
5123 5130
1773 1777
491 494
5607 5609
5357 5359
5643 5645
3691 3693
1102 1104
3335 3338
1186 1189
3535 3539
3383 3386
2256 2259
935 938
2017 2020
820 829
7442 7445
4279 4282
1018 1021
762 766
7381 7385
924 926
7135 7137
1363 1365
125 130
6651 6654
1843 1845
5764 5771
1580 1582
159 162
6978 6983
6883 6885
4254 4256
5302 5304
751 753
2920 2925
2680 2682
1070 1072
686 688
2350 2353
2815 2817
6436 6444
2118 2120
6935 6939
2468 2470
3873 3876
111 115
6869 6871
5259 5261
2477 2482
5724 5726
3664 3669
683 686
4949 4952
4646 4649
4804 4806
1291 1296
4517 4519
2223 2227
3154 3160
1018 1021
4092 4097
2634 2636
3850 3852
3960 3962
5694 5697
3824 3827
5580 5584
188 190
1773 1777
74 78
2513 2516
5390 5394
4662 4667
1042 1046
1087 1089
3575 3577
7275 7278
2392 2396
5814 5818
2950 2952
7408 7412
5255 5258
2540 2545
869 875
4338 4340
5596 5601
2618 2623
1001 1003
3994 3997
1368 1373
4108 4111
4035 4038
7248 7250
6047 6050
1890 1892
3360 3363
1386 1388
1560 1562
1851 1854
1410 1412
3721 3727
2075 2079
3566 3568
6665 6667
5160 5162
6066 6071
5672 5674
1140 1144
3252 3257
5781 5783
1009 1011
4544 4546
2509 2511
4875 4877
348 353
6334 6337
3395 3397
3842 3844
2541 2545
2266 2269
2848 2853
3791 3793
4686 4688
6004 6006
3492 3494
7190 7193
6957 6959
5985 5990
422 426
1962 1966
2173 2176
265 267
356 358
339 341
6459 6461
5493 5496
44 46
1656 1660
147 149
2573 2575
6693 6695
3568 3570
119 122
4099 4102
3721 3726
5810 5812
3289 3293
4445 4447
3933 3938
2312 2315
1127 1136
3427 3429
2403 2408
6000 6002
6721 6724
4659 4661
5810 5814
2936 2939
4625 4627
1472 1476
5956 5958
1179 1181
4469 4471
2770 2773
2800 2804
6462 6466
6072 6077
3335 3337
1108 1110
2756 2760
2045 2049
1896 1898
1482 1484
6785 6790
164 167
2733 2736
6193 6195
6450 6452
3674 3677
5285 5291
4481 4485
5383 5385
1186 1190
2804 2806
6722 6725
7083 7087
3356 3359
6925 6929
210 213
5193 5195
4789 4792
3606 3609
3052 3055
4428 4431
3085 3089
452 454
2895 2898
3475 3483
3094 3096
3581 3583
1870 1872
868 872
5177 5179
7241 7244
5131 5136
7199 7202
2446 2449
2449 2451
6119 6121
169 171
1868 1870
6169 6174
3437 3440
1334 1336
841 843
6286 6288
4224 4228
5895 5897
5982 5985
2661 2663
5937 5939
629 632
4673 4675
6839 6842
2397 2403
3107 3110
1115 1119
2530 2532
1596 1598
6115 6118
1179 1181
969 971
4634 4638
1525 1527
3294 3296
7335 7337
4018 4021
6021 6024
4549 4555
4626 4630
3721 3726
3356 3359
1319 1321
2484 2488
2722 2725
1395 1397
3718 3720
7473 7485
4310 4313
6087 6089
4875 4878
183 187
4164 4166
484 486
6008 6010
1039 1041
2691 2694
4192 4196
6802 6804
4102 4105
4347 4351
6880 6884
341 344
1846 1850
2990 2992
3811 3813
4599 4603
6906 6909
6323 6327
1381 1383
745 747
4412 4415
3536 3539
7412 7416
3102 3104
6974 6977
1950 1953
3447 3450
3089 3094
87 92
3075 3077
597 603
176 178
962 967
6909 6911
5048 5055
1172 1175
2947 2949
3766 3768
169 172
1425 1427
4705 4711
5148 5151
1804 1806
2069 2071
3330 3332
164 167
1915 1917
3506 3508
5573 5576
5399 5402
5178 5180
5373 5375
7264 7268
7359 7362
690 693
4682 4684
5073 5077
3111 3113
902 904
784 786
6520 6523
2631 2634
1459 1463
1994 1997
6663 6665
3084 3088
6807 6811
832 834
4038 4041
1368 1373
3267 3269
402 404
6410 6413
3262 3264
7278 7287
207 209
2353 2355
719 721
1426 1428
2482 2484
374 376
4484 4486
7039 7041
291 293
4705 4711
404 406
486 490
3324 3327
5927 5931
4651 4654
1738 1740
5285 5291
1072 1074
6850 6853
4431 4435
883 885
4038 4040
6540 6543
5313 5316
5364 5366
2618 2623
2696 2701
3266 3268
4806 4808
4731 4735
1497 1500
5646 5649
4201 4203
1906 1909
4676 4678
2173 2176
2381 2385
4346 4351
7247 7249
1039 1041
6726 6730
3509 3511
5281 5284
1350 1353
935 938
1544 1547
2904 2906
6064 6066
322 327
3998 4001
6300 6305
4955 4957
2472 2474
2638 2640
5775 5780
3969 3971
7097 7103
3169 3174
1105 1107
2420 2424
131 133
6761 6764
1785 1787
6954 6957
4033 4035
1606 1609
5161 5164
6060 6062
7464 7466
5708 5714
6612 6614
5214 5216
7271 7274
1172 1175
2736 2742
1749 1755
439 442
1862 1864
7383 7387
446 448
892 894
2756 2760
378 381
2537 2539
6739 6745
2325 2328
6475 6479
5355 5358
991 993
6148 6151
4126 4130
447 449
111 113
6963 6968
4893 4897
5504 5507
3020 3022
3582 3584
3615 3617
6400 6403
5886 5890
2474 2476
4760 4762
520 522
6856 6858
1885 1887
1870 1872
3706 3711
796 802
4673 4675
1913 1915
5191 5193
5892 5895
6651 6655
3811 3813
6894 6896
162 164
265 267
520 524
924 926
6436 6445
2201 2203
964 967
4837 4841
2463 2467
1780 1782
1778 1780
3071 3074
20 23
6323 6327
6570 6572
2484 2488
4170 4173
6482 6484
4031 4033
1142 1147
6352 6354
55 58
413 416
2908 2911
5101 5103
6193 6199
574 577
1802 1806
6460 6462
3190 3192
1887 1890
2495 2497
644 647
5714 5720
3686 3688
2001 2004
2908 2911
7350 7353
6257 6262
210 213
5846 5850
293 297
1159 1163
790 793
3394 3396
6158 6160
4530 4535
6655 6658
3429 3433
3675 3677
439 442
7202 7204
4298 4301
959 962
2026 2030
655 658
6459 6461
3848 3850
5476 5479
2954 2957
1398 1401
271 273
1234 1238
3956 3958
51 55
6958 6960
2002 2004
6349 6352
96 98
1224 1226
4934 4937
6564 6567
7340 7342
6547 6550
6212 6215
4904 4907
5009 5011
2250 2253
6643 6647
2415 2418
5712 5714
2931 2934
4331 4333
4177 4179
1124 1127
3804 3806
4776 4778
4503 4506
2590 2593
4605 4607
6078 6082
4573 4577
2995 2999
972 978
4684 4686
2474 2476
157 159
584 586
1907 1911
4157 4159
4539 4541
2814 2816
87 92
6486 6489
2127 2129
5754 5757
7359 7363
2826 2829
5964 5966
4131 4135
5410 5412
6297 6300
1067 1070
5774 5778
1862 1864
1438 1442
213 217
4883 4885
6406 6409
3762 3766
2972 2974
130 133
769 772
4385 4388
6919 6921
7226 7229
2564 2566
2413 2415
3429 3431
3864 3867
6633 6635
4612 4615
3497 3501
2927 2929
4116 4118
4057 4063
3340 3342
4705 4711
1021 1025
1394 1396
6779 6781
7475 7485
4305 4309
2208 2210
4595 4598
1670 1673
7383 7387
5740 5744
5361 5363
1979 1983
1338 1340
3886 3892
7213 7215
1239 1241
2202 2204
500 506
6934 6937
4861 4866
4630 4633
2830 2833
2756 2760
6323 6327
7299 7301
3209 3211
2399 2403
6254 6257
5945 5949
4921 4923
4728 4730
7197 7199
5775 5778
1330 1332
1432 1434
4619 4621
6605 6607
454 457
6257 6262
3775 3777
4590 4592
592 595
1901 1904
4084 4087
6812 6818
5880 5884
6137 6143
2194 2199
6764 6767
5705 5708
5226 5228
4563 4568
69 71
4368 4372
7018 7020
5270 5273
3711 3717
7188 7190
6461 6463
5596 5601
7254 7256
2449 2451
3841 3843
3327 3329
3871 3873
3357 3359
5441 5444
3111 3113
6163 6165
4837 4841
204 206
7229 7233
591 594
2848 2853
1843 1846
1070 1072
1760 1763
1509 1511
123 125
48 51
6642 6646
176 180
3926 3928
4780 4783
2866 2873
3081 3083
1027 1031
4615 4617
6231 6233
5601 5603
367 369
7158 7162
3115 3119
292 294
534 538
1204 1206
2204 2206
7225 7228
5172 5175
5775 5778
3235 3241
4994 4996
2325 2327
3390 3392
6889 6893
5983 5985
1579 1581
654 658
6952 6954
144 146
2514 2516
7347 7349
4353 4355
1717 1720
4626 4630
1551 1553
4543 4545
2403 2408
2900 2902
2907 2910
37 39
206 208
1407 1410
3151 3154
6823 6827
813 815
4442 4445
993 995
2301 2306
2499 2501
3593 3595
5681 5683
4217 4220
5058 5063
3596 3598
3898 3900
5181 5183
4556 4559
5219 5221
4549 4556
2935 2937
739 743
5309 5313
4964 4968
5123 5130
1061 1065
6422 6424
5784 5786
2166 2169
2534 2536
4495 4497
6054 6058
4294 4296
5251 5255
2655 2658
1430 1432
3128 3131
4670 4673
2848 2853
3782 3784
2904 2907
2247 2250
240 243
7322 7325
5520 5522
225 228
1843 1846
5934 5936
2444 2446
3061 3063
2961 2964
2456 2459
1510 1512
7177 7181
294 297
7025 7032
7302 7304
5417 5419
5380 5383
4831 4834
1201 1204
6605 6607
328 333
6137 6143
221 224
6703 6705
3985 3988
7428 7430
6317 6321
252 255
6497 6502
2762 2764
5514 5516
3293 3295
2081 2083
2301 2306
1368 1373
2703 2707
1149 1151
2223 2227
3911 3914
6544 6547
3225 3231
5991 5993
2953 2957
5998 6000
2975 2979
4277 4279
5571 5574
1378 1381
3855 3857
2191 2194
6846 6848
4944 4946
5909 5912
6154 6156
6835 6837
4274 4276
3628 3633
1896 1899
4687 4690
2652 2655
2368 2374
2533 2535
832 834
1846 1851
6036 6038
5240 5243
5950 5952
5698 5704
6226 6230
5446 5449
6041 6044
341 344
4228 4232
1317 1319
4145 4148
1744 1748
2532 2534
4869 4871
4292 4294
3311 3313
3035 3041
208 210
3352 3354
702 705
5094 5097
3001 3004
6978 6984
798 803
2217 2221
5858 5860
532 534
3713 3717
2084 2090
1515 1518
1767 1771
489 491
2848 2853
5172 5175
4934 4939
6532 6534
5309 5311
671 674
5342 5345
2464 2467
4075 4079
1194 1199
5191 5193
1665 1669
6510 6512
1787 1789
7037 7039
2957 2960
7054 7056
4175 4177
4076 4079
4789 4792
6432 6434
3188 3190
2002 2005
2041 2044
5155 5158
677 681
557 559
5166 5169
1869 1871
6460 6462
2578 2581
1591 1594
935 940
4305 4309
6294 6296
5541 5545
3055 3060
5366 5368
2944 2947
7164 7169
3458 3461
5620 5622
772 775
4563 4568
2453 2456
3001 3003
3166 3169
7071 7073
4135 4137
7229 7232
101 103
716 719
1589 1592
3218 3220
2391 2396
4874 4877
3622 3624
15 18
6578 6581
2685 2687
1152 1154
5178 5180
5552 5555
449 451
4269 4273
5559 5561
7174 7177
5413 5415
439 442
2967 2969
3775 3782
2512 2514
6148 6151
1832 1834
2536 2538
4256 4265
1047 1049
6906 6909
3100 3103
2403 2408
20 22
1706 1709
2890 2892
1843 1845
5625 5627
5698 5701
1142 1144
7164 7168
4524 4528
1084 1086
6012 6014
2550 2553
1562 1564
1546 1548
4811 4814
4687 4690
913 915
6926 6929
6791 6797
5269 5273
225 227
7475 7485
3664 3667
1326 1328
1047 1050
4376 4378
2848 2853
532 534
387 391
7141 7144
4428 4430
720 722
2882 2888
5978 5982
3880 3883
6941 6943
4657 4659
6954 6957
7032 7034
4816 4819
701 705
1652 1654
957 959
666 668
6041 6044
1701 1705
6569 6572
4197 4201
4742 4744
6305 6309
6436 6444
4107 4111
2459 2463
900 902
3768 3770
3176 3179
4197 4201
7099 7103
3986 3990
1057 1061
2650 2654
2211 2214
1 7
5518 5521
5247 5249
3152 3158
3455 3458
3773 3777
6400 6403
2075 2079
2958 2961
1812 1815
3276 3279
786 788
4176 4179
4731 4735
4814 4818
6527 6529
3455 3459
1872 1874
2893 2895
6968 6974
6400 6403
3188 3190
3061 3063
6878 6880
5388 5390
3348 3354
751 753
6757 6761
883 886
4846 4852
3035 3041
4398 4403
1127 1136
3943 3947
348 353
1459 1461
4151 4155
6115 6118
7251 7253
378 381
2820 2822
6137 6143
2742 2744
4556 4563
6090 6092
5775 5778
6160 6163
547 549
2491 2493
480 482
1887 1891
5760 5762
5426 5430
1914 1916
3055 3060
6650 6654
1368 1373
1617 1621
5465 5468
1230 1233
6570 6572
5285 5291
6134 6136
1795 1800
2831 2833
4231 4233
113 115
7208 7210
892 894
2539 2541
162 167
1144 1147
5219 5221
3022 3029
2787 2789
46 48
3497 3499
1909 1913
3922 3925
468 470
2853 2855
2208 2210
5664 5666
1072 1075
5962 5966
4415 4417
2008 2012
6502 6506
5545 5547
2564 2566
4017 4021
3074 3077
6968 6974
2682 2684
7456 7458
164 167
3553 3557
5433 5436
4026 4031
87 93
944 947
4087 4091
1046 1049
373 376
7081 7083
2272 2275
1121 1127
4987 4989
5841 5843
6186 6188
1753 1755
7246 7248
5780 5783
1427 1429
6066 6071
2628 2630
7459 7461
1953 1955
4780 4782
1931 1933
154 157
442 444
840 842
6428 6430
2231 2234
4685 4687
3896 3900
5396 5399
5522 5528
2893 2895
6191 6193
2562 2564
2250 2253
1433 1437
2202 2204
2051 2056
2520 2523
6769 6772
3589 3591
3392 3394
5609 5611
7072 7074
6812 6817
2744 2748
244 246
6926 6930
5161 5164
2848 2854
6130 6132
796 802
6406 6409
3641 3644
2484 2488
3128 3131
6873 6878
1715 1717
1656 1660
6672 6674
2973 2975
516 518
7128 7130
7374 7378
2945 2949
2718 2720
1092 1094
131 133
3614 3616
3018 3020
4573 4577
184 187
348 353
5522 5525
2995 2999
6742 6745
1813 1815
5561 5564
3628 3633
4460 4462
7321 7325
2308 2312
2732 2735
2468 2471
328 333
293 297
1456 1459
2992 2994
5101 5103
5214 5216
28 34
3465 3467
798 803
752 754
1226 1230
5437 5441
2230 2234
6137 6143
5114 5117
6768 6770
7135 7137
3788 3791
6377 6382
1702 1706
2147 2149
1398 1401
5044 5048
3773 3777
2005 2008
5696 5698
4210 4212
734 738
1176 1180
4831 4834
5856 5859
6466 6468
5671 5673
416 420
5878 5880
894 899
1061 1067
4292 4294
4981 4985
1711 1715
2217 2219
7077 7079
5836 5840
7129 7131
5426 5430
5058 5063
4544 4546
6757 6761
1916 1919
4800 4803
3320 3324
468 470
5850 5855
3688 3690
4170 4172
3235 3237
340 342
5246 5248
3551 3553
4836 4840
1208 1210
4119 4124
2881 2885
6714 6716
3777 3782
4559 4568
183 187
2002 2004
397 399
2012 2014
4265 4268
7291 7295
50 54
4246 4251
6503 6506
2084 2092
3609 3614
369 373
3820 3824
3461 3463
2949 2951
4480 4484
125 131
5812 5814
798 803
125 130
6550 6552
724 727
7181 7183
743 745
3777 3782
2301 2306
6884 6888
6223 6226
7176 7180
2312 2316
6752 6756
4559 4563
4814 4816
4955 4960
6962 6964
5396 5399
6181 6185
3616 3618
5180 5182
5215 5218
6105 6108
6191 6195
3702 3704
580 582
5445 5447
3728 3731
820 829
1564 1566
4176 4179
1876 1878
1489 1494
7164 7168
3867 3870
65 67
2777 2779
4662 4668
5785 5787
2259 2262
5092 5094
5895 5900
962 964
5971 5975
4804 4806
6085 6089
5987 5991
13 15
3512 3515
2531 2533
4886 4888
257 260
652 654
4292 4296
5164 5166
5983 5985
2891 2893
3140 3146
7074 7077
3984 3986
5826 5828
1483 1485
4506 4508
7302 7304
7366 7369
4108 4111
2673 2676
2283 2286
1175 1179
6454 6456
5998 6000
6663 6665
3614 3616
5826 5828
1021 1025
7398 7400
6608 6610
1955 1957
342 345
3499 3502
2853 2855
1544 1546
2869 2873
3562 3565
118 120
1969 1972
7497 7501
300 302
1350 1353
2707 2709
1124 1127
796 798
4439 4442
1010 1012
2039 2041
6038 6040
930 934
2945 2949
2122 2124
5619 5622
5230 5233
5180 5182
3815 3818
6739 6742
2652 2654
5541 5545
7168 7170
6038 6040
3784 3787
1739 1741
1947 1949
5954 5956
3257 3259
4177 4180
4373 4376
1589 1592
672 674
7066 7068
4492 4496
468 470
2564 2566
2017 2023
5457 5461
696 698
4941 4944
1579 1581
7011 7018
6434 6436
4111 4115
5040 5043
55 58
552 557
3317 3320
7362 7364
6220 6222
455 457
5932 5935
2902 2904
837 839
4941 4944
674 680
6455 6457
861 868
762 767
2194 2198
2967 2969
3427 3431
5998 6000
1111 1114
2002 2004
1206 1210
7202 7204
6987 6991
2422 2425
3876 3878
1427 1429
1800 1802
2392 2397
1021 1027
2720 2722
4248 4251
4099 4102
6993 6996
3625 3628
3886 3892
2073 2075
4824 4829
7055 7057
6378 6383
4538 4541
4216 4218
1108 1111
3392 3395
1438 1442
4343 4345
7150 7152
1564 1566
1860 1862
1538 1540
1067 1070
6724 6726
131 133
5074 5077
1111 1114
5142 5145
354 357
2063 2065
7494 7497
5622 5624
3598 3601
6854 6857
1430 1432
7180 7182
300 302
5746 5752
753 755
37 39
4296 4298
987 990
7439 7442
2320 2322
1233 1238
3577 3579
3465 3467
7302 7304
2366 2374
4757 4760
2696 2701
4563 4568
2848 2853
639 642
1359 1362
6818 6820
3583 3587
6712 6715
288 292
2848 2853
5437 5440
1579 1581
7221 7223
7251 7253
6703 6705
1345 1348
6694 6696
6888 6893
1554 1556
267 270
6164 6166
3844 3848
5547 5549
6127 6131
3348 3352
1445 1448
1317 1319
4754 4757
3988 3991
4869 4871
2673 2676
4757 4759
5964 5967
7427 7430
6818 6820
28 33
1416 1422
4092 4097
6533 6536
1056 1059
1909 1911
2779 2783
1917 1919
1093 1097
3286 3289
4893 4897
840 842
3369 3372
4116 4119
3446 3450
866 868
5958 5960
2953 2957
346 348
479 481
634 636
2131 2133
6413 6417
3193 3195
6320 6322
6148 6151
1028 1031
886 888
3035 3041
4309 4313
7133 7136
107 111
4338 4340
5836 5840
3443 3446
320 322
6880 6883
1489 1494
969 971
1107 1110
1251 1255
1676 1679
6909 6912
5479 5484
6669 6672
2613 2616
6849 6851
1448 1450
987 990
7262 7264
281 285
813 816
6978 6984
6575 6577
3739 3741
607 611
2231 2234
4361 4364
4424 4427
4715 4718
2536 2538
7251 7253
151 154
6812 6817
4197 4201
1856 1859
4633 4636
7124 7126
4659 4661
6991 6993
3596 3598
4084 4086
2617 2623
3218 3220
6540 6543
1255 1258
7018 7020
4797 4799
4608 4611
1473 1476
6397 6400
6956 6958
4656 4658
3016 3018
2478 2483
4351 4355
5945 5949
4925 4932
3921 3924
1675 1678
6201 6204
5962 5966
5787 5792
7035 7037
7431 7434
5607 5609
2637 2639
4455 4460
1569 1572
3704 3711
1201 1204
3429 3433
6179 6181
4544 4546
422 425
1578 1580
2235 2237
6257 6262
4427 4430
5240 5243
6403 6405
3750 3752
2436 2441
5746 5752
3223 3225
7006 7009
5355 5357
6342 6345
6822 6827
6356 6358
3773 3775
5215 5218
3089 3094
6137 6143
1056 1059
4338 4340
702 705
4197 4202
5449 5455
5260 5262
4741 4743
2224 2230
2742 2746
6072 6077
1914 1916
5628 5631
6193 6199
4065 4069
5927 5931
2024 2026
97 99
4589 4591
7308 7313
702 705
3964 3967
4705 4711
5167 5172
4021 4023
7428 7430
4598 4602
7099 7103
5305 5309
2790 2792
6933 6935
4491 4495
2810 2812
313 318
3744 3747
3329 3331
7060 7064
1887 1890
7247 7249
6090 6092
3337 3339
5360 5362
4115 4118
6078 6083
105 107
1893 1896
1183 1186
5198 5200
817 820
48 51
4926 4933
2031 2033
2673 2677
3959 3961
7497 7501
1415 1422
6999 7001
3332 3335
1336 1338
1368 1373
1720 1726
3221 3225
3769 3772
2312 2315
2436 2441
5410 5412
1416 1422
6931 6933
5649 5652
2500 2502
7281 7287
4662 4667
1841 1845
6215 6217
6809 6812
5366 5368
5586 5590
2325 2327
4026 4031
5850 5855
7281 7287
5148 5151
4383 4386
2096 2099
3166 3173
2250 2253
7177 7181
3483 3486
3623 3625
6078 6082
4042 4044
5446 5449
100 103
337 340
6472 6475
4228 4232
3681 3683
2170 2173
1610 1612
1070 1072
7075 7078
3422 3425
2044 2049
3277 3280
6909 6912
14 16
7177 7180
3080 3082
1732 1737
1641 1643
1901 1904
1416 1425
2198 2201
872 876
4108 4111
803 805
2153 2156
1582 1585
5829 5831
6078 6082
820 829
7228 7232
3081 3083
6647 6650
6051 6053
5200 5202
5446 5449
416 420
1932 1934
1339 1341
4528 4530
6850 6853
6078 6082
7199 7202
3137 3140
2005 2009
2459 2463
3447 3453
652 654
5449 5455
5000 5009
1955 1957
1002 1004
5430 5433
1503 1507
1401 1405
2399 2403
6894 6896
4235 4237
4886 4888
5309 5313
6213 6215
5412 5415
4586 4589
7416 7418
4834 4836
2744 2748
7496 7498
3908 3910
60 62
291 293
3635 3639
7011 7018
213 219
4328 4331
6222 6226
5323 5326
5991 5993
818 829
2608 2610
4067 4070
669 672
6117 6119
7359 7362
4651 4655
5321 5325
3214 3217
1401 1404
1189 1191
6600 6604
2688 2691
2413 2415
5846 5850
309 312
3272 3274
668 671
2424 2426
5612 5614
1540 1542
5761 5764
6678 6680
1762 1765
6538 6540
2136 2139
4112 4115
3079 3081
1078 1081
4172 4174
2161 2164
6843 6845
4018 4021
619 625
6226 6229
681 685
4406 4412
861 866
5144 5146
2387 2389
2136 2139
2334 2338
4688 4690
2885 2889
1206 1210
1737 1739
698 700
6909 6912
6978 6983
3892 3895
1328 1331
86 92
4455 4460
6356 6358
716 720
5106 5111
144 147
2954 2957
7330 7333
7232 7235
5335 5339
20 22
7075 7077
4844 4851
5614 5618
3468 3471
6765 6767
926 929
3019 3022
762 766
3429 3431
6880 6883
930 935
6001 6003
1337 1339
2060 2063
1149 1151
5541 5546
7186 7189
4530 4532
6317 6321
5123 5130
7401 7404
5433 5436
138 141
2484 2488
1416 1422
2785 2787
4355 4358
2206 2209
1291 1296
4904 4906
3280 3282
2514 2520
5251 5258
1841 1845
3719 3721
4846 4852
6889 6893
5235 5240
5721 5723
5795 5797
4170 4173
5064 5067
5465 5470
4870 4873
853 855
5775 5778
7359 7363
3628 3633
3886 3892
4298 4301
6488 6490
2079 2081
4832 4835
1861 1863
422 425
1021 1027
6028 6033
1744 1748
5831 5835
7048 7050
6257 6261
6742 6745
4816 4818
3795 3797
4818 4822
2189 2191
7328 7330
861 866
2639 2642
4160 4163
4355 4357
3119 3121
6900 6902
3836 3839
3429 3433
706 708
5696 5698
2961 2964
2703 2707
399 401
3360 3364
3660 3663
1684 1691
1791 1793
4323 4326
4116 4118
3140 3146
2262 2264
4098 4101
6519 6521
2709 2712
3734 3737
3706 3713
4524 4527
978 982
4750 4753
3809 3811
6634 6636
176 180
2433 2435
4105 4107
3313 3315
5663 5665
221 224
6940 6943
5935 5937
2009 2012
448 450
4112 4115
1477 1482
6132 6134
4425 4427
2483 2488
5284 5291
3402 3406
1646 1652
5652 5657
6714 6716
147 149
3289 3294
4644 4646
809 811
6589 6591
219 221
2992 2994
1498 1500
6235 6237
4296 4298
1158 1163
2247 2250
5311 5316
3536 3540
4897 4904
4736 4739
3173 3175
334 337
2696 2701
1618 1621
1865 1867
4922 4924
1041 1045
3881 3884
4766 4768
2623 2625
2778 2782
962 967
2822 2825
2817 2819
7003 7005
5149 5152
5586 5594
3509 3512
1011 1013
1559 1562
4347 4351
3488 3490
5353 5355
5635 5638
1804 1807
1155 1158
913 915
6090 6094
6467 6469
2153 2156
2483 2488
7058 7060
4417 4422
1021 1025
4111 4115
1230 1234
6944 6946
1821 1823
811 813
4298 4303
5371 5374
6239 6243
1434 1437
3921 3924
4063 4067
1407 1410
5798 5800
1607 1610
4713 4715
2800 2806
5915 5917
2375 2378
561 566
458 461
2671 2673
4316 4319
471 474
6461 6463
7115 7119
7011 7018
4296 4301
6229 6231
7111 7115
4878 4880
2590 2595
155 157
5390 5394
4691 4694
3955 3957
2478 2483
5740 5744
6295 6297
2368 2374
834 836
982 985
7064 7066
5754 5757
6173 6176
5787 5792
78 80
1661 1663
6058 6060
4837 4840
935 938
3815 3819
1273 1276
6974 6977
3570 3573
3820 3824
123 125
859 866
7109 7111
2937 2944
471 477
552 556
2385 2387
3542 3546
6916 6919
3734 3737
3285 3289
2446 2449
4092 4097
6565 6567
1230 1234
1067 1070
6354 6356
1917 1919
6105 6108
4620 4623
1158 1163
4423 4425
61 63
5273 5275
1813 1815
709 713
7176 7180
6818 6821
2673 2676
2273 2275
4910 4914
1817 1819
5653 5657
6204 6207
1319 1321
417 420
1785 1788
2701 2703
462 465
363 366
1763 1765
4335 4337
5609 5611
5160 5162
6577 6579
4224 4227
5916 5918
3052 3056
6151 6153
1531 1535
7466 7469
4780 4782
1172 1175
2420 2424
6637 6641
1838 1840
4860 4866
6193 6195
2358 2361
5074 5077
3443 3446
2199 2202
7335 7337
3609 3612
4898 4906
6818 6820
7409 7414
5196 5198
1946 1948
1283 1285
2716 2718
709 713
6674 6678
1485 1494
7475 7485
5566 5569
5764 5770
5146 5148
4536 4538
2084 2090
2992 2994
1477 1483
1172 1175
6655 6658
358 360
772 774
7289 7291
5123 5130
3193 3195
468 471
3085 3088
2240 2245
6257 6261
3743 3747
3920 3922
4368 4371
1890 1892
5123 5130
1656 1660
5764 5770
5336 5339
407 410
6889 6894
4824 4829
3713 3718
2102 2104
2697 2701
3301 3303
6119 6122
614 617
7291 7298
5066 5068
941 943
5712 5714
4347 4351
5048 5055
3390 3392
4063 4067
1159 1163
3693 3695
5795 5798
1204 1208
1521 1524
6191 6195
180 184
4897 4904
2184 2186
4661 4667
4287 4290
629 632
6987 6991
1215 1218
5774 5778
6294 6296
728 733
3641 3643
3387 3389
776 780
6968 6977
439 443
238 240
6002 6004
3784 3787
5375 5380
294 298
2350 2353
6281 6283
1569 1572
2169 2172
3583 3587
1604 1607
5826 5828
4952 4954
5406 5409
3232 3235
979 982
1214 1218
4277 4279
6586 6588
6631 6633
1505 1507
447 449
2912 2914
6257 6261
6027 6033
2585 2587
6521 6523
3472 3475
2796 2799
5179 5181
5374 5378
3455 3458
379 381
6818 6821
2972 2974
4878 4881
7062 7064
1793 1795
991 993
7050 7054
7378 7381
1598 1600
234 238
2962 2964
5507 5514
784 786
7193 7196
3806 3808
5123 5130
1869 1871
120 123
2643 2645
904 908
4425 4427
7475 7485
2928 2930
3068 3070
5856 5859
238 243
1981 1985
3654 3656
370 374
2145 2148
3832 3834
4210 4212
2344 2350
3250 3252
6836 6839
3827 3830
757 759
3416 3421
7475 7485
3753 3755
2800 2806
4683 4685
3139 3146
3289 3293
4386 4389
4904 4907
18 22
1121 1124
1151 1154
940 942
4612 4616
2687 2691
2122 2124
1127 1136
5152 5154
2931 2935
1986 1991
2683 2685
367 369
1569 1572
3355 3357
5962 5966
3690 3692
6902 6905
3299 3301
3044 3046
1086 1088
1194 1199
1502 1505
3073 3075
6083 6085
1947 1949
3819 3824
477 479
1569 1572
236 238
4777 4779
500 503
7024 7031
2732 2735
2476 2478
2497 2500
3254 3257
6949 6951
7346 7348
115 117
6939 6941
1893 1895
50 54
2064 2066
5641 5645
6538 6540
3540 3542
1673 1676
1234 1238
1783 1787
4008 4012
6316 6320
1198 1201
370 374
2464 2467
1767 1769
3702 3704
1389 1391
2338 2343
5880 5884
4970 4972
2566 2568
3441 3443
5183 5185
5196 5198
563 567
869 875
5559 5561
3661 3664
1085 1087
4428 4430
7225 7228
6370 6372
6536 6539
2438 2441
4532 4535
281 285
5285 5296
524 527
3427 3429
7374 7378
1117 1120
4169 4172
5057 5059
3438 3440
5477 5481
4868 4870
4455 4461
393 396
5044 5055
3881 3883
6742 6745
328 333
7475 7485
1266 1268
6161 6164
4559 4563
1985 1987
3089 3094
3540 3543
514 516
2103 2105
2999 3001
1165 1169
7485 7487
4532 4535
663 665
4751 4753
4298 4303
6477 6479
615 617
4397 4401
1356 1358
5353 5355
7045 7048
167 169
6406 6409
6917 6921
5954 5956
5164 5166
2584 2587
4086 4088
4521 4523
6553 6556
4065 4067
5927 5931
3493 3497
130 133
341 344
3566 3570
5339 5341
967 969
2618 2623
2344 2350
4435 4437
7164 7168
2563 2566
4854 4856
5235 5240
1463 1465
6210 6212
3010 3013
1291 1296
4662 4667
500 506
383 385
1028 1031
788 790
715 719
1758 1760
373 376
1103 1105
7186 7188
2320 2322
5243 5247
3047 3050
6820 6822
2922 2925
6099 6105
6283 6286
2286 2288
3348 3352
6148 6151
3063 3066
408 410
500 506
4157 4160
2017 2020
6134 6137
1835 1837
7374 7378
4406 4411
3324 3327
7136 7141
414 417
2333 2338
6323 6327
2673 2676
125 131
1748 1753
3050 3055
3704 3711
5927 5932
1615 1618
5073 5077
6561 6564
3896 3898
462 465
3574 3576
3838 3840
3175 3178
6292 6294
6754 6757
1718 1724
4910 4915
328 333
4753 4756
3756 3761
4680 4682
775 780
1736 1738
2783 2785
4092 4097
5580 5584
5682 5685
3264 3266
1381 1383
5518 5521
4063 4065
4079 4081
4589 4591
4697 4699
5995 5998
3512 3515
5923 5927
6390 6393
4763 4765
7465 7468
3455 3458
124 130
4740 4742
4340 4342
6110 6115
7190 7193
1264 1266
6683 6688
2271 2273
7135 7137
2301 2308
1598 1600
7115 7119
2298 2306
176 178
4118 4122
81 83
494 497
3784 3787
3418 3421
6323 6327
4027 4032
3963 3967
3628 3630
2804 2806
5321 5325
1434 1437
6878 6880
1689 1691
3787 3790
5515 5517
2800 2806
217 220
6087 6089
3306 3308
3881 3883
5522 5528
5917 5919
5302 5304
4395 4397
6347 6349
7182 7184
2903 2906
6186 6188
1613 1615
4182 4185
4045 4049
1916 1919
5476 5479
5518 5520
2023 2025
2002 2005
6510 6512
1108 1110
917 919
4787 4792
204 206
6665 6667
6627 6630
2904 2907
7444 7446
2902 2904
2137 2139
1997 2000
2502 2504
1061 1065
7468 7472
1967 1972
2270 2272
3840 3842
1850 1853
6108 6110
6028 6033
925 927
115 118
1127 1136
644 647
2766 2768
6906 6908
7087 7091
4098 4101
583 585
3825 3828
4104 4107
6579 6581
5415 5419
1771 1773
6264 6267
3633 3635
831 834
183 187
5608 5610
1765 1767
4819 4824
1299 1302
552 556
6450 6452
5251 5258
6460 6462
737 739
619 626
4004 4006
2917 2919
1485 1489
853 855
4983 4987
809 811
2358 2361
3438 3440
3490 3493
6414 6419
85 87
3070 3073
1234 1239
1713 1717
1225 1229
6486 6488
4323 4325
4599 4602
1865 1867
1508 1510
3160 3162
4101 4104
4373 4376
5057 5059
6880 6883
1672 1675
4148 4151
5465 5468
2017 2020
1301 1303
1710 1713
3310 3312
3022 3029
2644 2648
6877 6879
5137 5139
1009 1011
5277 5280
5080 5082
359 361
6987 6992
3605 3608
3562 3564
4018 4021
2183 2186
3487 3489
3943 3947
3000 3003
7119 7121
6693 6695
7468 7472
6722 6725
1854 1856
6004 6006
1422 1425
2570 2572
5867 5870
4630 4633
617 625
6378 6382
3728 3731
6111 6115
1107 1110
813 815
158 161
7186 7189
1485 1489
2266 2269
7180 7182
1646 1652
6436 6444
1656 1661
7393 7397
2073 2075
7181 7183
1503 1507
5208 5212
4674 4676
2312 2315
2132 2134
2516 2520
6226 6230
6950 6952
3108 3111
6786 6791
1737 1739
2334 2338
5357 5359
2387 2390
6608 6610
379 382
7485 7492
1037 1039
420 425
831 834
5525 5528
6339 6342
7423 7425
7475 7485
2584 2587
904 907
677 680
5610 5612
5590 5594
5146 5148
2929 2931
6520 6523
159 161
2536 2538
3706 3713
1015 1017
702 706
327 333
1373 1376
195 198
5596 5602
468 471
4417 4422
7037 7039
6455 6457
5574 5578
5602 5604
3767 3769
5374 5378
713 716
1477 1482
6016 6021
7261 7263
7241 7246
7365 7368
7299 7302
5357 5359
6472 6475
5410 5412
816 818
2284 2287
910 913
2667 2669
5353 5355
1365 1368
1602 1604
5746 5754
796 802
1598 1600
6991 6993
6071 6076
4313 4316
7177 7180
6941 6944
951 953
4116 4118
1234 1238
1097 1099
7414 7416
2746 2750
1987 1991
538 540
2322 2325
1191 1193
3080 3082
5149 5152
4455 4460
6946 6949
1737 1739
3659 3661
500 503
5094 5096
4227 4231
7177 7180
5036 5038
3540 3543
1715 1718
178 180
2194 2198
7414 7418
6774 6776
2550 2553
2219 2222
3483 3486
5808 5812
5097 5101
2673 2677
98 100
944 947
325 328
1554 1556
5457 5460
6000 6002
3601 3603
4256 4266
6369 6371
1730 1732
4004 4007
5978 5982
4137 4140
3744 3747
3352 3354
6924 6926
87 92
4933 4937
6978 6983
775 780
6704 6706
7060 7062
104 107
869 872
5762 5764
5313 5318
3488 3490
5165 5167
5999 6001
5415 5419
6721 6724
6786 6790
4433 4435
6730 6732
6943 6946
4751 4753
7048 7054
2756 2760
6946 6949
2392 2397
3303 3306
1448 1450
6308 6310
2513 2516
3551 3554
6321 6323
3106 3108
4886 4890
3154 3158
4861 4866
1157 1159
7020 7022
2099 2102
6431 6434
4485 4489
3149 3151
6514 6517
4751 4753
2945 2949
1792 1794
7385 7389
6037 6039
1664 1667
4735 4738
5880 5884
6762 6765
5247 5249
6092 6095
6166 6169
7393 7397
1291 1296
6041 6045
3739 3741
7056 7058
534 538
28 33
5123 5130
3108 3111
1636 1638
5492 5494
370 373
2443 2446
4379 4382
724 727
3506 3508
3925 3928
1538 1540
293 297
4495 4497
3859 3861
541 546
2450 2453
3235 3237
4740 4742
6428 6430
3360 3363
7123 7125
893 895
1429 1431
806 808
5867 5870
1422 1426
2009 2012
5415 5417
1204 1208
6709 6712
2075 2079
2823 2825
2147 2149
1883 1886
1446 1449
6311 6315
1471 1473
1773 1777
5363 5365
4918 4922
5152 5154
3675 3677
6849 6851
4680 4683
6191 6195
6414 6419
5798 5800
3564 3566
4101 4104
1405 1410
5130 5136
2114 2116
6693 6695
3344 3346
5794 5797
7184 7188
4140 4144
1273 1276
2136 2139
5489 5491
3111 3114
2844 2847
325 327
3892 3896
303 305
87 92
4760 4762
2364 2366
4944 4946
2557 2559
1591 1594
508 510
6800 6803
2623 2625
5048 5055
6898 6900
4183 4185
2459 2463
5795 5797
4759 4762
5235 5240
4814 4818
767 771
1268 1273
5795 5797
1604 1607
4720 4726
5884 5888
4355 4358
2366 2374
3246 3248
3558 3562
1799 1802
4498 4502
6514 6517
706 709
3750 3753
7348 7350
1401 1404
5888 5892
430 433
3739 3741
1 7
2804 2806
4469 4472
7050 7055
5101 5103
4207 4209
1245 1248
4486 4489
2978 2980
5172 5175
7494 7496
5104 5106
3566 3568
1088 1092
6426 6428
1780 1783
4630 4634
3335 3337
6646 6648
535 538
2603 2605
3791 3793
5204 5207
4735 4738
1921 1923
6777 6779
668 671
6473 6475
1373 1376
4964 4969
1430 1432
5531 5533
5465 5468
4856 4858
6125 6130
4417 4423
7349 7351
4112 4116
6749 6751
1054 1056
3357 3359
3695 3698
4498 4502
6964 6974
4135 4140
2981 2984
4662 4667
4795 4797
1434 1438
1873 1876
6051 6053
3151 3154
578 580
3558 3562
2472 2474
6351 6354
7401 7404
3020 3029
4224 4227
617 619
354 357
3551 3554
1609 1611
6396 6398
5602 5604
1069 1071
6791 6797
4607 4611
1267 1273
2017 2020
1185 1189
2419 2422
3814 3818
1589 1592
133 135
3578 3580
499 503
5758 5760
6390 6393
696 698
4718 4720
3955 3957
2584 2587
3594 3596
633 635
28 34
4256 4265
4256 4265
607 610
2790 2792
7208 7211
4674 4676
7150 7158
6137 6143
3634 3638
200 202
2464 2467
6565 6567
1965 1967
2444 2446
217 219
4197 4202
1966 1969
1449 1451
18 20
3820 3825
2812 2815
2508 2510
1144 1147
1839 1841
5353 5355
6247 6251
7313 7319
3299 3301
3868 3871
3235 3241
1921 1923
5183 5188
4224 4228
4736 4739
133 135
7011 7013
1904 1907
4875 4878
4831 4834
362 366
1318 1320
422 426
6076 6078
2110 2113
2446 2449
1891 1893
2987 2990
4873 4875
1936 1938
1544 1546
1518 1520
3307 3309
1617 1621
383 386
7022 7024
3756 3762
5841 5846
961 964
58 60
948 950
3584 3588
1631 1635
3436 3438
5235 5242
6137 6143
2231 2234
2819 2822
7211 7213
4720 4726
5995 5998
1362 1364
4130 4132
6377 6382
3175 3178
3558 3562
7122 7124
5856 5859
5073 5077
6555 6560
6358 6361
146 149
313 319
4180 4183
2524 2528
1356 1358
5419 5421
313 318
5515 5517
13 15
7487 7494
1326 1328
2355 2358
3880 3883
5216 5219
958 961
4831 4834
6996 6999
2750 2752
5137 5141
4105 4108
2890 2892
3440 3442
1808 1812
3885 3892
654 658
552 556
4480 4484
744 746
6445 6449
6695 6697
2301 2306
6694 6696
5079 5082
1234 1238
1412 1414
5145 5147
4979 4981
6467 6469
1773 1777
490 492
4105 4107
5578 5580
1560 1563
7278 7281
6880 6884
6999 7003
4439 4445
2553 2557
924 926
688 691
2397 2403
6436 6444
1354 1356
3673 3675
4345 4347
6143 6145
5956 5958
6888 6893
3119 3121
1709 1711
2744 2748
194 198
594 596
5757 5760
474 477
2650 2654
7248 7250
3692 3695
1815 1817
941 943
140 142
5840 5843
2375 2378
6450 6452
2691 2694
6757 6761
6207 6210
7453 7456
5082 5086
4976 4979
885 888
3964 3967
628 632
1432 1434
3477 3483
4425 4427
1952 1955
3608 3612
2084 2090
404 407
5734 5736
6538 6540
6915 6917
783 785
1248 1250
2036 2039
2105 2108
3438 3440
3731 3734
3756 3761
820 829
2814 2816
6405 6407
5792 5794
5136 5139
2375 2378
3146 3149
2294 2297
133 135
2119 2122
4563 4568
592 594
2643 2645
5687 5689
2139 2141
2613 2616
4667 4670
3881 3883
6623 6627
3429 3431
6078 6082
3982 3984
7043 7045
4115 4118
776 780
4877 4880
4415 4417
1461 1463
5321 5325
4957 4961
3752 3755
3218 3220
6714 6716
2250 2255
3849 3852
6739 6742
1114 1117
6538 6540
582 584
5571 5573
4498 4502
4256 4265
4559 4568
2618 2625
1067 1069
1914 1916
1251 1255
6253 6257
935 938
2266 2269
5327 5329
3630 3633
3960 3962
693 698
3902 3908
370 373
2235 2237
334 337
3324 3328
3438 3441
561 563
743 745
895 900
4092 4097
1987 1991
2778 2782
2338 2342
1629 1631
5162 5165
4491 4495
4343 4345
1245 1248
4266 4268
2667 2669
3295 3297
1614 1617
2182 2184
2820 2823
4463 4467
4417 4422
5890 5895
658 660
7295 7298
3525 3532
5230 5233
5216 5218
2306 2310
1841 1843
5216 5219
5507 5509
248 250
831 834
5219 5221
4743 4746
2124 2127
4203 4207
6785 6790
4961 4963
1354 1356
2227 2231
6222 6226
7327 7329
2816 2818
634 636
6699 6703
6409 6412
7475 7485
2966 2968
1463 1467
3540 3542
6470 6472
3777 3782
5273 5277
4228 4232
3175 3178
3577 3579
6581 6583
3975 3978
2368 2374
1615 1618
3105 3107
6108 6111
4771 4773
353 356
5603 5605
1931 1933
5219 5222
1985 1987
1041 1045
7281 7288
3477 3483
6046 6049
979 982
1834 1836
3379 3383
964 967
2673 2676
2806 2808
2725 2729
3695 3698
3422 3425
961 964
7085 7087
6323 6327
3898 3900
6284 6288
5658 5660
6308 6310
3158 3160
702 706
4754 4757
2688 2694
5962 5966
4412 4415
3490 3493
4063 4065
1172 1175
3272 3276
6127 6130
2256 2258
7198 7202
3533 3535
2593 2595
6564 6567
417 422
7259 7262
1405 1410
3494 3497
2231 2234
6906 6909
7381 7385
3146 3149
6132 6136
2603 2605
4305 4309
1581 1585
6952 6956
3205 3211
583 585
3609 3612
2392 2396
5698 5701
2796 2799
6221 6223
7217 7221
5155 5158
4704 4711
3418 3421
2588 2590
2974 2978
1824 1827
2277 2280
1243 1245
2520 2523
997 1000
3369 3373
6053 6057
3315 3317
698 700
5629 5633
4993 4995
1749 1753
3324 3328
6290 6292
4816 4818
6320 6322
6797 6802
6185 6187
1443 1446
5806 5808
3202 3205
4393 4395
2855 2857
4523 4527
6281 6283
4038 4041
4415 4422
5968 5970
2075 2079
4379 4382
4427 4430
306 308
1165 1169
607 610
7233 7236
6514 6517
3711 3713
4688 4691
7048 7054
5389 5393
5561 5564
4166 4169
5910 5913
5561 5563
492 496
2441 2443
2964 2966
1308 1310
6627 6631
2316 2320
4486 4489
5900 5904
954 957
322 327
5504 5507
4296 4298
2677 2680
6410 6412
2979 2981
1084 1086
1765 1769
6917 6919
3886 3892
847 851
6155 6158
6803 6805
3160 3162
7109 7111
3047 3050
1105 1107
5764 5770
6417 6421
7304 7308
5499 5504
534 538
5016 5018
6009 6012
26 28
5204 5207
6739 6742
1986 1991
3089 3094
4612 4616
3214 3217
639 642
3568 3572
1643 1646
6212 6215
921 924
1 8
4141 4145
6812 6817
2432 2435
1386 1389
3369 3372
1742 1744
2954 2958
4464 4468
6596 6599
7033 7035
2553 2558
4453 4455
3926 3928
3219 3221
345 347
1477 1483
4337 4340
263 265
6400 6403
6078 6082
1667 1670
4132 4137
1531 1535
3783 3785
6726 6730
7019 7021
6237 6242
6087 6089
6661 6663
5472 5475
6226 6229
6954 6956
7217 7221
2084 2092
4916 4918
558 560
1717 1720
300 303
5404 5406
6235 6237
604 606
2730 2732
1344 1346
1928 1930
4246 4251
3022 3029
4584 4587
674 677
7369 7374
7485 7487
3459 3462
468 471
6837 6841
6134 6136
883 885
2687 2691
6526 6529
2574 2576
841 843
5240 5242
2116 2118
3233 3235
1471 1473
1967 1972
6909 6912
3289 3294
2037 2039
5223 5226
5366 5368
2810 2812
6257 6261
4646 4648
6054 6057
7264 7268
7039 7041
3934 3938
341 344
3873 3876
7119 7122
4983 4985
3755 3761
6317 6320
2697 2702
6734 6738
5570 5573
5987 5990
4548 4555
2179 2183
4305 4310
5897 5900
1407 1411
5409 5411
3885 3892
4057 4061
1681 1683
4269 4274
6859 6865
6873 6877
4881 4884
4995 4998
1288 1291
4861 4866
7007 7009
2917 2919
4856 4858
3477 3483
6905 6908
3628 3633
6984 6987
2134 2136
1959 1961
5949 5952
3462 3464
5426 5432
138 141
2139 2141
1416 1422
691 696
1544 1546
569 571
1042 1045
1078 1082
164 168
1573 1577
4353 4355
5978 5982
3110 3113
889 892
3506 3508
660 663
2695 2697
1373 1376
3140 3146
3645 3648
1643 1646
527 530
3603 3606
3878 3880
1631 1635
1364 1368
3509 3511
1832 1835
886 889
3630 3634
6467 6469
3264 3266
125 130
7208 7210
1414 1416
4811 4813
5705 5708
7437 7439
4514 4519
6417 6421
4705 4711
6417 6421
1827 1830
2468 2470
5775 5778
4188 4190
5739 5744
1670 1673
1194 1198
4720 4726
2623 2628
1893 1895
3910 3912
4256 4265
2563 2566
1661 1664
6957 6959
5000 5009
256 259
3564 3566
7094 7096
1715 1718
1967 1969
252 256
6858 6861
2306 2310
4035 4038
5394 5397
6378 6382
5162 5165
5410 5412
5731 5733
3065 3068
2253 2255
5360 5362
2861 2863
811 813
2173 2176
486 489
6601 6605
1972 1975
5547 5549
3299 3301
7338 7340
2893 2895
7204 7207
5207 5209
3374 3376
999 1001
4611 4615
5120 5122
4433 4435
1709 1711
1401 1405
1639 1641
4092 4097
7115 7121
3066 3068
6384 6389
2417 2419
2124 2127
6785 6790
2165 2168
7217 7221
5596 5601
1025 1027
5436 5440
5775 5778
28 33
2366 2374
2298 2301
7359 7363
4768 4771
1102 1104
5787 5792
1925 1929
4366 4368
1556 1558
1878 1881
2438 2441
4811 4814
4591 4593
4538 4541
5903 5905
3702 3704
5313 5318
4626 4630
4969 4972
2308 2310
4119 4124
4974 4976
776 780
7025 7031
6130 6132
5425 5430
1726 1728
3669 3671
1322 1326
2725 2728
7115 7119
7439 7444
4118 4122
4716 4719
191 193
6100 6105
5836 5840
5938 5940
3085 3089
911 913
767 769
1757 1759
5590 5594
4076 4081
3820 3825
2012 2015
6536 6538
2895 2898
85 87
2153 2155
5285 5291
6077 6082
4898 4904
4556 4559
2975 2979
2900 2902
1699 1701
6405 6407
4296 4301
2640 2643
4795 4797
2898 2900
278 280
2830 2833
3892 3895
7131 7135
7025 7031
6327 6330
1992 1994
2092 2095
1365 1368
4926 4932
4237 4241
530 534
4006 4008
1994 1997
5153 5155
4787 4789
5331 5334
4974 4976
6812 6817
4524 4528
2327 2329
1791 1793
4741 4743
2101 2103
357 359
7432 7435
3773 3775
2247 2253
1013 1015
3131 3134
7475 7485
7142 7146
5213 5215
728 733
3477 3483
5331 5335
1542 1546
6320 6322
4729 4731
4116 4118
5895 5900
6610 6612
5086 5089
7221 7223
2157 2159
3433 3436
838 840
422 425
6873 6877
1082 1084
4668 4671
5251 5255
4037 4040
490 492
2005 2008
1169 1171
1407 1410
1463 1465
6466 6468
979 982
5291 5296
2292 2295
6342 6345
3261 3264
3407 3409
6169 6174
348 353
5166 5169
117 119
2964 2966
7182 7184
5558 5560
6828 6834
6254 6261
5528 5530
3580 3582
4599 4602
3753 3755
5596 5601
5070 5073
655 658
3408 3412
2937 2939
4993 4995
3464 3466
3182 3188
5539 5541
4926 4932
5609 5611
1904 1907
2033 2035
7291 7295
2104 2108
2818 2820
1018 1025
3515 3517
4392 4394
5270 5275
6108 6110
5136 5139
6648 6650
3442 3446
1604 1607
861 868
4427 4430
1711 1713
3849 3852
2628 2630
6072 6076
1818 1820
4746 4749
4878 4881
3421 3423
3971 3973
4718 4720
34 37
2084 2090
287 291
46 50
6572 6574
5064 5067
5726 5729
59 61
3920 3922
4069 4074
4697 4699
5850 5855
4213 4217
6223 6226
6599 6601
1676 1678
4651 4655
2746 2748
2516 2520
5836 5840
7400 7404
2364 2366
859 861
6613 6615
199 201
6699 6703
5215 5218
6627 6630
7128 7130
5829 5833
3384 3386
363 367
835 837
644 648
6317 6321
2848 2854
2722 2725
3182 3188
4179 4182
5064 5067
1042 1045
5545 5547
691 693
435 437
2789 2791
4814 4818
1364 1368
1097 1099
3599 3601
1458 1461
709 713
2703 2707
2264 2266
6682 6688
164 167
1779 1782
3077 3079
635 637
7091 7094
4612 4616
5385 5388
7275 7278
1365 1368
2827 2829
1404 1407
3828 3831
2568 2570
5614 5618
6166 6173
1572 1577
4283 4289
2284 2286
6066 6071
1249 1251
3333 3337
4904 4906
5155 5158
4693 4695
5230 5233
3052 3055
4830 4832
1311 1314
2495 2499
5574 5576
3693 3695
1214 1218
6426 6428
3223 3229
5464 5468
5643 5645
4728 4730
3489 3492
7073 7075
5430 5432
3125 3128
4620 4623
240 243
3533 3536
4275 4277
1957 1959
4437 4439
3237 3241
3116 3119
6257 6261
5987 5990
1631 1635
6323 6327
1589 1592
3727 3731
3881 3883
2645 2648
6229 6231
4393 4395
5139 5141
4972 4975
972 978
2027 2031
5549 5551
5120 5122
2533 2535
1394 1396
2192 2194
3752 3755
7186 7188
5605 5608
584 586
6691 6694
1702 1706
2973 2975
6154 6156
1931 1933
4584 4587
3512 3515
2764 2768
1078 1082
820 829
6919 6921
4210 4212
3507 3509
5586 5590
6674 6677
5402 5405
2436 2441
2192 2194
3909 3911
6827 6829
1244 1246
1609 1611
5516 5518
437 439
1489 1494
2478 2482
6108 6110
3886 3892
4216 4218
4659 4662
3106 3108
1002 1004
3573 3575
4721 4726
86 92
6911 6914
4992 4994
107 113
5112 5117
5688 5691
5775 5780
6267 6269
2316 2320
2682 2684
4097 4099
2756 2760
1391 1393
4684 4686
6028 6033
3391 3394
46 48
356 358
5243 5246
2939 2944
4330 4332
4151 4155
5097 5101
5068 5070
4789 4793
2952 2954
2075 2081
3020 3029
7163 7168
5633 5635
5555 5557
231 233
4630 4633
4972 4974
649 652
5923 5925
2820 2822
4814 4818
5192 5194
5574 5576
4242 4245
5539 5541
6267 6271
3509 3511
4374 4377
2206 2209
5359 5361
2664 2666
4869 4871
3677 3679
4269 4273
5209 5212
6797 6800
1045 1047
4004 4006
4641 4644
6627 6631
4228 4231
5397 5399
1744 1749
6917 6921
4640 4643
2666 2669
6614 6616
3098 3100
282 286
413 416
2123 2127
1728 1731
7264 7268
2665 2667
597 603
5120 5122
5522 5525
4837 4840
3369 3372
7313 7318
2059 2063
5074 5077
6001 6003
2436 2438
75 78
7351 7353
3063 3065
4243 4246
7115 7119
2456 2459
7043 7045
1802 1806
3713 3717
5204 5207
3406 3408
5291 5299
4351 4355
2746 2750
5829 5833
4237 4242
131 135
4213 4217
4690 4693
2361 2363
2290 2292
6247 6251
1829 1832
4819 4822
2442 2444
3962 3964
150 153
1950 1953
3252 3257
4406 4411
6658 6661
1384 1388
5596 5601
6517 6520
3886 3892
2673 2677
5249 5251
4056 4061
1245 1248
2569 2571
1665 1669
982 985
1917 1919
6866 6869
1997 2000
2830 2833
7461 7463
540 546
552 556
4027 4031
6021 6024
5200 5202
4401 4405
5465 5470
2363 2365
6650 6654
6137 6143
1823 1825
3339 3342
6521 6523
270 273
7137 7141
1777 1779
6716 6718
2124 2127
757 759
6608 6610
2684 2687
3641 3643
6802 6804
4549 4556
752 754
1224 1226
507 509
4391 4393
1033 1036
6733 6738
6049 6051
4974 4976
5265 5267
4878 4881
4137 4141
6873 6877
6063 6065
1221 1224
6858 6861
1646 1652
4084 4087
2343 2346
3634 3638
7473 7475
4108 4111
4338 4340
2893 2896
5729 5731
2380 2384
3704 3711
5169 5175
5204 5206
6827 6829
7058 7060
3775 3777
1681 1683
4704 4711
6125 6127
2389 2391
649 652
5335 5339
2655 2658
3568 3570
6908 6911
6444 6448
5712 5715
86 92
7236 7238
7322 7325
4832 4834
5026 5030
1427 1429
6400 6403
4521 4523
3919 3921
7074 7077
3359 3363
5696 5698
6984 6986
6774 6776
997 1000
1407 1410
3108 3110
3348 3354
4926 4932
7453 7457
4202 4206
1792 1794
5770 5773
6968 6977
880 883
3440 3442
2559 2562
662 665
1933 1935
5185 5188
5915 5917
1179 1181
5800 5802
4875 4878
2168 2170
4130 4132
7068 7070
927 929
4242 4245
1158 1163
3711 3717
6757 6762
5878 5880
7327 7329
4316 4319
6463 6466
2134 2136
4056 4061
3554 3558
6195 6199
948 950
6725 6728
2186 2189
598 603
153 155
3683 3686
849 852
4151 4155
2934 2936
4411 4415
2593 2595
5819 5823
2164 2166
3630 3634
1806 1808
1111 1114
1742 1744
4438 4442
87 92
2292 2295
2223 2227
7094 7096
3638 3640
6961 6963
271 273
6407 6409
3280 3282
1614 1617
3180 3182
279 281
5243 5246
1792 1794
1600 1602
3335 3338
2618 2623
7048 7050
2968 2971
363 366
7393 7398
7369 7374
3486 3488
180 183
3503 3507
3762 3765
4183 4185
3700 3702
1364 1368
105 111
3863 3867
946 948
1308 1310
5033 5035
6909 6912
1398 1401
6964 6968
5300 5302
4448 4450
3667 3670
4768 4771
691 693
3679 3683
5362 5364
2773 2776
7325 7327
370 373
3925 3928
5537 5540
5906 5908
1233 1238
4151 4156
1224 1226
3250 3252
2811 2814
2059 2063
5396 5399
5611 5613
3100 3103
485 489
2468 2470
798 802
6314 6316
3864 3868
6797 6800
6362 6364
3525 3532
4544 4546
2823 2825
6812 6817
2638 2640
1050 1052
146 149
6493 6497
1097 1099
6475 6479
6812 6817
3542 3546
2320 2322
4403 4406
1438 1442
5534 5537
4417 4422
2166 2169
2084 2090
5352 5354
1438 1442
420 422
5048 5055
7453 7456
1907 1909
2071 2075
2059 2063
5877 5879
903 907
7212 7214
6223 6226
4032 4035
5035 5038
1310 1314
7172 7176
2858 2862
3223 3229
603 605
3886 3892
4869 4871
1182 1185
755 757
1689 1694
6453 6455
3721 3726
4671 4674
2937 2939
737 739
3154 3160
758 762
2917 2919
1416 1425
3431 3436
1603 1606
2433 2436
5609 5611
1925 1929
4736 4738
7472 7475
5879 5884
3286 3289
4126 4130
7250 7252
724 726
5917 5919
6372 6378
6231 6233
1265 1267
6633 6635
886 889
4427 4430
4222 4224
5100 5103
7164 7168
5927 5931
7141 7144
3690 3692
445 447
4163 4165
4960 4962
3701 3704
7459 7463
1489 1495
4282 4287
5360 5362
5715 5720
1700 1702
5746 5752
580 582
2853 2855
4678 4680
7275 7281
2652 2655
5346 5352
1560 1562
6734 6738
1031 1033
3733 3737
1446 1448
5121 5123
5521 5525
2736 2744
6281 6284
3465 3467
4296 4301
5867 5869
3471 3475
607 610
1829 1832
1373 1377
5673 5675
7408 7412
1268 1273
5460 5463
6489 6491
3701 3704
4934 4939
2108 2111
2703 2707
454 457
5653 5657
4539 4541
1287 1290
5915 5917
3205 3211
24 28
5345 5352
829 831
2848 2853
6873 6877
7119 7121
111 115
376 379
4194 4197
103 105
125 130
2848 2853
3010 3014
5856 5859
1215 1218
5915 5917
2732 2735
4055 4057
1992 1996
238 240
6099 6105
672 677
6581 6583
514 516
4025 4027
2839 2843
4427 4430
5446 5449
7174 7177
2166 2168
5732 5734
1749 1753
6472 6475
654 658
852 854
6083 6085
2182 2184
2227 2230
5715 5720
7137 7141
1556 1559
2928 2930
1201 1204
3727 3731
5860 5863
4406 4411
3536 3539
6041 6045
4800 4803
5131 5136
6220 6222
4646 4649
6807 6811
7412 7416
4266 4269
1255 1258
769 771
2012 2015
6125 6130
5934 5936
1823 1825
2211 2214
895 899
1390 1392
4319 4322
3431 3433
5313 5316
6479 6481
5761 5764
2684 2687
2570 2572
7475 7485
6190 6193
3886 3892
5183 5188
6276 6278
4266 4268
3089 3096
1172 1175
581 583
5923 5925
3324 3328
2866 2869
328 333
1661 1663
7428 7430
6230 6232
3468 3470
7271 7274
6786 6790
6643 6647
6249 6252
1569 1571
1898 1900
3704 3706
6951 6954
1923 1928
6806 6809
2815 2817
6195 6199
1025 1027
5406 5409
2403 2408
342 344
3241 3246
585 587
5787 5792
6742 6746
6323 6327
1401 1404
626 628
4794 4796
1868 1870
6647 6650
4453 4455
4243 4245
5330 5334
4086 4088
4963 4968
3918 3920
5131 5136
171 173
5531 5533
3568 3570
1857 1860
6674 6677
1332 1334
3212 3215
7259 7262
7299 7301
3084 3088
1395 1397
7449 7451
3180 3182
6300 6305
6323 6327
1279 1282
4630 4634
7133 7136
5413 5415
3785 3788
2684 2687
5503 5507
7013 7019
1016 1018
420 422
1348 1350
3540 3542
4361 4364
5355 5358
6458 6460
282 286
5602 5604
7385 7389
5736 5738
1305 1308
5345 5352
6556 6560
2102 2104
5571 5573
1088 1092
6622 6626
6207 6210
2250 2253
1076 1078
1121 1127
7325 7327
5077 5079
1542 1544
286 288
2673 2676
4209 4212
3134 3137
4873 4875
3961 3963
5822 5825
5226 5229
2473 2476
1226 1229
1443 1446
7465 7468
5641 5643
5339 5341
3174 3176
2916 2918
3993 3996
2101 2103
6137 6143
6691 6694
3364 3367
1461 1465
785 788
6861 6866
5985 5990
3465 3467
3820 3825
4201 4203
2270 2272
4894 4897
4853 4856
4132 4135
1985 1987
2975 2978
2151 2155
3558 3560
5917 5919
1138 1140
7158 7162
1078 1081
6119 6121
5923 5925
4751 4754
1965 1967
5739 5744
4335 4337
7083 7085
1115 1117
1259 1262
4521 4523
3782 3784
4944 4946
3805 3808
51 54
869 872
100 103
5375 5378
3237 3246
5729 5731
4890 4893
632 634
5941 5944
5255 5258
1635 1637
540 546
1502 1505
4144 4148
2433 2435
4021 4024
3139 3146
5225 5228
2151 2153
2714 2716
805 807
3777 3782
2975 2978
6105 6108
5705 5708
853 855
2922 2926
2590 2593
4210 4213
5449 5455
1871 1873
1702 1705
1607 1610
693 698
6974 6977
3916 3918
970 972
5647 5649
2623 2628
5303 5305
4166 4169
647 649
6677 6679
5993 5996
3121 3125
820 829
1268 1273
2389 2391
4119 4122
2804 2808
1656 1660
2694 2696
1028 1031
7104 7108
6397 6400
4926 4932
6683 6688
3483 3486
5123 5131
3912 3915
7451 7456
882 885
6583 6586
3060 3063
6459 6461
273 275
2677 2680
491 494
2607 2609
5082 5086
1319 1321
2139 2142
4045 4051
7244 7246
4789 4793
7168 7170
3886 3895
402 406
2240 2245
1365 1373
1917 1919
4894 4897
5044 5048
6873 6878
4469 4471
4662 4667
3237 3241
5216 5218
1969 1972
2334 2342
4668 4670
7199 7204
6340 6342
6436 6444
333 337
3131 3134
6205 6208
2790 2792
4024 4026
2793 2796
1016 1018
7048 7050
4937 4940
4763 4765
6509 6511
4621 4623
2768 2770
7176 7180
3587 3589
2655 2658
2124 2129
3137 3139
6424 6426
6049 6051
6397 6400
319 321
5010 5012
5764 5770
1456 1458
1176 1179
2808 2810
4988 4990
2658 2660
3409 3412
4231 4233
5570 5573
7097 7099
6525 6527
7346 7348
6791 6797
7093 7095
1283 1285
5142 5145
7176 7180
5328 5330
808 810
6342 6346
520 524
7111 7113
1384 1386
7253 7255
6463 6466
4061 4065
5251 5255
3137 3140
3507 3509
2563 2566
3125 3128
7425 7427
3675 3678
920 923
3487 3489
3560 3562
2995 3000
2748 2751
4425 4428
4686 4688
7431 7434
7094 7096
5259 5261
3281 3283
5531 5534
3860 3862
7485 7487
6699 6703
751 753
5086 5088
4393 4395
7090 7093
3162 3164
3550 3553
7104 7109
4099 4102
4388 4390
6006 6009
2634 2636
4668 4671
3755 3761
1607 1610
6987 6991
209 213
5335 5339
5636 5638
3653 3655
1511 1514
369 373
1365 1368
3415 3418
7313 7318
6410 6413
2017 2020
6467 6469
7327 7329
3815 3818
4947 4949
4523 4527
3272 3276
4760 4763
7269 7273
2117 2119
5326 5328
5064 5066
7431 7434
5653 5657
4207 4210
4196 4201
334 337
6547 6550
5082 5085
6387 6390
5089 5091
3364 3368
2677 2679
4360 4364
5326 5328
5740 5744
1042 1045
1900 1903
1900 1903
972 978
2295 2298
6488 6490
6491 6493
3584 3587
2843 2847
2034 2036
1097 1099
459 461
3924 3926
6123 6125
619 625
2159 2164
5561 5564
6503 6508
55 57
275 278
7322 7325
5366 5368
6872 6877
2159 2164
2912 2914
3374 3378
816 818
853 855
793 796
6968 6974
5319 5323
4517 4519
1598 1600
1276 1279
5195 5198
6696 6698
325 328
6654 6658
1512 1514
3443 3447
4577 4579
1052 1054
2680 2682
4151 4155
1016 1018
700 702
4112 4116
4166 4169
1681 1683
3139 3146
2292 2294
2939 2945
1204 1206
2721 2725
6627 6631
6599 6601
6872 6877
1883 1885
698 700
3674 3677
6551 6553
1824 1827
5169 5172
6757 6761
4305 4309
6195 6201
3883 3885
5497 5499
2464 2468
6872 6877
1256 1258
5198 5200
3795 3797
5919 5921
7011 7013
1291 1296
5204 5206
612 614
2636 2638
2760 2762
4768 4771
4924 4926
2338 2342
4269 4273
3674 3677
6378 6383
3798 3801
5740 5744
5223 5225
275 278
16 18
7011 7018
3125 3128
5089 5092
7310 7313
743 745
4596 4599
2408 2410
7205 7208
5694 5696
3081 3083
2124 2127
1025 1027
1230 1233
4180 4183
1974 1977
540 546
5121 5123
2600 2603
2855 2857
1007 1009
1542 1546
2618 2623
1967 1972
951 953
2064 2066
3247 3250
1526 1528
187 189
6812 6817
7013 7019
2338 2343
4289 4291
2939 2944
3100 3102
3180 3188
4237 4241
63 65
328 333
3641 3643
5888 5890
503 507
1171 1175
2224 2227
87 93
1353 1355
4323 4325
3436 3438
7148 7150
2911 2913
938 940
6822 6827
6400 6403
3357 3359
6503 6506
7304 7308
7339 7341
2869 2874
617 619
6092 6094
5778 5780
6412 6414
184 187
2844 2847
1069 1071
3110 3113
659 662
563 566
3711 3713
6083 6085
2456 2459
3721 3726
4192 4194
4012 4014
3499 3501
430 434
1390 1392
883 885
5375 5380
4746 4750
5675 5680
5070 5074
1297 1299
4904 4906
522 527
2608 2610
4906 4910
3788 3790
2844 2848
297 299
3115 3119
5972 5975
6884 6888
3790 3793
6037 6039
2273 2277
1323 1326
6028 6033
7087 7090
5937 5939
4075 4079
6770 6773
6635 6637
2358 2361
4107 4111
3777 3782
2792 2796
2935 2937
4577 4581
387 391
2549 2552
4192 4194
7104 7108
3574 3576
2811 2814
3934 3939
1498 1500
3029 3031
4836 4840
6327 6330
4771 4773
6894 6896
5055 5057
1896 1899
4422 4424
3494 3499
6405 6407
3386 3388
4061 4065
5073 5077
5754 5757
3384 3386
5206 5208
2137 2141
5945 5949
4822 4824
2931 2935
720 722
3494 3497
5291 5296
6169 6174
3121 3125
1415 1422
2952 2954
394 396
7038 7041
3035 3040
6298 6305
2071 2073
2673 2676
299 302
6456 6458
5476 5479
1925 1928
2133 2136
6699 6703
4275 4277
159 162
3854 3857
3975 3977
2862 2864
948 950
6454 6456
1713 1715
6213 6216
2913 2916
2301 2306
243 245
1681 1683
972 978
1614 1617
5525 5528
6785 6790
546 548
1416 1422
5864 5867
4439 4442
719 721
5331 5334
3335 3337
4412 4415
959 962
4584 4587
4233 4237
6202 6204
2027 2030
5888 5892
6655 6658
5394 5396
4365 4367
6153 6155
376 378
3656 3658
4065 4069
7003 7006
5823 5825
3658 3660
5235 5240
5011 5014
6269 6271
2644 2648
6320 6322
6707 6709
1246 1249
2779 2782
1922 1925
5734 5736
4245 4248
5360 5362
2031 2033
4397 4401
3579 3581
4875 4878
5665 5667
6367 6369
5590 5595
1226 1229
5890 5892
1744 1749
7099 7104
658 660
6835 6837
4328 4331
4346 4351
396 399
919 921
4630 4633
4007 4009
2183 2186
278 280
2908 2911
6974 6977
706 708
2922 2926
6054 6058
1827 1829
6707 6712
4890 4894
1199 1201
5904 5906
2826 2829
5104 5106
1539 1542
7369 7371
3050 3055
1727 1730
3154 3160
5551 5554
2504 2508
6954 6956
3726 3728
3313 3315
5555 5558
4787 4792
1194 1198
3472 3475
4002 4004
5771 5773
6422 6425
7336 7338
5504 5509
4002 4004
5633 5636
6902 6906
7125 7127
6599 6601
1004 1006
4119 4122
2227 2230
528 532
5726 5729
7291 7295
5586 5590
1407 1410
1780 1783
5066 5068
4753 4756
753 755
61 63
5225 5228
3084 3088
6496 6500
1607 1610
5590 5595
4309 4313
6616 6618
400 402
4403 4406
5657 5660
5145 5147
7304 7308
83 85
4137 4140
5509 5514
7034 7036
3261 3264
2545 2547
4417 4422
7414 7416
5131 5137
2110 2113
8 10
6865 6869
719 721
4125 4130
5325 5327
584 586
6148 6151
3706 3713
313 318
6917 6919
3052 3055
2789 2791
159 162
1012 1014
4797 4799
4088 4091
4425 4428
3570 3572
3386 3388
2779 2782
4861 4866
1691 1698
2762 2764
2012 2015
4804 4806
4602 4604
4721 4726
4237 4241
4563 4569
7278 7281
4659 4662
5900 5903
4514 4517
3121 3125
6100 6105
2306 2310
2697 2701
993 995
5336 5341
5275 5277
4926 4932
7226 7228
6842 6844
3218 3220
2671 2673
1401 1404
3032 3035
6132 6134
7349 7351
6193 6199
3753 3756
2628 2631
642 644
3570 3572
669 671
3645 3648
6672 6677
2533 2535
4383 4385
6071 6076
2712 2714
2603 2607
4510 4512
4137 4140
4091 4097
367 369
5404 5406
5843 5846
4888 4893
1932 1934
6661 6663
5368 5371
4319 4322
6230 6232
4916 4918
2141 2143
4582 4584
26 28
1511 1514
6725 6728
7371 7378
972 978
348 353
5712 5714
5584 5586
6828 6834
3704 3706
820 829
5248 5250
4596 4599
3022 3029
688 691
219 221
5371 5374
1564 1566
4322 4325
2460 2464
5504 5507
6372 6377
6548 6550
2949 2951
4008 4012
2084 2090
3089 3094
6880 6884
2785 2787
535 539
7356 7358
6521 6524
3814 3818
5035 5038
5296 5299
713 716
6190 6193
7459 7461
4822 4824
1360 1362
2206 2208
3372 3374
2839 2844
6051 6054
1560 1562
3466 3468
7424 7426
5106 5108
1018 1021
3765 3767
2800 2804
6500 6502
738 741
1917 1921
263 266
6730 6732
3565 3568
2250 2253
3910 3912
2889 2891
4773 4775
4385 4388
5251 5255
5740 5744
2358 2361
1953 1955
7475 7485
3257 3259
3088 3094
1732 1736
4999 5009
6000 6002
6964 6968
4101 4104
5858 5860
4180 4183
3194 3196
6257 6261
2084 2090
4330 4332
3614 3616
500 506
4573 4575
5734 5736
2975 2978
205 207
784 786
124 130
5155 5160
6006 6009
3512 3514
328 333
3519 3521
3695 3698
917 919
1987 1991
7427 7430
5169 5172
845 847
3140 3146
169 172
4265 4268
4822 4829
688 691
841 843
984 986
6342 6345
7359 7362
7045 7050
644 648
2697 2702
3320 3324
3639 3641
7207 7210
180 183
5846 5850
1302 1305
6968 6974
3719 3721
3962 3964
1919 1922
3264 3266
6894 6896
6267 6269
1056 1059
7456 7458
2231 2234
144 146
2687 2691
2240 2245
5956 5960
817 820
6046 6049
6908 6911
2476 2478
1802 1806
5235 5240
1979 1981
5230 5233
2451 2453
4981 4983
231 233
5689 5691
5273 5275
2201 2203
4442 4445
5436 5440
6944 6949
3134 3139
4644 4646
5938 5940
5940 5944
830 832
2456 2459
6323 6327
4425 4428
6939 6941
5507 5514
5658 5661
3499 3502
5534 5537
2820 2822
930 935
1554 1556
2582 2585
2060 2064
6108 6111
3433 3436
4079 4081
5910 5913
2247 2253
2571 2573
3331 3333
1484 1489
5486 5488
1171 1175
6436 6444
662 665
251 255
6294 6296
3597 3599
3412 3415
6733 6738
2999 3001
5463 5465
669 671
1222 1225
1836 1838
6295 6297
2662 2664
383 386
1190 1193
1983 1985
1396 1398
4602 4604
5629 5633
6051 6053
3022 3029
4836 4840
6390 6393
7006 7009
7427 7430
4683 4685
2610 2612
6237 6239
96 98
5415 5419
2557 2559
492 496
6757 6761
4926 4932
6880 6883
6912 6915
4776 4778
278 280
5380 5383
7229 7232
5119 5121
4729 4731
2333 2338
3814 3818
5404 5406
6610 6612
2722 2728
5433 5436
762 766
333 337
3827 3830
2390 2392
4283 4289
1539 1542
6608 6610
5870 5872
2045 2049
5169 5175
4510 4512
2800 2806
5925 5931
518 520
7009 7013
6776 6779
1780 1783
2773 2776
2992 2994
2906 2908
1791 1793
6556 6560
6560 6562
5740 5744
3475 3483
2488 2491
2145 2148
2776 2778
4563 4568
2920 2922
2065 2068
1416 1422
5487 5489
6694 6696
7385 7389
4856 4858
3225 3229
6244 6246
1000 1002
1552 1554
910 913
6658 6661
3454 3458
6716 6718
6310 6314
444 446
7182 7184
2892 2895
6354 6356
5059 5063
886 888
2338 2342
3050 3055
6249 6251
1311 1314
6866 6869
1497 1500
6984 6987
2385 2389
1646 1652
3214 3217
471 474
4472 4479
1514 1518
5525 5528
2411 2413
6718 6722
4625 4627
5614 5618
6906 6908
2287 2289
6137 6143
3429 3431
494 497
7301 7304
1364 1368
5074 5077
3116 3119
6674 6677
6212 6215
5905 5907
6354 6356
4683 4685
1172 1175
5105 5108
6166 6169
2735 2742
6426 6429
759 762
2613 2616
1521 1523
4743 4746
785 788
131 133
1678 1681
1258 1262
6909 6912
5638 5640
4326 4328
1887 1891
291 293
1812 1815
312 318
4097 4099
2947 2949
1587 1589
3225 3229
2973 2975
3450 3453
5665 5667
5584 5586
964 968
6858 6861
257 260
484 486
3019 3022
3609 3614
4543 4545
1082 1085
5302 5304
2501 2504
4248 4251
7025 7032
869 872
2478 2483
3804 3806
5971 5975
710 715
1515 1518
3773 3775
6470 6473
7466 7469
1092 1094
2247 2250
5507 5514
6812 6817
93 95
5336 5339
5437 5440
4556 4559
3107 3110
4822 4829
1609 1611
6496 6500
3254 3258
2476 2478
3698 3701
2844 2848
4898 4904
3918 3920
5402 5404
3270 3274
6869 6871
42 45
6527 6529
5255 5259
3308 3310
6413 6417
3973 3977
1416 1422
4033 4037
4398 4401
7077 7079
6132 6134
3369 3373
1114 1117
5667 5670
4116 4118
6400 6403
1033 1036
4188 4191
1284 1286
5689 5693
2716 2719
3711 3713
2079 2081
1812 1815
2931 2934
6665 6667
4335 4337
3475 3483
3229 3232
2618 2623
7238 7240
4691 4693
2491 2494
3993 3996
4035 4037
910 913
3951 3953
6786 6790
2002 2004
1405 1410
164 167
3400 3406
3509 3511
3871 3875
5671 5673
1691 1694
748 750
1673 1676
1159 1165
7487 7492
4846 4852
5044 5048
7103 7108
2453 2455
3137 3139
3162 3165
2786 2788
3902 3905
3849 3852
4530 4532
4269 4273
3320 3323
5836 5840
173 176
2736 2742
759 766
1373 1376
3068 3070
5394 5397
820 829
4033 4035
4714 4716
6683 6688
4166 4169
2473 2476
662 665
7229 7232
7418 7420
639 642
3140 3146
2176 2178
4599 4602
4508 4510
5070 5073
6633 6635
362 366
6210 6213
2153 2156
39 41
4969 4972
2890 2892
397 400
7378 7381
1353 1355
7449 7451
189 191
1001 1003
532 534
3994 3997
2514 2520
2962 2966
3286 3293
1378 1381
3137 3140
4524 4527
7188 7190
107 111
7405 7407
6848 6850
7424 7426
3737 3740
4237 4242
7475 7485
6987 6991
5481 5484
5908 5910
3905 3908
2564 2566
3010 3013
5048 5055
3182 3190
798 802
4192 4196
7005 7007
6037 6039
1407 1411
2725 2729
2308 2310
4151 4155
7448 7450
4253 4256
7099 7104
2433 2435
2334 2342
3659 3661
4662 4667
1407 1411
6040 6044
1127 1136
6469 6472
6791 6797
776 780
3820 3824
1596 1598
2600 2603
1720 1724
7081 7085
1919 1921
4469 4471
1969 1972
4914 4916
4603 4605
4169 4172
5913 5915
759 766
5167 5172
470 474
4294 4298
4412 4415
3022 3029
6511 6513
1047 1050
5653 5657
3241 3246
644 647
958 961
5449 5455
7104 7108
3387 3389
1962 1966
115 118
6835 6837
5806 5808
61 63
3223 3229
1302 1305
2186 2189
5114 5119
328 333
4571 4573
1165 1169
6377 6382
2491 2494
6426 6429
410 413
385 387
2578 2580
1720 1724
6204 6207
6968 6974
7439 7442
2547 2550
1600 1602
7435 7438
569 571
5198 5200
4667 4670
5892 5897
1808 1811
749 751
2742 2746
6247 6251
6935 6937
2862 2864
3614 3616
7226 7228
5554 5557
6334 6337
1866 1868
5000 5010
75 78
4472 4477
2334 2338
7453 7456
3608 3612
2787 2789
3488 3490
5088 5091
3493 3497
3001 3003
817 820
3233 3237
2590 2593
6230 6232
4910 4914
677 680
815 817
2090 2095
5117 5120
3834 3836
6489 6491
4188 4191
3630 3634
2184 2187
1007 1010
1744 1749
4824 4830
4954 4957
2910 2912
3066 3069
4074 4076
3582 3584
7164 7168
6610 6612
2521 2523
3384 3387
2535 2537
311 313
838 840
4447 4449
157 159
5733 5735
122 124
2830 2833
7050 7054
4546 4548
3623 3625
1841 1843
6111 6115
4256 4265
5390 5393
2235 2240
539 541
6115 6118
86 92
7186 7189
1001 1003
5815 5818
2056 2060
1550 1552
2132 2134
2844 2847
6195 6201
2951 2953
6066 6071
5698 5701
3016 3018
6503 6506
5649 5652
7115 7121
3327 3329
103 105
4877 4880
4425 4427
2954 2958
5940 5944
2033 2035
4804 4806
2054 2059
3574 3576
4898 4904
1724 1727
6407 6409
1363 1365
6378 6382
5552 5554
3813 3815
1219 1221
6014 6016
3840 3842
2900 2902
2230 2234
5921 5923
3231 3233
2271 2273
7256 7259
6502 6506
1302 1305
282 286
2049 2051
346 348
1328 1330
1279 1282
7374 7381
7258 7261
4275 4277
7445 7448
522 524
3257 3259
681 683
4112 4115
5641 5643
4608 4611
3146 3149
2473 2476
6768 6770
5833 5835
1689 1694
1433 1437
1562 1564
5922 5925
6896 6898
6916 6919
3333 3337
5551 5554
4235 4241
681 683
5708 5712
2281 2283
1240 1242
4237 4241
3139 3146
7469 7472
1381 1383
6683 6688
1446 1449
4275 4277
6235 6237
7409 7412
4289 4291
4751 4753
328 333
4296 4298
1476 1482
2281 2283
4063 4067
832 834
3317 3320
3165 3169
4301 4304
3950 3953
1880 1883
2930 2934
4301 4304
7087 7091
4342 4344
4394 4396
250 252
363 366
2642 2644
5202 5206
3770 3773
3225 3231
275 278
1639 1643
3562 3565
1618 1622
3182 3188
4961 4963
2763 2766
7363 7365
5285 5291
7169 7171
1194 1198
5691 5694
1749 1753
5596 5601
2557 2559
461 465
583 585
282 285
5160 5162
444 446
1169 1171
143 146
5869 5871
4393 4395
4548 4555
7457 7459
5874 5877
3314 3316
2108 2110
4169 4172
2333 2338
503 506
1384 1386
4319 4322
3335 3337
4586 4589
4771 4773
5278 5281
7226 7229
2936 2939
3223 3225
6574 6576
844 847
4538 4541
6038 6040
1955 1958
4852 4854
2935 2937
4386 4388
6193 6199
5368 5370
6195 6201
1702 1706
1907 1911
2810 2812
4301 4303
6511 6513
2618 2623
587 591
5846 5850
811 813
5584 5586
6562 6564
6556 6560
404 406
6372 6377
5864 5869
7025 7032
3402 3406
4412 4415
6968 6974
5649 5651
5775 5778
969 971
2908 2910
5762 5770
3342 3344
1321 1323
2253 2255
5082 5085
6354 6356
2584 2587
38 40
3360 3363
2435 2438
691 693
6323 6327
2330 2333
1498 1500
1482 1484
1717 1720
6699 6703
2725 2728
334 339
1864 1866
1741 1743
5785 5787
407 410
929 934
7025 7032
3815 3818
5867 5870
4256 4265
3446 3450
327 333
236 240
4584 4586
3035 3040
4949 4951
5967 5970
5185 5190
1259 1263
1760 1763
5362 5364
5880 5886
1152 1155
7295 7298
7369 7374
1378 1381
2631 2633
3873 3876
5082 5086
6786 6790
7343 7346
95 97
2839 2843
3235 3237
1615 1618
448 450
2453 2456
648 650
3898 3900
3773 3777
1368 1373
3840 3842
6368 6370
1214 1218
3641 3644
7301 7304
3497 3501
4222 4224
2814 2816
1027 1031
663 666
3737 3740
3022 3029
2613 2616
868 872
288 291
805 807
1105 1108
5509 5514
1940 1942
2473 2476
4907 4910
4183 4186
7366 7368
7146 7148
2168 2170
1871 1873
5355 5357
1841 1845
1150 1152
2631 2634
2770 2773
2211 2217
5366 5368
650 652
3734 3737
604 606
6963 6968
6572 6574
894 899
3683 3686
1520 1523
5705 5708
6384 6387
5565 5568
1017 1021
4693 4695
7445 7448
5251 5258
793 796
6572 6574
709 713
2585 2588
972 978
4869 4871
4081 4083
5971 5975
7485 7487
4389 4391
6709 6712
830 832
1638 1641
4492 4495
7050 7054
5259 5261
2231 2234
888 890
4092 4097
7056 7058
3905 3908
6426 6428
6589 6594
2904 2907
3827 3830
1362 1364
1785 1787
861 868
2334 2338
6310 6314
3395 3397
6730 6732
784 786
1907 1909
2854 2857
6718 6721
1732 1736
2516 2521
7144 7147
3477 3483
6480 6482
348 353
5836 5841
6889 6893
1165 1169
3830 3832
1446 1449
5934 5936
3536 3539
2037 2039
6160 6163
2219 2221
5757 5760
2453 2455
6670 6672
2722 2725
5843 5846
6531 6533
5064 5066
397 399
6492 6496
1159 1163
7205 7208
6100 6105
2247 2250
5178 5180
6560 6562
2671 2673
6163 6165
3199 3201
6219 6221
1007 1009
4347 4351
2097 2099
4070 4074
6959 6961
4528 4530
1991 1994
4654 4656
5055 5057
5746 5752
663 665
5405 5409
3713 3717
278 280
3690 3692
113 115
4587 4590
4076 4079
6779 6781
4296 4301
354 356
5437 5440
1180 1182
5059 5063
5787 5792
3924 3926
7412 7416
4641 4644
2735 2742
5561 5563
1246 1248
4190 4192
3296 3298
2922 2925
1472 1476
5105 5108
997 999
1214 1218
6365 6367
2211 2214
3606 3609
2830 2833
5775 5778
3357 3359
5402 5405
2618 2623
5674 5676
373 376
6627 6630
3241 3246
3487 3489
3283 3285
3468 3470
548 552
4292 4294
1239 1241
3324 3328
7048 7050
4617 4620
6506 6508
883 886
7009 7011
3733 3737
1061 1065
1326 1328
2327 2329
6413 6417
1618 1621
191 194
4232 4235
7198 7202
5888 5890
6210 6212
3777 3783
655 659
2618 2623
986 988
6024 6027
2322 2325
7043 7045
683 686
1581 1585
3868 3870
1407 1410
4787 4789
2931 2934
5436 5440
2799 2804
291 293
5509 5514
18 20
3603 3605
6946 6950
4061 4065
3912 3915
1031 1033
1115 1119
5936 5938
5622 5624
3997 3999
4116 4119
5633 5636
6407 6410
6683 6688
1459 1461
4091 4097
2240 2245
4452 4455
2557 2559
184 187
5972 5975
2649 2652
4353 4357
5285 5291
762 766
2409 2411
1476 1482
4427 4430
5864 5867
3166 3169
6995 6997
6531 6533
1942 1944
28 33
2504 2508
3166 3173
3547 3549
4955 4957
3905 3909
6179 6181
1099 1101
54 57
7259 7261
7275 7281
7045 7048
245 247
520 524
1142 1144
1901 1903
6547 6550
7458 7461
1594 1596
6208 6212
4439 4442
7475 7485
5477 5481
6202 6204
307 309
4846 4851
6396 6398
3056 3061
2301 2306
3306 3308
3453 3455
4611 4615
6251 6253
6410 6413
1142 1147
3368 3372
5430 5433
920 923
1665 1667
1825 1829
4435 4437
2272 2275
5685 5688
5339 5341
3020 3029
2253 2255
4108 4112
1656 1660
4462 4464
3901 3905
1165 1169
1567 1569
4517 4520
5282 5285
2550 2552
4424 4427
3599 3601
4658 4661
4888 4893
4379 4382
1136 1138
6643 6647
6281 6284
2459 2463
1031 1033
3588 3590
3020 3022
411 414
4107 4111
1071 1074
2234 2237
4571 4573
2478 2482
4947 4949
642 644
3864 3867
4498 4502
7045 7050
5068 5070
6688 6691
2240 2245
3221 3225
892 894
876 879
2355 2358
990 992
5296 5299
5291 5296
4347 4351
3360 3363
5676 5680
2593 2596
2133 2136
3783 3785
42 45
5826 5828
7226 7228
7123 7125
1629 1631
2012 2014
1806 1808
3859 3861
297 299
6930 6933
7364 7366
6122 6124
5368 5371
2605 2608
1896 1899
3055 3060
2585 2588
6497 6500
1484 1489
6191 6193
2122 2124
6100 6108
3128 3134
1006 1009
2618 2623
3262 3264
6082 6084
4511 4513
6781 6785
6889 6893
6739 6742
4591 4593
5433 5437
2944 2947
2166 2168
7469 7473
2521 2523
1428 1430
1428 1430
1434 1437
4680 4682
5449 5455
2770 2773
6417 6419
1996 1998
2701 2703
5515 5517
5668 5671
6335 6337
6450 6452
1097 1099
869 875
6204 6207
471 474
5196 5199
1412 1415
6762 6764
6477 6479
3304 3306
780 783
4527 4529
4978 4980
2654 2656
4472 4477
1215 1218
4450 4453
5048 5055
4789 4793
1599 1602
119 122
6670 6672
6877 6879
7050 7054
1637 1639
3472 3477
173 178
359 361
1206 1210
6506 6509
4379 4383
6839 6841
5900 5903
4332 4335
5595 5601
80 82
5386 5389
2500 2502
859 861
6622 6626
5172 5175
3892 3895
4481 4484
2366 2368
4282 4287
6779 6781
655 658
2240 2245
1482 1484
1558 1560
2733 2736
1005 1007
7427 7430
3978 3980
767 771
1689 1691
26 28
1215 1219
2116 2118
7475 7485
2235 2237
1646 1652
1600 1603
4543 4545
4763 4765
4157 4160
4926 4932
5445 5447
4584 4587
552 556
406 408
3360 3363
1094 1098
3047 3050
7263 7268
1065 1067
6186 6188
5473 5475
1558 1560
6746 6749
5449 5455
754 756
2380 2384
1175 1179
6742 6745
851 853
7369 7371
6123 6125
3369 3372
6482 6484
4926 4932
5179 5181
4983 4985
7473 7475
6226 6229
2017 2020
6083 6085
2330 2334
1949 1952
5394 5396
5284 5291
7287 7289
855 859
2456 2459
4341 4343
6935 6939
7050 7054
3898 3900
2838 2843
6655 6658
2269 2271
1213 1215
2361 2364
2995 3000
1469 1471
2618 2623
7025 7031
3069 3071
2325 2328
3494 3497
6321 6323
4904 4907
7459 7461
5870 5872
6762 6764
1159 1163
1631 1635
2455 2459
1950 1952
4232 4235
6765 6768
4989 4991
2073 2079
7281 7287
5746 5752
2785 2787
1204 1206
3070 3073
5518 5521
6658 6661
3289 3293
3943 3947
7045 7048
1811 1813
1101 1103
2375 2378
506 508
1121 1127
7093 7095
5918 5921
3453 3455
2017 2020
2099 2102
5537 5539
3993 3996
6627 6630
4563 4568
5952 5954
2618 2625
6802 6804
2784 2786
2012 2015
5525 5528
4206 4209
6362 6364
2187 2191
3540 3542
3116 3119
2516 2520
5744 5752
5048 5055
2893 2895
3461 3463
7199 7202
2853 2855
5383 5385
5397 5402
2744 2746
4910 4915
964 967
6134 6137
302 304
4305 4309
4254 4265
3884 3886
2572 2574
5504 5507
5595 5601
927 929
889 892
6519 6521
2092 2095
2535 2537
6229 6231
4423 4425
1564 1566
4691 4693
5114 5117
2493 2495
4870 4873
5475 5477
7412 7414
4301 4304
6987 6991
6992 6995
4489 4491
2858 2862
6071 6076
4577 4581
3486 3488
3683 3687
5783 5785
5726 5729
4406 4411
5649 5652
805 807
1485 1489
4898 4906
4253 4256
4141 4144
4656 4658
6797 6802
6028 6033
22 24
5814 5818
859 866
4824 4829
4861 4866
2096 2099
3521 3523
491 494
4417 4422
918 920
5410 5412
720 722
2549 2552
2084 2092
5441 5444
1508 1510
2524 2528
5371 5374
1890 1892
5162 5164
2800 2804
5222 5225
1322 1326
1940 1942
6610 6612
339 341
2014 2016
455 458
6647 6650
2108 2110
4949 4951
3274 3277
4481 4484
2545 2547
4207 4210
3921 3924
23 26
7278 7281
776 780
1006 1009
4504 4506
414 416
5636 5638
2124 2127
5190 5192
6454 6456
2949 2951
3737 3740
2433 2436
1127 1136
1773 1778
2655 2658
652 654
260 262
7412 7416
2527 2529
1815 1817
3994 3997
2294 2297
3298 3300
5323 5326
6978 6983
3728 3731
6000 6002
7368 7371
2524 2527
2105 2110
5470 5472
6997 7001
7381 7385
1705 1708
6426 6428
3902 3905
4978 4980
5374 5378
5162 5164
75 78
3048 3052
5874 5877
3056 3060
4627 4633
834 836
4524 4528
6877 6879
4052 4055
5033 5036
4368 4371
313 318
3815 3818
2206 2208
5335 5339
4852 4854
1743 1748
857 861
6156 6159
2796 2799
2329 2333
5783 5785
50 54
5368 5370
2315 2319
3721 3726
2728 2730
5671 5673
1283 1285
7034 7036
1251 1255
7304 7310
4511 4513
666 669
2159 2164
125 130
3981 3984
1582 1585
918 920
2783 2785
3022 3031
420 422
6619 6621
5352 5354
321 325
6822 6827
7427 7430
1299 1301
549 552
6078 6082
5299 5301
7129 7131
5243 5246
1412 1414
1011 1013
6524 6526
7264 7268
6734 6738
3014 3018
4359 4361
2169 2172
2071 2075
1763 1767
2206 2209
5235 5242
5373 5375
1067 1069
4304 4309
5863 5867
4405 4411
1744 1748
2995 2999
5461 5463
6205 6207
3645 3649
1948 1950
422 425
3499 3501
2753 2756
6829 6834
2474 2476
2237 2245
5304 5306
5339 5342
87 92
2438 2441
7446 7448
1904 1906
5402 5405
164 168
6839 6842
7205 7207
4212 4216
4213 4217
7056 7058
2744 2748
5196 5199
3106 3108
4937 4940
3440 3442
6689 6693
2484 2488
1562 1564
954 956
6151 6154
1416 1422
7496 7498
1925 1928
3191 3193
4976 4978
1807 1811
4233 4235
6694 6696
2420 2424
4784 4787
1266 1268
3619 3622
2682 2684
6405 6407
2640 2642
5209 5213
1144 1147
1730 1732
4274 4276
6850 6853
4782 4784
693 696
4907 4914
3533 3536
2075 2079
3483 3486
5746 5752
6829 6834
-1 7
1477 1483
2673 2676
1925 1928
7158 7162
2558 2560
2882 2885
5993 5996
2451 2453
2691 2694
123 125
6681 6683
1450 1456
4361 4364
1773 1777
3465 3467
7152 7158
4316 4319
2211 2214
4617 4620
3467 3470
6836 6839
2392 2397
173 176
3700 3702
107 111
5580 5585
4539 4543
1256 1259
3655 3658
4055 4057
1967 1972
6665 6667
2224 2227
7191 7194
3578 3580
6212 6215
6786 6790
5775 5778
7158 7163
3934 3939
422 426
1933 1935
7041 7043
4063 4065
2092 2095
5055 5058
3103 3105
4194 4196
7177 7181
6257 6261
6999 7003
7281 7287
2920 2925
5826 5828
7072 7074
6279 6281
50 54
7147 7149
6773 6775
4962 4964
7424 7426
2247 2253
44 46
964 968
6143 6145
7428 7431
3270 3272
7066 7068
4749 4751
3953 3955
6548 6551
4591 4593
1287 1290
1765 1767
4122 4124
1042 1045
2906 2908
6978 6984
2054 2059
1602 1604
2987 2991
4556 4563
1268 1273
6094 6096
2266 2269
2974 2978
2231 2234
4251 4254
2235 2240
4140 4144
3926 3931
1653 1655
2079 2081
2056 2060
1222 1224
6169 6173
2714 2716
6828 6834
1806 1808
4105 4108
4233 4235
4612 4616
1183 1186
895 899
3437 3440
4721 4726
5250 5255
2584 2587
3683 3687
872 875
4098 4101
334 337
2051 2054
6349 6352
1076 1081
356 358
6027 6033
2418 2420
3777 3782
4112 4115
3422 3425
3864 3867
3035 3040
3231 3233
1172 1175
5200 5202
4556 4559
1311 1314
5259 5261
3525 3532
644 648
5641 5643
6995 6997
5169 5175
3296 3298
6295 6297
6717 6721
2145 2148
6877 6879
2753 2760
5180 5182
5038 5043
639 642
1767 1771
3248 3251
1930 1932
4108 4111
4536 4538
98 100
6797 6800
2368 2374
2133 2136
6484 6486
1709 1711
4587 4590
2442 2444
3018 3020
340 342
4437 4439
4972 4974
1061 1065
859 866
2541 2547
5886 5890
4682 4684
3332 3335
370 374
6275 6277
4519 4521
6781 6785
420 425
7083 7085
2920 2922
1165 1169
4256 4266
5346 5352
3695 3700
210 217
5962 5966
1670 1672
7099 7103
2521 2524
1838 1840
5378 5382
4186 4190
5836 5841
404 407
3934 3938
4859 4861
2744 2746
374 378
6208 6212
3190 3192
3919 3921
4367 4371
5627 5629
2262 2266
1684 1689
6450 6452
294 297
1273 1276
4918 4921
4985 4988
1624 1627
6583 6586
7229 7233
3517 3520
2105 2108
3364 3368
4688 4691
2876 2881
7232 7235
4179 4182
1955 1957
1528 1531
3982 3984
5385 5388
455 457
5609 5611
3512 3515
3834 3836
4213 4217
3134 3139
7141 7144
3032 3034
990 992
7104 7108
471 474
2919 2922
4192 4196
4972 4975
4704 4711
5614 5618
6968 6974
4003 4006
3609 3612
2848 2853
7304 7308
6208 6210
2297 2301
5520 5522
1706 1709
7371 7378
1753 1755
3089 3094
1713 1717
3280 3282
59 61
3286 3289
5026 5028
5983 5987
3568 3570
4151 4156
3649 3651
111 115
1992 1994
6503 6506
2237 2240
4055 4057
2187 2191
3274 3277
4721 4728
2268 2270
1508 1510
4513 4517
4563 4568
5044 5055
6715 6717
6384 6389
7459 7461
4598 4602
4251 4253
1121 1127
7442 7444
6791 6797
957 959
6493 6496
1226 1229
3467 3470
5354 5357
6774 6776
3035 3040
3855 3859
5580 5585
2768 2770
3241 3246
3077 3079
3706 3711
2443 2446
7039 7041
3125 3131
3447 3450
5155 5158
5897 5903
2904 2906
1082 1084
303 305
5525 5529
5383 5385
7466 7469
4092 4097
669 671
2208 2210
4323 4325
4430 4433
6596 6600
4824 4830
6618 6620
3113 3115
5242 5246
7459 7461
5223 5226
4194 4196
1981 1983
486 489
6941 6944
604 606
4435 4437
2429 2431
3981 3984
6311 6314
1302 1305
4690 4693
2476 2478
4675 4677
2009 2014
854 857
1505 1508
6286 6289
6020 6024
6707 6709
3182 3188
5213 5215
5123 5130
4858 4860
2545 2549
4472 4477
5612 5614
2082 2084
2137 2141
2916 2918
4687 4690
6500 6502
6243 6245
2292 2294
6122 6124
3523 3532
2682 2684
4933 4937
2194 2198
4949 4952
4074 4076
1636 1638
3104 3106
2127 2130
6169 6173
1944 1947
3022 3029
4700 4703
1715 1717
2549 2552
3289 3293
354 356
6534 6538
6014 6016
3317 3320
2906 2908
1950 1953
6163 6165
4479 4481
3108 3111
6579 6581
6836 6839
6360 6362
840 842
3768 3770
804 806
213 217
6906 6909
5470 5472
5541 5546
1224 1226
4549 4555
6829 6834
4353 4355
3928 3932
3169 3174
4992 4994
4532 4535
3085 3088
347 353
2273 2277
5108 5111
233 236
3447 3450
4169 4172
3979 3981
1040 1042
5169 5172
2041 2044
4898 4904
6127 6130
446 448
4695 4697
803 805
6699 6703
1136 1138
5130 5136
2834 2836
6538 6540
3289 3293
6426 6429
2792 2796
2625 2630
2576 2578
4412 4415
6716 6718
3472 3475
1152 1154
6968 6974
200 202
2766 2770
2613 2617
1152 1155
2240 2246
7319 7322
2350 2353
5082 5086
2124 2129
7393 7397
2183 2186
4592 4594
1791 1793
6400 6403
3215 3218
3798 3802
3609 3612
4137 4140
7025 7031
4383 4385
3859 3861
6996 6999
4988 4990
4197 4201
3979 3981
7398 7400
3158 3161
7250 7252
3406 3408
2012 2015
2429 2432
322 327
7302 7304
5207 5209
6261 6264
4212 4216
4740 4742
3881 3883
6410 6413
1755 1757
5990 5992
7111 7115
5935 5937
2065 2068
935 940
5576 5579
6037 6039
7421 7423
7171 7174
780 783
2636 2638
7041 7043
5089 5091
5923 5925
2361 2363
6342 6345
3241 3246
918 920
1893 1895
7475 7485
3089 3094
5044 5055
992 995
3106 3108
5794 5797
7356 7359
510 512
404 407
5026 5028
2882 2885
5752 5757
1694 1698
2746 2748
6024 6028
6757 6762
4353 4355
3409 3412
3348 3352
6076 6078
3734 3737
5879 5884
6951 6954
4806 4808
6770 6773
2538 2540
2902 2904
4491 4495
468 471
5619 5622
4993 4995
1319 1321
6083 6085
7308 7313
5394 5397
5204 5207
1273 1276
7048 7050
5833 5836
2179 2182
4846 4851
4612 4615
6726 6728
2642 2644
4543 4545
3248 3250
6883 6885
5712 5714
2325 2328
5823 5825
2344 2346
4506 4509
3861 3863
6279 6281
5752 5757
6085 6087
6382 6384
2433 2436
2377 2379
5927 5931
4871 4874
3673 3675
6812 6817
10 14
5831 5833
3173 3175
4589 4591
2787 2789
1582 1585
944 947
3855 3859
1631 1635
6540 6543
6500 6503
7115 7119
40 42
466 468
4170 4172
1082 1084
7485 7492
5026 5030
4452 4455
7424 7426
5180 5182
6370 6372
916 918
425 428
3994 3997
3077 3079
1012 1014
4713 4715
1426 1428
4957 4960
3644 3648
798 802
1342 1345
4486 4490
1981 1983
2890 2892
716 720
3494 3497
1495 1498
4018 4021
42 44
5551 5554
125 130
3461 3463
5812 5814
1438 1443
1708 1710
7264 7268
5352 5354
6718 6721
2258 2261
3005 3007
363 366
3004 3007
6436 6444
3061 3063
901 903
4338 4340
5131 5136
1142 1147
4092 4097
5514 5516
724 726
5235 5242
6063 6065
1358 1360
4170 4173
5909 5912
5941 5945
6531 6533
2589 2593
2240 2245
5660 5662
2389 2391
275 279
4917 4921
4658 4661
5783 5785
6556 6561
6639 6641
7338 7340
5144 5146
4328 4331
7364 7366
33 36
5472 5475
2753 2756
4898 4904
882 885
4846 4851
1203 1206
4589 4591
3570 3572
6823 6827
3679 3683
48 50
1303 1307
4360 4364
2478 2482
4235 4237
947 950
6186 6188
4347 4351
5303 5305
3558 3560
4012 4014
2504 2508
1110 1114
1639 1643
2547 2550
280 282
4406 4412
6290 6294
5631 5633
1430 1432
5629 5633
7458 7461
171 173
1538 1540
3269 3272
7308 7313
4232 4235
2925 2927
5681 5683
1279 1282
154 157
4173 4175
2231 2234
4049 4051
3140 3146
3572 3574
3459 3461
3787 3790
6925 6929
1518 1520
3785 3787
4276 4279
5473 5475
2578 2581
1255 1258
1967 1972
7295 7298
5683 5685
2281 2283
4904 4906
3412 3415
1350 1353
6249 6252
4243 4245
5880 5886
2294 2297
7193 7196
2613 2617
7055 7057
2806 2808
979 984
552 556
5728 5730
3317 3320
213 219
4490 4492
4785 4787
2245 2247
4218 4220
5682 5685
2012 2014
1865 1867
2032 2034
6338 6340
5059 5063
180 184
6422 6425
2936 2939
900 902
1562 1564
772 775
4132 4137
5653 5657
4502 4504
483 485
1290 1296
3406 3408
4964 4968
2301 2306
4641 4644
3551 3554
5103 5105
1789 1791
6004 6008
4587 4589
831 834
2281 2283
4477 4480
5015 5018
1334 1337
1969 1974
859 866
78 80
7191 7194
1412 1414
1018 1021
2247 2250
2334 2338
3374 3378
5064 5067
1711 1713
615 619
5922 5925
4283 4287
3494 3497
3635 3638
5665 5667
4191 4194
1234 1238
2514 2516
3400 3402
7405 7407
5504 5507
4243 4245
4237 4242
749 751
6995 6997
328 333
7442 7444
6021 6024
1416 1422
486 489
607 610
2208 2210
3692 3695
4378 4382
6506 6508
6286 6289
7099 7103
6345 6347
859 866
5092 5094
3125 3131
759 766
159 162
3756 3761
6186 6188
7177 7180
5240 5242
2756 2760
2889 2891
6536 6538
954 957
1720 1724
6208 6210
5030 5033
1871 1873
1365 1373
5815 5818
6021 6027
5729 5731
7425 7427
3543 3547
7333 7335
1105 1107
3741 3743
836 838
5038 5040
2816 2818
5958 5961
4636 4638
7442 7444
7458 7461
2778 2782
2269 2271
2344 2346
133 136
2413 2415
7310 7313
6012 6015
7258 7261
1179 1181
4431 4435
6931 6934
5068 5070
2460 2463
3775 3777
4988 4990
4981 4985
2277 2281
2247 2253
4246 4251
4897 4904
1199 1201
3957 3959
4274 4276
3818 3820
2568 2570
6718 6721
2056 2059
7074 7077
7060 7062
1437 1442
1198 1201
1813 1815
6828 6834
4659 4661
4993 4995
7045 7048
7342 7345
831 834
603 605
3975 3977
6382 6384
7087 7091
6834 6836
6583 6586
4846 4852
6627 6630
407 410
4957 4960
2638 2640
641 643
2633 2635
3795 3797
2148 2150
3926 3928
6134 6136
6709 6714
3557 3560
2819 2822
1673 1676
6277 6279
663 665
627 629
5000 5009
4503 4506
1702 1705
7281 7288
3573 3575
3425 3429
5673 5675
1052 1054
4733 4735
586 588
4023 4025
1117 1119
4472 4479
1526 1528
5925 5927
992 995
6869 6871
1617 1621
2995 3000
4824 4829
6734 6738
5255 5258
1664 1667
4528 4530
5089 5091
7256 7259
3192 3194
2512 2514
6409 6412
1588 1591
6453 6455
399 401
1979 1983
642 644
3205 3209
4535 4537
7045 7048
1788 1790
2101 2103
2488 2491
5104 5106
7268 7271
5147 5149
4765 4767
5240 5243
4517 4520
2173 2176
3146 3149
7024 7031
4524 4528
987 990
4884 4886
4365 4367
7036 7038
1065 1069
2172 2176
6924 6926
5886 5888
5867 5869
3693 3695
5123 5130
1127 1137
2511 2513
5802 5806
6952 6956
6195 6199
3912 3915
6371 6377
6156 6159
4417 4422
4165 4169
3477 3483
2366 2368
5282 5285
6706 6709
28 34
1675 1678
4602 4604
439 442
4700 4703
2315 2319
194 198
3593 3595
3220 3223
4918 4921
3798 3802
6117 6119
3100 3102
3683 3686
3543 3547
2114 2117
3857 3860
698 701
6821 6823
5522 5525
4998 5000
2464 2467
2900 2902
3671 3673
6722 6724
6496 6500
1183 1185
6473 6477
4188 4190
3484 3486
5775 5778
5850 5855
4283 4287
4549 4555
5368 5371
2301 2306
6272 6274
6213 6215
3223 3229
5555 5557
2151 2153
1172 1176
2539 2541
5048 5055
5676 5680
7374 7378
252 256
5906 5908
1308 1311
6956 6958
3909 3911
1783 1787
5221 5223
7321 7325
6125 6130
7190 7193
4338 4340
3975 3978
4970 4972
5461 5463
1664 1667
6997 7001
2173 2177
895 899
4074 4076
2456 2459
2721 2725
4237 4241
7246 7248
4231 4233
6145 6148
3333 3337
5900 5903
1190 1193
2184 2186
2516 2520
3880 3883
6722 6725
3672 3674
4579 4581
6547 6550
6496 6500
2701 2703
1949 1952
3149 3151
3756 3761
147 150
1251 1255
2666 2669
3125 3128
6485 6488
1165 1169
6512 6514
7498 7501
6730 6733
3280 3282
7042 7045
5708 5712
660 663
2823 2826
1911 1914
719 721
3394 3396
4191 4194
4137 4141
4861 4866
1955 1958
6407 6410
4405 4411
4878 4880
3014 3018
5278 5281
693 696
5026 5030
6968 6974
6186 6188
7448 7450
4464 4467
992 995
835 837
3125 3128
4678 4680
3693 3698
1521 1523
4877 4880
195 198
607 610
303 305
1886 1890
219 221
6919 6923
6455 6457
654 658
3459 3462
972 978
7330 7333
4668 4670
6604 6606
619 625
2578 2581
6462 6466
5481 5485
4898 4904
4713 4715
615 619
2071 2073
1028 1031
6271 6273
9 13
455 457
3902 3908
4378 4382
5092 5096
2312 2315
6342 6346
1350 1353
1904 1907
6800 6803
3423 3427
5534 5537
7461 7463
3860 3862
1887 1891
2354 2358
5137 5141
2645 2648
4382 4385
1350 1353
3521 3525
6300 6305
6665 6667
4910 4914
4174 4176
4602 4604
3997 3999
3010 3013
6536 6538
428 430
2847 2853
3956 3958
391 393
4207 4210
3836 3839
3052 3055
6709 6714
5915 5917
4894 4897
549 552
5267 5269
3551 3554
2688 2691
5802 5806
2102 2104
3536 3539
2875 2878
7261 7263
1684 1691
3744 3747
3069 3071
6587 6589
2275 2277
4107 4111
3174 3176
979 982
927 929
4512 4514
4390 4392
6436 6444
5209 5212
556 558
6539 6543
5486 5488
5096 5100
280 282
1740 1742
6405 6407
5026 5030
5131 5137
798 802
1498 1500
6842 6844
2287 2289
4837 4840
2701 2703
363 367
3536 3539
2237 2240
915 917
7186 7189
6267 6271
6556 6560
5108 5111
4712 4714
28 33
788 790
162 167
7196 7198
3731 3734
1928 1930
4070 4074
7184 7186
3140 3146
1966 1969
7057 7060
6898 6900
2893 2895
626 628
5230 5233
2895 2898
3525 3532
2796 2799
6622 6626
3048 3050
4489 4491
5412 5415
3797 3801
2114 2117
6661 6665
3121 3128
7469 7473
1773 1778
2736 2742
3369 3372
5856 5859
2709 2712
3250 3252
2861 2863
3852 3854
6051 6053
6581 6586
4749 4751
3169 3173
1689 1691
494 497
2753 2756
6952 6956
999 1001
909 911
1443 1446
4831 4834
7018 7020
6917 6919
4846 4851
5258 5260
2330 2334
4359 4361
6421 6424
2297 2301
4485 4489
4795 4797
7062 7064
387 390
4439 4442
4530 4532
7475 7487
4338 4341
5879 5884
5784 5786
2878 2881
6661 6663
6490 6492
4949 4952
6174 6177
6665 6668
2625 2630
6024 6028
4989 4991
6562 6565
111 115
1416 1422
4676 4678
4301 4303
4627 4633
6463 6466
5250 5255
1176 1179
3063 3066
4993 4995
3180 3188
6812 6817
2600 2603
3063 3066
261 263
7456 7458
6461 6463
7050 7054
1057 1061
2709 2713
4468 4471
55 58
5668 5671
1521 1523
6342 6346
3441 3443
3848 3850
2272 2275
728 734
3195 3197
6516 6519
3035 3041
2468 2470
2240 2245
3248 3251
516 519
1350 1353
7062 7064
1789 1791
2433 2436
3790 3793
5399 5402
455 458
2773 2777
5993 5996
2120 2123
3609 3612
3003 3005
5752 5754
3422 3425
2497 2499
1007 1010
1233 1238
7152 7158
1715 1717
4210 4213
2044 2049
4716 4719
5255 5259
1635 1637
2589 2593
7343 7345
6205 6207
5033 5036
4310 4313
4256 4265
1268 1273
2568 2570
5925 5927
909 911
1789 1791
1736 1738
5449 5455
3971 3975
2687 2691
629 632
3400 3402
6137 6143
5897 5903
6362 6364
1566 1569
2613 2617
2589 2593
1661 1664
4130 4132
48 50
2153 2156
6151 6154
5080 5085
2987 2990
5940 5944
3281 3283
4379 4383
844 847
7215 7217
5346 5352
2623 2625
1896 1899
3286 3293
4910 4915
6917 6921
1061 1065
4232 4235
5860 5863
4836 4840
885 888
4301 4304
5858 5860
1744 1748
4757 4759
6469 6472
6311 6315
6532 6534
3014 3016
923 925
4512 4514
2733 2736
1307 1310
2378 2380
5605 5607
911 913
530 534
6703 6705
130 133
1869 1871
4035 4037
1868 1870
6699 6703
2275 2277
5941 5944
5430 5432
3519 3521
3934 3938
6601 6605
3060 3063
7064 7066
4075 4079
1307 1310
4395 4397
3579 3581
6859 6865
6176 6178
6111 6115
4543 4545
4617 4619
4228 4231
1127 1136
6390 6394
2363 2365
6231 6233
5563 5565
1628 1631
2904 2906
468 470
4910 4915
3268 3270
5638 5640
802 804
2246 2250
1092 1094
5346 5352
722 724
3918 3920
1911 1914
4296 4298
3523 3532
893 895
1811 1813
6445 6448
857 861
4700 4704
1222 1225
2746 2750
5255 5258
3308 3310
6841 6843
5457 5461
840 842
1279 1282
6434 6436
3248 3251
4735 4738
4192 4194
5176 5178
2374 2377
1664 1667
5088 5091
3955 3957
4504 4506
6317 6320
510 512
1559 1562
3536 3539
6246 6249
4145 4148
7351 7353
6517 6519
5764 5770
5178 5180
6533 6536
58 60
4092 4097
4649 4651
598 603
1727 1730
7090 7093
2139 2141
6215 6217
4570 4572
4373 4376
5457 5461
58 60
820 829
1007 1010
3902 3905
3635 3639
3332 3335
6072 6076
322 325
6749 6751
4559 4563
2143 2145
1959 1961
2742 2746
5835 5840
2793 2797
4170 4173
5701 5705
6396 6398
6156 6158
571 574
5643 5645
4491 4495
151 154
5641 5643
6486 6489
2848 2853
5175 5177
1045 1047
7464 7466
2721 2725
5000 5009
2468 2470
2222 2224
4105 4108
1587 1589
7325 7327
5744 5746
334 337
3246 3248
1548 1550
883 886
5270 5275
1152 1155
6297 6300
6414 6417
6872 6877
1139 1142
2224 2227
4705 4711
2714 2716
1588 1591
7058 7060
2814 2816
7050 7054
5670 5672
6854 6857
4027 4031
649 652
5201 5204
2310 2312
7072 7074
5939 5941
4323 4325
1876 1878
3503 3506
2005 2008
4197 4201
737 739
7401 7404
1148 1150
713 715
3306 3308
297 299
6237 6242
4940 4942
1531 1535
5142 5144
4960 4962
1251 1256
6873 6878
7412 7414
5764 5770
1250 1255
6060 6063
2259 2262
3777 3782
1159 1165
6968 6974
7137 7141
4070 4075
6621 6623
5447 5455
4453 4460
1962 1965
4088 4092
1485 1489
6279 6281
7287 7289
6338 6340
1979 1983
6520 6523
6854 6857
3309 3311
3490 3493
6463 6466
6648 6650
1740 1742
4985 4988
5515 5517
433 435
5112 5117
3643 3645
4179 4182
2512 2514
6623 6626
1765 1767
6996 6999
2580 2582
373 376
5402 5404
4224 4227
5000 5009
7152 7158
7368 7371
6785 6790
1972 1974
1825 1829
7353 7356
1582 1586
3762 3766
539 541
5609 5611
4347 4351
3416 3418
4772 4774
6247 6251
6281 6283
9 13
5336 5339
6414 6417
3146 3150
4524 4527
3984 3986
5016 5018
1341 1344
5033 5036
5468 5470
2576 2578
1535 1538
4846 4851
5342 5345
2194 2198
6637 6639
7304 7310
6425 6428
4608 4612
5457 5460
2183 2186
6169 6174
990 992
4819 4822
3259 3262
3237 3246
1382 1384
6425 6428
3953 3956
6205 6208
549 552
2885 2888
6470 6472
644 648
1404 1407
361 363
7475 7485
7006 7009
6400 6403
334 339
437 439
1052 1054
3169 3174
3146 3149
5336 5339
3773 3775
5383 5386
69 71
2237 2240
958 961
6647 6650
3599 3601
41 44
5223 5225
2097 2101
57 59
5477 5479
6024 6027
3770 3773
7194 7196
1114 1117
5829 5831
1896 1899
5302 5304
3728 3731
3905 3908
1000 1002
3065 3068
4765 4767
4858 4860
7032 7034
854 857
7328 7330
2375 2377
5764 5771
3472 3477
6269 6271
5864 5867
2330 2333
6368 6370
2639 2642
169 172
3775 3782
5016 5018
1148 1150
3098 3102
5746 5752
4602 4604
3525 3533
1031 1036
6001 6003
1996 1998
2350 2354
3917 3919
6769 6772
4731 4735
271 274
2073 2075
2272 2275
578 580
4122 4124
6125 6127
5499 5503
1489 1494
4830 4832
3675 3678
6912 6915
7407 7409
5731 5733
6158 6160
7321 7325
6072 6076
2448 2450
2355 2358
796 798
5166 5169
6503 6508
3223 3229
4351 4355
2069 2071
7425 7427
7335 7337
4347 4353
243 245
7258 7261
7275 7281
4298 4303
4496 4498
4237 4241
4824 4830
5313 5318
3098 3102
2051 2054
3520 3523
7207 7210
3702 3706
2045 2049
3635 3638
4224 4228
5836 5840
6028 6033
2873 2875
353 356
1643 1646
5141 5144
2985 2987
1845 1850
886 888
3681 3683
2045 2049
2474 2476
1663 1665
4934 4937
337 339
4548 4555
4118 4122
4186 4190
1944 1946
1503 1505
3932 3934
5945 5949
3793 3795
3050 3052
6987 6991
4209 4212
4212 4216
820 829
2764 2766
5673 5675
5614 5619
118 120
3579 3581
2451 2453
6712 6715
6370 6372
3795 3797
3815 3818
7097 7103
4177 4179
4392 4394
7233 7236
1670 1673
1189 1191
3121 3125
7393 7397
1582 1585
5927 5932
6775 6777
1183 1186
1234 1239
3519 3521
5114 5117
5247 5249
2204 2206
5077 5079
3458 3461
5038 5043
1760 1762
2426 2431
6372 6378
798 803
4119 4122
2962 2964
7244 7246
2166 2169
1316 1318
1348 1350
1003 1005
6519 6521
6964 6968
5509 5514
6777 6781
2288 2290
7168 7170
1813 1815
2918 2920
5531 5534
4711 4713
1808 1811
3397 3400
4861 4866
972 979
2075 2081
6051 6054
5036 5038
1169 1171
5541 5545
803 805
2051 2054
3895 3898
4439 4445
7278 7281
3692 3695
767 769
2017 2023
3721 3727
1874 1876
5541 5545
930 934
4233 4235
4721 4728
3674 3677
3560 3562
642 644
5932 5934
4705 4711
6445 6448
4934 4937
1881 1885
5449 5455
6496 6500
4990 4992
263 265
1127 1136
5932 5935
6054 6058
2667 2669
2066 2068
4203 4206
807 809
2346 2353
5660 5662
6821 6823
926 929
5038 5043
4135 4137
5222 5225
6627 6630
3964 3968
7299 7302
2056 2059
2863 2866
3664 3667
4498 4503
641 643
4787 4792
3029 3031
3641 3644
2060 2063
911 913
1438 1443
6564 6567
3515 3517
1234 1238
5089 5091
7198 7202
4163 4165
6202 6205
6027 6033
5864 5867
6054 6058
5835 5840
6072 6076
1259 1262
2697 2701
1461 1465
7273 7275
5960 5962
4988 4990
2885 2888
7058 7060
1339 1341
2516 2520
7158 7162
2716 2719
552 556
1021 1025
2756 2760
4607 4611
3943 3947
5144 5146
2292 2295
7186 7189
1445 1448
4873 4875
1787 1789
3603 3606
2179 2182
1431 1433
6575 6577
2671 2676
1268 1273
3418 3422
5296 5300
2134 2136
1606 1609
6872 6877
617 625
6134 6136
1365 1368
2127 2130
5783 5785
4070 4075
3772 3775
2656 2658
4160 4163
4433 4436
4057 4061
3303 3306
4532 4536
5722 5724
3400 3402
3922 3924
1234 1238
6791 6800
1967 1972
95 97
691 693
1111 1114
1256 1258
3985 3988
2273 2277
4890 4893
4789 4792
6041 6045
2429 2431
260 262
4256 4265
5521 5525
894 899
1065 1067
6941 6943
5303 5305
474 479
3468 3471
3487 3489
6327 6330
3150 3152
1524 1526
7345 7347
5764 5770
1832 1835
1997 2000
1811 1813
3802 3804
3916 3918
3035 3040
2566 2569
3630 3633
7437 7439
7240 7244
3926 3928
5872 5877
2415 2418
6063 6065
1762 1765
5897 5900
5960 5962
4570 4572
7249 7251
4164 4166
4378 4382
5499 5503
4445 4448
7278 7281
818 820
6615 6617
755 757
1140 1142
7021 7023
7302 7308
3595 3597
723 726
964 967
1585 1587
3425 3427
6417 6421
2092 2095
4347 4351
6836 6839
6352 6354
5778 5781
6199 6201
2082 2084
6125 6130
6003 6006
5481 5484
7109 7111
671 674
1127 1136
5484 5486
3539 3542
6742 6745
2231 2234
5323 5325
4503 4506
587 591
876 879
5864 5867
5465 5468
1356 1358
6941 6944
6902 6906
1702 1706
7013 7018
2364 2366
45 48
5114 5119
3846 3849
1578 1580
913 916
5179 5181
2578 2581
5291 5296
6330 6334
4658 4661
3584 3587
1183 1185
1031 1036
6658 6661
459 461
3085 3088
4007 4009
6944 6949
6321 6323
6406 6409
3750 3752
917 919
5430 5432
6317 6320
5094 5097
434 436
6811 6817
3447 3450
6229 6231
261 263
6050 6053
7322 7325
5730 5732
4296 4301
2194 2198
5689 5691
1401 1404
655 659
5492 5494
3660 3663
530 534
1618 1621
2644 2648
5375 5380
5175 5177
4253 4256
7281 7287
3080 3082
4559 4568
7363 7365
1501 1503
4296 4298
2939 2944
7492 7494
3949 3951
368 370
5370 5373
2450 2453
7119 7121
2703 2707
3628 3633
4379 4382
3254 3257
2350 2354
4599 4602
5860 5863
758 762
2714 2716
3846 3848
652 655
74 78
5840 5843
6448 6450
248 251
5701 5704
5590 5595
2866 2869
7310 7313
3770 3772
5613 5618
4670 4673
1739 1741
1212 1214
2292 2295
706 709
3459 3461
6607 6610
5330 5334
5447 5455
3507 3509
1825 1829
4529 4532
5426 5430
7009 7013
3587 3589
3010 3013
7104 7108
3306 3308
7247 7249
2576 2578
4160 4163
6436 6444
4933 4937
5216 5218
2344 2346
1709 1711
2560 2563
6004 6008
6021 6024
2919 2922
5540 5545
6003 6006
7301 7304
6193 6199
2839 2844
24 28
6436 6444
2920 2922
6964 6968
890 892
2323 2327
6964 6974
6699 6703
6639 6642
7144 7146
2277 2280
360 362
1150 1152
5363 5365
3990 3993
2981 2985
1996 1998
183 187
6570 6572
1715 1717
5362 5364
5491 5493
4070 4074
4461 4463
4186 4188
6709 6712
1025 1027
4541 4543
439 443
288 292
2366 2368
7374 7378
1975 1977
4394 4396
3010 3014
2084 2090
2725 2728
1438 1442
3591 3593
6822 6827
340 342
1792 1794
5268 5270
439 442
6871 6873
5810 5814
3085 3088
4397 4401
1473 1477
1382 1384
6262 6264
7199 7204
1944 1946
2214 2217
1773 1777
4636 4638
3397 3400
2964 2967
4254 4256
1528 1531
1450 1456
5715 5720
6317 6320
1975 1977
2531 2533
169 171
2744 2748
2409 2411
5735 5737
1991 1994
6527 6531
5754 5757
151 154
498 500
6556 6560
5919 5922
6791 6797
6066 6072
5167 5172
5566 5568
4949 4952
6689 6691
6493 6496
3700 3702
1155 1157
6951 6954
1639 1641
7069 7071
5697 5701
7066 7068
4383 4385
5346 5353
3649 3651
2654 2656
6387 6389
5744 5746
1007 1010
5404 5406
3787 3790
5688 5691
3494 3499
6098 6100
1718 1720
5240 5243
6276 6278
3259 3261
4643 4645
5843 5846
2415 2417
1911 1913
6202 6205
6137 6143
2903 2906
993 995
7252 7254
6835 6837
376 378
5870 5872
4157 4159
789 791
2814 2816
3089 3096
7226 7228
7045 7048
6077 6082
5328 5330
34 37
7067 7069
3348 3352
3499 3501
1357 1359
7070 7072
7217 7222
7054 7056
474 477
2863 2866
2380 2384
75 78
2177 2179
1336 1338
4179 4182
2885 2889
6012 6015
5014 5016
6089 6092
6601 6605
5394 5397
2500 2502
3777 3783
3675 3678
503 506
6159 6161
842 844
6540 6543
5802 5806
2773 2776
4596 4598
426 428
2729 2731
1969 1972
3975 3977
420 425
4256 4265
2495 2497
4323 4325
3313 3315
5568 5570
1120 1124
3335 3337
6365 6368
2623 2628
1047 1050
1179 1181
4006 4008
6946 6950
7001 7003
6837 6841
5932 5935
1535 1537
4662 4667
1330 1332
1550 1552
4237 4241
4374 4376
6534 6536
4277 4279
597 603
7492 7496
1588 1591
855 859
1732 1736
2954 2957
3977 3979
7291 7295
3980 3982
7194 7196
392 394
5122 5130
3468 3471
3001 3003
2931 2934
2553 2557
6028 6033
5840 5843
4933 4937
5629 5633
7212 7214
4720 4726
904 907
5995 5998
3860 3862
1065 1069
3628 3630
1795 1799
5101 5103
5794 5797
1354 1356
2049 2051
5665 5667
3009 3013
5846 5850
7085 7087
2338 2342
7261 7263
7422 7424
3128 3134
5525 5529
458 461
5923 5927
3702 3704
2460 2463
4082 4084
2177 2179
4170 4172
5715 5720
1458 1461
5044 5055
3562 3565
1795 1799
4145 4148
5399 5404
3003 3005
7045 7048
4593 4595
7213 7215
5758 5761
993 996
7392 7397
5653 5657
2721 2725
6195 6201
5449 5455
5723 5725
404 406
1284 1286
4268 4273
2036 2039
2105 2108
6667 6669
5624 5626
3871 3873
1846 1850
5111 5114
528 532
723 726
516 519
1618 1621
7221 7223
59 61
6394 6396
5235 5240
2325 2327
5665 5667
6610 6613
972 978
5092 5096
4860 4866
3777 3782
5368 5370
7177 7180
2166 2168
808 810
7313 7318
3691 3693
4915 4917
4358 4360
5299 5301
2355 2361
4070 4074
4045 4049
3425 3429
6812 6817
7196 7198
4283 4287
5874 5878
2725 2729
6185 6187
2677 2680
2298 2301
2793 2796
1808 1811
7229 7233
2799 2804
2708 2712
6791 6797
2090 2092
2598 2600
4453 4455
4315 4319
6161 6163
5382 5385
2825 2827
5077 5080
1548 1551
2600 2602
1819 1821
2652 2654
8 10
4805 4808
7289 7291
5877 5879
767 769
6889 6893
6630 6633
1117 1120
5359 5361
4212 4216
7131 7135
7177 7180
6436 6444
1081 1084
4277 4281
4099 4101
5609 5611
6105 6108
4811 4814
615 617
1573 1577
1215 1219
5906 5908
3943 3947
7013 7018
5385 5388
2149 2151
1443 1446
1683 1689
6127 6131
6786 6790
6424 6426
348 353
6626 6630
7172 7174
1523 1525
6057 6059
3276 3279
5736 5738
6697 6699
5091 5094
7349 7351
3113 3115
6207 6210
6996 6999
5291 5296
3980 3982
2463 2467
2092 2095
4398 4401
374 378
144 147
287 291
2904 2906
3463 3465
4132 4135
783 785
4480 4484
4076 4079
6357 6360
6295 6297
86 92
5633 5635
610 612
1904 1907
1028 1031
6384 6389
3004 3007
5394 5397
7501 -1
5904 5906
2025 2027
2500 2502
541 546
2659 2661
2709 2712
2247 2253
958 961
7278 7281
6273 6275
7152 7158
2040 2042
3755 3761
7217 7221
6445 6448
5457 5460
5436 5440
882 885
4816 4819
7291 7295
741 744
2811 2814
1165 1169
1615 1618
6642 6646
4875 4878
4605 4607
3089 3094
1310 1314
2119 2122
5961 5964
2541 2545
7021 7023
1890 1892
2978 2980
2312 2315
3035 3041
715 719
2866 2873
3294 3296
820 829
1694 1699
7183 7186
6076 6078
210 213
1787 1789
1021 1027
356 358
5380 5382
3286 3289
5371 5373
3202 3205
1087 1089
2368 2374
5643 5646
6747 6751
100 103
3543 3547
7033 7035
205 207
4489 4491
376 379
6616 6618
5104 5106
6493 6496
1857 1859
7174 7176
4587 4590
446 448
6445 6448
4514 4517
3619 3622
1749 1755
2016 2020
6647 6650
935 940
1812 1815
1610 1612
5739 5744
1033 1036
3619 3622
4087 4091
2716 2718
984 986
5020 5024
2722 2725
4018 4023
5412 5415
6155 6158
184 187
4646 4648
1581 1585
6925 6929
3777 3782
4824 4829
5754 5758
3080 3082
954 956
4573 4575
2969 2971
6342 6345
2084 2090
5666 5668
3961 3963
4834 4836
776 780
5267 5269
164 167
7174 7176
2275 2277
1936 1938
275 278
3943 3947
5319 5321
6305 6308
210 217
3041 3044
120 122
1273 1276
3503 3507
964 967
5872 5877
3835 3838
2912 2914
7310 7318
3695 3698
6090 6094
5987 5990
5342 5345
4049 4052
1655 1660
4504 4508
4771 4773
1398 1401
6143 6145
5975 5978
4412 4415
3950 3953
4703 4705
755 757
2042 2045
4674 4676
571 574
2084 2090
2182 2184
309 311
6235 6239
2186 2189
6562 6564
7137 7141
978 982
3231 3233
4780 4782
6176 6178
4342 4344
6039 6041
4361 4364
2516 2521
5499 5503
7289 7291
334 337
7045 7050
6165 6169
5628 5631
5195 5198
5082 5085
5653 5657
4294 4296
6749 6751
1737 1739
4778 4780
4953 4955
5296 5299
5701 5704
2516 2520
5018 5020
1866 1868
5229 5233
6469 6472
3005 3008
6861 6865
3834 3836
3584 3588
7163 7168
2908 2910
4116 4118
6699 6704
6827 6829
4076 4079
6911 6914
3964 3967
5862 5864
6100 6105
7427 7430
6993 6996
2392 2397
6232 6234
44 46
2068 2070
342 344
7319 7322
4627 4633
2697 2701
574 577
2071 2075
4942 4945
4949 4951
6514 6517
5108 5111
2866 2869
6257 6262
4860 4866
786 788
6284 6288
6551 6553
1684 1691
3089 3096
3734 3737
6191 6193
5285 5296
5172 5175
378 381
2808 2810
1900 1903
3916 3918
5823 5825
3990 3993
6456 6458
4498 4502
3241 3246
3270 3274
672 677
2118 2120
3421 3423
5375 5380
4608 4611
7122 7124
4511 4513
2975 2978
6100 6105
4691 4693
6901 6905
6859 6861
4792 4794
4151 4155
4135 4140
6134 6136
3905 3908
6445 6449
2120 2123
6747 6751
1052 1056
6854 6856
7005 7007
3406 3408
3146 3149
243 245
4276 4279
5195 5198
5296 5299
1368 1373
5775 5780
2201 2203
1607 1609
5449 5455
6484 6486
2974 2978
5995 5998
5386 5389
2328 2330
988 990
4800 4803
4960 4962
6596 6600
7222 7225
3825 3827
7137 7141
229 231
1434 1437
4343 4345
7435 7437
5010 5012
5048 5055
1429 1431
176 178
5660 5662
611 614
5574 5576
803 805
1909 1913
7090 7093
6089 6092
2584 2587
4834 4836
1562 1564
6961 6963
397 399
62 65
3920 3922
4237 4241
7275 7281
6919 6923
7278 7281
1005 1007
2812 2814
3971 3975
1512 1515
1152 1155
7182 7184
6596 6599
3022 3029
1119 1121
1163 1169
4700 4704
2736 2742
5496 5499
1527 1529
3031 3034
6021 6024
5079 5082
4582 4584
4651 4655
2071 2075
1637 1639
1830 1834
5802 5807
3066 3068
4841 4844
7045 7048
1 8
3815 3818
4141 4145
4448 4450
2504 2508
6806 6809
2605 2607
6964 6968
6230 6232
1821 1823
4547 4549
1438 1442
245 247
7371 7378
4141 4144
6917 6921
5797 5800
5676 5680
3047 3050
3114 3116
3842 3844
629 633
2904 2906
4253 4256
1412 1414
2593 2596
454 457
300 302
7430 7432
5319 5321
1138 1140
5810 5814
4368 4371
4303 4305
1643 1646
7226 7228
7174 7177
5092 5096
2656 2658
6340 6342
969 971
5828 5831
2217 2221
1691 1698
3121 3125
439 442
796 798
3514 3517
2951 2953
3846 3848
6663 6667
849 851
1950 1953
3085 3088
4320 4323
4772 4774
4975 4978
3857 3859
3838 3840
5080 5085
2151 2153
549 552
5595 5601
7072 7074
6803 6805
3116 3120
6010 6012
4323 4325
3762 3765
1921 1923
3386 3388
954 957
3695 3698
3765 3767
3830 3832
146 149
4804 4806
693 696
3205 3209
1234 1238
3798 3801
2478 2482
5518 5521
2392 2396
5764 5770
1986 1991
6577 6579
1345 1348
584 586
5724 5726
5958 5961
788 790
7124 7126
3782 3784
2177 2179
612 614
4277 4281
120 123
4365 4367
1915 1917
857 861
101 104
1394 1396
2732 2735
376 378
4357 4359
4442 4445
6072 6076
2534 2536
6680 6682
6548 6550
4343 4345
3402 3406
1636 1638
4878 4881
1594 1596
3896 3898
101 103
1139 1142
4742 4744
5346 5353
4092 4097
5291 5296
1082 1084
4743 4746
2671 2676
6777 6779
397 400
7385 7389
4355 4358
4185 4188
5139 5142
3675 3677
4559 4563
2785 2787
1459 1463
2834 2837
2645 2649
2836 2838
2516 2520
6072 6076
2550 2553
619 625
4453 4455
7011 7018
151 153
1342 1345
3943 3947
234 238
484 486
3591 3593
1744 1748
1523 1525
2030 2032
1250 1255
4126 4130
2673 2676
6846 6848
4320 4322
4964 4969
387 391
6470 6473
6100 6105
1251 1255
6983 6986
3360 3363
5131 5136
5207 5209
4880 4883
3507 3509
964 967
2284 2286
7210 7212
2878 2881
4869 4871
2990 2992
5735 5737
4651 4654
2616 2618
5164 5166
1442 1445
3205 3209
2910 2912
5871 5874
4514 4517
2234 2237
3562 3565
1299 1301
5775 5780
2643 2645
4425 4427
5831 5833
5705 5708
1316 1318
1829 1832
4277 4281
4504 4506
1580 1582
6327 6330
3846 3848
2541 2545
810 812
2316 2320
5978 5982
3503 3506
2590 2593
7019 7021
6956 6958
7096 7099
5683 5685
7210 7212
5306 5309
830 832
3991 3994
5016 5018
2009 2014
373 376
3212 3215
1059 1065
4691 4694
6345 6347
2650 2654
4141 4144
3488 3490
2541 2545
2869 2873
3661 3664
4386 4388
2875 2878
820 829
3548 3550
1551 1553
2250 2255
1887 1890
1334 1337
5954 5956
1885 1887
4385 4388
5627 5629
5810 5814
1967 1972
201 203
3418 3422
2709 2712
3645 3648
2020 2023
5149 5152
4035 4038
4445 4447
6021 6024
7013 7019
7033 7035
354 356
1171 1175
6253 6257
1890 1892
1092 1094
2250 2253
6461 6463
5208 5212
3392 3394
2529 2531
2954 2957
2514 2516
3340 3342
5529 5531
4330 4332
617 625
6010 6014
1482 1484
297 299
5091 5094
3670 3672
1946 1948
7434 7437
3158 3160
1009 1011
6262 6264
1052 1056
6691 6693
244 246
4926 4932
5522 5525
4368 4371
4087 4091
4269 4273
2005 2009
2231 2234
3949 3951
2914 2917
5074 5077
7392 7397
1830 1832
6601 6605
4844 4846
7125 7127
2090 2092
4851 4853
4604 4606
1412 1414
3279 3281
2045 2049
2366 2368
5878 5880
5285 5291
5000 5009
6174 6177
4514 4517
2221 2223
4374 4377
6127 6131
852 854
1082 1084
5420 5422
2179 2182
4988 4990
2145 2148
4243 4246
1813 1815
2092 2096
4157 4160
978 982
1673 1676
439 443
3773 3777
2147 2149
5273 5277
87 92
2027 2030
4233 4237
2618 2623
2628 2631
6500 6502
293 297
5176 5178
5884 5886
2945 2947
15 18
6452 6454
5411 5413
6691 6693
2334 2338
4582 4584
962 964
698 701
4834 4836
302 304
5209 5212
1433 1437
7301 7304
1843 1846
5674 5676
6678 6680
2736 2742
1571 1573
1602 1604
655 658
6730 6732
3335 3338
2882 2885
6436 6444
3458 3461
700 702
2310 2315
4256 4265
408 411
1285 1287
6393 6395
3089 3094
4634 4636
2660 2662
5489 5491
3814 3818
1526 1528
5596 5601
4417 4422
2550 2553
3606 3608
1 7
6717 6721
5614 5619
5222 5225
3272 3274
7366 7368
6950 6952
2681 2683
5038 5040
4926 4932
1471 1473
5778 5780
6978 6983
1416 1422
4316 4320
5268 5270
2838 2843
3977 3979
4367 4371
471 477
6747 6749
2863 2866
3443 3446
3784 3787
3996 3998
2527 2529
5331 5334
1212 1214
5426 5430
5671 5673
1461 1465
327 333
1384 1388
6803 6805
5746 5752
2960 2962
5676 5680
5903 5905
1065 1067
4615 4617
5746 5752
2001 2004
1955 1958
1038 1040
5183 5188
2535 2537
6317 6320
153 155
1738 1740
6503 6508
674 680
2497 2499
2928 2930
4563 4569
6543 6546
2800 2804
5158 5160
2033 2035
845 847
1806 1808
3146 3149
257 259
6348 6351
2703 2707
1401 1404
1667 1670
5643 5645
1953 1955
6984 6987
3348 3354
549 552
2456 2459
4412 4415
7142 7144
4584 4587
2037 2040
2725 2728
3063 3066
2733 2735
3050 3052
6935 6937
6372 6377
6893 6896
3441 3443
252 255
5850 5855
1065 1069
2397 2403
639 641
5016 5019
1305 1308
2560 2563
3951 3955
6016 6020
6210 6213
7171 7174
103 105
2595 2597
1553 1556
5123 5130
7343 7346
4952 4954
6242 6244
2381 2384
2922 2925
6309 6311
4274 4276
1349 1353
7152 7162
5778 5781
2268 2270
3591 3594
3032 3035
6100 6108
6774 6776
278 280
563 566
3465 3467
5249 5251
5941 5944
935 938
1986 1991
6699 6703
7365 7368
1040 1042
4283 4287
3790 3793
4504 4506
4563 4568
4472 4477
904 908
4854 4857
1089 1092
4224 4227
3423 3427
1622 1624
1437 1442
7304 7308
3503 3506
3484 3487
3116 3119
5268 5270
6786 6790
3922 3925
3535 3539
5169 5172
1256 1259
3429 3431
3225 3229
2962 2964
5044 5048
6245 6247
6859 6861
3146 3149
2895 2898
6095 6097
347 353
876 879
7090 7093
6764 6767
2744 2748
4107 4111
5864 5867
1222 1224
2713 2716
2764 2768
4559 4563
4082 4084
5130 5136