9486
613 293 759
950 567 964
346 322 142
735 393 468
383 881 147
871 884 785
789 841 860
311 181 694
816 193 988
806 561 793
330 156 650
433 150 108
736 1 753
955 986 526
537 787 685
705 645 108
449 85 90
899 91 251
464 536 594
938 455 278
126 548 58
85 277 659
134 82 62
767 560 687
603 624 151
619 223 449
676 990 294
546 48 102
181 976 243
562 888 689
75 29 524
966 480 973
209 873 960
571 602 77
561 867 487
530 841 468
566 234 665
365 961 823
422 974 216
808 148 910
624 351 759
403 835 133
523 208 742
645 29 23
47 810 21
481 845 114
77 48 356
643 226 976
223 61 237
601 398 465
43 755 338
742 750 968
2 962 408
643 355 618
172 712 416
601 412 380
884 877 647
763 827 937
466 840 749
985 446 511
116 692 229
825 989 902
397 686 966
963 72 706
632 849 105
499 548 269
534 636 534
894 712 577
304 284 142
681 242 447
635 62 590
94 807 343
897 103 576
759 482 387
285 498 613
145 943 103
585 658 824
404 920 773
493 352 429
12 544 86
274 284 281
811 57 771
472 897 762
93 5 846
969 898 76
322 739 706
695 104 949
641 602 55
938 576 663
495 250 76
610 263 624
172 383 649
592 299 158
999 276 658
500 964 967
211 731 974
180 954 460
367 58 243
811 976 935
706 91 173
745 801 426
25 959 565
929 696 316
514 490 339
944 478 196
226 364 945
248 899 314
457 275 215
185 894 820
321 599 663
624 471 582
711 221 731
978 327 926
784 660 181
349 307 227
400 954 210
622 559 882
70 858 99
165 806 873
887 747 482
20 482 179
454 367 34
439 575 559
939 932 249
64 238 579
673 9 564
404 860 935
322 6 765
629 623 161
496 575 718
915 536 799
625 416 310
228 875 254
981 767 267
223 785 78
559 137 919
628 578 217
36 587 576
288 122 677
280 318 775
52 400 935
115 359 186
696 771 436
388 860 34
265 108 443
537 943 983
494 244 938
981 402 137
162 198 590
70 692 380
533 974 605
536 77 887
870 643 342
372 790 794
939 270 123
678 984 981
84 886 961
257 39 420
940 496 757
950 115 579
32 897 520
286 487 914
706 718 997
103 900 172
38 779 907
729 30 989
308 159 496
171 779 964
929 803 407
216 180 957
686 975 484
239 136 705
767 376 765
778 21 174
858 955 512
298 472 137
593 386 838
883 464 748
405 396 771
57 95 321
823 766 146
551 119 745
185 204 508
856 580 484
96 142 161
645 134 723
849 13 194
424 611 253
722 613 212
76 530 572
795 292 130
195 97 550
375 709 706
11 238 215
608 973 610
959 226 190
15 898 938
254 856 176
673 318 578
904 348 331
205 355 714
518 459 837
129 346 622
972 478 192
22 854 21
330 65 345
728 598 234
775 383 488
461 824 986
650 287 49
98 182 223
218 133 3
130 834 212
691 944 804
656 541 758
555 808 435
369 57 334
597 499 577
636 872 936
660 746 864
133 351 489
373 461 918
725 490 462
4 648 177
708 189 452
216 135 595
361 810 396
890 998 861
95 96 530
919 34 875
934 429 36
923 470 30
955 300 174
329 883 700
723 728 857
399 168 905
750 467 918
201 357 23
30 209 706
708 924 640
427 39 843
447 800 976
827 794 892
588 166 316
976 452 626
417 186 249
847 210 265
254 855 748
559 506 844
572 946 937
490 357 441
248 564 547
82 24 372
177 649 818
659 671 505
479 481 337
427 22 828
26 939 402
373 600 492
949 258 945
328 430 723
905 348 203
202 116 986
247 332 155
571 504 576
873 57 851
964 586 401
297 490 346
71 522 510
750 209 328
615 668 158
285 42 6
786 151 631
409 233 608
577 91 39
291 309 488
950 373 711
905 605 620
589 765 26
906 617 124
388 644 235
30 188 786
788 29 915
542 696 702
393 919 271
666 404 89
119 869 972
221 819 348
820 532 93
230 328 291
723 555 638
407 665 665
163 808 93
836 589 218
188 141 400
605 189 883
223 132 541
325 396 734
317 717 431
150 683 177
794 44 259
561 105 798
697 912 162
988 383 423
358 244 556
832 823 268
381 550 965
202 881 317
137 238 742
189 793 792
677 9 532
1 280 769
125 116 912
245 406 864
581 474 43
896 502 444
860 473 600
331 950 512
129 102 234
790 365 88
517 577 140
220 615 230
299 932 592
754 432 338
841 98 569
307 285 99
196 13 73
375 141 491
615 440 134
102 907 790
101 547 953
28 874 874
669 756 631
116 236 619
655 430 848
660 591 889
50 667 452
158 658 108
264 748 91
959 831 145
373 438 348
749 603 744
39 729 549
895 604 479
423 994 776
425 724 975
557 753 765
813 378 131
27 99 906
644 29 336
70 716 352
646 374 267
21 595 770
485 259 756
818 185 813
260 4 802
526 222 647
617 800 441
505 198 904
572 661 772
362 907 283
755 782 98
339 855 571
178 800 327
686 602 693
287 464 944
464 495 951
822 301 633
825 485 637
655 40 258
118 636 295
176 613 293
770 629 964
770 71 845
53 844 775
231 142 628
661 775 206
420 608 36
628 141 255
669 523 877
878 358 805
479 529 1
130 145 92
760 595 381
465 709 996
142 301 262
623 873 583
675 404 836
427 752 336
378 488 231
273 590 265
244 177 987
504 407 735
452 574 307
199 224 858
264 55 752
727 504 441
303 742 717
132 688 662
11 126 122
142 421 396
159 982 918
938 433 353
792 154 337
732 197 439
108 804 75
848 839 282
968 266 557
115 926 395
697 179 615
481 873 765
894 943 807
551 197 11
718 138 885
132 340 176
83 805 947
894 100 358
616 29 279
210 284 888
390 378 497
279 909 342
82 750 72
152 409 781
284 202 452
454 484 979
158 246 390
844 354 101
164 839 736
398 196 889
247 169 139
323 271 616
632 235 242
967 530 66
870 833 956
84 553 395
602 635 583
217 707 678
616 586 89
646 879 994
149 453 303
201 152 208
812 791 262
613 188 776
251 9 322
246 827 222
372 138 993
443 851 209
482 176 662
247 865 447
955 477 135
223 43 636
421 520 892
950 396 225
816 44 737
441 658 445
102 833 595
958 574 773
718 509 274
662 580 798
287 624 350
695 955 672
130 226 732
29 530 630
655 956 144
83 59 107
453 9 785
10 511 480
377 384 668
1000 570 65
624 385 25
922 662 460
545 427 750
610 616 900
890 251 807
469 420 523
297 289 288
995 798 378
529 342 637
275 22 600
72 924 585
295 703 191
497 667 6
806 40 377
195 638 911
361 615 309
682 722 891
500 315 888
840 539 692
385 445 939
674 684 85
673 816 806
650 205 544
595 448 131
610 40 716
950 292 557
320 538 291
269 735 781
712 33 153
657 831 795
294 133 867
331 658 54
9 339 581
662 389 306
461 327 502
841 592 398
741 299 254
999 657 448
160 732 46
140 327 316
73 599 195
573 362 565
250 692 574
232 699 336
391 206 985
467 97 865
565 367 341
83 942 215
111 202 853
368 441 481
537 274 376
221 678 331
128 378 942
661 857 372
739 517 909
364 605 736
53 231 501
9 750 760
551 237 406
434 48 490
731 375 718
213 757 399
509 42 589
10 640 749
843 356 406
938 331 742
829 220 661
240 636 599
432 936 249
773 411 250
269 513 13
607 703 643
322 374 542
585 535 590
814 814 85
205 416 804
807 721 560
281 993 269
402 644 373
939 681 802
917 595 654
838 220 83
190 229 706
738 459 644
9 844 345
258 324 499
579 283 119
230 157 270
359 976 651
523 869 847
115 233 222
618 949 908
287 65 233
36 42 33
643 887 723
283 15 587
989 130 783
334 448 998
32 836 956
812 102 965
689 245 36
198 992 818
383 208 608
47 226 510
746 978 139
275 963 800
580 746 119
493 100 882
363 210 322
392 464 80
73 646 354
303 901 209
729 402 610
981 261 744
765 549 346
750 30 333
326 463 242
855 135 561
70 547 769
501 347 186
823 824 142
307 673 919
713 992 761
761 626 972
443 869 51
395 70 693
789 566 11
253 626 353
168 988 845
265 8 979
174 525 610
930 981 701
393 597 664
108 47 19
697 939 708
292 763 504
193 145 441
103 337 632
968 975 604
795 403 284
564 118 185
292 90 50
64 374 413
123 839 441
302 559 516
744 281 366
573 721 429
267 670 565
712 652 127
766 480 847
35 772 321
984 584 727
329 257 407
361 827 865
908 618 548
324 659 942
319 872 289
268 979 457
218 563 972
824 608 837
121 686 641
836 973 425
885 260 124
755 572 445
308 554 931
557 586 144
756 621 688
443 737 484
319 232 112
10 938 34
240 268 515
4 129 561
658 200 901
286 971 87
375 636 613
538 681 383
372 972 250
878 722 600
89 721 515
848 644 759
121 428 8
160 154 685
683 925 58
992 912 444
634 514 954
102 583 820
295 511 478
945 963 435
496 63 294
144 544 998
420 685 711
874 467 556
936 573 79
4 402 92
118 525 968
899 635 174
332 829 842
641 237 216
938 144 721
59 494 314
132 300 727
556 517 597
605 175 892
61 542 683
678 362 141
186 181 418
79 355 773
325 67 119
753 240 935
63 80 41
130 348 810
529 556 632
420 79 678
498 463 378
17 408 989
244 437 432
836 620 693
651 154 98
94 905 223
59 206 437
590 823 231
899 808 321
568 253 711
507 807 202
878 238 370
611 459 518
738 383 562
30 233 487
527 266 954
214 563 615
339 251 243
977 355 984
659 524 606
698 881 866
315 524 670
412 542 85
605 39 265
638 790 300
331 227 39
704 753 708
657 280 698
225 188 662
139 715 995
815 837 511
332 235 362
536 645 436
908 670 360
480 436 5
930 761 543
420 573 263
403 369 573
267 678 448
594 979 444
676 254 511
704 82 485
119 344 440
817 350 728
844 912 108
960 105 455
88 48 616
829 641 748
349 469 156
802 985 347
675 110 518
600 809 370
456 666 845
852 48 423
651 685 734
421 408 876
6 3 699
720 262 957
27 559 733
543 25 599
913 172 964
378 939 5
710 591 522
247 387 132
438 816 764
264 2 784
33 339 316
887 369 390
910 516 752
984 213 562
464 839 174
947 688 925
566 248 921
564 87 614
691 673 568
220 279 592
273 83 526
697 245 999
667 659 907
832 582 417
458 513 453
702 230 652
329 450 86
100 531 813
691 469 200
993 732 210
690 964 285
297 232 723
1000 874 91
330 388 776
655 214 975
561 623 781
379 400 669
697 424 897
481 688 69
238 311 356
264 247 445
900 573 21
100 711 353
492 561 911
384 452 666
18 818 334
907 379 522
99 718 427
480 690 865
550 804 571
307 296 803
692 736 890
199 750 886
535 301 187
48 224 829
767 25 212
209 314 460
992 66 383
836 835 820
63 864 841
645 88 792
170 602 526
370 774 54
885 500 803
651 408 711
782 163 252
984 784 488
659 124 219
150 749 743
333 550 164
491 130 50
436 171 209
790 916 479
514 787 770
892 295 592
340 254 612
224 600 768
104 739 660
401 303 346
858 734 228
848 616 264
665 256 384
294 284 581
457 868 840
459 643 681
836 868 259
479 222 309
412 584 436
249 652 214
118 99 410
483 790 453
219 895 162
526 167 552
814 433 454
831 416 406
647 990 628
335 90 704
956 602 505
738 931 681
5 884 652
178 400 468
430 373 531
702 730 554
857 454 825
630 625 113
417 928 406
432 873 195
197 646 201
569 327 498
562 34 878
147 119 880
413 967 86
480 559 371
774 802 380
983 632 185
893 123 637
365 693 355
701 73 136
648 46 645
478 235 541
465 341 621
850 271 825
201 115 509
958 231 454
350 619 755
179 1000 627
744 244 2
278 93 197
205 593 50
320 455 784
338 98 420
751 572 107
866 416 935
972 195 810
147 132 459
524 742 653
21 921 697
126 51 841
272 659 429
973 815 741
210 220 744
872 181 891
886 822 774
161 749 183
820 400 640
71 55 169
851 698 968
967 829 327
940 278 502
125 493 258
380 535 146
179 273 39
46 28 334
968 452 510
843 129 667
530 309 161
340 485 341
390 547 734
894 112 160
910 518 197
258 929 650
507 162 625
638 750 468
33 85 894
191 481 376
23 322 213
973 985 569
529 849 188
447 251 139
166 471 688
179 618 199
54 397 666
418 205 29
685 441 678
48 293 444
612 857 510
86 163 359
794 461 420
400 733 964
367 106 936
139 51 872
541 432 655
190 885 332
227 408 262
567 113 288
993 973 579
614 469 86
234 786 930
562 701 619
216 786 548
425 156 728
967 377 531
658 996 154
510 106 517
218 754 480
601 81 413
890 704 51
17 960 754
701 554 847
260 108 201
659 574 119
877 190 530
527 793 496
159 289 554
509 968 115
922 470 863
781 165 816
884 758 203
478 584 796
222 349 500
608 873 427
681 652 400
981 777 707
790 874 197
104 806 284
285 9 354
185 276 956
172 789 104
302 729 350
845 989 773
910 464 542
737 474 523
855 903 918
77 525 488
917 983 299
228 25 896
609 442 739
523 665 31
634 982 45
388 692 820
800 113 800
364 329 576
987 75 577
985 772 56
764 279 164
103 738 436
647 460 348
559 866 260
280 970 101
675 383 245
52 476 256
469 128 991
18 615 6
238 170 573
666 935 741
265 650 999
534 460 518
6 379 994
529 178 307
247 772 52
573 671 152
240 931 56
90 303 990
674 922 54
722 925 309
452 197 499
802 185 144
700 918 981
680 695 172
347 24 759
1 285 346
613 132 533
110 195 109
664 573 30
41 988 512
931 172 344
318 169 554
988 316 780
169 808 481
547 730 227
107 750 115
567 459 125
415 296 27
277 484 579
40 741 1000
846 490 511
326 1 205
983 639 483
33 958 985
648 28 202
260 428 728
155 595 837
555 312 665
853 866 715
719 406 770
606 77 704
553 802 329
409 36 389
316 28 388
351 943 260
873 429 227
254 564 211
658 925 975
6 294 882
298 427 305
935 219 635
462 40 31
169 178 81
658 530 941
552 297 374
94 926 67
68 512 297
155 268 161
492 898 572
833 834 437
847 701 562
551 780 615
683 242 596
444 653 644
589 963 564
562 377 960
1 288 552
411 181 771
838 102 273
444 49 517
129 751 508
266 577 497
688 110 668
512 596 713
855 690 916
956 347 237
421 731 890
688 861 14
953 965 592
875 452 422
326 857 652
167 375 627
668 98 715
78 162 288
826 49 831
238 678 431
779 598 384
946 383 345
446 972 972
862 679 642
772 651 663
652 210 738
135 103 107
789 489 181
339 1 464
71 55 199
293 439 273
361 364 471
567 27 6
145 597 802
944 578 807
988 315 491
215 745 815
79 373 563
794 861 994
930 12 188
183 302 444
50 483 846
879 582 295
37 683 754
131 728 805
602 828 715
610 883 121
697 781 608
340 400 995
160 777 585
856 366 265
966 297 91
905 670 920
236 832 653
815 262 108
764 598 201
804 686 969
159 453 690
845 531 434
469 460 712
395 495 57
625 24 832
898 836 65
767 64 32
578 27 688
100 589 978
830 786 391
877 432 740
36 999 215
486 4 781
884 407 400
127 67 576
851 874 148
225 468 730
117 15 810
418 809 743
776 325 686
62 706 303
467 499 214
847 920 151
450 354 124
86 957 836
728 799 843
158 533 129
12 574 13
209 834 185
269 520 731
641 578 113
949 82 90
756 825 795
604 949 719
349 46 127
642 555 497
188 276 855
132 659 219
619 662 377
604 116 201
599 609 823
879 226 584
241 255 566
134 147 931
78 795 343
960 149 798
584 102 444
405 478 570
757 501 452
71 251 393
209 945 737
571 76 525
968 976 441
122 402 900
871 851 632
234 219 341
561 215 878
400 310 255
269 916 188
861 165 389
123 364 831
980 933 747
585 575 381
269 508 787
815 887 407
440 834 400
525 372 425
693 877 48
319 430 287
294 155 191
650 433 727
982 375 568
161 596 743
429 521 986
756 953 342
275 652 229
720 10 538
327 9 139
121 710 423
356 356 584
64 419 392
307 527 568
304 948 364
425 255 276
924 518 212
974 304 768
595 419 599
653 572 180
632 892 271
273 183 861
322 898 227
767 895 491
983 443 933
93 283 867
170 894 29
992 520 753
257 382 288
968 529 678
179 658 122
869 38 46
890 514 179
434 918 907
213 18 967
595 556 719
234 389 450
511 311 502
551 679 545
446 860 896
472 624 171
619 193 602
391 850 921
347 62 524
870 868 594
355 922 113
628 529 590
173 11 309
623 338 578
251 667 106
434 824 421
411 68 310
645 222 837
190 503 509
960 856 238
720 830 47
430 189 89
353 464 157
748 807 44
96 679 157
346 811 891
230 649 734
640 809 31
582 542 677
656 490 389
737 261 344
564 769 758
806 71 641
991 32 225
783 255 888
789 799 116
946 171 166
114 171 472
937 989 518
717 750 69
702 111 899
841 232 17
586 126 199
598 181 207
372 52 186
653 241 939
421 609 757
135 316 728
609 674 593
722 72 682
685 690 517
488 19 945
95 326 455
644 790 873
117 312 821
161 491 757
719 23 400
92 764 910
484 928 763
732 369 152
335 488 858
551 701 272
128 828 891
135 381 943
88 564 832
549 99 748
923 587 502
15 787 732
744 777 514
333 221 861
205 707 333
433 207 324
286 524 685
827 324 791
514 677 77
675 288 541
550 820 816
816 792 691
157 469 407
919 550 490
377 397 833
470 145 712
130 603 702
252 268 908
989 715 348
457 628 951
708 415 174
32 55 439
438 24 103
263 740 384
467 649 218
520 956 466
810 980 692
258 7 557
3 438 671
142 326 995
838 743 665
315 43 274
432 630 157
709 972 280
420 492 447
473 389 974
626 451 659
673 622 654
675 933 635
956 932 94
264 370 227
18 441 230
141 603 312
587 784 239
182 725 976
583 287 937
202 323 771
367 229 422
825 47 594
823 908 247
652 127 452
247 728 448
194 247 753
784 144 337
904 970 613
573 612 301
581 655 444
453 264 785
323 501 996
564 361 63
113 79 329
153 884 712
30 387 29
125 901 511
732 829 456
124 748 34
724 754 439
234 997 747
678 818 80
210 890 989
709 517 564
489 412 809
655 247 564
270 352 783
105 426 163
74 586 808
320 13 57
908 915 500
170 28 2
1 565 498
941 75 429
416 685 352
96 663 712
624 881 78
944 894 878
612 720 667
306 195 675
992 224 706
331 934 472
389 942 508
968 459 795
919 183 51
683 102 1
186 132 963
603 639 719
847 682 113
53 833 313
200 790 677
825 646 518
455 726 131
594 140 401
178 594 191
740 75 300
503 984 597
541 396 342
294 723 872
22 373 870
835 852 85
276 333 421
93 251 230
76 73 280
613 613 619
356 49 401
801 282 681
821 261 403
75 272 572
806 744 647
525 676 917
733 355 657
974 924 495
508 146 988
944 710 655
805 259 383
377 598 324
241 967 971
40 501 965
351 499 174
541 2 938
368 783 562
87 268 235
449 897 37
103 805 43
82 56 3
988 340 853
670 992 251
414 400 174
78 5 228
128 684 491
621 503 662
892 494 836
322 584 977
652 599 676
264 173 239
879 633 757
492 688 23
677 468 232
230 766 494
380 206 7
808 991 156
675 681 84
71 393 110
31 691 816
84 657 671
520 400 868
325 229 190
128 544 6
78 993 605
757 399 647
706 627 404
845 944 590
584 832 929
294 641 592
780 159 608
758 382 200
255 610 50
305 49 289
773 841 771
456 100 285
710 101 785
542 862 302
72 433 859
798 80 92
328 588 542
697 848 325
612 262 262
135 75 656
576 1000 478
702 715 19
648 827 644
314 801 544
436 89 364
758 374 304
708 475 40
71 928 179
639 284 143
758 980 263
540 116 807
829 829 181
299 777 302
222 36 96
763 498 231
354 126 785
21 725 713
867 672 759
146 861 553
107 218 330
463 168 418
171 997 401
278 809 611
686 67 567
861 169 923
104 343 246
460 468 428
995 529 86
453 961 304
817 144 347
672 16 853
157 195 896
425 161 157
556 994 691
89 388 531
731 969 475
253 813 480
394 228 820
810 80 467
956 890 60
695 566 414
228 100 628
743 306 529
847 225 781
24 732 955
908 219 648
648 611 680
339 757 982
976 545 332
560 538 328
53 746 331
356 366 173
492 435 607
458 199 582
858 63 57
581 638 580
95 936 589
578 393 133
37 448 439
383 456 60
979 564 302
220 697 893
4 680 626
822 885 116
795 58 698
691 443 639
623 533 487
686 57 993
290 26 854
514 153 620
879 213 781
570 669 71
115 558 70
328 309 420
230 749 718
521 854 19
946 211 298
192 87 584
332 848 921
626 247 10
665 275 656
154 779 605
705 23 428
862 71 661
315 169 670
452 695 122
931 625 498
537 876 888
691 445 807
227 999 402
892 814 731
22 421 227
269 189 193
220 315 329
395 467 127
341 213 638
268 964 609
130 939 486
667 435 252
532 894 262
585 21 784
695 79 850
669 596 325
371 547 198
473 707 453
966 573 378
212 258 782
993 388 38
28 95 932
71 730 509
616 659 103
53 130 698
403 413 9
633 487 526
373 876 20
326 459 917
609 825 393
416 715 862
752 983 351
942 904 156
10 512 745
608 937 4
389 593 144
723 54 211
742 381 614
215 713 318
807 425 894
445 896 855
804 8 954
373 42 221
934 95 553
310 904 520
625 342 555
148 56 441
647 760 85
427 67 102
800 653 294
136 817 599
577 963 64
583 506 693
530 72 721
293 465 887
270 389 121
836 749 443
522 752 346
241 474 957
440 510 18
485 19 130
299 237 128
199 923 647
156 703 331
36 935 489
853 129 28
437 984 239
291 997 413
483 101 90
488 672 344
305 776 932
86 866 974
344 926 488
721 342 51
689 530 974
596 649 621
560 397 434
360 248 315
381 41 238
29 674 770
5 786 799
84 249 681
925 528 675
350 240 2
669 926 641
137 626 737
534 391 611
723 604 45
763 220 503
829 4 772
624 471 238
694 4 733
953 283 351
915 36 691
867 471 606
355 7 883
847 172 687
327 491 152
292 805 891
879 156 523
360 26 535
506 349 233
936 161 262
748 216 10
717 857 48
670 746 60
787 71 457
978 663 23
605 663 86
129 214 265
360 249 284
842 217 104
510 107 490
972 462 769
962 35 882
825 905 892
528 327 740
916 324 694
212 629 606
69 756 76
35 461 944
707 169 718
838 764 356
223 999 158
56 49 989
146 244 795
609 342 565
452 271 422
106 405 250
381 293 222
472 132 12
496 875 422
356 791 39
739 834 985
938 434 221
16 536 842
280 759 668
901 560 735
402 910 14
730 317 109
391 843 190
472 268 281
61 425 48
371 38 151
514 270 691
277 519 808
390 453 341
188 736 610
684 552 562
964 422 690
749 108 107
925 865 118
349 260 392
825 360 468
397 882 542
254 305 930
194 974 452
123 432 217
816 604 120
380 616 645
776 216 726
923 757 696
729 324 244
236 756 584
474 277 969
573 177 248
901 739 556
963 38 716
858 744 550
171 887 605
440 193 580
873 748 350
202 232 395
768 215 407
880 611 808
720 90 488
137 815 293
583 195 919
847 299 337
476 369 262
787 708 308
302 971 84
649 699 872
771 480 658
489 837 6
100 948 634
678 41 387
472 160 372
130 822 250
984 397 581
457 667 426
569 911 42
975 9 922
603 578 682
43 791 42
643 655 207
548 349 166
428 873 854
315 406 590
841 423 451
481 924 538
181 698 582
740 529 694
228 948 774
995 655 510
89 958 954
456 719 453
765 370 471
766 994 275
373 782 690
371 180 148
5 52 401
705 607 784
680 215 730
250 929 310
578 901 100
887 172 193
589 4 755
390 402 943
134 223 750
609 948 408
306 873 577
611 815 981
59 404 440
229 551 597
186 913 143
470 638 815
97 352 280
440 787 517
82 437 767
768 567 481
416 930 841
228 441 576
320 638 967
920 77 742
956 633 638
675 311 522
573 482 858
122 71 646
11 86 589
941 921 369
590 736 722
374 954 211
112 422 634
147 21 994
715 957 706
999 784 253
568 337 694
442 285 239
53 380 803
968 710 249
40 167 995
845 602 612
792 717 481
551 702 106
535 815 207
889 822 567
38 514 792
689 907 429
473 989 279
650 299 747
783 545 806
924 82 385
820 822 623
46 257 21
280 614 233
527 168 519
486 223 1000
279 839 791
949 553 915
814 839 488
86 532 658
673 759 21
554 385 120
75 799 825
917 172 859
690 375 655
603 443 724
142 778 459
730 391 811
733 942 209
16 865 524
61 471 496
582 695 676
220 136 748
178 951 235
434 907 901
557 478 387
83 136 349
374 610 14
910 505 223
453 177 952
960 400 160
907 139 635
596 944 139
907 663 159
948 39 507
727 539 441
782 423 177
986 91 818
37 303 742
269 744 532
913 118 892
783 511 926
223 716 359
305 713 635
566 219 999
161 83 209
505 745 415
197 788 197
811 394 962
335 677 699
362 876 235
398 822 110
992 967 350
638 318 156
888 664 443
241 244 460
372 282 139
16 544 593
155 773 270
50 624 362
24 705 597
314 688 598
249 821 684
807 806 732
931 553 816
142 370 729
137 432 636
335 878 52
849 564 712
587 586 72
71 375 712
10 154 89
618 63 374
29 117 717
883 430 71
215 881 85
671 293 8
96 362 17
952 7 664
111 220 765
481 672 583
417 500 841
61 817 392
810 804 960
923 569 356
151 246 969
827 862 191
525 909 344
144 650 350
408 925 754
583 865 931
262 492 889
406 574 110
62 967 420
347 218 23
834 648 240
592 230 602
216 159 932
909 464 405
333 945 597
682 880 507
150 87 383
477 694 613
371 189 289
604 744 329
893 908 238
360 683 214
521 584 807
934 731 659
467 132 76
889 749 508
642 837 676
845 646 392
401 618 207
865 236 255
659 418 763
691 118 596
393 333 579
250 457 798
623 495 370
643 216 986
860 258 104
953 568 472
853 267 358
569 919 469
655 869 510
381 40 224
418 747 41
494 974 699
711 182 66
424 296 12
362 945 175
569 86 653
539 478 72
786 768 990
822 616 195
545 633 149
552 435 417
58 703 209
909 356 508
637 236 412
445 776 327
880 693 987
188 408 300
8 361 482
198 197 974
877 517 518
878 864 437
77 802 775
585 523 203
736 84 144
461 997 171
90 898 820
725 710 927
235 211 450
974 235 573
192 704 353
123 141 818
425 936 624
644 572 83
674 199 177
520 465 876
143 364 17
714 313 369
7 264 744
97 430 618
576 988 462
144 394 374
53 735 979
390 409 579
3 738 209
822 824 322
386 411 276
136 292 368
618 246 51
371 768 961
649 320 504
255 297 767
465 422 884
389 347 422
210 402 975
282 679 454
150 809 894
472 122 883
806 428 93
659 892 279
936 392 837
991 126 167
38 13 644
358 139 394
448 548 667
666 843 733
282 195 984
412 976 851
794 183 395
65 940 368
118 239 929
941 132 661
472 819 188
273 392 9
233 379 460
782 863 262
987 317 162
911 575 664
980 432 541
989 287 630
545 244 633
113 246 599
731 244 422
630 962 43
323 395 783
90 121 247
933 140 922
466 486 820
171 92 872
486 639 301
247 577 367
51 758 903
228 430 295
615 732 648
461 949 161
577 564 3
318 224 851
466 457 750
708 137 829
950 379 910
354 627 865
488 552 197
211 185 278
261 558 972
907 661 448
658 678 573
568 399 822
718 391 945
389 305 473
856 723 718
679 762 552
946 333 730
22 298 898
573 919 484
974 852 406
951 814 832
661 239 149
857 57 172
149 243 469
429 114 316
311 411 74
410 773 754
237 206 473
467 819 147
150 896 430
795 138 768
658 266 689
179 741 310
804 942 573
718 563 427
394 200 466
230 501 566
370 329 901
262 826 530
844 944 183
515 432 743
12 197 540
724 570 415
195 996 994
115 874 159
9 85 555
832 591 738
764 931 195
493 784 65
620 620 216
698 810 136
620 194 347
68 242 23
475 675 779
817 499 920
790 322 935
807 129 635
872 830 947
493 986 478
363 980 668
908 424 574
204 318 212
672 593 997
729 574 252
912 353 230
345 340 207
791 59 982
522 357 972
314 503 327
189 438 240
595 88 824
453 443 537
436 580 402
137 805 649
933 101 640
524 797 9
940 691 718
173 740 817
616 32 655
248 571 810
744 851 388
765 457 645
959 602 388
651 638 381
142 927 287
491 331 622
375 943 895
856 530 145
97 873 819
477 967 894
531 531 460
793 742 792
86 826 389
675 666 159
263 768 577
995 964 330
935 983 671
683 246 493
74 274 250
542 336 675
5 460 554
279 788 784
996 218 789
144 357 296
698 112 334
397 525 353
453 913 366
76 26 644
511 465 779
311 589 306
554 746 638
252 22 676
713 676 426
805 396 415
442 259 463
975 265 864
15 30 906
437 803 242
597 198 929
324 398 448
24 116 38
655 2 454
674 406 583
756 191 776
591 440 272
51 954 503
229 987 515
684 34 369
312 257 100
404 442 558
872 547 16
126 208 329
92 178 314
443 952 107
545 530 246
109 650 258
809 283 14
999 697 556
454 598 752
993 288 993
460 828 475
878 232 719
133 870 81
513 798 852
390 563 837
541 141 316
751 239 205
715 708 820
595 827 691
719 838 31
310 28 229
457 502 716
278 980 115
905 71 501
512 681 193
864 239 290
695 233 879
341 130 140
997 22 228
704 807 147
652 561 30
905 278 839
381 641 506
473 75 440
534 960 987
546 529 451
40 884 873
853 485 931
752 15 8
240 346 892
90 870 846
330 859 918
118 854 692
377 328 75
427 410 26
70 722 23
257 424 246
526 952 927
525 774 810
519 497 565
410 90 244
221 37 648
191 632 143
156 376 21
530 798 624
328 883 452
391 630 759
349 374 611
39 442 432
290 48 45
455 433 692
927 10 274
85 560 962
750 725 954
876 591 278
896 158 800
120 189 818
508 115 331
282 97 188
121 494 740
349 956 710
612 66 436
957 72 671
165 288 33
678 684 724
43 811 73
922 829 96
179 310 304
798 849 205
781 286 309
529 317 85
882 655 497
301 971 795
223 738 693
847 700 179
528 751 257
768 624 1000
50 112 247
937 307 236
765 315 243
728 984 986
922 847 985
595 319 876
957 674 421
745 595 776
429 786 635
625 651 862
68 967 731
273 907 644
685 223 865
300 469 661
577 11 231
793 30 202
880 547 501
205 113 269
886 63 337
518 725 29
874 645 993
820 416 89
321 172 216
59 24 5
670 265 688
964 969 786
767 871 127
260 849 164
985 170 522
331 883 848
833 14 569
811 866 933
438 454 745
22 386 457
708 857 907
211 499 823
431 383 377
648 59 196
644 508 87
206 828 648
999 273 718
333 742 268
851 710 151
594 286 704
590 954 708
109 254 212
772 533 876
548 484 225
688 645 909
104 500 189
555 390 679
415 996 666
969 157 948
353 190 951
692 730 940
762 292 485
372 937 526
371 23 422
71 818 699
252 242 741
153 174 876
894 850 597
124 248 305
156 947 696
956 338 528
686 487 77
567 206 655
687 832 910
766 537 951
302 742 75
185 224 19
300 329 640
417 687 688
202 431 220
842 835 856
578 555 446
333 164 635
518 689 96
301 428 32
340 313 586
113 451 176
945 38 470
637 231 306
606 859 946
913 154 53
362 764 869
616 860 140
77 362 178
773 966 958
970 969 289
258 923 345
998 994 689
16 396 87
783 251 640
13 272 54
278 725 144
250 383 451
431 986 334
15 141 168
606 487 872
846 627 54
898 796 600
437 6 518
416 572 766
173 209 952
90 629 510
49 813 484
556 160 857
720 917 923
878 516 510
103 337 827
948 949 577
945 299 811
993 75 631
74 255 157
484 733 559
516 152 231
889 271 337
84 957 726
910 249 827
27 958 456
425 295 435
70 722 121
685 30 228
646 467 924
48 257 84
6 172 910
976 171 56
296 549 606
660 459 385
337 678 91
280 468 405
853 698 624
514 113 549
411 778 282
197 111 512
1000 731 671
586 78 831
753 194 527
76 499 790
902 508 683
73 536 163
524 850 491
843 559 66
677 405 897
540 676 185
89 774 151
158 528 134
172 161 387
446 23 198
56 973 992
341 71 424
729 235 383
866 653 223
80 593 376
629 797 582
391 649 924
590 443 273
747 868 584
877 885 957
85 143 733
665 515 242
290 457 933
866 924 118
898 879 51
135 961 961
941 65 891
476 295 393
43 144 493
527 142 446
599 79 894
553 28 15
102 648 880
105 704 256
176 745 934
639 643 534
562 335 104
670 512 132
87 26 994
998 907 332
584 465 115
709 678 463
759 914 75
548 111 607
764 524 321
10 900 19
24 565 594
38 240 515
434 658 959
38 357 840
810 28 929
262 340 453
740 500 538
578 154 784
718 771 29
270 908 181
590 884 918
211 74 542
892 455 322
815 461 752
643 165 666
417 47 273
997 813 469
847 663 127
48 693 899
555 178 746
877 967 365
126 260 449
134 570 86
920 387 621
666 971 590
37 529 830
89 860 776
500 891 492
912 780 583
181 217 910
465 586 894
797 578 862
838 881 117
582 31 222
918 950 707
30 712 555
140 333 314
70 738 33
85 409 507
17 940 910
526 734 146
472 699 186
734 110 613
471 588 68
767 891 240
501 395 40
89 999 805
977 919 975
8 943 417
102 243 791
887 438 691
43 749 201
658 501 514
795 404 828
430 459 363
821 31 998
63 647 145
739 66 94
321 487 361
115 658 476
1 5 426
454 408 795
178 795 408
285 993 107
4 814 700
55 673 162
296 309 951
411 456 350
591 746 933
737 832 770
910 718 926
948 828 952
353 481 623
858 841 821
707 917 642
808 912 395
397 918 233
273 980 380
995 530 912
814 711 733
101 533 338
819 564 446
504 229 809
891 433 612
507 123 107
450 931 509
623 529 570
677 35 190
108 620 662
34 263 888
360 624 121
254 59 807
533 958 589
300 112 157
99 686 604
151 80 20
439 153 92
897 508 863
642 348 73
994 96 124
713 610 604
264 820 912
505 405 681
670 641 736
80 543 383
23 941 63
462 895 214
963 783 234
908 390 409
963 975 801
510 742 682
250 533 401
28 561 745
74 148 159
330 300 945
422 874 579
462 781 849
579 904 306
279 89 116
605 191 674
589 55 199
886 155 945
184 428 353
275 45 467
139 815 276
825 146 722
623 198 509
390 939 363
588 479 657
950 223 130
603 498 985
131 373 54
126 21 852
21 913 667
985 871 80
601 622 59
578 43 895
315 596 565
517 467 445
311 716 856
41 202 532
406 820 291
401 673 656
926 548 827
759 460 383
613 595 828
245 556 226
200 275 522
28 209 192
750 277 820
382 794 260
865 555 815
293 974 747
82 897 927
438 218 505
476 436 363
381 555 579
661 676 885
430 162 610
560 838 197
451 380 880
467 839 872
30 653 753
733 236 435
262 366 420
166 199 633
994 924 6
802 715 272
451 957 866
86 193 576
101 995 595
230 536 388
932 79 655
231 864 772
168 249 637
433 342 933
545 545 555
58 520 849
383 349 229
131 450 65
749 633 171
762 521 78
744 279 580
271 483 586
770 50 594
996 487 478
327 796 479
861 163 852
101 845 318
564 621 131
46 886 546
208 989 600
492 379 878
571 242 520
678 56 103
74 603 272
337 225 547
589 679 801
217 766 694
471 87 276
743 573 254
714 39 671
574 549 960
699 877 408
729 806 904
653 807 535
71 210 783
112 106 203
43 323 628
611 616 548
282 383 673
18 396 490
556 969 884
440 740 839
398 968 811
232 353 879
874 243 51
740 832 766
175 409 538
169 291 449
716 613 311
285 31 23
958 83 667
566 422 926
549 273 601
334 833 55
369 453 344
556 786 145
902 123 210
34 30 677
390 108 891
100 841 99
30 358 755
283 600 540
316 524 827
203 308 469
75 903 175
919 381 321
803 832 229
465 651 807
402 470 257
812 640 468
489 16 805
56 379 338
411 515 716
857 39 342
775 470 26
387 207 869
942 811 288
691 669 80
979 82 160
793 121 997
552 192 722
298 142 73
570 805 35
627 126 790
576 352 337
76 309 920
935 539 885
596 186 120
913 36 301
85 318 963
3 261 645
110 79 991
86 781 142
57 591 91
247 969 737
230 137 713
599 930 240
854 278 318
934 544 296
264 283 4
988 530 273
7 105 828
695 937 648
191 254 21
39 132 992
125 80 307
844 828 344
415 926 661
709 558 673
831 87 33
344 241 494
348 601 412
390 902 552
904 285 535
726 279 989
777 856 736
450 722 614
492 296 799
276 217 715
118 263 13
609 1000 200
661 713 967
2 794 143
928 731 119
782 197 916
432 623 524
705 383 556
633 444 86
874 952 495
922 641 682
439 322 206
25 74 359
706 585 647
703 107 614
827 653 106
958 853 747
154 255 355
234 728 163
997 446 28
152 897 196
518 87 539
946 326 816
560 545 466
532 497 650
761 372 507
545 666 304
944 951 146
162 885 218
867 735 427
818 13 404
423 878 231
264 902 549
799 788 282
681 709 470
671 29 553
382 591 147
761 14 651
765 591 216
119 975 660
550 781 564
845 990 642
658 847 377
54 264 574
761 766 394
376 790 75
257 82 86
997 517 111
678 9 96
727 750 929
374 945 633
915 985 517
141 535 594
623 627 832
964 677 373
651 477 770
260 537 467
140 744 174
659 290 209
52 545 63
229 188 124
764 19 77
885 418 116
953 923 644
194 859 837
918 100 890
76 222 321
834 223 765
211 229 118
571 120 578
970 675 481
15 428 49
675 103 374
540 283 867
261 482 980
852 494 438
955 277 419
994 690 611
506 84 440
764 619 600
783 726 51
316 493 161
856 335 792
259 516 619
291 289 332
544 673 555
130 962 615
711 366 550
39 800 412
947 973 438
176 923 326
115 51 142
25 287 416
524 906 870
751 664 924
521 859 295
479 90 377
979 808 299
205 334 678
539 313 540
526 493 762
763 658 427
181 134 31
870 804 548
565 866 908
519 728 173
227 273 38
945 677 998
616 32 484
678 809 735
825 425 229
309 945 21
535 577 274
629 202 479
151 35 65
258 862 335
506 673 574
563 821 949
449 781 734
826 948 508
490 510 346
255 716 242
419 53 833
789 41 79
300 228 709
845 114 677
481 240 434
979 430 152
21 440 235
207 551 84
534 658 332
813 123 95
310 446 943
495 796 416
955 597 294
385 85 539
435 406 603
487 104 783
533 621 21
501 634 735
805 686 511
75 869 885
147 758 807
899 513 542
472 685 870
160 955 526
875 816 113
399 203 816
26 90 821
633 198 821
681 213 984
176 306 519
685 979 257
225 677 648
777 632 228
216 59 489
319 148 98
741 395 125
978 478 916
50 480 199
712 573 854
61 699 620
298 748 489
572 764 519
659 205 80
545 625 166
298 688 826
624 43 930
666 330 976
373 260 695
954 200 964
302 879 830
556 35 384
899 603 695
484 643 828
16 725 441
433 568 772
94 771 188
812 321 402
240 337 38
647 764 729
642 569 977
300 792 691
117 312 792
541 474 589
725 479 118
727 791 944
96 667 329
579 70 521
664 962 790
859 701 820
31 601 555
403 667 557
415 448 689
429 903 269
207 212 347
576 674 638
764 34 857
788 455 456
183 673 344
948 88 174
628 231 799
102 742 369
757 551 1000
174 837 457
57 617 784
892 940 150
746 426 767
243 233 519
413 559 955
270 876 606
696 325 477
1 287 66
763 286 383
277 596 314
449 949 754
62 589 563
24 290 209
148 711 440
508 976 2
281 953 750
197 173 732
894 248 294
873 232 376
195 353 805
489 941 745
584 961 713
580 732 599
26 957 47
64 211 520
129 21 137
4 990 419
814 610 959
545 900 515
605 82 63
440 445 170
352 472 552
281 456 2
781 619 303
797 151 564
619 356 388
520 607 717
102 323 220
337 834 991
928 882 256
568 276 391
161 58 866
941 372 946
869 577 256
97 889 332
639 324 836
996 537 197
32 69 842
297 744 68
863 902 929
639 46 343
494 945 870
683 725 471
711 500 906
544 490 638
261 586 983
109 2 539
958 688 802
588 520 965
828 778 727
896 390 980
341 553 861
118 424 649
387 18 400
51 379 238
226 843 949
869 934 193
502 592 468
232 264 213
144 838 805
897 325 993
878 102 956
559 779 997
745 725 882
54 505 71
797 194 47
810 632 520
595 872 869
194 161 567
115 456 408
121 727 51
569 682 542
329 183 592
604 722 318
484 131 514
658 339 899
47 605 131
990 265 868
482 809 854
837 353 592
213 994 301
396 506 607
898 250 966
775 109 274
912 865 439
559 340 491
35 67 313
817 317 475
934 118 966
636 440 218
696 316 970
450 643 746
933 440 710
224 482 912
612 511 35
624 658 564
827 840 393
541 377 17
80 812 674
556 419 340
897 573 604
631 287 987
692 894 795
101 165 356
149 596 242
877 611 559
541 742 342
586 134 636
379 327 770
797 906 816
569 544 743
436 765 149
569 263 989
805 892 257
134 114 67
995 741 431
878 472 243
696 464 705
316 553 296
900 817 455
758 434 587
329 983 838
632 335 635
14 335 895
628 193 980
541 447 468
433 941 631
276 601 529
8 176 638
321 851 5
356 464 419
305 532 444
84 620 689
926 80 644
208 598 519
477 185 267
195 994 637
605 564 845
955 148 998
899 982 696
124 92 798
756 576 667
104 234 192
101 151 317
145 105 313
150 635 353
662 465 660
803 859 644
616 684 390
636 14 908
171 338 390
260 64 430
722 521 739
207 223 667
505 941 367
203 111 432
479 524 297
674 719 482
334 4 425
904 15 196
713 489 519
758 437 716
39 195 17
298 475 87
91 801 38
981 162 534
303 224 214
380 665 466
210 475 301
415 847 551
848 500 4
82 366 587
248 183 652
819 498 254
357 186 739
95 984 128
235 906 289
635 162 679
204 96 34
182 189 884
571 110 309
241 861 489
560 76 34
890 68 570
521 187 637
44 683 473
83 19 400
299 577 157
459 638 260
158 387 612
790 904 236
32 422 471
348 840 214
391 531 792
898 445 319
418 891 444
636 644 757
387 201 39
527 25 855
200 961 394
609 855 76
887 364 972
704 659 876
388 348 840
521 663 813
281 607 826
579 866 324
208 327 779
549 16 869
962 662 362
19 414 259
403 436 436
478 867 618
136 161 205
241 520 537
581 564 464
388 995 639
194 888 631
618 821 991
821 296 952
577 966 939
240 704 393
30 975 919
507 595 876
715 79 615
745 102 689
477 402 575
217 474 485
473 935 329
225 16 92
674 634 671
171 738 714
18 234 503
79 506 540
462 846 119
105 9 773
370 870 322
164 572 971
454 675 607
979 368 187
787 107 887
20 374 127
543 69 904
410 334 592
524 444 349
286 865 473
860 929 508
767 601 655
827 8 195
445 944 21
504 244 685
542 869 454
124 271 188
927 995 704
569 694 596
41 975 436
981 697 626
533 586 571
71 282 48
234 838 434
601 474 403
309 399 883
891 236 175
489 228 862
72 613 807
830 23 7
293 273 212
88 285 155
250 815 637
842 20 229
808 831 128
635 488 184
48 888 512
397 677 876
770 927 709
207 365 842
111 428 591
477 126 424
997 532 713
739 226 625
969 753 449
661 227 135
847 398 95
554 619 807
288 491 519
225 659 803
873 467 506
251 128 666
647 329 834
298 116 739
282 142 252
709 216 103
718 129 738
991 992 291
716 371 991
610 807 449
289 261 45
161 345 232
954 764 774
413 557 397
26 693 374
585 988 103
689 129 266
314 962 216
99 202 921
665 807 611
99 957 941
287 517 163
775 852 446
618 325 304
222 361 414
421 882 547
527 417 33
23 500 543
369 645 24
12 231 283
352 274 720
835 876 609
891 871 961
239 334 152
386 707 88
859 303 643
575 596 719
212 164 842
377 425 629
233 596 310
437 587 879
766 331 332
634 355 562
745 482 282
692 540 935
974 167 220
911 237 699
172 788 518
261 33 589
621 164 203
580 121 869
400 185 6
821 600 802
44 975 505
247 93 223
658 774 560
320 513 855
497 349 668
452 703 859
850 976 60
105 448 807
944 994 736
34 648 451
523 171 974
511 487 960
967 387 562
575 300 725
106 147 126
348 582 381
497 235 385
674 878 564
370 558 57
695 690 221
433 625 725
429 337 31
839 386 231
798 917 258
37 164 631
272 67 331
860 390 495
507 507 845
636 930 359
236 975 238
149 762 733
860 295 59
909 413 423
156 628 280
201 949 243
884 265 824
263 991 213
400 944 73
223 621 784
336 877 375
900 393 553
474 864 170
648 147 180
446 631 53
381 867 119
230 714 4
302 663 106
865 495 514
616 486 927
710 858 92
350 908 277
594 553 946
390 496 356
680 364 632
86 597 82
299 711 210
724 262 287
684 649 59
474 40 279
421 129 396
928 150 25
61 40 889
478 512 220
563 103 833
770 776 408
352 870 813
404 77 883
518 656 781
910 509 718
417 691 499
255 834 115
458 350 892
694 358 724
963 356 890
388 993 69
424 834 875
939 818 745
598 965 652
824 992 673
804 679 308
869 616 891
568 584 533
738 897 226
757 176 842
363 292 984
880 668 360
339 209 124
47 485 949
384 842 759
377 675 633
499 9 324
485 142 574
203 706 989
918 304 333
894 418 513
410 326 473
841 321 273
150 383 200
821 680 704
240 747 336
410 859 13
599 949 946
112 703 385
403 677 29
161 223 464
949 225 605
734 205 493
546 580 919
444 592 159
181 40 554
866 545 795
29 155 735
986 71 18
171 431 547
375 69 160
340 624 615
103 779 733
684 392 925
386 660 634
768 719 539
775 745 984
687 352 261
106 579 798
346 567 78
877 206 78
510 58 825
565 740 203
582 620 216
406 846 583
389 316 541
316 415 339
982 614 545
774 528 578
884 438 335
677 936 214
58 892 240
662 681 59
455 127 527
738 414 606
484 880 409
643 805 824
246 161 310
653 246 733
310 776 200
375 209 730
730 636 24
179 813 130
531 364 275
671 634 159
774 213 228
189 892 247
981 721 235
818 373 711
295 733 82
432 722 176
733 315 142
7 468 801
808 911 370
123 854 972
558 420 321
155 639 917
871 645 91
741 743 916
150 830 616
424 212 558
644 563 875
556 773 855
222 372 600
636 962 265
72 261 207
133 408 148
834 647 664
625 742 370
413 245 954
346 882 98
233 80 875
420 411 255
501 248 852
747 247 38
271 252 259
784 223 513
523 324 904
50 345 275
46 493 9
73 907 734
266 970 914
114 664 298
808 997 525
787 507 368
575 668 220
110 367 262
220 124 352
457 777 754
398 714 858
602 264 911
73 126 755
483 661 145
590 698 426
742 438 51
709 250 484
241 745 806
848 612 606
980 515 535
758 107 115
944 416 847
393 327 348
553 963 2
536 128 174
380 831 924
789 301 136
46 963 202
307 709 734
743 26 997
438 906 193
971 959 131
104 423 768
906 492 496
888 769 950
754 645 768
416 428 634
477 604 434
876 298 983
963 286 288
114 526 622
761 162 395
201 573 665
524 597 434
700 195 319
143 621 854
139 918 815
578 907 356
780 957 122
709 573 933
168 595 890
707 11 481
591 635 182
574 970 579
731 608 704
533 499 979
123 785 156
84 503 521
412 882 104
303 295 179
117 139 152
602 616 657
678 753 359
29 33 308
99 935 585
809 151 640
678 270 475
908 6 257
381 120 294
788 694 885
144 450 429
25 824 511
3 821 649
850 925 393
665 218 173
72 797 264
509 66 58
178 990 179
315 537 197
902 223 264
911 710 514
973 778 755
221 674 614
55 232 451
520 261 656
393 208 903
358 515 445
57 809 74
807 393 573
828 44 992
499 433 402
877 806 460
370 488 362
679 610 563
877 832 111
343 353 205
295 294 364
112 245 721
813 900 647
355 211 609
149 746 421
177 460 246
88 94 737
893 571 156
65 34 361
3 521 545
345 35 798
356 898 997
529 684 17
583 920 428
915 596 548
236 73 362
642 691 522
824 456 692
404 560 489
217 462 222
469 770 168
913 117 392
542 134 387
707 511 662
565 48 410
252 2 952
65 615 43
558 733 787
428 905 167
501 676 946
573 712 414
627 298 425
982 520 53
267 793 243
299 523 529
960 124 297
242 724 276
409 381 902
721 770 448
371 414 120
817 687 126
878 908 938
335 380 138
470 93 442
255 307 257
10 631 804
438 228 867
135 627 32
755 937 500
225 934 603
427 631 332
371 626 344
534 379 537
549 648 769
534 887 286
473 568 506
466 669 873
977 421 365
708 371 221
153 889 365
126 422 66
592 248 827
664 122 208
817 163 792
917 39 889
578 399 925
272 946 70
321 603 683
194 783 808
370 209 940
836 918 112
297 447 808
721 127 851
896 34 580
936 998 762
921 651 775
204 738 993
858 288 204
21 464 561
539 956 579
359 708 651
282 30 473
846 444 22
223 258 460
488 314 620
555 573 132
635 406 310
352 208 397
698 178 799
822 812 747
878 494 340
280 975 165
824 946 590
62 130 358
751 114 579
657 375 160
825 639 553
748 686 835
437 897 785
206 912 236
934 229 178
565 245 97
44 986 914
362 440 936
375 784 170
193 935 758
398 969 590
144 633 586
735 472 226
787 852 584
449 47 120
171 627 321
59 941 519
99 540 283
332 1 406
216 155 594
79 878 112
271 346 15
942 915 43
659 614 354
27 784 787
731 45 661
107 256 212
552 341 269
504 18 133
118 510 870
700 345 802
525 71 65
269 741 283
247 185 371
159 863 800
885 87 930
320 638 755
519 824 647
596 184 456
115 797 34
472 336 120
978 190 164
906 37 985
576 532 88
247 250 477
554 943 584
823 968 879
917 305 102
360 225 187
150 202 832
559 872 320
796 541 745
498 744 29
775 103 919
528 420 433
316 755 434
874 853 817
393 101 303
789 826 826
882 978 933
958 720 589
106 80 931
282 999 198
320 10 30
797 832 691
110 946 795
341 274 149
640 476 510
776 883 759
658 492 759
728 959 760
93 739 258
918 721 930
996 444 539
907 177 668
482 69 967
393 428 829
234 834 409
470 312 233
537 200 454
255 341 580
218 84 497
457 157 889
425 87 712
235 390 499
27 439 993
212 934 81
627 920 183
529 164 324
367 23 179
400 538 612
462 654 186
649 189 934
727 933 163
252 221 125
497 423 872
301 219 325
966 878 78
913 170 597
54 28 749
621 654 242
625 468 750
724 777 658
327 239 73
811 241 599
84 996 88
98 376 745
372 277 494
97 296 290
387 831 444
29 48 934
484 970 989
303 995 574
371 103 890
643 867 222
978 869 478
166 326 793
365 107 482
955 774 33
911 927 363
697 296 44
304 940 391
88 997 585
536 315 743
754 534 236
560 124 131
195 250 584
624 784 846
939 224 856
634 584 826
74 267 985
981 122 764
60 890 563
460 766 34
861 847 77
903 302 913
880 314 174
583 513 310
504 801 144
984 832 915
832 178 884
276 841 209
700 191 862
907 916 817
998 886 227
883 211 849
878 335 887
799 775 525
169 355 769
526 970 534
587 529 241
704 653 214
953 160 175
478 494 160
806 467 877
760 185 928
717 791 802
77 698 529
825 677 211
876 65 17
779 44 75
959 316 293
879 652 66
565 552 996
488 351 691
367 175 991
611 41 412
774 412 734
908 558 555
228 93 130
426 162 982
302 320 23
576 328 423
915 250 625
964 405 207
605 691 784
853 126 521
199 309 31
892 127 574
459 598 136
315 604 617
245 389 40
879 191 518
40 724 553
860 737 385
273 262 333
281 68 783
822 315 886
868 69 1
882 652 658
66 683 631
458 130 510
886 571 322
570 38 718
744 116 819
281 547 28
728 323 834
680 29 500
483 827 968
19 873 662
424 990 548
942 680 384
340 696 178
518 246 103
611 467 853
304 863 962
651 184 240
794 901 584
336 974 668
809 218 603
434 271 253
456 186 928
512 309 546
319 808 215
293 568 745
319 100 129
598 17 411
57 641 594
503 430 964
392 184 553
232 512 940
249 357 787
521 138 704
102 502 638
378 283 782
64 234 794
377 958 563
344 564 146
225 935 699
791 374 347
244 113 738
137 884 705
955 406 991
706 658 199
81 34 327
198 376 942
431 989 761
178 286 953
865 835 500
683 927 331
829 895 10
939 11 169
221 840 131
116 939 100
468 563 86
12 323 67
32 169 702
659 104 584
97 934 148
403 583 903
312 962 244
510 553 592
59 553 77
702 461 865
287 135 31
896 7 464
386 572 323
353 988 73
486 965 364
866 670 850
296 890 450
3 155 107
776 228 668
855 281 878
321 859 818
511 727 19
962 423 581
460 879 493
4 290 424
548 765 107
809 459 866
241 261 325
970 486 429
692 81 281
234 635 443
140 145 811
575 607 430
142 123 778
173 652 639
507 906 264
373 606 908
913 569 166
696 686 400
422 304 893
450 545 322
303 600 284
193 389 902
326 90 849
847 274 436
737 196 268
400 726 125
285 171 492
607 462 596
137 928 596
839 752 58
869 150 313
262 622 269
682 123 653
876 181 774
346 96 829
861 222 286
491 210 923
887 633 658
999 429 42
337 440 821
697 421 883
234 415 455
506 931 832
870 306 132
184 993 777
241 270 614
9 39 197
721 381 27
364 647 228
258 399 65
576 791 380
876 615 516
567 301 998
703 892 551
779 452 921
277 404 39
679 239 954
483 602 63
905 469 253
739 902 394
630 44 49
193 955 620
648 534 667
854 657 122
827 772 808
951 78 211
962 641 225
950 330 333
280 242 122
516 393 938
984 467 38
847 206 462
455 366 843
225 589 347
712 449 651
868 718 251
136 592 613
192 111 864
467 565 429
412 845 114
147 574 132
640 927 581
841 571 709
663 335 854
877 32 436
279 697 932
418 248 744
804 539 478
459 711 613
73 177 516
276 204 428
911 814 871
847 772 724
3 928 947
972 377 687
763 892 546
666 965 294
882 233 425
786 335 183
620 33 149
518 381 683
6 203 472
78 7 922
577 553 188
647 925 269
344 995 229
909 804 331
263 157 636
138 34 112
203 972 537
314 289 633
375 979 360
808 26 625
634 508 451
717 884 136
671 250 88
516 702 862
618 868 236
71 892 1000
522 328 198
996 894 242
283 842 641
290 789 232
394 268 409
326 941 381
174 352 664
550 175 175
460 353 645
728 272 10
970 709 433
775 22 353
630 359 555
339 440 651
525 67 661
60 562 460
197 312 824
284 998 908
789 990 746
90 884 279
571 172 380
90 275 576
509 833 949
135 947 128
957 931 575
404 917 900
854 16 290
933 544 782
861 870 435
11 137 299
389 352 683
14 819 742
545 1000 252
155 907 238
419 577 369
435 609 682
227 300 408
876 655 464
448 443 93
799 30 164
884 347 158
971 686 632
2 592 603
87 704 285
447 644 218
37 650 34
945 338 975
561 160 390
761 810 742
421 891 549
755 253 712
418 95 629
684 868 628
184 458 470
431 382 503
609 420 138
770 357 437
607 109 146
51 438 555
161 601 995
192 104 917
89 845 159
630 15 905
32 558 363
479 1 530
198 345 341
813 809 295
658 551 365
483 855 425
674 968 479
640 681 818
272 292 299
672 415 892
216 591 564
41 406 245
989 180 519
28 628 384
317 439 797
426 290 396
838 601 568
909 644 634
645 310 948
442 461 747
929 45 367
651 998 421
726 291 244
288 565 367
387 274 909
168 585 43
190 300 63
90 140 982
193 101 919
270 276 951
957 773 218
923 354 734
696 218 983
484 16 555
961 354 741
652 101 82
97 178 596
78 336 671
739 349 498
429 545 888
531 574 161
751 149 315
146 576 316
750 519 999
970 588 645
422 343 64
51 904 993
708 157 589
989 22 696
457 127 14
270 987 352
110 106 983
58 110 124
978 96 481
183 808 77
475 214 308
52 362 418
893 688 952
928 32 342
764 309 374
508 537 874
318 976 30
972 806 532
726 101 172
816 189 511
844 36 350
376 471 165
977 987 274
86 95 560
365 724 947
954 257 654
472 144 900
764 469 858
179 670 771
256 81 831
100 470 868
539 938 305
367 885 221
402 431 587
346 171 876
386 67 122
824 331 672
213 598 344
736 882 912
287 169 632
232 161 480
329 409 407
723 105 256
62 197 639
404 790 285
328 970 819
977 205 890
567 49 304
837 283 652
543 466 893
217 877 373
953 501 609
510 470 34
794 305 469
406 739 325
995 836 691
304 250 979
732 778 384
986 137 961
857 903 439
74 982 539
318 151 520
967 673 537
530 933 833
11 272 705
399 708 686
632 389 972
919 956 87
122 856 716
816 361 263
682 138 290
813 528 799
768 590 76
712 705 341
227 317 923
599 802 23
939 19 292
17 680 306
392 46 613
212 225 409
849 118 153
510 818 955
968 749 912
58 402 10
211 922 908
650 412 989
468 486 130
923 2 599
255 914 37
965 380 899
575 319 329
927 465 315
580 355 785
605 883 379
479 866 135
501 86 209
635 345 785
991 338 249
586 307 117
163 679 994
11 854 579
54 634 815
729 394 853
568 531 933
24 183 185
568 216 709
151 551 425
258 432 814
330 980 307
52 941 722
370 97 284
82 668 104
182 275 207
13 206 183
806 325 232
596 719 501
910 395 826
487 642 140
229 56 895
106 121 617
116 946 874
885 505 890
17 198 584
707 932 675
825 832 910
465 588 260
159 9 753
277 395 738
281 366 584
315 875 331
165 834 773
721 338 692
437 508 634
949 353 48
801 12 254
676 123 589
989 129 368
473 466 512
835 376 18
964 373 897
519 30 27
279 414 891
390 566 568
86 932 72
825 788 4
431 963 323
803 452 181
875 231 645
411 971 874
608 765 245
49 538 858
177 163 176
320 553 436
458 215 640
564 146 478
501 422 119
875 751 190
247 110 258
460 872 817
683 191 917
55 211 412
891 721 262
354 465 88
255 367 363
133 718 457
145 547 444
167 286 568
686 539 800
472 777 535
352 133 716
651 80 256
298 809 732
352 906 437
617 400 293
620 726 129
30 725 604
872 852 698
798 254 505
119 970 214
354 4 5
402 870 850
144 295 785
672 551 179
457 725 106
271 669 121
515 159 833
985 815 68
826 112 774
200 80 684
596 312 882
588 649 980
509 643 965
243 530 928
853 876 175
146 686 68
310 903 224
185 595 326
205 807 510
34 561 573
28 581 142
111 958 441
735 549 454
165 17 3
553 739 707
291 340 263
112 144 196
6 85 915
618 598 905
758 598 769
602 129 813
769 215 417
534 205 491
713 68 455
787 462 690
249 948 706
204 640 911
474 749 179
570 644 690
556 812 158
987 832 660
899 716 368
556 69 165
118 34 290
782 697 196
397 563 966
427 7 188
581 463 184
397 284 909
943 768 773
174 56 404
267 254 460
732 431 796
257 868 790
201 634 922
800 102 829
337 34 308
797 82 730
628 1 910
318 496 739
540 613 422
903 54 627
858 30 336
95 652 904
808 119 969
441 980 672
510 286 236
524 626 771
746 564 171
297 760 107
607 989 10
791 579 709
334 647 772
585 567 907
554 430 940
404 335 412
817 109 242
150 424 545
179 310 627
674 722 314
730 55 564
802 962 309
402 141 108
871 313 266
450 482 296
118 812 608
716 324 136
14 782 999
332 43 687
628 369 116
854 927 731
684 235 662
190 301 876
527 424 756
649 687 684
868 710 893
915 548 222
323 985 936
840 350 217
363 178 391
752 99 758
15 972 789
836 904 897
29 611 609
436 17 410
714 724 672
378 768 371
220 902 369
247 63 727
60 651 751
26 162 207
688 974 339
100 97 895
983 287 432
478 736 146
630 378 876
741 782 836
240 419 669
297 716 725
15 505 157
987 146 55
519 881 230
22 873 835
535 934 29
391 234 495
321 904 927
637 390 871
480 26 691
86 578 526
444 486 663
287 828 869
659 312 161
721 766 878
817 995 637
902 534 417
199 113 56
701 134 561
59 31 352
233 870 703
841 418 792
768 271 414
125 160 822
651 355 114
861 284 363
282 901 640
942 807 967
121 397 178
232 131 322
188 443 474
276 316 265
351 953 588
958 729 163
739 47 379
612 410 532
415 548 792
67 730 704
607 539 511
965 727 605
908 257 108
365 283 73
101 845 167
924 146 317
732 634 408
500 463 482
926 327 403
44 700 438
285 257 357
795 995 771
367 231 896
1000 844 403
412 315 276
435 707 833
620 678 376
577 809 667
997 420 427
786 568 177
66 595 805
551 122 864
11 241 860
340 73 605
371 714 635
741 614 38
788 899 770
455 933 243
394 517 519
486 101 642
81 32 622
686 764 109
569 715 299
786 753 604
523 845 308
958 347 336
909 957 844
40 440 819
669 826 521
374 779 477
999 718 611
997 477 657
922 998 261
1000 276 541
539 926 221
684 819 171
742 729 913
307 959 546
888 393 87
798 792 493
616 953 677
336 773 29
400 713 551
9 346 276
955 263 141
387 413 97
703 181 309
710 678 384
264 299 564
283 54 697
542 314 976
325 68 380
965 588 833
928 634 832
154 527 144
358 217 356
214 58 547
333 273 229
556 964 99
179 19 2
386 408 990
931 147 929
453 888 768
124 279 647
134 377 955
933 325 821
394 272 701
605 263 776
974 306 747
635 390 28
110 287 204
938 736 48
248 641 89
240 322 440
997 146 35
834 608 283
570 841 471
869 684 424
124 594 659
834 859 267
283 367 731
253 74 334
979 596 261
338 532 347
91 356 41
636 548 286
958 325 626
487 745 283
749 570 590
807 915 602
327 109 201
288 253 771
465 226 232
649 897 883
906 34 826
576 958 606
356 927 591
242 876 912
245 762 937
557 125 336
240 163 192
823 119 245
201 566 438
154 345 852
842 441 293
496 322 763
941 794 697
880 353 521
798 797 819
427 279 91
684 130 149
637 375 438
140 293 965
78 411 15
914 374 107
587 571 513
459 831 722
369 31 945
495 857 228
605 877 131
430 362 744
858 935 772
569 808 712
642 548 234
872 529 340
709 680 486
566 445 154
807 342 761
779 942 383
165 476 379
246 126 131
56 293 713
652 154 390
491 434 970
418 337 378
472 242 913
243 729 330
695 452 476
625 304 752
584 87 514
200 218 990
629 85 601
423 554 335
321 312 815
715 622 696
105 901 910
248 750 37
34 6 222
474 435 114
687 992 675
631 396 788
717 17 407
517 20 203
637 626 842
537 552 956
500 97 98
985 63 944
670 272 138
511 185 335
514 4 272
293 667 8
6 86 110
156 594 44
227 452 838
79 621 283
248 884 92
679 575 210
202 189 217
641 644 152
34 995 902
848 859 510
411 289 521
665 61 661
450 581 930
565 550 690
335 279 401
573 422 992
733 962 849
710 263 123
580 949 966
723 122 462
119 82 319
778 665 610
865 216 478
908 462 751
943 827 533
614 453 273
406 28 778
635 92 332
882 766 17
561 638 424
89 585 665
928 354 711
887 941 618
561 164 991
673 398 65
823 890 794
340 688 968
254 323 818
31 502 637
110 126 204
669 585 509
74 730 875
310 341 22
402 872 748
929 537 153
202 32 652
727 47 905
594 299 128
109 414 117
212 686 585
465 92 698
724 904 570
548 901 196
331 618 721
593 618 89
794 405 577
764 868 826
679 202 459
863 826 300
394 167 727
160 389 164
886 873 731
953 929 153
491 19 956
161 81 988
54 406 930
953 694 820
387 118 114
729 842 116
630 447 597
904 301 371
514 82 911
962 530 449
296 546 306
451 787 437
745 267 326
752 949 89
308 190 424
29 633 427
169 734 91
11 973 802
585 614 806
995 711 346
436 351 702
281 842 926
493 367 371
450 812 491
900 531 221
486 848 790
738 541 572
171 75 717
451 80 43
633 575 215
1000 290 401
645 982 987
417 13 361
224 795 436
262 988 636
163 677 234
159 367 700
334 948 600
312 589 780
114 541 352
529 869 649
785 409 49
969 483 395
412 729 896
712 84 659
212 925 333
122 943 400
201 665 311
765 943 531
567 158 341
139 912 370
952 91 762
578 934 953
978 948 837
416 702 957
202 336 805
28 164 225
263 187 620
954 683 354
390 792 290
526 905 167
56 43 624
497 283 132
818 860 349
665 230 608
237 479 237
444 530 971
29 866 764
167 990 302
39 251 531
687 405 256
838 39 730
468 600 400
829 834 234
378 356 319
847 392 110
640 378 465
678 480 216
913 792 314
743 268 127
378 661 1
787 380 312
975 51 962
289 213 170
609 940 110
300 747 504
55 429 383
736 539 668
19 923 411
960 118 123
470 387 330
802 326 835
314 308 263
231 464 962
745 213 38
800 918 408
657 325 79
912 128 437
994 376 187
287 784 207
793 300 213
3 808 64
435 821 16
646 502 643
834 670 770
277 775 115
944 322 401
817 554 404
73 849 328
240 802 185
670 272 465
674 329 861
212 317 883
968 20 79
994 805 292
255 324 402
885 312 804
859 111 642
63 880 387
638 983 750
99 150 372
760 174 763
308 466 869
330 760 361
995 947 757
132 310 443
618 267 905
446 876 131
366 500 4
159 697 128
873 826 233
741 942 471
186 868 716
480 750 46
920 688 703
826 749 11
73 338 270
200 489 332
691 344 849
220 464 378
495 430 383
878 676 639
310 349 873
221 635 451
406 792 238
914 463 626
139 387 782
168 90 807
404 941 942
440 712 589
642 181 170
531 120 977
109 310 134
22 338 64
666 732 580
105 299 201
444 26 361
39 964 267
250 45 492
285 650 257
124 412 842
545 308 449
853 365 307
155 163 245
828 469 380
484 327 821
814 25 968
65 650 714
240 475 448
441 299 105
919 413 303
798 956 694
829 213 979
446 99 982
723 365 514
500 957 101
433 53 601
400 888 68
429 131 760
517 894 759
155 59 474
73 146 718
126 79 314
300 405 932
59 467 33
145 895 321
904 534 598
25 283 321
240 43 868
934 341 295
230 258 127
244 551 961
417 46 491
519 882 716
618 722 429
550 594 597
397 372 228
286 907 381
802 140 490
472 664 854
766 369 245
935 336 153
28 321 117
476 453 849
950 552 52
71 931 106
920 292 917
826 858 530
104 881 276
562 53 458
927 524 443
503 906 451
115 375 418
247 646 813
775 671 139
971 261 240
564 771 908
583 929 476
539 221 773
12 567 311
146 741 437
621 808 755
737 965 52
96 565 295
289 69 917
908 651 262
110 606 271
761 384 345
642 719 591
365 520 215
284 299 939
579 981 499
123 450 425
504 201 249
382 756 667
107 21 740
970 154 177
270 954 851
504 715 305
49 762 572
252 689 39
166 634 772
48 667 392
356 133 45
803 284 391
626 122 815
119 628 673
530 490 410
261 614 851
463 301 716
501 774 332
217 571 702
479 869 667
873 740 709
841 260 539
579 320 96
113 932 194
573 573 793
90 694 492
652 498 341
157 55 17
120 562 263
819 949 289
206 7 47
788 788 170
733 194 391
508 1 91
263 249 361
627 127 997
73 369 569
881 490 782
654 845 891
665 379 256
263 194 875
611 554 345
518 433 145
755 203 230
124 462 718
492 501 690
886 920 823
97 622 53
343 590 933
668 558 613
623 981 974
395 692 711
139 53 534
376 264 289
464 565 358
959 718 287
719 216 281
956 564 568
864 957 401
93 586 917
699 531 127
972 671 70
563 87 475
697 403 93
720 403 440
63 882 277
856 837 464
984 406 298
168 465 628
117 565 613
255 650 709
18 260 333
54 517 208
996 89 428
158 978 231
293 10 200
840 338 110
786 590 722
270 632 907
600 571 247
83 733 188
537 802 502
933 569 904
787 166 956
860 98 880
834 163 650
287 183 364
660 875 720
740 306 610
588 170 720
114 695 959
246 405 125
512 315 297
42 295 598
325 997 672
218 788 614
785 718 32
35 475 560
239 621 764
689 664 216
684 222 428
298 72 802
293 348 330
595 997 413
173 806 893
39 6 571
931 578 211
248 256 701
685 949 226
506 915 263
745 717 212
396 67 914
522 49 20
233 954 553
7 270 876
960 502 88
65 661 69
129 109 350
908 219 888
461 652 76
930 535 962
818 77 437
897 60 29
667 413 477
807 19 793
552 136 15
80 494 14
140 323 353
409 427 709
529 285 733
326 151 89
918 777 50
857 309 756
820 752 362
669 1 149
101 250 84
517 964 965
680 997 513
218 276 778
476 381 136
667 322 260
533 502 940
999 751 177
181 874 113
986 204 189
22 217 42
845 374 808
750 358 553
137 335 355
318 547 474
172 80 175
647 691 80
417 38 121
603 492 192
98 609 453
134 620 565
341 783 113
489 743 676
143 472 734
436 841 340
801 97 383
248 494 953
311 239 326
802 587 60
472 519 786
86 489 751
31 736 10
671 944 335
354 455 754
579 436 222
624 969 639
20 695 609
828 921 106
780 942 48
528 140 941
462 586 591
193 658 20
909 446 138
385 905 423
472 113 537
426 899 607
107 797 51
626 851 848
700 710 84
740 89 558
194 119 326
42 912 285
941 42 722
59 30 860
45 143 410
892 945 375
830 663 425
539 947 293
626 244 171
769 950 416
395 235 550
438 510 344
397 245 854
716 743 525
1000 114 65
408 172 302
52 923 911
523 796 528
643 689 752
981 788 831
829 513 686
716 334 119
648 163 386
600 187 163
876 820 554
778 767 129
454 654 995
627 513 445
165 790 744
813 259 407
118 105 457
206 632 182
614 57 413
210 328 139
618 674 283
262 36 894
316 625 410
229 19 844
533 638 284
311 72 174
760 448 240
302 452 212
682 583 939
2 722 595
398 611 145
612 923 130
300 852 78
651 936 166
345 881 558
466 685 548
917 991 934
5 853 470
872 299 531
596 490 860
435 814 918
741 127 548
437 439 823
120 395 57
123 282 791
349 56 831
205 54 288
748 3 815
116 323 767
950 707 545
415 389 612
165 286 924
207 445 157
782 848 683
924 162 845
399 99 725
795 590 518
868 390 726
441 336 858
799 950 904
236 709 390
713 401 778
521 961 608
692 48 971
782 429 462
653 587 81
376 738 603
525 502 406
126 210 482
795 838 705
277 500 936
139 481 474
873 529 118
417 236 998
917 552 398
392 675 711
530 774 662
345 249 385
108 399 897
322 76 89
580 420 212
272 905 747
15 304 448
810 176 421
201 871 814
403 282 660
957 664 685
806 332 545
186 14 818
974 82 660
446 213 30
715 518 517
406 562 677
817 369 298
401 638 275
900 700 508
566 62 426
629 404 248
756 430 848
635 485 846
655 350 308
136 984 513
257 212 931
714 374 533
675 273 209
309 425 843
747 739 870
926 636 979
377 620 290
973 23 211
555 746 590
938 222 510
501 952 325
664 386 574
179 270 2
782 844 484
886 136 387
213 935 536
291 760 103
702 976 558
226 299 957
135 695 341
606 51 865
9 391 357
88 219 235
937 785 225
777 377 764
686 499 75
291 508 926
202 724 333
816 410 636
117 873 505
215 763 126
223 431 601
971 557 889
555 868 239
683 146 680
423 366 310
394 537 842
432 256 937
218 522 487
328 856 305
850 367 423
907 800 386
595 59 453
531 568 709
627 930 418
224 306 248
338 441 409
289 959 901
38 230 726
380 646 974
682 153 595
245 701 93
582 734 153
995 540 788
807 221 423
387 198 747
54 775 488
177 206 560
924 501 297
385 728 543
298 653 748
813 319 34
783 402 973
256 562 641
897 241 506
190 222 309
71 769 115
386 926 124
461 149 987
589 235 134
25 786 602
95 180 93
946 763 917
38 92 94
609 225 237
141 622 449
570 839 238
127 355 295
328 720 933
865 965 568
980 556 543
353 265 134
113 561 21
547 470 744
578 293 499
569 478 74
451 566 880
284 995 710
534 889 931
643 772 534
401 173 409
94 658 509
168 578 156
179 430 813
441 106 316
883 508 310
233 641 871
232 917 696
353 150 917
501 550 320
396 197 336
49 769 816
478 410 82
480 324 576
35 795 241
960 659 278
447 489 465
550 426 193
196 26 140
759 307 714
893 398 621
554 601 606
119 859 581
346 400 311
264 161 482
646 463 375
691 429 124
166 778 253
449 337 507
590 715 763
313 246 539
716 431 548
346 801 59
536 988 726
60 695 485
214 561 988
308 122 451
466 269 556
585 231 386
653 735 368
979 435 423
481 165 713
69 402 945
573 730 180
993 240 994
487 185 619
66 914 30
94 572 677
833 401 425
607 124 120
206 421 226
426 834 251
348 334 154
41 66 920
503 815 665
992 120 535
394 487 803
828 497 541
547 222 249
48 710 250
809 99 360
412 376 752
734 358 334
302 123 124
244 51 510
84 326 614
515 605 273
805 197 885
492 512 15
192 535 432
439 269 137
951 634 837
685 783 589
316 778 336
412 332 909
940 548 554
425 647 194
817 964 698
888 706 452
377 993 922
954 107 525
358 576 161
140 856 257
533 556 165
320 596 291
475 241 217
84 168 544
886 12 797
928 802 516
935 489 50
947 492 101
711 800 376
956 383 873
7 730 619
425 440 277
661 578 718
936 188 943
209 781 731
117 684 330
979 801 275
362 746 637
301 288 711
184 650 57
284 36 17
106 121 70
550 461 145
597 511 548
260 440 690
516 909 746
778 792 633
469 474 237
394 149 916
896 301 688
315 222 105
147 406 792
762 238 67
476 963 249
463 7 909
819 89 937
53 13 85
806 34 278
964 695 256
785 466 455
253 788 585
634 17 476
957 208 690
664 149 395
3 435 160
762 251 584
991 411 899
606 273 75
479 268 989
688 424 138
200 670 247
46 441 469
636 512 831
87 808 163
415 56 614
587 866 781
473 86 522
410 705 860
417 993 367
230 734 69
647 299 260
882 162 634
575 95 137
402 191 9
382 500 536
693 926 642
552 959 542
892 779 417
489 894 211
400 205 705
391 950 473
524 614 484
677 165 976
158 159 824
962 131 87
941 761 265
303 925 200
106 247 754
560 958 992
853 534 844
131 861 812
155 420 110
312 319 771
922 952 376
869 460 698
860 441 312
52 102 336
89 399 597
656 124 869
137 26 580
31 279 870
452 679 164
412 230 165
544 664 939
406 563 376
8 698 35
354 580 59
166 569 862
301 396 229
530 565 857
166 717 447
286 615 930
189 207 462
936 677 54
852 678 801
798 202 818
20 446 315
493 523 191
870 433 192
871 763 943
356 490 244
986 677 645
42 297 857
645 760 94
467 710 413
546 879 345
285 972 888
601 552 154
897 430 952
484 971 444
855 295 579
55 167 817
252 247 718
241 632 969
304 840 22
850 277 532
70 558 40
503 603 350
242 806 461
74 307 325
259 635 599
644 334 589
239 795 27
434 938 318
952 964 224
129 13 688
767 829 876
135 183 714
345 764 402
143 197 45
513 626 975
723 760 96
305 638 441
230 116 155
435 537 884
735 831 882
28 70 396
866 638 132
890 775 50
333 831 46
20 198 190
646 704 954
25 685 77
910 121 305
781 828 699
512 65 732
833 623 864
733 999 418
767 282 131
896 537 71
557 839 518
547 746 229
329 19 513
437 388 510
246 815 587
420 17 736
517 666 157
343 700 905
502 902 564
811 255 384
576 107 102
638 310 181
315 506 556
741 804 172
72 617 39
944 187 742
619 84 23
390 752 390
730 579 623
545 637 210
529 716 28
823 851 171
630 647 420
108 639 155
74 369 705
50 127 157
814 146 708
425 198 134
478 921 755
283 39 158
957 488 929
42 383 459
69 40 119
386 503 481
381 104 280
975 691 886
766 779 827
357 732 710
441 66 140
992 478 50
94 279 528
881 912 343
876 790 256
367 836 453
563 588 775
527 480 24
115 567 34
459 252 790
323 797 137
470 978 12
303 269 246
155 318 499
56 169 208
108 496 682
447 679 605
690 281 107
238 167 869
415 39 735
731 773 88
527 584 787
895 397 174
839 713 755
463 743 857
449 119 217
205 837 751
48 722 108
592 977 305
628 488 516
949 382 163
205 375 20
818 169 728
811 125 440
537 946 475
394 811 55
949 823 41
29 158 600
99 869 433
892 138 205
781 6 105
230 565 20
85 18 60
26 473 549
829 143 270
159 709 359
989 377 983
449 743 339
545 122 153
561 950 715
427 843 699
659 445 99
857 95 1000
257 942 85
569 431 467
745 932 260
703 8 168
92 12 330
887 977 813
418 228 445
244 26 733
720 667 198
169 292 293
915 893 498
355 715 221
777 819 109
840 95 207
936 753 809
808 834 80
848 42 643
284 218 185
654 156 620
926 439 1000
408 707 625
585 500 941
338 60 576
926 645 960
777 897 376
946 510 14
599 575 931
617 101 896
546 178 553
264 874 699
925 854 975
477 32 62
800 652 108
51 977 689
312 407 504
753 757 426
193 229 346
867 610 262
492 858 604
898 644 98
873 922 583
838 361 111
452 327 225
270 865 174
74 594 176
366 15 19
33 541 471
752 170 100
368 631 163
577 394 583
579 760 828
205 211 567
576 105 190
482 107 776
344 230 585
191 727 672
625 3 877
76 21 514
796 735 19
106 101 223
216 714 665
775 335 448
744 237 656
849 587 883
814 38 720
782 121 78
65 733 436
146 771 610
925 920 325
377 31 833
571 687 994
861 861 861
988 441 533
613 5 572
285 293 126
472 769 190
233 196 191
699 648 400
640 464 190
663 112 83
860 660 680
39 702 53
205 306 821
352 513 675
46 854 45
173 94 82
764 44 632
416 860 516
74 425 138
265 554 341
609 876 8
570 373 623
655 106 721
387 737 231
688 309 654
106 928 166
504 488 51
614 954 479
477 231 398
766 429 166
68 723 520
747 170 470
776 379 841
904 650 97
808 472 975
801 199 281
769 983 208
352 267 51
609 598 48
611 881 584
339 516 3
221 343 691
789 827 227
696 803 735
684 189 800
753 768 902
361 560 903
887 208 549
555 459 66
736 158 447
736 322 241
866 912 837
112 689 699
550 460 850
648 734 886
186 488 707
700 105 696
783 914 432
191 400 128
92 312 200
704 936 56
124 53 740
896 811 721
565 681 509
375 918 777
755 360 653
63 748 860
6 264 401
840 841 859
515 149 218
170 410 155
268 596 776
517 815 732
893 82 789
303 75 257
934 692 197
582 218 79
758 766 607
875 943 27
926 149 523
505 588 67
730 132 256
495 786 949
99 699 886
40 616 736
705 526 25
292 51 579
132 551 850
743 638 941
232 91 68
643 12 921
761 923 520
372 572 781
264 340 812
299 805 760
235 869 202
210 96 956
699 129 832
38 855 170
458 269 396
654 8 343
803 694 770
106 846 540
219 380 172
149 84 822
611 188 919
718 541 392
352 835 114
949 812 79
288 517 492
895 287 356
514 963 692
643 358 92
470 650 520
725 760 170
884 660 834
431 98 27
30 611 94
213 16 256
739 38 140
884 890 37
827 478 854
971 809 448
88 526 729
694 819 972
368 694 290
830 108 121
833 512 665
596 680 308
301 74 487
336 201 481
538 20 275
326 119 134
646 368 583
795 863 690
25 842 25
402 75 388
601 577 487
327 825 38
444 944 801
854 618 827
685 316 414
579 384 191
213 550 838
309 13 301
520 300 431
442 57 924
726 929 294
70 615 950
141 86 990
548 513 496
299 723 948
997 468 467
226 333 621
224 160 968
192 640 899
172 515 578
765 772 524
228 28 562
755 977 79
886 505 217
573 981 234
107 226 715
432 823 73
354 60 15
270 404 182
486 128 564
514 13 235
613 629 408
198 228 933
272 845 646
647 68 352
983 684 358
442 644 971
314 510 359
808 25 512
433 704 269
781 668 676
245 734 918
610 654 819
302 60 201
960 720 157
127 422 109
62 202 25
301 310 725
445 290 920
656 908 807
354 725 655
357 405 721
571 990 766
35 565 81
896 68 955
889 127 657
962 723 400
446 428 223
326 931 3
500 225 185
477 52 279
401 990 736
245 681 73
61 827 895
830 162 929
191 363 754
451 654 532
88 794 630
897 141 984
499 879 7
998 229 455
507 676 399
386 45 692
12 640 956
233 756 17
335 163 762
9 94 180
121 1 764
51 313 40
466 368 89
447 553 917
779 863 113
890 248 304
101 134 891
266 566 928
808 693 936
389 933 430
803 561 664
692 459 798
757 66 424
476 299 958
66 142 801
101 984 824
517 472 245
871 915 562
660 96 645
359 54 143
432 232 976
762 409 132
134 297 5
250 43 921
20 528 955
67 957 704
607 68 310
202 19 93
595 360 584
478 739 722
159 235 767
431 130 541
882 427 877
420 296 807
680 672 397
212 240 621
90 636 810
347 58 717
678 275 268
702 627 504
657 559 545
383 688 250
918 541 17
721 346 447
424 202 303
379 946 456
357 733 175
902 58 864
164 848 439
410 556 116
196 121 916
236 186 67
616 936 684
851 781 855
765 267 112
934 172 111
585 43 625
278 80 578
513 938 76
628 209 482
165 786 748
933 889 267
105 870 193
798 801 652
538 132 984
902 540 57
131 29 664
234 232 801
483 588 759
724 332 736
523 620 605
718 162 402
701 845 236
217 663 530
463 609 278
59 339 89
478 128 88
464 440 207
864 778 687
105 649 796
492 910 379
483 979 972
554 253 897
343 988 82
851 699 3
596 146 84
658 112 171
189 600 753
742 798 702
820 475 437
156 203 680
77 771 441
817 137 756
784 386 3
543 394 886
364 763 469
249 553 935
304 244 404
464 525 407
605 265 532
77 991 452
468 707 225
556 691 306
775 934 103
941 157 621
475 70 325
455 483 805
946 184 469
96 229 973
875 15 340
197 96 843
688 146 757
49 473 325
923 58 633
128 412 878
114 123 818
204 376 991
895 346 452
423 220 227
209 447 149
8 246 60
898 228 768
290 420 721
608 845 49
210 20 589
728 620 151
45 648 317
994 671 414
930 422 191
2 178 411
306 359 782
351 626 206
401 332 506
116 268 908
655 811 424
482 290 912
560 831 557
706 298 464
426 390 146
246 652 867
308 291 99
840 205 710
182 675 129
488 104 180
794 626 353
542 49 321
515 316 374
663 33 276
84 663 23
476 433 658
482 162 658
70 10 491
670 56 526
211 914 179
488 654 958
748 885 738
122 692 828
12 686 473
511 807 290
535 581 709
253 893 705
953 402 611
98 723 679
26 137 619
939 760 921
931 194 84
735 824 661
179 628 726
701 603 809
268 570 712
859 198 308
608 414 456
681 859 906
377 581 48
983 191 498
950 712 950
513 732 936
853 160 755
981 939 364
136 984 615
264 556 629
504 584 287
954 696 786
716 131 996
414 755 653
150 141 722
294 766 397
890 822 284
944 304 183
506 722 803
527 72 721
825 338 492
156 494 546
277 918 471
513 803 726
170 415 190
22 613 355
516 576 477
566 331 795
539 422 90
779 405 106
613 398 248
253 584 899
839 460 292
630 621 697
918 286 865
197 224 210
293 773 348
554 69 949
674 527 624
428 517 381
703 22 165
511 200 526
26 983 703
624 662 945
704 929 580
817 909 85
417 941 4
274 798 96
939 775 239
825 362 772
740 634 37
940 350 957
369 555 65
292 585 864
391 179 324
221 577 397
203 117 503
166 774 925
837 854 881
364 258 913
435 226 404
785 875 324
950 192 414
870 130 124
252 550 768
313 829 150
360 901 222
210 122 946
511 897 8
244 451 372
228 631 283
559 86 647
558 288 431
761 574 982
673 724 896
509 897 115
10 533 568
733 940 936
37 198 128
448 274 515
434 667 692
684 833 918
169 584 489
426 158 197
588 293 264
160 404 621
534 318 76
25 382 520
109 576 427
617 507 779
502 231 138
538 285 35
235 367 845
671 949 243
439 562 417
430 922 621
727 958 702
365 78 251
687 986 207
272 794 577
766 133 768
505 163 297
631 428 597
169 4 67
303 241 971
280 468 683
518 516 362
433 418 755
371 114 614
570 905 53
531 434 906
278 345 899
726 193 715
140 692 650
113 22 341
656 972 141
112 605 831
922 538 596
762 13 308
188 484 697
517 807 796
513 790 88
793 183 467
155 407 932
673 66 685
38 641 484
300 194 650
952 613 71
223 261 840
737 73 964
816 148 987
570 858 556
3 827 184
289 341 150
24 782 194
230 748 512
68 889 155
527 922 760
581 719 99
136 350 685
688 727 662
876 488 867
329 697 307
511 191 645
60 541 972
620 177 967
791 428 275
162 569 737
599 108 649
587 181 858
766 790 895
19 910 470
404 688 128
117 836 166
453 534 507
86 125 106
523 380 148
454 471 669
51 956 979
454 557 805
92 343 747
569 858 566
245 774 411
858 108 980
553 49 84
118 248 961
99 761 521
4 950 757
548 417 550
721 741 23
527 964 81
32 425 316
321 837 51
104 624 120
859 839 780
65 897 851
920 227 961
839 477 196
611 84 592
333 635 336
349 747 212
521 281 48
547 630 354
260 273 922
231 665 212
646 969 945
632 396 466
16 117 651
791 596 454
975 861 152
653 704 143
85 754 24
344 427 104
284 616 958
92 580 208
601 257 164
574 954 901
135 482 690
837 588 538
161 514 690
742 489 312
484 331 992
568 435 837
833 616 227
908 82 947
205 697 78
664 494 546
969 723 789
943 605 210
863 553 919
995 702 496
672 302 819
453 551 22
364 278 896
338 864 396
866 323 926
881 169 298
577 491 537
260 745 341
196 49 684
894 980 156
619 909 271
631 143 167
371 294 265
759 49 750
850 826 485
884 464 744
865 111 274
606 515 667
617 33 658
210 929 196
395 62 828
258 452 556
803 839 978
888 472 584
700 711 439
87 787 984
322 253 12
51 442 641
814 516 632
144 839 244
572 454 827
615 44 598
20 244 805
159 386 293
155 991 577
283 355 148
692 660 111
997 651 752
231 391 230
489 115 884
561 869 746
306 843 264
277 661 437
972 460 520
525 527 392
646 796 380
213 254 16
567 635 946
707 444 185
176 174 344
775 84 235
119 521 998
501 933 794
278 558 652
372 302 463
545 997 862
635 654 475
686 820 690
155 637 126
238 906 875
192 741 399
866 909 852
317 886 886
266 38 319
102 346 279
951 81 185
216 787 894
43 82 764
124 296 513
855 961 736
643 386 388
585 498 873
972 25 244
781 232 156
582 810 125
947 737 315
994 746 575
705 624 164
920 503 396
647 757 810
38 832 843
921 281 546
729 684 250
582 486 968
921 236 213
858 337 695
590 824 289
86 726 49
409 479 845
588 117 982
628 171 956
844 496 675
405 314 336
672 722 644
712 599 373
584 244 490
702 452 855
728 429 490
119 52 686
511 772 717
374 812 725
869 532 72
426 516 715
57 320 502
461 84 464
449 853 541
822 145 560
215 563 861
949 712 481
16 190 508
962 69 905
865 199 505
954 661 376
572 386 913
321 4 746
101 947 198
268 974 42
933 406 324
17 752 645
165 200 887
4 957 977
365 354 889
703 793 640
222 200 368
530 824 966
358 658 209
748 695 316
835 993 894
216 637 384
551 187 844
352 644 329
433 501 348
239 840 459
796 967 913
188 793 236
23 434 536
17 284 505
860 397 495
822 929 27
802 763 527
57 998 59
392 570 818
230 604 252
744 832 149
155 30 92
398 322 450
916 102 670
575 661 377
668 337 799
871 828 63
941 746 434
677 23 873
316 797 453
363 955 360
971 412 367
876 700 846
349 618 977
442 849 302
204 146 322
837 356 608
505 459 902
43 851 774
87 818 699
473 919 20
223 427 158
939 466 126
270 466 216
906 522 730
718 572 681
78 539 206
688 332 105
481 722 866
628 555 124
32 193 509
169 728 865
419 909 794
427 944 810
311 476 171
622 40 679
40 525 386
670 926 74
705 806 864
337 339 746
719 174 505
160 921 329
594 431 596
568 39 151
605 319 104
656 733 881
734 578 607
850 375 781
755 525 658
127 632 924
843 657 452
206 86 235
896 278 93
573 860 937
755 450 202
942 856 607
661 299 228
330 165 103
372 890 466
200 191 705
406 323 848
34 266 903
642 210 638
807 18 159
1000 403 183
491 692 643
467 585 26
569 939 909
759 186 34
410 877 773
331 810 539
75 168 212
423 140 163
494 998 596
764 97 234
931 347 593
95 95 702
363 806 420
211 821 319
938 931 857
734 16 58
661 463 171
939 266 502
336 982 655
584 704 814
517 571 81
63 13 919
188 627 636
107 993 237
718 344 251
14 253 115
342 753 232
667 78 31
625 300 348
657 186 939
953 299 677
738 430 732
736 120 109
805 709 747
899 306 331
916 221 682
943 821 102
980 579 955
556 683 636
680 603 324
478 50 831
602 525 521
51 401 760
250 360 835
268 593 159
176 790 416
16 624 199
885 145 639
264 986 863
372 921 9
128 801 669
515 828 600
177 399 778
72 762 755
794 428 442
537 439 53
420 972 972
60 11 372
512 589 550
595 387 750
40 654 765
301 239 799
510 736 838
945 780 780
174 892 104
45 598 390
469 970 239
198 481 347
747 608 241
783 880 988
679 422 987
125 353 719
599 885 903
658 536 485
147 352 811
966 690 409
760 859 330
26 459 428
463 839 930
79 637 24
449 15 487
307 484 748
947 734 812
908 823 458
614 824 104
798 578 861
453 851 627
742 278 82
267 922 375
116 863 37
785 523 264
419 288 911
102 528 333
192 635 707
858 759 977
726 430 435
569 143 526
294 467 539
434 630 267
939 151 75
170 622 631
306 723 202
789 835 507
856 450 828
242 736 691
513 480 436
644 951 72
422 321 249
767 234 366
356 715 330
846 363 497
935 161 793
240 739 478
531 59 422
836 347 602
888 396 296
749 900 550
876 36 67
719 460 158
823 152 488
851 133 568
748 705 148
182 878 410
281 604 930
793 919 203
536 794 592
684 204 847
383 578 224
611 116 161
639 911 230
87 764 660
683 856 417
117 603 776
15 861 778
675 442 791
478 821 581
965 144 54
14 174 784
316 723 986
56 416 793
99 799 426
538 29 437
417 502 766
431 658 53
794 886 181
618 779 149
886 926 647
146 870 4
411 343 18
511 393 969
412 14 822
553 517 278
714 317 44
959 25 799
346 554 542
876 733 891
402 548 102
575 514 481
505 160 649
318 439 755
676 882 412
307 684 884
305 349 705
469 151 751
425 463 430
133 169 279
19 24 107
729 752 745
818 532 717
656 782 117
683 861 385
321 430 624
309 438 753
864 630 346
696 82 905
55 67 290
919 262 552
350 551 320
803 701 860
2 492 716
465 189 775
443 381 879
954 736 931
618 55 351
154 583 944
558 940 381
711 722 277
636 233 985
401 486 548
26 466 584
924 972 201
312 427 934
719 136 690
803 560 957
34 255 689
918 78 513
353 544 504
141 919 143
198 821 803
806 587 535
290 826 266
484 13 355
143 383 518
669 690 301
556 616 814
409 176 282
399 429 418
819 6 225
640 867 213
920 785 343
851 331 824
269 437 508
571 179 635
30 301 17
27 371 708
527 576 126
197 340 977
218 743 749
387 240 286
873 786 138
978 746 908
461 397 555
806 356 921
408 625 988
36 253 116
326 858 412
197 50 182
216 54 592
782 521 274
618 257 93
747 508 546
328 664 112
944 492 461
363 881 196
408 468 87
548 218 976
89 229 541
677 258 936
908 17 472
916 791 184
575 526 731
261 35 257
979 963 476
307 148 322
709 272 418
602 957 10
25 405 419
434 670 677
291 175 142
812 659 353
432 697 871
687 481 1000
178 575 651
736 526 708
526 882 954
56 13 571
917 864 641
449 856 452
446 997 587
516 367 306
635 43 634
398 495 808
483 881 170
474 937 186
626 740 951
126 991 650
677 674 333
148 641 800
9 58 360
63 320 202
206 54 836
357 578 749
608 359 923
373 244 683
284 416 578
263 639 984
723 369 692
638 45 576
352 835 681
130 238 822
568 27 344
614 156 762
250 891 174
502 837 279
349 114 451
172 846 647
448 334 213
872 643 402
905 437 442
445 114 775
917 363 745
796 969 110
448 756 406
696 419 453
93 515 370
204 576 143
520 608 569
723 463 908
117 349 244
428 802 630
218 988 83
577 81 975
440 888 922
246 993 594
971 829 311
33 802 936
642 787 819
2 243 79
822 114 923
784 54 700
942 835 905
632 935 594
66 884 366
384 292 172
933 444 607
199 851 828
830 193 605
277 988 65
859 60 759
713 883 197
855 176 631
602 221 587
870 286 235
304 580 134
116 199 877
627 353 407
757 677 576
235 712 156
129 912 729
713 862 701
490 503 731
269 794 70
434 983 608
611 461 12
384 489 845
104 639 858
137 862 633
8 311 657
268 140 600
43 744 219
850 856 626
858 994 505
651 3 986
461 752 792
736 66 517
871 37 470
946 335 119
857 901 201
756 524 505
317 312 716
986 689 345
331 94 513
401 330 164
631 282 908
738 459 740
73 880 779
480 722 1
887 137 35
346 944 115
331 71 698
437 894 443
282 526 829
921 624 773
314 892 757
51 964 409
977 574 823
375 277 879
154 629 706
555 742 962
240 982 320
657 563 307
655 463 110
920 415 450
550 668 322
132 117 516
479 647 915
971 760 458
817 247 614
678 200 471
42 323 252
328 703 650
298 427 574
818 129 255
909 430 67
389 243 537
949 996 309
332 927 996
952 327 758
671 854 37
419 538 48
272 702 591
441 626 15
264 362 886
120 450 857
995 666 473
806 702 57
910 307 430
710 41 456
29 435 737
276 630 707
839 548 756
460 460 812
564 568 752
419 717 239
209 231 926
874 958 238
724 921 811
647 288 351
469 551 431
900 858 440
199 21 966
609 874 140
88 570 332
380 620 401
880 334 882
40 410 732
363 691 75
751 780 832
507 202 303
386 104 101
632 75 340
51 252 179
569 670 929
54 423 307
929 915 119
391 637 994
563 746 947
67 939 243
122 451 668
64 370 888
47 133 273
122 651 804
662 547 834
422 65 394
372 815 666
509 117 9
230 816 590
804 656 444
636 551 311
752 689 437
217 857 465
447 447 487
462 828 361
142 473 653
858 312 927
217 880 363
875 270 556
566 259 943
736 598 468
154 66 996
580 130 430
103 717 713
826 381 299
328 611 377
860 426 247
422 100 155
480 579 806
28 619 209
556 276 465
145 577 317
364 228 244
409 679 722
649 651 275
775 685 425
898 844 34
926 840 985
439 340 298
593 190 717
996 838 449
845 86 467
806 695 348
478 254 958
638 870 665
557 697 890
912 601 752
711 147 78
301 827 187
895 906 126
989 697 715
137 961 382
618 724 857
709 917 178
34 546 591
722 806 191
398 724 515
266 5 975
701 611 331
926 454 925
613 479 806
258 9 612
551 794 785
199 662 661
87 373 325
257 143 322
95 964 533
270 870 3
316 118 871
636 740 574
206 644 556
380 183 24
614 539 77
788 348 598
593 965 169
581 110 545
692 209 953
24 865 620
132 742 157
875 630 429
161 334 262
138 823 935
963 446 912
80 230 959
59 529 227
911 270 611
360 980 804
457 254 971
145 216 345
484 41 648
199 958 327
288 914 718
839 71 233
629 223 958
124 289 441
362 50 408
650 920 689
902 961 181
459 652 184
552 179 124
578 568 779
783 962 436
228 713 110
695 224 40
522 936 217
519 20 470
725 941 995
999 990 494
763 955 633
59 376 590
792 771 932
252 995 535
696 159 739
90 269 310
738 423 700
771 720 186
287 549 400
742 810 272
481 919 293
38 240 578
14 665 420
763 866 149
882 649 959
813 639 316
357 219 976
570 788 322
434 65 787
131 670 761
689 753 15
869 938 115
479 403 173
115 336 422
821 638 280
863 869 449
297 795 704
685 801 451
558 129 340
210 36 386
710 821 938
721 764 684
968 741 707
331 749 396
560 696 83
38 69 635
872 295 68
233 496 860
253 858 469
177 321 999
131 836 640
966 410 946
659 636 794
196 709 103
758 46 729
508 703 328
203 493 676
467 274 609
808 704 531
81 599 891
633 342 355
319 501 973
757 487 921
920 341 700
33 662 886
469 979 668
23 248 17
362 708 22
664 768 966
49 636 838
947 770 940
990 845 207
641 624 257
582 78 300
233 604 870
19 941 870
589 265 812
948 293 889
198 596 17
217 762 959
885 115 847
494 886 662
635 634 861
432 43 427
992 101 939
318 956 212
182 591 532
134 59 374
526 220 545
47 136 124
862 948 775
224 992 419
219 323 895
941 536 927
944 83 694
430 538 383
172 230 960
499 588 287
918 585 126
423 418 627
39 891 484
897 261 561
908 915 784
554 543 84
510 175 570
232 510 935
195 239 652
40 830 337
527 81 761
527 442 182
804 947 708
9 668 710
69 310 387
113 269 287
347 325 59
421 951 893
429 11 37
489 924 841
354 457 402
184 67 214
471 898 5
767 727 654
313 457 622
885 104 832
110 524 698
751 824 997
601 196 968
351 560 171
847 19 207
792 698 944
595 958 643
386 216 865
924 294 9
900 907 101
268 959 974
556 870 966
595 171 957
301 333 508
621 775 903
489 51 917
326 525 602
221 493 312
746 840 386
808 763 401
41 721 33
67 538 153
633 16 614
610 495 573
851 373 626
290 29 510
429 229 240
966 988 136
484 280 428
226 801 166
862 356 238
790 672 272
175 640 434
892 500 671
520 462 295
958 522 919
747 844 729
47 142 781
531 890 906
547 351 803
321 526 152
177 763 800
979 852 2
950 904 493
549 647 177
827 457 690
220 359 544
782 108 504
457 917 315
620 498 673
547 244 633
224 354 599
351 861 435
342 973 973
729 927 748
665 42 326
637 724 628
20 193 578
707 76 1000
931 737 674
993 450 168
126 836 215
591 455 373
863 528 831
666 512 856
444 602 910
425 731 435
96 119 847
2 915 229
440 106 527
141 886 566
212 342 615
844 807 137
881 722 595
845 209 248
77 29 736
862 589 532
990 898 548
446 610 593
641 709 753
597 464 21
10 565 799
661 951 104
159 844 806
217 278 808
619 861 158
346 30 614
736 955 734
846 796 570
270 351 710
535 372 340
422 268 863
417 627 87
956 684 844
443 739 731
113 573 616
201 573 605
455 70 999
337 175 76
890 73 950
390 329 383
525 232 622
455 640 817
826 756 373
259 816 353
713 479 740
637 363 901
457 410 807
840 60 315
573 661 261
668 432 676
801 771 455
86 741 233
853 843 550
821 506 837
300 21 954
245 843 547
473 910 464
251 496 433
310 574 674
565 221 548
331 282 602
732 13 736
550 350 980
719 242 728
416 148 893
781 657 286
929 68 413
196 402 924
863 845 426
924 86 220
434 14 497
170 170 938
929 596 401
561 249 613
275 204 877
716 410 486
10 873 529
256 346 636
450 649 264
177 9 885
344 278 977
826 858 803
875 170 51
679 942 444
229 360 915
988 811 598
18 770 485
371 307 863
107 280 178
623 896 878
974 81 819
173 5 919
896 751 11
30 427 559
96 681 177
161 906 776
455 885 106
493 505 814
34 667 938
39 898 615
426 134 305
450 556 343
896 486 592
350 904 194
274 140 757
951 777 505
542 211 71
532 252 367
399 741 537
586 519 318
288 985 811
40 989 558
61 503 15
642 692 942
768 562 776
768 356 117
193 774 343
963 247 257
673 383 339
244 677 685
24 488 753
398 330 248
163 2 560
22 572 360
181 19 611
489 337 398
494 48 856
807 664 66
884 178 643
744 216 784
413 437 812
442 797 931
825 222 58
591 427 37
47 234 161
985 287 799
728 256 887
904 486 779
937 836 220
383 392 938
595 592 884
117 905 26
766 621 656
968 899 97
798 411 442
202 732 924
912 714 504
590 765 823
769 214 206
102 854 565
83 802 760
154 549 280
119 876 575
114 305 24
725 378 256
313 851 425
295 94 13
600 61 549
448 191 412
419 825 476
425 690 436
66 225 94
939 678 791
408 934 211
729 518 199
969 123 69
249 926 916
476 847 812
806 670 831
156 239 161
486 885 994
349 419 251
45 82 894
319 257 767
160 117 807
75 319 750
633 663 435
482 465 885
595 399 61
71 174 701
626 608 728
800 718 810
323 839 377
85 260 308
281 139 310
463 550 787
979 684 235
203 364 933
287 250 78
116 871 555
670 430 728
832 313 148
981 455 667
954 214 34
478 337 56
174 371 30
974 182 294
30 597 9
572 836 376
882 423 251
172 488 220
677 809 347
877 741 101
741 856 768
845 587 536
192 625 235
885 356 656
432 23 693
938 741 925
13 707 539
710 804 664
873 137 552
423 517 42
115 216 759
676 285 794
336 993 531
942 210 501
331 895 654
525 529 330
153 930 201
655 562 628
534 112 504
900 747 488
68 584 974
439 500 277
448 725 608
239 876 837
273 604 143
684 37 793
396 892 58
652 168 633
515 670 690
1000 223 467
532 408 399
521 697 34
728 972 391
616 914 139
347 118 37
415 443 511
811 843 569
539 888 573
684 616 470
46 870 939
494 537 657
905 711 195
507 791 486
538 12 623
940 726 446
720 651 226
82 250 271
211 61 525
6 647 522
525 83 861
850 468 749
129 688 352
32 990 789
855 816 155
555 586 251
664 656 501
586 462 818
348 744 935
656 993 826
611 410 763
410 217 714
789 655 670
85 645 889
351 859 663
713 107 575
808 334 866
393 191 960
91 865 497
28 266 728
538 631 577
760 423 440
853 435 203
965 783 43
762 949 276
405 380 547
763 510 470
34 77 210
234 100 472
554 657 594
264 657 972
70 5 27
158 763 850
773 588 922
745 596 808
378 12 719
929 841 949
678 980 627
858 364 52
23 806 606
689 313 224
451 617 10
55 83 576
526 717 383
48 332 520
871 654 694
172 611 258
458 721 280
744 330 33
48 548 882
303 436 529
631 749 574
31 829 185
870 39 390
745 834 161
635 634 288
958 616 615
232 536 495
425 642 459
852 377 382
298 100 188
105 845 456
776 875 303
31 671 680
793 711 138
413 576 74
805 167 176
441 128 84
268 200 222
32 803 197
403 996 104
791 280 573
411 997 405
849 567 736
45 145 215
463 505 846
453 470 596
557 515 280
351 111 243
395 973 456
38 577 194
12 494 13
886 899 234
382 207 608
329 541 708
745 891 683
646 903 468
896 349 218
638 989 891
511 518 621
625 734 469
299 100 123
581 668 299
329 321 83
602 722 784
394 858 680
358 486 188
478 700 981
894 749 549
138 270 39
699 241 34
665 353 178
409 347 139
225 375 815
89 138 818
205 163 670
82 542 179
724 714 497
81 560 473
418 434 587
488 318 43
884 79 759
64 128 538
523 790 164
831 57 273
625 246 944
152 654 49
277 747 970
151 641 844
716 799 997
426 203 669
162 741 893
61 685 747
613 823 238
813 115 198
254 929 379
762 738 369
974 35 202
358 267 139
248 674 766
906 718 559
120 738 898
322 548 132
308 504 930
427 619 491
805 621 469
988 988 20
577 602 416
905 534 18
304 787 229
584 488 593
533 146 937
420 899 797
204 941 393
911 876 490
897 510 296
68 798 250
163 502 435
771 470 660
602 935 445
375 957 481
45 990 116
504 333 342
659 914 868
783 618 298
940 136 291
560 263 197
719 884 890
858 957 31
773 220 947
688 820 951
780 852 216
318 589 230
431 774 199
927 558 463
163 556 128
548 127 664
67 556 201
859 203 675
721 921 292
26 646 803
485 426 870
466 226 42
278 940 336
840 152 11
838 718 605
181 587 186
47 170 271
443 992 971
557 152 818
259 959 22
649 541 501
392 125 165
921 879 952
744 791 493
397 725 583
525 208 903
527 907 53
548 333 491
834 931 951
896 678 237
227 387 638
78 972 26
815 194 902
227 845 508
53 421 151
811 875 904
644 945 687
887 557 444
28 992 605
308 478 301
700 119 31
231 19 118
240 860 425
602 394 837
888 737 804
158 574 172
197 839 7
986 140 103
621 905 236
768 418 865
341 420 885
742 688 587
155 114 760
370 335 576
792 1000 686
760 870 961
392 582 427
492 256 959
571 156 692
564 674 893
939 421 508
272 682 711
953 927 528
337 735 390
943 992 766
122 609 777
469 242 885
535 355 805
993 831 476
19 88 388
201 713 360
774 671 156
576 442 941
387 447 957
347 59 526
423 408 692
535 734 599
689 378 102
763 682 64
13 233 666
52 193 372
478 695 967
637 691 146
37 314 572
310 433 775
251 138 869
481 960 992
531 505 784
185 973 566
460 90 629
419 587 698
586 562 923
504 28 946
430 158 717
836 76 979
219 748 951
991 764 728
674 478 924
464 689 219
871 322 201
98 774 698
479 995 62
25 161 265
647 924 465
758 944 906
484 251 270
456 278 103
541 441 489
405 171 441
645 748 788
591 866 146
624 142 929
841 557 110
15 444 541
803 336 947
709 796 869
328 64 540
670 588 201
339 200 853
398 247 742
707 269 700
565 422 391
175 923 754
85 211 848
187 416 890
783 518 817
483 704 563
402 784 26
45 613 538
288 558 756
873 326 548
575 989 816
921 372 927
882 262 332
920 136 226
853 72 59
1000 414 258
944 953 721
433 490 778
359 480 270
709 762 280
489 556 929
578 15 629
76 453 789
472 139 594
64 840 93
488 193 776
612 312 257
224 265 644
338 24 951
225 360 153
685 271 763
271 673 619
764 513 433
964 729 998
643 118 777
600 217 856
477 628 597
302 179 179
284 38 55
688 106 911
264 173 779
303 777 919
593 326 321
884 632 584
517 846 529
274 727 46
632 115 990
579 969 409
832 364 188
925 915 172
970 97 811
56 203 162
891 654 652
657 887 513
1 406 591
341 261 370
387 758 334
505 552 690
517 768 450
988 461 860
101 847 394
439 385 515
796 712 986
846 201 654
976 662 168
59 921 999
383 22 940
668 175 681
786 765 765
458 901 300
364 987 906
686 207 200
54 252 852
392 227 786
752 350 423
876 405 506
973 693 72
872 208 896
288 590 664
686 983 570
143 14 318
468 883 590
67 901 805
201 954 777
861 860 938
164 688 37
209 237 338
281 321 558
701 624 209
259 182 113
25 544 343
863 471 451
884 124 453
483 331 578
930 677 551
75 274 518
950 565 555
444 704 989
257 248 465
15 783 834
874 70 759
226 522 142
975 354 480
513 596 742
816 501 147
145 628 718
393 734 530
475 796 392
912 107 794
470 41 821
159 731 998
374 952 860
546 101 16
527 371 928
366 181 577
111 481 495
291 946 679
11 158 821
761 669 511
278 109 68
254 80 36
696 792 322
184 25 226
628 55 506
521 315 777
795 961 442
548 132 735
532 738 16
113 411 407
554 209 111
401 721 773
442 896 811
407 252 856
255 650 846
188 678 915
656 492 158
893 970 172
342 6 465
856 244 604
272 376 361
627 493 557
305 260 1000
867 394 308
184 286 914
509 307 475
30 162 278
506 749 178
314 616 579
72 493 370
31 92 870
529 436 169
522 62 867
550 395 898
651 916 918
189 521 655
924 188 960
495 391 47
868 177 946
108 299 246
142 705 585
690 298 213
273 226 85
430 375 766
306 684 479
914 832 403
646 147 639
300 81 285
483 890 130
997 54 63
880 652 27
969 538 801
467 658 428
541 290 46
299 491 682
586 875 22
901 382 758
489 260 177
654 835 797
847 466 865
860 753 314
368 751 934
457 986 384
578 420 4
384 806 82
927 609 515
221 897 251
966 880 857
882 251 130
513 843 74
368 222 233
942 196 660
855 171 853
207 278 475
879 444 180
72 508 37
993 636 680
181 105 856
588 934 113
296 55 680
119 847 667
681 112 29
473 116 865
857 400 811
63 793 416
170 201 232
710 201 685
35 102 112
173 632 882
686 793 869
552 43 527
768 147 879
378 435 451
460 650 207
363 642 83
538 29 576
721 449 608
272 666 772
102 156 834
352 334 251
430 358 870
623 895 37
982 735 95
343 55 709
478 137 870
664 41 371
390 69 18
765 174 808
890 636 1000
953 710 970
170 122 483
796 782 956
687 69 485
525 616 778
866 276 612
567 132 435
214 146 644
372 188 4
69 329 974
495 116 245
729 439 759
618 357 875
580 842 159
331 933 786
599 44 871
137 442 777
228 52 310
284 560 544
624 260 396
806 241 676
117 406 346
443 417 599
900 214 518
618 19 889
266 194 34
179 373 214
294 18 754
355 466 818
255 813 737
629 281 326
431 230 294
164 158 452
31 871 503
300 198 877
796 580 303
475 828 396
495 199 979
561 61 556
208 115 446
656 572 881
135 531 532
305 829 148
121 917 232
137 103 838
678 469 406
274 813 410
160 811 932
758 616 391
545 898 714
505 62 374
647 127 673
182 198 1000
345 77 179
731 63 34
352 922 333
476 306 335
80 321 686
902 807 442
33 102 416
644 873 150
475 292 136
208 378 618
427 125 502
89 514 322
385 125 512
966 805 914
875 323 21
380 171 905
711 30 100
342 75 439
425 894 948
148 279 36
561 173 273
647 324 51
120 366 468
596 379 718
43 256 913
684 304 836
152 476 836
322 878 610
409 878 587
6 189 820
776 278 619
72 608 332
789 632 792
952 945 880
256 191 34
663 845 235
490 452 24
513 992 453
512 784 697
813 533 35
562 906 638
14 980 315
719 690 311
285 231 846
819 182 662
456 655 38
11 265 44
114 526 299
186 423 886
587 649 69
823 895 65
709 147 148
212 434 17
228 744 637
548 922 332
178 269 778
951 72 313
757 658 327
575 628 50
107 682 628
424 405 554
634 936 961
411 674 11
297 868 826
968 335 930
695 911 15
44 828 82
465 485 571
407 653 151
963 737 509
356 417 591
619 903 514
689 766 161
983 385 932
19 905 716
251 806 101
833 818 539
631 157 273
479 809 240
845 91 142
268 127 17
904 484 388
357 197 148
445 236 742
174 719 709
573 759 650
911 830 881
909 577 386
258 935 984
173 815 211
510 227 13
741 304 458
329 932 205
694 772 843
141 376 482
856 636 490
247 763 166
845 466 231
556 766 800
378 290 447
773 515 171
276 984 394
220 102 913
172 157 872
332 987 829
684 619 730
961 133 235
582 610 39
224 667 336
473 993 934
216 43 32
543 563 923
331 35 349
238 904 236
750 180 410
227 131 577
431 945 847
418 242 231
268 678 394
306 957 287
496 331 646
623 799 391
459 118 715
704 126 240
981 95 514
138 507 526
523 640 290
150 426 179
199 235 324
203 72 523
414 871 573
442 557 649
386 601 589
847 193 941
344 443 655
552 850 822
503 930 192
677 386 437
147 918 465
203 365 514
308 737 886
616 456 699
572 772 398
702 319 608
544 341 807
777 689 485
539 603 8
79 58 673
252 419 199
556 219 417
574 51 356
76 892 614
614 547 718
552 471 44
697 119 545
151 843 139
243 439 176
934 699 606
10 75 6
559 840 108
59 240 886
28 84 635
711 460 370
40 505 51
696 796 441
494 326 998
308 623 757
379 905 927
647 196 289
895 729 841
353 79 172
678 652 976
340 539 960
212 772 270
594 273 50
886 50 112
574 904 659
898 438 627
298 122 870
238 467 376
599 401 253
742 527 985
860 969 173
949 315 890
917 135 690
208 1 526
267 298 376
281 615 134
573 884 237
222 928 94
21 322 217
900 828 917
583 596 137
624 89 633
346 976 38
542 266 839
327 748 200
660 841 865
604 460 556
832 834 89
614 155 941
11 159 411
13 872 519
411 692 79
290 266 428
799 675 732
122 335 68
379 72 744
416 476 795
726 579 620
723 610 213
137 744 143
811 787 199
279 901 932
16 370 425
735 463 776
814 892 414
344 598 692
828 285 714
848 645 83
663 105 930
323 77 205
54 556 962
569 202 415
182 983 664
321 449 568
846 884 23
856 913 402
161 765 92
668 377 827
881 302 749
866 50 844
225 490 597
498 553 719
583 986 539
326 804 4
360 721 133
676 337 664
789 458 951
127 668 807
225 611 816
360 576 635
53 483 203
471 712 557
233 23 893
587 867 447
248 185 502
529 249 762
792 783 721
181 715 953
752 553 462
582 480 469
785 3 88
106 78 969
35 151 907
546 363 468
789 199 77
609 803 619
594 903 769
32 594 638
879 934 160
845 824 370
341 64 567
216 343 434
725 633 108
977 62 510
360 962 385
417 793 762
951 516 277
100 453 604
929 888 361
257 65 913
161 482 823
306 9 896
355 421 598
546 958 6
231 320 199
796 327 637
240 809 13
403 57 634
290 852 836
890 386 128
854 876 826
598 647 82
42 767 85
569 544 277
276 340 998
564 544 606
131 466 313
9 582 7
502 415 42
333 876 806
57 764 541
675 265 916
579 60 836
372 625 740
910 83 643
812 417 620
662 303 740
740 894 654
767 321 441
544 6 498
204 421 224
66 708 69
111 526 517
893 93 747
134 688 909
132 460 264
587 347 575
326 936 774
314 254 291
847 395 372
956 931 690
719 986 36
903 475 69
212 165 140
630 352 704
264 297 876
354 469 202
375 247 445
566 946 863
321 344 272
167 204 206
78 152 744
983 781 162
138 352 425
441 680 187
980 227 66
784 490 764
975 219 539
273 717 236
49 925 632
487 832 755
662 150 822
236 33 331
154 193 26
801 425 706
926 589 619
419 347 394
735 489 290
335 877 570
691 917 383
987 392 1
109 618 261
711 502 580
572 670 155
871 908 888
649 289 610
617 19 626
344 555 340
292 337 539
232 801 49
838 964 48
226 604 589
181 622 582
356 951 492
157 234 759
117 299 259
99 715 564
864 302 847
27 900 847
464 304 712
669 208 49
941 583 107
563 521 325
524 678 821
33 762 845
890 406 679
335 819 500
632 975 660
15 529 913
347 187 498
3 155 380
21 168 359
9 781 464
623 55 858
447 715 732
890 459 771
199 267 300
237 155 248
966 763 614
232 589 452
83 568 736
394 338 529
805 950 768
825 527 173
397 885 751
65 166 452
742 471 700
905 373 884
578 987 957
555 821 422
148 184 99
684 785 24
52 446 913
786 461 678
183 49 999
914 462 871
511 982 139
286 15 19
176 62 103
349 59 131
831 563 596
518 736 303
442 135 727
151 920 261
455 966 750
344 970 644
157 66 320
977 955 930
913 353 595
427 445 89
640 975 114
685 458 956
770 181 487
845 716 317
901 318 311
643 773 636
40 187 614
412 517 616
91 600 789
146 708 512
624 631 41
483 936 758
201 525 798
592 682 491
45 899 437
553 428 441
172 560 776
875 113 145
67 683 349
831 28 289
589 697 85
967 58 893
397 246 523
129 21 797
121 555 314
153 661 247
693 209 497
124 926 361
188 411 83
863 734 579
825 177 301
992 567 492
753 552 787
960 206 328
910 625 37
356 404 910
845 513 552
401 214 221
243 694 841
463 908 539
853 221 277
280 413 716
929 525 415
262 307 304
446 511 481
941 185 70
453 515 764
899 902 311
977 874 910
654 107 926
540 35 660
883 363 178
62 938 275
651 997 101
411 731 798
829 20 341
649 630 934
231 386 731
976 846 938
250 343 718
830 202 702
325 439 704
166 262 553
519 26 719
70 23 218
130 655 356
306 159 427
950 405 540
542 651 322
437 171 924
306 402 368
200 424 748
915 436 282
382 687 901
384 169 907
234 639 48
906 22 877
115 490 413
819 856 75
165 24 953
709 519 290
660 406 984
371 110 434
275 606 801
935 24 218
354 226 149
236 587 5
323 270 65
793 255 126
40 131 928
111 99 467
389 534 208
842 681 728
75 658 519
713 347 455
425 732 402
575 576 655
283 374 245
648 83 667
321 149 488
618 518 306
243 939 578
288 917 427
515 686 21
564 847 12
873 981 899
160 609 722
796 378 369
299 731 128
155 455 914
316 218 310
47 405 235
918 459 859
36 771 808
891 112 886
335 323 289
745 729 692
531 886 591
368 613 85
914 567 822
316 141 666
998 143 693
816 151 601
41 652 374
828 555 53
140 500 493
195 404 366
599 834 131
618 802 457
951 802 430
323 732 833
358 552 584
409 92 975
624 379 725
398 320 470
584 78 123
188 513 332
423 408 817
294 238 206
961 829 851
487 815 617
574 878 336
157 98 589
273 224 217
563 864 67
512 195 866
250 921 43
673 411 40
772 733 315
114 818 894
728 265 953
657 971 519
28 67 780
485 195 103
457 371 75
655 556 739
64 293 730
762 345 680
278 872 9
857 557 45
629 391 87
83 302 917
974 876 69
243 575 147
909 339 670
231 441 363
543 837 889
103 459 217
670 42 33
844 13 899
369 960 302
183 813 494
314 513 907
605 891 352
872 300 161
95 415 296
446 607 422
430 499 920
741 845 580
749 803 556
660 917 492
810 139 168
851 525 936
384 422 956
252 312 706
94 627 288
296 376 116
370 378 400
530 620 12
523 506 580
620 648 516
673 946 727
80 634 331
187 620 417
835 311 79
271 12 154
807 372 545
783 393 750
673 706 259
333 739 413
875 404 981
603 952 501
126 676 834
772 921 59
142 46 692
989 209 28
5 707 776
581 318 24
467 10 912
546 757 134
259 9 774
290 477 428
508 66 974
927 444 92
123 676 373
347 878 771
758 891 446
57 126 327
375 239 508
787 272 953
461 289 581
679 508 94
900 991 403
811 5 214
683 341 88
913 64 381
941 690 721
149 271 675
657 2 818
791 869 362
606 57 83
689 181 832
786 1 330
237 55 852
109 235 698
138 160 61
706 925 497
308 334 877
385 644 366
673 960 880
10 201 306
582 802 837
438 466 801
229 185 922
583 448 73
365 58 419
926 325 895
701 84 879
874 400 612
654 114 247
258 488 657
406 964 157
423 710 433
975 557 4
72 509 272
406 522 791
837 1000 134
997 474 180
111 736 472
84 412 286
184 130 170
210 835 920
429 843 101
580 15 660
64 517 430
524 753 954
377 317 822
884 735 952
379 712 192
709 771 40
875 319 694
308 247 214
84 832 970
132 431 106
172 176 598
616 296 688
877 644 612
34 955 413
875 747 426
357 420 661
778 835 937
148 671 963
290 315 140
323 454 418
636 92 140
402 128 811
332 716 432
760 507 679
776 816 673
636 617 708
370 115 823
636 448 457
918 427 310
619 58 921
356 226 230
890 543 278
742 919 84
719 706 396
934 233 619
951 982 540
744 582 873
126 539 977
266 477 842
845 131 925
100 811 862
565 956 219
301 449 335
461 949 221
680 628 844
480 736 253
410 331 502
707 299 603
559 684 128
667 715 781
912 863 755
41 761 180
178 143 388
621 328 790
703 809 294
595 788 682
380 79 498
352 331 727
472 913 663
647 357 339
932 390 634
658 883 628
594 95 53
30 653 67
71 409 671
748 782 763
162 200 991
162 468 272
417 182 786
503 290 445
914 438 42
175 170 918
278 768 373
282 851 21
644 388 589
27 306 718
956 807 854
790 784 274
872 741 786
305 325 446
347 231 447
622 981 633
784 504 812
759 602 867
307 442 169
273 401 461
78 567 852
501 196 973
157 162 260
476 403 598
746 214 844
416 483 917
630 705 119
457 849 722
73 172 411
380 725 460
446 412 394
604 454 517
81 806 716
993 930 792
788 755 1
35 79 323
553 636 636
264 70 238
527 24 97
588 427 661
171 695 561
844 198 952
330 806 610
733 706 234
80 458 617
65 421 330
483 906 119
122 538 940
634 22 606
785 659 308
606 278 739
969 779 652
944 834 193
720 921 276
690 553 253
121 86 428
455 317 533
977 907 264
504 488 342
486 217 169
775 944 94
182 939 477
479 59 511
118 975 798
553 244 82
169 293 79
751 268 499
597 596 631
888 977 510
809 590 627
232 122 397
43 413 7
962 836 12
272 856 713
282 778 520
972 881 951
758 296 726
385 2 97
541 944 612
245 186 583
212 6 575
242 411 112
845 393 126
839 673 460
277 591 790
563 423 645
778 22 801
784 835 247
698 713 925
43 401 46
190 363 976
957 924 703
898 283 32
580 716 516
282 556 710
309 314 416
849 275 332
234 641 571
125 630 12
174 243 480
449 501 286
539 611 505
969 115 434
158 370 137
961 702 441
718 568 976
929 402 584
330 712 656
753 771 61
534 999 992
400 967 434
547 433 724
618 906 985
965 731 48
225 153 392
117 800 512
286 411 397
44 807 822
438 878 82
826 293 72
680 723 302
286 735 648
766 960 295
730 248 166
741 12 773
718 192 607
919 161 549
36 276 176
728 814 506
761 144 181
69 637 696
553 483 869
552 578 709
12 52 678
194 282 100
648 376 34
802 262 174
417 2 219
59 5 599
713 203 783
313 906 304
136 125 233
787 507 649
935 651 86
314 331 89
79 914 488
724 789 252
42 206 779
286 757 525
989 930 83
973 493 738
16 603 525
575 285 938
911 607 5
378 627 40
978 401 251
33 437 950
280 498 883
532 103 576
1 294 861
946 307 438
364 502 560
634 126 84
851 753 912
475 832 274
271 739 128
178 194 872
339 106 915
945 30 135
344 668 112
486 670 981
123 593 652
533 534 250
795 641 692
344 783 634
551 762 303
974 271 735
593 15 543
997 410 389
236 917 192
397 289 244
500 748 101
649 801 640
502 831 852
194 757 75
877 116 732
811 742 406
76 268 588
106 784 109
952 178 241
372 758 455
286 142 545
487 224 566
670 162 839
789 336 851
671 268 103
449 743 307
304 159 985
211 654 448
244 8 333
341 184 751
528 722 348
472 499 835
785 253 862
261 32 78
976 455 152
546 410 651
914 338 966
198 387 456
285 139 650
635 219 621
774 610 518
63 218 312
876 280 804
578 876 566
68 61 3
451 145 367
604 17 808
194 228 757
22 345 995
170 455 304
594 465 295
957 997 676
932 121 50
867 980 761
716 90 638
646 665 443
313 963 772
884 602 744
580 989 410
729 51 500
663 329 251
249 989 6
386 220 503
139 606 450
308 234 715
799 60 879
664 690 594
19 20 153
620 634 843
553 323 758
191 828 786
485 963 914
948 399 747
459 392 411
380 255 929
807 352 912
24 947 704
237 611 136
208 540 631
161 777 950
955 574 477
521 188 497
440 952 654
817 200 385
12 242 762
138 694 66
649 455 548
192 580 383
557 606 857
589 58 514
42 654 947
971 540 305
86 863 689
602 544 492
247 31 700
497 456 260
628 672 450
161 803 889
744 581 360
94 225 272
146 149 41
418 392 616
420 710 506
608 251 704
892 195 191
387 279 690
221 718 489
626 788 689
358 134 122
431 721 306
315 252 325
449 166 917
123 605 622
110 491 12
286 980 496
878 47 723
120 780 912
570 219 578
20 384 176
360 733 202
9 746 400
260 744 218
642 536 156
622 599 460
306 430 806
715 549 741
922 194 472
763 89 163
990 732 361
859 565 359
771 204 981
179 454 284
657 509 34
721 550 34
460 338 591
585 6 793
896 908 12
694 108 16
713 928 569
31 316 910
627 139 428
932 776 812
424 642 680
125 875 635
498 104 456
547 990 4
990 866 623
805 62 137
243 471 780
628 507 860
161 65 679
356 566 904
699 844 868
175 429 564
516 4 264
220 298 294
304 1 372
884 15 760
221 523 669
546 134 291
907 638 685
496 48 32
154 429 469
108 802 730
1 203 296
247 650 133
616 545 346
721 904 537
591 293 195
54 884 288
824 218 662
907 785 920
413 25 823
13 271 428
856 497 971
121 817 733
977 395 857
418 565 836
231 39 572
732 681 171
462 400 400
649 417 645
464 679 578
172 220 987
530 572 452
759 737 217
570 753 919
245 323 309
811 486 632
129 430 182
990 504 484
834 83 723
272 256 111
995 690 496
928 470 199
147 264 769
512 728 911
729 219 834
995 860 974
454 669 810
116 275 262
618 436 908
102 123 958
403 999 18
447 876 514
52 226 999
570 737 870
735 372 846
241 91 987
195 284 37
556 168 864
342 299 969
844 192 164
990 558 923
422 543 639
970 103 551
948 737 920
462 532 274
946 130 386
62 186 30
478 752 661
107 635 118
171 434 372
484 696 652
23 386 137
316 582 854
235 316 166
853 261 204
953 585 978
912 374 793
737 477 397
520 827 528
100 620 47
691 247 683
205 531 882
306 166 823
487 892 134
546 180 823
199 800 587
769 341 388
764 961 443
751 983 1000
907 531 401
263 419 987
608 651 85
8 590 314
520 987 361
342 274 808
100 514 752
594 422 299
672 913 322
114 790 744
676 961 386
427 995 976
740 327 836
975 438 654
423 813 563
314 926 646
331 376 325
331 514 666
107 801 316
926 755 853
115 406 951
320 647 876
24 184 986
638 75 985
475 952 795
937 316 2
190 309 627
516 339 726
141 771 374
560 355 921
683 59 294
874 792 923
31 167 761
82 726 853
101 113 502
851 125 701
556 997 662
711 70 331
234 780 579
8 488 898
522 564 428
746 235 274
645 915 281
224 416 448
872 572 738
158 983 193
207 814 458
212 923 395
640 556 501
657 431 804
909 431 811
685 433 118
368 867 801
23 296 448
988 569 646
373 536 113
17 253 931
123 640 51
267 73 893
288 616 832
906 138 345
997 413 362
213 305 52
426 195 172
84 257 681
696 595 644
917 500 969
824 2 589
887 693 368
555 22 477
457 246 427
955 556 529
223 755 277
731 952 977
815 13 892
338 314 97
331 937 168
765 161 129
907 680 119
960 637 899
585 770 855
99 942 255
361 310 348
853 290 293
218 262 139
390 613 449
276 74 441
957 153 143
727 662 680
151 472 852
790 540 835
862 324 42
647 925 228
689 72 875
250 858 396
213 776 93
422 912 680
287 383 354
142 556 349
454 723 953
299 940 705
436 504 739
942 730 728
690 89 467
358 245 250
921 374 897
59 137 639
791 285 736
650 909 4
812 63 510
285 858 211
891 120 350
560 309 346
5 288 594
832 734 611
126 528 395
497 724 896
856 29 905
697 859 750
428 892 404
360 344 116
695 538 905
300 437 988
483 179 478
316 68 230
674 56 324
685 957 962
688 114 908
858 165 216
581 361 220
843 462 227
911 206 504
450 854 697
259 703 779
880 651 611
467 125 268
170 718 36
521 859 779
171 633 950
457 465 847
820 171 530
210 662 158
217 173 689
534 445 623
693 635 710
482 220 824
472 25 883
999 758 257
556 610 300
798 761 356
510 69 167
517 824 250
952 49 385
659 454 590
684 168 893
595 876 811
592 22 622
256 182 383
549 372 978
490 413 593
275 658 78
26 314 279
616 559 251
283 687 563
505 947 559
732 148 225
903 504 962
87 448 165
820 752 952
676 430 603
738 869 950
235 69 699
809 589 433
360 758 221
969 624 456
971 512 110
442 742 263
881 614 83
449 174 866
465 909 279
183 869 270
726 525 98
224 89 470
555 320 429
486 224 802
314 19 719
304 150 379
255 295 457
396 758 646
287 444 352
370 205 371
256 198 89
853 336 445
410 274 881
27 930 984
183 293 171
94 975 387
966 24 82
869 931 516
406 73 508
991 325 137
129 272 211
789 926 115
583 88 866
54 133 648
514 901 108
286 875 356
897 180 293
144 353 949
696 391 571
583 514 692
874 366 616
251 515 293
325 781 913
800 433 779
376 437 353
533 305 66
519 486 572
916 790 150
280 449 498
917 344 349
261 569 103
853 393 136
685 121 500
607 350 518
865 143 87
218 157 756
698 694 365
157 798 141
114 660 837
152 953 845
825 261 630
251 220 614
351 864 60
364 410 626
531 989 561
530 386 558
102 675 611
43 737 247
448 383 357
969 962 926
654 786 577
428 880 629
211 857 342
205 150 264
907 451 303
54 25 501
1 725 823
521 152 941
21 805 945
30 928 916
97 684 368
677 163 390
161 925 766
108 388 910
922 757 986
974 763 869
684 485 969
842 751 126
821 905 283
391 96 972
946 303 28
805 866 42
689 399 902
764 14 99
688 674 948
478 891 187
64 73 291
3745
569 3
866 2
486 1
914 3
276 3
874 1
90 3
951 2
875 1
858 3
784 3
611 1
616 3
480 2
982 3
386 2
645 1
893 1
130 3
891 3
194 1
270 1
379 2
70 1
705 1
848 2
443 1
107 1
114 2
301 2
792 1
265 1
457 2
469 2
23 1
152 2
637 1
50 3
379 2
128 2
35 2
761 1
742 1
666 2
965 2
755 1
461 3
170 2
16 3
828 3
227 3
152 2
205 2
262 3
655 3
463 2
907 3
399 2
692 2
751 3
154 1
714 1
548 2
715 3
495 1
247 3
743 3
115 2
881 2
673 2
286 2
776 1
269 2
63 1
690 1
464 1
849 1
401 3
16 1
912 2
902 2
714 2
770 1
234 2
233 1
6 1
448 2
154 2
668 2
333 3
864 2
703 3
954 2
657 2
586 3
11 1
341 1
646 2
709 3
77 3
58 2
633 1
768 2
532 1
281 1
643 1
596 1
966 1
764 3
388 3
860 1
544 2
504 1
606 3
648 3
260 2
442 1
57 1
106 1
219 3
767 3
668 1
86 3
414 2
690 2
933 3
711 3
942 2
99 2
915 1
157 2
56 3
446 2
767 2
460 3
803 1
682 2
689 3
225 3
669 2
472 1
866 1
392 3
755 2
412 1
180 3
379 2
987 3
624 1
283 3
54 2
425 2
609 1
142 1
736 2
406 1
860 3
532 2
203 1
425 3
999 2
666 2
940 1
988 2
936 2
303 1
891 1
649 1
34 3
55 1
3 3
839 3
225 2
8 2
468 1
632 1
316 2
479 1
70 2
162 2
824 2
973 2
548 3
626 3
252 1
87 1
839 1
269 2
360 3
130 2
766 2
779 1
833 3
656 2
30 2
884 3
117 2
643 2
916 3
192 1
584 3
739 1
437 3
655 1
257 2
641 3
846 3
284 2
68 2
132 1
251 2
831 2
237 3
664 1
481 1
222 2
985 3
438 3
844 1
74 1
628 1
894 2
380 3
910 1
982 3
36 1
700 1
949 3
307 3
951 2
351 3
486 2
309 1
241 3
224 2
241 2
365 3
479 1
9 3
599 2
289 2
827 3
342 2
197 2
497 1
371 1
149 3
162 2
742 3
15 2
999 2
212 2
608 2
354 3
692 1
198 1
159 2
861 1
423 1
348 2
195 2
251 2
555 1
752 3
597 2
779 3
665 1
450 1
720 1
189 3
288 3
67 1
512 1
373 2
417 2
30 1
574 3
32 3
433 1
332 1
280 3
123 1
926 2
785 2
790 3
828 2
799 1
839 2
467 1
116 1
771 3
585 1
492 1
432 1
506 2
977 3
933 2
193 3
489 3
56 1
656 2
681 3
978 2
479 2
732 1
306 2
797 2
752 3
917 3
26 3
693 3
287 3
944 3
962 3
522 1
537 2
144 2
777 1
917 2
713 2
513 2
253 2
555 3
137 1
712 2
393 1
965 1
905 3
844 1
453 2
279 3
573 2
658 2
87 1
203 3
227 2
850 1
803 3
456 1
10 1
102 1
448 1
364 3
669 3
249 3
160 2
876 1
350 2
110 1
501 3
781 3
740 2
661 2
500 1
979 1
117 2
113 3
311 2
833 3
674 1
35 3
191 1
673 1
484 3
548 1
102 2
133 1
82 1
646 3
503 1
755 2
586 1
697 2
152 2
976 3
676 2
503 2
686 2
275 3
188 2
106 3
749 2
418 2
907 1
728 2
471 3
123 1
606 2
820 3
230 1
456 2
164 1
126 1
15 1
340 3
934 2
248 3
699 1
522 3
498 2
936 1
921 2
547 3
986 2
17 3
228 3
167 2
774 3
915 3
648 3
994 3
96 2
635 3
371 2
393 3
514 1
131 1
447 2
770 2
311 2
31 2
711 1
366 2
489 2
20 2
1 3
499 3
168 1
137 3
363 3
175 1
724 1
631 1
696 2
242 1
59 2
699 3
522 2
368 1
55 3
255 2
697 3
816 3
627 3
626 1
920 1
914 1
262 3
825 3
550 3
462 3
260 2
552 2
392 3
586 1
315 2
641 3
860 3
370 3
792 1
191 1
430 2
725 1
448 3
698 1
496 1
11 1
421 1
153 3
756 2
485 2
69 3
963 1
770 3
746 1
318 1
513 2
822 1
340 2
322 3
356 3
253 1
48 1
2 1
90 3
756 3
650 2
152 2
648 3
634 3
666 2
252 1
147 2
385 2
316 2
695 2
400 3
967 1
103 3
873 3
404 1
860 3
480 2
861 3
832 1
181 1
547 3
321 1
291 2
835 2
741 3
87 2
481 3
274 3
24 2
436 3
795 1
738 3
464 2
447 2
443 3
207 3
487 1
563 3
723 3
642 2
605 1
31 1
556 2
964 3
494 1
466 3
642 1
730 1
280 2
406 2
659 1
371 1
128 1
575 1
986 1
993 3
935 1
556 3
500 3
253 2
575 3
223 2
784 2
400 3
641 3
921 2
363 2
448 1
481 3
513 3
626 1
239 2
961 1
784 3
552 2
998 1
246 1
147 1
728 3
599 3
117 2
694 1
2 3
275 2
261 1
1 2
191 2
646 1
751 3
954 3
814 2
98 1
886 3
97 3
813 2
814 1
957 3
326 2
886 2
53 2
896 2
671 2
32 3
452 3
510 3
387 2
764 3
725 1
915 1
92 3
406 2
646 2
779 3
568 1
13 1
718 3
554 1
488 1
965 2
733 2
347 1
409 2
612 3
152 1
178 1
766 2
672 2
902 3
840 3
550 1
721 3
123 2
551 3
213 2
888 1
211 1
579 2
495 1
402 1
30 1
173 3
835 3
732 2
409 3
292 3
30 2
643 2
69 1
850 1
780 1
929 3
289 1
480 1
53 3
724 2
4 1
744 1
1 1
408 3
477 3
967 1
543 2
329 3
936 1
494 3
524 1
105 2
516 1
512 1
104 1
491 2
543 2
984 3
418 3
139 2
170 2
867 1
989 2
278 3
143 3
828 3
699 1
178 2
829 3
357 1
52 2
492 1
185 1
305 2
571 2
33 2
572 3
767 1
365 2
427 3
644 3
440 3
844 3
721 1
442 3
37 2
12 3
910 3
226 1
979 2
267 3
493 1
253 1
593 1
492 3
166 1
560 2
707 1
63 3
43 2
418 3
322 2
66 1
106 1
125 3
621 2
517 3
135 1
895 1
714 3
233 3
559 1
137 2
779 2
361 1
586 1
308 1
628 1
905 1
653 2
578 2
546 3
568 3
530 2
217 2
719 3
166 3
443 2
745 3
859 3
453 3
546 2
974 2
653 1
122 1
399 3
723 2
66 3
538 3
482 3
296 1
990 2
761 2
96 3
24 3
381 1
137 1
799 1
56 3
878 1
290 2
755 1
478 1
547 3
418 2
249 2
363 3
471 1
904 2
739 1
53 2
363 1
564 2
727 3
781 2
925 1
865 3
461 2
526 3
149 3
386 1
713 1
621 3
57 3
548 2
330 2
338 2
349 2
838 1
490 3
242 2
754 1
663 1
204 2
373 3
128 3
523 2
788 3
325 3
193 3
138 3
88 1
231 2
68 2
201 1
899 3
323 3
448 3
998 3
261 1
192 3
109 2
775 1
705 2
611 2
701 2
392 1
889 3
605 1
54 3
948 3
652 3
111 1
22 1
266 2
416 3
993 1
818 2
862 1
510 1
527 3
785 3
599 1
755 2
329 2
663 1
760 2
751 2
19 2
833 1
208 1
171 1
993 3
853 3
398 1
501 2
418 2
605 2
209 1
601 2
737 2
95 1
847 1
62 3
163 1
759 2
124 2
855 3
510 2
320 3
548 3
507 1
681 3
932 2
933 2
150 2
893 1
966 3
645 2
517 2
755 3
428 1
393 1
495 2
656 2
754 3
253 3
823 3
641 3
878 3
742 1
174 2
231 2
208 2
312 3
521 3
4 3
260 1
60 1
752 2
640 3
521 2
198 1
840 1
943 1
499 1
257 1
74 3
754 2
235 1
210 1
652 2
855 3
37 3
27 1
451 2
895 2
924 2
576 2
4 1
92 2
971 1
889 2
677 2
40 1
730 3
450 3
841 1
15 2
887 3
915 2
809 2
414 3
236 2
92 2
208 1
976 3
596 2
563 2
303 2
76 3
907 2
160 2
151 3
290 3
353 3
185 3
270 1
425 2
642 3
868 1
618 2
895 1
706 3
8 2
512 2
21 3
391 2
235 2
770 1
555 1
664 2
794 1
663 2
238 2
352 2
120 2
112 3
218 1
990 2
972 3
281 2
818 2
656 1
991 2
115 2
467 2
359 3
740 2
944 1
475 2
409 3
433 1
367 2
334 3
905 3
946 2
260 1
915 2
683 3
525 2
984 3
222 2
126 3
934 1
339 1
11 2
48 2
851 3
802 1
176 2
473 2
942 3
951 1
866 3
474 1
578 3
557 1
224 2
653 3
787 2
690 3
433 2
870 1
897 2
921 2
815 2
525 2
948 1
480 1
976 3
442 3
86 1
359 2
245 3
270 1
99 3
598 3
629 1
564 1
363 2
517 1
347 2
797 3
836 1
180 2
779 3
626 2
110 1
293 3
69 2
421 3
214 1
875 2
72 3
340 1
523 2
874 1
119 2
998 3
297 2
428 1
550 3
139 3
102 1
163 3
943 3
45 1
658 1
971 1
592 1
124 2
824 3
725 3
449 2
3 2
57 1
298 3
427 3
344 1
598 1
814 1
228 1
64 1
370 2
280 1
53 2
390 1
798 3
318 1
252 3
446 1
925 2
73 3
721 3
656 3
383 2
554 1
847 1
512 3
725 2
618 1
664 2
170 2
678 2
715 2
52 1
939 2
703 3
243 3
677 3
333 3
371 1
964 1
64 3
429 2
634 3
974 1
248 1
280 1
742 1
423 1
515 2
377 3
980 2
54 3
990 1
315 3
87 3
758 2
259 1
848 2
43 3
375 2
374 1
691 3
186 3
564 1
819 1
551 1
502 2
989 3
684 2
685 2
506 3
740 1
96 2
522 1
636 3
220 3
989 1
854 1
410 2
807 1
868 1
346 2
1000 3
67 1
730 2
592 2
738 1
240 1
657 3
613 2
108 3
147 1
361 1
764 3
957 1
557 1
743 2
658 1
538 1
454 1
358 2
637 2
794 2
164 3
141 1
958 2
721 1
46 1
878 2
779 1
744 2
425 1
211 2
762 3
73 3
525 1
48 3
393 3
946 1
775 1
907 2
803 1
814 1
252 3
808 2
641 2
215 2
840 3
31 2
633 3
276 1
891 3
721 3
562 2
124 1
344 1
371 1
814 2
768 2
495 1
419 2
314 2
508 1
771 3
952 1
980 3
376 1
827 3
70 1
95 2
951 3
602 3
972 2
411 2
76 1
988 2
783 1
23 3
853 2
69 2
867 1
62 1
687 1
431 2
357 1
299 2
653 2
426 3
790 3
66 2
970 1
406 1
861 1
170 1
756 1
304 3
734 1
202 1
786 3
305 2
481 3
986 1
524 3
633 1
642 1
630 1
347 3
901 3
181 2
485 1
367 3
540 2
56 1
734 3
524 3
973 2
447 1
678 1
922 2
627 2
532 1
959 2
431 3
916 3
895 3
198 2
15 2
876 3
893 3
171 1
99 1
384 1
429 1
155 1
108 2
355 3
516 1
955 2
175 2
485 1
321 1
945 3
331 2
964 2
504 2
334 1
574 2
169 1
111 2
560 3
818 2
832 1
411 3
928 2
356 2
151 3
602 3
235 3
221 3
673 2
229 3
63 3
559 3
111 3
872 2
967 3
632 3
503 3
739 2
704 1
173 3
628 2
512 3
102 3
143 3
601 2
457 3
972 2
836 3
879 1
392 3
764 1
842 3
113 3
595 1
442 3
424 2
425 1
806 3
806 2
310 1
155 3
425 2
256 3
207 3
68 2
117 3
702 1
923 3
242 2
155 3
638 3
930 2
57 1
41 2
298 3
69 3
849 3
50 1
221 1
17 1
782 1
29 1
675 1
291 1
677 1
750 1
106 3
893 1
533 3
386 2
534 3
278 1
776 2
108 1
668 1
428 1
331 1
181 1
700 2
916 1
57 3
917 1
653 2
535 1
940 2
585 1
365 3
202 3
811 2
749 3
801 3
106 1
973 3
178 1
408 3
261 1
940 1
410 1
177 3
344 3
672 3
95 2
759 3
15 1
145 3
994 2
574 2
394 1
225 1
823 3
114 1
445 1
45 2
152 3
91 1
238 3
717 2
439 3
778 1
735 1
318 1
943 3
109 3
798 2
686 2
332 1
58 3
647 1
658 3
473 2
793 1
724 2
687 2
307 3
50 3
713 3
372 3
436 2
442 2
821 1
876 2
857 3
128 2
86 1
601 2
800 2
523 1
808 3
690 2
54 2
954 1
740 3
686 3
971 3
877 2
389 1
288 3
115 1
195 1
172 1
431 1
171 2
397 1
238 2
183 3
151 2
127 1
76 2
882 3
122 3
483 1
293 2
60 2
989 3
485 3
974 3
416 1
38 3
269 2
217 1
878 2
563 3
227 3
7 3
687 3
801 1
922 2
723 1
410 1
393 2
389 1
974 2
799 1
114 1
47 1
997 2
230 3
740 2
824 3
13 3
366 1
824 1
834 3
914 3
448 3
169 2
346 1
943 3
584 2
72 2
18 3
915 3
357 2
255 3
127 3
791 1
528 1
309 3
262 3
317 2
593 2
419 3
239 3
896 2
361 1
324 1
107 3
288 1
447 2
361 1
586 3
336 2
87 2
489 2
220 2
137 2
338 3
674 2
964 1
334 3
508 2
538 3
571 3
265 2
513 2
398 1
196 3
708 3
397 1
722 2
863 1
342 1
78 1
152 3
780 2
959 1
890 3
72 3
164 2
97 3
380 1
57 2
303 2
246 1
418 2
684 1
755 1
605 2
525 2
364 1
820 3
670 2
16 1
685 3
106 3
97 2
87 1
473 1
630 2
127 2
799 2
616 2
718 2
856 2
176 2
529 1
703 3
679 3
27 2
505 2
463 2
703 3
172 2
28 3
709 2
957 3
513 2
955 3
192 1
652 3
540 1
398 2
248 1
475 3
259 3
988 2
589 3
240 2
565 1
837 2
443 1
604 2
835 3
175 1
433 3
800 1
439 1
500 2
90 3
108 1
886 1
832 2
468 3
119 3
228 2
594 1
312 3
600 3
79 1
212 2
815 2
25 1
590 3
203 1
418 1
610 3
536 2
56 1
993 1
325 1
774 1
783 3
602 1
50 3
175 3
65 3
785 1
724 1
76 1
147 2
229 1
15 2
33 2
949 2
946 2
834 3
55 1
422 2
190 2
96 2
326 2
987 1
614 1
812 1
232 3
777 2
299 1
715 2
797 2
153 1
68 3
681 3
687 3
398 1
691 3
68 1
229 2
481 3
343 1
650 2
388 2
987 1
445 2
664 3
925 3
565 2
555 3
285 3
685 1
146 1
15 2
109 3
527 2
313 2
252 3
885 2
577 2
223 2
383 3
515 2
328 1
851 2
894 1
428 3
89 3
81 1
48 3
285 1
706 1
398 3
931 3
718 2
641 3
631 1
207 2
873 2
338 2
876 2
416 3
970 2
519 2
753 3
426 3
506 1
528 1
10 2
955 2
449 1
843 3
695 1
939 1
22 1
77 3
564 3
728 1
650 1
347 1
360 2
237 1
781 2
913 1
523 2
838 3
280 3
557 3
929 3
867 2
885 2
720 2
416 2
423 3
563 3
135 3
537 2
922 1
355 3
549 1
588 3
839 3
938 1
976 3
728 3
758 1
258 1
741 3
454 1
518 3
167 1
449 1
804 2
163 1
104 3
852 2
288 3
353 2
112 2
233 1
200 3
818 1
619 2
525 2
365 3
932 1
976 3
584 2
206 3
383 1
713 2
344 3
87 3
924 3
93 1
838 3
692 3
295 2
46 1
951 2
276 1
355 2
469 3
140 3
813 1
954 1
883 2
537 3
651 1
172 1
996 1
248 1
248 2
648 1
135 2
582 3
329 1
695 2
563 3
525 3
417 2
992 1
926 2
366 1
219 3
226 2
390 3
50 1
472 3
112 2
573 2
285 3
214 2
87 1
702 3
55 1
446 1
701 1
897 3
56 1
985 1
883 3
283 3
925 3
577 3
100 3
222 2
724 1
370 1
862 3
634 1
860 3
947 1
228 2
489 3
133 3
542 2
690 3
288 2
864 2
901 1
804 2
960 1
838 2
568 2
690 2
683 3
685 2
642 1
562 1
360 3
991 2
895 3
849 3
408 2
509 2
292 2
21 2
66 2
575 2
668 2
927 2
854 2
357 1
4 1
722 1
126 2
330 1
821 3
405 2
737 2
986 1
304 2
404 3
26 1
826 3
574 3
205 2
616 2
914 2
790 1
147 2
676 3
710 2
576 1
57 1
52 2
35 3
250 3
16 2
210 2
231 3
79 2
874 1
407 1
286 3
372 1
43 3
392 2
839 3
147 3
776 3
363 3
883 2
924 2
38 1
693 3
555 3
434 3
262 3
620 2
666 3
429 3
494 1
473 3
158 2
471 2
465 2
371 3
845 2
498 3
94 1
112 1
660 1
460 1
979 3
338 3
266 2
367 3
3 2
96 3
735 3
282 3
950 1
293 1
172 1
953 3
62 3
83 1
993 2
174 2
61 1
188 3
820 3
986 1
3 3
869 1
873 2
522 1
138 1
569 1
629 3
179 3
580 1
156 3
819 3
422 3
976 1
554 1
958 1
462 3
608 3
3 1
919 1
274 1
556 1
981 2
499 2
998 2
64 1
729 3
861 2
53 3
862 1
217 1
543 2
166 2
833 2
511 1
231 1
122 2
205 1
571 2
760 1
592 1
226 1
766 3
750 3
863 1
738 2
821 3
908 1
500 3
131 1
708 3
34 1
237 2
934 2
986 2
115 3
266 2
732 2
600 2
943 3
909 3
593 3
813 1
566 1
968 1
271 1
880 3
654 3
486 3
899 2
542 1
48 3
305 2
953 2
544 1
319 1
794 2
79 1
175 3
404 3
217 3
297 3
469 2
95 1
165 1
926 2
383 3
277 3
346 1
297 2
365 1
102 1
358 3
103 1
932 2
431 3
15 3
535 3
942 1
670 1
305 1
270 3
191 2
114 2
915 3
189 1
895 3
326 2
371 2
19 2
449 3
881 1
923 1
467 2
651 1
302 3
487 1
48 2
520 2
122 3
907 1
268 1
183 3
663 1
718 1
152 1
990 3
8 2
929 3
923 3
772 2
127 2
866 3
494 3
310 2
159 3
384 1
91 2
150 2
698 2
800 2
866 3
404 1
894 2
41 3
928 2
586 3
611 3
749 2
363 1
51 1
769 2
70 2
503 2
511 1
871 2
750 3
647 2
552 3
699 3
527 1
690 1
576 2
263 1
537 1
515 2
209 1
984 3
207 1
848 2
122 1
550 1
270 2
877 1
931 3
261 1
165 1
172 2
507 3
796 3
267 3
423 1
382 3
502 2
609 2
401 2
623 3
207 3
395 2
9 3
28 3
38 3
950 3
419 3
539 2
855 2
888 2
30 1
770 3
784 2
719 3
61 1
578 3
433 1
452 1
135 3
249 1
766 3
858 1
326 2
456 1
460 2
289 2
984 2
566 2
337 3
947 1
605 1
879 2
257 1
154 1
242 3
707 1
394 1
390 3
595 2
596 3
54 2
890 2
640 1
719 3
280 2
674 1
433 2
397 2
247 1
886 2
114 1
715 2
868 1
255 1
653 1
949 3
811 1
753 3
824 3
686 1
764 1
542 2
168 3
699 1
785 2
154 1
584 1
346 2
693 2
235 3
140 1
157 1
189 1
473 2
406 3
231 3
698 1
342 1
845 1
777 2
432 2
744 3
597 1
272 3
401 1
665 1
691 2
31 3
436 2
605 2
196 2
138 3
124 3
439 1
407 2
73 2
742 3
912 2
303 2
221 3
963 2
869 3
111 3
196 2
230 1
957 3
756 1
91 1
670 2
735 2
485 2
538 3
249 2
182 3
38 3
655 3
321 1
25 3
308 2
935 3
343 3
40 3
596 2
553 1
620 1
555 3
141 1
776 2
6 1
174 1
453 1
673 3
972 3
978 3
272 2
384 1
46 1
622 3
459 1
434 2
792 1
475 3
495 2
354 3
946 3
361 1
408 1
750 1
847 1
1 1
282 1
324 1
683 1
440 1
897 2
676 3
147 1
156 2
42 2
67 1
374 2
457 1
786 3
752 1
865 2
66 3
266 3
250 3
569 3
149 2
824 3
879 2
861 3
735 1
470 3
350 2
408 2
282 3
67 2
220 1
600 2
860 2
90 2
974 1
64 3
484 3
133 3
982 2
203 1
700 1
843 1
443 1
309 1
826 3
333 2
562 1
479 2
580 2
820 3
826 1
428 3
265 2
857 2
696 1
618 1
723 3
819 2
641 3
659 1
289 2
496 3
372 3
547 3
935 3
953 2
557 3
188 1
887 3
982 1
297 1
200 1
925 1
371 3
760 3
205 1
631 3
213 1
271 2
910 2
901 3
186 2
137 3
842 1
156 2
79 2
308 3
854 3
84 3
279 2
559 2
892 3
609 2
326 1
564 2
398 3
292 3
519 1
695 1
624 2
949 1
589 2
801 1
189 1
276 1
228 1
863 2
269 2
469 3
130 3
418 1
109 1
291 2
66 2
339 2
792 2
377 2
439 2
621 2
947 3
950 2
710 2
293 3
568 3
782 3
655 1
810 3
886 1
373 2
959 2
771 2
289 3
223 3
971 2
226 1
142 3
534 3
803 3
723 3
71 2
625 3
312 2
939 3
516 3
398 3
449 1
438 1
102 2
804 2
828 3
568 3
429 3
788 3
436 2
471 2
365 1
873 1
382 3
484 1
934 1
153 1
619 1
278 1
849 2
906 3
127 1
936 3
155 3
161 1
842 3
955 2
536 2
341 3
837 3
995 3
839 2
215 3
17 3
203 2
949 1
399 1
888 2
693 1
668 2
820 3
314 1
600 2
964 3
686 1
439 1
715 1
252 3
626 1
460 3
548 2
347 3
771 3
528 1
14 2
124 2
164 3
718 2
721 2
195 1
242 3
355 1
488 3
261 2
581 2
386 3
941 3
527 1
716 3
384 2
236 2
680 2
392 1
469 2
215 2
85 1
847 2
758 1
320 3
163 3
439 3
658 2
85 3
118 1
241 1
711 2
751 3
775 3
352 3
783 1
287 3
416 3
453 3
279 3
334 1
277 1
901 3
60 1
74 1
33 2
466 2
276 2
371 3
321 1
756 3
48 3
896 2
466 1
647 2
460 2
150 1
707 2
739 2
243 3
436 1
58 2
3 3
735 3
93 3
287 2
420 1
993 3
204 1
742 2
29 1
931 3
43 3
352 1
331 1
155 2
870 1
294 3
110 3
404 2
781 3
630 2
661 3
567 3
704 2
219 2
152 3
978 2
21 1
902 3
811 3
582 1
51 2
842 2
665 1
431 1
541 2
849 2
552 1
823 1
26 3
611 1
896 1
913 3
991 2
994 1
455 3
757 3
33 3
673 3
234 2
589 3
91 2
831 3
325 2
759 2
168 3
888 2
628 1
111 1
308 2
673 3
256 3
697 1
204 1
921 3
438 1
823 2
708 2
434 3
415 3
908 1
620 2
33 1
500 1
990 1
862 2
322 1
585 2
324 1
533 3
168 3
828 2
712 2
482 3
452 1
972 1
309 3
596 1
16 3
583 1
228 1
411 1
467 2
192 1
12 2
324 2
943 1
815 2
308 1
709 2
726 1
900 1
839 3
945 3
338 3
684 1
669 2
904 3
264 2
756 2
557 2
554 3
153 1
568 1
955 1
410 1
184 2
904 2
563 2
126 3
269 3
841 3
534 3
237 1
198 3
967 3
333 1
716 1
695 3
695 2
678 1
577 3
494 3
474 2
875 1
459 1
157 3
295 3
346 1
525 1
640 1
117 1
938 1
403 3
359 3
234 2
253 2
649 3
189 1
694 3
473 3
585 1
581 2
995 1
425 2
631 1
450 2
584 1
782 3
992 2
213 1
450 3
292 1
723 1
349 1
184 1
243 3
169 2
382 1
784 2
517 3
57 2
313 1
740 2
484 3
855 2
190 1
95 2
602 2
203 2
264 2
592 2
15 3
313 2
723 2
715 3
606 2
664 1
5 1
988 1
12 3
489 3
797 1
67 2
285 3
2 1
308 3
934 2
736 3
591 3
395 2
994 3
240 2
593 3
539 1
869 2
781 1
295 3
518 1
252 3
208 1
960 1
585 2
809 3
736 3
818 1
614 1
811 3
770 1
910 1
738 1
71 2
771 1
186 2
975 3
437 1
47 2
757 2
167 1
21 1
378 2
573 2
858 1
926 1
462 1
411 2
205 2
450 1
297 3
449 3
428 2
61 2
561 1
711 2
745 1
156 2
764 1
25 3
430 2
716 1
477 3
157 3
528 3
310 1
722 3
611 1
287 1
344 1
373 2
451 3
91 1
833 2
396 1
550 1
886 2
5 3
573 1
458 3
276 1
733 3
940 3
24 2
815 3
765 3
166 3
975 1
29 3
145 1
623 1
267 1
915 1
468 2
238 3
494 2
13 1
625 1
255 3
353 2
336 1
134 1
946 3
658 1
252 3
570 2
192 3
228 3
737 3
495 1
196 3
300 1
869 1
395 3
295 1
857 2
803 3
373 2
504 2
966 3
316 3
500 1
55 2
605 1
522 3
382 2
846 1
828 3
209 3
338 2
249 3
509 2
378 1
557 1
392 3
70 1
822 3
210 1
545 3
406 2
497 1
249 2
59 1
224 3
423 2
799 2
42 1
67 1
845 3
846 2
165 2
716 3
904 3
494 3
552 2
231 2
351 1
926 3
897 2
369 1
432 3
706 2
652 2
607 1
581 2
305 2
696 3
197 1
257 3
638 1
541 2
740 2
489 2
403 2
726 1
29 2
131 2
988 3
798 2
198 2
994 1
780 2
52 1
574 2
878 3
574 3
394 3
835 3
681 3
704 1
595 2
977 1
638 2
441 3
594 3
912 2
14 1
303 1
521 3
263 1
461 2
690 2
286 3
947 3
786 3
131 1
359 1
234 1
811 3
331 2
515 1
353 1
524 3
443 1
480 3
896 2
287 1
261 1
506 2
777 1
834 1
974 2
133 3
506 1
420 1
932 2
804 3
331 3
770 3
698 1
343 2
267 1
755 2
27 1
198 1
812 3
1000 2
951 2
136 2
986 2
288 1
701 2
471 2
201 3
463 1
218 1
179 1
222 2
679 1
76 2
686 1
550 3
832 3
711 1
120 2
281 3
975 2
928 1
797 1
67 2
605 2
457 1
894 2
92 3
488 3
292 1
980 3
901 3
370 2
688 1
26 2
160 1
398 2
846 1
236 3
598 3
349 2
814 1
225 1
715 1
137 2
202 3
706 2
731 1
705 3
204 3
234 1
413 3
249 2
287 2
159 1
369 3
148 1
757 3
59 3
238 1
526 3
425 3
164 3
7 3
609 2
702 1
909 3
366 1
782 1
46 2
65 3
136 2
27 3
168 3
837 2
906 3
313 1
710 2
517 3
490 1
334 3
117 3
387 2
819 1
642 1
926 3
259 1
577 3
998 3
811 2
838 2
43 3
963 3
899 3
882 2
556 2
364 1
206 1
542 2
535 2
451 3
998 3
293 1
629 3
357 1
131 3
731 1
536 1
787 1
707 3
763 3
515 2
207 3
693 3
564 3
703 2
784 2
210 1
867 2
128 2
914 3
180 2
584 1
63 2
524 2
327 3
6 2
529 3
831 2
924 2
753 2
99 2
83 2
687 3
320 3
33 3
450 3
173 2
481 2
710 1
332 1
847 2
614 3
66 1
190 1
821 1
862 2
241 1
524 1
96 2
521 1
33 3
794 2
991 1
603 3
38 2
222 3
40 3
372 3
254 2
636 1
670 1
983 3
186 1
84 2
15 1
612 2
458 1
716 2
292 2
209 3
901 1
91 2
434 3
201 2
226 1
473 2
734 2
218 2
782 2
922 2
671 2
88 2
842 2
836 3
672 1
128 1
106 1
206 1
204 3
561 2
691 1
86 1
747 1
10 1
770 2
516 2
574 3
842 2
603 1
462 2
946 1
614 3
853 3
621 2
24 2
720 1
244 3
896 1
667 2
328 2
908 3
713 2
661 3
627 1
197 1
489 2
548 3
496 1
55 2
423 1
529 2
398 2
758 3
122 2
252 1
612 2
395 1
389 3
901 2
279 2
406 2
615 1
819 1
960 1
265 3
667 3
292 2
674 1
965 2
626 3
473 1
346 3
533 2
475 3
482 3
985 2
796 1
271 1
405 1
734 1
366 2
554 3
442 3
887 1
624 3
877 1
817 2
418 3
572 1
283 1
933 3
268 3
703 2
882 3
442 1
353 1
424 3
286 3
662 3
66 2
183 3
491 3
665 2
574 3
600 2
760 1
865 3
784 1
185 1
13 3
181 1
824 2
430 1
700 2
706 1
92 1
610 2
877 3
387 3
162 1
730 2
264 3
533 1
550 3
566 3
694 1
557 1
202 1
740 1
711 2
85 2
579 3
935 2
524 2
521 2
458 1
613 2
212 1
376 1
220 2
857 1
215 1
608 1
447 3
737 1
301 3
810 1
963 3
96 2
325 1
286 2
254 1
981 1
356 2
648 2
494 3
149 1
990 1
261 3
28 3
259 1
715 1
421 3
535 3
408 1
314 3
862 1
206 3
491 2
339 2
440 2
563 3
248 1
752 3
959 1
308 1
852 1
109 2
810 3
215 3
700 2
200 2
673 3
52 1
644 3
519 3
983 3
741 1
400 1
345 3
408 2
429 1
514 1
544 1
89 1
617 3
328 3
72 2
685 2
939 1
861 2
235 1
17 1
473 3
144 3
282 1
508 3
342 2
184 3
465 2
192 2
136 3
785 2
106 3
719 2
40 2
887 2
461 1
508 2
744 1
499 2
958 3
398 1
537 2
508 1
314 3
856 3
672 2
850 2
206 3
80 2
916 3
666 3
100 2
3 3
665 3
863 2
773 2
879 2
272 1
842 3
819 1
778 2
410 1
730 3
127 1
332 3
764 3
572 2
190 1
768 3
437 2
856 1
624 1
330 3
416 3
786 2
970 1
20 3
405 1
806 2
477 2
42 2
600 2
339 3
689 2
360 3
167 3
869 2
294 2
657 2
765 1
793 3
42 1
959 1
435 2
634 2
478 3
149 3
520 3
676 3
415 2
323 2
426 3
734 2
949 3
397 1
698 2
549 1
898 2
101 1
495 1
562 2
995 2
15 2
590 1
856 1
350 2
980 2
903 2
426 1
623 3
96 2
637 3
99 2
128 2
560 1
886 1
836 2
123 2
120 1
395 2
784 2
158 2
206 2
554 1
626 1
518 2
653 3
380 3
999 3
58 3
418 3
514 2
748 2
952 3
1000 3
897 2
435 1
584 3
438 3
241 1
443 3
100 1
861 3
260 3
683 1
262 3
643 1
602 2
246 3
898 3
742 3
800 3
765 1
431 1
799 2
444 1
615 1
157 1
875 2
10 2
855 1
479 1
589 2
697 1
924 2
103 2
476 1
274 1
113 3
785 1
262 3
346 3
800 1
268 3
452 3
910 3
978 1
495 3
257 3
55 1
256 3
773 2
669 3
378 2
896 3
502 3
423 3
190 2
659 1
702 1
861 3
682 2
182 1
830 2
131 3
810 1
194 2
486 2
589 1
890 2
867 3
166 3
78 3
922 1
603 3
964 1
109 1
9 3
467 1
554 3
817 2
464 1
582 2
64 3
717 1
151 2
785 3
20 1
857 3
400 2
548 3
783 2
52 2
855 1
33 2
538 1
95 1
973 1
634 3
347 3
411 2
612 2
592 2
632 1
445 2
163 1
278 1
77 2
166 2
582 1
152 1
608 2
5 3
558 2
943 1
765 2
962 3
210 3
106 1
820 2
946 3
416 1
453 2
156 2
305 2
1 2
307 2
268 3
536 1
127 1
149 2
441 1
700 3
615 3
708 2
879 3
768 1
597 3
518 2
79 1
172 1
735 2
804 3
666 1
729 2
492 2
921 2
990 1
385 2
257 1
53 1
835 2
312 2
373 2
330 3
615 3
524 3
794 3
193 3
572 3
785 1
40 1
537 3
965 1
424 1
304 2
228 1
229 2
448 2
530 3
543 1
723 2
112 2
718 2
824 3
682 3
1 2
782 2
727 2
670 3
763 3
558 1
120 1
85 2
786 3
270 2
636 1
325 3
598 1
646 3
826 3
155 3
763 3
90 3
136 1
724 2
16 3
47 2
201 3
720 1
440 2
567 1
237 2
864 3
780 2
257 1
350 2
298 1
205 3
333 2
249 2
935 2
657 2
870 3
397 3
727 3
65 3
215 1
549 1
891 3
857 1
908 2
127 2
563 3
595 3
913 1
501 1
120 3
828 2
711 3
836 1
332 3
830 2
826 3
475 1
556 2
846 3
497 2
536 1
342 3
445 1
368 1
215 1
984 2
834 2
551 1
779 2
978 2
260 2
214 1
957 2
988 2
136 3
624 3
709 2
811 2
624 2
927 1
181 3
913 1
639 2
92 1
459 2
695 3
276 2
807 2
907 1
444 3
160 1
998 1
516 1
215 3
90 2
460 3
830 1
978 3
120 2
84 3
944 1
583 2
493 2
314 1
302 2
978 1
130 2
137 3
559 2
871 2
519 3
189 1
452 1
813 3
933 2
412 3
904 2
82 2
929