1000
0
1 1
2 1 2
1 3
3 1 2 3
3 2 3 5
2 3 5
2 3 5
2 7 8
2 3 7
5 2 3 6 8 9
6 2 5 6 7 10 11
3 1 6 12
3 2 6 12
2 8 9
3 5 7 8
2 6 8
4 5 6 7 8
3 7 13 16
2 7 17
5 8 10 14 16 18
8 1 4 6 9 11 12 17 19
7 4 14 15 16 17 18 19
6 3 4 9 11 17 18
8 3 4 6 7 8 13 14 17
4 1 6 14 16
6 3 8 12 13 18 19
10 3 4 7 9 11 16 18 20 21 27
4 15 20 26 27
11 1 5 13 14 15 17 21 22 24 26 28
11 2 3 6 7 9 10 15 18 20 21 23
9 5 9 11 16 19 20 23 25 30
11 3 9 10 11 12 15 17 25 26 28 32
8 2 3 8 18 24 25 28 30
14 2 3 9 11 12 15 21 22 23 24 25 27 30 31
6 2 5 17 18 19 34
14 3 4 5 10 11 12 19 21 26 29 31 33 34 35
13 1 2 5 6 12 16 17 18 24 26 27 30 32
12 1 2 3 8 11 12 20 23 24 28 30 33
7 7 10 18 20 27 29 36
13 4 6 12 22 24 28 29 33 34 36 37 39 40
9 1 5 17 23 26 27 30 32 37
13 4 5 6 7 9 13 20 25 30 34 35 37 40
8 14 20 21 29 32 38 42 43
10 4 8 13 14 16 21 26 29 31 44
10 3 10 11 12 14 16 22 33 36 44
12 3 4 7 14 20 21 24 30 33 35 37 44
16 4 5 8 15 17 18 19 20 21 26 30 32 35 40 44 45
10 2 6 14 15 16 20 25 29 35 42
13 4 10 20 22 24 25 29 33 34 36 39 44 47
12 2 3 9 11 13 17 18 19 21 40 45 46
10 1 3 7 9 11 13 16 19 32 42
12 12 16 17 21 26 28 29 32 36 38 39 40
12 6 8 14 19 20 31 32 34 38 42 48 49
17 1 2 3 5 6 11 15 17 21 32 38 44 45 46 47 49 51
8 3 14 34 39 43 45 47 53
12 6 8 14 15 17 18 24 25 26 46 48 56
17 6 9 10 13 14 15 19 20 21 24 37 39 42 43 44 50 51
16 2 13 16 20 22 23 27 28 36 39 42 45 51 52 56 57
11 2 7 10 20 22 24 26 28 31 43 45
9 3 9 11 20 21 37 38 44 50
25 1 4 8 9 14 15 17 19 21 22 23 25 26 27 30 32 35 39 42 43 45 47 51 54 59
16 5 7 9 10 15 18 19 22 23 26 27 34 38 40 46 59
14 3 12 13 14 17 26 29 32 33 36 41 46 54 56
14 2 3 9 13 14 15 19 23 24 28 36 39 41 48
15 1 8 18 25 28 30 31 32 33 36 38 41 51 64 65
16 1 4 5 6 9 25 27 30 32 33 38 41 42 47 50 63
13 1 3 6 15 17 26 37 47 53 55 56 57 64
20 1 4 7 8 9 11 17 22 35 37 41 43 44 49 54 55 56 58 62 64
18 2 4 6 7 11 12 13 17 27 37 39 42 43 47 49 54 57 66
23 5 6 7 8 9 12 13 15 23 30 31 33 34 37 38 41 52 54 60 61 66 68 69
21 2 4 9 16 19 20 21 22 25 29 30 39 42 46 48 50 54 55 59 62 70
12 1 8 9 14 17 21 30 31 40 41 63 64
20 1 4 7 18 22 36 39 43 48 49 50 52 55 57 60 63 64 68 70 71
23 11 12 15 17 20 25 26 31 32 40 43 44 49 51 52 53 55 57 59 65 66 73 74
19 12 14 21 27 32 33 36 37 40 44 45 47 51 52 55 56 58 64 71
19 5 13 23 24 33 35 40 41 46 50 55 59 60 62 66 67 68 70 75
12 8 11 27 30 38 41 44 45 51 65 68 73
19 1 3 5 13 24 25 37 38 40 43 45 46 47 49 53 55 61 66 70
17 9 13 18 22 24 28 31 34 37 42 43 49 56 73 75 77 78
16 2 5 11 25 27 31 32 36 44 46 48 49 62 65 67 76
23 3 4 9 19 21 31 33 35 38 40 41 44 45 50 59 63 69 70 73 74 76 77 80
20 4 13 19 21 26 33 34 42 43 44 45 47 50 53 61 66 70 71 76 78
18 10 11 17 19 23 28 30 34 41 43 44 49 57 58 59 68 69 71
17 6 7 8 9 15 22 23 29 31 37 40 41 43 53 69 70 80
21 1 5 6 7 8 17 20 21 23 25 31 33 48 54 55 59 60 61 63 66 76
28 2 6 13 15 17 18 20 23 24 25 31 40 41 44 49 50 53 55 57 62 63 65 66 71 72 82 83 85
23 3 5 13 14 16 17 20 26 28 31 41 42 45 47 49 50 64 73 74 76 80 83 87
23 2 4 6 18 23 32 41 42 43 44 46 48 52 53 55 57 60 63 66 73 76 78 83
26 2 4 10 11 12 20 22 28 36 38 40 42 48 50 51 52 56 64 67 70 73 76 79 83 86 89
23 3 4 5 7 9 14 22 23 24 28 30 39 43 47 48 56 57 58 60 71 72 85 87
23 6 12 23 24 26 28 35 38 45 48 50 52 61 62 63 68 73 76 79 82 83 86 89
29 3 5 7 8 9 15 17 26 27 28 32 36 37 39 42 46 47 50 51 53 57 59 60 61 68 78 79 85 92
20 5 6 7 8 9 19 22 29 36 53 54 56 62 64 67 68 74 75 89 92
22 5 9 14 26 30 31 35 37 44 46 52 55 57 63 67 70 71 74 76 77 86 94
22 2 5 6 8 13 19 23 28 35 41 42 56 60 61 64 66 73 74 80 83 90 91
27 1 8 11 12 13 14 15 16 22 24 31 32 35 37 39 41 42 43 50 53 56 59 60 64 67 69 92
23 17 18 19 29 30 31 34 36 38 46 49 52 54 59 61 68 73 80 82 87 89 92 96
25 2 10 14 15 19 20 21 26 27 31 35 51 52 53 56 58 61 67 70 72 73 76 78 90 91
27 3 9 10 12 16 20 24 27 29 30 31 32 38 41 46 48 49 57 68 71 73 75 81 83 89 90 94
32 1 12 13 14 15 17 18 19 20 21 23 25 26 28 32 37 38 40 41 43 44 54 55 61 63 66 67 68 75 77 88 91
24 3 18 28 30 33 37 42 44 47 48 49 63 68 72 79 86 87 91 93 94 95 96 100 101
21 7 10 14 21 24 31 35 36 38 39 41 48 49 50 57 64 77 84 85 86 94
29 4 5 9 10 15 16 19 24 26 28 31 36 45 55 57 58 59 68 73 78 79 80 84 85 89 90 94 98 101
29 1 3 4 6 19 23 25 26 27 30 32 33 39 44 46 47 49 66 69 71 83 84 86 88 91 93 96 101 104
28 2 5 9 21 23 24 30 46 49 50 51 53 56 58 60 63 65 66 69 77 78 87 88 89 95 98 99 103
29 2 4 14 15 20 27 31 37 39 40 45 47 50 52 54 56 57 67 68 71 74 75 77 80 84 87 88 95 96
33 7 21 23 27 29 30 35 38 49 50 54 56 61 64 65 72 73 75 77 78 79 81 83 91 93 94 97 98 101 102 104 105 106
27 2 3 7 9 10 16 17 30 31 34 37 43 45 49 52 53 60 65 66 81 82 87 88 95 98 99 107
29 4 9 11 13 14 15 18 19 21 25 26 43 47 48 52 53 54 55 58 64 66 67 76 77 82 89 91 103 108
35 2 4 5 6 7 17 20 21 27 31 35 37 46 47 51 57 59 61 62 63 67 69 73 75 79 80 85 87 91 94 100 101 103 105 108
26 8 10 11 12 13 23 28 30 31 33 35 38 39 41 42 44 46 56 60 67 82 86 91 99 100 105
20 6 7 9 14 29 34 42 48 49 54 60 63 66 75 84 86 91 97 104 112
27 3 6 11 13 17 19 24 25 26 27 28 29 31 35 41 53 58 59 75 83 84 89 94 103 107 108 110
23 6 10 23 26 28 30 36 47 49 51 52 57 59 69 72 78 86 91 93 94 101 103 113
30 1 10 16 21 27 28 30 34 35 49 50 56 62 76 82 83 86 87 88 90 91 94 96 104 107 111 112 113 114 115
34 1 6 11 17 18 21 22 23 25 27 36 43 52 54 56 61 63 67 70 71 73 74 78 84 88 94 100 104 105 108 110 114 115 116
28 9 10 13 15 17 20 23 32 34 37 42 49 52 58 65 72 73 79 82 87 90 91 100 101 106 108 109 112
34 2 5 7 11 14 15 19 27 30 35 37 40 45 48 59 61 63 69 71 73 77 79 80 83 93 95 96 99 100 101 106 110 115 116
30 2 3 5 6 15 16 17 27 28 35 39 48 51 58 59 62 69 73 80 87 88 90 91 95 96 102 111 113 114 118
25 1 2 5 10 21 26 35 38 42 45 53 54 56 62 69 70 72 75 76 91 102 104 114 119 120
27 3 13 16 20 29 34 39 45 47 48 49 52 55 56 60 66 67 68 71 79 81 83 84 89 91 113 117
22 11 15 16 18 22 26 28 34 37 43 47 57 63 65 70 71 73 90 91 99 100 105
31 1 20 23 25 27 28 30 34 36 39 46 53 54 57 62 66 67 69 71 80 83 84 93 99 103 106 108 112 115 116 123
23 3 11 13 15 21 32 41 42 44 46 49 52 59 66 81 82 94 99 104 107 112 113 119
28 2 5 6 11 18 21 24 25 30 33 36 41 43 50 51 52 54 60 65 75 86 90 98 114 115 117 119 122
26 2 5 6 10 11 12 14 19 21 23 28 31 42 43 44 47 51 52 59 75 78 88 90 95 97 124
22 4 6 26 34 42 43 45 46 54 57 59 60 67 76 86 101 109 114 117 119 120 126
30 1 4 11 15 16 25 27 28 35 40 52 59 61 62 64 70 71 73 75 79 80 83 99 105 106 108 118 121 124 128
31 1 4 5 7 10 12 14 26 27 32 48 56 62 67 70 71 73 74 80 90 95 96 98 105 106 109 111 115 118 120 122
29 9 12 18 20 29 37 42 43 45 46 47 48 72 74 81 85 87 89 92 95 98 99 100 101 104 116 118 121 130
32 6 9 10 12 15 18 21 23 32 39 43 52 55 59 64 72 73 74 76 78 80 85 92 99 101 110 116 119 121 122 127 128
24 1 5 6 7 18 23 27 35 39 43 49 51 53 60 63 65 83 87 90 95 115 118 122 128
28 2 4 5 6 15 19 24 26 31 33 34 52 60 70 73 85 91 92 101 106 110 111 113 116 119 124 125 126
27 6 7 11 20 25 33 40 41 45 52 65 66 69 72 82 88 90 95 96 98 99 116 119 121 128 132 133
32 10 11 12 18 39 47 49 51 55 59 62 64 70 72 76 77 78 79 88 93 97 98 100 103 105 109 112 119 122 127 129 135
35 5 6 12 15 19 23 26 27 28 29 30 40 42 43 50 51 52 55 63 67 68 71 80 104 105 106 107 111 115 117 123 124 127 131 135
40 5 6 9 10 13 16 17 20 24 34 44 47 58 59 61 62 64 65 70 71 78 84 85 89 96 97 99 106 107 109 110 112 120 121 123 128 130 133 136 137
37 2 7 10 12 14 17 18 19 21 24 26 27 29 40 46 49 51 56 64 67 69 72 74 77 78 83 89 90 97 98 100 110 117 120 129 134 136
35 2 5 7 8 9 26 27 29 32 33 36 41 52 58 62 65 66 70 75 82 85 90 96 97 107 108 109 111 114 119 120 121 124 135 137
33 5 9 12 15 18 21 23 24 37 38 49 51 60 62 63 65 66 70 71 73 77 98 101 102 105 106 107 108 112 114 115 124 130
29 7 13 14 16 18 21 37 38 40 45 47 56 59 65 75 81 87 91 103 104 106 110 114 119 126 128 131 132 141
31 3 8 12 18 19 28 29 48 50 51 52 54 57 63 72 73 88 92 97 103 107 109 110 119 126 130 131 135 137 140 141
38 1 7 9 13 14 15 21 24 28 41 47 59 61 66 71 72 78 81 87 88 89 94 96 99 101 104 105 106 111 113 117 119 121 122 129 130 131 140
31 4 14 16 19 22 23 25 26 38 41 42 46 53 61 71 73 77 82 85 89 91 100 101 103 114 127 129 131 133 140 141
33 2 5 10 13 14 17 18 29 32 33 34 40 44 45 52 54 67 68 75 76 77 85 87 91 95 97 101 107 108 131 135 138 141
32 1 10 13 27 35 37 38 39 50 58 60 62 69 78 81 82 84 91 92 99 105 106 109 113 120 124 126 127 133 141 142 143
25 7 11 24 27 31 34 44 46 55 60 72 77 82 84 95 97 99 100 121 126 130 139 140 141 143
30 1 2 4 11 18 24 25 32 41 42 44 47 51 62 63 73 81 85 90 95 98 102 116 120 122 127 130 140 141 145
40 3 12 22 23 33 34 37 39 40 42 46 47 50 51 52 53 57 58 64 65 68 84 89 91 94 95 100 101 108 113 122 124 127 129 133 134 135 144 147 149
39 1 2 3 4 10 11 18 26 30 32 35 38 39 45 46 49 55 56 64 65 66 74 78 82 83 87 93 96 100 103 105 111 134 138 141 142 143 145 148
41 1 5 16 21 24 25 28 29 30 31 45 47 52 53 55 57 72 74 75 76 78 80 90 93 99 103 106 107 118 120 125 126 130 134 136 137 140 141 143 147 148
41 4 5 9 17 19 21 23 25 30 35 36 37 40 41 60 64 65 66 68 69 70 71 77 92 96 103 105 111 118 119 126 129 130 131 133 141 143 147 148 149 151
38 1 2 3 13 22 24 27 28 29 34 45 47 48 49 52 54 57 64 71 74 78 84 91 94 98 104 112 114 118 119 121 127 130 135 138 146 149 152
45 3 10 18 19 20 22 23 26 27 31 34 39 46 50 56 58 62 65 69 72 73 78 92 93 94 96 103 107 112 113 115 116 121 122 123 124 126 128 129 137 140 144 147 148 154
41 1 6 13 14 15 18 30 37 44 50 52 54 59 60 65 70 73 75 76 86 87 88 89 92 93 94 96 98 102 103 107 117 121 126 133 134 146 150 151 152 153
37 2 4 6 8 9 18 19 23 27 28 31 39 41 49 52 55 56 67 69 88 92 97 99 101 103 112 114 119 122 126 129 135 138 139 145 155 156
33 5 7 10 12 14 15 28 34 35 45 47 51 55 59 62 73 74 77 78 94 101 104 106 110 112 114 119 124 128 132 134 137 152
48 6 9 15 16 17 19 21 23 27 28 31 32 35 36 37 40 54 61 63 65 66 67 77 78 80 81 83 86 88 92 94 96 107 108 117 119 122 126 129 135 140 144 145 147 150 153 156 158
49 2 7 9 11 15 22 25 26 28 30 44 48 51 53 54 55 59 62 69 73 74 75 77 79 81 82 91 97 99 102 107 108 113 115 117 118 119 121 122 123 132 139 141 142 146 152 154 155 156
41 6 7 10 19 21 22 24 25 31 32 36 39 47 48 51 52 55 58 59 60 65 69 71 72 73 74 75 81 87 98 103 104 107 108 121 127 131 150 157 158 159
42 8 9 17 18 19 20 21 28 36 37 45 50 51 52 55 58 62 67 69 70 74 76 77 85 90 91 93 99 106 107 113 115 118 120 125 131 133 135 143 152 155 158
37 7 8 12 13 16 23 25 31 34 37 43 46 48 59 71 73 91 98 102 103 104 112 116 117 118 123 125 129 130 132 134 136 150 154 156 158 161
51 1 5 7 11 13 14 15 20 21 23 28 29 31 32 36 42 43 47 49 51 58 60 65 69 70 73 85 87 91 97 103 105 106 110 112 113 114 120 127 131 135 137 140 143 144 145 148 151 154 156 159
38 4 5 7 19 20 30 34 36 38 43 44 46 47 50 52 57 58 59 65 83 85 87 92 102 109 124 125 128 132 135 141 144 146 150 151 154 155 160
44 3 7 8 13 18 20 21 26 30 31 50 51 55 59 61 63 64 67 69 71 73 77 86 89 90 92 99 100 111 114 118 121 126 129 132 133 135 137 143 153 155 158 161 163
33 2 6 8 9 10 13 19 20 28 33 35 42 46 51 58 68 96 107 110 111 113 117 118 120 145 146 148 155 156 159 163 164 166
41 3 6 8 17 23 25 31 33 38 42 44 45 46 48 51 54 59 62 63 64 66 84 85 87 94 98 100 103 108 126 127 135 140 145 149 151 154 156 161 163 164
43 4 10 15 22 23 24 26 30 36 37 42 44 46 48 50 54 58 65 68 78 85 86 89 95 100 104 108 109 111 119 120 123 124 133 140 147 149 153 157 160 164 166 168
37 2 4 7 8 14 15 17 19 27 28 39 43 52 53 54 55 56 61 66 70 71 77 80 88 93 97 105 112 114 120 122 130 139 146 153 154 156
47 3 6 19 20 22 23 25 27 29 31 40 45 46 55 56 59 60 62 63 73 81 82 83 84 90 92 94 103 105 108 109 112 115 123 126 127 133 134 136 139 140 141 144 146 150 153 158
43 2 10 14 22 26 27 28 31 39 40 42 44 49 51 54 56 57 62 64 75 77 81 86 89 90 92 93 103 115 119 127 131 133 134 136 140 142 143 145 151 153 154 159
38 1 4 8 13 17 19 34 38 40 45 50 57 58 60 65 70 80 82 86 87 88 93 95 98 101 116 117 118 120 126 131 133 134 137 144 160 167 171
47 1 2 3 7 18 28 36 38 39 45 46 47 48 49 52 58 64 66 70 72 73 75 79 84 85 87 90 95 110 111 113 118 119 123 124 126 129 134 145 148 153 157 158 165 168 169 173
44 1 3 4 6 20 24 25 35 36 41 43 44 46 50 52 53 54 55 59 60 67 69 71 83 95 96 103 107 108 110 113 114 120 128 132 136 138 147 148 154 161 166 169 172
35 2 8 10 20 24 30 32 37 39 42 43 52 60 68 76 77 78 80 86 89 103 114 126 127 131 136 144 158 161 163 164 166 168 173 174
38 1 4 5 13 14 15 17 26 27 28 30 32 35 41 47 52 67 77 78 81 85 93 97 100 105 113 116 120 122 129 133 144 146 154 164 170 173 176
42 6 8 14 21 32 34 39 46 49 52 57 61 63 68 69 72 81 85 94 97 100 101 105 110 114 116 119 121 128 130 133 142 145 147 152 154 155 156 157 167 174 177
47 1 2 25 26 28 31 36 42 43 45 46 47 49 50 56 62 71 74 76 80 85 87 93 95 98 99 102 106 108 110 112 118 120 122 131 133 134 138 141 142 144 145 147 156 162 176 178
47 1 5 6 13 15 20 22 23 29 33 35 37 42 43 44 46 47 48 57 59 65 74 76 78 81 86 88 89 96 107 109 121 125 126 129 136 139 140 141 146 149 152 154 160 163 178 179
51 1 2 3 4 11 12 14 20 24 25 28 31 32 34 37 39 44 50 53 64 65 66 69 70 78 86 89 91 98 101 105 109 112 113 116 117 118 123 130 136 142 144 145 147 153 155 156 173 174 176 180
45 6 8 11 16 22 25 32 36 37 47 52 60 63 64 72 74 77 78 81 82 83 89 90 94 96 98 100 103 117 126 132 136 137 143 148 149 150 157 158 160 165 167 168 175 179
48 3 6 7 8 11 13 24 25 27 29 38 41 48 52 53 58 59 63 64 68 69 70 79 82 93 97 103 113 125 126 128 129 137 138 139 144 147 149 150 152 154 159 163 164 166 172 177 178
49 6 7 12 13 21 33 35 36 37 39 43 44 48 50 52 57 64 67 73 81 83 94 95 96 109 115 119 120 121 124 125 126 128 129 131 144 146 151 152 153 155 158 164 166 167 171 180 181 182
58 6 13 18 20 25 27 28 29 32 36 37 39 42 44 46 49 53 56 59 62 65 66 69 70 77 83 88 89 107 108 109 114 117 120 122 125 127 129 130 138 139 142 151 152 153 154 156 158 159 160 162 164 166 170 176 178 180 184
44 3 8 9 10 14 16 25 32 33 42 47 55 61 63 69 78 79 83 87 89 90 92 97 104 107 111 112 113 115 120 128 131 134 139 140 141 148 149 151 152 165 166 171 175
47 2 3 4 7 10 13 18 20 21 23 25 26 31 33 37 45 49 52 55 63 66 74 77 78 79 87 88 90 95 96 104 110 116 123 126 132 135 139 143 149 155 163 164 169 173 179 181
44 3 13 15 20 27 34 38 42 50 53 54 56 58 59 60 63 65 67 68 70 79 81 86 92 104 113 114 118 125 130 134 137 140 147 154 155 156 158 164 165 170 171 172 180
46 2 4 10 12 13 14 18 21 28 39 41 44 48 51 55 60 64 66 72 74 82 83 86 96 97 104 106 113 114 115 116 118 124 126 135 146 147 152 155 156 167 172 180 184 185 187
51 1 5 11 21 40 44 46 47 50 52 58 59 61 65 66 69 72 74 76 78 79 81 85 86 87 89 90 94 109 114 115 117 127 132 135 137 138 141 143 149 156 159 160 161 162 165 168 174 178 180 189
52 1 4 5 6 8 12 13 15 16 17 21 23 31 32 38 39 43 47 65 71 72 75 77 79 80 96 97 99 104 120 121 122 123 129 130 132 135 136 138 139 146 149 151 156 158 161 163 167 176 179 182 187
45 15 23 29 30 36 37 43 45 53 54 55 57 64 69 70 72 76 79 80 81 84 86 97 98 100 110 112 113 119 120 122 124 136 138 144 146 153 155 158 159 163 166 172 178 186
43 14 15 17 21 23 25 29 33 35 47 64 66 69 70 71 72 86 94 97 102 103 107 109 110 111 119 120 123 124 125 130 143 148 152 157 160 163 166 167 175 177 178 182
46 2 4 15 17 18 35 38 42 50 55 57 58 62 70 72 76 82 83 85 88 95 96 99 100 107 110 115 119 120 124 133 144 146 147 148 150 152 156 165 169 172 174 177 178 181 188
57 1 2 4 13 20 26 27 31 32 38 40 47 49 51 52 53 55 57 59 62 65 68 71 75 79 82 83 84 86 87 88 92 97 99 101 111 112 113 118 119 123 139 140 143 144 147 152 155 159 160 172 175 181 189 190 192 193
41 1 2 5 10 13 19 21 25 27 32 48 51 63 65 73 76 80 84 90 97 100 102 110 118 119 121 122 130 135 144 145 148 150 159 161 182 186 187 189 191 194
49 2 11 12 18 21 22 28 29 36 38 45 46 48 50 56 57 66 69 72 73 80 81 82 89 92 96 101 104 118 120 126 133 153 154 156 165 167 168 169 170 173 175 178 180 184 185 188 189 193
48 4 9 11 18 23 25 31 36 39 42 45 46 49 54 60 73 76 80 83 85 89 90 92 93 97 99 104 105 109 123 132 133 139 142 146 156 159 160 163 164 167 168 175 177 186 188 194 195
49 4 5 11 14 15 17 23 29 37 40 42 43 53 55 62 82 83 87 92 104 105 110 113 114 118 119 120 124 125 132 134 142 144 147 151 153 159 160 161 165 167 169 171 172 185 192 194 195 196
49 1 5 8 11 15 22 27 35 37 38 41 43 44 48 51 52 55 57 60 62 77 83 91 94 95 98 109 113 115 119 128 130 132 135 143 144 153 158 160 162 164 172 176 179 185 191 193 194 199
40 1 5 21 36 39 52 55 67 73 75 77 80 87 92 94 96 97 102 104 106 108 109 110 117 124 125 127 137 149 150 151 154 168 171 172 175 179 187 195 200
51 1 5 12 21 23 30 33 34 39 43 44 45 49 51 55 58 60 63 65 66 69 72 76 82 86 97 104 108 113 118 125 128 131 132 136 145 148 170 174 175 177 178 181 182 185 187 191 194 196 197 201
42 3 15 25 26 28 31 32 40 41 45 57 65 66 67 68 70 72 77 82 84 87 89 94 102 106 108 111 115 117 128 139 142 148 151 152 156 163 166 167 172 179 184
43 2 13 21 22 23 24 25 29 36 37 40 52 53 59 61 63 68 76 78 84 90 92 105 106 110 122 128 131 139 141 144 152 153 154 159 162 163 164 165 172 173 174 190
48 2 4 6 15 16 19 25 31 33 37 40 48 49 56 57 66 68 76 82 83 88 93 114 115 118 120 121 122 134 138 142 149 155 165 166 167 171 172 173 178 182 183 184 185 187 189 190 198
53 7 9 17 23 26 27 28 29 35 36 37 41 42 44 46 54 64 65 72 74 76 81 85 92 98 102 103 104 113 114 115 123 134 136 137 147 150 152 156 158 162 165 170 175 176 178 181 184 189 196 201 202 203
52 13 14 22 23 27 29 31 39 40 46 49 50 51 56 60 61 62 64 66 68 73 91 93 94 97 99 105 107 111 113 119 130 139 140 142 144 151 152 153 157 164 166 169 174 179 180 187 194 195 196 200 203
45 9 14 24 27 28 29 39 42 45 47 59 61 77 81 85 86 91 96 103 107 113 114 119 120 122 125 127 129 131 141 147 149 150 152 155 163 173 177 180 184 186 187 188 200 207
52 1 3 5 17 23 24 30 32 36 38 51 54 57 60 61 63 66 77 78 79 84 86 91 94 96 100 107 112 115 121 123 127 131 135 138 145 152 154 158 159 160 161 165 168 171 173 177 180 182 186 202 207
53 2 5 7 11 14 22 23 33 34 37 41 45 50 51 55 62 63 65 67 69 71 81 89 96 108 116 117 118 120 127 136 145 146 147 154 157 166 167 168 170 175 177 178 180 189 193 196 197 198 200 202 205 206
46 2 5 6 7 8 10 11 13 17 32 35 37 46 47 60 61 62 73 81 82 85 87 92 105 113 118 121 123 128 136 148 152 153 157 161 165 171 177 179 180 182 186 189 196 198 203
52 1 5 8 10 16 17 21 25 31 33 39 40 41 44 47 54 62 65 66 67 68 70 79 82 91 99 101 110 113 115 126 132 133 143 146 148 151 155 159 160 163 164 175 178 180 183 186 187 188 189 203 209
59 1 13 16 20 26 29 31 36 39 40 42 43 66 67 68 70 72 75 77 82 85 86 91 92 93 94 96 98 102 112 114 117 125 131 132 137 140 141 142 146 147 148 149 151 158 159 166 170 175 177 185 187 188 189 190 194 200 203 205
56 3 4 10 16 17 20 23 29 33 45 47 49 51 54 58 63 74 75 76 83 87 93 94 95 98 100 101 103 108 109 113 114 116 123 131 133 134 142 146 149 153 156 157 158 161 168 172 174 176 187 193 198 200 203 212 213
53 3 10 11 20 24 26 31 35 48 50 59 66 68 76 82 87 88 93 94 95 96 100 102 111 114 115 118 128 129 131 141 145 148 151 154 155 160 162 163 164 171 174 177 179 184 188 192 194 196 199 204 205 208
54 6 8 11 19 20 31 33 35 39 41 51 52 54 58 63 67 74 78 79 86 88 92 95 96 100 101 105 107 116 117 118 127 134 135 136 139 144 156 159 160 162 163 166 167 184 186 188 189 191 205 206 208 210 212
51 6 17 19 27 28 29 35 40 45 47 49 50 52 56 58 60 61 74 75 76 77 79 90 91 92 96 103 112 116 126 128 133 134 137 139 140 149 150 155 171 173 178 183 184 195 196 198 199 202 206 211
51 2 3 4 8 9 15 22 31 32 35 36 38 39 44 46 48 50 65 66 71 73 75 84 92 96 107 128 130 135 140 147 148 149 156 161 163 169 170 172 176 179 180 184 190 199 204 209 210 211 213 216
49 1 5 9 24 31 35 38 55 56 59 60 62 67 71 74 78 82 87 90 94 101 110 113 125 127 132 133 140 143 152 153 154 155 156 159 169 173 180 184 185 186 188 189 190 203 205 207 211 213
60 4 6 8 16 18 19 22 24 28 32 34 41 49 57 60 63 64 71 73 76 78 85 88 92 93 97 98 99 103 104 110 113 117 119 124 126 128 129 132 138 142 145 148 150 152 154 160 162 166 167 169 171 176 179 180 183 190 191 193 205
52 2 4 13 15 16 17 23 25 28 35 38 42 52 56 61 62 69 77 97 100 102 106 109 110 113 114 117 127 135 137 138 145 147 150 151 157 163 167 170 174 178 182 183 185 188 192 199 204 208 213 214 216
43 2 9 12 17 19 29 30 33 34 44 45 57 59 60 61 69 81 82 88 89 101 103 104 113 123 125 128 151 159 161 164 174 180 186 189 196 200 202 204 205 213 217 221
51 5 9 11 14 17 24 31 39 41 45 46 47 52 57 59 63 74 85 90 96 104 106 108 109 112 113 125 126 127 128 132 133 135 138 146 147 156 163 168 178 189 192 196 199 201 204 205 210 215 217 219
50 4 5 6 12 13 17 19 21 25 29 41 48 55 57 59 60 63 64 68 80 81 89 90 91 92 102 103 107 124 131 134 137 140 149 157 160 166 167 170 173 177 181 182 189 200 203 208 215 218 219
52 3 5 11 14 15 16 23 27 42 45 49 52 53 58 59 72 75 84 85 88 99 109 115 128 140 141 142 144 145 146 148 151 158 162 163 165 171 172 179 180 184 193 194 196 199 203 204 208 216 218 220 223
49 1 15 20 22 28 29 37 41 43 48 58 61 64 78 81 90 94 97 102 107 108 113 121 122 123 129 133 135 137 140 149 161 164 165 167 170 175 176 177 183 189 195 197 208 212 214 217 219 221
52 2 4 19 21 24 26 27 31 33 35 36 38 48 51 58 64 65 82 83 93 101 103 108 110 113 114 123 127 130 132 133 138 139 146 147 148 162 164 166 173 174 177 181 187 192 199 210 212 215 217 221 222
58 2 6 10 18 22 23 26 34 38 42 55 56 58 60 61 63 68 71 79 88 89 90 96 104 110 122 135 136 140 143 145 146 150 151 156 161 162 164 165 167 170 171 173 174 178 184 186 194 195 199 204 205 212 214 220 221 223 225
52 11 14 19 30 42 45 48 58 59 70 79 83 87 91 92 93 96 97 107 110 111 114 121 128 140 141 144 148 149 150 151 153 154 155 161 165 166 168 174 175 179 182 186 192 194 195 197 212 213 216 221 225
51 4 5 7 8 10 12 19 20 24 32 36 37 44 46 47 48 52 54 60 62 68 71 81 86 91 102 104 105 110 112 115 121 125 144 145 155 156 160 164 166 170 171 172 176 182 192 201 202 216 219 222
68 2 6 10 12 13 16 18 20 22 28 29 40 51 53 61 62 63 64 65 67 68 70 78 80 86 88 90 92 96 101 104 107 111 112 113 115 118 122 126 127 129 130 132 133 137 144 150 151 153 160 169 172 176 177 185 191 192 197 199 201 202 204 209 213 220 225 226 230
58 8 9 12 15 20 35 37 38 39 40 41 45 49 57 58 60 67 68 74 75 76 78 88 93 101 109 116 124 130 132 135 136 140 141 142 143 148 158 159 160 162 164 165 172 174 175 176 180 186 194 196 197 204 207 208 211 223 230
52 2 8 9 12 16 19 22 37 40 43 53 62 68 69 70 71 73 76 79 80 86 89 95 97 104 105 111 116 122 130 140 158 159 160 162 165 175 176 179 182 185 192 194 198 203 209 213 215 220 221 229 231
49 6 8 10 16 20 21 26 28 30 31 37 45 48 51 83 88 92 96 101 105 109 116 117 125 127 132 136 142 143 144 146 149 155 157 162 168 171 173 176 186 189 192 193 194 203 211 215 224 233
55 4 7 17 22 26 29 30 51 55 57 62 63 64 71 73 80 86 87 88 89 93 97 101 104 112 113 120 122 126 127 128 130 143 144 147 148 149 150 153 156 160 167 175 179 189 190 195 197 198 210 213 218 219 224 232
58 3 13 15 23 25 28 31 34 49 52 57 62 64 73 74 80 82 85 87 97 109 110 112 114 116 117 120 126 131 132 133 135 140 146 153 154 156 158 160 164 167 171 172 174 175 176 182 184 186 188 190 194 204 212 221 226 233 235
58 5 9 11 12 15 16 19 20 27 32 37 43 56 59 62 65 66 69 71 75 82 91 93 95 97 104 110 112 113 117 121 123 138 140 148 153 163 168 170 173 177 179 180 182 184 186 188 196 198 200 205 210 221 223 229 234 235 236
60 13 14 29 30 33 44 45 54 55 61 65 66 69 70 71 73 79 82 92 95 101 105 107 109 112 124 125 126 127 147 149 150 152 154 155 158 160 162 164 168 171 174 181 185 186 190 196 197 199 203 204 212 214 216 222 223 228 229 231 236
57 4 7 9 15 21 34 35 36 43 46 55 57 65 66 83 86 89 90 92 94 99 101 103 105 111 118 120 126 127 129 130 136 138 139 140 141 148 158 163 166 169 170 175 177 180 184 192 195 196 200 205 221 223 225 230 232 234
64 4 10 12 18 19 20 25 28 29 33 34 36 40 43 47 48 51 53 55 61 62 65 66 69 77 86 91 97 98 99 101 105 110 114 115 116 118 120 126 142 144 145 151 160 161 162 163 167 175 183 185 188 189 200 201 203 205 208 210 217 221 236 237 238
52 2 6 10 13 19 26 30 31 33 40 41 46 51 58 69 81 85 87 88 90 100 104 114 120 122 127 138 139 149 151 154 161 164 170 175 184 185 186 188 193 199 201 212 218 223 225 227 229 231 232 236 237
66 2 6 8 11 30 32 34 36 39 41 45 46 52 55 58 63 66 68 69 71 74 79 80 88 92 95 98 104 106 107 108 109 110 112 115 119 121 131 133 149 153 154 155 156 159 161 163 172 173 176 182 184 185 191 194 196 199 209 216 217 228 229 231 234 239 241
68 2 4 6 12 13 14 17 21 25 26 34 38 42 45 47 51 53 54 57 62 64 71 84 85 88 90 102 107 133 138 139 141 143 149 152 154 156 157 158 159 161 163 165 169 171 172 175 176 178 179 181 186 190 196 200 206 207 211 213 215 218 222 228 230 232 233 234 240
57 1 6 17 18 21 23 24 32 35 37 38 43 49 50 52 56 72 77 84 89 91 94 96 100 109 111 112 113 121 132 137 140 145 146 153 154 155 158 161 167 168 169 172 176 181 183 184 199 203 207 215 226 231 232 234 237 240
65 14 15 18 19 25 27 30 32 34 36 38 42 43 46 52 56 60 66 68 69 71 75 79 82 86 87 90 92 97 101 103 104 113 114 117 120 126 127 129 136 148 149 153 160 163 172 176 183 184 191 196 198 199 200 202 209 211 217 225 227 230 232 240 241 244
53 4 8 10 17 18 19 22 23 26 27 30 34 36 38 40 54 67 71 77 88 93 94 113 114 118 119 123 133 140 142 143 145 157 160 182 186 193 202 211 213 215 217 218 220 223 225 228 230 237 238 240 242 243
43 1 4 6 8 37 42 43 44 46 49 50 51 52 61 62 66 70 74 77 91 92 97 99 101 109 115 116 121 138 152 156 160 163 164 167 178 183 199 213 216 224 232 241
59 3 6 8 12 13 15 16 18 19 23 24 26 28 29 38 40 49 55 56 58 62 63 64 69 71 84 91 94 95 98 100 108 115 116 118 122 135 143 144 146 148 152 155 162 165 174 176 181 184 199 201 209 217 218 229 233 238 243 246
49 2 3 5 10 12 16 17 23 30 35 40 42 45 49 57 65 72 75 76 78 83 84 89 95 97 102 103 113 115 129 141 142 149 150 155 161 171 173 174 189 193 206 213 216 218 221 240 243 245
55 8 10 16 18 19 21 24 25 27 32 39 42 43 44 46 53 54 56 57 59 78 94 96 100 104 110 112 113 114 116 125 132 134 147 156 158 159 161 177 178 183 185 190 194 195 198 201 202 203 214 218 223 226 235 245
54 7 11 13 20 23 28 38 46 51 54 63 67 70 72 77 79 82 104 106 108 116 118 129 134 135 137 140 143 149 156 158 161 163 164 169 172 173 177 190 201 203 204 207 212 219 222 228 230 234 236 238 246 247 250
58 1 5 8 11 12 22 23 24 25 36 38 40 41 46 48 55 69 76 77 78 79 83 100 102 104 110 118 126 127 134 142 144 145 148 149 153 163 167 180 181 182 187 189 190 194 200 210 212 215 216 220 221 223 227 230 241 250 251
60 1 4 5 8 12 16 24 27 32 35 38 54 56 62 63 75 79 80 86 90 92 99 101 114 115 116 118 121 127 131 141 147 148 153 155 156 157 161 162 165 174 178 182 184 190 191 194 196 204 205 206 208 214 215 217 219 231 240 244 251
60 4 9 10 11 12 16 17 21 24 30 38 41 46 48 54 57 59 63 64 69 73 75 78 80 92 103 108 119 120 128 139 140 145 151 154 162 168 169 171 172 173 179 181 192 193 194 196 209 210 214 220 228 230 234 236 240 243 244 246 250
72 8 15 16 17 24 30 31 32 34 35 38 39 41 42 43 46 47 50 53 56 57 60 61 63 68 74 75 82 92 98 99 100 103 110 111 114 115 116 130 136 138 146 147 152 154 156 158 161 169 176 178 181 184 186 188 192 198 200 202 203 207 209 212 213 223 225 231 240 244 247 253 254
63 3 10 11 17 23 28 29 44 45 53 57 63 66 67 68 80 83 86 94 97 99 103 104 106 107 111 114 115 116 121 124 128 139 144 146 158 168 169 173 175 176 179 180 182 184 189 190 191 194 206 207 216 220 224 228 229 234 238 240 245 246 247 249
64 7 14 16 17 19 24 27 28 29 38 42 54 60 67 76 80 82 86 96 98 102 103 104 105 110 111 112 121 122 123 128 129 134 135 138 139 140 141 142 148 150 155 166 169 171 172 175 179 185 189 191 194 197 206 213 219 220 221 228 230 231 236 237 245
64 2 7 8 9 11 14 20 21 26 29 35 38 42 44 45 58 62 69 73 76 78 81 84 88 90 91 95 102 108 109 110 113 122 123 133 136 141 142 144 150 151 158 168 169 172 173 181 182 192 196 199 203 210 213 217 218 220 228 233 245 250 253 254 256
56 1 2 3 7 10 13 14 18 29 33 37 41 42 45 52 57 61 65 69 72 73 79 85 100 105 112 116 124 126 128 131 140 143 151 154 164 167 168 169 177 182 187 197 208 209 213 215 220 222 224 232 244 246 252 253 256
68 2 3 5 6 7 8 10 15 19 20 21 24 37 39 44 50 51 55 58 63 65 68 81 83 86 90 91 99 115 116 119 123 125 131 136 141 143 151 152 154 160 165 167 168 172 175 179 180 182 186 188 199 201 205 208 216 217 220 221 225 236 241 246 252 253 254 257 259
54 11 23 24 29 30 31 32 37 39 49 54 56 60 62 66 87 91 97 106 107 113 115 117 124 133 137 147 148 150 153 158 163 164 170 178 180 181 188 191 195 205 210 211 214 215 220 223 224 227 231 233 234 241 259
61 1 2 3 5 11 20 21 27 31 36 37 42 46 47 50 51 59 62 63 75 78 85 86 97 102 103 104 112 113 122 126 127 128 130 132 133 134 143 145 156 161 170 172 180 182 192 193 196 202 221 222 225 227 231 232 237 238 239 240 254 260
58 3 4 8 10 16 18 21 34 43 45 56 58 64 77 78 89 90 94 103 107 110 112 116 122 124 131 135 136 138 140 145 149 151 152 156 157 161 162 163 165 178 182 186 187 194 200 202 204 206 207 209 211 222 232 240 246 249 251
71 3 4 8 10 13 14 17 20 22 29 33 38 40 47 50 52 54 80 82 83 85 89 101 104 105 109 114 117 119 120 123 125 126 128 130 133 135 136 139 140 141 146 147 155 156 162 165 168 174 177 180 182 185 187 189 198 209 210 211 216 217 230 232 241 245 246 255 259 260 262 263
61 3 13 15 16 17 27 35 42 49 56 59 64 78 80 81 87 90 94 95 97 100 110 113 115 122 123 124 139 140 141 142 143 147 161 162 168 170 171 172 177 187 193 199 205 209 214 217 218 220 222 228 233 237 239 241 242 247 248 258 259 260
62 6 10 12 22 25 31 37 39 43 47 48 49 56 61 64 67 72 74 84 91 95 97 98 103 109 121 122 124 127 130 131 134 137 149 150 151 152 164 165 171 172 186 187 194 195 196 197 213 217 218 219 220 225 230 234 237 239 242 249 250 252 259
63 1 2 5 10 20 21 30 34 39 49 71 73 75 77 79 82 83 86 91 94 103 107 109 110 117 118 122 130 131 134 135 139 149 153 154 157 161 163 165 167 172 180 181 184 188 194 199 205 215 218 220 222 223 225 230 235 241 242 248 249 250 253 264
64 6 7 11 12 13 16 18 23 24 26 29 30 34 37 38 39 45 50 51 53 55 56 61 66 69 72 82 91 98 102 110 112 117 118 123 125 127 131 134 141 150 157 158 163 172 174 191 203 207 209 216 220 222 223 224 231 232 234 237 240 245 257 258 261
69 10 13 21 29 38 40 41 45 47 51 57 58 63 73 75 77 80 81 84 87 91 97 98 99 101 109 110 114 115 120 121 124 127 131 132 140 145 146 153 156 159 165 169 171 173 174 175 185 188 194 196 198 200 202 206 215 218 226 227 231 234 238 240 247 251 258 261 262 265
56 4 9 14 19 22 33 39 40 44 45 50 51 64 67 68 73 76 78 79 83 87 88 91 94 98 106 114 115 121 125 133 134 138 145 148 154 155 164 165 182 183 188 191 195 197 198 201 206 210 215 236 242 244 245 254 261
64 4 6 15 17 28 30 32 34 42 48 55 63 64 66 78 80 91 92 97 98 109 112 114 117 122 127 128 130 133 134 137 141 143 150 156 157 160 168 169 174 182 183 185 189 193 195 198 201 202 204 209 224 226 236 240 250 251 252 255 261 262 265 269 270
69 2 3 8 9 17 22 25 32 34 49 71 75 85 91 93 95 97 100 101 105 111 114 118 120 122 125 133 134 138 144 148 151 152 153 158 159 162 165 169 174 175 180 184 188 191 195 204 205 207 210 211 216 217 218 222 223 226 228 232 237 239 240 241 247 250 252 255 270 271
77 8 12 15 16 18 21 36 39 42 44 47 48 53 56 61 64 65 66 67 68 80 88 93 94 101 103 105 107 108 112 115 117 119 123 125 126 133 134 137 140 141 148 151 152 154 160 165 171 172 173 177 179 184 186 187 189 196 205 207 209 211 214 216 217 224 225 226 227 231 234 236 239 242 249 257 258 265
60 1 3 5 7 9 10 14 15 25 26 33 39 46 56 57 68 74 76 88 89 91 92 101 104 108 109 110 111 112 116 117 120 130 134 137 153 170 173 176 180 184 185 193 199 200 211 215 228 230 231 235 239 243 256 257 258 263 264 268 269
58 4 20 21 25 26 33 35 39 40 42 44 47 49 57 60 65 66 72 73 76 77 87 100 109 111 117 125 126 132 134 135 144 145 151 155 161 168 185 189 192 193 195 196 209 216 218 234 236 239 242 251 259 263 264 265 267 268 273
71 4 6 9 14 25 29 31 33 43 44 50 56 58 59 62 65 67 81 88 89 90 91 94 97 99 100 102 104 107 114 119 123 125 128 129 138 141 145 160 161 174 188 190 192 196 197 198 201 208 209 211 212 213 215 217 220 225 226 238 239 242 244 245 246 247 251 254 255 259 265 270
74 5 10 13 15 29 45 48 53 54 55 59 60 62 70 72 74 75 77 78 84 85 86 92 93 95 96 97 99 108 109 113 119 122 137 139 140 141 142 150 157 159 160 161 167 172 179 181 183 193 195 199 200 203 204 206 209 213 217 219 222 224 230 233 235 246 248 250 253 255 260 268 270 272 276
78 9 10 16 17 23 24 26 27 28 32 36 38 39 41 42 51 56 70 75 86 89 93 94 97 99 100 103 108 110 117 118 125 128 133 137 138 141 144 148 149 156 159 160 162 164 170 171 180 188 189 191 194 196 200 203 218 228 232 237 238 247 248 250 251 252 254 256 257 258 259 260 263 267 271 273 274 275 277
69 1 2 11 18 20 23 36 41 42 43 46 48 51 55 59 65 70 71 74 76 78 82 84 86 88 90 91 92 93 94 100 101 104 112 126 130 133 142 148 152 162 163 167 170 173 179 184 185 188 193 198 202 204 213 215 225 227 236 237 252 253 256 258 259 272 274 275 277 278
60 1 11 18 19 20 22 23 27 28 31 33 36 40 45 50 68 72 85 96 98 99 100 108 115 116 121 125 126 130 140 145 147 148 151 167 170 177 184 185 190 191 192 194 195 211 212 217 221 223 228 230 233 236 238 239 242 251 261 270 271
68 5 9 13 17 22 23 24 29 33 40 42 43 44 45 49 54 57 60 63 65 67 68 77 105 109 111 113 117 121 123 134 137 141 148 149 150 162 163 164 176 183 186 191 194 195 196 200 204 206 207 212 216 220 222 225 226 227 234 237 246 255 256 257 258 268 276 277 279
63 2 3 4 6 20 33 42 45 47 51 64 66 76 78 79 80 85 90 95 98 101 106 111 112 113 115 116 117 119 120 124 134 139 141 161 169 171 173 181 182 184 187 188 194 197 202 203 205 211 212 219 220 233 237 240 241 244 259 271 272 273 276 278
61 1 2 3 8 10 14 19 31 35 37 39 45 50 60 67 71 72 73 83 86 87 90 95 97 99 101 103 109 111 133 137 139 142 155 156 157 159 167 172 174 182 187 195 203 215 224 227 229 233 234 238 239 248 251 252 256 259 263 264 271 272
67 6 13 16 19 21 27 31 46 52 57 58 60 66 71 76 77 80 87 90 91 97 98 99 105 108 111 114 123 126 133 135 138 139 140 143 153 154 156 165 170 179 180 183 185 187 191 193 199 205 207 212 214 218 223 234 248 252 257 258 261 262 265 266 269 271 276 283
66 12 16 17 19 21 24 25 26 27 28 29 31 34 37 38 45 52 53 56 59 69 70 72 73 84 92 94 97 102 111 115 116 122 126 134 137 139 143 147 150 151 164 167 174 175 178 182 184 185 200 201 206 207 211 213 217 218 219 221 223 224 226 246 247 252 273
66 2 3 7 9 10 15 16 21 24 25 26 29 31 32 37 46 47 58 63 66 75 78 83 84 86 96 110 140 142 143 144 146 152 155 162 166 167 184 189 194 196 201 203 208 211 212 213 218 226 228 233 235 238 239 240 248 249 252 256 262 266 268 269 272 283 284
67 3 7 8 12 15 22 28 31 34 42 43 47 52 57 58 60 63 65 69 71 75 88 95 97 104 106 114 118 120 121 122 139 141 144 148 151 153 154 157 161 163 166 177 184 199 200 215 216 218 219 228 234 235 239 244 245 250 262 264 267 269 270 273 275 281 285 286
61 7 18 21 25 27 28 29 33 37 41 42 43 49 51 54 57 69 70 75 83 84 86 89 90 92 95 104 112 115 119 122 147 149 150 160 166 170 171 172 175 176 181 188 192 197 199 217 222 236 237 244 246 247 248 249 267 268 270 273 274 276
67 1 2 6 9 10 11 22 29 32 46 51 53 66 68 78 81 82 85 87 92 95 102 103 111 115 117 122 127 128 132 136 144 146 152 155 169 177 178 180 184 186 190 205 208 214 216 221 222 224 226 228 233 234 239 241 242 247 250 252 255 259 262 264 265 281 282 288
67 1 10 11 14 16 19 24 25 27 30 31 32 38 40 43 45 46 49 74 75 78 92 93 97 103 105 107 109 112 116 117 127 141 143 151 152 155 166 168 169 173 178 182 188 189 192 204 211 212 215 217 218 219 224 233 236 237 240 249 258 263 265 271 276 278 283 289
69 2 4 7 15 20 21 26 27 39 46 53 56 72 80 81 85 86 89 97 99 100 101 102 104 109 112 116 121 131 135 140 143 148 154 163 164 167 169 170 182 184 186 192 201 204 206 208 211 215 216 217 221 223 224 226 239 242 249 250 256 257 259 260 266 267 268 270 277 290
65 3 7 13 14 15 21 22 24 26 27 39 47 48 50 58 61 68 79 80 81 83 92 106 109 113 121 127 134 140 150 175 176 181 183 184 186 187 190 199 205 207 209 210 216 224 227 228 239 240 241 243 245 246 247 248 256 257 266 268 269 270 274 278 289 290
69 1 2 3 8 15 20 23 26 40 43 50 51 55 57 58 59 61 63 69 72 73 74 76 78 83 90 93 94 95 97 98 112 118 120 123 124 126 128 129 131 132 142 143 156 157 161 172 178 182 186 196 199 200 205 208 213 215 219 227 234 243 253 257 261 265 277 281 282 288
86 7 8 11 12 13 16 21 31 34 37 41 46 52 56 57 58 69 70 79 94 95 96 100 105 106 109 111 113 114 115 116 120 121 122 123 125 127 134 137 140 143 149 152 153 155 163 168 170 175 176 181 182 186 190 191 192 193 200 202 203 205 207 213 215 217 219 227 231 232 233 238 240 242 243 251 253 254 256 258 260 266 267 282 283 285 290
60 2 6 16 23 24 25 27 30 38 39 43 47 50 52 56 60 62 77 79 81 92 97 98 102 107 114 127 128 132 133 134 140 149 150 155 158 159 169 172 177 180 182 187 191 193 196 217 220 222 239 242 243 247 251 264 272 278 283 289 294
69 2 3 8 12 17 19 20 24 27 29 35 40 41 46 50 54 63 70 72 74 78 82 84 86 90 104 107 109 113 115 120 122 123 125 130 131 135 138 142 143 146 151 160 168 170 174 176 177 182 183 187 199 200 210 232 234 235 239 241 242 248 252 253 254 258 273 277 293 294
61 18 27 37 39 46 47 49 50 56 60 71 73 76 84 91 94 96 98 100 112 113 114 116 121 128 130 139 143 144 147 150 161 165 167 169 172 175 177 192 195 198 199 202 207 208 212 214 234 238 242 246 253 255 261 263 267 270 281 283 289 295
71 4 18 21 23 24 30 34 36 37 42 44 45 48 54 57 58 59 62 65 73 77 78 79 82 84 90 97 102 109 120 123 127 131 134 136 137 142 143 145 147 149 152 154 165 166 175 179 180 188 191 193 197 199 211 214 215 216 220 233 244 248 251 256 258 269 271 274 277 288 290 292
72 1 5 8 11 18 21 23 24 28 31 32 37 39 40 41 44 52 53 60 63 65 69 70 73 76 77 86 88 90 95 97 101 102 110 112 120 132 138 139 141 149 156 159 163 168 171 175 176 186 187 188 192 196 199 201 205 212 222 228 232 235 247 253 268 271 272 278 285 290 292 293 296
72 1 2 3 11 12 25 27 29 36 41 47 49 50 57 58 60 62 63 67 69 71 72 82 86 87 94 98 104 109 112 114 131 133 139 140 143 145 155 157 159 170 176 186 188 189 191 196 199 202 205 208 210 211 212 215 220 222 235 236 239 245 255 257 259 261 268 270 274 279 291 297 298
70 5 6 12 15 21 26 29 30 31 36 37 38 40 42 45 50 58 61 63 71 76 77 88 93 101 102 113 116 120 121 124 133 141 143 149 152 158 166 169 186 188 189 194 197 200 203 206 212 216 222 228 233 234 241 243 250 254 260 262 263 266 270 271 277 284 286 289 291 295 299
75 3 5 9 18 19 23 24 31 34 39 51 53 56 57 65 66 67 71 73 74 78 90 94 99 101 111 114 115 124 126 128 132 133 138 144 147 150 153 157 162 163 164 169 180 183 187 188 190 192 194 202 207 208 209 212 216 219 220 225 227 236 244 245 249 250 251 253 259 265 278 279 292 293 299 301
75 6 9 10 18 20 22 23 25 39 41 47 50 53 54 75 86 88 91 94 96 97 98 101 104 105 106 107 110 111 114 119 120 124 125 131 137 138 141 142 147 151 161 165 178 180 183 185 186 194 195 197 205 207 208 211 214 221 231 239 240 246 250 253 255 259 264 268 271 280 288 292 293 294 297 299
66 1 6 22 27 29 34 37 38 39 50 54 57 61 66 68 69 70 78 90 92 103 105 109 111 112 114 115 123 124 125 126 127 130 134 138 139 144 147 148 149 154 169 170 175 177 178 179 190 198 204 209 212 218 234 237 245 247 248 255 261 268 273 276 282 286 299
81 4 5 9 13 23 26 33 38 40 45 60 68 70 72 74 78 80 87 88 96 97 98 99 106 109 110 113 116 124 126 127 128 130 133 135 137 138 144 149 150 163 164 169 173 174 175 178 183 184 187 195 204 209 210 211 213 217 219 223 224 226 227 233 236 239 240 245 257 259 261 262 270 274 282 283 292 295 296 299 301 304
65 2 6 11 21 24 28 31 37 39 42 47 48 49 56 64 69 72 83 88 89 108 109 113 119 121 124 129 135 137 141 148 158 160 164 172 184 185 186 189 193 203 206 215 216 220 221 224 229 233 238 239 245 249 263 268 272 277 279 283 287 288 291 292 302 304
63 1 5 6 27 32 41 42 45 46 55 57 58 60 75 76 82 89 92 98 107 108 111 112 114 117 132 136 137 138 139 143 145 159 169 174 176 190 198 199 203 213 236 239 241 247 249 251 257 259 262 268 269 274 275 282 284 285 287 288 290 294 300 303
61 1 2 6 8 14 23 35 39 51 55 62 64 72 76 79 81 82 92 99 103 104 108 114 133 139 146 156 158 174 184 185 188 189 192 194 197 204 208 212 214 216 220 221 223 228 229 239 244 253 262 263 270 273 284 289 290 296 299 300 301 306
67 2 10 16 26 30 33 38 39 46 49 54 61 63 67 68 70 73 74 77 81 83 87 89 93 95 102 108 113 116 123 131 137 140 150 154 162 167 170 172 173 179 182 190 195 199 216 218 220 230 236 238 243 247 248 253 266 268 270 272 276 279 280 281 285 289 291 301
69 7 19 31 34 37 40 52 53 54 57 62 63 70 73 81 84 86 95 96 105 106 109 115 117 120 122 125 134 135 136 143 145 148 150 154 156 157 161 162 165 175 176 180 197 200 209 213 216 218 220 223 227 228 229 235 240 241 243 251 257 258 262 271 276 285 287 295 296 306
71 5 6 8 9 11 12 22 23 26 35 40 54 55 56 61 75 77 79 85 97 101 103 107 109 113 116 117 119 121 122 125 126 127 132 139 140 141 144 148 153 158 163 164 166 168 181 182 198 202 205 209 214 218 221 227 230 231 232 239 244 252 262 273 282 285 286 287 290 294 299 304
72 2 4 10 16 17 23 24 25 33 37 39 45 48 53 56 60 61 62 65 66 75 76 79 82 86 91 96 104 106 111 117 124 125 136 171 175 176 183 187 189 194 201 204 207 210 216 220 224 226 229 236 241 245 250 252 257 264 269 270 271 278 279 280 281 284 289 293 298 300 308 309 311
81 2 3 4 6 8 14 15 23 27 28 30 34 35 37 39 40 41 45 47 53 55 57 59 60 62 70 82 85 91 96 104 107 119 125 128 129 131 152 154 159 164 166 168 173 174 178 181 186 188 190 200 204 206 209 210 216 223 225 232 233 235 237 238 241 246 251 255 263 265 267 272 275 281 286 287 293 294 300 301 306 309
71 1 10 15 20 23 28 29 30 31 33 37 38 48 52 61 68 71 74 90 93 98 102 104 105 110 112 128 146 149 152 153 158 166 168 170 173 174 176 177 182 185 198 211 212 213 215 217 218 219 222 223 230 232 233 234 238 239 259 264 268 274 276 286 289 291 292 293 294 297 304 311
72 18 25 35 45 46 47 58 60 62 63 64 71 81 95 98 99 100 110 113 116 117 121 123 125 127 135 137 146 148 150 162 164 166 170 171 173 175 179 183 184 187 190 202 204 214 216 217 220 223 224 229 230 241 245 251 256 259 260 264 265 266 278 280 281 282 283 286 297 301 308 311 312
78 6 7 8 10 15 19 35 39 41 42 48 57 58 60 61 64 69 70 76 80 81 87 90 92 99 100 102 106 109 114 115 119 122 123 129 135 136 149 155 161 170 172 181 184 186 192 193 194 198 202 205 208 209 210 216 219 230 234 236 237 243 248 249 250 255 256 262 264 268 269 274 279 282 288 294 296 310 312
79 2 3 4 8 10 15 16 18 30 31 36 41 46 49 50 62 68 70 74 82 90 91 95 97 100 110 114 119 124 125 127 128 129 138 142 146 148 153 156 158 159 162 163 164 169 173 177 186 188 196 204 208 220 221 223 225 237 238 253 254 258 262 263 264 265 266 268 271 275 281 282 294 295 298 300 302 308 312 315
85 1 8 25 29 30 32 33 34 37 49 51 63 66 70 72 73 77 79 80 82 86 94 95 101 109 114 115 119 124 126 132 134 136 139 146 150 151 152 154 156 158 164 167 170 173 178 180 182 186 190 192 194 197 199 202 206 210 215 221 228 229 230 231 232 241 242 243 250 263 264 265 267 274 279 282 284 286 291 297 298 301 305 312 315 317
82 8 12 14 15 16 29 40 42 45 47 54 64 67 68 72 84 92 94 99 104 108 109 111 112 114 115 118 123 126 127 133 137 142 143 148 150 152 154 155 156 157 162 164 165 168 173 180 181 183 191 197 203 208 210 214 219 220 221 222 223 235 245 247 253 255 258 263 264 267 269 281 284 286 287 291 294 295 300 304 305 316 318
64 11 13 18 30 32 35 38 41 44 52 53 56 61 64 68 69 71 74 79 88 93 99 119 124 131 132 136 142 149 151 157 159 166 169 170 179 183 185 192 200 226 228 230 232 234 246 249 250 253 254 260 265 266 276 277 280 282 286 288 289 291 295 313 319
71 7 10 13 19 21 22 28 30 31 33 36 39 43 47 48 49 50 62 63 72 79 82 84 85 89 98 107 118 122 123 127 139 142 154 157 158 163 164 185 187 189 193 195 197 202 204 206 220 224 225 227 228 231 232 234 239 241 249 252 253 266 272 284 288 290 291 292 310 311 312 319
80 5 21 39 40 42 44 48 49 50 52 58 64 81 84 87 93 96 97 104 105 109 114 115 119 120 129 135 146 150 158 168 170 172 176 181 182 187 190 191 193 194 197 203 208 210 212 214 215 216 220 222 225 231 234 236 240 245 252 262 265 266 271 274 275 277 279 284 287 289 291 296 302 304 305 307 311 314 315 317 321
75 6 10 12 25 26 31 33 56 60 61 67 81 83 86 89 90 94 96 100 115 128 129 131 132 144 145 146 148 153 154 162 163 168 169 170 179 180 183 191 193 194 197 198 201 202 207 210 213 222 225 226 230 232 233 235 236 238 244 246 250 251 259 266 269 277 278 282 283 291 292 301 311 313 316 317
60 14 21 30 32 35 40 63 66 67 86 87 94 95 101 105 114 123 125 132 136 137 138 142 150 151 153 154 155 163 165 166 168 183 189 197 208 214 222 225 237 243 252 253 261 264 267 268 269 278 281 285 296 299 300 303 306 307 312 319 321
81 12 15 16 20 32 38 39 48 52 54 57 59 60 72 75 76 87 94 97 98 99 102 106 107 109 113 116 117 118 120 121 122 127 129 131 142 157 159 166 170 173 174 177 179 193 196 199 201 209 213 216 218 226 230 232 235 239 244 245 252 258 260 263 264 268 270 271 281 282 284 288 290 294 301 302 310 311 312 314 318 322
73 2 10 16 19 25 28 29 42 44 48 50 54 59 72 74 82 85 87 91 102 104 107 109 110 114 128 130 140 156 157 158 164 167 169 170 174 177 178 182 189 200 203 212 214 221 222 224 234 243 245 246 250 251 253 254 261 265 275 277 280 281 283 288 290 293 298 307 308 309 310 311 316 325
72 1 2 5 6 26 28 41 44 47 51 53 56 58 59 62 64 71 75 77 82 86 87 94 101 107 109 114 117 119 120 123 125 127 154 155 165 167 169 180 185 192 194 195 202 208 225 229 232 236 238 243 249 262 263 264 270 272 274 277 280 282 283 287 292 294 299 303 304 313 315 319 322
80 3 5 14 20 21 27 28 30 32 33 34 46 47 49 54 55 57 58 62 65 67 77 86 94 98 100 105 106 117 122 124 134 135 136 137 142 143 149 152 159 164 169 173 174 178 191 192 195 203 212 213 219 221 222 223 236 237 238 245 247 248 249 250 257 258 268 271 281 282 284 287 291 299 300 301 305 307 319 321 324
70 1 2 4 5 8 12 15 31 34 36 39 42 43 54 56 62 63 69 74 79 87 88 94 97 99 103 107 111 112 120 127 139 140 142 143 152 158 160 164 168 174 182 187 191 192 205 213 231 237 244 246 247 251 254 270 276 279 290 291 294 295 296 299 302 306 312 313 318 324 327
80 12 13 34 42 47 54 59 60 61 62 63 69 70 73 74 82 85 86 90 92 95 97 99 106 109 116 125 127 128 129 131 132 140 151 154 155 157 159 161 162 166 169 171 175 176 179 184 188 191 196 199 200 203 212 214 222 240 246 253 254 262 267 271 272 274 276 284 289 290 295 297 305 307 314 315 316 321 322 324 327
76 1 9 13 17 18 20 21 30 37 48 51 54 67 68 77 81 88 89 92 96 99 100 106 112 114 116 118 121 125 126 131 133 135 141 142 152 153 155 157 158 164 165 166 173 178 186 187 189 193 196 216 218 221 230 237 239 243 248 253 259 265 267 270 271 272 275 277 278 280 292 299 307 309 314 326 327
75 10 16 17 25 26 29 30 43 45 60 65 68 71 73 74 81 84 92 95 97 100 101 103 104 109 119 139 145 153 159 162 163 166 173 174 175 179 191 196 197 207 208 210 212 214 215 216 225 231 235 236 240 244 256 257 258 263 265 267 270 281 286 289 294 295 302 307 308 309 313 317 320 321 323 330
75 2 6 9 18 19 23 27 29 30 31 33 35 36 48 51 53 57 63 71 73 74 78 91 94 97 106 124 126 131 132 134 137 138 139 147 153 158 159 170 171 177 178 181 183 192 202 204 208 210 212 214 218 221 225 235 236 237 239 251 252 256 257 266 277 278 283 292 297 301 315 322 323 324 328 332
85 4 9 13 21 22 28 30 31 36 41 44 45 46 54 55 58 59 60 70 71 77 79 82 87 88 94 101 112 119 121 125 128 137 142 143 144 148 149 152 155 161 169 173 176 178 179 188 194 200 202 203 215 217 218 221 223 228 229 240 244 254 257 259 261 263 266 271 274 276 279 286 293 301 302 306 312 314 319 321 323 324 326 328 329 330
80 5 16 22 29 36 40 45 49 50 54 69 77 82 85 88 91 97 99 100 102 107 110 112 114 115 119 129 131 134 152 153 154 155 172 180 183 185 188 191 196 197 203 210 211 214 216 217 218 223 226 227 228 234 235 236 239 240 241 244 245 250 258 271 275 278 281 282 284 289 294 299 301 306 307 309 315 324 325 326 331
81 4 5 10 13 14 19 22 24 29 38 39 44 48 54 55 60 69 75 77 80 84 104 105 107 110 112 113 116 119 121 123 131 133 145 149 151 153 158 161 162 166 174 181 205 209 217 219 221 229 230 234 236 238 240 245 248 254 257 260 262 272 273 275 282 283 284 285 289 290 291 294 299 303 309 311 320 321 322 327 332 334
71 5 12 14 15 19 30 34 36 39 40 52 54 55 56 57 60 61 65 67 72 77 81 89 110 116 121 124 128 132 137 142 148 153 173 181 184 188 193 195 202 205 209 211 218 220 221 230 237 241 242 244 246 249 254 255 256 261 264 271 277 283 288 292 294 302 313 318 322 327 328 329
88 4 9 12 17 19 22 25 33 44 47 50 51 53 57 68 71 76 78 84 91 94 98 99 103 105 117 119 121 122 132 137 139 140 141 143 154 156 157 159 166 173 177 179 183 184 191 194 195 196 197 198 201 203 204 208 209 211 213 216 219 224 226 227 229 231 234 235 245 250 253 260 263 264 269 272 280 284 285 293 296 297 302 312 320 328 331 333 336
92 7 8 10 16 17 26 27 29 32 37 43 46 52 63 66 67 69 70 71 74 75 79 81 86 93 97 98 110 112 114 123 128 129 130 134 135 140 146 154 155 156 158 159 165 170 171 173 183 184 188 190 191 193 194 197 200 202 206 209 212 213 215 219 221 224 227 231 240 244 248 251 252 257 264 265 285 287 290 295 301 302 306 308 310 322 323 326 331 332 334 335 337
80 2 4 5 12 16 23 26 37 39 47 51 54 56 57 62 67 82 84 87 89 95 97 104 108 111 114 121 124 127 135 139 142 147 152 159 164 177 178 186 193 194 197 200 201 202 203 206 207 208 216 218 222 226 236 237 243 244 246 261 264 268 274 281 282 287 291 294 295 297 308 313 314 315 320 325 328 329 335 338 339
81 6 17 25 29 30 36 56 60 62 65 66 67 68 74 86 87 88 89 90 95 99 109 110 112 117 120 123 125 127 128 134 145 151 153 155 163 165 169 170 174 182 185 188 189 206 207 210 216 217 218 219 241 243 244 245 249 250 253 255 263 266 269 274 282 293 297 298 301 304 308 315 316 318 319 323 326 327 331 332 337 338
87 5 6 7 8 12 14 17 21 27 28 35 39 53 55 57 67 68 71 74 77 78 81 82 87 89 96 97 101 106 129 140 141 143 148 164 167 170 173 174 179 181 184 189 191 195 196 199 205 208 210 214 218 220 221 222 223 224 227 230 231 234 241 242 245 247 251 253 257 270 273 279 281 283 285 287 290 292 294 299 301 309 312 318 319 322 324 337
104 2 6 7 8 13 19 25 32 35 37 39 46 47 51 55 56 67 69 72 77 84 85 91 92 93 95 97 98 99 101 108 109 111 112 114 115 116 117 120 125 126 129 133 142 144 150 151 158 161 167 168 169 176 178 179 182 183 187 191 192 197 199 200 202 203 205 208 210 211 213 215 218 219 220 222 223 231 237 239 246 256 259 268 270 274 277 281 285 289 290 292 293 297 303 312 318 319 320 327 328 329 331 333 334
72 4 5 6 17 21 24 35 41 46 54 58 59 60 65 66 67 71 73 78 80 81 92 93 97 100 109 113 130 139 143 145 146 155 170 171 174 177 185 187 194 199 205 208 220 224 232 233 235 244 252 255 258 273 278 281 296 298 300 309 314 316 317 319 320 322 326 327 333 335 338 340 343
92 1 4 15 16 18 21 36 39 41 42 52 53 54 56 63 64 69 72 73 76 81 89 92 93 94 96 105 106 107 108 110 112 114 115 116 127 129 130 133 134 141 146 148 153 157 167 169 178 179 186 189 193 195 196 197 198 200 201 204 206 207 211 214 216 221 227 230 242 245 248 252 258 260 261 262 264 274 293 294 297 302 305 307 309 311 315 322 323 328 329 333 337
84 10 22 26 27 32 33 34 44 45 50 51 60 61 62 70 74 77 79 82 85 90 94 97 98 100 102 106 107 114 115 122 123 124 127 133 134 151 153 155 161 163 167 168 170 173 176 177 179 185 188 192 194 206 207 211 213 216 217 221 225 233 238 240 266 275 279 288 290 293 297 299 302 303 308 309 314 326 327 330 331 336 339 343 344
98 3 17 19 22 24 31 32 33 35 36 42 45 49 52 55 56 62 70 72 75 79 80 81 84 86 89 91 92 107 108 109 111 112 113 115 118 120 121 124 136 146 156 160 161 167 168 169 171 176 180 184 193 194 198 202 204 205 206 210 213 215 216 219 220 221 222 223 225 226 227 240 241 245 246 248 254 264 265 273 292 295 300 302 304 307 308 309 310 317 319 326 329 330 335 339 342 343 346
93 4 7 16 17 21 30 35 36 37 41 42 50 54 57 64 65 67 69 70 78 80 83 84 86 88 97 100 108 111 113 116 118 121 128 132 135 137 142 143 144 154 159 162 165 167 168 174 180 183 187 191 198 200 202 203 216 218 219 221 227 228 235 236 237 241 242 246 253 257 259 261 263 266 275 282 286 296 297 298 301 306 307 314 317 318 325 327 330 332 339 340 341 346
78 6 7 25 33 35 36 37 39 44 45 46 51 52 55 60 64 66 70 73 75 78 87 90 91 96 102 104 105 112 114 117 127 130 131 134 137 139 140 146 150 151 155 163 165 175 178 183 187 189 197 200 202 204 208 216 221 222 226 228 229 234 237 252 253 263 269 272 299 303 310 315 324 332 337 338 340 341 343
88 3 6 13 16 17 20 22 23 24 25 32 33 35 36 41 48 54 56 58 60 69 71 74 75 79 81 83 84 85 97 115 116 118 119 128 132 133 140 141 143 145 151 161 164 165 171 177 178 182 183 185 187 192 202 206 211 218 221 222 227 229 234 236 241 244 247 248 250 251 260 262 265 266 273 277 281 287 289 293 299 306 322 323 328 334 339 340 343
90 6 7 11 13 19 20 29 38 55 56 57 60 61 68 72 76 77 78 81 82 83 84 86 87 88 89 91 92 94 101 105 110 114 123 124 126 139 143 150 153 154 155 167 172 173 178 191 195 200 211 215 217 219 220 227 228 229 234 236 237 240 242 244 245 246 250 253 259 260 266 268 275 284 287 297 299 302 303 314 317 320 323 325 330 340 341 343 347 348 349
94 9 12 15 16 19 21 25 26 27 29 35 47 49 50 51 54 55 62 69 81 84 95 96 97 99 102 103 104 108 111 116 122 126 127 132 138 143 155 163 164 166 167 168 171 181 192 197 198 200 202 205 206 212 213 214 215 216 220 226 228 233 239 241 249 253 257 259 262 264 265 272 274 280 281 283 284 287 291 295 310 312 318 319 325 329 331 332 333 340 341 345 346 350 351
77 2 4 28 32 36 38 39 40 43 44 48 49 58 59 70 75 79 81 89 93 94 95 97 105 107 117 119 122 123 128 133 136 139 140 145 149 152 157 158 162 167 169 173 179 182 197 198 212 213 223 225 229 231 232 240 242 255 257 259 261 268 269 286 290 298 305 307 308 313 314 320 322 328 330 341 342 350
81 3 5 14 16 17 20 23 27 28 32 34 42 44 56 59 60 61 75 76 77 80 82 87 91 94 95 99 100 103 104 114 117 119 122 131 139 153 158 159 164 179 180 182 189 190 195 198 211 214 228 229 233 236 239 250 254 261 262 266 272 274 275 277 281 283 295 296 297 302 306 307 310 320 323 327 330 338 341 345 349 351
77 11 12 19 22 24 29 31 35 36 44 53 56 65 67 76 77 82 84 85 86 92 94 103 109 112 116 118 121 124 132 134 138 139 140 141 142 145 147 163 166 174 187 191 197 198 208 210 215 219 223 225 233 235 236 237 240 243 245 249 251 258 264 268 272 291 305 311 312 314 318 319 324 326 328 336 343 354
98 1 7 10 11 13 14 17 24 27 30 32 35 40 41 43 44 46 48 49 50 52 64 69 73 75 76 78 81 82 85 87 88 89 93 95 96 101 102 106 108 111 124 125 127 138 139 141 149 151 153 155 159 160 164 169 171 175 177 184 189 190 193 196 206 210 214 226 232 234 236 241 244 246 248 249 253 254 259 263 279 280 282 283 299 303 308 309 310 313 316 324 328 330 331 338 340 346 355
90 2 11 28 29 37 38 47 49 50 56 58 77 78 79 80 87 96 97 103 111 112 116 122 123 129 130 132 135 138 140 141 143 146 149 152 162 174 176 183 185 189 191 194 195 199 206 207 208 210 211 212 224 229 231 234 239 242 247 249 251 255 260 262 267 268 279 280 283 286 287 289 291 296 298 301 302 307 309 312 314 318 322 325 327 330 332 335 342 343 351
87 3 11 12 15 16 18 24 32 39 40 43 44 45 48 60 65 68 79 80 84 85 87 88 92 95 96 97 105 122 126 132 137 138 140 146 149 153 155 162 164 176 178 184 191 194 196 197 202 208 211 215 219 222 227 228 233 239 242 243 255 257 265 266 271 272 273 275 279 280 282 287 295 301 302 311 313 315 327 331 334 336 343 344 345 354 355 356
93 5 8 10 13 22 26 32 33 41 42 45 46 51 52 57 65 67 68 72 74 75 76 79 80 85 88 89 90 91 92 97 98 100 107 119 121 129 132 135 147 153 154 160 161 163 164 170 175 178 179 180 184 185 190 195 199 202 208 211 217 219 221 222 223 233 234 241 246 257 258 262 266 270 288 289 292 294 295 299 300 310 311 322 324 325 329 333 337 343 347 352 353 358
102 2 4 5 11 12 14 17 20 22 24 29 32 36 39 42 46 48 50 51 52 57 62 64 71 75 81 84 85 86 95 102 107 110 116 117 120 121 127 128 130 132 141 142 146 147 153 155 159 161 166 169 181 192 196 205 209 212 213 214 223 224 229 232 235 237 238 241 243 251 252 253 255 257 258 262 264 273 280 283 284 285 287 291 294 300 304 307 309 320 327 329 331 332 333 336 338 342 343 348 349 354 356
88 5 7 8 12 13 18 21 25 27 28 44 51 54 57 58 60 74 76 86 92 95 101 102 107 110 113 119 123 125 131 133 134 137 138 139 140 141 142 148 150 154 160 169 170 175 179 185 188 193 207 212 215 217 221 222 226 227 233 241 246 250 254 255 257 261 264 268 279 283 290 295 300 303 306 311 317 334 336 337 340 342 343 344 349 350 351 354 356
84 3 8 9 16 24 25 27 29 42 48 49 51 52 59 60 61 62 64 69 74 98 103 109 110 114 115 120 123 124 125 128 130 132 135 137 139 142 145 148 154 155 156 157 167 171 173 179 187 188 192 194 195 198 199 205 216 218 234 241 246 252 253 254 257 260 264 277 278 279 286 296 301 302 306 313 314 316 333 334 336 337 343 350 361
84 6 10 11 14 22 25 26 29 33 34 36 41 44 47 48 52 53 57 58 62 79 92 99 100 102 107 110 113 117 120 121 129 136 143 150 157 161 167 172 174 177 180 188 191 192 201 206 210 216 217 226 236 244 247 254 256 262 267 275 278 283 284 285 290 291 292 295 299 306 307 310 311 313 319 330 334 337 340 341 343 348 352 361 362
95 7 13 14 16 17 18 19 22 40 45 47 53 56 64 65 72 73 75 81 83 85 86 92 95 96 99 108 111 113 116 126 133 136 137 141 145 146 150 157 159 172 173 178 179 184 186 189 191 192 193 195 199 201 203 205 207 210 214 222 225 234 235 237 238 239 244 252 255 262 266 270 272 273 290 291 296 299 301 312 317 322 323 324 327 328 330 331 336 345 350 351 352 357 358 363
78 1 3 16 22 27 28 33 35 39 44 45 46 61 66 71 72 85 94 101 105 106 107 115 117 118 128 136 137 142 145 146 149 154 155 157 160 163 168 174 184 191 195 198 202 204 210 217 225 227 231 235 242 249 251 252 254 259 266 267 268 275 278 291 294 298 311 312 314 320 331 339 345 347 348 350 354 358 363
96 12 14 18 24 29 32 36 37 42 43 59 66 68 75 76 80 82 86 89 90 91 93 94 100 102 107 108 111 112 113 117 126 129 130 133 138 143 151 156 163 170 175 180 191 195 197 198 202 204 206 207 216 223 224 228 236 240 243 245 247 248 250 255 257 258 267 268 269 273 280 287 290 296 297 300 301 303 305 309 310 311 313 314 315 316 317 318 330 337 341 343 354 357 362 364 365
93 2 7 13 16 17 18 24 25 26 27 30 37 41 47 49 50 59 65 81 83 87 88 89 95 98 100 102 105 116 123 130 131 132 142 145 147 151 160 171 174 177 180 182 186 189 192 198 205 211 213 223 224 225 226 234 236 239 240 241 244 250 253 257 260 263 265 276 278 279 280 283 288 290 295 300 306 308 309 311 317 323 324 327 331 335 337 339 343 351 352 354 359 364
93 4 8 12 14 25 27 28 32 33 46 47 52 60 67 73 76 77 81 82 85 87 88 99 100 104 110 112 113 114 117 120 123 125 126 127 143 152 153 155 156 164 165 166 168 172 180 183 188 195 204 212 215 216 219 220 223 224 231 235 241 243 245 254 263 278 279 280 283 293 294 299 301 302 305 309 312 314 317 320 322 326 329 334 336 348 350 351 353 356 359 360 361 363
87 4 5 6 9 13 17 18 19 21 29 32 35 36 40 42 45 56 58 64 66 70 73 74 76 79 80 84 85 89 106 110 117 120 127 130 133 140 143 144 148 153 154 158 159 163 171 172 183 187 193 195 196 197 203 217 225 226 235 238 249 252 253 260 268 269 277 279 286 288 289 292 295 298 303 309 310 314 315 319 323 329 336 338 344 350 352 360
82 5 6 9 26 30 36 37 39 40 45 46 52 56 59 63 68 69 72 78 80 82 85 86 95 102 105 113 122 125 126 136 138 140 143 149 151 154 155 158 162 167 169 176 185 193 202 203 210 215 216 218 219 220 230 236 239 242 247 248 250 253 258 261 268 271 282 294 295 298 301 317 320 321 331 337 340 347 350 353 354 357 358
92 4 5 9 12 13 14 17 19 23 27 29 31 35 40 44 45 49 50 53 54 55 60 72 75 79 85 86 90 95 98 99 103 104 105 106 110 112 119 120 123 127 137 138 142 146 149 151 153 157 159 176 179 194 203 204 205 210 211 215 217 220 221 226 229 234 244 248 251 254 274 277 279 281 282 285 286 312 313 314 315 316 320 324 331 333 334 339 351 352 359 363 366
77 11 13 14 22 28 52 56 67 71 73 75 85 92 98 100 101 103 107 112 113 116 141 143 145 149 150 155 157 159 164 166 167 168 169 170 174 177 178 190 195 197 198 204 207 213 229 230 234 237 239 240 244 248 253 257 265 270 273 284 289 291 292 293 300 307 309 310 314 317 324 328 336 338 351 366 370 371
82 2 5 11 23 42 44 53 54 59 61 67 79 84 90 91 103 106 108 109 115 117 121 127 134 144 146 150 154 155 158 166 170 176 179 185 186 187 195 198 199 201 203 204 208 209 228 234 237 238 245 251 252 255 256 261 266 268 271 273 275 281 293 299 301 305 314 315 316 317 325 326 328 329 344 348 351 353 356 357 364 370 372
89 1 4 5 13 15 20 24 26 38 41 53 57 59 60 62 63 72 93 99 112 116 119 121 124 127 130 142 144 145 146 163 164 165 166 170 171 172 176 183 186 188 194 199 204 205 206 208 217 224 233 234 237 241 246 248 250 254 256 258 259 262 266 267 269 272 275 281 290 296 299 301 304 305 308 323 325 326 327 328 329 334 337 350 354 355 358 360 366 372
103 7 8 10 12 16 20 26 33 34 36 37 39 40 41 42 43 49 51 52 55 57 60 64 65 69 85 90 95 98 99 104 106 110 112 114 115 119 124 133 135 138 139 147 155 157 161 163 165 185 186 188 193 194 206 213 214 215 224 235 236 239 240 243 247 257 259 261 262 264 269 271 272 278 280 284 288 293 303 304 309 310 316 318 319 321 322 325 327 328 330 331 334 339 340 341 342 347 348 362 366 369 372 374
97 1 2 4 5 10 19 25 35 38 40 42 46 47 53 58 59 68 69 73 80 82 87 89 93 97 98 99 100 102 105 107 109 113 117 118 124 140 141 146 148 159 164 166 175 180 181 189 191 194 196 201 207 209 215 220 222 229 235 238 239 242 251 256 260 263 269 271 272 279 283 284 287 289 290 291 295 296 298 303 304 306 309 310 316 319 321 326 339 346 348 352 363 367 368 371 373 375
80 1 3 4 12 18 26 27 35 36 37 38 49 55 60 63 65 72 76 78 88 90 92 99 110 112 113 114 124 126 127 128 129 132 135 136 141 142 156 157 164 170 172 180 188 194 200 209 218 219 224 226 228 232 234 235 243 245 248 252 263 264 273 275 277 279 280 291 295 301 306 308 311 314 328 333 339 366 371 372 374
92 5 6 7 11 14 16 32 41 63 64 70 71 72 77 78 81 84 87 88 90 97 102 105 110 113 118 120 123 124 128 130 138 140 143 144 145 153 154 157 158 159 164 167 176 182 190 192 201 202 209 210 211 212 224 227 236 237 238 239 257 266 268 271 273 274 281 285 287 291 299 300 301 311 316 322 326 333 337 342 346 348 350 352 354 355 357 363 365 367 368 371 376
85 6 7 12 17 36 48 50 53 56 62 67 70 73 79 88 92 99 101 102 105 106 110 129 134 138 145 147 154 155 156 159 161 166 172 174 177 178 183 185 188 194 196 198 201 205 211 213 217 223 227 229 233 252 257 259 265 270 273 274 276 279 280 288 292 295 306 307 308 313 315 316 318 322 326 332 335 337 342 346 349 350 353 357 374 376
92 2 5 7 8 12 15 17 20 22 23 29 37 38 43 44 46 50 51 52 56 59 62 63 71 72 80 84 86 95 96 102 118 120 122 125 130 138 140 141 144 151 162 167 201 202 205 209 210 214 217 218 220 229 230 233 236 238 240 241 242 243 253 255 258 265 268 278 281 297 300 302 303 304 310 319 323 325 331 334 339 341 344 345 347 350 355 356 361 368 371 372 375
86 3 5 10 14 15 31 32 34 45 47 63 74 75 77 80 83 91 94 100 104 109 113 114 118 120 123 125 126 127 134 136 138 140 143 144 145 147 156 158 165 176 177 181 183 190 192 195 203 204 206 208 210 218 230 232 237 239 250 252 254 258 262 263 270 276 286 299 300 301 305 306 307 311 318 327 328 329 332 348 350 352 355 357 358 362 378
91 5 6 13 15 20 21 23 26 52 56 57 62 63 65 69 70 72 74 77 81 93 94 95 102 104 106 110 117 119 127 128 130 134 138 146 147 149 150 152 153 155 156 157 159 162 164 167 178 184 185 189 193 194 202 205 208 212 213 219 227 228 230 241 244 250 265 275 278 285 291 302 306 308 318 322 324 330 331 335 338 345 348 352 357 363 368 369 370 371 378 381
80 4 8 9 14 16 20 21 27 39 42 43 47 48 54 65 82 83 84 85 90 96 105 108 115 123 133 136 148 154 157 162 171 172 174 178 180 183 186 188 194 195 198 201 204 205 210 211 215 220 229 236 239 244 246 254 258 262 263 265 269 270 271 279 288 308 320 325 330 331 338 339 340 344 350 351 358 362 370 374 380
85 2 7 27 28 35 39 41 48 64 70 73 77 87 105 111 113 114 115 116 119 121 132 135 144 149 150 152 154 157 158 161 163 170 174 176 177 179 184 185 186 191 197 201 202 212 215 223 225 227 228 230 243 244 250 252 253 256 257 264 268 275 278 283 290 291 295 297 298 303 305 307 308 319 321 325 327 329 330 337 341 354 371 379 382 383
95 2 4 8 10 17 18 20 23 30 37 42 46 47 54 56 58 59 61 69 70 75 76 80 85 88 91 95 96 102 103 104 119 121 125 126 127 130 131 132 134 141 145 154 159 164 166 178 181 182 196 199 200 204 208 215 219 220 228 230 238 239 244 247 254 255 258 262 268 269 277 307 320 322 323 329 331 332 338 339 340 343 345 346 348 350 353 359 360 368 372 375 376 378 380 381
85 4 22 24 25 28 30 35 40 41 45 47 48 52 57 77 86 89 97 104 106 109 112 120 122 129 130 132 134 137 141 144 146 149 151 159 173 177 178 182 184 186 187 189 199 201 203 205 206 210 211 218 229 230 232 236 240 241 246 251 257 260 262 263 276 277 290 305 309 320 332 335 336 337 346 350 351 352 353 360 366 370 379 381 382 384
101 3 7 13 15 22 24 25 29 35 37 38 40 42 45 47 52 58 61 67 72 75 77 78 82 93 96 106 111 113 116 117 127 128 131 132 135 137 150 152 155 156 163 170 171 174 175 180 189 194 196 197 199 207 210 214 229 230 234 238 239 245 247 249 253 254 255 256 257 260 263 264 279 282 286 287 296 297 303 306 307 312 313 319 320 322 324 329 334 336 347 351 352 354 355 356 362 374 378 379 380 385
82 6 11 16 18 22 35 42 48 51 56 65 78 82 87 91 102 105 107 108 109 120 121 123 125 138 140 147 151 155 160 165 166 168 172 174 176 178 180 184 193 204 206 208 215 227 232 241 243 244 246 249 255 260 262 263 264 265 267 277 287 288 290 294 297 310 313 316 318 319 320 329 339 341 342 344 345 348 353 363 373 377 382
92 1 3 4 15 18 21 32 33 39 40 48 49 66 71 74 75 78 81 86 88 94 98 104 106 107 113 121 124 125 126 128 129 134 135 141 142 146 153 154 166 169 170 174 180 184 189 190 191 193 194 196 199 224 233 237 242 245 246 251 252 258 268 269 270 275 277 287 288 296 300 306 310 312 313 314 316 326 327 328 332 337 349 353 361 363 367 369 370 373 375 383 388
100 4 8 17 18 27 28 30 31 37 39 43 52 59 60 62 65 66 73 75 76 78 81 82 85 88 90 98 102 103 110 111 112 113 114 115 118 120 124 136 137 138 140 143 144 146 147 158 164 170 174 177 182 186 192 196 208 211 220 222 234 240 241 243 244 246 248 250 252 257 260 262 269 273 274 278 279 281 288 292 298 307 314 316 325 335 336 340 344 347 349 350 352 355 356 369 371 380 382 383 386
80 3 4 6 19 21 29 40 41 46 52 53 54 57 61 64 73 80 86 87 97 99 100 103 109 115 119 122 125 136 138 148 150 156 164 168 174 199 207 213 221 235 246 249 250 253 256 262 264 267 275 277 286 289 291 297 303 304 307 313 314 315 319 320 326 327 329 344 345 350 355 358 362 368 371 373 375 376 386 388 389
94 5 7 15 17 20 22 26 37 38 39 40 44 48 50 51 52 55 58 68 72 75 76 77 79 83 84 86 87 88 93 98 104 105 111 112 117 119 125 127 129 133 134 137 138 148 149 154 156 159 163 172 177 178 189 193 200 202 206 210 213 223 229 231 232 234 239 240 242 243 248 249 262 268 279 280 283 287 293 295 297 301 305 315 331 343 344 349 353 362 367 369 377 378 386
88 15 18 19 34 36 42 43 45 50 52 56 64 66 67 68 69 73 77 82 87 88 91 92 102 105 111 114 117 130 141 149 154 158 161 164 168 172 180 184 186 187 194 195 196 208 210 216 217 220 226 236 238 239 241 248 249 252 261 266 272 273 276 277 283 284 290 292 307 308 310 313 322 324 325 335 338 339 343 345 346 353 367 374 375 378 379 381 390
90 10 14 15 25 26 27 28 32 35 41 45 47 54 56 58 70 71 72 73 75 82 89 100 103 105 109 114 118 120 128 136 138 139 144 147 148 149 151 154 155 170 178 187 192 196 199 202 203 211 214 217 221 231 233 234 239 240 242 243 251 253 256 259 264 269 289 290 293 294 298 302 307 310 316 319 321 330 340 345 348 350 355 356 361 362 370 374 376 379 392
96 9 11 19 21 27 29 31 38 39 40 43 46 47 54 63 64 65 69 71 76 77 78 82 86 94 97 98 99 107 113 120 126 127 128 129 136 151 153 162 170 173 174 175 176 177 182 184 186 187 193 196 198 203 204 209 212 220 221 225 226 232 238 240 241 249 250 252 264 267 276 280 285 290 300 304 307 311 313 320 322 324 327 329 335 338 339 340 347 354 360 377 379 380 386 388 391
99 6 9 10 13 16 19 20 21 22 23 24 27 28 30 37 39 40 41 44 57 61 64 65 69 70 71 72 75 85 90 97 102 106 107 108 109 112 119 120 125 130 131 135 136 140 141 144 146 151 155 160 161 163 164 176 187 210 214 223 227 228 229 236 238 239 245 251 253 259 272 279 282 285 287 288 296 297 299 304 305 311 323 325 337 340 341 342 343 349 352 354 355 368 377 380 384 385 388 395
96 4 5 6 8 12 20 24 27 33 35 38 49 50 51 52 63 66 67 75 80 81 86 89 91 92 96 98 100 101 107 108 114 119 127 131 133 139 143 147 150 160 170 171 172 173 174 179 181 187 192 197 199 202 206 213 214 216 220 226 230 240 242 244 245 246 260 279 285 286 289 297 298 304 305 307 312 315 318 320 325 330 335 339 340 342 351 352 358 360 365 368 370 377 381 386 389
90 1 8 10 13 19 20 27 30 31 32 36 38 41 51 56 57 64 65 66 70 72 80 82 86 88 90 92 94 100 102 114 115 120 127 128 139 143 150 155 164 178 180 192 197 199 214 220 223 224 225 229 240 242 251 258 263 264 268 276 278 281 285 289 290 294 296 302 303 307 308 310 311 316 317 323 332 337 341 342 354 357 361 366 373 374 381 382 384 386 387
92 8 22 24 25 31 32 33 35 44 46 57 61 63 66 70 71 74 75 77 79 81 90 93 96 108 128 130 137 138 146 160 163 164 168 169 174 175 184 185 186 190 198 200 204 206 207 208 209 214 215 229 230 233 234 250 263 266 271 277 278 280 281 288 294 297 302 303 304 305 308 311 316 317 318 319 327 328 330 346 349 350 352 362 366 375 379 381 382 386 395 397 398
99 6 7 13 21 25 30 32 35 39 40 43 44 51 54 57 59 62 63 66 67 73 77 81 84 86 93 94 96 99 103 104 107 109 110 114 118 119 125 127 128 129 140 141 142 144 145 149 157 164 167 171 177 182 183 188 192 205 210 221 226 242 245 253 254 255 266 273 274 275 277 282 284 299 302 304 312 317 321 324 326 338 342 344 349 350 352 355 356 361 367 374 376 377 378 384 388 391 395 398
86 5 13 14 16 17 22 34 49 52 56 57 60 70 72 75 84 85 89 94 96 99 102 105 111 119 121 130 134 137 138 145 148 151 152 154 155 157 162 175 181 184 185 191 193 198 206 213 225 231 242 245 262 264 269 275 277 279 281 285 297 303 306 309 311 316 318 321 326 330 331 333 334 335 342 349 353 360 361 364 371 373 375 381 384 393 394
114 6 7 9 10 11 15 19 25 28 31 36 41 45 49 50 53 56 59 61 62 68 69 73 76 79 82 102 103 106 109 123 124 132 135 137 139 144 147 149 152 154 155 163 169 170 172 175 176 184 186 188 190 194 198 199 203 206 211 214 216 218 219 224 234 236 246 248 249 255 257 265 267 269 270 273 274 279 282 284 285 286 289 290 292 293 299 304 306 310 312 314 316 318 320 323 326 333 334 339 340 344 346 348 356 359 363 369 372 374 385 387 394 397 401
104 4 5 6 9 11 13 16 20 25 27 30 32 33 34 41 47 48 51 59 60 73 76 78 83 85 87 101 106 113 118 124 126 128 135 137 148 153 158 172 174 181 184 188 191 193 195 197 198 199 200 201 202 203 207 214 221 224 228 233 234 236 239 240 242 244 245 248 250 252 253 258 261 264 269 272 276 278 279 283 289 296 300 304 308 310 312 314 317 318 320 330 331 337 341 342 347 355 365 368 370 373 380 387 389
103 5 8 17 18 19 24 36 40 48 49 52 56 57 59 62 64 66 69 79 84 85 88 90 91 94 99 100 102 105 109 111 114 119 130 133 135 142 143 144 152 156 158 160 166 173 174 175 180 181 198 202 210 215 217 221 222 236 239 247 258 260 263 264 273 277 278 280 285 286 292 293 295 296 298 299 301 305 307 308 313 318 324 327 328 331 332 333 336 337 340 343 346 355 358 364 370 378 381 392 393 395 396 400
97 2 3 11 14 24 40 41 43 46 54 60 62 63 70 72 74 79 92 95 97 100 101 106 111 112 115 120 121 123 125 127 128 131 132 133 134 135 136 140 150 151 162 165 167 177 183 184 187 193 209 210 215 216 218 219 222 225 233 236 237 259 260 262 263 267 277 278 296 300 305 316 319 320 321 330 331 333 338 339 340 343 344 349 353 354 360 367 372 375 385 388 390 393 394 395 400 403
92 9 12 13 17 21 26 43 44 51 59 66 67 68 78 82 92 93 96 97 98 99 109 116 117 123 124 126 139 141 142 144 147 167 176 177 178 180 195 197 200 201 206 212 215 217 220 221 238 241 242 245 247 248 251 253 261 262 264 272 279 283 288 289 291 298 300 303 305 319 322 328 330 331 338 344 348 349 352 353 354 371 372 374 375 376 377 380 383 388 395 402 403
98 1 8 15 16 23 27 35 36 38 45 49 52 62 63 65 67 68 70 76 85 88 90 94 95 99 102 103 106 108 112 114 119 130 133 137 139 141 143 145 152 160 163 169 175 177 185 186 187 192 195 199 205 216 219 224 228 239 241 243 244 249 252 258 259 263 264 270 271 274 275 276 279 288 291 297 302 323 327 335 337 338 339 350 355 358 361 364 365 366 372 375 378 389 392 398 403 405 406
91 8 13 14 18 20 25 27 28 32 36 38 43 49 50 51 52 59 60 65 72 87 90 93 97 111 112 114 125 126 133 139 143 158 160 163 170 172 175 182 183 186 187 191 194 211 218 219 222 225 231 232 237 239 240 242 245 248 254 261 271 272 276 289 290 292 301 302 307 308 313 321 322 324 330 337 341 343 358 360 362 363 364 368 372 377 380 381 383 397 398 405
104 1 3 7 9 15 18 21 27 35 38 40 41 45 51 53 55 57 59 65 71 73 75 78 88 89 93 103 117 118 119 122 130 132 135 138 141 142 143 147 154 157 162 165 166 174 177 181 185 198 205 210 213 214 215 216 218 220 221 223 225 226 229 231 245 256 257 262 263 264 267 269 270 273 282 284 290 291 293 295 299 304 306 310 318 321 323 333 336 347 350 356 358 365 370 372 381 387 390 391 393 398 401 404 405
95 1 16 19 20 21 32 40 42 43 44 67 71 72 74 87 94 97 103 107 118 119 121 126 139 140 141 143 149 153 157 162 168 170 173 177 180 181 182 190 191 194 195 208 220 221 223 226 227 228 230 234 246 261 264 267 269 272 276 288 289 292 294 295 297 300 302 303 309 310 311 315 317 319 320 325 326 327 328 329 331 353 355 367 370 375 378 385 386 388 389 390 396 400 408 409
96 2 3 4 6 12 14 20 25 27 32 33 39 44 50 56 63 64 66 70 78 82 85 90 98 103 104 105 106 108 118 122 123 124 127 129 130 132 143 146 155 156 157 159 168 170 173 175 180 186 189 203 216 227 231 233 234 241 247 248 259 268 271 275 280 291 294 301 302 311 313 321 329 330 336 338 341 344 346 349 351 357 362 364 367 369 371 375 376 377 389 391 392 397 401 402 404
102 4 9 10 21 29 32 34 38 49 50 58 59 65 67 70 72 74 77 82 83 87 97 99 102 109 110 111 112 118 124 125 127 131 139 142 148 155 162 165 168 172 181 184 187 190 193 194 198 199 205 214 226 234 235 236 245 247 251 254 256 261 265 267 272 277 281 283 285 288 289 290 295 298 300 301 304 305 310 312 314 318 324 326 327 329 330 333 339 344 348 353 363 375 376 381 383 388 389 391 406 407 410
111 8 11 12 13 15 17 21 25 28 29 31 33 43 54 58 59 60 62 64 73 81 83 84 86 87 89 91 99 100 104 106 111 114 116 119 121 123 126 127 145 152 157 158 160 161 163 164 165 166 167 168 174 180 181 192 196 197 207 208 217 218 219 228 233 234 236 240 244 246 247 253 261 266 270 273 281 282 288 289 292 293 295 301 309 310 311 312 318 322 324 325 326 345 348 350 351 353 356 358 364 371 378 381 383 385 390 398 400 401 411 412
112 5 7 8 10 12 13 16 17 20 44 45 47 49 53 54 55 61 64 65 66 73 75 80 83 84 90 99 100 101 103 105 106 108 118 121 129 131 141 142 144 158 160 164 166 168 169 170 172 175 176 177 186 188 191 194 196 199 201 205 208 213 218 219 223 229 231 232 235 238 250 256 257 259 267 272 276 282 293 295 300 302 306 307 309 314 315 320 326 328 330 334 337 339 341 344 346 350 353 359 367 370 371 377 387 388 390 391 396 402 404 408 409
106 3 4 8 16 21 22 31 34 39 41 42 45 52 53 56 57 60 65 66 70 75 81 83 89 93 101 104 106 111 112 113 115 127 128 135 139 151 152 153 154 156 160 162 167 177 179 187 202 205 210 211 212 218 221 222 223 224 227 229 231 233 236 239 240 243 244 248 252 263 271 278 280 281 288 289 291 292 298 299 302 308 311 313 317 318 320 321 323 330 334 336 339 355 357 360 361 364 369 371 377 385 394 402 407 408 411
80 12 16 33 49 50 52 55 59 60 62 73 76 80 89 90 91 102 103 109 121 122 123 127 131 132 137 140 148 154 162 166 175 181 184 187 188 191 193 194 197 198 200 201 210 213 220 227 232 234 236 245 251 252 259 260 268 271 301 310 313 316 320 321 325 330 337 350 366 367 370 373 374 376 378 380 381 389 396 407 408
96 2 3 14 19 22 27 34 48 51 52 54 57 68 69 72 74 86 91 93 94 96 97 98 100 101 104 105 108 110 124 125 136 138 149 153 159 162 163 170 171 174 175 194 197 200 201 202 210 211 214 216 218 225 228 230 235 237 238 248 251 253 254 258 262 273 274 275 277 283 290 297 301 303 308 314 315 325 329 352 353 356 357 362 364 365 367 371 373 375 383 389 401 406 407 410 416
91 5 7 17 27 31 34 47 49 51 52 57 59 60 64 69 77 80 81 89 92 95 102 103 107 109 111 120 122 132 134 135 142 143 154 156 157 165 167 172 183 184 185 189 193 194 198 217 220 225 227 229 231 233 239 240 241 243 258 260 271 274 285 293 295 302 303 312 316 326 327 331 332 339 340 342 344 351 353 354 360 363 380 385 387 389 391 392 393 409 410 413
98 7 8 12 22 23 25 28 33 35 40 41 45 55 57 58 59 61 63 64 66 70 71 72 76 80 82 87 93 98 105 111 112 114 115 121 126 130 133 136 144 146 149 151 158 164 168 174 175 179 187 188 197 200 201 205 208 213 214 215 217 218 219 230 233 245 251 253 261 265 272 274 280 281 282 289 295 296 300 301 317 320 321 324 326 330 338 339 345 348 351 360 361 370 376 393 406 408 413
116 8 12 17 20 23 24 30 31 32 33 35 38 39 42 52 57 59 60 68 69 74 76 83 86 87 88 91 93 97 98 107 113 123 126 129 130 133 134 139 145 146 147 149 151 155 168 170 175 178 179 183 185 186 188 193 194 199 201 203 205 208 214 216 217 227 229 230 238 240 253 265 268 269 273 274 276 281 288 289 296 297 298 299 304 314 315 319 321 324 329 330 331 337 339 341 343 352 357 361 363 367 370 374 376 377 383 386 395 398 402 404 406 408 410 418 419
98 3 11 16 17 22 26 35 38 41 45 59 63 67 70 74 75 77 80 92 93 100 103 107 108 109 111 113 117 125 127 131 142 144 155 156 157 161 165 166 180 181 190 192 195 202 206 210 211 214 217 223 225 226 231 234 253 258 259 263 266 276 277 288 293 294 295 297 299 301 306 307 308 309 318 319 322 324 334 341 351 352 354 357 359 367 377 378 380 382 386 391 393 395 396 401 409 410 412
109 8 14 16 19 20 22 23 25 27 32 36 37 42 52 56 58 62 64 66 67 72 78 86 90 96 101 102 107 108 112 115 126 128 129 137 143 144 154 155 157 159 169 170 174 176 178 186 191 208 214 223 226 227 228 237 238 249 250 253 259 261 263 264 274 276 279 282 284 285 286 293 296 298 307 308 309 314 315 316 319 323 324 325 333 337 339 340 342 352 358 370 373 374 376 378 381 384 390 391 392 399 402 403 404 405 407 409 419 421
94 1 4 5 11 12 18 25 26 32 36 39 40 43 46 58 63 66 74 83 92 93 99 103 118 121 127 131 133 139 144 154 156 164 167 168 169 170 171 173 174 176 178 179 181 185 199 201 224 226 229 230 231 234 239 240 246 247 248 258 269 279 284 293 294 297 298 299 300 301 306 308 311 312 317 318 338 340 348 349 351 352 363 366 372 376 382 384 386 391 393 394 410 414 419
101 2 16 17 19 30 39 40 46 47 56 62 70 77 85 87 99 101 102 103 104 109 113 116 119 121 122 125 127 144 146 150 155 166 167 171 176 177 185 187 190 192 194 199 200 208 212 215 218 219 221 222 223 224 225 233 234 236 237 242 247 252 254 261 271 272 273 280 287 293 294 295 297 298 302 303 305 312 320 321 324 327 336 337 353 354 355 364 374 375 376 384 386 388 394 396 399 409 414 420 421 423
99 6 8 11 13 16 22 25 28 31 32 33 36 39 41 46 47 49 51 53 54 58 61 66 69 71 75 78 79 89 90 91 94 117 118 123 127 130 135 138 151 152 158 163 165 166 168 191 199 200 216 222 224 226 229 232 238 240 244 247 253 254 260 264 271 272 278 286 287 301 310 312 317 325 331 333 334 335 336 339 347 350 352 355 356 360 362 367 378 383 389 392 393 401 402 403 406 408 410 420
80 3 5 13 16 21 26 28 33 37 41 44 46 47 54 57 62 63 71 92 95 99 101 102 110 115 117 124 125 128 140 143 144 148 152 166 168 178 179 181 186 193 197 198 204 209 211 223 225 230 238 239 244 253 257 268 272 274 277 279 285 287 292 297 300 318 320 325 330 333 354 368 383 386 387 389 394 406 410 421 425
102 2 6 7 9 19 20 23 25 26 29 30 34 38 39 46 47 50 58 61 65 69 73 75 77 80 82 86 89 92 96 101 103 104 107 115 117 118 120 121 129 133 151 156 158 159 162 163 167 168 175 177 180 186 187 193 196 197 202 206 224 237 241 258 262 267 275 283 303 311 319 321 322 331 332 336 339 344 349 362 365 369 375 376 377 379 381 382 387 389 390 393 397 399 401 402 405 408 412 414 419 420 423
111 1 10 22 27 28 33 34 38 40 58 68 70 72 76 79 83 84 89 90 102 105 110 111 113 116 118 125 127 130 134 138 140 142 143 144 149 155 157 161 164 165 168 171 177 184 190 193 195 204 209 210 218 219 220 224 227 228 229 230 238 243 246 248 256 257 258 264 270 271 274 275 279 286 291 304 305 308 312 314 323 329 330 331 338 341 342 346 350 351 359 361 363 364 368 369 370 384 385 387 389 390 400 402 403 414 415 417 418 423 425 427
114 3 5 7 11 15 16 19 20 23 24 32 33 36 47 49 53 55 56 60 62 68 83 84 90 92 93 100 102 106 108 111 115 116 118 119 125 127 128 130 131 134 135 140 144 145 149 152 158 159 161 173 175 177 180 198 201 203 206 209 211 221 223 224 227 237 242 244 248 249 250 258 260 261 262 263 266 279 281 288 295 305 307 308 312 326 328 331 334 335 337 344 350 351 355 358 367 370 372 377 385 386 387 388 393 394 405 406 408 415 418 422 423 424 427
97 1 6 7 11 16 19 26 28 37 43 44 46 50 61 65 68 77 81 85 90 95 114 118 119 124 127 128 129 132 135 138 145 146 151 152 156 159 161 180 181 186 189 191 199 202 203 207 214 217 218 219 223 230 232 234 243 249 250 257 260 261 264 270 272 274 279 298 299 300 305 306 308 310 315 317 319 325 331 341 342 344 351 355 357 362 376 385 388 396 398 404 407 411 415 416 417 426
106 1 7 9 13 19 21 25 35 40 43 47 51 52 54 55 58 63 65 66 68 71 72 73 74 80 81 82 87 88 91 97 102 103 105 111 113 118 129 133 138 140 142 154 159 164 165 168 169 173 181 193 199 201 202 206 212 213 214 215 217 220 223 225 226 228 237 239 241 244 247 264 267 296 299 310 314 318 319 322 325 327 332 334 340 341 350 352 355 357 361 367 371 375 379 381 388 390 395 397 399 401 402 416 421 423 426
98 1 5 9 13 20 24 25 32 34 36 38 39 53 60 79 82 84 89 94 95 99 101 105 112 113 114 124 125 130 134 140 141 146 147 148 152 162 163 164 168 170 172 187 192 194 201 202 205 210 213 214 216 218 219 221 227 229 233 235 236 244 247 249 257 274 275 283 292 293 304 307 316 319 323 325 341 343 349 350 354 357 360 365 366 374 375 379 382 384 385 393 406 408 414 417 420 421 431
97 3 4 8 10 11 13 20 23 26 39 49 50 54 58 59 62 68 73 75 76 77 91 117 128 131 133 135 147 156 157 168 169 171 182 185 189 191 194 195 197 201 202 206 207 212 213 219 226 241 242 244 246 255 260 266 267 268 278 283 289 294 295 298 299 302 305 309 313 319 320 329 332 333 337 343 344 351 352 356 364 365 366 369 370 372 375 376 384 387 393 396 397 399 409 417 418 428
89 14 18 20 22 26 32 34 38 42 49 51 52 53 56 66 67 73 74 81 84 88 91 93 96 97 100 107 118 121 124 125 128 129 131 133 135 136 156 161 164 181 188 189 194 195 196 205 219 233 234 236 250 253 260 265 271 277 282 285 289 294 302 312 321 325 326 329 340 344 345 348 349 352 356 363 367 374 375 383 388 389 391 407 408 411 417 421 425 427
107 3 21 23 25 26 27 28 31 34 36 49 51 58 66 74 87 88 90 92 93 99 100 105 112 117 124 128 132 134 135 136 140 148 153 166 170 174 176 178 187 191 192 200 205 209 213 217 219 222 223 225 240 242 243 254 256 258 270 273 279 280 282 286 288 298 299 301 302 307 313 314 316 318 323 328 331 338 339 341 343 346 350 354 361 362 369 370 371 373 378 380 382 383 390 393 395 397 404 405 409 411 412 419 423 424 426 427
102 4 12 22 33 34 35 44 46 55 56 58 60 61 66 67 83 84 85 88 89 98 105 106 108 120 121 133 136 139 146 150 152 154 163 164 167 175 182 183 184 187 188 194 214 219 220 223 225 232 236 245 251 252 253 254 256 259 260 264 266 270 275 282 285 297 306 315 316 318 319 324 325 328 337 341 342 345 351 352 362 363 365 366 373 379 382 387 388 389 391 397 400 402 416 417 420 421 423 427 429 430 432
100 6 8 20 25 28 43 48 56 58 61 62 64 65 71 74 75 79 82 95 97 98 102 103 109 114 121 122 131 138 148 149 152 156 161 164 165 169 172 175 177 189 198 201 210 214 216 217 224 225 226 233 238 249 260 262 265 266 267 273 275 284 286 289 290 291 293 294 299 300 301 304 311 314 316 321 327 331 337 342 344 348 350 351 358 363 364 372 375 376 377 379 384 387 397 404 411 414 415 416 419
102 2 3 4 5 7 9 13 16 20 21 27 28 31 34 35 40 47 50 64 66 68 70 75 76 80 81 85 95 113 118 127 128 131 149 154 156 164 175 176 177 186 188 189 200 204 209 211 214 223 227 239 247 251 256 259 263 267 274 279 280 281 284 289 290 310 311 314 317 318 320 326 327 329 332 333 334 335 336 344 352 353 358 359 362 364 368 373 378 381 385 390 392 394 419 423 424 426 427 430 432 433 436
115 3 7 8 9 10 11 12 13 16 20 25 26 28 29 31 32 36 39 44 45 47 49 53 61 66 67 74 76 77 79 90 91 93 98 100 102 104 108 111 113 116 127 130 136 137 139 140 144 145 146 152 153 154 155 159 162 163 166 170 175 178 184 186 188 189 193 194 196 198 213 214 217 222 235 237 239 240 241 249 250 252 253 272 273 275 276 280 285 286 287 289 295 300 303 304 306 312 344 356 360 362 364 365 366 369 381 386 387 401 409 414 416 420 423 438
110 1 2 3 7 10 28 34 37 38 40 47 49 52 55 61 63 65 76 85 87 93 94 96 99 103 109 110 113 121 126 132 133 145 149 157 158 160 167 169 176 177 187 188 192 195 208 211 213 214 219 220 222 223 226 227 237 241 243 246 248 249 254 261 263 270 273 274 278 279 289 290 294 304 305 312 313 315 323 326 329 330 332 335 336 344 347 353 354 355 357 361 366 370 381 383 391 393 395 399 400 403 406 410 418 419 421 423 436 437 438
106 3 4 9 10 15 16 30 31 32 36 38 39 41 45 47 52 54 64 67 73 74 75 82 83 84 87 90 94 95 101 106 114 116 118 121 124 132 135 137 143 145 149 151 157 160 164 168 177 180 186 190 201 207 208 224 225 229 231 235 244 245 260 264 270 271 273 280 284 288 296 297 302 309 310 314 317 318 321 322 323 325 327 329 334 337 341 347 358 361 372 386 390 392 393 407 412 413 417 420 425 429 431 433 434 437 439
107 1 9 15 19 21 22 24 25 26 33 41 42 45 49 52 57 58 60 67 78 81 82 84 85 86 87 95 97 100 101 106 108 121 123 124 125 128 133 137 138 142 146 153 159 160 166 172 182 183 190 191 193 203 212 216 222 231 233 241 242 244 247 250 256 257 259 260 264 269 271 273 275 278 288 297 301 309 314 316 317 318 320 326 328 330 337 346 355 357 364 372 373 378 381 389 399 407 414 424 425 427 429 434 435 438 439 441
98 10 11 13 23 25 31 34 36 53 56 59 69 73 75 87 93 95 98 103 105 110 111 113 117 120 122 124 128 131 132 135 136 138 143 145 155 156 181 183 184 187 188 192 193 194 205 211 217 219 226 229 231 232 235 238 250 256 260 262 264 267 268 269 283 292 303 304 305 306 315 317 319 326 331 346 354 358 363 373 376 379 381 387 392 393 398 399 403 407 410 416 417 420 426 427 431 438 440
92 1 2 4 12 17 18 29 32 46 47 49 57 68 83 85 86 90 91 93 102 115 116 118 123 125 129 131 137 139 143 148 150 152 155 156 161 162 163 171 174 191 195 197 198 205 217 228 236 247 248 254 256 261 263 278 281 286 289 292 293 300 301 309 310 311 318 319 321 324 327 332 334 338 340 341 352 365 367 374 390 392 397 399 401 405 411 412 422 425 429 433 439
103 9 13 18 20 27 32 36 44 48 50 51 56 57 62 66 70 77 82 83 86 89 100 102 105 106 110 116 118 125 132 138 144 147 151 153 157 159 160 169 170 171 178 199 209 222 230 233 235 238 241 250 255 257 260 270 280 284 286 298 299 306 321 323 325 329 330 333 335 337 338 340 343 344 351 357 363 369 372 385 386 387 392 397 400 403 406 409 412 413 419 420 422 423 424 427 429 430 433 435 436 440 442 443
113 2 3 4 5 12 13 18 20 21 22 35 38 42 44 51 56 57 60 69 73 74 75 83 84 87 89 91 95 98 109 117 118 122 130 131 133 138 146 149 152 153 160 162 166 167 171 172 181 182 185 201 205 208 211 213 224 226 234 253 258 260 263 264 269 271 272 276 283 284 293 297 300 301 306 312 313 317 326 329 330 331 333 336 337 338 339 343 346 347 354 360 362 365 369 375 376 377 382 384 390 391 392 405 408 415 417 426 431 434 435 437 439 443
103 6 17 20 30 31 33 38 39 40 44 46 54 55 58 59 60 64 67 78 79 80 82 89 90 95 98 100 120 121 122 124 130 131 132 133 134 136 144 156 157 159 167 168 176 180 181 188 207 213 227 229 231 232 233 234 238 241 244 246 251 257 267 271 275 276 278 283 294 298 300 301 306 313 317 321 322 323 326 327 329 331 332 339 350 351 354 359 360 363 366 367 371 385 387 393 398 405 409 418 419 429 430 446
105 14 21 29 35 39 49 53 57 59 74 75 80 84 86 100 105 106 107 111 115 119 120 125 129 131 138 142 144 147 150 155 158 161 164 166 168 171 174 176 184 189 196 200 204 208 219 220 221 222 223 227 231 232 233 250 253 254 255 259 263 272 284 289 290 291 295 297 299 302 304 306 313 314 326 329 331 337 349 356 358 359 363 366 367 368 370 376 379 380 382 386 390 391 392 400 402 405 407 408 422 423 425 428 436 444
102 1 2 13 14 17 25 28 45 46 58 60 76 77 80 81 82 85 88 92 99 106 111 112 116 118 119 120 133 140 144 147 150 156 160 162 165 169 174 175 179 181 189 194 207 208 215 216 222 228 231 234 243 244 252 256 266 267 268 270 271 273 276 279 280 285 289 295 300 301 315 316 320 323 326 334 340 342 348 352 353 360 363 365 367 368 373 378 379 380 389 396 397 401 404 406 418 420 425 429 430 435 440
130 1 3 6 7 13 15 24 30 35 36 45 46 47 49 51 53 58 59 62 68 69 72 77 81 84 86 87 88 101 103 104 108 111 112 118 119 121 123 128 130 132 134 142 143 148 152 157 159 164 167 171 173 176 178 183 184 189 195 199 202 203 205 219 224 225 227 232 234 235 237 239 240 241 242 243 245 246 247 250 251 252 256 259 260 267 271 276 278 280 287 288 289 292 293 298 302 310 311 316 317 318 320 325 327 331 336 337 340 345 346 351 352 366 368 372 373 374 377 380 382 384 385 387 393 394 410 414 415 445 448
121 6 10 14 16 22 24 33 39 42 49 50 54 57 62 65 66 67 68 93 99 104 107 111 117 122 126 127 129 140 142 143 144 148 155 156 158 171 172 177 179 181 186 193 194 197 200 204 211 220 224 226 227 229 233 237 247 252 255 258 270 279 281 283 286 287 291 292 293 297 299 307 310 312 315 327 328 330 334 338 339 344 345 346 347 351 353 355 365 368 370 371 375 377 379 384 385 389 390 392 393 395 396 400 401 402 406 410 411 413 414 415 416 419 420 422 429 434 436 438 441 443
103 7 8 13 17 18 26 32 33 35 36 38 39 40 45 62 66 70 72 73 78 79 84 100 107 116 124 127 131 137 140 144 149 150 157 161 174 182 196 206 208 209 210 212 215 223 225 227 229 230 232 235 242 247 248 249 254 259 260 263 264 265 267 269 271 274 275 278 285 298 299 302 306 308 317 319 322 324 332 339 341 352 353 355 358 365 369 375 378 379 388 404 408 409 410 413 420 425 429 430 431 441 446 451
109 10 18 21 27 34 38 39 42 53 58 62 64 69 72 90 93 97 98 104 108 115 116 137 138 143 148 154 156 160 161 164 166 169 172 179 181 183 185 186 188 191 192 196 202 203 212 216 220 224 229 233 237 238 239 240 245 249 255 256 258 262 265 268 270 271 274 280 287 288 293 303 308 309 315 317 318 319 320 325 335 336 343 344 346 350 355 358 360 365 368 369 373 375 378 383 387 391 401 414 419 422 423 425 430 433 444 446 447 450
113 2 4 6 10 11 14 15 26 34 36 38 42 48 49 52 53 56 59 61 63 65 68 69 71 73 78 81 86 87 93 94 95 96 97 100 106 123 127 130 136 137 143 145 149 152 154 164 168 170 174 176 179 182 193 194 199 206 207 208 210 217 223 225 228 231 233 235 244 250 254 255 262 267 277 282 293 304 307 318 319 320 327 334 337 343 344 346 359 362 371 374 380 381 383 385 394 398 409 414 417 418 431 434 435 437 438 442 443 444 445 446 452 453
115 5 8 10 11 12 19 25 26 27 29 33 35 41 42 49 59 64 73 74 76 79 80 81 83 90 95 97 99 102 107 113 115 116 121 123 125 129 131 132 141 143 148 153 154 156 158 162 165 167 170 175 177 181 182 183 195 196 198 205 218 229 230 236 248 249 252 258 270 273 274 279 280 281 287 294 295 299 302 308 310 311 313 314 320 324 326 328 332 334 341 352 357 363 364 369 373 375 382 386 388 391 394 397 401 402 411 415 420 421 425 443 447 448 451 452
115 5 9 11 13 18 24 25 34 44 53 57 66 69 73 74 84 86 90 97 98 101 109 111 112 115 126 127 129 132 137 145 148 151 153 157 159 160 163 164 166 167 171 175 183 192 198 200 201 202 216 220 221 231 233 237 252 259 262 266 270 271 272 273 274 279 280 282 290 291 293 294 298 302 308 309 311 313 316 324 326 327 330 334 340 348 355 356 360 365 366 367 373 376 378 379 382 384 387 392 399 400 402 413 423 424 425 426 427 431 437 443 446 451 453 454
98 4 8 9 16 24 30 36 38 45 49 52 60 61 62 67 69 73 76 80 93 94 102 103 106 107 109 112 116 123 125 131 136 140 146 153 158 161 169 174 175 187 194 201 205 207 208 215 223 228 235 238 246 248 253 257 258 263 266 275 276 281 282 287 289 292 295 296 300 307 309 313 316 322 329 335 339 343 349 355 366 367 376 384 387 395 398 399 406 407 413 416 423 425 426 427 434 446 454
111 10 11 12 16 25 28 31 33 36 39 41 46 48 54 65 66 72 78 85 86 92 96 110 111 114 116 117 119 121 123 126 128 130 134 137 138 144 146 148 161 162 166 172 176 182 190 192 193 199 200 201 202 203 207 213 216 218 223 224 236 238 242 245 250 256 260 267 270 272 286 295 297 298 300 305 309 310 313 319 323 330 342 343 348 350 354 361 363 371 375 383 384 386 388 392 398 403 406 408 412 413 421 425 429 440 443 445 451 453 456 457
106 4 8 13 20 42 46 48 49 54 55 57 58 59 60 64 65 70 78 82 88 92 101 104 107 120 122 123 128 129 132 134 137 142 144 152 157 160 164 165 170 173 175 176 178 186 188 190 191 192 203 206 207 210 211 212 217 218 224 232 234 236 239 244 247 248 258 265 270 272 273 274 277 292 308 310 318 321 328 331 341 356 358 359 360 370 375 376 378 391 394 402 405 406 411 412 421 425 427 428 433 437 439 442 445 452 454
110 4 10 12 16 19 24 28 31 33 34 42 54 64 65 66 68 69 71 78 81 91 97 102 108 115 119 121 122 126 129 130 133 134 140 146 149 150 152 153 157 162 166 169 175 185 186 187 191 196 197 198 202 203 206 207 216 217 223 225 228 230 231 232 238 243 260 266 270 274 277 278 281 282 289 299 300 317 324 327 329 331 333 338 342 346 348 349 351 354 356 370 377 388 398 399 401 402 407 409 415 416 418 419 420 422 428 446 451 453 459
117 9 10 21 25 29 31 32 33 47 51 55 56 57 60 67 69 71 72 83 84 86 88 90 91 93 94 103 105 106 109 111 112 113 114 121 122 129 136 143 146 150 158 159 160 164 168 174 179 191 192 194 195 196 212 213 214 215 222 224 227 228 231 234 235 242 244 247 249 251 252 254 257 259 261 265 280 287 295 296 297 305 307 308 310 312 313 317 318 327 333 334 335 340 350 352 355 365 367 371 373 374 378 383 384 388 395 399 418 421 425 434 436 437 439 450 455 460
109 5 15 18 21 22 25 30 32 35 36 37 39 48 49 52 58 62 63 64 75 81 90 93 106 108 109 110 111 117 118 122 131 134 135 136 140 141 145 147 157 158 168 169 172 179 181 190 192 194 198 205 206 209 213 219 225 234 235 236 238 251 252 254 257 262 264 267 268 277 278 283 288 290 292 295 297 299 304 310 321 328 342 344 350 353 356 361 367 370 377 379 388 396 397 402 406 407 410 418 427 441 442 448 449 450 453 454 457 461
103 3 7 16 26 27 28 29 30 31 34 36 43 46 60 62 68 69 70 76 80 83 96 99 102 104 108 113 125 129 134 135 136 147 151 153 156 167 173 174 175 178 185 192 195 202 203 206 215 217 218 224 227 235 245 247 251 258 261 262 266 268 271 272 276 279 282 285 286 292 297 298 303 304 307 317 318 319 326 327 335 337 343 345 347 354 356 363 364 375 377 385 386 391 397 399 406 411 412 419 431 441 444 457
116 3 5 6 9 13 16 21 25 28 32 34 37 38 41 47 48 49 50 51 54 60 65 66 72 73 74 75 76 78 81 84 85 91 92 96 103 118 121 133 143 144 148 149 151 156 159 163 167 168 170 173 181 185 186 196 198 208 210 212 213 218 219 221 225 228 229 235 237 239 251 252 257 258 264 272 275 281 282 283 285 287 288 295 301 308 313 315 318 322 329 332 339 344 356 364 372 390 391 395 396 399 404 408 413 415 419 422 430 433 447 451 454 456 458 460 461
108 7 8 11 17 20 25 29 35 36 40 42 44 50 53 54 55 56 71 72 74 83 84 88 92 96 100 106 109 110 111 119 121 125 126 128 131 135 138 140 142 149 150 157 161 169 170 171 176 177 179 191 194 197 208 210 217 223 224 241 248 252 253 257 262 268 270 271 278 287 292 297 300 301 306 308 311 321 322 329 330 334 337 340 347 360 361 363 365 367 373 378 380 384 385 396 402 417 419 422 424 425 439 447 452 453 454 456 463
106 1 3 4 7 9 11 13 21 24 25 28 29 35 38 43 44 45 49 52 55 65 67 68 70 71 75 80 85 87 88 89 91 94 111 114 116 121 140 144 146 147 148 152 165 166 168 170 172 174 178 180 182 189 190 208 210 221 228 236 237 239 242 244 247 252 253 254 262 268 280 283 285 287 289 295 297 298 300 312 313 315 320 324 325 326 337 346 360 367 371 377 382 385 386 390 391 392 401 402 408 409 413 419 436 440 448
114 5 15 20 22 33 42 43 51 55 60 62 63 64 69 71 86 87 94 96 100 113 114 115 116 126 127 133 135 143 145 147 148 154 156 157 167 169 171 172 177 180 181 186 187 193 198 199 202 203 206 207 212 223 227 230 231 233 235 249 252 253 254 255 256 257 259 263 269 270 272 274 277 284 288 292 293 298 301 308 309 312 315 320 324 326 337 353 355 359 361 362 370 374 375 378 379 381 382 384 386 387 388 397 403 406 410 422 427 430 432 436 438 440 452
110 2 3 4 6 13 14 22 24 29 40 47 52 56 59 74 81 83 84 90 91 94 95 97 98 99 103 105 115 116 120 123 125 126 128 137 142 149 160 161 163 172 178 181 183 184 186 187 195 196 197 221 226 230 233 235 248 250 251 255 263 269 270 275 280 282 284 290 296 297 301 302 303 304 305 306 307 309 319 323 324 326 330 331 337 339 347 349 353 354 358 359 367 375 377 378 390 397 399 401 406 413 416 435 441 450 453 455 458 462 467
132 1 2 4 5 9 12 13 14 16 19 21 25 27 30 33 34 48 50 51 52 59 61 69 72 77 78 81 82 90 92 98 104 106 108 111 112 114 117 123 124 125 132 135 140 142 143 146 147 151 154 156 160 161 163 173 175 176 179 180 182 189 192 193 194 227 231 232 236 242 247 252 259 260 263 264 268 272 277 280 282 284 286 287 288 292 293 296 298 301 305 312 320 321 322 329 335 341 342 349 356 359 368 372 378 379 383 384 386 387 391 396 400 414 416 417 424 426 427 432 436 438 440 444 446 447 451 454 456 458 460 461 467
109 1 6 8 17 28 29 32 33 49 54 55 56 59 60 62 85 86 88 89 95 108 110 122 124 128 133 138 151 153 156 166 168 169 171 172 175 176 178 182 183 186 187 190 199 206 213 215 225 229 234 238 240 248 252 256 257 264 265 279 303 304 309 313 314 315 318 320 323 324 326 328 336 337 344 345 347 349 350 352 354 356 361 364 365 367 368 372 373 376 381 389 398 399 400 403 405 408 413 426 428 437 443 444 447 449 450 451 457 460
116 1 3 8 14 22 28 29 36 48 51 53 58 64 65 66 69 76 83 86 87 90 99 108 111 115 127 130 138 141 147 154 155 156 159 161 163 168 173 175 176 177 180 183 188 194 208 212 213 214 219 220 222 224 226 231 238 240 243 245 246 248 249 254 257 259 261 264 267 271 281 282 284 288 290 292 293 297 299 304 310 314 315 321 326 329 332 333 338 343 353 357 370 371 378 384 387 388 391 394 397 403 415 420 428 429 430 431 433 434 436 438 445 449 452 453 465
93 2 7 10 35 43 46 49 50 52 54 69 70 71 75 79 82 83 85 90 93 97 100 115 116 126 130 134 140 143 148 151 161 177 178 179 182 188 196 201 203 205 212 215 223 225 229 231 232 233 234 240 242 250 251 256 259 267 275 279 283 294 295 310 316 317 327 332 341 344 347 352 355 358 361 362 363 385 390 395 398 400 401 406 407 414 420 421 427 428 429 438 462 471
112 1 6 7 9 16 18 20 21 23 29 33 37 40 48 49 50 52 53 65 67 78 80 91 93 98 99 105 112 113 116 120 124 127 135 138 141 142 144 150 151 156 162 163 166 173 176 179 183 185 188 191 197 199 219 223 226 241 245 250 255 256 269 273 277 279 280 282 294 296 298 299 300 303 311 314 318 324 326 327 330 342 344 345 351 356 359 365 367 368 372 377 378 380 382 383 389 390 400 405 407 411 415 417 424 426 428 446 451 453 460 467 472
109 9 11 12 16 18 21 22 40 41 43 46 47 56 61 71 72 81 85 90 91 92 94 98 100 103 108 113 114 122 123 126 128 140 151 154 157 163 167 168 172 174 177 178 179 194 196 202 213 215 221 222 223 229 233 236 238 241 247 257 263 267 273 279 286 288 290 299 301 307 312 316 326 327 333 350 353 355 360 365 366 367 368 374 379 394 405 406 407 415 420 427 428 429 436 437 440 441 442 443 448 451 456 458 459 461 469 470 472 473
136 1 2 4 16 20 23 33 35 41 43 46 48 50 51 58 64 67 68 75 77 78 80 83 87 92 95 97 102 103 107 108 120 124 125 128 129 134 135 137 139 141 142 147 155 156 157 159 162 165 172 179 182 186 189 192 193 197 200 203 204 205 209 214 215 218 225 233 241 249 250 253 256 259 263 268 271 278 279 280 282 285 288 289 292 294 296 299 305 306 310 311 312 314 315 318 320 322 324 326 329 334 337 342 351 355 356 360 364 372 373 375 378 381 392 400 402 405 406 408 414 415 416 418 425 429 430 439 449 455 456 459 461 464 467 468 469
122 1 5 9 12 13 15 31 39 41 45 53 54 55 64 71 72 76 78 93 105 114 121 123 124 127 129 135 137 148 153 156 161 163 164 168 172 177 185 187 188 189 192 193 196 202 207 209 211 212 214 220 222 223 225 226 228 230 234 236 245 246 247 257 264 271 273 280 284 285 289 296 298 300 302 303 307 308 309 310 313 315 318 321 322 323 333 336 353 357 362 363 364 367 375 383 385 387 391 392 393 398 400 402 404 405 407 411 413 416 420 427 429 431 442 444 445 452 454 455 460 464 467
109 2 9 15 23 34 35 37 44 45 51 62 63 68 80 81 87 88 102 103 105 107 110 113 114 122 124 129 136 139 145 148 157 162 179 180 203 207 209 214 220 222 225 229 237 245 255 258 259 262 280 281 283 287 288 290 295 296 299 300 304 308 310 313 314 316 317 322 324 326 334 335 337 342 345 348 350 354 359 364 368 371 372 378 379 384 388 389 391 393 399 404 406 417 420 429 431 432 435 439 443 446 456 461 465 466 469 470 474 476
112 8 20 21 23 25 28 31 33 36 37 38 39 46 47 48 50 59 65 75 83 84 91 95 106 109 120 130 145 157 160 161 166 167 173 177 181 195 196 198 200 214 215 216 219 223 226 228 229 241 242 247 250 254 259 263 271 273 277 279 280 283 289 290 292 293 297 303 304 311 313 315 318 319 331 334 336 339 345 347 348 350 354 359 361 366 372 375 385 387 394 397 399 401 402 408 411 417 422 423 430 434 435 436 439 440 442 445 452 461 467 470 471
120 2 3 6 9 14 18 19 29 32 34 35 37 41 46 51 52 57 58 59 63 67 68 72 79 80 81 82 88 95 96 100 105 110 113 114 117 118 123 126 145 151 152 153 154 158 161 162 176 177 181 189 198 199 201 209 218 220 225 228 231 235 240 241 243 245 246 253 258 262 264 265 272 274 278 282 285 289 309 311 317 320 326 333 335 341 348 357 358 359 360 361 363 365 368 369 370 377 392 394 399 404 408 411 413 416 417 419 422 424 426 436 437 441 455 458 462 469 471 475 478
127 5 7 8 10 14 17 19 24 29 37 40 59 62 70 71 72 73 76 79 81 82 83 85 89 90 92 93 97 98 107 112 117 119 120 121 125 127 128 132 133 138 151 160 174 175 176 179 181 182 185 191 193 198 199 208 209 215 224 225 245 247 248 252 259 267 269 274 282 284 286 293 298 302 303 307 309 311 313 314 318 332 333 334 335 339 343 348 350 353 354 356 361 362 363 364 365 367 368 369 372 374 377 378 382 383 384 389 390 397 398 410 417 419 426 433 434 435 440 447 452 453 457 465 467 471 472 476
114 1 2 6 9 12 13 17 20 22 25 32 34 38 48 53 56 72 74 76 80 83 85 87 90 97 100 105 110 114 115 118 119 128 136 137 140 142 145 152 154 155 163 168 170 173 176 181 185 187 191 192 193 197 199 203 211 213 215 217 222 228 233 239 249 252 254 258 260 265 267 277 282 283 289 292 293 295 305 306 314 321 322 330 331 333 336 341 345 350 361 363 365 370 373 379 385 397 399 400 404 407 410 416 422 426 428 429 434 446 456 458 460 467 478
106 2 18 19 24 31 41 42 45 48 51 57 65 71 77 79 82 88 94 99 102 103 104 106 109 115 121 125 126 134 146 149 151 153 154 155 156 163 170 182 189 192 197 200 210 211 216 220 229 233 238 246 252 253 255 257 268 274 280 281 290 292 297 298 308 311 314 322 325 326 332 342 347 349 355 360 365 367 372 373 374 377 380 383 386 394 404 412 414 415 418 420 423 427 439 440 446 448 449 453 460 461 463 464 472 474 478
114 4 7 13 14 15 19 20 22 23 29 30 39 43 50 51 56 67 68 69 72 74 90 92 95 96 98 102 106 109 113 114 118 126 129 131 136 149 157 158 159 162 171 172 174 181 186 188 194 195 197 207 208 212 213 226 229 245 247 251 254 263 271 273 286 290 291 295 296 298 302 310 311 314 316 322 323 324 333 337 338 345 348 359 361 363 366 370 374 376 377 379 387 390 396 413 419 423 426 430 432 435 442 448 450 454 456 457 465 468 469 474 476 477 478
105 13 14 22 24 41 42 44 45 54 62 69 77 82 83 84 87 97 101 111 115 118 120 121 131 133 134 139 144 145 147 152 155 158 164 165 168 172 173 183 187 188 194 195 214 216 217 220 236 244 254 263 266 276 280 282 287 289 295 302 303 307 309 310 311 312 315 316 318 321 332 337 339 340 341 349 350 352 354 363 365 370 371 374 377 384 389 406 408 415 421 428 434 435 437 441 442 445 446 448 454 455 460 461 469 483
126 3 9 10 11 17 33 35 37 40 41 46 49 52 56 60 65 68 70 78 86 87 90 98 99 100 102 104 105 112 114 119 121 125 127 131 137 138 143 144 147 149 153 155 161 170 185 186 198 199 202 203 208 214 217 219 230 234 237 238 239 247 250 253 256 257 265 270 275 279 281 284 286 287 291 293 297 298 302 303 307 308 309 314 320 325 331 333 335 338 342 347 350 360 362 370 372 373 379 383 384 386 397 399 404 410 416 421 422 427 430 431 433 435 436 448 449 453 454 455 464 470 473 474 476 482 484
121 1 4 7 9 11 15 16 18 24 25 31 34 35 36 40 55 59 68 73 95 99 102 103 104 106 110 115 124 125 130 133 137 140 141 144 153 156 157 162 169 175 181 185 189 197 198 203 205 214 215 217 225 227 235 238 252 259 266 269 271 272 274 279 281 292 295 298 302 303 306 309 311 322 326 328 333 335 336 342 344 346 351 355 356 359 369 372 383 387 388 391 392 402 407 408 411 416 418 419 420 423 424 426 435 436 440 444 449 451 452 457 460 462 463 467 473 475 479 483 484 485
119 4 7 9 21 22 26 27 29 31 35 40 42 47 48 51 57 61 64 65 68 75 77 78 79 83 84 85 87 90 92 111 113 116 121 122 124 126 131 134 136 162 170 172 173 174 177 179 183 194 196 199 204 206 209 211 212 215 216 217 221 227 228 232 234 238 242 249 256 258 259 265 267 270 274 275 282 299 306 310 311 314 316 327 329 333 335 336 343 347 348 349 362 366 369 371 372 377 380 382 384 389 390 391 399 402 420 422 426 428 434 437 438 439 453 454 456 466 475 477
122 2 11 14 26 29 32 33 37 40 41 43 45 48 49 51 53 58 60 67 69 70 72 76 81 89 102 104 107 111 114 121 126 127 128 129 131 133 135 147 148 149 152 153 156 163 166 169 178 180 181 182 183 185 194 195 197 203 208 210 213 217 226 227 228 229 230 235 236 237 240 248 249 254 257 264 266 269 273 283 284 288 290 300 316 317 319 335 340 344 348 358 361 370 375 378 379 380 384 390 408 410 415 417 433 434 442 443 446 447 448 453 454 457 460 464 467 468 477 478 480 481 483
110 3 9 12 16 18 19 20 23 24 27 32 33 38 47 48 62 68 78 80 84 85 86 87 91 92 94 95 112 125 131 137 142 144 146 147 151 163 171 189 191 201 202 204 207 211 213 223 228 233 234 237 240 245 254 260 261 268 278 292 293 297 299 306 307 312 318 321 326 329 330 336 341 342 353 355 364 367 368 378 379 392 394 399 403 407 408 411 413 428 429 431 433 437 439 441 445 450 454 455 462 470 473 474 476 479 482 483 484 485 486
122 1 4 11 19 22 25 29 35 36 61 62 63 66 69 75 77 79 80 81 102 104 107 108 110 112 114 127 128 129 132 142 148 152 162 164 168 172 174 181 183 186 191 194 196 202 214 216 217 221 222 225 226 231 238 239 240 247 248 250 254 255 256 257 266 279 280 282 286 287 290 293 297 298 306 315 317 324 329 330 339 341 343 347 348 350 352 356 358 361 372 373 380 387 392 393 396 399 404 405 406 408 410 412 413 414 425 429 430 434 435 442 448 452 454 459 461 465 470 473 474 484 488
127 3 4 9 10 15 25 33 36 41 42 48 51 58 59 60 63 64 67 68 70 77 78 84 90 94 96 97 100 106 107 115 116 119 122 123 124 126 128 130 140 145 147 148 152 156 164 165 166 170 177 186 188 190 200 204 206 209 212 220 221 223 225 234 239 250 253 257 260 270 272 277 283 284 287 298 302 306 308 312 318 319 320 321 324 337 340 341 344 347 348 356 359 365 367 371 372 373 375 380 390 391 395 396 398 404 406 407 410 412 424 430 432 436 437 440 447 449 457 461 462 466 469 475 483 484 485 487
118 3 16 17 22 24 29 30 36 37 38 43 45 47 52 54 57 58 59 60 62 68 73 77 87 91 94 95 102 103 104 105 108 122 123 127 128 133 137 140 143 146 150 158 159 162 172 173 174 178 184 186 188 189 193 201 206 208 214 226 228 231 234 241 243 248 251 252 257 260 261 263 264 265 266 268 274 275 276 284 287 314 320 323 325 334 337 343 348 355 356 358 371 376 378 379 387 390 395 397 398 399 407 411 420 427 429 432 442 447 458 466 470 472 474 475 478 484 487
124 4 7 8 9 14 17 20 21 29 32 33 43 47 50 51 54 67 70 75 76 78 88 91 92 93 100 103 104 109 113 114 122 123 126 137 141 147 154 166 167 169 172 179 180 183 188 190 191 196 200 215 218 221 222 231 232 233 238 239 240 247 249 250 253 255 257 263 270 275 277 278 282 285 288 295 298 299 300 301 307 308 309 313 314 319 320 321 329 330 338 341 352 358 367 369 375 377 382 385 392 394 395 397 410 411 412 419 424 432 434 437 441 450 456 460 464 466 468 471 473 476 478 484 487
122 2 4 5 6 7 8 10 11 19 24 27 29 32 33 42 46 47 49 50 51 55 57 58 66 68 70 71 74 82 86 92 94 98 100 104 106 107 110 115 119 124 130 131 140 145 150 153 162 168 182 190 201 204 208 211 214 215 216 219 220 221 223 232 238 245 249 267 276 279 283 287 292 293 300 309 310 318 319 326 327 329 337 343 351 352 354 360 362 364 365 369 378 379 383 384 388 397 398 402 410 413 415 416 435 438 442 443 446 453 455 456 460 462 464 466 467 472 473 476 478 488 491
116 6 10 11 17 29 31 33 39 42 52 53 57 68 76 85 88 91 93 99 107 111 115 118 119 125 128 131 136 142 144 147 150 151 152 155 162 163 164 178 179 180 183 188 192 193 195 202 208 209 212 217 224 225 230 234 236 241 242 245 250 256 262 268 269 271 275 279 282 283 290 296 298 303 310 312 313 323 332 334 336 337 343 346 349 358 364 369 371 375 381 394 404 406 409 411 416 421 425 428 441 444 446 449 453 457 469 472 477 480 481 483 487 490 491 492 493
131 4 5 10 11 17 22 31 32 36 41 46 49 53 58 60 72 74 75 81 84 85 91 98 99 100 102 105 115 119 125 128 133 143 145 149 150 155 156 158 160 163 165 169 170 175 184 187 188 191 193 196 197 208 210 215 216 226 229 233 235 237 246 247 249 251 254 262 268 274 275 277 286 293 295 297 299 301 304 305 307 310 313 314 316 318 323 324 331 335 336 337 339 343 348 350 357 365 372 374 380 384 392 394 398 399 400 401 418 419 420 425 426 429 430 431 435 441 447 448 455 456 457 468 471 477 478 479 483 484 485 490
114 1 13 14 15 26 29 32 33 35 37 43 45 52 70 74 75 84 88 89 93 105 110 118 120 122 128 129 131 138 143 146 147 149 150 151 152 155 163 164 167 171 172 173 175 182 186 187 197 203 205 208 209 210 213 214 220 221 230 232 235 236 241 242 244 247 249 262 263 265 267 270 274 279 281 284 286 287 291 297 305 307 308 309 320 321 340 354 366 369 373 374 375 378 381 387 395 396 398 410 413 416 425 458 461 467 468 477 484 487 488 489 492 494 496
132 1 3 5 13 20 23 24 25 26 31 32 34 36 43 44 49 51 54 61 67 69 70 76 79 82 86 87 88 91 93 104 106 108 111 124 125 139 142 143 147 151 153 154 156 158 165 166 168 169 171 172 175 176 180 184 188 191 192 194 202 205 206 207 208 209 213 219 221 224 229 232 233 241 245 247 255 259 262 266 270 273 280 287 288 290 293 295 296 297 305 308 312 325 326 328 336 337 339 343 351 354 356 364 366 371 377 378 379 381 385 386 389 391 392 396 400 403 418 433 434 440 442 450 451 453 457 469 476 478 482 490 494
141 1 3 4 5 6 9 15 20 22 24 29 30 40 55 56 60 61 62 65 67 68 70 71 73 78 83 87 88 89 90 100 107 110 112 113 118 125 126 128 129 132 134 135 142 153 160 163 169 173 174 177 182 183 185 186 188 190 194 206 209 210 215 221 224 226 227 228 231 233 237 238 242 244 245 246 248 249 252 256 264 271 277 285 288 289 292 299 306 308 312 313 314 321 322 335 337 339 343 345 346 348 349 353 354 355 359 363 368 369 373 375 378 383 386 388 389 390 392 398 399 403 405 408 413 414 419 420 423 424 425 434 437 438 444 447 449 476 483 486 489 493
117 3 6 10 11 15 27 29 31 39 43 47 51 57 66 72 73 74 80 86 90 91 101 108 116 117 118 120 121 123 128 129 135 136 144 153 161 165 174 178 185 192 196 201 204 208 210 211 212 213 215 218 219 226 250 251 257 259 263 264 266 269 270 271 275 284 285 287 288 290 293 299 304 306 311 320 321 327 329 332 336 340 345 356 381 383 386 394 395 403 407 411 413 415 417 419 421 422 423 428 429 430 431 432 433 436 437 441 443 449 462 474 478 479 483 491 493 498
120 1 2 8 9 12 28 29 30 33 37 38 45 46 48 52 57 65 66 68 72 74 84 87 96 97 106 110 113 120 124 125 144 151 153 167 169 174 178 180 188 192 198 199 200 204 205 206 207 214 215 216 221 223 226 229 233 255 257 259 268 269 275 283 284 285 287 288 291 293 298 299 301 302 304 306 309 317 318 321 327 331 333 336 342 356 357 360 364 368 374 381 383 391 392 398 400 404 407 413 414 415 418 420 426 430 436 438 443 448 449 452 460 471 480 482 485 488 495 497 499
111 2 6 11 12 14 15 17 22 26 29 37 42 44 49 52 54 55 60 67 68 75 76 77 96 97 98 102 103 107 108 118 119 120 141 143 145 147 174 180 182 186 196 202 209 211 213 216 217 224 225 227 228 235 236 239 240 242 243 248 253 256 268 270 275 283 289 290 293 296 308 309 321 325 326 330 332 345 349 353 357 371 376 386 391 394 399 408 411 413 421 425 426 429 435 441 446 452 458 459 461 466 467 473 476 479 483 489 493 497 500 501
111 5 12 22 26 35 36 37 40 42 43 44 55 56 60 64 82 89 90 93 95 96 100 106 108 113 116 117 131 145 148 153 162 169 177 193 195 203 212 213 215 216 219 223 225 228 229 230 233 235 236 239 242 249 252 257 259 269 282 289 291 294 295 299 300 305 307 309 313 319 321 323 326 329 332 337 340 344 345 354 357 361 362 379 380 381 383 387 389 396 400 401 407 412 418 419 420 431 437 438 443 447 454 457 460 467 469 472 473 485 492 501
132 6 10 14 15 18 28 31 34 38 44 51 53 55 56 61 68 79 82 84 85 89 91 93 103 111 114 118 122 124 130 132 135 140 142 145 146 149 153 155 156 157 159 174 175 176 177 184 185 186 189 193 195 210 215 217 220 224 226 228 232 233 240 246 252 258 259 264 267 269 271 279 280 283 290 298 302 304 306 307 309 314 320 324 325 339 344 346 349 350 353 359 360 366 376 382 383 392 394 397 398 400 401 403 406 407 411 412 415 423 424 433 434 435 440 441 448 449 453 457 465 472 473 475 478 484 485 490 491 492 496 499 503
119 5 15 20 21 25 28 30 37 41 42 45 50 53 55 56 61 63 65 74 76 78 84 85 93 104 105 106 113 121 124 126 131 132 133 139 146 152 159 163 165 171 173 193 204 205 207 212 216 219 220 225 226 233 239 242 244 257 259 261 263 265 271 272 278 281 282 283 289 294 303 307 312 321 329 333 334 335 344 345 348 349 352 355 359 368 369 372 373 374 375 378 381 386 399 401 411 412 421 422 423 428 429 439 440 443 445 449 451 453 456 465 481 482 485 487 490 491 496 503
114 4 6 14 16 19 20 22 23 26 31 37 41 49 51 55 56 58 63 67 74 79 82 87 90 99 106 109 112 126 128 131 142 144 148 149 156 157 161 163 164 165 177 183 184 190 192 194 201 205 210 216 219 221 225 230 233 240 245 248 250 257 259 260 264 267 271 276 285 288 303 308 314 319 325 328 332 337 341 352 353 354 356 360 363 369 370 376 382 385 390 391 395 397 408 412 423 424 425 430 441 442 443 445 446 451 452 457 459 473 491 496 498 503 505
130 1 6 11 12 13 23 24 25 27 28 32 35 39 49 53 59 67 72 73 74 77 80 82 85 86 91 94 99 105 117 118 119 126 135 136 144 152 156 159 160 161 163 165 167 169 174 176 180 186 187 190 195 198 199 201 202 207 208 211 212 216 217 239 253 266 277 278 280 282 284 287 289 291 293 301 307 310 312 313 318 319 320 328 330 332 333 338 340 341 343 349 350 359 364 377 380 381 386 393 407 410 411 417 418 423 424 429 431 432 435 436 439 440 447 449 450 451 456 457 462 469 473 476 479 480 481 491 494 495 505
129 3 9 17 18 20 21 25 27 29 30 48 49 54 63 65 72 80 83 92 94 95 98 101 105 106 107 108 109 110 111 112 115 116 119 122 123 125 127 129 132 134 141 143 147 153 162 167 168 177 181 182 187 190 191 193 195 198 205 208 213 223 225 232 236 243 251 252 253 254 255 259 261 266 273 279 282 288 289 300 301 304 306 307 309 318 319 320 324 325 327 328 329 338 355 360 362 363 379 382 383 386 387 394 396 398 404 405 406 426 429 432 433 437 439 441 450 451 458 463 471 472 478 479 481 488 489 492 500 501
113 4 6 15 17 20 25 29 31 36 40 52 54 59 62 70 72 74 77 79 80 81 85 88 90 98 99 110 118 121 131 135 136 141 143 156 157 162 169 178 182 183 185 191 192 194 198 199 202 208 212 217 223 226 240 248 249 258 264 265 266 276 280 293 297 307 312 318 325 329 338 344 351 352 354 356 364 365 370 372 376 381 385 386 387 390 394 396 397 398 400 401 405 409 410 412 413 416 418 420 426 427 433 440 442 444 450 452 470 471 486 491 504 506
118 6 9 18 26 32 33 35 37 38 39 40 41 50 58 60 62 68 71 73 84 85 93 99 101 108 119 122 123 135 136 138 147 149 166 177 184 186 198 210 224 225 226 230 242 244 245 249 250 264 282 290 292 297 298 300 303 313 316 321 322 328 330 337 338 343 346 347 348 350 360 362 365 366 371 376 377 378 384 386 387 394 401 402 404 411 412 413 414 415 418 421 423 424 427 428 429 439 444 447 449 450 451 454 458 463 471 473 478 480 482 488 489 490 491 494 496 499 502
121 3 5 9 10 17 18 20 22 24 27 31 43 48 61 70 71 77 78 80 83 90 91 96 97 102 111 113 114 119 131 134 135 138 147 149 152 156 162 168 169 177 186 187 197 198 200 213 219 221 222 224 226 235 240 243 244 245 256 257 261 263 267 272 278 279 285 286 291 295 310 311 315 317 325 326 330 334 342 348 349 350 351 354 355 358 364 369 375 378 379 390 391 393 394 396 401 404 407 408 409 423 424 430 436 438 439 440 442 444 449 450 451 453 461 469 478 482 492 498 504 508
124 4 11 16 17 21 26 29 33 36 44 45 46 50 51 56 60 61 68 69 70 71 77 78 80 85 89 91 94 95 97 100 109 113 114 117 118 148 150 152 158 170 172 175 176 185 190 195 197 198 202 208 210 215 217 219 220 226 227 228 231 234 235 238 243 246 250 253 254 257 258 260 268 274 275 276 280 283 284 292 307 313 314 321 325 326 329 336 342 351 353 354 362 374 383 384 386 392 400 404 410 420 424 432 435 440 450 455 459 462 463 466 470 471 475 476 477 482 487 492 493 501 502 503 505
132 4 5 9 10 12 17 19 24 25 27 31 33 36 40 41 42 43 48 52 55 58 61 63 64 69 82 83 84 85 88 100 106 111 113 119 122 125 127 129 143 148 149 151 152 162 166 167 169 170 173 175 178 181 184 189 193 200 207 225 229 238 243 244 245 246 252 254 257 258 267 272 276 278 280 282 297 304 305 315 318 328 332 333 335 337 344 345 347 352 357 359 361 364 370 378 387 388 391 392 398 399 403 405 406 411 414 416 418 425 427 437 438 446 449 452 453 454 456 459 469 470 473 477 481 490 494 495 496 498 500 507 510
106 4 8 9 15 24 27 29 38 41 47 52 55 56 57 63 66 68 69 73 74 75 80 90 93 103 107 110 122 123 127 144 145 149 154 170 175 177 190 196 203 206 208 210 213 214 215 222 234 237 240 249 251 258 259 261 263 268 271 273 274 279 289 299 311 322 326 328 329 335 339 349 350 352 356 361 368 372 381 382 386 389 392 409 413 417 431 432 433 449 459 460 461 462 468 472 473 474 475 477 479 484 487 490 491 499 508
127 1 2 5 8 10 17 21 25 27 33 37 41 51 54 55 60 66 68 77 85 98 104 111 113 117 120 121 125 127 130 131 132 133 135 138 139 141 148 152 161 164 166 167 168 173 184 188 189 190 192 198 199 201 210 211 212 217 228 229 234 235 237 238 245 248 251 252 256 267 272 273 279 293 300 301 304 306 307 308 311 314 316 317 321 332 336 337 342 344 345 346 365 385 392 395 397 399 403 407 410 411 412 415 418 421 423 424 425 438 440 448 457 464 466 470 471 474 475 482 488 491 499 500 501 502 503 509
124 1 13 16 23 32 35 36 37 39 44 48 49 54 55 57 58 59 75 77 78 84 86 89 90 102 107 111 114 118 121 129 132 139 142 145 147 150 152 153 154 156 162 165 166 169 173 176 185 187 190 194 198 204 206 214 217 228 230 232 236 239 243 261 264 277 285 290 300 301 310 313 319 320 321 324 327 330 334 339 340 344 347 353 357 358 367 370 371 379 380 382 383 385 388 390 392 394 397 404 416 419 422 428 432 433 438 440 443 448 460 462 465 468 469 472 474 476 478 482 486 487 496 511 513
134 1 9 11 13 20 23 29 31 33 37 42 43 45 59 63 66 68 71 76 78 80 85 86 90 100 103 107 110 111 115 119 121 123 127 129 133 137 141 144 145 151 152 153 154 158 165 172 178 179 182 183 185 192 194 195 199 202 205 211 212 214 215 221 223 224 226 227 232 233 239 242 243 244 257 262 264 278 280 282 286 292 294 300 301 305 306 312 313 317 325 330 334 341 348 357 363 377 378 380 384 388 391 395 400 405 407 418 421 424 426 427 431 434 439 444 446 448 453 457 459 467 474 479 482 483 496 497 500 503 505 511 512 515 516
110 3 15 19 26 28 30 35 39 41 43 44 48 50 52 54 58 59 62 63 64 65 74 79 84 92 94 99 104 109 111 116 117 118 122 125 135 141 152 154 158 161 166 178 194 202 203 206 208 210 217 235 245 247 248 251 254 256 257 258 265 271 280 294 295 298 300 320 324 325 327 330 339 346 355 356 359 366 373 376 379 382 385 388 396 397 407 408 415 418 422 423 426 427 428 429 447 454 467 476 479 480 481 483 484 493 495 496 499 512 516
108 1 3 7 10 17 19 20 24 25 28 40 50 52 59 72 73 75 82 84 87 89 90 94 101 103 104 113 115 122 129 133 136 144 150 153 157 163 167 169 177 178 179 185 186 187 188 190 199 211 213 216 217 218 223 224 236 250 261 263 264 270 287 295 301 311 317 318 319 320 321 324 330 333 341 342 347 356 357 362 373 375 382 385 389 390 394 396 408 410 412 417 418 419 423 428 437 442 446 450 454 473 480 483 486 487 500 515 518
121 3 14 15 27 28 39 43 56 57 59 60 63 67 71 75 77 80 84 85 93 95 103 112 114 115 117 124 130 141 142 144 149 153 155 158 161 167 172 177 179 189 196 197 201 202 205 209 212 215 226 227 234 242 246 251 255 256 261 265 268 270 272 279 282 286 292 298 302 303 304 310 311 313 314 321 328 331 334 337 344 346 349 350 358 359 369 379 381 382 383 386 387 394 404 407 408 409 410 411 424 425 429 430 431 433 434 436 451 460 465 466 467 473 474 477 485 493 497 505 515 516
116 1 2 4 9 11 15 19 22 25 31 32 34 38 41 45 47 62 63 67 69 72 74 82 83 88 89 91 104 105 117 120 121 122 124 129 130 136 139 146 156 157 159 168 170 176 177 181 182 184 190 196 199 208 209 210 212 222 245 249 253 258 261 266 269 270 272 278 282 283 286 287 299 305 308 313 316 317 324 337 338 347 353 372 377 379 388 389 395 401 403 412 414 420 421 423 424 432 435 442 443 454 456 462 478 479 480 482 486 489 492 497 505 508 512 513 520
118 5 7 16 19 24 45 47 52 61 65 67 70 71 72 73 75 79 82 83 86 88 91 94 100 103 109 116 117 128 145 146 147 152 161 163 169 175 177 190 191 193 205 206 218 221 222 224 229 230 232 235 238 239 240 249 264 271 272 278 280 281 284 290 291 308 317 323 327 329 331 335 336 339 345 349 356 362 365 369 370 373 378 384 388 394 396 397 399 407 408 410 412 413 414 419 420 424 426 428 433 434 435 442 449 454 470 471 476 477 482 486 495 502 504 509 510 513 518
146 1 2 8 9 11 12 17 20 22 29 30 33 39 43 44 46 47 52 55 57 58 61 63 71 78 84 86 88 90 96 97 101 102 105 112 115 118 120 136 139 141 143 144 150 151 158 160 162 163 165 166 177 186 189 190 191 192 193 195 197 199 210 211 212 215 220 227 229 232 234 238 240 245 257 263 267 272 274 275 276 290 295 303 312 314 320 331 333 346 349 356 358 361 363 364 368 373 374 376 386 391 393 394 395 400 401 402 404 410 415 422 434 436 437 443 447 451 452 454 455 457 461 466 469 471 475 478 482 486 488 490 494 498 500 502 503 504 506 508 510 511 513 514 516 518 521
128 2 3 4 5 6 8 9 11 14 19 21 28 29 31 38 39 41 45 49 51 59 63 68 70 72 73 78 85 91 101 103 104 111 114 116 117 123 124 125 126 136 140 149 154 155 158 159 168 172 174 175 178 185 187 188 190 210 216 217 220 227 229 230 232 233 234 236 248 252 257 259 261 263 264 265 268 270 275 278 280 282 286 290 297 298 301 309 313 318 319 327 328 333 343 346 348 349 355 362 365 366 367 375 377 379 384 393 397 398 411 414 418 426 433 435 439 450 471 479 482 483 484 485 489 497 506 510 511
125 9 10 13 15 16 19 23 31 36 37 38 43 47 49 53 54 56 65 66 68 70 71 73 82 86 87 93 95 102 105 109 113 116 119 125 132 134 138 141 144 150 157 167 170 172 174 178 191 195 196 198 200 203 205 209 218 224 229 249 256 260 266 276 277 278 281 282 285 288 293 297 307 314 316 324 326 329 336 337 346 348 356 357 358 359 361 367 370 376 382 385 386 387 389 396 397 398 403 406 420 422 428 434 435 453 457 459 462 471 474 479 480 483 484 492 494 498 503 509 511 514 517 521 522 523
127 2 5 8 10 22 32 51 54 57 60 61 62 64 65 69 71 72 76 77 78 80 91 103 107 115 127 128 131 135 137 138 139 145 146 153 158 167 170 174 187 189 190 191 196 207 209 221 225 226 230 237 238 239 240 241 242 253 254 256 260 267 271 275 278 280 282 286 288 290 295 304 308 313 320 323 339 344 352 353 356 361 363 364 370 371 376 382 388 398 399 401 402 405 407 410 415 419 420 422 426 433 435 438 439 443 448 453 458 466 467 468 471 473 475 476 478 480 482 490 498 499 507 508 512 513 514 519
112 7 8 12 24 33 34 35 36 42 47 48 53 59 60 68 77 85 86 87 94 102 111 115 124 126 129 131 133 136 148 153 157 159 162 166 170 181 185 194 197 200 203 207 217 218 221 236 239 240 244 247 253 261 279 281 289 296 299 302 303 305 309 311 313 315 319 320 324 326 342 350 357 360 363 366 371 374 379 386 389 394 396 398 405 407 409 412 423 429 436 437 448 456 458 465 467 474 489 492 495 496 503 504 508 510 512 514 518 521 522 523 524
120 1 6 20 24 25 33 39 43 48 51 54 55 59 62 74 79 81 83 89 95 98 104 109 110 112 114 115 119 121 123 136 139 142 147 152 156 166 168 172 174 189 191 201 203 205 206 212 214 218 222 223 227 230 244 246 252 258 269 279 280 286 295 299 301 302 303 314 315 316 321 326 330 333 335 343 347 350 357 365 367 368 369 372 373 387 392 394 398 400 406 407 410 413 415 416 418 424 428 430 433 434 439 444 445 451 454 458 467 468 469 474 475 476 477 478 488 494 499 501 516
129 5 13 19 21 22 26 31 38 39 48 49 55 58 67 70 71 84 85 92 94 95 102 108 109 112 116 118 120 121 126 127 128 129 138 144 148 150 152 153 163 169 173 174 177 179 193 195 199 203 204 209 211 216 218 223 225 226 227 228 230 231 235 246 249 254 259 275 281 286 287 289 292 293 296 306 313 314 316 318 328 332 339 347 349 350 361 372 374 376 378 380 382 386 389 393 407 421 424 427 432 435 438 452 460 462 465 467 471 472 477 481 483 487 488 489 491 492 493 495 498 500 507 509 510 511 514 517 521 526
139 1 6 8 11 22 25 27 31 32 33 39 41 43 45 52 56 58 59 64 66 67 69 70 71 73 93 98 99 103 104 109 111 114 116 117 118 131 140 141 145 154 158 160 162 163 166 171 173 175 187 188 190 192 195 200 201 203 207 212 213 214 228 229 242 252 253 256 258 261 265 267 268 272 278 282 283 285 286 287 289 296 318 320 327 330 331 333 340 341 352 360 361 362 363 366 367 376 378 381 388 393 398 401 403 404 411 413 416 423 427 428 430 433 440 442 445 447 448 450 457 464 466 470 473 474 475 477 481 482 485 493 498 500 504 506 513 517 522 527
135 7 9 12 18 22 33 34 40 48 54 57 73 74 76 82 83 92 103 104 105 106 110 113 114 115 123 129 130 134 137 141 144 146 147 148 149 151 154 158 160 163 164 168 169 171 173 175 178 183 192 194 206 211 213 216 217 219 221 222 224 231 237 241 244 251 253 256 257 259 265 268 270 271 272 273 276 278 279 283 290 294 295 296 302 303 309 311 312 328 331 336 337 340 341 349 363 364 366 375 382 387 393 405 408 409 418 419 429 431 433 436 437 441 444 446 447 449 457 458 465 466 469 473 478 479 486 498 501 503 510 515 518 519 524 527
118 1 3 5 12 17 21 31 33 48 49 53 54 56 58 59 63 64 70 71 75 76 80 81 83 85 93 95 97 108 109 110 119 120 121 128 132 144 146 159 163 167 174 179 182 183 184 188 189 192 196 197 198 202 213 217 218 219 223 228 231 233 239 247 249 261 264 267 271 274 277 279 284 288 298 303 309 317 320 321 323 325 332 334 335 340 341 349 363 378 381 394 397 403 406 409 411 415 417 419 427 428 432 442 455 460 479 483 484 485 489 490 493 495 504 506 511 523 524
132 1 3 4 6 9 10 11 12 16 17 18 22 26 28 35 42 45 50 53 54 62 71 77 78 80 86 87 102 105 107 110 111 120 126 131 138 139 140 141 149 152 153 154 156 183 184 186 197 199 201 205 206 211 215 217 218 219 222 224 226 233 234 236 237 238 239 241 252 255 258 260 261 270 273 276 281 282 283 284 294 297 298 299 302 311 316 322 325 336 337 344 346 349 350 353 354 355 357 359 368 372 376 382 388 395 396 403 424 425 430 435 436 438 442 451 453 454 457 462 470 474 476 477 478 498 504 506 508 520 522 523 528
123 1 6 8 11 15 23 28 45 46 48 51 59 60 66 75 81 84 87 91 97 103 106 113 114 119 123 128 129 140 147 149 164 165 170 174 177 186 188 198 207 208 209 210 213 217 218 229 231 232 234 237 241 245 247 266 268 273 274 275 283 285 288 296 306 307 312 313 314 318 323 326 331 332 337 340 345 347 349 351 352 355 358 360 366 371 372 378 382 391 393 394 395 396 397 398 400 405 408 409 414 415 416 421 432 433 439 440 442 444 449 458 471 482 487 492 507 515 517 524 525 526 527 533
133 2 11 20 21 23 24 28 29 31 32 35 40 50 58 63 64 70 74 76 77 87 93 100 103 114 126 132 133 135 139 140 142 144 146 148 151 152 156 160 168 169 178 181 185 186 187 193 195 199 202 203 210 211 216 219 220 226 233 239 245 246 253 256 259 270 283 284 285 286 287 289 292 298 302 310 312 315 319 321 323 326 333 336 343 345 346 347 350 356 359 361 365 367 373 380 387 388 393 394 397 401 403 404 407 412 415 418 426 427 429 435 436 438 440 448 449 452 478 484 486 489 492 496 500 502 504 505 507 509 512 520 521 529
141 7 11 13 19 20 21 23 25 31 36 38 42 52 57 60 61 64 71 72 76 83 88 93 104 106 107 108 117 119 120 121 128 135 136 137 141 148 155 161 162 169 178 186 189 192 193 198 199 200 203 204 206 207 208 210 211 217 219 224 232 240 241 250 251 252 256 259 268 270 272 274 276 277 280 282 288 290 291 292 293 303 309 313 315 317 318 322 325 328 330 337 339 342 346 347 350 353 357 358 372 377 382 383 384 387 391 392 399 402 409 413 415 418 422 426 431 433 440 451 455 457 458 460 464 475 478 483 484 485 486 491 508 509 510 512 515 524 530 531 532 535
129 4 6 10 11 20 26 29 30 31 37 45 46 47 52 54 61 62 63 77 80 83 91 92 94 97 105 108 109 112 123 125 129 131 132 133 134 135 139 140 147 153 154 160 165 168 179 185 186 187 188 191 193 199 208 209 213 218 220 225 226 227 228 229 238 239 243 249 255 258 269 278 280 291 293 296 298 300 303 315 321 331 344 345 346 347 350 352 353 358 371 373 375 394 396 399 402 415 416 417 418 419 421 434 441 444 445 446 447 455 459 460 462 469 486 489 491 492 493 495 499 501 503 506 521 522 526 527 534 535
117 1 4 5 20 24 34 39 42 67 70 72 75 78 85 88 91 96 97 98 104 106 108 109 117 120 121 125 127 128 131 133 150 157 160 161 165 167 175 177 181 182 183 184 185 189 199 203 213 217 220 227 229 231 239 243 250 252 264 267 274 275 277 299 300 301 305 309 310 311 313 327 329 337 340 344 345 352 360 368 373 376 386 391 394 397 398 412 413 417 418 420 428 432 433 438 439 440 442 443 445 446 448 457 458 460 472 474 478 487 491 498 504 508 517 518 521 537
115 7 9 11 16 31 33 35 56 60 62 63 66 70 81 82 90 92 93 103 106 112 117 123 128 132 139 141 143 150 151 157 171 172 174 186 192 193 199 201 219 227 230 231 236 244 245 248 258 264 273 279 282 283 295 296 299 300 303 307 308 310 311 313 314 319 323 325 329 330 333 339 345 352 356 361 364 369 373 374 375 381 402 408 412 425 426 433 435 448 449 451 454 455 457 469 473 475 480 485 490 504 508 512 513 515 516 518 519 521 522 523 525 527 533 534
134 1 2 3 4 7 9 14 19 20 25 31 35 37 39 41 43 50 52 62 67 70 71 72 74 77 91 95 96 99 100 115 121 123 124 130 134 137 141 145 149 157 163 165 168 176 179 180 182 187 188 192 194 197 201 209 220 224 233 235 237 239 243 246 249 255 256 271 272 273 289 298 299 300 302 308 314 317 318 319 328 333 335 336 339 341 343 346 351 355 356 357 361 363 364 365 369 373 374 375 378 383 388 389 390 391 399 403 406 410 413 414 425 429 432 438 439 441 444 446 459 467 480 486 488 490 498 514 518 522 528 530 531 536 538
121 1 7 8 13 14 16 18 20 21 22 31 47 49 52 62 65 67 70 72 74 78 80 89 94 104 107 111 113 123 125 129 131 139 140 146 148 150 154 156 162 168 170 171 176 177 181 191 192 194 203 223 227 238 243 249 250 253 259 267 270 279 280 283 286 297 299 302 317 318 319 320 322 324 326 327 328 333 342 348 350 362 367 368 372 374 375 377 391 394 396 399 401 402 405 406 414 416 418 430 432 436 438 450 458 467 473 476 478 479 480 484 485 492 497 500 506 521 524 525 526 535
139 5 6 9 10 11 14 15 16 19 20 23 25 28 31 33 35 38 40 41 43 48 49 52 54 59 62 65 67 77 78 79 80 89 91 102 105 114 118 121 123 124 127 129 130 137 138 142 143 148 151 154 161 162 175 176 179 185 187 190 194 196 198 207 218 220 221 230 235 240 241 247 248 249 253 257 262 268 271 273 275 280 281 282 286 293 306 308 310 313 315 318 331 336 338 339 343 347 362 370 381 390 393 394 400 407 413 418 420 427 429 431 437 440 444 448 453 454 462 464 465 466 469 480 481 485 486 491 492 493 495 499 500 509 510 511 517 520 523 532
123 1 5 6 16 18 20 24 25 26 35 38 43 44 46 47 60 64 65 66 69 70 73 74 80 83 87 92 97 104 107 109 111 119 123 132 142 144 150 165 181 188 191 194 201 205 207 215 220 234 240 243 245 247 252 253 255 268 277 280 281 283 285 288 291 295 296 300 301 309 324 325 328 331 336 338 345 347 348 356 358 360 362 377 382 396 402 411 417 418 422 426 428 431 434 438 443 445 452 461 462 464 465 466 475 476 477 478 479 485 486 487 488 491 492 499 501 505 511 513 515 525 531 539
129 6 10 15 19 21 23 26 27 31 33 35 38 39 42 45 52 55 69 74 77 81 88 92 97 101 102 110 111 115 117 121 123 126 129 138 145 146 149 155 157 162 168 171 177 190 191 196 198 211 220 221 222 228 229 232 236 237 239 245 246 247 252 254 262 265 266 269 275 277 280 285 288 294 305 311 313 319 320 326 329 333 336 339 341 342 343 349 352 353 355 358 365 366 382 391 401 402 403 404 405 410 417 418 424 430 433 436 437 439 453 455 458 461 466 467 469 477 481 490 494 499 501 516 517 527 535 536 537 543
122 16 18 24 25 27 37 39 52 54 55 57 61 62 63 64 79 86 90 92 96 99 107 119 124 126 150 154 156 158 163 167 168 169 170 172 184 191 192 197 198 200 202 211 215 216 222 226 229 230 236 238 241 244 246 252 260 265 269 271 272 274 280 282 287 293 294 296 299 301 302 312 314 316 323 329 333 335 338 340 348 349 354 359 362 363 369 370 373 380 391 394 396 402 405 408 415 421 431 435 436 438 439 441 442 446 459 461 464 472 473 478 479 483 494 501 503 509 513 521 531 535 543
121 2 7 14 19 20 21 25 28 29 33 36 37 43 45 46 47 55 68 77 83 85 86 88 90 93 94 98 109 124 127 130 135 137 139 143 144 147 154 155 162 168 176 180 181 182 190 196 197 201 204 205 207 208 209 214 217 223 235 237 241 244 247 248 251 264 265 270 281 288 297 299 306 313 315 324 325 328 331 332 335 336 342 346 347 351 352 359 361 364 367 381 383 384 387 394 395 400 406 407 408 410 417 420 432 436 444 447 449 450 462 472 483 491 493 503 504 507 509 518 524 527
125 1 13 15 21 25 35 36 40 43 44 50 51 55 57 58 59 65 67 70 71 76 80 91 92 93 98 108 109 111 113 118 125 128 130 140 158 176 180 187 196 208 215 219 220 223 226 231 234 241 265 273 274 276 277 279 280 282 286 290 297 302 309 316 323 324 329 330 332 335 337 349 350 351 358 360 361 363 368 384 387 390 391 392 394 400 402 403 404 411 419 423 426 430 433 434 437 438 440 442 443 444 448 454 455 458 465 467 468 472 480 484 488 489 496 497 499 508 509 513 515 517 522 524 529 542
122 4 10 11 22 23 26 28 34 38 40 41 43 46 47 51 56 73 74 76 78 81 87 90 92 94 97 106 107 110 117 119 121 122 130 132 133 137 140 143 149 158 160 163 168 179 184 187 188 191 195 197 198 212 217 221 230 238 247 249 250 251 253 255 259 275 277 278 287 292 305 316 325 331 332 334 344 357 358 360 361 363 364 370 377 380 384 388 390 399 402 417 422 426 427 435 436 438 439 440 441 443 445 448 451 456 459 467 469 472 477 480 482 486 488 490 520 529 532 535 537 539 542
137 7 10 12 13 16 17 18 32 33 34 35 37 39 56 57 69 70 73 79 81 83 84 88 89 90 94 97 98 103 105 106 109 118 120 128 132 146 147 151 156 165 167 168 169 176 190 194 198 199 205 212 223 224 226 229 233 243 244 245 246 248 250 253 254 257 259 265 269 271 279 280 282 283 285 291 293 297 298 302 314 316 330 332 335 343 346 348 349 351 352 360 361 365 374 376 380 383 387 393 395 400 407 411 412 418 422 426 430 434 436 440 441 446 453 457 458 463 467 469 470 473 477 486 491 499 501 504 505 508 514 520 524 527 531 533 544 547
127 4 9 10 13 15 23 31 34 35 37 43 51 53 55 58 64 71 72 74 77 78 82 87 90 93 95 101 104 106 108 109 117 119 122 133 136 144 146 153 162 167 169 172 174 176 177 179 184 194 196 203 207 208 223 230 232 236 241 254 262 272 273 276 277 280 286 292 297 306 315 316 319 323 327 335 338 341 342 343 355 356 358 359 361 373 374 377 383 384 387 398 402 405 407 415 424 425 427 446 451 452 457 461 475 481 486 494 495 496 497 499 500 510 514 518 519 520 523 527 528 531 532 533 536 543 544 547
133 5 14 17 23 25 28 29 35 36 40 41 44 45 55 58 60 62 67 71 75 78 80 84 89 91 98 105 118 123 131 132 133 137 138 144 150 156 165 168 169 171 176 191 193 196 203 205 213 216 219 224 230 234 235 242 249 251 252 255 262 268 282 290 292 295 304 308 325 329 335 339 341 344 346 356 362 370 374 375 376 377 378 379 383 386 387 395 398 402 405 406 409 414 415 419 422 423 426 435 436 442 453 456 459 460 461 468 472 473 477 481 485 490 493 494 498 506 508 509 516 518 519 522 525 527 530 541 543 545 546 547 549 550
130 1 2 3 10 15 20 23 26 30 34 37 38 43 46 60 62 69 76 78 82 85 87 88 90 92 98 110 121 127 128 129 132 133 137 138 148 153 157 158 164 165 172 173 176 178 182 187 196 197 202 204 213 218 234 242 245 253 258 270 273 275 279 293 297 299 304 305 308 309 310 320 326 327 330 342 344 350 356 361 363 364 369 373 382 383 392 396 413 416 428 429 432 433 435 440 443 446 451 452 453 455 459 465 467 479 480 481 482 486 489 491 494 499 501 506 508 509 513 514 518 524 527 533 535 540 541 543 544 545 549
129 4 7 9 11 13 14 15 27 31 33 34 35 51 52 57 61 62 66 68 72 73 79 82 83 86 89 100 101 103 110 111 114 117 121 122 126 128 129 130 149 160 164 168 169 179 180 185 191 192 195 197 198 211 212 219 220 230 237 244 249 250 252 255 266 267 268 270 271 275 284 295 297 298 312 321 327 332 335 339 343 345 354 358 360 363 365 370 371 375 377 380 382 383 386 387 388 398 399 400 404 410 411 413 415 417 422 434 438 449 450 454 466 468 472 482 483 489 491 503 505 509 524 525 530 535 542 544 545 548
123 2 4 27 35 37 39 50 52 60 62 65 69 73 78 87 89 95 101 102 108 113 115 118 119 122 126 128 131 134 139 141 151 155 157 159 163 178 189 203 206 213 222 225 229 231 239 241 243 248 253 255 260 264 266 267 271 279 281 284 292 294 300 301 306 317 322 323 327 328 335 341 355 363 366 368 371 378 383 386 389 390 393 395 408 411 412 416 422 423 424 435 452 455 458 459 465 467 469 473 474 477 480 481 484 486 487 490 491 496 497 501 509 518 521 526 529 530 535 537 541 542 545 549
140 4 23 24 25 31 35 39 43 46 64 70 74 76 77 87 90 91 94 95 97 99 105 120 121 125 126 129 130 131 132 133 135 144 145 147 149 151 153 155 156 160 170 172 174 175 179 189 196 199 207 209 211 214 216 218 219 221 222 225 226 232 246 247 250 251 252 258 259 261 262 264 265 266 267 270 271 275 279 280 281 283 286 293 295 302 306 307 309 311 313 318 328 334 336 341 345 346 367 375 377 381 398 402 407 413 416 419 421 424 434 435 436 437 440 442 444 451 456 460 461 462 463 467 468 479 481 482 493 499 506 510 526 527 536 541 543 548 551 552 553
115 19 25 29 31 32 34 50 53 58 71 76 80 93 94 100 105 110 114 115 119 124 130 133 142 143 145 149 159 164 165 168 175 179 181 192 199 209 215 221 223 229 237 243 246 254 257 260 261 262 265 268 270 283 291 302 304 307 315 318 320 322 323 327 328 331 334 335 339 341 346 367 371 376 380 381 383 387 397 400 402 417 418 423 427 437 441 442 445 447 449 450 456 460 465 471 473 477 486 489 492 493 495 502 514 517 519 520 523 526 527 537 542 546 549 550
142 4 6 10 11 15 17 20 25 27 29 40 47 51 52 53 54 56 64 70 72 74 79 83 91 92 96 101 107 108 112 113 118 120 133 135 137 146 149 155 158 160 161 162 164 165 166 174 175 177 179 185 191 192 197 199 203 204 207 208 212 219 221 223 224 236 237 238 239 242 244 246 249 253 258 261 265 266 269 270 272 276 277 279 283 291 294 299 306 307 311 314 316 318 322 323 325 337 340 344 349 352 354 358 359 361 362 369 370 376 377 378 382 391 396 399 410 412 413 414 417 426 433 435 452 456 461 477 483 503 506 508 513 516 517 518 524 535 541 543 546 549 555
128 4 8 11 15 17 29 32 47 50 57 63 69 73 74 79 87 90 96 98 107 114 115 117 121 124 130 138 139 140 144 146 148 150 152 154 158 162 164 172 178 182 188 199 204 207 209 211 215 218 220 221 222 228 231 233 234 235 237 241 254 263 277 280 281 284 288 290 291 292 293 297 298 317 321 333 337 340 358 360 362 364 365 377 378 379 381 383 388 393 395 396 399 400 402 403 404 406 410 411 416 429 431 438 449 450 451 455 456 459 461 475 479 494 499 501 505 508 510 514 518 526 533 534 538 542 548 549 552
131 1 5 6 11 21 22 30 33 35 38 41 52 66 67 73 77 79 97 101 105 108 112 114 116 123 126 134 136 137 151 153 154 163 171 173 174 177 179 183 188 194 196 199 204 205 206 221 224 225 231 242 244 247 251 252 253 257 259 263 269 285 289 292 293 296 309 319 320 322 324 328 331 333 337 342 343 353 361 367 369 375 379 385 396 398 401 405 414 416 417 420 423 425 426 427 429 434 440 441 444 449 450 451 452 458 459 460 465 466 471 475 478 493 502 503 505 507 509 512 513 517 521 533 536 538 541 543 546 549 556 558
145 3 5 20 23 28 29 34 36 37 48 49 56 57 61 62 73 79 80 81 83 85 89 94 98 106 107 109 121 122 134 137 141 145 161 163 167 175 176 177 178 179 180 182 187 188 189 191 197 204 207 210 212 213 214 217 218 227 230 234 237 241 244 250 254 256 257 259 266 267 268 269 280 289 290 292 299 301 305 314 315 321 322 323 334 335 336 338 339 340 347 357 361 364 365 367 369 371 380 381 382 384 387 395 397 398 401 409 413 415 420 422 424 425 432 439 447 452 457 459 461 462 465 474 477 480 488 492 497 502 518 519 525 526 528 529 531 533 536 539 540 541 546 550 551 553
133 1 12 16 23 42 48 49 50 59 63 69 70 71 82 83 84 86 89 90 93 98 102 104 106 112 115 126 129 135 137 143 146 147 151 160 165 172 176 181 182 188 190 195 198 202 205 206 211 220 223 232 233 235 241 247 248 249 251 253 254 258 266 273 277 278 284 289 300 305 311 323 324 326 338 342 347 351 354 358 366 368 377 378 384 399 401 405 407 408 410 416 418 425 433 436 438 441 443 445 448 451 452 456 458 461 465 470 476 478 482 483 488 494 495 497 498 499 500 502 507 509 510 513 518 526 537 538 544 545 548 549 552 558
142 1 2 10 12 14 18 21 29 31 33 37 45 46 47 48 49 51 52 53 56 58 63 64 68 73 79 80 94 101 102 103 109 114 118 121 125 128 131 132 135 136 140 141 143 144 151 161 162 168 173 176 178 183 187 188 193 195 198 200 201 209 211 219 220 222 226 231 235 237 244 252 257 264 268 276 279 280 284 285 289 291 293 297 301 304 316 322 327 328 329 330 331 332 344 347 349 352 360 362 364 371 372 376 378 390 395 400 402 406 410 412 417 430 438 448 459 462 465 468 472 485 493 496 497 498 503 505 507 516 518 525 527 532 535 536 540 547 548 551 552 553 554
125 3 6 13 23 24 36 44 51 59 63 65 67 68 69 77 79 82 85 88 92 102 104 105 111 115 119 121 123 129 144 146 147 161 164 171 172 175 177 180 182 183 187 194 201 203 211 226 228 237 238 241 247 251 253 254 259 260 261 266 281 282 285 290 304 308 310 319 323 329 333 337 338 341 347 348 353 360 362 364 366 368 374 383 394 395 398 399 402 404 409 413 415 419 420 427 428 431 432 434 438 439 447 456 458 466 467 469 470 474 475 478 485 487 489 499 500 503 504 520 525 528 533 544 547 556
121 4 14 21 24 39 40 43 51 57 64 72 74 87 92 101 107 108 109 111 115 117 119 122 127 132 136 143 153 165 169 170 172 184 185 191 194 197 208 212 218 219 221 226 228 232 236 237 239 241 250 251 252 258 264 271 275 281 288 291 292 297 308 309 311 316 317 334 335 336 339 340 344 345 346 353 358 360 362 365 369 371 373 374 377 380 384 386 388 398 401 403 412 417 420 425 434 436 438 439 440 450 454 456 472 475 483 484 486 489 492 499 501 504 512 514 536 541 544 545 551 556
147 1 3 12 15 20 26 33 35 37 40 45 46 49 53 54 57 61 67 74 79 80 82 84 86 88 90 93 94 95 99 104 105 113 116 117 123 128 137 143 155 157 161 165 168 176 178 181 182 188 189 190 191 193 195 203 205 207 213 216 224 228 229 232 238 240 246 250 258 259 268 271 272 276 277 283 288 291 292 295 296 300 302 311 315 322 328 333 334 337 338 347 351 355 356 360 365 367 369 372 375 377 380 384 392 397 399 401 403 407 413 421 425 426 429 432 433 435 437 438 442 448 449 453 454 456 463 467 473 478 481 485 492 498 501 512 513 516 521 527 533 540 547 549 550 553 560 564
144 15 16 21 22 29 31 39 41 42 43 45 46 55 61 73 76 78 81 84 87 90 91 92 96 99 107 109 114 128 131 139 142 144 145 153 155 157 165 168 170 172 173 175 181 184 187 189 194 197 198 201 202 203 205 206 217 218 219 226 227 237 240 242 243 244 251 253 254 257 259 266 268 269 271 275 276 278 279 284 289 291 304 309 310 335 339 344 349 366 373 374 379 380 381 384 386 388 391 392 394 396 400 402 412 413 417 420 422 425 430 443 448 451 455 462 463 468 471 472 476 478 480 484 488 491 494 497 503 504 507 512 521 525 532 536 537 540 546 547 549 551 554 557 563
132 1 9 14 17 19 24 25 26 32 34 38 40 41 45 46 49 56 66 72 73 79 80 83 84 86 102 103 104 106 114 121 123 127 130 132 135 136 153 165 169 170 171 175 176 177 184 190 191 192 196 199 207 208 214 220 221 228 232 234 238 240 241 243 249 252 253 257 258 263 265 268 270 271 272 283 298 299 302 307 310 315 316 326 327 332 335 339 340 344 346 352 357 359 378 379 387 392 395 402 406 417 426 428 438 441 444 445 446 454 458 459 468 475 478 480 486 498 503 505 507 517 519 525 536 537 538 541 549 552 558 560 564
129 4 9 14 16 17 18 25 28 30 35 36 40 42 51 53 57 59 61 66 72 76 77 87 93 100 103 105 112 116 120 131 136 144 145 148 152 157 166 168 169 174 176 187 189 209 213 217 229 234 241 251 258 262 263 272 282 283 287 289 295 298 300 302 303 306 307 312 318 321 322 331 335 339 341 344 348 349 356 358 359 360 366 367 370 376 379 382 383 386 391 392 393 395 401 403 416 421 429 434 440 443 446 450 454 465 471 474 475 477 480 489 490 499 502 505 507 513 516 520 524 527 530 531 536 540 547 557 563 567
144 2 9 10 11 14 22 26 31 42 43 46 59 60 63 65 68 76 80 92 95 96 101 102 110 111 112 114 125 131 132 135 138 147 153 156 159 160 165 173 175 178 181 182 184 188 189 191 192 198 199 205 210 213 214 217 218 222 224 227 229 237 240 244 245 246 251 253 258 263 267 275 279 280 283 289 295 301 304 310 315 320 324 325 330 337 344 346 349 350 356 363 364 366 378 380 382 386 390 393 396 398 402 407 415 418 422 435 436 438 442 445 449 451 456 460 463 468 469 470 476 478 482 483 486 489 498 500 504 505 508 509 510 518 522 533 534 537 545 549 551 552 557 560 564
149 3 8 9 26 29 32 33 34 35 36 37 41 52 53 57 58 60 64 70 71 72 75 76 83 87 88 90 92 100 102 103 106 107 108 111 114 124 125 129 131 137 142 145 148 150 154 156 160 175 178 179 182 184 191 192 193 204 208 211 223 231 234 236 237 238 242 243 246 248 254 256 259 267 281 285 290 294 301 303 306 317 318 331 337 347 349 355 358 366 372 375 378 382 392 393 397 399 403 405 414 417 420 421 426 432 434 436 438 439 445 448 451 453 460 462 466 467 469 470 473 477 484 487 488 492 493 498 499 501 502 507 510 511 515 525 526 535 537 539 543 545 551 552 555 556 557 563 564 568
148 1 2 6 7 9 10 19 26 31 34 47 56 76 77 78 79 80 81 82 85 103 108 110 115 119 125 129 131 136 138 140 143 146 147 148 151 152 155 160 163 167 172 173 175 182 183 191 192 195 200 201 209 212 213 216 220 224 225 226 229 231 232 244 251 255 262 263 264 265 267 276 280 286 296 297 304 308 311 327 328 335 340 342 343 345 346 347 352 353 358 364 365 368 371 372 375 383 385 398 404 413 418 419 428 433 437 442 443 446 447 451 452 455 458 460 467 471 474 476 478 479 481 482 489 499 502 503 506 513 515 516 522 523 524 529 531 537 539 540 543 545 550 552 555 556 561 563 566
126 1 3 6 8 9 12 19 23 30 32 39 47 49 57 58 64 69 72 73 76 81 85 86 91 94 97 103 106 107 111 115 134 135 137 149 156 163 167 170 181 184 189 192 194 201 203 204 205 209 210 215 222 223 224 226 230 236 245 250 254 261 263 267 268 269 272 277 290 294 299 301 305 306 308 319 320 322 324 333 334 335 336 337 338 345 351 353 356 363 370 371 373 382 392 393 403 408 425 429 430 437 449 450 457 469 471 481 488 489 502 513 517 531 533 534 541 542 545 547 553 554 556 558 560 563 564
128 2 7 14 16 24 29 30 36 37 39 40 41 44 49 56 57 59 65 68 69 71 72 81 90 92 94 95 106 107 110 112 119 120 129 136 137 138 143 144 148 152 161 167 172 173 180 181 183 191 196 198 204 210 218 227 230 232 254 256 259 260 262 266 269 279 292 296 300 301 304 308 318 320 325 330 341 342 354 366 367 375 378 384 395 396 397 400 408 414 419 422 423 431 434 435 441 446 448 456 457 458 460 462 469 471 477 488 490 492 493 494 495 496 504 510 513 517 526 533 538 540 543 547 553 561 562 563 571
124 9 11 13 28 32 38 39 50 51 53 55 56 61 76 82 84 87 89 98 107 110 113 115 126 138 148 153 155 165 180 184 185 186 191 202 204 215 216 224 230 231 232 238 241 242 253 256 258 260 271 272 277 284 289 292 297 299 300 305 308 315 316 318 322 330 338 340 341 342 344 348 349 350 353 355 370 371 380 381 389 390 392 393 396 403 404 406 413 414 417 422 430 431 444 446 452 458 465 466 468 474 476 485 488 489 493 494 495 496 497 505 513 516 518 522 527 533 535 536 539 543 548 558 573
142 1 4 7 24 32 37 38 40 42 45 47 59 61 62 69 72 74 79 85 87 88 90 91 92 93 94 96 97 100 109 122 127 128 129 136 140 141 143 152 153 159 162 164 166 174 176 181 186 196 199 218 225 228 234 245 246 248 249 250 252 255 256 259 260 263 265 274 279 290 299 302 303 310 311 313 314 317 327 330 333 334 344 347 348 349 354 362 373 374 377 379 380 387 389 390 393 397 401 402 405 417 418 421 424 425 428 430 431 434 437 440 443 444 448 452 455 456 462 463 465 467 470 477 479 495 496 497 509 512 516 519 523 526 528 533 536 544 555 557 568 572 574
123 3 9 13 14 15 16 24 29 39 40 43 45 46 47 50 52 59 60 65 66 73 84 88 95 97 103 110 111 113 120 122 127 135 138 140 147 149 153 154 155 159 162 167 172 181 184 186 193 196 199 207 211 224 239 240 241 242 243 249 261 262 265 272 273 274 278 279 284 290 291 292 295 297 306 307 317 320 334 338 339 347 349 352 353 362 368 372 376 379 385 389 399 415 424 430 433 446 449 450 457 460 463 464 465 468 470 471 472 492 495 499 511 521 525 526 527 545 550 552 555 556 562 575
142 2 7 8 9 10 13 15 21 27 31 32 34 40 42 52 56 65 67 70 73 78 79 80 85 90 92 93 95 99 102 103 110 118 120 122 137 140 143 144 151 154 156 160 173 182 184 186 189 190 195 196 198 204 211 213 215 216 219 221 224 225 234 237 243 247 250 251 255 260 262 264 271 275 288 291 292 294 303 304 307 308 314 319 321 330 332 341 345 346 357 359 363 366 372 378 379 381 382 392 395 397 401 404 408 412 414 421 432 433 435 446 452 457 458 460 463 469 471 472 473 474 475 486 488 489 493 495 503 513 518 519 523 525 530 538 554 556 557 559 560 572 576
124 2 3 6 9 11 13 38 40 43 47 50 52 57 61 64 79 80 86 87 89 91 93 96 97 99 101 102 111 114 115 126 128 132 133 134 137 146 147 148 156 164 165 166 167 186 187 188 192 196 212 219 226 228 237 244 255 256 261 268 271 275 277 278 279 283 295 297 301 302 304 309 312 313 314 324 325 328 333 334 338 344 348 349 352 359 382 386 395 405 407 412 420 426 432 435 441 443 444 446 448 449 455 464 471 476 486 489 491 492 497 518 519 523 524 530 537 538 539 541 545 557 562 570 573
133 7 8 18 19 23 36 51 56 59 68 74 85 88 92 99 107 108 117 119 126 128 130 138 139 141 155 159 162 166 171 176 179 180 182 186 193 197 199 205 208 215 217 218 224 232 233 236 241 242 251 253 260 262 263 266 267 271 273 280 301 304 305 308 310 313 315 320 325 326 330 336 337 338 340 341 350 351 354 359 360 367 371 376 378 381 383 386 388 392 400 404 412 413 418 421 423 424 441 449 451 452 456 457 469 473 475 482 488 489 492 494 496 498 500 503 510 514 518 526 529 531 536 541 542 544 553 554 555 563 567 569 572 575
127 1 9 13 16 21 28 30 38 40 45 51 53 55 56 62 63 64 65 75 77 83 93 96 100 103 104 106 107 108 111 113 116 119 122 124 144 148 152 154 155 159 180 182 189 193 194 216 220 225 227 238 240 242 246 247 251 258 262 273 282 287 290 291 292 298 307 322 330 336 339 341 343 346 349 356 361 362 373 376 381 395 404 408 414 415 419 428 430 433 434 437 444 447 461 463 466 467 469 472 475 477 485 489 490 491 495 503 505 506 509 510 519 521 523 525 526 534 535 541 550 551 552 555 558 565 570 578
152 1 2 4 5 8 10 13 15 16 21 22 33 35 45 46 64 65 66 70 75 77 80 81 85 87 91 102 108 112 113 122 128 132 135 137 140 141 142 143 148 149 150 151 153 154 155 156 159 162 165 167 169 174 175 179 184 192 200 201 202 208 210 211 212 219 223 225 229 248 250 260 261 270 271 273 280 286 291 292 295 297 302 309 310 312 313 314 315 317 320 321 327 337 343 344 347 352 355 358 363 375 381 382 394 396 397 402 412 414 417 418 424 425 431 434 443 444 448 449 450 461 464 466 467 468 470 472 473 484 486 488 489 490 498 499 504 506 508 509 514 518 523 532 535 541 543 547 560 563 572 578 580
140 5 7 8 16 17 18 19 22 23 25 52 53 57 70 77 80 91 101 103 105 122 126 137 138 142 144 147 148 150 153 154 155 161 163 164 168 169 172 176 193 212 218 228 230 234 236 237 239 241 250 251 254 257 258 267 269 271 272 278 279 280 285 289 290 292 295 300 306 308 311 314 324 325 327 334 335 338 339 343 356 360 361 363 368 371 373 375 377 379 383 384 390 397 398 404 405 408 410 413 416 420 428 430 442 443 445 448 450 459 467 492 495 499 500 505 506 507 508 509 513 514 517 523 525 527 529 530 533 534 540 542 545 546 549 555 559 567 569 570 581
141 1 3 5 11 12 16 18 20 25 28 29 33 37 65 75 76 81 82 90 98 101 102 107 108 114 117 124 128 130 133 144 148 149 154 158 163 165 171 182 184 187 189 198 201 205 208 209 216 222 230 232 233 239 242 245 246 252 254 255 259 260 265 266 271 273 274 276 278 279 285 287 294 309 313 316 317 322 331 332 338 343 348 355 357 360 362 364 366 372 377 384 385 387 393 396 404 408 414 423 425 427 430 440 450 451 453 458 459 463 468 469 483 485 498 499 503 505 508 511 514 516 520 522 523 524 526 529 534 537 538 540 543 546 553 559 562 569 575 577 579 582
130 4 5 8 9 12 21 24 42 48 53 62 69 71 76 77 79 93 95 96 97 108 113 130 142 147 151 154 162 163 167 172 183 191 193 196 211 213 218 220 231 235 239 243 245 249 250 252 253 256 259 264 277 279 283 286 287 289 292 294 295 300 302 308 309 310 315 317 326 327 329 334 341 345 352 356 363 368 370 373 374 384 386 389 398 401 410 413 417 419 420 423 424 425 431 433 435 439 440 441 443 447 452 460 465 467 484 493 494 498 504 506 518 523 526 528 529 536 541 542 550 551 554 559 560 563 568 573 574 578 581
141 1 2 3 6 16 17 20 22 24 25 33 35 38 41 46 57 64 68 72 77 79 85 86 99 104 108 109 111 113 116 121 125 130 138 145 149 150 154 157 164 165 173 185 188 189 192 201 202 208 209 215 221 226 232 237 239 250 264 265 268 278 284 289 291 293 296 314 330 331 332 334 342 344 348 350 358 362 364 366 369 375 379 380 385 386 387 390 402 404 405 408 411 413 415 416 420 421 423 432 438 439 443 448 450 456 458 460 466 472 473 476 479 485 486 487 492 495 496 499 502 504 505 506 508 519 526 530 532 533 552 561 564 565 567 569 572 573 574 575 577 579
145 3 6 12 14 16 20 23 24 28 33 35 42 47 51 52 57 61 63 68 82 87 88 103 104 117 118 119 123 128 129 130 132 139 140 144 145 152 153 155 167 175 178 185 196 199 205 208 210 211 212 216 218 223 226 232 235 241 244 252 253 254 257 259 265 284 295 298 311 314 316 322 323 326 331 332 333 334 338 339 347 349 351 353 355 358 373 375 378 381 384 388 389 395 408 412 413 419 428 430 432 436 438 439 450 452 458 462 466 469 470 471 479 481 483 485 486 489 491 497 499 500 503 504 511 514 519 523 525 538 539 540 541 542 544 550 554 555 565 566 569 570 574 578 579 585
137 1 3 14 16 17 20 22 25 32 35 44 47 52 57 63 71 80 83 84 89 99 109 110 112 116 119 126 127 128 138 140 143 145 154 159 163 165 166 167 168 172 179 183 185 187 195 205 208 213 214 220 221 222 223 225 226 229 231 233 236 240 241 246 247 261 262 263 267 271 278 281 282 290 299 300 304 307 315 317 320 327 333 339 348 349 350 354 355 359 367 372 375 380 383 396 397 405 410 411 428 432 436 440 458 466 469 471 474 478 480 482 484 486 487 488 495 496 497 498 500 506 518 520 521 522 529 532 538 539 540 545 548 555 557 559 563 586
128 6 8 10 11 12 14 23 26 37 42 45 46 56 65 66 92 93 96 98 100 104 112 115 116 124 132 141 142 146 147 156 159 160 161 164 165 166 169 171 172 183 185 193 199 201 202 210 221 236 237 238 240 244 249 253 255 259 262 267 283 286 288 297 300 301 307 317 319 326 331 333 336 338 345 346 349 350 351 358 363 372 387 391 392 393 396 399 410 412 420 425 426 429 432 434 435 436 437 442 445 446 447 463 464 466 469 472 473 478 480 484 488 492 494 501 503 524 529 539 548 550 556 559 565 568 570 580 583
128 7 25 27 30 34 36 38 40 42 43 45 50 55 56 59 77 85 86 88 92 107 111 122 124 130 144 147 150 154 159 161 162 164 165 169 173 174 183 186 192 195 202 204 208 220 225 226 230 237 240 246 250 251 255 258 268 270 274 276 277 279 288 293 301 307 309 311 312 315 323 338 340 342 349 350 353 355 361 363 364 374 378 381 386 394 395 400 407 409 414 426 430 433 440 447 456 463 465 468 470 480 484 489 494 497 499 501 502 506 507 508 514 516 518 520 521 524 526 528 530 531 541 546 554 564 567 577 581
133 1 3 4 16 20 21 24 41 42 50 53 56 57 58 64 71 76 86 87 88 93 94 95 96 98 99 103 105 115 117 118 122 127 136 137 138 159 161 162 163 175 176 178 182 190 193 195 198 207 217 220 226 228 230 231 237 239 242 246 267 272 274 275 277 279 281 284 310 311 318 319 320 331 335 343 349 355 356 358 368 369 374 380 384 394 400 402 406 410 414 423 424 432 433 434 436 444 446 452 453 457 459 464 465 466 470 474 475 476 478 479 481 486 490 491 506 507 517 520 529 534 538 550 551 552 553 556 563 564 575 576 583 584
143 3 4 5 11 13 18 21 25 30 36 38 43 47 53 57 64 65 69 70 71 73 76 79 81 84 85 91 102 103 104 106 108 110 111 115 132 140 142 145 147 148 163 170 173 181 184 185 190 191 194 195 198 203 205 209 217 225 226 228 247 255 258 265 269 272 275 279 282 288 297 298 302 305 310 313 318 319 321 323 327 329 340 341 345 347 349 358 359 361 367 373 377 386 392 400 408 412 418 421 423 424 427 430 432 438 441 448 450 453 455 457 459 462 465 470 474 477 490 495 498 501 502 512 516 517 518 523 534 539 549 551 557 559 560 561 562 570 571 572 574 577 583 584
145 3 10 19 20 22 28 32 33 34 36 47 57 59 70 72 75 79 81 82 85 87 89 93 96 97 98 99 105 118 120 123 124 127 132 134 144 149 161 164 166 168 170 176 179 181 185 186 189 198 204 205 211 213 218 219 224 231 235 236 249 252 253 258 263 269 270 271 279 284 286 288 289 291 299 300 304 307 310 315 322 323 326 333 336 345 359 360 361 369 370 374 379 384 393 394 395 396 399 400 402 404 418 419 424 429 434 440 449 456 460 462 472 484 488 492 498 501 503 504 506 508 510 515 518 519 520 524 527 529 534 536 537 540 545 548 549 550 552 556 558 564 569 573 578 591
134 10 15 19 24 25 32 42 43 48 61 62 68 72 76 80 84 92 94 98 104 108 115 117 123 127 133 134 139 148 149 154 158 160 162 165 168 171 175 182 188 200 207 213 220 226 229 231 239 240 248 249 252 254 256 264 279 285 291 292 295 297 300 312 321 332 335 337 341 347 354 366 372 375 376 378 380 386 388 392 393 394 398 399 406 409 420 423 424 433 434 437 443 448 451 454 455 463 464 467 470 473 474 476 478 492 493 498 505 508 509 518 523 525 526 528 532 534 539 541 542 547 550 554 565 567 571 575 576 578 579 581 583 586 588
131 3 11 16 21 24 27 36 40 44 50 51 54 55 57 67 69 71 73 78 80 81 82 92 96 103 106 116 117 123 125 126 127 131 135 138 142 155 159 175 181 182 184 185 187 188 196 201 204 206 208 210 219 222 223 226 228 230 234 244 248 251 257 264 265 266 269 278 279 280 284 285 289 293 294 306 309 312 318 328 334 337 341 345 350 352 359 365 368 369 377 382 388 391 400 407 408 416 427 435 438 441 442 445 448 452 456 460 461 469 473 474 489 493 510 516 522 525 529 534 542 544 549 552 554 555 556 564 571 585 590 593
155 3 5 11 12 15 33 42 43 45 47 48 52 55 60 62 73 75 78 85 100 108 120 127 133 137 142 143 148 151 153 154 157 158 170 176 180 182 188 193 196 197 200 203 205 212 221 231 235 237 239 240 241 247 248 255 259 261 263 266 270 271 276 277 284 298 301 302 305 309 311 312 313 316 318 319 324 325 337 341 349 352 357 358 359 361 362 369 371 372 383 386 390 391 393 395 404 408 420 426 436 445 448 455 456 457 459 460 461 464 466 467 468 469 470 471 473 474 477 482 485 489 498 499 508 509 516 520 525 527 530 538 540 542 543 544 548 549 550 558 559 562 564 569 570 571 572 573 574 575 576 577 583 585 586 593
126 4 12 13 15 20 22 28 32 33 38 43 47 70 73 74 79 80 86 97 99 102 105 110 115 120 121 124 128 131 132 139 142 144 150 154 164 165 169 170 171 174 180 184 187 191 192 200 201 205 210 222 224 234 240 242 246 254 256 261 265 266 267 271 273 289 292 293 294 295 298 300 306 314 321 325 340 342 344 346 347 350 354 357 360 376 377 393 395 406 409 427 428 429 430 431 433 437 439 448 456 462 464 469 477 486 490 498 502 506 511 520 522 523 525 531 540 559 566 568 572 578 584 585 589 590 591
137 6 16 21 28 38 44 45 52 55 59 63 81 82 83 99 101 107 113 123 124 128 129 132 136 137 146 148 149 152 155 165 166 168 172 173 174 177 189 190 192 193 195 202 209 211 221 225 227 232 239 243 247 250 251 257 261 263 265 280 286 287 290 299 300 302 305 306 310 315 335 337 342 356 357 358 361 366 368 370 371 377 380 381 390 392 394 400 405 407 408 409 411 413 418 424 427 429 430 435 437 444 449 458 460 461 464 465 466 476 477 481 482 483 487 497 502 506 508 511 513 529 531 540 541 546 553 555 560 563 565 573 574 580 582 585 587 591
134 2 5 7 25 29 39 46 47 48 50 55 65 78 81 86 89 90 93 95 98 101 102 105 117 119 126 127 132 137 138 139 142 145 151 152 153 157 166 167 174 175 176 180 183 184 195 196 203 206 207 213 215 218 222 234 240 241 254 259 267 271 276 277 287 288 289 293 294 301 306 307 314 316 318 321 325 330 346 349 351 353 354 356 358 361 370 371 376 401 404 409 412 420 426 431 442 452 454 455 461 464 469 470 471 473 474 480 481 484 485 494 495 498 502 505 508 510 516 532 539 540 547 551 552 553 554 564 569 572 585 587 588 593 597
129 3 9 18 19 21 28 29 36 38 39 40 55 57 58 68 73 77 79 85 91 92 93 104 106 108 109 115 118 119 122 123 127 143 145 147 148 154 155 158 165 166 171 172 183 188 191 195 203 224 227 228 229 233 239 244 255 263 271 281 289 290 292 293 300 302 306 310 311 319 325 331 335 345 350 352 353 366 371 383 393 394 396 399 403 405 410 411 414 422 432 434 436 441 444 447 451 459 466 467 469 477 479 480 481 491 497 503 508 516 541 542 544 552 555 558 564 565 568 570 571 572 573 576 578 582 586 593 594 596
148 2 3 5 9 10 13 18 20 21 23 27 32 37 40 46 47 49 61 64 65 66 69 70 71 75 77 80 84 98 100 104 107 108 113 117 118 121 125 126 133 136 137 143 144 153 158 166 171 172 185 187 200 209 214 215 216 222 229 238 241 243 246 256 258 263 265 278 283 288 291 292 297 299 301 308 310 312 318 319 320 325 327 328 340 342 344 346 357 372 375 379 380 383 385 393 395 406 407 410 413 414 415 419 423 424 427 436 440 447 448 450 452 453 455 458 459 462 463 466 468 471 473 475 488 495 503 506 511 514 526 533 545 552 553 556 569 572 573 581 582 583 584 587 590 591 592 594 597
139 5 8 22 24 25 27 30 32 34 35 38 42 48 50 51 58 60 67 73 79 82 89 90 92 99 105 107 120 139 153 158 161 162 171 172 176 178 185 186 187 188 195 196 200 205 207 212 215 217 220 222 232 233 242 250 253 259 271 278 281 283 285 287 289 290 298 309 312 316 327 329 331 335 342 371 373 375 377 380 381 382 383 387 393 395 406 412 413 420 422 424 426 433 435 439 440 442 443 449 451 459 461 463 466 470 476 477 480 481 482 489 490 495 503 505 507 510 513 523 526 529 530 542 546 550 551 552 555 557 558 561 564 565 574 577 586 587 596 597
161 3 5 7 8 13 18 20 21 25 27 29 34 48 51 55 59 60 62 64 74 80 81 82 85 87 98 100 103 107 108 113 117 119 123 126 138 139 146 153 154 158 159 162 166 174 177 180 181 183 186 192 194 196 200 204 207 208 216 217 218 219 222 224 230 232 233 237 238 240 244 245 249 252 255 259 264 266 268 269 270 277 282 289 290 291 295 296 308 310 311 315 324 325 328 331 337 340 344 345 351 353 372 374 376 378 379 386 388 389 391 396 397 398 405 411 412 417 422 423 424 428 429 432 439 449 450 463 472 475 479 480 481 489 490 497 506 509 511 512 514 519 527 532 533 535 537 539 540 542 544 546 555 557 558 565 569 571 574 584 599 600
142 7 10 16 25 26 30 33 41 44 49 50 52 53 56 57 61 63 64 66 67 68 71 72 73 81 82 85 86 88 92 94 95 102 103 105 108 109 112 113 114 116 117 121 149 151 152 165 171 172 178 179 181 182 193 194 198 200 207 208 210 217 221 229 234 238 247 249 260 263 264 266 278 287 288 290 296 303 307 318 325 331 332 336 344 348 349 355 359 368 375 377 378 380 383 387 388 391 396 405 427 428 430 433 435 437 442 447 449 450 457 458 477 482 484 490 496 499 504 505 510 514 518 521 524 529 531 535 537 544 549 551 562 576 578 582 585 592 593 596 598 599 602
150 2 4 10 16 19 20 28 29 32 34 35 36 43 44 45 54 60 65 70 71 72 73 76 77 80 82 83 97 103 104 106 111 120 126 127 129 138 146 153 155 158 160 172 177 182 190 196 197 201 202 204 207 208 212 221 222 227 242 245 254 259 261 274 285 287 294 295 301 305 309 312 313 314 321 326 327 331 335 339 340 343 364 365 369 371 375 378 381 385 386 393 394 395 396 405 410 411 412 413 418 419 420 429 431 432 433 434 435 436 439 441 449 451 459 460 461 463 464 466 472 473 477 479 487 488 489 491 493 501 503 505 506 509 517 518 521 524 528 530 531 536 541 555 559 574 581 582 584 592 594
135 3 17 19 26 43 44 53 59 65 84 93 98 100 106 107 108 110 119 120 125 126 127 132 133 142 144 154 156 158 161 170 171 173 174 175 176 178 180 194 195 196 204 208 211 219 227 229 235 237 246 249 250 254 256 261 265 266 269 281 284 292 293 301 310 312 315 322 325 329 332 337 338 347 351 353 355 361 365 367 383 385 388 390 391 393 395 399 400 401 402 421 423 429 431 432 439 450 454 464 473 478 487 488 493 498 499 500 503 506 510 512 515 521 530 533 539 540 541 543 544 545 546 547 560 568 579 583 586 588 589 590 599 600 601 603
148 1 7 10 19 21 29 31 32 34 36 37 40 43 44 45 47 48 55 65 67 72 74 75 78 79 82 87 88 90 96 98 109 121 126 127 135 139 161 166 168 170 174 177 181 186 196 197 200 202 212 215 216 219 220 226 228 244 248 251 253 257 260 261 268 270 274 279 281 292 295 301 309 313 314 325 328 330 336 341 343 344 347 352 355 358 361 365 380 385 394 399 402 411 413 414 415 426 427 429 434 435 438 447 448 449 452 454 459 467 469 470 473 476 478 479 486 490 495 498 501 504 506 508 509 518 519 524 529 530 532 539 541 544 545 554 556 559 565 566 569 571 576 577 582 583 592 593 594
128 5 11 13 16 17 34 38 40 41 45 47 50 51 54 55 57 58 65 66 70 76 79 80 85 88 89 90 93 100 102 114 120 124 125 129 130 135 146 152 159 160 162 169 176 179 180 183 185 190 211 214 217 218 228 232 235 239 240 245 252 253 254 262 270 279 280 302 303 308 316 325 326 346 348 349 356 365 372 375 377 379 383 389 390 395 396 413 414 417 419 422 423 424 432 437 440 443 446 452 454 457 478 485 487 489 491 492 498 500 502 512 513 515 516 523 525 535 539 549 561 564 567 574 579 585 593 596 605
151 13 14 20 23 25 29 32 42 47 48 50 54 55 60 63 73 84 90 92 101 102 103 105 107 124 136 147 148 150 153 159 160 161 162 163 165 166 174 175 184 188 190 191 199 201 206 213 219 221 224 231 233 234 242 250 252 253 256 257 261 269 275 278 280 282 283 284 285 286 287 289 290 295 304 307 308 310 311 314 316 317 319 322 327 328 333 337 341 342 348 350 355 358 363 368 372 375 379 384 387 397 401 403 404 406 408 410 413 416 417 420 425 430 431 437 441 442 448 450 453 455 460 461 473 478 489 490 493 494 505 506 512 515 517 518 524 525 530 531 546 550 560 561 565 574 578 579 584 590 594 595
142 5 17 22 27 37 38 39 41 43 48 54 57 61 62 68 70 72 73 75 80 81 84 92 97 100 103 107 112 118 121 126 127 136 142 150 151 152 156 158 159 161 162 163 171 174 176 177 179 180 182 183 184 186 200 204 206 209 213 214 216 219 223 227 229 232 234 240 242 243 263 264 266 269 270 272 273 275 277 284 286 289 291 295 299 300 301 304 305 306 309 312 318 325 335 343 346 363 367 371 378 380 388 397 400 404 416 417 432 438 441 444 460 461 463 466 470 473 474 478 482 491 493 498 501 505 510 513 517 518 522 525 527 528 531 537 551 558 560 562 563 578 580
152 1 5 6 14 15 18 24 29 31 32 39 42 45 54 58 60 68 73 74 79 83 88 94 96 103 106 111 115 119 121 127 128 131 136 139 140 142 147 150 152 160 169 174 183 184 186 192 201 210 213 221 226 230 231 232 240 244 245 247 256 271 273 276 284 297 300 301 310 316 318 319 320 322 323 326 327 329 333 346 354 367 368 370 371 372 374 379 383 384 389 397 402 405 406 412 415 416 418 422 425 427 432 436 437 441 444 445 446 448 449 459 463 464 468 474 477 478 481 495 501 507 508 511 512 515 516 519 521 522 524 528 530 542 545 546 547 548 556 558 559 561 562 568 570 572 573 579 581 582 586 591 607
139 3 6 20 21 24 31 33 35 37 41 43 45 60 63 66 76 78 83 84 85 88 91 96 97 108 113 114 116 124 125 127 130 132 137 138 140 141 146 147 152 156 157 161 163 165 170 171 183 185 186 199 211 215 228 231 232 234 237 240 247 251 252 253 261 266 276 284 291 301 307 309 310 315 321 329 331 333 335 338 351 358 361 362 363 366 367 371 372 379 380 385 405 420 423 424 430 432 434 435 438 440 446 453 454 455 456 457 460 464 469 473 477 487 489 490 491 492 493 499 509 513 514 515 525 527 528 529 535 540 543 546 549 555 568 579 581 590 595 607
148 5 7 8 11 13 14 18 20 21 22 23 27 29 34 35 37 38 40 45 49 58 61 62 67 71 93 96 99 109 111 112 116 119 132 133 136 141 147 151 158 164 167 171 177 178 182 192 195 200 201 204 206 211 213 217 218 224 225 226 228 229 236 237 240 244 245 247 250 266 272 277 282 283 288 291 292 293 295 301 304 319 320 326 333 336 337 338 346 348 350 359 360 361 368 370 378 379 383 386 389 396 398 402 405 406 407 412 415 423 425 431 445 449 451 454 456 457 459 471 478 479 487 488 489 492 504 513 516 521 522 525 526 534 536 541 545 550 555 557 559 564 565 570 572 593 598 602 605
153 2 4 13 17 21 25 27 30 34 36 39 47 48 53 55 56 59 65 67 76 77 83 84 85 99 101 109 120 127 128 129 133 138 139 150 155 160 163 164 171 182 188 189 194 211 215 217 221 225 229 230 235 239 247 257 260 261 271 281 283 289 291 292 298 300 306 307 308 311 322 327 330 331 332 333 338 341 345 349 350 354 357 363 364 376 389 397 398 402 408 410 412 415 416 418 419 421 423 424 426 428 433 435 437 438 442 446 447 448 450 455 460 462 470 471 475 479 482 490 499 501 504 507 510 514 518 521 523 525 530 535 537 538 542 543 549 553 555 558 559 562 564 566 575 579 582 585 591 592 605 609 610 612
148 3 8 20 22 23 26 36 39 45 46 48 50 53 56 57 58 59 60 62 69 71 76 77 82 95 101 102 109 116 119 126 128 136 142 144 147 149 150 151 153 157 159 165 168 175 177 182 187 190 195 196 197 207 208 214 223 228 234 235 238 244 247 255 256 263 275 278 279 280 282 285 291 301 305 306 312 316 318 324 328 329 332 338 346 350 357 360 367 369 374 394 400 405 406 415 419 424 429 430 435 444 445 447 449 453 454 455 457 458 463 464 468 469 471 475 476 481 482 485 496 497 502 509 514 521 541 544 546 549 553 554 555 556 558 565 566 567 569 570 574 576 577 578 579 595 600 601 611
150 2 3 6 8 9 22 25 36 41 44 49 59 65 69 70 90 95 102 113 116 117 118 123 127 130 133 134 138 140 143 146 147 148 150 155 158 159 162 169 170 174 181 187 193 194 202 204 206 219 220 221 227 228 234 246 249 251 262 269 273 274 280 283 285 287 289 292 295 296 297 299 302 316 319 320 322 329 333 339 344 350 351 353 359 360 368 370 371 375 379 391 392 394 401 404 409 411 412 413 418 428 430 433 434 443 446 448 449 450 456 458 468 471 479 480 484 494 497 500 501 505 507 509 519 521 523 529 531 533 538 542 544 552 555 558 563 571 579 585 586 587 590 592 593 596 602 606 609 611 613
149 2 7 14 15 18 22 26 27 32 34 35 36 39 45 55 61 75 76 77 78 79 80 86 91 93 97 102 103 106 107 112 122 127 131 132 134 147 150 152 154 155 160 163 165 166 174 176 186 187 202 203 210 214 218 219 222 223 226 240 241 246 248 250 256 257 259 263 264 268 269 270 271 272 276 278 282 287 291 297 305 309 315 326 335 339 340 343 345 346 347 352 356 357 361 362 363 368 374 382 384 395 396 398 401 404 406 412 415 416 418 422 428 432 450 452 455 457 459 464 468 469 485 496 500 513 515 517 518 523 526 529 530 534 538 539 542 550 564 574 581 583 584 589 593 595 607 608 610 612
161 2 5 8 9 11 13 14 20 25 36 41 44 51 57 59 62 69 79 84 92 94 96 102 103 104 107 120 123 129 130 135 140 146 149 150 154 168 173 175 176 177 179 183 190 194 196 200 204 208 213 214 215 219 220 227 230 232 243 244 247 251 253 256 259 268 275 277 278 280 286 298 299 300 302 305 310 318 321 324 325 327 328 329 334 336 340 344 348 352 353 354 357 363 366 369 375 376 379 382 388 405 408 413 415 416 422 426 430 432 435 437 441 447 451 452 453 460 463 469 474 477 479 482 490 491 492 495 501 504 507 510 519 520 521 526 527 528 532 535 539 540 542 543 544 547 550 554 561 567 575 579 585 586 589 599 604 608 610 612 615 616
151 10 11 13 14 23 24 30 38 41 52 55 58 66 78 81 91 92 94 102 105 106 112 114 116 119 121 122 127 130 132 136 149 153 155 158 159 162 165 166 177 178 180 195 196 199 200 219 220 222 224 237 246 247 248 249 250 255 257 258 260 276 282 286 288 290 299 303 309 310 312 313 322 324 326 327 330 332 336 338 339 340 350 363 367 369 378 386 387 388 390 393 402 406 410 411 419 421 422 426 433 436 437 441 442 445 446 451 452 460 461 462 463 468 470 475 478 480 485 486 487 492 496 497 498 500 501 503 506 535 538 545 547 551 553 555 557 563 568 571 573 575 581 586 592 595 602 606 608 610 611 614
123 7 9 11 24 38 40 41 66 73 78 79 86 96 98 102 105 106 120 124 130 138 139 141 145 154 161 167 170 190 191 195 202 206 207 213 216 218 230 233 240 247 253 257 260 264 269 282 286 296 303 305 316 322 328 329 335 341 344 349 350 351 361 362 369 370 374 383 385 389 390 404 406 414 417 424 427 430 438 441 442 444 447 457 458 461 466 468 475 476 483 491 492 496 500 501 502 507 513 516 517 523 532 533 538 540 549 551 554 555 558 561 563 567 579 583 584 587 600 603 604 610 611 618
145 3 14 15 16 20 21 30 33 39 49 51 56 60 63 64 66 70 72 86 95 103 104 107 113 120 122 126 131 133 136 137 142 144 155 163 173 175 177 179 184 187 188 200 202 205 211 214 221 224 229 234 238 239 243 246 249 252 260 264 268 273 274 276 278 281 283 286 287 288 309 313 315 316 347 353 361 365 369 370 376 377 378 380 381 382 389 392 406 417 419 420 421 423 426 428 429 430 431 433 442 446 457 459 461 466 470 480 482 485 489 490 492 495 497 503 505 509 515 518 519 523 525 536 541 547 549 551 557 560 561 562 563 564 570 573 576 578 581 596 599 602 605 607 610 611
133 2 3 14 15 21 24 29 37 47 53 60 62 65 70 74 82 87 88 90 95 100 102 104 108 109 110 118 139 141 143 152 155 156 159 163 166 167 169 179 185 199 211 229 231 235 238 239 245 260 265 267 273 277 279 284 289 300 305 306 310 313 322 325 326 331 333 337 344 345 346 350 352 361 368 377 383 390 398 401 402 403 407 414 422 432 433 434 437 439 442 446 453 457 458 459 461 468 471 473 480 481 484 485 489 493 495 497 498 503 505 508 512 520 530 533 543 548 549 553 554 557 559 565 566 568 572 589 594 597 598 606 613 620
140 5 8 12 13 17 35 36 37 39 40 47 53 63 68 84 87 96 105 107 116 117 118 122 124 127 128 133 136 139 149 169 171 177 180 191 192 193 196 207 210 213 231 234 240 241 243 244 255 258 261 262 266 268 276 282 284 287 289 294 295 297 299 301 311 312 313 314 316 325 330 335 339 340 341 343 344 346 352 361 373 380 382 387 389 395 397 401 407 413 417 425 426 430 433 439 441 443 444 445 450 452 458 459 466 467 469 470 477 482 493 506 507 514 518 521 522 524 526 527 530 533 541 545 546 547 548 556 572 576 581 584 590 591 592 611 612 613 616 618 619
144 4 5 13 25 30 33 43 60 66 70 73 74 76 78 81 92 93 95 97 110 130 134 147 149 150 157 158 165 172 175 183 184 185 186 190 193 196 198 200 201 202 205 209 215 216 218 223 224 226 234 240 242 248 249 250 251 259 266 269 274 279 290 292 295 298 302 305 307 313 316 318 321 322 323 331 339 342 343 344 346 357 361 369 376 390 397 399 402 403 404 413 416 417 422 432 437 447 451 455 457 458 460 466 467 469 479 480 488 499 500 503 508 522 524 528 530 532 537 538 540 545 546 554 560 562 564 573 575 577 578 586 593 594 596 600 601 605 606 609 612 613 618 619 620
148 4 12 15 25 26 27 29 30 34 40 42 44 46 49 51 57 58 61 65 66 71 80 85 90 92 93 95 96 102 112 114 117 121 128 129 131 133 143 144 150 151 152 157 164 170 171 176 177 178 179 182 185 190 193 197 198 199 204 206 209 210 212 215 218 220 225 236 239 241 245 246 252 254 258 261 265 272 275 276 279 283 294 299 300 304 314 326 332 345 355 358 359 367 374 381 382 384 388 396 398 400 402 407 412 421 435 438 446 447 451 456 469 470 471 477 481 483 486 488 489 496 498 500 504 505 507 509 512 515 516 519 528 532 533 541 549 553 562 563 567 572 577 580 591 592 605 609 611
139 3 4 6 9 10 12 23 25 27 28 34 35 40 46 52 57 59 64 73 78 96 104 106 110 112 116 122 128 132 136 140 144 147 150 153 159 164 188 191 194 195 200 204 210 214 224 226 231 232 234 243 245 250 251 254 257 263 264 268 279 287 299 300 303 307 308 313 314 322 327 329 332 333 340 341 344 358 361 365 366 367 370 374 382 383 392 395 400 409 412 416 427 432 433 439 453 454 456 457 461 466 468 479 489 493 501 511 513 518 519 522 526 528 529 534 536 541 550 551 556 561 564 565 566 568 569 575 576 579 583 589 595 600 603 606 607 608 613 615
152 6 15 23 25 27 30 32 35 36 41 42 47 48 54 55 59 63 73 87 94 98 99 100 101 107 114 115 119 133 137 142 148 154 165 166 175 181 183 185 189 192 197 199 203 211 214 216 221 227 232 234 235 238 239 244 249 255 257 260 261 262 265 266 269 278 285 287 289 295 296 298 299 302 303 307 309 318 320 321 322 324 325 332 333 348 350 352 360 361 364 367 372 374 377 385 386 391 392 394 400 405 412 415 418 421 431 434 439 440 445 449 450 457 461 462 467 470 474 476 487 498 499 505 514 520 523 532 533 534 539 540 546 548 549 550 552 553 557 561 563 570 575 580 582 590 601 603 608 613 615 621 624
158 4 6 11 14 16 18 21 27 28 38 41 45 46 55 59 60 62 71 76 81 84 92 98 100 106 110 111 116 120 123 126 129 130 132 136 139 143 145 150 154 155 157 158 161 162 164 167 169 170 172 173 177 180 190 194 199 200 201 208 210 218 224 226 240 243 244 259 263 270 273 280 281 282 293 297 299 305 306 307 312 313 315 317 322 323 324 326 328 360 362 368 369 371 376 387 389 391 394 403 414 419 430 433 435 437 443 445 446 449 450 451 454 461 462 464 469 470 473 474 475 479 481 482 485 486 491 492 495 498 501 502 503 504 508 510 511 521 525 526 532 547 549 554 558 586 593 598 603 605 606 607 609 610 614 615 618 622 626
162 2 4 12 14 19 24 25 28 30 32 35 37 39 46 52 59 60 62 68 75 76 82 85 89 90 93 99 101 106 107 113 114 119 120 125 134 137 138 139 146 147 162 164 169 171 179 180 182 183 194 206 207 211 221 222 231 238 242 247 252 253 259 266 272 277 282 283 284 285 287 291 296 303 306 309 310 311 312 314 315 320 323 325 329 336 337 340 343 348 354 356 357 359 362 364 369 373 380 384 386 396 409 410 415 419 421 423 424 429 434 437 441 447 461 468 475 479 486 489 496 499 501 502 504 505 506 507 508 509 510 529 530 531 532 533 540 541 549 552 554 557 558 562 570 574 575 577 579 580 582 590 591 597 599 600 601 603 606 611 617 622 625
145 6 8 15 17 20 24 32 33 43 48 52 56 59 64 67 70 77 82 84 93 94 107 110 113 115 116 119 125 127 129 139 141 145 148 150 153 169 170 179 183 185 194 197 202 207 211 213 214 216 222 223 230 233 238 241 243 247 249 250 258 263 264 268 269 274 283 286 287 296 308 309 313 316 318 319 324 326 339 344 347 348 357 365 367 369 371 373 378 391 398 402 407 412 415 419 424 428 438 442 444 445 449 451 455 456 465 466 470 471 473 475 477 479 483 484 492 502 504 509 511 523 529 534 539 541 544 551 553 561 562 563 568 573 575 576 581 588 590 594 596 600 617 621 626 627
146 4 11 17 25 28 30 37 38 40 41 44 45 47 48 51 52 54 55 56 57 58 59 60 61 68 71 75 79 80 85 88 90 92 96 106 107 108 119 123 129 138 140 147 158 160 162 163 173 174 178 182 184 186 187 188 189 194 198 200 204 205 208 210 215 217 219 220 222 224 226 233 236 255 269 270 272 283 291 297 298 304 307 310 311 314 315 318 327 339 341 351 363 364 365 367 369 379 385 388 390 396 403 422 429 431 434 436 437 443 444 448 457 461 462 465 468 479 484 486 506 525 536 542 543 544 546 552 556 562 569 581 583 588 589 590 591 597 600 602 603 607 614 618 619 620 628
160 8 14 23 24 32 39 42 53 60 61 63 69 73 74 79 88 92 96 97 99 109 118 124 127 131 133 137 138 147 148 149 153 154 159 162 164 166 167 170 176 179 182 183 187 188 194 196 206 209 212 217 219 220 228 238 239 241 249 250 257 274 275 277 280 282 283 284 293 299 302 303 305 324 325 327 331 333 335 343 344 350 359 362 366 367 371 377 385 392 393 394 395 401 406 411 413 416 423 429 430 433 434 437 439 440 443 444 447 448 449 458 460 462 470 471 475 480 481 482 484 490 493 494 498 503 511 515 518 524 525 527 530 532 535 541 542 545 552 553 555 558 564 565 568 571 577 578 580 581 586 590 596 599 602 609 617 619 620 621 625
170 1 14 16 17 25 29 30 40 44 47 53 54 56 57 67 70 73 77 78 79 80 82 92 94 95 101 102 103 107 115 117 120 121 124 126 139 140 142 143 147 153 155 160 161 164 165 174 175 178 184 185 189 190 193 194 203 205 207 212 214 218 223 224 226 227 233 237 240 243 251 253 257 260 265 266 267 268 272 275 278 281 283 285 292 299 311 312 314 315 316 319 324 326 328 329 332 333 340 341 344 347 355 360 363 365 370 375 380 381 386 406 407 408 412 415 417 424 425 439 443 444 447 464 466 467 471 473 474 476 477 484 487 488 492 497 509 510 511 512 514 518 523 524 537 540 542 543 548 549 560 562 563 569 570 571 572 573 576 584 591 594 595 597 599 604 620 624 625 630 631
134 2 3 6 8 11 13 14 17 20 34 37 38 48 51 55 57 65 75 76 77 79 87 90 94 104 111 114 118 120 121 136 142 147 154 158 160 166 170 172 173 174 176 179 183 184 189 192 195 201 211 216 224 231 232 241 248 250 266 284 285 299 308 314 322 323 324 328 329 331 332 336 338 353 354 358 360 361 369 381 384 394 398 405 406 407 408 414 415 429 433 434 438 442 445 455 459 462 463 464 465 466 470 473 476 479 501 503 511 520 522 525 527 534 537 548 553 555 557 559 571 579 584 588 591 592 593 594 600 602 608 614 621 623 629
146 3 4 9 10 13 14 20 21 26 34 36 40 41 42 45 48 52 54 57 61 64 66 69 70 72 73 79 92 99 103 114 116 119 128 142 143 144 145 147 155 159 160 162 171 174 184 185 191 194 203 204 207 209 210 212 217 218 221 223 230 233 236 242 249 263 269 272 273 277 279 280 283 287 307 312 318 319 322 326 327 332 345 351 352 358 360 363 364 366 370 374 383 388 400 401 402 405 409 411 413 416 419 421 423 425 431 432 435 438 444 447 454 461 463 466 474 479 490 491 498 507 508 514 517 519 523 531 533 541 548 550 551 552 553 554 560 570 577 581 588 597 608 610 614 627 632
150 4 12 13 18 20 23 26 29 30 35 41 49 50 56 57 66 67 69 70 80 83 86 88 101 102 104 105 107 111 112 116 122 126 131 134 137 143 148 150 155 157 167 168 173 175 182 184 186 189 197 203 209 210 214 221 223 237 248 250 251 252 253 264 268 269 281 288 289 293 304 305 307 309 310 311 315 319 320 334 338 340 345 347 349 354 355 359 360 361 368 370 380 383 387 388 391 394 395 412 414 416 418 419 425 433 436 440 445 448 450 455 469 471 473 490 498 503 507 509 510 512 522 531 534 539 546 547 550 553 560 564 569 578 580 585 588 589 591 593 594 601 602 609 610 611 614 617 619 626 629
146 1 4 5 6 11 14 16 17 23 26 41 42 43 53 57 73 77 81 82 88 91 93 97 98 103 104 106 117 136 139 141 147 157 158 162 164 165 167 177 178 183 197 200 205 213 216 221 222 231 236 237 240 242 247 251 255 258 259 260 271 274 275 280 281 284 286 287 291 292 295 297 298 299 302 304 308 321 325 326 331 333 334 338 343 344 345 348 350 355 389 390 396 402 403 413 418 420 425 429 443 444 448 452 455 456 460 461 478 490 497 498 506 508 514 527 529 530 534 535 537 538 539 540 543 544 545 547 548 549 552 555 558 572 573 581 584 590 591 593 597 600 606 612 618 620 630
167 1 3 13 16 19 20 34 43 44 45 46 49 51 59 62 63 65 67 70 74 92 93 96 97 109 114 117 119 122 125 129 132 133 144 151 152 153 162 166 171 174 176 182 191 192 196 198 199 212 215 221 223 224 225 230 231 234 243 244 250 255 257 258 264 268 269 275 280 284 292 294 300 302 307 308 309 310 312 320 321 327 333 334 336 341 344 346 350 355 368 369 371 374 377 379 381 382 386 389 394 396 400 401 406 407 408 409 412 414 418 422 427 431 436 447 453 460 461 463 474 487 488 489 490 495 500 507 508 509 510 514 523 531 532 534 537 542 544 547 550 552 558 559 562 566 568 569 570 571 576 582 588 592 593 594 598 599 601 603 608 613 618 623 626 627 629 631
165 7 9 12 13 14 16 22 24 27 28 31 32 37 38 41 46 47 48 49 55 56 66 67 70 72 77 83 86 94 96 98 102 104 105 108 110 112 113 114 115 121 126 130 132 133 136 142 155 159 165 167 172 181 183 184 187 192 203 208 211 215 226 228 231 237 238 256 261 262 264 272 278 284 289 294 295 296 297 303 305 307 308 311 313 314 319 329 342 343 346 355 360 362 366 368 372 377 381 385 387 388 389 399 407 411 413 421 436 439 440 441 444 448 449 450 454 456 459 463 467 471 475 477 484 488 493 494 496 504 506 507 508 513 519 522 523 526 530 534 536 541 546 547 556 559 562 566 569 570 575 577 580 589 590 592 597 599 604 605 611 613 615 634 635 636
143 1 3 7 17 20 41 44 46 47 59 60 67 68 69 89 93 95 101 104 109 116 117 126 129 134 139 141 147 148 149 150 161 177 181 183 184 186 190 192 193 195 198 206 207 208 217 221 225 227 238 239 243 246 249 251 253 254 261 269 279 288 289 290 291 294 304 305 313 316 324 325 327 328 330 340 342 350 355 357 359 367 369 372 380 382 385 388 391 394 396 402 411 423 427 433 435 439 440 443 446 454 458 462 469 476 487 489 491 493 496 501 505 508 513 515 517 520 530 534 539 541 542 546 556 562 568 573 578 579 580 586 589 591 594 596 608 617 618 621 623 624 628 635
144 4 6 8 10 15 17 21 23 40 45 46 50 60 63 67 69 74 75 80 84 90 91 97 98 111 119 122 130 137 149 151 153 154 161 169 171 176 177 180 182 183 186 188 189 193 199 200 204 208 210 218 227 234 236 238 250 253 257 258 265 268 280 285 288 293 301 303 306 320 321 323 325 336 339 343 351 358 363 374 384 390 397 400 401 404 406 410 412 424 428 429 431 433 438 441 448 455 457 462 470 471 473 476 489 491 492 497 509 514 517 518 523 525 537 541 543 546 547 550 551 552 558 564 566 574 580 582 589 592 597 598 599 601 605 609 610 612 614 620 621 622 624 625 639
162 2 8 12 13 15 17 19 20 21 22 28 29 35 37 38 39 40 42 46 57 59 61 63 71 74 77 78 90 96 97 98 111 116 118 119 121 125 128 130 132 133 134 137 139 145 146 154 156 160 163 165 168 170 179 184 189 192 198 202 205 208 209 214 219 221 241 248 252 254 267 274 276 277 278 279 293 301 304 306 320 322 325 327 328 330 332 334 344 345 348 358 362 376 382 386 391 394 396 397 399 400 407 409 413 420 422 425 435 437 441 443 446 459 462 464 469 477 478 479 481 489 491 505 506 510 513 514 520 521 525 530 538 541 543 544 547 548 551 553 557 558 562 565 571 572 578 579 583 586 588 598 603 609 610 613 616 622 624 627 631 633 634
160 11 13 17 24 25 28 29 32 38 39 42 47 51 52 55 57 60 62 69 70 75 76 78 82 88 89 93 95 106 108 118 127 131 133 137 139 142 143 144 148 151 152 153 156 157 167 171 173 174 176 180 183 184 186 189 196 199 201 203 204 206 207 213 219 228 235 237 244 245 251 254 255 258 268 269 273 275 277 280 285 286 289 293 294 301 319 320 328 330 336 347 352 356 357 358 364 367 375 385 387 389 390 391 393 394 401 405 415 420 421 430 433 436 442 446 447 455 458 462 471 478 479 480 484 487 492 493 497 501 503 508 511 512 515 516 520 521 522 529 535 542 544 546 548 557 558 560 571 580 586 601 608 611 612 615 628 630 633 636 641
148 6 12 16 23 27 30 50 52 53 56 67 69 70 73 74 75 78 85 92 93 94 96 97 100 101 104 108 116 121 130 144 147 154 155 162 163 164 173 179 183 188 195 196 205 209 218 220 226 228 240 243 245 254 260 261 269 272 278 285 292 295 297 298 300 302 303 308 325 326 336 342 343 345 347 348 364 367 370 377 380 381 387 392 397 399 400 401 402 413 417 420 421 430 434 435 436 439 443 449 450 459 460 461 462 469 480 483 485 487 489 495 497 499 501 503 511 518 520 521 530 533 539 540 544 557 563 567 568 569 582 584 586 593 595 609 614 615 616 617 619 620 630 633 634 635 636 641 642
166 1 4 5 6 7 14 17 18 22 24 35 38 46 52 59 63 65 67 70 75 76 79 85 97 98 99 100 106 108 111 117 118 119 120 124 131 138 141 143 147 150 153 155 162 165 166 170 175 189 192 199 203 204 205 207 208 215 216 217 219 220 226 229 231 238 239 243 249 252 260 270 272 273 280 283 301 311 315 318 325 328 330 331 336 339 345 349 352 353 355 356 358 359 366 367 369 371 374 375 377 385 389 392 393 395 398 400 407 416 419 423 425 426 429 432 435 436 437 438 441 447 452 455 464 465 467 470 472 475 478 479 480 483 485 487 488 495 498 515 524 525 531 532 535 536 539 540 545 551 558 566 572 581 583 585 589 604 613 615 621 628 634 635 638 639 641
154 4 5 14 15 19 21 28 29 31 35 43 47 48 53 56 64 65 71 76 77 87 100 102 108 110 116 120 122 127 130 131 144 146 148 154 164 166 171 172 176 178 179 186 191 192 196 198 200 201 202 205 207 209 217 218 222 225 226 229 231 236 239 243 244 253 257 258 260 261 266 268 282 284 295 297 300 305 330 331 339 340 342 349 359 367 376 377 388 390 401 404 412 413 414 416 422 438 441 443 450 451 452 456 457 459 460 462 464 465 474 481 482 487 488 493 501 507 508 509 513 517 518 519 528 533 534 535 539 546 547 549 553 554 558 560 563 564 573 579 587 589 590 597 603 607 610 615 627 629 630 631 636 638 641
151 5 7 11 13 18 23 24 31 33 40 41 50 55 57 58 59 67 76 88 89 94 97 100 104 113 116 117 123 128 132 135 142 143 144 145 146 151 152 155 158 161 165 168 169 172 173 175 176 185 189 191 196 197 206 214 217 219 220 231 242 243 245 247 248 249 252 264 265 273 277 281 285 288 290 291 292 293 302 303 307 314 316 320 321 336 339 341 347 356 360 368 374 379 381 382 385 391 405 407 408 413 414 415 418 434 438 442 447 456 463 464 467 468 470 476 485 490 492 493 497 503 506 509 514 520 529 540 553 554 555 559 560 575 576 578 579 582 583 584 592 599 601 613 618 620 625 629 633 637 638 644
147 3 9 10 13 20 22 31 36 37 49 50 56 57 61 66 71 74 75 76 95 98 99 102 120 123 128 134 135 137 147 150 154 156 167 171 175 176 179 192 197 199 201 204 208 213 214 216 221 226 227 228 236 239 240 243 244 249 251 257 263 273 292 294 296 297 309 319 322 325 327 328 329 334 335 336 338 340 341 342 343 344 355 356 360 364 367 373 374 378 392 393 396 401 403 405 408 412 424 430 435 436 438 442 452 455 458 472 474 475 484 495 498 499 506 513 515 516 520 531 534 541 544 551 556 557 559 567 570 573 574 583 585 586 591 598 604 605 614 617 621 623 624 631 632 639 640 646
157 5 10 11 12 25 27 30 32 34 35 36 41 45 47 49 53 75 77 79 82 84 86 87 88 103 104 105 115 117 119 132 133 137 138 147 148 151 152 156 161 164 171 174 176 180 181 183 186 199 203 205 207 231 233 235 238 239 240 241 263 266 268 269 283 289 292 302 308 312 313 315 318 329 331 346 347 353 357 360 361 362 363 374 381 388 389 392 398 403 410 411 412 413 418 419 421 430 434 446 447 453 458 462 463 465 468 478 480 481 483 489 492 498 499 502 503 509 518 524 527 529 533 534 536 537 540 541 545 552 553 554 557 558 560 564 565 566 574 576 582 585 597 599 601 605 606 616 619 626 628 630 631 638 640 642 644 647
159 3 6 7 17 22 31 32 37 38 39 40 43 44 47 48 56 57 68 70 75 76 78 90 97 99 100 102 106 115 116 121 128 131 133 134 135 139 141 156 162 163 170 172 173 182 183 186 194 202 208 210 215 221 223 224 226 228 233 240 244 250 254 260 261 265 274 278 284 290 291 292 294 295 298 299 303 305 310 311 315 316 328 332 338 347 348 354 356 358 364 368 372 373 374 382 384 394 399 400 402 405 409 415 420 422 423 427 429 444 445 459 461 462 464 466 472 474 477 483 489 494 498 499 500 505 506 508 512 513 516 520 524 528 538 541 543 548 549 551 558 565 567 573 577 581 589 590 595 599 607 621 622 624 627 635 636 641 645 646
152 9 12 13 15 18 22 28 32 33 35 38 48 56 63 68 69 72 75 83 85 90 93 97 98 100 108 111 113 117 122 123 125 130 137 138 139 142 144 151 153 154 168 171 172 181 182 183 185 186 190 191 197 203 205 207 216 217 219 220 221 222 227 248 249 265 270 276 282 286 288 289 291 294 299 308 310 312 313 319 321 322 340 341 342 345 349 352 358 360 369 370 372 373 378 379 386 391 392 396 399 404 406 412 413 415 416 419 427 436 442 444 447 461 464 480 481 482 488 498 504 505 506 513 514 519 522 525 526 528 535 536 539 545 552 556 567 570 577 587 594 596 599 602 603 606 612 618 621 632 637 641 646
156 2 9 11 12 13 15 18 25 28 31 32 33 61 63 66 67 68 71 81 84 87 89 93 97 100 103 105 110 111 113 120 123 126 128 131 134 135 137 145 148 149 160 176 179 181 183 188 189 192 193 197 199 202 203 204 207 209 210 212 221 222 229 231 232 234 247 248 252 253 256 257 266 270 275 276 277 283 293 304 306 309 311 323 331 334 340 348 358 360 366 368 369 377 378 379 383 388 389 403 408 411 415 419 427 431 437 454 459 460 468 469 470 471 472 483 487 489 491 495 500 503 509 510 515 516 521 522 529 530 541 554 558 563 566 578 580 587 593 598 604 609 615 617 622 623 624 627 629 636 637 638 640 642 647 649 650
152 4 6 7 8 21 24 27 34 38 40 45 46 47 48 50 53 57 65 66 67 70 72 77 79 91 104 107 122 126 127 134 135 140 143 146 147 150 155 156 159 160 161 164 166 168 174 186 187 190 215 222 228 239 240 244 250 252 258 260 262 266 273 274 277 280 287 290 292 296 300 301 303 306 310 311 316 318 325 340 343 346 347 348 351 356 364 374 375 382 386 387 393 401 404 407 410 411 422 424 426 442 446 452 473 474 476 480 481 482 488 490 491 492 496 499 500 511 513 520 524 530 532 534 540 542 545 548 549 552 553 558 561 564 568 574 575 576 582 585 590 591 594 598 605 608 610 615 620 633 639 647 649
154 1 3 13 16 20 32 33 36 39 42 44 46 47 54 56 61 62 68 69 71 72 86 96 104 105 109 110 111 123 133 136 140 145 148 158 159 162 163 166 167 172 175 178 179 182 185 202 203 205 207 208 212 214 217 223 225 228 232 233 237 238 243 253 254 256 257 270 276 277 278 279 284 287 289 293 296 305 306 308 309 316 325 326 329 339 342 352 356 373 374 378 380 382 383 385 391 396 397 399 402 411 415 418 421 424 431 437 439 444 446 456 465 466 474 476 478 482 490 500 503 506 508 519 520 523 530 531 533 543 556 559 561 564 566 568 572 577 593 595 596 607 612 616 618 621 624 630 634 643 646 649 650 651 652
158 4 11 16 18 19 22 25 26 33 34 36 38 39 40 44 58 63 64 69 71 76 77 79 81 83 87 92 93 95 96 98 99 104 105 108 110 111 115 120 122 135 137 145 148 149 152 159 169 174 177 178 187 196 203 204 205 206 208 211 214 217 226 234 239 241 249 256 258 260 261 266 267 273 274 278 284 287 291 300 303 310 315 319 325 329 330 338 339 344 345 348 350 361 367 375 379 380 383 384 394 396 397 404 405 408 411 413 419 423 430 435 438 456 457 458 462 466 467 468 470 486 496 500 501 502 506 507 511 516 518 522 529 530 531 539 543 547 554 556 557 561 562 567 581 587 588 590 592 593 594 598 601 609 619 621 624 627 636
141 1 4 5 6 9 12 21 22 23 24 26 29 43 44 57 64 67 69 70 71 75 78 79 80 85 86 88 100 105 110 116 125 126 129 138 139 146 149 154 155 157 158 165 173 180 183 190 191 195 203 204 206 211 215 219 220 224 238 242 254 261 273 274 276 277 287 292 295 301 302 309 319 321 322 324 325 326 332 335 345 346 363 374 375 381 384 385 387 393 395 398 403 407 408 409 411 413 417 420 423 425 426 434 437 445 448 456 460 469 474 482 487 499 503 506 507 509 511 513 520 522 532 536 561 562 563 565 572 588 591 592 594 601 607 612 613 623 635 640 648 653
161 1 2 3 4 7 8 10 25 33 37 39 42 45 47 52 53 67 68 69 72 79 81 83 98 99 101 102 103 107 113 117 119 123 124 132 136 145 149 155 162 163 167 171 181 184 188 196 201 205 206 210 212 214 215 227 232 243 245 246 251 253 254 256 265 271 276 278 280 283 284 287 288 293 295 298 301 304 311 312 317 318 322 328 330 336 337 340 348 350 355 357 358 363 364 373 375 378 385 388 391 396 400 408 409 413 416 425 432 434 444 445 446 451 452 454 455 456 458 464 466 468 470 477 479 482 484 488 491 495 496 510 516 522 523 524 526 527 528 559 562 563 573 579 580 585 586 587 593 597 600 604 605 609 610 627 631 635 639 649 650 652
165 1 7 14 17 24 26 34 43 47 52 56 57 59 62 66 73 75 82 90 105 110 111 114 122 124 127 129 132 135 138 148 160 165 166 168 169 171 173 184 187 188 192 193 195 199 200 202 209 210 213 215 226 227 230 232 233 244 245 247 250 251 253 258 260 261 267 273 274 276 279 284 285 288 305 306 313 319 328 340 344 345 361 364 368 370 371 377 380 381 384 388 392 393 397 401 405 414 415 421 424 429 430 446 449 452 455 457 458 459 461 463 464 468 476 479 485 486 488 489 491 492 496 499 505 510 513 515 516 518 525 528 533 534 539 542 544 545 550 553 556 558 560 561 562 567 576 588 592 596 598 609 611 613 615 619 628 631 632 633 636 637 644 646 647 654
151 2 9 11 12 19 23 28 29 31 32 36 46 60 61 64 66 70 76 80 82 84 86 88 90 91 93 109 118 120 125 138 151 159 165 169 170 173 177 179 183 184 194 196 211 216 220 224 229 233 235 237 239 241 242 255 257 264 265 277 278 283 286 289 308 313 314 317 321 324 329 336 338 339 342 350 352 359 363 372 381 384 388 389 392 396 402 407 416 429 434 435 437 438 439 445 447 453 456 457 458 459 462 465 466 477 481 482 487 492 494 496 497 498 508 510 511 514 517 534 535 539 542 551 553 554 557 560 565 568 569 571 573 576 579 584 605 611 621 622 623 624 630 635 636 637 642 644 652 654 655 656
170 2 5 10 15 23 35 37 44 45 52 61 64 72 76 78 81 85 87 91 97 110 114 119 125 128 129 131 141 144 145 150 154 155 156 162 167 168 169 171 174 176 179 183 185 186 197 211 218 221 222 227 228 230 232 236 238 244 245 254 261 263 264 267 269 271 273 277 278 289 313 318 322 323 326 331 332 342 344 347 351 354 356 358 360 364 367 369 373 375 381 382 385 387 389 394 398 400 401 405 406 407 412 417 423 426 428 429 434 436 439 440 441 448 449 458 463 472 476 478 479 480 486 489 490 493 494 499 500 501 508 510 511 514 516 517 526 528 529 535 539 540 546 549 552 555 563 567 572 573 574 575 578 582 593 594 599 601 602 604 606 608 618 622 625 630 633 634 647 652 658
156 1 6 8 11 14 20 30 32 33 41 42 54 56 57 66 68 69 70 71 72 73 88 94 95 99 100 103 105 107 114 118 122 131 132 136 137 140 146 152 153 156 158 163 166 167 170 175 178 180 185 193 205 207 214 216 222 228 229 230 235 240 242 244 247 248 251 259 261 264 271 274 285 286 292 296 302 303 311 319 322 325 326 328 334 335 339 346 349 357 359 360 363 369 378 381 386 388 399 401 405 407 409 417 430 431 443 444 446 455 459 465 468 469 473 474 480 483 489 490 493 498 500 508 512 515 517 520 526 530 536 554 558 560 561 562 565 569 575 577 580 582 589 590 593 597 599 601 602 612 626 627 628 632 633 643 651
180 2 5 6 7 8 9 12 18 19 29 32 40 44 45 49 50 55 59 60 63 67 68 73 76 79 86 93 98 102 105 114 115 120 121 125 128 132 134 137 146 147 161 166 167 168 171 173 174 178 181 182 183 190 192 200 203 223 225 226 228 229 230 243 254 262 264 266 268 271 272 276 277 286 289 297 302 304 305 308 309 311 312 313 314 322 323 328 330 332 351 358 360 361 363 364 366 387 388 394 397 400 403 405 406 409 412 413 415 422 425 426 434 438 440 441 449 453 454 455 457 458 462 463 465 482 484 486 487 494 495 496 505 506 507 510 513 525 527 528 530 532 534 539 545 547 553 554 557 560 563 564 565 566 567 576 577 579 581 583 584 587 589 597 606 615 619 621 625 626 627 628 629 634 640 644 652 654 655 659 660
157 7 9 17 23 25 29 32 37 47 52 53 55 60 76 81 83 85 89 99 107 110 111 114 123 131 145 147 148 151 153 160 167 178 183 187 188 193 197 199 201 217 219 221 232 240 243 244 251 256 261 263 268 270 276 278 285 286 294 302 304 310 317 318 322 323 330 339 341 342 345 351 352 356 359 371 375 378 379 398 403 404 405 406 407 409 415 417 418 419 424 425 431 432 434 440 442 443 447 448 449 453 454 457 458 461 462 463 464 466 470 475 477 481 485 495 496 497 498 499 501 502 503 505 506 507 508 511 513 523 530 537 539 541 549 563 581 582 583 587 590 591 594 596 600 601 604 607 609 618 620 637 648 653 656 658 660 661
145 2 6 9 11 12 14 18 19 20 22 23 24 26 28 32 36 43 48 50 52 55 59 65 71 77 80 85 86 89 103 108 122 127 146 149 151 153 154 156 165 166 167 168 173 175 181 185 186 192 193 202 205 207 217 218 220 224 248 251 256 258 266 267 268 269 275 280 284 288 290 291 292 306 312 319 323 327 333 338 340 353 357 360 363 367 370 374 382 385 390 392 395 397 404 411 413 414 434 438 439 448 451 453 458 459 460 462 466 471 472 476 479 484 488 489 490 508 510 520 521 526 527 530 536 545 550 557 563 564 569 573 584 585 595 603 606 612 613 614 618 625 633 644 657 662
146 7 8 26 27 35 36 42 48 50 53 59 65 67 80 98 101 102 109 112 118 123 127 132 139 143 145 147 148 149 150 152 158 159 161 165 172 176 183 197 201 203 204 210 218 220 228 246 248 249 261 262 267 270 273 275 276 283 290 292 296 297 298 303 309 315 320 321 326 333 334 336 337 338 344 345 348 360 362 365 371 376 380 383 384 385 388 390 394 395 397 398 407 410 427 428 429 433 437 439 441 450 458 461 473 474 480 493 509 512 515 517 523 527 537 539 544 546 553 557 560 561 562 563 566 568 573 575 577 582 586 593 605 607 609 610 612 617 622 626 629 631 634 639 646 660 663
160 2 4 9 10 14 22 24 30 32 38 40 43 54 55 57 58 60 63 71 72 83 85 88 107 112 115 116 117 119 120 124 125 127 130 132 143 145 149 150 152 154 168 170 176 179 183 186 189 191 196 200 201 206 210 214 217 220 221 225 229 232 247 248 252 257 261 263 267 271 276 277 278 279 280 281 282 283 285 288 289 291 293 299 301 303 308 314 322 324 327 335 339 340 343 345 348 349 350 354 363 368 370 388 405 406 409 410 411 417 424 433 438 445 447 454 458 460 461 467 472 490 497 501 511 518 520 532 534 538 540 542 549 553 557 558 564 571 575 577 578 594 595 605 617 619 624 625 626 628 631 633 634 638 639 643 647 653 661 663 664
164 5 7 10 13 16 20 22 25 26 35 41 44 50 52 54 61 62 65 66 69 85 90 92 93 96 98 102 103 104 106 112 118 119 125 127 129 132 138 142 146 147 155 156 157 159 160 161 167 169 171 173 176 177 181 182 185 187 188 196 197 201 204 209 221 225 226 237 244 248 251 253 255 259 261 264 265 288 289 291 294 295 297 303 310 312 314 323 331 333 335 348 354 364 365 366 369 374 385 386 391 392 396 405 409 413 417 419 428 430 437 438 441 446 450 456 458 468 474 480 483 490 491 497 500 507 508 510 511 516 517 520 523 525 529 538 540 544 553 557 558 566 569 572 574 580 587 588 589 595 596 598 603 614 616 620 629 641 645 647 649 650 654 663 664
169 1 3 28 46 52 54 62 70 72 74 77 81 91 92 104 108 118 124 126 127 129 135 136 138 142 144 145 146 148 149 151 153 154 155 157 161 162 164 167 170 173 174 189 197 200 201 203 209 211 212 218 227 229 238 241 242 245 247 252 254 273 276 279 291 292 296 298 303 308 315 321 322 323 329 331 341 342 343 344 364 366 371 372 374 379 384 389 391 403 404 409 410 416 418 419 420 421 424 425 428 431 436 437 438 444 451 455 458 459 461 465 470 471 472 477 483 487 493 494 495 500 502 506 512 513 514 519 522 528 529 530 532 533 537 540 548 549 551 562 566 568 569 570 575 577 578 581 583 594 596 609 611 612 614 615 618 622 626 638 644 645 646 654 657 658 659 660 661 662
135 5 8 9 25 32 37 39 45 48 57 62 63 66 70 71 95 97 106 119 123 132 135 138 146 147 151 154 158 167 169 176 184 185 186 207 219 221 224 225 234 236 244 245 247 248 249 256 261 272 274 275 278 288 293 294 295 313 316 322 327 336 340 341 344 347 357 364 365 373 376 377 378 380 382 384 389 390 397 402 404 410 411 414 421 423 426 429 431 435 449 458 460 461 462 466 474 477 482 487 497 498 509 521 522 523 535 540 545 547 551 553 555 556 560 570 576 578 579 583 588 593 599 617 619 625 629 631 632 642 643 645 650 653 660 666
149 7 16 19 31 33 35 39 49 52 54 61 63 65 67 71 73 77 84 86 87 91 97 101 102 109 117 126 128 130 131 132 135 136 137 142 146 147 149 157 160 170 171 172 178 181 183 184 190 192 196 209 210 212 216 220 224 226 228 233 235 245 253 259 261 268 274 278 287 290 291 292 298 299 300 302 304 309 313 315 328 336 343 347 352 353 358 376 378 381 384 386 392 399 405 410 413 418 427 430 431 439 441 442 444 446 448 449 451 452 454 456 458 468 475 480 487 489 490 492 493 497 508 511 515 516 517 518 519 526 542 547 552 557 558 565 568 569 573 576 579 600 613 633 634 639 641 642 651 668
155 3 9 10 12 15 21 26 29 31 34 35 38 40 44 46 49 52 53 54 55 61 64 68 71 73 80 81 82 83 96 97 98 100 102 106 116 117 125 142 144 151 152 157 172 178 180 181 185 189 194 197 205 207 211 214 219 220 225 228 240 241 248 251 256 258 265 266 275 276 281 285 289 290 301 307 308 312 315 316 321 325 331 337 340 341 348 356 359 363 364 366 374 375 378 386 390 392 393 394 405 409 413 417 419 420 422 430 438 440 444 446 462 464 466 472 474 476 484 495 499 504 507 517 527 541 543 549 555 563 566 570 577 582 597 599 602 612 613 616 622 623 624 626 627 630 632 634 641 645 650 655 658 660 663 667
158 1 3 7 16 18 21 29 30 31 34 35 36 39 53 56 58 62 65 69 74 81 85 94 98 101 102 103 104 110 117 121 124 127 128 131 136 140 142 145 148 149 150 156 159 163 164 172 173 174 177 180 187 207 211 213 219 226 228 230 231 232 234 247 251 256 257 258 259 262 263 268 275 279 280 284 285 286 287 293 302 306 308 313 325 326 329 338 347 352 355 357 360 362 364 367 374 383 406 407 408 409 410 412 417 428 430 445 446 448 452 456 457 462 467 468 470 476 477 484 486 497 500 501 503 506 516 517 526 527 549 553 555 557 560 563 564 571 572 573 584 600 604 607 613 627 628 631 633 634 638 646 647 648 654 658 659 665 669
173 9 16 18 19 25 28 32 35 48 53 56 57 60 61 62 66 68 70 71 79 84 90 95 106 110 117 120 133 136 137 138 145 154 156 163 164 173 174 185 186 187 188 197 198 200 208 212 216 217 222 224 227 228 230 234 235 237 238 249 250 251 254 255 256 259 260 265 276 279 280 286 289 290 296 300 301 303 308 312 317 320 323 324 329 330 333 337 338 339 347 348 350 351 355 362 367 370 374 376 378 379 386 387 388 390 391 394 402 407 410 418 421 423 426 439 446 447 450 452 455 461 462 463 476 478 484 486 490 491 492 501 504 505 508 509 510 514 515 522 525 528 534 550 554 555 560 561 569 578 584 589 590 593 598 605 606 607 614 621 623 626 627 631 634 638 643 649 650 652 662 663 668 671
153 2 6 10 16 17 21 28 35 38 41 43 54 57 58 59 60 61 62 66 75 77 80 83 85 88 92 97 104 111 112 115 116 119 132 134 140 141 150 154 164 168 169 176 192 193 196 197 204 209 210 211 219 221 226 241 243 244 245 249 251 260 270 284 285 290 292 299 302 303 306 307 308 314 317 321 324 327 328 331 334 336 350 355 356 357 358 360 370 371 378 379 380 382 387 389 393 399 402 403 404 411 412 414 420 425 434 438 440 445 447 454 456 460 465 466 470 474 488 489 492 493 494 495 496 499 507 509 512 526 527 539 540 552 566 570 574 579 584 585 592 596 603 605 614 615 621 622 625 631 632 637 654 655
156 6 16 19 21 24 27 28 30 33 34 37 39 42 43 50 55 59 62 64 68 79 84 87 89 95 97 98 99 104 105 112 121 130 139 142 153 157 162 166 167 174 175 177 182 188 189 190 197 200 201 202 217 218 225 226 228 234 238 239 250 255 258 259 264 271 274 279 280 284 285 287 294 299 300 301 303 304 305 309 313 315 320 321 322 324 327 333 352 353 356 368 369 375 382 391 396 404 407 409 415 418 419 422 436 452 453 461 463 467 469 471 473 478 480 481 485 497 498 502 504 506 511 517 524 531 532 535 536 542 544 555 557 562 565 569 570 573 576 577 579 580 590 595 599 601 607 615 626 632 642 643 645 647 656 668 672
194 2 3 16 18 19 23 25 32 38 44 49 50 53 55 62 69 76 88 99 104 108 110 111 112 113 114 116 119 134 139 143 144 147 149 152 158 160 162 165 166 168 171 173 174 178 179 186 191 200 201 214 215 221 224 228 230 231 232 236 237 242 244 245 247 249 252 255 260 263 273 282 283 289 290 291 293 295 299 301 307 310 315 321 322 323 324 326 329 330 333 337 352 353 355 358 360 362 375 378 385 386 388 390 393 394 397 398 402 405 406 410 413 414 418 421 422 430 432 434 435 437 443 444 445 446 448 449 451 453 455 461 463 467 473 477 482 486 493 500 502 503 510 511 512 513 515 516 517 520 521 523 524 526 531 532 538 540 543 545 546 556 567 568 569 570 580 588 589 592 594 597 602 605 606 608 612 613 618 619 623 624 625 626 627 629 640 641 650 652 655 658 659 663 671
168 1 6 9 16 17 19 27 28 32 33 34 44 45 55 59 62 68 70 71 73 81 89 91 94 101 103 105 111 115 119 123 124 129 130 134 137 138 140 151 155 156 159 160 161 162 167 168 170 178 183 188 199 203 204 213 220 221 225 226 229 230 231 241 250 255 256 259 262 270 276 284 286 288 290 291 294 295 303 311 319 322 324 327 335 338 340 348 354 355 357 363 364 370 372 373 382 385 386 389 391 396 401 403 416 424 430 431 433 438 440 444 453 454 455 465 466 469 470 471 474 477 478 487 488 498 501 505 506 508 516 518 527 529 530 533 534 535 541 545 547 560 563 565 574 578 580 585 588 590 593 594 595 598 601 610 615 618 620 632 638 639 642 649 655 662 667 669 670
138 2 5 6 8 12 13 14 15 17 18 19 22 37 44 46 57 59 64 66 71 77 79 81 85 88 90 94 108 109 115 118 122 127 133 136 138 142 143 146 147 148 151 156 167 170 185 189 192 205 212 213 221 225 229 231 237 241 246 247 249 251 253 254 262 266 267 268 273 275 276 290 303 306 335 339 341 349 364 373 386 390 392 394 402 410 417 418 421 424 430 434 444 446 449 466 468 470 476 478 488 490 494 495 497 499 500 506 510 513 517 518 519 522 526 534 545 546 549 550 553 554 557 560 563 588 592 594 602 606 620 627 629 643 649 650 656 669 675
162 2 20 29 34 36 37 39 46 55 61 63 65 70 72 73 77 78 80 82 86 87 98 110 114 117 123 127 128 129 134 135 138 140 141 144 146 152 153 174 177 191 197 198 200 201 205 206 214 231 232 233 234 241 253 255 259 260 264 272 276 282 284 292 297 306 307 314 317 323 324 333 334 337 338 346 348 355 357 359 368 369 375 376 382 384 385 388 389 391 396 404 405 406 408 412 415 419 420 426 428 430 436 438 445 447 451 455 456 457 460 463 466 472 474 476 480 481 487 510 516 518 519 522 523 526 532 533 548 549 551 552 554 564 569 578 581 586 588 589 591 593 596 602 604 611 612 613 616 620 623 626 635 642 651 656 657 658 659 661 669 670 675
153 2 4 7 10 11 12 22 24 27 28 29 31 36 37 40 46 51 59 61 69 71 72 73 74 75 78 81 91 92 97 99 101 106 107 108 111 113 115 118 123 127 130 132 138 141 144 175 178 185 187 194 197 198 208 213 216 226 228 234 236 244 256 266 272 277 291 292 293 298 299 307 311 312 315 320 324 332 341 344 346 353 360 367 374 378 383 391 402 408 409 410 411 414 425 432 476 477 479 482 483 487 490 499 502 509 511 517 519 529 530 533 535 538 543 546 549 552 554 556 559 563 565 570 576 577 578 579 581 584 591 592 593 600 601 603 604 605 611 616 619 623 626 628 631 634 647 650 651 655 657 665 674 677
177 7 10 13 14 16 19 22 24 26 27 33 50 51 53 55 61 62 63 64 68 69 71 72 78 79 80 81 82 83 86 91 98 103 107 111 113 117 121 123 127 128 135 144 148 149 150 153 155 157 161 169 186 189 190 193 195 202 211 228 231 235 238 242 243 249 251 260 269 271 278 279 281 282 285 287 290 293 309 313 321 322 329 330 331 338 344 345 346 350 351 356 358 363 364 366 371 372 380 382 384 387 388 389 395 400 404 407 408 411 417 419 420 426 430 431 434 435 438 439 440 441 451 456 461 463 468 475 476 479 482 484 485 490 493 495 498 501 505 516 523 528 530 533 539 542 547 548 549 554 557 561 563 565 569 570 571 582 586 588 593 596 600 601 607 608 609 611 619 646 659 660 665 669 670 672 676 677
140 5 6 11 13 18 19 24 32 48 49 60 61 65 67 83 84 85 96 99 100 101 112 119 122 126 130 131 134 135 141 144 145 146 172 178 187 189 197 203 206 207 209 217 225 230 233 243 245 246 251 255 257 258 263 265 271 272 281 292 296 298 299 301 306 335 342 343 346 349 352 354 356 368 369 370 381 382 390 395 405 408 410 411 418 422 429 431 439 444 446 452 453 458 460 465 475 478 481 484 490 493 494 499 500 506 512 517 519 520 523 525 539 542 544 548 549 552 560 575 576 578 585 595 596 601 604 608 615 619 620 624 633 638 646 652 662 666 670 675 679
155 1 6 8 11 12 20 23 45 49 51 52 59 61 63 64 67 74 77 83 87 90 99 102 105 108 119 121 124 125 131 137 138 144 152 154 159 165 173 176 182 184 191 196 198 203 206 216 219 230 233 234 239 243 245 246 249 261 263 269 271 278 286 288 291 294 296 297 303 307 315 317 321 332 334 339 343 348 358 359 364 366 368 372 373 375 378 380 381 389 391 395 404 412 414 416 419 425 428 429 430 434 435 436 438 444 449 454 456 457 460 462 464 465 466 467 471 472 477 487 494 496 498 505 510 514 516 519 521 535 536 538 549 560 561 567 575 576 577 579 584 590 603 609 630 632 633 635 639 641 642 643 657 659 663 681
160 1 2 4 6 7 10 37 41 42 43 44 53 54 58 61 64 77 88 93 95 97 102 107 112 113 120 132 140 143 145 146 147 148 149 165 176 191 192 193 196 198 203 205 206 211 214 219 220 226 232 236 237 248 249 250 256 268 274 281 290 301 303 308 309 310 311 321 322 323 324 327 334 338 348 349 350 352 355 358 359 369 371 373 375 378 381 395 409 410 413 418 422 429 432 433 434 439 442 443 444 452 461 462 465 466 471 474 479 480 490 495 496 501 502 511 512 528 529 530 534 535 538 539 540 545 558 563 564 566 568 569 571 573 579 583 593 594 597 607 610 611 614 619 621 627 628 631 632 636 637 639 645 646 649 658 663 665 667 680 682
153 1 2 6 11 28 45 48 62 63 64 66 69 72 76 79 80 82 85 86 88 92 98 104 105 107 108 109 112 114 117 122 124 125 131 136 143 147 150 153 157 160 161 168 170 181 185 186 193 204 217 223 228 240 244 245 246 251 253 254 257 260 266 278 280 285 287 288 290 299 304 305 310 314 319 322 325 331 338 345 346 351 353 354 355 358 361 362 368 377 379 382 389 390 395 401 404 405 407 413 424 431 433 434 442 449 451 456 458 463 464 465 470 481 490 493 504 505 508 510 512 515 539 543 557 560 561 562 565 566 568 571 581 591 597 598 599 603 605 611 613 616 617 637 639 643 644 654 655 666 672 674 677 679
160 2 5 8 14 15 17 18 27 29 31 37 38 41 43 48 52 54 62 63 66 86 91 94 101 108 118 124 127 128 135 137 141 144 149 151 153 157 160 171 172 176 179 182 191 192 199 200 202 203 206 207 211 213 221 226 231 253 256 258 261 270 272 274 275 281 285 288 289 295 297 300 303 304 306 308 309 316 319 324 327 328 329 333 347 351 355 359 362 366 383 393 400 402 408 409 412 416 419 427 431 434 437 441 452 454 456 459 463 466 468 470 471 474 480 482 483 489 496 504 505 508 512 522 523 526 536 538 542 544 545 554 570 571 573 575 577 581 587 594 603 604 608 610 616 621 624 630 636 641 650 651 655 656 659 660 666 668 669 673 679
177 3 4 7 12 13 14 15 16 17 22 27 28 37 38 41 42 49 52 58 60 62 66 69 70 74 77 83 90 93 107 126 131 132 139 143 144 146 151 153 160 162 167 168 169 179 180 184 187 192 195 199 200 202 204 205 208 211 214 223 224 231 234 236 237 240 244 246 247 248 249 251 253 257 258 262 272 275 279 283 286 288 306 308 309 319 331 334 335 336 337 341 342 345 347 354 355 356 369 376 377 379 385 393 395 397 398 400 401 402 404 407 411 418 433 437 444 449 450 454 462 469 472 474 477 483 488 504 505 506 507 512 513 527 529 540 542 544 548 552 556 558 563 566 568 569 570 575 579 581 586 587 593 595 597 598 607 614 617 619 622 625 628 630 631 632 636 638 646 649 659 662 665 667 668 670 680 684
155 3 18 20 21 28 38 53 58 67 69 76 78 79 80 83 91 93 96 97 98 103 104 108 109 114 119 127 134 135 140 142 145 146 170 171 175 176 182 185 191 193 198 208 210 213 214 235 236 237 238 241 244 249 250 257 260 261 266 274 279 282 287 290 291 293 298 299 301 303 310 317 318 322 323 331 344 349 357 362 363 365 366 368 369 374 377 378 382 385 387 390 391 394 401 405 406 410 415 419 421 424 426 430 437 448 453 455 457 459 461 462 467 470 473 486 490 496 515 519 520 522 536 542 548 551 556 559 560 571 573 579 587 591 595 601 605 610 611 612 614 619 621 630 635 637 645 647 648 649 657 658 660 661 676 682
169 1 3 7 9 15 16 17 21 31 33 36 39 42 43 56 62 67 69 71 80 87 88 104 110 122 124 128 131 136 143 144 147 150 157 158 159 163 167 170 171 173 174 181 187 193 198 200 205 207 218 233 243 247 249 254 255 260 264 273 280 288 289 292 296 298 302 309 313 315 321 325 326 336 337 343 374 377 383 384 385 387 390 392 393 397 401 405 408 409 413 416 417 419 420 425 426 427 431 434 442 444 446 448 449 454 456 460 461 462 466 467 481 482 496 499 504 509 515 521 522 523 525 526 527 529 533 534 535 536 542 544 545 548 553 554 558 562 565 567 568 574 579 582 586 589 590 592 597 605 608 609 613 620 623 625 629 631 634 639 641 643 645 649 653 659 666 667 681 687
186 1 2 5 12 22 23 29 32 36 40 42 43 53 54 58 68 69 71 75 76 79 80 81 84 93 96 97 98 100 101 105 116 122 134 135 138 140 143 145 146 148 149 162 163 170 178 180 184 187 189 190 198 206 211 212 213 225 227 231 245 249 250 254 255 259 261 263 264 265 271 272 274 276 277 280 283 284 289 296 303 304 313 318 319 328 332 334 335 337 344 353 354 358 360 362 364 371 378 379 380 385 387 389 390 391 401 403 408 414 416 419 426 431 432 438 445 448 449 452 455 457 459 460 465 469 470 475 476 477 478 480 481 483 489 491 494 495 497 499 501 510 511 513 517 519 522 525 526 529 532 534 536 542 546 551 558 569 570 573 575 577 580 581 586 588 590 592 595 598 604 609 621 622 624 627 631 653 654 659 664 666 669 675 683 686 687
162 1 3 6 7 8 9 18 25 26 27 31 33 36 46 48 56 63 65 67 73 77 80 88 94 95 96 97 98 102 108 112 113 120 129 134 139 140 141 148 153 159 160 162 168 174 185 192 193 200 202 204 206 210 212 214 217 218 228 249 250 259 261 263 269 279 280 281 290 293 295 300 304 309 310 320 322 323 324 330 332 343 344 345 346 349 353 357 359 363 371 374 377 385 386 387 393 404 411 412 413 414 417 419 420 423 430 442 448 451 459 460 470 479 482 484 485 500 501 502 507 510 512 535 537 540 542 543 552 555 557 560 570 575 576 578 579 580 581 582 595 596 598 599 608 611 623 624 628 633 642 643 649 650 651 652 655 656 658 660 665 666 687
163 1 8 12 21 23 47 50 51 59 63 67 70 72 76 78 84 90 91 97 99 108 109 112 113 117 118 120 122 124 126 132 133 139 140 142 145 155 157 159 160 163 177 178 182 183 184 190 192 193 194 198 202 209 212 221 222 224 235 238 240 250 251 260 273 275 276 281 284 288 291 302 306 310 312 323 325 327 330 339 344 350 352 356 358 362 366 368 370 373 376 382 386 405 406 409 410 411 413 414 415 416 423 428 431 438 441 443 448 450 457 459 461 462 464 471 486 489 495 502 503 504 519 522 529 532 546 555 556 558 570 581 585 596 601 607 612 614 618 620 623 624 626 627 629 630 632 636 639 641 642 643 644 646 650 659 661 667 670 679 680 681 684 686
182 2 4 5 12 13 19 22 23 35 36 38 39 50 53 54 59 60 61 62 64 69 70 71 76 79 80 81 87 89 93 95 101 102 107 110 116 119 125 130 131 142 143 144 148 149 151 154 156 159 170 175 178 185 190 197 198 199 200 201 202 206 208 217 218 220 221 222 224 229 232 236 239 244 246 249 253 255 256 259 266 271 272 275 279 290 291 294 295 305 327 330 335 341 342 344 348 367 368 369 377 384 394 408 410 412 417 418 431 435 437 446 448 453 456 458 460 461 466 468 470 479 480 488 497 498 499 500 501 509 510 511 512 514 520 522 525 541 542 543 546 548 550 558 560 562 564 565 566 568 569 571 575 582 586 587 591 592 595 596 599 604 607 611 623 627 628 632 633 635 637 643 651 652 656 658 670 672 678 679 686 689 691
160 5 14 20 24 30 31 34 39 45 47 48 49 51 53 63 66 74 75 76 78 80 84 90 105 119 120 121 132 133 134 137 140 142 155 157 160 162 163 167 172 173 175 181 183 188 192 219 221 224 234 235 240 246 247 248 256 258 259 262 267 268 270 271 276 277 281 294 296 297 299 301 306 309 314 322 326 329 333 334 336 342 356 357 358 361 363 369 370 377 388 389 393 401 412 415 418 420 424 425 426 427 435 438 452 459 462 466 473 475 479 482 483 484 486 487 494 495 497 500 502 503 510 518 522 527 528 532 533 539 540 542 545 573 584 587 589 593 595 601 602 608 609 612 623 625 626 636 645 651 658 663 664 670 674 681 682 683 685 689 692
165 2 16 21 25 35 36 39 45 52 55 59 60 69 78 81 84 85 86 89 94 106 113 125 134 136 138 139 142 145 149 150 151 156 158 160 162 168 169 173 178 192 195 198 200 205 207 208 212 213 216 221 227 233 238 243 244 245 248 255 257 262 265 266 270 281 289 291 294 298 304 305 309 311 312 321 323 326 327 345 348 349 355 357 361 362 364 368 375 377 378 380 385 386 389 392 398 405 412 416 418 419 423 424 430 433 451 452 455 458 461 462 469 475 488 491 493 494 495 501 503 504 505 509 510 516 520 522 536 537 540 541 548 550 553 558 559 564 573 577 579 585 588 596 598 605 617 618 623 631 633 636 639 641 648 650 652 655 669 671 672 673 678 685 687 689
169 7 14 20 23 28 29 30 32 33 36 40 41 43 44 46 54 56 63 75 87 98 106 109 111 112 119 121 124 126 127 131 133 135 136 152 153 155 160 164 173 175 177 180 188 190 191 193 194 195 198 201 218 224 226 241 243 246 247 249 251 254 256 257 260 261 262 264 269 270 273 275 276 283 286 287 295 296 305 307 314 317 322 325 328 338 342 346 350 352 356 358 366 368 371 386 391 395 399 407 418 431 433 434 436 437 438 439 454 455 458 459 467 472 485 489 490 504 505 510 516 517 519 520 523 524 529 531 533 534 537 546 552 553 557 562 564 567 579 581 582 584 585 595 605 607 608 610 614 615 626 628 629 633 634 642 643 645 647 648 651 652 657 661 663 680 683 687 688 692
187 1 9 13 16 17 18 20 22 25 32 36 38 40 44 45 47 48 63 64 68 69 77 78 80 81 84 85 91 92 93 96 103 105 107 115 116 120 123 149 150 151 154 158 169 173 180 185 187 188 191 192 195 198 208 210 217 219 220 224 225 230 231 232 233 239 247 256 258 260 268 272 274 278 281 284 285 289 293 297 298 312 313 314 315 322 324 326 327 328 330 335 342 345 349 352 353 360 364 373 379 385 386 391 393 394 398 402 404 411 415 416 418 424 425 426 429 433 442 444 445 446 452 453 455 465 474 476 479 487 489 491 494 503 515 517 522 530 531 532 533 534 541 542 545 546 548 549 553 556 566 568 572 574 588 591 601 602 606 608 610 623 625 630 634 635 639 641 642 644 646 647 649 650 652 655 657 663 669 672 675 678 682 684 686 687 688 695
181 4 5 30 31 43 45 48 57 60 61 64 66 67 69 73 75 77 80 86 89 90 102 104 107 113 118 126 128 132 133 138 139 144 145 153 155 156 164 168 169 170 172 177 182 183 184 185 186 187 188 190 192 195 199 205 207 214 217 220 229 233 244 245 247 249 250 251 254 264 266 267 269 271 277 290 291 301 302 305 311 314 318 323 325 342 343 348 349 359 362 365 370 371 374 377 380 382 383 384 385 386 389 393 394 397 400 409 410 419 425 426 430 435 439 444 447 448 449 451 454 457 460 463 467 471 474 485 488 499 506 513 517 524 526 528 534 539 541 542 543 545 557 560 565 569 571 575 580 592 595 596 597 598 602 603 604 605 606 608 612 617 620 626 627 629 635 636 637 641 653 656 667 668 683 685 687 690 691 692 694 696
160 3 4 5 9 11 12 15 16 24 25 26 31 32 34 35 41 42 51 55 56 60 67 69 72 74 80 91 95 96 104 113 114 115 116 120 127 156 157 158 178 183 184 188 191 194 196 197 201 202 214 215 216 218 221 224 233 236 241 242 243 250 251 252 254 261 267 270 272 274 275 276 278 279 282 284 286 290 291 294 305 310 317 322 323 326 335 341 342 344 345 361 363 373 376 378 384 388 399 401 403 405 418 421 424 425 430 444 447 455 459 461 467 474 475 480 483 485 487 489 492 507 508 513 519 525 528 529 541 543 549 550 554 568 571 572 575 583 588 589 594 606 612 613 620 630 640 647 656 658 666 667 673 677 678 681 682 683 686 687 688
167 13 19 27 29 34 35 40 61 63 64 66 72 80 88 89 95 101 104 106 107 109 110 112 116 120 122 132 135 136 140 145 149 151 157 171 172 182 183 187 190 195 197 199 204 211 212 215 220 229 232 233 235 236 241 248 252 262 263 268 269 270 272 275 276 284 286 287 297 298 304 308 313 314 315 316 317 325 336 337 338 339 344 347 350 358 362 367 369 370 371 374 384 386 388 390 391 396 397 402 407 412 420 426 429 430 433 437 440 444 445 451 452 463 468 471 473 492 496 498 500 510 512 514 523 527 531 551 552 553 556 557 560 568 570 572 578 583 597 598 603 605 611 612 614 617 621 624 625 626 630 634 643 644 652 654 659 660 663 664 668 670 671 680 683 687 688 689
156 2 3 8 12 31 38 42 45 46 49 60 65 70 71 72 75 82 88 89 91 101 106 112 117 127 128 129 131 132 134 136 137 146 147 154 169 170 188 189 193 199 202 208 226 243 245 246 253 259 262 263 264 267 276 278 281 291 296 310 311 313 316 325 336 339 342 345 347 349 350 352 353 357 361 369 376 379 380 381 382 385 392 393 399 406 410 413 416 419 423 424 425 440 445 446 448 450 459 465 467 471 472 476 480 484 486 492 497 501 503 505 510 514 532 536 538 540 541 542 547 548 550 552 553 555 557 558 559 569 574 578 590 592 598 600 601 606 608 611 630 632 641 644 645 646 647 651 660 662 676 679 682 687 690 695 697
165 1 2 9 15 16 18 19 20 22 23 28 29 31 32 37 38 43 44 54 56 58 64 65 68 87 99 103 106 114 121 133 144 146 147 152 153 160 167 168 174 176 177 187 189 195 196 198 199 203 204 208 212 215 216 222 226 230 231 234 235 242 256 261 263 270 277 278 280 282 287 289 292 301 304 307 308 316 317 319 322 327 334 335 340 341 343 360 368 378 394 397 402 410 414 416 417 419 420 422 427 429 430 440 444 445 446 451 453 457 460 461 462 463 465 470 472 477 480 482 486 487 488 489 493 500 509 515 520 532 535 540 541 542 544 545 554 558 560 569 570 574 578 590 594 597 611 612 614 617 618 620 623 624 626 630 632 634 640 652 657 665 685 688 690 699
147 13 16 22 29 34 37 38 39 40 53 58 66 82 84 85 93 97 98 104 110 113 114 115 122 130 137 142 146 154 158 163 174 176 189 191 193 194 195 198 199 203 223 242 243 244 248 251 252 254 255 258 261 265 266 270 279 283 284 288 291 294 296 299 300 306 308 316 317 324 330 332 345 347 348 349 353 356 361 363 366 371 372 388 401 402 416 418 420 424 430 440 449 450 451 460 463 468 477 478 479 487 488 491 492 494 500 502 505 507 512 515 516 518 519 520 527 533 534 537 538 543 545 548 566 567 571 573 580 582 586 589 591 601 603 610 629 630 633 636 637 644 651 657 676 684 690 692
174 10 15 18 23 29 46 49 52 56 60 61 62 65 67 70 74 81 93 96 97 99 102 118 119 122 123 125 128 131 135 140 142 147 148 152 157 158 162 166 169 171 174 175 176 183 185 189 205 209 216 217 235 243 246 248 250 252 257 258 259 261 262 264 268 279 280 284 292 293 295 298 302 304 309 310 311 312 316 319 320 327 328 340 345 347 348 349 353 355 363 365 368 370 371 376 377 379 385 389 393 402 411 414 416 419 433 437 440 444 445 446 454 458 467 493 503 508 513 524 529 530 533 538 543 544 545 546 548 553 560 561 564 570 573 575 576 578 581 583 585 592 595 596 597 600 603 607 608 612 616 619 620 625 630 632 633 642 643 645 648 649 650 652 658 660 668 669 670 672 676 681 683 686 699
144 2 9 13 20 23 25 27 32 36 39 40 43 48 58 66 68 73 80 82 87 102 103 104 105 117 118 121 123 125 127 137 145 146 149 151 164 165 169 171 172 183 191 194 196 198 209 210 212 213 214 215 217 218 224 226 228 230 235 238 245 250 254 255 259 262 264 265 269 272 273 274 279 282 288 299 303 307 309 311 315 325 326 329 339 357 358 363 371 384 392 393 402 409 410 412 430 436 448 457 459 463 471 475 481 485 486 489 496 505 507 516 519 520 522 524 528 529 533 535 537 540 541 542 545 547 560 561 574 605 608 615 628 631 632 638 639 654 655 656 661 662 686 690 694
167 5 8 21 22 31 35 40 41 45 54 55 62 69 71 83 86 90 91 94 96 100 107 110 114 116 124 125 126 128 131 146 151 158 160 163 168 178 180 183 185 194 195 196 205 208 216 220 221 228 239 240 241 247 261 263 270 293 301 303 313 314 319 321 323 327 331 336 338 341 342 344 349 354 357 362 364 365 366 367 368 371 375 377 380 385 387 402 407 409 424 425 430 431 444 445 447 451 452 468 472 476 477 491 498 499 503 505 509 512 515 519 523 528 531 532 533 535 537 545 546 547 548 553 556 558 560 564 566 567 568 570 572 575 582 583 584 592 595 598 600 603 605 607 608 609 617 620 621 623 626 627 628 633 634 644 653 661 664 667 668 669 681 684 689 699 701 703
172 4 7 10 11 14 17 20 24 37 38 42 43 46 47 50 63 65 70 71 73 78 94 98 104 115 116 123 130 131 140 141 152 153 158 160 162 166 170 171 174 176 182 185 188 204 210 216 221 229 233 245 250 252 256 260 276 283 285 288 293 296 298 299 300 301 308 309 310 315 318 319 320 326 328 338 339 348 362 366 368 371 373 378 384 385 386 392 398 403 407 409 415 416 417 427 431 437 441 444 445 448 450 454 456 457 458 459 460 466 469 470 482 491 492 493 499 505 511 515 516 517 518 520 523 531 534 538 540 546 548 549 551 553 557 566 569 570 573 587 593 594 596 598 600 601 602 605 610 611 612 619 625 626 629 640 641 647 652 654 660 662 663 671 672 674 677 678 681 694 699 700 703
172 2 20 22 23 25 27 28 30 34 45 55 56 61 72 73 74 78 80 83 84 86 91 92 98 101 104 113 116 119 123 136 140 142 146 149 150 151 152 159 170 176 178 183 184 193 202 204 207 212 214 216 217 223 228 234 235 238 242 244 246 249 252 253 254 264 267 268 275 276 281 283 286 289 307 308 309 310 316 318 320 321 330 331 334 335 336 338 340 341 342 344 347 350 361 362 367 374 377 380 381 390 391 398 400 406 415 419 421 431 432 439 452 455 458 464 467 468 472 473 477 482 489 490 491 493 498 504 517 526 529 536 543 545 549 550 551 559 562 571 576 583 585 588 594 595 599 601 604 612 618 625 630 632 635 637 638 641 643 644 649 656 663 671 672 679 684 688 691 693 696 698 699
167 1 4 6 7 8 15 25 26 32 42 44 47 52 58 67 68 80 83 86 88 93 100 105 109 111 113 120 122 128 130 138 144 158 159 162 164 165 171 174 180 186 187 191 193 200 201 205 206 208 212 213 214 217 223 233 235 237 239 240 241 243 251 253 263 266 282 283 286 294 295 299 300 308 309 313 314 320 324 329 337 342 346 352 360 364 365 373 374 375 376 377 384 390 391 392 394 395 403 416 431 446 447 449 456 461 462 463 467 473 477 478 480 481 482 486 489 494 497 498 505 509 514 520 521 522 525 527 537 545 547 549 551 554 561 562 569 570 571 572 573 581 583 585 595 598 602 603 606 614 618 620 635 642 643 644 651 653 654 667 669 670 676 677 678 679 700 706
166 7 16 20 26 27 33 34 37 42 44 58 60 67 70 82 87 90 93 97 106 107 113 117 119 126 127 143 148 149 155 158 160 166 168 173 174 178 181 182 183 190 191 194 198 209 225 234 238 239 243 247 250 252 256 262 267 268 269 272 273 277 280 304 330 335 338 339 345 346 353 354 358 364 369 370 378 379 380 386 391 399 402 410 415 417 420 424 428 438 439 445 447 448 449 459 460 466 468 469 470 483 486 488 494 501 505 508 511 512 515 519 529 534 536 537 538 541 554 555 563 565 570 571 576 581 582 584 586 587 588 590 595 597 599 600 601 603 613 614 616 619 625 626 633 635 639 641 642 645 646 648 654 658 662 666 667 670 672 673 685 690 693 699 701 702 706
174 5 8 9 13 14 16 21 24 28 30 37 50 59 61 67 68 69 70 77 79 87 89 91 92 93 94 95 96 99 100 101 108 116 121 130 134 139 140 142 145 147 155 157 158 163 164 166 167 168 170 176 177 178 198 200 203 206 222 229 236 238 239 244 250 253 254 257 264 266 268 269 276 277 283 286 289 293 294 300 301 313 314 315 317 318 323 327 328 331 333 336 338 342 344 346 347 348 350 351 352 356 358 361 364 369 373 375 377 386 388 395 407 419 420 425 426 434 439 444 458 464 465 472 473 474 479 494 496 497 500 513 516 517 521 525 544 549 561 562 567 573 576 579 583 587 591 597 598 600 601 603 605 617 621 626 633 636 649 653 660 663 664 676 683 684 690 691 692 693 694 695 699 702 703
170 4 10 12 26 30 33 35 36 39 40 58 65 66 75 78 79 82 86 89 101 103 107 108 110 116 118 121 125 133 137 138 140 148 153 165 166 167 169 177 191 200 202 211 217 219 222 223 227 233 235 236 264 265 266 272 274 276 284 296 298 302 303 310 311 312 317 325 330 335 341 343 350 363 364 367 368 378 389 395 397 400 406 408 414 418 426 431 432 435 440 441 445 451 454 458 460 465 471 474 481 491 495 496 498 500 501 511 515 516 518 519 521 526 528 530 531 538 540 543 545 553 556 558 561 564 567 576 577 580 584 589 590 593 595 597 601 602 603 604 605 608 610 614 615 622 623 628 630 632 642 646 647 649 650 654 658 660 661 667 669 675 679 682 686 692 698 699 700 705 709
163 6 7 11 18 20 22 23 24 29 30 40 41 43 45 46 52 54 56 60 65 71 73 75 77 78 79 81 92 96 100 104 105 109 112 116 119 121 127 128 132 133 135 136 138 139 140 144 145 149 152 156 160 167 173 177 181 183 196 200 208 210 212 216 223 231 236 245 259 263 279 284 287 294 314 320 325 331 336 339 341 348 351 363 366 368 371 372 373 383 384 385 391 393 397 398 405 418 422 425 426 428 440 446 452 462 465 474 475 478 483 498 502 504 508 509 513 521 523 529 536 537 540 543 546 548 551 552 554 555 559 563 565 568 569 576 577 582 590 594 616 623 624 632 633 634 636 638 639 647 648 653 658 661 664 669 681 683 685 689 692 694 697 708
164 3 10 18 33 34 44 45 54 55 67 69 70 72 77 81 83 84 85 95 106 108 135 148 151 162 163 165 168 169 181 185 188 190 191 198 199 204 205 207 212 215 227 233 239 240 244 245 246 249 255 257 259 260 262 265 267 269 279 282 285 287 291 310 313 321 323 324 330 332 336 339 343 344 351 352 356 360 361 384 385 395 401 403 405 411 414 421 428 431 438 439 442 444 461 464 471 472 476 477 479 481 483 484 485 486 491 494 497 499 501 502 509 524 525 532 538 546 551 555 557 560 562 564 567 569 574 577 578 579 580 582 583 586 587 589 595 596 597 599 605 607 608 610 611 613 614 617 618 619 624 625 627 631 633 634 636 643 662 672 680 687 694 695 698
151 5 13 16 19 26 29 32 33 35 41 42 51 53 56 61 66 69 71 72 75 83 91 92 95 98 122 125 130 132 135 136 138 142 144 148 151 153 163 164 171 175 177 181 183 190 204 214 217 231 234 235 245 257 275 282 284 285 294 299 301 309 314 319 322 323 324 331 335 338 342 343 344 350 351 355 357 366 369 375 376 377 378 380 388 393 394 403 414 425 426 428 431 437 441 444 448 450 453 455 457 478 479 483 491 494 498 503 508 518 519 520 528 532 539 542 548 556 558 562 574 578 580 584 589 591 603 606 619 621 626 629 642 645 649 651 661 667 676 688 689 694 695 697 699 700 702 703 705 708 712 713
149 3 11 16 24 31 32 59 60 63 66 67 68 74 85 90 97 115 118 122 125 126 127 140 150 155 157 163 164 171 173 175 186 196 199 202 206 207 210 216 232 243 252 261 262 269 276 277 281 287 297 299 301 306 310 311 313 315 316 321 324 325 328 330 333 339 348 349 350 352 353 361 365 366 368 370 379 383 388 403 409 410 413 414 415 425 428 429 433 442 444 448 452 453 464 466 471 475 477 496 498 503 504 506 507 511 514 519 523 528 529 531 555 556 557 558 573 575 578 579 581 583 585 586 587 598 599 600 601 602 604 610 611 640 645 647 649 659 660 661 662 663 665 675 677 679 689 694 707 708
174 2 7 14 15 16 18 27 31 35 37 44 45 46 47 60 61 64 69 70 72 75 77 79 82 83 85 86 87 88 91 94 95 101 108 114 122 123 128 140 142 144 146 147 149 150 152 161 167 170 171 175 177 184 185 205 206 207 208 210 216 218 221 227 228 232 237 238 248 249 251 253 254 258 269 270 272 276 283 285 288 293 302 320 322 328 330 332 334 338 347 350 354 362 364 367 371 375 384 388 392 393 397 400 403 404 405 410 412 415 417 426 435 469 476 480 487 489 492 495 496 497 500 503 509 512 517 524 525 528 537 538 541 544 546 551 552 559 567 569 572 573 575 580 584 588 590 594 595 608 609 613 618 627 632 633 641 642 644 648 660 666 668 669 671 678 680 681 682 684 685 690 693 712 713
153 4 5 9 11 12 13 14 16 29 31 38 40 52 58 59 63 65 69 74 82 85 87 100 108 110 115 119 124 139 142 155 158 161 170 171 175 176 182 184 187 188 199 200 201 202 208 217 219 227 228 238 241 255 256 275 283 284 286 287 292 300 312 316 319 322 325 331 334 335 343 345 346 350 353 354 368 376 378 379 382 389 391 404 415 417 424 427 431 442 445 457 462 463 464 468 470 473 475 478 479 486 493 505 507 510 521 530 535 548 562 566 568 569 574 575 583 586 587 589 590 591 599 601 602 606 609 610 612 614 620 627 628 630 635 636 637 638 642 643 644 645 652 658 666 673 674 678 679 682 684 697 711 712
152 12 15 16 21 22 26 31 39 42 45 46 50 53 57 59 61 62 66 71 72 74 86 87 95 101 104 110 111 117 120 122 126 129 135 137 146 151 159 162 174 187 194 199 200 212 214 220 221 235 242 245 246 248 249 250 260 261 262 268 270 280 292 296 298 306 307 317 319 320 321 325 337 343 345 347 349 351 353 354 355 360 367 376 380 384 389 390 393 396 397 398 407 411 412 413 422 428 430 431 440 444 451 452 454 457 459 464 473 478 481 488 497 501 503 514 517 519 530 532 535 537 538 539 545 548 552 558 559 560 563 564 576 577 583 589 602 603 616 626 633 637 652 654 659 672 693 696 701 703 706 713 716
173 10 16 19 26 28 29 38 43 44 49 58 59 62 68 72 75 76 80 83 88 89 90 95 109 110 112 118 129 131 149 153 154 157 158 160 164 166 172 175 181 182 194 196 197 206 207 208 215 219 220 223 227 235 237 241 246 252 253 255 258 259 270 279 284 286 290 291 293 295 302 303 305 306 308 309 315 316 321 322 337 339 354 355 359 371 382 386 398 406 412 413 414 419 420 430 432 434 435 437 442 445 449 459 464 467 469 475 484 485 492 495 497 499 504 508 513 515 519 520 521 534 539 543 547 550 558 562 563 565 568 570 571 576 579 582 587 592 596 598 600 606 616 617 621 626 628 630 634 637 640 642 644 651 652 653 655 658 661 663 669 670 673 675 677 679 680 682 684 693 697 706 713 717
159 2 5 9 10 18 23 29 33 35 38 42 46 50 51 60 63 65 66 73 74 86 88 90 92 99 109 118 119 122 129 135 140 147 150 153 154 156 158 162 182 189 217 220 224 227 242 243 244 246 250 258 269 273 280 281 284 286 287 291 293 298 308 315 316 322 326 334 338 339 347 350 351 353 367 369 373 376 378 383 385 388 392 393 399 400 406 413 414 421 429 436 438 440 443 444 445 447 450 453 459 473 477 479 488 489 491 493 497 502 504 505 510 511 514 515 527 538 543 547 548 550 555 563 565 571 573 575 581 598 603 607 608 612 619 621 626 627 634 638 644 652 657 659 664 667 668 673 674 676 677 679 683 684 685 692 705 709 712 717
154 1 3 4 6 7 9 14 18 19 20 21 23 25 27 29 30 35 41 42 50 63 74 76 77 82 84 85 87 97 104 112 118 120 123 128 130 132 137 151 155 158 163 164 190 192 193 197 200 202 204 212 214 215 225 233 235 239 244 250 251 252 254 256 262 263 266 267 284 285 288 292 301 303 314 318 323 325 333 341 342 354 355 358 361 365 375 382 384 387 391 396 398 399 405 412 414 421 428 432 433 434 442 443 450 451 454 455 462 467 477 479 492 494 497 500 507 527 528 543 549 553 554 556 562 563 568 574 584 598 599 600 603 613 618 622 629 632 645 646 649 651 653 660 662 664 666 670 676 677 680 689 693 696 700
161 6 14 15 17 18 21 28 30 32 33 34 38 47 49 53 62 63 66 67 68 76 80 88 90 100 106 110 114 123 125 130 134 138 141 143 146 148 152 166 172 177 179 182 185 192 196 197 199 207 217 230 240 244 250 253 255 256 258 268 271 274 279 280 281 282 284 285 287 288 290 291 293 297 299 300 306 307 315 322 330 335 349 359 361 368 370 377 381 385 386 388 392 394 396 397 407 409 438 443 444 450 456 457 464 465 477 479 491 493 500 502 504 506 515 519 521 523 533 537 542 545 546 550 553 556 558 561 570 572 574 578 579 582 589 596 597 600 605 606 610 612 613 616 620 623 624 626 644 650 656 658 662 668 675 684 686 701 702 714 716 720
173 2 4 5 9 15 16 19 31 33 34 44 53 54 58 67 68 70 71 76 80 82 91 95 117 122 132 133 134 144 145 151 155 160 164 177 179 180 182 187 191 196 198 211 214 221 224 225 227 234 244 250 256 261 262 263 274 277 284 295 298 304 306 307 310 311 316 317 319 322 323 335 344 346 351 353 354 356 358 364 366 368 370 374 375 377 383 384 385 386 408 410 411 416 421 422 423 427 434 437 439 443 445 446 451 453 462 473 475 480 481 487 491 492 494 496 499 505 509 512 513 515 524 528 536 537 539 543 545 550 551 555 558 559 560 561 562 563 569 572 579 580 590 591 594 598 600 602 603 606 626 627 633 634 635 639 642 643 644 645 649 657 667 669 671 674 679 684 685 689 690 699 712 720
168 3 5 8 17 19 26 30 37 46 47 53 55 57 58 59 61 63 65 66 68 69 74 75 80 89 100 106 111 112 116 124 127 128 130 136 138 139 143 144 151 162 164 166 171 172 174 180 181 194 198 200 202 207 213 214 215 218 222 223 225 227 228 231 240 241 243 245 249 256 263 270 271 282 286 295 297 301 302 309 310 312 313 316 317 321 327 328 333 334 338 342 346 349 352 357 359 360 364 378 379 387 395 397 398 400 401 406 410 412 415 418 419 420 427 442 450 451 454 461 463 464 472 473 475 476 488 498 501 513 516 520 523 525 548 556 559 564 569 572 580 585 588 592 596 597 607 614 620 626 633 646 649 655 657 662 671 678 687 691 704 706 707 708 710 711 714 721 723
165 4 5 6 9 10 18 19 23 25 26 30 31 42 46 50 51 52 61 62 63 65 66 70 71 72 78 79 81 86 91 93 98 102 108 114 118 119 124 132 134 137 141 144 149 151 156 158 170 174 186 189 204 205 209 211 223 231 234 236 238 244 247 250 253 254 255 257 259 264 269 274 277 284 289 291 295 301 304 327 329 332 333 337 340 342 345 355 357 365 367 374 382 388 390 394 398 399 415 417 421 434 435 437 438 440 442 454 470 473 475 480 482 507 510 511 524 526 529 534 539 543 549 555 557 562 568 573 574 579 581 586 592 605 606 611 617 622 625 626 647 653 654 661 663 667 669 671 673 674 680 681 682 684 690 692 693 694 696 701 702 704 709 715 719 723
165 1 10 13 14 17 21 22 25 35 39 40 46 50 57 63 67 68 73 75 78 87 91 96 99 100 107 117 127 131 141 149 153 158 161 165 175 191 194 204 206 208 212 213 217 219 227 229 231 233 234 238 240 256 257 262 263 269 293 296 297 298 309 319 320 332 336 339 344 363 369 374 377 382 383 384 385 386 394 395 399 403 404 405 408 409 417 421 425 426 427 431 441 444 454 455 469 470 471 485 492 495 509 513 515 518 519 521 522 523 524 531 532 533 537 538 549 551 557 565 571 575 577 578 582 583 585 587 588 590 593 596 597 603 605 606 610 613 614 615 618 621 623 634 651 655 671 676 681 689 691 694 695 696 697 698 700 702 705 710 713 714 717 720 721 725
147 2 8 14 16 21 26 34 35 38 51 53 54 57 59 61 69 71 73 74 76 77 80 84 85 87 89 93 98 100 105 115 130 133 134 137 140 144 151 152 162 170 180 181 192 194 202 203 206 208 211 215 230 234 236 246 247 260 263 270 278 283 287 296 297 303 304 317 322 324 325 330 333 337 338 340 343 346 350 352 354 364 376 383 384 392 398 406 420 422 426 428 433 439 441 445 448 453 456 458 463 464 465 467 468 469 474 477 488 495 500 508 524 541 545 546 555 558 567 575 593 594 603 610 617 623 634 641 642 647 653 655 656 657 659 665 666 674 676 687 698 702 707 708 709 711 721 725
154 1 3 6 7 8 14 15 19 21 25 37 41 42 43 45 64 78 92 99 101 102 103 104 105 115 127 133 137 141 154 156 157 162 168 177 178 180 199 203 206 207 209 216 222 228 230 231 232 241 246 250 256 260 262 263 268 276 277 289 295 298 299 301 306 308 318 328 330 334 335 340 341 347 363 371 377 383 391 394 398 401 408 412 419 420 431 436 437 438 453 454 457 458 463 464 470 480 483 484 486 491 494 497 499 501 502 515 518 520 524 533 539 548 549 551 555 556 560 561 575 576 577 579 581 582 586 587 592 597 606 607 617 622 626 627 632 635 648 652 653 660 662 666 668 688 691 694 699 701 715 720 722 723 726
157 4 6 15 18 22 23 25 39 46 52 56 57 60 75 83 100 105 108 113 114 117 119 122 134 139 146 152 156 157 162 165 166 174 180 185 186 187 188 191 192 196 198 205 206 207 208 211 216 221 223 227 235 241 246 248 251 254 259 262 266 268 269 276 280 281 284 285 287 288 291 293 295 297 298 302 303 304 307 308 312 315 318 326 329 341 350 351 355 366 367 376 380 381 382 388 391 392 394 398 400 410 421 424 427 442 443 445 446 453 454 456 461 477 486 489 490 496 502 503 509 517 518 522 533 540 542 545 549 569 585 588 608 610 613 618 620 621 623 625 626 633 637 648 657 660 664 666 673 675 682 685 688 691 692 699 704 711
163 11 15 16 17 35 36 38 41 47 52 55 56 64 67 72 80 86 93 95 96 101 107 109 118 126 127 132 135 136 139 147 148 149 157 164 172 185 187 194 201 202 207 208 210 213 214 216 218 229 233 236 242 254 257 260 265 268 277 280 281 290 299 301 302 305 306 310 312 315 316 320 330 334 337 341 344 345 357 360 369 378 381 387 390 402 403 407 413 415 423 425 427 440 447 450 451 453 454 456 460 465 471 474 489 490 491 502 503 518 524 525 534 537 544 545 546 548 551 553 556 567 569 575 580 582 592 608 615 623 626 629 630 638 640 642 645 646 649 653 655 663 665 666 667 672 674 676 677 680 682 683 694 695 696 702 703 708 712 713 714 716 720 728
165 11 28 29 30 37 39 42 44 46 47 54 65 71 72 75 80 91 94 95 100 105 106 107 108 113 114 122 124 126 129 134 141 145 153 155 156 159 168 174 175 178 188 189 194 198 203 204 211 212 216 218 219 221 224 227 233 235 244 246 254 264 280 284 287 288 290 294 295 299 308 310 317 320 326 328 344 348 349 350 351 355 356 361 368 379 381 385 388 389 394 400 405 413 418 419 424 428 437 444 448 451 452 456 457 458 459 461 463 464 467 476 479 481 482 484 485 492 493 498 506 507 515 525 527 529 532 537 543 544 545 550 551 555 558 563 568 579 583 584 586 592 594 602 607 609 615 640 641 647 649 652 653 666 676 683 691 692 695 701 705 706 712 726 727 730
171 1 4 5 9 11 14 16 18 21 24 34 43 45 47 48 51 52 53 56 67 69 70 71 75 79 81 84 88 89 92 94 95 97 105 111 119 122 126 128 131 137 139 141 142 145 150 151 155 157 161 165 169 170 185 194 200 202 204 206 210 215 217 222 232 234 235 238 243 247 249 258 261 265 266 267 275 291 311 315 316 318 321 322 327 332 335 341 348 349 354 359 361 370 371 373 379 381 383 399 401 402 403 405 411 413 414 432 433 447 458 461 465 466 468 478 488 489 492 493 501 513 523 528 529 540 542 543 555 558 561 573 576 579 583 587 588 592 601 604 610 611 619 620 626 630 632 634 637 638 640 642 645 647 650 653 658 665 666 667 669 673 676 682 683 692 698 702 706 714 715 719
167 1 9 12 21 23 24 30 31 37 39 46 47 49 52 56 68 75 76 79 91 96 102 108 113 116 118 121 134 137 138 146 149 151 153 161 166 169 170 175 176 181 185 188 189 192 195 200 209 210 211 214 215 216 218 221 230 234 235 246 247 254 255 256 257 261 263 276 279 283 295 298 299 301 303 307 315 320 324 326 327 332 333 334 338 347 348 359 360 365 369 372 376 386 397 400 401 418 422 435 444 445 448 450 456 457 463 476 478 484 487 488 492 493 495 497 500 504 505 509 512 513 514 516 521 522 528 530 531 533 537 539 544 547 549 571 588 596 610 611 620 622 624 629 630 633 635 637 640 647 651 652 654 655 657 658 666 667 668 669 673 676 684 686 693 704 717 723
173 5 6 24 25 26 33 36 39 41 46 48 54 55 56 58 64 66 71 76 78 80 85 86 88 90 94 96 100 101 104 107 113 116 134 143 145 153 154 158 164 168 185 186 190 196 201 203 204 207 211 214 217 219 222 228 229 237 239 240 241 246 248 253 254 258 267 270 274 276 282 286 292 294 298 299 315 320 328 348 352 358 362 364 370 371 372 373 376 377 382 388 390 392 396 397 400 412 413 417 418 424 442 444 451 455 457 463 465 466 467 477 479 483 493 497 502 506 510 516 517 520 523 525 533 534 537 544 545 546 548 549 552 555 557 561 570 572 580 581 582 588 598 602 606 611 613 618 619 621 626 628 629 630 633 637 642 647 649 654 661 663 669 680 683 692 700 703 713 717 721 723 728 729
165 3 15 17 22 24 31 35 36 40 41 42 47 54 58 61 62 66 76 82 85 89 102 104 113 116 117 120 123 131 132 133 140 150 151 159 163 166 170 175 176 177 185 200 202 205 206 207 210 213 214 215 216 222 227 232 233 235 241 244 246 250 260 261 266 268 270 273 274 290 300 311 316 323 333 338 343 344 353 362 363 367 368 372 374 376 378 380 383 389 403 405 409 416 417 419 429 431 442 448 452 453 458 460 465 470 471 473 484 486 487 490 494 495 499 500 501 502 510 512 519 522 524 528 535 537 540 551 554 558 560 563 567 569 575 582 585 586 593 597 598 600 603 609 620 624 643 646 649 653 656 660 661 684 690 696 700 702 709 712 716 719 721 724 727 733
175 5 8 9 20 22 25 33 43 47 50 55 56 71 79 80 81 85 97 102 103 113 120 122 132 141 142 145 147 150 151 161 170 172 179 184 185 186 198 201 208 210 226 233 234 240 244 247 248 249 251 252 258 267 277 280 281 283 285 286 287 288 291 295 296 308 314 316 317 322 328 335 349 351 352 353 354 369 374 385 393 394 399 405 406 408 410 411 415 417 418 421 425 427 428 432 433 437 438 439 440 443 445 446 449 452 453 454 469 474 482 483 484 486 494 499 501 502 505 507 511 513 516 519 520 521 527 534 539 542 549 550 551 553 554 556 559 570 571 573 576 578 584 593 596 598 611 620 622 624 631 634 637 641 642 643 644 647 648 655 660 667 668 671 674 676 685 689 706 708 712 716 726 731 733 735
176 2 3 9 10 11 17 18 26 30 36 39 42 61 69 71 72 73 75 77 83 88 89 90 91 95 100 104 105 112 113 119 124 129 146 147 149 156 162 168 174 176 178 179 189 192 193 194 201 206 208 210 213 222 223 224 225 226 236 240 241 254 255 256 262 263 264 268 272 283 296 298 300 306 309 312 319 320 321 324 328 331 332 337 338 343 345 347 349 356 358 359 361 362 366 369 371 377 389 392 398 402 404 410 412 416 433 436 439 444 445 449 450 452 465 469 470 472 473 474 478 485 487 491 496 508 512 514 516 517 523 533 539 540 543 552 553 554 564 575 578 584 588 589 591 595 597 600 604 606 616 619 620 641 643 645 648 654 666 670 675 681 685 688 689 697 703 704 706 709 710 714 718 719 720 727 730
155 9 11 18 20 29 30 33 36 38 48 57 59 71 77 79 89 95 96 100 104 115 119 125 127 130 137 139 144 146 149 151 161 162 164 165 169 171 175 177 180 182 185 186 191 195 201 202 203 212 216 221 224 232 236 237 261 262 269 271 274 275 278 289 290 295 297 301 309 310 320 322 330 338 340 342 343 344 347 359 361 390 392 393 404 409 415 416 421 423 429 436 443 444 445 448 456 462 466 469 473 475 477 479 500 507 513 522 525 529 540 549 553 554 559 561 564 565 566 569 570 573 584 587 592 600 606 607 610 615 616 624 627 628 642 643 644 647 649 657 658 666 672 675 677 679 680 681 688 691 695 701 703 706 725 735
167 1 3 5 16 19 29 32 39 41 45 53 58 59 60 62 65 67 71 75 81 82 87 88 95 103 104 105 112 115 118 122 135 142 152 156 157 158 160 168 182 184 185 187 198 201 209 214 215 216 221 224 228 240 244 249 250 253 257 258 261 267 271 273 275 279 280 281 296 301 302 313 314 319 320 325 329 336 337 338 341 345 350 353 355 360 361 367 378 382 383 384 390 395 399 402 410 411 414 419 420 427 429 434 453 456 459 463 476 478 484 487 495 498 502 515 516 521 524 543 545 547 548 549 552 553 554 555 561 563 568 571 573 574 594 598 599 602 603 606 607 609 613 620 621 626 632 633 643 657 662 663 666 677 679 709 710 712 713 715 716 718 720 722 723 734 737 738
199 2 3 8 11 14 16 19 20 21 25 32 35 37 38 40 41 45 46 47 50 53 54 61 67 78 83 85 86 89 93 94 97 103 109 112 114 118 119 121 126 131 136 140 141 147 150 160 164 169 172 178 180 182 184 187 194 202 215 219 223 224 227 233 234 235 253 256 257 258 261 262 266 270 271 273 276 277 281 285 289 290 293 297 298 302 307 308 309 312 314 316 325 327 328 330 337 344 356 363 366 369 374 381 385 386 387 391 394 395 397 398 399 400 401 405 406 409 412 414 421 428 437 450 452 461 468 469 470 474 480 485 487 495 500 508 512 518 521 524 529 535 536 537 540 551 552 555 556 560 565 570 580 586 587 588 595 597 598 599 604 611 615 619 622 623 625 630 634 636 637 641 648 654 658 659 664 673 675 677 678 679 692 693 694 696 697 704 710 711 718 720 721 722 724 726 730 731 732 734
163 10 13 14 20 28 32 41 42 45 48 56 61 62 64 66 68 76 83 114 116 117 120 124 126 127 136 139 148 149 150 154 156 159 164 166 174 177 185 192 197 198 203 204 225 237 239 240 241 243 244 251 257 262 263 265 266 273 275 280 286 290 313 317 321 322 326 329 330 338 341 342 345 352 355 359 360 362 372 373 376 377 387 391 393 394 397 400 401 404 406 410 413 416 422 429 430 441 442 451 458 462 465 466 468 476 481 482 483 489 491 492 493 495 497 501 502 505 508 516 523 535 537 552 556 558 566 573 574 577 581 584 587 590 592 594 595 597 642 644 647 648 654 656 662 663 671 672 679 681 683 687 689 695 701 703 704 722 726 728 729 733 736 738
170 2 3 17 23 24 43 49 56 58 60 61 63 67 71 73 81 83 96 97 98 105 109 113 114 117 124 125 128 133 138 146 151 162 163 164 167 169 176 177 183 186 189 191 202 203 204 208 209 212 218 219 226 248 252 253 259 261 263 267 285 286 291 294 295 296 304 307 308 309 311 313 316 318 328 331 334 336 340 350 352 360 364 367 371 372 374 377 381 383 388 390 399 400 402 407 410 416 418 435 448 454 456 473 474 482 483 484 488 490 492 494 495 501 504 506 507 510 517 518 519 520 523 527 528 529 530 531 532 536 538 540 552 575 576 578 579 585 602 613 615 622 625 626 628 631 636 644 646 654 656 661 662 663 667 668 680 695 696 698 708 710 711 715 716 723 728 736 738 739 741
161 11 13 17 18 22 25 29 31 33 40 43 54 57 73 84 87 93 96 97 98 99 101 102 114 115 120 122 125 135 138 141 144 147 151 155 159 165 167 168 170 179 181 184 185 187 202 207 210 212 222 225 228 231 237 240 241 243 247 248 253 258 265 267 278 280 283 287 290 291 298 304 311 312 321 324 327 329 330 333 336 350 360 367 369 371 373 375 378 383 385 389 396 404 411 414 420 427 431 443 449 450 458 472 473 474 475 493 498 501 502 505 506 507 508 510 512 521 522 524 525 529 532 534 539 541 543 546 554 568 572 577 579 584 588 596 598 601 604 608 619 621 624 640 643 658 660 661 683 684 688 699 702 712 713 715 724 725 729 730 736 738
180 1 13 19 28 30 48 49 52 53 58 59 61 64 68 69 79 82 85 93 95 103 104 111 113 114 122 126 129 130 135 136 140 143 148 149 150 158 165 168 171 172 176 177 189 190 198 202 206 211 212 222 224 226 228 229 233 241 242 243 259 271 275 276 278 284 286 289 290 291 294 295 297 307 308 310 316 326 327 334 339 343 348 349 350 353 354 356 357 363 370 373 377 386 387 394 401 403 406 408 412 416 417 418 419 428 429 433 435 437 446 447 451 459 467 470 471 477 479 481 486 488 489 494 495 502 504 505 506 513 514 518 524 527 534 539 541 545 546 548 549 555 564 590 598 602 605 615 621 626 636 639 645 648 651 652 654 660 661 662 665 670 674 680 690 693 696 703 705 712 713 715 721 726 727 731 733 737 738 740 741
163 1 10 11 20 22 25 33 36 42 53 56 57 63 69 71 72 78 84 99 105 120 128 137 147 150 151 153 155 160 161 167 170 175 178 186 198 202 204 212 219 224 228 243 246 252 260 263 264 267 271 273 274 278 279 282 285 291 294 295 303 304 306 308 323 328 334 335 338 346 347 350 365 371 380 381 385 386 387 388 389 390 391 392 397 400 403 411 419 420 430 433 435 441 464 465 480 483 485 486 495 498 507 510 512 517 518 520 528 529 537 556 557 570 576 578 582 583 584 588 593 594 603 605 617 619 625 629 632 633 636 637 640 642 646 657 664 667 671 673 678 679 680 681 684 686 690 691 696 699 701 713 723 725 726 727 729 730 731 732 735 738 739 742
180 5 8 12 21 25 37 40 48 55 57 59 62 73 76 78 83 84 85 88 91 93 98 101 102 109 112 115 118 119 122 123 124 127 136 152 158 164 168 173 196 199 205 206 209 212 216 229 230 235 238 239 240 241 243 257 258 264 268 271 276 283 286 287 289 291 298 300 302 303 306 309 310 321 322 324 330 343 346 349 352 353 361 362 368 369 376 379 381 386 389 393 399 406 411 416 419 423 425 426 427 431 433 437 444 450 456 461 464 465 470 474 478 479 482 485 487 489 490 491 500 508 512 516 517 518 522 524 528 530 532 533 552 555 562 569 574 577 579 580 583 584 588 599 619 622 628 633 635 637 638 645 646 654 660 661 666 668 670 671 672 673 679 681 685 686 687 688 694 698 705 708 716 719 720 726 729 733 739 742 744
170 1 2 8 11 12 13 14 17 19 25 31 32 33 43 53 57 60 61 64 66 73 76 81 85 88 89 93 98 102 114 115 134 140 148 149 152 165 171 173 177 181 187 192 199 208 209 210 212 215 217 230 235 240 242 243 247 249 251 257 261 264 271 274 275 287 292 293 298 302 309 318 327 328 330 332 339 340 343 360 364 370 371 372 374 376 383 385 389 390 400 401 410 411 413 419 423 429 431 432 435 439 443 447 451 452 454 455 456 459 461 463 464 466 469 474 490 492 496 502 503 505 507 508 511 515 529 532 540 542 543 544 550 563 564 571 572 573 578 584 591 596 602 604 612 624 625 626 630 635 642 653 658 660 661 662 663 669 671 678 683 688 690 691 697 704 705 719 724 729 741
173 8 11 18 22 25 27 38 41 42 45 46 53 58 59 60 67 74 78 81 82 89 91 92 94 102 104 107 108 109 113 116 118 120 130 134 135 139 148 157 160 162 165 167 168 172 181 184 192 200 214 216 221 222 227 228 229 234 235 237 242 247 251 258 260 262 269 270 271 281 286 289 290 294 295 300 307 314 320 322 335 340 345 354 357 359 362 366 367 373 375 377 379 382 386 393 399 410 421 423 425 429 432 433 434 441 445 450 451 456 462 466 468 474 476 478 481 488 493 503 508 514 520 529 530 542 545 550 551 552 566 569 576 585 589 596 602 608 619 624 626 631 637 641 646 650 653 654 655 657 667 671 678 680 681 685 686 689 693 697 701 705 707 710 711 712 713 716 728 732 735 742 743 747
165 4 15 18 19 22 30 31 36 41 50 51 52 59 60 63 64 69 74 75 82 84 88 95 96 98 101 104 113 117 126 128 140 148 151 153 154 160 161 162 164 167 174 177 189 194 196 197 203 206 210 211 223 229 254 256 267 272 274 275 276 279 287 294 306 307 309 311 312 314 320 329 335 345 352 357 362 365 367 368 369 380 382 388 392 404 410 416 417 423 426 428 433 434 441 445 449 454 465 469 476 478 488 489 492 497 500 503 506 507 508 513 515 521 525 526 532 535 536 538 540 543 551 554 556 559 564 568 574 578 585 586 588 595 599 613 626 628 633 637 641 651 654 658 659 661 663 670 681 686 688 691 693 701 704 709 710 711 717 720 723 724 728 732 733 734
173 7 9 10 11 17 20 22 23 46 50 54 55 59 61 62 64 66 75 76 80 82 84 85 93 94 95 103 106 107 108 109 114 118 128 130 133 138 141 143 144 145 152 158 161 166 169 175 187 193 196 200 204 210 212 213 219 230 231 233 234 235 240 244 245 250 253 256 258 263 266 267 275 280 283 314 318 319 324 330 331 332 333 336 337 345 357 375 378 382 395 398 399 401 403 411 415 416 417 420 422 430 437 442 444 446 448 449 451 454 455 457 458 459 462 464 471 473 476 481 484 485 495 497 498 499 502 504 505 511 514 515 519 521 526 531 545 547 556 559 560 565 566 569 572 575 576 590 591 597 603 609 614 615 622 631 634 648 653 656 660 661 674 676 691 692 697 698 700 703 705 737 741 744
176 4 18 24 28 29 30 31 35 37 41 55 58 61 64 69 78 81 85 93 98 103 106 123 125 130 138 140 142 143 146 147 151 156 162 164 165 166 170 171 173 175 184 185 204 205 208 209 210 212 216 219 221 227 228 232 234 235 238 245 246 249 250 255 257 259 265 270 271 286 287 291 295 298 300 301 304 309 311 314 319 320 323 324 327 339 345 356 359 365 384 386 392 393 395 403 406 411 418 425 428 437 451 453 459 461 467 469 488 489 491 494 496 497 498 500 509 514 518 519 520 521 524 525 527 529 533 534 541 550 552 558 564 566 570 571 578 579 584 587 598 607 609 613 615 625 631 634 635 636 637 641 644 658 662 664 667 668 672 674 676 685 691 695 696 697 700 705 717 719 720 721 725 729 730 740 742
188 1 2 13 14 18 20 21 27 30 40 45 46 53 56 58 59 62 63 65 70 75 79 87 88 89 106 107 108 110 111 117 118 119 124 133 135 140 142 154 157 162 171 172 173 175 176 189 200 207 210 211 212 214 217 221 222 223 225 228 229 238 240 254 255 261 267 270 272 273 276 277 278 285 287 288 289 301 304 305 306 314 316 338 349 356 357 360 363 365 366 371 380 381 383 385 393 397 408 411 413 417 423 424 433 434 435 436 440 441 443 449 451 458 464 466 469 474 477 478 486 490 491 496 502 506 512 521 534 538 541 542 544 549 550 552 560 564 565 567 568 570 571 589 590 591 592 599 600 601 603 606 608 611 619 625 630 636 638 648 650 655 656 657 658 661 666 667 668 672 679 682 683 687 692 696 697 706 707 710 717 722 725 734 737 739 743 745 749
184 1 3 13 19 25 32 33 36 40 48 62 64 65 66 68 69 70 72 73 76 80 82 87 92 104 107 112 115 118 120 121 122 124 126 131 139 140 147 161 171 174 176 180 195 196 197 198 205 206 207 211 212 214 217 218 221 236 238 241 242 247 248 252 260 262 263 268 269 273 280 281 293 305 315 321 323 329 334 337 338 339 345 348 349 350 351 360 366 367 374 378 380 385 395 397 406 408 419 423 425 433 443 448 450 456 466 469 470 473 476 477 480 486 488 490 500 502 503 507 508 513 515 516 520 521 522 523 524 533 539 542 547 555 559 567 582 584 587 588 591 595 598 601 605 611 615 620 625 631 633 640 644 646 649 650 655 657 658 660 661 663 665 666 669 671 672 676 678 679 681 683 688 692 695 698 705 708 711 731 736 742 743 744 748
190 3 5 6 8 11 13 14 16 20 23 26 28 30 32 37 41 45 46 50 56 60 66 71 83 84 92 94 105 107 113 116 120 122 125 129 131 135 137 142 146 153 154 161 163 164 165 172 176 183 184 196 201 208 212 214 216 217 218 225 226 228 234 236 239 255 256 267 268 269 272 275 279 281 284 285 286 292 294 298 301 304 305 311 313 320 323 324 325 326 327 328 332 333 335 340 343 344 346 351 355 356 359 362 366 368 369 377 384 391 396 400 405 413 420 421 423 424 428 429 449 452 453 463 466 471 474 475 483 486 496 507 513 515 516 521 522 529 532 535 536 545 546 549 553 554 555 557 564 570 579 582 587 589 592 597 613 614 617 623 625 626 630 642 645 648 649 653 655 656 673 678 688 689 690 691 699 701 703 707 714 716 717 723 729 730 736 737 741 746 749
197 2 5 7 9 13 14 16 18 19 23 26 27 32 35 36 37 39 43 46 47 52 54 63 64 71 73 76 78 79 83 86 88 90 93 105 108 116 128 131 138 139 145 147 153 158 160 164 165 168 176 185 187 197 204 205 206 207 208 212 214 215 216 220 222 225 228 230 231 235 236 247 248 249 252 254 255 256 259 261 262 265 269 271 278 281 284 287 290 299 307 309 315 317 319 327 329 332 334 338 342 347 350 351 355 359 363 365 366 371 375 376 377 380 383 389 391 401 402 407 416 417 418 419 422 427 428 430 432 440 441 451 454 455 458 463 472 475 480 482 487 489 501 503 517 519 520 523 526 530 534 539 544 550 553 554 557 559 562 564 565 572 573 574 578 581 586 590 597 599 612 614 616 628 631 633 642 649 650 652 656 659 660 675 688 689 690 698 703 706 721 723 728 731 739 740 746 750
176 2 7 11 12 16 17 20 25 28 30 31 32 44 49 52 55 58 61 62 66 80 85 90 105 116 123 126 131 134 143 147 148 155 157 161 163 172 173 181 183 184 196 199 200 203 205 210 226 231 233 236 239 240 241 245 248 259 262 270 277 279 287 288 290 293 294 300 302 307 309 315 318 326 331 336 338 340 341 346 350 354 370 371 375 381 382 389 390 400 406 409 415 424 425 428 440 442 444 462 464 467 471 473 481 483 484 486 487 488 494 495 504 508 509 510 514 516 518 520 523 531 535 537 547 550 552 558 560 562 564 570 572 576 577 580 581 587 590 592 594 596 598 600 609 611 612 627 628 631 636 646 657 663 664 673 678 679 687 689 691 697 703 711 713 716 717 722 733 739 743 744 745 746 747 752 755
157 1 11 21 28 39 44 51 64 65 67 68 71 75 79 80 89 91 103 104 113 114 131 138 144 149 150 151 164 165 172 174 181 183 190 192 193 196 201 206 217 220 221 225 228 232 233 235 236 239 240 242 244 255 260 262 274 276 287 292 293 305 311 314 320 339 347 349 351 357 366 368 375 382 383 386 387 392 397 398 405 406 407 412 416 422 423 425 428 433 434 438 442 450 451 461 462 463 468 486 493 508 513 514 515 522 533 543 546 551 552 556 557 558 560 573 580 583 586 590 591 592 594 596 602 606 608 614 619 624 626 630 633 634 635 645 653 654 661 666 681 683 686 691 700 702 710 718 720 722 724 727 736 743 745 746 748 752
173 8 10 19 27 31 35 39 43 48 51 53 60 62 65 69 70 73 74 80 81 82 92 108 116 117 127 129 134 148 150 157 158 161 164 170 174 186 190 192 193 195 197 198 200 205 208 232 233 241 247 249 255 260 264 271 273 274 277 280 284 289 290 294 295 308 313 321 326 327 335 337 340 341 350 358 365 366 370 371 383 393 394 400 403 405 410 412 414 420 423 424 425 432 441 442 449 461 466 469 470 472 479 480 485 487 494 501 502 512 518 524 527 530 534 551 553 557 561 563 564 565 568 569 578 579 580 589 594 601 604 612 617 619 625 631 638 645 653 656 657 665 670 673 675 676 679 684 690 691 692 693 698 699 705 706 711 713 716 717 719 722 723 724 731 739 740 746 748 752 753 755 756 757
208 9 14 24 27 28 29 33 36 39 43 47 49 51 55 56 59 63 64 72 74 81 85 88 91 97 101 108 115 118 120 126 131 132 135 138 140 148 152 156 158 160 161 163 164 167 170 171 172 174 176 178 180 185 188 193 205 210 217 220 226 228 229 230 233 241 243 244 249 252 254 267 275 276 277 282 285 287 288 289 290 295 296 299 310 314 316 320 327 331 337 343 345 349 351 353 358 359 360 366 372 374 377 378 382 384 386 393 398 401 402 403 404 406 408 411 412 415 418 419 425 431 432 435 444 453 458 460 464 468 469 471 472 478 479 483 486 488 492 499 501 502 503 504 508 514 519 520 526 529 531 541 544 546 551 552 554 565 569 570 571 574 575 579 587 588 592 598 602 603 604 610 613 615 616 619 620 624 625 630 631 634 638 648 651 653 654 659 661 665 666 668 681 683 686 694 695 698 701 705 720 735 738 739 745 749 751 754 757
174 9 14 15 16 19 21 26 28 37 41 43 44 46 47 51 54 57 62 65 68 70 75 84 87 89 91 96 104 108 110 116 121 124 127 133 136 141 142 155 158 159 168 172 175 188 194 198 216 217 220 223 224 226 229 252 256 263 264 266 271 272 279 280 285 289 290 294 295 298 300 303 317 320 324 333 334 343 346 348 350 360 364 366 374 377 379 413 420 421 424 425 426 428 429 430 432 435 437 443 449 451 456 462 464 465 466 479 480 488 495 505 507 509 513 514 515 516 519 521 522 531 537 542 545 559 561 562 568 580 581 586 590 597 605 607 615 618 621 622 626 631 632 640 648 651 652 653 657 662 665 668 679 683 684 686 692 693 697 701 705 707 708 711 717 720 721 731 737 739 743 748 752 756 759
185 2 15 18 19 34 35 37 39 46 48 51 56 57 58 59 61 62 64 81 86 88 93 95 98 99 102 104 105 108 117 122 125 131 136 140 147 155 156 158 160 165 170 171 174 179 180 184 194 195 201 208 213 218 219 230 232 236 238 242 246 247 254 255 257 258 263 265 268 270 284 285 286 293 294 302 304 307 310 311 317 321 322 324 326 337 346 349 352 360 364 367 371 374 376 384 386 388 392 394 395 397 401 402 404 410 419 427 439 440 443 445 448 450 463 466 467 469 476 486 494 498 503 504 509 512 514 521 524 525 531 535 538 545 546 549 559 561 575 581 596 597 601 614 615 623 630 632 634 640 647 649 651 656 657 658 661 662 664 669 670 672 673 675 677 678 690 694 697 699 707 709 711 715 717 718 721 724 735 737 740 743 746 747 748 756
191 8 9 11 13 18 21 22 30 31 32 39 41 44 46 48 52 54 57 60 68 72 74 75 77 80 81 82 84 93 97 101 103 119 123 130 131 133 136 137 147 148 150 159 162 163 164 167 168 169 170 178 193 194 198 204 207 208 216 220 221 228 230 231 233 243 244 246 256 261 263 264 265 268 272 273 274 275 278 281 282 285 288 289 294 301 302 311 323 326 327 329 331 333 339 343 344 347 348 349 354 358 360 364 367 370 371 373 375 382 383 387 388 393 399 403 404 410 413 416 429 430 431 435 439 441 444 445 455 458 471 472 480 485 491 496 506 516 517 519 520 521 525 527 528 535 545 548 553 560 570 574 578 583 590 593 601 613 614 617 618 628 630 640 644 648 656 660 662 663 668 675 681 683 691 704 706 707 713 723 725 730 731 737 740 746 747 752 753 754 758 759
162 5 9 13 15 21 22 25 28 29 39 49 58 59 65 73 77 78 84 86 100 102 105 109 118 123 124 128 129 134 142 144 149 153 155 157 160 165 167 169 173 178 179 180 191 192 193 194 199 200 205 206 212 213 217 222 224 231 232 235 238 239 251 252 257 260 271 273 280 289 290 294 303 306 315 324 332 336 337 340 341 344 346 347 354 356 357 360 366 372 377 386 387 394 395 403 412 421 429 437 441 448 454 455 461 462 467 471 478 486 489 492 496 502 506 507 514 525 528 531 533 556 559 569 575 590 593 597 601 603 611 613 614 615 623 626 627 634 645 647 648 649 654 657 658 670 677 680 681 684 687 693 696 709 714 716 720 722 730 732 738 741 746
191 10 13 15 16 19 20 27 29 33 45 49 51 54 56 65 77 78 80 94 98 100 105 107 110 111 114 123 125 126 127 137 144 148 151 152 168 170 175 176 177 179 184 188 189 192 194 202 218 225 229 230 231 232 237 238 242 243 249 250 251 252 254 259 261 262 268 275 282 288 290 292 295 300 302 303 308 310 314 316 317 318 319 321 329 330 333 339 341 342 344 345 348 350 361 362 365 368 372 374 378 379 383 387 389 391 396 401 402 404 405 412 417 421 430 431 432 456 457 459 461 465 466 474 478 489 491 492 493 496 498 503 505 512 514 522 523 526 531 532 539 542 543 545 548 552 555 556 557 564 567 570 571 573 574 575 579 584 591 593 594 602 604 605 615 617 624 625 629 632 637 638 640 645 647 655 661 662 677 686 688 703 705 708 712 716 726 728 730 750 752 758
179 2 3 4 9 10 11 14 30 31 35 41 58 67 70 74 78 79 85 89 93 99 103 104 109 111 112 116 118 120 121 124 131 132 133 138 139 140 143 147 148 150 156 161 163 167 169 183 191 193 196 199 202 204 212 213 215 216 223 235 236 237 240 241 247 248 257 258 271 272 274 279 280 282 294 296 297 299 305 316 318 322 323 325 328 329 330 331 338 339 341 342 348 365 369 376 381 382 384 385 390 391 395 396 400 401 403 407 421 422 424 431 433 442 443 450 454 455 456 464 469 475 478 480 485 494 495 500 502 514 519 521 537 538 540 544 549 550 552 555 556 568 569 572 574 578 591 592 595 600 601 612 622 624 641 647 648 649 663 671 681 684 695 707 711 720 727 729 734 737 738 744 747 748 752 759 760 761 762 763
178 3 7 10 13 14 27 35 45 47 50 64 66 74 76 83 87 89 91 96 99 101 102 108 110 114 115 120 123 127 128 129 130 134 151 153 154 155 168 173 179 183 188 193 194 202 208 209 210 214 217 226 227 235 242 243 251 253 256 257 262 265 267 271 277 284 286 291 292 295 299 301 305 313 316 319 323 324 331 337 342 345 349 355 356 364 366 371 379 386 392 396 405 406 413 414 417 419 428 429 431 432 439 440 441 442 443 448 452 453 455 467 468 469 472 477 480 482 490 495 507 508 515 526 527 528 533 535 537 538 539 541 547 554 555 559 563 565 571 575 583 587 592 594 600 610 613 614 621 625 627 630 641 642 648 653 656 659 667 675 679 681 688 690 693 694 698 710 720 721 725 733 739 744 747 753 755 760 764
188 4 8 9 10 11 12 15 21 22 27 31 33 36 38 42 43 57 58 63 71 73 77 82 88 90 95 99 106 107 114 116 117 118 120 138 140 142 147 148 156 160 164 166 167 170 172 174 175 183 189 190 192 196 207 220 222 224 235 242 248 249 253 256 258 260 271 274 275 277 279 283 285 290 292 301 302 305 309 312 315 318 324 327 330 331 332 337 339 340 344 347 360 364 383 388 390 397 400 405 406 408 409 414 419 421 427 429 437 439 454 457 461 464 465 467 469 471 472 483 484 485 487 491 501 502 503 506 509 510 516 523 524 526 534 537 541 546 551 555 557 562 563 568 569 571 576 586 588 592 593 603 604 605 606 607 614 621 622 627 634 636 643 646 649 652 657 658 666 668 670 671 672 674 676 684 692 700 706 708 721 726 728 729 738 750 755 758 763
191 2 4 9 16 33 34 38 39 43 44 45 46 52 54 57 72 74 79 84 99 107 108 111 115 117 119 132 136 143 145 150 156 162 163 164 165 166 170 172 174 177 183 188 189 194 197 198 202 205 212 214 215 218 219 220 233 236 242 245 246 254 255 256 259 261 272 278 283 287 290 291 293 298 300 306 312 313 316 323 324 325 336 340 352 363 364 379 383 384 385 386 387 392 393 400 401 407 413 420 428 431 438 446 448 451 461 462 469 470 472 476 482 489 494 497 501 502 503 504 508 510 517 518 520 528 534 536 537 539 544 547 554 559 560 565 568 570 571 573 574 576 579 587 593 597 598 599 600 601 602 605 610 619 623 637 641 644 648 649 657 664 669 671 681 683 684 689 691 693 694 695 701 703 704 705 707 708 713 714 718 721 724 728 733 734 736 750 751 754 756 759
190 3 8 10 23 24 25 30 31 32 34 35 46 59 60 65 66 69 70 75 76 79 81 85 89 98 99 104 106 132 137 141 146 147 150 152 154 159 160 164 169 171 185 186 190 191 199 200 205 206 210 212 214 215 219 221 223 224 225 226 229 232 235 237 240 241 242 249 257 261 267 269 272 273 289 293 294 300 301 307 314 318 321 322 326 330 334 339 340 347 355 360 361 365 368 376 381 383 385 389 399 400 404 406 410 413 415 418 419 425 427 433 435 436 441 449 451 456 459 460 473 475 482 483 487 488 493 498 499 500 502 505 508 511 515 517 529 531 535 547 548 549 555 559 560 562 563 564 571 573 576 580 582 585 588 589 590 594 596 598 606 607 610 611 613 616 619 620 622 625 646 657 673 680 681 686 689 691 696 700 708 714 721 723 727 729 732 733 736 760 768
172 2 6 17 22 26 28 36 39 47 48 57 58 62 64 82 84 89 91 95 100 101 106 108 113 115 123 124 125 127 130 137 140 141 144 151 153 156 163 165 167 176 177 179 182 183 186 190 194 203 205 206 207 217 220 226 237 240 241 242 248 257 260 262 271 272 276 289 293 299 301 306 316 319 332 341 344 346 347 355 358 367 369 371 372 376 381 385 387 388 390 395 397 398 411 412 416 418 420 424 426 431 433 434 437 451 455 460 461 470 476 477 496 500 512 513 524 529 535 540 544 549 558 563 564 566 570 572 578 582 583 586 589 590 597 599 604 607 609 626 646 653 654 655 671 673 676 677 678 680 683 686 693 706 710 712 714 722 725 731 733 734 737 740 742 746 750 753 754 755 758 759 765
191 1 2 3 4 7 8 12 19 20 22 32 33 44 47 51 53 55 56 60 64 67 70 74 77 80 81 83 91 93 105 106 111 119 129 130 133 136 144 149 151 160 161 164 168 178 180 184 191 193 203 209 216 217 221 225 231 234 236 237 238 240 252 257 264 265 267 269 273 280 291 294 300 301 303 305 309 313 314 316 319 325 326 327 328 330 338 347 349 350 354 357 360 367 369 370 375 376 385 386 391 395 396 398 403 406 408 413 418 420 421 428 433 439 442 445 447 449 450 457 466 480 481 482 490 492 494 500 507 524 526 528 534 539 543 558 562 563 566 568 571 572 575 578 581 594 596 597 602 609 610 615 618 620 622 623 630 633 636 644 646 649 650 658 659 663 667 671 674 676 678 680 682 684 686 687 689 690 697 703 721 723 732 735 743 747 750 751 753 754 759 766
195 1 7 14 19 39 49 51 52 58 60 63 64 68 70 71 72 74 75 77 79 82 83 86 88 98 101 103 104 106 107 109 114 125 127 129 131 137 140 148 150 151 152 155 161 162 163 170 178 182 190 199 200 208 210 216 220 221 227 228 230 231 234 236 239 256 258 260 266 271 275 276 277 280 282 283 287 290 297 299 301 309 311 314 325 328 338 349 352 360 368 374 377 378 383 386 390 396 401 410 414 415 416 421 424 430 440 441 442 443 444 445 458 459 462 465 466 469 476 479 480 492 500 508 512 516 517 521 522 523 527 531 533 536 546 554 562 563 565 568 569 574 576 581 588 589 592 597 598 599 604 612 616 619 620 621 624 626 628 638 648 649 650 653 659 668 673 674 681 683 685 686 690 692 693 694 703 711 713 715 716 718 728 729 730 732 736 741 750 753 754 755 757 762 766 768
179 12 15 16 17 18 20 27 30 31 36 44 49 50 52 53 61 63 69 70 72 75 79 80 82 94 95 96 97 98 101 104 109 111 119 120 121 125 130 131 135 148 156 163 164 166 171 172 175 181 193 194 201 202 208 209 213 237 246 247 249 253 255 259 266 269 273 276 281 287 288 291 298 299 309 314 325 340 351 356 357 358 360 362 364 367 369 370 375 377 387 397 409 411 412 417 418 421 424 425 426 429 434 435 436 439 445 446 449 456 463 464 465 468 478 480 481 489 497 499 501 502 512 518 519 520 524 531 535 544 547 550 558 560 571 572 576 580 582 586 594 597 599 603 606 607 613 622 625 630 637 653 654 655 656 661 663 666 667 669 679 693 694 697 700 715 720 726 729 733 743 745 747 749 757 758 759 762 767 772
177 4 8 9 11 12 15 17 20 23 24 27 33 35 40 44 48 57 59 69 72 73 80 82 83 91 92 102 104 107 111 127 132 143 145 147 163 164 174 175 180 183 193 197 199 200 201 207 214 224 225 227 228 232 235 240 241 247 256 257 258 259 270 279 292 295 303 311 312 313 315 319 327 341 351 356 358 362 365 369 374 382 385 391 392 401 405 406 409 412 413 414 417 418 419 420 426 433 444 449 450 459 460 463 464 469 470 472 473 476 482 485 489 490 493 495 499 507 510 511 513 521 528 537 539 545 553 554 558 563 580 588 592 594 601 604 609 610 617 619 622 624 626 633 643 654 656 660 661 662 667 668 672 676 687 701 706 707 709 710 713 716 720 724 731 732 733 734 735 739 741 747 750 756 761 764 770 771
175 1 5 6 13 19 20 26 30 31 34 41 49 52 55 61 66 68 71 75 76 77 78 88 94 95 97 98 99 109 123 125 126 128 131 132 141 150 155 161 162 167 168 171 172 177 184 185 191 196 200 204 211 225 227 230 231 247 248 255 262 263 266 274 275 278 280 283 285 288 292 298 299 301 305 312 322 326 330 331 333 335 338 342 343 357 359 366 367 372 373 380 383 388 396 403 407 408 411 413 414 415 420 424 428 433 434 436 437 446 449 452 455 461 462 469 472 483 485 494 499 511 516 517 518 524 526 540 545 548 549 552 568 570 571 579 583 593 595 602 603 610 615 618 622 645 652 654 659 665 669 670 671 672 674 677 685 686 697 701 726 727 731 732 735 736 747 748 750 752 754 755 764 768 772 774
162 13 22 23 31 32 35 37 40 41 46 48 49 50 51 54 56 62 63 67 68 75 84 87 96 108 109 112 114 116 119 121 141 145 155 160 162 167 170 171 174 177 178 181 187 192 194 200 202 209 210 213 215 218 219 222 233 238 249 258 259 260 267 268 269 272 280 298 310 314 316 334 340 343 346 347 353 356 361 375 381 384 390 393 398 403 405 406 415 420 426 431 436 439 443 445 454 455 460 470 471 480 488 492 502 507 511 514 526 527 530 540 544 548 550 554 558 563 571 574 581 596 603 604 615 617 619 629 632 634 635 646 651 663 665 672 675 677 678 679 680 686 687 690 699 702 703 706 715 720 729 740 744 749 750 756 757 758 759 760 764 771 772
183 2 3 7 15 18 26 33 36 38 62 64 66 67 68 70 73 76 77 79 80 89 91 92 97 106 107 110 114 115 116 120 121 123 127 134 143 145 153 157 158 159 160 170 171 186 188 189 190 192 195 197 199 206 207 211 214 222 224 236 240 245 246 251 261 262 271 279 280 284 286 288 291 292 293 297 299 300 304 322 323 336 338 344 346 351 354 358 359 364 367 378 385 388 389 395 399 408 410 411 415 421 429 432 433 437 438 442 444 446 447 449 451 454 460 462 463 470 477 479 486 487 488 494 496 502 509 512 515 516 520 530 542 547 554 560 567 569 571 572 575 583 584 592 593 594 598 600 606 609 622 626 627 638 639 644 645 648 650 653 654 663 673 677 698 701 706 712 713 716 727 734 742 743 746 748 756 757 761 764 767 768 770 774
175 15 29 30 41 43 45 51 54 55 63 66 74 82 97 106 107 116 118 127 131 133 137 141 144 151 157 158 159 161 162 163 166 169 173 178 181 192 196 197 209 218 223 225 226 230 233 234 235 242 243 245 248 254 256 257 264 265 279 283 284 286 289 296 297 298 302 304 305 306 319 335 336 345 353 357 369 370 381 383 388 391 405 407 411 412 416 427 438 441 444 449 457 458 463 465 466 471 476 478 479 480 482 483 488 489 491 496 497 501 510 514 517 518 519 527 528 538 544 547 553 563 564 571 580 586 587 590 591 601 602 606 610 614 618 620 622 625 626 629 630 636 641 642 643 647 659 660 674 676 681 682 683 685 686 688 693 704 709 711 723 725 729 731 733 737 742 744 751 752 754 755 757 760 765 771
192 13 20 25 28 32 35 41 43 52 56 59 60 67 68 69 70 72 84 86 94 96 98 104 106 107 108 115 117 128 131 138 145 147 148 150 154 157 159 161 162 164 170 173 176 178 186 191 196 199 201 202 204 211 217 220 231 234 236 239 240 247 253 261 265 279 286 295 299 303 307 308 313 314 317 320 321 322 323 324 325 329 336 338 339 341 344 348 350 351 355 356 360 363 364 367 372 380 385 387 398 401 402 404 407 411 413 422 424 430 431 440 442 443 458 462 466 467 489 493 496 503 505 507 509 510 511 514 521 524 536 543 553 554 558 559 560 563 565 569 573 575 581 583 587 591 592 594 595 597 598 602 605 607 616 618 621 624 636 641 642 647 654 658 659 660 666 668 671 675 681 683 688 695 697 706 708 718 727 730 745 747 751 753 756 757 760 761 764 765 767 770 778
200 1 5 6 8 15 17 26 27 29 31 32 33 35 36 38 42 43 44 49 53 55 57 59 61 62 65 73 76 82 85 91 99 100 101 108 114 120 122 138 141 143 144 153 155 160 166 169 176 178 180 182 183 188 192 196 204 205 211 213 222 223 224 225 227 234 243 244 248 249 252 257 258 259 260 263 272 277 280 281 288 291 297 301 302 305 306 307 308 310 316 319 322 323 325 326 328 332 333 338 341 370 378 385 386 390 393 403 406 411 422 423 426 429 431 439 444 452 454 455 468 474 479 482 489 497 498 502 505 510 514 515 517 520 523 534 535 539 543 545 547 553 554 560 563 564 567 569 571 576 578 584 586 587 596 602 609 613 624 633 635 642 643 646 648 649 653 663 673 675 679 681 688 690 693 694 696 700 705 710 714 717 718 720 722 724 727 728 729 732 739 747 750 751 752 753 758 762 767 770 777
174 9 19 23 24 29 31 32 33 35 37 42 44 45 48 53 57 58 60 63 64 69 74 84 86 90 99 106 109 114 118 128 132 141 142 145 147 148 155 156 165 167 169 170 175 177 180 185 189 196 197 200 207 212 216 222 224 230 232 239 245 255 258 261 262 266 269 271 272 286 290 291 292 303 305 308 309 340 350 359 364 374 379 384 386 391 398 399 402 404 408 410 414 415 420 425 430 434 441 443 448 451 452 453 455 458 469 471 474 478 484 490 493 495 497 498 503 505 506 508 510 513 518 522 526 536 539 547 558 561 563 568 569 571 574 575 576 577 582 594 596 598 600 604 607 611 626 629 630 639 644 650 659 668 669 674 678 691 693 694 697 711 714 722 736 739 742 744 746 748 757 759 769 779 780
191 1 3 6 7 20 22 29 36 38 41 43 47 48 49 51 53 58 60 69 74 80 82 85 92 102 106 107 113 114 115 118 122 126 127 141 144 150 154 159 162 166 169 172 179 188 190 195 196 197 202 204 208 209 212 219 221 222 223 229 254 256 258 262 266 267 268 275 276 280 283 291 292 296 298 301 305 309 311 312 327 332 336 337 339 345 348 353 356 358 365 367 370 373 382 385 396 397 399 401 404 409 415 416 418 428 432 437 440 441 451 457 461 463 464 465 467 472 480 485 487 488 491 492 494 501 502 508 510 511 512 513 514 515 523 530 532 535 539 547 550 553 554 557 559 562 563 564 565 567 568 571 572 576 585 588 589 592 594 607 629 632 640 641 648 653 654 658 666 669 672 675 690 691 693 694 699 701 704 715 726 729 730 732 733 749 751 759 761 766 774 780
187 3 22 23 26 28 30 32 36 38 39 42 44 45 46 51 53 56 57 59 62 64 72 76 78 84 87 89 92 94 97 99 102 103 104 112 114 130 131 135 136 143 144 154 158 167 171 175 183 184 185 187 188 195 201 210 212 221 235 238 240 243 253 268 278 279 282 283 291 295 313 328 332 340 341 343 345 346 347 350 355 358 371 373 379 380 382 384 394 398 407 419 431 432 443 450 451 454 455 456 461 464 465 472 477 478 479 481 482 483 484 487 488 491 496 497 502 505 509 518 519 524 528 533 542 543 545 547 554 559 560 562 564 566 571 573 579 583 584 586 588 591 593 594 598 599 604 606 613 615 625 627 628 638 639 640 641 649 653 654 663 664 667 668 671 672 679 680 681 689 703 709 710 712 715 718 729 738 744 753 757 759 762 769 775 776 779 780
191 3 5 8 11 14 16 20 24 44 46 47 49 51 54 55 59 65 66 68 71 73 74 77 78 92 100 103 108 112 113 119 121 122 124 132 139 140 141 142 151 152 153 155 156 165 166 172 182 183 185 186 187 191 193 197 208 214 220 227 230 237 238 245 259 263 265 282 285 286 287 289 291 293 294 296 298 307 309 320 321 330 335 336 337 346 350 353 354 355 359 362 369 370 371 386 387 389 391 403 408 416 431 441 443 444 448 452 453 459 463 464 472 476 481 483 489 491 492 495 497 502 510 521 523 529 530 533 538 539 540 544 545 548 550 551 552 553 554 555 556 559 562 564 567 572 575 589 591 596 600 609 618 621 622 628 642 649 652 654 659 664 684 690 695 696 702 703 707 709 710 716 719 720 724 726 730 735 742 743 746 747 749 752 754 755 757 763 764 768 776 779
174 4 5 6 9 14 22 26 39 41 48 53 57 59 61 63 71 73 84 85 94 107 109 111 131 133 135 138 139 143 145 149 153 161 164 165 171 177 180 184 185 188 191 192 193 202 208 212 217 220 233 238 241 247 260 261 269 270 271 278 280 281 282 286 288 294 295 296 299 301 304 305 306 323 326 335 338 341 350 351 360 364 365 367 373 376 380 381 390 409 414 415 417 418 423 428 434 442 445 448 449 471 472 481 482 485 488 494 496 502 506 509 511 516 517 526 527 531 538 541 545 549 558 562 565 567 571 572 584 592 593 597 608 610 617 619 620 623 629 635 636 638 641 645 648 649 651 660 671 674 678 686 687 688 701 702 707 715 718 719 721 722 725 736 738 745 749 752 754 755 759 763 767 774 778
191 5 9 12 17 18 22 25 27 29 31 36 40 54 55 57 67 74 84 87 88 89 95 97 107 109 111 113 114 118 121 123 128 129 130 131 138 147 155 160 164 165 171 174 175 178 186 195 204 205 208 209 213 216 217 222 230 239 243 245 254 258 259 261 265 269 270 274 282 286 287 291 299 308 312 314 316 320 323 331 333 337 349 358 359 360 363 365 369 372 377 381 383 384 389 392 393 395 396 404 411 418 420 426 436 442 448 451 452 455 456 461 464 467 471 477 479 481 482 483 489 490 497 499 513 519 527 531 535 536 537 539 543 546 548 549 550 551 556 564 573 582 585 587 589 598 610 611 626 630 632 633 636 641 644 648 649 651 654 657 658 659 660 663 665 685 686 687 692 699 701 705 707 723 724 728 729 730 739 741 743 745 754 756 757 761 766 769 776 777 779 781
190 5 6 7 9 10 16 18 25 28 29 31 35 40 42 45 46 51 55 57 58 60 61 68 71 74 80 81 84 89 93 98 112 118 124 127 136 143 145 146 150 151 152 154 156 157 158 161 162 167 174 175 180 182 183 187 194 195 196 201 202 227 228 233 240 242 244 249 253 260 265 267 271 272 275 278 286 291 293 299 310 311 316 318 320 322 323 327 336 339 346 351 355 360 362 366 368 374 379 386 387 395 402 411 413 419 421 424 430 431 442 444 449 452 453 455 456 459 460 462 470 473 484 494 500 507 512 517 519 529 555 566 567 569 571 574 577 585 600 601 613 614 615 616 620 621 622 625 629 630 631 632 635 637 640 642 646 648 654 657 658 663 671 674 675 679 685 692 693 695 696 700 702 708 711 716 724 728 736 737 739 740 741 747 753 757 767 771 772 778 779
179 1 4 14 16 25 26 27 28 31 35 39 40 52 53 56 65 81 83 91 97 98 99 101 103 114 121 129 130 132 139 151 156 177 181 187 189 190 193 208 210 215 220 222 227 233 239 250 254 256 257 262 268 270 275 278 282 288 295 298 302 305 308 310 319 320 322 324 325 328 329 332 333 336 338 339 343 349 359 361 362 364 367 371 373 374 380 381 385 392 401 402 404 405 407 414 415 423 428 435 443 447 448 449 451 454 459 461 462 465 468 478 485 489 490 493 495 500 501 502 506 511 512 517 523 524 527 534 538 542 543 545 548 550 557 567 571 577 578 594 597 602 605 606 614 617 632 634 638 642 643 645 654 658 659 664 669 671 674 676 677 678 680 681 684 685 686 710 727 730 733 734 737 741 743 752 757 760 771 785
173 3 4 5 31 33 34 39 45 49 56 62 63 69 74 82 92 101 102 107 118 119 122 139 143 145 146 148 154 164 165 170 171 173 174 181 184 186 189 190 191 194 200 208 210 212 215 230 231 233 234 250 252 256 259 264 271 274 277 290 294 295 297 304 311 322 329 334 337 342 343 348 350 356 358 361 362 369 370 376 378 380 382 383 385 389 392 400 401 409 411 412 414 418 420 425 427 429 437 438 444 446 451 455 456 460 468 494 499 507 511 516 518 519 526 530 533 540 546 548 555 556 557 563 569 572 578 584 585 588 593 595 598 608 610 617 619 621 633 634 636 639 645 647 648 650 669 670 683 686 693 699 708 709 711 712 713 714 716 717 723 728 734 737 743 748 749 769 772 774 776 779 784 785
173 6 9 21 27 32 35 36 42 51 53 54 57 60 65 70 71 72 78 81 90 93 95 97 101 103 112 119 121 136 141 147 150 151 157 158 161 163 166 172 178 189 190 204 209 211 213 215 218 222 225 228 235 238 239 250 253 254 257 262 269 273 288 293 297 301 309 312 315 320 321 328 329 333 338 341 344 345 347 348 349 350 365 374 377 381 383 384 391 400 402 412 415 419 421 423 428 430 439 442 443 444 465 468 475 491 494 495 496 502 505 513 514 515 517 527 530 538 539 545 546 547 551 552 554 577 578 587 594 595 596 608 609 610 611 612 614 615 628 629 631 635 639 640 646 653 654 658 661 662 671 681 684 686 689 701 704 706 714 717 718 722 726 729 730 734 739 752 753 757 763 782 783 784
172 1 6 7 14 18 25 35 39 48 54 59 62 64 66 82 87 88 91 99 100 102 121 130 134 138 139 141 143 146 147 153 160 164 167 172 173 177 186 196 197 199 203 211 213 229 240 244 254 257 261 265 272 277 291 292 293 298 301 308 314 317 319 324 326 329 332 333 342 345 347 358 360 362 369 373 379 385 389 391 396 404 412 418 426 428 431 433 441 446 451 453 454 463 464 465 466 467 471 480 482 489 494 496 509 514 517 530 531 536 537 539 540 541 551 552 558 562 566 569 570 579 582 584 586 587 589 591 594 596 598 603 604 605 626 627 628 629 632 635 636 638 640 642 650 655 657 659 664 672 673 675 688 692 698 699 702 705 710 715 739 746 748 749 751 755 758 762 767 771 772 774 779
188 1 4 11 16 19 31 38 45 46 67 73 75 88 89 90 91 92 93 96 98 100 103 105 121 122 125 131 134 137 141 143 144 145 148 149 158 159 168 169 170 180 181 185 186 191 194 198 203 206 218 225 229 232 235 236 244 248 249 253 256 259 260 266 270 276 278 279 284 285 287 288 298 301 306 311 320 321 322 323 325 337 338 352 357 358 359 360 364 370 378 382 383 385 387 388 389 397 399 405 408 418 421 424 425 438 440 442 443 444 446 456 460 463 477 479 482 488 501 507 511 512 535 542 545 546 549 552 553 565 567 586 589 590 592 599 601 602 606 607 609 610 611 617 627 628 629 631 641 645 650 652 654 656 661 665 674 677 678 687 696 705 707 709 710 716 718 726 727 732 736 739 740 744 745 746 750 751 753 758 770 771 774 777 778 780 782 789 790
169 8 18 23 29 36 38 50 54 57 61 62 66 67 68 71 79 90 93 107 109 112 117 118 121 122 127 129 131 132 138 143 144 158 170 175 177 184 185 191 196 198 201 208 211 217 220 222 224 233 235 237 238 247 249 251 253 254 255 262 263 266 274 276 280 296 306 307 325 342 361 362 364 365 368 370 371 374 375 382 384 386 388 391 395 411 413 418 420 431 433 434 444 446 448 450 458 459 460 461 462 471 472 475 481 484 494 495 497 500 504 505 508 512 516 524 533 536 547 553 555 564 565 571 572 574 581 584 588 592 601 605 618 627 636 644 645 654 657 661 663 670 676 678 687 688 701 704 706 710 711 713 714 720 727 731 732 743 748 750 760 763 766 767 768 780 781 782 783 789
186 4 7 8 9 11 12 13 15 27 29 36 38 43 44 45 52 53 55 65 71 76 93 96 100 102 103 104 109 114 115 117 119 128 130 131 135 137 140 144 145 148 151 152 155 160 162 163 165 166 168 175 176 180 184 191 193 195 203 204 208 211 213 216 228 236 245 247 248 251 262 263 264 265 283 286 291 296 311 312 326 328 332 334 335 336 338 342 347 349 350 354 359 361 366 372 377 380 383 386 389 398 402 406 432 440 445 447 449 454 472 473 474 492 493 496 499 500 501 509 511 515 516 539 544 545 547 548 549 550 552 558 565 578 579 580 583 585 587 588 589 593 597 598 599 600 608 614 621 622 626 629 632 634 638 641 649 656 658 666 667 670 675 679 686 688 692 703 707 715 717 724 726 730 734 740 744 748 766 769 772 773 780 781 786 788 792
185 7 9 11 13 14 17 19 20 32 38 39 45 47 49 67 76 77 91 96 97 98 105 108 113 117 120 121 123 124 125 137 138 148 159 163 168 173 174 181 185 187 188 194 195 202 208 216 219 222 239 245 246 247 249 250 254 256 257 260 266 271 272 277 280 287 288 292 298 303 307 309 310 312 313 317 320 326 327 333 334 336 339 350 356 359 367 370 371 375 377 378 383 385 387 394 402 407 415 417 424 428 432 434 443 446 452 453 454 462 469 470 474 475 487 488 489 493 495 496 498 501 504 506 511 518 521 522 526 527 528 535 567 568 576 579 583 584 585 586 591 594 595 596 601 603 608 622 623 627 629 641 645 651 652 664 670 672 676 677 679 680 683 685 690 691 695 697 700 707 708 719 723 736 742 749 750 758 764 773 778 782 784 787 791 793
187 2 10 12 13 18 19 24 27 45 46 48 50 54 55 56 58 59 61 62 64 72 74 83 84 90 92 97 105 110 114 119 120 123 137 138 140 144 153 156 157 162 165 166 167 171 172 174 178 179 180 183 194 200 204 205 206 208 223 224 232 233 238 240 249 252 255 262 269 275 283 285 286 287 288 297 298 312 315 323 325 328 332 333 334 335 336 344 359 363 365 367 372 381 384 387 388 400 407 410 416 421 422 424 427 429 437 445 447 449 450 452 455 459 468 473 477 487 489 491 494 495 498 503 504 505 508 516 518 528 529 532 535 541 547 549 550 552 558 566 574 581 585 589 592 594 602 618 621 623 624 629 634 639 640 641 642 644 645 647 650 655 662 663 676 686 688 692 694 695 696 698 699 700 705 706 714 720 727 744 749 755 756 759 762 764 776 795
191 1 2 12 20 22 23 25 37 40 41 42 46 49 51 57 61 63 64 65 66 72 83 85 90 98 104 107 113 114 122 124 131 134 136 138 151 154 156 162 163 167 168 173 175 177 179 187 188 191 193 194 202 204 208 210 211 222 228 239 240 241 242 243 244 266 270 273 276 277 278 282 288 296 300 306 309 311 312 313 315 324 325 326 328 330 337 339 343 346 350 357 359 362 365 369 375 379 380 388 395 397 401 409 410 411 414 417 421 439 441 443 445 452 455 460 474 484 486 493 497 499 502 503 507 511 512 515 523 526 527 530 534 535 537 540 541 550 553 554 558 559 565 569 583 584 597 599 605 606 607 614 615 619 627 629 637 639 641 645 649 663 696 697 698 704 705 714 715 718 719 722 723 724 726 736 740 742 747 748 753 755 757 758 762 773 776 777 783 790 792 795
200 2 4 7 11 23 24 27 30 33 44 45 46 49 51 52 57 58 63 64 68 73 74 75 76 80 83 89 94 99 100 110 120 121 123 124 131 132 133 142 144 148 159 160 162 168 171 188 195 198 207 208 209 224 231 232 239 240 248 253 258 262 270 275 278 283 284 289 294 295 302 306 310 316 327 342 343 344 347 354 365 371 376 378 383 390 391 393 396 397 407 408 409 411 413 414 415 423 427 429 430 431 432 434 444 447 452 454 457 458 462 463 464 465 466 472 473 476 477 480 486 489 502 503 508 509 510 515 517 519 521 522 523 527 529 532 535 538 540 541 542 547 551 552 559 561 569 571 573 588 592 597 599 601 603 610 613 626 630 631 635 639 646 650 653 656 662 665 671 679 681 684 688 691 698 704 705 708 712 714 718 721 725 729 735 736 737 743 744 747 750 759 767 768 769 774 775 783 784 791 794
198 1 3 8 9 10 12 17 18 23 24 29 33 40 45 47 49 50 58 64 65 70 72 82 87 90 93 97 103 106 109 114 125 129 131 135 138 141 146 149 150 155 156 157 171 173 174 176 180 181 182 186 194 195 198 201 205 207 222 227 229 230 240 247 251 253 254 256 257 270 273 274 275 276 277 280 281 285 291 293 295 304 313 314 318 325 331 334 341 342 344 346 352 355 360 363 368 371 372 378 392 393 394 398 415 418 419 421 428 430 431 442 443 448 453 454 455 456 459 465 478 479 488 490 492 493 498 504 506 511 516 517 525 530 531 541 542 543 546 547 548 549 556 558 559 579 582 586 589 591 592 593 594 596 604 608 619 620 624 625 627 636 644 650 653 654 658 660 663 667 670 674 676 691 700 702 708 715 719 722 727 728 729 732 734 735 757 759 761 765 767 769 771 772 775 776 793 796 798
194 14 19 20 24 25 26 27 31 35 38 41 42 47 54 55 59 67 68 70 71 80 81 82 84 86 91 92 93 95 105 108 116 120 126 129 130 132 136 139 140 144 155 162 164 167 171 172 176 177 183 184 187 193 196 199 207 215 221 223 224 235 237 239 243 244 255 258 262 265 266 267 270 271 275 276 281 288 306 313 322 326 330 343 344 350 351 353 355 361 364 373 374 377 379 384 386 391 397 404 405 409 412 415 423 425 429 433 434 440 442 443 445 449 451 454 456 471 475 479 488 489 491 499 506 512 514 515 516 518 523 524 532 535 542 543 560 563 564 567 573 578 582 588 595 596 600 601 603 611 614 615 617 618 627 628 633 638 640 641 647 652 653 656 657 659 665 666 671 676 678 682 683 685 686 700 711 717 725 742 747 751 752 756 762 763 764 766 772 777 778 782 788 797 799
219 6 7 10 11 17 28 37 38 42 43 47 69 73 74 75 80 81 82 83 88 90 92 94 98 107 108 110 116 117 121 122 123 125 128 130 133 134 136 138 143 144 145 148 149 153 154 157 158 159 165 166 168 171 176 177 179 180 182 186 188 191 196 200 216 220 223 224 225 228 233 235 242 247 254 255 257 261 265 268 272 274 275 277 279 284 285 288 291 293 294 295 300 309 315 318 321 324 329 334 337 342 349 352 354 365 370 371 373 375 388 389 395 396 400 406 411 415 416 417 423 425 426 428 431 435 437 441 445 449 451 458 466 469 471 472 474 476 477 479 484 485 489 499 502 503 510 511 513 514 515 516 521 523 524 527 530 531 542 554 562 569 571 576 577 582 593 598 599 605 617 618 621 624 626 627 628 643 644 650 656 659 660 661 664 673 674 677 678 680 681 683 685 689 690 695 697 698 700 703 704 707 712 713 735 738 746 748 755 759 766 770 778 780 783 786 788 791 792 798
193 1 3 14 26 32 42 44 48 50 56 57 60 63 64 66 73 83 84 97 113 118 120 123 126 128 134 138 141 146 158 166 170 175 179 183 184 185 189 190 192 194 198 199 204 205 208 209 210 211 212 213 214 215 217 218 225 232 236 251 253 255 256 260 261 268 269 279 283 289 291 303 305 306 312 316 317 319 324 328 329 331 338 342 346 349 350 351 358 359 363 364 367 369 375 376 380 383 384 385 387 393 396 400 408 418 419 423 431 436 437 448 449 450 454 459 463 464 478 483 484 497 502 505 518 523 524 526 535 542 550 553 560 561 563 566 572 573 576 578 585 586 595 597 600 601 605 606 608 611 629 630 634 635 636 639 642 646 647 653 655 660 662 665 668 675 676 677 678 681 683 686 688 696 697 701 705 706 708 714 715 734 742 753 755 758 762 770 772 781 784 788 795 801
189 2 3 7 14 17 18 21 24 26 27 31 34 35 36 72 81 84 85 86 87 88 93 94 96 98 113 129 131 139 142 150 153 159 164 168 174 176 178 179 183 188 196 199 214 215 218 220 225 227 228 232 233 240 243 250 253 258 264 266 269 293 306 307 309 310 313 319 321 324 327 330 344 353 358 359 362 365 366 375 377 379 380 384 385 386 391 392 394 396 403 415 424 429 432 435 437 439 441 448 457 458 461 464 469 473 474 476 478 484 488 494 497 499 501 504 510 513 518 523 524 529 531 536 538 541 544 548 579 592 596 597 600 601 605 606 607 617 622 623 630 640 641 642 643 645 648 649 654 656 662 667 672 679 682 683 685 687 690 693 702 703 706 708 709 712 714 716 719 720 723 728 729 742 745 746 748 752 754 755 764 765 768 772 773 789 795 799 800 801
189 1 2 10 12 13 15 16 17 25 29 33 41 48 49 61 62 64 68 74 75 81 84 85 88 95 99 100 107 116 118 119 122 123 129 130 131 133 145 147 148 153 154 160 167 171 183 192 194 195 197 199 200 207 210 212 220 229 231 233 242 243 244 247 251 259 260 261 263 276 281 284 286 289 290 303 306 307 311 316 319 324 334 336 341 347 350 364 368 372 379 387 390 395 397 398 402 404 410 418 419 423 425 436 437 438 440 460 462 466 470 474 475 476 482 483 484 486 491 493 499 503 505 507 515 520 523 538 548 554 569 570 572 576 580 589 590 595 598 600 603 613 614 622 626 628 635 645 651 653 654 655 658 668 669 672 678 680 689 695 697 698 702 703 708 711 719 722 724 729 730 731 738 739 751 757 760 766 771 776 778 780 783 787 788 792 796 798 801 803
180 2 7 8 10 11 12 19 27 33 41 46 48 51 52 54 56 64 67 68 73 78 81 84 85 86 91 93 98 105 109 110 118 124 133 134 139 146 147 149 158 162 166 174 181 195 197 200 212 215 223 224 229 238 240 249 264 270 271 289 302 307 308 312 315 316 325 332 334 346 351 363 365 366 382 389 394 398 410 411 413 419 421 423 427 443 449 453 454 456 457 463 467 469 473 476 477 483 489 496 499 512 516 517 519 522 523 525 531 532 535 536 540 546 548 553 558 565 567 574 591 592 594 598 599 605 613 617 618 622 624 625 628 631 632 644 645 647 648 652 661 664 672 675 678 679 680 681 685 688 690 693 695 697 699 705 711 722 725 728 729 731 737 742 743 744 753 754 756 758 766 771 776 778 780 783 786 795 796 798 801
202 7 8 10 14 22 23 26 30 34 35 36 41 48 51 53 55 56 70 74 75 80 88 90 92 93 94 96 97 102 103 107 110 111 112 114 115 116 117 121 123 130 134 138 142 143 144 146 150 160 162 168 172 176 178 185 187 190 192 197 203 204 207 208 210 215 216 217 222 223 243 250 252 254 257 258 264 274 279 280 281 282 286 289 292 304 305 311 313 314 332 333 341 349 361 367 374 375 389 391 392 393 397 402 403 412 418 419 422 424 425 432 439 442 444 461 464 466 469 470 472 473 481 485 486 488 490 491 492 496 501 504 506 507 511 513 514 515 516 519 530 531 536 544 549 556 557 559 560 578 580 582 583 584 589 605 609 610 611 617 625 626 628 634 638 646 647 649 651 654 659 670 673 678 679 682 684 688 689 690 696 700 704 705 707 724 735 737 738 742 753 754 756 760 764 771 772 773 791 795 796 801 804
197 1 15 16 19 25 26 39 41 43 44 46 51 54 56 57 59 61 63 69 70 72 78 85 93 97 99 105 113 115 120 127 134 136 141 144 146 148 151 152 153 156 158 164 170 175 181 182 188 198 209 212 214 215 219 221 224 226 228 234 240 243 249 250 252 255 259 263 280 283 284 286 287 292 294 295 298 303 305 308 317 321 340 341 346 347 351 354 356 357 358 360 361 365 372 373 374 377 387 388 392 401 404 405 406 411 413 416 418 421 424 431 439 447 448 450 451 452 460 463 468 476 477 480 482 484 485 487 491 494 495 496 500 525 527 528 529 532 536 538 539 540 541 544 545 549 551 555 556 557 561 568 577 579 580 588 589 590 596 597 611 616 625 626 630 631 634 640 643 651 657 661 662 663 692 710 713 717 726 729 730 731 733 736 740 754 765 768 769 773 775 784 787 789 791 792 794 800
217 2 4 6 7 14 27 28 30 33 38 39 44 48 49 50 54 60 61 65 66 68 84 87 94 96 99 100 104 107 120 121 125 130 139 140 148 150 159 163 164 166 173 176 181 182 185 188 189 203 209 210 212 214 218 224 230 232 240 243 245 252 253 255 258 260 266 271 273 274 276 281 289 304 305 306 312 314 316 318 320 323 331 339 343 344 347 348 352 353 357 359 364 368 372 374 375 376 377 378 380 381 382 386 395 397 401 403 407 411 414 415 416 419 428 430 435 438 443 447 453 454 458 463 470 473 481 484 490 491 493 495 496 500 502 503 507 516 517 518 522 527 529 531 540 541 542 544 546 549 550 566 570 573 574 584 587 588 590 594 596 605 610 620 621 623 626 633 637 638 640 641 647 652 654 657 662 664 668 676 680 685 686 701 707 710 714 716 722 723 725 726 730 731 732 735 739 741 742 744 746 749 751 753 758 761 766 768 769 777 778 780 784 785 789 791 792 796
186 10 19 20 25 32 38 42 43 46 48 49 57 63 64 65 69 82 97 102 107 110 116 127 129 138 150 151 157 159 164 166 168 171 173 174 175 180 182 183 192 197 199 213 214 215 229 230 236 238 239 254 257 260 268 275 282 292 297 303 307 309 310 313 315 316 321 324 326 327 344 345 347 352 353 354 355 356 357 359 360 361 367 370 377 378 380 382 391 392 396 404 406 408 417 421 424 426 431 438 440 441 443 452 454 455 480 481 485 490 502 514 517 518 519 523 528 535 536 537 539 540 545 546 551 552 558 559 582 587 589 590 591 597 598 605 606 611 614 615 618 627 638 651 655 660 662 663 670 674 676 677 678 680 682 684 685 686 690 693 700 707 708 709 710 717 725 730 731 734 737 739 740 743 746 747 748 763 770 771 775 781 782 787 795 805 807
210 1 8 18 34 35 38 40 44 48 49 50 52 58 62 63 68 73 78 79 89 97 98 101 105 106 108 116 123 126 139 143 147 161 168 169 170 171 173 175 176 183 186 194 199 202 217 220 221 223 224 232 233 240 246 248 259 262 273 279 283 284 285 293 294 295 296 298 303 308 312 315 319 328 329 333 342 345 346 356 373 377 381 382 383 385 394 396 399 402 403 405 406 408 410 412 414 419 428 429 431 432 441 442 444 448 450 456 458 460 465 467 468 469 472 474 478 480 485 487 493 494 496 497 499 500 503 508 512 518 520 521 522 525 526 528 529 537 538 539 543 550 564 576 579 581 582 584 593 596 598 601 606 613 616 617 628 630 631 634 635 640 642 643 645 646 656 657 659 662 665 667 678 684 692 696 698 700 704 706 708 710 713 715 719 722 724 727 728 729 733 734 739 741 742 743 746 747 748 753 758 761 767 774 782 787 788 793 795 799 803
187 6 13 15 47 49 51 53 67 74 84 85 95 102 105 108 114 116 119 120 125 126 128 131 134 136 138 143 144 146 148 162 163 164 165 169 172 173 177 180 185 193 195 197 199 201 213 220 234 238 245 255 260 263 264 268 273 275 276 278 284 287 289 292 294 295 297 303 311 315 316 317 318 323 325 326 330 337 346 351 354 355 361 364 373 377 386 389 393 395 399 407 410 412 414 421 432 433 440 444 467 469 471 473 480 489 490 491 494 498 501 507 508 516 518 521 523 531 539 544 549 550 559 561 564 569 570 573 575 582 587 590 593 595 601 606 608 621 629 630 631 635 636 637 638 639 650 665 676 679 680 685 687 688 690 691 693 695 696 706 711 714 716 718 720 732 736 742 751 753 756 759 765 768 769 770 772 776 780 791 792 796 797 798 799 807 809 810
212 2 9 18 21 30 32 38 43 47 48 61 63 65 67 81 82 85 86 89 91 94 95 106 115 119 121 137 138 144 147 153 161 162 169 174 178 180 187 188 190 192 197 205 209 211 212 216 220 222 227 238 239 243 249 252 257 261 268 278 284 287 290 291 292 293 294 300 301 304 305 311 313 314 325 326 329 330 332 334 339 344 345 350 359 362 365 368 372 375 376 382 387 395 398 400 401 402 403 405 408 409 411 412 413 417 425 426 436 439 443 444 445 447 449 450 455 462 469 481 482 485 495 496 498 505 511 515 516 520 522 523 525 535 544 545 546 552 553 555 562 564 565 573 577 580 581 582 587 588 589 597 600 603 608 610 616 617 620 622 629 630 635 636 637 639 645 647 648 651 652 658 660 664 670 678 679 682 690 691 693 698 702 703 713 714 720 723 724 728 731 732 733 734 746 753 757 758 759 760 764 767 769 779 782 783 785 791 792 795 799 804 807
187 1 4 6 7 10 21 22 24 28 29 39 44 52 56 64 67 85 87 89 91 101 110 113 114 122 127 129 131 135 144 147 148 150 153 159 162 164 166 167 187 189 193 199 200 211 212 215 221 228 229 230 232 238 240 243 254 258 260 261 268 269 276 278 283 292 293 301 303 306 307 308 314 315 319 321 324 336 337 338 343 348 350 354 357 369 370 383 392 395 396 397 401 412 422 424 427 430 431 445 449 453 455 458 461 462 473 480 483 485 487 488 493 497 498 499 502 503 512 514 516 517 522 523 525 551 556 557 558 559 564 588 589 590 591 607 611 613 614 617 621 627 629 633 635 639 651 653 661 662 664 667 671 676 682 684 688 691 695 697 704 706 708 711 713 719 720 723 725 736 737 739 744 752 758 760 768 774 775 778 781 783 791 798 799 803 805 809
190 2 4 13 16 17 23 26 27 31 36 50 56 58 60 63 68 69 70 72 73 84 90 91 96 104 105 125 132 145 146 149 162 169 176 179 185 187 188 196 207 209 215 218 220 222 223 225 230 234 235 239 240 244 248 249 256 261 262 263 264 269 274 286 287 288 290 303 307 313 316 320 324 328 330 332 336 337 341 347 350 356 363 366 368 370 380 385 386 400 415 419 429 434 445 446 448 460 464 467 468 469 470 471 473 479 496 503 507 511 513 518 523 529 531 532 546 548 553 557 562 565 566 568 571 572 575 579 580 586 587 588 593 598 605 610 613 615 622 632 642 643 644 655 657 658 662 665 667 669 673 675 682 689 690 695 696 698 703 704 710 714 715 717 722 723 726 727 730 735 736 737 745 751 759 762 770 773 776 777 778 785 786 788 792 795 799 803 804 806 813
168 4 5 11 13 14 19 20 22 25 30 33 36 37 41 44 51 55 60 61 62 80 81 83 85 86 101 106 118 120 129 130 132 140 141 153 157 158 160 165 166 167 175 176 181 203 204 212 213 223 228 233 236 238 240 243 248 250 252 266 273 275 278 293 296 304 316 322 324 328 341 355 357 361 363 367 369 375 377 378 379 387 390 392 393 394 400 405 407 412 417 420 426 428 433 441 442 445 446 454 456 457 465 466 467 470 473 474 488 500 503 507 521 530 531 540 543 547 548 549 550 559 561 571 577 580 588 599 607 614 616 619 623 624 634 636 641 653 657 658 659 686 689 692 703 714 716 719 725 726 729 730 731 732 735 743 755 761 762 765 767 776 789 793 796 798 809 812 814
182 8 12 14 24 25 29 36 38 41 42 47 49 51 52 55 56 57 68 71 81 87 91 94 101 104 109 113 114 118 121 123 124 126 127 130 137 138 141 143 150 155 161 166 167 168 169 172 179 182 185 190 191 216 219 228 230 231 243 254 256 262 269 270 273 274 275 277 283 284 291 294 296 299 306 311 312 313 316 318 319 322 324 336 338 339 344 356 357 358 364 366 375 379 385 388 393 401 404 407 411 413 415 416 439 442 445 447 452 455 456 462 471 473 485 486 487 495 506 507 508 515 528 535 536 539 544 546 554 557 570 572 575 576 579 581 584 597 598 607 610 615 617 618 620 621 624 626 641 646 653 656 657 669 677 688 691 702 704 709 712 724 726 734 740 743 750 756 761 762 766 767 768 773 777 778 786 790 798 803 806 811 814
184 3 8 11 19 30 32 33 38 43 51 52 54 58 61 68 74 85 86 100 101 104 110 111 117 118 120 124 142 148 155 160 163 171 174 175 187 192 196 204 208 212 215 224 229 230 231 240 249 250 255 256 257 264 274 284 288 290 299 303 306 318 322 330 331 332 336 337 339 343 351 356 360 364 365 367 370 371 375 377 378 381 388 394 397 401 405 407 410 421 422 425 433 434 441 446 448 451 453 456 457 459 465 466 473 480 481 486 488 490 492 493 495 498 502 503 504 505 509 512 514 523 524 528 536 540 541 551 553 566 567 577 579 583 593 595 600 601 612 618 619 624 625 627 633 634 636 637 643 648 650 658 661 677 679 683 697 699 701 704 708 710 712 714 721 729 730 738 741 751 754 760 764 766 771 772 781 782 783 788 791 795 797 798 800
196 1 6 12 18 19 21 27 36 38 51 52 57 60 64 66 67 71 72 78 79 80 81 84 85 86 88 89 90 96 100 101 103 107 111 112 118 123 125 128 137 143 154 161 170 172 183 186 198 202 203 208 211 219 223 225 234 235 236 237 240 242 249 264 266 269 273 274 275 276 277 282 286 287 290 293 296 299 305 306 310 312 313 320 321 323 328 329 335 338 339 347 349 351 354 355 356 357 360 365 367 370 371 373 376 382 386 389 392 395 409 415 423 425 427 440 441 447 448 449 462 476 482 492 497 503 508 515 519 527 529 537 541 550 554 559 562 563 564 565 567 584 586 592 593 595 596 598 599 600 601 602 603 604 606 619 630 631 635 640 643 647 649 679 680 682 685 686 687 690 692 693 710 716 728 729 738 746 747 748 754 757 763 769 772 776 780 783 785 792 793 798 804 808 811 812 816
195 5 6 8 9 20 29 30 35 44 49 51 54 61 62 65 67 72 74 76 78 84 86 90 91 94 97 100 107 125 129 131 145 150 152 154 155 158 159 162 171 178 183 184 185 186 187 189 190 191 193 197 203 205 212 215 227 228 231 234 235 238 243 244 250 252 254 255 257 261 278 284 285 290 295 296 297 303 307 314 318 319 320 321 330 333 335 338 342 343 344 346 351 357 358 359 373 375 379 383 390 394 400 401 403 412 418 421 424 425 435 438 442 445 448 453 469 473 477 479 485 502 503 513 516 522 523 524 531 537 543 544 562 568 569 571 572 573 576 589 591 592 596 598 599 601 608 616 618 620 623 624 625 627 630 632 635 645 656 659 660 663 664 672 674 675 683 684 686 689 690 697 703 704 715 721 722 724 729 730 734 744 750 767 769 770 771 774 779 789 793 802 803 808 809 818
198 3 4 7 9 14 23 29 32 33 37 38 42 43 52 64 65 73 75 85 89 91 93 95 96 106 112 121 128 130 132 136 139 152 153 154 159 160 174 176 180 181 187 191 203 204 208 209 214 215 221 225 226 229 237 238 245 251 256 257 266 268 269 272 279 288 289 291 296 297 302 306 314 316 317 319 321 326 327 332 336 337 339 344 345 349 350 356 357 359 362 363 367 384 385 389 402 420 423 435 442 444 445 447 448 454 455 456 457 458 460 463 464 469 471 474 479 480 496 501 503 504 507 509 510 514 515 518 521 530 531 538 547 552 557 561 564 568 569 575 577 580 589 591 603 604 617 623 629 631 633 635 642 646 647 656 664 669 671 673 674 675 678 685 686 689 691 692 703 713 717 724 726 728 737 742 743 744 745 750 757 763 765 769 770 771 776 781 783 785 789 794 803 804 805 807 812 814 815
198 11 14 15 20 21 25 27 31 38 46 49 55 56 58 67 74 79 80 81 89 100 101 102 103 108 110 113 117 125 127 129 131 139 145 146 147 159 163 167 172 178 181 184 185 191 192 205 223 225 230 233 241 248 250 254 263 266 279 284 289 296 302 306 307 316 324 330 332 334 339 340 341 345 347 348 351 355 356 363 369 370 377 380 385 394 400 402 403 412 429 439 448 450 455 456 459 460 462 463 473 475 480 485 490 494 499 500 506 508 514 518 519 523 528 530 531 541 543 544 545 549 556 557 558 566 569 574 576 578 579 580 582 584 587 588 595 599 601 602 605 612 614 617 618 620 628 629 635 642 645 646 651 652 656 664 669 670 679 680 688 691 694 699 700 705 712 718 720 723 726 729 730 737 740 746 752 755 759 761 762 770 772 778 779 780 781 784 792 797 798 801 803 811 812 813 814 816 817
202 1 5 7 15 19 23 29 42 43 44 45 47 48 55 56 61 63 64 68 70 71 72 74 75 76 77 82 88 90 91 97 103 106 107 108 109 110 112 115 116 118 120 122 130 136 140 152 157 158 159 162 170 177 181 184 189 190 196 200 201 210 211 215 217 219 220 222 226 236 238 249 250 261 267 273 274 275 285 287 288 292 299 300 311 312 319 332 339 346 362 373 374 378 383 384 386 389 390 391 400 401 409 411 414 420 423 424 425 426 435 437 438 445 450 451 454 455 466 469 473 478 479 480 484 485 491 492 493 501 504 508 509 515 516 518 521 522 530 539 541 542 548 550 580 588 595 597 598 599 601 610 612 617 621 625 628 641 648 651 655 657 659 663 674 683 688 692 699 702 703 705 711 713 729 731 737 739 740 741 744 748 750 752 753 755 758 763 769 771 774 776 781 782 785 789 790 792 798 801 806 814 819
202 1 7 9 19 24 26 29 31 41 53 57 63 64 65 67 75 76 78 83 86 90 91 102 103 105 107 111 112 124 130 134 138 141 145 153 159 170 173 174 176 179 181 182 188 192 202 208 210 216 221 233 236 238 244 245 248 252 254 262 267 275 277 283 291 294 305 313 315 316 318 326 329 333 336 338 339 343 344 348 349 355 357 363 366 384 387 391 394 396 397 401 404 406 410 411 416 429 432 434 436 439 441 445 448 453 456 461 463 468 474 476 478 485 486 487 490 493 497 518 523 525 527 529 530 531 534 537 539 549 553 558 560 564 571 575 583 591 592 596 598 600 603 609 611 620 622 628 631 632 634 640 642 644 648 650 655 656 657 661 663 667 669 674 681 683 693 694 697 710 715 719 721 722 723 724 726 729 732 738 739 740 748 751 754 756 761 763 764 770 775 776 780 784 786 787 798 799 800 801 806 811 815
199 1 6 13 16 20 26 32 33 43 47 50 54 60 61 64 68 71 76 77 83 85 86 87 88 89 98 102 109 110 111 112 118 119 126 127 131 134 139 143 147 149 150 156 158 163 167 168 172 174 175 181 182 184 205 213 214 217 222 233 236 240 241 243 244 253 254 257 259 262 266 270 271 272 276 279 287 289 296 300 302 307 308 310 317 325 330 333 336 339 342 344 364 367 370 371 374 379 380 384 386 390 399 401 411 416 421 423 429 438 439 458 459 464 467 476 477 483 485 495 500 503 505 513 514 517 518 519 527 528 534 536 537 539 540 545 546 550 558 561 566 571 575 577 580 583 585 589 595 600 602 609 614 616 624 629 632 633 640 641 648 653 655 661 666 678 689 696 697 698 701 706 707 712 717 719 720 728 738 742 743 745 749 750 755 761 767 770 771 778 779 785 786 792 795 796 801 811 813 822
182 6 13 17 28 31 32 40 45 48 50 60 62 64 67 74 76 77 83 85 89 94 95 96 101 103 104 105 117 124 126 137 138 140 142 143 150 153 154 159 165 167 169 174 177 178 179 184 185 190 200 201 204 207 210 222 223 226 231 243 244 251 257 263 264 265 269 270 277 279 280 281 282 289 291 293 295 298 302 307 311 313 315 321 323 328 331 336 345 351 354 355 366 371 388 392 400 406 411 412 414 415 424 431 432 451 454 474 475 476 477 478 482 484 485 486 490 493 496 503 507 510 511 515 519 526 530 534 537 542 545 549 557 559 567 573 580 581 583 587 591 593 608 611 613 614 618 647 649 651 658 659 673 678 680 681 682 688 691 695 696 706 714 723 728 752 756 758 764 767 771 776 778 784 785 792 794 799 801 804 816 820 822
187 13 14 16 24 28 29 31 32 38 41 42 52 54 56 58 60 61 64 71 81 88 90 92 95 96 97 98 99 106 108 111 117 126 135 140 144 148 149 151 152 161 164 166 167 171 175 176 178 183 201 207 215 217 218 220 228 239 240 243 244 245 246 251 256 265 268 272 276 287 292 293 294 301 309 313 322 325 327 329 330 332 334 338 339 343 349 350 352 353 367 374 387 391 393 396 398 400 404 412 420 430 435 444 447 460 463 464 469 473 480 484 489 497 498 502 505 506 509 512 514 532 541 544 548 549 555 562 565 574 578 581 583 586 587 588 598 601 606 607 613 615 619 620 626 640 641 649 650 651 655 660 661 664 665 667 669 673 675 676 681 683 692 697 701 707 708 734 736 741 743 748 753 756 760 767 768 770 772 781 783 789 790 803 804 805 821 823
207 1 5 6 10 18 21 22 24 29 32 35 37 38 39 40 41 43 51 52 55 58 66 74 79 88 93 95 96 101 109 112 116 123 125 133 134 136 137 141 142 147 152 157 158 166 167 172 174 177 179 184 191 199 201 204 206 209 211 212 217 218 220 221 229 239 243 251 255 258 259 260 267 273 275 276 279 281 282 287 291 294 298 300 301 309 312 313 314 315 316 322 324 327 343 344 345 346 351 352 364 370 380 386 396 397 400 403 405 415 418 419 422 428 432 436 448 451 454 456 464 466 467 468 469 471 478 479 486 491 495 498 500 505 506 509 512 518 522 524 529 530 539 540 545 546 548 549 550 553 560 564 565 569 570 579 585 588 592 595 604 609 613 615 617 619 621 625 632 643 648 656 664 665 675 687 688 691 696 697 699 701 708 709 719 729 734 735 736 749 752 755 757 764 767 770 775 778 786 787 790 796 799 800 803 804 821 823
207 1 5 11 14 17 18 19 24 27 29 30 35 39 40 43 47 48 56 57 68 87 91 93 98 106 121 123 125 131 132 133 134 140 141 147 148 154 156 158 160 162 165 168 170 172 173 174 181 184 186 188 192 202 205 213 216 217 218 222 226 231 237 240 242 243 246 248 249 254 258 266 269 275 276 277 281 286 295 298 299 301 305 307 316 318 320 321 326 327 335 336 339 353 355 357 361 377 385 386 397 399 402 406 409 412 413 417 418 422 424 428 434 437 439 441 442 455 458 459 461 464 465 466 484 490 492 499 502 505 506 520 525 529 532 539 545 546 558 559 560 561 562 563 574 575 580 586 596 599 601 604 623 626 629 632 637 638 643 650 653 655 663 668 671 675 680 681 689 691 697 705 706 707 708 709 710 719 721 722 730 733 739 741 745 746 751 756 759 760 761 764 767 770 771 787 788 790 791 793 801 808 810 813 814 819 821 827
196 3 10 15 17 22 24 25 37 40 41 45 48 49 51 52 55 57 58 61 66 76 80 81 89 93 94 101 105 113 118 121 122 124 126 129 134 135 145 148 152 154 155 163 164 166 167 174 178 181 182 184 190 194 196 204 207 213 215 220 225 227 229 230 238 239 247 257 266 268 269 275 278 279 282 294 308 313 315 319 327 329 333 334 336 343 345 346 349 352 355 358 361 362 369 370 371 375 378 381 383 385 398 404 412 418 420 422 423 428 429 433 437 439 445 450 454 459 460 461 470 476 485 487 489 494 499 507 511 515 516 523 535 537 538 540 542 551 552 561 562 566 571 572 582 584 589 590 593 596 604 605 609 610 618 621 622 633 648 658 661 664 669 670 672 673 681 682 684 687 688 701 702 707 711 723 725 728 730 731 733 742 744 752 766 771 781 786 788 791 795 800 811 815 817 821 828
204 5 8 9 11 12 14 15 19 22 38 41 42 45 56 63 67 70 73 78 83 84 92 93 94 96 100 105 109 115 117 121 122 127 131 136 141 142 154 155 159 161 163 165 168 169 176 181 187 188 189 192 197 202 206 211 212 215 216 221 226 246 252 253 254 255 260 261 262 264 272 283 290 303 327 337 338 346 347 350 355 362 376 378 381 383 387 390 391 392 393 395 399 403 407 409 410 411 414 418 427 429 444 446 450 451 453 457 461 462 465 467 474 475 476 480 482 484 488 490 495 501 503 507 512 514 517 521 523 528 530 544 545 546 548 554 555 560 561 563 574 581 590 592 599 601 602 606 612 616 620 624 625 631 633 635 636 637 638 640 644 645 649 653 659 661 663 664 665 670 672 676 685 687 688 693 696 697 698 703 704 706 721 722 724 729 735 737 748 751 759 760 761 762 764 768 776 779 781 804 807 813 820 824 828
217 5 9 11 12 15 19 20 21 22 23 25 32 41 43 46 49 53 54 56 57 62 65 70 73 77 80 87 89 95 98 102 105 108 115 118 124 126 128 134 135 141 145 148 159 160 165 167 169 172 179 180 181 182 184 191 192 193 201 202 204 215 221 223 233 234 243 246 247 250 253 258 261 266 267 268 271 280 286 291 293 294 296 298 305 306 307 310 311 312 315 317 320 321 331 334 341 344 345 346 348 349 353 357 362 369 370 377 383 385 388 389 396 401 403 404 412 416 419 420 427 431 435 436 438 439 443 445 450 453 454 455 458 462 463 465 466 471 472 474 488 491 492 494 495 500 502 503 508 512 516 518 519 520 526 530 535 541 543 545 550 552 555 561 567 568 584 585 589 591 594 603 619 621 622 623 626 632 633 638 642 652 656 673 674 685 690 691 692 693 697 699 701 709 711 730 732 736 740 750 758 761 769 777 778 779 783 797 799 801 803 808 809 812 815 821 828 830
166 20 27 28 33 38 44 46 48 51 55 56 57 67 68 69 70 80 93 96 98 102 115 121 126 130 142 159 168 174 176 182 183 184 189 195 200 206 215 221 222 223 230 232 234 235 238 252 253 258 267 268 270 279 284 304 310 311 317 320 330 333 337 343 351 353 361 364 366 373 377 379 381 383 384 385 388 389 390 393 395 404 406 415 418 428 433 443 446 451 458 463 472 477 499 504 506 508 522 524 529 538 556 557 558 561 570 571 572 578 580 585 588 599 604 605 610 624 629 632 638 640 642 654 658 660 663 671 675 676 681 684 685 688 689 690 693 696 703 709 712 716 719 723 727 732 733 734 739 743 756 762 770 775 777 788 794 798 800 811 814 817 819 822 825 826 830
192 1 4 5 8 10 11 13 15 22 23 24 30 31 34 37 38 40 41 42 43 47 50 52 61 63 72 73 74 80 82 102 109 113 118 119 122 130 132 137 153 154 164 165 173 180 181 189 190 195 205 208 210 216 225 227 228 236 238 240 244 249 255 265 266 267 269 270 271 272 275 277 280 283 284 286 292 298 299 303 307 312 317 318 321 323 332 334 344 351 352 355 360 364 370 371 375 381 382 383 396 401 403 416 417 418 427 428 429 435 440 441 444 445 447 452 455 456 458 466 478 479 481 490 491 498 499 503 511 521 525 530 531 534 535 538 547 548 550 551 552 556 568 580 586 589 594 595 599 605 606 613 630 638 640 646 648 653 655 665 676 682 689 690 696 699 700 702 713 715 717 721 724 735 736 747 749 751 756 769 772 775 776 787 789 792 793 796 798 805 807 811 815
192 6 11 27 28 30 35 37 38 43 45 59 65 66 68 72 73 75 77 79 83 87 90 92 94 108 112 114 122 127 131 132 135 144 149 151 162 170 171 179 182 189 195 198 200 202 203 206 210 221 225 232 235 240 244 250 268 269 271 272 275 277 278 283 288 290 292 293 302 303 308 310 311 314 315 319 324 330 336 339 342 348 355 356 359 361 362 363 370 376 378 387 388 389 391 393 395 401 417 423 429 431 436 440 441 443 450 451 455 460 469 494 497 500 518 522 527 531 535 537 540 547 553 555 557 559 564 566 567 569 570 573 581 591 596 597 605 607 608 624 631 632 636 645 647 655 656 659 661 663 672 675 676 677 680 681 683 687 688 691 692 693 700 711 725 726 734 737 739 743 749 752 753 768 770 771 773 782 785 792 797 801 805 808 809 811 820 822 825 826 829 831 833
200 9 14 17 18 25 33 34 45 49 51 65 66 67 72 74 75 82 83 85 92 93 99 100 102 103 116 119 133 134 136 142 143 145 147 152 154 157 158 172 174 178 191 197 202 204 205 206 212 216 225 228 229 232 234 249 252 254 265 266 269 270 273 277 278 290 291 295 297 300 301 303 308 309 310 317 322 323 324 326 331 335 337 360 361 363 367 375 379 384 386 393 404 406 418 419 420 429 433 434 437 439 448 450 463 464 471 477 480 486 487 492 503 507 514 518 521 523 531 532 535 540 541 546 555 557 558 565 566 569 574 579 584 585 587 590 593 594 599 600 606 610 614 615 623 627 628 633 635 637 640 646 648 655 657 660 667 668 672 673 674 679 682 689 692 693 699 701 705 707 708 710 713 716 722 724 727 732 734 735 740 743 750 751 754 755 759 771 775 780 781 782 785 786 787 791 794 796 803 821 827
200 7 25 26 27 29 33 34 35 37 39 45 48 54 55 57 58 60 63 64 65 68 73 74 77 79 80 87 99 102 113 115 119 120 122 125 126 127 129 139 140 142 146 158 159 162 166 181 195 196 202 204 208 211 213 219 220 223 227 229 231 233 236 241 242 250 257 266 273 274 278 285 287 289 298 301 304 308 314 316 319 320 331 333 338 340 342 344 349 353 362 365 368 371 372 383 387 390 395 398 399 407 412 416 417 419 424 430 439 440 447 461 463 464 472 473 475 484 489 491 495 504 505 508 513 514 517 523 525 527 531 541 543 544 548 552 557 560 563 569 574 575 581 585 594 595 598 615 619 633 634 636 643 654 657 661 663 666 667 669 674 678 686 687 689 694 699 716 717 719 722 723 732 737 739 741 742 743 748 751 752 753 757 762 764 765 766 769 771 776 780 787 789 791 796 803 805 817 821 833 834
193 2 12 18 20 21 22 23 24 28 31 34 36 41 49 51 54 59 61 71 81 96 106 107 113 114 115 127 130 140 143 145 156 157 158 159 160 164 166 177 183 190 193 195 211 220 226 227 234 252 257 259 264 275 282 289 293 300 303 305 309 312 317 321 322 327 331 335 337 340 348 349 350 355 359 360 364 368 370 371 377 378 379 392 394 396 400 408 415 420 427 431 437 438 440 448 449 450 459 460 464 473 474 484 490 491 492 498 500 506 507 511 516 517 526 532 533 537 545 554 556 558 566 567 571 574 578 579 580 583 587 591 592 593 599 605 609 614 616 620 621 623 628 630 633 641 647 650 660 666 672 674 676 679 681 688 696 700 706 712 716 720 726 733 741 745 751 761 767 771 772 773 776 784 789 791 795 797 799 800 804 806 809 814 817 819 821 823 826 827 831 832 834 835
201 9 10 11 12 13 16 21 39 41 42 58 61 65 69 76 77 78 84 87 96 97 99 105 109 114 119 121 123 125 127 128 133 140 141 142 146 155 159 162 164 165 171 173 174 177 183 194 202 210 212 214 216 220 223 229 230 232 236 248 256 262 269 270 290 292 294 296 297 305 307 308 309 310 315 317 319 321 328 331 333 334 335 337 342 345 352 358 360 366 373 380 383 386 387 389 391 399 410 414 420 423 425 429 430 433 438 439 441 446 451 456 457 464 465 470 473 477 478 482 483 488 493 494 495 497 498 499 501 505 524 529 530 533 534 545 549 551 559 561 568 570 577 580 581 583 586 587 588 591 593 598 600 603 605 608 609 611 612 616 625 626 628 631 635 645 647 651 652 654 656 660 661 665 667 672 673 686 696 699 706 708 715 716 717 737 738 742 763 769 782 790 791 798 799 801 805 810 815 816 828 833
213 2 4 6 7 14 15 17 19 22 23 24 27 30 39 51 59 70 74 75 77 79 81 86 87 92 95 98 110 113 118 122 123 126 139 145 146 152 155 163 164 171 175 180 181 184 185 192 193 198 201 204 209 220 222 224 228 237 239 242 247 248 249 250 252 253 260 263 270 274 278 280 285 288 289 290 318 323 325 328 329 339 343 345 350 354 360 362 363 367 368 369 381 384 391 392 398 399 401 403 404 406 416 423 433 434 436 439 442 446 448 451 456 457 458 465 467 473 474 486 491 495 498 504 505 506 509 511 513 514 519 520 530 533 550 562 565 568 569 570 573 576 578 582 589 591 594 597 599 607 608 611 612 622 623 624 631 634 635 637 643 645 646 650 659 660 661 664 668 671 678 681 683 687 692 693 696 706 707 711 714 721 726 728 732 734 747 751 754 755 762 763 765 768 772 773 774 776 778 782 794 797 807 810 813 814 815 816 817 825 828 836 837 838
217 8 11 13 17 21 22 30 32 37 39 41 43 45 50 51 53 55 57 61 62 64 71 79 83 84 85 87 89 95 96 101 103 111 115 119 121 124 125 129 130 131 137 138 145 152 155 156 161 163 165 172 175 177 178 183 184 195 198 199 201 204 208 210 215 216 217 218 219 222 230 231 249 250 253 261 263 264 267 273 276 278 286 288 291 300 302 305 310 311 326 329 332 334 338 339 347 351 356 358 362 364 367 368 383 386 387 388 389 391 395 398 400 401 404 408 410 412 414 415 421 429 433 435 436 437 438 445 446 448 449 456 460 465 473 480 481 483 484 486 490 503 504 505 509 517 520 521 525 526 539 541 554 555 559 563 566 569 579 580 586 587 588 595 598 602 606 614 617 619 620 628 630 639 644 645 651 653 659 660 663 664 665 687 689 691 693 694 702 703 711 714 720 730 733 736 737 746 755 758 762 772 774 776 778 785 788 789 797 798 806 810 814 815 825 828 833 834
203 4 6 13 16 23 25 43 45 46 53 55 59 64 78 81 89 93 100 101 102 109 110 112 114 120 123 130 133 134 137 141 145 146 149 151 154 155 156 161 163 174 181 194 197 198 206 209 211 212 223 224 227 228 229 230 231 243 245 249 251 255 259 264 266 270 271 274 275 280 282 284 291 299 303 307 308 311 319 332 336 346 355 359 361 362 364 366 370 371 372 375 376 378 383 385 389 390 395 398 402 409 426 427 430 436 439 441 450 451 460 465 466 467 468 471 477 478 482 487 488 490 491 500 504 505 507 512 515 519 522 523 525 526 527 533 535 536 541 543 547 551 563 564 582 589 594 604 606 607 608 611 613 614 627 634 638 641 644 645 648 649 660 662 666 674 675 677 680 684 694 698 706 710 719 720 727 728 733 737 738 754 755 757 772 777 779 780 782 783 786 792 796 799 802 806 810 813 816 819 824 829 832 834
218 2 14 20 21 24 27 29 45 46 47 48 49 50 53 55 58 60 61 67 71 72 79 90 91 94 100 102 111 114 115 117 122 123 128 129 133 137 140 141 142 146 149 155 156 174 177 188 189 191 192 201 208 210 223 224 230 237 240 242 250 254 260 264 265 274 281 285 295 296 298 302 303 304 309 314 319 320 323 326 329 334 335 339 341 347 349 351 354 356 357 361 362 365 368 373 381 386 387 388 391 393 395 396 397 398 401 403 408 410 412 414 416 418 426 435 445 446 460 461 465 472 480 481 482 493 501 505 506 516 519 528 530 532 535 538 539 543 544 545 548 551 552 553 557 563 565 570 579 581 584 588 589 594 596 599 600 602 604 607 613 617 618 621 622 626 632 637 638 642 649 653 658 661 664 670 675 677 681 683 685 686 688 691 692 694 695 696 697 699 703 707 709 711 713 716 722 730 732 739 741 742 743 747 749 753 758 766 768 778 793 795 808 814 817 825 830 834 841
207 1 8 9 10 11 16 20 21 22 25 26 30 31 37 42 43 46 47 52 53 59 60 77 88 92 95 97 103 108 109 115 116 118 122 126 127 128 129 139 148 151 162 174 177 185 186 189 191 197 200 201 206 211 212 216 220 222 223 224 225 227 232 234 239 241 242 243 244 246 247 248 260 266 272 276 278 281 289 290 292 297 310 311 313 315 318 319 323 325 331 334 338 342 344 345 346 352 359 360 364 367 376 378 393 399 403 407 421 424 426 429 432 433 434 436 439 441 450 454 457 458 460 469 470 471 478 481 483 485 493 499 512 521 522 525 526 535 537 543 549 553 556 566 572 579 580 585 590 596 604 609 611 614 616 618 625 630 643 644 645 650 654 658 661 665 666 668 673 680 682 683 684 685 687 688 690 695 696 702 709 720 723 728 738 743 747 748 753 762 764 771 783 784 789 793 798 802 808 809 811 814 815 826 827 831 839 842
205 8 10 14 21 23 25 27 32 37 38 44 50 56 59 61 63 64 65 66 67 71 78 80 83 84 88 91 93 106 107 115 124 128 131 133 139 145 146 149 152 154 157 166 167 168 173 175 177 185 192 197 199 201 202 203 208 213 221 224 232 233 235 237 238 239 243 245 256 262 263 264 265 268 269 276 277 278 282 290 293 300 309 314 315 316 324 330 333 345 347 348 352 361 362 364 366 379 384 397 398 403 405 409 410 412 417 419 420 421 427 433 435 443 449 450 453 455 457 459 469 475 476 482 483 486 487 490 492 494 504 510 516 517 530 536 551 552 563 566 574 577 578 580 592 595 597 603 605 609 633 636 638 641 642 648 657 659 664 665 672 679 680 681 686 687 688 689 693 695 698 705 706 707 710 714 716 719 720 722 732 733 734 739 740 747 750 758 759 763 764 772 774 775 776 777 778 780 793 804 812 818 824 833 836 837
218 3 4 11 19 26 28 30 32 34 37 38 39 45 47 50 55 56 59 62 65 69 70 71 76 77 87 89 91 105 106 107 108 113 114 119 122 126 130 133 135 137 141 143 146 151 154 159 160 161 163 166 167 170 171 182 184 190 195 196 199 205 208 213 216 217 218 227 228 230 236 238 241 244 246 250 253 258 259 267 277 280 283 284 291 293 295 296 297 301 306 314 315 316 318 320 324 328 332 334 340 344 347 350 357 359 363 365 368 379 383 385 395 403 408 411 421 423 425 430 432 435 438 439 445 446 452 458 461 463 466 475 480 488 491 493 505 507 508 511 515 524 530 532 536 548 549 551 552 564 565 568 569 574 577 579 581 582 587 591 592 594 606 608 614 615 616 623 631 633 635 639 641 650 653 660 661 665 668 671 675 676 678 691 692 693 697 704 709 715 729 732 735 736 739 742 745 746 749 759 765 766 769 775 787 792 793 799 804 814 818 820 824 825 826 834 840 842 843
199 2 7 9 17 18 19 21 27 33 39 40 48 50 57 61 65 66 67 69 70 78 87 89 91 93 96 99 102 104 107 114 117 118 123 127 133 135 141 149 153 154 159 165 167 175 178 180 184 187 192 202 203 208 217 220 221 228 240 253 257 261 266 270 275 285 291 297 304 306 308 312 314 318 326 332 335 338 342 348 353 360 370 378 379 381 390 391 393 402 404 414 417 421 422 424 425 434 436 438 443 446 454 457 466 467 470 473 474 477 480 483 485 490 496 503 510 516 520 526 531 534 536 539 544 546 552 555 557 561 563 564 575 577 581 586 592 594 596 602 603 604 617 625 629 640 645 647 648 656 659 660 663 664 667 670 674 676 680 682 683 686 692 697 699 700 707 716 723 726 735 740 749 753 756 761 765 766 773 785 788 789 794 795 797 798 800 807 808 810 820 823 825 828 829 830 832 834 838 843
205 7 10 11 13 15 17 21 22 25 30 31 32 33 43 46 50 51 58 65 67 76 81 83 86 87 88 89 93 95 106 112 113 115 117 121 134 135 136 148 149 153 154 159 161 162 164 165 166 167 169 172 178 181 185 186 188 196 199 202 203 204 208 209 211 218 219 224 230 232 234 247 248 249 262 272 274 275 280 291 296 301 307 310 321 331 338 351 352 358 360 363 366 369 370 376 385 390 395 398 399 402 406 407 409 413 417 421 429 431 432 441 450 451 457 468 472 474 491 493 496 500 508 514 521 527 529 533 539 540 543 548 558 560 561 562 563 578 583 584 586 591 593 594 596 609 610 612 614 616 619 625 629 635 636 648 654 655 657 659 660 661 662 670 673 677 678 679 684 685 690 705 706 707 712 729 731 732 735 739 740 743 747 749 750 754 762 769 770 778 781 785 796 798 799 800 802 807 808 810 818 821 822 836 837 845
197 5 16 20 29 32 39 40 44 45 52 56 62 67 72 76 78 81 87 89 92 96 98 99 103 116 124 129 130 131 132 143 146 148 149 152 161 163 168 169 171 173 176 178 179 181 189 192 198 199 203 207 208 211 214 217 221 238 241 248 250 255 258 262 271 280 282 286 287 307 311 312 314 317 319 325 326 328 334 337 355 358 359 360 361 372 375 379 383 386 391 395 397 398 402 403 407 409 411 414 415 422 432 435 437 443 446 447 450 451 456 465 472 474 480 492 494 496 499 512 514 515 516 517 522 523 524 527 528 529 533 539 542 559 564 566 568 574 584 587 599 605 611 613 615 621 629 633 635 636 637 639 642 646 649 651 653 662 670 673 676 678 680 688 693 698 703 706 707 715 719 720 724 728 729 730 731 735 736 741 746 747 749 750 752 758 769 771 778 780 789 792 796 808 817 827 842 846
212 6 7 9 13 22 29 31 32 36 41 46 54 63 64 73 74 79 80 89 90 103 106 112 115 119 121 125 131 133 134 135 138 140 150 152 154 157 159 161 168 171 174 178 187 200 202 203 205 207 208 209 210 212 213 216 217 219 232 253 258 259 264 266 267 268 269 270 272 284 285 287 292 293 294 300 303 306 308 315 324 327 331 332 337 338 339 341 342 345 347 351 354 360 362 364 367 369 370 373 375 384 385 390 395 404 407 412 414 416 421 424 429 436 437 444 445 455 463 465 472 473 482 485 489 491 497 500 501 503 511 513 514 516 517 530 532 533 537 549 556 563 568 573 578 580 581 588 591 596 600 604 609 617 633 638 641 646 648 651 658 662 664 665 666 668 670 686 689 691 692 693 694 695 700 701 702 703 706 714 716 725 728 735 742 749 752 754 755 757 763 768 774 777 781 783 790 791 792 795 797 801 804 805 816 818 820 825 830 831 832 841 848
201 2 3 6 11 13 16 17 21 22 26 37 46 59 66 70 73 76 82 89 93 98 101 107 108 111 122 123 132 134 148 150 152 160 162 165 167 170 172 178 183 189 196 199 203 204 209 214 217 226 229 232 237 242 251 253 265 282 283 289 290 292 294 297 298 302 304 306 309 315 331 333 338 344 350 351 354 365 372 377 385 388 394 404 405 407 408 411 412 419 420 426 430 433 434 435 439 441 444 446 448 456 461 465 466 467 470 471 472 473 474 480 486 488 491 494 498 504 506 507 508 519 522 525 527 531 532 539 553 554 556 563 578 584 585 589 590 591 592 593 594 598 600 607 610 615 616 623 629 634 638 639 640 641 646 652 655 662 664 670 671 672 678 682 687 688 696 700 701 702 704 708 710 714 725 727 728 730 736 748 751 763 766 768 769 784 791 802 811 814 817 818 820 821 827 828 832 833 835 839 847 849
193 14 15 21 23 28 29 32 33 35 40 43 48 52 56 61 62 63 64 70 72 83 85 95 99 103 105 106 111 118 121 122 131 138 150 154 156 163 166 170 173 177 179 190 199 201 203 205 207 213 215 220 221 222 225 231 232 235 239 256 257 259 263 276 279 295 302 304 309 313 314 318 323 325 333 334 349 353 355 357 366 376 381 386 391 394 416 417 422 425 430 431 437 441 443 445 453 454 461 462 467 472 475 477 483 495 498 502 504 507 512 518 521 523 524 532 537 540 550 551 552 558 565 566 569 570 571 573 574 585 586 594 595 597 607 628 630 635 643 644 646 654 656 662 663 665 666 671 673 677 682 684 686 687 690 695 697 700 701 705 712 714 721 724 730 736 737 739 742 745 749 753 761 762 764 766 768 775 789 790 791 792 793 794 798 808 817 819 821 831 832 837 842 844
216 3 6 8 21 27 31 38 40 43 46 50 57 59 67 72 74 75 78 82 86 88 91 92 93 95 97 102 107 113 116 117 131 133 140 141 142 144 160 161 166 177 182 185 187 189 196 199 200 203 205 206 207 210 216 219 220 223 227 232 237 240 241 242 246 257 259 260 261 263 272 282 286 288 297 299 300 302 303 305 306 308 310 316 320 323 325 329 331 334 336 344 346 350 357 360 363 369 371 376 379 380 384 395 396 398 402 403 404 407 408 410 413 416 417 431 435 437 440 445 456 458 459 460 483 488 497 513 515 519 530 531 533 540 542 546 549 550 555 561 564 565 568 570 571 573 580 582 585 586 591 603 604 613 614 618 620 623 625 629 631 632 634 644 650 653 656 658 660 662 664 665 670 671 673 675 692 694 698 700 702 706 712 722 723 726 728 732 736 737 743 744 746 750 754 756 760 764 769 773 777 779 787 788 797 798 799 801 802 809 826 837 843 845 846 848 850
188 1 2 3 5 11 24 25 36 40 47 53 57 58 61 67 68 72 85 88 90 91 94 99 107 110 112 123 130 142 149 154 157 161 167 168 173 176 185 188 196 200 208 212 213 215 218 219 227 231 250 251 259 262 266 273 276 279 288 292 293 298 300 303 304 315 321 335 337 338 344 347 348 349 355 356 358 360 363 374 383 384 386 391 393 398 399 402 403 405 408 410 413 422 430 435 437 442 444 446 449 454 456 457 459 463 472 473 481 482 491 496 514 524 530 533 535 538 539 540 541 544 549 550 570 572 573 581 587 588 592 599 601 606 608 614 616 623 632 637 642 644 651 655 656 657 661 665 667 668 675 680 684 686 688 693 699 700 704 714 719 724 728 739 747 758 760 765 769 781 782 786 787 788 795 798 800 802 803 805 806 814 819 826 829 833 835 843 846
188 4 15 17 19 22 43 45 47 48 51 53 54 56 59 60 64 66 69 72 80 92 93 98 99 101 103 104 109 112 118 119 124 125 130 132 133 139 140 145 148 153 156 157 171 175 176 180 181 183 185 187 193 199 203 205 206 212 222 223 229 235 242 246 248 249 250 251 252 256 259 261 262 265 266 275 277 286 287 288 294 303 317 319 323 325 328 339 346 347 350 352 366 372 374 379 384 387 396 397 420 422 423 425 428 430 435 453 455 460 465 466 469 472 479 488 489 491 492 507 515 519 524 525 526 527 531 534 535 538 541 543 548 549 554 555 556 560 567 572 581 584 589 590 591 596 610 611 633 634 635 637 645 654 656 660 668 671 679 680 681 682 683 695 698 705 714 716 741 769 772 775 776 777 789 799 800 803 808 810 811 813 814 815 816 818 835 840 853
190 2 5 6 16 19 25 34 39 40 45 51 55 58 64 67 69 76 80 81 89 95 96 98 102 103 107 109 114 122 141 144 147 169 177 178 179 180 181 184 187 197 209 211 213 214 226 230 240 245 257 258 263 264 270 272 273 275 278 280 286 287 296 306 311 313 315 316 320 323 326 330 334 335 338 340 342 347 348 353 362 366 369 371 380 387 388 408 413 421 423 431 443 444 445 449 460 464 468 473 475 476 479 482 483 485 489 491 501 518 527 528 529 534 536 541 542 550 552 557 558 559 561 564 565 574 579 582 591 596 607 608 613 621 623 627 628 629 633 638 651 652 655 659 661 662 669 671 677 681 701 703 708 709 714 719 724 729 730 731 738 741 748 756 758 759 764 768 772 773 776 778 779 785 787 790 794 799 800 805 808 812 813 815 822 824 826 841 844 846 851
202 1 9 21 23 27 33 38 41 44 59 60 61 66 73 74 76 83 84 88 89 92 94 95 105 108 110 114 116 118 121 128 130 134 135 138 150 152 165 170 173 177 181 182 190 197 199 211 215 219 220 221 224 225 226 228 237 238 239 244 246 250 256 257 264 266 273 280 283 284 286 287 288 290 297 301 303 305 308 312 316 317 325 326 329 330 331 333 334 341 347 356 357 363 364 365 375 384 385 390 392 393 403 411 412 417 420 421 426 428 431 432 433 438 439 444 450 453 455 464 468 487 488 490 492 493 501 503 506 507 509 517 520 547 549 551 554 556 568 573 574 582 585 601 609 611 621 622 626 627 631 632 637 643 648 651 653 654 658 668 681 684 686 698 701 702 705 710 713 720 734 738 741 742 745 747 750 754 757 764 769 772 773 787 788 801 802 803 804 806 808 814 815 821 824 827 829 834 838 840 842 849 851
195 4 5 8 10 19 22 25 28 33 36 37 54 56 60 61 69 76 82 86 88 89 95 99 102 103 105 110 112 120 125 133 138 139 145 146 151 153 173 174 183 194 195 198 210 211 212 217 218 220 221 231 232 241 242 245 249 251 253 260 263 265 271 276 279 284 295 297 300 306 308 310 311 312 313 314 315 318 319 323 325 335 337 338 341 342 343 350 361 362 364 368 372 373 374 376 377 383 384 387 395 398 408 411 433 439 440 442 449 453 454 455 457 461 464 465 467 468 471 474 476 477 478 479 489 490 491 494 496 497 502 503 525 528 535 541 546 556 558 560 561 562 571 584 586 593 594 602 606 608 610 611 617 621 622 640 644 652 654 655 656 659 662 671 673 674 686 692 695 700 707 708 716 723 725 732 733 735 749 756 761 769 774 782 786 790 793 799 808 810 820 822 834 840 843 847
220 2 3 5 6 15 18 20 23 30 35 36 41 46 47 53 55 58 62 64 72 74 75 77 78 82 88 90 95 98 100 105 107 111 113 116 122 130 142 146 148 149 152 157 170 171 177 178 179 180 183 198 208 211 214 216 222 227 231 234 236 237 239 241 245 247 255 259 263 267 273 274 277 279 280 297 299 305 307 308 311 312 324 331 335 342 343 348 349 351 356 362 371 373 380 389 396 397 400 401 405 407 416 418 422 423 428 431 435 440 442 445 447 449 450 453 454 456 458 462 463 466 476 487 488 495 499 500 502 505 506 509 510 515 516 519 522 523 527 536 539 542 550 553 561 562 565 567 571 581 583 587 594 595 597 599 601 604 607 622 625 626 627 634 638 644 647 648 658 663 664 665 672 673 674 675 682 683 684 692 693 698 699 704 718 719 720 721 722 723 728 729 730 732 736 745 747 750 756 759 760 763 767 779 789 790 792 795 800 809 813 820 828 836 839 843 846 847 849 851 854
205 3 5 38 39 43 52 59 60 62 66 67 69 75 77 80 84 98 101 105 108 121 122 127 128 130 132 135 140 143 151 154 157 160 166 173 174 178 181 184 191 199 217 220 224 231 233 239 242 244 248 253 256 263 265 266 274 277 280 283 290 293 294 308 311 313 321 322 323 324 325 330 333 337 342 344 349 350 353 354 355 364 369 376 381 384 388 392 394 399 402 404 406 412 424 425 426 429 430 442 445 451 454 458 462 467 468 470 473 474 475 476 480 486 488 489 499 502 507 510 513 515 517 520 525 536 548 551 554 560 565 566 580 581 585 590 596 599 601 619 620 627 629 632 637 638 647 649 651 652 654 662 666 667 671 674 677 680 681 688 691 693 694 700 705 707 711 716 717 718 719 721 728 731 736 740 745 752 755 758 764 765 768 772 778 779 789 791 792 795 796 797 798 802 803 807 812 813 816 829 837 839 846 847 850 856
200 4 5 7 8 11 17 19 25 30 37 38 44 48 50 54 60 63 64 69 72 79 87 89 90 92 103 109 114 121 123 127 138 139 140 144 153 159 160 163 172 173 177 179 182 187 189 197 199 200 209 210 217 218 222 224 227 229 230 234 240 242 244 245 247 250 252 258 260 264 265 272 277 279 285 290 295 296 301 305 313 319 323 327 339 342 343 344 346 352 353 354 355 361 369 370 377 379 389 391 396 397 400 408 414 425 428 430 435 436 439 447 449 451 453 459 463 466 468 472 473 476 477 480 484 488 491 500 508 509 513 514 515 518 525 532 539 547 554 556 571 572 575 576 577 584 593 602 606 609 611 618 632 639 641 647 650 652 662 668 673 675 676 680 687 691 699 701 702 726 729 738 741 743 744 745 747 751 753 760 764 766 771 773 785 788 789 790 792 798 816 817 818 826 830 833 848 849 852 853 858
234 1 2 3 7 10 17 24 26 29 32 33 34 42 45 50 53 54 57 68 69 75 78 79 80 81 83 100 101 104 106 109 114 117 129 130 131 136 141 145 151 154 159 162 163 164 170 172 175 176 182 188 193 194 196 197 198 209 210 211 216 227 230 232 235 236 242 244 249 262 264 265 266 272 273 275 292 314 315 321 323 334 336 338 344 345 346 353 354 356 357 358 360 362 364 365 366 371 376 379 387 388 390 391 393 395 399 416 421 426 427 433 437 438 445 459 463 465 469 470 475 477 480 484 485 487 489 492 493 499 501 506 509 511 512 513 515 519 521 523 525 530 539 549 555 562 563 567 568 574 578 582 588 591 596 598 600 602 605 608 609 610 613 616 617 619 627 629 635 638 644 645 646 647 649 650 656 664 665 666 675 681 684 687 688 696 700 708 711 714 716 718 719 722 723 725 729 730 734 743 746 753 755 759 760 764 765 767 774 782 784 785 790 792 794 797 802 811 813 815 816 819 820 824 825 826 835 837 838 847 850 851 855 857 860
194 6 11 13 16 17 21 31 34 35 40 45 50 51 52 54 62 69 75 77 79 82 84 103 114 116 117 118 127 128 135 140 142 148 154 155 158 159 162 175 177 181 193 194 199 203 206 211 213 221 222 229 230 231 239 242 246 247 256 262 263 272 273 279 283 285 296 300 303 305 316 319 322 324 325 329 330 334 341 342 345 348 349 351 352 354 359 361 362 365 368 375 380 381 382 384 385 386 389 393 401 404 413 414 421 422 428 431 434 437 442 443 446 452 454 456 460 465 490 494 501 508 509 514 521 527 533 536 540 552 559 560 561 563 565 573 582 588 594 595 621 624 630 632 636 638 641 645 647 649 650 652 655 656 659 665 669 674 680 683 684 690 699 701 709 713 716 723 734 747 751 755 764 765 766 770 774 778 802 812 817 820 822 824 826 828 829 830 836 839 845 846 854 858 860
209 9 10 12 14 24 26 30 34 39 43 50 52 55 56 61 63 67 76 78 79 86 90 91 92 93 101 107 108 111 113 119 120 124 131 134 151 153 154 162 164 168 174 177 183 210 211 217 225 226 228 231 242 248 249 254 261 262 264 267 271 272 275 276 279 281 285 300 302 305 307 324 325 333 340 344 345 347 348 351 353 357 364 367 370 371 373 377 380 382 391 395 397 399 402 405 407 408 410 412 428 430 439 446 451 453 455 462 463 471 475 476 481 483 484 486 488 490 493 495 497 503 504 508 509 511 513 518 519 522 523 524 526 543 546 552 556 558 559 563 574 577 578 584 585 590 594 595 598 600 604 606 613 615 622 628 637 638 646 657 665 667 669 671 676 683 689 705 711 714 721 726 729 731 746 750 758 759 760 762 768 772 776 777 798 799 800 805 806 809 810 811 817 820 822 827 834 839 843 845 846 847 848 853 855 857 858 859 860 861
208 3 5 9 15 22 25 27 35 37 41 45 51 60 62 68 74 76 80 82 84 85 86 89 94 96 105 106 107 110 112 115 120 129 140 142 145 148 152 154 155 156 159 160 169 174 176 182 183 192 198 200 206 208 209 210 216 220 221 225 229 230 234 235 237 240 242 245 247 248 252 254 257 264 275 278 287 290 291 295 297 300 301 309 319 321 322 323 327 347 350 352 362 366 367 370 376 378 384 392 397 398 400 409 419 421 425 435 436 437 438 445 450 453 456 471 476 480 483 485 488 496 503 505 510 511 515 525 528 529 531 532 539 547 548 555 558 561 566 568 572 573 576 582 583 589 594 598 600 601 603 604 608 613 619 630 631 632 640 644 646 648 651 657 659 664 673 684 685 692 694 695 706 707 709 714 716 717 721 723 724 734 738 741 746 754 756 759 762 767 773 775 790 792 796 802 812 816 819 822 826 828 829 831 837 839 842 846 859
203 4 6 22 27 32 37 42 43 45 47 50 53 54 56 61 62 63 66 71 72 74 76 77 79 83 84 88 96 100 102 103 105 107 111 128 129 130 135 136 139 142 144 147 148 149 160 161 164 167 171 179 183 184 186 187 190 198 200 202 203 209 213 230 232 234 237 241 242 247 248 258 260 269 273 284 287 289 299 300 307 310 316 317 323 327 329 330 332 334 337 345 354 355 373 389 398 400 403 404 405 409 416 418 423 436 438 447 453 455 457 459 460 463 467 471 483 490 491 496 498 501 502 503 506 507 511 516 523 529 538 542 556 557 561 571 578 588 589 590 593 600 602 609 611 617 619 623 625 626 637 642 644 646 654 656 657 661 664 665 666 668 670 674 680 696 707 710 713 716 719 720 724 729 731 732 733 735 739 740 745 749 759 760 761 762 764 778 784 792 796 798 801 807 811 816 817 818 844 847 850 854 855 864
207 9 11 14 16 19 28 36 37 38 42 43 56 63 65 70 78 83 84 85 86 90 92 97 98 101 102 103 104 110 111 112 118 119 121 122 140 142 144 149 150 152 154 156 161 162 163 165 166 172 175 177 186 192 198 200 202 203 209 213 214 221 223 224 229 236 238 251 258 261 262 264 266 267 270 276 282 284 287 303 304 307 312 313 318 321 325 326 328 329 330 338 349 351 356 359 365 369 370 377 378 381 395 396 411 413 421 427 428 432 438 440 445 446 448 449 455 456 458 462 465 466 482 484 485 490 493 499 506 512 513 519 523 525 532 537 539 541 545 546 552 553 554 563 568 569 570 571 575 579 582 588 592 600 613 616 637 638 648 651 653 655 659 663 664 666 674 688 694 695 706 720 732 734 735 745 747 752 753 758 760 762 763 768 769 770 771 773 783 790 791 793 798 804 806 809 812 813 816 827 830 831 841 842 846 858 859 864
198 2 3 5 8 16 19 28 30 38 47 51 56 60 62 76 77 79 83 84 85 87 92 95 97 99 101 102 109 110 118 120 121 122 128 135 140 145 146 147 150 153 156 161 166 171 176 178 180 183 184 188 191 192 195 202 203 206 209 213 225 230 232 236 250 252 253 254 255 262 264 270 278 297 299 300 303 304 310 311 313 321 339 341 345 352 356 359 360 364 366 369 372 376 387 389 422 423 429 432 433 449 475 477 478 480 486 487 488 494 495 498 501 505 506 516 525 530 531 538 541 542 558 561 562 575 577 578 580 593 603 605 613 617 620 622 627 632 633 640 642 643 646 647 650 656 662 664 671 678 680 682 683 686 693 696 702 704 718 719 720 722 724 727 737 748 750 752 765 766 767 768 769 770 772 773 775 777 783 787 791 795 798 801 802 804 809 812 816 827 828 836 845 846 848 854 857 864 865
196 6 18 21 24 37 39 42 45 47 55 61 64 67 71 77 85 89 96 99 108 111 118 121 142 148 150 159 166 167 174 182 186 187 190 195 196 204 207 208 209 212 217 229 232 234 237 239 240 247 248 249 251 254 256 260 261 266 268 283 286 305 309 323 324 325 329 330 338 341 342 354 358 362 366 371 372 374 375 376 377 379 382 383 384 397 402 405 409 411 412 414 416 419 423 428 435 436 442 444 450 455 474 478 479 485 486 489 491 492 498 499 511 521 522 529 530 537 540 543 547 548 551 553 560 562 564 566 583 590 591 593 595 598 599 600 606 610 615 619 620 621 623 625 629 630 636 637 645 646 658 663 664 682 686 690 696 697 699 702 706 713 717 718 722 723 731 735 740 750 753 755 756 764 766 776 778 788 795 799 804 811 815 816 824 825 827 830 836 837 838 841 843 845 846 858 862
226 6 8 15 17 23 24 28 30 34 39 40 42 48 50 57 61 64 69 72 73 79 83 92 95 102 104 113 115 116 117 121 128 137 139 140 141 145 149 152 161 163 167 169 174 186 196 206 210 214 223 224 225 228 232 235 239 240 248 249 250 254 264 266 272 282 290 298 304 305 306 307 308 310 315 316 317 318 328 332 334 335 342 343 345 346 350 359 361 364 368 372 376 384 391 394 400 401 405 409 410 411 414 417 420 428 429 431 434 439 441 445 454 455 458 461 463 468 473 475 476 485 488 492 493 495 500 501 506 507 508 512 514 521 523 525 527 529 532 533 535 536 538 541 549 552 565 567 569 571 579 582 583 585 586 589 593 594 597 598 601 603 608 610 617 621 626 628 631 632 635 638 639 649 650 652 655 661 663 666 669 676 679 682 683 684 686 687 696 700 703 708 713 714 731 734 735 738 739 745 746 748 750 756 761 770 780 791 792 796 802 804 809 820 827 828 832 835 842 843 844 846 853 855 862 865 866
206 2 6 13 17 27 28 30 32 36 37 38 44 46 49 51 52 55 56 61 62 64 65 68 74 76 82 84 86 90 91 93 102 109 115 117 118 119 130 132 137 141 146 151 161 170 173 176 178 179 186 190 192 193 195 199 200 204 215 217 218 220 221 225 227 228 229 235 240 249 253 263 271 278 287 288 295 296 297 299 302 308 309 312 314 315 329 330 332 337 343 348 351 360 361 367 370 376 380 383 399 405 408 410 411 416 420 421 436 442 443 446 454 459 461 469 470 471 476 477 479 481 487 492 495 500 503 506 509 510 514 517 519 532 538 539 540 543 549 552 554 557 562 568 573 595 596 601 604 605 607 609 617 618 625 628 634 641 650 665 677 679 686 688 689 690 692 696 714 715 716 720 723 731 732 737 741 749 755 757 763 764 765 769 779 781 782 786 788 789 791 800 801 817 818 835 841 842 846 848 850 852 855 857 858 863 868
203 4 5 7 23 24 26 28 31 36 45 48 53 55 62 63 68 72 79 87 90 92 97 100 103 116 117 118 119 123 127 129 142 152 156 162 163 164 166 171 172 177 182 185 195 197 198 204 207 213 215 216 218 222 224 228 230 240 244 246 255 256 258 266 267 275 276 281 285 290 304 306 308 310 312 317 333 334 336 338 343 344 350 352 354 360 367 369 372 388 392 394 400 411 416 417 419 429 430 433 435 437 439 443 444 445 449 450 459 461 463 468 475 476 480 481 483 484 488 490 493 494 500 502 510 515 518 523 531 535 538 556 560 561 566 568 569 577 583 584 588 589 595 602 606 612 625 634 640 646 651 656 661 663 669 678 680 682 684 685 687 688 689 690 695 702 716 719 722 724 725 732 734 735 737 746 751 752 753 756 758 763 775 785 786 788 789 795 801 806 807 809 817 819 828 830 831 834 840 841 843 852 865 869
207 10 12 15 17 19 27 34 35 41 42 48 49 51 54 58 59 65 66 67 69 79 89 93 94 97 100 102 103 105 110 111 116 119 122 123 124 128 133 134 136 137 141 142 146 150 151 152 153 158 159 172 178 179 181 186 189 191 195 197 199 201 202 207 211 215 217 219 224 226 232 238 240 245 249 255 261 265 270 279 281 285 296 305 306 309 311 314 320 323 329 330 336 342 353 356 359 364 366 369 372 373 375 382 384 393 396 407 415 416 423 427 430 435 446 451 459 461 464 467 473 478 480 495 521 523 529 534 535 542 544 558 560 561 567 568 570 577 589 591 603 604 611 613 615 617 624 625 626 627 628 633 637 641 643 644 646 648 654 659 663 665 667 668 669 675 687 695 696 698 709 711 715 716 719 721 728 732 737 739 759 765 768 773 779 782 785 786 793 803 805 807 811 814 815 820 825 826 829 834 838 843 846 851 853 854 858 869
225 1 4 10 11 19 26 29 33 38 42 43 51 52 55 57 68 83 85 86 88 89 94 96 97 99 108 112 117 122 126 131 140 151 156 158 159 167 168 170 171 180 187 189 196 201 207 216 218 219 223 225 227 229 232 236 238 239 241 243 248 251 253 258 260 263 267 268 269 271 272 274 275 279 280 283 287 288 293 295 297 298 300 303 305 308 310 313 314 318 324 326 331 340 349 350 352 355 357 363 368 378 381 383 387 392 393 395 400 406 409 410 415 416 417 418 420 423 428 451 452 455 459 461 469 470 471 472 476 479 480 487 488 495 497 498 501 510 511 512 514 516 520 522 525 527 531 539 540 542 543 544 547 550 556 560 561 563 578 583 585 587 590 597 604 612 613 616 619 622 623 627 629 633 644 653 662 672 678 688 689 702 704 714 719 721 727 732 737 743 749 753 754 757 759 761 762 763 765 768 770 775 776 783 786 788 795 796 798 800 804 806 807 813 816 823 834 837 847 849 853 855 856 862 864 868
196 7 8 9 10 12 19 24 25 26 31 35 37 42 50 53 58 59 69 74 79 80 85 93 101 109 113 122 123 125 126 131 135 146 148 151 154 160 162 163 166 167 169 180 182 183 187 189 192 198 200 201 202 209 210 217 225 232 235 239 241 254 257 261 264 280 281 289 292 293 294 296 297 301 302 303 305 309 334 336 337 339 341 346 347 349 361 362 363 370 375 377 384 390 401 407 408 409 412 419 425 428 434 440 448 449 451 456 460 464 474 483 493 498 503 509 511 515 520 522 528 530 533 535 540 542 554 555 560 569 580 586 590 599 602 605 606 609 610 614 646 647 655 656 657 658 660 661 662 667 671 674 679 688 691 695 705 707 710 715 718 719 723 731 734 737 738 739 748 751 754 755 759 761 764 771 772 776 778 783 787 790 791 797 799 809 814 816 817 819 826 830 846 850 855 856 866
203 4 18 23 24 27 31 38 41 46 50 51 63 65 67 68 82 84 89 96 100 102 106 108 112 118 121 124 130 142 149 153 164 167 168 169 172 182 189 192 195 200 202 211 214 224 225 227 232 243 245 252 258 262 263 267 269 276 277 280 283 288 290 298 299 300 304 309 311 322 324 327 328 333 336 338 341 342 344 352 360 368 375 376 378 379 384 393 403 405 411 412 413 416 429 430 435 439 441 445 452 457 462 471 472 476 479 481 486 487 490 497 500 502 503 504 505 513 514 518 524 527 528 535 537 538 543 546 548 552 553 557 562 565 566 567 569 571 576 577 578 581 583 589 594 599 601 621 622 640 643 645 648 650 656 660 665 666 679 688 690 697 700 704 708 726 728 733 734 741 744 745 754 760 761 762 763 767 770 773 779 783 792 793 795 799 800 803 805 809 812 815 820 821 827 829 833 835 842 851 852 862 870 874
210 2 3 6 7 10 11 28 29 30 31 33 42 43 46 48 50 57 59 65 71 74 77 86 90 94 100 104 105 108 111 113 126 127 128 134 135 138 141 150 159 164 167 175 180 181 193 198 203 204 217 227 230 232 238 243 248 249 250 251 252 253 260 263 264 266 273 293 296 302 308 309 313 314 318 334 337 341 342 344 348 349 350 351 353 359 371 379 381 388 403 404 408 410 411 418 427 431 433 437 438 440 442 443 451 453 454 458 459 460 470 476 480 481 484 485 488 492 495 502 503 511 522 526 532 533 536 537 544 557 559 568 571 572 579 582 586 589 590 592 601 603 608 614 619 623 630 635 639 665 669 676 681 685 688 690 693 698 703 705 708 711 716 717 721 726 728 731 736 743 744 745 752 754 756 760 761 762 765 768 769 772 773 774 787 793 794 795 804 805 806 816 817 818 820 821 823 824 830 835 839 841 842 848 857 858 863 865 866 872 875
181 11 12 17 31 32 36 41 45 46 54 67 72 73 81 93 94 98 107 116 117 121 128 129 132 138 140 141 145 158 163 166 167 177 179 180 183 186 187 200 215 216 217 218 227 228 233 235 240 258 262 264 267 273 277 279 280 292 300 313 319 330 332 336 337 341 343 346 348 349 350 354 356 358 361 362 370 371 375 386 393 394 396 398 405 411 413 414 416 426 429 432 434 435 442 444 447 448 450 453 454 460 462 463 466 472 482 485 493 495 502 510 520 534 537 549 553 558 562 563 565 570 572 574 580 597 599 600 610 611 618 623 631 634 635 638 642 653 661 666 667 669 682 686 689 695 706 712 713 714 717 722 725 727 729 732 750 752 760 765 769 773 784 785 787 789 793 799 802 803 805 817 820 824 834 839 841 851 852 861 862 864
200 17 28 33 45 50 54 59 65 66 67 73 74 79 83 86 88 93 94 99 100 102 111 116 123 131 132 138 146 154 164 169 171 176 178 180 184 185 187 194 197 211 224 225 227 232 236 237 247 252 263 268 271 274 281 282 288 291 294 295 298 299 302 308 312 315 319 322 325 327 328 331 332 334 335 346 354 357 358 381 384 388 390 393 400 406 409 414 415 418 425 426 430 434 438 441 454 458 461 463 464 465 468 471 477 496 506 513 516 519 526 536 537 539 550 552 557 558 559 562 566 569 571 573 577 588 591 592 596 599 601 607 613 614 635 639 641 646 647 648 653 656 659 663 664 667 668 674 680 683 684 692 695 698 701 702 705 706 711 713 718 719 721 723 727 729 741 742 747 755 756 757 761 765 767 769 781 782 783 784 796 802 804 811 813 816 818 827 831 834 835 837 847 851 853 861 863 868 869 874 875
177 9 11 13 17 23 36 40 41 50 54 56 64 77 78 80 86 88 93 100 101 104 107 110 111 131 148 151 160 169 170 173 177 180 185 189 192 193 197 202 211 218 220 235 250 261 266 271 273 275 278 282 287 294 295 298 303 306 312 313 314 320 321 329 335 337 341 346 351 353 354 358 364 376 381 382 384 385 390 393 399 400 406 428 432 441 443 456 459 463 482 483 490 497 504 509 510 514 523 524 525 526 529 530 533 535 539 543 558 560 571 572 574 579 581 584 588 589 593 597 605 606 607 613 616 619 620 626 637 640 641 650 651 665 668 672 677 681 684 686 693 703 711 712 715 721 722 723 726 727 731 732 735 736 740 744 749 750 752 763 766 771 779 790 793 795 800 818 819 827 830 843 844 858 866 872 876 877
186 1 19 27 37 40 43 45 49 51 65 66 74 77 83 86 91 95 99 101 105 106 107 117 118 119 123 126 127 138 141 147 150 161 168 173 175 182 187 198 212 234 245 250 259 262 272 277 278 280 281 284 288 298 305 306 308 310 316 322 335 336 337 338 342 348 353 359 364 366 372 374 387 388 389 391 392 393 400 401 403 405 417 419 421 429 431 432 437 438 455 459 461 462 464 470 473 475 480 483 490 491 495 500 504 508 509 510 511 517 518 530 532 539 540 546 568 571 581 582 587 588 590 597 600 609 610 611 613 618 625 628 630 632 637 638 639 640 641 642 648 653 657 658 660 671 679 680 685 693 696 698 701 707 711 723 728 732 733 737 739 740 749 755 762 763 778 780 783 789 792 800 802 803 804 809 813 818 830 843 846 848 859 868 871 874 879
201 1 19 26 31 37 39 46 58 59 64 69 70 73 74 82 84 87 92 95 102 103 105 106 107 112 125 127 132 135 153 154 155 167 168 170 176 178 181 183 188 191 194 200 206 208 212 215 218 227 234 237 247 248 251 253 254 256 258 259 268 277 293 294 300 302 304 305 310 313 317 320 322 325 326 329 340 346 360 362 372 390 401 402 419 424 427 428 436 437 438 440 447 449 457 465 466 470 471 472 488 492 494 496 500 508 511 516 517 518 520 521 529 538 540 546 547 550 558 560 562 564 572 573 576 581 588 589 591 594 597 599 601 605 610 619 623 626 633 636 638 641 646 650 656 660 661 664 668 669 675 680 682 686 694 702 710 716 718 721 725 730 732 733 734 738 741 743 764 771 772 784 791 792 795 797 799 804 807 813 815 817 827 829 831 832 835 836 838 843 844 845 855 856 857 858 859 861 862 864 870 879
212 12 14 15 18 20 27 30 43 50 61 63 66 75 77 78 79 85 89 90 102 104 105 107 110 116 119 125 132 134 140 143 149 151 153 156 167 168 171 177 188 190 191 194 204 211 214 215 224 226 239 243 256 259 261 262 269 270 275 284 286 290 295 300 301 304 311 312 324 325 326 330 335 337 339 341 344 352 358 366 372 373 382 386 392 404 405 407 415 423 431 433 437 444 452 454 458 460 463 464 468 469 475 480 484 487 491 493 496 500 502 503 506 510 512 514 516 523 531 536 538 541 543 552 557 561 566 571 573 574 575 577 579 580 581 583 584 586 593 594 595 611 613 614 615 619 623 624 629 630 635 640 648 651 653 656 657 659 667 668 671 674 684 687 695 700 701 702 703 705 711 714 715 720 722 727 730 732 735 745 749 757 758 759 762 766 770 771 774 781 787 788 791 798 799 803 804 811 815 816 821 823 829 855 860 862 863 864 868 874 876 880 881
217 7 20 21 26 31 32 35 38 41 42 44 45 46 58 67 68 74 80 96 97 98 99 102 103 105 106 113 115 118 120 124 126 129 144 149 151 159 161 162 172 176 180 183 184 190 193 196 205 207 209 211 215 217 227 230 237 238 241 247 251 254 264 266 274 276 277 278 280 282 289 290 293 299 309 310 311 314 318 320 326 327 328 334 337 350 353 360 369 379 386 392 395 403 404 407 418 419 420 422 423 431 433 434 435 444 448 451 459 462 467 474 477 480 481 494 504 513 516 519 527 529 532 534 535 537 540 546 547 553 560 563 570 572 573 577 578 580 587 588 591 594 606 614 621 623 625 631 641 642 644 659 665 673 674 675 687 689 693 696 698 701 702 704 707 709 711 715 723 725 734 738 739 742 746 752 755 757 760 765 775 777 779 783 785 786 788 789 790 791 792 794 795 798 799 808 810 818 822 824 828 830 834 836 840 845 846 853 854 857 859 861 863 864 869 871 874 881
239 2 4 11 15 17 21 22 23 24 40 43 46 48 49 58 61 71 74 78 81 82 85 88 91 95 110 119 120 121 125 127 129 131 136 143 150 151 152 153 162 171 178 181 183 189 190 195 219 229 230 231 233 234 237 238 244 246 249 263 272 281 291 296 302 305 306 307 313 317 320 324 329 330 332 335 340 342 344 345 348 349 358 360 363 367 369 370 371 373 376 378 379 382 383 384 385 386 387 389 393 401 406 413 416 419 425 426 428 432 433 435 438 439 441 443 444 445 451 456 461 467 468 470 471 472 475 476 477 482 489 490 491 499 502 503 510 514 515 522 527 530 532 534 541 543 544 551 552 554 562 563 567 568 569 571 574 578 580 583 585 596 600 605 609 611 613 615 617 620 622 626 628 630 647 651 657 660 663 671 675 676 678 682 685 687 690 700 702 704 705 706 713 714 719 722 725 727 730 733 734 738 740 741 742 744 745 749 757 762 767 771 773 775 778 779 782 783 790 791 795 796 797 798 825 831 844 846 851 853 855 856 861 864 865 868 869 879 880 882
202 11 24 27 28 31 33 34 36 38 48 51 58 64 67 71 75 77 83 85 93 98 100 101 106 108 109 113 119 122 124 131 138 140 143 145 147 156 159 160 161 165 170 174 177 179 184 190 194 195 213 214 220 227 230 232 244 249 253 260 267 270 279 287 289 293 294 298 313 314 316 319 324 340 343 344 349 351 355 366 370 379 380 382 390 391 392 399 404 407 408 410 416 418 422 431 433 435 437 439 441 447 449 451 453 454 455 464 491 496 499 502 510 523 524 535 536 543 544 545 546 552 555 557 558 559 560 562 565 566 572 573 578 582 583 587 588 589 595 598 600 606 610 629 630 638 642 644 646 661 664 665 666 673 674 681 682 686 689 691 697 707 712 719 720 721 723 726 727 730 736 738 740 743 747 751 753 754 755 757 758 760 763 766 770 775 788 794 805 810 816 819 821 829 833 834 835 842 845 852 859 862 864
208 7 10 17 18 19 20 21 24 27 29 35 40 42 44 47 54 55 62 71 72 75 76 78 80 83 90 100 104 105 110 114 116 128 135 137 138 142 146 160 161 162 165 166 170 179 189 190 192 193 198 203 205 208 209 211 212 213 218 221 223 227 235 236 242 244 246 259 266 278 283 284 287 289 297 307 311 315 329 331 334 338 346 357 362 363 369 370 371 375 395 397 405 408 414 416 418 426 430 431 435 436 439 440 442 444 445 455 457 461 464 465 467 469 480 482 483 487 488 491 495 504 512 513 514 519 520 545 546 547 549 552 553 559 564 568 574 575 576 585 591 598 600 602 603 609 620 621 622 626 630 633 639 644 648 649 654 655 667 672 684 687 691 696 703 708 712 715 718 722 726 736 740 742 743 745 747 759 769 772 773 783 784 787 791 798 800 804 805 806 809 815 817 819 822 830 832 834 836 838 844 866 867 870 873 875 879 880 881
220 2 4 17 18 24 27 31 34 36 40 42 45 49 56 64 76 84 86 110 111 112 114 116 123 124 131 133 136 140 150 151 154 157 163 174 175 180 182 186 188 193 195 196 202 206 208 214 216 220 224 229 230 237 239 243 248 250 252 255 265 267 274 276 282 283 292 293 297 298 300 306 311 312 313 315 316 327 334 339 355 359 361 362 368 369 370 380 385 391 392 396 401 417 422 427 430 432 433 437 441 445 451 454 461 464 466 478 481 482 485 486 488 497 498 499 504 505 507 511 520 524 525 526 539 540 544 545 546 548 549 550 559 561 568 573 580 581 588 589 591 592 593 595 598 608 611 612 617 626 628 629 632 637 638 640 643 650 652 656 662 664 665 669 670 672 675 677 680 684 685 693 697 700 702 706 715 723 726 731 733 734 750 754 756 758 760 764 767 775 776 781 789 791 792 794 796 799 810 811 813 814 818 820 822 824 827 832 840 843 846 852 853 861 863 869 870 873 876 879 886
205 6 7 13 18 21 27 32 36 37 44 51 53 54 57 58 61 71 72 73 74 79 97 99 106 107 108 116 122 135 136 145 146 150 155 156 159 176 178 179 180 183 195 197 198 199 204 207 208 210 212 216 227 228 230 236 243 246 255 256 276 283 287 302 304 308 312 315 316 317 318 322 325 327 329 336 337 343 344 346 347 355 380 393 396 401 405 408 410 411 412 414 416 417 418 419 422 424 427 429 430 433 436 442 445 447 455 459 461 472 484 486 491 501 503 509 511 513 516 517 519 521 525 526 532 533 542 545 551 556 561 568 570 571 572 573 574 575 576 585 588 592 594 597 599 603 604 606 611 613 622 623 631 643 648 649 655 658 661 662 676 678 685 686 689 690 691 696 702 704 710 713 718 721 722 726 731 736 737 739 740 745 746 753 761 774 779 800 806 820 822 828 829 831 832 844 845 849 857 858 865 866 871 878 880 887
213 1 19 22 25 27 33 47 48 52 53 57 58 59 60 61 66 69 70 74 75 79 95 97 100 104 114 116 130 131 134 140 147 154 156 163 164 165 169 172 173 174 175 176 181 183 187 188 191 196 197 200 210 211 221 229 231 236 237 239 241 243 252 255 257 258 260 261 269 273 274 290 291 292 298 299 302 303 306 307 312 319 323 326 331 336 337 338 339 340 349 361 362 367 370 375 376 378 384 387 391 395 398 399 407 418 419 424 425 431 432 434 435 436 437 445 451 454 462 472 476 477 480 484 486 498 501 504 509 519 525 537 542 545 552 553 561 564 565 568 569 570 571 578 581 582 583 592 597 600 602 604 606 609 610 612 615 616 618 628 632 635 636 642 645 653 654 656 664 665 669 671 672 674 677 681 683 685 692 699 706 713 719 721 727 733 736 745 747 748 753 755 760 764 768 773 778 779 787 790 799 803 806 811 816 824 829 830 851 866 871 873 875 876
217 2 19 20 21 23 25 30 31 44 55 61 67 68 77 78 80 83 94 96 99 102 113 116 122 125 132 133 135 137 141 145 157 163 164 170 172 174 178 179 180 182 187 189 190 192 197 200 201 207 217 218 227 230 235 239 241 248 252 254 258 259 260 262 278 279 284 287 293 297 309 313 316 320 327 329 335 338 342 344 345 352 355 357 359 360 365 368 369 382 383 392 399 407 414 416 418 426 429 432 435 438 441 445 455 457 469 475 479 480 483 484 485 488 491 492 498 504 510 512 517 519 524 536 544 553 555 563 570 571 574 580 582 586 593 601 602 618 620 622 623 625 626 627 647 652 656 661 662 665 670 673 676 677 681 683 685 686 690 692 698 702 705 710 717 721 723 724 725 727 731 733 734 740 744 748 749 750 758 759 762 765 767 771 776 779 780 782 783 785 791 792 794 796 798 803 805 806 811 816 817 819 821 831 834 843 844 847 856 859 861 866 879 880 885 886 887 888
201 1 5 7 8 9 23 24 29 42 48 51 53 64 68 70 80 82 83 88 91 92 96 100 101 102 103 112 115 140 143 144 165 173 175 176 177 179 184 191 196 200 205 206 207 215 219 230 237 239 240 246 247 248 251 258 261 265 273 276 283 285 288 303 304 306 308 315 320 322 323 325 327 328 332 338 340 345 351 354 356 360 366 370 384 388 389 393 396 402 413 414 425 427 430 431 437 457 462 463 468 475 478 480 482 483 484 487 489 492 498 502 505 506 509 510 513 517 520 523 524 527 529 531 537 546 550 552 553 554 562 564 565 570 573 588 589 594 596 601 606 607 613 617 632 635 638 639 643 646 648 649 650 672 673 680 681 686 689 691 694 706 710 712 714 718 727 731 738 745 749 754 756 766 768 771 774 784 786 797 802 803 808 818 832 835 841 845 846 853 858 861 867 868 872 874 878 880 883 886 887 889
203 3 5 22 24 26 28 38 41 43 44 49 52 54 67 69 74 91 97 98 101 106 108 109 115 118 119 122 127 132 138 142 144 155 158 161 164 165 169 172 175 178 179 183 185 191 200 202 204 216 221 224 225 228 235 239 241 243 246 257 268 271 273 276 277 279 289 292 296 298 323 325 327 329 333 336 337 350 351 354 358 364 375 389 394 395 401 405 406 408 413 414 418 419 420 421 424 428 429 430 458 459 460 466 467 475 476 478 480 482 485 486 494 515 518 529 531 535 537 540 545 547 555 557 561 562 570 574 579 582 590 593 596 598 602 608 613 614 618 619 620 623 624 628 632 639 646 647 655 666 671 678 680 687 692 693 694 702 707 710 711 716 721 723 727 728 733 743 750 755 762 763 765 773 777 786 787 789 798 799 800 802 808 809 812 814 824 829 831 833 839 841 843 844 849 853 855 862 864 872 877 880 887 890
209 1 10 12 14 15 21 29 31 32 34 35 37 39 42 50 55 57 58 63 65 66 78 82 83 88 96 99 101 105 113 114 117 122 131 141 143 145 149 153 155 165 166 167 172 176 177 180 181 196 199 200 201 207 211 216 218 219 220 221 222 241 245 250 252 266 276 283 286 289 296 298 305 310 313 316 320 321 323 326 328 329 331 334 342 343 347 349 359 367 370 372 373 377 379 380 385 403 412 414 424 431 433 434 435 440 442 444 450 454 473 474 486 488 496 505 509 510 512 522 530 532 534 535 539 547 549 555 559 561 563 568 572 574 577 595 598 599 615 617 618 623 628 629 630 636 641 643 644 645 649 650 654 655 657 658 664 667 673 677 678 688 689 690 694 695 698 699 703 705 709 714 724 737 738 744 745 749 750 761 774 779 781 785 792 798 804 806 811 812 814 817 818 819 820 825 828 834 838 839 840 846 847 865 866 867 876 879 882 884
223 1 6 7 11 13 16 17 18 22 24 26 30 31 36 38 47 53 63 64 67 71 72 73 79 83 86 88 92 94 101 103 108 118 119 120 121 123 133 134 135 136 137 139 144 146 153 154 157 159 160 163 165 167 169 176 182 183 186 188 196 202 217 219 226 234 249 250 257 260 261 264 272 273 289 291 293 294 299 300 301 303 307 309 312 315 322 324 328 331 336 338 340 342 356 359 360 364 366 367 374 375 381 384 386 390 394 396 399 401 402 410 411 417 418 420 425 428 429 433 439 448 450 458 459 466 471 475 478 481 482 483 484 486 487 488 489 492 493 496 499 504 505 506 508 511 512 522 526 529 548 553 554 559 564 581 585 592 594 599 600 607 608 610 615 618 621 622 642 649 654 659 660 662 667 669 670 686 687 688 693 696 699 705 706 708 713 719 720 721 725 726 733 736 741 744 745 748 750 753 756 764 765 780 781 797 799 814 816 821 823 824 828 830 832 833 839 847 852 855 870 874 888 892
228 1 4 8 9 11 12 15 16 18 21 22 26 29 30 37 40 44 46 52 53 56 58 59 61 68 72 77 79 85 88 96 98 108 109 111 112 117 118 125 128 130 138 140 142 144 146 150 158 160 165 167 171 172 176 177 178 182 190 195 196 198 206 212 215 227 235 236 238 239 252 263 266 270 271 277 280 292 295 299 303 312 314 324 326 328 333 335 336 338 340 341 342 347 355 357 359 361 362 365 367 374 382 383 384 385 387 388 392 393 399 405 406 411 412 419 422 427 429 432 434 436 439 446 447 451 457 458 459 464 467 468 469 474 478 479 484 492 498 499 501 506 508 511 520 522 529 532 535 538 544 546 547 548 551 554 555 559 568 570 571 572 573 577 578 589 595 600 603 604 605 608 610 613 626 633 634 638 639 648 649 651 660 665 666 672 682 685 696 701 714 719 722 724 725 726 730 749 755 757 760 764 765 766 768 770 773 776 791 820 824 831 838 840 841 842 848 851 853 856 857 865 867 869 871 877 886 891 894
216 12 13 32 36 37 39 43 53 55 56 61 63 64 68 77 81 83 97 103 107 110 115 118 122 123 125 128 130 140 142 149 150 152 162 166 169 171 172 176 177 179 181 185 186 188 190 191 197 200 209 212 217 220 228 232 238 239 242 244 247 249 251 253 258 259 262 263 265 266 279 280 282 283 284 285 299 310 323 341 342 343 344 346 353 363 365 370 372 374 376 378 379 382 383 386 387 391 392 394 395 396 408 413 420 423 425 427 429 434 440 450 456 461 463 464 465 469 480 481 482 487 488 493 496 498 500 501 502 505 509 511 522 523 525 529 536 565 575 581 582 585 590 591 596 597 598 600 601 602 607 610 612 614 625 627 635 644 650 651 655 657 666 671 672 677 689 692 693 699 700 705 715 716 719 723 728 735 736 741 742 746 752 753 756 760 764 766 773 774 776 784 789 791 794 796 800 803 808 812 814 819 822 826 828 833 836 845 849 851 856 860 862 874 888 891 894
220 2 4 8 13 22 23 24 25 28 34 42 50 51 53 54 55 58 60 62 72 73 78 81 82 83 89 93 97 98 100 105 108 115 116 117 119 122 140 142 145 146 150 157 158 162 163 164 166 169 174 184 191 192 193 200 207 211 217 218 222 231 233 239 241 245 250 251 253 259 268 278 280 282 283 287 290 293 299 300 302 307 308 313 314 316 325 342 343 350 351 359 364 367 371 377 380 381 388 390 391 393 401 405 406 410 415 421 423 425 426 428 430 435 446 452 453 458 461 465 466 467 471 486 496 501 502 503 508 510 512 519 522 524 530 535 539 546 550 560 571 575 576 579 584 590 596 606 611 621 632 633 638 639 640 645 647 650 651 662 663 664 672 675 682 683 685 688 692 695 698 699 700 706 708 715 717 718 722 729 730 737 739 745 746 747 752 757 760 763 764 771 773 781 790 795 798 801 805 807 811 812 827 829 839 848 851 853 855 856 863 872 874 877 878 880 885 889 891 895 896
208 4 5 7 10 11 15 21 27 28 33 34 36 39 49 58 59 64 72 73 75 81 86 88 90 97 98 104 109 110 115 118 122 124 131 139 143 145 149 150 156 171 175 179 184 186 191 194 197 198 208 210 222 224 229 237 238 239 244 254 256 257 260 261 263 266 272 275 281 296 297 305 307 309 311 313 318 339 344 346 350 360 361 376 377 380 381 384 387 391 405 414 418 426 427 429 434 438 441 451 457 470 474 481 488 492 494 498 499 506 509 512 526 533 534 538 549 551 558 561 563 567 568 575 578 582 590 601 605 614 619 626 632 634 636 638 640 648 650 652 655 661 662 668 669 672 677 681 687 691 695 702 703 705 707 708 713 714 721 722 725 728 737 743 745 747 748 751 752 761 763 765 766 769 771 772 774 780 783 791 793 794 795 799 802 803 804 810 811 814 822 827 835 840 845 847 848 852 865 867 871 872 874 876 880 882 884 886 893
202 6 9 10 11 12 15 19 22 25 30 37 41 50 56 61 65 82 92 96 102 107 108 111 113 114 117 118 123 129 134 142 146 151 159 166 174 175 186 189 191 200 206 207 214 215 219 220 223 224 227 230 231 239 241 245 247 253 258 259 261 262 268 272 274 277 284 285 292 306 312 318 323 325 326 332 334 337 340 343 347 354 356 358 362 363 381 388 392 394 407 410 414 416 425 428 434 436 444 445 446 447 472 479 486 490 493 498 507 512 513 519 526 528 534 535 538 540 560 563 566 568 581 587 590 593 595 596 599 600 603 607 613 617 619 623 628 631 632 636 640 647 651 652 656 668 670 674 676 680 683 699 700 704 707 716 721 725 728 730 733 737 738 740 742 743 750 757 761 764 773 784 786 794 799 801 806 807 808 810 811 812 821 828 831 832 833 836 842 845 850 853 861 862 863 864 867 877 882 884 887 888 898
220 2 7 9 15 16 26 27 29 32 34 41 42 47 59 60 63 64 66 71 76 81 85 87 93 95 97 108 109 111 112 116 118 120 121 130 137 143 147 150 153 156 161 165 169 172 173 179 192 194 197 198 199 202 217 221 226 243 245 249 251 262 266 273 282 291 297 305 306 307 309 316 319 321 326 329 330 331 342 344 348 358 359 374 376 380 381 382 392 399 400 405 406 407 408 411 414 419 423 426 427 429 431 432 433 441 442 449 454 457 466 469 471 472 484 487 488 491 492 495 497 506 511 517 519 520 521 523 526 528 537 539 540 543 547 552 553 557 559 565 572 578 588 590 599 603 605 610 612 616 621 626 627 628 629 637 645 646 647 650 651 653 656 658 659 664 666 668 670 674 681 688 690 696 713 718 720 721 739 743 744 746 747 749 753 754 763 767 772 775 777 785 787 789 791 797 800 810 815 825 826 828 830 831 832 833 835 840 848 850 851 852 866 874 875 878 883 886 889 897 899
201 7 8 10 11 17 20 33 37 61 62 65 67 71 75 78 80 81 89 100 119 123 126 134 141 144 151 153 157 158 163 165 175 179 181 182 184 195 199 200 202 205 210 212 213 214 217 219 231 233 236 241 244 247 248 251 252 256 262 263 268 271 273 278 280 282 283 286 287 295 299 305 307 310 318 327 334 335 336 342 345 346 347 350 352 353 360 367 369 374 391 398 406 408 416 422 423 425 429 441 445 453 456 458 460 461 466 469 471 472 473 474 484 488 491 492 494 495 496 497 498 499 500 501 514 515 519 522 528 534 540 547 554 555 557 558 563 565 568 578 586 598 601 607 612 615 616 619 623 628 634 636 644 647 655 661 662 663 665 669 673 675 685 687 688 696 697 699 700 703 722 723 725 726 731 733 734 736 740 744 745 750 772 781 783 785 788 805 809 827 835 836 840 847 851 859 864 871 881 890 896 897
217 2 4 10 15 23 25 28 30 32 40 45 61 62 67 68 69 71 75 78 87 89 92 93 97 98 99 105 110 116 123 127 134 138 144 151 156 161 163 170 171 178 187 188 193 194 200 209 213 215 217 227 233 234 236 244 247 248 251 252 253 254 263 265 267 269 275 276 288 294 297 310 321 323 327 337 339 340 345 347 349 355 362 372 377 379 381 384 402 403 405 410 412 428 444 451 458 459 468 476 477 478 488 489 494 499 500 507 508 511 512 514 518 520 524 526 530 532 541 544 545 549 556 557 582 584 585 589 596 598 600 607 609 610 611 614 619 623 625 633 635 636 638 640 645 646 649 664 665 668 675 677 678 680 684 685 687 689 692 693 694 698 701 702 706 707 712 719 721 722 724 729 731 732 734 737 745 746 748 752 753 756 759 760 765 766 768 769 771 782 788 790 792 793 796 815 816 819 821 822 823 826 828 831 837 838 845 849 854 859 860 861 868 872 879 883 892 896
211 1 17 20 21 24 29 35 36 42 44 56 58 60 65 68 71 79 82 83 86 91 92 93 98 99 101 117 123 128 137 140 149 150 151 153 155 161 162 174 176 184 186 190 192 199 211 212 214 217 223 224 226 231 236 251 252 256 258 260 261 267 269 288 290 291 293 294 301 308 319 327 331 333 339 342 347 354 358 369 373 380 382 385 391 394 399 402 405 406 409 415 416 425 427 428 429 440 441 445 453 459 460 462 463 464 465 468 478 479 480 486 488 491 492 495 501 508 510 513 514 519 521 522 527 535 551 554 556 563 564 566 577 580 582 585 587 594 595 596 600 601 604 606 611 616 626 627 628 630 631 638 641 642 645 646 654 655 659 662 667 668 670 671 679 680 694 709 711 713 723 730 737 742 745 746 750 751 754 757 763 767 776 779 782 787 798 804 805 807 808 811 813 819 837 844 852 855 858 860 865 870 871 873 876 877 880 884 886 889 891 893
212 4 5 10 13 19 20 21 22 23 25 27 29 34 35 42 45 48 50 51 53 62 64 65 66 70 78 81 85 89 101 102 103 107 108 115 122 124 130 132 139 140 141 143 144 147 156 157 161 164 165 169 178 180 184 186 189 193 196 198 200 203 205 207 209 213 214 219 228 231 240 242 244 257 260 266 271 287 290 300 303 316 317 321 330 335 339 343 344 357 369 371 372 381 384 396 397 404 405 410 413 417 422 433 434 440 450 454 463 467 469 473 474 476 480 484 492 494 500 503 509 522 525 527 529 538 547 548 551 554 559 563 566 576 581 584 586 587 591 595 605 606 607 611 612 619 628 629 640 657 660 663 670 671 675 680 681 684 685 694 697 698 706 712 713 715 720 728 740 741 742 744 745 746 758 760 762 768 772 779 788 789 790 791 794 795 798 800 807 812 813 820 822 823 828 830 832 836 841 843 857 862 864 866 867 876 878 880 888 894 897 898 903
202 4 14 21 22 28 42 43 44 53 54 55 63 64 69 71 78 80 85 94 95 96 101 102 110 118 125 128 132 133 137 138 141 145 151 159 162 163 165 169 170 171 174 178 185 187 192 193 197 200 201 215 219 220 225 247 252 253 254 258 263 265 271 278 279 281 288 290 301 304 307 311 315 317 319 320 349 354 356 360 361 362 363 364 366 371 374 376 378 383 386 388 397 401 402 407 415 418 419 422 424 428 436 437 442 448 461 467 468 471 474 480 487 488 490 492 494 519 523 527 531 538 541 545 546 549 550 555 557 567 569 570 573 574 579 582 585 595 598 606 611 615 618 619 622 623 637 639 644 654 656 664 666 669 674 681 683 687 689 690 699 703 704 710 715 720 722 751 754 769 772 781 786 788 791 792 793 798 813 817 818 819 820 822 826 833 834 838 843 844 847 860 866 867 873 876 878 888 889 890 895 897 904
212 2 11 15 26 32 33 34 37 39 42 48 66 70 71 75 81 84 97 101 105 107 111 114 117 119 121 127 130 141 144 145 146 148 151 152 153 156 160 163 168 170 175 177 186 187 190 191 197 199 201 209 210 230 233 234 240 243 250 254 255 256 272 275 276 280 285 291 292 296 302 304 305 308 311 331 337 338 346 348 360 361 368 369 370 372 378 387 388 390 395 399 419 420 425 426 427 431 440 442 446 447 455 457 458 464 468 469 483 486 491 495 498 506 514 522 523 526 530 531 547 548 550 552 553 558 559 563 564 567 570 571 584 585 592 597 609 611 614 615 618 622 630 631 637 641 643 651 654 655 658 661 671 673 684 686 687 693 697 700 703 708 711 713 728 729 730 739 761 762 768 771 772 778 783 788 789 798 802 808 810 813 815 817 819 825 829 830 835 838 840 842 846 848 853 854 855 865 866 867 869 871 875 877 880 883 884 892 897 899 900 902 904
202 4 5 6 10 13 17 19 21 25 26 34 44 50 52 53 55 60 62 63 64 65 68 72 75 78 79 88 91 101 102 107 109 112 115 118 128 129 134 137 142 143 155 160 161 166 172 176 178 180 181 184 188 198 200 203 204 208 213 215 219 221 223 224 225 234 246 253 254 255 258 275 282 296 297 309 311 317 318 319 321 331 334 335 345 356 362 368 370 373 392 396 397 403 411 413 417 420 423 429 430 448 450 464 465 470 497 505 511 517 519 524 525 526 534 535 541 544 545 546 548 559 574 575 580 582 583 584 589 604 609 613 614 615 616 617 622 624 632 634 638 642 644 646 659 670 672 678 685 687 694 699 700 703 709 715 719 720 728 730 735 736 739 743 747 755 759 762 769 774 779 781 784 788 789 791 793 794 795 799 803 809 811 813 822 823 824 825 826 841 844 849 864 869 877 878 880 884 889 898 904 905 906
239 4 5 9 10 13 14 20 21 24 25 27 29 34 36 39 47 48 54 57 65 71 75 76 81 86 87 89 90 92 100 103 104 108 109 111 116 119 121 131 141 143 148 151 154 157 159 164 170 173 176 181 182 184 186 189 195 196 197 199 201 202 203 210 213 225 229 231 232 233 236 239 240 243 244 248 251 253 261 263 265 266 271 273 275 276 277 278 281 287 295 297 303 304 306 307 310 317 318 319 322 327 330 334 338 342 344 345 352 355 359 360 361 365 374 379 383 387 390 393 394 402 405 417 418 423 427 428 433 436 442 444 450 453 455 467 470 475 477 478 481 484 486 491 492 495 496 497 498 512 513 514 519 520 530 531 535 536 541 552 574 576 580 583 585 589 591 593 600 608 609 618 619 624 626 630 631 633 636 637 639 640 641 644 649 659 661 663 674 679 688 689 694 699 701 704 716 723 732 733 735 737 740 751 752 753 757 776 793 795 800 805 814 818 825 831 833 838 846 847 848 851 853 854 855 864 872 874 876 878 881 885 891 892 893 894 899 900 902 903
206 2 4 10 14 17 18 19 24 28 30 36 37 42 51 53 55 56 58 60 61 68 71 75 77 81 84 89 93 94 98 99 100 116 120 125 129 133 147 154 156 161 162 163 166 176 187 188 191 205 207 209 211 213 217 221 229 236 243 247 249 264 284 299 303 306 308 311 312 313 314 315 328 339 348 350 351 358 360 363 367 368 369 370 371 375 377 381 382 386 393 399 401 402 405 407 410 411 415 417 424 426 431 439 444 446 452 454 456 461 463 470 474 478 485 491 493 494 496 498 500 506 508 520 523 528 530 533 544 546 553 557 559 561 565 566 569 571 583 586 587 592 602 604 607 610 611 612 617 619 623 624 628 633 642 646 660 663 671 673 678 680 683 684 686 703 710 712 714 715 717 718 729 731 732 736 755 757 759 762 776 789 791 804 808 810 814 817 820 824 827 847 854 858 861 864 869 870 877 878 883 885 886 890 899 903 905
216 16 17 18 19 33 47 51 66 75 76 82 84 87 91 92 94 99 104 105 110 120 126 134 135 137 139 149 156 158 159 162 165 173 174 175 181 183 187 193 199 203 215 221 223 230 232 234 238 240 244 245 246 248 269 270 272 274 279 287 290 300 305 312 315 316 348 351 353 354 368 373 374 375 377 378 382 389 391 400 402 403 407 423 428 431 433 435 436 443 444 446 447 449 450 452 455 460 462 463 471 474 476 477 486 487 489 491 496 497 501 507 519 522 525 526 531 535 536 538 539 540 547 548 550 555 556 558 565 566 567 569 573 579 585 586 587 594 596 597 603 607 609 611 613 617 619 623 624 631 633 635 643 651 661 662 670 671 675 676 677 680 686 687 689 690 703 707 710 715 718 726 728 730 731 736 741 742 743 747 750 754 755 761 765 766 771 773 777 789 794 801 806 819 821 824 825 830 834 837 838 843 844 849 852 859 860 861 871 872 876 881 885 895 897 902 908
215 5 7 13 20 21 24 28 30 32 34 44 56 69 85 88 89 90 92 95 99 101 110 112 118 122 126 136 147 148 150 154 163 166 167 176 178 181 183 195 198 203 213 215 217 218 220 221 226 234 236 240 243 245 251 256 259 262 264 268 270 273 280 281 282 284 287 295 297 301 304 311 316 317 324 325 332 341 343 347 349 351 352 356 358 362 364 371 374 376 378 381 390 391 397 402 406 412 416 422 427 433 436 438 440 442 444 445 447 450 458 464 466 468 472 476 477 481 482 485 492 494 497 498 506 511 513 514 516 517 521 522 525 526 527 532 533 535 536 538 540 545 549 553 560 574 576 579 582 584 585 587 592 594 606 607 615 617 618 625 632 639 640 641 650 651 657 667 676 681 684 687 688 694 702 716 717 719 720 731 733 735 739 752 782 784 787 788 789 793 797 800 811 813 819 823 826 828 831 836 837 851 859 860 861 868 872 878 879 883 884 896 897 898 900 901
230 10 13 17 20 23 38 39 40 47 49 54 55 60 63 64 68 69 70 71 74 77 83 85 95 100 104 108 111 115 128 137 142 144 147 158 177 182 185 190 191 197 198 201 203 207 210 213 220 226 227 228 229 231 232 239 242 248 259 264 268 272 276 278 280 282 283 292 296 301 303 305 306 308 312 316 317 322 327 329 336 344 349 356 358 362 372 373 375 376 377 379 385 386 388 389 391 396 398 400 403 407 409 413 420 421 422 423 441 443 446 449 456 459 461 468 471 475 484 495 500 504 511 514 518 523 531 532 536 540 549 550 554 556 558 559 568 571 575 576 578 580 583 584 587 588 591 592 593 594 598 600 601 607 608 621 623 628 632 635 636 640 642 643 645 647 649 650 651 653 661 671 674 678 680 686 688 700 701 706 710 718 720 725 726 741 746 754 766 767 770 771 774 785 791 792 793 801 802 809 810 811 813 817 818 819 820 825 826 827 828 833 838 841 842 847 849 854 858 869 871 874 875 878 881 886 895 896 898 900 907
219 1 13 15 19 36 37 39 42 47 48 49 51 52 53 54 56 57 59 71 73 74 76 97 99 111 119 129 133 136 138 143 145 151 156 157 160 175 179 184 192 196 197 198 199 203 212 213 221 228 230 231 243 255 258 259 260 262 267 271 273 275 278 279 282 284 285 286 287 298 301 304 305 310 312 314 317 318 323 326 328 330 333 336 337 339 343 344 346 348 353 356 363 367 371 372 373 376 382 384 389 390 392 396 399 409 411 412 414 420 423 425 429 437 442 444 457 467 471 472 473 475 478 482 484 490 499 500 505 517 518 522 527 531 541 542 548 555 561 564 572 574 575 576 578 582 583 585 586 590 592 598 602 606 607 610 612 614 621 624 629 631 639 641 648 650 657 661 674 680 681 690 700 704 710 712 713 718 723 733 735 739 742 743 744 748 759 766 768 775 788 789 791 793 799 808 810 820 840 845 846 853 854 861 864 872 873 876 878 882 884 891 892 896 898 900 904 905 906 909
212 6 11 13 14 17 19 20 21 26 30 40 49 63 65 67 74 81 90 92 94 96 98 99 100 103 107 111 119 122 128 132 144 146 150 167 176 183 186 188 189 191 192 194 196 197 200 204 207 215 223 226 227 228 231 232 238 241 243 249 253 256 258 260 263 266 271 278 286 299 300 302 303 308 309 311 314 322 325 331 341 348 356 371 393 397 414 418 419 420 424 425 431 437 440 441 442 447 451 454 455 458 462 464 466 473 478 480 493 494 497 500 505 509 516 521 529 530 531 537 538 541 543 553 557 559 561 566 571 573 581 586 588 590 592 595 610 613 615 616 627 628 630 632 638 641 642 660 662 673 681 682 690 691 694 696 697 700 701 709 711 715 716 719 722 726 728 730 733 735 736 737 743 746 749 752 756 765 766 769 771 772 774 780 781 782 787 799 805 822 824 828 829 831 835 841 850 851 856 862 864 865 868 869 880 881 882 884 888 892 898 902 910
190 3 6 7 9 26 31 33 34 35 42 49 54 57 62 64 65 67 69 71 90 95 98 103 106 127 132 133 134 137 145 149 153 169 170 172 173 175 177 180 189 207 208 214 215 218 221 226 227 228 230 237 238 246 249 250 252 258 260 262 263 264 273 277 291 300 303 305 319 330 335 341 351 365 367 368 378 381 394 396 401 409 411 415 421 423 425 434 443 453 455 462 463 464 474 481 484 487 492 497 504 510 511 515 516 523 535 536 540 544 546 547 551 553 561 564 569 572 573 577 580 582 592 594 601 607 608 622 624 625 632 634 648 651 652 655 656 661 666 672 674 680 682 683 686 693 697 700 701 703 704 708 717 744 745 746 751 754 763 768 769 771 775 778 779 786 792 802 810 811 816 817 834 837 842 843 847 860 862 869 870 872 878 884 892 894 899 904 905 910 912
231 5 7 10 14 15 21 31 47 56 59 62 65 69 70 72 73 74 75 76 77 78 80 82 85 87 89 93 94 97 100 103 105 108 109 113 116 118 119 121 123 136 142 143 146 154 159 164 169 176 179 190 193 202 206 209 219 221 223 225 226 227 228 230 233 239 241 245 248 250 253 257 262 263 265 266 267 273 279 283 289 292 297 298 307 311 314 317 321 323 324 330 332 333 334 340 342 346 348 351 352 355 357 360 361 373 375 376 379 381 384 387 389 405 408 409 410 413 420 422 424 426 428 432 438 439 441 442 447 451 455 465 470 472 473 476 478 480 487 489 504 505 507 508 509 510 513 523 526 527 543 544 549 550 552 553 555 561 567 597 598 602 603 610 611 613 616 621 635 636 653 655 660 661 666 676 678 687 695 698 699 700 705 708 713 715 717 721 725 731 737 739 740 743 745 747 748 756 767 779 780 783 787 791 801 802 804 805 806 809 811 812 814 816 818 821 822 825 828 834 845 847 853 855 867 873 884 890 893 894 906 911
227 3 8 10 13 14 15 19 23 26 33 37 39 41 43 44 45 49 50 51 52 54 60 67 71 73 74 75 76 78 79 83 84 85 88 92 93 104 105 107 110 116 118 119 121 130 137 142 147 150 153 163 165 178 181 184 186 187 189 190 196 204 205 211 214 215 218 219 222 228 232 233 234 241 243 246 250 254 256 259 260 275 276 285 286 289 300 308 311 320 321 329 339 348 349 362 367 370 371 373 377 380 384 393 402 403 405 406 410 412 415 418 427 430 432 434 437 439 440 441 442 455 459 460 463 470 479 483 493 494 507 515 518 527 533 535 544 545 546 549 555 562 574 578 580 581 582 593 599 613 617 618 619 620 631 632 634 636 638 646 647 650 654 657 659 662 663 665 669 670 675 677 680 681 687 691 692 696 699 700 701 706 712 714 727 733 734 735 741 744 746 756 759 760 762 763 768 774 775 787 794 801 806 807 809 815 818 824 826 830 836 840 842 850 854 856 858 862 866 868 870 876 883 886 888 890 899 910
207 3 8 9 10 13 27 32 34 38 45 55 59 62 63 68 74 77 81 82 83 91 94 95 97 102 104 107 110 111 114 123 125 128 129 135 140 145 150 152 155 169 174 178 180 191 192 193 196 199 200 203 208 209 212 221 222 227 235 238 241 242 245 251 254 258 269 272 277 279 286 287 289 294 300 303 307 312 314 322 324 327 329 331 332 333 334 337 347 350 363 364 365 370 375 380 383 386 393 397 401 418 421 430 431 433 438 441 448 450 452 453 456 457 461 468 469 472 473 474 475 491 500 505 509 510 514 515 519 535 536 541 545 546 548 552 553 557 573 574 577 589 593 596 599 606 608 609 612 614 617 619 620 626 635 639 649 658 659 664 674 676 682 684 685 687 691 695 700 706 709 713 726 728 729 735 740 747 752 757 761 763 792 797 800 803 805 806 808 818 824 834 837 849 860 861 862 863 880 884 886 887 889 902 904 909 910 915
222 3 5 7 15 24 25 30 37 38 39 46 50 51 53 55 56 58 68 73 79 87 88 89 90 93 94 101 104 107 114 118 129 131 136 145 152 155 160 161 163 165 172 185 190 193 195 200 203 213 216 223 225 230 247 249 251 255 257 260 265 270 271 273 275 276 285 287 288 289 292 293 298 303 318 323 324 326 327 329 330 333 346 350 354 360 362 364 365 367 369 370 373 385 393 402 404 406 408 410 414 419 422 435 436 438 440 441 444 446 450 451 452 461 463 474 476 478 481 487 488 490 492 496 497 498 504 510 514 520 531 541 543 546 547 554 562 563 567 576 577 579 581 589 590 592 596 597 598 600 607 608 619 621 623 625 638 640 645 653 663 669 682 683 688 690 692 694 696 703 704 707 714 719 723 724 735 736 740 742 745 746 756 758 763 777 779 781 786 787 792 795 796 798 799 803 805 809 812 816 817 820 823 825 827 829 837 841 850 851 857 859 871 873 877 878 879 899 901 903 904 909 917
231 4 5 7 11 12 15 18 20 22 24 27 28 32 33 47 52 61 66 69 84 85 89 105 109 113 115 117 121 127 129 132 145 150 156 157 158 161 166 167 168 169 171 175 179 182 185 189 193 196 200 205 207 208 217 219 223 226 229 230 234 235 241 242 245 246 255 257 260 265 277 283 284 285 286 289 293 298 305 309 314 315 324 338 346 349 353 356 357 359 360 363 367 371 376 378 379 382 393 394 395 397 399 401 406 408 409 411 415 416 420 421 424 434 439 440 444 455 458 471 484 488 492 495 500 519 533 541 542 546 551 554 558 562 564 565 569 570 573 581 583 584 587 590 592 593 596 598 604 609 610 613 616 619 623 629 631 643 644 646 650 652 658 665 682 683 685 687 688 693 694 706 709 710 711 727 731 734 742 748 751 754 757 758 760 761 762 766 769 772 773 778 780 781 784 788 792 793 799 800 801 802 803 810 813 824 829 837 840 842 845 846 848 851 861 862 865 867 872 876 877 879 880 888 891 894 901 904 905 912 918 919
204 4 11 12 19 27 29 34 45 56 57 58 61 67 72 87 97 98 101 104 105 106 112 114 121 123 125 127 128 133 138 140 143 146 150 152 160 162 166 170 180 196 215 218 228 230 232 235 244 247 248 249 250 253 257 264 265 275 280 288 293 299 305 308 318 320 321 330 334 336 339 346 348 349 355 360 361 376 385 392 393 398 404 405 407 414 417 422 426 429 431 435 441 443 448 456 459 460 463 470 474 480 488 511 515 518 521 522 523 527 529 536 538 540 541 546 548 552 554 557 561 564 569 570 573 582 584 585 586 595 603 606 613 619 620 621 626 628 631 635 640 641 642 643 646 651 653 660 670 674 680 681 686 688 690 696 697 715 719 720 724 726 728 731 738 741 751 753 754 755 763 773 776 777 780 783 788 791 798 801 803 805 814 816 817 827 839 840 848 852 854 855 859 860 861 868 876 883 888 889 894 900 902 914 918
235 8 9 12 23 25 26 37 39 42 43 46 53 54 55 62 63 75 86 90 92 96 97 98 99 103 105 111 112 113 114 115 121 129 151 155 158 167 168 169 171 172 177 179 180 182 183 194 198 200 203 205 207 213 214 217 224 227 228 231 232 233 234 236 241 246 248 251 252 263 274 276 283 294 295 298 303 306 309 311 317 320 322 323 325 328 329 330 332 335 336 338 343 348 350 355 358 360 369 371 374 376 386 396 397 402 403 408 410 411 413 420 422 425 431 432 433 434 435 440 445 457 458 468 469 471 472 477 482 486 491 492 500 501 507 511 519 523 526 532 539 542 544 548 549 554 556 557 558 559 560 562 564 568 577 583 585 586 596 601 603 608 617 618 621 633 635 636 641 643 648 650 655 657 672 673 679 680 685 686 702 709 722 728 729 730 731 732 735 741 744 752 758 761 764 768 769 772 777 779 780 782 786 788 799 805 810 813 817 821 823 828 833 836 837 843 844 850 852 853 856 859 866 868 870 876 879 883 888 894 897 900 909 911 914 920
217 2 6 10 12 14 15 20 21 22 39 40 51 53 58 60 66 67 77 80 81 90 95 96 102 112 115 122 126 133 139 140 142 144 161 163 169 171 173 175 180 187 190 194 197 199 205 206 208 219 220 225 231 233 243 244 246 248 257 258 268 284 287 291 293 294 297 300 302 307 308 315 317 323 331 334 336 342 343 346 349 351 353 362 367 369 370 377 383 387 397 398 404 410 415 418 423 434 437 441 450 465 470 472 473 474 476 477 478 480 481 486 492 494 495 497 498 516 523 525 531 532 535 536 539 543 544 545 548 550 551 552 554 560 561 566 571 576 581 586 588 590 591 604 606 610 614 615 617 620 622 625 626 629 638 650 656 663 666 670 684 689 694 701 706 708 715 722 730 732 740 741 742 743 746 748 752 754 756 758 762 766 769 771 772 776 789 796 813 815 816 817 824 825 826 829 831 834 841 843 846 849 857 859 863 864 867 875 876 877 879 882 887 890 905 909 913 918
219 2 11 12 14 24 33 39 41 44 45 51 52 62 64 65 70 74 75 90 95 99 100 103 104 109 110 111 112 114 116 122 126 127 128 143 149 151 152 153 163 173 174 177 181 198 201 205 212 216 218 220 221 227 228 235 238 239 240 242 244 251 259 260 261 263 264 268 272 274 282 288 293 302 316 317 320 323 326 331 332 335 339 342 348 354 355 362 365 369 370 371 374 375 393 395 398 399 405 408 413 424 425 439 440 446 459 466 471 472 475 478 479 484 490 496 497 512 513 514 534 536 542 546 549 557 561 575 579 580 584 589 591 596 605 608 616 618 620 622 631 639 640 643 647 648 659 661 667 668 671 673 675 680 684 687 694 701 702 705 710 716 718 720 725 727 730 733 734 735 737 738 742 743 749 751 757 760 761 762 766 768 771 781 783 787 793 794 797 799 801 809 810 815 816 820 824 825 829 837 847 851 853 854 855 856 858 862 866 869 871 876 881 884 887 890 892 899 913 916
240 8 11 15 23 25 28 32 36 37 41 43 45 53 56 59 62 65 69 73 82 84 86 89 91 95 96 101 103 106 107 112 114 121 133 134 136 139 143 145 151 154 155 156 157 161 162 166 167 174 176 177 178 180 181 184 191 196 219 222 224 233 236 242 244 245 250 261 268 269 271 272 277 278 283 285 286 287 295 297 302 304 307 309 311 312 321 325 328 331 333 334 339 341 346 347 356 359 375 376 379 396 402 404 407 413 414 418 426 427 428 439 444 446 448 453 456 465 466 467 468 474 480 483 485 488 502 508 523 525 527 528 530 532 533 534 535 536 537 538 542 544 546 556 558 559 561 571 575 577 578 582 590 596 607 609 611 616 619 624 627 628 632 633 639 650 651 663 664 666 667 677 678 680 688 690 701 702 704 706 707 714 715 728 729 730 733 736 740 743 749 767 773 776 786 790 791 793 797 799 800 802 804 805 815 817 818 822 823 827 831 832 835 837 839 849 850 851 852 860 864 868 872 873 874 875 876 877 881 882 884 888 889 892 895 904 909 912 916 919 924
196 2 5 6 10 13 18 22 33 34 39 41 45 57 58 59 66 82 83 84 92 93 100 101 104 105 107 115 117 118 120 124 129 132 135 136 141 144 146 150 154 157 159 165 169 172 178 180 185 186 193 196 200 202 226 228 231 232 237 240 251 255 257 267 268 271 272 276 277 278 279 287 289 291 294 308 314 343 344 355 356 359 372 377 379 383 394 397 400 403 405 406 408 409 415 432 437 446 449 451 457 459 465 469 473 478 481 484 491 507 509 513 514 524 525 528 529 530 539 543 552 553 556 557 563 568 576 577 580 583 592 594 595 596 598 603 606 612 614 617 636 638 640 652 654 660 671 687 698 700 719 728 730 733 737 740 745 747 748 766 767 771 775 778 780 784 786 790 791 798 807 810 815 817 818 823 824 830 832 837 842 846 848 865 868 876 881 887 888 890 891 901 911 912 913 914 925
214 15 22 24 26 34 37 44 45 47 48 53 55 56 57 61 63 65 67 75 82 86 87 88 90 93 100 110 115 116 124 125 143 144 150 154 156 160 162 164 171 172 174 183 184 195 198 205 207 209 210 211 216 218 223 230 233 234 239 241 243 251 258 260 269 272 277 284 287 293 297 298 310 311 314 324 328 334 340 343 352 361 365 366 367 368 369 372 374 382 389 392 406 417 418 420 423 429 434 437 441 451 458 464 468 473 478 485 492 495 498 500 503 504 505 507 510 531 540 544 550 554 555 557 560 561 581 589 590 598 604 607 612 614 617 619 620 621 623 632 639 642 646 656 662 663 665 673 674 675 683 692 694 696 697 704 712 720 731 733 734 735 737 746 748 749 757 758 764 765 769 770 775 776 780 784 792 795 796 797 798 799 802 808 811 819 820 822 824 826 829 831 837 843 845 847 848 851 855 857 862 868 869 871 872 874 878 881 882 887 895 897 914 916 918
210 7 15 16 22 23 32 36 37 53 59 60 68 69 77 79 80 86 89 92 93 94 102 110 112 115 117 120 121 128 131 133 135 137 146 157 158 159 165 167 173 181 185 190 193 194 196 204 210 213 220 225 227 243 248 252 253 256 259 261 280 283 285 286 295 297 302 305 310 314 315 322 327 339 346 347 356 360 361 369 376 377 383 391 395 398 403 404 405 410 418 426 435 440 441 444 446 449 451 454 458 461 466 470 478 482 483 484 486 492 494 497 508 512 515 519 520 525 526 528 529 530 537 549 553 555 556 561 564 566 567 574 577 585 588 590 591 596 600 601 605 607 610 614 621 622 623 628 629 631 632 635 636 637 641 656 659 662 675 676 685 699 704 707 709 722 723 731 734 735 739 745 751 753 757 762 763 764 766 768 769 776 788 793 797 805 806 808 809 813 818 820 823 825 829 830 848 857 871 875 886 888 889 897 902 904 908 909 911 912 919
217 1 12 17 18 20 31 36 40 43 44 52 56 66 67 76 89 91 92 93 94 101 104 114 117 121 125 130 140 142 143 148 149 151 154 156 157 159 175 178 180 185 188 191 194 197 200 202 206 207 210 212 214 220 222 224 225 226 227 232 236 237 242 250 254 256 260 261 263 264 267 272 275 279 280 283 286 289 296 302 308 310 317 318 322 325 326 330 331 341 344 349 354 356 362 370 371 392 396 399 401 409 421 422 423 433 438 441 459 463 464 469 471 475 480 482 483 485 497 498 508 510 515 516 530 538 542 544 546 549 554 557 560 563 570 573 578 582 593 596 597 602 608 614 617 621 627 631 633 643 647 652 653 662 663 664 668 686 690 691 700 703 705 708 710 719 720 733 741 752 753 754 755 756 757 760 766 767 772 779 780 781 783 784 787 790 792 794 795 798 799 802 803 813 816 831 838 843 848 850 854 865 866 867 868 876 879 884 886 892 895 896 899 902 904 912 917 922
203 4 13 17 39 44 45 53 54 55 56 57 81 90 97 101 102 104 113 124 130 131 132 134 136 145 147 151 156 158 163 165 167 171 175 183 184 185 187 195 198 214 224 225 229 233 234 241 252 256 264 265 268 272 274 281 282 291 310 311 313 314 315 316 317 320 322 326 329 332 334 337 344 345 358 359 364 371 372 374 376 386 389 397 399 407 414 415 431 432 433 442 444 449 458 460 462 463 470 471 476 487 491 492 493 498 499 500 502 511 517 527 538 539 540 541 546 548 550 551 554 561 562 564 574 577 581 585 595 598 600 605 617 623 624 625 627 633 641 642 643 653 657 664 671 672 675 682 685 687 688 689 705 707 711 712 718 725 733 737 740 741 743 750 755 763 773 777 779 781 790 793 794 796 797 811 816 823 832 843 846 848 851 852 857 858 860 869 873 875 886 889 894 896 900 902 907 911 912 914 918 924 925 927
226 1 5 7 9 10 12 14 17 20 22 26 27 28 29 39 46 47 49 50 61 66 74 78 80 81 83 92 94 104 109 121 126 129 134 140 149 151 152 156 158 160 167 173 174 175 178 184 190 191 192 197 203 208 215 228 234 238 245 248 253 254 258 260 271 275 276 277 278 284 285 286 289 291 293 294 296 301 302 314 316 325 329 330 334 340 342 344 347 351 364 366 368 374 375 376 384 385 394 400 410 412 413 414 417 422 439 444 475 476 481 488 489 492 494 498 501 507 511 516 518 519 521 522 524 531 540 541 542 543 549 556 562 566 571 574 576 577 580 582 583 589 593 600 603 604 609 610 613 616 618 620 625 635 637 638 652 655 660 662 665 678 679 682 683 685 688 690 695 703 705 710 711 717 721 723 731 736 738 750 752 754 757 758 759 760 770 776 778 789 790 797 806 808 809 812 817 828 830 835 836 841 845 846 848 855 857 858 860 863 865 871 873 876 877 878 883 887 911 915 916 917 919 923 924 927 930
200 6 7 14 15 16 21 30 31 32 33 36 38 39 40 42 52 55 57 58 64 65 69 75 87 93 95 96 101 115 119 131 132 134 140 142 143 149 152 154 155 157 161 163 166 168 175 176 183 191 197 199 204 207 210 218 221 229 230 235 236 250 252 253 254 256 260 268 272 275 278 281 291 293 301 303 314 316 317 318 326 327 335 344 348 352 356 363 371 373 379 385 387 390 391 392 394 400 407 412 417 422 426 428 430 435 457 458 461 462 464 467 490 491 493 496 501 508 510 514 521 525 526 538 552 557 565 567 570 572 575 584 593 597 601 603 610 620 623 625 626 632 636 638 648 651 654 663 667 669 672 689 692 695 705 717 720 722 724 725 731 736 743 747 754 764 772 787 788 792 796 797 803 804 809 820 827 828 833 837 845 848 855 859 861 862 864 878 880 883 889 892 893 897 898 900 902 904 908 918 929
213 6 11 18 21 29 41 44 56 61 66 68 73 74 77 82 84 85 88 95 97 101 110 112 119 122 123 130 134 141 154 156 157 158 159 164 171 174 175 176 177 179 183 186 189 198 212 230 231 232 237 239 242 243 247 250 251 257 260 264 266 267 268 275 282 290 291 294 297 299 300 302 306 310 317 322 323 334 339 340 344 349 350 351 352 353 356 358 366 369 371 377 379 380 382 385 387 394 397 404 406 415 416 417 422 424 425 426 453 460 462 467 473 474 492 498 502 512 515 517 525 536 540 541 544 546 547 566 572 574 576 587 589 590 591 593 598 599 604 608 617 622 624 625 630 632 642 643 648 653 658 662 664 671 672 675 679 681 683 684 690 691 697 700 701 707 714 717 718 732 734 740 746 748 750 751 756 760 761 762 764 774 780 782 785 789 794 797 803 804 807 812 813 819 825 828 829 831 856 858 859 869 870 875 877 879 889 898 899 903 910 921 922 929
248 5 7 9 10 14 15 18 25 27 30 38 42 43 45 52 53 59 66 72 75 77 82 88 89 91 94 98 100 101 103 113 114 115 119 121 123 133 134 135 136 137 138 139 141 148 150 152 155 156 158 164 166 172 175 181 185 187 188 189 204 206 207 208 209 210 218 219 222 223 229 244 245 247 252 258 259 260 261 262 266 267 273 276 282 286 287 289 292 306 308 333 338 343 346 350 358 360 361 373 375 380 390 397 400 412 415 416 417 420 422 426 430 437 439 450 451 453 455 457 461 462 465 467 469 474 488 490 493 497 505 520 523 524 526 529 531 532 537 541 543 547 548 552 553 554 557 561 562 570 572 574 575 576 580 581 586 587 590 592 599 603 606 607 608 611 612 613 622 627 630 634 640 647 652 663 666 669 673 676 681 685 687 690 691 693 694 695 701 713 717 723 724 726 731 735 739 746 748 751 754 757 760 763 764 767 770 771 774 784 785 804 809 820 827 831 834 846 849 850 851 852 853 861 863 866 873 876 882 884 885 889 890 891 893 897 899 901 903 904 905 909 911 914 915 920 928 930 933
236 1 2 5 14 18 21 25 26 34 35 38 63 64 69 72 75 77 78 80 84 86 89 103 104 106 108 109 123 125 130 132 136 137 138 139 142 144 146 153 154 157 158 161 170 173 179 181 191 193 194 203 205 208 211 215 230 232 253 268 272 284 286 288 290 295 297 298 301 311 317 324 327 329 334 335 337 338 345 347 349 350 352 358 366 372 377 378 381 384 396 404 405 411 412 419 420 423 424 426 428 430 438 443 446 448 453 455 457 459 460 462 464 466 469 470 472 474 477 486 488 497 506 507 511 513 522 525 527 531 533 535 539 541 543 547 551 553 558 562 567 568 569 571 577 582 583 586 589 591 592 595 598 599 605 609 610 614 618 621 623 634 637 643 649 652 653 654 658 662 665 668 678 680 682 684 689 695 697 698 704 717 721 725 727 728 731 735 737 740 742 744 750 751 754 768 772 773 774 784 787 791 792 793 798 801 803 816 817 819 820 822 826 827 835 839 840 849 855 857 859 880 882 888 891 893 899 902 907 911 919 920 922 930 931 932 934
214 5 8 9 10 19 30 34 43 47 50 52 56 57 62 68 69 76 78 80 89 97 98 101 104 107 108 110 112 115 120 121 136 140 143 146 152 155 163 168 171 176 185 186 189 192 193 198 200 213 215 219 227 228 231 233 237 250 252 257 258 262 265 267 269 278 282 293 294 306 307 311 312 313 317 326 327 329 334 342 343 346 350 352 356 358 363 369 371 386 387 388 389 401 423 429 433 440 442 446 454 456 458 459 460 461 464 466 476 477 479 481 486 492 495 501 505 506 511 520 521 522 523 532 551 558 564 565 571 573 575 577 581 587 593 595 596 597 600 610 613 614 615 619 621 625 629 636 639 641 642 646 647 652 659 660 661 665 672 675 696 701 703 708 719 720 727 738 739 740 742 750 752 760 762 764 765 767 769 770 773 778 783 784 786 787 804 808 812 814 817 819 822 832 853 854 858 860 866 873 879 880 885 886 888 890 892 895 903 905 907 916 921 923 926
220 3 4 12 14 19 20 26 32 36 37 38 43 46 50 61 65 82 89 91 94 98 99 105 107 110 111 113 116 119 122 125 126 139 141 147 151 152 158 161 171 177 182 193 194 196 197 200 211 216 222 228 230 237 238 239 242 244 251 252 263 266 268 271 274 276 281 283 287 293 296 303 304 306 312 313 321 329 330 331 333 337 338 343 345 354 356 364 366 368 369 370 377 379 387 393 395 396 397 400 415 422 423 427 430 433 440 449 457 459 464 466 469 473 475 488 489 491 492 498 506 511 514 516 532 534 540 543 552 559 561 562 563 569 582 592 593 601 607 608 617 619 625 626 629 631 633 634 635 641 643 645 648 653 655 671 676 677 680 684 685 686 687 692 694 696 699 703 706 707 710 712 721 724 732 734 740 743 755 756 764 770 773 774 779 786 798 801 805 811 815 816 819 821 823 828 830 831 832 840 841 842 847 848 851 861 865 873 882 884 893 894 900 901 912 915 920 925 926 928 936
212 6 12 13 18 19 21 26 29 37 40 41 43 49 55 63 72 73 80 82 89 90 97 100 101 102 105 106 114 116 119 122 124 130 131 144 150 156 157 160 171 179 180 184 186 188 191 194 198 202 206 210 212 215 218 220 232 237 246 255 257 267 269 270 276 277 281 284 288 289 290 291 311 316 323 328 334 342 348 350 354 356 358 362 365 367 371 374 380 383 386 389 390 398 405 406 408 420 431 432 442 449 453 459 461 463 465 466 467 470 476 480 482 487 501 515 519 520 523 524 533 539 543 548 552 555 561 569 571 575 579 584 585 590 597 602 610 612 620 623 625 626 633 637 639 641 642 645 665 668 672 676 685 687 693 696 700 709 718 735 736 737 738 739 741 742 747 748 751 758 759 762 765 767 770 771 772 773 775 779 783 784 788 790 794 809 818 823 829 831 832 841 848 853 863 870 877 879 881 890 892 897 901 902 906 908 910 917 924 926 929 935 936
213 2 5 7 11 18 19 23 27 28 31 36 51 52 54 56 61 68 73 75 79 80 82 85 88 89 90 95 98 99 100 109 121 133 149 153 157 162 164 165 167 168 171 172 176 180 183 185 197 198 199 203 205 206 207 208 217 218 220 222 223 226 227 231 246 251 254 255 265 267 271 274 277 283 295 305 313 333 335 336 338 347 349 355 357 363 364 367 368 371 374 378 400 410 422 425 429 438 446 452 455 456 461 463 464 465 469 475 478 482 483 485 495 497 499 502 512 522 535 541 553 554 557 564 569 574 575 576 590 592 600 601 603 611 614 619 620 626 629 632 634 638 640 644 646 648 650 655 659 664 665 666 668 673 679 680 683 687 690 692 694 695 699 701 706 709 714 716 717 722 728 729 732 734 738 742 747 748 749 750 760 761 772 774 779 781 785 797 801 803 823 825 828 834 835 845 860 862 863 867 868 870 875 882 887 889 899 903 905 917 922 926 930 936
214 8 10 11 12 24 30 32 37 39 40 43 56 65 78 80 81 82 84 89 95 98 100 101 105 116 118 125 126 131 134 135 136 140 166 169 170 177 185 186 189 195 199 207 210 217 228 235 240 244 251 252 253 261 265 266 268 269 277 279 283 289 290 292 299 303 308 319 330 332 341 347 348 355 359 360 373 374 378 391 393 396 397 398 404 405 413 415 419 420 421 422 425 430 431 438 440 442 443 445 446 450 460 461 462 463 465 469 477 488 490 496 498 501 510 522 525 526 530 535 538 539 543 552 553 554 565 571 573 582 583 586 590 592 593 596 597 601 603 604 605 608 615 630 636 637 639 640 645 649 653 657 658 689 691 695 698 702 703 704 708 712 722 727 732 736 742 748 753 760 763 771 772 774 777 778 779 780 793 796 806 811 813 815 816 817 825 826 832 835 839 846 848 851 853 862 864 866 869 872 878 881 887 892 897 901 903 906 907 911 920 921 926 927 937
205 9 15 26 34 41 51 56 59 60 61 63 71 76 87 90 91 92 93 95 99 112 113 119 121 124 133 134 136 140 146 150 152 156 157 165 173 174 176 179 183 185 193 196 202 206 215 218 221 227 239 245 251 255 259 261 264 265 271 272 273 274 280 293 294 300 306 314 315 316 321 324 326 346 351 364 365 370 372 377 392 394 401 415 434 437 440 443 451 467 469 472 478 485 488 490 497 501 502 507 508 511 520 527 528 531 536 538 539 543 545 555 557 558 567 569 571 573 577 578 580 582 584 589 596 598 602 604 605 607 608 610 618 620 625 626 630 633 634 635 638 640 651 657 664 668 670 673 675 678 679 682 686 688 689 694 697 705 706 709 710 713 715 717 719 724 728 729 739 742 744 750 763 766 774 778 779 792 793 805 815 818 820 824 835 838 852 853 857 859 860 866 876 877 879 885 886 892 911 912 917 918 927 929 930 931
263 2 3 8 11 13 20 22 24 34 38 40 42 44 45 57 59 68 72 75 78 102 105 106 108 110 118 120 122 123 127 131 137 138 143 146 149 150 153 154 155 166 176 178 182 184 186 188 198 200 202 203 204 205 208 215 220 222 225 230 232 233 245 257 261 269 271 278 279 285 287 294 300 304 311 313 314 321 323 324 328 329 333 334 335 341 344 345 347 355 356 359 360 361 362 364 374 386 387 390 391 396 413 414 417 425 428 429 431 433 436 438 440 442 445 447 453 465 467 471 474 480 483 486 490 497 498 504 505 509 510 525 526 527 528 543 546 547 550 552 559 561 565 569 571 573 577 582 584 587 597 600 606 608 610 616 617 620 625 627 631 639 643 645 647 648 649 650 652 653 659 666 667 671 673 677 678 680 681 687 688 689 690 691 692 693 694 702 703 710 717 718 721 726 731 734 749 751 758 759 761 763 765 768 769 773 778 779 781 782 787 788 789 792 795 796 801 804 805 808 817 820 821 824 825 826 829 832 833 836 839 840 846 848 851 855 857 859 860 865 868 872 873 874 876 880 886 889 890 891 897 901 904 908 910 913 914 917 933 934 937 938 940 941
218 1 4 9 12 14 16 25 32 38 41 42 52 53 55 56 59 62 70 78 81 84 88 91 92 104 107 114 116 119 120 130 133 135 138 139 142 143 146 147 150 151 154 156 157 164 172 185 201 206 213 214 215 217 218 219 225 227 236 237 244 248 249 253 255 259 279 282 286 289 297 299 301 305 309 324 325 326 328 333 334 335 356 357 363 364 365 367 368 371 374 385 389 394 397 401 404 406 408 415 416 420 426 435 437 438 440 447 449 452 453 454 455 456 457 459 462 463 464 472 489 493 496 501 514 523 524 527 530 533 537 543 545 550 555 561 570 572 576 579 580 585 595 596 608 610 612 613 619 625 626 629 632 636 649 650 651 652 653 658 660 663 667 668 675 680 691 692 693 695 698 700 701 707 710 712 715 719 725 732 734 744 749 754 757 760 763 766 768 770 783 784 808 813 820 825 828 830 852 856 858 862 868 871 874 876 882 891 894 895 899 900 909 910 916 920 928 931 937
219 2 6 13 17 26 28 38 43 50 52 53 58 59 64 68 72 73 77 80 84 85 87 90 95 108 111 113 125 133 147 152 153 154 158 163 165 173 174 180 182 186 188 189 192 193 195 196 200 204 215 218 220 222 227 229 230 234 237 243 246 248 256 259 270 272 279 283 284 286 297 299 301 302 309 310 313 316 320 324 328 331 335 337 338 350 351 360 366 367 372 375 378 382 397 400 401 409 410 413 414 421 423 425 439 441 450 457 459 461 463 464 465 471 476 479 486 487 493 496 500 501 504 511 520 525 530 534 540 545 549 554 557 560 562 574 581 594 598 599 601 608 609 611 614 619 622 624 627 633 640 641 642 655 656 657 660 663 665 670 675 680 681 687 692 693 696 701 707 711 713 715 719 721 722 724 735 741 752 756 757 766 767 770 779 787 793 794 796 800 808 814 815 816 825 828 832 845 850 852 855 858 859 861 865 866 869 873 877 878 880 885 888 901 907 911 915 917 921 934
242 2 8 13 14 18 19 21 22 29 30 31 33 34 36 38 39 43 44 45 51 63 65 69 75 85 86 90 91 93 94 96 110 111 113 114 115 116 133 137 141 147 149 154 155 159 165 167 171 172 185 193 195 203 204 205 206 208 210 225 226 227 228 238 239 248 260 262 267 272 273 275 278 279 280 284 286 289 302 304 309 313 316 319 320 322 324 333 335 336 339 340 358 363 366 367 373 374 378 384 391 395 396 399 400 407 412 421 422 423 424 431 437 439 441 443 446 450 457 463 466 468 475 476 478 480 481 491 494 498 501 505 506 508 509 514 519 524 525 534 535 536 538 539 542 545 557 559 560 562 566 570 577 584 585 593 596 603 605 608 611 619 622 627 630 631 633 635 637 644 646 647 655 660 665 667 674 675 676 678 679 694 698 706 710 716 719 724 727 732 740 742 745 746 756 765 766 770 771 772 775 777 779 786 794 804 807 813 815 816 817 818 829 844 845 851 858 861 862 863 869 871 872 873 875 880 881 883 885 888 889 892 894 903 909 911 912 921 925 931 933 942 944
221 3 10 11 14 28 29 36 37 38 39 43 60 62 69 72 78 84 95 97 99 107 110 113 116 121 126 129 130 134 136 140 141 144 149 150 154 156 158 164 168 172 173 174 183 184 199 205 208 210 212 218 220 229 238 241 248 254 260 262 265 267 273 275 277 281 283 293 295 301 302 307 308 309 311 312 326 327 330 333 337 340 343 344 347 351 352 355 362 364 366 367 371 373 376 381 390 394 395 404 410 419 430 441 442 443 445 449 454 456 460 462 467 484 488 490 492 500 501 503 508 509 513 523 525 532 539 542 545 547 555 558 562 564 575 585 592 594 598 599 602 606 607 610 620 621 629 632 635 638 640 643 644 645 661 666 669 681 689 690 691 692 697 698 702 704 709 714 718 719 720 724 726 732 733 742 751 755 759 764 773 774 781 784 787 792 795 803 814 815 817 821 822 827 831 837 843 844 850 851 854 858 861 865 868 870 872 874 878 886 892 894 897 899 908 911 914 921 922 927 931 938
220 1 3 7 9 15 17 22 24 38 40 44 51 52 61 66 72 75 78 81 82 83 84 85 87 92 113 115 127 135 143 150 152 154 161 172 173 175 182 186 189 195 202 205 207 209 214 217 218 219 226 229 237 243 246 254 255 257 260 264 265 267 268 272 273 280 284 288 295 296 297 300 303 316 324 326 328 330 333 336 338 339 342 350 363 371 377 378 379 380 381 386 388 389 392 402 404 408 415 424 425 429 432 434 437 438 442 444 449 451 463 467 477 478 481 482 483 489 494 496 504 507 508 509 516 518 522 523 538 546 549 551 556 558 564 576 581 583 586 589 590 599 601 602 606 608 618 620 623 625 631 641 642 647 652 654 655 664 666 668 669 672 679 684 686 692 694 698 701 703 704 705 712 714 725 730 734 735 742 745 747 751 755 761 767 770 773 776 782 783 795 803 805 809 813 818 835 839 846 851 856 861 862 867 874 875 882 883 884 887 889 891 892 912 913 915 919 923 924 928 942
204 25 27 40 47 52 54 57 61 63 64 71 73 78 79 85 87 88 93 97 105 106 108 109 110 114 115 121 127 128 138 149 159 163 164 168 172 176 182 184 185 186 196 205 213 223 231 232 233 234 242 244 262 265 271 285 288 291 316 318 327 330 331 335 341 352 368 377 384 393 394 399 400 401 402 404 411 420 421 424 428 434 435 437 439 440 441 444 445 447 448 456 458 459 460 472 479 480 481 483 486 490 496 522 523 527 533 534 544 547 551 554 560 564 573 583 584 586 588 595 602 605 610 613 618 619 621 623 630 632 634 643 650 655 665 680 685 686 689 695 696 699 707 709 713 715 717 719 720 723 726 739 744 747 750 754 758 761 766 768 769 770 779 791 794 797 805 807 811 813 817 819 820 833 835 841 843 849 850 854 856 859 861 868 871 878 881 884 891 893 894 895 903 904 906 907 912 913 914 917 932 935 936 938 945
206 2 4 18 24 26 38 41 43 48 49 53 55 56 59 60 65 66 70 79 80 89 98 99 103 117 120 130 134 142 144 146 148 150 152 154 156 160 161 170 171 178 181 185 188 190 194 196 203 208 209 210 212 213 214 215 218 221 224 227 228 235 250 252 258 259 265 271 272 283 284 287 288 290 292 293 301 304 311 323 327 330 334 335 336 338 341 343 353 355 359 361 364 380 389 391 394 397 399 403 418 421 423 433 445 447 450 451 458 460 467 470 476 484 485 494 498 499 500 518 520 521 523 526 527 538 539 541 543 549 555 596 604 607 614 621 623 631 635 643 645 646 647 658 664 668 677 679 689 694 698 705 706 707 710 723 724 727 728 736 737 739 746 752 754 755 762 769 773 777 779 781 785 789 796 797 799 801 802 809 813 816 820 831 833 835 836 838 846 850 852 855 862 865 868 879 884 885 886 899 901 905 916 917 934 935 944
215 2 14 20 26 38 40 48 56 58 59 60 61 68 69 74 75 77 82 84 85 94 96 101 102 105 109 118 121 122 129 134 135 141 142 152 161 163 166 170 177 185 189 199 202 210 212 213 216 218 222 224 225 226 228 231 234 236 238 240 241 248 258 265 266 267 268 269 277 290 292 293 306 308 320 321 327 333 344 346 352 357 358 363 377 379 388 395 396 399 400 404 405 409 416 419 421 432 437 439 446 447 453 459 460 461 465 494 495 499 500 504 510 514 517 518 528 529 545 546 550 551 556 560 561 564 575 577 578 583 584 585 587 588 590 592 595 602 604 607 614 620 622 627 628 633 634 640 650 651 652 658 661 666 668 676 680 681 689 691 692 697 698 699 705 707 710 713 726 728 734 736 744 747 751 758 767 774 782 783 787 800 803 815 817 820 821 823 832 833 836 840 841 847 852 856 860 866 872 873 874 879 884 890 905 907 908 915 919 922 923 924 930 932 935 947
261 3 6 7 8 15 17 18 19 28 30 32 38 39 41 42 45 52 56 58 61 63 66 69 71 72 83 85 91 94 97 100 104 108 124 127 129 133 140 142 145 146 148 150 154 157 158 159 160 161 167 168 171 177 186 192 193 194 196 202 204 205 207 211 213 215 218 221 224 227 232 246 251 252 253 255 259 260 262 268 272 273 277 278 279 280 288 290 292 298 299 301 306 316 319 324 325 326 330 331 335 340 342 343 344 349 352 353 357 358 364 365 370 373 376 381 383 386 387 388 405 409 414 425 432 438 441 443 444 451 460 466 469 470 476 479 480 487 496 497 500 505 509 510 526 528 531 544 546 547 553 559 561 562 565 570 579 580 582 586 589 590 592 600 601 603 605 607 609 610 615 616 620 621 632 635 639 646 652 655 657 659 661 665 666 668 669 671 672 675 683 684 694 702 704 713 715 716 721 725 727 728 729 731 742 743 744 745 748 755 757 758 759 765 768 772 779 784 785 793 796 799 805 806 814 815 816 820 822 826 831 832 833 835 839 845 847 848 851 855 858 859 864 865 873 884 889 898 903 904 908 913 922 927 929 931 935 938 939 944 948 950
195 1 5 13 16 17 21 23 32 41 46 55 61 63 64 68 72 75 86 90 94 95 97 102 110 113 116 121 126 127 128 129 137 139 142 147 148 150 160 163 164 165 169 177 185 198 199 223 235 238 241 242 243 248 256 262 263 274 276 279 284 286 291 293 295 296 299 301 302 306 312 322 330 334 336 340 342 343 345 346 348 353 357 359 367 369 375 380 387 397 402 408 415 418 422 423 431 434 440 443 444 464 467 468 469 471 473 486 488 491 494 500 505 507 516 518 525 526 529 530 533 543 545 546 556 561 562 565 566 570 574 578 579 581 591 592 595 599 605 608 611 618 621 625 626 636 641 645 650 651 655 660 680 713 720 722 727 734 742 743 752 763 766 767 782 783 787 795 796 801 803 807 813 828 836 843 847 848 861 867 871 874 881 897 898 901 912 915 918 924 928 929 937 940 945 950
217 1 4 13 20 24 25 26 32 34 40 59 71 72 77 85 86 89 94 96 99 102 104 106 107 108 111 112 116 117 127 133 147 149 152 154 155 163 164 171 173 182 185 200 206 210 215 220 222 227 228 229 245 247 248 249 262 263 269 271 274 281 283 289 307 308 323 324 326 332 335 336 339 340 344 354 369 389 400 406 412 416 423 426 427 431 435 441 442 446 448 452 455 459 465 469 472 473 474 475 476 482 485 486 494 499 507 509 510 512 518 523 524 525 535 538 539 549 552 562 564 566 570 573 585 586 589 595 597 606 615 623 625 627 628 629 636 645 660 663 667 668 673 674 679 683 686 690 696 705 712 713 714 717 722 725 727 730 740 745 747 751 754 761 764 766 767 773 783 785 788 791 794 800 804 806 808 818 822 824 825 834 837 840 842 845 847 848 850 851 853 854 857 866 873 874 875 881 882 884 889 890 895 896 899 905 907 911 912 927 929 930 931 933 936 937 941 942
229 6 10 18 21 22 23 34 39 43 44 48 49 52 58 62 66 67 70 72 81 85 88 91 92 96 99 102 105 113 119 123 130 134 135 138 139 146 150 155 156 158 159 165 166 186 193 196 200 203 204 208 214 216 222 224 232 238 240 248 251 252 256 258 262 265 279 280 283 284 294 306 307 310 311 312 317 322 328 329 331 336 340 342 347 356 357 358 359 362 366 377 378 391 395 396 397 400 405 406 420 429 434 440 444 450 451 452 461 466 471 475 478 483 489 499 501 503 511 512 515 519 522 526 528 530 532 533 536 541 554 558 560 573 574 577 579 580 595 602 608 609 611 615 617 623 627 634 638 642 643 650 652 655 657 658 659 660 662 665 668 669 671 675 678 679 683 687 694 695 696 699 701 702 709 716 717 718 724 733 734 736 737 739 742 743 747 749 756 766 767 769 777 782 793 794 797 802 812 818 821 823 826 827 830 854 860 863 872 878 881 883 884 888 901 906 908 910 913 916 919 921 929 935 939 943 944 949 950 951
232 1 4 7 12 16 25 35 36 43 52 55 59 65 66 67 69 71 74 75 77 81 82 85 87 89 93 114 115 122 129 132 133 135 137 139 140 142 145 150 159 164 166 175 179 184 187 189 190 194 195 205 211 214 215 219 222 224 228 238 241 250 252 253 258 262 268 270 272 274 281 291 293 296 298 302 310 312 319 323 325 335 339 343 349 351 353 363 364 366 373 383 384 388 390 392 393 396 398 401 414 416 418 421 424 429 434 436 438 439 442 448 449 452 455 469 472 473 475 477 478 480 485 486 488 492 497 498 501 503 508 520 523 524 531 532 538 539 560 562 568 569 575 588 600 601 604 605 607 614 617 620 624 625 628 629 642 648 650 653 659 661 668 674 677 683 685 686 693 695 696 698 710 718 720 722 723 730 736 737 743 746 750 751 753 767 769 771 772 778 779 787 790 792 799 801 803 804 805 816 818 826 827 828 830 836 839 845 848 849 852 854 863 864 867 869 886 888 891 893 895 896 902 910 913 918 920 922 930 931 933 937 939
235 1 9 11 19 27 28 33 38 40 41 45 50 54 55 57 60 64 65 69 72 73 76 84 94 95 97 99 101 105 108 109 115 117 124 138 141 142 151 152 163 166 168 170 184 187 190 191 192 193 195 202 205 208 210 211 212 217 220 224 225 230 232 234 240 242 259 260 261 271 277 279 280 282 283 291 292 295 298 300 302 305 312 315 321 323 325 328 329 337 341 350 351 353 368 371 373 384 386 387 391 394 397 401 404 415 424 425 428 429 440 448 451 453 454 456 461 462 468 472 473 475 481 484 485 487 488 494 495 496 499 506 507 508 509 515 521 522 527 532 535 542 544 548 550 552 564 568 576 577 578 587 593 596 599 602 604 606 610 612 625 626 628 629 635 638 644 648 649 659 664 674 675 676 679 680 681 682 685 694 700 704 706 709 712 719 722 723 725 726 731 745 751 753 756 761 764 770 771 775 776 784 787 797 801 810 814 822 827 832 833 834 837 861 866 870 874 875 877 879 889 891 897 898 913 915 920 922 926 928 929 933 934 937 938 939
234 5 11 28 29 30 31 36 37 42 43 45 49 52 65 69 76 81 85 88 97 115 116 125 127 130 136 138 144 151 153 157 163 164 165 166 172 173 178 182 187 188 198 203 204 211 213 215 217 218 222 224 226 227 228 239 244 246 249 254 258 264 271 272 275 281 289 294 295 296 297 303 304 305 306 316 323 324 326 331 332 333 340 341 343 344 352 355 358 374 375 380 383 388 389 390 397 398 402 404 405 407 408 411 415 417 418 420 426 428 430 433 437 448 454 457 458 463 464 466 467 469 476 477 479 486 494 504 512 513 517 525 529 532 533 535 536 543 561 562 565 567 571 576 580 584 589 606 614 617 622 626 628 631 632 641 642 643 647 648 650 651 652 655 661 665 669 681 683 690 693 696 701 702 709 710 712 713 717 724 729 740 743 745 754 759 762 764 765 767 773 777 780 782 785 789 796 797 801 808 810 812 819 821 822 824 832 833 847 860 875 878 884 890 891 894 900 901 905 908 910 915 918 923 924 933 937 942 943 945 949 951 952 954 956
235 1 8 11 16 29 32 40 41 42 44 47 50 53 54 57 63 66 70 71 72 73 75 76 78 80 83 86 93 94 98 101 108 110 114 118 130 134 139 141 142 150 154 155 159 174 177 183 189 194 197 198 199 205 206 211 212 213 221 222 224 227 229 245 249 250 256 257 264 275 282 284 287 289 295 296 298 299 301 307 310 313 316 317 320 323 324 329 335 340 350 352 360 361 363 368 374 387 398 405 408 414 419 420 421 426 436 442 449 451 454 468 470 475 476 479 480 486 488 494 496 501 506 517 521 525 534 542 552 554 556 558 559 563 566 567 572 573 578 584 585 590 591 594 602 605 606 608 611 622 624 626 629 631 640 641 646 649 651 653 657 660 664 671 680 691 695 699 700 702 706 709 710 712 717 719 721 724 727 734 736 737 746 754 768 769 772 773 774 783 785 787 788 791 792 793 794 798 799 807 816 818 825 827 828 833 837 844 852 853 854 856 858 867 872 873 874 877 880 882 889 898 899 903 904 911 913 916 917 929 937 938 939 941 942 943
217 6 11 13 20 29 30 33 36 38 42 44 57 62 64 74 78 83 88 90 108 110 120 121 125 128 129 131 136 137 139 142 144 145 147 154 162 165 170 175 178 180 181 182 190 211 222 223 224 232 250 258 260 263 267 268 272 273 277 281 292 293 294 295 298 302 305 310 315 316 321 322 323 330 333 335 336 343 344 346 347 348 349 353 355 365 374 383 386 392 395 402 404 407 410 421 422 424 427 430 434 436 445 448 457 469 472 475 477 484 487 498 499 507 514 521 526 528 536 540 543 545 546 550 551 555 557 558 562 571 572 573 574 575 578 579 582 586 588 590 591 592 593 595 599 604 609 616 622 624 628 629 633 634 642 649 653 657 663 668 671 673 676 678 679 682 705 706 707 708 709 710 715 718 722 723 724 728 737 739 742 752 758 762 783 794 796 806 809 810 816 818 821 826 831 833 841 842 844 865 866 869 872 873 878 880 886 889 892 893 896 915 917 919 922 930 940 952
234 1 5 6 7 9 10 11 13 17 22 24 30 46 49 50 51 52 53 57 59 63 66 70 72 74 97 99 102 106 111 112 121 122 123 125 126 128 132 133 134 135 136 138 140 142 154 155 162 164 167 172 173 176 180 181 184 185 186 188 195 201 206 212 217 219 221 222 227 231 241 244 253 258 260 261 264 269 273 276 285 288 293 301 306 307 310 314 319 321 341 349 355 361 365 371 372 375 378 384 388 392 411 412 415 416 417 436 443 446 447 448 452 454 455 456 458 465 473 480 482 490 496 501 508 509 517 518 523 525 528 529 530 534 539 540 550 555 562 564 573 574 577 581 591 601 603 606 616 618 619 621 622 625 626 633 639 644 646 648 655 656 657 662 668 669 672 673 678 686 689 690 692 693 697 706 715 716 718 730 731 733 735 744 745 746 748 751 753 774 777 781 792 802 808 810 811 820 821 823 824 833 834 835 838 839 841 855 858 860 862 863 870 872 877 883 886 889 898 902 905 911 912 917 918 920 924 925 929 936 938 941 944 946 951
238 16 18 28 43 46 60 62 64 65 68 70 78 83 84 86 87 89 90 93 96 115 121 124 127 137 138 143 150 152 154 155 158 160 163 167 177 178 181 182 183 187 191 195 200 207 209 218 219 231 233 234 235 241 251 254 256 261 266 269 278 281 291 299 306 308 313 317 318 321 322 325 327 332 334 339 340 342 344 346 351 352 353 363 368 369 370 377 379 381 382 393 403 405 408 409 415 418 420 421 422 423 427 433 434 441 445 446 455 456 460 463 468 472 476 478 480 482 486 496 500 503 505 511 516 518 526 531 533 551 555 556 558 562 563 564 569 573 577 586 587 588 591 592 598 599 608 609 614 625 628 631 636 637 646 652 655 664 669 673 679 682 687 689 690 691 692 693 696 697 699 701 703 711 714 715 717 718 719 720 728 734 735 740 752 761 763 767 770 773 783 785 788 789 795 798 799 802 804 809 810 818 821 823 833 838 839 843 845 853 854 857 861 869 875 876 879 883 896 899 905 906 907 909 912 915 919 923 924 925 930 931 936 938 942 945 955 957 960
240 1 3 4 9 10 22 26 28 29 31 39 41 43 46 47 49 55 59 63 71 78 80 86 87 96 100 102 108 110 116 119 121 123 126 127 128 132 133 134 137 139 143 145 148 149 157 162 168 169 171 187 189 195 207 209 211 219 220 226 231 238 239 240 241 242 247 253 257 259 260 262 265 270 276 279 292 304 307 313 321 324 332 338 357 359 361 370 372 375 379 381 382 384 389 394 400 405 409 411 416 417 418 419 420 421 432 437 442 443 447 451 457 465 472 480 485 486 493 497 498 502 506 509 517 519 520 523 524 526 530 533 534 538 539 540 541 549 550 559 560 562 569 574 582 591 594 595 602 614 621 623 624 628 632 635 642 646 648 660 663 664 665 669 675 681 683 694 696 697 699 703 704 711 727 728 730 737 741 742 743 747 750 752 753 755 757 761 762 764 768 776 781 785 795 800 804 807 809 811 817 824 826 830 833 834 836 838 840 842 844 847 849 853 854 859 861 869 874 883 884 885 886 888 896 898 903 904 907 908 910 911 915 918 920 923 930 937 940 941 947
220 2 3 7 14 16 17 21 22 24 38 44 46 48 52 56 67 72 81 86 98 99 103 113 114 126 128 134 139 141 142 143 145 146 156 162 164 167 168 170 171 176 180 184 188 190 191 193 203 204 215 216 224 243 246 250 251 257 259 263 268 271 276 278 285 287 289 295 305 307 310 322 333 343 344 353 359 360 361 364 367 368 369 374 377 389 393 399 400 406 410 414 416 418 429 435 441 443 453 454 455 456 464 469 470 471 481 487 488 489 493 494 502 504 507 514 520 526 540 541 542 546 547 548 549 553 558 564 567 574 575 578 579 580 581 583 584 594 596 606 612 623 624 626 627 651 653 654 655 662 663 667 668 669 675 676 685 686 687 692 696 700 703 704 705 708 710 711 714 722 723 724 726 729 738 742 745 746 748 765 770 773 780 783 784 794 798 828 835 836 842 846 847 849 854 855 859 862 867 887 893 895 896 898 900 901 907 916 919 920 922 925 926 930 933 935 936 955 958 959 962
247 2 3 7 13 16 18 19 25 27 39 40 43 51 54 57 62 65 67 73 75 78 81 85 87 88 89 90 93 96 99 102 103 104 106 109 114 115 117 118 121 126 134 143 147 155 156 157 161 166 169 172 173 175 182 183 184 186 189 192 196 197 198 200 202 206 212 220 224 228 234 235 237 240 242 246 248 272 275 282 293 300 305 306 308 319 320 321 324 327 330 349 354 355 361 364 366 368 371 377 378 383 388 391 393 395 397 401 403 409 410 417 421 424 429 433 441 448 449 451 454 455 456 458 460 461 463 466 470 485 487 490 491 496 501 504 508 515 521 523 528 530 531 543 544 547 553 554 561 566 573 579 581 582 585 590 595 596 600 602 608 614 615 619 623 627 630 631 647 650 651 663 666 668 674 679 683 685 686 688 689 697 698 704 707 712 713 716 722 738 739 740 743 746 756 763 767 768 770 774 779 780 782 787 790 792 797 799 806 809 815 817 818 820 821 823 825 828 835 839 842 850 854 855 860 870 881 886 898 906 912 913 917 920 923 931 934 936 938 940 944 945 947 948 952 956 957 958
255 1 7 10 12 13 15 16 20 35 39 54 59 62 65 66 72 73 77 81 85 86 88 93 94 95 97 110 124 127 128 129 132 133 136 138 145 147 148 162 165 168 172 173 176 178 179 180 190 194 197 202 204 206 212 216 218 223 228 232 233 237 251 256 257 272 276 277 281 284 285 286 294 303 305 308 310 318 320 325 332 338 339 346 357 362 367 372 380 382 386 394 399 408 414 418 419 420 422 425 426 427 429 430 431 432 433 436 438 439 440 448 454 459 466 474 476 477 478 480 482 486 487 488 489 496 502 505 507 514 516 517 520 522 529 533 537 540 550 551 553 555 556 559 564 566 568 575 576 577 583 584 586 587 590 601 604 614 619 620 625 631 637 645 647 648 649 654 658 663 675 679 683 688 689 695 696 702 706 707 708 709 711 712 718 719 725 729 731 732 737 738 740 746 754 761 764 765 766 767 768 769 770 773 781 782 784 785 788 795 799 800 801 808 809 810 811 814 818 823 826 828 832 834 841 842 843 845 848 850 864 865 871 878 880 884 887 894 897 904 907 908 914 915 920 924 926 931 933 935 943 945 949 956 959 960
258 7 11 13 14 15 17 18 19 20 25 37 41 47 48 56 58 59 61 65 69 74 75 79 80 81 83 88 91 93 94 95 101 105 107 114 116 117 121 122 125 127 128 130 135 136 144 152 155 160 162 168 171 177 180 186 188 189 193 198 202 204 213 217 218 226 228 232 234 237 238 242 252 258 260 261 264 269 271 274 282 297 298 308 309 314 334 339 341 343 345 358 359 360 362 367 369 374 377 378 383 385 386 390 391 393 394 396 398 401 409 414 423 424 425 428 429 433 439 441 454 456 458 459 467 470 474 478 479 480 483 486 490 491 498 506 520 521 522 523 531 535 538 543 545 551 558 563 571 576 580 582 585 589 604 606 612 614 615 616 619 627 629 633 639 646 647 648 649 652 656 659 661 663 672 673 684 685 687 689 691 692 699 705 714 720 721 723 724 728 731 736 737 739 743 745 748 752 753 759 760 764 769 771 782 783 787 793 794 797 813 818 820 827 830 831 837 839 844 846 847 849 850 858 861 862 864 866 867 869 872 874 887 888 889 894 899 909 912 913 914 919 920 922 924 925 929 930 934 937 940 942 946 948 954 959 961 962 965
225 3 8 13 19 21 25 26 36 38 50 51 60 68 72 73 85 87 90 91 93 96 98 105 111 140 144 152 155 157 164 170 174 182 186 194 195 196 197 199 202 203 204 207 208 214 216 220 223 224 226 229 234 238 240 248 251 257 258 260 262 265 270 279 283 285 288 292 295 303 308 314 319 332 337 338 345 355 356 358 372 379 388 397 402 419 420 429 438 441 446 447 449 450 453 454 465 468 469 472 476 477 481 483 485 486 488 489 495 496 499 500 501 502 503 507 508 511 514 517 518 539 540 544 551 552 557 558 559 564 566 569 573 580 583 589 602 603 605 613 614 620 621 624 625 632 633 639 641 645 646 657 659 661 662 663 667 676 679 687 689 691 699 704 707 710 715 718 719 720 729 732 733 735 736 738 744 748 756 757 768 771 778 783 789 797 800 804 806 807 809 811 812 814 815 821 822 823 824 830 834 835 836 851 853 859 862 863 873 877 879 883 890 893 902 913 915 917 922 925 934 936 941 950 961 962
209 7 8 9 10 12 16 19 20 25 33 34 46 60 67 68 74 76 78 82 84 91 95 100 101 116 118 119 120 124 126 128 142 143 144 146 147 148 151 156 162 163 167 171 186 193 194 195 200 209 216 223 239 243 244 245 251 252 259 260 263 264 269 271 275 282 288 295 302 306 309 312 313 314 318 320 321 327 328 331 335 353 359 384 388 391 392 398 403 404 407 432 435 456 457 458 460 467 472 474 477 479 480 481 483 484 488 489 493 495 499 505 506 509 510 515 521 522 524 525 526 530 531 539 548 549 557 566 567 578 586 588 593 594 599 601 612 613 621 637 638 641 643 648 651 654 656 659 661 673 675 691 701 703 705 709 735 745 749 751 752 758 763 768 771 772 775 776 778 790 791 795 796 801 802 805 809 817 819 833 834 835 842 846 849 866 873 877 886 891 893 894 898 901 904 911 915 920 921 922 928 932 937 949 950 951 959 960 961 963
262 2 5 10 21 23 24 28 35 36 39 42 45 48 52 53 54 57 59 60 63 68 71 72 73 76 89 90 93 98 103 114 122 126 127 130 131 133 136 137 142 146 147 148 151 152 153 154 162 163 165 167 171 179 182 183 184 186 187 190 193 203 210 213 219 223 224 225 226 228 236 238 240 243 250 258 261 263 265 267 272 277 290 294 298 308 312 313 315 318 321 322 337 341 343 344 360 363 364 365 368 369 371 373 377 380 384 390 401 402 408 411 419 420 428 430 431 432 433 439 440 452 454 457 459 460 461 462 467 470 479 484 485 487 495 502 504 508 520 523 524 525 533 535 538 539 541 545 547 548 551 561 569 575 576 578 579 581 586 590 591 598 599 609 610 613 615 620 623 626 634 636 639 642 646 650 652 657 663 667 673 675 679 683 686 697 699 700 711 723 729 730 731 735 737 744 753 757 759 765 766 769 781 783 786 787 791 792 803 804 808 809 811 814 815 822 823 828 837 839 842 846 848 850 854 855 861 863 868 870 873 874 877 885 898 903 904 905 908 909 914 916 921 922 923 925 926 928 932 934 936 944 945 946 947 949 958 959 961 962 963 964 965
252 1 2 3 5 7 8 9 14 16 17 18 22 24 27 28 36 39 41 44 53 55 56 61 68 71 75 85 92 93 100 104 111 113 116 119 120 125 129 133 135 136 145 148 154 157 159 168 169 170 172 178 188 192 193 195 196 197 199 218 225 237 246 249 256 261 262 264 266 269 280 281 286 288 289 294 300 301 306 309 312 313 315 318 326 333 334 335 339 340 345 347 348 349 352 354 365 368 370 375 376 377 384 388 389 400 402 404 406 407 410 412 415 419 421 426 436 437 440 443 449 453 464 466 472 474 475 476 477 483 485 492 498 499 506 508 509 511 518 519 526 529 533 535 536 549 573 584 591 596 597 598 603 604 619 624 626 627 628 630 633 634 638 641 642 648 653 654 659 660 665 666 667 676 678 679 684 687 689 694 697 700 702 708 709 712 717 720 722 723 726 727 728 730 734 737 738 739 746 750 759 761 763 765 766 774 775 776 779 781 784 785 786 800 803 812 814 818 819 821 827 829 832 833 836 837 853 857 860 861 867 870 875 878 887 888 890 892 898 905 906 915 925 927 928 929 935 938 945 950 954 958 965
238 4 13 21 22 23 26 36 45 49 58 73 74 77 78 86 93 97 100 103 118 121 124 125 126 141 150 152 155 157 158 159 161 168 169 170 177 178 179 185 192 196 197 201 212 213 221 227 230 231 235 237 238 240 251 260 261 269 278 281 282 286 287 292 294 303 310 311 314 327 333 334 342 346 350 355 358 361 362 363 378 379 382 384 385 388 389 391 396 400 402 403 408 414 415 420 424 425 427 430 435 445 447 448 452 454 461 462 463 468 474 476 478 479 480 484 485 492 493 494 495 505 506 510 515 518 522 528 530 534 535 543 547 556 557 558 562 563 567 570 576 580 586 606 607 608 615 617 621 627 633 634 635 638 644 647 654 660 664 665 666 674 678 681 683 686 691 693 699 701 703 704 710 717 718 721 726 731 732 738 741 748 757 758 761 762 766 767 775 776 778 786 787 788 789 804 808 810 816 820 823 826 827 828 835 842 856 857 860 862 863 869 871 877 880 881 883 884 889 895 896 900 906 907 911 919 921 927 929 930 931 934 939 940 949 957 967 969 970
228 1 4 9 16 19 20 25 26 28 32 33 34 40 43 46 47 51 52 60 62 65 71 79 83 91 93 98 105 108 111 115 117 118 121 123 125 128 132 137 139 143 144 145 146 149 163 167 169 170 175 176 179 181 189 190 193 196 198 202 204 213 215 229 230 237 245 246 250 251 254 261 263 272 274 278 282 285 288 290 295 298 299 303 308 315 330 331 334 356 361 366 369 373 385 394 395 404 406 407 409 411 419 421 423 433 439 440 442 449 461 468 469 472 473 474 480 483 484 500 505 513 515 521 530 531 532 534 538 540 541 545 551 554 557 572 581 590 592 593 594 595 596 600 623 624 627 628 634 638 646 647 656 663 670 674 678 684 685 691 693 695 699 700 711 714 716 722 725 731 732 749 751 755 761 765 772 773 775 776 788 792 794 800 802 814 816 828 837 840 841 845 846 850 851 853 862 864 869 873 875 876 877 880 895 898 906 907 912 914 915 920 922 926 927 930 937 938 939 944 949 953 954 959 962 964 965 969 971
239 5 6 7 17 18 26 27 28 29 32 38 45 51 59 62 63 68 84 85 87 90 91 94 100 106 108 109 110 115 120 134 136 149 153 154 159 162 169 170 171 181 182 185 186 193 196 199 207 208 213 216 219 223 225 229 238 250 253 260 266 268 272 276 277 278 279 282 283 284 288 291 294 300 302 303 311 313 320 322 326 331 341 344 346 351 356 357 360 369 373 377 387 393 397 401 403 406 407 409 412 413 415 418 422 427 429 431 434 437 443 448 451 459 463 465 467 468 469 471 472 476 479 483 484 485 496 498 503 504 506 515 516 522 524 539 542 554 557 561 562 564 567 578 580 581 595 596 597 602 612 615 620 621 626 629 632 634 640 657 659 662 664 666 672 674 678 681 685 686 693 701 705 707 717 718 722 724 726 728 736 739 741 744 745 746 748 750 760 762 769 773 796 797 798 801 810 811 816 832 838 841 848 850 856 858 859 862 863 865 867 869 872 873 874 881 887 891 903 910 911 916 921 923 925 933 935 936 937 938 939 941 943 953 958 959 960 965 968 972
224 2 3 8 10 12 15 19 25 26 32 37 45 53 58 60 63 66 77 79 80 90 93 98 101 104 106 115 116 120 123 131 132 134 142 143 145 155 157 158 159 162 171 185 187 188 189 192 202 222 227 234 237 245 249 252 253 257 258 266 267 269 270 272 273 274 279 288 289 297 310 311 313 323 324 327 332 334 340 342 344 345 349 350 355 358 363 364 371 373 375 402 403 406 407 412 420 421 424 428 435 440 441 446 449 456 465 473 475 482 487 490 493 498 504 507 508 515 519 523 532 537 538 543 544 547 551 555 556 560 561 564 567 571 572 574 576 578 579 596 601 602 610 617 625 626 628 634 636 640 650 652 658 659 666 670 672 674 685 688 697 698 702 708 709 712 716 717 721 722 723 725 742 748 752 754 760 763 764 768 777 780 781 786 788 791 792 794 801 811 816 819 825 830 831 832 833 837 849 851 856 875 879 883 892 895 897 898 901 902 911 912 914 918 924 933 939 942 945 946 947 956 958 968 969
233 7 8 13 16 20 24 25 27 30 44 46 48 54 74 94 95 103 114 118 121 124 126 132 143 145 150 153 154 156 157 179 187 192 196 197 200 209 210 212 217 229 230 233 236 237 238 241 244 246 249 251 254 255 257 259 261 274 275 276 279 298 300 315 325 331 334 349 362 378 379 380 383 388 392 393 395 398 400 401 402 404 413 414 421 422 423 425 428 438 441 447 455 464 466 467 472 476 483 485 488 490 492 495 497 499 500 501 507 508 512 513 515 517 519 523 524 531 533 541 544 549 550 554 558 560 564 565 567 571 574 575 576 582 583 584 586 587 588 589 592 600 608 613 615 617 624 626 628 639 642 647 654 655 663 669 671 672 674 678 684 686 691 692 703 706 708 709 711 716 718 720 725 726 728 729 745 747 752 754 755 761 763 765 770 771 773 774 775 776 788 789 796 810 812 818 820 821 824 826 835 842 843 849 851 858 867 872 883 892 893 905 908 915 917 921 923 924 925 926 929 937 941 944 945 950 951 954 956 964 967 969 970 974
236 4 6 25 30 33 39 40 45 46 48 49 54 56 65 72 73 84 87 94 100 103 106 113 116 118 131 136 144 152 153 156 165 173 182 191 194 195 203 208 209 210 212 219 223 225 227 234 235 238 239 243 249 251 252 255 257 261 264 266 275 280 285 287 292 295 305 312 315 316 317 319 321 326 331 334 355 357 359 361 365 370 372 374 379 386 388 392 404 406 409 411 419 421 432 434 439 453 454 466 468 471 477 479 482 485 487 488 495 498 500 505 508 510 512 517 519 520 521 525 531 537 539 540 551 553 559 561 564 568 569 571 573 576 578 593 594 597 598 603 609 610 611 614 615 616 617 619 629 633 641 643 644 646 651 654 657 662 666 668 671 676 677 679 688 689 691 695 697 698 702 703 706 710 713 716 718 720 721 723 725 728 729 732 733 740 741 749 751 754 755 782 785 788 795 796 798 802 803 804 805 815 816 818 826 827 831 836 837 838 843 846 847 850 851 852 860 865 874 891 894 897 899 901 907 916 919 921 924 934 942 946 947 951 952 959 968
241 4 8 10 11 13 30 32 34 37 57 58 60 67 70 75 76 79 80 82 87 88 90 92 97 98 100 101 108 116 125 141 145 148 149 150 152 155 160 162 164 165 167 170 174 178 179 182 183 189 190 191 200 208 214 222 230 231 232 235 241 242 243 253 255 267 268 269 275 278 280 283 284 286 287 295 297 302 303 305 308 312 319 320 321 323 324 332 337 349 350 353 361 366 367 369 372 374 376 380 382 383 391 394 395 399 401 406 408 419 421 426 438 442 443 449 452 456 460 461 469 474 475 476 478 485 488 489 494 496 500 513 520 533 538 540 541 544 546 548 564 566 573 578 580 588 589 593 595 604 612 619 625 627 635 638 641 643 649 650 654 656 658 667 668 673 676 678 682 683 685 693 695 696 699 701 703 711 712 713 717 718 721 722 729 735 737 738 744 745 747 751 754 758 766 768 769 772 776 783 787 788 805 808 809 816 817 820 823 824 827 840 844 845 855 856 858 860 861 862 866 875 876 884 885 886 887 890 891 904 908 913 917 918 927 940 942 945 950 956 957 972
213 3 4 5 17 19 20 26 33 35 36 45 47 53 55 56 57 60 65 67 69 75 79 81 89 103 109 114 117 119 124 134 136 138 142 149 150 152 156 162 163 183 185 191 193 196 198 212 215 225 233 237 238 250 254 258 285 293 299 300 306 307 315 318 323 326 327 335 337 338 340 341 344 356 377 382 386 387 408 411 413 421 423 424 428 430 442 445 449 452 455 457 461 462 465 469 471 472 473 475 478 480 492 496 507 516 517 520 527 533 541 544 547 551 553 556 559 560 562 563 565 567 568 570 574 577 578 580 582 583 584 593 595 600 603 607 611 615 618 619 623 629 633 634 640 645 657 661 663 670 673 675 683 686 691 692 712 727 732 736 740 742 747 756 758 761 769 770 773 776 782 784 787 789 796 800 802 807 808 809 814 826 842 846 848 851 853 854 857 862 863 868 873 875 876 879 897 903 904 907 912 914 918 920 935 938 942 946 951 961 963 966 973 975
240 3 5 6 19 20 23 41 43 45 51 61 64 68 71 74 76 79 80 81 89 90 92 94 96 98 101 102 105 107 111 114 118 122 130 141 143 145 147 150 154 155 156 157 158 159 160 164 166 172 174 175 176 178 186 189 199 200 201 203 208 212 219 220 227 228 236 247 250 251 255 260 261 263 265 269 271 272 276 277 281 284 289 293 311 312 316 318 332 333 334 336 341 346 351 355 357 358 366 368 370 371 372 374 380 381 385 386 389 390 398 400 410 411 413 417 424 426 430 432 433 438 444 447 448 450 452 456 460 476 480 481 482 487 489 493 500 506 510 519 526 541 550 551 557 558 564 565 566 571 582 586 590 598 600 601 605 610 612 621 625 630 632 635 640 641 642 649 651 657 662 668 669 675 678 681 685 694 711 717 721 739 743 749 757 758 759 765 767 772 775 776 777 779 783 784 789 799 809 813 819 826 830 834 835 838 842 848 849 854 857 861 867 868 871 882 883 886 887 895 896 897 898 906 922 924 928 938 939 943 947 948 950 951 955 962 966 969 972 974 978
234 3 4 12 14 15 24 30 31 32 37 39 45 48 50 51 54 58 60 61 65 66 68 71 72 77 81 82 83 94 96 98 100 103 105 106 107 108 112 118 126 127 130 133 135 147 148 150 157 162 164 169 174 189 194 197 207 209 211 212 213 220 221 224 231 246 248 255 256 266 270 272 276 277 279 284 290 295 311 313 321 323 328 329 347 350 353 359 372 377 381 382 384 385 386 388 393 397 405 407 421 425 428 435 443 444 449 450 451 453 463 464 472 475 476 483 485 486 487 491 494 497 503 509 527 538 541 551 552 564 573 578 581 582 586 589 594 595 597 598 600 601 602 605 608 610 616 618 626 627 628 637 647 652 653 659 663 669 677 682 687 689 693 695 701 702 705 707 711 721 722 723 724 730 731 737 746 747 753 760 761 764 770 771 776 788 798 799 801 803 806 812 813 814 824 827 830 831 833 834 838 848 852 853 855 861 862 864 867 871 878 887 897 899 904 910 922 925 928 932 935 943 946 948 949 953 955 956 960 961 970 971 976 977 979
220 8 9 13 16 17 18 20 39 41 42 53 55 58 66 67 72 73 76 77 82 83 85 101 102 107 111 112 117 134 137 140 142 146 149 152 156 168 188 193 195 196 198 199 203 205 211 215 218 219 222 223 227 230 231 232 235 239 240 247 248 249 264 267 275 277 282 290 291 300 311 312 319 322 324 331 332 336 337 338 342 345 348 354 358 361 363 364 366 378 379 381 397 399 409 425 432 435 437 445 447 454 455 458 460 473 478 480 490 491 500 502 504 515 520 525 533 539 543 548 549 550 552 561 562 566 575 582 591 593 595 599 602 603 608 614 617 620 622 629 632 642 656 660 665 667 679 682 685 687 688 689 692 693 700 704 710 713 718 719 720 726 733 735 736 737 741 746 752 757 758 761 762 765 768 771 785 789 796 804 807 809 810 818 821 822 823 827 829 837 842 849 850 853 858 860 863 867 868 871 877 878 886 897 898 901 910 920 929 937 940 947 952 955 961 964 965 971 975 979 980
247 14 18 19 22 23 32 33 36 44 47 49 64 66 70 75 82 90 91 92 98 99 100 105 112 113 115 118 124 125 128 130 136 141 143 144 145 147 149 153 154 164 168 169 170 176 177 192 195 196 199 200 204 206 208 209 211 213 214 219 223 225 226 227 228 231 239 241 246 248 253 254 256 258 267 271 275 276 278 279 280 282 286 288 289 299 303 307 308 319 320 326 328 332 334 335 336 340 343 349 351 352 367 368 369 374 375 403 416 418 423 426 427 431 433 444 449 450 457 465 471 472 477 482 483 487 489 492 498 507 509 513 515 516 518 520 522 523 524 527 529 537 545 547 555 556 557 560 570 572 574 575 585 588 591 599 601 604 610 613 618 619 622 623 632 636 641 645 650 657 664 665 667 675 677 680 686 688 690 692 693 695 696 700 705 712 717 720 723 729 743 744 746 750 752 754 761 763 764 765 768 776 778 784 796 797 801 805 819 822 828 833 846 847 851 854 860 861 862 863 865 871 873 874 876 877 878 882 885 886 890 891 894 900 909 912 925 929 930 935 950 953 956 957 959 961 973 974
234 3 14 20 25 38 41 44 48 49 50 56 59 63 65 68 70 75 76 80 84 88 102 104 111 116 118 122 124 126 127 134 137 138 142 150 154 156 171 175 183 188 192 196 197 199 206 209 210 211 214 216 220 223 227 232 239 240 247 251 254 261 268 270 271 272 277 280 293 301 312 313 320 321 325 328 329 332 335 337 348 352 354 355 360 361 363 365 368 372 378 382 385 387 395 396 401 403 406 413 420 426 438 440 442 443 452 453 455 456 458 470 471 474 480 487 488 489 491 493 494 496 497 501 509 512 519 520 524 525 526 527 538 541 549 552 554 555 556 559 562 564 569 574 580 596 605 608 610 611 621 623 624 627 641 647 648 650 651 655 663 665 667 669 674 677 680 685 693 695 699 706 707 710 711 712 716 717 722 744 745 760 761 769 771 773 779 780 781 785 786 787 788 790 791 797 812 813 815 816 820 823 828 832 841 843 848 850 852 854 855 863 867 869 873 883 901 911 913 917 918 922 926 928 940 943 949 959 961 963 966 967 970 973 976
227 2 5 6 8 30 39 41 42 44 50 52 54 56 59 61 62 70 77 80 82 91 93 95 96 109 112 113 114 121 130 135 139 140 141 142 150 161 162 163 187 191 195 196 197 201 202 205 219 224 231 235 238 243 245 249 253 254 255 258 259 266 267 280 282 294 295 307 311 319 322 326 327 341 342 343 344 347 350 363 368 370 377 378 384 386 391 392 402 403 404 414 420 426 427 429 435 437 451 471 472 477 479 500 509 511 512 518 524 528 529 533 536 537 538 541 543 545 560 562 565 573 576 581 582 586 588 591 593 594 595 597 598 613 616 620 621 624 625 626 629 637 638 639 641 645 647 648 652 658 659 669 672 677 678 691 705 706 710 712 722 724 736 737 738 741 744 745 746 750 752 758 759 761 762 763 764 765 769 779 780 782 783 784 785 786 789 791 797 803 809 812 827 833 838 844 846 848 853 855 856 857 862 870 874 875 880 885 892 893 900 905 913 922 926 929 934 939 945 955 960 964 965 972 973 974 975 979
205 7 16 19 27 28 31 38 49 52 55 59 63 67 75 83 89 95 99 100 112 116 119 121 126 127 128 133 134 147 160 165 166 169 174 177 195 208 218 225 229 241 254 257 260 264 267 268 269 270 282 285 286 292 297 298 305 308 311 312 316 319 323 326 328 333 335 340 348 350 356 357 361 368 369 370 374 375 376 387 388 392 398 402 405 410 414 415 416 417 426 427 428 433 434 440 458 460 461 468 473 481 485 492 494 502 504 515 516 521 532 534 541 543 547 551 552 557 558 565 567 575 586 588 596 606 608 612 623 627 632 637 642 644 646 661 662 675 680 681 683 687 688 690 701 706 711 716 717 719 726 732 736 739 740 745 746 751 753 781 784 787 793 796 799 810 815 818 831 838 856 858 859 861 862 865 870 879 886 887 895 897 909 910 912 913 923 925 926 929 931 934 938 939 942 944 945 954 958 962 968 971 974 975 982 984
209 5 8 10 13 25 31 37 45 56 60 62 72 73 84 86 88 91 94 96 97 98 103 107 111 114 116 118 127 128 130 131 138 139 147 162 166 169 172 175 181 182 193 194 196 198 202 206 214 216 219 221 225 228 233 240 242 245 256 263 264 265 268 271 273 279 283 284 286 290 293 296 310 315 324 325 327 328 332 340 341 342 346 350 357 362 369 371 373 374 375 377 381 385 390 396 397 401 412 423 426 430 434 439 445 448 451 469 471 473 474 477 480 483 485 488 491 492 493 500 501 503 505 506 507 510 516 518 526 528 531 554 570 572 578 580 581 582 584 589 591 595 596 600 612 618 628 630 638 639 643 661 665 667 670 673 678 679 682 699 702 706 711 721 724 727 730 731 735 736 742 747 752 755 764 768 782 784 789 799 807 808 815 818 820 825 830 834 842 850 856 859 862 868 882 896 898 910 914 928 934 946 948 952 953 957 968 978 979 980
217 4 7 17 19 23 25 29 31 33 44 49 50 51 60 67 71 75 80 85 87 91 93 96 97 101 102 114 115 118 124 126 127 131 132 136 138 140 141 144 147 150 151 167 171 173 174 176 180 182 184 187 189 190 192 194 200 202 204 209 213 216 219 226 227 229 242 244 245 249 250 253 259 261 267 268 270 277 285 286 302 307 308 309 318 323 327 329 336 341 342 351 361 362 364 375 385 386 388 396 399 405 421 425 427 432 433 436 446 448 451 454 482 484 487 488 492 495 501 510 515 530 544 545 548 555 563 564 566 567 576 578 584 585 587 589 597 600 609 610 615 622 627 630 631 633 638 639 656 660 661 664 675 676 680 684 690 691 693 694 695 707 712 718 723 730 734 750 755 756 757 761 763 764 766 770 772 774 775 780 781 787 792 797 804 806 808 810 813 816 830 832 837 838 841 847 858 863 871 875 876 890 895 909 912 913 922 923 928 933 934 937 960 970 973 975 978 986
239 1 14 16 21 36 37 40 41 49 52 54 64 74 77 80 84 85 88 89 90 92 93 99 100 105 110 115 117 122 128 131 132 133 140 144 146 159 162 169 171 173 177 182 184 185 186 194 196 199 201 205 206 211 215 216 219 232 239 240 244 245 246 248 254 255 259 260 261 262 266 269 272 282 283 293 299 301 302 311 313 326 333 343 347 349 358 361 367 370 372 380 396 398 405 411 416 419 422 431 433 438 442 443 449 451 457 469 479 481 488 497 502 504 506 507 512 517 520 522 528 537 542 550 555 556 561 569 572 573 582 584 590 593 594 599 603 613 619 620 621 624 625 626 632 633 634 635 637 641 643 644 646 654 658 662 663 664 680 687 694 695 696 701 703 704 705 706 715 716 720 721 724 728 738 743 744 746 747 748 749 760 762 764 766 769 773 777 778 779 783 787 792 793 795 797 800 803 807 812 815 818 820 825 826 828 830 832 834 836 840 846 849 851 856 864 867 868 877 880 896 898 903 915 919 927 931 935 939 949 950 955 956 967 975 976 978 979 981 985
204 5 9 15 16 30 32 38 41 43 45 51 52 57 58 62 63 66 78 80 84 85 93 96 100 101 102 105 112 128 130 138 140 142 145 146 151 152 155 167 170 177 186 188 193 197 213 224 229 233 241 242 247 261 262 272 273 283 287 288 290 295 298 301 304 308 309 312 315 330 332 335 339 340 342 346 349 355 371 374 379 380 385 387 393 403 410 427 428 431 432 434 437 439 443 445 448 452 455 456 459 460 469 470 483 484 485 492 494 505 510 512 514 516 520 522 524 537 539 541 546 549 553 555 581 597 603 615 618 632 639 650 654 663 666 667 668 678 680 681 683 687 688 691 696 699 701 702 704 707 708 709 715 717 722 730 733 758 766 773 779 781 783 788 793 798 810 812 816 821 837 838 842 849 854 863 865 869 870 872 882 884 886 890 894 895 897 904 913 915 919 920 926 929 940 942 944 952 965 968 970 974 977 978 985
235 5 21 26 27 34 35 37 38 48 50 53 58 61 65 72 73 84 89 94 96 98 101 102 103 110 117 119 120 131 137 139 140 141 144 145 161 164 171 173 181 186 188 190 193 195 196 205 207 209 212 214 219 222 225 227 228 229 230 231 233 234 239 241 243 246 247 250 252 253 260 261 265 267 274 282 284 288 292 294 302 303 309 311 314 318 323 324 328 331 332 335 336 347 349 351 353 370 383 384 385 391 394 398 399 417 418 426 429 432 438 456 460 468 471 472 477 479 495 503 504 517 519 524 525 526 528 536 542 545 549 554 561 567 569 575 581 585 591 595 597 599 600 603 604 609 622 624 632 644 651 653 654 658 661 662 663 667 678 681 683 688 691 693 703 708 709 721 722 723 734 735 738 744 746 748 751 752 757 759 766 767 769 772 776 778 781 782 783 784 792 799 800 804 810 816 823 834 838 839 847 850 851 854 856 863 864 867 870 876 880 886 887 895 900 904 911 929 931 940 945 947 949 952 962 964 965 968 969 974 984 985 986 987 988 989
228 5 6 11 13 14 15 17 23 42 43 59 62 73 88 90 92 93 94 97 100 101 102 103 112 129 143 145 148 164 172 173 178 188 191 194 203 208 209 212 214 216 219 221 228 231 234 240 242 243 250 251 253 255 259 264 265 268 275 280 283 287 291 292 302 305 307 317 322 327 331 334 338 340 341 346 355 368 369 374 375 376 386 393 394 403 405 407 411 418 419 422 423 424 427 430 431 437 438 444 449 451 452 453 454 457 459 461 465 467 473 475 477 479 481 485 488 494 497 499 505 511 515 518 520 531 534 536 543 544 545 549 551 554 557 570 575 578 593 596 599 601 603 616 619 622 626 629 638 641 651 655 674 675 679 681 683 684 685 688 695 699 701 716 719 721 730 731 736 739 740 743 745 749 753 755 758 761 768 770 771 780 786 795 799 802 807 808 814 815 817 824 832 834 835 837 838 839 842 846 847 848 850 852 856 858 871 873 874 878 889 894 907 908 911 912 934 938 947 949 950 957 960 964 967 970 972 978 979
220 4 12 15 19 25 31 32 33 35 37 40 44 49 51 64 65 66 68 69 74 76 77 78 94 101 103 105 106 113 117 119 126 130 163 173 177 179 193 194 200 202 204 205 211 212 214 215 219 222 224 226 227 229 238 240 243 252 253 255 257 268 269 270 272 273 274 275 276 281 288 293 299 313 316 318 319 326 327 328 330 331 332 340 341 344 353 358 368 372 375 376 378 382 384 385 390 393 397 403 405 414 421 430 434 436 439 444 445 447 449 450 459 463 465 466 471 475 476 479 487 489 494 495 497 504 508 511 513 517 518 522 529 532 540 541 543 544 548 550 552 561 567 568 579 582 589 590 592 600 612 615 620 621 633 637 642 645 652 656 667 671 673 681 684 694 702 707 709 714 722 724 740 745 749 750 753 754 765 767 770 773 775 776 778 787 804 813 814 816 826 827 834 848 851 853 859 870 874 876 877 880 886 892 906 916 917 922 933 947 953 967 968 970 973 975 977 979 980 985 990
245 3 6 11 15 17 28 32 33 34 38 39 58 60 69 71 79 86 87 90 92 94 95 97 109 112 116 117 119 120 124 133 136 141 142 153 157 159 161 162 163 166 181 183 192 209 211 212 213 217 226 229 231 232 234 243 244 245 247 250 253 254 259 265 277 281 283 288 290 292 293 296 297 301 304 307 319 324 325 327 329 336 337 340 345 347 349 354 355 364 371 372 373 377 385 389 390 391 397 399 403 416 422 424 425 427 431 435 441 451 453 455 456 460 463 470 474 479 480 492 499 503 512 514 525 537 538 541 545 550 555 558 559 562 565 571 572 581 582 584 587 591 595 597 601 602 605 606 612 618 621 625 627 631 633 635 636 640 647 654 656 659 671 680 688 689 694 697 699 700 701 702 704 705 707 710 713 715 728 730 731 733 742 749 753 754 759 766 770 773 778 780 782 785 789 794 799 803 812 824 827 834 835 844 847 849 858 859 861 864 867 872 873 876 879 880 888 891 894 902 904 905 918 919 927 928 929 931 932 936 938 943 944 945 946 948 959 960 961 964 965 969 972 974 975 987
223 19 24 31 45 50 55 57 61 62 66 79 91 92 98 99 112 117 118 123 130 133 134 136 140 141 154 162 170 174 176 179 186 188 191 195 198 206 210 212 213 219 221 224 225 227 236 242 243 246 263 272 277 280 282 283 285 289 290 291 310 311 313 315 319 321 329 333 338 346 352 363 365 366 368 373 374 377 388 393 395 399 405 414 416 417 418 422 423 424 427 428 431 433 434 437 440 443 445 447 454 456 460 462 464 474 475 479 488 489 493 497 500 501 504 506 514 522 525 534 536 542 551 552 556 557 558 559 568 580 595 596 609 611 616 623 627 628 629 636 640 641 642 647 656 667 672 681 687 689 694 699 703 704 713 714 720 722 724 729 737 742 743 746 747 748 759 760 762 764 768 774 776 787 791 794 796 800 803 808 812 832 848 849 850 858 860 864 866 868 874 876 881 883 884 889 897 902 908 914 915 917 926 927 929 930 935 939 940 945 948 951 954 958 959 972 975 976 977 984 985 988 989 993
224 8 9 11 12 15 23 24 33 34 36 40 51 53 60 66 74 78 83 90 95 100 102 103 107 112 116 117 120 121 126 128 134 137 139 140 141 154 160 171 176 190 191 194 195 196 201 218 223 232 242 254 255 260 267 268 270 274 278 279 281 285 296 297 307 310 314 316 317 320 323 325 327 328 329 336 340 342 348 351 357 363 369 382 383 384 385 391 398 400 401 405 408 410 414 418 420 421 423 428 445 448 451 454 459 466 467 473 476 481 482 484 505 509 510 512 518 521 522 524 529 533 541 542 544 546 550 551 558 570 578 581 584 585 591 592 593 610 615 617 622 623 632 634 638 645 646 650 651 655 659 663 665 669 673 676 684 689 692 693 695 697 698 699 700 704 706 708 711 713 716 717 721 725 726 727 737 739 748 749 758 763 765 771 778 782 790 792 810 813 817 835 837 841 844 848 849 867 871 875 876 878 879 881 882 883 884 900 904 905 909 913 940 948 949 958 959 964 965 968 973 976 985 993 994
205 3 7 10 20 21 27 34 35 45 63 65 69 72 76 79 82 84 95 97 103 104 113 118 120 126 130 131 133 139 140 160 165 173 178 186 189 208 216 220 223 232 235 242 243 254 265 266 274 278 283 284 288 290 292 298 303 308 314 319 320 321 334 340 341 343 351 352 358 363 376 380 387 389 399 406 412 413 418 422 423 428 432 441 444 445 453 463 465 466 473 478 479 491 493 497 499 517 519 532 546 550 554 559 564 565 568 574 576 588 589 592 597 598 599 611 618 620 633 637 640 641 643 647 648 651 660 661 669 670 672 673 689 692 693 706 711 714 726 727 732 734 736 738 739 743 751 752 755 756 757 760 762 768 769 770 771 775 776 781 785 788 804 808 811 812 817 820 824 829 831 832 839 840 842 844 848 854 855 858 861 862 873 874 876 879 884 889 891 892 901 903 910 916 918 920 930 949 950 956 957 965 976 977 993 995
228 6 12 15 17 26 37 45 46 52 62 66 71 73 75 79 85 88 90 91 92 93 99 102 103 104 109 110 118 122 123 131 134 140 144 147 159 162 172 174 179 180 181 184 188 190 191 192 196 197 214 216 218 221 223 233 236 244 245 246 254 258 260 264 265 271 274 276 290 293 295 298 308 311 314 322 329 333 335 336 337 344 354 355 362 364 368 382 389 392 394 401 402 405 410 412 414 424 427 430 434 435 437 442 443 445 449 461 472 478 482 488 492 494 495 506 508 511 518 529 532 534 540 546 548 549 554 559 561 562 566 567 569 573 576 580 581 585 588 589 590 594 600 603 605 606 612 618 625 626 630 631 634 640 643 646 655 664 665 667 677 678 680 697 701 702 705 706 707 710 714 719 727 733 737 741 742 743 757 761 772 775 777 778 780 813 815 816 818 820 821 826 837 838 841 845 846 847 851 853 859 866 870 873 878 885 889 890 892 910 919 925 937 938 939 943 944 946 950 953 964 966 970 973 974 977 986 990 994
225 1 2 7 23 24 26 27 30 40 42 43 51 52 58 60 79 81 83 93 98 101 103 105 106 107 110 111 114 124 125 129 139 140 158 167 170 171 177 180 181 184 191 193 197 202 215 224 227 228 231 241 242 246 249 250 253 254 257 260 261 262 269 275 289 290 291 298 299 303 305 307 311 312 321 332 333 336 337 338 339 356 361 363 367 370 373 374 378 392 398 402 403 405 411 418 419 441 443 444 449 455 456 459 471 475 478 487 494 501 503 505 508 509 518 524 528 529 530 540 549 556 562 573 576 584 585 588 590 592 594 595 598 607 609 614 616 621 623 632 634 636 649 652 671 675 679 689 691 703 705 707 710 711 713 722 725 731 733 736 739 749 754 758 759 761 778 780 781 784 791 797 803 804 812 814 817 818 820 822 826 827 828 829 830 831 837 846 854 857 865 868 871 879 883 896 898 899 903 905 911 915 921 923 924 928 929 932 938 940 942 950 953 954 961 970 972 973 978 980 982 985 987 991 995 996
257 2 6 7 15 21 26 39 45 46 48 49 56 62 67 82 85 87 92 93 102 105 109 114 115 116 119 121 123 128 131 133 136 147 151 155 160 161 164 165 166 179 180 182 183 184 190 198 202 211 218 219 222 227 229 235 237 239 244 245 246 247 251 254 256 260 266 269 273 276 278 282 283 288 295 296 297 298 299 300 302 303 308 311 317 319 321 323 326 328 335 336 345 348 352 354 368 369 375 377 380 382 384 385 389 396 399 400 404 406 409 414 418 419 428 440 448 449 453 454 459 475 478 486 489 495 502 503 507 509 512 513 514 517 518 524 529 532 534 539 542 549 552 553 556 560 570 572 573 577 580 581 587 591 593 598 608 609 611 614 620 623 628 632 639 641 651 653 663 666 667 679 680 682 683 685 688 693 701 702 703 706 709 714 716 724 725 727 733 734 741 742 753 755 758 762 764 768 773 775 779 780 783 786 792 795 797 799 801 804 806 807 824 825 829 831 832 834 838 839 843 844 845 852 856 858 867 878 879 883 887 890 903 910 911 915 916 917 919 922 924 926 929 930 934 935 938 939 942 953 967 969 970 977 978 990 991 996
243 4 7 8 12 18 19 25 27 38 40 43 47 50 61 67 68 69 70 78 80 83 85 90 93 94 96 98 99 100 101 102 124 128 131 135 137 148 150 154 159 169 171 172 174 181 183 185 188 195 202 203 209 216 217 219 224 226 229 231 234 240 249 251 252 259 260 263 272 275 284 288 294 296 305 310 311 314 318 320 323 325 326 333 334 335 340 344 348 352 355 363 365 370 372 373 374 378 379 385 393 396 401 419 423 425 429 431 432 442 443 450 452 453 454 460 465 466 470 475 481 487 493 499 501 508 512 516 519 522 527 530 536 542 543 550 553 554 575 576 578 582 589 590 592 593 595 599 602 609 610 617 622 623 630 633 634 636 637 648 655 657 663 664 668 676 682 687 688 698 699 706 709 710 716 718 720 727 734 738 741 742 745 750 753 756 760 761 763 765 769 770 774 780 781 783 789 795 800 817 822 826 833 835 860 863 869 877 882 883 889 890 891 895 896 898 900 903 905 911 912 916 921 922 925 931 934 941 944 945 947 951 955 962 964 973 980 982 988 993 994 996 997 998
