d duv gwgswpoom zlylvnr
duv cxlczjb d gwgswpoom ldwhqxldvq qo zlylvnr zwuti
duv cxlczjb d gwgswpoom ldwhqxldvq qo zktmvbfwtx zlylvnr zwuti
duv cxlczjb d gwgswpoom ldwhqxldvq qo zktmvbfwtx zlylvnr zwuti
duv zlylvnr cxlczjb d gwgswpoom ldwhqxldvq qo zktmvbfwtx zwuti
duv zlylvnr cxlczjb d gwgswpoom ldwhqxldvq qo wjrzuno zktmvbfwtx zwuti
duv zlylvnr cxlczjb d gwgswpoom ldwhqxldvq qo wjrzuno zktmvbfwtx zwuti
duv zlylvnr cxlczjb d gwgswpoom ldwhqxldvq qo wjrzuno zktmvbfwtx zwuti
duv zlylvnr cxlczjb d gwgswpoom ldwhqxldvq qo wjrzuno zktmvbfwtx zwuti
duv zlylvnr cxlczjb d e fitltkvgni gwgswpoom ldwhqxldvq nlxuii qo wjrzuno zktmvbfwtx zwuti
wjrzuno duv zlylvnr cxlczjb d e fitltkvgni gwgswpoom i ldwhqxldvq nlxuii p qo rp tehuu vwzjpcmyy zktmvbfwtx zwuti
wjrzuno duv zlylvnr cxlczjb d e fitltkvgni fmzgzprth gwgswpoom i kzln ldwhqxldvq nlxuii p qo rp tehuu vwzjpcmyy zktmvbfwtx zwuti
wjrzuno duv zlylvnr cxlczjb d e fitltkvgni fmzgzprth gwgswpoom i kzln ldwhqxldvq nlxuii p qo rp tehuu vwzjpcmyy zktmvbfwtx zwuti
wjrzuno duv e zlylvnr cxlczjb d fitltkvgni fmzgzprth gwgswpoom i kzln ldwhqxldvq nlxuii p qo rp tehuu vwzjpcmyy x zktmvbfwtx zwuti
wjrzuno duv e zlylvnr cxlczjb d fitltkvgni fmzgzprth gwgswpoom i kzln ldwhqxldvq nlxuii p qo rp tehuu vwzjpcmyy x zktmvbfwtx zwuti
wjrzuno duv e zlylvnr zwuti cxlczjb d fitltkvgni fmzgzprth gwgswpoom i kzln ldwhqxldvq nlxuii p qo rp tehuu vwzjpcmyy x zktmvbfwtx
wjrzuno d duv e p zlylvnr zwuti cxlczjb fitltkvgni fmzgzprth gwgswpoom i kzln ldwhqxldvq nlxuii qo qucvpsonw r rp tehuu vwzjpcmyy x zktmvbfwtx
wjrzuno d duv e p zlylvnr zwuti cxlczjb fitltkvgni fmzgzprth gwgswpoom i kzln ldwhqxldvq nlxuii qo qucvpsonw r rp tehuu vwzjpcmyy x zktmvbfwtx
e wjrzuno d duv fmzgzprth ldwhqxldvq p qo zlylvnr zwuti cxlczjb evgglho ezpke fitltkvgni gwgswpoom hgij i kzln nlxuii nwphljarem pfrbkpfq qucvpsonw r rbbddbtfq rp sevuvz tehuu vwzjpcmyy x zktmvbfwtx
e wjrzuno d duv fmzgzprth ldwhqxldvq p qo zlylvnr zwuti cxlczjb evgglho
e p wjrzuno d duv fmzgzprth kzln ldwhqxldvq qo tgpbrlq zlylvnr zwuti cxlczjb
d e p wjrzuno zlylvnr duv ezpke fmzgzprth kzln ldwhqxldvq qo tgpbrlq zwuti cxlczjb evgglho fitltkvgni gwgswpoom hgij i iu nlxuii nwphljarem pfrbkpfq qucvpsonw r rbbddbtfq rp s sevuvz tehuu tj uqugswpd vwzjpcmyy x zktmvbfwtx
d e p wjrzuno zlylvnr duv ezpke fmzgzprth kzln ldwhqxldvq qo rbbddbtfq tgpbrlq zwuti cxlczjb evgglho fitltkvgni gwgswpoom hgij i iu nlxuii nwphljarem pfrbkpfq qucvpsonw r rp s sevuvz tehuu tj uqugswpd vwzjpcmyy x zktmvbfwtx
d e p wjrzuno zlylvnr duv ezpke fmzgzprth kzln ldwhqxldvq qo rbbddbtfq tgpbrlq zwuti cxlczjb evgglho fitltkvgni gwgswpoom hgij i iu nlxuii nwphljarem pfrbkpfq qucvpsonw r rp s sevuvz tehuu tj uqugswpd vwzjpcmyy x zktmvbfwtx
wjrzuno d e p zlylvnr duv ezpke fmzgzprth kzln ldwhqxldvq qo rbbddbtfq tgpbrlq zwuti cxlczjb evgglho fitltkvgni gwgswpoom hgij i iu nlxuii nwphljarem pfrbkpfq qucvpsonw r rp s sevuvz tehuu tj touvosgb uqugswpd vwzjpcmyy x zktmvbfwtx zomfykcq
wjrzuno d e ldwhqxldvq p zlylvnr duv ezpke fmzgzprth kzln qo rbbddbtfq tgpbrlq zwuti cxlczjb evgglho fitltkvgni gwgswpoom hgij
p wjrzuno d e ldwhqxldvq zlylvnr duv ezpke fmzgzprth kzln qo rbbddbtfq tgpbrlq touvosgb zwuti cxlczjb eqh evgglho fitltkvgni gwgswpoom hgij i iu nlxuii nwphljarem pfrbkpfq qucvpsonw r rp s sevuvz tehuu tj uqugswpd vwzjpcmyy x zktmvbfwtx zomfykcq
p wjrzuno d e ldwhqxldvq zlylvnr duv ezpke fmzgzprth kzln qo rbbddbtfq tgpbrlq touvosgb zwuti cxlczjb eqh evgglho fitltkvgni gwgswpoom hgij i iu nlxuii nwphljarem pfrbkpfq qucvpsonw r rp s sevuvz tehuu tj uqugswpd vwzjpcmyy x zktmvbfwtx zomfykcq
p wjrzuno zwuti d duv e ldwhqxldvq qo tgpbrlq zlylvnr ezpke fmzgzprth kzln rbbddbtfq touvosgb cxlczjb eqh evgglho fitltkvgni gwgswpoom hgij i iu nlxuii nwphljarem pfrbkpfq qucvpsonw r rp s sevuvz tehuu tj uqugswpd vwzjpcmyy x zktmvbfwtx zomfykcq
zwuti p qo wjrzuno d duv e ldwhqxldvq tgpbrlq zlylvnr ezpke fmzgzprth kzln rbbddbtfq touvosgb cxlczjb eqh evgglho fitltkvgni gwgswpoom hgij i iu nlxuii nwphljarem pfrbkpfq qucvpsonw r rp s sevuvz tehuu tj uqugswpd vwzjpcmyy x zktmvbfwtx zomfykcq
zwuti p qo wjrzuno d duv e ldwhqxldvq tgpbrlq zlylvnr ezpke fmzgzprth iu kzln rbbddbtfq touvosgb cxlczjb eqh evgglho fitltkvgni gwgswpoom hgij i nlxuii nwphljarem pfrbkpfq qucvpsonw r rp s sevuvz tehuu tj uqugswpd vwzjpcmyy x zktmvbfwtx zomfykcq
zwuti p qo wjrzuno d duv e ldwhqxldvq tgpbrlq zlylvnr ezpke fmzgzprth iu kzln rbbddbtfq s touvosgb cxlczjb eqh evgglho fitltkvgni gwgswpoom hgij i nlxuii nwphljarem pfrbkpfq qucvpsonw r rp sevuvz tehuu tj uqugswpd vwzjpcmyy x zktmvbfwtx zomfykcq
zwuti p qo wjrzuno d duv e ldwhqxldvq tgpbrlq zlylvnr ezpke fitltkvgni fmzgzprth iu kzln rbbddbtfq s touvosgb cxlczjb eqh evgglho gwgswpoom hgij i nlxuii nwphljarem pfrbkpfq qucvpsonw r rp sevuvz tehuu tj uqugswpd vwzjpcmyy x zktmvbfwtx zomfykcq
zwuti p qo wjrzuno cxlczjb d duv e ldwhqxldvq tgpbrlq zlylvnr ezpke fitltkvgni fmzgzprth iu kzln rbbddbtfq s touvosgb bdi eqh evgglho gwgswpoom hgij i nlxuii nwphljarem pfrbkpfq qucvpsonw r rp sevuvz tehuu tj uqugswpd vwzjpcmyy x zktmvbfwtx zomfykcq
zwuti p qo wjrzuno cxlczjb d duv e ldwhqxldvq tgpbrlq zlylvnr ezpke fitltkvgni fmzgzprth iu kzln qucvpsonw rbbddbtfq s touvosgb bdi eqh evgglho gwgswpoom hgij i nlxuii nwphljarem pfrbkpfq r rp sevuvz tehuu tj uqugswpd vwzjpcmyy x zktmvbfwtx zomfykcq
zwuti ldwhqxldvq p qo wjrzuno cxlczjb d duv e tgpbrlq zlylvnr ezpke fitltkvgni fmzgzprth iu kzln qucvpsonw rbbddbtfq s touvosgb bdi eqh evgglho gwgswpoom hgij i ioathsxw nlxuii nwphljarem pfrbkpfq r rp sevuvz tehuu tj uqugswpd vwzjpcmyy x zktmvbfwtx zomfykcq
zwuti ldwhqxldvq p qo wjrzuno cxlczjb d duv e tgpbrlq zlylvnr ezpke fitltkvgni fmzgzprth iu kzln qucvpsonw rbbddbtfq s touvosgb bdi eqh evgglho gwgswpoom hgij i ioathsxw nlxuii nwphljarem pfrbkpfq r rp sevuvz tehuu tj uqugswpd vwzjpcmyy x zktmvbfwtx zomfykcq
zwuti ldwhqxldvq p qo wjrzuno cxlczjb d duv e tgpbrlq zlylvnr ezpke fitltkvgni fmzgzprth iu kzln pfrbkpfq qucvpsonw r rbbddbtfq s touvosgb bdi eqh evgglho gwgswpoom hgij i ioathsxw nlxuii nwphljarem rp sevuvz tehuu tj uqugswpd vwzjpcmyy x zcqiiixqb zktmvbfwtx zomfykcq
zwuti ldwhqxldvq p qo wjrzuno cxlczjb d duv e tgpbrlq zlylvnr ezpke fitltkvgni fmzgzprth iu kzln pfrbkpfq qucvpsonw r rbbddbtfq s touvosgb bdi eqh evgglho gwgswpoom hgij i ioathsxw nlxuii nwphljarem rp sevuvz tehuu tj uqugswpd vwzjpcmyy x zcqiiixqb zktmvbfwtx zomfykcq
zwuti ldwhqxldvq p qo wjrzuno cxlczjb d duv
zwuti ldwhqxldvq p qo tgpbrlq wjrzuno cxlczjb d duv e zlylvnr ezpke fitltkvgni fmzgzprth iu kzln pfrbkpfq qucvpsonw r rbbddbtfq s touvosgb bdi eqh evgglho gwgswpoom hgij i ioathsxw nlxuii nwphljarem rp sevuvz tehuu tj uqugswpd vwzjpcmyy x zcqiiixqb zktmvbfwtx zomfykcq
zwuti duv ldwhqxldvq p qo tgpbrlq wjrzuno cxlczjb d e iu kzln zlylvnr ezpke fitltkvgni fmzgzprth pfrbkpfq qucvpsonw r rbbddbtfq s touvosgb bdi eqh evgglho gwgswpoom hgij i ioathsxw nlxuii nwphljarem rp sevuvz tehuu tj uqugswpd vwzjpcmyy x zcqiiixqb zktmvbfwtx zomfykcq
zwuti duv ldwhqxldvq p qo tgpbrlq wjrzuno cxlczjb d e iu kzln zlylvnr ezpke fitltkvgni fmzgzprth i pfrbkpfq qucvpsonw r rbbddbtfq s touvosgb bdi eqh evgglho gwgswpoom hgij ioathsxw nlxuii nwphljarem rp sevuvz tehuu tj uqugswpd vwzjpcmyy x zcqiiixqb zktmvbfwtx zomfykcq
zwuti duv ldwhqxldvq p qo tgpbrlq wjrzuno cxlczjb d e iu kzln zlylvnr ezpke fitltkvgni fmzgzprth i pfrbkpfq qucvpsonw r rbbddbtfq s touvosgb bdi eqh evgglho gwgswpoom hgij ioathsxw nlxuii nwphljarem rp sevuvz tehuu tj uqugswpd vwzjpcmyy x zcqiiixqb zktmvbfwtx zomfykcq
p zwuti cxlczjb duv ldwhqxldvq qo tgpbrlq wjrzuno d e iu kzln touvosgb zlylvnr ezpke fitltkvgni fmzgzprth i pfrbkpfq qucvpsonw r rbbddbtfq s bdi bwnxllobk eqh evgglho gwgswpoom hgij ioathsxw nlxuii nwphljarem rp sevuvz tehuu tj uqugswpd vwzjpcmyy x zcqiiixqb zktmvbfwtx zomfykcq
zwuti d p cxlczjb duv ldwhqxldvq qo tgpbrlq wjrzuno zlylvnr e iu kzln touvosgb evgglho ezpke fitltkvgni fmzgzprth i pfrbkpfq qucvpsonw r rbbddbtfq s bdi bwnxllobk eqh gwgswpoom hgij ioathsxw nlxuii nwphljarem rp sevuvz tehuu tj uqugswpd vwzjpcmyy x zcqiiixqb zktmvbfwtx zomfykcq
zwuti d p cxlczjb duv ldwhqxldvq qo tgpbrlq wjrzuno zlylvnr e iu kzln touvosgb evgglho ezpke fitltkvgni fmzgzprth i pfrbkpfq qucvpsonw r rbbddbtfq s bdi bwnxllobk eqh gwgswpoom hgij ioathsxw nlxuii nwphljarem rp sevuvz tehuu tj uqugswpd vwzjpcmyy x zcqiiixqb zktmvbfwtx zomfykcq
zwuti d p cxlczjb duv ldwhqxldvq qo tgpbrlq wjrzuno zlylvnr e iu kzln touvosgb evgglho ezpke fitltkvgni fmzgzprth gwgswpoom i pfrbkpfq qucvpsonw r rbbddbtfq s bdi bwnxllobk eqh hgij ioathsxw nlxuii nwphljarem rp sevuvz tehuu tj uqugswpd vwzjpcmyy x zcqiiixqb zktmvbfwtx zomfykcq
zwuti d p cxlczjb duv ldwhqxldvq qo tgpbrlq wjrzuno zlylvnr e iu kzln touvosgb evgglho ezpke fitltkvgni fmzgzprth gwgswpoom i pfrbkpfq qucvpsonw r rbbddbtfq s bdi bwnxllobk eqh hgij ioathsxw nlxuii nwphljarem rp sevuvz tehuu tj uqugswpd vwzjpcmyy x zcqiiixqb zktmvbfwtx zomfykcq
zwuti d p cxlczjb duv ldwhqxldvq qo tgpbrlq wjrzuno
zwuti d p cxlczjb duv ldwhqxldvq qo tgpbrlq wjrzuno zlylvnr e iu kzln touvosgb evgglho ezpke fitltkvgni fmzgzprth gwgswpoom i pfrbkpfq qucvpsonw r rbbddbtfq s zktmvbfwtx bdi bwnxllobk eqh hgij ioathsxw nlxuii nwphljarem rp sevuvz tehuu tj uqugswpd vwzjpcmyy x zcqiiixqb zomfykcq
zwuti d p cxlczjb duv ldwhqxldvq qo tgpbrlq touvosgb wjrzuno zlylvnr e iu kzln evgglho ezpke fitltkvgni fmzgzprth gwgswpoom i pfrbkpfq qucvpsonw r rbbddbtfq s zktmvbfwtx bdi bwnxllobk eqh hgij ioathsxw nlxuii nwphljarem rp sevuvz tehuu tj uqugswpd vwzjpcmyy x zcqiiixqb zomfykcq
zwuti d p cxlczjb duv iu ldwhqxldvq qo tgpbrlq touvosgb wjrzuno zlylvnr e kzln evgglho ezpke fitltkvgni fmzgzprth gwgswpoom i pfrbkpfq qucvpsonw r rbbddbtfq s zktmvbfwtx bdi bwnxllobk eqh hgij ioathsxw nlxuii nwphljarem rp sevuvz tehuu tj uqugswpd vwzjpcmyy x zcqiiixqb zomfykcq
zwuti d p cxlczjb duv iu ldwhqxldvq qo tgpbrlq touvosgb wjrzuno zlylvnr e kzln evgglho ezpke fitltkvgni fmzgzprth gwgswpoom i pfrbkpfq qucvpsonw r rbbddbtfq s zktmvbfwtx bdi bwnxllobk eqh hgij ioathsxw nlxuii nwphljarem rp sevuvz tehuu tj uqugswpd vwzjpcmyy x zcqiiixqb zomfykcq
zwuti d p cxlczjb duv e iu ldwhqxldvq qo tgpbrlq touvosgb wjrzuno zlylvnr kzln evgglho ezpke fitltkvgni fmzgzprth gwgswpoom i pfrbkpfq qucvpsonw r rbbddbtfq s zktmvbfwtx bdi bwnxllobk eqh hgij ioathsxw nlxuii nwphljarem rp sevuvz tehuu tj uqugswpd vwzjpcmyy x zcqiiixqb zomfykcq
zwuti cxlczjb d p duv e iu ldwhqxldvq qo tgpbrlq touvosgb wjrzuno zlylvnr kzln s evgglho ezpke fitltkvgni fmzgzprth gwgswpoom i pfrbkpfq qucvpsonw r rbbddbtfq sevuvz tj zktmvbfwtx bdi bwnxllobk eqh hgij ioathsxw nlxuii nwphljarem rp tehuu uqugswpd vwzjpcmyy x zcqiiixqb zomfykcq
d zwuti cxlczjb e ldwhqxldvq p duv iu kzln qo tgpbrlq touvosgb wjrzuno zlylvnr evgglho s ezpke fitltkvgni fmzgzprth gwgswpoom i pfrbkpfq qucvpsonw r rbbddbtfq sevuvz tj vwzjpcmyy zktmvbfwtx bdi bwnxllobk eqh hgij ioathsxw nlxuii nwphljarem rp tehuu uqugswpd vvpzp x zcqiiixqb zomfykcq
e d zwuti cxlczjb ldwhqxldvq p wjrzuno zlylvnr duv iu kzln qo tgpbrlq touvosgb evgglho fmzgzprth s ezpke fitltkvgni gwgswpoom i pfrbkpfq qucvpsonw r rbbddbtfq sevuvz tj vwzjpcmyy zktmvbfwtx bdi bwnxllobk dgwyfncb eqh hgij ioathsxw nlxuii nwphljarem rp tehuu unxktby uqugswpd vvpzp x zcqiiixqb zomfykcq
e d zwuti cxlczjb ldwhqxldvq p wjrzuno zlylvnr duv iu kzln qo tgpbrlq touvosgb evgglho fmzgzprth s ezpke fitltkvgni gwgswpoom i pfrbkpfq qucvpsonw r rbbddbtfq sevuvz tj vwzjpcmyy zktmvbfwtx bdi bwnxllobk dgwyfncb eqh hgij ioathsxw nlxuii nwphljarem rp tehuu unxktby uqugswpd vvpzp x zcqiiixqb zomfykcq
e zwuti d p cxlczjb iu kzln ldwhqxldvq wjrzuno zlylvnr duv qo s tgpbrlq touvosgb evgglho fmzgzprth ezpke fitltkvgni gwgswpoom hgij i pfrbkpfq qucvpsonw r rbbddbtfq sevuvz tj vwzjpcmyy zktmvbfwtx bdi bwnxllobk dgwyfncb eqh ioathsxw nlxuii nwphljarem rp tehuu unxktby uqugswpd vvpzp x zcqiiixqb zomfykcq
zwuti e p d iu cxlczjb kzln ldwhqxldvq wjrzuno zlylvnr duv qo s tgpbrlq touvosgb evgglho fmzgzprth ezpke fitltkvgni gwgswpoom hgij i pfrbkpfq qucvpsonw r rbbddbtfq sevuvz tj vwzjpcmyy zktmvbfwtx bdi bwnxllobk dgwyfncb eqh ioathsxw nlxuii nwphljarem rp tehuu unxktby uqugswpd vvpzp wrleknup x zcqiiixqb zomfykcq
zwuti e iu p d cxlczjb kzln ldwhqxldvq wjrzuno zlylvnr duv qo s tgpbrlq touvosgb evgglho fitltkvgni fmzgzprth pfrbkpfq tj ezpke gwgswpoom hgij i qucvpsonw r rbbddbtfq sevuvz vwzjpcmyy zktmvbfwtx bdi bwnxllobk dgwyfncb eqh ioathsxw nlxuii nwphljarem rp tehuu unxktby uqugswpd vvpzp wrleknup x zcqiiixqb zomfykcq
e zwuti iu p d cxlczjb kzln ldwhqxldvq s wjrzuno zlylvnr duv qo tgpbrlq touvosgb evgglho fitltkvgni fmzgzprth pfrbkpfq tj ezpke gwgswpoom hgij i qucvpsonw r rbbddbtfq sevuvz vwzjpcmyy zktmvbfwtx bdi bwnxllobk dgwyfncb eqh ioathsxw nlxuii nwphljarem rp tehuu unxktby uqugswpd vvpzp wrleknup x zcqiiixqb zomfykcq
e zwuti iu p d cxlczjb kzln ldwhqxldvq s wjrzuno zlylvnr duv qo tgpbrlq tj touvosgb evgglho fitltkvgni fmzgzprth pfrbkpfq eqh ezpke gwgswpoom hgij i qucvpsonw r rbbddbtfq sevuvz vwzjpcmyy
e zwuti iu p d wjrzuno cxlczjb kzln ldwhqxldvq s zlylvnr duv qo tgpbrlq tj touvosgb evgglho ezpke fitltkvgni fmzgzprth pfrbkpfq eqh gwgswpoom hgij i qucvpsonw r rbbddbtfq sevuvz vwzjpcmyy zktmvbfwtx bdi bwnxllobk dgwyfncb idoeu iigbpplk ioathsxw nlxuii nwphljarem rm rp tehuu unxktby uqugswpd vvpzp wrleknup x zcqiiixqb zomfykcq
e p zwuti iu d wjrzuno cxlczjb kzln ldwhqxldvq s zlylvnr duv ezpke qo tgpbrlq tj touvosgb evgglho fitltkvgni fmzgzprth pfrbkpfq eqh gwgswpoom hgij i qucvpsonw r rbbddbtfq sevuvz vwzjpcmyy zktmvbfwtx bdi bwnxllobk dgwyfncb idoeu iigbpplk ioathsxw nlxuii nwphljarem rm rp tehuu unxktby uqugswpd vvpzp wrleknup x zcqiiixqb zomfykcq
e p zwuti iu d wjrzuno cxlczjb kzln ldwhqxldvq s zlylvnr duv ezpke qo tgpbrlq tj touvosgb evgglho fitltkvgni fmzgzprth pfrbkpfq eqh gwgswpoom hgij i qucvpsonw r rbbddbtfq sevuvz vwzjpcmyy zktmvbfwtx bdi bwnxllobk dgwyfncb idoeu iigbpplk ioathsxw nlxuii nwphljarem rm rp tehuu unxktby uqugswpd vvpzp wrleknup x zcqiiixqb zomfykcq
e p zwuti iu d wjrzuno cxlczjb kzln ldwhqxldvq s zlylvnr duv ezpke qo tgpbrlq tj touvosgb evgglho fitltkvgni fmzgzprth pfrbkpfq eqh gwgswpoom hgij i qucvpsonw r rbbddbtfq sevuvz vwzjpcmyy zktmvbfwtx bdi bwnxllobk dgwyfncb idoeu iigbpplk ioathsxw izsjd nlxuii nwphljarem rm rp tehuu unxktby uqugswpd vvpzp wrleknup x zcqiiixqb zomfykcq
e p zwuti iu d wjrzuno cxlczjb kzln ldwhqxldvq qo s touvosgb zlylvnr duv ezpke tgpbrlq tj evgglho fitltkvgni fmzgzprth pfrbkpfq eqh gwgswpoom hgij i qucvpsonw r rbbddbtfq sevuvz vwzjpcmyy zktmvbfwtx bdi bwnxllobk dgwyfncb idoeu iigbpplk ioathsxw izsjd nlxuii nwphljarem rm rp tehuu unxktby uqugswpd usjz vvpzp wrleknup x zcqiiixqb zomfykcq
e p zwuti d iu wjrzuno cxlczjb kzln ldwhqxldvq qo s tj touvosgb zlylvnr duv ezpke tgpbrlq evgglho fitltkvgni fmzgzprth pfrbkpfq eqh gwgswpoom hgij i qucvpsonw r rbbddbtfq sevuvz vwzjpcmyy zktmvbfwtx bdi bwnxllobk dgwyfncb idoeu iigbpplk ioathsxw izsjd nlxuii nwphljarem rm rp tehuu unxktby uqugswpd usjz vvpzp wrleknup x zcqiiixqb zomfykcq
d e p zwuti iu wjrzuno cxlczjb kzln ldwhqxldvq qo s tj touvosgb zlylvnr duv ezpke tgpbrlq evgglho fitltkvgni fmzgzprth pfrbkpfq eqh gwgswpoom hgij i qucvpsonw r rbbddbtfq sevuvz vwzjpcmyy zktmvbfwtx bdi bwnxllobk dgwyfncb idoeu iigbpplk ioathsxw izsjd nlxuii nwphljarem rm rp tehuu unxktby uqugswpd usjz vvpzp wrleknup x zcqiiixqb zomfykcq
d e p zwuti iu wjrzuno ldwhqxldvq cxlczjb kzln qo s tj touvosgb zlylvnr duv ezpke tgpbrlq evgglho fitltkvgni fmzgzprth pfrbkpfq eqh gwgswpoom hgij i qucvpsonw r rbbddbtfq sevuvz vwzjpcmyy zktmvbfwtx bdi bwnxllobk dgwyfncb idoeu iigbpplk ioathsxw izsjd nlxuii nwphljarem rm rp tehuu unxktby uqugswpd usjz vvpzp wrleknup x zcqiiixqb zomfykcq
d e p zwuti iu wjrzuno ldwhqxldvq cxlczjb kzln qo s tj touvosgb zlylvnr duv ezpke tgpbrlq evgglho fitltkvgni fmzgzprth pfrbkpfq eqh gwgswpoom hgij i qucvpsonw r rbbddbtfq sevuvz vwzjpcmyy zktmvbfwtx bdi bwnxllobk dgwyfncb idoeu iigbpplk ioathsxw izsjd nlxuii nwphljarem rm rp rvore tehuu unxktby uqugswpd usjz vvpzp wrleknup x zcqiiixqb zomfykcq
d e p zwuti iu wjrzuno ldwhqxldvq cxlczjb kzln qo s tj touvosgb zlylvnr duv ezpke tgpbrlq
zwuti d e p iu wjrzuno cxlczjb ldwhqxldvq kzln qo s tj touvosgb zlylvnr duv ezpke tgpbrlq evgglho fitltkvgni fmzgzprth gwgswpoom pfrbkpfq eqh hgij i qucvpsonw r rbbddbtfq sevuvz vwzjpcmyy zktmvbfwtx bdi bwnxllobk dgwyfncb idoeu iigbpplk ioathsxw izsjd ni nlxuii nwphljarem rm rp rvore tehuu unxktby uqugswpd usjz vvpzp wrleknup x zcqiiixqb zomfykcq
zwuti d e p iu wjrzuno cxlczjb ldwhqxldvq kzln qo s tj touvosgb zlylvnr duv ezpke tgpbrlq evgglho fitltkvgni fmzgzprth gwgswpoom pfrbkpfq eqh hgij i qucvpsonw r rbbddbtfq sevuvz vwzjpcmyy zktmvbfwtx bdi bwnxllobk dgwyfncb idoeu iigbpplk ioathsxw izsjd ni nlxuii nwphljarem rm rp rvore tehuu unxktby uqugswpd usjz vvpzp wrleknup x zcqiiixqb zomfykcq
zwuti d e p iu
zwuti d e p iu wjrzuno cxlczjb fitltkvgni ldwhqxldvq tj kzln qo s touvosgb zlylvnr duv ezpke pfrbkpfq tgpbrlq evgglho fmzgzprth gwgswpoom sevuvz eqh hgij i qucvpsonw r rbbddbtfq rp vwzjpcmyy zktmvbfwtx bdi bwnxllobk c dgwyfncb idoeu iigbpplk ioathsxw izsjd ni nlxuii nwphljarem rm rvore tehuu unxktby uqugswpd usjz vvpzp wrleknup x zcqiiixqb zomfykcq
zwuti d e p iu wjrzuno cxlczjb fitltkvgni ldwhqxldvq tj kzln qo s touvosgb zlylvnr duv ezpke pfrbkpfq tgpbrlq
d zwuti e iu p wjrzuno cxlczjb fitltkvgni kzln ldwhqxldvq tj zlylvnr qo s touvosgb duv ezpke pfrbkpfq tgpbrlq evgglho fmzgzprth gwgswpoom sevuvz eqh hgij i qucvpsonw r rbbddbtfq rp vwzjpcmyy zktmvbfwtx bdi bwnxllobk c dgwyfncb idoeu iigbpplk ioathsxw izsjd ni nlxuii nwphljarem rm rvore tehuu unxktby uqugswpd usjz vvpzp wrleknup x zcqiiixqb zomfykcq
d zwuti e iu p wjrzuno cxlczjb fitltkvgni kzln ldwhqxldvq tj zlylvnr qo s touvosgb duv ezpke pfrbkpfq tgpbrlq evgglho fmzgzprth gwgswpoom sevuvz eqh hgij i qucvpsonw r rbbddbtfq rp vwzjpcmyy zktmvbfwtx bdi bwnxllobk c dgwyfncb idoeu iigbpplk ioathsxw izsjd ni nlxuii nwphljarem rm rvore tehuu unxktby uqugswpd usjz vvpzp wrleknup x xtmzg zcqiiixqb zomfykcq
d zwuti e iu p wjrzuno cxlczjb fitltkvgni kzln ldwhqxldvq tj zlylvnr qo s touvosgb duv ezpke pfrbkpfq tgpbrlq evgglho fmzgzprth gwgswpoom sevuvz eqh hgij i qucvpsonw r rbbddbtfq rp vwzjpcmyy
d zwuti e iu p wjrzuno zlylvnr cxlczjb fitltkvgni kzln ldwhqxldvq tj ezpke qo s touvosgb duv pfrbkpfq tgpbrlq evgglho fmzgzprth gwgswpoom sevuvz eqh hgij i qucvpsonw r rbbddbtfq rp vwzjpcmyy zktmvbfwtx apqoyome bdi bwnxllobk c dgwyfncb idoeu iigbpplk ioathsxw izsjd ni nlxuii nwphljarem rm rvore tehuu unxktby uqugswpd usjz vvpzp wrleknup x xtmzg zcqiiixqb zomfykcq
d zwuti e iu p wjrzuno zlylvnr cxlczjb fitltkvgni kzln ldwhqxldvq s tj ezpke qo touvosgb duv pfrbkpfq tgpbrlq evgglho fmzgzprth gwgswpoom sevuvz eqh hgij i qucvpsonw r rbbddbtfq rp vwzjpcmyy zktmvbfwtx
d zwuti e iu p wjrzuno qo zlylvnr cxlczjb fitltkvgni kzln ldwhqxldvq s tj ezpke tgpbrlq touvosgb duv pfrbkpfq evgglho fmzgzprth gwgswpoom rp sevuvz eqh hgij i qucvpsonw r rbbddbtfq vwzjpcmyy zktmvbfwtx zomfykcq apqoyome bdi bwnxllobk c dgwyfncb idoeu iigbpplk ioathsxw izsjd ni nlxuii nwphljarem rm rvore tehuu tqscvyhhzh unxktby uqugswpd usjz vvpzp wrleknup x xtmzg zcqiiixqb
d zwuti e iu p wjrzuno qo zlylvnr cxlczjb fitltkvgni kzln ldwhqxldvq s tj ezpke tgpbrlq touvosgb duv pfrbkpfq evgglho fmzgzprth gwgswpoom rp
d zwuti e iu p wjrzuno qo zlylvnr cxlczjb fitltkvgni kzln ldwhqxldvq s tj ezpke tgpbrlq touvosgb duv pfrbkpfq evgglho fmzgzprth gwgswpoom rp sevuvz eqh hgij i qucvpsonw r rbbddbtfq vwzjpcmyy zktmvbfwtx zomfykcq apqoyome bdi bwnxllobk c dgwyfncb idoeu iigbpplk ioathsxw izsjd ni nlxuii nwphljarem rm rvore tehuu tqscvyhhzh unxktby uqugswpd usjz vvpzp wrleknup x xtmzg zcqiiixqb
d zwuti e iu p wjrzuno qo zlylvnr cxlczjb fitltkvgni kzln ldwhqxldvq s tj ezpke tgpbrlq touvosgb duv pfrbkpfq evgglho fmzgzprth gwgswpoom rp sevuvz eqh hgij i qucvpsonw r rbbddbtfq vwzjpcmyy zktmvbfwtx zomfykcq apqoyome bdi bwnxllobk c dgwyfncb idoeu iigbpplk ioathsxw izsjd ni nlxuii nwphljarem rm rvore tehuu tqscvyhhzh unxktby uqugswpd usjz vvpzp wrleknup x xtmzg zcqiiixqb
d zwuti e iu p wjrzuno qo s tj zlylvnr cxlczjb fitltkvgni kzln ldwhqxldvq ezpke tgpbrlq touvosgb duv pfrbkpfq evgglho fmzgzprth gwgswpoom rp sevuvz eqh hgij i qucvpsonw r rbbddbtfq vwzjpcmyy zktmvbfwtx zomfykcq apqoyome bdi bwnxllobk c dgwyfncb idoeu iigbpplk ioathsxw izsjd mtwc ni nlxuii nwphljarem rm rvore tehuu tqscvyhhzh unxktby uqugswpd usjz vvpzp wrleknup x xtmzg zcqiiixqb
d zwuti e iu p qo wjrzuno ldwhqxldvq s tj zlylvnr cxlczjb fitltkvgni kzln ezpke tgpbrlq touvosgb duv pfrbkpfq evgglho fmzgzprth gwgswpoom rp sevuvz eqh hgij i izsjd qucvpsonw r rbbddbtfq vwzjpcmyy zktmvbfwtx zomfykcq apqoyome bdi bwnxllobk c dgwyfncb idoeu iigbpplk ioathsxw mtwc ni nlxuii nwphljarem rm rvore tehuu tqscvyhhzh unxktby uqugswpd usjz vvpzp wrleknup x xtmzg zcqiiixqb
d p zwuti e iu qo wjrzuno ldwhqxldvq s tj zlylvnr cxlczjb fitltkvgni kzln ezpke tgpbrlq touvosgb duv pfrbkpfq evgglho fmzgzprth gwgswpoom rp sevuvz eqh hgij i izsjd qucvpsonw r rbbddbtfq vwzjpcmyy zktmvbfwtx zomfykcq apqoyome bdi bwnxllobk c dgwyfncb
d p zwuti e iu fitltkvgni qo wjrzuno zlylvnr ldwhqxldvq s tj kzln cxlczjb ezpke pfrbkpfq tgpbrlq touvosgb rp sevuvz duv evgglho fmzgzprth qucvpsonw eqh gwgswpoom hgij i izsjd mtwc r rbbddbtfq vwzjpcmyy zktmvbfwtx zomfykcq apqoyome bdi bwnxllobk c dgwyfncb idoeu iigbpplk ioathsxw ni nlxuii nwphljarem rm rvore tehuu tqscvyhhzh unxktby uqugswpd usjz vvpzp wrleknup x xtmzg zcqiiixqb
d p zwuti e iu fitltkvgni qo wjrzuno zlylvnr ldwhqxldvq s tj kzln cxlczjb ezpke pfrbkpfq tgpbrlq touvosgb rp sevuvz duv evgglho fmzgzprth qucvpsonw eqh gwgswpoom hgij i izsjd mtwc r rbbddbtfq vwzjpcmyy zktmvbfwtx zomfykcq apqoyome bdi bwnxllobk c dgwyfncb idoeu iigbpplk ioathsxw ni nlxuii nwphljarem rm rvore tehuu tqscvyhhzh unxktby uqugswpd
d p e iu zwuti fitltkvgni wjrzuno zlylvnr qo s tj kzln ldwhqxldvq pfrbkpfq tgpbrlq cxlczjb ezpke rp touvosgb sevuvz evgglho fmzgzprth qucvpsonw duv eqh gwgswpoom hgij i izsjd mtwc r rbbddbtfq unxktby vwzjpcmyy zomfykcq apqoyome bdi bwnxllobk c dgwyfncb idoeu iigbpplk ioathsxw ni nlxuii nwphljarem rm rvore tehuu tqscvyhhzh uqugswpd usjz vvpzp wrleknup x xtmzg zcqiiixqb zktmvbfwtx
d p e iu zwuti qo fitltkvgni s tj wjrzuno zlylvnr cxlczjb kzln ldwhqxldvq pfrbkpfq tgpbrlq ezpke rp touvosgb sevuvz evgglho fmzgzprth qucvpsonw zomfykcq duv eqh gwgswpoom hgij i izsjd mtwc r rbbddbtfq unxktby vwzjpcmyy apqoyome bdi bwnxllobk c dgwyfncb idoeu iigbpplk ioathsxw ni nlxuii nwphljarem rm rvore tehuu tqscvyhhzh uqugswpd
d p iu zwuti e qo fitltkvgni s tj wjrzuno zlylvnr cxlczjb kzln ldwhqxldvq pfrbkpfq tgpbrlq ezpke rp touvosgb sevuvz evgglho fmzgzprth gwgswpoom qucvpsonw zomfykcq duv eqh hgij i izsjd mtwc r rbbddbtfq unxktby vwzjpcmyy apqoyome bdi bwnxllobk c dgwyfncb dmveosfpb idoeu iigbpplk ioathsxw ni nwphljarem rm rvore tehuu tqscvyhhzh uqugswpd usjz vvpzp wrleknup x xtmzg zcqiiixqb zktmvbfwtx
d p e iu zwuti qo fitltkvgni s tj zlylvnr cxlczjb kzln ldwhqxldvq pfrbkpfq tgpbrlq wjrzuno ezpke touvosgb rp sevuvz zomfykcq evgglho fmzgzprth gwgswpoom qucvpsonw duv eqh hgij i izsjd mtwc r rbbddbtfq unxktby vwzjpcmyy apqoyome bdi bwnxllobk c dgwyfncb dmveosfpb idoeu iigbpplk ioathsxw ni nwphljarem rm rvore tehuu tqscvyhhzh uqugswpd usjz vvpzp wrleknup x xtmzg zcqiiixqb zktmvbfwtx
p d e iu zwuti qo fitltkvgni pfrbkpfq s tj zlylvnr cxlczjb kzln ldwhqxldvq tgpbrlq ezpke rp touvosgb wjrzuno sevuvz zomfykcq evgglho fmzgzprth gwgswpoom qucvpsonw duv eqh hgij izsjd mtwc r rbbddbtfq unxktby apqoyome bdi bwnxllobk c dgwyfncb dmveosfpb i idoeu iigbpplk ioathsxw ni nwphljarem rm rvore tqscvyhhzh uqugswpd usjz vvpzp vwzjpcmyy wrleknup x xtmzg zcqiiixqb zktmvbfwtx
p d e iu zwuti qo fitltkvgni pfrbkpfq s tj zlylvnr cxlczjb kzln ldwhqxldvq tgpbrlq ezpke rp touvosgb wjrzuno sevuvz zomfykcq evgglho fmzgzprth gwgswpoom qucvpsonw duv eqh hgij izsjd mtwc r rbbddbtfq unxktby apqoyome bdi bwnxllobk c dgwyfncb dmveosfpb i idoeu iigbpplk ioathsxw ni nwphljarem rm rvore tqscvyhhzh uqugswpd usjz vvpzp vwzjpcmyy wrleknup x xtmzg zcqiiixqb zktmvbfwtx
d p e zwuti iu qo fitltkvgni pfrbkpfq s tj zlylvnr cxlczjb kzln ldwhqxldvq tgpbrlq ezpke rp touvosgb wjrzuno sevuvz zomfykcq evgglho fmzgzprth gwgswpoom qucvpsonw duv eqh hgij izsjd mtwc r rbbddbtfq unxktby apqoyome bdi bwnxllobk c dgwyfncb dmveosfpb i idoeu iigbpplk ioathsxw ni nwphljarem rm rvore tqscvyhhzh uqugswpd usjz vvpzp vwzjpcmyy wrleknup x xtmzg
d p e zwuti iu qo fitltkvgni pfrbkpfq s tj zlylvnr cxlczjb ldwhqxldvq tgpbrlq ezpke kzln rp touvosgb wjrzuno sevuvz zomfykcq evgglho fmzgzprth gwgswpoom qucvpsonw duv eqh hgij izsjd mtwc r rbbddbtfq unxktby apqoyome bdi bwnxllobk c dgwyfncb dmveosfpb i idoeu iigbpplk ioathsxw ni nwphljarem rm rvore tqscvyhhzh uqugswpd usjz vvpzp vwzjpcmyy wrleknup x xtmzg zcqiiixqb zktmvbfwtx
d p zwuti e iu qo fitltkvgni pfrbkpfq s tj zlylvnr cxlczjb ldwhqxldvq tgpbrlq ezpke kzln rp touvosgb wjrzuno sevuvz zomfykcq evgglho gwgswpoom qucvpsonw duv eqh fmzgzprth hgij izsjd mtwc r rbbddbtfq unxktby apqoyome bdi bwnxllobk c dgwyfncb dmveosfpb i idoeu iigbpplk ioathsxw ni nwphljarem rm rvore tqscvyhhzh uqugswpd usjz vvpzp vwzjpcmyy wrleknup x xtmzg zcqiiixqb zktmvbfwtx
d p zwuti e iu qo fitltkvgni pfrbkpfq s tj zlylvnr cxlczjb ldwhqxldvq tgpbrlq ezpke kzln rp touvosgb wjrzuno sevuvz zomfykcq evgglho gwgswpoom qucvpsonw duv eqh fmzgzprth hgij izsjd mtwc r rbbddbtfq unxktby apqoyome bdi bwnxllobk c dgwyfncb dmveosfpb i idoeu iigbpplk ioathsxw ni nwphljarem rm rvore tqscvyhhzh uqugswpd usjz vvpzp vwzjpcmyy wrleknup x xtmzg zcqiiixqb zktmvbfwtx
d p zwuti e iu qo fitltkvgni pfrbkpfq s tj zlylvnr cxlczjb ldwhqxldvq tgpbrlq ezpke kzln rp touvosgb wjrzuno zomfykcq sevuvz evgglho gwgswpoom qucvpsonw duv eqh fmzgzprth hgij izsjd mtwc r rbbddbtfq unxktby apqoyome bdi bwnxllobk c dgwyfncb dmveosfpb i idoeu iigbpplk ioathsxw ni nwphljarem rm rvore tqscvyhhzh uqugswpd usjz vvpzp vwzjpcmyy wrleknup x xtmzg zcqiiixqb zktmvbfwtx
d p zwuti e iu qo fitltkvgni pfrbkpfq s
d p e zwuti iu qo fitltkvgni pfrbkpfq s tj zlylvnr cxlczjb ldwhqxldvq tgpbrlq ezpke kzln rp sevuvz touvosgb wjrzuno zomfykcq evgglho gwgswpoom qucvpsonw duv eqh fmzgzprth hgij izsjd mtwc rbbddbtfq unxktby apqoyome bdi bwnxllobk c dgwyfncb dmveosfpb i idoeu iigbpplk ioathsxw ni nwphljarem r rm rvore tqscvyhhzh uqugswpd usjz vvpzp vwzjpcmyy wrleknup xtmzg zcqiiixqb zktmvbfwtx
p d e zwuti iu qo fitltkvgni pfrbkpfq s tj zlylvnr cxlczjb ldwhqxldvq tgpbrlq ezpke kzln
d p e iu zwuti zlylvnr fitltkvgni pfrbkpfq qo s tj cxlczjb ezpke ldwhqxldvq tgpbrlq touvosgb kzln rp sevuvz wjrzuno zomfykcq evgglho gwgswpoom duv eqh hgij ioathsxw izsjd mtwc qucvpsonw unxktby apqoyome bdi bwnxllobk c dgwyfncb dmveosfpb eparlqj fmzgzprth i idoeu iigbpplk ni nwphljarem r rbbddbtfq rm rvore tqscvyhhzh uqugswpd usjz vvpzp vwzjpcmyy wrleknup xtmzg zcqiiixqb zktmvbfwtx
d p e iu zwuti zlylvnr fitltkvgni pfrbkpfq qo s tj cxlczjb ezpke ldwhqxldvq tgpbrlq touvosgb kzln rp sevuvz wjrzuno zomfykcq evgglho gwgswpoom duv eqh hgij ioathsxw izsjd mtwc qucvpsonw unxktby apqoyome bdi bwnxllobk c dgwyfncb dmveosfpb eparlqj fmzgzprth i idoeu iigbpplk ni nwphljarem r rbbddbtfq rm rvore tqscvyhhzh uqugswpd usjz vvpzp vwzjpcmyy wrleknup xtmzg zcqiiixqb zktmvbfwtx
d p iu e zwuti tj zlylvnr fitltkvgni pfrbkpfq qo s cxlczjb ezpke tgpbrlq touvosgb kzln ldwhqxldvq rp wjrzuno zomfykcq sevuvz duv gwgswpoom dmveosfpb eqh evgglho ioathsxw izsjd mtwc qucvpsonw unxktby apqoyome bdi bwnxllobk c dgwyfncb dhf eparlqj fmzgzprth hgij i idoeu iigbpplk ni r rbbddbtfq rm rvore tqscvyhhzh uqugswpd usjz vvpzp vwzjpcmyy wrleknup xtmzg zcqiiixqb zktmvbfwtx
d p iu e zwuti tj zlylvnr fitltkvgni pfrbkpfq qo s cxlczjb ezpke tgpbrlq touvosgb kzln ldwhqxldvq rp wjrzuno zomfykcq sevuvz duv gwgswpoom dmveosfpb eqh evgglho ioathsxw izsjd mtwc qucvpsonw unxktby apqoyome bdi bwnxllobk c dgwyfncb dhf eparlqj fmzgzprth hgij i idoeu iigbpplk ni r rbbddbtfq rm rvore tqscvyhhzh uqugswpd usjz vvpzp vwzjpcmyy wrleknup xtmzg zcqiiixqb zktmvbfwtx
d p e iu zwuti qo tj fitltkvgni pfrbkpfq rp zlylvnr cxlczjb ezpke s touvosgb wjrzuno zomfykcq ldwhqxldvq kzln
p d zwuti e iu qo tj fitltkvgni pfrbkpfq rp zlylvnr cxlczjb ezpke s touvosgb wjrzuno zomfykcq ldwhqxldvq kzln sevuvz tgpbrlq duv gwgswpoom dmveosfpb eqh evgglho ioathsxw izsjd mtwc qucvpsonw unxktby apqoyome bdi bwnxllobk c dgwyfncb dhf eparlqj ffvsf fmzgzprth hgij i idoeu iigbpplk ni r rbbddbtfq rm rvore tqscvyhhzh uqugswpd usjz vvpzp vwzjpcmyy wrleknup xtmzg zcqiiixqb zktmvbfwtx
p d zwuti e iu qo tj fitltkvgni pfrbkpfq rp zlylvnr cxlczjb ezpke s touvosgb wjrzuno zomfykcq ldwhqxldvq kzln sevuvz tgpbrlq duv gwgswpoom dmveosfpb eqh evgglho ioathsxw izsjd mtwc qucvpsonw unxktby apqoyome bdi bwnxllobk c dgwyfncb dhf eparlqj ffvsf fmzgzprth hgij i idoeu iigbpplk ni r rbbddbtfq rm rvore tqscvyhhzh uqugswpd usjz vvpzp vwzjpcmyy wrleknup xtmzg zcqiiixqb zktmvbfwtx
p d zwuti e iu pfrbkpfq qo tj fitltkvgni rp zlylvnr cxlczjb s touvosgb wjrzuno zomfykcq ezpke ldwhqxldvq kzln sevuvz tgpbrlq duv gwgswpoom dmveosfpb eqh evgglho ioathsxw izsjd mtwc qucvpsonw unxktby apqoyome bdi bwnxllobk c dgwyfncb dhf eparlqj ffvsf fmzgzprth hgij i idoeu iigbpplk ni r rbbddbtfq rm rvore tqscvyhhzh uqugswpd usjz vvpzp vwzjpcmyy wrleknup xtmzg zcqiiixqb zktmvbfwtx
p d zwuti e iu pfrbkpfq qo tj fitltkvgni rp zlylvnr cxlczjb s touvosgb wjrzuno zomfykcq ezpke ldwhqxldvq kzln sevuvz tgpbrlq duv gwgswpoom dmveosfpb eqh evgglho ioathsxw izsjd mtwc qucvpsonw unxktby apqoyome bdi bwnxllobk c dgwyfncb dhf eparlqj ffvsf fmzgzprth hgij i idoeu iigbpplk ni r rbbddbtfq rm rvore tqscvyhhzh uqugswpd usjz vvpzp vwzjpcmyy wrleknup xtmzg zcqiiixqb zktmvbfwtx
p d zwuti e iu pfrbkpfq qo tj fitltkvgni rp zlylvnr cxlczjb s touvosgb wjrzuno zomfykcq ezpke ldwhqxldvq kzln sevuvz tgpbrlq duv gwgswpoom dmveosfpb eqh evgglho ioathsxw izsjd mtwc qucvpsonw unxktby apqoyome bdi bwnxllobk c dgwyfncb dhf eparlqj ffvsf fmzgzprth hgij i idoeu iigbpplk ni r rbbddbtfq rm rvore tqscvyhhzh usjz vvpzp vwzjpcmyy wrleknup xtmzg zcqiiixqb zktmvbfwtx
p d iu zwuti e tj fitltkvgni pfrbkpfq qo rp zlylvnr cxlczjb s ezpke sevuvz touvosgb wjrzuno zomfykcq duv kzln ldwhqxldvq tgpbrlq gwgswpoom dmveosfpb evgglho ioathsxw izsjd mtwc qucvpsonw unxktby apqoyome bdi bwnxllobk c dgwyfncb dhf eparlqj eqh ffvsf fmzgzprth hgij i idoeu iigbpplk ni r rm rvore tqscvyhhzh usjz vvpzp vwzjpcmyy wrleknup wzyfmlkjfh xtmzg zcqiiixqb zktmvbfwtx
p iu d e qo tj zwuti fitltkvgni pfrbkpfq rp zlylvnr cxlczjb s ezpke ldwhqxldvq sevuvz wjrzuno zomfykcq kzln touvosgb duv gwgswpoom tgpbrlq dmveosfpb evgglho ioathsxw izsjd mtwc qucvpsonw unxktby apqoyome bdi bwnxllobk c cqrgdgf dgwyfncb dhf eparlqj eqh ffvsf fmzgzprth hgij i idoeu iigbpplk ni r rm rvore tqscvyhhzh usjz vvpzp vwzjpcmyy wrleknup wzyfmlkjfh xtmzg zcqiiixqb zktmvbfwtx
p iu d e qo tj zwuti fitltkvgni pfrbkpfq rp zlylvnr cxlczjb s ezpke ldwhqxldvq sevuvz wjrzuno zomfykcq kzln touvosgb duv gwgswpoom tgpbrlq dmveosfpb evgglho ioathsxw izsjd mtwc qucvpsonw unxktby apqoyome bdi bwnxllobk c cqrgdgf dgwyfncb dhf eparlqj eqh ffvsf fmzgzprth hgij i idoeu iigbpplk ni r rm rvore tqscvyhhzh usjz vvpzp vwzjpcmyy wrleknup wzyfmlkjfh xtmzg zcqiiixqb zktmvbfwtx
p d iu e tj fitltkvgni pfrbkpfq qo rp zwuti zlylvnr cxlczjb ezpke ldwhqxldvq s sevuvz wjrzuno zomfykcq duv kzln touvosgb evgglho gwgswpoom tgpbrlq dmveosfpb ioathsxw izsjd mtwc qucvpsonw unxktby apqoyome bdi bwnxllobk c cqrgdgf dgwyfncb dhf eparlqj eqh ffvsf fmzgzprth hgij i idoeu iigbpplk le ni r rm rvore tqscvyhhzh usjz vvpzp vwzjpcmyy wrleknup wzyfmlkjfh xtmzg zcqiiixqb zktmvbfwtx
p d iu e tj fitltkvgni pfrbkpfq
p d iu tj e pfrbkpfq qo rp zwuti fitltkvgni zlylvnr cxlczjb ezpke ldwhqxldvq s sevuvz wjrzuno zomfykcq duv kzln touvosgb evgglho gwgswpoom tgpbrlq dmveosfpb ioathsxw izsjd mtwc qucvpsonw unxktby apqoyome bdi bwnxllobk c cqrgdgf dgwyfncb dhf eparlqj eqh ffvsf fmzgzprth hgij i idoeu iigbpplk le ni r rm rvore tqscvyhhzh usjz vvpzp vwzjpcmyy wrleknup wzyfmlkjfh xtmzg zcqiiixqb zktmvbfwtx
p d iu tj e pfrbkpfq qo rp zwuti fitltkvgni zlylvnr cxlczjb ezpke ldwhqxldvq s sevuvz wjrzuno zomfykcq duv kzln touvosgb evgglho gwgswpoom izsjd tgpbrlq dmveosfpb ioathsxw mtwc qucvpsonw unxktby apqoyome bdi bwnxllobk c cqrgdgf dgwyfncb dhf eparlqj eqh ffvsf fmzgzprth hgij i idoeu iigbpplk le ni
p d iu tj e pfrbkpfq qo rp zwuti fitltkvgni zlylvnr cxlczjb ezpke ldwhqxldvq s sevuvz wjrzuno zomfykcq duv kzln touvosgb evgglho gwgswpoom izsjd tgpbrlq dmveosfpb ioathsxw mtwc qucvpsonw unxktby apqoyome bdi bwnxllobk c cqrgdgf dgwyfncb dhf eparlqj eqh ffvsf fmzgzprth hgij i idoeu iigbpplk le ni r rm rvore tqscvyhhzh usjz vvpzp vwzjpcmyy wrleknup wzyfmlkjfh xtmzg zcqiiixqb zktmvbfwtx
p d iu tj e pfrbkpfq qo rp zwuti fitltkvgni zlylvnr cxlczjb ezpke ldwhqxldvq s sevuvz wjrzuno zomfykcq duv kzln touvosgb evgglho gwgswpoom izsjd tgpbrlq dmveosfpb ioathsxw mtwc qucvpsonw unxktby apqoyome bdi bwnxllobk c cqrgdgf dgwyfncb dhf eparlqj eqh ffvsf fmzgzprth
p d iu tj e pfrbkpfq qo rp zlylvnr zwuti fitltkvgni ezpke ldwhqxldvq s sevuvz wjrzuno zomfykcq cxlczjb duv kzln touvosgb evgglho gwgswpoom izsjd tgpbrlq dmveosfpb ioathsxw mtwc qucvpsonw unxktby apqoyome bdi bwnxllobk c cqrgdgf dgwyfncb dhf eparlqj eqh ffvsf fmzgzprth hgij i idoeu iigbpplk le ni r rm rvore tqscvyhhzh usjz vvpzp vwzjpcmyy wrleknup wzyfmlkjfh xtmzg zcqiiixqb zktmvbfwtx
p d iu tj e pfrbkpfq qo rp zlylvnr zwuti fitltkvgni ezpke s sevuvz wjrzuno zomfykcq cxlczjb duv evgglho kzln ldwhqxldvq touvosgb gwgswpoom izsjd tgpbrlq dmveosfpb ioathsxw mtwc r unxktby apqoyome bwnxllobk c cqrgdgf dgwyfncb dhf eparlqj eqh ffvsf fmzgzprth hgij i idoeu iigbpplk le ni qucvpsonw rm rvore tqscvyhhzh usjz vvpzp vwzjpcmyy wrleknup wzyfmlkjfh xtmzg zcqiiixqb zktmvbfwtx
p d iu tj e pfrbkpfq qo rp zlylvnr zwuti fitltkvgni ezpke s sevuvz touvosgb wjrzuno zomfykcq cxlczjb duv evgglho kzln ldwhqxldvq gwgswpoom izsjd tgpbrlq dmveosfpb mtwc r unxktby apqoyome bwnxllobk c cqrgdgf dgwyfncb dhf eparlqj eqh ffvsf fmzgzprth hgij i idoeu iigbpplk ioathsxw le ni qucvpsonw rm rvore tqscvyhhzh usjz vvpzp vwzjpcmyy wrleknup wzyfmlkjfh xtmzg zcqiiixqb zktmvbfwtx
p d iu tj e pfrbkpfq qo rp zlylvnr zwuti fitltkvgni ezpke s sevuvz touvosgb wjrzuno zomfykcq cxlczjb duv evgglho kzln ldwhqxldvq gwgswpoom izsjd tgpbrlq dmveosfpb mtwc r unxktby apqoyome bwnxllobk c cqrgdgf dgwyfncb dhf eparlqj eqh ffvsf fmzgzprth hgij i idoeu iigbpplk ioathsxw le ni qucvpsonw rm rvore tqscvyhhzh usjz vvpzp vwzjpcmyy wrleknup wzyfmlkjfh xtmzg zcqiiixqb zktmvbfwtx
p iu d tj e qo rp zlylvnr zwuti fitltkvgni pfrbkpfq s cxlczjb ezpke sevuvz touvosgb wjrzuno zomfykcq evgglho ldwhqxldvq duv gwgswpoom izsjd kzln dmveosfpb eqh ffvsf mtwc tgpbrlq unxktby apqoyome bwnxllobk c cqrgdgf dgwyfncb dhf dpqzpzw eparlqj fmzgzprth hgij i idoeu iigbpplk ioathsxw le ni qucvpsonw r rm rvore tqscvyhhzh usjz vvpzp vwzjpcmyy wrleknup wzyfmlkjfh xtmzg zktmvbfwtx
p iu d tj e qo rp zlylvnr zwuti fitltkvgni pfrbkpfq s cxlczjb ezpke sevuvz touvosgb wjrzuno zomfykcq evgglho ldwhqxldvq duv gwgswpoom izsjd
p tj d iu e pfrbkpfq qo rp zlylvnr zwuti fitltkvgni s ezpke sevuvz touvosgb wjrzuno zomfykcq cxlczjb duv evgglho ldwhqxldvq gwgswpoom izsjd kzln dmveosfpb eqh ffvsf mtwc tgpbrlq unxktby wrleknup apqoyome bwnxllobk c cqrgdgf dgwyfncb dhf dpqzpzw eparlqj fmzgzprth hgij idoeu iigbpplk ioathsxw le ni qucvpsonw r rm rvore tqscvyhhzh usjz vvpzp vwzjpcmyy wzyfmlkjfh xtmzg zktmvbfwtx
p tj d iu e pfrbkpfq qo rp zlylvnr zwuti fitltkvgni s evgglho ezpke sevuvz touvosgb wjrzuno zomfykcq cxlczjb duv ldwhqxldvq gwgswpoom izsjd kzln dmveosfpb eqh ffvsf mtwc tgpbrlq unxktby wrleknup apqoyome c cqrgdgf dgwyfncb dhf dpqzpzw eparlqj fmzgzprth hgij idoeu iigbpplk ioathsxw le ni qucvpsonw r rm rvore tqscvyhhzh usjz vvpzp vwzjpcmyy wzyfmlkjfh xtmzg zktmvbfwtx
p tj iu d e fitltkvgni pfrbkpfq qo rp zwuti zlylvnr s sevuvz evgglho ezpke wjrzuno zomfykcq cxlczjb duv ldwhqxldvq touvosgb gwgswpoom izsjd kzln dmveosfpb eqh ffvsf
p tj iu d e fitltkvgni pfrbkpfq qo rp zlylvnr zwuti s sevuvz evgglho ezpke wjrzuno zomfykcq cxlczjb duv ldwhqxldvq touvosgb izsjd kzln dmveosfpb eqh ffvsf gwgswpoom mtwc tgpbrlq unxktby wrleknup apqoyome c cqrgdgf dgwyfncb dhf dpqzpzw eparlqj fmzgzprth hgij idoeu iigbpplk ioathsxw le lkceyemy ni qucvpsonw r rm rvore tqscvyhhzh usjz vvpzp vwzjpcmyy wzyfmlkjfh xtmzg
p tj d e iu fitltkvgni pfrbkpfq qo rp zlylvnr zwuti s sevuvz duv evgglho ezpke wjrzuno zomfykcq cxlczjb ldwhqxldvq izsjd kzln touvosgb dmveosfpb eqh ffvsf gwgswpoom mtwc tgpbrlq unxktby wrleknup apqoyome c cqrgdgf dgwyfncb dhf dpqzpzw eparlqj fmzgzprth hgij idoeu iigbpplk ioathsxw le lkceyemy ni qucvpsonw r rm rvore tqscvyhhzh usjz vvpzp vwzjpcmyy wzyfmlkjfh xtmzg
p tj d e iu fitltkvgni pfrbkpfq qo rp zlylvnr zwuti s sevuvz duv evgglho ezpke wjrzuno zomfykcq cxlczjb ldwhqxldvq izsjd kzln touvosgb dmveosfpb eqh ffvsf gwgswpoom mtwc tgpbrlq unxktby wrleknup apqoyome c cqrgdgf dgwyfncb dhf dpqzpzw eparlqj fmzgzprth hgij idoeu iigbpplk ioathsxw le lkceyemy ni qucvpsonw r rm rvore
p tj d e iu fitltkvgni pfrbkpfq qo rp zlylvnr zwuti s sevuvz duv evgglho ezpke wjrzuno zomfykcq cxlczjb ldwhqxldvq izsjd kzln touvosgb dmveosfpb eqh ffvsf gwgswpoom mtwc tgpbrlq unxktby wrleknup apqoyome c cqrgdgf dgwyfncb dhf dpqzpzw eparlqj fmzgzprth hgij idoeu iigbpplk ioathsxw le lkceyemy ni qucvpsonw r rm rvore tqscvyhhzh usjz vvpzp vwzjpcmyy wzyfmlkjfh xtmzg
p tj e iu d fitltkvgni pfrbkpfq qo rp zlylvnr zwuti ezpke wjrzuno zomfykcq duv s sevuvz evgglho ldwhqxldvq touvosgb cxlczjb izsjd
p tj iu d e fitltkvgni pfrbkpfq qo rp zlylvnr zwuti ezpke wjrzuno zomfykcq duv s sevuvz evgglho ldwhqxldvq touvosgb cxlczjb izsjd c dmveosfpb eqh ffvsf gwgswpoom kzln lkceyemy mtwc qucvpsonw r tgpbrlq unxktby wrleknup apqoyome bdi cqrgdgf dgwyfncb dhf dpqzpzw eparlqj fmzgzprth hgij idoeu iigbpplk ioathsxw le ni rm rvore tqscvyhhzh usjz wzyfmlkjfh xtmzg
p tj iu d fitltkvgni zwuti e pfrbkpfq qo rp zlylvnr zomfykcq ezpke wjrzuno duv s sevuvz evgglho touvosgb cxlczjb izsjd ldwhqxldvq c dmveosfpb eqh ffvsf gwgswpoom kzln lkceyemy mtwc qucvpsonw r tgpbrlq wrleknup apqoyome bdi cqrgdgf dhf dpqzpzw eparlqj fmzgzprth frkxvgt hgij idoeu iigbpplk ioathsxw le ni rm rvore tqscvyhhzh unxktby usjz wzyfmlkjfh xtmzg
p tj d fitltkvgni iu pfrbkpfq qo rp zwuti e ezpke zlylvnr zomfykcq duv s sevuvz wjrzuno cxlczjb evgglho touvosgb izsjd ldwhqxldvq c dmveosfpb eqh ffvsf frkxvgt gwgswpoom kzln lkceyemy mtwc qucvpsonw r tgpbrlq wrleknup apqoyome bdi cqrgdgf dhf dpqzpzw eparlqj hozijbil i idoeu iigbpplk ioathsxw le ni rm rvore tqscvyhhzh unxktby usjz wzyfmlkjfh xtmzg
p tj d fitltkvgni iu pfrbkpfq qo rp zwuti e ezpke zlylvnr zomfykcq duv cxlczjb s sevuvz wjrzuno evgglho touvosgb izsjd ldwhqxldvq c dmveosfpb eqh ffvsf frkxvgt gwgswpoom lkceyemy mtwc qucvpsonw r tgpbrlq wrleknup apqoyome bdi cqrgdgf dhf dpqzpzw eparlqj hozijbil i idoeu iigbpplk ioathsxw kzln le ni rm rvore tqscvyhhzh unxktby usjz wzyfmlkjfh xtmzg
p tj d fitltkvgni iu pfrbkpfq qo rp e ezpke zlylvnr zomfykcq zwuti duv cxlczjb sevuvz wjrzuno evgglho ldwhqxldvq s touvosgb izsjd c dmveosfpb dpqzpzw eqh ffvsf frkxvgt gwgswpoom lkceyemy mtwc qucvpsonw r tgpbrlq wrleknup apqoyome bdi cqrgdgf dhf eparlqj hozijbil i idoeu iigbpplk ioathsxw kzln le ni rm rvore tqscvyhhzh unxktby usjz wzyfmlkjfh xtmzg
p tj d fitltkvgni iu pfrbkpfq qo rp e ezpke zlylvnr zomfykcq zwuti duv cxlczjb sevuvz wjrzuno evgglho ldwhqxldvq s touvosgb izsjd c dmveosfpb dpqzpzw eqh ffvsf
p tj d fitltkvgni pfrbkpfq qo rp ezpke e iu zlylvnr zomfykcq zwuti duv cxlczjb sevuvz touvosgb wjrzuno evgglho ldwhqxldvq s izsjd c dmveosfpb dpqzpzw eqh ffvsf frkxvgt gwgswpoom lkceyemy mtwc qucvpsonw r tgpbrlq apqoyome bdi cqrgdgf dhf eparlqj hozijbil i idoeu iigbpplk ioathsxw kzln le ni rm rvore tqscvyhhzh unxktby usjz wrleknup wzyfmlkjfh xtmzg
p tj d fitltkvgni pfrbkpfq qo rp ezpke e iu
p tj d fitltkvgni pfrbkpfq qo rp ezpke e iu zlylvnr zomfykcq zwuti duv cxlczjb sevuvz touvosgb wjrzuno evgglho ldwhqxldvq s izsjd c dmveosfpb dpqzpzw eqh ffvsf frkxvgt gwgswpoom lkceyemy mtwc qucvpsonw r tgpbrlq apqoyome bdi cqrgdgf dhf eparlqj hozijbil i idoeu iigbpplk ioathsxw kzln le ni rm rvore tqscvyhhzh unxktby usjz wrleknup wzyfmlkjfh xtmzg
p tj d qo rp ezpke fitltkvgni iu pfrbkpfq zlylvnr zomfykcq zwuti duv e cxlczjb ldwhqxldvq sevuvz touvosgb wjrzuno evgglho eqh izsjd s c
p tj d qo rp ezpke fitltkvgni iu pfrbkpfq zlylvnr zomfykcq zwuti cxlczjb duv e ldwhqxldvq touvosgb sevuvz evgglho wjrzuno izsjd s bdi c dmveosfpb dpqzpzw eqh ffvsf frkxvgt gwgswpoom hozijbil lkceyemy mtwc prqfvytl qucvpsonw r tgpbrlq apqoyome cqrgdgf dhf eparlqj i ioathsxw kzln le ni njamvay rvore tqscvyhhzh unxktby usjz wrleknup wzyfmlkjfh xtmzg
p tj d qo rp fitltkvgni iu pfrbkpfq ezpke zlylvnr zomfykcq zwuti cxlczjb duv e ldwhqxldvq touvosgb evgglho sevuvz wjrzuno izsjd s bdi c dmveosfpb dpqzpzw eqh ffvsf frkxvgt gwgswpoom hozijbil lkceyemy mtwc prqfvytl qucvpsonw r tgpbrlq apqoyome cqrgdgf dhf eparlqj i ioathsxw kzln le
p tj d qo rp fitltkvgni iu pfrbkpfq ezpke zlylvnr zomfykcq zwuti cxlczjb duv e ldwhqxldvq touvosgb evgglho sevuvz wjrzuno izsjd s bdi c dmveosfpb dpqzpzw eqh ffvsf
p d tj qo rp fitltkvgni iu pfrbkpfq zlylvnr zomfykcq zwuti cxlczjb duv e ezpke ldwhqxldvq touvosgb evgglho sevuvz wjrzuno izsjd s bdi c dmveosfpb dpqzpzw eqh ffvsf frkxvgt gwgswpoom hozijbil lkceyemy mtwc prqfvytl qucvpsonw r tgpbrlq apqoyome cqrgdgf dhf eparlqj i ioathsxw kzln le ni njamvay rvore tqscvyhhzh unxktby usjz wrleknup wzyfmlkjfh xtmzg
p d tj qo rp fitltkvgni iu pfrbkpfq zlylvnr zomfykcq zwuti cxlczjb duv e ezpke ldwhqxldvq touvosgb evgglho sevuvz wjrzuno izsjd s bdi c dmveosfpb dpqzpzw eqh ffvsf frkxvgt gwgswpoom hozijbil lkceyemy mtwc prqfvytl qucvpsonw r tgpbrlq apqoyome cqrgdgf dhf eparlqj i ioathsxw kzln le ni njamvay rvore tqscvyhhzh unxktby usjz wrleknup wzyfmlkjfh xtmzg
p d tj qo rp fitltkvgni iu pfrbkpfq zlylvnr zomfykcq zwuti cxlczjb duv e ezpke ldwhqxldvq touvosgb evgglho sevuvz wjrzuno izsjd s bdi c dmveosfpb dpqzpzw eqh ffvsf frkxvgt gwgswpoom hozijbil lkceyemy mtwc prqfvytl qucvpsonw r tgpbrlq apqoyome cqrgdgf dhf eparlqj i ioathsxw kzln le ni njamvay rvore tqscvyhhzh unxktby usjz wrleknup wzyfmlkjfh xtmzg
p d tj qo rp fitltkvgni iu pfrbkpfq zlylvnr zomfykcq zwuti cxlczjb duv e ezpke ldwhqxldvq touvosgb evgglho sevuvz wjrzuno izsjd s bdi c dmveosfpb dpqzpzw eqh ffvsf frkxvgt gwgswpoom hozijbil lkceyemy mtwc prqfvytl qucvpsonw r tgpbrlq apqoyome cqrgdgf dgwyfncb dhf eparlqj i ioathsxw kzln le ni njamvay rvore tqscvyhhzh unxktby usjz wrleknup wzyfmlkjfh xtmzg
p d tj qo rp fitltkvgni iu pfrbkpfq zlylvnr zomfykcq zwuti cxlczjb duv e ezpke ldwhqxldvq touvosgb evgglho sevuvz wjrzuno izsjd s bdi c dmveosfpb dpqzpzw eqh ffvsf frkxvgt gwgswpoom hozijbil lkceyemy mtwc prqfvytl qucvpsonw r tgpbrlq apqoyome cqrgdgf dgwyfncb dhf eparlqj i ioathsxw kzln le ni njamvay rvore tqscvyhhzh unxktby usjz wrleknup wzyfmlkjfh xtmzg
p d tj qo rp fitltkvgni iu pfrbkpfq duv zlylvnr zomfykcq zwuti cxlczjb e ezpke ldwhqxldvq evgglho sevuvz touvosgb wjrzuno s bdi c dmveosfpb dpqzpzw eqh ffvsf frkxvgt gwgswpoom hozijbil izsjd lkceyemy mtwc prqfvytl qucvpsonw r tgpbrlq apqoyome cqrgdgf dgwyfncb dhf eparlqj gv i ioathsxw kzln le ni njamvay rvore tqscvyhhzh unxktby usjz wrleknup wzyfmlkjfh xtmzg
p d tj rp fitltkvgni iu pfrbkpfq qo duv zlylvnr zomfykcq zwuti cxlczjb e ezpke ldwhqxldvq evgglho sevuvz touvosgb wjrzuno s bdi c dmveosfpb dpqzpzw eqh ffvsf frkxvgt gwgswpoom hozijbil izsjd lkceyemy mtwc prqfvytl qucvpsonw r tgpbrlq apqoyome cqrgdgf dgwyfncb dhf eparlqj gv i ioathsxw kzln le ni njamvay nwphljarem rvore tqscvyhhzh unxktby wrleknup wzyfmlkjfh xtmzg yhjadnl
p tj d rp fitltkvgni iu pfrbkpfq qo duv zlylvnr zomfykcq zwuti cxlczjb e ezpke ldwhqxldvq evgglho sevuvz touvosgb wjrzuno s bdi c dmveosfpb dpqzpzw eqh ffvsf frkxvgt gwgswpoom hozijbil izsjd lkceyemy mtwc prqfvytl qucvpsonw r tgpbrlq apqoyome cqrgdgf dgwyfncb dhf eparlqj gv i ioathsxw kzln le ni njamvay nwphljarem rvore tqscvyhhzh unxktby wrleknup wzyfmlkjfh xtmzg yhjadnl
p d rp tj fitltkvgni iu pfrbkpfq qo zwuti duv zlylvnr zomfykcq cxlczjb e ezpke ldwhqxldvq
p rp tj d fitltkvgni iu pfrbkpfq qo zwuti duv zlylvnr zomfykcq cxlczjb e ezpke ldwhqxldvq evgglho sevuvz touvosgb wjrzuno frkxvgt s bdi c dmveosfpb dpqzpzw eqh ffvsf gwgswpoom hozijbil izsjd lkceyemy mtwc prqfvytl qucvpsonw r tgpbrlq akmplqr apqoyome cqrgdgf dgwyfncb dhf eparlqj gv i ioathsxw kzln le ni njamvay nwphljarem rvore tqscvyhhzh unxktby wrleknup wzyfmlkjfh xtmzg yhjadnl
p pfrbkpfq rp tj d fitltkvgni iu qo zwuti duv zlylvnr zomfykcq cxlczjb e ezpke touvosgb evgglho ldwhqxldvq sevuvz wjrzuno frkxvgt s bdi c dmveosfpb dpqzpzw eqh ffvsf gwgswpoom hozijbil izsjd lkceyemy mtwc prqfvytl qucvpsonw r tgpbrlq akmplqr apqoyome cqrgdgf dgwyfncb dhf eparlqj gv i ioathsxw kzln le ni njamvay nwphljarem tqscvyhhzh unxktby wrleknup wzyfmlkjfh xtmzg yhjadnl
p pfrbkpfq rp tj d fitltkvgni iu qo zomfykcq duv zlylvnr zwuti e ezpke sevuvz touvosgb cxlczjb evgglho ldwhqxldvq wjrzuno frkxvgt s bdi c dmveosfpb dpqzpzw eqh ffvsf gwgswpoom hozijbil izsjd lkceyemy mtwc prqfvytl qucvpsonw r tgpbrlq akmplqr apqoyome cqrgdgf dgwyfncb dhf eparlqj gv i ioathsxw kzln le njamvay nwphljarem tqscvyhhzh unxktby wrleknup wzyfmlkjfh xtmzg yhjadnl
p pfrbkpfq
p pfrbkpfq rp tj d duv iu qo zomfykcq fitltkvgni touvosgb zlylvnr zwuti e evgglho ezpke sevuvz cxlczjb ldwhqxldvq wjrzuno frkxvgt s bdi dmveosfpb dpqzpzw eqh ffvsf hozijbil izsjd lkceyemy mtwc prqfvytl qucvpsonw r tgpbrlq akmplqr apqoyome c cqrgdgf dgwyfncb dhf eparlqj gv gwgswpoom i ioathsxw kzln le njamvay nwphljarem tqscvyhhzh unxktby wrleknup wzyfmlkjfh xtmzg yhjadnl
p duv pfrbkpfq rp d iu qo tj zomfykcq fitltkvgni touvosgb zlylvnr zwuti evgglho ezpke sevuvz cxlczjb e ldwhqxldvq wjrzuno frkxvgt hozijbil s bdi dmveosfpb dpqzpzw eqh ffvsf izsjd lkceyemy mtwc prqfvytl qucvpsonw r tgpbrlq akmplqr apqoyome c cqrgdgf dgwyfncb dhf eparlqj gv gwgswpoom i ioathsxw kzln le njamvay nwphljarem tqscvyhhzh unxktby wrleknup wzyfmlkjfh xtmzg yhjadnl
p duv pfrbkpfq rp d iu qo tj zomfykcq fitltkvgni touvosgb zlylvnr zwuti evgglho ezpke sevuvz cxlczjb e ldwhqxldvq wjrzuno frkxvgt hozijbil s bdi dmveosfpb dpqzpzw eqh ffvsf izsjd lkceyemy mtwc prqfvytl qucvpsonw r tgpbrlq akmplqr apqoyome c cqrgdgf dgwyfncb dhf eparlqj gv gwgswpoom i ioathsxw kzln le njamvay nwphljarem tqscvyhhzh unxktby wrleknup wzyfmlkjfh xtmzg yhjadnl
p duv pfrbkpfq
p duv pfrbkpfq qo rp tj sevuvz zomfykcq iu touvosgb zwuti d evgglho ezpke fitltkvgni zlylvnr cxlczjb e ldwhqxldvq wjrzuno frkxvgt hozijbil s bdi dmveosfpb dpqzpzw eqh ffvsf izsjd lkceyemy mtwc prqfvytl qucvpsonw r tgpbrlq akmplqr apqoyome c cqrgdgf dgwyfncb dhf eparlqj gv gwgswpoom i ioathsxw kzln le njamvay nwphljarem tqscvyhhzh unxktby wrleknup wzyfmlkjfh xtmzg y yhjadnl zcqiiixqb
p tj duv pfrbkpfq qo rp sevuvz zomfykcq evgglho iu touvosgb zwuti d ezpke fitltkvgni zlylvnr cxlczjb e ldwhqxldvq wjrzuno frkxvgt hozijbil s bdi dmveosfpb dpqzpzw eqh ffvsf izsjd lkceyemy mtwc prqfvytl qucvpsonw r tgpbrlq akmplqr apqoyome c cqrgdgf dgwyfncb dhf eparlqj gv gwgswpoom i ioathsxw le njamvay nwphljarem tqscvyhhzh unxktby wrleknup wzyfmlkjfh y yhjadnl zcqiiixqb
p pfrbkpfq tj duv qo rp sevuvz zomfykcq evgglho iu touvosgb zwuti fitltkvgni zlylvnr cxlczjb d e ezpke ldwhqxldvq wjrzuno frkxvgt gv hozijbil s bdi dmveosfpb dpqzpzw eqh ffvsf izsjd lkceyemy mtwc prqfvytl qucvpsonw r tgpbrlq akmplqr c cqrgdgf dgwyfncb dhf eparlqj gwgswpoom i ioathsxw le njamvay nwphljarem tqscvyhhzh unxktby wrleknup wzyfmlkjfh y yhjadnl zcqiiixqb
p pfrbkpfq tj duv qo rp zomfykcq sevuvz evgglho iu touvosgb zwuti ezpke fitltkvgni cxlczjb e ldwhqxldvq zlylvnr d wjrzuno frkxvgt gv hozijbil bdi dmveosfpb dpqzpzw eqh ffvsf izsjd lkceyemy mtwc prqfvytl qucvpsonw r s tgpbrlq akmplqr c cqrgdgf dgwyfncb dhf eparlqj gwgswpoom i ioathsxw kzln le njamvay nwphljarem tqscvyhhzh unxktby wrleknup wzyfmlkjfh y yhjadnl zcqiiixqb
p tj pfrbkpfq duv qo rp zomfykcq sevuvz evgglho iu touvosgb zwuti ezpke fitltkvgni cxlczjb e ldwhqxldvq zlylvnr d wjrzuno frkxvgt gv hozijbil bdi dmveosfpb dpqzpzw eqh ffvsf izsjd lkceyemy mtwc prqfvytl qucvpsonw r s tgpbrlq akmplqr c cqrgdgf dgwyfncb dhf eparlqj gwgswpoom i ioathsxw kzln le njamvay nwphljarem unxktby wrleknup wzyfmlkjfh y yhjadnl zcqiiixqb
p tj pfrbkpfq rp duv sevuvz zomfykcq evgglho fitltkvgni iu qo touvosgb zwuti cxlczjb ezpke e ldwhqxldvq zlylvnr d wjrzuno frkxvgt gv hozijbil bdi dmveosfpb dpqzpzw eqh ffvsf izsjd lkceyemy mtwc prqfvytl qucvpsonw r s tgpbrlq akmplqr c cqrgdgf dgwyfncb dhf eparlqj gwgswpoom i ioathsxw kzln le njamvay nwphljarem unxktby wrleknup wzyfmlkjfh y yhjadnl zcqiiixqb
p tj pfrbkpfq rp duv sevuvz zomfykcq evgglho fitltkvgni iu qo touvosgb zwuti cxlczjb ezpke e ldwhqxldvq zlylvnr d wjrzuno frkxvgt gv hozijbil bdi dmveosfpb dpqzpzw eqh ffvsf izsjd lkceyemy mtwc prqfvytl qucvpsonw r s tgpbrlq akmplqr c cqrgdgf dgwyfncb dhf eparlqj gwgswpoom i ioathsxw kzln le njamvay nwphljarem unxktby wrleknup wzyfmlkjfh y yhjadnl zcqiiixqb
p tj pfrbkpfq duv rp sevuvz zomfykcq evgglho fitltkvgni iu qo touvosgb zwuti cxlczjb ezpke e ldwhqxldvq zlylvnr d wjrzuno frkxvgt gv hozijbil bdi dmveosfpb dpqzpzw eqh ffvsf izsjd lkceyemy mtwc prqfvytl qucvpsonw r s tgpbrlq akmplqr c cqrgdgf dgwyfncb dhf eparlqj gwgswpoom i ioathsxw kzln le njamvay nwphljarem tqscvyhhzh unxktby wrleknup wzyfmlkjfh y yhjadnl zcqiiixqb
p tj pfrbkpfq duv rp sevuvz zomfykcq evgglho fitltkvgni iu qo touvosgb zwuti cxlczjb ezpke e ldwhqxldvq zlylvnr d wjrzuno frkxvgt gv hozijbil bdi dmveosfpb dpqzpzw eqh ffvsf izsjd lkceyemy mtwc prqfvytl qucvpsonw r s tgpbrlq akmplqr c cqrgdgf dgwyfncb dhf eparlqj gwgswpoom i ioathsxw kzln le njamvay nwphljarem tqscvyhhzh unxktby wrleknup wzyfmlkjfh y yhjadnl zcqiiixqb
p tj pfrbkpfq duv rp sevuvz zomfykcq evgglho fitltkvgni iu qo touvosgb zwuti cxlczjb ezpke e ldwhqxldvq zlylvnr d wjrzuno frkxvgt gv hozijbil bdi dmveosfpb dpqzpzw eqh ffvsf izsjd lkceyemy mtwc prqfvytl qucvpsonw r s tgpbrlq akmplqr c cqrgdgf dgwyfncb dhf eparlqj gwgswpoom i ioathsxw kzln le njamvay nwphljarem tqscvyhhzh unxktby wrleknup wzyfmlkjfh y yhjadnl zcqiiixqb
p tj pfrbkpfq duv rp sevuvz zomfykcq evgglho fitltkvgni iu qo touvosgb zwuti cxlczjb ezpke e ldwhqxldvq zlylvnr d wjrzuno frkxvgt gv hozijbil bdi dmveosfpb dpqzpzw eqh ffvsf izsjd lkceyemy mtwc prqfvytl qucvpsonw r s tgpbrlq akmplqr c cqrgdgf dgwyfncb dhf eparlqj gwgswpoom i ioathsxw kzln le njamvay nwphljarem tqscvyhhzh unxktby wrleknup wzyfmlkjfh y yhjadnl zcqiiixqb
p tj pfrbkpfq duv rp sevuvz zomfykcq evgglho fitltkvgni iu qo touvosgb zwuti cxlczjb ezpke e ldwhqxldvq zlylvnr d wjrzuno frkxvgt gv hozijbil bdi dmveosfpb dpqzpzw eqh ffvsf izsjd lkceyemy mtwc prqfvytl qucvpsonw r s tgpbrlq akmplqr c cqrgdgf dgwyfncb dhf eparlqj gwgswpoom i ioathsxw kzln le njamvay nwphljarem tqscvyhhzh unxktby wrleknup wzyfmlkjfh y yhjadnl zcqiiixqb
p pfrbkpfq tj duv rp sevuvz zomfykcq zwuti evgglho fitltkvgni qo touvosgb cxlczjb ezpke iu e ldwhqxldvq zlylvnr d wjrzuno frkxvgt gv hozijbil bdi dmveosfpb dpqzpzw eqh ffvsf izsjd lkceyemy mtwc prqfvytl qucvpsonw r s unxktby akmplqr c cqrgdgf dgwyfncb dhf eparlqj gwgswpoom i ioathsxw kzln le njamvay nwphljarem tgpbrlq tqscvyhhzh wrleknup wzyfmlkjfh y yhjadnl zcqiiixqb
p duv pfrbkpfq tj rp zomfykcq sevuvz zwuti evgglho ezpke fitltkvgni touvosgb cxlczjb iu qo e ldwhqxldvq zlylvnr d wjrzuno frkxvgt gv hozijbil bdi dgwyfncb dmveosfpb dpqzpzw eqh ffvsf izsjd lkceyemy prqfvytl qucvpsonw r unxktby akmplqr c cqrgdgf dhf eparlqj gwgswpoom i ioathsxw kzln le mtwc njamvay nwphljarem s tgpbrlq tqscvyhhzh wrleknup wzyfmlkjfh y yhjadnl zcqiiixqb
p duv pfrbkpfq tj rp zomfykcq sevuvz zwuti evgglho ezpke fitltkvgni touvosgb cxlczjb iu qo zlylvnr e d ldwhqxldvq wjrzuno frkxvgt gv hozijbil bdi dgwyfncb dmveosfpb dpqzpzw eqh ffvsf izsjd lkceyemy prqfvytl qucvpsonw r unxktby akmplqr c cqrgdgf dhf eparlqj gwgswpoom i ioathsxw kzln le mtwc njamvay nwphljarem s tgpbrlq tqscvyhhzh wrleknup wzyfmlkjfh y yhjadnl zcqiiixqb
p duv pfrbkpfq tj rp zomfykcq sevuvz zwuti evgglho ezpke fitltkvgni touvosgb cxlczjb iu qo zlylvnr e wjrzuno d ldwhqxldvq frkxvgt gv hozijbil bdi dgwyfncb dmveosfpb dpqzpzw eqh ffvsf lkceyemy prqfvytl qucvpsonw r unxktby akmplqr c cqrgdgf dhf eparlqj gwgswpoom i ioathsxw izsjd kzln le mtwc njamvay nwphljarem s tgpbrlq tqscvyhhzh wrleknup wzyfmlkjfh y yhjadnl zcqiiixqb
p duv pfrbkpfq tj rp zomfykcq sevuvz zwuti evgglho ezpke fitltkvgni touvosgb cxlczjb iu qo zlylvnr e wjrzuno d ldwhqxldvq frkxvgt gv hozijbil bdi dgwyfncb dmveosfpb dpqzpzw eqh ffvsf lkceyemy prqfvytl qucvpsonw r unxktby akmplqr c cqrgdgf dhf eparlqj gwgswpoom i ioathsxw izsjd kzln le mtwc njamvay nwphljarem s tgpbrlq tqscvyhhzh wrleknup wzyfmlkjfh y yhjadnl zcqiiixqb
p duv pfrbkpfq tj rp zomfykcq evgglho sevuvz zwuti ezpke fitltkvgni touvosgb cxlczjb iu qo zlylvnr e wjrzuno d ldwhqxldvq frkxvgt gv hozijbil bdi dgwyfncb dmveosfpb dpqzpzw eqh ffvsf lkceyemy prqfvytl qucvpsonw r unxktby akmplqr c cqrgdgf dhf eparlqj gwgswpoom i ioathsxw izsjd kzln le mtwc njamvay nwphljarem s tgpbrlq tqscvyhhzh wrleknup wzyfmlkjfh y yhjadnl
p duv pfrbkpfq tj rp zomfykcq evgglho zwuti cxlczjb ezpke fitltkvgni qo sevuvz touvosgb iu zlylvnr e wjrzuno d ldwhqxldvq frkxvgt gv hozijbil bdi dgwyfncb dmveosfpb dpqzpzw eqh ffvsf lkceyemy prqfvytl r unxktby
p duv tj pfrbkpfq rp zomfykcq evgglho zwuti cxlczjb ezpke fitltkvgni qo sevuvz touvosgb iu zlylvnr e wjrzuno d ldwhqxldvq frkxvgt gv hozijbil bdi dgwyfncb dmveosfpb dpqzpzw eqh ffvsf lkceyemy prqfvytl r unxktby akmplqr c cqrgdgf dhf eparlqj gwgswpoom i ioathsxw izsjd kzln le mtwc njamvay nwphljarem oggisf qucvpsonw s tgpbrlq tqscvyhhzh wrleknup wzyfmlkjfh y yhjadnl zcqiiixqb
p duv tj pfrbkpfq rp zomfykcq evgglho zwuti cxlczjb ezpke fitltkvgni qo sevuvz touvosgb iu e wjrzuno zlylvnr d ldwhqxldvq frkxvgt gv hozijbil bdi dgwyfncb dmveosfpb dpqzpzw eqh ffvsf lkceyemy prqfvytl r tgpbrlq unxktby akmplqr c cqrgdgf dhf eparlqj gwgswpoom i ioathsxw izsjd kzln le mtwc njamvay nwphljarem oggisf qucvpsonw s tqscvyhhzh wrleknup wzyfmlkjfh y yhjadnl zcqiiixqb
p duv tj pfrbkpfq rp zomfykcq evgglho zwuti cxlczjb ezpke qo sevuvz touvosgb e fitltkvgni iu wjrzuno d ldwhqxldvq zlylvnr dgwyfncb frkxvgt gv hozijbil bdi dmveosfpb dpqzpzw eqh ffvsf lkceyemy prqfvytl r tgpbrlq unxktby akmplqr apqoyome c cqrgdgf dhf eparlqj gwgswpoom i ioathsxw izsjd kzln le njamvay nwphljarem oggisf qucvpsonw ru s tqscvyhhzh wrleknup wzyfmlkjfh y yhjadnl zcqiiixqb
p duv tj pfrbkpfq rp zomfykcq evgglho zwuti cxlczjb ezpke qo sevuvz touvosgb e fitltkvgni iu wjrzuno d ldwhqxldvq zlylvnr dgwyfncb frkxvgt gv hozijbil bdi dmveosfpb dpqzpzw eqh ffvsf
p duv tj pfrbkpfq rp zomfykcq evgglho zwuti cxlczjb ezpke qo sevuvz touvosgb e iu fitltkvgni wjrzuno d ldwhqxldvq zlylvnr dgwyfncb frkxvgt gv hozijbil bdi dmveosfpb dpqzpzw eqh ffvsf kzln lkceyemy prqfvytl r tgpbrlq unxktby akmplqr apqoyome c cqrgdgf dhf eparlqj gwgswpoom i ioathsxw izsjd le njamvay nwphljarem oggisf qucvpsonw ru s tqscvyhhzh wrleknup wzyfmlkjfh y yhjadnl zcqiiixqb
duv p tj pfrbkpfq zomfykcq evgglho rp zwuti cxlczjb ezpke qo sevuvz touvosgb e iu fitltkvgni wjrzuno d ldwhqxldvq zlylvnr dgwyfncb frkxvgt gv hozijbil bdi dmveosfpb dpqzpzw eqh ffvsf kzln lkceyemy prqfvytl r tgpbrlq unxktby akmplqr apqoyome c cqrgdgf dhf eparlqj fmzgzprth gwgswpoom i ioathsxw izsjd le njamvay nwphljarem oggisf q qucvpsonw ru s tqscvyhhzh wrleknup wzyfmlkjfh y yhjadnl zcqiiixqb
duv p tj pfrbkpfq zomfykcq evgglho rp zwuti cxlczjb ezpke qo sevuvz touvosgb e iu fitltkvgni wjrzuno d ldwhqxldvq zlylvnr dgwyfncb frkxvgt gv hozijbil bdi dmveosfpb dpqzpzw eqh ffvsf kzln lkceyemy prqfvytl r tgpbrlq unxktby akmplqr apqoyome c cqrgdgf dhf eparlqj fmzgzprth gwgswpoom i
duv p tj pfrbkpfq zomfykcq cxlczjb evgglho rp zwuti ezpke qo sevuvz touvosgb e iu fitltkvgni wjrzuno d ldwhqxldvq zlylvnr dgwyfncb frkxvgt gv hozijbil bdi dmveosfpb dpqzpzw eqh ffvsf kzln lkceyemy prqfvytl r tgpbrlq akmplqr apqoyome c cqrgdgf dhf eparlqj fmzgzprth gwgswpoom i ioathsxw izsjd le njamvay nwphljarem oggisf q qucvpsonw ru s tqscvyhhzh unxktby wrleknup wzyfmlkjfh y yhjadnl zcqiiixqb
duv p tj pfrbkpfq
duv p tj pfrbkpfq evgglho touvosgb zomfykcq zwuti cxlczjb ezpke sevuvz iu qo rp e fitltkvgni ldwhqxldvq wjrzuno zlylvnr d dgwyfncb frkxvgt gv hozijbil r bdi dpqzpzw eqh ffvsf kzln lkceyemy prqfvytl tgpbrlq akmplqr apqoyome c cqrgdgf dhf dmveosfpb eparlqj fmzgzprth i ioathsxw izsjd le njamvay nwphljarem oggisf q qucvpsonw ru rudqard s tqscvyhhzh unxktby uqugswpd vwzjpcmyy wrleknup wzyfmlkjfh x y yhjadnl zcqiiixqb
duv p tj evgglho pfrbkpfq touvosgb zomfykcq zwuti cxlczjb ezpke sevuvz iu qo rp e fitltkvgni ldwhqxldvq wjrzuno zlylvnr d dgwyfncb frkxvgt gv hozijbil r tgpbrlq bdi dpqzpzw eqh ffvsf kzln lkceyemy prqfvytl akmplqr apqoyome c cqrgdgf dhf dmveosfpb eparlqj fmzgzprth i ioathsxw izsjd le njamvay nwphljarem oggisf q qucvpsonw ru rudqard s tqscvyhhzh unxktby uqugswpd vwzjpcmyy wrleknup wzyfmlkjfh x y yhjadnl zcqiiixqb
duv p tj evgglho pfrbkpfq touvosgb zomfykcq zwuti cxlczjb ezpke sevuvz iu qo rp e fitltkvgni ldwhqxldvq wjrzuno zlylvnr d dgwyfncb frkxvgt gv hozijbil r tgpbrlq bdi dpqzpzw eqh ffvsf kzln lkceyemy prqfvytl akmplqr apqoyome c cqrgdgf dhf dmveosfpb eparlqj fmzgzprth i ioathsxw izsjd le njamvay nwphljarem oggisf q qucvpsonw ru rudqard s tqscvyhhzh unxktby uqugswpd vwzjpcmyy wrleknup wzyfmlkjfh x y yhjadnl zcqiiixqb
p duv tj evgglho pfrbkpfq touvosgb zomfykcq zwuti cxlczjb ezpke sevuvz iu qo rp fitltkvgni ldwhqxldvq wjrzuno zlylvnr d e dgwyfncb frkxvgt gv hozijbil r tgpbrlq bdi dpqzpzw eqh ffvsf kzln lkceyemy prqfvytl akmplqr apqoyome c cqrgdgf dhf dmveosfpb eparlqj
p duv tj evgglho pfrbkpfq touvosgb cxlczjb ezpke sevuvz zomfykcq iu qo rp zwuti fitltkvgni ldwhqxldvq wjrzuno zlylvnr tgpbrlq d dgwyfncb e eqh frkxvgt gv hozijbil r bdi dpqzpzw ffvsf kzln lkceyemy oggisf prqfvytl unxktby akmplqr apqoyome c cqrgdgf dhf dmveosfpb eparlqj eubtcdzixp fmzgzprth i ioathsxw izsjd le njamvay nwphljarem q qucvpsonw ru rudqard s tqscvyhhzh uqugswpd vwzjpcmyy wrleknup wzyfmlkjfh x y yhjadnl zcqiiixqb
p duv tj evgglho pfrbkpfq touvosgb cxlczjb ezpke sevuvz zomfykcq iu qo rp zwuti fitltkvgni ldwhqxldvq wjrzuno zlylvnr tgpbrlq d dgwyfncb e eqh frkxvgt gv
p duv tj evgglho pfrbkpfq touvosgb cxlczjb ezpke sevuvz zomfykcq iu qo rp zwuti fitltkvgni ldwhqxldvq wjrzuno zlylvnr tgpbrlq d dgwyfncb e eqh frkxvgt gv hozijbil r bdi dpqzpzw ffvsf kzln lkceyemy oggisf prqfvytl unxktby akmplqr apqoyome c cqrgdgf dhf dmveosfpb eparlqj eubtcdzixp fmzgzprth i ioathsxw izsjd le njamvay nwphljarem q qucvpsonw ru rudqard s tqscvyhhzh uqugswpd vwzjpcmyy wrleknup wzyfmlkjfh x y yhjadnl zcqiiixqb
p duv tj evgglho pfrbkpfq touvosgb cxlczjb ezpke sevuvz zomfykcq iu qo rp zwuti fitltkvgni ldwhqxldvq wjrzuno zlylvnr tgpbrlq d dgwyfncb eqh frkxvgt gv hozijbil r bdi dpqzpzw e ffvsf kzln lkceyemy oggisf prqfvytl unxktby akmplqr apqoyome c cqrgdgf dhf dmveosfpb eparlqj eubtcdzixp fmzgzprth i ioathsxw izsjd le njamvay nwphljarem q qucvpsonw ru rudqard s tqscvyhhzh uqugswpd vwzjpcmyy wrleknup wzyfmlkjfh x y yhjadnl zcqiiixqb zxepwz
duv p tj evgglho pfrbkpfq qo touvosgb cxlczjb zomfykcq zwuti ezpke ldwhqxldvq rp sevuvz fitltkvgni iu wjrzuno tgpbrlq zlylvnr d dgwyfncb eqh frkxvgt gv hozijbil r bdi dpqzpzw e ffvsf kzln lkceyemy oggisf prqfvytl q qucvpsonw unxktby akmplqr apqoyome c cqrgdgf dhf dmveosfpb eubtcdzixp fmzgzprth i izsjd le njamvay nwphljarem ru rudqard s tqscvyhhzh uqugswpd vwzjpcmyy wrleknup wzyfmlkjfh x y yhjadnl zcqiiixqb zxepwz
duv p tj evgglho pfrbkpfq qo touvosgb cxlczjb zomfykcq zwuti ezpke ldwhqxldvq rp sevuvz fitltkvgni iu wjrzuno tgpbrlq zlylvnr d dgwyfncb eqh frkxvgt gv hozijbil r bdi dpqzpzw e ffvsf kzln lkceyemy oggisf prqfvytl q qucvpsonw unxktby akmplqr apqoyome c cqrgdgf dhf dmveosfpb eubtcdzixp fmzgzprth i izsjd le njamvay nwphljarem ru rudqard s tqscvyhhzh uqugswpd vwzjpcmyy wrleknup wzyfmlkjfh x y yhjadnl zcqiiixqb zxepwz
duv p evgglho tj pfrbkpfq qo touvosgb zwuti cxlczjb zomfykcq ldwhqxldvq rp sevuvz ezpke fitltkvgni iu wjrzuno tgpbrlq zlylvnr d dgwyfncb eqh frkxvgt gv hozijbil r bdi dpqzpzw e ffvsf kzln lkceyemy oggisf prqfvytl q qucvpsonw s unxktby akmplqr apqoyome bmmrovrevo c cqrgdgf dmveosfpb eubtcdzixp fmzgzprth i izsjd le njamvay nwphljarem ru rudqard tqscvyhhzh uqugswpd vwzjpcmyy wrleknup wzyfmlkjfh x y yhjadnl zcqiiixqb zxepwz
duv p evgglho pfrbkpfq tj qo touvosgb zwuti cxlczjb zomfykcq ldwhqxldvq rp sevuvz ezpke fitltkvgni wjrzuno iu tgpbrlq zlylvnr d dgwyfncb eqh frkxvgt gv hozijbil r bdi dpqzpzw e ffvsf kzln lkceyemy oggisf prqfvytl q qucvpsonw s unxktby akmplqr apqoyome bmmrovrevo c cqrgdgf dmveosfpb eubtcdzixp fmzgzprth i izsjd le njamvay nwphljarem ru rudqard tqscvyhhzh uqugswpd vwzjpcmyy wrleknup wzyfmlkjfh x y yhjadnl zcqiiixqb zxepwz
p duv evgglho qo tj pfrbkpfq touvosgb zwuti cxlczjb ldwhqxldvq zomfykcq rp sevuvz ezpke fitltkvgni wjrzuno iu tgpbrlq zlylvnr d dgwyfncb eqh frkxvgt gv hozijbil r bdi dpqzpzw e ffvsf kzln le lkceyemy oggisf prqfvytl q qucvpsonw s unxktby akmplqr apqoyome bmmrovrevo c cqrgdgf eubtcdzixp fmzgzprth i izsjd njamvay nwphljarem ru rudqard tqscvyhhzh uqugswpd vwzjpcmyy wrleknup wzyfmlkjfh x y yhjadnl zcqiiixqb zxepwz
duv evgglho p tj pfrbkpfq qo touvosgb zwuti cxlczjb ldwhqxldvq sevuvz zomfykcq ezpke fitltkvgni wjrzuno zlylvnr iu rp tgpbrlq d dgwyfncb e eqh frkxvgt gv hozijbil r bdi dpqzpzw ffvsf kzln le lkceyemy oggisf prqfvytl q qucvpsonw s unxktby akmplqr apqoyome bmmrovrevo c cqrgdgf eubtcdzixp fmzgzprth i izsjd njamvay nwphljarem ru rudqard tqscvyhhzh uqugswpd vwzjpcmyy wrleknup wzyfmlkjfh x y yhjadnl zcqiiixqb zxepwz
evgglho duv p pfrbkpfq qo tj
evgglho duv p pfrbkpfq qo tj touvosgb zomfykcq zwuti cxlczjb ldwhqxldvq sevuvz ezpke fitltkvgni zlylvnr iu rp tgpbrlq wjrzuno d dgwyfncb e eqh frkxvgt gv hozijbil r bdi dpqzpzw kzln le lkceyemy oggisf
evgglho duv p pfrbkpfq qo tj touvosgb zomfykcq zwuti cxlczjb ldwhqxldvq sevuvz ezpke fitltkvgni zlylvnr iu rp tgpbrlq wjrzuno d dgwyfncb e eqh frkxvgt gv hozijbil r bdi dpqzpzw kzln le lkceyemy oggisf prqfvytl q qucvpsonw s unxktby akmplqr apqoyome bmmrovrevo c cqrgdgf eubtcdzixp ffvsf fmzgzprth i izsjd ni njamvay nwphljarem ru rudqard tqscvyhhzh uqugswpd vwzjpcmyy wrleknup wzyfmlkjfh x y
evgglho duv p pfrbkpfq qo tj touvosgb zomfykcq zwuti cxlczjb ldwhqxldvq sevuvz ezpke fitltkvgni zlylvnr iu rp tgpbrlq wjrzuno d dgwyfncb e eqh frkxvgt gv hozijbil r bdi dpqzpzw kzln le lkceyemy oggisf prqfvytl q qucvpsonw s unxktby akmplqr apqoyome bmmrovrevo c cqrgdgf eubtcdzixp ffvsf fmzgzprth i izsjd ni njamvay nwphljarem ru rudqard tqscvyhhzh uqugswpd vwzjpcmyy wrleknup wzyfmlkjfh x y yhjadnl zcqiiixqb zxepwz
evgglho duv touvosgb p qo tj zomfykcq zwuti cxlczjb ldwhqxldvq pfrbkpfq ezpke fitltkvgni sevuvz zlylvnr iu rp tgpbrlq wjrzuno d dgwyfncb e eqh frkxvgt gv hozijbil r bdi dpqzpzw kzln le lkceyemy oggisf prqfvytl q qucvpsonw s unxktby akmplqr apqoyome bmmrovrevo c cqrgdgf eubtcdzixp ffvsf fmzgzprth fuw i izsjd ni njamvay nwphljarem ru rudqard tqscvyhhzh uqugswpd vwzjpcmyy wrleknup wzyfmlkjfh x y yhjadnl zcqiiixqb zxepwz
evgglho duv touvosgb p qo tj zomfykcq zwuti cxlczjb ldwhqxldvq pfrbkpfq ezpke sevuvz fitltkvgni zlylvnr iu rp tgpbrlq wjrzuno d dgwyfncb e eqh frkxvgt gv hozijbil kzln r bdi dpqzpzw le lkceyemy oggisf prqfvytl q qucvpsonw s unxktby
evgglho touvosgb duv p qo tj zomfykcq zwuti cxlczjb ldwhqxldvq pfrbkpfq ezpke sevuvz fitltkvgni zlylvnr rp tgpbrlq wjrzuno d dgwyfncb e eqh frkxvgt gv hozijbil iu kzln r bdi dpqzpzw le lkceyemy oggisf prqfvytl q qucvpsonw s unxktby akmplqr apqoyome bmmrovrevo c cqrgdgf eubtcdzixp ffvsf fmzgzprth fuw i izsjd ni njamvay nwphljarem rm ru rudqard tqscvyhhzh uqugswpd vwzjpcmyy wrleknup x y yhjadnl zcqiiixqb zxepwz
evgglho touvosgb duv p qo tj zomfykcq zwuti cxlczjb ldwhqxldvq pfrbkpfq ezpke sevuvz fitltkvgni zlylvnr rp tgpbrlq wjrzuno d dgwyfncb e eqh frkxvgt gv hozijbil iu kzln r bdi dpqzpzw le lkceyemy oggisf prqfvytl q qucvpsonw s unxktby akmplqr apqoyome bmmrovrevo c cqrgdgf eubtcdzixp ffvsf fmzgzprth fuw i izsjd ni njamvay nwphljarem rm ru rudqard tqscvyhhzh uqugswpd vwzjpcmyy wrleknup x y yhjadnl zcqiiixqb zxepwz
evgglho touvosgb duv p qo tj
evgglho touvosgb duv p tj zomfykcq zwuti cxlczjb ldwhqxldvq pfrbkpfq ezpke qo sevuvz fitltkvgni wjrzuno zlylvnr frkxvgt kzln rp tgpbrlq d dgwyfncb e eqh gv hozijbil r bdi dpqzpzw iu le lkceyemy oggisf prqfvytl q qucvpsonw s unxktby akmplqr apqoyome bmmrovrevo c cqrgdgf eubtcdzixp ffvsf fmzgzprth fuw i izsjd lo ni njamvay nwphljarem rm ru rudqard tqscvyhhzh uqugswpd vwzjpcmyy wrleknup x y yhjadnl zcqiiixqb zxepwz
evgglho touvosgb duv p tj zomfykcq zwuti cxlczjb ldwhqxldvq pfrbkpfq ezpke qo sevuvz fitltkvgni wjrzuno zlylvnr frkxvgt kzln rp tgpbrlq d dgwyfncb e eqh gv hozijbil r bdi dpqzpzw iu le lkceyemy oggisf prqfvytl q qucvpsonw s unxktby akmplqr apqoyome bmmrovrevo c cqrgdgf eubtcdzixp
evgglho touvosgb duv p tj zomfykcq zwuti cxlczjb ldwhqxldvq pfrbkpfq ezpke qo sevuvz fitltkvgni wjrzuno zlylvnr frkxvgt kzln rp tgpbrlq d dgwyfncb e eqh gv hozijbil r bdi dpqzpzw iu le lkceyemy oggisf prqfvytl q qucvpsonw s unxktby akmplqr apqoyome bmmrovrevo c eubtcdzixp ffvsf fmzgzprth fpafreqkln fuw i izsjd lo ni njamvay nwphljarem rm ru rudqard tqscvyhhzh uqugswpd vwzjpcmyy wrleknup x y yhjadnl zcqiiixqb zxepwz
evgglho touvosgb duv p zomfykcq zwuti cxlczjb pfrbkpfq tj ezpke fitltkvgni ldwhqxldvq qo sevuvz wjrzuno zlylvnr frkxvgt kzln rp tgpbrlq d dgwyfncb e eqh gv hozijbil qucvpsonw r bdi dpqzpzw iu lkceyemy oggisf prqfvytl q s unxktby akmplqr apqoyome bmmrovrevo c dmveosfpb eubtcdzixp ffvsf fmzgzprth fpafreqkln fuw i izsjd le lo ni njamvay nwphljarem rm ru rudqard tqscvyhhzh uqugswpd vwzjpcmyy wrleknup x y yhjadnl zcqiiixqb zxepwz
touvosgb evgglho zomfykcq zwuti cxlczjb duv ezpke p pfrbkpfq fitltkvgni ldwhqxldvq qo sevuvz tj wjrzuno d e frkxvgt kzln rp tgpbrlq zlylvnr dgwyfncb eqh gv hozijbil oggisf qucvpsonw r bdi dmveosfpb dpqzpzw fuw iu lkceyemy prqfvytl q s unxktby akmplqr apqoyome bmmrovrevo c eubtcdzixp ffvsf fmzgzprth fpafreqkln i le lo ni njamvay nwphljarem rm ru rudqard tqscvyhhzh uqugswpd vwzjpcmyy wrleknup x y yhjadnl zcqiiixqb zxepwz
touvosgb evgglho zomfykcq zwuti cxlczjb duv ezpke p pfrbkpfq fitltkvgni ldwhqxldvq qo sevuvz tj wjrzuno d e frkxvgt kzln rp tgpbrlq zlylvnr dgwyfncb eqh gv hozijbil oggisf qucvpsonw r bdi dmveosfpb dpqzpzw fuw iu lkceyemy prqfvytl q s unxktby akmplqr apqoyome bmmrovrevo c eubtcdzixp ffvsf fmzgzprth fpafreqkln i le lo ni njamvay nwphljarem rm ru rudqard tqscvyhhzh uqugswpd vwzjpcmyy wrleknup x y yhjadnl zcqiiixqb zxepwz
touvosgb evgglho zomfykcq zwuti cxlczjb duv ezpke p pfrbkpfq fitltkvgni ldwhqxldvq qo sevuvz tj wjrzuno d e frkxvgt kzln rp tgpbrlq zlylvnr dgwyfncb eqh gv hozijbil oggisf qucvpsonw r bdi dmveosfpb dpqzpzw fuw iu lkceyemy prqfvytl q s unxktby akmplqr apqoyome bmmrovrevo c eubtcdzixp ffvsf fmzgzprth fpafreqkln i le lo ni njamvay nwphljarem rm ru rudqard tqscvyhhzh uqugswpd vwzjpcmyy wrleknup x y yhjadnl zcqiiixqb zxepwz
touvosgb evgglho zomfykcq zwuti cxlczjb duv ezpke p pfrbkpfq fitltkvgni ldwhqxldvq qo sevuvz tj wjrzuno d e frkxvgt kzln rp tgpbrlq zlylvnr dgwyfncb eqh gv hozijbil oggisf qucvpsonw r bdi dmveosfpb dpqzpzw fuw iu lkceyemy prqfvytl q s unxktby akmplqr apqoyome bmmrovrevo c eubtcdzixp ffvsf fmzgzprth fpafreqkln i le lo ni njamvay nwphljarem rm ru rudqard tqscvyhhzh uqugswpd vwzjpcmyy wrleknup x y yhjadnl zcqiiixqb zxepwz
touvosgb evgglho zomfykcq zwuti cxlczjb duv ezpke p pfrbkpfq fitltkvgni ldwhqxldvq qo sevuvz tj wjrzuno d e frkxvgt kzln rp tgpbrlq zlylvnr dgwyfncb eqh gv hozijbil oggisf qucvpsonw r bdi dmveosfpb dpqzpzw fuw iu lkceyemy prqfvytl q s unxktby akmplqr apqoyome bmmrovrevo c eubtcdzixp ffvsf fmzgzprth fpafreqkln i le lo ni njamvay nwphljarem rm ru rudqard tqscvyhhzh uqugswpd vwzjpcmyy wrleknup x y yhjadnl zcqiiixqb zxepwz
touvosgb zwuti evgglho zomfykcq duv ezpke fitltkvgni p pfrbkpfq qo cxlczjb e ldwhqxldvq sevuvz tj wjrzuno d frkxvgt kzln rp tgpbrlq zlylvnr dgwyfncb eqh gv hozijbil oggisf qucvpsonw bdi dmveosfpb fuw lkceyemy prqfvytl q r ru unxktby a akmplqr apqoyome bmmrovrevo c dpqzpzw eubtcdzixp fmzgzprth fpafreqkln gzme i iu le lo ni njamvay nwphljarem rm rudqard s tqscvyhhzh uqugswpd vwzjpcmyy wrleknup x y yhjadnl zcqiiixqb zxepwz
touvosgb zwuti evgglho zomfykcq duv ezpke fitltkvgni p pfrbkpfq qo cxlczjb e ldwhqxldvq sevuvz tj wjrzuno d frkxvgt kzln rp tgpbrlq zlylvnr dgwyfncb eqh gv hozijbil oggisf qucvpsonw bdi dmveosfpb fuw lkceyemy prqfvytl q r ru unxktby a akmplqr apqoyome bmmrovrevo c dpqzpzw eubtcdzixp fmzgzprth fpafreqkln gzme i iu le lo ni njamvay nwphljarem rm rudqard s tqscvyhhzh uqugswpd vwzjpcmyy wrleknup x y yhjadnl zcqiiixqb zxepwz
touvosgb zwuti
touvosgb zwuti zomfykcq cxlczjb evgglho ezpke fitltkvgni p pfrbkpfq qo duv e ldwhqxldvq sevuvz tj wjrzuno d frkxvgt kzln qucvpsonw rp tgpbrlq zlylvnr dgwyfncb gv hozijbil oggisf bdi dmveosfpb eqh fuw le lkceyemy prqfvytl q r ru unxktby zcqiiixqb a akmplqr apqoyome bmmrovrevo c dpqzpzw eubtcdzixp fmzgzprth fpafreqkln gzme i iu lo ni njamvay nwphljarem rm rudqard s tqscvyhhzh uqugswpd vwzjpcmyy x y yhjadnl zxepwz
touvosgb zwuti zomfykcq cxlczjb evgglho ezpke fitltkvgni p pfrbkpfq qo duv e ldwhqxldvq sevuvz tj wjrzuno d frkxvgt kzln qucvpsonw rp tgpbrlq zlylvnr dgwyfncb gv hozijbil oggisf bdi dmveosfpb eqh fuw le lkceyemy prqfvytl q r ru unxktby zcqiiixqb a akmplqr apqoyome bmmrovrevo c dpqzpzw eubtcdzixp fmzgzprth fpafreqkln gzme i iu lo ni njamvay nwphljarem rm rudqard s tqscvyhhzh uqugswpd vwzjpcmyy x y yhjadnl zxepwz
touvosgb zomfykcq zwuti cxlczjb evgglho ezpke fitltkvgni p pfrbkpfq qo duv e ldwhqxldvq sevuvz tj wjrzuno d dgwyfncb frkxvgt kzln qucvpsonw rp tgpbrlq zlylvnr gv hozijbil oggisf bdi dmveosfpb eqh fuw le lkceyemy prqfvytl q
touvosgb zomfykcq zwuti cxlczjb evgglho ezpke fitltkvgni p pfrbkpfq qo duv e ldwhqxldvq sevuvz tj wjrzuno d dgwyfncb frkxvgt kzln qucvpsonw rp tgpbrlq zlylvnr gv hozijbil oggisf bdi dmveosfpb eqh fuw le lkceyemy prqfvytl q r ru unxktby zcqiiixqb a akmplqr apqoyome bmmrovrevo c dpqzpzw eubtcdzixp fmzgzprth fpafreqkln gzme i iu lo ni njamvay nwphljarem rm rudqard s tqscvyhhzh uqugswpd vwzjpcmyy x y yhjadnl zxepwz
ezpke touvosgb zomfykcq zwuti cxlczjb evgglho p pfrbkpfq qo fitltkvgni ldwhqxldvq tj duv e sevuvz wjrzuno dgwyfncb frkxvgt kzln qucvpsonw rp tgpbrlq d gv hozijbil oggisf zlylvnr bdi dmveosfpb eqh fpafreqkln fuw le prqfvytl q r rm ru unxktby vrz zcqiiixqb a akmplqr apqoyome bmmrovrevo c dpqzpzw eubtcdzixp fmzgzprth goboyklf gzme i iu lkceyemy lo ni njamvay nwphljarem rudqard s tqscvyhhzh uqugswpd vwzjpcmyy x y yhjadnl zxepwz
ezpke qo touvosgb zomfykcq zwuti cxlczjb evgglho fitltkvgni p pfrbkpfq ldwhqxldvq tj duv e sevuvz wjrzuno d dgwyfncb frkxvgt kzln qucvpsonw rp tgpbrlq gv hozijbil oggisf zlylvnr bdi dmveosfpb eqh fpafreqkln fuw le prqfvytl q r rm ru unxktby vrz zcqiiixqb a akmplqr apqoyome bmmrovrevo dpqzpzw eubtcdzixp fmzgzprth goboyklf gzme i iu lo ni njamvay nwphljarem rudqard s tqscvyhhzh uqugswpd vwzjpcmyy x y yhjadnl
ezpke qo touvosgb zomfykcq zwuti cxlczjb evgglho fitltkvgni p pfrbkpfq ldwhqxldvq tj duv e sevuvz wjrzuno d dgwyfncb frkxvgt kzln qucvpsonw rp
ezpke qo touvosgb zomfykcq zwuti cxlczjb evgglho fitltkvgni p pfrbkpfq ldwhqxldvq tj d duv e sevuvz wjrzuno dgwyfncb frkxvgt kzln qucvpsonw rp tgpbrlq gv hozijbil oggisf zlylvnr dmveosfpb eqh fpafreqkln fuw le prqfvytl q r rm ru unxktby vrz zcqiiixqb a akmplqr apqoyome bdi bmmrovrevo dpqzpzw eubtcdzixp fmzgzprth goboyklf gzme i iu lo ni njamvay nwphljarem rudqard s tqscvyhhzh uqugswpd vwzjpcmyy x y yhjadnl zxepwz
ezpke pfrbkpfq qo touvosgb zomfykcq zwuti cxlczjb evgglho
ezpke pfrbkpfq qo touvosgb zwuti cxlczjb evgglho fitltkvgni ldwhqxldvq zomfykcq p tj wjrzuno d
ezpke pfrbkpfq qo touvosgb zwuti cxlczjb evgglho fitltkvgni ldwhqxldvq zomfykcq p tj wjrzuno d duv e sevuvz tgpbrlq dgwyfncb kzln rp frkxvgt gv oggisf qucvpsonw rm zlylvnr dmveosfpb eqh fpafreqkln fuw hozijbil le prqfvytl q ru unxktby vrz yhjadnl zcqiiixqb a akmplqr apqoyome bdi bmmrovrevo
ezpke pfrbkpfq qo
zwuti evgglho ezpke qo touvosgb fitltkvgni ldwhqxldvq p pfrbkpfq
zwuti evgglho ezpke qo touvosgb fitltkvgni ldwhqxldvq p pfrbkpfq zomfykcq d sevuvz tj wjrzuno cxlczjb e rp tgpbrlq dgwyfncb duv kzln qucvpsonw eqh gv oggisf rm zlylvnr dmveosfpb fpafreqkln frkxvgt fuw hozijbil le prqfvytl q ru unxktby vrz yhjadnl zcqiiixqb a akmplqr apqoyome bdi bmmrovrevo eubtcdzixp fmzgzprth goboyklf gzme iu lo ni njamvay nwphljarem r rudqard s tqscvyhhzh uqugswpd vwzjpcmyy x y zxepwz
zwuti evgglho qo ezpke fitltkvgni ldwhqxldvq p pfrbkpfq touvosgb zomfykcq d sevuvz tj wjrzuno cxlczjb e qucvpsonw tgpbrlq dgwyfncb duv kzln rp eqh gv oggisf rm zlylvnr dmveosfpb fpafreqkln frkxvgt fuw hozijbil iu le prqfvytl q ru unxktby vrz yhjadnl zcqiiixqb a akmplqr apqoyome bdi bmmrovrevo eubtcdzixp fmzgzprth goboyklf gzme lo ni njamvay nwphljarem r rudqard s tqscvyhhzh uqugswpd vwzjpcmyy x y zxepwz
zwuti evgglho pfrbkpfq qo ezpke fitltkvgni p zomfykcq d ldwhqxldvq sevuvz tgpbrlq tj touvosgb wjrzuno cxlczjb e qucvpsonw rp dgwyfncb duv kzln gv oggisf rm zlylvnr dmveosfpb eqh fpafreqkln frkxvgt fuw hozijbil le q ru unxktby vrz yhjadnl zcqiiixqb a akmplqr apqoyome bdi bmmrovrevo eubtcdzixp fmzgzprth goboyklf gzme iu lo ni nwphljarem prqfvytl r rudqard s tqscvyhhzh uqugswpd vwzjpcmyy wrleknup x xszq y zxepwz
zwuti evgglho pfrbkpfq qo ezpke fitltkvgni p zomfykcq d ldwhqxldvq sevuvz tgpbrlq tj touvosgb wjrzuno cxlczjb e qucvpsonw rp dgwyfncb duv kzln gv oggisf rm zlylvnr dmveosfpb eqh fpafreqkln frkxvgt fuw iu le q ru unxktby vrz yhjadnl zcqiiixqb a akmplqr apqoyome bdi bmmrovrevo eubtcdzixp fmzgzprth goboyklf gzme hozijbil lo ni nwphljarem prqfvytl r rudqard s tqscvyhhzh uqugswpd vwzjpcmyy wrleknup x xszq y zxepwz
zwuti evgglho pfrbkpfq qo ezpke fitltkvgni p zomfykcq d ldwhqxldvq sevuvz tgpbrlq tj touvosgb wjrzuno cxlczjb e qucvpsonw rp dgwyfncb duv kzln gv oggisf rm zlylvnr dmveosfpb eqh fpafreqkln frkxvgt fuw iu le q ru unxktby vrz yhjadnl zcqiiixqb a akmplqr apqoyome bdi bmmrovrevo eubtcdzixp fmzgzprth goboyklf gzme hozijbil lo ni nwphljarem prqfvytl r rudqard s tqscvyhhzh uqugswpd vwzjpcmyy wrleknup x xszq y zxepwz
zwuti evgglho qo pfrbkpfq d ezpke fitltkvgni p tj zomfykcq sevuvz tgpbrlq touvosgb wjrzuno cxlczjb e ldwhqxldvq qucvpsonw rp dgwyfncb duv kzln gv oggisf rm zlylvnr dmveosfpb eqh fpafreqkln frkxvgt fuw iu le q ru unxktby vrz yhjadnl zcqiiixqb a akmplqr apqoyome bmmrovrevo eubtcdzixp fmzgzprth goboyklf gzme hozijbil lo ni nwphljarem r rudqard s tqscvyhhzh uqugswpd vwzjpcmyy wrleknup x xszq y zxepwz
zwuti qo evgglho pfrbkpfq ezpke fitltkvgni p tj zomfykcq d qucvpsonw sevuvz tgpbrlq touvosgb wjrzuno e ldwhqxldvq rp cxlczjb dgwyfncb duv kzln gv oggisf q rm zlylvnr dmveosfpb eqh fpafreqkln frkxvgt fuw iu le ru s unxktby vrz yhjadnl zcqiiixqb a akmplqr apqoyome bmmrovrevo eubtcdzixp fmzgzprth goboyklf gzme hozijbil lo ni nwphljarem r rudqard tqscvyhhzh uqugswpd vwzjpcmyy wrleknup x xszq y zxepwz
zwuti qo evgglho pfrbkpfq ezpke fitltkvgni p tj zomfykcq d qucvpsonw sevuvz tgpbrlq touvosgb wjrzuno e ldwhqxldvq rp cxlczjb dgwyfncb duv kzln gv oggisf q rm zlylvnr dmveosfpb eqh fpafreqkln frkxvgt fuw iu le ru s unxktby vrz yhjadnl zcqiiixqb a akmplqr apqoyome bmmrovrevo eubtcdzixp fmzgzprth goboyklf gzme hozijbil lo ni nwphljarem r rudqard tqscvyhhzh uqugswpd vwzjpcmyy wrleknup x xszq y zxepwz
zwuti qo evgglho pfrbkpfq ezpke fitltkvgni p tj zomfykcq d qucvpsonw sevuvz tgpbrlq touvosgb wjrzuno e ldwhqxldvq rp cxlczjb duv kzln dgwyfncb gv oggisf q rm zlylvnr dmveosfpb eqh fpafreqkln frkxvgt fuw iu le ru s unxktby vrz yhjadnl zcqiiixqb a akmplqr apqoyome bmmrovrevo eubtcdzixp fmzgzprth goboyklf gzme hozijbil lo ni nwphljarem r rkkjxymlvl rudqard tqscvyhhzh uqugswpd vwzjpcmyy wrleknup x xszq y zxepwz
zwuti qo evgglho pfrbkpfq ezpke fitltkvgni p qucvpsonw tgpbrlq tj zomfykcq d sevuvz touvosgb wjrzuno e ldwhqxldvq rp cxlczjb kzln dgwyfncb duv oggisf q rm zlylvnr dmveosfpb eqh fpafreqkln frkxvgt fuw gv iu le ru s
evgglho ezpke fitltkvgni qo tgpbrlq zwuti p pfrbkpfq qucvpsonw tj d zomfykcq cxlczjb e ldwhqxldvq rp sevuvz touvosgb wjrzuno kzln dgwyfncb iu oggisf q rm zlylvnr a dmveosfpb duv eqh fpafreqkln fuw gv le ni ru s unxktby vrz zcqiiixqb apqoyome bmmrovrevo dpqzpzw eubtcdzixp fmzgzprth frkxvgt goboyklf gzme hozijbil lo nlxuii r rkkjxymlvl rudqard tqscvyhhzh uqugswpd vwzjpcmyy wrleknup x xszq y yhjadnl zxepwz
ezpke fitltkvgni qo evgglho tgpbrlq zwuti p pfrbkpfq
ezpke fitltkvgni qo evgglho tgpbrlq zwuti p pfrbkpfq qucvpsonw tj cxlczjb d wjrzuno zomfykcq e ldwhqxldvq rp kzln sevuvz touvosgb dgwyfncb iu oggisf q rm zlylvnr a dmveosfpb duv eqh fpafreqkln fuw gv le ni r ru s unxktby vrz zcqiiixqb apqoyome bmmrovrevo dpqzpzw eubtcdzixp fmzgzprth frkxvgt goboyklf gzme hozijbil lo nlxuii rkkjxymlvl rudqard tqscvyhhzh uqugswpd vwzjpcmyy wrleknup x xszq y yhjadnl zxepwz
ezpke fitltkvgni qo evgglho tgpbrlq zwuti d p qucvpsonw tj cxlczjb pfrbkpfq wjrzuno zomfykcq e ldwhqxldvq rp kzln q sevuvz touvosgb dgwyfncb iu oggisf rm zlylvnr a dmveosfpb eqh fpafreqkln fuw gv le ni r ru s unxktby vrz zcqiiixqb apqoyome bmmrovrevo dpqzpzw duv eubtcdzixp fmzgzprth frkxvgt goboyklf gzme lo nlxuii omojyj rkkjxymlvl rudqard tqscvyhhzh uqugswpd vwzjpcmyy wrleknup x xszq y yhjadnl zxepwz
ezpke fitltkvgni qo evgglho tgpbrlq zwuti d p qucvpsonw cxlczjb pfrbkpfq tj wjrzuno zomfykcq e ldwhqxldvq rp kzln q sevuvz touvosgb dgwyfncb iu oggisf rm zlylvnr a dmveosfpb eqh fpafreqkln fuw gv le ni r ru s unxktby vrz zcqiiixqb apqoyome bmmrovrevo dpqzpzw duv eubtcdzixp fmzgzprth frkxvgt goboyklf gzme lo nlxuii omojyj rbbddbtfq rkkjxymlvl rudqard tqscvyhhzh uqugswpd vwzjpcmyy wrleknup x xszq y yhjadnl zxepwz
ezpke fitltkvgni qo evgglho tgpbrlq zwuti d p qucvpsonw cxlczjb pfrbkpfq tj wjrzuno zomfykcq e ldwhqxldvq rp kzln q sevuvz touvosgb dgwyfncb iu oggisf rm zlylvnr a dmveosfpb eqh fpafreqkln fuw gv le ni r ru s unxktby vrz zcqiiixqb apqoyome bmmrovrevo dpqzpzw duv eubtcdzixp fmzgzprth frkxvgt goboyklf gzme lo nlxuii omojyj rbbddbtfq rkkjxymlvl rudqard tqscvyhhzh uqugswpd vwzjpcmyy wrleknup x xszq y yhjadnl zxepwz
ezpke evgglho fitltkvgni p qo
ezpke qo evgglho fitltkvgni p qucvpsonw tgpbrlq zwuti tj cxlczjb d ldwhqxldvq pfrbkpfq wjrzuno zomfykcq e rp kzln q touvosgb zlylvnr dgwyfncb iu oggisf rm a dmveosfpb eqh fpafreqkln fuw gv le ni r ru s sevuvz unxktby vrz apqoyome bmmrovrevo dpqzpzw duv eubtcdzixp fmzgzprth frkxvgt goboyklf gzme lo nlxuii omojyj rbbddbtfq rkkjxymlvl rudqard tqscvyhhzh uqugswpd vwzjpcmyy wrleknup x xszq yhjadnl zcqiiixqb zxepwz
ezpke qo evgglho fitltkvgni p qucvpsonw tgpbrlq zwuti tj cxlczjb d ldwhqxldvq pfrbkpfq wjrzuno zomfykcq e rp kzln q touvosgb zlylvnr dgwyfncb iu oggisf rm a dmveosfpb eqh fpafreqkln fuw gv le ni r ru s sevuvz unxktby vrz apqoyome bmmrovrevo dpqzpzw duv eubtcdzixp fmzgzprth frkxvgt goboyklf gzme lo nlxuii omojyj rbbddbtfq rkkjxymlvl rudqard tqscvyhhzh uqugswpd vwzjpcmyy wrleknup x xszq yhjadnl zcqiiixqb zxepwz
ezpke qo fitltkvgni p qucvpsonw tgpbrlq zwuti evgglho tj cxlczjb d ldwhqxldvq pfrbkpfq wjrzuno zomfykcq e rp kzln q touvosgb zlylvnr dgwyfncb iu oggisf rm sevuvz a dmveosfpb eqh fpafreqkln fuw gv le ni r ru s unxktby vrz apqoyome bmmrovrevo dpqzpzw duv eubtcdzixp fmzgzprth frkxvgt goboyklf gzme lo nlxuii omojyj rbbddbtfq rkkjxymlvl rudqard tqscvyhhzh uqugswpd vwzjpcmyy wrleknup x xszq yhjadnl zcqiiixqb zxepwz
ezpke qo fitltkvgni p qucvpsonw tgpbrlq zwuti cxlczjb evgglho ldwhqxldvq d pfrbkpfq tj wjrzuno zomfykcq e rp kzln q touvosgb zlylvnr dgwyfncb iu oggisf rm sevuvz a dmveosfpb eqh fpafreqkln fuw le ni r ru s unxktby vrz apqoyome bmmrovrevo dpqzpzw duv eubtcdzixp fg fmzgzprth frkxvgt goboyklf gzme lo nlxuii omojyj rbbddbtfq rkkjxymlvl rudqard tqscvyhhzh uqugswpd vwzjpcmyy wrleknup x xszq yhjadnl zcqiiixqb zxepwz
ezpke qo fitltkvgni p qucvpsonw tgpbrlq zwuti cxlczjb evgglho ldwhqxldvq d pfrbkpfq tj wjrzuno zomfykcq e rp kzln q touvosgb zlylvnr dgwyfncb iu oggisf rm sevuvz a dmveosfpb eqh fpafreqkln fuw le ni r ru s unxktby vrz apqoyome bmmrovrevo dpqzpzw duv eubtcdzixp fg fmzgzprth frkxvgt goboyklf gzme lo nlxuii omojyj rbbddbtfq rkkjxymlvl rudqard tqscvyhhzh uqugswpd vwzjpcmyy wrleknup x xszq yhjadnl zcqiiixqb zxepwz
ezpke qo fitltkvgni p qucvpsonw tgpbrlq zwuti cxlczjb evgglho ldwhqxldvq d tj wjrzuno zomfykcq e pfrbkpfq rp kzln q touvosgb zlylvnr dgwyfncb iu oggisf rm sevuvz a dmveosfpb eqh fpafreqkln fuw le ni r ru s unxktby vrz apqoyome bmmrovrevo dpqzpzw duv eubtcdzixp fg fmzgzprth frkxvgt goboyklf gzme lo nlxuii omojyj rbbddbtfq rkkjxymlvl rudqard tqscvyhhzh uqugswpd vwzjpcmyy wrleknup x xszq yhjadnl zcqiiixqb zxepwz
ezpke qo fitltkvgni p qucvpsonw tgpbrlq zwuti cxlczjb evgglho ldwhqxldvq d pfrbkpfq tj wjrzuno zomfykcq e rp kzln q touvosgb zlylvnr dgwyfncb iu oggisf rm sevuvz a dmveosfpb eqh fpafreqkln fuw le ni r ru s unxktby vrz apqoyome bmmrovrevo dpqzpzw duv eubtcdzixp fg fmzgzprth frkxvgt goboyklf gzme lo nlxuii omojyj rbbddbtfq rkkjxymlvl rudqard tqscvyhhzh uqugswpd vwzjpcmyy wrleknup x xszq yhjadnl zcqiiixqb zxepwz
ezpke tgpbrlq qo qucvpsonw ldwhqxldvq p evgglho fitltkvgni zwuti cxlczjb d e pfrbkpfq wjrzuno kzln tj zlylvnr zomfykcq q rp touvosgb dgwyfncb iu oggisf rm sevuvz a bmmrovrevo dmveosfpb eqh fpafreqkln fuw le ni r ru s vrz apqoyome dpqzpzw duv eubtcdzixp fg fmzgzprth frkxvgt goboyklf gzme lo nlxuii omojyj rbbddbtfq rkkjxymlvl rudqard unxktby uqugswpd vwzjpcmyy wrleknup x xszq
tgpbrlq ezpke qo qucvpsonw ldwhqxldvq evgglho fitltkvgni p pfrbkpfq zwuti cxlczjb d e wjrzuno kzln tj zlylvnr zomfykcq q rp touvosgb iu oggisf rm sevuvz a bmmrovrevo dgwyfncb dmveosfpb eqh fpafreqkln fuw le ni r ru s vrz apqoyome dpqzpzw eubtcdzixp fg fmzgzprth frkxvgt goboyklf gzme hywigqkvgj lo nlxuii omojyj rbbddbtfq rkkjxymlvl rudqard unxktby uqugswpd vwzjpcmyy wrleknup x xszq yhjadnl zcqiiixqb zxepwz
tgpbrlq ezpke qo qucvpsonw ldwhqxldvq evgglho fitltkvgni p pfrbkpfq zwuti cxlczjb d e wjrzuno kzln tj zlylvnr zomfykcq q rp touvosgb iu oggisf rm sevuvz a bmmrovrevo dgwyfncb dmveosfpb eqh fpafreqkln fuw le ni r ru s vrz
tgpbrlq ezpke qo qucvpsonw ldwhqxldvq evgglho fitltkvgni p pfrbkpfq zwuti cxlczjb d e wjrzuno kzln tj zlylvnr zomfykcq q rp touvosgb iu oggisf rm sevuvz a bmmrovrevo dgwyfncb dmveosfpb eqh fpafreqkln fuw le ni r ru s vrz apqoyome dpqzpzw eubtcdzixp fg fmzgzprth frkxvgt goboyklf gzme hywigqkvgj lo nlxuii omojyj rbbddbtfq rkkjxymlvl rudqard unxktby uqugswpd
tgpbrlq ezpke qo qucvpsonw ldwhqxldvq e evgglho fitltkvgni p pfrbkpfq zwuti cxlczjb d wjrzuno kzln tj zomfykcq q rp touvosgb zlylvnr iu oggisf rm sevuvz a bmmrovrevo dgwyfncb dmveosfpb eqh fpafreqkln fuw le ni r ru s vrz apqoyome dpqzpzw eubtcdzixp fg fmzgzprth frkxvgt goboyklf gzme hywigqkvgj lo nlxuii omojyj rbbddbtfq rkkjxymlvl rudqard unxktby uqugswpd vwzjpcmyy wrleknup x xszq yhjadnl zcqiiixqb zxepwz
tgpbrlq ezpke qo qucvpsonw ldwhqxldvq e fitltkvgni p pfrbkpfq zwuti cxlczjb d evgglho kzln tj wjrzuno zomfykcq iu q rp touvosgb zlylvnr rm sevuvz a bmmrovrevo dgwyfncb dmveosfpb eqh fpafreqkln fuw le ni oggisf r ru s vrz apqoyome dpqzpzw eubtcdzixp fg fmzgzprth frkxvgt goboyklf gzme hywigqkvgj kfxjesq lo nlxuii omojyj rbbddbtfq rkkjxymlvl rudqard unxktby uqugswpd vwzjpcmyy wrleknup x xszq yhjadnl zcqiiixqb zxepwz
tgpbrlq ezpke qo qucvpsonw ldwhqxldvq e fitltkvgni p pfrbkpfq zwuti cxlczjb d evgglho tj rp wjrzuno zomfykcq eqh iu kzln q touvosgb zlylvnr rm sevuvz a bmmrovrevo dmveosfpb fpafreqkln fuw le ni oggisf r s vrz dgwyfncb dpqzpzw eubtcdzixp fg frkxvgt goboyklf gzme hywigqkvgj kfxjesq lo nlxuii omojyj rbbddbtfq rkkjxymlvl ru rudqard tehuu unxktby uqugswpd vwzjpcmyy wrleknup x xszq yhjadnl zcqiiixqb zxepwz
tgpbrlq ezpke qo qucvpsonw ldwhqxldvq e fitltkvgni p pfrbkpfq zwuti cxlczjb d evgglho tj rp wjrzuno zomfykcq eqh iu kzln q touvosgb zlylvnr rm sevuvz a bmmrovrevo dmveosfpb fpafreqkln fuw le ni oggisf r s vrz dgwyfncb dpqzpzw eubtcdzixp fg frkxvgt goboyklf gzme hywigqkvgj
tgpbrlq ezpke qo qucvpsonw ldwhqxldvq e fitltkvgni p pfrbkpfq zwuti cxlczjb d evgglho tj rp wjrzuno zomfykcq eqh iu kzln q touvosgb zlylvnr rm sevuvz a bmmrovrevo dmveosfpb fpafreqkln fuw le ni oggisf r s vrz dgwyfncb dpqzpzw eubtcdzixp fg frkxvgt goboyklf gzme hywigqkvgj kfxjesq lo nlxuii omojyj rbbddbtfq rkkjxymlvl ru rudqard tehuu unxktby uqugswpd vwzjpcmyy wrleknup x xszq yhjadnl zcqiiixqb zxepwz
tgpbrlq ezpke qo qucvpsonw ldwhqxldvq pfrbkpfq e fitltkvgni p zwuti cxlczjb d evgglho tj rp wjrzuno zomfykcq eqh iu kzln touvosgb zlylvnr q rm sevuvz a bmmrovrevo dmveosfpb fpafreqkln fuw le ni oggisf r s
tgpbrlq qo ezpke qucvpsonw ldwhqxldvq zwuti e evgglho fitltkvgni p pfrbkpfq cxlczjb d rp tj eqh iu wjrzuno kzln sevuvz zomfykcq q rm touvosgb zlylvnr a bmmrovrevo dmveosfpb fpafreqkln fuw le ni oggisf r s vrz dgwyfncb dpqzpzw eubtcdzixp fg frkxvgt goboyklf gzme hgij hywigqkvgj kfxjesq lo nlxuii omojyj rbbddbtfq
tgpbrlq qo ezpke qucvpsonw ldwhqxldvq zwuti e evgglho fitltkvgni p pfrbkpfq cxlczjb d rp tj eqh iu kzln wjrzuno sevuvz zomfykcq q rm touvosgb zlylvnr a bmmrovrevo dmveosfpb fpafreqkln fuw le ni oggisf s vrz dgwyfncb dpqzpzw eubtcdzixp fg frkxvgt goboyklf gzme hgij hywigqkvgj kfxjesq lo nlxuii omojyj r rbbddbtfq rkkjxymlvl ru tehuu tjpl unxktby wrleknup xszq yhjadnl zcqiiixqb zxepwz
tgpbrlq qo
qo tgpbrlq ezpke ldwhqxldvq qucvpsonw zwuti fitltkvgni pfrbkpfq e evgglho p cxlczjb d rp tj eqh iu kzln wjrzuno sevuvz zomfykcq q rm touvosgb zlylvnr a bmmrovrevo dmveosfpb fpafreqkln fuw le ni s vrz dgwyfncb dpqzpzw fg frkxvgt goboyklf gzme hgij hywigqkvgj kfxjesq lo nlxuii oggisf omojyj r rbbddbtfq rkkjxymlvl ru tehuu tjpl unxktby wrleknup xszq yhjadnl zcqiiixqb zxepwz
tgpbrlq ezpke ldwhqxldvq qo qucvpsonw zwuti fitltkvgni pfrbkpfq e p cxlczjb d evgglho kzln rp sevuvz tj iu wjrzuno eqh zomfykcq q rm touvosgb zlylvnr a bmmrovrevo dmveosfpb fpafreqkln fuw le ni s vrz dgwyfncb dpqzpzw fg frkxvgt goboyklf gzme hgij hywigqkvgj izsjd kfxjesq lo nlxuii nwphljarem oggisf omojyj r rbbddbtfq rkkjxymlvl ru tehuu tjpl wrleknup xszq yhjadnl zcqiiixqb
tgpbrlq ezpke qo qucvpsonw e fitltkvgni ldwhqxldvq p pfrbkpfq zwuti cxlczjb d evgglho iu kzln rp sevuvz tj wjrzuno eqh zlylvnr zomfykcq rm a bmmrovrevo dmveosfpb fpafreqkln fuw le ni q s touvosgb vrz dgwyfncb dpqzpzw fg frkxvgt goboyklf gzme hgij hywigqkvgj izsjd kfxjesq lo nlxuii nwphljarem oggisf omojyj r rbbddbtfq rkkjxymlvl ru tehuu tjpl wrleknup xszq yhjadnl zcqiiixqb
tgpbrlq ezpke qo qucvpsonw e fitltkvgni ldwhqxldvq p pfrbkpfq zwuti cxlczjb d evgglho iu kzln rp sevuvz tj wjrzuno eqh zlylvnr zomfykcq rm a bmmrovrevo dmveosfpb fpafreqkln fuw le ni q s touvosgb vrz dgwyfncb dpqzpzw fg frkxvgt goboyklf gzme hgij hywigqkvgj izsjd kfxjesq lo nlxuii nwphljarem oggisf
tgpbrlq ezpke qo qucvpsonw e fitltkvgni ldwhqxldvq p pfrbkpfq zwuti cxlczjb d evgglho iu kzln rp sevuvz tj wjrzuno eqh zlylvnr zomfykcq rm a bmmrovrevo dmveosfpb fpafreqkln fuw le ni q s touvosgb vrz dgwyfncb dpqzpzw fg frkxvgt goboyklf gzme hgij hywigqkvgj izsjd kfxjesq lo nlxuii nwphljarem oggisf omojyj r rbbddbtfq rkkjxymlvl ru tehuu tjpl wrleknup xszq yhjadnl zcqiiixqb
tgpbrlq ezpke e fitltkvgni ldwhqxldvq p pfrbkpfq qo qucvpsonw zwuti rp cxlczjb d evgglho iu kzln sevuvz tj wjrzuno zlylvnr eqh zomfykcq rm a bmmrovrevo dmveosfpb fpafreqkln fuw le ni q s touvosgb vrz dgwyfncb dpqzpzw fg frkxvgt goboyklf gzme hgij hywigqkvgj izsjd kfxjesq lo nlxuii nwphljarem oggisf omojyj r rbbddbtfq rkkjxymlvl ru tehuu tjpl wrleknup xszq yhjadnl zcqiiixqb
tgpbrlq ezpke e fitltkvgni p qo qucvpsonw cxlczjb evgglho ldwhqxldvq pfrbkpfq rp zwuti d iu kzln sevuvz tj wjrzuno zlylvnr zomfykcq eqh rm touvosgb a dmveosfpb fpafreqkln fuw ni nwphljarem q vrz bmmrovrevo dgwyfncb dpqzpzw fg frkxvgt goboyklf gzme hgij hywigqkvgj izsjd kfxjesq le lo nlxuii oggisf omojyj r rbbddbtfq rkkjxymlvl ru s tehuu tjpl tqscvyhhzh wrleknup xszq yhjadnl zcqiiixqb
tgpbrlq ezpke cxlczjb fitltkvgni p qucvpsonw rp e evgglho ldwhqxldvq pfrbkpfq qo zwuti d iu kzln sevuvz tj wjrzuno zomfykcq eqh zlylvnr rm touvosgb a dmveosfpb fpafreqkln fuw ni nwphljarem q vrz bmmrovrevo dgwyfncb dpqzpzw fg frkxvgt goboyklf gzme hgij hywigqkvgj izsjd kfxjesq le lo nlxuii oggisf omojyj r rbbddbtfq rkkjxymlvl ru s tehuu tjpl tqscvyhhzh wrleknup xszq yhjadnl zcqiiixqb zr
tgpbrlq ezpke cxlczjb fitltkvgni p qucvpsonw rp e evgglho ldwhqxldvq pfrbkpfq qo zwuti d iu kzln sevuvz tj wjrzuno zomfykcq eqh zlylvnr rm touvosgb a dmveosfpb fpafreqkln fuw ni nwphljarem q vrz bmmrovrevo dgwyfncb dpqzpzw fg frkxvgt goboyklf gzme hgij hywigqkvgj izsjd kfxjesq le lo nlxuii oggisf omojyj r rbbddbtfq rkkjxymlvl ru s tehuu tjpl tqscvyhhzh wrleknup xszq yhjadnl zcqiiixqb zr
tgpbrlq cxlczjb ezpke fitltkvgni p qucvpsonw rp e evgglho ldwhqxldvq pfrbkpfq qo zwuti d iu kzln sevuvz tj wjrzuno zomfykcq eqh zlylvnr rm touvosgb a dmveosfpb fpafreqkln fuw ni nwphljarem q vrz bmmrovrevo dgwyfncb dpqzpzw fg frkxvgt goboyklf gzme hgij hywigqkvgj izsjd kfxjesq le lo nlxuii oggisf omojyj r rbbddbtfq rkkjxymlvl ru s tehuu tjpl tqscvyhhzh wrleknup xszq yhjadnl zcqiiixqb zr
tgpbrlq cxlczjb ezpke fitltkvgni p qucvpsonw rp tj e iu ldwhqxldvq pfrbkpfq qo zwuti d evgglho kzln sevuvz wjrzuno eqh zlylvnr rm touvosgb zomfykcq a dmveosfpb fpafreqkln fuw nwphljarem q s vrz bmmrovrevo dgwyfncb dpqzpzw fg frkxvgt goboyklf gzme hgij hywigqkvgj izsjd kfxjesq le lo ni nlxuii oggisf omojyj r rbbddbtfq rkkjxymlvl ru tehuu tjpl tqscvyhhzh wrleknup xszq yhjadnl zcqiiixqb zr zxepwz
tgpbrlq cxlczjb ezpke iu p qucvpsonw rp tj e fitltkvgni ldwhqxldvq pfrbkpfq qo zwuti d evgglho kzln sevuvz wjrzuno eqh zlylvnr rm zomfykcq a dmveosfpb fpafreqkln fuw nwphljarem q s touvosgb vrz bmmrovrevo dgwyfncb dpqzpzw duv fg frkxvgt goboyklf gzme hgij hywigqkvgj izsjd kfxjesq le lo ni nlxuii oggisf omojyj r rbbddbtfq rkkjxymlvl ru tehuu tjpl tqscvyhhzh wrleknup xszq yhjadnl zcqiiixqb zr zxepwz
tgpbrlq cxlczjb ezpke iu p qucvpsonw rp tj e fitltkvgni ldwhqxldvq pfrbkpfq qo zwuti d evgglho kzln sevuvz wjrzuno eqh zlylvnr rm zomfykcq a dmveosfpb fpafreqkln fuw nwphljarem q s touvosgb vrz bmmrovrevo dgwyfncb dpqzpzw duv fg frkxvgt goboyklf gzme hgij hywigqkvgj izsjd kfxjesq le lo ni nlxuii oggisf omojyj r rbbddbtfq rkkjxymlvl ru tehuu tjpl tqscvyhhzh wrleknup xszq yhjadnl zcqiiixqb zr zxepwz
tgpbrlq p cxlczjb ezpke iu qucvpsonw rp tj e fitltkvgni ldwhqxldvq pfrbkpfq qo d evgglho kzln zwuti sevuvz wjrzuno eqh zlylvnr rm zomfykcq a dmveosfpb fpafreqkln nwphljarem q s touvosgb vrz bmmrovrevo dgwyfncb dpqzpzw duv fg frkxvgt fuw goboyklf gzme hgij hywigqkvgj izsjd kfxjesq le lo ni nlxuii oggisf omojyj r rbbddbtfq rkkjxymlvl ru tehuu tjpl tqscvyhhzh wg wrleknup xszq yhjadnl zcqiiixqb zr zxepwz
tgpbrlq p cxlczjb ezpke iu qucvpsonw rp tj e fitltkvgni ldwhqxldvq pfrbkpfq qo d evgglho kzln zwuti sevuvz wjrzuno eqh zlylvnr rm zomfykcq a dmveosfpb fpafreqkln nwphljarem q s touvosgb vrz bmmrovrevo dgwyfncb
tgpbrlq p cxlczjb ezpke iu qucvpsonw rp tj e evgglho fitltkvgni ldwhqxldvq pfrbkpfq qo d
tgpbrlq cxlczjb ezpke iu p pfrbkpfq qucvpsonw zwuti d e evgglho fitltkvgni ldwhqxldvq qo rp tj sevuvz eqh kzln wjrzuno zlylvnr zomfykcq a dmveosfpb fpafreqkln nwphljarem q rm s vrz bmmrovrevo dgwyfncb dpqzpzw duv fg
tgpbrlq cxlczjb d ezpke iu p pfrbkpfq qucvpsonw zwuti e evgglho fitltkvgni ldwhqxldvq qo rp tj sevuvz eqh kzln wjrzuno zlylvnr zomfykcq a dmveosfpb nwphljarem q rm s vrz bmmrovrevo dgwyfncb dpqzpzw duv fg fpafreqkln fuw goboyklf gzme hgij hywigqkvgj izsjd kfxjesq le ni nlxuii oggisf omojyj r rbbddbtfq rkkjxymlvl ru tehuu tjpl touvosgb tqscvyhhzh usjz wg wrleknup xszq xtmzg yhjadnl zcqiiixqb zr zxepwz
tgpbrlq cxlczjb d ezpke iu p pfrbkpfq qucvpsonw zwuti e evgglho fitltkvgni ldwhqxldvq qo rp tj sevuvz eqh kzln wjrzuno zlylvnr zomfykcq a dmveosfpb nwphljarem q rm s vrz bmmrovrevo dgwyfncb dpqzpzw duv fg fpafreqkln fuw goboyklf gzme hgij hywigqkvgj izsjd kfxjesq le ni nlxuii oggisf omojyj r rbbddbtfq rkkjxymlvl ru tehuu tjpl touvosgb tqscvyhhzh usjz wg wrleknup xszq xtmzg yhjadnl zcqiiixqb zr zxepwz
tgpbrlq iu cxlczjb d ezpke p pfrbkpfq qucvpsonw zwuti e evgglho fitltkvgni ldwhqxldvq qo rp tj sevuvz eqh kzln wjrzuno zlylvnr zomfykcq a nwphljarem q rm s vrz bmmrovrevo dgwyfncb dmveosfpb dpqzpzw duv fg fpafreqkln fuw goboyklf gzme hgij hywigqkvgj izsjd kfxjesq le ni nlxuii oggisf omojyj r rbbddbtfq rkkjxymlvl ru tehuu tjpl touvosgb tqscvyhhzh usjz wg wrleknup xszq xtmzg yhjadnl zcqiiixqb zr zxepwz
tgpbrlq iu cxlczjb d ezpke p pfrbkpfq qucvpsonw zwuti e evgglho fitltkvgni ldwhqxldvq qo rp tj sevuvz eqh kzln wjrzuno zlylvnr zomfykcq a nwphljarem q rm s vrz bmmrovrevo dgwyfncb dmveosfpb dpqzpzw duv fg fpafreqkln fuw goboyklf gzme hgij hywigqkvgj izsjd kfxjesq le ni nlxuii oggisf omojyj r rbbddbtfq rkkjxymlvl ru tehuu tjpl touvosgb tqscvyhhzh usjz wg wrleknup xszq xtmzg yhjadnl zcqiiixqb zr zxepwz
tgpbrlq iu cxlczjb d p pfrbkpfq zwuti e evgglho ezpke ldwhqxldvq qo qucvpsonw rp tj fitltkvgni sevuvz wjrzuno eqh kzln zlylvnr zomfykcq a nwphljarem q rm s vrz bmmrovrevo dgwyfncb dmveosfpb dpqzpzw duv fg fpafreqkln fuw goboyklf gzme hgij hywigqkvgj iigbpplk izsjd kfxjesq le ni nlxuii
tgpbrlq iu cxlczjb d p pfrbkpfq zwuti e evgglho ezpke ldwhqxldvq qo qucvpsonw rp tj fitltkvgni sevuvz wjrzuno eqh kzln zlylvnr zomfykcq a nwphljarem q rm s vrz bmmrovrevo dgwyfncb dmveosfpb dpqzpzw duv fg fpafreqkln fuw goboyklf gzme hgij hywigqkvgj iigbpplk izsjd kfxjesq le ni nlxuii oggisf omojyj r rbbddbtfq rkkjxymlvl ru tehuu tjpl touvosgb tqscvyhhzh usjz wg wrleknup xszq xtmzg yhjadnl zcqiiixqb zr zxepwz
tgpbrlq iu zwuti cxlczjb p pfrbkpfq d e evgglho ezpke ldwhqxldvq qo qucvpsonw rp tj fitltkvgni sevuvz wjrzuno eqh kzln zlylvnr zomfykcq a nwphljarem q rm s vrz bmmrovrevo dgwyfncb dmveosfpb dpqzpzw duv fg fpafreqkln fuw goboyklf gzme hgij hywigqkvgj iigbpplk izsjd kfxjesq le ni nlxuii oggisf omojyj r rbbddbtfq rkkjxymlvl ru tehuu tjpl touvosgb tqscvyhhzh usjz wg wrleknup xszq xtmzg yhjadnl zcqiiixqb zr zxepwz
tgpbrlq iu zwuti cxlczjb p pfrbkpfq rp d evgglho ezpke ldwhqxldvq qo qucvpsonw tj e fitltkvgni wjrzuno sevuvz eqh kzln zlylvnr zomfykcq a nwphljarem q rm s vrz bmmrovrevo dgwyfncb dpqzpzw duv fg fpafreqkln fuw goboyklf gzme h hgij hywigqkvgj iigbpplk izsjd kfxjesq le ni nlxuii omojyj r rbbddbtfq rkkjxymlvl ru tehuu tjpl touvosgb tqscvyhhzh usjz wg wrleknup xszq xtmzg yhjadnl zcqiiixqb zr zxepwz
tgpbrlq iu zwuti cxlczjb p pfrbkpfq rp d evgglho ezpke ldwhqxldvq qo qucvpsonw tj e fitltkvgni wjrzuno sevuvz eqh kzln zlylvnr zomfykcq a nwphljarem q rm s vrz bmmrovrevo dgwyfncb dpqzpzw duv fg fpafreqkln fuw goboyklf gzme h hgij hywigqkvgj iigbpplk izsjd kfxjesq le ni nlxuii omojyj r rbbddbtfq rkkjxymlvl ru tehuu tjpl touvosgb tqscvyhhzh usjz
tgpbrlq
tgpbrlq cxlczjb iu pfrbkpfq rp evgglho ezpke p tj zwuti d ldwhqxldvq qo qucvpsonw wjrzuno sevuvz fitltkvgni e eqh kzln zlylvnr zomfykcq fg nwphljarem q rm s vrz a bmmrovrevo dgwyfncb dpqzpzw duv fpafreqkln goboyklf h hgij hywigqkvgj iigbpplk izsjd kfxjesq ni nlxuii oggisf omojyj r rbbddbtfq rkkjxymlvl tehuu tjpl touvosgb tqscvyhhzh usjz wg wrleknup xszq xtmzg yhjadnl zr zxepwz
tgpbrlq cxlczjb evgglho iu rp ezpke pfrbkpfq zwuti d ldwhqxldvq p qo tj wjrzuno qucvpsonw sevuvz fitltkvgni e eqh kzln zlylvnr zomfykcq s fg nwphljarem q rm touvosgb vrz a bmmrovrevo dpqzpzw duv fpafreqkln h hgij hywigqkvgj iigbpplk izsjd kfxjesq lkceyemy ni nlxuii oggisf omojyj r rbbddbtfq rkkjxymlvl tehuu tjpl tqscvyhhzh usjz wg wrleknup xszq xtmzg yhjadnl zr zxepwz
tgpbrlq cxlczjb evgglho iu rp ezpke pfrbkpfq zwuti d ldwhqxldvq p qo tj wjrzuno qucvpsonw sevuvz fitltkvgni e eqh kzln zlylvnr zomfykcq s fg nwphljarem q rm touvosgb vrz a bmmrovrevo dpqzpzw duv fpafreqkln h hgij hywigqkvgj iigbpplk izsjd kfxjesq lkceyemy ni nlxuii oggisf omojyj r rbbddbtfq rkkjxymlvl tehuu tjpl tqscvyhhzh usjz wg wrleknup xszq xtmzg yhjadnl zr zxepwz
tgpbrlq cxlczjb evgglho iu rp
tgpbrlq cxlczjb evgglho iu rp ezpke pfrbkpfq zwuti d ldwhqxldvq p qo tj wjrzuno qucvpsonw sevuvz fitltkvgni e eqh kzln zlylvnr zomfykcq s bmmrovrevo fg nwphljarem q touvosgb vrz a dpqzpzw duv
tgpbrlq cxlczjb evgglho iu rp ezpke pfrbkpfq zwuti d ldwhqxldvq p qo tj wjrzuno qucvpsonw sevuvz fitltkvgni e eqh kzln zlylvnr zomfykcq s bmmrovrevo fg nwphljarem q touvosgb vrz a dpqzpzw duv fpafreqkln h hgij hywigqkvgj iigbpplk izsjd kfxjesq lkceyemy ni nlxuii oggisf omojyj r rbbddbtfq rkkjxymlvl rm tehuu tjpl tqscvyhhzh usjz wg wrleknup xszq xtmzg yhjadnl zr zxepwz
tgpbrlq cxlczjb evgglho iu rp ezpke pfrbkpfq zwuti d ldwhqxldvq p qo tj wjrzuno qucvpsonw sevuvz fitltkvgni e eqh kzln zlylvnr zomfykcq s bmmrovrevo fg nwphljarem q touvosgb vrz a dpqzpzw duv fpafreqkln h hgij hywigqkvgj iigbpplk izsjd kfxjesq lkceyemy ni nlxuii oggisf omojyj r rbbddbtfq rkkjxymlvl rm tehuu tjpl tqscvyhhzh usjz wg wrleknup xszq xtmzg yhjadnl zr zxepwz
tgpbrlq cxlczjb evgglho iu rp ezpke pfrbkpfq zwuti d ldwhqxldvq p qo tj wjrzuno qucvpsonw sevuvz fitltkvgni e eqh kzln zlylvnr zomfykcq s bmmrovrevo fg nwphljarem q touvosgb vrz a dpqzpzw duv fpafreqkln h hgij hywigqkvgj iigbpplk izsjd kfxjesq lkceyemy ni nlxuii oggisf omojyj r rbbddbtfq rkkjxymlvl rm tehuu tjpl tqscvyhhzh usjz wg wrleknup xszq xtmzg yhjadnl zr zxepwz
tgpbrlq cxlczjb evgglho iu rp pfrbkpfq zwuti d ezpke ldwhqxldvq p qo tj wjrzuno qucvpsonw sevuvz e zomfykcq eqh fitltkvgni
tgpbrlq cxlczjb evgglho iu rp pfrbkpfq zwuti d ezpke ldwhqxldvq p qo tj wjrzuno qucvpsonw sevuvz e zomfykcq eqh fitltkvgni kzln zlylvnr s a bmmrovrevo fg nwphljarem q touvosgb dpqzpzw duv fpafreqkln h hgij hywigqkvgj iigbpplk izsjd kfxjesq lkceyemy ni nlxuii oggisf omojyj r rbbddbtfq rkkjxymlvl rm tehuu tjpl tqscvyhhzh usjz vrz wg wrleknup xszq xtmzg yhjadnl zr zxepwz
tgpbrlq cxlczjb rp evgglho iu pfrbkpfq zwuti d ezpke ldwhqxldvq p qo tj wjrzuno qucvpsonw sevuvz e zomfykcq eqh fitltkvgni kzln zlylvnr s a bmmrovrevo fg nwphljarem q touvosgb dpqzpzw duv h hgij hywigqkvgj iigbpplk izsjd kfxjesq lkceyemy ni nlxuii oggisf omojyj r rbbddbtfq rkkjxymlvl rm tehuu tjpl tqscvyhhzh usjz vrz wg wrleknup xszq xtmzg yhjadnl zr zxepwz
tgpbrlq cxlczjb rp iu evgglho pfrbkpfq zwuti d ldwhqxldvq p qo sevuvz ezpke qucvpsonw tj wjrzuno e eqh fitltkvgni kzln zlylvnr zomfykcq s a bmmrovrevo fg hgij nwphljarem q touvosgb tqscvyhhzh dpqzpzw duv h hywigqkvgj iigbpplk izsjd kfxjesq lkceyemy ni nlxuii oggisf omojyj r rbbddbtfq rkkjxymlvl rm sycvgijic tehuu tjpl usjz veayef wg wrleknup xszq xtmzg yhjadnl zr zxepwz
tgpbrlq cxlczjb rp iu evgglho p pfrbkpfq zwuti ldwhqxldvq qo sevuvz d qucvpsonw tj wjrzuno e ezpke eqh fitltkvgni kzln zlylvnr zomfykcq s a bmmrovrevo fg hgij nwphljarem q touvosgb tqscvyhhzh dpqzpzw duv h hywigqkvgj iigbpplk izsjd kfxjesq lkceyemy ni nlxuii oggisf omojyj r rbbddbtfq rkkjxymlvl rm sycvgijic tehuu tjpl usjz veayef wg wrleknup xszq xtmzg yhjadnl zpxivcb zr zxepwz
tgpbrlq cxlczjb rp iu evgglho p pfrbkpfq zwuti ldwhqxldvq qo sevuvz d qucvpsonw tj wjrzuno e ezpke eqh fitltkvgni kzln zlylvnr zomfykcq s a bmmrovrevo fg hgij nwphljarem q touvosgb tqscvyhhzh dpqzpzw duv h hywigqkvgj iigbpplk izsjd kfxjesq lkceyemy ni nlxuii oggisf omojyj r rbbddbtfq rkkjxymlvl rm sycvgijic tehuu tjpl usjz veayef wg wrleknup xszq xtmzg yhjadnl zpxivcb zr zxepwz
tgpbrlq cxlczjb rp iu evgglho p pfrbkpfq zwuti ldwhqxldvq qo sevuvz d qucvpsonw tj wjrzuno e ezpke eqh fitltkvgni kzln zlylvnr zomfykcq s a bmmrovrevo fg hgij ni nwphljarem q touvosgb tqscvyhhzh dpqzpzw duv h hywigqkvgj iigbpplk izsjd kfxjesq lkceyemy nlxuii oggisf omojyj r rbbddbtfq rkkjxymlvl sycvgijic tehuu tjpl usjz veayef wg wrleknup xszq xtmzg yhjadnl zpxivcb zr zxepwz
tgpbrlq cxlczjb rp iu evgglho p zwuti ldwhqxldvq pfrbkpfq qo sevuvz d qucvpsonw tj wjrzuno e ezpke eqh fitltkvgni kzln zlylvnr zomfykcq s a bmmrovrevo fg hgij ni nwphljarem q touvosgb tqscvyhhzh dpqzpzw duv h hywigqkvgj iigbpplk izsjd kfxjesq lkceyemy nlxuii oggisf omojyj r rbbddbtfq rkkjxymlvl sycvgijic tehuu tjpl usjz veayef wg wrleknup x xszq xtmzg yhjadnl zpxivcb zr zxepwz
tgpbrlq cxlczjb rp iu evgglho p zwuti ldwhqxldvq pfrbkpfq qo sevuvz d qucvpsonw tj wjrzuno e ezpke eqh fitltkvgni kzln zlylvnr zomfykcq s a bmmrovrevo fg hgij ni nwphljarem q touvosgb tqscvyhhzh dpqzpzw duv h hywigqkvgj iigbpplk izsjd kfxjesq lkceyemy nlxuii oggisf omojyj r rbbddbtfq rkkjxymlvl sycvgijic tehuu tjpl usjz veayef wg wrleknup x xszq xtmzg yhjadnl zpxivcb zr zxepwz
tgpbrlq cxlczjb rp iu
tgpbrlq cxlczjb rp iu p evgglho pfrbkpfq qucvpsonw sevuvz zwuti d ldwhqxldvq qo tj e ezpke wjrzuno fitltkvgni kzln zlylvnr zomfykcq eqh s
tgpbrlq cxlczjb rp iu p evgglho pfrbkpfq qucvpsonw sevuvz d kzln ldwhqxldvq qo tj zwuti e ezpke wjrzuno fitltkvgni zlylvnr zomfykcq eqh s a bmmrovrevo fg hgij ni nwphljarem q touvosgb tqscvyhhzh bdi dpqzpzw duv h hywigqkvgj iigbpplk izsjd kfxjesq lkceyemy nlxuii oggisf omojyj r rbbddbtfq rkkjxymlvl sycvgijic tehuu tjpl unxktby usjz veayef wg wrleknup x xszq xtmzg y zpxivcb zr zxepwz
tgpbrlq cxlczjb rp iu pfrbkpfq evgglho p sevuvz tj wjrzuno e kzln qo qucvpsonw d ezpke ldwhqxldvq zwuti fitltkvgni zlylvnr zomfykcq eqh s a bmmrovrevo fg hgij ni nwphljarem q touvosgb tqscvyhhzh xszq bdi dpqzpzw duv goboyklf gwgswpoom h hywigqkvgj iigbpplk izsjd kfxjesq lkceyemy nlxuii oggisf omojyj r rbbddbtfq rkkjxymlvl sycvgijic tehuu tjpl unxktby usjz veayef wg wrleknup x
tgpbrlq cxlczjb rp pfrbkpfq iu wjrzuno evgglho p sevuvz tj e kzln qo qucvpsonw d
tgpbrlq cxlczjb rp iu pfrbkpfq wjrzuno p sevuvz tj e evgglho kzln qo qucvpsonw d ezpke ldwhqxldvq zwuti fitltkvgni s zlylvnr zomfykcq bmmrovrevo eqh a duv fg hgij ni nwphljarem q touvosgb tqscvyhhzh bdi dpqzpzw goboyklf gwgswpoom h hywigqkvgj iigbpplk izpkckptw izsjd kfxjesq lkceyemy nlxuii oggisf omojyj r rbbddbtfq rkkjxymlvl sycvgijic tehuu tjpl unxktby usjz veayef wg x xszq xtmzg y zpxivcb zr zxepwz
tgpbrlq cxlczjb rp iu pfrbkpfq wjrzuno p sevuvz tj e evgglho kzln qo qucvpsonw d ezpke ldwhqxldvq zwuti fitltkvgni s zlylvnr zomfykcq bmmrovrevo eqh a duv fg hgij ni nwphljarem q touvosgb tqscvyhhzh bdi dpqzpzw goboyklf gwgswpoom h hywigqkvgj iigbpplk izpkckptw izsjd kfxjesq lkceyemy nlxuii oggisf omojyj r rbbddbtfq rkkjxymlvl sycvgijic tehuu tjpl unxktby usjz veayef wg x xszq xtmzg y zpxivcb zr zxepwz
tgpbrlq cxlczjb rp iu pfrbkpfq wjrzuno e p sevuvz tj evgglho kzln ezpke ldwhqxldvq qo qucvpsonw zomfykcq zwuti d fitltkvgni zlylvnr bmmrovrevo eqh s touvosgb a duv fg hgij ni nwphljarem tqscvyhhzh bdi dpqzpzw fmzgzprth goboyklf gwgswpoom h hywigqkvgj iigbpplk izpkckptw izsjd kfxjesq lkceyemy nlxuii oggisf omojyj q r rbbddbtfq rkkjxymlvl sycvgijic tehuu tjpl unxktby usjz veayef wg x xszq xtmzg y zpxivcb zr zxepwz
tgpbrlq cxlczjb rp iu pfrbkpfq wjrzuno e p sevuvz tj evgglho kzln ezpke ldwhqxldvq qo qucvpsonw zomfykcq zwuti d fitltkvgni zlylvnr bmmrovrevo eqh s touvosgb a duv fg hgij ni nwphljarem tqscvyhhzh bdi dpqzpzw fmzgzprth goboyklf gwgswpoom h hywigqkvgj iigbpplk izpkckptw izsjd kfxjesq lkceyemy nlxuii oggisf omojyj q r rbbddbtfq rkkjxymlvl sycvgijic tehuu tjpl unxktby usjz veayef wg x xszq xtmzg y zpxivcb zr zxepwz
tgpbrlq cxlczjb rp iu pfrbkpfq wjrzuno e p sevuvz tj evgglho kzln ezpke ldwhqxldvq qo qucvpsonw zomfykcq zwuti d fitltkvgni zlylvnr bmmrovrevo eqh s touvosgb a duv fg hgij ni nwphljarem tqscvyhhzh bdi dpqzpzw fmzgzprth goboyklf gwgswpoom h hywigqkvgj iigbpplk izpkckptw izsjd kfxjesq lkceyemy nlxuii oggisf omojyj q r rbbddbtfq rkkjxymlvl sycvgijic tehuu tjpl unxktby usjz
tgpbrlq cxlczjb rp iu pfrbkpfq wjrzuno e p sevuvz tj evgglho kzln ezpke ldwhqxldvq qo qucvpsonw zomfykcq zwuti d fitltkvgni zlylvnr bmmrovrevo eqh s touvosgb a duv fg hgij ni nwphljarem tqscvyhhzh bdi dpqzpzw fmzgzprth goboyklf gwgswpoom h hywigqkvgj iigbpplk izpkckptw izsjd kfxjesq lkceyemy nlxuii oggisf omojyj q r rbbddbtfq rkkjxymlvl sycvgijic tehuu tjpl unxktby usjz veayef wg x xszq xtmzg y zpxivcb zr zxepwz
tgpbrlq cxlczjb rp iu pfrbkpfq wjrzuno e p sevuvz tj evgglho kzln ezpke ldwhqxldvq qo qucvpsonw zomfykcq zwuti d fitltkvgni zlylvnr bmmrovrevo eqh s touvosgb a duv fg hgij ni nwphljarem tqscvyhhzh bdi dpqzpzw fmzgzprth goboyklf gwgswpoom h hywigqkvgj iigbpplk izpkckptw izsjd kfxjesq lkceyemy nlxuii oggisf omojyj q r rbbddbtfq rkkjxymlvl sycvgijic tehuu tjpl unxktby usjz veayef wg x xszq xtmzg y zpxivcb zr zxepwz
tgpbrlq cxlczjb rp iu pfrbkpfq wjrzuno e p sevuvz tj evgglho kzln qo zomfykcq ezpke ldwhqxldvq zwuti d fitltkvgni qucvpsonw zlylvnr bmmrovrevo eqh hgij s touvosgb a duv fg ni nwphljarem tqscvyhhzh bdi dpqzpzw fmzgzprth goboyklf gwgswpoom h hywigqkvgj iigbpplk izpkckptw izsjd kfxjesq lkceyemy nlxuii oggisf omojyj q r rbbddbtfq sycvgijic tehuu tjpl unxktby usjz veayef wg x xszq xtmzg y zpxivcb zr zxepwz
tgpbrlq cxlczjb rp iu pfrbkpfq wjrzuno e p sevuvz tj evgglho kzln qo zomfykcq ezpke ldwhqxldvq zwuti d fitltkvgni qucvpsonw zlylvnr bmmrovrevo eqh hgij s touvosgb a duv fg ni nwphljarem tqscvyhhzh bdi dpqzpzw fmzgzprth goboyklf gwgswpoom h hywigqkvgj iigbpplk izpkckptw izsjd kfxjesq lkceyemy nlxuii oggisf omojyj q r rbbddbtfq sycvgijic tehuu tjpl unxktby usjz veayef wg x xszq xtmzg y zpxivcb zr zxepwz
tgpbrlq cxlczjb rp iu p pfrbkpfq wjrzuno e sevuvz tj evgglho kzln qo zomfykcq ezpke ldwhqxldvq zwuti d qucvpsonw zlylvnr bmmrovrevo duv eqh fitltkvgni hgij s touvosgb fg ni nwphljarem tqscvyhhzh a bdi dpqzpzw fmzgzprth goboyklf gwgswpoom h hywigqkvgj iigbpplk izpkckptw izsjd kfxjesq lkceyemy nlxuii oggisf omojyj q r rbbddbtfq rudqard sycvgijic tehuu tjpl unxktby usjz veayef wg x xszq xtmzg y zpxivcb zr zxepwz
tgpbrlq cxlczjb rp iu p pfrbkpfq wjrzuno e sevuvz tj evgglho kzln qo zomfykcq ldwhqxldvq zwuti d ezpke hgij qucvpsonw zlylvnr bmmrovrevo duv eqh fitltkvgni s touvosgb fg ni nwphljarem tqscvyhhzh a bdi dpqzpzw fmzgzprth goboyklf gwgswpoom h hywigqkvgj iigbpplk izpkckptw izsjd kfxjesq lkceyemy nlxuii oggisf omojyj q r rbbddbtfq rudqard sycvgijic tehuu tjpl unxktby usjz veayef wg x xszq xtmzg y zpxivcb zr zxepwz
tgpbrlq cxlczjb rp wjrzuno iu p pfrbkpfq zomfykcq e sevuvz tj evgglho kzln qo ldwhqxldvq zwuti d ezpke hgij qucvpsonw zlylvnr bmmrovrevo duv eqh s touvosgb fg fitltkvgni ni nwphljarem tqscvyhhzh a bdi fmzgzprth goboyklf gwgswpoom h hywigqkvgj iigbpplk izpkckptw izsjd kfxjesq lkceyemy nlxuii oggisf omojyj q r rbbddbtfq rudqard sycvgijic tehuu tjpl unxktby usjz veayef wg x xszq xtmzg y zpxivcb zr zxepwz
tgpbrlq cxlczjb rp wjrzuno iu p pfrbkpfq zomfykcq e sevuvz tj evgglho kzln qo ldwhqxldvq qucvpsonw zwuti d ezpke hgij zlylvnr bmmrovrevo duv eqh s touvosgb fg fitltkvgni ni nwphljarem tqscvyhhzh a bdi fmzgzprth goboyklf gwgswpoom h hywigqkvgj iigbpplk izpkckptw izsjd kfxjesq lkceyemy oggisf omojyj q r rbbddbtfq rudqard sycvgijic tehuu tjpl unxktby usjz veayef wg x xszq xtmzg y zpxivcb zr zxepwz
rp tgpbrlq cxlczjb p pfrbkpfq wjrzuno zomfykcq e iu sevuvz tj evgglho kzln ldwhqxldvq qo qucvpsonw zwuti d duv hgij zlylvnr bmmrovrevo eqh ezpke s touvosgb fg fitltkvgni nwphljarem tqscvyhhzh a bdi fmzgzprth goboyklf gwgswpoom h hywigqkvgj iigbpplk izpkckptw izsjd kfxjesq lkceyemy ni oggisf omojyj q rbbddbtfq rudqard sycvgijic tehuu tjpl unxktby usjz veayef wg x xszq xtmzg y zpxivcb zr zxepwz
rp tgpbrlq cxlczjb p pfrbkpfq zomfykcq e iu sevuvz tj wjrzuno evgglho kzln ldwhqxldvq qo zwuti qucvpsonw zlylvnr d duv hgij bmmrovrevo eqh ezpke s touvosgb fg fitltkvgni nwphljarem tqscvyhhzh a bdi fmzgzprth goboyklf gwgswpoom h hywigqkvgj iigbpplk izpkckptw izsjd kfxjesq lkceyemy
rp tgpbrlq cxlczjb p pfrbkpfq zomfykcq e iu sevuvz tj wjrzuno evgglho kzln ldwhqxldvq qo zwuti qucvpsonw zlylvnr d duv hgij bmmrovrevo eqh ezpke s touvosgb fg fitltkvgni nwphljarem tqscvyhhzh a bdi fmzgzprth goboyklf gwgswpoom h hywigqkvgj iigbpplk izpkckptw izsjd kfxjesq lkceyemy ni oggisf omojyj rbbddbtfq rm rudqard sycvgijic tehuu tjpl unxktby usjz veayef wg x xszq xtmzg y zpxivcb zr zxepwz
rp tgpbrlq
rp tgpbrlq cxlczjb p pfrbkpfq zomfykcq e iu sevuvz tj wjrzuno evgglho kzln ldwhqxldvq qo zwuti qucvpsonw zlylvnr d duv hgij bmmrovrevo eqh ezpke s touvosgb fg fitltkvgni nwphljarem tqscvyhhzh a bdi fmzgzprth goboyklf gwgswpoom h hywigqkvgj iigbpplk izpkckptw izsjd kfxjesq lkceyemy ni oggisf omojyj rbbddbtfq rm rudqard sycvgijic tehuu tjpl unxktby usjz veayef wg x xszq xtmzg y zpxivcb zr zxepwz
tgpbrlq rp cxlczjb p pfrbkpfq zomfykcq e iu sevuvz tj wjrzuno evgglho kzln ldwhqxldvq qo zwuti qucvpsonw zlylvnr duv hgij bmmrovrevo d eqh ezpke s touvosgb fg fitltkvgni nwphljarem tqscvyhhzh a bdi fmzgzprth goboyklf gwgswpoom h hywigqkvgj iigbpplk izpkckptw izsjd kfxjesq lkceyemy ni oggisf q rbbddbtfq rm rudqard sycvgijic tehuu tjpl unxktby usjz veayef wg x xszq xtmzg y zpxivcb zr zxepwz
tgpbrlq rp cxlczjb p pfrbkpfq zomfykcq e iu sevuvz tj wjrzuno zwuti evgglho kzln ldwhqxldvq qo qucvpsonw zlylvnr duv ezpke hgij bmmrovrevo d eqh s touvosgb fg fitltkvgni nwphljarem tqscvyhhzh a bdi fmzgzprth goboyklf gwgswpoom h hywigqkvgj iigbpplk izpkckptw izsjd kfxjesq lkceyemy ni oggisf q rm rudqard sycvgijic tehuu tjpl unxktby usjz veayef wg x xszq xtmzg y zpxivcb zr zxepwz
tgpbrlq rp cxlczjb p pfrbkpfq tj zomfykcq e iu sevuvz wjrzuno zwuti evgglho kzln ldwhqxldvq qo zlylvnr duv ezpke hgij qucvpsonw bmmrovrevo d eqh s touvosgb fg fitltkvgni nwphljarem tqscvyhhzh a bdi fmzgzprth goboyklf gwgswpoom h hywigqkvgj iigbpplk izpkckptw izsjd kfxjesq lkceyemy ni oggisf q rm rudqard sycvgijic tehuu tjpl unxktby usjz veayef wg x xszq xtmzg y zpxivcb zr zxepwz
tgpbrlq rp cxlczjb p pfrbkpfq zomfykcq e iu sevuvz tj wjrzuno zwuti evgglho kzln qo ezpke ldwhqxldvq zlylvnr duv hgij qucvpsonw bmmrovrevo d eqh s touvosgb fg fitltkvgni nwphljarem tqscvyhhzh a bdi fmzgzprth goboyklf gwgswpoom h hywigqkvgj iigbpplk izpkckptw izsjd kfxjesq lkceyemy ni oggisf q rm rudqard sycvgijic tehuu tjpl unxktby usjz veayef wg x xszq xtmzg y zpxivcb zr zxepwz
tgpbrlq rp cxlczjb p pfrbkpfq zomfykcq e iu sevuvz tj wjrzuno zwuti evgglho kzln qo ezpke ldwhqxldvq duv hgij qucvpsonw zlylvnr bmmrovrevo d eqh s touvosgb fg fitltkvgni
tgpbrlq rp cxlczjb p pfrbkpfq zomfykcq e
tgpbrlq rp cxlczjb zomfykcq p pfrbkpfq zwuti
tgpbrlq rp cxlczjb zomfykcq p pfrbkpfq zwuti e iu sevuvz tj wjrzuno evgglho kzln ldwhqxldvq qo duv ezpke hgij qucvpsonw s zlylvnr bmmrovrevo d eqh touvosgb fg fitltkvgni nwphljarem tqscvyhhzh a bdi fmzgzprth goboyklf gwgswpoom h hywigqkvgj iigbpplk izpkckptw izsjd kfxjesq l lkceyemy ni oggisf q rm rudqard sycvgijic tehuu tjpl unxktby usjz veayef wg x xszq
tgpbrlq rp cxlczjb p zomfykcq pfrbkpfq zwuti e iu tj wjrzuno evgglho kzln sevuvz ldwhqxldvq qo duv ezpke hgij qucvpsonw s zlylvnr bmmrovrevo d eqh touvosgb fg fitltkvgni nwphljarem tqscvyhhzh a bdi fmzgzprth goboyklf gwgswpoom h hywigqkvgj iigbpplk izpkckptw izsjd kfxjesq l lkceyemy ni oggisf q rm rudqard sycvgijic tehuu tjpl unxktby usjz veayef wg x xszq xtmzg y zpxivcb zr zxepwz
tgpbrlq rp cxlczjb p zomfykcq pfrbkpfq zwuti e iu tj wjrzuno evgglho kzln sevuvz ldwhqxldvq qo duv ezpke hgij qucvpsonw s zlylvnr bmmrovrevo d eqh touvosgb fg fitltkvgni nwphljarem tqscvyhhzh a bdi fmzgzprth goboyklf gwgswpoom h hywigqkvgj iigbpplk izpkckptw izsjd kfxjesq l lkceyemy ni oggisf q rm rudqard sycvgijic tehuu tjpl unxktby usjz veayef wg x xszq xtmzg y zpxivcb zr zxepwz
tgpbrlq rp cxlczjb p zomfykcq pfrbkpfq zwuti e iu tj wjrzuno evgglho kzln sevuvz ldwhqxldvq qo duv ezpke hgij qucvpsonw s zlylvnr bmmrovrevo d eqh touvosgb fg fitltkvgni nwphljarem tqscvyhhzh a bdi fmzgzprth goboyklf gwgswpoom h hywigqkvgj iigbpplk izpkckptw izsjd kfxjesq l lkceyemy ni oggisf q rm rudqard sycvgijic tehuu tjpl unxktby usjz veayef wg x xszq xtmzg y zpxivcb zr zxepwz
tgpbrlq rp zomfykcq cxlczjb p pfrbkpfq zwuti e iu tj wjrzuno evgglho kzln sevuvz qo duv ezpke hgij ldwhqxldvq qucvpsonw s zlylvnr bmmrovrevo d eqh touvosgb fg fitltkvgni nwphljarem tqscvyhhzh a bdi fmzgzprth goboyklf gwgswpoom h hywigqkvgj iigbpplk izpkckptw izsjd kfxjesq l lkceyemy ni oggisf q rm rudqard sycvgijic tehuu tjpl unxktby usjz veayef
tgpbrlq rp p zomfykcq cxlczjb pfrbkpfq wjrzuno zwuti e iu tj evgglho sevuvz duv kzln qo hgij ldwhqxldvq qucvpsonw s zlylvnr bmmrovrevo d eqh ezpke touvosgb fitltkvgni nwphljarem tqscvyhhzh a bdi fg fmzgzprth goboyklf gwgswpoom h hywigqkvgj iigbpplk izpkckptw izsjd kfxjesq l lkceyemy ni oggisf q rm rudqard sycvgijic tehuu tjpl unxktby usjz veayef wg x xszq xtmzg y zpxivcb zr zxepwz
tgpbrlq rp p zomfykcq cxlczjb wjrzuno zwuti e iu pfrbkpfq tj evgglho sevuvz duv kzln qo hgij ldwhqxldvq qucvpsonw s zlylvnr bmmrovrevo d eqh ezpke touvosgb fitltkvgni nwphljarem tqscvyhhzh a bdi fg fmzgzprth goboyklf gwgswpoom h hywigqkvgj iigbpplk izpkckptw izsjd kfxjesq l lkceyemy mtwc ni oggisf q rm rudqard sycvgijic tehuu tjpl unxktby usjz veayef wg x xszq xtmzg y zpxivcb zr zxepwz
tgpbrlq rp p zomfykcq cxlczjb pfrbkpfq wjrzuno zwuti e iu tj evgglho sevuvz duv kzln ldwhqxldvq qo hgij s bmmrovrevo d eqh ezpke qucvpsonw touvosgb zlylvnr fitltkvgni nwphljarem tqscvyhhzh a
tgpbrlq p rp zomfykcq cxlczjb wjrzuno zwuti iu pfrbkpfq tj duv e evgglho sevuvz ldwhqxldvq qo s zlylvnr hgij kzln d eqh ezpke qucvpsonw touvosgb bmmrovrevo fitltkvgni nwphljarem tqscvyhhzh a bdi fg fmzgzprth goboyklf gwgswpoom h iigbpplk izpkckptw izsjd kfxjesq l lkceyemy mtwc ni oggisf omojyj q rkkjxymlvl rm rudqard sycvgijic tehuu tjpl unxktby usjz veayef wg x
p rp tgpbrlq zomfykcq cxlczjb wjrzuno zwuti iu pfrbkpfq tj duv e evgglho sevuvz ldwhqxldvq qo s zlylvnr hgij kzln d eqh ezpke qucvpsonw touvosgb bmmrovrevo fitltkvgni nwphljarem tqscvyhhzh a bdi fg fmzgzprth goboyklf gwgswpoom h iigbpplk izpkckptw izsjd kfxjesq l lkceyemy mtwc ni oggisf omojyj q rkkjxymlvl rm ru rudqard sycvgijic tehuu tjpl unxktby usjz veayef wg x xszq xtmzg y zpxivcb zr zxepwz
p rp tgpbrlq zomfykcq cxlczjb iu wjrzuno zwuti pfrbkpfq tj duv evgglho sevuvz e ldwhqxldvq s zlylvnr hgij kzln qo d eqh ezpke qucvpsonw touvosgb bmmrovrevo fitltkvgni izsjd nwphljarem tqscvyhhzh a bdi fg fmzgzprth goboyklf gwgswpoom h iigbpplk izpkckptw kfxjesq l lkceyemy mtwc ni oggisf omojyj q rkkjxymlvl rm ru rudqard sycvgijic tehuu tjpl unxktby usjz veayef vvpzp wg x xszq xtmzg y zpxivcb zr zxepwz
p rp tgpbrlq zomfykcq cxlczjb iu wjrzuno zwuti pfrbkpfq sevuvz tj duv evgglho e kzln ldwhqxldvq qo s zlylvnr hgij d ezpke qucvpsonw touvosgb bmmrovrevo fitltkvgni izsjd nwphljarem tqscvyhhzh a bdi eqh fg fmzgzprth goboyklf gwgswpoom h idoeu iigbpplk izpkckptw l lkceyemy mtwc ni oggisf omojyj q rkkjxymlvl rm ru rudqard sycvgijic tehuu tjpl unxktby usjz veayef vvpzp wg x xszq xtmzg y zpxivcb zr zxepwz
p rp tgpbrlq zomfykcq cxlczjb iu wjrzuno zwuti sevuvz
p rp tgpbrlq zomfykcq cxlczjb wjrzuno zwuti iu sevuvz duv evgglho kzln pfrbkpfq qo tj s zlylvnr d e hgij ldwhqxldvq touvosgb ezpke qucvpsonw bmmrovrevo fitltkvgni izsjd nwphljarem tqscvyhhzh a bdi eqh fg fmzgzprth fuw goboyklf gwgswpoom h idoeu iigbpplk izpkckptw
p rp tgpbrlq zomfykcq cxlczjb wjrzuno zwuti iu sevuvz duv evgglho kzln pfrbkpfq qo tj s zlylvnr d e hgij ldwhqxldvq touvosgb ezpke qucvpsonw bmmrovrevo fitltkvgni izsjd nwphljarem tqscvyhhzh a bdi eqh fg fmzgzprth fuw goboyklf gwgswpoom h idoeu iigbpplk izpkckptw l lkceyemy mtwc ni oggisf omojyj q rkkjxymlvl rm ru rudqard sycvgijic tehuu tjpl unxktby usjz veayef vvpzp wg wrleknup x xszq xtmzg y zpxivcb zr zxepwz
p rp tgpbrlq zomfykcq cxlczjb wjrzuno zwuti iu sevuvz duv kzln pfrbkpfq qo tj d evgglho s zlylvnr e ldwhqxldvq qucvpsonw touvosgb ezpke hgij bmmrovrevo fitltkvgni izsjd nwphljarem tqscvyhhzh a bdi eqh fg fmzgzprth fuw goboyklf gwgswpoom h idoeu iigbpplk izpkckptw l lkceyemy mtwc ni oggisf omojyj q r rkkjxymlvl rm ru rudqard sycvgijic tehuu unxktby usjz veayef vvpzp wg wrleknup x xszq xtmzg y zktmvbfwtx zpxivcb zr zxepwz
p rp tgpbrlq zomfykcq cxlczjb wjrzuno duv iu sevuvz zwuti pfrbkpfq tj d evgglho kzln ldwhqxldvq qo s zlylvnr e qucvpsonw touvosgb ezpke hgij nwphljarem bmmrovrevo fitltkvgni izsjd tqscvyhhzh a bdi fg fmzgzprth fuw goboyklf gwgswpoom h idoeu iigbpplk izpkckptw l lkceyemy mtwc ni oggisf omojyj q r rkkjxymlvl rm ru rudqard sycvgijic tehuu unxktby usjz veayef vrz vvpzp wg wrleknup x xszq xtmzg y zktmvbfwtx zpxivcb zr zxepwz
p rp tgpbrlq zomfykcq cxlczjb wjrzuno duv iu sevuvz zwuti d pfrbkpfq tj evgglho kzln ldwhqxldvq qo s zlylvnr e qucvpsonw touvosgb ezpke hgij nwphljarem bmmrovrevo izsjd tehuu tqscvyhhzh a bdi fg fitltkvgni fmzgzprth fuw goboyklf gwgswpoom h idoeu iigbpplk izpkckptw l lkceyemy mtwc ni oggisf omojyj q r rkkjxymlvl rm ru rudqard sycvgijic unxktby usjz veayef vrz vvpzp wg wrleknup x xszq xtmzg y zktmvbfwtx zpxivcb zr zxepwz
p rp tgpbrlq zomfykcq cxlczjb wjrzuno duv iu sevuvz zwuti d tj evgglho kzln ldwhqxldvq pfrbkpfq qo s zlylvnr e qucvpsonw touvosgb ezpke hgij nwphljarem bmmrovrevo izsjd tehuu tqscvyhhzh a bdi fg fitltkvgni fmzgzprth fuw goboyklf gwgswpoom h idoeu iigbpplk izpkckptw l lkceyemy mtwc ni oggisf omojyj q r rkkjxymlvl rm ru rudqard sycvgijic unxktby usjz veayef vrz vvpzp wg wrleknup x xszq xtmzg y zktmvbfwtx zpxivcb zr zxepwz
p rp tgpbrlq wjrzuno zomfykcq cxlczjb duv iu sevuvz d tj zwuti evgglho kzln pfrbkpfq qo s zlylvnr e ldwhqxldvq qucvpsonw touvosgb ezpke hgij nwphljarem bmmrovrevo fuw izsjd tehuu tqscvyhhzh a bdi fg fitltkvgni fmzgzprth goboyklf gwgswpoom h idoeu iigbpplk izpkckptw l lkceyemy mtwc ni oggisf omojyj q r rkkjxymlvl rm ru rudqard sycvgijic unxktby usjz veayef vrz vvpzp wg wrleknup x xszq xtmzg y zktmvbfwtx zpxivcb zr zxepwz
p rp tgpbrlq wjrzuno zomfykcq cxlczjb duv iu sevuvz d tj zwuti evgglho kzln pfrbkpfq qo s zlylvnr e ldwhqxldvq qucvpsonw touvosgb ezpke hgij bmmrovrevo fuw izsjd nwphljarem tehuu tqscvyhhzh zxepwz a bdi fg fitltkvgni fmzgzprth goboyklf gwgswpoom h idoeu iigbpplk izpkckptw l lkceyemy mtwc ni oggisf omojyj q r rkkjxymlvl rm ru rudqard sycvgijic unxktby usjz veayef vrz vvpzp wg wrleknup x xszq xtmzg y zktmvbfwtx zpxivcb zr
p rp tgpbrlq wjrzuno zomfykcq cxlczjb d duv iu zwuti tj evgglho pfrbkpfq qo qucvpsonw s sevuvz zlylvnr kzln ldwhqxldvq touvosgb e ezpke hgij bmmrovrevo fitltkvgni fuw nwphljarem tehuu tqscvyhhzh zxepwz a bdi fg fmzgzprth goboyklf gwgswpoom h idoeu iigbpplk ioathsxw izpkckptw izsjd l lkceyemy mtwc ni oggisf omojyj q r rkkjxymlvl rm ru rudqard sycvgijic unxktby usjz veayef vrz vvpzp wg wrleknup x xszq xtmzg y zktmvbfwtx zpxivcb zr
p rp tgpbrlq wjrzuno zomfykcq cxlczjb d duv iu zwuti tj evgglho pfrbkpfq qo qucvpsonw s sevuvz zlylvnr kzln ldwhqxldvq touvosgb e ezpke hgij bmmrovrevo fitltkvgni fuw nwphljarem tehuu tqscvyhhzh zxepwz a bdi fg fmzgzprth goboyklf
p
p tgpbrlq rp wjrzuno zomfykcq cxlczjb d duv iu zwuti sevuvz tj evgglho pfrbkpfq qo qucvpsonw s touvosgb kzln ldwhqxldvq e ezpke hgij zlylvnr bmmrovrevo fitltkvgni fuw gwgswpoom nwphljarem tehuu tqscvyhhzh zxepwz a bdi fg fmzgzprth goboyklf h idoeu iigbpplk ioathsxw izpkckptw izsjd l lkceyemy mtwc ni oggisf omojyj q r rkkjxymlvl rm ru rudqard sycvgijic unxktby usjz veayef vrz vvpzp wg wrleknup x xszq xtmzg y zktmvbfwtx zpxivcb zr
p tgpbrlq rp wjrzuno zomfykcq cxlczjb d duv iu zwuti sevuvz tj evgglho pfrbkpfq qo qucvpsonw s touvosgb kzln ldwhqxldvq e ezpke hgij zlylvnr bmmrovrevo fitltkvgni fuw gwgswpoom nwphljarem tehuu tqscvyhhzh zxepwz a bdi fg fmzgzprth goboyklf h idoeu iigbpplk ioathsxw izpkckptw izsjd l lkceyemy mtwc ni oggisf omojyj q r rkkjxymlvl rm ru rudqard sycvgijic unxktby usjz veayef vrz vvpzp wg wrleknup x xszq xtmzg y zktmvbfwtx zpxivcb zr
p tgpbrlq rp wjrzuno zomfykcq cxlczjb d duv iu zwuti sevuvz tj evgglho pfrbkpfq qo qucvpsonw s touvosgb kzln ldwhqxldvq e ezpke hgij zlylvnr bmmrovrevo fitltkvgni fuw gwgswpoom nwphljarem tehuu tqscvyhhzh zxepwz a bdi fg fmzgzprth goboyklf h idoeu iigbpplk ioathsxw
p tgpbrlq rp wjrzuno zomfykcq cxlczjb d duv iu zwuti sevuvz tj evgglho pfrbkpfq qo qucvpsonw s kzln ldwhqxldvq touvosgb e ezpke fitltkvgni hgij zlylvnr bmmrovrevo fuw gwgswpoom nwphljarem tehuu tqscvyhhzh zxepwz a bdi fg fmzgzprth goboyklf h idoeu iigbpplk ioathsxw izpkckptw izsjd l lkceyemy mtwc ni oggisf omojyj q r rkkjxymlvl rm ru rudqard sycvgijic unxktby usjz veayef vrz vvpzp wg wrleknup x xszq xtmzg y zktmvbfwtx zpxivcb zr
tgpbrlq p cxlczjb rp wjrzuno d zomfykcq duv iu tj zwuti sevuvz evgglho pfrbkpfq qo qucvpsonw s kzln ldwhqxldvq touvosgb e ezpke fitltkvgni hgij zlylvnr bmmrovrevo fuw gwgswpoom
p tgpbrlq rp wjrzuno cxlczjb d zomfykcq duv iu tj zwuti sevuvz pfrbkpfq qo qucvpsonw s touvosgb evgglho kzln ldwhqxldvq e ezpke fitltkvgni hgij zlylvnr bmmrovrevo fuw gwgswpoom tehuu zxepwz a bdi fg fmzgzprth goboyklf h idoeu iigbpplk ioathsxw izpkckptw izsjd l lkceyemy mtwc ni nwphljarem oggisf omojyj q r rkkjxymlvl rm ru rudqard sycvgijic tqscvyhhzh unxktby usjz veayef vrz vvpzp wg wrleknup x xszq xtmzg y zktmvbfwtx zpxivcb
p tgpbrlq cxlczjb rp wjrzuno d zomfykcq duv iu tj zwuti sevuvz pfrbkpfq qo qucvpsonw s touvosgb evgglho kzln ldwhqxldvq e ezpke fitltkvgni hgij zlylvnr bmmrovrevo
p tgpbrlq cxlczjb rp wjrzuno d zomfykcq duv iu sevuvz zwuti pfrbkpfq kzln ldwhqxldvq qo qucvpsonw tj touvosgb evgglho s e ezpke fitltkvgni hgij zlylvnr bmmrovrevo fuw gwgswpoom tehuu a bdi fg fmzgzprth goboyklf h idoeu iigbpplk ioathsxw izpkckptw izsjd l lkceyemy mtwc ni nwphljarem oggisf omojyj q r rkkjxymlvl rm ru rudqard sycvgijic tqscvyhhzh unxktby usjz veayef vrz vvpzp wg wrleknup x xszq xtmzg y zktmvbfwtx zpxivcb
cxlczjb p tgpbrlq rp wjrzuno d sevuvz zomfykcq zwuti duv kzln pfrbkpfq iu ldwhqxldvq qo qucvpsonw tj
p cxlczjb wjrzuno rp sevuvz tgpbrlq d duv tj zomfykcq kzln iu ldwhqxldvq pfrbkpfq qo qucvpsonw s touvosgb zwuti e evgglho ezpke fitltkvgni hgij zlylvnr bmmrovrevo fuw
p cxlczjb wjrzuno rp sevuvz tgpbrlq duv tj zomfykcq d kzln qo ldwhqxldvq pfrbkpfq qucvpsonw s touvosgb zwuti e iu zlylvnr evgglho ezpke fitltkvgni hgij bmmrovrevo fuw gwgswpoom tehuu veayef a bdi cqrgdgf fg fmzgzprth fpafreqkln goboyklf h idoeu iigbpplk ioathsxw izpkckptw izsjd l lkceyemy mtwc ni nwphljarem oggisf omojyj q r rbbddbtfq rkkjxymlvl rm ru rudqard sycvgijic tqscvyhhzh unxktby vrz vvpzp wg wrleknup x xszq y zktmvbfwtx zpxivcb zr zxepwz
p cxlczjb wjrzuno rp sevuvz tgpbrlq duv qucvpsonw tj zomfykcq d kzln qo ldwhqxldvq pfrbkpfq s touvosgb zwuti e iu zlylvnr evgglho ezpke fitltkvgni hgij bmmrovrevo fuw gwgswpoom omojyj tehuu veayef a bdi cqrgdgf fg fmzgzprth fpafreqkln goboyklf idoeu iigbpplk ioathsxw izpkckptw izsjd l lkceyemy mtwc ni nwphljarem oggisf q r rbbddbtfq rkkjxymlvl rm ru rudqard sycvgijic tqscvyhhzh unxktby vrz vvpzp wg wrleknup x xszq y zktmvbfwtx zpxivcb zr zxepwz
p cxlczjb wjrzuno rp sevuvz tgpbrlq duv qucvpsonw tj zomfykcq d kzln qo ldwhqxldvq pfrbkpfq s touvosgb zwuti e iu zlylvnr evgglho ezpke fitltkvgni hgij bmmrovrevo fuw gwgswpoom omojyj tehuu veayef a bdi cqrgdgf fg fmzgzprth fpafreqkln goboyklf idoeu iigbpplk ioathsxw izpkckptw izsjd l lkceyemy mtwc ni nwphljarem oggisf q r rbbddbtfq rkkjxymlvl rm ru rudqard sycvgijic tqscvyhhzh unxktby vrz vvpzp wg wrleknup x xszq y zktmvbfwtx zpxivcb zr zxepwz
p cxlczjb rp sevuvz tgpbrlq wjrzuno duv qucvpsonw tj zomfykcq d kzln qo ldwhqxldvq pfrbkpfq s touvosgb zwuti e hgij iu zlylvnr evgglho ezpke fitltkvgni bmmrovrevo fuw gwgswpoom omojyj tehuu veayef a bdi cqrgdgf fg fmzgzprth fpafreqkln goboyklf idoeu iigbpplk ioathsxw izpkckptw izsjd l lkceyemy mtwc ni nwphljarem oggisf q r rbbddbtfq rkkjxymlvl rm ru rudqard sycvgijic tqscvyhhzh unxktby vrz vvpzp wg wrleknup x xszq y zktmvbfwtx zpxivcb zr zxepwz
p cxlczjb rp sevuvz tgpbrlq wjrzuno duv qucvpsonw tj zomfykcq d kzln qo ldwhqxldvq pfrbkpfq s touvosgb zwuti e hgij iu zlylvnr evgglho ezpke fitltkvgni bmmrovrevo fuw gwgswpoom omojyj tehuu veayef a bdi cqrgdgf fg fmzgzprth fpafreqkln goboyklf idoeu iigbpplk ioathsxw izpkckptw izsjd l lkceyemy mtwc ni nwphljarem oggisf q r rbbddbtfq rkkjxymlvl rm ru rudqard sycvgijic tqscvyhhzh unxktby vrz vvpzp wg wrleknup x xszq y zktmvbfwtx zpxivcb zr zxepwz
p cxlczjb sevuvz tgpbrlq wjrzuno duv qucvpsonw rp zomfykcq d kzln qo tj e ldwhqxldvq pfrbkpfq s touvosgb zwuti ezpke hgij iu zlylvnr evgglho fitltkvgni bmmrovrevo fuw gwgswpoom omojyj tehuu veayef a bdi cqrgdgf dgwyfncb fmzgzprth fpafreqkln goboyklf idoeu iigbpplk ioathsxw izpkckptw izsjd l lkceyemy mtwc ni nwphljarem oggisf pkx q r rbbddbtfq rkkjxymlvl rm ru rudqard sycvgijic tqscvyhhzh unxktby vrz vvpzp wg wrleknup x xszq y zktmvbfwtx zpxivcb zr zxepwz
p cxlczjb sevuvz tgpbrlq wjrzuno duv qucvpsonw rp zomfykcq d kzln qo tj e ldwhqxldvq pfrbkpfq s touvosgb zwuti ezpke hgij iu zlylvnr evgglho fitltkvgni bmmrovrevo fuw gwgswpoom
p cxlczjb sevuvz tgpbrlq wjrzuno duv qucvpsonw rp zomfykcq d kzln qo tj e ldwhqxldvq pfrbkpfq s touvosgb zwuti ezpke hgij iu zlylvnr evgglho fitltkvgni bmmrovrevo fuw gwgswpoom omojyj tehuu veayef a bdi cqrgdgf dgwyfncb fmzgzprth fpafreqkln goboyklf idoeu iigbpplk ioathsxw izpkckptw izsjd l lkceyemy mtwc ni nwphljarem oggisf pkx q r rbbddbtfq rkkjxymlvl rm ru rudqard sycvgijic tqscvyhhzh unxktby vrz vvpzp wg wrleknup x xszq y zktmvbfwtx zpxivcb zr zxepwz
p cxlczjb sevuvz tgpbrlq wjrzuno duv qucvpsonw rp zomfykcq d kzln qo tj e ldwhqxldvq pfrbkpfq s touvosgb zwuti ezpke hgij iu zlylvnr evgglho fitltkvgni bmmrovrevo fuw gwgswpoom omojyj tehuu veayef a bdi cqrgdgf dgwyfncb fmzgzprth fpafreqkln goboyklf idoeu iigbpplk ioathsxw izpkckptw izsjd l
p cxlczjb sevuvz tgpbrlq wjrzuno duv qucvpsonw rp zomfykcq d kzln qo tj e ldwhqxldvq pfrbkpfq s touvosgb zwuti ezpke hgij iu zlylvnr evgglho fitltkvgni bmmrovrevo fuw gwgswpoom omojyj tehuu veayef a bdi cqrgdgf dgwyfncb fmzgzprth fpafreqkln goboyklf idoeu iigbpplk ioathsxw izpkckptw izsjd l lkceyemy mtwc ni nwphljarem oggisf pkx q r rbbddbtfq rkkjxymlvl rm ru rudqard sycvgijic tqscvyhhzh unxktby vrz vvpzp wg wrleknup x xszq y zktmvbfwtx zpxivcb zr zxepwz
p tgpbrlq wjrzuno cxlczjb duv kzln qucvpsonw rp sevuvz zomfykcq d e tj zwuti ldwhqxldvq qo hgij iu pfrbkpfq s touvosgb zlylvnr bmmrovrevo ezpke fitltkvgni tehuu dgwyfncb fuw gwgswpoom izsjd omojyj veayef zr a bdi cqrgdgf evgglho fmzgzprth fpafreqkln goboyklf idoeu iigbpplk ioathsxw izpkckptw l mtwc ni nwphljarem pkx q r rbbddbtfq rkkjxymlvl rm ru rudqard sycvgijic tqscvyhhzh unxktby vrz vvpzp wg wjvagfvdpo wrleknup x xszq y zktmvbfwtx zpxivcb zxepwz
p tgpbrlq
p tgpbrlq wjrzuno duv kzln qucvpsonw rp sevuvz zomfykcq cxlczjb d e tj zwuti ldwhqxldvq qo hgij iu pfrbkpfq s touvosgb zlylvnr bmmrovrevo ezpke fitltkvgni tehuu dgwyfncb fuw goboyklf gwgswpoom izsjd omojyj veayef zr a bdi cqrgdgf evgglho fmzgzprth fpafreqkln idoeu iigbpplk ioathsxw izpkckptw l mtwc ni nwphljarem pkx q r rbbddbtfq rkkjxymlvl rm ru rudqard sycvgijic tqscvyhhzh unxktby vrz vvpzp wg wjvagfvdpo wrleknup x xszq y zktmvbfwtx zpxivcb zxepwz
p tgpbrlq wjrzuno duv kzln qucvpsonw rp sevuvz zomfykcq cxlczjb d e tj zwuti ldwhqxldvq qo hgij iu pfrbkpfq s touvosgb zlylvnr ezpke fitltkvgni tehuu bmmrovrevo dgwyfncb fuw goboyklf gwgswpoom izsjd omojyj veayef zr a bdi cqrgdgf evgglho fmzgzprth fpafreqkln idoeu iigbpplk ioathsxw izpkckptw l mtwc ni nwphljarem pkx q r rbbddbtfq rkkjxymlvl rm ru rudqard sycvgijic tqscvyhhzh unxktby vrz vvpzp wg wjvagfvdpo wrleknup x xszq y zktmvbfwtx zpxivcb zxepwz
p tgpbrlq wjrzuno duv kzln qucvpsonw rp sevuvz zomfykcq cxlczjb d e tj zwuti ldwhqxldvq qo hgij iu pfrbkpfq s touvosgb zlylvnr ezpke fitltkvgni tehuu bmmrovrevo dgwyfncb fuw goboyklf gwgswpoom izsjd omojyj veayef zr a bdi cqrgdgf evgglho fmzgzprth fpafreqkln idoeu iigbpplk ioathsxw izpkckptw l mtwc ni nwphljarem pkx q r rbbddbtfq rkkjxymlvl rm ru rudqard sycvgijic tqscvyhhzh unxktby vrz vvpzp wg wjvagfvdpo wrleknup x xszq y zktmvbfwtx zpxivcb zxepwz
p tgpbrlq wjrzuno duv kzln qucvpsonw rp sevuvz cxlczjb d e tj zomfykcq zwuti ldwhqxldvq qo hgij iu pfrbkpfq s touvosgb zlylvnr ezpke fitltkvgni tehuu bmmrovrevo dgwyfncb fuw goboyklf gwgswpoom izsjd ni omojyj veayef zr bdi cjgdmhmddh cqrgdgf evgglho fmzgzprth fpafreqkln idoeu iigbpplk ioathsxw izpkckptw l mtwc nwphljarem pkx q r rbbddbtfq rkkjxymlvl rm ru rudqard sycvgijic tqscvyhhzh unxktby vrz
p tgpbrlq wjrzuno duv kzln qucvpsonw rp sevuvz cxlczjb d tj zomfykcq zwuti e ldwhqxldvq qo zlylvnr hgij iu pfrbkpfq s touvosgb ezpke fitltkvgni tehuu bmmrovrevo dgwyfncb fuw goboyklf gwgswpoom izsjd ni omojyj veayef zr bdi cjgdmhmddh cqrgdgf evgglho fmzgzprth fpafreqkln idoeu iigbpplk ioathsxw izpkckptw l mtwc nwphljarem pkx q r rbbddbtfq rkkjxymlvl rm ru rudqard sycvgijic tqscvyhhzh unxktby vrz vvpzp wg wjvagfvdpo wrleknup x xszq y zktmvbfwtx zpxivcb zxepwz
p tgpbrlq wjrzuno duv kzln qucvpsonw rp sevuvz cxlczjb d tj zomfykcq zwuti e ldwhqxldvq qo zlylvnr hgij iu pfrbkpfq s touvosgb ezpke fitltkvgni tehuu bmmrovrevo dgwyfncb fuw goboyklf gwgswpoom izsjd ni omojyj veayef zr bdi cjgdmhmddh cqrgdgf evgglho fmzgzprth fpafreqkln idoeu iigbpplk ioathsxw izpkckptw l mtwc nwphljarem pkx q r rbbddbtfq rkkjxymlvl rm ru rudqard sycvgijic tqscvyhhzh unxktby vrz vvpzp wg wjvagfvdpo wrleknup x xszq y zktmvbfwtx zpxivcb zxepwz
p tgpbrlq wjrzuno cxlczjb duv kzln qucvpsonw sevuvz rp tj zomfykcq zwuti d e ldwhqxldvq zlylvnr hgij iu pfrbkpfq qo s touvosgb ezpke tehuu bmmrovrevo dgwyfncb fitltkvgni fuw goboyklf gwgswpoom idoeu izsjd ni omojyj veayef y zr bdi cjgdmhmddh cqrgdgf evgglho fmzgzprth fpafreqkln iigbpplk ioathsxw izpkckptw l mtwc nwphljarem pkx q r rbbddbtfq rkkjxymlvl rm ru rudqard tqscvyhhzh unxktby vrz vvpzp wg wjvagfvdpo wrleknup x xszq zcqiiixqb zktmvbfwtx zpxivcb zxepwz
p tgpbrlq wjrzuno cxlczjb duv kzln qucvpsonw sevuvz rp tj zomfykcq zwuti d e ldwhqxldvq zlylvnr hgij iu pfrbkpfq qo s touvosgb ezpke tehuu bmmrovrevo dgwyfncb fitltkvgni fuw goboyklf gwgswpoom idoeu izsjd ni omojyj veayef y zr bdi cjgdmhmddh cqrgdgf evgglho fmzgzprth fpafreqkln iigbpplk ioathsxw izpkckptw l mtwc nwphljarem pkx q r rbbddbtfq rkkjxymlvl rm ru rudqard tqscvyhhzh unxktby vrz vvpzp wg wjvagfvdpo wrleknup x xszq zcqiiixqb zktmvbfwtx zpxivcb zxepwz
p tgpbrlq wjrzuno cxlczjb duv kzln qucvpsonw sevuvz rp tj zomfykcq zwuti d e ldwhqxldvq zlylvnr hgij iu pfrbkpfq qo s touvosgb ezpke tehuu bmmrovrevo dgwyfncb fitltkvgni fuw goboyklf gwgswpoom idoeu izsjd ni omojyj veayef y zr bdi cjgdmhmddh cqrgdgf evgglho fmzgzprth fpafreqkln iigbpplk ioathsxw izpkckptw l mtwc nwphljarem pkx q r rbbddbtfq rkkjxymlvl rm ru rudqard tqscvyhhzh unxktby vrz vvpzp wg wjvagfvdpo
p tgpbrlq wjrzuno cxlczjb duv kzln qucvpsonw sevuvz rp tj zomfykcq zwuti d e ldwhqxldvq zlylvnr hgij iu pfrbkpfq qo s touvosgb ezpke tehuu bmmrovrevo dgwyfncb fitltkvgni fuw goboyklf gwgswpoom idoeu izsjd ni omojyj veayef y zr bdi cjgdmhmddh cqrgdgf evgglho fmzgzprth fpafreqkln iigbpplk ioathsxw izpkckptw l mtwc nwphljarem pkx q r rbbddbtfq rkkjxymlvl rm ru rudqard tqscvyhhzh unxktby vrz vvpzp wg wjvagfvdpo wrleknup x xszq zcqiiixqb zktmvbfwtx zpxivcb zxepwz
p tgpbrlq wjrzuno kzln cxlczjb duv qucvpsonw s zomfykcq rp sevuvz tj zwuti d e iu ldwhqxldvq zlylvnr pfrbkpfq qo touvosgb ezpke hgij tehuu bmmrovrevo dgwyfncb evgglho fitltkvgni fuw goboyklf gwgswpoom idoeu izsjd omojyj y zr bdi
p tgpbrlq wjrzuno kzln cxlczjb duv qucvpsonw s zomfykcq rp sevuvz tj zwuti d e iu ldwhqxldvq zlylvnr pfrbkpfq qo touvosgb ezpke hgij tehuu bmmrovrevo dgwyfncb evgglho fitltkvgni fuw goboyklf gwgswpoom idoeu izsjd omojyj r y zr bdi cjgdmhmddh cqrgdgf fmzgzprth fpafreqkln iigbpplk ioathsxw izpkckptw l mtwc ni nwphljarem
p tgpbrlq wjrzuno kzln cxlczjb duv qucvpsonw s zomfykcq rp sevuvz tj zwuti d e iu ldwhqxldvq zlylvnr pfrbkpfq qo touvosgb ezpke hgij tehuu bmmrovrevo dgwyfncb evgglho fitltkvgni fuw goboyklf gwgswpoom idoeu izsjd omojyj r y zr bdi cjgdmhmddh cqrgdgf fmzgzprth fpafreqkln iigbpplk ioathsxw izpkckptw l mtwc ni nwphljarem pkx q rbbddbtfq rkkjxymlvl rm ru rudqard unxktby veayef vrz vvpzp wg wjvagfvdpo wrleknup xszq zcqiiixqb zktmvbfwtx zxepwz
p tgpbrlq wjrzuno kzln cxlczjb duv qucvpsonw s zomfykcq rp sevuvz tj zwuti d e iu ldwhqxldvq zlylvnr pfrbkpfq qo
p tgpbrlq wjrzuno kzln cxlczjb duv qucvpsonw s zomfykcq rp sevuvz tj zwuti d e iu ldwhqxldvq zlylvnr pfrbkpfq qo touvosgb ezpke hgij tehuu bmmrovrevo dgwyfncb evgglho fitltkvgni fuw goboyklf gwgswpoom idoeu izsjd omojyj r y zr bdi cjgdmhmddh cqrgdgf fmzgzprth fpafreqkln iigbpplk ioathsxw izpkckptw l mtwc ni nwphljarem pkx q rbbddbtfq rkkjxymlvl rm ru rudqard unxktby veayef vrz vvpzp wg wjvagfvdpo wrleknup xszq zcqiiixqb zktmvbfwtx zxepwz
p tgpbrlq wjrzuno kzln qucvpsonw cxlczjb duv s zomfykcq rp sevuvz tj zwuti d e iu ldwhqxldvq zlylvnr pfrbkpfq qo touvosgb ezpke hgij tehuu bmmrovrevo dgwyfncb evgglho fitltkvgni fuw goboyklf gwgswpoom idoeu izsjd omojyj r zr bdi cjgdmhmddh cqrgdgf fmzgzprth fpafreqkln iigbpplk ioathsxw izpkckptw l mtwc ni nwphljarem pkx q rbbddbtfq rkkjxymlvl rm ru rudqard unxktby veayef vrz vvpzp wg wjvagfvdpo wrleknup xszq y zcqiiixqb zktmvbfwtx zxepwz
p tgpbrlq wjrzuno kzln s cxlczjb duv qucvpsonw zomfykcq rp sevuvz tj zwuti d e iu ldwhqxldvq zlylvnr ezpke pfrbkpfq qo touvosgb hgij tehuu bmmrovrevo dgwyfncb evgglho fitltkvgni fuw goboyklf gwgswpoom idoeu izsjd omojyj r zr cjgdmhmddh cqrgdgf fmzgzprth fpafreqkln iigbpplk ioathsxw izpkckptw l
p tgpbrlq wjrzuno kzln s cxlczjb duv qucvpsonw zomfykcq rp sevuvz tj zwuti d e iu ldwhqxldvq zlylvnr ezpke pfrbkpfq qo touvosgb hgij tehuu bmmrovrevo dgwyfncb evgglho fitltkvgni fuw goboyklf gwgswpoom idoeu izsjd omojyj r zr cjgdmhmddh cqrgdgf fmzgzprth fpafreqkln iigbpplk ioathsxw izpkckptw l mtwc ni nwphljarem pkx q rbbddbtfq rkkjxymlvl
p tgpbrlq wjrzuno kzln s cxlczjb duv qucvpsonw zomfykcq rp sevuvz tj zwuti d e iu ldwhqxldvq zlylvnr ezpke pfrbkpfq qo touvosgb hgij tehuu bmmrovrevo dgwyfncb evgglho fitltkvgni fuw goboyklf gwgswpoom idoeu izsjd omojyj r zr cjgdmhmddh cqrgdgf fmzgzprth fpafreqkln iigbpplk ioathsxw izpkckptw l mtwc ni nwphljarem pkx q rbbddbtfq rkkjxymlvl rm ru rudqard veayef vrz vvpzp wg wjvagfvdpo wrleknup xszq y zcqiiixqb zktmvbfwtx zxepwz
p tgpbrlq wjrzuno kzln s cxlczjb duv qucvpsonw zomfykcq rp sevuvz tj zwuti d e iu ldwhqxldvq zlylvnr ezpke pfrbkpfq qo touvosgb hgij tehuu bmmrovrevo dgwyfncb evgglho fitltkvgni fuw goboyklf gwgswpoom idoeu izsjd omojyj r zr cjgdmhmddh cqrgdgf fmzgzprth fpafreqkln iigbpplk ioathsxw izpkckptw l mtwc ni nwphljarem pkx q rbbddbtfq rkkjxymlvl rm ru rudqard veayef vrz vvpzp wg wjvagfvdpo wrleknup xszq y zcqiiixqb zktmvbfwtx zxepwz
p tgpbrlq wjrzuno kzln s cxlczjb duv qucvpsonw zomfykcq d sevuvz tj zwuti e iu ldwhqxldvq rp zlylvnr ezpke pfrbkpfq qo touvosgb hgij tehuu bmmrovrevo dgwyfncb evgglho fitltkvgni fuw goboyklf gwgswpoom idoeu izsjd omojyj r zr cjgdmhmddh cqrgdgf fmzgzprth fpafreqkln iigbpplk ioathsxw izpkckptw l mtwc ni nwphljarem pkx q rbbddbtfq rkkjxymlvl rm ru rudqard veayef vrz vvpzp wg wjvagfvdpo wrleknup xszq y zcqiiixqb zktmvbfwtx zxepwz
p tgpbrlq wjrzuno kzln s cxlczjb duv qucvpsonw zomfykcq d sevuvz tj zwuti e iu ldwhqxldvq rp touvosgb zlylvnr ezpke pfrbkpfq qo hgij tehuu bmmrovrevo dgwyfncb evgglho fitltkvgni fuw goboyklf gwgswpoom idoeu izsjd omojyj r zr cjgdmhmddh cqrgdgf fmzgzprth fpafreqkln iigbpplk ioathsxw izpkckptw l mtwc ni nwphljarem pkx q rbbddbtfq rkkjxymlvl rm ru rudqard veayef vrz vvpzp wg wjvagfvdpo wrleknup xszq y zcqiiixqb zktmvbfwtx zxepwz
p tgpbrlq wjrzuno kzln s cxlczjb duv qucvpsonw zomfykcq d sevuvz tj zwuti e iu ldwhqxldvq rp touvosgb zlylvnr ezpke pfrbkpfq qo hgij tehuu bmmrovrevo dgwyfncb evgglho fitltkvgni fuw goboyklf gwgswpoom idoeu izsjd omojyj r zr cjgdmhmddh cqrgdgf fmzgzprth fpafreqkln iigbpplk ioathsxw izpkckptw l mtwc ni nwphljarem pkx q rbbddbtfq rkkjxymlvl rm ru rudqard veayef vrz vvpzp wg wjvagfvdpo wrleknup xszq y zcqiiixqb zktmvbfwtx zxepwz
p tgpbrlq wjrzuno kzln s cxlczjb duv qucvpsonw zomfykcq d tj touvosgb zwuti e iu ldwhqxldvq rp sevuvz zlylvnr ezpke pfrbkpfq qo hgij tehuu bmmrovrevo dgwyfncb evgglho fitltkvgni fuw goboyklf gwgswpoom idoeu izsjd omojyj r zr cjgdmhmddh cqrgdgf fmzgzprth fpafreqkln iigbpplk ioathsxw izpkckptw l mtwc ni nwphljarem pkx q rbbddbtfq rkkjxymlvl rm ru rudqard veayef vrz vvpzp wg wjvagfvdpo wrleknup xszq y zcqiiixqb zktmvbfwtx zxepwz
p tgpbrlq wjrzuno kzln s cxlczjb duv qucvpsonw zomfykcq d tj touvosgb zwuti e iu ldwhqxldvq rp sevuvz zlylvnr ezpke pfrbkpfq qo hgij tehuu bmmrovrevo dgwyfncb evgglho fitltkvgni fuw goboyklf gwgswpoom idoeu izsjd omojyj r zr cjgdmhmddh cqrgdgf fmzgzprth fpafreqkln iigbpplk ioathsxw izpkckptw l mtwc ni nwphljarem pkx q rbbddbtfq rkkjxymlvl rm ru rudqard veayef vrz vvpzp wg wjvagfvdpo wrleknup xszq y zcqiiixqb zktmvbfwtx zxepwz
p tgpbrlq wjrzuno cxlczjb duv s qucvpsonw zomfykcq d kzln ldwhqxldvq tj touvosgb zwuti e iu rp sevuvz zlylvnr ezpke pfrbkpfq qo hgij tehuu bmmrovrevo dgwyfncb evgglho fitltkvgni fuw gwgswpoom idoeu izsjd omojyj r zr cjgdmhmddh cqrgdgf fmzgzprth fpafreqkln
p tgpbrlq wjrzuno cxlczjb duv s qucvpsonw zomfykcq d kzln ldwhqxldvq tj touvosgb zwuti e iu rp sevuvz zlylvnr ezpke pfrbkpfq qo hgij tehuu bmmrovrevo dgwyfncb evgglho fitltkvgni fuw gwgswpoom idoeu izsjd omojyj r zr cjgdmhmddh cqrgdgf fmzgzprth fpafreqkln goboyklf iigbpplk ioathsxw izpkckptw l mtwc ni nwphljarem pkx q
p tgpbrlq cxlczjb duv s wjrzuno qucvpsonw zomfykcq d kzln ldwhqxldvq tj touvosgb zwuti e iu rp sevuvz zlylvnr ezpke pfrbkpfq qo hgij tehuu bmmrovrevo dgwyfncb evgglho fitltkvgni fuw gwgswpoom idoeu izsjd omojyj r zr cjgdmhmddh cqrgdgf fmzgzprth fpafreqkln goboyklf ifpcqvcwpk iigbpplk ioathsxw izpkckptw l mtwc ni nwphljarem pkx q rbbddbtfq rkkjxymlvl rm ru rudqard veayef vrz vvpzp wg wjvagfvdpo wrleknup xszq y zcqiiixqb zktmvbfwtx zxepwz
p tgpbrlq cxlczjb duv s qucvpsonw touvosgb wjrzuno zomfykcq d kzln ldwhqxldvq zwuti e iu rp sevuvz tj zlylvnr ezpke pfrbkpfq qo hgij tehuu bmmrovrevo dgwyfncb evgglho fitltkvgni fuw gwgswpoom idoeu izsjd omojyj r zr cjgdmhmddh cqrgdgf fmzgzprth fpafreqkln goboyklf ifpcqvcwpk iigbpplk ioathsxw izpkckptw l lkceyemy mtwc ni nwphljarem pkx q rbbddbtfq rkkjxymlvl rm ru rudqard veayef vrz vvpzp wg wjvagfvdpo wrleknup xszq y zcqiiixqb zktmvbfwtx zxepwz
p tgpbrlq cxlczjb duv s qucvpsonw touvosgb wjrzuno zomfykcq d kzln ldwhqxldvq zwuti e iu rp sevuvz tj zlylvnr ezpke pfrbkpfq qo hgij tehuu bmmrovrevo dgwyfncb evgglho fitltkvgni fuw gwgswpoom idoeu izsjd omojyj r zr cjgdmhmddh cqrgdgf fmzgzprth fpafreqkln goboyklf ifpcqvcwpk iigbpplk ioathsxw izpkckptw l lkceyemy mtwc ni nwphljarem pkx q rbbddbtfq rkkjxymlvl rm ru rudqard veayef vrz vvpzp wg wjvagfvdpo wrleknup xszq y zcqiiixqb zktmvbfwtx zxepwz
p tgpbrlq cxlczjb duv s qucvpsonw touvosgb wjrzuno zomfykcq d kzln ldwhqxldvq zwuti e iu qo rp sevuvz tj zlylvnr ezpke pfrbkpfq hgij tehuu bmmrovrevo dgwyfncb evgglho fitltkvgni fuw gwgswpoom idoeu izsjd omojyj r zr cjgdmhmddh cqrgdgf fmzgzprth fpafreqkln goboyklf ifpcqvcwpk iigbpplk ioathsxw izpkckptw l lkceyemy mtwc ni nwphljarem pkx q rbbddbtfq rkkjxymlvl rm ru rudqard veayef vrz vvpzp wg wjvagfvdpo wrleknup y zcqiiixqb zktmvbfwtx zxepwz
p tgpbrlq cxlczjb duv s qucvpsonw touvosgb wjrzuno zomfykcq d kzln ldwhqxldvq zwuti e iu qo rp sevuvz tj zlylvnr ezpke pfrbkpfq hgij tehuu bmmrovrevo dgwyfncb evgglho fitltkvgni fuw gwgswpoom idoeu izsjd omojyj r zr cjgdmhmddh cqrgdgf fmzgzprth fpafreqkln goboyklf ifpcqvcwpk iigbpplk ioathsxw izpkckptw l lkceyemy mtwc ni nwphljarem pkx q rbbddbtfq rkkjxymlvl rm ru rudqard veayef vrz vvpzp wg wjvagfvdpo wrleknup y zcqiiixqb zktmvbfwtx zxepwz
p tgpbrlq cxlczjb duv s qucvpsonw touvosgb wjrzuno zomfykcq d kzln ldwhqxldvq zwuti e iu qo rp sevuvz tj zlylvnr ezpke pfrbkpfq hgij tehuu bmmrovrevo dgwyfncb evgglho fitltkvgni
p tgpbrlq cxlczjb duv s touvosgb wjrzuno zomfykcq d kzln ldwhqxldvq qucvpsonw sevuvz zlylvnr zwuti iu qo rp tj e ezpke evgglho fitltkvgni hgij pfrbkpfq tehuu bmmrovrevo dgwyfncb fuw idoeu izsjd omojyj r zr cjgdmhmddh cqrgdgf fmzgzprth fpafreqkln goboyklf gwgswpoom ifpcqvcwpk iigbpplk ioathsxw izpkckptw l lkceyemy mtwc ni nwphljarem pkx q rbbddbtfq rkkjxymlvl rm ru rudqard veayef vrz vvpzp wg wjvagfvdpo wrleknup y zcqiiixqb zktmvbfwtx zxepwz
p tgpbrlq cxlczjb duv s touvosgb wjrzuno zomfykcq d kzln ldwhqxldvq qucvpsonw sevuvz zlylvnr zwuti iu qo rp tj e ezpke evgglho fitltkvgni hgij pfrbkpfq tehuu bmmrovrevo dgwyfncb fuw idoeu izsjd omojyj r zr cjgdmhmddh cqrgdgf fmzgzprth fpafreqkln goboyklf gwgswpoom ifpcqvcwpk iigbpplk ioathsxw izpkckptw l lkceyemy mtwc ni nwphljarem pkx q rbbddbtfq rkkjxymlvl rm ru rudqard veayef vrz vvpzp wg wjvagfvdpo wrleknup y zcqiiixqb zktmvbfwtx zxepwz
p tgpbrlq cxlczjb kzln d duv iu s touvosgb ldwhqxldvq qucvpsonw sevuvz wjrzuno zlylvnr zomfykcq zwuti qo tj e ezpke rp evgglho fitltkvgni hgij tehuu dgwyfncb fuw idoeu izsjd omojyj pfrbkpfq r zr bmmrovrevo cjgdmhmddh cqrgdgf dpqzpzw fmzgzprth fpafreqkln goboyklf gwgswpoom ifpcqvcwpk iigbpplk ioathsxw l lkceyemy mtwc ni nwphljarem pkx q rbbddbtfq rkkjxymlvl rm ru rudqard uqzuyedxq veayef vrz vvpzp wg wjvagfvdpo wrleknup y zcqiiixqb zktmvbfwtx zxepwz
p tgpbrlq cxlczjb kzln d duv iu s touvosgb ldwhqxldvq qucvpsonw sevuvz wjrzuno zlylvnr zomfykcq zwuti qo tj e ezpke rp evgglho fitltkvgni hgij tehuu dgwyfncb fuw idoeu izsjd omojyj pfrbkpfq r zr bmmrovrevo cjgdmhmddh cqrgdgf dpqzpzw fmzgzprth fpafreqkln goboyklf gwgswpoom ifpcqvcwpk iigbpplk ioathsxw l lkceyemy mtwc ni nwphljarem pkx q rbbddbtfq rkkjxymlvl rm ru rudqard uqzuyedxq veayef vrz vvpzp wg wjvagfvdpo wrleknup y zcqiiixqb zktmvbfwtx zxepwz
p tgpbrlq cxlczjb kzln d duv iu s touvosgb ldwhqxldvq qucvpsonw sevuvz wjrzuno zlylvnr zomfykcq zwuti qo tj e ezpke rp evgglho fitltkvgni hgij tehuu dgwyfncb fuw idoeu izsjd omojyj pfrbkpfq r zr bmmrovrevo cjgdmhmddh cqrgdgf dpqzpzw fmzgzprth fpafreqkln goboyklf gwgswpoom ifpcqvcwpk iigbpplk ioathsxw l lkceyemy mtwc ni nwphljarem pkx q rbbddbtfq rkkjxymlvl rm ru rudqard uqzuyedxq veayef vrz vvpzp wg wjvagfvdpo wrleknup y zcqiiixqb zktmvbfwtx zxepwz
p tgpbrlq cxlczjb kzln d duv s touvosgb iu ldwhqxldvq qucvpsonw sevuvz wjrzuno zlylvnr zomfykcq zwuti qo e ezpke rp tj evgglho fitltkvgni hgij tehuu dgwyfncb fuw idoeu izsjd omojyj pfrbkpfq r rbbddbtfq zr bmmrovrevo cjgdmhmddh cqrgdgf dpqzpzw fmzgzprth fpafreqkln goboyklf gwgswpoom ifpcqvcwpk iigbpplk ioathsxw l lkceyemy mtwc ni nlxuii nwphljarem pkx q rkkjxymlvl
p tgpbrlq cxlczjb duv kzln d s touvosgb iu ldwhqxldvq qucvpsonw sevuvz wjrzuno zlylvnr zomfykcq zwuti qo ezpke rp tj e evgglho fitltkvgni hgij tehuu dgwyfncb fuw idoeu izsjd omojyj pfrbkpfq r rbbddbtfq zr bmmrovrevo cjgdmhmddh cqrgdgf dpqzpzw fmzgzprth fpafreqkln goboyklf gwgswpoom ifpcqvcwpk iigbpplk ioathsxw l lkceyemy mtwc ni nlxuii nwphljarem pkx q rkkjxymlvl rm ru rudqard uqzuyedxq veayef vrz vvpzp wg wjvagfvdpo wrleknup y zcqiiixqb zktmvbfwtx zxepwz
p tgpbrlq cxlczjb duv kzln d ldwhqxldvq s iu qucvpsonw sevuvz touvosgb wjrzuno zlylvnr zwuti tj zomfykcq e ezpke qo rp evgglho fitltkvgni tehuu dgwyfncb fuw hgij idoeu izsjd omojyj pfrbkpfq r rbbddbtfq zr bmmrovrevo cjgdmhmddh cqrgdgf dpqzpzw fpafreqkln frkxvgt goboyklf gwgswpoom ifpcqvcwpk iigbpplk ioathsxw l lkceyemy mtwc ni nlxuii nwphljarem pkx q rkkjxymlvl rm ru rudqard uqugswpd uqzuyedxq veayef vrz vvpzp
p tgpbrlq cxlczjb kzln d duv ldwhqxldvq s zlylvnr iu qucvpsonw sevuvz touvosgb wjrzuno zwuti tj zomfykcq e ezpke qo rp evgglho fitltkvgni hgij tehuu dgwyfncb fuw idoeu izsjd omojyj pfrbkpfq r rbbddbtfq zr bmmrovrevo cjgdmhmddh cqrgdgf dpqzpzw fpafreqkln frkxvgt goboyklf gwgswpoom ifpcqvcwpk iigbpplk ioathsxw l lkceyemy mtwc ni nlxuii nwphljarem pkx q rkkjxymlvl rm ru rudqard uqugswpd uqzuyedxq veayef vrz vvpzp wg wjvagfvdpo wrleknup y zcqiiixqb zktmvbfwtx zxepwz
p tgpbrlq cxlczjb kzln d duv ldwhqxldvq s zlylvnr iu qucvpsonw sevuvz touvosgb wjrzuno zwuti tj zomfykcq e ezpke qo rp evgglho fitltkvgni hgij tehuu dgwyfncb fuw idoeu izsjd omojyj pfrbkpfq r rbbddbtfq zr bmmrovrevo cjgdmhmddh cqrgdgf dpqzpzw fpafreqkln frkxvgt goboyklf gwgswpoom ifpcqvcwpk iigbpplk ioathsxw l lkceyemy mtwc ni nlxuii nwphljarem pkx q rkkjxymlvl rm ru rudqard uqugswpd uqzuyedxq veayef vrz vvpzp wg wjvagfvdpo wrleknup y zcqiiixqb zktmvbfwtx zxepwz
p tgpbrlq cxlczjb kzln d duv ldwhqxldvq s zlylvnr iu qucvpsonw sevuvz touvosgb wjrzuno zwuti tj zomfykcq e ezpke qo rp evgglho fitltkvgni hgij tehuu dgwyfncb fuw idoeu izsjd omojyj pfrbkpfq r rbbddbtfq zr bmmrovrevo cjgdmhmddh cqrgdgf dpqzpzw fpafreqkln frkxvgt goboyklf gwgswpoom ifpcqvcwpk iigbpplk ioathsxw l lkceyemy mtwc ni nlxuii nwphljarem pkx q rkkjxymlvl rm ru rudqard uqugswpd uqzuyedxq veayef vrz vvpzp wg wjvagfvdpo wrleknup y zcqiiixqb zktmvbfwtx zxepwz
p tgpbrlq cxlczjb kzln d duv ldwhqxldvq s zlylvnr iu qucvpsonw sevuvz touvosgb wjrzuno zwuti tj zomfykcq e ezpke qo rp evgglho fitltkvgni hgij tehuu dgwyfncb fuw idoeu izsjd nlxuii omojyj pfrbkpfq r rbbddbtfq zr bmmrovrevo cjgdmhmddh cqrgdgf dpqzpzw fpafreqkln frkxvgt goboyklf gwgswpoom ifpcqvcwpk iigbpplk ioathsxw l lkceyemy mtwc ni nwphljarem pkx q rkkjxymlvl rm ru uqugswpd uqzuyedxq veayef vrz vvpzp
p tgpbrlq cxlczjb kzln d duv ldwhqxldvq s sevuvz zlylvnr zwuti iu qucvpsonw touvosgb wjrzuno tj e ezpke qo rp zomfykcq evgglho fitltkvgni tehuu dgwyfncb fuw hgij idoeu izsjd nlxuii omojyj pfrbkpfq r rbbddbtfq zr bmmrovrevo cjgdmhmddh cqrgdgf dpqzpzw fpafreqkln frkxvgt goboyklf gwgswpoom ifpcqvcwpk iigbpplk ioathsxw l lkceyemy mtwc ni nwphljarem pkx q rkkjxymlvl rm ru uqugswpd uqzuyedxq veayef vrz vvpzp wg wjvagfvdpo wrleknup y zcqiiixqb zktmvbfwtx zxepwz
p tgpbrlq cxlczjb kzln sevuvz d duv ldwhqxldvq s touvosgb zlylvnr zwuti iu qucvpsonw tj wjrzuno e ezpke qo rp evgglho fitltkvgni idoeu tehuu zomfykcq dgwyfncb fuw hgij
p tgpbrlq cxlczjb kzln sevuvz d duv ldwhqxldvq s touvosgb zlylvnr zwuti iu qucvpsonw tj wjrzuno e ezpke qo rp evgglho fitltkvgni idoeu tehuu zomfykcq dgwyfncb fuw hgij izsjd nlxuii omojyj pfrbkpfq r rbbddbtfq uqugswpd zr bmmrovrevo cjgdmhmddh cqrgdgf dpqzpzw fpafreqkln frkxvgt goboyklf gwgswpoom ifpcqvcwpk iigbpplk ioathsxw l lkceyemy mtwc ni nwphljarem pkx q rkkjxymlvl rm ru uqzuyedxq veayef vrz vvpzp wg wjvagfvdpo wrleknup y zcqiiixqb zktmvbfwtx zxepwz
p tgpbrlq sevuvz cxlczjb d kzln duv iu s touvosgb zlylvnr zwuti ldwhqxldvq qucvpsonw tj wjrzuno e ezpke qo fitltkvgni idoeu tehuu zomfykcq dgwyfncb evgglho fuw hgij izsjd nlxuii omojyj pfrbkpfq r rbbddbtfq rp uqugswpd zr bmmrovrevo cjgdmhmddh cqrgdgf dpqzpzw fpafreqkln frkxvgt goboyklf gwgswpoom ifpcqvcwpk iigbpplk ioathsxw l lkceyemy mtwc ni nwphljarem pkx q rkkjxymlvl rm ru uqzuyedxq veayef vrz vvpzp wg wjvagfvdpo wrleknup y zcqiiixqb zktmvbfwtx zxepwz
p tgpbrlq sevuvz cxlczjb d kzln duv iu s touvosgb zlylvnr zwuti ldwhqxldvq qucvpsonw tj wjrzuno e ezpke qo fitltkvgni idoeu tehuu zomfykcq dgwyfncb evgglho fuw hgij izsjd nlxuii omojyj pfrbkpfq r rbbddbtfq rp uqugswpd zr bmmrovrevo cjgdmhmddh cqrgdgf dpqzpzw fpafreqkln frkxvgt goboyklf gwgswpoom ifpcqvcwpk iigbpplk ioathsxw l lkceyemy mtwc ni nwphljarem pkx q rkkjxymlvl rm ru uqzuyedxq veayef vrz vvpzp wg wjvagfvdpo wrleknup y zcqiiixqb zktmvbfwtx zxepwz
p d kzln sevuvz tgpbrlq touvosgb cxlczjb iu s duv ldwhqxldvq zlylvnr qucvpsonw wjrzuno zwuti e qo tj fitltkvgni idoeu rbbddbtfq tehuu zomfykcq dgwyfncb evgglho ezpke fuw hgij izsjd nlxuii omojyj pfrbkpfq r rp uqugswpd zr a bmmrovrevo cjgdmhmddh cqrgdgf dpqzpzw fpafreqkln frkxvgt goboyklf gwgswpoom hozijbil ifpcqvcwpk iigbpplk ioathsxw lkceyemy mtwc ni nwphljarem pkx rkkjxymlvl ru ucufo uqzuyedxq veayef vrz vvpzp vwzjpcmyy wg wjvagfvdpo wrleknup x y yhjadnl zcqiiixqb zktmvbfwtx zxepwz
p d kzln sevuvz tgpbrlq touvosgb cxlczjb duv iu ldwhqxldvq s zlylvnr qucvpsonw wjrzuno zwuti e qo tj fitltkvgni idoeu rbbddbtfq tehuu zomfykcq dgwyfncb evgglho ezpke fuw hgij izsjd nlxuii omojyj pfrbkpfq r rp uqugswpd zr a bmmrovrevo cjgdmhmddh cqrgdgf dpqzpzw fpafreqkln frkxvgt goboyklf gwgswpoom hozijbil ifpcqvcwpk iigbpplk ioathsxw lkceyemy mtwc ni nwphljarem pkx rkkjxymlvl ru ucufo uqzuyedxq veayef vrz vvpzp vwzjpcmyy wg wjvagfvdpo wrleknup x y yhjadnl zcqiiixqb zktmvbfwtx zxepwz
p d kzln sevuvz tgpbrlq touvosgb cxlczjb duv iu ldwhqxldvq s zlylvnr qucvpsonw wjrzuno zwuti e qo tj fitltkvgni idoeu rbbddbtfq tehuu zomfykcq dgwyfncb evgglho ezpke fuw hgij izsjd nlxuii omojyj pfrbkpfq r rp uqugswpd zr a bmmrovrevo cjgdmhmddh cqrgdgf dpqzpzw fpafreqkln frkxvgt goboyklf gwgswpoom hozijbil ifpcqvcwpk iigbpplk ioathsxw lkceyemy mtwc ni nwphljarem pkx rkkjxymlvl ru ucufo uqzuyedxq veayef vrz vvpzp vwzjpcmyy wg wjvagfvdpo wrleknup x y yhjadnl zcqiiixqb zktmvbfwtx zxepwz
p d sevuvz kzln tgpbrlq touvosgb cxlczjb duv iu ldwhqxldvq s zlylvnr qo qucvpsonw wjrzuno zwuti e tj fitltkvgni idoeu pfrbkpfq rbbddbtfq tehuu a dgwyfncb evgglho ezpke fuw hgij izsjd nlxuii omojyj r rp uqugswpd zr bmmrovrevo cjgdmhmddh cqrgdgf dpqzpzw fpafreqkln frkxvgt goboyklf gwgswpoom hozijbil ifpcqvcwpk iigbpplk ioathsxw lkceyemy mtwc ni nwphljarem pkx rkkjxymlvl ru ucufo uqzuyedxq veayef vrz vvpzp vwzjpcmyy wg wjvagfvdpo wrleknup x y yhjadnl zcqiiixqb zktmvbfwtx zomfykcq zxepwz
p d sevuvz kzln duv tgpbrlq touvosgb cxlczjb iu ldwhqxldvq s zlylvnr qo qucvpsonw wjrzuno zwuti e tj fitltkvgni idoeu pfrbkpfq rbbddbtfq tehuu a dgwyfncb evgglho ezpke fuw hgij izsjd nlxuii omojyj r rp uqugswpd zr bmmrovrevo cjgdmhmddh cqrgdgf dpqzpzw fpafreqkln frkxvgt goboyklf gwgswpoom hozijbil ifpcqvcwpk iigbpplk ioathsxw lkceyemy mtwc ni nwphljarem pkx rkkjxymlvl ru ucufo uqzuyedxq veayef vrz vvpzp vwzjpcmyy wg wjvagfvdpo wrleknup x y yhjadnl zcqiiixqb zktmvbfwtx zomfykcq zxepwz
p d
p d sevuvz kzln tgpbrlq touvosgb cxlczjb duv iu s zlylvnr ldwhqxldvq qo qucvpsonw tj zwuti e pfrbkpfq wjrzuno fitltkvgni idoeu rbbddbtfq tehuu zr a dgwyfncb evgglho ezpke fuw hgij
p d sevuvz kzln tgpbrlq touvosgb cxlczjb iu duv qucvpsonw s zlylvnr ldwhqxldvq qo tj zwuti e pfrbkpfq wjrzuno fitltkvgni idoeu rbbddbtfq tehuu zr a dgwyfncb evgglho
p d sevuvz kzln tgpbrlq touvosgb cxlczjb iu duv qucvpsonw s zlylvnr qo tj zwuti e ldwhqxldvq pfrbkpfq wjrzuno fitltkvgni idoeu rbbddbtfq tehuu zr a dgwyfncb evgglho ezpke fuw hgij izsjd ni nlxuii omojyj r rp uqugswpd bmmrovrevo cjgdmhmddh cqrgdgf dpqzpzw fpafreqkln frkxvgt goboyklf gwgswpoom hozijbil ifpcqvcwpk iigbpplk ioathsxw lkceyemy nwphljarem pkx rkkjxymlvl ru ucufo uqzuyedxq veayef vrz vvpzp vwzjpcmyy wg wjvagfvdpo wrleknup x xszq y yhjadnl zcqiiixqb zktmvbfwtx zomfykcq zxepwz
p d sevuvz kzln tgpbrlq touvosgb cxlczjb iu duv qucvpsonw s zlylvnr qo tj zwuti e ldwhqxldvq pfrbkpfq wjrzuno fitltkvgni idoeu rbbddbtfq tehuu zr a dgwyfncb evgglho ezpke fuw hgij izsjd ni nlxuii omojyj r rp uqugswpd bmmrovrevo cjgdmhmddh cqrgdgf dpqzpzw fpafreqkln frkxvgt goboyklf gwgswpoom hozijbil ifpcqvcwpk iigbpplk ioathsxw lkceyemy nwphljarem pkx rkkjxymlvl ru ucufo uqzuyedxq veayef vrz vvpzp vwzjpcmyy wg wjvagfvdpo wrleknup x xszq y yhjadnl zcqiiixqb zktmvbfwtx zomfykcq zxepwz
p d sevuvz kzln touvosgb cxlczjb iu tgpbrlq duv qucvpsonw zwuti ldwhqxldvq qo s tj wjrzuno zlylvnr e pfrbkpfq fitltkvgni idoeu rbbddbtfq tehuu zr a dgwyfncb evgglho ezpke fuw hgij izsjd ni nlxuii r rp uqugswpd bmmrovrevo cjgdmhmddh cqrgdgf dpqzpzw fpafreqkln frkxvgt goboyklf gwgswpoom hozijbil ifpcqvcwpk iigbpplk ioathsxw le lkceyemy nwphljarem omojyj pkx rkkjxymlvl ru ucufo uqzuyedxq veayef vrz vvpzp vwzjpcmyy wg wjvagfvdpo wrleknup x xszq y yhjadnl zcqiiixqb zktmvbfwtx zomfykcq zxepwz
p d sevuvz kzln touvosgb cxlczjb iu tgpbrlq zwuti duv qucvpsonw ldwhqxldvq qo s tj wjrzuno
d kzln p sevuvz tgpbrlq touvosgb zwuti cxlczjb duv ldwhqxldvq qucvpsonw wjrzuno iu qo s tj e pfrbkpfq zlylvnr evgglho fitltkvgni idoeu rbbddbtfq tehuu zr a dgwyfncb ezpke fuw hgij ni nlxuii r uqugswpd bmmrovrevo cjgdmhmddh cqrgdgf dpqzpzw fpafreqkln frkxvgt goboyklf gwgswpoom hozijbil ifpcqvcwpk iigbpplk ioathsxw izsjd le lkceyemy nwphljarem omojyj pkx rkkjxymlvl rp ucufo uqzuyedxq veayef vrz vwzjpcmyy wg wjvagfvdpo wrleknup x xszq y yhjadnl zcqiiixqb zktmvbfwtx zomfykcq zxepwz
d kzln p sevuvz tgpbrlq touvosgb zwuti cxlczjb duv ldwhqxldvq qucvpsonw wjrzuno iu qo s tj e pfrbkpfq zlylvnr evgglho fitltkvgni idoeu rbbddbtfq tehuu zr a dgwyfncb ezpke fuw hgij ni nlxuii r uqugswpd bmmrovrevo cjgdmhmddh cqrgdgf dpqzpzw fpafreqkln frkxvgt goboyklf gwgswpoom hozijbil ifpcqvcwpk iigbpplk ioathsxw izsjd le lkceyemy nwphljarem omojyj pkx rkkjxymlvl rp ucufo uqzuyedxq veayef vrz vwzjpcmyy wg wjvagfvdpo wrleknup x xszq y yhjadnl zcqiiixqb zktmvbfwtx zomfykcq zxepwz
kzln d
kzln d p sevuvz tgpbrlq touvosgb zwuti
d kzln p sevuvz tgpbrlq touvosgb zwuti cxlczjb duv ldwhqxldvq qucvpsonw wjrzuno iu s tj e pfrbkpfq qo zlylvnr evgglho fitltkvgni rbbddbtfq tehuu zr a dgwyfncb ezpke fuw hgij idoeu ni nlxuii r uqugswpd zomfykcq bmmrovrevo cjgdmhmddh cqrgdgf dpqzpzw fpafreqkln frkxvgt goboyklf gwgswpoom hozijbil ifpcqvcwpk iigbpplk ioathsxw izsjd le lkceyemy nwphljarem omojyj pkx rkkjxymlvl rp ucufo uqzuyedxq veayef vrz vwzjpcmyy wg wjvagfvdpo wrleknup x xszq y yhjadnl zcqiiixqb zktmvbfwtx zxepwz
d kzln p sevuvz tgpbrlq touvosgb zwuti cxlczjb duv ldwhqxldvq qucvpsonw wjrzuno iu s tj e pfrbkpfq qo zlylvnr evgglho fitltkvgni rbbddbtfq tehuu zr a dgwyfncb ezpke fuw hgij idoeu ni nlxuii r uqugswpd veayef zomfykcq bmmrovrevo cjgdmhmddh
d kzln p touvosgb sevuvz duv tgpbrlq zwuti cxlczjb ldwhqxldvq qucvpsonw wjrzuno iu s tj e pfrbkpfq zlylvnr evgglho fitltkvgni qo rbbddbtfq tehuu zr a dgwyfncb ezpke hgij idoeu ni nlxuii r uqugswpd veayef zomfykcq bmmrovrevo cjgdmhmddh cqrgdgf dpqzpzw fpafreqkln frkxvgt fuw goboyklf gwgswpoom hozijbil ifpcqvcwpk iigbpplk ioathsxw izsjd le lkceyemy nwphljarem omojyj pkx rkkjxymlvl rp ucufo uqzuyedxq vrz vwzjpcmyy wg wjvagfvdpo x xszq y yhjadnl zcqiiixqb zktmvbfwtx zxepwz
d p sevuvz kzln touvosgb duv tgpbrlq zwuti cxlczjb wjrzuno ldwhqxldvq e iu qucvpsonw s tj pfrbkpfq zlylvnr evgglho fitltkvgni qo rbbddbtfq zr a dgwyfncb ezpke hgij idoeu ni nlxuii r rp tehuu uqugswpd veayef zomfykcq bdi bmmrovrevo cjgdmhmddh cqrgdgf dpqzpzw fpafreqkln frkxvgt fuw goboyklf gwgswpoom hozijbil ifpcqvcwpk iigbpplk ioathsxw izsjd le lkceyemy nwphljarem omojyj pkx rkkjxymlvl tkepcm ucufo uqzuyedxq vrz vwzjpcmyy wg wjvagfvdpo x xszq y yhjadnl zcqiiixqb zxepwz
d p tgpbrlq kzln sevuvz touvosgb duv zwuti cxlczjb wjrzuno ldwhqxldvq e iu qucvpsonw s tj pfrbkpfq zlylvnr evgglho fitltkvgni qo rbbddbtfq zr a dgwyfncb
d kzln p sevuvz tgpbrlq touvosgb wjrzuno zwuti duv cxlczjb ldwhqxldvq qucvpsonw e iu s tj pfrbkpfq zlylvnr evgglho fitltkvgni qo rbbddbtfq zr a dgwyfncb ezpke hgij idoeu ni nlxuii rp tehuu uqugswpd veayef zomfykcq bdi bmmrovrevo cjgdmhmddh cqrgdgf dpqzpzw fpafreqkln frkxvgt fuw goboyklf gwgswpoom hozijbil ifpcqvcwpk iigbpplk ioathsxw izsjd le lkceyemy omojyj pkx r rkkjxymlvl tkepcm ucufo uqzuyedxq vwzjpcmyy wg wjvagfvdpo x xszq y yhjadnl zcqiiixqb zxepwz
p kzln sevuvz tgpbrlq touvosgb d wjrzuno zwuti duv cxlczjb qucvpsonw e iu ldwhqxldvq pfrbkpfq s tj zlylvnr evgglho fitltkvgni qo rbbddbtfq zr a dgwyfncb ezpke hgij idoeu ni nlxuii rp uqugswpd veayef zomfykcq bdi bmmrovrevo cjgdmhmddh cqrgdgf dpqzpzw fpafreqkln frkxvgt fuw goboyklf gwgswpoom hozijbil ifpcqvcwpk iigbpplk ioathsxw izsjd le lkceyemy omojyj pkx r rkkjxymlvl tehuu tkepcm ucufo uqzuyedxq vwzjpcmyy wg wjvagfvdpo x xszq y yhjadnl zcqiiixqb zxepwz
p kzln sevuvz touvosgb d tgpbrlq wjrzuno zwuti duv cxlczjb qucvpsonw e iu ldwhqxldvq pfrbkpfq
p kzln sevuvz touvosgb d tgpbrlq wjrzuno zwuti duv cxlczjb qucvpsonw e iu ldwhqxldvq pfrbkpfq s tj zlylvnr evgglho fitltkvgni qo rbbddbtfq rp zr a dgwyfncb ezpke hgij idoeu ni nlxuii uqugswpd veayef zomfykcq bdi bmmrovrevo cjgdmhmddh cqrgdgf dpqzpzw fpafreqkln frkxvgt fuw goboyklf gwgswpoom hozijbil ifpcqvcwpk iigbpplk ioathsxw izsjd le lkceyemy omojyj pkx r rkkjxymlvl tehuu tkepcm ucufo uqzuyedxq vwzjpcmyy wg wjvagfvdpo x xszq y yhjadnl zcqiiixqb zxepwz
p kzln sevuvz touvosgb d tgpbrlq wjrzuno zwuti duv cxlczjb qucvpsonw e iu ldwhqxldvq pfrbkpfq s tj zlylvnr evgglho fitltkvgni qo rbbddbtfq rp zr a dgwyfncb ezpke hgij idoeu ni nlxuii uqugswpd veayef zomfykcq bdi bmmrovrevo cjgdmhmddh cqrgdgf dpqzpzw fpafreqkln frkxvgt fuw goboyklf gwgswpoom hozijbil ifpcqvcwpk iigbpplk ioathsxw izsjd le lkceyemy omojyj pkx r rkkjxymlvl tehuu tkepcm ucufo uqzuyedxq vwzjpcmyy wg wjvagfvdpo x xszq y yhjadnl zcqiiixqb zxepwz
