921
7529
7954
14030
24009
31708
32079
35827
38248
40621
48164
56385
59815
67320
68245
74917
77482
79378
85401
86530
89660
93046
97626
103971
107869
110031
118701
122031
131844
133267
137717
141645
141698
143923
147921
149266
156548
164861
167132
170167
176946
185430
185569
192266
197348
204871
212219
215604
215735
218732
221393
225475
230987
240541
246915
247683
254851
262959
267291
275720
283354
288343
288564
291159
298968
306278
306499
316283
316955
318725
323418
326797
335725
336631
340872
341565
349961
356649
363049
366397
368322
374806
379962
382781
391019
394400
403143
404603
407959
413088
422150
424690
432922
439989
447055
452047
452448
458228
459676
460185
464314
472809
472956
473333
479891
489331
494023
494368
499541
501191
504435
514267
521606
523726
526749
534949
538503
547030
549662
550924
553700
562164
563668
567729
577089
577400
583929
586076
595860
603629
613300
621247
622951
631954
640172
648670
652177
659922
661808
669729
670688
680308
686339
691806
699852
703196
708669
711094
718433
720110
728266
735999
737218
738906
743284
745666
750994
760224
762457
768437
778179
779394
779849
780829
790568
796078
802973
804607
813988
818166
818363
820248
820519
828576
829388
838263
842424
848535
854788
861231
866776
874305
879449
889038
897079
897280
902995
904730
910717
915200
921396
929262
930716
933203
937780
946983
952818
959315
961247
962613
963707
967977
970745
976543
982034
983095
991176
995908
996926
1004923
1012623
1013241
1015073
1020971
1030746
1040679
1050020
1050184
1053756
1056558
1062818
1066526
1067732
1072276
1078002
1086686
1087802
1096561
1105413
1111414
1113722
1123473
1123681
1131149
1132718
1133271
1140107
1140487
1143969
1149033
1151549
1160499
1163781
1172935
1176472
1184440
1186794
1189047
1195908
1204652
1204941
1211163
1219626
1223787
1225276
1229155
1230788
1239881
1246551
1249104
1249777
1254868
1255142
1263338
1269444
1272589
1279640
1289538
1290645
1295600
1296748
1298110
1304395
1305359
1314235
1317100
1317558
1324599
1327991
1334637
1337500
1346443
1350319
1357834
1359959
1365076
1373896
1380497
1383027
1384963
1390114
1398310
1405173
1407736
1412736
1414716
1421826
1427363
1435680
1445435
1450067
1460029
1462995
1470649
1477929
1483223
1488463
1489590
1498143
1504123
1509138
1512670
1514420
1515688
1524944
1525246
1533387
1542728
1547422
1556095
1566015
1568486
1578082
1580348
1589393
1598088
1606110
1614019
1623565
1625538
1627258
1627595
1629617
1639055
1642197
1649311
1651324
1651602
1661266
1662238
1669423
1677759
1678065
1679066
1680203
1689326
1690877
1698066
1706501
1715128
1719386
1720113
1728910
1729972
1732901
1739373
1740134
1746861
1749555
1751467
1754287
1761564
1766874
1776341
1783763
1788106
1790408
1791901
1795966
1801761
1809993
1811102
1811460
1819701
1823772
1833613
1841125
1843501
1845119
1851600
1856784
1859061
1861500
1867554
1873311
1881399
1883213
1888315
1892821
1895308
1905062
1906210
1916161
1923252
1931939
1935154
1942470
1947787
1948847
1958356
1966605
1975529
1977976
1980395
1982843
1987950
1990620
1999380
1999912
2005873
2007501
2009643
2016692
2018041
2027937
2036127
2040634
2046395
2051474
2058653
2066139
2073467
2076743
2082164
2090977
2093901
2095854
2096253
2096684
2097577
2097622
2100292
2100885
2101970
2107813
2108766
2116890
2117605
2121012
2124175
2133565
2138755
2148065
2155754
2161833
2171058
2173110
2177113
2180470
2186946
2192656
2195819
2197942
2207075
2213413
2214880
2223448
2226903
2235331
2240712
2246899
2255066
2263835
2267422
2271006
2272804
2276244
2281049
2287011
2292228
2301592
2307808
2308506
2311611
2318614
2321218
2327597
2332675
2337011
2337804
2338822
2339832
2340597
2347656
2349495
2354293
2355399
2360699
2361208
2363837
2366969
2376906
2382076
2388829
2394273
2397751
2398260
2407871
2417264
2422713
2426803
2431375
2434424
2441657
2445927
2452891
2461518
2469190
2478657
2483604
2487476
2495404
2504110
2504616
2511504
2519572
2526619
2527718
2528554
2535806
2541793
2550034
2554513
2564280
2565519
2572611
2575506
2577903
2582992
2588140
2588924
2593583
2596555
2598574
2601590
2606481
2607563
2610767
2613220
2617660
2626849
2631895
2633868
2638555
2641007
2643896
2646879
2647781
2648651
2655495
2664870
2672236
2677106
2686955
2688819
2693126
2702502
2705026
2709224
2710321
2712005
2714181
2720183
2730006
2738147
2746070
2755870
2757432
2761119
2765574
2768148
2775202
2775764
2780209
2785443
2790979
2795012
2797005
2803441
2808156
2808780
2816562
2825562
2835062
2841535
2842186
2845479
2849113
2857347
2861804
2864550
2870515
2872247
2876801
2878583
2880694
2884229
2886533
2891891
2897883
2906671
2911665
2912304
2919855
2924752
2934361
2936132
2943708
2947637
2948659
2956566
2957560
2962043
2966848
2976395
2978802
2980690
2981005
2984288
2985345
2990645
2992626
3000354
3003080
3005916
3011200
3019560
3022688
3030610
3037311
3047067
3054105
3055301
3061017
3063213
3069938
3075756
3079463
3080282
3081338
3085406
3095329
3100760
3106575
3115094
3121311
3125717
3130903
3138197
3139738
3140928
3142531
3144286
3144371
3153039
3160077
3166042
3175770
3185177
3186981
3192760
3202154
3203948
3213433
3222834
3227997
3228173
3232013
3240588
3246287
3247922
3257663
3264618
3274175
3280861
3282786
3286573
3291220
3299429
3302948
3308290
3312325
3317871
3327352
3332579
3341925
3346165
3354226
3357960
3366437
3370505
3374577
3377718
3381967
3386181
3396150
3402835
3410907
3417735
3419130
3424082
3428022
3431065
3437054
3441158
3449533
3454326
3459812
3465784
3474931
3479829
3484140
3485933
3486303
3490652
3491884
3494100
3500632
3503287
3506565
3508230
3517738
3526693
3528150
3537904
3543700
3546955
3552938
3558381
3561533
3563828
3572382
3573632
3575052
3584938
3586302
3588787
3595500
3598055
3604123
3610727
3618591
3621499
3628513
3633676
3641803
3642241
3648570
3651041
3659962
3662321
3670470
3676923
3682047
3684638
3693750
3697767
3704754
3713714
3718675
3721849
3727968
3729573
3733035
3739571
3745016
3750168
3759039
3761915
3765363
3771082
3774234
3779954
3787451
3792342
3799472
3799621
3805461
3808693
3814372
3819110
3824760
3834069
3841821
3851596
3852151
3862146
3869534
3878179
3881145
3890537
3896474
3899017
3902964
3905257
3911030
3918056
3924549
3928776
3932500
3935782
3936281
3941112
3943317
3951589
3953736
3954722
3959547
3961474
3970004
3973997
3978514
3982169
3982765
3986846
3993129
4000345
4008419
4016420
4024782
4028570
4029774
4030018
4030287
4032244
4041857
4047085
4047774
4049056
4053643
4061588
4066569
4071372
4080534
4083482
4086131
4088924
4089122
4093733
4094248
4103808
4104769
4106153
4107502
4117487
4118619
4123305
4126889
4136497
4136698
4139502
4142901
4150722
4152938
4162295
4170993
4176895
4178691
4184531
4187050
4188423
4194549
4198493
4202602
4210834
4213834
4222948
4224309
4231199
4240032
4249361
4259301
4263534
4272038
4275301
4280663
4283767
4290196
4290919
4294320
4295503
4303139
4303171
4311148
4315290
4323405
4325736
4329306
4336590
4340528
4348350
4356312
4358077
4362941
4371603
4379159
4380012
4381563
4382700
4385761
4392431
4396470
4397171
4405405
4413293
4422976
4431101
4435006
4441769
4446267
4452758
4456422
4463179
4470721
4472228
4474355
4478589
4479016
4487830
4491995
4494614
4503922
4510409
4514997
4524736
4533590
4534960
4535802
4538884
4541724
4551018
4555159
4555598
4556508
4557475
4561900
4570566
4571810
4572116
4581592
4585513
4594511
4597675
4607414
4616830
4620557
4622930
4629022
4637920
4645763
4648727
4650345
4656129
4664552
4666641
4672092
4679049
4681748
4688017
4689450
4697497
4702150
4711654
4718178
4718709
4719501
4727773
4733299
4736782
4745671
4749592
4755469
4761531
4765377
4770339
4773726
4778723
4786634
4786761
4792030
4795542
4796673
4799215
4801413
4809647
4812234
4818642
4819919
4821605
4822922
4828307
4833980
4843788
4845508
4846638
4848481
4854393
4860060
4865449
4870373
4875111
4877799
4884122
4893793
4897273
4900655
4902728
4904351
4911717
4921137
4923996
4924402
4926205
4927054
4931236
4935649
4940787
4944980
4952512
4954617
4954750
4961327
4966051
4973003
4977417
4987414
4993600
4996092
5002945
5011330
5015686
5020966
5027800
5029979
5037520
5046557
5052257
5060853
5063474
5064350
5073850
5077653
5079829
5083640
5090698
5099303
5108216
5116476
5120307
5127276
5127874
5129548
5137347
5139727
5148618
5151889
5155778
5157986
5161080
5162492
5168375
5169831
5177069
5183740
5191126
5199059
5205174
5207303
5212756
5217238
5218283
5223431
5224296
5232278
5240550
5241189
5250076
5258685
5263201
5263245
5268860
5278305
5283055
5289967
5295383
5298499
5301215
5310560
5312918
5321929
5326611
5331631
5333213
5337894
5340407
5346176
5346660
5353972
5363211
5372038
5379945
5384072
5391225
5392380
5392644
5397636
5398686
5404031
5410360
5416259
5422482
5424828
5425246
5425958
5430705
5433781
5438647
5448202
5448655
5454507
5459342
5462819
5464599
5473716
5478489
5485962
5493982
5499571
5502339
5510561
5513603
5516180
5520087
5522833
5526791
5530176
5531723
5541673
5551398
5560381
5569570
5570590
5571025
5572545
5574412
5584262
5589669
5597828
5603082
5613066
5615114
5622804
5631758
5640605
5641508
5647445
5655406
5662996
5665137
5670121
5674380
5681280
5682560
5686196
5688286
5695211
5696106
5703486
5708025
5710609
5718933
5724790
5729143
5732289
5732903
5739816
5740593
5750577
5757068
5758022
5766559
5772829
5780420
5787295
5796922
5799655
5804648
5810913
5812363
5815281
5818575
5826345
5831338
5834270
5843558
5846824
5851066
5860091
5867178
5872956
5878620
5879332
5885838
5894518
5900047
5908468
5916399
5919473
5924624
5925448
5935295
5940326
5940935
5942148
5951939
5959048
5966545
5966934
5967773
5976703
5982832
5991902
6000986
6008446
6012549
6014075
6023718
6026992
6033065
6037736
6047199
6053972
6060444
6063197
6064402
6066731
6068925
6069472
6074269
6080259
6085620
6093987
6095727
6105294
6111907
6116284
6124279
6124562
6124870
6126225
6126842
6127173
6136323
6141629
6146906
6156005
6159908
6167237
6173958
6177902
6183021
6183902
6187040
6188672
6198046
6206700
6206780
6213478
6216405
6223543
6227060
6229994
6230815
6239894
6241170
6250858
6258223
6267949
6268674
6274831
6283132
6285579
6294448
6299827
6301250
6303056
6309581
6316671
6324631
6330139
6332819
6342493
6343988
6346132
6349420
6351158
6354170
6358058
6368032
6374200
6379372
6380098
6380727
6389232
6392225
6396270
6402448
6407927
6409378
6414942
6424745
6425925
6431756
6439129
6448762
6454351
6454966
6464412
6466837
6470955
6479295
6486210
6490887
6500699
6500735
6500802
6500900
6507353
6512057
6512466
6515439
6515663
6516684
6524565
6524602
6532952
6539925
6545478
6548023
6550753
6556979
6566050
6566165
6571193
6571868
6574577
6581114
6582105
6591175
6593653
6596097
6597821
6602546
6607845
6616453
6624185
6629961
6631811
6641051
6641492
6650834
6657155
6661756
6671575
6677176
6677801
6683203
6688054
6695052
6702649
6704430
6708736
6710661
6711100
6711925
6718426
6725877
6726643
6731638
6732866
6742012
6745602
6752818
6762660
6768801
6778015
6784957
6791714
6793374
6803276
6806034
6807790
6817704
6819745
6821350
6824413
6830934
6836582
6838883
6842209
6850247
6851066
6857752
6860570
6862407
6866359
6873795
6877248
6885973
6891465
6894823
6901659
6907083
6908242
6916917
6921209
6925178
6926023
6932614
6939057
6944792
6952625
6953967
6961609
6970582
6976817
6976905
6986057
6994608
7003460
7003693
7006821
7016395
7018299
7025007
7033887
7042030
7047098
7055762
7065483
7073446
7076607
7078244
7087758
7097421
7100546
7105293
7114759
7118169
7120929
7121173
7121545
7122956
7123615
7132769
7134031
7134785
7140422
7141730
7150755
7153974
7163246
7165010
7170001
7170059
7178454
7186726
7189307
7190934
7195282
7202974
7211647
7213064
7220038
7222238
7230554
7240202
7244088
7249776
7254964
7255110
7264819
7266027
7271372
7277189
7284658
7290421
7291031
7294684
7301915
7309129
7315840
7323960
7329932
7331740
7334035
7342051
7347743
7355028
7360512
7364750
7370848
7377861
7381356
7389303
7394045
7403264
7410561
7412523
7418353
7421586
7428958
7432749
7437561
7444643
7445320
7447950
7451342
7458535
7464265
7467066
7471228
7477936
7486664
7491941
7499110
7500312
7503977
7505019
7513553
7517448
7525698
7528951
7535285
7541946
7550715
7553476
7559549
7562765
7570854
7578949
7586828
7592694
7593039
7593722
7595050
7599425
7606776
7607666
7616779
7623858
7628096
7628595
7636539
7640671
7647643
7649681
7655255
7656376
7664672
7668065
7671551
7679047
7687755
7690524
7695914
7696368
7697467
7701049
7708771
7711608
7720515
7728922
7734697
7738393
7745831
7753838
7757728
7767646
7776930
7786182
7789898
7790558
7796530
7805992
7807385
7814459
7820569
7827417
7831163
7832378
7838397
7841042
7842635
7843513
7847998
7849883
7850493
7855869
7865025
7870614
7877688
7881604
7887201
7896931
7897841
7905339
7913633
7917638
7922136
7925524
7934780
7943900
7953856
7956658
7965012
7972138
7979500
7989440
7995635
7998984
8004972
8007508
8013266
8019822
8028238
8031465
8031844
8036748
8039800
8047289
8053351
8061088
8061593
8070343
8079637
8083576
8086416
8090415
8094302
8098758
8105690
8112186
8113228
8113369
8115986
8124219
8124880
8126098
8132094
8134320
8144113
8151955
8161799
8169244
8178227
8181598
8187835
8194866
8196333
8200787
8207506
8209463
8211114
8219370
8226183
8226896
8234819
8238680
8248325
8253633
8257765
8261857
8263829
8266420
8272343
8277470
8278782
8283007
8290520
8291767
8299857
8307716
8308139
8310148
8315176
8324278
8328051
8329046
8336076
8341329
8348484
8350567
8351149
8354407
8360956
8362384
8367830
8377709
8382539
8387559
8391152
8397098
8402955
8407013
8416186
8425192
8429529
8434296
8443755
8449911
8452261
8459223
8465108
8466083
8473359
8475903
8481953
8484705
8490644
8491789
8498818
8505213
8508765
8518211
8519947
8529258
8536336
8541404
8542587
8547786
8553853
8555752
8564382
8570113
8571367
8575710
8575728
8579280
8583145
8586071
8588042
8592480
8595641
8602603
8608026
8616498
8619688
8621425
8628810
8637785
8638525
8641022
8648057
8651158
8651600
8660338
8665080
8669067
8672708
8674244
8675412
8682232
8687549
8691074
8699921
8704271
8705775
8711724
8717446
8719411
8722428
8732102
8732430
8739205
8740343
8741378
8748744
8757532
8762232
8762489
8766031
8776000
8784082
8791852
8798310
8805121
8806173
8814239
8823994
8831643
8836039
8841861
8841880
8846362
8856137
8861857
8863220
8871702
8877205
8878805
8887405
8895010
8900109
8900738
8906289
8910451
8915412
8921139
8925682
8930431
8937328
8946809
8947813
8956690
8957311
8961125
8963556
8964444
8966574
8967299
8972165
8973018
8974262
8979112
8984488
8984953
8985827
8995751
8999112
9006275
9015459
9016139
9023829
9029757
9034037
9038718
9046679
9051807
9060048
9065594
9069655
9075146
9079448
9082406
9085183
9086948
9093119
9102437
9109206
9113544
9119899
9124568
9129954
9135824
9144295
9147975
9151731
9157902
9161230
9163326
9171127
9176606
9184702
9188154
9195419
9205128
9211185
9211820
9215468
9216655
9224673
9226336
9232583
9237722
9245100
9251124
9255432
9255492
9262232
9265138
9270778
9280444
9281954
9289448
9292537
9296188
9305932
9306046
9314856
9316326
9323004
9332213
9334669
9337123
9344032
9352133
9359100
9364904
9372527
9372644
9381530
9383362
9389382
9397879
9404281
9404693
9408495
9414237
9423251
9430902
9432501
9432893
9439798
9440953
9448666
9458088
9462130
9463776
9465530
9465668
9474266
9477498
9479592
9487196
9489400
9493586
9502679
9505120
9514574
9519281
9528314
9537026
9545715
9549496
9551336
9552140
9557552
9564473
9572335
9581288
9583325
9589896
9593334
9602477
9605877
9612616
9613033
9620000
9621249
9628547
9629468
9637122
9640320
9645234
9648908
9653362
9661939
9662454
9665266
9669618
9669787
9675357
9683671
9687726
9693283
9697799
9705028
9711646
9713760
9719841
9728846
9732341
9739443
9747941
9757584
9766035
9769004
9773361
9782233
9784407
9790739
9797453
9798226
9803406
9806063
9811073
9812195
9819196
9820698
9821241
9822166
9827773
9835657
9842581
9848338
9852237
9856875
9866662
9875466
9884328
9889083
9891144
9893886
9896829
9901797
9911461
9914966
9922060
9922217
9932177
9941430
9949137
9949783
9950029
9958412
9962708
9971235
9973919
9981574
9987999
9993983
9995245
9998104
10003445
10005887
10010822
10015379
10019571
10021435
10021915
10025451
10029500
10032313
10032426
10032514
10041379
10045025
10050793
10055049
10055895
10058324
10062964
10065061
10070693
10074872
10081106
10084184
10093397
10097037
10106296
10109111
10117010
10125086
10132712
10142335
10147780
10148788
10149309
10159033
10167888
10177077
10186570
10186780
10196311
10197560
10198010
10200988
10207314
10209848
10219584
10227497
10235451
10244943
10253136
10254716
10256905
10263166
10272651
10279365
10281070
10282500
10284213
10288087
10290034
10290690
10293627
10301830
10308841
10312284
10314678
10320963
10330113
10331705
10339281
10343006
10348610
10349880
10356116
10364910
10371511
10379022
10380237
10388941
10396813
10404569
10407350
10415136
10422614
10431686
10439866
10440470
10442752
10444244
10447621
10452810
10460637
10465340
10468203
10469591
10473200
10478341
10480329
10486073
10491823
10501752
10507559
10508297
10509708
10510368
10518051
10522674
10526857
10535856
10542492
10551335
10557232
10564425
10565455
10570909
10579743
10584548
10585651
10587804
10597007
10604367
10606846
10609579
10609798
10614582
10615076
10619615
10625188
10634012
10638648
10639940
10647636
10648397
10656848
10657362
10666269
10667565
10671869
10681587
10685630
10695190
10703029
10708072
10717977
10720007
10723805
10729565
10730857
10737252
10739946
10749569
10751622
10752399
10752525
10759944
10763251
10765410
10768260
10776794
10780392
10789891
10794394
10794802
10799144
10808027
10809725
10814806
10824136
10827881
10836810
10839021
10842758
10851931
10860460
10868292
10873008
10881399
10884964
10890140
10892001
10896618
10899713
10906414
10911678
10920604
10921617
10925053
10929914
10939211
10941801
10946313
10954819
10955351
10961052
10965726
10973669
10974255
10976926
10986532
10988475
10994271
11001636
11010480
11016049
11019773
11022160
11025829
11028416
11032642
11035756
11043797
11044076
11052094
11058801
11065660
11069698
11077319
11085652
11092214
11101902
11106141
11112390
11116807
11119251
11123219
11128912
11134327
11139587
11143081
11145159
11151616
11156658
11158895
11168086
11169467
11179107
11184923
11189715
11196698
11197147
11203319
11209286
11211980
11217159
11221482
11226584
11234567
11244170
11253065
11257639
11266913
11270149
11273650
11277400
11285822
11291411
11295805
11302831
11310486
11318863
11328605
11331575
11331614
11335147
11337198
11343723
11353230
11357311
11361684
11364784
11372871
11374172
11379909
11387386
11391795
11398742
11403737
11406663
11416381
11420692
11428940
11434462
11439050
11445663
11446026
11451507
11458365
11462317
11464005
11465040
11472285
11476230
11484011
11488912
11494118
11498221
11501389
11505531
11510357
11513166
11518183
11526754
11534582
11534934
11535199
11537487
11545210
11554203
11556870
11566202
11572533
11578121
11578630
11582038
11588727
11592738
11593543
11594648
11597634
11604063
11604533
11614141
11620838
11624004
11631976
11638260
11642956
11648242
11650915
11652639
11662368
11670558
11676698
11680097
11680409
11683685
11686914
11687211
11693050
11700719
11710568
11718288
11723173
11731220
11735648
11741040
11743137
11751681
11757140
11757773
11763806
11771374
11775735
11781927
11784053
11793207
11800726
11802706
11807075
11809829
11815039
11821459
11824999
11829016
11834586
11834838
11836969
11844924
11845060
11847060
11853271
11863171
11870250
11872564
11872826
11882157
11884861
11892405
11895562
11900254
11903271
11907258
11909550
11912018
11913211
11919731
11926426
11934453
11942316
11948285
11953785
11963528
11964781
11967291
11970759
11975865
11980599
11986594
11990527
11998824
12006423
12014209
12017112
12018853
12025525
12025972
12030721
12034289
12043259
12044631
12053748
12056977
12064801
12074747
12075669
12085524
12091172
12097321
12103913
12110001
12110719
12116547
12121031
12127823
12135803
12136624
12141235
12141261
12148388
12151995
12159826
12165572
12166793
12173086
12181006
12182634
12189349
12194211
12197038
12205124
12214092
12217883
12218166
12227370
12227575
12236007
12242762
12248299
12253887
12262067
12262093
12262116
12264836
12274463
12282719
12287567
12293329
12300107
12306864
12312023
12317310
12322101
12324736
12326723
12331126
12337575
12337579
12347549
12348854
12348938
12358257
12360959
12368375
12371278
12373844
12376007
12381007
12385211
12388353
12392190
12393214
12403209
12408963
12416099
12425350
12427585
12428027
12432618
12434308
12439770
12447793
12454524
12463243
12471279
12475676
12485407
12485736
12487549
12492224
12501546
12503837
12504508
12507640
12516652
12521187
12521886
12524655
12531254
12540529
12548122
12548439
12557438
12565530
12571357
12579954
12589012
12595267
12595935
12596272
12597026
12605707
12612319
12622230
12623371
12632072
12639232
12642803
12651329
12658416
12667589
12669947
12673823
12676409
12678365
12681293
12684438
12691943
12696237
12698749
12703322
12713154
12722516
12723059
12726476
12732552
12739269
12742236
12747053
12749266
12755295
12761616
12763894
12766693
12773666
12780299
12785691
12791333
12800756
12803112
12804241
12808734
12818552
12825312
12832395
12839302
12842240
12844471
12849093
12858298
12865443
12868370
12873615
12876186
12883366
12889881
12896010
12905433
12907997
12910758
12912759
12916995
12921455
12930097
12935386
12937872
12939701
12942567
12948207
12955766
12961813
12967560
12971861
12975084
12975260
12976763
12983622
12989405
12995085
13002306
13012130
13015365
13016026
13018986
13021629
13029420
13036149
13038276
13045276
13049433
13056190
13060604
13067090
13070900
13073065
13073993
13077904
13080937
13086249
13086833
13088689
13096354
13105030
13109150
13114258
13122613
13131447
13140038
13141814
13146221
13147682
13148355
13151675
13159376
13166149
13168258
13177526
13184427
13185463
13186982
13189710
13191539
13199484
13207944
13212027
13219451
13219988
13224007
13229754
13235786
13237555
13238433
13241199
13242970
13244710
13245110
13252588
13258721
13268361
13270048
13273632
13283433
13284060
13288125
13293217
13295020
13299236
13301621
13307362
13316311
13324645
13326413
13326589
13334624
13339840
13345743
13348053
13356212
13362189
13366078
13367779
13375230
13375667
13377612
13377640
13377766
13386438
13393446
13400634
13403555
13407889
13413668
13414516
13415999
13421620
13430149
13438646
13446910
13454545
13459876
13468326
13474613
13475204
13478564
13486530
13491068
13493317
13498591
13504374
13510558
13517045
13517975
13522661
13530804
13537377
13538687
13543487
13550637
13552441
13561543
13567758
13570738
13575363
13576246
13582301
13592028
13599984
13609958
13611769
13615306
13623324
13628984
13638301
13638476
13648463
13650581
13654390
13655410
13656584
13657402
13663622
13672131
13679012
13685593
13695156
13695778
13698089
13699495
13704208
13710395
13711026
13718451
13726587
13733087
13738128
13739462
13742696
13748606
13749300
13757128
13766997
13776031
13783186
13788291
13796249
13799514
13800910
13805767
13813884
13815713
13822676
13826792
13834276
13842900
13843483
13849946
13854161
13857543
13863945
13866354
13872053
13875968
13877928
13880613
13889675
13894991
13895063
13899085
13907585
13908319
13912264
13917036
13917095
13923945
13930476
13935419
13939867
13947779
13955002
13962300
13969548
13973510
13981922
13989048
13998153
14004189
14005381
14013642
14014305
14018633
14028070
14032057
14037387
14037747
14038545
14045009
14046807
14053159
14055090
14063749
14072466
14081002
14083159
14085399
14087572
14091952
14093915
14102432
14104605
14113310
14115618
14120472
14121376
14129897
14134817
14137179
14147102
14147923
14152791
14157859
14159839
14162297
14164538
14171651
14174067
14183695
14185059
14186619
14190264
14197520
14206970
14210264
14214438
14214573
14220510
14223321
14228235
14229924
14236640
14243236
14246741
14252367
14253359
14255291
14262995
14272931
14281002
14287052
14296971
14298217
14306984
14309176
14309408
14313794
14320687
14322951
14330790
14340540
14341887
14349255
14356810
14360661
14368087
14368242
14374260
14374815
14378500
14385163
14390298
14392723
14395965
14405024
14408343
14415693
14420957
14426191
14427886
14432917
14437645
14441184
14441330
14442291
14448065
14451854
14453768
14455950
14460632
14461099
14468440
14477525
14477911
14483388
14483727
14491363
14493427
14495736
14504367
14513940
14514366
14514569
14519506
14524317
14527665
14536179
14538324
14545069
14545935
14555593
14560980
14566935
14575094
14582137
14585984
14592980
14594986
14597531
14604637
14607125
14615972
14617269
14626167
14629783
14635048
14635084
14638040
14638622
14646323
14650881
14655379
14658321
14661402
14671347
14675298
14675770
14683690
14692438
14696124
14701416
14709102
14717273
14719203
14728524
14733192
14740882
14742473
14745602
14746266
14754602
14755030
14756347
14765551
14769005
14777061
14777860
14778959
14784291
14788996
14797508
14805785
14814610
14818912
14821649
14828141
14831812
14834597
14844348
14854124
14861156
14863126
14864340
14870707
14875537
14876706
14879827
14886950
14890301
14895598
14903976
14905403
14914409
14922166
14926167
14931055
14935960
14943607
14949818
14951851
14961459
14967691
14976226
14980327
14981646
14989320
14998739
15003328
15009384
15018394
15019986
15020820
15028005
15034293
15038268
15043726
15046716
15051572
15058166
15067142
15073650
15074086
15077802
15081617
15088660
15092151
15094624
15097040
15101644
15102273
15104089
15110870
15110951
15118241
15124038
15129411
15136976
15138154
15147093
15149157
15156508
15161954
15171385
15177751
15178999
15183419
15188393
15192858
15196025
15196125
15199157
15205988
15211720
15219001
15227516
15231723
15236712
15241660
15245272
15252007
15256039
15258057
15266896
15274659
15281524
15286310
15295611
15302630
15305091
15306285
15309972
15314268
15319707
15320432
15327025
15335402
15339439
15349081
15357108
15361914
15362722
15363929
15373275
15382391
15387190
15388376
15390037
15392289
15394844
15401362
15404192
15406345
15410539
15414296
15423288
15424721
15434033
15442029
15446134
15446971
15451975
15460090
15462817
15467621
15471605
15472718
15480392
15485244
15485716
15492162
15499002
15499967
15505144
15505584
15506524
15514909
15523105
15528802
15538566
15541142
15546057
15549106
15556521
15561479
15571347
15573040
15574724
15584221
15592769
15596298
15598139
15607671
15615499
15618416
15620098
15622291
15631667
15633144
15642077
15644348
15649812
15650798
15658453
15666297
15675317
15676260
15681979
15689224
15698735
15708583
15713411
15722589
15726090
15731182
15736119
15742699
15749277
15751338
15753679
15760264
15768761
15776530
15781467
15789156
15790111
15791781
15801709
15808466
15810125
15815699
15817146
15822385
15832306
15840154
15849870
15854974
15862639
15865720
15871431
15874951
15880166
15889750
15890309
15897439
15904649
15906493
15913802
15914221
15916257
15916543
15916584
15922121
15923688
15933240
15937984
15943231
15950850
15953697
15957109
15962495
15970241
15971015
15972499
15975450
15981591
15987493
15989638
15990957
15999508
16008422
16011350
16014719
16020724
16024896
16029028
16038481
16046423
16049281
16058094
16065527
16073307
16079687
16081455
16089741
16099309
16102313
16108003
16114297
16118619
16123560
16126116
16132705
16141296
16149358
16158020
16161293
16165873
16168613
16170390
16176919
16186236
16192741
16197663
16202830
16207103
16212134
16220036
16225510
16229552
16233164
16240638
16240996
16248352
16251135
16251847
16252281
16256089
16262832
16266414
16267208
16272262
16276045
16281859
16287513
16297010
16304678
16311587
16312971
16318936
16326057
16335991
16339055
16339681
16343252
16345026
16347281
16354501
16356611
16360917
16361791
16370179
16374921
16384791
16390314
16398041
16405714
16413352
16416457
16425335
16426214
16430602
16432160
16437628
16442970
16445290
16451180
16460502
16463808
16466613
16472505
16475998
16482370
16487725
16493795
16501126
16510567
16511542
16518352
16520817
16527559
16537295
16542349
16547822
16550886
16556209
16558660
16565371
16568588
16572552
16574333
16581465
16588028
16597348
16600316
16603591
16606621
16608828
16615127
16622032
16622120
16631555
16636102
16640716
16646500
16655317
16655514
16664736
16674114
16680052
16686670
16687400
16692512
16700928
16702747
16707122
16713068
16720150
16722227
16730285
16736253
16741387
16747810
16750845
16755819
16757134
16759152
16763544
16768135
16777778
16779000
16784818
16792189
16794683
16797168
16800185
16802033
16808540
16810006
16810137
16810456
16819837
16828121
16830566
16830649
16830702
16834193
16836277
16842147
16850047
16859563
16859934
16862177
16863414
16863471
16870875
16871916
16880105
16881025
16889212
16898218
16898265
16901734
16903454
16908956
16910754
16918080
16927464
16933986
16940479
16945243
16951515
16955040
16963288
16968523
16969802
16978456
16984203
16985739
16985931
16986579
16989312
16993960
16999160
17005314
17013228
17021450
17023956
17033858
17039531
17046620
17054924
17062576
17071590
17079978
17083372
17084790
17092261
17097791
17102327
17106939
17108677
17116067
17124573
17131504
17133243
17139601
17141783
17145190
17146567
17149250
17151430
17154299
17156956
17159723
17166263
17166860
17170289
17176843
17178476
17178962
17180571
17185362
17186850
17190391
17199989
17200995
17207312
17209018
17213361
17215187
17222135
17225427
17231070
17237008
17238149
17247379
17248830
17255314
17256113
17260719
17267398
17274864
17282153
17283349
17286614
17292554
17299310
17306511
17309295
17317030
17325758
17329245
17337969
17339897
17346766
17356489
17360368
17367578
17376978
17380778
17389723
17398407
17405037
17413801
17421865
17427000
17427180
17433386
17436264
17436517
17445915
17453753
17460656
17462534
17472504
17473942
17479284
17479805
17486520
17486697
17489728
17497626
17498457
17508407
17510519
17520068
17528009
17531197
17533310
17538611
17545350
17551353
17554435
17557012
17560703
17569168
17577179
17579881
17587995
17593710
17602892
17607564
17607821
17617456
17624942
17629654
17634153
17642462
17645692
17655000
17662408
17670183
17675003
17675857
17683171
17685999
17692028
17700351
17703828
17711868
17715138
17716759
17724533
17729611
17733037
17740880
17743442
17748408
17750659
17756575
17756848
17757011
17765266
17773469
17777164
17777182
17780783
17787340
17794501
17800863
17808250
17813420
17821786
17823081
17830341
17838983
17845566
17851355
17858764
17862510
17864145
17873914
17882590
17886579
17889678
17890874
17893832
17898320
17903372
17912170
17917380
17926161
17932260
17939082
17944227
17946779
17947773
17955738
17961914
17964551
17968730
17978541
17980638
17985278
17994380
18004085
18011050
18018713
18026938
18035005
18044552
18046776
18049859
18052939
18054698
18055215
18063436
18068741
18075629
18076383
18078814
18080225
18089990
18099817
18106278
18111779
18116810
18122373
18130618
18130696
18138268
18142164
18150370
18151451
18153481
18161572
18161975
18169458
18170711
18175896
18178120
18184907
18184913
18188607
18195613
18202692
18206417
18212004
18217180
18218479
18221249
18225272
18234644
18241608
18243685
18246080
18249231
18255503
18258563
18265734
18270874
18277190
18283098
18288033
18290290
18292156
18299753
18300545
18309462
18314230
18315830
18317184
18321507
18331481
18331924
18339010
18346839
18352866
18357400
18364976
18369973
18371045
18380447
18386884
18395726
18400706
18405738
18413069
18418583
18428581
18435518
18444374
18445120
18447871
18452543
18457403
18464288
18467061
18467618
18474778
18476410
18480228
18480808
18485017
18489590
18498732
18506868
18508839
18510009
18514620
18523508
18526771
18534586
18544146
18551956
18559900
18566163
18566408
18570338
18578140
18587190
18595058
18599815
18603344
18607865
18608434
18616553
18622999
18632792
18639281
18645457
18652389
18661846
18667825
18671790
18674758
18680926
18682873
18685763
18693723
18698015
18701658
18704046
18707188
18714213
18721597
18729154
18731770
18737928
18740772
18742883
18747625
18749369
18751133
18758087
18763441
18771591
18781066
18786280
18787771
18790113
18790679
18790839
18794518
18803621
18811172
18814558
18824061
18833738
18841886
18845059
18847356
18852533
18862002
18869559
18873410
18873525
18878971
18887233
18890845
18892083
18893188
18901085
18908071
18910306
18916466
18925963
18928195
18929854
18938861
18939388
18946159
18953220
18954233
18961598
18968933
18977122
18986195
18990512
18995099
19003550
19008001
19013797
19020053
19026965
19032970
19037618
19046483
19055754
19057614
19058690
19063865
19066898
19072228
19076058
19079656
19087890
19089157
19094057
19101900
19103037
19106003
19107661
19109223
19116816
19125277
19129464
19134813
19137860
19140581
19147846
19147909
19154395
19157257
19161189
19162643
19164049
19168258
19176718
19183690
19191980
19200374
19203288
19208916
19210293
19218140
19226171
19231980
19238048
19245266
19252884
19252925
19255862
19265764
19273671
19275188
19279454
19284890
19285916
19295617
19298630
19301019
19301733
19302170
19306767
19310705
19319264
19327400
19334569
19341513
19346654
19354177
19364034
19367101
19368402
19374587
19375946
19379823
19381378
19381755
19387386
19387817
19396064
19402607
19410129
19416038
19424500
19424928
19431973
19432865
19439787
19446926
19456889
19465152
19472212
19479475
19484487
19488187
19496773
19498071
19503340
19512518
19513317
19514618
19520026
19527912
19528046
19535598
19540480
19547847
19552418
19553857
19562473
19563021
19569161
19571279
19578172
19584853
19586934
19591452
19592751
19600926
19603982
19604897
19606847
19616747
19621227
19622818
19632105
19639752
19641196
19646531
19647523
19655054
19659727
19660675
19669407
19672849
19679070
19688528
19691483
19693095
19694376
19695459
19695666
19703592
19703917
19710809
19715495
19721260
19729435
19732332
19735990
19737952
19746050
19751368
19758549
19759662
19762911
19763683
19771140
19777629
19784138
19784388
19785457
19791762
19793083
19794688
19797062
19797636
19806559
19814165
19819163
19823597
19830760
19834374
19835739
19845516
19847630
19851691
19860740
19865040
19865102
19865596
19874616
19882979
19888927
19898790
19906165
19907168
19915462
19920451
19925440
19932853
19942362
19946255
19948477
19954757
19960397
19964490
19971428
19980608
19983561
19985063
19988991
19991401
20001174
20001857
20009177
20010105
20010192
20019360
20024513
20025070
20031637
20038419
20040204
20046739
20056262
20064111
20073619
20080872
20084518
20085298
20085948
20089067
20091708
20098200
20103544
20110106
20110334
20110658
20117514
20117926
20122042
20123396
20131790
20138001
20139308
20145962
20150104
20154460
20154514
20159280
20159480
20168007
20177833
20183412
20191136
20194483
20202232
20205984
20210668
20215046
20222139
20227050
20230534
20238376
20246413
20252959
20258358
20264524
20271871
20276736
20278872
20285849
20295672
20298590
20299847
20302651
20310724
20312351
20318266
20320744
20326528
20331177
20340351
20348257
20353764
20361931
20368529
20369127
20372312
20380160
20385657
20385787
20387389
20396569
20401789
20408109
20409977
20411238
20413795
20418477
20423202
20423449
20423634
20433021
20442027
20443041
20443463
20446729
20453155
20457329
20463943
20465354
20467036
20475282
20476960
20481915
20484497
20494450
20500727
20501488
20508713
20516616
20524773
20525699
20533007
20538813
20544979
20548593
20555230
20559483
20562023
20563530
20569494
20574401
20581569
20589718
20596344
20604925
20610975
20620714
20626855
20634036
20639548
20641919
20647696
20651290
20652928
20659772
20669017
20672136
20678582
20680756
20681655
20687884
20689582
20690095
20693951
20699450
20703062
20704925
20712774
20716860
20720925
20727210
20729816
20734264
20743031
20747315
20756202
20761127
20764057
20769951
20776730
20784560
20786437
20789159
20795048
20804189
20808337
20814985
20818391
20827223
20833616
20836440
20837976
20841112
20846447
20851182
20858918
20863785
20871848
20873740
20876469
20881204
20887126
20888751
20893001
20901562
20907257
20915391
20918617
20918697
20925051
20934361
20940710
20945122
20947074
20956469
20964598
20971636
20976771
20985535
20987487
20995578
20999287
21006507
21013752
21020112
21026647
21033757
21034920
21037291
21044981
21049973
21056750
21065447
21071093
21073650
21080528
21088582
21095637
21100720
21108222
21113077
21118773
21122190
21131017
21136489
21145703
21155677
21164136
21168225
21168371
21178304
21184994
21189327
21194786
21200341
21205791
21209051
21215527
21216634
21221573
21222810
21229503
21234260
21236839
21246642
21254261
21263846
21266798
21274473
21282674
21290903
21293810
21297979
21301482
21308316
21317588
21319816
21320705
21326164
21328163
21331448
21338130
21344546
21349952
21354690
21359216
21363819
21372839
21376878
21380759
21386385
21387783
21391362
21395824
21401445
21403529
21404826
21405338
21406696
21407764
21413407
21416244
21424270
21424874
21431033
21433101
21433549
21439559
21442812
21451486
21452479
21452673
21457627
21467586
21475688
21476988
21479837
21489803
21490515
21492360
21498884
21501897
21502610
21508101
21514437
21518906
21522153
21530092
21531096
21537523
21543419
21552860
21561184
21565543
21565756
21566755
21573998
21581412
21587706
21593580
21594184
21598378
21605041
21608358
21614572
21615645
21621276
21627272
21634153
21635006
21636331
21642397
21648511
21651069
21652255
21660115
21666586
21668793
21671815
21675769
21677711
21681825
21681975
21682681
21685601
21692269
21696318
21703193
21708571
21713492
21716645
21725454
21735394
21736714
21737178
21740613
21746585
21755126
21764947
21767522
21777323
21780436
21788333
21794211
21803403
21805616
21808040
21811620
21819459
21825170
21825445
21830899
21837642
21838084
21845268
21849483
21855470
21856046
21865230
21866184
21873379
21882772
21884654
21890179
21893779
21900323
21908626
21912949
21920584
21923779
21928315
21937310
21938314
21943200
21947683
21951051
21957328
21965874
21970993
21980454
21983724
21986868
21989552
21997159
21997900
22005396
22015257
22015802
22016984
22026181
22031920
22041782
22049875
22057959
22058256
22060206
22069158
22076870
22077352
22080663
22090391
22099834
22101018
22101643
22106896
22116078
22123396
22126657
22134172
22141107
22148138
22152044
22158428
22165474
22173891
22180784
22190045
22191306
22194796
22195457
22197045
22202680
22205074
22206098
22211481
22213819
22217562
22226586
22231266
22234632
22240095
22245553
22250289
22255162
22261666
22269412
22273733
22274286
22283261
22284731
22293844
22303328
22303620
22307455
22312680
22322639
22327698
22337145
22345887
22352716
22357291
22366683
22374087
22381757
22382734
22389638
22397682
22403109
22407270
22414514
22416371
22421040
22428269
22431813
22436040
22436459
22446189
22447314
22455734
22458811
22462347
22472276
22477736
22482344
22483028
22484761
22494240
22496268
22497544
22507086
22512900
22518790
22522570
22528383
22529838
22532353
22536864
22543801
22545276
22551804
22553780
22559874
22565165
22566258
22572283
22579390
22580478
22588617
22594152
22601919
22605302
22607315
22614012
22618153
22624336
22633544
22640872
22642273
22646587
22648236
22651070
22653293
22656511
22662676
22671079
22673349
22682197
22687179
22690383
22691361
22694847
22703179
22712178
22719543
22727180
22730152
22736495
22736868
22738784
22740151
22744571
22754282
22758989
22768115
22771342
22778724
22785942
22789516
22794199
22799179
22804001
22805609
22805716
22815573
22824069
22827545
22832737
22839113
22842122
22845740
22853358
22854763
22855133
22864580
22866789
22869047
22870291
22879995
22888719
22895056
22896592
22898391
22900426
22905095
22907547
22915796
22916640
22924505
22927771
22934422
22942609
22949254
22954673
22958149
22958293
22966079
22973391
22977414
22987232
22989911
22999651
23006762
23013987
23020424
23028540
23036114
23039035
23046845
23050807
23056467
23062658
23069631
23070928
23073762
23073933
23080297
23082288
23088919
23090367
23092163
23097102
23097323
23103811
23107982
23114751
23119549
23122666
23126746
23128137
23135774
23145059
23147961
23149293
23153857
23159044
23163168
23163560
23164419
23166083
23173156
23179357
23188563
23194711
23196335
23197983
23198332
23206759
23216499
23220955
23228728
23230715
23231847
23233028
23238154
23245658
23252329
23260855
23263879
23265672
23267621
23270956
23276527
23282317
23288363
23289042
23296354
23299066
23300978
23301776
23305274
23307509
23309097
23310979
23311386
23318478
23318801
23321388
23328796
23331101
23340139
23340473
23342568
23348581
23354330
23361288
23370011
23370990
23377310
23379120
23384672
23386687
23392832
23395553
23396059
23404370
23410305
23418089
23426129
23433530
23440489
23440809
23448733
23458236
23464617
23466107
23469903
23476360
23480502
23490312
23499405
23505427
23506020
23509447
23517198
23525051
23532949
23533513
23542763
23549036
23552361
23556609
23562744
23564477
23565704
23569028
23575751
23581736
23583905
23590325
23597609
23599362
23604675
23611560
23612452
23617044
23625420
23630011
23631467
23635938
23642718
23652531
23661208
23661338
23667638
23674906
23681305
23682888
23683449
23683840
23692751
23694215
23696762
23702563
23704052
23712739
23716623
23726496
23729447
23738586
23740417
23740491
23741378
23743997
23745908
23747536
23750912
23752719
23757301
23761153
23767421
23767526
23774950
23783035
23783451
23785013
23792825
23798170
23805066
23806259
23809644
23814735
23823179
23825363
23828713
23835088
23839378
23844140
23845081
23849871
23856500
23862784
23871992
23871995
23872675
23874909
23877562
23880750
23886052
23894968
23898911
23902249
23909887
23918637
23926302
23929933
23929984
23932954
23935840
23942085
23949403
23959023
23963727
23970469
23979415
23986002
23990066
23993477
23998226
24007348
24013376
24022905
24027653
24030576
24031693
24036475
24045757
24049089
24049227
24058414
24062217
24065647
24072468
24074533
24077047
24081548
24088678
24097628
24103858
24107065
24108682
24113072
24118727
24126827
24130943
24133266
24135963
24140869
24142718
24150761
24151388
24155185
24163776
24165318
24167993
24174881
24176286
24178433
24180267
24187495
24189022
24197955
24203052
24211754
24216525
24224232
24228930
24237797
24240174
24246219
24253149
24253696
24261385
24261604
24268546
24272647
24274329
24282693
24284989
24289261
24295421
24304484
24311843
24321076
24329751
24335321
24335796
24343491
24352848
24359384
24368974
24374055
24374494
24375558
24383934
24393180
24394103
24403117
24404075
24410840
24413042
24418319
24418819
24425848
24432282
24434882
24436046
24437201
24443644
24449926
24450173
24455981
24464062
24473374
24476288
24485098
24493287
24498241
24501866
24506922
24508742
24509047
24515988
24517137
24520907
24524038
24524582
24530474
24540248
24546916
24547215
24554813
24561211
24561599
24567243
24576498
24577105
24580405
24581518
24589588
24591886
24599585
24608451
24612510
24614079
24616060
24619109
24621696
24624346
24628760
24637085
24646293
24647981
24648999
24650251
24658879
24663062
24666654
24671128
24676446
24683737
24684429
24693927
24703565
24713109
24716763
24723453
24728682
24730746
24731414
24738376
24746657
24752775
24757692
24767173
24768703
24774138
24778633
24781836
24790650
24792617
24795143
24798662
24806449
24808899
24814354
24821307
24822411
24828367
24829568
24835644
24837736
24845634
24845943
24853248
24854190
24855381
24857062
24865053
24870514
24872744
24877103
24880641
24881255
24886552
24893791
24896388
24905435
24909315
24911932
24916496
24918492
24920472
24927816
24936856
24938532
24942236
24945277
24951209
24951455
24957087
24962425
24967694
24974300
24980973
24989883
24999838
25003454
25008913
25018148
25023553
25031355
25038390
25042091
25047132
25053243
25057916
25059978
25063328
25066918
25069944
25078327
25080483
25090313
25095048
25096521
25102794
25111221
25116329
25117865
25120453
25123698
25131138
25134246
25134461
25139890
25148372
25155784
25156039
25156982
25165956
25170895
25174631
25183818
25192591
25193615
25199743
25201366
25205785
25206594
25211740
25219230
25225126
25225761
25231344
25234727
25236740
25240236
25246046
25247534
25253320
25257860
25267698
25275584
25284148
25288467
25289527
25296886
25305601
25314263
25319577
25321668
25328810
25329116
25337520
25339849
25340030
25349531
25350754
25352356
25360923
25369320
25375537
25379878
25381116
25383376
25390791
25395332
25398171
25398977
25406817
25407851
25411386
25411575
25413259
25418058
25419807
25424759
25428983
25435201
25441952
25443339
25449069
25450229
25455978
25465219
25473963
25474003
25481091
25485500
25492983
25499389
25502173
25507145
25511644
25517578
25517878
25522234
25528350
25530113
25539803
25549651
25559178
25568544
25572825
25575627
25577723
25578757
25584604
25591346
25598878
25607801
25616196
25618264
25620906
25629383
25638463
25643415
25645918
25648759
25656172
25658043
25660422
25661302
25663600
25664736
25668634
25676785
25677858
25677864
25678762
25684745
25690259
25690847
25698662
25704262
25710193
25712196
25713959
25715882
25722204
25722682
25724114
25724881
25724954
25730453
25735137
25741912
25750155
25753491
25761592
25770014
25779616
25784863
25785958
25789486
25791127
25799504
25801103
25801502
25805672
25812075
25816412
25821483
25829434
25834636
25843841
25850573
25853902
25862228
25867752
25867973
25870660
25878877
25888444
25894265
25903393
25912275
25915345
25924602
25933560
25940505
25946837
25956716
25959748
25965519
25967268
25971791
25976663
25978645
25980482
25983463
25991647
25999791
26001309
26003887
26011403
26018185
26019138
26020803
26027054
26032064
26035106
26041692
26045978
26050632
26050765
26052208
26057070
26061642
26065934
26069533
26078938
26082258
26089938
26094019
26099609
26106330
26109463
26110278
26113124
26123012
26128324
26135238
26143772
26147958
26156112
26159969
26162285
26168776
26174367
26180267
26186759
26193576
26198874
26200777
26203352
26205192
26210460
26211162
26214115
26216095
26221061
26226149
26233791
26236128
26245101
26248909
26250227
26256438
26261365
26265342
26268488
26273880
26275974
26285167
26293544
26301245
26308473
26313206
26313950
26323317
26328152
26332557
26339414
26340848
26348750
26358216
26367531
26369871
26374827
26380062
26381507
26387021
26388884
26392349
26394602
26402756
26412746
26419188
26421217
26424926
26428393
26430086
26437816
26440921
26445583
26453732
26456922
26460646
26465619
26474081
26478921
26482528
26485421
26488095
26488557
26492706
26495638
26504879
26512562
26522420
26529510
26531881
26535785
26545372
26551410
26557464
26560089
26561310
26569811
26577409
26580055
26584373
26593976
26599444
26607926
26615855
26617414
26627392
26628729
26637810
26644397
26651228
26655860
26657422
26661266
26670072
26674171
26681155
26686892
26687659
26697359
26703393
26704824
26711664
26713847
26719119
26720338
26721132
26726432
26730821
26732708
26738068
26743613
26750201
26757906
26760575
26769183
26773364
26774816
26778338
26783975
26789704
26795392
26795882
26801579
26808224
26814634
26816518
26825669
26832688
26837887
26840508
26847505
26848334
26855752
26865128
26865573
26865605
26867266
26875396
26883394
26884676
26891759
26896184
26905943
26908493
26910990
26916574
26917261
26925759
26935208
26941503
26942084
26950757
26953450
26953828
26954963
26962621
26964558
26966695
26973741
26978847
26987318
26990193
26996603
27003141
27011342
27014731
27023835
27031995
27035756
27039534
27046135
27050767
27051243
27060026
27064903
27072771
27073722
27076204
27084079
27088005
27096648
27096716
27105782
27110655
27110659
27111673
27114014
27123217
27131225
27140551
27148660
27156318
27165345
27172360
27182131
27189858
27195624
27204741
27212854
27219784
27227367
27231150
27239752
27241035
27249389
27258943
27260095
27265794
27274820
27275019
27275885
27280173
27282790
27286655
27286793
27293762
27302814
27310855
27315055
27319845
27322072
27330800
27338582
27341526
27342111
27349428
27351578
27360484
27369708
27378624
27387359
27392025
27392318
27400048
27408116
27411204
27415038
27419034
27422757
27427414
27435765
27436881
27440755
27441317
27443202
27448721
27449772
27456081
27459589
27460606
27466871
27472950
27473693
27477948
27484727
27488807
27496864
27505264
27507901
27516490
27517739
27523943
27533535
27542275
27543013
27550073
27554046
27558669
27563211
27568500
27577470
27582522
27584121
27587343
27587494
27595791
27603233
27605400
27611447
27618585
27626126
27631219
27636022
27641077
27645779
27652442
27658398
27666586
27668330
27674095
27674750
27683095
27683200
27687852
27688899
27692640
27699211
27707231
27715209
27724527
27724618
27727695
27734814
27738156
27742559
27743504
27750001
27759781
27765189
27767849
27770882
27777279
27777480
27779910
27784076
27790620
27796324
27806141
27811967
27818187
27827022
27829251
27832476
27834320
27838599
27844582
27852299
27855413
27864403
27873067
27878544
27881489
27883410
27893143
27895479
27896673
27902434
27906561
27908468
27918400
27921802
27925556
27926213
27928934
27938193
27938507
27943798
27953142
27959900
27962237
27966516
27970714
27973605
27979609
27980772
27982368
27983770
27993202
27996207
28004388
28010331
28012180
28015396
28019022
28026919
28030832
28036724
28040172
28043005
28047096
28055682
28057282
28066512
28074261
28082112
28090251
28098558
28099060
28102133
28102465
28108899
28114922
28116084
28122291
28130849
28131691
28140645
28147250
28150642
28159658
28160357
28168979
28175199
28180987
28189928
28197344
28197821
28198960
28208375
28210298
28210765
28214425
28220246
28225889
28234522
28240136
28241076
28244819
28251728
28255277
28257081
28261202
28269969
28279040
28288828
28290945
28300724
28301542
28306845
28309273
28313193
28318674
28318700
28327706
28336645
28339281
28344632
28354287
28362831
28372575
28376559
28379471
28380211
28389364
28393487
28401148
28402052
28405641
28415209
28425039
28426904
28436594
28445347
28454134
28463014
28468369
28476304
28482686
28484791
28494243
28496385
28499000
28501211
28507494
28512188
28512737
28514552
28517858
28523170
28528612
28530369
28532501
28533599
28541392
28542025
28542277
28552068
28553280
28559704
28563817
28566663
28567899
28577457
28579038
28586698
28590737
28597202
28601947
28605192
28610859
28613289
28615812
28620764
28628142
28634714
28639186
28642687
28648598
28657661
28662690
28663794
28665360
28670965
28677815
28678627
28679427
28688979
28691589
28698818
28704245
28707087
28709362
28718917
28720663
28729203
28731222
28735460
28740430
28749577
28750569
28753360
28755741
28757731
28766277
28773444
28775871
28776123
28777244
28785385
28792113
28800737
28805581
28813646
28820046
28823979
28833596
28837279
28839200
28848135
28855991
28862529
28867809
28877658
28886669
28892310
28897081
28906893
28909494
28910427
28911545
28915915
28919967
28926706
28934065
28934152
28942719
28946746
28952555
28959191
28962325
28962554
28966900
28972754
28973525
28983524
28986245
28991480
28996058
29003728
29010807
29010981
29012692
29013282
29021449
29028849
29036180
29046024
29048649
29055852
29060970
29070642
29079166
29085513
29086821
29093945
29098891
29106486
29111064
29111226
29120563
29129452
29137985
29144566
29151950
29159930
29160329
29165397
29171552
29174640
29182331
29188595
29193510
29197533
29200520
29209778
29212453
29213013
29214408
29220959
29225291
29231409
29237266
29240492
29248535
29254827
29255730
29259491
29261736
29267233
29272697
29274931
29283777
29291655
29298808
29299769
29300762
29305879
29315433
29319853
29322064
29324034
29329700
29333662
29337544
29344026
29345553
29350441
29351054
29351158
29359999
29361171
29368306
29369509
29372650
29380641
29390526
29391312
29397632
29406807
29412615
29416577
29423208
29431202
29436732
29439274
29441318
29449185
29458967
29464312
29467080
29473562
29482902
29485278
29492658
29499033
29505380
29510381
29513223
29518534
29522574
29525230
29526885
29527122
29534555
29542766
29551391
29560193
29565152
29571404
29573134
29581930
29585288
29585559
29587936
29591244
29595214
29604893
29607569
29612792
29621625
29622195
29625993
29626300
29630512
29635672
29639953
29644950
29649976
29658564
29658747
29660350
29663332
29673022
29679768
29687356
29688146
29694679
29701808
29705101
29705554
29713475
29720288
29727261
29729346
29738543
29742970
29747299
29752279
29756880
29758875
29762018
29764479
29771192
29781011
29788680
29791176
29794402
29797582
29805076
29813745
29817712
29819545
29829316
29833193
29836955
29841773
29850571
29854005
29861247
29871074
29873351
29877387
29880540
29888117
29890473
29895759
29903616
29906466
29908065
29910144
29918703
29920976
29924533
29930875
29934256
29942594
29943457
29947192
29951510
29956479
29960193
29961506
29961584
29962568
29968661
29973773
29980210
29987400
29992421
29994449
30003922
30011245
30016166
30016833
30021339
30029434
30038014
30043396
30050442
30059086
30064574
30065416
30071330
30072109
30077921
30078233
30081813
30083809
30089597
30093984
30099621
30107134
30115987
30118915
30128674
30134316
30140481
30148757
30156320
30165987
30171257
30177772
30181696
30187370
30191425
30193283
30201793
30202182
30211600
30212666
30216979
30218641
30228312
30238168
30239297
30241828
30248419
30251441
30259257
30263108
30269692
30279424
30280898
30288761
30290881
30299805
30300190
30305812
30309117
30310969
30311558
30311927
30320611
30327846
30331641
30337397
30344037
30351970
30352664
30354751
30362794
30363936
30373581
30380752
30389037
30398211
30398247
30406431
30411985
30415098
30415612
30421208
30423483
30432129
30439907
30447082
30455359
30458876
30462817
30468910
30471510
30480512
30488391
30496575
30496811
30497294
30503139
30511988
30516289
30526147
30534981
30543689
30549145
30549631
30554025
30560152
30568070
30571055
30575069
30581022
30585793
30590764
30594821
30603383
30603899
30613607
30615585
30617153
30620077
30625757
30635558
30639913
30646205
30649102
30654706
30656624
30657807
30663010
30666136
30674611
30674643
30678500
30685507
30685685
30693721
30695692
30697071
30705762
30712224
30716389
30716839
30724077
30727820
30736678
30744629
30746331
30749585
30755481
30765068
30765762
30766628
30776027
30777534
30781651
30783525
30785988
30787864
30793275
30799072
30804225
30809491
30816467
30819150
30824769
30828344
30829210
30830179
30834347
30838803
30838922
30844353
30847680
30850204
30859892
30862185
30870977
30879855
30882640
30887171
30888377
30895984
30904344
30911740
30918316
30928059
30930239
30939617
30945542
30953360
30954165
30957677
30960625
30964343
30973479
30975400
30985242
30987743
30990726
30993130
31000604
31001490
31008834
31013081
31022710
31023853
31033607
31038914
31047142
31048737
31050350
31052892
31061512
31065188
31065865
31074814
31080488
31083764
31090426
31090482
31097325
31103221
31105198
31114445
31120433
31123402
31126591
31129679
31129991
31133059
31134760
31138109
31147214
31152876
31158502
31167766
31172975
31178541
31179062
31186085
31195603
31199836
31203169
31212764
31215616
31216222
31216909
31219558
31225747
31235686
31243383
31250840
31251516
31257193
31258630
31267602
31270448
31272285
31273440
31278729
31287874
31294126
31301436
31303808
31304105
31308094
31311630
31313161
31316986
31317930
31325754
31332548
31332808
31341105
31348817
31349566
31354124
31362387
31362792
31369234
31370650
31375335
31383608
31383901
31392280
31393566
31401853
31405470
31410173
31411460
31421375
31425925
31430567
31436620
31444661
31446284
31446956
31447717
31452957
31453900
31462553
31466905
31471801
31480119
31483462
31489269
31494820
31500442
31507816
31510579
31519501
31528350
31531398
31538743
31546279
31554572
31559868
31566064
31571902
31580114
31583486
31590271
31595768
31598223
31601247
31610173
31614638
31619039
31628561
31634708
31643295
31648047
31654049
31663044
31663607
31668710
31676706
31676750
31686579
31695115
31701958
31704403
31710470
31720470
31726437
31728893
31738663
31742778
31745709
31752180
31759606
31763629
31765040
31772111
31779129
31788910
31791294
31800407
31805507
31809388
31810181
31817347
31826706
31831080
31835870
31838718
31843060
31849843
31852102
31852870
31853226
31860310
31861929
31864383
31864914
31866863
31868406
31870457
31871511
31874636
31875464
31881773
31886832
31894767
31900745
31908903
31915469
31925229
31933675
31937306
31943625
31944799
31951157
31955546
31962263
31964441
31968268
31977320
31984949
31994074
31998834
32005078
32011227
32014515
32017120
32020777
32022905
32027950
32037762
32040612
32047565
32057085
32065383
32066767
32069240
32070468
32080128
32085261
32086004
32095642
32100556
32104407
32112165
32121734
32126425
32131814
32135887
32139254
32139592
32144428
32153966
32154955
32159414
32165824
32170003
32170215
32172269
32180058
32187629
32191624
32200204
32208097
32208149
32214297
32218484
32219808
32222874
32232406
32242236
32244049
32251448
32254163
32260878
32269555
32277322
32278766
32279166
32281551
32284997
32294503
32301260
32307218
32307846
32313509
32314799
32315655
32318249
32320791
32323639
32329410
32332604
32333146
32338418
32344391
32346140
32354189
32358379
32363025
32365642
32367786
32377315
32385375
32388870
32390387
32400319
32402189
32411880
32414392
32417866
32420030
32427880
32436633
32446453
32456181
32464945
32465035
32468471
32474632
32483980
32487844
32488784
32489304
32495418
32500315
32508477
32516919
32517246
32526033
32534042
32541602
32543471
32546344
32553846
32554746
32563689
32565837
32568928
32577663
32585346
32590833
32593612
32599145
32605408
32609351
32610955
32613306
32613571
32615654
32619906
32625629
32630672
32631792
32632536
32637195
32646171
32650254
32658700
32667322
32675179
32677517
32685503
32691746
32697494
32700169
32708750
32713721
32716413
32725385
32728436
32734433
32736297
32740955
32745636
32748724
32754161
32756507
32759033
32760128
32765470
32767596
32773266
32783172
32784620
32790936
32797876
32800287
32808812
32809958
32810508
32816581
32819364
32829283
32839233
32848921
32857458
32860611
32866670
32867473
32867928
32877225
32883717
32884680
32891480
32897858
32904258
32913435
32922524
32930137
32933794
32939539
32940872
32941637
32946591
32954102
32954417
32956670
32962868
32965678
32966778
32975375
32979004
32983364
32991752
32998649
33007065
33014227
33015123
33020090
33021107
33025306
33026971
33034100
33038988
33039037
33047269
33049812
33058991
33066064
33068123
33074873
33077208
33086851
33087195
33095859
33105716
33109516
33119099
33128644
33134341
33141196
33147974
33150626
33159459
33164374
33167298
33170239
33177087
33182527
33182690
33191264
33191631
33198667
33199295
33206520
33211554
33214528
33215834
33224390
33233606
33234179
33240174
33244139
33250087
33259628
33269474
33273674
33274931
33281359
33285304
33285518
33292932
33299491
33304306
33309992
33314112
33323760
33325653
33333786
33339334
33347315
33355038
33357897
33365973
33374476
33383322
33385996
33387901
33396808
33405853
33411737
33419451
33426105
33435760
33444662
33446385
33452009
33461329
33466481
33467114
33476184
33477638
33478895
33486830
33492060
33501783
33511273
33520106
33525155
33525693
33530032
33534430
33543204
33550820
33551114
33552886
33552956
33554816
33561362
33570467
33575461
33582705
33588803
33594259
33601644
33610119
33612368
33619842
33629776
33639063
33640854
33644930
33654495
33658916
33662728
33664329
33666020
33672279
33678303
33688287
33694503
33701906
33707681
33712848
33719306
33728293
33735330
33741211
33743904
33751102
33758080
33765901
33769590
33774491
33784068
33784087
33793445
33798885
33799461
33805917
33808935
33809427
33814491
33820461
33820997
33829194
33837902
33843207
33851057
33854400
33856739
33861727
33864386
33871315
33878598
33887028
33893570
33900117
33904466
33906464
33915576
33924592
33926966
33929386
33932902
33939532
33941112
33942511
33947830
33953276
33953355
33954189
33958967
33968524
33968848
33970333
33978950
33982485
33986598
33987279
33993846
34002658
34007905
34017726
34018520
34021809
34029110
34035782
34043867
34044743
34054334
34061569
34064408
34069280
34075216
34084468
34094243
34095051
34099848
34108450
34118308
34124926
34132396
34135773
34144056
34148831
34154856
34163213
34172755
34178125
34182389
34190538
34198336
34201790
34202961
34212479
34219623
34219686
34228364
34235624
34237499
34240772
34247787
34251678
34255931
34259557
34267499
34277186
34281405
34287806
34289444
34295893
34297665
34307448
34309136
34310782
34311442
34318057
34321716
34323220
34324158
34327131
34329360
34330908
34332225
34333865
34336537
34338021
34346776
34346927
34349344
34351694
34358719
34365011
34367763
34369016
34377747
34385468
34389115
34395807
34404046
34411027
34414603
34421229
34429668
34433108
34433163
34439427
34440073
34441210
34442283
34442317
34450098
34459986
34469130
34475490
34477201
34483779
34484290
34486500
34491894
34494424
34495618
34500390
34500614
34507263
34511844
34514495
34521386
34522395
34526610
34531354
34535949
34542103
34548436
34555009
34563822
34568878
34570904
34572450
34579044
34586617
34589570
34593508
34598722
34604003
34611173
34617535
34621424
34629809
34639620
34645160
34649488
34650680
34650911
34658133
34660836
34665771
34666227
34668941
34676388
34682789
34692763
34694547
34696969
34698225
34704035
34713732
34719004
34722588
34725439
34727891
34735652
34737517
34743396
34747241
34747257
34747678
34754035
34755030
34763329
34766042
34768112
34777642
34783223
34783716
34790001
34794526
34795507
34800379
34803009
34804227
34813739
34819106
34821292
34825575
34834123
34840454
34842767
34845287
34846317
34850321
34859366
34860501
34864087
34871030
34875522
34877154
34884758
34887672
34892578
34899233
34906312
34910021
34910784
34911928
34915786
34921842
34927689
34930635
34936780
34938299
34947844
34948292
34954965
34963483
34972139
34978577
34986520
34988213
34992372
34993850
35001270
35008067
35008642
35010308
35018963
35026954
35033325
35042129
35047572
35050399
35054180
35062904
35072050
35077480
35084288
35084319
35085512
35088635
35097578
35101747
35109195
35109802
35113830
35114072
35120318
35122170
35124142
35129535
35135863
35140915
35143439
35145526
35152125
35153330
35159381
35166524
35169562
35172863
35176285
35180447
35188171
35193682
35202690
35206334
35215709
35224405
35228662
35230596
35236215
35238070
35241728
35245783
35254015
35259155
35261684
35264478
35269413
35273808
35281718
35282760
35288779
35293649
35299687
35300844
35302197
35311490
35316889
35317011
35317238
35324991
35330037
35336713
35341924
35345677
35354447
35359756
35361638
35363667
35369279
35371128
35378531
35386370
35391406
35399940
35408725
35418662
35419238
35421400
35423709
35425360
35432004
35438640
35440718
35442045
35446458
35456021
35464245
35472239
35478720
35486962
35495131
35498491
35502922
35508062
35514976
35518122
35525184
35531451
35531993
35532869
35537034
35537234
35545370
35551597
35556009
35557029
35562010
35569769
35570521
35575824
35584668
35590033
35597414
35603981
35604219
35607475
35616143
35622500
35624306
35625384
35626729
35628467
35629239
35630567
35631633
35635290
35638474
35645699
35655686
35663923
35665315
35673611
35679997
35687703
35692858
35699198
35702418
35707503
35714842
35716163
35716341
35716659
35718700
35728677
35737929
35740061
35741450
35747565
35753546
35758039
35758784
35759508
35759528
35761768
35761776
35763731
35765954
35768428
35775800
35785671
35791521
35796096
35798175
35800374
35801161
35806705
35815697
35819390
35828410
35828867
35833495
35836523
35843024
35845669
35852069
35852546
35858312
35859251
35860631
35867647
35872555
35874803
35880776
35885396
35889381
35889970
35897511
35904840
35910109
35916446
35923243
35931613
35937887
35939280
35943287
35952836
35962686
35965323
35966846
35972198
35975113
35979286
35980352
35989513
35997580
36005454
36009418
36013088
36018687
36024483
36027824
36028840
36033165
36037704
36046658
36056233
36059497
36060705
36069348
36071243
36075450
36083738
36084812
36091114
36094608
36099762
36105331
36113916
36122804
36131230
36140770
36149477
36150599
36159601
36163679
36165465
36173159
36178441
36184757
36189763
36195358
36195612
36205499
36207104
36208025
36208688
36211455
36214805
36220271
36221455
36227775
36231256
36231519
36237920
36242570
36246923
36256557
36260967
36263182
36269828
36279684
36282622
36283185
36286937
36294198
36299350
36305908
36311344
36319174
36323373
36324107
36331867
36340730
36347885
36355113
36359595
36366113
36368819
36370108
36377620
36379835
36387348
36393463
36394332
36401418
36408189
36413507
36419188
36429113
36429119
36430075
36438746
36448675
36450417
36452165
36455411
36456162
36459338
36467844
36472250
36476821
36478945
36485109
36485490
36492806
36501115
36507650
36513144
36516250
36517125
36518341
36523376
36532552
36538291
36547647
36557365
36557768
36564008
36566740
36574873
36583201
36588314
36589270
36599034
36604972
36613639
36620490
36629264
36633833
36633938
36641298
36645815
36655347
36657987
36662536
36665369
36667149
36676408
36680684
36686374
36689305
36690755
36692310
36698502
36700568
36701185
36701703
36711453
36713902
36714475
36720966
36721607
36722361
36727959
36733472
36736180
36742297
36747917
36751856
36761402
36763667
36764641
36770026
36777166
36785201
36790308
36795154
36798470
36803119
36811160
36814652
36818186
36823145
36827002
36828406
36835148
36842465
36849795
36853007
36854664
36862558
36867656
36869521
36875069
36880864
36884590
36888016
36891828
36895418
36897142
36904595
36907423
36913179
36923110
36925321
36927417
36934409
36944327
36947785
36954680
36961994
36965054
36971445
36973409
36981269
36991168
36996670
36996770
36998054
36998171
37001578
37009059
37013393
37015617
37019997
37025650
37033297
37038013
37045604
37053121
37057340
37063139
37068521
37072053
37078791
37083965
37084933
37089665
37090184
37096343
37099701
37107858
37114642
37120634
37126391
37135831
37140973
37142804
37143175
37152519
37154135
37162601
37171445
37178319
37181993
37186993
37189666
37198065
37201676
37202859
37207336
37216913
37217674
37225284
37231586
37233088
37240960
37245072
37246539
37252405
37258411
37261239
37265716
37267932
37270008
37273690
37280831
37286810
37292402
37302347
37304576
37312828
37314650
37321754
37326343
37327823
37332502
37337271
37338722
37340754
37343397
37353221
37357046
37366024
37374511
37381288
37383604
37386714
37391515
37397113
37403871
37406666
37410377
37410675
37420310
37427999
37432029
37434281
37437978
37439649
37445857
37453919
37459256
37463780
37467017
37472359
37477731
37483533
37489224
37490696
37493652
37497326
37499954
37503828
37513190
37518243
37527191
37530420
37531010
37534107
37534180
37535685
37541471
37544245
37546246
37553955
37556265
37559742
37566534
37573347
37580523
37586964
37595724
37602120
37609107
37618369
37626733
37634156
37644052
37648602
37653115
37658863
37666369
37671974
37679872
37680199
37686921
37690489
37693525
37703254
37713058
37716505
37718568
37725508
37729642
37732547
37740916
37743700
37746692
37756211
37758248
37762624
37767481
37771457
37777707
37783404
37787597
37792101
37800988
37810855
37815830
37816203
37826073
37833410
37841880
37844382
37846195
37852228
37854675
37856856
37863972
37863980
37866698
37876387
37877981
37884432
37891045
37891765
37893805
37902812
37907834
37910001
37919261
37926806
37930017
37935559
37939908
37949375
37957488
37964702
37967805
37972850
37976853
37984890
37993610
37997054
38006351
38012556
38014246
38021573
38024710
38034588
38042806
38048967
38058345
38061328
38067212
38070810
38080308
38087578
38090373
38094039
38102762
38107255
38117021
38122930
38126843
38129871
38136900
38143820
38153007
38159827
38164539
38170742
38171150
38174519
38180169
38189682
38192654
38195063
38199330
38202066
38211566
38213522
38218024
38225584
38231913
38233571
38234151
38236817
38241810
38251242
38256710
38264679
38265272
38271479
38275173
38276545
38279414
38282796
38284051
38288816
38289886
38292916
38297625
38306873
38309966
38317750
38323144
38330735
38336634
38340213
38343796
38346901
38347849
38353424
38360594
38366999
38374562
38384285
38387211
38396526
38399944
38408459
38415320
38423693
38433391
38437185
38444053
38446801
38456679
38457592
38459388
38468461
38469397
38470828
38475536
38485357
38489466
38491880
38495476
38495791
38500176
38509863
38514695
38522166
38523867
38529216
38530913
38534862
38535771
38541785
38544246
38549813
38558543
38565167
38565380
38574190
38577071
38581288
38584014
38587395
38593868
38602511
38602846
38607678
38612014
38621314
38626323
38629116
38629411
38634724
38641686
38646214
38653986
38656793
38662179
38666141
38668463
38677744
38685838
38690915
38694109
38701382
38704246
38712046
38714218
38719560
38725332
38726970
38731211
38739045
38748038
38750294
38751204
38756718
38759483
38764442
38771783
38779981
38787409
38791798
38799148
38800333
38800800
38808937
38809280
38811627
38813504
38822743
38828797
38829123
38831910
38838923
38847879
38851993
38857257
38859394
38866610
38866762
38869878
38873659
38878940
38884891
38888067
38891720
38901562
38911180
38921110
38930219
38939251
38942719
38951568
38954066
38956003
38959330
38964710
38969752
38970570
38979420
38981564
38987014
38995400
38995885
38995972
39005308
39014872
39020290
39023603
39029816
39032277
39035609
39041507
39045747
39052901
39056663
39058075
39062499
39071662
39072746
39079867
39087911
39095187
39104565
39105887
39109530
39112083
39120407
39126436
39134853
39140281
39146953
39155764
39163952
39171010
39179350
39184795
39189032
39190767
39193934
39200235
39204643
39206623
39213113
39217861
39222134
39223612
39229165
39235550
39242388
39242505
39249117
39257416
39258977
39260377
39262735
39268704
39270674
39271194
39278094
39280929
39290735
39300223
39304516
39304694
39313240
39318579
39326050
39327800
39329374
39332835
39337928
39342180
39347818
39352610
39357228
39361356
39370575
39373619
39382779
39387338
39391988
39394314
39400844
39406029
39408667
39412464
39418550
39423495
39432160
39439051
39441129
39451110
39457325
39458846
39460369
39469294
39474953
39480154
39487839
39489190
39494782
39504017
39512062
39514402
39515849
39518759
39525904
39526037
39533742
39538748
39540692
39548789
39558059
39564404
39568429
39574623
39580898
39588034
39592162
39592975
39600045
39604808
39609910
39611646
39616146
39625486
39633266
39638453
39641620
39651312
39656447
39660539
39666846
39673663
39680186
39682017
39691578
39695537
39700951
39705461
39708934
39713416
39718456
39720021
39721975
39722628
39724931
39733004
39739148
39744756
39751078
39752828
39761349
39769422
39772118
39775449
39781262
39782876
39792846
39802355
39810596
39816715
39818303
39819084
39827998
39829105
39832767
39842464
39848939
39851729
39860331
39865283
39868130
39868392
39869605
39876802
39883218
39889835
39890698
39899049
39905701
39909557
39919172
39923871
39931000
39935844
39945599
39948506
39951688
39954469
39954915
39964863
39973441
39980828
39989259
39991931
39995756
40000741
40007269
40007854
40009308
40018411
40028218
40031084
40035475
40041816
40050461
40052033
40061176
40065001
40068495
40076145
40081933
40091635
40095892
40105578
40113404
40123099
40125383
40128711
40130823
40138410
40147055
40149626
40153653
40161198
40164679
40174062
40177426
40186301
40191067
40196354
40204244
40204799
40208061
40210627
40211421
40220052
40222537
40222692
40223278
40224258
40231137
40235818
40243007
40244015
40249182
40257919
40263761
40265685
40267520
40274880
40280248
40289317
40292779
40293508
40302312
40310741
40319122
40319958
40329179
40339146
40346710
40347891
40348573
40353140
40362326
40366446
40371763
40375014
40375270
40382685
40389937
40391071
40391285
40392576
40401131
40405333
40410490
40415975
40419839
40427878
40433898
40442710
40449936
40458182
40462626
40470963
40477992
40482078
40486638
40487988
40495870
40503062
40508416
40512552
40515567
40518486
40520988
40521405
40528120
40534872
40541039
40550663
40559734
40567416
40576028
40579667
40582325
40589181
40598599
40599170
40607228
40612429
40620451
40628776
40636631
40645925
40651759
40660196
40668136
40669892
40675878
40677588
40677736
40678616
40680423
40686948
40694026
40703066
40707958
40714272
40715640
40716622
40723929
40731412
40736133
40738058
40740551
40747942
40750044
40754456
40755037
40758597
40763682
40767786
40771129
40772407
40782198
40788386
40790593
40790699
40795404
40796853
40806833
40813963
40820837
40826548
40830359
40833078
40834621
40837166
40842868
40850051
40857176
40861790
40864460
40870862
40874395
40882618
40891831
40897559
40907236
40915333
40915659
40917035
40921199
40924783
40932974
40938813
40945395
40954120
40960866
40961960
40970704
40974438
40979071
40979735
40985434
40992905
41000551
41004429
41006464
41011804
41012723
41021798
41027711
41032159
41040620
41049003
41051735
41056009
41060825
41062262
41062273
41064700
41068539
41075080
41080140
41085542
41092831
41093943
41096152
41097460
41099263
41105325
41108381
41108637
41112200
41113435
41122657
41124036
41133145
41136031
41143115
41152078
41158558
41159323
41160603
41167361
41174124
41174295
41178952
41187982
41190740
41196703
41200335
41207770
41214301
41221243
41229532
41234033
41241980
41246524
41247708
41247891
41254016
41256773
41265187
41273786
41278644
41279145
41279459
41288581
41288691
41296864
41300760
41308867
41310535
41316299
41317695
41325126
41333370
41338054
41346796
41353879
41360449
41362439
41366241
41368882
41375905
41384432
41385993
41392826
41399899
41405446
41408462
41413951
41420742
41421845
41428198
41437344
41445383
41449565
41451288
41453644
41462206
41465297
41466446
41470908
41480829
41484649
41488002
41495152
41496170
41499784
41508051
41518034
41523199
41532506
41540518
41541733
41542475
41542937
41548160
41556867
41566409
41572150
41579592
41584382
41585387
41587590
41590404
41592691
41597877
41606902
41609196
41612216
41614886
41616835
41621206
41630059
41635232
41640669
41644485
41651532
41659841
41666346
41675107
41683751
41689283
41693111
41697358
41704684
41706631
41715092
41718448
41718610
41722179
41727547
41730371
41733447
41739270
41743760
41743853
41747460
41752948
41762158
41765273
41767275
41771071
41776587
41780649
41789130
41794188
41798885
41806488
41812782
41821152
41826308
41834056
41840895
41848891
41855921
41857044
41859040
41866677
41869756
41871792
41872160
41878976
41881678
41887457
41891352
41893292
41896756
41898795
41907573
41917088
41920225
41928446
41937287
41943925
41950044
41950421
41954117
41962826
41972388
41978030
41985249
41989008
41994534
42003113
42008017
42009671
42013186
42021977
42024013
42024235
42032637
42032961
42038189
42046059
42047462
42050419
42056864
42063725
42065286
42072104
42080675
42082956
42085052
42092440
42098083
42099868
42101502
42104962
42106210
42111425
42116085
42118380
42120931
42130447
42137108
42146837
42150165
42159965
42168743
42169403
42172980
42182754
42187503
42189302
42192721
42198094
42200038
42207558
42208893
42212821
42217987
42223128
42227477
42234923
42236905
42237661
42239144
42247865
42255299
42262190
42268502
42276529
42282318
42282506
42288145
42296539
42296752
42300306
42305020
42310609
42316523
42324965
42329489
42339063
42343892
42344610
42345531
42354127
42361993
42366322
42372962
42376122
42384019
42386447
42390803
42392552
42396999
42403263
42407391
42412389
42421167
42430972
42436255
42443732
42450558
42456661
42461843
42462593
42469487
42477772
42481588
42483972
42485161
42489269
42497622
42499934
42505673
42508516
42510403
42519865
42521240
42525869
42526265
42529164
42536464
42537383
42545942
42554055
42554689
42563383
42564045
42571257
42574805
42582667
42591916
42594650
42598913
42603881
42605929
42609611
42619267
42622344
42632107
42639042
42642037
42650457
42658204
42666186
42672939
42677524
42680599
42689417
42694947
42695169
42704084
42708296
42717760
42718556
42726190
42730676
42738380
42747472
42753044
42757289
42764437
42769802
42774709
42779775
42784180
42785377
42794102
42796109
42798967
42799466
42806680
42811045
42813050
42818265
42827984
42835834
42836474
42843609
42845233
42847833
42851749
42859261
42869169
42870946
42880173
42880310
42888741
42892377
42900582
42902993
42910378
42911052
42912313
42920391
42921695
42922515
42927823
42931628
42933750
42941139
42946729
42949799
42957895
42961912
42967860
42976727
42983359
42989745
42997365
42997777
43005148
43012128
43013853
43021733
43031523
43033949
43036646
43045201
43052467
43060630
43067790
43068955
43078024
43085543
43088157
43093319
43093951
43100849
43108657
43118532
43126342
43131788
43137900
43141057
43149607
43152390
43162350
43168399
43172573
43180028
43182130
43184707
43189852
43198532
43200741
43204464
43204474
43213535
43215832
43218708
43222002
43231125
43236978
43242683
43246895
43248220
43256904
43266761
43274081
43277159
43278539
43284627
43292504
43297991
43307640
43315663
43318040
43325921
43333104
43335375
43343058
43352083
43354554
43358592
43361769
43371363
43378224
43380789
43383826
43388497
43392636
43393964
43396879
43402566
43406032
43416022
43422480
43423905
43424130
43433369
43438552
43448351
43449603
43458788
43459395
43465870
43473975
43478847
43484150
43485376
43485712
43490195
43498913
43504711
43512907
43517279
43519164
43521489
43521581
43522841
43527509
43534534
43535105
43544602
43547886
43555059
43562986
43565607
43570513
43572159
43579516
43580519
43581093
43586910
43591626
43595533
43600821
43602912
43603923
43606953
43613260
43621587
43623060
43633020
43638433
43647448
43652912
43653732
43663370
43672637
43673940
43682549
43690888
43693877
43698804
43704039
43706240
43714281
43715320
43717080
43719932
43722149
43724369
43726210
43733815
43738241
43738957
43743259
43750049
43752295
43759696
43760495
43765389
43772557
43775103
43779226
43784236
43793415
43794241
43801947
43804017
43808130
43813587
43813926
43816148
43820967
43821708
43831572
43841034
43850371
43855692
43855973
43865617
43866488
43874476
43883068
43892147
43897693
43902850
43912644
43920778
43926761
43926865
43936629
43944438
43944591
43949602
43950270
43954020
43963157
43968538
43969814
43977693
43979165
43982173
43985733
43991245
43992717
43999952
44001563
44003351
44004929
44005239
44010288
44012112
44017822
44018094
44027376
44036730
44044584
44052288
44052851
44055137
44062845
44072739
44073777
44074270
44079776
44084518
44092287
44099847
44109651
44118968
44122632
44123987
44129170
44130779
44132972
44135425
44136164
44137529
44139985
44146143
44152363
44152812
44160064
44167279
44170541
44179925
44182986
44188377
44193356
44202405
44206550
44208182
44214950
44224774
44226258
44229356
44237694
44237899
44238496
44240920
44241307
44250856
44252471
44253812
44258679
44260153
44268457
44272712
44280507
44289669
44290444
44296753
44301689
44302494
44304831
44313096
44317176
44322409
44323390
44329276
44337453
44337884
44338102
44344167
44350508
44360308
44369292
44372882
44375064
44376736
44379081
44381190
44388283
44389545
44396046
44401221
44409332
44417371
44422339
44431224
44434409
44442658
44447029
44448795
44452228
44460063
44460368
44464529
44474060
44481764
44488361
44491148
44497997
44498713
44507517
44515677
44525539
44527977
44536524
44539149
44542615
44545339
44546527
44551076
44553878
44562578
44565531
44567174
44571371
44580795
44586835
44587950
44596338
44599735
44601002
44604201
44609337
44616540
44618288
44625667
44628283
44629866
44638125
44644174
44647327
44649885
44658395
44667593
44673232
44678398
44687474
44695582
44698762
44701995
44708885
44713718
44714974
44716071
44717668
44718156
44725850
44729188
44736452
44741376
44746370
44748459
44751567
44759087
44759319
44767713
44772454
44782358
44790043
44797330
44804549
44806489
44815825
44819027
44822202
44825989
44829135
44835017
44844855
44847946
44848057
44854815
44858993
44862044
44867104
44868663
44877175
44885860
44888859
44897479
44906260
44911214
44913606
44922467
44925171
44931369
44935363
44937323
44944495
44949301
44955323
44961691
44964512
44968594
44969074
44977830
44984146
44984588
44991352
44993387
44997130
45001647
45009475
45012683
45016347
45017072
45023288
45023794
45031207
45032873
45035634
45044215
45051452
45053174
45053440
45062071
45069096
45071242
45073028
45075743
45081136
45083553
45086960
45095840
45104272
45112433
45112996
45121263
45125816
45130574
45133695
45140861
45148176
45151915
45154713
45158584
45162984
45163605
45166170
45176000
45181411
45184809
45185099
45186263
45187689
45191876
45194061
45200159
45209393
45209580
45213054
45218967
45222735
45229585
45232640
45238708
45241172
45242747
45249888
45255246
45264164
45273438
45279133
45285445
45294950
45303601
45304455
45310779
45319829
45324956
45332311
45335674
45338887
45339201
45347093
45353476
45356422
45359207
45365131
45369641
45376388
45383747
45389140
45390926
45395277
45401037
45409551
45413388
45422412
45426167
45427272
45436192
45440011
45442335
45443677
45444396
45447764
45457017
45466525
45467561
45469134
45476552
45481069
45488529
45495985
45496715
45506562
45515930
45519305
45521201
45521254
45528485
45535598
45537442
45539310
45547397
45550215
45557290
45565556
45569466
45574922
45578454
45579937
45587338
45595810
45604889
45609634
45615772
45621331
45631226
45638190
45641793
45649579
45651874
45657251
45661016
45670848
45675924
45682968
45685428
45685943
45688950
45698567
45699328
45703631
45711673
45716971
45720726
45726320
45731039
45740233
45747882
45753157
45761581
45768483
45771627
45779648
45782803
45788336
45793093
45796891
45806755
45807062
45813273
45814887
45822497
45826997
45828085
45834587
45835755
45843840
45847483
45857449
45862547
45863900
45872606
45874391
45883889
45893821
45895030
45899967
45904614
45912802
45921336
45925193
45930616
45940159
45943757
45949903
45954314
45956427
45962241
45966835
45968007
45970286
45976563
45980664
45989413
45990367
45993255
45993493
45998790
45999176
46000499
46000592
46005119
46006042
46012395
46019789
46020027
46024780
46028751
46030256
46035068
46035472
46044466
46048731
46052821
46055102
46056015
46063432
46066951
46071275
46080183
46085311
46086801
46094089
46102344
46105271
46107611
46108327
46116340
46117016
46125761
46132173
46134148
46137649
46139092
46147176
46156821
46164532
46165319
46173581
46183087
46191377
46197432
46199757
46204343
46207995
46209843
46219834
46223517
46231302
46238220
46243048
46252369
46257216
46260771
46264998
46268081
46277714
46284545
46285538
46293070
46295207
46303548
46307646
46309313
46318325
46327978
46336413
46337586
46344079
46344102
46348845
46358489
46366543
46374591
46378282
46386754
46386841
46389658
46390609
46396903
46406407
46410632
46414366
46419974
46422327
46422431
46425622
46433797
46442918
46444124
46444613
46447798
46448034
46457300
46463483
46469357
46471512
46479578
46480586
46488391
46493777
46499132
46503245
46510980
46520372
46529136
46534804
46537333
46540619
46542924
46549729
46550877
46554027
46558647
46559950
46567418
46574568
46577302
46584910
46586852
46587842
46597524
46603226
46605067
46613382
46620087
46629657
46634247
46636234
46640212
46647904
46656884
46659711
46667721
46676984
46677052
46684903
46687172
46692256
46700201
46701059
46706529
46709029
46709775
46715205
46716070
46717811
46724310
46726528
46729682
46735225
46742037
46749111
46757746
46764495
46766448
46770475
46771848
46777425
46784889
46789455
46792433
46795482
46798823
46799269
46805917
46810891
46813472
46814963
46822366
46827270
46836631
46837250
46844406
46845734
46846797
46854147
46862332
46867252
46870124
46876742
46884471
46890925
46894106
46897111
46897582
46904824
46908626
46908786
46910210
46917742
46925367
46925570
46931785
46935108
46943370
46948092
46952900
46953970
46963968
46969585
46978175
46980524
46988585
46994858
47001002
47008374
47010032
47017799
47018336
47023702
47026905
47029169
47032640
47035032
47040344
47049437
47051558
47055307
47056213
47061756
47063222
47072396
47079699
47085510
47093814
47097413
47098312
47098408
47107373
47109614
47113840
47123562
47124294
47124893
47129359
47130668
47134398
47144101
47147730
47153913
47155324
47158975
47159541
47167221
47168741
47176098
47182142
47188021
47195945
47201705
47207469
47216194
47220072
47224831
47229633
47237796
47243731
47249626
47257196
47259373
47262793
47270577
47275782
47285597
47285753
47289782
47292221
47299770
47302945
47303368
47309993
47316281
47316450
47317802
47326656
47327300
47328230
47332183
47339966
47340607
47348165
47353854
47362239
47368029
47373326
47382708
47390568
47398478
47401211
47402800
47411139
47420840
47421815
47422964
47431798
47438570
47442554
47446844
47456210
47462016
47469938
47471299
47474078
47475442
47478212
47480806
47481318
47484507
47485423
47492405
47501852
47504189
47508532
47516135
47519729
47520201
47528087
47537225
47546571
47550529
47553034
47555765
47562528
47571765
47576428
47581521
47588463
47589736
47597372
47598111
47599339
47602065
47608971
47611202
47615671
47617091
47625062
47625999
47626910
47635649
47637431
47646675
47647526
47654290
47663596
47664760
47665859
47668664
47675388
47679378
47686201
47694264
47701622
47711487
47713243
47713687
47715108
47717118
47725451
47728355
47731821
47735620
47741766
47749533
47752708
47761022
47765398
47766847
47774071
47779026
47785778
47789244
47790938
47792102
47796915
47800450
47803179
47809485
47816614
47820336
47820779
47823029
47825403
47833065
47839809
47847330
47856065
47858868
47861353
47864869
47866689
47876514
47877843
47886452
47889567
47894473
47897274
47899848
47903828
47909245
47915877
47924844
47931968
47939993
47945135
47952982
47953094
47960761
47970576
47977842
47980331
47989072
47994029
47998361
47999282
48006728
48015783
48019813
48027954
48036097
48041259
48048366
48057240
48064904
48069054
48070078
48076399
48083927
48092127
48093807
48103606
48112621
48121870
48126339
48129376
48130621
48138260
48143190
48145424
48147988
48153713
48162506
48166285
48173393
48174789
48178664
48181602
48190931
48191108
48191801
48201308
48209996
48212709
48216213
48219570
48228585
48237014
48237474
48243920
48247050
48250827
48258671
48265392
48268983
48278003
48283180
48288450
48295061
48298582
48299989
48307918
48308354
48313833
48319665
48326404
48331096
48338311
48339108
48340317
48348473
48357243
48363081
48363992
48371715
48372534
48374176
48382811
48389415
48391063
48398341
48405827
48407138
48411162
48416311
48418050
48424698
48431970
48438916
48448325
48457199
48466453
48467658
48473307
48475383
48478078
48484417
48492421
48496169
48502368
48502681
48505477
48510083
48518056
48525967
48532967
48538285
48543919
48548622
48555110
48556405
48560965
48566017
48566301
48575949
48583006
48589958
48595427
48605113
48610711
48615661
48615972
48620404
48625208
48628469
48636333
48640011
48641794
48644509
48647509
48652895
48661323
48667037
48669245
48675776
48681066
48683270
48689927
48693830
48695780
48704732
48713513
48717633
48719219
48723622
48730098
48732527
48742195
48750758
48751293
48758365
48764902
48770537
48774251
48780023
48782115
48784527
48794368
48800125
48807524
48816240
48822539
48823715
48831711
48837688
48841509
48850906
48859289
48860324
48862271
48871877
48876468
48886107
48889358
48889586
48890323
48896768
48904543
48912119
48918552
48927741
48930669
48932209
48942002
48946436
48952094
48956386
48963185
48970887
48971661
48976464
48984847
48993987
48996012
48996070
49004004
49012249
49013408
49020130
49024003
49033193
49042365
49046175
49046583
49055486
49065293
49072953
49078283
49086592
49089146
49091699
49097715
49103459
49111099
49111136
49119258
49120923
49129653
49130910
49140432
49146018
49155888
49158067
49158207
49163994
49168863
49169159
49170511
49176002
49180305
49188677
49198410
49205916
49210163
49219450
49224659
49226068
49230888
49237909
49238308
49243707
49244201
49247778
49253079
49256132
49262414
49267205
49271784
49275187
49284899
49287786
49294731
49302257
49311578
49316661
49318415
49322098
49327887
49331479
49339588
49339967
49344706
49348708
49349499
49352013
49356957
49365221
49371396
49372535
49380838
49382336
49384813
49386886
49395248
49398815
49401416
49407615
49416319
49419949
49426427
49434026
49441122
49442457
49449161
49451381
49453990
49456828
49461551
49469798
49476716
49480924
49489752
49498844
49506589
49515884
49518190
49525391
49531213
49540028
49547906
49548566
49557851
49566137
49573662
49580811
49587871
49588301
49593146
49597446
49604806
49608813
49617186
49618050
49625604
49629542
49637682
49644498
49648097
49650471
49652979
49653311
49660326
49663138
49665013
49667958
49677133
49682891
49692563
49692666
49696957
49704164
49706968
49716795
49718408
49720316
49727565
49728763
49730437
49735676
49740406
49743947
49747920
49751308
49758174
49762490
49762694
49766163
49773953
49782848
49784613
49792206
49792916
49795330
49801793
49808132
49809994
49815654
49816960
49817654
49823349
49830234
49830355
49831014
49838605
49842064
49845217
49846918
49853428
49861046
49867074
49875827
49877339
49887270
49890704
49896724
49899307
49905888
49907854
49913997
49922904
49929491
49932622
49933284
49933400
49939788
49939997
49946252
49950128
49958286
49965946
49967864
49971712
49972304
49975009
49975567
49981472
49990967
49997108
49999489
50000465
50009587
50017026
50023937
50030640
50031703
50037188
50045336
50054364
50056155
50057609
50066389
50073591
50073692
50083257
50088427
50093848
50096968
50099965
50105855
50112082
50113376
50122099
50127737
50132904
50141306
50144041
50153120
50158302
50166599
50170204
50170213
50179629
50181832
50184219
50190901
50195222
50195256
50195268
50196936
50205401
50214790
50221118
50223702
50224912
50230938
50239790
50247744
50250219
50252327
50259073
50267126
50271765
50274925
50279044
50283720
50292175
50301090
50304869
50305855
50314784
50323528
50325606
50329838
50338149
50343609
50344875
50347877
50353642
50359410
50360251
50361142
50364873
50372291
50373071
50379032
50386109
50390955
50391588
50394915
50400201
50401353
50405000
50408698
50410334
50419353
50423259
50428310
50437227
50437437
50444155
50445224
50446975
50449852
50459778
50463756
50469768
50477888
50482724
50485667
50494011
50502579
50504061
50512425
50518471
50520611
50524701
50531724
50532788
50538280
50542054
50542906
50547095
50552575
50554784
50562047
50562415
50566159
50574289
50582398
50584825
50592194
50593399
50594576
50601638
50606152
50607316
50608434
50614201
50623908
50628063
50636496
50643988
50649756
50653531
50663016
50670507
50679088
50687147
50690131
50691245
50695326
50696929
50701920
50704053
50707253
50713806
50721599
50727959
50729588
50732929
50737832
50746641
50751108
50758753
50766973
50775165
50780584
50781915
50784170
50789874
50791658
50794745
50796778
50796882
50804271
50808425
50815018
50819272
50827254
50833800
50838703
50840358
50841549
50851198
50857601
50860878
50867495
50874242
50875828
50884586
50894504
50900033
50906020
50911029
50916227
50922374
50925443
50929585
50935725
50935884
50940829
50945815
50953404
50962136
50970197
50977049
50986584
50994447
51001851
51006934
51016895
51018802
51019339
51023771
51032666
51041323
51047363
51051386
51053276
51063208
51063409
51069704
51076958
51082576
51087353
51095539
51096103
51099786
51101217
51103633
51113273
51113997
51121152
51127940
51129776
51131864
51141097
51145306
51149376
51151044
51156506
51161249
51169802
51172800
51175016
51178165
51186530
51191846
51197759
51201894
51211443
51215447
51223515
51228055
51233563
51237461
51240307
51247157
51253365
51256635
51262586
51264024
51267414
51275794
51284156
51290310
51291914
51295489
51301609
51304260
51310727
51311099
51317255
51317366
51320279
51322041
51329356
51334859
51337683
51344053
51345317
51346060
51348103
51349233
51350255
51352248
51354124
51354678
51360230
51363188
51364555
51369979
51372919
51375512
51377641
51386658
51387599
51391706
51394895
51403583
51411859
51414049
51421740
51430640
51432678
51438684
51438744
51444334
51445494
51449109
51456498
51464735
51470108
51473416
51477787
51485975
51489253
51493719
51496665
51500290
51510001
51516726
51523918
51530312
51530373
51535035
51542315
51543191
51546164
51551906
51557236
51563285
51569355
51572447
51572864
51578629
51582549
51587043
51592460
51597960
51604959
51606994
51610356
51618381
51622209
51623014
51632171
51641162
51646488
51653774
51654296
51662724
51669563
51676588
51678013
51686896
51688217
51691495
51691863
51696837
51703783
51706872
51713077
51722279
51728438
51735712
51742705
51747141
51750883
51754146
51764122
51764315
51772389
51776748
51778532
51779906
51782948
51792457
51797780
51802429
51810302
51812221
51813883
51817026
51823271
51831511
51837020
51839403
51845263
51851332
51855357
51864705
51874665
51883511
51892742
51894615
51904556
51911171
51913740
51917659
51917994
51927020
51934290
51940110
51942391
51948719
51956157
51962346
51965367
51971357
51973073
51974454
51976333
51980089
51985735
51989674
51994830
51997919
51999202
52000848
52002547
52008323
52016066
52019714
52025499
52025688
52031185
52035458
52039100
52040540
52048431
52050053
52058842
52060496
52062872
52070710
52080512
52083209
52090053
52094039
52094109
52095657
52103293
52110040
52117912
52121552
52130213
52132993
52135504
52144431
52146132
52147254
52150870
52151788
52155340
52161578
52165864
52170612
52173158
52178251
52184739
52187184
52192511
52193050
52200925
52204045
52211984
52213811
52223747
52225710
52231442
52236965
52246744
52255300
52262132
52263251
52269641
52278420
52287790
52297211
52305721
52310811
52318964
52319658
52321056
52326382
52329916
52336630
52344198
52353039
52353967
52356230
52361290
52369325
52372023
52380490
52387816
52396347
52397186
52401222
52409126
52416166
52422643
52428236
52429776
52433241
52435712
52436415
52443261
52447181
52456336
52457544
52462405
52471137
52480687
52486272
52487527
52488248
52497351
52506650
52507804
52510582
52518791
52523962
52532844
52535411
52536835
52538800
52543052
52550515
52558490
52567344
52568511
52576854
52582159
52585491
52593230
52600272
52605905
52614767
52622764
52631857
52640112
52648687
52651014
52651752
52652190
52660682
52667058
52670084
52678182
52682124
52692083
52700122
52706220
52709939
52715290
52719255
52719405
52725627
52732243
52734915
52742832
52744091
52753875
52759161
52767504
52768462
52770156
52775228
52781622
52789946
52790094
52798667
52800123
52809516
52811766
52812328
52819340
52828815
52838021
52846157
52847492
52849271
52856854
52865612
52867494
52872012
52874183
52880064
52882789
52887570
52891279
52894933
52895966
52904575
52911782
52915977
52924866
52929006
52934099
52943700
52950155
52959608
52965630
52967983
52975028
52980600
52981394
52988097
52989605
52990507
52993432
52996353
53000764
53005143
53007263
53012251
53013643
53021522
53027803
53029820
53036676
53044063
53048488
53057311
53059846
53064028
53072356
53080213
53090213
53094569
53100126
53107710
53111330
53118524
53120565
53125550
53127423
53136200
53140376
53149473
53152350
53157277
53158294
53162182
53167668
53172679
53173675
53174363
53179415
53186086
53189973
53194213
53195639
53202435
53207451
53207855
53211793
53218074
53222794
53226981
53230643
53236745
53242035
53246805
53249968
53255000
53261943
53266897
53269285
53271050
53278659
53282549
53292324
53294901
53300771
53306744
53312559
53321243
53322737
53330523
53332157
53334309
53337317
53339990
53345956
53351763
53356085
53357506
53363912
53371921
53372033
53375937
53384596
53387117
53393693
53402504
53405245
53413251
53423225
53430573
53437155
53444620
53448483
53450334
53458875
53467402
53474990
53483763
53490787
53491425
53492947
53500268
53503959
53511629
53521167
53530647
53531166
53534017
53540079
53547213
53553339
53553373
53557974
53567747
53572609
53579343
53583339
53587648
53595445
53605084
53609754
53617289
53620343
53623151
53630943
53635825
53636286
53646222
53652287
53657544
53657908
53666471
53673485
53679108
53679395
53680010
53681160
53684803
53689953
53698869
53706094
53707845
53716539
53718889
53722336
53729037
53731330
53732218
53741965
53750496
53753370
53758434
53765866
53773853
53782665
53788108
53794575
53803409
53810288
53817187
53820293
53822744
53830465
53839751
53841232
53842537
53846906
53852113
53857919
53860923
53865859
53873215
53881327
53885176
53888139
53889879
53895521
53899784
53904234
53911295
53913417
53915588
53923438
53931513
53935734
53936725
53943413
53952993
53961620
53964003
53970934
53976012
53982084
53984263
53990192
53997927
54004069
54006814
54015943
54021263
54028349
54036630
54041249
54047014
54047289
54055502
54063302
54064541
54069457
54071911
54074471
54076985
54086096
54092223
54101349
54109317
54116700
54122275
54129602
54133833
54134088
54140683
54144742
54147172
54153818
54160724
54166232
54167230
54171434
54179662
54187993
54189085
54195850
54201158
54210746
54211764
54219336
54222904
54226153
54227707
54232943
54235494
54238300
54242114
54245032
54246041
54251301
54260967
54267137
54270407
54277033
54278004
54278941
54287834
54294804
54299178
54300792
54300863
54310810
54314163
54320308
54327403
54327530
54328105
54332148
54333645
54335581
54342113
54348526
54353266
54359329
54363071
54372117
54373450
54373853
54378704
54383626
54388909
54396221
54404095
54406508
54414298
54415338
54416254
54422622
54431078
54440297
54444535
54446944
54452520
54459404
54461637
54465172
54470214
54475238
54481591
54481608
54485676
54487788
54492597
54492699
54494782
54495157
54504638
54508223
54515595
54522554
54531493
54537829
54547591
54554129
54560886
54567183
54569256
54572116
54572513
54580897
54585400
54590590
54598440
54604540
54606208
54610391
54616830
54624803
54630497
54632120
54632456
54636073
54641190
54642372
54646115
54648503
54656911
54662302
54668293
54671980
54676828
54681994
54685311
54690243
54694957
54699791
54702434
54709440
54716058
54721903
54730663
54736402
54743456
54745011
54754349
54758718
54765724
54767318
54769772
54777239
54784347
54785598
54793889
54794725
54804715
54809901
54819853
54821644
54824309
54833422
54838071
54843575
54852753
54858747
54867118
54871132
54873144
54879901
54888432
54895622
54903579
54912028
54918889
54926174
54927366
54930963
54936392
54939123
54946745
54947282
54947940
54953105
54959363
54969209
54977821
54982444
54985833
54989087
54996602
55002242
55010264
55018766
55027226
55032175
55040608
55047899
55057472
55065099
55066765
55067382
55072488
55073274
55078746
55080330
55086041
55087609
55094908
55096610
55101854
55110458
55117156
55119969
55122416
55132323
55141326
55145732
55155028
55155917
55155947
55158836
55159526
55168780
55173425
55183102
55186243
55194194
55194736
55199294
55208633
55216118
55221244
55226988
55229298
55234423
55234625
55243902
55248127
55251798
55258492
55266118
55272569
55272846
55274425
55282276
55285482
55295218
55301541
55307800
55315062
55318203
55319415
55324027
55330982
55334145
55343325
55349745
55350196
55352662
55355301
55356510
55361386
55364245
55364689
55365741
55371385
55376884
55382040
55392010
55398225
55405979
55415495
55422812
55432232
55441095
55445211
55446618
55452987
55453834
55455323
55460832
55469438
55474430
55483673
55484992
55485163
55488063
55493960
55499293
55503553
55509532
55517792
55521862
55527385
55531437
55538174
55542991
55545602
55547415
55553834
55559967
55565120
55566992
55573203
55574094
55581045
55584956
55587356
55592922
55600984
55610668
55611993
55617939
55624286
55633399
55638599
55643245
55647279
55649672
55657661
55658002
55663395
55670530
55678039
55686325
55687014
55695256
55703384
55704680
55709449
55710824
55715355
55724214
55728275
55735188
55736000
55744858
55747504
55748203
55753711
55763193
55769449
55774944
55775390
55784834
55785306
55789497
55797754
55801248
55803135
55805770
55812639
55815389
55824656
55834461
55841613
55843804
55850375
55859665
55866585
55869842
55879560
55881395
55890634
55896725
55902023
55904950
55913896
55916677
55922098
55923523
55931690
55939819
55949080
55953899
55956265
55957819
55964358
55968829
55978732
55987893
55992829
55992970
55994812
56004583
56009223
56018578
56025651
56035029
56040971
56047621
56047689
56051154
56054265
56062972
56071184
56076696
56083229
56089692
56097606
56104855
56104906
56107257
56108890
56118740
56124174
56132012
56134490
56137859
56142474
56150398
56152325
56161573
56165940
56171874
56175708
56181141
56188228
56195151
56200509
56205420
56212074
56220753
56221160
56225343
56232136
56235705
56239190
56240969
56241858
56247057
56254151
56258858
56265458
56268424
56275208
56278572
56285490
56292860
56293155
56294014
56295370
56295597
56303226
56309474
56310191
56310227
56318898
56320974
56330399
56339591
56344077
56344298
56346813
56351663
56361102
56370838
56374696
56383183
56383501
56389826
56398214
56402669
56407045
56409898
56410189
56417146
56427085
56428493
56430920
56437919
56443488
56443561
56447343
56453391
56460243
56462126
56463995
56471786
56474619
56474799
56474930
56478129
56484713
56494596
56502478
56509909
56519098
56527208
56532158
56541702
56551237
56555987
56556415
56559155
56564673
56565086
56574002
56575267
56582910
56587960
56594469
56596500
56599313
56608044
56614325
56619156
56627628
56630095
56638414
56640113
56642602
56649760
56659486
56659566
56663149
56670085
56677318
56684886
56693626
56695250
56701874
56701999
56709607
56718457
56725026
56731682
56733665
56740745
56749795
56756794
56763228
56772257
56778237
56780641
56787713
56789223
56790448
56791847
56793173
56802255
56804240
56810128
56819109
56820399
56824403
56824737
56833869
56840720
56842552
56848859
56853238
56860302
56867191
56876315
56879170
56883428
56892669
56893385
56901260
56905419
56910171
56919531
56920209
56926269
56931348
56931543
56932284
56936638
56937957
56947557
56951837
56957092
56964248
56964867
56972625
56980074
56989588
56996176
56999691
57004062
57011930
57013360
57017296
57018980
57023729
57023870
57030687
57038965
57039510
57046845
57055126
57060200
57062795
57068771
57074986
57082409
57087703
57092216
57101545
57106709
57115326
57121899
57122300
57125971
57126212
57130686
57137311
57143487
57145958
57151350
57151643
57152482
57160485
57161312
57162975
57168574
57176482
57176602
57182194
57186012
57189154
57189573
57193421
57201884
57210850
57211481
57212616
57219826
57224585
57230411
57237154
57241777
57247192
57253635
57260834
57265015
57269744
57272784
57279844
57288132
57288675
57293132
57299857
57309838
57316931
57324780
57333642
57341672
57345239
57351594
57360223
57363259
57365683
57370149
57370842
57378929
57383768
57392410
57401631
57411288
57413302
57419894
57426760
57435581
57440555
57446307
57451576
57458654
57462654
57469391
57470900
57480294
57486726
57494937
57498989
57502404
57506595
57511162
57519291
57525194
57532306
57533861
57537960
57543651
57544154
57553060
57562073
57569182
57576707
57580543
57588428
57594191
57603704
57606443
57616418
57625089
57630250
57637031
57637159
57638265
57645586
57650489
57656401
57659699
57665356
57667882
57675283
57679005
57679973
57682053
57685789
57690568
57694118
57703260
57709176
57710212
57719609
57726697
57734880
57741910
57751560
57754469
57762289
57767629
57777447
57782049
57790011
57790699
57795567
57798287
57802067
57810892
57812008
57815858
57823278
57825797
57832548
57833308
57834818
57844121
57847578
57854552
57861179
57870621
57878191
57887675
57888438
57896750
57902932
57912158
57914421
57922059
57927782
57936472
57940162
57942572
57947677
57953821
57957022
57960327
57962479
57962847
57971233
57976273
57980469
57981009
57989399
57991950
57992955
58000759
58007004
58007321
58013450
58022371
58031475
58034450
58042286
58047201
58052749
58060242
58061035
58067771
58067847
58071260
58080379
58088962
58095182
58104251
58107642
58117104
58125475
58135255
58136004
58140910
58149251
58153061
58156029
58163067
58167267
58172560
58181456
58188239
58191819
58198268
58202222
58203570
58209325
58213817
58217376
58227306
58232726
58234449
58239109
58245378
58245836
58251327
58254771
58259759
58261665
58266382
58276226
58278133
58283828
58289806
58291996
58296987
58305915
58314865
58318174
58318448
58322869
58326360
58328338
58334228
58334589
58344071
58351031
58355791
58359534
58362551
58370299
58370533
58375775
58383405
58386232
58394456
58395372
58395885
58397721
58401959
58408671
58410798
58416554
58426213
58426346
58428674
58428865
58435455
58437734
58441332
58449733
58451285
58451831
58454398
58460280
58463836
58469119
58471068
58472055
58472560
58481902
58484073
58493948
58503409
58504624
58507904
58511691
58521656
58527868
58529490
58537411
58542335
58547278
58553046
58555681
58563668
58564204
58572957
58574951
58577136
58577433
58586213
58590343
58593781
58597757
58601589
58603342
58608427
58617760
58620237
58625931
58635808
58643261
58650058
58655004
58655624
58656608
58660752
58665032
58674415
58675747
58676080
58677860
58685340
58693949
58696850
58697791
58706188
58712978
58721560
58724464
58730839
58735206
58744347
58754021
58757210
58763154
58771221
58778533
58785047
58790933
58797503
58798563
58801112
58808709
58815345
58823327
58826805
58828599
58838308
58840743
58844069
58848793
58855270
58860016
58861173
58863317
58867161
58867849
58877758
58878546
58880387
58881072
58883914
58890414
58893427
58901644
58907691
58909948
58915580
58923454
58926667
58936519
58937368
58940359
58945380
58948179
58951244
58953744
58957108
58957753
58963335
58970177
58974269
58979639
58981261
58988407
58994037
59001779
59005841
59006154
59013410
59015413
59024302
59028122
59036887
59039125
59042451
59042822
59047500
59057089
59057848
59059174
59068993
59070052
59075846
59080014
59086912
59091124
59098945
59100912
59105681
59106227
59113884
59122532
59129002
59129157
59130561
59133692
59142897
59148471
59150715
59154854
59164408
59165343
59172153
59178512
59179880
59188225
59196892
59197550
59202256
59210484
59216378
59218557
59226790
59236293
59244929
59254085
59260478
59261330
59269773
59277457
59285011
59286336
59287026
59292765
59301434
59306029
59309385
59314966
59324623
59327473
59330801
59332205
59336710
59338913
59345642
59347685
59357433
59363746
59373416
59376606
59385678
59391499
59393358
59399724
59401082
59407819
59411410
59420174
59428975
59431840
59436049
59443250
59447095
59448929
59451940
59454876
59463442
59467420
59477148
59482597
59485138
59494151
59501857
59510201
59519336
59527615
59535905
59545675
59550623
59553288
59561772
59565544
59574815
59584455
59591579
59600809
59601709
59607156
59612523
59621918
59625319
59631876
59640708
59648414
59651081
59660612
59665229
59668660
59671404
59672706
59676142
59678060
59683537
59692013
59698695
59707671
59708614
59711773
59716424
59719120
59723827
59726430
59728999
59734927
59738433
59746360
59750805
59759176
59766622
59770469
59774540
59784388
59792081
59794090
59799807
59804508
59810940
59818971
59824026
59831260
59839933
59845442
59847194
59855541
59857903
59862672
59872312
59879461
59886224
59887304
59890454
59895415
59898391
59899344
59907021
59912218
59914082
59918958
59920900
59923413
59924827
59932028
59940041
59944938
59952932
59954813
59960657
59963704
59972724
59981189
59987340
59990181
59997128
59998959
60005044
60006274
60014777
60019066
60020539
60026675
60035367
60044823
60051582
60056902
60057234
60062646
60065114
60068283
60072839
60077982
60081723
60084625
60088469
60090376
60090799
60094039
60097163
60097287
60099954
60101871
60111444
60111725
60119872
60125144
60125439
60127761
60134371
60135845
60141155
60142023
60142838
60148235
60156608
60158957
60161251
60166558
60173923
60178463
60182779
60189793
60199352
60204090
60213494
60221183
60230124
60235653
60239244
60247326
60254318
60261233
60270036
60273166
60282460
60287980
60292243
60298510
60301357
60304709
60308058
60315218
60319817
60321780
60323896
60325898
60330525
60334641
60337057
60337232
60343313
60345423
60348509
60357533
60358442
60362968
60368363
60369550
60377070
60383190
60386024
60394587
60398904
60406016
60412785
60422229
60431396
60433971
60441162
60450491
60450599
60456988
60466686
60476011
60482976
60486898
60487049
60495756
60500843
60507601
60508490
60511432
60521009
60526116
60531391
60533833
60542770
60548516
60553881
60558550
60563325
60570618
60573271
60575447
60579592
60585946
60592490
60597137
60602154
60605052
60613321
60619466
60627222
60627282
60631445
60632885
60638347
60647573
60654471
60659240
60659599
60660536
60668629
60672630
60677120
60684738
60690928
60699500
60704709
60705731
60712991
60714089
60723224
60730515
60732309
60741307
60745383
60748031
60755440
60755780
60761791
60764052
60773344
60776060
60778569
60784456
60792970
60802702
60809310
60818885
60822712
60828800
60830894
60838158
60843811
60848142
60855620
60859579
60869293
60872039
60879158
60886875
60891410
60897834
60900725
60909975
60917453
60925248
60931265
60936082
60938404
60941470
60950021
60952532
60961640
60968258
60970925
60970944
60978238
60982756
60990182
60990491
60995742
60996318
60998506
61001945
61010442
61012160
61021093
61021242
61026190
61028234
61029587
61035414
61044875
61052477
61054744
61064379
61068057
61077106
61083776
61092769
61095836
61096105
61097160
61100874
61101082
61107026
61110344
61120041
61124184
61125297
61128804
61137069
61143743
61147063
61154745
61162264
61170959
61178000
61181141
61187004
61191463
61200287
61201051
61201541
61206147
61210628
61218861
61220083
61223166
61223619
61230517
61235293
61241082
61245403
61253820
61255349
61264110
61272992
61278931
61285089
61293508
61295112
61304176
61312073
61315815
61319319
61323893
61325946
61333539
61340206
61347388
61356942
61365215
61370676
61372235
61374470
61379032
61382256
61384991
61388991
61392433
61393330
61395956
61401817
61402126
61402974
61409648
61411366
61413803
61414567
61417461
61419251
61420333
61426237
61428557
61435553
61441957
61450457
61457789
61458415
61463503
61469616
61474532
61481114
61489746
61496007
61504813
61509328
61513852
61522385
61531949
61533513
61534379
61544303
61548395
61558116
61566402
61574062
61583818
61592601
61600595
61600739
61605095
61609083
61611691
61616051
61616713
61622555
61622918
61630640
61630893
61631903
61636578
61636667
61642030
61642284
61646097
61653017
61655352
61659817
61659862
61662049
61671561
61673905
61679567
61683158
61685353
61686083
61688693
61694016
61699089
61708507
61716700
61725556
61734923
61740588
61745633
61752144
61752653
61761404
61768704
61770353
61771938
61772907
61774487
61776519
61776532
61784379
61792885
61795714
61801971
61806821
61810970
61815204
61822342
61830131
61832777
61841447
61846306
61855818
61863392
61867109
61867923
61868353
61869474
61871212
61878643
61881096
61887223
61893428
61899170
61905239
61914097
61919604
61925063
61932526
61933819
61938937
61939914
61944054
61952368
61953256
61959056
61962079
61967326
61968754
61969097
61969516
61976209
61982557
61983491
61992894
62001128
62003724
62008437
62012308
62016554
62017340
62025752
62031566
62041563
62045941
62047783
62052480
62054845
62063929
62070731
62071482
62071885
62076703
62085600
62090301
62096127
62100010
62104409
62107894
62117237
62120924
62129443
62132438
62137973
62141603
62149164
62157408
62157875
62159677
62165353
62167527
62173321
62181543
62190907
62191237
62199143
62203455
62209650
62216217
62220549
62221604
62224857
62232047
62236854
62245591
62255209
62256687
62262277
62270833
62276976
62277736
62280661
62288579
62289674
62296793
62301054
62307095
62314864
62320830
62324973
62330854
62337166
62346176
62349721
62357192
62362848
62362934
62368521
62372634
62377995
62380125
62388585
62388721
62390351
62391837
62394420
62402517
62404222
62413184
62414516
62418225
62425836
62433072
62434123
62435629
62442474
62443074
62447388
62452452
62461301
62469200
62476460
62484158
62490583
62498073
62506028
62514925
62516991
62526794
62534866
62542631
62543451
62546656
62554518
62559075
62568590
62578069
62578082
62587764
62588322
62591942
62596980
62605280
62614967
62618119
62622977
62625596
62635458
62643087
62650120
62656235
62662852
62667621
62670130
62676605
62680446
62683447
62686186
62690726
62700663
62704339
62709534
62717947
62726801
62734969
62740470
62741143
62742082
62742741
62750879
62758296
62768096
62775473
62777413
62784124
62786923
62793217
62798891
62802913
62811395
62820656
62825233
62826564
62833932
62837343
62847083
62848227
62850428
62859970
62866615
62868346
62874154
62876501
62884171
62891841
62892862
62899748
62904036
62912211
62914036
62921972
62926065
62929419
62938637
62941076
62950334
62951267
62955452
62958335
62965470
62968410
62975378
62981030
62989889
62996212
62997118
63002262
63012049
63012221
63014514
63016850
63017358
63026459
63032894
63038279
63041198
63049373
63056375
63064294
63065838
63073941
63075520
63079850
63080310
63082804
63092517
63098411
63099661
63099944
63108060
63110380
63116755
63117471
63121449
63130969
63139688
63147054
63148613
63158053
63159766
63166688
63175758
63183748
63192673
63195521
63197552
63206291
63211407
63217724
63225403
63226201
63235431
63240240
63240650
63249599
63250004
63258792
63258805
63261976
63266773
63273568
63276797
63280158
63285396
63289289
63298058
63304247
63308358
63309210
63317027
63321897
63329050
63330276
63338699
63344879
63349646
63353729
63357955
63358788
63359730
63367404
63368193
63376531
63377514
63384944
63385555
63395384
63404515
63405972
63410483
63411574
63417008
63419373
63428957
63437220
63437971
63446062
63450323
63454611
63459996
63464275
63470240
63476673
63480653
63489679
63491543
63498821
63507224
63513006
63516528
63522037
63531475
63531589
63536118
63542498
63547065
63547849
63556517
63558568
63565651
63569586
63571546
63581365
63587434
63591918
63601200
63610645
63618236
63622744
63630422
63638315
63644409
63652470
63655548
63661800
63670287
63678391
63686100
63692398
63694855
63699128
63705903
63710479
63718941
63726454
63734232
63735637
63742745
63747898
63756861
63763395
63773292
63777787
63782460
63787725
63797626
63798261
63799933
63806799
63809837
63815783
63820702
63821682
63829416
63839067
63844979
63852236
63861850
63866441
63873282
63874458
63881453
63881911
63883337
63887437
63894193
63899461
63905022
63913974
63920538
63922557
63928286
63928500
63929477
63937682
63946931
63952664
63959057
63963334
63970933
63976788
63977233
63980255
63989941
63997382
64005911
64011928
64018501
64021489
64028329
64028807
64030608
64037603
64042967
64044239
64049068
64051212
64051535
64052563
64053103
64055860
64064388
64070326
64075276
64081787
64090009
64096399
64106188
64113175
64113849
64118923
64120303
64120743
64128237
64135553
64142683
64146828
64150145
64152004
64153216
64161651
64165929
64171891
64173367
64177098
64183671
64184172
64188999
64195980
64197170
64199170
64200260
64202560
64206778
64216636
64219850
64223422
64226594
64231358
64239522
64249206
64252860
64257487
64265914
64271696
64272671
64280808
64288631
64290100
64290776
64296055
64298255
64305240
64309362
64315584
64324151
64324524
64325644
64330161
64333370
64339934
64343328
64349143
64350829
64358049
64365250
64370415
64370441
64373026
64378471
64379314
64388191
64393751
64396655
64405876
64414250
64422001
64431262
64440627
64450013
64452191
64461697
64463559
64468337
64472759
64474617
64481251
64481392
64481852
64487541
64490141
64494849
64502536
64504266
64505938
64508376
64512778
64513055
64516470
64517619
64521339
64527473
64527828
64533787
64534692
64536833
64545828
64554066
64559201
64560838
64567121
64575600
64582724
64586443
64587027
64589342
64597064
64600745
64603147
64607097
64608195
64611583
64614040
64620595
64626228
64626401
64635637
64644721
64651708
64655494
64660301
64667874
64675726
64683298
64684415
64691785
64696429
64698859
64706399
64707753
64713639
64723401
64724224
64726529
64727040
64730206
64736249
64740713
64744180
64751445
64757532
64757665
64758833
64768415
64769036
64769043
64771300
64771388
64775589
64785093
64789526
64798618
64801435
64805501
64813773
64821442
64823152
64831188
64832878
64836328
64838433
64841459
64845011
64848788
64855621
64864155
64865729
64874240
64884014
64887493
64894280
64897687
64899459
64907172
64916488
64918261
64923262
64924327
64930431
64933255
64937155
64938679
64947678
64957520
64961727
64971090
64976165
64979506
64988738
64996491
65006444
65014571
65015552
65024761
65027641
65036773
65041972
65043614
65044550
65044706
65048869
65049688
65058732
65060218
65064057
65069788
65079708
65081641
65087140
65095550
65099863
65107207
65111409
65112369
65121159
65127233
65133766
65142899
65145562
65151936
65159089
65165434
65168088
65173794
65179586
65188004
65194863
65203270
65210706
65217907
65219682
65226875
65236538
65241860
65247321
65247565
65253948
65260929
65270690
65279541
65286017
65288149
65294942
65298416
65302220
65308400
65314444
65323035
65323955
65331012
65337237
65339678
65346161
65350981
65359243
65362722
65372072
65380440
65380814
65382204
65387408
65387646
65389514
65396978
65399036
65403724
65404075
65405667
65413765
65415005
65420641
65425137
65434757
65435902
65436370
65439748
65449525
65450592
65456602
65459203
65460066
65467796
65470497
65475566
65478448
65486388
65493193
65493786
65495343
65504347
65504358
65513448
65514615
65517380
65524486
65529436
65534743
65537622
65539295
65543024
65552457
65556362
65559605
65565943
65570217
65573350
65579461
65588861
65595437
65602918
65610838
65615213
65622707
65627846
65636810
65639765
65646505
65651772
65655772
65656834
65658922
65666241
65672226
65674497
65683848
65693196
65701272
65709982
65713569
65723236
65724832
65734812
65743151
65748680
65751640
65755052
65759941
65762257
65768590
65774466
65777956
65780425
65784069
65792039
65799562
65807871
65817177
65825864
65828555
65829621
65836059
65845625
65853722
65858079
65862719
65868676
65872921
65877265
65883127
65892021
65897050
65903641
65912012
65917880
65926772
65930779
65934590
65939605
65939790
65944632
65948837
65954379
65959015
65964902
65972234
65980497
65989859
65996505
66001176
66007853
66012290
66012367
66019472
66027711
66031984
66034980
66037774
66045258
66054823
66058644
66066950
66071975
66078789
66086516
66094065
66102360
66104958
66108056
66112793
66115996
66117231
66126130
66131154
66136573
66146259
66152674
66159497
66162075
66166479
66174966
66180036
66183080
66184963
66193305
66196644
66197713
66198976
66207379
66208241
66215206
66224413
66231448
66239463
66244147
66253861
66262170
66266009
66267849
66271603
66276461
66282748
66288046
66296825
66303244
66310121
66315305
66319929
66321336
66321912
66323889
66333782
66341068
66348142
66350765
66360457
66369163
66373085
66375345
66382843
66382959
66387030
66389317
66395197
66402390
66408451
66412593
66415710
66424971
66425155
66430454
66430929
66432428
66433917
66441459
66449160
66454680
66458093
66465152
66473258
66480857
66489247
66498528
66503994
66504749
66508078
66515605
66523377
66531298
66535612
66542267
66545006
66554308
66563930
66573171
66582860
66588641
66596921
66605245
66611938
66616669
66622866
66631019
66634500
66643109
66645164
66646099
66655734
66659719
66664006
66667260
66668044
66674367
66677413
66686792
66690670
66691516
66698487
66698620
66702792
66711311
66716589
66717061
66724856
66732065
66741336
66743755
66749964
66750633
66759009
66762024
66764204
66764457
66765175
66770460
66771465
66777900
66783396
66791018
66800525
66806491
66814403
66823608
66828921
66832240
66836035
66840449
66846301
66851814
66852449
66858200
66861800
66861891
66868591
66876672
66881083
66890482
66891689
66894067
66903671
66912569
66921967
66931802
66940078
66944307
66948763
66955760
66962952
66971614
66978515
66983064
66987414
66991675
66996588
67004485
67007449
67010408
67020185
67028627
67037187
67045327
67045585
67053606
67060951
67065455
67073892
67077243
67082565
67091189
67094403
67097658
67101007
67103879
67107740
67109046
67110455
67114821
67124216
67125678
67125994
67131896
67139593
67147160
67153646
67162110
67166089
67167754
67168930
67171616
67176181
67183121
67183994
67186126
67188337
67192256
67199724
67205081
67214269
67217036
67222243
67228479
67235987
67242664
67250735
67259531
67260294
67267750
67270490
67278895
67287559
67288453
67298363
67305122
67309407
67318574
67323953
67329159
67332322
67342153
67345180
67351925
67356708
67361278
67362071
67370245
67378471
67382087
67382641
67390165
67394636
67395019
67399481
67401182
67402354
67411437
67417876
67425657
67428210
67432466
67438262
67447907
67450839
67454865
67463870
67465049
67470173
67471229
67479696
67484715
67485748
67486811
67490187
67497960
67504487
67506945
67512428
67521889
67527352
67533455
67542172
67550016
67556471
67566332
67567780
67572110
67572708
67579392
67582931
67586740
67594163
67599059
67608512
67609409
67618038
67621645
67628622
67636498
67637230
67645280
67654332
67656250
67665900
67674630
67680946
67681560
67688243
67689208
67697329
67701936
67706750
67711615
67715328
67715764
67715846
67717515
67721458
67723989
67726045
67728824
67730782
67740701
67744107
67749145
67757675
67766729
67770159
67771754
67774814
67781430
67787550
67789332
67790326
67792263
67795192
67796737
67805670
67809624
67817852
67823328
67830199
67839932
67846559
67850235
67852859
67856773
67859371
67868718
67871189
67873525
67878034
67878724
67885607
67888533
67890135
67895314
67900623
67902632
67907736
67913166
67921133
67928257
67935376
67936551
67938956
67946636
67951846
67957330
67957744
67965788
67968990
67976182
67977845
67985730
67991974
67999216
68006361
68012463
68012676
68015377
68018069
68023412
68027476
68036777
68042111
68050877
68055613
68056291
68059041
68064740
68071248
68073053
68075213
68076301
68077360
68083691
68087948
68090762
68093893
68097566
68098932
68102126
68102633
68104853
68112447
68119744
68124760
68125048
68127399
68130653
68137932
68139425
68147616
68147866
68147909
68157086
68158474
68165884
68175358
68184920
68193568
68199478
68206282
68207827
68215817
68223205
68230004
68235564
68239836
68247422
68248591
68250365
68251656
68255228
68260438
68260728
68267812
68272282
68281305
68287283
68290563
68298817
68299894
68302099
68307946
68316535
68322248
68324487
68329488
68334310
68339752
68341494
68347633
68352243
68359825
68364840
68372007
68376217
68382827
68385770
68394350
68395271
68402169
68409192
68410252
68411090
68412082
68419158
68424354
68428964
68435447
68444854
68449479
68449726
68454191
68460009
68469671
68472706
68474213
68480329
68482070
68487770
68494426
68497875
68500113
68507975
68517755
68522549
68528846
68533333
68541967
68546239
68555315
68563027
68563552
68566899
68576670
68576695
68578470
68586731
68590913
68591356
68601010
68606322
68612970
68616776
68621736
68626996
68628604
68633991
68640073
68643435
68644661
68647467
68652490
68659007
68664592
68667873
68671158
68675183
68677626
68686249
68692908
68702275
68706770
68712913
68720352
68723201
68727835
68730761
68734289
68738904
68747702
68757224
68758493
68765338
68767168
68771920
68777224
68785758
68787613
68790240
68797280
68799396
68806646
68815088
68816458
68822480
68832117
68840832
68844532
68845054
68847622
68851682
68861660
68867114
68868649
68872003
68877732
68878391
68879002
68884904
68892089
68897137
68899893
68904014
68907613
68907655
68908548
68910979
68911807
68916552
68924889
68929673
68932672
68933916
68942142
68942715
68945282
68947710
68952717
68956167
68956367
68964112
68969542
68974557
68982529
68985933
68992037
68997327
68998822
68999069
69006848
69015087
69025006
69034822
69037116
69039206
69042443
69048954
69049261
69050797
69053837
69061759
69066047
69071618
69073932
69077249
69079033
69083268
69092175
69100863
69108524
69114510
69116520
69123348
69130771
69139579
69141235
69143708
69147101
69150182
69159724
69163819
69170225
69170919
69179320
69181261
69190592
69196414
69197589
69206430
69209256
69215184
69215602
69216505
69221358
69226348
69233330
69241940
69243538
69247216
69253806
69258236
69265776
69272230
69276324
69277639
69279353
69288688
69294702
69297134
69303483
69306550
69310248
69315258
69322335
69331879
69336682
69337310
69345108
69352878
69361709
69368501
69369088
69370402
69376040
69381149
69391148
69393352
69396864
69403998
69404174
69407045
69408073
69415001
69421155
69424199
69424871
69427615
69431303
69435161
69443075
69447440
69448131
69448382
69451625
69455034
69456106
69459376
69464144
69464603
69471086
69474240
69482046
69487477
69495621
69499563
69501387
69502643
69510332
69516419
69521925
69523206
69529339
69534425
69543341
69547246
69551701
69556712
69561777
69564336
69566432
69567128
69577081
69584178
69592650
69600162
69601560
69605563
69615050
69615895
69617120
69618000
69625560
69625701
69627433
69636941
69639547
69640593
69647649
69656464
69663528
69665076
69665528
69671973
69673923
69677405
69681933
69683408
69683673
69693404
69698801
69701601
69702532
69710665
69715493
69718868
69720220
69726697
69731259
69733772
69740029
69748606
69748870
69758518
69765672
69774721
69783188
69788780
69789357
69796175
69801309
69805483
69814015
69817272
69817438
69823595
69827773
69833893
69843062
69846319
69855956
69859143
69864247
69870579
69877834
69883306
69888277
69896347
69903878
69912428
69914666
69917074
69918417
69927257
69934176
69935638
69944822
69950155
69958295
69960443
69960603
69967221
69969052
69977455
69981213
69990416
70000073
70006098
70010784
70018394
70022353
70029751
70031546
70038861
70045383
70053297
70053979
70054230
70064066
70073488
70076615
70085082
70087151
70088458
70096437
70104728
70105448
70105552
70107736
70108081
70113414
70117153
70117947
70127115
70129046
70134847
70141986
70144576
70149688
70152065
70158105
70160750
70164731
70164925
70172922
70182479
70183074
70190882
70198858
70203623
70209393
70213505
70214057
70217839
70224132
70229037
70230029
70230815
70237097
70246919
70250892
70258315
70267842
70272795
70276476
70284570
70284629
70293485
70295323
70296987
70305944
70312417
70314740
70320767
70324589
70328062
70332757
70340567
70348356
70355118
70355394
70362707
70370854
70372706
70381106
70389047
70394548
70399508
70402618
70409490
70411243
70418310
70424253
70433182
70436248
70440073
70441753
70446766
70449299
70455194
70462557
70462905
70472714
70479430
70487794
70494477
70498137
70502331
70510733
70517309
70525107
70532386
70539737
70547972
70554618
70563204
70568190
70571932
70573211
70578269
70586606
70590133
70595587
70604495
70606424
70608337
70608932
70609905
70619427
70628495
70630728
70633897
70634167
70641388
70650036
70652888
70656135
70661852
70669738
70675706
70680202
70682776
70689354
70697144
70704574
70709707
70718872
70727506
70727976
70730077
70735359
70744923
70753470
70762705
70772365
70780961
70785065
70787236
70790375
70798082
70805410
70806205
70811187
70816108
70820144
70825773
70826761
70827317
70832574
70839843
70847566
70853973
70859849
70868223
70871186
70871672
70877772
70877981
70882340
70886057
70892934
70894722
70901019
70908313
70913000
70917680
70927632
70928607
70929448
70931052
70940128
70940751
70941156
70948751
70950347
70955184
70964838
70971369
70973596
70978094
70981212
70982220
70987721
70994096
70996818
70998906
71000684
71009434
71013346
71022252
71027165
71034947
71042185
71045732
71049232
71050432
71051060
71055549
71058150
71067868
71074360
71078174
71086179
71088615
71090750
71092749
71093348
71096270
71097037
71099012
71104569
71112300
71114631
71123224
71132989
71135381
71139697
71146963
71147691
71149021
71155167
71163350
71173096
71178132
71185694
71193097
71197400
71203775
71204534
71206959
71207912
71210246
71215221
71217493
71227026
71232794
71236293
71244863
71246319
71251258
71259743
71267633
71277005
71285162
71294866
71299341
71306055
71311693
71320600
71322389
71325440
71332135
71339742
71349020
71352777
71356849
71360615
71365073
71374598
71382068
71390866
71398888
71400338
71402009
71410210
71415278
71425278
71432161
71432201
71434209
71444008
71449929
71457534
71459824
71463109
71463785
71473207
71481373
71486037
71487540
71491287
71496203
71502517
71509650
71518337
71519027
71522444
71523858
71525180
71526498
71533873
71539820
71548180
71551928
71561538
71569730
71572525
71575446
71579557
71588690
71594959
71599062
71602078
71607871
71611444
71617141
71622108
71627319
71630856
71633617
71635277
71639808
71645134
71645594
71645757
71655178
71656973
71661487
71662483
71671099
71676285
71681265
71685936
71687595
71694360
71699329
71700258
71707158
71713215
71716955
71717592
71725207
71726961
71731646
71734990
71740512
71749878
71751448
71754663
71759786
71766740
71770444
71774274
71783728
71787900
71791242
71799315
71800101
71802685
71805251
71813266
71819471
71827784
71834478
71834675
71842492
71848835
71857345
71860688
71868561
71875207
71881691
71882645
71886454
71893422
71894035
71903350
71911642
71917592
71917666
71923841
71931986
71941957
71949943
71953646
71958837
71968434
71975886
71977608
71984535
71988257
71990824
71995788
72001910
72006347
72010400
72013711
72020144
72023342
72029088
72031103
72037779
72046032
72046723
72054120
72061101
72064648
72072841
72078056
72086701
72088758
72092027
72097067
72105758
72115704
72118070
72125652
72135497
72142607
72151534
72155212
72159528
72169399
72173416
72179193
72183367
72183597
72184039
72190701
72200472
72202884
72207674
72213312
72215171
72215909
72222405
72226809
72236649
72239050
72240955
72241295
72246761
72256093
72256533
72258550
72261300
72269057
72272958
72276340
72276628
72286409
72291761
72294331
72296435
72300439
72301166
72302803
72310923
72314431
72323366
72329135
72338955
72346438
72353944
72355902
72360651
72368261
72373819
72373923
72383354
72388941
72395255
72404049
72408137
72415668
72422662
72428802
72430559
72438699
72447852
72454428
72456281
72462628
72463486
72467018
72468915
72472769
72479955
72483436
72493345
72496238
72498310
72501337
72504786
72508462
72510175
72511230
72515926
72524331
72524756
72524774
72526859
72534811
72541522
72548004
72553693
72556164
72565354
72567551
72576559
72577553
72585796
72592309
72601375
72604535
72605467
72609645
72614044
72616452
72618069
72618864
72625769
72629838
72632373
72638669
72639693
72643234
72646129
72648873
72656619
72659394
72665796
72675707
72678862
72682643
72688283
72693821
72700958
72704688
72706547
72710458
72716854
72722237
72728876
72737713
72744834
72745234
72755065
72764173
72766748
72770855
72777094
72778086
72779065
72781668
72790784
72795988
72800592
72807771
72812061
72816014
72816406
72817531
72825961
72827700
72833735
72842846
72845693
72851448
72860297
72864018
72871759
72877148
72886721
72887834
72889619
72890860
72897304
72897539
72901160
72903131
72906299
72911035
72919741
72925696
72928093
72937584
72945962
72952376
72960479
72966084
72970536
72979513
72985319
72993424
72997712
73000232
73004992
73007218
73013564
73021335
73028194
73033289
73035074
73038729
73041164
73046788
73051709
73059476
73067333
73074842
73082546
73090945
73091720
73092422
73096932
73100926
73109193
73117363
73122463
73131297
73140419
73140985
73145362
73149546
73154943
73157687
73158743
73165748
73169754
73175664
73178701
73182465
73185837
73194795
73196306
73203984
73205589
73212699
73213964
73215559
73221711
73227514
73233850
73239515
73244417
73248356
73257569
73264743
73267218
73268362
73276179
73285483
73286076
73289224
73293267
73302571
73307328
73310120
73314498
73315255
73321129
73329271
73333613
73341169
73343731
73351829
73355427
73363808
73369590
73376482
73381612
73388276
73393159
73396389
73405537
73412946
73421187
73422555
73424028
73429267
73437982
73441581
73451415
73454453
73458560
73459181
73461204
73468349
73478320
73485757
73488638
73490608
73498943
73499789
73506378
73513216
73522127
73525859
73528837
73536706
73537501
73540444
73543896
73553101
73560375
73562584
73568655
73575901
73583475
73588933
73593366
73595243
73600019
73606922
73615339
73621245
73627679
73632395
73635433
73639654
73641392
73649320
73655354
73664457
73668454
73672970
73679638
73683634
73685864
73687787
73696393
73697293
73698682
73704903
73711305
73715925
73719674
73727320
73731442
73732287
73739838
73740224
73742392
73746941
73748616
73750090
73757391
73764320
73771229
73773990
73776455
73777038
73784057
73791711
73797796
73800838
73804029
73807676
73809616
73817805
73822485
73827156
73831989
73838513
73845811
73847915
73854327
73856567
73859325
73862570
73866010
73874645
73874650
73880100
73889951
73891211
73891954
73892407
73902287
73904511
73913754
73915770
73918942
73928634
73935335
73938689
73941805
73946401
73956161
73958125
73960849
73961287
73963364
73966327
73974465
73978166
73987270
73989472
73998920
74005497
74009753
74013292
74015231
74023630
74030788
74040477
74044089
74052046
74053350
74055576
74058227
74067152
74068022
74068631
74071564
74078152
74078940
74085966
74094426
74095726
74105034
74114441
74118074
74124353
74129811
74133364
74139319
74142086
74151289
74151803
74153989
74154351
74160914
74169487
74173340
74174465
74174527
74178533
74181241
74189093
74194169
74201795
74210678
74219432
74225918
74230337
74236323
74243867
74251652
74253520
74262736
74269597
74273990
74283253
74291005
74295703
74299318
74305824
74315561
74318536
74327793
74331726
74335223
74338824
74340886
74350541
74360275
74367560
74368666
74374362
74377625
74379563
74385942
74394611
74402841
74406369
74408706
74417479
74424763
74431793
74432916
74433834
74436730
74445569
74447896
74457550
74463546
74468314
74469966
74474759
74484459
74490804
74494215
74494522
74503831
74507204
74507299
74508273
74512160
74521581
74523876
74530016
74539500
74542944
74548598
74555914
74565082
74574627
74583623
74587167
74593032
74599697
74601470
74609325
74613918
74617709
74626941
74631111
74640431
74642138
74650814
74655442
74662566
74666832
74668550
74672066
74677801
74678424
74681924
74691537
74700037
74700090
74706492
74713047
74721413
74731355
74732811
74736599
74745953
74750100
74754065
74755374
74760157
74762378
74769762
74771540
74779232
74783027
74789254
74798092
74799678
74809401
74816420
74820523
74827690
74832648
74833178
74834119
74840013
74844670
74848283
74857902
74862276
74864542
74866094
74868625
74871006
74876676
74881888
74885544
74893091
74897810
74899986
74905669
74912038
74916297
74916679
74923342
74931859
74941172
74944898
74949356
74956772
74958416
74968293
74976357
74982394
74984161
74984751
74992667
75000210
75005321
75006488
75011230
75012002
75013087
75018456
75027702
75031843
75037856
75046780
75050709
75059159
75065680
75067233
75076592
75077249
75080077
75081600
75090858
75092987
75094937
75104045
75107436
75115974
75116249
75123365
75127553
75134805
75139426
75140018
75149755
75152486
75160202
75170108
75177341
75177417
75186736
75195302
75204878
75210318
75211757
75220364
75228958
75232068
75241122
75245955
75252230
75252809
75254920
75256919
75257200
75262949
75272093
75278298
75284797
75285627
75285628
75294004
75299128
75301347
75305126
75312958
75313286
75318301
75318680
75318838
75322835
75330543
75336135
75340011
75347139
75355180
75363851
75372765
75382401
75391160
75400031
75405217
75410195
75412298
75421591
75430775
75433030
75441219
75444633
75450907
75451070
75451128
75456201
75465824
75465967
75466943
75470264
75475218
75477361
75483876
75486474
75495784
75503465
75509481
75516303
75521988
75524203
75529692
75530695
75531406
75536960
75540958
75546808
75549287
75557346
75563712
75567497
75571964
75572172
75572386
75579306
75587849
75594613
75594731
75596907
75601613
75602197
75603957
75608067
75617582
75621605
75626008
75635734
75643121
75650833
75655295
75663200
75671462
75676455
75682482
75686183
75690805
75692392
75701909
75706790
75711099
75716039
75725415
75726466
75734833
75740657
75741428
75745458
75746419
75750212
75759604
75768411
75777652
75785797
75794408
75801012
75810635
75811437
75820452
75828380
75828552
75834507
75838018
75845171
75851710
75853880
75858701
75866118
75875736
75883158
75885722
75889934
75893054
75896555
75900580
75906749
75915263
75919831
75928435
75928467
75936992
75944440
75950569
75958396
75963242
75971894
75981789
75990971
75992789
75994345
75997408
76003432
76006102
76010345
76011427
76017950
76027862
76034935
76034978
76042604
76045256
76046639
76046899
76054600
76063881
76071780
76079973
76082474
76085138
76088279
76097860
76101372
76102094
76110979
76120901
76126057
76128620
76133800
76143718
76148296
76149308
76154738
76160871
76168826
76168974
76175965
76181697
76185849
76190006
76199877
76204812
76208389
76218340
76221919
76225286
76232513
76242122
76246126
76249842
76254425
76263179
76266103
76275664
76275997
76282078
76286132
76288673
76294535
76303587
76311837
76319844
76329625
76330352
76334495
76336176
76336505
76342557
76344995
76347543
76357084
76364769
76366474
76370163
76376791
76381370
76388904
76394103
76399903
76403615
76405394
76412644
76419944
76424574
76429272
76431063
76433918
76434416
76438399
76446397
76450609
76458856
76464731
76465371
76465814
76465956
76471562
76479086
76482088
76487836
76496743
76499577
76499763
76505394
76511416
76518263
76524700
76534041
76536807
76540871
76548883
76549522
76552763
76562290
76566086
76566747
76576306
76578592
76581495
76588472
76598284
76602344
76607735
76613703
76615934
76618951
76623250
76626867
76633908
76643469
76646320
76656180
76656199
76662014
76665652
76672875
76678242
76682979
76691192
76693411
76701479
76711331
76716726
76725927
76730498
76736423
76740492
76750036
76758251
76767128
76773113
76781271
76785816
76786938
76788866
76789765
76791805
76796458
76799334
76808857
76816373
76823235
76828177
76828490
76829132
76829307
76835595
76835874
76841066
76841918
76851577
76852773
76852929
76859005
76861606
76863154
76872487
76881257
76885074
76893945
76902443
76906471
76914114
76917244
76919032
76919243
76923925
76931002
76940387
76942357
76946826
76955042
76955981
76960900
76963492
76966416
76969376
76972244
76977377
76978203
76982494
76991182
76995675
77004482
77006030
77007711
77017563
77023349
77027548
77034400
77044333
77044358
77048935
77056179
77061308
77070466
77073630
77079584
77087053
77089925
77096125
77103038
77108159
77109276
77118758
77121851
77129812
77136422
77139362
77146722
77146785
77151457
77156619
77161445
77165005
77169864
77179040
77182631
77187668
77194701
77198812
77202174
77211461
77214703
77223790
77231645
77241436
77242383
77244037
77251042
77258062
77266081
77273156
77281067
77282188
77288475
77293553
77300217
77305139
77308021
77309478
77315346
77320333
77324085
77328199
77335005
77337535
77341485
77348487
77348530
77354495
77364402
77368232
77377745
77384472
77390323
77399189
77406310
77408484
77412757
77418187
77421270
77425826
77428993
77438359
77445696
77451724
77458581
77460902
77470374
77478508
77486782
77490008
77498797
77500364
77504156
77506857
77512612
77515317
77521703
77522073
77530188
77535361
77544051
77546968
77555583
77563700
77569083
77577242
77579777
77583750
77589528
77597565
77599233
77606855
77614311
77618071
77622966
77628965
77634358
77643423
77653320
77658712
77663529
77667809
77676099
77677394
77682685
77682855
77687828
77689817
77692866
77702282
77706930
77716289
77718269
77719256
77727899
77737589
77738769
77741255
77744631
77750777
77754664
77757127
77759148
77766277
77772094
77775339
77783899
77790556
77790917
77800623
77804542
77810269
77820180
77821492
77824623
77830808
77836389
77845020
77848179
77853364
77856913
77858564
77859669
77862889
77867275
77869860
77875297
77875702
77877871
77879905
77883124
77885502
77887102
77888616
77896442
77903197
77905834
77910657
77912271
77921811
77928830
77933869
77941865
77942669
77952257
77956964
77964748
77972502
77975466
77977236
77986137
77989936
77990556
77991853
77999607
78002133
78011032
78020062
78026055
78032022
78039152
78039869
78041463
78048393
78048409
78055311
78061110
78070119
78078665
78081149
78084072
78086678
78092824
78098303
78103497
78112705
78120766
78129111
78131759
78140931
78142569
78145247
78151824
78156830
78164839
78168345
78174069
78182391
78189571
78191704
78193461
78201808
78205331
78210619
78217594
78221246
78227025
78232755
78235689
78237245
78243215
78245867
78252409
78258906
78268150
78276731
78280508
78282826
78292012
78298310
78307138
78313870
78315662
78325517
78329415
78334737
78338719
78340605
78340979
78349087
78349169
78349901
78358271
78358615
78367738
78369082
78376062
78376487
78384518
78386312
78391367
78392458
78393950
78397822
78401397
78404398
78407608
78412141
78421325
78426373
78436259
78440196
78444773
78453824
78459098
78468538
78470205
78473877
78478649
78481239
78482346
78486073
78494056
78495103
78501094
78501961
78507465
78510245
78512297
78519985
78521203
78526291
78533646
78541267
78544289
78549965
78551068
78558890
78566315
78571176
78573300
78578440
78581032
78589970
78593572
78596409
78600320
78602809
78611710
78617906
78626178
78626747
78634237
78638049
78646943
78655201
78664505
78672374
78673812
78680336
78687246
78695183
78702170
78705642
78714856
78716672
78719648
78723904
78724901
78733429
78739994
78743602
78752658
78754942
78760051
78760958
78769533
78775429
78785257
78793718
78794664
78800138
78802394
78812308
78821717
78828052
78837159
78844287
78845539
78851533
78851955
78852401
78853090
78862259
78867287
78873601
78874224
78880601
78883314
78886456
78886458
78889005
78892677
78901691
78902254
78908960
78912469
78914285
78924176
78929139
78938181
78938466
78942872
78951388
78956208
78962405
78965495
78974017
78975748
78983764
78991813
78997272
78997321
79002441
79010391
79020066
79026557
79026854
79033278
79041377
79050432
79060364
79063107
79069557
79078124
79084208
79090405
79091001
79097777
79102612
79108787
79114546
79117523
79121344
79121657
79123827
79128981
79133216
79140266
79142242
79142789
79145875
79148605
79157026
79159226
79162870
79170094
79178738
79188288
79192269
79193659
79195948
79196532
79205796
79214895
79215728
79218620
79223722
79229548
79237621
79244698
79247313
79249561
79258376
79268192
79276292
79285637
79288107
79297032
79304587
79307839
79314487
79323167
79331948
79335662
79343467
79349245
79358110
79359404
79364746
79366492
79367937
79374160
79374939
79379162
79385530
79386312
79395458
79396175
79403819
79407888
79408265
79409147
79412994
79415212
79422775
79432047
79438567
79440303
79443697
79447225
79448604
79451288
79459592
79460850
79464386
79473211
79478545
79480117
79483466
79492883
79494850
79503425
79512253
79519393
79521537
79521682
79529948
79538141
79538722
79544573
79545874
79546534
79548777
79556574
79564160
79568629
79571104
