5913
12641
16947
17991
22655
30818
38817
39768
45739
55009
56514
58613
61513
70853
71117
76103
83288
90954
92342
96645
104320
108426
111438
116332
124322
125676
131795
137998
140264
143910
148993
158710
164450
167400
173150
175981
182131
186042
188511
198330
202972
208696
209995
218706
227283
230144
238268
248044
250480
257939
262958
270882
280641
287669
297184
298326
307999
316369
323673
327766
337683
345701
351342
357967
367179
370635
372866
375630
383827
392702
397627
406287
408667
416763
418246
418326
425249
429155
430132
433088
435776
438033
444922
451721
459121
464596
472290
472803
481987
489611
494054
496839
497102
506327
515033
520914
526089
532216
539487
544094
546651
554329
560889
561909
562396
566687
572613
575098
575618
577527
581385
583012
585902
591977
597370
597699
603506
608256
611770
617681
621498
626152
629366
629994
632101
636568
642622
648014
657312
659046
662327
672024
679360
687503
689179
698398
699909
704918
706704
709712
713130
716687
718003
718067
720556
724762
729070
730516
733204
742558
751626
760260
762593
765053
768205
778020
785946
794012
798928
802048
809260
819201
821245
829546
831691
834036
835783
838106
840985
842771
845551
852954
859256
862344
867825
876186
883588
886901
891410
895926
901227
902403
905908
913376
916774
925497
932040
938130
940639
947559
949548
954404
962343
967811
970378
978170
984113
993296
1002170
1006096
1012308
1013800
1017985
1020367
1024970
1031940
1037244
1039944
1048814
1055034
1063306
1064610
1065282
1074635
1076597
1084410
1085451
1091291
1095468
1096300
1105741
1111138
1115186
1124043
1127484
1131124
1135654
1137160
1141178
1149944
1156679
1161802
1167936
1174227
1175311
1181967
1183157
1192075
1200843
1210428
1216511
1223618
1224713
1231412
1231838
1234510
1235630
1242895
1249647
1257949
1259573
1268115
1271200
1281167
1286509
1287212
1290215
1290767
1291354
1292468
1299317
1305206
1307209
1309495
1313454
1320878
1324618
1326300
1327965
1336568
1340850
1349688
1356589
1356627
1361000
1367606
1368603
1377701
1385571
1390557
1394794
1401764
1403159
1405585
1409192
1413739
1415676
1419295
1421633
1426766
1432514
1436090
1444766
1447687
1447975
1457871
1463894
1464525
1465105
1470204
1476332
1485813
1487277
1488465
1495605
1505305
1511355
1516887
1520742
1528553
1537345
1538614
1539319
1544538
1551734
1554995
1563411
1567753
1576219
1582604
1590929
1591301
1595212
1601705
1610965
1616511
1620441
1623311
1627179
1631230
1632183
1635656
1643644
1651352
1657826
1661379
1669167
1674250
1677445
1679461
1683700
1690653
1695201
1698482
1699325
1706989
1707005
1709494
1715511
1719821
1725395
1735057
1737249
1739502
1748114
1749744
1750416
1754617
1762481
1769298
1778836
1785561
1787910
1789573
1794122
1797440
1799127
1800296
1808762
1810996
1818987
1820189
1821499
1827482
1827720
1832575
1832696
1833810
1837924
1838239
1846288
1849290
1854582
1861164
1869004
1875912
1883497
1884937
1889627
1894432
1903668
1907546
1917098
1925282
1933845
1938643
1942803
1951058
1956618
1958849
1965682
1967035
1968329
1976965
1979392
1986264
1989997
1993412
1997599
1998820
2006279
2006985
2007831
2010309
2011888
2017980
2018689
2019986
2021322
2024439
2030167
2034288
2042791
2047061
2051007
2053136
2058149
2064542
2072269
2077065
2082961
2091307
2092824
2100951
2106093
2106842
2112183
2117639
2120170
2126164
2133618
2141239
2141991
2150742
2160188
2165237
2170069
2179856
2189045
2192693
2198056
2207044
2213774
2214862
2219913
2227587
2235711
2245122
2249644
2256250
2265307
2265847
2270956
2276325
2284682
2289307
2296563
2297544
2303057
2310815
2312735
2319719
2319726
2324676
2332838
2336989
2345418
2353453
2355613
2363904
2370546
2375262
2377119
2380860
2390434
2395607
2401454
2401588
2404014
2412626
2413748
2421603
2425302
2426279
2428358
2432230
2437546
2438909
2445706
2452207
2455571
2465439
2466370
2471369
2477908
2486787
2490690
2496545
2501805
2511278
2519823
2526031
2531158
2537089
2538230
2544618
2550369
2553056
2562374
2572072
2575067
2581942
2587020
2589048
2594102
2600002
2609088
2611604
2615060
2617928
2626953
2632694
2639309
2647800
2652657
2660408
2664129
2669054
2676214
2682523
2686767
2688220
2696675
2698683
2708325
2713564
2720543
2722046
2726850
2732057
2741506
2744197
2749200
2753117
2758381
2758445
2760727
2761751
2767829
2771980
2781421
2785520
2790787
2791690
2801624
2809093
2809472
2817700
2824355
2832838
2834071
2841728
2847304
2854881
2859426
2866080
2871905
2877623
2884975
2890891
2900470
2906080
2914695
2920046
2920446
2921641
2928608
2933421
2937114
2940246
2948343
2953168
2954239
2956150
2958977
2968173
2976620
2985139
2993838
2994431
2998659
3007376
3017191
3026788
3035315
3044936
3046373
3055733
3056834
3062468
3068325
3073503
3080924
3082004
3083744
3090898
3092041
3096581
3098266
3101143
3106298
3108233
3113177
3114794
3116077
3117996
3121585
3122898
3127569
3132441
3138180
3144819
3147559
3154524
3156957
3159269
3162700
3172271
3177585
3186600
3194407
3201111
3209499
3216642
3222656
3227781
3232087
3238751
3246948
3255430
3258792
3265831
3271674
3272545
3276640
3278130
3281638
3286764
3289527
3295158
3298889
3306558
3313675
3314116
3323402
3331726
3339806
3341680
3350309
3355719
3365679
3375127
3376746
3378729
3387471
3393712
3399353
3400603
3400684
3405555
3415389
3416905
3421789
3421876
3422550
3428212
3432365
3441446
3444747
3452483
3457712
3462865
3463330
3471095
3476581
3484593
3489330
3496820
3506419
3508762
3511732
3513516
3519869
3527400
3534310
3534986
3536370
3537593
3544554
3552550
3556804
3565735
3572792
3581451
3582155
3587890
3588845
3590652
3594918
3597619
3605077
3611524
3620253
3622698
3626919
3632056
3638027
3646828
3647416
3655202
3655550
3655690
3664317
3667131
3669358
3673412
3677671
3681066
3683306
3691811
3693318
3693673
3701591
3702367
3708547
3714242
3721455
3725676
3735095
3743051
3752299
3759007
3764003
3772781
3776182
3785103
3792866
3797996
3804087
3808953
3814921
3823484
3832742
3839577
3845227
3853825
3858843
3867070
3873570
3875993
3882536
3887485
3892583
3901278
3909977
3912255
3917557
3923500
3930700
3938403
3946146
3948678
3954250
3961708
3962859
3965004
3969006
3977008
3982233
3983156
3992963
3999675
4005501
4006752
4013909
4018019
4022482
4027661
4037532
4044345
4045527
4053253
4058943
4067245
4075616
4080470
4080998
4085275
4091340
4100828
4102043
4106789
4115751
4116703
4124079
4127520
4128614
4135344
4145271
4150875
4152471
4158924
4162101
4162327
4167545
4172136
4173561
4173891
4180642
4185897
4193355
4195533
4204897
4207140
4215017
4221339
4223492
4229720
4237489
4243244
4249029
4256828
4260529
4262400
4270003
4274784
4281326
4285504
4292211
4299203
4308204
4312616
4320475
4325460
4333005
4341926
4351231
4355901
4364034
4365298
4367823
4370798
4379298
4385072
4391949
4397828
4407486
4409673
4415655
4423189
4430298
4437248
4441340
4450743
4458908
4467618
4475372
4482313
4485589
4494198
4498355
4503240
4504051
4508091
4516868
4519287
4529177
4534295
4536233
4541815
4546707
4553301
4561614
4565903
4575026
4579131
4579617
4586826
4592942
4596373
4597317
4606538
4606960
4615191
4621654
4622612
4630440
4632660
4634362
4638499
4644142
4653566
4662655
4668816
4670461
4670499
4673340
4675876
4676782
4680111
4685582
4685861
4693341
4702669
4705821
4712843
4714725
4724260
4724548
4728409
4733400
4735073
4743981
4753752
4758256
4759630
4760184
4766342
4767337
4774795
4779023
4782113
4791642
4794266
4802264
4802404
4809352
4813998
4822189
4828604
4838139
4846024
4849872
4857328
4859832
4861301
4867564
4872340
4880638
4886546
4887022
4891631
4897295
4904118
4904297
4913519
4922558
4924806
4926887
4930669
4933289
4942060
4944722
4948523
4954148
4961105
4968811
4976844
4980936
4982907
4987726
4988930
4991871
4992462
5000472
5010144
5010885
5019684
5025341
5030495
5034525
5043293
5052939
5062821
5068894
5073852
5075688
5079014
5085670
5093494
5099985
5109317
5117998
5126662
5132941
5142315
5148521
5156046
5160930
5166207
5172132
5175775
5182534
5189721
5192925
5196375
5202584
5208279
5215933
5221585
5227677
5227719
5228315
5236076
5240356
5241840
5246172
5248482
5250535
5256287
5262789
5271805
5280623
5287664
5294728
5300799
5304165
5309107
5309150
5315661
5318169
5326718
5331116
5341084
5347928
5354971
5361094
5369272
5377157
5384953
5394253
5399779
5403170
5411405
5416721
5422081
5429554
5433792
5439090
5443926
5446338
5449601
5455723
5457644
5461395
5468080
5470624
5478242
5481721
5481873
5483858
5489227
5491766
5496945
5501235
5510087
5514428
5520830
5529485
5530706
5537430
5545115
5549655
5552224
5555382
5562747
5567958
5570026
5573008
5581591
5584136
5584325
5584799
5587125
5590551
5599228
5605655
5611566
5615812
5617729
5617977
5624169
5625696
5630828
5634844
5637741
5642054
5649816
5653438
5660555
5664489
5666516
5672961
5681462
5690402
5695375
5699249
5704295
5710801
5716390
5724025
5728149
5737503
5744592
5745991
5747087
5754444
5761701
5767783
5776785
5782123
5790252
5798554
5802098
5806345
5807292
5813371
5820085
5820708
5822487
5830626
5831423
5840348
5841143
5844876
5845231
5848032
5856729
5858905
5864770
5870678
5876861
5881026
5889449
5892554
5893633
5895481
5903685
5905414
5910711
5920261
5924379
5934030
5935189
5936097
5937900
5940442
5945088
5946166
5954181
5963626
5973225
5973291
5978526
5981321
5986068
5992562
6001948
6007687
6013144
6013805
6023026
6028653
6029230
6033521
6041751
6051665
6053003
6056844
6062626
6071466
6075873
6085005
6088596
6091792
6100264
6105607
6109538
6111499
6118488
6125288
6128965
6131710
6135703
6143734
6151887
6152444
6152531
6156211
6161987
6166871
6169470
6173920
6182628
6185150
6191387
6195514
6200545
6204699
6214428
6217072
6226356
6234670
6240710
6245642
6252480
6257867
6261378
6268964
6273601
6273995
6279534
6281801
6289027
6290977
6293157
6299125
6304693
6314514
6320632
6326532
6330058
6339771
6345686
6347289
6354412
6363338
6370344
6378486
6378883
6382566
6386906
6389524
6396475
6404796
6405994
6406130
6409293
6412305
6419473
6426297
6433728
6442321
6446194
6453164
6455100
6462629
6464943
6465171
6467362
6474746
6483720
6490458
6495135
6497520
6498985
6502459
6503792
6510382
6515323
6519966
6522965
6524730
6525057
6535029
6535568
6536487
6540552
6541185
6541187
6542188
6544545
6553015
6558727
6567195
6573362
6577183
6579245
6580566
6582439
6588984
6597681
6606535
6616068
6620179
6629029
6635575
6645420
6648232
6657495
6663988
6664596
6671698
6681636
6687652
6688019
6695073
6701335
6708720
6712277
6716794
6716967
6719668
6724516
6727281
6737079
6741856
6749239
6753497
6757051
6764413
6771155
6778222
6782343
6792209
6792228
6800657
6807619
6815653
6820695
6829397
6834567
6835244
6844363
6848240
6852960
6855606
6858830
6861509
6861779
6862321
6870141
6873780
6881065
6883993
6891750
6899335
6905093
6914170
6922583
6923086
6926697
6929558
6932419
6940850
6946220
6952959
6957602
6961864
6963493
6963767
6967598
6977517
6980127
6983698
6988854
6990319
6992821
6994873
7004854
7011790
7018921
7023240
7027024
7028534
7037548
7042573
7050501
7059498
7062206
7068698
7073392
7081730
7089245
7094494
7094986
7095184
7102872
7110713
7119659
7127566
7135751
7138416
7143927
7148169
7151374
7157632
7158094
7159337
7166834
7175636
7182326
7191517
7197642
7205490
7212363
7218542
7223329
7227590
7234856
7244090
7248304
7253382
7262235
7272120
7276796
7283942
7290803
7297949
7302724
7307003
7313391
7321630
7328148
7329553
7330746
7335371
7336557
7339993
7346958
7353031
7362120
7365044
7368230
7371588
7378172
7379666
7383380
7388649
7391388
7391666
7398934
7401228
7407458
7409366
7415198
7422498
7425671
7427666
7431100
7434508
7437295
7443562
7451326
7456530
7461843
7463856
7472796
7475159
7480436
7484872
7485613
7488901
7497659
7504105
7513938
7521173
7524663
7527906
7529545
7530542
7537579
7541677
7543434
7551764
7558072
7564595
7574375
7576906
7585764
7592619
7597798
7602411
7607158
7613774
7620413
7620826
7629997
7634206
7634391
7643329
7650246
7653162
7653224
7660670
7660981
7668321
7676331
7678669
7683436
7686827
7694930
7700297
7703213
7709951
7718960
7724554
7733549
7738946
7743147
7749052
7750206
7758967
7766751
7771867
7776266
7780309
7787723
7794328
7796031
7799975
7807555
7813286
7814043
7816056
7816871
7825691
7827781
7837148
7844402
7854126
7860443
7862235
7867694
7867754
7870583
7875806
7878651
7883716
7886075
7886690
7891267
7892528
7902074
7905696
7908867
7911270
7918832
7921459
7921722
7930251
7937461
7941274
7949745
7953694
7961515
7969722
7974560
7975245
7981741
7986788
7995738
7997291
7997901
8006792
8012177
8022006
8027293
8032476
8036275
8039491
8045386
8054478
8061847
8071299
8081034
8086152
8088689
8090097
8094223
8101221
8105487
8114490
8118267
8128147
8134623
8143382
8146339
8153337
8160303
8163058
8172308
8180195
8181318
8187424
8194610
8196670
8197784
8203665
8204460
8211655
8217256
8226995
8227106
8235790
8245531
8251110
8258923
8265463
8269731
8272664
8276607
8285535
8288966
8296832
8304166
8307926
8308098
8317066
8320498
8322620
8329072
8331740
8333092
8340461
8344940
8349836
8350101
8359663
8364557
8371955
8376791
8384866
8385341
8385542
8387895
8388362
8398355
8398433
8407733
8415827
8416776
8426259
8429300
8436626
8438661
8447849
8453701
8457791
8464709
8468051
8471162
8476041
8479293
8483685
8485496
8493719
8503046
8509813
8516819
8524483
8526995
8536827
8541208
8549323
8555144
8556223
8562729
8564570
8568874
8571503
8574942
8580017
8584862
8589804
8597140
8603833
8612268
8622178
8629626
8636826
8642583
8645630
8654939
8663378
8672532
8678411
8684781
8694091
8699988
8708042
8714976
8723413
8732964
8738822
8739338
8746871
8754751
8762515
8763125
8772488
8774583
8775290
8779359
8783400
8788146
8794544
8799275
8804961
8810081
8813559
8823050
8831655
8836504
8839641
8848164
8852711
8853025
8855958
8862871
8867274
8872959
8876311
8879624
8883825
8891704
8898750
8904597
8910594
8913173
8917152
8918355
8921576
8926417
8935061
8944384
8946556
8946671
8953763
8960877
8964280
8974256
8974728
8979888
8982033
8990151
8995147
8997911
9005206
9010702
9020282
9022193
9023845
9027612
9036943
9038973
9048448
9056816
9064499
9073375
9080222
9088448
9097896
9102730
9107773
9109236
9118282
9125170
9129774
9138516
9148310
9150358
9150525
9151720
9155496
9161906
9165389
9169520
9169543
9179231
9187193
9193630
9200966
9203153
9207085
9210831
9214047
9218684
9222144
9231179
9232407
9238507
9246054
9253653
9255529
9261834
9267587
9270383
9271891
9276325
9281821
9288825
9294997
9302498
9302630
9308184
9312942
9314809
9322018
9323151
9326832
9332647
9337838
9343021
9344707
9351884
9357399
9357559
9367433
9368077
9376891
9386225
9395002
9399481
9403013
9408252
9416528
9423007
9426059
9430739
9438420
9445060
9445248
9445964
9449939
9458229
9463858
9473209
9476376
9484732
9494141
9496741
9497752
9498849
9501467
9506088
9509886
9516703
9516909
9523542
9533395
9538420
9548380
9556764
9565606
9568457
9570671
9574965
9583231
9587605
9592983
9596413
9597707
9604085
9605516
9613587
9616413
9622061
9625596
9630705
9631231
9638782
9646437
9648083
9650681
9658866
9665876
9666693
9671802
9674425
9674893
9677736
9685207
9692266
9699357
9705963
9712388
9714252
9718262
9728110
9735951
9744181
9750374
9752448
9762028
9767996
9776860
9785639
9793433
9799227
9800888
9804715
9805181
9810465
9813009
9813985
9818348
9826661
9828042
9833103
9842765
9850780
9851897
9861531
9867728
9874881
9878697
9884534
9892764
9894780
9900567
9905399
9909537
9911652
9913689
9918844
9926268
9935768
9944083
9949938
9957426
9958364
9958374
9965112
9969054
9977516
9981047
9984915
9990191
9997161
10003895
10010300
10018125
10026928
10031642
10036170
10038391
10045316
10054590
10056833
10065816
10066809
10071942
10078647
10084508
10093234
10097474
10101760
10109470
10118196
10121033
10122133
10131380
10133390
10133678
10140436
10150119
10153817
10158964
10160517
10160784
10162796
10166270
10169465
10175110
10182369
10190899
10193391
10193960
10200999
10207238
10208757
10211954
10216948
10224424
10225279
10235210
10242967
10252467
10256890
10259332
10266983
10272078
10280119
10288637
10290107
10297976
10299458
10304075
10307039
10307280
10310642
10320540
10327111
10335126
10345019
10354584
10357022
10361841
10366193
10374832
10384481
10392835
10397452
10399979
10403444
10409494
10417832
10422106
10432001
10440909
10448141
10452731
10454752
10463540
10465113
10472671
10476553
10483868
10485533
10485903
10488022
10496658
10499742
10506375
10511029
10516110
10518629
10527415
10532398
10536203
10542835
10552154
10558926
10568420
10568856
10574354
10576017
10584845
10591760
10595528
10601762
10602727
10610873
10614786
10623859
10629363
10636340
10637587
10641221
10646215
10655985
10665603
10674697
10678133
10682164
10684286
10687207
10687287
10691045
10694149
10702294
10703472
10705864
10712126
10713431
10719503
10726761
10727698
10733545
10738386
10748172
10753371
10755174
10759398
10763650
10771297
10772950
10773756
10781753
10786346
10787158
10792857
10802554
10807639
10816544
10817101
10818257
10825887
10831252
10838615
10839101
10841145
10843661
10846889
10855440
10861845
10866364
10869425
10873889
10877666
10882076
10890503
10899090
10907868
10915050
10918422
10927525
10928139
10932681
10941540
10945090
10950367
10959957
10964524
10974237
10983505
10988430
10995078
10998289
11007990
11011596
11019348
11020649
11026363
11034844
11035469
11043231
11049661
11052918
11055489
11062177
11070721
11075424
11080670
11083650
11086568
11087511
11091970
11098645
11100722
11103667
11109664
11114585
11119309
11120373
11128150
11131262
11135901
11145258
11150322
11158102
11159285
11164192
11164418
11170528
11175180
11179499
11183912
11185505
11192143
11197727
11199607
11201907
11210275
11214211
11216262
11216733
11217690
11220684
11220933
11223777
11228518
11236835
11239730
11240601
11247577
11252930
11258386
11265952
11267840
11274354
11282109
11287329
11296566
11300243
11303727
11310741
11313921
11321361
11322582
11327607
11329194
11332466
11333292
11334236
11343238
11343774
11346723
11350947
11356306
11358941
11360520
11362445
11366180
11373386
11376070
11379619
11386846
11394015
11398862
11406458
11407267
11415052
11422258
11430717
11431362
11435296
11442202
11452130
11458640
11460400
11464470
11465631
11470126
11479289
11486294
11489303
11489836
11495329
11497593
11501026
11509704
11512896
11517946
11518495
11523447
11524576
11532511
11537053
11539711
11548359
11551731
11556931
11557087
11565406
11572346
11577178
11586000
11591580
11599158
11604025
11609071
11612777
11617417
11619036
11620955
11626131
11626755
11635024
11641637
11643158
11647076
11652595
11655527
11656742
11657834
11665461
11672696
11682450
11683904
11691269
11692461
11693724
11701116
11703349
11705515
11708334
11716950
11724910
11726451
11732440
11735948
11740775
11748164
11757464
11757465
11762811
11767063
11775632
11777000
11786534
11794616
11801052
11802579
11807818
11815011
11822865
11823301
11829141
11829149
11834420
11844414
11845297
11848146
11855696
11863070
11867840
11872920
11874881
11875958
11878990
11884932
11887123
11889791
11892897
11902814
11907940
11911701
11921000
11923665
11929454
11930408
11935895
11937120
11946967
11956670
11966318
11969974
11970398
11977359
11979244
11982549
11982829
11989420
11994678
11999211
12002476
12010365
12018473
12018598
12025958
12029124
12035363
12042022
12043182
12050993
12056771
12064566
12066143
12071069
12078479
12084997
12090974
12100915
12110391
12113850
12117911
12120133
12122680
12124352
12129167
12132121
12137492
12141526
12150448
12158431
12161301
12168290
12177541
12187445
12196183
12198774
12208060
12209219
12218618
12222464
12231819
12235435
12237534
12240527
12244684
12249696
12252815
12254628
12258360
12260078
12263340
12273005
12279201
12282074
12289571
12293952
12296389
12301746
12309623
12316116
12317560
12320018
12322292
12330682
12332479
12337854
12337873
12338772
12344142
12350043
12352960
12359453
12359813
12366820
12367321
12370164
12378443
12385193
12394563
12404462
12414075
12419768
12421780
12424559
12431570
12439920
12447385
12456396
12461561
12463624
12467518
12475651
12481461
12484684
12488817
12497364
12502472
12512072
12514986
12515648
12517106
12521167
12523673
12531016
12540361
12546907
12553183
12553815
12561527
12567211
12571692
12581498
12584466
12593144
12594150
12594860
12595263
12597889
12606611
12606797
12612372
12616003
12625288
12628494
12629334
12630298
12632322
12632678
12633292
12637532
12645952
12647810
12652873
12660038
12667819
12674272
12674508
12681175
12690926
12696557
12701805
12709066
12713702
12714197
12717035
12723115
12726014
12727286
12729038
12736414
12746021
12752483
12752797
12756844
12758405
12758697
12760447
12762271
12764178
12770111
12771250
12781112
12782311
12786680
12794144
12798153
12799201
12799370
12801106
12807553
12810905
12812731
12821151
12830716
12840611
12844335
12849196
12855709
12860487
12866422
12868893
12869314
12877292
12884293
12894123
12902239
12906390
12910427
12910787
12914975
12918485
12925345
12927523
12935641
12938962
12948218
12956490
12965464
12971602
12980491
12985256
12993309
12995181
12999148
13000861
13004492
13012235
13016729
13023699
13028533
13029442
13030940
13032798
13037449
13043840
13045768
13055312
13064817
13066633
13073397
13079378
13080329
13080975
13088456
13090419
13091312
13094379
13097969
13101625
13102370
13102470
13103895
13104775
13105452
13108551
13114749
13116255
13116546
13120756
13127597
13135305
13138610
13147470
13156259
13156572
13156828
13158652
13159248
13168811
13176443
13182509
13183829
13186703
13188662
13190900
13198572
13203277
13204542
13210135
13210854
13220824
13226726
13232035
13241542
13245930
13250334
13251646
13256186
13265881
13271046
13276763
13280115
13281245
13284047
13293041
13302993
13310597
13319031
13321432
13325599
13325892
13333298
13341938
13342975
13352078
13356516
13363575
13369537
13373134
13377873
13382437
13385481
13390373
13397692
13400050
13405188
13409864
13415110
13416918
13419469
13425092
13432534
13439198
13440899
13448839
13450014
13457929
13461376
13470539
13472184
13476684
13482353
13488525
13490649
13494663
13503183
13509572
13511106
13512348
13515769
13521933
13531860
13540007
13543988
13548164
13554580
13555242
13562757
13566112
13571305
13580211
13587124
13594629
13600668
13609556
13613071
13613508
13615486
13620986
13629201
13634079
13635364
13642770
13644777
13644974
13646065
13647304
13647379
13648479
13652328
13661364
13669668
13670637
13672726
13680980
13683709
13693385
13703271
13707462
13709994
13712437
13714086
13718085
13719240
13721009
13721732
13730666
13733907
13734785
13744152
13746546
13747809
13748876
13755457
13761199
13767467
13776294
13778000
13783472
13793038
13794280
13802099
13810814
13817247
13824160
13832852
13836428
13844246
13852124
13857323
13860483
13862515
13866082
13866739
13869631
13874494
13875433
13879375
13883387
13890495
13892116
13892410
13897317
13899141
13901156
13902437
13905314
13912307
13916162
13919287
13922048
13929765
13939691
13949446
13955083
13958456
13964633
13969523
13970378
13971303
13971974
13980499
13981898
13985929
13988425
13995331
14003328
14008434
14012635
14021371
14022441
14024611
14029486
14034011
14036226
14045918
14046935
14052098
14055724
14061732
14068749
14073015
14075864
14075918
14079336
14079926
14080283
14088828
14094305
14094983
14104018
14106761
14109427
14117800
14123022
14125086
14130010
14136929
14137507
14139287
14143691
14146805
14149846
14157834
14164689
14172316
14174684
14182290
14184413
14192113
14195904
14196379
14198098
14206979
14207291
14208690
14214496
14222659
14224853
14229235
14232517
14239499
14241194
14241276
14243789
14244633
14247554
14247974
14250099
14255184
14261053
14265484
14274137
14283515
14286400
14290435
14291074
14296571
14297263
14307219
14316694
14324330
14333348
14339424
14349330
14357638
14365739
14372125
14378201
14388037
14397827
14404609
14409758
14419360
14419719
14424704
14431892
14440127
14442503
14448134
14456720
14459718
14468014
14472685
14477051
14480457
14483543
14487365
14494829
14503772
14512001
14521065
14529619
14537296
14544728
14552977
14552978
14561565
14569296
14578213
14581480
14583512
14592544
14600186
14610167
14619037
14622692
14624556
14629486
14635361
14639013
14647330
14656047
14664992
14667961
14672200
14681537
14683054
14686034
14687147
14695182
14702022
14711953
14719524
14722558
14728807
14735605
14736613
14738149
14747031
14748277
14748719
14758081
14760768
14764777
14773112
14779062
14788046
14797073
14798166
14804568
14813264
14813343
14822452
14832350
14835313
14839709
14840656
14842638
14845320
14849194
14858642
14868083
14873006
14874038
14876152
14885706
14894829
14900485
14905030
14909619
14914189
14917115
14919957
14923863
14926768
14928821
14931570
14931707
14933642
14937727
14938722
14940525
14945370
14946115
14953244
14956842
14959917
14965049
14973701
14976071
14981897
14982356
14988825
14992248
14996703
15003001
15005102
15012299
15014867
15023991
15025733
15027221
15027686
15029492
15036353
15038799
15040688
15043245
15043430
15044522
15051620
15060697
15066398
15075988
15082765
15088025
15090311
15098531
15105567
15107983
15109815
15114375
15116984
15122136
15122671
15122985
15125444
15126386
15133834
15141374
15148339
15152183
15154337
15161802
15166682
15167533
15172709
15174069
15183518
15186388
15192304
15202248
15209153
15213078
15223039
15225826
15234462
15243833
15247844
15252981
15262839
15264165
15269226
15278676
15282418
15290070
15299848
15304358
15313960
15322891
15328539
15336975
15345161
15348864
15358318
15359585
15366247
15369780
15374271
15383836
15388170
15390878
15393030
15402102
15407435
15410528
15417742
15427001
15432658
15435674
15439309
15442043
15445487
15445602
15450540
15454911
15464064
15465593
15471146
15475979
15485891
15495203
15503528
15510185
15515418
15517688
15526962
15531909
15541766
15547818
15552841
15555534
15565279
15573596
15580376
15586341
15590867
15600480
15610442
15613133
15613849
15621168
15626750
15629969
15631849
15637934
15646532
15655306
15662232
15667189
15671199
15677792
15682732
15689621
15698942
15705041
15709094
15711995
15720052
15724513
15728890
15737755
15741482
15742435
15749367
15753581
15753934
15759776
15761631
15764840
15766492
15775320
15777259
15783864
15784291
15794273
15800471
15809368
15817697
15822942
15830963
15833254
15838210
15842005
15847136
15848532
15858000
15861666
15868930
15875614
15875959
15885046
15890845
15897393
15903673
15911557
15911728
15915439
15922033
15930786
15935919
15936595
15937464
15944752
15947401
15949987
15952175
15957761
15960384
15967336
15973515
15981757
15991552
15992731
16000470
16000572
16003197
16012774
16022041
16024604
16032935
16039361
16044397
16052742
16057908
16059451
16062650
16066949
16069633
16079449
16088707
16095722
16099713
16101934
16108178
16114548
16119561
16125848
16127321
16131276
16131476
16137042
16144117
16151656
16160694
16165352
16174827
16177084
16181225
16188678
16192572
16200991
16207129
16213375
16215251
16222523
16226920
16234906
16236284
16237551
16239995
16245119
16250774
16259820
16266873
16273137
16276509
16281966
16290799
16296801
16305290
16305331
16308619
16317636
16319752
16323522
16323530
16325859
16330696
16339161
16342507
16343728
16348133
16356670
16358097
16362823
16368514
16373073
16379162
16383984
16390474
16393442
16402411
16410624
16416903
16423909
16424018
16426288
16434118
16440715
16450017
16454316
16462910
16463022
16471961
16478933
16486459
16488973
16498421
16501119
16508208
16512873
16514158
16518605
16522156
16526999
16532883
16536151
16540482
16544809
16552548
16556386
16559857
16569259
16571056
16577923
16581710
16590820
16600361
16606319
16607853
16610631
16614414
16616647
16617890
16618076
16625950
16627292
16627835
16633898
16637609
16642113
16645701
16651387
16658884
16659190
16665558
16673476
16679708
16684418
16686601
16693230
16693534
16694104
16703522
16709272
16714010
16721612
16730679
16735610
16738240
16747346
16751315
16751754
16752314
16762262
16766860
16773053
16780960
16786969
16791716
16797622
16803144
16808708
16809203
16816540
16826126
16827453
16831914
16834311
16843512
16847540
16850968
16855075
16862486
16863850
16870326
16872463
16882269
16884521
16890978
16897156
16898164
16906190
16914166
16914798
16916294
16919944
16924600
16925833
16932790
16939514
16949332
16951136
16958599
16961327
16969825
16977009
16984066
16987428
16987957
16996136
17005785
17015274
17016440
17017581
17024703
17025397
17029438
17038407
17047856
17052951
17058039
17067898
17074425
17077497
17085887
17088593
17092894
17098726
17104445
17105977
17112888
17114594
17122780
17124237
17124463
17133356
17138907
17148635
17156856
17162295
17166507
17174614
17184534
17191640
17197264
17202367
17205504
17207695
17209178
17211737
17214707
17221548
17222913
17224338
17224983
17226785
17235895
17239123
17248984
17255529
17260278
17261147
17268090
17272516
17273382
17275151
17282938
17289587
17296221
17302428
17308180
17309991
17318446
17319315
17321418
17328027
17336859
17340609
17345156
17348002
17348130
17351377
17356785
17362840
17366941
17369901
17379401
17384768
17386125
17394451
17395515
17400294
17400667
17404830
17407561
17417127
17420535
17427905
17436127
17436577
17440847
17445914
17448685
17452678
17454636
17462819
17470171
17478205
17485768
17494562
17495554
17500176
17506549
17512822
17514208
17523022
17529286
17539039
17542250
17549631
17553744
17559385
17564677
17569715
17574157
17581807
17583772
17588529
17588530
17597553
17598195
17599963
17600254
17603152
17611165
17616444
17624896
17626602
17627807
17632933
17641928
17649592
17659590
17660805
17670218
17671910
17681905
17685290
17694438
17703814
17704370
17713929
17715804
17720598
17727317
17732419
17735932
17742309
17744500
17747388
17749624
17753954
17755053
17760973
17770237
17777931
17786975
17792849
17801269
17805871
17807386
17817091
17823279
17831216
17834189
17840529
17847759
17856554
17858315
17864415
17865225
17867264
17874272
17881969
17883303
17889016
17895957
17904433
17909426
17916098
17917898
17920790
17923392
17927379
17928938
17938210
17938429
17942957
17944497
17944830
17949801
17953452
17957600
17959591
17968468
17970038
17974756
17982433
17985136
17992775
17996461
18001182
18003401
18013386
18016426
18024794
18029424
18034768
18044216
18049256
18056005
18064292
18074180
18078488
18085957
18089213
18097456
18102768
18103658
18110088
18119493
18124365
18127839
18131120
18137805
18144161
18153398
18157921
18161359
18163416
18170183
18175976
18176828
18186589
18195876
18203768
18211235
18214228
18217316
18220170
18221644
18230284
18234481
18240441
18240784
18246904
18255144
18263962
18265672
18266755
18271307
18279605
18284871
18290306
18295479
18295740
18304208
18310802
18317829
18327356
18336008
18340390
18344377
18347777
18348150
18356999
18366436
18371467
18378934
18388484
18391190
18399308
18400017
18406830
18415404
18424820
18431866
18439535
18448728
18458688
18464580
18466500
18467805
18471531
18475419
18479199
18481078
18487969
18497508
18506901
18515915
18519362
18524670
18532496
18533700
18537644
18546782
18548964
18553996
18558997
18559144
18565583
18569852
18577846
18584764
18587530
18589283
18591609
18596735
18599888
18606265
18613651
18618272
18627915
18635161
18641798
18649187
18649881
18654199
18659834
18666802
18668875
18671150
18679143
18680198
18686615
18693367
18702613
18703309
18708376
18709044
18713614
18719577
18728160
18737771
18746468
18750433
18754620
18763324
18772156
18780903
18782908
18784579
18791668
18795274
18802305
18804538
18809580
18813094
18821853
18825391
18834913
18835346
18836192
18842969
18843571
18850475
18859191
18861553
18863787
18868882
18877234
18880157
18886380
18887158
18887844
18895205
18900343
18903856
18911850
18915452
18915672
18922168
18924210
18933207
18935349
18936800
18945561
18945820
18948628
18955037
18959205
18961837
18970366
18980223
18982713
18991526
18996992
18997617
19004912
19005182
19014113
19023288
19029028
19030113
19030161
19039740
19040189
19046428
19048612
19057970
19064796
19073616
19074309
19083529
19093267
19101954
19105483
19112396
19114512
19117975
19126139
19132722
19138479
19145741
19146808
19147475
19147786
19149845
19156661
19157647
19165106
19172325
19176873
19182885
19185413
19194211
19195739
19196599
19202930
19203205
19205235
19214735
19215145
19219569
19226908
19235208
19235882
19237271
19240463
19250439
19250617
19259441
19262400
19265343
19274040
19280470
19280922
19285157
19294854
19299543
19301016
19306765
19307923
19312061
19312690
19315433
19318680
19326514
19330444
19330640
19333767
19341925
19344109
19350175
19358983
19360256
19366957
19375545
19379220
19384951
19388188
19394577
19401070
19404555
19412001
19417658
19423557
19431665
19437053
19440531
19448032
19454050
19458606
19461638
19464496
19465513
19475470
19478379
19479596
19480939
19482757
19485110
19485495
19487810
19489117
19495000
19495038
19498017
19501514
19502269
19509471
19514520
19521599
19529862
19534500
19541272
19545230
19548668
19551643
19553667
19557937
19561549
19565723
19571903
19576140
19576598
19580998
19590690
19597018
19601211
19604389
19614100
19615191
19615776
19622209
19622405
19629377
19634044
19637579
19644185
19651701
19660926
19665966
19671269
19672233
19672675
19680205
19687370
19695427
19701273
19710787
19713804
19714450
19718813
19727858
19734871
19743013
19752921
19758818
19768691
19778438
19778607
19779978
19780665
19786166
19786459
19791535
19798299
19806711
19816045
19822268
19831997
19832309
19835676
19840287
19850263
19851855
19855763
19861573
19867463
19873951
19880075
19886032
19886155
19893931
19897576
19904321
19912686
19919983
19928601
19937220
19939510
19945700
19951948
19960069
19968080
19969490
19973793
19980262
19984590
19988470
19997464
20001621
20010387
20012969
20021698
20026677
20029970
20032924
20038674
20043236
20043237
20048739
20056752
20062174
20067810
20070305
20073826
20079338
20087554
20090947
20093028
20097770
20099219
20107978
20108482
20117992
20118333
20121245
20123291
20124393
20132100
20137439
20138714
20145330
20145538
20146750
20149398
20154025
20154115
20159897
20160863
20165307
20173363
20179867
20182666
20186826
20193134
20193954
20195471
20204078
20210026
20211112
20213682
20218921
20226788
20229135
20230202
20230220
20232913
20236476
20241282
20249698
20256147
20264089
20270513
20278605
20280737
20283662
20289393
20292077
20299717
20305633
20310764
20317819
20326997
20332738
20341625
20351236
20352184
20352537
20362071
20365761
20365894
20370240
20374838
20379426
20384152
20393676
20402673
20404972
20410581
20417258
20424919
20433896
20440940
20444350
20447692
20455076
20455669
20462806
20466415
20473113
20480999
20482982
20485163
20485361
20491005
20492021
20492278
20500408
20507054
20514744
20518042
20522975
20525298
20531545
20537429
20546475
20552473
20559481
20564879
20571126
20580160
20587713
20589607
20596892
20601038
20601291
20608165
20614501
20618512
20626233
20631770
20637826
20643238
20650090
20657674
20659384
20659954
20665520
20667895
20674852
20681464
20686667
20692609
20697476
20702347
20704502
20712848
20721625
20728063
20728309
20732035
20732717
20733240
20737056
20742114
20751624
20751935
20752020
20755735
20757401
20766099
20769400
20772971
20777198
20786806
20793146
20800270
20800780
20810662
20816769
20824680
20832940
20840911
20844652
20849968
20854331
20857120
20866859
20872975
20873786
20880419
20881203
20888502
20894019
20898634
20902288
20907925
20915602
20920923
20921907
20925247
20931688
20938226
20941328
20942891
20945274
20945891
20950390
20956434
20958721
20966438
20975379
20977203
20986578
20992997
21001116
21001660
21004814
21012328
21021190
21028771
21031689
21034403
21042140
21043342
21050198
21057628
21062776
21071754
21076864
21078812
21082411
21087445
21090789
21092150
21099539
21107846
21109792
21111844
21121334
21123226
21128147
21137727
21146164
21151092
21152912
21156751
21160285
21166383
21166921
21175304
21182136
21186510
21189264
21192944
21202856
21205628
21213020
21213413
21218633
21220886
21225464
21233713
21236625
21239547
21243452
21243560
21253334
21256986
21260308
21269659
21277065
21279499
21287263
21294569
21303106
21306984
21314042
21317971
21319026
21324875
21332139
21339563
21346739
21354816
21358687
21361272
21363364
21365627
21367303
21370074
21376097
21381783
21382418
21391064
21397706
21407212
21414014
21417835
21427127
21431498
21439369
21440570
21443967
21444936
21451585
21454728
21462094
21468397
21470089
21477005
21477345
21479654
21481751
21483465
21490503
21493539
21497056
21504833
21509428
21510235
21519304
21529020
21532140
21533331
21541268
21547094
21551665
21560420
21569203
21572665
21581415
21581785
21586972
21587844
21589637
21599048
21607969
21613016
21614094
21618071
21620230
21621583
21625786
21634523
21635868
21645569
21647666
21654036
21658204
21663336
21673034
21676279
21678606
21686963
21688795
21694255
21696354
21701122
21711098
21715612
21721954
21729085
21735122
21738031
21744001
21752462
21761113
21763113
21764083
21767789
21770099
21780022
21788345
21788696
21797188
21804161
21807709
21811009
21820302
21830143
21835856
21845481
21851413
21853684
21861456
21866110
21874404
21878014
21885509
21888240
21895607
21904104
21906572
21906894
21910793
21911805
21912522
21919205
21921924
21928330
21937934
21946881
21951565
21951766
21958514
21962832
21972388
21978063
21981702
21984356
21991481
22000296
22008180
22017366
22017443
22017659
22020382
22026553
22033451
22038589
22044186
22047555
22047703
22052065
22055574
22064642
22067349
22070754
22075644
22083217
22085646
22093735
22098578
22099787
22108535
22109791
22116211
22124998
22125374
22125438
22131638
22134943
22141934
22150092
22152620
22161886
22166936
22174801
22178606
22184062
22187925
22191009
22200477
22201417
22209784
22211411
22218420
22222701
22225650
22233204
22240716
22248037
22249517
22258219
22264138
22270884
22275125
22283068
22289284
22290077
22298814
22303726
22308793
22310362
22310726
22320250
22321302
22325801
22335200
22336651
22337426
22344055
22346004
22351911
22354939
22362265
22364326
22372151
22377168
22381065
22386842
22390843
22399142
22402770
22407046
22410891
22415140
22417325
22424013
22432031
22441723
22450319
22458058
22465994
22472734
22482177
22488841
22489155
22497517
22504299
22511512
22519679
22527331
22530180
22538410
22539379
22541439
22546760
22552162
22561893
22570162
22571551
22580580
22589700
22593981
22598061
22607819
22616680
22624302
22632624
22640635
22642567
22650920
22657954
22663311
22666987
22676108
22676850
22679311
22680413
22689469
22698371
22698519
22706579
22708535
22711543
22717352
22721393
22725622
22726735
22727561
22735709
22744390
22745804
22755798
22757660
22759874
22766911
22771814
22777789
22787194
22796408
22799279
22805842
22813364
22816843
22824010
22825577
22834030
22836668
22837169
22842909
22846455
22851183
22859169
22863576
22867174
22872236
22881239
22890715
22897056
22902535
22903896
22904345
22911622
22913090
22914681
22922969
22923516
22931623
22933004
22933217
22941224
22945082
22954401
22961487
22969319
22971130
22972569
22981035
22983458
22991249
22998896
23002929
23008229
23013310
23015563
23020812
23029807
23036663
23036971
23039966
23047751
23048696
23058082
23064315
23067571
23075481
23079607
23089123
23091463
23096564
23105355
23107190
23114303
23121240
23122819
23123905
23126649
23129833
23136636
23138317
23145052
23150224
23156620
23162810
23163176
23170785
23176720
23177946
23182098
23182628
23190265
23198968
23208814
23218716
23228277
23235304
23242441
23243713
23251705
23256565
23262569
23265057
23271276
23277490
23285756
23291990
23299273
23308960
23313103
23317767
23323129
23327545
23335299
23342230
23351015
23356379
23359356
23366996
23371990
23376473
23385904
23390283
23394987
23401158
23406821
23409567
23411836
23418151
23424273
23425792
23432064
23439793
23443751
23445573
23451212
23451318
23454812
23456909
23459909
23466590
23470957
23473047
23476425
23478093
23482286
23485915
23492043
23499081
23506077
23515206
23519377
23526852
23531456
23531541
23538428
23547242
23549880
23558998
23568138
23574517
23574578
23583679
23585960
23589396
23598996
23602214
23607386
23611260
23618613
23627740
23630738
23637727
23638840
23644552
23654453
23660448
23668644
23674197
23680977
23687007
23687730
23691546
23701155
23707180
23708969
23714677
23719318
23728425
23738266
23745875
23751482
23757589
23766255
23768985
23775284
23783201
23786815
23787349
23795612
23804825
23807044
23812450
23818984
23821959
23824491
23832909
23839752
23845082
23855069
23864201
23868611
23871454
23873768
23882470
23888766
23891762
23896798
23899274
23904298
23914015
23916834
23924372
23933149
23939819
23943331
23951242
23955290
23955491
23962628
23965270
23967912
23976778
23983714
23993637
24000409
24007557
24016784
24017975
24019874
24025425
24030158
24031730
24036851
24043642
24048024
24048822
24053538
24054657
24060933
24062029
24071896
24081232
24088202
24092410
24096119
24103288
24108033
24115196
24124832
24132282
24137161
24137322
24141311
24150054
24150940
24160020
24164252
24174089
24183355
24188345
24194281
24199812
24202749
24206787
24211695
24221649
24229651
24235832
24244051
24254009
24259762
24261964
24269567
24273782
24282836
24292214
24297214
24304841
24308344
24312120
24319160
24319723
24327323
24331766
24337695
24347352
24351889
24360042
24362614
24367921
24373509
24382186
24388833
24398049
24406647
24407168
24409628
24419407
24422236
24424286
24432240
24441642
24441975
24448552
24452826
24461821
24467852
24477736
24478790
24484486
24487552
24488804
24489067
24495919
24501838
24509379
24513766
24516549
24516787
24526423
24527326
24536780
24542477
24548098
24549154
24554405
24562612
24569891
24579803
24585703
24593295
24597781
24603012
24603061
24607166
24613347
24620229
24624322
24626584
24633325
24636322
24640773
24648578
24648768
24656455
24661024
24661110
24668644
24672818
24675306
24677817
24686935
24687876
24688733
24695145
24701582
24701661
24707697
24715972
24722299
24730781
24738344
24743203
24747147
24753590
24757499
24757703
24760196
24768032
24777542
24778170
24783226
24784172
24786469
24792947
24793220
24798035
24800125
24806387
24808567
24817954
24820290
24823853
24829086
24830757
24838949
24844953
24854153
24857526
24857623
24861645
24864301
24868353
24874661
24874701
24881407
24882175
24888347
24890588
24897138
24899461
24901234
24905167
24905717
24907704
24914847
24917264
24921578
24929620
24931229
24932024
24938336
24947916
24953205
24960552
24966220
24973084
24981422
24987331
24988136
24991794
24997231
25005670
25010855
25013270
25013703
25019795
25028121
25028639
25030302
25032803
25038923
25039988
25044501
25053967
25057880
25060622
25061413
25067195
25076418
25076645
25078372
25086679
25087237
25094415
25101522
25105902
25106908
25116095
25123893
25131378
25140447
25146893
25152673
25159394
25166471
25169824
25170187
25170341
25176490
25179356
25181359
25181607
25185325
25187600
25195791
25196301
25205527
25208075
25216094
25225105
25228887
25229307
25236241
25237863
25245239
25249596
25252679
25261162
25263936
25267617
25273820
25281532
25284472
25293720
25296025
25298832
25307388
25312102
25314074
25323888
25326310
25331110
25335336
25340561
25342834
25350684
25353994
25360681
25367682
25373028
25374967
25377044
25379085
25387302
25396795
25406018
25412983
25414356
25416967
25417934
25424083
25428484
25433336
25434134
25437467
25444553
25446745
25455849
25458017
25461105
25463346
25471646
25475411
25478691
25482194
25484023
25484083
25485122
25493065
25495152
25501901
25511842
25517112
25518735
25518825
25528518
25533679
25534659
25540544
25540880
25545279
25546200
25546940
25549453
25551517
25553293
25556849
25560522
25562671
25568851
25572287
25572709
25578306
25581864
25589260
25590299
25593806
25595727
25596654
25605231
25613319
25619564
25626079
25626330
25627151
25627860
25632234
25635655
25643304
25650849
25657241
25661919
25662783
25672758
25673274
25678494
25684843
25694669
25699154
25704593
25711949
25712946
25719256
25727982
25732259
25737142
25745395
25753022
25757111
25766851
25769301
25773630
25777820
25782149
25789981
25798431
25804706
25813038
25814864
25818757
25823736
25828045
25834118
25834358
25839609
25839787
25843297
25843887
25848169
25852328
25852758
25859605
25861047
25867739
25875790
25879125
25880350
25887031
25890242
25892719
25899797
25904306
25913960
25916369
25925516
25932487
25937435
25942398
25952001
25956586
25965049
25965130
25967684
25969965
25973200
25977389
25977863
25987768
25993932
25994322
26000844
26008262
26017653
26020583
26023318
26030689
26032139
26034917
26044619
26047817
26057261
26060012
26060086
26063862
26068479
26070685
26071729
26080697
26080843
26084014
26089185
26094380
26102361
26108166
26109902
26113015
26117508
26122329
26129091
26131599
26137239
26143150
26149475
26152511
26154634
26161349
26168270
26174011
26175440
26176911
26178285
26184212
26193465
26195299
26204131
26212372
26214404
26215649
26217716
26222288
26231750
26237391
26240483
26248517
26253061
26258739
26267450
26273750
26278978
26288146
26297100
26299828
26302263
26303866
26304331
26311927
26317969
26327402
26336865
26344677
26350159
26350859
26354619
26354845
26362466
26363100
26364308
26369298
26369803
26377122
26383488
26389698
26396301
26397841
26403126
26405694
26407948
26414160
26420767
26421173
26427325
26429995
26435442
26437912
26437972
26446726
26451175
26452073
26459943
26462466
26472334
26477670
26486629
26489050
26493769
26498690
26508574
26509608
26509739
26513985
26518480
26521443
26521702
26522595
26524432
26529993
26530719
26535424
26537821
26539096
26539406
26543695
26551446
26560457
26569933
26574356
26577960
26586119
26590284
26596826
26602253
26608206
26611412
26614197
26614357
26621860
26623992
26628850
26635787
26641845
26650490
26659672
26662412
26669241
26671569
26677906
26685525
26695282
26695762
26696976
26700922
26701592
26702401
26711033
26718195
26721090
26729085
26733192
26733760
26734909
26739939
26746462
26750207
26754334
26760933
26761105
26769098
26769292
26775854
26776302
26777583
26784892
26794306
26796339
26799249
26799627
26806986
26811791
26819464
26820022
26827403
26832214
26834096
26834758
26835025
26842864
26850417
26852097
26853327
26853759
26854588
26857357
26858424
26863078
26870501
26878540
26878569
26879116
26879430
26883569
26886394
26895293
26902515
26910717
26913313
26919001
26921556
26923485
26929106
26937257
26941550
26944809
26951552
26956724
26965856
26970755
26973375
26980065
26989283
26996581
26997206
27000269
27007322
27015757
27020578
27021059
27026178
27036135
27042336
27044058
27047279
27048300
27048529
27051581
27057618
27066139
27071116
27078996
27088737
27095217
27098909
27106209
27113306
27123171
27133083
27137259
27141097
27148315
27154450
27155914
27157986
27164237
27167172
27171017
27177356
27183900
27191109
27197861
27198309
27202059
27203628
27212611
27221340
27228288
27235121
27241432
27248825
27253174
27254129
27256429
27257081
27266119
27275584
27276753
27281458
27291318
27291624
27292158
27292570
27293281
27298846
27306019
27315620
27323637
27327486
27329074
27331499
27337912
27347619
27356525
27360031
27362611
27371866
27381167
27386800
27393714
27395519
27401762
27407327
27416384
27424251
27427907
27430598
27433679
27440003
27444338
27451801
27456608
27459349
27464136
27473680
27476818
27482485
27487059
27493197
27501624
27502826
27507126
27516422
27519868
27528081
27536612
27542060
27551525
27551925
27554842
27558843
27559730
27565035
27567815
27573254
27576524
27584301
27593294
27600282
27608981
27617642
27622928
27631013
27635307
27641142
27646737
27655862
27659113
27668158
27673082
27678166
27684494
27687439
27688585
27697053
27699040
27700703
27701718
27704910
27710498
27719162
27728995
27738220
27740696
27750513
27759798
27760212
27761888
27771268
27772425
27773300
27776381
27779228
27779801
27787619
27797253
27798940
27807535
27809614
27811442
27819450
27827240
27832110
27839585
27844776
27846602
27850090
27859168
27868271
27873075
27878000
27883271
27891341
27892766
27896942
27900936
27903659
27905471
27914657
27917433
27926460
27931167
27934698
27938992
27944539
27945933
27955881
27958271
27963835
27969572
27970722
27975725
27978916
27987040
27994331
27998679
28008084
28011940
28014844
28016614
28020353
28024198
28028830
28031463
28041260
28048467
28057779
28060901
28069569
28077129
28080143
28087979
28093292
28102283
28110902
28117515
28119411
28119622
28127196
28135172
28137601
28139102
28147133
28155317
28158786
28159955
28165623
28171887
28175756
28180590
28182964
28188741
28191029
28200529
28202007
28207837
28216437
28222935
28226516
28227141
28232863
28242782
28249136
28251363
28255651
28263644
28265748
28272782
28277381
28284914
28287868
28290381
28296338
28297137
28297608
28299114
28300906
28305389
28307130
28308682
28311679
28315937
28321236
28326589
28330147
28332974
28342686
28350398
28352065
28356251
28358227
28364155
28370750
28375191
28380063
28387711
28390949
28393312
28398465
28405205
28408197
28409875
28413488
28416845
28423906
28433480
28435290
28436522
28440721
28447231
28450074
28458681
28459923
28466040
28473279
28481817
28488906
28491620
28497007
28498298
28500109
28507208
28517065
28525430
28534843
28540507
28542615
28544086
28548651
28554534
28555393
28564295
28570307
28578595
28586436
28589315
28595053
28596631
28604396
28604540
28613802
28621058
28626721
28627053
28628437
28635832
28642986
28652959
28661825
28666570
28675042
28678245
28686164
28693336
28702811
28709904
28712420
28720097
28729407
28738304
28747775
28755002
28761015
28764570
28771570
28773745
28781350
28783424
28793037
28800527
28803899
28809250
28814045
28819646
28823751
28833221
28840973
28846651
28849966
28851594
28858174
28862828
28865229
28874196
28881804
28882258
28886846
28886930
28889284
28890438
28899868
28905155
28906381
28911302
28917088
28919513
28925654
28930920
28939150
28944111
28944213
28951992
28953143
28955823
28962508
28965939
28975624
28980467
28987916
28993464
28998649
29008210
29011423
29013134
29022646
29027073
29035224
29036323
29040802
29043422
29046959
29053189
29058290
29067509
29074153
29077393
29079050
29081780
29087386
29096260
29098513
29107562
29113368
29121796
29131766
29136773
29143413
29147155
29154300
29161321
29162238
29167836
29173822
29174533
29180993
29185666
29188888
29194409
29202982
29207552
29213000
29214281
29216823
29219500
29222587
29224759
29234398
29238566
29247865
29256125
29264324
29270301
29276995
29285101
29288893
29296907
29306846
29310107
29314849
29320737
29330045
29331470
29335214
29335758
29341521
29343766
29352152
29354031
29355839
29364254
29365788
29370982
29373615
29374081
29374472
29378940
29384969
29394681
29395583
29405050
29410928
29419073
29421048
29430240
29432110
29433780
29440041
29446528
29449338
29450475
29460041
29467555
29473929
29475192
29483796
29488178
29489452
29495402
29503377
29511434
29511652
29512849
29518465
29524356
29534215
29542802
29543536
29548499
29551062
29551840
29553007
29554375
29564224
29564971
29566768
29568522
29573779
29582031
29584055
29588008
29588646
29589041
29593154
29596905
29606653
29608677
29616856
29619548
29626931
29627889
29631521
29637250
29642780
29648484
29649494
29653664
29657216
29664303
29671058
29680437
29685799
29689437
29694759
29697753
29704879
29705941
29712227
29718812
29720694
29727822
29734261
29740875
29743576
29744629
29753061
29757537
29759332
29764474
29773058
29779283
29781972
29785985
29788898
29789670
29798284
29804003
29805018
29811384
29811793
29811912
29818120
29823446
29831659
29833118
29836143
29840113
29841678
29844081
29853747
29863058
29870549
29876990
29879396
29881988
29883327
29890890
29899171
29903587
29911844
29919686
29920811
29929514
29936456
29945734
29947307
29949527
29951323
29954365
29959537
29965502
29975137
29980712
29982128
29982745
29985012
29989317
29991524
29996980
30000116
30003040
30008167
30009605
30016265
30017647
30019695
30021732
30022811
30030210
30040145
30042603
30044670
30049402
30051318
30058090
30060482
30069418
30069933
30070516
30070726
30072800
30073079
30082407
30087134
30093281
30102366
30104787
30109700
30113154
30120427
30126904
30135367
30135768
30137410
30144174
30153457
30161017
30166145
30168561
30176645
30186512
30188888
30190278
30198250
30204147
30211231
30220631
30224244
30226739
30232862
30240000
30249649
30254681
30263972
30268626
30270661
30280483
30280901
30287595
30294134
30303562
30313456
30313887
30314467
30321954
30330346
30339661
30340463
30346012
30350847
30353867
30356512
30362292
30367542
30371307
30374813
30376686
30381940
30386801
30393911
30402053
30405768
30408380
30415788
30422999
30431345
30440541
30450338
30459473
30466564
30472502
30475287
30481063
30490455
30493659
30497121
30506654
30514283
30514925
30519605
30524998
30526410
30528762
30536933
30538568
30545099
30551889
30558058
30567944
30570361
30572723
30582632
30591522
30592173
30598071
30598784
30601477
30603932
30613103
30618248
30623637
30632775
30633438
30643001
30652439
30661270
30664278
30666272
30671350
30680218
30684898
30691263
30699052
30703012
30709760
30711898
30718865
30727022
30732858
30734065
30738928
30741891
30745733
30754705
30764401
30772863
30779749
30781970
30791683
30795988
30799282
30801244
30808880
30818407
30825584
30833610
30834443
30838356
30848256
30857642
30861673
30867440
30877143
30887039
30891550
30899957
30904507
30909042
30917640
30919695
30922901
30928565
30932553
30932777
30936392
30937191
30942646
30945885
30950160
30957825
30962777
30965380
30971513
30977451
30981303
30989480
30993895
30995551
31002080
31006881
31013513
31015538
31015896
31023871
31030855
31035595
31037673
31045341
31046533
31051430
31055919
31058466
31058679
31067865
31069479
31070033
31079872
31086642
31092861
31098800
31105132
31113064
31119819
31128631
31131099
31139847
31148534
31149273
31150974
31159597
31167184
31176619
31182773
31183068
31184619
31194370
31195865
31197035
31205142
31211515
31216951
31226230
31226920
31235153
31241626
31246015
31248884
31248972
31251733
31252638
31256903
31262853
31272320
31272859
31281864
31282800
31287395
31293946
31299308
31308100
31317376
31323173
31330049
31330127
31330406
31332517
31341972
31347403
31347895
31355209
31357653
31357947
31358799
31360037
31368927
31371130
31378988
31388304
31397146
31400078
31409384
31415372
31424869
31431982
31435966
31442551
31450018
31455935
31457361
31459468
31460214
31467546
31470886
31470946
31479144
31480879
31481065
31487916
31492737
31497690
31500786
31501965
31502007
31507780
31511769
31520066
31528777
31532630
31541316
31546258
31548040
31548676
31554865
31559314
31561464
31563275
31569099
31571573
31575340
31583676
31588109
31594934
31598581
31599249
31603350
31609080
31616998
31617599
31619818
31621247
31623231
31631428
31635575
31637527
31642350
31645961
31647951
31656341
31656347
31659437
31665425
31665724
31668855
31671957
31676753
31677165
31684570
31688514
31690262
31696417
31704126
31708218
31718145
31727521
31729032
31730266
31738775
31744784
31747015
31751187
31757628
31757696
31760102
31765419
31768254
31777352
31787232
31787529
31787675
31790864
31798194
31803113
31805630
31812146
31813185
31817817
31823019
31826056
31826361
31829764
31832789
31842277
31848590
31853740
31862795
31865036
31872874
31882271
31888904
31893561
31897334
31902623
31902715
31904516
31904740
31908929
31917303
31926594
31934470
31940488
31946611
31952354
31952677
31958287
31966692
31976081
31982180
31983397
31984573
31990889
32000484
32009737
32014558
32021029
32026272
32032904
32037820
32039782
32043889
32050857
32053391
32061801
32063609
32066883
32073172
32076007
32079098
32080255
32082472
32087077
32091236
32092840
32099602
32099670
32101297
32101327
32109892
32115357
32118100
32118623
32119122
32128621
32130098
32138293
32143941
32148509
32155649
32157712
32163139
32164748
32172555
32181757
32181964
32186687
32187366
32192985
32200556
32202149
32207140
32211413
32216420
32226307
32227015
32227889
32236680
32240351
32244355
32244612
32248052
32251592
32253019
32260943
32264125
32267377
32268683
32275125
32281800
32287133
32288644
32290855
32300551
32301274
32307736
32315359
32322407
32332038
32335198
32337376
32339334
32341183
32341711
32346570
32355679
32362520
32364715
32369463
32374542
32375449
32375474
32382785
32389298
32396302
32402502
32410563
32420026
32428871
32428967
32429481
32433437
32441299
32443600
32446194
32447752
32450141
32452226
32453064
32459348
32468670
32476527
32479791
32488110
32492330
32500778
32505151
32505654
32506895
32509411
32519238
32523631
32532918
32538234
32539742
32543238
32545986
32549605
32551805
32556640
32565639
32573654
32574341
32575275
32582571
32586212
32593977
32598550
32606623
32608686
32616245
32617484
32622829
32624752
32628328
32636357
32639109
32645701
32649130
32658386
32664988
32670789
32677997
32685565
32694084
32698307
32704413
32708042
32717485
32727278
32733725
32741919
32742607
32746206
32749300
32751041
32751709
32760745
32768591
32770121
32777071
32778809
32779954
32787563
32788277
32788747
32792839
32802646
32807242
32810094
32812415
32813419
32823388
32832989
32842303
32844653
32846576
32847467
32847594
32855782
32858892
32866335
32867659
32876317
32878614
32881119
32887485
32895751
32905552
32909793
32916647
32919610
32927207
32935325
32941587
32946568
32954795
32962130
32964135
32971520
32980790
32985588
32992770
33002239
33003423
33010374
33015694
33018528
33023324
33032747
33033405
33035081
33035273
33038520
33048144
33048836
33054590
33058454
33063139
33072598
33077392
33086435
33089879
33095632
33105042
33106192
33111858
33116030
33119694
33125325
33131412
33139773
33144746
33151499
33155837
33159545
33169172
33173317
33179482
33187892
33191967
33197954
33206708
33207065
33213577
33223136
33227075
33227987
33228503
33234282
33244055
33248533
33255560
33262601
33264221
33273866
33282069
33285052
33287732
33293048
33298789
33302736
33308890
33309136
33311345
33316355
33324359
33326892
33328341
33331413
33338888
33347016
33351149
33353168
33362675
33372069
33375740
33376609
33376816
33381003
33381333
33387536
33394349
33403825
33404133
33406946
33409344
33414648
33421163
33425124
33433214
33435761
33444666
33445247
33454201
33462591
33467626
33475544
33485149
33486884
33490220
33490225
33490961
33500616
33501976
33505546
33514504
33515561
33520007
33522044
33528712
33536851
33537547
33540988
33543722
33550120
33550462
33554073
33562625
33562677
33565774
33568232
33572321
33574197
33575874
33581371
33587501
33589620
33593368
33600346
33606658
33609072
33618233
33628231
33628668
33634289
33637368
33644417
33651331
33660902
33665396
33665727
33667714
33673225
33679153
33686822
33692907
33700405
33703102
33703782
33709103
33715954
33724942
33727384
33737072
33739513
33744138
33751118
33752784
33762548
33763313
33764333
33766412
33776386
33777390
33782270
33788849
33793215
33800123
33802416
33802989
33805753
33808724
33814726
33815281
33817031
33825113
33832507
33837841
33843775
33848662
33855476
33860731
33861316
33871274
33872449
33877700
33887412
33890615
33897370
33902992
33909318
33914836
33915645
33924340
33925187
33928773
33930601
33937904
33938212
33938399
33947985
33954142
33961048
33970748
33972172
33973846
33978421
33986407
33993744
33994051
34002771
34004484
34006608
34009039
34017109
34019812
34027305
34029923
34032164
34041340
34048125
34053004
34055261
34058103
34061533
34069378
34075582
34084325
34090407
34090461
34099638
34103738
34109297
34117682
34125201
34131516
34140384
34148190
34157908
34165948
34170994
34172652
34175295
34181235
34191003
34200772
34202901
34208718
34214555
34222914
34229810
34231171
34232240
34241534
34249867
34254269
34256752
34258218
34265392
34268959
34275124
34275715
34285112
34288776
34294465
34298523
34303915
34309542
34313923
34323700
34330657
34336693
34343596
34346342
34351139
34360573
34361465
34366320
34366718
34370108
34375872
34380714
34387660
34392628
34400090
34404698
34413192
34421272
34427637
34432830
34436663
34444416
34445252
34452393
34461623
34466401
34472657
34473903
34478798
34487541
34491921
34498282
34500397
34507020
34514991
34515138
34519310
34523761
34532083
34538857
34547116
34548247
34549593
34558067
34564207
34564642
34564817
34567865
34576988
34578700
34587386
34593002
34597626
34599584
34606995
34614589
34624369
34626606
34630595
34636458
34643904
34650169
34659706
34660107
34664417
34672660
34674077
34678650
34686568
34690624
34690668
34697968
34699173
34706713
34708578
34708817
34709862
34712161
34714390
34720411
34729849
34733114
34742261
34750596
34758329
34762310
34769753
34770246
34777421
34781551
34787566
34794495
34797652
34798070
34805585
34814460
34819223
34827314
34830092
34832704
34841455
34847664
34856635
34860884
34862813
34866540
34867429
34877239
34883503
34889174
34898227
34904787
34905578
34909276
34910752
34915607
34925117
34932348
34935481
34940410
34941846
34949592
34953723
34954618
34963686
34967080
34970153
34973760
34978126
34981436
34984034
34989280
34997223
35005369
35010612
35015700
35024734
35033613
35041632
35042278
35048727
35049955
35051637
35054955
35055838
35061687
35069418
35070309
35075781
35084997
35086246
35087786
35095437
35097273
35104302
35104695
35109791
35112903
35121979
35123625
35133313
35138314
35140223
35140859
35148326
35149399
35149550
35156151
35161768
35169307
35178873
35182316
35190299
35196614
35206340
35212721
35222145
35231586
35237445
35242260
35249129
35253644
35257394
35261784
35269366
35275658
35280253
35289153
35291305
35294670
35296633
35297867
35298062
35301792
35304023
35307186
35310247
35318003
35320469
35329553
35329759
35335707
35342175
35350544
35358971
35362984
35372971
35382523
35389235
35395494
35399516
35400972
35407602
35407735
35410928
35419005
35419980
35425609
35426369
35434948
35442157
35444010
35453887
35463746
35464236
35469223
35478194
35478546
35482604
35483321
35492393
35497954
35498747
35499748
35506124
35509468
35511563
35518073
35523386
35529388
35534522
35541352
35549593
35557177
35561804
35567100
35575240
35582300
35591109
35594084
35602652
35605891
35611477
35612812
35614464
35617136
35625279
35627732
35635196
35641446
35646176
35652217
35660585
35667483
35667695
35676352
35678305
35687009
35689768
35699576
35703348
35706628
35707652
35715009
35719370
35725215
35727332
35731204
35740394
35747778
35750344
35759648
35760265
35763384
35766638
35770385
35771727
35777438
35779713
35788417
35790076
35792006
35795597
35802436
35809984
35812495
35819359
35824846
35828191
35836062
35842121
35850676
35854368
35858657
35861961
35863543
35872820
35881881
35888258
35896106
35899113
35903761
35906956
35909695
35914988
35923620
35931355
35934030
35941718
35950780
35957322
35965112
35969554
35978624
35978832
35988443
35995429
35996978
35999904
36003695
36011027
36016045
36021722
36026464
36035638
36040193
36040307
36040398
36047979
36056954
36058662
36065249
36065719
36069131
36070128
36072352
36079167
36084853
36085942
36093042
36102528
36110751
36114567
36124089
36132620
36141587
36148963
36152282
36154153
36159800
36163015
36171273
36177311
36186264
36190790
36192340
36193915
36195002
36202357
36205449
36213541
36221931
36223464
36230657
36235300
36239338
36240001
36244882
36249140
36253246
36253825
36256599
36262161
36272141
36277388
36283747
36289685
36295678
36305448
36314806
36320606
36327809
36336797
36337486
36341601
36345329
36351337
36351867
36358004
36360466
36360590
36361419
36369876
36376853
36385841
36386473
36395812
36403233
36405806
36408868
36416128
36425374
36425899
36426646
36428083
36433217
36433540
36439104
36445979
36446169
36455401
36455485
36461951
36468188
36473654
36479073
36483289
36490424
36494518
36497985
36503738
36513497
36523436
36526724
36528757
36532254
36540873
36546812
36555666
36557329
36560698
36569672
36572445
36580411
36581810
36582741
36586701
36590155
36593668
36599996
36602173
36606123
36614589
36615452
36621716
36627935
36632264
36632483
36640622
36645132
36646124
36646376
36653303
36661598
36670868
36679533
36687101
36687438
36688449
36696051
36705786
36711160
36712555
36720661
36723774
36725874
36732769
36742202
36746613
36752043
36756379
36764646
36774578
36781607
36789895
36791459
36794689
36803899
36807494
36811602
36820060
36825541
36830299
36831220
36840411
36843763
36848298
36852650
36856974
36866756
36871509
36877827
36885928
36887209
36890873
36895133
36900205
36905374
36914520
36919045
36927346
36932418
36933786
36933924
36942613
36943967
36948090
36956663
36964511
36972741
36977130
36986972
36995283
37004212
37010033
37014865
37024271
37026660
37035167
37038460
37040284
37043470
37050062
37053262
37062279
37069536
37077517
37087057
37095331
37100359
37103359
37110951
37115033
37118817
37123067
37127581
37137056
37138781
37142966
37149977
37155826
37164774
37168527
37178395
37181051
37183624
37189268
37195955
37205190
37213963
37219017
37225932
37227364
37227673
37230121
37236783
37242972
37248880
37251646
37257616
37259665
37262390
37269968
37275122
37280123
37282466
37289622
37297872
37299319
37306852
37315372
37322412
37328327
37331612
37333768
37342861
37345711
37347997
37351126
37360938
37363416
37369296
37376173
37384861
37389089
37392561
37393740
37394439
37403477
37406699
37414092
37421587
37426489
37432311
37441720
37445902
37450774
37453811
37459808
37461726
37470503
37475142
37475358
37478869
37485915
37494770
37498079
37505807
37507932
37510321
37519570
37521829
37523802
37524764
37534292
37543817
37551792
37558029
37560167
37560651
37562797
37564533
37565910
37572604
37579040
37588002
37589526
37598010
37604718
37608436
37615048
37617648
37625152
37629464
37631370
37634207
37636141
37636462
37644362
37653520
37663508
37667910
37676067
37685176
37693813
37702482
37703080
37703752
37713120
37714135
37719053
37722242
37723869
37732244
37737355
37746340
37749383
37755175
37760678
37770479
37772370
37780734
37784675
37786630
37793916
37796143
37802490
37807175
37811920
37819848
37820696
37829680
37837939
37846383
37850892
37852418
37857195
37863079
37866503
37869934
37872135
37878398
37884500
37892844
37898383
37905340
37907033
37914004
37919923
37925876
37929912
37933304
37938774
37941143
37950737
37957270
37962234
37970939
37975011
37978948
37980127
37989808
37989895
37990974
37991829
37997398
38003691
38010909
38019826
38026486
38034317
38034529
38038313
38048120
38048961
38052330
38053411
38061395
38062205
38069047
38071992
38073533
38074150
38081478
38082480
38084104
38091800
38097963
38099859
38100444
38102101
38109604
38119493
38119745
38126680
38127515
38133676
38140786
38144011
38148807
38157645
38159423
38162424
38168083
38169674
38177779
38180021
38185679
38194347
38194507
38202828
38204380
38212428
38218276
38218573
38226961
38229702
38235928
38244097
38249134
38258716
38262507
38266303
38268759
38273036
38279869
38287366
38289127
38291714
38293737
38294662
38302367
38305865
38309803
38316912
38325245
38330421
38335972
38341315
38344123
38349076
38349459
38356564
38361217
38368228
38370351
38370734
38375037
38376918
38386531
38388195
38392249
38398346
38399396
38400720
38408562
38414179
38415123
38424350
38426848
38427920
38432046
38433332
38437706
38441735
38444271
38445963
38447475
38452156
38461886
38465451
38467107
38467327
38473983
38475309
38476254
38477096
38479320
38486270
38494709
38500806
38510068
38514677
38515890
38524106
38526162
38534708
38543709
38553106
38556700
38565851
38571392
38581264
38588687
38590809
38590816
38596078
38604714
38605081
38612419
38615892
38617119
38623092
38632617
38636270
38645746
38652998
38661635
38663808
38665025
38671146
38674411
38679295
38688045
38693964
38694687
38695041
38701428
38707090
38707532
38717110
38725291
38726663
38735255
38738980
38745414
38746695
38749095
38754917
38760384
38762272
38767538
38774503
38777647
38778979
38780148
38783635
38788369
38798110
38804955
38806131
38810000
38817898
38821477
38822242
38824178
38825346
38826562
38832070
38840781
38843862
38848399
38856838
38863825
38866112
38869397
38870297
38874747
38876203
38881187
38885666
38892072
38895534
38903300
38909678
38919590
38920286
38929997
38936715
38945193
38947182
38955064
38963564
38965578
38970296
38970863
38970986
38971063
38980171
38985883
38993315
38995591
39001903
39010975
39014105
39020805
39027784
39035264
39045028
39046837
39055564
39065273
39070968
39078398
39086670
39095221
39099421
39107398
39114040
39117076
39124547
39131052
39132582
39132942
39134693
39144319
39150372
39151643
39152710
39153892
39155125
39155863
39159066
39165556
39169655
39176538
39182084
39185735
39185927
39194633
39201357
39209269
39218953
39224261
39226965
39234359
39237915
39245279
39246989
39250211
39254990
39264365
39269626
39270933
39276156
39280477
39282966
39283621
39288039
39293889
39297017
39303974
39305752
39312338
39316629
39318265
39319602
39321760
39321954
39322767
39327238
39327551
39333258
39343195
39345416
39352197
39360567
39364168
39371568
39378551
39382974
39388456
39396166
39401889
39410374
39411154
39416852
39422277
39423583
39426553
39435582
39442708
39444561
39452408
39456023
39462268
39465579
39472871
39473913
39481603
39487599
39497386
39505882
39511590
39514462
39522367
39531798
39539492
39545542
39549966
39554556
39561052
39567119
39567557
39577220
39585903
39594125
39600524
39607810
39613633
39618792
39624693
39625551
39633586
39641237
39650354
39653347
39662920
39663565
39673132
39673916
39678738
39680273
39688825
39698416
39702005
39706085
39706909
39716744
39719225
39724208
39732650
39736605
39741350
39748679
39758015
39758925
39761287
39770565
39772988
39775050
39781249
39782683
39792307
39792478
39798441
39803667
39810898
39811195
39817842
39824066
39825771
39833448
39838831
39840424
39849399
39853682
39858346
39861537
39861682
39862170
39866739
39870792
39879066
39887854
39895967
39904565
39907321
39913555
39922019
39931281
39937628
39942652
39951713
39961534
39964267
39971750
39977372
39985493
39995377
39997839
40002904
40010318
40011861
40019455
40025419
40026030
40031319
40034638
40040626
40046582
40050614
40060114
40067567
40073146
40080473
40087755
40094852
40098425
40098879
40107518
40117469
40119096
40122946
40129155
40130833
40140578
40149417
40151253
40155225
40163351
40166119
40171319
40180630
40188974
40193189
40197246
40198112
40203606
40207071
40214156
40221236
40229668
40233458
40236243
40245577
40248314
40256374
40257333
40260985
40264837
40266471
40275095
40278355
40284302
40286275
40290937
40294416
40299534
40301104
40301236
40304482
40307598
40317183
40318676
40319224
40323074
40324354
40331514
40340491
40343089
40350036
40355390
40363869
40367318
40369110
40377906
40382963
40383838
40386037
40388853
40391213
40400975
40410422
40417108
40418087
40421153
40429633
40436304
40445257
40445378
40449742
40450148
40457025
40463691
40466325
40474430
40481167
40484863
40486967
40490437
40491512
40497492
40501663
40506150
40510923
40517352
40526784
40530927
40532877
40538818
40547748
40548962
40558059
40558105
40560536
40569006
40576279
40585933
40594525
40602827
40612388
40620314
40625210
40632507
40642385
40648506
40651080
40651768
40653125
40660222
40664443
40665445
40668075
40673102
40674016
40682422
40691941
40698530
40703515
40706316
40708464
40708982
40713457
40716187
40724879
40728233
40732231
40733373
40739165
40744566
40749253
40751458
40754213
40755507
40763185
40767867
40772436
40782227
40785650
40793490
40797789
40804396
40806122
40814215
40820681
40826910
40834909
40841401
40850986
40851503
40856242
40857089
40860488
40865721
40869449
40871010
40874912
40878200
40881298
40883331
40886514
40895867
40896007
40902518
40912281
40916287
40918517
40927114
40927944
40932832
40934459
40940841
40947390
40951430
40953783
40960161
40961943
40969541
40975642
40975805
40981563
40987411
40994671
41000285
41004148
41008340
41014648
41017738
41023975
41027484
41028880
41037493
41044133
41051930
41058526
41060916
41061879
41067635
41076341
41081285
41086458
41092505
41100850
41100886
41101211
41106296
41110886
41113010
41117715
41120215
41127589
41132704
41142439
41147362
41156406
41163294
41171504
41179549
41187462
41195849
41199675
41201678
41208709
41212333
41214004
41219427
41225743
41233752
41238181
41244119
41251539
41260378
41268470
41270109
41272819
41273456
41278501
41285500
41291748
41300081
41301855
41308059
41315674
41325238
41328625
41334139
41339412
41348954
41350249
41355052
41358046
41366112
41368984
41372712
41382674
41389751
41396417
41406412
41406488
41416372
41419053
41419508
41419825
41428070
41435505
41440710
41447609
41451947
41455379
41464314
41472169
41475684
41479010
41483136
41485693
41485819
41492345
41494373
41502294
41511309
41515910
41516018
41518814
41522538
41531487
41533943
41536683
41539837
41547442
41557389
41566201
41574220
41577553
41583691
41588158
41597668
41597921
41604620
41607596
41615889
41616515
41622199
41627300
41635816
41637616
41643665
41644964
41645325
41654899
41661919
41663100
41665916
41670176
41677831
41685037
41688885
41693945
41702023
41711297
41711581
41719937
41726832
41732407
41741736
41743063
41749258
41751617
41755184
41758393
41765518
41771516
41772879
41776924
41780193
41783557
41790409
41791165
41794338
41797285
41801751
41811701
41820506
41827118
41836650
41838383
41838682
41843047
41847209
41850451
41854549
41861408
41862515
41869184
41874515
41881594
41882569
41888857
41892264
41901051
41907740
41915817
41924785
41927534
41930328
41933133
41941994
41943603
41944997
41947347
41955925
41965747
41971006
41976300
41979735
41983857
41989639
41997354
41997604
42003009
42008436
42016396
42021852
42022988
42023975
42032635
42037659
42045163
42052762
42056549
42060080
42063104
42064016
42069814
42069970
42072960
42077856
42086680
42091368
42093674
42098466
42107321
42112501
42121551
42127649
42130632
42139249
42146217
42148024
42154111
42154928
42156399
42158148
42161253
42166488
42173498
42176431
42178081
42179776
42183432
42187404
42197162
42204895
42205856
42213582
42222853
42226923
42232637
42238823
42244008
42252676
42255474
42258965
42263681
42273563
42278840
42280563
42284467
42289697
42298904
42299066
42308272
42311279
42313792
42323043
42329758
42338350
42344886
42345730
42352588
42359955
42365211
42368330
42370838
42375958
42379126
42382646
42386122
42392362
42400792
42401331
42405922
42406905
42413427
42422573
42425936
42429792
42436208
42438302
42440368
42448678
42453761
42461123
42469217
42475067
42476686
42482411
42489948
42493189
42502658
42506374
42509696
42516967
42524509
42525529
42533452
42538429
42542422
42550814
42559138
42564481
42567477
42576099
42580836
42588932
42596766
42597601
42607289
42611828
42621773
42630252
42634039
42639938
42640294
42646691
42646982
42647705
42657389
42660016
42667722
42673799
42677668
42681695
42690938
42699511
42704294
42711727
42713973
42717501
42723040
42725040
42730072
42735713
42740657
42749764
42759027
42761069
42764148
42766982
42768941
42774821
42776099
42776840
42782526
42791323
42793106
42799352
42801845
42809421
42818393
42821676
42829351
42835980
42842149
42847288
42853279
42863093
42866650
42874498
42879917
42883822
42888134
42895307
42896589
42898988
42899730
42899800
42903239
42909216
42918989
42924478
42925035
42925139
42933447
42935001
42943381
42950750
42952080
42959799
42962675
42969543
42975934
42979539
42984558
42994194
43002675
43010209
43018952
43018999
43024506
43029152
43031430
43032585
43042360
43043808
43052289
43058204
43063415
43072628
43077767
43085138
43092618
43100634
43105356
43107598
43113980
43118064
43126655
43130323
43135169
43143186
43145863
43152258
43155502
43163777
43166047
43166440
43176391
43185134
43187200
43187846
43193815
43198418
43202791
43205287
43210019
43213314
43217766
43225903
43229064
43235908
43239543
43240315
43247149
43255949
43258578
43259719
43268782
43277262
43282821
43290435
43298710
43304092
43309869
43311948
43316382
43322210
43329952
43330219
43333151
43342519
43345893
43348963
43352310
43352529
43360082
43369300
43374028
43378570
43382782
43383770
43389441
43392196
43392823
43394916
43400089
43409070
43412936
43413539
43421036
43425085
43433003
43438166
43444541
43451921
43461317
43470187
43471813
43475028
43481332
43487920
43489524
43492602
43494582
43494614
43497508
43505496
43507996
43516923
43523691
43528282
43532952
43540681
43541495
43551459
43559548
43564700
43567405
43569336
43574276
43579312
43583671
43584133
43586365
43593067
43593634
43603083
43606357
43613679
43617157
43617482
43621212
43630609
43639058
43646882
43655364
43662366
43665350
43673279
43675347
43679496
43680711
43686972
43690872
43691988
43694500
43700029
43705782
43714012
43718087
43720514
43722643
43731685
43738037
43743402
43751227
43759718
43761730
43764293
43771645
43777510
43783735
43787765
43790402
43799055
43807768
43813795
43815687
43818425
43825552
43830290
43836919
43840122
43849682
43855598
43859898
43868621
43878522
43881404
43883588
43889994
43897743
43898591
43900724
43903154
43904689
43913312
43922641
43927404
43932496
43934744
43936308
43940929
43949308
43958236
43964918
43973457
43976706
43980468
43981907
43989851
43998950
43999067
44001484
44005279
44010432
44015907
44021925
44025429
44028467
44030690
44035696
44041768
44050014
44053561
44062296
44070337
44071723
44077696
44086263
44088327
44096721
44101181
44109311
44113086
44116630
44123536
44130336
44134207
44134758
44134887
44139326
44144212
44147364
44147835
44156710
44163456
44172416
44179804
44183352
44186265
44194998
44203873
44210427
44215503
44216529
44224301
44227452
44235721
44242778
44244643
44246978
44250793
44260008
44267594
44268755
44275489
44278046
44279961
44285758
44290620
44292473
44298466
44302915
44304273
44310619
44314736
44319224
44328531
44334436
44335949
44340624
44349933
44353032
44354601
44359279
44364322
44366388
44368615
44375511
44378358
44385329
44394004
44398511
44400619
44410230
44414449
44414952
44417275
44417620
44427014
44432551
44442141
44442198
44448836
44452762
44456498
44456876
44462945
44465064
44474777
44479671
44485456
44494362
44501883
44506422
44515628
44518927
44520135
44522755
44532411
44532562
44541473
44548493
44552297
44561545
44570169
44578724
44582327
44585078
44592207
44595272
44602920
44609379
44614904
44620623
44624847
44630131
44635707
44644726
44653420
44656332
44661135
44669256
44669728
44678853
44680151
44682430
44688491
44694665
44702855
44703977
44705836
44711353
44718523
44722013
44724705
44726894
44726910
44735623
44735696
44743283
44750767
44757273
44757643
44762626
44771432
44780209
44782861
44789963
44793265
44795577
44802182
44806535
44810542
44812564
44813565
44818255
44824267
44834197
44836846
44839833
44841241
44843658
44848083
44851806
44861256
44867640
44869367
44874001
44882297
44886702
44891145
44896262
44902313
44903495
44908822
44917699
44922080
44922161
44926642
44935765
44941552
44949654
44953755
44963028
44972249
44978016
44978804
44986086
44990890
44992450
44993820
44998839
45001261
45006075
45011219
45012410
45013469
45021663
45026280
45030606
45040033
45047211
45054427
45057594
45061406
45069486
45077551
45084329
45094058
45101930
45104563
45104746
45111295
45114100
45118410
45122855
45127675
45128451
45133850
45141264
45148793
45152511
45160759
45164391
45171555
45181435
45187522
45195119
45195530
45199998
45201667
45205289
45206413
45208158
45212902
45214651
45222464
45230340
45238423
45241562
45248039
45249477
45257907
45259546
45262913
45271643
45271943
45274335
45282080
45290585
45294054
45295344
45297571
45299223
45305041
45306520
45312510
45321601
45323718
45331203
45340429
45341738
45348439
45357860
45364914
45373159
45380715
45390637
45397273
45405985
45411381
45413124
45419425
45428166
45436463
45444544
45452209
45457292
45464300
45471594
45472162
45480765
45485874
45486425
45490260
45497534
45506459
45509663
45518841
45525239
45525984
45530479
45535441
45543446
45549912
45557971
45560412
45568736
45576736
45584550
45584654
45588606
45597718
45599635
45608827
45611773
45618073
45621054
45626907
45633665
45633729
45643608
45650704
45655559
45664538
45672291
45680043
45682118
45689578
45694173
45698266
45708050
45713167
45719073
45728151
45733947
45734489
45742989
45752642
45757457
45760084
45763495
45766828
45769030
45775038
45778565
45782902
45788362
45792278
45801571
45808510
45815253
45819069
45828934
45836261
45841643
45850825
45850826
45853954
45862035
45864157
45867128
45875962
45879375
45881856
45887698
45892789
45900587
45902525
45906646
45913787
45921661
45930033
45934864
45938883
45943829
45952946
45955848
45964527
45969604
45971682
45976518
45983523
45989511
45998834
45999989
46004899
46013860
46023666
46026632
46036437
46045415
46045991
46051170
46057846
46060976
46067911
46075336
46080630
46086819
46095523
46096693
46104322
46114124
46115999
46121794
46131116
46133285
46141227
46146430
46155286
46156128
46163678
46173643
46174262
46174996
46183328
46191208
46196444
46201427
46202832
46212138
46213474
46215276
46217509
46219015
46221800
46223783
46233013
46239829
46244086
46245877
46250125
46259903
46264722
46269523
46275968
46280900
46281314
46288601
46297160
46306274
46312220
46315162
46317590
46327574
46334341
46342132
46351698
46359774
46360822
46369121
46373709
46381529
46388687
46394687
46395993
46399617
46408468
46411528
46413296
46416778
46424429
46432075
46436235
46436416
46441664
46445709
46447456
46453936
46460060
46467347
46473230
46479083
46485932
46492246
46493184
46495384
46501633
46505020
46506505
46511348
46517055
46524205
46526936
46536481
46539376
46539837
46542586
46544535
46553225
46554190
46554726
46556424
46564389
46566165
46575912
46576539
46579991
46587390
46593235
46602618
46603093
46610523
46616116
46624323
46629185
46629349
46629657
46633927
46639480
46648957
46658144
46664606
46666137
46667194
46674314
46674737
46679859
46680366
46688268
46693037
46698996
46707981
46714842
46716347
46723086
46727938
46732823
46742773
46745931
46755015
46757591
46764233
46767999
46776771
46782470
46787687
46794780
46796423
46796864
46805817
46807615
46812518
46822508
46832363
46833715
46839405
46849095
46858654
46862782
46866368
46876029
46881145
46888990
46895606
46901293
46906825
46907688
46914720
46917573
46924223
46929931
46939907
46942244
46951624
46952486
46953471
46959484
46966327
46967978
46976154
46979338
46986610
46991430
47000286
47006600
47014836
47016944
47021407
47024542
47030109
47031184
47039852
47049181
47058426
47063130
47066109
47072162
47073496
47076890
47078869
47082610
47088975
47092993
47101452
47108810
47117757
47124778
47131789
47136562
47143875
47149528
47154506
47163246
47172222
47179162
47185964
47192217
47192254
47193688
47198239
47201663
47202670
47204462
47212735
47217250
47223667
47226349
47229345
47231813
47240886
47241173
47246472
47255919
47258356
47264716
47266899
47266944
47267938
47274025
47283670
47286064
47294487
47299718
47303356
47307864
47310386
47313079
47317542
47325259
47333069
47342399
47345292
47351751
47353091
47357700
47361508
47364247
47365342
47369034
47379026
47383429
47385575
47390788
47398878
47402848
47406630
47410923
47416081
47420848
47425095
47431760
47432203
47437108
47442311
47451651
47459531
47465344
47470385
47475134
47484074
47486677
47488541
47496012
47505177
47507603
47517369
47525660
47535019
47542453
47552359
47561113
47569658
47573992
47576679
47582496
47588493
47591406
47595131
47595705
47600920
47605882
47605974
47615642
47616094
47618518
47624748
47625241
47629288
47632365
47637062
47643549
47645882
47654739
47657291
47665177
47670554
47675035
47676824
47685442
47693475
47696260
47703941
47706667
47707610
47711372
47712877
47715549
47716617
47723429
47728040
47736263
47736940
47745218
47745449
47748187
47751676
47758140
47764528
47771465
47779166
47779504
47784385
47784486
47789299
47798759
47804839
47806773
47814925
47816297
47819323
47826203
47836173
47842396
47846955
47847891
47856027
47863423
47873000
47874531
47882722
47887435
47894511
47900172
47908684
47909455
47910141
47911129
47918958
47927274
47931306
47937983
47941620
47948343
47956657
47960769
47963145
47964569
47965665
47970700
47978489
47983078
47992226
47995366
47996378
47997876
47999287
47999517
48002336
48009954
48016980
48023874
48025946
48026392
48027953
48035595
48041265
48042073
48049327
48054836
48059788
48063938
48069016
48069509
48076449
48084354
48092676
48101570
48109976
48112240
48116709
48124615
48126071
48132674
48135481
48145383
48154186
48161048
48167496
48169353
48170869
48180196
48187111
48194262
48199889
48201272
48207161
48207273
48208007
48211872
48219188
48227921
48236489
48240998
48250177
48253843
48263274
48264997
48265847
48274806
48283069
48287518
48289297
48295430
48300270
48307761
48317558
48318716
48325528
48330949
48334995
48342481
48347617
48349407
48350200
48354427
48362948
48365215
48373375
48375340
48380826
48390567
48393170
48395102
48402843
48407375
48415038
48421447
48423931
48431832
48433938
48442489
48445578
48448567
48457499
48461127
48470561
48471784
48474601
48475402
48476389
48477972
48479586
48484958
48492297
48492928
48497378
48500883
48510754
48517399
48523519
48527925
48528940
48538912
48546274
48554868
48561163
48569227
48576198
48585535
48594036
48595782
48599871
48607294
48617216
48620193
48623631
48629101
48631378
48632717
48641658
48651640
48658280
48662987
48672534
48675093
48677582
48683808
48687147
48692785
48694406
48696423
48699614
48705568
48713064
48719590
48724345
48733219
48737386
48743951
48745995
48752111
48753382
48753869
48759515
48761031
48770479
48778088
48786606
48793378
48800014
48800111
48806606
48813900
48816396
48820703
48829496
48839387
48843355
48846013
48851248
48860935
48867788
48876015
48881309
48891244
48896508
48902079
48910748
48915252
48915941
48917356
48923292
48933209
48939231
48944463
48951444
48955986
48962855
48963149
48964960
48967483
48975337
48976493
48982068
48988189
48996059
49002319
49004395
49006588
49012929
49018561
49024802
49025863
49033397
49038931
49041055
49041322
49047004
49053965
49055685
49061302
49067950
49073424
49077565
49086915
49093459
49103206
49106166
49108335
49116289
49120196
49123744
49131465
49139418
49146835
49155373
49165274
49167749
49171244
49175743
49185245
49191829
49197449
49206921
49215943
49225727
49231184
49234664
49241455
49247636
49249734
49249807
49250324
49259544
49268088
49269699
49271797
49279525
49287086
49296165
49303204
49309238
49315646
49325271
49331988
49334002
49334694
49335827
49338122
49340986
49341733
49347889
49354699
49364634
49374134
49381298
49387887
49396061
49398881
49399734
49407503
49415653
49424026
49426947
49428585
49432277
49432729
49433262
49438798
49439230
49446108
49446537
49451432
49458629
49464419
49467537
49474770
49483545
49483733
49486979
49496226
49503451
49510081
49517971
49518005
49518872
49519924
49524237
49526172
49533959
49541058
49541233
49549403
49551666
49552373
49560695
49567529
49572381
49574142
49574373
49575041
49583770
49589060
49592116
49596110
49596259
49604748
49606392
49614383
49622533
49624576
49633543
49641100
49648397
49650833
49656104
49661001
49665055
49673424
49681919
49683122
49685727
49692006
49699216
49701672
49707739
49714720
49722740
49731255
49731605
49738278
49745684
49747608
49750671
49750778
49755771
49755916
49761532
49766273
49768468
49777262
49782457
49786772
49787389
49789498
49796324
49806116
49807039
49807265
49812846
49819006
49821900
49823019
49831900
49834464
49837564
49839795
49842406
49846720
49856048
49860206
49869396
49869971
49878691
49886504
49895391
49904094
49904119
49905701
49906997
49907252
49909190
49914248
49915560
49924709
49932762
49938784
49941429
49945638
49949791
49954161
49958222
49958836
49963552
49970330
49972656
49982078
49984029
49986842
49987315
49991497
49993833
49994575
50001589
50007710
50009010
50009058
50009257
50018045
50024248
50024364
50026641
50035454
50037459
50040310
50045368
50050836
50060555
50064080
50073482
50080089
50081255
50088645
50095312
50104289
50108172
50116527
50120897
50123654
50132793
50133707
50137510
50138771
50139276
50143960
50146713
50147100
50154514
50161403
50167968
50175573
50181493
50181638
50190679
50194362
50200435
50210314
50212503
50221142
50225353
50233390
50239335
50240643
50247777
50255784
50260793
50264583
50274189
50274519
50283007
50285643
50291282
50295778
50301337
50307356
50311714
50314747
50323677
50327191
50330733
50331316
50338911
50344203
50348169
50352738
50353678
50359374
50362776
50372111
50372253
50375063
50375350
50375499
50380410
50382439
50389850
50396634
50402511
50402765
50408660
50412350
50415280
50416171
50417540
50419401
50429363
50437236
50438204
50446816
50454305
50462397
50471830
50473082
50478866
50480127
50489892
50491264
50496428
50501795
50506731
50514293
50523294
50529600
50533202
50542206
50545896
50555769
50557872
50559371
50561086
50562536
50564350
50567965
50573440
50576980
50578922
50582158
50590719
50598812
50599093
50602642
50607107
50615937
50621936
50622251
50629724
50634407
50640242
50646367
50652666
50659112
50663211
50667299
50668352
50673821
50681407
50684813
50692676
50701168
50710164
50714530
50716425
50726340
50730642
50735655
50742099
50743063
50749333
50759230
50765721
50766603
50770883
50773872
50775348
50782987
50791701
50795969
50796928
50800329
50807881
50813274
50818697
50824231
50828540
50837148
50846289
50854632
50855237
50861043
50865266
50872156
50875888
50884227
50892926
50898633
50908353
50910245
50910615
50918856
50928034
50931382
50940751
50943756
50947641
50956631
50964203
50966704
50975079
50979980
50988567
50994063
50999657
50999758
51002102
51011136
51016392
51024018
51025302
51026474
51034225
51041716
51044702
51052318
51053844
51055728
51060657
51062932
51068170
51076547
51082744
51083977
51093193
51095844
51098736
51099961
51104890
51111494
51115385
51115993
51116532
51118985
51121716
51122875
51127357
51133788
51134050
51135482
51142966
51144532
51149538
51156476
51157990
51161314
51162001
51162914
51172280
51175610
51179575
51188583
51191113
51192335
51192539
51197487
51199623
51202115
51205071
51212585
51213792
51223600
51226692
51229590
51232926
51236969
51246495
51254661
51263230
51270722
51271635
51280449
51284520
51291496
51295219
51304463
51308507
51317128
51323923
51324862
51329159
51330123
51336299
51346091
51349465
51359208
51362688
51364839
51365537
51373314
51383312
51388963
51395264
51403625
51406408
51407190
51413190
51419934
51429656
51431295
51433572
51440207
51445777
51452218
51455276
51458632
51464720
51473499
51477216
51477903
51484249
51487319
51493526
51502998
51507779
51513873
51517329
51524994
51534715
51539103
51542801
51551097
51552455
51552511
51556598
51566548
51574495
51581281
51586611
51587352
51590310
51598458
51602990
51608305
51615613
51620920
51629282
51632553
51639948
51648987
51651127
51659899
51661574
51662844
51664746
51665561
51670135
51679391
51688234
51692622
51699687
51707510
51716746
51721747
51730112
51731940
51732838
51737396
51745587
51751806
51752885
51762168
51767649
51772814
51773937
51780246
51786001
51791153
51794895
51801100
51803713
51806694
51811443
51812913
51821655
51825353
51831074
51831721
51839490
51841273
51846864
51856117
51861633
51864428
51864675
51866445
51868612
51875855
51876344
51879970
51881289
51884259
51894156
51895436
51900169
51907925
51917816
51922024
51930253
51932034
51941104
51944842
51951252
51957786
51958068
51959822
51967498
51969951
51974111
51976714
51981053
51987997
51995261
52000805
52001141
52001506
52004884
52005535
52011038
52013670
52017760
52027456
52032814
52040226
52040374
52049741
52051101
52059090
52065317
52067195
52070042
52078168
52082162
52086349
52093660
52095242
52103371
52104912
52110192
52118422
52126511
52131116
52135036
52140366
52142398
52147257
52151532
52155807
52164108
52173429
52181450
52187018
52190642
52198350
52205409
52211599
52214905
52223783
52230165
52235240
52237358
52240848
52246681
52251026
52258023
52262857
52264601
52274517
52278160
52278735
52284411
52285640
52289250
52292223
52292468
52294337
52304057
52313034
52317749
52322907
52323546
52333513
52342498
52349133
52352426
52359606
52368541
52370902
52377511
52377668
52383389
52393365
52396418
52397600
52398345
52399133
52406874
52414959
52422716
52423594
52425397
52430584
52434114
52440469
52449763
52452216
52461372
52462319
52471588
52477208
52480230
52489037
52494868
52502923
52508470
52509902
52518674
52528361
52535288
52542483
52551830
52558604
52561910
52565281
52565953
52573661
52573844
52578199
52582066
52582918
52592136
52597553
52606048
52606690
52616502
52617017
52619019
52624673
52630433
52634192
52635729
52636149
52645203
52654892
52664831
52671771
52676461
52679592
52687951
52694714
52695236
52701712
52706804
52716173
52718406
52727570
52734847
52742579
52752439
52753429
52754823
52756890
52766697
52770445
52777276
52781384
52784194
52784500
52789069
52791164
52799743
52805314
52812292
52813498
52816170
52817979
52826713
52832899
52839445
52843785
52850287
52857939
52860077
52869737
52877164
52878988
52880659
52881927
52881998
52883644
52888911
52897313
52907112
52916874
52926770
52929766
52937350
52947143
52949386
52950541
52958861
52959480
52960491
52968407
52972989
52973306
52979930
52984040
52991920
53001635
53003061
53005504
53008067
53015604
53021865
53025301
53026434
53030056
53035803
53041126
53050793
53052656
53053859
53059823
53063310
53064901
53073996
53075722
53078371
53087316
53094316
53103989
53113113
53117503
53120014
53120020
53126223
53134205
53135976
53139323
53143689
53151127
53154477
53162764
53166495
53174695
53181356
53183154
53183798
53189840
53190742
53191855
53195090
53198805
53200002
53200901
53207578
53209456
53214908
53217270
53225770
53226724
53233043
53237587
53243585
53245894
53246100
53254683
53264120
53268937
53270299
53272266
53275198
53280409
53286158
53292096
53296078
53301887
53303693
53313397
53318288
53322991
53328226
53336404
53340288
53349757
53358129
53361741
53368904
53375734
53376631
53383332
53389477
53394173
53402838
53405092
53405200
53407356
53409223
53413047
53419243
53419474
53421765
53426360
53432462
53441086
53443578
53448378
53449532
53451192
53455280
53461207
53466618
53468658
53476291
53482364
53488448
53498155
53504480
53513417
53514023
53522612
53524699
53528303
53530976
53534771
53544550
53554037
53562008
53572001
53577171
53586269
53590700
53592009
53595369
53603794
53611191
53619356
53619419
53627203
53630377
53634402
53637253
53639763
53641525
53647511
53655314
53655946
53657955
53663955
53667031
53673485
53680925
53683251
53687353
53689801
53691917
53694686
53698138
53699414
53702766
53711838
53716475
53718565
53725586
53725905
53726128
53735499
53743208
53745947
53746399
53746580
53748230
53748555
53750217
53751889
53752855
53755385
53764909
53772437
53777161
53778065
53780782
53788173
53793279
53796373
53800044
53802812
53812537
53814727
53819149
53823934
53831612
53834926
53843936
53851891
53856832
53864165
53869685
53870329
53870509
53875432
53880544
53883826
53887709
53889194
53892470
53895254
53898187
53904430
53912244
53914422
53919566
53924834
53931496
53933740
53943649
53951908
53954182
53955958
53958948
53959270
53966979
53973377
53982355
53983539
53987383
53995326
53995685
53996556
54004246
54006183
54013414
54017969
54019097
54021096
54021328
54021723
54023288
54032273
54034905
54043454
54053145
54057541
54059377
54063137
54069019
54078512
54085630
54095335
54098689
54107783
54115005
54122829
54129097
54138709
54148281
54148829
54156772
54163931
54172116
54181646
54190909
54191292
54194377
54202783
54204411
54209231
54211826
54221565
54226718
54234791
54236566
54245143
54249834
54253682
54255210
54256617
54256621
54260909
54264958
54272842
54279854
54283403
54293050
54297384
54304171
54313512
54313906
54315597
54319297
54329285
54337919
54341186
54351110
54354598
54359757
54360627
54363049
54365939
54375176
54377130
54378665
54379425
54387996
54390301
54395494
54402672
54403978
54404988
54409336
54415246
54417329
54426917
54428233
54434802
54439661
54440542
54444790
54451225
54453259
54456461
54465937
54468512
54476769
54483985
54487444
54490767
54493241
54500140
54504914
54512705
54513378
54517810
54523636
54531475
54533492
54536499
54541708
54544933
54552406
54554131
54555060
54558929
54567121
54574844
54576810
54577187
54586895
54590752
54592488
54597113
54602586
54604914
54608890
54617573
54617890
54624660
54627512
54630661
54630774
54638718
54647296
54648736
54654838
54656851
54663817
54668525
54678085
54685074
54694242
54694792
54697646
54706517
54707095
54716442
54725646
54730529
54731319
54734110
54740986
54746940
54754423
54754696
54756876
54764752
54769335
54776967
54785949
54793837
54794656
54794897
54795523
54795955
54798344
54803891
54812669
54819897
54829524
54831864
54839695
54840513
54850002
54851312
54852732
54859361
54866642
54872270
54877521
54878445
54885077
54894228
54900138
54901296
54906331
54909627
54915522
54919365
54927676
54934069
54938099
54945614
54952922
54961527
54961873
54968028
54972785
54973423
54973773
54981562
54988677
54990948
55000592
55008135
55009940
55017285
55023910
55026511
55031349
55038376
55041677
55048167
55049413
55057912
55064833
55073977
55077371
55085112
55087084
55088620
55098416
55106541
55111021
55120398
55127261
55133558
55136307
55136952
55141666
55149222
55152224
55156660
55163280
55172364
55173497
55181642
55183512
55188784
55195857
55203686
55207280
55209788
55214675
55214990
55219479
55226364
55234872
55236018
55236886
55246488
55251617
55252575
55257803
55264097
55264470
55268091
55274935
55277649
55285553
55286221
55289716
55297538
55303999
55310102
55310492
55317651
55325237
55331085
55336952
55341884
55349839
55357055
55364860
55369381
55371197
55375695
55385378
55394262
55396175
55402483
55410259
55414639
55417604
55420563
55421648
55426782
55432006
55434593
55444004
55446363
55447791
55456510
55458242
55463801
55470296
55472284
55474375
55479687
55481515
55489973
55494913
55499738
55506397
55514396
55520631
55529822
55531414
55540695
55544492
55550659
55555905
55560353
55569517
55571742
55572437
55576175
55578317
55587593
55589265
55595730
55597185
55600832
55601417
55605620
55606802
55610037
55618910
55623334
55633294
55638566
55648152
55648543
55653911
55654131
55654923
55664358
55669512
55670779
55672019
55677619
55687092
55694032
55698656
55704106
55708809
55715675
55716089
55721383
55722783
55725655
55726842
55733475
55736347
55740937
55748764
55757661
55757810
55767277
55770817
55778135
55781614
55786719
55795943
55805746
55813616
55822811
55829715
55838930
55844727
55849917
55853604
55861029
55870048
55877942
55886328
55892004
55900279
55905142
55907763
55910739
55915904
55922807
55930512
55939055
55946200
55953202
55959288
55963523
55968586
55978023
55980741
55982221
55986038
55992989
55996394
56005962
56007792
56013792
56014471
56021119
56026745
56031010
56032700
56036828
56042832
56049164
56052517
56058344
56066123
56066223
56067836
56069975
56071774
56078803
56080270
56083117
56089933
56090977
56091053
56094195
56094946
56096232
56099795
56107077
56116798
56122076
56131637
56140786
56146480
56155556
56162049
56164801
56165467
56172474
56178812
56187590
56190632
56195068
56197584
56197908
56205932
56210929
56214023
56218575
56227008
56228820
56237216
56246293
56252598
56255592
56264809
56269665
56273824
56277044
56284186
56294020
56303436
56308192
56309851
56319617
56322668
56330502
56333396
56340338
56343248
56347320
56350110
56350309
56359991
56362356
56367218
56372960
56375233
56381786
56388388
56391765
56392369
56401888
56407956
56417502
56419823
56427565
56435292
56439217
56448959
56453975
56460869
56463268
56468845
56473495
56477632
56479102
56483335
56490284
56490728
56498443
56507024
56507564
56516640
56519363
56520972
56524365
56525334
56530023
56539664
56547890
56556006
56560545
56565645
56575267
56575421
56579808
56582307
56590294
56597096
56602465
56607598
56612858
56613166
56620060
56623498
56628161
56629406
56635410
56639909
56644777
56650763
56652213
56661116
56670577
56674372
56674773
56683357
56687145
56687448
56695974
56705332
56711842
56713489
56719747
56721465
56727731
56736290
56740233
56746243
56755210
56760734
56769975
56772316
56778985
56787363
56791023
56795080
56797440
56804412
56807857
56816585
56822281
56825092
56827846
56830450
56836527
56843034
56849070
56852211
56859130
56866129
56875336
56877804
56878248
56879417
56886847
56889586
56892011
56901872
56910121
56913757
56915444
56919530
56929390
56938617
56947016
56948989
56954289
56954644
56963523
56969569
56973633
56980566
56983194
56987802
56994307
57001986
57010739
57012493
57016686
57026269
57030750
57032675
57036825
57038467
57046728
57056330
57064356
57067350
57072945
57082895
57085330
57093688
57097888
57102567
57105988
57113876
57115041
57124750
57130458
57135503
57145445
57149290
57151138
57156834
57162658
57167322
57169051
57174010
57183055
57186628
57191385
57195104
57204452
57205656
57215231
57222592
57227878
57231371
57237922
57240454
57243992
57253906
57254846
57257884
57263979
57265971
57269533
57271902
57278141
57287297
57297117
57301796
57308418
57315990
57324286
57324359
57326524
57329169
57333302
57337674
57340417
57344561
57352507
57355646
57361391
57363821
57371608
57374201
57383540
57387496
57387650
57391795
57393591
57400936
57406464
57414119
57418729
57425665
57428503
57431957
57439972
57447912
57449189
57451073
57460340
57464078
57465034
57466844
57470545
57474266
57483588
57485313
57486294
57490388
57496979
57505098
57506980
57511133
57511681
57516393
57521916
57531683
57541283
57548226
57550578
57560036
57564566
57569442
57575362
57576331
57583020
57587696
57593125
57603005
57604849
57606720
57607912
57609853
57618154
57626882
57629927
57637799
57645770
57652176
57658611
57665332
57671805
57674458
57677817
57685961
57692582
57692945
57693322
57701325
57703917
57713617
57717005
57721938
57724197
57732660
57742345
57742424
57750417
57760189
57762722
57771430
57773087
57773676
57774344
57780666
57783780
57784731
57786291
57789366
57792452
57793150
57794371
57800922
57804850
57813172
57819039
57821054
57823750
57829945
57831864
57834353
57835796
57836194
57845341
57846299
57851067
57852566
57854605
57861396
57870552
57876557
57881701
57883843
57893178
57900923
57904570
57909319
57911411
57916482
57918685
57918847
57921844
57929744
57930385
57935252
57941473
57950011
57958073
57964639
57964802
57964809
57971073
57978135
57982932
57990864
57998905
58002139
58007042
58016773
58021493
58025523
58029815
58033397
58039795
58044245
58047599
58054928
58060235
58066581
58066927
58071774
58080306
58088625
58089288
58090555
58096680
58103250
58103787
58113166
58114460
58121863
58126407
58127361
58133034
58135587
58142133
58144292
58151654
58157543
58162171
58168591
58171735
58172045
58175386
58184318
58188789
58191508
58197287
58203827
58204018
58211900
58214612
58217057
58222987
58230344
58231749
58241384
58247048
58252927
58255988
58262848
58265401
58270391
58274895
58280302
58283414
58287034
58289363
58292537
58295998
58300943
58301896
58310132
58318434
58323286
58331015
58339628
58341116
58341704
58348461
58354737
58361505
58366324
58367893
58375561
58377921
58381401
58382886
58389424
58396404
58397945
58398656
58402289
58408395
58411029
58412380
58416091
58420482
58425253
58434844
58436117
58443972
58447616
58448736
58452081
58461644
58464569
58466864
58472512
58479008
58483802
58490283
58499924
58508243
58515531
58518925
58524331
58528824
58529798
58534488
58539463
58544049
58546077
58550881
58560755
58570512
58571365
58575003
58575006
58576452
58583126
58584222
58591085
58597122
58605176
58606478
58615489
58616803
58617404
58625548
58630490
58630531
58637044
58645704
58653170
58656121
58663715
58668933
58675299
58682959
58687127
58695579
58701970
58711171
58716604
58726093
58731584
58734658
58740326
58747263
58748065
58754117
58756029
58765316
58772955
58779183
58783224
58793086
58802043
58808436
58812178
58820426
58827705
58837230
58847119
58851151
58860350
58866813
58867812
58867818
58873931
58883040
58891504
58896832
58898492
58905215
58913477
58917991
58920137
58929457
58931017
58938044
58943067
58949464
58955761
58961074
58962018
58970624
58971710
58972553
58973830
58976347
58977491
58977498
58987400
58987698
58989325
58992339
58992501
58995609
59004262
59011271
59016385
59025352
59025601
59034485
59043953
59049698
59055484
59058179
59059040
59062234
59067160
59072034
59080840
59086866
59087388
59094505
59101311
59103623
59104376
59112738
59120172
59123903
59133253
59138176
59141850
59142261
59146040
59149628
59154985
59161622
59166628
59174504
59180149
59180501
59182702
59187818
59193300
59203197
59206268
59206968
59208657
59213029
59217111
59218917
59226266
59229802
59231012
59235947
59240897
59242798
59252349
59257734
59261312
59263908
59273459
59278743
59282865
59291834
59294895
59300511
59301398
59307623
59308227
59308547
59314061
59315842
59321589
59325160
59332482
59339865
59341820
59346894
59351030
59353713
59359188
59361407
59370607
59377517
59385328
59388651
59393816
59403309
59409022
59418068
59419779
59424481
59428522
59433144
59434176
59435852
59438102
59447161
59449496
59452647
59458676
59461842
59465501
59472479
59482002
59483070
59492332
59501711
59501859
59502826
59508449
59513482
59518827
59522524
59528732
59535815
59542469
59546470
59551685
59554655
59559207
59564660
59568228
59577696
59585526
59589018
59598331
59599274
59605573
59606211
59611694
59612562
59618725
59626117
59631515
59631840
59632043
59637289
59638262
59643784
59646342
59647774
59653489
59655974
59656820
59665807
59666440
59675228
59681915
59688415
59695477
59703640
59707715
59712040
59721921
59727419
59734342
59739866
59747476
59752620
59759413
59768826
59770929
59778263
59779763
59784782
59785300
59794856
59802343
59802622
59811125
59815866
59817038
59817638
59827632
59833407
59834893
59843861
59845167
59848998
59858150
59867462
59876673
59883658
59891461
59892948
59900355
59900544
59906834
59913312
59916894
59923297
59933229
59934472
59936290
59943506
59944417
59947440
59952747
59953366
59959437
59964003
59969601
59970619
59979367
59982784
59988367
59995337
59995401
60001389
60006679
60012475
60019841
60027511
60030773
60032295
60034433
60041600
60044585
60050928
60058003
60062149
60063032
60070764
60074499
60083182
60091229
60100385
60102602
60110454
60115759
60120569
60124163
60131057
60136288
60142134
60147038
60147228
60155935
60158607
60165869
60171594
60177434
60180977
60185751
60192619
60202514
60207880
60216288
60223406
60229536
60233761
60243245
60247107
60253422
60261106
60265426
60274760
60277058
60283732
60287313
60294973
60303397
60307405
60308432
60318240
60322301
60331237
60338719
60347551
60356882
60358932
60359824
60363089
60364089
60366962
60367194
60368666
60370707
60378944
60381671
60385940
60388920
60393991
60398020
60399758
60402373
60408492
60410231
60418301
60424812
60425028
60425099
60425469
60433619
60434280
60436245
60445236
60445618
60453988
60456096
60456747
60460381
60466335
60472916
60480148
60480977
60488617
60493467
60494105
60501263
60504364
60510804
60513288
60522544
60525781
60530563
60539831
60543165
60546871
60556654
60565539
60575189
60581684
60588896
60590360
60590676
60598303
60608048
60612399
60620414
60624640
60632098
60633797
60643303
60649668
60654412
60660948
60666913
60671570
60674338
60674433
60677769
60682902
60684842
60685866
60695679
60696412
60704912
60708794
60714753
60720007
60721845
60730728
60730907
60733727
60738425
60739508
60747967
60757867
60759159
60759896
60760836
60763293
60764664
60771544
60776224
60782275
60785258
60787280
60792284
60795389
60804776
60812996
60816617
60821148
60823214
60827823
60831872
60835311
60840608
60842644
60849404
60852816
60860654
60866741
60870371
60871570
60877656
60881396
60884568
60887018
60890429
60893844
60895570
60903226
60912675
60915316
60923293
60923843
60932766
60942462
60944135
60946734
60955913
60960219
60961405
60962428
60964770
60967509
60970704
60978466
60982855
60985254
60987878
60993195
60997548
60997898
61002141
61006691
61007599
61012927
61020392
61023928
61025342
61030989
61037427
61040032
61047206
61056718
61057304
61059620
61065975
61075068
61081963
61084245
61093605
61097528
61104453
61108621
61113893
61117598
61126239
61132702
61136970
61142125
61151658
61158233
61164800
61174596
61175160
61178024
61181476
61190097
61196537
61203091
61209872
61216960
61223399
61230863
61231264
61238332
61244375
61250261
61259911
61266003
61273057
61282319
61283514
61292095
61301711
61305135
61313699
61320669
61328389
61334826
61342972
61349820
61358797
61367171
61367563
61369736
61375641
61380890
61382861
61389400
61393518
61402095
61406263
61415433
61421070
61422049
61431811
61432315
61436327
61444568
61450623
61453524
61459596
61467125
61475573
61480086
61482669
61492344
61499671
61508280
61514537
61515652
61519420
61525217
61527528
61528057
61534101
61536558
61537894
61544858
61547879
61551696
61555333
61562259
61562907
61566865
61575318
61581375
61589155
61598657
61599241
61604273
61610598
61617948
61623426
61630320
61639331
61640712
61645947
61649891
61658461
61660871
61666073
61675493
61676193
61686017
61690534
61699607
61705415
61713183
61721122
61722746
61730141
61731626
61741276
61745751
61754520
61759020
61765426
61771070
61772064
61777289
61782009
61788964
61790937
61791847
61801235
61803623
61812551
61815445
61816085
61819618
61825064
61831064
61834552
61840679
61845158
61850197
61854192
61860410
61860879
61867699
61876362
61879207
61885057
61886401
61889791
61895605
61901126
61908223
61916824
61919596
61926923
61928361
61933261
61936190
61942552
61946028
61951548
61960591
61970072
61973308
61978477
61985556
61994262
61996216
61998333
62007070
62008062
62014316
62019473
62020801
62021389
62027028
62032333
62040081
62048205
62056037
62060087
62066959
62070931
62080491
62082017
62090612
62091425
62092286
62101241
62109797
62111003
62111890
62119907
62127737
62134444
62137514
62144552
62150195
62151519
62160837
62163356
62169394
62174461
62181424
62188088
62192169
62197857
62207786
62213564
62215684
62219521
62222457
62227787
62229415
62234480
62235354
62244624
62249351
62256141
62260406
62269461
62273726
62283040
62289466
62295217
62299498
62305880
62312881
62315301
62318205
62328132
62335841
62339358
62342293
62345281
62352950
62356775
62356982
62365169
62366756
62368116
62374707
62374876
62379770
62388988
62398010
62404626
62405454
62407007
62407159
62414586
62415508
62424127
62427043
62432209
62439212
62445067
62453350
62461055
62468021
62471153
62476680
62482953
62486254
62495835
62500564
62505408
62508918
62517530
62525199
62528760
62533217
62537631
62538954
62546693
62556186
62561862
62567055
62567810
62577638
62578436
62578803
62588487
62594917
62597571
62603698
62611112
62616526
62626274
62626682
62634166
62641395
62644868
62651012
62653653
62662896
62663752
62667980
62673812
62677982
62686114
62686502
62688968
62696331
62704324
62712353
62721507
62727211
62729066
62729314
62729573
62739530
62747890
62757745
62759097
62765774
62769143
62776269
62780394
62789923
62789986
62797037
62799465
62808077
62818047
62818640
62827588
62829775
62838767
62842352
62850129
62859065
62868722
62870267
62877559
62885243
62889985
62892939
62902156
62911086
62914094
62923786
62928052
62932584
62934898
62938297
62940801
62943781
62953426
62962600
62966359
62967769
62973083
62980091
62984088
62991093
62998746
63001854
63010967
63014204
63015920
63021204
63021792
63030561
63038640
63041724
63047362
63056102
63061124
63069850
63072617
63074312
63078375
63078799
63088762
63096805
63102501
63110225
63118655
63127334
63133186
63133815
63135606
63140872
63144918
63152036
63161725
63169885
63171388
63173142
63182538
63183346
63189376
63191256
63197415
63204090
63208682
63210003
63210111
63217915
63225134
63229514
63231278
63234625
63243501
63246208
63250349
63254083
63257397
63261411
63262813
63270712
63280205
63288348
63294925
63300552
63304208
63311711
63314224
63323167
63323415
63326727
63334189
63338906
63345592
63349282
63351206
63358144
63366292
63367468
63368711
63370277
63377253
63378676
63381267
63388660
63396266
63398712
63405431
63415053
63415996
63421698
63430821
63437848
63440031
63446258
63448855
63454997
63462917
63469122
63479055
63479558
63481856
63481886
63482840
63485112
63492327
63498830
63507274
63509168
63510222
63516566
63520914
63523751
63525967
63533565
63540995
63545097
63550619
63557984
63563649
63569707
63574655
63580258
63584491
63593323
63597076
63599565
63609143
63614091
63616352
63617906
63621166
63623528
63626488
63632938
63642818
63651405
63654784
63659342
63661026
63667675
63674968
63678313
63678539
63682827
63692823
63693403
63701396
63707500
63712661
63720814
63723918
63726035
63726093
63735004
63737876
63740005
63743903
63746727
63752526
63756789
63761984
63763230
63765867
63774193
63782119
63782268
63784863
63785352
63787913
63791333
63793972
63803197
63806788
63811359
63821159
63821320
63830402
63832140
63835488
63845152
63853258
63858011
63859113
63864905
63867303
63872603
63875665
63884012
63887192
63890621
63892957
63898615
63908021
63909945
63916284
63918558
63921964
63926540
63928378
63932770
63935166
63941325
63942654
63949075
63955006
63957494
63958833
63964615
63974449
63975719
63977352
63982645
63991723
63994624
64002341
64005020
64014834
64022271
64032166
64040928
64044599
64050856
64056218
64062889
64069000
64077172
64081872
64087035
64091567
64096967
64103851
64110473
64111223
64111743
64114446
64122030
64125882
64132333
64140210
64148061
64156608
64164518
64172890
64182563
64188468
64197026
64202890
64208870
64212657
64215339
64221117
64225992
64233277
64235165
64244041
64249647
64253826
64262524
64271868
64278705
64279128
64283169
64284638
64285103
64291993
64294352
64298412
64301729
64305411
64312870
64314751
64317426
64321190
64321389
64327577
64336839
64344679
64348725
64358719
64363806
64367995
64368275
64370685
64371471
64375121
64380343
64389198
64394494
64397863
64406068
64410195
64415066
64419927
64421594
64431161
64440713
64442044
64451820
64452222
64454618
64463997
64472038
64473218
64479692
64484386
64493793
64501026
64506579
64512946
64520416
64527822
64537428
64542388
64542705
64551415
64560996
64569860
64575678
64582228
64590295
64593716
64602030
64611196
64617495
64621675
64627851
64636405
64646296
64653007
64658155
64663691
64663806
64666846
64675777
64678741
64684450
64686336
64694709
64702170
64706920
64715663
64717423
64719662
64727268
64727278
64732957
64733874
64737087
64738989
64747532
64756688
64760409
64769887
64774714
64778328
64785612
64793488
64797585
64803038
64811452
64815583
64823179
64829991
64834972
64843670
64845551
64854391
64857759
64866710
64876684
64885374
64893436
64897599
64902290
64904354
64912475
64921608
64922841
64928567
64931837
64934236
64937369
64939972
64943893
64945427
64954373
64962749
64963607
64966678
64967729
64969790
64975363
64981156
64986394
64989620
64996431
65001086
65010067
65018024
65023696
65026371
65028226
65038057
65041079
65043892
65047659
65057340
65061803
65071690
65081589
65084357
65089499
65091281
65096505
65104317
65111401
65111809
65120008
65127120
65130556
65140509
65142624
65144012
65145541
65149000
65152998
65162818
65170848
65176347
65184684
65194577
65203353
65210246
65216796
65223192
65231970
65236252
65237547
65247425
65255567
65258642
65266037
65275896
65283982
65289079
65289519
65294485
65295085
65302994
65306149
65307058
65314642
65314974
65322434
65327119
65332815
65340303
65347872
65352262
65358617
65359207
65369142
65370318
65373146
65383107
65389695
65393643
65400660
65409222
65416734
65421078
65421539
65426433
65432067
65435668
65445135
65453750
65454699
65463302
65468812
65470658
65474592
65478596
65479107
65487123
65488498
65491374
65492086
65492148
65500548
65502920
65509122
65511496
65520694
65529355
65534863
65542597
65548288
65550687
65554617
65556395
65560156
65560670
65563799
65566188
65572847
65575385
65579403
65588542
65596815
65601617
65610910
65619885
65620032
65624214
65626688
65631535
65634241
65638035
65647271
65656842
65663211
65672175
65680858
65689403
65695121
65700252
65704562
65714329
65724110
65727015
65728736
65728745
65737076
65746976
65748613
65758404
65765740
65768921
65770737
65779111
65784395
65784418
65787816
65794805
65799825
65805956
65812849
65815983
65822694
65825459
65829426
65830657
65835820
65845371
65853744
65854641
65855607
65859662
65866001
65875258
65879656
65889024
65894194
65903082
65910411
65915750
65919282
65928810
65931719
65935750
65937937
65947811
65951017
65960390
65965147
65974075
65979958
65988852
65992953
65998017
65998942
65999658
66007412
66012435
66016534
66019923
66028665
66034676
66038500
66042027
66049164
66050496
66058979
66067162
66067848
66071616
66079782
66082954
66083677
66090844
66091561
66098863
66100437
66108653
66114702
66119096
66121788
66130289
66138828
66144014
66151568
66153969
66157955
66161513
66169785
66170664
66173253
66178809
66179596
66183501
66185963
66191801
66199449
66205316
66213070
66216933
66226404
66234511
66235450
66244682
66249552
66254347
66262811
66263378
66264713
66265854
66269166
66274039
66283426
66286434
66289147
66296445
66303052
66310817
66318247
66325106
66329598
66337180
66346425
66350161
66354906
66362679
66364288
66367438
66372007
66373689
66380021
66381396
66390335
66392219
66396630
66403927
66410092
66416801
66420936
66429405
66432361
66441439
66450040
66451017
66454917
66463578
66465299
66466114
66468219
66473489
66483355
66490848
66493764
66497766
66499498
66507292
66516105
66516677
66517038
66520962
66521180
66521388
66524002
66529763
66534791
66543324
66544313
66548934
66555396
66563199
66572888
66574043
66575238
66575329
66580207
66581303
66588626
66591218
66591384
66591750
66596322
66602323
66606600
66609834
66618515
66626642
66627905
66631587
66636268
66642745
66651333
66654318
66659055
66667584
66672686
66679232
66686101
66694357
66695506
66703132
66706660
66714068
66722717
66723568
66725091
66728561
66736872
66746663
66754503
66763347
66771545
66775260
66778749
66780738
66787733
66791566
66799340
66802023
66805613
66805980
66811425
66813672
66819317
66820764
66830051
66837058
66837703
66840295
66847674
66848288
66856833
66858993
66862505
66871378
66871841
66879379
66887670
66889168
66889649
66889693
66890511
66898947
66903708
66910566
66918277
66919472
66928766
66932526
66935826
66942564
66943241
66944679
66954511
66963200
66964373
66972541
66974430
66982443
66989155
66995633
66995644
66995781
67000970
67005909
67011032
67013129
67018797
67021858
67023111
67030683
67035648
67040442
67048777
67057997
67064278
67067667
67074187
67080770
67088817
67096183
67104676
67109619
67115111
67118559
67124412
67127603
67128037
67137271
67144454
67146660
67148263
67150207
67152097
67159226
67162695
67167915
67170329
67177729
67179693
67186797
67195935
67196404
67202050
67210026
67213856
67217586
67219294
67225776
67232995
67236265
67243759
67246537
67247418
67252217
67252909
67255491
67263573
67267699
67273641
67279342
67283296
67284149
67287961
67295124
67297031
67301806
67308423
67311055
67318030
67319560
67325992
67328494
67328785
67336828
67342944
67343940
67352449
67359256
67360232
67362947
67366611
67372601
67373672
67376144
67383781
67390329
67396501
67404896
67408131
67411717
67413728
67423078
67430571
67436753
67439633
67447147
67447479
67455872
67458621
67459690
67461838
67462015
67466049
67468141
67473301
67479342
67482063
67484016
67488761
67489989
67494625
67496325
67505388
67508484
67515461
67523907
67524623
67533200
67539292
67544179
67549046
67553252
67555537
67560179
67567012
67573129
67578945
67586692
67590275
67591943
67596324
67598515
67601239
67606198
67613604
67615964
67617434
67617899
67623663
67626163
67628950
67638681
67641642
67643350
67649722
67653985
67654750
67660340
67660416
67668472
67670524
67671340
67676013
67678845
67679168
67687707
67689140
67692478
67699391
67707018
67710278
67713350
67713588
67720062
67725985
67735066
67738417
67740893
67742839
67745489
67752954
67760150
67766704
67775705
67784604
67788838
67790313
67795300
67800816
67809326
67812897
67816923
67823317
67824303
67832277
67841622
67846912
67849547
67855024
67855442
67864793
67874607
67880311
67881970
67883626
67884269
67885965
67895903
67903971
67911270
67920320
67921523
67926039
67935524
67940973
67941721
67950647
67951776
67952099
67956459
67957445
67960042
67966150
67972103
67975340
67983001
67984431
67993090
68001247
68004031
68009986
68012497
68013992
68017797
68020812
68030361
68037813
68038802
68043961
68049911
68050039
68051900
68055113
68057435
68062208
68064576
68068265
68071677
68076798
68084682
68093672
68096539
68103769
68111831
68119563
68120209
68123243
68124776
68132732
68139694
68144974
68147403
68148756
68156749
68161380
68164848
68167869
68174278
68177881
68180011
68187593
68191494
68198330
68199251
68208387
68214856
68216069
68218625
68227829
68228896
68233083
68239665
68246529
68249030
68255220
68261974
68265033
68268936
68270816
68272511
68280016
68282219
68284698
68286910
68287903
68289363
68294230
68302222
68307076
68312151
68314122
68318818
68324520
68334049
68339114
68344094
68346169
68354643
68356104
68360778
68361812
68370148
68377464
68378092
68378441
68381492
68385206
68388089
68392210
68395578
68397329
68403249
68409136
68411567
68420235
68421427
68423936
68431212
68440673
68449528
68449788
68458644
68467954
68477366
68484224
68487857
68492209
68493653
68493777
68496737
68500244
68502647
68510499
68515964
68522869
68531759
68536425
68545679
68553600
68558039
68558826
68565031
68573609
68573627
68576006
68576416
68578032
68580080
68583697
68588990
68593485
68599939
68601387
68606829
68616434
68619018
68620748
68625496
68626753
68636685
68645916
68655897
68656346
68664363
68672749
68680381
68686292
68691734
68700874
68704681
68712206
68721354
68728485
68730659
68738707
68745270
68745581
68752111
68753770
68759160
68764288
68770444
68777167
68785313
68792093
68797827
68804327
68810022
68816543
68817218
68825991
68826483
68829522
68835744
68844840
68852193
68857446
68865787
68871908
68872213
68877726
68882284
68883450
68884898
68893937
68900166
68909522
68918100
68926143
68927167
68935252
68936763
68937537
68946669
68949353
68953479
68953922
68963513
68964454
68971102
68978395
68982341
68982950
68989938
68997891
69007567
69014256
69020466
69028499
69036461
69039746
69045190
69047825
69057543
69059368
69067289
69075331
69083904
69084665
69087159
69088575
69094090
69096354
69097743
69098618
69102303
69104454
69108147
69116116
69119552
69121129
69126639
69129890
69133231
69135575
69142197
69149946
69153283
69160550
69161343
69166719
69175464
69183972
69186135
69192650
69194219
69202550
69212081
69213029
69220561
69229725
69235626
69240061
69248536
69255361
69257403
69260529
69261384
69267228
69275233
69277943
69283566
69291067
69293925
69301858
69304026
69313863
69320497
69328210
69337580
69346742
69347965
69357907
69365589
69374822
69378023
69384227
69392940
69396855
69405667
69406680
69406979
69416212
69422411
69430365
69433288
69433446
69442915
69448432
69453645
69462455
69468625
69472408
69475526
69479087
69479364
69482271
69483198
69486651
69487326
69495166
69504392
69513624
69522044
69530429
69534457
69544305
69553222
69562421
69568328
69570795
69571535
69574175
69575841
69583405
69583731
69587252
69590778
69591038
69596110
69599405
69600450
69604928
69612737
69614602
69622192
69630456
69637652
69645902
69653313
69656804
69666429
69675368
69678958
69687428
69692724
69693100
69697631
69703403
69712648
69717358
69723386
69732581
69735641
69743391
69750096
69759137
69766687
69776195
69784687
69785601
69786681
69794364
69802486
69811375
69817663
69821905
69824878
69829312
69838844
69846372
69855123
69857936
69862257
69863991
69872693
69882180
69890471
69900234
69908594
69909189
69913195
69918794
69922684
69929946
69937762
69940359
69950020
69957323
69961201
69965687
69971926
69972162
69980345
69984065
69990700
69998811
69999882
70002032
70009046
70015781
70024295
70026367
70034220
70038588
70045882
70052576
70053218
70059280
70068242
70071656
70081302
70088772
70096174
70099351
70104509
70105220
70105819
70108811
70112558
70114955
70121805
70127228
70127940
70137327
70146255
70149624
70153339
70158277
70163421
70169984
70176121
70177860
70180227
70188966
70192103
70193303
70195297
70201314
70209975
70210711
70220411
70226594
70232045
70235420
70242126
70242950
70252657
70255123
70255844
70257133
70260426
70262772
70269873
70276491
70285912
70294346
70294849
70295167
70299166
70308073
70313213
70320295
70327864
70334367
70339186
70345579
70346108
70351249
70353734
70355476
70359588
70366989
70372932
70374031
70383523
70391528
70395433
70400164
70401248
70405760
70405777
70413162
70416989
70417224
70420617
70427635
70433482
70437255
70438793
70446455
70448225
70455966
70462917
70468519
70468702
70475098
70484817
70486187
70490471
70500460
70503672
70506203
70513529
70517938
70526403
70531504
70541223
70549339
70556008
70562807
70567511
70573210
70581592
70585141
70589188
70594616
70594771
70599463
70605220
70612735
70621751
70625097
70627668
70633430
70637719
70640377
70648981
70658308
70658488
70664171
70671475
70681459
70687069
70694198
70696860
70703486
70704905
70706736
70715583
70719458
70724074
70725850
70733285
70739649
70746498
70754862
70761739
70764219
70774093
70776803
70781792
70791479
70795730
70797995
70798606
70799220
70804626
70807412
70815961
70820654
70827625
70835892
70840811
70848170
70853491
70862561
70866675
70868013
70873285
70873431
70879151
70887685
70895792
70900267
70907467
70908493
70908593
70911419
70915443
70920476
70923472
70932164
70937217
70938591
70947035
70954952
70958531
70964270
70970164
70973215
70982605
70985859
70990655
70996557
70999248
71001607
71002782
71004574
71010698
71012893
71014605
71017552
71024312
71026356
71034116
71035233
71038303
71040502
71041219
71043727
71052018
71055168
71055826
71056761
71066262
71076101
71076454
71081923
71085590
71090365
71091016
71099557
71107570
71116498
71126429
71129444
71136329
71136732
71141542
71144083
71150076
71150413
71154820
71156441
71161608
71168408
71175421
71182718
71192299
71197977
71202272
71205266
71209645
71217893
71220374
71224921
71225376
71235091
71242597
71242641
71250832
71256272
71263549
71270681
71279695
71283338
71290995
71295130
71302729
71305508
71310864
71318241
71321083
71327731
71337616
71344161
71348621
71357235
71366741
71368646
71375012
71377204
71384526
71390720
71398817
71399755
71400380
71401218
71402639
71403813
71412516
71415852
71420623
71427400
71436176
71436552
71445495
71448617
71453099
71457034
71461015
71461470
71469213
71473585
71481811
71488325
71492051
71493124
71499058
71505366
71512662
71522030
71528780
71533832
71542287
71543784
71544250
71552683
71560175
71561839
71562963
71567449
71571359
71575505
71579535
71579895
71585879
71587112
71587219
71592898
71599143
71602789
71610161
71613620
71619374
71626934
71632694
71641478
71646290
71652912
71657124
71657266
71659699
71660837
71668853
71674374
71682066
71689330
71696795
71696999
71700277
71708473
71717838
71718878
71721170
71721359
71728610
71734429
71743448
71752314
71760440
71763466
71771687
71778955
71783490
71783871
71788187
71788682
71790230
71798264
71801402
71807154
71813814
71813873
71819611
71820893
71823872
71833345
71836972
71842394
71844851
71849902
71858296
71867304
71872650
71874899
71876002
71876577
71880851
71884072
71890464
71897615
71906759
71915351
71917748
71918995
71927319
71931652
71940069
71942538
71951354
71960913
71961859
71964691
71969596
71976707
71982278
71990269
71991210
71995370
71998534
72000646
72004717
72009675
72010748
72017643
72021187
72025531
72030540
72035011
72037403
72038358
72047174
72054185
72060357
72061341
72062755
72064916
72069765
72074046
72082721
72084456
72094402
72099282
72101389
72103742
72105296
72110523
72111455
72113088
72116528
72116686
72117196
72123892
72125687
72135371
72135788
72140299
72145926
72148616
72154059
72159403
72165254
72169425
72177699
72180685
72185378
72189775
72194738
72200013
72203557
72205404
72207982
72209234
72209711
72219288
72226491
72233363
72240173
72246029
72246350
72247359
72257179
72261526
72263636
72268178
72275870
72284930
72290795
72298588
72301575
72309081
72311910
72319400
72323275
72324785
72333485
72340286
72347001
72354529
72356997
72362284
72372006
72377541
72378483
72384966
72394111
72399440
72405713
72407655
72409718
72412657
72416260
72425251
72425352
72425662
72427171
72427233
72429149
72432789
72438725
72440139
72444436
72447488
72457164
72465756
72466197
72475562
72479492
72484977
72487347
72492708
72500562
72509741
72511294
72518643
72528098
72536272
72539379
72547824
72550870
72557670
72559717
72559793
72565499
72571625
72574078
72580238
72583664
72587614
72597092
72599934
72603668
72612175
72618899
72622878
72623655
72625911
72630080
72637361
72640646
72644912
72654493
72663863
72667872
72674381
72683134
72687956
72696128
72703913
72711621
72712765
72713234
72715899
72722562
72728097
72729648
72735272
72741709
72747555
72750729
72753731
72758730
72767335
72774670
72775317
72780549
72781023
72788456
72796585
72801660
72808061
72809654
72812179
72812370
72812823
72817995
72826055
72830242
72833628
72841497
72841674
72844597
72847845
72849740
72853332
72862921
72868891
72874217
72879342
72885287
72888273
72892608
72895467
72895581
72896699
72899133
72900242
72903906
72904622
72907586
72915791
72915970
72922638
72928719
72932356
72938040
72938779
72944499
72945702
72947595
72950397
72954107
72956123
72964240
72967480
72975615
72983625
72984904
72985004
72991432
72994822
73000018
73007245
73009326
73018990
73021243
73030454
73032696
73037862
73039904
73046349
73051193
73053928
73058929
73066800
73071465
73076489
73085970
73091100
73093264
73098043
73100534
73101268
73106688
73112164
73119242
73122565
73126415
73133285
73136331
73140871
73147496
73150137
73152335
73157563
73159359
73160879
73165177
73173698
73175591
73175910
73185805
73191470
73195270
73202888
73210124
73211688
73212757
73220975
73227870
73230736
73238037
73239695
73249063
73256999
73263325
73269122
73269926
73277769
73282263
73285089
73290606
73292882
73293702
73299009
73308076
73314557
73318738
73321225
73322348
73325101
73328579
73330668
73336932
73346398
73353469
73357053
73361797
73371568
73377974
73385369
73385963
73390525
73397239
73404229
73407361
73416349
73424870
73432016
73433010
73437156
73442043
73449673
73454898
73455242
73463660
73465012
73468025
73472487
73473512
73477973
73486525
73493085
73498437
73503584
73509192
73516967
73517208
73522221
73523932
73530658
73540310
73542540
73544963
73547688
73555718
73557551
73560984
73570666
73574244
73577615
73581363
73590745
73593984
73598719
73607421
73609192
73616754
73621992
73625556
73635046
73644642
73652622
73657989
73660077
73663625
73666842
73672082
73679750
73680850
73689734
73698636
73701344
73705070
73714701
73718075
73726395
73731194
73735523
73737533
73741901
73750748
73752266
73760556
73766384
73775961
73776327
73778832
73781593
73786279
73790470
73795168
73802087
73805400
73810042
73814956
73819782
73822703
73824584
73830470
73836939
73840411
73844274
73854123
73859649
73861128
73868549
73873738
73883670
73884766
73892640
73901960
73909540
73913021
73917786
73917936
73922165
73922208
73928952
73938671
73939328
73947273
73952206
73956965
73966446
73975568
73984170
73993917
74002845
74006106
74014190
74019676
74020747
74028493
74030162
74031311
74032496
74032789
74033775
74040111
74047103
74053475
74053884
74063004
74069399
74075508
74076370
74077368
74080705
74086717
74095285
74101503
74107258
74108539
74110755
74113240
74121247
74125836
74128135
74134974
74137994
74146828
74149273
74151575
74158599
74162247
74166817
74167302
74168673
74171595
74175569
74181309
74181959
74188270
74192863
74202429
74209934
74211947
74218185
74225843
74235283
74241940
74246292
74255918
74265813
74266979
74275777
74279092
74282165
74284709
74292494
74298265
74305151
74314986
74315803
74323189
74332296
74333117
74340980
74346953
74354432
74356277
74362313
74365337
74366254
74375305
74377774
74381034
74382605
74382972
74383661
74387074
74388900
74398402
74398438
74399931
74406731
74412391
74421650
74425596
74433336
74438927
74440356
74443215
74443987
74447630
74457052
74460254
74464959
74468148
74473532
74478711
74487542
74493720
74494417
74495811
74502570
74508557
74514622
74516441
74517682
74525733
74534988
74539067
74545543
74550773
74551160
74552162
74559795
74563792
74571257
74575390
74576161
74583937
74584269
74587908
74589996
74596484
74603708
74612315
74614220
74618648
74618667
74619706
74622814
74623042
74623531
74624766
74628672
74629370
74629906
74638620
74642703
74647369
74648742
74655211
74657280
74662375
74665548
74670709
74674678
74678103
74685668
74687012
74695528
74704709
74714154
74723371
74732162
74733350
74741679
74744100
74746118
74750410
74755828
74761535
74770196
74773617
74782055
74785189
74786602
74786706
74787208
74792746
74799418
74807989
74814039
74816649
74824076
74833322
74841367
74851259
74856918
74861320
74867095
74872653
74880220
74887956
74892069
74892131
74892844
74899289
74899463
74900115
74904070
74909165
74913171
74917861
74924821
74934249
74937963
74943004
74951570
74961122
74970634
74975495
74981849
74982825
74983459
74984407
74994214
74995824
74998928
75004795
75010915
75019698
75021058
75028482
75033706
75043424
75046198
75052304
75061296
75066637
75068513
75068930
75069821
75078654
75082616
75088864
75089207
75098296
75101233
75111062
75117527
75125976
75130080
75138985
75140082
75143148
75152764
75154862
75160280
75164347
75167987
75170861
75180402
75184093
75193325
75196249
75202927
75212395
75216000
75219699
75224364
75233930
75236395
75237612
75242484
75245005
75249208
75257761
75266560
75268314
75273342
75279232
75288413
75288738
75290559
75290632
75292857
75297418
75305755
75314615
75318290
75320474
75321744
75324498
75332192
75339685
75349170
75357916
75362694
75372615
75381247
75384279
75389729
75395722
75400060
75401396
75409296
75418057
75427850
75430400
75432435
75433095
75439044
75441822
75449361
75457481
75466719
75468649
75469866
75477215
75481779
75487465
75488628
75494382
75496386
75499855
75499903
75509423
75517778
75518494
75523940
75525145
75528848
75535869
75542660
75544741
75551723
75556155
75559202
75561101
75568333
75572392
75577367
75579075
75582554
75584543
75587396
75587415
75588657
75596463
75603252
75612582
75614572
75620354
75627902
75629678
75635214
75641617
75642103
75649556
75650632
75658676
75661320
75663834
75665385
75665538
75665908
75666272
75672201
75676237
75685246
75692978
75702617
75709964
75716641
75720012
75728218
75733822
75738048
75740905
75746003
75750774
75752397
75755465
75757201
75765914
75775759
75785151
75791915
75798576
75801507
75811300
75814778
75814838
75824741
75832572
75836325
75844718
75846655
75848826
75849570
75851764
75852144
75853077
75860651
75864148
75866913
75874952
75876084
75883449
75891805
75893458
75897447
75897521
75899531
75908891
75911033
75920271
75927798
75937266
75941084
75948304
75954598
75957654
75966132
75974894
75977703
75981955
75986571
75996300
75999480
75999899
76007899
76015659
76019653
76025113
76032310
76040543
76050367
76057938
76061215
76068569
76075148
76079801
76081321
76084635
76088470
76090836
76099929
76106933
76110645
76115574
76124671
76129623
76138089
76140816
76142696
76143593
76148823
76158806
76160358
76161210
76167322
76167417
76173687
76175807
76185617
76193052
76202965
76203046
76206352
76214394
76223709
76226197
76227573
76228787
76232457
76237522
76240314
76241041
76246464
76247606
76251424
76252483
76262016
76268844
76274525
76274739
76280280
76281666
76288045
76291562
76296014
76297179
76304126
76306247
76313355
76318921
76327542
76337176
76337916
76344535
76349611
76350898
76356909
76364982
76369502
76373746
76382785
76390180
76393813
76396820
76398842
76399867
76408433
76416187
76421143
76429401
76438905
76445457
76448343
76451459
76452345
76457261
76465082
76466053
76472678
76478067
76479007
76486077
76488120
76490988
76500845
76507532
76511514
76515352
76522194
76524425
76530814
76535263
76540699
76545809
76553427
76559844
76568667
76571729
76573626
76578328
76583909
76591433
76592886
76596997
76597659
76605629
76614577
76616652
76623726
76633407
76637135
76646155
76651425
76651767
76659290
76668913
76671095
76677036
76681102
76681121
76683829
76690178
76695334
76700523
76709822
76713223
76714320
76723538
76725039
76734214
76735754
76742086
76746003
76747210
76756173
76764442
76774329
76778232
76781591
76790287
76791794
76795105
76803892
76810319
76810362
76810645
76818777
76826035
76828201
76831127
76839263
76848672
76855268
76861152
76861429
76864465
76871909
76881278
76890126
76891630
76896488
76903318
76903507
76905943
76912768
76914075
76915573
76924763
76933995
76942171
76948150
76956706
76964874
76966226
76966451
76975861
76985340
76988962
76989427
76991093
76993087
76993172
76997091
77005752
77013219
77014834
77024828
77034816
77039115
77041729
77047999
77054019
77058252
77059612
77068236
77072660
77073925
77078597
77081059
77085392
77094153
77097309
77097692
77100362
77103680
77112565
77120279
77126321
77135905
77140847
77146938
77149398
77154356
77161082
77168768
77169741
77173507
77177729
77181003
77183184
77192719
77199664
77202247
77205682
77207695
77216899
77225547
77235293
77236580
77242814
77251965
77254414
77259419
77264179
77274019
77280869
77284078
77286874
77287051
77288085
77295329
77302240
77311219
77315914
77317474
77322074
77325894
77334371
77334451
77340735
77349034
77350103
77354198
77358043
77366048
77373266
77378912
77388066
77395083
77395471
77405015
77409582
77415182
77423161
77426921
77428908
77436642
77441776
77442107
77446739
77451429
77459872
77462220
77465848
77473779
77478464
77481744
77489214
77491079
77497105
77506915
77515125
77516254
77523996
77525783
77532177
77541620
77544556
77553542
77553828
77560993
77567761
77576034
77584683
77588652
77594811
77598601
77599087
77604938
77610363
77617342
77627209
77633649
77638661
77648405
77655584
77661234
77666389
77675906
77684515
77690835
77698358
77707257
77708226
77714963
77723816
77730246
77737049
77745575
77749195
77754700
77756613
77763159
77766071
77769063
77777075
77778206
77784886
77791325
77795512
77798619
77807891
77807938
77808976
77812691
77820309
77827790
77828189
77833159
77833468
77843443
77852954
77860331
77861779
77863098
77870531
77878423
77880448
77887932
77892506
77898252
77907059
77907823
77915755
77919997
77922305
77930464
77936868
77944855
77952128
77960362
77964575
77974294
77982530
77990058
77991493
77998237
77999113
78000531
78008066
78008388
78014372
78014749
78019742
78028025
78032808
78038658
78047316
78052085
78060669
78061110
78061480
78068532
78070434
78079415
78088580
78093094
78094615
78099213
78099496
78101672
78106794
78110533
78118393
78123118
78124981
78127372
78128685
78138584
78146071
78153124
78154399
78156783
78161696
78167444
78176746
78184887
78188283
78188619
78197027
78206811
78208658
78216912
78221119
78227640
78230717
78232557
78238246
78247788
78255435
78261155
78270531
78270903
78279349
78288183
78294765
78296763
78303279
78305691
78311169
78314221
78319762
78321608
78324918
78325486
78327307
78334838
78344199
78353683
78359375
78369222
78371535
