4118
9572
15966
21354
26316
33393
40596
46217
48583
55781
64383
65720
66197
75793
76947
84596
88432
96473
103732
112030
114024
122675
128269
134948
144092
150787
153406
154915
157893
160523
160747
165927
167406
172766
177769
184826
192618
199624
204380
205678
207620
212487
219533
223103
227406
237272
246215
249304
251105
251908
261137
264493
273383
278329
283414
289606
291993
293725
294572
296535
304732
305199
313064
313181
320422
326661
330038
333478
340058
347242
351953
356905
363876
364906
368812
374170
375500
379778
385240
394053
394795
401502
407064
413246
414065
414558
417242
425655
432583
433898
443890
446373
450483
459789
467812
477098
477434
480509
483578
490880
494064
495805
501909
505368
508305
517078
517398
520421
524977
532590
541986
549717
552750
555051
558137
558949
559215
565909
568557
570681
578033
586811
591111
591418
599184
604809
613101
619298
625265
633606
643007
649307
650730
657845
659913
668914
677685
681423
690531
696786
697224
697611
703231
706070
706195
708625
709882
712124
715671
723784
732391
739047
743093
749085
757240
763431
763763
769920
778887
780941
790098
799381
808066
815416
821794
825133
831482
837684
838397
848070
857158
864542
869518
876939
878216
879971
885216
893088
893324
898766
900787
902843
908474
910651
916767
918688
920520
922619
930311
932151
939683
947129
948407
951834
959419
960570
967298
972624
982150
990506
997117
997534
1005292
1008256
1008638
1017060
1023570
1027959
1036818
1037115
1039505
1042611
1045046
1052441
1055989
1057272
1062991
1069225
1076688
1085397
1091510
1100920
1105024
1110299
1119215
1126865
1132154
1140036
1145519
1147533
1151527
1158145
1162828
1164668
1168843
1175487
1178029
1181267
1187571
1193506
1194599
1196773
1199373
1204756
1211399
1216741
1226353
1229585
1236181
1236550
1237146
1245740
1252655
1256214
1265069
1272798
1281907
1290292
1296474
1301723
1308144
1310186
1315426
1318262
1321345
1329578
1337084
1340465
1342610
1346780
1354203
1360933
1365770
1371843
1372097
1377959
1386725
1394115
1403979
1409843
1412701
1417030
1420982
1423154
1425398
1434134
1442753
1444058
1451243
1458665
1467366
1473397
1473649
1477656
1478162
1479428
1481326
1489139
1490826
1499939
1506903
1513384
1514094
1523255
1530220
1532659
1538795
1543511
1544911
1551162
1557774
1561291
1562257
1568980
1578637
1585046
1594024
1596988
1606728
1611495
1620232
1621877
1629928
1630188
1635702
1644051
1646839
1653140
1662593
1667438
1669406
1671633
1680195
1682209
1683009
1688017
1693381
1698143
1699886
1704961
1705339
1705534
1710301
1711206
1712120
1714055
1722269
1728669
1736511
1741448
1747117
1755352
1758938
1761666
1770573
1780248
1787230
1791933
1794205
1802716
1806870
1808335
1817331
1819815
1823263
1825993
1827116
1827219
1828727
1832452
1836816
1840017
1841906
1843047
1845161
1852279
1857110
1859928
1860697
1862862
1865306
1868587
1875133
1882992
1890167
1894445
1898809
1899417
1903879
1913598
1921320
1925632
1934131
1935275
1938990
1940648
1949012
1956998
1966725
1976374
1979186
1987395
1988131
1992301
2001196
2009361
2013678
2019093
2019737
2026077
2029282
2038919
2038986
2046532
2051495
2051862
2059511
2066559
2073101
2077531
2081747
2089805
2092796
2094648
2096537
2104968
2113152
2121011
2130669
2136087
2139445
2141631
2145387
2151091
2154457
2156556
2161385
2165390
2168247
2171301
2174867
2182776
2188455
2189421
2192702
2196351
2198430
2198552
2200172
2206255
2216171
2221486
2226965
2228354
2233067
2235103
2235998
2243112
2249090
2252002
2256765
2258051
2263731
2273165
2277211
2281869
2285420
2287963
2291739
2299247
2302222
2309792
2315594
2320450
2325693
2326641
2331617
2340674
2347662
2349686
2358207
2359269
2360005
2369627
2377729
2384369
2388832
2389265
2391120
2392374
2395120
2399780
2408760
2413107
2416962
2424910
2428114
2432608
2442173
2448445
2448549
2455669
2465585
2465955
2470751
2475827
2477904
2484800
2493254
2493341
2496784
2502702
2510268
2516557
2524464
2526943
2536299
2537561
2546378
2555956
2560694
2566081
2569859
2572718
2577608
2585380
2589519
2598187
2599627
2607685
2610880
2611382
2615119
2617330
2619669
2623001
2626573
2635957
2640824
2650208
2659333
2660731
2669042
2673189
2677153
2679681
2683348
2690806
2700373
2708818
2718278
2724509
2733764
2735964
2739553
2741973
2746247
2753267
2754679
2758253
2767013
2771587
2774503
2777745
2782604
2783234
2788089
2797558
2799981
2809404
2813158
2816741
2817711
2822978
2823881
2825537
2827359
2828232
2829445
2833219
2840924
2844919
2848228
2851205
2860132
2862801
2866562
2866968
2875986
2878632
2880674
2890585
2894206
2902092
2911641
2920584
2928422
2933521
2935299
2935437
2944885
2945060
2951528
2960838
2965514
2975202
2977951
2986902
2995755
2999562
3007252
3012655
3021604
3028354
3030393
3030407
3030556
3031155
3034111
3037914
3047525
3048501
3054414
3059237
3065116
3073502
3081534
3083675
3084798
3092654
3099222
3099586
3102076
3111187
3120881
3126103
3133729
3141106
3146068
3148053
3152502
3154277
3160679
3169814
3170796
3175681
3182305
3183155
3186326
3191758
3201150
3202732
3206533
3209887
3210229
3216550
3217568
3223731
3225116
3234655
3239472
3246301
3248404
3256984
3259501
3265738
3266658
3266943
3273212
3277621
3278637
3287073
3295178
3301802
3306744
3316711
3323723
3325794
3331156
3335542
3340991
3345681
3347360
3356632
3362356
3363276
3367140
3375114
3379987
3383216
3383745
3388679
3390697
3398022
3406041
3410644
3411783
3413773
3419521
3426756
3427772
3430701
3433270
3438302
3447486
3453673
3459441
3460047
3467320
3475533
3481466
3489239
3498194
3499262
3506924
3514693
3521753
3530665
3539194
3544786
3552552
3557461
3557474
3565096
3569897
3573368
3579968
3587696
3593388
3595995
3605284
3611502
3619499
3624791
3628031
3629784
3630938
3631010
3636376
3638164
3643597
3649136
3656388
3662376
3663950
3672424
3676386
3677505
3677999
3685154
3687863
3691277
3697986
3706519
3708220
3717947
3724677
3734122
3741957
3743207
3743846
3752592
3758480
3762794
3767033
3769185
3775609
3776593
3781557
3786536
3791365
3794547
3796089
3799373
3801280
3807138
3815118
3815452
3821988
3827472
3828036
3831091
3833853
3843168
3845354
3853467
3856756
3864942
3870155
3873214
3875448
3877588
3884537
3888680
3895990
3905256
3909331
3916814
3917348
3925980
3933194
3943000
3949219
3952899
3959737
3960807
3961009
3968962
3975983
3977136
3980336
3984076
3984900
3990939
3999949
4004001
4007675
4011702
4013163
4022991
4028704
4029665
4032136
4032984
4041769
4043031
4049594
4052411
4058191
4063160
4071911
4074662
4079299
4088989
4095678
4098121
4103668
4108153
4108159
4115870
4119399
4121631
4123147
4130023
4138146
4146725
4150386
4159542
4166293
4168731
4176576
4182916
4185732
4190641
4196209
4200788
4200976
4210859
4212911
4217914
4223041
4226188
4233874
4243500
4250663
4250714
4260112
4260972
4265744
4267062
4274146
4275763
4278826
4284683
4291894
4301731
4308179
4314582
4319463
4320740
4323626
4333159
4339535
4341673
4351431
4360332
4362302
4370717
4375515
4379151
4387878
4391030
4392648
4398754
4407544
4410836
4418335
4424069
4433813
4441171
4446254
4454638
4456701
4462731
4467036
4470595
4475443
4475995
4477098
4482081
4490263
4494635
4495915
4505566
4506781
4512859
4521674
4524472
4533312
4538684
4547021
4547593
4553357
4559559
4563599
4567551
4573844
4576085
4577030
4583007
4587729
4589458
4592863
4599129
4601308
4602089
4605013
4606737
4613050
4619637
4628669
4629631
4636067
4641512
4648924
4650459
4655712
4665675
4674395
4680019
4688803
4698456
4702646
4703536
4709311
4710328
4716522
4718898
4721972
4722883
4723873
4726941
4732829
4737598
4740435
4749117
4757235
4764287
4771324
4772830
4773687
4779398
4784398
4791404
4791590
4792000
4800373
4809667
4816733
4822800
4830644
4833599
4833649
4842444
4848620
4850356
4852113
4859723
4862030
4869140
4873451
4881542
4888108
4890900
4897134
4900719
4903123
4910115
4914420
4920250
4928028
4929051
4934491
4943258
4945275
4946324
4951711
4957908
4965613
4972354
4977886
4980765
4984180
4988818
4997900
5002503
5006950
5015885
5025059
5029304
5037662
5038297
5047371
5056415
5059875
5062640
5063697
5071384
5073359
5076626
5082864
5087785
5095927
5099341
5106854
5112424
5118655
5121027
5129082
5130937
5136893
5146653
5147010
5148635
5156639
5157476
5158487
5165435
5169165
5177973
5186313
5186655
5192031
5193584
5199175
5207200
5209150
5216908
5217194
5220993
5228738
5233518
5236551
5246160
5255963
5257791
5266317
5268612
5271539
5278890
5287644
5289444
5291711
5297171
5302482
5305790
5309955
5311965
5319878
5329413
5335008
5343115
5345128
5354380
5362495
5363386
5370849
5375465
5382244
5384956
5387098
5389301
5396607
5403152
5410323
5418712
5419023
5426948
5429943
5433581
5439925
5445623
5455544
5465523
5474426
5478503
5486949
5493108
5497220
5497317
5506667
5512618
5517954
5524458
5532223
5538498
5541400
5550410
5553298
5553399
5561280
5566961
5567838
5571229
5575939
5579314
5580964
5583226
5588249
5596875
5601223
5601798
5608161
5615012
5618399
5622629
5630892
5639528
5643278
5644502
5644726
5649526
5657686
5658001
5664841
5670687
5671534
5674207
5678735
5683077
5684109
5685083
5685400
5685948
5687413
5691978
5693784
5700717
5709372
5711888
5715117
5718731
5727055
5727490
5732157
5737524
5741399
5746017
5748732
5751050
5753497
5761345
5767868
5777786
5786735
5789742
5794235
5801971
5809147
5818026
5822403
5825112
5832968
5839768
5845325
5847917
5856509
5865183
5869212
5872381
5874972
5880002
5889407
5893130
5900645
5901692
5911146
5915332
5920981
5921906
5927083
5933145
5940698
5946453
5950016
5956986
5962965
5972739
5980438
5986364
5986761
5987747
5992021
5997907
6007833
6010913
6019988
6021244
6025856
6031802
6041344
6043326
6043508
6044149
6047632
6055088
6057598
6059954
6066333
6069692
6072886
6074719
6081002
6084787
6090827
6098588
6102322
6110709
6120397
6121636
6124135
6130465
6133228
6138987
6143914
6146888
6156749
6163031
6169834
6174692
6177448
6187064
6192704
6194024
6201108
6209721
6216741
6221072
6230192
6236144
6245858
6248615
6252713
6256480
6264243
6274146
6281105
6290318
6298926
6304420
6310170
6314169
6322093
6324909
6333955
6343779
6352141
6353626
6358739
6364836
6366169
6366993
6368967
6372422
6374023
6382013
6389972
6398634
6403214
6406306
6413615
6414833
6419781
6423006
6432546
6441233
6450487
6459262
6466117
6467804
6470966
6474008
6476593
6482863
6487596
6496783
6497374
6504050
6510122
6513457
6518737
6526357
6536303
6540678
6545369
6547924
6550295
6559027
6560571
6565910
6574588
6583497
6589787
6589837
6591911
6599106
6604737
6604928
6609721
6616191
6623937
6627665
6631442
6641425
6648176
6651822
6657027
6661192
6665673
6674488
6681067
6687108
6689821
6693933
6699527
6702728
6707890
6715633
6720050
6724142
6726028
6730335
6733422
6741908
6750031
6754766
6764124
6767972
6772374
6775147
6777597
6784433
6790099
6794712
6803898
6813504
6816577
6819583
6825759
6832828
6842095
6847702
6857084
6860315
6868376
6874830
6875700
6885664
6894714
6896951
6898883
6903760
6908316
6916271
6918616
6918721
6926804
6930486
6932051
6940830
6946304
6951393
6955271
6958582
6963483
6966766
6971551
6974760
6975872
6984838
6985109
6987331
6992475
7001839
7003393
7009079
7010887
7018901
7026924
7035476
7037460
7046066
7047296
7049282
7053476
7059298
7061365
7065086
7066297
7074341
7084331
7090000
7090865
7091273
7092599
7092733
7096722
7097715
7105882
7109844
7112556
7117170
7118267
7125018
7133386
7135168
7143590
7150694
7156843
7165748
7171284
7172528
7180281
7186442
7192855
7198291
7203445
7213045
7214405
7214904
7216736
7219560
7220622
7229638
7233249
7240298
7242242
7248366
7250476
7252157
7261451
7269113
7269172
7276696
7280291
7285046
7291884
7294183
7295073
7300155
7309838
7315028
7320087
7322098
7329966
7330730
7336679
7345388
7350352
7357214
7361212
7367810
7368775
7374302
7383246
7386307
7395373
7401080
7410104
7414723
7419481
7425811
7432484
7440979
7449694
7451308
7452240
7453574
7462505
7469573
7477661
7480576
7490497
7496138
7499452
7501946
7507154
7507337
7515380
7522022
7530459
7535587
7535784
7538912
7546287
7546732
7555411
7561395
7563472
7569220
7573914
7577093
7577558
7583289
7586611
7589045
7598674
7605511
7614751
7618378
7625171
7627703
7636370
7637818
7638230
7642239
7643143
7645875
7649600
7651161
7655589
7663710
7671385
7675843
7680177
7683785
7684296
7690519
7692004
7701943
7709614
7710267
7716420
7722987
7730596
7738910
7743476
7745131
7745821
7752399
7757161
7759100
7767006
7774783
7779769
7782540
7791334
7792795
7801589
7806182
7810948
7818941
7826529
7829671
7837874
7844371
7849519
7850425
7855840
7863876
7864728
7864982
7872255
7878204
7886855
7894510
7901287
7907214
7915036
7921652
7922008
7927666
7937517
7941844
7946438
7949510
7955331
7965039
7967083
7969641
7976092
7979723
7987784
7989687
7997408
8000368
8009252
8012748
8016872
8017595
8019665
8029650
8036678
8038414
8041252
8046127
8053767
8062037
8071261
8071579
8072690
8075533
8081970
8091852
8092350
8097847
8104472
8109823
8112360
8116220
8125595
8133098
8138878
8140584
8143513
8151889
8158477
8160305
8167712
8174885
8175652
8176585
8176999
8186176
8193008
8193842
8198263
8198392
8204227
8208420
8216708
8220517
8224621
8230566
8238006
8241979
8249979
8250483
8253915
8256713
8264538
8266245
8270759
8279905
8280095
8281921
8284418
8290315
8292941
8293797
8295137
8303464
8307890
8314902
8317610
8321741
8330548
8336910
8339584
8341768
8350503
8354074
8354310
8362489
8368303
8374922
8384312
8384810
8394502
8397204
8398975
8404159
8412971
8419766
8426860
8429811
8437400
8446177
8451660
8453908
8456348
8458057
8464631
8468325
8470728
8473597
8477290
8483233
8488973
8491762
8497380
8503397
8510401
8512321
8514730
8521150
8528100
8530894
8537960
8541252
8545856
8548252
8556310
8565129
8568762
8572975
8573848
8580278
8585459
8586335
8595383
8595779
8600584
8601534
8607901
8615016
8615696
8622700
8626249
8632049
8634534
8638036
8647424
8653918
8657211
8657285
8661693
8669626
8671865
8677436
8683116
8685904
8694469
8697053
8703162
8707855
8717454
8726372
8735267
8736752
8745249
8753279
8761594
8764270
8773091
8774443
8779643
8780990
8787323
8788958
8798566
8807126
8816122
8820271
8829448
8835047
8841124
8849915
8852822
8853266
8854089
8860085
8862919
8864007
8865947
8869174
8875128
8877969
8886125
8895258
8900321
8902118
8909896
8915253
8920857
8921919
8926057
8929015
8933482
8936755
8945406
8946648
8950123
8951245
8954580
8960364
8964657
8967523
8976667
8983277
8989340
8997928
8998352
9000478
9001659
9006225
9007616
9010839
9011719
9016780
9019141
9022549
9030800
9033690
9039109
9043437
9047542
9053399
9056985
9064770
9070219
9076736
9079702
9086709
9088572
9090255
9095952
9105585
9114339
9122519
9123941
9132382
9138946
9144431
9152606
9156488
9166090
9169393
9177212
9183704
9189398
9189650
9193857
9201956
9203510
9205933
9212224
9219527
9221322
9223929
9226182
9226656
9229571
9229858
9237994
9238725
9241945
9246235
9253620
9263320
9270664
9275451
9279443
9287854
9296796
9306418
9307794
9309640
9313446
9321778
9321812
9331398
9334630
9336790
9343090
9348048
9348659
9351126
9352390
9355152
9360731
9364511
9364789
9374516
9384298
9389133
9395413
9399274
9402712
9409041
9418558
9426495
9433081
9433545
9442837
9444602
9453034
9453160
9463018
9463306
9471964
9473845
9476238
9482711
9482837
9492338
9492650
9497006
9497259
9502793
9510830
9518166
9520293
9522727
9530509
9538086
9541531
9543319
9547955
9554013
9557151
9559828
9561247
9566320
9571518
9578491
9580782
9583098
9588693
9593491
9595743
9596642
9604296
9606094
9608937
9617854
9619484
9625051
9632232
9640315
9648468
9651168
9659362
9664231
9673316
9674334
9680864
9684207
9687492
9693086
9695595
9703854
9706206
9711345
9712421
9712731
9717470
9717656
9719926
9727349
9736122
9738067
9744496
9748691
9750036
9759487
9765521
9767850
9768069
9770595
9772664
9773987
9781996
9791996
9798220
9800910
9802627
9807537
9812934
9821748
9827743
9831848
9839614
9842426
9847675
9849066
9856999
9858921
9862228
9867916
9874146
9878966
9882248
9882901
9888418
9896566
9903953
9910309
9913271
9922784
9925045
9930190
9939658
9939778
9948121
9957785
9959087
9960561
9969066
9972301
9974826
9981115
9990586
9993092
9994304
10002239
10005818
10015504
10017265
10024317
10025330
10028701
10030443
10039921
10041457
10048888
10049202
10054406
10062754
10067333
10072995
10079483
10083729
10085526
10089464
10096871
10097092
10102435
10106001
10111581
10119430
10127072
10128453
10137344
10137795
10145138
10153459
10163446
10168448
10172909
10179770
10188702
10197205
10207161
10215838
10219815
10228441
10233195
10238956
10244002
10251353
10258261
10261834
10263357
10271648
10274857
10281657
10284472
10285076
10287684
10292108
10298927
10308665
10311026
10316644
10320271
10320732
10330334
10339351
10344478
10344610
10344978
10347199
10348549
10356794
10366152
10374991
10383720
10390072
10394447
10394594
10398415
10403925
10413491
10416905
10419694
10424051
10432051
10433390
10440601
10442753
10446042
10452019
10455920
10459064
10468465
10478406
10484322
10493282
10501752
10505974
10512271
10517209
10524041
10526222
10529153
10536260
10541621
10551073
10558187
10564174
10564857
10566955
10568181
10574938
10583222
10586463
10592038
10600855
10606244
10615200
10622478
10627350
10633907
10643538
10651514
10656632
10661846
10668549
10674807
10676294
10682133
10685232
10694014
10697142
10705834
10712494
10718327
10722478
10723897
10731610
10739983
10743050
10745731
10746082
10748616
10757577
10765764
10770728
10775699
10780263
10787819
10789016
10790673
10799936
10806392
10811070
10812330
10813040
10815663
10816047
10818164
10827046
10833816
10835766
10839818
10840158
10846546
10848694
10849105
10857192
10864915
10872120
10881144
10888550
10891272
10892138
10894053
10898799
10908219
10909226
10910518
10914657
10924544
10933543
10941524
10946614
10956270
10963789
10966671
10974209
10980301
10988272
10988788
10989006
10996165
10999395
11005891
11013090
11020780
11021241
11028613
11037786
11039506
11041672
11043776
11047209
11050932
11053107
11055450
11056319
11065762
11075323
11085189
11091127
11099723
11104344
11107094
11113294
11113480
11115254
11122507
11125134
11132753
11133941
11142087
11145357
11154329
11159588
11168072
11169046
11172181
11174250
11176745
11182548
11185011
11192679
11193186
11199581
11200362
11202427
11208108
11211587
11214212
11217511
11220582
11222314
11222369
11229512
11238232
11243069
11249964
11255047
11261212
11261949
11262772
11268490
11275064
11281794
11286707
11286871
11289521
11292156
11295634
11298100
11298284
11300673
11302461
11306018
11307619
11307704
11309624
11311821
11320164
11329615
11336615
11345918
11353491
11362844
11365617
11367013
11368790
11372042
11378501
11382081
11386844
11389620
11391893
11401365
11401735
11407582
11412402
11420436
11423594
11426114
11433472
11440245
11445042
11452153
11459539
11469386
11472815
11481896
11490765
11495464
11502952
11504688
11508570
11515324
11519953
11520422
11525136
11525322
11530691
11530799
11535530
11535901
11538794
11545781
11550893
11554755
11563121
11567580
11570030
11575092
11581039
11585347
11591753
11601579
11602596
11603581
11603625
11609300
11612444
11617210
11619740
11628308
11635141
11644706
11646888
11650851
11658326
11663633
11664169
11669884
11679377
11688660
11694096
11703615
11703985
11707587
11710713
11717462
11717793
11726039
11732437
11737846
11740230
11742009
11748092
11750968
11753409
11759843
11761665
11762867
11768445
11770493
11776011
11777133
11780125
11780533
11783862
11790038
11792223
11792952
11793704
11800786
11803537
11805603
11815338
11819713
11825063
11830413
11837400
11837618
11843367
11849079
11851473
11858457
11860131
11862783
11867345
11872001
11877009
11879420
11886620
11896322
11904993
11914440
11922552
11928607
11929478
11932702
11935583
11935724
11938400
11948302
11954445
11959491
11968422
11976957
11985792
11989418
11998072
12001858
12009382
12013458
12021434
12030891
12037768
12044988
12053456
12062888
12067766
12071081
12078954
12086820
12090518
12093474
12098842
12105117
12112604
12119946
12121325
12124046
12130903
12137500
12144239
12147194
12147742
12150148
12159091
12164005
12166174
12169256
12172446
12176656
12181680
12190290
12198974
12199046
12205389
12208574
12215025
12219596
12221160
12229858
12234109
12243407
12248479
12254428
12261887
12265770
12271422
12273337
12274233
12282379
12282831
12284338
12291518
12297348
12306026
12313482
12318589
12319838
12328800
12331934
12336264
12341819
12345757
12345802
12347360
12354182
12363369
12367874
12375073
12379363
12385516
12392278
12393918
12399913
12404208
12412437
12414676
12423377
12429023
12435540
12440837
12448630
12457701
12466822
12475990
12484993
12491101
12499681
12501347
12509048
12509261
12513156
12521289
12527532
12530003
12531981
12541308
12546378
12554499
12559259
12560056
12562831
12566181
12574163
12579888
12589815
12590423
12593520
12602580
12603678
12609566
12610595
12614047
12617488
12626258
12634294
12635850
12645296
12647969
12649479
12655821
12665495
12673971
12675314
12676260
12682078
12682731
12684733
12694571
12703138
12707607
12710634
12713755
12721512
12726889
12736726
12744927
12748693
12755192
12762343
12764302
12770820
12778172
12780334
12787029
12788035
12794566
12800543
12801525
12802054
12811959
12812145
12815273
12823797
12826869
12829244
12829282
12832360
12837649
12838896
12847257
12848889
12858397
12861599
12864340
12869714
12874551
12883272
12886925
12892572
12900310
12905633
12906155
12908764
12917005
12925989
12934288
12943408
12949197
12955348
12956741
12964058
12966171
12973311
12978321
12981779
12988305
12990811
12994247
13001597
13004721
13008696
13013926
13021101
13021789
13022737
13023575
13024249
13031088
13032144
13038649
13042264
13044581
13050890
13056841
13061697
13065197
13069569
13078961
13083275
13088843
13094116
13097154
13105570
13112624
13122456
13129684
13139353
13146810
13152967
13153312
13162990
13168088
13177955
13187827
13197588
13201308
13202810
13209705
13210423
13216699
13217971
13223436
13232613
13238444
13241621
13249991
13257429
13261100
13261950
13262324
13263953
13273166
13282131
13287411
13294536
13301571
13302957
13305896
13313753
13314831
13319611
13328287
13334635
13337946
13347944
13351716
13359875
13362173
13363256
13370172
13375378
13384022
13391571
13393223
13396039
13399257
13399647
13400002
13405764
13407491
13415249
13421008
13430045
13438520
13447797
13450046
13451032
13452140
13460400
13467748
13474298
13479009
13483208
13491538
13500179
13507276
13509625
13510969
13514791
13518644
13522913
13528215
13531620
13538351
13539205
13541908
13550482
13550913
13558639
13567517
13567765
13577120
13586857
13589087
13596593
13598298
13599791
13599937
13607651
13616208
13621680
13621955
13626650
13633818
13638671
13644928
13647775
13655449
13658281
13666012
13671586
13673741
13675067
13682575
13691057
13698265
13706127
13715679
13725159
13733564
13737055
13745182
13745380
13750382
13755539
13764366
13770956
13778284
13779445
13780480
13781539
13791098
13799743
13809339
13814403
13820607
13823379
13832675
13833639
13838158
13841486
13849315
13850088
13852561
13854318
13859567
13865149
13872688
13881345
13889586
13891818
13895127
13896631
13902877
13911238
13921234
13923868
13926290
13931304
13932472
13934968
13942761
13950752
13959145
13968249
13969466
13979465
13989414
13997694
14005139
14011610
14019994
14022035
14023072
14029763
14039265
14040716
14043955
14044645
14046765
14054121
14062137
14065015
14068443
14074066
14078730
14081870
14088430
14094332
14102222
14106743
14108900
14109865
14118833
14125198
14134108
14140748
14149678
14152800
14154749
14157750
14163737
14164078
14165995
14169428
14171365
14177766
14183095
14190900
14198844
14204788
14211165
14212975
14215048
14222225
14227426
14230626
14239312
14242081
14245559
14249988
14254212
14256119
14258693
14266470
14271393
14274790
14284625
14284698
14285137
14286008
14294451
14297005
14305725
14312403
14314856
14319954
14320644
14329132
14339122
14339229
14346983
14353075
14361393
14366497
14367881
14371946
14377770
14384193
14388715
14393367
14394241
14395113
14404840
14408285
14417850
14420266
14429395
14438543
14447071
14450597
14451392
14454426
14454891
14459917
14469905
14477523
14477747
14482011
14483852
14492493
14497164
14502965
14503922
14509947
14511926
14515446
14522645
14528774
14532369
14532629
14533719
14538283
14547483
14551802
14560728
14562317
14565283
14574413
14582644
14590655
14594437
14599966
14609931
14615466
14615716
14620710
14630371
14635627
14645536
14646885
14653650
14659476
14665974
14675271
14679079
14686106
14690369
14698898
14708601
14712660
14714964
14721738
14731414
14739747
14747973
14751862
14753648
14762573
14765220
14768147
14773638
14775229
14776910
14782937
14784093
14790291
14794147
14794561
14795154
14798923
14806898
14810908
14812406
14820196
14822495
14823426
14828596
14831353
14838956
14845721
14848798
14850451
14858510
14859907
14863566
14872490
14878153
14887547
14889463
14897459
14900415
14905375
14910522
14915725
14921688
14925474
14926208
14929427
14930260
14937348
14937372
14946210
14953001
14961050
14968652
14978617
14986068
14986392
14994297
14996614
14998915
15007932
15011102
15011498
15020009
15025155
15032477
15035685
15043414
15045320
15054477
15056632
15063812
15065243
15070559
15079767
15085005
15087201
15091625
15093816
15103515
15110374
15115414
15119904
15122024
15131941
15132961
15138303
15144696
15145663
15152349
15153604
15156730
15157465
15160144
15161971
15171759
15179267
15181096
15189317
15197747
15203041
15205756
15209772
15210559
15210746
15220202
15229683
15235408
15239018
15242695
15245669
15246406
15247872
15247947
15250959
15254463
15263188
15265578
15265716
15271969
15275864
15279332
15279454
15285463
15295150
15297970
15306164
15312147
15312974
15313395
15316816
15321853
15330332
15335274
15338631
15347404
15348611
15351459
15353857
15361939
15362709
15372572
15382129
15389784
15399751
15403225
15403938
15408086
15414985
15417325
15422894
15431300
15432484
15436087
15436462
15439228
15447445
15452412
15456830
15459886
15468967
15478066
15480917
15482252
15482925
15490166
15494854
15497991
15505332
15511752
15518581
15523576
15531886
15534309
15536468
15543934
15548544
15558196
15560706
15566067
15570368
15573025
15580207
15583855
15586079
15586622
15588211
15589408
15594726
15600076
15607822
15615481
15622069
15625609
15626445
15633903
15635661
15642165
15649088
15651217
15659315
15661979
15671012
15680560
15683634
15684173
15688696
15698530
15702689
15705447
15709777
15713301
15720042
15723078
15723458
15725407
15732310
15732666
15732828
15738682
15742920
15746743
15748869
15755960
15760109
15768274
15770870
15776079
15780463
15787491
15791766
15793295
15796154
15804986
15807006
15813178
15814699
15824610
15833118
15834124
15836598
15841761
15844895
15854514
15856169
15865662
15874569
15878367
15887868
15890831
15900499
15909761
15912344
15917251
15919750
15923737
15930789
15940093
15945748
15947424
15954684
15960839
15961055
15970973
15972175
15978074
15982737
15990454
15995981
15998618
16004804
16014344
16023241
16026577
16026921
16028299
16035895
16036249
16038352
16047857
16054635
16059031
16059147
16064481
16068012
16075226
16082662
16090893
16100840
16102288
16104466
16108787
16116415
16116582
16121878
16126688
16133859
16134040
16141352
16143896
16151499
16153012
16158571
16160987
16169529
16169811
16179266
16182465
16188292
16189040
16189208
16191695
16194078
16200231
16203009
16204557
16209546
16215529
16219735
16229446
16234699
16241870
16248890
16249193
16257024
16263327
16267625
16268648
16278266
16282302
16283029
16287418
16287903
16297767
16302484
16311134
16314634
16324148
16328591
16334188
16336308
16339667
16347673
16349389
16352507
16356197
16363102
16368622
16374436
16376707
16380249
16384605
16392295
16395345
16403956
16404628
16405734
16406571
16411311
16412241
16418937
16423307
16429820
16435585
16440232
16441797
16445821
16454786
16460397
16463090
16472152
16479719
16489630
16490978
16497120
16497914
16504589
16513511
16518359
16518856
16528216
16535813
16536778
16538896
16543567
16550451
16559729
16563216
16569843
16574696
16579887
16582144
16590433
16595935
16603723
16604620
16612210
16616159
16624800
16625889
16635535
16636903
16637180
16638889
16641286
16649913
16651698
16656924
16661975
16666162
16669012
16670194
16678966
16680668
16685410
16691089
16696126
16704774
16707510
16711590
16713501
16716950
16724489
16725805
16733218
16741683
16750217
16754660
16759853
16767741
16770356
16771588
16773937
16775920
16784621
16789794
16795576
16797567
16802263
16803092
16808759
16817273
16823732
16825295
16825609
16826978
16830412
16835910
16842414
16846289
16850908
16855832
16860000
16861721
16868234
16868947
16869685
16873762
16880460
16884632
16887319
16891529
16892559
16896917
16897426
16906652
16908522
16917424
16918408
16924119
16926752
16927524
16931963
16937203
16946635
16954123
16954604
16962893
16968651
16974668
16974901
16979919
16989612
16997419
16998350
17007970
17011151
17020267
17024689
17028102
17028794
17030880
17039023
17047851
17051025
17055548
17060416
17060685
17070322
17077449
17083399
17087941
17088309
17097648
17106086
17113951
17115929
17123552
17131118
17139518
17146989
17155181
17158422
17161104
17164838
17170089
17173473
17178597
17179926
17182414
17184657
17192895
17196736
17199616
17203701
17208474
17211425
17219721
17220796
17222750
17223235
17232512
17233494
17239503
17248075
17252034
17254478
17258747
17265724
17275006
17284684
17286276
17290840
17300760
17304605
17314275
17317901
17325855
17328003
17328127
17330650
17339297
17342014
17351698
17354686
17357757
17359583
17362797
17366453
17372689
17382461
17384133
17384576
17388617
17393478
17393487
17394526
17403104
17403474
17410378
17418694
17427029
17432441
17441970
17449037
17458923
17465877
17466981
17472652
17478344
17482588
17487746
17495234
17502743
17504369
17506921
17513403
17519180
17522577
17530770
17539585
17547091
17549134
17557143
17558983
17566034
17568310
17568966
17574312
17584247
17591161
17592580
17594522
17597480
17604732
17611922
17620086
17620305
17621798
17629183
17634701
17644661
17648021
17655592
17664556
17671737
17675727
17683415
17691380
17696011
17699027
17702513
17709338
17711129
17719942
17722503
17727371
17735076
17743884
17752006
17753997
17754736
17764580
17771229
17772827
17777340
17786207
17792740
17797562
17804713
17808991
17809950
17814130
17823045
17828998
17829270
17835848
17837487
17839628
17843014
17845952
17850398
17858239
17867028
17875315
17879404
17882876
17883050
17888086
17896212
17905646
17909154
17915110
17917476
17918041
17925481
17929507
17930364
17932599
17940048
17948134
17953800
17959172
17960306
17964909
17964961
17973571
17978536
17983043
17990396
18000197
18009023
18013504
18014773
18014998
18024733
18026421
18031853
18038748
18041553
18043933
18048971
18052071
18058286
18058978
18059548
18067966
18068649
18076746
18086729
18089839
18090815
18097029
18098362
18106327
18106799
18109962
18115783
18124479
18126641
18132351
18141391
18144992
18154084
18155103
18157912
18167124
18173813
18178423
18182905
18191741
18195952
18196374
18202716
18209829
18218069
18226654
18230147
18234729
18235680
18241768
18250785
18251307
18257647
18258471
18259133
18260224
18263492
18263886
18273426
18275927
18285179
18291534
18292651
18299498
18307053
18314800
18323361
18325294
18327776
18329951
18334189
18341350
18346022
18347628
18356200
18357994
18359747
18367335
18370968
18371344
18373823
18375545
18378043
18380147
18386934
18391485
18392779
18397708
18407409
18411997
18417802
18427536
18432434
18441737
18445088
18447529
18452834
18457673
18458548
18465530
18474839
18482887
18488113
18491894
18499456
18499901
18504202
18509951
18510649
18515661
18519579
18527187
18534146
18539339
18542875
18550929
18551102
18560638
18564353
18570119
18573818
18576040
18584557
18585723
18590894
18591909
18598461
18601571
18608723
18617712
18624756
18634134
18644034
18647274
18648206
18652353
18655029
18658529
18661668
18669924
18673151
18679229
18686642
18691379
18700000
18701714
18705975
18713859
18716439
18723239
18730547
18732757
18740281
18747777
18750530
18751959
18753720
18759526
18765109
18774677
18779598
18783471
18793207
18793877
18800434
18802331
18805805
18807500
18815613
18820779
18822835
18826476
18832053
18838700
18841183
18850444
18855483
18861570
18866175
18874430
18880276
18880321
18885673
18894181
18899594
18903910
18911914
18920609
18928193
18932112
18934237
18941391
18942127
18946073
18955468
18960234
18966934
18974247
18983690
18988403
18992085
18996171
18999361
19003904
19010534
19018589
19027360
19035498
19039887
19045602
19054271
19058545
19064833
19064886
19067342
19069559
19069683
19070586
19080584
19087620
19091354
19092778
19095058
19101869
19104065
19108888
19110535
19116510
19123252
19125307
19125547
19128058
19136029
19142227
19145076
19147061
19155909
19160831
19168300
19177392
19177835
19181197
19187391
19188279
19192578
19194659
19200286
19206182
19207969
19215518
19217432
19218023
19221003
19228309
19237059
19241391
19244626
19253897
19259821
19268324
19271227
19276964
19282051
19282668
19288548
19296135
19299551
19304554
19313314
19321558
19325770
19326961
19328644
19335401
19336901
19345517
19347504
19357328
19357618
19360701
19368309
19375449
19381738
19389631
19396683
19404709
19412554
19421129
19427932
19434518
19435805
19437933
19444511
19448825
19456193
19456308
19461269
19462278
19472073
19477408
19477747
19479129
19485725
19493067
19495414
19497146
19500736
19501452
19508798
19515614
19523867
19530924
19536453
19545203
19554524
19557916
19566957
19573212
19573526
19579351
19580162
19583493
19593212
19595844
19604924
19610883
19615119
19616411
19623995
19631661
19635497
19638265
19643974
19648150
19655709
19659091
19659764
19660537
19664286
19665813
19673327
19680072
19684425
19694343
19695636
19701524
19704453
19706479
19713823
19717828
19718102
19725407
19730011
19731860
19739418
19740236
19741251
19743204
19743950
19753950
19756630
19759925
19762466
19772448
19780741
19786143
19791213
19796077
19804878
19809605
19819497
19821623
19823466
19825559
19830716
19832441
19842228
19850274
19853070
19856229
19858332
19863407
19871927
19873272
19877403
19881592
19890875
19894810
19902973
19911301
19915598
19922347
19928880
19937665
19939194
19944589
19951991
19961681
19967392
19970994
19971126
19980988
19985082
19992315
20001263
20002791
20005236
20012896
20020736
20030492
20034941
20041672
20045682
20046099
20046931
20049343
20057787
20058986
20068186
20069025
20078244
20081091
20086823
20088983
20094634
20098906
20104283
20112295
20119940
20123481
20131691
20132578
20133164
20136777
20139796
20149428
20150863
20154043
20157649
20167499
20169810
20178605
20186658
20187036
20196531
20204754
20211768
20220939
20229941
20232487
20236256
20239561
20239624
20248411
20251116
20259367
20262201
20265758
20266414
20270897
20276191
20276520
20281027
20283865
20288360
20292994
20297787
20303827
20307182
20309599
20318001
20318310
20322836
20329618
20339513
20340535
20344949
20351412
20360997
20368410
20368605
20374543
20381233
20388612
20396249
20401420
20401630
20404391
20407121
20412608
20419470
20421769
20428975
20433199
20442739
20451074
20457984
20463705
20469679
20477459
20487176
20487863
20488783
20493644
20497565
20501165
20510674
20515125
20520031
20523474
20529262
20536886
20544005
20548032
20556064
20564392
20567337
20577107
20584582
20586438
20591482
20598986
20600207
20604667
20608512
20610975
20612749
20618909
20626793
20633196
20636264
20643895
20651321
20654731
20657748
20661169
20666501
20672654
20676198
20682205
20688637
20693319
20694452
20703130
20704067
20706673
20715283
20722875
20728897
20738082
20739758
20748804
20754913
20761218
20767116
20767199
20774123
20782866
20785843
20793665
20801307
20807248
20817046
20821078
20825799
20828513
20832595
20840986
20847704
20853247
20860320
20864960
20873268
20877736
20886202
20890006
20899691
20906303
20914449
20915982
20925102
20931034
20931521
20940700
20949166
20952786
20961308
20966753
20969598
20971739
20979984
20988580
20992988
21000680
21004381
21010074
21011457
21021253
21029431
21036899
21041006
21045850
21055360
21056533
21063700
21071585
21080930
21081825
21084974
21094493
21099594
21105483
21108897
21113402
21113983
21117217
21121234
21127405
21135962
21141712
21143229
21149557
21157855
21159101
21167688
21169491
21170229
21171536
21177755
21185719
21190441
21190902
21200393
21208742
21211272
21214535
21220836
21223230
21224919
21228773
21231065
21231114
21234694
21239660
21247340
21254934
21256638
21263587
21270189
21273784
21281190
21284795
21294116
21297191
21297885
21305614
21311753
21312362
21313109
21319915
21324624
21326393
21336295
21340192
21343564
21347374
21351331
21355395
21359942
21365844
21368109
21373136
21382552
21385963
21390049
21398657
21402829
21403487
21406284
21409310
21416405
21417105
21417396
21419529
21428625
21438281
21447725
21452447
21461091
21465393
21465617
21468689
21475484
21481556
21487947
21490736
21492524
21496652
21502629
21504753
21507945
21508888
21509796
21514936
21521696
21523354
21526708
21536209
21541779
21547060
21547614
21551558
21555566
21561166
21567933
21575888
21584190
21586616
21594957
21596980
21603388
21608877
21615815
21621494
21624214
21628094
21637232
21640544
21648368
21654413
21659365
21659443
21666651
21666663
21671777
21678445
21687808
21690398
21690786
21698227
21705042
21714236
21717694
21721163
21726490
21728266
21728591
21736234
21742433
21750696
21751484
21761360
21768097
21770616
21772075
21772752
21774527
21776117
21778317
21784410
21789214
21790454
21790955
21793091
21798131
21806157
21812308
21819264
21822930
21828155
21833602
21843583
21853406
21860195
21862691
21865294
21865472
21865807
21873764
21874244
21875331
21877402
21877843
21881825
21891109
21892913
21899675
21907849
21917753
21924231
21930610
21936882
21937000
21937434
21941084
21949087
21953878
21958239
21959150
21961704
21966899
21968461
21970338
21977512
21983054
21986883
21991250
21997099
22004550
22014530
22016243
22021175
22022970
22027905
22033761
22042871
22051169
22057977
22061086
22063300
22072083
22074189
22080636
22083323
22084325
22085228
22088388
22090331
22099718
22104423
22112710
22121555
22127242
22133092
22142080
22144540
22148771
22149397
22155692
22159158
22167402
22172346
22177720
22178067
22179366
22186805
22191079
22194230
22196286
22205326
22207950
22212541
22215411
22218710
22222433
22229877
22238677
22245314
22252903
22260191
22262145
22263643
22271661
22274252
22280602
22289252
22290087
22295181
22304476
22314128
22318499
22323991
22325411
22333143
22338355
22346029
22351810
22359670
22361814
22368499
22369282
22377011
22380203
22386347
22394614
22399083
22405736
22407046
22415751
22425127
22431936
22435519
22442040
22445965
22450166
22452734
22462170
22463334
22466379
22474251
22475604
22481989
22491891
22492863
22495004
22501981
22511205
22514846
22521386
22524570
22530193
22533995
22539001
22545678
22547786
22552825
22557657
22565968
22570803
22574072
22577424
22587090
22594955
22601071
22603638
22603916
22605425
22613671
22613802
22616062
22623075
22626920
22634562
22635786
22636449
22644643
22651414
22659202
22659973
22663618
22671874
22673687
22680441
22686768
22694706
22703014
22708200
22714786
22717070
22720146
22726214
22728472
22733543
22737766
22747142
22753730
22753928
22760705
22763608
22766569
22771500
22780259
22781221
22786244
22793619
22796857
22802334
22812009
22814417
22816676
22817132
22821498
22829975
22832495
22840446
22841404
22849790
22855132
22859962
22868083
22876386
22878982
22884819
22893670
22902255
22911980
22921787
22924466
22934100
22942604
22947122
22954295
22954578
22958208
22965122
22974110
22978041
22987115
22991319
22991804
22996112
22997408
22998182
23000308
23006329
23007777
23013794
23021329
23025917
23033152
23040276
23041259
23047616
23053600
23056460
23065037
23065475
23075005
23077692
23081982
23090510
23099032
23106742
23109363
23117870
23125227
23132695
23140708
23140959
23145455
23152374
23155931
23164846
23166271
23174569
23183481
23188612
23197351
23204708
23206654
23210195
23210267
23211539
23212591
23215589
23220199
23221969
23224914
23225945
23232763
23236570
23242615
23249579
23258758
23260470
23264666
23268682
23270774
23278491
23284161
23291194
23298983
23301149
23307779
23311152
23316586
23316964
23319132
23319800
23327096
23331346
23340719
23343763
23344777
23349326
23355252
23362202
23370724
23374115
23377845
23380557
23385869
23394860
23404366
23407258
23407583
23407650
23409436
23410519
23416032
23421197
23430354
23439208
23444545
23450969
23452937
23455998
23459424
23466478
23472443
23480802
23481288
23482950
23488921
23498307
23505269
23514693
23520212
23525920
23528381
23531748
23540081
23548547
23551200
23556198
23558003
23558258
23565820
23570270
23576643
23578471
23584382
23590697
23593853
23596728
23601774
23605791
23614854
23620711
23624430
23634050
23641849
23643855
23649993
23652891
23662513
23667971
23673246
23683218
23683507
23690549
23691958
23700896
23701019
23703485
23710350
23713034
23721715
23723463
23727166
23732402
23736749
23744779
23748422
23756709
23762372
23764590
23768406
23777780
23777828
23785825
23792253
23792305
23797870
23798547
23805225
23812642
23820194
23821009
23828618
23838286
23846950
23854594
23860169
23867666
23875255
23877680
23881271
23887593
23894230
23902319
23903655
23905058
23911317
23915822
23919351
23925081
23934402
23937834
23947183
23956629
23965206
23974754
23982277
23982643
23991915
23993312
23997735
23998404
24004412
24007159
24012545
24021382
24024517
24026646
24034238
24043641
24045405
24046395
24050787
24052081
24056006
24056771
24061210
24061686
24070387
24071500
24078121
24078427
24084037
24084974
24091877
24099441
24106876
24113573
24116373
24126023
24130091
24138531
24147844
24148338
24153389
24156961
24166441
24171328
24174601
24182568
24186151
24186755
24196597
24202562
24211680
24212696
24222073
24228330
24232544
24240104
24240712
24243098
24249371
24249891
24258452
24266058
24272912
24278230
24280840
24288548
24291940
24301597
24307737
24308080
24316488
24325288
24334633
24334890
24344815
24350627
24351112
24359765
24367660
24368155
24371342
24374755
24380193
24383102
24393045
24401488
24405068
24408823
24412176
24421091
24426064
24427968
24432941
24435817
24443234
24444768
24451143
24452506
24461996
24470437
24474226
24476152
24476191
24486038
24493415
24495064
24503987
24509333
24515383
24519801
24524038
24525821
24528852
24533357
24539039
24540654
24542225
24542836
24550793
24557373
24561456
24567761
24573029
24573371
24574949
24581630
24588534
24592329
24594660
24604359
24613631
24620215
24623648
24625456
24634721
24641760
24648001
24648264
24648459
24658265
24665136
24674038
24675384
24676075
24680233
24684451
24689558
24699377
24703561
24708424
24715515
24718710
24723809
24728748
24729376
24729927
24737086
24739664
24745932
24746639
24747953
24748052
24750388
24752256
24753754
24762260
24770333
24774864
24780560
24789752
24793909
24798195
24798246
24806866
24809812
24816668
24826065
24830870
24838598
24838904
24845049
24847238
24853580
24855170
24864491
24871743
24877437
24885565
24893876
24900677
24908905
24917431
24922476
24923264
24924652
24930672
24932357
24936961
24941353
24944580
24951480
24952722
24954544
24956514
24960849
24963942
24973401
24980252
24980933
24982557
24986946
24993992
25001671
25003647
25012997
25015051
25023716
25026631
25029525
25033782
25034443
25043091
25048366
25048645
25058645
25058940
25068243
25069526
25075772
25083400
25092172
25099675
25100378
25103407
25112368
25117451
25119463
25125895
25133909
25137353
25145157
25154196
25163521
25173236
25176053
25182638
25184661
25189707
25198405
25203682
25212382
25218866
25227189
25234117
25235412
25241467
25248745
25251521
25254172
25263397
25269546
25276322
25285799
25289314
25290024
25291154
25297544
25303557
25306773
25311796
25320404
25321184
25325153
25332686
25341526
25347681
25354310
25354461
25359019
25368459
25373397
25380267
25386944
25391329
25401239
25408770
25414995
25423373
25428649
25435727
25444642
25451160
25460771
25461566
25467297
25477065
25483849
25493260
25500989
25507747
25510658
25517915
25526224
25530011
25534544
25537015
25546234
25554099
25558519
25559403
25559405
25567762
25570288
25578525
25585277
25589921
25591669
25599054
25601538
25606732
25612934
25616193
25625272
25627018
25635402
25641990
25643486
25652532
25656224
25663244
25663507
25671444
25678868
25683288
25687380
25689416
25690032
25695459
25697100
25698215
25702451
25712177
25720149
25729300
25734375
25736357
25740904
25750658
25758441
25763479
25770706
25776171
25783058
25788632
25791409
25797448
25802862
25810825
25811459
25813906
25822103
25825737
25832960
25837364
25837612
25846595
25849583
25851904
25856694
25865518
25871645
25871683
25880152
25887171
25894276
25899329
25901432
25907015
25910623
25914974
25921548
25926982
25936120
25939869
25945640
25945714
25955673
25959098
25965836
25973819
25978112
25987165
25994194
25995195
25999344
26008184
26016910
26021434
26028880
26030940
26038635
26040233
26041759
26042372
26048437
26052655
26058512
26064493
26071549
26080699
26082458
26089628
26090282
26091185
26096940
26102686
26107373
26112825
26119491
26123809
26130881
26140113
26141395
26146521
26148928
26151597
26160121
26165595
26168086
26168923
26173019
26176297
26180394
26182144
26185718
26190439
26198801
26202942
26204534
26205664
26208050
26213859
26215743
26217029
26219828
26227433
26235331
26243912
26250329
26251586
26256957
26261592
26266458
26270305
26273278
26274107
26282013
26285116
26287725
26290858
26291739
26293722
26299447
26305401
26312746
26315667
26322578
26326775
26335557
26335852
26343694
26344297
26346185
26346825
26348088
26352574
26362273
26363948
26363981
26367505
26376052
26379341
26379407
26388859
26390515
26392643
26401206
26410604
26418228
26424838
26426086
26426583
26427787
26435045
26444580
26453449
26456989
26464060
26466503
26475420
26482011
26489629
26494363
26504167
26505685
26515249
26519953
26522939
26525413
26527488
26531049
26537519
26544741
26547709
26553504
26561032
26562643
26571868
26572649
26576394
26580264
26580752
26582009
26587018
26587707
26592892
26600896
26601193
26604879
26614762
26615321
26624093
26627659
26630030
26637935
26642910
26648616
26656598
26666570
26672939
26680735
26682846
26687941
26697253
26697629
26698340
26702646
26710062
26710159
26710695
26719270
26720761
26722633
26730244
26735910
26741103
26749483
26750573
26751232
26759679
26769001
26770819
26775231
26782639
26790412
26796457
26803211
26808635
26816814
26819878
26826011
26833859
26835135
26839815
26848829
26850391
26858861
26860509
26863635
26865597
26868868
26871645
26876135
26882776
26885475
26890598
26894624
26896164
26899234
26902890
26903634
26913035
26915997
26923973
26924607
26926055
26930102
26937655
26939024
26944913
26953677
26954105
26962553
26964717
26968318
26974886
26982573
26982922
26983642
26985112
26989530
26995733
27004103
27008374
27015764
27017852
27025322
27028497
27032634
27039985
27048691
27055196
27064511
27068598
27077390
27081919
27086189
27092713
27096094
27105697
27106564
27108995
27111148
27116004
27120832
27126682
27130729
27133097
27141433
27143996
27149493
27151144
27160388
27164482
27173637
27176743
27181697
27189099
27196262
27201207
27204617
27206153
27210579
27214836
27223586
27231852
27237144
27246497
27251384
27255434
27256168
27262422
27265015
27271198
27273309
27276594
27283090
27286811
27295000
27299009
27303335
27304061
27308047
27315142
27319574
27321863
27322831
27332424
27333751
27335592
27345070
27354054
27363233
27370644
27376422
27385226
27390006
27396811
27401629
27405065
27409023
27409550
27410316
27410330
27418162
27422849
27425024
27434979
27440157
27448513
27449396
27458775
27459890
27467030
27470113
27470722
27479950
27484486
27486433
27491903
27498099
27504719
27508572
27514227
27517484
27521112
27522426
27528262
27534941
27538729
27545124
27553923
27555870
27562689
27567062
27571806
27572312
27582125
27589337
27596682
27601426
27602248
27605743
27613653
27616008
27617457
27617893
27621536
27626378
27627337
27631507
27635689
27637681
27639090
27647738
27656352
27659528
27669181
27677091
27682301
27682771
27691961
27696777
27706102
27706615
27714187
27717168
27723356
27723717
27732552
27742418
27750424
27754560
27760334
27767482
27775052
27776814
27781686
27781830
27791069
27794775
27796817
27804074
27805725
27808070
27810935
27817085
27819467
27824116
27825652
27835312
27844189
27853870
27863516
27863744
27865430
27873125
27877788
27886457
27894561
27895125
27901406
27902698
27904499
27909128
27914189
27920915
27929789
27933579
27942066
27945773
27953572
27958547
27967955
27969849
27978056
27987460
27994365
28003099
28012008
28014006
28015102
28021618
28021640
28028890
28033927
28035976
28040755
28046653
28054931
28061556
28064330
28065183
28070016
28077576
28086792
28087401
28091898
28098749
28100269
28104542
28110451
28115003
28121682
28123503
28131910
28133805
28138480
28145978
28147331
28151763
28160565
28166878
28169593
28172442
28181315
28188625
28197018
28199823
28201561
28209426
28214466
28219593
28227172
28233543
28239663
28249601
28258601
28267106
28273904
28274790
28275363
28277771
28279060
28287058
28288708
28295069
28301336
28306916
28314052
28319399
28320482
28321920
28327312
28332616
28340920
28349768
28353092
28353920
28357842
28362692
28363917
28370660
28379618
28381128
28390314
28398417
28399088
28401105
28408418
28414152
28416107
28425455
28428072
28434391
28435029
28443815
28448386
28456946
28465341
28471136
28471204
28477832
28485086
28486434
28495609
28502389
28504462
28506725
28507505
28516282
28521814
28526454
28535795
28538700
28543259
28551268
28553707
28553978
28563611
28564434
28567429
28571949
28581218
28590681
28593986
28602712
28606683
28616655
28618254
28618404
28620786
28620810
28624291
28628702
28631592
28632849
28633287
28642964
28647849
28655616
28655981
28660603
28661767
28666045
28666702
28671947
28673753
28682175
28685982
28693422
28693770
28696477
28705549
28707802
28709561
28717100
28726278
28726489
28728187
28731922
28732743
28742501
28745092
28745706
28746692
28752506
28754370
28763274
28764344
28769765
28771421
28779303
28782884
28791408
28793710
28801883
28805241
28810134
28817570
28818313
28823538
28823779
28824840
28833671
28835129
28841818
28848909
28852148
28855717
28859142
28868385
28869752
28872078
28879815
28885803
28887476
28888080
28888198
28895883
28904596
28905147
28905735
28915691
28922845
28925351
28935178
28941641
28949718
28949881
28953955
28963323
28964578
28967337
28976867
28977160
28984716
28987776
28996344
29002303
29002900
29006613
29011012
29011551
29020657
29025569
29026993
29033308
29037598
29044894
29054357
29055152
29057629
29062465
29063880
29072413
29079082
29083085
29083601
29085448
29086130
29092887
29095478
29097089
29105372
29110868
29119419
29120607
29124202
29132003
29139241
29139576
29146116
29155581
29157704
29165805
29171952
29178521
29179368
29187899
29197172
29197184
29199436
29200982
29207325
29213586
29220522
29227333
29227373
29231470
29232582
29240557
29245364
29247970
29255837
29265782
29266852
29275715
29277834
29283675
29291971
29301200
29308088
29308400
29314221
29314954
29318498
29319053
29321502
29328862
29336012
29345019
29353417
29357430
29365850
29370982
29372960
29376379
29380042
29389612
29391986
29400163
29407028
29415107
29415686
29419998
29423477
29429101
29433926
29441418
29447861
29457626
29467073
29476078
29476216
29478055
29482086
29483337
29488282
29490181
29491311
29499770
29504974
29509809
29519179
29519661
29528251
29533858
29536681
29542625
29548391
29549457
29552925
29560061
29562492
29566121
29575965
29580993
29583385
29591160
29593599
29599053
29604215
29611993
29618142
29622153
29625921
29634322
29637367
29645462
29645672
29648822
29658389
29667904
29674779
29680589
29687151
29692815
29694258
29703389
29705040
29714348
29718900
29723361
29733154
29735951
29739425
29746038
29746341
29748372
29753815
29761693
29768756
29777056
29782192
29786983
29788955
29798133
29802072
29807654
29816881
29823858
29829123
29834673
29842417
29843420
29843477
29853055
29860263
29866627
29868270
29876904
29878894
29881676
29882394
29887012
29893181
29894381
29894848
29899213
29900291
29905671
29911754
29920481
29928969
29938567
29941704
29949506
29959497
29964924
29966756
29972336
29979168
29988501
29996883
30003768
30007709
30017107
30019929
30020801
30022168
30022951
30025244
30027981
30033921
30039988
30046361
30055570
30058128
30062752
30072512
30076300
30079682
30083405
30091569
30094986
30095779
30097135
30102244
30103088
30105752
30107354
30107502
30108316
30118110
30122915
30124389
30130999
30139387
30143766
30153142
30155163
30155882
30164479
30169642
30170756
30173792
30177288
30178160
30183025
30190549
30199304
30207407
30208892
30216876
30217739
30226789
30235957
30240211
30242365
30244916
30248006
30251194
30260843
30264083
30273689
30283037
30283980
30290203
30299567
30306270
30314537
30316313
30319501
30328369
30330846
30333374
30341818
30343336
30352917
30359561
30365191
30368774
30375841
30379047
30383492
30389402
30397903
30397952
30405705
30414670
30422276
30423410
30428856
30436225
30440522
30447011
30447454
30452113
30455110
30456198
30465469
30469225
30476183
30484156
30486004
30487756
30493210
30494263
30499229
30502472
30506265
30515140
30520742
30525772
30531107
30537727
30545696
30555224
30557661
30559955
30562130
30572034
30577395
30584302
30585676
30591488
30599267
30607160
30609921
30610666
30619957
30627204
30635638
30637494
30645150
30652487
30660783
30664412
30672158
30681779
30685273
30688765
30688991
30693284
30702391
30704025
30707953
30713095
30717774
30727020
30735832
30741653
30747555
30750626
30760579
30763486
30767824
30775470
30783050
30786105
30795707
30804910
30807399
30812327
30816307
30824307
30831612
30834963
30843027
30843328
30846485
30847756
30852300
30859911
30866808
30876619
30878498
30888094
30890520
30892808
30897152
30898776
30906783
30912055
30916499
30918075
30918469
30923495
30927460
30928839
30935415
30944482
30945440
30955212
30957686
30960495
30966469
30970813
30972210
30978664
30987154
30995757
31004641
31012344
31020984
31026934
31028259
31029892
31034471
31044195
31051188
31059298
31061707
31062249
31067034
31070951
31073768
31082714
31089506
31098540
31102764
31107585
31107706
31112017
31119141
31126943
31127417
31132391
31136864
31144290
31152206
31153803
31156234
31160770
31161391
31169751
31174615
31175891
31178902
31183317
31189826
31194484
31197252
31199139
31203931
31205411
31211490
31214045
31216581
31221056
31227572
31231892
31233532
31242880
31250457
31250752
31250922
31254645
31260981
31262483
31265959
31271821
31275717
31284865
31291140
31294457
31298393
31302372
31307969
31310937
31312126
31314845
31315039
31324887
31326235
31327146
31334596
31339389
31348774
31355374
31359523
31368180
31376540
31383171
31389325
31390058
31396908
31406539
31413538
31414127
31415157
31418386
31419623
31421662
31422980
31425119
31426565
31435521
31439708
31442405
31445960
31447069
31456541
31459724
31465051
31472313
31482057
31482444
31485019
31485404
31492844
31498562
31498844
31507263
31511281
31516555
31523978
31528186
31530543
31536887
31542169
31546188
31548829
31550661
31555517
31563457
31568348
31578214
31578286
31587094
31588529
31592179
31597654
31601878
31601990
31604361
31605527
31614842
31617803
31626667
31628614
31630854
31637478
31642361
31647786
31652355
31656212
31657088
31665404
31666913
31671990
31674662
31677284
31677368
31679101
31685728
31685947
31691414
31692789
31695006
31703582
31711670
31717296
31720288
31730080
31732638
31735185
31744288
31749393
31758297
31761187
31769671
31774099
31775366
31783263
31785381
31793897
31800209
31807026
31808410
31814000
31820247
31829571
31833297
31840810
31846822
31851273
31858884
31860654
31864189
31869375
31878263
31885574
31892349
31901739
31910775
31918902
31924710
31926570
31929466
31934236
31941621
31942897
31944356
31950593
31956895
31961733
31962610
31970252
31978733
31985167
31992027
31994560
32003109
32007345
32008091
32017235
32024736
32026835
32028779
32035326
32041522
32043216
32046086
32053935
32054701
32060048
32068378
32076960
32081451
32084556
32088648
32098547
32102638
32104637
32106940
32113932
32118342
32120610
32129360
32129420
32131433
32137245
32137932
32145070
32153979
32159323
32162349
32169715
32174996
32178462
32179647
32184495
32186964
32195613
32202702
32206217
32207793
32214685
32217489
32220260
32222073
32231356
32236423
32239329
32243939
32246893
32256252
32264958
32268745
32277418
32282512
32290732
32297954
32306828
32307178
32309753
32319572
32324256
32333904
32339521
32342696
32346127
32349419
32350349
32351648
32360029
32366773
32376257
32382886
32385418
32386531
32394772
32400789
32404881
32405916
32410947
32411117
32412245
32413159
32415655
32417984
32420775
32427135
32428058
32428928
32436189
32439935
32447843
32448637
32449622
32452265
32454627
32455179
32456244
32463693
32473686
32482492
32491555
32496947
32502239
32502830
32503740
32509187
32515100
32518948
32523385
32528563
32538244
32547108
32554689
32556211
32560731
32561871
32564443
32571815
32576837
32581935
32590065
32593048
32601140
32603098
32612526
32613026
32620462
32625026
32633583
32643274
32652307
32658587
32660871
32663698
32667860
32670190
32679863
32687366
32690226
32699231
32704076
32709873
32716016
32724515
32726640
32730320
32737804
32738753
32748155
32754561
32754901
32759935
32768695
32773997
32775340
32778738
32784355
32789382
32789542
32792404
32802381
32804799
32806838
32809902
32815981
32824727
32828282
32833557
32839916
32842066
32848494
32851549
32861068
32863528
32867967
32870774
32877518
32877897
32886234
32892593
32902114
32907575
32916238
32919549
32929526
32930392
32931935
32941077
32949966
32952338
32956035
32963846
32968225
32977427
32984629
32993708
33001404
33008126
33016085
33022210
33024793
33033548
33040443
33045994
33049352
33051323
33057587
33060188
33063206
33069451
33071815
33073125
33082946
33087648
33089292
33096532
33101265
33108121
33109778
33119573
33121455
33123064
33132304
33133886
33137355
33139227
33143719
33153129
33160665
33167445
33171682
33174230
33178478
33181708
33188518
33189381
33190115
33196476
33198905
33200141
33203496
33208032
33217740
33218916
33220598
33228633
33230723
33235002
33238449
33243969
33248953
33254497
33258645
33265958
33272127
33279883
33289819
33298711
33299193
33303376
33307625
33314991
33315623
33319703
33322627
33331289
33340887
33348713
33349856
33357324
33364461
33369403
33370719
33372782
33374724
33379522
33383096
33391559
33393937
33397742
33406279
33409666
33411531
33419085
33428465
33434302
33434694
33439624
33442547
33452160
33456995
33458395
33461933
33466659
33473802
33481563
33483850
33485259
33494527
33501603
33501648
33502624
33504553
33512378
33514508
33524047
33529954
33538661
33539784
33541788
33546455
33548158
33550305
33559405
33566932
33571011
33580784
33582614
33586114
33587872
33588150
33594725
33596640
33605014
33609294
33610973
33616640
33623225
33633035
33641563
33641996
33642984
33646069
33651313
33653563
33655883
33664469
33672822
33673675
33683603
33690258
33698416
33705237
33707364
33712876
33715031
33718013
33723012
33732532
33738527
33741463
33746128
33751106
33756915
33759739
33769475
33778216
33780491
33782782
33784069
33790287
33793270
33799860
33808544
33815518
33825210
33826368
33828424
33828775
33838653
33844767
33848264
33852071
33860933
33865392
33872883
33878600
33882540
33884900
33889553
33898271
33907220
33910617
33920442
33924669
33925803
33928101
33930012
33937401
33946508
33951888
33957722
33967585
33977504
33984810
33988286
33989116
33993855
33995953
34001916
34005410
34010450
34017468
34018987
34028358
34032710
34033886
34034699
34037813
34038285
34045837
34050362
34059928
34069025
34077369
34080463
34087319
34090609
34096958
34101474
34102540
34103730
34103923
34104964
34114634
34116191
34120694
34123573
34127808
34127923
34134139
34143856
34145499
34147090
34154894
34155301
34162255
34167413
34173937
34174691
34178214
34184674
34187289
34193334
34195098
34199583
34208439
34211508
34217560
34218597
34223893
34227435
34236051
34242201
34246535
34255795
34261237
34265396
34271440
34272881
34276810
34277711
34279985
34289807
34290854
34292072
34301349
34310780
34315202
34324312
34333655
34338638
34345601
34350300
34354960
34360022
34369509
34373949
34374451
34378055
34378289
34385804
34389248
34394712
34398096
34398594
34407327
34412082
34416910
34425899
34434550
34444454
34444542
34444835
34454793
34461460
34464693
34471186
34479929
34488488
34497737
34506730
34508118
34508550
34511106
34517093
34518538
34518713
34520827
34529224
34534835
34539332
34544164
34549637
34555685
34559028
34568975
34576347
34579838
34580882
34582790
34589173
34595498
34602596
34609441
34611847
34615639
34621280
34630267
34634985
34637840
34645544
34648255
34655810
34657137
34664532
34672002
34681505
34684938
34687296
34694112
34697620
34706964
34714551
34717595
34722480
34722676
34726716
34733477
34740795
34748629
34755539
34758478
34762580
34766739
34769792
34779090
34785861
34793162
34793502
34803037
34805114
34811183
34817449
34817471
34823079
34824820
34829535
34830464
34830543
34831130
34839750
34846274
34853276
34856791
34858789
34864047
34866718
34874787
34879429
34885107
34891985
34895437
34899870
34901910
34910298
34914186
34915476
34921422
34926032
34935009
34941219
34942059
34945584
34952403
34960638
34965994
34966666
34967884
34974068
34983774
34991549
34996871
34998759
35002889
35011699
35020866
35024473
35031338
35038517
35048121
35048731
35058499
35060296
35065767
35074074
35077617
35077696
35079689
35089039
35089737
35093792
35096792
35101459
35102025
35107639
35109862
35112650
35118810
35119281
35121437
35124516
35125469
35126071
35128659
35138060
35143261
35143624
35148694
35157304
35162429
35166499
35171051
35175615
35178464
35185248
35189511
35196121
35201525
35205603
35206334
35206935
35212647
35219409
35223016
35230616
35232212
35232996
35239587
35248925
35258886
35264620
35273249
35278802
35287669
35288966
35298926
35305691
35310024
35317031
35320394
35326804
35327905
35330596
35339207
35341428
35342974
35347428
35349483
35352255
35356797
35360567
35369795
35376377
35386089
35389123
35395405
35403135
35403712
35412786
35419719
35429024
35434292
35435249
35442712
35446244
35452574
35456448
35461005
35461032
35466277
35470521
35474514
35481768
35487819
35493157
35502007
35506525
35513627
35514245
35522380
35525058
35532003
35537061
35546692
35547766
35552604
35557876
35562959
35569513
35574194
35584058
35591490
35597099
35597544
35605571
35607707
35614656
35617388
35624652
35633160
35640104
35649973
35653056
35657094
35660342
35663177
35666317
35668527
35673966
35677528
35685094
35691575
35699501
35705524
35711609
35720120
35722991
35727028
35730252
35738608
35746556
35752637
35752673
35760590
35764117
35764960
35769204
35771191
35775612
35783316
35784972
35792827
35795292
35797254
35802281
35802808
35804208
35806023
35806044
35807973
35812303
35814219
35819101
35825101
35831155
35836832
35842041
35845712
35847128
35855916
35862395
35866135
35870867
35874295
35877170
35883269
35890500
35891818
35900192
35903423
35903653
35908244
35916010
35921952
35926503
35933597
35940366
35950133
35953147
35958158
35963449
35970573
35971434
35975421
35982618
35991406
35995012
36002489
36004583
36006320
36013508
36015462
36024710
36025404
36025712
36029356
36033017
36038769
36042933
36050446
36053955
36061976
36062152
36070713
36079514
36086416
36089555
36092707
36094493
36103427
36109850
36118381
36119469
36126277
36132043
36134715
36136448
36140369
36141188
36144716
36153935
36162370
36164675
36173131
36178073
36186572
36191063
36199702
36208806
36217128
36219177
36228625
36231787
36239690
36241223
36249979
36255442
36262712
36269319
36269698
36278591
36285826
36285847
36291938
36293741
36302731
36311598
36312622
36320140
36327587
36333535
36341498
36344561
36349109
36350484
36358590
36360859
36366149
36370218
36370317
36377746
36385400
36385911
36386555
36387264
36395232
36395586
36401294
36405185
36407765
36410343
36418762
36423874
36424189
36433878
36436336
36436926
36437103
36437517
36439911
36440339
36447800
36456812
36463709
36469727
36471599
36478843
36481888
36491878
36496893
36504493
36511466
36512142
36516142
36521948
36523827
36532152
36536195
36543408
36544717
36552008
36552377
36560180
36564444
36568139
36568391
36570023
36576901
36581131
36590549
36598695
36606772
36613146
36614858
36618002
36623219
36626939
36632957
36633501
36641852
36648655
36653345
36654329
36657528
36664071
36666044
36674679
36676389
36682113
36686795
36687537
36690356
36698376
36704282
36705771
36709574
36717882
36721444
36726266
36730985
36739557
36744963
36745764
36747973
36751241
36760179
36769256
36769778
36772183
36780856
36789003
36790266
36800221
36800655
36810368
36816862
36823425
36832339
36836260
36839692
36842652
36846481
36854320
36855237
36857369
36864912
36868082
36868282
36871678
36874830
36881359
36888611
36889099
36892003
36896735
36899751
36900234
36902366
36907246
36910563
36911150
36913507
36914826
36915500
36918938
36926392
36933848
36935402
36942463
36943373
36946446
36949670
36957294
36958979
36963800
36967151
36969637
36972658
36980401
36987484
36993333
36994925
37002595
37008131
37011304
37015625
37019595
37028209
37036592
37039033
37044048
37052323
37060924
37068163
37077824
37085603
37085919
37093202
37101651
37111489
37113670
37117798
37126025
37131127
37134737
37141740
37146493
37151128
37157777
37159172
37159584
37165619
37168290
37175140
37177112
37185634
37189406
37197951
37205727
37205774
37205865
37214188
37221826
37222189
37228672
37233171
37243020
37251758
37254771
37259420
37260627
37266418
37272388
37275764
37282213
37283163
37288600
37293925
37301647
37302594
37303014
37308901
37311976
37315631
37322151
37330773
37338986
37348116
37354698
37358006
37367669
37377545
37379618
37387848
37396043
37402230
37406977
37414135
37418888
37421183
37426663
37429491
37438999
37446649
37453414
37454969
37464703
37467698
37473577
37483357
37486897
37496859
37506641
37512274
37513479
37517670
37526302
37533248
37534489
37536762
37537813
37547679
37547814
37554228
37557069
37559619
37566710
37569945
37576139
37578682
37583086
37585486
37593925
37600932
37608003
37616865
37617345
37624794
37626698
37636458
37644173
37644611
37652022
37655064
37655981
37664932
37667874
37668601
37672203
37674011
37676810
37681498
37681719
37691663
37695328
37703649
37708962
37715548
37722774
37730803
37731639
37738850
37740156
37745373
37753372
37755867
37759817
37765883
37771681
37780367
37781112
37784043
37785532
37786532
37796458
37798214
37803626
37805538
37811170
37819216
37822313
37832040
37834383
37836762
37840445
37842520
37848649
37853126
37854910
37863660
37867025
37868417
37873424
37874360
37878190
37887953
37897218
37899073
37901143
37909929
37915529
37924099
37929169
37936929
37941431
37945330
37950304
37959625
37960252
37961115
37966293
37968986
37973408
37979740
37981522
37985647
37990717
37995062
38000535
38004612
38007700
38012649
38022128
38029166
38030937
38032431
38036124
38039163
38039749
38043491
38049396
38058238
38064224
38070147
38075513
38077805
38079607
38082966
38091766
38100438
38102335
38106382
38111616
38118398
38122065
38123296
38126351
38134584
38139677
38147281
38153494
38160182
38165744
38166191
38167756
38172233
38182201
38186133
38188579
38196498
38205532
38206858
38215902
38219752
38226814
38233486
38237557
38243369
38243661
38245661
38250839
38252544
38255002
38260386
38264165
38267551
38275378
38276194
38277313
38279247
38280602
38287188
38296308
38299602
38302918
38312914
38316370
38317539
38321861
38328727
38337851
38338475
38344190
38344940
38350506
38358690
38365768
38371079
38379028
38386877
38391690
38401633
38406950
38415914
38421673
38431295
38432906
38437474
38443289
38444234
38445833
38449446
38451510
38460638
38464089
38467345
38474280
38478414
38484326
38486369
38492234
38500722
38504788
38512184
38517672
38518165
38520149
38520464
38528590
38532753
38539269
38546667
38552783
38553204
38557286
38559703
38564577
38570048
38571148
38572187
38578956
38581692
38590856
38592505
38600476
38603510
38608417
38609095
38615942
38625364
38625586
38632021
38636259
38636730
38640834
38648602
38655545
38656240
38656968
38664306
38673403
38676258
38678607
38680237
38683661
38684897
38688517
38692269
38697320
38703902
38712521
38721040
38723778
38730126
38737558
38743684
38749483
38759384
38759625
38759900
38763566
38766525
38774613
38778213
38784137
38793375
38797202
38799397
38807834
38810925
38814037
38816159
38823782
38830866
38840037
38846508
38853740
38856967
38859359
38862427
38862614
38870477
38878636
38879204
38880631
38885166
38892327
38899014
38907663
38915759
38916414
38917996
38923063
38929503
38937528
38941895
38943944
38951502
38959697
38967341
38975728
38980849
38987415
38995523
39001079
39004890
39014212
39018723
39020493
39020755
39030395
39037414
39046615
39049787
39054074
39061263
39068052
39075901
39083543
39087291
39095570
39099681
39107147
39116121
39123973
39125977
39127145
39135261
39144254
39146859
39151654
39154383
39162056
39171644
39173982
39176057
39181759
39187580
39194346
39201495
39210852
39211339
39216816
39220685
39228985
39229007
39229476
39236283
39240838
39245672
39251280
39258733
39260368
39269086
39273074
39282985
39286127
39291716
39300483
39306206
39309619
39315166
39318318
39320440
39326162
39329106
39331244
39331859
39333694
39341881
39351727
39360061
39366903
39375471
39381971
39391507
39399757
39401707
39408894
39410793
39415595
39419677
39423535
39428837
39431076
39432882
39441884
39447608
39455597
39461715
39464723
39470996
39477738
39484735
39486840
39492697
39500589
39505250
39512965
39516334
39518880
39527683
39530684
39532257
39539388
39545460
39551855
39552745
39559538
39563859
39573475
39577140
39585984
39588211
39594572
39602392
39611392
39619534
39621175
39630651
39634296
39638827
39643451
39647714
39657655
39657854
39666876
39674688
39677490
39687289
39687296
39687404
39696110
39705986
39712931
39721274
39723972
39727185
39737159
39738866
39746891
39751450
39753432
39763360
39764755
39774477
39776835
39779676
39788583
39790234
39790348
39791010
39800855
39808606
39809430
39818841
39819602
39821978
39822834
39830055
39838988
39839615
39848471
39857659
39862777
39868726
39870813
39880455
39881036
39883935
39885017
39886075
39887483
39892692
39898441
39901979
39901984
39905595
39905756
39913424
39917781
39918207
39925018
39927526
39929615
39934542
39934901
39937270
39944004
39948921
39949928
39954001
39962681
39970327
39978959
39988130
39994136
39999904
40008311
40016206
40026132
40029473
40033154
40041101
40049174
40056551
40058999
40064902
40067918
40068405
40069144
40073979
40075393
40082722
40083507
40092770
40097276
40102077
40102163
40105254
40111430
40118434
40127285
40135928
40137318
40141623
40151347
40154606
40162847
40172306
40174065
40176756
40185537
40191456
40198417
40202920
40203158
40212336
40221291
40225899
40230766
40233572
40238741
40244979
40254737
40259821
40268838
40274061
40282422
40285123
40288190
40296726
40301202
40306381
40307588
40314799
40316429
40319525
40321624
40322793
40326705
40335333
40336692
40342001
40350555
40359413
40362242
40365043
40369129
40376055
40384809
40389590
40396938
40399651
40399749
40403323
40406649
40415442
40418916
40424032
40425970
40432079
40439952
40446181
40454441
40456425
40465619
40471425
40476979
40485438
40494775
40502775
40507201
40511752
40512059
40516643
40520831
40530031
40532007
40538013
40546114
40553814
40560519
40563335
40568329
40575378
40582786
40592165
40595985
40601274
40601521
40601961
40611046
40613601
40614650
40623656
40625646
40630444
40638569
40641479
40641792
40650278
40656027
40664261
40670425
40674873
40676703
40682840
40691929
40696101
40701892
40709527
40719443
40727576
40730617
40737994
40744885
40750181
40754619
40758335
40767876
40768382
40770042
40775918
40776354
40779807
40779913
40781556
40789465
40797726
40798073
40805981
40812572
40820831
40824606
40828671
40834908
40842098
40844444
40849819
40851704
40860317
40864681
40873300
40879952
40883715
40887300
40889061
40891748
40900374
40907906
40917808
40922081
40928071
40928099
40934751
40944651
40945254
40954303
40959383
40969226
40978704
40983953
40984471
40985871
40990537
40996261
41003301
41006753
41009837
41019730
41020350
41021325
41023208
41027093
41028185
41028971
41037105
41037260
41039251
41048361
41050972
41054639
41062097
41063920
41067340
41071074
41078609
41080549
41083347
41088489
41093877
41098428
41104018
41110324
41112199
41115148
41118101
41126102
41126205
41129296
41137397
41145405
41147026
41155177
41160994
41162101
41165064
41165097
41173230
41173378
41181879
41184911
41188368
41189055
41196536
41200088
41206603
41215745
41221252
41227619
41228788
41229108
41230863
41232198
41242049
41245507
41246006
41246240
41255600
41256107
41263432
41267494
41273054
41274666
41278817
41285792
41288412
41297924
41304072
41313223
41319711
41325330
41329856
41339236
41348937
41355097
41356575
41360005
41364766
41371293
41372667
41373130
41375256
41383059
41391025
41395164
41400949
41406723
41414351
41423224
41432867
41438080
41441135
41446288
41453819
41462450
41470266
41478557
41482616
41489073
41494764
41500081
41501836
41502843
41511355
41519284
41523877
41529178
41538801
41541397
41550497
41555473
41560770
41561474
41566409
41574255
41583361
41590045
41595135
41598376
41602278
41603874
41613006
41614223
41616526
41616594
41622511
41627599
41629140
41637088
41638909
41640925
41645223
41647911
41655179
41659201
41662444
41664854
41672565
41679235
41679583
41686335
41691917
41694861
41699431
41702417
41703784
41709456
41715065
41722249
41728437
41735297
41742318
41746520
41754045
41755906
41765419
41767821
41773070
41774241
41776063
41784155
41793904
41794688
41801376
41805381
41814181
41816463
41821932
41827566
41829222
41831278
41839575
41842672
41844987
41851595
41860191
41861156
41863500
41868152
41871657
41879186
41880388
41881520
41884353
41891238
41895575
41902718
41911093
41912312
41914205
41919512
41928954
41931495
41939356
41939700
41946771
41946903
41953144
41961017
41965291
41970210
41977922
41983609
41984050
41987592
41989144
41992134
41993147
41999137
42005408
42007230
42016012
42020760
42021724
42030229
42031540
42034614
42036749
42039923
42043504
42053007
42059703
42061785
42069416
42070266
42071823
42074026
42077810
42078599
42081912
42089850
42093999
42102229
42109753
42119010
42124323
42124500
42126571
42128974
42138131
42145621
42145775
42145914
42149218
42152683
42158999
42160195
42160651
42163866
42164752
42173202
42178342
42179780
42180301
42181884
42186362
42186906
42192501
42195935
42200163
42209764
42215812
42219775
42221453
42228098
42233217
42240803
42247490
42255528
42259816
42268622
42275503
42282198
42289945
42291307
42294057
42295604
42297603
42300825
42304981
42310478
42310841
42314462
42317952
42321558
42329283
42337294
42344992
42354175
42363903
42370980
42377014
42381195
42389005
42391750
42400046
42406202
42410224
42417593
42418252
42418924
42421381
42422208
42424548
42430709
42436645
42440266
42449891
42452703
42460393
42467676
42471243
42475033
42478347
42486466
42493088
42498003
42504123
42511732
42520431
42528072
42529806
42530835
42535340
42536244
42536280
42541961
42545773
42554379
42558063
42567232
42574032
42581868
42588599
42590547
42600016
42600520
42600928
42605232
42605380
42612201
42617001
42624348
42629149
42633685
42642399
42646769
42649373
42655424
42665003
42666111
42669203
42675349
42679441
42684833
42689056
42695788
42698658
42704856
42707569
42713178
42720443
42728128
42733214
42742163
42749680
42754122
42754147
42758925
42761967
42769174
42771348
42773461
42775621
42781196
42782971
42792875
42796642
42798510
42805975
42812118
42817909
42820747
42827006
42832987
42833937
42834165
42843487
42848445
42857777
42858482
42866191
42870839
42871131
42877817
42884434
42887220
42888679
42896879
42897437
42903750
42913726
42922225
42930060
42938697
42946478
42947730
42947787
42955138
42961323
42964043
42971586
42977695
42983848
42992569
42996559
42999677
43001028
43003466
43003804
43010316
43018168
43021513
43030705
43039957
43046665
43048556
43053753
43056289
43058826
43059628
43066544
43070910
43079848
43080568
43085269
43091358
43091836
43101137
43101879
43106817
43106988
43107366
43116908
43126420
43131169
43139462
43148607
43157393
43163608
43169447
43171755
43171992
43180756
43189406
43194465
43200590
43206863
43212789
43219524
43229321
43237101
43240708
43244606
43246934
43255777
43259034
43259214
43266699
43267962
43272468
43276131
43282373
43286304
43286906
43287804
43296693
43297171
43301355
43309038
43313955
43317379
43320785
43326410
43334807
43339903
43348184
43355331
43359119
43362729
43363153
43370674
43371244
43372099
43374707
43384403
43391420
43400240
43404777
43409831
43418234
43419903
43425240
43435023
43444213
43453669
43461927
43467325
43471917
43477334
43484312
43490957
43500803
43503068
43512607
43517578
43519613
43520972
43524844
43531560
43532805
43533128
43534696
43542988
43545830
43553561
43558405
43558819
43567083
43576057
43585129
43592176
43593315
43596562
43605589
43607325
43610046
43611531
43617204
43623545
43626240
43626251
43632326
43632477
43634102
43637306
43644037
43647812
43649072
43652930
43653968
43656417
43664873
43673736
43680396
43684379
43691412
43698686
43705363
43712299
43718799
43722580
43729474
43735573
43744445
43746535
43750754
43754686
43761222
43770320
43775153
43777693
43782844
43784023
43787272
43791058
43800512
43807131
43817019
43823159
43832827
43835160
43836706
43840683
43842380
43847401
43850619
43856427
43857984
43864032
43871098
43872131
43878429
43887976
43891802
43892794
43900178
43906166
43908650
43916715
43918173
43919454
43927442
43932062
43938832
43939733
43940839
43949956
43954976
43957315
43957807
43958126
43966682
43966820
43971956
43973014
43981477
43986261
43991862
44000403
44009358
44016316
44021447
44024944
44029951
44031294
44035580
44038131
44044917
44049402
44056940
44061810
44071696
44074159
44075089
44076462
44083272
44090504
44096569
44102389
44104767
44112202
44113108
44113402
44119153
44119285
44124313
44127442
44131253
44139596
44146510
44154478
44162809
44170322
44171142
44180884
44184490
44188140
44193912
44197852
44204563
44205044
44209296
44217900
44222770
44224501
44234292
44241620
44245933
44248089
44248940
44253932
44262066
44265679
44269643
44271638
44275104
44276520
44284455
44284666
44292521
44296840
44306091
44308025
44310979
44316481
44321027
44325761
44333040
44340906
44346172
44353639
44353683
44362534
44366605
44366910
44373236
44373470
44374281
44381080
44389919
44390706
44392361
44398221
44403514
44411665
44416894
44425116
44428528
44432636
44439719
44446668
44456628
44464298
44470849
44476673
44478308
44484896
44492700
44499377
44506643
44506896
44515626
44521638
44525952
44531158
44535920
44540515
44544352
44552840
44555834
44560765
44561308
44564621
44571699
44580868
44590842
44591977
44594267
44603843
44607672
44613311
44616610
44619987
44626446
44626554
44634903
44636795
44644848
44651600
44657778
44667685
44676293
44676425
44683200
44685451
44694429
44704330
44708322
44711685
44714018
44717520
44722534
44724084
44730429
44739960
44749241
44757737
44765712
44769426
44772863
44773617
44775135
44776879
44783579
44790451
44796201
44800358
44803360
44804907
44809811
44812891
44814520
44823493
44827634
44832704
44835023
44838485
44839755
44845652
44850750
44850853
44852550
44853632
44854150
44863960
44869096
44869536
44877069
44879591
44880391
44887286
44892608
44895664
44899466
44904166
44910031
44918239
44918343
44923288
44930071
44930455
44934918
44939951
44947610
44947754
44948528
44948896
44948906
44953490
44954464
44956072
44957505
44963826
44973763
44978531
44988292
44993378
44994099
45001140
45005977
45015456
45025290
45029021
45034673
45037435
45038422
45040589
45046806
45051124
45060514
45066426
45067489
45071307
45077686
45083228
45085184
45090374
45093367
45099352
45105780
45112153
45116080
45124804
45131131
45138366
45143278
45152780
45159558
45163011
45169927
45173622
45179931
45185414
45185482
45191341
45192958
45194672
45202371
45203434
45206237
45207634
45212493
45217838
45222614
45230518
45234980
45243149
45250406
45252906
45260931
45264735
45268287
45270543
45277137
45283538
45289657
45295403
45296033
45301176
45307869
45317821
45319050
45325982
45330561
45338490
45344968
45347122
45347440
45354865
45357573
45359900
45360217
45360559
45363221
45364722
45365396
45372211
45372909
45382844
45392816
45393104
45393749
45396280
45403028
45411966
45416387
45424403
45426050
45432895
45435529
45439636
45440260
45445241
45454811
45455129
45461185
45466016
45470562
45473372
45478373
45485134
45493295
45499950
45505052
45506699
45507243
45511808
45513160
45521831
45529305
45530549
45532227
45537392
45540784
45547141
45547184
45548978
45549223
45552326
45553031
45553097
45559905
45564915
45568823
45570737
45572762
45573812
45582525
45584179
45591726
45596415
45598293
45601385
45610925
45615242
45619208
45625189
45633977
45638595
45643063
45650669
45658573
45666523
45670234
45671632
45677809
45681443
45691101
45695425
45701921
45702098
45709436
45715376
45715996
45718514
45723829
45727568
45735371
45743186
45745784
45748822
45758697
45758732
45761514
45768561
45773571
45778097
45785206
45787189
45796280
45800700
45805710
45808204
45817951
45826433
45832170
45837290
45846555
45847118
45854554
45863453
45863689
45867179
45867386
45874203
45876063
45879301
45887681
45890391
45897311
45906262
45910835
45913157
45922755
45926570
45929818
45937052
45939305
45940348
45947255
45957202
45961340
45962268
45970177
45973553
45976504
45977932
45983043
45990633
45996479
46004619
46009864
46010071
46015076
46015744
46023449
46024843
46027103
46030289
46039146
46044658
46052075
46055647
46065636
46067822
46072722
46077339
46082336
46086207
46086654
46089332
46092010
46093834
46103523
46108738
46112936
46117403
46124368
46129491
46135736
46141486
46149772
46157714
46166626
46173936
46179910
46187641
46193019
46193329
46193711
46199566
46204255
46204451
46212188
46213864
46217821
46219601
46222886
46227542
46237403
46238041
46243209
46250511
46260412
46262388
46263046
46269343
46269488
46274282
46281670
46288533
46291848
46292210
46299922
46303970
46304056
46310782
46313239
46313629
46323172
46326184
46328605
46333561
46334136
46339137
46341094
46347222
46356322
46358561
46359227
46359661
46369045
46373057
46376521
46381490
46386617
46387249
46393653
46399586
46407976
46414827
46418657
46424823
46429060
46436418
46437726
46444408
46449682
46456265
46465564
46468730
46471228
46471584
46479382
46489360
46489801
46499785
46508372
46514990
46519521
46525670
46533025
46533454
46534254
46543284
46549943
46554602
46556541
46561361
46561736
46568959
46569482
46573509
46580477
46584809
46585477
46592443
46596144
46600251
46604526
46605353
46612033
46620891
46624929
46626198
46635425
46642005
46644637
46652610
46661701
46668378
46675560
46679280
46685014
46687932
46690117
46695075
46695238
46704842
46711952
46718794
46726589
46728456
46735685
46740975
46749323
46751479
46754791
46757861
46767063
46776717
46782565
46782615
46788148
46790564
46798074
46800809
46806312
46811017
46811407
46814720
46816812
46821590
46826932
46833410
46837862
46843688
46852078
46853083
46856828
46865821
46874792
46880861
46888797
46898526
46901743
46907248
46908993
46913497
46915252
46915883
46922095
46925470
46935123
46938207
46944815
46949726
46951140
46959887
46966190
46967686
46972261
46978266
46981276
46989748
46994746
46999577
47004717
47012523
47017512
47027487
47028184
47033793
47034390
47034906
47038884
47040309
47046453
47049789
47053488
47060354
47066498
47068967
47072176
47072570
47076187
47077458
47082956
47091506
47095849
47104350
47110238
47117243
47121894
47123503
47128895
47133636
47134675
47136914
47139582
47148531
47153512
47158062
47160193
47168430
47168467
47170987
47171007
47178056
47179692
47180533
47188747
47196967
47199812
47209349
47219337
47228761
47230095
47230581
47238782
47240883
47242305
47244083
47248976
47258222
47267258
47270787
47272064
47275779
47279173
47280542
47287626
47296406
47300582
47305450
47313862
47316058
47322242
47326789
47329538
47331698
47338692
47348611
47352065
47353894
47355529
47361125
47368510
47370704
47377953
47379694
47385198
47394561
47403530
47406276
47407717
47408084
47413346
47414510
47423292
47426110
47431664
47432932
47442114
47451750
47452031
47456684
47457478
47463731
47468200
47474633
47476578
47485660
47489992
47495073
47495430
47503778
47508485
47512011
47521523
47524708
47533134
47542417
47544727
47554480
47557050
47561993
47569978
47572185
47579939
47586581
47592530
47602311
47605119
47606491
47608265
47610974
47620481
47620515
47629977
47639977
47640691
47646614
47655833
47656759
47665423
47667296
47669215
47677749
47685642
47685993
47686909
47692688
47693077
47701795
47702331
47706028
47709035
47718623
47725073
47734228
47738504
47740283
47745863
47749484
47757750
47758011
47766392
47767799
47775835
47777905
47781579
47789553
47791448
47799244
47805743
47808747
47816878
47821661
47828884
47831319
47835088
47837924
47846261
47847062
47853627
47859497
47867052
47869621
47878788
47878802
47882514
47889556
47896644
47901417
47902506
47909029
47910665
47918686
47921297
47921664
47922809
47930537
47937270
47941711
47943805
47951243
47952246
47960642
47966500
47971043
47975115
47979619
47988197
47989041
47990301
47995733
48001399
48007723
48015160
48018769
48026592
48029474
48035376
48038203
48045923
48051321
48052758
48054258
48060309
48069226
48076677
48078278
48080263
48082934
48092470
48093434
48102248
48103313
48111003
48118227
48122780
48123016
48130594
48134812
48140923
48150003
48152626
48156319
48162619
48167224
48177087
48183169
48185663
48187906
48197376
48203532
48203763
48211900
48220262
48228690
48232593
48236909
48237817
48239293
48239352
48242570
48246485
48251853
48253808
48261292
48269636
48270976
48279780
48288164
48297350
48303848
48306287
48313986
48320694
48322618
48324337
48329549
48329986
48335671
48344952
48353492
48353657
48360450
48364783
48366246
48372863
48377795
48382856
48388095
48397597
48405442
48412501
48422416
48428572
48438116
48441560
48450915
48453545
48461350
48467200
48467390
48469326
48478788
48487610
48491788
48498583
48504201
48511641
48518301
48522998
48532753
48538999
48546726
48548831
48557292
48564774
48574157
48580563
48584660
48588749
48596309
48606211
48610716
48612559
48618171
48627062
48632776
48642372
48650949
48654873
48662124
48670660
48672256
48680874
48681682
48686643
48690893
48696875
48704168
48712375
48712749
48717802
48720977
48723050
48727739
48732087
48741602
48747651
48757229
48763140
48766727
48767504
48770201
48774895
48777554
48785506
48789749
48790385
48792376
48795927
48804323
48808037
48809470
48811692
48816313
48823220
48831104
48834306
48843667
48849372
48853436
48857533
48867443
48870777
48874099
48882002
48886813
48887921
48891370
48894240
48897830
48898239
48907070
48914368
48917019
48921278
48930573
48931352
48935730
48936177
48936320
48942747
48948597
48950600
48951640
48959404
48967198
48970075
48976399
48979616
48988186
48991433
48998052
49005804
49013577
49022542
49023308
49032787
49035374
49044163
49052922
49056927
49057864
49063973
49065302
49068517
49075655
49085130
49092698
49097416
49099718
49107035
49114678
49116090
49120908
49122850
49131983
49132743
49140206
49143451
49145061
49145728
49154173
49155738
49157758
49165639
49167155
49169024
49177960
49183383
49188457
49197774
49202469
49211516
49220947
49229691
49235136
49235668
49239940
49242809
49251610
49253130
49261057
49262054
49267512
49272431
49281167
49286536
49294765
49300693
49307022
49310270
49317997
49321796
49324090
49325691
49331902
49333558
49340704
49341593
49345579
49346720
49350424
49359770
49366115
49374987
49383078
49383518
49389636
49397391
49401210
49407505
49407634
49408253
49409976
49415503
49419430
49426807
49430247
49430887
49435006
49442052
49448250
49456456
49457257
49463432
49468688
49468932
49475412
49480106
49481396
49487818
49492387
49493700
49494526
49494831
49498767
49507345
49509514
49512395
49522227
49522471
49530162
49537429
49546038
49549932
49559799
49561859
49565119
49569748
49571820
49578270
49586785
49588234
49595431
49600140
49605373
49613931
49614275
49618861
49623211
49629195
49629973
49638554
49639633
49648047
49654323
49663898
49671556
49680029
49684443
49691870
49699397
49707605
49715820
49719952
49723788
49731839
49736532
49743913
49746854
49752442
49753332
49754641
49757344
49760630
49760653
49769657
49771569
49781539
49783382
49789106
49794285
49795408
49796621
49802765
49808173
49814151
49816563
49816786
49820684
49823933
49828884
49831570
49834771
49844172
49849016
49852638
49859819
49868761
49877385
49882673
49885966
49893717
49899854
49905988
49915389
49923767
49928058
49932296
49935106
49944588
49949519
49951511
49955003
49960451
49969910
49971138
49980810
49982189
49986108
49991931
49997027
50001088
50002101
50010545
50014408
50021721
50022716
50025994
50030106
50031883
50037329
50041101
50045222
50050665
50055049
50063008
50065625
50072475
50073175
50074953
50075882
50078416
50079719
50084197
50092739
50101530
50107875
50108561
50110919
50119517
50125146
50134089
50134304
50137186
50146091
50146583
50150655
50154758
50155628
50157259
50160056
50160151
50169344
50171082
50177047
50181007
50187439
50188752
50188896
50192156
50201677
50202710
50208197
50214648
50223474
50224439
50232791
50233201
50236830
50239524
50240002
50249883
50258628
50266014
50267243
50268702
50276185
50284788
50287600
50296657
50301631
50308455
50315953
50319815
50324399
50331682
50339383
50347262
50348807
50352163
50358398
50362272
50371345
50373189
50379532
50379856
50388094
50388946
50392841
50400698
50404388
50408241
50412235
50419189
50419782
50426221
50431421
50440500
50442965
50446652
50451870
50457392
50457817
50461207
50470217
50480072
50480334
50487689
50493879
50500331
50504651
50511768
50519480
50520599
50528112
50534875
50536987
50544020
50551673
50557992
50562535
50570797
50573114
50578885
50581926
50589841
50597877
50602620
50612448
50621276
50623349
50627923
50634355
50643598
50648860
50651854
50651942
50653693
50654435
50660420
50667692
50669512
50676699
50681382
50685611
50692340
50699501
50709428
50713858
50720527
50728550
50732438
50736322
50736626
50744348
50753637
50757974
50766723
50770224
50778152
50780349
50785348
50788230
50792369
50792863
50793012
50800646
50808300
50809339
50818446
50827407
50831225
50839812
50841422
50841434
50847163
50848347
50852837
50858330
50863193
50864270
50872384
50875863
50876618
50883518
50891423
50894142
50895881
50900786
50907492
50913197
50914385
50920101
50922393
50924513
50932927
50941526
50945767
50947912
50953023
50956915
50964191
50970867
50978360
50986934
50996318
51002820
51006244
51006282
51013847
51015462
51018888
51018976
51026059
51032652
51036168
51045409
51053732
51060743
51062729
51067840
51067975
51076075
51078506
51086753
51094461
51098428
51106723
51109358
51111945
51117170
51122920
51129343
51138503
51146404
51148363
51155193
51155890
51157450
51160546
51161682
51165459
51171485
51178112
51179293
51181941
51185197
51189929
51196163
51201721
51209358
51215679
51218999
51221530
51230788
51237900
51246608
51252779
51258453
51260612
51270612
51279014
51280496
51286121
51289095
51296456
51298795
51303310
51306837
51307794
51312892
51317070
51323436
51332602
51342441
51343353
51348764
51357948
51362205
51365764
51373653
51374174
51377652
51381969
51385541
51391377
51395887
51399701
51400912
51403753
51410287
51415768
51418565
51421824
51427599
51429745
51432794
51439504
51442700
51449969
51452935
51459786
51467577
51470380
51475227
51480822
51490149
51496759
51503921
51505696
51515580
51521921
51528887
51536085
51539737
51548305
51557067
51565592
51568316
51570956
51575544
51583145
51584992
51588484
51591817
51595455
51597619
51605425
51608841
51611418
51613614
51619315
51628126
51629468
51632668
51640723
51650623
51651004
51656952
51658460
51662875
51665778
51669309
51673437
51681268
51687149
51692658
51700510
51700842
51708497
51714016
51721478
51729313
51733690
51738772
51746416
51746773
51755404
51764048
51772050
51777213
51783801
51792768
51797025
51804566
51806642
51813389
51822659
51828949
51829717
51837035
51841257
51844299
51848878
51851211
51856545
51859164
51864463
51866595
51872701
51881516
51887071
51893733
51895767
51897515
51907164
51915255
51921997
51924700
51928859
51932547
51941596
51950505
51952254
51961995
51966734
51969827
51972050
51981235
51981722
51985320
51985830
51990227
51998488
52005936
52008801
52010667
52017416
52022152
52023310
52025479
52031768
52038388
52047155
52053876
52061126
52068199
52074818
52079468
52085103
52091028
52094370
52094611
52097823
52100129
52108548
52114926
52117000
52123311
52129466
52131410
52141134
52147037
52150012
52153124
52158244
52161723
52161885
52166513
52169651
52170404
52173545
52183437
52184046
52186347
52188416
52196971
52203903
52205060
52205081
52210828
52212560
52217219
52218263
52220647
52228997
52229886
52236641
52244567
52249987
52258573
52263277
52268715
52268716
52274315
52281827
52287086
52294560
52300022
52304510
52307801
52316597
52318711
52324780
52326624
52327465
52330808
52335813
52337234
52339027
52346046
52354554
52358886
52361102
52364759
52370228
52370483
52374543
52382380
52385730
52388332
52391122
52397693
52400055
52402934
52408625
52417719
52420721
52421525
52427328
52434362
52442641
52450459
52457598
52458667
52463366
52468930
52470552
52472180
52473016
52473952
52475158
52484777
52486123
52487150
52488235
52492134
52497492
52497871
52498209
52506708
52511944
52517328
52526868
52531971
52536853
52537502
52545910
52549175
52559035
52564671
52570684
52570703
52571999
52581998
52583033
52592521
52601987
52609029
52615391
52620937
52627506
52634661
52638552
52644501
52648733
52655774
52656544
52662325
52669019
52670329
52678827
52688530
52692647
52696590
52698583
52702546
52706176
52713083
52722236
52728257
52736460
52737753
52747682
52748724
52755660
52756438
52763092
52768634
52775150
52782353
52786028
52793136
52797413
52798075
52798442
52805708
52811112
52818829
52828274
52831166
52832146
52842064
52848314
52848705
52858195
52864995
52874387
52879342
52885960
52889815
52896470
52897174
52901097
52905117
52911090
52918528
52919564
52929197
52930842
52937863
52942931
52945376
52949551
52953052
52961214
52967339
52976812
52984192
52990793
52995274
52997976
53006039
53011799
53013587
53017586
53017873
53024055
53033596
53036618
53045894
53055123
53061882
53068405
53077929
53081259
53087406
53090819
53100267
53102454
53110944
53111521
53111996
53116990
53117072
53120112
53121204
53127394
53135270
53139421
53139518
53139542
53142246
53148295
53155143
53164645
53168127
53175689
53180437
53190371
53196755
53202170
53209914
53218830
53222206
53232125
53240876
53247549
53257196
53257575
53266244
53269367
53276028
53283882
53292608
53301739
53309562
53310690
53319182
53327810
53333025
53337145
53343678
53345519
53349036
53353205
53358276
53364744
53364765
53367454
53370669
53372442
53376282
53383188
53390401
53399552
53408923
53418555
53420438
53424693
53425530
53427028
53431512
53434991
53436752
53438104
53446281
53449692
53458299
53464081
53473901
53477141
53486157
53491595
53494988
53500031
53506842
53510565
53514773
53515164
53515841
53522661
53531481
53539816
53542387
53551958
53558497
53561849
53567742
53572318
53577361
53582855
53585464
53590742
53598696
53600598
53608819
53617616
53619623
53620376
53621801
53627032
53630371
53635054
53636134
53644414
53651349
53657698
53666830
53672876
53674276
53681623
53690225
53690651
53692524
53695099
53695881
53697327
53705902
53715080
53720179
53729225
53736428
53744421
53744898
53749746
53756163
53762970
53764714
53766677
53772183
53774892
53782415
53787025
53788087
53796610
53805220
53807302
53812933
53818005
53821859
53830697
53833775
53837046
53845768
53850195
53856050
53864615
53870961
53879731
53888259
53888321
53889963
53895472
53904351
53909248
53915145
53916065
53922213
53924718
53930260
53937638
53946294
53947130
53953589
53958035
53961009
53962305
53966328
53967318
53974140
53979327
53983298
53986078
53989894
53990946
53991322
53996971
54006496
54015866
54018579
54022201
54026084
54035953
54041045
54049724
54057961
54061959
54066077
54067715
54069245
54071773
54081131
54083531
54088178
54091126
54092933
54096906
54104203
54110232
54116764
54117152
54121669
54124646
54130781
54131270
54133822
54141903
54150053
54156619
54160366
54169881
54176008
54185361
54189653
54199111
54208983
54217530
54221563
54223246
54225415
54229160
54235179
54236888
54246472
54250406
54256658
54258846
54263861
54265228
54275224
54284903
54286674
54291072
54300651
54310312
54319717
54319956
54325374
54332830
54334601
54343972
54353485
54359896
54368009
54376818
54378792
54379292
54387918
54395209
54402188
54405320
54408196
54408395
54412778
54416767
54421955
54421993
54424308
54430711
54435714
54439867
54448463
54456367
54465072
54468239
54477861
54487338
54492444
54501006
54508941
54516096
54516226
54520182
54526596
54531338
54531520
54536235
54545952
54553188
54562013
54566171
54574040
54574409
54581962
54588217
54597522
54602523
54606948
54614221
54616800
54617936
54622779
54628319
54628981
54629915
54631483
54639241
54648480
54652317
54655018
54660784
54661403
54666309
54667236
54673781
54679103
54685562
54693231
54698425
54706410
54715089
54719910
54720552
54728621
54737424
54738413
54744509
54753804
54757047
54765873
54775797
54782817
54784811
54785828
54788383
54795495
54802434
54810696
54812212
54814974
54819003
54820720
54822325
54827137
54836807
54838141
54841010
54842692
54851272
54859732
54862568
54867197
54871474
54878162
54881452
54883661
54893045
54900354
54901137
54910619
54914694
54922549
54924184
54932516
54939820
54946474
54949979
54957450
54960413
54961585
54964781
54968708
54976049
54978446
54982998
54987791
54996071
55005491
55013844
55016128
55017805
55019059
55026984
55034969
55041789
55051184
55054425
55063663
55068716
55074690
55080203
55081895
55089997
55094926
55095489
55104971
55107925
55114833
55117116
55123089
55125483
55132184
55132714
55133478
55142964
55149302
55150047
55157717
55163739
55172530
55173214
55179459
55182866
55187927
55197216
55205996
55208544
55213567
55223001
55223223
55231903
55232508
55236706
55238360
55245530
55247858
55255026
55264954
55273610
55275480
55281630
55286730
55294304
55299290
55305055
55309105
55312846
55315610
55324384
55330902
55332320
55335603
55340778
55345092
55346359
55350005
55356102
55364018
55372403
55381020
55388208
55395056
55401796
55411741
55413813
55419216
55423254
55429154
55434810
55437519
55437841
55444002
55445277
55453547
55458622
55461851
55462927
55468070
55475192
55483563
55487649
55487741
55494237
55496123
55496845
55504975
55513618
55513795
55519235
55527602
55530850
55534430
55534594
55541158
55551078
55552192
55559585
55560521
55570435
55573052
55578317
55578442
55587354
55587376
55590068
55591620
55594430
55597487
55604258
55610592
55616404
55617687
55620440
55620962
55630585
55635844
55643229
55648192
55655902
55662484
55663708
55669295
55678474
55686083
55688513
55693668
55694740
55698419
55699147
55705438
55714520
55716532
55717149
55726259
55728080
55728437
55733283
55733365
55742426
55743605
55745787
55747634
55752852
55759501
55767611
55768076
55775421
55780461
55786901
55790503
55792131
55800100
55800167
55809627
55818494
55827755
55833810
55843040
55843850
55853188
55860160
55869216
55872796
55873243
55874673
55880588
55880800
55890111
55892939
55893458
55895202
55899975
55908888
55915108
55916001
55917759
55920835
55924422
55927655
55929806
55935964
55941653
55944238
55946970
55954559
55963221
55963321
55972344
55980580
55987203
55989340
55992456
55997276
56007026
56011693
56021155
56021824
56030008
56039851
56049660
56050988
56054875
56058337
56058445
56061381
56070044
56077419
56077695
56083501
56091185
56097161
56106405
56106521
56106604
56111937
56118405
56122821
56130453
56140417
56149390
56154720
56163498
56170650
56178513
56180759
56189565
56198884
56201421
56210115
56218776
56223987
56232052
56235957
56245389
56253937
56256111
56264475
56271313
56278062
56287528
56296022
56297076
56304543
56307066
56312330
56320733
56327397
56329665
56337903
56347234
56349215
56351996
56359033
56359784
56367868
56369978
56373015
56380798
56389271
56390963
56394918
56402059
56411392
56414815
56423321
56426658
56435418
56440608
56444812
56448171
56452104
56460441
56466348
56470904
56480700
56489280
56495125
56500771
56501865
56509595
56511361
56520177
56527809
56535495
56541142
56546217
56549940
56555551
56555813
56561152
56567522
56572708
56581050
56589134
56590647
56600510
56609211
56614838
56620043
56622711
56632548
56637162
56637169
56646651
56655628
56656915
56658954
56660946
56662327
56666915
56675402
56683995
56688621
56693925
56701641
56704612
56713543
56715145
56718284
56727946
56730774
56737089
56738508
56741242
56745227
56746842
56753984
56756062
56756444
56764621
56771586
56775438
56778551
56787574
56791315
56799259
56803593
56805801
56815462
56816550
56822344
56827697
56834336
56843828
56847810
56852005
56854883
56860133
56862196
56868367
56876031
56884526
56885209
56888984
56895269
56900018
56905080
56912425
56917170
56919652
56922334
56928995
56938468
56940764
56948906
56957081
56965192
56965694
56974608
56978985
56987438
56990798
56991617
56997163
57002278
57003211
57004430
57013750
57017079
57026493
57033029
57039474
57043173
57047352
57049046
57050738
57056715
57065019
57069070
57070950
57075461
57075491
57082935
57086627
57093142
57093800
57099679
57108215
57111794
57115084
57124171
57132926
57139242
57143561
57150141
57154235
57160177
57169341
57177248
57182623
57190628
57195382
57195967
57197363
57198780
57206409
57216148
57219821
57228897
57234587
57237155
57237680
57240300
57248100
57255206
57263442
57270615
57278236
57283593
57289161
57297601
57303985
57313241
57317919
57325369
57326335
57333266
57339120
57343954
57351051
57352419
57356983
57365250
57373196
57380167
57381225
57383498
57384334
57389863
57396603
57405476
57412373
57421419
57421864
57425901
57431125
57435356
57442521
57445273
57449543
57449907
57456469
57466077
57471236
57477777
57483523
57487867
57490947
57497868
57502009
57507104
57511206
57513563
57514172
57519151
57526915
57529292
57538185
57539600
57541847
57550711
57550976
57558204
57562648
57566962
57576272
57585176
57586773
57592177
57600122
57602223
57608605
57609521
57611693
57618228
57628083
57633185
57634180
57636076
57641188
57644887
57647958
57649885
57655845
57659349
57666259
57674808
57679964
57686242
57690455
57699862
57709604
57710809
57713838
57718040
57722370
57731360
57736097
57745341
57750652
57752350
57756259
57757522
57765933
57775406
57782182
57783745
57788382
57794918
57795021
57795710
57804159
57812929
57819648
57828571
57830231
57835980
57841808
57845275
57855168
57863916
57870361
57879338
57879738
57887846
57894580
57898072
57902159
57906137
57912311
57917425
57923193
57929290
57931006
57935519
57944996
57949082
57954525
57954821
57957101
57963097
57967858
57968665
57968885
57977473
57986373
57988678
57995215
58001336
58009697
58016758
58021539
58031002
58039442
58045895
58048034
58053722
58054211
58061017
58069627
58071877
58078156
58080728
58089708
58091707
58098017
58100423
58107752
58115974
58124692
58131392
58140553
58147962
58154144
58154634
58157121
58166376
58171312
58173299
58177613
58179071
58180817
58190269
58193613
58202534
58211849
58217849
58227384
58231297
58234785
58241132
58243980
58253758
58259034
58263999
58267399
58270043
58271447
58275526
58277868
58283991
58284226
58285547
58288471
58290944
58297380
58304812
58309681
58316404
58318483
58325091
58330787
58334818
58341667
58348200
58352925
58357315
58364489
58365710
58366963
58374440
58377773
58381901
58387347
58389759
58393133
58397349
58400720
58405644
58406812
58408474
58416360
58421467
58429718
58434828
58439876
58449044
58455815
58461666
58469957
58478640
58487561
58495194
58504405
58513977
58522188
58522495
58523183
58523814
58529067
58529455
58531182
58539602
58547732
58556953
58564545
58567297
58574460
58579414
58579692
58585017
58592409
58600538
58602319
58608002
58611928
58621790
58623143
58625870
58633751
58638827
58647745
58650342
58651789
58653677
58663542
58664970
58666340
58669396
58669736
58676185
58684182
58688409
58690014
58695982
58704513
58705003
58713922
58718400
58720460
58720511
58720739
58721052
58725324
58726380
58735342
58735871
58739984
58742864
58743443
58750816
58754203
58758320
58764469
58774288
58778872
58784723
58789542
58790974
58796144
58798777
58804557
58809992
58815437
58818027
58822370
58822982
58826593
58836456
58836957
58845740
58851237
58856038
58856356
58860065
58867633
58868520
58876853
58878137
58880227
58880793
58888912
58892146
58896247
58897743
58903965
58906074
58906809
58909257
58916482
58923661
58925412
58932034
58941743
58943701
58947696
58956353
58957418
58963230
58969059
58969429
58971673
58973263
58982073
58989969
58993128
59002410
59003818
59006399
59015087
59015765
59022276
59025742
59030174
59040033
59040183
59041866
59045277
59048475
59053384
59057371
59064437
59064948
59073074
59075368
59078943
59088611
59090310
59094520
59100907
59102339
59111699
59120120
59124372
59134217
59134425
59141655
59148271
59152397
59157055
59164005
59166536
59169649
59172541
59178808
59181328
59183077
59183208
59190370
59193097
59202108
59211124
59219722
59219803
59222781
59227846
59235991
59240712
59247674
59255677
59262342
59263656
59272679
59279329
59287478
59297196
59300096
59307489
59307767
59309649
59318318
59321972
59323129
59330974
59337849
59344894
59344995
59353087
59361491
59370312
59376095
59377529
59379778
59388555
59389428
59399005
59403528
59409238
59412763
59417837
59418516
59422445
59427473
59428076
59435086
59442531
59452477
59457702
59461755
59467224
59468768
59470982
59480932
59487315
59492771
59501136
59506664
59508844
59516755
59524625
59534488
59540602
59543056
59549877
59556465
59561503
59563336
59572127
59573013
59579295
59582730
59590565
59594864
59595488
59597446
59601958
59604277
59609504
59617235
59619108
59620417
59629605
59634386
59635926
59640341
59644104
59648714
59653194
59661740
59671424
59674572
59678314
59683432
59684235
59692758
59699913
59705591
59710323
59711626
59712867
59721602
59723714
59732626
59736850
59741882
59745524
59754411
59754432
59754812
59763142
59770510
59778801
59778853
59780921
59788766
59789284
59791982
59798762
59800325
59806844
59812623
59820643
59825884
59830897
59838465
59839629
59845996
59853145
59854892
59859782
59862795
59865715
59871071
59872395
59875097
59877017
59883314
59892202
59898317
59902963
59905015
59908173
59915867
59919392
59922193
59931309
59936865
59942987
59950523
59954264
59959483
59959884
59960289
59961704
59963597
59968758
59971659
59974160
59980880
59986799
59992812
59995273
60004354
60005202
60010965
60017316
60025984
60030273
60034492
60042603
60046920
60055639
60056509
60059475
60064233
60068044
60068365
60075729
60082679
60088050
60089495
60098404
60107459
60111111
60120094
60124632
60133475
60136209
60142707
60144210
60150681
60154512
60158642
60159975
60167465
60174074
60182506
60185402
60192080
60193794
60199946
60205766
60215100
60220844
60227830
60237338
60243955
60251170
60251184
60251357
60260946
60263573
60265285
60272680
60275575
60279077
60282422
60290922
60299315
60303646
60313048
60316284
60323478
60332432
60337446
60345852
60352238
60352390
60360212
60360861
60366602
60372163
60374204
60377640
60385217
60387591
60396253
60396955
60398662
60403448
60404540
60411724
60415643
60421049
60422201
60422317
60431120
60435606
60436396
60439585
60442467
60444494
60452905
60462692
60463848
60470267
60476354
60485245
60494443
60495898
60501132
60503489
60513349
60520891
60521159
60522280
60527289
60529928
60538806
60544518
60545909
60546483
60547798
60551545
60560333
60562618
60569222
60573678
60579866
60580289
60581467
60584318
60585770
60588733
60589748
60592159
60593735
60594762
60604472
60610379
60610720
60612178
60618228
60625065
60631497
60634316
60635952
60642755
60645997
60647342
60649594
60655680
60660054
60664137
60667988
60675679
60680130
60686298
60690712
60700540
60708707
60716662
60723800
60733123
60739756
60749747
60758682
60761580
60764928
60767580
60770649
60771329
60776360
60778364
60785563
60788875
60795529
60798165
60801745
60802392
60804705
60805370
60812711
60818299
60826991
60832399
60840582
60846714
60852113
60855191
60855288
60864493
60867096
60867384
60870097
60874457
60882123
60884509
60885281
60889674
60892177
60896906
60900044
60902866
60912567
60921813
60927132
60930495
60939366
60944621
60954439
60964320
60969449
60977809
60982958
60991938
60997056
61002841
61006788
61016703
61019065
61019813
61025632
61028576
61029999
61034546
61041365
61046933
61049547
61049570
61053707
61057918
61067522
61071739
61081203
61089106
61092832
61100524
61108102
61117893
61125078
61129494
61129590
61138301
61141770
61151721
61160594
61163266
61171998
61173647
61181685
61185793
61187370
61193843
61195673
61203756
61212547
61217706
61218038
61223621
61232801
61237187
61240685
61246408
61247288
61256397
61263132
61266573
61274893
61282962
61292942
61299453
61307484
61309572
61314238
61322242
61325816
61328109
61331706
61336577
61344541
61345011
61351673
61357170
61357302
61359269
61368518
61368569
61371374
61377254
61384975
61392693
61400999
61407273
61411140
61416124
61425767
61430812
61431374
61434804
61444464
61448411
61454788
61463059
61472436
61472745
61477378
61482168
61482645
61490020
61499263
61500793
61504428
61508258
61509663
61517854
61520442
61521023
61530373
61533717
61542559
61548434
61557407
61566664
61574057
61581724
61582260
61591116
61595105
61604028
61608698
61612627
61620415
61624497
61633782
61640176
61648561
61649408
61652971
61661818
61663103
61670043
61671985
61673294
61680756
61684787
61690047
61691901
61695305
61695750
61704465
61707141
61715352
61724476
61731859
61737558
61745186
61745942
61751506
61757161
61766474
61768303
61775284
61780778
61782239
61791603
61798432
61806965
61812200
61813980
61822797
61830541
61836135
61836362
61841345
61844926
61849527
61855868
61860597
61867779
61868818
61875791
61876493
61886218
61895159
61897773
61905791
61915497
61922273
61931988
61936159
61938748
61939830
61947403
61949610
61959530
61964368
61968597
61977303
61980081
61981441
61982390
61987697
61988734
61995795
61998913
62002787
62004180
62009488
62017868
62021486
62031371
62032698
62032937
62037942
62040699
62043786
62045407
62049497
62052537
62057586
62065798
62068525
62068708
62074301
62077346
62086323
62095605
62104727
62114367
62120318
62122415
62124087
62131442
62133999
62141415
62144810
62149387
62155693
62163718
62168652
62170353
62170713
62178733
62186852
62193784
62199764
62199820
62200389
62205148
62210643
62219397
62228775
62230745
62237082
62241793
62248742
62258356
62258872
62262053
62267269
62268013
62272040
62273785
62280266
62285323
62290984
62293667
62298792
62304703
62310051
62315278
62315832
62323570
62324413
62327841
62331099
62336717
62342729
62346532
62349552
62358923
62365511
62370391
62378572
62379541
62388431
62389143
62389665
62394971
62399262
62406179
62408456
62416503
62418843
62423239
62425540
62434517
62444028
62444370
62453979
62459902
62468968
62471352
62472569
62476153
62478273
62486615
62486748
62487953
62488543
62491020
62499368
62507351
62513294
62515864
62517030
62517923
62524700
62526356
62527525
62532641
62538451
62542407
62543242
62546115
62548279
62556238
62559595
62568565
62571098
62575576
62584601
62587977
62588489
62590669
62593663
62603442
62610743
62619144
62626125
62631951
62639434
62642884
62643720
62652403
62660629
62667485
62674361
62676216
62680553
62685415
62690205
62698772
62705581
62715579
62722145
62728232
62732172
62735435
62742287
62744975
62750912
62753778
62756800
62763997
62769460
62772689
62777551
62779047
62786536
62795876
62803734
62805298
62809977
62815656
62825518
62833015
62837003
62842980
62849238
62853880
62858873
62861731
62862425
62868747
62876292
62879232
62882499
62885870
62893104
62897325
62898139
62899758
62907142
62908727
62908909
62908990
62913239
62914853
62916531
62923091
62924640
62926701
62935702
62943556
62950535
62954243
62959246
62968869
62976755
62979982
62989174
62992785
62997096
62998141
62999223
63005031
63010324
63017577
63024525
63032477
63037639
63040141
63046888
63053223
63063067
63071722
63076836
63082187
63082537
63091366
63096670
63105897
63114182
63123609
63131295
63134701
63135137
63142165
63145371
63153036
63161088
63163583
63171033
63176522
63185813
63189534
63195395
63203360
63207295
63212395
63217422
63227180
63235805
63242959
63246789
63254718
63262048
63271424
63276052
63285292
63291480
63299506
63307490
63307756
63313109
63320419
63325728
63331271
63340209
63340858
63341487
63343555
63349197
63356349
63362360
63366685
63369350
63372200
63379343
63387551
63393665
63401958
63405525
63414554
63420200
63420773
63426227
63433623
63434629
63441820
63443712
63451162
63457639
63465121
63466636
63474643
63482878
63485961
63490983
63494840
63504189
63509466
63510252
63516613
63523793
63532534
63532605
63541005
63549044
63557859
63563820
63565324
63566946
63570892
63573651
63583422
63587438
63588359
63589494
63595516
63601992
63603137
63608041
63613199
63616377
63622878
63631174
63635604
63639535
63643365
63648428
63656448
63663122
63670765
63679165
63688793
63693853
63703683
63705131
63706358
63714248
63715529
63725161
63728971
63731808
63732554
63739061
63748024
63751687
63755131
63764493
63768445
63768728
63774265
63778726
63784577
63790541
63796994
63801286
63806736
63813150
63821539
63824938
63827136
63830904
63836390
63844545
63850089
63859765
63869688
63870410
63871147
63872294
63875884
63882973
63885107
63890939
63894582
63903057
63905713
63915503
63919239
63920208
63926294
63936148
63937262
63942130
63952126
63960850
63969679
63971000
63977416
63981124
63982143
63982428
63983424
63989607
63998279
64005635
64013405
64016506
64017445
64023577
64030471
64031549
64036325
64037994
64042779
64044157
64048402
64049251
64057515
64064933
64067396
64073878
64083648
64087992
64092950
64094894
64098555
64101534
64106063
64112767
64112988
64120522
64122260
64130087
64140014
64149033
64158222
64158645
64159696
64168715
64176622
64182860
64183607
64186893
64188061
64191782
64200016
64208400
64212563
64216439
64218553
64222005
64229524
64234994
64243090
64252530
64261413
64266096
64266348
64266353
64275477
64279066
64286476
64289575
64296694
64302682
64311503
64312689
64322330
64328336
64337289
64341114
64350480
64358373
64362127
64367357
64368072
64375162
64382214
64387271
64393855
64399892
64405828
64409646
64410498
64417101
64424501
64430478
64439409
64448712
64454606
64457258
64458807
64466942
64475784
64484539
64493784
64493800
64496999
64505915
64515787
64524292
64524928
64534030
64537164
64539730
64548712
64551659
64560420
64566930
64573228
64574829
64581891
64581899
64586682
64590376
64593185
64596042
64596802
64601692
64604498
64612149
64618102
64621491
64630406
64634798
64643041
64650790
64652471
64661598
64668782
64673345
64678382
64687177
64689725
64691247
64693120
64693231
64693961
64703588
64709135
64710300
64711380
64712785
64719215
64720239
64722427
64730899
64738788
64746393
64749240
64750140
64759936
64762300
64764724
64765714
64773220
64780585
64785953
64791920
64796543
64796654
64797781
64804821
64813231
64815005
64815095
64816253
64819051
64820145
64823021
64832955
64838114
64844071
64853392
64854933
64858820
64866432
64867653
64875192
64879848
64885236
64889768
64897099
64904605
64908854
64917456
64921536
64924183
64929265
64932547
64941326
64945182
64950441
64958939
64959194
64966852
64970002
64977725
64979231
64980327
64983981
64992188
64996305
64999872
65005194
65007038
65008931
65017790
65017843
65023707
65031590
65034502
65037006
65037800
65044282
65046878
65056114
65059014
65063601
65069229
65077855
65080715
65086142
65090125
65093201
65097268
65099051
65102687
65112247
65116675
65117802
65118855
65125761
65127203
65127896
65128149
65134115
65143285
65146879
65153452
65154323
65163125
65165748
65168518
65176019
65182621
65185758
65194427
65202023
65211772
65216077
65218448
65221551
65229478
65238977
65239473
65249369
65257869
65263296
65266633
65267176
65270657
65275583
65283499
65285692
65288493
65288925
65297273
65301519
65302706
65306304
65309087
65314204
65315713
65324806
65327382
65337114
65337791
65340282
65340485
65349037
65355602
65356374
65360646
65369680
65373830
65381695
65391552
65394178
65403766
65412766
65421417
65424437
65424654
65430688
65431192
65435176
65444639
65449968
65453243
65456357
65460586
65464290
65466406
65467203
65473461
65480296
65488724
65492669
65497877
65502237
65503670
65513432
65516238
65518667
65519349
65526380
65528263
65535282
65535954
65538754
65545884
65550058
65554903
65561438
65570146
65577609
65580345
65583832
65591572
65593540
65603338
65603865
65613129
65616879
65623910
65625354
65626672
65630424
65638041
65641423
65643935
65649867
65654762
65658134
65658222
65659859
65663226
65668319
65673830
65675885
65684113
65686393
65694403
65702059
65710973
65711238
65720671
65721090
65726007
65735066
65735695
65738244
65738660
65743945
65748576
65751501
65755034
65761147
65765019
65769539
65770307
65776440
65783879
65790669
65792596
65793880
65798595
65800683
65807120
65813965
65823554
65833085
65833155
65839767
65841165
65848657
65857666
65865732
65870741
65870850
65873885
65883226
65889389
65896222
65897580
65901454
65908793
65914950
65918932
65918940
65926682
65928110
65935112
65943011
65944935
65954733
65964311
65974077
65981881
65987896
65988801
65993007
65999289
66001572
66009293
66016821
66026226
66030744
66036138
66043828
66049959
66057267
66060123
66063012
66071048
66073366
66075762
66077217
66078782
66085653
66091945
66095200
66099346
66105693
66112501
66119810
66120155
66122436
66122989
66123657
66129124
66137038
66138667
66140987
66145592
66147892
66156068
66160062
66163406
66167469
66168178
66176579
66183804
66189823
66196039
66199056
66199221
66200492
66208669
66213312
66221769
66231637
66236300
66239832
66246569
66256565
66262095
66263874
66273299
66280549
66286283
66288032
66290124
66293083
66301639
66309733
66318191
66318662
66322211
66322417
66325036
66329930
66335216
66340380
66346685
66346739
66351125
66360309
66369034
66377093
66381460
66382003
66391648
66400506
66402335
66405704
66406708
66412146
66414375
66422438
66430936
66433763
66436436
66439118
66448023
66456135
66463597
66470774
66477538
66484948
66494579
66503859
66508353
66517195
66520041
66527957
66530452
66533095
66536373
66544558
66546710
66554350
66559159
66561131
66561602
66566114
66572614
66572831
66578515
66580768
66581405
66583679
66591692
66599258
66604446
66604450
66610170
66617014
66626292
66632739
66638003
66643134
66652283
66659691
66665632
66669565
66675780
66684071
66693414
66695403
66701836
66710820
66711472
66713470
66716812
66717451
66721906
66723389
66727253
66736187
66743453
66750585
66752077
66760773
66763110
66765103
66766528
66772874
66773824
66774521
66782188
66786472
66789346
66793243
66793904
66803560
66810969
66812480
66818493
66826778
66835923
66837287
66840065
66845672
66849882
66852871
66853983
66862040
66863073
66863557
66866679
66873009
66874017
66877238
66879536
66882114
66883974
66887757
66895685
66899166
66902532
66909375
66912726
66914488
66917111
66922086
66927233
66932102
66936723
66940002
66947304
66954809
66962149
66965608
66969085
66975577
66979812
66984888
66986509
66986926
66993992
67003246
67010494
67019946
67021052
67028293
67034687
67036106
67044842
67052133
67054849
67057540
67061250
67071061
67079668
67083162
67085193
67091986
67096633
67103219
67107465
67113950
67122317
67124555
67134286
67137404
67145229
67151037
67154680
67159528
67167655
67172237
67176764
67177829
67180985
67185172
67191009
67198408
67205823
67207030
67213285
67221084
67221491
67223216
67231894
67241065
67246209
67254497
67263380
67269008
67277444
67281317
67283744
67285992
67287000
67296461
67302480
67305664
67312035
67316605
67324718
67326629
67332582
67339893
67347858
67350728
67359064
67364243
67367300
67376180
67380967
67385716
67393355
67394908
67403865
67412539
67421332
67426415
67435522
67441040
67446841
67452281
67454250
67460388
67461120
67470134
67472174
67479334
67489271
67498128
67505509
67514900
67522991
67530532
67534365
67542241
67543622
67547562
67548636
67556030
67563548
67572369
67574011
67574672
67580069
67581374
67587431
67588127
67591468
67600970
67601912
67604284
67605901
67611238
67613890
67622305
67624616
67632919
67635656
67645219
67654445
67659958
67665621
67667308
67677054
67684034
67689228
67690401
67690426
67690436
67695692
67698324
67700257
67702598
67706845
67709637
67714772
67715483
67719020
67727210
67730655
67732292
67740239
67750115
67759267
67759302
67767962
67776509
67777768
67787507
67793903
67801247
67806502
67806809
67808355
67810628
67817028
67822273
67826969
67835638
67835941
67837957
67840002
67845068
67847821
67848128
67849675
67859540
67867708
67877364
67880385
67888507
67890680
67898564
67903678
67906268
67911852
67919248
67923332
67933166
67941878
67945429
67950811
67960382
67966231
67972530
67975124
67976438
67978304
67983167
67983229
67988801
67992085
67995977
68000420
68008631
68009932
68012840
68014985
68020078
68021354
68024185
68031263
68032673
68032761
68033765
68035571
68038138
68041424
68047041
68048236
68053475
68055284
68056389
68059302
68064029
68069882
68071543
68073597
68080556
68081019
68089850
68090767
68091084
68094907
68104873
68108488
68117640
68119136
68128840
68137009
68140675
68150148
68153338
68154580
68154727
68155004
68159158
68161651
68168115
68172798
68176813
68180932
68181570
68188026
68191326
68196380
68204078
68205141
68215103
68215156
68215683
68222747
68223942
68231816
68236774
68239765
68247604
68253564
68262524
68270430
68272137
68272467
68274900
68276280
68282169
68284330
68284795
68294346
68302207
68307371
68310413
68320312
68325682
68328332
68338225
68339824
68344234
68350545
68357368
68361244
68370334
68376665
68378725
68379434
68379733
68385904
68393885
68399176
68408862
68409714
68413239
68415816
68423509
68425422
68431812
68434066
68436217
68446119
68447812
68451137
68458275
68461460
68469290
68472990
68482768
68491895
68493266
68495117
68501338
68510379
68511531
68511742
68512065
68517949
68523235
68531390
68538213
68543988
68546067
68549367
68557500
68559462
68563446
68566435
68573172
68581845
68587453
68587832
68589824
68591002
68591504
68597010
68598831
68602815
68604925
68612037
68618671
68625399
68631687
68633303
68640600
68642443
68646374
68656101
68659295
68667121
68671655
68677681
68685186
68686259
68690400
68696631
68705138
68705470
68712508
68714417
68719796
68720943
68728303
68733333
68734782
68741523
68743647
68751096
68754821
68755518
68756405
68763383
68766502
68776325
68784459
68791330
68795225
68795952
68798583
68801142
68801590
68811426
68814502
68823658
68831502
68835194
68840556
68848469
68857734
68860383
68870210
68871179
68880158
68886955
68893091
68900318
68900649
68902741
68910760
68918857
68928579
68931385
68940241
68942789
68944836
68947012
68948962
68950241
68956107
68959014
68967069
68975002
68976840
68985931
68986706
68990852
68996950
69004959
69006273
69014134
69014853
69019178
69027588
69033588
69040506
69043318
69047323
69053834
69055310
69062236
69067754
69073754
69077236
69079250
69082707
69084241
69085080
69090732
69094669
69094761
69104469
69109349
69118813
69127170
69136835
69146604
69153989
69156836
69161309
69166266
69171400
69173131
69182930
69183944
69192531
69196189
69205037
69207770
69211312
69219911
69224065
69233464
69243420
69251622
69261302
69266678
69274388
69274809
69283183
69283943
69284420
69285908
69287550
69293642
69302958
69309110
69311212
69318630
69327177
69331822
69340541
69340759
69344464
69351445
69352965
69361278
69362058
69367928
69374280
69380824
69390584
69390741
69398145
69405366
69413808
69419245
69428466
69433156
69436088
69440606
69449293
69453982
69454137
69458608
69462098
69464096
69465589
69474219
69479046
69488699
69492576
69493245
69500618
69509221
69512786
69516173
69519820
69526550
69530035
69537384
69539282
69545881
69548060
69556581
69566414
69575496
69579634
69581054
69584835
69586971
69590221
69591154
69595225
69600691
69603096
69608657
69611191
69612579
69615463
69616597
69617319
69625006
69633965
69638831
69640347
69649151
69651869
69661156
69661169
69664551
69671286
69672006
69676925
69682092
69684610
69692606
69702123
69706904
69708164
69717615
69723869
69725251
69732320
69738771
69741958
69751412
69760854
69769662
69774962
69780216
69787404
69790600
69798915
69801849
69802431
69811129
69813111
69814593
69817256
69825438
69830584
69831634
69834519
69837013
69843242
69851619
69856853
69862478
69864657
69865476
69871597
69875036
69876957
69886113
69892910
69895591
69903849
69910176
69919185
69922358
69927271
69928889
69929155
69930711
69936960
69944394
69950266
69950717
69958199
69960454
69964028
69973490
69974665
69978923
69978942
69983373
69988609
69993723
69995560
69995577
69998575
70002039
70002797
70005094
70013906
70017479
70023546
70027658
70033469
70037973
70042535
70045992
70051099
70057730
70061481
70069709
70079031
70082180
70083178
70092979
70101597
70108961
70112168
70121529
70131107
70133666
70133833
70136958
70141555
70146639
70146874
70151980
70161248
70166727
70173880
70182699
70191202
70198124
70203840
70206762
70215953
70225868
70233199
70234606
70238629
70240747
70245602
70247557
70251969
70252355
70254385
70254940
70256281
70260495
70269034
70278245
70287208
70290464
70295975
70299015
70299934
70304480
70306733
70315759
70319883
70321319
70326524
70332188
70334878
70338549
70340520
70343243
70348525
70358479
70359736
70368480
70378337
70381600
70390187
70392638
70395275
70395721
70400659
70406364
70410849
70416658
70419998
70428577
70429138
70429687
70433262
70434418
70437605
70440218
70446730
70447569
70450346
70453514
70463295
70471302
70477345
70479036
70480129
70488788
70494167
70498780
70500654
70505072
70508816
70509499
70513913
70516728
70525097
70534652
70536008
70537819
70540523
70546430
70550985
70558821
70565280
70565590
70573112
70581848
70586580
70593932
70597921
70599185
70601667
70603893
70607573
70614267
70621490
70625161
70632859
70640021
70649517
70656779
70657640
70662701
70666559
70669153
70671833
70680599
70681968
70688018
70689087
70691976
70695912
70697261
70702748
70703598
70703793
70705278
70713776
70715314
70716516
70722414
70730190
70731436
70735450
70741897
70743254
70747162
70750331
70752686
70756977
70766090
70774059
70777272
70785086
70793160
70799035
70801383
70810380
70816731
70816949
70819936
70825294
70829639
70834081
70843336
70846105
70849727
70857510
70864426
70868491
70868562
70871126
70875651
70882636
70883278
70892310
70898490
70901503
70906756
70915361
70920035
70925521
70927692
70928143
70934532
70943325
70948445
70948618
70950511
70954553
70964211
70967917
70968710
70969478
70977877
70987087
70995178
70998430
71005647
71005832
71012775
71016088
71020364
71020370
71023599
71032853
71033123
71036253
71040803
71049621
71057997
71061691
71062213
71065155
71066573
71067569
71073129
71078692
71083311
71088554
71097519
71102230
71105667
71106300
71112515
71121581
71128605
71131360
71136886
71145071
71147852
71149852
71154361
71163142
71173093
71179405
71185361
71186407
71189921
71192881
71196372
71197200
71205724
71209693
71217538
71225211
71230612
71234071
71239955
71244049
71253967
71260748
71262042
71262409
71264505
71273389
71276362
71281848
71285494
71291163
71299767
71301766
71311737
71319021
71328612
71334408
71336159
71338496
71342592
71346065
71355459
71359783
71367692
71376564
71382224
71384109
71392626
71395567
71402130
71411046
71412272
71414495
71423484
71432054
71435767
71444650
71446053
71451140
71457139
71463233
71469747
71471398
71480898
71482625
71486652
71489340
71499236
71509063
71515720
71517411
71524719
71529140
71538045
71544252
71553611
71554230
71557485
71562457
71563016
71571151
71575403
71583471
71587501
71595997
71597673
71606026
71609699
71616108
71623508
71631620
71633039
71642645
71650702
71658682
71663092
71668635
71673203
71673861
71682132
71691923
71697597
71701036
71705549
71714598
71724035
71727336
71734588
71744118
71746778
71748334
71752707
71762218
71769251
71775236
71779946
71783070
71785657
71789501
71798557
71801292
71802969
71807449
71815251
71824791
71826574
71836093
71841169
71850956
71860763
71864668
71866601
71873196
71875032
71877777
71880317
71887454
71889770
71891680
71894091
71895582
71899944
71900281
71902403
71911156
71914257
71915467
71917348
71922179
71929755
71933786
71937119
71942311
71944082
71946293
71953708
71961108
71961979
71968260
71976978
71983786
71985279
71986568
71988907
71992248
71992630
72002373
72005913
72012754
72018545
72026772
72030430
72034234
72035801
72039231
72048321
72050774
72051583
72061201
72070065
72075953
72076521
72084410
72091853
72093494
72102393
72102984
72103103
72104674
72105559
72112305
72117781
72122604
72126630
72130145
72133245
72134894
72135187
72137690
72146805
72147455
72153647
72155081
72165081
72174492
72174769
72178475
72183125
72189802
72199417
72206943
72210131
72214977
72221083
72226039
72226107
72227368
72234412
72235563
72239618
72248220
72248820
72249693
72256715
72259089
72261952
72271711
72272922
72273988
72281402
72289407
72291725
72294525
72298042
72301613
72308035
72311300
72320690
72323143
72326309
72332078
72341961
72351099
72354561
72356994
72365028
72366564
72367050
72368806
72374813
72382392
72385252
72389470
72398873
72401807
72408590
72415030
72419372
72424251
72425955
72426358
72428792
72435015
72438757
72446823
72456668
72461505
72466548
72470871
72479344
72487025
72487442
72488357
72497479
72499596
72500290
72500767
72505980
72508722
72513502
72519316
72529196
72536269
72537281
72547230
72548526
72550315
72556873
72559487
72561145
72565268
72567567
72569383
72575169
72584277
72588114
72593730
72595462
72595873
72602181
72604271
72607256
72609149
72610336
72613522
72623424
72627998
72631541
72638601
72647713
72656038
72657507
72661811
72668135
72670501
72673716
72675804
72684373
72689647
72691458
72695575
72698191
72703195
72704411
72711487
72713357
72713366
72721603
72730795
72736997
72746114
72748835
72754031
72760632
72761238
72766119
72773666
72778368
72783176
72789852
72795335
72804925
72812127
72816648
72823253
72832812
72840553
72844154
72852359
72861351
72867793
72869595
72878022
72884260
72887433
72888285
72896138
72901261
72907717
72908501
72912385
72920211
72923243
72929902
72937740
72942150
72946230
72952604
72958589
72964010
72965104
72965635
72970592
72974417
72975677
72983924
72985275
72985374
72994904
72998918
73005182
73006214
73015639
73017297
73018762
73024102
73024792
73025503
73027820
73033057
73042409
73045019
73053427
73055889
73059919
73067229
73075111
73077881
73087678
73094304
73097107
73100561
73110116
73110827
73116635
73126603
73136199
73136264
73138198
73142832
73151035
73156332
73162111
73164261
73173813
73182039
73186396
73190133
73200002
73205306
73213164
73218334
73223593
73230487
73233311
73241694
73250236
73258844
73261028
73266411
73270240
73275780
73282235
73285526
73286214
73293828
73294315
73303404
73304041
73309676
73318183
73327817
73336672
73337382
73338557
73340400
73350188
73352129
73361366
73365024
73368015
73369443
73371126
73380965
73389246
73390658
73398289
73402716
73411762
73412229
73412989
73415916
73416817
73426066
73426938
73436541
73445042
73451324
73461240
73461779
73469866
73472606
73476944
73486243
73486999
73489982
73493380
73495546
73502986
73506479
73513166
73517975
73525344
73527857
73536875
73545866
73549729
73551466
73560924
73564365
73564901
73571966
73581522
73590976
73592466
73602335
73605868
73606516
73609810
73618694
73620303
73621019
73624327
73625243
73629353
73629543
73632744
73637295
73645019
73652372
73652383
73655317
73658765
73662542
73671604
73671639
73674375
73679309
73685386
73686655
73687526
73688462
73694165
73700818
73701289
73709822
73716391
73721624
73727041
73727911
73731767
73732895
73733831
73743756
73745439
73751843
73752311
73759075
73767502
73770756
73777462
73785450
73787727
73791086
73791935
73795255
73803860
73809765
73812635
73816135
73823085
73833014
73833284
73842099
73842501
73849073
73849616
73856733
73861901
73871332
73871534
73878343
73880654
73887327
73888169
73890728
73892923
73898364
73903988
73909739
73911508
73917970
73919087
73924703
73925642
73930042
73934740
73937171
73939222
73940520
73945379
73946478
73949081
73954273
73956604
73960827
73967773
73973266
73981484
73983753
73988348
73988601
73990146
73993427
73997578
74006185
74015893
74020372
74023783
74032998
74042145
74051939
74053305
74054559
74059417
74066920
74072662
74081857
74090312
74096617
74102998
74105517
74113302
74122848
74131117
74137205
74145897
74147900
74152545
74160798
74162867
74169443
74176483
74183286
74184598
74189971
74198591
74203506
74213451
74215608
74223021
74225180
74233933
74240231
74247369
74255157
74257141
74266883
74276193
74278124
74279192
74283416
74290969
74299233
74303925
74312550
74315171
74316366
74320319
74327494
74327884
74330633
74337354
74345280
74346991
74351102
74352259
74359220
74367165
74368570
74375061
74379438
74387151
74390808
74395694
74398406
74406594
74414119
74423250
74427112
74431498
74434311
74444258
74447330
74451719
74457883
74462926
74471862
74481684
74488102
74494277
74504086
74510205
74515137
74521799
74523606
74529015
74529596
74530855
74537876
74538208
74542247
74546949
74552982
74562819
74571851
74581527
74586320
74589767
74593418
74602088
74602752
74607280
74610581
74619262
74625866
74629611
74635479
74643403
74644955
74649542
74658309
74668283
74676656
74682494
74689281
74698423
74701877
74706167
74706316
74715937
74723585
74726541
74736211
74745482
74752033
74756333
74762250
74763177
74766240
74770379
74777087
74786542
74791023
74796158
74801176
74810071
74819828
74822404
74828975
74835503
74839814
74847992
74851474
74852113
74856206
74859060
74862088
74865665
74874754
74875673
74882721
74889520
74890394
74891415
74895071
74897584
74899103
74900711
74901772
74905665
74912435
74921661
74921975
74928718
74933400
74937687
74941397
74948653
74949817
74957128
74958639
74966156
74969272
74971079
74972775
74974807
74983379
74992866
74998906
75002763
75004008
75013711
75017735
75018324
75022378
75026974
75032981
75039924
75043815
75047999
75052119
75053460
75061907
75070239
75077194
75086243
75094954
75101849
75105198
75115006
75118793
75123277
75132285
75134246
75137861
75142224
75150338
75153791
75157748
75159803
75169777
75179523
75185877
75194023
75202522
75204904
75205432
75209802
75211422
75213535
75223058
75227777
75229071
75237368
75240791
75244748
75252096
75260168
75262199
75266436
75267265
75270742
75272241
75274897
75281052
75290947
75299608
75306777
75315304
75316547
75326101
75331201
75334071
75340796
75346524
75349737
75354677
75360417
75368111
75375365
75377482
75386292
75389251
75395179
75405105
75413493
75417635
75418405
75420172
75428411
75428814
75438176
75438435
75444533
75447899
75451192
75456670
75459063
75462411
75465301
75466700
75474163
75481943
75481963
75491446
75498209
75507488
75516271
75524608
75527511
75529372
75533705
75535536
75545424
75551665
75555945
75559886
75566204
75576046
75576334
75584302
75587278
75589939
75594419
75603343
75608466
75612314
75615441
75619427
75629001
75637769
75646656
75647508
75650584
75659414
75664347
75667824
75674236
75683966
75687894
75696492
75697483
75697613
75707346
75716999
75720836
75723017
75727547
75735953
75740756
75741376
75751180
75751308
75754601
75759862
75763999
75768269
75777978
75787888
75788001
75794347
75795967
75797106
75805522
75810539
75819107
75819779
75828459
75836780
75844653
75850586
75860149
75863057
75865170
75870715
75877576
75880303
75884517
75890486
75891183
75893601
75901595
75906997
75907431
75908733
75915418
75924832
75927662
75933857
75940962
75945942
75955480
75960201
75962376
75962779
75970023
75974337
75983549
75986918
75993270
76002417
76002631
76007923
76008722
76013039
76021112
76028500
76032263
76038342
76047210
76053975
76062636
76068055
76075270
76082802
76084899
76089666
76098735
76100623
76100782
76107498
76111781
76113010
76113516
76119794
76121163
76125490
76127112
76136776
76138155
76141261
76143063
76146625
76154542
76156236
76162912
76171994
76174428
76177246
76184111
76193218
76199422
76203517
76203706
76205404
76209208
76209577
76214391
76216302
76226099
76235910
76244790
76248700
76250408
76257674
76263022
76271471
76280773
76286799
76295263
76301423
76301823
76309272
76313667
76314337
76314473
76317821
76322574
76329996
76333591
76340701
76341601
76350052
76350418
76356349
76357485
76361792
76365546
76375219
76383172
76385151
76391541
76391832
76399140
76405581
76407964
76409207
76414568
76424007
76431144
76436305
76441763
76449435
76459211
76464017
76470616
76476156
76485200
76490404
76499584
76506450
76514225
76515059
76519466
76522361
76522813
76528345
76537521
76541664
76550681
76556640
76559358
76566718
76567730
76568459
76569473
76575980
76579318
76589212
76593084
76597066
76605698
76610887
76617571
76619198
76624459
76631868
76635753
76636919
76640056
76646452
76648279
76648974
76649139
76649715
76649786
76656773
76657386
76664948
76669871
76673552
76680477
76690185
76699483
76702574
76704053
76711271
76717605
76720747
76724317
76726970
76735463
76735719
76744783
76749158
76754243
76760606
76761551
76766417
76767586
76768966
76771442
76777943
76786043
76792032
76798054
76801035
76809146
76817887
76824016
76825206
76829358
76829960
76833413
76836690
76840245
76848799
76857495
76861133
76864984
76874219
76877510
76884273
76889793
76891656
76899520
76906011
76913037
76920776
76924525
76930817
76940052
76948036
76955113
76959798
76967356
76974016
76976077
76981458
76981677
76982085
76985844
76995702
77003553
77009832
77010172
77015443
77017391
77019724
77023452
77032762
77038077
77042166
77045683
77050477
77060246
77064015
77071062
77076438
77077758
77083425
77084939
77086114
77092059
77100111
77102109
77102489
77108053
77112202
77118950
77127639
77130446
77131373
77138205
77146021
77150078
77152679
77156346
77162138
77172036
77175500
77180881
77184887
77188571
77188815
77194767
77195230
77197090
77203018
77207751
77216781
77217097
77223229
77232073
77236777
77236865
77238199
77241897
77250340
77260287
77269882
77279651
77287097
77291519
77296758
77301818
77309452
77315292
77322279
77329360
77338864
77346691
77349276
77350816
77351361
77354401
77360631
77370395
77372136
77376619
77380390
77388088
77395253
77402886
77407886
77411417
77415429
77419345
77420502
77426496
77427885
77437373
77443389
77445608
77446409
77456300
77464996
77471797
77480633
77484949
77485949
77489163
77490675
77494405
77500139
77502199
77510532
77514266
77521003
77525572
77526250
77527333
77531338
77531907
77535429
77539835
77545527
77552977
77562658
77569708
77572232
77580699
77583759
77586116
77592340
77595634
77598366
77601459
77608110
77610842
77611319
77620364
77628364
77629118
77635640
77636230
77645623
77654911
77662166
77664946
77667178
77670137
77678832
77682763
77692202
77701241
77705359
77714931
77723042
77728632
77738040
77743214
77743899
77748954
77749659
77757095
77766378
77767251
77772178
77780181
77783047
77785992
77794734
77796528
77797625
77801096
77808962
77814814
77820698
77830547
77834412
77843062
77843899
77852270
77859951
77869323
77872423
77873595
77880596
77885907
77888052
77892809
77897550
77898243
77900598
77906265
77910839
77914471
77923802
77930478
77937872
77938249
77946947
77946971
77947707
77952138
77959453
77966583
77973262
77980932
77982754
77990390
77994914
78000409
78008868
78017934
78025451
78032282
78039566
78047199
78053251
78059396
78065574
78067985
78077914
78085281
78088263
78090590
78099444
78100743
78103118
78107625
78113152
78120703
78126890
78133251
78139898
78142488
78148826
78152207
78159374
78162020
78163257
78163800
78164104
78169392
78174899
78179448
78180855
78183564
78189609
78199274
78203838
78213131
78219222
78221572
78225039
78226710
78234855
78237634
78243000
78243495
78251771
78256506
78260733
78261137
78262235
78266976
78271848
78273271
78277075
78283970
78286430
78294592
78294818
78299664
78305688
78314722
78319972
78322618
78328891
78335129
78344683
78352953
78361856
78366723
78368374
78376794
78377724
78385772
78390094
78394519
78395953
78396532
78396696
78404974
78414667
78419468
78426822
78432420
78432641
78439000
78446855
78456299
78463693
78464397
78473823
78482700
78483320
78489548
78499425
78506716
78509724
78514173
78516351
78518789
78523812
78526490
78529844
78535292
78540717
78548310
78548396
78553565
78558956
78566802
78573905
78580860
78583154
78592235
78598456
78602254
78608134
78611379
78617311
78624504
78633462
78634862
78638924
78641631
78642532
78642894
78648806
78648847
78656816
78657813
78661962
78671266
78674209
78682595
78685941
78687752
78690482
78691243
78698620
78706499
78707021
78710417
78716953
78722264
78727312
78728875
78732857
78733648
78742732
78749933
78759756
78765791
78767370
78769964
78773814
78783043
78783353
78790436
78791510
78792042
78799472
78806160
78810125
78813699
78822867
78824143
78826506
78830289
78834060
78839659
78843493
78846021
78850854
78860408
78869311
78877798
78880646
78884797
78893073
78894224
78897118
78897482
78902691
78909564
78916859
78923895
78931179
78939741
78943708
78953404
78958957
78962844
78964646
78969271
78973446
78981404
78987746
78993185
79001783
79011148
79015940
79020507
79022257
79027384
79033050
79035682
79036170
79039776
79049334
79057480
79065701
79067715
79067730
79070800
79078887
79085490
79094591
79103781
79113150
79114780
79115249
79116048
79119545
79121277
79122366
79130898
79131989
79140409
79143964
79151122
79160103
79163253
79168467
79171867
79173624
79178086
79179047
79179889
79189240
79192725
79197728
79205335
79205794
79206800
79213451
79221303
79230853
79239286
79245904
79249988
79256962
79263606
79270167
79277700
79282656
79284517
79290298
79296961
79302414
79311562
79316854
79321163
79321870
79331332
79335875
79339164
79343841
79350486
79352592
79360398
79363293
79369838
79370034
79375389
79381684
79382382
79382445
79383637
79384068
79384308
79393978
79398961
79401863
79402739
79406445
79413998
79418832
79428254
79437800
79446982
79449007
79456290
79464132
79470169
79473058
79475177
79477331
79480360
79488960
79495447
79496008
79499620
79508808
79518423
79526146
79534533
79536718
79543440
79545287
79553031
79556339
79559255
79566990
79575607
79577515
79584324
79592384
79597029
79605762
79612722
79622432
79628280
79635743
79637591
79640423
79646127
79654137
79659232
79668124
79669947
79674851
79680009
79680862
79688151
79696332
79696698
79702061
79711179
79720285
79724323
79731549
79732430
79739338
79746710
79749029
79752158
79761160
79764921
79770819
79776568
79779308
79781193
79783994
79789172
79791814
79797638
79798469
79801054
79806750
79807153
79814756
79819946
79827561
79836345
79842126
79846899
79851540
79859744
79865122
79870073
79870374
79874463
79880642
79888692
79897301
79903936
79912898
79917987
79924549
79934536
79941053
79945651
79954765
79958548
79964702
79973874
79983148
79990231
79991376
79997473
80003292
80011170
80015733
80021002
80028033
80029874
80039146
80040315
80042342
80043983
80052623
80059156
80067185
80069195
80070141
80074762
80082511
80085208
80088062
80091959
80097952
80101370
80105631
80110908
80116868
80123042
80129764
80138407
80138986
80141070
80146100
80147939
80152960
80152976
80157156
80158875
80165554
80167890
80168111
80172066
80178773
80184576
80193971
80194157
80197501
80197908
80198641
80203171
80206107
80208024
80214093
80220792
80225376
80234718
80243388
80247433
80251993
80260825
80263231
80264666
80269610
80277435
80284555
80288588
80295193
80295639
80297729
80306325
80315759
80319558
80321823
80331313
80335862
80342384
80344235
80352258
80355202
80359545
80359644
80362743
80366596
80375792
80383646
80388772
80394340
80398804
80408767
80417582
80418079
80418407
80424663
80426689
80434015
80442499
80450101
80459754
80466435
80474379
80477018
80480624
80487989
80488288
80488725
80495650
80499659
80508734
80518058
80518208
80522221
80530165
80537090
80540916
80547434
80556816
80564158
80566879
80569731
80579207
80583686
80587013
80594170
80595895
80605511
80612395
80614787
80619412
80621089
80622075
80624522
80633412
80638065
80638251
80642079
80643229
80652579
80654760
80657283
80663488
80668419
80669001
80669664
80671279
80674226
80675769
80680694
80688937
80691884
80700841
80702402
80709613
80718494
80725266
80730193
80733165
80741867
80746545
80747030
80750778
80752498
80759773
80763280
80768623
80774793
80777964
80781868
80785563
80791250
80800500
80805814
80808601
80817604
80819172
80820547
80826999
80830363
80834585
80839901
80847929
80855723
80856306
80864574
80872966
80881519
80882357
80886881
80888174
80897622
80904643
80909987
80918158
80919713
80919988
80924794
80926720
80927745
80936550
80944360
80947716
80953109
80962163
80969450
80977846
80986106
80990664
80993727
81001185
81001979
81009524
81017665
81027237
81028328
81037945
81046504
81050331
81051096
81056290
81065228
81068051
81069570
81070519
81080033
81089531
81098716
81106639
81116281
81119812
81128464
81131629
81136844
81145199
81148365
81152814
81161517
81163927
81166321
81172141
81172393
81176622
81178947
81184251
81185342
81187722
81188905
81189283
81198544
81201523
81210150
81216289
81222979
81230170
81235974
81239801
81246544
81250851
81258030
81261217
81264066
81266980
81275850
81283822
81291756
81297951
81300156
81304676
81308403
81311306
81311519
81314141
81321870
81323702
81330569
81331777
81341753
81343075
81351800
81360015
81367736
81376222
81380482
81383523
81388663
81396034
81403678
81403868
81405715
81414169
81415509
81419593
81421786
81423832
81423947
81430028
81433784
81435820
81439980
81441712
81448130
81450364
81456664
81466285
81469075
81472695
81478845
81484187
81487295
81491749
81500982
81509120
81517057
81523458
81524253
81529642
81532896
81541008
81548569
81550663
81550813
81554481
81557881
81562038
81569377
81570792
81573128
81579848
81587141
81589044
81592491
81596311
81604073
81606324
81608901
81612021
81618288
81618733
81623908
81624728
81627011
81636366
81643806
81649913
81653211
81656130
81658747
81665161
81671710
81677618
81686330
81689910
81690530
81693296
81695034
81699875
81705860
81710576
81719625
81728431
81735877
81740923
81746883
81754639
81761352
81763595
81773266
81778207
81781391
81789718
81791904
81794416
81795879
81805564
81807123
81812145
81816831
81819692
81826623
81831264
81833541
81838710
81848247
81853056
81853106
81856984
81863569
81866474
81871683
81879497
81885449
81893349
81894365
81904302
81904975
81906906
81908446
81908470
81917334
81925024
81930473
81935080
81941367
81945621
81948317
81954790
81958462
81963676
81971119
81980027
81987138
81990942
81992544
81993005
82002502
82005896
82006490
82012568
82013012
82022037
82022485
82026102
82027373
82030465
82034794
82038553
82047301
82053835
82062004
82063157
82069535
82078023
82080734
82085168
82086037
82093870
82094588
82100114
82106586
82108940
82115044
82120737
82127290
82135409
82135535
82143166
82143668
82146894
82152806
82159711
82168561
82170968
82178272
82178885
82185344
82195258
82195889
82201530
82204488
82212292
82218678
82218776
82226867
82233011
82238992
82248873
82257926
82265094
82267601
82269049
82269230
82270810
82272032
82276089
82282533
82287669
82290804
82292840
82295086
82298542
82305731
82311718
82312075
82312793
82319588
82325529
82333333
82340101
82349743
82357923
82367075
82375042
82381243
82381516
82385992
82391697
82392089
82398159
82401100
82403303
82406153
82409366
82411787
82415753
82420538
82420865
82428902
82431386
82432948
82440948
82448602
82449301
82450656
82456688
82463282
82463557
82472081
82473038
82474707
82474993
82483109
82486834
82494009
82498060
82507947
82511854
82515326
82519224
82525360
82534104
82540047
82541105
82546852
82546940
82554237
82555745
82556391
82556890
82561986
82567092
82568784
82575402
82580299
82584143
82590636
82599040
82607884
82614211
82621615
82631314
82633367
82634739
82635014
82637424
82640753
82642336
82649815
82659489
82663469
82672013
82674861
82680615
82690415
82691406
82696290
82698648
82701383
82710616
82712335
82720935
82730398
82730961
82735583
82739969
82745170
82747610
82748631
82758608
82764676
82766497
82772981
82777945
82780842
82789492
82798803
82802979
82809938
82819146
82824072
82833595
82841973
82844819
82849289
82855557
82861887
82870087
82879359
82887164
82889373
82897531
82899558
82899581
82902827
82905774
82906566
82913830
82918696
82927197
82934992
82941355
82948920
82956589
82958897
82964564
82974536
82975138
82980106
82987128
82989107
82998963
83005024
83014566
83017974
83024793
83029606
83039053
83045228
83051828
83056269
83063385
83072561
83074481
83075482
83077817
83084069
83089863
83094048
83095222
83104760
83112044
83112468
83113279
83114363
83122218
83128559
83130737
83135887
83144584
83148036
83157529
83157783
83158313
83167598
83174930
83176367
83185617
83192311
83199328
83201038
83210494
83211996
83219506
83226036
83229455
83233602
83235132
83240062
83244344
83249084
83249850
83255097
83265079
83273981
83279170
83288993
83293253
83294380
83295693
83304880
83307274
83310522
83319524
83328224
83337031
83346647
83352755
83353165
83362028
83365103
83368835
83377849
83386754
83394999
83396380
83396415
83403927
83411799
83414440
83415664
83417860
83427350
83433835
83438194
83447227
83451843
83460029
83462633
83468157
83477568
83486769
83489159
83495878
83503871
83513135
83515260
83520058
83520689
83529867
83536212
83544789
83549765
83556289
83557648
83558105
83562187
83563735
83572113
83576684
83585157
83589226
83598933
83603389
83604529
83607415
83613770
83617955
83618383
83619949
83624911
83629693
83632904
83640698
83644496
83647334
83649956
83651664
83659723
83666281
83669666
83675171
83677423
83678296
83680279
83684081
83689623
83693545
83703206
83707177
83713601
83714171
83719509
83721979
83724035
83731425
83732390
83734913
83743331
83750202
83751471
83753472
83762101
83771474
83776400
83779861
83785872
83794866
83800011
83807851
83815195
83820623
83824651
83834138
83834292
83835702
83836164
83841075
83848608
83851285
83854440
83856878
83864779
83872754
83881176
83882043
83885801
83892586
83902390
83908213
83909647
83917875
83927248
83937098
83946637
83950751
83957309
83959587
83964307
83969160
83970620
83978696
83983719
83988269
83995735
83999972
84004641
84013544
84013681
84017578
84020349
84028821
84036290
84036416
84043851
84045658
84051764
84061151
84063000
84064625
84070896
84075223
84085182
84091434
84101060
84109082
84114713
84117655
84117906
84119338
84129275
84129619
84135781
84139987
84140126
84147486
84152401
84158897
84168592
84176968
84177424
84184983
84193497
84202565
84203506
84207481
84210956
84218398
84226830
84232544
84235337
84245085
84246935
84249130
84249981
84252470
84255106
84263229
84263515
84267140
84271917
84276689
84283213
84283389
84289764
84290845
84299323
84304590
84305755
84314729
84319897
84325743
84334320
84343034
84347305
84350362
84352999
84356726
84364414
84369124
84371675
84379658
84383240
84387908
84396492
84403580
84411677
84421030
84423109
84424861
84428060
84428982
84429596
84430302
84431507
84437386
84438056
84438740
84443851
84446759
84449529
84456744
84464590
84470622
84474691
84477306
84477598
84478463
84484514
84489637
84490707
84491361
84501188
84507363
84509308
84510713
84519537
84522531
84531787
84536257
84540537
84542887
84551227
84560314
84569492
84575865
84578699
84579734
84587892
84595305
84597106
84604418
84610987
84619389
84620872
84626790
84630097
84634059
84640382
84647998
84651898
84657863
84665335
84668832
84670138
84670689
84676168
84680086
84686991
84690123
84697071
84699022
84699945
84708739
84716868
84718266
84723111
84728066
84731524
84733057
84739315
84743154
84746027
84754566
84758610
84768177
84777484
84780128
84783872
84784701
84789693
84796873
84804367
84804423
84810203
84818840
84822711
84825233
84829011
84831855
84838608
84845626
84847123
84850414
84857332
84867233
84874212
84874262
84880293
84888317
84895327
84897851
84901290
84904986
84909282
84919106
84924335
84931104
84940463
84946707
84950478
84959742
84969196
84976935
84977470
84985301
84989458
84997922
85007895
85015081
85019881
85027483
85028745
85032992
85041406
85050382
85051645
85054244
85059495
85066907
85067955
85075185
85075615
85077370
85086275
85095615
85098717
85101251
85109689
85115965
85118256
85125465
85126649
85135238
85137506
85147412
85149616
85154377
85155689
85156615
85161639
85164944
85170888
85180430
85182576
85188708
85192633
85197260
85203089
85206136
85209475
85215174
85222592
85228618
85237801
85239799
85242084
85247672
85254928
85257091
85258775
85263128
85272390
85275630
85278876
85281909
85290108
85298179
85300433
85301001
85304307
85311862
85314377
85320489
85326341
85333823
85343315
85346686
85349471
85351489
85353190
85363157
85371459
85373429
85375481
85383697
85392855
85400666
85403852
85413583
85422729
85430916
85438762
85447389
85454264
85454994
85459938
85463235
85472030
85473421
85478048
85487317
85491515
85495278
85497197
85503121
85505182
85505206
85507125
85515750
85524107
85534056
85540705
85547819
85557634
85566451
85573686
85575562
85580129
85584353
85592407
85601722
85606568
85614128
85623438
85623551
85625294
85627441
85635340
85642873
85644423
85647556
85654069
85663483
85668714
85672353
85673190
85678806
85680147
85688617
85692270
85695762
85700216
85700738
85709323
85712444
85715484
85718174
85723722
85729296
85729307
85730466
85731555
85735300
85742057
85744272
85749675
85749699
85758480
85765897
85772066
85772901
85773485
85778907
85788091
85790964
85794764
85803607
85809579
85817966
85818681
85823905
85825981
85830726
85838698
85844744
85848449
85853214
85856604
85860408
85860717
85864970
85869124
85879062
85879852
85880796
85886936
85887267
85889904
85892252
85893033
85900464
85909104
85912778
85918040
85925814
85933416
85939154
85946858
85952951
85960305
85967375
85974366
85979059
85986708
85992384
85999790
86002583
86010473
86017821
86018707
86028029
86032854
86032913
86036104
86036885
86045000
86051733
86056878
86065753
86066704
86075178
86076114
86085564
86091116
86094615
86095082
86097342
86100262
86108445
86116117
86119687
86124205
86133533
86139625
86142450
86143788
86149903
86154625
86157088
86160850
86161969
86171401
86177481
86182096
86189501
86192319
86192910
86201547
86202985
86210902
86218932
86222225
86229436
86236879
86239298
86245440
86253343
86257761
86259939
86267175
86268881
86270174
86273429
86278354
86280825
86280933
86290833
86295321
86304319
86305479
86311007
86318420
86319592
86325922
86326767
86334595
86339935
86347791
86348479
86357406
86357549
86364402
86374335
86377145
86378159
86387460
86392219
86400617
86403501
86407918
86410945
86416342
86418438
86419663
86422552
86424719
86425077
86426175
86431903
86440375
86445237
86454091
86461325
86465876
86473412
86474294
86481987
86488403
86490466
86498819
86507617
86516475
86520942
86524106
86530809
86534654
86537589
86543914
86545641
86549468
86556039
86564557
86574160
86580652
86585894
86594047
86598559
86600044
86602511
86605434
86607861
86610999
86620016
86621055
86623340
86628543
86629993
86637698
86647493
86649038
86652817
86657060
86663207
86667590
86671019
86671317
86680591
86681402
86685581
86694335
86697702
86697983
86703490
86710880
86720355
86728722
86733202
86740536
86745488
86746818
86747662
86752945
86759927
86766748
86770515
86777582
86778206
86787424
86792561
86793633
86803054
86809584
86811871
86819274
86828969
86830415
86838448
86847413
86847763
86853647
86855061
86862283
86868425
86871216
86879209
86886878
86895187
86899413
86900474
86903765
86913291
86914930
86924268
86928511
86933531
86937614
86943151
86946589
86948297
86955062
86958983
86967953
86970262
86977672
86981721
86991439
86996790
87002459
87008322
87009239
87015598
87023589
87031153
87032752
87040300
87041788
87046224
87052225
87054628
87061313
87069232
87077879
87079893
87082363
87086833
87087804
87092778
87099513
87109483
87117660
87125456
87131045
87138702
87139103
87140385
87142901
87150872
87155116
87157792
87165945
87167777
87173320
87174259
87180490
87180496
87188974
87189897
87195387
87201629
87208091
87215532
87225197
87228961
87236365
87243391
87243807
87249652
87251463
87252005
87261764
87267219
87275522
87283457
87288279
87295924
87300677
87309371
87319190
87323937
87328486
87334317
87340403
87345050
87347543
87357105
87362007
87371221
87372272
87375882
87385650
87388750
87397519
87403780
87412758
87414750
87417473
87421460
87431095
87440630
87449903
87450564
87458154
87468094
87469802
87473444
87476900
87480478
87486443
87487409
87488079
87494373
87495035
87504976
87510554
87519645
87519802
87522789
87528561
87537112
87542179
87545456
87548603
87554102
87555883
87562168
87570911
87579827
87584015
87590363
87595460
87604480
87608660
87613098
87623092
87625731
87632392
87640688
87646350
87650811
87651558
87653315
87655701
87661545
87671159
87680823
87689899
87695386
87702803
87708122
87715063
87716058
87720773
87729394
87731473
87737507
87746602
87755382
87757180
87760309
87766995
87770225
87778141
87784439
87788042
87796835
87804727
87805966
87815040
87823751
87832924
87837396
87845516
87847740
87852090
87859855
87860392
87862748
87872220
87876110
87882029
87882631
87891086
87892542
87893645
87896692
87905144
87914982
87923610
87929668
87930204
87935454
87937135
87947033
87954994
87963232
87971394
87973432
87974562
87977282
87985506
87991998
87993767
88000409
88003933
88007358
88015227
88021221
88030683
88034925
88038026
88047517
88048651
88049098
88052374
88054801
88064761
88069900
88075606
88082214
88083235
88083349
88088391
88091618
88101217
88101292
88108779
88109674
88109982
88114082
88118591
88122796
88131266
88139360
88143743
88144250
88147664
88156452
88163935
88166362
88168323
88174372
88177553
88178460
88184767
88189197
88196055
88196434
88198888
88207318
88211498
88215877
88215896
88223836
88228561
88236592
88237486
88237641
88242911
88252188
88259813
88262845
88267112
88275218
88280284
88283933
88285706
88287613
88292413
88297911
88301140
88303295
88305624
88312440
88313792
88314519
88318732
88323032
88328725
88329983
88331321
88337175
88339619
88340431
88348208
88356245
88356280
88365101
88369240
88373643
88382811
88387879
88390142
88398926
88404797
88410285
88416559
88422920
88425065
88433519
88443444
88447042
88456935
88464019
88469014
88477737
88480579
88484221
88487639
88495181
88497857
88505485
88514021
88518860
88525963
88528423
88528903
88532542
88542276
88547574
88549693
88551438
88551775
88558014
88566359
88567854
88568975
88578884
88582519
88592335
88599000
88606224
88609101
88613995
88620525
88624102
88628441
88637060
88641320
88651255
88652452
88660502
88666148
88675529
88676826
88682164
88685859
88689007
88692745
88699937
88704485
88706171
88715356
88723739
88727290
88736562
88738902
88740388
88749716
88751993
88758007
88765264
88771532
88780595
88787598
88790262
88792102
88792828
88793843
88801792
88807070
88808523
88816444
88825509
88834804
88836888
88841152
88841462
88847190
88853568
88860192
88869054
88870036
88872373
88881967
88887005
88893047
88902382
88909636
88912467
88912584
88917734
88921554
88924716
88933665
88938631
88944506
88952588
88954918
88957178
88965560
88973135
88974891
88976347
88984690
88986429
88990188
88990338
88997691
88999393
88999711
89007664
89014876
89018710
89028511
89028903
89030698
89036204
89039105
89048042
89054166
89063260
89069086
89075347
89085241
89093755
89095806
89098719
89103518
89108678
89111411
89112385
89120065
89122573
89130578
89134829
89144016
89153264
89158096
89165190
89172949
89176540
89177106
89178894
89179993
89185509
89192901
89201117
89209147
89217047
89218308
89227409
89232127
89236077
89241984
89248522
89253068
89260748
89264843
89271005
89276816
89280806
89285632
89286167
89286620
89295176
89300283
89301754
89310344
89310912
89316745
89323317
89325905
89334925
89341617
89342129
89344463
89347879
89354436
89357182
89363268
89367440
89368013
89374757
89381090
89385997
89393534
89400494
89410227
89411856
89416106
89423898
89432748
89434329
89441233
89441806
89441854
89442233
89447678
89457155
89461314
89466138
89474218
89480479
89484168
89492973
89501127
89502733
89504218
89511140
89514810
89517109
89522835
89523246
89532441
89542435
89543485
89549213
89551304
89554710
89563954
89572752
89579458
89588312
89593301
89597450
89605598
89608617
89618195
89624672
89633933
89637452
89642814
89648121
89654281
89657081
89663727
89669549
89678288
89679358
89681128
89681621
89688301
89692749
89695445
89697235
89700197
89702252
89706279
89712214
89715377
89717441
89725450
89731746
89734871
89736866
89740429
89747432
89755742
89759820
89761028
89762494
89769176
89773811
89779827
89784357
89791427
89792785
89794049
89794150
89801227
89806544
89812483
89820442
89822462
89826822
89832075
89836267
89839858
89844586
89854051
89856576
89863436
89865308
89866125
89866824
89875388
89883922
89883947
89885632
89893371
89902509
89902604
89907458
89910891
89916603
89925530
89929218
89930440
89938690
89947164
89953598
89954795
89959172
89965845
89968199
89968641
89976898
89983303
89987867
89993122
89995279
89997327
90002257
90006353
90013062
90015851
90025364
90026044
90031390
90039716
90039934
90043558
90053530
90053913
90059237
90069159
90072340
90077682
90084337
90085177
90090188
90093822
90098451
90105753
90107546
90111981
90112475
90116605
90119397
90123293
90126258
90135617
90144034
90153385
90159230
90167989
90172898
90181992
90184639
90190816
90199816
90202740
90206791
90216698
90222460
90222905
90229678
90231276
90238046
90246992
90253356
90263195
90264633
90267771
90275889
90285476
90289904
90290357
90296836
90303959
90310431
90312224
90315692
90320400
90322376
90324061
90327156
90336820
90337541
90346569
90354679
90359999
90362836
90372262
90380105
90386980
90389071
90390221
90394792
90396978
90399354
90409071
90418325
90423569
90426365
90430909
90439919
90447937
90455440
90456853
90460110
90465895
90475547
90478815
90484323
90487871
90494423
90499931
90504952
90506585
90510934
90519033
90523434
90531008
90540844
90548729
90551967
90553142
90561210
90562019
90567300
90575243
90585207
90588183
90596731
90601645
90611575
90615832
90621203
90630348
90639914
90648521
90653060
90658986
90662580
90671938
90674963
90680595
90688153
90692460
90697128
90699743
90706058
90708841
90710912
90717884
90723815
90729877
90735705
90736548
90737482
90742981
90752380
90754749
90761251
90769958
90774361
90782805
90785424
90786781
90787184
90789058
90792713
90801015
90804432
90810948
90817128
90820892
90823775
90830163
90837801
90844501
90854237
90861390
90869518
90876247
90880412
90887584
90896124
90902129
90910302
90914717
90919865
90925708
90935050
90942040
90943069
90945204
90945649
90952241
90954454
90956934
90957622
90960917
90963798
90964994
90966996
90970674
90979016
90979222
90988389
90993716
90994728
90996436
91000159
91004019
91007939
91016539
91023552
91028946
91029752
91037410
91039209
91046672
91055742
91058131
91063632
91071686
91081616
91083946
91088571
91095866
91102460
91104514
91108499
91108876
91117065
91121344
91126013
91134103
91138127
91140478
91149216
91154565
91159911
91166945
91167344
91167748
91173416
91180978
91188815
91193313
91194790
91197185
91204550
91213252
91213403
91214405
91217735
91224068
91230788
91237441
91241364
91244384
91250080
91258327
91264609
91273309
91277177
91280322
91286959
91295260
91298300
91307708
91316050
91325347
91331528
91331539
91335463
91340469
91343001
91344738
91349106
91352221
91352590
91361047
91368857
91375819
91375969
91382600
91389267
91396287
91402919
91403966
91404446
91413970
91417409
91423321
91426449
91429483
91433914
91440478
91440693
91443035
91447704
91454458
91456881
91465044
91469936
91475652
91482305
91482937
91488070
91497037
91499677
91506931
91508074
91515298
91521107
91529039
91535284
91536016
91541545
91546083
91548160
91550367
91551074
91552053
91561332
91568747
91572327
91577469
91581631
91587104
91589221
91596056
91604511
91614132
91617033
91624531
91627324
91636658
91637211
91645970
91653445
91656638
91662601
91670521
91677800
91678359
91687366
91688720
91691353
91698773
91707372
91710457
91713415
91716343
91723284
91725168
91731486
91737035
91738056
91747843
91756401
91762430
91769277
91778555
91788081
91788505
91791877
91794518
91795052
91803620
91812517
91816770
91818864
91825757
91826514
91833502
91838055
91847514
91854800
91858665
91859855
91863794
91870193
91875347
91884936
91889271
91889676
91892823
91893709
91893989
91897219
91901717
91911451
91911831
91916037
91922124
91926346
91935459
91939095
91946155
91951978
91956669
91966151
91972119
91978278
91987872
91989322
91991567
91991992
92001544
92010205
92014659
92017556
92027359
92031006
92040065
92048079
92055795
92058301
92059473
92060473
92061976
92070049
92077549
92087364
92088271
92097470
92099067
92106218
92109689
92115093
92117485
92125578
92126948
92136091
92143303
92150866
92159207
92164402
92169908
92172400
92175341
92176969
92179322
92182936
92189795
92198226
92206429
92210304
92217765
92221839
92223167
92225336
92225698
92227045
92229323
92235658
92242619
92248720
92253116
92260244
92269950
92277286
92281455
92287806
92294426
92294794
92298566
92298855
92301054
92305700
92310702
92312903
92315532
92321042
92324096
92330036
92339528
92347350
92355879
92362896
92372777
92382479
92386143
92391330
92397910
92398412
92406710
92415014
92419882
92423823
92430046
92438486
92443693
92449060
92450184
92450262
92458290
92458920
92467677
92472271
92477278
92482057
92487238
92494676
92502263
92508100
92509008
92509814
92513117
92522200
92522912
92531984
92532393
92537949
92539296
92544734
92548998
92558157
92561007
92567322
92569220
92574441
92579634
92584424
92592320
92593294
92594777
92597300
92598256
92600030
92608711
92615119
92624925
92626657
92629882
92637115
92640960
92642971
92652909
92653568
92656069
92659701
92662519
92666420
92667457
92672340
92678612
92681397
92688235
92692225
92695458
92698580
92700838
92705415
92713888
92721508
92728058
92733098
92740601
92746245
92747033
92753394
92761043
92763664
92765983
92774802
92783765
92791569
92797970
92806828
92810653
92814663
92821497
92826412
92833543
92836150
92842440
92843622
92848600
92855550
92859997
92864542
92871321
92877864
92878863
92879919
92881684
92882212
92883750
92887032
92891349
92893598
92898541
92905251
92906639
92915723
92917487
92919587
92928457
92931316
92940487
92942941
92947367
92950061
92956947
92960139
92967202
92974145
92979464
92988794
92992113
93002102
93010153
93012216
93021873
93028599
93033889
93037280
93038755
93042838
93042938
93049214
93055515
93059900
93062828
93070211
93076255
93076587
93085208
93094055
93097993
93098043
93104336
93107943
93113006
93115545
93122441
93122801
93125841
93129151
93130634
93133902
93137986
93141259
93149031
93156876
93165740
93166004
93175669
93180418
93181159
93183361
93187203
93192076
93196366
93197166
93199458
93205357
93206992
93209000
93215886
93216977
93218712
93226850
93228313
93236205
93236769
93242476
93246653
93248685
93250083
93250255
93258563
93262952
93263635
93270804
93279416
93281910
93284741
93289882
93299048
93300200
93301276
93304144
93313012
93313831
93314108
93318636
93327468
93329845
93333430
93336218
93341831
93343918
93346449
93356170
93360321
93368118
93376650
93382147
93390821
93393728
93396601
93398583
93404398
93409122
93417088
93421543
93427771
93434993
93438904
93446102
93452413
93453000
93457691
93463703
93467602
93477411
93479634
93487322
93493621
93496609
93498325
93503840
93506376
93513293
93514513
93519995
93526562
93528779
93529665
93536012
93542296
93545260
93545753
93552256
93552775
93555576
93565455
93568443
93572606
93577502
93585425
93586963
93588524
93588549
93593461
93600457
93600831
93608172
93608217
93611168
93620099
93628968
93636350
93637011
93645255
93646798
93655193
93664211
93673185
93673935
93675520
93681975
93687932
93690827
93692874
93702775
93707133
93708893
93717079
93720421
93729533
93737397
93742440
93744426
93753739
93755746
93756444
93756903
93766011
93775597
93780177
93780651
93787020
93792397
93793024
93796202
93805171
93806448
93807843
93810819
93815283
93817064
93824794
93824871
93833777
93842271
93847520
93848295
93852650
93854637
93858771
93866395
93868744
93869770
93871520
93872405
93874196
93879237
93888437
93890138
93892656
93898565
93898662
93900280
93907569
93916103
93923480
93929237
93929354
93930535
93932880
93937792
93942530
93948641
93957723
93962171
93968089
93971834
93975556
93978250
93983604
93988334
93988584
93995529
93995839
93995885
94003915
94012463
94022239
94025597
94034544
94039215
94045473
94054766
94055685
94056373
94058341
94067632
94073916
94077240
94084056
94088130
94094413
94100810
94105229
94108833
94117241
94122901
94127814
94130286
94135860
94144613
94146838
94150193
94153355
94160832
94167397
94170304
94177714
94179628
94187807
94194879
94199360
94203668
94209977
94212025
94213118
94215976
94218848
94221171
94221409
94227658
94232577
94232698
94234017
94241486
94247760
94249649
94251088
94253015
94253078
94262352
94264654
94270887
94278290
94279834
94280946
94289215
94295761
94301780
94311489
94312284
94313416
94317346
94322442
94328389
94337010
94340441
94346767
94346857
94353328
94355429
94359657
94362931
94365754
94367619
94368957
94375838
94383294
94389351
94393117
94399721
94406527
94406878
94408320
94412877
94415390
94422691
94428118
94432073
94433802
94439546
94445194
94445770
94446635
94448790
94457775
94462239
94462240
94470232
94473113
94477813
94481447
94481889
94490500
94498137
94501408
94502246
94508696
94515948
94524138
94534088
94537007
94542652
94544236
94547722
94554084
94557256
94561711
94562005
94564360
94571922
94576214
94578634
94584836
94590157
94592867
94596982
94604479
94608070
94613956
94613963
94618997
94619219
94624184
94631132
94634043
94640571
94647979
94653426
94659832
94663168
94664065
94672303
94673281
94673744
94683425
94684894
94687397
94689791
94697272
94707077
94709565
94717585
94724321
94728661
94735709
94738268
94744340
94748918
94749353
94750161
94759487
94761080
94765771
94774174
94774629
94783797
94792157
94793193
94802736
94811656
94819166
94820563
94822601
94829069
94835262
94838767
94839474
94848545
94854447
94854466
94863621
94863684
94872820
94882710
94892063
94899641
94906480
94909594
94912501
94917008
94922986
94932088
94936599
94942508
94947544
94956015
94965305
94972522
94982286
94988798
94998207
94999032
95000755
95004229
95013630
95018681
95019678
95020619
95025936
95027704
95033390
95034838
95043269
95044957
95048781
95054106
95056285
95057027
95063042
95066214
95071989
95073252
95075488
95078699
95079817
95080718
95083487
95092291
95101648
95106314
95114265
95121590
95124942
95126483
95133758
95137147
95144801
95150684
95151050
95156744
95158843
95167801
95171611
95176929
95183034
95192805
95193498
95198972
95204499
95210343
95213477
95222377
95228837
95238537
95241149
95246311
95253963
95256451
95262601
95264899
95271045
95277617
95284460
95288390
95294022
95303188
95303502
95307999
95308134
95315570
95316402
95319138
95322673
95331899
95339592
95343947
95351146
95360475
95360985
95365464
95372673
95378635
95378642
95380056
95384213
95387562
95390407
95397464
95401786
95407776
95410689
95418294
95421066
95430496
95436413
95444964
95452218
95458869
95464484
95464823
95469137
95472947
95473720
95483439
95492701
95493619
95500063
95502229
95507395
95511137
95514828
95519061
95523971
95528587
95536605
95544634
95549167
95550307
95551502
95556098
95563211
95568662
95573677
95582570
95589279
95594379
95594866
95598105
95606848
95609738
95615031
95624036
95628985
95629148
95636390
95640389
95649996
95657963
95663737
95671273
95672055
95679931
95680422
95684380
95692717
95695550
95702038
95703067
95712531
95715613
95725522
95732933
95736034
95738748
95738808
95748746
95753165
95762116
95771529
95774887
95777590
95783181
95789932
95799248
95807790
95812862
95820721
95825030
95826009
95834634
95835281
95844418
95846903
95852407
95854821
95862836
95864134
95867282
95870523
95876054
95884002
95890462
95897567
95904015
95909679
95913926
95920038
95924340
95929092
95935143
95942142
95949513
95952912
95956864
95966064
95968581
95969518
95969858
95973086
95977064
95977963
95987590
95995839
96001134
96010081
96013253
96018162
96024569
96030005
96034947
96043407
96051885
96054457
96064335
96070305
96073776
96083625
96085569
96087934
96097356
96101861
96102972
96110948
96118040
96119041
96121581
96121855
96124302
96126672
96128392
96137999
96143872
96148915
96155669
96164186
96164560
96173114
96182234
96183638
96191172
96194698
96200448
96208982
96214647
96218084
96227706
96236524
96239715
96241375
96246943
96249997
96255757
96257750
96265501
96269943
96271312
96275120
96279594
96289049
96297896
96299279
96304356
96311523
96318443
96320363
96327824
96336041
96338666
96343562
96345305
96353797
96355653
96362342
96371521
96381195
96382892
96383022
96383328
96385063
96393162
96400116
96402195
96411231
96420133
96423217
96425394
96430531
96434216
96437184
96438385
96446275
96447385
96457255
96464174
96468123
96477242
96478990
96482348
96484641
96486001
96486220
96491940
96493823
96497537
96498737
96503234
96503883
96510507
96510553
96510827
96512134
96520460
96523084
96529673
96536409
96540103
96542312
96551383
96560903
96563529
96565001
96570626
96579520
96588127
96593325
96601082
96610800
96619917
96620611
96622963
96630578
96636151
96639175
96646880
96656636
96658742
96664020
96668840
96668915
96676156
96682364
96685584
96685940
96689332
96698465
96701125
96704841
96706904
96716586
96723400
96723586
96731361
96734638
96738020
96741664
96750533
96759350
96768033
96769540
96778903
96782752
96789340
96797050
96801699
96804722
96807381
96809217
96812539
96815384
96816399
96820538
96829111
96837211
96841154
96847938
96853436
96855405
96855760
96864215
96869036
96875230
96879735
96884927
96891927
96895186
96895756
96898506
96900182
96904855
96906700
96916382
96918801
96927090
96932779
96941995
96949188
96956865
96959142
96968101
96969851
96977922
96986692
96988830
96992133
96996271
97002824
97011382
97020098
97023613
97025811
97032727
97040724
97041161
97042936
97046592
97054816
97060801
97063623
97072839
97073927
97077043
97081886
97085826
97093040
97095060
97099115
97103687
97104552
97109460
97113161
97120853
97130141
97139138
97143112
97148366
97157329
97163724
97164628
97168582
97169851
97175079
97180758
97190689
97197561
97204804
97207096
97207434
97207551
97213009
97214874
97217587
97221884
97231401
97238202
97242353
97247724
97253814
97257197
97264719
97266230
97272191
97281595
97285042
97291504
97293675
97300315
97307169
97307248
97313727
97323610
97325253
97327044
97336688
97345028
97354996
97355628
97364798
97367063
97371762
97379628
97382894
97388197
97393846
97396518
97404468
97409414
97415288
97418534
97421053
97430234
97430692
97434427
97444210
97453538
97456503
97465678
97471696
97477798
97479445
97486804
97494358
97501399
97511129
97520311
97520631
97521755
97527931
97533940
97542496
97547817
97552741
97559958
97566531
97571396
97571845
97574295
97575421
97577395
97582774
97591659
97598195
97601541
97609324
97618252
97628151
97630137
97634532
97641487
97647249
97647763
97654629
97663684
97664732
97672384
97681595
97690652
97696233
97704163
97712601
97721539
97723193
97729461
97730150
97737420
97740745
97744766
97750381
97756416
97757112
97763894
97769797
97771256
97780614
97789686
97795151
97795426
97796717
97802712
97808581
97816467
97823528
97829994
97836143
97844590
97847122
97854070
97854980
97857269
97859054
97860567
97870046
97875471
97884305
97888224
97896662
97904770
97910486
97912596
97913054
97915825
97919127
97920820
97926902
97934702
97937268
97947143
97955871
97958394
97960035
97963320
97967384
97970816
97976183
97978473
97982626
97988589
97997413
97998508
98006505
98011093
98019942
98024465
98025610
98031703
98041235
98041341
98043879
98044317
98047459
98056645
98065102
98070376
98080098
98082244
98085630
98093784
98099199
98107246
98115761
98124810
98126602
98134402
98135220
98138385
98143506
98145997
98155749
98159069
98162180
98169058
98175712
98176694
98181569
98182907
98185792
98191381
98199207
98204618
98212350
98218152
98220003
98228331
98235230
98244070
98253141
98256377
98262789
98264626
98270528
98274023
98282770
98290748
98295041
98298974
98307548
98307821
98312829
98322640
98326410
98331249
98334098
98337771
98345148
98349406
98355572
98365194
98374964
98383000
98384451
98385539
98394430
98399312
98402708
98407417
98407949
98411119
98420543
98423408
98428826
98437872
98442710
98447767
98455660
98462196
98465498
98467665
98477283
98481852
98482761
98489719
98494939
98498872
98501397
98509263
98518674
98519587
98528201
98534705
98539509
98548613
98549494
98557275
98563845
98567264
98567700
98573721
98573740
98582981
98583351
98592782
98593737
98602311
98603169
98609131
98616734
98625537
98635395
98641362
98644190
98653779
98659938
98662971
98671125
98676992
98678855
98683573
98690365
98697811
98703530
98709277
98712156
98719118
98720792
98725425
98729203
98736029
98736752
98737191
98739463
98743017
98752004
98754188
98758241
98763339
98763544
98766564
98772145
98781874
98783796
98789488
98795658
98795802
98805728
98807128
98808890
98816672
98826493
98830870
98832603
98836060
98843810
98847610
98849742
98853327
98857062
98863751
98865630
98871302
98873232
98874893
98876560
98883219
98884617
98887520
98896537
98901865
98907043
98915921
98919436
98927044
98927647
98932814
98934679
98943471
98949400
98950352
98950902
98954049
98957043
98957624
98964839
98969066
98971541
98971786
98972137
98974903
98983815
98985497
98992430
98997928
99006978
99012329
99022010
99031196
99040775
99046576
99048142
99052154
99061616
99062423
99067287
99075314
99080601
99085819
99092418
99096240
99101731
99111455
99119047
99123012
99132647
99137680
99138754
99148093
99148746
99155444
99160794
99164476
99173510
99175307
99175464
99183404
99190225
99190483
99196855
99200046
99200432
99207306
99216050
99217382
99224289
99230368
99236796
99244402
99247093
99256839
99265406
99266883
99274210
99279612
99281153
99284012
99286023
99290887
99291114
99293404
99299974
99302003
99309429
99314184
99323745
99330552
99333108
99337326
99346142
99355706
99357971
99365051
99372273
99375102
99382874
99382995
99385962
99389423
99391980
99401709
99403860
99404595
99407824
99410709
99411843
99417597
99419201
99428036
99429938
99430118
99432498
99441900
99446153
99453224
99455514
99460573
99461553
99467874
99474677
99480132
99488643
99489847
99497016
99504249
99508568
99511691
99517464
99520396
99523760
99529078
99529519
99538012
99545265
99553583
99556300
99558930
99559504
99565363
99573627
99575306
99579568
99585799
99589905
99599584
99607158
99615651
99619124
99623987
99624416
99627128
99627334
99631270
99634404
99642703
99645762
99655206
99655820
99664575
99669874
99677382
99686131
99695725
99699874
99701378
99701867
99707925
99708622
99717928
99727037
99735817
99743025
99747674
99757467
99765521
99769029
99772605
99778569
99783517
99784052
99786309
99792728
99796004
99800423
99800514
99805817
99810438
99820407
99821590
99822893
99831960
99835212
99841839
99851520
99854562
99857717
99867207
99872769
99879441
99889109
99893056
99897186
99902583
99904806
99909326
99918101
99920329
99923915
99932613
99933759
99937515
99944807
99945245
99946472
99955911
99960298
99965596
99965743
99969270
99970533
99972004
99979531
99986028
99989736
99996863
99998304
100000733
100010563
100019178
100027668
100028540
100031179
100036546
100037471
100043973
100047532
100054585
100057253
100064747
100065575
100066234
100074947
100082390
100082665
100091497
100100158
100109230
100113845
100116560
100120563
100124851
100127497
100132235
100137783
100141393
100144621
100145474
100148188
100155442
100158415
100165689
100170996
100177984
100183791
100185018
100189217
100195112
100198082
100198296
100204665
100206402
100212562
100218286
100223319
100229455
100236739
100240226
100241278
100243174
100244255
100253794
100260562
100268007
100271947
100278730
100285779
100295554
100296227
100296966
100299627
100302673
100306022
100307873
100314017
100319477
100325522
100326912
100331551
100335597
100343486
100353117
100360075
100367188
100367938
100373975
100379556
100382696
100391379
100395200
100402633
100405879
100407657
100414637
100415930
100417875
100420874
100421308
100421467
100427561
100433628
100440847
100448919
100454813
100464668
100469284
100474610
100484521
100489870
100494834
100496713
100505079
100505649
100512594
100517065
100525479
100530033
100539784
100540695
100547065
100555613
100564027
100567229
100568707
100572478
100573103
100575229
100580491
100586801
100594113
100599873
100605644
100608104
100611044
100616234
100619840
100622280
100630568
100637102
100639533
100646466
100650206
100654015
100655062
100656567
100659464
100666806
100669266
100672379
100674522
100683923
100693751
100698265
100705213
100712046
100714315
100719622
100726074
100730492
100736695
100743221
100749873
100758832
100761366
100768681
100773540
100780110
100783360
100784011
100789057
100797533
100801936
100810296
100819784
100820285
100822586
100824612
100830900
100837870
100846785
100853166
100858112
100863083
100870414
100874977
100883506
100885928
100893007
100901973
100909205
100918115
100925948
100929262
100933728
100942199
100943843
100953122
100956343
100965382
100968356
100977170
100977829
100979898
100981349
100985773
100989911
100996909
101002736
101008865
101015463
101023760
101026338
101032696
101041088
101044613
101049768
101058541
101060268
101064480
101072447
101072834
101079969
101086499
101090458
101099984
101103762
101113575
101114361
101116342
101117404
101118568
101124579
101134185
101142828
101150207
101152162
101153982
101154733
101156070
101162255
101167949
101173642
101181186
101187336
101188467
101194335
101201568
101203323
101208593
101213197
101221212
101231021
101234537
101238832
101247324
101249304
101253528
101258062
101263773
101266309
101269567
101270828
101274588
101278694
101280467
101288637
101296842
101299334
101301281
101306039
101307771
101314912
101316378
101319659
101328010
101335345
101342193
101349700
101357726
101367157
101372705
101379693
101389394
101390604
101394947
101403242
101404320
101410396
101412630
101421416
101430071
101431198
101440924
101445231
101446119
101448064
101449721
101449746
101458177
101465482
101473149
101478631
101483479
101490548
101492148
101495088
101503335
101510089
101516056
101525307
101525796
101527649
101529287
101537685
101541588
101547282
101553865
101562165
101567030
101570544
101575547
101584070
101591916
101601108
101604808
101609936
101619408
101623146
101623853
101626418
101630273
101632538
101639970
101645084
101650699
101659899
101664460
101668203
101677266
101678937
101684290
101685235
101686849
101690678
101695327
101701051
101703354
101707757
101714556
101716859
101719776
101729742
101735252
101744445
101750115
101757633
101758312
101762026
101764005
101773382
101779894
101789773
101799023
101805858
101814818
101817464
101823303
101825944
101831893
101835183
101842707
101848248
101852081
101858492
101860679
101865971
101867001
101870437
101876521
101882691
101887092
101894112
101901740
101906950
101908238
101909839
101919300
101920968
101926558
101928529
101930951
101931575
101937008
101938195
101946199
101947252
101953298
101953411
101960788
101966916
101976320
101978765
101979066
101983783
101990582
101991054
101991873
102000426
102004406
102006722
102011327
102016968
102022332
102027882
102037697
102040608
102046441
102048688
102051732
102059186
102060906
102065287
102071608
102078051
102084597
102086382
102090271
102092761
102097802
102104940
102107397
102111730
102120797
102130662
102135768
102141451
102144379
102153280
102163009
102163823
102170784
102170986
102178427
102180856
102184979
102188801
102194590
102200971
102210505
102211355
102219486
102221751
102223614
102228006
102232542
102236135
102239106
102240979
102242600
102243331
102249366
102254116
102258220
102267114
102274196
102283766
102287819
102295425
102301035
102303536
102311294
102314763
102316542
102321233
102328952
102332547
102336324
102336546
102339213
102340975
102350605
102357423
102365282
102366779
102368878
102378437
102379279
102384246
102393123
102395094
102396510
102406182
102406411
102414761
102423128
102432547
102435008
102439436
102447856
102456765
102458197
102460525
102464671
102471181
102477612
102485035
102493973
102499414
102507664
102515966
102524852
102531855
102535553
102544208
102549847
102558742
102568558
102578166
102582841
102585430
102587137
102596928
102597121
102603538
102607799
102612726
102619183
102625929
102635640
102638491
102639160
102647353
102647423
102648473
102654353
102658160
102666963
102675622
102684089
102691856
102694024
102698302
102705529
102710794
102711599
102714211
102716118
102720621
102727599
102729929
102738990
102741261
102745540
102747285
102749450
102752382
102762014
102765355
102770712
102770839
102774239
102776019
102776063
102780990
102784022
102786059
102795616
102801746
102802585
102811312
102813761
102817141
102818925
102820070
102821396
102830711
102833424
102840255
102841409
102847010
102848480
102854792
102859770
102868907
102871858
102881132
102888288
102889571
102899286
102908858
102914526
102918696
102927576
102932835
102942446
102943269
102944231
102949774
102952230
102961453
102962187
102967123
102969003
102971274
102980416
102986009
102986699
102989826
102990978
102993266
102998271
103000261
103002994
103010345
103011791
103014833
103017567
103021835
103030927
103038946
103043796
103046566
103047728
103056774
103066240
103068268
103077833
103082597
103092248
103096489
103099745
103103688
103110090
103118588
103125401
103125974
103131568
103138708
103139394
103139807
103148055
103157342
103160058
103166134
103169963
103176336
103183422
103188559
103189133
103195367
103201829
103211302
103219703
103223877
103228494
103235616
103244550
103254332
103259220
103267157
103275635
103277258
103281439
103283275
103285133
103290646
103295707
103300092
103309807
103318385
103322441
103326450
103336299
103340726
103348569
103357206
103366650
103371885
103373864
103382647
103386700
103387027
103396299
103396473
103398963
103401533
103402329
103411184
103412482
103421669
103430007
103430924
103437604
103442377
103442826
103444906
103449528
103449836
103457889
103464145
103472186
103481782
103491377
103498984
103506393
103507395
103510152
103519105
103521397
103527077
103536152
103545498
103553037
103559467
103560489
103564091
103572060
103578572
103588301
103590044
103598802
103599434
103599858
103600894
103606277
103608647
103613472
103619081
103627883
103632571
103634310
103642436
103647521
103648063
103650773
103655473
103657174
103661855
103669098
103672592
103674649
103681439
103689477
103693376
103698424
103702533
103706754
103708199
103716791
103717836
103719136
103720848
103730799
103738414
103740134
103741349
103748901
103755023
103763772
103770034
103778237
103785339
103791486
103794075
103796357
103796974
103805799
103810686
103818460
103818611
103822684
103831579
103834485
103838917
103846414
103851895
103852886
103853273
103855382
103856834
103866420
103871661
103874902
103878629
103888470
103893132
103896891
103902608
103911053
103914469
103918531
103927265
103929418
103935441
103942464
103947964
103948504
103956852
103958582
103961955
103967425
103971726
103973121
103979193
103984154
103989858
103990216
103990220
103994589
104001195
104007310
104007814
104017304
104026723
104030656
104033760
104038997
104045319
104053064
104062994
104064808
104070730
104080572
104083163
104084002
104093969
104103465
104109010
104116554
104117473
104127394
104127531
104133855
104141432
104141629
104145497
104153746
104163069
104166168
104167581
104168109
104175185
104175241
104182219
104185839
104192908
104192910
104198557
104203316
104210799
104213745
104215944
104223207
104228962
104231669
104234338
104237425
104243747
104246946
104256925
104264355
104270202
104275616
104278865
104279433
104284309
104287387
104290156
104296759
104301843
104301954
104305059
104307074
104312565
104315284
104319676
104320536
104330479
104334141
104343960
104347884
104357079
104363828
104367332
104373972
104378312
104381535
104384829
104386460
104387926
104392515
104396442
104403708
104408496
104409214
104417822
104418707
104420929
104425521
104425874
104430471
104436708
104437772
104442784
104447850
104450358
104455039
104460141
104467085
104472580
104473238
104482734
104483572
104490316
104498831
104506405
104513253
104514744
104516262
104521268
104527750
104536582
104540009
104547739
104556844
104558005
104559288
104568322
104575803
104577051
104581698
104583453
104586251
104592928
104600122
104608668
104609351
104618867
104620671
104628272
104630195
104633311
104638368
104643579
104649151
104656066
104665599
104666451
104674918
104682151
104690498
104699048
104708032
104715001
104723281
104726906
104727294
104733302
104741890
104747199
104748199
104749028
104758408
104760253
104763898
104773570
104778033
104778157
104779005
104781008
104786641
104794069
104801543
104804043
104807275
104816126
104820202
104823666
104827657
104833592
104839994
104849777
104856300
104861752
104867354
104870531
104873584
104879302
104884403
104889794
104895876
104896548
104902184
104911783
104919099
104926106
104931640
104940905
104947646
104957441
104958161
104965230
104970405
104971722
104977191
104980039
104985999
104993154
104997695
104999924
105003578
105008908
105014764
105017370
105027323
105028831
105030385
105034005
105040270
105042493
105051404
105057616
105058396
105066083
105067907
105075751
105076428
105081269
105090608
105097094
105098144
105103473
105111974
105119037
105121726
105123397
105130144
105135834
105139878
105141756
105142633
105146979
105155657
105158966
105167043
105176643
105178307
105182522
105183099
105187541
105193007
105202470
105206014
105210875
105219478
105223185
105223274
105232847
105240267
105248830
105250055
105250768
105260385
105266915
105270997
105275488
105279347
105283445
105291053
105298375
105300874
105305443
105307653
105314122
105314430
105316786
105325370
105330809
105339622
105342783
105345911
105353353
105357625
105366248
105370409
105376201
105382543
105386683
105394552
105404552
105410864
105417059
105425720
105434120
105443346
105445926
105447170
105449860
105457104
105458417
105463464
105470336
105478975
105482463
105490039
105499611
105504317
105507213
105510140
105510781
105519844
105527921
105531363
105534158
105539612
105540193
105547400
105551391
105552185
105557688
105559687
105562771
105567256
105568104
105578057
105586836
105587164
105591272
105600516
105608653
105613000
105615408
105617142
105622758
105625327
105635150
105636811
105637061
105638720
105644040
105648343
105649221
105649451
105654654
105664124
105664636
105673075
105677407
105680209
105685595
105694913
105700780
105703328
105711086
105715495
105724150
105733324
105733658
105742877
105750811
105755847
105759271
105764096
105766762
105774614
105777645
105781981
105790554
105798056
105803176
105804753
105814562
105815472
105816921
105821502
105825173
105832744
105836784
105843179
105852054
105856956
105865358
105866226
105870786
105871825
105878689
105882384
105886308
105896131
105901042
105909029
105910852
105920578
105921872
105929945
105936902
105945249
105950189
105958353
105962654
105968835
105971909
105978707
105986720
105992980
105994801
105996025
106005110
106009072
106016786
106022373
106027954
106036998
106039475
106043303
106053125
106053662
106061661
106066998
106076960
106085279
106094579
106101988
106108297
106115554
106121026
106124666
106126011
106129829
106133217
106140634
106146306
106146933
106149823
106154941
106156376
106163130
106164394
106171427
106180027
106183706
106193152
106198436
106202376
106208215
106208559
106217585
106221230
106227622
106231825
106237261
106238764
106245435
106251668
106253383
106254172
106257002
106257706
106265893
106274704
106276289
106284125
106290011
106298556
106299105
106301780
106303809
106310649
106318104
106326256
106332706
106338721
106347335
106356720
106359014
106368870
106370839
106372660
106381323
106389562
106394397
106400858
106406975
106410258
106410446
106410528
106417066
106422059
106422101
106427144
106436710
106441847
106447792
106455349
106460552
106469917
106476462
106482215
106483947
106490299
106494224
106495997
106496484
106496612
106497879
106505457
106512027
106520286
106524693
106532631
106532872
106541812
106547880
106552533
106558273
106564344
106573782
106573993
106574356
106577056
106585181
106587104
106588774
106588967
106597562
106600122
106601496
106605444
106611201
106613313
106618138
106626446
106630545
106632761
106632940
106640061
106648727
106654806
106655706
106659499
106663457
106667092
106668194
106677508
106683404
106687835
106697132
106703020
106708515
106710874
106711776
106713919
106715514
106717650
106724439
106725193
106730401
106735481
106740081
106746754
106752590
106756232
106758863
106764846
106772670
106774615
106780860
106784305
106793477
106803191
106805062
106808534
106812972
106821007
106821765
106828175
106828845
106836178
106843900
106849310
106850862
106855946
106858256
106867099
106872466
106873212
106878828
106882623
106887157
106887573
106891154
106898152
106899414
106903198
106912534
106914750
106922314
106924776
106931861
106938237
106938927
106944930
106951820
106955902
106958966
106965545
106967798
106968560
106976712
106980274
106987973
106993388
106994116
106995774
106996266
107004170
107004672
107011147
107015849
107016704
107019596
107029137
107031725
107037579
107044951
107053470
107054705
107059727
107063214
107064487
107065177
107074693
107084317
107087270
107093242
107095473
107104146
107113768
107114883
107119753
107128882
107133734
107142742
107144975
107145322
107148653
107155824
107161032
107163087
107171191
107176711
107178050
107187342
107193694
107195963
107203545
107209281
107213410
107215971
107222771
107224372
107226747
107233325
107234238
107234519
107241620
107243774
107246038
107254911
107256465
107263122
107267898
107276808
107277113
107282857
107291952
107299396
107306880
107308194
107309850
107314269
107319358
107324635
107333668
107341923
107350425
107354862
107362726
107370459
107380348
107385292
107393743
107402905
107405983
107411612
107418825
107423441
107429942
107430301
107438737
107447593
107455324
107458453
107468099
107477292
107486391
107489413
107493487
107496499
107498113
107499129
107504139
107512908
107516896
107518742
107522844
107529199
107529551
107536875
107543575
107551305
107556729
107559758
107564446
107567831
107570367
107575896
107582802
107591457
107594985
107599165
107608281
107612459
107620488
107624223
107628411
107631780
107639554
107643438
107653204
107653234
107662803
107664829
107674525
107676963
107686897
107691737
107696738
107706473
107715521
107719502
107724865
107727397
107732824
107734267
107735363
107738032
107741201
107744156
107752179
107758010
107765733
107769350
107772774
107778760
107787331
107792904
107793239
107798378
107807961
107810281
107814702
107818556
107827283
107833621
107838343
107848334
107854530
107861146
107868742
107876580
107886477
107891905
107901834
107905410
107912375
107914355
107917907
107919627
107927045
107932270
107936056
107937337
107946022
107955417
107955675
107955839
107965579
107967502
107972370
107976629
107985786
107986039
107986491
107993587
107997301
108004169
108009082
108013357
108019208
108025244
108032592
108037761
108044277
108046084
108055075
108057325
108060208
108062877
108066077
108067540
108077435
108078397
108088017
108092218
108100717
108105508
108105661
108107430
108113203
108119621
108126501
108128803
108134435
108138951
108143163
108145590
108150907
108151786
108153221
108156016
108165255
108174525
108174724
108179620
108179937
108188024
108197268
108197711
108201858
108204688
108212951
108221006
108229590
108235063
108241636
108251038
108255574
108262807
108268448
108275344
108279953
108280816
108284514
108291778
108300807
108302659
108305922
108310001
108311462
108312733
108322434
108324195
108326460
108331748
108333654
108336422
108338510
108339867
108346703
108351438
108352401
108358952
108360130
108367777
108368942
108370877
108375807
108384562
108391738
108400587
108402896
108408881
108417969
108419090
108419854
108423212
108431553
108441280
108446317
108452074
108457887
108458249
108466243
108473638
108479824
108481665
108490627
108494118
108503284
108508141
108512092
108518714
108520378
108528678
108530490
108537522
108543336
108543379
108549253
108552552
108557835
108565755
108565782
108567217
108572163
108575142
108584728
108590005
108592112
108599898
108606776
108615116
108618358
108626190
108627639
108629329
108636493
108643555
108645047
108652718
108652839
108654576
108661334
108669381
108670031
108677793
108683227
108683377
108691067
108700815
108701689
108702081
108712053
108721026
108721130
108727016
108734994
108743729
108750996
108755940
108763025
108768564
108769432
108775337
108784727
108789690
108797287
108806948
108815282
108820489
108822602
108830208
108833008
108836578
108844507
108845215
108853748
108853837
108857440
108865070
108870652
108876685
108878989
108887473
108893182
108901620
108902648
108903162
108912126
108919018
108927054
108936576
108937700
108946554
108948585
108948600
108951623
108953182
108954998
108963218
108965343
108971544
108971881
108978421
108980260
108984526
108986828
108995906
109000184
109006974
109015730
109024815
109026468
109035087
109044545
109049706
109050775
109055750
109063962
109066047
109070071
109070921
109079102
109084094
109090699
109100374
109107755
109117242
109125769
109125830
109133288
109134100
109135273
109140062
109146051
109148007
109148333
109151219
109161196
109167224
109172439
109179630
109184487
109192997
109197833
109207566
109217274
109220761
109227408
109235034
109243114
109246066
109249926
109249991
109252845
109259628
109266251
109268155
109271132
109271282
109276971
109285368
109292756
109295303
109299261
109301289
109303895
109304972
109310788
109312447
109315326
109318559
109325878
109326027
109329457
109331484
109338513
109344692
109353168
109353323
109358577
109364703
109369342
109379164
109382224
109389294
109396937
109400143
109407857
109415926
109425132
109434293
109436606
109440548
109448505
109450574
109458139
109459904
109461647
109471301
109476111
109484382
109486499
109488795
109490277
109492513
109499301
109499549
109505826
109512171
109516295
109526016
109531416
109534676
109543521
109546872
109555700
109564793
109571266
109573730
109575034
109582285
109586092
109587310
109594340
109604015
109607144
109608802
109608879
109609101
109614944
109616093
109618995
109619355
109619807
109622133
109630598
109639925
109643946
109646277
109648041
109649334
109654595
109663836
109672524
109677556
109682523
109691964
109697513
109700423
109710067
109716055
109725995
109731949
109739472
109743998
109750670
109760286
109762141
109764366
109770556
109772195
109775941
109783219
109783574
109791414
109794491
109795815
109803677
109807322
109811387
109815716
109818711
109823691
109829373
109834672
109836282
109845855
109847190
109854507
109859360
109861568
109866344
109871518
109873296
109882768
109884552
109890569
109900042
109903085
109912941
109915533
109924254
109933301
109937225
109942549
109950585
109951716
109955251
109963963
109970559
109972386
109975710
109984622
109987143
109988223
109994237
110000519
110008788
110012059
110012981
110013107
110015515
110023062
110023843
110029508
110037572
110045737
110046287
110051823
110052012
110055211
110062945
110072569
110080280
110090093
110099684
110109005
110110318
110114031
110122418
110132079
110133383
110136855
110137921
110144480
110146753
110146965
110156658
110162813
110164136
110167867
110167925
110172653
110175690
110179667
110184463
110188877
110193074
110199556
110203616
110204557
110211691
110211703
110221541
110231190
110235699
110240703
110246474
110251540
110252158
110254923
110255821
110257400
110262373
110268094
110269142
110276869
110281407
110289589
110289790
110296970
110303460
110309749
110310739
110312411
110318681
110324156
110328274
110338176
110343035
110346011
110355305
110356902
110365102
110373185
110380667
110382814
110385627
110389033
110392350
110394759
110399324
110402319
110411928
110421727
110422058
110430177
110438430
110446085
110451604
110458330
110460679
110468291
110477435
110487214
110488869
110494822
110499076
110500220
110508417
110516711
110518872
110526194
110536072
110539722
110543811
110547126
110548961
110550716
110551984
110558532
110563193
110568933
110574602
110583542
110583685
110593209
110597680
110603365
110607078
110612543
110616317
110617572
110624539
110630486
110632186
110636251
110641654
110642871
110647287
110650810
110656063
110662000
110663085
110665469
110668514
110671088
110677839
110684264
110685376
110693455
110697188
110705523
110715400
110715956
110721360
110726220
110732031
110732683
110737475
110740478
110747005
110755236
110755746
110758498
110765323
110768954
110775859
110778775
110785914
110793688
110794873
110804492
110812120
110817263
110825047
110828083
110830818
110839793
110847885
110851546
110853483
110863061
110863790
110865566
110873181
110880223
110884753
110887604
110891890
110901289
110905662
110907871
110913192
110914597
110919024
110920068
110921282
110928945
110931130
110936165
110937087
110941517
110942958
110950649
110957852
110959277
110965023
110971847
110974246
110982335
110991189
110997198
111006048
111012935
111022395
111030380
111031060
111032380
111035413
111036349
111041672
111051150
111053587
111061652
111070221
111075143
111082341
111091391
111097999
111104692
111111142
111119469
111123664
111123850
111131017
111132238
111136409
111140197
111143452
111146194
111153470
111161419
111169448
111179080
111187186
111195915
111197396
111200435
111207012
111211631
111213384
111222832
111225991
111228935
111229165
111235811
111236046
111239593
111243970
111251477
111253133
111257596
111258863
111259050
111261138
111262799
111265821
111268321
111270574
111279155
111282996
111290290
111299950
111303464
111313461
111315517
111317715
111322678
111325011
111327146
111330783
111333702
111342552
111347280
111354161
111356205
111362026
111366738
111367157
111368463
111370090
111374833
111381896
111385758
111392684
111393494
111401276
111408934
111414153
111421354
111430593
111440468
111440553
111446250
111446475
111453003
111458279
111464851
111467905
111471539
111479516
111479809
111487642
111492379
111493009
111495549
111495979
111497126
111506463
111507437
111512971
111515367
111525226
111529093
111532273
111532880
111539166
111548367
111551884
111558575
111567376
111570607
111571729
111575582
111582779
111589445
111593569
111594118
111594645
111599963
111602405
111610447
111617126
111624873
111633782
111634666
111643510
111646258
111649270
111658348
111663065
111671680
111676642
111679123
111684217
111692450
111696429
111704788
111710942
111714120
111717984
111721308
111730296
111737169
111739194
111746331
111748939
111749365
111754403
111762631
111763099
111765360
111772444
111772587
111777622
111782440
111788632
111789892
111793404
111800208
111804409
111809028
111812586
111816686
111826311
111832502
111841987
111851818
111854254
111859599
111860874
111862313
111870622
111871888
111880803
111883676
111887091
111895471
111896462
111906059
111914399
111924113
111928805
111934706
111938307
111946837
111954806
111955993
111959577
111963650
111967943
111977418
111987318
111992808
111997178
112003178
112012205
112013277
112022528
112030051
112033151
112042355
112046224
112054241
112057943
112065813
112066241
112074033
112081217
112088291
112089592
112098383
112108003
112111182
112118780
112118910
112119125
112121827
112122332
112129989
112139105
112146032
112149663
112149666
112153945
112163176
112170418
112177476
112179345
112184923
112193572
112198825
112201046
112207310
112216646
112224895
112227463
112237176
112245532
112246500
112254985
112263011
112263217
112265772
112274894
112275799
112279582
112289506
112295420
112299359
112308161
112314129
112322910
112326031
112326149
112328156
112329673
112337463
112338560
112345913
112352632
112360348
112365069
112366551
112367790
112369400
112378374
112384933
112385609
112392637
112401450
112402601
112406383
112406931
112414337
112423063
112425799
112427699
112427924
112437271
112444821
112453509
112458457
112465367
112469289
112474177
112483469
112488865
112491846
112499809
112506274
112513721
112514676
112515007
112519153
112522195
112527994
112535094
112536124
112545898
112546113
112552823
112556320
112556346
112556920
112564450
112570450
112572988
112573562
112577522
112585496
112595199
112597791
112605072
112608525
112609592
112614808
112618267
112619564
112625484
112631538
112637880
112640622
112648248
112653650
112662197
112668424
112669671
112679602
112688244
112693896
112700971
112708991
112714328
112722028
112726572
112727847
112737468
112747459
112757143
112761777
112762301
112763169
112770185
112773437
112781835
112788134
112794819
112800602
112808660
112812397
112813795
112817024
112820370
112822282
112831427
112837729
112841308
112842962
112845028
112850644
112854495
112854756
112864445
112866097
112868922
112875830
112877835
112882733
112890926
112894252
112898468
112906391
112908137
112916106
112921433
112922695
112932450
112940370
112942631
112948845
112949787
112959431
112964230
112967478
112971063
112973026
112973246
112976345
112985711
112995473
112996074
113006003
113006678
113013895
113019828
113021444
113028671
113036474
113039403
113046881
113050226
113050311
113059657
113067578
113067990
113071458
113080590
113090045
113096129
113103461
113111869
113112753
113117903
113121262
113130244
113135756
113141935
113148418
113149215
113151955
113160540
113163262
113170309
113179639
113185701
113191990
113201087
113207145
113210769
113218964
113219277
113223001
113232272
113232566
113241292
113242472
113247516
113256305
113263224
113272767
113276964
113281487
113290795
113293659
113297465
113300363
113305803
113315596
113321012
113328758
113331324
113341022
113345209
113348602
113349098
113357109
113362612
113367472
113370421
113378846
113379531
113388360
113396844
113400442
113400594
113409871
113419387
113423039
113431929
113440107
113449783
113459279
113467524
113468537
113468555
113475757
113478225
113486171
113491723
113492796
113502578
113505892
113510392
113512726
113520194
113522408
113526541
113535914
113542190
113547543
113547813
113553619
113563581
113571197
113573054
113574853
113576700
113579762
113588360
113590635
113595424
113598945
113606996
113616751
113620271
113627343
113630405
113638842
113645248
113648804
113652478
113657773
113664020
113665944
113665961
113671999
113675759
113677222
113686229
113691989
113699777
113700906
113704933
113708861
113709248
113717789
113722588
113727067
113735390
113738235
113740827
113747812
113755249
113758433
113762033
113765647
113766942
113774289
113778554
113784349
113792159
113798240
113801629
113806298
113811378
113818976
113824387
113828889
113838680
113845445
113848159
113851331
113859771
113868923
113871888
113878799
113887529
113887555
113892077
113897113
113903278
113906983
113911910
113916039
113922917
113924860
113925135
113930348
113934499
113937134
113939875
113943192
113951481
113954637
113957350
113967024
113976213
113985347
113990741
113991910
113993908
114000823
114002603
114004821
114010362
114018532
114024079
114030867
114037376
114037829
114041137
114046799
114054865
114062129
114066393
114073551
114083331
114087033
114087185
114087193
114092766
114099643
114102807
114111689
114113011
114113919
114118096
114119388
114124565
114134039
114134446
114142913
114144723
114149868
114157720
114160659
114168282
114177984
114178838
114179127
114181221
114189551
114193126
114198853
114206038
114215093
114221557
114224559
114227309
114233711
114235145
114240403
114242222
114251743
114259754
114267096
114276640
114280031
114281689
114287432
114288886
114297415
114299159
114303724
114305784
114315386
114323513
114328730
114333838
114341541
114346400
114353777
114358341
114366318
114372781
114376481
114379735
114389170
114398576
114403589
114410120
114416625
114418022
114421869
114425238
114429381
114432458
114434935
114444563
114453416
114459838
114469616
114477919
114484152
114485741
114495177
114502474
114505090
114508717
114517573
114523489
114529510
114538021
114547338
114548100
114557617
114559349
114560615
114566699
114575706
114578280
114585373
114593006
114599980
114603194
114613193
114621072
114626578
114633211
114637378
114644905
114645619
114654722
114660917
114665599
114668942
114678878
114685041
114685126
114690367
114700178
114703704
114710724
114719683
114729447
114736705
114737805
114747295
114747447
114748677
114752163
114753558
114755845
114759829
114766649
114776043
114779151
114783256
114789588
114791907
114800698
114805970
114811073
114815401
114817948
114827799
114837203
114845586
114855457
114863244
114865319
114868111
114872789
114880850
114887404
114890079
114899781
114902866
114910919
114919456
114926292
114931849
114932589
114939513
114940464
114943550
114949704
114954377
114954699
114959723
114963917
114969990
114972009
114981523
114990113
114995337
114997194
114998984
115008028
115015500
115024214
115029333
115037769
115038004
115040373
115043219
115048325
115051691
115055522
115061748
115067836
115069963
115079595
115083388
115091114
115094069
115098492
115101521
115109775
115115983
115116250
115117424
115126820
115136386
115137467
115143126
115149873
115157289
115158416
115164107
115166339
115167751
115170874
115178987
115186290
115187882
115194621
115201260
115205063
115213428
115213592
115215284
115221714
115230271
115230779
115234910
115237076
115238595
115246143
115247057
115250543
115256877
115265026
115270096
115279904
115289138
115299101
115301697
115304772
115314436
115321652
115326007
115335573
115342918
115351934
115354590
115364113
115367038
115372994
115375505
115377538
115378176
115385050
115388058
115396325
115403678
115408694
115417810
115418331
115425573
115433342
115436109
115439724
115449378
115454889
115461600
115467411
115467666
115477122
115483951
115484198
115487473
115489306
115497499
115500856
115501029
115503833
115512199
115516103
115518998
115521605
115525067
115529469
115536154
115541506
115551440
115561291
115569324
115573735
115579279
115587018
115590546
115598199
115603128
115606816
115608837
115618533
115620689
115621113
115625890
115631905
115638928
115644316
115645276
115647533
115655086
115657240
115659278
115659395
115665267
115673270
115681859
115683525
115691234
115696947
115704877
115713379
115714498
115718036
115721845
115727144
115727494
115734468
115739459
115739877
115740564
115745640
115747431
115752304
115761051
115761794
115771088
115774913
115783407
115787394
115794064
115796803
115798275
115802275
115811720
115820289
115826423
115828166
115831069
115832304
115839279
115841241
115842440
115850714
115856050
115859209
115868572
115872889
115873047
115877879
115882588
115887678
115896766
115898931
115904955
115913104
115920620
115927397
115931936
115932075
115933234
115935434
115935555
115936105
115945333
115946043
115950887
115960721
115962897
115966309
115966946
115970529
115980044
115984040
115984865
115992937
116002035
116010946
116015571
116024296
116030577
116032993
116038585
116038622
116047807
116048740
116051080
116059398
116068651
116075932
116084022
116090528
116099458
116104940
116109040
116118252
116119044
116126720
116134854
116138244
116147961
116154532
116160407
116160582
116167149
116168191
116174551
116183427
116186689
116187838
116195989
116200028
116207087
116210174
116212474
116219689
116229688
116235581
116236451
116239420
116241929
116247267
116254818
116256944
116266867
116270660
116273391
116275021
116281364
116291317
116298486
116301406
116302144
116305451
116311999
116320053
116325327
116333402
116342526
116351104
116356289
116360225
116364633
116371850
116373042
116376573
116380627
116385431
116387858
116392993
116399236
116407702
116411022
116415058
116419041
116422914
116427144
116433437
116439806
116444391
116445192
116451496
116456807
116457460
116466993
116471718
116474040
116478181
116483476
116486893
116487944
116494940
116501371
116509539
116512475
116516534
116519120
116520705
116525452
116527327
116533926
116542601
116549263
116550862
116559117
116560256
116561335
116571236
116571591
116581007
116581777
116584963
116585095
116594313
116603296
116611727
116618699
116624946
116629022
116631850
116639886
116645938
116647874
116652545
116657640
116658498
116664044
116664091
116673877
116675957
116681256
116690565
116690627
116693183
116694248
116703117
116703575
116713104
116718952
116719349
116722213
116727224
116728855
116733911
116734327
116736965
116738389
116740109
116745278
116753304
116756939
116757627
116762999
116771163
116774718
116781061
116784865
116793791
116795104
116801750
116804457
116805666
116813853
116818395
116819292
116822163
116828284
116834671
116843567
116850722
116854081
116858262
116866852
116872226
116881433
116883988
116890815
116899550
116900953
116901201
116909902
116912015
116920712
116926291
116930641
116940196
116946254
116947308
116949500
116954891
116964653
116971566
116977338
116985746
116989569
116992739
116994730
116996635
117000131
117009929
117016412
117023681
117033414
117039074
117048063
117056091
117065651
117069407
117075040
117083242
117088591
117089725
117091970
117093905
117100513
117103275
117103321
117109727
117109871
117111943
117116273
117122564
117124403
117128419
117137444
117142085
117144552
117153996
117157351
117165613
117173907
117175522
117176798
117181103
117190679
117198843
117201332
117209138
117212495
117213509
117217862
117220992
117225408
117234251
117234941
117239723
117248773
117258216
117264666
117271150
117275621
117283759
117285911
117290751
117298244
117303280
117306877
117315448
117318130
117326593
117328412
117336913
117339982
117341195
117342934
117350318
117353118
117356710
117366053
117367278
117375423
117382145
117388753
117393821
117397427
117403639
117407195
117410999
117420470
117429585
117435130
117443008
117452958
117454882
117463463
117466739
117472140
117472491
117478661
117481803
117481918
117484938
117485321
117486490
117489898
117499388
117505705
117509631
117518014
117520938
117526872
117528163
117529936
117533706
117540648
117543813
117551112
117557096
117559118
117568809
117577577
117582072
117585064
117592428
117598227
117607088
117616425
117617807
117620863
117624288
117629978
117635461
117640721
117644472
117653038
117653329
117654129
117659847
117666832
117668563
117673584
117676877
117677867
117683487
117685841
117692146
117699636
117708199
117708905
117711999
117719280
117727415
117729910
117734300
117741077
117748272
117753762
117756683
117758580
117764420
117765429
117766752
117774750
117779522
117783604
117784708
117788554
117791708
117799045
117805826
117809376
117814891
117819045
117824638
117830320
117838845
117847401
117856367
117860579
117864136
117871573
117880303
117880513
117887651
117896101
117903023
117910040
117914452
117918578
117918814
117924666
117932275
117940738
117944948
117953263
117955234
117959471
117965783
117967371
117976385
117983164
117993068
118002352
118008811
118012919
118014571
118017197
118024416
118025509
118025744
118027745
118032783
118032855
118039407
118039876
118043939
118052049
118060004
118063677
118064507
118068984
118069073
118071983
118079601
118088142
118089770
118093420
118096543
118103239
118107138
118115133
118121895
118127104
118131965
118132789
118140445
118147697
118151997
118153158
118153747
118160760
118163168
118170875
118177820
118182723
118192022
118194649
118202409
118205863
118212917
118220552
118228995
118236826
118245484
118251903
118256175
118264147
118273215
118280149
118287950
118297462
118301757
118303488
118310625
118318887
118321101
118329299
118337794
118344026
118344978
118354475
118358947
118367065
118372903
118374347
118384333
118393893
118395523
118400770
118410047
118419020
118425224
118427484
118431849
118440926
118442629
118447097
118454445
118462887
118470314
118479891
118480529
118485523
118485952
118488358
118495025
118504149
118512657
118521450
118529367
118530701
118531827
118536027
118540577
118549211
118550451
118559418
118560878
118565478
118569973
118574262
118575606
118581308
118587720
118595375
118597087
118603678
118607753
118609262
118611231
118614931
118619255
118620987
118626288
118635878
118645706
118651072
118659889
118662841
118664480
118673677
118680589
118685293
118687968
118696882
118705766
118708237
118708340
118717496
118718714
118725508
118735277
118741400
118745059
118749196
118751560
118755769
118759110
118767688
118771913
118773942
118778081
118782679
118784664
118791010
118798663
118808204
118809520
118817279
118822430
118831353
118831553
118837806
118846774
118855001
118860484
118869258
118873060
118875179
118875566
118877265
118885506
118891826
118895641
118902774
118911652
118912327
118915267
118918970
118921184
118929892
118937501
118938235
118941807
118945049
118953543
118955785
118958647
118966145
118973614
118974997
118978876
118985202
118993251
118994608
118998719
119008232
119008738
119012894
119022858
119024034
119028634
119033321
119042918
119049199
119057961
119060631
119062585
119068211
119073027
119075964
119077658
119078276
119081688
119082678
119087251
119095471
119104834
119112369
119116482
119124086
119133886
119139656
119141387
119150540
119150976
119155171
119158898
119167106
119171874
119175821
119181055
119186599
119189245
119196499
119206333
119211999
119212735
119221649
119225405
119233131
119239428
119244078
119247568
119257561
119263155
119263474
119264989
119265573
119269653
119275019
119284736
119285023
119292435
119293256
119298278
119308090
119309961
119316013
119322437
119330117
119339867
119347179
119352005
119358118
119361749
119366533
119370917
119380440
119386434
119394287
119398588
119399226
119403936
119406851
119411604
119413883
119421240
119428223
119432539
119436413
119438930
119439259
119441525
119444369
119447118
119453326
119453479
119461382
119465533
119468858
119472106
119473938
119478740
119484222
119491982
119496464
119506023
119513370
119521624
119529628
119537504
119547077
119550783
119552355
119554855
119559094
119567687
119568354
119572879
119575926
119577226
119582047
119583129
119589418
119590782
119594828
119602148
119608408
119615395
119624589
119632902
119642437
119643229
119649000
119657586
119661265
119664293
119667789
119674318
119678650
119679385
119681282
119688053
119697703
119706516
119716242
119723417
119732544
119738344
119739301
119748122
119755545
119762559
119767552
119775664
119783277
119785721
119790430
119796046
119801174
119806873
119814117
119820789
119828727
119831439
119840955
119847663
119856699
119862216
119866903
119874344
119880419
119884009
119888597
119891763
119894974
119898764
119902033
119903273
119905914
119906300
119915785
119921859
119928475
119930905
119937188
119938775
119948532
119950472
119952294
119955519
119960752
119970106
119977206
119983014
119987715
119987895
119992564
120001974
120010795
120018173
120021239
120025792
120027079
120034453
120042776
120051230
120059080
120060051
120063033
120067111
120073915
120076271
120081852
120091368
120098090
120099745
120102856
120111466
120118116
120126275
120129932
120134366
120141007
120149008
120157023
120160988
120167310
120167934
120176292
120184001
120184552
120188878
120193314
120203156
120209724
120219038
120222509
120230421
120237038
120245888
120247750
120257363
120266593
120268142
120276624
120283128
120284760
120291501
120296652
120298020
120302722
120306714
120313193
120318031
120324073
120325046
120334586
120335954
120342842
120344609
120345763
120352094
120358673
120362223
120362916
120369621
120370614
120376820
120386797
120389606
120390160
120390679
120392993
120401728
120404150
120412441
120419953
120424504
120428764
120438757
120444140
120447350
120456323
120463182
120469355
120478411
120485515
120494447
120500695
120505372
120514380
120523281
120527624
120534562
120537713
120539679
120546653
120548581
120552099
120554590
120556973
120558614
120561853
120568278
120574259
120579771
120586054
120590822
120598847
120604308
120613168
120620307
120623323
120623734
120630209
120634531
120637347
120641896
120643239
120651437
120658159
120663186
120663616
120669850
120670291
120673952
120683764
120684727
120691643
120697263
120701111
120702506
120704766
120710323
120715463
120724752
120726839
120731341
120735539
120740693
120744322
120747559
120748603
120750281
120759584
120765200
120766463
120775367
120778826
120783295
120787771
120797183
120802795
120809603
120811107
120812800
120816633
120817867
120825928
120827494
120830728
120839534
120843695
120847294
120853778
120858995
120868251
120869265
120876083
120879506
120885450
120886201
120893591
120893993
120903549
120910833
120910860
120914729
120918397
120927020
120934040
120941923
120946312
120955444
120962343
120962867
120967852
120974746
120978745
120983262
120991675
120992113
121000415
121003809
121012254
121014276
121021268
121030852
121031421
121038635
121039984
121046407
121051915
121053076
121054726
121060007
121065871
121073848
121083484
121086250
121091493
121100797
121103094
121110285
121115303
121123107
121132793
121135932
121143685
121149501
121151072
121154629
121155264
121161692
121162542
121171930
121180920
121186046
121189959
121193735
121199850
121208334
121217626
121226905
121233368
121243092
121247325
121256137
121259904
121263485
121268809
121271716
121277529
121277801
121278034
121280358
121288988
121292154
121301699
121309822
121315044
121321635
121326765
121336620
121337634
121341602
121343276
121347287
121347590
121354643
121355866
121363004
121364187
121370552
121375486
121379048
121386433
121389859
121391029
121397409
121399708
121406456
121413431
121418970
121428462
121437527
121446446
121451681
121458009
121459470
121459518
121462577
121469534
121473925
121477842
121487567
121490154
121499090
121501023
121509887
121513378
121516529
121518175
121524839
121531947
121533888
121542344
121544096
121549248
121557159
121565296
121572206
121579045
121587383
121594861
121598638
121601538
121601910
121605441
121609461
121616648
121617216
121620715
121629690
121639514
121641303
121648590
121650080
121651576
121652386
121655511
121656805
121656983
121660180
121666981
121675230
121680188
121685266
121692519
121701791
121702070
121704019
121705548
121713128
121714165
121720915
121727307
121728433
121735650
121735725
121744309
121748189
121749691
121758245
121766474
121772094
121778462
121780079
121781665
121782963
121784402
121785690
121788324
121794904
121797803
121805466
121805623
121812419
121817229
121817281
121824142
121827113
121830961
121836098
121844642
121853970
121861989
121869351
121871929
121875389
121878509
121885503
121891341
121900711
121909936
121918464
121926794
121933735
121936338
121945307
121953268
121960044
121965343
121966406
121974547
121977928
121980206
121984791
121991118
121997978
122002443
122002654
122004030
122006363
122013763
122022106
122024342
122032692
122036036
122045192
122053585
122055823
122059253
122064000
122072070
122081548
122083540
122091323
122096825
122100820
122106997
122115059
122116942
122121160
122128165
122133167
122135440
122144195
122153521
122158990
122159699
122159756
122168356
122170267
122173235
122176907
122186354
122194803
122203163
122203847
122205400
122211996
122220425
122227327
122231350
122231608
122239718
122241002
122246199
122251139
122256729
122257352
122260906
122263300
122273047
122276021
122276304
122284857
122288329
122297321
122299316
122302982
122311381
122314680
122320158
122324902
122333826
122334988
122344959
122353088
122355709
122364390
122366615
122371754
122377499
122384823
122388421
122392852
122393986
122394235
122399337
122405157
122413186
122421996
122430596
122434090
122437944
122444890
122453496
122461405
122462712
122471483
122473089
122477826
122486229
122488949
122495289
122502076
122506501
122506569
122512361
122522304
122525701
122526303
122535627
122539119
122542835
122546299
122549480
122554160
122563729
122566807
122567077
122575581
122579502
122585915
122590964
122599782
122599996
122607937
122613739
122615654
122616749
122620305
122625766
122631957
122632340
122633302
122640458
122641563
122650256
122659232
122667474
122669240
122670227
122674915
122676097
122679612
122685502
122693028
122702210
122707420
122715438
122724179
122731923
122733707
122737889
122738348
122746936
122750919
122757642
122766901
122770802
122777162
122785051
122786590
122787281
122797159
122799683
122803862
122809575
122814083
122823186
122824996
122826921
122829387
122835898
122844572
122847209
122854064
122861343
122863739
122870489
122879433
122881282
122881386
122890190
122896485
122897968
122902458
122906400
122909118
122910314
122915226
122915503
122916692
122922591
122924241
122933726
122936085
122940177
122940410
122948417
122951730
122961511
122971112
122980801
122987283
122995685
122996232
123000803
123009249
123015879
123025088
123031394
123037607
123039151
123046494
123054430
123062562
123062725
123066245
123073403
123081494
123090440
123097046
123099517
123102603
123106764
123112785
123113258
123117290
123123318
123124385
123125501
123129210
123138219
123139689
123145571
123149555
123156902
123161249
123168391
123175478
123175979
123178832
123186277
123190312
123197639
123207398
123207984
123210050
123217872
123221640
123230044
123238645
123240315
123241109
123248480
123253566
123255644
123265095
123266389
123269965
123276003
123276707
123284423
123290941
123291880
123299387
123306594
123315101
123315852
123316176
123326025
123329481
123337641
123340898
123341622
123342132
123342880
123349320
123358115
123367941
123373113
123382488
123387288
123393673
123401374
123403365
123407641
123408786
123409105
123410618
123413437
123413442
123422540
123430227
123433151
123442751
123447242
123451606
123456419
123465631
123471593
123476003
123481423
123481580
123491231
123498211
123504007
123510485
123511814
123519380
123520024
123526748
123534267
123537124
123545793
123548291
123549608
123558010
123558956
123563261
123569435
123576005
123585607
123586257
123588546
123594293
123597610
123598593
123604363
123610571
123616106
123620125
123623491
123625755
123634660
123640163
123649999
123651477
123653732
123653861
123659599
123660814
123666365
123667164
123676806
123684298
123688321
123698042
123704399
123705494
123706738
123711364
123717720
123722420
123723421
123730109
123734873
123741588
123751539
123755890
123763894
123767240
123773479
123782748
123789466
123797161
123800382
123810080
123819567
123826261
123829205
123836508
123838807
123843575
123848296
123854290
123861510
123862787
123870539
123878512
123885529
123892090
123894573
123903229
123910029
123911246
123912209
123912442
123919119
123919829
123925236
123934553
123937317
123943109
123952798
123955098
123964418
123964955
123970317
123972687
123974469
123983731
123989617
123997859
123998166
123998730
123998810
124006454
124014729
124015489
124021267
124022540
124025313
124034580
124043965
124044033
124053876
124054468
124054942
124059401
124068209
124070905
124079980
124080798
124088745
124090289
124093989
124102487
124102503
124109254
124115698
124123946
124131035
124140992
124141817
124150444
124153795
124158946
124164648
124173653
124180033
124184042
124189026
124198144
124201225
124210977
124215835
124223131
124225128
124234458
124238688
124239006
124245083
124248057
124256208
124263663
124266668
124267812
124269389
124278558
124284641
124292818
124301497
124302103
124302403
124312340
124315292
124322916
124323630
124323704
124324370
124332001
124335470
124339311
124344489
124353337
124358695
124365059
124374773
124378453
124381850
124384897
124387866
124391866
124393261
124394206
124401454
124408787
124415175
124420380
124426488
124436280
124444188
124453635
124456400
124466013
124475867
124480101
124486702
124496181
124496611
124503270
124508751
124512971
124518314
124520093
124525236
124532529
124536208
124545744
124547709
124550165
124552250
124552732
124557253
124566208
124569103
124576962
124580246
124580619
124587322
124593175
124595863
124596737
124601720
124607726
124616849
124620020
124622102
124624221
124625370
124634920
124640641
124643453
124646782
124653815
124660333
124664359
124669672
124676029
124677166
124684394
124685019
124693535
124694152
124701221
124708712
124715399
124723979
124724890
124730668
124731359
124736572
124742527
124746847
124752941
124762723
124767153
124769306
124771280
124777236
124777323
124787279
124791113
124793077
124793291
124801212
124809567
124810364
124812505
124813383
124822792
124832728
124835911
124841705
124842916
124843921
124850641
124853410
124857195
124860869
124869455
124873907
124880967
124889364
124897654
124904021
124910880
124918002
124919327
124920195
124927015
124930577
124933130
124938149
124947016
124951491
124960349
124967125
124968228
124968315
124977354
124982772
124987268
124996623
125002409
125002887
125005805
125014697
125024666
125029306
125035302
125042474
125051219
125060469
125063752
125066253
125070776
125073162
125079195
125079698
125081717
125089039
125095119
125102634
125107581
125116135
125116942
125118013
125120105
125122348
125128521
125129744
125134620
125138393
125148141
125151783
125160443
125160787
125168877
125178858
125187546
125195624
125196146
125204661
125207043
125215561
125215638
125223225
125226707
125235579
125242660
125248708
125256818
125261598
125262729
125263352
125267857
125277686
125278514
125286208
125290460
125294421
125294682
125297882
125299182
125303086
125312918
125318053
125322970
125330937
125337033
125341874
125345095
125349194
125357439
125366325
125370223
125376702
125378584
125384583
125389186
125394969
125395629
125401315
125407209
125409564
125410801
125414360
125421305
125428054
125434221
125434952
125440077
125440113
125444642
125449383
125450837
125459441
125466067
125473159
125478373
125487197
125490739
125499590
125506309
125516084
125522164
125529800
125534594
125538107
125542359
125549855
125552796
125557126
125559767
125566252
125567289
125573605
125574606
125575808
125579374
125582412
125587186
125592439
125597621
125600498
125606004
125610301
125616365
125619412
125622246
125625294
125632147
125637394
125641858
125647305
125655005
125655355
125659773
125665947
125670034
125674061
125683870
125693621
125700580
125702081
125704778
125706710
125709835
125719773
125722607
125722674
125727963
125735977
125742961
125743062
125744455
125754424
125754663
125754724
125763008
125763078
125763759
125770422
125779262
125785986
125791374
125798164
125805682
125810572
125813049
125813766
125815977
125819427
125822861
125825925
125832398
125841147
125844374
125851567
125855041
125859510
125863151
125871716
125877095
125886174
125886459
125895248
125899865
125902475
125905009
125909492
125911318
125915507
125925239
125925875
125927037
125929407
125935829
125940746
125945495
125946000
125954575
125960210
125964587
125967390
125974491
125983624
125991917
125993107
126000790
126002916
126010804
126011335
126019873
126022240
126024213
126027119
126035588
126041419
126048041
126053440
126057753
126066570
126067995
126075859
126079979
126087365
126089425
126091893
126099713
126100287
126104911
126105908
126110717
126114629
126122959
126124093
126130774
126136325
126137453
126141356
126142398
126148047
126148141
126149839
126149919
126159610
126163091
126171103
126177327
126177656
126183818
126191953
126197498
126204932
126205513
126206967
126207767
126208130
126210943
126219209
126223693
126226036
126229658
126232907
126236442
126245639
126250308
126255756
126256280
126264558
126273416
126276199
126277538
126280405
126288179
126289231
126294855
126296997
126304514
126313626
126318928
126325874
126331615
126333969
126337075
126338360
126340945
126341009
126349828
126355983
126362127
126364962
126369218
126377635
126385975
126392217
126400145
126404717
126407327
126415362
126424520
126431760
126436249
126441472
126446824
126456626
126464574
126467760
126471053
126475585
126478954
126480235
126484519
126487675
126489792
126492962
126500851
126503711
126507649
126516663
126518694
126527648
126531139
126531550
126539362
126542559
126543465
126544069
126546837
126551149
126555481
126560240
126562151
126564514
126573347
126582744
126592212
126594841
126601604
126602488
126606065
126614124
126623181
126629494
126636616
126638547
126642872
126649596
126650866
126652190
126656676
126661179
126667954
126677886
126679153
126685503
126687364
126689244
126699061
126706659
126714365
126721164
126724293
126729386
126736983
126737154
126737406
126747177
126749141
126753431
126758432
126763628
126766876
126769947
126776480
126779276
126788882
126792872
126801866
126804224
126813670
126818433
126822560
126823360
126828218
126837108
126838777
126845599
126849724
126850925
126852782
126861216
126864804
126872579
126879615
126887118
126894284
126895048
126902306
126907235
126909389
126916560
126924158
126933727
126933795
126938167
126940331
126942274
126952098
126960396
126966601
126967880
126977160
126979190
126985787
126986506
126989451
126998354
127007768
127014502
127016631
127020105
127026376
127029413
127033505
127037942
127047299
127048293
127052788
127062313
127064158
127069521
127076465
127076874
127084066
127088174
127097020
127101350
127106620
127112322
127121871
127129580
127135085
127141371
127145953
127147157
127152963
127153031
127156755
127158780
127160360
127161988
127166874
127171194
127177548
127187252
127192248
127198990
127203245
127206527
127210685
127216322
127216555
127226485
127226821
127228141
127230068
127234043
127243941
127253451
127261629
127267225
127272572
127278292
127285295
127293952
127296297
127302014
127303158
127311871
127315975
127321714
127323571
127328249
127333651
127336971
127341993
127345255
127354529
127362533
127364663
127371655
127380745
127387687
127388213
127390194
127392215
127398826
127406481
127409385
127415049
127415291
127418676
127425490
127429308
127434920
127443695
127449048
127451072
127458054
127464491
127473758
127478199
127482429
127482738
127484104
127488770
127494434
127501058
127508437
127513430
127517957
127525548
127530931
127540137
127541798
127546654
127551220
127554681
127560672
127562441
127572108
127578931
127579657
127587334
127591653
127592723
127595559
127600208
127605925
127609259
127613888
127617989
127620427
127629495
127630601
127637237
127646936
127655821
127662946
127666486
127669431
127671245
127679839
127684929
127688721
127690875
127694418
127702059
127704239
127711632
127719737
127723221
127729202
127737152
127745287
127749603
127754808
127756963
127760462
127765986
127766842
127770816
127780204
127785783
127792026
127792297
127802101
127806910
127815277
127822105
127830871
127832096
127833629
127837516
127843162
127844454
127846477
127852360
127852975
127853186
127860720
127863329
127869528
127871176
127880758
127882231
127884598
127885224
127889147
127896302
127898585
127906618
127909161
127911533
127919944
127929417
127934688
127943041
127952336
127954520
127964305
127968816
127976671
127981240
127987468
127988095
127996742
127997582
127998779
128002771
128011806
128016827
128020486
128027227
128029682
128038922
128048534
128050397
128059075
128066885
128076731
128086540
128086770
128093696
128095860
128099203
128106098
128106790
128114120
128119297
128125993
128128090
128135088
128137787
128145074
128150795
128158195
128158421
128164934
128169913
128178908
128187848
128193658
128201155
128206974
128211666
128216001
128222885
128224337
128225054
128233601
128234862
128244847
128249397
128258011
128263958
128270592
128271218
128275544
128277430
128278173
128280297
128281564
128289078
128292010
128294089
128299235
128308338
128308367
128309337
128311567
128312273
128319964
128325629
128330920
128333666
128336085
128337311
128346480
128348603
128353526
128359860
128366373
128374075
128375491
128376250
128376337
128379765
128383710
128386853
128391799
128395281
128395295
128402152
128405007
128412793
128417835
128419049
128420416
128422845
128427990
128431759
128441310
128450031
128452243
128454641
128460041
128465962
128469767
128469792
128470070
128477153
128487082
128490492
128491074
128495177
128498982
128503466
128512770
128519333
128523862
128531468
128539783
128544983
128549024
128558785
128564253
128569919
128577591
128582267
128586240
128592043
128598243
128599533
128608627
128613495
128616162
128621842
128627383
128634366
128636094
128637294
128640719
128648512
128649787
128657032
128662029
128662674
128667945
128671689
128677605
128685905
128693411
128696788
128702964
128710358
128714523
128724445
128732325
128742178
128751381
128757227
128759709
128764464
128773813
128781791
128786285
128791901
128801264
128808011
128810138
128813312
128817371
128824587
128828971
128838162
128840381
128842230
128848838
128854145
128857343
128864542
128867646
128875247
128885150
128888967
128893769
128897851
128902605
128907369
128908759
128913909
128916712
128916812
128925390
128927911
128934355
128942067
128949749
128950669
128956021
128961180
128963076
128968694
128970998
128980148
128987201
128987889
128997756
129004473
129010319
129014461
129021240
129022565
129024674
129033028
129037904
129043777
129050394
129053220
129056326
129059180
129062617
129065164
129070066
129071183
129073511
129074085
129078935
129082092
129084790
129092826
129093644
129095713
129097358
129104898
129111856
129113738
129120255
129120614
129128694
129137520
129138286
129140578
129143793
129144951
129152905
129160342
129168869
129171143
129173019
129177401
129182302
129187245
129189315
129198096
129203657
129212642
129218837
129223962
129232626
129234572
129238497
129239475
129244435
129253312
129257401
129258868
129260441
129264811
129274066
129277983
129286388
129292815
129301157
129303856
129305656
129307952
129316940
129318739
129321694
129331555
129334023
129339903
129345754
129354413
129363417
129371574
129371654
129381021
129381848
129387731
129397261
129400275
129408715
129414096
129423623
129423936
129432409
129434572
129437209
129441651
129446108
129449167
129453579
129459707
129469524
129477710
129481152
129486449
129492168
129494240
129496726
129506160
129514532
129522714
129531537
129540638
129549184
129555881
129560054
129563978
129571630
129575780
129583689
129590887
129594793
129604495
129610631
129615673
129622911
129628150
129633777
129638070
129639784
129646809
129654507
129659406
129665002
129670566
129676056
129685001
129693062
129698534
129701035
129706855
129716113
129716908
129726735
129728296
129736933
129741317
129741908
129742147
129744142
129744507
129751311
129754542
129763062
129767077
129773220
129777770
129782928
129789043
129797530
129799852
129801462
129802166
129810517
129820357
129828876
129838849
129843412
129847224
129854756
129856429
129857944
129858491
129860622
129867281
129877276
129883978
129888745
129894926
129899243
129899649
129901236
129905884
129908376
129916878
129925393
129931412
129934326
129940739
129943044
129951291
129960161
129969944
129974157
129982832
129988802
129994469
130000398
130002665
130010055
130014791
130023452
130025043
130026930
130028221
130029031
130031782
130041043
130050617
130058711
130058763
130063169
130066648
130073210
130076070
130084588
130086777
130094272
130096624
130098138
130107115
130107137
130114254
130115867
130121336
130129313
130137195
130146620
130149675
130156889
130164010
130171617
130180655
130187966
130193431
130197552
130204001
130206916
130210105
130219209
130220730
130223013
130228299
130237018
130240171
130247897
130248310
130250077
130257745
130260380
130265510
130269388
130274637
130281244
130283025
130290485
130296163
130297565
130304149
130313091
130313402
130321958
130322796
130323760
130332840
130333132
130342299
130345196
130353529
130354910
130361774
130368103
130373740
130375770
130383859
130390046
130399256
130405848
130412437
130421980
130427145
130431052
130432213
130441096
130449508
130451361
130451695
130458694
130458760
130466874
130471308
130474535
130476556
130486110
130492384
130494649
130500991
130508631
130514882
130520115
130525325
130530873
130539302
130541940
130547520
130548052
130555776
130565245
130568494
130568841
130568885
130578737
130583335
130583831
130584007
130589498
130599022
130600553
130600880
130609460
130617753
130624428
130630083
130639259
130641200
130646913
130647378
130650498
130651301
130654654
130657915
130662248
130665515
130670779
130678424
130685895
130692708
130699913
130702921
130712393
130717407
130725513
130730807
130739031
130743814
130749920
130758061
130766956
130769348
130775159
130775311
130784863
130787772
130792957
130795704
130798226
130801902
130807736
130813330
130815934
130819762
130824657
130831539
130835563
130836443
130841807
130849603
130852363
130860029
130865276
130869601
130870421
130877439
130883757
130889943
130898015
130899281
130904185
130911049
130920792
130928399
130935143
130941483
130944888
130954721
130960689
130965853
130973601
130974821
130978605
130979067
130988368
130993513
130997898
131007064
131009577
131016886
131021731
131025743
131029581
131032381
131042044
131050484
131058086
131063253
131065329
131068835
131077416
131081972
131082389
131092016
131101695
131103518
131112196
131118002
131121792
131121954
131127112
131130535
131131033
131134236
131137832
131139420
131145535
131147297
131156688
131165952
131173736
131183170
131192810
131193350
131194143
131200687
131202730
131203020
131204086
131205656
131212833
131219990
131226581
131229427
131239066
131248851
131252301
131257901
131257924
131259256
131261799
131271629
131281414
131290354
131293132
131302526
131303810
131310564
131314617
131320913
131323286
131324791
131328752
131331274
131339840
131343109
131347409
131353334
131354978
131364198
131368976
131369031
131377736
131387375
131388742
131396499
131401077
131409284
131411629
131412233
131421529
131425053
131425084
131434566
131443960
131451715
131452016
131455494
131455554
131463350
131471714
131481417
131482920
131485203
131494448
131502930
131511710
131518162
131518564
131523596
131529094
131538151
131547786
131549941
131552586
131559771
131562494
131568244
131574859
131580523
131588736
131590395
131592682
131595260
131600213
131607713
131612084
131614621
131616561
131624423
131629611
131630934
131636009
131642416
131649263
131650870
131654538
131660133
131665517
131669891
131671570
131676395
131684921
131689229
131689240
131699240
131704304
131708249
131717912
131727819
131732349
131734190
131735206
131742643
131744614
131747871
131753541
131755293
131762460
131767433
131770794
131771576
131780772
131788386
131798116
131801225
131807415
131807497
131807996
131813756
131821634
131831332
131833448
131838739
131840516
131844501
131846371
131852468
131853550
131856276
131865515
131873928
131883308
131886085
131893510
131898723
131900035
131905254
131910673
131914710
131915640
131916645
131923478
131928745
131933676
131936026
131943837
131950650
131959567
131966338
131970661
131979661
131983155
131985337
131986676
131990404
132000053
132005506
132012375
132012900
132014548
132015020
132015070
132024606
132030904
132033940
132043406
132043660
132043936
132047680
132049030
132053456
132054692
132060737
132064344
132068138
132076574
132081242
132090381
132097382
132098589
132103330
132105366
132112021
132118584
132121294
132126729
132128015
132132172
132141371
132142169
132148175
132151802
132157430
132160648
132167508
132172396
132174254
132184006
132190277
132198241
132199157
132205009
132206571
132207667
132213821
132215741
132221105
132228199
132228806
132234351
132240743
132248463
132255232
132261423
132268403
132273059
132273669
132278502
132285070
132288819
132294894
132299048
132299926
132306337
132310584
132317088
132322143
132330718
132340413
132345786
132354025
132361995
132363489
132372072
132376581
132381283
132383175
132392266
132399680
132400905
132401932
132407483
132412401
132413053
132417825
132422404
132427304
132429747
132439743
132445226
132454099
132459508
132468160
132475641
132484295
132486272
132488030
132497524
132497834
132499958
132503570
132511282
132519313
132524924
132529964
132534727
132538483
132540709
132545518
132545752
132552677
132556508
132560592
132565102
132566892
132572004
132575881
132580850
132584370
132589567
132592644
132596995
132599691
132605843
132613004
132621716
132627195
132631414
132640205
132646004
132649155
132650942
132660697
132665350
132668265
132670481
132674738
132675291
132684787
132686142
132695607
132700210
132701234
132709156
132710304
132719061
132725420
132730468
132738942
132746346
132751089
132751619
132755089
132755342
132761165
132765717
132766634
132773753
132777129
132780956
132783991
132790929
132798991
132804266
132804326
132807000
132810379
132820351
132824183
132826061
132833055
132834536
132835821
132839280
132843676
132851522
132853396
132854722
132856984
132861823
132869771
132877678
132886916
132890274
132894960
132902595
132904373
132911990
132918288
132923009
132928692
132937902
132942474
132943252
132946981
132952791
132959756
132968325
132969485
132975501
132981285
132982459
132989314
132990695
132995343
132999442
133001470
133002515
133005211
133008345
133009699
133013208
133014094
133020855
133020918
133027680
133029121
133035469
133045405
133050030
133051500
133057792
133059920
133064974
133071009
133075100
133084403
133089072
133093538
133098592
133100012
133109971
133110747
133117861
133127855
133130288
133132802
133138726
133142617
133146017
133154611
133159639
133160971
133161807
133165871
133172604
133174010
133174634
133181840
133183310
133192056
133195807
133200680
133202686
133208836
133212362
133219431
133225041
133225581
133234398
133235278
133239366
133242153
133246195
133249885
133257433
133267330
133273712
133283618
133292862
133296140
133299390
133299442
133305655
133310242
133317462
133320384
133326888
133330895
133338600
133340303
133346261
133348222
133351949
133354136
133358253
133361003
133370793
133377352
133385283
133390520
133394772
133400930
133405720
133410931
133415665
133417119
133419632
133424425
133425374
133429969
133435031
133439137
133446613
133451360
133452951
133461135
133466771
133470667
133471024
133476900
133478817
133485331
133491014
133494914
133501702
133504243
133507265
133515427
133519845
133528960
133537472
133538388
133541046
133544637
133551037
133552826
133562081
133566459
133574120
133576052
133585762
133587633
133591653
133595615
133598407
133604703
133607164
133614388
133623596
133632880
133637451
133641775
133643364
133650119
133656963
133664865
133665734
133665823
133672452
133675588
133680930
133684039
133685499
133686999
133694975
133703146
133705949
133710005
133716965
133717470
133719440
133723658
133728962
133736743
133744033
133750314
133753774
133755765
133761938
133769159
133776672
133780245
133788767
133797025
133801576
133803427
133807681
133808065
133808638
133808951
133816741
133822211
133825805
133833320
133836777
133840130
133843737
133848451
133851884
133856675
133865683
133869578
133875305
133882450
133884876
133889896
133897351
133899347
133905589
133912381
133914664
133920152
133926987
133930912
133936907
133943822
133946078
133950012
133954734
133956688
133957901
133959901
133968657
133972830
133979099
133980749
133981511
133983951
133989071
133990714
133991070
133997383
134004971
134007893
134016114
134022171
134029609
134032376
134033540
134035168
134044649
134050540
134057043
134059729
134062166
134063154
134064537
134071089
134075173
134079571
134088470
134088636
134093943
134094573
134101365
134106616
134115564
134123956
134129920
134134241
134135844
134145189
134153119
134153410
134153573
134163417
134171150
134174905
134183327
134183913
134187312
134191077
134192527
134197518
134200526
134203123
134205671
134206746
134216346
134222165
134230350
134236898
134240670
134250074
134257622
134264694
134273289
134278992
134281162
134288304
134293541
134295747
134297988
134303995
134312660
134318291
134319590
134324485
134325668
134333269
134338341
134344178
134344937
134347139
134354769
134356730
134358621
134365148
134366265
134370808
134372277
134382146
134384891
134386381
134396283
134402774
134406186
134415603
134422410
134429698
134432011
134432164
134433960
134436389
134445083
134452033
134455653
134458507
134463834
134469584
134476106
134485105
134486883
134496703
134501271
134507566
134515481
134520309
134523279
134523606
134532362
134539139
134548438
134555818
134557202
134563553
134565612
134575359
134575360
134583876
134590949
134597875
134600900
134603755
134610242
134618597
134624731
134625025
134626732
134636323
134639200
134646788
134654425
134661384
134662428
134668813
134668968
134676029
134677620
134682103
134684060
134689248
134695463
134703049
134704320
134706593
134715520
134721338
134728508
134731672
134733411
134740458
134746745
134750813
134753772
134759124
134767503
134774680
134780656
134788195
134795273
134802516
134802698
134808108
134815126
134816337
134823865
134833671
134838531
134842000
134843692
134844382
134852588
134861482
134862647
134870176
134872324
134879370
134888567
134888592
134893139
134896659
134900529
134907825
134908781
134913381
134919774
134923415
134927403
134934491
134936540
134938197
134946294
134956127
134959419
134964218
134969050
134976247
134983586
134992050
134996410
135005881
135009349
135017498
135027136
135027189
135034268
135043357
135049941
135053953
135055899
135061578
135062227
135072016
135075844
135084915
135092896
135097845
135104120
135110951
135118712
135121981
135124944
135129397
135138764
135141480
135145322
135147358
135148226
135156177
135156235
135163714
135172749
135177225
135179535
135186820
135190967
135193143
135201223
135209524
135216756
135219899
135226306
135235219
135238018
135241362
135249033
135253271
135261074
135264674
135265338
135268383
135273541
135276349
135283344
135284607
135287651
135287902
135292607
135298915
135303228
135309929
135316246
135318292
135327480
135330028
135330206
135335647
135344204
135350052
135356001
135361314
135363587
135372346
135375402
135378230
135380054
135388135
135392983
135393802
135401156
135406089
135409052
135411828
135421612
135423521
135428181
135431896
135436863
135440632
135446202
135446466
135448349
135450983
135453579
135455781
135461176
135462409
135464028
135465436
135475288
135479007
135486376
135490281
135491340
135494763
135501339
135501592
135502254
135511996
135521573
135527234
135529525
135534179
135536966
135539602
135543396
135551095
135551361
135556848
135560611
135570488
135579595
135585957
135591410
135598431
135601901
135604509
135610742
135620102
135625110
135631825
135634211
135637572
135639981
135647465
135650829
135660790
135666933
135676312
135686217
135689388
135695242
135697677
135697782
135701805
135703012
135711752
135718144
135724955
135733894
135734799
135743497
135747932
135754134
135754623
135763242
135763785
135772568
135777547
135779190
135788434
135791938
135801200
135805717
135815170
135820244
135828221
135835610
135843462
135852902
135859983
135861254
135868547
135874676
135876894
135884294
135886960
135890241
135891311
135891954
135900947
135910599
135910616
135915563
135919534
135923817
135932496
135935185
135937792
135946159
135955191
135958373
135966118
135969455
135973906
135974484
135977017
135980872
135981449
135991187
135997135
136003226
136009008
136018034
136019442
136029231
136031064
136037790
136040248
136043133
136046780
136053288
136057930
136059947
136065931
136073564
136075695
136083799
136086129
136094524
136100363
136104473
136111461
136113425
136113967
136117647
136123606
136131533
136133419
136140548
136146809
136153407
136155603
136157457
136160358
136164570
136168933
136178317
136181893
136187473
136189385
136192316
136197975
136199299
136205230
136211401
136211423
136216174
136220076
136220677
136223911
136226719
136230296
136239359
136247898
136252289
136255379
136260618
136265881
136270673
136271418
136272255
136278922
136287671
136295412
136298358
136305107
136310993
136317110
136320866
136321816
136322747
136331739
136338264
136347807
136351779
136355486
136364284
136369964
136379037
136383643
136393156
136393251
136395019
136396613
136401134
136408140
136410247
136414318
136418847
136418962
136419046
136422031
136426990
136429074
136430330
136440279
136441796
136449767
136455007
136456967
136457390
136465982
136475131
136475261
136482616
136485566
136486477
136495309
136504622
136509676
136514292
136514356
136515943
136525532
136526891
136529942
136534120
136535936
136537405
136544696
136548878
136554144
136560513
136562913
136566835
136567737
136577442
136581904
136586744
136588466
136591356
136599286
136607270
136611139
136617106
136623989
136628303
136633768
136639304
136640672
136641226
136646779
136655445
136655506
136658525
136659701
136662835
136670685
136671435
136677292
136679030
136687092
136688733
136692845
136702755
136712566
136714556
136719952
136724069
136724373
136727249
136734746
136742905
136746579
136752600
136755080
136760636
136763128
136772977
136778762
136784844
136793409
136793535
136801588
136805389
136808666
136815795
136822036
136822820
136826336
136830613
136835719
136843603
136849141
136857579
136865691
136873531
136881257
136887168
136897043
136904386
136910412
136914642
136917760
136920918
136926502
136930297
136939135
136945769
136952597
136961669
136970994
136974228
136980351
136988523
136997348
136998545
137003635
137010947
137013012
137018552
137024399
137027109
137031807
137033460
137034791
137038679
137043844
137047100
137051597
137057421
137059713
137069392
137078420
137080728
137080998
137084350
137089334
137095558
137100196
137104318
137112105
137112275
137119310
137128622
137131453
137140308
137147532
137157392
137166880
137172095
137174491
137181859
137184610
137192504
137198233
137198998
137208894
137217159
137219952
137222271
137230272
137230876
137239535
137240319
137245896
137246157
137254817
137262923
137266086
137272982
137280968
137282372
137286498
137294306
137303417
137312418
137313031
137314057
137314736
137317892
137321888
137329855
137336263
137340059
137343080
137350880
137352108
137359421
137363941
137370754
137379123
137380592
137388077
137390335
137393184
137400763
137406930
137407272
137408845
137409536
137419151
137426812
137432391
137435086
137439342
137442951
137448397
137455347
137458231
137464428
137467490
137474323
137475556
137477384
137482220
137490980
137495617
137503317
137505907
137509182
137518434
137519089
137525505
137532020
137537204
137544211
137550239
137553359
137553583
137561862
137563144
137568062
137570679
137575878
137582911
137586219
137592575
137594006
137595447
137604526
137613877
137618517
137619121
137621901
137626448
137627306
137633885
137637091
137646704
137647896
137652807
137661325
137666076
137666318
137666716
137666736
137674587
137678470
137687743
137692573
137694810
137700416
137707308
137712129
137714345
137720554
137724764
137727186
137732596
137733281
137739625
137749552
137757205
137758910
137761090
137768380
137770543
137779594
137781975
137791432
137795568
137796759
137800835
137808920
137813539
137815388
137815873
137818806
137820733
137821694
137829625
137838298
137843841
137845087
137847934
137852515
137859547
137862231
137864418
137867481
137875195
137878102
137886414
137887110
137890578
137891746
137893505
137896099
137904045
137906840
137909728
137910750
137913539
137914609
137923229
137932111
137940686
137944661
137947090
137953545
137954074
137961932
137970900
137974241
137975187
137983579
137987768
137994220
138001421
138011283
138012060
138020987
138028405
138037202
138043714
138052505
138054920
138058880
138060197
138069738
138074343
138077477
138085774
138090203
138091704
138092808
138095439
138102286
138105408
138113239
138115761
138124225
138130170
138139298
138145288
138146571
138152672
138154809
138155689
138156261
138157886
138163917
138167124
138175168
138184629
138194243
138196096
138200354
138204997
138214547
138216686
138222860
138230646
138231689
138231872
138241729
138251491
138256772
138257848
138265594
138275153
138280031
138283506
138291538
138300302
138307158
138316561
138325707
138330029
138334465
138341528
138342926
138345385
138347953
138351008
138357168
138364556
138371718
138378690
138386592
138392240
138398747
138404189
138407214
138416623
138425716
138429441
138436361
138437802
138447478
138449708
138456192
138456821
138459210
138464434
138471778
138481090
138489256
138492557
138502183
138510682
138515179
138524357
138526683
138527838
138537816
138545391
138547416
138556696
138556740
138565868
138574115
138578514
138586014
138593535
138601782
138607593
138611390
138619468
138622686
138625851
138627647
138634166
138635783
138639735
138645493
138655076
138660639
138663715
138670403
138676571
138685685
138692218
138692454
138701415
138706688
138713016
138718972
138721665
138730982
138735760
138737256
138740086
138742569
138744434
138744463
138747681
138751726
138753909
138754964
138760706
138761944
138766706
138776257
138781684
138790227
138797983
138801736
138809962
138816292
138824701
138833861
138835197
138840026
138843001
138851367
138859554
138860762
138866309
138867358
138872179
138875469
138883795
138891508
138894686
138900193
138907787
138916248
138918920
138927412
138933468
138940099
138945313
138947448
138957273
138957594
138959887
138963215
138965051
138973820
138983452
138993393
139003146
139007013
139015753
139025643
139028840
139038464
139044778
139049302
139058221
139064266
139066884
139072382
139079141
139087217
139090854
139092482
139093974
139095493
139101414
139104850
139114676
139119938
139124516
139128309
139135195
139142654
139150683
139151398
139159662
139163336
139170079
139172646
139178218
139186467
139191402
139197489
139207424
139210193
139210784
139211808
139216105
139224817
139232151
139236148
139238852
139246644
139249918
139249934
139250391
139251750
139255578
139264758
139266776
139268738
139270877
139278187
139279308
139285574
139293456
139302144
139302735
139303348
139309106
139309280
139310458
139318306
139322686
139322738
139330464
139337954
139345859
139355734
139358929
139368660
139376207
139386103
139389513
139397999
139406862
139412947
139420714
139430511
139438913
139444169
139445581
139447192
139449538
139453173
139461899
139466428
139467996
139472679
139475396
139477753
139483214
139492487
139495793
139496940
139500966
139510534
139519970
139528323
139534554
139542823
139550422
139552189
139560762
139564481
139568169
139576422
139578305
139584718
139592950
139599323
139603287
139613027
139619781
139620584
139625795
139627839
139632929
139635805
139645011
139649928
139654786
139655694
139661793
139664780
139667353
139668655
139675957
139679381
139683643
139689672
139696968
139706244
139712413
139717199
139723603
139728630
139738451
139745005
139749238
139751839
139751896
139757041
139765474
139769547
139775448
139778050
139786890
139795635
139800333
139801789
139805203
139810610
139819513
139826287
139835880
139837497
139839053
139840037
139849968
139854145
139859321
139865470
139870155
139874461
139877201
139880847
139882784
139888736
139898465
139901344
139905374
139905999
139909583
139909666
139913799
139922112
139931220
139931806
139933698
139936822
139937735
139947048
139954384
139962117
139967633
139976099
139976217
139976870
139978846
139980279
139982873
139983729
139991528
139998532
140003606
140008854
140010947
140016610
140021759
140023418
140027457
140034928
140043685
140045044
140050744
140060596
140064146
140073718
140076175
140076776
140080323
140089749
140098388
140102555
140112263
140114406
140123876
140129746
140132761
140134597
140137390
140147157
140149574
140155837
140164145
140167368
140171273
140179101
140187342
140191414
140197821
140200775
140204468
140212147
140221237
140225794
140234711
140236079
140245890
140250738
140255919
140262705
140270092
140278709
140286075
140288200
140297187
140303982
140304405
140309152
140310726
140317208
140320308
140320907
140323124
140332092
140340140
140342972
140347061
140350673
140356456
140361572
140362274
140367881
140372475
140373512
140379304
140385130
140393201
140396615
140403856
140405870
140412285
140418679
140423111
140432029
140439973
140442264
140450404
140452359
140459129
140463052
140464446
140465190
140471441
140474046
140475705
140482631
140490091
140490489
140494003
140496965
140502022
140511182
140513339
140515474
140522774
140530690
140538988
140541464
140547915
140550886
140553110
140559979
140568732
140576220
140583191
140586077
140591738
140597034
140600203
140603161
140608934
140612258
140621876
140631641
140632544
140636715
140644649
140645529
140654472
140658573
140660673
140668421
140676352
140678057
140684156
140689840
140698963
140706286
140711433
140712278
140713023
140716894
140717204
140720869
140723724
140724157
140727014
140734369
140738163
140745345
140748904
140758006
140765916
140769619
140773570
140780983
140784468
140787385
140790940
140797678
140800120
140802968
140805046
140811663
140821443
140825524
140832314
140838244
140845528
140845610
140848903
140856641
140866577
140868126
140878101
140887688
140892415
140900343
140910338
140910495
140917546
140918770
140921775
140928003
140928552
140936981
140940827
140944084
140949207
140952095
140953281
140962037
140965053
140974814
140980549
140981097
140983616
140989899
140995780
141002267
141003213
141009382
141011122
141020818
141021144
141022872
141030924
141034948
141037526
141044957
141047517
141052960
141056137
141063601
141064627
141067255
141070651
141077467
141086837
141089764
141096532
141106163
141106656
141116211
141121148
141122006
141131028
141138924
141145139
141145167
141146694
141149934
141153885
141162019
141168987
141169300
141178140
141180477
141186721
141193277
141200839
141202882
141211905
141221835
141222489
141226494
141230643
141231368
141235132
141240084
141242968
141250294
141256375
141266012
141271736
141277603
141283818
141290802
141293275
141298679
141307325
141307991
141315715
141324338
141331619
141339130
141348149
141355144
141361879
141364842
141369257
141377564
141384194
141385882
141395604
141396855
141401530
141404957
141412381
141418932
141420899
141424468
141426175
141433582
141435154
141441278
141441424
141442074
141450494
141460040
141469738
141475593
141478971
141484044
141493015
141493276
141500874
141506836
141514911
141514957
141516967
141526164
141526409
141526921
141532939
141539585
141545064
141546445
141551846
141554151
141558942
141559055
141563351
141566606
141569150
141571245
141577537
141581544
141590445
141596220
141602643
141608816
141609179
141617499
141626725
141628443
141633618
141639415
141644377
141650882
141651907
141661425
141665599
141672329
141673759
141678465
141682164
141684235
141686674
141687417
141696573
141702075
141708597
141718038
141722523
141728537
141733334
141734884
141740722
141748013
141753160
141760452
141766798
141771453
141781026
141789508
141792329
141793761
141795539
141801258
141802236
141803509
141804436
141813671
141821171
141828997
141834474
141842149
141845579
141850122
141853783
141861937
141868659
141873679
141875159
141875894
141885761
141891249
141897506
141898571
141899734
141900213
141908982
141915870
141924947
141927340
141930934
141940360
141944795
141951025
141951440
141960189
141968011
141971645
141979963
141988117
141988626
141994199
142000045
142008111
142015336
142024941
142029027
142033826
142041426
142046520
142050683
142053285
142058820
142068668
142072778
142082562
142086978
142094575
142102582
142110939
142113557
142115202
142123675
142127351
142135433
142140168
142148184
142156454
142159918
142161414
142165054
142170152
142173068
142177086
142184675
142191792
142194357
142200115
142207927
142217866
142224748
142232413
142240042
142248062
142253857
142257752
142266361
142270252
142276417
142283864
142289503
142296641
142297329
142297425
142298914
142304049
142313210
142317661
142323659
142324850
142325227
142330565
142334736
142338134
142342974
142345744
142349906
142354442
142357118
142358621
142365639
142371808
142373433
142383040
142388235
142389952
142397526
142403265
142413126
142420107
142421623
142427356
142435613
142438924
142447406
142449502
142457874
142458844
142459651
142460284
142469712
142476084
142483143
142490595
142492091
142493578
142500424
142504757
142507889
142512110
142521453
142521705
142529316
142533365
142542601
142546238
142552559
142554389
142562619
142564915
142567441
142568002
142571972
142573897
142578966
142580778
142590022
142592923
142593012
142599954
142604324
142604894
142610951
142615229
142618210
142622762
142630694
142635233
142636578
142639151
142645994
142651311
142653781
142662403
142667976
142677916
142684016
142690313
142698419
142706916
142711665
142719585
142723473
142723737
142729521
142734892
142741135
142749536
142750152
142759726
142764592
142772237
142781891
142784305
142793628
142802619
142804118
142810582
142813961
142818443
142822558
142824117
142830708
142832469
142840035
142841871
142843326
142848751
142854358
142858461
142864364
142867707
142870525
142878564
142886989
142888269
142897727
142903497
142907681
142909970
142916932
142918354
142926280
142931051
142933656
142942257
142944355
142944477
142946292
142951557
142961520
142964386
142967523
142971745
142973608
142978263
142985446
142990824
142995922
143001027
143003245
143011504
143012977
143018589
143020278
143029195
143034136
143034243
143044098
143047985
143054798
143059809
143064803
143070019
143078761
143087731
143093949
143098262
143106169
143114650
143119254
143127574
143135313
143137142
143140368
143146155
143155138
143155468
143163310
143171152
143177701
143187111
143196263
143206037
143210715
143216279
143217053
143225476
143233620
143234941
143239968
143249539
143251655
143261603
143270229
143277941
143284552
143289578
143298588
143306472
143309768
143318020
143323500
143325117
143334647
143344605
143352373
143358669
143365189
143369138
143374022
143381571
143390165
143392793
143395817
143401152
143406985
143415235
143421118
143430060
143432850
143438695
143446913
143454399
143461772
143466054
143475167
143480433
143486744
143489898
143494304
143495153
143496891
143504766
143504841
143508018
143515599
143516305
143517435
143521237
143530866
143534909
143540038
143544828
143545696
143546934
143549817
143555202
143563362
143567358
143570438
143578090
143582742
143587134
143592569
143597788
143605390
143610849
143616777
143622105
143630043
143631850
143639855
143643381
143646132
143650641
143651621
143657379
143661040
143668486
143669908
143673035
143677497
143684699
143685260
143694346
143699476
143700306
143710276
143714173
143718094
143726811
143729102
143731551
143736521
143738293
143743732
143747574
143749479
143752636
143760182
143767334
143770355
143775129
143784442
143786571
143795631
143802677
143806527
143813248
143817883
143822010
143822889
143823448
143829449
143831927
143840622
143843755
143847700
143853536
143860911
143870232
143874590
143883520
143891252
143897767
143902411
143903198
143905748
143908362
143913307
143915647
143916164
143918386
143921785
143926241
143926902
143932087
143938482
143946948
143951067
143957596
143957681
143960435
143961608
143969960
143971595
143973754
143981065
143986796
143989679
143991995
143993110
143995277
144001025
144003675
144004289
144004827
144010382
144013673
144018512
144026401
144030756
144039019
144045074
144048360
144054495
144064433
144070577
144076325
144081540
144087578
144093951
144102506
144102823
144111328
144111832
144119728
144126899
144128199
144133848
144139671
144147171
144149208
144152899
144156455
144163156
144170045
144175149
144178067
144186071
144193950
144194002
144203464
144203657
144211197
144216277
144220386
144224897
144232456
144234631
144234636
144237784
144239890
144247274
144256885
144265203
144270352
144271931
144273385
144279771
144288763
144296062
144303952
144309558
144315292
144324671
144331423
144336013
144344794
144345235
144352215
144353003
144355920
144364583
144366889
144376274
144381128
144387796
144394337
144402049
144406886
144412145
144417559
144423315
144425860
144430663
144437982
144438644
144443243
144447083
144452968
144454831
144462746
144466113
144475333
144478592
144479320
144484441
144492419
144498492
144507686
144509146
144509182
144517611
144527063
144529867
144534729
144540189
144540863
144542600
144549974
144556158
144559145
144563546
144573124
144578051
144586625
144587602
144588001
144590154
144594487
144602053
144608241
144614759
144618972
144623998
144626066
144632459
144635095
144643945
144653929
144656253
144656832
144659516
144665285
144665731
144671481
144675009
144680031
144686029
144695144
144695335
144702379
144705760
144712506
144721221
144721634
144721840
144725358
144734213
144741299
144747338
144751082
144758699
144764916
144768502
144770061
144770750
144777662
144785866
144793855
144803748
144812128
144818326
144822107
144822301
144829361
144836756
144842500
144849855
144854368
144854688
144860822
144863763
144870430
144875196
144884519
144891310
144900203
144907517
144907704
144911370
144919668
144927239
144936080
144944777
144946421
144954591
144957452
144958969
144965786
144972592
144976552
144981073
144989563
144993014
144993847
144998474
145005199
145010996
145017088
145018385
145021190
145023716
145025555
145026078
145031127
145036361
145041797
145047917
145052832
145060784
145061138
145061199
145068109
145076288
145083673
145084137
145093958
145097035
145102468
145105661
145110682
145120327
145122628
145123980
145125114
145125799
145126282
145131746
145135074
145139417
145146902
145149629
145157111
145163248
145167733
145175575
145182039
145188753
145195107
145197612
145207206
145211106
145211639
145217856
145227253
145232767
145235833
145243672
145251237
145259371
145268453
145271551
145279334
145287846
145294023
145296040
145298876
145304881
145312863
145314420
145314550
145317745
145318185
145321598
145324237
145330905
145338982
145343803
145349233
145352473
145356613
145364204
145367144
145370087
145372355
145381692
145389273
145395168
145398123
145399939
145401778
145410428
145411834
145421700
145430498
145433697
145436548
145437725
145440540
145444624
145449656
145458606
145459615
145464533
145470254
145476806
145482074
145485459
145490003
145492181
145497464
145498616
145500577
145504050
145506302
145510065
145513591
145520373
145525905
145532978
145540785
145547093
145554996
145564852
145567544
145575284
145584206
145591541
145592026
145594131
145603482
145603574
145605637
145608872
145613170
145620409
145628599
145631004
145634237
145637267
145640528
145644272
145646735
145655276
145661101
145662872
145667129
145672163
145679127
145680935
145684643
145694611
145701087
145705177
145707202
145710553
145718370
145718510
145726991
145729027
145731525
145737426
145740098
145740223
145745745
145748558
145757447
145762271
145766493
145768482
145772601
145775246
145782640
145789054
145795232
145804385
145812646
145821186
145828229
145831628
145838238
145838937
145840664
145840825
145843864
145844816
145852860
145862498
145866089
145871607
145878987
145886349
145888534
145896961
145901350
145902484
145911956
145916714
145917390
145926826
145927062
145936423
145938312
145938365
145939736
145946146
145948555
145952050
145958001
145961825
145962762
145968741
145969831
145978981
145978995
145984657
145991803
145999908
146009458
146018576
146021208
146021860
146022036
146022070
146028035
146032139
146040999
146044028
146051159
146060789
146069498
146078341
146078486
146085419
146086175
146088772
146090365
146099082
146106537
146112424
146112747
146115555
146117550
146120029
146126438
146131018
146138171
146139627
146141936
146145977
146149818
146155059
146163285
146170578
146175153
146178072
146185497
146188626
146194625
146197174
146205365
146211565
146215957
146220536
146221204
146229161
146230026
146235146
146239033
146248485
146253166
146255412
146264719
146270624
146276313
146277126
146281666
146290800
146294758
146299801
146303331
146311592
146316340
146320795
146328723
146331873
146333331
146341964
146350855
146354886
146361039
146368861
146372293
146374145
146378154
146379484
146382228
146390667
146396511
146401773
146403022
146412985
146420541
146426380
146428125
146434883
146435722
146443958
146453331
146457076
146463094
146465785
146467672
146472605
146474338
146474672
146481004
146486295
146489067
146495550
146502741
146503248
146511258
146517241
146522051
146524935
146533632
146538129
146542343
146542907
146544047
146545385
146554089
146556657
146561167
146569882
146575146
146577834
146579391
146584151
146588343
146592613
146601792
146611136
146612463
146617514
146618729
146628487
146636639
146643943
146646464
146649692
146659332
146664311
146673426
146676900
146685613
146695207
146697235
146698333
146703059
146709755
146711900
146720893
146728584
146729471
146729676
146738391
146739560
146742845
146751173
146756682
146763484
146770706
146776673
146783839
146793749
146799134
146805018
146805316
146808100
146815361
146820113
146823974
146824350
146830455
146838738
146847586
146852216
146852625
146857965
146862355
146870075
146871042
146878504
146887706
146896398
146904160
146905649
146909619
146917632
146918550
146919395
146920792
146929781
146930267
146939444
146948882
146956141
146964807
146969122
146975130
146983615
146989757
146996495
146998042
147000367
147006868
147013100
147018761
147025973
147031886
147034392
147040033
147044734
147050756
147056148
147062743
147070139
147075950
147077211
147086762
147087682
147096794
147101392
147107850
147113869
147118634
147122818
147128586
147133539
147137262
147146640
147153374
147161850
147164982
147165036
147170345
147178485
147182194
147190696
147196740
147198976
147200386
147204058
147213384
147221165
147224716
147233302
147239693
147248973
147251693
147254840
147261164
147270849
147278181
147282700
147289193
147293816
147302468
147303175
147311968
147314853
147319301
147325942
147330068
147336422
147341443
147345450
147355161
147359675
147365645
147375634
147375727
147379620
147387727
147388560
147398467
147407328
147410976
147413357
147421948
147428772
147430041
147435529
147440834
147448167
147457036
147464994
147471333
147480546
147490159
147499204
147501675
147509182
147517933
147523397
147530091
147535114
147541840
147548676
147548904
147555946
147563198
147571751
147576208
147581018
147581508
147588080
147592046
147598047
147604780
147609654
147614218
147616889
147620659
147625588
147632297
147639098
147645112
147649880
147656344
147661420
147669833
147671935
147678695
147684507
147686320
147694069
147703741
147712543
147714763
147719985
147722509
147727414
147727797
147734101
147734998
147738188
147738912
147747051
147749092
147755266
147755895
147760672
147769953
147772655
147776017
147778278
147784558
147788457
147792716
147793156
147801407
147808928
147813882
147822951
147826432
147832245
147839140
147842418
147844065
147851819
147852086
147861155
147869425
147876261
147880864
147888943
147898037
147906106
147908781
147916857
147922425
147925473
147929409
147932699
147935556
147939554
147945376
147949029
147950763
147957849
147957972
147961038
147970530
147975846
147977748
147981403
147985226
147992867
148002649
148010362
148017632
148022374
148024262
148029652
148034487
148039527
148049516
148053384
148062005
148068314
148068866
148076538
148082609
148090158
148094235
148103664
148109715
148114622
148119084
148124044
148129576
148136022
148143751
148149738
148150781
148158863
148166501
148176475
148182527
148192200
148194062
148200766
148206137
148208917
148214966
148224599
148232344
148236440
148236849
148241745
148248027
148255276
148256086
148259874
148262234
148262361
148269837
148276656
148281739
148284050
148288893
148290829
148291625
148299090
148300314
148301535
148303284
148305820
148312771
148321937
148331019
148339470
148344790
148349529
148350369
148360269
148368963
148372760
148380463
148383746
148387951
148397252
148402540
148407119
148415787
148423661
148428411
148432505
148440533
148445597
148451497
148453957
148463804
148468287
148468789
148475387
148479913
148482388
148491803
148500911
148506025
148513155
148520831
148522488
148532174
148538415
148548138
148550613
148554023
148560732
148563608
148567961
148571007
148573476
148580619
148581158
148590600
148597842
148598484
148603876
148607074
148615017
148623425
148628220
148629456
148636640
148638344
148647504
148649429
148658200
148658568
148661032
148669397
148672256
148672896
148680463
148683376
148691744
148694757
148699676
148701201
148705361
148707720
148717469
148717952
148721447
148728060
148736825
148737443
148739530
148748828
148756654
148764986
148772474
148775086
148775722
148776166
148777505
148780002
148783780
148785417
148791411
148796426
148804044
148809441
148817476
148822625
148831482
148834749
148840511
148843656
148851501
148855899
148856104
148862895
148866880
148870159
148870574
148871163
148879904
148882960
148889304
148896304
148897293
148902131
148904473
148908382
148917351
148924419
148928008
148929905
148933509
148942201
148952198
148961746
148963742
148968703
148970279
148970493
148974337
148976132
148985711
148993276
148995881
149003892
149006464
149011497
149018720
149027801
149028676
149031950
149033967
149039344
149045804
149054991
149055252
149056163
149062408
149066626
149072294
149072582
149074888
149082498
149090582
149095125
149097164
149101426
149101910
149109729
149115538
149121713
149127163
149134801
149143614
149152870
149157602
149158441
149163488
149165534
149167398
149170454
149178410
149180977
149188564
149189347
149197440
149202494
149206236
149213718
149215031
149220373
149224771
149227878
149232672
149241920
149251357
149253431
149259757
149261201
149266440
149270139
149277190
149283356
149284414
149290139
149297330
149297882
149301205
149308534
149315823
149324769
149333358
149343163
149347000
149350454
149359348
149367434
149368490
149376324
149384160
149384961
149385962
149391479
149399757
149408111
149408984
149409128
149418994
149427303
149430867
149439857
149441268
149445153
149453191
149458136
149465347
149471337
149471795
149477644
149482678
149490063
149497309
149499347
149500181
149509423
149512989
149513828
149520339
149521314
149521805
149527384
149531545
149536105
149539268
149542373
149552084
149553636
149560254
149567288
149570734
149572757
149574577
149577204
149579455
149584731
149585021
149585270
149592086
149596998
149603772
149605873
149612628
149619871
149622691
149629167
149635325
149644000
149650687
149657251
149662727
149670714
149675190
149680614
149689969
149692496
149700804
149702015
149704490
149708614
149715905
149718818
149721935
149730889
149734511
149736373
149739833
149748008
149751721
149751769
149752055
149754563
149759238
149761861
149762768
149763232
149770130
149777254
149784826
149794201
149796559
149804363
149808981
149811633
149820557
149825828
149825961
149828496
149830561
149835417
149836446
149843107
149845174
149855168
149864003
149865569
149866049
149870065
149873328
149878222
149886057
149886619
149886896
149891160
149895818
149905015
149912748
149915415
149918284
149919008
149924373
149926383
149936304
149942904
149950360
149960348
149965335
149967662
149971080
149976797
149984147
149986236
149993438
149994458
149995715
149996542
150005806
150010747
150019386
150024887
150030619
150034052
150034938
150037154
150039431
150045756
150048672
150051889
150056003
150057353
150062224
150069031
150072770
150077531
150084984
150089157
150098632
150107455
150110898
150115892
150120258
150124110
150126806
150127920
150128356
150138232
150138364
150142109
150148016
150148200
150149314
150154793
150160141
150163876
150164832
150170135
150173741
150173966
150180818
150190092
150194626
150196385
150198171
150202156
150204957
150208101
150214253
150214645
150223516
150228588
150235624
150241839
150250887
150258447
150262317
150268922
150277660
150285513
150286240
150287398
150294154
150298688
150300738
150303734
150303981
150304663
150305528
150307165
150309254
150314391
150324283
150328864
150337713
150337997
150339044
150347818
150357050
150360277
150366165
150367519
150376280
150381104
150386415
150390949
150392523
150401912
150404989
150413422
150423110
150428360
150437844
150437986
150445432
150452706
150458108
150467203
150471070
150476496
150478602
150485595
150492610
150501888
150503007
150508181
150517736
150519243
150521355
150524543
150529370
150531773
150534552
150540767
150547879
150548951
150553672
150554609
150563226
150567229
150575525
150579871
150583656
150587802
150597172
150604659
150605953
150606192
150613908
150618151
150627372
150632941
150640652
150647821
150652677
150653654
150660273
150670211
150671715
150675015
150682083
150691043
150693184
150695698
150695859
150697486
150704380
150711861
150712423
150717332
150722684
150730342
150738484
150745377
150754149
150759174
150760091
150764553
150764944
150772914
150773408
150781415
150786069
150791980
150792102
150799857
150802476
150812138
150816001
150821333
150830703
150839691
150845341
150850635
150856464
150857464
150862798
150864925
150868786
150872072
150881136
150886726
150890731
150892609
150896059
150897117
150906477
150908483
150913123
150914659
150919628
150921661
150930098
150931564
150941191
150943201
150950131
150955600
150963663
150971857
150979214
150979350
150980426
150987855
150996885
151005423
151008515
151017206
151020819
151024075
151027450
151028979
151032830
151033611
151037670
151044047
151052550
151054667
151062248
151071463
151072636
151077509
151078003
151085830
151090362
151091713
151101278
151105825
151107044
151112826
151117045
151122473
151125398
151131515
151133711
151141667
151150198
151160003
151164803
151172890
151179282
151179569
151188858
151190144
151191627
151193316
151195259
151199937
151203231
151210216
151215102
151224246
151231756
151237591
151246980
151253299
151261133
151270602
151277157
151278424
151287527
151291318
151292629
151299995
151301838
151306737
151308777
151318532
151320654
151329679
151335494
151337923
151347454
151351782
151360503
151360650
151369007
151369711
151377484
151385105
151391501
151393938
151398737
151407549
151417542
151420336
151421886
151428195
151437372
151440781
151448242
151449112
151454633
151456931
151466863
151476774
151483586
151490349
151498761
151505534
151510993
151515501
151525478
151534869
151535341
151538651
151539513
151542571
151548899
151554873
151561137
151563641
151565990
151569791
151572640
151580605
151588546
151589292
151595036
151595311
151595350
151600628
151607832
151615100
151619269
151622051
151629835
151637233
151646377
151646584
151652255
151657981
151666196
151672866
151678348
151682188
151691395
151698319
151701318
151708080
151716180
151717700
151720610
151727841
151737212
151746592
151748439
151753196
151754154
151755414
151761230
151764117
151774105
151781854
151788290
151794417
151794865
151797515
151805168
151811395
151812362
151819882
151821132
151828264
151833526
151837276
151845032
151847939
151850821
151851499
151858222
151861089
151868917
151875935
151884657
151887166
151896892
151899253
151901980
151909980
151910580
151914418
151923297
151931057
151933481
151936654
151943085
151944103
151945537
151953621
151960388
151960707
151963940
151969511
151973423
151982430
151984577
151991198
151992816
152000490
152009019
152012364
152012898
152015738
152020376
152027499
152030638
152039262
152045668
152053525
152056450
152061715
152063485
152072577
152080730
152088548
152092438
152100143
152102232
152106100
152106484
152107739
152115432
152117071
152125966
152129605
152130264
152133779
152134710
152139873
152147004
152148404
152151712
152152415
152159315
152161478
152166677
152172442
152181993
152182367
152182903
152191959
152200622
152207669
152207691
152213159
152220241
152226204
152227645
152233099
152233763
152238781
152246655
152248674
152257769
152264903
152268610
152276163
152281456
152284181
152288952
152295615
152303393
152304133
152308678
152316879
152319724
152324723
152329519
152331781
152336094
152341875
152351705
152358135
152358393
152360390
152369812
152376724
152381588
152387473
152397280
152402238
152410361
152414640
152416958
152420074
152427097
152436113
152438871
152441063
152442240
152451113
152458930
152465445
152469195
152477494
152479303
152482066
152484029
152484874
152490842
152494621
152503711
152504277
152505960
152509934
152517940
152527033
152532923
152534300
152537630
152542390
152549142
152554884
152559228
152568333
152575762
152581417
152591071
152597831
152598250
152608092
152615328
152624262
152632478
152634328
152639381
152643336
152651261
152659186
152668849
152672378
152679644
152689177
152690436
152691472
152696288
152696701
152698263
152700147
152709442
152718835
152725142
152734572
152736107
152741385
152746780
152755406
152761534
152763506
152771599
152773263
152781828
152786231
152793244
152800315
152802720
152806047
152807673
152808955
152818417
152818545
152826713
152831254
152834358
152840912
152845036
152850495
152858643
152863684
152871148
152872041
152874659
152874769
152878935
152886219
152890405
152897326
152905942
152909050
152910874
152914933
152920483
152927745
152928344
152933171
152938703
152938870
152943689
152948260
152954293
152957644
152961985
152971958
152975751
152982714
152991440
152992869
152994089
152997461
152998254
153005292
153006397
153010930
153018960
153019298
153021349
153029486
153035776
153041195
153046769
153049070
153055110
153055619
153057841
153066106
153072915
153080792
153082708
153084244
153092647
153093534
153103305
153104131
153109297
153113934
153121084
153121394
153122519
153131752
153139032
153139950
153140825
153149435
153157952
153158755
153164143
153164213
153167430
153177283
153178787
153186731
153192525
153193496
153198985
153208494
153214477
153214791
153221770
153224457
153224905
153233658
153237594
153246865
153248115
153251538
153252303
153258976
153260599
153262898
153269375
153273817
153278093
153286764
153293567
153301550
153303357
153312009
153319901
153328542
153336201
153344878
153354340
153363550
153371408
153381040
153384634
153394271
153396331
153401536
153410740
153415674
153416836
153421882
153425433
153430836
153431732
153436845
153440167
153443860
153446537
153451759
153461271
153464179
153469360
153477733
153484482
153485518
153493349
153500611
153506295
153508652
153509759
153515178
153518021
153519796
153522305
153526318
153528397
153535062
153535885
153541979
153551809
153561039
153563519
153572698
153577164
153577236
153580948
153588415
153588537
153592016
153599279
153599793
153602713
153603727
153604082
153607468
153613819
153618470
153627116
153634342
153637592
153638045
153641088
153644056
153650874
153653643
153660323
153662022
153670577
153670729
153672133
153673966
153682367
153688209
153695511
153703057
153704115
153709163
153710708
153714419
153722697
153731650
153735466
153738839
153746419
153747974
153752128
153759266
153765078
153767825
153769987
153778920
153784091
153789358
153790156
153795723
153797138
153802367
153807649
153816386
153820453
153826502
153834437
153842436
153844288
153854062
153863418
153866715
153876697
153878653
153887349
153890186
153899142
153904558
153907359
153909299
153916892
153919099
153922572
153928158
153936908
153939997
153943253
153944517
153954496
153959395
153969004
153974336
153981013
153989592
153997338
154003457
154010346
154013362
154020599
154028622
154028628
154037799
154041351
154047294
154055058
154057635
154059424
154065129
154071420
154079194
154082511
154091495
154099804
154104173
154112845
154119614
154127903
154133911
154140323
154147211
154153110
154156113
154157948
154161657
154163453
154170971
154174807
154177237
154185028
154188611
154197701
154203471
154203551
154205509
154205520
154209648
154211202
154212652
154218416
154224285
154224689
154226157
154230121
154231976
154232287
154238079
154247813
154255757
154261249
154267186
154272706
154275851
154282536
154287149
154287830
154297653
154306575
154312373
154318407
154322521
154326922
154335732
154339082
154346253
154351979
154354300
154361281
154371193
154372649
154382507
154382731
154391168
154395980
154401256
154402481
154411259
154412123
154416036
154424684
154432237
154441301
154447080
154449743
154449764
154458637
154466080
154469199
154476207
154481951
154490523
154497642
154501260
154502844
154503050
154506662
154510869
154517000
154524154
154524935
154529199
154537976
154543805
154548570
154557742
154563787
154570745
154579870
154580485
154585498
154594647
154597730
154600183
154602883
154604288
154611080
154614416
154617024
154618890
154628399
154631810
154633663
154634256
154636563
154644897
154647909
154656023
154661741
154671123
154676759
154678802
154680906
154685261
154690597
154692756
154694699
154696301
154705846
154709279
154710005
154714673
154723936
154731273
154736239
154740812
154741355
154749603
154749991
154755330
154759646
154763964
154765634
154767606
154774504
154777241
154778113
154780922
154784984
154793888
154798310
154802835
154805381
154806495
154809862
154819677
154826522
154834952
154843585
154849834
154858487
154866853
154874024
154879601
154882907
154889147
154898575
154900708
154906315
154909217
154915644
154924009
154926721
154928371
154928657
154934956
154936185
154937625
154947082
154956210
154957279
154961138
154970502
154978822
154983650
154985948
154988252
154989273
154992481
154997216
155002433
155007416
155016389
155024913
155028843
155034130
155039827
155042250
155045403
155053857
155057846
155065184
155065827
155070842
155073319
155076852
155081459
155085999
155092829
155097284
155097784
155105774
155106615
155113563
155114356
155123965
155124649
155126329
155133656
155137368
155138783
155147624
155156798
155166566
155173624
155174988
155178902
155184476
155185307
155190903
155196152
155204989
155206674
155209471
155217222
155221845
155224307
155233382
155236917
155242667
155246374
155255241
155256757
155264263
155266552
155269011
155278882
155283341
155285816
155295371
155301523
155309389
155318260
155321538
155325349
155334854
155337228
155346938
155347199
155348016
155354529
155361274
155362737
155370030
155370409
155371465
155378698
155382116
155391425
155392544
155401192
155405840
155407301
155408080
155418006
155427632
155436633
155437494
155439932
155444333
155446371
155451611
155457350
155465480
155469866
155477646
155481351
155485536
155490001
155491157
155492689
155497655
155506368
155510833
155516171
155516501
155518625
155519321
155524696
155528386
155529925
155536291
155538070
155544805
155553539
155560916
155566510
155566779
155568793
155569048
155570145
155575365
155582818
155591635
155592897
155594937
155596012
155602536
155611421
155618837
155627664
155631061
155631228
155634117
155634715
155640710
155646512
155653002
155660168
155666255
155670800
155671535
155676576
155682598
155690177
155692984
155694309
155703588
155706271
155714513
155720982
155723124
155728448
155732277
155732778
155742775
155746280
155753271
155753770
155757416
155764937
155766962
155772041
155772931
155781087
155783758
155793299
155801117
155804644
155808815
155810050
155817148
155825567
155829682
155831076
155833939
155842660
155843629
155844262
155853792
155861126
155862838
155872007
155881235
155885077
155893886
155901751
155904553
155912477
155915765
155925242
155934256
155939059
155947400
155951342
155960478
155966533
155968587
155970424
155979401
155979786
155979847
155982578
155985057
155986156
155992898
155993046
156002534
156005053
156009824
156017379
156020213
156020580
156026924
156033510
156042506
156042580
156045178
156047671
156052914
156056939
156066768
156067214
156076415
156083923
156090624
156090884
156099378
156105822
156113966
156121825
156126307
156133482
156135019
156137338
156137604
156146028
156148851
156150556
156155034
156160953
156162390
156169179
156177533
156183265
156186912
156191125
156200445
156207920
156213973
156214413
156223008
156226803
156235226
156242575
156250450
156253502
156256041
156260345
156267083
156271745
156277032
156278159
156285267
156290787
156293100
156300334
156303460
156304814
156309045
156317926
156324992
156330520
156330581
156334604
156339028
156344773
156346500
156353724
156359012
156359515
156360429
156367700
156372212
156373353
156380099
156386380
156390139
156398294
156403803
156407151
156413523
156418451
156424185
156426430
156435201
156443778
156446781
156452344
156458001
156461859
156470987
156474190
156482492
156489238
156491455
156496560
156504736
156505278
156505849
156508679
156514218
156524005
156529633
156538008
156546785
156549540
156551001
156558688
156560330
156562725
156570715
156573868
156582306
156585199
156591080
156600814
156606631
156611027
156613136
156616762
156618805
156626422
156628601
156630449
156631764
156639745
156649257
156656618
156660698
156668218
156669055
156674287
156677418
156681577
156685601
156685747
156686757
156689412
156689755
156698061
156700400
156705376
156706728
156708263
156713094
156713765
156715458
156720931
156728624
156733153
156737758
156747295
156753451
156763287
156766921
156773425
156782010
156791953
156798480
156807749
156811982
156821738
156822272
156830675
156835950
156836398
156841237
156848217
156858188
156866423
156871934
156879829
156884980
156886391
156890738
156891696
156896026
156902720
156911835
156917026
156925837
156931833
156935686
156944304
156944460
156954413
156954754
156962423
156971323
156980229
156981789
156989003
156995375
156998884
157004624
157006646
157015119
157020863
157028180
157035025
157042022
157049737
157055341
157059349
157068600
157069275
157070781
157072788
157075048
157083672
157084952
157086799
157091384
157095895
157101979
157104434
157111795
157112970
157117141
157122960
157131665
157136262
157136644
157145517
157151678
157159898
157168655
157177052
157181423
157190194
157193509
157203092
157212925
157222913
157225674
157231089
157231478
157237957
157240377
157250092
157259221
157265535
157268292
157270814
157272613
157272919
157278225
157279893
157283312
157293104
157297794
157304963
157308267
157315108
157317086
157321319
157328991
157333010
157336508
157339695
157344066
157344338
157349467
157357018
157361519
157366103
157367662
157372217
157379788
157389693
157396793
157403780
157413625
157415510
157419562
157421917
157425889
157431178
157437363
157440597
157440751
157449425
157452310
157453236
157455876
157464644
157466931
157469303
157478992
157484842
157485987
157493389
157500256
157509853
157511071
157517738
157524009
157526517
157533933
157534465
157539490
157547193
157547921
157553921
157557769
157565880
157566461
157574322
157582149
157583319
157583367
157589183
157589228
157591438
157598309
157598559
157608502
157615328
157622500
157630891
157640117
157649296
157655390
157657195
157663852
157665931
157670711
157674364
157679201
157682218
157688825
157694504
157701838
157709895
157716994
157725262
157727980
157734973
157738089
157745568
157749325
157751982
157753333
157762371
157763423
157766243
157772566
157776328
157778856
157782343
157782723
157790669
157795788
157804193
157811843
157816241
157823979
157829551
157831433
157836402
157840910
157844694
157851995
157861844
157868241
157870109
157875150
157884719
157889904
157895047
157904375
157907965
157913150
157921323
157923767
157931774
157932988
157940309
157940406
157943341
157946128
157952725
157953872
157957773
157963422
157964724
157973345
157982139
157983931
157989866
157991688
157999998
158004829
158013910
158018837
158027242
158034530
158038684
158046545
158050924
158054756
158062720
158067436
158069691
158079584
158081464
158086519
158094830
158097665
158105545
158115199
158122872
158125119
158128549
158134492
158138812
158141515
158142694
158150231
158156194
158157140
158159221
158165568
158172579
158175201
158176452
158180019
158185401
158191663
158195725
158195736
158197521
158206121
158206149
158209335
158214903
158216712
158224822
158226898
158233477
158233900
158239036
158242456
158250206
158259442
158262367
158264991
158266146
158267824
158277505
158279579
158283980
158289688
158292510
158296481
158297224
158303567
158305650
158313143
158316891
158324967
158331770
158334429
158341405
158350567
158357373
158366535
158374509
158374770
158375974
158377138
158384893
158388253
158388545
158391961
158397486
158401209
158409650
158419265
158420212
158420287
158424879
158424946
158430647
158439550
158447637
158449403
158451593
158457762
158466384
158475497
158479817
158482867
158486809
158496572
158504738
158510961
158513562
158518510
158528075
158537335
158541276
158549639
158552758
158556472
158563119
158567368
158570283
158579706
158585097
158587222
158587815
158597143
158603883
158604178
158612148
158618360
158619892
158626756
158633510
158635693
158638916
158643802
158646908
158651931
158655023
158657851
158667637
158674795
158682852
158691940
158696201
158704312
158704762
158713409
158721840
158723123
158729737
158734447
158736055
158736585
158740202
158746037
158754962
158759652
158768219
158773687
158773802
158776785
158782242
158790696
158792873
158794740
158802227
158804301
158812685
158812797
158817872
158827436
158832315
158840416
158842255
158848550
158852793
158859047
158863657
158864017
158870827
158872449
158875934
158882910
158886844
158891347
158898305
158899881
158900638
158902849
158903379
158913054
158913890
158917565
158927428
158930679
158940608
158949698
158951241
158960581
158969093
158976299
158983211
158984498
158988671
158993850
159003398
159013343
159022789
159032215
159037424
159042672
159051760
159060881
159070531
159075757
159084141
159088739
159094481
159101395
159106876
159109974
159110035
159114603
159123243
159132993
159137674
159144580
159149496
159158268
159163515
159170815
159180387
159186183
159186566
159186608
159194751
159197062
159202216
159210555
159214898
159216395
159222882
159232781
159234239
159240813
159244552
159248385
159257179
159259923
159260253
159262151
159264550
159273389
159283135
159293025
159295370
159298535
159305536
159313680
159316816
159317979
159326014
159334668
159339221
159347700
159350623
159358052
159358703
159368148
159369842
159374182
159377035
159385885
159389601
159399317
159400069
159403954
159407889
159409473
159412487
159415246
159416452
159423775
159424908
159426808
159430502
159437039
159443185
159447058
159455580
159462372
159472300
159477229
159478189
159487933
159495608
159505559
159514566
159517542
159524778
159526365
159528889
159531671
159534046
159541386
159542583
159551873
159552526
159555512
159556114
159559856
159565903
159573297
159573378
159580485
159588659
159592786
159599617
159608492
159616722
159619211
159626740
159631628
159639462
159641139
159644557
159654229
159659449
159660294
159660784
159664909
159671382
159675349
159683603
159691900
159701517
159708876
159710540
159719657
159723147
159724429
159730142
159734412
159741792
159743743
159744884
159749293
159758071
159759567
159764003
159764667
159770325
159775807
159781745
159787256
159797157
159801024
159804987
159812084
159821568
159829876
159839309
159847246
159854959
159859748
159864874
159867156
159873172
159879828
159884837
159890379
159892604
159900445
159908096
159910881
159911740
159920517
159928472
159937408
159947366
159951612
159953064
159960147
159968788
159973346
159976064
159977053
159978434
159985316
159994914
160003952
160013687
160019722
160025819
160029821
160035201
160035508
160039234
160044257
160045426
160054634
160055196
160060605
160067273
160074646
160075854
160078472
160078763
160080525
160088368
160093865
160095354
160099296
160102380
160112085
160113678
160117547
160122968
160123913
160130403
160136995
160139925
160145949
160152608
160156101
160156582
160165787
160174429
160180669
160181840
160190033
160197991
160201112
160202359
160208807
160211943
160215169
160220654
160229102
160235027
160238836
160246955
160250627
160259472
160260423
160269314
160270345
160277143
160282922
160287846
160290855
160296357
160303428
160310837
160314894
160319052
160324544
160325153
160328320
160333862
160337093
160342930
160349829
160355830
160361980
160365301
160374790
160381079
160390785
160392033
160392525
160402372
160408855
160414557
160419489
160424485
160430293
160434591
160439652
160442285
160445643
160452765
160457056
160457442
160461829
160466454
160471165
160472655
160481398
160489675
160492775
160493292
160495161
160497165
160503611
160504520
160506863
160514614
160518980
160528104
160535015
160542206
160549236
160557436
160562819
160572744
160573205
160582958
160583757
160585410
160593813
160601543
160603082
160607685
160609052
160610546
160620221
160627145
160628031
160630863
160631562
160639072
160645311
160645633
160648985
160658734
160662021
160664298
160669142
160676550
160679428
160686675
160693910
160697510
160701077
160708139
160712376
160715288
160722643
160724104
160725628
160728979
160731033
160739303
160740396
160744354
160745005
160754985
160758863
160763087
160766245
160771909
160778828
160786068
160788986
160796314
160800205
160804206
160805111
160810320
160819492
160826536
160833453
160836552
160839975
160843238
160853174
160862814
160868284
160868426
160875759
160885208
160891893
160896470
160905926
160909370
160911148
160915042
160920047
160925530
160932995
160938103
160946059
160950207
160955064
160963440
160966015
160970689
160971733
160979943
160980636
160984569
160991511
160997728
161006404
161006850
161013305
161020018
161029778
161035802
161045271
161048087
161051717
161060992
161066027
161067944
161069232
161069621
161076098
161080402
161083955
161083961
161084100
161090775
161091839
161100744
161106454
161106631
161115251
161115501
161120827
161123638
161129627
161132204
161137145
161143263
161149183
161155426
161165143
161174806
161176482
161182271
161182498
161192411
161198028
161205960
161206408
161213031
161215832
161217979
161223585
161229745
161234117
161235727
161242906
161248095
161252258
161261820
161266430
161271983
161275644
161280128
161284617
161285087
161293679
161298884
161304965
161312076
161316702
161324731
161331641
161339064
161344255
161348808
161349372
161355941
161356423
161361707
161369705
161377560
161377813
161387266
161396908
161399918
161408335
161410187
161417902
161420388
161430015
161433659
161437434
161445402
161452186
161453526
161460930
161468039
161473102
161480576
161490193
161490449
161498811
161500863
161509894
161511269
161513296
161515861
161523289
161530794
161533294
161539295
161541668
161550972
161560384
161567847
161572199
161577187
161584553
161594419
161603146
161610466
161616036
161622440
161630380
161639936
161646266
161651066
161651219
161655775
161663294
161670372
161677899
161678696
161680423
161689030
161693798
161697380
161705611
161711484
161718785
161724990
161732900
161733908
161735752
161739844
161747854
161751600
161754669
161756859
161759957
161766251
161774327
161780284
161789943
161799686
161801454
161805481
161813200
161817277
161826336
161836068
161838577
161844922
161847569
161855384
161856563
161859688
161863708
161863711
161870767
161877653
161882605
161887535
161888057
161892345
161900771
161901722
161904770
161911939
161914359
161918813
161928793
161935187
161941832
161947457
161957213
161967002
161971588
161971939
161978996
161988590
161993207
161997507
162005243
162013738
162021601
162030012
162033427
162037871
162039848
162041258
162048213
162056975
162058360
162062465
162069613
162078980
162082123
162084510
162087736
162089271
162092041
162095713
162102070
162112038
162112777
162113271
162121586
162130434
162134582
162139657
162140275
162142309
162151615
162152975
162162258
162167175
162168949
162177456
162184844
162192199
162192516
162194594
162195655
162199063
162203431
162207709
162215230
162221841
162223875
162231765
162234060
162240815
162246303
162255185
162264501
162273447
162283022
162285598
162287791
162295248
162304091
162306207
162313172
162322108
162331356
162340740
162345648
162346032
162354154
162361575
162363988
162373712
162382017
162388880
162391606
162396356
162397864
162403735
162408754
162412354
162417297
162427065
162436098
162440692
162450354
162458029
162462266
162468416
162474530
162478764
162485146
162493818
162494344
162503068
162508603
162513537
162517236
162518420
162522677
162528507
162529454
162532093
162535392
162541856
162545153
162552410
162557417
162558845
162567209
162573910
162583012
162584694
162592821
162600981
162607562
162615132
162619110
162621629
162630257
162636500
162638327
162644249
162651486
162652638
162660115
162665293
162674028
162680297
162683245
162691560
162694136
162694320
162696690
162706641
162715829
162722992
162728170
162736829
162740666
162743125
162752988
162760432
162762227
162766905
162775967
162784506
162785569
162794690
162798584
162807760
162815703
162825000
162827250
162828258
162829702
162838932
162841834
162850297
162850560
162858291
162859924
162868864
162873241
162883152
162885780
162894102
162895285
162902807
162902856
162911947
162913280
162921702
162922218
162928463
162937456
162947203
162952233
162959369
162962010
162970167
162978302
162978902
162985377
162989121
162995122
162996522
163000770
163003934
163011960
163019393
163023502
163033367
163034675
163035229
163036406
163038272
163047817
163049876
163055460
163056834
163060141
163065561
163067517
163071956
163072294
163073943
163083490
163091247
163092931
163093153
163100583
163101253
163102838
163102887
163103536
163109194
163118775
163121550
163130677
163135611
163135721
163144703
163154338
163155819
163158448
163162861
163164230
163166091
163173628
163183339
163186561
163189507
163198664
163200626
163205069
163210687
163215336
163222002
163229725
163230512
163230668
163234530
163239205
163241094
163245718
163255571
163256205
163258787
163260661
163268426
163271425
163276013
163283955
163293086
163302674
163304681
163305068
163311586
163312920
163314723
163321356
163323502
163325678
163333986
163335845
163337605
163343518
163348388
163354987
163358963
163359368
163365081
163371689
163374858
163375479
163381280
163383855
163393191
163399448
163399969
163401751
163404954
163414118
163419231
163425169
163432960
163433349
163441831
163447509
163452966
163456429
163456494
163464927
163466043
163475648
163484544
163491867
163492015
163499715
163503616
163507798
163514735
163520602
163520886
163524354
163528808
163531576
163534888
163535242
163537214
163542741
163544478
163549850
163557793
163562333
163565884
163573930
163581901
163589003
163596801
163599179
163599775
163601586
163603949
163612501
163621213
163624199
163626595
163631486
163634911
163640347
163641828
163645675
163647441
163654746
163660497
163663486
163671305
163679552
163686706
163696706
163702972
163703636
163707109
163711367
163719362
163725077
163732633
163737018
163743136
163751686
163752520
163757849
163766797
163771806
163778403
163784302
163792934
163802322
163807653
163815390
163823931
163824624
163830462
163835115
163839337
163843346
163851160
163854133
163859378
163865502
163868206
163874247
163883934
163885990
163895915
163903178
163910923
163911041
163915712
163922795
163931626
163938991
163939481
163941556
163943090
163952571
163957617
163961475
163970722
163974444
163984038
163992645
163994797
163997413
164001762
164006420
164012963
164014027
164017256
164024285
164033431
164033462
164034791
164044635
164051519
164056329
164064244
164072880
164078133
164080921
164082311
164082434
164082581
164090782
164096734
164103921
164104337
164106050
164114978
164120094
164125305
164128257
164136162
164138462
164148283
164157168
164162823
164165060
164167612
164175859
164180834
164189473
164199337
164204136
164207208
164208880
164213080
164218217
164223610
164225240
164230048
164237394
164240495
164244625
164253641
164257677
164263055
164267505
164269016
164269698
164270341
164272499
164282327
164287059
164294504
164304100
164312533
164321317
164329773
164333928
164342708
164349753
164358811
164362835
164367473
164373421
164382704
164389276
164391712
164401129
164410763
164413613
164423271
164428186
164428635
164436827
164442926
164449581
164450198
164458868
164467281
164471418
164475357
164481799
164482673
164492652
164495882
164502961
164508859
164516055
164523559
164527768
164533323
164541600
164543407
164544961
164550058
164554144
164555977
164558643
164568019
164568709
164576214
164582505
164584108
164587787
164593011
164594500
164598173
164601150
164606527
164611976
164621238
164630826
164640565
164646383
164651297
164656942
164663203
164667062
164672644
164676348
164683956
164686327
164691794
164699728
164699951
164701131
164703040
164711738
164713852
164713931
164722865
164723775
164730232
164735010
164741124
164746890
164751108
164752476
164753259
164755618
164759835
164765305
164767687
164777370
164784480
164794461
164804105
164808111
164809684
164812899
164817391
164819234
164826920
164833639
164834566
164839348
164846520
164852559
164855850
164863607
164870788
164872363
164876199
164883265
164891503
164898990
164906118
164911434
164913517
164913596
164920290
164926589
164935427
164944423
164949525
164953601
164962921
164964184
164969437
164972990
164974595
164979816
164986199
164987208
164988061
164988849
164992530
164993402
165001842
165008815
165012515
165020282
165023111
165024358
165027826
165030289
165030395
165039638
165048393
165052675
165055402
165057587
165065954
165071623
165077705
165081956
165088589
165096484
165098262
165101995
165103151
165107007
165114194
165117077
165119821
165126111
165135395
165142554
165144466
165152358
165155295
165160988
165162113
165167840
165174088
165179391
165184027
165192514
165200597
165208607
165209579
165216652
165225474
165230484
165234594
165240098
165240266
165241637
165243630
165249241
165254015
165259912
165267003
165274790
165282961
165286874
165290221
165299819
165301811
165308441
165311017
165316837
165318873
165319490
165322234
165327199
165330223
165336036
165340423
165348571
165352706
165353224
165362490
165366051
165375145
165383195
165393080
165400136
165407793
165411474
165419204
165427446
165437277
165440473
165448577
165455546
165458909
165461861
165470620
165471170
165473053
165477710
165480589
165488428
165497854
165499340
165503938
165512201
165517961
165520246
165521146
165528673
165536909
165538302
165546028
165549793
165559762
165567457
165568582
165576299
165585347
165586255
165587647
165588097
165593658
165596668
165604210
165611874
165614694
165622613
165627925
165637638
165645464
165648251
165654543
165656659
165662771
165670596
165671903
165679096
165682310
165684750
165691540
165694023
165697177
165701626
165704535
165711236
165717600
165719916
165722729
165728575
165729754
165730909
165739500
165741217
165747951
165756361
165759688
165760986
165766202
165767677
165770095
165773744
165778741
165780276
165789480
165796523
165797339
165801057
165810258
165818540
165819062
165824906
165828862
165836708
165845174
165849407
165859250
165861185
165868922
165876451
165878732
165883010
165891293
165894453
165903937
165907298
165907380
165912459
165916728
165917723
165921379
165925396
165928064
165928874
165935437
165941869
165944109
165950933
165951820
165955633
165958472
165963063
165964271
165966463
165973657
165973660
165981839
165989179
165998034
166005292
166010906
166012003
166016356
166017204
166024720
166028344
166033130
166036720
166037385
166044231
166052336
166052629
166059074
166059127
166060221
166062563
166071551
166073629
166083394
166091328
166099026
166100493
166107992
166109320
166116454
166117809
166118130
166121256
166123474
166128812
166130542
166139606
166143910
166149595
166155881
166164610
166168425
166171744
166176001
166180556
166182533
166188167
166197488
166206573
166212127
166216807
166218090
166223609
166232791
166242203
166245460
166248295
166253094
166262989
166270585
166277845
166282950
166286047
166289206
166296761
166299848
166309179
166311520
166313200
166316849
166317095
166321371
166325433
166330824
166331855
166338112
166347204
166354289
166361572
166366170
166366572
166370088
166374694
166378347
166383971
166387052
166391960
166392215
166393099
166400457
166402839
166410621
166418544
166423944
166430673
166439406
166439856
166448674
166449148
166453908
166455595
166455665
166462757
166467628
166472097
166480334
166485684
166493525
166500192
166503224
166511677
166519927
166527642
166535483
166537164
166538209
166539801
166547550
166554463
166554874
166559095
166559587
166567679
166574831
166580329
166585936
166590214
166595060
166598893
166602162
166607387
166615152
166623917
166626739
166629215
166638655
166642697
166646560
166654021
166654182
166664041
166671117
166675855
166685427
166695110
166701219
166701561
166704693
166710114
166713447
166722030
166723388
166727501
166730139
166733199
166736250
166741148
166749260
166757684
166760955
166761105
166770188
166775360
166779823
166782161
166791705
166793710
166797114
166798355
166804962
166814363
166823697
166832241
166840397
166847227
166847256
166849844
166858866
166862806
166870353
166875383
166879297
166883027
166890509
166898132
166898320
166901141
166901661
166903286
166905349
166906210
166913020
166921563
166931501
166941030
166946833
166950851
166959775
166962979
166970981
166976097
166977991
166980280
166985005
166991838
167001027
167002815
167006498
167015301
167018627
167024841
167031100
167034353
167037504
167038188
167045403
167055398
167057848
167062413
167068745
167076355
167076762
167078545
167081843
167083464
167083695
167087180
167090759
167094202
167101520
167107920
167114891
167114916
167115078
167123373
167132922
167135825
167137278
167137569
167140188
167142588
167144827
167149034
167155886
167162147
167164837
167167586
167171842
167181097
167188848
167191859
167199403
167202327
167207327
167213207
167221429
167231266
167238108
167246815
167248768
167255813
167263258
167271577
167280524
167282968
167292654
167295081
167303114
167309061
167309207
167318339
167318482
167323138
167330411
167336027
167342706
167350225
167354152
167362939
167368657
167377358
167379557
167387109
167390707
167390848
167391828
167401295
167407627
167414709
167416828
167418991
167419470
167421950
167429651
167431235
167437541
167447142
167453072
167460673
167465785
167467165
167469857
167471291
167475388
167480511
167481299
167481913
167484363
167485814
167486594
167492842
167498526
167502669
167503515
167508959
167509623
167516117
167519027
167524783
167525508
167530536
167540025
167549375
167556699
167563130
167569191
167575102
167576008
167584278
167592110
167600669
167603365
167603598
167613242
167618817
167627641
167633798
167640694
167643314
167645007
167646832
167650545
167655317
167662920
167669880
167679342
167684647
167691032
167699464
167700898
167709210
167717846
167721105
167724462
167732757
167741197
167744303
167752177
167754880
167762536
167769148
167775308
167776472
167777095
167782850
167785796
167788722
167792474
167792817
167798514
167801655
167811119
167812179
167816296
167826096
167834476
167835414
167841419
167850579
167854125
167860735
167861193
167867128
167873533
167882743
167890180
167893415
167899371
167902557
167907217
167910908
167920216
167926442
167935732
167945022
167950607
167952154
167952805
167953034
167954464
167964378
167966694
167972543
167974194
167977243
167983000
167985073
167985331
167988770
167996231
167996326
167997438
168000960
168002387
168006260
168007576
168017239
168018529
168022571
168023462
168033308
168037997
168043573
168053426
168056088
168058753
168064857
168074747
168084295
168089835
168093252
168095397
168095570
168099283
168105942
168111492
168120488
168120680
168121264
168126316
168129047
168137961
168143976
168149592
168152150
168159578
168160930
168165079
168173004
168177162
168183342
168187376
168191630
168193098
168202926
168205496
168212080
168219612
168225477
168231384
168234989
168238403
168247818
168250214
168259694
168264838
168267739
168268900
168272916
168282468
168287329
168287720
168291199
168298668
168306334
168306932
168310093
168314011
168323286
168323412
168332830
168342551
168348330
168352602
168355779
168363333
168368523
168375180
168375850
168376369
168383073
168388426
168396925
168406412
168407657
168417454
168420527
168420779
168422675
168424027
168433515
168440127
168447512
168454143
168463126
168468967
168471307
168476486
168485415
168490113
168497753
168502345
168504580
168512083
168518929
168520040
168529171
168530578
168537636
168544511
168550113
168553976
168557906
168563703
168564433
168566148
168575654
168584774
168584821
168590145
168596493
168605868
168615329
168622966
168623582
168627000
168631570
168637336
168643255
168652278
168661748
168664108
168668020
168670805
168671311
168672995
168678919
168681812
168689956
168698945
168706115
168713129
168715078
168719890
168720487
168729982
168733830
168740263
168740832
168741696
168747518
168752547
168753284
168757805
168767624
168770644
168776516
168777985
168784888
168790172
168790307
168795306
168802080
168803764
168811401
168821120
168829069
168829706
168838075
168846381
168849836
168855031
168863243
168869870
168878241
168883542
168891688
168900095
168907767
168913638
168918295
168924662
168924870
168926391
168934360
168941335
168942685
168944355
168948426
168953232
168954842
168957537
168962024
168969545
168972755
168980757
168982682
168990754
168991846
168993444
168995507
169003172
169011721
169017914
169022756
169031333
169038286
169040010
169049596
169052978
169054501
169062539
169064079
169069727
169078761
169084414
169094072
169101852
169108828
169112381
169115892
169124888
169126636
169128159
169136173
169140676
169150442
169154028
169161278
169162308
169169629
169172403
169179723
169183179
169186964
169196889
169201523
169206388
169208412
169212777
169220690
169227324
169227696
169231955
169241363
169247802
169252315
169259291
169268252
169269714
169270721
169274443
169281017
169287883
169293661
169299394
169308532
169314624
169316256
169321533
169327175
169331151
169332376
169339503
169345685
169350716
169355607
169363703
169368456
169370663
169375644
169378398
169381170
169388013
169391358
169400987
169403528
169408218
169417905
169421366
169422610
169423275
169423814
169433387
169437252
169441816
169451140
169451871
169455007
169456534
169459595
169463383
169470487
169478870
169484555
169490452
169492438
169498560
169498649
169508441
169512400
169519568
169522219
169524529
169530269
169532686
169533973
169535143
169537638
169541012
169549912
169551731
169553988
169557661
169566957
169573752
169582821
169587229
169591078
169598151
169602807
169607708
169611613
169621001
169628989
169637990
169640516
169646394
169649927
169651977
169655861
169658687
169667440
169673592
169675639
169676602
169679300
169685249
169689677
169697436
169700979
169704312
169709337
169710501
169720044
169727598
169734342
169742201
169751571
169759492
169768836
169777788
169786653
169787574
169788290
169789066
169798525
169803704
169810507
169816664
169825284
169826640
169827215
169832860
169835765
169840113
169840169
169848326
169849085
169851863
169856586
169858033
169864176
169865011
169871594
169871904
169875545
169881685
169888882
169897029
169902749
169907860
169911580
169913420
169922656
169925591
169931131
169939864
169949245
169951179
169958347
169965340
169966151
169974801
169984113
169988111
169994585
170001614
170009731
170019524
170020821
170027336
170035126
170043406
170045191
170047151
170049608
170056230
170060318
170061449
170066137
170072535
170079054
170080736
170086758
170093403
170102093
170108006
170117268
170123379
170130083
170135964
170138407
170145113
170152824
170156522
170157092
170161273
170167028
170176093
170184939
170190403
170197696
170204732
170206488
170206988
170211744
170212100
170212819
170217076
170224535
170229268
170231500
170237175
170241602
170242601
170251526
170261313
170263715
170266716
170268349
170278170
170278624
170281591
170282941
170289368
170293943
170295452
170302565
170308854
170313012
170315034
170315589
170316104
170324830
170325196
170331279
170331959
170340746
170347389
170347961
170348399
170355313
170362316
170363380
170369619
170376835
170382814
170383936
170389318
170396939
170399369
170403467
170406949
170410266
170412844
170417698
170419423
170426381
170427654
170432947
170435901
170436676
170438614
170442730
170447239
170454978
170460795
170464091
170465425
170470605
170472164
170476506
170483782
170493676
170501522
170504348
170505456
170508575
170515339
170524280
170527243
170533384
170540047
170542500
170543600
170550268
170551955
170551995
170558873
170567388
170567687
170577330
170577366
170582047
170588074
170592154
170597568
170605544
170610631
170617667
170622502
170627902
170632507
170635741
170636679
170641308
170648672
170654267
170661416
170668748
170672705
170682169
170683687
170691766
170695039
170695673
170700101
170709906
170712132
170717519
170719575
170722613
170730505
170737998
170738233
170739814
170743881
170746875
170748404
170750382
170757794
170760535
170762151
170769293
170773752
170778959
170785816
170786058
170792545
170798366
170807431
170810076
170819340
170826576
170832767
170838572
170842156
170849756
170851653
170857066
170865934
170867764
170872559
170881554
170888535
170893148
170902590
170910917
170915576
170920054
170922042
170928930
170930910
170939047
170942327
170945268
170955058
170959520
170965762
170967236
170968711
170974681
170984464
170991103
170991935
171001756
171004104
171011301
171016247
171023589
171026016
171027243
171031695
171037444
171040160
171048369
171055239
171058925
171068917
171071735
171071987
171074313
171083404
171083433
171089514
171093078
171102444
171102540
171111970
171112104
171121651
171123042
171128150
171135495
171137604
171144590
171149500
171155622
171161549
171163866
171167665
171170105
171174754
171177269
171179449
171179898
171189413
171191019
171198330
171198405
171203137
171205701
171212388
171217766
171220885
171222409
171226137
171232772
171236868
171239004
171239174
171247263
171254762
171257786
171265180
171266485
171272043
171274899
171278290
171286777
171291793
171297862
171302450
171307837
171316242
171324950
171333935
171341709
171344481
171349787
171350524
171353100
171355451
171365106
171370706
171378858
171387434
171391534
171395985
171405439
171411048
171418495
171427842
171428588
171438245
171440101
171448163
171449924
171451132
171451947
171455135
171457102
171457703
171460640
171464627
171473361
171481700
171489671
171496580
171498186
171503819
171505170
171506344
171515303
171519819
171519854
171522918
171529142
171530204
171538557
171546048
171554857
171561698
171563854
171570835
171571732
171577585
171587246
171594205
171596909
171602397
171612217
171617219
171621796
171623375
171629573
171638432
171644293
171648956
171649864
171655958
171664720
171674612
171674618
171676722
171683172
171688606
171697781
171700658
171709153
171715720
171721301
171724235
171727008
171731508
171738395
171740361
171746240
171750949
171755184
171758891
171760617
171763335
171770286
171773551
171774805
171782609
171786250
171790800
171799831
171804395
171808573
171809700
171816564
171823162
171825829
171834557
171844204
171851158
171853453
171860464
171869661
171877168
171885783
171891166
171901153
171905426
171914150
171919624
171923102
171924095
171933667
171941463
171946145
171951562
171953618
171955950
171959246
171961006
171969904
171976065
171985245
171994560
171997620
172001252
172011145
172015260
172020188
172021411
172029050
172032040
172034402
172042473
172044659
172045773
172055405
172062621
172071873
172074953
172077218
172081577
172085402
172090429
172097488
172100607
172105865
172110543
172118368
172124006
172125610
172130097
172136522
172142902
172151322
172156192
172163031
172169485
172175844
172184886
172190836
172195375
172196079
172198510
172203515
172205768
172208535
172209916
172212340
172219274
172224001
172229931
172237484
172240643
172240945
172245905
172255097
172260651
172266454
172272736
172276022
172279842
172280173
172282763
172286718
172293298
172300998
172304058
172310082
172318532
172326784
172335815
172344677
172344931
172349772
172352237
172352747
172361376
172362842
172371414
172379667
172381140
172383345
172386087
172392002
172393800
172393845
172395987
172402151
172404778
172409859
172418915
172427459
172428739
172432608
172441337
172443949
172445267
172453581
172454789
172457363
172461893
172462039
172470815
172477110
172480551
172486057
172489415
172498238
172507339
172512475
172519491
172523402
172528136
172533862
172534228
172539252
172543748
172544555
172553762
172563055
172570375
172579546
172588817
172598435
172599069
172600922
172610832
172612755
172621522
172627670
172637507
172637611
172643104
172646918
172656647
172659889
172666537
172666826
172668808
172671113
172676818
172686765
172689139
172689980
172691974
172698214
172704492
172705759
172708486
172711480
172716297
172720712
172729560
172731215
172735735
172738930
172745086
172752547
172754403
172757691
172763987
172772569
172778659
172785656
172788321
172790328
172797809
172802902
172810507
172811735
172818040
172819427
172828984
172830405
172837483
172838670
172843935
172852003
172855776
172857884
172858743
172859974
172862459
172863463
172866794
172870172
172871595
172880387
172881988
172890425
172897496
172903564
172903679
172904986
172908198
172916255
172922438
172924146
172929673
172937426
172943401
172951959
172958571
172958611
172959315
172959836
172967313
172969895
172975439
172984384
172991219
172992466
172996700
173002183
173010552
173016304
173021930
173030315
173036912
173044323
173052010
173052548
173061876
173062283
173064797
173074310
173081348
173084790
173089193
173098264
173105634
173105947
173108184
173113852
173118601
173128254
173130528
173135319
173136859
173142557
173148627
173154234
173158516
173166543
173172262
173177885
173183053
173191822
173196019
173201839
173204349
173211833
173214331
173216037
173216074
173216821
173221741
173227625
173230209
173232101
173240382
173243479
173246082
173249487
173258185
173261222
173265369
173271531
173272093
173277710
173278959
173286742
173291519
173291692
173295988
173304847
173308989
173314405
173316064
173316838
173321305
173329996
173335153
173342407
173348321
173351484
173351593
173360979
173367128
173370352
173372618
173374838
173380680
173383127
173384406
173390043
173397214
173399128
173406600
173412916
173417107
173419613
173419749
173421989
173426987
173427896
173436274
173443912
173448902
173448918
173451007
173455207
173462564
173466296
173470145
173474929
173482261
173491156
173494165
173501026
173501180
173501929
173508668
173517968
173525652
173526049
173527376
173535866
173538277
173544126
173547294
173554166
173562605
173566057
173569861
173578185
173582880
173591202
173593914
173594577
173603397
173613027
173616255
173619454
173626364
173628334
173635469
173640263
173649634
173653724
173655225
173661507
173671096
173680176
173682823
173684169
173686453
173693772
173701928
173709025
173714730
173723997
173726276
173729312
173732003
173735479
173736434
173743208
173749332
173749864
173755656
173763345
173769859
173776989
173783064
173785962
173786469
173792246
173796856
173804422
173804533
173813377
173817216
173817329
173824845
173829649
173834483
173840441
173843928
173850073
173855365
173861795
173864525
173869766
173879688
173885543
173885999
173894009
173898384
173903425
173912758
173915892
173922107
173931426
173933000
173936456
173937827
173940476
173945941
173947118
173950002
173959098
173967471
173972725
173975934
173984218
173989175
173994694
173998884
174006149
174008730
174009510
174017060
174026948
174032376
174032797
174040763
174042537
174050258
174053686
174058578
174064255
174065236
174069880
174078276
174086646
174087922
174091210
174091875
174096720
174106388
174106428
174115041
174119448
174127997
174131862
174134879
174136201
174140878
174146594
174147465
174148277
174154971
174162630
174163818
174172580
174173568
174179831
174181365
174186806
174193979
174194337
174198407
174202150
174211175
174214074
174215033
174216048
174223083
174229434
174237923
174238573
174239031
174242342
174242960
174250172
174257696
174264945
174265152
174272305
174277491
174279578
174287534
174290737
174295091
174296224
174297358
174305935
174308082
174310727
174311030
174316503
174317342
174322092
174331222
174332843
174337486
174341533
174351269
174353383
174362198
174368912
174372271
174372635
174378358
174381568
174390119
174399038
174406455
174414846
174424101
174429093
174438848
174442512
174445134
174453854
174457971
174466976
174469855
174471658
174473369
174475014
174475723
174478398
174484838
174489891
174496241
174503963
174508206
174510890
174517247
174519976
174528483
174537913
174539588
174540255
174546561
174551229
174560863
174565183
174565521
174571079
174577659
174580464
174589186
174589381
174595109
174600808
174607167
174613229
174621798
174630371
174633676
174643614
174644698
174649163
174656978
174662935
174672237
174678293
174684468
174694080
174701675
174708113
174709925
174710440
174716078
174724159
174732662
174741752
174746811
174750509
174753270
174756560
174762717
174770317
174775844
174777207
174785976
174790611
174797397
174803924
174804894
174813178
174821916
174825889
174832969
174841273
174843471
174848371
174854430
174855160
174863568
174869619
174871344
174874223
174883652
174890572
174896357
174903363
174910539
174915142
174916940
174917300
174926990
174932367
174937585
174940022
174946282
174952070
174960794
174964383
174965014
174965821
174968049
174977290
174978391
174981801
174984674
174985320
174991873
174993101
174997570
175002585
175004954
175014288
175020697
175025380
175033298
175034737
175042879
175051555
175059324
175064062
175067318
175072647
175077731
175086311
175092142
175093512
175103243
175112829
175114166
175114595
175118649
175121681
175125646
175130338
175132316
175139239
175143077
175144061
175145158
175148656
175157054
175162383
175166551
175174016
175178683
175183193
175183954
175191764
175196350
175205256
175210036
175219040
175227126
175229991
175238370
175243460
175250870
175251672
175255100
175261373
175265765
175274471
175284236
175286028
175290409
175292027
175294348
175300912
175310390
175315968
175321386
175324628
175330875
175332680
175341460
175343046
175348584
175357765
175365559
175366888
175370802
175374881
175376313
175383202
175390363
175397364
175403261
175409440
175416111
175419917
175421792
175422041
175432007
175433894
175439144
175445486
175453245
175457152
175457404
175462993
175471834
175476384
175484864
175494236
175497905
175503139
175506377
175512136
175520864
175528145
175536072
175544346
175547852
175556770
175557003
175566150
175575210
175584247
175588224
175588552
175595859
175602818
175612689
175617241
175622636
175622844
175631152
175633228
175640954
175648098
175655759
175660352
175663826
175666691
175668098
175672278
175677019
175684940
175687589
175695841
175701626
175706645
175709467
175712541
175721187
175727722
175729360
175732217
175736427
175739341
175743495
175752962
175760348
175764458
175769383
175771750
175780464
175788866
175798770
175801380
175807509
175807839
175812998
175820641
175825787
175833647
175843153
175851735
175856714
175860138
175865418
175874529
175876421
175882200
175886862
175889057
175892219
175900336
175905467
175907963
175915185
175919274
175919878
175925083
175926395
175932599
175939465
175943698
175947532
175950315
175954382
175963463
175969811
175978180
175978293
175986624
175988532
175993307
175999362
176007605
176013860
176017092
176022433
176025923
176027382
176029559
176029618
176031402
176040559
176049058
176055036
176058893
176063425
176071357
176080457
176085969
176090466
176090784
176097490
176106477
176113922
176117079
176125720
176127608
176135350
176137008
176140575
176149743
176159721
176168248
176168700
176176722
176181216
176190477
176196298
176201104
176206482
176215032
176217488
176217708
176220418
176229756
176238472
176242605
176252335
176253230
176257698
176258028
176258348
176266463
176268277
176275634
176276289
176282921
176288104
176294735
176298371
176300959
176310587
176312727
176319313
176321057
176326437
176334974
176338721
176339340
176347139
176352028
176352107
176355656
176364678
176373692
176378678
176381273
176386702
176391231
176398280
176398602
176403294
176411522
176419127
176423493
176424645
176430245
176438110
176440142
176445324
176451290
176459231
176464213
176467107
176468754
176476252
176484577
176491697
176494704
176497225
176504059
176504972
176509997
176511063
176514745
176523555
176528777
176530428
176540177
176540753
176548618
176557780
176560659
176569410
176576219
176582224
176589422
176594403
176598442
176599193
176607172
176617008
176625431
176633545
176640060
176648487
176652548
176653516
176660220
176667046
176667229
176667372
176670813
176674990
176682855
176687155
176690900
176692016
176697184
176707115
176714865
176715925
176724998
176727616
176730251
176737201
176741655
176749899
176750409
176758289
176760294
176769331
176777050
176778222
176787013
176787070
176796009
176802311
176806381
176816061
176819234
176825876
176833294
176841375
176850101
176856281
176864737
176870998
176871849
176874135
176880155
176882730
176885499
176891572
176900084
176909190
176918836
176927482
176929656
176937677
176939938
176945477
176953161
176962005
176966777
176975389
176983718
176985494
176988718
176989614
176993354
176997260
177006246
177011594
177013034
177015817
177019753
177029134
177031924
177034677
177036639
177042776
177048026
177053382
177057146
177059447
177066374
177070301
177073779
177077701
177078421
177083146
177088386
177091025
177093485
177095687
177105462
177112106
177116574
177117666
177121197
177128159
177129505
177136604
177140211
177149602
177153086
177160636
177161048
177163103
177169345
177170859
177175312
177183487
177189986
177195097
177198364
177201834
177210258
177218423
177221880
177228696
177228965
177237959
177243504
177251753
177260953
177269003
177273729
177278225
177282591
177283584
177288450
177289587
177298892
177300851
177310584
177320446
177323209
177329983
177338720
177343909
177348214
177351588
177351695
177354705
177355967
177364358
177371803
177376228
177384179
177391878
177395931
177402953
177407349
177407480
177416093
177418872
177419989
177429822
177438868
177445192
177450205
177457601
177458368
177458522
177467573
177468437
177473584
177474305
177475827
177480388
177489758
177497614
177500005
177501255
177506173
177506624
177515579
177523309
177526583
177535946
177539391
177539405
177546536
177551753
177554287
177563790
177564213
177573396
177577750
177581292
177588749
177592948
177597360
177604234
177605885
177608171
177617317
177621884
177631066
177639793
177646423
177646548
177646569
177654914
177659950
177660182
177666929
177667545
177668965
177675519
177677211
177680914
177690152
177695213
177704386
177707071
177713589
177723181
177729687
177732355
177736679
177745715
177752397
177760523
177768862
177770230
177774309
177775739
177776284
177777030
177781756
177781837
177785094
177789293
177798231
177807669
177813909
177816806
177826616
177835996
177839764
177849718
177854027
177854255
177859457
177861302
177861323
177867266
177874990
177880525
177880859
177881339
177882967
177890763
177892331
177901148
177908165
177911445
177913711
177923667
177928361
177931538
177939872
177944481
177954141
177962273
177964862
177965085
177969215
177970186
177973894
177982940
177989482
177995288
177997249
177998162
178004472
178013584
178017679
178023140
178024453
178024673
178026906
178028003
178031001
178033503
178043056
178050471
178053187
178055126
178058478
178058514
178063125
178072394
178074564
178077783
178084819
178087968
178091531
178100872
178105377
178113995
178123681
178123859
178132919
178133767
178137046
178137820
178141698
178142036
178150400
178160376
178168003
178172617
178180812
178183805
178190150
178199962
178201629
178203393
178206079
178215418
178218772
178223987
178227566
178231532
178234707
178237302
178239570
178242863
178244892
178254307
178255905
178263459
178270495
178279340
178284368
178290813
178293714
178301521
178310336
178314090
178314638
178319438
178323050
178325214
178329215
178338961
178345703
178348585
178350879
178353287
178359964
178369133
178373097
178380388
178390059
178392668
178401902
178408880
178409498
178410667
178411955
178419923
178421107
178427201
178429447
178436247
178443627
178450195
178454088
178462191
178465052
178469218
178474283
178474443
178483906
178491112
178492970
178502719
178510690
178511342
178515536
178522881
178526967
178531335
178536719
178539770
178543055
178544685
178551437
178559165
178567314
178573572
178583445
178592811
178601893
178609383
178611595
178616708
178624279
178624416
178628982
178631471
178638692
178642594
178648563
178658270
178666612
178667107
178674644
178681088
178687558
178688147
178689055
178695512
178698815
178703268
178711645
178720726
178727550
178728815
178738265
178744063
178747557
178747617
178755757
178765091
178771566
178772491
178773408
178781859
178783553
178790640
178798860
178804456
178808367
178812498
178813062
178819562
178820149
178828325
178835922
178844750
178848811
178854630
178864235
178868590
178868801
178870931
178873187
178876066
178880280
178890077
178890522
178893836
178894199
178898320
178904555
178914436
178922261
178928718
178932801
178932852
178938078
178943979
178945444
178946460
178951099
178959617
178963128
178966622
178969744
178971823
178976568
178983413
178990806
178996289
178998521
179002941
179003982
179010442
179018640
179027584
179036444
179042672
179043638
179046517
179056358
179065804
179071103
179075557
179083498
179091643
179094633
179098710
179100427
179105740
179114533
179115300
179122890
179130034
179131700
179141241
179147295
179149191
179151289
179157454
179167352
179174497
179181095
179182934
179187860
179194412
179201627
179201801
179206032
179210783
179219936
179225046
179232583
179236991
179239010
179247671
179250999
179252488
179252911
179258630
179260199
179264746
179273166
179278952
179279312
179287763
179295973
179300433
179302833
179312696
179315685
179317841
179324309
179324535
179332502
179338855
179339686
179340802
179345098
179346545
179350148
179354853
179359208
179360083
179362497
179367910
179371748
179373108
179380063
179382536
179385892
179391207
179397399
179400434
179403472
179411604
179420677
179427004
179429676
179437910
179442471
179447400
179451006
179455291
179458410
179459435
179459842
179460015
179460939
179462787
179472290
179481292
179488908
179495343
179497486
179501000
179508250
179513919
179520011
179522107
179530433
179535419
179539221
179547548
179554176
179555065
179562356
179568670
179571299
179575586
179577751
179582116
179588657
179591801
179597708
179606059
179612915
179618302
179618801
179628544
179630531
179637888
179643597
179652907
179654587
179658314
179661862
179662650
179664011
179669484
179677478
179683978
179690846
179700670
179706966
179710910
179716273
179720870
179729530
179734410
179742750
179749964
179753747
179755448
179763672
179763834
179773334
179782248
179785020
179793891
179801371
179809634
179816352
179824459
179825222
179830393
179836431
179842096
179847159
179852109
179859170
179863853
179870300
179879554
179885579
179894444
179898316
179902151
179906983
179910134
179919546
179923045
179930229
179939075
179946113
179953772
179956490
179956919
179964233
179971783
179973267
179977409
179979528
179984656
179994285
180003672
180004519
180013472
180021676
180023359
180032364
180038662
180044021
180048756
180058337
180064003
180073369
180082983
180087040
180093444
180096463
180096950
180102893
180109562
180110489
180119035
180128659
180133218
180141253
180142502
180147316
180151067
180153501
180160557
180168934
180178649
180186347
180195601
180205562
180215097
180220149
180229085
180232538
180239763
180242076
180250560
180254020
180263056
180264081
180270472
180276379
180280980
180290565
180296831
180305223
180308882
180315543
180320842
180324215
180325235
180329167
180331809
180341596
180348286
180355531
180356189
180360268
180364583
180370282
180378601
180386595
180388326
180395439
180399708
180401190
180404915
180408730
180411659
180419049
180420129
180420958
180424435
180425408
180426992
180431397
180435541
180444081
180449126
180454325
180461443
180470777
180475662
180478508
180479597
180480711
180482223
180488205
180491869
180501487
180501938
180507398
180512821
180521825
180530652
180537264
180543527
180549062
180556963
180565249
180566592
180566957
180573164
180580723
180588668
180597188
180604741
180604811
180613290
180621765
180626808
180634132
180642855
180646470
180653423
180655943
180664316
180667340
180674197
180679316
180688171
180693486
180695461
180703822
180709281
180711518
180713012
180714128
180719880
180720614
180729435
180738694
180739705
180742195
180749959
180755714
180760278
180764973
180773531
180774143
180778581
180779678
180782906
180791587
180792293
180798993
180803950
180806073
180809688
180813055
180819113
180822088
180828884
180835014
180839169
180845995
180850799
180851595
180855531
180861545
180870842
180874405
180877270
180877808
180887768
180897443
180901541
180904925
180914716
180917755
180921784
180926076
180935389
180936581
180946192
180954556
180964318
180970354
180976685
180978228
180979177
180981898
180983184
180987033
180989309
180990988
180998147
181002409
181008279
181016431
181018715
181023467
181029757
181034138
181038020
181044230
181049855
181053199
181057492
181062673
181068338
181076612
181078303
181080258
181089679
181093716
181101537
181104484
181107204
181109271
181116731
181125751
181127540
181135226
181141600
181149333
181156824
181158708
181161048
181170120
181172203
181181984
181187361
181194164
181199007
181202293
181207110
181208824
181210693
181220059
181229125
181232243
181232915
181241103
181246077
181246786
181250586
181259971
181264219
181267328
181274804
181274879
181282560
181289659
181290933
181292852
181299661
181303755
181309781
181318849
181322148
181328407
181337740
181346505
181353838
181359442
181369231
181375275
181376320
181384365
181390077
181397620
181403346
181409224
181414108
181415319
181423635
181432516
181440980
181450626
181455165
181457193
181465852
181466797
181476309
181477164
181487051
181490595
181494884
181499793
181500961
181503120
181503693
181505309
181506690
181509405
181512616
181521218
181525594
181525816
181534123
181534308
181542286
181547415
181549197
181555446
181555549
181558777
181560425
181562151
181564174
181567603
181572486
181574441
181582561
181591182
181596252
181602655
181610399
181613157
181615725
181619166
181624905
181633604
181641355
181646782
181653352
181659901
181664405
181664565
181670269
181672450
181682292
181688633
181693066
181702633
181710126
181712264
181718866
181719144
181719955
181728868
181729969
181737811
181744211
181748502
181752568
181756255
181763988
181767355
181770355
181773018
181777389
181778975
181788763
181797804
181800373
181802833
181805709
181812106
181818745
181824348
181833705
181836695
181838227
181844682
181848739
181856076
181865831
181870753
181871170
181880612
181885389
181889448
181896949
181904674
181913052
181917510
181920223
181923472
181928894
181936460
181941688
181945390
181953839
181955089
181960438
181967257
181970556
181971473
181974900
181978134
181980860
181980971
181990463
181997608
182006227
182009860
182018390
182021566
182031065
182035304
182040375
182044912
182050501
182051421
182058986
182066781
182068794
182069692
182077859
182082756
182091242
182092441
182099878
182107779
182111081
182117854
182119633
182120969
182127229
182132579
182138540
182145536
182148908
182155569
182162005
182163207
182168211
182176525
182180162
182189251
182193206
182195395
182201147
182203316
182213269
182213535
182222972
182228891
182231257
182238538
182239967
182241534
182246057
182250233
182253063
182255978
182259753
182263087
182269502
182272326
182278956
182283725
182293326
182299926
182308984
182316084
182320173
182322451
182326975
182328459
182330486
182338655
182344077
182346422
182352440
182361400
182369689
182374561
182375949
182382397
182383802
182388828
182389520
182397965
182407446
182412393
182413902
182420897
182422194
182424592
182434204
182443770
182444448
182449528
182453771
182460591
182468056
182470611
182476022
182477264
182486347
182492096
182498621
182505585
182510455
182512678
182521828
182522812
182523105
182528920
182535003
182541900
182541989
182549355
182552155
182560251
182565811
182572652
182576245
182584479
182592525
182598350
182607797
182609249
182609915
182615029
182623478
182624212
182629120
182636006
182636090
182639812
182643444
182650484
182650534
182658369
182660717
182669925
182678797
182680935
182690477
182696050
182704257
182712863
182713769
182716434
182719461
182724307
182733683
182739016
182745846
182755009
182755309
182761272
182761683
182768271
182773668
182773859
182775644
182777929
182780094
182782853
182789793
182796724
182799873
182803902
182807238
182809019
182811116
182814655
182819818
182821212
182829803
182830521
182837912
182838039
182840880
182844440
182846338
182847884
182849199
182850044
182856174
182864085
182872228
182881743
182882671
182891246
182893917
182902193
182909585
182914203
182923795
182925684
182933080
182938580
182943461
182949854
182958674
182968148
182968483
182978383
182980503
182985107
182994513
182996044
182997903
182998137
183000371
183009547
183017199
183024584
183032832
183038926
183043166
183053141
183053580
183062668
183065041
183066628
183067759
183077642
183086848
183093767
183093915
183097934
183100000
183108420
183112504
183118969
183119974
183127542
183132454
183140396
183144751
183144779
183145820
183155057
183162114
183170048
183179316
183188101
183188538
183190556
183196320
183204625
183209130
183211403
183214532
183219176
183223673
183227516
183234528
183243854
183253368
183259364
183266979
183275782
183280641
183286309
183291574
183300644
183308195
183311906
183320521
183327817
183328489
183338048
183341448
183350025
183351697
183358811
183359691
183365382
183366471
183375165
183383529
183392069
183393639
183399227
183403008
183406279
183413757
183416142
183418800
183424380
183433077
183436005
183437388
183441867
183446623
183451940
183459506
183464220
183472302
183480387
183488665
183490174
183494944
183496326
183504407
183508818
183512316
183513067
183521859
183526465
183534521
183541971
183545204
183550267
183552965
183561370
183563522
183563634
183563753
183570501
183579504
183587753
183596696
183605940
183615030
183623443
183633416
183636676
183640454
183647133
183651928
183660992
183665445
183668296
183669809
183674556
183681686
183687142
183694822
183698118
183699556
183703550
183711017
183712587
183721250
183725305
183727137
183727225
183729598
183739542
183748004
183753984
183762577
183763656
183771466
183773777
183776362
183784292
183794086
183799772
183802331
183810334
183813673
183819425
183828152
183832535
183841501
183844140
183852843
183862634
183865420
183868045
183877767
183883758
183890214
183895613
183895942
183900511
183909170
183910624
183918675
183919979
183924231
183927296
183936103
183938363
183948202
183952292
183960020
183964087
183967793
183972713
183979856
183987223
183993651
184002243
184003030
184003591
184004368
184007671
184009470
184017737
184026935
184035928
184044978
184045235
184053835
184061498
184069220
184078823
184087642
184092262
184098001
184102052
184109716
184115707
184124355
184129781
184131743
184138733
184140535
184149686
184149891
184152713
184156572
184157486
184159610
184164144
184170102
184177387
184185791
184187929
184196762
184198436
184202765
184202970
184205940
184206609
184210397
184215406
184216914
184218640
184225502
184235163
184240327
184250075
184257768
184261018
184265244
184267827
184272212
184277939
184278518
184286142
184294037
184296194
184300790
184302152
184307847
184312032
184314223
184323009
184330988
184335526
184337637
184342127
184343339
184352013
184353495
184360804
184369767
184377846
184378984
184383795
184384702
184393854
184395723
184398852
184402360
184408846
184414268
184417760
184422719
184427019
184435255
184437118
184445420
184446038
184446158
184448644
184458374
184460222
184466158
184467098
184476237
184483302
184491999
184496391
184499643
184506897
184513994
184515669
184525030
184532822
184537741
184547096
184556253
184559875
184566223
184571900
184574732
184582427
184585142
184592868
184597728
184603392
184606672
184612350
184614415
184615303
184622757
184624133
184630460
184636380
184642287
184646164
184647065
184653878
184659249
184660241
184662147
184662862
184665078
184665271
184671558
184678462
184685830
184694593
184698422
184706244
184709099
184711627
184712535
184714710
184720784
184723793
184731660
184732333
184736793
184741808
184746407
184754487
184756465
184763929
184773320
184781220
184783133
184785931
184790751
184797939
184798627
184801890
184805139
184812522
184817941
184819680
184824047
184828096
184831993
184840331
184841047
184845675
184848395
184848788
184857406
184858179
184863774
184871929
184879987
184882806
184887437
184896744
184906503
184908814
184917797
184918155
184925934
184928317
184930046
184935245
184941284
184942688
184944803
184948980
184957230
184967220
184972987
184977583
184984728
184984836
184986801
184995385
184997842
185005816
185007287
185014950
185015115
185021605
185027982
185030973
185039048
185040467
185048985
185049875
185058661
185065013
185074338
185079830
185081151
185090128
185097819
185104528
185113960
185122013
185122376
185130003
185138748
185140362
185145766
185151046
185157077
185161375
185169403
185170224
185171533
185172979
185176864
185184931
185188078
185196262
185206080
185214805
185219036
185221577
185226597
185230968
185236195
185241151
185247068
185248096
185249522
185255619
185257894
185264553
185264958
185270801
185271223
185277309
185281138
185282078
185286402
185292987
185302607
185311728
185314292
185315749
185320308
185322534
185326764
185333920
185339369
185349043
185354994
185362610
185367665
185368580
185372626
185373393
185380592
185385628
185386939
185389818
185392556
185400958
185404928
185413380
185420031
185420947
185430349
185434028
185441555
185445998
185448524
185453801
185455233
185458422
185463852
185465132
185468841
185470250
185474479
185482651
185492370
185497284
185506943
185511748
185513473
185515433
185524546
185530412
185540172
185548257
185550640
185560269
185563159
185571142
185571469
185579231
185580854
185585688
185588283
185597826
185600849
185610508
185615600
185620133
185620779
185622541
185625762
185630822
185636598
185642065
185648792
185648969
185657013
185661457
185669361
185675914
185680642
185685898
185686322
185688933
185690022
185699261
185702261
185712261
185716608
185718668
185727594
185731688
185740255
185740364
185745249
185748525
185753593
185759066
185764220
185767943
185775083
185777755
185787449
185794699
185803067
185805617
185808467
185811830
185814045
185818435
185828231
185833158
185838376
185844293
185852553
185857220
185859436
185865881
185872057
185874996
185881400
185884231
185890741
185896381
185901291
185906662
185915865
185917083
185926450
185932155
185940069
185940428
185945022
185947228
185954977
185956769
185965032
185974937
185978128
185984240
185993639
185997472
186006685
186013050
186013197
186016670
186019058
186022224
186024195
186029799
186035286
186037728
186041425
186044592
186046272
186051295
186052632
186053874
186057431
186061920
186064942
186068266
186075801
186081219
186084301
186086785
186089783
186098439
186100154
186100702
186109224
186117468
186126586
186134300
186138965
186141026
186141947
186149048
186153868
186155297
186161973
186170516
186177881
186181876
186184355
186189906
186196221
186199849
186200201
186205230
186212413
186217211
186220448
186228774
186234240
186241481
186243293
186249768
186251233
186255210
186261177
186262510
186272100
186274051
186282299
186287596
186292276
186299494
186304431
186306319
186313208
186319037
186320847
186322216
186324258
186328292
186332828
186339854
186347839
186354916
186359274
186360770
186369890
186376607
186378775
186381518
186389702
186393018
186400660
186407348
186409225
186411294
186412309
186414874
186416633
186424296
186432778
186441118
186443113
186448795
186457639
186465714
186471698
186481520
186490418
186493533
186498588
186501234
186507305
186511436
186520429
186526924
186533437
186533980
186535593
186541720
186545896
186548029
186557668
186561999
186571111
186573454
186577499
186579803
186580127
186589970
186597994
186602699
186610085
186611725
186619875
186627135
186635324
186644964
186652014
186652804
186659168
186662735
186672271
186677720
186683000
186684124
186693584
186698744
186700681
186708548
186718171
186726382
186735473
186736884
186740084
186743233
186751059
186754871
186760929
186763355
186767752
186772763
186778777
186786290
186791963
186799654
186806227
186808111
186814603
186824401
186827318
186833763
186840715
186848250
186855727
186856683
186860795
186862976
186866025
186873858
186878363
186879198
186882819
186892778
186892859
186901763
186905667
186906115
186908524
186915885
186925847
186932703
186939986
186945164
186952296
186959640
186964322
186969152
186976944
186981436
186985657
186985893
186987653
186990312
186994318
186999855
187000311
187002635
187002654
187012077
187020162
187027552
187031533
187036718
187045998
187049917
187057091
187066768
187072388
187076819
187081340
187087691
187095443
187100180
187109424
187114993
187118857
187125114
187131596
187133388
187137458
187138867
187144525
187151484
187160143
187162941
187167418
187170439
187173410
187181878
187187387
187195183
187196257
187204991
187210109
187219919
187227630
187232379
187237399
187245863
187255381
187258600
187260908
187265486
187271754
187274789
187276586
187280665
187285508
187287484
187289201
187291931
187298765
187299546
187308739
187310289
187319172
187327782
187333603
187342112
187347030
187348256
187356373
187363806
187372152
187372974
187376088
187384371
187391061
187399650
187403202
187403623
187404638
187405551
187412538
187419601
187425421
187426497
187429979
187439065
187444696
187450702
187459554
187466312
187475374
187482305
187483867
187491447
187496409
187505342
187511293
187514822
187523336
187528154
187537719
187547272
187550282
187554719
187563538
187571245
187576514
187583678
187593312
187595738
187600016
187603266
187607313
187615644
187617446
187620331
187626005
187632626
187635955
187644983
187649900
187658784
187664373
187674127
187683808
187691043
187697034
187706781
187714006
187715617
187719037
187720439
187725542
187729936
187739295
187743337
187749905
187758255
187761601
187765312
187770208
187774742
187779920
187784570
187792499
187799673
187800210
187803076
187810483
187811480
187816363
187820270
187827924
187828989
187829612
187830304
187831443
187835455
187839855
187848177
187851154
187852653
187859371
187867663
187870370
187878959
187882508
187886613
187895565
187895834
187904416
187905046
187907665
187914036
187918039
187925194
187933752
187935310
187936585
187943904
187947503
187956898
187958142
187959766
187968897
187972949
187978074
187985909
187990778
187995828
188005041
188012059
188012190
188014562
188019500
188024623
188031277
188036412
188045705
188049752
188054841
188056538
188059014
188067339
188076055
188076906
188084650
188084873
188088469
188094073
188095850
188095904
188105798
188111391
188120201
188121943
188122485
188126766
188130927
188138482
188142373
188148587
188155016
188163969
188171427
188177854
188183454
188189116
188194752
188203523
188209637
188211483
188220397
188223704
188225863
188228418
188232705
188242029
188250618
188255363
188258548
188260665
188262939
188264638
188266094
188271122
188280214
188282439
188288632
188297086
188304825
188306082
188306653
188307386
188307771
188313795
188322884
188326849
188330977
188337163
188337765
188344044
188344614
188354209
188354545
188354674
188357334
188360920
188365834
188374938
188376017
188384376
188392011
188399480
188409027
188409610
188414980
188422824
188426078
188428424
188435297
188439697
188449338
188450650
188455033
188462047
188466790
188467850
188469241
188476921
188486376
188496100
188496560
188499310
188500488
188503693
188507538
188517071
188524621
188525172
188526535
188532251
188539010
188547611
188557212
188566687
188572964
188578994
188584852
188594130
188597353
188600291
188603676
188608402
188609810
188617647
188626383
188631594
188635765
188637186
188639029
188645445
188654281
188657570
188661591
188665785
188667159
188677076
188680799
188690657
188698936
188708094
188709803
188711742
188720614
188722402
188726243
188726793
188731226
188738206
188742053
188750584
188752218
188754686
188758546
188758762
188764906
188766082
188766444
188773590
188776734
188783575
188791185
188799166
188802518
188811570
188820733
188822403
188824279
188828674
188835012
188835680
188843005
188851004
188852117
188854203
188864136
188866625
188874463
188876378
188876650
188879705
188880908
188884777
188893811
188896027
188896318
188899555
188909038
188913236
188915944
188923060
188926027
188930222
188936795
188938401
188941571
188944268
188947515
188947997
188950984
188955265
188964136
188969278
188973855
188975144
188977751
188987693
188992279
188992502
189002230
189010231
189019216
189026350
189028016
189034698
189041955
189043225
189049959
189050766
189055979
189061512
189068583
189072229
189075454
189079544
189079788
189083540
189090599
189099250
189106884
189109831
189111545
189116252
189119060
189126500
189127653
189132132
189135822
189143166
189148647
189150273
189152459
189157844
189161194
189163734
189172375
189172915
189177985
189180909
189185796
189191823
189200141
189202482
189207190
189214756
189224125
189227425
189229259
189237151
189240243
189248411
189250025
189258005
189259027
189266283
189274370
189278800
189286718
189288772
189288920
189295304
189302610
189310897
189312424
189321450
189323269
189330716
189340624
189346457
189352659
189361008
189368403
189370296
189375263
189380569
189386230
189391469
189392310
189398297
189407522
189411285
189418934
189419602
189426835
189430680
189438167
189438598
189443466
189446108
189454862
189462003
189465667
189475177
189483677
189483912
189492531
189498207
189499194
189504453
189513355
189522239
189524749
189530899
189531349
189539799
189540505
189550282
189560240
189565888
189571840
189577173
189578945
189588353
189594253
189599752
189601718
189603583
189610030
189614720
189616839
189624333
189629952
189638415
189641378
189643969
189652538
189660111
189663530
189668466
189674191
189677284
189685472
189686942
189687356
189696038
189703412
189713155
189715003
189724027
189728446
189731123
189739567
189746271
189751616
189759014
189759847
189759856
189760991
189769402
189771849
189779623
189783243
189793194
189798817
189805434
189807796
189809790
189813789
189815641
189822365
189826925
189834566
189840393
189847835
189847855
189850476
189858537
189860625
189866669
189875797
189882528
189888458
189889211
189889686
189894264
189903103
189909279
189919069
189928807
189933663
189934243
189942387
189950071
189959579
189962541
189967893
189969466
189974356
189977738
189979023
189979292
189987091
189987303
189996719
190002726
190005745
190014560
190014833
190023075
190030404
190033872
190037666
190045208
190045950
190048332
190048819
190051855
190054147
190060975
190070380
190077231
190079503
190088142
190089589
190092097
190094178
190103208
190106644
190112844
190115001
190115172
190124073
190133736
190140143
190143314
190149603
190155938
190164689
190171642
190176700
190180670
190189322
190197345
190201219
190210902
190214532
190220615
190229504
190233607
190242640
190248052
190255390
190257548
190263142
190263802
190268611
190269539
190270695
190274298
190281399
190281783
190283534
190287062
190287388
190291972
190301953
190309656
190312875
190321964
190330528
190338686
190348337
190351069
190354961
190357913
190363736
190367073
190372227
190380028
190383718
190391310
190400353
190407339
190416616
190419159
190425095
190429091
190430683
190431139
190435288
190440058
190445997
190448298
190452828
190452850
190459706
190464300
190470674
190478675
190483869
190488090
190494665
190503468
190505671
190506115
190512220
190516269
190526230
190526440
190527764
190532263
190538549
190539865
190541349
190542141
190551617
190560155
190561449
190566817
190575441
190578419
190581737
190587155
190595864
190597279
190606828
190616600
190617838
190626756
190628064
190628660
190638283
190639778
190647133
190649470
190658360
190663211
190672969
190680360
190680934
190682107
190687041
190695596
190701335
190704361
190706153
190708720
190716363
190716578
190724475
190733243
190741775
190747140
190754518
190763022
190765485
190772387
190782015
190788173
190791835
190793300
190799879
190808296
190810819
190814419
190824022
190825721
190828992
190837436
190846749
190851817
190854733
190856165
190865460
190870088
190879830
190886145
190886521
190889862
190896084
190896117
190898722
190899144
190906670
190913484
190919971
190922860
190928813
190935811
190938789
190947913
190956464
190957585
190963511
190967369
190975061
190982689
190987821
190995929
190998325
191006345
191015386
191015625
191016157
191016270
191023795
191024381
191032599
191041186
191044804
191051683
191058624
191060045
191061492
191061958
191063289
191071786
191079562
191083520
191084210
191093878
191093961
191100232
191105331
191111289
191116315
191118718
191123833
191128721
191128981
191134943
191139303
191144978
191148604
191151937
191159264
191162956
191169037
191173897
191179983
191187772
191197724
191206484
191208300
191210278
191218436
191222128
191229409
191233930
191240113
191241512
191248412
191254889
191255140
191256075
191256568
191259655
191263257
191272214
191277382
191281765
191291491
191299076
191306689
191308124
191317452
191319250
191322762
191332189
191334302
191341152
191344007
191350936
191354783
191359661
191360931
191362934
191365575
191371376
191377747
191381134
191390764
191393225
191395446
191399044
191404870
191413835
191415056
191415867
191421896
191431384
191435747
191443210
191443737
191452486
191462475
191465556
191472741
191474946
191482139
191486379
191487261
191491246
191500186
191503817
191505257
191510628
191517937
191518596
191526729
191532092
191532532
191534674
191536820
191542227
191549511
191549543
191558468
191567905
191576256
191583198
191589468
191593960
191596894
191600957
191608829
191614393
191624292
191631801
191632726
191641774
191650249
191650929
191660836
191667560
191672176
191680032
191685685
191687379
191689407
191690310
191691810
191694434
191700840
191705763
191715392
191721017
191724642
191728326
191732496
191735359
191737001
191746620
191748927
191752576
191756071
191759037
191762789
191764502
191770626
191774661
191784601
191790726
191795820
191798421
191806935
191814114
191819763
191824729
191830648
191839441
191847866
191851814
191855479
191858305
191859241
191868123
191875098
191876353
191880439
191888143
191894072
191896130
191901077
191910348
191911411
191920966
191925225
191928300
191929835
191935022
191938772
191939887
191949420
191955504
191961112
191961741
191966704
191976449
191985728
191986986
191987973
191994858
192001791
192008115
192008235
192013722
192013842
192022190
192029785
192030839
192033736
192036119
192041341
192044371
192053084
192057479
192061301
192068460
192068792
192075931
192077635
192087207
192088672
192092647
192098498
192103276
192105060
192110312
192111753
192112869
192113676
192116049
192120231
192122310
192126487
192134552
192140568
192148571
192152567
192157273
192157719
192167289
192174303
192175107
192182544
192184810
192194288
192203212
192210709
192212934
192217437
192218744
192222708
192227069
192228833
192231012
192236995
192237989
192240004
192249565
192254490
192259374
192260701
192264439
192271525
192272810
192277887
192283272
192290908
192295897
192296546
192299677
192305408
192307701
192314668
192315845
192323374
192326651
192332441
192332697
192334824
192339616
192342008
192346572
192351555
192354121
192359411
192365471
192370928
192378007
192379693
192384844
192386017
192394215
192395780
192396028
192401260
192402520
192404616
192413849
192415524
192422104
192425113
192428986
192434093
192434187
192440196
192447150
192456449
192463522
192471737
192475732
192477352
192477779
192482917
192490821
192493632
192494753
192503380
192512037
192521846
192526398
192533150
192534625
192543802
192548328
192549879
192558662
192563570
192571032
192571225
192578264
192581550
192587643
192595279
192604631
192606916
192610892
192617710
192622059
192624748
192627248
192632465
192633526
192637383
192639333
192641424
192646910
192652069
192660663
192665840
192675172
192677258
192681204
192683050
192691456
192693327
192695541
192696448
192699826
192701491
192707163
192712613
192714149
192720020
192721529
192725296
192734465
192741295
192743616
192750746
192755973
192765684
192774279
192776901
192781467
192789027
192793049
192798039
192805914
192813225
192821401
192821456
192822612
192822864
192826341
192832657
192838056
192842315
192847389
192856187
192857396
192858207
192867542
192874049
192878758
192886031
192894812
192902493
192904277
192906809
192916285
192925883
192930335
192930615
192931491
192937522
192945866
192949324
192959105
192965356
192966034
192966181
192973930
192980624
192981063
192988287
192995767
193003334
193004751
193008871
193013501
193023118
193024648
193028990
193030659
193035414
193040202
193044289
193044697
193052010
193059288
193061972
193069143
193076708
193077188
193081865
193083094
193085042
193094169
193094218
193095220
193105151
193114679
193124089
193132120
193135132
193136771
193141582
193148807
193157994
193159183
193161259
193161945
193166288
193173271
193179083
193186892
193191703
193195110
193203407
193204764
193209792
193215661
193224273
193229966
193231396
193234219
193236406
193240738
193248322
193252001
193259730
193269249
193276083
193285684
193285970
193292182
193296802
193298623
193304780
193313017
193321485
193327950
193336018
193345314
193350011
193354757
193361069
193370263
193372355
193375022
193375620
193378055
193378498
193385902
193392624
193398661
193399475
193404301
193409918
193415988
193419961
193422122
193429012
193436246
193438165
193439092
193442582
193443045
193445486
193453735
193463599
193472294
193478591
193484673
193484711
193490588
193495220
193502308
193507944
193510582
193515094
193516346
193525728
193531794
193536987
193542826
193544750
193553913
193561726
193562609
193572307
193580936
193588541
193596029
193602689
193612629
193619593
193623118
193632432
193640827
193646514
193655207
193663453
193663913
193668531
193672371
193673717
193675729
193685277
193693737
193699112
193705188
193713297
193722507
193730798
193739671
193743024
193752138
193759600
193761871
193764381
193767123
193769273
193778750
193779556
193783891
193791174
193794015
193801915
193806161
193814755
193815145
193823178
193832942
193834151
193841190
193850638
193854636
193861869
193865767
193868474
193877057
193879228
193883299
193887697
193891031
193900225
193905635
193909808
193917642
193922296
193929353
193936345
193939360
193940190
193949187
193950041
193953919
193956719
193960669
193969134
193972287
193975539
193978153
193980854
193982156
193983901
193990604
193995205
194003118
194007203
194013884
194021659
194027245
194036490
194046256
194052141
194057254
194065153
194072741
194078316
194086197
194087369
194092299
194095645
194096811
194101295
194109683
194113677
194118723
194121760
194122813
194128612
194135312
194142387
194147640
194148833
194154969
194160455
194162789
194165441
194167237
194173258
194173710
194173712
194178046
194178734
194178966
194179027
194181919
194186180
194193236
194195401
194200425
194204263
194204426
194207561
194214167
194220992
194222303
194232267
194240415
194244874
194248627
194257119
194260821
194268365
194268599
194272717
194278404
194279867
194285750
194291732
194296517
194304542
194305895
194311981
194317632
194326317
194327866
194335471
194340946
194349672
194353934
194361271
194367617
194376422
194378190
194386004
194387250
194387437
194393199
194403039
194409534
194414597
194424130
194431053
194440309
194440398
194443910
194450676
194454369
194457435
194463328
194469392
194472696
194474139
194478648
194482025
194482281
194491016
194493297
194495153
194499868
194500339
194503816
194510466
194520045
194524174
194530383
194533169
194542213
194544429
194549282
194550504
194558959
194567248
194576204
194579584
194581999
194585784
194590758
194595189
194595743
194599693
194600471
194604716
194605723
194615509
194620192
194620651
194621991
194623226
194626676
194630167
194636692
194643296
194648174
194656043
194663716
194664522
194668309
194677020
194680643
194686620
194693968
194697007
194697361
194698022
194707381
194711985
194716523
194724772
194729054
194738131
194747976
194751597
194755860
194763990
194771375
194773100
194779498
194788443
194793951
194798321
194799422
194802885
194805250
194812583
194813568
194822377
194826878
194832469
194835390
194838857
194845807
194853902
194859872
194864885
194873391
194880575
194884984
194893451
194903289
194908875
194909882
194919105
194929045
194938737
194940860
194944029
194949818
194953616
194957557
194964438
194970775
194976628
194978501
194983436
194992828
194993837
195001031
195005709
195007477
195013198
195020345
195024619
195031716
195040807
195041621
195049963
195056373
195058330
195063847
195068787
195076779
195079964
195084647
195090435
195095943
195104000
195111402
195113396
195116877
195122167
195127196
195128764
195138452
195146652
195155513
195158266
195165918
195167399
195176532
195182571
195190256
195191199
195198710
195207077
195216739
195219816
195225013
195234937
195237755
195240715
195248778
195249938
195252578
195252781
195259664
195269264
195273454
195282973
195292928
195296145
195304269
195309472
195319196
195321773
195327416
195333447
195342104
195350547
195350695
195356518
195359964
195367186
195367424
195373139
195380234
195386274
195391404
195393058
195398044
195402129
195407761
195410262
195410458
195414366
195415662
195418128
195419725
195420497
195430337
195434851
195442652
195451599
195461416
195470713
195472336
195478425
195479090
195480542
195482944
195483855
195491402
195495351
195499530
195507137
195514963
195519487
195528402
195537679
195547510
195557415
195560933
195569353
195571763
195578893
195583650
195587476
195590412
195600361
195609805
195617334
195626347
195633498
195635699
195641132
195650422
195654901
195658032
195662192
195670300
195679240
195686310
195687852
195693339
195700870
195709223
195716997
195720366
195725263
195729208
195737576
195739400
195741419
195751345
195759577
195765815
195773411
195780462
195787720
195789354
195792226
195798713
195806810
195810786
195818127
195827276
195834661
195843788
195850505
195857606
195858270
195859529
195864444
195870852
195875830
195879734
195884783
195888953
195895294
195902494
195908681
195916992
195920972
195924867
195926143
195936045
195941080
195950268
195959835
195968067
195972315
195976472
195978214
195980942
195984272
195993586
196001915
196007627
196009696
196010853
196016905
196020759
196028995
196034686
196041440
196045000
196046746
196047613
196056617
196056819
196061625
196071309
196075285
196083320
196090041
196099490
196100378
196106622
196107366
196111900
196115011
196122435
196126493
196131122
196139279
196148163
196154927
196156670
196159099
196164971
196169045
196177680
196185966
196191584
196196724
196202270
196203905
196213616
196219765
196223848
196228650
196235530
196241041
196243080
196251452
196258328
196263614
196269606
196277023
196280647
196281106
196290653
196292928
196293781
196300418
196303686
196309961
196318531
196324228
196329077
196337240
196345515
196351550
196352572
196358046
196362403
196362789
196370309
196371805
196373393
196379830
196384385
196391594
196399984
196401254
196405229
196409511
196409824
196416930
196422938
196425427
196433746
196442699
196447610
196456178
196457465
196466226
196466572
196475115
196476372
196477761
196480977
196482385
196490637
196498504
196498659
196499027
196503547
196504008
196510121
196515925
196518930
196524537
196533880
196542769
196546595
196552453
196561225
196563387
196566343
196569862
196575410
196577254
196584944
196588742
196590542
196595889
196603522
196613444
196621631
196630544
196635975
196642895
196650287
196651998
196654653
196657022
196664455
196666927
196670589
196676507
196683217
196685169
196691151
196697992
196701898
196702812
196711722
196718087
196719901
196727609
196730255
196739036
196744063
196745545
196752793
196761043
196764055
196768709
196774535
196781352
196790258
196792482
196794858
196802473
196809811
196816272
196822964
196825173
196826406
196826893
196832145
196839943
196843388
196846518
196849441
196854597
196855855
196859535
196864470
196871881
196873199
196879955
196886228
196893664
196899633
196902864
196910593
196911285
196919652
196920349
196924199
196928629
196938049
196939304
196945270
196946885
196946931
196950440
196956831
196961683
196971392
196974809
196979704
196980307
196988555
196996915
196998547
197003638
197010002
197012349
197020814
197024608
197030904
197034365
197043268
197047918
197050445
197057803
197066596
197075141
197077572
197083732
197085364
197086495
197093782
197094554
197094992
197097642
197105633
197106698
197109096
197116044
197123982
197126808
197127109
197131227
197139603
197144192
197152419
197157217
197166558
197168120
197177344
197185971
197194690
197198549
197202785
197208300
197208404
197217673
197224233
197233574
197242140
197251371
197260564
197265129
197265478
197271507
197273809
197279473
197281787
197283448
197283625
197288543
197291846
197296498
197303264
197310190
197312935
197317385
197321107
197326581
197333996
197334008
197334102
197339227
197345181
197347535
197350423
197357690
197364755
197366813
197375710
197383971
197388618
197395570
197400013
197401141
197408296
197409298
197412113
197420546
197426240
197429343
197429783
197437143
197442403
197450384
197457354
197467000
197471308
197477460
197482933
197484767
197494527
197502063
197504283
197514104
197516838
197524875
197525422
197529868
197533514
197540566
197547620
197548384
197553623
197558389
197565634
197566518
197566575
197575163
197580808
197581426
197588274
197596269
197605325
197614238
197619041
197625923
197635432
197640864
197642549
197651290
197652483
197660221
197662594
197672503
197676416
197677100
197684990
197688196
197688537
197688905
197694397
197696450
197705241
197713001
197718990
197728808
197737697
197742235
197743288
197745575
197746724
197755652
197762548
197764533
197765087
197775075
197776351
197777497
197782329
197784929
197794056
197802097
197810226
197817885
197821354
197827927
197830472
197837616
197840899
197845537
197850481
197858903
197862671
197866064
197866139
197866379
197871889
197873687
197881651
197891243
197897249
197899222
197906601
197907862
197909250
197918996
197920262
197921991
197923965
197924008
197931928
197939957
197947592
197949086
197955127
197956361
197964757
197966009
197974428
197984420
197989376
197995849
198001283
198004025
198013775
198017382
198017786
198022802
198030795
198037149
198044619
198049094
198058744
198060777
198066964
198069700
198077085
198079426
198084402
198086340
198095355
198099097
198105438
198108554
198113344
198121214
198127136
198136461
198144033
198150970
198153894
198157585
198163273
198172149
198178282
198184429
198192240
198194345
198199761
198208229
198216488
198223521
198228562
198235557
198243114
198246681
198247711
198248203
198256115
198257474
198264608
198272346
198282075
198286845
198288501
198292303
198293799
198296485
198305176
198305872
198313986
198318877
198321527
198324406
198327682
198329451
198336862
198340873
198346704
198347789
198353404
198362559
198369331
198372275
198378227
198387007
198393598
198394245
198403292
198408980
198414336
198415217
198421112
198429096
198431784
198435382
198438214
198445165
198452817
198460231
198469517
198475296
198478864
198481834
198486066
198492681
198500908
198509911
198517561
198527107
198531460
198540395
198541068
198548447
198549308
198553564
198559787
198569437
198569947
198573159
198579820
198585503
198587485
198589662
198592991
198593940
198597181
198597922
198605016
198605028
198608583
198618296
198624937
198632137
198632587
198637390
198646848
198651671
198655224
198656657
198659748
198667036
198674409
198683563
198685953
198694406
198695176
198702572
198703595
198706998
198712335
198716463
198719850
198727395
198736707
198741217
198741231
198743991
198751371
198753399
198762880
198764118
198768470
198774399
198777506
198785253
198790847
198791758
198794296
198797101
198806354
198812588
198818723
198820468
198822844
198826093
198829463
198833868
198837910
198841322
198846193
198854668
198863416
198866179
198868293
198873799
198883421
198885370
198890096
198891846
198900328
198905521
198906851
198913098
198921552
198923444
198929443
198931299
198940467
198945815
198947203
198955926
198956687
198962339
198967731
198973968
198978771
198987200
198996314
198998173
199005888
199006274
199006752
199008191
199016342
199017671
199024520
199026972
199034244
199043167
199043952
199044248
199047293
199050063
199057855
199066610
199066677
199067943
199076069
199081823
199091014
199097570
199097647
199106902
199108330
199109691
199116091
199121368
199130948
199135249
199141726
199150911
199155135
199163125
199172019
199174625
199180050
199186342
199188294
199192833
199196327
199197636
199204588
199208010
199213463
199223297
199223539
199232820
199239445
199241016
199250789
199257219
199265765
199266602
199267849
199274849
199276365
199278613
199285997
199295165
199296841
199301098
199306351
199313330
199317829
199318229
199320810
199324937
199328279
199337588
199344295
199352889
199353249
199359372
199369179
199370205
199380038
199389589
199397028
199400945
199407022
199415439
199418789
199427295
199429691
199438131
199447305
199448576
199457383
199457631
199467523
199472423
199474463
199479083
199484764
199487346
199493133
199498029
199505471
199511283
199512418
199516858
199525807
199531435
199540085
199540747
199542926
199548538
199557811
199565012
199574927
199577466
199586550
199592781
199595585
199599293
199603970
199607996
199611293
199620048
199620591
199630309
199631767
199638561
199645410
199648651
199652451
199653638
199656396
199664015
199669497
199672522
199681086
199683433
199690034
199690864
199692616
199693762
199699097
199703905
199710586
199718117
199718307
199722272
199731655
199736327
199742019
199745198
199753096
199755331
199762182
199765726
199768224
199777110
199779317
199780414
199789884
199794428
199801675
199804877
199807703
199810359
199816576
199819081
199828377
199832174
199839556
199845184
199854354
199861856
199868200
199875407
199878507
199885072
199890212
199891756
199893016
199893428
199898026
199898695
199906882
199909338
199911105
199913792
199920773
199927279
199928610
199937019
199937773
199943789
199944128
199944131
199951967
199961823
199966386
199974230
199975263
199979515
199979633
199983522
199989310
199989643
199996158
200002646
200010936
200015384
200015389
200018191
200023153
200031967
200036329
200045937
200048846
200051479
200054770
200055519
200065223
200072629
200081003
200081412
200091343
200091833
200092054
200097083
200106650
200107272
200112033
200113180
200119666
200125265
200127877
200129431
200132922
200137747
200138046
200146103
200153143
200158195
200163469
200165394
200166804
200171041
200180310
200186063
200188740
200194393
200201967
200202981
200207090
200215310
200223767
200229392
200238767
200247749
200257577
200267362
200271529
200276285
200277177
200279598
200287194
200296682
200300714
200301042
200307637
200311045
200315206
200316397
200318529
200320789
200328672
200330664
200332518
200336519
200342829
200342831
200348509
200351799
200359660
200362960
200372889
200382061
200385015
200393336
200395667
200397296
200400364
200402098
200411518
200413954
200422448
200425267
200427617
200434545
200436614
200440390
200445211
200450472
200460365
200460917
200465301
200466487
200467651
200470902
200473874
200478385
200486891
200489192
200490391
200499627
200506026
200507052
200514736
200520561
200522527
200531492
200534813
200539820
200543635
200553487
200563314
200572781
200575636
200585235
200588040
200595673
200604678
200609809
200618812
200624542
200626305
200627354
200636775
200638532
200641479
200648263
200649733
200659142
200663560
200665716
200672964
200674314
200682578
200692050
200698375
200708158
200712892
200717250
200724454
200732428
200733202
200733625
200736461
200739660
200744617
200748596
200757917
200762095
200768019
200770481
200770833
200775873
200780593
200783270
200786598
200792201
200794056
200797818
200804965
200808674
200817065
200819849
200829080
200838289
200839892
200842291
200846308
200849124
200850998
200860576
200866505
200875373
200878275
200887059
200896732
200901709
200911204
200914212
200915530
200924340
200926923
200935080
200938278
200939433
200948507
200951169
200956087
200965734
200974384
200982097
200990767
200996908
201003684
201010985
201018014
201020971
201027404
201031760
201038895
201041667
201042858
201045623
201047396
201055328
201064525
201073931
201080700
201086136
201091467
201099392
201107854
201110636
201112217
201114092
201115191
201115766
201122767
201130317
201135336
201136666
201139551
201143549
201148422
201156333
201165419
201168620
201174263
201183345
201188512
201195769
201201790
201202026
201208739
201213196
201216639
201218198
201220219
201226649
201235502
201235940
201245185
201253766
201257497
201258656
201260323
201263328
201268440
201272844
201281723
201289608
201290728
201291304
201292057
201297781
201302434
201306001
201309156
201314156
201316987
201326301
201331989
201333754
201341660
201349727
201354569
201354899
201356291
201361576
201368906
201376153
201382214
201383146
201391796
201393244
201396426
201404406
201410527
201418246
201425617
201432522
201438466
201440601
201446719
201448636
201453206
201455569
201456287
201457970
201466325
201474960
201476401
201477650
201480547
201484196
201489736
201491098
201495730
201501206
201510426
201514259
201520923
201520974
201527704
201537166
201541283
201543939
201550639
201550998
201559998
201562390
201568727
201573470
201576604
201585016
201587902
201591310
201593892
201598908
201602847
201605682
201612373
201614557
201621364
201627597
201634894
201640534
201645289
201647855
201655189
201664237
201664477
201672894
201673361
201677768
201686042
201692632
201698544
201706596
201714307
201715027
201723654
201727292
201733967
201743061
201746068
201746189
201753894
201761015
201769278
201773614
201782349
201784375
201793091
201794242
201799591
201804003
201805551
201807881
201810501
201811912
201812884
201817517
201818978
201819549
201820347
201826138
201830237
201833859
201842805
201848337
201850274
201852482
201859100
201867491
201872423
201875603
201878694
201883902
201890745
201893737
201900041
201906166
201915320
201917946
201921031
201925195
201929718
201937632
201938812
201939949
201945075
201952232
201953632
201958672
201960890
201965318
201973497
201975689
201982501
201988097
201994136
201999382
202002726
202007448
202013209
202020133
202024569
202025426
202030869
202036549
202038024
202042895
202045948
202048090
202056471
202065603
202075124
202078782
202080881
202084040
202085359
202090924
202091364
202097847
202099100
202107832
202112395
202121991
202127712
202132616
202138025
202138434
202143952
202147537
202152266
202152367
202157822
202161720
202163474
202169312
202170004
202173581
202174156
202181983
202191537
202193738
202201123
202207012
202212994
202220542
202228426
202230960
202240807
202247835
202251591
202257274
202262407
202268213
202275534
202275814
202279419
202282541
202285545
202289967
202295504
202301729
202310641
202319851
202328146
202329464
202334599
202344281
202352488
202357335
202357613
202367085
202375612
202376686
202377255
202384218
202393152
202393641
202400884
202402036
202406443
202408157
202417499
202418520
202426063
202431447
202436180
202442614
202447907
202454995
202464122
202471078
202480243
202481517
202491127
202499347
202504055
202513640
202518106
202524009
202526352
202527003
202534322
202542580
202551493
202556975
202560355
202570055
202574854
202579706
202583647
202590403
202593321
202601368
202601500
202608574
202610500
202612633
202614573
202619352
202625531
202628366
202630959
202640144
202643011
202647548
202650229
202651850
202655230
202657534
202662263
202667777
202669838
202678838
202685107
202690368
202697028
202705785
202711083
202715644
202724854
202731682
202737024
202746906
202747457
202753856
202761876
202766110
202770804
202772739
202775008
202779963
202788207
202790276
202796983
202798301
202802833
202805733
202810555
202816480
202817401
202827082
202827288
202830181
202833991
202840513
202843024
202846798
202848889
202850760
202858687
202864584
202873943
202878968
202884489
202887490
202896948
202902255
202904081
202910085
202912522
202912637
202913869
202919519
202920295
202924472
202924645
202933086
202940295
202945062
202950326
202950623
202957197
202962442
202963090
202971349
202972965
202979931
202983536
202991794
202997643
203000796
203004344
203010842
203017419
203020455
203027006
203027971
203035899
203036327
203036815
203046567
203055687
203059237
203060197
203065828
203070370
203075631
203080809
203089765
203097643
203098399
203107934
203111146
203112645
203115571
203120953
203127207
203135867
203141777
203143501
203145829
203147664
203155793
203160928
203168803
203170976
203171763
203171828
203180346
203180938
203185912
203187869
203195040
203198687
203202595
203205073
203208560
203211800
203213903
203220398
203229775
203236308
203239120
203242702
203250946
203259363
203268179
203276013
203282866
203292562
203299646
203304332
203312477
203315308
203322519
203331346
203336829
203339307
203342124
203348613
203354228
203363521
203365848
203366971
203376059
203376119
203380392
203383493
203388350
203394789
203395018
203400631
203403649
203407083
203415072
203423379
203427536
203429481
203433451
203438352
203441146
203441780
203445931
203449505
203457260
203463034
203466240
203466421
203470070
203475421
203481552
203489025
203492883
203500565
203503666
203506902
203512456
203513845
203520590
203525943
203534279
203538906
203547672
203555054
203564089
203569264
203578652
203582844
203589100
203590930
203597816
203602293
203610269
203619023
203627923
203632121
203634993
203638821
203645568
203648850
203648994
203658071
203666402
203673860
203675410
203675894
203685682
203686802
203689354
203692289
203698898
203701607
203707757
203714219
203718976
203719866
203724381
203732650
203740119
203741639
203746447
203754046
203761869
203771585
203772756
203779510
203786297
203793253
203795598
203798407
203799273
203807777
203813956
203816577
203825874
203831933
203835487
203838801
203842542
203849429
203857810
203861419
203864941
203872569
203881683
203886335
203892159
203901048
203902578
203908347
203918013
203918798
203921843
203925381
203935337
203940829
203948196
203954867
203962514
203969645
203979434
203979861
203982862
203984459
203985270
203994316
204003257
204006819
204011978
204014637
204016593
204021401
204021942
204026000
204033240
204040646
204041468
204045020
204048347
204052310
204053143
204054171
204059268
204065065
204074720
204079301
204085169
204086348
204090397
204099303
204103122
204107564
204107933
204113571
204121562
204123217
204125554
204130848
204133010
204136244
204137921
204141531
204147850
204150119
204157185
204160984
204169210
204172001
204173086
204175494
204185468
204190190
204194070
204195655
204198128
204201678
204206581
204208828
204216668
204218009
204220726
204222802
204232621
204233142
204233214
204242757
204246813
204255740
204258164
204264700
204269782
204270083
204277225
204282092
204290835
204293475
204303093
204308771
204309773
204315641
204322254
204327785
204330128
204339362
204345377
204349650
204355743
204359123
204367179
204368707
204376224
204381925
204385851
204394787
204399867
204408855
204415261
204421959
204426533
204429012
204437804
204444514
204448830
204455667
204456939
204457870
204464420
204472663
204476131
204478092
204486002
204493448
204495541
204499682
204500385
204510078
204511153
204516835
204522814
204526046
204531187
204536973
204545290
204547555
204554833
204561885
204571531
204581456
204584474
204591803
204596192
204604457
204606356
204608630
204610556
204620263
204622858
204630145
204636341
204642629
204647628
204652275
204656467
204659041
204659752
204661302
204665248
204675079
204682260
204686884
204693018
204701391
204701664
204710896
204713971
204718150
204724870
204726168
204732379
204735369
204742104
204742264
204746744
204749874
204758547
204761170
204766057
204773061
204775091
204775883
204784716
204791634
204792933
204801962
204808584
204813099
204818269
204826959
204827916
204837754
204847162
204855350
204861883
204862805
204870591
204878044
204883652
204890865
204895797
204905532
204911315
204917040
204919473
204922785
204926766
204926907
204934115
204934456
204940639
204943710
204944629
204948950
204951817
204953274
204958473
204958791
204962628
204966647
204966843
204969542
204977278
204982241
204985872
204986439
204986446
204988798
204998042
205007159
205008429
205008916
205016378
205017562
205026400
205035557
205036497
205042054
205049394
205053507
205056866
205063783
205068827
205076360
205084593
205093852
205101512
205111300
205121180
205125046
205133788
205135161
205135318
205137406
205146978
205152518
205153773
205159294
205167097
205168019
205172291
205174545
205183876
205192637
205199534
205200599
205206142
205214777
205216673
205224294
205230861
205233790
205241416
205248509
205255122
205262937
205263081
205272295
205281406
205287579
205289380
205292915
205299392
205301721
205307789
205309552
205316529
205319691
205322818
205327987
205336262
205337000
205337046
205338770
205342399
205343216
205352338
205353870
205356508
205360949
205362838
205367152
205375147
205381004
205387769
205389055
205399034
205407798
205409865
205411048
205415013
205424248
205425602
205426657
205427928
205429957
205438415
205443875
205446398
205455412
205462219
205467144
205470019
205470299
205471435
205474783
205481232
205483906
205490817
205494986
205503863
205506794
205513705
205516239
205518382
205521860
205527117
205530413
205535270
205536593
205538320
205540010
205544882
205551086
205557653
205560590
205569444
205573972
205574016
205576893
205584133
205591139
205596819
205602868
205612062
205613838
205615678
205623716
205627660
205632923
205639172
205645652
205651435
205653532
205659911
205668539
205676854
205678721
205684626
205690541
205698830
205706072
205714269
205719198
205722359
205730011
205737851
205740358
205745191
205745332
205751387
205751888
205758848
205767972
205775838
205785074
205791131
205798042
205798244
205808040
205816762
205821962
205823732
205832926
205837372
205838737
205843533
205848729
205854810
205860164
205864398
205872133
205876969
205884654
205885800
205894875
205896540
205903695
205910964
205917388
205925073
205929744
205931788
205937899
205945669
205949484
205953605
205959824
205965100
205973379
205975248
205981929
205983605
205983937
205988385
205993061
205995865
206005081
206014954
206018883
206027413
206031368
206037044
206039368
206047432
206049416
206054546
206059553
206062393
206069313
206071164
206077858
206084372
206087495
206093727
206095433
206105182
206108866
206118489
206123201
206132341
206138580
206143892
206149367
206158765
206166220
206173701
206183467
206185531
206189814
206192441
206200114
206201806
206211360
206212550
206218284
206224749
206233223
206240986
206247344
206251122
206259006
206264459
206267873
206275100
206283413
206287134
206291488
206298276
206301912
206310042
206319549
206320236
206325515
206327317
206334451
206336067
206344531
206349352
206352258
206354943
206356430
206360088
206360843
206369879
206375473
206377226
206383655
206393305
206393430
206401983
206403657
206408418
206414443
206414682
206415546
206419096
206426576
206436039
206445626
206448142
206448365
206457044
206463510
206465668
206465817
206473270
206476358
206476704
206486308
206494379
206500324
206506914
206508622
206511069
206511999
206521434
206528919
206530124
206533820
206539789
206544291
206547379
206553708
206558706
206559293
206559985
206561490
206567701
206573973
206579309
206583712
206586853
206592051
206599546
206600487
206600778
206607086
206607723
206609598
206614111
206624060
206632511
206633808
206639996
206643090
206651965
206658329
206665809
206672678
206674982
206684479
206686004
206694727
206699397
206700152
206702870
206705944
206715917
206725179
206728134
206735382
206741285
206743033
206752377
206755355
206759754
206761493
206764168
206772225
206778339
206787233
206794367
206796725
206803031
206803834
206811747
206812011
206815310
206816460
206823348
206828034
206828499
206835414
206845316
206853613
206855807
206863761
206872072
206877931
206883015
206890051
206895320
206899951
206903621
206911870
206921125
206925987
206934963
206941229
206944390
206949980
206950971
206956935
206956995
206965526
206966082
206971176
206974849
206976434
206981940
206988875
206992014
206995736
206997073
207002778
207007592
207008427
207013596
207021833
207025770
207026047
207028313
207036175
207036834
207042208
207044617
207046519
207054224
207054988
207057100
207064075
207064866
207068032
207072160
207077632
207087290
207091515
207093799
207098634
207104719
207107805
207113892
207116579
207124164
207132583
207136947
207142854
207152641
207156781
207159289
207165408
207167874
207172692
207179152
207182740
207185503
207190325
207198293
207208074
207213284
207218895
207219408
207220071
207224509
207226715
207231076
207232566
207241669
207249166
207258025
207261786
207265209
207270480
207271803
207279252
207281782
207284614
207285886
207290344
207291955
207295252
207303221
207310067
207318293
207323482
207328414
207337781
207344213
207344435
207354072
207363542
207367895
207372783
207379994
207380082
207386780
207392177
207399070
207403174
207410282
207418488
207428096
207436723
207440341
207443347
207445768
207447760
207449594
207458192
207458284
207467360
207469369
207477016
207479098
207486522
207489455
207490964
207499648
207507993
207514786
207515952
207523354
207528255
207529885
207535141
207537684
207540981
207548213
207555709
207559236
207562187
207569209
207574020
207579059
207587713
207591321
207594517
207595029
207602096
207604636
207612204
207615642
207618769
207625178
207632251
207638351
207642610
207644083
207644943
207653691
207660638
207663063
207666184
207673298
207677854
207684201
207691244
207700536
207709213
207713750
207717668
207722286
207728287
207730356
207734582
207735071
207738806
207746102
207749932
207753826
207756433
207763292
207769100
207771328
207779372
207780065
207780731
207784593
207793528
207802384
207808058
207813434
207815441
207818754
207822631
207827178
207834627
207837246
207842789
207849095
207855356
207857255
207859892
207867830
207870754
207873817
207875144
207877299
207881583
207881952
207890512
207893223
207901506
207908251
207911938
207914614
207924333
207926035
207933867
207938704
207947260
207954310
207962676
207966607
207968459
207970802
207973423
207980799
207990721
207991176
207997445
208000836
208001821
208007026
208008566
208009153
208017289
208021948
208021984
208029790
208029980
208035148
208044730
208044789
208045063
208049133
208051101
208052084
208054453
208056183
208058365
208063286
208071047
208078456
208082156
208083172
208088920
208096812
208101688
208103006
208108834
208109726
208109874
208115047
208117689
208124058
208132892
208138016
208146625
208148131
208153467
208160278
208162020
208169240
208174281
208177176
208181698
208190130
208191533
208195060
208195932
208204897
208210291
208216965
208217581
208221035
208225434
208228084
208231327
208233542
208236068
208239451
208247977
208257662
208260699
208268890
208275722
208284017
208287941
208294263
208300303
208304721
208307676
208310005
208311700
208312966
208316560
208318282
208325690
208331312
208333907
208342866
208347698
208349658
208354364
208362227
208370404
208377095
208386607
208390578
208398180
208406027
208406924
208416777
208422385
208430277
208435901
208444504
208451309
208452541
208455421
208463713
208467147
208475463
208480254
208484495
208487036
208494066
208496187
208498062
208504464
208506175
208514400
208521839
208528758
208536389
208537777
208538845
208545871
208548787
208551973
208554256
208557098
208566942
208570637
208574346
208579961
208583633
208589231
208598962
208601767
208606933
208610172
208616617
208626012
208626130
208632896
208633145
208637994
208643767
208651365
208655745
208664570
208668588
208678040
208679438
208683719
208690538
208696622
208706304
208708533
208718227
208726135
208727699
208730929
208732488
208739176
208746164
208747475
208748250
208749245
208755515
208759160
208765070
208771371
208777003
208780798
208782417
208785143
208791531
208797176
208801219
208806222
208812808
208821577
208827496
208836284
208841422
208847444
208847682
208854926
208858210
208860362
208869860
208872954
208874548
208883134
208890914
208896948
208898916
208899669
208903808
208910642
208912669
208915922
208917268
208925772
208929292
208929602
208935794
208941362
208944540
208948517
208956184
208964300
208967576
208976375
208980204
208989449
208994877
208994939
209003604
209004160
209008700
209011260
209015373
209024753
209026558
209030907
209036793
209037023
209046000
209051839
209056841
209059455
209068568
209076260
209085093
209094293
209100086
209109049
209113123
209116687
209117522
209127102
209132978
209138173
209145579
209152497
209158202
209159916
209167454
209174369
209179109
209179464
209185782
209192366
209194571
209203182
209212865
209215985
209220924
209229828
209232971
209238633
209241317
209242272
209246388
209250643
209252304
209255345
209260161
209268845
209269365
209279297
209285328
209287448
209296475
209296861
209301858
209302569
209305854
209306971
209310129
209319651
209322776
209330778
209339929
209344958
209347815
209349283
209357500
209361984
209363046
209363403
209372768
209374116
209381250
209386987
209392608
209393382
209394458
209395634
209396350
209396673
209397134
209403409
209409025
209413768
209422254
209430029
209437482
209446482
209447141
209453764
209455675
209459954
209464947
209474843
209477858
209483120
209488978
209498572
209500706
209510422
209511607
209519326
209525410
209532303
209533002
209535530
209539028
209542359
209548791
209556766
209565261
209565784
209569125
209571422
209575258
209580713
209588518
209589418
209593916
209603455
209606745
209611822
209616122
209622559
209626280
209628471
209633458
209634311
209640574
209642292
209647378
209652827
209662007
209669150
209675922
209679495
209687703
209694830
209697575
209706487
209712141
209716247
209725108
209731822
209736342
209737143
209741375
209748977
209751902
209760213
209762163
209768551
209769205
209769498
209773177
209780718
209789351
209791537
209796936
209800094
209807318
209810052
209811103
209815018
209824846
209834448
209840050
209840442
209842993
209852932
209853609
209859128
209866804
209866835
209876536
209885325
209888764
209889841
209899116
209907474
209908528
209915675
209918796
209921784
209925944
209931622
209936060
209941176
209948407
209958047
209961924
209965677
209970419
209979969
209987653
209993372
210002327
210004659
210014182
210016234
210020654
210020852
210025289
210026654
210029728
210032565
210034526
210042122
210043440
210043953
210044394
210045765
210053387
210056021
210059385
210068054
210073641
210075359
210077627
210083933
210091763
210100057
210104025
210112129
210114446
210118224
210118851
210125894
210133142
210139629
210141004
210144562
210146798
210151554
210159148
210161091
210161624
210165554
210173624
210182183
210190323
210196423
210199254
210204216
210213432
210219904
210227998
210231290
210237767
210240851
210246106
210252224
210261243
210264752
210267924
210277507
210278375
210279312
210285128
210293392
210295664
210299957
210305511
210311126
210320038
210327066
210333906
210339603
210348617
210358588
210362903
210363168
210364299
210369637
210372793
210377644
210382073
210386592
210395684
210402457
210412378
210416755
210421001
210423429
210432246
210438814
210448697
210449880
210458579
210464639
210470484
210480438
210485864
210495385
210499210
210508772
210512716
210520686
210529620
210537917
210546179
210546836
210551177
210560351
210568940
210572840
210573138
210578264
210580986
210582644
210588730
210596132
210604007
210606524
210607596
210608903
210609383
210618578
210625752
210629635
210631440
210641311
210649187
210653048
210658777
210668005
210677532
210685175
210689135
210694280
210697241
210703595
210706557
210715195
210720487
210721034
210722698
210731521
210740686
210744094
210749555
210749698
210757011
210764814
210766864
210769091
210774897
210781615
210783746
210786620
210792622
210797875
210804044
210809797
210809822
210813253
210815464
210825087
210826125
210826783
210835919
210844136
210845877
210854595
210862913
210868530
210872582
210873828
210877218
210883914
210887493
210890435
210891142
210897074
210900703
210910672
210914599
210924275
210925944
210926343
210931390
210936688
210937342
210945629
210952564
210953978
210955308
210955314
210957223
210959717
210960960
210968966
210969323
210971108
210978730
210988097
210990738
210991497
210998755
211003509
211009284
211016084
211025995
211033133
211036441
211041739
211041882
211047867
211052144
211057904
211064332
211073303
211077196
211086135
211088233
211095109
211095939
211101787
211107038
211112399
211122308
211127485
211131708
211139941
211140719
211150526
211155463
211160842
211168993
211169091
211173831
211174586
211181078
211184827
211188573
211194823
211202113
211208230
211209008
211216359
211219635
211223910
211225949
211227445
211235982
211241832
211250771
211255098
211257620
211262008
211269040
211272596
211282455
211288679
211289708
211290134
211296564
211298826
211302857
211305552
211314430
211320689
211328547
211328696
211338567
211347947
211348293
211354552
211361494
211367220
211369065
211373591
211375133
211384126
211386528
211393080
211396408
211403108
211403220
211403979
211407095
211409354
211415683
211423724
211430457
211437544
211437615
211440279
211443292
211444327
211444366
211445013
211451644
211455790
211456943
211457080
211458239
211463655
211468271
211476099
211479012
211487967
211493004
211495535
211505042
211510771
211512139
211514505
211515467
211518575
211527367
211531098
211533155
211534287
211535351
211541206
211549848
211552515
211556748
211559694
211567679
211569273
211578945
211581537
211587157
211595377
211596295
211606080
211614883
211616251
211624321
211625395
211626053
211632925
211641666
211647903
211657121
211660089
211668927
211673213
211675845
211677614
211685167
211686403
211689434
211693407
211693548
211700577
211710391
211714201
211717470
211726061
211726429
211728755
211737794
211738628
211739725
211741469
211742783
211751079
211756350
211760326
211761453
211764022
211768922
211777971
211785954
211792352
211799738
211801158
211804478
211812340
211820876
211827142
211835118
211841919
211851743
211853064
211856361
211864188
211864926
211870156
211877049
211883490
211888692
211896044
211898416
211905453
211906005
211908882
211914246
211915070
211917463
211920922
211922636
211923880
211931887
211935259
211944645
211944808
211954484
211958777
211959686
211961608
211967307
211976482
211985187
211993277
211999712
212007079
212008585
212011592
212019298
212022754
212029979
212038327
212047355
212047512
212053345
212061703
212068697
212070906
212080549
212085832
212092537
212098840
212106092
212113962
212123339
212131830
212138959
212148090
212149107
212151220
212158023
212158750
212167438
212171120
212178538
212178734
212179451
212187002
212192865
212197862
212204148
212212705
212216402
212224147
212224777
212234302
212240418
212244890
212250087
212255640
212255660
212259046
212264586
212264666
212271011
212280377
212288339
212289784
212299533
212304298
212309240
212316135
212321707
212328344
212328400
212329541
212338641
212338835
212342481
212347859
212353145
212360104
212366361
212376106
212383903
212389422
212394696
212398467
212404991
212412744
212414114
212414644
212414650
212416622
212424103
212426064
212434598
212434908
212440222
212448686
212451398
212455946
212458343
212463023
212466877
212468815
212470620
212477544
212483822
212490589
212499243
212501932
212504531
212512163
212517610
212517653
212526563
212529680
212534944
212538413
212543887
212547474
212556008
212556337
212558625
212565924
212569490
212574335
212580652
212582538
212590288
212596958
212604434
212610491
212618490
212625606
212635023
212641094
212646418
212653876
212659974
212662889
212663998
212666603
212674656
212679039
212682326
212687208
212687214
212691486
212698777
212705394
212710830
212719494
212724170
212733216
212735263
212739045
212740571
212749955
212757610
212764919
212773029
212780403
212788781
212792880
212801995
212806558
212816147
212820718
212821612
212825041
212829320
212838176
212842480
212845403
212846833
212856527
212856607
212862709
212868105
212868446
212875477
212884599
212894064
212903116
212907607
212910137
212913082
212921429
212926716
212936611
212938164
212941088
212946457
212948207
212952927
212961513
212964848
212972571
212972939
212974785
212978492
212983309
212989793
212991037
212996633
212999440
213000998
213007324
213011204
213013846
213014548
213015351
213019944
213027274
213029928
213039601
213049561
213050089
213054943
213062805
213070863
213070923
213073273
213076944
213080312
213084572
213088219
213089066
213094179
213101222
213103804
213106147
213115316
213123581
213124132
213133647
213134202
213142251
213148198
213155132
213157790
213161451
213164435
213171815
213172569
213175190
213181389
213185539
213189939
213198941
213203159
213211957
213220246
213223483
213225526
213226277
213232450
213240995
213250629
213259246
213264288
213271164
213272165
213276979
213281570
213285257
213291328
213297957
213304039
213304078
213305547
213313078
213314112
213320881
213324962
213334106
213339224
213345606
213348426
213353146
213357011
213365300
213365733
213372595
213372680
213381264
213389488
213398842
213407258
213414271
213416776
213417517
213419575
213425080
213425976
213430017
213434191
213436939
213445080
213451056
213458237
213467895
213473360
213482599
213489083
213489641
213498115
213504275
213507925
213511115
213514218
213520825
213529409
213534405
213539170
213542205
213545962
213549864
213551615
213555994
213562384
213569268
213569595
213577765
213578808
213583513
213586928
213591125
213600462
213601189
213607931
213614189
213620456
213626125
213630826
213639040
213644626
213654524
213657329
213657908
213667791
213669498
213674798
213676853
213682102
213684480
213693348
213703127
213711399
213715499
213717831
213719097
213727584
213730599
213736411
213742832
213747440
213753697
213762163
213768673
213770149
213774375
213776996
213781139
213781524
213791384
213797728
213806785
213813476
213821531
213829513
213834643
213839511
213846228
213852062
213855714
213860386
213863309
213867450
213875381
213880577
213888805
213895771
213900267
213907800
213913460
213922194
213922700
213930376
213938494
213948494
213957671
213967338
213969002
213978720
213985336
213989832
213992290
213992353
214000881
214007540
214017500
214025516
214034323
214040665
214045867
214047129
214050604
214053615
214061147
214064245
214068127
214073339
214080032
214080996
214083302
214090123
214091228
214096958
214098486
214107596
214115370
214117634
214122843
214125370
214127940
214132575
214132972
214137260
214137287
214140895
214145830
214153018
214157861
214159064
214159898
214168094
214175149
214183642
214184858
214192058
214192240
214192472
214198791
214201040
214202189
214206696
214213400
214214865
214221312
214226102
214226570
214236331
214237159
214239696
214244143
214244512
214246444
214255884
214257202
214265395
214268892
214277541
214277608
214280463
214289241
214294009
214299245
214308664
214313388
214313571
214315648
214321527
214327523
214329860
214335488
214338381
214348336
214354929
214364621
214374573
214377466
214378898
214385762
214392344
214400197
214409962
214410252
214417222
214418731
214420311
214426725
214433207
214437800
214437893
214446406
214449149
214452837
214455165
214461936
214471564
214475783
214476986
214481876
214484109
214490361
214497021
214497429
214499380
214505298
214507128
214515052
214524706
214529327
214532007
214535043
214542585
214545212
214549877
214555574
214558996
214566712
214569299
214577338
214586526
214589191
214594473
214597006
214603863
214606343
214610417
214615291
214618280
214627047
214627993
214630936
214639695
214643525
214647789
214654986
214663136
214664772
214671440
214676763
214683104
214688921
214692488
214698783
214707285
214710370
214713504
214722809
214732790
214735136
214744581
214748034
214750989
214753275
214758819
214760361
214766037
214770871
214774777
214781350
214782477
214787925
214789526
214793712
214795083
214798468
214802616
214807652
214807848
214811948
214820743
214828928
214838035
214847326
214854830
214862812
214865958
214868958
214877546
214884321
214888022
214892636
214897504
214907104
214913331
214918796
214923464
214928530
214937668
214947129
214955922
214957685
214960687
214969478
214972413
214979933
214987880
214996575
215003219
215010363
215010845
215015377
215021527
215023945
215024159
215024819
215025971
215035568
215041186
215050599
215054280
215060237
215069282
215071274
215079295
215083813
215089949
215096176
215101833
215105530
215111664
215119089
215123320
215126367
215134421
215141815
215144753
215151974
215160304
215162883
215166159
215166505
215175610
215176946
215184328
215187281
215192808
215201610
215206481
215211608
215216070
215221437
215222207
215226818
215236035
215245736
215253890
215254595
215256024
215256645
215258400
215261998
215265654
215272451
215278184
215283808
215288794
215297424
215298163
215299461
215305714
215308758
215311020
215320449
215328037
215328434
215337793
215338681
215346558
215348350
215357997
215364506
215368737
215377761
215382112
215387698
215396939
215401079
215408006
215410300
215412760
215422206
215425835
215426564
215430311
215435463
215441174
215448863
215455514
215464755
215474604
215475764
215481000
215485274
215485566
215489475
215498887
215508692
215511076
215511809
215519662
215527505
215534127
215538200
215541210
215549009
215554969
215564587
215565551
215573259
215574067
215581819
215588114
215592965
215593725
215595976
215602261
215605238
215605873
215606181
215611866
215619074
215625762
215627475
215628206
215631986
215637443
215639876
215645940
215651113
215660002
215668974
215677518
215687489
215692138
215701972
215710302
215717861
215720601
215726763
215731070
215734416
215739624
215742273
215751156
215752460
215754187
215762329
215767882
215776367
215783867
215793222
215799564
215805404
215806629
215816167
215820022
215821824
215824407
215831304
215836739
215840187
215844220
215845913
215848806
215854230
215863317
215865287
215869054
215870452
215871646
215877221
215882971
215886122
215893977
215902979
215908982
215914950
215920469
215924011
215928395
215928496
215934404
215934971
215941902
215950233
215957508
215963741
215964109
215973958
215979656
215982856
215991799
216000827
216006461
216014696
216023429
216029047
216033050
216039409
216040760
216042437
216048887
216052526
216055892
216058818
216062428
216068362
216068954
216074042
216078929
216088125
216096664
216097632
216102676
216111796
216121312
216126428
216135937
216138249
216147577
216156420
216159063
216165887
216175330
216177322
216182056
216186099
216190195
216195592
216198584
216206606
216216337
216219812
216227030
216233189
216238266
216244323
216253292
216259318
216265604
216275323
216282125
216285833
216295291
216296019
216299936
216303027
216310242
216313348
216321180
216328556
216337885
216342135
216347516
216349698
216350351
216352656
216355785
216361424
216371055
216373262
216381458
216384105
216389739
216391255
216396796
216399709
216404471
216404667
216410097
216419879
216423359
216427126
216429140
216431282
216435963
216444658
216450637
216450701
216452885
216458572
216468361
216476867
216483680
216485862
216489474
216497803
216502566
216508353
216513026
216517843
216524553
216529165
216536720
216545159
216546974
216553588
216560385
216562131
216567481
216575415
216582491
216591883
216594439
216596858
216601168
216602077
216608911
216609145
216612437
216620211
216624066
216626319
216635265
216641755
216644049
216650028
216657685
216662288
216666584
216669362
216670971
216672912
216676721
216679160
216682640
216683635
216689896
216696547
216706248
216711141
216720176
216729678
216738349
216743767
216752210
216759111
216764069
216772603
216773802
216776409
216784313
216786830
216791361
216796571
216805882
216814617
216821920
216828702
216837404
216838203
216840359
216849518
216850263
216857185
216859554
216865544
216868458
216877517
216886053
216889928
216889933
216892504
216900368
216906289
216907903
216915161
216915916
216925885
216930307
216934974
216940872
216941247
216942485
216947223
216952994
216955586
216963382
216969302
216974961
216982868
216989250
216992381
216997679
217006909
217013606
217018876
217027347
217033259
217042768
217046648
217052917
217058597
217058654
217059761
217064822
217072305
217073675
217075006
217080746
217089855
217092506
217102445
217104431
217107561
217113844
217114351
217121534
217127456
217135545
217136568
217139236
217144229
217151253
217154063
217162598
217164451
217166857
217169864
217179105
217186109
217194753
217197634
217204294
217210339
217212668
217220898
217226656
217235262
217241916
217242557
217249349
217249619
217257617
217261317
217270216
217277824
217278937
217284196
217293327
217298098
217307060
217314239
217318986
217328843
217337259
217344508
217351241
217359352
217363779
217370123
217375048
217384910
217387228
217388174
217388444
217390815
217394834
217395893
217400716
217410707
217413806
217415849
217424243
217426768
217433950
217434064
217435409
217443157
217447497
217451172
217453706
217459010
217462031
217467783
217469516
217478474
217482160
217482702
217483209
217484460
217491466
217494098
217502675
217507789
217511491
217513068
217514950
217518432
217521213
217529317
217533713
217536095
217542033
217547495
217550586
217555860
217559324
217561995
217565631
217572349
217576470
217576704
217579005
217585585
217590472
217598518
217598575
217607155
217612247
217615110
217619079
217627541
217636926
217642603
217649914
217653594
217663338
217667613
217675249
217682363
217683982
217690265
217691447
217699969
217706231
217713795
217715413
217717320
217719119
217724858
217733884
217742739
217744103
217752929
217757156
217765415
217768895
217773684
217779075
217781956
217782216
217786016
217792657
217801041
217803672
217812740
217822011
217824524
217833031
217833813
217839626
217843589
217848138
217853482
217857553
217864218
217869219
217871863
217881618
217889665
217897488
217899777
217908455
217913138
217922215
217929268
217938684
217945440
217953410
217956785
217962165
217970270
217978045
217981411
217983639
217987107
217995626
218001470
218002563
218011926
218014190
218021537
218030380
218036023
218045025
218046550
218047329
218057234
218059383
218065156
218069141
218074055
218080716
218088645
218093661
218097865
218099544
218103929
218107912
218110825
218119225
218128949
218136160
218141994
218146198
218147996
218157529
218162623
218166191
218169264
218171393
218179582
218186499
218188534
218191086
218199479
218208854
218215680
218219450
218227531
218231010
218239651
218247655
218257093
218261644
218267703
218276542
218279370
218283720
218291467
218291742
218298257
218306194
218308357
218315234
218315450
218321812
218324178
218326312
218328683
218329257
218329774
218330552
218336021
218344526
218352773
218359496
218363999
218366877
218373251
218377658
218383428
218387675
218394889
218399364
218404256
218408849
218409235
218416366
218419787
218421439
218430538
218439252
218446850
218456402
218461460
218464649
218470606
218478560
218488126
218490703
218494115
218503710
218503890
218512096
218521366
218529537
218530864
218536034
218542582
218547610
218551035
218552382
218556867
218560804
218569330
218575665
218579149
218587122
218596518
218597028
218601668
218611288
218615042
218624028
218629875
218632610
218638208
218645514
218651734
218659088
218667166
218672946
218675847
218679606
218687697
218691499
218700955
218703467
218710939
218711841
218712253
218719306
218728237
218732960
218733934
218742443
218749308
218754420
218758602
218768031
218775398
218782903
218784392
218785860
218790351
218792743
218793453
218803284
218809015
218813932
218820950
218824177
218830648
218835240
218838451
218838965
218844293
218852563
218858333
218858567
218862526
218865874
218869323
218870746
218876799
218878412
218878600
218883976
218889774
218891057
218896336
218899285
218903918
218905945
218910218
218917264
218917734
218922583
218924400
218925583
218932956
218937488
218943056
218952130
218953617
218955775
218965049
218968408
218970705
218980009
218985899
218986173
218993539
219002578
219007026
219014022
219017523
219018603
219019679
219028367
219030601
219035292
219038439
219042646
219050302
219051699
219056795
219062766
219067581
219073174
219074723
219078794
219085096
219085690
219094409
219103092
219106417
219112890
219118135
219121811
219129180
219130124
219139045
219147055
219152220
219156155
219163507
219170910
219172812
219174808
219178937
219179741
219180701
219180733
219183427
219191822
219193468
219194363
219203273
219206097
219209177
219213602
219222140
219223716
219231348
219236183
219237765
219245102
219249824
219250097
219254762
219260388
219265825
219273923
219279282
219287743
219288842
219297293
219304674
219312962
219321373
219321599
219327530
219336729
219344120
219344717
219351172
219356526
219362479
219367638
219370179
219377940
219383787
219388846
219393635
219396068
219405260
219405603
219408639
219415455
219424995
219431240
219435421
219440716
219446539
219449729
219457740
219466063
219466690
219472818
219481681
219483335
219490294
219493162
219501761
219501770
219502217
219506202
219511753
219520263
219528973
219529788
219531158
219534330
219542475
219552190
219552731
219553444
219560067
219561245
219568071
219575170
219581783
219590199
219600087
219606269
219608528
219614881
219621058
219626810
219630515
219640277
219643283
219645529
219650114
219655052
219663320
219668134
219670883
219674142
219675171
219675728
219679884
219681910
219684891
219693862
219701808
219710971
219713680
219717906
219727193
219730576
219739856
219746502
219750465
219756065
219758390
219763657
219767293
219771196
219774471
219779073
219783935
219790311
219793519
219797900
219807614
219809637
219816048
219826029
219834096
219843255
219847679
219849699
219849883
219855044
219864763
219869670
219876280
219885873
219892691
219893541
219896424
219903696
219908738
219914138
219919103
219928087
219936953
219942407
219949625
219952800
219954801
219963335
219963388
219966428
219971562
219974104
219983886
219985764
219991976
219997275
220003112
220007187
220013725
220022003
220022134
220025722
220027508
220033855
220033924
220037313
220039251
220046854
220055812
220062957
220072173
220079268
220088438
220094491
220101671
220105926
220108310
220117294
220125796
220132215
220135096
220135537
220140817
220142637
220150103
220158614
220165850
220175618
220177638
220180521
220181532
220189719
220192937
220199972
220204400
220206227
220216076
220223043
220226898
220236593
220245974
220254728
220263591
220271493
220276217
220279755
220281848
220282524
220284671
220289112
220295024
220303362
220305032
220312983
220317869
220320696
220323108
220329312
220338723
220344808
220347858
220353146
220362624
220369161
220369334
220378634
220383450
220385710
220393572
220401345
220403474
220408202
220417328
220420413
220428741
220432064
220438699
220442924
220450701
220460342
220460516
220470086
220477687
220481803
220489835
220491150
220498712
220499168
220507782
220517493
220518293
220522564
220529887
220535816
220542383
220542561
220545099
220554429
220559989
220562339
220571268
220574925
220578369
220580994
220586269
220592633
220597886
220600763
220602037
220605450
220610807
220612822
220613421
220619302
220623188
220625406
220632533
220639489
220643297
220651246
220660131
220666334
220674227
220680125
220689122
220690492
220697267
220706627
220706677
220711581
220719024
220724312
220733290
220733474
220734557
220739007
220743035
220749941
220750541
220755605
220757459
220766608
220767401
220775225
220779923
220783554
220785022
220790534
220794826
220796495
220801948
220808622
220811347
220818126
220826437
220831561
220833138
220839673
220848638
220849988
220855801
220862846
220869238
220872816
220875008
220881290
220890910
220893582
220899401
220908309
220914802
220923745
220929117
220933112
220933282
220933693
220941883
220951185
220951779
220955361
220960540
220969906
220973551
220975056
220980531
220988561
220997447
221001932
221008374
221013016
221022819
221023610
221032674
221041206
221046692
221049556
221050120
221055470
221057328
221063201
221069030
221077861
221083068
221092183
221093429
221094924
221101301
221109594
221118121
221120687
221127662
221136255
221141459
221151008
221153373
221160224
221161797
221164217
221168050
221174570
221177230
221182766
221187043
221190371
221194375
221201766
221209455
221218917
221219213
221219780
221226745
221233585
221236827
221238578
221244710
221254555
221254758
221264656
221266325
221271560
221272080
221280232
221286902
221289287
221297597
221298005
221306947
221312334
221320681
221326329
221335360
221338560
221347663
221347853
221354944
221362100
221370944
221373544
221375681
221381049
221386969
221395248
221399615
221405005
221409316
221416095
221421280
221425506
221434783
221434956
221439406
221447655
221454923
221463893
221465356
221473298
221476771
221485037
221486586
221492336
221498545
221499463
221508410
221512828
221514790
221523835
221525958
221530663
221537913
221545556
221549548
221558483
221560899
221563430
221570049
221576375
221584599
221590349
221593335
221599962
221601182
221606900
221614627
221617283
221621307
221630484
221637022
221641677
221650439
221653388
221659999
221663617
221666200
221673395
221683234
221685806
221695522
221697486
221706226
221715604
221722322
221727105
221729927
221738634
221742671
221745535
221747627
221755014
221756102
221763186
221763859
221772817
221782742
221791672
221796123
221803201
221804416
221809973
221811881
221814748
221820929
221824091
221832910
221836348
221840417
221841280
221846195
221848737
221853556
221858546
221864701
221866125
221867544
221875164
221883106
221883744
221888545
221894586
221899383
221907850
221914474
221923189
221930874
221938006
221941995
221948901
221949236
221957265
221962648
221968806
221977258
221978587
221982736
221984833
221986384
221995132
222004497
222006440
222013226
222019886
222020774
222027010
222032311
222036188
222045978
222051418
222056978
222062183
222062366
222069861
222072837
222074008
222075493
222082967
222091457
222098959
222105931
222108919
222118122
222127283
222135444
222139079
222145075
222148131
222153982
222156609
222158785
222164844
222173941
222177082
222179797
222187270
222189653
222193798
222199006
222203862
222209068
222209350
222211647
222216628
222217437
222225292
222227413
222233165
222235015
222244063
222245175
222249818
222258210
222263507
222266059
222273487
222278593
222287728
222290782
222297885
222306793
222314524
222315160
222320197
222326556
222326970
222335917
222345116
222345845
222349907
222359225
222364026
222373344
222381091
222388298
222393588
222401265
222407516
222415541
222423356
222426651
222429291
222438006
222447451
222454628
222459188
222466147
222472327
222481016
222489637
222492483
222501497
222502589
222502662
222508746
222518495
222527319
222533107
222533970
222540017
222549458
222550943
222555048
222561444
222565415
222568509
222576138
222579008
222582264
222589055
222591310
222598172
222600990
222604099
222608994
222618850
222624820
222625378
222628191
222635061
222637233
222646977
222652841
222662750
222663199
222669920
222671114
222678602
222684553
222688653
222695141
222700554
222701909
222708720
222715567
222718268
222720305
222727889
222731653
222737517
222746758
222747221
222756355
222763353
222766353
222767325
222773824
222774485
222782555
222787047
222791986
222793231
222798002
222799858
222805207
222812377
222820892
222824856
222828210
222837717
222839442
222840343
222847701
222848752
222856491
222857900
222867161
222874220
222879433
222886397
222893780
222897796
222902474
222911657
222921462
222922326
222925028
222931341
222934555
222938955
222947032
222947944
222954162
222957477
222963015
222972454
222978677
222983544
222983794
222989118
222989961
222994297
222995228
223000941
223004107
223009610
223017210
223019192
223027565
223032166
223037376
223044899
223053697
223060410
223068881
223075434
223076112
223083674
223088657
223091921
223096044
223103538
223108005
223109269
223115851
223122820
223129966
223134824
223135894
223140050
223140225
223146212
223152512
223155808
223161240
223163968
223168317
223178149
223179501
223183319
223189096
223192960
223196444
223204922
223210840
223214127
223220034
223221298
223223627
223227497
223237481
223237490
223245845
223248358
223254172
223257740
223267271
223275255
223275291
223276419
223282917
223292707
223300181
223300490
223307490
223317222
223320595
223322680
223331344
223331488
223337439
223342204
223344500
223351659
223352810
223362193
223366945
223372798
223376549
223384631
223386491
223395591
223395698
223398238
223401034
223408093
223416492
223417073
223427034
223431262
223436051
223445701
223449110
223454833
223464321
223468544
223468682
223477918
223485877
223491283
223494684
223503176
223503599
223507820
223509278
223512026
223515313
223524126
223530431
223538123
223544820
223548030
223553032
223557855
223563448
223567923
223577475
223578845
223581717
223583645
223583787
223585330
223589009
223593408
223601321
223606088
223607801
223609157
223616806
223621991
223623502
223627387
223633255
223642733
223651710
223659839
223664054
223664973
223670176
223675321
223684297
223693522
223702008
223709259
223718149
223719938
223728744
223732806
223739057
223740600
223750566
223758288
223760186
223761695
223765374
223774879
223777727
223780860
223785876
223786923
223787626
223796133
223797250
223800333
223804551
223804665
223810646
223813536
223821560
223825015
223830004
223836655
223846436
223855136
223860456
223869086
223870336
223874952
223883640
223891291
223900129
223904967
223905666
223907850
223911161
223917119
223923900
223928063
223935247
223936817
223939158
223948603
223948854
223948988
223955095
223962561
223967867
223968881
223977187
223985594
223993040
223993724
223997586
224006305
224014947
224020594
224029863
224032868
224037844
224043438
224044545
224047970
224051341
224053909
224063077
224069610
224073747
224078743
224082911
224083011
224084520
224087179
224091832
224097275
224104131
224113407
224119721
224120069
224129847
224136777
224138841
224143251
224148305
224150338
224159564
224168847
224174745
224176936
224186933
224188784
224194295
224204126
224205516
224215431
224219566
224222841
224226132
224235078
224242166
224246013
224247015
224249038
224256651
224257453
224257959
224262230
224266974
224270827
224278958
224283072
224284153
224292012
224298199
224299521
224308707
224318511
224325259
224333129
224342976
224344769
224347322
224348874
224356512
224365535
224374202
224382986
224386645
224388756
224398519
224398598
224402729
224408619
224411998
224419237
224425181
224432450
224440428
224447140
224452935
224460588
224467044
224474537
224476874
224477908
224478805
224483820
224483836
224483906
224491566
224495973
224505464
224505813
224513005
224520104
224525757
224526445
224535766
224542600
224544279
224549154
224557280
224558945
224563253
224570301
224573901
224581729
224586551
224587359
224594505
224601533
224603590
224606881
224609388
224619235
224620236
224623341
224623550
224626440
224630339
224638807
224641072
224650912
224654011
224660657
224667875
224672060
224677774
224687244
224691631
224695553
224696090
224704722
224711181
224714491
224714498
224717726
224723526
224732307
224741355
224748583
224751967
224757109
224760428
224769875
224772196
224781104
224789522
224798189
224799219
224806554
224808472
224811707
224815113
224822547
224824129
224828934
224837020
224840381
224844397
224847582
224855972
224860050
224860871
224869241
224873251
224882668
224885310
224887591
224889259
224896369
224902662
224904512
224913593
224916193
224922422
224928230
224935127
224943579
224948731
224956141
224963351
224969838
224975102
224980525
224983151
224987104
224993287
224994142
224999331
225004013
225004983
225010706
225014389
225022580
225029056
225036822
225046349
225047524
225055043
225064069
225068883
225076670
225081343
225088678
225090955
225093185
225097224
225104508
225113439
225117214
225123295
225128436
225129419
225132013
225136400
225140573
225150487
225160305
225161037
225168647
225178395
225181667
225186760
225195848
225202328
225211968
225221084
225228017
225229357
225232204
225235070
225238199
225238518
225243570
225245818
225251350
225255098
225263256
225267257
225267797
225272311
225277015
225286790
225294086
225300897
225310326
225315038
225316872
225317191
225327085
225330874
225334714
225337192
225342081
225350721
225355381
225359511
225368144
225376561
225382377
225385212
225387829
225396984
225404165
225409178
225417197
225418919
225425956
225432557
225439296
225444122
225446042
225447500
225449265
225458840
225460860
225465126
225467326
225470404
225474140
225475822
225481543
225481699
225485075
225493718
225497404
225504541
225513686
225515905
225524428
225526015
225529984
225530989
225533047
225539380
225540880
225542362
225547320
225551036
225552660
225554808
225564051
225566547
225572408
225573606
225577478
225581211
225581890
225589092
225592012
225598624
225602676
225611063
225616141
225622681
225624119
225628501
225633859
225634756
225643898
225644697
225654212
225658192
225664903
225673473
225674926
225680359
225689113
225692547
225695817
225703193
225704562
225708844
225712326
225717888
225727861
225730891
225737671
225738143
225743966
225750423
225753745
225760699
225760713
225762955
225770054
225771787
225778806
225783667
225789166
225799049
225805754
225806599
225808243
225808594
225815049
225821315
225827566
225830573
225833971
225836157
225841969
225846528
225854171
225855258
225856030
225862336
225870484
225878397
225880978
225886513
225886836
225890670
225892116
225895853
225899220
225908017
225914338
225917161
225918418
225926296
225930660
225937348
225937575
225940521
225945985
225949271
225953460
225955997
225959680
225964863
225970498
225979872
225987037
225993302
226000327
226007152
226011554
226016192
226022502
226024952
226030848
226038660
226040763
226042705
226048201
226054057
226055283
226061954
226070509
226076295
226079032
226083002
226088287
226093199
226098111
226099736
226106763
226112360
226114488
226121715
226130382
226136966
226145492
226148161
226150676
226157842
226163110
226165618
226168781
226172960
226179764
226183423
226189113
226190720
226200672
226204001
226206537
226216114
226218089
226227772
226231346
226233072
226242170
226245437
226246830
226247520
226250519
226250769
226257269
226266028
226272933
226279763
226283068
226287869
226294648
226303831
226310108
226319946
226323972
226332344
226341736
226349931
226357700
226359061
226362647
226362780
226363299
226364659
226370865
226371920
226372729
226376326
226378519
226387614
226388047
226390474
226394085
226395900
226398856
226402130
226406102
226409593
226410684
226418714
226419973
226421788
226431420
226439046
226441284
226441465
226446066
226453814
226461226
226463791
226471415
226477067
226480556
226483523
226484009
226484463
226491700
226494848
226503154
226509965
226511205
226512617
226519941
226523130
226523851
226533448
226543041
226543156
226549112
226552330
226554253
226562627
226566782
226572735
226574055
226579792
226588344
226589871
226592344
226595199
226597607
226598273
226600992
226602896
226609487
226617814
226621628
226626602
226629323
226639126
226648344
226648820
226653407
226661415
226662757
226664057
226669569
226669588
226677461
226682184
226688260
226695461
226696001
226700889
226708052
226713216
226716908
226722468
226725816
226727154
226735791
226740898
226742559
226746795
226753970
226755376
226760529
226768385
226774696
226780085
226784507
226790652
226794527
226803058
226810730
226819386
226823385
226832112
226836435
226844802
226851906
226855969
226859785
226861903
226865103
226870663
226872807
226881314
226888911
226892790
226901047
226902612
226906595
226912264
226914613
226917268
226927233
226932661
226938880
226944928
226945960
226949918
226957007
226958693
226960885
226965301
226968887
226976766
226986109
226992306
226998322
227001675
227010393
227013633
227016269
227021964
227025448
227033236
227041861
227048101
227049752
227051773
227054132
227060493
227067181
227077180
227080451
227082516
227084627
227091177
227094123
227098227
227101360
227109239
227113518
227113756
227114631
227120401
227121778
227123674
227125146
227134342
227135105
227144293
227149549
227157096
227162467
227163062
227171238
227176617
227178685
227179034
227183725
227191773
227194289
227196264
227202209
227205523
227209589
227217797
227226975
227230155
227239815
227242985
227245708
227254513
227255606
227260390
227261056
227267652
227274567
227284011
227285270
227290202
227296414
227298406
227303237
227305929
227311672
227313438
227317337
227319394
227321952
227323125
227328080
227336943
227345179
227347709
227350815
227358471
227359810
227369771
227375314
227379397
227387825
227388543
227395613
227404133
227405190
227407690
227411555
227420197
227426197
227432799
227436749
227444071
227449973
227456268
227465177
227465318
227474065
227478607
227487777
227494141
227500877
227504658
227508500
227508981
227516273
227524242
227524247
227530521
227533260
227534830
227544006
227552004
227553828
227557719
227558095
227560156
227567196
227576037
227578675
227582200
227585999
227588078
227593004
227598324
227605018
227614078
227622608
227626386
227627557
227633400
227638496
227644393
227650983
227653541
227655507
227663460
227664523
227673878
227683524
227683830
227684580
227691516
227699456
227704861
227714353
227715238
227720424
227723357
227725999
227728171
227732382
227732845
227736759
227744888
227752969
227760540
227768856
227777924
227786844
227794487
227799494
227808109
227814135
227821291
227822054
227831861
227834980
227841849
227842675
227848796
227853544
227855138
227856919
227862296
227869280
227873135
227875526
227877089
227883914
227888142
227891587
227892825
227900526
227903618
227905438
227912893
227914754
227921897
227930277
227933785
227935454
227942318
227943321
227949252
227950732
227958500
227961399
227970380
227978470
227986463
227992879
227996461
228000877
228003182
228011279
228016051
228023203
228024186
228030749
228036225
228036431
228042152
228044146
228046036
228046334
228054177
228057378
228062394
228069404
228069516
228079045
228085474
228090973
228093253
228095582
228098148
228100264
228103955
228113453
228114497
228116122
228124698
228124731
228129701
228132386
228138529
228145403
228153203
228159300
228163702
228172432
228179141
228183865
228188687
228196643
228199420
228204165
228204975
228206934
228216465
228222752
228226576
228229643
228235671
228242896
228248497
228251689
228259312
228261212
228269457
228271394
228276876
228282056
228290736
228292539
228299112
228302225
228311186
228313013
228314245
228317164
228318975
228321270
228323344
228325364
228332837
228339339
228342154
228345746
228352651
228353532
228360478
228368992
228376094
228379605
228380355
228380775
228389362
228393216
228396488
228404747
228414413
228419826
228426965
228432734
228442554
228448697
228454623
228464148
228472620
228474502
228476926
228486175
228496045
228502577
228505737
228507482
228510181
228513358
228516924
228520042
228523728
228526767
228530197
228538662
228542455
228543445
228551793
228555688
228558611
228566611
228575881
228578832
228578975
228582127
228585590
228590689
228598834
228606700
228609048
228610707
228619469
228626598
228632883
228633815
228641057
228644545
228648373
228654393
228661150
228667822
228668284
228670155
228675813
228684764
228692508
228696095
228697441
228702227
228705085
228710853
228715502
228715838
228725659
228733781
228743184
228749022
228753204
228762157
228766503
228774166
228776030
228784298
228794076
228794084
228798839
228807995
228817330
228826846
228830949
228838742
228845088
228845402
228846505
228848579
228856295
228863601
228864028
228864199
228872689
228880492
228884051
228888638
228890369
228899885
228908568
228913706
228917726
228926860
228932051
228934598
228938630
228938887
228947634
228949707
228957540
228958248
228960022
228963093
228966666
228976340
228982792
228989238
228992834
229001837
229005316
229011835
229017689
229018729
229024897
229032184
229040345
229046212
229055097
229056713
229058970
229064929
229067557
229069515
229074232
229075660
229075998
229076385
229078578
229081168
229085669
229088956
229096068
229104743
229109941
229116325
229122654
229130790
229139198
229143311
229150641
229152396
229158116
229167249
229175509
229183437
229184135
229187115
229188207
229192376
229200013
229207380
229211825
229220158
229221294
229223758
229230410
229237248
229246644
229250625
229257708
229263848
229265633
229267558
229269269
229275063
229277074
229277216
229280659
229285410
229288792
229294599
229303010
229307718
229316658
229318249
229325493
229334017
229339921
229349600
229354368
229354466
229363760
229372447
229381425
229388712
229388759
229397715
229400353
229407149
229415484
229421456
229429228
229432212
229437550
229445613
229451809
229459437
229468494
229470534
229472461
229473642
229474938
229480236
229488604
229489465
229498442
229501702
229503564
229508403
229517746
229517763
229521958
229529244
229535929
229540657
229546632
229552431
229560072
229568898
229576436
229585259
229585683
229590924
229595527
229604394
229606418
229612304
229622156
229622795
229627663
229636665
229641023
229642288
229646089
229654320
229656103
229662388
229662982
229670045
229676128
229683502
229690148
229697870
229702568
229707736
229715281
229715420
229725265
229727871
229735721
229737879
229742290
229744998
229746601
229755414
229761455
229763777
229764361
229771019
229778755
229780835
229785909
229794970
229800623
229804440
229810777
229811908
229818129
229825485
229834547
229843118
229848255
229856114
229859993
229863895
229872635
229882207
229882420
229888249
229893275
229897461
229899098
229903280
229905433
229915306
229915962
229917263
229926238
229926254
229934458
229939423
229946701
229955824
229959968
229967864
229969937
229971183
229976994
229983686
229986523
229990611
229995879
229999218
230000277
230003932
230005102
230006792
230010130
230020036
230023779
230026817
230030932
230032009
230038750
230046467
230049994
230050356
230056405
230058660
230064024
230070324
230074976
230083329
230091896
230099293
230106686
230111010
230120145
230126221
230133050
230139076
230142394
230142559
230150125
230155650
230161723
230164222
230168420
230169458
230176341
230180363
230189892
230190970
230197297
230204173
230210005
230219656
230228810
230237193
230238803
230241596
230249417
230255250
230255753
230260597
230260947
230261033
230266813
230271072
230272797
230281227
230285456
230294143
230302458
230305471
230308211
230314225
230315908
230323671
230328273
230334718
230336860
230342340
230346942
230347409
230352174
230358964
230363992
230367409
230372442
230381817
230389290
230397629
230398092
230405767
230411140
230419687
230420001
230429348
230439165
230445598
230448364
230454030
230459074
230463739
230472959
230479877
230486144
230489800
230494012
230503636
230510149
230513125
230518219
230520314
230520352
230524375
230530695
230532475
230538786
230541170
230545508
230548645
230554954
230555904
230564459
230574352
230583548
230592653
230601564
230603627
230608221
230612425
230618175
230628125
230635651
230638536
230642815
230644801
230647255
230651890
230658110
230662858
230670056
230678043
230680672
230687367
230693801
230698868
230707251
230714515
230720385
230729904
230734823
230738289
230742873
230748171
230756780
230762681
230769741
230776890
230783521
230791450
230792378
230794322
230794705
230796978
230798485
230807930
230811683
230819495
230826439
230830661
230838045
230842906
230846789
230849494
230857502
230866693
230867978
230873957
230881470
230882247
230889226
230891472
230895991
230901619
230910903
230919524
230926210
230930996
230938764
230939566
230945638
230947378
230947630
230949591
230950859
230951809
230952331
230958522
230962743
230968318
230972760
230974288
230977679
230978079
230978172
230987390
230996298
231004026
231010277
231016556
231022836
231024279
231027607
231030440
231037589
231045728
231053591
231060969
231065133
231065915
231071422
231073854
231083243
231092957
231098087
231101935
231110259
231114784
231117491
231121593
231128109
231133393
231135792
231139397
231143250
231147946
231156443
231157366
231159516
231168026
231173700
231179655
231182977
231183809
231187639
231190818
231191168
231192718
231194210
231202856
231212554
231215839
231219900
231225949
231233410
231238027
231238480
231239206
231240345
231246925
231250497
231260023
231269284
231279127
231285066
231290148
231298098
231305125
231306343
231314794
231318756
231325637
231325919
231330525
231337211
231337866
231339528
231342092
231346287
231346999
231355521
231362131
231367799
231369285
231375522
231375916
231385445
231391993
231396051
231404659
231413668
231417929
231426074
231433963
231440696
231441889
231445150
231445482
231446214
231453770
231454800
231456328
231461484
231468199
231469319
231472697
231473062
231474667
231476963
231483878
231493840
231496819
231505384
231513559
231519656
231526817
231536310
231543783
231549530
231555879
231564638
231565363
231568182
231574118
231579494
231586532
231588990
231591617
231601507
231602894
231605355
231612050
231613651
231618754
231619528
231624333
231630536
231638570
231640390
231646639
231648337
231648723
231654236
231654781
231662524
231670224
231677475
231681468
231689055
231696101
231702473
231705377
231712643
231715787
231718774
231725354
231727214
231732389
231735387
231735738
231738611
231739377
231746291
231754001
231760119
231766349
231769997
231779216
231782682
231786105
231794982
231803283
231803378
231812250
231813516
231816985
231823734
231826364
231834796
231839196
231844990
231849155
231855847
231857650
231865080
231866723
231874777
231883982
231888006
231892122
231897907
231902253
231910070
231915145
231920044
231922148
231924276
231924277
231930230
231938892
231940721
231947638
231950090
231952349
231956122
231960528
231963103
231969160
231975944
231976052
231977796
231985413
231986762
231994217
231997357
232003719
232009996
232015432
232023926
232024694
232030935
232037517
232043652
232046779
232047047
232052300
232057598
232058141
232067593
232068820
232075013
232079527
232088194
232094746
232103781
232109239
232114094
232117433
232125296
232131192
232137629
232142874
232149660
232155801
232159930
232161357
232168129
232176611
232183131
232189594
232197485
232202480
232211189
232217663
232227583
232237343
232241478
232249094
232257826
232265938
232274879
232276842
232278959
232287905
232288565
232294659
232304257
232309321
232312578
232322265
232322811
232323733
232331183
232340376
232348727
232354517
232357327
232361910
232370338
232379902
232384587
232392445
232399496
232401738
232409539
232416170
232416917
232418513
232420508
232427113
232428879
232438345
232447233
232447516
232455283
232457016
232461138
232468711
232472445
232481921
232484969
232485483
232490881
232500165
232501666
232505266
232506551
232509197
232513209
232516788
232520463
232529780
232530364
232531878
232535026
232540885
232541904
232547179
232552379
232557493
232563011
232570321
232572088
232574570
232578409
232579634
232584034
232585368
232594533
232599406
232604771
232606823
232609484
232615523
232622246
232627803
232634359
232637369
232640832
232644432
232649921
232651794
232658575
232666509
232669216
232672832
232678083
232680231
232685123
232693049
232697688
232697834
232699846
232702951
232712252
232716895
232717752
232721063
232730357
232735344
232740177
232746706
232748038
232756655
232762160
232771504
232775078
232775729
232780492
232784189
232787786
232796132
232804359
232806508
232806609
232809597
232810475
232814453
232824322
232825063
232831596
232841127
232848484
232855681
232865345
232875146
232877310
232877628
232879489
232887359
232897280
232904815
232907236
232914074
232923432
232926708
232935154
232939836
232946483
232953873
232956655
232960235
232960825
232961773
232969738
232972661
232974262
232975170
232979430
232982185
232983318
232985764
232993098
232999735
233009524
233013177
233015651
233019509
233024193
233027996
233032953
233042760
233045540
233054727
233058192
233067367
233072394
233077097
233086668
233095513
233099769
233103115
233111945
233116455
233120446
233120959
233124296
233131944
233132409
233133247
233137461
233139590
233145724
233148710
233152279
233161299
233166773
233170082
233171560
233172734
233176674
233183052
233191640
233193208
233203177
233203503
233210316
233218047
233220328
233224540
233225134
233227815
233227974
233234427
233234488
233243114
233252839
233257531
233264406
233268443
233270691
233276523
233279393
233289062
233294747
233303036
233303806
233309380
233312693
233319573
233320551
233328772
233329693
233337024
233341542
233345338
233351020
233358013
233365983
233371016
233378727
233384460
233385385
233387702
233394423
233398061
233407052
233411416
233417033
233425014
233431114
233435168
233440439
233441916
233447733
233449602
233450383
233450615
233455367
233456420
233462557
233472432
233475870
233484162
233491242
233494613
233498510
233501861
233505837
233507234
233511259
233512673
233513341
233519711
233528885
233533397
233536603
233540381
233545079
233548410
233555024
233562126
233566549
233570292
233572389
233575390
233580323
233585349
233592988
233598913
233602622
233606022
233614717
233619587
233621900
233627466
233635928
233637923
233639248
233644061
233653176
233662736
233663579
233667348
233670633
233678533
233685518
233686475
233687462
233691733
233695999
233704989
233708209
233716992
233722431
233723545
233728903
233738054
233743311
233745814
233748073
233749331
233758759
233767018
233769872
233777316
233783310
233786711
233793414
233799137
233805000
233806082
233814796
233819931
233824506
233831033
233840614
233850082
233854824
233860347
233864845
233865744
233872055
233872275
233875606
233879008
233885784
233892033
233895349
233896612
233906289
233908060
233909967
233918232
233923604
233925535
233935462
233938832
233947891
233949539
233955942
233958574
233962352
233963245
233973081
233977450
233980029
233981142
233982452
233987637
233990893
233997233
234003258
234008539
234010640
234012215
234018310
234021755
234030367
234031166
234036526
234041665
234042351
234044301
234046680
234050930
234058238
234061485
234068177
234068278
234068687
234075807
234085745
234086805
234096002
234098680
234102331
234107445
234110717
234116154
234125210
234125794
234127862
234128492
234128785
234135733
234140283
234149808
234149820
234155052
234162686
234169549
234170554
234174291
234182959
234192529
234194136
234201271
234206446
234211128
234215371
234220136
234220383
234228675
234232951
234234974
234243051
234251951
234256216
234257620
234261713
234270031
234271787
234277184
234281472
234285039
234287455
234292364
234294842
234298961
234302602
234309946
234316981
234318523
234328055
234332571
234334077
234344054
234346279
234355108
234356473
234360686
234369493
234377344
234377617
234377980
234382520
234391071
234394929
234396552
234400823
234405805
234410670
234415463
234416154
234416865
234424553
234429625
234433653
234435604
234443695
234449299
234451683
234461303
234463954
234469496
234475036
234477036
234486067
234489566
234490628
234492902
234494841
234500783
234503070
234512455
234516114
234516247
234521634
234531428
234539787
234543820
234551293
234553473
234555851
234562475
234568007
234575005
234584008
234584498
234585480
234590591
234597558
234606564
234610949
234612204
234618089
234621076
234627808
234631220
234633586
234642863
234645666
234645720
234648039
234651591
234657837
234666761
234670489
234677354
234678070
234685780
234687021
234696610
234696802
234697895
234707152
234709423
234716595
234723035
234732204
234734184
234737978
234738324
234747643
234748928
234753771
234760621
234763068
234770417
234773494
234782950
234785752
234793356
234797170
234800779
234806882
234814088
234818713
234828640
234834943
234838759
234843728
234850244
234857166
234863142
234866313
234868814
234869818
234877621
234887515
234896615
234903126
234911459
234917449
234918239
234922049
234923692
234930775
234933490
234942275
234947901
234955768
234963440
234971212
234979972
234986551
234987474
234992229
234993464
235002934
235003335
235006565
235011468
235020473
235029221
235030424
235034436
235038070
235039450
235043792
235045346
235049185
235057741
235067138
235076565
235082741
235084886
235092049
235092602
235100383
235100863
235110461
235117035
235123988
235133452
235141098
235148116
235148804
235149501
235151822
235152187
235161405
235164768
235172974
235176016
235185960
235193714
235200609
235209594
235213478
235219259
235226364
235228112
235229193
235237902
235246574
235254235
235254424
235257117
235264008
235274008
235282173
235288630
235288904
235295023
235296185
235298051
235305402
235307262
235308791
235317794
235320131
235329662
235331434
235340337
235342653
235343860
235352555
235360079
235368519
235378361
235384870
235388756
235391505
235394166
235397710
235398528
235401306
235402402
235412178
235413770
235422847
235432341
235434490
235443823
235448225
235450125
235458700
235463194
235468768
235472977
235482073
235491056
235492377
235499827
235509409
235512827
235514627
235520457
235524478
235525019
235534777
235539703
235545083
235548031
235555901
235556457
235563418
235573344
235575353
235581274
235581800
235585397
235589793
235589825
235596011
235597934
235600679
235608383
235615420
235624474
235629236
235634201
235640508
235645779
235653917
235660210
235669510
235677138
235679410
235682974
235691268
235692265
235697794
235702915
235706932
235714488
235721196
235727791
235731612
235736153
235744207
235746826
235754955
235758240
235759292
235765745
235766622
235768376
235769607
235777266
235777737
235783533
235791512
235801411
235806872
235813517
235814982
235823528
235827911
235832402
235838825
235841615
235848755
235851849
235856905
235860076
235860590
235861166
235863490
235871704
235874603
235875158
235884341
235889379
235897558
235906425
235906447
235908012
235913628
235916728
235921499
235922642
235926029
235935468
235942349
235946051
235947852
235947873
235953324
235955060
235958971
235967284
235977199
235984249
235989986
235991638
235999164
236005515
236005711
236007620
236011885
236016848
236022065
236024472
236028527
236037063
236039826
236040751
236043989
236050423
236056442
236061663
236068308
236073198
236073715
236080079
236086762
236093009
236101586
236108130
236115219
236116189
236120975
236126359
236129072
236132429
236136431
236143287
236152743
236152999
236156203
236158184
236158213
236161303
236162923
236170972
236175464
236178979
236185554
236194431
236200755
236209513
236219031
236220119
236229247
236232152
236237444
236240102
236245245
236249985
236257581
236265484
236274821
236279929
236285938
236291209
236292231
236300272
236303723
236311476
236312073
236318054
236324257
236324805
236328300
236334567
236342610
236342734
236351189
236352241
236354632
236362918
236371135
236378567
236385628
236388649
236393787
236403364
236411691
236421604
236428403
236431444
236439775
236444585
236453273
236459299
236461701
236471233
236476736
236479096
236481599
236486883
236490741
236494727
236503224
236507853
236516621
236521295
236527669
236528797
236532095
236537983
236543674
236550657
236555618
236561488
236566994
236572892
236581129
236582409
236589813
236595802
236599057
236602712
236607919
236611834
236617928
236623017
236626171
236633739
236636340
236641330
236650243
236660038
236662802
236672366
236675116
236675648
236678944
236686761
236688277
236691981
236695914
236703378
236711362
236711457
236720568
236723589
236732011
236737606
236741918
236749607
236751883
236752923
236754575
236762359
236762574
236762656
236770224
236776051
236779451
236787214
236792003
236797723
236798134
236805735
236809694
236811879
236820128
236829336
236831131
236833940
236836287
236836540
236846023
236849243
236852529
236854916
236863934
236868532
236872108
236877126
236881746
236889765
236896133
236899526
236903890
236905556
236909829
236909894
236918057
236926274
236933563
236940447
236943617
236953311
236953880
236959417
236965688
236972348
236975770
236978244
236979378
236984551
236992155
236995221
237000918
237005911
237008834
237011662
237011726
237016361
237019493
237028185
237034443
237037231
237042053
237044383
237044414
237051579
237054041
237058960
237062083
237069989
237079590
237080724
237088040
237090465
237096024
237106004
237112710
237120249
237123231
237130222
237132654
237133475
237133951
237137131
237143146
237150244
237159073
237159262
237165107
237174265
237180035
237182313
237189028
237190099
237192391
237197364
237205134
237208301
237217095
237225835
237231648
237233411
237238350
237243132
237250835
237257677
237260068
237261409
237263448
237271015
237279322
237283610
237292173
237301806
237302738
237307860
237310954
237318649
237320782
237322789
237327759
237336183
237343045
237353042
237361411
237365153
237370442
237376519
237386114
237394952
237399161
237402182
237408606
237413274
237417476
237419406
237419553
237425576
237433233
237434617
237440333
237448007
237455167
237462490
237472322
237475009
237480729
237486671
237492077
237499415
237509366
237512335
237520825
237529289
237530423
237532778
237534069
237543927
237549738
237558729
237565293
237572158
237579317
237583747
237585567
237593209
237593722
237598761
237606799
237616009
237623973
237632075
237639321
237646607
237649786
237657328
237659896
237669098
237676012
237682042
237682579
237685304
237688215
237690028
237690790
237692106
237695681
237701093
237707787
237711363
237720562
237728591
237738355
237748170
237748678
237752179
237757543
237759832
237766545
237769556
237776936
237786023
237795285
237802118
237808587
237810235
237815738
237819267
237819665
237820463
237828311
237833253
237839562
237845982
237853896
237859194
237865991
237870183
237873794
237877691
237886132
237895968
237899068
237906707
237915393
237923186
237928987
237930151
237932227
237941871
237943371
237949540
237955705
237957822
237964187
237971570
237978425
237984598
237987317
237992337
237993896
237994554
237998362
238001370
238009259
238015388
238023783
238027598
238030062
238037294
238039513
238045772
238048994
238058542
238059249
238067717
238075259
238079377
238081638
238086789
238089878
238090377
238093642
238095816
238101431
238102026
238108265
238117975
238126015
238132736
238141969
238145213
238148185
238149942
238155184
238164434
238171939
238178707
238179361
238181771
238182542
238189360
238198479
238203003
238209880
238212898
238218302
238228212
238229304
238236561
238237192
238242478
238245468
238252319
238255891
238257342
238262166
238264113
238272414
238273470
238282560
238283484
238291748
238294812
238301982
238302041
238309810
238310489
238312693
238320694
238329665
238332487
238338145
238341501
238343321
238349466
238355981
238360825
238363022
238366426
238376003
238383198
238390273
238394047
238399136
238399973
238403658
238408411
238415451
238422829
238426648
238433806
238434267
238438155
238438446
238446825
238454439
238460504
238460974
238468153
238475800
238481581
238486919
238495955
238504407
238504751
238505478
238507050
238508277
238517813
238524359
238524961
238529115
238532209
238540873
238541915
238549171
238556025
238563761
238567456
238569845
238579213
238579418
238584252
238591298
238601159
238604763
238608879
238617333
238621173
238621806
238626211
238630942
238633605
238637152
238644594
238651779
238659896
238660112
238668583
238676461
238677368
238681114
238683418
238692312
238700351
238709851
238714456
238715287
238721846
238730962
238739217
238741681
238743179
238745302
238751925
238760803
238762292
238762407
238765770
238772653
238781765
238783089
238785200
238787249
238797211
238802825
238811434
238817936
238823960
238832609
238837600
238847146
238848206
238856648
238864207
238868169
238869434
238874772
238881056
238884453
238891877
238896138
238901127
238903453
238906345
238907957
238916704
238920132
238920811
238929254
238931177
238938951
238947163
238948614
238957356
238958768
238961070
238970429
238975999
238978735
238985907
238993375
238995526
239001105
239010849
239014231
239018923
239022368
239027070
239027229
239034216
239042894
239052826
239052888
239062831
239066998
239074570
239076852
239084840
239088512
239093180
239095518
239101390
239101497
239105108
239106846
239114237
239121931
239131426
239132430
239141920
239151071
239155737
239162549
239165951
239168125
239176300
239185352
239194496
239195131
239200207
239204702
239211285
239215968
239221017
239228345
239232120
239241091
239241472
239248067
239251212
239261015
239266171
239268994
239270608
239274381
239277126
239285883
239294031
239296602
239305151
239306101
239306423
239309498
239311314
239316769
239321833
239327451
239336233
239336736
239343423
239348022
239353336
239355880
239362998
239367141
239372833
239375986
239385464
239392158
239394378
239394910
239401220
239408182
239417928
239426889
239426905
239433499
239443403
239445997
239453854
239459209
239465742
239466111
239472094
239478472
239483331
239484756
239494744
239498290
239507125
239508107
239510505
239513338
239523221
239531042
239537483
239542750
239544976
239550683
239553931
239556751
239559888
239562425
239564741
239574098
239580912
239581390
239590065
239594011
239601545
239608442
239614512
239622170
239622572
239626883
239632334
239639587
239641262
239649425
239658898
239659242
239669194
239677634
239684634
239684775
239689924
239693273
239697360
239705507
239713551
239719236
239727157
239727715
239730288
239734480
239739350
239749038
239755117
239764250
239771584
239780035
239784776
239792669
239796629
239800658
239809245
239814927
239818125
239825644
239827499
239832714
239834433
239843220
239849855
239850342
239857911
239858669
239861472
239868865
239873230
239873351
239873494
239879710
239883632
239885869
239892251
239900854
239902039
239902263
239909153
239913392
239922997
239927485
239929576
239929810
239933137
239935768
239940918
239941190
239947231
239949024
239952735
239961921
239971231
239978814
239979713
239986186
239993492
239994323
240000468
240008285
240008832
240009980
240011451
240012283
240018157
240022920
240030636
240040118
240046674
240053530
240062448
240071753
240079883
240085924
240086189
240087176
240093232
240101636
240107046
240109484
240116869
240121490
240127018
240136582
240137464
240146385
240152522
240162461
240165358
240169682
240178088
240184437
240189819
240198045
240205966
240211353
240212833
240221117
240230391
240237128
240240370
240243007
240250389
240253102
240257436
240267341
240273887
240280191
240287268
240288374
240293438
240302251
240305092
240306200
240312529
240322421
240331321
240335490
240343189
240349433
240354700
240355017
240362138
240368466
240370206
240377509
240378668
240386221
240391504
240398301
240399084
240404364
240413298
240420168
240422304
240426815
240434593
240435725
240445184
240450637
240453346
240457574
240464253
240473684
240482194
240490659
240497003
240505589
240509905
240514834
240523773
240527218
240529186
240536059
240537500
240545148
240545460
240549733
240550293
240551419
240554492
240561090
240571080
240577236
240586438
240592036
240599323
240605569
240611957
240615853
240625733
240629967
240639442
240644955
240648213
240657254
240665499
240666848
240672467
240679133
240679690
240681925
240690544
240691562
240695775
240696991
240697871
240707452
240711373
240712152
240716418
240725603
240730385
240733024
240736537
240737234
240740244
240744939
240745319
240750930
240759854
240761103
240766324
240768637
240777131
240786080
240786125
240795204
240796631
240803607
240812753
240822464
240830006
240833086
240833336
240833610
240841253
240847932
240857250
240865123
240870337
240871625
240873032
240880828
240889947
240892820
240900604
240903605
240905954
240912222
240921752
240924780
240928843
240930168
240936181
240946088
240948732
240958191
240964889
240974385
240979878
240980183
240985664
240988222
240992668
240995177
241004537
241004591
241008680
241010982
241014767
241023648
241026569
241035199
241044001
241053932
241055881
241059990
241067562
241070089
241078978
241087715
241092855
241093345
241098215
241105966
241115363
241121916
241131078
241134444
241139832
241142774
241145670
241155249
241159126
241166799
241173035
241176624
241185147
241189993
241191522
241201320
241210034
241210814
241218971
241228794
241236333
241243636
241250560
241258495
241260209
241269047
241278527
241286263
241289676
241293436
241299371
241308574
241313877
241322576
241323764
241331222
241334265
241337470
241345756
241350066
241359034
241368557
241373213
241380530
241384260
241386252
241388975
241395764
241401242
241402868
241410834
241413767
241417668
241418943
241419329
241426856
241434619
241443316
241448683
241449481
241458954
241461802
241463104
241469976
241472187
241479588
241487561
241493453
241503254
241505373
241510458
241517960
241524892
241533318
241538412
241545219
241553981
241560139
241569201
241572795
241578983
241588889
241593752
241599694
241601923
241605536
241615036
241616998
241625939
241635641
241644054
241650179
241657355
241666689
241675455
241683252
241692448
241693072
241702767
241711979
241719831
241722986
241723304
241730020
241732713
241736299
241743328
241744367
241746582
241749645
241757280
241765559
241770469
241773815
241777445
241777947
241782284
241783035
241784195
241786540
241795215
241801160
241810067
241814993
241819822
241829607
241837187
241838983
241841953
241851713
241859576
241866131
241871133
241872294
241875535
241882064
241891119
241894678
241897475
241897659
241897666
241899296
241901267
241909573
241919395
241922668
241925728
241935328
241936177
241944691
241954427
241962773
241971142
241977261
241977927
241981934
241988388
241994038
242000630
242003969
242013375
242021271
242025959
242033061
242037012
242043192
242052823
242058116
242065049
242073518
242075549
242084643
242090598
242091239
242091436
242097253
242100934
242110559
242120530
242129422
242137792
242139940
242140728
242146520
242149499
242158483
242160534
242164014
242173874
242174541
242177370
242180141
242189459
242198121
242198219
242204548
242207437
242211409
242214820
242219061
242222182
242225341
242231426
242239269
242244044
242251545
242252773
242254336
242261482
242265223
242272126
242278032
242279318
242289299
242298214
242303242
242306249
242312904
242315004
242322763
242330880
242334624
242342880
242349542
242352291
242354326
242355646
242360365
242364637
242368613
242375623
242379306
242382543
242385866
242390978
242398040
242407392
242412014
242418361
242423271
242429079
242432789
242436862
242439515
242444816
242452227
242456234
242462774
242469752
242474798
242476037
242476378
242485697
242493620
242494786
242504348
242514155
242519686
242524301
242526239
242527146
242528432
242536654
242540780
242546051
242555670
242562863
242569038
242572898
242573091
242577237
242582740
242586990
242591907
242596687
242603868
242612371
242620062
242623527
242630036
242639207
242644186
242650765
242656229
242665453
242668739
242676149
242677995
242683643
242691150
242693688
242703349
242705807
242714455
242715023
242720800
242726395
242731414
242738434
242739872
242743415
242752878
242761897
242768167
242768378
242771110
242773247
242781866
242784792
242784812
242793925
242797418
242805619
242813007
242820631
242824268
242833624
242836144
242840543
242848701
242852224
242857061
242858301
242865962
242867048
242868820
242872625
242882216
242884183
242885277
242891093
242891235
242897516
242904751
242910369
242916855
242924984
242925890
242929407
242930995
242937152
242940039
242946875
242947703
242953893
242963537
242970101
242971973
242973523
242978646
242985085
242991843
242998620
243004167
243005722
243008405
243011656
243012321
243013764
243021586
243029257
243038286
243044173
243048415
243053211
243053996
243058085
243066811
243072984
243081673
243088249
243097393
243105104
243106044
243114884
243122657
243131689
243139300
243144977
243148069
243156350
243166022
243166349
243167316
243175899
243181659
243188665
243194840
243197273
243203888
243206462
243206729
243208476
243213987
243219270
243222480
243229414
243232741
243237977
243245192
243249315
243250154
243257005
243265766
243272838
243274160
243278132
243286791
243290836
243298951
243302009
243309696
243319686
243324423
243331585
243338913
243348593
243349577
243357450
243358119
243364700
243373583
243382619
243388258
243391662
243398985
243408532
243411418
243415430
243423363
243427437
243434020
243441071
243449371
243455585
243464343
243474188
243482877
243485972
243492261
243501662
243505147
243511845
243518809
243525007
243532015
243538825
243544463
243548909
243554658
243559107
243568008
243569883
243573317
243573654
243580313
243588485
243592058
243596771
243605964
243613290
243621999
243624780
243632764
243635020
243641447
243651214
243653756
243658000
243658973
243660750
243667173
243674645
243677836
243680221
243687480
243695112
243703280
243706990
243709242
243716904
243717667
243717685
243726666
243732287
243737821
243746935
243748183
243757737
243758220
243762900
243767653
243770431
243772383
243781886
243791666
243793841
243798202
243805224
243814211
243814736
243819152
243820087
243822641
243822759
243831888
243835758
243842004
243843638
243850465
243856145
243864518
243873802
243880276
243882169
243891613
243894704
243900417
243900650
243901817
243909351
243912286
243918532
243919134
243919719
243922875
243923865
243931460
243936881
243937141
243939489
243940621
243947218
243950209
243959843
243967328
243974349
243975914
243979940
243986548
243992511
244000713
244010283
244012479
244021207
244031099
244031251
244038005
244042753
244044352
244052936
244054712
244059887
244063607
244069664
244070039
244075788
244082543
244087312
244093762
244094537
244095084
244103076
244103171
244107569
244113476
244115537
244116749
244121790
244123471
244125316
244135271
244135951
244144017
244151760
244157681
244164474
244173970
244176083
244176491
244177880
244178285
244178495
244183037
244189358
244196750
244198160
244205223
244210998
244213669
244223003
244226252
244228499
244237114
244239085
244248197
244250012
244256897
244262724
244263803
244266373
244271630
244275552
244280343
244283783
244287393
244297075
244301596
244303302
244304493
244313166
244314093
244317634
244325224
244333346
244337935
244347588
244353100
244358529
244365638
244366049
244370994
244378797
244386716
244389186
244398901
244404124
244407939
244412765
244422509
244423521
244427095
244429475
244429976
244437762
244439638
244447233
244453371
244459464
244462781
244469919
244471822
244476420
244478405
244488341
244492018
244498719
244508551
244513937
244522499
244526062
244533337
244541638
244543852
244553548
244561841
244562857
244569508
244574419
244584269
244589856
244594665
244598041
244600524
244602956
244604336
244606854
244608423
244613749
244616315
244619780
244623039
244627537
244631290
244637542
244644391
244646280
244652430
244654042
244656812
244660836
244667832
244675484
244677963
244686589
244688231
244688942
244692955
244696034
244697598
244700925
244708568
244709525
244716722
244722152
244726970
244729438
244735174
244738748
244745947
244746764
244747321
244754219
244758168
244761915
244766811
244773655
244777027
244780709
244782875
244785940
244789008
244793524
244795965
244803878
244812906
244814174
244818021
244826766
244835961
244838659
244839069
244842108
244842388
244846612
244852963
244859623
244869139
244869757
244874008
244882188
244889428
244894441
244903573
244908870
244913151
244914569
244917407
244923290
244931616
244937061
244940078
244948540
244957549
244966625
244973943
244974563
244974781
244981123
244985817
244993940
244998005
245001475
245007089
245007465
245013300
245021874
245028408
245035687
245036147
245038365
245045703
245050510
245057807
245067350
245070027
245079909
245089837
245095614
245096451
245106096
245114657
245118439
245121243
245124979
245128526
245136171
245143024
245148213
245151709
245159077
245168790
245177882
245184836
245193242
245201285
245203540
245204567
245213475
245220219
245228186
245229395
245238826
245248317
245256945
245257889
245266712
245274267
245279911
245286687
245296013
245299782
245307058
245315348
245316538
245320790
245324932
245327778
245332617
245335308
245345257
245348911
245356170
245362862
245367197
245375048
245381823
245386946
245395948
245396464
245398006
245402826
245404225
245406051
245411388
245411584
245414139
245421595
245426628
245434439
245444106
245447643
245449933
245454927
245455542
245457046
245462761
245470966
245477782
245479323
245487397
245487703
245492973
245499799
245509216
245515308
245515633
245522058
245528921
245535834
245539305
245540496
245547952
245552992
245556245
245561123
245562244
245569085
245576017
245582304
245582779
245592289
245597825
245600865
245609077
245613448
245621149
245630240
245636930
245646542
245654022
245656703
245661220
245661557
245667674
245674341
245674913
245682935
245689152
245693691
245699044
245707028
245713593
245720589
245729566
245732080
245736093
245743117
245747992
245749373
245751792
245752478
245756020
245759527
245765738
245768099
245768738
245775464
245777876
245781172
245782152
245789168
245795573
245801260
245802333
245803026
245804918
245804976
245810104
245811245
245812861
245817042
245825230
245828177
245830337
245838524
245843732
245851312
245856974
245864376
245871503
245875138
245876087
245885495
245892368
245893451
245893617
245899743
245903251
245913098
245915627
245917842
245924523
245934132
245937509
245947375
245955378
245963314
245969667
245975778
245982856
245991149
246000498
246000971
246007077
246008734
246009667
246015345
246016862
246023153
246031856
246039965
246042145
246051021
246054126
246060454
246060688
246069398
246070514
246078458
246082994
246091444
246093032
246099952
246107412
246111816
246113285
246123103
246125010
246130312
246132971
246133565
246136476
246146322
246149941
246157713
246167591
246172634
246181840
246182708
246190691
246192383
246194640
246203426
246211460
246212531
246221815
246230869
246240807
246247523
246249780
246252977
246262519
246264465
246270791
246276447
246286017
246289573
246292619
246296767
246305572
246314681
246324296
246324983
246334412
246343659
246352422
246360374
246360561
246369817
246376377
246384628
246394591
246395266
246403767
246404030
246404877
246411237
246421173
246423897
246427912
246436709
246437894
246441385
246445171
246447125
246452187
246455165
246455723
246463607
246465918
246472660
246474781
246476637
246485150
246492452
246500881
246509913
246517336
246521879
246528969
246536451
246538477
246546443
246553998
246558849
246566344
246575578
246579028
246580317
246587886
246594962
246604213
246608898
246612079
246617871
246622089
246627470
246635866
246642070
246643863
246648770
246654468
246656026
246658886
246660079
246669892
246678902
246680452
246687522
246690344
246698876
246698983
246708477
246710294
246711540
246712523
246720579
246726970
246729280
246736410
246743620
246751668
246756014
246759974
246765536
246775278
246778582
246787170
246794983
246799313
246803714
246807455
246816385
246824551
246829741
246836271
246841401
246842784
246842989
246846906
246850210
246858172
246860905
246870587
246877567
246877925
246886808
246890512
246899506
246906173
246914599
246914961
246917275
246926395
246935290
246939352
246943056
246949642
246958872
246965942
246973067
246976367
246982561
246991355
246997687
247006434
247015121
247022717
247027036
247029940
247034562
247037902
247040215
247042046
247046995
247053981
247057174
247061983
247068468
247075502
247078089
247082955
247092633
247094892
247104633
247113285
247113579
247118310
247122337
247129157
247138820
247144340
247154330
247159906
247167629
247171844
247171896
247180049
247181344
247191188
247192969
247194489
247196464
247202361
247206943
247213963
247218114
247225699
247233073
247233355
247235364
247239411
247241865
247251413
247255197
247257938
247267107
247269882
247271230
247278045
247278764
247282246
247286397
247293154
247293798
247303162
247309112
247310174
247319498
247327732
247336405
247338190
247345281
247347331
247348413
247354686
247362198
247371923
247380479
247383969
247391210
247394088
247400183
247408357
247408903
247411240
247416221
247421493
247430620
247431534
247432335
247440458
247442417
247445698
247448983
247455055
247464833
247469516
247479240
247488151
247496222
247502085
247509784
247518073
247524254
247531834
247539768
247545820
247545877
247548099
247553099
247562328
247566681
247569642
247570843
247572204
247575450
247577921
247587732
247590468
247598287
247607533
247608989
247612148
247620416
247625397
247631578
247638164
247640147
247649579
247654406
247664252
247670315
247672065
247678436
247687011
247695651
247702234
247703744
247708077
247713225
247722522
247730335
247735990
247739019
247746508
247754359
247761109
247768645
247777481
247783451
247785076
247789417
247798521
247803672
247812437
247817781
247819334
247825469
247831887
247834849
247838851
247845750
247850202
247850763
247858121
247865258
247867754
247877189
247884870
247886933
247889221
247898463
247904089
247905903
247914217
247917750
247925494
247927544
247934140
247938241
247943879
247953596
247957224
247961770
247963692
247972237
247981090
247985605
247987253
247990711
247994536
248003526
248008620
248013492
248022648
248024336
248026742
248028434
248031940
248036841
248042874
248045711
248048654
248057859
248059079
248069056
248072413
248076638
248082897
248092270
248099644
248105988
248112848
248117013
248124100
248124561
248126172
248135746
248144289
248145505
248154767
248159110
248168747
248169440
248172481
248177589
248184921
248185295
248191980
248200604
248200721
248202862
248203424
248210414
248210645
248220189
248226803
248231141
248234735
248243173
248246126
248247718
248248365
248255945
248256697
248257884
248260484
248261717
248264738
248272956
248279382
248284909
248287028
248289665
248289934
248297267
248297447
248303751
248311907
248315043
248316508
248318819
248320585
248329266
248337881
248338480
248341880
248348144
248348495
248355239
248358331
248359031
248362102
248370732
248376561
248377846
248387352
248394226
248403758
248405040
248411682
248419643
248420387
248424660
248428151
248431823
248439550
248441994
248444607
248452809
248459848
248459901
248463835
248468143
248477929
248486610
248491038
248496565
248503551
248513433
248516195
248523697
248529755
248535047
248543134
248552866
248556291
248564902
248572901
248580551
248587443
248589794
248597675
248605189
248606875
248615801
248618940
248624399
248630155
248637227
248645977
248652048
248661402
248666662
248675606
248682935
248684285
248693570
248697179
248702466
248707466
248713930
248714948
248716937
248726788
248732303
248739809
248742665
248745108
248753328
248758259
248760919
248762123
248764219
248770284
248777328
248784477
248785609
248786155
248789491
248794464
248799684
248800826
248803215
248804988
248811497
248813337
248820470
248828248
248830883
248840763
248847192
248855409
248856303
248856883
248861616
248868130
248869763
248878367
248880655
248888829
248890788
248893659
248897468
248903610
248904116
248911920
248915785
248925269
248926031
248930935
248933636
248942396
248945267
248952687
248957684
248962376
248969541
248972348
248976490
248984141
248991088
248993610
248995426
248999159
249001990
249005495
249010935
249020709
249021820
249025752
249033841
249033940
249034624
249043731
249045865
249048605
249054002
249063199
249064512
249068163
249077549
249078804
249084493
249092839
249095748
249101572
249110999
249116277
249117756
249119602
249129285
249138610
249140549
249144556
249148440
249150352
249151876
249155691
249156712
249160245
249161237
249161886
249162938
249170785
249172005
249177900
249180175
249183118
249192446
249195998
249203073
249204730
249206116
249206715
249211668
249213606
249216942
249220365
249225495
249230621
249239382
249239452
249243781
249245007
249252219
249259955
249263257
249269834
249274874
249284778
249285741
249287705
249293840
249302148
249302613
249310208
249315716
249318697
249323346
249333052
249333932
249340161
249348973
249355246
249360159
249369665
249373694
249374977
249383063
249385884
249394235
249400418
249406369
249408721
249411289
249415790
249420700
249428593
249434437
249439080
249442936
249447898
249449727
249451175
249455605
249465255
249469852
249479154
249482277
249487489
249490938
249493294
249500055
249500724
249509145
249509974
249519805
249521594
249524560
249533767
249537392
249540915
249548333
249549140
249552417
249557096
249560892
249563358
249568260
249572920
249579980
249585275
249586796
249591257
249600412
249602240
249608653
249611715
249614449
249616136
249622543
249631884
249635457
249640956
249646069
249653883
249662307
249669520
249669567
249675442
249680458
249686154
249689396
249692671
249692764
249694798
249697237
249701147
249702602
249706516
249710230
249712718
249716392
249726144
249733834
249733955
249735454
249743381
249750154
249751538
249753405
249755381
249756454
249760890
249766254
249767753
249768206
249772624
249780205
249786568
249796178
249797913
249801386
249803410
249809151
249814381
249820892
249826194
249835798
249841643
249844698
249847900
249855490
249864009
249864981
249873071
249878635
249881405
249888204
249891335
249892822
249894631
249895531
249904570
249911669
249919470
249928788
249935951
249945751
249946414
249953763
249959768
249962701
249968795
249971414
249973364
249976416
249977871
249984360
249993324
250003286
250006571
250013423
250021052
250023383
250028399
250031957
250038026
250040981
250042189
250050310
250055062
250056487
250062585
250070195
250078598
250079902
250089717
250098062
250102814
250108297
250113485
250116312
250123698
250130902
250131604
250132627
250133492
250137115
250137149
250143713
250146014
250148689
250158660
250163041
250164611
250165920
250173163
250177310
250177859
250179387
250185632
250195248
250205100
250211895
250220395
250223325
250224048
250232056
250239135
250240437
250246076
250250160
250256122
250259325
250268011
250273530
250278952
250288942
250295748
250299625
250301453
250306981
250307852
250311748
250321589
250325970
250329721
250336946
250337103
250339968
250347291
250351055
250356342
250357404
250357992
250363519
250368314
250373221
250374557
250381600
250383337
250389827
250398890
250407508
250414551
250424002
250433597
250441730
250446858
250449651
250453785
250462288
250469492
250470185
250478442
250479709
250488395
250496472
250500823
250501520
250509732
250515069
250523001
250523608
250530580
250538549
250545817
250554127
250563992
250564877
250565044
250571270
250578080
250579894
250588755
250593343
250602965
250606642
250609501
250616308
250626178
250630868
250637005
250638078
250643994
250646560
250647117
250647664
250648280
250649900
250654554
250662472
250663194
250668733
250675344
250677612
250682958
250687057
250695289
250702089
250705694
250714264
250716274
250725149
250733560
250742615
250751434
250759655
250759667
250767078
250771421
250780180
250784397
250784665
250785973
250794199
250794597
250800789
250802541
250810632
250816155
250816894
250822205
250824591
250828030
250836512
250844801
250844909
250850014
250853522
250857447
250863800
250866850
250876265
250879070
250883865
250893367
250894756
250898087
250904860
250910804
250918346
250922789
250928916
250937099
250946561
250949277
250957708
250962599
250967599
250972772
250976565
250983119
250986540
250995273
251002224
251008303
251013353
251014287
251022518
251026061
251030003
251030557
251031384
251039064
251047656
251050796
251059080
251064023
251066477
251072855
251073747
251077626
251086842
251088622
251097776
251104688
251109482
251116493
251120689
251130027
251134047
251135954
251142002
251151986
251160681
251165249
251168625
251171173
251177689
251178893
251183512
251192500
251200122
251205867
251214889
251216529
251223491
251226970
251234997
251240723
251243768
251243832
251250147
251251946
251255166
251261195
251270561
251276391
251282204
251286702
251286957
251291733
251298405
251305267
251305983
251308274
251312067
251313555
251322019
251328088
251332351
251338411
251341777
251343987
251353542
251355354
251358810
251368272
251370968
251373356
251377139
251383226
251383341
251384670
251385586
251394209
251395502
251398893
251405887
251406079
251407012
251409071
251410292
251410941
251416980
251419010
251420578
251425310
251426803
251434137
251442104
251448525
251456150
251459778
251464974
251471949
251476556
251478653
251480922
251487572
251493982
251495887
251502351
251505099
251505911
251512345
251513366
251517034
251524962
251533431
251534668
251541380
251543200
251547239
251553938
251557373
251559423
251559986
251565052
251572731
251573971
251582754
251584576
251592322
251600194
251601228
251604588
251613489
251620458
251626134
251627823
251629518
251634714
251642374
251648332
251656424
251660663
251667011
251670692
251672598
251680609
251687337
251691037
251697896
251702264
251711147
251719465
251728744
251731808
251734040
251739255
251746588
251749985
251751904
251758256
251761852
251765308
251771268
251780271
251781451
251787580
251796749
251798014
251805616
251808102
251811066
251811600
251816102
251818557
251821101
251829107
251838869
251840827
251847760
251855837
251865062
251869851
251874561
251883582
251883626
251890481
251900264
251903746
251907712
251910871
251917577
251919373
251921996
251923386
251933184
251942950
251947221
251955817
251960466
251968735
251975286
251985244
251993138
251995104
252001281
252002205
252006365
252008515
252016917
252021992
252024649
252025427
252027243
252030691
252033012
252036961
252041377
252049798
252056270
252065888
252070575
252079574
252086507
252090214
252097568
252098530
252100807
252107806
252108007
252115961
252122818
252124116
252124879
252125826
252126387
252129459
252139106
252148927
252157202
252158624
252159222
252168492
252169889
252175316
252180940
252190106
252193749
252200022
252200109
252209984
252214878
252215244
252222946
252223388
252225004
252229503
252232996
252242456
252246401
252250003
252253564
252256629
252260996
252270487
252270799
252274882
252284795
252286758
252287055
252292955
252300239
252302990
252310723
252314097
252323949
252325352
252328046
252334984
252341531
252350860
252351537
252356357
252356831
252361798
252368105
252376912
252378171
252378452
252378863
252379046
252380150
252381112
252382578
252391675
252396505
252404880
252409374
252417537
252421335
252422710
252431581
252433581
252434154
252444063
252447697
252456267
252460657
252460989
252464843
252473816
252474640
252477793
252479943
252484047
252488624
252495091
252504965
252514936
252524360
252534149
252534210
252536655
252545067
252548626
252549644
252558871
252567268
252571921
252579419
252581891
252589042
252592787
252596493
252604393
252606346
252611046
252618852
252627786
252635425
252636103
252640069
252648371
252648738
252649960
252659683
252666861
252673836
252678492
252686113
252695138
252700643
252703396
252711643
252720060
252726174
252726302
252732359
252739926
252741458
252744980
252747121
252754866
252763852
252771160
252776035
252784929
252793337
252801818
252805355
252805360
252806925
252811563
252816769
252817484
252824983
252826210
252827624
252837168
252845115
252852975
252857590
252865809
252867140
252869903
252871709
252873961
252881593
252889293
252890703
252891658
252893332
252902304
252909455
252918480
252923885
252926113
252931399
252934643
252940173
252945923
252951540
252958255
252967710
252970421
252977456
252980721
252988992
252992150
252997243
253006740
253010917
253014173
253014859
253022503
253029482
253038150
253042495
253051873
253060039
253066136
253069710
253072748
253073464
253079111
253083941
253089578
253097071
253102506
253108118
253113451
253115812
253124085
253126426
253127664
253127983
253128391
253131839
253133923
253138495
253147160
253149214
253157658
253162163
253171017
253172251
253181509
253188361
253196978
253202938
253208441
253216369
253223129
253223493
253225663
253227812
253237636
253237927
253238673
253244005
253248088
253248129
253256009
253263175
253266475
253269618
253276096
253285173
253293804
253296591
253302992
253309005
253312407
253316270
253324367
253327091
253334011
253342823
253343216
253347412
253355402
253363613
253369817
253370316
253378672
253385787
253389424
253398591
253403641
253406134
253410520
253417118
253422052
253425868
253430871
253432568
253439473
253442714
253447803
253457039
253457831
253467632
253467672
253469650
253472895
253477026
253482820
253484899
253490690
253495815
253497990
253504473
253505308
253513680
253520448
253529213
253533703
253534874
253542460
253544241
253552229
253555850
253564416
253565561
253568437
253570352
253576555
253583153
253592741
253598021
253605302
253613576
253616410
253618356
253622667
253630176
253633986
253638876
253639614
253642608
253648802
253654398
253660942
253663285
253670742
253673588
253679046
253685741
253690510
253699112
253707890
253716107
253720944
253730465
253737307
253741477
253748303
253757304
253761350
253762493
253766919
253774995
253784135
253794060
253797987
253806618
253808281
253808834
253809343
253818058
253820008
253820093
253829615
253835213
253844814
253852771
253861016
253863809
253863974
253870743
253872440
253873886
253881179
253885136
253889190
253897063
253906405
253910729
253915554
253917873
253927798
253937380
253940459
253946761
253952117
253954932
253964565
253968271
253974557
253980519
253987111
253990084
253995439
253997911
254006681
254011934
254014636
254018270
254022940
254024431
254028512
254030714
254037027
254041770
254044834
254047534
254054410
254060251
254067464
254072099
254080645
254083612
254083823
254083994
254087812
254093081
254097580
254099975
254107225
254115653
254121943
254121970
254129318
254132647
254139173
254145032
254151695
254151711
254153811
254162801
254169047
254176315
254178694
254179614
254185442
254185658
254187716
254197031
254205455
254215096
254218403
254224679
254227151
254235664
254236947
254238451
254245665
254247348
254252171
254255269
254256753
254258216
254259878
254262418
254268576
254271344
254279746
254286269
254292110
254297259
254301710
254308622
254311729
254318629
254319258
254323295
254327635
254330762
254336889
254338089
254339433
254344764
254347811
254352075
254355178
254358999
254360424
254362374
254363017
254371420
254375487
254382180
254390986
254392222
254399573
254401239
254405378
254413415
254419156
254420597
254425259
254428374
254435378
254438775
254446350
254446497
254456373
254461236
254466530
254469279
254478325
254479219
254481832
254483613
254488351
254496034
254505914
254513514
254523156
254523566
254525856
254527941
254530971
254538589
254542749
254544287
254549252
254553208
254557304
254562975
254564295
254569146
254577573
254583075
254587748
254595596
254603660
254607904
254614454
254624444
254626890
254636411
254639918
254649455
254657576
254658121
254661286
254666140
254668944
254676558
254685266
254688919
254694196
254698389
254698900
254700783
254707317
254716169
254719840
254720803
254725422
254734238
254736613
254741145
254747940
254749386
254756782
254760292
254766452
254775137
254776430
254777504
254778126
254784040
254785635
254795319
254802475
254811437
254815127
254822633
254825614
254835466
254836855
254837778
254841552
254844944
254849495
254854896
254862062
254862875
254865938
254872948
254878063
254884839
254888915
254891411
254898011
254907247
254916452
254917317
254918682
254919814
254928263
254937717
254939632
254940030
254947121
254950561
254953422
254954490
254959332
254967899
254971687
254975928
254981600
254982479
254987075
254992632
254992750
254999324
255007315
255012959
255020803
255024900
255026542
255031281
255038198
255043141
255044711
255049065
255049187
255054472
255055737
255059251
255066850
255073360
255074216
255075684
255084058
255088672
255090874
255094340
255100372
255106827
255114654
255118881
255127895
255131165
255137338
255140628
255148054
255154391
255158918
255167591
255174672
255176531
255185322
255194270
255196443
255198083
255205967
255212124
255220050
255229991
255230576
255235380
255241085
255247032
255254519
255255326
255257855
255261193
255265066
255267175
255270619
255273021
255281134
255283359
255287123
255296863
255298031
255306546
255315574
255325347
255330131
255335343
255337163
255344968
255351775
255353241
255363159
255366825
255367945
255368412
255370015
255374511
255381449
255390515
255391396
255398072
255402287
255406555
255413238
255421815
255422734
255422812
255425638
255429213
255429849
255436048
255444832
255448225
255454220
255458504
255464777
255468329
255478020
255483105
255486182
255495022
255496342
255504485
255511997
255513069
255518819
255525472
255532234
255540444
255545726
255555198
255562201
255564581
255566044
255572199
255578817
255588272
255589303
255589981
255594102
255596051
255602839
255609162
255617323
255622245
255629012
255629717
255639263
255644380
255648319
255653194
255662752
255667356
255676581
255685532
255691059
255691214
255695078
255700547
255706183
255708964
255714852
255716939
255724291
255727413
255734443
255734478
255744382
255749732
255750183
255751581
255753918
255763057
255763112
255769763
255771843
255778020
255784333
255792753
255799902
255807632
255809120
255811146
255819435
255825768
255830624
255837475
255837644
255847600
255851438
255855729
255859106
255864854
255868588
255869665
255874042
255878055
255882724
255892508
255901589
255902776
255908467
255916637
255924351
255927205
255935080
255943799
255950518
255951422
255958920
255966348
255966791
255971379
255972605
255974410
255975983
255981823
255985904
255990364
255995325
256001629
256004998
256011413
256018450
256026197
256026302
256029114
256032037
256033245
256040542
256048861
256052331
256056371
256063146
256072113
256076612
256082988
256092174
256097656
256105568
256107287
256113902
256122956
256129185
256137856
256141306
256141917
256151227
256157866
256165923
256173672
256182254
256191176
256192336
256200775
256205124
256212054
256219404
256226769
256232946
256240287
256241910
256243804
256247158
256255412
256262692
256264744
256272285
256278920
256282868
256287352
256292018
256300223
256308774
256312847
256320246
256327225
256331010
256335076
256339501
256348126
256354138
256358626
256367674
256368049
256374871
256384251
256384590
256392003
256401366
256410083
256410428
256411214
256412003
256413549
256422165
256426373
256426890
256432235
256438805
256446379
256449908
256454305
256457262
256463418
256468925
256470141
256475560
256482965
256489603
256498328
256505811
256514590
256522379
256527941
256537106
256544273
256546171
256549601
256559497
256560200
256561382
256563141
256569311
256569563
256573074
256573536
256574426
256581170
256587034
256587189
256595526
256597048
256604671
256611324
256618994
256624749
256628349
256631506
256634359
256635099
256636158
256645411
256651209
256659245
256666642
256671562
256674379
256676270
256680544
256690080
256697576
256699509
256707190
256712853
256713891
256720594
256728801
256737370
256741860
256746437
256753504
256759700
256768275
256774385
256780575
256785148
256793422
256800250
256803141
256810706
256813409
256814526
256816775
256824061
256833648
256841368
256846316
256855754
256864601
256867351
256867517
256871865
256877853
256886507
256890479
256894169
256900987
256903555
256909840
256913620
256918477
256919268
256923962
256932091
256935284
256938175
256939435
256944306
256949733
256950261
256955687
256963648
256971626
256975206
256977902
256977930
256981503
256990456
256995854
257000905
257009594
257014647
257021816
257030357
257032848
257039956
257040198
257041568
257043107
257052322
257060157
257067341
257073991
257074705
257080849
257086545
257095227
257097745
257105372
257114950
257118089
257127257
257129766
257137809
257141189
257144066
257149228
257153185
257163178
257163564
257172306
257177218
257178570
257179372
257186738
257194482
257197387
257204118
257209009
257218842
257227415
257228711
257236689
257239748
257243994
257251443
257253751
257258708
257267252
257268704
257275408
257276422
257282181
257290572
257293190
257297867
257306535
257308269
257318009
257323293
257326351
257334422
257334841
257336328
257341331
257345899
