25 199 485 1800 1617 1162 1728 1682 441 1203 331 1101 765 1883 1560 848 1501 303 729 1846 76 1411 1553 505 71 150
1000
626190756 41 1526 227 637 1468 1160 1521 153 1509 1423 1472 21 470 1548 752 1175 861 1530 669 707 1914 503 425 1078 672 269 534 185 1575 254 815 1808 824 409 890 641 909 1013 320 433 1438 349
359254025 18 1882 634 163 648 1 725 705 1904 768 282 970 863 1202 839 105 1691 1483 722
2049757811 36 1844 1734 689 1681 1944 1288 1913 1119 404 749 935 1749 219 1620 771 1567 315 906 1766 125 431 164 189 814 1517 262 1220 1340 113 1948 1579 127 56 14 1017 644
2997776960 14 591 1702 1628 1565 1710 408 1654 866 1312 1468 1966 607 1550 1848
2583297471 46 1072 369 1838 1266 768 1156 997 1956 1999 1301 1137 1555 1726 406 474 413 1377 87 1276 833 1375 663 559 557 248 1499 1320 1985 472 884 1540 371 1952 378 714 681 367 1144 1642 723 991 166 783 254 1983 226
1083513021 41 1059 1530 608 1184 615 1572 1502 404 172 923 1251 1292 641 1224 1799 1202 1020 1711 898 1821 1022 1297 1813 1489 216 1503 900 42 1751 1865 667 631 1562 1390 1098 1423 1393 830 33 167 605
402260024 50 1656 1997 1312 1497 106 840 1463 1594 1130 318 833 1907 416 1060 454 1820 128 682 265 1823 479 570 540 645 818 326 1592 190 367 33 89 994 1119 260 757 305 1511 1578 788 264 668 1918 892 1576 210 91 622 1220 1144 439
2449321510 38 1323 1888 7 531 1890 732 782 558 1823 1903 828 1100 1792 1305 1512 1569 1269 691 1644 1675 1062 1875 960 1441 928 1745 1289 1838 254 148 941 1446 597 907 1293 1706 143 1525
38781549 45 757 981 488 166 1298 30 307 922 302 1800 606 1502 1787 1443 1127 113 772 1886 1528 1211 1884 382 872 1035 884 1190 551 222 260 869 529 818 527 229 484 35 494 202 1585 753 1131 1305 1503 1842 737
3701973644 50 131 905 175 1354 1883 637 1825 6 1826 992 900 82 270 1782 1195 201 1734 35 1997 771 1538 887 671 1647 709 1083 275 1847 994 479 694 578 1454 85 61 34 879 557 209 78 635 240 987 1851 1207 1374 1731 1686 1495 313
793514380 24 1858 957 504 1753 1911 1792 1337 1575 1019 88 1498 217 1174 50 1123 781 274 1007 527 406 144 1474 101 1607
1249043419 32 829 949 784 1792 1711 1721 223 1053 1070 193 291 1892 1940 1499 1416 1356 446 1781 1541 1245 1745 1134 361 1227 1725 1023 268 1943 1677 946 521 91
138024417 33 1018 1072 450 363 1432 1470 1250 762 21 1408 983 643 1204 1327 582 1306 1406 1787 1654 1388 1059 1209 566 759 141 1758 456 1720 1501 1632 764 1489 1785
1691833750 26 1274 1513 1601 1784 710 959 969 1301 319 1657 204 1220 1926 551 1394 7 382 1135 1514 361 1520 661 1000 1549 1158 524
350970686 25 166 89 972 1570 1247 1832 1230 1271 1592 680 578 856 17 489 10 1562 1706 1232 505 996 193 1793 597 1926 355
1574101944 25 118 1146 1524 650 694 844 242 836 4 1335 1194 45 516 729 867 1997 630 1252 1186 572 1325 1405 1853 123 639
2491912191 15 403 529 1187 653 106 410 47 174 519 1267 745 781 1316 44 795
3363185459 42 1029 395 167 1316 1457 495 183 1564 1649 1618 63 1619 1852 1651 651 1321 1173 579 1760 1488 1401 52 118 286 1449 274 609 12 804 460 1771 958 60 489 434 1102 368 735 211 232 170 1111
1027886023 41 1029 732 1452 925 103 635 1753 1236 1649 842 1577 1534 960 202 1983 117 760 314 457 1164 1230 447 460 130 1986 592 647 378 1717 1249 1004 1817 1202 1118 1151 1690 48 918 237 1593 271
2172878630 12 579 399 1492 1181 754 377 1871 480 92 278 747 648
2401794559 31 1503 922 1461 1756 273 1607 312 350 210 356 758 1385 17 1396 281 1320 1121 1106 574 434 1709 1088 0 1575 1450 151 1509 428 1695 167 276
3044415527 43 553 1950 1191 943 174 1154 1920 984 632 1187 1722 1764 1727 1068 209 485 650 534 1515 1479 1882 1562 1962 344 1849 336 1660 379 751 1905 1151 1545 42 492 85 1669 736 538 674 113 356 1923 1048
4145711833 40 1416 1396 7 39 1951 49 654 860 470 773 1923 1107 432 1600 1382 380 499 681 420 60 1081 1465 472 314 79 1580 638 786 698 1809 684 600 99 429 1903 27 559 430 1734 920
392164953 22 369 408 1934 1555 1938 1343 162 244 1441 230 752 1337 216 564 208 21 479 894 1360 1385 1839 1929
1145137215 12 1953 990 1021 583 859 632 1328 447 970 1984 588 562
4221431993 12 1938 1705 748 1193 1727 1406 1899 1757 302 65 1747 1237
2807203723 29 653 434 1048 1717 322 1530 1642 270 714 126 1696 1042 1350 1319 1775 1949 454 682 999 166 1225 684 1432 734 108 793 374 43 280
242820697 40 1403 840 1372 1947 11 815 1220 1364 980 994 29 147 329 1667 134 57 1558 1094 1639 172 1630 937 1798 1955 1499 1197 1224 989 529 1085 1670 664 1200 1772 1828 1241 737 1648 203 1839
2305818534 16 711 1168 516 1754 779 1275 1276 1883 1699 1558 1241 963 184 1929 268 621
2728176491 30 896 215 1591 634 470 308 1741 594 662 1192 1929 1933 1643 1727 1686 577 192 562 1979 525 530 967 37 434 257 610 458 1290 1379 681
2022487352 17 960 1115 992 1335 1433 57 1437 1305 1902 333 51 1938 1837 1091 1213 581 1426
2633192541 44 1436 808 782 1414 1451 625 891 1485 1019 643 393 381 824 1936 521 371 977 1971 960 804 357 1553 272 1492 153 688 183 1537 1991 228 1186 312 1691 1754 1464 635 1209 487 85 1424 1430 1044 1942 211
717571048 14 1869 1330 982 960 1795 300 791 1473 1221 1194 1949 1164 531 1383
2067949536 36 480 1677 1552 740 897 863 1924 139 67 546 1339 1950 1321 1391 563 1017 284 361 634 1389 918 696 3 748 1477 305 635 738 998 1219 56 1740 1631 819 1368 411
1640836651 44 687 181 577 1806 948 60 1618 1584 1866 441 1829 1381 375 1322 373 1281 758 647 415 951 946 1815 1638 803 1763 1383 36 1034 1734 869 854 547 1563 1834 909 1809 1556 619 1453 133 213 1786 372 1551
3774007399 34 503 1425 419 1689 138 1350 1132 413 1331 1850 1000 1899 1569 1672 1366 136 191 1296 334 273 195 1895 12 388 71 724 1047 502 1163 894 891 513 6 211
3754770553 17 447 1247 103 1142 763 1982 1942 1022 436 1241 1155 351 1065 1948 800 1448 1605
830207179 23 1411 1122 1958 1613 1856 305 1807 1289 941 18 1344 1622 313 1234 1227 119 1897 740 46 1681 1882 1728 1510
3358055237 17 451 1651 1584 617 919 1407 1268 807 22 1937 1119 383 684 1597 984 1525 1659
4133163785 50 900 344 789 1987 933 209 972 474 508 985 580 225 1648 1944 1539 153 301 1337 191 666 1693 761 1697 219 1803 1546 1234 845 1013 1283 681 1684 585 633 1136 246 1956 62 1613 1338 336 773 926 1335 345 82 1324 1514 409 434
1883958783 43 1296 1556 323 1126 463 1723 1283 1040 436 1786 1020 536 1341 855 88 1216 266 1004 655 534 574 1822 1534 14 78 1017 203 432 162 475 389 853 1622 1469 185 1947 1664 839 742 601 1335 831 719
3052529258 44 887 697 1733 1266 688 462 1404 1346 801 16 1489 1523 739 1070 1834 277 166 340 1257 1708 989 415 1662 1216 933 945 568 184 1936 343 1509 1709 389 1724 528 592 1626 1135 1921 136 874 667 1443 1799
4010580575 22 952 991 1378 1425 1602 1295 887 861 1966 1936 1102 1672 1521 1561 789 358 460 841 839 191 1880 20
3729348163 12 1102 1165 201 1886 661 973 47 252 905 1857 117 205
1804455591 41 729 185 868 315 511 461 1698 565 1740 911 942 558 794 1133 759 195 155 1214 1859 851 1193 209 1642 1566 1023 1972 1008 336 598 885 832 1549 1471 1835 1956 1879 961 756 392 845 1218
997407743 17 1086 1364 491 490 517 85 929 854 1147 427 451 882 51 317 701 939 439
734565159 50 201 1862 648 1899 828 379 324 1398 1017 1601 751 1767 1722 346 566 577 1286 1869 1758 1689 805 716 1787 880 71 1137 109 1268 790 1338 168 369 662 1348 1373 359 1554 1050 1350 1742 1345 1734 1794 1499 780 1822 1125 1370 597 1776
3543445751 10 144 615 657 1408 910 1273 641 414 925 956
3578294946 11 693 286 1354 386 772 636 1123 999 1177 1077 749
1755223182 30 1850 1169 131 315 1669 1685 1177 1580 662 1613 1944 1866 103 1009 1430 792 109 1020 1528 224 1092 467 1269 1221 117 282 566 1444 644 156
3275082925 16 1785 1818 1842 1240 1916 482 366 413 426 889 1125 525 633 29 1016 1579
2669438307 34 1047 1870 445 763 1548 632 1789 1855 1346 883 1045 1036 831 1086 1432 203 1931 1261 806 1625 349 85 1653 1457 802 164 645 669 667 44 305 1033 809 1859
705353923 40 1605 139 1888 287 1997 940 1288 138 314 1291 212 710 582 952 386 133 1686 1827 436 1258 964 757 1733 539 945 760 1548 275 1163 1987 1602 1169 1683 1099 1642 1688 688 897 504 307
3549161324 11 410 1946 623 144 1372 1877 1019 1410 360 1464 1339
3880184640 18 1160 1912 1809 839 695 1475 13 1116 148 857 276 363 1816 953 600 823 1574 117
549007170 48 1073 973 374 1528 75 107 358 933 666 883 1610 279 1572 1281 201 1196 549 1260 1922 804 1394 706 832 1047 462 1372 469 369 123 952 494 821 715 1380 568 1250 1125 710 343 212 870 1592 914 1933 251 1167 1243 304
2772381215 41 239 391 1271 728 11 1528 1232 403 856 1175 603 1847 1491 1069 123 484 225 23 1566 78 129 1714 288 1336 1141 1015 837 1513 105 481 146 1514 299 1443 1577 1830 767 435 1127 762 744
4221446601 34 1169 17 418 582 999 306 203 522 221 1268 362 1770 602 1596 376 804 885 272 504 844 1399 1793 803 419 497 1899 649 1678 1114 1123 1509 170 1924 1944
2801339254 45 1494 1897 133 172 1224 520 383 1846 474 1555 1838 244 1382 12 1694 1135 945 320 1936 336 1842 1283 968 1320 14 429 1662 1109 727 1022 1360 1143 999 933 492 1960 1189 1604 921 1076 1004 1013 183 1151 1091
456116188 10 563 1454 1672 1398 841 1878 93 453 270 1592
303287338 24 1106 1347 355 1810 301 263 174 834 213 1801 1041 543 1492 424 982 140 1119 1138 1054 991 98 1701 1420 804
4229595494 31 1720 1625 787 1608 1058 242 300 314 1133 525 1622 829 983 714 1419 1390 792 1181 1859 746 1536 1421 77 46 1777 658 1855 80 1982 1016 1356
1156437692 44 1432 1006 607 1536 666 930 1768 1689 1411 54 954 1498 622 1253 185 223 1145 1481 134 628 798 551 157 1756 186 709 1100 27 1440 145 1143 118 252 1567 1626 1940 1794 565 986 9 896 854 543 1963
3972227291 31 1947 821 1883 1541 1387 1325 904 1082 861 47 1730 1473 288 1446 1988 1115 31 1249 1445 1013 1528 1958 1071 1543 516 1441 160 1155 1499 807 688
2663537216 49 1210 1281 1537 684 1554 619 1515 476 60 1967 421 1884 252 1777 1635 294 1966 1480 568 1434 1729 789 1529 1567 1486 447 656 1372 1827 500 201 1893 1069 1056 961 1175 892 1749 1682 1384 1876 1435 375 1459 165 1404 1499 753 199
1551786387 14 1471 36 1644 1374 1138 1432 647 336 1012 1585 564 1884 1807 993
3922294712 22 677 1348 1706 275 372 1019 1577 1794 1564 785 1690 1687 1391 1922 1064 744 1781 314 12 1688 1443 1300
1424004660 18 1104 365 33 1169 811 388 1980 974 244 294 1408 597 1076 1040 62 431 636 1767
603503194 43 1587 126 48 1513 75 1515 348 88 1847 385 693 578 614 477 283 1438 1488 1824 1779 271 1873 130 1505 737 1132 1576 279 1631 134 1820 826 264 1712 616 247 304 1492 423 121 1334 1966 1651 1680
10976401 38 14 1578 1256 1622 233 1379 45 323 127 808 988 615 136 228 443 1680 723 1839 1469 1466 974 220 202 279 80 827 1998 843 157 600 491 1920 239 1735 996 1655 887 579
2250199770 17 1510 1394 1359 1166 1183 1578 1113 1004 248 1474 1882 1536 1643 1133 545 1435 1836
3378916714 11 379 113 124 1347 1032 1652 527 1114 1518 119 1907
2423686982 11 214 1962 1405 61 1133 1081 478 1143 1248 1984 1742
469179278 27 1444 574 342 1558 928 569 563 136 541 721 831 959 419 684 236 1964 545 864 1910 69 1646 1822 579 995 425 791 1718
3144317033 40 1132 238 1719 431 1287 1125 382 290 1945 1700 460 1871 188 1911 741 680 903 771 1587 296 904 1004 1565 1998 1598 1544 1250 1650 319 559 1925 1130 861 1790 1863 275 1974 1323 1375 1596
1271458853 34 260 1860 859 363 56 681 425 1527 852 250 1087 1483 240 484 1961 1888 716 1115 1148 1374 1993 59 1532 115 1337 465 741 544 1110 407 1998 1297 1705 126
2978021718 11 1135 1239 360 70 1336 811 342 888 349 1894 1536
1163013256 28 1421 769 11 297 1715 1246 1812 530 1564 1282 1121 477 15 210 955 694 787 1075 1242 220 1015 543 831 462 445 25 427 158
158671369 12 1819 1182 1988 762 266 533 1382 1083 869 930 1872 597
3396205687 12 1087 672 1234 875 1220 865 903 1903 1679 1052 474 257
1792694730 50 1993 606 499 1602 1951 761 1032 511 1225 1327 278 1962 62 1680 1100 1075 1162 1731 617 377 1641 1076 1660 1715 1633 866 71 1896 732 796 1521 1322 1156 429 218 69 1911 1463 1351 1083 1891 1007 1900 910 1318 1501 1788 395 22 1068
4013640688 31 703 752 396 1243 1123 1472 1993 729 786 1778 310 940 1732 1907 339 1023 1005 354 1931 960 1337 540 1165 1447 821 699 356 872 251 563 1026
2361657901 30 952 959 371 184 50 1860 746 21 124 1977 537 1380 1636 131 496 873 317 1446 1996 559 1510 545 1965 656 1383 452 1042 807 1781 1200
1789001017 47 630 9 759 798 903 1901 665 1252 94 1874 113 1576 631 945 550 1201 1137 742 1912 406 1532 1554 1823 496 1342 1305 1378 1917 350 1927 60 270 780 1766 982 544 259 679 801 138 123 444 1052 554 281 1183 1553
935473828 19 821 835 289 1362 401 601 707 1015 2 543 1717 0 1355 1027 1490 435 53 179 652
1853470904 27 1276 1169 592 1001 846 851 1957 124 342 1279 1734 1636 1430 1088 1265 1689 1613 868 1443 1216 713 1817 175 199 885 421 57
3543529390 19 424 1150 666 1767 1907 765 1514 597 129 1422 1158 466 479 1042 297 852 1983 1947 1374
747175098 32 1341 564 1423 182 1888 639 1893 670 540 451 1121 1800 731 1903 1843 287 724 1253 1347 1045 1107 843 1338 1627 250 425 44 1411 688 317 1141 217
2915522354 17 224 489 1256 1437 1866 1726 1653 436 1626 1752 766 1989 1022 838 173 503 1496
469895153 26 1163 1692 1400 1266 1496 1351 777 1643 468 244 1741 266 1802 264 1795 817 1003 1220 1352 1064 679 1405 209 1340 1734 647
1372441180 35 1287 195 585 1328 1253 1571 1064 1944 722 1161 1529 936 1088 349 454 1061 1320 322 1133 1606 790 1901 1021 215 33 316 301 445 1654 1764 1394 451 405 321 1642
361407294 45 330 401 1776 876 1588 79 782 1362 1367 871 937 96 55 52 1974 585 360 243 1644 1439 204 390 1260 1573 388 1675 1138 501 124 985 65 766 1914 1422 630 499 672 1070 1522 1236 1144 940 385 408 8
1755258206 41 1931 1770 841 1511 1062 28 1993 610 1473 672 1582 1934 325 767 907 552 661 1743 668 1364 1200 1384 4 1319 397 1229 1242 1509 1862 1513 141 1631 1656 1484 1830 1228 863 563 1459 1389 1666
3505376993 28 343 1575 12 1194 267 631 727 816 393 1589 1238 19 675 1718 1204 1604 762 1030 655 637 507 376 291 799 1953 1788 72 1347
3866554394 42 1562 538 720 1409 110 1414 1803 961 162 82 323 903 1663 1590 982 530 1050 237 482 1371 1829 653 1890 1279 684 1774 1933 588 706 797 137 224 601 1804 89 1709 1637 1654 1930 364 407 1887
1614170828 25 1712 1750 1968 593 1978 913 1306 578 812 1457 1758 340 1318 1646 143 149 1294 1030 631 758 1762 1780 737 413 606
3511310078 39 1411 20 843 1634 653 890 452 1662 1675 666 1776 1829 530 1712 673 1652 1724 780 1787 131 777 400 1695 289 1255 879 1617 661 1227 798 1888 785 255 1404 292 825 1044 1303 1414
1169824291 10 1410 742 328 793 1662 1067 362 1783 616 480
3791703841 31 87 1307 1325 1058 1738 206 319 402 1852 404 1720 675 1310 1945 297 623 290 673 1879 455 573 1247 1519 1934 1349 1257 1237 1405 1080 707 1256
4087591171 42 1453 305 1526 814 1958 904 1931 1231 720 993 781 797 1355 1361 1688 1517 1019 729 1690 1063 689 341 1769 1934 1093 66 917 1168 342 949 1706 664 1431 388 161 1973 1586 1288 1256 491 610 1852
2588330995 19 1079 1163 428 1450 269 1193 993 1044 1452 1482 876 763 1526 1660 767 1519 718 1039 1177
1899582407 19 670 1218 850 113 990 1734 262 1723 1061 1916 77 270 443 365 1353 380 775 669 276
173934137 15 271 324 110 1806 586 592 769 407 861 1054 1072 1870 1891 1125 1826
1348527992 26 373 308 880 1716 626 1845 1682 136 1220 1161 867 555 1937 169 206 516 223 1409 1491 1340 908 693 1847 791 428 1031
2269961697 45 614 162 542 966 1425 1643 460 1759 277 995 1151 1837 1501 1778 337 1234 847 970 488 740 716 157 1756 409 1779 243 6 1402 1046 410 1498 86 132 450 1539 1737 1830 603 355 849 1554 1528 339 683 1166
931120399 44 386 1967 1263 479 66 789 1384 1334 623 1137 299 1328 1802 1808 744 94 1963 986 1447 667 1854 809 988 692 1324 1257 1400 191 1100 1714 1508 1969 1554 1386 1251 435 418 1153 1889 1709 587 1072 601 1581
2002524283 47 1813 1661 1629 1453 1923 1193 1842 684 348 555 1104 1147 1812 918 115 592 79 1014 615 317 1325 778 1916 421 1071 1771 1983 124 1727 1954 640 1326 1229 848 568 1359 1033 1458 1386 2 439 306 648 42 1372 1137 1211
1963584218 23 1183 714 35 1354 1166 204 1620 1178 1642 1704 1250 1002 773 1006 1152 632 576 600 485 1790 735 659 1635
2822552326 37 1145 499 659 1715 1770 1627 1390 1703 699 1038 470 752 1595 924 1416 1634 677 733 510 707 163 43 985 1745 1778 1089 272 1417 1456 778 1849 158 1086 1268 1950 34 926
927204053 41 300 640 1544 140 1991 1538 1438 1499 1478 1025 1841 115 877 364 805 678 644 1830 855 494 606 1144 1943 175 1370 659 1558 1738 1286 348 1006 783 1930 1308 272 1977 42 333 434 527 1384
1067431186 15 752 585 1568 1080 1743 1899 1985 888 214 830 862 1630 1019 306 1305
2304159930 28 1415 434 1455 1114 223 1359 1287 1208 450 1797 331 567 1442 1523 1890 1051 232 1722 281 227 1130 59 1581 562 1447 1728 594 607
3236378019 31 801 927 1612 1890 1421 74 1079 59 1324 362 1110 666 742 1777 75 495 1418 1061 1073 1642 1619 169 1195 131 1431 575 34 212 904 1556 791
2519722791 11 562 1640 187 1867 763 57 643 1546 1839 1513 1527
1043630212 45 1715 357 554 757 1460 672 747 1026 279 1680 561 501 60 1735 1986 667 318 1443 247 1103 1387 1310 46 1497 1164 355 1397 633 1874 263 1097 1139 1456 721 847 1982 1452 1644 1352 286 960 164 155 1933 1693
2304990704 46 1906 1301 1652 1072 954 842 942 1673 1713 1116 858 1291 1120 1332 1419 759 798 1912 302 264 1582 716 1576 556 605 1735 1273 188 341 66 1480 830 1893 964 1083 1645 657 632 926 272 1681 119 395 732 1471 361
1030056446 41 1104 916 124 924 266 336 1384 1588 1586 1647 1422 659 164 442 1611 1218 324 451 1175 1356 749 1510 418 473 1944 726 1439 369 1152 1359 1456 751 419 512 323 1777 1044 1088 101 1659 339
3987349728 13 649 975 1803 1292 798 685 635 1116 1456 1343 719 1075 1808
56997135 41 1252 186 1104 49 1198 1506 234 1627 178 641 1073 1909 1220 1161 1392 698 248 1667 109 1844 783 1767 622 1994 555 1835 59 338 1921 269 283 1535 1808 204 215 1091 720 1858 1185 1460 1904
2054437843 33 903 458 1152 831 240 1525 886 1013 883 236 1804 951 1556 496 829 694 1209 995 481 1813 1202 432 1131 1765 1343 1859 1776 1121 1574 64 1983 299 743
452729072 22 1439 357 1797 1244 131 220 415 1699 246 1443 1297 1149 640 1791 1006 1878 633 1440 1302 708 1122 1360
2526596431 28 162 1924 128 1862 1115 1968 572 1599 854 1977 1070 1041 1120 1859 1119 1276 157 468 1690 876 86 215 1197 220 767 1495 941 952
1791005162 43 1215 1858 560 840 162 1540 1058 555 1564 1015 1075 430 306 1726 1063 1151 1239 110 103 518 137 177 566 922 1995 331 134 469 81 400 1707 1724 305 804 230 915 1803 122 521 118 929 1350 1963
3513607402 50 705 205 456 1224 808 966 1096 1631 416 256 1292 934 587 633 1841 1864 1132 909 1768 448 1448 681 1597 1960 639 606 1974 1717 637 1343 1748 1990 1490 759 525 290 468 1617 1185 236 1030 839 354 1926 1212 1223 1260 1466 1905 405
458922520 23 1757 1859 515 1371 136 236 101 1100 520 1177 1032 389 583 887 1518 1279 1657 504 1282 1515 1957 913 868
3245655167 21 1820 107 879 1966 781 716 381 1470 343 413 1662 930 590 1650 1456 1126 137 830 908 672 100
1990285783 48 1054 391 497 212 818 1109 699 313 1949 1798 821 532 43 233 760 1356 1095 1472 514 1277 1382 1263 682 1879 912 95 662 1124 1755 379 847 722 420 295 886 1015 1004 1660 1102 1686 124 1197 111 1212 474 498 1555 87
2205198188 44 1108 1009 1347 1015 1046 639 1089 1471 110 849 1825 1768 948 1355 1207 1219 1934 1080 522 1326 820 1860 766 72 252 762 593 1453 1388 482 1000 498 55 1469 954 1573 128 573 1920 6 1478 253 666 1456
3839684856 19 1065 450 578 1978 1385 1705 786 1842 72 1941 456 99 5 1502 1822 1920 813 839 985
454853768 34 949 453 1793 510 1506 1148 303 174 1168 1063 505 1420 23 1429 203 904 1253 791 1128 127 150 834 447 666 158 7 841 1392 1691 1729 21 1164 1815 41
4143782715 29 410 1689 1249 1464 1554 1135 1711 1635 1468 1331 475 796 538 1148 452 75 1269 1295 1337 776 636 992 1333 300 1496 1774 480 923 1120
4010638264 45 177 688 286 1029 1050 1461 1896 1583 1081 726 6 938 1808 1500 1540 1838 832 1391 1677 1219 1220 1987 1355 1974 1547 168 480 956 1030 1771 1440 242 107 1292 187 1957 335 247 1094 1323 613 1059 843 136 1787
1693416289 31 1784 1655 443 563 1137 1664 1647 880 499 1420 907 1602 422 916 1067 746 170 1478 568 1199 434 708 572 554 466 1468 155 1909 1637 1122 62
3736139235 25 909 1191 159 1541 410 259 146 37 1134 58 816 458 459 669 1153 1426 332 1277 1671 322 1095 893 392 792 215
744522437 10 585 1257 1604 359 1600 419 1459 1073 824 1749
3209311936 36 1045 386 1770 1716 20 1477 533 1690 1851 1838 1913 1624 892 1353 1516 336 1009 1474 1517 1546 1591 1759 1090 576 358 1381 1589 235 449 1586 412 944 77 1502 1756 375
2478439781 17 563 1213 497 890 411 159 1522 237 1315 1823 1336 298 1014 546 827 1381 1259
576645257 19 1649 128 1120 77 928 997 1369 868 1788 1704 828 779 1183 18 956 1605 570 550 131
879799041 30 200 878 1198 713 1732 1392 978 870 246 1001 1835 1788 1898 1172 859 1696 1094 1579 138 625 586 1578 794 1872 485 740 1706 921 271 1338
1381604911 42 1837 1689 601 907 1410 1466 548 702 1336 1734 26 842 322 539 1975 364 192 520 1986 1350 370 52 951 222 1246 1850 958 1349 163 1702 65 1109 849 212 1059 413 436 957 562 267 961 461
3343491140 23 837 1496 1587 391 1016 386 1135 563 958 1351 276 1946 1399 1437 1168 148 1006 418 19 117 944 1514 1469
3355020872 49 875 1766 1480 752 1549 1393 858 269 237 1874 1192 499 1865 960 779 252 1201 1043 495 1911 88 1229 1994 247 1846 344 698 1390 443 1293 513 1087 1852 815 1256 1629 41 286 456 366 1489 1799 1709 907 1513 341 1415 191 1543
2379646597 35 758 511 188 501 1117 1418 741 1781 1146 543 1243 578 719 1661 1045 972 1983 947 1984 398 1604 506 936 594 229 1428 1965 781 69 1347 853 1676 621 546 879
3367026959 25 1451 1490 1064 187 1521 1150 1621 748 1955 1107 1710 744 1071 521 1741 207 1772 1944 138 178 1113 56 1522 162 1421
3310174080 19 760 1669 1656 1260 1971 801 1403 942 645 1498 769 1335 903 1877 1350 413 500 370 1683
2513931795 30 1475 477 1493 1718 10 1253 1898 1980 1326 23 1063 1644 1087 1960 862 1350 1920 1178 190 538 1345 25 685 87 31 1888 699 223 1799 1939
3170242059 28 627 211 1569 1143 228 21 30 859 1680 278 1341 108 1025 1855 170 789 1532 212 1440 527 17 1845 518 1276 997 371 1022 722
2541626139 27 1745 1674 1497 611 1740 1693 1620 1400 1563 1390 698 557 1557 1810 514 949 1924 434 1787 174 1842 1071 1875 483 628 1492 814
3324409126 33 1552 1196 427 187 1070 406 83 369 1460 1769 678 1034 775 871 1950 1511 1623 1839 607 794 1526 346 1956 1842 1615 973 1326 1802 1801 656 1426 1145 922
1308845143 16 817 1197 1344 544 52 474 1091 1918 579 860 1484 393 1224 1962 284 186
3959928146 15 764 944 1890 1803 5 1840 847 267 268 957 1699 1922 1822 1354 1209
391866971 32 178 144 1853 1512 1873 777 1342 1776 610 575 239 1401 1407 613 1733 1424 1289 1232 319 86 990 1939 1712 617 643 1987 1925 858 874 646 294 342
3409973272 16 423 1268 897 216 1577 1449 520 883 1200 1890 1504 239 113 1160 224 409
2369357875 23 1095 732 30 1232 1899 1373 889 407 1052 994 1763 1665 1716 1018 662 1596 935 1155 1338 841 1058 867 456
3640218066 37 905 1185 814 904 1125 749 1568 198 1547 1509 1859 1029 1822 197 1900 1282 15 1167 805 998 509 1616 1201 281 1350 1551 74 1734 1973 608 1391 1259 1974 1283 464 730 1479
1734700105 27 1312 1283 966 728 974 235 340 430 1673 151 879 20 1296 1330 837 1459 1037 1156 1323 1978 1694 702 1480 1235 57 1559 1468
1089037442 18 43 1873 1538 825 494 1184 1400 1671 197 49 120 1959 216 18 828 508 1677 1853
3711676315 43 1417 410 947 1465 552 225 594 1057 1455 29 1225 244 165 686 742 1531 680 1230 1058 321 607 1153 342 1720 156 588 175 1585 573 229 373 279 1778 948 93 1988 1838 1847 1497 1333 966 1599 1795
2800627495 13 1080 1274 588 1969 1949 892 278 1192 1561 1891 1791 1631 894
228844523 11 1302 224 1357 1408 332 801 106 1067 1688 1128 511
6634101 18 1875 1137 1912 950 1176 29 1180 322 1830 338 758 1690 1195 1578 1786 1582 847 1764
1232069220 22 1394 599 174 1956 1825 904 1213 965 221 1943 1290 472 1169 372 161 1549 831 1827 455 78 141 1339
2536915893 39 635 1267 351 1771 1726 1998 611 150 1424 1693 1770 677 194 1819 909 1861 1963 1901 601 75 690 968 500 1318 1049 1289 2 1446 784 278 674 1878 1973 762 834 1539 1813 1558 352
3590063948 21 1976 1283 91 209 1061 1621 324 1542 1589 1973 1516 1124 1817 1483 233 953 972 1115 1403 1769 328
1261931991 12 1090 856 1882 803 910 479 343 107 1800 1130 1310 640
982208980 27 963 334 1984 141 1519 446 1658 1140 907 1540 1793 281 939 73 789 1154 216 1309 411 689 1516 1002 1597 715 467 1627 809
2782155628 23 32 1127 1178 1151 1069 1452 312 841 1793 1863 1963 1099 92 566 526 438 982 1049 514 1068 1912 670 676
1490159367 46 472 650 461 1949 1488 1940 1780 233 179 252 19 42 29 45 366 417 1433 269 383 385 1897 668 463 820 1918 965 1687 298 166 1388 248 1390 1699 797 712 1097 468 659 619 546 1076 1174 1296 304 268 774
2132430071 13 1099 1258 1991 1951 78 1959 1517 752 298 1462 953 1072 62
2646424092 49 940 981 666 266 314 152 1403 1037 989 806 589 1030 998 1475 522 531 642 1708 524 582 1401 1761 807 608 979 744 85 105 1118 296 203 932 1734 1564 1867 106 530 1222 324 1038 1430 218 491 882 114 1112 1023 1175 374
3728789342 43 153 402 931 427 269 1937 1807 1782 351 307 942 1825 730 509 1412 431 1180 239 1639 1729 813 1205 1213 800 267 1466 1496 1585 946 1571 695 450 258 309 404 1374 1623 169 1008 829 1822 234 125
903188153 20 1934 405 926 996 1987 1919 226 1455 1371 1091 1042 1184 694 249 1113 1084 29 1221 616 741
3911060934 28 1442 1479 927 844 1593 1894 866 424 621 1669 1087 584 1725 952 972 1051 836 190 152 196 1006 1589 507 1106 553 265 696 904
1926612847 22 167 1338 604 44 832 1226 999 1343 1648 803 1811 1233 1732 624 1434 414 1900 1050 1829 269 347 102
2676997999 20 1887 430 913 635 1643 16 126 564 1017 114 920 1190 600 770 1778 1660 1562 1690 153 59
2551536775 30 1725 925 25 753 1580 182 519 407 1303 1984 1577 438 622 966 1825 1084 315 192 1985 458 1803 1100 1890 723 1056 705 1967 264 1327 327
3942737200 38 1821 1945 124 1486 853 829 1090 148 1478 1044 1224 1227 916 833 676 798 1578 190 542 1636 107 1440 1387 556 1670 64 755 1199 1998 1105 1298 121 1903 826 1118 1836 1838 1849
2012747446 38 1490 1255 1321 1913 1245 970 803 326 100 693 767 860 485 364 784 1538 847 1519 1746 841 213 634 1284 1811 1839 1908 1517 258 1360 692 93 1387 427 1843 334 1806 1351 345
2022650541 39 1341 396 820 1593 924 1897 1786 246 1855 1021 609 771 1674 476 1047 348 1884 280 875 400 1367 930 387 1164 1491 222 1790 718 720 786 1155 1271 711 165 994 525 1979 1168 1591
373173054 32 1121 1976 368 1240 486 1559 1982 1382 1325 1193 1375 558 105 1501 1135 1413 312 913 100 1496 1512 14 1299 1204 803 424 1661 23 1806 740 980 893
2993618705 34 1351 864 945 1723 1068 1147 1162 1665 1824 566 1360 1248 1574 558 1365 1432 728 984 130 471 929 79 448 717 716 1955 1516 128 889 684 1810 1800 295 237
3094773644 44 215 1039 1843 473 565 189 1833 1070 1676 1885 817 916 934 1013 1142 89 1221 346 1345 527 1169 1600 600 1892 1215 1604 1084 959 435 1656 1658 532 694 251 1440 416 159 1585 1703 640 40 102 852 580
3282147058 16 1778 1373 1906 121 1524 1938 1879 235 651 457 772 247 378 1025 482 344
3827238969 44 1251 928 52 1316 1163 842 846 1356 124 1654 1997 1563 1081 588 876 160 979 932 315 1173 784 48 1005 1573 1321 1616 751 473 1535 966 987 1826 829 1749 1037 1758 1517 384 1920 852 651 1970 1028 1022
2094415425 44 685 871 1089 1839 584 1017 732 1128 509 1015 646 317 1510 103 298 1631 581 1190 267 174 1262 1518 1933 1999 1894 876 648 1765 1446 1644 1872 808 512 1382 1343 658 882 1539 333 529 441 1092 1786 1673
2973913978 49 1107 476 624 846 675 1061 1057 1236 1846 107 603 284 725 1000 1112 458 1380 1370 638 1537 1172 803 1302 588 518 154 1177 1043 246 1560 1218 1339 192 1210 1580 1858 443 1356 1308 174 1083 1267 110 1885 508 493 964 1707 663
178613018 29 1210 1260 687 85 703 1211 853 248 1805 1363 429 1886 513 27 1124 1922 1079 135 1192 1489 421 985 710 542 637 498 482 1125 1221
982107258 39 0 1711 675 1717 328 1754 1294 1406 834 1815 852 2 1460 88 1858 1834 353 1091 647 1655 1782 1069 1239 1397 1381 146 1116 955 329 1038 336 1283 285 378 1744 999 1463 1341 319
1217307929 14 24 1796 1802 1784 1414 1388 517 1151 1997 1541 1453 1525 1680 565
4214051426 36 1940 362 540 1421 1855 1988 80 962 667 1593 998 194 1534 173 792 1994 258 209 1085 770 282 1070 1225 463 403 29 1837 1094 428 14 909 675 1109 713 1196 1438
858647649 15 1358 74 1320 1149 1762 1901 471 1197 1161 756 1623 447 1961 897 374
2087021148 33 1671 397 1163 822 1753 33 941 1823 1036 1085 479 1013 1311 1329 1510 594 1338 1317 266 1206 1053 1513 423 312 297 1563 419 1323 1843 1906 1037 1890 1523
4160370151 11 328 31 1247 1783 1097 594 1727 1353 1073 1059 754
4015402800 18 1309 1723 337 1681 750 247 1699 1726 851 773 1441 586 808 1953 1365 257 513 1230
1152769341 46 125 315 666 1278 910 384 616 1193 1602 1461 1104 1318 58 81 884 1882 226 245 1258 1083 279 798 188 1545 607 1695 468 1386 1740 1403 1718 1210 1488 43 1885 16 1554 191 14 1793 205 1578 1122 1440 1039 1790
595682889 10 307 609 191 548 784 1446 82 1637 360 1311
2426414722 29 439 1955 1420 1678 710 1503 1184 954 1538 1329 899 582 1927 1040 302 348 570 723 1032 1035 357 827 1548 1434 949 397 1673 1740 196
2138365990 40 1521 21 63 400 3 1217 1325 249 1452 1712 1877 1398 1334 1763 589 356 1291 205 81 1868 1943 429 1965 800 121 573 1758 656 1557 544 1957 1360 279 420 1655 253 1190 1310 164 713
1435972869 28 1085 1393 1197 1282 1052 489 1480 1440 1472 219 1217 1302 296 1516 1485 1337 1830 1592 427 1663 36 980 1211 647 108 158 1616 1639
225898933 36 219 659 60 684 39 1385 1970 1543 1036 102 519 1770 595 795 825 1253 1495 1024 24 1580 1057 993 1688 667 1727 743 801 89 1336 195 835 310 1515 702 1140 372
814667981 39 1494 159 1893 272 1180 531 200 1601 1724 1576 1913 258 36 434 431 1607 1948 1228 1817 1842 882 1087 1231 784 1823 1582 723 331 377 1558 1371 41 685 749 8 1628 1096 1626 793
1269390180 19 1802 503 810 494 314 308 64 555 1773 931 1548 238 1743 61 130 720 1615 193 58
112313660 14 141 1971 935 1890 1319 1341 1310 800 619 1948 952 592 130 1250
783540567 34 1020 1532 1626 1018 1449 1354 908 1841 298 422 1324 1612 1168 805 271 285 1144 1277 1025 841 1662 224 1279 1716 923 1720 713 1466 1539 458 1976 189 1607 955
904263414 37 1307 935 1684 1643 1870 709 667 1572 673 579 370 1841 1312 807 432 1392 723 1156 1221 207 1303 1152 1004 583 1098 278 1884 632 797 1369 1938 1702 102 1760 1817 1189 447
3787527982 34 613 1893 1491 754 1313 184 1602 849 640 848 1454 1294 607 1023 1631 1778 748 1557 1096 412 873 1911 1676 1288 1539 1616 1851 761 884 1010 1840 1171 1103 1428
174563295 22 721 1472 850 181 848 72 116 1625 1950 1910 825 1569 476 1927 296 558 546 1690 455 1509 440 1753
1592842031 23 1955 1291 952 550 788 652 1869 1379 903 1842 517 1456 400 1948 681 1999 1278 1325 190 736 505 1773 1193
2465495705 22 1079 1656 1488 1154 66 1307 498 1178 1195 1201 1867 1778 1513 1814 1245 853 489 1533 1526 707 896 1766
1934103079 28 611 1925 381 1820 1313 1175 616 547 1010 318 160 1597 63 1524 1426 1366 641 1601 802 120 1305 283 1786 1177 919 1418 892 1728
3183949659 31 536 741 859 1030 1724 105 960 827 1963 314 879 1148 835 601 1382 1604 1397 545 868 1059 1630 929 787 1870 155 576 1728 473 428 1279 1542
3838785709 30 303 527 458 1345 490 409 1398 1184 1405 1988 1707 637 140 834 1648 341 230 1006 260 666 1340 1355 1203 1029 1683 1247 1588 1538 1742 817
292552340 32 251 826 1123 366 543 360 1172 162 655 675 1879 900 1120 817 559 487 1432 624 91 1743 1025 537 800 1573 1131 1833 1599 1704 1985 1705 331 1125
2086839931 25 1162 1499 443 1635 893 1235 1700 557 1346 1500 1446 1312 826 1311 1981 517 1587 1506 559 1439 662 678 1319 899 651
1537591072 42 1316 1038 31 188 942 424 291 1314 1071 1404 1702 914 1349 1746 1379 1695 1728 757 1826 284 1351 1924 928 1313 1174 289 476 793 1708 330 1193 1910 778 1146 1735 347 1191 1127 1440 582 602 1529
3926391771 13 1605 1116 667 451 719 583 681 1674 1311 1420 1634 970 1526
1923068621 33 1415 1123 628 188 31 37 1038 36 990 1134 456 70 1433 262 208 1066 211 1705 1476 1220 74 1612 251 511 1928 1544 157 984 357 1259 1813 1895 405
3528902178 40 673 943 794 1013 344 958 1194 31 1944 470 588 1964 758 985 756 1766 1922 1051 700 1359 1423 1873 287 317 767 1330 1041 1587 163 1562 1972 1999 782 225 1052 1400 1584 1719 1864 1642
501329748 11 1656 1446 865 812 704 1844 193 1294 793 788 294
2808994804 28 181 543 142 956 1261 1938 1272 1296 1488 1472 892 969 72 211 1228 1619 677 1588 416 819 523 1849 326 461 1793 1223 141 102
1267603385 46 1470 10 166 875 1717 1084 1842 198 1416 939 235 7 790 952 1057 246 396 385 1110 945 1890 1503 1497 1060 160 503 1640 565 467 1749 1344 1524 1881 139 1905 1278 946 1050 1334 690 884 233 1340 1242 1512 576
1522825019 20 1841 1359 231 1820 893 828 743 1553 1760 1169 210 1467 1365 561 1201 1446 1580 1148 1992 453
1020988799 16 1656 713 77 410 158 1271 1891 1610 1666 127 1427 400 1479 929 814 1117
3069829212 11 598 1052 1338 1710 879 1004 1742 1830 926 1158 371
3819285702 14 789 1905 278 1182 533 363 523 748 1780 222 61 407 1488 19
428267750 11 373 1766 650 325 1775 101 965 470 37 1928 1142
4105472269 44 1373 1179 1746 814 692 1026 834 861 579 927 171 271 1161 151 681 1430 571 525 1917 820 1590 1466 1453 420 1434 29 1777 852 1532 1150 1006 1771 1646 197 1664 939 931 1888 708 1975 1859 114 155 1988
4265452348 22 1009 878 86 1000 290 1212 1650 1871 1726 1713 1619 399 784 444 864 605 916 616 1254 363 1422 1475
1856536044 42 1375 961 269 1993 1449 1214 87 276 1265 859 822 595 1625 628 362 1922 898 1404 524 797 1126 1156 1047 1769 1811 1174 413 1771 299 1912 643 1326 146 754 1117 1143 481 1623 1888 1611 618 1905
1226842554 40 1079 1437 873 498 1435 1995 676 1633 1158 1809 1815 817 1782 826 687 1187 1428 1209 248 362 1047 1765 1291 224 1569 775 1794 821 1638 1969 177 1590 1859 97 1905 1019 1973 857 1727 1540
319287025 27 1252 1951 1112 1903 1518 1769 1195 59 288 1106 1274 1014 846 1211 970 621 1598 1485 1438 112 1071 47 558 1800 238 1770 1503
3260203109 24 870 792 650 357 268 1749 104 322 648 491 162 1841 33 512 949 1968 1064 328 65 1876 1146 317 686 880
540591287 13 1717 1454 1404 838 106 676 302 1895 1119 1982 931 655 1710
2460051407 12 273 806 791 947 1586 1107 14 1103 610 639 758 985
179581478 32 293 1930 312 688 535 1364 1921 1295 1473 1211 1214 176 1255 1933 392 363 1184 59 1932 354 115 79 1310 1943 500 370 1677 1450 1485 359 1784 1925
3890357254 23 855 108 1628 295 948 1375 1306 1016 282 276 257 945 1134 52 946 1197 1038 1466 562 390 181 255 793
1487879253 14 1708 1069 441 294 1094 1169 442 1014 508 1384 1627 1646 769 154
739793467 29 695 256 1474 1947 909 1770 1642 744 1698 1031 1104 1643 63 1286 537 1683 195 172 30 1299 121 1172 900 1559 1144 724 1997 1588 1275
2900568686 35 1806 983 413 26 312 1978 1668 765 141 1518 1759 1026 1415 725 1571 1025 373 415 1460 975 530 1419 1040 531 1569 1523 1377 337 1032 1974 535 1923 1195 1866 1159
387305545 47 242 465 1649 385 1941 614 1561 470 288 329 888 1236 1767 894 147 202 713 1808 874 19 1465 794 428 915 171 264 846 1654 639 1516 1014 1323 103 224 1763 704 1189 977 1714 1922 68 1523 868 1967 585 102 1839
266069221 45 175 666 1651 72 1292 420 943 1840 1895 64 1959 849 1599 492 650 865 1559 1163 1850 1098 1259 952 1109 1600 1836 958 1769 601 1006 1424 1256 1842 658 1226 662 1112 1465 582 1376 1269 759 1005 1976 1298 255
3607737467 13 754 1321 249 622 151 1316 1125 1194 1532 1555 966 1420 101
336067797 40 1210 1372 77 1351 1325 616 855 775 667 536 577 1945 1626 45 1587 124 1532 480 457 86 170 1927 1731 230 1226 1307 459 1916 12 545 1982 659 1962 448 362 163 1904 218 985 1466
325718412 17 349 1703 1669 388 1142 1594 219 491 1858 1225 279 1466 195 1055 1525 1019 1312
1199020614 43 1149 121 387 1234 1970 398 1684 1642 1696 409 712 873 1756 1161 1768 1469 75 1137 426 1668 999 293 1223 512 308 39 595 1881 587 1561 1080 1649 1119 402 59 355 1089 570 638 562 1134 470 1516
1604893289 25 1533 1218 1746 210 467 937 1153 1587 404 1418 1149 1332 1260 1191 253 1016 1778 575 740 686 1749 1486 903 803 781
867458983 29 593 1376 1194 1134 746 1968 429 1977 1795 415 624 795 1917 883 1316 834 1308 749 1930 1773 530 1076 1039 441 1928 737 373 1792 966
3321996281 18 503 1062 646 606 256 550 564 1478 1426 1402 233 1443 590 405 1239 199 1577 940
335325806 19 1786 10 1282 121 1230 212 784 1128 484 1831 145 1654 1780 732 112 1444 1503 811 177
789091703 12 1379 932 1167 1471 408 559 1243 1592 1230 762 1967 1730
3808023433 26 1346 1071 1623 1879 1019 755 1856 22 1135 181 126 1626 531 655 218 355 81 338 698 1045 519 410 790 106 1823 4
2910021058 28 1245 36 1319 971 960 1674 988 1113 851 385 729 347 1582 525 157 149 1429 1652 349 103 1723 255 559 320 957 131 1366 20
3885389192 41 790 266 1447 1973 1102 268 1941 1775 1133 1391 1738 869 885 72 160 1008 1609 1808 666 115 1232 601 1829 805 313 1759 1356 1330 921 1 1969 1098 1498 946 1861 334 156 864 1597 721 971
84673810 17 1682 702 19 1798 708 1607 1307 1301 1450 806 716 429 1963 1387 1155 438 440
2302402984 27 1395 651 894 527 422 1249 1628 1633 1948 1869 1734 803 1491 953 1566 237 1415 1450 213 287 1891 427 516 1901 592 524 1520
376659518 49 161 478 1550 987 512 1388 1362 1330 1531 1669 361 1482 1687 352 214 1078 1132 1409 519 246 510 839 1108 289 1026 695 733 152 1713 194 774 218 734 840 279 1317 955 926 1458 699 1197 982 1123 1230 74 962 604 454 1632
1611391964 24 1477 1778 1714 1088 1800 1803 982 902 479 1860 367 1398 765 1224 487 854 1769 359 904 515 1841 1476 1155 1776
3619668024 10 806 239 1332 1997 1914 656 1471 822 745 1406
793894612 11 1625 114 1674 686 1014 1529 1765 475 122 1643 823
3430900647 41 1355 1445 998 585 1745 1489 153 241 1247 1265 665 67 1501 1124 1075 1668 1682 1810 213 1986 1580 480 1667 929 1499 1078 1903 610 481 1802 1747 36 866 800 1301 1872 617 1167 862 1082 1418
2762794643 22 681 63 760 1356 1522 1318 513 1579 499 1116 1772 1142 1660 1576 417 504 396 167 1597 1616 1872 1455
581804958 34 296 1829 641 1086 241 1158 1908 247 1801 864 973 211 1807 907 486 1562 886 325 438 1956 1421 1133 1447 356 501 1786 1496 917 502 1076 1146 1696 1692 61
2039490018 49 363 606 1740 1437 803 1956 1136 20 1119 1460 1174 550 1502 1784 213 1447 49 654 705 243 601 758 436 467 1004 832 1504 310 645 218 1786 354 1554 1696 621 1126 252 1791 386 1546 328 163 1043 1788 1720 1702 396 464 818
1735087082 34 1561 1395 1710 64 1701 1810 1907 1608 1038 952 1451 83 455 1553 488 591 490 473 739 1607 1500 1331 391 1730 1380 1713 1836 660 1443 865 1505 1223 233 914
973420579 48 1296 374 1935 532 242 1175 537 1149 1481 955 1392 782 1381 1891 1458 885 304 1926 470 337 1960 427 1469 1358 77 517 506 1934 1854 1930 1187 1055 1010 297 1858 1973 1879 549 1202 1364 1794 527 250 818 162 187 1078 178
2075857408 42 723 147 134 1556 1308 353 1251 932 1764 870 633 1662 1627 669 1798 1580 129 160 1430 340 1345 609 28 515 206 595 1610 1377 1425 1844 1987 542 194 1494 330 142 488 760 78 98 178 1133
1133628450 31 1474 642 928 595 1778 1505 1197 1635 1758 1815 1537 385 1919 886 114 511 318 955 428 1907 1730 185 348 584 1796 1127 482 1658 1978 1769 1612
4002770278 26 1076 537 1589 1108 1438 1397 567 1331 510 327 178 208 1120 1349 1954 455 460 1339 970 1872 1752 1178 1013 900 1200 1444
1220342075 29 1613 579 1785 255 912 1790 1625 1193 1269 612 1131 528 252 632 958 1159 748 1419 786 291 1597 189 336 1766 70 1275 1912 93 1846
1326810781 46 1883 312 1255 399 313 1897 883 1885 369 1535 832 999 174 1295 1500 1746 1052 179 882 1137 1601 1808 1180 338 751 1673 1044 1782 868 1613 1457 204 382 268 1359 1206 1653 1251 604 896 926 178 1960 552 993 264
2887521625 35 458 1425 446 410 1027 1343 593 482 1736 916 1924 169 368 1998 714 711 8 411 1719 1684 1159 1105 829 1543 1595 848 1371 1381 1049 99 645 236 1145 1378 1020
3108117147 44 1897 941 1993 1099 1297 121 870 1903 1904 730 733 1380 935 271 877 1495 1006 1264 679 634 1775 753 589 716 847 672 214 495 590 246 338 1472 1212 406 1999 369 814 1483 2 1260 176 1856 851 972
4140360223 15 909 1533 682 452 1590 10 1622 486 155 701 971 1239 1829 902 1175
1897859696 29 1149 1439 1178 417 632 313 1127 1413 1678 535 852 842 1939 1354 1577 558 932 1772 109 106 1512 1306 1751 1762 536 158 745 1517 1988
3712535124 25 1249 1164 532 682 56 243 61 855 834 1245 954 1551 851 1872 1338 1013 32 1435 1237 932 1139 858 1117 203 1173
3194790858 34 180 1804 462 911 1913 327 538 100 1040 51 1305 1312 1471 1688 1058 183 840 483 1852 1784 522 1334 1668 1900 1398 744 374 1407 1538 262 1111 1998 1057 1465
1085087552 24 524 180 5 1223 985 639 971 1317 616 1139 1426 45 986 566 265 308 1736 652 629 897 1876 284 1182 345
989694251 44 1904 1026 1366 1126 1929 606 1047 1997 327 9 60 1035 1709 666 1913 936 1583 1840 1746 332 1760 1939 1520 1793 1893 462 517 119 846 1476 635 1097 597 201 1093 1983 1530 912 1344 1899 1996 1184 1310 930
2897199360 24 1804 235 846 114 1284 199 228 1670 1333 1619 1597 542 1763 576 816 338 87 313 1187 533 827 1497 80 384
2190242396 40 1995 1600 1518 1624 684 1723 1911 796 774 685 146 864 52 1948 552 1625 1634 690 1805 1037 137 758 1528 1968 1762 1115 18 476 1120 1935 1763 1953 475 521 1186 257 579 1867 1089 1941
2398907513 28 1401 1094 775 37 428 950 765 1111 1350 937 828 1699 133 1464 1969 544 516 365 1792 456 1581 1036 1029 175 265 879 1871 850
976002834 50 608 831 1174 1117 1588 471 364 134 533 1738 88 1583 1075 1561 300 478 1793 906 522 1836 1601 484 1703 1052 648 634 345 979 1786 233 1398 353 147 612 577 1869 782 963 35 1811 1999 379 839 1845 225 1894 1101 1559 1859 1938
3222484972 46 1733 1834 990 1286 1994 1220 1918 342 1768 890 1080 769 1075 1991 501 1238 1425 667 509 346 1783 397 1464 1717 1423 1820 651 1635 1530 292 569 70 1039 258 659 445 1924 814 574 1138 756 886 131 1848 1926 741
3656946244 12 721 1834 1337 28 151 1941 356 1481 607 900 1308 552
3557694421 24 950 808 317 87 1237 538 1007 156 237 58 617 1014 722 1287 1266 915 478 499 1338 775 1288 1108 15 1337
346483168 48 770 1353 392 746 837 98 1199 190 434 1444 1127 1162 1501 960 409 1297 555 1556 951 64 462 1059 257 295 707 155 1990 1555 1411 1445 891 185 1988 944 969 1177 442 485 1915 1516 982 995 950 1810 1146 417 1596 439
2598684985 36 783 631 865 1524 1053 1638 653 47 1872 1483 880 1840 437 386 1379 426 1389 613 911 205 1373 175 1444 837 1173 438 1240 1978 931 357 1768 1141 514 1060 680 1210
1118034578 24 1107 1894 754 780 613 51 216 614 1320 1606 1006 487 1271 1058 302 1560 1672 903 305 991 1843 1936 1503 965
3017488555 50 1832 1191 1969 632 1857 543 1540 259 1030 228 1261 482 1960 13 417 1083 123 1159 1389 1128 1208 1283 1843 1170 1060 133 154 381 724 1489 1688 1011 985 1216 1865 1628 296 260 1735 1433 1895 1656 126 828 813 683 1552 687 1258 1136
1591238078 13 1239 1686 1023 331 1390 683 1107 1460 1146 625 1125 937 230
1719764051 41 738 1191 774 1415 596 200 1309 75 885 1824 713 1571 893 1646 1304 553 1122 655 1141 340 806 550 114 1739 240 591 384 1167 918 639 136 1889 1171 1596 1175 877 950 879 1674 294 564
289290322 31 86 1805 1908 1268 1829 1343 685 1382 363 1985 586 1608 1713 73 1612 1317 499 860 88 577 581 368 163 301 1032 172 940 778 503 1669 1644
3972036663 20 251 1427 1053 377 669 857 1975 1092 1895 696 1300 134 192 343 230 1702 954 909 1911 1905
1239984931 40 1813 1995 1992 340 1398 1625 245 1862 1268 203 1827 546 642 112 1000 1310 1730 604 1762 977 1241 1422 771 999 651 353 1614 1962 418 845 194 1337 815 593 1682 1955 802 628 1092 563
69994792 18 1211 515 513 1227 322 420 283 53 1547 807 506 189 1423 1145 903 1629 183 1244
496635920 15 353 707 850 1747 1308 1087 748 763 389 365 1484 816 943 654 527
973115941 34 545 1852 1605 1657 211 1110 280 302 1013 1501 976 1502 779 480 242 1977 973 663 396 157 1122 1260 584 1492 1957 1384 482 408 372 1805 180 1458 560 514
2871505467 12 1502 685 1227 407 1067 623 21 180 766 1681 753 1657
3953662317 17 1434 1414 859 642 1848 1577 696 343 287 182 1181 1797 768 1739 1014 740 477
1963434341 38 575 165 359 756 1608 1685 1366 1611 1389 334 1703 774 1397 1937 1214 719 1863 1276 701 470 505 33 1560 1128 1841 619 789 1212 364 231 1029 1623 883 1203 736 1194 1263 13
3826185064 40 375 1800 118 134 552 1286 724 752 463 1418 420 130 904 988 1084 483 1314 102 1516 1856 706 419 62 1339 1022 701 963 1640 822 1042 1773 53 328 174 1837 1123 842 1803 1534 510
769644416 37 1661 1324 1814 972 1437 1100 125 213 733 1366 807 162 1683 693 1163 540 828 1610 1855 1434 150 1285 167 401 292 743 1754 1230 322 1186 979 1409 1646 284 151 16 69
1412418027 32 1050 821 109 1660 621 955 662 228 54 265 224 317 353 453 1838 1014 1685 1311 1509 1984 49 1504 827 1162 275 853 581 804 1434 1732 1191 532
1419576008 10 1612 328 1314 1490 634 1806 740 1265 1797 1593
889508911 18 1550 1768 1109 312 22 27 594 519 1645 1473 1523 164 1198 966 1532 1844 1752 670
2642103298 31 7 615 1849 658 1308 1767 943 618 1363 323 778 1042 1613 610 967 782 628 1601 1711 693 1165 356 1304 1210 1055 217 718 1413 750 962 888
2286922223 38 1206 726 1942 1764 210 1465 1474 319 1294 87 343 1818 1380 410 744 800 1440 1007 602 1574 732 534 813 793 691 1038 407 1532 1329 1118 1699 1899 926 522 1438 1549 612 854
1842336667 18 1810 321 19 744 1927 1577 416 740 583 153 1207 1720 636 1769 643 307 1945 946
795547069 49 139 1528 356 943 447 1992 911 1049 1740 467 1707 1454 948 1632 1586 702 561 898 1636 557 628 1217 1458 1955 852 1480 1267 162 916 839 681 8 1897 818 927 1862 1885 695 1046 1968 838 1286 875 48 359 480 1249 980 474
628503165 14 1511 96 1464 1569 1635 1099 864 2 220 397 1799 1666 1217 1396
880943057 40 1068 1390 1084 1911 569 546 984 542 1435 1145 590 731 1578 39 1495 374 1629 1847 1590 462 1296 1212 3 452 1388 717 153 371 1930 1360 749 1808 1858 711 1404 118 866 1788 1572 1106
3765817225 19 650 788 330 1234 1339 1747 926 1637 590 1708 1409 1386 922 456 754 510 1894 1212 1503
2524099032 25 214 1636 1589 684 27 1673 178 1749 115 34 345 661 1797 28 1370 1710 1513 1217 191 116 1658 1097 1670 620 529
1287257545 12 1218 549 831 1374 1129 1131 197 473 1122 1452 582 993
1211155313 10 390 1948 914 1251 1772 1501 1125 1455 1015 1606
1838544187 13 566 909 277 1742 688 1142 1702 824 79 1084 1248 185 1226
480138513 14 553 52 1235 697 2000 1456 985 1815 264 1877 704 1121 7 1464
98447147 37 429 1524 171 634 1937 1307 1084 1706 1520 1846 64 61 1471 103 670 46 592 1390 695 1211 1443 492 884 840 41 259 441 1983 1013 943 397 1686 1492 476 512 1798 1816
4139736933 20 528 236 1242 263 1285 866 1277 1299 979 1362 355 843 1756 37 344 1672 1408 17 1278 103
3569617644 37 589 607 1834 1763 847 1555 1499 245 348 1647 30 1060 1204 1538 690 1795 24 392 464 752 276 1675 1967 1073 576 156 1313 206 147 1294 266 1200 1734 819 896 1227 539
1049675010 27 834 1894 749 752 1959 719 19 1703 790 1274 1645 1291 1353 1649 1475 503 1956 525 508 765 1149 1095 505 1553 1867 621 1342
2177721145 10 728 779 967 632 823 220 1849 859 1690 756
3242656089 22 500 1117 1009 532 1274 402 297 1326 86 1041 235 1145 1368 1208 1579 623 1514 38 179 906 1820 940
1008521953 44 1633 972 1427 1523 1425 81 630 1506 328 171 915 843 844 1748 895 1206 1791 1299 1830 912 1778 1054 1204 1218 1980 1964 1009 332 403 1411 719 759 1687 991 1236 113 76 571 1612 1141 31 300 1177 656
3143591898 11 678 1328 1028 843 146 114 921 763 292 425 1569
2648051519 20 912 665 1992 1260 838 1208 218 1562 1281 981 392 433 395 1889 1308 1683 605 266 1039 633
2048352660 39 1802 1785 862 1482 642 1608 1349 1113 1383 935 206 592 960 1402 878 1037 361 1978 1798 589 1269 19 1945 1850 879 287 1184 1634 1954 479 1586 117 1246 1631 1062 201 981 1967 1445
91897738 20 892 606 569 201 1395 503 858 1018 992 1465 1634 515 562 886 826 140 122 185 270 439
3942494630 50 1150 249 968 900 330 564 1104 891 1276 1369 196 343 294 1851 1021 935 1775 1837 1431 1217 92 445 1043 561 719 418 501 460 288 815 1018 1547 295 1779 1418 1771 1171 1519 143 1459 638 641 1302 1030 1265 1532 802 329 228 191
3676346331 48 1178 1123 1552 1715 1648 649 979 1973 1586 1845 1036 335 1458 230 1905 1723 1039 712 1246 1887 1850 944 1891 778 476 404 183 798 1315 1232 820 69 490 573 1597 1921 1358 1665 1028 600 643 302 434 1659 1389 1248 838 832
505280508 24 1386 923 243 1509 1902 477 1083 1999 1990 1633 1515 1104 985 242 336 648 1184 1053 36 62 1754 31 1406 69
3137522180 17 1343 1785 1827 1983 1227 1935 1241 105 674 610 106 440 1819 161 392 473 1813
2710252348 46 17 549 337 1052 28 1337 249 1253 623 1249 1877 265 1847 1314 1772 1205 1322 68 241 1081 1112 211 140 374 552 1723 389 1686 1089 128 959 1636 1213 1055 1892 1602 1638 1911 519 609 689 592 1588 1676 294 480
416315084 40 1623 360 1663 909 282 311 196 346 216 257 1542 442 1538 1143 1034 1428 1563 1616 460 1938 4 1723 1202 950 1614 889 1408 132 910 481 701 1137 160 741 809 41 1979 1451 1339 1855
2958079039 36 1921 1601 1678 1562 1710 1526 1508 325 75 641 711 65 1846 1942 421 640 474 1802 428 80 1851 1356 546 539 202 677 439 1505 94 259 1587 215 365 376 586 1965
2139040678 48 1199 1819 1945 396 511 1371 506 697 1210 1072 1245 19 1908 1923 1095 730 762 1378 1425 686 1081 1656 1055 355 1724 984 1768 601 783 1211 78 690 1010 874 1284 1559 1570 1303 831 1966 1952 1930 1301 981 901 1227 1215 703
3293391848 11 982 744 1302 849 1046 976 981 491 1413 871 474
757439822 17 727 86 411 1540 573 627 554 661 1862 1365 1188 1427 1798 1096 500 800 858
940903367 18 796 423 1348 1696 301 278 443 1053 1637 1940 1460 758 1229 220 1384 1520 342 1213
1104184416 44 303 1669 1505 39 578 1314 784 1348 1350 1726 532 397 1527 473 678 324 162 984 1801 700 1733 81 1709 1391 751 1393 1625 1081 827 601 1295 1175 1948 84 1337 112 483 415 1217 694 1322 841 138 1825
1603138767 11 594 1434 1564 1259 186 1920 731 1812 231 145 1985
617061378 36 1932 736 888 417 458 761 1285 678 687 281 1551 1082 286 854 1618 1586 309 333 1410 1149 145 594 978 1165 244 1672 1784 96 1861 1938 1872 379 1296 1373 755 1504
135777636 43 565 720 833 787 866 115 1601 832 1932 1528 1373 1090 94 967 1868 1374 293 1238 1416 123 1769 987 84 307 1456 1506 552 74 1673 1477 1476 676 1235 312 1396 1792 1752 1442 253 1682 471 317 423
3934328736 44 567 702 1497 743 1089 494 1257 0 974 720 1887 961 1726 834 882 1655 1765 845 390 131 1060 1407 1041 1361 1503 237 1394 755 1231 29 1156 116 1759 704 785 1414 80 920 516 1831 1640 455 818 76
206953678 36 1603 44 1305 367 1040 1998 1339 1629 1900 1834 6 684 1240 793 1323 1748 1343 577 1474 1897 1840 1063 1254 1980 1068 1007 972 102 135 1315 103 1038 1610 1649 1024 1118
2248957353 35 589 479 151 1618 330 276 1374 676 1915 722 278 1359 819 194 1801 917 1674 377 1292 632 1379 898 154 585 1469 916 1170 266 1417 997 1514 650 1382 825 945
2785271616 50 1317 336 1471 1641 1463 917 139 1764 706 720 1670 164 95 1621 658 730 1532 1958 586 1784 811 726 741 1916 703 1700 1986 352 1251 1528 1646 534 1237 1908 1015 1889 1638 908 1179 872 1254 381 1956 191 776 532 429 1603 1703 1562
3190135724 48 1801 1715 551 1353 530 953 105 862 985 351 1320 1613 623 699 744 582 115 1275 680 1447 579 1428 1038 630 548 1209 1724 981 499 1136 556 944 1023 1883 1474 1726 1812 1991 1388 1149 275 245 1979 1072 1929 306 601 404
997313042 27 718 111 1198 1045 646 1651 1769 320 571 1930 1570 763 170 823 312 1225 588 484 530 1469 1153 1450 455 1216 1428 145 604
3718464605 39 1008 1380 1291 787 312 168 61 484 398 316 1882 182 1779 1579 737 1889 1735 1012 193 1082 1630 255 1922 960 21 1561 1019 1416 702 147 1320 999 308 503 1781 1729 898 1753 68
3100007261 12 831 967 731 1597 1445 829 455 673 623 20 1038 540
417666625 30 204 1870 770 181 1722 466 1494 1207 1256 146 1478 802 1255 469 576 1658 1329 397 1114 679 374 1600 258 1537 178 1454 1145 1197 663 850
1452481975 30 4 1094 766 139 1150 1168 1901 1244 1779 334 221 1077 61 1257 1154 1810 140 1875 1853 35 755 914 653 187 710 712 965 170 765 335
3828620425 45 1751 114 1840 1825 517 1918 773 1020 800 1858 1357 1536 229 732 93 651 363 1072 1019 723 543 976 811 556 1323 1759 932 992 379 1513 892 1133 201 49 31 358 121 1590 501 1817 1580 1604 1300 1376 387
4207717522 34 1951 862 1071 1466 900 1853 11 626 665 1481 1135 648 1763 235 1623 1950 1477 1697 1353 130 1667 336 805 1833 272 1203 517 286 410 1166 24 1280 174 863
2492420630 23 266 1684 1375 1873 138 1323 532 759 867 1151 1140 18 787 389 1138 92 5 795 57 299 233 451 1882
3967118492 16 1691 1081 392 71 1062 1973 473 785 1004 1327 1387 925 1702 645 158 815
2508278138 33 985 1945 1852 1108 1119 755 1781 1377 474 538 551 1314 1435 1749 542 274 855 383 1764 181 1505 643 1455 1017 482 1335 261 983 1260 1418 1157 10 1432
1058986947 10 1965 54 924 174 590 356 778 1742 988 611
445379887 49 501 896 589 1351 689 961 849 532 644 1924 279 158 1382 207 1985 336 1182 1032 1756 842 1675 1748 1379 1290 62 974 1148 39 1199 602 281 1485 87 51 1471 1622 1435 1341 1481 1313 596 686 96 610 352 1882 1726 151 1844
3098228005 39 1810 1130 1172 1477 399 29 1319 83 158 26 7 628 474 522 1210 1138 1601 1121 983 325 1195 1783 1089 1205 1295 1099 40 1693 1620 1704 1637 782 929 426 420 1103 1427 1573 389
3923762741 26 1260 660 141 639 1148 1061 575 335 1337 131 268 1405 905 1628 1387 599 1400 1549 840 1056 1910 1189 1711 99 1647 628
1218564568 50 437 1843 1743 101 1072 447 229 639 57 634 959 1098 21 1219 1864 832 546 37 1145 1592 214 870 96 1972 1198 130 1000 1642 922 1984 1659 1258 941 1637 746 1721 1094 1666 713 1140 660 384 108 666 1090 1497 1930 1878 1919 1672
2565741072 37 1782 1075 230 1860 7 743 629 1507 1257 1976 518 1337 402 700 971 225 169 943 1899 592 742 778 1856 418 1062 1267 376 1324 1048 244 382 70 941 1696 373 52 863
496018238 44 1388 985 1861 355 970 846 1263 1256 1961 1635 1660 994 666 1061 1074 1344 198 423 278 807 1172 1296 584 1194 536 254 89 236 960 196 1707 1672 1420 688 334 1687 1228 685 1702 1421 1042 1784 81 1468
2679468865 22 2000 1833 1755 1814 790 953 253 1389 1799 1018 1463 1806 440 661 918 852 1242 224 492 733 1500 1482
550090496 23 240 1016 1297 1966 103 419 758 1283 381 1624 1368 937 1477 1629 879 94 1603 313 1346 1652 806 1907 181
167896550 21 1252 1987 450 1185 89 704 39 1574 1833 465 570 30 23 1891 665 1254 286 1497 1541 727 988
2675807462 35 1127 1073 1350 1805 1072 1836 1436 1143 944 1530 1516 957 1015 650 1164 1896 1203 1877 1969 1018 177 1779 262 965 872 962 1537 1555 11 1776 469 321 1471 1061 160
65952177 36 1795 1748 1920 916 1619 1835 462 364 1715 200 1184 1161 1733 352 1738 849 1643 1456 420 585 1692 54 1889 1528 285 1422 652 321 1028 1856 1380 779 1427 1524 505 394
2663489168 45 1198 1549 270 1746 1956 747 1699 522 1947 1214 1783 1628 1550 1315 1871 295 827 404 1308 135 1518 63 292 208 488 1576 1079 718 1807 771 965 1382 1277 52 1097 1650 266 1541 332 1982 27 1618 434 1691 1791
3944785776 34 1005 614 499 172 852 982 1927 1901 1585 1847 1413 1161 993 1683 1289 464 574 1145 350 1789 703 1332 1102 346 1514 1375 9 816 1929 811 1647 877 748 146
3355200915 49 76 734 166 905 730 903 1864 1232 933 13 1264 1122 323 530 1265 912 860 1712 419 258 681 1973 1312 856 373 235 1883 649 1637 1881 881 1069 1985 1378 1041 1336 1241 1498 1815 714 1552 417 1600 460 295 1091 1587 1144 442
1196317845 16 1299 624 751 566 573 605 650 1880 267 1369 1100 992 1775 672 1804 1239
4078565305 16 1376 97 549 1925 545 314 121 914 883 512 262 175 1945 1556 1323 1659
2399424929 13 901 527 1927 100 1978 774 1815 896 755 741 517 1013 410
1989232908 14 1456 1115 317 1580 1965 729 589 262 603 284 1798 1215 1162 74
3640477566 26 994 1019 223 966 263 1890 1743 1910 1065 1538 137 1152 477 1142 827 913 712 717 701 484 518 867 786 1509 1962 1447
3089399160 12 1726 1476 410 1791 927 933 1964 883 979 7 1544 1817
2045450434 48 233 1806 476 1660 403 423 1159 1619 829 136 877 1589 536 1068 790 1987 649 1134 1020 1266 1894 1556 643 253 1075 704 1270 1210 1683 450 1801 1648 1876 326 154 742 339 1564 1539 1583 1395 1258 542 1182 546 1870 1640 1128
3974975793 46 330 1753 405 11 1664 312 1530 1818 1926 1889 1995 1665 119 1273 456 1306 530 251 1433 1596 1467 803 1609 313 1333 339 1743 1326 1756 1859 1927 1412 1286 1197 1405 1848 109 274 1245 2000 1697 1620 1076 998 1772 1037
370869994 19 169 206 1414 668 1167 307 428 846 415 1369 197 324 328 1734 484 1037 1790 756 247
1519228193 49 894 405 1021 552 606 1004 1367 1650 414 878 1097 1652 1956 1602 116 1214 1682 1208 1766 124 415 1420 1486 951 403 1217 1142 517 1503 469 1651 763 22 622 803 353 31 1254 1779 670 576 630 1285 908 1677 1524 1481 1643 1045
3312330977 13 1478 1991 764 841 1675 909 635 1061 1339 1011 597 422 1235
788150886 10 1992 1582 1308 711 932 1614 801 1426 1499 501
2004127376 10 1276 620 639 1303 973 19 377 591 825 987
1321932672 43 1277 132 1287 1659 999 61 264 1762 1469 34 1589 958 1364 1658 244 100 770 754 1514 97 1519 697 665 209 984 927 768 698 401 1 160 667 826 1611 948 1880 1337 1111 663 72 512 1948 1686
2958044757 10 676 708 1110 632 1029 472 284 1676 257 1853
2804394590 12 670 1083 1226 1438 979 68 1888 1515 1040 188 1028 1489
1086621392 26 1482 1 1679 311 1357 1577 1118 609 114 1284 722 1326 387 372 826 417 1067 1401 1579 137 1095 482 1033 944 197 616
2771155811 46 1354 1430 559 1713 836 1982 665 681 1400 1302 1226 1453 1048 1654 1143 238 541 41 319 1744 660 140 1424 1990 1189 753 608 950 305 933 752 1349 1361 129 1734 219 338 1462 696 463 286 937 1526 259 1013 725
2373107036 43 1678 1969 1012 840 119 720 87 805 3 1022 1278 1915 118 1866 1965 921 223 1262 472 1932 1950 1128 250 1048 790 516 1136 1831 539 1835 1731 5 372 1548 385 95 1934 525 1203 585 895 765 1287
40101581 10 459 662 1656 359 899 1463 920 111 1932 1160
1156184075 34 1313 799 1543 189 1503 1050 1591 1216 1080 1007 1551 627 1680 1684 1258 1940 480 20 1523 1996 0 1665 1269 1673 389 131 1104 305 493 1584 1918 780 405 212
3561984071 17 1374 1458 421 954 1071 401 1223 197 1308 57 52 13 1857 1004 1600 232 1437
3446981542 38 195 1270 1457 544 226 870 1520 1314 1209 1214 1479 447 45 1481 1149 242 967 1584 598 1512 578 939 127 1497 1957 1894 552 1268 219 1952 868 378 1569 1597 1144 1433 360 951
315495396 11 1817 590 669 580 334 1487 255 1980 1319 608 991
3823083323 45 828 1312 1520 1489 803 864 1179 1019 1513 1912 26 1144 938 51 331 312 1684 298 1354 314 922 879 1660 1632 920 919 1790 792 175 430 657 1428 491 1011 1924 129 541 1003 29 1970 1888 779 1730 1518 1740
31299214 24 1458 1408 1516 192 1883 1361 455 918 1349 1533 1682 1310 1162 1942 1392 567 371 1126 1999 585 679 1026 194 1529
4040438607 28 1746 1224 1472 1969 1421 1321 243 1631 286 1530 960 1526 1147 207 1527 1989 783 628 1661 719 759 539 1489 1233 654 1048 1659 487
469988002 34 1357 787 673 762 354 1866 644 1312 162 871 793 13 967 1352 616 721 1208 618 458 1833 1912 722 1109 1902 11 1654 357 1951 699 1332 1497 1463 981 156
592870556 39 40 911 1846 980 842 1664 1026 838 1292 1267 1157 238 619 665 261 834 972 1695 138 506 1208 1322 1312 633 57 1742 739 1540 1751 929 833 1421 9 85 871 388 287 20 444
3515159723 36 520 1517 946 1122 817 1233 442 1726 285 1903 845 1168 128 1784 1180 239 1688 176 465 561 625 104 1987 1713 1626 1024 842 745 757 960 944 828 680 309 1468 1781
306102174 11 274 782 666 1837 1643 1100 1501 1500 798 1127 1090
3056389746 33 762 656 1769 63 1348 1727 1975 1828 1759 1807 1442 560 853 1036 1114 680 1097 1076 1192 1302 468 1537 1623 842 226 1383 1854 926 1023 12 962 1130 1169
3172675753 35 233 1257 1709 1627 116 239 119 1764 141 1297 82 1826 683 538 870 628 1787 1874 479 1 1259 1043 434 964 1071 1400 1918 1369 598 321 1002 36 725 845 1365
1272909992 46 939 567 444 1846 178 978 1290 1930 35 96 744 1161 1781 21 1373 634 1446 1318 1998 209 90 1219 1182 1324 1879 1197 232 1946 1176 137 940 1646 536 602 97 471 1452 1415 1696 1293 1877 105 1711 553 538 1074
768261821 30 575 1524 645 1997 345 1178 305 58 830 1615 228 996 1668 1019 256 1680 712 610 768 1121 1842 1183 94 450 1502 960 1593 579 1575 371
619780755 44 1945 632 1153 649 530 82 1910 1217 1855 152 1949 22 1457 83 1181 350 1918 252 1357 1259 791 275 1624 1456 1956 717 1812 759 1056 1058 1540 1410 524 382 1470 1704 719 613 5 905 1749 1648 888 1861
264887060 36 812 587 987 1765 766 133 718 220 111 694 849 1897 186 1801 1786 939 140 328 179 770 1724 34 1227 1494 1289 1998 771 1654 1706 51 1257 1676 1365 1893 35 1719
1543330076 40 1900 1431 1077 912 491 410 977 576 219 1493 143 940 383 1810 580 872 326 308 1090 1898 1281 1690 1255 895 1057 1189 1228 810 1929 1531 819 805 503 966 666 435 1406 790 1460 1813
1606566666 39 1178 1483 1751 108 1190 801 1736 1824 841 1303 940 1536 811 1533 155 1888 1294 673 1964 1624 1728 915 432 501 1181 12 1802 272 1717 1213 619 1806 1540 771 1136 1667 1673 1971 335
4005996455 43 1434 1041 425 1052 1194 1716 1123 1425 1754 296 1729 58 703 88 1983 1760 1629 498 1588 1269 304 1559 884 1033 1820 1186 547 1262 277 609 1114 1917 1398 1810 1267 985 1573 419 209 1816 1212 1089 429
928913529 18 472 360 592 222 1304 1151 1288 1295 1579 420 8 945 5 686 1085 65 266 422
462662089 19 68 87 137 347 1194 443 523 829 988 549 906 447 1649 1177 1233 1664 689 93 1674
2527741383 31 559 1507 201 42 831 1365 387 992 1327 1854 905 952 23 350 1805 1075 725 358 660 633 2 629 82 370 1928 439 1820 1038 1531 152 641
2029005825 39 1814 1393 1413 947 577 1981 1506 208 266 643 1259 437 1220 1651 419 14 1119 1467 195 110 1929 585 1978 686 973 396 119 468 1113 905 852 595 1488 1478 1975 606 1054 1703 1804
1113925895 33 1210 834 10 1278 1315 147 97 783 364 1390 1162 1481 1854 1523 422 313 1386 1247 1680 1348 1100 1868 111 1076 458 1282 1358 1134 1986 1005 1101 1643 497
2940117190 10 900 1476 1940 479 1444 313 596 1021 263 1428
2384340481 16 613 1276 137 897 430 912 1279 1234 971 297 1415 1598 1778 520 1809 253
4039703296 39 936 759 1664 815 1441 638 1820 380 124 644 451 1117 1559 332 437 49 513 1027 1297 1412 258 329 1162 1748 681 1827 260 1962 289 679 1992 401 270 1884 903 1621 1531 214 133
3548298041 50 971 708 1270 1020 1064 189 1297 108 1591 1152 1839 38 1057 308 303 617 1976 1340 862 1047 1435 561 408 1657 1373 742 1871 1440 3 1140 1278 1469 1779 1421 957 402 1636 855 909 700 13 1513 1007 756 448 145 314 1162 1729 1537
851315591 21 829 363 1646 456 154 914 1821 385 1307 539 51 124 863 0 1295 905 1072 1608 212 1690 1045
1650020712 14 1570 989 52 1605 1888 1270 608 726 1460 1641 506 1131 245 1894
2857530540 37 1115 950 1619 1675 1116 1778 691 1801 0 692 884 646 860 1774 1462 1004 580 736 1614 1996 1854 1689 291 1302 1751 656 733 1667 621 189 887 102 343 1366 434 1241 190
759431591 22 456 297 923 1105 1684 1004 1881 229 1465 1242 1545 1757 1488 602 374 492 1896 1955 3 430 1925 801
196047294 50 4 523 501 222 1180 266 1901 503 1521 1590 841 504 1159 352 1212 1337 1785 1058 1871 1530 636 554 1115 307 98 1276 1779 1274 1603 191 1805 913 519 694 1552 386 639 159 1674 1714 244 1993 548 1807 1591 1065 6 158 1215 1803
2369107126 23 411 704 1489 1881 1513 1837 700 1768 1021 399 492 141 1430 44 320 989 1765 1841 1969 1383 354 698 1576
1781327673 14 843 338 285 379 1166 1293 1729 211 791 152 130 743 1793 919
4238041395 17 1215 1471 272 818 779 561 1676 159 121 633 223 1049 857 428 1756 42 1046
4215462633 20 491 241 289 1979 1163 1310 1759 1656 190 1834 1539 242 1146 1854 1020 532 1911 934 674 136
1344869022 35 1468 1637 1362 1650 777 159 280 385 852 323 533 697 333 575 582 1331 1213 297 1152 63 760 507 1647 1908 912 219 1194 683 488 535 470 1036 1830 875 254
3969209679 30 407 831 593 1781 133 1141 1697 144 269 10 1844 1186 736 1226 302 1850 1419 563 566 414 583 955 1386 896 835 1174 124 1354 1673 605
1071206233 41 281 947 711 741 1398 632 1442 531 1626 1938 308 87 458 1631 130 852 972 575 74 1808 977 1312 334 502 981 375 274 834 475 690 1122 441 1197 115 897 763 504 1842 1067 1417 196
2844135248 20 1578 258 1533 813 711 1408 1512 1986 1629 1285 255 1535 1167 1034 1841 1962 1569 343 689 502
3437454274 41 755 644 773 1513 535 263 905 517 1072 1746 780 1046 1506 1952 1247 989 536 1061 420 1582 624 507 404 215 821 495 1534 1936 1672 355 1428 827 903 970 743 890 1693 719 1388 639 783
300193878 17 1788 39 732 649 652 976 343 974 1737 1628 89 457 1823 432 1920 1023 320
3617995868 25 1444 1068 345 732 1390 491 1111 487 1263 161 835 1760 1779 996 1008 512 1812 32 643 1624 1888 1985 787 937 1147
2487325396 10 723 643 1040 687 590 465 1868 1078 247 1433
2671107404 19 1606 1270 1186 862 1757 593 6 625 33 552 1522 1914 659 1142 1950 1739 1971 1423 495
2811806152 27 457 350 715 507 385 1347 1592 1751 513 1527 1016 163 1033 1646 505 617 1192 1522 1504 269 940 783 356 838 1180 97 128
400679309 39 938 1482 1925 1869 1398 189 48 515 701 1608 1456 313 1444 884 1801 1298 804 487 266 838 1302 782 1721 1609 135 1713 1278 137 1117 1404 275 516 691 1242 816 374 1039 575 860
5820631 48 1133 590 1005 1829 1802 335 1935 170 1770 1197 337 854 1923 1610 771 740 1716 1553 457 1909 1711 498 1619 1794 344 1604 1778 643 1300 1445 13 1663 1431 794 1737 1912 1287 203 461 788 80 273 1479 1274 539 363 295 117
2677450343 50 712 1534 1381 162 554 956 484 1570 279 537 1813 935 1784 69 1500 397 286 65 1844 352 91 931 790 1239 358 1483 585 376 1175 811 1634 517 1828 846 1095 441 673 1181 177 1295 649 1271 494 1486 1636 1818 1621 172 1750 1706
486317012 45 1162 1491 395 1848 422 1238 861 1452 1339 122 1688 1560 249 1438 28 859 1034 1669 1323 1894 360 415 1812 1448 1132 136 862 797 779 299 818 1879 1753 217 1179 577 759 385 835 1181 1247 1313 546 63 11
1462676545 28 1797 1066 1100 708 903 1471 707 1730 1470 1525 1244 1063 1275 1174 130 233 1611 791 1627 1339 1200 977 431 696 1379 606 392 1241
4229433148 46 288 809 1740 187 1894 879 1667 461 1176 120 444 469 1141 1162 1817 176 1952 1931 1246 1067 550 336 1830 1388 740 944 684 1225 1114 1490 1818 1782 941 1521 211 876 235 35 1488 1275 1840 1763 1933 22 1729 1845
3674345982 38 725 1867 1086 740 1571 1031 79 1736 1942 591 1087 457 357 1458 989 1449 1259 1862 213 1936 1168 1666 351 344 937 1677 1523 1742 193 1590 259 540 811 583 41 713 1377 121
2902389953 34 1788 48 492 1507 779 1089 993 356 1699 1317 1643 915 1945 428 200 564 1444 1148 1799 1614 1407 423 697 1144 67 1204 699 1360 1944 448 1021 1801 951 318
3721027037 42 1330 1417 1771 1474 1543 730 101 845 309 1328 402 1456 1206 694 1757 1302 1208 31 1795 1651 1487 1832 1162 895 1910 568 1630 1591 1612 273 55 1901 1662 1988 164 600 1765 316 1590 1331 1796 278
3136605960 35 957 1407 316 358 535 226 1144 1867 881 1158 421 1889 659 1912 1610 1656 1551 1863 1217 1336 1574 1380 1976 1450 1733 995 1076 239 740 774 652 374 1218 1062 1512
1019609737 13 923 508 1840 1847 831 87 1233 822 1903 1946 844 1003 566
284486129 50 1851 930 134 1184 262 1681 609 98 1278 425 1597 1237 1150 1106 1956 1567 1926 1688 1977 313 985 1366 953 1874 1785 306 611 211 1232 1663 147 702 614 891 1765 1554 1715 1360 1221 1725 449 984 1642 443 1593 1227 1750 1382 878 615
3782962083 20 1163 1030 1552 1404 385 728 1212 1734 1352 1888 1554 1524 655 1772 537 1839 1265 1870 1575 987
2264123413 11 1814 17 728 1544 1820 616 746 517 346 348 959
2266798787 25 1954 1413 266 637 1180 1587 93 847 733 1338 1225 639 1448 987 344 172 120 1924 769 1552 722 1482 746 1229 181
827236157 23 433 1856 171 1708 1486 787 933 1816 1431 60 1026 1411 1537 1306 827 537 1108 517 474 1346 565 83 1289
3176253229 44 389 1847 1996 1722 1406 650 1804 49 1687 1754 910 231 341 379 221 935 874 335 106 1514 833 1324 393 694 745 933 1314 79 1101 1275 1814 116 792 485 1338 47 324 1646 1417 178 180 1052 1925 263
2328377091 11 1176 525 1980 111 1586 366 588 634 996 1151 120
1036247149 24 680 1919 647 1735 781 1226 1605 1772 610 1367 1332 1328 472 1713 1987 961 1022 438 1013 742 1856 799 1244 1718
3688350748 16 243 1854 1573 1886 1216 68 890 1483 620 1696 1629 1100 989 584 947 1852
4279664540 38 196 1684 62 784 1965 1976 1856 139 579 1572 919 1433 219 72 1696 1010 1736 1056 118 524 1137 249 1754 1219 1671 1796 1882 1299 889 1726 864 766 1395 1495 116 106 99 1311
2657044469 19 1738 157 654 425 1517 1772 1490 1364 1613 1880 382 1042 858 1461 38 1058 1477 1867 225
3244708286 50 1352 213 171 529 203 723 1802 1073 453 161 1212 297 1768 779 1855 562 446 793 854 558 1153 1046 1828 67 1335 1135 1963 182 1759 868 982 1276 1781 869 740 1627 184 389 1001 311 1347 1480 533 843 259 91 1180 866 448 334
1094595359 32 1198 1458 747 1461 364 1761 1601 850 1157 1652 1348 549 1904 920 1860 220 513 649 1514 99 600 1286 1717 1928 349 1289 108 1930 1503 1218 1021 1549
2887391520 27 1188 1215 1961 1460 1305 1281 337 1455 1313 1969 145 1859 1189 1826 1407 857 1187 778 320 641 601 1726 1753 350 1379 764 1111
3945226132 15 1018 1775 1728 940 1653 736 614 1768 523 301 1898 1488 1790 60 239
3214278726 34 1822 1331 3 188 1471 200 1881 1637 1694 722 1274 620 619 933 1966 184 1565 155 748 984 1081 1179 1559 296 1424 71 931 208 1133 1850 1630 1388 837 406
1879504266 40 923 217 1115 877 1810 169 62 1536 557 773 1812 68 365 614 403 1979 657 681 1777 292 882 1347 696 873 1384 1123 257 1439 1395 137 1323 1753 1063 447 806 769 250 1310 448 1287
3392562634 26 348 1406 352 1359 109 1987 200 1688 1237 7 1587 1673 359 762 1630 416 1254 1641 1049 770 970 508 1753 26 1334 223
2099463202 38 674 565 917 935 30 475 892 786 1510 1538 474 495 1193 1081 1572 391 890 278 864 1250 1755 1530 273 1055 118 14 76 1832 1935 399 699 1305 141 275 265 828 966 1929
3207555707 18 1445 1548 1883 1240 1746 1732 1321 430 99 208 1367 1711 847 55 1080 1098 891 1695
904555990 44 1921 171 889 1162 510 1142 1276 1076 1513 1363 1737 1820 246 1510 138 1946 1269 1386 379 588 99 1531 388 1720 1941 1195 959 18 962 683 1046 432 1253 1991 985 518 1516 1960 73 1198 1166 125 1729 292
2977813163 35 1808 1667 380 474 1432 1500 1636 1968 894 330 41 1481 1999 1337 1954 1891 1559 854 1763 264 1090 1562 1838 470 1036 733 550 1641 1945 1931 1250 1070 1983 251 397
1753803554 45 496 1795 1757 1558 41 542 776 581 1136 1836 1530 999 1336 1266 253 1044 1525 1178 1426 1839 671 134 1376 933 1485 506 1197 839 96 1919 1231 880 1400 1625 505 329 148 604 1719 88 1680 852 903 552 1985
2687400410 34 263 158 697 1813 1435 259 95 436 1232 453 950 568 596 1418 1486 1761 1229 1069 1208 1387 1216 397 1067 118 357 1853 831 969 171 627 1560 616 1365 1383
2585485774 49 1756 1868 747 91 387 1939 1633 651 1416 897 601 1874 756 828 539 564 1921 689 1198 102 155 716 1128 343 427 1552 1006 1214 1537 182 107 133 786 423 328 513 1285 1231 1102 1555 618 1485 852 1362 1063 481 1044 388 1295
3961687999 26 959 911 1005 990 1385 1715 1789 1997 437 611 497 554 1449 1780 222 25 486 1892 159 416 1405 1580 902 1196 974 389
3518326278 35 658 1051 636 1282 1115 241 1886 497 1939 125 893 793 68 1184 1418 1585 1229 134 1442 650 1485 939 667 251 436 1013 852 1345 1748 1744 305 351 681 956 1381
943130541 32 1981 1512 1084 800 1970 30 1457 458 923 1973 1867 296 911 333 156 1435 1557 443 1055 1052 408 1801 777 1285 1335 539 1070 1386 1595 1869 105 700
3577467089 41 1654 1972 1771 512 1647 1982 1142 1124 1338 1193 337 1244 646 847 1269 1635 415 795 833 437 474 479 1724 1228 1844 1250 1969 1761 950 695 243 1159 1225 1435 15 468 1790 1384 103 1450 229
2432986207 13 501 1420 742 1635 539 158 421 882 341 1016 1374 605 335
2471323918 25 508 1598 464 1829 1510 111 511 618 155 1941 316 1631 588 1586 1360 1566 1091 1051 380 1320 1367 1584 270 55 681
2457636242 28 1384 318 1166 1456 1515 1481 1100 362 160 1906 439 387 1875 1368 1588 1499 1308 1180 1660 1049 1962 1383 1450 1458 1528 141 1157 935
1222684884 48 1462 818 401 352 868 1550 652 1374 750 203 1650 1510 466 1937 400 1942 76 1512 1 108 1349 1697 640 1522 1141 891 1952 1238 416 1230 737 663 1387 1821 4 1783 535 1362 927 805 909 1454 1284 1396 908 718 1606 1177
3338681923 27 1533 468 1201 394 1977 842 1196 1027 1680 890 911 78 619 554 91 1507 1101 594 990 456 910 360 1112 1349 1939 1356 843
3410823373 30 1442 1326 1096 1643 1452 1293 172 500 1423 1662 847 1737 70 1325 1244 1870 196 542 1112 1926 764 994 969 971 643 80 1330 878 380 1122
1398477387 33 1249 673 1147 823 648 329 1826 992 569 1253 1016 1356 675 704 1257 1797 1701 1908 1658 1038 1230 630 338 664 356 1015 710 1655 1958 612 1883 808 147
4232860734 44 675 1710 1366 620 314 710 1605 1571 1029 1155 709 940 429 1330 187 1120 492 1462 1827 1781 205 1706 362 1717 438 1015 549 533 920 1146 1597 392 996 1305 1964 2000 1280 933 476 1468 206 1231 662 948
3831137461 44 659 1522 1597 57 211 1636 1884 12 205 154 1457 1084 1165 1470 1568 83 1909 51 909 1594 259 253 454 1910 758 2000 300 573 864 962 1105 224 1117 138 93 1444 1211 1588 1460 926 1403 378 135 814
3580114248 42 1780 1782 376 1553 1755 615 705 979 1415 545 225 1168 386 90 1258 1732 170 647 1379 335 1278 1626 1246 1980 941 1530 1161 50 280 1791 1787 846 1921 319 1680 1627 383 1000 131 1270 909 1722
1237871266 26 52 467 1340 1406 1822 168 1651 1890 282 1528 896 1080 1113 683 740 1691 461 1886 98 1697 671 88 129 1283 378 316
2953238842 48 556 495 1037 1571 1827 1445 1175 430 1067 1726 1440 134 1536 176 850 1546 153 1824 386 1485 237 342 1752 1983 1368 381 1811 1008 1539 372 1952 681 1050 1751 705 1695 387 296 842 456 611 922 1967 1887 1332 1633 1759 1866
3603082181 23 1223 1492 866 457 572 1000 1510 795 838 1174 1051 1694 751 1758 729 1721 1513 1457 350 1703 474 296 428
3957682937 40 324 385 1687 1032 1758 156 1260 1618 1512 683 1105 304 512 1318 12 384 1093 855 1208 1940 788 946 789 507 564 1271 102 1539 1586 1560 643 1335 1340 1587 127 1540 1849 1766 1992 1008
3649497362 37 1108 862 1083 915 348 732 1924 954 1881 1301 975 1110 1151 1633 436 842 1468 1155 1685 1190 927 1849 164 1497 1596 30 531 133 500 243 1137 332 1147 376 802 1077 322
114243287 14 555 1043 1368 1213 429 284 1571 1831 660 1086 238 1588 1650 137
560965971 43 380 66 1371 553 1672 1480 778 135 312 1461 544 1068 1243 317 992 53 791 1266 35 984 1132 33 121 1808 198 757 1524 1383 1165 1661 812 1294 638 50 1202 635 819 467 150 1693 1232 1670 1351
3495459047 43 1937 49 523 955 1671 983 572 307 1929 1083 773 1113 1172 1836 678 1479 52 798 934 18 425 158 1615 296 384 1797 542 1147 1398 862 397 623 980 176 1958 654 1001 943 17 1974 6 187 1692
601617772 25 1729 790 1851 213 624 1075 368 399 1884 1115 656 674 1587 1961 395 1716 764 670 400 290 596 1137 1578 1774 892
3927101484 40 1761 1125 1636 963 560 605 288 445 1866 1912 1894 994 1358 7 1215 638 1386 1694 1235 1489 1385 328 1908 1734 1246 1891 1880 1628 1409 1217 110 462 1997 1045 871 12 1444 741 1871 1077
3656800613 20 301 674 900 1241 1807 241 457 1301 776 797 349 256 1288 780 276 993 680 83 1475 1532
4274003879 48 1797 883 570 1254 1022 1752 1474 1578 184 1470 984 1473 1871 82 599 1925 234 1935 468 912 1618 335 1677 1317 134 1216 162 1259 1442 1704 303 1323 1517 74 1787 491 370 653 1565 1038 616 1177 1200 57 1345 120 1855 271
1429740066 10 444 158 1962 1271 1831 1718 1738 1838 326 1610
3577128569 20 1380 1287 113 1605 590 341 412 774 282 1219 802 1190 410 1258 961 1589 929 1985 1206 1627
4032694209 11 1094 115 606 1940 22 1886 714 47 713 65 119
1002053348 26 362 1526 1367 1597 41 1132 112 455 628 1393 103 1867 1209 1548 1501 517 261 1213 907 165 460 1450 715 1381 581 965
820599525 16 1623 1148 1730 1825 1229 1650 866 1160 1114 794 595 1768 1321 784 556 1178
1966377481 47 1596 1787 1133 1968 802 329 1403 116 1359 1721 1025 1147 1671 1108 1123 767 474 1023 584 334 1503 567 1678 777 569 914 501 1369 811 555 1344 1043 1065 695 1922 1572 1149 1244 949 1903 746 1162 1970 833 1314 219 387
86905538 31 1730 635 459 318 1874 386 1134 1118 1428 1137 550 598 324 721 734 243 487 32 204 1898 1381 990 980 19 503 579 1689 6 1687 1159 1226
906053148 46 700 1024 1399 447 1673 1524 1183 249 1644 609 1953 1715 451 280 1955 95 589 1554 1111 1362 570 803 1675 310 750 1199 364 1311 287 1162 1010 1230 188 339 1058 1607 1508 1092 1407 1541 328 830 1749 531 57 1933
2532209280 27 420 240 55 1628 1348 785 897 183 1607 1265 1249 353 750 1130 132 340 151 1617 1353 1296 1415 1672 841 524 739 74 630
1625423902 40 1411 1720 891 1255 751 446 375 310 72 1898 153 1463 506 337 1258 1661 1047 247 142 593 961 130 764 77 748 1018 69 564 1143 587 830 1590 95 1664 354 447 1512 194 1069 1838
1638826357 41 688 151 581 818 1863 1680 661 960 484 1867 1527 1031 223 751 348 1070 412 750 1257 621 177 1720 1392 1213 1900 1093 543 1554 1068 262 235 990 1218 898 1981 1299 1825 1457 1941 1033 1804
3325342388 16 1793 202 1130 1822 1811 1331 1858 1357 807 294 7 1224 119 468 32 402
1894291082 18 538 1310 1319 1332 186 955 1568 1000 250 318 1954 999 485 131 1158 1893 1902 1389
3197902592 22 554 1395 1824 1623 54 1299 1770 271 648 504 1993 566 849 662 955 352 717 51 1611 889 1692 553
2958716435 43 1719 688 1077 1190 1521 934 1562 738 733 813 589 584 1642 1595 1385 1546 1586 191 604 971 512 752 1320 1381 434 381 838 560 926 83 1104 1706 1466 901 1214 1969 1027 323 56 952 22 1757 931
3506420835 19 219 1876 378 1184 865 1103 1055 1062 1666 860 1006 633 41 1434 1363 1935 359 1030 722
1348048481 14 138 148 1100 1492 1130 840 723 46 238 816 1533 315 1380 1109
1795715632 28 911 1503 1939 1984 1949 1144 1416 980 299 1119 466 719 240 445 1124 599 1388 1632 207 100 1648 1613 1265 917 1252 1841 246 1937
2297953291 14 1151 1292 590 1551 949 402 1192 174 1748 1664 946 185 1109 272
636283 10 720 305 1106 884 779 1298 479 1209 501 1884
2829565614 29 1624 1447 996 1594 1836 1235 919 1375 1460 1990 995 1992 1593 1655 1532 473 958 825 1619 1951 814 1227 1579 637 305 1002 1259 1922 29
4023717954 37 212 97 1402 1988 997 1952 36 48 1667 1175 889 1888 141 1633 1953 269 1562 1555 379 304 257 669 1789 241 72 404 438 530 1846 200 1374 1781 1388 1357 1651 1705 1632
2179494737 50 1323 849 1226 1856 665 1240 1252 1216 1595 1091 12 428 465 1975 1690 488 1730 411 749 931 1078 256 678 1180 941 1542 1099 1590 1311 1828 1792 13 1697 1376 1186 763 845 1222 1241 648 580 968 1795 1032 1076 122 238 51 1285 1677
1299405960 41 1528 544 1781 817 1795 264 708 873 47 1197 1503 1419 1793 897 65 521 554 1437 1858 1747 1765 400 248 932 1436 1985 1659 6 271 115 290 29 1975 213 384 1160 1523 1860 1680 1198 1316
3291654637 48 1744 1972 1309 1073 1109 156 116 137 220 1269 1681 1057 1586 355 340 1411 97 1180 1364 1637 1877 1908 1029 1968 469 1034 138 976 1868 1947 43 921 849 1500 314 577 393 381 1032 1074 1167 972 103 260 1919 1141 101 951
1955979310 50 718 136 884 6 473 1328 1199 289 1560 1027 50 1635 609 878 747 114 496 1706 791 1649 666 96 140 417 16 1423 1660 287 1980 1727 399 1891 1596 816 5 1421 1820 1559 683 246 1694 1160 1701 913 1327 412 1846 1743 22 340
1377816479 28 577 1522 492 612 595 252 1172 385 1913 1316 1417 148 1970 361 1353 1252 828 1677 876 518 1167 409 392 1159 1488 1116 1820 1438
43640372 45 1436 1833 510 213 226 1870 836 1218 222 1693 861 1004 206 45 391 1126 1043 603 1385 484 779 175 1305 1306 1268 239 1302 941 1682 1225 724 928 991 317 1142 1415 1862 185 207 1770 896 421 555 1820 521
2611231516 12 840 1609 1541 1350 1295 1064 567 1246 186 20 450 1965
1241949620 30 1316 261 1468 88 1082 755 1771 186 109 1619 1539 560 1597 1546 1759 165 668 830 1146 650 474 1839 276 1313 33 456 1663 1210 1929 1129
3547497791 40 1414 1017 697 949 1912 1404 408 1610 684 1901 717 1159 474 1185 1337 374 600 1953 849 755 42 680 1285 322 1755 709 1766 271 627 624 335 29 769 1375 1091 1894 1321 80 1534 1410
128541885 18 309 1878 269 730 411 660 301 206 1872 1342 1356 1968 193 1155 1559 268 1209 245
3324679412 21 1777 828 1770 1713 631 1478 367 958 134 865 335 1902 31 973 1241 1152 1127 932 382 804 1683
741347781 22 1056 1750 263 1327 1445 1885 760 77 1133 496 1864 313 1744 1411 622 1647 408 1900 550 270 1874 824
2572099718 26 250 1178 725 1073 1639 455 1849 1292 1426 1233 1953 498 4 146 1929 510 1750 1177 1166 1598 966 1749 426 835 689 1851
2878899763 50 766 345 66 765 1087 884 1446 359 335 1669 1789 1105 580 1597 859 1981 1904 1482 1504 243 82 263 870 1083 1656 838 1732 1550 610 668 440 673 742 633 1812 1331 1614 1532 1782 468 983 422 1867 323 1210 1142 197 831 1671 844
1137044700 34 1734 1939 24 308 78 1588 1840 755 199 187 203 1455 1054 1402 556 731 1620 1429 1742 1967 706 213 1783 787 1348 1637 683 1847 811 1116 293 1596 1581 1122
2003082661 34 397 1117 775 1541 1052 1055 1763 375 800 1794 1355 1640 1332 1177 1188 615 1604 1411 1432 1925 408 1390 562 1017 1929 1974 1198 242 618 887 266 510 1236 558
3934014086 29 1616 497 757 481 946 375 448 1942 1767 1904 179 1243 1084 1062 656 1338 828 1617 1969 1226 759 686 1743 1411 1886 540 897 139 235
91564451 46 750 978 370 309 1032 655 1714 125 644 1529 1846 667 720 714 228 1323 44 1288 1113 1423 396 1740 1492 1160 1290 921 1375 858 210 492 1639 1560 558 1316 807 960 826 61 1629 1858 1298 1722 323 392 1018 1488
2744177893 30 484 1746 990 1788 1793 1564 1101 810 331 300 1765 528 1128 1840 1593 1408 1687 1669 1766 271 203 1537 1880 806 512 686 1145 177 874 1976
2104165093 28 136 751 1596 898 553 1124 1772 384 1717 118 1134 542 1056 875 1208 591 168 48 10 100 1203 1433 548 1145 732 896 233 1638
512819762 39 914 751 332 547 1943 863 655 1307 1693 307 1060 357 1952 1388 1158 276 348 33 1409 67 861 913 219 1429 1219 1807 1646 1918 576 1855 885 1791 1964 123 27 1901 159 641 449
628738177 15 1262 1296 556 1634 1455 738 46 1848 1336 1725 673 693 532 533 561
1476073181 24 1168 1625 1108 616 511 1924 736 1494 1457 1891 1318 307 1976 1554 912 1835 1063 1314 317 980 1333 1525 261 1306
2909320267 10 899 1879 1542 1823 1684 865 0 1963 1933 286
3766850554 12 1547 1181 1407 1594 392 1820 1663 223 1113 932 851 326
1933257703 10 1929 1224 1953 1932 460 1315 1648 947 216 1037
2755196713 18 1822 1651 614 1619 1775 226 514 1449 1467 1905 1955 1248 1144 1008 207 755 1715 933
379050163 34 328 331 1978 784 135 553 885 651 1994 622 1193 1648 1101 1855 1144 1598 241 392 1449 1944 1467 1709 493 1817 902 1131 1789 965 1153 1701 1050 1366 1988 1575
3753506634 15 1139 1846 530 937 1455 1741 80 1660 1314 391 1225 79 1685 45 1111
1917700984 48 1080 1405 521 1859 922 334 1138 661 1946 1171 1247 1839 1606 425 1039 914 1589 136 718 1919 818 1379 439 870 530 466 1008 171 954 1801 1777 668 1710 22 802 47 1025 1416 1642 1532 1827 1934 1729 553 1469 323 433 366
207764479 37 1079 1882 60 1275 525 1609 558 821 1847 421 1722 1813 880 1273 1587 853 1270 1550 301 1068 1484 215 702 834 1360 389 712 1340 33 138 1465 1397 970 1214 76 377 1480
3851499059 27 1744 829 847 1272 565 365 30 808 1615 1512 443 1280 1417 1086 833 1464 363 1738 379 1798 631 1675 464 623 1500 44 964
2701207841 46 1482 1344 608 1932 1941 1526 1501 425 1425 1328 1120 1402 1605 582 1470 1215 1712 1768 1554 47 366 815 716 318 1433 919 293 1726 1828 775 141 50 174 771 910 1620 147 1963 526 949 760 88 577 1850 1521 391
3826401267 26 1020 380 1045 1897 1710 1378 915 548 346 869 1309 422 816 293 146 463 992 1862 1580 1085 1092 215 477 794 1638 645
783499638 19 1303 1955 1464 641 1009 597 610 376 237 1543 105 476 1640 420 1637 1487 1577 393 1647
3933584063 18 1376 1980 1338 1844 558 49 1657 1328 604 977 340 1957 1150 793 1675 262 668 1507
1123098481 17 485 1613 832 1938 1678 1650 1816 264 749 1488 353 362 70 1856 1998 678 1942
2375612401 49 869 339 604 1673 902 670 537 990 1333 516 54 563 1256 1937 915 1239 1263 1291 81 1560 996 1419 1872 943 1396 1080 1515 468 1103 918 292 641 40 44 833 1108 826 630 1252 290 592 301 1656 760 1764 411 1202 1943 1301
1879243829 47 1080 723 1380 1289 139 1382 1242 1490 1774 1344 1715 399 1438 749 1804 1106 1079 637 1056 1516 1599 150 1196 355 975 601 1705 326 1991 1256 1567 302 711 1826 1300 832 1997 1994 1462 1763 352 895 1849 1716 1825 1131 1560
1089610092 40 915 392 613 776 1575 1639 228 1887 1589 763 1350 797 1246 410 1806 1238 565 1962 1830 321 1557 676 865 1688 1076 182 937 1011 1488 862 1181 1062 355 705 287 80 48 1789 1047 1399
2473048168 30 1793 1486 1979 923 474 1110 1768 256 972 471 1725 1848 131 1941 1051 1265 195 301 1161 1585 1903 967 127 1339 95 1622 742 1198 775 898
2634019054 26 1344 1285 1113 1090 1680 1465 254 1528 625 1869 869 663 1053 12 589 405 976 244 612 742 1097 81 898 1779 40 668
2101754663 12 493 129 1556 514 1984 46 1367 265 1970 54 825 632
4119593824 28 1632 1081 1733 274 1697 1915 371 1042 875 737 1956 1692 1525 1462 173 283 1485 212 1056 577 1463 1831 1699 1872 1276 1039 1827 1795
1435465118 43 951 8 618 77 1138 800 552 423 20 1215 641 1403 568 1442 931 1682 461 127 1515 1808 796 1146 106 1748 1367 232 1732 379 89 1664 200 1648 280 517 1074 17 383 1500 940 1821 450 583 66
404790694 32 979 1490 1835 723 227 1651 1224 1442 1668 922 360 1375 1613 1458 1824 157 1600 884 1923 1269 636 1273 141 1960 770 1781 1237 1848 1182 427 1858 366
53629326 32 684 1956 1608 1193 778 80 567 1807 894 1211 231 962 1907 266 1825 1679 998 1369 1092 422 1806 903 89 1735 271 1605 364 283 1394 1337 1153 643
381228387 20 1562 42 1781 1443 1717 1123 331 82 860 1835 927 115 658 1776 316 1792 469 35 1275 1799
2071658624 22 151 867 1447 1299 175 662 1698 216 1490 1140 684 1042 280 10 167 1985 1813 1581 96 579 941 770
2658580097 10 1920 1779 952 751 0 1030 1320 540 1083 820
2657997396 16 1032 297 1560 245 660 1494 805 771 1060 149 1263 364 716 1684 509 833
2196188691 33 989 819 648 951 952 1755 1832 65 508 931 388 999 1188 293 393 207 882 1837 954 1371 260 1720 1910 1488 1953 1619 1487 435 529 710 1774 234 877
1140456367 36 988 1841 1971 14 1002 1268 1540 215 1144 748 1861 1614 22 802 1471 458 57 1536 1992 227 1211 1445 923 1465 1287 1303 1404 451 1325 571 530 29 620 982 878 578
294385717 35 508 1185 268 805 1108 1069 663 779 746 1076 910 1220 1128 1652 713 1362 695 1380 1293 947 1740 736 1887 974 1590 143 273 1924 1765 1145 111 817 421 1758 1265
2189984368 41 1971 1924 1236 1091 1717 1080 526 57 1471 503 391 1698 386 896 635 992 1532 916 563 1461 1048 639 1341 879 820 299 477 522 1889 1318 199 1904 1634 1060 444 987 1866 1857 379 1209 1239
1877855210 26 1573 1015 0 369 1171 1502 1360 1428 266 643 1077 1747 1572 1071 157 1777 1463 429 258 1037 1940 817 1293 1111 1988 706
900296459 20 43 1951 959 505 1828 788 1601 50 722 780 1182 1407 293 824 541 1289 679 633 1011 1086
2401061445 11 854 1778 283 1579 1342 8 1641 511 1215 92 1374
4116913408 24 1825 1034 943 726 1010 88 658 459 1845 1797 1925 571 221 1895 1026 289 483 482 1946 1856 1889 610 1007 972
923877170 32 1502 858 1196 548 1497 1800 1848 307 186 1277 201 1931 1176 487 400 319 1094 1578 36 1312 196 1319 1456 128 967 1427 205 526 1398 1154 855 1
1307608954 41 36 1403 1062 1020 430 1177 1335 1192 1351 1487 1502 898 344 1885 875 1734 838 1675 359 1330 1978 1229 245 1309 1478 1910 169 1125 914 616 1701 589 597 1539 1770 1608 1810 1398 1409 1012 1492
3456760811 28 1906 863 1783 1112 1304 1483 1098 387 1445 613 1381 1153 365 842 540 823 1508 670 531 1530 74 1345 287 1349 307 1941 656 1622
3089300645 11 1910 1432 1693 685 1783 1470 1079 1462 1649 58 444
755337815 31 1736 1214 1996 1944 1695 335 443 888 1172 42 1661 344 623 1606 122 289 1839 834 1462 413 495 1860 1809 598 1792 247 37 1559 1823 982 209
94187443 50 184 1003 1875 949 207 975 1856 1473 898 1834 1174 54 434 1601 1141 1323 1830 110 1105 729 1262 1470 765 1781 47 1456 1703 1441 395 626 1798 721 69 1235 1885 456 1476 1157 732 194 1572 1276 773 1252 1375 465 1570 850 1153 1679
3255217929 13 1076 178 1907 1522 1084 600 1327 319 1509 112 1400 1111 1694
3634787481 44 377 1783 415 825 560 390 1854 1226 616 231 727 1962 1195 636 878 1499 877 1210 215 1200 1267 1691 1708 1015 884 1168 1744 1219 326 1698 699 837 349 1019 1888 680 578 1606 1759 1588 26 1436 1344 1916
1343828639 25 1702 1953 454 962 1565 1556 1876 1955 1238 647 1970 1612 956 1835 1856 1214 110 121 907 1363 1023 195 1154 203 1131
2424695748 11 1858 564 750 1090 1243 327 232 1330 342 1865 106
2142042494 46 678 1677 1521 1095 1751 273 782 1800 1919 843 1151 816 1539 129 1053 848 301 573 1811 1016 1774 491 702 952 135 1661 1928 627 416 177 604 1247 182 267 1300 1973 1280 499 122 762 553 558 1 265 143 815
2933058986 30 993 1039 1333 553 1631 1229 1628 1613 1966 1401 1075 324 258 703 220 986 465 215 1946 688 1907 481 75 381 172 1209 1479 203 1866 974
1386438103 12 682 1759 324 1234 1654 1716 634 1434 407 254 38 1221
972557573 28 614 1677 954 692 1517 1031 1548 1301 1117 315 633 1745 1833 1566 1229 445 430 1963 863 77 331 1068 135 1533 158 1026 98 624
531787542 38 148 1325 497 1220 206 554 324 430 917 1211 1989 913 43 1446 1393 521 1458 92 1666 1536 1433 1810 432 315 1178 233 794 1654 1323 1072 506 1113 1619 1331 750 1707 1017 366
2010035177 41 555 966 1735 435 1907 46 1128 536 1420 1507 445 480 374 1548 1325 556 1213 378 368 1955 1448 1525 160 1741 1014 486 317 728 391 146 113 209 1369 1300 1810 1854 1025 974 540 1389 1424
3986559797 35 680 195 1163 989 555 1838 1243 1748 243 1543 381 50 171 1494 1601 1856 607 223 1805 247 605 1872 1270 1990 698 474 1906 664 658 1883 1830 881 566 1275 1628
3124546751 13 433 241 1391 1725 545 519 872 935 214 536 1181 1877 1989
2984337526 17 856 256 831 1783 377 1757 1898 1694 1663 289 214 387 1395 1231 1204 316 1709
4079138585 33 377 1308 840 496 1580 304 1669 1008 407 1418 1894 1035 1614 597 1220 718 1411 1917 1025 1347 560 1488 1966 1278 1400 1837 1757 1076 1657 891 1800 186 1817
3283971575 43 63 1770 1473 1625 1634 282 1326 1367 1825 1743 23 549 215 1489 421 1709 754 254 1531 1861 942 596 908 468 1732 1132 751 1505 1945 1946 1458 1928 510 693 534 208 1607 217 1289 1297 593 480 1961
33968411 49 381 406 312 1940 1757 310 861 60 104 913 1183 1659 1637 741 1747 757 747 1904 373 1160 659 1886 451 1494 1998 420 1492 1483 1981 1768 448 1733 1639 731 1730 1818 922 627 156 1831 1009 1166 1621 409 138 1945 219 997 1168
1845664738 32 102 1820 613 1938 261 13 1969 1006 1686 1890 911 1426 1472 1632 1506 1028 621 1388 252 1034 327 1090 1629 1854 1956 1590 1916 65 661 1633 1711 1323
2875107530 49 1776 1765 1102 116 1719 1807 693 980 1262 620 910 1537 538 1891 1508 1293 1291 978 1099 832 114 789 793 1584 1838 695 495 1191 1026 1996 1021 861 1243 73 507 1281 300 1479 1135 64 1559 1647 260 1335 1517 1437 1207 900 1905
3778186759 39 1737 636 813 1436 122 1406 194 353 419 41 676 127 1117 1560 424 12 796 734 766 1773 1228 1693 1919 1759 760 1502 1821 1604 1892 1381 664 1978 483 974 1138 276 888 1386 1081
1893323495 46 798 480 1748 1288 1255 46 595 579 442 1855 1832 1444 1890 499 1932 143 691 1654 910 1455 1568 1750 182 445 181 508 19 426 477 1442 557 1127 17 1025 69 166 1621 676 1729 233 996 1670 1803 745 892 1073
1721406639 41 351 972 1963 1696 1330 1620 424 289 683 330 469 1609 170 366 232 1608 564 1780 1308 20 1417 855 231 523 1785 346 1954 574 495 1449 1625 878 751 118 430 1998 663 880 381 1208 408
3177171511 16 976 821 38 1912 1503 105 418 1302 669 727 550 1633 997 866 1254 518
4154210043 21 1681 1337 789 1717 1814 1400 61 514 585 107 95 54 908 1236 787 999 870 1429 276 721 287
435787510 24 763 1663 71 107 994 1904 322 1270 388 159 1693 185 1713 1086 1347 572 674 1507 1694 1783 1924 1798 1688 1209
2970210285 14 411 11 639 1939 1017 1337 1855 1976 272 1423 1790 1377 665 810
1369640250 41 685 1081 1062 643 1050 1357 1603 1669 1302 904 665 450 1262 1712 457 723 1463 1851 154 1234 811 688 1573 975 596 254 806 826 617 138 1731 1360 149 151 1737 1953 96 1609 489 812 778
1631276137 28 213 1110 423 663 887 67 745 1737 1647 165 135 538 19 1914 410 558 1071 701 40 680 1744 786 138 156 570 770 280 1022
2265666046 12 39 998 1525 536 583 711 1527 1249 81 1461 54 77
2736843801 49 1153 1994 1053 1668 1885 1873 679 264 27 1489 187 1965 310 1732 452 481 1220 1259 1781 1428 340 1312 254 1634 1119 990 911 1226 341 912 1265 605 1112 915 1739 1833 1124 363 955 198 1300 698 1050 879 102 180 1924 445 167
1715302293 43 312 296 1770 370 1189 168 17 466 577 1582 664 223 1002 155 14 1814 650 814 632 700 1611 1959 510 518 1362 1012 1568 1283 1657 1188 1549 1375 838 665 282 475 1545 70 1880 951 681 1706 1041
3020769691 50 1412 1373 1197 304 543 1421 295 749 1137 1969 1369 657 1154 1848 1854 1012 1766 960 958 1071 1518 1604 1806 1990 357 872 841 479 140 880 1160 754 1101 1774 1169 1501 1820 439 1970 1952 1496 577 546 301 744 1734 117 444 773 142
954565470 29 803 1197 64 1854 544 1083 1732 901 102 1117 1864 370 1751 530 1429 963 1288 922 559 1403 1024 1468 1926 1239 1445 341 1411 976 1528
864371293 17 1768 106 714 1508 1175 628 1202 1713 363 1437 281 1468 557 754 592 271 279
324756575 16 1839 1234 934 1971 1033 1182 1790 303 327 22 1793 116 991 1566 362 956
1662012988 34 1923 1443 262 1797 1717 985 1471 403 1751 1826 1659 1007 1670 1168 1900 1952 715 589 508 335 494 1300 1909 824 1478 1423 342 1859 476 306 535 1122 1087 1385
2080480856 30 583 434 911 1459 1102 997 1159 1156 1636 472 697 1334 953 768 309 935 939 744 1424 1481 1175 1215 374 1996 305 1292 1942 1745 451 651
262055251 44 741 815 728 1082 1732 618 990 940 9 79 1954 1832 592 672 1507 109 1300 299 382 1070 169 1179 964 179 450 1098 849 521 1631 395 747 667 1247 251 988 278 1809 1164 1214 1146 1408 1564 972 1608
3750036097 32 758 880 1723 1249 575 476 1611 1268 1698 846 1543 1595 928 92 581 534 1024 1273 567 95 1116 1765 1647 408 1672 710 1115 611 1928 1027 486 450
679957559 22 266 143 697 1379 613 1581 1424 1721 323 1937 1714 109 435 1521 1528 152 1053 88 692 725 745 978
3543759199 49 1513 1720 684 1499 1686 1027 1751 1995 7 1851 139 734 654 340 30 1922 930 1265 667 74 1816 1901 1608 223 1580 936 982 498 1925 1209 268 788 685 1850 1318 946 1189 897 277 500 218 1876 1231 527 179 240 852 1017 914
2878627490 44 791 1506 442 1385 847 1571 1581 628 752 1535 1823 734 335 1641 1115 1382 564 993 1835 455 1539 762 1170 1610 823 1440 1637 1365 1660 1438 1913 31 1179 1001 1101 164 1052 1889 794 56 212 787 401 1320
3245509702 34 712 835 976 1336 1514 1284 574 1863 1397 399 1230 1346 1416 1191 1116 407 1430 30 1054 1638 850 1978 718 769 47 1592 863 1051 964 1206 1087 477 211 1187
295915442 49 230 17 1700 1479 836 209 448 1682 589 1025 1485 510 1136 1028 725 656 1462 1075 614 575 610 1358 1 708 123 1911 762 1006 828 433 638 126 779 841 304 1185 312 1613 758 1318 1055 1278 1257 1582 601 1571 687 1804 395
2797748293 16 415 1979 1465 535 597 817 1244 1710 441 1330 1778 1784 101 1902 656 514
411535845 27 1827 947 185 395 1543 1769 340 639 1567 1868 668 1902 1193 842 1641 706 289 1566 163 465 49 1604 1574 81 403 827 725
2637881381 46 917 987 166 824 559 1418 1274 697 137 549 767 1950 68 245 841 868 695 1616 450 1605 1973 1918 1632 1056 1006 212 1685 1883 113 312 513 1035 147 1227 3 567 151 923 1720 1134 1542 318 867 1898 1036 1991
3345056236 16 708 1985 1754 1219 1332 1274 985 199 1541 204 68 1814 1439 1469 971 1835
2344149365 16 188 756 1000 1022 1683 29 1576 653 897 268 88 1655 1633 1637 322 1014
3105929486 15 1157 1648 28 1806 479 1026 1431 1018 216 30 1769 987 1058 1792 655
3191871865 10 653 1899 501 1029 949 1448 1951 1248 1779 793
3271323213 17 517 1449 635 439 1018 1953 1105 967 530 1114 295 483 1390 1972 102 49 1203
1922250968 46 1728 1595 1051 1624 1962 598 204 791 1506 110 772 977 1487 647 1336 1966 216 235 1257 1414 595 945 1658 1886 1055 1719 729 731 1365 1976 1385 1706 1332 1835 1549 365 1503 225 1048 753 641 401 747 1598 962 1352
2557327711 24 618 1673 1011 139 388 1841 1053 1315 574 56 381 1437 905 1155 1550 353 370 596 642 323 1949 1762 1517 1091
3509541039 41 1457 337 74 894 419 1751 485 1833 987 51 811 1218 1398 1344 62 132 294 728 1518 333 637 1493 962 275 36 1382 1306 161 982 402 691 1485 534 1607 1077 424 781 18 246 152 187
3204727145 47 499 546 1116 58 531 636 38 1957 1281 421 428 840 1774 21 1792 1994 161 776 884 1980 1527 1761 949 1135 796 386 1318 324 843 1075 900 1820 1083 1747 1442 518 1614 519 812 293 1810 118 1052 1332 1934 362 725
1614012865 36 765 997 592 788 651 1194 12 94 1506 623 1186 1370 1215 1973 1429 1164 1312 1374 1063 1386 87 1459 1609 819 425 851 1632 534 1317 1072 429 999 1278 1875 1226 966
112648671 45 297 333 1219 1837 1433 146 549 842 1033 12 1308 1215 1390 818 970 1516 1102 931 1140 82 881 1493 342 1408 939 606 791 1290 1625 270 1463 562 1212 717 334 418 532 926 487 295 383 1429 616 1770 427
1405506758 48 1521 1821 602 364 456 1247 286 1123 102 1730 1904 1308 326 1579 737 1672 1126 940 1024 170 1322 202 1864 586 687 62 1001 1317 850 1361 447 1602 1673 1133 1177 81 372 826 1660 823 1986 0 680 342 359 1335 817 551
3533822866 17 428 159 1417 294 316 1724 1411 488 917 810 1013 247 946 1975 1547 304 416
2836112113 29 1435 686 1234 832 713 1872 1542 1509 1441 771 384 1280 846 315 510 1901 824 1776 1231 294 650 1598 629 551 1968 635 1766 1091 1772
1838199440 47 696 1198 1192 1609 1650 410 1929 1246 85 994 1526 908 1695 1788 544 549 51 490 1991 494 813 444 607 1481 1810 847 705 1 135 1507 1632 1352 1988 1799 103 1429 1488 184 521 767 450 147 1103 1742 835 625 1864
2427621292 22 1294 1917 127 1240 361 1619 1353 891 1302 192 1399 1817 1457 876 425 1667 749 612 486 110 491 1110
2328583819 32 48 1773 851 1017 439 1024 170 858 920 480 1656 1666 1686 1740 856 190 221 543 693 108 1881 745 1570 1137 263 844 1948 1037 630 1428 1206 1449
3978149521 50 164 810 1449 1314 1361 891 1761 291 1037 285 1976 1635 970 1477 1563 1799 232 71 1778 293 151 1907 788 794 201 1460 41 1396 405 1957 1611 442 1810 1235 1156 1969 880 1620 1891 1186 1115 662 505 722 1679 1831 1116 1626 1818 1878
4191571379 31 1175 1946 1418 837 1124 1417 1442 1188 386 1084 176 951 1030 1126 444 405 357 664 689 534 1005 1217 1889 1711 1055 634 507 1556 596 360 328
3124892678 34 1046 1018 615 820 1539 81 856 871 953 950 625 1650 1838 102 47 224 264 503 85 1557 765 683 463 1065 1106 986 35 1096 55 1865 783 1323 1559 750
1783919031 42 1376 701 697 970 246 205 575 73 1600 169 855 1831 172 1567 1931 729 424 1138 182 1682 724 314 1766 253 1083 334 1575 1073 202 1539 650 1326 1190 749 807 128 614 316 1760 1097 992 291
377183348 17 1163 1177 1362 289 1140 1320 580 616 363 627 365 446 1434 113 122 1820 1016
3287099227 36 1124 1178 282 178 298 789 1223 1887 1330 265 640 1085 1115 1450 1209 1134 1554 755 1458 1249 1243 984 1279 20 1595 1208 1728 1627 1718 1022 113 147 370 1219 1770 710
3387932225 16 44 1493 184 1482 1937 917 642 1052 725 735 942 1903 627 1983 363 1732
1905677266 25 1775 855 861 1304 1768 1154 1495 1216 1493 1730 78 352 704 156 1751 1382 333 1574 1839 1804 494 1865 1861 1089 1339
635216953 11 1274 1144 1717 386 238 1136 848 1527 1420 245 938
2724800889 45 892 1184 917 1101 1423 245 157 794 1353 653 47 832 1765 486 383 1043 1715 918 2 679 1894 1329 1129 1410 1456 1398 877 402 1712 1201 1579 1782 1801 459 38 1800 293 949 1892 1262 49 1702 243 1477 595
4248436461 40 814 173 1102 1922 509 210 686 1423 342 1366 1166 513 1473 357 1687 676 1654 1772 984 340 1986 325 691 596 992 1639 1698 789 531 1974 17 287 463 1159 1158 236 961 546 1164 146
336165628 40 793 374 148 1353 1254 1090 1594 1329 81 1319 765 1108 1008 1154 135 859 828 1866 1951 801 1208 751 469 67 1709 1513 1694 240 1626 1761 834 1020 1486 1127 1198 90 1805 145 1114 747
2507931621 32 101 1043 1442 413 1659 1202 1032 1123 336 1457 65 1108 1026 418 1013 845 903 1343 152 868 955 983 316 365 1703 199 1800 1159 99 430 1512 571
3220805811 33 642 1082 17 1748 1871 1043 1520 1084 135 1895 1712 1975 607 1430 813 1528 1960 1273 1567 1661 260 24 476 1461 284 356 1883 1512 488 1491 166 1531 1547
2787227304 14 894 1224 1824 1119 1885 1440 440 263 1138 787 1722 1283 706 1033
2959937028 35 183 735 1226 636 429 366 1795 575 599 1655 1762 1336 263 1328 1707 1175 1889 1882 500 1654 1062 1057 1437 1371 776 1368 268 1250 744 100 324 1342 1794 647 160
1958469032 25 522 604 1203 56 1441 1675 1018 985 1807 26 100 1205 440 1325 527 279 1931 458 125 330 109 1227 471 1404 543
1062446355 15 1527 1943 1222 341 637 571 678 1806 971 1215 1747 1640 323 464 1544
1921132973 31 1090 1377 1514 1142 1272 311 1493 479 999 395 1803 959 568 640 427 1889 104 234 1366 707 131 966 586 99 822 864 89 773 1557 1388 817
2203269686 46 1474 405 1828 1854 112 1084 283 1093 1571 1858 883 523 737 1672 1627 699 1568 1309 403 1015 196 425 1372 1128 1746 619 1430 1867 1104 1273 1477 1500 1578 832 1549 296 921 1182 634 1224 924 1821 905 1480 1986 840
2837639891 11 1264 1438 1429 1423 1898 805 1499 1388 635 505 288
4025161173 42 222 807 1815 1654 1192 1869 846 963 1547 172 97 1721 155 1875 439 106 1408 1952 1382 1694 1805 1030 179 373 417 1040 732 809 694 824 294 460 1170 863 369 299 1711 1858 1803 823 1386 1426
3782654340 41 271 335 1150 1664 802 851 1582 919 1662 1034 1905 1852 473 1890 1638 1364 539 1288 578 974 1055 103 231 1228 1327 1207 926 1815 904 1241 8 406 627 1694 453 467 496 1435 1204 52 82
1916522889 37 1668 790 1540 1105 1960 857 1185 1844 1480 16 1970 1086 408 1677 1426 733 943 242 1458 1676 535 565 1158 218 597 1533 1640 786 507 499 143 1549 464 66 152 40 305
3326758690 40 399 605 1396 872 195 1993 178 1070 476 1099 1445 764 434 1977 1811 821 430 324 1661 1200 504 1660 1324 1916 1591 1087 829 668 897 1375 1881 1132 1539 1970 66 1682 1833 611 1900 989
263592622 30 910 1788 262 420 1248 380 428 469 356 1260 1448 1962 1793 1511 1277 645 1924 1704 776 1440 717 1059 51 1779 911 1698 121 1674 1312 1852
2349561675 43 1652 268 214 1103 1681 69 1055 922 1547 827 1935 1183 80 861 250 1114 1464 697 1175 991 1504 1571 1823 1919 1123 119 1510 1707 541 529 1558 1799 701 1725 1554 1204 1187 193 1459 1193 768 807 1224
3597566279 10 1604 826 251 1189 1185 1405 521 1316 544 617
906950795 38 632 738 574 1467 1533 1719 405 990 1346 363 1986 411 1293 257 581 1330 1628 558 570 1347 1731 440 1703 1092 827 443 1873 1035 1008 1296 1611 1809 1597 1275 745 1303 1553 222
3302810585 42 1684 1217 88 334 955 1912 1301 1892 1270 506 58 1673 112 635 1140 1578 1343 519 554 458 1413 889 1268 1310 160 863 1961 1577 1091 1004 804 1449 490 1014 1386 854 476 1298 1964 739 271 720
3430991035 36 259 1328 859 1297 1768 1574 1074 168 1307 160 1533 783 1641 1091 1875 1204 348 814 1075 1076 1816 456 549 1586 942 1787 322 227 977 927 1106 779 1048 988 47 1987
1683442950 33 523 1805 1918 795 398 714 1835 975 1793 66 927 1526 25 1283 984 1855 1001 1309 1651 1811 591 203 717 816 301 1546 59 1115 698 620 1696 1094 1393
2341121672 20 1735 1884 1072 1840 992 1821 1427 229 954 507 1365 557 34 1122 184 1341 1410 204 776 1266
3969326721 22 1149 452 1679 1403 1703 802 1328 1428 419 223 1169 392 1841 514 1242 89 204 1249 667 1946 510 1695
616984328 30 744 1685 1147 48 1921 1952 193 790 959 1971 1041 560 1176 599 972 723 969 1428 1058 1196 738 1090 144 1352 266 172 773 188 877 620
3705633603 24 1655 200 980 825 325 187 116 710 526 1747 695 870 795 136 636 324 691 525 1740 1263 1005 1517 1 1014
1715298162 10 687 1617 544 501 1921 1527 1602 625 1825 1566
292917044 46 7 951 729 1509 1089 1693 839 1437 1941 1115 1517 17 884 412 901 345 557 1228 277 551 939 817 1065 906 607 49 779 1252 123 207 1318 1438 1945 1104 111 404 1305 357 1810 1697 1420 1361 683 1617 615 228
3122752715 13 1836 1841 1349 1581 1712 426 847 1099 1963 988 598 1961 1562
2120194828 19 267 1543 1470 1300 376 813 1625 1901 662 1239 398 600 1090 1964 366 1045 591 1931 787
296796685 15 922 1211 1539 1630 1647 1662 298 1467 584 1440 31 216 1624 292 270
3493166076 47 1644 1688 1493 881 1344 308 538 20 1450 1077 1936 1872 1690 1157 1447 222 1888 272 1038 63 262 53 1532 1582 1337 1679 901 1734 35 727 1685 127 1920 1900 1921 1707 685 1610 1907 107 929 1123 40 790 1082 1016 149
3538365091 16 35 1419 745 1775 1535 1583 613 611 187 1510 1290 791 1795 1480 1110 1178
805080417 34 797 1097 83 898 1407 862 125 1090 1787 1397 1160 89 193 1540 1120 1645 1903 581 1666 589 1502 1144 563 1110 1969 1052 1709 526 412 1614 772 610 431 1219
2702127868 25 541 1972 1467 1739 210 1296 1195 1877 1187 393 612 1253 1225 648 1318 1009 783 703 1306 597 816 562 610 538 822
1558385176 30 1647 1683 310 106 60 266 1031 1348 534 1226 435 1728 1572 1811 1309 1499 322 478 38 190 12 1168 1883 253 548 7 1089 616 804 1535
1915233571 14 773 1070 257 1972 1523 459 1386 1796 965 120 1158 96 1469 139
973232925 18 1162 1958 518 381 1795 113 406 1115 454 1099 110 1437 772 5 331 1740 900 236
2344205657 34 1901 1577 1528 1597 208 1337 825 1549 1239 1090 88 390 1753 63 1262 1119 1465 1929 1899 1269 1181 1534 1366 604 1200 768 122 433 1962 517 369 594 1298 1552
2685758930 36 1648 370 1699 920 1144 493 895 1655 1285 1793 68 1240 1820 910 762 134 1526 21 270 412 672 112 1686 1368 1713 1147 455 1979 1483 1598 995 1976 274 1808 1798 1888
2949444655 45 519 1630 256 1978 576 1019 972 336 1380 1442 1079 63 60 1293 920 465 1847 222 340 466 751 1692 92 542 1138 733 187 76 1845 103 1561 948 343 598 1446 561 661 1427 436 1216 95 242 1414 606 489
1155204041 31 226 430 981 1516 1607 817 307 1293 1209 364 792 114 1965 1705 709 1275 1401 772 887 1185 1874 125 754 1684 659 369 783 1595 1082 1463 31
811175910 19 381 1207 1395 485 1760 266 1744 1349 1875 465 1862 1838 1524 1451 105 72 11 1686 322
1019855797 18 757 225 203 416 435 356 517 284 366 1888 437 1135 236 1850 84 1986 1380 409
2349042823 48 735 242 1977 961 348 1201 1171 1967 894 1962 1388 988 548 166 229 698 1312 302 484 688 325 850 1300 1943 620 475 1269 1779 407 1746 406 1413 907 1836 560 120 720 1784 787 62 1506 1722 1646 664 244 826 314 815
3631045348 47 1848 1024 1505 175 1780 151 523 1557 210 1275 908 145 111 1673 905 888 422 1680 629 119 337 844 1412 361 970 912 134 1716 469 1383 845 362 1250 207 1201 357 125 1437 1541 1779 1388 718 967 8 1660 415 212
4016203185 19 161 1065 604 1512 1372 268 1301 1810 352 796 974 1773 1149 764 1429 1130 1351 527 952
4205829058 15 220 1736 1306 1593 1335 467 1451 731 646 1515 447 1254 1159 1013 401
1379397801 19 1915 379 1838 468 1768 1610 321 1101 582 899 1264 118 262 1888 199 791 724 1091 1700
1874122367 49 171 1237 1972 1828 112 1002 1331 1288 439 1433 277 1108 1379 1737 1419 802 1875 0 1165 1912 1747 1453 934 582 471 501 916 1783 255 1728 717 804 1305 245 865 1189 823 1549 730 750 689 1573 385 1707 134 1428 157 950 117
1391844738 48 971 569 38 1497 1783 571 754 642 1547 1542 258 1797 746 825 522 621 106 1970 1512 1615 1312 343 1064 68 1517 1644 1247 163 856 970 89 1461 1374 981 1674 527 350 97 1113 1774 306 51 500 1133 1905 1269 581 497
2403267666 22 326 809 375 1725 1557 1768 941 171 1349 1671 1033 1092 1040 1622 944 593 1642 33 1504 385 851 155
3893426815 15 1820 222 138 403 1558 383 595 130 398 1531 374 988 1851 532 818
4161007046 49 1787 1805 1741 1591 1202 930 1296 650 644 1476 741 957 1576 317 360 884 16 1939 74 1266 1398 1087 472 241 210 1712 1230 1951 733 13 357 817 1339 802 1929 565 130 1288 350 1954 1585 412 1307 828 1253 1687 96 1276 76
2522758134 14 1844 224 82 1397 1517 721 389 1639 1 338 1636 802 1352 73
4116995466 14 1466 1290 661 1277 851 1197 1140 464 1620 713 1434 165 485 255
2714141913 11 1628 1520 764 694 322 724 644 857 432 1057 928
1654408194 15 1612 1894 1362 1196 149 845 1779 1371 122 1478 871 617 1527 1504 976
1901919267 42 943 374 317 905 1151 888 1603 1673 128 1590 298 410 1201 986 849 81 1902 1261 1956 747 1545 0 1006 427 468 955 703 619 1835 1091 1712 1827 1104 148 731 709 105 1467 84 755 1419 211
3889808814 33 815 392 486 20 836 1785 1715 1998 1654 872 1553 1065 434 1651 31 860 1762 737 562 565 206 55 641 5 850 672 935 822 652 123 111 60 1542
1106524142 48 686 4 731 1924 1831 157 1045 388 1993 1670 1260 780 168 1103 647 1708 54 1192 1959 1650 1443 383 1301 786 781 62 951 1053 1683 1641 1737 673 843 1499 921 61 1492 584 110 1425 520 803 468 1888 1706 1452 1311 741
2487987164 15 1462 1757 494 774 251 1248 1263 14 1916 1210 1543 1594 1701 1817 922
2165575954 15 347 1078 305 1654 1938 1255 712 1282 360 1278 956 1245 1980 1240 1588
3374613174 18 1779 1698 1499 589 1982 1748 1432 1138 323 772 394 259 944 1996 718 247 233 1917
3503546058 45 582 1981 1406 458 290 1359 448 905 830 1297 1559 1289 712 446 1070 790 1935 299 415 76 1416 335 1797 436 1338 992 1414 604 472 628 1228 1698 1817 495 758 222 1995 1127 971 1149 828 933 34 808 925
991138206 27 1102 1026 879 1015 98 884 1261 1554 1663 1974 1074 1024 852 1847 38 146 1873 868 1871 1090 1603 1301 1535 94 1657 1398 1922
2481289896 42 613 205 817 1672 26 1917 1154 960 659 1659 57 1761 1624 703 1939 938 286 1896 450 1626 494 1026 110 1971 17 1020 318 823 1754 1705 896 1816 486 872 208 485 27 1349 1832 880 1667 1106
2072195138 12 813 107 1431 1295 1913 1683 636 1766 1251 1722 753 776
2161147342 31 636 665 346 138 930 1614 866 455 232 1133 219 207 1346 593 835 1808 1716 1839 669 240 1153 164 1193 861 515 1010 128 1426 682 856 220
1312192233 37 1937 1070 1656 415 685 1598 744 1489 1788 1162 603 141 1893 827 1180 593 338 1134 525 1036 865 269 1379 964 365 1866 46 679 547 1121 944 1024 257 1206 1482 30 1868
3431445778 30 1003 1029 1545 730 1336 418 1884 306 1991 1523 754 282 1227 486 218 454 1393 830 169 782 1300 1878 469 109 907 1460 1765 1892 940 1759
1813838254 49 1966 1055 640 72 1825 435 1872 956 547 198 1654 106 1487 665 1349 1179 1952 351 278 605 1111 195 1266 309 1725 1140 789 87 147 1972 1671 222 1837 1991 1586 740 1598 1628 1129 977 577 80 993 871 1881 844 44 299 146
3886635697 27 765 721 773 1746 1086 123 1259 409 831 440 932 1194 354 1351 1040 1990 807 1342 1707 849 1081 1087 743 779 1331 174 169
4293776052 31 1827 4 576 959 962 1960 519 1069 1165 202 577 251 917 209 1592 1267 721 60 1506 1888 1896 1701 1304 1522 858 528 444 1630 53 1143 391
1297290600 31 1823 1341 145 359 1989 1456 1094 1492 407 835 383 1234 818 1360 533 450 1057 1746 1928 1801 1630 1036 1246 258 263 1624 104 972 1996 138 798
1272627102 13 484 1564 1892 661 1665 368 1524 1813 902 805 1263 938 411
1457321586 23 498 1156 23 828 814 375 1556 171 832 514 1699 1374 1180 1470 1499 1259 262 1487 969 831 1278 439 87
3553958842 25 651 1813 1241 919 596 127 1236 296 414 799 393 551 453 397 264 28 1984 1651 954 1002 19 920 1305 1127 1974
3926806476 20 1848 468 1821 224 1695 193 759 1736 1746 793 131 1303 62 1516 1281 1639 68 1142 869 1086
2819692561 38 1934 1738 1351 1025 676 24 1228 1377 1426 616 1411 58 685 608 615 1393 1885 290 1269 345 1966 601 989 1453 573 328 0 659 1455 270 692 1785 472 1444 321 121 664 1183
2234067187 38 741 1303 136 1794 1379 1156 356 665 86 1225 1002 913 938 215 1635 837 473 1830 1996 1076 70 524 1797 1453 1882 527 682 807 123 1223 398 1354 1552 1483 731 939 1683 1916
1898213037 49 269 563 1955 498 873 617 592 22 1512 19 1878 415 176 743 1293 1648 1413 1210 1806 101 1992 1024 1738 349 1190 27 1342 375 315 938 1414 961 719 1313 1445 308 194 709 1464 1643 507 929 1097 601 953 1302 944 1412 1393
218107006 17 1832 1407 1513 406 1523 1898 1549 1746 1723 75 1195 988 1817 994 660 103 1777
3936112245 28 1534 798 328 123 790 252 260 364 0 926 1579 1174 416 1573 705 1250 1825 1175 1488 43 959 335 1790 1240 1304 667 1200 201
4266994179 20 757 659 849 356 554 1768 496 1063 1973 99 578 432 627 1012 46 1181 1295 1832 1312 71
4100942565 20 673 204 1784 239 1877 973 801 1335 218 899 1139 892 1845 1012 1320 132 1271 1375 989 479
4023437217 48 625 344 269 670 30 1121 1794 610 698 1589 271 1542 615 926 1417 243 1480 549 48 251 1673 193 1083 1766 1671 1851 1925 1943 118 1910 5 403 1432 947 1813 1716 757 55 1408 16 824 146 1466 1750 816 1394 1235 361
2200188778 45 1308 69 1697 385 1366 420 1115 242 318 1937 267 316 1111 613 1087 680 1569 1421 1575 543 1903 1516 1013 580 620 706 1198 1440 1578 1519 108 315 578 815 588 189 996 624 1860 1708 559 1990 439 1943 102
2338829805 21 1986 1871 1943 358 1569 1481 1259 729 401 791 49 391 1391 423 412 316 1198 1111 1777 395 1533
4282406003 37 1533 1130 720 278 675 1375 267 628 1678 1134 1683 964 71 1966 189 1750 485 646 783 421 678 1317 708 505 1491 1869 898 1880 622 1098 1809 431 1675 1492 553 845 1353
143724671 23 1388 766 165 807 745 960 570 1016 89 578 1776 235 1010 1539 1974 111 1005 880 1287 1514 581 1996 792
2148171633 34 1700 1655 1411 294 1253 220 906 1677 1429 1308 825 761 165 415 1367 1909 520 1755 229 800 1724 209 1206 1030 651 1860 1027 1935 195 1714 890 1945 1376 1294
2167968774 24 1216 806 1877 412 1936 1640 1392 935 1153 881 946 156 102 1670 1173 1221 1604 619 765 138 1331 1229 670 634
4260090719 40 1301 233 1924 1688 1741 97 1043 499 1441 997 1934 1014 474 1565 1719 102 634 1932 62 619 1935 630 1856 113 1523 736 1518 322 1260 1808 1634 362 1331 518 1204 1233 703 767 692 1756
1452279300 22 716 1546 36 1505 1660 989 878 1901 1579 653 481 1864 9 580 1946 1154 857 71 1281 1654 564 475
1330844892 43 1290 1811 183 102 1998 1964 1032 206 1847 768 1270 1310 681 1114 754 434 1746 1141 1289 440 175 1089 912 1244 1904 1221 1092 1370 700 1316 1371 152 921 343 937 1730 898 262 855 795 721 774 1387
4125406000 23 1841 148 1231 366 960 1815 1094 1749 324 509 939 1933 1130 187 307 955 749 1375 1515 652 1927 1280 1959
868727056 32 1036 974 162 1625 1208 36 415 714 708 529 1425 1482 1191 251 240 632 480 1591 713 1936 962 1695 506 1207 722 711 1985 172 219 538 1494 441
2009433533 36 317 319 750 1765 940 1776 375 1368 1038 120 769 900 1566 264 1272 1008 635 1749 835 1495 1416 1300 492 795 910 615 1596 1236 474 460 1434 1245 945 955 1518 425
1606397419 29 1612 375 493 449 757 827 627 1962 1229 981 1969 1109 1956 1075 756 982 341 1586 1709 1202 614 1032 1661 1041 479 556 1382 1163 1377
2093584133 46 1385 488 1456 305 1479 1878 155 1418 1713 466 933 955 32 1989 657 121 1265 802 1728 1660 1970 888 723 1227 1027 41 1252 29 1924 332 730 1434 652 1004 1414 654 1209 232 772 1761 862 1039 1410 1570 753 824
4061265210 26 1603 1953 461 707 259 1152 1339 1304 433 927 132 1256 1510 1418 449 686 1986 1482 876 1530 1983 1705 524 1519 1442 32
230205973 13 52 1199 1801 1891 1561 1692 533 888 1805 226 509 447 1834
1010514083 15 1806 1803 45 1996 1059 403 511 449 1049 484 648 1959 437 1035 728
2807979029 42 1177 406 949 1413 1010 1418 1304 1911 1795 520 4 431 446 1282 1938 1783 12 1973 775 318 1944 1093 1328 1298 366 1204 325 434 1462 986 971 1936 1162 403 1105 1826 1694 605 214 948 559 1550
1647436410 38 592 301 1700 1039 1872 585 869 1283 959 49 522 283 229 607 568 1172 1494 838 198 1770 1324 652 824 1846 565 1533 1456 1083 33 1232 406 947 1244 805 1813 85 1864 1414
1225707489 50 290 1112 746 1516 1673 1657 1523 1246 584 1392 1826 1217 678 274 1917 687 947 215 1306 1191 912 1450 888 1590 474 1024 1574 1256 285 1847 514 1556 1833 1370 1047 808 989 249 406 1982 262 1634 816 1110 872 1780 1260 302 510 1802
1221017213 29 1662 376 722 1901 1103 823 1199 834 1670 522 1951 533 1693 1059 806 1691 975 1934 1863 1820 1752 274 1512 33 1311 677 1348 1615 57
2804432182 49 557 158 263 1856 35 955 1395 605 1495 621 1283 829 13 1075 454 1628 201 686 25 335 1325 39 1908 160 1950 1088 1898 1504 854 889 423 428 136 632 581 147 1563 664 538 1643 175 413 575 203 672 861 695 30 251
3498198843 38 1932 830 805 327 215 1255 1352 567 1479 102 777 140 741 374 1433 1094 1485 1850 1545 1336 1965 1446 1320 1772 1366 1389 522 856 1497 473 1416 543 532 1146 1236 971 1005 1828
1856160186 24 609 1811 1645 1714 1485 347 1974 803 1647 1448 163 1883 229 1080 929 132 284 1083 928 1767 498 111 1926 1034
3355518159 28 1539 1231 760 79 717 1818 538 492 1490 1530 1666 321 241 777 1930 1237 1893 185 1133 761 512 55 707 1604 408 1679 1457 1137
2834334076 47 672 1788 1692 1403 892 837 791 366 926 283 964 778 548 692 477 609 1712 1641 752 1770 853 942 362 517 1303 1534 32 1927 1978 1810 1084 220 1207 1797 1315 1184 1419 438 514 394 1441 2000 1451 881 1809 1106 1448
3998793450 45 772 64 1303 0 547 902 1504 1686 1455 456 1132 1610 986 1884 523 1750 610 954 1819 1383 1972 43 1743 550 970 396 645 1015 1152 59 473 1854 492 511 333 1999 1208 1051 60 1563 1668 337 934 1325 1252
1546572400 49 1418 1228 937 103 1937 1886 799 618 982 1086 1512 1539 1557 1612 149 1848 458 1250 156 900 1150 464 664 269 332 1592 1080 143 1338 1837 393 1874 1707 1198 1202 704 1426 1292 743 666 1610 1134 1159 1351 1138 726 1806 629 474
33911984 43 931 1529 901 880 1641 117 1846 1343 1766 500 1069 939 258 499 7 1502 1199 14 534 637 985 63 1071 990 10 423 1793 669 96 1334 236 1339 946 369 348 287 194 1420 475 945 1577 1404 723
3924537757 36 1991 1798 1552 664 451 985 1192 1517 1968 1052 1583 1837 645 172 560 268 30 431 1648 1675 1748 1635 442 1161 1090 1137 1197 1431 1447 265 653 1318 1722 1813 786 1820
2344241213 25 848 1436 1286 51 1382 1347 1653 1353 1630 1061 554 284 61 336 423 130 1143 843 1122 1846 1505 1845 1612 1898 1797
1651066258 14 1776 1970 1855 904 1483 1004 1493 1599 1673 617 757 1238 1419 1358
445091143 15 1954 1785 1934 1270 16 234 1434 1233 1561 1371 323 1877 682 366 466
3174345519 40 1466 1913 818 1280 1320 392 1307 543 839 540 789 1814 1865 25 980 527 895 1606 833 1966 1386 1033 1100 724 506 1899 630 686 469 1238 279 71 1894 896 305 1102 853 1256 975 237
917008875 47 1238 622 1771 1587 1120 291 423 1649 1349 1383 1787 1606 552 1516 1461 1695 139 1615 1475 1456 1629 1368 1403 41 220 1104 1724 1966 1351 1846 1603 1205 1394 1630 1085 1875 1732 1734 1074 746 1211 327 314 1446 461 1079 516
3039207549 30 605 240 736 684 1267 202 1262 769 403 529 1475 326 230 1471 919 136 1296 105 931 1353 211 1779 995 1463 15 1435 717 253 1931 1265
1525273541 26 1275 1770 1202 821 1452 1649 506 908 868 1788 1942 981 1716 510 8 1266 494 116 1258 132 1556 1626 1150 907 836 352
3034914060 12 117 959 1319 1150 186 548 1894 1226 1264 1255 507 951
3536973362 41 1263 1870 1235 799 983 1751 533 609 41 932 644 268 1792 1460 513 1136 1347 207 773 97 1594 1077 486 868 1057 1285 357 405 417 1604 1727 1749 24 33 1386 45 1443 15 82 1434 1606
4193518777 49 646 870 1102 1798 1963 1210 683 1890 765 743 1570 681 1909 1108 183 849 955 354 628 1167 1741 742 88 530 1802 968 791 796 76 1109 53 266 184 1141 1650 740 526 1489 512 473 1057 420 132 1549 726 38 823 281 423
1206233060 43 997 1578 304 985 1063 1335 1617 86 1705 1471 1845 154 885 176 777 720 1604 1228 231 458 1923 1602 512 342 373 473 548 712 833 1289 1792 1028 1328 107 933 1898 149 610 478 1188 333 837 1340
402374581 17 1699 1726 1800 911 946 1500 760 89 1595 668 1186 1782 291 826 1592 1006 1099
2306736661 45 620 1904 1348 873 702 1258 205 146 1079 1076 1335 516 452 1891 584 1705 1539 1036 1689 670 426 703 559 1943 1782 1281 833 980 360 690 1541 163 1888 685 1579 748 1019 995 1766 588 1147 1483 1914 1928 1072
573999014 20 1709 2 112 1507 1187 1921 985 1897 1345 571 697 1534 683 200 1033 1788 1919 1194 594 1736
3173120788 27 554 1708 1924 106 237 1122 1735 48 853 1241 1464 984 782 703 615 1090 1686 1788 1635 1575 1537 671 874 1673 1097 1457 1846
2203850042 11 109 316 1118 1953 1344 845 1399 1361 1199 279 204
1410319643 45 762 345 1998 1918 448 823 1396 667 1629 1690 322 1297 1170 1605 79 189 1505 1044 107 746 875 334 467 142 1907 697 314 561 251 822 916 1138 1794 1105 403 934 1643 609 1627 1530 40 1859 401 787 1262
1075919840 36 1742 520 1479 548 636 1869 564 1144 1044 1873 1695 1076 1943 1246 1298 1990 1723 274 1151 926 1233 1847 1112 370 1975 1950 1410 658 1753 948 1182 762 1347 1436 1213 196
4100200395 32 696 1577 635 946 1358 1963 260 327 157 1031 778 820 922 471 413 362 1547 653 1377 884 1153 1733 53 538 958 89 1568 1223 1401 34 1452 1215
3051590047 49 981 199 1985 933 429 787 442 1544 1028 1034 1498 1136 960 1656 17 1049 876 1123 11 1851 1719 1182 1232 1696 1430 535 1005 825 360 945 323 455 1493 483 1688 268 1720 10 399 1237 1714 42 697 477 1911 1765 1874 789 444
3167657012 13 1952 1266 1497 570 1641 744 1947 1396 124 1800 703 1449 345
3406061487 28 468 519 593 858 107 1661 33 878 1194 79 658 1 929 680 1510 1098 1672 374 545 568 452 1936 1706 1087 670 1207 1857 575
4079524951 25 982 1009 595 1840 399 421 1478 1849 797 1919 91 1906 962 1951 1790 1756 1071 400 1363 739 1076 1137 1451 1300 1141
1454460499 44 1344 747 988 1109 211 1528 705 187 1095 358 103 837 571 1870 1995 375 95 532 823 370 1401 1808 970 90 55 393 868 1359 1049 84 643 480 526 1373 1322 1775 1398 194 1070 1508 1333 1120 1845 1458
2556798406 44 1096 315 101 1925 330 1187 698 1679 451 946 1250 1972 1882 193 1799 1996 924 834 1982 149 933 34 1241 1758 1782 1366 1683 849 1580 620 1565 1119 1948 242 1008 1146 1714 1742 596 1063 50 656 1377 104
1944046768 38 1748 967 1022 1620 1697 108 80 1247 545 1968 445 478 1818 1430 139 1082 741 564 1167 614 1705 1073 1702 1452 995 1647 432 236 1638 437 580 977 1800 504 1182 1517 113 1539
3020416986 28 235 455 1339 203 204 322 125 1646 1688 1780 1450 1122 441 389 854 803 1329 824 838 465 382 1664 575 1891 75 1541 407 595
4262641892 11 1373 1452 1984 1205 577 350 442 104 1799 957 1135
2070210597 48 889 24 1978 66 1711 1894 491 1122 987 533 1019 769 1984 356 1450 48 1306 1014 1566 302 1132 1953 309 1498 507 34 724 177 1051 1898 871 18 1811 1677 1317 927 1909 1981 803 1507 1713 1256 1860 41 882 314 560 1691
1686585701 36 699 766 506 1888 1797 1308 1656 34 741 1530 1553 231 73 221 843 1694 165 885 419 658 244 1974 693 1571 1901 446 983 746 1375 1065 1942 266 1302 296 1906 1625
1605379663 48 173 1555 1997 265 1255 1454 646 1197 1530 1657 1344 1253 605 1969 284 157 19 374 1205 367 487 1198 641 1996 1081 1987 1851 1335 1855 141 1351 254 896 327 377 373 1475 1615 750 43 575 1210 1702 994 987 755 1403 1393
768805379 10 1546 1414 1131 862 1827 485 621 521 285 564
3386757295 13 379 264 1359 682 1342 343 632 1548 1807 800 1084 1057 565
745135367 18 1972 133 687 1073 49 1104 1102 1551 733 588 656 1108 641 1404 562 661 1732 1244
793286763 15 1262 305 1234 1830 797 1863 11 951 1864 761 984 952 242 1665 917
233847811 29 1260 319 984 752 547 1851 918 223 1536 462 1515 337 905 1448 1730 477 1583 1157 684 378 128 392 1969 142 609 1222 1664 701 638
1832065747 44 45 403 59 350 1965 1922 1010 486 104 1437 1911 1260 375 621 1948 1348 576 703 325 1404 1862 159 488 395 236 1309 889 1953 286 1303 708 854 1551 1980 232 1782 1548 1075 968 1152 1180 1730 558 8
3510120922 30 432 533 235 115 613 185 239 896 1579 490 31 1831 1463 1819 1695 1631 1284 885 1082 523 607 831 545 84 493 1534 689 906 513 1274
1425321092 25 1912 223 1140 747 15 1773 929 1344 528 1533 1386 900 176 734 1264 871 19 11 1044 1373 1975 1882 1820 1576 1626
2748113495 26 1638 1634 1060 1810 776 1021 1885 1903 1204 1947 523 1319 1211 1424 1756 331 1576 1072 845 598 1623 893 1436 673 216 161
1477238723 47 812 15 1494 344 1655 1772 185 1743 1644 592 506 843 432 1633 557 589 618 1497 1618 1333 250 23 1154 1118 388 1765 1528 644 645 678 113 1073 1927 1258 232 652 1432 1400 1828 1733 1924 1625 764 383 1211 1282 324
1846534936 14 1301 1475 1611 262 932 607 1524 930 938 1586 1631 324 1931 131
1888449244 37 761 256 101 536 1627 179 211 769 1580 1397 1941 1195 1533 0 873 927 533 1746 689 1878 1337 645 129 1682 190 811 1019 1991 656 234 1929 1240 1885 611 1126 1234 1740
2626733284 47 345 595 1723 1106 507 1499 332 1650 932 1222 246 1884 1368 64 1099 386 167 1127 89 358 1107 735 514 952 364 1583 1592 1525 1406 1232 253 544 1066 549 1111 1377 1756 275 1087 1033 1678 1649 1699 526 1332 1413 707
4160783031 42 678 1905 1244 921 1508 232 449 501 1953 681 552 151 1996 527 1106 1110 1369 280 1255 1451 456 1701 1900 215 1979 136 1954 1767 1349 1372 260 664 1922 1453 429 999 1948 137 1884 1442 595 1931
4199668846 45 1484 204 131 1963 956 589 1300 1265 998 1839 184 814 1705 465 752 944 1253 554 351 1663 354 1959 1753 682 276 1872 1038 967 877 134 1975 1779 34 474 224 1244 1290 672 1399 870 1389 1531 8 896 1941
2798456817 50 1506 1201 1688 1522 1690 327 302 1327 1523 1984 1860 1411 452 614 476 370 42 1789 1028 400 1483 1196 547 148 1328 1488 1265 760 1468 633 1964 1364 556 1264 1351 1768 847 511 1888 961 267 1555 396 1323 1696 185 1649 47 1155 824
2488194282 41 440 1569 855 374 1928 1487 1151 1082 1880 741 452 99 1665 1478 722 730 1457 1674 941 729 756 1362 1982 1571 818 1352 957 283 1793 971 938 1253 181 824 1000 1403 241 1347 116 1252 1498
3461137031 29 420 1319 1718 1141 1042 752 1193 1479 1135 942 1800 1470 771 978 1492 1036 1264 109 705 1530 39 421 1850 667 401 1676 1685 1192 540
1408464765 20 370 27 1189 848 1017 1446 1885 1920 1222 1044 849 1078 793 1050 975 1510 235 763 414 1533
1533025419 46 258 1276 376 923 17 1880 1999 1821 1251 1399 1879 996 1056 575 178 372 259 938 95 311 1915 1369 904 1604 1690 920 181 803 135 1916 1450 47 1614 370 875 1968 618 927 1389 740 199 1427 1951 895 1355 1035
693545703 33 1993 1874 272 291 1142 1248 1718 215 349 39 143 1461 496 390 671 207 908 1406 232 366 1431 412 1109 1064 250 1752 1699 1964 310 1966 1244 319 1632
3477501888 13 327 1441 1471 255 108 741 1944 256 1728 1709 1257 389 799
923169058 28 1019 84 1336 905 1265 674 1266 468 1216 510 1239 213 909 1230 336 949 1137 1562 1093 399 228 1882 105 635 1875 373 1260 960
2718797774 19 1153 704 1281 705 408 1787 182 1690 227 513 676 1146 1161 1387 1102 1308 866 843 534
2299399712 32 937 320 1425 953 1687 24 252 1346 556 1237 503 1952 38 286 1640 1511 56 1195 1260 1344 402 1345 1969 745 1675 501 126 1694 1328 1820 1904 1184
3524623578 41 804 287 470 1501 1901 801 1606 1646 1273 1827 216 751 528 1269 1127 290 1549 250 1003 1818 1068 1779 337 1957 538 600 1488 562 369 1209 693 1307 1458 1643 1444 407 716 1695 1542 1375 925
3191288377 45 1313 1375 1862 680 404 1071 401 1825 565 1338 1655 882 324 204 1967 1216 46 1964 1339 1194 1676 1182 1073 59 1252 1398 684 344 1509 755 1983 322 94 1703 652 1112 793 1074 1799 1598 770 1192 797 146 1866
1515366764 16 1428 644 1942 279 739 1961 1620 1693 377 1988 1537 1865 315 1308 995 1280
2313892908 24 1511 1093 954 461 1504 1882 118 24 1935 1515 15 767 1957 1864 1688 946 628 568 845 20 1699 248 1288 911
1176535248 10 450 1671 909 1718 1020 1399 789 867 1821 179
3115766538 36 440 883 1728 193 752 246 124 1528 3 319 330 438 902 976 681 1468 235 664 517 710 1473 1910 546 643 1186 1003 1547 1210 194 1992 644 497 1062 1592 1065 1320
2596050465 23 1650 1158 1430 483 153 1733 324 568 154 533 1702 475 378 242 1054 1936 892 402 602 1866 510 862 760
449869925 27 3 70 1445 1245 1827 108 342 1286 400 292 1426 1274 1527 515 670 91 323 1927 1891 532 1693 531 631 857 1483 976 608
3254449973 20 1720 20 1767 810 1784 888 1944 677 144 540 1661 1206 714 1538 1708 1927 369 1756 1587 3
1657364134 33 954 89 1239 208 489 1863 671 1670 381 1947 77 1641 1484 1652 462 1936 242 1538 296 270 1142 1845 514 902 410 1270 12 1547 1185 839 1768 41 1303
3628946098 32 1153 1534 1341 297 1211 1011 511 648 960 1522 186 236 676 1235 458 1252 1030 1248 1231 1371 1652 1915 90 867 1922 330 1342 1019 791 1107 1796 655
2055683722 46 1119 18 222 1285 1387 1955 1886 1880 321 1468 401 964 1748 641 514 1669 678 1981 1323 1242 447 1421 482 512 143 1423 1075 159 954 1159 1750 587 608 170 825 1778 24 375 35 675 1287 1463 478 1943 1273 1167
1205973792 46 171 981 1825 1617 376 468 1401 27 1402 605 280 404 479 648 1693 383 449 1161 1514 999 530 831 930 191 1739 249 312 469 294 1835 76 317 21 396 338 1171 1503 963 1135 562 759 173 1988 1576 197 1950
3898550200 37 305 1333 992 1934 191 631 1279 903 1198 1495 1797 738 1882 856 1885 704 412 686 233 734 1421 1736 54 805 1880 1166 1209 135 1965 983 1264 779 1024 1793 1920 1546 536
874369403 46 71 1351 157 518 983 1642 1834 1521 1398 371 206 1413 1161 1089 1230 467 1512 51 876 1022 1186 227 868 485 1804 955 759 881 1992 1455 935 303 129 1660 669 1542 1368 327 1708 747 97 986 1795 1172 1671 1661
2437475448 44 952 907 1048 1949 855 868 1312 1521 801 268 1903 561 616 1161 968 1013 185 139 1795 1117 1646 1139 315 1592 867 1225 1074 519 1999 1045 1009 1024 662 159 849 1726 192 1587 1334 847 1419 1876 1103 1605
2010488861 24 80 181 1329 962 520 601 1185 1416 1892 1071 1318 1881 1470 773 741 580 490 121 46 1562 1410 586 1332 393
1526075964 50 372 4 1132 1964 928 389 1941 1308 1493 1197 371 1793 20 1307 1703 218 1340 1023 1680 579 837 1608 653 1844 753 437 237 1119 181 1331 375 936 1108 1071 846 505 457 1384 1279 1069 62 609 1868 517 1343 862 1871 1897 1325 626
2250524303 22 659 159 524 1981 311 179 1416 1116 1028 315 479 170 737 680 627 519 995 440 1386 1886 1169 1713
1171162805 31 461 650 707 1684 782 326 1458 507 1417 1151 1380 1945 1135 1587 1533 1056 347 110 1977 1437 304 656 1218 162 188 1549 475 1484 857 1486 389
1811780981 15 1340 586 373 269 1040 430 1671 1324 1080 486 1500 6 462 172 1566
599347990 41 1851 560 1952 871 737 1330 1087 1292 1227 989 1803 551 53 1361 1239 475 1528 686 727 1356 1377 523 1265 1966 1782 305 703 1852 1198 1320 984 247 988 1108 1220 584 364 548 386 1940 1579
2447499661 50 1141 491 772 345 869 435 1895 1535 1788 1691 1647 597 1065 722 201 1080 1328 1636 1039 59 1995 747 1097 1577 915 240 1378 581 1880 473 842 1553 702 274 1489 223 1210 1249 1551 69 1480 1770 870 731 208 1951 563 306 481 942
1519379566 17 1298 1279 1609 995 739 1115 664 1625 413 851 1536 479 886 665 292 1104 1785
1739980452 33 1060 148 1204 1820 685 1588 973 1796 1598 866 1248 1621 305 709 372 1431 1732 1769 1143 83 1616 628 1804 581 310 607 383 1285 1600 794 1377 1818 659
2035679192 14 79 1581 1397 379 1885 1642 529 350 454 887 1323 736 779 1172
3461541123 49 948 758 650 1947 1927 1912 629 1802 930 938 1945 1603 677 51 789 492 253 1542 1561 538 428 209 1732 1825 1813 903 1350 153 200 1257 458 1850 889 1130 1050 1782 1617 43 980 1547 655 962 872 165 1669 376 1079 534 1379
3413095590 42 497 1871 1759 466 1239 757 1022 1804 915 1122 752 1069 249 1867 1460 1719 1344 779 817 234 308 896 879 1176 1670 1529 193 1818 1356 1200 1550 1353 302 383 594 1812 1495 963 90 1616 864 1436
885522902 49 623 229 1644 566 1028 1926 1075 802 1692 650 1761 360 411 1621 205 27 1472 901 1669 1521 486 183 577 481 1477 1076 150 1970 600 1985 1222 1821 1363 1869 691 1747 288 308 1274 881 108 1029 513 1709 1938 1935 613 1107 1235
4264654111 49 165 923 1253 348 731 663 899 1251 1168 1281 659 775 838 334 916 307 822 135 534 965 1316 399 917 409 985 708 678 1492 125 946 1575 394 1757 370 725 1209 389 196 1966 880 487 1674 1608 1177 625 1425 1813 1264 1220
1456545539 42 684 1352 1496 115 1019 1448 1470 1054 1314 21 1568 445 732 548 1395 1541 711 236 898 704 1778 269 442 1999 416 507 478 1419 852 1421 570 1232 1605 251 866 197 124 62 1002 1884 1375 885
1977014528 13 1245 303 830 652 1650 731 630 11 1259 1093 782 907 1789
3690981085 50 964 1018 1091 108 925 318 380 1204 1455 1581 1172 1139 1477 222 463 1980 726 1530 1464 1760 819 983 864 291 643 1802 720 1428 644 226 689 1007 1016 908 978 1967 7 1261 1367 1094 1208 305 1064 1372 1276 1013 1949 81 1253 1318
1995590805 48 1168 1221 609 1250 1411 1714 1042 1078 1896 46 1257 1332 1369 1148 1971 1627 1756 1749 906 55 166 138 277 1732 215 1546 673 219 372 354 638 135 804 1863 1615 45 1326 646 767 1415 1034 631 375 779 1100 1606 99 1092
1799359072 31 1741 1527 1789 1806 1791 1116 1412 79 1387 1925 563 1762 44 802 318 1516 1379 923 1528 85 306 1185 156 714 1565 1377 113 1490 787 412 335
333712527 22 541 1666 1378 1964 1917 127 1386 1663 1552 391 775 1908 848 708 132 680 849 1637 1252 222 702 166
1277803707 34 1770 1012 543 1631 1672 575 944 388 1080 300 1476 1023 236 1335 1839 1066 511 1607 1098 1240 788 1572 128 874 1529 779 1134 584 960 1811 1608 555 625 685
3949599350 19 1069 1688 1557 941 219 890 108 1091 981 1524 1920 836 1809 1767 649 1676 1035 581 1250
3443278987 13 904 1550 1773 1026 883 1069 1844 1181 736 203 164 259 46
3706539014 38 169 1267 1855 1050 922 136 614 1787 1057 1069 603 1311 764 1277 1694 1476 1873 421 884 1857 1303 1355 1965 911 171 1216 1220 1909 1846 1425 1084 1322 745 422 79 637 690 1548
4249097089 37 99 947 1771 1705 899 1835 629 37 1097 178 130 1868 430 419 1981 1982 428 1146 536 371 8 236 679 606 38 1818 905 701 1795 348 1499 965 766 683 861 786 1860
1773536416 48 1936 1201 1306 1806 855 931 147 1723 1630 673 811 1712 853 951 1372 1788 995 1352 1155 270 1545 1612 1580 788 246 537 1854 517 389 1197 535 1078 1291 244 716 1750 1800 1631 1835 343 501 13 1797 1124 1404 1027 552 272
3278151370 15 1378 258 472 980 1417 485 1881 142 102 1291 730 698 1442 410 1620
2624097809 46 974 1390 496 1787 423 668 5 1896 1710 834 616 819 331 548 293 769 444 564 198 479 306 531 1676 1680 487 1887 1364 53 586 1599 1789 1497 38 649 687 344 1899 854 645 1204 1670 1420 132 1068 1303 628
225129352 44 790 949 1024 339 1788 1169 280 1895 1511 709 304 532 1886 394 1400 527 425 1578 1663 664 669 1013 159 1840 295 1307 50 1273 612 228 182 551 1404 1720 1098 1957 39 749 700 558 7 1933 1982 1605
1270228898 18 1098 1198 208 1343 1783 1168 1900 1977 963 597 496 1722 1065 1348 315 257 1846 1200
2680684256 30 773 1263 450 293 858 238 1894 1176 1934 1815 514 152 787 1457 1712 915 1986 159 155 1936 1728 1381 461 1978 1642 1383 276 1741 393 1687
3797769404 26 596 1064 1613 135 785 1951 1205 183 1963 675 861 1368 1061 1350 921 1490 497 1679 185 641 1534 719 66 175 388 1699
2319241278 26 1103 356 489 1149 1978 1909 360 1478 1780 1974 831 1820 1755 414 836 1500 1150 1649 393 1999 1429 553 348 1871 1495 1154
1766143565 34 937 676 612 874 37 713 900 1173 679 1272 1278 1376 1380 1556 1140 401 1233 286 1445 1059 1370 1969 72 1904 710 1178 1104 936 1292 471 84 868 1745 1668
390765007 30 1954 531 547 1165 231 977 1383 1730 1848 354 280 919 786 1159 1887 1099 1525 1355 369 1974 224 749 1448 226 1897 904 326 1597 1398 1428
1810383411 28 1039 1648 1029 727 984 273 568 184 19 207 1870 484 1570 1604 367 1306 1810 691 1390 1853 643 603 1897 1681 1437 1786 1641 609
2999336089 19 1393 366 393 1836 1021 828 1643 764 898 552 1803 510 1421 832 1922 1381 1940 1189 862
2821920843 27 1574 327 1076 774 247 496 402 119 1434 101 97 1961 1305 341 1513 59 1406 1776 1944 355 931 1258 401 1188 293 428 959
697473414 13 1181 26 1474 1907 998 969 1568 30 1730 1419 543 622 1578
1306773733 25 199 1197 571 1443 179 965 725 1465 735 681 1187 169 1361 104 223 112 341 1305 864 938 1362 1775 942 889 796
3023791210 29 1835 294 1296 1436 554 4 445 1828 450 1769 171 1834 964 1327 189 609 719 1822 1805 1021 249 277 1753 422 1956 250 788 1061 1716
1988665661 23 1127 1134 133 131 803 1339 1378 662 1836 1546 668 743 353 1069 150 319 1849 1308 771 478 27 750 259
2075325117 22 1787 940 218 1854 1035 1091 1295 196 200 998 445 923 521 1780 625 1161 328 1159 1137 834 661 1693
3219788970 50 228 442 980 253 3 1381 1717 856 1755 129 318 480 1372 1334 1550 452 1172 1699 1532 154 353 902 1052 201 666 1770 1436 1167 1073 28 738 166 76 373 1283 1210 48 1574 337 621 884 209 857 846 208 1440 1927 1666 1520 1865
654312192 37 606 1336 1564 405 394 806 919 1756 71 541 941 955 1746 925 1333 288 1624 39 1514 1312 390 1837 153 715 978 1159 646 1259 472 151 785 41 1913 1796 991 1703 662
4174803420 22 583 574 1608 962 219 1115 108 1432 1 992 679 1176 1194 753 1624 495 1664 1928 1475 763 13 1254
2233591332 25 202 189 173 1367 111 1470 1979 1876 726 1747 795 1815 784 442 1723 935 548 1456 958 663 1669 330 628 815 1856
471839828 33 1289 1789 601 1963 45 1178 1988 1118 1507 1689 1504 839 1998 1333 1999 934 928 170 214 568 1519 1660 904 1332 201 1860 643 522 1494 1191 484 602 1271
2877591139 16 165 1528 1143 1168 1304 1405 1082 1589 1339 1690 618 416 1141 383 978 404
621374653 40 1709 492 1431 1488 304 1814 131 392 62 1329 984 433 1040 1763 1631 1025 658 1191 1984 633 1302 242 630 25 38 40 1491 1998 251 1808 1073 914 146 720 1386 670 1252 342 256 1961
2647498485 22 1655 1994 1605 1390 52 791 868 495 1220 575 1942 439 1132 1753 1103 605 698 1490 418 1325 884 118
4231375566 23 1445 480 1950 1771 1822 997 1103 1361 913 341 336 904 204 1245 1459 1778 1130 630 1820 172 1194 504 952
2103078359 20 543 556 756 237 578 396 1754 606 1601 1881 1599 680 1028 1424 1775 390 1006 531 598 482
595048006 43 833 890 220 1889 1602 824 1085 1447 1551 268 1641 418 519 1402 670 1767 167 321 136 1541 1297 1762 1102 361 1879 612 1083 348 1914 1481 1731 1110 689 261 1181 278 205 567 1960 492 1068 995 289
717421490 47 1971 1426 154 295 1197 683 909 1618 1855 1255 1118 1753 523 1358 260 1995 1907 1922 727 1089 1280 1126 390 203 505 1721 62 628 1396 814 213 362 768 39 1415 835 669 795 543 1872 0 572 120 1235 1506 710 663
2024739969 33 1492 67 166 213 175 480 1858 8 219 503 954 592 947 1746 451 354 1007 1231 528 809 1022 1197 1069 1693 521 1460 1164 1087 578 93 1238 1867 571
1956610348 10 1913 1974 1049 701 128 1996 36 902 137 1216
4290767942 23 414 1436 689 839 887 736 563 1995 1667 336 757 64 571 1858 920 1402 288 1245 1669 18 724 1558 1970
1391853719 24 1545 1141 565 1491 1633 933 1537 1013 1231 1915 1807 1265 874 1867 1076 1238 966 34 709 384 735 1502 1118 1350
60482195 12 253 1006 407 1381 953 312 925 1279 31 950 1726 1721
571280764 11 199 42 289 1749 1964 1273 1625 1535 997 416 781
3886983200 26 1635 497 570 645 1236 487 1224 1895 5 424 1234 1981 1609 1697 1132 1337 559 1778 1703 1058 1232 1747 74 664 1689 1886
344019126 33 866 1923 1978 333 1861 117 712 1186 803 1163 337 770 41 1631 409 251 1471 1658 1881 1374 569 451 638 949 1344 357 105 635 311 1370 47 649 758
3096861567 38 6 337 1417 741 812 708 1955 719 1389 973 581 108 1765 101 399 1561 1128 1 446 70 604 1223 1679 792 306 784 1634 342 728 1559 1312 561 483 898 1097 805 1873 1895
2351813464 42 1696 650 535 431 1234 599 581 526 154 1757 860 1003 1898 1894 1546 1791 1736 1057 1828 938 762 669 1583 201 1026 478 392 716 1939 612 1948 1933 597 579 1413 1710 1437 852 1071 981 1868 935
3110741838 24 790 436 422 1290 960 85 481 236 1395 112 564 1367 661 644 409 1348 1299 1183 3 1951 1075 54 947 688
242406690 26 408 1784 1688 641 1566 122 884 667 1258 1846 1250 1882 737 1030 225 1755 1075 430 539 1302 1456 1606 169 1036 870 822
3161034015 13 782 770 1897 1816 1423 938 130 1563 332 380 1424 1030 1953
2307741170 11 1622 1029 436 1116 1910 1938 314 1030 809 855 454
2058178479 34 1031 387 662 1264 243 962 1722 1196 1220 941 422 1238 1603 771 526 441 1636 270 753 227 436 1150 306 1058 647 1137 1124 1265 1496 1981 626 1783 655 1867
3558375676 31 280 569 557 837 1296 1625 1257 1585 275 1166 1641 1368 36 1680 126 1595 1751 1322 376 320 1667 660 1743 732 530 803 1654 450 375 1758 1807
636863704 18 1439 685 1303 291 599 148 142 1903 442 648 745 1002 460 50 1005 1152 637 1382
2337435201 31 765 1711 1264 52 1924 787 162 1465 975 283 971 1110 441 1597 1547 1380 112 486 1998 1474 815 792 1425 81 1505 155 62 1577 327 658 316
2505312262 42 1174 1043 1370 1681 189 971 1577 1246 476 385 936 1918 581 561 1145 1100 264 698 1714 1721 96 718 241 637 1119 1008 1293 297 1705 989 401 1265 1082 1264 53 1139 400 1464 488 1260 1940 659
2037523800 19 972 1169 1995 884 1821 1551 1329 1868 882 1714 139 1152 1435 1860 135 1156 162 1910 1745
633331853 30 727 1118 472 1496 1052 1846 1272 1254 1144 1636 949 1800 1579 673 1698 879 1614 1998 640 1392 1565 187 557 602 835 978 833 1557 40 832
464782693 27 562 1360 1136 1895 1340 492 1456 1837 1651 7 1419 1775 218 1731 1400 1296 212 957 1983 702 1093 1537 146 773 1000 1736 1807
1113924361 44 373 1943 1328 410 1491 1415 1798 331 1628 586 734 402 980 159 1981 1566 10 172 1774 1355 1249 1438 540 1641 1840 1081 756 975 625 808 5 200 320 151 923 214 1572 1034 1794 974 1506 636 953 1665
1369807206 29 352 459 724 446 1653 635 1929 442 499 1334 1048 0 391 1296 708 1634 45 1480 535 1257 15 1836 967 1013 206 966 404 1866 676
1713402782 35 1595 353 779 1918 1820 1381 1162 1242 1956 119 1993 915 1815 1460 1585 485 954 300 640 1619 1383 212 1773 378 1965 1529 1574 100 1798 282 1342 199 1885 1091 1330
2538257948 19 1829 775 81 599 885 557 1641 1871 311 947 1531 955 1607 1958 1537 101 122 1514 876
2216017052 50 1067 572 1481 1155 942 779 363 644 112 1586 204 1860 98 248 1541 152 1094 1421 1818 1651 1485 1857 827 513 34 702 1754 286 1186 823 377 687 1088 1079 1050 1349 1464 1658 773 962 649 1544 1242 784 1452 1272 1141 1944 1488 533
247850031 35 1237 1461 1629 709 86 1132 247 1825 819 1004 40 515 141 478 1330 1826 198 1086 441 1070 942 873 1267 240 165 779 521 122 917 983 1682 434 734 391 848
1064655407 17 700 1949 1041 1746 1972 1824 1586 1097 1550 1075 1300 112 982 1506 89 979 1799
2392469117 10 1953 1295 1723 400 1431 466 1785 1767 940 1134
320050425 39 413 1626 1210 1438 1423 632 1825 4 1306 1871 1603 1025 1850 187 1859 1971 975 409 251 838 754 323 1517 867 1815 1175 1065 1245 1116 1138 1415 1148 1832 1645 1277 1197 1712 1604 215
2231401589 10 526 1215 1588 1817 801 1241 69 1634 1331 742
2370172178 29 1954 1592 1691 1725 336 1016 646 1133 1746 1184 1912 1857 782 1404 497 110 575 1426 1765 1491 997 1195 472 676 1077 831 788 951 945
3318409339 39 663 1096 1355 1980 269 1242 1636 1414 360 1705 1203 137 944 220 1551 776 1536 1326 627 1199 223 594 804 186 1367 0 1075 171 842 647 340 1327 704 600 662 1959 434 380 495
2669480478 46 211 490 989 342 818 1004 1805 1033 417 38 503 253 1292 1692 1900 1248 792 1641 265 152 332 285 1521 1652 634 1545 1807 290 947 1220 1098 1002 362 1406 1889 799 206 1225 1152 23 1756 1026 429 1693 1612 866
3670371547 47 121 749 225 1854 390 1960 751 1390 508 1577 1542 388 129 1295 1484 1449 1011 724 867 1316 1188 930 1044 468 665 431 106 119 1726 234 1855 1547 1395 68 862 1494 518 1274 1816 371 1392 1737 857 898 882 58 383
2325566246 16 938 442 661 289 1868 9 316 472 1304 1149 315 812 500 391 1686 1006
4043575060 50 1427 519 29 1843 1068 1461 880 910 835 1962 1797 120 251 1736 1156 745 210 1345 7 1537 1243 527 707 1524 1610 480 174 1634 1625 798 1940 1194 802 607 1370 788 977 359 517 1218 1781 1510 1823 99 1577 666 1028 1111 72 521
3389176230 24 957 204 247 362 1068 1995 277 414 1497 103 1362 1702 1606 1540 789 968 1301 1292 313 918 734 854 1700 98
2016901612 49 680 1157 39 575 408 1842 794 1185 86 1350 401 227 1572 1044 244 468 1939 1034 1479 460 1118 426 1285 1852 1329 362 846 1437 475 286 1321 1529 1621 1191 1825 1520 651 186 297 643 41 933 1576 1675 871 842 1041 1560 1060
1800257382 27 1813 45 1313 825 808 1370 735 1190 53 1264 637 511 273 1559 509 359 566 622 272 185 1197 7 572 482 278 1785 892
2777168291 21 1551 1008 1698 139 521 1500 582 1318 1841 1526 1665 852 478 1271 1144 1508 1062 350 741 954 186
3761506279 13 210 281 692 1625 288 89 1803 873 1320 126 1105 1143 1983
1630832440 50 570 552 1799 1045 436 1987 192 1377 102 1394 760 1477 284 565 1105 1407 1771 814 557 111 1836 1944 487 458 700 1527 1129 784 264 1821 1589 390 1704 1139 947 1202 1193 1310 30 252 1901 1655 915 1638 1857 61 1555 1567 641 1092
2583831490 42 1360 181 17 1799 1918 928 693 1302 987 777 129 872 1895 897 1759 1768 1483 332 503 812 1431 728 1905 658 105 1391 1193 1186 1980 1652 299 630 515 1720 1586 9 908 38 1071 1320 1086 1241
3466281805 36 1861 1706 1864 572 1807 662 533 1643 1070 592 1837 1291 272 488 118 323 551 352 743 931 173 1577 997 555 1583 1857 949 1054 1947 257 1750 97 269 680 25 91
3801818636 16 67 1520 1268 888 135 1753 1409 730 727 463 604 1825 1145 884 478 1340
2603040569 33 1259 1086 1790 23 130 556 150 1330 672 385 1344 1954 800 1917 1974 1391 1826 524 1128 1241 909 297 295 620 1281 363 1478 1495 1537 1071 600 1596 68
2106333752 31 1356 977 1757 353 429 67 1912 795 1666 1601 1314 450 1397 1904 1973 1487 1230 377 722 1097 1989 1394 793 1950 999 1702 1868 1271 1589 565 1559
1957936075 36 465 1015 1141 1839 1804 245 1481 819 1905 765 801 915 43 434 227 1439 929 652 1159 395 1285 932 193 775 91 141 451 969 1898 1597 1618 1788 233 1446 1406 1059
2665156683 50 1887 1372 655 253 1292 1095 1430 1379 94 711 1414 1523 1890 1490 983 735 1439 1491 1974 731 1508 1147 348 570 534 578 919 1322 13 187 168 1392 1168 1815 1922 1387 1906 1578 360 793 771 1747 224 1781 1681 1980 1112 750 1832 1876
788885609 34 871 1576 940 1249 195 1608 1703 735 121 172 151 1964 817 43 479 1271 252 34 1932 1241 1087 191 362 317 227 342 527 1222 866 1675 1089 1999 218 799
3038486235 23 694 1781 1795 1599 1616 254 1447 438 8 620 1612 1279 1862 987 57 1077 1354 233 1915 1 1328 1175 667
2518744591 21 39 1066 1509 1459 722 497 1280 1431 1017 1962 1116 1772 328 1456 416 1394 1827 1225 116 909 468
3066869455 43 1784 1944 773 1623 1576 1223 1061 1189 1558 455 817 1629 1442 631 1761 1794 1082 68 1565 783 1021 524 688 559 465 1817 1980 1366 602 1918 1201 1953 987 965 171 733 1767 930 1798 685 662 1198 172
1514810651 24 1576 856 761 1301 724 1939 1835 1340 1614 1826 1886 1038 1692 350 1083 1902 1777 1963 475 449 1554 574 1582 430
3878608329 21 596 810 1789 775 363 1295 1258 88 297 1898 1595 154 126 1471 944 1504 566 1014 997 1621 589
4251065647 43 1978 1124 1130 1674 522 700 1367 1348 1905 1491 668 1694 1593 86 396 1326 1434 1429 962 234 1798 1900 1471 1612 1241 236 281 823 202 464 1098 1251 725 1607 1466 217 550 676 1392 874 1540 397 1065
2875414668 18 271 1893 1426 160 38 1537 571 1201 1161 1560 156 1021 866 1430 974 638 885 839
1050621947 32 863 1666 1970 1518 307 1570 308 399 1212 106 71 1486 605 472 313 1797 552 986 720 1875 18 1813 92 1078 1089 416 1715 1465 1029 981 568 1864
1922581727 10 993 1670 168 574 1564 172 1195 38 1514 400
844568566 16 1920 820 139 1014 698 1390 908 502 1454 1555 1243 33 609 1764 1296 1623
2145043716 48 194 519 937 822 1520 1093 948 551 119 1356 1762 1673 1654 989 1787 1853 228 1777 1904 867 353 1600 845 1583 1088 1479 1313 842 1780 1702 16 428 801 1195 591 1493 622 1557 1922 971 1544 1447 109 697 768 1952 1508 500
368728890 35 633 982 739 1585 1626 1903 1462 1791 535 387 1425 1885 756 1153 776 1922 1845 5 1056 1710 613 1165 1164 1709 1595 687 341 476 1819 679 248 846 1064 1180 93
2955684106 48 1085 610 1587 1483 1737 1495 972 425 1297 497 1248 715 433 1188 34 1560 1532 387 1565 1548 1144 1237 52 858 1590 1355 894 1066 77 1157 1535 670 1339 655 998 1473 1954 1319 1888 1644 434 879 1750 501 181 1617 624 1592
3470531100 34 1755 1004 1196 1829 1873 994 464 1918 876 1854 187 1510 1775 612 1862 1129 1350 1228 1840 225 788 777 1230 767 1305 1707 502 1711 1713 615 567 935 480 826
1448514144 28 1183 220 377 386 1003 828 1240 525 920 1498 943 1981 264 1849 507 778 230 497 1505 790 807 713 1082 1551 117 1928 330 1413
3728924309 39 1216 1972 206 32 1034 1205 215 1722 1964 1712 1876 1024 337 623 1629 693 40 1554 1760 1211 1009 1368 366 638 1520 295 930 767 191 522 1880 1564 1122 1437 982 1050 561 738 849
4140046567 50 296 1838 950 483 789 16 822 1704 1328 984 727 909 1001 1607 322 959 189 1275 683 1741 98 648 1505 71 1601 1609 1833 290 412 1654 678 269 1101 792 1210 546 1644 19 848 1687 1951 145 834 201 63 711 466 337 1925 884
1619294273 33 165 1636 612 1055 1470 532 553 1316 1186 1912 1043 1789 558 342 45 86 1080 1302 708 544 1440 1272 55 1644 506 503 1530 1121 3 1119 1334 1354 1414
471953701 44 847 1878 507 1546 1584 842 1735 572 568 165 405 1281 949 686 1272 1771 1979 1196 1725 128 1332 1678 1072 295 360 723 1378 129 1605 537 60 1280 1162 320 348 1730 176 1257 1897 1216 192 1169 233 1083
2923439186 12 1522 861 557 1452 988 1688 307 756 1873 1305 678 463
927185141 36 895 896 783 1924 162 248 53 1408 658 669 384 1325 298 1689 128 1300 552 517 1237 1393 1410 1107 1784 622 1562 1376 1651 1358 40 1969 352 1148 478 1041 1509 1390
4060347192 25 1288 1852 774 43 44 1983 1870 1542 537 707 1110 1596 210 1743 473 1326 793 478 546 944 885 259 1580 502 896
2893215906 28 1021 152 1729 1528 1133 1908 1007 379 1881 467 35 707 216 896 1466 951 1754 1726 700 1401 1821 62 127 449 983 813 819 656
2191578111 14 1625 1524 90 1325 1683 1438 1823 791 1534 1249 749 762 1014 1750
3572300845 38 1297 1896 1143 1663 435 70 1494 1427 1472 545 1302 1848 772 724 399 490 1537 768 700 1573 350 1428 991 891 639 278 1233 643 516 609 1636 1726 95 1714 602 870 1470 1135
2838640925 43 1026 1555 421 113 1674 1574 1902 143 177 868 842 835 1673 1107 1023 1498 1283 634 1542 337 1259 1896 797 33 975 1695 463 1104 1813 1213 212 1885 982 792 1640 1336 1102 570 588 136 593 1024 1642
304966214 22 967 594 1042 72 1489 468 1609 1309 305 1349 1575 1074 1955 907 1544 1810 1844 1492 968 1715 1634 651
384044378 11 308 580 332 41 202 1181 1700 1965 1186 659 887
2740199941 12 407 820 297 939 848 254 1558 860 843 1575 1026 627
3919698826 32 1485 689 767 748 1148 478 1777 994 648 1901 928 351 1635 567 1071 1795 372 1042 285 984 201 26 610 1518 268 380 1330 394 354 1467 340 1073
3097902356 12 1260 514 179 176 662 682 947 1011 647 446 75 152
3141210525 18 991 1677 117 311 132 1103 766 628 739 1233 23 252 883 94 1481 915 1191 1566
3172306838 22 1007 1261 557 1342 1396 521 544 1063 1246 1841 851 192 1084 257 1228 1865 218 1363 944 896 536 1958
1334551913 45 1088 1815 338 1943 174 1850 1069 771 1596 1592 1322 343 0 408 1631 837 1245 1248 1084 1171 818 1348 693 68 442 322 476 1225 1891 1422 1201 262 445 510 536 1611 742 1288 902 1040 1336 1510 182 1697 1317
2506053428 35 377 694 40 1137 619 1837 1718 1343 1639 1080 880 427 551 602 878 734 112 1804 651 1580 88 1085 465 807 100 280 1831 1419 1299 1272 421 405 64 286 945
1746173156 42 591 1113 534 645 698 862 1041 1437 249 1143 215 1118 693 328 1977 937 1216 149 1491 1621 1861 131 765 314 672 553 821 1864 1475 1808 1228 112 100 695 1379 1424 1347 566 744 1353 1840 978
1152396535 41 1408 1270 533 338 359 425 1346 942 889 1091 1561 1730 1574 871 1926 368 1320 1459 1078 447 1431 717 1277 1296 651 1090 618 872 1258 681 73 776 1269 1594 72 1596 654 1885 802 764 1319
3216104346 22 1371 1502 1119 195 433 1522 1316 1149 20 512 1758 688 1136 1682 1789 1985 901 1238 824 211 664 1355
602821212 48 679 1106 1778 1604 1516 1614 1258 625 375 90 796 81 993 454 661 1255 745 1807 522 887 1610 1238 95 568 1375 642 1085 1588 1123 1755 786 1890 861 1014 1692 719 1958 961 1247 1847 1830 941 373 880 1867 259 744 674
4209604439 34 178 1395 1200 1641 51 516 688 1070 364 1385 749 1287 1091 44 220 755 285 1151 1495 932 673 1419 1595 393 567 572 13 151 1128 238 619 1004 277 1100
3478425477 46 1974 1030 155 739 497 1810 622 1496 1175 700 164 1378 130 48 1722 263 1082 483 552 1238 1631 1273 1094 1694 361 237 1609 1497 2 394 332 393 901 1192 200 1749 460 286 887 427 1036 984 891 246 1859 1114